player_id,name,pos,team,season,games,gp14,att_pg,car_pg,tgt_pg,tgt_share,ay_share,wopr,att,cmp_pct,ypa,pass_td_rate,int_rate,sack_rate,epa_db,cpoe,pacr,pass_fd_rate,pass_expl_rate,car,ypc,rush_td_rate,epa_car,rush_fd_rate,rush_expl_rate,tgt,rec,catch_rate,ypt,ypr,adot,racr,yac_rec,epa_tgt,rec_td_rate,rec_fd_rate,rec_expl_rate,fum_lost,wk_act,wk_res,wk_ina,wk_hurt,wk_bench,fp_ppr,fp_exp,fp_act,fp_diff,fp_exp_pg,exp_share,pass_fp_exp,rush_fp_exp,rec_fp_exp,td_exp,td_act,td_diff
00-0034857,Josh Allen,QB,BUF,2021,17,13,38.0,7.18,0.0,0.0,0.0,0.0,646,0.6331,6.82,0.0557,0.0232,0.0387,0.119,2.055,0.832,0.3622,0.0789,122,6.25,0.0492,0.4561,0.4426,0.2295,0,0,,,,,,,,,,,2,17,0,0,0,0,402.6,462.7,404.6,-58.2,27.22,0.2996,355.4,106.1,1.3,53.13,42.0,-11.13
00-0036355,Justin Herbert,QB,LAC,2021,17,13,39.53,3.71,0.0,0.0,0.0,0.0,672,0.6592,7.46,0.0565,0.0223,0.0441,0.1729,-0.561,0.991,0.381,0.0789,63,4.79,0.0476,0.1771,0.4444,0.1905,0,0,,,,,,,,,,,0,17,0,0,0,0,380.8,397.2,382.8,-14.5,23.37,0.2633,344.3,51.7,1.2,45.01,41.0,-4.01
00-0019596,Tom Brady,QB,TB,2021,17,13,42.29,1.65,0.0,0.0,0.0,0.0,719,0.6745,7.39,0.0598,0.0167,0.0297,0.1954,1.765,0.916,0.3741,0.1043,28,2.89,0.0714,0.1375,0.5,0.1429,0,0,,,,,,,,,,,1,17,0,0,0,0,374.7,412.4,378.7,-33.7,24.26,0.2512,393.3,19.1,0.0,48.38,45.0,-3.38
00-0033873,Patrick Mahomes,QB,KC,2021,17,13,38.71,3.88,0.0,0.0,0.0,0.0,658,0.6626,7.35,0.0562,0.0198,0.0408,0.2023,2.591,1.002,0.3951,0.0881,66,5.77,0.0303,0.2171,0.3788,0.2727,0,0,,,,,,,,,,,2,17,0,0,0,0,361.7,389.8,363.3,-26.5,22.93,0.2518,341.9,47.9,0.0,41.91,39.0,-2.91
00-0023459,Aaron Rodgers,QB,GB,2021,16,12,33.19,2.06,0.06,0.002,-0.0007,0.0025,531,0.6893,7.75,0.0697,0.0075,0.0535,0.2296,5.782,1.008,0.4011,0.1036,33,3.06,0.0909,0.1767,0.303,0.0909,1,1,1.0,-4.0,-4.0,-4.0,1.0,0.0,-1.2434,0.0,0.0,0.0,0,16,1,0,1,0,333.3,319.2,333.3,14.1,19.95,0.2461,291.6,25.6,2.0,42.34,40.0,-2.34
00-0026498,Matthew Stafford,QB,LA,2021,17,13,35.35,1.88,0.0,0.0,0.0,0.0,601,0.6722,8.13,0.0682,0.0283,0.0475,0.1864,-0.099,0.959,0.3877,0.1082,32,1.34,0.0,-0.0594,0.25,0.0312,0,0,,,,,,,,,,,0,17,0,0,0,0,329.7,356.9,333.7,-23.2,21.0,0.2504,341.6,15.4,0.0,44.05,41.0,-3.05
00-0033077,Dak Prescott,QB,DAL,2021,16,12,37.25,3.0,0.0,0.0,0.0,0.0,596,0.6879,7.46,0.0621,0.0168,0.0479,0.1731,2.391,0.961,0.3809,0.0923,48,3.04,0.0208,-0.4866,0.1458,0.125,0,0,,,,,,,,,,,3,16,0,1,1,0,320.6,356.1,324.5,-31.6,22.25,0.2514,318.4,37.7,0.0,40.69,38.0,-2.69
00-0036442,Joe Burrow,QB,CIN,2021,16,13,32.5,2.5,0.0,0.0,0.0,0.0,520,0.7038,8.87,0.0654,0.0269,0.0893,0.1745,6.593,1.091,0.3885,0.1154,40,2.95,0.05,0.0868,0.35,0.025,0,0,,,,,,,,,,,0,16,0,1,1,0,314.2,267.1,318.2,51.2,16.69,0.2299,234.0,33.0,0.0,27.66,36.0,8.34
00-0036389,Jalen Hurts,QB,PHI,2021,15,12,28.8,9.27,0.07,0.0028,0.0006,0.0046,432,0.6134,7.28,0.037,0.0208,0.0568,0.0414,0.106,0.81,0.331,0.1019,139,5.64,0.0719,0.292,0.4029,0.2086,1,0,0.0,0.0,,3.0,0.0,,-2.8043,0.0,0.0,0.0,1,15,0,2,2,0,312.2,340.4,314.2,-26.2,22.69,0.3031,203.1,133.8,3.5,33.68,26.0,-7.68
00-0035228,Kyler Murray,QB,ARI,2021,14,10,34.36,6.29,0.0,0.0,0.0,0.0,481,0.6923,7.87,0.0499,0.0208,0.0605,0.1259,4.248,0.991,0.3576,0.1019,88,4.81,0.0568,0.0528,0.2841,0.1591,0,0,,,,,,,,,,,0,14,0,3,3,0,300.5,324.8,299.5,-25.3,23.2,0.2692,253.0,71.8,0.0,34.94,29.0,-5.94
00-0029604,Kirk Cousins,QB,MIN,2021,16,13,35.06,1.81,0.0,0.0,0.0,0.0,561,0.6631,7.52,0.0588,0.0125,0.0475,0.1168,1.405,0.923,0.3422,0.107,29,3.97,0.0345,-0.1545,0.2759,0.1379,0,0,,,,,,,,,,,0,16,1,0,1,0,300.3,292.0,304.3,12.4,18.25,0.2274,275.6,16.4,0.0,30.57,34.0,3.43
00-0029701,Ryan Tannehill,QB,TEN,2021,17,13,31.24,3.24,0.0,0.0,0.0,0.0,531,0.6723,7.03,0.0395,0.0264,0.0813,0.0444,2.376,0.944,0.3616,0.0659,55,4.91,0.1273,0.6234,0.6,0.2,0,0,,,,,,,,,,,1,17,0,0,0,0,268.4,304.8,274.4,-30.5,17.93,0.2365,255.8,49.0,0.0,34.31,28.0,-6.31
00-0032950,Carson Wentz,QB,IND,2021,17,13,30.35,3.35,0.0,0.0,0.0,0.0,516,0.624,6.91,0.0523,0.0136,0.0584,0.0238,-2.15,0.905,0.3198,0.0814,57,3.77,0.0175,0.1379,0.3684,0.1404,0,0,,,,,,,,,,,1,17,0,0,0,0,258.0,283.5,266.0,-17.5,16.68,0.2282,247.2,36.2,0.0,30.63,28.0,-2.63
00-0031280,Derek Carr,QB,LV,2021,17,13,36.82,2.35,0.0,0.0,0.0,0.0,626,0.6837,7.67,0.0367,0.0224,0.0601,0.0562,2.117,0.945,0.3466,0.107,40,2.7,0.0,-0.1032,0.225,0.05,0,0,,,,,,,,,,,0,17,0,0,0,0,257.0,309.3,267.0,-42.3,18.19,0.2303,285.5,23.8,0.0,30.67,23.0,-7.67
00-0029263,Russell Wilson,QB,SEA,2021,14,10,28.57,3.07,0.0,0.0,0.0,0.0,400,0.6475,7.78,0.0625,0.015,0.0762,0.0384,3.259,0.787,0.3375,0.1125,43,4.26,0.0465,-0.0565,0.3953,0.2093,0,0,,,,,,,,,,,0,14,3,0,3,0,242.8,219.5,244.8,25.3,15.68,0.2366,192.5,27.0,0.0,22.64,27.0,4.36
00-0034796,Lamar Jackson,QB,BAL,2021,12,12,31.83,11.08,0.0,0.0,0.0,0.0,382,0.644,7.54,0.0419,0.034,0.0905,0.0439,0.667,0.816,0.3534,0.1073,133,5.77,0.015,0.1167,0.3609,0.1805,0,0,,,,,,,,,,,2,12,0,5,5,0,240.0,299.2,242.0,-57.2,24.93,0.2951,189.8,109.3,0.0,25.39,18.0,-7.39
00-0031345,Jimmy Garoppolo,QB,SF,2021,15,12,29.4,2.53,0.0,0.0,0.0,0.0,441,0.6825,8.64,0.0454,0.0272,0.0617,0.1983,2.713,1.152,0.39,0.1224,38,1.34,0.0789,0.087,0.3947,0.0,0,0,,,,,,,,,,,1,15,0,2,2,0,227.5,219.1,230.8,11.7,14.61,0.2041,201.6,17.5,0.0,22.12,23.0,0.88
00-0036972,Mac Jones,QB,NE,2021,17,13,30.65,2.59,0.0,0.0,0.0,0.0,521,0.6756,7.3,0.0422,0.025,0.051,0.0963,2.411,0.914,0.3397,0.0998,44,2.93,0.0,-0.0047,0.5,0.1136,0,0,,,,,,,,,,,1,17,0,0,0,0,224.9,251.1,228.9,-22.2,14.77,0.205,233.0,18.1,0.0,24.85,22.0,-2.85
00-0026143,Matt Ryan,QB,ATL,2021,17,13,32.94,2.35,0.0,0.0,0.0,0.0,560,0.6696,7.09,0.0357,0.0214,0.0667,0.0106,1.737,0.992,0.3482,0.0786,40,2.05,0.025,-0.4462,0.225,0.025,0,0,,,,,,,,,,,1,17,0,0,0,0,222.9,263.2,229.0,-34.2,15.48,0.2239,236.2,27.0,0.0,26.59,21.0,-5.59
00-0031800,Taylor Heinicke,QB,WAS,2021,16,13,30.88,3.75,0.06,0.0026,-0.0015,0.0028,494,0.6498,6.92,0.0405,0.0304,0.0714,-0.0552,0.343,0.905,0.3381,0.081,60,5.22,0.0167,0.0733,0.3333,0.2,1,1,1.0,-2.0,-2.0,-4.0,0.5,2.0,-1.0956,0.0,0.0,0.0,0,16,1,0,1,0,222.9,262.7,226.9,-35.9,16.42,0.2288,205.9,55.5,1.3,25.19,21.0,-4.19
00-0022924,Ben Roethlisberger,QB,PIT,2021,16,12,37.81,1.25,0.0,0.0,0.0,0.0,605,0.6446,6.18,0.0364,0.0165,0.0591,-0.0705,-2.305,0.919,0.3107,0.0645,20,0.25,0.05,-0.099,0.15,0.0,0,0,,,,,,,,,,,0,16,1,0,1,0,218.1,259.2,227.6,-31.6,16.2,0.2131,249.0,10.2,0.0,28.55,23.0,-5.55
00-0031237,Teddy Bridgewater,QB,DEN,2021,14,13,30.43,2.14,0.0,0.0,0.0,0.0,426,0.669,7.16,0.0423,0.0164,0.0678,0.125,3.78,0.891,0.3427,0.0775,30,3.53,0.0667,0.0549,0.5333,0.1333,0,0,,,,,,,,,,,1,14,1,2,3,0,202.7,203.2,202.7,-0.5,14.52,0.1987,181.6,21.7,0.0,19.53,20.0,0.47
00-0036971,Trevor Lawrence,QB,JAX,2021,17,13,35.41,4.29,0.0,0.0,0.0,0.0,602,0.5963,6.05,0.0199,0.0282,0.0505,-0.0958,-4.627,0.768,0.294,0.0714,73,4.58,0.0274,0.155,0.3014,0.1644,0,0,,,,,,,,,,,0,17,0,0,0,0,199.0,296.5,209.0,-87.5,17.44,0.2419,237.0,59.5,0.0,25.19,14.0,-11.19
00-0033106,Jared Goff,QB,DET,2021,14,12,35.29,1.21,0.0,0.0,0.0,0.0,494,0.6721,6.57,0.0385,0.0162,0.0662,-0.0483,0.496,1.031,0.3279,0.0789,17,5.12,0.0,-0.8184,0.2353,0.2353,0,0,,,,,,,,,,,2,14,1,2,3,0,194.5,208.0,202.1,-5.9,14.86,0.2087,191.5,16.5,0.0,18.91,19.0,0.09
00-0036212,Tua Tagovailoa,QB,MIA,2021,13,9,29.85,3.23,0.0,0.0,0.0,0.0,388,0.6778,6.84,0.0412,0.0258,0.049,0.0514,1.691,0.97,0.3531,0.0773,42,3.05,0.0714,-0.1207,0.3095,0.0476,0,0,,,,,,,,,,,0,14,3,0,3,1,180.9,198.8,178.9,-19.9,15.29,0.2032,168.1,30.7,0.0,20.78,19.0,-1.78
00-0034855,Baker Mayfield,QB,CLE,2021,14,12,29.86,2.64,0.0,0.0,0.0,0.0,418,0.6053,7.2,0.0407,0.0311,0.0933,-0.0117,-2.738,0.823,0.3421,0.1005,37,3.62,0.027,0.1652,0.3243,0.1081,0,0,,,,,,,,,,,0,14,2,1,3,0,180.9,218.4,185.3,-33.1,15.6,0.2182,193.6,24.9,0.0,19.75,18.0,-1.75
00-0035710,Daniel Jones,QB,NYG,2021,11,11,32.82,5.64,0.09,0.0028,0.0052,0.0078,361,0.6427,6.73,0.0277,0.0194,0.0574,-0.0298,-0.748,0.92,0.3213,0.0665,62,4.81,0.0323,0.123,0.2581,0.129,1,1,1.0,16.0,16.0,13.0,1.231,3.0,0.9809,0.0,1.0,1.0,1,11,3,3,6,0,167.5,193.7,171.5,-22.1,17.61,0.237,146.8,45.2,1.7,16.33,12.0,-4.33
00-0034869,Sam Darnold,QB,CAR,2021,12,9,33.83,4.0,0.0,0.0,0.0,0.0,406,0.5985,6.22,0.0222,0.032,0.0794,-0.174,-4.967,0.862,0.303,0.0739,48,4.62,0.1042,0.0808,0.4375,0.1667,0,0,,,,,,,,,,,2,12,5,0,5,0,157.3,203.4,161.3,-42.2,16.95,0.2226,165.0,38.5,0.0,18.82,14.0,-4.82
00-0036898,Davis Mills,QB,HOU,2021,13,9,30.31,1.38,0.0,0.0,0.0,0.0,394,0.6675,6.76,0.0406,0.0254,0.0729,-0.1051,-0.212,0.929,0.2995,0.0787,18,2.44,0.0,-0.4049,0.2778,0.0556,0,0,,,,,,,,,,,0,17,0,0,0,4,157.0,150.1,159.0,8.9,11.55,0.1849,138.8,11.3,0.0,11.84,16.0,4.16
00-0037013,Zach Wilson,QB,NYJ,2021,13,9,29.46,2.23,0.08,0.0035,0.0046,0.0084,383,0.5561,6.09,0.0235,0.0287,0.103,-0.2238,-9.659,0.809,0.2924,0.0836,29,6.38,0.1379,0.2625,0.3448,0.2414,1,0,0.0,0.0,,8.0,0.0,,-0.7409,0.0,0.0,0.0,0,13,0,4,4,0,151.9,185.2,153.0,-32.3,14.25,0.2126,144.7,38.2,2.4,17.25,13.0,-4.25
00-0036945,Justin Fields,QB,CHI,2021,12,11,22.5,6.0,0.0,0.0,0.0,0.0,270,0.5889,6.93,0.0259,0.037,0.1176,-0.2122,-1.908,0.707,0.3074,0.1037,72,5.83,0.0278,0.0934,0.3056,0.1944,0,0,,,,,,,,,,,1,12,1,4,5,0,126.8,162.1,134.8,-27.3,13.51,0.2144,105.7,56.4,0.0,12.82,9.0,-3.82
00-0031503,Jameis Winston,QB,NO,2021,7,7,23.0,4.57,0.0,0.0,0.0,0.0,161,0.5901,7.27,0.087,0.0186,0.064,0.1268,-3.149,0.873,0.3478,0.0683,32,5.19,0.0312,0.5275,0.5312,0.2812,0,0,,,,,,,,,,,0,7,10,0,10,0,117.4,88.0,119.4,31.4,12.57,0.1837,72.8,15.2,0.0,8.39,15.0,6.61
00-0032156,Trevor Siemian,QB,NO,2021,6,5,31.33,1.5,0.0,0.0,0.0,0.0,188,0.5745,6.14,0.0585,0.016,0.0457,-0.0533,-4.711,0.868,0.3245,0.0798,9,2.22,0.1111,-0.4191,0.2222,0.1111,0,0,,,,,,,,,,,0,16,1,0,1,10,90.2,99.2,92.2,-7.0,16.53,0.2066,96.0,3.2,0.0,12.87,12.0,-0.87
00-0027939,Cam Newton,QB,CAR,2021,7,4,18.0,6.71,0.0,0.0,0.0,0.0,126,0.5476,5.43,0.0317,0.0397,0.0735,-0.2921,-12.687,0.779,0.254,0.0397,47,4.89,0.1064,0.0375,0.4255,0.1702,0,0,,,,,,,,,,,1,8,0,0,0,1,86.4,80.3,86.4,6.1,11.47,0.174,40.8,39.5,0.0,5.7,9.0,3.3
00-0027973,Andy Dalton,QB,CHI,2021,8,6,29.5,2.0,0.0,0.0,0.0,0.0,236,0.6314,6.42,0.0339,0.0381,0.0709,-0.1183,-4.131,0.922,0.3517,0.0466,16,4.75,0.0,-0.0476,0.125,0.125,0,0,,,,,,,,,,,0,12,1,4,5,4,84.2,111.6,86.2,-25.4,13.95,0.1828,94.9,16.7,0.0,9.96,8.0,-1.96
00-0035993,Tyler Huntley,QB,BAL,2021,7,4,26.86,6.71,0.0,0.0,0.0,0.0,188,0.6489,5.75,0.016,0.0213,0.0874,-0.149,-0.899,0.768,0.2926,0.0585,47,6.26,0.0426,0.3345,0.4681,0.2766,0,0,,,,,,,,,,,1,16,1,0,1,9,82.6,106.7,86.6,-20.1,15.24,0.1934,71.4,35.3,0.0,8.12,5.0,-3.12
00-0028118,Tyrod Taylor,QB,HOU,2021,6,6,25.0,3.17,0.0,0.0,0.0,0.0,150,0.6067,6.44,0.0333,0.0333,0.0798,-0.0913,-3.62,0.873,0.2933,0.0867,19,7.95,0.1579,0.7168,0.3684,0.2105,0,0,,,,,,,,,,,0,11,6,0,6,5,81.7,83.2,81.7,-1.5,13.87,0.2036,66.5,16.7,0.0,9.03,8.0,-1.03
00-0033119,Jacoby Brissett,QB,MIA,2021,9,8,25.0,2.11,0.0,0.0,0.0,0.0,225,0.6267,5.7,0.0222,0.0178,0.0779,-0.0937,-2.246,0.753,0.3067,0.0667,19,3.68,0.0526,0.1601,0.4737,0.1053,0,0,,,,,,,,,,,0,17,0,0,0,8,72.3,110.9,78.3,-32.6,12.32,0.1551,91.8,19.1,0.0,10.69,6.0,-4.69
00-0037012,Trey Lance,QB,SF,2021,6,5,11.83,6.33,0.0,0.0,0.0,0.0,71,0.5775,8.49,0.0704,0.0282,0.0533,0.1425,-4.359,0.916,0.3803,0.1127,38,4.42,0.0263,-0.0462,0.2105,0.1053,0,0,,,,,,,,,,,0,16,0,1,1,10,64.9,62.4,64.9,2.5,10.4,0.1396,31.6,30.8,0.0,4.63,6.0,1.37
00-0030565,Geno Smith,QB,SEA,2021,4,4,23.75,2.25,0.0,0.0,0.0,0.0,95,0.6842,7.39,0.0526,0.0105,0.1204,-0.0115,6.542,1.057,0.3263,0.1158,9,4.67,0.1111,0.4074,0.3333,0.2222,0,0,,,,,,,,,,,0,17,0,0,0,13,54.3,47.4,56.3,8.9,11.85,0.1849,39.7,7.7,0.0,4.85,6.0,1.15
00-0035704,Drew Lock,QB,DEN,2021,6,2,18.5,1.67,0.17,0.0062,-0.0038,0.0066,111,0.6036,7.09,0.018,0.018,0.075,-0.0768,-3.371,0.711,0.2883,0.1171,10,5.3,0.2,0.0138,0.5,0.1,1,1,1.0,1.0,1.0,-5.0,-0.2,6.0,-3.1307,0.0,0.0,0.0,1,15,1,1,2,9,51.9,57.0,51.9,-5.1,9.51,0.1515,45.5,9.5,2.1,5.21,4.0,-1.21
00-0026300,Josh Johnson,QB,NYJ,2021,3,2,28.33,3.0,0.0,0.0,0.0,0.0,85,0.6706,7.51,0.0588,0.0235,0.0341,0.3112,0.884,1.029,0.4588,0.0588,9,3.11,0.0,-0.3428,0.1111,0.1111,0,0,,,,,,,,,,,0,7,0,0,0,4,46.3,40.3,45.6,5.3,13.45,0.1246,31.8,8.6,0.0,3.58,5.0,1.42
00-0034401,Mike White,QB,NYJ,2021,4,4,33.0,1.25,0.0,0.0,0.0,0.0,132,0.6667,7.22,0.0379,0.0606,0.0294,0.0147,-2.163,1.22,0.3712,0.0833,5,-0.2,0.0,-0.134,0.4,0.0,0,0,,,,,,,,,,,0,11,4,2,6,7,44.0,45.3,44.0,-1.3,11.32,0.131,44.1,0.1,1.1,3.16,5.0,1.84
00-0027688,Colt McCoy,QB,ARI,2021,7,6,14.14,3.14,0.0,0.0,0.0,0.0,99,0.7475,7.47,0.0303,0.0101,0.0571,0.1363,3.61,1.445,0.3939,0.1111,22,1.68,0.0,-0.5721,0.2727,0.0455,0,0,,,,,,,,,,,0,17,0,0,0,10,41.3,42.8,42.9,0.1,6.11,0.0751,36.1,6.7,0.0,3.53,3.0,-0.53
00-0035289,Gardner Minshew,QB,PHI,2021,3,2,20.0,3.0,0.0,0.0,0.0,0.0,60,0.6833,7.32,0.0667,0.0167,0.0769,0.2443,4.061,1.269,0.4,0.1167,9,2.33,0.0,-0.1203,0.2222,0.0,0,0,,,,,,,,,,,0,10,0,7,7,7,33.7,27.6,33.7,6.1,9.19,0.1317,23.7,3.8,0.0,2.3,4.0,1.7
00-0030520,Mike Glennon,QB,NYG,2021,6,3,27.83,1.17,0.0,0.0,0.0,0.0,167,0.5389,4.73,0.024,0.0599,0.0511,-0.4647,-7.658,0.653,0.2575,0.0299,7,4.71,0.1429,-0.5296,0.2857,0.1429,0,0,,,,,,,,,,,0,16,0,1,1,10,30.9,66.9,36.9,-30.0,11.15,0.1624,60.8,6.1,0.0,6.54,5.0,-1.54
00-0028986,Case Keenum,QB,CLE,2021,5,4,14.4,2.4,0.0,0.0,0.0,0.0,72,0.6528,6.42,0.0417,0.0139,0.0649,-0.1075,-0.599,1.1,0.3472,0.0556,12,1.83,0.0,-0.3759,0.5,0.0833,0,0,,,,,,,,,,,0,16,1,0,1,11,28.7,36.4,30.7,-5.8,7.29,0.1065,30.9,5.5,0.0,4.14,3.0,-1.14
00-0034177,Tim Boyle,QB,DET,2021,4,1,23.5,0.5,0.0,0.0,0.0,0.0,94,0.6489,5.6,0.0319,0.0638,0.0,-0.0409,-3.515,0.887,0.2979,0.0851,2,6.5,0.0,0.9389,0.5,0.5,0,0,,,,,,,,,,,0,8,9,0,9,4,24.3,33.8,24.3,-9.4,8.44,0.1277,32.6,1.1,0.0,3.05,3.0,-0.05
00-0033662,Cooper Rush,QB,DAL,2021,4,2,11.75,2.25,0.0,0.0,0.0,0.0,47,0.6383,8.98,0.0638,0.0213,0.06,0.1605,-3.466,0.995,0.383,0.1064,9,-0.89,0.0,-0.0686,0.0,0.0,0,0,,,,,,,,,,,0,17,0,0,0,13,24.1,19.6,26.1,6.4,4.91,0.0545,19.4,0.2,0.0,1.39,3.0,1.61
00-0026158,Joe Flacco,QB,NYJ,2021,2,2,21.0,1.0,0.0,0.0,0.0,0.0,42,0.6429,8.05,0.0714,0.0,0.0455,0.143,5.169,1.006,0.3333,0.1429,2,1.5,0.0,0.0836,0.5,0.0,0,0,,,,,,,,,,,0,14,2,2,4,12,23.8,19.5,25.8,6.3,9.76,0.12,18.6,1.0,0.0,2.32,3.0,0.68
00-0036264,Jordan Love,QB,GB,2021,6,4,10.33,2.0,0.0,0.0,0.0,0.0,62,0.5806,6.63,0.0323,0.0484,0.0462,-0.1088,-5.453,0.832,0.3548,0.0968,12,2.25,0.0,0.1423,0.0833,0.0833,0,0,,,,,,,,,,,0,16,1,0,1,10,21.1,26.7,23.1,-3.5,4.45,0.0601,22.9,3.8,0.0,1.85,2.0,0.15
00-0034771,Mason Rudolph,QB,PIT,2021,2,1,29.0,2.5,0.0,0.0,0.0,0.0,58,0.6034,4.78,0.0172,0.0172,0.0,-0.1509,-6.048,0.769,0.2759,0.0345,5,10.6,0.0,0.6112,0.6,0.6,0,0,,,,,,,,,,,0,17,0,0,0,15,18.4,26.5,18.4,-8.1,13.23,0.1538,23.8,2.6,0.0,2.67,1.0,-1.67
00-0029567,Nick Foles,QB,CHI,2021,1,0,35.0,4.0,0.0,0.0,0.0,0.0,35,0.6857,7.14,0.0286,0.0,0.1026,0.142,2.478,1.263,0.4,0.0286,4,2.0,0.0,-0.0039,0.25,0.0,0,0,,,,,,,,,,,0,9,0,8,8,8,16.8,18.8,16.8,-2.0,18.76,0.2239,16.0,2.7,0.0,2.46,1.0,-1.46
00-0032268,Marcus Mariota,QB,LV,2021,7,4,0.29,1.86,0.0,0.0,0.0,0.0,2,0.5,2.0,0.0,0.0,0.0,-0.3602,-10.442,0.129,0.0,0.0,13,6.69,0.0769,0.5572,0.4615,0.1538,0,0,,,,,,,,,,,0,12,5,0,5,5,14.9,16.9,14.9,-2.0,2.42,0.0267,1.0,15.9,0.0,1.8,1.0,-0.8
00-0032434,Brandon Allen,QB,CIN,2021,5,3,6.8,1.4,0.0,0.0,0.0,0.0,34,0.5,4.38,0.0588,0.0,0.1053,-0.3051,-16.919,0.856,0.1471,0.0588,7,-0.14,0.0,-0.9751,0.1429,0.0,0,0,,,,,,,,,,,0,17,0,0,0,12,13.9,12.9,13.9,0.9,2.58,0.0349,12.5,0.4,0.0,1.51,2.0,0.49
00-0033275,PJ Walker,QB,CAR,2021,5,5,13.2,1.4,0.0,0.0,0.0,0.0,66,0.5455,5.48,0.0152,0.0455,0.0959,-0.1979,-9.006,0.609,0.2879,0.0152,7,1.86,0.0,-0.7988,0.2857,0.1429,0,0,,,,,,,,,,,1,14,1,2,3,9,13.8,27.6,13.8,-13.8,5.51,0.0791,25.1,2.5,0.0,2.25,1.0,-1.25
00-0032245,Sean Mannion,QB,MIN,2021,1,0,36.0,2.0,0.0,0.0,0.0,0.0,36,0.6111,5.25,0.0278,0.0,0.0526,-0.2871,-5.388,0.811,0.2222,0.0556,2,7.0,0.0,1.2509,1.0,0.5,0,0,,,,,,,,,,,0,16,1,0,1,15,13.0,10.2,13.0,2.8,10.21,0.1762,9.1,1.2,0.0,0.55,1.0,0.45
00-0026625,Brian Hoyer,QB,NE,2021,5,4,2.2,2.2,0.0,0.0,0.0,0.0,11,0.8182,20.64,0.0909,0.0,0.0,1.8979,14.42,2.34,0.7273,0.5455,11,-0.73,0.0,-0.368,0.0909,0.0,0,0,,,,,,,,,,,0,17,0,0,0,12,12.3,4.3,12.3,8.0,0.86,0.0109,5.1,-0.8,0.0,0.46,1.0,0.54
00-0036197,Jake Fromm,QB,NYG,2021,3,0,20.0,2.67,0.0,0.0,0.0,0.0,60,0.45,3.5,0.0167,0.05,0.0909,-0.5327,-18.742,0.484,0.1667,0.0333,8,8.12,0.0,0.575,0.5,0.25,0,0,,,,,,,,,,,0,6,0,0,0,3,10.9,22.2,12.9,-9.3,7.4,0.114,17.0,5.2,0.0,1.67,1.0,-0.67
00-0033319,Nick Mullens,QB,CLE,2021,1,0,30.0,0.0,0.0,0.0,0.0,0.0,30,0.6667,4.9,0.0333,0.0,0.0,0.0722,4.744,0.69,0.3,0.0333,0,,,,,,0,0,,,,,,,,,,,0,3,0,1,1,2,9.9,10.0,9.9,-0.1,10.0,0.1768,10.0,0.0,0.0,1.01,1.0,-0.01
00-0033869,Mitchell Trubisky,QB,BUF,2021,5,4,1.6,2.6,0.0,0.0,0.0,0.0,8,0.75,5.38,0.0,0.125,0.0,-0.2076,1.529,1.049,0.25,0.0,13,1.85,0.0769,-0.2965,0.2308,0.0769,0,0,,,,,,,,,,,0,15,2,0,2,10,8.1,6.0,8.1,2.1,1.2,0.0125,2.5,3.5,0.0,0.59,1.0,0.41
00-0034577,Kyle Allen,QB,WAS,2021,2,1,9.5,1.0,0.0,0.0,0.0,0.0,19,0.6316,6.32,0.0526,0.0,0.0952,0.0187,-4.218,0.889,0.3158,0.0,2,5.5,0.0,-0.118,0.5,0.5,0,0,,,,,,,,,,,0,15,1,1,2,13,7.9,11.3,9.9,-1.4,5.67,0.0861,6.3,5.0,0.0,0.92,1.0,0.08
00-0031395,Garrett Gilbert,QB,WAS,2021,1,0,31.0,0.0,0.0,0.0,0.0,0.0,31,0.6452,6.26,0.0,0.0,0.0606,-0.0833,0.76,0.985,0.2581,0.0645,0,,,,,,0,0,,,,,,,,,,,0,1,0,3,3,0,7.8,10.0,7.8,-2.3,10.03,0.1596,10.0,0.0,0.0,1.14,0.0,-1.14
00-0026197,Chad Henne,QB,KC,2021,4,3,4.0,2.0,0.0,0.0,0.0,0.0,16,0.6875,5.12,0.0,0.0,0.0,0.253,3.274,0.656,0.375,0.0,8,0.0,0.0,-0.2484,0.0,0.0,0,0,,,,,,,,,,,0,17,0,0,0,13,3.3,6.1,3.3,-2.8,1.51,0.0164,5.6,0.4,0.0,0.24,0.0,-0.24
00-0027948,Blaine Gabbert,QB,TB,2021,6,4,1.83,1.5,0.0,0.0,0.0,0.0,11,0.6364,6.09,0.0,0.0,0.0833,0.016,-0.712,0.744,0.3636,0.0909,9,-0.78,0.0,-1.6079,0.0,0.0,0,0,,,,,,,,,,,0,17,0,0,0,11,2.0,4.7,2.0,-2.7,0.79,0.0079,5.6,-0.9,0.0,0.56,0.0,-0.56
00-0035752,Chris Streveler,QB,ARI,2021,2,2,4.5,1.5,0.0,0.0,0.0,0.0,9,0.6667,4.0,0.0,0.0,0.1818,-0.387,-8.501,0.947,0.1111,0.0,3,2.0,0.0,-1.9021,0.0,0.0,0,0,,,,,,,,,,,0,3,0,8,8,1,2.0,4.7,2.0,-2.6,2.34,0.0397,3.3,1.3,0.0,0.36,0.0,-0.36
00-0036929,Ian Book,QB,NO,2021,1,0,20.0,3.0,0.0,0.0,0.0,0.0,20,0.6,6.75,0.0,0.1,0.2857,-1.0618,-7.278,1.776,0.25,0.05,3,2.0,0.0,0.3399,0.3333,0.0,0,0,,,,,,,,,,,0,3,0,14,14,2,2.0,5.8,2.0,-3.8,5.8,0.1562,3.9,1.9,0.0,0.07,0.0,-0.07
00-0033936,C.J. Beathard,QB,JAX,2021,2,2,1.0,0.5,0.0,0.0,0.0,0.0,2,1.0,16.5,0.0,0.0,0.0,0.9145,39.272,1.222,0.5,0.5,1,2.0,0.0,-0.5504,0.0,0.0,0,0,,,,,,,,,,,0,16,1,0,1,14,1.5,0.9,1.5,0.6,0.47,0.008,0.6,0.3,0.0,0.02,0.0,-0.02
00-0036879,Sam Ehlinger,QB,IND,2021,3,3,0.0,1.0,0.0,0.0,0.0,0.0,0,,,,,,,,,,,3,3.0,0.0,0.014,0.3333,0.0,0,0,,,,,,,,,,,0,9,6,2,8,6,0.9,3.7,0.9,-2.8,1.23,0.0158,0.0,3.7,0.0,0.53,0.0,-0.53
00-0023682,Ryan Fitzpatrick,QB,WAS,2021,1,1,6.0,1.0,0.0,0.0,0.0,0.0,6,0.5,2.17,0.0,0.0,0.1429,-0.6107,-17.92,1.444,0.0,0.0,1,2.0,0.0,-1.1955,0.0,0.0,0,0,,,,,,,,,,,0,1,16,0,16,0,0.7,2.7,0.7,-2.0,2.71,0.0576,1.2,1.5,0.0,0.17,0.0,-0.17
00-0035040,David Blough,QB,DET,2021,1,1,0.0,1.0,0.0,0.0,0.0,0.0,0,,,,,1.0,-0.9305,,,,,1,6.0,0.0,0.3444,0.0,0.0,0,0,,,,,,,,,,,0,12,0,5,5,11,0.6,0.8,0.6,-0.2,0.8,0.0125,0.0,0.8,0.0,0.0,0.0,0.0
00-0033958,Nathan Peterman,QB,LV,2021,1,1,0.0,2.0,0.0,0.0,0.0,0.0,0,,,,,,,,,,,2,1.0,0.0,0.3767,0.5,0.0,0,0,,,,,,,,,,,0,5,0,3,3,4,0.2,0.9,0.2,-0.8,0.95,0.012,0.0,0.9,0.0,0.02,0.0,-0.02
00-0036946,Kellen Mond,QB,MIN,2021,1,0,3.0,0.0,0.0,0.0,0.0,0.0,3,0.6667,1.67,0.0,0.0,0.0,-0.5859,-6.224,,0.0,0.0,0,,,,,,0,0,,,,,,,,,,,0,2,0,15,15,1,0.2,0.5,0.2,-0.3,0.53,0.0091,0.5,0.0,0.0,0.01,0.0,-0.01
00-0034955,Brett Rypien,QB,DEN,2021,1,0,2.0,0.0,0.0,0.0,0.0,0.0,2,0.0,0.0,0.0,0.0,0.0,-1.0296,-54.719,0.0,0.0,0.0,0,,,,,,0,0,,,,,,,,,,,0,5,0,9,9,4,0.0,0.5,0.0,-0.5,0.5,0.0075,0.5,0.0,0.0,0.0,0.0,0.0
00-0034131,Kurt Benkert,QB,GB,2021,1,1,0.0,2.0,0.0,0.0,0.0,0.0,0,,,,,,,,,,,2,-0.5,0.0,0.0,0.0,0.0,0,0,,,,,,,,,,,0,1,0,0,0,0,-0.1,-0.2,-0.1,0.1,-0.2,-0.0024,0.0,-0.2,0.0,0.0,0.0,0.0
00-0026544,Chase Daniel,QB,LAC,2021,1,1,0.0,2.0,0.0,0.0,0.0,0.0,0,,,,,,,,,,,2,-1.0,0.0,0.0,0.0,0.0,0,0,,,,,,,,,,,0,16,1,0,1,15,-0.2,-0.2,-0.2,0.0,-0.2,-0.0022,0.0,-0.2,0.0,0.0,0.0,0.0
00-0033550,Davis Webb,QB,BUF,2021,1,1,0.0,2.0,0.0,0.0,0.0,0.0,0,,,,,,,,,,,2,-1.5,0.0,0.0,0.0,0.0,0,0,,,,,,,,,,,0,2,0,0,0,1,-0.3,-0.2,-0.3,-0.1,-0.2,-0.0025,0.0,-0.2,0.0,0.0,0.0,0.0
00-0034438,Logan Woodside,QB,TEN,2021,4,4,0.0,1.5,0.0,0.0,0.0,0.0,0,,,,,,,,,,,6,-1.0,0.0,-0.7603,0.0,0.0,0,0,,,,,,,,,,,0,16,1,0,1,12,-0.6,-0.6,-0.6,0.0,-0.15,-0.002,0.0,-0.6,0.0,0.0,0.0,0.0
00-0036226,Jacob Eason,QB,IND,2021,1,1,5.0,0.0,0.0,0.0,0.0,0.0,5,0.4,5.0,0.0,0.2,0.0,-0.6205,-24.655,0.397,0.4,0.0,0,,,,,,0,0,,,,,,,,,,,0,4,0,13,13,3,-1.0,1.3,-1.4,-2.7,1.34,0.0155,1.3,0.0,0.0,0.01,0.0,-0.01
00-0034899,John Wolford,QB,LA,2021,2,2,2.0,1.0,0.0,0.0,0.0,0.0,4,0.25,1.25,0.0,0.25,0.2,-1.2721,-53.386,0.263,0.0,0.0,2,-0.5,0.0,-0.5163,0.0,0.0,0,0,,,,,,,,,,,0,17,0,0,0,15,-1.9,2.0,-1.9,-3.9,1.01,0.0106,1.5,0.5,0.0,0.05,0.0,-0.05
00-0034343,Josh Rosen,QB,ATL,2021,3,3,3.67,0.0,0.0,0.0,0.0,0.0,11,0.1818,1.73,0.0,0.1818,0.0,-1.7004,-41.724,0.157,0.0909,0.0,0,,,,,,0,0,,,,,,,,,,,0,13,0,4,4,10,-3.2,4.1,-3.2,-7.3,1.35,0.021,4.1,0.0,0.0,0.25,0.0,-0.25
00-0036223,Jonathan Taylor,RB,IND,2021,17,13,0.0,19.53,3.0,0.097,-0.0119,0.1373,0,,,,,,,,,,,332,5.45,0.0542,0.1038,0.3223,0.1506,51,40,0.7843,7.06,9.0,-0.88,-8.0,10.15,0.083,0.0392,0.2353,0.098,2,17,0,0,0,0,373.1,313.2,373.1,59.9,18.42,0.2521,0.0,237.4,75.8,17.59,20.0,2.41
00-0033699,Austin Ekeler,RB,LAC,2021,16,13,0.0,12.88,5.88,0.1505,0.0372,0.2518,0,,,,,,,,,,,206,4.42,0.0583,-0.0043,0.2573,0.1068,94,70,0.7447,6.88,9.24,1.82,3.784,8.96,-0.0071,0.0851,0.3298,0.1064,3,16,1,0,1,0,343.8,290.7,343.8,53.1,18.17,0.2033,0.0,138.3,152.4,12.04,20.0,7.96
00-0036893,Najee Harris,RB,PIT,2021,17,13,0.0,18.06,5.53,0.142,-0.0049,0.2096,0,,,,,,,,,,,307,3.91,0.0228,-0.0631,0.202,0.0912,94,74,0.7872,4.97,6.31,-0.14,-35.923,6.74,-0.0508,0.0319,0.234,0.0532,0,17,0,0,0,0,300.7,317.6,300.7,-16.9,18.68,0.2413,0.0,174.0,143.6,10.32,10.0,-0.32
00-0033897,Joe Mixon,RB,CIN,2021,16,13,0.0,18.25,3.0,0.0928,-0.0068,0.1344,0,,,,,,,,,,,292,4.13,0.0445,-0.0871,0.2055,0.089,48,42,0.875,6.54,7.48,-0.17,-39.25,7.57,0.1809,0.0625,0.2292,0.0625,1,16,1,0,1,0,287.9,269.5,287.9,18.4,16.84,0.232,0.0,189.7,79.8,12.81,16.0,3.19
00-0033553,James Conner,RB,ARI,2021,15,13,0.0,13.47,2.6,0.0766,-0.0002,0.1147,0,,,,,,,,,,,202,3.72,0.0743,-0.0181,0.2624,0.0743,39,37,0.9487,9.62,10.14,0.28,34.091,10.32,0.6443,0.0769,0.4615,0.2308,0,15,0,2,2,0,257.7,216.2,256.8,40.6,14.41,0.1747,0.0,155.8,60.4,12.86,18.0,5.14
00-0033856,Leonard Fournette,RB,TB,2021,14,13,0.07,12.86,6.0,0.1442,0.0131,0.2255,1,0.0,0.0,0.0,0.0,0.0,-0.6633,-64.326,,0.0,0.0,180,4.51,0.0444,0.0468,0.25,0.0833,84,69,0.8214,5.4,6.58,0.68,7.965,6.51,-0.0053,0.0238,0.3571,0.0595,0,14,3,0,3,0,255.6,274.6,255.6,-19.0,19.61,0.1994,0.2,130.7,143.7,12.56,10.0,-2.56
00-0033045,Ezekiel Elliott,RB,DAL,2021,17,13,0.06,13.94,3.82,0.1,0.0058,0.1541,1,1.0,4.0,0.0,0.0,0.0,-0.7931,17.162,-1.0,0.0,0.0,237,4.23,0.0422,-0.068,0.2321,0.1013,65,47,0.7231,4.42,6.11,0.34,13.045,6.45,-0.0173,0.0308,0.2462,0.0462,1,17,0,0,0,0,252.1,270.6,250.7,-19.9,15.92,0.1809,1.0,157.8,111.8,12.61,12.0,-0.61
00-0033906,Alvin Kamara,RB,NO,2021,13,9,0.0,18.46,5.15,0.2034,0.031,0.3268,0,,,,,,,,,,,240,3.74,0.0167,-0.1686,0.175,0.0875,67,47,0.7015,6.55,9.34,1.15,5.701,9.3,0.1612,0.0746,0.2985,0.0896,0,13,0,4,4,0,234.7,252.9,234.7,-18.2,19.46,0.2922,0.0,147.2,105.7,10.01,9.0,-1.01
00-0030578,Cordarrelle Patterson,RB,ATL,2021,16,12,0.06,9.56,4.31,0.1278,0.0452,0.2234,1,0.0,0.0,0.0,0.0,0.0,-0.5996,0.0,0.0,0.0,0.0,153,4.04,0.0392,-0.1012,0.1895,0.1307,69,52,0.7536,7.94,10.54,3.1,2.561,7.4,0.2767,0.0725,0.3768,0.1449,0,16,0,1,1,0,234.6,195.8,234.6,38.8,12.24,0.1744,0.7,89.9,105.2,6.93,11.0,4.07
00-0036328,Antonio Gibson,RB,WAS,2021,16,13,0.0,16.12,3.25,0.1109,0.0019,0.1676,0,,,,,,,,,,,258,4.02,0.0271,-0.0935,0.2519,0.093,52,42,0.8077,5.65,7.0,-0.17,-32.667,7.93,0.025,0.0577,0.2308,0.0577,4,16,1,0,1,0,229.1,241.7,229.1,-12.6,15.1,0.2114,0.0,161.0,80.6,10.45,10.0,-0.45
00-0033293,Aaron Jones,RB,GB,2021,15,12,0.0,11.4,4.33,0.1322,0.0161,0.2095,0,,,,,,,,,,,171,4.67,0.0234,0.0088,0.2164,0.0936,65,52,0.8,6.02,7.52,0.86,6.982,7.92,0.1405,0.0923,0.3385,0.0923,1,15,0,2,2,0,229.0,218.2,229.0,10.8,14.55,0.1802,0.0,110.0,108.2,9.57,10.0,0.43
00-0035700,Josh Jacobs,RB,LV,2021,15,11,0.0,14.47,4.27,0.1261,-0.0117,0.1809,0,,,,,,,,,,,217,4.02,0.0415,-0.1483,0.2074,0.0968,64,54,0.8438,5.44,6.44,-0.42,-12.889,7.31,-0.0927,0.0,0.2188,0.0781,2,15,0,2,2,0,226.0,228.4,226.0,-2.4,15.23,0.1944,0.0,131.7,96.7,8.24,9.0,0.76
00-0034791,Nick Chubb,RB,CLE,2021,14,10,0.0,16.29,1.79,0.0614,0.0,0.0921,0,,,,,,,,,,,228,5.52,0.0351,0.0466,0.2675,0.1798,25,20,0.8,6.96,8.7,0.56,12.429,9.15,0.325,0.04,0.36,0.12,1,14,1,2,3,0,215.3,180.9,215.3,34.4,12.92,0.182,0.0,140.7,40.1,7.56,9.0,1.44
00-0035657,Damien Harris,RB,NE,2021,15,12,0.0,13.47,1.4,0.0433,-0.0013,0.064,0,,,,,,,,,,,202,4.6,0.0743,0.0158,0.2723,0.1089,21,18,0.8571,6.29,7.33,-0.33,-18.857,7.44,0.2026,0.0,0.1905,0.0476,2,15,0,2,2,0,210.1,169.2,210.1,40.9,11.28,0.1603,0.0,137.1,32.1,9.71,15.0,5.29
00-0036275,D'Andre Swift,RB,DET,2021,13,11,0.08,11.62,6.0,0.1839,-0.0126,0.267,1,0.0,0.0,0.0,0.0,0.0,-0.9125,0.0,-0.0,0.0,0.0,151,4.09,0.0331,-0.1779,0.1854,0.1391,78,62,0.7949,5.79,7.29,-0.01,-452.0,8.1,-0.1003,0.0256,0.2308,0.0641,1,13,0,4,4,0,208.9,203.7,208.7,5.0,15.67,0.2257,0.0,89.5,114.2,5.36,7.0,1.64
00-0033893,Dalvin Cook,RB,MIN,2021,13,10,0.0,19.15,3.77,0.1125,-0.024,0.152,0,,,,,,,,,,,249,4.65,0.0241,-0.0393,0.2289,0.1446,49,34,0.6939,4.57,6.59,-1.61,-2.835,8.18,-0.0993,0.0,0.1837,0.0612,2,13,1,3,4,0,206.3,230.2,206.3,-23.9,17.71,0.2308,0.0,157.3,72.9,8.78,6.0,-2.78
00-0036997,Javonte Williams,RB,DEN,2021,17,13,0.0,11.94,3.12,0.1036,-0.0041,0.1525,0,,,,,,,,,,,203,4.45,0.0197,-0.085,0.2562,0.1232,53,43,0.8113,5.96,7.35,-0.23,-26.333,7.98,0.1419,0.0566,0.2264,0.0566,1,17,0,0,0,0,204.9,205.5,204.9,-0.6,12.09,0.1724,0.0,127.5,78.0,7.71,7.0,-0.71
00-0035250,Devin Singletary,RB,BUF,2021,17,13,0.0,11.06,2.94,0.0738,0.0011,0.1115,0,,,,,,,,,,,188,4.63,0.0372,-0.0203,0.234,0.1064,50,40,0.8,4.56,5.7,0.08,57.0,6.05,-0.0462,0.02,0.22,0.02,0,17,0,0,0,0,197.8,203.9,197.8,-6.1,11.99,0.132,0.0,124.6,79.3,8.18,8.0,-0.18
00-0034301,Darrel Williams,RB,KC,2021,17,13,0.0,8.47,3.35,0.0881,0.0197,0.1459,0,,,,,,,,,,,144,3.88,0.0417,0.0343,0.2778,0.0903,57,47,0.8246,7.93,9.62,1.44,5.512,9.26,0.3615,0.0351,0.3333,0.1404,0,17,0,0,0,0,196.0,213.3,196.0,-17.3,12.55,0.1378,0.0,114.0,99.4,12.0,8.0,-4.0
00-0032144,Melvin Gordon,RB,DEN,2021,16,12,0.0,12.69,2.38,0.0791,0.0023,0.1202,0,,,,,,,,,,,203,4.52,0.0394,-0.093,0.2365,0.1133,38,28,0.7368,5.61,7.61,0.32,17.75,6.64,-0.0689,0.0526,0.2368,0.0789,3,16,0,1,1,0,195.1,187.1,195.1,8.0,11.69,0.168,0.0,131.9,55.1,8.56,10.0,1.44
00-0035685,David Montgomery,RB,CHI,2021,13,9,0.08,17.31,3.92,0.121,0.0139,0.1912,1,0.0,0.0,0.0,1.0,0.0,-3.1768,-45.828,0.0,0.0,0.0,225,3.77,0.0311,-0.096,0.2444,0.0933,51,42,0.8235,5.9,7.17,0.88,6.689,6.5,0.1034,0.0,0.3529,0.0196,1,13,4,0,4,0,195.0,216.1,194.7,-21.4,16.62,0.231,1.7,139.5,74.8,9.75,7.0,-2.75
00-0032764,Derrick Henry,RB,TEN,2021,8,8,0.12,27.38,2.5,0.0769,-0.0069,0.1106,1,1.0,5.0,1.0,0.0,0.0,1.0321,57.495,1.0,1.0,0.0,219,4.28,0.0457,-0.0221,0.2237,0.0913,20,18,0.9,7.7,8.56,-0.15,-51.333,8.89,0.4857,0.0,0.35,0.05,0,8,9,0,9,0,193.3,169.4,193.3,23.9,21.18,0.2652,2.1,135.1,32.2,7.53,11.0,3.47
00-0036265,AJ Dillon,RB,GB,2021,17,13,0.0,11.0,2.18,0.0632,0.0035,0.0972,0,,,,,,,,,,,187,4.29,0.0267,0.033,0.2674,0.0481,37,34,0.9189,8.46,9.21,0.38,22.357,9.12,0.4603,0.0541,0.4054,0.1081,1,17,0,0,0,0,185.6,173.5,185.6,12.1,10.21,0.1277,0.0,116.1,57.4,7.42,7.0,-0.42
00-0035831,James Robinson,RB,JAX,2021,14,12,0.0,11.71,3.29,0.0952,0.0134,0.1522,0,,,,,,,,,,,164,4.68,0.0488,-0.0686,0.25,0.1159,46,31,0.6739,4.83,7.16,0.87,5.55,7.42,-0.0758,0.0,0.1957,0.0435,2,14,2,1,3,0,173.9,172.9,173.9,1.0,12.35,0.1663,0.0,105.1,67.8,6.48,8.0,1.52
00-0035311,Myles Gaskin,RB,MIA,2021,17,13,0.0,10.18,3.71,0.103,0.0063,0.159,0,,,,,,,,,,,173,3.54,0.0173,-0.1655,0.1445,0.0694,63,49,0.7778,3.71,4.78,0.51,7.312,5.1,-0.1077,0.0635,0.2063,0.0317,1,17,0,0,0,0,173.6,203.6,173.6,-30.0,11.98,0.1555,0.0,103.9,99.7,7.97,7.0,-0.97
00-0036567,Elijah Mitchell,RB,SF,2021,11,9,0.0,18.82,1.82,0.0622,-0.0081,0.0876,0,,,,,,,,,,,207,4.65,0.0242,-0.0748,0.2271,0.1401,20,19,0.95,6.85,7.21,-0.6,-11.417,7.95,0.2055,0.05,0.3,0.0,0,11,0,6,6,0,165.0,144.1,165.0,20.9,13.1,0.198,0.0,114.6,29.4,4.28,6.0,1.72
00-0035664,Darrell Henderson,RB,LA,2021,12,10,0.0,12.42,3.33,0.0909,0.0105,0.1437,0,,,,,,,,,,,149,4.62,0.0336,-0.0093,0.2617,0.1342,40,29,0.725,4.4,6.07,0.93,4.757,6.21,-0.1939,0.075,0.2,0.1,0,13,3,1,4,1,163.4,171.1,163.4,-7.7,14.26,0.1685,0.0,97.2,73.9,8.88,8.0,-0.88
00-0035261,Tony Pollard,RB,DAL,2021,15,12,0.0,8.67,3.07,0.0809,0.001,0.1221,0,,,,,,,,,,,130,5.53,0.0154,0.0991,0.2692,0.1308,46,39,0.8478,7.33,8.64,0.17,42.125,8.74,0.1497,0.0,0.3261,0.0652,0,15,0,2,2,0,162.6,143.0,156.6,13.6,9.54,0.1077,0.0,70.4,72.7,3.07,2.0,-1.07
00-0036924,Michael Carter,RB,NYJ,2021,14,10,0.0,10.5,3.93,0.1107,0.0099,0.173,0,,,,,,,,,,,147,4.35,0.0272,-0.0434,0.1973,0.0884,55,36,0.6545,5.91,9.03,0.6,9.848,9.47,-0.0963,0.0,0.2909,0.1273,1,14,3,0,3,0,154.4,171.6,152.6,-19.0,12.26,0.171,0.0,92.3,79.4,5.97,4.0,-1.97
00-0034844,Saquon Barkley,RB,NYG,2021,13,9,0.0,12.46,4.38,0.1309,-0.0012,0.1955,0,,,,,,,,,,,162,3.66,0.0123,-0.1256,0.1667,0.0556,57,41,0.7193,4.61,6.41,0.53,8.767,7.27,-0.0656,0.0351,0.2281,0.0526,1,13,0,4,4,0,148.6,163.3,148.6,-14.7,12.56,0.1826,0.0,83.6,79.7,2.98,4.0,1.02
00-0031285,Devonta Freeman,RB,BAL,2021,16,12,0.0,8.31,2.62,0.0704,0.0061,0.1099,0,,,,,,,,,,,133,4.33,0.0376,-0.0223,0.2331,0.0827,42,34,0.8095,4.52,5.59,0.86,5.278,5.38,0.0277,0.0238,0.2143,0.0,0,16,0,0,0,0,146.6,147.3,146.6,-0.7,9.21,0.1113,0.0,82.4,64.9,5.0,6.0,1.0
00-0034845,Sony Michel,RB,LA,2021,17,13,0.0,12.24,1.94,0.0539,-0.0038,0.0782,0,,,,,,,,,,,208,4.06,0.0192,-0.1013,0.2356,0.101,33,21,0.6364,3.88,6.1,-0.42,-9.143,6.33,-0.2619,0.0303,0.1818,0.0303,1,17,0,0,0,0,146.3,184.9,146.3,-38.6,10.88,0.1297,0.0,131.7,53.2,8.2,5.0,-3.2
00-0032972,Devontae Booker,RB,NYG,2021,16,12,0.0,9.06,2.81,0.0952,-0.0058,0.1388,0,,,,,,,,,,,145,4.09,0.0138,-0.0901,0.2138,0.0966,45,40,0.8889,5.96,6.7,-0.27,-22.333,7.42,0.1288,0.0222,0.2444,0.0667,0,16,0,1,1,0,144.1,150.1,144.1,-6.0,9.38,0.1354,0.0,83.4,66.6,4.55,3.0,-1.55
00-0034681,Chase Edmonds,RB,ARI,2021,12,9,0.0,9.67,4.42,0.1346,0.0076,0.2073,0,,,,,,,,,,,116,5.1,0.0172,0.1003,0.2759,0.1552,53,43,0.8113,5.87,7.23,0.43,13.522,7.53,-0.0806,0.0,0.2075,0.0755,1,12,4,1,5,0,143.3,160.2,143.3,-16.9,13.35,0.159,0.0,74.9,85.3,5.23,2.0,-3.23
00-0032063,Mike Davis,RB,ATL,2021,17,13,0.0,8.12,3.41,0.1056,-0.0138,0.1487,0,,,,,,,,,,,138,3.64,0.0217,-0.129,0.1522,0.0797,58,44,0.7586,4.47,5.89,-0.9,-4.981,6.95,-0.4003,0.0172,0.2069,0.0517,3,17,0,0,0,0,138.2,166.8,138.2,-28.6,9.81,0.1419,0.0,78.6,88.2,4.89,4.0,-0.89
00-0036555,Chuba Hubbard,RB,CAR,2021,16,12,0.0,10.75,2.31,0.0704,-0.0027,0.1037,0,,,,,,,,,,,172,3.56,0.0291,-0.1393,0.2093,0.0756,37,25,0.6757,4.7,6.96,0.05,87.0,6.88,-0.2764,0.027,0.2162,0.0541,1,17,0,0,0,1,137.6,149.8,137.6,-12.2,9.36,0.1253,0.0,91.5,58.3,4.42,6.0,1.58
00-0032602,J.D. McKissic,RB,WAS,2021,11,11,0.0,4.36,4.82,0.1391,0.0021,0.2101,0,,,,,,,,,,,48,4.42,0.0417,0.0625,0.2917,0.125,53,43,0.8113,7.49,9.23,0.58,12.806,8.84,0.244,0.0377,0.283,0.0943,0,11,4,2,6,0,127.9,109.8,127.9,18.1,9.98,0.1331,0.0,29.5,80.4,2.05,4.0,1.95
00-0033280,Christian McCaffrey,RB,CAR,2021,7,7,0.0,14.14,5.86,0.1876,0.0845,0.3406,0,,,,,,,,,,,99,4.46,0.0101,0.018,0.202,0.1515,41,37,0.9024,8.37,9.27,2.22,3.769,6.97,0.5142,0.0244,0.5122,0.1463,0,7,8,2,10,0,127.5,120.2,127.5,7.3,17.17,0.237,0.0,60.4,59.7,3.67,2.0,-1.67
00-0034972,Alexander Mattison,RB,MIN,2021,16,13,0.0,8.38,2.44,0.0712,0.0003,0.107,0,,,,,,,,,,,134,3.66,0.0224,-0.194,0.209,0.0746,39,32,0.8205,5.85,7.12,0.08,76.0,7.44,-0.0694,0.0256,0.2564,0.1282,1,16,1,0,1,0,125.9,141.7,125.9,-15.8,8.86,0.1108,0.0,78.2,63.5,4.58,4.0,-0.58
00-0029239,Brandon Bolden,RB,NE,2021,16,12,0.0,2.75,3.06,0.1116,-0.0063,0.163,0,,,,,,,,,,,44,5.14,0.0227,-0.025,0.2727,0.2273,49,41,0.8367,8.27,9.88,0.29,28.929,10.15,0.389,0.0408,0.4286,0.1837,0,17,0,0,0,1,124.1,100.9,124.1,23.2,6.31,0.0869,0.0,27.6,73.3,2.3,3.0,0.7
00-0036919,Kenny Gainwell,RB,PHI,2021,16,12,0.0,4.25,3.12,0.1016,0.0187,0.1655,0,,,,,,,,,,,68,4.28,0.0735,0.0404,0.2794,0.1029,50,33,0.66,5.06,7.67,1.86,2.72,6.85,0.0883,0.02,0.28,0.04,1,16,0,1,1,0,123.4,115.7,123.4,7.7,7.23,0.0976,0.0,42.9,72.8,3.4,6.0,2.6
00-0034750,Rashaad Penny,RB,SEA,2021,10,6,0.0,11.9,0.8,0.0278,-0.0055,0.0379,0,,,,,,,,,,,119,6.29,0.0504,0.0941,0.2353,0.1597,8,6,0.75,6.0,8.0,-2.0,-3.0,10.33,0.0912,0.0,0.375,0.125,0,11,3,3,6,1,121.7,82.6,121.7,39.1,8.26,0.1268,0.0,70.5,12.1,3.27,6.0,2.73
00-0033948,Jamaal Williams,RB,DET,2021,13,10,0.0,11.77,2.15,0.0597,0.0021,0.0909,0,,,,,,,,,,,153,3.93,0.0196,-0.0202,0.2745,0.085,28,26,0.9286,5.61,6.04,0.36,15.7,6.0,0.0566,0.0,0.2143,0.0,0,13,2,2,4,0,119.8,124.8,119.8,-5.0,9.6,0.1336,0.0,85.3,39.5,4.06,3.0,-1.06
00-0036360,Clyde Edwards-Helaire,RB,KC,2021,10,8,0.0,11.9,2.3,0.071,-0.0245,0.0893,0,,,,,,,,,,,119,4.34,0.0336,-0.0739,0.1765,0.0756,23,19,0.8261,5.61,6.79,-2.3,-2.434,8.89,-0.0374,0.087,0.3478,0.0435,2,10,5,2,7,0,117.6,114.8,115.6,0.8,11.48,0.1363,0.0,73.8,41.0,4.14,6.0,1.86
00-0035243,Miles Sanders,RB,PHI,2021,12,10,0.0,11.42,2.83,0.0965,-0.0055,0.1409,0,,,,,,,,,,,137,5.5,0.0,0.0106,0.2409,0.146,34,26,0.7647,4.65,6.08,-0.53,-8.778,8.73,-0.1986,0.0,0.1765,0.1176,1,12,3,2,5,0,117.2,135.2,117.2,-18.0,11.27,0.1482,0.0,85.2,50.0,4.74,0.0,-4.74
00-0035537,Ty Johnson,RB,NYJ,2021,15,13,0.0,4.07,3.67,0.0973,0.0322,0.1685,0,,,,,,,,,,,61,3.9,0.0328,-0.1846,0.2131,0.1148,55,34,0.6182,6.76,10.94,2.38,2.84,9.82,0.1141,0.0364,0.3636,0.1273,1,16,0,1,1,1,117.0,120.5,117.0,-3.5,8.03,0.1105,0.0,45.3,75.2,3.76,4.0,0.24
00-0034367,Nyheim Hines,RB,IND,2021,17,13,0.0,3.29,3.35,0.1153,0.0329,0.196,0,,,,,,,,,,,56,4.93,0.0357,0.0713,0.2679,0.1071,57,40,0.7018,5.44,7.75,1.98,2.743,6.9,0.0761,0.0175,0.2456,0.0526,0,17,0,0,0,0,116.6,116.8,115.6,-1.2,6.87,0.0941,0.0,31.7,85.1,2.27,3.0,0.73
00-0036875,Rhamondre Stevenson,RB,NE,2021,12,9,0.0,11.08,1.5,0.0582,-0.0029,0.0852,0,,,,,,,,,,,133,4.56,0.0376,0.0168,0.2481,0.1504,18,14,0.7778,6.83,8.79,-0.28,-24.6,10.36,-0.1687,0.0,0.1667,0.1111,1,12,1,4,5,0,114.9,114.3,114.9,0.6,9.53,0.1391,0.0,84.5,29.9,5.4,5.0,-0.4
00-0033923,Kareem Hunt,RB,CLE,2021,8,8,0.0,9.75,3.38,0.1158,0.005,0.1773,0,,,,,,,,,,,78,4.95,0.0641,0.0845,0.2821,0.1538,27,22,0.8148,6.44,7.91,0.15,43.5,7.91,0.1047,0.0,0.3704,0.1481,0,8,7,2,9,0,110.0,96.9,109.8,12.9,12.11,0.1652,0.0,54.4,42.5,3.98,5.0,1.02
00-0027966,Mark Ingram,RB,NO,2021,14,12,0.0,11.43,2.5,0.0724,-0.0006,0.1083,0,,,,,,,,,,,160,3.46,0.0125,-0.1958,0.1375,0.0563,35,27,0.7714,4.63,6.0,-0.03,-162.0,6.07,-0.0868,0.0,0.2571,0.0571,1,14,1,3,4,0,108.6,143.8,108.6,-35.2,10.27,0.1503,0.0,91.4,52.3,4.8,2.0,-2.8
00-0036251,Zack Moss,RB,BUF,2021,13,10,0.0,7.38,2.46,0.0677,0.0053,0.1052,0,,,,,,,,,,,96,3.59,0.0417,-0.1014,0.2292,0.0521,32,23,0.7188,6.16,8.57,0.81,7.577,8.7,-0.0854,0.0312,0.375,0.0938,1,13,0,4,4,0,105.2,127.0,105.2,-21.8,9.77,0.107,0.0,71.4,55.7,6.73,5.0,-1.73
00-0030288,Rex Burkhead,RB,HOU,2021,14,10,0.07,8.71,2.29,0.0723,0.0131,0.1176,1,0.0,0.0,0.0,0.0,0.0,-0.4931,0.0,0.0,0.0,0.0,122,3.5,0.0246,-0.0429,0.2459,0.0574,32,25,0.7812,5.81,7.44,1.56,3.72,5.64,0.1106,0.0,0.2812,0.0625,0,16,0,1,1,2,104.3,117.6,104.3,-13.3,8.4,0.1269,0.3,71.4,45.8,4.19,3.0,-1.19
00-0035628,D'Ernest Johnson,RB,CLE,2021,12,8,0.0,8.33,2.08,0.0667,0.001,0.1008,0,,,,,,,,,,,100,5.34,0.03,0.0644,0.24,0.16,25,19,0.76,5.48,7.21,0.24,22.833,7.26,0.028,0.0,0.28,0.12,0,17,0,0,0,5,104.1,90.5,104.1,13.6,7.54,0.1111,0.0,56.4,34.1,2.33,3.0,0.67
00-0030513,Latavius Murray,RB,BAL,2021,14,10,0.0,8.5,0.93,0.0255,-0.0006,0.0379,0,,,,,,,,,,,119,4.21,0.0504,-0.0575,0.3025,0.0756,13,10,0.7692,5.77,7.5,0.08,75.0,7.1,-0.041,0.0,0.1538,0.1538,0,14,0,3,3,0,103.6,95.1,103.6,8.5,6.79,0.0855,0.0,72.9,22.2,4.46,6.0,1.54
00-0033118,Kenyan Drake,RB,LV,2021,12,12,0.0,5.25,3.33,0.088,0.0153,0.1426,0,,,,,,,,,,,63,4.03,0.0317,-0.1446,0.2381,0.0794,40,30,0.75,7.28,9.7,1.77,4.099,8.63,0.1344,0.025,0.3,0.15,0,12,5,0,5,0,102.5,94.6,102.5,7.9,7.89,0.098,0.0,33.0,61.7,1.69,3.0,1.31
00-0034414,Boston Scott,RB,PHI,2021,9,7,0.0,9.67,1.78,0.069,-0.0049,0.1,0,,,,,,,,,,,87,4.29,0.0805,0.0367,0.2759,0.0805,16,13,0.8125,5.19,6.38,-0.56,-9.222,7.38,-0.2767,0.0,0.1875,0.1875,1,16,1,0,1,7,98.6,97.8,98.6,0.8,10.86,0.1494,0.0,73.1,24.6,6.9,7.0,0.1
00-0033925,D'Onta Foreman,RB,TEN,2021,9,5,0.0,14.78,1.22,0.0405,-0.0014,0.0597,0,,,,,,,,,,,133,4.26,0.0226,-0.1035,0.1654,0.0827,11,9,0.8182,11.18,13.67,-0.09,-123.0,13.78,0.8163,0.0,0.5455,0.1818,1,9,0,0,0,0,93.9,93.9,93.9,0.0,10.43,0.1445,0.0,77.1,16.8,3.46,3.0,-0.46
00-0032104,Ameer Abdullah,RB,CAR,2021,15,11,0.0,3.4,3.53,0.1063,0.0048,0.1628,0,,,,,,,,,,,51,3.25,0.0,-0.2156,0.1569,0.0588,53,38,0.717,5.45,7.61,0.81,6.721,7.74,-0.1267,0.0189,0.2453,0.0755,0,17,0,0,0,2,89.5,105.2,89.5,-15.7,7.01,0.0975,0.0,27.9,77.3,2.11,1.0,-1.11
00-0034440,Justin Jackson,RB,LAC,2021,13,9,0.0,5.23,1.92,0.0538,0.006,0.0849,0,,,,,,,,,,,68,5.35,0.0294,0.0002,0.2647,0.1029,25,22,0.88,7.12,8.09,0.8,8.9,7.5,0.2373,0.0,0.32,0.08,1,14,0,3,3,1,86.2,82.9,86.2,3.3,6.38,0.0707,0.0,43.4,39.5,3.0,2.0,-1.0
00-0033526,Samaje Perine,RB,CIN,2021,15,12,0.0,3.67,2.07,0.0645,0.001,0.0975,0,,,,,,,,,,,55,4.47,0.0182,-0.1228,0.2,0.1273,31,27,0.871,6.32,7.26,0.23,28.0,7.33,0.2129,0.0323,0.2903,0.0323,0,16,1,0,1,1,83.2,73.6,83.2,9.6,4.91,0.0678,0.0,26.9,46.7,1.21,2.0,0.79
00-0032187,David Johnson,RB,HOU,2021,13,11,0.0,5.15,3.23,0.1123,0.0201,0.1825,0,,,,,,,,,,,67,3.4,0.0,-0.3236,0.1045,0.0448,42,32,0.7619,5.36,7.03,2.07,2.586,5.97,-0.204,0.0238,0.2619,0.0238,1,13,2,2,4,0,81.3,102.2,81.3,-21.0,7.87,0.122,0.0,33.6,68.7,2.7,1.0,-1.7
00-0034816,Ronald Jones,RB,TB,2021,15,12,0.0,6.73,0.87,0.0229,-0.0031,0.0321,0,,,,,,,,,,,101,4.24,0.0396,-0.0381,0.2475,0.0792,13,10,0.7692,4.92,6.4,-1.15,-4.267,7.7,0.0214,0.0,0.1538,0.0,2,16,0,1,1,1,79.2,90.2,79.2,-11.0,6.01,0.0605,0.0,67.5,22.6,4.27,4.0,-0.27
00-0036906,Khalil Herbert,RB,CHI,2021,14,10,0.0,7.36,1.14,0.0371,-0.0021,0.0543,0,,,,,,,,,,,103,4.2,0.0194,-0.029,0.233,0.0874,16,14,0.875,6.0,6.86,-0.31,-19.2,7.21,-0.0478,0.0,0.375,0.125,0,17,0,0,0,3,78.9,78.2,78.9,0.7,5.58,0.0774,0.0,55.4,22.8,2.12,2.0,-0.12
00-0033955,Jeremy McNichols,RB,TEN,2021,13,10,0.0,3.15,2.92,0.0864,0.0025,0.1313,0,,,,,,,,,,,41,3.8,0.0,-0.2134,0.1463,0.122,38,28,0.7368,6.32,8.57,-0.05,-120.0,9.11,0.1595,0.0263,0.2895,0.0789,0,14,0,2,2,1,73.6,80.4,73.6,-6.8,6.18,0.0809,0.0,23.1,57.2,1.77,1.0,-0.77
00-0034253,Dontrell Hilliard,RB,TEN,2021,7,3,0.0,8.0,3.71,0.1157,-0.0191,0.1602,0,,,,,,,,,,,56,6.25,0.0357,0.1618,0.2679,0.1964,26,19,0.7308,3.35,4.58,-0.88,-3.783,5.68,-0.2664,0.0,0.2692,0.0385,1,8,0,0,0,1,72.7,68.2,72.7,4.5,9.75,0.1348,0.0,31.4,36.9,1.65,2.0,0.35
00-0032426,Alex Collins,RB,SEA,2021,11,11,0.0,9.82,0.91,0.0331,0.0011,0.0504,0,,,,,,,,,,,108,3.81,0.0185,-0.112,0.2037,0.0833,10,9,0.9,8.7,9.67,0.2,43.5,10.67,-0.1431,0.0,0.3,0.2,1,11,2,4,6,0,68.8,77.0,68.8,-8.2,7.0,0.1091,0.0,62.6,14.4,2.73,2.0,-0.73
00-0032780,Jordan Howard,RB,PHI,2021,7,4,0.0,12.29,0.71,0.0261,0.0048,0.0425,0,,,,,,,,,,,86,4.72,0.0349,-0.0066,0.2791,0.1047,5,2,0.4,3.8,9.5,1.8,2.111,7.0,-0.1654,0.0,0.4,0.0,0,7,1,2,3,0,62.5,67.0,62.5,-4.5,9.57,0.1334,0.0,60.6,6.4,4.06,3.0,-1.06
00-0035594,Travis Homer,RB,SEA,2021,12,10,0.0,1.75,1.67,0.053,0.0131,0.0887,0,,,,,,,,,,,21,8.43,0.0476,0.4626,0.3333,0.1905,20,16,0.8,8.05,10.06,2.4,3.354,8.0,-0.2174,0.0,0.4,0.15,0,14,1,2,3,2,61.8,42.8,55.8,13.0,3.57,0.0529,0.0,12.6,30.2,0.96,1.0,0.04
00-0030874,Damien Williams,RB,CHI,2021,10,7,0.0,4.0,2.3,0.0783,0.0166,0.129,0,,,,,,,,,,,40,4.1,0.05,-0.033,0.275,0.1,23,16,0.6957,4.48,6.44,1.78,2.512,6.81,-0.2403,0.0435,0.1304,0.087,0,12,1,4,5,2,60.7,58.8,60.7,1.9,5.88,0.0829,0.0,24.9,33.9,2.05,3.0,0.95
00-0036425,DeeJay Dallas,RB,SEA,2021,11,7,0.0,3.0,2.09,0.0731,0.0137,0.1192,0,,,,,,,,,,,33,4.18,0.0606,0.0573,0.303,0.0909,23,21,0.913,5.78,6.33,1.7,3.41,5.24,-0.2334,0.0,0.1739,0.0435,0,17,0,0,0,6,60.1,54.7,60.1,5.4,4.97,0.0769,0.0,20.9,33.8,1.27,2.0,0.73
00-0032257,Duke Johnson,RB,MIA,2021,5,1,0.0,14.2,1.0,0.033,-0.0118,0.0413,0,,,,,,,,,,,71,4.65,0.0423,-0.0207,0.2535,0.1549,5,4,0.8,8.2,10.25,-1.6,-5.125,12.75,0.3922,0.0,0.6,0.2,0,5,0,0,0,0,59.1,56.2,59.1,2.9,11.24,0.1603,0.0,49.5,6.7,3.24,3.0,-0.24
00-0030456,Giovani Bernard,RB,TB,2021,10,10,0.0,0.8,2.9,0.0657,0.0107,0.106,0,,,,,,,,,,,8,7.25,0.0,0.2154,0.375,0.25,29,23,0.7931,4.24,5.35,1.03,4.1,5.83,-0.0904,0.1034,0.2759,0.0345,0,12,4,1,5,2,59.1,59.2,59.1,-0.1,5.92,0.0593,0.0,4.1,55.1,2.25,3.0,0.75
00-0035715,Derrick Gore,RB,KC,2021,8,5,0.0,6.38,1.12,0.037,0.0038,0.0582,0,,,,,,,,,,,51,5.02,0.0392,0.0059,0.2353,0.098,9,8,0.8889,11.67,13.12,1.22,9.545,11.25,0.7362,0.0,0.3333,0.2222,0,11,0,1,1,3,56.1,47.2,56.1,8.9,5.9,0.0629,0.0,32.1,15.1,1.79,2.0,0.21
00-0036755,Jaret Patterson,RB,WAS,2021,14,10,0.0,4.86,0.79,0.027,0.0001,0.0406,0,,,,,,,,,,,68,3.91,0.0294,-0.07,0.2206,0.0882,11,10,0.9091,6.64,7.3,-0.27,-24.333,7.5,0.2698,0.0,0.4545,0.0,0,17,0,0,0,3,55.9,53.4,55.9,2.5,3.81,0.0546,0.0,37.8,15.6,1.32,2.0,0.68
00-0035806,JaMycal Hasty,RB,SF,2021,10,6,0.0,1.6,2.9,0.0955,0.0267,0.1619,0,,,,,,,,,,,16,4.25,0.0625,0.1673,0.375,0.125,29,23,0.7931,5.41,6.83,2.41,2.243,5.57,-0.0815,0.0,0.2414,0.0345,0,11,3,3,6,1,51.5,56.3,51.5,-4.8,5.63,0.0813,0.0,11.8,44.4,1.99,1.0,-0.99
00-0034115,Jeff Wilson,RB,SF,2021,6,4,0.0,13.17,1.33,0.0513,-0.0049,0.0734,0,,,,,,,,,,,79,3.72,0.0253,-0.1284,0.2405,0.0759,8,7,0.875,3.88,4.43,-1.25,-3.1,6.14,-0.1486,0.0,0.125,0.0,0,10,7,0,7,4,51.5,63.6,51.5,-12.1,10.61,0.1493,0.0,48.4,15.2,3.25,2.0,-1.25
00-0032058,Tevin Coleman,RB,NYJ,2021,11,8,0.0,7.64,1.45,0.0479,-0.0038,0.0691,0,,,,,,,,,,,84,4.24,0.0,-0.07,0.2262,0.119,16,11,0.6875,3.06,4.45,-1.44,-2.13,8.0,-0.1453,0.0,0.125,0.0,0,11,1,5,6,0,51.5,74.0,51.5,-22.5,6.73,0.0978,0.0,47.5,26.5,3.24,0.0,-3.24
00-0036654,Demetric Felton,RB,CLE,2021,11,9,0.0,0.64,1.91,0.0688,-0.0028,0.1013,0,,,,,,,,,,,7,3.43,0.0,-0.3634,0.0,0.1429,21,18,0.8571,8.62,10.06,0.43,20.111,11.17,0.4549,0.0952,0.4762,0.1429,0,16,1,0,1,5,50.5,35.1,50.5,15.4,3.19,0.0464,0.0,3.8,31.3,0.37,2.0,1.63
00-0033854,Dare Ogunbowale,RB,JAX,2021,10,6,0.0,4.3,2.1,0.0626,0.012,0.1024,0,,,,,,,,,,,43,3.19,0.0233,-0.2395,0.1163,0.0233,21,13,0.619,5.43,8.77,1.48,3.677,7.69,-0.056,0.0476,0.1429,0.0952,0,17,0,0,0,7,50.1,56.0,50.1,-5.9,5.6,0.0746,0.0,23.9,32.2,1.58,2.0,0.42
00-0032741,Peyton Barber,RB,LV,2021,9,6,0.0,6.11,1.44,0.0392,0.0031,0.061,0,,,,,,,,,,,55,3.85,0.0364,-0.1794,0.2182,0.1091,13,10,0.7692,5.15,6.7,1.54,3.35,7.3,-0.0034,0.0,0.2308,0.0769,0,11,0,6,6,2,49.9,50.6,49.9,-0.7,5.62,0.078,0.0,29.9,20.7,1.91,2.0,0.09
00-0036857,Chris Evans,RB,CIN,2021,9,7,0.0,1.89,1.89,0.0666,0.0191,0.1132,0,,,,,,,,,,,17,4.53,0.0,0.0402,0.1765,0.1765,17,15,0.8824,8.88,10.07,2.94,3.02,7.53,0.7078,0.1176,0.3529,0.0588,0,14,0,3,3,5,49.8,38.6,49.8,11.2,4.29,0.0609,0.0,10.0,28.6,1.57,2.0,0.43
00-0033594,Chris Carson,RB,SEA,2021,4,4,0.0,13.5,1.5,0.0649,-0.0177,0.085,0,,,,,,,,,,,54,4.3,0.0556,-0.0328,0.2037,0.037,6,6,1.0,4.83,4.83,-2.17,-2.231,7.0,-0.0813,0.0,0.1667,0.1667,1,4,12,1,13,0,48.1,42.2,48.1,5.9,10.55,0.1693,0.0,33.3,8.9,1.55,3.0,1.45
00-0031045,Carlos Hyde,RB,JAX,2021,11,11,0.0,6.55,1.91,0.0492,0.0102,0.081,0,,,,,,,,,,,72,3.51,0.0139,-0.3478,0.1944,0.0556,21,12,0.5714,3.1,5.42,1.48,2.097,6.25,-0.3128,0.0,0.0476,0.0,2,12,3,2,5,1,45.8,73.7,45.8,-27.9,6.7,0.093,0.0,43.7,30.0,2.5,1.0,-1.5
00-0034109,Phillip Lindsay,RB,HOU,2021,14,11,0.0,6.29,0.36,0.0101,-0.0027,0.0132,0,,,,,,,,,,,88,2.83,0.0114,-0.261,0.125,0.0227,5,4,0.8,9.0,11.25,-2.2,-4.091,13.25,0.7898,0.2,0.2,0.2,0,14,1,1,2,0,45.4,57.5,45.4,-12.1,4.11,0.0619,0.0,47.2,10.3,2.03,2.0,-0.03
00-0033308,Matt Breida,RB,BUF,2021,7,6,0.0,3.71,1.29,0.0412,0.0036,0.0643,0,,,,,,,,,,,26,4.81,0.0385,-0.3306,0.1923,0.1154,9,7,0.7778,8.0,10.29,0.89,9.0,8.71,0.6474,0.2222,0.4444,0.2222,1,9,0,8,8,2,42.7,31.9,42.7,10.8,4.56,0.0554,0.0,16.0,16.0,1.17,3.0,1.83
00-0036457,Ty'Son Williams,RB,BAL,2021,7,6,0.0,5.0,1.71,0.0545,0.0091,0.0881,0,,,,,,,,,,,35,5.29,0.0286,-0.0209,0.2286,0.1714,12,9,0.75,7.0,9.33,2.5,2.8,7.89,0.0973,0.0,0.3333,0.0833,0,14,0,3,3,7,41.9,39.5,41.9,2.4,5.65,0.0674,0.0,20.5,19.0,1.18,1.0,-0.18
00-0036020,Salvon Ahmed,RB,MIA,2021,11,11,0.0,4.91,1.73,0.0487,0.0143,0.0831,0,,,,,,,,,,,54,2.76,0.0,-0.2216,0.1481,0.0556,19,12,0.6316,6.16,9.75,2.16,2.854,10.25,0.0909,0.0,0.2105,0.1053,0,13,0,4,4,2,38.6,53.9,38.6,-15.3,4.9,0.0628,0.0,26.0,27.9,0.63,0.0,-0.63
00-0030496,Le'Veon Bell,RB,BAL,2021,8,5,0.0,4.88,0.88,0.0206,0.0011,0.0317,0,,,,,,,,,,,39,2.59,0.0513,-0.1739,0.2308,0.0256,7,5,0.7143,4.29,6.0,0.71,6.0,5.2,0.4797,0.1429,0.4286,0.0,0,8,0,0,0,0,38.1,39.8,38.1,-1.7,4.98,0.0567,0.0,26.9,13.0,2.24,3.0,0.76
00-0036450,Ke'Shawn Vaughn,RB,TB,2021,6,2,0.0,6.0,1.33,0.0317,0.0047,0.0508,0,,,,,,,,,,,36,5.0,0.0556,-0.0892,0.25,0.1389,8,4,0.5,3.25,6.5,1.62,2.0,3.5,-0.1276,0.0,0.125,0.0,0,12,0,5,5,6,36.6,34.5,36.6,2.1,5.75,0.0593,0.0,21.8,12.7,1.27,2.0,0.73
00-0031376,Jerick McKinnon,RB,KC,2021,7,6,0.0,1.71,2.86,0.0658,-0.0061,0.0945,0,,,,,,,,,,,12,5.17,0.0,-0.1611,0.1667,0.0833,20,13,0.65,5.35,8.23,-0.45,-11.889,10.31,0.1088,0.05,0.3,0.0,0,13,4,0,4,6,35.9,37.4,35.0,-2.4,5.34,0.0545,0.0,6.4,31.0,0.93,1.0,0.07
00-0035567,Craig Reynolds,RB,DET,2021,5,1,0.0,11.0,1.6,0.0465,0.0036,0.0722,0,,,,,,,,,,,55,4.18,0.0,-0.1412,0.2,0.0727,8,7,0.875,6.5,7.43,0.62,10.4,7.86,0.1881,0.0,0.375,0.0,0,5,0,0,0,0,35.2,41.0,35.2,-5.8,8.19,0.1148,0.0,29.9,11.1,1.17,0.0,-1.17
00-0034838,Royce Freeman,RB,CAR,2021,11,8,0.0,5.09,1.45,0.0384,-0.0021,0.056,0,,,,,,,,,,,56,3.02,0.0,-0.1699,0.1429,0.0357,16,10,0.625,4.81,7.7,-0.38,-12.833,7.5,-0.1096,0.0,0.25,0.0,0,15,0,2,2,4,34.6,51.4,34.6,-16.8,4.68,0.0645,0.0,29.8,21.6,0.97,0.0,-0.97
00-0031062,James White,RB,NE,2021,3,3,0.0,3.33,4.67,0.1394,0.0483,0.2429,0,,,,,,,,,,,10,3.8,0.1,0.1743,0.4,0.1,14,12,0.8571,6.71,7.83,3.64,1.843,5.83,0.2414,0.0,0.3571,0.1429,0,3,14,0,14,0,31.2,25.9,31.2,5.3,8.64,0.1147,0.0,5.8,20.1,0.42,1.0,0.58
00-0033725,Corey Clement,RB,DAL,2021,5,3,0.0,6.6,1.4,0.0449,0.0102,0.0745,0,,,,,,,,,,,33,4.24,0.0,-0.1498,0.2121,0.0606,7,6,0.8571,4.14,4.83,1.71,2.417,2.83,-0.2674,0.1429,0.1429,0.0,0,17,0,0,0,12,28.9,29.6,28.9,-0.6,5.91,0.064,0.0,17.1,12.5,0.89,1.0,0.11
00-0036984,Trey Sermon,RB,SF,2021,5,5,0.0,8.2,0.8,0.0258,0.0135,0.0482,0,,,,,,,,,,,41,4.07,0.0244,-0.0409,0.2195,0.0732,4,3,0.75,6.5,8.67,2.5,2.6,6.0,0.397,0.0,0.25,0.25,0,9,6,2,8,4,28.3,29.1,28.3,-0.8,5.82,0.0743,0.0,23.1,6.0,0.74,1.0,0.26
00-0036383,Eno Benjamin,RB,ARI,2021,7,5,0.0,4.86,1.0,0.0323,-0.011,0.0408,0,,,,,,,,,,,34,3.47,0.0294,-0.1775,0.1176,0.0588,7,6,0.8571,6.0,7.0,-0.14,-42.0,7.67,0.5111,0.0,0.5714,0.0,0,10,0,7,7,3,28.0,28.1,28.0,-0.1,4.01,0.0521,0.0,17.8,10.3,0.57,1.0,0.43
00-0034614,Godwin Igwebuike,RB,DET,2021,8,6,0.0,2.25,1.25,0.0427,0.0016,0.0651,0,,,,,,,,,,,18,6.56,0.0556,-0.2541,0.3889,0.1667,10,7,0.7,6.0,8.57,1.5,4.0,9.14,-0.2083,0.0,0.4,0.2,2,17,0,0,0,9,26.8,24.6,26.8,2.2,3.07,0.0491,0.0,10.0,14.5,0.34,1.0,0.66
00-0025394,Adrian Peterson,RB,TEN,2021,4,4,0.0,9.5,1.0,0.0287,-0.0209,0.0284,0,,,,,,,,,,,38,2.58,0.0526,-0.2596,0.1579,0.0526,4,4,1.0,2.0,2.0,-2.75,-0.727,4.75,-0.3194,0.0,0.0,0.0,0,4,0,0,0,0,26.6,39.5,26.6,-12.9,9.88,0.121,0.0,31.0,8.5,3.43,2.0,-1.43
00-0036670,Jermar Jefferson,RB,DET,2021,4,3,0.0,3.75,1.25,0.0378,0.0018,0.058,0,,,,,,,,,,,15,4.93,0.1333,0.2131,0.2667,0.0667,5,4,0.8,4.6,5.75,0.2,23.0,5.25,-0.0645,0.0,0.4,0.0,0,7,0,10,10,3,25.7,15.6,25.7,10.1,3.9,0.0587,0.0,8.5,7.1,0.41,2.0,1.59
00-0033025,Jalen Richard,RB,LV,2021,8,5,0.0,1.12,1.75,0.0516,0.0063,0.0818,0,,,,,,,,,,,9,4.44,0.0,-0.1467,0.3333,0.1111,14,12,0.8571,5.14,6.0,0.5,10.286,5.58,-0.2226,0.0,0.2857,0.0714,0,10,5,2,7,2,23.2,27.0,23.2,-3.8,3.38,0.0439,0.0,5.6,21.4,0.6,0.0,-0.6
00-0036842,Kene Nwangwu,RB,MIN,2021,6,3,0.0,2.17,0.83,0.0217,-0.0028,0.0306,0,,,,,,,,,,,13,4.69,0.0,-0.0496,0.2308,0.1538,5,4,0.8,1.8,2.25,-1.2,-1.5,4.75,-0.5922,0.0,0.0,0.0,0,11,6,0,6,5,23.0,17.3,11.0,-6.3,2.89,0.0398,0.0,9.3,8.0,0.61,0.0,-0.61
00-0031806,Malcolm Brown,RB,MIA,2021,6,6,0.0,5.5,0.83,0.0204,-0.0011,0.0298,0,,,,,,,,,,,33,3.79,0.0303,-0.2587,0.1818,0.0909,5,3,0.6,2.0,3.33,-0.4,-5.0,2.67,-0.4505,0.0,0.0,0.0,0,7,10,0,10,1,22.5,34.4,22.5,-11.9,5.73,0.0711,0.0,26.9,7.4,2.48,1.0,-1.48
00-0035860,Tony Jones,RB,NO,2021,10,7,0.0,5.4,0.8,0.0356,-0.002,0.0521,0,,,,,,,,,,,54,2.63,0.0,-0.3461,0.1296,0.0185,8,5,0.625,3.62,5.8,0.12,29.0,5.6,-0.193,0.0,0.25,0.125,0,11,5,1,6,1,22.1,43.2,22.1,-21.1,4.32,0.0712,0.0,29.4,13.8,1.29,0.0,-1.29
00-0033376,Patrick Ricard,RB,BAL,2021,7,7,0.0,0.29,1.86,0.053,0.0068,0.0843,0,,,,,,,,,,,2,2.0,0.0,0.3564,1.0,0.0,13,8,0.6154,4.85,7.88,1.08,4.5,5.62,-0.2439,0.0769,0.2308,0.0769,0,13,1,3,4,6,20.7,25.0,20.7,-4.3,3.57,0.043,0.0,0.7,24.3,1.17,1.0,-0.17
00-0032975,Jonathan Williams,RB,WAS,2021,5,1,0.0,3.4,1.2,0.037,-0.0143,0.0456,0,,,,,,,,,,,17,4.65,0.0588,0.4301,0.4118,0.1176,6,4,0.6667,4.67,7.0,-2.33,-2.0,9.0,-1.4213,0.0,0.3333,0.1667,0,5,0,0,0,0,20.7,22.9,20.7,-2.2,4.57,0.0724,0.0,14.3,8.5,1.25,1.0,-0.25
00-0035273,Qadree Ollison,RB,ATL,2021,6,3,0.0,3.5,1.0,0.0312,-0.0008,0.0463,0,,,,,,,,,,,21,5.0,0.0476,-0.2246,0.3333,0.2381,6,4,0.6667,2.0,3.0,0.0,,1.75,-0.689,0.0,0.1667,0.0,1,8,0,0,0,2,19.7,20.6,19.7,-0.9,3.43,0.0526,0.0,10.2,10.4,0.68,1.0,0.32
00-0035187,Austin Walter,RB,NYJ,2021,4,2,0.0,6.5,0.75,0.0248,-0.0154,0.0264,0,,,,,,,,,,,26,3.88,0.0385,-0.0644,0.1923,0.1538,3,2,0.6667,3.0,4.5,-3.0,-1.0,6.5,-0.2762,0.0,0.3333,0.0,0,4,0,3,3,0,19.0,20.0,19.0,-1.0,5.0,0.0699,0.0,15.9,4.1,0.89,1.0,0.11
00-0036096,J.J. Taylor,RB,NE,2021,5,5,0.0,3.8,0.8,0.0176,-0.0024,0.0247,0,,,,,,,,,,,19,1.95,0.1053,-0.2692,0.1579,0.0526,4,4,1.0,2.0,2.0,-0.5,-4.0,2.5,-1.7197,0.0,0.0,0.0,1,6,2,9,11,1,18.5,24.3,18.5,-5.8,4.86,0.0594,0.0,18.1,6.2,1.92,2.0,0.08
00-0035973,Patrick Taylor,RB,GB,2021,4,2,0.0,5.75,0.5,0.0143,-0.0023,0.0198,0,,,,,,,,,,,23,3.87,0.0435,0.0125,0.2174,0.087,2,2,1.0,1.5,1.5,-1.0,-1.5,2.5,0.5089,0.0,0.5,0.0,0,9,0,0,0,5,17.2,21.7,17.2,-4.5,5.42,0.066,0.0,17.4,4.3,1.73,1.0,-0.73
00-0036370,Joshua Kelley,RB,LAC,2021,8,6,0.0,4.12,0.75,0.0197,0.0069,0.0345,0,,,,,,,,,,,33,3.09,0.0,-0.4568,0.1515,0.0606,6,5,0.8333,6.33,7.6,2.17,2.923,6.2,0.1709,0.0,0.1667,0.1667,1,11,0,6,6,3,17.0,31.9,17.0,-14.9,3.98,0.0455,0.0,21.9,9.9,1.41,0.0,-1.41
00-0036650,Larry Rountree III,RB,LAC,2021,8,8,0.0,4.5,0.25,0.0067,-0.0005,0.0097,0,,,,,,,,,,,36,2.42,0.0278,-0.2835,0.1389,0.0278,2,1,0.5,-0.5,-1.0,-0.5,1.0,0.0,-0.6345,0.0,0.0,0.0,0,12,0,5,5,4,15.6,26.6,15.6,-11.0,3.33,0.0387,0.0,23.7,3.0,1.53,1.0,-0.53
00-0033950,Wayne Gallman,RB,ATL,2021,6,6,0.0,4.67,0.5,0.0165,0.0022,0.0263,0,,,,,,,,,,,28,3.71,0.0,-0.1651,0.1786,0.1786,3,1,0.3333,7.0,21.0,1.67,4.2,20.0,0.2668,0.0,0.3333,0.3333,0,8,0,8,8,2,13.5,18.2,13.5,-4.7,3.04,0.0421,0.0,14.7,3.6,0.19,0.0,-0.19
00-0035217,Benny Snell,RB,PIT,2021,13,10,0.0,2.77,0.31,0.0091,-0.0012,0.0127,0,,,,,,,,,,,36,2.72,0.0,-0.3106,0.0556,0.0,4,2,0.5,3.25,6.5,-1.0,-3.25,10.0,-0.5577,0.0,0.0,0.0,0,17,0,0,0,4,13.1,22.4,13.1,-9.3,1.72,0.0221,0.0,16.8,5.6,0.23,0.0,-0.23
00-0033951,Marlon Mack,RB,IND,2021,5,5,0.0,5.6,1.0,0.03,0.0116,0.0531,0,,,,,,,,,,,28,3.61,0.0,-0.209,0.2143,0.1429,5,2,0.4,1.6,4.0,3.2,0.5,2.0,-0.4295,0.0,0.0,0.0,0,7,0,10,10,2,12.9,20.7,12.9,-7.8,4.14,0.059,0.0,13.1,7.6,0.2,0.0,-0.2
00-0035268,Ryquell Armstead,RB,JAX,2021,2,0,0.0,7.5,2.0,0.0697,-0.0009,0.104,0,,,,,,,,,,,15,5.33,0.0,0.1131,0.2,0.0667,4,3,0.75,4.0,5.33,0.0,,6.67,-1.475,0.0,0.25,0.0,0,2,0,1,1,0,12.6,13.6,12.6,-1.0,6.81,0.1104,0.0,7.9,5.7,0.22,0.0,-0.22
00-0035957,Rodney Smith,RB,CAR,2021,1,1,0.0,0.0,5.0,0.1282,0.0473,0.2254,0,,,,,,,,,,,0,,,,,,5,5,1.0,9.6,9.6,3.2,3.0,6.4,0.5756,0.0,0.4,0.2,0,2,0,0,0,1,9.8,7.6,9.8,2.2,7.6,0.0916,0.0,0.0,7.6,0.04,0.0,-0.04
00-0035924,Jonathan Ward,RB,ARI,2021,6,2,0.0,1.5,0.67,0.0157,0.005,0.0271,0,,,,,,,,,,,9,3.67,0.0,0.314,0.3333,0.0,4,3,0.75,8.5,11.33,3.25,2.615,8.67,0.8347,0.0,0.25,0.25,0,13,1,3,4,7,9.7,10.8,9.7,-1.1,1.8,0.0204,0.0,3.9,6.9,0.08,0.0,-0.08
00-0033296,Alex Armah,RB,NO,2021,5,5,0.0,1.0,0.2,0.0057,0.0,0.0086,0,,,,,,,,,,,5,4.2,0.0,0.0945,0.8,0.0,1,1,1.0,1.0,1.0,0.0,,1.0,1.3159,1.0,1.0,0.0,0,11,0,1,1,6,9.2,7.2,9.2,2.0,1.43,0.0181,0.0,2.3,4.9,0.73,1.0,0.27
00-0034311,Johnny Stanton,RB,CLE,2021,3,3,0.0,1.0,0.67,0.0212,0.0042,0.0347,0,,,,,,,,,,,3,1.67,0.0,0.2032,0.6667,0.0,2,2,1.0,3.5,3.5,1.5,2.333,2.0,-0.0068,0.5,0.5,0.0,0,4,0,0,0,1,9.2,8.8,9.2,0.4,2.94,0.0434,0.0,3.3,5.5,1.01,1.0,-0.01
00-0036493,Deon Jackson,RB,IND,2021,3,2,0.0,4.33,0.0,0.0,0.0,0.0,0,,,,,,,,,,,13,2.38,0.0769,-0.3848,0.1538,0.0769,0,0,,,,,,,,,,,0,10,0,0,0,7,9.1,7.6,9.1,1.5,2.54,0.0373,0.0,7.6,0.0,0.53,1.0,0.47
00-0036768,JaQuan Hardy,RB,DAL,2021,2,1,0.0,2.0,0.0,0.0,0.0,0.0,0,,,,,,,,,,,4,7.25,0.25,0.6588,0.25,0.25,0,0,,,,,,,,,,,0,3,0,0,0,1,8.9,2.3,8.9,6.6,1.16,0.0138,0.0,2.3,0.0,0.1,1.0,0.9
00-0032782,Wendell Smallwood,RB,WAS,2021,2,1,0.0,2.5,2.5,0.0775,0.0066,0.1208,0,,,,,,,,,,,5,5.0,0.0,0.1531,0.4,0.2,5,4,0.8,4.4,5.5,0.6,7.333,3.5,-0.2952,0.0,0.0,0.0,0,3,0,0,0,1,8.7,9.6,8.7,-0.9,4.79,0.0694,0.0,2.6,6.9,0.02,0.0,-0.02
00-0035726,Jakob Johnson,RB,NE,2021,3,2,0.0,0.0,1.67,0.047,0.0101,0.0776,0,,,,,,,,,,,0,,,,,,5,4,0.8,8.6,10.75,2.0,4.3,8.5,0.5665,0.0,0.4,0.2,0,17,0,0,0,14,8.3,10.5,8.3,-2.2,3.48,0.0384,0.0,0.0,10.5,0.58,0.0,-0.58
00-0034208,Mike Boone,RB,DEN,2021,2,2,0.0,2.0,1.0,0.0243,-0.0004,0.0362,0,,,,,,,,,,,4,8.75,0.0,0.4286,0.5,0.5,2,2,1.0,11.0,11.0,-1.0,-11.0,12.0,1.0572,0.0,0.5,0.5,0,8,7,2,9,6,7.7,4.7,7.7,3.0,2.36,0.0279,0.0,2.0,2.8,0.01,0.0,-0.01
00-0035291,Trayveon Williams,RB,CIN,2021,2,1,0.0,7.5,1.0,0.0345,-0.0213,0.0368,0,,,,,,,,,,,15,3.4,0.0,-0.0141,0.2667,0.0667,2,1,0.5,2.0,4.0,-3.5,-0.571,11.0,-0.3451,0.0,0.0,0.0,0,5,0,3,3,3,6.5,9.2,6.5,-2.7,4.59,0.073,0.0,6.7,2.5,0.19,0.0,-0.19
00-0034378,Ito Smith,RB,DAL,2021,1,0,0.0,1.0,0.0,0.0,0.0,0.0,0,,,,,,,,,,,1,4.0,1.0,2.1764,1.0,0.0,0,0,,,,,,,,,,,0,1,0,0,0,0,6.4,1.9,6.4,4.6,1.85,0.0243,0.0,1.9,0.0,0.28,1.0,0.72
00-0034799,Kalen Ballage,RB,PIT,2021,8,7,0.0,1.5,0.88,0.024,-0.0013,0.0351,0,,,,,,,,,,,12,3.0,0.0,-0.1695,0.1667,0.1667,7,2,0.2857,1.14,4.0,0.29,4.0,5.0,-1.0067,0.0,0.0,0.0,0,17,0,0,0,9,6.4,19.0,6.4,-12.6,2.38,0.0291,0.0,6.1,12.9,0.59,0.0,-0.59
00-0036187,Reggie Gilliam,RB,BUF,2021,6,4,0.0,0.5,0.83,0.0211,0.0088,0.0379,0,,,,,,,,,,,3,1.0,0.0,-1.0669,0.0,0.0,5,3,0.6,4.6,7.67,4.2,1.095,7.33,0.0537,0.0,0.0,0.0,0,16,0,1,1,10,5.6,10.7,5.6,-5.1,1.79,0.018,0.0,1.4,9.3,0.47,0.0,-0.47
00-0034331,Jaylen Samuels,RB,HOU,2021,2,1,0.0,2.5,2.0,0.0692,-0.0112,0.096,0,,,,,,,,,,,5,1.8,0.0,-0.5008,0.0,0.0,4,3,0.75,3.5,4.67,-1.0,-3.5,5.67,-0.0604,0.0,0.25,0.0,0,3,0,0,0,1,5.3,7.6,5.3,-2.3,3.78,0.0706,0.0,2.3,5.3,0.03,0.0,-0.03
00-0036278,Jason Huntley,RB,PHI,2021,1,0,0.0,13.0,1.0,0.0294,0.0,0.0441,0,,,,,,,,,,,13,3.92,0.0,-0.1271,0.1538,0.1538,1,0,0.0,0.0,,0.0,,,-0.6463,0.0,0.0,0.0,0,1,0,0,0,0,5.1,8.1,5.1,-3.0,8.11,0.1067,0.0,6.8,1.3,0.11,0.0,-0.11
00-0035342,Patrick Laird,RB,MIA,2021,3,3,0.0,0.33,1.0,0.0289,-0.0034,0.0409,0,,,,,,,,,,,1,4.0,0.0,-0.1482,0.0,0.0,3,3,1.0,5.67,5.67,-1.0,-5.667,6.67,0.7899,0.0,0.6667,0.0,0,6,4,0,4,3,5.1,6.0,5.1,-0.9,1.99,0.0252,0.0,0.4,5.5,0.32,0.0,-0.32
00-0032450,Dwayne Washington,RB,NO,2021,3,3,0.0,1.33,0.67,0.0221,0.0035,0.0355,0,,,,,,,,,,,4,4.0,0.0,-0.0555,0.0,0.0,2,2,1.0,6.0,6.0,1.0,6.0,5.0,-0.0072,0.0,0.0,0.0,0,14,1,2,3,11,4.8,4.7,4.8,0.1,1.58,0.0219,0.0,2.0,2.8,0.03,0.0,-0.03
00-0036414,Cam Akers,RB,LA,2021,1,0,0.0,5.0,3.0,0.0938,0.0216,0.1557,0,,,,,,,,,,,5,0.6,0.0,-0.3033,0.0,0.0,3,3,1.0,3.33,3.33,2.0,1.667,1.33,-0.1922,0.0,0.0,0.0,0,1,14,2,16,0,4.3,8.7,4.3,-4.4,8.72,0.1219,0.0,4.0,4.8,0.34,0.0,-0.34
00-0036069,Scottie Phillips,RB,HOU,2021,2,2,0.0,3.0,1.5,0.0417,0.0038,0.0652,0,,,,,,,,,,,6,2.17,0.0,-0.2761,0.1667,0.0,3,2,0.6667,3.0,4.5,0.67,4.5,3.5,-0.302,0.0,0.0,0.0,0,3,8,6,14,1,4.2,7.2,4.2,-3.0,3.62,0.0472,0.0,3.0,4.3,0.05,0.0,-0.05
00-0036669,Kylin Hill,RB,GB,2021,4,4,0.0,2.5,0.5,0.0145,-0.0027,0.0199,0,,,,,,,,,,,10,2.4,0.0,-0.3665,0.1,0.0,2,1,0.5,2.5,5.0,-1.5,-1.667,7.0,-0.2072,0.0,0.0,0.0,0,8,9,0,9,4,3.9,8.3,3.9,-4.4,2.06,0.0282,0.0,5.0,3.2,0.09,0.0,-0.09
00-0036297,Darrynton Evans,RB,TEN,2021,1,1,0.0,2.0,2.0,0.0741,-0.0194,0.0975,0,,,,,,,,,,,2,3.5,0.0,-0.6231,0.0,0.0,2,2,1.0,5.5,5.5,-2.0,-2.75,7.5,0.6658,0.0,0.5,0.0,0,1,16,0,16,0,3.8,4.4,3.8,-0.6,4.44,0.0548,0.0,1.0,3.4,0.02,0.0,-0.02
00-0034578,Reggie Bonnafon,RB,CAR,2021,1,0,0.0,1.0,2.0,0.0465,0.0077,0.0752,0,,,,,,,,,,,1,4.0,0.0,-0.2013,0.0,0.0,2,2,1.0,6.0,6.0,1.5,4.0,4.5,0.376,0.0,0.5,0.0,0,4,0,0,0,3,3.6,3.4,3.6,0.2,3.36,0.0409,0.0,0.5,2.9,0.04,0.0,-0.04
00-0036523,Trey Ragas,RB,LV,2021,1,1,0.0,1.0,2.0,0.0465,-0.0363,0.0444,0,,,,,,,,,,,1,9.0,0.0,1.1783,1.0,0.0,2,2,1.0,3.0,3.0,-3.5,-0.857,6.5,-0.1955,0.0,0.0,0.0,0,4,0,0,0,3,3.5,3.3,3.5,0.2,3.33,0.0462,0.0,0.5,2.8,0.02,0.0,-0.02
00-0036269,La'Mical Perine,RB,NYJ,2021,2,2,0.0,4.0,0.0,0.0,0.0,0.0,0,,,,,,,,,,,8,3.88,0.0,-0.2233,0.125,0.125,0,0,,,,,,,,,,,0,4,0,13,13,2,3.1,3.8,3.1,-0.7,1.9,0.0227,0.0,3.8,0.0,0.03,0.0,-0.03
00-0034433,Nick Bawden,RB,NYJ,2021,1,1,0.0,0.0,1.0,0.0286,0.0295,0.0635,0,,,,,,,,,,,0,,,,,,1,1,1.0,20.0,20.0,9.0,2.222,11.0,1.7567,0.0,1.0,1.0,0,9,0,0,0,8,3.0,1.6,3.0,1.4,1.55,0.0201,0.0,0.0,1.6,0.0,0.0,0.0
00-0036336,Anthony McFarland,RB,PIT,2021,2,2,0.0,1.5,0.5,0.0128,0.0,0.0192,0,,,,,,,,,,,3,1.0,0.0,-0.6864,0.0,0.0,1,1,1.0,11.0,11.0,0.0,,11.0,-1.8559,0.0,1.0,0.0,0,2,8,7,15,0,2.4,2.9,2.4,-0.4,1.43,0.0191,0.0,1.5,1.3,0.02,0.0,-0.02
00-0031687,Raheem Mostert,RB,SF,2021,1,1,0.0,2.0,0.0,0.0,0.0,0.0,0,,,,,,,,,,,2,10.0,0.0,0.7609,0.5,0.5,0,0,,,,,,,,,,,0,1,16,0,16,0,2.0,1.1,2.0,0.9,1.11,0.0175,0.0,1.1,0.0,0.01,0.0,-0.01
00-0036569,Gary Brightwell,RB,NYG,2021,2,2,0.0,0.5,0.5,0.0139,0.0016,0.022,0,,,,,,,,,,,1,4.0,0.0,0.1501,0.0,0.0,1,1,1.0,6.0,6.0,1.0,6.0,5.0,-0.1355,0.0,0.0,0.0,0,13,3,1,4,11,2.0,1.8,2.0,0.2,0.89,0.012,0.0,0.4,1.3,0.0,0.0,0.0
00-0034597,Ryan Nall,RB,CHI,2021,2,2,0.0,0.5,0.5,0.0161,0.0097,0.031,0,,,,,,,,,,,1,4.0,0.0,-0.5555,0.0,0.0,1,1,1.0,4.0,4.0,4.0,1.0,0.0,-1.883,0.0,0.0,0.0,0,9,2,2,4,7,1.8,2.0,1.8,-0.2,1.0,0.0154,0.0,0.5,1.5,0.01,0.0,-0.01
00-0035184,Devine Ozigbo,RB,NO,2021,1,1,0.0,1.0,1.0,0.0312,0.0135,0.0563,0,,,,,,,,,,,1,-3.0,0.0,-1.0446,0.0,0.0,1,1,1.0,7.0,7.0,4.0,1.75,3.0,0.7874,0.0,1.0,0.0,0,4,0,2,2,3,1.4,2.0,1.4,-0.6,2.04,0.0258,0.0,0.5,1.5,0.0,0.0,0.0
00-0034808,John Kelly,RB,CLE,2021,1,1,0.0,2.0,0.0,0.0,0.0,0.0,0,,,,,,,,,,,2,6.5,0.0,0.1015,0.5,0.5,0,0,,,,,,,,,,,0,4,1,0,1,3,1.3,1.0,1.3,0.3,1.02,0.0136,0.0,1.0,0.0,0.01,0.0,-0.01
00-0035760,Jacques Patrick,RB,SF,2021,1,1,0.0,2.0,0.0,0.0,0.0,0.0,0,,,,,,,,,,,2,6.0,0.0,0.4099,0.5,0.0,0,0,,,,,,,,,,,0,3,0,0,0,2,1.2,0.9,1.2,0.2,0.95,0.0108,0.0,0.9,0.0,0.01,0.0,-0.01
00-0036698,Mekhi Sargent,RB,TEN,2021,4,3,0.0,1.25,0.25,0.0078,-0.0054,0.0079,0,,,,,,,,,,,5,2.2,0.0,-0.4077,0.2,0.0,1,0,0.0,0.0,,-4.0,-0.0,,-0.4297,0.0,0.0,0.0,0,7,0,4,4,3,1.1,4.3,1.1,-3.2,1.07,0.0128,0.0,2.7,1.6,0.1,0.0,-0.1
00-0034449,Buddy Howell,RB,LA,2021,1,1,0.0,5.0,0.0,0.0,0.0,0.0,0,,,,,,,,,,,5,2.2,0.0,-0.8052,0.0,0.0,0,0,,,,,,,,,,,0,10,3,0,3,9,1.1,2.3,1.1,-1.2,2.34,0.0222,0.0,2.3,0.0,0.03,0.0,-0.03
00-0035448,Damarea Crockett,RB,DEN,2021,1,1,0.0,3.0,0.0,0.0,0.0,0.0,0,,,,,,,,,,,3,2.33,0.0,-0.2978,0.0,0.0,0,0,,,,,,,,,,,0,12,0,0,0,11,0.7,1.2,0.7,-0.5,1.18,0.0146,0.0,1.2,0.0,0.06,0.0,-0.06
00-0036860,Jake Funk,RB,LA,2021,2,1,0.0,1.0,0.0,0.0,0.0,0.0,0,,,,,,,,,,,2,2.5,0.0,-0.5162,0.0,0.0,0,0,,,,,,,,,,,0,10,7,0,7,8,0.5,1.0,0.5,-0.5,0.51,0.0059,0.0,1.0,0.0,0.04,0.0,-0.04
00-0034164,Trenton Cannon,RB,SF,2021,2,2,0.0,1.5,0.0,0.0,0.0,0.0,0,,,,,,,,,,,3,1.33,0.0,-0.8443,0.0,0.0,0,0,,,,,,,,,,,0,12,5,0,5,10,0.4,1.6,0.4,-1.2,0.79,0.011,0.0,1.6,0.0,0.02,0.0,-0.02
00-0035835,Nathan Cottrell,RB,JAX,2021,1,0,0.0,1.0,0.0,0.0,0.0,0.0,0,,,,,,,,,,,1,3.0,0.0,-0.0875,0.0,0.0,0,0,,,,,,,,,,,0,4,0,0,0,3,0.3,0.5,0.3,-0.2,0.51,0.0055,0.0,0.5,0.0,0.0,0.0,0.0
00-0030465,Kenjon Barner,RB,TB,2021,1,0,0.0,4.0,0.0,0.0,0.0,0.0,0,,,,,,,,,,,4,0.0,0.0,-0.5496,0.0,0.0,0,0,,,,,,,,,,,0,3,0,1,1,2,0.0,1.6,0.0,-1.6,1.63,0.0198,0.0,1.6,0.0,0.04,0.0,-0.04
00-0035898,Darius Bradwell,RB,LAC,2021,1,1,0.0,0.0,1.0,0.0227,0.0035,0.0365,0,,,,,,,,,,,0,,,,,,1,0,0.0,0.0,,1.0,0.0,,-0.449,0.0,0.0,0.0,0,2,0,0,0,1,0.0,1.5,0.0,-1.5,1.48,0.019,0.0,0.0,1.5,0.0,0.0,0.0
00-0036582,Nate McCrary,RB,BAL,2021,1,1,0.0,1.0,0.0,0.0,0.0,0.0,0,,,,,,,,,,,1,-1.0,0.0,-0.7256,0.0,0.0,0,0,,,,,,,,,,,0,1,0,2,2,0,-0.1,0.5,-0.1,-0.6,0.51,0.0063,0.0,0.5,0.0,0.0,0.0,0.0
00-0034753,Mark Andrews,TE,BAL,2021,17,13,0.0,0.06,9.0,0.2578,0.3229,0.6127,0,,,,,,,,,,,1,0.0,0.0,-1.0924,0.0,0.0,153,107,0.6993,8.9,12.72,10.29,0.865,4.21,0.3665,0.0588,0.4902,0.1895,0,17,0,0,0,0,301.1,278.7,301.1,22.4,16.4,0.1998,0.0,0.6,278.1,8.36,9.0,0.64
00-0030506,Travis Kelce,TE,KC,2021,16,13,0.0,0.12,8.38,0.2213,0.2109,0.4796,0,,,,,,,,,,,2,1.5,0.5,0.1725,0.5,0.0,134,92,0.6866,8.4,12.23,7.42,1.132,6.13,0.3791,0.0672,0.4701,0.1642,1,16,0,1,1,0,262.8,249.1,262.8,13.7,15.57,0.1703,0.0,4.9,244.2,6.78,10.0,3.22
00-0034383,Dalton Schultz,TE,DAL,2021,17,13,0.0,0.0,6.12,0.1707,0.1455,0.3579,0,,,,,,,,,,,0,,,,,,104,78,0.75,7.77,10.36,7.12,1.09,4.37,0.4456,0.0769,0.4135,0.125,0,17,0,0,0,0,208.8,195.4,208.8,13.4,11.5,0.1306,0.0,0.0,195.4,6.12,8.0,1.88
00-0033288,George Kittle,TE,SF,2021,14,10,0.0,0.21,6.71,0.2244,0.2246,0.4938,0,,,,,,,,,,,3,6.67,0.0,0.5797,0.0,0.0,94,71,0.7553,9.68,12.82,8.27,1.171,6.34,0.2614,0.0638,0.4468,0.2234,1,14,3,0,3,0,198.0,170.9,198.0,27.1,12.21,0.1682,0.0,2.2,168.7,4.17,6.0,1.83
00-0030061,Zach Ertz,TE,ARI,2021,17,13,0.0,0.06,6.59,0.1875,0.1969,0.4191,0,,,,,,,,,,,1,4.0,0.0,0.4553,0.0,0.0,112,74,0.6607,6.81,10.31,7.54,0.904,4.59,0.0838,0.0446,0.3571,0.125,0,17,0,0,0,0,180.7,208.9,180.7,-28.2,12.29,0.1519,0.0,2.8,206.1,7.66,5.0,-2.66
00-0036970,Kyle Pitts,TE,ATL,2021,17,13,0.0,0.0,6.47,0.2034,0.2965,0.5127,0,,,,,,,,,,,0,,,,,,110,68,0.6182,9.33,15.09,10.85,0.86,4.6,0.2394,0.0091,0.3909,0.2455,0,17,0,0,0,0,176.6,190.9,176.6,-14.3,11.23,0.1624,0.0,0.0,190.9,4.23,1.0,-3.23
00-0027656,Rob Gronkowski,TE,TB,2021,12,8,0.0,0.0,7.42,0.1705,0.2221,0.4112,0,,,,,,,,,,,0,,,,,,89,55,0.618,9.01,14.58,10.08,0.894,6.36,0.3676,0.0674,0.382,0.236,0,12,0,5,5,0,171.2,173.3,171.2,-2.1,14.44,0.1511,0.0,0.0,173.3,5.48,6.0,0.52
00-0034829,Mike Gesicki,TE,MIA,2021,17,13,0.06,0.0,6.59,0.184,0.2248,0.4333,1,0.0,0.0,0.0,0.0,0.0,-0.5865,-36.197,0.0,0.0,0.0,0,,,,,,112,73,0.6518,6.96,10.68,9.36,0.744,3.03,0.1692,0.0179,0.3482,0.1518,0,17,0,0,0,0,165.0,191.2,165.0,-26.2,11.25,0.146,0.3,0.0,190.9,3.82,2.0,-1.82
00-0034351,Dallas Goedert,TE,PHI,2021,15,12,0.0,0.0,5.07,0.207,0.1944,0.4465,0,,,,,,,,,,,0,,,,,,76,56,0.7368,10.92,14.82,8.46,1.291,6.89,0.7024,0.0526,0.5526,0.3026,0,15,2,0,2,0,165.0,126.8,165.0,38.2,8.45,0.1137,0.0,0.0,126.8,2.41,4.0,1.59
00-0033090,Hunter Henry,TE,NE,2021,16,12,0.0,0.0,4.69,0.1471,0.1929,0.3556,0,,,,,,,,,,,0,,,,,,75,50,0.6667,8.04,12.06,9.68,0.831,2.88,0.4593,0.12,0.4533,0.16,0,17,0,0,0,1,164.3,145.4,164.3,18.9,9.09,0.1214,0.0,0.0,145.4,7.19,9.0,1.81
00-0035689,Dawson Knox,TE,BUF,2021,15,11,0.0,0.0,4.73,0.1336,0.1151,0.281,0,,,,,,,,,,,0,,,,,,71,49,0.6901,8.27,11.98,7.38,1.12,5.65,0.4675,0.1268,0.4366,0.169,0,15,0,2,2,0,164.1,137.9,163.7,25.8,9.19,0.1008,1.3,0.0,136.7,6.56,9.0,2.44
00-0035644,Noah Fant,TE,DEN,2021,16,12,0.0,0.0,5.62,0.1785,0.1295,0.3584,0,,,,,,,,,,,0,,,,,,90,68,0.7556,7.44,9.85,6.0,1.241,4.69,0.1693,0.0444,0.3222,0.1111,0,16,1,0,1,0,159.0,144.3,159.0,14.7,9.02,0.1303,0.0,0.0,144.3,3.24,4.0,0.76
00-0036894,Pat Freiermuth,TE,PIT,2021,16,13,0.0,0.0,4.94,0.1297,0.1071,0.2695,0,,,,,,,,,,,0,,,,,,79,60,0.7595,6.29,8.28,5.47,1.15,4.12,0.326,0.0886,0.4304,0.0506,1,16,0,1,1,0,151.7,137.8,151.7,13.9,8.61,0.1107,0.0,0.0,137.8,5.1,7.0,1.9
00-0033110,Tyler Higbee,TE,LA,2021,15,12,0.0,0.0,5.67,0.1561,0.1029,0.3062,0,,,,,,,,,,,0,,,,,,85,61,0.7176,6.59,9.18,5.39,1.223,4.51,0.0481,0.0588,0.3882,0.0941,0,15,2,0,2,0,147.0,162.5,147.0,-15.5,10.83,0.1263,0.0,0.0,162.5,6.67,5.0,-1.67
00-0035229,T.J. Hockenson,TE,DET,2021,12,12,0.0,0.0,7.0,0.2054,0.2326,0.471,0,,,,,,,,,,,0,,,,,,84,61,0.7262,6.94,9.56,7.33,0.946,3.26,0.0651,0.0476,0.381,0.119,0,12,4,1,5,0,145.3,137.5,145.3,7.8,11.45,0.165,0.0,0.0,137.5,2.93,4.0,1.07
00-0034270,Tyler Conklin,TE,MIN,2021,17,13,0.0,0.0,5.12,0.1517,0.1006,0.298,0,,,,,,,,,,,0,,,,,,87,61,0.7011,6.82,9.72,5.33,1.278,5.34,0.1304,0.0345,0.2989,0.1379,0,17,0,0,0,0,138.3,156.7,138.3,-18.4,9.22,0.1168,0.0,0.0,156.7,4.93,3.0,-1.93
00-0031610,Darren Waller,TE,LV,2021,11,10,0.0,0.0,8.45,0.2315,0.253,0.5243,0,,,,,,,,,,,0,,,,,,93,55,0.5914,7.15,12.09,9.87,0.724,4.4,0.1308,0.0215,0.3333,0.1828,0,11,1,5,6,0,133.5,169.6,133.5,-36.1,15.42,0.1873,0.0,0.0,169.6,4.62,2.0,-2.62
00-0027061,Jared Cook,TE,LAC,2021,16,13,0.0,0.0,5.19,0.133,0.1388,0.2967,0,,,,,,,,,,,0,,,,,,83,48,0.5783,6.8,11.75,8.25,0.823,4.96,0.0756,0.0482,0.3735,0.1446,0,16,1,0,1,0,132.4,153.2,132.4,-20.8,9.57,0.1079,0.0,0.0,153.2,5.31,4.0,-1.31
00-0032134,C.J. Uzomah,TE,CIN,2021,16,13,0.0,0.0,3.94,0.121,0.0613,0.2245,0,,,,,,,,,,,0,,,,,,63,49,0.7778,7.83,10.06,4.35,1.799,6.12,0.3083,0.0794,0.381,0.127,0,17,0,0,0,1,128.3,99.7,128.3,28.6,6.23,0.0858,0.0,0.0,99.7,2.31,5.0,2.69
00-0033357,Taysom Hill,TE,NO,2021,12,9,11.17,5.83,0.5,0.0171,0.0037,0.0283,134,0.5821,7.3,0.0299,0.0373,0.0629,-0.08,-6.707,0.987,0.3209,0.1045,70,5.34,0.0714,0.2042,0.3714,0.1,6,4,0.6667,8.67,13.0,3.17,2.737,12.5,-0.4716,0.0,0.6667,0.0,0,14,1,2,3,2,121.7,115.7,121.7,6.0,9.65,0.1443,49.5,58.1,8.1,7.88,9.0,1.12
00-0036290,Cole Kmet,TE,CHI,2021,17,13,0.0,0.06,5.47,0.1782,0.165,0.3828,0,,,,,,,,,,,1,0.0,0.0,-0.2222,0.0,0.0,93,60,0.6452,6.58,10.2,7.75,0.849,4.1,-0.0636,0.0,0.3118,0.1183,0,17,0,0,0,0,121.2,156.0,121.2,-34.8,9.18,0.1314,0.0,3.9,152.1,4.02,0.0,-4.02
00-0033895,Gerald Everett,TE,SEA,2021,15,11,0.0,0.2,4.2,0.1467,0.0823,0.2776,0,,,,,,,,,,,3,6.67,0.0,0.1186,0.6667,0.6667,63,48,0.7619,7.59,9.96,5.24,1.448,5.19,0.1724,0.0635,0.4127,0.1111,2,15,2,0,2,0,117.8,112.6,117.8,5.2,7.51,0.1136,0.0,1.9,110.8,4.02,4.0,-0.02
00-0033885,David Njoku,TE,CLE,2021,15,11,0.0,0.07,3.53,0.1238,0.1167,0.2674,0,,,,,,,,,,,1,1.0,0.0,-0.5057,0.0,0.0,53,36,0.6792,8.96,13.19,8.15,1.1,6.86,0.4058,0.0755,0.3208,0.1698,0,16,1,0,1,1,107.6,97.0,107.6,10.6,6.47,0.0923,0.0,0.8,96.2,3.82,4.0,0.18
00-0033881,Evan Engram,TE,NYG,2021,15,11,0.0,0.07,4.87,0.1521,0.0977,0.2965,0,,,,,,,,,,,1,-3.0,0.0,-1.5245,0.0,0.0,73,46,0.6301,5.59,8.87,5.01,1.115,4.02,-0.1472,0.0411,0.2877,0.0959,1,15,0,2,2,0,102.5,118.3,102.5,-15.8,7.88,0.1137,0.0,3.9,114.4,2.98,3.0,0.02
00-0032392,Austin Hooper,TE,CLE,2021,14,12,0.0,0.0,4.36,0.1482,0.0899,0.2851,0,,,,,,,,,,,0,,,,,,61,38,0.623,5.66,9.08,5.38,1.052,4.87,0.3282,0.0492,0.2951,0.0656,0,16,1,0,1,2,92.5,111.4,92.5,-18.9,7.96,0.1035,0.0,0.0,111.4,3.75,3.0,-0.75
00-0034981,Foster Moreau,TE,LV,2021,12,8,0.0,0.0,3.67,0.107,0.1091,0.2369,0,,,,,,,,,,,0,,,,,,44,30,0.6818,8.48,12.43,7.39,1.148,6.3,-0.0198,0.0682,0.3636,0.2045,0,17,0,0,0,5,85.3,78.0,85.3,7.3,6.5,0.085,0.0,0.0,78.0,2.27,3.0,0.73
00-0033217,Mo Alie-Cox,TE,IND,2021,17,13,0.0,0.0,2.65,0.0934,0.104,0.2128,0,,,,,,,,,,,0,,,,,,45,24,0.5333,7.02,13.17,9.82,0.715,6.25,0.1982,0.0889,0.3111,0.2,0,17,0,0,0,0,79.6,88.2,79.6,-8.6,5.19,0.071,0.0,0.0,88.2,4.31,4.0,-0.31
00-0030181,Jack Doyle,TE,IND,2021,15,13,0.0,0.0,2.87,0.0953,0.0836,0.2014,0,,,,,,,,,,,0,,,,,,43,29,0.6744,7.02,10.41,6.63,1.06,4.31,0.2753,0.0698,0.4186,0.093,0,17,0,0,0,2,79.2,85.5,79.2,-6.2,5.7,0.0765,0.0,0.0,85.5,3.35,3.0,-0.35
00-0031273,Cameron Brate,TE,TB,2021,16,12,0.0,0.0,3.56,0.0865,0.0827,0.1876,0,,,,,,,,,,,0,,,,,,57,30,0.5263,4.3,8.17,7.61,0.565,2.7,-0.0383,0.0702,0.2632,0.0526,0,17,0,0,0,1,78.5,117.5,78.5,-39.0,7.34,0.0762,0.0,0.0,117.5,6.06,4.0,-2.06
00-0036423,Albert Okwuegbunam,TE,DEN,2021,13,10,0.0,0.0,3.08,0.108,0.0716,0.2121,0,,,,,,,,,,,0,,,,,,40,33,0.825,8.25,10.0,5.65,1.46,7.42,0.34,0.05,0.375,0.15,1,14,3,0,3,1,76.0,73.0,76.0,3.0,5.61,0.0798,0.0,0.0,73.0,2.38,2.0,-0.38
00-0034011,Dan Arnold,TE,JAX,2021,10,10,0.0,0.0,5.2,0.1486,0.1274,0.3121,0,,,,,,,,,,,0,,,,,,52,35,0.6731,7.85,11.66,6.54,1.2,5.37,0.0883,0.0,0.3846,0.1923,1,11,6,0,6,1,75.8,81.8,75.8,-6.0,8.18,0.1024,0.0,0.0,81.8,1.28,0.0,-1.28
00-0033455,Anthony Firkser,TE,TEN,2021,15,11,0.0,0.0,2.87,0.093,0.068,0.1871,0,,,,,,,,,,,0,,,,,,43,34,0.7907,6.77,8.56,5.81,1.164,3.26,0.2337,0.0465,0.3488,0.0465,1,15,0,2,2,0,73.1,71.1,71.1,0.0,4.74,0.0633,0.0,0.0,71.1,2.01,2.0,-0.01
00-0034798,Durham Smythe,TE,MIA,2021,15,11,0.0,0.13,2.73,0.0805,0.0692,0.1691,0,,,,,,,,,,,2,1.5,0.0,0.6701,1.0,0.0,41,34,0.8293,8.71,10.5,6.34,1.373,4.71,0.3651,0.0,0.3659,0.2195,0,17,0,0,0,2,70.0,71.1,70.0,-1.1,4.74,0.0611,0.0,0.7,70.4,2.02,0.0,-2.02
00-0032141,Geoff Swaim,TE,TEN,2021,16,12,0.0,0.0,2.5,0.0909,0.0478,0.1698,0,,,,,,,,,,,0,,,,,,40,31,0.775,5.25,6.77,3.65,1.438,4.48,0.2313,0.075,0.3,0.075,0,16,0,1,1,0,70.0,74.4,70.0,-4.4,4.65,0.0623,0.0,0.0,74.4,3.29,3.0,-0.29
00-0033611,Ricky Seals-Jones,TE,WAS,2021,11,8,0.0,0.0,4.45,0.1265,0.0941,0.2556,0,,,,,,,,,,,0,,,,,,49,30,0.6122,5.53,9.03,5.47,1.011,5.07,-0.1268,0.0408,0.2857,0.0816,0,13,1,3,4,2,69.1,85.8,69.1,-16.7,7.8,0.1025,0.0,0.0,85.8,3.49,2.0,-1.49
00-0033858,Jonnu Smith,TE,NE,2021,15,12,0.0,0.6,3.0,0.1095,0.0973,0.2324,0,,,,,,,,,,,9,4.44,0.0,0.0217,0.2222,0.0,45,28,0.6222,6.53,10.5,5.53,1.181,8.29,-0.2164,0.0222,0.3333,0.1778,0,16,0,1,1,1,67.4,87.3,67.4,-19.9,5.82,0.081,0.0,6.7,80.6,2.67,1.0,-1.67
00-0030108,Ryan Griffin,TE,NYJ,2021,14,13,0.0,0.0,3.0,0.0855,0.065,0.1737,0,,,,,,,,,,,0,,,,,,42,27,0.6429,6.21,9.67,5.31,1.17,5.52,0.0715,0.0476,0.3333,0.119,0,14,3,0,3,0,65.1,69.9,65.1,-4.8,4.99,0.0678,0.0,0.0,69.9,2.11,2.0,-0.11
00-0034830,Hayden Hurst,TE,ATL,2021,12,9,0.0,0.0,2.58,0.0768,0.0602,0.1573,0,,,,,,,,,,,0,,,,,,31,26,0.8387,7.13,8.5,6.61,1.078,3.42,0.0854,0.0968,0.3548,0.129,1,13,4,0,4,1,64.1,53.8,64.1,10.3,4.48,0.0614,0.0,0.0,53.8,1.58,3.0,1.42
00-0036422,Adam Trautman,TE,NO,2021,11,9,0.0,0.0,3.91,0.1281,0.0902,0.2553,0,,,,,,,,,,,0,,,,,,43,27,0.6279,6.12,9.74,5.7,1.073,4.11,-0.1923,0.0465,0.3023,0.1395,1,13,4,0,4,2,63.3,76.0,63.3,-12.7,6.9,0.0935,0.0,0.0,76.0,2.57,2.0,-0.57
00-0036232,Harrison Bryant,TE,CLE,2021,13,9,0.0,0.0,2.15,0.0794,0.0959,0.1863,0,,,,,,,,,,,0,,,,,,28,21,0.75,8.32,11.1,9.21,0.903,3.76,0.4004,0.1071,0.5,0.1786,0,16,0,1,1,3,62.3,56.2,62.3,6.1,4.32,0.0611,0.0,0.0,56.2,2.61,3.0,0.39
00-0036332,Josiah Deguara,TE,GB,2021,12,8,0.0,0.0,2.75,0.0801,0.0346,0.1444,0,,,,,,,,,,,0,,,,,,33,25,0.7576,7.42,9.8,3.45,2.149,8.16,0.0236,0.0606,0.2727,0.0909,0,16,0,1,1,4,61.5,57.3,61.5,4.2,4.78,0.0586,0.0,0.0,57.3,2.21,2.0,-0.21
00-0027981,Kyle Rudolph,TE,NYG,2021,15,11,0.0,0.0,2.6,0.0878,0.0824,0.1893,0,,,,,,,,,,,0,,,,,,39,26,0.6667,6.59,9.88,6.15,1.071,5.27,0.2111,0.0256,0.3077,0.0769,0,16,0,1,1,1,59.7,70.8,59.7,-11.1,4.72,0.0679,0.0,0.0,70.8,3.22,1.0,-2.22
00-0035329,Donald Parham,TE,LAC,2021,12,11,0.0,0.0,2.25,0.0602,0.0367,0.116,0,,,,,,,,,,,0,,,,,,27,20,0.7407,7.04,9.5,4.48,1.57,6.9,0.2646,0.1111,0.4815,0.1481,0,14,3,0,3,2,59.0,57.7,59.0,1.3,4.81,0.0539,0.0,0.0,57.7,3.41,3.0,-0.41
00-0036556,Brevin Jordan,TE,HOU,2021,8,6,0.0,0.0,3.5,0.111,0.1115,0.2446,0,,,,,,,,,,,0,,,,,,28,20,0.7143,6.36,8.9,5.68,1.119,4.95,0.2067,0.1071,0.3571,0.0714,0,10,0,7,7,2,55.8,44.3,55.8,11.5,5.54,0.0832,0.0,0.0,44.3,1.0,3.0,2.0
00-0031260,Logan Thomas,TE,WAS,2021,5,5,0.0,0.0,5.0,0.1638,0.242,0.4151,0,,,,,,,,,,,0,,,,,,25,18,0.72,7.84,10.89,9.96,0.787,3.72,0.183,0.12,0.4,0.08,1,6,11,0,11,1,53.6,48.3,53.6,5.3,9.67,0.1378,0.0,0.0,48.3,2.05,3.0,0.95
00-0037005,Tommy Tremble,TE,CAR,2021,14,11,0.0,0.21,2.5,0.0749,0.0851,0.1719,0,,,,,,,,,,,3,3.67,0.3333,0.2207,0.3333,0.0,35,20,0.5714,5.14,9.0,8.2,0.627,3.5,0.1816,0.0286,0.2857,0.0857,0,16,1,0,1,2,53.1,66.2,53.1,-13.1,4.73,0.0641,0.0,6.6,59.6,2.61,2.0,-0.61
00-0036040,Juwan Johnson,TE,NO,2021,12,10,0.0,0.0,1.83,0.0738,0.0999,0.1806,0,,,,,,,,,,,0,,,,,,22,13,0.5909,7.23,12.23,10.91,0.662,3.23,0.6631,0.1818,0.5455,0.1364,0,14,1,2,3,2,52.9,43.7,52.9,9.2,3.64,0.0524,0.0,0.0,43.7,2.32,4.0,1.68
00-0036628,John Bates,TE,WAS,2021,11,7,0.0,0.0,2.27,0.0808,0.0691,0.1695,0,,,,,,,,,,,0,,,,,,25,20,0.8,9.96,12.45,5.96,1.671,6.95,0.6299,0.04,0.44,0.24,0,17,0,0,0,6,50.9,40.2,50.9,10.7,3.65,0.0531,0.0,0.0,40.2,0.77,1.0,0.23
00-0027696,Jimmy Graham,TE,CHI,2021,11,7,0.0,0.0,2.09,0.0619,0.0544,0.1309,0,,,,,,,,,,,0,,,,,,23,14,0.6087,7.26,11.93,8.0,0.908,3.93,0.5545,0.1304,0.4348,0.1739,0,15,2,0,2,4,50.7,45.6,50.7,5.1,4.15,0.056,0.0,0.0,45.6,2.92,3.0,0.08
00-0033757,Robert Tonyan,TE,GB,2021,8,8,0.0,0.0,3.62,0.1157,0.1318,0.2659,0,,,,,,,,,,,0,,,,,,29,18,0.6207,7.03,11.33,9.03,0.779,5.78,0.3728,0.069,0.3448,0.1724,0,8,9,0,9,0,50.4,55.4,50.4,-5.0,6.93,0.0886,0.0,0.0,55.4,2.18,2.0,-0.18
00-0031951,James O'Shaughnessy,TE,JAX,2021,7,5,0.0,0.0,4.86,0.1306,0.1182,0.2786,0,,,,,,,,,,,0,,,,,,34,24,0.7059,7.18,10.17,6.65,1.08,4.75,0.0708,0.0,0.2941,0.1471,0,7,8,2,10,0,50.4,52.8,50.4,-2.4,7.54,0.1006,0.0,0.0,52.8,0.24,0.0,-0.24
00-0034159,Will Dissly,TE,SEA,2021,12,10,0.0,0.0,2.17,0.0774,0.031,0.1378,0,,,,,,,,,,,0,,,,,,26,21,0.8077,8.88,11.0,4.31,2.062,6.81,0.4529,0.0385,0.4231,0.2308,0,15,1,1,2,3,50.1,42.3,50.1,7.8,3.53,0.0528,0.0,0.0,42.3,0.87,1.0,0.13
00-0031585,MyCole Pruitt,TE,TEN,2021,10,9,0.0,0.0,1.8,0.0621,0.0635,0.1375,0,,,,,,,,,,,0,,,,,,18,14,0.7778,8.06,10.36,6.56,1.229,4.21,0.5498,0.1667,0.5556,0.1111,0,16,1,0,1,6,48.5,40.3,48.5,8.2,4.03,0.0515,0.0,0.0,40.3,2.19,3.0,0.81
00-0024243,Marcedes Lewis,TE,GB,2021,13,10,0.0,0.0,2.15,0.0647,0.03,0.1181,0,,,,,,,,,,,0,,,,,,28,23,0.8214,7.64,9.3,3.68,2.078,6.26,0.3082,0.0,0.3571,0.1786,0,17,0,0,0,4,44.4,54.0,44.4,-9.6,4.15,0.0518,0.0,0.0,54.0,2.56,0.0,-2.56
00-0034364,Jordan Akins,TE,HOU,2021,12,10,0.0,0.08,2.75,0.0864,0.0694,0.1782,0,,,,,,,,,,,1,3.0,0.0,0.4985,1.0,0.0,33,24,0.7273,6.48,8.92,6.27,1.034,3.38,-0.2584,0.0,0.3333,0.0909,2,13,0,4,4,1,41.7,54.6,41.7,-12.9,4.55,0.067,0.0,0.2,54.4,1.57,0.0,-1.57
00-0031558,Maxx Williams,TE,ARI,2021,5,5,0.0,0.0,3.4,0.1067,0.0675,0.2073,0,,,,,,,,,,,0,,,,,,17,16,0.9412,11.35,12.06,5.29,2.144,7.81,0.8866,0.0588,0.5294,0.2353,0,5,12,0,12,0,41.3,29.2,41.3,12.1,5.83,0.0679,0.0,0.0,29.2,0.53,1.0,0.47
00-0032214,Tyler Kroft,TE,NYJ,2021,9,6,0.0,0.0,2.78,0.0972,0.0734,0.1972,0,,,,,,,,,,,0,,,,,,25,16,0.64,6.92,10.81,5.76,1.201,4.62,0.2161,0.04,0.36,0.12,0,9,6,2,8,0,39.3,41.1,39.3,-1.8,4.57,0.0661,0.0,0.0,41.1,0.86,1.0,0.14
00-0032725,Stephen Anderson,TE,LAC,2021,11,8,0.0,0.0,1.73,0.0455,0.0192,0.0817,0,,,,,,,,,,,0,,,,,,19,16,0.8421,8.68,10.31,3.53,2.463,7.19,0.3795,0.0526,0.4737,0.1579,0,17,0,0,0,6,38.5,33.3,38.5,5.2,3.03,0.0336,0.0,0.0,33.3,0.94,1.0,0.06
00-0033439,Pharaoh Brown,TE,HOU,2021,12,9,0.0,0.0,2.83,0.102,0.0515,0.1891,0,,,,,,,,,,,0,,,,,,34,23,0.6765,5.03,7.43,4.29,1.171,4.61,-0.3054,0.0,0.1765,0.0588,1,15,0,2,2,3,38.1,48.4,38.1,-10.3,4.03,0.0652,0.0,0.0,48.4,0.19,0.0,-0.19
00-0034365,Ian Thomas,TE,CAR,2021,14,11,0.0,0.0,2.14,0.0658,0.0512,0.1346,0,,,,,,,,,,,0,,,,,,30,18,0.6,6.27,10.44,6.1,1.027,5.11,-0.526,0.0,0.2,0.1333,0,17,0,0,0,3,36.8,46.3,36.8,-9.5,3.31,0.0465,0.0,0.0,46.3,0.87,0.0,-0.87
00-0035222,Zach Gentry,TE,PIT,2021,10,6,0.0,0.0,2.5,0.069,0.0292,0.1239,0,,,,,,,,,,,0,,,,,,25,19,0.76,6.68,8.79,3.0,2.227,6.68,-0.0952,0.0,0.44,0.12,0,17,0,0,0,7,35.7,41.3,35.7,-5.6,4.13,0.0584,0.0,0.0,41.3,1.33,0.0,-1.33
00-0036754,Brock Wright,TE,DET,2021,7,4,0.0,0.0,2.43,0.0758,0.038,0.1403,0,,,,,,,,,,,0,,,,,,17,12,0.7059,6.88,9.75,4.12,1.671,5.33,-0.0454,0.1176,0.3529,0.1176,0,10,1,0,1,3,35.7,27.5,35.7,8.2,3.92,0.06,0.0,0.0,27.5,0.87,2.0,1.13
00-0033879,O.J. Howard,TE,TB,2021,9,8,0.0,0.0,2.33,0.0556,0.0443,0.1145,0,,,,,,,,,,,0,,,,,,21,14,0.6667,6.43,9.64,6.48,0.993,5.93,0.1819,0.0476,0.4762,0.0476,0,17,0,0,0,8,33.5,41.0,33.5,-7.5,4.56,0.045,0.0,0.0,41.0,1.32,1.0,-0.32
00-0033658,Blake Jarwin,TE,DAL,2021,7,6,0.0,0.0,2.43,0.0791,0.0856,0.1786,0,,,,,,,,,,,0,,,,,,17,11,0.6471,5.65,8.73,7.53,0.75,3.45,-0.0795,0.1176,0.2941,0.1176,0,8,9,0,9,1,32.6,36.2,32.6,-3.6,5.17,0.0591,0.0,0.0,36.2,2.07,2.0,-0.07
00-0031387,Eric Ebron,TE,PIT,2021,8,8,0.0,0.12,2.25,0.057,0.053,0.1225,0,,,,,,,,,,,1,1.0,1.0,2.1681,1.0,0.0,18,12,0.6667,4.67,7.0,6.44,0.724,1.75,0.0965,0.0556,0.3333,0.1111,0,8,7,2,9,0,32.5,34.1,32.5,-1.6,4.26,0.0522,0.0,3.1,31.0,1.75,2.0,0.25
00-0035624,N'Keal Harry,TE,NE,2021,9,6,0.0,0.0,2.44,0.0735,0.1201,0.1943,0,,,,,,,,,,,0,,,,,,22,12,0.5455,8.36,15.33,14.86,0.563,2.08,0.3511,0.0,0.3182,0.1364,0,12,3,2,5,3,30.4,41.1,30.4,-10.7,4.56,0.0584,0.0,0.0,41.1,1.06,0.0,-1.06
00-0032394,Nick Vannett,TE,NO,2021,7,4,0.0,0.0,2.14,0.0837,0.071,0.1753,0,,,,,,,,,,,0,,,,,,15,9,0.6,8.87,14.78,5.53,1.602,10.22,0.4478,0.0667,0.4667,0.2667,0,7,9,1,10,0,28.3,24.1,28.3,4.2,3.45,0.0537,0.0,0.0,24.1,0.47,1.0,0.53
00-0033896,Adam Shaheen,TE,MIA,2021,7,7,0.0,0.0,2.29,0.0621,0.0495,0.1278,0,,,,,,,,,,,0,,,,,,16,12,0.75,6.88,9.17,5.75,1.196,3.42,0.1746,0.0,0.3125,0.125,0,12,1,4,5,5,23.0,29.8,23.0,-6.8,4.25,0.0538,0.0,0.0,29.8,1.52,0.0,-1.52
00-0035547,Joseph Fortson,TE,KC,2021,4,4,0.0,0.0,1.25,0.0346,0.0293,0.0724,0,,,,,,,,,,,0,,,,,,5,5,1.0,9.4,9.4,7.6,1.237,1.8,1.0703,0.4,0.6,0.2,0,6,11,0,11,2,21.7,15.3,21.7,6.3,3.84,0.043,0.0,0.0,15.3,1.46,2.0,0.54
00-0036876,Kylen Granson,TE,IND,2021,10,9,0.0,0.0,1.5,0.0519,0.0314,0.0997,0,,,,,,,,,,,0,,,,,,15,11,0.7333,7.07,9.64,3.93,1.797,6.91,0.2855,0.0,0.2667,0.0667,0,17,0,0,0,7,21.6,28.1,21.6,-6.5,2.81,0.0355,0.0,0.0,28.1,1.11,0.0,-1.11
00-0028097,Lee Smith,TE,ATL,2021,6,5,0.0,0.0,1.83,0.0487,0.0224,0.0888,0,,,,,,,,,,,0,,,,,,11,9,0.8182,5.91,7.22,3.45,1.711,3.44,0.2463,0.0909,0.2727,0.0909,0,16,0,1,1,10,21.5,22.6,21.5,-1.1,3.77,0.0471,0.0,0.0,22.6,1.26,1.0,-0.26
00-0033387,Jacob Hollister,TE,JAX,2021,6,4,0.0,0.0,2.33,0.0732,0.0432,0.14,0,,,,,,,,,,,0,,,,,,14,9,0.6429,3.93,6.11,4.71,0.833,3.44,-0.8898,0.0714,0.1429,0.0,0,7,1,9,10,1,20.5,25.9,20.5,-5.4,4.32,0.0541,0.0,0.0,25.9,0.93,1.0,0.07
00-0035308,Tommy Sweeney,TE,BUF,2021,7,6,0.0,0.0,1.71,0.0443,0.0361,0.0918,0,,,,,,,,,,,0,,,,,,12,9,0.75,3.67,4.89,5.75,0.638,1.56,-0.3159,0.0833,0.25,0.0,0,13,0,4,4,6,19.4,21.4,19.4,-2.0,3.06,0.0345,0.0,0.0,21.4,0.69,1.0,0.31
00-0032135,Jesse James,TE,CHI,2021,4,3,0.0,0.0,2.0,0.0663,0.0502,0.1346,0,,,,,,,,,,,0,,,,,,8,7,0.875,7.75,8.86,6.75,1.148,2.57,0.2569,0.125,0.375,0.125,0,14,2,1,3,10,19.2,14.8,19.2,4.4,3.7,0.0503,0.0,0.0,14.8,0.79,1.0,0.21
00-0035631,Drew Sample,TE,CIN,2021,8,5,0.0,0.0,1.88,0.0553,0.0148,0.0933,0,,,,,,,,,,,0,,,,,,15,11,0.7333,5.4,7.36,2.33,2.314,7.45,0.0215,0.0,0.2,0.0667,0,17,0,0,0,9,19.1,22.4,19.1,-3.2,2.79,0.0382,0.0,0.0,22.4,0.28,0.0,-0.28
00-0031484,Chris Manhertz,TE,JAX,2021,8,6,0.0,0.0,1.12,0.0341,0.0259,0.0693,0,,,,,,,,,,,0,,,,,,9,6,0.6667,7.89,11.83,7.56,1.044,4.33,0.3504,0.1111,0.4444,0.1111,0,17,0,0,0,9,19.1,15.0,19.1,4.1,1.88,0.0266,0.0,0.0,15.0,0.23,1.0,0.77
00-0033576,Eric Saubert,TE,DEN,2021,7,6,0.0,0.0,1.71,0.0492,0.017,0.0856,0,,,,,,,,,,,0,,,,,,12,8,0.6667,3.92,5.88,3.33,1.175,3.62,-0.044,0.0833,0.1667,0.0,0,17,0,0,0,10,18.7,20.9,18.7,-2.2,2.99,0.0407,0.0,0.0,20.9,0.68,1.0,0.32
00-0032062,Blake Bell,TE,KC,2021,11,8,0.0,0.36,1.18,0.0325,0.0089,0.0549,0,,,,,,,,,,,4,2.5,0.0,0.8209,1.0,0.0,13,9,0.6923,6.69,9.67,2.38,2.806,7.44,0.0945,0.0,0.3077,0.1538,0,16,0,1,1,5,18.7,23.6,18.7,-4.9,2.15,0.0227,0.0,1.7,22.0,0.38,0.0,-0.38
00-0036637,Noah Gray,TE,KC,2021,7,5,0.0,0.0,1.43,0.0386,0.0137,0.0675,0,,,,,,,,,,,0,,,,,,10,7,0.7,3.6,5.14,2.3,1.565,2.57,-0.0037,0.1,0.2,0.0,0,16,0,1,1,9,16.6,24.5,16.6,-7.9,3.5,0.0371,0.0,0.0,24.5,1.87,1.0,-0.87
00-0035562,Jesper Horsted,TE,CHI,2021,3,2,0.0,0.0,1.0,0.0367,0.0411,0.0838,0,,,,,,,,,,,0,,,,,,3,2,0.6667,7.0,10.5,10.33,0.677,0.0,1.7403,0.6667,0.6667,0.3333,0,7,3,7,10,4,16.1,7.4,16.1,8.7,2.46,0.0372,0.0,0.0,7.4,0.94,2.0,1.06
00-0033421,Antony Auclair,TE,HOU,2021,4,3,0.0,0.0,1.25,0.0348,0.0179,0.0647,0,,,,,,,,,,,0,,,,,,5,5,1.0,9.4,9.4,4.4,2.136,5.0,1.1389,0.2,0.4,0.0,0,16,1,0,1,12,15.7,9.6,15.7,6.1,2.39,0.032,0.0,0.0,9.6,0.49,1.0,0.51
00-0035249,Josh Oliver,TE,BAL,2021,10,9,0.0,0.0,1.5,0.0426,0.0294,0.0845,0,,,,,,,,,,,0,,,,,,15,9,0.6,4.4,7.33,8.4,0.524,2.78,-0.2219,0.0,0.2667,0.0667,0,14,2,1,3,4,15.6,25.9,15.6,-10.3,2.59,0.0318,0.0,0.0,25.9,0.85,0.0,-0.85
00-0034073,Ross Dwelley,TE,SF,2021,3,3,0.0,0.0,1.67,0.057,0.0706,0.135,0,,,,,,,,,,,0,,,,,,5,4,0.8,10.2,12.75,11.8,0.864,1.25,0.3127,0.2,0.4,0.2,0,17,0,0,0,14,15.1,9.2,15.1,5.9,3.07,0.0437,0.0,0.0,9.2,0.32,1.0,0.68
00-0034766,Chris Herndon,TE,MIN,2021,5,5,0.0,0.0,1.4,0.0369,0.0185,0.0683,0,,,,,,,,,,,0,,,,,,7,4,0.5714,5.71,10.0,4.14,1.379,7.75,0.2718,0.1429,0.5714,0.1429,0,16,1,0,1,11,14.0,14.6,14.0,-0.6,2.92,0.0321,0.0,0.0,14.6,0.66,1.0,0.34
00-0036032,Sean McKeon,TE,DAL,2021,4,4,0.0,0.0,1.5,0.0392,0.0259,0.077,0,,,,,,,,,,,0,,,,,,6,4,0.6667,4.5,6.75,4.5,1.0,2.5,0.0405,0.1667,0.3333,0.0,0,9,7,1,8,5,12.7,10.7,12.7,2.0,2.68,0.0301,0.0,0.0,10.7,0.24,1.0,0.76
00-0036887,Luke Farrell,TE,JAX,2021,8,7,0.0,0.0,1.38,0.0431,0.033,0.0878,0,,,,,,,,,,,0,,,,,,11,7,0.6364,5.09,8.0,6.64,0.767,4.0,-0.3295,0.0,0.2727,0.0909,0,15,0,2,2,7,12.6,16.3,12.6,-3.7,2.04,0.0286,0.0,0.0,16.3,0.1,0.0,-0.1
00-0035356,Tyree Jackson,TE,PHI,2021,3,1,0.0,0.0,2.33,0.0754,0.1058,0.1872,0,,,,,,,,,,,0,,,,,,7,3,0.4286,3.14,7.33,9.86,0.319,2.33,0.0385,0.1429,0.2857,0.0,0,9,8,0,8,6,11.2,14.4,11.2,-3.2,4.79,0.0642,0.0,0.0,14.4,0.66,1.0,0.34
00-0035345,Chris Myarick,TE,NYG,2021,4,3,0.0,0.0,1.5,0.0435,0.0164,0.0768,0,,,,,,,,,,,0,,,,,,6,3,0.5,2.83,5.67,2.17,1.308,2.67,-0.7231,0.1667,0.3333,0.0,0,8,0,0,0,4,10.7,11.3,10.7,-0.7,2.84,0.041,0.0,0.0,11.3,0.68,1.0,0.32
00-0037011,Tre' McKitty,TE,LAC,2021,6,2,0.0,0.0,1.33,0.0365,0.0114,0.0628,0,,,,,,,,,,,0,,,,,,8,6,0.75,5.62,7.5,2.25,2.5,5.67,0.1758,0.0,0.375,0.0,0,11,0,6,6,5,10.5,12.2,10.5,-1.7,2.03,0.0213,0.0,0.0,12.2,0.06,0.0,-0.06
00-0036429,Charlie Woerner,TE,SF,2021,4,4,0.0,0.0,1.5,0.0556,0.0542,0.1213,0,,,,,,,,,,,0,,,,,,6,5,0.8333,8.67,10.4,8.67,1.0,1.8,0.453,0.0,0.5,0.1667,0,17,0,0,0,13,10.2,9.2,10.2,1.0,2.3,0.0356,0.0,0.0,9.2,0.06,0.0,-0.06
00-0035572,Parker Hesse,TE,ATL,2021,4,3,0.0,0.0,1.5,0.0597,0.0304,0.1108,0,,,,,,,,,,,0,,,,,,6,5,0.8333,7.17,8.6,3.67,1.955,4.2,0.3154,0.0,0.5,0.1667,0,8,0,2,2,4,9.3,8.7,9.3,0.6,2.18,0.0351,0.0,0.0,8.7,0.01,0.0,-0.01
00-0036244,Colby Parkinson,TE,SEA,2021,5,2,0.0,0.0,1.6,0.0581,0.0355,0.112,0,,,,,,,,,,,0,,,,,,8,5,0.625,4.12,6.6,5.88,0.702,4.0,0.1207,0.0,0.25,0.0,0,14,3,0,3,9,8.3,14.8,8.3,-6.5,2.97,0.0455,0.0,0.0,14.8,0.73,0.0,-0.73
00-0029738,Darren Fells,TE,DET,2021,3,3,0.0,0.0,1.67,0.0521,0.0603,0.1203,0,,,,,,,,,,,0,,,,,,5,4,0.8,8.6,10.75,4.8,1.792,6.75,0.1702,0.0,0.4,0.2,0,9,0,1,1,6,8.3,7.1,8.3,1.2,2.37,0.029,0.0,0.0,7.1,0.01,0.0,-0.01
00-0033095,Garrett Griffin,TE,NO,2021,2,2,0.0,0.0,2.0,0.0551,0.0289,0.1028,0,,,,,,,,,,,0,,,,,,4,4,1.0,9.75,9.75,3.0,3.25,6.75,0.5656,0.0,0.5,0.0,0,13,4,0,4,11,7.9,5.9,7.9,2.0,2.94,0.033,0.0,0.0,5.9,0.01,0.0,-0.01
00-0035603,Kendall Blanton,TE,LA,2021,4,3,0.0,0.0,1.75,0.0531,0.0404,0.1079,0,,,,,,,,,,,0,,,,,,7,4,0.5714,5.29,9.25,6.14,0.86,3.25,-0.3099,0.0,0.2857,0.1429,0,11,0,0,0,7,7.7,12.6,7.7,-4.9,3.14,0.0386,0.0,0.0,12.6,0.49,0.0,-0.49
00-0036250,Tyler Davis,TE,GB,2021,4,1,0.0,0.0,1.25,0.0343,0.0383,0.0782,0,,,,,,,,,,,0,,,,,,5,4,0.8,7.0,8.75,7.6,0.921,3.25,0.0023,0.0,0.2,0.2,0,14,0,0,0,10,7.5,9.8,7.5,-2.3,2.44,0.0283,0.0,0.0,9.8,0.41,0.0,-0.41
00-0035259,Trevon Wesco,TE,NYJ,2021,4,3,0.0,0.0,1.25,0.0344,0.0044,0.0547,0,,,,,,,,,,,0,,,,,,5,3,0.6,7.0,11.67,0.6,11.667,9.67,-0.2698,0.0,0.4,0.2,0,12,2,3,5,8,6.5,6.7,6.5,-0.2,1.67,0.0221,0.0,0.0,6.7,0.02,0.0,-0.02
00-0036534,Shane Zylstra,TE,DET,2021,2,1,0.0,0.0,3.5,0.0982,0.0847,0.2066,0,,,,,,,,,,,0,,,,,,7,3,0.4286,4.86,11.33,5.43,0.895,2.0,-0.7745,0.0,0.2857,0.1429,0,4,0,0,0,2,6.4,11.2,6.4,-4.8,5.58,0.0834,0.0,0.0,11.2,0.34,0.0,-0.34
00-0034988,Kaden Smith,TE,NYG,2021,2,2,0.0,0.0,1.5,0.0455,0.0342,0.0922,0,,,,,,,,,,,0,,,,,,3,3,1.0,11.0,11.0,7.33,1.5,3.67,0.5664,0.0,0.3333,0.3333,0,9,6,2,8,7,6.3,4.2,6.3,2.1,2.1,0.0293,0.0,0.0,4.2,0.0,0.0,0.0
00-0036741,Jack Stoll,TE,PHI,2021,3,2,0.0,0.0,1.67,0.0791,0.0136,0.1282,0,,,,,,,,,,,0,,,,,,5,4,0.8,4.4,5.5,2.8,1.571,5.0,-0.1023,0.0,0.0,0.0,0,16,1,0,1,13,6.2,8.1,6.2,-1.9,2.71,0.037,0.0,0.0,8.1,0.22,0.0,-0.22
00-0036173,Tommy Hudson,TE,TEN,2021,4,4,0.0,0.0,1.5,0.0421,0.0154,0.0739,0,,,,,,,,,,,0,,,,,,6,3,0.5,5.17,10.33,5.0,1.033,8.0,-0.8997,0.0,0.3333,0.0,0,5,11,1,12,1,6.1,8.8,6.1,-2.7,2.19,0.024,0.0,0.0,8.8,0.07,0.0,-0.07
00-0033528,Jeremy Sprinkle,TE,DAL,2021,2,0,0.0,0.0,1.5,0.0449,0.026,0.0856,0,,,,,,,,,,,0,,,,,,3,3,1.0,10.33,10.33,4.0,2.583,6.33,0.8684,0.0,0.6667,0.0,0,17,0,0,0,15,6.1,5.7,6.1,0.4,2.87,0.0365,0.0,0.0,5.7,0.22,0.0,-0.22
00-0036510,Kenny Yeboah,TE,NYJ,2021,2,1,0.0,0.0,1.5,0.0472,0.0939,0.1366,0,,,,,,,,,,,0,,,,,,3,2,0.6667,12.0,18.0,16.0,0.75,1.5,0.9455,0.0,0.6667,0.3333,0,9,1,0,1,7,5.6,5.8,5.6,-0.2,2.89,0.035,0.0,0.0,5.8,0.03,0.0,-0.03
00-0036456,Dominique Dafney,TE,GB,2021,4,2,0.0,0.0,1.0,0.029,0.0091,0.0498,0,,,,,,,,,,,0,,,,,,4,2,0.5,8.5,17.0,2.5,3.4,15.5,0.3615,0.0,0.5,0.25,0,10,5,2,7,6,5.4,6.0,5.4,-0.6,1.51,0.0199,0.0,0.0,6.0,0.0,0.0,0.0
00-0032098,Daniel Brown,TE,NYJ,2021,1,0,0.0,0.0,2.0,0.0667,0.0295,0.1207,0,,,,,,,,,,,0,,,,,,2,2,1.0,14.5,14.5,3.5,4.143,11.0,0.6656,0.0,0.5,0.5,0,12,0,2,2,11,4.9,2.8,4.9,2.1,2.81,0.0349,0.0,0.0,2.8,0.0,0.0,0.0
00-0035771,Mitchell Wilcox,TE,CIN,2021,1,0,0.0,0.0,5.0,0.1724,0.1159,0.3397,0,,,,,,,,,,,0,,,,,,5,3,0.6,3.2,5.33,3.8,0.842,2.67,-0.3702,0.0,0.0,0.0,0,15,1,1,2,14,4.6,6.7,4.6,-2.1,6.66,0.1324,0.0,0.0,6.7,0.01,0.0,-0.01
00-0030155,Demetrius Harris,TE,ARI,2021,3,2,0.0,0.0,2.0,0.0842,0.0146,0.1366,0,,,,,,,,,,,0,,,,,,6,3,0.5,1.67,3.33,3.67,0.455,4.33,-0.9744,0.0,0.0,0.0,0,14,1,2,3,11,4.0,11.8,4.0,-7.8,3.94,0.0502,0.0,0.0,11.8,0.57,0.0,-0.57
00-0033338,Cethan Carter,TE,MIA,2021,2,2,0.0,0.0,1.0,0.0225,0.0178,0.0463,0,,,,,,,,,,,0,,,,,,2,2,1.0,8.0,8.0,4.0,2.0,4.0,0.4363,0.0,0.0,0.0,0,16,1,0,1,14,3.6,2.9,3.6,0.7,1.43,0.0167,0.0,0.0,2.9,0.0,0.0,0.0
00-0029119,Derek Carrier,TE,LV,2021,1,1,0.0,0.0,2.0,0.0541,0.0231,0.0973,0,,,,,,,,,,,0,,,,,,2,2,1.0,6.5,6.5,3.5,1.857,3.0,0.4153,0.0,0.0,0.0,0,5,12,0,12,4,3.3,2.9,3.3,0.4,2.91,0.04,0.0,0.0,2.9,0.0,0.0,0.0
00-0028042,Luke Stocker,TE,MIN,2021,2,2,0.0,0.0,1.0,0.033,0.0132,0.0588,0,,,,,,,,,,,0,,,,,,2,2,1.0,6.0,6.0,3.0,2.0,3.0,0.1826,0.0,0.0,0.0,0,12,0,0,0,10,3.2,3.3,3.2,-0.1,1.63,0.0227,0.0,0.0,3.3,0.0,0.0,0.0
00-0031384,Richard Rodgers,TE,PHI,2021,1,0,0.0,0.0,2.0,0.0588,0.0045,0.0914,0,,,,,,,,,,,0,,,,,,2,2,1.0,5.5,5.5,0.5,11.0,5.0,0.0332,0.0,0.0,0.0,0,3,0,0,0,2,3.1,5.6,3.1,-2.5,5.6,0.0737,0.0,0.0,5.6,0.5,0.0,-0.5
00-0034193,Kevin Rader,TE,PIT,2021,2,1,0.0,0.0,1.5,0.0423,0.0161,0.0748,0,,,,,,,,,,,0,,,,,,3,2,0.6667,2.67,4.0,2.67,1.0,2.0,-0.3461,0.0,0.0,0.0,0,6,0,2,2,4,2.8,4.4,2.8,-1.6,2.19,0.0307,0.0,0.0,4.4,0.0,0.0,0.0
00-0034672,Ethan Wolf,TE,NO,2021,1,0,0.0,0.0,2.0,0.1111,0.0263,0.1851,0,,,,,,,,,,,0,,,,,,2,2,1.0,4.0,4.0,1.0,4.0,3.0,-0.1955,0.0,0.0,0.0,0,2,0,0,0,1,2.8,2.5,2.8,0.3,2.51,0.0676,0.0,0.0,2.5,0.0,0.0,0.0
00-0033246,Johnny Mundt,TE,LA,2021,1,1,0.0,0.0,1.0,0.0244,0.0198,0.0504,0,,,,,,,,,,,0,,,,,,1,1,1.0,9.0,9.0,7.0,1.286,2.0,1.3462,0.0,1.0,0.0,0,6,11,0,11,5,1.9,1.1,1.9,0.8,1.06,0.0111,0.0,0.0,1.1,0.02,0.0,-0.02
00-0036424,Brycen Hopkins,TE,LA,2021,1,0,0.0,0.0,1.0,0.0345,0.013,0.0609,0,,,,,,,,,,,0,,,,,,1,1,1.0,9.0,9.0,3.0,3.0,6.0,1.6592,0.0,1.0,0.0,0,7,0,10,10,6,1.9,1.4,1.9,0.5,1.35,0.021,0.0,0.0,1.4,0.0,0.0,0.0
00-0037004,Hunter Long,TE,MIA,2021,3,2,0.0,0.0,1.0,0.028,0.0117,0.0503,0,,,,,,,,,,,0,,,,,,3,1,0.3333,2.67,8.0,3.33,0.8,4.0,-2.3353,0.0,0.0,0.0,0,7,0,10,10,4,1.8,4.4,1.8,-2.6,1.46,0.0171,0.0,0.0,4.4,0.0,0.0,0.0
00-0031690,Eric Tomlinson,TE,BAL,2021,1,1,0.0,0.0,1.0,0.0244,0.0093,0.0431,0,,,,,,,,,,,0,,,,,,1,1,1.0,7.0,7.0,3.0,2.333,4.0,0.3054,0.0,0.0,0.0,0,17,0,0,0,16,1.7,1.4,1.7,0.3,1.38,0.013,0.0,0.0,1.4,0.0,0.0,0.0
00-0031598,Nick Boyle,TE,BAL,2021,2,1,0.0,0.0,1.0,0.0311,0.0063,0.0511,0,,,,,,,,,,,0,,,,,,2,1,0.5,1.0,2.0,1.5,0.667,0.0,-1.0386,0.0,0.0,0.0,0,5,9,3,12,3,1.2,3.5,1.2,-2.3,1.75,0.0243,0.0,0.0,3.5,0.18,0.0,-0.18
00-0033258,Darrell Daniels,TE,ARI,2021,3,3,0.0,0.0,1.33,0.0451,0.0645,0.1128,0,,,,,,,,,,,0,,,,,,4,1,0.25,0.0,0.0,5.5,0.0,1.0,-0.6125,0.0,0.0,0.0,0,15,1,1,2,12,1.0,5.5,1.0,-4.5,1.84,0.0233,0.0,0.0,5.5,0.05,0.0,-0.05
00-0034319,Deon Yelder,TE,TB,2021,1,1,0.0,0.0,1.0,0.0256,-0.0069,0.0336,0,,,,,,,,,,,0,,,,,,1,1,1.0,0.0,0.0,-2.0,-0.0,2.0,-0.6059,0.0,0.0,0.0,0,3,0,0,0,2,1.0,1.6,1.0,-0.6,1.64,0.0135,0.0,0.0,1.6,0.01,0.0,-0.01
00-0035428,Daniel Helm,TE,LV,2021,2,1,0.0,0.0,1.0,0.027,0.0008,0.0411,0,,,,,,,,,,,0,,,,,,2,1,0.5,-0.5,-1.0,0.5,-1.0,2.0,-1.1508,0.0,0.0,0.0,0,9,0,0,0,7,0.9,5.3,0.9,-4.4,2.65,0.0304,0.0,0.0,5.3,0.51,0.0,-0.51
00-0035956,Giovanni Ricci,TE,CAR,2021,2,0,0.0,0.0,1.0,0.0255,0.0366,0.0639,0,,,,,,,,,,,0,,,,,,2,0,0.0,0.0,,11.5,0.0,,-0.4826,0.0,0.0,0.0,0,16,0,1,1,14,0.0,4.7,0.0,-4.7,2.37,0.0302,0.0,0.0,4.7,0.43,0.0,-0.43
00-0035823,Ben Ellefson,TE,MIN,2021,1,1,0.0,0.0,1.0,0.0323,0.0276,0.0677,0,,,,,,,,,,,0,,,,,,1,0,0.0,0.0,,7.0,0.0,,-0.5104,0.0,0.0,0.0,0,5,10,2,12,4,0.0,1.9,0.0,-1.9,1.89,0.0255,0.0,0.0,1.9,0.01,0.0,-0.01
00-0034735,Codey McElroy,TE,TB,2021,1,1,0.0,0.0,1.0,0.0233,0.024,0.0517,0,,,,,,,,,,,0,,,,,,1,0,0.0,0.0,,11.0,0.0,,-0.7405,0.0,0.0,0.0,0,2,0,0,0,1,0.0,4.0,0.0,-4.0,4.04,0.0416,0.0,0.0,4.0,0.5,0.0,-0.5
00-0036438,Stephen Sullivan,TE,CAR,2021,1,0,0.0,0.0,1.0,0.0233,-0.0052,0.0313,0,,,,,,,,,,,0,,,,,,1,0,0.0,0.0,,-2.0,-0.0,,-0.3756,0.0,0.0,0.0,0,3,0,0,0,2,0.0,1.5,0.0,-1.5,1.47,0.0179,0.0,0.0,1.5,0.03,0.0,-0.03
00-0033720,Colin Thompson,TE,CAR,2021,1,1,0.0,0.0,1.0,0.0263,0.0172,0.0515,0,,,,,,,,,,,0,,,,,,1,0,0.0,0.0,,5.0,0.0,,-1.7404,0.0,0.0,0.0,0,11,0,3,3,10,0.0,1.7,0.0,-1.7,1.7,0.0251,0.0,0.0,1.7,0.0,0.0,0.0
00-0036825,Feleipe Franks,TE,ATL,2021,3,3,0.33,1.0,0.0,0.0,0.0,0.0,1,0.0,0.0,0.0,1.0,0.0,-3.8405,-83.253,0.0,0.0,0.0,3,2.0,0.0,-0.5209,0.0,0.0,0,0,,,,,,,,,,,0,12,0,5,5,9,-1.4,2.1,-1.4,-3.5,0.7,0.0099,0.2,1.9,0.0,0.04,0.0,-0.04
00-0033908,Cooper Kupp,WR,LA,2021,17,13,0.06,0.24,11.24,0.3233,0.3313,0.7168,1,0.0,0.0,0.0,0.0,0.0,-0.4021,-28.751,0.0,0.0,0.0,4,4.5,0.0,-0.3594,0.25,0.25,191,145,0.7592,10.19,13.43,8.59,1.186,5.83,0.5913,0.0838,0.466,0.2147,0,17,0,0,0,0,439.5,364.3,439.5,75.2,21.43,0.2556,1.3,3.0,360.0,13.13,16.0,2.87
00-0031381,Davante Adams,WR,GB,2021,16,12,0.0,0.0,10.56,0.3168,0.3647,0.7305,0,,,,,,,,,,,0,,,,,,169,123,0.7278,9.19,12.63,9.55,0.962,4.89,0.4258,0.0651,0.497,0.2012,0,16,1,0,1,0,344.3,302.9,344.3,41.4,18.93,0.2422,0.0,0.0,302.9,10.05,11.0,0.95
00-0035719,Deebo Samuel Sr.,WR,SF,2021,16,12,0.12,3.69,7.56,0.2621,0.2879,0.5946,2,0.5,12.0,0.5,0.0,0.0,1.0089,19.484,0.615,0.5,0.5,59,6.19,0.1356,0.3534,0.3559,0.2203,121,77,0.6364,11.61,18.25,8.5,1.365,10.13,0.4571,0.0496,0.4215,0.2727,2,16,0,1,1,0,339.0,256.6,338.2,81.5,16.04,0.2258,2.8,49.0,204.9,6.93,15.0,8.07
00-0036322,Justin Jefferson,WR,MIN,2021,17,13,0.24,0.35,9.82,0.2941,0.4296,0.7419,4,0.5,8.75,0.0,0.0,0.0,0.3133,-5.726,0.972,0.5,0.25,6,2.33,0.0,-0.3741,0.1667,0.1667,167,108,0.6467,9.68,14.96,12.35,0.783,4.54,0.4654,0.0599,0.4491,0.2395,1,17,0,0,0,0,330.4,319.1,330.4,11.3,18.77,0.2378,1.7,5.0,312.5,9.78,10.0,0.22
00-0036900,Ja'Marr Chase,WR,CIN,2021,17,13,0.0,0.41,7.53,0.2323,0.3649,0.6039,0,,,,,,,,,,,7,3.0,0.0,-0.3182,0.2857,0.1429,128,81,0.6328,11.37,17.96,12.63,0.9,8.04,0.5105,0.1016,0.4375,0.25,1,17,0,0,0,0,304.6,239.7,304.6,64.9,14.1,0.1978,0.0,6.1,233.6,8.66,13.0,4.34
00-0033040,Tyreek Hill,WR,KC,2021,17,13,0.0,0.53,9.35,0.2479,0.3349,0.6063,0,,,,,,,,,,,9,10.67,0.0,0.3308,0.4444,0.5556,159,111,0.6981,7.79,11.16,10.36,0.752,4.0,0.3922,0.0566,0.4717,0.1258,1,17,0,0,0,0,296.5,306.6,296.5,-10.1,18.04,0.1981,0.0,7.6,299.0,9.39,9.0,-0.39
00-0031588,Stefon Diggs,WR,BUF,2021,17,13,0.0,0.0,9.65,0.2707,0.348,0.6497,0,,,,,1.0,-0.8363,,,,,0,,,,,,164,103,0.628,7.47,11.89,11.14,0.67,3.17,0.1951,0.061,0.4024,0.1098,0,17,0,0,0,0,285.5,307.5,285.5,-22.0,18.09,0.1991,0.0,0.0,307.5,12.17,10.0,-2.17
00-0035216,Diontae Johnson,WR,PIT,2021,16,12,0.0,0.31,10.56,0.279,0.3315,0.6505,0,,,,,,,,,,,5,10.6,0.0,0.788,0.4,0.6,169,107,0.6331,6.87,10.85,8.52,0.806,4.93,0.1305,0.0473,0.3491,0.1183,2,16,0,1,1,0,274.4,278.2,274.4,-3.8,17.39,0.2277,0.0,3.7,274.6,6.85,8.0,1.15
00-0031408,Mike Evans,WR,TB,2021,16,13,0.0,0.06,7.12,0.1669,0.2633,0.4346,0,,,,,,,,,,,1,10.0,0.0,0.6376,1.0,1.0,114,74,0.6491,9.08,13.99,13.13,0.691,3.23,0.5763,0.1228,0.4912,0.2281,0,16,0,1,1,0,262.5,242.9,262.5,19.6,15.18,0.1559,0.0,0.9,242.1,10.56,14.0,3.44
00-0034983,Hunter Renfrow,WR,LV,2021,17,13,0.0,0.18,7.53,0.2105,0.1664,0.4322,0,,,,,,,,,,,3,1.0,0.0,-0.5342,0.0,0.0,128,103,0.8047,8.11,10.08,6.47,1.254,4.39,0.3942,0.0703,0.3984,0.1406,1,17,0,0,0,0,259.1,222.7,259.1,36.4,13.1,0.1658,0.0,2.1,220.7,7.1,9.0,1.9
00-0030279,Keenan Allen,WR,LAC,2021,16,12,0.06,0.0,9.81,0.2569,0.2976,0.5937,1,0.0,0.0,0.0,0.0,0.0,0.5595,-51.522,0.0,0.0,0.0,0,,,,,,157,106,0.6752,7.25,10.74,8.32,0.871,3.22,0.1955,0.0382,0.4204,0.1401,0,16,1,0,1,0,257.8,284.7,257.8,-26.9,17.8,0.201,2.2,0.0,282.6,8.14,6.0,-2.14
00-0036613,Jaylen Waddle,WR,MIA,2021,16,13,0.0,0.12,8.75,0.2489,0.2546,0.5516,0,,,,,,,,,,,2,1.5,0.5,0.5135,0.5,0.0,140,104,0.7429,7.25,9.76,7.09,1.022,4.22,0.1445,0.0429,0.4214,0.1143,0,16,1,0,1,0,247.8,231.2,247.8,16.6,14.45,0.1875,0.0,5.3,225.9,5.63,7.0,1.37
00-0033536,Mike Williams,WR,LAC,2021,16,13,0.0,0.0,8.06,0.2011,0.2891,0.504,0,,,,,,,,,,,0,,,,,,129,76,0.5891,8.88,15.08,11.6,0.766,5.46,0.5168,0.0698,0.3953,0.1783,0,16,1,0,1,0,246.6,252.7,246.6,-6.1,15.79,0.1767,0.0,0.0,252.7,10.87,9.0,-1.87
00-0035640,DK Metcalf,WR,SEA,2021,17,13,0.0,0.06,7.59,0.2774,0.3686,0.6741,0,,,,,,,,,,,1,6.0,0.0,0.2224,0.0,0.0,129,75,0.5814,7.5,12.89,12.68,0.591,4.37,0.2222,0.093,0.3721,0.155,0,17,0,0,0,0,244.3,232.0,244.3,12.3,13.65,0.2084,0.0,0.8,231.2,8.05,12.0,3.95
00-0033921,Chris Godwin Jr.,WR,TB,2021,14,13,0.0,0.29,9.07,0.2111,0.1929,0.4517,0,,,,,,,,,,,4,5.25,0.25,0.5312,1.0,0.0,127,98,0.7717,8.69,11.26,7.33,1.185,5.98,0.2839,0.0394,0.4331,0.189,2,14,3,0,3,0,242.4,242.8,242.4,-0.4,17.34,0.1763,0.0,6.1,236.7,7.29,6.0,-1.29
00-0032211,Tyler Lockett,WR,SEA,2021,16,13,0.0,0.12,6.69,0.2426,0.3617,0.6171,0,,,,,,,,,,,2,4.5,0.0,-0.0776,0.0,0.0,107,73,0.6822,10.98,16.1,14.6,0.752,3.79,0.5011,0.0748,0.3832,0.243,0,16,1,0,1,0,241.4,194.6,241.4,46.8,12.16,0.1848,0.0,1.4,193.2,5.39,8.0,2.61
00-0036252,Michael Pittman,WR,IND,2021,17,13,0.0,0.29,7.59,0.2612,0.3246,0.619,0,,,,,,,,,,,5,8.8,0.0,0.3148,0.2,0.2,129,88,0.6822,8.39,12.3,9.71,0.864,3.95,0.3729,0.0465,0.4186,0.1628,0,17,0,0,0,0,238.6,221.5,238.6,17.1,13.03,0.1783,0.0,4.1,217.4,6.35,6.0,-0.35
00-0034827,DJ Moore,WR,CAR,2021,17,13,0.0,0.47,9.59,0.2846,0.4081,0.7126,0,,,,,,,,,,,8,6.0,0.0,0.926,0.5,0.375,163,93,0.5706,7.1,12.44,10.64,0.667,4.54,0.0582,0.0245,0.3681,0.1718,1,17,0,0,0,0,237.5,273.8,237.5,-36.3,16.1,0.2196,0.0,5.0,268.7,6.01,4.0,-2.01
00-0036358,CeeDee Lamb,WR,DAL,2021,16,12,0.0,0.56,7.5,0.2008,0.2549,0.4796,0,,,,,,,,,,,9,8.44,0.0,0.4537,0.4444,0.4444,120,79,0.6583,9.18,13.95,10.28,0.894,5.58,0.2323,0.05,0.45,0.2333,0,16,0,1,1,0,232.8,232.5,232.8,0.3,14.53,0.1657,0.0,9.4,223.1,6.71,6.0,-0.71
00-0031236,Brandin Cooks,WR,HOU,2021,16,13,0.0,0.12,8.38,0.2721,0.38,0.6741,0,,,,,,,,,,,2,10.5,0.0,0.4151,0.5,0.5,134,90,0.6716,7.74,11.52,10.62,0.729,3.82,0.1828,0.0448,0.3358,0.1343,0,16,1,0,1,0,231.8,215.1,231.6,16.5,13.44,0.208,0.0,1.4,213.7,4.91,6.0,1.09
00-0035662,Marquise Brown,WR,BAL,2021,16,12,0.0,0.06,9.12,0.263,0.3076,0.6098,0,,,,,,,,,,,1,5.0,0.0,0.9445,1.0,0.0,146,91,0.6233,6.9,11.08,11.11,0.621,4.26,0.0814,0.0411,0.2808,0.137,0,16,0,1,1,0,228.3,260.4,228.3,-32.1,16.27,0.1969,0.0,0.6,259.8,7.73,6.0,-1.73
00-0036963,Amon-Ra St. Brown,WR,DET,2021,16,12,0.0,0.44,7.44,0.2284,0.2197,0.4964,0,,,,,,,,,,,7,8.71,0.1429,0.7274,0.2857,0.4286,119,90,0.7563,7.66,10.13,6.98,1.097,4.71,0.4474,0.042,0.4034,0.1513,0,17,0,0,0,1,227.3,192.2,227.3,35.1,12.02,0.1712,0.0,4.5,187.8,4.0,6.0,2.0
00-0036309,Darnell Mooney,WR,CHI,2021,17,13,0.0,0.35,8.24,0.2725,0.3434,0.6491,0,,,,,,,,,,,6,5.33,0.1667,0.1607,0.3333,0.3333,140,81,0.5786,7.54,13.02,11.11,0.678,4.7,0.0039,0.0286,0.35,0.1929,0,17,0,0,0,0,219.7,237.1,219.7,-17.4,13.95,0.1997,0.0,6.3,230.8,5.31,5.0,-0.31
00-0036410,Tee Higgins,WR,CIN,2021,14,11,0.0,0.0,7.86,0.2352,0.335,0.5873,0,,,,,,,,,,,0,,,,,,110,74,0.6727,9.92,14.74,12.03,0.825,3.85,0.528,0.0545,0.4818,0.2545,1,14,0,3,3,0,219.1,199.1,219.1,20.0,14.22,0.1891,0.0,0.0,199.1,6.45,6.0,-0.45
00-0035659,Terry McLaurin,WR,WAS,2021,17,13,0.0,0.06,7.65,0.2462,0.4143,0.6592,0,,,,,,,,,,,1,12.0,0.0,0.7792,1.0,1.0,130,77,0.5923,8.1,13.68,13.13,0.617,3.99,0.0937,0.0385,0.3615,0.1846,0,17,0,0,0,0,213.5,218.9,213.5,-5.4,12.88,0.1808,0.0,0.7,218.2,5.61,5.0,-0.61
00-0034775,Christian Kirk,WR,ARI,2021,17,13,0.06,0.06,6.06,0.1837,0.2715,0.4656,1,1.0,33.0,0.0,0.0,0.0,3.0306,70.779,1.0,1.0,1.0,1,11.0,0.0,0.6512,1.0,1.0,103,77,0.7476,9.53,12.75,11.66,0.818,3.0,0.4961,0.0485,0.4272,0.2136,0,17,0,0,0,0,207.6,192.7,207.6,14.9,11.34,0.1356,1.9,0.7,190.1,6.25,5.0,-1.25
00-0031544,Amari Cooper,WR,DAL,2021,15,11,0.0,0.0,6.93,0.1843,0.2516,0.4526,0,,,,,,,,,,,0,,,,,,104,68,0.6538,8.32,12.72,11.08,0.751,3.37,0.4641,0.0769,0.4327,0.1923,0,15,2,0,2,0,202.5,197.7,202.5,4.8,13.18,0.1495,0.0,0.0,197.7,7.13,8.0,0.87
00-0030035,Adam Thielen,WR,MIN,2021,13,12,0.0,0.08,7.31,0.2036,0.25,0.4804,0,,,,,,,,,,,1,2.0,0.0,-0.1941,0.0,0.0,95,67,0.7053,7.64,10.84,9.51,0.804,3.57,0.2533,0.1053,0.3895,0.2105,0,13,2,2,4,0,199.8,180.5,199.8,19.3,13.88,0.1655,0.0,0.7,179.7,6.25,10.0,3.75
00-0034960,Jakobi Meyers,WR,NE,2021,16,12,0.12,0.06,7.88,0.2386,0.2963,0.5654,2,1.0,22.5,0.0,0.0,0.0,0.8935,41.687,4.091,0.5,0.5,1,9.0,0.0,0.9231,0.0,0.0,126,83,0.6587,6.87,10.43,9.69,0.709,2.67,0.1515,0.0159,0.3333,0.1429,1,17,0,0,0,1,186.3,205.8,186.3,-19.5,12.87,0.1719,0.6,0.7,204.6,4.11,2.0,-2.11
00-0036912,DeVonta Smith,WR,PHI,2021,17,13,0.0,0.0,6.12,0.2273,0.3582,0.5917,0,,,,,,,,,,,0,,,,,,104,64,0.6154,8.81,14.31,14.19,0.621,3.25,0.2853,0.0481,0.4135,0.2308,1,17,0,0,0,0,185.6,194.4,185.6,-8.8,11.44,0.1544,0.0,0.0,194.4,6.36,5.0,-1.36
00-0033009,Tyler Boyd,WR,CIN,2021,16,13,0.06,0.12,5.88,0.1944,0.1927,0.4265,1,1.0,46.0,0.0,0.0,0.0,3.1924,12.374,-11.5,1.0,1.0,2,11.0,0.0,0.6778,0.5,0.5,94,67,0.7128,8.81,12.36,7.91,1.113,5.81,0.2053,0.0532,0.3936,0.1915,0,17,0,0,0,1,183.8,156.6,183.8,27.2,9.79,0.1348,0.2,1.4,154.9,3.0,5.0,2.0
00-0035676,A.J. Brown,WR,TEN,2021,13,10,0.15,0.15,8.08,0.2768,0.4266,0.7139,2,0.0,0.0,0.0,0.0,0.0,-0.6257,-18.816,0.0,0.0,0.0,2,5.0,0.0,0.276,0.5,0.0,105,63,0.6,8.28,13.79,11.6,0.713,3.73,0.3222,0.0476,0.4286,0.1714,0,13,3,1,4,0,180.9,199.7,180.9,-18.8,15.36,0.2066,1.0,2.2,196.6,5.88,5.0,-0.88
00-0033307,Kendrick Bourne,WR,NE,2021,17,13,0.06,0.71,4.12,0.1298,0.1273,0.2838,1,1.0,25.0,1.0,0.0,0.0,2.3478,64.895,1.136,1.0,1.0,12,10.42,0.0,0.7982,0.5833,0.5,70,55,0.7857,11.43,14.55,8.46,1.351,7.0,0.6054,0.0714,0.3857,0.2429,1,17,0,0,0,0,180.5,128.9,180.5,51.6,7.58,0.1052,1.4,9.6,117.8,3.03,6.0,2.97
00-0029293,Marvin Jones,WR,JAX,2021,17,13,0.0,0.0,7.06,0.2072,0.3004,0.5211,0,,,,,,,,,,,0,,,,,,120,73,0.6083,6.93,11.4,11.98,0.579,1.64,0.2129,0.0333,0.35,0.1417,0,17,0,0,0,0,180.2,210.5,180.2,-30.3,12.38,0.1717,0.0,0.0,210.5,7.88,4.0,-3.88
00-0036261,Brandon Aiyuk,WR,SF,2021,16,12,0.0,0.31,5.25,0.1821,0.2123,0.4217,0,,,,,,,,,,,5,3.4,0.0,-0.2529,0.0,0.0,84,56,0.6667,9.83,14.75,9.68,1.016,6.23,0.4852,0.0595,0.4405,0.2976,1,17,0,0,0,1,170.3,159.8,170.3,10.5,9.99,0.1401,0.0,3.5,156.4,5.1,5.0,-0.1
00-0036415,Van Jefferson,WR,LA,2021,17,13,0.0,0.12,5.24,0.144,0.2316,0.3781,0,,,,,,,,,,,2,10.0,0.0,0.6775,0.5,1.0,89,50,0.5618,9.01,16.04,13.43,0.671,4.4,0.3754,0.0674,0.3596,0.191,0,17,0,0,0,0,168.2,182.3,168.2,-14.1,10.72,0.1279,0.0,1.3,180.9,7.39,6.0,-1.39
00-0036326,Chase Claypool,WR,PIT,2021,15,11,0.0,0.93,7.0,0.1804,0.2988,0.4797,0,,,,,,,,,,,14,6.86,0.0,0.2729,0.5,0.3571,105,59,0.5619,8.19,14.58,11.45,0.715,5.0,0.0932,0.019,0.3333,0.1905,0,15,0,2,2,0,166.6,192.9,165.4,-27.5,12.86,0.1685,0.0,14.5,178.4,6.44,2.0,-4.44
00-0034411,Russell Gage,WR,ATL,2021,13,9,0.0,0.0,7.23,0.2358,0.2763,0.5471,0,,,,,,,,,,,0,,,,,,94,66,0.7021,8.19,11.67,9.38,0.873,3.76,0.101,0.0426,0.3936,0.1702,2,14,0,3,3,1,163.0,155.1,163.1,8.0,11.93,0.1805,0.0,0.0,155.1,4.06,4.0,-0.06
00-0029000,Cole Beasley,WR,BUF,2021,16,13,0.06,0.0,7.0,0.1842,0.1298,0.3672,1,0.0,0.0,0.0,0.0,0.0,-0.4776,-33.298,0.0,0.0,0.0,0,,,,,,112,82,0.7321,6.19,8.45,5.62,1.1,3.72,0.0553,0.0089,0.3036,0.0714,0,16,1,0,1,0,159.3,183.3,159.3,-24.0,11.46,0.1282,1.7,0.0,181.6,3.4,1.0,-2.4
00-0036345,K.J. Osborn,WR,MIN,2021,17,13,0.0,0.06,4.82,0.1415,0.1671,0.3291,0,,,,,,,,,,,1,10.0,0.0,0.547,1.0,1.0,82,50,0.6098,7.99,13.1,10.5,0.761,3.58,0.1781,0.0854,0.3171,0.1463,0,17,0,0,0,0,158.5,142.8,158.5,15.7,8.4,0.1064,0.0,0.8,142.0,4.23,7.0,2.77
00-0027942,A.J. Green,WR,ARI,2021,16,12,0.0,0.0,5.75,0.1648,0.2597,0.429,0,,,,,,,,,,,0,,,,,,92,54,0.587,9.22,15.7,12.05,0.765,3.35,0.3095,0.0326,0.4022,0.2174,0,16,1,0,1,0,156.8,180.3,156.8,-23.5,11.27,0.1329,0.0,0.0,180.3,7.39,3.0,-4.39
00-0033375,Tim Patrick,WR,DEN,2021,16,13,0.0,0.0,5.31,0.1794,0.2428,0.439,0,,,,,,,,,,,0,,,,,,85,53,0.6235,8.64,13.85,11.71,0.738,3.81,0.443,0.0588,0.4588,0.1882,0,16,1,0,1,0,156.4,146.7,156.4,9.7,9.17,0.1303,0.0,0.0,146.7,4.85,5.0,0.15
00-0036219,Marquez Callaway,WR,NO,2021,17,13,0.0,0.0,4.94,0.1871,0.297,0.4885,0,,,,,,,,,,,0,,,,,,84,46,0.5476,8.31,15.17,12.62,0.658,3.13,0.333,0.0714,0.381,0.1667,0,17,0,0,0,0,151.8,138.9,151.8,12.8,8.17,0.1209,0.0,0.0,138.9,4.2,6.0,1.8
00-0034348,Courtland Sutton,WR,DEN,2021,17,13,0.06,0.0,5.76,0.1818,0.2971,0.4807,1,1.0,16.0,0.0,0.0,0.0,1.0016,44.029,1.067,1.0,0.0,0,,,,,,98,58,0.5918,7.92,13.38,15.4,0.514,2.33,0.2062,0.0204,0.3571,0.1327,0,17,0,0,0,0,150.2,175.2,150.2,-24.9,10.3,0.1469,0.8,0.0,174.4,4.89,2.0,-2.89
00-0034418,Cedrick Wilson Jr.,WR,DAL,2021,14,11,0.21,0.14,4.36,0.1164,0.1364,0.27,3,1.0,29.33,0.0,0.0,0.0,1.9163,45.475,1.313,1.0,1.0,2,5.5,0.0,0.5164,0.5,0.0,61,45,0.7377,9.87,13.38,9.75,1.012,5.78,0.5874,0.0984,0.4426,0.2131,0,16,0,1,1,2,147.8,115.6,147.8,32.2,8.26,0.0936,1.8,2.5,111.3,3.51,6.0,2.49
00-0030564,DeAndre Hopkins,WR,ARI,2021,10,10,0.0,0.0,6.4,0.2034,0.3178,0.5276,0,,,,,,,,,,,0,,,,,,64,42,0.6562,8.94,13.62,12.31,0.726,3.33,0.6622,0.125,0.5,0.1562,0,10,4,3,7,0,147.2,131.6,147.2,15.6,13.16,0.158,0.0,0.0,131.6,6.68,8.0,1.32
00-0034521,Allen Lazard,WR,GB,2021,14,10,0.0,0.21,4.29,0.1274,0.1854,0.3208,0,,,,,,,,,,,3,10.67,0.0,0.919,0.6667,0.6667,60,40,0.6667,8.55,12.82,10.78,0.793,4.35,0.6098,0.1333,0.4667,0.2,0,15,1,1,2,1,142.5,123.0,142.5,19.5,8.79,0.111,0.0,2.3,120.7,6.44,8.0,1.56
00-0035140,Mecole Hardman,WR,KC,2021,17,13,0.0,0.47,4.88,0.1277,0.1302,0.2827,0,,,,,,,,,,,8,5.75,0.0,-0.1943,0.25,0.25,83,59,0.7108,8.35,11.75,7.37,1.132,8.51,0.2168,0.0241,0.3976,0.1205,2,17,0,0,0,0,140.9,159.9,140.9,-19.0,9.41,0.1033,0.0,8.4,151.6,5.38,2.0,-3.38
00-0032688,Robbie Chosen,WR,CAR,2021,17,13,0.0,0.18,6.47,0.1826,0.24,0.4419,0,,,,,,,,,,,3,12.0,0.0,0.7416,0.3333,0.3333,110,53,0.4818,4.72,9.79,10.51,0.449,2.98,-0.2599,0.0455,0.2455,0.0909,0,17,0,0,0,0,138.5,183.5,138.5,-45.0,10.8,0.1472,0.0,2.8,180.8,4.49,5.0,0.51
00-0036980,Elijah Moore,WR,NYJ,2021,11,11,0.0,0.45,7.0,0.1953,0.2973,0.5011,0,,,,,,,,,,,5,10.8,0.2,1.0976,0.6,0.4,77,43,0.5584,6.99,12.51,11.68,0.598,4.81,-0.0168,0.0649,0.3117,0.1688,0,11,5,1,6,0,138.2,127.3,138.2,10.9,11.58,0.1551,0.0,4.6,122.8,2.88,6.0,3.12
00-0030431,Robert Woods,WR,LA,2021,9,9,0.0,0.89,7.67,0.2177,0.2112,0.4743,0,,,,,,,,,,,8,5.75,0.125,0.2425,0.125,0.125,69,45,0.6522,8.06,12.36,8.16,0.988,4.4,0.4437,0.058,0.4928,0.2464,0,9,7,1,8,0,137.2,143.0,137.2,-5.8,15.89,0.1806,0.0,6.4,136.6,4.8,5.0,0.2
00-0031382,Jarvis Landry,WR,CLE,2021,12,9,0.0,0.5,7.25,0.2448,0.2472,0.5402,0,,,,,1.0,-4.6881,,,,,6,6.67,0.3333,0.8355,0.6667,0.1667,87,52,0.5977,6.55,10.96,8.0,0.819,5.25,-0.1515,0.023,0.3333,0.1149,1,12,5,0,5,0,133.0,146.4,135.0,-11.4,12.2,0.1767,0.0,6.0,140.4,3.0,4.0,1.0
00-0032464,Kalif Raymond,WR,DET,2021,16,13,0.0,0.25,4.44,0.1401,0.2324,0.3729,0,,,,,,,,,,,4,7.0,0.0,0.3535,0.5,0.25,71,48,0.6761,8.11,12.0,10.21,0.794,5.46,0.2401,0.0563,0.3944,0.1831,0,16,1,0,1,0,132.4,122.7,132.4,9.7,7.67,0.1107,0.0,2.7,120.0,2.67,4.0,1.33
00-0027685,Emmanuel Sanders,WR,BUF,2021,14,13,0.0,0.14,5.14,0.1426,0.2382,0.3806,0,,,,,,,,,,,2,15.5,0.0,1.0127,1.0,0.5,72,42,0.5833,8.69,14.9,14.96,0.581,2.02,0.3449,0.0556,0.4306,0.25,0,14,0,3,3,0,131.7,147.1,131.7,-15.4,10.51,0.1157,0.0,1.7,145.4,5.61,4.0,-1.61
00-0031235,Odell Beckham Jr.,WR,LA,2021,14,10,0.0,0.14,5.86,0.1778,0.2607,0.4493,0,,,,,,,,,,,2,7.0,0.0,0.233,0.5,0.5,82,44,0.5366,6.55,12.2,13.32,0.492,3.43,0.1016,0.061,0.3293,0.1707,0,14,0,3,3,0,129.1,163.2,129.1,-34.1,11.66,0.1504,0.0,1.5,161.7,6.29,5.0,-1.29
00-0034297,Byron Pringle,WR,KC,2021,16,12,0.0,0.0,3.75,0.101,0.1365,0.247,0,,,,,,,,,,,0,,,,,,60,42,0.7,9.47,13.52,10.68,0.886,4.45,0.6123,0.0833,0.5333,0.25,0,17,0,0,0,1,128.8,108.4,128.8,20.4,6.77,0.0744,0.0,0.0,108.4,2.86,5.0,2.14
00-0036268,Laviska Shenault Jr.,WR,JAX,2021,16,13,0.0,0.69,6.25,0.1859,0.1252,0.3664,0,,,,,,,,,,,11,3.73,0.0,-0.1145,0.1818,0.1818,100,63,0.63,6.19,9.83,5.5,1.125,6.24,0.0353,0.0,0.3,0.08,1,16,1,0,1,0,127.0,161.7,127.0,-34.7,10.1,0.1427,0.0,7.7,154.0,3.05,0.0,-3.05
00-0036196,Gabe Davis,WR,BUF,2021,15,12,0.0,0.0,4.2,0.1126,0.1728,0.2899,0,,,,,,,,,,,0,,,,,,63,35,0.5556,8.71,15.69,13.43,0.649,3.77,0.3285,0.0952,0.4603,0.2381,0,16,1,0,1,1,125.9,135.9,125.9,-10.0,9.06,0.1012,0.0,0.0,135.9,7.93,6.0,-1.93
00-0027793,Antonio Brown,WR,TB,2021,7,5,0.0,0.14,8.86,0.2309,0.2949,0.5528,0,,,,,,,,,,,1,6.0,0.0,0.3085,0.0,0.0,62,42,0.6774,8.79,12.98,11.84,0.743,4.52,0.5476,0.0645,0.4677,0.2097,0,7,4,5,9,0,121.1,117.3,121.1,3.8,16.76,0.1721,0.0,0.7,116.7,3.39,4.0,0.61
00-0034419,Braxton Berrios,WR,NYJ,2021,15,12,0.0,0.47,4.33,0.1341,0.0849,0.2606,0,,,,,,,,,,,7,5.71,0.2857,0.7163,0.4286,0.1429,65,46,0.7077,6.63,9.37,5.11,1.298,5.74,0.1204,0.0308,0.3231,0.0923,1,16,1,0,1,1,121.1,108.8,112.9,4.1,7.25,0.0978,0.0,10.8,98.0,3.08,4.0,0.92
00-0036271,Quez Watkins,WR,PHI,2021,17,13,0.0,0.06,3.65,0.1354,0.1679,0.3206,0,,,,,,,,,,,1,3.0,0.0,-0.1665,0.0,0.0,62,43,0.6935,10.44,15.05,12.03,0.867,5.88,0.4971,0.0161,0.4032,0.2581,0,17,0,0,0,0,116.0,105.9,116.0,10.1,6.23,0.0841,0.0,0.8,105.1,2.75,1.0,-1.75
00-0035215,Deonte Harty,WR,NO,2021,13,11,0.0,0.38,4.54,0.1513,0.2065,0.3715,0,,,,,,,,,,,5,8.2,0.0,0.2275,0.2,0.2,59,36,0.6102,9.66,15.83,9.92,0.974,6.83,0.1683,0.0508,0.3898,0.1525,0,13,3,1,4,0,115.1,96.5,115.1,18.6,7.43,0.1061,0.0,3.7,92.8,1.39,3.0,1.61
00-0036936,Rondale Moore,WR,ARI,2021,14,13,0.0,1.29,4.57,0.1432,0.017,0.2267,0,,,,,,,,,,,18,4.22,0.0,-0.0089,0.1111,0.1111,64,54,0.8438,6.8,8.06,1.44,4.728,8.11,0.0234,0.0156,0.2812,0.1094,0,14,0,3,3,0,111.1,117.6,111.1,-6.5,8.4,0.1023,0.0,17.0,100.6,2.8,1.0,-1.8
00-0031941,Jamison Crowder,WR,NYJ,2021,12,10,0.0,0.0,5.92,0.1673,0.1569,0.3608,0,,,,,1.0,-0.2978,,,,,0,,,,,,71,51,0.7183,6.3,8.76,6.31,0.998,3.41,0.0944,0.0282,0.338,0.0845,1,12,1,4,5,0,109.7,110.5,109.7,-0.8,9.21,0.1252,1.1,0.0,109.4,1.79,2.0,0.21
00-0036233,Donovan Peoples-Jones,WR,CLE,2021,13,9,0.0,0.0,4.46,0.1509,0.2797,0.4222,0,,,,,,,,,,,0,,,,,,58,34,0.5862,10.29,17.56,15.59,0.66,4.29,0.4314,0.0517,0.4483,0.2414,1,15,0,2,2,2,109.7,103.3,109.7,6.4,7.95,0.1161,0.0,0.0,103.3,2.62,3.0,0.38
00-0036365,Bryan Edwards,WR,LV,2021,16,13,0.0,0.06,3.69,0.1026,0.1681,0.2715,0,,,,,,,,,,,1,0.0,0.0,-1.8314,0.0,0.0,59,34,0.5763,9.68,16.79,14.02,0.69,5.59,0.2938,0.0508,0.4407,0.322,0,16,1,0,1,0,109.1,122.6,109.1,-13.5,7.66,0.0954,0.0,0.7,121.9,4.96,3.0,-1.96
00-0036182,Nick Westbrook-Ikhine,WR,TEN,2021,15,11,0.0,0.0,3.8,0.1211,0.1749,0.3041,0,,,,,,,,,,,0,,,,,,57,38,0.6667,8.35,12.53,10.63,0.785,3.79,0.3819,0.0702,0.4035,0.1404,1,16,0,1,1,1,107.6,99.5,107.6,8.1,6.63,0.0872,0.0,0.0,99.5,3.22,4.0,0.78
00-0033891,Zay Jones,WR,LV,2021,15,11,0.0,0.13,4.67,0.1365,0.2338,0.3684,0,,,,,,,,,,,2,1.5,0.0,-0.2584,0.0,0.0,70,47,0.6714,7.8,11.62,13.99,0.558,3.62,0.0858,0.0143,0.4143,0.1286,1,17,0,0,0,2,105.9,123.0,105.9,-17.1,8.2,0.1015,0.0,1.4,121.6,3.21,1.0,-2.21
00-0033871,Corey Davis,WR,NYJ,2021,9,9,0.0,0.0,6.56,0.1847,0.2812,0.474,0,,,,,,,,,,,0,,,,,,59,34,0.5763,8.34,14.47,12.97,0.643,3.79,-0.0141,0.0678,0.3898,0.1864,1,9,5,3,8,0,105.2,100.1,105.2,5.1,11.12,0.1537,0.0,0.0,100.1,1.98,4.0,2.02
00-0036550,Rashod Bateman,WR,BAL,2021,12,8,0.0,0.0,5.67,0.1611,0.1772,0.3658,0,,,,,,,,,,,0,,,,,,68,46,0.6765,7.57,11.2,8.91,0.85,3.54,0.2189,0.0147,0.4265,0.1324,0,12,5,0,5,0,103.5,107.2,101.5,-5.7,8.93,0.1096,0.0,0.0,107.2,1.62,1.0,-0.62
00-0031547,DeVante Parker,WR,MIA,2021,9,6,0.0,0.0,8.11,0.2434,0.3598,0.6169,0,,,,,,,,,,,0,,,,,,73,40,0.5479,7.05,12.88,11.73,0.602,2.6,0.3296,0.0274,0.3973,0.137,0,10,4,3,7,1,103.5,121.5,103.5,-18.0,13.51,0.1843,0.0,0.0,121.5,3.04,2.0,-1.04
00-0031549,Nelson Agholor,WR,NE,2021,14,12,0.0,0.21,4.57,0.1584,0.2637,0.4222,0,,,,,,,,,,,3,3.67,0.0,-0.1673,0.0,0.0,64,37,0.5781,7.39,12.78,14.28,0.518,2.81,0.0569,0.0469,0.3594,0.1562,0,15,0,2,2,1,103.4,111.7,103.4,-8.3,7.98,0.1104,0.0,1.9,109.9,2.76,3.0,0.24
00-0035414,Jalen Guyton,WR,LAC,2021,16,13,0.0,0.44,3.0,0.0735,0.1061,0.1845,0,,,,,,,,,,,7,4.86,0.0,-0.1394,0.2857,0.1429,48,31,0.6458,9.33,14.45,10.48,0.891,4.81,0.5623,0.0625,0.4375,0.2292,0,16,1,0,1,0,97.2,88.8,97.2,8.4,5.55,0.0621,0.0,5.5,83.3,2.85,3.0,0.15
00-0028002,Randall Cobb,WR,GB,2021,11,11,0.0,0.09,3.55,0.1036,0.095,0.2219,0,,,,,,,,,,,1,1.0,0.0,-0.4613,0.0,0.0,39,28,0.7179,9.62,13.39,7.87,1.221,4.93,0.5491,0.1282,0.5385,0.1538,0,12,5,0,5,1,95.6,85.0,95.6,10.6,7.73,0.0961,0.0,0.6,84.4,5.74,5.0,-0.74
00-0033251,Zach Pascal,WR,IND,2021,16,13,0.0,0.12,4.31,0.1404,0.1582,0.3213,0,,,,,,,,,,,2,10.5,0.0,0.9589,0.0,0.5,69,38,0.5507,5.57,10.11,8.81,0.632,3.18,-0.1865,0.0435,0.2319,0.087,1,16,0,1,1,0,94.5,127.3,94.5,-32.8,7.96,0.1081,0.0,1.3,126.0,4.73,3.0,-1.73
00-0036988,Josh Palmer,WR,LAC,2021,15,11,0.0,0.07,3.27,0.0862,0.1044,0.2023,0,,,,,,,,,,,1,6.0,0.0,0.2198,0.0,0.0,49,33,0.6735,7.2,10.7,9.98,0.722,3.03,0.2554,0.0816,0.3673,0.1429,0,17,0,0,0,2,92.9,90.0,92.9,2.9,6.0,0.0675,0.0,0.7,89.3,3.24,4.0,0.76
00-0034764,Michael Gallup,WR,DAL,2021,9,6,0.0,0.0,6.89,0.1667,0.2739,0.4419,0,,,,,,,,,,,0,,,,,,62,35,0.5645,7.18,12.71,11.65,0.616,3.51,0.2968,0.0323,0.371,0.1613,0,9,8,0,8,0,91.5,121.1,91.5,-29.6,13.45,0.1479,0.0,0.0,121.1,4.35,2.0,-2.35
00-0035208,Olamide Zaccheaus,WR,ATL,2021,15,11,0.0,0.07,3.53,0.1126,0.1354,0.2637,0,,,,,,,,,,,1,2.0,0.0,0.5175,1.0,0.0,53,31,0.5849,7.66,13.1,9.0,0.851,3.1,0.2187,0.0566,0.4151,0.0943,0,17,0,0,0,2,89.8,90.5,89.8,-0.7,6.03,0.0869,0.0,0.7,89.8,2.63,3.0,0.37
00-0033932,Kenny Golladay,WR,NYG,2021,14,10,0.0,0.0,5.43,0.1671,0.2984,0.4595,0,,,,,,,,,,,0,,,,,,76,37,0.4868,6.86,14.08,13.82,0.496,3.22,-0.0454,0.0,0.3553,0.1974,0,14,0,3,3,0,89.1,128.6,89.1,-39.5,9.19,0.1367,0.0,0.0,128.6,3.57,0.0,-3.57
00-0034765,Tre'Quan Smith,WR,NO,2021,10,8,0.0,0.0,5.0,0.1613,0.2023,0.3837,0,,,,,,,,,,,0,,,,,,50,32,0.64,7.54,11.78,9.6,0.785,3.53,0.2504,0.06,0.36,0.16,0,11,5,1,6,1,87.7,92.9,87.7,-5.2,9.29,0.1223,0.0,0.0,92.9,3.97,3.0,-0.97
00-0034272,Marquez Valdes-Scantling,WR,GB,2021,11,8,0.0,0.0,5.0,0.1486,0.301,0.4336,0,,,,,,,,,,,0,,,,,,55,26,0.4727,7.82,16.54,17.91,0.437,5.62,0.1784,0.0545,0.3273,0.1636,0,11,6,0,6,0,87.0,106.9,87.0,-19.9,9.71,0.1216,0.0,0.0,106.9,4.06,3.0,-1.06
00-0031428,Allen Robinson,WR,CHI,2021,12,10,0.0,0.0,5.5,0.1996,0.2639,0.4842,0,,,,,,,,,,,0,,,,,,66,38,0.5758,6.21,10.79,11.44,0.543,2.42,0.1475,0.0152,0.3333,0.1212,0,12,2,3,5,0,87.0,105.7,87.0,-18.7,8.81,0.1342,0.0,0.0,105.7,2.27,1.0,-1.27
00-0031763,DeAndre Carter,WR,WAS,2021,15,11,0.0,0.67,2.93,0.0911,0.115,0.2171,0,,,,,,,,,,,10,8.9,0.0,0.2688,0.4,0.5,44,24,0.5455,6.73,12.33,11.02,0.61,3.25,0.226,0.0682,0.3864,0.2045,0,17,0,0,0,2,86.5,79.2,80.5,1.3,5.28,0.0715,0.0,6.9,72.2,1.97,3.0,1.03
00-0036247,Freddie Swain,WR,SEA,2021,16,12,0.0,0.31,2.5,0.093,0.0689,0.1878,0,,,,,,,,,,,5,6.4,0.0,0.234,0.4,0.2,40,25,0.625,8.57,13.72,8.1,1.059,8.24,0.3072,0.1,0.3,0.15,0,17,0,0,0,1,86.5,70.7,86.5,15.8,4.42,0.068,0.0,3.6,67.1,1.9,4.0,2.1
00-0036407,Jerry Jeudy,WR,DEN,2021,10,7,0.0,0.2,5.6,0.201,0.2425,0.4713,0,,,,,,,,,,,2,1.5,0.0,-0.4274,0.0,0.0,56,38,0.6786,8.34,12.29,10.62,0.785,4.68,0.275,0.0,0.3929,0.1964,0,10,7,0,7,0,85.0,92.1,85.0,-7.1,9.21,0.1344,0.0,1.4,90.6,1.04,0.0,-1.04
00-0036357,Henry Ruggs III,WR,LV,2021,7,7,0.0,0.43,5.14,0.1445,0.2544,0.3948,0,,,,,,,,,,,3,5.33,0.0,-0.3805,0.0,0.0,36,24,0.6667,13.03,19.54,16.89,0.771,4.54,0.8632,0.0556,0.4444,0.3333,0,7,0,0,0,0,84.5,66.1,84.5,18.4,9.45,0.1171,0.0,2.7,63.5,0.9,2.0,1.1
00-0036554,Nico Collins,WR,HOU,2021,14,10,0.0,0.0,4.29,0.1295,0.1927,0.3291,0,,,,,,,,,,,0,,,,,,60,33,0.55,7.43,13.52,10.62,0.7,3.97,-0.0042,0.0167,0.3667,0.1667,0,14,3,0,3,0,83.6,102.9,83.8,-19.1,7.35,0.1078,0.0,0.0,102.9,2.99,1.0,-1.99
00-0032951,Laquon Treadwell,WR,JAX,2021,12,8,0.0,0.0,4.25,0.1301,0.1932,0.3305,0,,,,,,,,,,,0,,,,,,51,33,0.6471,8.51,13.15,12.02,0.708,3.7,0.4536,0.0196,0.4314,0.1961,0,12,0,0,0,0,82.4,90.9,82.4,-8.5,7.58,0.1116,0.0,0.0,90.9,2.99,1.0,-1.99
00-0036913,Kadarius Toney,WR,NYG,2021,9,8,0.33,0.33,6.33,0.1729,0.1359,0.3545,3,0.3333,6.33,0.0,0.0,0.25,-0.2071,-26.694,0.358,0.3333,0.0,3,2.0,0.0,-1.1076,0.0,0.0,57,39,0.6842,7.37,10.77,6.44,1.144,5.85,0.2533,0.0,0.3684,0.1754,0,10,1,6,7,1,82.4,90.0,82.4,-7.6,10.0,0.1332,1.4,2.4,86.1,1.75,0.0,-1.75
00-0036259,Jauan Jennings,WR,SF,2021,13,9,0.0,0.0,2.92,0.1032,0.1203,0.2389,0,,,,,,,,,,,0,,,,,,38,24,0.6316,7.42,11.75,9.34,0.794,4.29,0.4783,0.1316,0.3947,0.1053,0,16,0,1,1,3,82.2,67.9,82.2,14.3,5.23,0.0745,0.0,0.0,67.9,2.31,5.0,2.69
00-0033572,Jamal Agnew,WR,JAX,2021,7,7,0.0,1.0,5.57,0.1559,0.1527,0.3408,0,,,,,,,,,,,7,15.86,0.1429,1.1512,0.4286,0.4286,39,24,0.6154,5.87,9.54,7.46,0.787,4.92,0.1464,0.0256,0.359,0.1026,0,10,7,0,7,3,82.0,62.4,70.0,7.6,8.92,0.123,0.0,4.8,57.6,0.92,2.0,1.08
00-0033943,Josh Reynolds,WR,DET,2021,10,7,0.0,0.0,4.9,0.1523,0.3128,0.4474,0,,,,,,,,,,,0,,,,,,49,29,0.5918,8.08,13.66,13.63,0.593,4.1,0.3854,0.0408,0.4286,0.1633,0,12,1,5,6,2,80.6,87.0,80.6,-6.5,8.71,0.1241,0.0,0.0,87.0,2.76,2.0,-0.76
00-0027944,Julio Jones,WR,TEN,2021,10,7,0.0,0.0,4.8,0.1573,0.2258,0.3941,0,,,,,,,,,,,0,,,,,,48,31,0.6458,9.04,14.0,12.06,0.75,3.61,0.3204,0.0208,0.3958,0.2083,0,10,4,3,7,0,80.4,92.3,80.4,-11.9,9.23,0.1215,0.0,0.0,92.3,3.25,1.0,-2.25
00-0032009,Adam Humphries,WR,WAS,2021,17,13,0.0,0.0,3.65,0.117,0.0993,0.2451,0,,,,,,,,,,,0,,,,,,62,41,0.6613,6.18,9.34,6.63,0.932,3.85,-0.1009,0.0,0.371,0.1129,0,17,0,0,0,0,79.3,92.6,79.3,-13.3,5.45,0.0765,0.0,0.0,92.6,1.42,0.0,-1.42
00-0033681,Keelan Cole,WR,NYJ,2021,14,10,0.07,0.0,3.64,0.1062,0.1963,0.2967,1,0.0,0.0,0.0,0.0,0.0,-0.7409,-30.431,0.0,0.0,0.0,0,,,,,,51,28,0.549,8.8,16.04,13.45,0.655,3.04,0.1428,0.0196,0.3922,0.1961,0,15,1,1,2,1,78.9,88.1,78.9,-9.2,6.29,0.0876,1.2,0.0,86.9,2.05,1.0,-1.05
00-0036387,Jalen Reagor,WR,PHI,2021,17,13,0.0,0.59,3.35,0.1205,0.1206,0.2651,0,,,,,,,,,,,10,3.2,0.0,-0.1507,0.3,0.3,57,33,0.5789,5.25,9.06,9.63,0.545,4.58,-0.1896,0.0351,0.2281,0.1053,0,17,0,0,0,0,78.1,102.1,78.1,-24.0,6.0,0.0811,0.0,7.2,94.9,2.69,2.0,-0.69
00-0032385,Sterling Shepard,WR,NYG,2021,7,6,0.0,0.14,7.57,0.2052,0.1917,0.442,0,,,,,,,,,,,1,-9.0,0.0,-1.4397,0.0,0.0,53,36,0.6792,6.91,10.17,7.62,0.906,3.08,0.0343,0.0189,0.3585,0.1509,0,7,3,7,10,0,77.7,84.9,77.7,-7.2,12.13,0.1647,0.0,0.7,84.2,1.57,1.0,-0.57
00-0036331,Devin Duvernay,WR,BAL,2021,15,12,0.0,0.47,3.13,0.0895,0.0625,0.178,0,,,,,,,,,,,7,7.14,0.0,0.3516,0.4286,0.4286,47,33,0.7021,5.79,8.24,6.04,0.958,4.27,0.1585,0.0426,0.2979,0.1064,0,16,0,1,1,1,77.2,85.4,77.2,-8.2,5.69,0.0688,0.0,5.0,80.3,2.55,2.0,-0.55
00-0026189,DeSean Jackson,WR,LV,2021,14,11,0.0,0.07,2.43,0.0722,0.1503,0.2135,0,,,,,,,,,,,1,4.0,0.0,0.0034,0.0,0.0,34,20,0.5882,13.35,22.7,19.03,0.702,8.75,0.3249,0.0588,0.3529,0.2941,1,16,0,1,1,2,75.8,62.8,75.8,13.0,4.48,0.0574,0.0,0.7,62.1,1.0,2.0,1.0
00-0029608,T.Y. Hilton,WR,IND,2021,10,6,0.0,0.0,3.7,0.1344,0.2139,0.3514,0,,,,,,,,,,,0,,,,,,37,23,0.6216,8.95,14.39,12.86,0.695,3.09,0.5489,0.0811,0.4054,0.1622,0,10,5,2,7,0,74.1,68.5,74.1,5.6,6.85,0.097,0.0,0.0,68.5,2.41,3.0,0.59
00-0036427,Tyler Johnson,WR,TB,2021,15,12,0.0,0.0,3.67,0.0859,0.078,0.1834,0,,,,,,,,,,,0,,,,,,55,36,0.6545,6.55,10.0,7.85,0.833,3.81,0.1189,0.0,0.2545,0.1091,0,17,0,0,0,2,72.0,94.4,72.0,-22.4,6.3,0.0614,0.0,0.0,94.4,2.43,0.0,-2.43
00-0034837,Calvin Ridley,WR,ATL,2021,5,5,0.0,0.0,10.4,0.2675,0.4208,0.6958,0,,,,,,,,,,,0,,,,,,52,31,0.5962,5.4,9.06,10.02,0.539,2.94,0.1519,0.0385,0.3077,0.1154,0,5,10,2,12,0,71.1,93.6,71.1,-22.5,18.72,0.2294,0.0,0.0,93.6,2.86,2.0,-0.86
00-0031325,Sammy Watkins,WR,BAL,2021,11,10,0.0,0.0,4.45,0.1403,0.1856,0.3404,0,,,,,,,,,,,0,,,,,,49,27,0.551,8.04,14.59,12.86,0.625,3.96,-0.0408,0.0204,0.3469,0.1633,1,13,0,4,4,2,70.4,86.3,70.4,-15.9,7.85,0.0974,0.0,0.0,86.3,2.18,1.0,-1.18
00-0032775,Demarcus Robinson,WR,KC,2021,14,10,0.0,0.0,2.93,0.0744,0.0991,0.181,0,,,,,,,,,,,0,,,,,,41,25,0.6098,6.44,10.56,10.41,0.618,2.48,0.2404,0.0732,0.3171,0.0976,0,17,0,0,0,3,69.4,73.3,69.4,-3.9,5.24,0.0559,0.0,0.0,73.3,2.23,3.0,0.77
00-0026035,Danny Amendola,WR,HOU,2021,8,7,0.12,0.0,4.75,0.148,0.1375,0.3183,1,0.0,0.0,0.0,0.0,0.0,-0.3617,-49.9,0.0,0.0,0.0,0,,,,,,38,24,0.6316,6.53,10.33,8.45,0.773,4.38,0.0246,0.0789,0.2632,0.1053,0,8,4,5,9,0,68.8,62.0,68.8,6.8,7.75,0.112,0.6,0.0,61.4,1.37,3.0,1.63
00-0035535,Darius Slayton,WR,NYG,2021,13,10,0.0,0.08,4.46,0.1311,0.2243,0.3537,0,,,,,,,,,,,1,-13.0,0.0,-1.7454,0.0,0.0,58,26,0.4483,5.84,13.04,13.33,0.439,2.5,-0.2457,0.0345,0.2414,0.1207,1,13,1,3,4,0,68.6,94.5,68.6,-25.9,7.27,0.1072,0.0,0.7,93.8,1.9,2.0,0.1
00-0034407,Ray-Ray McCloud,WR,PIT,2021,14,10,0.0,0.14,4.71,0.116,0.1152,0.2547,0,,,,,,,,,,,2,7.5,0.0,0.0198,0.0,0.5,66,39,0.5909,4.2,7.1,6.38,0.658,2.97,-0.2163,0.0,0.2727,0.0606,0,16,1,0,1,2,68.2,101.9,68.2,-33.7,7.28,0.0912,0.0,1.6,100.2,2.08,0.0,-2.08
00-0032355,Chester Rogers,WR,TEN,2021,16,12,0.0,0.06,2.69,0.0821,0.0747,0.1755,0,,,,,,,,,,,1,9.0,0.0,0.7514,0.0,0.0,43,30,0.6977,7.0,10.03,7.51,0.932,3.43,0.0656,0.0233,0.2791,0.0698,0,16,0,1,1,0,67.0,72.9,67.0,-5.9,4.56,0.0604,0.0,0.8,72.2,1.64,1.0,-0.64
00-0031868,Damiere Byrd,WR,CHI,2021,11,7,0.0,0.0,3.45,0.0931,0.1051,0.2132,0,,,,,,,,,,,0,,,,,,38,26,0.6842,8.66,12.65,8.55,1.012,4.46,0.2362,0.0263,0.4737,0.1579,0,17,0,0,0,6,66.9,61.6,66.9,5.3,5.6,0.0727,0.0,0.0,61.6,1.14,1.0,-0.14
00-0034676,James Washington,WR,PIT,2021,15,12,0.0,0.13,2.93,0.0777,0.1515,0.2226,0,,,,,,,,,,,2,6.5,0.0,0.3044,0.5,0.5,44,24,0.5455,6.48,11.88,11.68,0.554,3.29,-0.1641,0.0455,0.2045,0.1364,0,15,1,1,2,0,65.8,74.9,65.8,-9.1,4.99,0.0636,0.0,1.9,72.9,2.7,2.0,-0.7
00-0032128,Chris Conley,WR,HOU,2021,14,11,0.0,0.07,2.64,0.091,0.1229,0.2225,0,,,,,,,,,,,1,3.0,0.0,0.43,1.0,0.0,37,22,0.5946,8.73,14.68,9.19,0.95,5.73,0.2901,0.0541,0.4054,0.1892,1,16,0,1,1,2,64.6,58.9,64.6,5.7,4.21,0.0632,0.0,0.7,58.3,0.75,2.0,1.25
00-0033555,Mack Hollins,WR,MIA,2021,13,9,0.0,0.0,2.15,0.0595,0.1296,0.1801,0,,,,,,,,,,,0,,,,,,28,14,0.5,7.96,15.93,15.18,0.525,2.93,0.4499,0.1429,0.3929,0.1786,0,17,0,0,0,4,60.3,61.7,60.3,-1.4,4.75,0.0611,0.0,0.0,61.7,3.51,4.0,0.49
00-0035126,Antoine Wesley,WR,ARI,2021,8,4,0.0,0.0,4.0,0.1056,0.1672,0.2754,0,,,,,,,,,,,0,,,,,,32,19,0.5938,6.5,10.95,9.91,0.656,3.21,-0.107,0.0938,0.2812,0.1562,0,15,2,0,2,7,57.8,64.5,57.8,-6.7,8.06,0.0973,0.0,0.0,64.5,3.37,3.0,-0.37
00-0032977,Rashard Higgins,WR,CLE,2021,12,9,0.0,0.0,3.92,0.1283,0.1704,0.3117,0,,,,,,,,,,,0,,,,,,47,24,0.5106,5.85,11.46,11.62,0.504,1.71,0.1122,0.0213,0.3404,0.1489,0,16,0,1,1,4,57.5,77.0,57.5,-19.5,6.41,0.0889,0.0,0.0,77.0,1.47,1.0,-0.47
00-0030068,Marquise Goodwin,WR,CHI,2021,14,11,0.0,0.14,2.86,0.0978,0.1215,0.2317,0,,,,,,,,,,,2,-0.5,0.0,-0.6209,0.0,0.0,40,20,0.5,7.83,15.65,11.88,0.659,4.15,0.2969,0.025,0.3,0.15,0,14,0,3,3,0,57.2,70.1,57.2,-12.9,5.0,0.0735,0.0,3.7,66.3,2.05,1.0,-1.05
00-0032398,Chris Moore,WR,HOU,2021,8,6,0.0,0.0,2.75,0.0886,0.035,0.1574,0,,,,,,,,,,,0,,,,,,22,21,0.9545,10.32,10.81,4.09,2.522,7.14,0.3603,0.0909,0.2727,0.1818,0,12,1,1,2,4,55.7,32.5,55.7,23.2,4.06,0.06,0.0,0.0,32.5,0.47,2.0,1.53
00-0033466,Isaiah McKenzie,WR,BUF,2021,11,7,0.0,0.82,2.36,0.0647,0.0449,0.1285,0,,,,,,,,,,,9,5.22,0.1111,0.2164,0.4444,0.1111,26,20,0.7692,6.85,8.9,6.04,1.134,4.05,0.6521,0.0385,0.5,0.1154,0,15,0,2,2,4,54.5,54.1,54.5,0.4,4.91,0.0504,0.0,9.8,44.2,1.91,2.0,0.09
00-0030525,Tavon Austin,WR,JAX,2021,11,8,0.0,0.27,3.36,0.1042,0.1022,0.2279,0,,,,,,,,,,,3,7.0,0.0,0.5352,0.3333,0.0,37,24,0.6486,5.76,8.88,8.65,0.666,2.83,-0.2529,0.027,0.2973,0.1351,0,13,3,1,4,2,53.4,60.2,53.4,-6.8,5.48,0.0761,0.0,2.5,57.7,1.19,1.0,-0.19
00-0035406,Lil'Jordan Humphrey,WR,NO,2021,7,4,0.0,0.0,2.57,0.1084,0.1798,0.2884,0,,,,,,,,,,,0,,,,,,18,13,0.7222,13.83,19.15,10.67,1.297,7.77,0.2698,0.1111,0.5,0.3889,0,10,2,5,7,3,49.9,29.5,49.9,20.4,4.21,0.0694,0.0,0.0,29.5,0.55,2.0,1.45
00-0036277,Quintez Cephus,WR,DET,2021,5,5,0.0,0.0,4.4,0.115,0.1757,0.2954,0,,,,,,,,,,,0,,,,,,22,15,0.6818,9.27,13.6,11.41,0.813,6.33,0.4273,0.0909,0.4091,0.2273,0,5,12,0,12,0,49.4,40.3,49.4,9.1,8.06,0.1017,0.0,0.0,40.3,1.39,2.0,0.61
00-0034052,Brandon Zylstra,WR,CAR,2021,9,7,0.11,0.0,2.78,0.0794,0.1003,0.1893,1,0.0,0.0,0.0,0.0,0.0,-1.3167,-54.664,0.0,0.0,0.0,0,,,,,,25,18,0.72,10.0,13.89,10.48,0.954,6.56,0.3656,0.04,0.4,0.2,0,13,4,0,4,4,49.0,39.4,49.0,9.6,4.38,0.0583,0.4,0.0,39.1,0.75,1.0,0.25
00-0034104,Cam Sims,WR,WAS,2021,10,6,0.0,0.1,2.3,0.081,0.119,0.2049,0,,,,,,,,,,,1,7.0,0.0,0.4035,0.0,0.0,23,15,0.6522,9.17,14.07,11.61,0.79,2.8,0.3892,0.087,0.4783,0.2609,0,14,0,3,3,4,48.8,42.4,48.8,6.4,4.24,0.0673,0.0,0.7,41.7,1.62,2.0,0.38
00-0030669,Albert Wilson,WR,MIA,2021,10,9,0.1,0.4,3.9,0.1106,0.0762,0.2193,1,0.0,0.0,0.0,0.0,0.5,-1.0268,-41.742,0.0,0.0,0.0,4,4.25,0.0,-0.1782,0.25,0.25,39,25,0.641,5.46,8.52,5.38,1.014,5.72,-0.1385,0.0,0.2564,0.0513,0,15,1,1,2,5,48.0,60.4,48.0,-12.4,6.04,0.0764,1.9,3.1,55.3,1.17,0.0,-1.17
00-0032778,Tajae Sharpe,WR,ATL,2021,14,12,0.0,0.0,2.64,0.0791,0.1131,0.1978,0,,,,,,,,,,,0,,,,,,37,25,0.6757,6.22,9.2,9.38,0.663,2.76,0.1289,0.0,0.3784,0.0811,0,15,1,1,2,1,48.0,60.3,48.0,-12.3,4.31,0.0604,0.0,0.0,60.3,1.37,0.0,-1.37
00-0035021,Ashton Dulin,WR,IND,2021,14,11,0.0,0.21,1.57,0.0515,0.0733,0.1286,0,,,,,,,,,,,3,10.67,0.0,0.1129,0.3333,0.3333,22,13,0.5909,7.86,13.31,13.82,0.569,3.85,0.2714,0.0909,0.4091,0.2273,0,17,0,0,0,3,45.5,44.5,45.5,1.0,3.18,0.0429,0.0,1.9,42.6,1.7,2.0,0.3
00-0034867,Malik Turner,WR,DAL,2021,7,5,0.0,0.0,2.29,0.0576,0.0549,0.1248,0,,,,,,,,,,,0,,,,,,16,12,0.75,9.31,12.42,9.31,1.0,6.17,0.4064,0.1875,0.5,0.0625,0,14,3,0,3,7,44.9,31.8,44.9,13.1,4.55,0.049,0.0,0.0,31.8,1.83,3.0,1.17
00-0033215,Cyril Grayson,WR,TB,2021,3,1,0.0,0.33,4.0,0.097,0.1543,0.2536,0,,,,,,,,,,,1,14.0,0.0,1.0173,1.0,1.0,12,10,0.8333,17.67,21.2,15.42,1.146,7.0,1.4404,0.1667,0.6667,0.3333,0,5,0,0,0,2,44.6,20.4,44.6,24.2,6.79,0.0771,0.0,0.8,19.6,0.38,2.0,1.62
00-0032791,Jakeem Grant,WR,CHI,2021,7,6,0.0,0.71,2.43,0.0663,0.0441,0.1303,0,,,,,,,,,,,5,6.6,0.0,0.1887,0.4,0.4,17,11,0.6471,7.76,12.0,4.71,1.65,9.36,0.1437,0.1176,0.4118,0.1176,1,15,1,1,2,8,43.5,28.7,37.5,8.8,4.1,0.0549,0.0,3.5,25.2,0.31,2.0,1.69
00-0033460,John Ross,WR,NYG,2021,9,9,0.0,0.11,2.22,0.0627,0.1451,0.1956,0,,,,,,,,,,,1,16.0,0.0,0.9799,1.0,1.0,20,11,0.55,11.2,20.36,15.7,0.713,3.64,0.6106,0.05,0.4,0.25,0,10,5,2,7,1,41.0,36.8,41.0,4.2,4.08,0.0531,0.0,0.6,36.1,0.85,1.0,0.15
00-0033471,Isaiah Ford,WR,MIA,2021,10,8,0.0,0.0,1.7,0.0499,0.0598,0.1168,0,,,,,,,,,,,0,,,,,,17,12,0.7059,9.47,13.42,8.47,1.118,5.0,0.6236,0.1176,0.4118,0.2353,0,13,0,0,0,3,40.1,29.5,40.1,10.6,2.95,0.0368,0.0,0.0,29.5,1.13,2.0,0.87
00-0035864,Kendall Hinton,WR,DEN,2021,10,8,0.1,0.0,2.3,0.0692,0.066,0.15,1,1.0,1.0,0.0,0.0,0.0,-3.1307,43.769,-0.2,0.0,0.0,0,,,,,,23,15,0.6522,7.61,11.67,8.04,0.946,3.8,0.4378,0.0435,0.4348,0.087,0,16,0,0,0,6,38.5,37.8,38.5,0.8,3.78,0.0518,0.9,0.0,36.9,1.1,1.0,-0.1
00-0036133,James Proche,WR,BAL,2021,7,5,0.0,0.0,2.86,0.0798,0.0878,0.1811,0,,,,,,,,,,,0,,,,,,20,16,0.8,10.1,12.62,9.6,1.052,3.44,0.7158,0.0,0.5,0.2,0,14,0,3,3,7,36.2,31.8,36.2,4.5,4.54,0.0534,0.0,0.0,31.8,0.13,0.0,-0.13
00-0033857,JuJu Smith-Schuster,WR,PIT,2021,5,5,0.0,0.6,5.6,0.1478,0.1422,0.3213,0,,,,,,,,,,,3,3.0,0.3333,0.2347,0.3333,0.0,28,15,0.5357,4.61,8.6,6.54,0.705,4.53,-0.292,0.0,0.2143,0.1071,0,5,12,0,12,0,34.8,44.9,34.8,-10.1,8.99,0.1247,0.0,3.6,41.4,0.57,1.0,0.43
00-0033733,Greg Ward,WR,PHI,2021,7,4,0.29,0.0,1.57,0.0515,0.0445,0.1084,2,0.5,1.0,0.0,0.0,0.0,-1.6769,-13.609,1.0,0.0,0.0,0,,,,,,11,7,0.6364,8.64,13.57,7.73,1.118,2.29,0.9676,0.2727,0.3636,0.1818,0,17,0,0,0,10,34.6,30.8,34.6,3.8,4.4,0.0553,4.1,0.0,26.8,3.62,3.0,-0.62
00-0033591,Noah Brown,WR,DAL,2021,9,9,0.0,0.0,2.78,0.0694,0.073,0.1552,0,,,,,,,,,,,0,,,,,,25,16,0.64,7.36,11.5,9.08,0.811,4.25,0.0079,0.0,0.24,0.16,0,13,3,1,4,4,34.4,41.4,34.4,-7.0,4.6,0.0502,0.0,0.0,41.4,0.23,0.0,-0.23
00-0034777,DJ Chark,WR,JAX,2021,3,3,0.0,0.0,7.33,0.1829,0.3306,0.5058,0,,,,,,,,,,,0,,,,,,22,7,0.3182,7.0,22.0,16.32,0.429,3.43,-0.0306,0.0909,0.3182,0.2273,0,4,13,0,13,1,34.4,38.5,34.4,-4.1,12.85,0.1717,0.0,0.0,38.5,0.67,2.0,1.33
00-0032054,Breshad Perriman,WR,TB,2021,5,3,0.0,0.2,3.6,0.0813,0.0947,0.1882,0,,,,,,,,,,,1,-3.0,0.0,-0.7378,0.0,0.0,18,11,0.6111,9.28,15.18,9.39,0.988,9.27,0.3889,0.0556,0.2778,0.1667,0,6,2,8,10,1,33.4,32.2,33.4,1.2,6.44,0.0648,0.0,0.5,31.7,1.05,1.0,-0.05
00-0036999,Anthony Schwartz,WR,CLE,2021,12,9,0.0,0.5,1.92,0.0681,0.1405,0.2006,0,,,,,,,,,,,6,6.5,0.0,0.1914,0.6667,0.5,23,10,0.4348,5.87,13.5,17.22,0.341,1.0,-0.3409,0.0435,0.2609,0.1304,0,14,0,3,3,2,33.4,48.2,33.4,-14.8,4.02,0.0554,0.0,4.3,43.9,1.49,1.0,-0.49
00-0036955,Terrace Marshall Jr.,WR,CAR,2021,12,9,0.0,0.0,2.5,0.0751,0.083,0.1708,0,,,,,,,,,,,0,,,,,,30,17,0.5667,4.6,8.12,7.03,0.654,3.71,-0.2667,0.0,0.2333,0.0333,0,13,1,3,4,1,32.8,49.4,32.8,-16.6,4.11,0.0551,0.0,0.0,49.4,0.98,0.0,-0.98
00-0029632,Mohamed Sanu,WR,SF,2021,8,8,0.0,0.0,3.0,0.0915,0.1111,0.2151,0,,,,,,,,,,,0,,,,,,24,15,0.625,7.38,11.8,9.46,0.78,2.93,0.5024,0.0,0.5,0.2083,0,8,9,0,9,0,32.7,37.8,32.7,-5.0,4.72,0.0656,0.0,0.0,37.8,0.38,0.0,-0.38
00-0035639,Parris Campbell,WR,IND,2021,6,5,0.0,0.0,3.33,0.1054,0.2271,0.3171,0,,,,,,,,,,,0,,,,,,20,10,0.5,8.1,16.2,16.7,0.485,1.7,0.1189,0.05,0.35,0.2,0,6,10,1,11,0,32.2,31.7,32.2,0.5,5.29,0.0781,0.0,0.0,31.7,0.42,1.0,0.58
00-0034854,KhaDarel Hodge,WR,DET,2021,10,8,0.0,0.0,2.7,0.0772,0.1264,0.2042,0,,,,,,,,,,,0,,,,,,27,13,0.4815,5.81,12.08,11.26,0.516,2.85,-0.2339,0.0,0.2593,0.1111,0,16,0,1,1,6,30.7,45.6,30.7,-14.9,4.56,0.062,0.0,0.0,45.6,1.45,0.0,-1.45
00-0032200,Ty Montgomery,WR,NO,2021,11,8,0.0,1.36,2.36,0.0808,0.0209,0.1358,0,,,,,,,,,,,15,2.93,0.0,-0.4014,0.1333,0.0,26,16,0.6154,3.65,5.94,1.77,2.065,5.44,-0.1683,0.0,0.1923,0.0769,0,14,1,2,3,3,29.9,47.8,29.9,-17.9,4.34,0.0623,0.0,8.0,39.8,0.93,0.0,-0.93
00-0036635,Ihmir Smith-Marsette,WR,MIN,2021,3,1,0.0,0.0,2.0,0.088,0.1479,0.2356,0,,,,,,,,,,,0,,,,,,6,5,0.8333,19.33,23.2,21.33,0.906,3.4,1.9007,0.3333,0.6667,0.5,0,8,0,9,9,5,28.6,12.3,28.6,16.3,4.1,0.067,0.0,0.0,12.3,0.66,2.0,1.34
00-0036620,Dee Eskridge,WR,SEA,2021,8,5,0.0,0.5,2.5,0.0844,0.0956,0.1935,0,,,,,,,,,,,4,14.75,0.0,1.8839,0.5,0.5,20,10,0.5,3.2,6.4,12.6,0.254,3.2,-0.1428,0.05,0.2,0.05,0,10,4,3,7,2,28.3,37.7,28.3,-9.4,4.71,0.0687,0.0,2.5,35.2,1.47,1.0,-0.47
00-0036626,Dyami Brown,WR,WAS,2021,9,7,0.0,0.11,2.78,0.0882,0.1817,0.2595,0,,,,,,,,,,,1,-4.0,0.0,-1.2278,0.0,0.0,25,12,0.48,6.6,13.75,15.24,0.433,2.83,-0.0633,0.0,0.24,0.16,0,15,0,2,2,6,28.1,47.1,28.1,-19.0,5.24,0.077,0.0,0.7,46.4,1.54,0.0,-1.54
00-0034860,Dante Pettis,WR,NYG,2021,2,2,0.5,0.0,8.0,0.1903,0.1573,0.3956,1,1.0,16.0,0.0,0.0,0.0,0.9809,36.363,1.231,1.0,0.0,0,,,,,,16,10,0.625,5.44,8.7,6.44,0.845,3.8,-0.1228,0.0625,0.3125,0.0625,0,3,9,0,9,1,25.3,26.2,25.3,-0.9,13.11,0.1527,0.4,0.0,25.8,0.5,1.0,0.5
00-0032980,Marcus Johnson,WR,TEN,2021,7,7,0.0,0.29,2.71,0.1019,0.1221,0.2383,0,,,,,,,,,,,2,-1.0,0.0,-0.7102,0.5,0.0,19,9,0.4737,8.42,17.78,9.0,0.936,10.56,0.015,0.0,0.3684,0.2632,0,7,10,0,10,0,24.8,38.0,24.8,-13.2,5.43,0.0724,0.0,1.6,36.4,1.32,0.0,-1.32
00-0036862,Ben Skowronek,WR,LA,2021,7,4,0.0,0.0,2.86,0.0838,0.1053,0.1994,0,,,,,,,,,,,0,,,,,,20,11,0.55,6.65,12.09,10.5,0.633,4.82,0.0704,0.0,0.35,0.1,0,14,0,3,3,7,24.3,36.1,24.3,-11.8,5.15,0.0627,0.0,0.0,36.1,0.78,0.0,-0.78
00-0034487,Trent Sherfield,WR,SF,2021,9,6,0.0,0.0,2.22,0.0801,0.1018,0.1914,0,,,,,,,,,,,0,,,,,,20,9,0.45,4.35,9.67,8.7,0.5,2.56,-0.2831,0.05,0.35,0.05,0,17,0,0,0,8,23.7,39.8,23.7,-16.1,4.43,0.0647,0.0,0.0,39.8,1.56,1.0,-0.56
00-0036254,Collin Johnson,WR,NYG,2021,7,6,0.0,0.0,3.0,0.0802,0.0969,0.1881,0,,,,,,,,,,,0,,,,,,21,11,0.5238,5.0,9.55,8.48,0.59,1.64,-0.5764,0.0,0.2857,0.0952,0,12,0,5,5,5,21.5,33.4,21.5,-11.9,4.77,0.0607,0.0,0.0,33.4,0.59,0.0,-0.59
00-0036255,Denzel Mims,WR,NYJ,2021,10,7,0.0,0.0,2.3,0.072,0.1253,0.1957,0,,,,,,,,,,,0,,,,,,23,8,0.3478,5.78,16.62,11.65,0.496,6.12,-0.2892,0.0,0.2174,0.1739,0,12,3,2,5,2,21.3,38.8,21.3,-17.5,3.88,0.0542,0.0,0.0,38.8,1.2,0.0,-1.2
00-0034930,Trinity Benson,WR,DET,2021,7,6,0.0,0.0,3.14,0.0868,0.0978,0.1986,0,,,,,,,,,,,0,,,,,,22,10,0.4545,4.68,10.3,7.95,0.589,5.9,-0.437,0.0,0.1818,0.0909,0,8,1,8,9,1,20.3,32.3,19.5,-12.8,4.61,0.0604,0.0,0.0,32.3,0.53,0.0,-0.53
00-0034279,Equanimeous St. Brown,WR,GB,2021,9,6,0.0,0.33,1.89,0.0535,0.0762,0.1335,0,,,,,,,,,,,3,4.67,0.0,-0.1593,0.6667,0.6667,17,9,0.5294,5.76,10.89,10.29,0.56,6.44,0.2761,0.0,0.3529,0.1765,0,13,0,2,2,4,20.2,33.0,20.2,-12.8,3.66,0.043,0.0,2.4,30.6,0.96,0.0,-0.96
00-0036183,Kristian Wilkerson,WR,NE,2021,1,0,0.0,0.0,8.0,0.2424,0.5323,0.7362,0,,,,,,,,,,,0,,,,,,8,4,0.5,5.25,10.5,16.5,0.318,1.25,0.2429,0.25,0.25,0.125,0,3,0,0,0,2,20.2,19.6,20.2,0.6,19.63,0.2127,0.0,0.0,19.6,1.33,2.0,0.67
00-0035510,Jeff Smith,WR,NYJ,2021,8,5,0.0,0.12,2.12,0.0694,0.0903,0.1672,0,,,,,,,,,,,1,-1.0,0.0,-0.9286,0.0,0.0,17,8,0.4706,6.65,14.12,11.29,0.589,1.88,0.3222,0.0,0.3529,0.0588,0,12,2,3,5,4,19.2,27.1,19.2,-7.9,3.39,0.0481,0.0,0.8,26.3,0.14,0.0,-0.14
00-0035298,Scott Miller,WR,TB,2021,5,2,0.0,0.4,1.8,0.0417,0.0887,0.1245,0,,,,,,,,,,,2,21.5,0.5,2.2677,1.0,1.0,9,5,0.5556,4.22,7.6,13.0,0.325,1.8,-0.6307,0.0,0.2222,0.0,0,9,7,1,8,4,19.1,16.7,19.1,2.4,3.33,0.0365,0.0,1.3,15.4,0.22,1.0,0.78
00-0030085,Kenny Stills,WR,NO,2021,7,6,0.0,0.14,3.29,0.1082,0.2203,0.3165,0,,,,,,,,,,,1,1.0,0.0,-0.4751,0.0,0.0,23,6,0.2609,2.96,11.33,18.7,0.158,1.67,-0.4086,0.0435,0.1739,0.087,0,13,0,2,2,6,18.9,44.5,18.9,-25.6,6.36,0.095,0.0,0.7,43.8,1.69,1.0,-0.69
00-0035544,Tom Kennedy,WR,DET,2021,6,3,0.17,0.0,1.67,0.0484,0.0551,0.1111,1,1.0,75.0,1.0,0.0,0.0,5.0696,50.085,3.125,1.0,1.0,0,,,,,,10,6,0.6,5.4,9.0,7.7,0.701,2.83,-0.4636,0.0,0.2,0.0,0,12,0,4,4,6,18.4,16.4,18.4,2.0,2.73,0.0377,0.5,0.0,15.9,0.38,1.0,0.62
00-0032208,Phillip Dorsett,WR,HOU,2021,5,3,0.0,0.2,2.8,0.0896,0.1829,0.2625,0,,,,,,,,,,,1,0.0,0.0,-0.528,0.0,0.0,14,7,0.5,7.86,15.71,15.0,0.524,3.86,-0.0644,0.0,0.2143,0.1429,0,6,2,0,2,1,18.0,24.9,18.0,-6.9,4.98,0.0704,0.0,0.7,24.2,0.62,0.0,-0.62
00-0033839,Dede Westbrook,WR,MIN,2021,8,7,0.0,0.0,1.88,0.0519,0.0457,0.1098,0,,,,,,,,,,,0,,,,,,15,10,0.6667,4.53,6.8,7.33,0.618,1.7,-0.1273,0.0,0.2,0.0667,0,15,1,1,2,7,16.8,24.9,16.8,-8.1,3.12,0.0378,0.0,0.0,24.9,0.47,0.0,-0.47
00-0036572,Shi Smith,WR,CAR,2021,5,3,0.0,0.2,2.2,0.0607,0.0368,0.1168,0,,,,,,,,,,,1,-3.0,0.0,-1.4009,0.0,0.0,11,6,0.5455,9.45,17.33,6.73,1.405,11.83,-0.2286,0.0,0.2727,0.2727,0,6,1,10,11,1,16.1,17.6,16.1,-1.4,3.51,0.0496,0.0,0.9,16.6,0.14,0.0,-0.14
00-0036627,Dez Fitzpatrick,WR,TEN,2021,3,3,0.0,0.0,2.67,0.0674,0.1065,0.1757,0,,,,,,,,,,,0,,,,,,8,5,0.625,6.12,9.8,13.62,0.45,0.6,-0.5273,0.125,0.5,0.125,0,4,2,2,4,1,15.9,16.1,15.9,-0.2,5.38,0.071,0.0,0.0,16.1,0.99,1.0,0.01
00-0036671,Dax Milne,WR,WAS,2021,9,6,0.0,0.11,1.56,0.0471,0.0433,0.101,0,,,,,,,,,,,1,1.0,0.0,-0.694,0.0,0.0,14,9,0.6429,5.93,9.22,7.29,0.814,4.33,-0.4016,0.0,0.2857,0.0714,1,13,0,4,4,4,15.4,22.7,15.4,-7.3,2.52,0.0347,0.0,1.1,21.6,0.61,0.0,-0.61
00-0034353,Anthony Miller,WR,HOU,2021,3,3,0.0,0.0,4.0,0.1719,0.1366,0.3534,0,,,,,,,,,,,0,,,,,,12,6,0.5,2.08,4.17,6.33,0.329,1.67,-0.9486,0.0833,0.25,0.0,0,3,0,2,2,0,14.5,19.5,14.5,-5.0,6.5,0.1224,0.0,0.0,19.5,0.68,1.0,0.32
00-0029664,Josh Gordon,WR,KC,2021,9,6,0.0,0.0,1.56,0.0495,0.0649,0.1197,0,,,,,,,,,,,0,,,,,,14,5,0.3571,2.29,6.4,10.93,0.209,1.0,-0.8926,0.0714,0.2143,0.0,0,12,1,0,1,3,14.2,29.1,14.2,-14.9,3.24,0.0359,0.0,0.0,29.1,1.48,1.0,-0.48
00-0028237,Chris Hogan,WR,NO,2021,5,5,0.0,0.0,1.6,0.0711,0.047,0.1396,0,,,,,,,,,,,0,,,,,,8,4,0.5,5.12,10.25,6.12,0.837,3.25,0.004,0.125,0.25,0.125,0,5,0,0,0,0,14.1,13.2,14.1,0.9,2.65,0.0442,0.0,0.0,13.2,0.48,1.0,0.52
00-0035350,Preston Williams,WR,MIA,2021,6,6,0.0,0.17,2.67,0.07,0.0893,0.1676,0,,,,,,,,,,,1,7.0,0.0,0.3922,0.0,0.0,16,6,0.375,4.44,11.83,8.56,0.518,6.33,-0.3402,0.0,0.1875,0.125,0,9,1,7,8,3,13.8,30.4,13.8,-16.6,5.07,0.0642,0.0,0.7,29.7,1.66,0.0,-1.66
00-0035022,Penny Hart,WR,SEA,2021,9,8,0.0,0.0,1.33,0.0455,0.0467,0.101,0,,,,,,,,,,,0,,,,,,12,7,0.5833,4.92,8.43,9.0,0.546,5.86,-0.2634,0.0,0.25,0.0833,0,17,0,0,0,8,12.9,19.1,12.9,-6.2,2.13,0.0309,0.0,0.0,19.1,0.58,0.0,-0.58
00-0034686,Auden Tate,WR,CIN,2021,4,4,0.0,0.0,1.0,0.0371,0.0452,0.0873,0,,,,,,,,,,,0,,,,,,4,3,0.75,9.75,13.0,11.25,0.867,7.0,0.0008,0.25,0.75,0.25,0,7,6,4,10,3,12.9,9.3,12.9,3.6,2.32,0.0355,0.0,0.0,9.3,0.47,1.0,0.53
00-0036412,KJ Hamler,WR,DEN,2021,3,3,0.0,0.0,3.33,0.1092,0.2398,0.3316,0,,,,,,,,,,,0,,,,,,10,5,0.5,7.4,14.8,20.1,0.368,3.2,0.5076,0.0,0.4,0.2,0,3,14,0,14,0,12.4,18.3,12.4,-5.9,6.1,0.0783,0.0,0.0,18.3,0.44,0.0,-0.44
00-0027691,Andre Roberts,WR,LAC,2021,4,3,0.0,0.75,0.5,0.0179,0.0267,0.0454,0,,,,,,,,,,,3,6.33,0.0,0.2535,0.0,0.0,2,1,0.5,17.5,35.0,14.5,1.207,16.0,-0.4184,0.0,0.5,0.5,0,16,1,0,1,12,12.4,5.5,6.4,0.9,1.38,0.0148,0.0,2.2,3.3,0.1,0.0,-0.1
00-0035593,Juwann Winfree,WR,GB,2021,5,1,0.0,0.0,2.6,0.0733,0.0753,0.1626,0,,,,,,,,,,,0,,,,,,13,8,0.6154,4.46,7.25,5.77,0.773,3.88,-0.1261,0.0,0.3846,0.0,1,7,0,0,0,2,11.8,22.8,11.8,-11.0,4.56,0.0516,0.0,0.0,22.8,0.7,0.0,-0.7
00-0036877,Jaelon Darden,WR,TB,2021,7,5,0.0,0.14,1.71,0.0411,0.0698,0.1106,0,,,,,,,,,,,1,11.0,0.0,0.6617,1.0,1.0,12,6,0.5,3.58,7.17,13.0,0.276,4.0,-0.7815,0.0,0.0833,0.0833,0,9,2,6,8,2,11.4,21.4,11.4,-10.1,3.06,0.0324,0.0,0.7,20.7,0.49,0.0,-0.49
00-0034652,Cameron Batson,WR,TEN,2021,3,3,0.0,0.67,1.67,0.04,0.0848,0.1194,0,,,,,,,,,,,2,7.5,0.0,0.2973,0.5,0.5,5,2,0.4,3.0,7.5,16.8,0.179,0.5,0.1861,0.2,0.4,0.0,0,4,11,2,13,1,11.0,14.7,11.0,-3.7,4.89,0.0609,0.0,1.6,13.1,1.09,1.0,-0.09
00-0036110,Ja'Marcus Bradley,WR,CLE,2021,2,2,0.0,0.0,2.0,0.0651,0.0835,0.1562,0,,,,,,,,,,,0,,,,,,4,4,1.0,16.0,16.0,12.0,1.333,4.0,0.9505,0.0,0.5,0.25,0,5,0,2,2,3,10.4,6.2,10.4,4.2,3.09,0.0458,0.0,0.0,6.2,0.02,0.0,-0.02
00-0033114,Mike Thomas,WR,CIN,2021,7,6,0.0,0.0,1.57,0.0582,0.0785,0.1423,0,,,,,,,,,,,0,,,,,,11,5,0.4545,4.73,10.4,9.91,0.477,2.6,-0.2454,0.0,0.2727,0.1818,0,12,1,4,5,5,10.2,18.1,10.2,-7.9,2.59,0.0395,0.0,0.0,18.1,0.44,0.0,-0.44
00-0036228,Dezmon Patmon,WR,IND,2021,4,2,0.0,0.0,1.0,0.0405,0.0539,0.0985,0,,,,,,,,,,,0,,,,,,4,2,0.5,5.25,10.5,9.0,0.583,1.5,0.2935,0.25,0.25,0.0,0,8,8,1,9,4,10.1,7.8,10.1,2.2,1.96,0.0283,0.0,0.0,7.8,0.36,1.0,0.64
00-0033282,Curtis Samuel,WR,WAS,2021,5,5,0.0,0.8,1.8,0.0538,0.007,0.0856,0,,,,,,,,,,,4,2.75,0.0,-0.4746,0.0,0.0,9,6,0.6667,3.0,4.5,2.33,1.286,6.67,-0.005,0.0,0.4444,0.0,0,5,3,9,12,0,9.8,15.6,9.8,-5.8,3.13,0.0383,0.0,2.6,13.0,0.26,0.0,-0.26
00-0033367,C.J. Board,WR,NYG,2021,4,4,0.0,0.25,1.5,0.0415,0.0849,0.1217,0,,,,,,,,,,,1,6.0,0.0,0.3331,0.0,0.0,6,4,0.6667,8.5,12.75,17.0,0.5,3.25,-0.0926,0.0,0.5,0.1667,0,6,11,0,11,2,9.7,13.0,9.7,-3.3,3.24,0.041,0.0,0.9,12.1,0.35,0.0,-0.35
00-0036991,Amari Rodgers,WR,GB,2021,4,3,0.0,0.25,2.0,0.0623,0.0423,0.1231,0,,,,,,,,,,,1,11.0,0.0,0.9567,1.0,1.0,8,4,0.5,5.62,11.25,5.0,1.125,6.0,-0.5687,0.0,0.25,0.125,0,16,1,0,1,12,9.6,14.8,9.6,-5.2,3.69,0.0473,0.0,0.7,14.1,0.27,0.0,-0.27
00-0033127,Will Fuller,WR,MIA,2021,2,2,0.0,0.0,4.0,0.0972,0.1765,0.2693,0,,,,,,,,,,,0,,,,,,8,4,0.5,3.25,6.5,16.38,0.198,2.5,0.038,0.0,0.375,0.0,0,2,14,1,15,0,8.6,14.8,8.6,-6.2,7.4,0.0867,0.0,0.0,14.8,0.34,0.0,-0.34
00-0035432,Jason Moore,WR,LAC,2021,1,0,0.0,0.0,4.0,0.1176,0.2353,0.3412,0,,,,,,,,,,,0,,,,,,4,3,0.75,14.0,18.67,15.0,0.933,8.67,0.6504,0.0,0.75,0.75,0,2,0,0,0,1,8.6,8.6,8.6,0.0,8.59,0.1091,0.0,0.0,8.6,0.38,0.0,-0.38
00-0032543,Alex Erickson,WR,CAR,2021,4,3,0.0,0.0,1.0,0.0279,0.025,0.0593,0,,,,,,,,,,,0,,,,,,4,3,0.75,13.75,18.33,8.25,1.667,10.0,0.4794,0.0,0.5,0.5,0,17,0,0,0,13,8.5,6.4,8.5,2.1,1.59,0.0204,0.0,0.0,6.4,0.01,0.0,-0.01
00-0035891,Cody White,WR,PIT,2021,3,2,0.0,0.0,2.0,0.0486,0.0557,0.112,0,,,,,,,,,,,0,,,,,,6,5,0.8333,5.5,6.6,6.33,0.868,2.8,0.3771,0.0,0.5,0.0,0,15,0,0,0,12,8.3,8.3,8.3,-0.0,2.78,0.0365,0.0,0.0,8.3,0.06,0.0,-0.06
00-0030663,Willie Snead,WR,LV,2021,7,6,0.0,0.0,1.14,0.0347,0.0342,0.076,0,,,,,,,,,,,0,,,,,,8,4,0.5,4.75,9.5,8.38,0.567,3.0,-0.5979,0.0,0.375,0.0,0,9,0,0,0,2,7.8,13.8,7.8,-6.0,1.97,0.0264,0.0,0.0,13.8,0.74,0.0,-0.74
00-0033111,Pharoh Cooper,WR,NYG,2021,6,3,0.0,0.17,1.83,0.0732,0.087,0.1707,0,,,,,,,,,,,1,3.0,0.0,-0.1944,0.0,0.0,11,4,0.3636,3.0,8.25,7.18,0.418,1.75,-0.9655,0.0,0.0909,0.0,0,8,0,0,0,2,7.6,15.9,7.6,-8.3,2.65,0.0422,0.0,0.6,15.3,0.33,0.0,-0.33
00-0033386,Cody Hollister,WR,TEN,2021,3,2,0.0,0.0,2.33,0.0954,0.1281,0.2328,0,,,,,,,,,,,0,,,,,,7,4,0.5714,4.71,8.25,10.29,0.458,4.25,-0.2539,0.0,0.5714,0.0,0,3,0,0,0,0,7.3,12.8,7.3,-5.5,4.26,0.0588,0.0,0.0,12.8,0.63,0.0,-0.63
00-0035500,Greg Dortch,WR,ARI,2021,2,0,0.0,0.5,1.5,0.0392,-0.0294,0.0382,0,,,,,,,,,,,1,24.0,0.0,1.4659,1.0,1.0,3,3,1.0,5.0,5.0,-5.33,-0.938,10.33,-0.1129,0.0,0.0,0.0,0,5,0,0,0,3,6.9,4.9,6.9,2.0,2.47,0.0271,0.0,0.7,4.2,0.07,0.0,-0.07
00-0035045,D.J. Montgomery,WR,NYJ,2021,1,1,0.0,0.0,6.0,0.15,0.1279,0.3145,0,,,,,,,,,,,0,,,,,,6,3,0.5,6.0,12.0,6.5,0.923,5.0,-0.4436,0.0,0.3333,0.0,0,3,0,0,0,2,6.6,8.8,6.6,-2.2,8.82,0.1237,0.0,0.0,8.8,0.04,0.0,-0.04
00-0034132,Christian Blake,WR,ATL,2021,6,3,0.0,0.0,1.5,0.043,0.0358,0.0895,0,,,,,,,,,,,0,,,,,,9,4,0.4444,2.78,6.25,6.44,0.431,0.5,-0.4494,0.0,0.2222,0.0,0,16,0,1,1,10,6.5,15.5,6.5,-9.0,2.58,0.0361,0.0,0.0,15.5,0.63,0.0,-0.63
00-0033292,Trent Taylor,WR,CIN,2021,1,0,0.0,0.0,3.0,0.1034,0.2378,0.3216,0,,,,,,,,,,,0,,,,,,3,2,0.6667,13.67,20.5,13.0,1.051,3.5,1.0652,0.0,0.6667,0.3333,0,4,0,0,0,3,6.1,5.2,6.1,0.9,5.24,0.1042,0.0,0.0,5.2,0.06,0.0,-0.06
00-0036382,K.J. Hill,WR,LAC,2021,1,1,0.0,0.0,3.0,0.0652,0.0495,0.1324,0,,,,,,,,,,,0,,,,,,3,3,1.0,10.0,10.0,6.0,1.667,4.0,0.5875,0.0,0.3333,0.3333,0,6,0,0,0,5,6.0,4.7,6.0,1.3,4.7,0.0453,0.0,0.0,4.7,0.02,0.0,-0.02
00-0035645,Gunner Olszewski,WR,NE,2021,4,1,0.0,0.25,0.75,0.0195,0.0199,0.0432,0,,,,,,,,,,,1,9.0,0.0,0.766,0.0,0.0,3,2,0.6667,10.33,15.5,9.67,1.069,7.0,0.5592,0.0,0.6667,0.3333,0,16,0,1,1,12,6.0,5.7,6.0,0.3,1.41,0.0157,0.0,0.8,4.9,0.03,0.0,-0.03
00-0035246,J.J. Arcega-Whiteside,WR,PHI,2021,3,2,0.0,0.0,1.67,0.0554,0.062,0.1265,0,,,,,,,,,,,0,,,,,,5,2,0.4,7.2,18.0,8.2,0.878,14.5,-0.6701,0.0,0.4,0.2,0,16,0,1,1,13,5.6,8.3,5.6,-2.7,2.78,0.0367,0.0,0.0,8.3,0.28,0.0,-0.28
00-0035341,Trenton Irwin,WR,CIN,2021,2,1,0.0,0.0,2.5,0.0846,0.241,0.2956,0,,,,,,,,,,,0,,,,,,5,2,0.4,6.8,17.0,17.2,0.395,2.5,-0.3414,0.0,0.2,0.2,0,8,1,7,8,6,5.4,8.2,5.4,-2.8,4.09,0.069,0.0,0.0,8.2,0.33,0.0,-0.33
00-0031787,Jake Kumerow,WR,BUF,2021,4,2,0.0,0.0,1.5,0.0372,0.0619,0.0991,0,,,,,,,,,,,0,,,,,,6,2,0.3333,4.67,14.0,14.33,0.326,3.5,-0.2282,0.0,0.3333,0.0,0,15,1,1,2,11,4.8,14.6,4.8,-9.8,3.65,0.0344,0.0,0.0,14.6,0.86,0.0,-0.86
00-0031545,Kevin White,WR,NO,2021,3,3,0.0,0.0,1.67,0.0494,0.1891,0.2065,0,,,,,,,,,,,0,,,,,,5,1,0.2,7.6,38.0,31.6,0.241,9.0,-0.2496,0.0,0.2,0.2,0,6,0,0,0,3,4.8,9.5,4.8,-4.7,3.18,0.0373,0.0,0.0,9.5,0.26,0.0,-0.26
00-0034317,Keith Kirkwood,WR,CAR,2021,3,2,0.0,0.0,2.33,0.0657,0.0649,0.144,0,,,,,,,,,,,0,,,,,,7,3,0.4286,2.43,5.67,7.86,0.309,5.33,-0.1273,0.0,0.1429,0.0,0,3,0,0,0,0,4.7,13.5,4.7,-8.8,4.51,0.0603,0.0,0.0,13.5,0.7,0.0,-0.7
00-0036482,Mike Strachan,WR,IND,2021,2,2,0.0,0.0,1.5,0.0429,0.1101,0.1414,0,,,,,,,,,,,0,,,,,,3,2,0.6667,8.67,13.0,18.0,0.481,0.0,1.4257,0.0,0.6667,0.3333,0,6,0,11,11,4,4.6,4.9,4.6,-0.3,2.43,0.0292,0.0,0.0,4.9,0.19,0.0,-0.19
00-0036657,Seth Williams,WR,DEN,2021,1,0,0.0,0.0,1.0,0.037,0.137,0.1514,0,,,,,,,,,,,0,,,,,,1,1,1.0,34.0,34.0,30.0,1.133,4.0,2.0659,0.0,1.0,1.0,0,2,0,0,0,1,4.4,1.7,4.4,2.7,1.72,0.0259,0.0,0.0,1.7,0.05,0.0,-0.05
00-0033481,Marcus Kemp,WR,KC,2021,5,4,0.0,0.0,1.0,0.0266,0.0375,0.0662,0,,,,,,,,,,,0,,,,,,5,2,0.4,4.8,12.0,12.4,0.387,4.0,-0.1049,0.0,0.2,0.2,0,16,1,0,1,11,4.4,11.1,4.4,-6.7,2.21,0.0238,0.0,0.0,11.1,0.43,0.0,-0.43
00-0036630,Tylan Wallace,WR,BAL,2021,4,1,0.0,0.0,1.5,0.042,0.0342,0.0869,0,,,,,,,,,,,0,,,,,,6,2,0.3333,3.83,11.5,6.33,0.605,7.0,-0.4588,0.0,0.1667,0.1667,0,17,0,0,0,13,4.3,9.2,4.3,-4.9,2.3,0.0286,0.0,0.0,9.2,0.07,0.0,-0.07
00-0036907,Dazz Newsome,WR,CHI,2021,3,0,0.0,0.0,1.67,0.0428,0.0415,0.0933,0,,,,,,,,,,,0,,,,,,5,2,0.4,4.6,11.5,7.2,0.639,7.5,-1.8845,0.0,0.2,0.0,0,3,0,0,0,0,4.3,6.4,4.3,-2.1,2.12,0.0246,0.0,0.0,6.4,0.03,0.0,-0.03
00-0035359,David Sills,WR,NYG,2021,4,1,0.0,0.0,1.5,0.0614,0.1072,0.1671,0,,,,,,,,,,,0,,,,,,6,2,0.3333,2.83,8.5,9.67,0.293,1.0,-0.4924,0.0,0.1667,0.0,0,4,0,0,0,0,3.7,8.9,3.7,-5.2,2.23,0.0371,0.0,0.0,8.9,0.28,0.0,-0.28
00-0035457,Tyron Johnson,WR,JAX,2021,4,4,0.0,0.0,1.25,0.0336,0.0879,0.1118,0,,,,,,,,,,,0,,,,,,5,2,0.4,3.2,8.0,20.4,0.157,4.5,-0.7271,0.0,0.2,0.0,0,11,0,3,3,7,3.6,8.5,3.6,-4.9,2.12,0.0275,0.0,0.0,8.5,0.23,0.0,-0.23
00-0035480,Malik Taylor,WR,GB,2021,1,1,0.0,0.0,3.0,0.0909,0.0912,0.2002,0,,,,,,,,,,,0,,,,,,3,2,0.6667,4.67,7.0,10.0,0.467,4.0,-0.1432,0.0,0.3333,0.0,0,10,5,2,7,9,3.4,5.1,3.4,-1.7,5.1,0.0813,0.0,0.0,5.1,0.17,0.0,-0.17
00-0032160,Tyrell Williams,WR,DET,2021,1,1,0.0,0.0,3.0,0.0536,0.037,0.1063,0,,,,,,,,,,,0,,,,,,3,2,0.6667,4.67,7.0,4.33,1.077,4.0,0.2665,0.0,0.3333,0.0,0,1,6,1,7,0,3.4,4.2,3.4,-0.8,4.16,0.0391,0.0,0.0,4.2,0.05,0.0,-0.05
00-0035399,Stanley Morgan,WR,CIN,2021,3,2,0.0,0.33,1.33,0.0488,0.0619,0.1165,0,,,,,,,,,,,1,3.0,0.0,-0.1719,0.0,0.0,4,2,0.5,2.75,5.5,8.0,0.344,10.0,-0.2959,0.0,0.0,0.0,0,17,0,0,0,14,3.4,6.7,3.4,-3.3,2.25,0.0345,0.0,1.2,5.5,0.2,0.0,-0.2
00-0036910,C.J. Saunders,WR,CAR,2021,1,0,0.0,0.0,2.0,0.0476,0.0389,0.0986,0,,,,,,,,,,,0,,,,,,2,2,1.0,5.5,5.5,5.5,1.0,0.0,-0.1688,0.0,0.5,0.0,0,2,0,0,0,1,3.1,2.8,3.1,0.3,2.8,0.0336,0.0,0.0,2.8,0.01,0.0,-0.01
00-0033006,Jaydon Mickens,WR,JAX,2021,2,2,0.0,0.0,1.5,0.0492,0.1058,0.1479,0,,,,,,,,,,,0,,,,,,3,2,0.6667,3.33,5.0,19.33,0.172,1.5,0.1968,0.0,0.3333,0.0,0,11,1,1,2,9,3.0,4.6,3.0,-1.6,2.31,0.0391,0.0,0.0,4.6,0.07,0.0,-0.07
00-0035101,Davion Davis,WR,HOU,2021,2,2,0.0,0.0,1.5,0.0489,0.0423,0.1029,0,,,,,,,,,,,0,,,,,,3,1,0.3333,5.67,17.0,4.67,1.214,13.0,-1.4402,0.0,0.3333,0.3333,0,3,6,6,12,1,2.7,3.8,2.7,-1.1,1.92,0.0279,0.0,0.0,3.8,0.0,0.0,0.0
00-0036951,Frank Darby,WR,ATL,2021,2,1,0.0,0.0,2.0,0.0806,0.1813,0.2477,0,,,,,,,,,,,0,,,,,,4,1,0.25,3.5,14.0,20.75,0.169,11.0,-0.7862,0.0,0.25,0.0,0,12,0,5,5,10,2.4,6.5,2.4,-4.1,3.27,0.0598,0.0,0.0,6.5,0.24,0.0,-0.24
00-0035844,Kirk Merritt,WR,MIA,2021,1,1,0.0,0.0,3.0,0.075,0.1414,0.2115,0,,,,,,,,,,,0,,,,,,3,1,0.3333,4.33,13.0,18.67,0.232,6.0,-0.0726,0.0,0.3333,0.0,0,3,0,0,0,2,2.3,5.9,2.3,-3.6,5.86,0.0645,0.0,0.0,5.9,0.08,0.0,-0.08
00-0035527,Andy Isabella,WR,ARI,2021,1,0,0.0,0.0,1.0,0.0208,0.0179,0.0438,0,,,,,,,,,,,0,,,,,,1,1,1.0,13.0,13.0,6.0,2.167,7.0,0.8104,0.0,1.0,0.0,0,10,0,7,7,9,2.3,1.4,2.3,0.9,1.43,0.0139,0.0,0.0,1.4,0.0,0.0,0.0
00-0033094,Marvin Hall,WR,ATL,2021,1,0,0.0,0.0,1.0,0.0455,0.0279,0.0877,0,,,,,,,,,,,0,,,,,,1,1,1.0,10.0,10.0,5.0,2.0,5.0,1.153,0.0,1.0,0.0,0,2,0,0,0,1,2.0,1.6,2.0,0.4,1.56,0.0313,0.0,0.0,1.6,0.01,0.0,-0.01
00-0036491,Tarik Black,WR,NYJ,2021,1,0,0.0,0.0,2.0,0.1053,0.1324,0.2505,0,,,,,,,,,,,0,,,,,,2,1,0.5,5.0,10.0,9.0,0.556,0.0,0.5482,0.0,0.5,0.0,0,1,0,0,0,0,2.0,2.6,2.0,-0.6,2.61,0.0695,0.0,0.0,2.6,0.0,0.0,0.0
00-0032881,Tommylee Lewis,WR,MIA,2021,1,0,0.0,0.0,2.0,0.0769,0.0305,0.1367,0,,,,,,,,,,,0,,,,,,2,1,0.5,3.5,7.0,3.0,1.167,11.0,0.1268,0.0,0.5,0.0,0,2,0,0,0,1,1.7,2.8,1.7,-1.1,2.83,0.0458,0.0,0.0,2.8,0.05,0.0,-0.05
00-0035703,Miles Boykin,WR,BAL,2021,1,1,0.0,0.0,1.0,0.037,0.0335,0.079,0,,,,,,,,,,,0,,,,,,1,1,1.0,6.0,6.0,6.0,1.0,0.0,0.0853,0.0,0.0,0.0,0,8,4,5,9,7,1.6,1.7,1.6,-0.1,1.72,0.0238,0.0,0.0,1.7,0.0,0.0,0.0
00-0036080,Easop Winston,WR,NO,2021,1,1,0.0,0.0,1.0,0.0476,-0.0435,0.041,0,,,,,,,,,,,0,,,,,,1,1,1.0,5.0,5.0,-4.0,-1.25,9.0,-0.5093,0.0,0.0,0.0,0,3,0,0,0,2,1.5,1.7,1.5,-0.2,1.68,0.0254,0.0,0.0,1.7,0.01,0.0,-0.01
00-0034366,Keke Coutee,WR,IND,2021,1,1,0.0,0.0,1.0,0.0385,0.0262,0.076,0,,,,,,,,,,,0,,,,,,1,1,1.0,5.0,5.0,5.0,1.0,0.0,-0.1689,0.0,0.0,0.0,0,2,0,0,0,1,1.5,1.5,1.5,0.0,1.5,0.0221,0.0,0.0,1.5,0.01,0.0,-0.01
00-0036652,Racey McMath,WR,TEN,2021,5,2,0.0,0.0,1.2,0.0402,0.0667,0.1069,0,,,,,,,,,,,0,,,,,,6,2,0.3333,1.33,4.0,11.17,0.119,4.5,-1.1615,0.0,0.0,0.0,1,9,8,0,8,4,0.8,10.3,0.8,-9.5,2.06,0.0282,0.0,0.0,10.3,0.24,0.0,-0.24
00-0031319,Diontae Spencer,WR,DEN,2021,4,4,0.0,0.0,1.0,0.0343,0.0106,0.0589,0,,,,,,,,,,,0,,,,,,4,1,0.25,-0.75,-3.0,2.25,-0.333,0.0,-0.8527,0.0,0.0,0.0,0,15,0,2,2,11,0.7,6.8,0.7,-6.1,1.69,0.0229,0.0,0.0,6.8,0.42,0.0,-0.42
00-0035883,Maurice Ffrench,WR,LAC,2021,1,0,0.0,1.0,0.0,0.0,0.0,0.0,0,,,,,,,,,,,1,3.0,0.0,-0.2805,0.0,0.0,0,0,,,,,,,,,,,0,3,0,0,0,2,0.3,0.8,0.3,-0.5,0.84,0.0107,0.0,0.8,0.0,0.0,0.0,0.0
00-0034631,Vyncint Smith,WR,NYJ,2021,1,1,0.0,0.0,1.0,0.025,0.059,0.0788,0,,,,,,,,,,,0,,,,,,1,0,0.0,0.0,,18.0,0.0,,-0.4428,0.0,0.0,0.0,0,2,0,0,0,1,0.0,2.4,0.0,-2.4,2.37,0.0332,0.0,0.0,2.4,0.27,0.0,-0.27
00-0029269,Travis Benjamin,WR,SF,2021,3,2,0.0,0.0,1.67,0.0551,0.1576,0.1931,0,,,,,,,,,,,0,,,,,,5,0,0.0,0.0,,28.2,0.0,,-1.9196,0.0,0.0,0.0,0,10,0,3,3,7,0.0,9.7,0.0,-9.7,3.25,0.0435,0.0,0.0,9.7,0.19,0.0,-0.19
00-0031051,John Brown,WR,JAX,2021,3,3,0.0,0.0,1.0,0.0324,0.139,0.146,0,,,,,,,,,,,0,,,,,,3,0,0.0,0.0,,31.0,0.0,,-1.8902,0.0,0.0,0.0,0,4,0,0,0,1,0.0,5.3,0.0,-5.3,1.78,0.0284,0.0,0.0,5.3,0.26,0.0,-0.26
00-0033589,David Moore,WR,DEN,2021,1,1,0.0,0.0,2.0,0.0571,0.0833,0.144,0,,,,,,,,,,,0,,,,,,2,0,0.0,0.0,,14.0,0.0,,-0.4869,0.0,0.0,0.0,0,3,0,1,1,2,0.0,3.5,0.0,-3.5,3.54,0.0475,0.0,0.0,3.5,0.01,0.0,-0.01
00-0031934,Devin Smith,WR,JAX,2021,1,1,0.0,0.0,1.0,0.02,0.0457,0.062,0,,,,,,,,,,,0,,,,,,1,0,0.0,0.0,,19.0,0.0,,-4.4699,0.0,0.0,0.0,0,1,0,0,0,0,0.0,1.8,0.0,-1.8,1.83,0.0203,0.0,0.0,1.8,0.01,0.0,-0.01
00-0032626,Geronimo Allison,WR,DET,2021,1,1,0.0,0.0,2.0,0.0625,0.1418,0.193,0,,,,,,,,,,,0,,,,,,2,0,0.0,0.0,,10.0,0.0,,-0.6082,0.0,0.0,0.0,0,3,0,1,1,2,0.0,3.0,0.0,-3.0,2.95,0.0442,0.0,0.0,3.0,0.09,0.0,-0.09
00-0036308,Isaiah Coulter,WR,CHI,2021,1,1,0.0,0.0,1.0,0.027,0.0636,0.085,0,,,,,,,,,,,0,,,,,,1,0,0.0,0.0,,22.0,0.0,,-0.8572,0.0,0.0,0.0,0,2,0,0,0,1,0.0,1.8,0.0,-1.8,1.8,0.0221,0.0,0.0,1.8,0.02,0.0,-0.02
00-0036439,Tyrie Cleveland,WR,DEN,2021,1,1,0.0,0.0,1.0,0.0312,0.0287,0.067,0,,,,,,,,,,,0,,,,,,1,0,0.0,0.0,,5.0,0.0,,-0.6472,0.0,0.0,0.0,0,7,0,1,1,6,0.0,1.4,0.0,-1.4,1.38,0.025,0.0,0.0,1.4,0.02,0.0,-0.02
00-0033957,Rodney Adams,WR,CHI,2021,1,1,0.0,0.0,1.0,0.025,0.0641,0.0824,0,,,,,,,,,,,0,,,,,,1,0,0.0,0.0,,15.0,0.0,,-0.8159,0.0,0.0,0.0,0,1,0,0,0,0,0.0,1.8,0.0,-1.8,1.84,0.0207,0.0,0.0,1.8,0.0,0.0,0.0
00-0035602,Alex Bachman,WR,NYG,2021,1,0,0.0,1.0,0.0,0.0,0.0,0.0,0,,,,,,,,,,,1,-3.0,0.0,-3.7919,0.0,0.0,0,0,,,,,,,,,,,0,3,0,0,0,2,-0.3,0.8,-0.3,-1.1,0.79,0.0148,0.0,0.8,0.0,0.03,0.0,-0.03
