player_id,name,pos,team,season,week,att,cmp,pass_epa,sacks,cpoe,car,tgt,rec,rec_ay,tgt_share,ay_share,team_car,team_rb_touch,fp_ppr,fp_exp,fp_act
00-0007091,Matt Hasselbeck,QB,IND,2015,4,47,30,3.42,3,-1.355,3,0,0,0.0,0.0,0.0,24,25,15.4,17.9,15.38
00-0007091,Matt Hasselbeck,QB,IND,2015,5,29,18,10.849,0,0.691,3,0,0,0.0,0.0,0.0,30,28,16.2,16.21,16.22
00-0007091,Matt Hasselbeck,QB,IND,2015,11,32,23,-0.587,2,5.193,3,0,0,0.0,0.0,0.0,27,32,13.3,16.6,13.32
00-0007091,Matt Hasselbeck,QB,IND,2015,12,42,26,10.053,3,4.026,3,0,0,0.0,0.0,0.0,26,28,20.3,19.06,20.3
00-0007091,Matt Hasselbeck,QB,IND,2015,13,26,16,-10.811,2,-3.566,2,0,0,0.0,0.0,0.0,18,23,4.9,13.27,6.86
00-0007091,Matt Hasselbeck,QB,IND,2015,14,35,18,-11.711,3,-12.216,1,0,0,0.0,0.0,0.0,23,28,9.1,14.08,11.08
00-0007091,Matt Hasselbeck,QB,IND,2015,15,30,17,-3.758,2,-3.369,1,0,0,0.0,0.0,0.0,19,19,8.0,11.6,7.98
00-0007091,Matt Hasselbeck,QB,IND,2015,16,15,8,2.432,1,-15.603,0,0,0,0.0,0.0,0.0,23,23,4.0,4.44,3.96
00-0010346,Peyton Manning,QB,DEN,2015,1,40,24,-12.048,4,-7.397,1,0,0,0.0,0.0,0.0,25,28,4.9,13.19,4.9
00-0010346,Peyton Manning,QB,DEN,2015,2,45,26,-2.295,3,-1.966,0,0,0,0.0,0.0,0.0,22,22,20.2,15.14,20.24
00-0010346,Peyton Manning,QB,DEN,2015,3,42,31,8.197,1,4.467,1,0,0,0.0,0.0,0.0,19,20,18.9,13.18,18.86
00-0010346,Peyton Manning,QB,DEN,2015,4,27,17,-1.969,2,2.473,2,0,0,0.0,0.0,0.0,24,24,8.3,12.98,8.32
00-0010346,Peyton Manning,QB,DEN,2015,5,35,22,-6.633,2,-0.615,0,0,0,0.0,0.0,0.0,18,22,6.6,16.65,6.64
00-0010346,Peyton Manning,QB,DEN,2015,6,48,26,-11.249,0,-5.273,0,0,0,0.0,0.0,0.0,33,40,9.6,15.93,9.6
00-0010346,Peyton Manning,QB,DEN,2015,8,29,21,15.986,0,8.645,0,0,0,0.0,0.0,0.0,34,36,11.6,11.6,11.6
00-0010346,Peyton Manning,QB,DEN,2015,9,36,21,3.688,1,-0.638,0,0,0,0.0,0.0,0.0,14,15,15.2,13.41,15.24
00-0010346,Peyton Manning,QB,DEN,2015,10,20,5,-25.733,2,-32.209,0,0,0,0.0,0.0,0.0,16,15,-6.6,5.1,-6.6
00-0010346,Peyton Manning,QB,DEN,2015,17,9,5,0.098,1,-0.263,2,0,0,0.0,0.0,0.0,32,33,2.6,4.0,2.56
00-0019596,Tom Brady,QB,NE,2015,1,32,25,15.961,2,12.431,3,0,0,0.0,0.0,0.0,24,25,27.6,22.62,27.62
00-0019596,Tom Brady,QB,NE,2015,2,59,38,10.445,2,1.831,3,0,0,0.0,0.0,0.0,15,18,28.2,29.74,30.24
00-0019596,Tom Brady,QB,NE,2015,3,42,33,22.569,2,10.094,2,0,0,0.0,0.0,0.0,32,38,22.7,25.93,22.72
00-0019596,Tom Brady,QB,NE,2015,5,27,20,10.905,5,4.425,2,0,0,0.0,0.0,0.0,23,27,25.3,14.68,25.3
00-0019596,Tom Brady,QB,NE,2015,6,37,23,7.566,2,-6.393,4,0,0,0.0,0.0,0.0,25,24,22.5,16.17,22.48
00-0019596,Tom Brady,QB,NE,2015,7,54,34,7.731,3,-2.448,4,0,0,0.0,0.0,0.0,9,8,29.7,36.93,29.7
00-0019596,Tom Brady,QB,NE,2015,8,38,26,15.968,2,4.291,1,0,0,0.0,0.0,0.0,26,32,30.3,16.14,30.34
00-0019596,Tom Brady,QB,NE,2015,9,39,26,13.635,0,-1.632,1,0,0,0.0,0.0,0.0,37,41,17.9,22.43,17.86
00-0019596,Tom Brady,QB,NE,2015,10,42,26,5.357,3,1.148,2,0,0,0.0,0.0,0.0,23,24,18.3,20.57,20.26
00-0019596,Tom Brady,QB,NE,2015,11,39,20,2.928,1,-11.471,0,0,0,0.0,0.0,0.0,22,25,13.1,13.15,13.08
00-0019596,Tom Brady,QB,NE,2015,12,42,23,3.669,3,-5.249,0,0,0,0.0,0.0,0.0,16,22,23.2,15.3,23.2
00-0019596,Tom Brady,QB,NE,2015,13,56,29,-7.696,4,-7.683,6,1,1,7,0.0179,0.0123,25,29,32.8,32.71,32.78
00-0019596,Tom Brady,QB,NE,2015,14,30,22,4.842,3,5.449,4,0,0,0.0,0.0,0.0,31,31,18.0,16.54,18.04
00-0019596,Tom Brady,QB,NE,2015,15,35,23,12.529,2,-1.788,0,0,0,0.0,0.0,0.0,26,20,18.7,15.31,18.68
00-0019596,Tom Brady,QB,NE,2015,16,31,22,4.913,2,5.599,1,0,0,0.0,0.0,0.0,22,28,11.1,9.09,11.14
00-0019596,Tom Brady,QB,NE,2015,17,21,12,-3.784,2,-3.426,1,0,0,0.0,0.0,0.0,27,31,5.3,6.78,5.26
00-0020245,Mike Vick,QB,PIT,2015,2,0,0,0.0,0,,3,0,0,0.0,0.0,0.0,25,25,-0.3,-0.3,-0.3
00-0020245,Mike Vick,QB,PIT,2015,3,6,5,-4.59,2,10.119,2,0,0,0.0,0.0,0.0,22,27,1.3,1.52,1.32
00-0020245,Mike Vick,QB,PIT,2015,4,26,19,-15.846,4,6.265,9,0,0,0.0,0.0,0.0,33,31,12.3,15.16,12.26
00-0020245,Mike Vick,QB,PIT,2015,5,26,13,-2.385,3,-3.254,1,0,0,0.0,0.0,0.0,27,30,12.5,10.25,12.52
00-0020245,Mike Vick,QB,PIT,2015,6,8,3,-7.823,1,-18.652,5,0,0,0.0,0.0,0.0,32,25,4.9,6.96,4.94
00-0020337,Steve Smith,WR,BAL,2015,1,0,0,0.0,0,,0,7,2,60,0.2188,0.3125,23,28,3.3,9.99,3.3
00-0020337,Steve Smith,WR,BAL,2015,2,0,0,0.0,0,,0,16,10,208,0.3556,0.4602,25,31,25.0,28.27,25.0
00-0020337,Steve Smith,WR,BAL,2015,3,0,0,0.0,0,,0,17,13,86,0.3542,0.2986,18,21,43.6,26.47,43.6
00-0020337,Steve Smith,WR,BAL,2015,4,0,0,0.0,0,,0,7,4,37,0.2121,0.1878,39,36,6.4,9.74,6.4
00-0020337,Steve Smith,WR,BAL,2015,6,0,0,0.0,0,,0,10,7,176,0.1923,0.311,22,29,26.7,20.02,26.7
00-0020337,Steve Smith,WR,BAL,2015,7,0,0,0.0,0,,0,9,5,70,0.2308,0.2893,16,19,12.8,12.36,12.8
00-0020337,Steve Smith,WR,BAL,2015,8,0,0,0.0,0,,0,7,5,82,0.1892,0.277,25,25,13.2,12.17,13.2
00-0020531,Drew Brees,QB,NO,2015,1,48,30,1.83,2,-8.649,1,0,0,0.0,0.0,0.0,20,30,16.5,16.01,16.5
00-0020531,Drew Brees,QB,NO,2015,2,38,24,-2.079,4,-3.232,1,0,0,0.0,0.0,0.0,27,29,12.1,14.84,12.1
00-0020531,Drew Brees,QB,NO,2015,4,41,33,8.834,3,5.625,0,0,0,0.0,0.0,0.0,25,38,22.4,14.4,22.36
00-0020531,Drew Brees,QB,NO,2015,5,43,26,-7.371,5,0.387,1,0,0,0.0,0.0,0.0,21,27,15.3,18.41,19.3
00-0020531,Drew Brees,QB,NO,2015,6,39,30,17.102,1,6.641,2,0,0,0.0,0.0,0.0,32,39,16.7,21.97,16.68
00-0020531,Drew Brees,QB,NO,2015,7,44,28,-4.701,2,0.517,4,0,0,0.0,0.0,0.0,36,41,11.8,20.12,11.8
00-0020531,Drew Brees,QB,NO,2015,8,50,39,23.264,0,10.298,1,0,0,0.0,0.0,0.0,26,32,44.3,25.43,44.3
00-0020531,Drew Brees,QB,NO,2015,9,39,28,16.201,4,6.672,3,0,0,0.0,0.0,0.0,27,29,31.4,24.46,31.38
00-0020531,Drew Brees,QB,NO,2015,10,28,19,-4.096,2,1.657,0,0,0,0.0,0.0,0.0,25,29,12.4,10.7,12.36
00-0020531,Drew Brees,QB,NO,2015,12,44,25,-16.261,2,-7.033,0,0,0,0.0,0.0,0.0,10,18,7.1,18.19,7.12
00-0020531,Drew Brees,QB,NO,2015,13,42,24,-0.119,2,-9.085,1,0,0,0.0,0.0,0.0,14,18,22.5,15.6,22.48
00-0020531,Drew Brees,QB,NO,2015,14,41,31,19.566,2,12.311,3,0,0,0.0,0.0,0.0,35,36,20.5,20.36,20.48
00-0020531,Drew Brees,QB,NO,2015,15,52,34,12.36,1,-1.957,1,0,0,0.0,0.0,0.0,18,21,26.7,28.1,26.74
00-0020531,Drew Brees,QB,NO,2015,16,36,25,27.719,1,8.11,3,0,0,0.0,0.0,0.0,35,34,28.2,20.14,28.18
00-0020531,Drew Brees,QB,NO,2015,17,42,32,12.348,0,10.772,3,0,0,0.0,0.0,0.0,22,30,16.4,20.29,16.42
00-0020679,Shaun Hill,QB,MIN,2015,9,6,2,-5.546,1,-26.666,1,0,0,0.0,0.0,0.0,35,35,0.5,1.49,0.5
00-0020679,Shaun Hill,QB,MIN,2015,11,1,0,-1.084,0,-43.398,0,0,0,0.0,0.0,0.0,18,18,0.0,0.15,0.0
00-0020679,Shaun Hill,QB,MIN,2015,16,0,0,0.0,0,,3,0,0,0.0,0.0,0.0,40,37,-0.4,-0.3,-0.4
00-0021206,Josh McCown,QB,CLE,2015,1,8,5,2.092,0,3.461,3,0,0,0.0,0.0,0.0,28,24,2.3,5.58,2.26
00-0021206,Josh McCown,QB,CLE,2015,3,49,28,9.332,5,-1.049,0,0,0,0.0,0.0,0.0,14,21,19.6,19.29,19.64
00-0021206,Josh McCown,QB,CLE,2015,4,41,32,9.681,4,14.049,0,0,0,0.0,0.0,0.0,21,34,22.2,15.0,24.24
00-0021206,Josh McCown,QB,CLE,2015,5,51,36,15.833,4,5.224,3,0,0,0.0,0.0,0.0,25,30,35.5,22.97,35.48
00-0021206,Josh McCown,QB,CLE,2015,6,39,20,-23.227,4,-12.732,3,0,0,0.0,0.0,0.0,33,36,11.7,14.88,13.72
00-0021206,Josh McCown,QB,CLE,2015,7,32,26,-2.962,4,7.732,4,0,0,0.0,0.0,0.0,24,28,8.9,11.24,12.9
00-0021206,Josh McCown,QB,CLE,2015,8,34,18,3.668,1,-5.534,5,0,0,0.0,0.0,0.0,20,17,18.2,18.6,18.24
00-0021206,Josh McCown,QB,CLE,2015,12,38,21,1.458,1,-4.127,2,0,0,0.0,0.0,0.0,18,20,13.7,17.07,13.68
00-0021429,Carson Palmer,QB,ARI,2015,1,32,19,16.251,0,-2.395,3,0,0,0.0,0.0,0.0,25,24,25.7,17.89,25.68
00-0021429,Carson Palmer,QB,ARI,2015,2,24,17,11.273,0,17.399,2,0,0,0.0,0.0,0.0,28,27,21.2,12.4,21.2
00-0021429,Carson Palmer,QB,ARI,2015,3,32,20,11.283,1,5.988,1,0,0,0.0,0.0,0.0,37,37,18.5,22.99,18.54
00-0021429,Carson Palmer,QB,ARI,2015,4,46,29,4.632,4,0.064,1,0,0,0.0,0.0,0.0,21,26,16.0,19.07,15.98
00-0021429,Carson Palmer,QB,ARI,2015,5,14,11,9.064,2,19.081,1,0,0,0.0,0.0,0.0,25,21,18.3,11.31,18.34
00-0021429,Carson Palmer,QB,ARI,2015,6,45,29,7.05,1,7.522,2,0,0,0.0,0.0,0.0,20,22,16.7,24.0,16.74
00-0021429,Carson Palmer,QB,ARI,2015,7,29,20,9.716,2,9.621,2,0,0,0.0,0.0,0.0,28,31,19.2,19.67,19.2
00-0021429,Carson Palmer,QB,ARI,2015,8,38,23,25.458,1,11.114,3,0,0,0.0,0.0,0.0,38,36,29.6,21.51,29.56
00-0021429,Carson Palmer,QB,ARI,2015,10,47,29,0.326,3,7.005,3,0,0,0.0,0.0,0.0,33,34,20.3,22.7,24.32
00-0021429,Carson Palmer,QB,ARI,2015,11,31,20,11.922,2,2.787,1,0,0,0.0,0.0,0.0,25,26,24.6,15.63,24.58
00-0021429,Carson Palmer,QB,ARI,2015,12,40,24,4.91,1,1.28,3,0,0,0.0,0.0,0.0,29,31,17.4,21.05,17.44
00-0021429,Carson Palmer,QB,ARI,2015,13,40,26,15.267,2,6.138,0,0,0,0.0,0.0,0.0,36,35,22.2,19.51,22.24
00-0021429,Carson Palmer,QB,ARI,2015,14,35,25,13.279,2,6.099,3,0,0,0.0,0.0,0.0,29,32,20.7,16.69,20.7
00-0021429,Carson Palmer,QB,ARI,2015,15,32,20,12.681,2,9.496,0,0,0,0.0,0.0,0.0,39,42,15.0,18.98,14.96
00-0021429,Carson Palmer,QB,ARI,2015,16,27,18,4.249,2,4.003,0,0,0,0.0,0.0,0.0,26,29,16.6,18.65,16.6
00-0021429,Carson Palmer,QB,ARI,2015,17,25,12,0.257,0,-12.732,0,0,0,0.0,0.0,0.0,13,17,7.2,7.69,7.16
00-0021547,Antonio Gates,TE,LAC,2015,5,0,0,0.0,0,,0,11,9,77,0.2292,0.308,19,31,30.2,20.28,30.2
00-0021547,Antonio Gates,TE,LAC,2015,6,0,0,0.0,0,,0,16,9,132,0.2462,0.2062,21,30,18.5,28.51,18.5
00-0021547,Antonio Gates,TE,LAC,2015,8,0,0,0.0,0,,0,5,4,30,0.1389,0.1449,26,34,9.6,7.27,9.6
00-0021547,Antonio Gates,TE,LAC,2015,9,0,0,0.0,0,,0,11,6,56,0.2619,0.186,19,28,12.9,16.75,12.9
00-0021547,Antonio Gates,TE,LAC,2015,11,0,0,0.0,0,,0,3,1,42,0.1,0.1511,25,23,1.6,4.49,1.6
00-0021547,Antonio Gates,TE,LAC,2015,12,0,0,0.0,0,,0,6,4,62,0.1395,0.2145,26,32,21.3,13.4,21.3
00-0021547,Antonio Gates,TE,LAC,2015,13,0,0,0.0,0,,0,9,6,41,0.2727,0.1687,23,27,11.0,12.18,11.0
00-0021547,Antonio Gates,TE,LAC,2015,14,0,0,0.0,0,,0,8,6,92,0.1905,0.2335,18,24,13.6,11.1,13.6
00-0021547,Antonio Gates,TE,LAC,2015,15,0,0,0.0,0,,0,9,6,83,0.25,0.2358,36,44,14.8,14.24,14.8
00-0021547,Antonio Gates,TE,LAC,2015,16,0,0,0.0,0,,0,2,2,8,0.0408,0.0228,25,36,3.1,2.81,3.1
00-0021547,Antonio Gates,TE,LAC,2015,17,0,0,0.0,0,,0,5,3,73,0.1429,0.2561,29,36,12.4,8.46,12.4
00-0021678,Tony Romo,QB,DAL,2015,1,45,36,9.175,0,8.768,1,0,0,0.0,0.0,0.0,23,34,22.1,22.49,22.14
00-0021678,Tony Romo,QB,DAL,2015,2,27,18,-1.542,3,1.213,1,0,0,0.0,0.0,0.0,33,35,7.0,14.93,9.0
00-0021678,Tony Romo,QB,DAL,2015,11,28,18,3.911,2,6.855,2,0,0,0.0,0.0,0.0,38,40,13.3,15.13,13.28
00-0021678,Tony Romo,QB,DAL,2015,12,21,11,-21.595,1,-12.724,0,0,0,0.0,0.0,0.0,14,18,-1.8,8.06,-1.76
00-0022044,Andre Johnson,WR,IND,2015,1,0,0,0.0,0,,0,10,4,84,0.2041,0.1858,17,14,6.4,15.94,6.4
00-0022044,Andre Johnson,WR,IND,2015,2,0,0,0.0,0,,0,7,3,75,0.2,0.1899,24,26,5.7,9.41,5.7
00-0022044,Andre Johnson,WR,IND,2015,3,0,0,0.0,0,,0,1,0,5,0.0333,0.0168,23,17,0.0,1.55,0.0
00-0022044,Andre Johnson,WR,IND,2015,4,0,0,0.0,0,,0,2,0,37,0.0426,0.0927,24,25,0.0,3.2,0.0
00-0022044,Andre Johnson,WR,IND,2015,5,0,0,0.0,0,,0,7,6,57,0.2414,0.2395,30,28,25.7,15.68,25.7
00-0022044,Andre Johnson,WR,IND,2015,6,0,0,0.0,0,,0,6,3,83,0.125,0.1785,22,20,6.5,10.12,6.5
00-0022044,Andre Johnson,WR,IND,2015,7,0,0,0.0,0,,0,4,4,27,0.093,0.0689,13,16,8.4,5.67,8.4
00-0022044,Andre Johnson,WR,IND,2015,8,0,0,0.0,0,,0,8,4,138,0.1778,0.2438,35,32,18.1,14.83,18.1
00-0022044,Andre Johnson,WR,IND,2015,9,0,0,0.0,0,,0,3,0,30,0.0857,0.1172,40,36,0.0,4.98,0.0
00-0022044,Andre Johnson,WR,IND,2015,11,0,0,0.0,0,,0,2,1,18,0.0625,0.0968,27,32,2.3,3.58,2.3
00-0022044,Andre Johnson,WR,IND,2015,12,0,0,0.0,0,,0,3,1,24,0.0769,0.08,26,28,3.2,4.99,3.2
00-0022044,Andre Johnson,WR,IND,2015,13,0,0,0.0,0,,0,3,2,29,0.0882,0.1355,18,23,6.4,5.23,6.4
00-0022044,Andre Johnson,WR,IND,2015,14,0,0,0.0,0,,0,5,3,20,0.1163,0.0541,23,28,4.9,6.98,4.9
00-0022044,Andre Johnson,WR,IND,2015,15,0,0,0.0,0,,0,5,3,37,0.1724,0.1336,19,19,6.2,7.76,6.2
00-0022044,Andre Johnson,WR,IND,2015,16,0,0,0.0,0,,0,5,3,59,0.1724,0.3057,23,23,6.9,8.12,6.9
00-0022044,Andre Johnson,WR,IND,2015,17,0,0,0.0,0,,0,6,4,69,0.1622,0.243,32,23,14.6,9.46,14.6
00-0022084,Anquan Boldin,WR,SF,2015,1,0,0,0.0,0,,0,5,4,29,0.1923,0.1394,39,35,7.6,7.71,7.6
00-0022084,Anquan Boldin,WR,SF,2015,2,0,0,0.0,0,,0,10,6,84,0.2174,0.2538,31,28,18.0,18.75,18.0
00-0022084,Anquan Boldin,WR,SF,2015,3,0,0,0.0,0,,0,4,2,33,0.2105,0.2374,29,24,3.6,5.7,3.6
00-0022084,Anquan Boldin,WR,SF,2015,4,0,0,0.0,0,,0,7,3,94,0.28,0.3917,19,11,4.2,10.68,4.2
00-0022084,Anquan Boldin,WR,SF,2015,5,0,0,0.0,0,,0,12,8,99,0.3429,0.5238,27,25,24.7,22.94,24.7
00-0022084,Anquan Boldin,WR,SF,2015,6,0,0,0.0,0,,0,9,5,70,0.3333,0.2326,25,24,15.2,15.62,15.2
00-0022084,Anquan Boldin,WR,SF,2015,7,0,0,0.0,0,,0,7,3,59,0.2917,0.3491,15,18,6.9,9.57,6.9
00-0022084,Anquan Boldin,WR,SF,2015,11,0,0,0.0,0,,0,7,5,72,0.2121,0.2118,16,20,14.3,9.35,14.3
00-0022084,Anquan Boldin,WR,SF,2015,12,0,0,0.0,0,,0,11,8,103,0.3056,0.354,17,20,17.3,17.41,17.3
00-0022084,Anquan Boldin,WR,SF,2015,13,0,0,0.0,0,,0,13,5,101,0.4062,0.4633,23,22,8.7,17.56,8.7
00-0022084,Anquan Boldin,WR,SF,2015,14,0,0,0.0,0,,0,3,2,28,0.1071,0.125,17,17,4.2,4.7,4.2
00-0022084,Anquan Boldin,WR,SF,2015,15,0,0,0.0,0,,0,10,8,44,0.2,0.1512,17,24,19.4,13.85,19.4
00-0022084,Anquan Boldin,WR,SF,2015,16,0,0,0.0,0,,0,5,5,6,0.1515,0.0273,23,28,7.7,6.93,7.7
00-0022084,Anquan Boldin,WR,SF,2015,17,0,0,0.0,0,,0,8,5,72,0.1818,0.3495,33,36,18.1,9.97,18.1
00-0022127,Jason Witten,TE,DAL,2015,1,0,0,0.0,0,,0,9,8,38,0.2,0.2065,23,34,26.0,17.95,26.0
00-0022127,Jason Witten,TE,DAL,2015,2,0,0,0.0,0,,0,8,7,41,0.2353,0.1715,33,35,12.6,14.38,12.6
00-0022127,Jason Witten,TE,DAL,2015,3,0,0,0.0,0,,0,8,6,74,0.3077,0.5481,21,33,12.5,12.63,12.5
00-0022127,Jason Witten,TE,DAL,2015,4,0,0,0.0,0,,0,6,4,50,0.2308,0.1916,28,25,9.7,9.46,9.7
00-0022127,Jason Witten,TE,DAL,2015,5,0,0,0.0,0,,0,6,5,31,0.1538,0.1319,24,34,6.3,12.08,6.3
00-0022127,Jason Witten,TE,DAL,2015,7,0,0,0.0,0,,0,8,6,55,0.2963,0.2107,41,39,13.3,12.07,13.3
00-0022127,Jason Witten,TE,DAL,2015,8,0,0,0.0,0,,0,4,2,26,0.1538,0.2131,30,31,3.6,5.93,3.6
00-0022127,Jason Witten,TE,DAL,2015,9,0,0,0.0,0,,0,8,6,63,0.2162,0.2136,29,28,10.3,11.93,10.3
00-0022127,Jason Witten,TE,DAL,2015,10,0,0,0.0,0,,0,5,5,32,0.1786,0.1088,21,23,9.2,7.05,9.2
00-0022127,Jason Witten,TE,DAL,2015,11,0,0,0.0,0,,0,3,2,38,0.1071,0.1429,38,40,4.7,4.99,4.7
00-0022127,Jason Witten,TE,DAL,2015,12,0,0,0.0,0,,0,6,4,62,0.1579,0.1987,14,18,7.6,9.39,7.6
00-0022127,Jason Witten,TE,DAL,2015,13,0,0,0.0,0,,0,9,5,56,0.3214,0.2121,24,23,9.6,13.23,9.6
00-0022127,Jason Witten,TE,DAL,2015,14,0,0,0.0,0,,0,9,5,58,0.3214,0.2283,20,16,9.0,15.23,9.0
00-0022127,Jason Witten,TE,DAL,2015,15,0,0,0.0,0,,0,5,5,26,0.1613,0.0949,21,21,9.9,7.25,9.9
00-0022127,Jason Witten,TE,DAL,2015,16,0,0,0.0,0,,0,2,1,-1,0.0667,-0.0035,25,25,2.2,2.07,2.2
00-0022127,Jason Witten,TE,DAL,2015,17,0,0,0.0,0,,0,8,6,78,0.1667,0.2108,16,20,17.8,14.63,17.8
00-0022414,Malcom Floyd,WR,LAC,2015,1,0,0,0.0,0,,0,2,1,37,0.0488,0.2418,31,36,3.9,3.5,3.9
00-0022414,Malcom Floyd,WR,LAC,2015,2,0,0,0.0,0,,0,4,2,99,0.1481,0.5562,25,31,13.5,7.22,13.5
00-0022414,Malcom Floyd,WR,LAC,2015,3,0,0,0.0,0,,0,7,4,110,0.175,0.3207,28,30,10.3,10.78,10.3
00-0022414,Malcom Floyd,WR,LAC,2015,4,0,0,0.0,0,,0,2,1,44,0.0541,0.1753,21,26,3.0,3.65,3.0
00-0022414,Malcom Floyd,WR,LAC,2015,5,0,0,0.0,0,,0,4,3,56,0.0833,0.224,19,31,7.8,7.59,7.8
00-0022414,Malcom Floyd,WR,LAC,2015,6,0,0,0.0,0,,0,12,5,253,0.1846,0.3953,21,30,14.5,19.74,14.5
00-0022414,Malcom Floyd,WR,LAC,2015,7,0,0,0.0,0,,0,3,1,66,0.0545,0.2043,21,38,1.7,4.96,1.7
00-0022414,Malcom Floyd,WR,LAC,2015,8,0,0,0.0,0,,0,6,4,97,0.1667,0.4686,26,34,25.2,11.04,25.2
00-0022414,Malcom Floyd,WR,LAC,2015,9,0,0,0.0,0,,0,1,0,43,0.0238,0.1429,19,28,0.0,2.23,0.0
00-0022414,Malcom Floyd,WR,LAC,2015,12,0,0,0.0,0,,0,4,1,77,0.093,0.2664,26,32,2.2,6.9,2.2
00-0022414,Malcom Floyd,WR,LAC,2015,13,0,0,0.0,0,,0,4,1,86,0.1212,0.3539,23,27,0.5,5.75,0.5
00-0022414,Malcom Floyd,WR,LAC,2015,14,0,0,0.0,0,,0,9,3,180,0.2143,0.4569,18,24,8.6,12.17,8.6
00-0022414,Malcom Floyd,WR,LAC,2015,15,0,0,0.0,0,,0,3,1,107,0.0833,0.304,36,44,3.7,7.67,3.7
00-0022414,Malcom Floyd,WR,LAC,2015,16,0,0,0.0,0,,0,6,3,105,0.1224,0.2991,25,36,7.2,9.05,7.2
00-0022414,Malcom Floyd,WR,LAC,2015,17,0,0,0.0,0,,0,2,0,27,0.0571,0.0947,29,36,0.0,2.26,0.0
00-0022427,Wes Welker,WR,LA,2015,10,0,0,0.0,0,,0,6,3,39,0.1622,0.1234,21,23,6.2,8.84,6.2
00-0022427,Wes Welker,WR,LA,2015,11,0,0,0.0,0,,0,4,2,19,0.1538,0.0872,29,27,3.3,5.57,3.3
00-0022427,Wes Welker,WR,LA,2015,12,0,0,0.0,0,,0,3,2,29,0.0566,0.1137,17,21,3.2,3.26,3.2
00-0022427,Wes Welker,WR,LA,2015,13,0,0,0.0,0,,0,3,2,18,0.0882,0.0483,15,13,3.5,4.01,3.5
00-0022427,Wes Welker,WR,LA,2015,14,0,0,0.0,0,,0,2,1,10,0.0909,0.0508,29,27,2.1,2.99,2.1
00-0022427,Wes Welker,WR,LA,2015,16,0,0,0.0,0,,0,1,1,3,0.0435,0.0191,30,28,1.3,1.21,1.3
00-0022427,Wes Welker,WR,LA,2015,17,0,0,0.0,0,,0,3,2,1,0.0789,0.0027,33,30,3.6,3.92,3.6
00-0022736,Steven Jackson,RB,NE,2015,16,0,0,0.0,0,,7,0,0,0.0,0.0,0.0,22,28,1.5,3.58,1.5
00-0022736,Steven Jackson,RB,NE,2015,17,0,0,0.0,0,,14,1,1,-3,0.04,-0.0152,27,31,12.5,10.32,12.5
00-0022787,Matt Schaub,QB,BAL,2015,12,34,20,2.376,0,-3.49,3,0,0,0.0,0.0,0.0,23,23,14.3,15.13,14.28
00-0022787,Matt Schaub,QB,BAL,2015,13,46,32,-7.062,3,4.666,1,0,0,0.0,0.0,0.0,26,38,12.3,13.73,11.92
00-0022803,Eli Manning,QB,NYG,2015,1,36,20,-0.025,1,-7.594,1,0,0,0.0,0.0,0.0,24,26,8.4,14.73,8.36
00-0022803,Eli Manning,QB,NYG,2015,2,40,27,9.78,2,3.099,2,0,0,0.0,0.0,0.0,23,31,20.0,16.99,21.98
00-0022803,Eli Manning,QB,NYG,2015,3,32,23,16.944,0,7.111,0,0,0,0.0,0.0,0.0,31,34,19.2,13.83,19.16
00-0022803,Eli Manning,QB,NYG,2015,4,35,20,-1.888,1,-9.806,3,0,0,0.0,0.0,0.0,28,27,18.3,16.45,18.28
00-0022803,Eli Manning,QB,NYG,2015,5,54,41,21.854,0,10.586,1,0,0,0.0,0.0,0.0,21,31,28.7,25.28,28.74
00-0022803,Eli Manning,QB,NYG,2015,6,38,24,-14.366,3,-1.473,1,0,0,0.0,0.0,0.0,23,26,8.8,12.35,8.76
00-0022803,Eli Manning,QB,NYG,2015,7,24,13,-0.331,2,-12.386,4,0,0,0.0,0.0,0.0,25,22,6.4,7.44,6.4
00-0022803,Eli Manning,QB,NYG,2015,8,41,30,24.546,3,6.317,0,0,0,0.0,0.0,0.0,21,31,38.0,26.16,38.0
00-0022803,Eli Manning,QB,NYG,2015,9,40,26,0.865,0,2.167,1,0,0,0.0,0.0,0.0,33,38,12.4,21.03,12.42
00-0022803,Eli Manning,QB,NYG,2015,10,44,24,5.858,3,-6.253,1,0,0,0.0,0.0,0.0,23,26,21.4,27.3,23.44
00-0022803,Eli Manning,QB,NYG,2015,12,51,26,-4.806,3,-8.945,0,0,0,0.0,0.0,0.0,13,18,14.8,18.98,15.16
00-0022803,Eli Manning,QB,NYG,2015,13,34,18,3.121,3,-10.584,1,0,0,0.0,0.0,0.0,24,27,14.1,15.94,14.08
00-0022803,Eli Manning,QB,NYG,2015,14,31,27,23.345,0,23.807,3,0,0,0.0,0.0,0.0,31,32,27.3,15.6,27.28
00-0022803,Eli Manning,QB,NYG,2015,15,46,29,0.382,0,-2.228,1,0,0,0.0,0.0,0.0,27,35,24.2,19.25,24.2
00-0022803,Eli Manning,QB,NYG,2015,16,29,15,-23.489,4,-13.335,1,0,0,0.0,0.0,0.0,20,24,7.4,7.65,7.36
00-0022803,Eli Manning,QB,NYG,2015,17,43,24,-4.917,2,-5.678,0,0,0,0.0,0.0,0.0,36,44,18.1,21.03,20.08
00-0022811,Jerricho Cotchery,WR,CAR,2015,1,0,0,0.0,0,,0,6,4,71,0.1935,0.2784,35,26,14.5,12.02,14.5
00-0022811,Jerricho Cotchery,WR,CAR,2015,2,0,0,0.0,0,,0,1,1,-1,0.027,-0.0026,33,19,2.1,1.35,2.1
00-0022811,Jerricho Cotchery,WR,CAR,2015,6,0,0,0.0,0,,0,4,2,33,0.1143,0.0769,33,24,4.1,5.71,4.1
00-0022811,Jerricho Cotchery,WR,CAR,2015,7,0,0,0.0,0,,0,1,1,3,0.0417,0.0144,33,25,2.3,1.35,2.3
00-0022811,Jerricho Cotchery,WR,CAR,2015,8,0,0,0.0,0,,0,3,2,23,0.0857,0.0525,36,26,3.8,4.19,3.8
00-0022811,Jerricho Cotchery,WR,CAR,2015,9,0,0,0.0,0,,0,6,3,55,0.2069,0.1571,36,23,11.2,11.81,11.2
00-0022811,Jerricho Cotchery,WR,CAR,2015,10,0,0,0.0,0,,0,3,2,36,0.12,0.1353,34,22,2.6,4.78,2.6
00-0022811,Jerricho Cotchery,WR,CAR,2015,11,0,0,0.0,0,,0,6,4,74,0.1765,0.2183,39,25,9.7,12.08,9.7
00-0022811,Jerricho Cotchery,WR,CAR,2015,12,0,0,0.0,0,,0,6,5,55,0.2222,0.2895,37,24,12.3,10.21,12.3
00-0022811,Jerricho Cotchery,WR,CAR,2015,13,0,0,0.0,0,,0,3,3,21,0.0732,0.0446,34,25,11.6,6.25,11.6
00-0022811,Jerricho Cotchery,WR,CAR,2015,14,0,0,0.0,0,,0,2,2,6,0.0769,0.0201,32,20,3.0,3.12,3.0
00-0022811,Jerricho Cotchery,WR,CAR,2015,15,0,0,0.0,0,,0,6,4,34,0.1395,0.0634,29,20,8.7,8.76,8.7
00-0022811,Jerricho Cotchery,WR,CAR,2015,16,0,0,0.0,0,,1,5,4,13,0.1786,0.067,20,13,8.0,7.73,8.0
00-0022811,Jerricho Cotchery,WR,CAR,2015,17,0,0,0.0,0,,0,2,2,28,0.0769,0.1089,32,16,13.2,3.72,13.2
00-0022864,Luke McCown,QB,NO,2015,3,38,31,11.727,1,14.579,0,0,0,0.0,0.0,0.0,24,31,10.4,12.12,10.4
00-0022864,Luke McCown,QB,NO,2015,7,1,1,4.266,0,68.902,0,0,0,0.0,0.0,0.0,36,41,1.0,0.43,1.0
00-0022921,Larry Fitzgerald,WR,ARI,2015,1,0,0,0.0,0,,0,8,6,90,0.25,0.2514,25,24,14.7,13.79,14.7
00-0022921,Larry Fitzgerald,WR,ARI,2015,2,0,0,0.0,0,,0,9,8,116,0.3913,0.4479,28,27,37.2,18.21,37.2
00-0022921,Larry Fitzgerald,WR,ARI,2015,3,0,0,0.0,0,,0,11,9,122,0.3548,0.3253,37,37,34.4,24.27,34.4
00-0022921,Larry Fitzgerald,WR,ARI,2015,4,0,0,0.0,0,,0,9,7,97,0.2,0.2407,21,26,14.9,15.03,14.9
00-0022921,Larry Fitzgerald,WR,ARI,2015,5,0,0,0.0,0,,0,7,5,68,0.3889,0.2869,25,21,16.8,16.5,16.8
00-0022921,Larry Fitzgerald,WR,ARI,2015,6,0,0,0.0,0,,0,10,8,57,0.2273,0.1059,20,22,17.3,14.47,17.3
00-0022921,Larry Fitzgerald,WR,ARI,2015,7,0,0,0.0,0,,0,5,3,39,0.1786,0.1696,28,31,6.9,10.18,6.9
00-0022921,Larry Fitzgerald,WR,ARI,2015,8,0,0,0.0,0,,0,11,9,117,0.2973,0.2359,38,36,21.4,16.54,21.4
00-0022921,Larry Fitzgerald,WR,ARI,2015,10,0,0,0.0,0,,0,14,10,130,0.3111,0.2481,33,34,23.0,21.97,23.0
00-0022921,Larry Fitzgerald,WR,ARI,2015,11,0,0,0.0,0,,0,13,8,90,0.4333,0.2695,25,26,17.0,20.54,17.0
00-0022921,Larry Fitzgerald,WR,ARI,2015,12,0,0,0.0,0,,0,14,10,94,0.35,0.2254,29,31,16.6,22.1,16.6
00-0022921,Larry Fitzgerald,WR,ARI,2015,13,0,0,0.0,0,,0,11,8,57,0.275,0.1394,36,35,13.5,15.75,13.5
00-0022921,Larry Fitzgerald,WR,ARI,2015,14,0,0,0.0,0,,0,6,5,36,0.1714,0.1125,29,32,9.1,9.85,9.1
00-0022921,Larry Fitzgerald,WR,ARI,2015,15,0,0,0.0,0,,0,5,3,48,0.1562,0.095,39,42,7.3,8.43,7.3
00-0022921,Larry Fitzgerald,WR,ARI,2015,16,0,0,0.0,0,,0,5,4,20,0.1852,0.0917,26,29,12.9,10.84,12.9
00-0022921,Larry Fitzgerald,WR,ARI,2015,17,0,0,0.0,0,,0,7,6,57,0.1628,0.1236,13,17,17.5,10.41,17.5
00-0022924,Ben Roethlisberger,QB,PIT,2015,1,38,26,17.667,2,10.027,0,0,0,0.0,0.0,0.0,25,26,18.0,17.6,18.04
00-0022924,Ben Roethlisberger,QB,PIT,2015,2,27,21,25.573,0,18.954,1,0,0,0.0,0.0,0.0,25,25,30.7,19.6,30.66
00-0022924,Ben Roethlisberger,QB,PIT,2015,3,24,20,6.918,3,14.025,0,0,0,0.0,0.0,0.0,22,27,5.7,15.68,5.68
00-0022924,Ben Roethlisberger,QB,PIT,2015,8,45,28,-12.73,3,-2.295,0,0,0,0.0,0.0,0.0,19,25,8.5,21.08,8.48
00-0022924,Ben Roethlisberger,QB,PIT,2015,9,44,24,3.665,1,-7.542,0,0,0,0.0,0.0,0.0,30,30,21.4,20.64,21.36
00-0022924,Ben Roethlisberger,QB,PIT,2015,10,33,22,13.597,1,6.823,2,0,0,0.0,0.0,0.0,21,20,27.0,20.58,26.96
00-0022924,Ben Roethlisberger,QB,PIT,2015,12,55,36,9.851,2,4.442,5,0,0,0.0,0.0,0.0,14,17,22.0,29.58,22.04
00-0022924,Ben Roethlisberger,QB,PIT,2015,13,39,24,19.276,0,8.217,1,0,0,0.0,0.0,0.0,32,35,33.9,32.09,31.86
00-0022924,Ben Roethlisberger,QB,PIT,2015,14,39,30,9.69,2,11.886,1,0,0,0.0,0.0,0.0,28,25,9.9,16.88,9.88
00-0022924,Ben Roethlisberger,QB,PIT,2015,15,55,40,1.733,3,9.125,3,0,0,0.0,0.0,0.0,17,19,22.9,21.57,22.9
00-0022924,Ben Roethlisberger,QB,PIT,2015,16,34,24,-6.09,3,4.697,0,0,0,0.0,0.0,0.0,20,25,4.5,11.79,5.2
00-0022924,Ben Roethlisberger,QB,PIT,2015,17,36,24,11.599,0,9.858,2,0,0,0.0,0.0,0.0,19,19,23.8,23.82,23.76
00-0022942,Philip Rivers,QB,LAC,2015,1,41,34,12.409,2,14.007,2,0,0,0.0,0.0,0.0,31,36,19.9,13.86,19.92
00-0022942,Philip Rivers,QB,LAC,2015,2,27,21,2.299,4,12.266,1,0,0,0.0,0.0,0.0,25,31,14.1,9.98,16.14
00-0022942,Philip Rivers,QB,LAC,2015,3,34,21,-12.113,4,0.554,0,0,0,0.0,0.0,0.0,28,30,9.8,9.51,11.84
00-0022942,Philip Rivers,QB,LAC,2015,4,38,23,13.024,2,-5.389,1,0,0,0.0,0.0,0.0,21,26,26.2,14.63,26.22
00-0022942,Philip Rivers,QB,LAC,2015,5,48,35,3.457,2,5.034,0,0,0,0.0,0.0,0.0,19,31,20.6,18.06,20.6
00-0022942,Philip Rivers,QB,LAC,2015,6,65,43,19.91,3,8.43,0,0,0,0.0,0.0,0.0,21,30,28.1,30.45,28.12
00-0022942,Philip Rivers,QB,LAC,2015,7,58,38,-0.248,1,0.387,0,0,0,0.0,0.0,0.0,21,38,25.4,22.17,25.44
00-0022942,Philip Rivers,QB,LAC,2015,8,37,28,16.813,1,13.878,1,0,0,0.0,0.0,0.0,26,34,24.0,12.32,24.04
00-0022942,Philip Rivers,QB,LAC,2015,9,42,26,3.868,2,-4.078,0,0,0,0.0,0.0,0.0,19,28,15.2,16.2,15.2
00-0022942,Philip Rivers,QB,LAC,2015,11,30,19,-9.841,3,-1.861,4,0,0,0.0,0.0,0.0,25,23,5.9,10.8,5.92
00-0022942,Philip Rivers,QB,LAC,2015,12,43,29,11.915,2,5.875,5,0,0,0.0,0.0,0.0,26,32,28.9,26.93,28.9
00-0022942,Philip Rivers,QB,LAC,2015,13,35,18,-11.937,4,-8.691,0,0,0,0.0,0.0,0.0,23,27,6.1,9.23,6.08
00-0022942,Philip Rivers,QB,LAC,2015,14,43,24,0.326,5,-4.675,1,0,0,0.0,0.0,0.0,18,24,8.9,12.76,8.92
00-0022942,Philip Rivers,QB,LAC,2015,15,36,26,17.057,1,12.53,0,0,0,0.0,0.0,0.0,36,44,20.4,19.13,20.44
00-0022942,Philip Rivers,QB,LAC,2015,16,49,31,6.564,1,-2.423,0,0,0,0.0,0.0,0.0,25,36,15.1,17.19,15.08
00-0022942,Philip Rivers,QB,LAC,2015,17,35,21,-6.42,3,-3.379,2,0,0,0.0,0.0,0.0,29,36,15.6,10.12,15.62
00-0022943,Benjamin Watson,TE,NO,2015,1,0,0,0.0,0,,0,5,3,11,0.1042,0.0472,20,30,4.9,6.61,4.9
00-0022943,Benjamin Watson,TE,NO,2015,2,0,0,0.0,0,,0,4,2,48,0.1053,0.1253,27,29,3.2,6.0,3.2
00-0022943,Benjamin Watson,TE,NO,2015,3,0,0,0.0,0,,0,4,4,31,0.1053,0.1148,24,31,6.2,6.13,6.2
00-0022943,Benjamin Watson,TE,NO,2015,4,0,0,0.0,0,,0,3,3,19,0.0732,0.1086,25,38,6.0,5.32,6.0
00-0022943,Benjamin Watson,TE,NO,2015,5,0,0,0.0,0,,0,5,3,37,0.1163,0.0869,21,27,12.6,9.43,12.6
00-0022943,Benjamin Watson,TE,NO,2015,6,0,0,0.0,0,,0,12,10,119,0.3077,0.5336,32,39,28.7,23.45,28.7
00-0022943,Benjamin Watson,TE,NO,2015,7,0,0,0.0,0,,0,5,4,48,0.1136,0.1375,36,41,9.9,8.9,9.9
00-0022943,Benjamin Watson,TE,NO,2015,8,0,0,0.0,0,,0,10,9,130,0.2,0.2968,26,32,29.7,18.54,29.7
00-0022943,Benjamin Watson,TE,NO,2015,9,0,0,0.0,0,,0,5,5,45,0.1282,0.1095,27,29,11.0,8.45,11.0
00-0022943,Benjamin Watson,TE,NO,2015,10,0,0,0.0,0,,0,5,3,43,0.1786,0.2216,25,29,4.9,7.94,4.9
00-0022943,Benjamin Watson,TE,NO,2015,12,0,0,0.0,0,,0,9,4,77,0.2093,0.2683,10,18,9.3,15.03,9.3
00-0022943,Benjamin Watson,TE,NO,2015,13,0,0,0.0,0,,0,8,4,96,0.1951,0.2567,14,18,13.8,13.34,13.8
00-0022943,Benjamin Watson,TE,NO,2015,14,0,0,0.0,0,,0,11,7,82,0.2683,0.2898,35,36,14.0,17.22,14.0
00-0022943,Benjamin Watson,TE,NO,2015,15,0,0,0.0,0,,0,12,6,69,0.2308,0.1742,18,21,16.9,25.96,16.9
00-0022943,Benjamin Watson,TE,NO,2015,16,0,0,0.0,0,,0,2,1,9,0.0571,0.0238,35,34,1.5,3.3,1.5
00-0022943,Benjamin Watson,TE,NO,2015,17,0,0,0.0,0,,0,10,6,121,0.2326,0.3119,22,30,17.9,20.09,17.9
00-0023310,Lance Moore,WR,DET,2015,1,0,0,0.0,0,,0,2,1,50,0.0714,0.2463,16,23,3.2,4.78,3.2
00-0023310,Lance Moore,WR,DET,2015,2,0,0,0.0,0,,0,6,3,34,0.1154,0.1056,16,19,2.4,9.07,2.4
00-0023310,Lance Moore,WR,DET,2015,3,0,0,0.0,0,,0,3,2,27,0.0667,0.1244,19,29,3.0,4.59,3.0
00-0023310,Lance Moore,WR,DET,2015,4,0,0,0.0,0,,0,3,2,25,0.0857,0.1029,18,24,4.1,4.13,4.1
00-0023310,Lance Moore,WR,DET,2015,5,0,0,0.0,0,,0,8,6,65,0.1176,0.1257,18,28,17.5,13.1,17.5
00-0023310,Lance Moore,WR,DET,2015,6,0,0,0.0,0,,0,6,5,82,0.15,0.2234,32,30,21.6,11.62,21.6
00-0023310,Lance Moore,WR,DET,2015,7,0,0,0.0,0,,0,1,0,17,0.0385,0.0813,17,20,0.0,1.48,0.0
00-0023310,Lance Moore,WR,DET,2015,8,0,0,0.0,0,,0,3,3,26,0.0789,0.0952,14,19,11.9,5.17,11.9
00-0023310,Lance Moore,WR,DET,2015,10,0,0,0.0,0,,0,6,3,44,0.1579,0.2178,26,28,11.9,12.45,11.9
00-0023310,Lance Moore,WR,DET,2015,11,0,0,0.0,0,,0,2,1,25,0.0588,0.1,31,31,3.1,3.33,3.1
00-0023310,Lance Moore,WR,DET,2015,12,0,0,0.0,0,,0,1,1,13,0.0263,0.0458,30,36,2.4,1.72,2.4
00-0023310,Lance Moore,WR,DET,2015,15,0,0,0.0,0,,0,1,1,10,0.04,0.1205,23,25,2.0,1.76,2.0
00-0023310,Lance Moore,WR,DET,2015,16,0,0,0.0,0,,0,1,1,3,0.027,0.0146,28,35,1.6,1.32,1.6
00-0023367,Nate Washington,WR,HOU,2015,1,0,0,0.0,0,,0,11,6,123,0.2391,0.2536,21,23,16.5,16.87,16.5
00-0023367,Nate Washington,WR,HOU,2015,2,0,0,0.0,0,,0,8,3,120,0.1404,0.2655,23,30,9.3,12.08,9.3
00-0023367,Nate Washington,WR,HOU,2015,3,0,0,0.0,0,,0,9,4,81,0.2308,0.247,46,46,8.2,15.1,8.2
00-0023367,Nate Washington,WR,HOU,2015,7,0,0,0.0,0,,0,16,9,119,0.3265,0.3296,25,32,33.7,26.53,33.7
00-0023367,Nate Washington,WR,HOU,2015,8,0,0,0.0,0,,0,6,4,77,0.1765,0.2895,23,30,17.4,10.12,17.4
00-0023367,Nate Washington,WR,HOU,2015,10,0,0,0.0,0,,0,5,2,58,0.1515,0.162,25,24,5.2,8.49,5.2
00-0023367,Nate Washington,WR,HOU,2015,11,0,0,0.0,0,,0,6,2,51,0.1765,0.1285,37,35,3.3,10.21,3.3
00-0023367,Nate Washington,WR,HOU,2015,12,0,0,0.0,0,,0,4,3,31,0.1481,0.1771,38,36,7.3,6.79,7.3
00-0023367,Nate Washington,WR,HOU,2015,13,0,0,0.0,0,,0,11,6,175,0.2558,0.3452,26,26,10.4,15.68,10.4
00-0023367,Nate Washington,WR,HOU,2015,14,0,0,0.0,0,,0,4,1,87,0.1667,0.29,22,23,5.9,7.38,5.9
00-0023367,Nate Washington,WR,HOU,2015,15,0,0,0.0,0,,0,6,3,54,0.2222,0.2318,37,32,4.8,9.18,4.8
00-0023367,Nate Washington,WR,HOU,2015,16,0,0,0.0,0,,0,5,3,67,0.1923,0.2351,42,36,13.2,8.23,13.2
00-0023367,Nate Washington,WR,HOU,2015,17,0,0,0.0,0,,0,3,1,24,0.0732,0.0816,31,37,1.6,5.17,1.6
00-0023436,Alex Smith,QB,KC,2015,1,33,22,5.953,2,1.3,9,0,0,0.0,0.0,0.0,32,28,23.2,18.58,23.22
00-0023436,Alex Smith,QB,KC,2015,2,25,16,-8.268,4,-6.368,3,0,0,0.0,0.0,0.0,28,28,5.1,12.98,5.14
00-0023436,Alex Smith,QB,KC,2015,3,40,24,-0.034,7,-9.532,6,0,0,0.0,0.0,0.0,18,16,18.9,20.2,18.9
00-0023436,Alex Smith,QB,KC,2015,4,45,31,8.239,5,5.687,5,0,0,0.0,0.0,0.0,23,23,17.9,18.69,17.94
00-0023436,Alex Smith,QB,KC,2015,5,30,16,-4.1,3,-14.737,3,0,0,0.0,0.0,0.0,25,23,13.3,12.97,13.34
00-0023436,Alex Smith,QB,KC,2015,6,37,22,6.052,2,-5.149,2,0,0,0.0,0.0,0.0,18,16,16.3,11.52,16.28
00-0023436,Alex Smith,QB,KC,2015,7,32,21,6.785,2,3.448,3,0,0,0.0,0.0,0.0,29,27,14.5,12.82,14.54
00-0023436,Alex Smith,QB,KC,2015,8,26,18,3.43,3,-4.58,5,0,0,0.0,0.0,0.0,32,30,27.6,17.31,27.6
00-0023436,Alex Smith,QB,KC,2015,10,31,17,-3.431,2,-8.379,6,0,0,0.0,0.0,0.0,32,29,15.5,15.2,15.46
00-0023436,Alex Smith,QB,KC,2015,11,25,20,4.191,3,11.998,7,0,0,0.0,0.0,0.0,31,25,13.4,15.06,13.42
00-0023436,Alex Smith,QB,KC,2015,12,30,19,7.711,1,6.501,6,0,0,0.0,0.0,0.0,27,23,21.7,16.56,21.7
00-0023436,Alex Smith,QB,KC,2015,13,22,16,5.181,4,0.472,5,0,0,0.0,0.0,0.0,22,20,24.8,14.91,24.78
00-0023436,Alex Smith,QB,KC,2015,14,23,15,3.786,2,4.337,5,0,0,0.0,0.0,0.0,25,19,13.6,11.4,13.64
00-0023436,Alex Smith,QB,KC,2015,15,25,21,4.563,3,13.311,4,0,0,0.0,0.0,0.0,28,23,12.5,12.24,12.54
00-0023436,Alex Smith,QB,KC,2015,16,22,15,-1.774,1,5.974,6,0,0,0.0,0.0,0.0,27,20,16.4,14.73,16.4
00-0023436,Alex Smith,QB,KC,2015,17,24,14,-6.799,1,0.458,9,0,0,0.0,0.0,0.0,39,30,16.3,16.55,16.34
00-0023459,Aaron Rodgers,QB,GB,2015,1,23,18,13.39,0,19.941,8,0,0,0.0,0.0,0.0,30,23,23.1,19.03,23.06
00-0023459,Aaron Rodgers,QB,GB,2015,2,33,25,10.531,2,16.86,6,0,0,0.0,0.0,0.0,29,27,22.3,24.65,22.26
00-0023459,Aaron Rodgers,QB,GB,2015,3,35,24,15.959,1,4.08,2,0,0,0.0,0.0,0.0,32,33,34.9,22.42,34.92
00-0023459,Aaron Rodgers,QB,GB,2015,4,32,22,4.873,3,4.422,3,0,0,0.0,0.0,0.0,33,30,16.3,16.72,16.26
00-0023459,Aaron Rodgers,QB,GB,2015,5,30,19,-5.977,2,-8.106,8,0,0,0.0,0.0,0.0,27,22,15.5,14.53,17.54
00-0023459,Aaron Rodgers,QB,GB,2015,6,29,16,4.666,3,-3.778,2,0,0,0.0,0.0,0.0,17,17,19.6,20.59,19.6
00-0023459,Aaron Rodgers,QB,GB,2015,8,22,14,-11.705,3,-2.212,2,0,0,0.0,0.0,0.0,21,21,6.2,7.23,6.18
00-0023459,Aaron Rodgers,QB,GB,2015,9,48,25,4.231,5,-6.303,4,0,0,0.0,0.0,0.0,19,21,33.0,22.58,31.44
00-0023459,Aaron Rodgers,QB,GB,2015,10,61,35,1.559,3,-6.45,2,0,0,0.0,0.0,0.0,18,21,22.1,26.05,22.12
00-0023459,Aaron Rodgers,QB,GB,2015,11,34,16,8.582,2,-10.334,3,0,0,0.0,0.0,0.0,34,32,19.1,18.1,19.08
00-0023459,Aaron Rodgers,QB,GB,2015,12,43,22,-14.375,2,-14.5,4,0,0,0.0,0.0,0.0,28,32,13.4,19.88,13.38
00-0023459,Aaron Rodgers,QB,GB,2015,13,36,24,1.61,3,7.395,4,0,0,0.0,0.0,0.0,24,25,25.6,15.21,26.26
00-0023459,Aaron Rodgers,QB,GB,2015,14,35,22,4.518,2,-1.122,3,0,0,0.0,0.0,0.0,44,40,19.4,21.52,19.42
00-0023459,Aaron Rodgers,QB,GB,2015,15,39,22,-4.242,2,-0.819,1,0,0,0.0,0.0,0.0,28,21,10.1,24.56,10.06
00-0023459,Aaron Rodgers,QB,GB,2015,16,28,15,-26.479,8,-6.11,3,0,0,0.0,0.0,0.0,26,20,7.9,17.47,11.94
00-0023459,Aaron Rodgers,QB,GB,2015,17,44,28,-12.623,5,4.184,3,0,0,0.0,0.0,0.0,26,26,12.8,16.43,14.84
00-0023462,Roddy White,WR,ATL,2015,1,0,0,0.0,0,,0,8,4,84,0.2353,0.2847,35,33,12.4,16.68,12.4
00-0023462,Roddy White,WR,ATL,2015,2,0,0,0.0,0,,0,1,0,3,0.0217,0.011,22,27,0.0,1.38,0.0
00-0023462,Roddy White,WR,ATL,2015,4,0,0,0.0,0,,0,4,2,13,0.1481,0.0977,35,39,2.8,5.69,2.8
00-0023462,Roddy White,WR,ATL,2015,5,0,0,0.0,0,,0,4,2,38,0.0952,0.0918,32,36,4.3,7.24,4.3
00-0023462,Roddy White,WR,ATL,2015,6,0,0,0.0,0,,0,4,3,39,0.093,0.1242,21,28,11.3,8.85,11.3
00-0023462,Roddy White,WR,ATL,2015,7,0,0,0.0,0,,0,4,3,56,0.1053,0.186,31,32,7.8,7.18,7.8
00-0023462,Roddy White,WR,ATL,2015,8,0,0,0.0,0,,0,3,2,16,0.0667,0.0593,27,33,4.4,6.37,4.4
00-0023462,Roddy White,WR,ATL,2015,9,0,0,0.0,0,,0,2,1,37,0.0444,0.1182,14,21,3.0,3.47,3.0
00-0023462,Roddy White,WR,ATL,2015,11,0,0,0.0,0,,0,9,4,49,0.1957,0.1008,24,28,6.4,16.79,6.4
00-0023462,Roddy White,WR,ATL,2015,12,0,0,0.0,0,,0,8,6,83,0.2581,0.2757,24,24,12.0,13.26,12.0
00-0023462,Roddy White,WR,ATL,2015,13,0,0,0.0,0,,0,4,3,36,0.0909,0.1104,18,30,6.3,6.91,6.3
00-0023462,Roddy White,WR,ATL,2015,14,0,0,0.0,0,,0,5,4,50,0.122,0.1901,16,20,7.5,8.83,7.5
00-0023462,Roddy White,WR,ATL,2015,15,0,0,0.0,0,,0,4,3,67,0.1143,0.2803,33,36,7.7,6.51,7.7
00-0023462,Roddy White,WR,ATL,2015,16,0,0,0.0,0,,0,6,5,66,0.2069,0.2661,30,27,11.7,10.42,11.7
00-0023462,Roddy White,WR,ATL,2015,17,0,0,0.0,0,,0,4,1,67,0.1111,0.1909,26,29,2.0,7.54,2.0
00-0023465,Heath Miller,TE,PIT,2015,1,0,0,0.0,0,,0,11,8,74,0.2895,0.1663,25,26,16.4,20.74,16.4
00-0023465,Heath Miller,TE,PIT,2015,2,0,0,0.0,0,,0,2,2,15,0.0741,0.043,25,25,11.5,7.45,11.5
00-0023465,Heath Miller,TE,PIT,2015,3,0,0,0.0,0,,0,3,2,18,0.1,0.1011,22,27,3.7,9.09,3.7
00-0023465,Heath Miller,TE,PIT,2015,4,0,0,0.0,0,,0,2,1,4,0.0769,0.0225,33,31,1.1,2.53,1.1
00-0023465,Heath Miller,TE,PIT,2015,5,0,0,0.0,0,,0,3,3,29,0.125,0.0895,27,30,7.6,5.23,7.6
00-0023465,Heath Miller,TE,PIT,2015,6,0,0,0.0,0,,0,1,1,2,0.05,0.0091,32,25,1.5,1.37,1.5
00-0023465,Heath Miller,TE,PIT,2015,7,0,0,0.0,0,,0,2,0,8,0.0714,0.028,24,26,0.0,2.77,0.0
00-0023465,Heath Miller,TE,PIT,2015,8,0,0,0.0,0,,0,13,10,73,0.2889,0.1597,19,25,20.5,22.65,20.5
00-0023465,Heath Miller,TE,PIT,2015,9,0,0,0.0,0,,0,6,3,57,0.12,0.1129,30,30,6.2,9.83,6.2
00-0023465,Heath Miller,TE,PIT,2015,10,0,0,0.0,0,,0,7,4,41,0.1892,0.1175,21,20,8.0,13.71,8.0
00-0023465,Heath Miller,TE,PIT,2015,12,0,0,0.0,0,,0,6,5,32,0.1034,0.0476,14,17,9.5,8.96,9.5
00-0023465,Heath Miller,TE,PIT,2015,14,0,0,0.0,0,,1,10,10,28,0.2632,0.0989,28,25,16.8,15.56,16.8
00-0023465,Heath Miller,TE,PIT,2015,15,0,0,0.0,0,,0,5,3,20,0.0926,0.0495,17,19,4.2,7.01,4.2
00-0023465,Heath Miller,TE,PIT,2015,16,0,0,0.0,0,,0,6,5,43,0.1765,0.1419,20,25,9.9,9.92,7.9
00-0023465,Heath Miller,TE,PIT,2015,17,0,0,0.0,0,,0,4,3,21,0.1111,0.0485,19,19,10.8,8.69,10.8
00-0023496,Vincent Jackson,WR,TB,2015,1,0,0,0.0,0,,0,11,4,132,0.3333,0.5097,26,23,9.1,22.02,9.1
00-0023496,Vincent Jackson,WR,TB,2015,2,0,0,0.0,0,,0,5,3,56,0.2381,0.2718,35,35,14.4,11.13,14.4
00-0023496,Vincent Jackson,WR,TB,2015,3,0,0,0.0,0,,0,4,2,60,0.1176,0.1342,20,22,6.0,5.18,6.0
00-0023496,Vincent Jackson,WR,TB,2015,4,0,0,0.0,0,,0,15,10,180,0.3659,0.6061,30,34,30.7,23.13,30.7
00-0023496,Vincent Jackson,WR,TB,2015,5,0,0,0.0,0,,0,3,1,40,0.1667,0.2299,40,43,4.4,6.25,4.4
00-0023496,Vincent Jackson,WR,TB,2015,7,0,0,0.0,0,,0,2,1,27,0.069,0.1055,30,35,2.3,3.42,2.3
00-0023496,Vincent Jackson,WR,TB,2015,11,0,0,0.0,0,,0,6,4,64,0.2143,0.2207,42,41,15.6,12.24,15.6
00-0023496,Vincent Jackson,WR,TB,2015,12,0,0,0.0,0,,0,10,4,193,0.2778,0.3979,21,22,11.6,16.27,11.6
00-0023496,Vincent Jackson,WR,TB,2015,13,0,0,0.0,0,,0,5,3,74,0.1852,0.2972,37,35,11.7,9.16,11.7
00-0023496,Vincent Jackson,WR,TB,2015,14,0,0,0.0,0,,0,1,1,5,0.0323,0.0177,19,23,1.5,1.48,1.5
00-0023500,Frank Gore,RB,IND,2015,1,0,0,0.0,0,,8,3,2,-2,0.0612,-0.0044,17,14,5.1,7.5,5.1
00-0023500,Frank Gore,RB,IND,2015,2,0,0,0.0,0,,15,1,1,-1,0.0286,-0.0025,24,26,5.1,14.66,5.1
00-0023500,Frank Gore,RB,IND,2015,3,0,0,0.0,0,,14,2,1,-4,0.0667,-0.0134,23,17,22.4,16.26,22.4
00-0023500,Frank Gore,RB,IND,2015,4,0,0,0.0,0,,17,7,5,-3,0.1489,-0.0075,24,25,11.7,21.3,11.7
00-0023500,Frank Gore,RB,IND,2015,5,0,0,0.0,0,,22,0,0,0.0,0.0,0.0,30,28,15.8,13.9,15.8
00-0023500,Frank Gore,RB,IND,2015,6,0,0,0.0,0,,13,3,2,1,0.0625,0.0022,22,20,11.4,10.37,11.4
00-0023500,Frank Gore,RB,IND,2015,7,0,0,0.0,0,,9,8,5,8,0.186,0.0204,13,16,12.5,15.22,12.5
00-0023500,Frank Gore,RB,IND,2015,8,0,0,0.0,0,,22,3,3,6,0.0667,0.0106,35,32,12.2,13.81,12.2
00-0023500,Frank Gore,RB,IND,2015,9,0,0,0.0,0,,28,3,1,1,0.0857,0.0039,40,36,17.2,16.38,17.2
00-0023500,Frank Gore,RB,IND,2015,11,0,0,0.0,0,,14,5,5,-9,0.1562,-0.0484,27,32,11.0,13.95,11.0
00-0023500,Frank Gore,RB,IND,2015,12,0,0,0.0,0,,19,3,2,-6,0.0769,-0.02,26,28,5.7,13.29,5.7
00-0023500,Frank Gore,RB,IND,2015,13,0,0,0.0,0,,13,5,3,1,0.1471,0.0047,18,23,18.4,17.02,18.4
00-0023500,Frank Gore,RB,IND,2015,14,0,0,0.0,0,,16,5,1,-4,0.1163,-0.0108,23,28,6.9,17.3,6.9
00-0023500,Frank Gore,RB,IND,2015,15,0,0,0.0,0,,16,2,1,-6,0.069,-0.0217,19,19,6.9,10.36,6.9
00-0023500,Frank Gore,RB,IND,2015,16,0,0,0.0,0,,15,4,2,-1,0.1379,-0.0052,23,23,23.5,12.42,23.5
00-0023500,Frank Gore,RB,IND,2015,17,0,0,0.0,0,,19,4,0,6,0.1081,0.0211,32,23,7.6,14.21,7.6
00-0023506,Alex Smith,TE,WAS,2015,16,0,0,0.0,0,,0,1,0,0.0,0.0217,0.0,26,29,0.0,1.68,0.0
00-0023506,Alex Smith,TE,WAS,2015,17,0,0,0.0,0,,0,1,0,7,0.0385,0.0372,36,34,0.0,1.66,0.0
00-0023564,Darren Sproles,RB,PHI,2015,1,0,0,0.0,0,,5,9,7,36,0.1731,0.1281,16,30,19.6,16.38,19.6
00-0023564,Darren Sproles,RB,PHI,2015,2,0,0,0.0,0,,1,4,4,-9,0.1081,-0.0423,17,24,5.9,7.02,5.9
00-0023564,Darren Sproles,RB,PHI,2015,3,0,0,0.0,0,,11,6,4,16,0.2143,0.097,38,41,19.6,17.45,13.6
00-0023564,Darren Sproles,RB,PHI,2015,4,0,0,0.0,0,,4,3,0,10,0.1071,0.0265,18,19,1.7,6.1,1.7
00-0023564,Darren Sproles,RB,PHI,2015,5,0,0,0.0,0,,5,2,1,12,0.0444,0.0336,34,44,4.7,5.36,4.7
00-0023564,Darren Sproles,RB,PHI,2015,6,0,0,0.0,0,,2,2,1,7,0.0541,0.0182,37,37,1.7,3.61,1.7
00-0023564,Darren Sproles,RB,PHI,2015,7,0,0,0.0,0,,3,10,5,15,0.2174,0.0691,30,37,9.0,15.12,9.0
00-0023564,Darren Sproles,RB,PHI,2015,9,0,0,0.0,0,,5,3,2,5,0.0833,0.0286,35,42,4.6,6.57,4.6
00-0023564,Darren Sproles,RB,PHI,2015,10,0,0,0.0,0,,3,6,5,14,0.125,0.0458,35,45,8.4,8.88,8.4
00-0023564,Darren Sproles,RB,PHI,2015,11,0,0,0.0,0,,6,7,3,-1,0.1707,-0.0053,28,33,14.9,12.35,14.9
00-0023564,Darren Sproles,RB,PHI,2015,12,0,0,0.0,0,,2,6,4,-9,0.2222,-0.0437,25,28,6.5,9.71,6.5
00-0023564,Darren Sproles,RB,PHI,2015,13,0,0,0.0,0,,15,6,4,14,0.25,0.1061,33,38,20.0,15.12,14.0
00-0023564,Darren Sproles,RB,PHI,2015,14,0,0,0.0,0,,7,3,2,2,0.0811,0.0054,34,37,12.5,10.3,12.5
00-0023564,Darren Sproles,RB,PHI,2015,15,0,0,0.0,0,,6,4,3,12,0.0976,0.0358,20,23,5.5,8.64,5.5
00-0023564,Darren Sproles,RB,PHI,2015,16,0,0,0.0,0,,5,9,7,-1,0.1636,-0.003,16,27,13.5,15.21,13.5
00-0023564,Darren Sproles,RB,PHI,2015,17,0,0,0.0,0,,3,3,3,-4,0.0789,-0.0194,26,33,13.4,7.04,13.4
00-0023578,Dan Orlovsky,QB,DET,2015,5,38,21,-0.2,0,-10.477,0,0,0,0.0,0.0,0.0,18,28,9.6,12.06,9.64
00-0023578,Dan Orlovsky,QB,DET,2015,8,2,1,0.303,0,-28.968,0,0,0,0.0,0.0,0.0,14,19,0.4,0.45,0.4
00-0023645,Derek Anderson,QB,CAR,2015,11,0,0,0.0,0,,2,0,0,0.0,0.0,0.0,39,25,0.2,0.24,0.2
00-0023645,Derek Anderson,QB,CAR,2015,14,6,4,-0.004,0,12.363,3,0,0,0.0,0.0,0.0,32,20,1.2,2.2,1.24
00-0023645,Derek Anderson,QB,CAR,2015,17,0,0,0.0,0,,2,0,0,0.0,0.0,0.0,32,16,-0.2,-0.2,-0.2
00-0023662,Matt Cassel,QB,DAL,2015,7,27,17,-8.127,1,2.811,1,0,0,0.0,0.0,0.0,41,39,7.5,11.35,7.48
00-0023662,Matt Cassel,QB,DAL,2015,8,25,13,-7.788,1,-19.709,4,0,0,0.0,0.0,0.0,30,31,8.2,9.36,8.18
00-0023662,Matt Cassel,QB,DAL,2015,9,38,25,1.125,4,0.039,2,0,0,0.0,0.0,0.0,29,28,23.7,15.83,23.66
00-0023662,Matt Cassel,QB,DAL,2015,10,29,19,-1.146,3,5.544,1,0,0,0.0,0.0,0.0,21,23,5.6,11.6,5.64
00-0023662,Matt Cassel,QB,DAL,2015,12,19,13,4.969,1,8.462,2,0,0,0.0,0.0,0.0,14,18,10.6,11.94,10.62
00-0023662,Matt Cassel,QB,DAL,2015,13,29,16,4.107,1,-8.621,2,0,0,0.0,0.0,0.0,24,23,8.6,13.09,8.62
00-0023662,Matt Cassel,QB,DAL,2015,14,29,13,-18.249,2,-13.255,3,0,0,0.0,0.0,0.0,20,16,3.2,12.7,3.16
00-0023662,Matt Cassel,QB,DAL,2015,15,8,3,-11.565,1,-24.093,0,0,0,0.0,0.0,0.0,21,21,-0.5,4.15,-0.52
00-0023682,Ryan Fitzpatrick,QB,NYJ,2015,1,24,15,10.326,0,3.724,2,0,0,0.0,0.0,0.0,36,35,13.1,12.35,13.06
00-0023682,Ryan Fitzpatrick,QB,NYJ,2015,2,34,22,5.469,1,3.947,1,0,0,0.0,0.0,0.0,27,32,16.4,18.61,16.36
00-0023682,Ryan Fitzpatrick,QB,NYJ,2015,3,58,35,-13.069,1,-1.792,4,0,0,0.0,0.0,0.0,16,21,14.6,24.46,14.62
00-0023682,Ryan Fitzpatrick,QB,NYJ,2015,4,29,16,7.087,0,-6.475,9,0,0,0.0,0.0,0.0,43,37,14.1,18.49,14.12
00-0023682,Ryan Fitzpatrick,QB,NYJ,2015,6,26,19,12.422,0,8.803,4,0,0,0.0,0.0,0.0,41,43,25.2,11.05,25.22
00-0023682,Ryan Fitzpatrick,QB,NYJ,2015,7,39,22,11.03,2,-4.758,5,0,0,0.0,0.0,0.0,29,27,20.7,26.84,22.7
00-0023682,Ryan Fitzpatrick,QB,NYJ,2015,8,5,4,3.424,0,16.116,1,0,0,0.0,0.0,0.0,21,22,3.0,1.82,3.04
00-0023682,Ryan Fitzpatrick,QB,NYJ,2015,9,34,21,8.379,2,0.16,4,0,0,0.0,0.0,0.0,28,28,18.9,15.89,18.88
00-0023682,Ryan Fitzpatrick,QB,NYJ,2015,10,34,15,-7.67,1,-14.302,3,0,0,0.0,0.0,0.0,24,23,14.7,16.32,14.72
00-0023682,Ryan Fitzpatrick,QB,NYJ,2015,11,39,19,-10.249,3,-11.848,5,0,0,0.0,0.0,0.0,21,23,15.8,17.79,15.84
00-0023682,Ryan Fitzpatrick,QB,NYJ,2015,12,37,22,14.528,1,1.905,5,0,0,0.0,0.0,0.0,34,33,29.2,26.2,29.18
00-0023682,Ryan Fitzpatrick,QB,NYJ,2015,13,50,36,14.046,3,6.977,5,0,0,0.0,0.0,0.0,24,32,25.8,25.71,25.8
00-0023682,Ryan Fitzpatrick,QB,NYJ,2015,14,36,21,10.913,1,-5.653,3,0,0,0.0,0.0,0.0,34,37,24.8,20.74,24.82
00-0023682,Ryan Fitzpatrick,QB,NYJ,2015,15,39,26,7.447,2,1.994,5,0,0,0.0,0.0,0.0,26,30,15.3,19.92,15.26
00-0023682,Ryan Fitzpatrick,QB,NYJ,2015,16,41,26,4.203,1,6.388,2,0,0,0.0,0.0,0.0,27,34,23.1,21.67,25.14
00-0023682,Ryan Fitzpatrick,QB,NYJ,2015,17,37,16,-5.777,1,-14.358,2,0,0,0.0,0.0,0.0,17,17,10.4,15.55,10.44
00-0023752,Daniel Fells,TE,NYG,2015,1,0,0,0.0,0,,0,4,3,12,0.1212,0.0632,24,26,6.3,5.74,6.3
00-0023752,Daniel Fells,TE,NYG,2015,3,0,0,0.0,0,,0,3,3,13,0.0938,0.052,31,34,5.7,4.63,5.7
00-0023921,Miles Austin,WR,PHI,2015,1,0,0,0.0,0,,0,3,2,41,0.0577,0.1459,16,30,4.2,4.49,4.2
00-0023921,Miles Austin,WR,PHI,2015,2,0,0,0.0,0,,0,1,0,25,0.027,0.1174,17,24,0.0,1.39,0.0
00-0023921,Miles Austin,WR,PHI,2015,3,0,0,0.0,0,,0,4,0,28,0.1429,0.1697,38,41,0.0,6.37,0.0
00-0023921,Miles Austin,WR,PHI,2015,4,0,0,0.0,0,,0,3,2,75,0.1071,0.1984,18,19,13.1,5.48,13.1
00-0023921,Miles Austin,WR,PHI,2015,5,0,0,0.0,0,,0,1,0,14,0.0222,0.0392,34,44,0.0,2.68,0.0
00-0023921,Miles Austin,WR,PHI,2015,6,0,0,0.0,0,,0,3,3,37,0.0811,0.0961,37,37,9.0,5.05,9.0
00-0023921,Miles Austin,WR,PHI,2015,7,0,0,0.0,0,,0,6,4,50,0.1304,0.2304,30,37,9.2,8.98,9.2
00-0023921,Miles Austin,WR,PHI,2015,9,0,0,0.0,0,,0,3,1,46,0.0833,0.2629,35,42,3.7,4.46,3.7
00-0023921,Miles Austin,WR,PHI,2015,10,0,0,0.0,0,,0,4,0,64,0.0833,0.2092,35,45,0.0,8.5,0.0
00-0023921,Miles Austin,WR,PHI,2015,11,0,0,0.0,0,,0,1,0,2,0.0244,0.0107,28,33,0.0,1.16,0.0
00-0023921,Miles Austin,WR,PHI,2015,12,0,0,0.0,0,,0,2,1,31,0.0741,0.1505,25,28,2.2,3.07,2.2
00-0024204,Fred Jackson,RB,SEA,2015,1,0,0,0.0,0,,3,1,1,7,0.0244,0.04,32,29,3.9,2.91,3.9
00-0024204,Fred Jackson,RB,SEA,2015,2,0,0,0.0,0,,0,2,2,6,0.069,0.0205,25,20,7.6,4.97,7.6
00-0024204,Fred Jackson,RB,SEA,2015,3,0,0,0.0,0,,2,2,2,-1,0.0769,-0.0045,29,26,4.2,3.61,4.2
00-0024204,Fred Jackson,RB,SEA,2015,4,0,0,0.0,0,,3,4,2,12,0.1538,0.0622,31,23,7.4,6.91,7.4
00-0024204,Fred Jackson,RB,SEA,2015,5,0,0,0.0,0,,2,3,3,-1,0.1364,-0.0036,30,30,6.4,5.41,6.4
00-0024204,Fred Jackson,RB,SEA,2015,6,0,0,0.0,0,,0,2,2,-9,0.0667,-0.0245,26,21,2.7,2.75,2.7
00-0024204,Fred Jackson,RB,SEA,2015,7,0,0,0.0,0,,1,4,4,-12,0.1667,-0.0511,41,40,7.5,6.55,7.5
00-0024204,Fred Jackson,RB,SEA,2015,8,0,0,0.0,0,,0,1,1,-3,0.0345,-0.012,31,28,1.9,1.53,1.9
00-0024204,Fred Jackson,RB,SEA,2015,11,0,0,0.0,0,,4,2,2,0.0,0.0741,0.0,44,39,4.2,4.79,4.2
00-0024204,Fred Jackson,RB,SEA,2015,12,0,0,0.0,0,,1,2,2,-2,0.069,-0.0084,27,24,3.1,3.32,3.1
00-0024204,Fred Jackson,RB,SEA,2015,13,0,0,0.0,0,,1,2,2,2,0.0714,0.0094,36,28,9.8,6.74,9.8
00-0024204,Fred Jackson,RB,SEA,2015,14,0,0,0.0,0,,7,4,1,12,0.1212,0.042,36,32,3.3,9.62,3.3
00-0024204,Fred Jackson,RB,SEA,2015,15,0,0,0.0,0,,0,3,2,33,0.1034,0.1146,36,27,3.7,4.92,3.7
00-0024204,Fred Jackson,RB,SEA,2015,16,0,0,0.0,0,,2,8,5,29,0.2,0.0858,22,22,10.4,11.3,10.4
00-0024204,Fred Jackson,RB,SEA,2015,17,0,0,0.0,0,,0,1,1,-2,0.0312,-0.0075,36,27,1.6,1.6,1.6
00-0024217,Reggie Bush,RB,SF,2015,1,0,0,0.0,0,,2,1,0,10,0.0385,0.0481,39,35,0.8,2.97,0.8
00-0024217,Reggie Bush,RB,SF,2015,4,0,0,0.0,0,,1,3,1,11,0.12,0.0458,19,11,1.6,5.05,1.6
00-0024217,Reggie Bush,RB,SF,2015,5,0,0,0.0,0,,1,0,0,0.0,0.0,0.0,27,25,-0.1,0.48,-0.1
00-0024217,Reggie Bush,RB,SF,2015,7,0,0,0.0,0,,4,5,3,-2,0.2083,-0.0118,15,18,6.4,8.37,6.4
00-0024217,Reggie Bush,RB,SF,2015,8,0,0,0.0,0,,0,1,0,11,0.0244,0.0406,21,19,0.0,1.12,0.0
00-0024221,Vernon Davis,TE,SF,2015,1,0,0,0.0,0,,0,6,3,88,0.2308,0.4231,39,35,7.7,11.25,7.7
00-0024221,Vernon Davis,TE,SF,2015,2,0,0,0.0,0,,0,7,5,60,0.1522,0.1813,31,28,11.2,10.23,11.2
00-0024221,Vernon Davis,TE,SF,2015,3,0,0,0.0,0,,0,2,0,25,0.1053,0.1799,29,24,0.0,2.47,0.0
00-0024221,Vernon Davis,TE,SF,2015,6,0,0,0.0,0,,0,1,0,12,0.037,0.0399,25,24,0.0,1.71,0.0
00-0024221,Vernon Davis,TE,SF,2015,7,0,0,0.0,0,,0,6,4,85,0.25,0.503,15,18,10.1,9.84,10.1
00-0024221,Vernon Davis,TE,SF,2015,8,0,0,0.0,0,,0,8,6,49,0.1951,0.1808,21,19,8.4,12.28,8.4
00-0024221,Vernon Davis,TE,DEN,2015,9,0,0,0.0,0,,0,1,0,30,0.0278,0.0771,14,15,0.0,1.6,0.0
00-0024221,Vernon Davis,TE,DEN,2015,10,0,0,0.0,0,,0,4,2,59,0.093,0.1247,16,15,3.9,7.75,3.9
00-0024221,Vernon Davis,TE,DEN,2015,11,0,0,0.0,0,,0,6,6,35,0.2222,0.1913,36,36,12.8,9.32,12.8
00-0024221,Vernon Davis,TE,DEN,2015,12,0,0,0.0,0,,0,2,2,0.0,0.0476,0.0,32,35,3.0,2.96,3.0
00-0024221,Vernon Davis,TE,DEN,2015,13,0,0,0.0,0,,0,3,2,11,0.1154,0.0431,39,36,4.5,5.74,4.5
00-0024221,Vernon Davis,TE,DEN,2015,14,0,0,0.0,0,,0,9,7,82,0.1765,0.2733,21,28,14.4,14.69,14.4
00-0024221,Vernon Davis,TE,DEN,2015,15,0,0,0.0,0,,0,3,1,23,0.0682,0.0446,25,19,1.5,4.64,1.5
00-0024226,Jay Cutler,QB,CHI,2015,1,36,18,0.229,2,-8.881,4,0,0,0.0,0.0,0.0,33,34,14.1,23.51,14.1
00-0024226,Jay Cutler,QB,CHI,2015,2,9,8,1.968,0,23.593,3,0,0,0.0,0.0,0.0,28,27,9.2,5.26,9.2
00-0024226,Jay Cutler,QB,CHI,2015,4,43,28,12.333,3,-0.92,1,0,0,0.0,0.0,0.0,29,32,17.2,15.7,15.24
00-0024226,Jay Cutler,QB,CHI,2015,5,45,26,-1.949,2,-5.19,4,0,0,0.0,0.0,0.0,26,28,17.6,18.6,19.58
00-0024226,Jay Cutler,QB,CHI,2015,6,41,26,8.285,1,-0.029,2,0,0,0.0,0.0,0.0,31,33,19.3,25.64,19.32
00-0024226,Jay Cutler,QB,CHI,2015,8,33,22,4.57,1,6.449,2,0,0,0.0,0.0,0.0,25,26,19.5,15.16,19.54
00-0024226,Jay Cutler,QB,CHI,2015,9,40,27,7.595,1,13.575,3,0,0,0.0,0.0,0.0,29,29,17.6,19.92,19.6
00-0024226,Jay Cutler,QB,CHI,2015,10,24,19,11.113,2,9.52,3,0,0,0.0,0.0,0.0,37,41,24.7,10.7,24.72
00-0024226,Jay Cutler,QB,CHI,2015,11,32,18,-7.322,2,-0.792,3,0,0,0.0,0.0,0.0,25,25,9.5,18.14,11.5
00-0024226,Jay Cutler,QB,CHI,2015,12,31,19,3.817,1,-3.001,4,0,0,0.0,0.0,0.0,31,29,12.9,13.53,12.9
00-0024226,Jay Cutler,QB,CHI,2015,13,31,18,-8.846,1,-6.022,4,0,0,0.0,0.0,0.0,42,45,7.1,12.35,7.08
00-0024226,Jay Cutler,QB,CHI,2015,14,31,19,5.276,3,2.326,1,0,0,0.0,0.0,0.0,22,25,19.1,13.25,21.1
00-0024226,Jay Cutler,QB,CHI,2015,15,37,26,-12.08,5,6.331,1,0,0,0.0,0.0,0.0,20,28,13.3,15.44,15.34
00-0024226,Jay Cutler,QB,CHI,2015,16,27,20,1.161,1,4.929,2,0,0,0.0,0.0,0.0,39,41,12.3,13.52,12.34
00-0024226,Jay Cutler,QB,CHI,2015,17,23,17,0.584,4,16.429,1,0,0,0.0,0.0,0.0,24,26,12.9,10.54,12.9
00-0024242,DeAngelo Williams,RB,PIT,2015,1,0,0,0.0,0,,21,1,1,0.0,0.0263,0.0,25,26,14.2,14.61,14.2
00-0024242,DeAngelo Williams,RB,PIT,2015,2,0,0,0.0,0,,20,5,4,-8,0.1852,-0.0229,25,25,31.2,25.85,31.2
00-0024242,DeAngelo Williams,RB,PIT,2015,3,0,0,0.0,0,,1,0,0,0.0,0.0,0.0,22,27,0.2,0.42,0.2
00-0024242,DeAngelo Williams,RB,PIT,2015,4,0,0,0.0,0,,2,0,0,0.0,0.0,0.0,33,31,0.5,1.02,0.5
00-0024242,DeAngelo Williams,RB,PIT,2015,5,0,0,0.0,0,,5,0,0,0.0,0.0,0.0,27,30,2.0,2.24,2.0
00-0024242,DeAngelo Williams,RB,PIT,2015,6,0,0,0.0,0,,1,0,0,0.0,0.0,0.0,32,25,-0.1,0.42,-0.1
00-0024242,DeAngelo Williams,RB,PIT,2015,7,0,0,0.0,0,,4,2,1,1,0.0714,0.0035,24,26,2.7,4.89,2.7
00-0024242,DeAngelo Williams,RB,PIT,2015,8,0,0,0.0,0,,9,4,4,0.0,0.0889,0.0,19,25,15.0,10.13,15.0
00-0024242,DeAngelo Williams,RB,PIT,2015,9,0,0,0.0,0,,27,4,2,1,0.08,0.002,30,30,38.5,24.14,38.5
00-0024242,DeAngelo Williams,RB,PIT,2015,10,0,0,0.0,0,,17,2,1,3,0.0541,0.0086,21,20,7.9,12.51,7.9
00-0024242,DeAngelo Williams,RB,PIT,2015,12,0,0,0.0,0,,8,7,7,3,0.1207,0.0045,14,17,24.7,15.33,24.7
00-0024242,DeAngelo Williams,RB,PIT,2015,13,0,0,0.0,0,,26,6,5,8,0.1538,0.0158,32,35,19.5,24.29,19.5
00-0024242,DeAngelo Williams,RB,PIT,2015,14,0,0,0.0,0,,23,2,2,-2,0.0526,-0.0071,28,25,23.1,24.35,23.1
00-0024242,DeAngelo Williams,RB,PIT,2015,15,0,0,0.0,0,,14,6,5,4,0.1111,0.0099,17,19,16.6,17.32,16.6
00-0024242,DeAngelo Williams,RB,PIT,2015,16,0,0,0.0,0,,17,6,6,1,0.1765,0.0033,20,25,33.3,24.05,33.3
00-0024242,DeAngelo Williams,RB,PIT,2015,17,0,0,0.0,0,,5,2,2,6,0.0556,0.0139,19,19,4.1,6.57,4.1
00-0024243,Marcedes Lewis,TE,JAX,2015,2,0,0,0.0,0,,0,4,0,26,0.1212,0.0674,33,33,0.0,7.48,0.0
00-0024243,Marcedes Lewis,TE,JAX,2015,3,0,0,0.0,0,,0,2,0,36,0.0606,0.0921,20,22,0.0,3.82,0.0
00-0024243,Marcedes Lewis,TE,JAX,2015,4,0,0,0.0,0,,0,8,5,54,0.1702,0.1324,28,25,9.0,11.38,9.0
00-0024243,Marcedes Lewis,TE,JAX,2015,5,0,0,0.0,0,,0,4,0,44,0.125,0.129,17,21,0.0,8.36,0.0
00-0024243,Marcedes Lewis,TE,JAX,2015,6,0,0,0.0,0,,0,2,1,6,0.0377,0.0123,21,23,1.8,2.38,1.8
00-0024243,Marcedes Lewis,TE,JAX,2015,7,0,0,0.0,0,,0,2,2,-1,0.069,-0.0027,32,27,3.3,2.61,3.3
00-0024243,Marcedes Lewis,TE,JAX,2015,9,0,0,0.0,0,,0,1,1,24,0.025,0.0499,19,18,3.7,1.55,3.7
00-0024243,Marcedes Lewis,TE,JAX,2015,10,0,0,0.0,0,,0,2,1,13,0.0444,0.0419,22,24,1.9,3.59,1.9
00-0024243,Marcedes Lewis,TE,JAX,2015,11,0,0,0.0,0,,0,2,0,22,0.0645,0.0818,23,24,0.0,3.81,0.0
00-0024243,Marcedes Lewis,TE,JAX,2015,12,0,0,0.0,0,,0,2,1,8,0.0408,0.0227,19,17,3.4,4.55,3.4
00-0024243,Marcedes Lewis,TE,JAX,2015,13,0,0,0.0,0,,0,1,1,6,0.0278,0.0199,21,23,1.7,1.55,1.7
00-0024243,Marcedes Lewis,TE,JAX,2015,14,0,0,0.0,0,,0,2,1,-1,0.0667,-0.0036,29,27,2.4,5.03,2.4
00-0024243,Marcedes Lewis,TE,JAX,2015,15,0,0,0.0,0,,0,3,1,18,0.0811,0.0499,20,22,3.6,6.97,3.6
00-0024243,Marcedes Lewis,TE,JAX,2015,16,0,0,0.0,0,,0,1,1,6,0.0286,0.0208,15,16,2.3,1.62,2.3
00-0024243,Marcedes Lewis,TE,JAX,2015,17,0,0,0.0,0,,0,1,1,-6,0.0312,-0.0217,14,15,5.5,1.34,5.5
00-0024264,Kellen Clemens,QB,LAC,2015,3,6,5,7.165,0,29.989,0,0,0,0.0,0.0,0.0,28,30,6.5,2.63,6.52
00-0024264,Kellen Clemens,QB,LAC,2015,15,0,0,0.0,0,,1,0,0,0.0,0.0,0.0,36,44,-0.1,-0.1,-0.1
00-0024267,Greg Jennings,WR,MIA,2015,1,0,0,0.0,0,,0,3,3,27,0.0882,0.0982,18,16,5.9,3.94,5.9
00-0024267,Greg Jennings,WR,MIA,2015,2,0,0,0.0,0,,0,5,0,101,0.1163,0.2623,16,20,0.0,8.59,0.0
00-0024267,Greg Jennings,WR,MIA,2015,3,0,0,0.0,0,,0,3,1,12,0.0612,0.0278,20,22,2.0,4.36,2.0
00-0024267,Greg Jennings,WR,MIA,2015,4,0,0,0.0,0,,0,7,3,59,0.1591,0.1468,11,10,4.5,10.79,4.5
00-0024267,Greg Jennings,WR,MIA,2015,6,0,0,0.0,0,,0,1,1,10,0.0345,0.0441,32,31,2.3,1.4,2.3
00-0024267,Greg Jennings,WR,MIA,2015,7,0,0,0.0,0,,0,2,2,18,0.1,0.3333,35,36,5.7,3.54,5.7
00-0024267,Greg Jennings,WR,MIA,2015,9,0,0,0.0,0,,0,2,0,23,0.0571,0.109,24,24,0.0,2.77,0.0
00-0024267,Greg Jennings,WR,MIA,2015,10,0,0,0.0,0,,0,1,1,-3,0.0278,-0.0106,26,28,1.9,1.43,1.9
00-0024267,Greg Jennings,WR,MIA,2015,11,0,0,0.0,0,,0,1,0,4,0.0435,0.0187,14,15,0.0,1.41,0.0
00-0024267,Greg Jennings,WR,MIA,2015,12,0,0,0.0,0,,0,3,2,24,0.0517,0.0488,9,17,8.9,4.93,8.9
00-0024267,Greg Jennings,WR,MIA,2015,14,0,0,0.0,0,,0,3,2,1,0.0732,0.0021,22,19,3.2,3.62,3.2
00-0024267,Greg Jennings,WR,MIA,2015,17,0,0,0.0,0,,0,5,4,62,0.1316,0.1211,34,33,11.4,7.81,11.4
00-0024268,Anthony Fasano,TE,TEN,2015,1,0,0,0.0,0,,0,1,1,2,0.0667,0.019,32,27,2.8,1.48,2.8
00-0024268,Anthony Fasano,TE,TEN,2015,2,0,0,0.0,0,,0,7,5,91,0.1892,0.2182,30,17,19.4,10.59,19.4
00-0024268,Anthony Fasano,TE,TEN,2015,3,0,0,0.0,0,,0,2,1,10,0.0465,0.0235,27,24,3.6,5.09,3.6
00-0024268,Anthony Fasano,TE,TEN,2015,5,0,0,0.0,0,,0,1,0,5,0.0312,0.0226,28,20,0.0,1.83,0.0
00-0024268,Anthony Fasano,TE,TEN,2015,6,0,0,0.0,0,,0,3,2,20,0.075,0.0671,18,14,2.1,4.97,2.1
00-0024268,Anthony Fasano,TE,TEN,2015,7,0,0,0.0,0,,0,4,3,11,0.1143,0.0356,16,10,5.1,5.21,5.1
00-0024268,Anthony Fasano,TE,TEN,2015,8,0,0,0.0,0,,0,1,1,4,0.0323,0.0179,20,19,1.9,1.29,1.9
00-0024268,Anthony Fasano,TE,TEN,2015,9,0,0,0.0,0,,0,3,3,12,0.0769,0.0423,28,20,12.3,6.72,12.3
00-0024268,Anthony Fasano,TE,TEN,2015,10,0,0,0.0,0,,0,4,1,12,0.1667,0.0561,21,14,2.9,5.03,2.9
00-0024268,Anthony Fasano,TE,TEN,2015,11,0,0,0.0,0,,0,2,2,11,0.0606,0.0306,26,22,3.4,2.85,3.4
00-0024268,Anthony Fasano,TE,TEN,2015,12,0,0,0.0,0,,0,2,2,22,0.0556,0.0543,18,17,4.2,3.49,4.2
00-0024268,Anthony Fasano,TE,TEN,2015,14,0,0,0.0,0,,0,1,0,25,0.025,0.0572,13,7,0.0,1.62,0.0
00-0024268,Anthony Fasano,TE,TEN,2015,15,0,0,0.0,0,,0,4,3,13,0.1212,0.0386,21,28,5.1,5.06,5.1
00-0024268,Anthony Fasano,TE,TEN,2015,16,0,0,0.0,0,,0,7,2,37,0.1373,0.0937,11,15,4.1,9.27,4.1
00-0024279,Tarvaris Jackson,QB,SEA,2015,13,1,0,-2.592,1,-66.269,2,0,0,0.0,0.0,0.0,36,28,-0.2,0.16,-0.2
00-0024279,Tarvaris Jackson,QB,SEA,2015,14,1,1,1.217,0,28.43,3,0,0,0.0,0.0,0.0,36,32,0.1,0.11,0.06
00-0024279,Tarvaris Jackson,QB,SEA,2015,15,0,0,0.0,0,,1,0,0,0.0,0.0,0.0,36,27,-0.1,-0.1,-0.1
00-0024279,Tarvaris Jackson,QB,SEA,2015,17,4,3,2.735,0,5.675,2,0,0,0.0,0.0,0.0,36,27,0.9,0.86,0.92
00-0024296,Charlie Whitehurst,QB,IND,2015,13,8,4,-1.839,3,-13.708,0,0,0,0.0,0.0,0.0,18,23,2.0,2.89,2.04
00-0024296,Charlie Whitehurst,QB,IND,2015,14,8,2,-13.611,0,-33.401,1,0,0,0.0,0.0,0.0,23,28,-1.5,3.35,-1.48
00-0024296,Charlie Whitehurst,QB,IND,2015,15,2,1,-1.384,1,0.919,0,0,0,0.0,0.0,0.0,19,19,0.5,0.57,0.52
00-0024296,Charlie Whitehurst,QB,IND,2015,16,14,9,2.391,1,-1.9,1,0,0,0.0,0.0,0.0,23,23,3.0,4.26,3.02
00-0024313,Owen Daniels,TE,DEN,2015,1,0,0,0.0,0,,0,2,2,2,0.05,0.0069,25,28,2.5,3.33,2.5
00-0024313,Owen Daniels,TE,DEN,2015,2,0,0,0.0,0,,0,5,3,35,0.1111,0.0774,22,22,4.9,6.89,4.9
00-0024313,Owen Daniels,TE,DEN,2015,3,0,0,0.0,0,,0,9,5,52,0.2143,0.1992,19,20,13.8,14.92,13.8
00-0024313,Owen Daniels,TE,DEN,2015,4,0,0,0.0,0,,0,5,2,1,0.1852,0.0042,24,24,8.9,9.46,8.9
00-0024313,Owen Daniels,TE,DEN,2015,5,0,0,0.0,0,,0,5,0,24,0.1429,0.0836,18,22,0.0,9.45,0.0
00-0024313,Owen Daniels,TE,DEN,2015,6,0,0,0.0,0,,0,3,2,10,0.0638,0.0215,33,40,4.4,3.94,4.4
00-0024313,Owen Daniels,TE,DEN,2015,8,0,0,0.0,0,,0,3,3,5,0.1034,0.0165,34,36,7.4,4.44,7.4
00-0024313,Owen Daniels,TE,DEN,2015,9,0,0,0.0,0,,0,9,6,79,0.25,0.2031,14,15,22.2,16.12,22.2
00-0024313,Owen Daniels,TE,DEN,2015,10,0,0,0.0,0,,0,5,1,48,0.1163,0.1015,16,15,2.4,7.62,2.4
00-0024313,Owen Daniels,TE,DEN,2015,11,0,0,0.0,0,,0,5,4,37,0.1852,0.2022,36,36,10.9,8.03,10.9
00-0024313,Owen Daniels,TE,DEN,2015,12,0,0,0.0,0,,0,6,5,35,0.1429,0.0902,32,35,9.8,9.33,9.8
00-0024313,Owen Daniels,TE,DEN,2015,13,0,0,0.0,0,,0,3,2,26,0.1154,0.102,39,36,3.3,5.38,3.3
00-0024313,Owen Daniels,TE,DEN,2015,14,0,0,0.0,0,,0,4,3,31,0.0784,0.1033,21,28,7.3,6.43,7.3
00-0024313,Owen Daniels,TE,DEN,2015,15,0,0,0.0,0,,0,5,2,57,0.1136,0.1105,25,19,3.4,7.27,3.4
00-0024313,Owen Daniels,TE,DEN,2015,16,0,0,0.0,0,,0,7,5,75,0.1795,0.2055,21,23,12.0,12.09,12.0
00-0024313,Owen Daniels,TE,DEN,2015,17,0,0,0.0,0,,0,1,1,11,0.0323,0.0296,32,33,2.5,1.66,2.5
00-0024324,Jason Avant,WR,KC,2015,3,0,0,0.0,0,,0,4,2,31,0.1,0.123,18,16,2.8,6.87,2.8
00-0024324,Jason Avant,WR,KC,2015,4,0,0,0.0,0,,0,5,4,43,0.1163,0.1493,23,23,8.3,7.83,8.3
00-0024324,Jason Avant,WR,KC,2015,6,0,0,0.0,0,,0,3,1,20,0.0811,0.059,18,16,1.4,3.92,1.4
00-0024324,Jason Avant,WR,KC,2015,7,0,0,0.0,0,,0,2,2,11,0.0645,0.0531,29,27,3.1,2.97,3.1
00-0024324,Jason Avant,WR,KC,2015,10,0,0,0.0,0,,0,1,0,-9,0.0323,-0.0489,32,29,0.0,0.77,0.0
00-0024324,Jason Avant,WR,KC,2015,11,0,0,0.0,0,,0,2,2,4,0.08,0.027,31,25,4.6,3.04,4.6
00-0024324,Jason Avant,WR,KC,2015,12,0,0,0.0,0,,0,2,0,20,0.0741,0.0699,27,23,0.0,2.72,0.0
00-0024324,Jason Avant,WR,KC,2015,15,0,0,0.0,0,,0,2,2,6,0.08,0.0536,28,23,3.2,2.93,3.2
00-0024324,Jason Avant,WR,KC,2015,16,0,0,0.0,0,,0,1,0,18,0.0455,0.0928,27,20,0.0,2.11,0.0
00-0024324,Jason Avant,WR,KC,2015,17,0,0,0.0,0,,0,2,2,5,0.087,0.0212,39,30,3.5,3.15,3.5
00-0024334,Brandon Marshall,WR,NYJ,2015,1,0,0,0.0,0,,0,9,6,102,0.375,0.4016,36,35,18.2,15.12,16.2
00-0024334,Brandon Marshall,WR,NYJ,2015,2,0,0,0.0,0,,0,10,7,127,0.2941,0.3333,27,32,23.1,17.62,23.1
00-0024334,Brandon Marshall,WR,NYJ,2015,3,0,0,0.0,0,,0,14,10,171,0.2414,0.3393,16,21,24.9,24.0,24.9
00-0024334,Brandon Marshall,WR,NYJ,2015,4,0,0,0.0,0,,0,11,7,140,0.3793,0.4895,43,37,19.8,21.15,19.8
00-0024334,Brandon Marshall,WR,NYJ,2015,6,0,0,0.0,0,,0,9,7,105,0.3462,0.5526,41,43,22.1,12.79,22.1
00-0024334,Brandon Marshall,WR,NYJ,2015,7,0,0,0.0,0,,0,7,4,67,0.1795,0.1982,29,27,10.7,11.7,10.7
00-0024334,Brandon Marshall,WR,NYJ,2015,8,0,0,0.0,0,,0,18,9,225,0.383,0.5528,21,22,19.8,28.76,19.8
00-0024334,Brandon Marshall,WR,NYJ,2015,9,0,0,0.0,0,,0,8,4,80,0.2353,0.3604,28,28,14.4,14.56,14.4
00-0024334,Brandon Marshall,WR,NYJ,2015,10,0,0,0.0,0,,0,10,3,190,0.2941,0.4726,24,23,11.3,17.34,11.3
00-0024334,Brandon Marshall,WR,NYJ,2015,11,0,0,0.0,0,,0,10,5,132,0.2564,0.2833,21,23,15.7,15.26,15.7
00-0024334,Brandon Marshall,WR,NYJ,2015,12,0,0,0.0,0,,0,11,9,131,0.2973,0.3649,34,33,34.1,22.53,34.1
00-0024334,Brandon Marshall,WR,NYJ,2015,13,0,0,0.0,0,,0,13,12,101,0.26,0.3258,24,32,31.1,19.52,31.1
00-0024334,Brandon Marshall,WR,NYJ,2015,14,0,0,0.0,0,,0,10,6,101,0.2778,0.3713,34,37,24.5,17.24,24.5
00-0024334,Brandon Marshall,WR,NYJ,2015,15,0,0,0.0,0,,0,7,4,125,0.1795,0.4019,26,30,11.4,12.27,11.4
00-0024334,Brandon Marshall,WR,NYJ,2015,16,0,0,0.0,0,,0,10,8,126,0.25,0.2923,27,34,31.5,19.48,31.5
00-0024334,Brandon Marshall,WR,NYJ,2015,17,0,0,0.0,0,,0,16,8,179,0.4444,0.4345,17,17,26.6,23.81,26.6
00-0024389,Delanie Walker,TE,TEN,2015,1,0,0,0.0,0,,0,3,3,32,0.2,0.3048,32,27,13.3,7.82,13.3
00-0024389,Delanie Walker,TE,TEN,2015,3,0,0,0.0,0,,0,10,7,107,0.2326,0.2512,27,24,13.8,15.71,13.8
00-0024389,Delanie Walker,TE,TEN,2015,5,0,0,0.0,0,,0,6,4,42,0.1875,0.19,28,20,7.6,10.43,7.6
00-0024389,Delanie Walker,TE,TEN,2015,6,0,0,0.0,0,,0,10,8,81,0.25,0.2718,18,14,17.7,14.44,17.7
00-0024389,Delanie Walker,TE,TEN,2015,7,0,0,0.0,0,,0,9,7,58,0.2571,0.1877,16,10,12.5,15.4,12.5
00-0024389,Delanie Walker,TE,TEN,2015,8,0,0,0.0,0,,0,6,6,40,0.1935,0.1786,20,19,12.2,8.83,12.2
00-0024389,Delanie Walker,TE,TEN,2015,9,0,0,0.0,0,,0,8,7,51,0.2051,0.1796,28,20,30.5,16.77,30.5
00-0024389,Delanie Walker,TE,TEN,2015,10,0,0,0.0,0,,0,4,3,43,0.1667,0.2009,21,14,8.2,5.68,8.2
00-0024389,Delanie Walker,TE,TEN,2015,11,0,0,0.0,0,,0,10,8,127,0.303,0.3538,26,22,18.9,17.5,18.9
00-0024389,Delanie Walker,TE,TEN,2015,12,0,0,0.0,0,,0,8,6,66,0.2222,0.163,18,17,15.1,12.54,15.1
00-0024389,Delanie Walker,TE,TEN,2015,13,0,0,0.0,0,,0,12,8,95,0.4138,0.3345,35,27,23.2,21.04,23.2
00-0024389,Delanie Walker,TE,TEN,2015,14,0,0,0.0,0,,0,13,7,157,0.325,0.3593,13,7,14.1,18.44,14.1
00-0024389,Delanie Walker,TE,TEN,2015,15,0,0,0.0,0,,0,5,2,77,0.1515,0.2285,21,28,20.4,9.58,20.4
00-0024389,Delanie Walker,TE,TEN,2015,16,0,0,0.0,0,,0,15,9,101,0.2941,0.2557,11,15,14.9,20.1,14.9
00-0024389,Delanie Walker,TE,TEN,2015,17,0,0,0.0,0,,1,14,9,87,0.56,0.6084,27,25,22.0,22.16,22.0
00-0024466,Marques Colston,WR,NO,2015,1,0,0,0.0,0,,0,7,3,68,0.1458,0.2918,20,30,5.9,11.91,5.9
00-0024466,Marques Colston,WR,NO,2015,2,0,0,0.0,0,,0,5,4,52,0.1316,0.1358,27,29,10.9,8.12,10.9
00-0024466,Marques Colston,WR,NO,2015,3,0,0,0.0,0,,0,6,4,55,0.1579,0.2037,24,31,8.7,9.25,8.7
00-0024466,Marques Colston,WR,NO,2015,4,0,0,0.0,0,,0,5,4,20,0.122,0.1143,25,38,5.9,6.78,5.9
00-0024466,Marques Colston,WR,NO,2015,5,0,0,0.0,0,,0,5,3,46,0.1163,0.108,21,27,6.6,7.6,6.6
00-0024466,Marques Colston,WR,NO,2015,7,0,0,0.0,0,,0,3,1,39,0.0682,0.1117,36,41,3.0,7.57,3.0
00-0024466,Marques Colston,WR,NO,2015,8,0,0,0.0,0,,0,9,8,48,0.18,0.1096,26,32,25.4,13.99,25.4
00-0024466,Marques Colston,WR,NO,2015,9,0,0,0.0,0,,0,3,3,23,0.0769,0.056,27,29,6.7,4.52,6.7
00-0024466,Marques Colston,WR,NO,2015,10,0,0,0.0,0,,0,5,3,37,0.1786,0.1907,25,29,5.2,7.49,5.2
00-0024466,Marques Colston,WR,NO,2015,12,0,0,0.0,0,,0,4,3,27,0.093,0.0941,10,18,6.8,5.84,6.8
00-0024466,Marques Colston,WR,NO,2015,13,0,0,0.0,0,,0,3,1,29,0.0732,0.0775,14,18,2.4,4.89,2.4
00-0024466,Marques Colston,WR,NO,2015,14,0,0,0.0,0,,0,8,6,53,0.1951,0.1873,35,36,21.6,20.38,21.6
00-0024466,Marques Colston,WR,NO,2015,15,0,0,0.0,0,,0,4,2,75,0.0769,0.1894,18,21,11.9,8.53,11.9
00-0024535,Eric Weems,WR,ATL,2015,8,0,0,0.0,0,,0,1,1,6,0.0222,0.0222,27,33,2.1,1.01,2.1
00-0024535,Eric Weems,WR,ATL,2015,15,0,0,0.0,0,,1,0,0,0.0,0.0,0.0,33,36,0.4,0.74,0.4
00-0024813,Pierre Thomas,RB,SF,2015,9,0,0,0.0,0,,4,0,0,0.0,0.0,0.0,38,31,1.2,1.67,1.2
00-0024813,Pierre Thomas,RB,WAS,2015,14,0,0,0.0,0,,0,1,1,6,0.0323,0.0262,33,32,2.2,1.66,2.2
00-0024813,Pierre Thomas,RB,WAS,2015,16,0,0,0.0,0,,4,8,7,13,0.1739,0.0306,26,29,15.9,13.3,15.9
00-0024813,Pierre Thomas,RB,WAS,2015,17,0,0,0.0,0,,7,2,1,0.0,0.0769,0.0,36,34,4.5,5.82,4.5
00-0025389,Calvin Johnson,WR,DET,2015,1,0,0,0.0,0,,0,4,2,36,0.1429,0.1773,16,23,5.9,5.9,5.9
00-0025389,Calvin Johnson,WR,DET,2015,2,0,0,0.0,0,,0,17,10,127,0.3269,0.3944,16,19,24.3,23.99,24.3
00-0025389,Calvin Johnson,WR,DET,2015,3,0,0,0.0,0,,0,13,8,103,0.2889,0.4747,19,29,15.7,19.56,15.7
00-0025389,Calvin Johnson,WR,DET,2015,4,0,0,0.0,0,,0,11,7,142,0.3143,0.5844,18,24,10.6,14.21,10.6
00-0025389,Calvin Johnson,WR,DET,2015,5,0,0,0.0,0,,0,7,5,73,0.1029,0.1412,18,28,11.7,10.69,11.7
00-0025389,Calvin Johnson,WR,DET,2015,6,0,0,0.0,0,,0,9,6,177,0.225,0.4823,32,30,28.6,20.53,28.6
00-0025389,Calvin Johnson,WR,DET,2015,7,0,0,0.0,0,,0,7,5,119,0.2692,0.5694,17,20,19.6,14.51,19.6
00-0025389,Calvin Johnson,WR,DET,2015,8,0,0,0.0,0,,0,10,5,161,0.2632,0.5897,14,19,13.5,14.93,13.5
00-0025389,Calvin Johnson,WR,DET,2015,10,0,0,0.0,0,,0,9,6,115,0.2368,0.5693,26,28,14.1,14.27,14.1
00-0025389,Calvin Johnson,WR,DET,2015,11,0,0,0.0,0,,0,9,5,131,0.2647,0.524,31,31,13.8,15.39,13.8
00-0025389,Calvin Johnson,WR,DET,2015,12,0,0,0.0,0,,0,14,8,157,0.3684,0.5528,30,36,35.3,33.24,35.3
00-0025389,Calvin Johnson,WR,DET,2015,13,0,0,0.0,0,,0,8,3,158,0.2353,0.5896,25,29,13.4,19.34,13.4
00-0025389,Calvin Johnson,WR,DET,2015,14,0,0,0.0,0,,0,5,1,75,0.1111,0.4335,20,28,2.6,8.07,2.6
00-0025389,Calvin Johnson,WR,DET,2015,15,0,0,0.0,0,,0,1,1,18,0.04,0.2169,23,25,2.9,2.29,2.9
00-0025389,Calvin Johnson,WR,DET,2015,16,0,0,0.0,0,,0,10,6,144,0.2703,0.7024,28,35,19.7,22.11,19.7
00-0025389,Calvin Johnson,WR,DET,2015,17,0,0,0.0,0,,0,15,10,198,0.3846,0.6266,21,22,29.7,21.9,29.7
00-0025394,Adrian Peterson,RB,MIN,2015,1,0,0,0.0,0,,10,3,3,-6,0.0968,-0.0217,17,22,8.2,8.59,8.2
00-0025394,Adrian Peterson,RB,MIN,2015,2,0,0,0.0,0,,29,2,2,-14,0.1111,-0.1667,42,36,19.2,24.64,19.2
00-0025394,Adrian Peterson,RB,MIN,2015,3,0,0,0.0,0,,20,0,0,0.0,0.0,0.0,31,31,24.6,13.24,24.6
00-0025394,Adrian Peterson,RB,MIN,2015,4,0,0,0.0,0,,16,6,4,8,0.1463,0.0235,21,23,19.4,14.91,19.4
00-0025394,Adrian Peterson,RB,MIN,2015,6,0,0,0.0,0,,26,1,1,-3,0.0323,-0.0104,35,34,6.7,15.92,6.7
00-0025394,Adrian Peterson,RB,MIN,2015,7,0,0,0.0,0,,19,3,3,-5,0.0882,-0.0179,35,34,14.0,17.33,14.0
00-0025394,Adrian Peterson,RB,MIN,2015,8,0,0,0.0,0,,20,2,2,-2,0.069,-0.0086,25,28,12.9,11.36,12.9
00-0025394,Adrian Peterson,RB,MIN,2015,9,0,0,0.0,0,,29,2,2,5,0.0741,0.0202,35,35,22.3,16.62,22.3
00-0025394,Adrian Peterson,RB,MIN,2015,10,0,0,0.0,0,,26,3,2,2,0.1429,0.023,33,34,29.6,18.06,29.6
00-0025394,Adrian Peterson,RB,MIN,2015,11,0,0,0.0,0,,13,2,2,-1,0.0541,-0.0035,18,18,12.1,9.03,12.1
00-0025394,Adrian Peterson,RB,MIN,2015,12,0,0,0.0,0,,29,4,2,9,0.1481,0.0763,39,40,32.7,22.34,32.7
00-0025394,Adrian Peterson,RB,MIN,2015,13,0,0,0.0,0,,8,4,4,-1,0.1429,-0.0049,16,21,6.4,9.26,6.4
00-0025394,Adrian Peterson,RB,MIN,2015,14,0,0,0.0,0,,23,1,1,3,0.0303,0.0138,24,27,13.6,11.54,13.6
00-0025394,Adrian Peterson,RB,MIN,2015,15,0,0,0.0,0,,18,0,0,0.0,0.0,0.0,36,35,6.3,8.84,6.3
00-0025394,Adrian Peterson,RB,MIN,2015,16,0,0,0.0,0,,22,2,1,0.0,0.08,0.0,40,37,18.9,18.45,18.9
00-0025394,Adrian Peterson,RB,MIN,2015,17,0,0,0.0,0,,19,1,1,-6,0.0588,-0.0351,27,27,13.8,12.39,13.8
00-0025396,Ted Ginn,WR,CAR,2015,1,0,0,0.0,0,,0,7,2,92,0.2258,0.3608,35,26,7.4,11.38,7.4
00-0025396,Ted Ginn,WR,CAR,2015,2,0,0,0.0,0,,0,9,4,154,0.2432,0.4,33,19,14.1,15.37,14.1
00-0025396,Ted Ginn,WR,CAR,2015,3,0,0,0.0,0,,0,6,4,142,0.1935,0.4239,30,18,13.3,10.51,13.3
00-0025396,Ted Ginn,WR,CAR,2015,4,0,0,0.0,0,,0,3,2,18,0.1364,0.0789,33,19,15.8,6.22,15.8
00-0025396,Ted Ginn,WR,CAR,2015,6,0,0,0.0,0,,0,4,1,80,0.1143,0.1865,33,24,2.8,6.69,2.8
00-0025396,Ted Ginn,WR,CAR,2015,7,0,0,0.0,0,,1,8,5,49,0.3333,0.2356,33,25,15.2,13.29,15.2
00-0025396,Ted Ginn,WR,CAR,2015,8,0,0,0.0,0,,0,10,2,236,0.2857,0.5388,36,26,8.0,17.37,8.0
00-0025396,Ted Ginn,WR,CAR,2015,9,0,0,0.0,0,,0,4,1,45,0.1379,0.1286,36,23,3.0,6.45,3.0
00-0025396,Ted Ginn,WR,CAR,2015,10,0,0,0.0,0,,0,7,4,102,0.28,0.3835,34,22,8.5,12.2,8.5
00-0025396,Ted Ginn,WR,CAR,2015,11,0,0,0.0,0,,2,8,5,75,0.2353,0.2212,39,25,15.9,16.92,15.9
00-0025396,Ted Ginn,WR,CAR,2015,13,0,0,0.0,0,,0,10,5,186,0.2439,0.3949,34,25,25.0,20.15,25.0
00-0025396,Ted Ginn,WR,CAR,2015,14,0,0,0.0,0,,1,3,2,81,0.1154,0.2709,32,20,26.5,7.11,26.5
00-0025396,Ted Ginn,WR,CAR,2015,15,0,0,0.0,0,,0,14,6,251,0.3256,0.4683,29,20,26.5,25.06,26.5
00-0025396,Ted Ginn,WR,CAR,2015,16,0,0,0.0,0,,0,3,1,28,0.1071,0.1443,20,13,1.9,4.66,1.9
00-0025399,Marshawn Lynch,RB,SEA,2015,1,0,0,0.0,0,,18,7,5,4,0.1707,0.0229,32,29,17.4,19.26,17.4
00-0025399,Marshawn Lynch,RB,SEA,2015,2,0,0,0.0,0,,15,6,3,7,0.2069,0.0239,25,20,9.2,16.25,9.2
00-0025399,Marshawn Lynch,RB,SEA,2015,3,0,0,0.0,0,,5,1,1,2,0.0385,0.009,29,26,3.3,3.82,3.3
00-0025399,Marshawn Lynch,RB,SEA,2015,6,0,0,0.0,0,,17,3,1,1,0.1,0.0027,26,21,12.4,16.66,12.4
00-0025399,Marshawn Lynch,RB,SEA,2015,7,0,0,0.0,0,,27,0,0,0.0,0.0,0.0,41,40,18.2,20.87,18.2
00-0025399,Marshawn Lynch,RB,SEA,2015,8,0,0,0.0,0,,21,2,2,-4,0.069,-0.0159,31,28,10.2,12.92,10.2
00-0025399,Marshawn Lynch,RB,SEA,2015,10,0,0,0.0,0,,8,2,1,-7,0.0741,-0.0207,18,11,12.0,8.43,12.0
00-0025410,Dwayne Bowe,WR,CLE,2015,2,0,0,0.0,0,,0,1,0,23,0.0667,0.1013,30,27,0.0,1.52,0.0
00-0025410,Dwayne Bowe,WR,CLE,2015,4,0,0,0.0,0,,0,1,0,10,0.025,0.0549,21,34,0.0,1.34,0.0
00-0025410,Dwayne Bowe,WR,CLE,2015,8,0,0,0.0,0,,0,1,0,15,0.025,0.0459,20,17,0.0,1.39,0.0
00-0025410,Dwayne Bowe,WR,CLE,2015,9,0,0,0.0,0,,0,5,3,51,0.1515,0.1629,17,18,6.1,7.13,6.1
00-0025410,Dwayne Bowe,WR,CLE,2015,12,0,0,0.0,0,,0,1,0,19,0.0208,0.0461,18,20,0.0,1.38,0.0
00-0025410,Dwayne Bowe,WR,CLE,2015,15,0,0,0.0,0,,0,3,2,45,0.0968,0.2486,17,21,4.2,4.16,4.2
00-0025410,Dwayne Bowe,WR,CLE,2015,16,0,0,0.0,0,,0,1,0,19,0.0345,0.0642,36,27,0.0,1.34,0.0
00-0025418,Greg Olsen,TE,CAR,2015,1,0,0,0.0,0,,0,3,1,34,0.0968,0.1333,35,26,2.1,4.73,2.1
00-0025418,Greg Olsen,TE,CAR,2015,2,0,0,0.0,0,,0,14,6,122,0.3784,0.3169,33,19,13.0,20.53,13.0
00-0025418,Greg Olsen,TE,CAR,2015,3,0,0,0.0,0,,0,11,8,106,0.3548,0.3164,30,18,33.4,21.07,33.4
00-0025418,Greg Olsen,TE,CAR,2015,4,0,0,0.0,0,,0,6,2,85,0.2727,0.3728,33,19,4.8,12.73,4.8
00-0025418,Greg Olsen,TE,CAR,2015,6,0,0,0.0,0,,0,11,7,152,0.3143,0.3543,33,24,26.1,17.8,26.1
00-0025418,Greg Olsen,TE,CAR,2015,7,0,0,0.0,0,,0,5,3,57,0.2083,0.274,33,25,9.5,8.75,9.5
00-0025418,Greg Olsen,TE,CAR,2015,8,0,0,0.0,0,,0,12,6,114,0.3429,0.2603,36,26,19.9,23.11,19.9
00-0025418,Greg Olsen,TE,CAR,2015,9,0,0,0.0,0,,0,7,4,89,0.2414,0.2543,36,23,16.6,13.62,16.6
00-0025418,Greg Olsen,TE,CAR,2015,10,0,0,0.0,0,,0,8,8,65,0.32,0.2444,34,22,16.0,14.4,16.0
00-0025418,Greg Olsen,TE,CAR,2015,11,0,0,0.0,0,,0,6,3,58,0.1765,0.1711,39,25,14.4,13.73,14.4
00-0025418,Greg Olsen,TE,CAR,2015,12,0,0,0.0,0,,0,9,5,91,0.3333,0.4789,37,24,12.0,19.08,12.0
00-0025418,Greg Olsen,TE,CAR,2015,13,0,0,0.0,0,,0,12,9,161,0.2927,0.3418,34,25,19.9,21.04,19.9
00-0025418,Greg Olsen,TE,CAR,2015,14,0,0,0.0,0,,0,4,3,54,0.1538,0.1806,32,20,8.2,9.26,8.2
00-0025418,Greg Olsen,TE,CAR,2015,15,0,0,0.0,0,,0,8,6,58,0.186,0.1082,29,20,19.9,12.45,19.9
00-0025418,Greg Olsen,TE,CAR,2015,16,0,0,0.0,0,,0,6,4,31,0.2143,0.1598,20,13,8.0,8.66,8.0
00-0025418,Greg Olsen,TE,CAR,2015,17,0,0,0.0,0,,0,2,2,15,0.0769,0.0584,32,16,3.6,5.31,3.6
00-0025430,Drew Stanton,QB,ARI,2015,3,0,0,0.0,0,,3,0,0,0.0,0.0,0.0,37,37,-0.3,-0.3,-0.3
00-0025430,Drew Stanton,QB,ARI,2015,5,4,1,-2.435,0,-27.14,3,0,0,0.0,0.0,0.0,25,21,0.1,2.23,0.1
00-0025430,Drew Stanton,QB,ARI,2015,13,1,1,0.033,0,12.019,3,0,0,0.0,0.0,0.0,36,35,-0.1,0.03,-0.06
00-0025430,Drew Stanton,QB,ARI,2015,15,1,0,-1.556,0,-29.254,2,0,0,0.0,0.0,0.0,39,42,-0.2,0.81,-0.2
00-0025430,Drew Stanton,QB,ARI,2015,16,1,1,-0.403,0,46.194,2,0,0,0.0,0.0,0.0,26,29,-0.0,0.01,-0.04
00-0025430,Drew Stanton,QB,ARI,2015,17,18,8,-10.791,2,-16.85,0,0,0,0.0,0.0,0.0,13,17,-0.6,7.46,-0.64
00-0025464,Matt Spaeth,TE,PIT,2015,5,0,0,0.0,0,,0,1,0,11,0.0417,0.034,27,30,0.0,1.64,0.0
00-0025464,Matt Spaeth,TE,PIT,2015,8,0,0,0.0,0,,0,1,1,-2,0.0222,-0.0044,19,25,1.4,1.44,1.4
00-0025464,Matt Spaeth,TE,PIT,2015,12,0,0,0.0,0,,0,1,1,4,0.0172,0.006,14,17,1.6,1.54,1.6
00-0025465,James Jones,WR,GB,2015,1,0,0,0.0,0,,0,4,4,48,0.1739,0.32,30,23,21.1,10.01,21.1
00-0025465,James Jones,WR,GB,2015,2,0,0,0.0,0,,0,3,1,56,0.0968,0.2333,29,27,9.9,9.72,9.9
00-0025465,James Jones,WR,GB,2015,3,0,0,0.0,0,,0,8,7,94,0.2286,0.3357,32,33,26.9,14.65,26.9
00-0025465,James Jones,WR,GB,2015,4,0,0,0.0,0,,0,6,5,104,0.1875,0.4228,33,30,14.8,11.05,14.8
00-0025465,James Jones,WR,GB,2015,5,0,0,0.0,0,,0,3,2,31,0.1,0.2081,27,22,15.7,5.08,15.7
00-0025465,James Jones,WR,GB,2015,6,0,0,0.0,0,,0,5,2,47,0.1724,0.1767,17,17,11.0,10.02,11.0
00-0025465,James Jones,WR,GB,2015,8,0,0,0.0,0,,0,2,1,55,0.0909,0.4331,21,21,1.2,2.91,1.2
00-0025465,James Jones,WR,GB,2015,9,0,0,0.0,0,,0,6,2,98,0.125,0.2192,19,21,7.7,10.5,7.7
00-0025465,James Jones,WR,GB,2015,10,0,0,0.0,0,,0,2,0,10,0.0333,0.0201,18,21,0.0,4.37,0.0
00-0025465,James Jones,WR,GB,2015,11,0,0,0.0,0,,0,11,6,120,0.3235,0.3636,34,32,24.9,18.36,24.9
00-0025465,James Jones,WR,GB,2015,12,0,0,0.0,0,,0,6,0,83,0.1395,0.3063,28,32,0.0,9.22,0.0
00-0025465,James Jones,WR,GB,2015,13,0,0,0.0,0,,0,3,1,78,0.0857,0.1955,24,25,2.9,5.24,2.9
00-0025465,James Jones,WR,GB,2015,14,0,0,0.0,0,,0,7,4,79,0.2121,0.3911,44,40,8.9,10.85,8.9
00-0025465,James Jones,WR,GB,2015,15,0,0,0.0,0,,0,9,6,160,0.2368,0.442,28,21,20.2,14.81,20.2
00-0025465,James Jones,WR,GB,2015,16,0,0,0.0,0,,0,11,5,161,0.3793,0.5897,26,20,11.6,20.36,11.6
00-0025465,James Jones,WR,GB,2015,17,0,0,0.0,0,,0,13,4,267,0.3023,0.6777,26,26,14.2,20.98,14.2
00-0025516,Scott Chandler,TE,NE,2015,1,0,0,0.0,0,,0,1,1,0.0,0.0312,0.0,24,25,7.1,4.63,7.1
00-0025516,Scott Chandler,TE,NE,2015,2,0,0,0.0,0,,0,5,3,14,0.0847,0.0279,15,18,5.3,11.57,5.3
00-0025516,Scott Chandler,TE,NE,2015,3,0,0,0.0,0,,0,2,2,11,0.0488,0.0573,32,38,4.5,4.36,4.5
00-0025516,Scott Chandler,TE,NE,2015,6,0,0,0.0,0,,0,3,2,33,0.0811,0.1447,25,24,5.9,5.94,5.9
00-0025516,Scott Chandler,TE,NE,2015,7,0,0,0.0,0,,0,2,2,30,0.037,0.0785,9,8,5.4,3.39,5.4
00-0025516,Scott Chandler,TE,NE,2015,8,0,0,0.0,0,,0,2,1,12,0.0526,0.0372,26,32,1.9,3.29,1.9
00-0025516,Scott Chandler,TE,NE,2015,9,0,0,0.0,0,,0,3,1,29,0.0769,0.1078,37,41,1.5,7.46,1.5
00-0025516,Scott Chandler,TE,NE,2015,10,0,0,0.0,0,,0,3,1,46,0.0732,0.1055,23,24,7.1,9.12,7.1
00-0025516,Scott Chandler,TE,NE,2015,11,0,0,0.0,0,,0,2,1,17,0.0526,0.049,22,25,1.3,3.15,1.3
00-0025516,Scott Chandler,TE,NE,2015,12,0,0,0.0,0,,0,11,5,155,0.2619,0.3377,16,22,16.8,16.95,16.8
00-0025516,Scott Chandler,TE,NE,2015,13,0,0,0.0,0,,0,7,4,78,0.125,0.1366,25,29,16.1,11.42,16.1
00-0025516,Scott Chandler,TE,NE,2015,17,0,0,0.0,0,,0,1,0,4,0.04,0.0202,27,31,0.0,1.23,0.0
00-0025549,Brent Celek,TE,PHI,2015,1,0,0,0.0,0,,0,1,1,0.0,0.0192,0.0,16,30,1.6,1.33,1.6
00-0025549,Brent Celek,TE,PHI,2015,4,0,0,0.0,0,,0,2,1,12,0.0714,0.0317,18,19,8.0,3.74,8.0
00-0025549,Brent Celek,TE,PHI,2015,5,0,0,0.0,0,,0,3,3,28,0.0667,0.0784,34,44,13.4,6.35,13.4
00-0025549,Brent Celek,TE,PHI,2015,7,0,0,0.0,0,,0,3,2,5,0.0652,0.023,30,37,3.1,4.63,3.1
00-0025549,Brent Celek,TE,PHI,2015,10,0,0,0.0,0,,0,4,4,58,0.0833,0.1895,35,45,17.4,6.87,17.4
00-0025549,Brent Celek,TE,PHI,2015,11,0,0,0.0,0,,0,10,7,86,0.2439,0.4599,28,33,14.9,14.64,14.9
00-0025549,Brent Celek,TE,PHI,2015,12,0,0,0.0,0,,0,4,2,26,0.1481,0.1262,25,28,9.0,8.33,9.0
00-0025549,Brent Celek,TE,PHI,2015,13,0,0,0.0,0,,0,1,1,3,0.0417,0.0227,33,38,2.6,1.32,2.6
00-0025549,Brent Celek,TE,PHI,2015,14,0,0,0.0,0,,0,2,1,18,0.0541,0.0483,34,37,1.1,3.83,1.1
00-0025549,Brent Celek,TE,PHI,2015,15,0,0,0.0,0,,0,2,2,31,0.0488,0.0925,20,23,5.1,3.18,5.1
00-0025549,Brent Celek,TE,PHI,2015,16,0,0,0.0,0,,0,1,1,14,0.0182,0.0426,16,27,2.8,1.77,2.8
00-0025549,Brent Celek,TE,PHI,2015,17,0,0,0.0,0,,0,2,2,18,0.0526,0.0874,26,33,5.8,3.07,5.8
00-0025637,Ahmad Bradshaw,RB,IND,2015,6,0,0,0.0,0,,4,1,1,6,0.0208,0.0129,22,20,2.6,3.49,2.6
00-0025637,Ahmad Bradshaw,RB,IND,2015,7,0,0,0.0,0,,1,2,1,7,0.0465,0.0179,13,16,2.3,3.34,2.3
00-0025637,Ahmad Bradshaw,RB,IND,2015,8,0,0,0.0,0,,7,1,0,1,0.0222,0.0018,35,32,3.1,4.68,3.1
00-0025637,Ahmad Bradshaw,RB,IND,2015,9,0,0,0.0,0,,6,2,1,1,0.0571,0.0039,40,36,8.1,7.85,8.1
00-0025637,Ahmad Bradshaw,RB,IND,2015,11,0,0,0.0,0,,9,4,4,-4,0.125,-0.0215,27,32,21.2,12.08,21.2
00-0025637,Ahmad Bradshaw,RB,IND,2015,12,0,0,0.0,0,,4,4,3,0.0,0.1026,0.0,26,28,5.6,10.2,5.6
00-0025708,Matt Moore,QB,MIA,2015,7,1,1,1.99,0,24.741,3,0,0,0.0,0.0,0.0,35,36,0.4,0.13,0.36
00-0026008,Matthew Mulligan,TE,BUF,2015,2,0,0,0.0,0,,0,1,1,-1,0.0333,-0.0038,27,26,1.2,1.51,1.2
00-0026019,Danny Woodhead,RB,LAC,2015,1,0,0,0.0,0,,13,6,3,-9,0.1463,-0.0588,31,36,21.2,17.95,21.2
00-0026019,Danny Woodhead,RB,LAC,2015,2,0,0,0.0,0,,7,6,6,0.0,0.2222,0.0,25,31,16.4,12.11,16.4
00-0026019,Danny Woodhead,RB,LAC,2015,3,0,0,0.0,0,,5,4,3,3,0.1,0.0087,28,30,7.3,6.92,7.3
00-0026019,Danny Woodhead,RB,LAC,2015,4,0,0,0.0,0,,8,4,4,-8,0.1081,-0.0319,21,26,17.8,9.51,17.8
00-0026019,Danny Woodhead,RB,LAC,2015,5,0,0,0.0,0,,4,7,5,7,0.1458,0.028,19,31,12.6,11.64,12.6
00-0026019,Danny Woodhead,RB,LAC,2015,6,0,0,0.0,0,,7,7,5,2,0.1077,0.0031,21,30,12.1,17.11,12.1
00-0026019,Danny Woodhead,RB,LAC,2015,7,0,0,0.0,0,,5,12,11,-3,0.2182,-0.0093,21,38,33.1,24.61,33.1
00-0026019,Danny Woodhead,RB,LAC,2015,8,0,0,0.0,0,,3,3,2,-9,0.0833,-0.0435,26,34,6.5,5.62,6.5
00-0026019,Danny Woodhead,RB,LAC,2015,9,0,0,0.0,0,,6,10,6,24,0.2381,0.0797,19,28,23.1,19.62,23.1
00-0026019,Danny Woodhead,RB,LAC,2015,11,0,0,0.0,0,,6,2,1,-2,0.0667,-0.0072,25,23,2.6,5.36,2.6
00-0026019,Danny Woodhead,RB,LAC,2015,12,0,0,0.0,0,,4,6,6,19,0.1395,0.0657,26,32,10.7,12.39,10.7
00-0026019,Danny Woodhead,RB,LAC,2015,13,0,0,0.0,0,,3,7,3,5,0.2121,0.0206,23,27,6.4,11.58,6.4
00-0026019,Danny Woodhead,RB,LAC,2015,14,0,0,0.0,0,,3,6,3,9,0.1429,0.0228,18,24,4.3,9.02,4.3
00-0026019,Danny Woodhead,RB,LAC,2015,15,0,0,0.0,0,,8,6,6,35,0.1667,0.0994,36,44,36.0,20.34,36.0
00-0026019,Danny Woodhead,RB,LAC,2015,16,0,0,0.0,0,,11,10,8,-4,0.2041,-0.0114,25,36,18.8,21.5,18.8
00-0026019,Danny Woodhead,RB,LAC,2015,17,0,0,0.0,0,,5,10,8,10,0.2857,0.0351,29,36,14.2,14.98,14.2
00-0026035,Danny Amendola,WR,NE,2015,1,0,0,0.0,0,,0,3,2,41,0.0938,0.1745,24,25,4.4,5.76,4.4
00-0026035,Danny Amendola,WR,NE,2015,2,0,0,0.0,0,,1,2,1,33,0.0339,0.0659,15,18,4.2,3.83,4.2
00-0026035,Danny Amendola,WR,NE,2015,3,0,0,0.0,0,,0,5,5,14,0.122,0.0729,32,38,14.9,10.61,14.9
00-0026035,Danny Amendola,WR,NE,2015,5,0,0,0.0,0,,0,3,2,9,0.1111,0.0588,23,27,2.6,4.27,2.6
00-0026035,Danny Amendola,WR,NE,2015,6,0,0,0.0,0,,0,9,7,39,0.2432,0.1711,25,24,17.5,13.11,17.5
00-0026035,Danny Amendola,WR,NE,2015,7,0,0,0.0,0,,0,9,8,80,0.1667,0.2094,9,8,22.6,16.02,22.6
00-0026035,Danny Amendola,WR,NE,2015,8,0,0,0.0,0,,0,1,1,10,0.0263,0.031,26,32,2.1,1.65,2.1
00-0026035,Danny Amendola,WR,NE,2015,9,0,0,0.0,0,,1,5,4,12,0.1282,0.0446,37,41,7.2,8.35,7.2
00-0026035,Danny Amendola,WR,NE,2015,10,0,0,0.0,0,,0,11,10,67,0.2683,0.1537,23,24,17.9,17.5,17.9
00-0026035,Danny Amendola,WR,NE,2015,11,0,0,0.0,0,,0,12,9,64,0.3158,0.1844,22,25,20.7,16.89,20.7
00-0026035,Danny Amendola,WR,NE,2015,13,1,1,3.129,0,38.411,0,13,7,94,0.2321,0.1646,25,29,20.6,25.77,20.64
00-0026035,Danny Amendola,WR,NE,2015,14,0,0,0.0,0,,0,8,6,64,0.2667,0.2991,31,31,10.6,14.54,10.6
00-0026035,Danny Amendola,WR,NE,2015,15,0,0,0.0,0,,0,2,1,7,0.0588,0.035,26,20,1.3,2.86,1.3
00-0026035,Danny Amendola,WR,NE,2015,17,0,0,0.0,0,,0,4,2,59,0.16,0.298,27,31,3.7,6.49,3.7
00-0026143,Matt Ryan,QB,ATL,2015,1,34,23,1.314,1,2.047,5,0,0,0.0,0.0,0.0,35,33,16.6,18.99,16.62
00-0026143,Matt Ryan,QB,ATL,2015,2,46,30,17.222,2,-1.289,1,0,0,0.0,0.0,0.0,22,27,18.4,16.17,18.42
00-0026143,Matt Ryan,QB,ATL,2015,3,36,24,13.926,1,0.914,2,0,0,0.0,0.0,0.0,32,36,23.1,18.35,23.1
00-0026143,Matt Ryan,QB,ATL,2015,4,27,19,9.647,2,-4.028,1,0,0,0.0,0.0,0.0,35,39,14.1,10.35,14.14
00-0026143,Matt Ryan,QB,ATL,2015,5,42,24,-8.855,3,-7.493,3,0,0,0.0,0.0,0.0,32,36,6.2,24.23,8.16
00-0026143,Matt Ryan,QB,ATL,2015,6,44,30,5.926,5,0.305,4,0,0,0.0,0.0,0.0,21,28,18.8,18.47,18.8
00-0026143,Matt Ryan,QB,ATL,2015,7,38,22,-5.002,0,-4.44,2,0,0,0.0,0.0,0.0,31,32,9.7,19.01,9.74
00-0026143,Matt Ryan,QB,ATL,2015,8,45,37,20.911,1,13.273,3,0,0,0.0,0.0,0.0,27,33,20.1,19.33,18.08
00-0026143,Matt Ryan,QB,ATL,2015,9,45,30,-0.34,2,1.279,1,0,0,0.0,0.0,0.0,14,21,16.3,17.69,16.32
00-0026143,Matt Ryan,QB,ATL,2015,11,46,25,-3.715,1,-9.612,2,0,0,0.0,0.0,0.0,24,28,17.9,26.06,17.9
00-0026143,Matt Ryan,QB,ATL,2015,12,31,22,-0.875,2,4.129,1,0,0,0.0,0.0,0.0,24,24,9.1,13.33,9.1
00-0026143,Matt Ryan,QB,ATL,2015,13,45,30,-1.483,3,2.264,1,0,0,0.0,0.0,0.0,18,30,13.2,17.91,13.16
00-0026143,Matt Ryan,QB,ATL,2015,14,34,22,-7.717,3,0.53,1,0,0,0.0,0.0,0.0,16,20,4.9,11.57,6.86
00-0026143,Matt Ryan,QB,ATL,2015,15,35,22,6.122,1,-3.277,3,0,0,0.0,0.0,0.0,33,36,11.8,14.17,11.84
00-0026143,Matt Ryan,QB,ATL,2015,16,30,23,18.941,2,8.944,6,0,0,0.0,0.0,0.0,30,27,14.3,11.96,14.34
00-0026143,Matt Ryan,QB,ATL,2015,17,36,24,13.744,1,0.942,0,0,0,0.0,0.0,0.0,26,29,19.4,16.54,19.36
00-0026144,Darren McFadden,RB,DAL,2015,1,0,0,0.0,0,,6,1,1,2,0.0222,0.0109,23,34,4.5,4.34,4.5
00-0026144,Darren McFadden,RB,DAL,2015,2,0,0,0.0,0,,10,2,2,2,0.0588,0.0084,33,35,7.2,7.37,7.2
00-0026144,Darren McFadden,RB,DAL,2015,3,0,0,0.0,0,,6,0,0,0.0,0.0,0.0,21,33,9.5,5.48,9.5
00-0026144,Darren McFadden,RB,DAL,2015,4,0,0,0.0,0,,10,0,0,0.0,0.0,0.0,28,25,3.1,4.49,3.1
00-0026144,Darren McFadden,RB,DAL,2015,5,0,0,0.0,0,,5,10,9,-1,0.2564,-0.0043,24,34,16.8,19.77,16.8
00-0026144,Darren McFadden,RB,DAL,2015,7,0,0,0.0,0,,29,2,2,-4,0.0741,-0.0153,41,39,24.2,19.17,24.2
00-0026144,Darren McFadden,RB,DAL,2015,8,1,0,-0.361,0,-31.149,20,8,6,7,0.3077,0.0574,30,31,17.3,20.61,17.3
00-0026144,Darren McFadden,RB,DAL,2015,9,0,0,0.0,0,,27,2,1,6,0.0541,0.0203,29,28,13.2,15.38,13.2
00-0026144,Darren McFadden,RB,DAL,2015,10,0,0,0.0,0,,17,4,3,-8,0.1429,-0.0272,21,23,8.8,13.03,8.8
00-0026144,Darren McFadden,RB,DAL,2015,11,0,0,0.0,0,,29,3,3,-7,0.1071,-0.0263,38,40,17.9,15.88,17.9
00-0026144,Darren McFadden,RB,DAL,2015,12,0,0,0.0,0,,10,6,4,-4,0.1579,-0.0128,14,18,11.6,15.44,11.6
00-0026144,Darren McFadden,RB,DAL,2015,13,0,0,0.0,0,,14,1,1,2,0.0357,0.0076,24,23,8.9,12.26,8.9
00-0026144,Darren McFadden,RB,DAL,2015,14,0,0,0.0,0,,9,2,0,-1,0.0714,-0.0039,20,16,11.1,8.74,11.1
00-0026144,Darren McFadden,RB,DAL,2015,15,0,0,0.0,0,,16,3,2,0.0,0.0968,0.0,21,21,13.3,12.03,13.3
00-0026144,Darren McFadden,RB,DAL,2015,16,0,0,0.0,0,,19,1,1,-3,0.0333,-0.0105,25,25,10.8,10.25,10.8
00-0026144,Darren McFadden,RB,DAL,2015,17,0,0,0.0,0,,12,8,5,5,0.1667,0.0135,16,20,17.5,17.02,17.5
00-0026153,Jonathan Stewart,RB,CAR,2015,1,0,0,0.0,0,,18,4,4,6,0.129,0.0235,35,26,12.1,15.01,12.1
00-0026153,Jonathan Stewart,RB,CAR,2015,2,0,0,0.0,0,,17,1,1,-4,0.027,-0.0104,33,19,6.9,9.09,6.9
00-0026153,Jonathan Stewart,RB,CAR,2015,3,0,0,0.0,0,,14,1,0,4,0.0323,0.0119,30,18,5.2,8.71,5.2
00-0026153,Jonathan Stewart,RB,CAR,2015,4,0,0,0.0,0,,10,0,0,0.0,0.0,0.0,33,19,5.0,5.0,5.0
00-0026153,Jonathan Stewart,RB,CAR,2015,6,0,0,0.0,0,,20,1,1,0.0,0.0286,0.0,33,24,21.6,17.92,21.6
00-0026153,Jonathan Stewart,RB,CAR,2015,7,0,0,0.0,0,,24,1,0,-1,0.0417,-0.0048,33,25,12.5,12.56,12.5
00-0026153,Jonathan Stewart,RB,CAR,2015,8,0,0,0.0,0,,24,2,1,-6,0.0571,-0.0137,36,26,13.3,15.84,13.3
00-0026153,Jonathan Stewart,RB,CAR,2015,9,0,0,0.0,0,,20,2,1,4,0.069,0.0114,36,23,7.8,13.34,7.8
00-0026153,Jonathan Stewart,RB,CAR,2015,10,0,0,0.0,0,,22,0,0,0.0,0.0,0.0,34,22,15.1,16.5,15.1
00-0026153,Jonathan Stewart,RB,CAR,2015,11,0,0,0.0,0,,21,1,1,1,0.0294,0.0029,39,25,18.4,13.35,18.4
00-0026153,Jonathan Stewart,RB,CAR,2015,12,0,0,0.0,0,,21,4,3,-10,0.1481,-0.0526,37,24,10.7,16.51,10.7
00-0026153,Jonathan Stewart,RB,CAR,2015,13,0,0,0.0,0,,21,3,3,-3,0.0732,-0.0064,34,25,18.3,21.38,18.3
00-0026153,Jonathan Stewart,RB,CAR,2015,14,0,0,0.0,0,,10,1,1,-5,0.0385,-0.0167,32,20,15.9,11.23,15.9
00-0026158,Joe Flacco,QB,BAL,2015,1,32,18,-17.578,2,-8.127,0,0,0,0.0,0.0,0.0,23,28,0.7,10.48,0.68
00-0026158,Joe Flacco,QB,BAL,2015,2,45,32,16.852,0,10.86,2,0,0,0.0,0.0,0.0,25,31,21.6,21.75,21.56
00-0026158,Joe Flacco,QB,BAL,2015,3,49,32,6.436,0,-2.227,0,0,0,0.0,0.0,0.0,18,21,20.5,16.18,20.48
00-0026158,Joe Flacco,QB,BAL,2015,4,33,20,-9.593,5,-2.559,3,0,0,0.0,0.0,0.0,39,36,7.6,9.22,9.56
00-0026158,Joe Flacco,QB,BAL,2015,5,35,19,1.619,1,-11.979,2,0,0,0.0,0.0,0.0,31,33,24.6,29.56,24.6
00-0026158,Joe Flacco,QB,BAL,2015,6,53,33,4.475,0,2.803,0,0,0,0.0,0.0,0.0,22,29,17.7,24.81,17.72
00-0026158,Joe Flacco,QB,BAL,2015,7,40,26,5.845,3,-1.225,0,0,0,0.0,0.0,0.0,16,19,14.1,16.1,14.08
00-0026158,Joe Flacco,QB,BAL,2015,8,37,25,10.833,3,0.924,4,0,0,0.0,0.0,0.0,25,25,23.0,22.51,22.96
00-0026158,Joe Flacco,QB,BAL,2015,10,45,34,-4.811,1,8.562,2,0,0,0.0,0.0,0.0,21,24,20.3,21.64,22.34
00-0026158,Joe Flacco,QB,BAL,2015,11,44,27,-8.833,1,-5.051,0,0,0,0.0,0.0,0.0,28,31,12.0,14.47,11.96
00-0026164,Chris Johnson,RB,ARI,2015,1,0,0,0.0,0,,10,1,0,24,0.0312,0.067,25,24,3.7,6.54,3.7
00-0026164,Chris Johnson,RB,ARI,2015,2,0,0,0.0,0,,20,1,0,8,0.0435,0.0309,28,27,7.2,13.31,7.2
00-0026164,Chris Johnson,RB,ARI,2015,3,0,0,0.0,0,,22,2,1,0.0,0.0645,0.0,37,37,28.0,24.46,28.0
00-0026164,Chris Johnson,RB,ARI,2015,4,0,0,0.0,0,,16,3,3,-5,0.0667,-0.0124,21,26,12.4,19.78,12.4
00-0026164,Chris Johnson,RB,ARI,2015,5,0,0,0.0,0,,11,0,0,0.0,0.0,0.0,25,21,10.3,6.19,10.3
00-0026164,Chris Johnson,RB,ARI,2015,6,0,0,0.0,0,,14,1,1,2,0.0227,0.0037,20,22,5.5,8.84,5.5
00-0026164,Chris Johnson,RB,ARI,2015,7,0,0,0.0,0,,18,0,0,0.0,0.0,0.0,28,31,18.2,14.38,18.2
00-0026164,Chris Johnson,RB,ARI,2015,8,0,0,0.0,0,,30,1,0,0.0,0.027,0.0,38,36,6.9,16.66,6.9
00-0026164,Chris Johnson,RB,ARI,2015,10,0,0,0.0,0,,25,2,0,4,0.0444,0.0076,33,34,5.8,17.13,5.8
00-0026164,Chris Johnson,RB,ARI,2015,11,0,0,0.0,0,,18,2,1,6,0.0667,0.018,25,26,7.5,12.78,7.5
00-0026164,Chris Johnson,RB,ARI,2015,12,0,0,0.0,0,,12,0,0,0.0,0.0,0.0,29,31,1.7,10.85,1.7
00-0026182,Eddie Royal,WR,CHI,2015,1,0,0,0.0,0,,0,5,1,25,0.1429,0.0893,33,34,1.8,10.91,1.8
00-0026182,Eddie Royal,WR,CHI,2015,2,0,0,0.0,0,,0,8,7,37,0.25,0.1682,28,27,11.1,12.03,11.1
00-0026182,Eddie Royal,WR,CHI,2015,3,0,0,0.0,0,,0,3,3,14,0.1765,0.1037,27,25,4.7,3.91,4.7
00-0026182,Eddie Royal,WR,CHI,2015,4,0,0,0.0,0,,0,10,7,28,0.2326,0.1045,29,32,18.4,15.79,18.4
00-0026182,Eddie Royal,WR,CHI,2015,6,0,0,0.0,0,,0,7,5,-1,0.1707,-0.0029,31,33,9.9,13.84,9.9
00-0026182,Eddie Royal,WR,CHI,2015,8,0,0,0.0,0,,1,3,3,-1,0.0909,-0.003,25,26,3.1,4.61,3.1
00-0026182,Eddie Royal,WR,CHI,2015,14,0,0,0.0,0,,0,2,1,25,0.0645,0.0665,22,25,2.5,2.41,2.5
00-0026182,Eddie Royal,WR,CHI,2015,15,0,0,0.0,0,,0,6,5,47,0.1667,0.1502,20,28,8.1,9.19,8.1
00-0026182,Eddie Royal,WR,CHI,2015,16,0,0,0.0,0,,0,6,5,12,0.2222,0.1111,39,41,7.1,9.07,7.1
00-0026184,Matt Forte,RB,CHI,2015,1,0,0,0.0,0,,24,8,5,40,0.2286,0.1429,33,34,27.6,31.9,27.6
00-0026184,Matt Forte,RB,CHI,2015,2,0,0,0.0,0,,15,5,4,8,0.1562,0.0364,28,27,14.5,14.59,14.5
00-0026184,Matt Forte,RB,CHI,2015,3,0,0,0.0,0,,20,3,0,16,0.1765,0.1185,27,25,7.4,11.34,7.4
00-0026184,Matt Forte,RB,CHI,2015,4,0,0,0.0,0,,25,4,4,7,0.093,0.0261,29,32,17.5,19.99,17.5
00-0026184,Matt Forte,RB,CHI,2015,5,0,0,0.0,0,,18,7,5,7,0.1556,0.0204,26,28,21.9,18.34,21.9
00-0026184,Matt Forte,RB,CHI,2015,6,0,0,0.0,0,,24,5,3,32,0.122,0.0914,31,33,19.9,27.35,19.9
00-0026184,Matt Forte,RB,CHI,2015,8,0,0,0.0,0,,10,4,4,2,0.1212,0.0059,25,26,10.9,10.41,10.9
00-0026184,Matt Forte,RB,CHI,2015,12,0,0,0.0,0,,15,1,1,-3,0.0323,-0.0155,31,29,6.3,14.79,6.3
00-0026184,Matt Forte,RB,CHI,2015,13,0,0,0.0,0,,21,5,5,-1,0.1613,-0.0033,42,45,23.3,18.69,23.3
00-0026184,Matt Forte,RB,CHI,2015,14,0,0,0.0,0,,10,2,1,7,0.0645,0.0186,22,25,12.3,8.18,12.3
00-0026184,Matt Forte,RB,CHI,2015,15,0,0,0.0,0,,8,7,6,4,0.1944,0.0128,20,28,22.4,15.68,22.4
00-0026184,Matt Forte,RB,CHI,2015,16,0,0,0.0,0,,11,4,3,-5,0.1481,-0.0463,39,41,10.7,11.7,10.7
00-0026184,Matt Forte,RB,CHI,2015,17,0,0,0.0,0,,17,3,3,-2,0.1304,-0.0079,24,26,20.0,12.6,20.0
00-0026186,Jerome Simpson,WR,SF,2015,8,0,0,0.0,0,,0,10,3,130,0.2439,0.4797,21,19,6.4,12.97,6.4
00-0026186,Jerome Simpson,WR,SF,2015,9,0,0,0.0,0,,0,3,0,54,0.1154,0.2045,38,31,0.0,4.67,0.0
00-0026186,Jerome Simpson,WR,SF,2015,12,0,0,0.0,0,,0,1,0,6,0.0278,0.0206,17,20,0.0,1.43,0.0
00-0026186,Jerome Simpson,WR,SF,2015,14,0,0,0.0,0,,0,4,2,52,0.1429,0.2321,17,17,10.0,6.9,10.0
00-0026186,Jerome Simpson,WR,SF,2015,15,0,0,0.0,0,,0,1,0,27,0.02,0.0928,17,24,0.0,1.75,0.0
00-0026189,DeSean Jackson,WR,WAS,2015,1,0,0,0.0,0,,0,1,0,47,0.0323,0.1567,37,34,0.0,2.19,0.0
00-0026189,DeSean Jackson,WR,WAS,2015,9,0,0,0.0,0,,0,6,3,86,0.15,0.2471,15,19,4.5,9.41,4.5
00-0026189,DeSean Jackson,WR,WAS,2015,10,0,0,0.0,0,,0,5,2,72,0.2,0.5333,31,35,6.4,10.71,6.4
00-0026189,DeSean Jackson,WR,WAS,2015,11,0,0,0.0,0,,0,8,5,123,0.2667,0.5125,12,16,19.7,11.62,19.7
00-0026189,DeSean Jackson,WR,WAS,2015,12,0,0,0.0,0,,0,4,2,68,0.1379,0.2329,37,36,14.6,7.41,14.6
00-0026189,DeSean Jackson,WR,WAS,2015,13,0,0,0.0,0,,0,7,6,104,0.2258,0.3925,26,30,20.0,10.79,20.0
00-0026189,DeSean Jackson,WR,WAS,2015,14,0,0,0.0,0,,0,4,2,62,0.129,0.2707,33,32,6.3,6.51,6.3
00-0026189,DeSean Jackson,WR,WAS,2015,15,0,0,0.0,0,,0,8,6,128,0.2857,0.5541,27,25,27.3,13.44,27.3
00-0026189,DeSean Jackson,WR,WAS,2015,16,0,0,0.0,0,,0,6,4,80,0.1304,0.1882,26,29,8.0,11.56,8.0
00-0026201,Martellus Bennett,TE,CHI,2015,1,0,0,0.0,0,,0,7,5,37,0.2,0.1321,33,34,16.5,10.01,16.5
00-0026201,Martellus Bennett,TE,CHI,2015,2,0,0,0.0,0,,0,6,4,54,0.1875,0.2455,28,27,8.8,10.18,8.8
00-0026201,Martellus Bennett,TE,CHI,2015,3,0,0,0.0,0,,0,5,4,36,0.2941,0.2667,27,25,5.5,6.45,5.5
00-0026201,Martellus Bennett,TE,CHI,2015,4,0,0,0.0,0,,0,13,11,61,0.3023,0.2276,29,32,25.3,20.72,25.3
00-0026201,Martellus Bennett,TE,CHI,2015,5,0,0,0.0,0,,0,11,4,85,0.2444,0.2478,26,28,7.2,14.31,7.2
00-0026201,Martellus Bennett,TE,CHI,2015,6,0,0,0.0,0,,0,11,6,45,0.2683,0.1286,31,33,11.9,18.24,11.9
00-0026201,Martellus Bennett,TE,CHI,2015,8,0,0,0.0,0,,0,5,3,33,0.1515,0.0979,25,26,6.2,6.14,6.2
00-0026201,Martellus Bennett,TE,CHI,2015,9,0,0,0.0,0,,0,9,8,19,0.2368,0.0446,29,29,19.7,14.67,19.7
00-0026201,Martellus Bennett,TE,CHI,2015,10,0,0,0.0,0,,0,3,3,12,0.125,0.1224,37,41,4.8,4.19,4.8
00-0026201,Martellus Bennett,TE,CHI,2015,11,0,0,0.0,0,,0,6,2,68,0.1875,0.2118,25,25,4.6,9.88,4.6
00-0026201,Martellus Bennett,TE,CHI,2015,13,0,0,0.0,0,,0,4,3,1,0.129,0.0033,42,45,4.4,5.4,4.4
00-0026213,Jamaal Charles,RB,KC,2015,1,0,0,0.0,0,,16,8,5,-18,0.2581,-0.0933,32,28,21.3,19.74,21.3
00-0026213,Jamaal Charles,RB,KC,2015,2,0,0,0.0,0,,21,5,4,-21,0.2,-0.1858,28,28,18.7,20.9,18.7
00-0026213,Jamaal Charles,RB,KC,2015,3,0,0,0.0,0,,11,7,5,-12,0.175,-0.0476,18,16,31.2,20.32,31.2
00-0026213,Jamaal Charles,RB,KC,2015,4,0,0,0.0,0,,11,6,6,18,0.1395,0.0625,23,23,20.5,13.42,20.5
00-0026213,Jamaal Charles,RB,KC,2015,5,0,0,0.0,0,,12,4,1,17,0.1333,0.0904,25,23,9.4,12.97,9.4
00-0026224,Harry Douglas,WR,TEN,2015,1,0,0,0.0,0,,0,2,2,21,0.1333,0.2,32,27,10.4,4.88,10.4
00-0026224,Harry Douglas,WR,TEN,2015,2,0,0,0.0,0,,1,8,1,136,0.2162,0.3261,30,17,1.3,11.52,1.3
00-0026224,Harry Douglas,WR,TEN,2015,3,0,0,0.0,0,,0,6,3,56,0.1395,0.1315,27,24,5.0,9.16,5.0
00-0026224,Harry Douglas,WR,TEN,2015,5,0,0,0.0,0,,0,3,2,29,0.0938,0.1312,28,20,3.7,4.74,3.7
00-0026224,Harry Douglas,WR,TEN,2015,6,0,0,0.0,0,,0,4,1,34,0.1,0.1141,18,14,2.1,6.07,2.1
00-0026224,Harry Douglas,WR,TEN,2015,9,0,0,0.0,0,,0,5,5,33,0.1282,0.1162,28,20,12.3,7.69,12.3
00-0026224,Harry Douglas,WR,TEN,2015,10,0,0,0.0,0,,0,3,3,17,0.125,0.0794,21,14,5.6,3.97,5.6
00-0026224,Harry Douglas,WR,TEN,2015,11,0,0,0.0,0,,0,5,2,62,0.1515,0.1727,26,22,3.6,7.73,3.6
00-0026224,Harry Douglas,WR,TEN,2015,12,0,0,0.0,0,,0,8,3,80,0.2222,0.1975,18,17,11.9,12.81,11.9
00-0026224,Harry Douglas,WR,TEN,2015,13,0,0,0.0,0,,0,3,1,47,0.1034,0.1655,35,27,1.8,4.56,1.8
00-0026224,Harry Douglas,WR,TEN,2015,14,0,0,0.0,0,,0,7,3,62,0.175,0.1419,13,7,9.5,9.11,9.5
00-0026224,Harry Douglas,WR,TEN,2015,15,0,0,0.0,0,,0,4,2,100,0.1212,0.2967,21,28,3.5,6.27,3.5
00-0026224,Harry Douglas,WR,TEN,2015,16,0,0,0.0,0,,0,12,6,172,0.2353,0.4354,11,15,13.9,18.43,13.9
00-0026224,Harry Douglas,WR,TEN,2015,17,0,0,0.0,0,,0,2,2,18,0.08,0.1259,27,25,3.9,3.0,3.9
00-0026225,Craig Stevens,TE,TEN,2015,2,0,0,0.0,0,,0,1,1,13,0.027,0.0312,30,17,2.3,1.62,2.3
00-0026225,Craig Stevens,TE,TEN,2015,3,0,0,0.0,0,,0,2,2,25,0.0465,0.0587,27,24,4.9,2.67,4.9
00-0026225,Craig Stevens,TE,TEN,2015,5,0,0,0.0,0,,0,2,1,9,0.0625,0.0407,28,20,1.1,2.69,1.1
00-0026225,Craig Stevens,TE,TEN,2015,8,0,0,0.0,0,,0,1,1,5,0.0323,0.0223,20,19,1.9,1.62,1.9
00-0026225,Craig Stevens,TE,TEN,2015,9,0,0,0.0,0,,0,3,2,15,0.0769,0.0528,28,20,4.5,4.86,4.5
00-0026225,Craig Stevens,TE,TEN,2015,11,0,0,0.0,0,,0,1,0,15,0.0303,0.0418,26,22,0.0,1.99,0.0
00-0026225,Craig Stevens,TE,TEN,2015,12,0,0,0.0,0,,0,2,1,28,0.0556,0.0691,18,17,9.0,6.47,9.0
00-0026225,Craig Stevens,TE,TEN,2015,13,0,0,0.0,0,,0,2,2,8,0.069,0.0282,35,27,9.1,5.71,9.1
00-0026225,Craig Stevens,TE,TEN,2015,15,0,0,0.0,0,,0,1,1,3,0.0303,0.0089,21,28,1.5,1.3,1.5
00-0026225,Craig Stevens,TE,TEN,2015,16,0,0,0.0,0,,0,1,1,0.0,0.0196,0.0,11,15,1.8,1.27,1.8
00-0026237,Andre Caldwell,WR,DEN,2015,1,0,0,0.0,0,,0,1,1,0.0,0.025,0.0,25,28,1.1,1.32,1.1
00-0026237,Andre Caldwell,WR,DEN,2015,2,0,0,0.0,0,,0,2,1,23,0.0444,0.0509,22,22,1.6,2.71,1.6
00-0026237,Andre Caldwell,WR,DEN,2015,3,0,0,0.0,0,,0,1,1,0.0,0.0238,0.0,19,20,1.2,1.32,1.2
00-0026237,Andre Caldwell,WR,DEN,2015,4,0,0,0.0,0,,0,1,0,4,0.037,0.0169,24,24,0.0,1.35,0.0
00-0026237,Andre Caldwell,WR,DEN,2015,6,0,0,0.0,0,,0,2,2,17,0.0426,0.0365,33,40,3.8,2.92,3.8
00-0026237,Andre Caldwell,WR,DEN,2015,8,0,0,0.0,0,,0,2,1,28,0.069,0.0924,34,36,3.4,3.76,3.4
00-0026237,Andre Caldwell,WR,DEN,2015,9,0,0,0.0,0,,0,1,0,22,0.0278,0.0566,14,15,0.0,1.39,0.0
00-0026237,Andre Caldwell,WR,DEN,2015,10,0,0,0.0,0,,0,5,2,42,0.1163,0.0888,16,15,9.3,9.22,9.3
00-0026237,Andre Caldwell,WR,DEN,2015,12,0,0,0.0,0,,0,4,2,37,0.0952,0.0954,32,35,8.8,6.74,8.8
00-0026237,Andre Caldwell,WR,DEN,2015,13,0,0,0.0,0,,1,0,0,0.0,0.0,0.0,39,36,0.3,1.63,0.3
00-0026237,Andre Caldwell,WR,DEN,2015,15,0,0,0.0,0,,0,2,0,27,0.0455,0.0523,25,19,0.0,3.36,0.0
00-0026237,Andre Caldwell,WR,DEN,2015,16,0,0,0.0,0,,0,1,0,17,0.0256,0.0466,21,23,0.0,1.57,0.0
00-0026267,Jacob Tamme,TE,ATL,2015,1,0,0,0.0,0,,0,3,3,15,0.0882,0.0508,35,33,4.9,4.87,4.9
00-0026267,Jacob Tamme,TE,ATL,2015,2,0,0,0.0,0,,0,6,4,47,0.1304,0.1722,22,27,11.7,8.79,11.7
00-0026267,Jacob Tamme,TE,ATL,2015,3,0,0,0.0,0,,0,1,1,7,0.0286,0.0268,32,36,1.8,1.64,1.8
00-0026267,Jacob Tamme,TE,ATL,2015,5,0,0,0.0,0,,0,10,8,91,0.2381,0.2198,32,36,17.4,16.26,17.4
00-0026267,Jacob Tamme,TE,ATL,2015,6,0,0,0.0,0,,0,5,3,26,0.1163,0.0828,21,28,6.2,8.05,6.2
00-0026267,Jacob Tamme,TE,ATL,2015,7,0,0,0.0,0,,0,6,3,42,0.1579,0.1395,31,32,6.6,13.8,6.6
00-0026267,Jacob Tamme,TE,ATL,2015,8,0,0,0.0,0,,0,12,10,93,0.2667,0.3444,27,33,26.3,21.23,26.3
00-0026267,Jacob Tamme,TE,ATL,2015,9,0,0,0.0,0,,0,10,6,73,0.2222,0.2332,14,21,12.1,15.53,12.1
00-0026267,Jacob Tamme,TE,ATL,2015,11,0,0,0.0,0,,0,3,1,27,0.0652,0.0556,24,28,2.6,4.82,2.6
00-0026267,Jacob Tamme,TE,ATL,2015,12,0,0,0.0,0,,0,6,5,72,0.1935,0.2392,24,24,11.9,10.48,11.9
00-0026267,Jacob Tamme,TE,ATL,2015,13,0,0,0.0,0,,0,4,3,48,0.0909,0.1472,18,30,5.6,5.86,5.6
00-0026267,Jacob Tamme,TE,ATL,2015,14,0,0,0.0,0,,0,5,4,26,0.122,0.0989,16,20,6.6,6.1,6.6
00-0026267,Jacob Tamme,TE,ATL,2015,15,0,0,0.0,0,,0,1,0,-4,0.0286,-0.0167,33,36,0.0,1.35,0.0
00-0026267,Jacob Tamme,TE,ATL,2015,16,0,0,0.0,0,,0,4,4,22,0.1379,0.0887,30,27,6.9,5.7,6.9
00-0026267,Jacob Tamme,TE,ATL,2015,17,0,0,0.0,0,,0,5,4,55,0.1389,0.1567,26,29,10.1,8.8,10.1
00-0026281,Gary Barnidge,TE,CLE,2015,1,0,0,0.0,0,,0,5,3,41,0.1562,0.1694,28,24,6.8,7.19,6.8
00-0026281,Gary Barnidge,TE,CLE,2015,2,0,0,0.0,0,,0,1,1,2,0.0667,0.0088,30,27,2.7,1.34,2.7
00-0026281,Gary Barnidge,TE,CLE,2015,3,0,0,0.0,0,,0,10,6,96,0.2041,0.1758,14,21,22.5,17.95,22.5
00-0026281,Gary Barnidge,TE,CLE,2015,4,0,0,0.0,0,,0,6,6,44,0.15,0.2418,21,34,19.5,12.28,19.5
00-0026281,Gary Barnidge,TE,CLE,2015,5,0,0,0.0,0,,0,10,8,101,0.1961,0.2446,25,30,27.9,15.57,27.9
00-0026281,Gary Barnidge,TE,CLE,2015,6,0,0,0.0,0,,0,9,3,144,0.2308,0.4311,33,36,18.9,14.93,18.9
00-0026281,Gary Barnidge,TE,CLE,2015,7,0,0,0.0,0,,0,7,6,65,0.1944,0.3155,24,28,16.1,11.25,16.1
00-0026281,Gary Barnidge,TE,CLE,2015,8,0,0,0.0,0,,0,11,7,84,0.275,0.2569,20,17,18.3,16.52,18.3
00-0026281,Gary Barnidge,TE,CLE,2015,9,0,0,0.0,0,,0,7,2,88,0.2121,0.2812,17,18,5.5,11.71,5.5
00-0026281,Gary Barnidge,TE,CLE,2015,10,0,0,0.0,0,,0,8,6,68,0.1778,0.2313,14,15,18.5,15.67,18.5
00-0026281,Gary Barnidge,TE,CLE,2015,12,0,0,0.0,0,,0,11,7,105,0.2292,0.2549,18,20,16.1,16.46,16.1
00-0026281,Gary Barnidge,TE,CLE,2015,13,0,0,0.0,0,,0,8,5,83,0.2222,0.2757,19,21,10.9,11.99,10.9
00-0026281,Gary Barnidge,TE,CLE,2015,14,0,0,0.0,0,,0,7,5,66,0.2258,0.2821,41,36,19.4,14.89,19.4
00-0026281,Gary Barnidge,TE,CLE,2015,15,0,0,0.0,0,,0,4,3,31,0.129,0.1713,17,21,11.9,6.68,11.9
00-0026281,Gary Barnidge,TE,CLE,2015,16,0,0,0.0,0,,0,8,3,86,0.2759,0.2905,36,27,7.7,10.26,7.7
00-0026281,Gary Barnidge,TE,CLE,2015,17,0,0,0.0,0,,0,13,8,97,0.2826,0.2672,23,23,14.6,22.41,14.6
00-0026289,Tim Hightower,RB,NO,2015,10,0,0,0.0,0,,11,0,0,0.0,0.0,0.0,25,29,4.6,5.94,4.6
00-0026289,Tim Hightower,RB,NO,2015,13,0,0,0.0,0,,1,0,0,0.0,0.0,0.0,14,18,0.2,0.44,0.2
00-0026289,Tim Hightower,RB,NO,2015,14,0,0,0.0,0,,28,1,1,-2,0.0244,-0.0071,35,36,16.5,16.4,16.5
00-0026289,Tim Hightower,RB,NO,2015,15,0,0,0.0,0,,13,4,3,6,0.0769,0.0152,18,21,11.5,17.33,11.5
00-0026289,Tim Hightower,RB,NO,2015,16,0,0,0.0,0,,27,3,3,-7,0.0857,-0.0185,35,34,31.9,24.06,31.9
00-0026289,Tim Hightower,RB,NO,2015,17,0,0,0.0,0,,16,5,5,5,0.1163,0.0129,22,30,21.7,18.31,21.7
00-0026293,Matthew Slater,WR,NE,2015,5,0,0,0.0,0,,0,1,0,34,0.037,0.2222,23,27,0.0,1.8,0.0
00-0026298,Kellen Davis,TE,NYJ,2015,1,0,0,0.0,0,,0,1,0,2,0.0417,0.0079,36,35,0.0,1.41,0.0
00-0026298,Kellen Davis,TE,NYJ,2015,6,0,0,0.0,0,,0,1,0,14,0.0385,0.0737,41,43,0.0,1.07,0.0
00-0026298,Kellen Davis,TE,NYJ,2015,8,0,0,0.0,0,,0,1,1,1,0.0213,0.0025,21,22,7.1,2.49,7.1
00-0026298,Kellen Davis,TE,NYJ,2015,9,0,0,0.0,0,,0,1,0,10,0.0294,0.045,28,28,0.0,1.56,0.0
00-0026298,Kellen Davis,TE,NYJ,2015,10,0,0,0.0,0,,0,1,0,7,0.0294,0.0174,24,23,0.0,2.79,0.0
00-0026298,Kellen Davis,TE,NYJ,2015,13,0,0,0.0,0,,0,3,1,34,0.06,0.1097,24,32,1.8,6.33,1.8
00-0026298,Kellen Davis,TE,NYJ,2015,15,0,0,0.0,0,,0,2,1,5,0.0513,0.0161,26,30,1.9,2.71,1.9
00-0026298,Kellen Davis,TE,NYJ,2015,17,0,0,0.0,0,,0,1,0,15,0.0278,0.0364,17,17,0.0,1.8,0.0
00-0026345,Pierre Garcon,WR,WAS,2015,1,0,0,0.0,0,,0,8,6,120,0.2581,0.4,37,34,13.4,13.35,13.4
00-0026345,Pierre Garcon,WR,WAS,2015,2,0,0,0.0,0,,0,7,6,32,0.2593,0.1928,37,43,14.3,11.44,14.3
00-0026345,Pierre Garcon,WR,WAS,2015,3,0,0,0.0,0,,0,12,5,163,0.2449,0.3483,20,27,11.4,17.32,11.4
00-0026345,Pierre Garcon,WR,WAS,2015,4,0,0,0.0,0,,0,8,7,59,0.1739,0.1879,32,34,18.5,13.37,18.5
00-0026345,Pierre Garcon,WR,WAS,2015,5,0,0,0.0,0,,0,8,3,101,0.25,0.4633,24,29,8.1,16.77,8.1
00-0026345,Pierre Garcon,WR,WAS,2015,6,0,0,0.0,0,,0,8,5,64,0.1818,0.1707,17,23,13.8,10.53,13.8
00-0026345,Pierre Garcon,WR,WAS,2015,7,0,0,0.0,0,,0,6,5,44,0.15,0.166,19,19,10.5,10.95,10.5
00-0026345,Pierre Garcon,WR,WAS,2015,9,0,0,0.0,0,,0,8,4,113,0.2,0.3247,15,19,11.0,14.15,11.0
00-0026345,Pierre Garcon,WR,WAS,2015,10,0,0,0.0,0,,0,2,2,4,0.08,0.0296,31,35,3.0,2.65,3.0
00-0026345,Pierre Garcon,WR,WAS,2015,11,0,0,0.0,0,,0,4,3,45,0.1333,0.1875,12,16,7.3,5.77,7.3
00-0026345,Pierre Garcon,WR,WAS,2015,12,0,0,0.0,0,,0,6,3,85,0.2069,0.2911,37,36,6.5,11.77,6.5
00-0026345,Pierre Garcon,WR,WAS,2015,13,0,0,0.0,0,,0,7,5,77,0.2258,0.2906,26,30,10.4,10.33,10.4
00-0026345,Pierre Garcon,WR,WAS,2015,14,0,0,0.0,0,,0,7,5,63,0.2258,0.2751,33,32,10.2,10.08,10.2
00-0026345,Pierre Garcon,WR,WAS,2015,15,0,0,0.0,0,,0,4,3,34,0.1429,0.1472,27,25,12.4,8.8,12.4
00-0026345,Pierre Garcon,WR,WAS,2015,16,0,0,0.0,0,,0,12,7,145,0.2609,0.3412,26,29,21.0,21.05,21.0
00-0026345,Pierre Garcon,WR,WAS,2015,17,0,0,0.0,0,,0,4,3,40,0.1538,0.2128,36,34,13.9,8.21,13.9
00-0026364,Steve Johnson,WR,LAC,2015,1,0,0,0.0,0,,0,6,6,7,0.1463,0.0458,31,36,20.2,8.9,20.2
00-0026364,Steve Johnson,WR,LAC,2015,2,0,0,0.0,0,,0,6,5,39,0.2222,0.2191,25,31,15.5,8.48,15.5
00-0026364,Steve Johnson,WR,LAC,2015,3,0,0,0.0,0,,0,5,3,19,0.125,0.0554,28,30,7.6,6.17,7.6
00-0026364,Steve Johnson,WR,LAC,2015,4,0,0,0.0,0,,0,8,4,58,0.2162,0.2311,21,26,7.2,11.85,7.2
00-0026364,Steve Johnson,WR,LAC,2015,7,0,0,0.0,0,,0,8,4,81,0.1455,0.2508,21,38,9.0,12.25,9.0
00-0026364,Steve Johnson,WR,LAC,2015,8,0,0,0.0,0,,0,4,2,27,0.1111,0.1304,26,34,4.8,4.97,4.8
00-0026364,Steve Johnson,WR,LAC,2015,9,0,0,0.0,0,,0,10,7,59,0.2381,0.196,19,28,13.8,17.63,13.8
00-0026364,Steve Johnson,WR,LAC,2015,11,0,0,0.0,0,,0,8,7,44,0.2667,0.1583,25,23,12.4,11.5,12.4
00-0026364,Steve Johnson,WR,LAC,2015,12,0,0,0.0,0,,0,10,7,44,0.2326,0.1522,26,32,22.2,17.86,22.2
00-0026373,Justin Forsett,RB,BAL,2015,1,0,0,0.0,0,,14,7,4,5,0.2188,0.026,23,28,9.6,14.74,9.6
00-0026373,Justin Forsett,RB,BAL,2015,2,0,0,0.0,0,,15,4,4,-3,0.0889,-0.0066,25,31,12.0,13.15,12.0
00-0026373,Justin Forsett,RB,BAL,2015,3,0,0,0.0,0,,10,7,4,8,0.1458,0.0278,18,21,6.9,14.18,6.9
00-0026373,Justin Forsett,RB,BAL,2015,4,0,0,0.0,0,,27,1,0,-2,0.0303,-0.0102,39,36,15.0,13.22,15.0
00-0026373,Justin Forsett,RB,BAL,2015,5,0,0,0.0,0,,21,5,4,-1,0.1429,-0.0045,31,33,27.0,23.13,27.0
00-0026373,Justin Forsett,RB,BAL,2015,6,0,0,0.0,0,,17,8,7,10,0.1538,0.0177,22,29,17.1,24.92,17.1
00-0026373,Justin Forsett,RB,BAL,2015,7,0,0,0.0,0,,12,4,3,3,0.1026,0.0124,16,19,13.4,11.54,13.4
00-0026373,Justin Forsett,RB,BAL,2015,8,0,0,0.0,0,,17,1,1,3,0.027,0.0101,25,25,8.4,9.59,8.4
00-0026373,Justin Forsett,RB,BAL,2015,10,0,0,0.0,0,,14,4,4,-2,0.0889,-0.0056,21,24,10.4,11.89,10.4
00-0026373,Justin Forsett,RB,BAL,2015,11,0,0,0.0,0,,4,0,0,0.0,0.0,0.0,28,31,2.6,1.93,2.6
00-0026498,Matthew Stafford,QB,DET,2015,1,30,19,-1.256,1,2.592,1,0,0,0.0,0.0,0.0,16,23,13.7,13.42,13.74
00-0026498,Matthew Stafford,QB,DET,2015,2,53,32,4.408,1,-3.408,4,0,0,0.0,0.0,0.0,16,19,19.4,21.25,19.44
00-0026498,Matthew Stafford,QB,DET,2015,3,45,31,-8.969,4,-0.113,1,1,1,-7,0.0222,-0.0323,19,29,9.6,14.55,11.58
00-0026498,Matthew Stafford,QB,DET,2015,4,35,24,1.161,0,0.757,0,0,0,0.0,0.0,0.0,18,24,8.1,8.47,8.12
00-0026498,Matthew Stafford,QB,DET,2015,5,32,20,-10.608,1,-5.9,1,0,0,0.0,0.0,0.0,18,28,5.7,10.79,5.72
00-0026498,Matthew Stafford,QB,DET,2015,6,42,27,10.746,2,2.99,6,0,0,0.0,0.0,0.0,32,30,33.9,30.89,33.9
00-0026498,Matthew Stafford,QB,DET,2015,7,26,18,-5.609,7,3.362,1,0,0,0.0,0.0,0.0,17,20,18.7,15.65,18.74
00-0026498,Matthew Stafford,QB,DET,2015,8,36,22,-12.358,6,-5.641,1,0,0,0.0,0.0,0.0,14,19,9.2,11.75,9.18
00-0026498,Matthew Stafford,QB,DET,2015,10,38,24,3.537,0,-4.948,2,0,0,0.0,0.0,0.0,26,28,15.8,16.99,15.78
00-0026498,Matthew Stafford,QB,DET,2015,11,35,22,5.981,4,-2.667,6,0,0,0.0,0.0,0.0,31,31,20.4,21.29,20.38
00-0026498,Matthew Stafford,QB,DET,2015,12,38,27,22.625,2,4.112,2,0,0,0.0,0.0,0.0,30,36,34.8,28.59,34.78
00-0026498,Matthew Stafford,QB,DET,2015,13,35,23,-4.138,3,0.203,2,0,0,0.0,0.0,0.0,25,29,17.0,19.09,19.0
00-0026498,Matthew Stafford,QB,DET,2015,14,46,30,-12.658,4,-5.981,2,0,0,0.0,0.0,0.0,20,28,16.3,15.22,16.3
00-0026498,Matthew Stafford,QB,DET,2015,15,25,22,16.131,3,13.488,4,0,0,0.0,0.0,0.0,23,25,22.1,19.06,22.06
00-0026498,Matthew Stafford,QB,DET,2015,16,37,29,5.283,2,6.35,5,0,0,0.0,0.0,0.0,28,35,21.1,21.86,21.14
00-0026498,Matthew Stafford,QB,DET,2015,17,39,28,10.344,4,10.219,6,0,0,0.0,0.0,0.0,21,22,24.9,17.61,24.92
00-0026544,Chase Daniel,QB,KC,2015,8,2,2,0.639,0,22.098,0,0,0,0.0,0.0,0.0,32,30,0.2,0.54,0.16
00-0026544,Chase Daniel,QB,KC,2015,15,0,0,0.0,0,,2,0,0,0.0,0.0,0.0,28,23,-0.2,-0.2,-0.2
00-0026577,Marcus Thigpen,WR,BUF,2015,15,0,0,0.0,0,,1,0,0,0.0,0.0,0.0,31,23,-0.1,0.65,-0.1
00-0026625,Brian Hoyer,QB,HOU,2015,1,34,18,-12.232,4,-10.782,0,0,0,0.0,0.0,0.0,21,23,9.4,12.06,11.44
00-0026625,Brian Hoyer,QB,HOU,2015,4,30,17,13.387,1,3.299,0,0,0,0.0,0.0,0.0,17,23,17.3,19.01,17.28
00-0026625,Brian Hoyer,QB,HOU,2015,5,31,24,17.101,0,11.731,1,0,0,0.0,0.0,0.0,28,38,19.9,10.86,19.88
00-0026625,Brian Hoyer,QB,HOU,2015,6,36,24,17.383,1,4.429,5,0,0,0.0,0.0,0.0,31,32,24.2,14.14,24.22
00-0026625,Brian Hoyer,QB,HOU,2015,7,49,23,-3.402,4,-15.8,0,0,0,0.0,0.0,0.0,25,32,20.9,20.32,20.92
00-0026625,Brian Hoyer,QB,HOU,2015,8,35,23,-3.667,3,1.387,1,0,0,0.0,0.0,0.0,23,30,17.3,14.57,17.3
00-0026625,Brian Hoyer,QB,HOU,2015,10,22,12,-1.922,2,-9.813,1,0,0,0.0,0.0,0.0,25,24,4.4,9.85,4.42
00-0026625,Brian Hoyer,QB,HOU,2015,12,27,21,3.987,1,9.087,3,0,0,0.0,0.0,0.0,38,36,13.9,13.48,13.9
00-0026625,Brian Hoyer,QB,HOU,2015,13,43,26,2.706,2,2.141,3,0,0,0.0,0.0,0.0,26,26,23.2,14.3,23.22
00-0026625,Brian Hoyer,QB,HOU,2015,14,22,11,-17.705,5,-7.188,1,0,0,0.0,0.0,0.0,22,23,4.1,8.45,6.1
00-0026625,Brian Hoyer,QB,HOU,2015,17,40,25,-1.106,2,-3.292,0,0,0,0.0,0.0,0.0,31,37,12.0,18.86,11.96
00-0026739,Jordan Norwood,WR,DEN,2015,1,0,0,0.0,0,,0,5,2,50,0.125,0.1736,25,28,4.5,7.54,4.5
00-0026739,Jordan Norwood,WR,DEN,2015,2,0,0,0.0,0,,0,5,3,22,0.1111,0.0487,22,22,4.4,7.81,4.4
00-0026739,Jordan Norwood,WR,DEN,2015,3,0,0,0.0,0,,0,3,3,3,0.0714,0.0115,19,20,5.7,3.98,5.7
00-0026739,Jordan Norwood,WR,DEN,2015,5,0,0,0.0,0,,0,3,2,34,0.0857,0.1185,18,22,3.5,5.59,3.5
00-0026739,Jordan Norwood,WR,DEN,2015,6,0,0,0.0,0,,0,2,1,11,0.0426,0.0236,33,40,0.9,2.92,0.9
00-0026739,Jordan Norwood,WR,DEN,2015,11,0,0,0.0,0,,0,1,1,7,0.037,0.0383,36,36,1.8,2.38,1.8
00-0026739,Jordan Norwood,WR,DEN,2015,14,0,0,0.0,0,,0,1,1,5,0.0196,0.0167,21,28,1.5,1.37,1.5
00-0026739,Jordan Norwood,WR,DEN,2015,15,0,0,0.0,0,,0,2,2,29,0.0455,0.0562,25,19,4.9,3.59,4.9
00-0026739,Jordan Norwood,WR,DEN,2015,16,0,0,0.0,0,,0,6,4,59,0.1538,0.1616,21,23,7.7,8.34,7.7
00-0026739,Jordan Norwood,WR,DEN,2015,17,0,0,0.0,0,,0,4,3,56,0.129,0.1505,32,33,7.8,6.67,7.8
00-0026796,Arian Foster,RB,HOU,2015,4,0,0,0.0,0,,8,5,3,26,0.0877,0.0327,17,23,4.5,11.86,4.5
00-0026796,Arian Foster,RB,HOU,2015,5,0,0,0.0,0,,19,10,9,27,0.2439,0.0662,28,38,20.8,23.9,20.8
00-0026796,Arian Foster,RB,HOU,2015,6,0,0,0.0,0,,18,6,5,1,0.1667,0.0034,31,32,22.2,18.54,22.2
00-0026796,Arian Foster,RB,HOU,2015,7,0,0,0.0,0,,18,7,5,36,0.1429,0.0997,25,32,29.5,23.96,29.5
00-0026855,Antone Smith,RB,CHI,2015,9,0,0,0.0,0,,1,0,0,0.0,0.0,0.0,29,29,1.1,0.43,1.1
00-0026898,Mark Sanchez,QB,PHI,2015,10,23,14,-1.218,0,-3.948,2,0,0,0.0,0.0,0.0,35,45,4.6,10.05,4.64
00-0026898,Mark Sanchez,QB,PHI,2015,11,41,26,-9.239,3,-8.141,2,0,0,0.0,0.0,0.0,28,33,13.8,11.32,13.84
00-0026898,Mark Sanchez,QB,PHI,2015,12,27,19,-2.257,6,2.923,2,0,0,0.0,0.0,0.0,25,28,14.4,11.15,16.36
00-0026901,Mike Wallace,WR,MIN,2015,1,0,0,0.0,0,,0,7,6,104,0.2258,0.3768,17,22,12.3,12.6,12.3
00-0026901,Mike Wallace,WR,MIN,2015,2,0,0,0.0,0,,0,3,3,35,0.1667,0.4167,42,36,6.8,4.97,6.8
00-0026901,Mike Wallace,WR,MIN,2015,3,0,0,0.0,0,,0,4,3,50,0.1667,0.2538,31,31,7.9,7.47,7.9
00-0026901,Mike Wallace,WR,MIN,2015,4,0,0,0.0,0,,0,10,8,80,0.2439,0.2346,21,23,22.3,16.34,22.3
00-0026901,Mike Wallace,WR,MIN,2015,6,0,0,0.0,0,,0,9,2,109,0.2903,0.3772,35,34,4.3,15.63,4.3
00-0026901,Mike Wallace,WR,MIN,2015,7,0,0,0.0,0,,0,5,4,33,0.1471,0.1183,35,34,7.6,9.51,7.6
00-0026901,Mike Wallace,WR,MIN,2015,8,0,0,0.0,0,,0,4,0,79,0.1379,0.3405,25,28,0.0,7.6,0.0
00-0026901,Mike Wallace,WR,MIN,2015,9,0,0,0.0,0,,0,6,1,85,0.2222,0.3427,35,35,1.4,10.05,1.4
00-0026901,Mike Wallace,WR,MIN,2015,10,0,0,0.0,0,,0,2,1,15,0.0952,0.1724,33,34,3.2,4.13,3.2
00-0026901,Mike Wallace,WR,MIN,2015,11,0,0,0.0,0,,1,2,0,52,0.0541,0.1812,18,18,0.6,3.69,0.6
00-0026901,Mike Wallace,WR,MIN,2015,13,0,0,0.0,0,,0,3,2,32,0.1071,0.1553,16,21,6.3,4.38,6.3
00-0026901,Mike Wallace,WR,MIN,2015,14,0,0,0.0,0,,0,5,3,23,0.1515,0.1055,24,27,13.2,8.01,13.2
00-0026901,Mike Wallace,WR,MIN,2015,15,0,0,0.0,0,,0,3,3,31,0.15,0.6327,36,35,6.7,5.27,6.7
00-0026901,Mike Wallace,WR,MIN,2015,16,0,0,0.0,0,,0,6,2,32,0.24,0.1675,40,37,3.1,9.16,3.1
00-0026901,Mike Wallace,WR,MIN,2015,17,0,0,0.0,0,,0,3,1,14,0.1765,0.0819,27,27,3.2,3.83,3.2
00-0026957,David Johnson,TE,LAC,2015,3,0,0,0.0,0,,1,0,0,0.0,0.0,0.0,28,30,0.2,0.25,0.2
00-0026957,David Johnson,TE,LAC,2015,4,0,0,0.0,0,,0,1,0,0.0,0.027,0.0,21,26,0.0,1.31,0.0
00-0026957,David Johnson,TE,LAC,2015,13,0,0,0.0,0,,1,0,0,0.0,0.0,0.0,23,27,0.2,0.28,0.2
00-0026957,David Johnson,TE,LAC,2015,16,0,0,0.0,0,,0,1,1,0.0,0.0204,0.0,25,36,-0.6,1.29,-0.6
00-0026983,Darrius Heyward-Bey,WR,PIT,2015,1,0,0,0.0,0,,0,7,4,120,0.1842,0.2697,25,26,9.8,10.84,9.8
00-0026983,Darrius Heyward-Bey,WR,PIT,2015,2,0,0,0.0,0,,0,5,4,85,0.1852,0.2436,25,25,17.7,9.93,17.7
00-0026983,Darrius Heyward-Bey,WR,PIT,2015,3,0,0,0.0,0,,0,3,3,2,0.1,0.0112,22,27,4.9,5.34,4.9
00-0026983,Darrius Heyward-Bey,WR,PIT,2015,4,0,0,0.0,0,,0,5,4,49,0.1923,0.2753,33,31,13.1,9.44,13.1
00-0026983,Darrius Heyward-Bey,WR,PIT,2015,5,0,0,0.0,0,,0,6,2,150,0.25,0.463,27,30,4.4,9.45,4.4
00-0026983,Darrius Heyward-Bey,WR,PIT,2015,6,0,0,0.0,0,,0,1,0,22,0.05,0.1005,32,25,0.0,1.46,0.0
00-0026983,Darrius Heyward-Bey,WR,PIT,2015,8,0,0,0.0,0,,0,2,0,59,0.0444,0.1291,19,25,0.0,3.43,0.0
00-0026983,Darrius Heyward-Bey,WR,PIT,2015,9,0,0,0.0,0,,0,2,0,14,0.04,0.0277,30,30,0.0,2.82,0.0
00-0026983,Darrius Heyward-Bey,WR,PIT,2015,13,0,0,0.0,0,,0,2,1,45,0.0513,0.0891,32,35,3.1,4.48,3.1
00-0026983,Darrius Heyward-Bey,WR,PIT,2015,16,0,0,0.0,0,,0,1,1,5,0.0294,0.0165,20,25,2.0,1.55,2.0
00-0026983,Darrius Heyward-Bey,WR,PIT,2015,17,0,0,0.0,0,,0,5,2,156,0.1389,0.3603,19,19,9.4,9.68,9.4
00-0026986,Michael Crabtree,WR,LV,2015,1,0,0,0.0,0,,0,8,5,67,0.186,0.3004,16,26,8.7,10.97,8.7
00-0026986,Michael Crabtree,WR,LV,2015,2,0,0,0.0,0,,0,16,9,198,0.3478,0.5025,19,21,26.1,28.1,26.1
00-0026986,Michael Crabtree,WR,LV,2015,3,0,0,0.0,0,,0,9,4,81,0.2812,0.3418,30,30,7.6,16.53,7.6
00-0026986,Michael Crabtree,WR,LV,2015,4,0,0,0.0,0,,0,6,5,78,0.1818,0.4149,22,26,13.0,9.79,13.0
00-0026986,Michael Crabtree,WR,LV,2015,5,0,0,0.0,0,,0,9,4,114,0.2308,0.427,25,28,9.4,12.15,9.4
00-0026986,Michael Crabtree,WR,LV,2015,7,0,0,0.0,0,,0,8,6,76,0.2581,0.3535,26,27,18.3,13.67,18.3
00-0026986,Michael Crabtree,WR,LV,2015,8,0,0,0.0,0,,0,12,7,81,0.3333,0.3279,25,24,23.2,19.14,23.2
00-0026986,Michael Crabtree,WR,LV,2015,9,0,0,0.0,0,,0,12,7,169,0.2727,0.3596,25,23,29.8,19.07,29.8
00-0026986,Michael Crabtree,WR,LV,2015,10,0,0,0.0,0,,0,5,4,50,0.122,0.1608,19,25,9.5,7.87,9.5
00-0026986,Michael Crabtree,WR,LV,2015,11,0,0,0.0,0,,0,11,6,62,0.44,0.3147,21,19,11.0,16.16,11.0
00-0026986,Michael Crabtree,WR,LV,2015,12,0,0,0.0,0,,0,8,4,73,0.2105,0.1906,30,27,11.9,12.97,11.9
00-0026986,Michael Crabtree,WR,LV,2015,13,0,0,0.0,0,,0,11,5,110,0.2292,0.3313,24,28,15.5,18.42,15.5
00-0026986,Michael Crabtree,WR,LV,2015,14,0,0,0.0,0,,0,5,4,19,0.1724,0.0627,23,17,5.9,6.72,5.9
00-0026986,Michael Crabtree,WR,LV,2015,15,0,0,0.0,0,,0,11,6,105,0.234,0.1937,25,22,13.0,16.57,13.0
00-0026986,Michael Crabtree,WR,LV,2015,16,0,0,0.0,0,,0,8,6,69,0.2162,0.2664,24,25,15.9,14.19,15.9
00-0026986,Michael Crabtree,WR,LV,2015,17,0,0,0.0,0,,0,7,3,88,0.2188,0.5029,16,21,12.4,9.45,12.4
00-0026993,Josh Freeman,QB,IND,2015,17,28,15,-5.435,1,-11.271,8,0,0,0.0,0.0,0.0,32,23,10.4,10.78,10.36
00-0026995,Jeremy Maclin,WR,KC,2015,1,0,0,0.0,0,,0,9,5,118,0.2903,0.6114,32,28,10.2,17.43,10.2
00-0026995,Jeremy Maclin,WR,KC,2015,2,0,0,-1.102,1,,1,7,4,70,0.28,0.6195,28,28,9.5,13.18,9.5
00-0026995,Jeremy Maclin,WR,KC,2015,3,0,0,0.0,0,,0,11,8,110,0.275,0.4365,18,16,28.1,19.27,28.1
00-0026995,Jeremy Maclin,WR,KC,2015,4,0,0,0.0,0,,0,13,11,109,0.3023,0.3785,23,23,25.8,18.76,25.8
00-0026995,Jeremy Maclin,WR,KC,2015,5,0,0,0.0,0,,0,12,8,106,0.4,0.5638,25,23,16.5,17.98,16.5
00-0026995,Jeremy Maclin,WR,KC,2015,6,0,0,0.0,0,,0,4,3,77,0.1081,0.2271,18,16,7.8,5.76,7.8
00-0026995,Jeremy Maclin,WR,KC,2015,8,0,0,0.0,0,,0,5,3,56,0.1786,0.8,32,30,12.5,10.38,12.5
00-0026995,Jeremy Maclin,WR,KC,2015,10,0,0,0.0,0,,0,6,3,55,0.1935,0.2989,32,29,4.7,9.05,4.7
00-0026995,Jeremy Maclin,WR,KC,2015,11,0,0,0.0,0,,0,6,3,67,0.24,0.4527,31,25,5.9,11.13,5.9
00-0026995,Jeremy Maclin,WR,KC,2015,12,0,0,0.0,0,,0,11,9,155,0.4074,0.542,27,23,31.0,16.87,31.0
00-0026995,Jeremy Maclin,WR,KC,2015,13,0,0,0.0,0,,0,10,9,67,0.4545,0.5447,22,20,28.5,19.49,28.5
00-0026995,Jeremy Maclin,WR,KC,2015,14,0,0,0.0,0,,1,9,6,115,0.3913,0.4915,25,19,12.6,14.52,12.6
00-0026995,Jeremy Maclin,WR,KC,2015,15,0,0,0.0,0,,0,10,7,52,0.4,0.4643,28,23,18.0,16.31,18.0
00-0026995,Jeremy Maclin,WR,KC,2015,16,0,0,0.0,0,,0,7,5,87,0.3182,0.4485,27,20,15.9,12.41,15.9
00-0026995,Jeremy Maclin,WR,KC,2015,17,0,0,0.0,0,,1,4,3,64,0.1739,0.2712,39,30,16.2,7.88,16.2
00-0026996,Brandon Pettigrew,TE,DET,2015,1,0,0,0.0,0,,0,1,0,0.0,0.0357,0.0,16,23,0.0,1.39,0.0
00-0026996,Brandon Pettigrew,TE,DET,2015,5,0,0,0.0,0,,0,5,3,19,0.0735,0.0368,18,28,5.9,7.16,5.9
00-0026996,Brandon Pettigrew,TE,DET,2015,8,0,0,0.0,0,,0,1,0,7,0.0263,0.0256,14,19,0.0,1.64,0.0
00-0026996,Brandon Pettigrew,TE,DET,2015,10,0,0,0.0,0,,0,4,1,4,0.1053,0.0198,26,28,7.2,7.88,7.2
00-0026996,Brandon Pettigrew,TE,DET,2015,11,0,0,0.0,0,,0,1,1,1,0.0294,0.004,31,31,1.8,1.35,1.8
00-0026996,Brandon Pettigrew,TE,DET,2015,12,0,0,0.0,0,,0,2,1,30,0.0526,0.1056,30,36,3.1,4.55,3.1
00-0026996,Brandon Pettigrew,TE,DET,2015,14,0,0,0.0,0,,0,1,1,7,0.0222,0.0405,20,28,1.7,1.48,1.7
00-0026998,Percy Harvin,WR,BUF,2015,1,0,0,0.0,0,,1,5,5,62,0.2632,0.4052,36,29,19.8,8.9,19.8
00-0026998,Percy Harvin,WR,BUF,2015,2,0,0,0.0,0,,1,5,4,52,0.1667,0.1992,27,26,9.4,9.4,9.4
00-0026998,Percy Harvin,WR,BUF,2015,3,0,0,0.0,0,,2,8,7,86,0.2759,0.2774,34,29,15.2,14.12,15.2
00-0026998,Percy Harvin,WR,BUF,2015,4,0,0,0.0,0,,0,8,3,107,0.1905,0.2668,24,24,5.6,11.31,5.6
00-0026998,Percy Harvin,WR,BUF,2015,5,0,0,0.0,0,,1,4,0,47,0.2222,0.2866,28,21,-0.1,6.2,-0.1
00-0027003,Donald Brown,RB,LAC,2015,9,0,0,0.0,0,,2,0,0,0.0,0.0,0.0,19,28,1.3,0.96,1.3
00-0027003,Donald Brown,RB,LAC,2015,12,0,0,0.0,0,,3,2,0,-8,0.0465,-0.0277,26,32,0.2,4.78,0.2
00-0027003,Donald Brown,RB,LAC,2015,13,0,0,0.0,0,,7,1,1,0.0,0.0303,0.0,23,27,6.7,4.51,6.7
00-0027003,Donald Brown,RB,LAC,2015,15,0,0,0.0,0,,12,3,2,-14,0.0833,-0.0398,36,44,12.4,10.02,12.4
00-0027003,Donald Brown,RB,LAC,2015,16,0,0,0.0,0,,14,4,3,-3,0.0816,-0.0085,25,36,14.0,15.78,14.0
00-0027003,Donald Brown,RB,LAC,2015,17,0,0,0.0,0,,21,3,2,-11,0.0857,-0.0386,29,36,11.1,12.58,11.1
00-0027005,Hakeem Nicks,WR,NYG,2015,12,0,0,0.0,0,,0,2,1,8,0.0392,0.0156,13,18,1.4,3.2,1.4
00-0027005,Hakeem Nicks,WR,NYG,2015,13,0,0,0.0,0,,0,1,1,7,0.0294,0.0247,24,27,1.7,3.82,1.7
00-0027005,Hakeem Nicks,WR,NYG,2015,14,0,0,0.0,0,,0,1,1,4,0.0323,0.0177,31,32,1.5,1.42,1.5
00-0027005,Hakeem Nicks,WR,NYG,2015,15,0,0,0.0,0,,0,3,1,42,0.0667,0.1522,27,35,2.0,5.77,2.0
00-0027005,Hakeem Nicks,WR,NYG,2015,16,0,0,0.0,0,,0,3,1,25,0.0882,0.1106,20,24,1.4,4.24,1.4
00-0027005,Hakeem Nicks,WR,NYG,2015,17,0,0,0.0,0,,0,4,2,64,0.0952,0.1882,36,44,4.4,6.59,4.4
00-0027006,Kenny Britt,WR,LA,2015,1,0,0,0.0,0,,0,3,2,33,0.1111,0.1274,26,22,5.7,4.73,5.7
00-0027006,Kenny Britt,WR,LA,2015,2,0,0,0.0,0,,0,4,2,89,0.125,0.3477,13,14,12.4,6.68,12.4
00-0027006,Kenny Britt,WR,LA,2015,3,0,0,0.0,0,,0,10,7,102,0.3448,0.4744,18,20,17.2,15.6,17.2
00-0027006,Kenny Britt,WR,LA,2015,4,0,0,0.0,0,,0,1,0,10,0.0417,0.0649,26,27,0.0,1.46,0.0
00-0027006,Kenny Britt,WR,LA,2015,5,0,0,0.0,0,,0,4,0,74,0.1379,0.2426,36,34,0.0,5.8,0.0
00-0027006,Kenny Britt,WR,LA,2015,7,0,0,0.0,0,,0,2,1,42,0.087,0.3206,26,29,5.1,4.32,5.1
00-0027006,Kenny Britt,WR,LA,2015,8,0,0,0.0,0,,0,2,0,56,0.087,0.2414,41,39,0.0,4.0,0.0
00-0027006,Kenny Britt,WR,LA,2015,9,0,0,0.0,0,,0,5,3,119,0.1613,0.4491,36,31,11.7,6.8,11.7
00-0027006,Kenny Britt,WR,LA,2015,10,0,0,0.0,0,,0,3,1,30,0.0811,0.0949,21,23,1.6,4.32,1.6
00-0027006,Kenny Britt,WR,LA,2015,11,0,0,0.0,0,,0,5,2,87,0.1923,0.3991,29,27,4.4,8.05,4.4
00-0027006,Kenny Britt,WR,LA,2015,12,0,0,0.0,0,,0,11,6,103,0.2075,0.4039,17,21,12.3,14.53,12.3
00-0027006,Kenny Britt,WR,LA,2015,13,0,0,0.0,0,,0,6,2,104,0.1765,0.2788,15,13,6.1,10.54,6.1
00-0027006,Kenny Britt,WR,LA,2015,14,0,0,0.0,0,,0,5,2,94,0.2273,0.4772,29,27,5.5,7.29,5.5
00-0027006,Kenny Britt,WR,LA,2015,15,0,0,0.0,0,,0,2,2,40,0.1176,0.3738,33,28,15.1,3.61,15.1
00-0027006,Kenny Britt,WR,LA,2015,16,0,0,0.0,0,,0,4,3,75,0.1739,0.4777,30,28,13.9,7.06,13.9
00-0027006,Kenny Britt,WR,LA,2015,17,0,0,0.0,0,,0,5,3,95,0.1316,0.2596,33,30,11.1,6.89,11.1
00-0027029,LeSean McCoy,RB,BUF,2015,1,0,0,0.0,0,,17,4,3,-5,0.2105,-0.0327,36,29,11.7,14.5,11.7
00-0027029,LeSean McCoy,RB,BUF,2015,2,0,0,0.0,0,,15,4,3,2,0.1333,0.0077,27,26,14.6,13.85,14.6
00-0027029,LeSean McCoy,RB,BUF,2015,3,0,0,0.0,0,,11,3,1,5,0.1034,0.0161,34,29,9.6,10.81,9.6
00-0027029,LeSean McCoy,RB,BUF,2015,6,0,0,0.0,0,,17,4,2,-3,0.1,-0.0082,23,21,17.4,19.76,17.4
00-0027029,LeSean McCoy,RB,BUF,2015,7,0,0,0.0,0,,18,4,2,-9,0.0952,-0.0244,28,23,12.4,14.72,12.4
00-0027029,LeSean McCoy,RB,BUF,2015,9,0,0,0.0,0,,16,2,2,-12,0.1667,-0.0857,36,27,19.9,10.85,19.9
00-0027029,LeSean McCoy,RB,BUF,2015,10,0,0,0.0,0,,19,5,5,19,0.1923,0.0795,33,32,20.9,15.55,20.9
00-0027029,LeSean McCoy,RB,BUF,2015,11,0,0,0.0,0,,20,10,6,34,0.2778,0.0865,30,32,24.3,23.23,24.3
00-0027029,LeSean McCoy,RB,BUF,2015,12,0,0,0.0,0,,19,5,3,3,0.1316,0.0072,28,26,17.1,17.04,17.1
00-0027029,LeSean McCoy,RB,BUF,2015,13,0,0,0.0,0,,21,1,0,14,0.0476,0.0429,36,30,11.2,14.01,11.2
00-0027029,LeSean McCoy,RB,BUF,2015,14,0,0,0.0,0,,20,7,4,44,0.1944,0.0995,32,28,14.9,19.74,14.9
00-0027029,LeSean McCoy,RB,BUF,2015,15,0,0,0.0,0,,10,1,1,-3,0.037,-0.0096,31,23,4.7,12.32,4.7
00-0027057,Brandon Tate,WR,CIN,2015,4,0,0,0.0,0,,0,1,1,45,0.0417,0.1557,26,23,12.5,2.26,12.5
00-0027057,Brandon Tate,WR,CIN,2015,9,0,0,0.0,0,,0,1,1,4,0.04,0.0205,37,31,1.4,1.43,1.4
00-0027057,Brandon Tate,WR,CIN,2015,13,0,0,0.0,0,,0,1,0,10,0.0455,0.0571,33,30,0.0,1.68,0.0
00-0027061,Jared Cook,TE,LA,2015,1,0,0,0.0,0,,0,6,5,71,0.2222,0.2741,26,22,13.5,9.34,13.5
00-0027061,Jared Cook,TE,LA,2015,2,0,0,0.0,0,,0,7,5,25,0.2188,0.0977,13,14,9.7,9.73,9.7
00-0027061,Jared Cook,TE,LA,2015,3,0,0,0.0,0,,0,3,1,30,0.1034,0.1395,18,20,1.7,5.96,1.7
00-0027061,Jared Cook,TE,LA,2015,4,0,0,0.0,0,,0,6,3,31,0.25,0.2013,26,27,5.2,9.69,5.2
00-0027061,Jared Cook,TE,LA,2015,5,0,0,0.0,0,,0,6,1,31,0.2069,0.1016,36,34,1.8,7.06,1.8
00-0027061,Jared Cook,TE,LA,2015,7,0,0,0.0,0,,0,4,2,33,0.1739,0.2519,26,29,1.9,6.89,1.9
00-0027061,Jared Cook,TE,LA,2015,8,0,0,0.0,0,,0,3,2,42,0.1304,0.181,41,39,9.7,5.28,9.7
00-0027061,Jared Cook,TE,LA,2015,9,0,0,0.0,0,,0,3,1,34,0.0968,0.1283,36,31,2.0,3.64,2.0
00-0027061,Jared Cook,TE,LA,2015,10,0,0,0.0,0,,0,3,2,39,0.0811,0.1234,21,23,5.5,4.08,5.5
00-0027061,Jared Cook,TE,LA,2015,11,0,0,0.0,0,,0,6,4,48,0.2308,0.2202,29,27,7.1,8.2,7.1
00-0027061,Jared Cook,TE,LA,2015,12,0,0,0.0,0,,0,6,4,56,0.1132,0.2196,17,21,9.8,8.71,9.8
00-0027061,Jared Cook,TE,LA,2015,13,0,0,0.0,0,,0,9,3,109,0.2647,0.2922,15,13,5.2,14.19,5.2
00-0027061,Jared Cook,TE,LA,2015,14,0,0,0.0,0,,0,1,1,7,0.0455,0.0355,29,27,2.1,1.52,2.1
00-0027061,Jared Cook,TE,LA,2015,15,0,0,0.0,0,,0,6,4,41,0.3529,0.3832,33,28,10.4,10.01,10.4
00-0027061,Jared Cook,TE,LA,2015,16,0,0,0.0,0,,0,2,1,21,0.087,0.1338,30,28,1.5,2.83,1.5
00-0027061,Jared Cook,TE,LA,2015,17,0,0,0.0,0,,0,4,0,18,0.1053,0.0492,33,30,0.0,5.05,0.0
00-0027069,Chase Coffman,TE,TEN,2015,2,0,0,0.0,0,,0,6,4,46,0.1622,0.1103,30,17,8.2,7.58,8.2
00-0027069,Chase Coffman,TE,SEA,2015,17,0,0,0.0,0,,0,5,4,18,0.1562,0.0677,36,27,12.9,8.87,12.9
00-0027077,Brian Hartline,WR,CLE,2015,1,0,0,0.0,0,,0,5,2,49,0.1562,0.2025,28,24,4.0,6.23,4.0
00-0027077,Brian Hartline,WR,CLE,2015,2,0,0,0.0,0,,0,3,0,24,0.2,0.1057,30,27,0.0,4.24,0.0
00-0027077,Brian Hartline,WR,CLE,2015,3,0,0,0.0,0,,0,7,5,93,0.1429,0.1703,14,21,14.6,8.54,14.6
00-0027077,Brian Hartline,WR,CLE,2015,4,0,0,0.0,0,,0,1,1,3,0.025,0.0165,21,34,1.7,1.23,1.7
00-0027077,Brian Hartline,WR,CLE,2015,5,0,0,0.0,0,,0,3,1,19,0.0588,0.046,25,30,1.5,4.33,1.5
00-0027077,Brian Hartline,WR,CLE,2015,6,0,0,0.0,0,,0,3,0,12,0.0769,0.0359,33,36,0.0,4.3,0.0
00-0027077,Brian Hartline,WR,CLE,2015,7,0,0,0.0,0,,0,3,3,3,0.0833,0.0146,24,28,5.2,3.93,5.2
00-0027077,Brian Hartline,WR,CLE,2015,8,0,0,0.0,0,,0,10,4,102,0.25,0.3119,20,17,19.2,17.52,19.2
00-0027077,Brian Hartline,WR,CLE,2015,10,0,0,0.0,0,,0,9,6,75,0.2,0.2551,14,15,13.7,14.09,13.7
00-0027077,Brian Hartline,WR,CLE,2015,12,0,0,0.0,0,,0,12,8,112,0.25,0.2718,18,20,15.4,17.71,15.4
00-0027077,Brian Hartline,WR,CLE,2015,13,0,0,0.0,0,,0,11,8,142,0.3056,0.4718,19,21,16.3,15.46,16.3
00-0027077,Brian Hartline,WR,CLE,2015,14,0,0,0.0,0,,0,10,8,85,0.3226,0.3632,41,36,18.7,16.06,18.7
00-0027089,Louis Murphy,WR,TB,2015,1,0,0,0.0,0,,0,3,0,35,0.0909,0.1351,26,23,0.0,6.54,0.0
00-0027089,Louis Murphy,WR,TB,2015,2,0,0,0.0,0,,0,4,3,78,0.1905,0.3786,35,35,11.2,7.39,11.2
00-0027089,Louis Murphy,WR,TB,2015,3,0,0,0.0,0,,0,6,3,100,0.1765,0.2237,20,22,9.1,8.6,9.1
00-0027089,Louis Murphy,WR,TB,2015,4,0,0,0.0,0,,0,4,3,27,0.0976,0.0909,30,34,5.6,5.0,5.6
00-0027089,Louis Murphy,WR,TB,2015,7,0,0,0.0,0,,0,1,1,15,0.0345,0.0586,30,35,3.9,2.02,3.9
00-0027125,Zach Miller,TE,CHI,2015,1,0,0,0.0,0,,0,1,0,2,0.0286,0.0071,33,34,0.0,1.01,0.0
00-0027125,Zach Miller,TE,CHI,2015,2,0,0,0.0,0,,0,2,2,8,0.0625,0.0364,28,27,3.4,2.75,3.4
00-0027125,Zach Miller,TE,CHI,2015,3,0,0,0.0,0,,0,1,1,19,0.0588,0.1407,27,25,3.1,1.93,3.1
00-0027125,Zach Miller,TE,CHI,2015,5,0,0,0.0,0,,0,1,0,17,0.0222,0.0496,26,28,0.0,2.52,0.0
00-0027125,Zach Miller,TE,CHI,2015,9,0,0,0.0,0,,0,2,2,23,0.0526,0.054,29,29,10.3,4.19,10.3
00-0027125,Zach Miller,TE,CHI,2015,10,0,0,0.0,0,,0,5,5,16,0.2083,0.1633,37,41,27.7,9.67,27.7
00-0027125,Zach Miller,TE,CHI,2015,11,0,0,0.0,0,,0,6,3,46,0.1875,0.1433,25,25,7.7,8.0,7.7
00-0027125,Zach Miller,TE,CHI,2015,12,0,0,0.0,0,,0,7,2,41,0.2258,0.2124,31,29,9.0,10.91,9.0
00-0027125,Zach Miller,TE,CHI,2015,13,0,0,0.0,0,,0,1,1,4,0.0323,0.013,42,45,1.6,1.48,1.6
00-0027125,Zach Miller,TE,CHI,2015,14,0,0,0.0,0,,0,6,5,49,0.1935,0.1303,22,25,19.5,9.86,19.5
00-0027125,Zach Miller,TE,CHI,2015,15,0,0,0.0,0,,0,6,6,35,0.1667,0.1118,20,28,11.7,8.08,11.7
00-0027125,Zach Miller,TE,CHI,2015,16,0,0,0.0,0,,0,8,7,52,0.2963,0.4815,39,41,13.9,11.67,13.9
00-0027135,Brandon Myers,TE,TB,2015,3,0,0,0.0,0,,0,4,3,24,0.1176,0.0537,20,22,4.8,5.07,4.8
00-0027135,Brandon Myers,TE,TB,2015,4,0,0,0.0,0,,0,3,1,20,0.0732,0.0673,30,34,1.8,4.07,1.8
00-0027135,Brandon Myers,TE,TB,2015,5,0,0,0.0,0,,0,2,2,26,0.1111,0.1494,40,43,5.4,3.54,5.4
00-0027135,Brandon Myers,TE,TB,2015,7,0,0,0.0,0,,0,1,0,12,0.0345,0.0469,30,35,0.0,1.19,0.0
00-0027135,Brandon Myers,TE,TB,2015,8,0,0,0.0,0,,0,3,3,30,0.1034,0.1024,32,33,6.2,5.01,6.2
00-0027135,Brandon Myers,TE,TB,2015,10,0,0,0.0,0,,0,4,3,49,0.1053,0.1148,26,29,6.5,6.74,6.5
00-0027139,John Phillips,TE,LAC,2015,3,0,0,0.0,0,,0,4,4,27,0.1,0.0787,28,30,7.5,5.44,7.5
00-0027139,John Phillips,TE,LAC,2015,4,0,0,0.0,0,,0,2,1,4,0.0541,0.0159,21,26,7.1,5.92,7.1
00-0027139,John Phillips,TE,LAC,2015,7,0,0,0.0,0,,0,1,1,4,0.0182,0.0124,21,38,1.5,1.54,1.5
00-0027139,John Phillips,TE,LAC,2015,8,0,0,0.0,0,,0,2,2,-1,0.0556,-0.0048,26,34,3.1,2.76,3.1
00-0027139,John Phillips,TE,LAC,2015,13,0,0,0.0,0,,0,1,1,5,0.0303,0.0206,23,27,1.8,1.14,1.8
00-0027139,John Phillips,TE,LAC,2015,16,0,0,0.0,0,,0,1,1,9,0.0204,0.0256,25,36,1.9,1.43,1.9
00-0027150,Julian Edelman,WR,NE,2015,1,0,0,0.0,0,,1,12,11,88,0.375,0.3745,24,25,21.6,22.67,21.6
00-0027150,Julian Edelman,WR,NE,2015,2,0,0,0.0,0,,1,19,11,171,0.322,0.3413,15,18,33.9,36.31,33.9
00-0027150,Julian Edelman,WR,NE,2015,3,0,0,0.0,0,,0,11,8,48,0.2683,0.25,32,38,16.5,18.7,16.5
00-0027150,Julian Edelman,WR,NE,2015,5,0,0,0.0,0,,0,5,4,44,0.1852,0.2876,23,27,22.0,8.45,22.0
00-0027150,Julian Edelman,WR,NE,2015,6,0,0,0.0,0,,1,10,6,53,0.2703,0.2325,25,24,17.2,19.49,17.2
00-0027150,Julian Edelman,WR,NE,2015,7,0,0,0.0,0,,0,9,5,66,0.1667,0.1728,9,8,10.4,17.15,10.4
00-0027150,Julian Edelman,WR,NE,2015,8,0,0,0.0,0,,0,9,7,82,0.2368,0.2539,26,32,27.1,17.1,27.1
00-0027150,Julian Edelman,WR,NE,2015,9,0,0,0.0,0,,0,8,5,86,0.2051,0.3197,37,41,14.5,15.67,14.5
00-0027150,Julian Edelman,WR,NE,2015,10,0,0,0.0,0,,0,5,4,36,0.122,0.0826,23,24,9.3,8.08,9.3
00-0027155,Rashad Jennings,RB,NYG,2015,1,0,0,0.0,0,,13,1,0,-5,0.0303,-0.0263,24,26,11.2,11.3,11.2
00-0027155,Rashad Jennings,RB,NYG,2015,2,0,0,0.0,0,,9,2,2,1,0.05,0.0032,23,31,4.4,6.87,4.4
00-0027155,Rashad Jennings,RB,NYG,2015,3,0,0,0.0,0,,11,3,3,-9,0.0938,-0.036,31,34,8.7,10.07,8.7
00-0027155,Rashad Jennings,RB,NYG,2015,4,0,0,0.0,0,,9,2,2,0.0,0.0571,0.0,28,27,17.2,7.52,17.2
00-0027155,Rashad Jennings,RB,NYG,2015,5,0,0,0.0,0,,11,4,4,8,0.0755,0.0237,21,31,10.7,11.66,10.7
00-0027155,Rashad Jennings,RB,NYG,2015,6,0,0,0.0,0,,13,3,3,3,0.0833,0.0144,23,26,9.3,10.03,9.3
00-0027155,Rashad Jennings,RB,NYG,2015,7,0,0,0.0,0,,5,0,0,0.0,0.0,0.0,25,22,1.9,2.25,1.9
00-0027155,Rashad Jennings,RB,NYG,2015,8,0,0,0.0,0,,10,3,2,7,0.0732,0.02,21,31,10.5,9.11,10.5
00-0027155,Rashad Jennings,RB,NYG,2015,9,0,0,0.0,0,,13,1,1,-3,0.025,-0.0097,33,38,5.7,7.07,5.7
00-0027155,Rashad Jennings,RB,NYG,2015,10,0,0,0.0,0,,11,3,2,-1,0.0682,-0.0022,23,26,7.1,9.02,7.1
00-0027155,Rashad Jennings,RB,NYG,2015,12,0,0,0.0,0,,6,3,2,-4,0.0588,-0.0078,13,18,4.8,7.17,4.8
00-0027155,Rashad Jennings,RB,NYG,2015,13,0,0,0.0,0,,5,2,1,-1,0.0588,-0.0035,24,27,4.3,4.9,4.3
00-0027155,Rashad Jennings,RB,NYG,2015,14,0,0,0.0,0,,22,2,2,5,0.0645,0.0221,31,32,12.2,12.19,12.2
00-0027155,Rashad Jennings,RB,NYG,2015,15,0,0,0.0,0,,16,3,1,-13,0.0667,-0.0471,27,35,15.7,11.63,15.7
00-0027155,Rashad Jennings,RB,NYG,2015,16,0,0,0.0,0,,14,3,2,-5,0.0882,-0.0221,20,24,15.6,10.29,15.6
00-0027155,Rashad Jennings,RB,NYG,2015,17,0,0,0.0,0,,27,5,2,1,0.119,0.0029,36,44,25.6,24.75,25.6
00-0027218,Joique Bell,RB,DET,2015,1,0,0,0.0,0,,6,2,2,-6,0.0714,-0.0296,16,23,6.1,5.64,6.1
00-0027218,Joique Bell,RB,DET,2015,2,0,0,0.0,0,,4,2,2,0.0,0.0385,0.0,16,19,3.8,5.34,3.8
00-0027218,Joique Bell,RB,DET,2015,3,0,0,0.0,0,,10,1,1,-4,0.0222,-0.0184,19,29,7.4,8.9,7.4
00-0027218,Joique Bell,RB,DET,2015,7,0,0,0.0,0,,3,2,2,-2,0.0769,-0.0096,17,20,5.5,4.11,5.5
00-0027218,Joique Bell,RB,DET,2015,8,0,0,0.0,0,,7,1,0,1,0.0263,0.0037,14,19,5.6,4.46,5.6
00-0027218,Joique Bell,RB,DET,2015,10,0,0,0.0,0,,14,3,2,4,0.0789,0.0198,26,28,5.5,13.66,5.5
00-0027218,Joique Bell,RB,DET,2015,11,0,0,0.0,0,,6,1,1,3,0.0294,0.012,31,31,5.0,6.54,5.0
00-0027218,Joique Bell,RB,DET,2015,12,0,0,0.0,0,,7,3,2,15,0.0789,0.0528,30,36,16.2,13.47,16.2
00-0027218,Joique Bell,RB,DET,2015,13,0,0,0.0,0,,8,2,2,0.0,0.0588,0.0,25,29,5.0,6.41,5.0
00-0027218,Joique Bell,RB,DET,2015,14,0,0,0.0,0,,7,2,2,-7,0.0444,-0.0405,20,28,9.5,5.99,9.5
00-0027218,Joique Bell,RB,DET,2015,15,0,0,0.0,0,,8,3,2,1,0.12,0.012,23,25,18.1,12.0,18.1
00-0027218,Joique Bell,RB,DET,2015,16,0,0,0.0,0,,7,3,2,3,0.0811,0.0146,28,35,10.2,10.6,10.2
00-0027218,Joique Bell,RB,DET,2015,17,0,0,0.0,0,,3,2,2,3,0.0513,0.0095,21,22,7.8,3.86,7.8
00-0027321,Jeff Cumberland,TE,NYJ,2015,3,0,0,0.0,0,,0,4,2,2,0.069,0.004,16,21,3.0,5.32,3.0
00-0027321,Jeff Cumberland,TE,NYJ,2015,7,0,0,0.0,0,,0,3,1,10,0.0769,0.0296,29,27,2.6,6.2,2.6
00-0027321,Jeff Cumberland,TE,NYJ,2015,8,0,0,0.0,0,,0,3,1,37,0.0638,0.0909,21,22,1.7,4.48,1.7
00-0027321,Jeff Cumberland,TE,NYJ,2015,9,0,0,0.0,0,,0,3,1,19,0.0882,0.0856,28,28,5.4,4.02,5.4
00-0027321,Jeff Cumberland,TE,NYJ,2015,14,0,0,0.0,0,,0,1,0,19,0.0278,0.0699,34,37,0.0,1.89,0.0
00-0027325,LeGarrette Blount,RB,NE,2015,2,0,0,0.0,0,,2,0,0,0.0,0.0,0.0,15,18,0.4,0.72,0.4
00-0027325,LeGarrette Blount,RB,NE,2015,3,0,0,0.0,0,,18,1,1,7,0.0244,0.0365,32,38,28.2,26.5,28.2
00-0027325,LeGarrette Blount,RB,NE,2015,5,0,0,0.0,0,,13,0,0,0.0,0.0,0.0,23,27,7.4,6.93,7.4
00-0027325,LeGarrette Blount,RB,NE,2015,6,0,0,0.0,0,,16,1,1,8,0.027,0.0351,25,24,23.4,11.1,23.4
00-0027325,LeGarrette Blount,RB,NE,2015,7,0,0,0.0,0,,3,0,0,0.0,0.0,0.0,9,8,-0.3,1.47,-0.3
00-0027325,LeGarrette Blount,RB,NE,2015,8,0,0,0.0,0,,17,1,1,2,0.0263,0.0062,26,32,8.4,10.09,8.4
00-0027325,LeGarrette Blount,RB,NE,2015,9,0,0,0.0,0,,29,0,0,0.0,0.0,0.0,37,41,18.9,22.59,18.9
00-0027325,LeGarrette Blount,RB,NE,2015,10,0,0,0.0,0,,19,2,2,1,0.0488,0.0023,23,24,15.7,22.87,15.7
00-0027325,LeGarrette Blount,RB,NE,2015,11,0,0,0.0,0,,16,2,1,0.0,0.0526,0.0,22,25,7.1,11.16,7.1
00-0027325,LeGarrette Blount,RB,NE,2015,12,0,0,0.0,0,,9,0,0,0.0,0.0,0.0,16,22,2.7,4.12,2.7
00-0027325,LeGarrette Blount,RB,NE,2015,13,0,0,0.0,0,,13,0,0,0.0,0.0,0.0,25,29,5.4,6.69,5.4
00-0027325,LeGarrette Blount,RB,NE,2015,14,0,0,0.0,0,,10,0,0,0.0,0.0,0.0,31,31,5.3,5.37,5.3
00-0027356,Marlon Moore,WR,CLE,2015,3,0,0,0.0,0,,0,1,1,14,0.0204,0.0256,14,21,2.5,1.49,2.5
00-0027356,Marlon Moore,WR,CLE,2015,12,0,0,0.0,0,,0,2,1,14,0.0417,0.034,18,20,8.0,3.02,8.0
00-0027356,Marlon Moore,WR,CLE,2015,13,0,0,0.0,0,,0,1,1,13,0.0278,0.0432,19,21,2.4,1.72,2.4
00-0027356,Marlon Moore,WR,CLE,2015,14,0,0,0.0,0,,0,3,2,13,0.0968,0.0556,41,36,4.3,5.27,4.3
00-0027356,Marlon Moore,WR,CLE,2015,15,0,0,0.0,0,,0,2,1,17,0.0645,0.0939,17,21,3.0,2.89,3.0
00-0027356,Marlon Moore,WR,CLE,2015,16,0,0,0.0,0,,0,1,1,-2,0.0345,-0.0068,36,27,0.9,1.23,0.9
00-0027450,Preston Parker,WR,NYG,2015,1,0,0,0.0,0,,0,6,2,54,0.1818,0.2842,24,26,4.3,9.94,4.3
00-0027450,Preston Parker,WR,NYG,2015,2,0,0,0.0,0,,0,6,3,33,0.15,0.1054,23,31,4.7,8.14,4.7
00-0027531,Chris Ivory,RB,NYJ,2015,1,0,0,0.0,0,,20,1,1,-2,0.0417,-0.0079,36,35,23.0,19.04,23.0
00-0027531,Chris Ivory,RB,NYJ,2015,2,0,0,0.0,0,,14,2,2,-3,0.0588,-0.0079,27,32,8.0,10.59,8.0
00-0027531,Chris Ivory,RB,NYJ,2015,4,0,0,0.0,0,,29,2,0,-12,0.069,-0.042,43,37,22.6,18.06,22.6
00-0027531,Chris Ivory,RB,NYJ,2015,6,0,0,0.0,0,,20,3,3,-2,0.1154,-0.0105,41,43,28.6,20.62,28.6
00-0027531,Chris Ivory,RB,NYJ,2015,7,0,0,0.0,0,,17,2,2,-2,0.0513,-0.0059,29,27,13.3,13.42,13.3
00-0027531,Chris Ivory,RB,NYJ,2015,8,0,0,0.0,0,,15,5,3,-9,0.1064,-0.0221,21,22,7.1,15.84,7.1
00-0027531,Chris Ivory,RB,NYJ,2015,9,0,0,0.0,0,,23,3,3,-11,0.0882,-0.0495,28,28,19.8,24.5,19.8
00-0027531,Chris Ivory,RB,NYJ,2015,10,0,0,0.0,0,,18,3,2,-11,0.0882,-0.0274,24,23,13.5,13.49,13.5
00-0027531,Chris Ivory,RB,NYJ,2015,11,0,0,0.0,0,,8,1,1,-7,0.0256,-0.015,21,23,5.5,4.75,5.5
00-0027531,Chris Ivory,RB,NYJ,2015,12,0,0,0.0,0,,21,2,2,-1,0.0541,-0.0028,34,33,18.2,17.19,18.2
00-0027531,Chris Ivory,RB,NYJ,2015,13,0,0,0.0,0,,10,5,5,-2,0.1,-0.0065,24,32,9.9,11.61,9.9
00-0027531,Chris Ivory,RB,NYJ,2015,14,0,0,0.0,0,,22,2,1,-7,0.0556,-0.0257,34,37,11.7,14.19,11.7
00-0027531,Chris Ivory,RB,NYJ,2015,15,0,0,0.0,0,,13,2,1,0.0,0.0513,0.0,26,30,5.2,11.76,5.2
00-0027531,Chris Ivory,RB,NYJ,2015,16,0,0,0.0,0,,11,4,4,-16,0.1,-0.0371,27,34,8.2,11.51,8.2
00-0027531,Chris Ivory,RB,NYJ,2015,17,0,0,0.0,0,,6,0,0,0.0,0.0,0.0,17,17,8.1,3.1,8.1
00-0027581,Seyi Ajirotutu,WR,PHI,2015,12,0,0,0.0,0,,0,2,1,28,0.0741,0.1359,25,28,1.4,3.53,1.4
00-0027581,Seyi Ajirotutu,WR,PHI,2015,14,0,0,0.0,0,,0,1,0,44,0.027,0.118,34,37,0.0,2.5,0.0
00-0027595,Bryan Walters,WR,JAX,2015,1,0,0,0.0,0,,0,2,2,16,0.0513,0.0561,21,24,3.7,2.66,3.7
00-0027595,Bryan Walters,WR,JAX,2015,3,0,0,0.0,0,,0,3,2,30,0.0909,0.0767,20,22,4.8,4.43,4.8
00-0027595,Bryan Walters,WR,JAX,2015,4,0,0,0.0,0,,0,3,2,32,0.0638,0.0784,28,25,4.7,3.87,4.7
00-0027595,Bryan Walters,WR,JAX,2015,5,0,0,0.0,0,,0,4,4,52,0.125,0.1525,17,21,10.4,7.21,10.4
00-0027595,Bryan Walters,WR,JAX,2015,6,0,0,0.0,0,,0,12,8,83,0.2264,0.1701,21,23,16.7,17.5,16.7
00-0027595,Bryan Walters,WR,JAX,2015,7,0,0,0.0,0,,0,1,1,5,0.0345,0.0134,32,27,1.5,1.45,1.5
00-0027595,Bryan Walters,WR,JAX,2015,9,0,0,0.0,0,,0,7,5,45,0.175,0.0936,19,18,16.4,8.47,16.4
00-0027595,Bryan Walters,WR,JAX,2015,10,0,0,0.0,0,,0,5,3,22,0.1111,0.071,22,24,5.9,7.82,5.9
00-0027595,Bryan Walters,WR,JAX,2015,11,1,0,-0.46,0,-34.432,0,3,2,26,0.0968,0.0967,23,24,5.5,5.01,5.5
00-0027595,Bryan Walters,WR,JAX,2015,12,0,0,0.0,0,,0,3,1,31,0.0612,0.0881,19,17,1.4,5.6,1.4
00-0027595,Bryan Walters,WR,JAX,2015,13,0,0,0.0,0,,0,2,2,17,0.0556,0.0563,21,23,3.8,2.95,3.8
00-0027651,Dexter McCluster,WR,TEN,2015,1,0,0,0.0,0,,2,0,0,0.0,0.0,0.0,32,27,0.8,0.99,0.8
00-0027651,Dexter McCluster,WR,TEN,2015,2,0,0,0.0,0,,10,4,4,-2,0.1081,-0.0048,30,17,16.4,10.1,16.4
00-0027651,Dexter McCluster,WR,TEN,2015,3,0,0,0.0,0,,5,2,1,21,0.0465,0.0493,27,24,5.2,5.33,5.2
00-0027651,Dexter McCluster,WR,TEN,2015,5,0,0,0.0,0,,8,1,1,-4,0.0312,-0.0181,28,20,2.8,5.36,2.8
00-0027651,Dexter McCluster,WR,TEN,2015,6,0,0,0.0,0,,5,4,3,-7,0.1,-0.0235,18,14,13.2,9.87,13.2
00-0027651,Dexter McCluster,WR,TEN,2015,7,0,0,0.0,0,,5,8,6,38,0.2286,0.123,16,10,12.8,14.15,12.8
00-0027651,Dexter McCluster,WR,TEN,2015,8,0,0,0.0,0,,3,6,4,15,0.1935,0.067,20,19,7.8,7.96,7.8
00-0027651,Dexter McCluster,WR,TEN,2015,9,0,0,0.0,0,,8,4,2,29,0.1026,0.1021,28,20,4.7,10.29,4.7
00-0027651,Dexter McCluster,WR,TEN,2015,10,0,0,0.0,0,,3,5,4,16,0.2083,0.0748,21,14,13.2,8.4,13.2
00-0027651,Dexter McCluster,WR,TEN,2015,11,0,0,0.0,0,,2,2,2,-1,0.0606,-0.0028,26,22,3.8,3.38,3.8
00-0027651,Dexter McCluster,WR,TEN,2015,14,0,0,0.0,0,,4,5,4,19,0.125,0.0435,13,7,11.0,8.41,9.0
00-0027656,Rob Gronkowski,TE,NE,2015,1,0,0,0.0,0,,0,8,5,76,0.25,0.3234,24,25,32.4,22.45,32.4
00-0027656,Rob Gronkowski,TE,NE,2015,2,0,0,0.0,0,,0,13,7,165,0.2203,0.3293,15,18,24.3,23.91,24.3
00-0027656,Rob Gronkowski,TE,NE,2015,3,0,0,0.0,0,,0,7,4,82,0.1707,0.4271,32,38,14.1,19.53,14.1
00-0027656,Rob Gronkowski,TE,NE,2015,5,0,0,0.0,0,,0,5,4,35,0.1852,0.2288,23,27,10.7,8.33,10.7
00-0027656,Rob Gronkowski,TE,NE,2015,6,0,0,0.0,0,,0,5,3,30,0.1351,0.1316,25,24,14.0,8.32,14.0
00-0027656,Rob Gronkowski,TE,NE,2015,7,0,0,0.0,0,,0,16,11,88,0.2963,0.2304,9,8,27.8,31.22,27.8
00-0027656,Rob Gronkowski,TE,NE,2015,8,0,0,0.0,0,,0,9,6,92,0.2368,0.2848,26,32,23.3,14.73,23.3
00-0027656,Rob Gronkowski,TE,NE,2015,9,0,0,0.0,0,,0,5,4,28,0.1282,0.1041,37,41,8.7,9.05,8.7
00-0027656,Rob Gronkowski,TE,NE,2015,10,0,0,0.0,0,,0,7,5,94,0.1707,0.2156,23,24,22.3,12.05,22.3
00-0027656,Rob Gronkowski,TE,NE,2015,11,0,0,0.0,0,,0,7,2,87,0.1842,0.2507,22,25,5.7,10.52,5.7
00-0027656,Rob Gronkowski,TE,NE,2015,12,0,0,0.0,0,,0,10,6,85,0.2381,0.1852,16,22,20.8,15.72,20.8
00-0027656,Rob Gronkowski,TE,NE,2015,14,0,0,0.0,0,,0,4,4,50,0.1333,0.2336,31,31,18.7,9.6,18.7
00-0027656,Rob Gronkowski,TE,NE,2015,15,0,0,0.0,0,,0,11,5,119,0.3235,0.595,26,20,16.4,22.14,16.4
00-0027656,Rob Gronkowski,TE,NE,2015,16,0,0,0.0,0,,0,6,4,108,0.1935,0.4758,22,28,12.6,10.66,12.6
00-0027656,Rob Gronkowski,TE,NE,2015,17,0,0,0.0,0,,0,7,2,65,0.28,0.3283,27,31,3.8,10.35,3.8
00-0027659,Jimmy Clausen,QB,CHI,2015,2,23,14,-11.047,2,-5.185,2,0,0,0.0,0.0,0.0,28,27,2.3,7.36,2.34
00-0027659,Jimmy Clausen,QB,CHI,2015,3,17,9,-8.965,2,-10.087,3,0,0,0.0,0.0,0.0,27,25,3.8,5.89,3.82
00-0027659,Jimmy Clausen,QB,BAL,2015,14,40,23,-7.249,1,0.034,1,0,0,0.0,0.0,0.0,14,18,8.8,10.71,8.76
00-0027659,Jimmy Clausen,QB,BAL,2015,15,45,26,-8.461,2,-5.462,5,0,0,0.0,0.0,0.0,20,16,18.2,18.6,18.24
00-0027675,Ed Dickson,TE,CAR,2015,1,0,0,0.0,0,,0,2,1,21,0.0645,0.0824,35,26,1.9,3.59,1.9
00-0027675,Ed Dickson,TE,CAR,2015,3,0,0,0.0,0,,0,3,2,14,0.0968,0.0418,30,18,3.9,4.5,3.9
00-0027675,Ed Dickson,TE,CAR,2015,4,0,0,0.0,0,,0,2,1,25,0.0909,0.1096,33,19,2.1,4.79,2.1
00-0027675,Ed Dickson,TE,CAR,2015,6,0,0,0.0,0,,0,4,3,9,0.1143,0.021,33,24,5.4,5.06,5.4
00-0027675,Ed Dickson,TE,CAR,2015,9,0,0,0.0,0,,0,2,1,36,0.069,0.1029,36,23,1.6,3.2,1.6
00-0027675,Ed Dickson,TE,CAR,2015,10,0,0,0.0,0,,0,3,3,19,0.12,0.0714,34,22,11.1,7.76,11.1
00-0027675,Ed Dickson,TE,CAR,2015,11,0,0,0.0,0,,0,1,0,6,0.0294,0.0177,39,25,0.0,1.62,0.0
00-0027675,Ed Dickson,TE,CAR,2015,12,0,0,0.0,0,,0,1,0,2,0.037,0.0105,37,24,0.0,3.68,0.0
00-0027675,Ed Dickson,TE,CAR,2015,13,0,0,0.0,0,,0,3,3,3,0.0732,0.0064,34,25,5.7,4.11,5.7
00-0027675,Ed Dickson,TE,CAR,2015,14,0,0,0.0,0,,0,1,1,4,0.0385,0.0134,32,20,7.4,3.28,7.4
00-0027675,Ed Dickson,TE,CAR,2015,16,0,0,0.0,0,,0,1,0,29,0.0357,0.1495,20,13,0.0,1.57,0.0
00-0027675,Ed Dickson,TE,CAR,2015,17,0,0,0.0,0,,0,3,2,14,0.1154,0.0545,32,16,2.0,5.17,2.0
00-0027681,Brandon LaFell,WR,NE,2015,7,0,0,0.0,0,,0,8,2,76,0.1481,0.199,9,8,4.5,12.88,4.5
00-0027681,Brandon LaFell,WR,NE,2015,8,0,0,0.0,0,,0,7,4,93,0.1842,0.2879,26,32,8.7,12.25,8.7
00-0027681,Brandon LaFell,WR,NE,2015,9,0,0,0.0,0,,0,9,5,83,0.2308,0.3086,37,41,15.2,18.38,15.2
00-0027681,Brandon LaFell,WR,NE,2015,10,0,0,0.0,0,,0,6,2,104,0.1463,0.2385,23,24,8.6,14.12,8.6
00-0027681,Brandon LaFell,WR,NE,2015,11,0,0,0.0,0,,0,8,4,111,0.2105,0.3199,22,25,10.6,12.69,10.6
00-0027681,Brandon LaFell,WR,NE,2015,12,0,0,0.0,0,,0,9,4,176,0.2143,0.3834,16,22,7.6,15.04,7.6
00-0027681,Brandon LaFell,WR,NE,2015,13,0,0,0.0,0,,0,9,4,182,0.1607,0.3187,25,29,6.7,15.05,6.7
00-0027681,Brandon LaFell,WR,NE,2015,14,0,0,0.0,0,,0,8,5,65,0.2667,0.3037,31,31,8.2,13.95,8.2
00-0027681,Brandon LaFell,WR,NE,2015,15,0,0,0.0,0,,1,5,4,48,0.1471,0.24,26,20,12.8,8.1,12.8
00-0027681,Brandon LaFell,WR,NE,2015,16,0,0,0.0,0,,1,1,1,7,0.0323,0.0308,22,28,3.8,2.21,3.8
00-0027681,Brandon LaFell,WR,NE,2015,17,0,0,0.0,0,,0,4,2,61,0.16,0.3081,27,31,2.7,6.84,2.7
00-0027685,Emmanuel Sanders,WR,DEN,2015,1,0,0,0.0,0,,0,12,8,119,0.3,0.4132,25,28,14.5,18.09,14.5
00-0027685,Emmanuel Sanders,WR,DEN,2015,2,0,0,0.0,0,,1,14,8,174,0.3111,0.385,22,22,28.7,18.82,28.7
00-0027685,Emmanuel Sanders,WR,DEN,2015,3,0,0,0.0,0,,0,9,6,101,0.2143,0.387,19,20,14.7,13.75,14.7
00-0027685,Emmanuel Sanders,WR,DEN,2015,4,0,0,0.0,0,,0,6,3,97,0.2222,0.411,24,24,9.8,11.86,9.8
00-0027685,Emmanuel Sanders,WR,DEN,2015,5,0,0,0.0,0,,0,12,9,130,0.3429,0.453,18,22,20.1,19.27,20.1
00-0027685,Emmanuel Sanders,WR,DEN,2015,6,0,0,0.0,0,,0,12,4,193,0.2553,0.4142,33,40,20.9,18.45,20.9
00-0027685,Emmanuel Sanders,WR,DEN,2015,8,0,0,0.0,0,,0,5,2,46,0.1724,0.1518,34,36,4.2,6.98,4.2
00-0027685,Emmanuel Sanders,WR,DEN,2015,9,0,0,0.0,0,,0,11,6,170,0.3056,0.437,14,15,21.0,17.0,21.0
00-0027685,Emmanuel Sanders,WR,DEN,2015,10,0,0,0.0,0,,0,4,0,76,0.093,0.1607,16,15,0.0,5.48,0.0
00-0027685,Emmanuel Sanders,WR,DEN,2015,12,0,0,0.0,0,,0,9,6,175,0.2143,0.451,32,35,17.3,13.31,17.3
00-0027685,Emmanuel Sanders,WR,DEN,2015,13,0,0,0.0,0,,1,8,3,158,0.3077,0.6196,39,36,5.4,15.69,5.4
00-0027685,Emmanuel Sanders,WR,DEN,2015,14,0,0,0.0,0,,0,6,2,95,0.1176,0.3167,21,28,3.7,9.62,3.7
00-0027685,Emmanuel Sanders,WR,DEN,2015,15,0,0,0.0,0,,1,16,10,218,0.3636,0.4225,25,19,36.5,24.7,36.5
00-0027685,Emmanuel Sanders,WR,DEN,2015,16,0,0,0.0,0,,0,5,4,66,0.1282,0.1808,21,23,16.7,8.31,16.7
00-0027685,Emmanuel Sanders,WR,DEN,2015,17,0,0,0.0,0,,0,8,5,132,0.2581,0.3548,32,33,12.9,13.26,12.9
00-0027688,Colt McCoy,QB,WAS,2015,17,11,7,6.69,1,0.315,3,0,0,0.0,0.0,0.0,36,34,8.8,4.4,8.82
00-0027690,Eric Decker,WR,NYJ,2015,1,0,0,0.0,0,,0,3,2,76,0.125,0.2992,36,35,11.7,6.07,11.7
00-0027690,Eric Decker,WR,NYJ,2015,2,0,0,0.0,0,,0,11,8,107,0.3235,0.2808,27,32,23.7,20.86,23.7
00-0027690,Eric Decker,WR,NYJ,2015,4,0,0,0.0,0,,0,5,4,59,0.1724,0.2063,43,37,14.6,10.5,14.6
00-0027690,Eric Decker,WR,NYJ,2015,6,0,0,0.0,0,,0,7,4,56,0.2692,0.2947,41,43,13.9,11.95,13.9
00-0027690,Eric Decker,WR,NYJ,2015,7,0,0,0.0,0,,0,12,6,155,0.3077,0.4586,29,27,15.4,21.36,15.4
00-0027690,Eric Decker,WR,NYJ,2015,8,0,0,0.0,0,,0,7,6,76,0.1489,0.1867,21,22,18.0,12.25,18.0
00-0027690,Eric Decker,WR,NYJ,2015,9,0,0,0.0,0,,0,9,6,88,0.2647,0.3964,28,28,19.9,16.81,19.9
00-0027690,Eric Decker,WR,NYJ,2015,10,0,0,0.0,0,,0,11,6,123,0.3235,0.306,24,23,20.5,18.95,20.5
00-0027690,Eric Decker,WR,NYJ,2015,11,0,0,0.0,0,,0,11,4,186,0.2821,0.3991,21,23,12.1,19.5,12.1
00-0027690,Eric Decker,WR,NYJ,2015,12,0,0,0.0,0,,0,9,5,94,0.2432,0.2618,34,33,17.2,20.47,17.2
00-0027690,Eric Decker,WR,NYJ,2015,13,0,0,0.0,0,,0,12,8,133,0.24,0.429,24,32,18.1,24.68,18.1
00-0027690,Eric Decker,WR,NYJ,2015,14,0,0,0.0,0,,0,10,7,82,0.2778,0.3015,34,37,20.4,18.52,20.4
00-0027690,Eric Decker,WR,NYJ,2015,15,0,0,0.0,0,,0,10,6,98,0.2564,0.3151,26,30,17.5,19.32,17.5
00-0027690,Eric Decker,WR,NYJ,2015,16,0,0,0.0,0,,0,6,3,94,0.15,0.2181,27,34,13.7,13.26,13.7
00-0027690,Eric Decker,WR,NYJ,2015,17,0,0,0.0,0,,0,9,5,93,0.25,0.2257,17,17,16.0,15.35,16.0
00-0027691,Andre Roberts,WR,WAS,2015,1,0,0,0.0,0,,0,4,3,34,0.129,0.1133,37,34,6.6,6.45,6.6
00-0027691,Andre Roberts,WR,WAS,2015,2,0,0,0.0,0,,0,1,1,-3,0.037,-0.0181,37,43,1.0,1.49,1.0
00-0027691,Andre Roberts,WR,WAS,2015,3,0,0,0.0,0,,0,3,1,28,0.0612,0.0598,20,27,2.8,4.94,2.8
00-0027691,Andre Roberts,WR,WAS,2015,6,0,0,0.0,0,,0,4,1,30,0.0909,0.08,17,23,1.6,4.88,1.6
00-0027691,Andre Roberts,WR,WAS,2015,7,0,0,0.0,0,,0,6,3,92,0.15,0.3472,19,19,7.9,9.18,7.9
00-0027691,Andre Roberts,WR,WAS,2015,9,0,0,0.0,0,,0,2,2,18,0.05,0.0517,15,19,4.6,3.11,4.6
00-0027691,Andre Roberts,WR,WAS,2015,12,0,0,0.0,0,,0,1,0,47,0.0345,0.161,37,36,0.0,2.55,0.0
00-0027695,Tony Moeaki,TE,ATL,2015,7,0,0,0.0,0,,0,1,1,4,0.0263,0.0133,31,32,2.1,1.51,2.1
00-0027695,Tony Moeaki,TE,ATL,2015,15,0,0,0.0,0,,0,1,0,-1,0.0286,-0.0042,33,36,0.0,1.57,0.0
00-0027695,Tony Moeaki,TE,ATL,2015,17,0,0,0.0,0,,0,3,2,9,0.0833,0.0256,26,29,12.7,4.67,12.7
00-0027696,Jimmy Graham,TE,SEA,2015,1,0,0,0.0,0,,0,8,6,58,0.1951,0.3314,32,29,17.1,15.43,17.1
00-0027696,Jimmy Graham,TE,SEA,2015,2,0,0,0.0,0,,0,2,1,30,0.069,0.1024,25,20,2.1,3.62,2.1
00-0027696,Jimmy Graham,TE,SEA,2015,3,0,0,0.0,0,,0,8,7,41,0.3077,0.1839,29,26,21.3,13.93,21.3
00-0027696,Jimmy Graham,TE,SEA,2015,4,0,0,0.0,0,,0,5,4,24,0.1923,0.1244,31,23,6.9,7.09,6.9
00-0027696,Jimmy Graham,TE,SEA,2015,5,0,0,0.0,0,,0,5,3,45,0.2273,0.1601,30,30,6.0,9.25,6.0
00-0027696,Jimmy Graham,TE,SEA,2015,6,0,0,0.0,0,,0,12,8,121,0.4,0.3297,26,21,22.0,19.09,22.0
00-0027696,Jimmy Graham,TE,SEA,2015,7,0,0,0.0,0,,0,5,2,53,0.2083,0.2255,41,40,5.1,8.34,5.1
00-0027696,Jimmy Graham,TE,SEA,2015,8,0,0,0.0,0,,0,10,7,96,0.3448,0.3825,31,28,14.5,14.67,14.5
00-0027696,Jimmy Graham,TE,SEA,2015,10,0,0,0.0,0,,0,8,3,77,0.2963,0.2278,18,11,7.1,14.28,7.1
00-0027696,Jimmy Graham,TE,SEA,2015,11,0,0,0.0,0,,0,3,3,23,0.1111,0.1429,44,39,6.9,4.88,6.9
00-0027696,Jimmy Graham,TE,SEA,2015,12,0,0,0.0,0,,0,8,4,108,0.2759,0.4557,27,24,11.5,13.07,11.5
00-0027708,Marcus Easley,WR,BUF,2015,4,0,0,0.0,0,,0,1,0,10,0.0238,0.0249,24,24,0.0,2.57,0.0
00-0027708,Marcus Easley,WR,BUF,2015,7,0,0,0.0,0,,0,1,1,42,0.0238,0.1138,28,23,12.8,1.54,12.8
00-0027708,Marcus Easley,WR,BUF,2015,15,0,0,0.0,0,,0,1,0,22,0.037,0.0705,31,23,0.0,1.53,0.0
00-0027718,Garrett Graham,TE,HOU,2015,1,0,0,0.0,0,,0,1,0,16,0.0217,0.033,21,23,0.0,1.34,0.0
00-0027718,Garrett Graham,TE,HOU,2015,2,0,0,0.0,0,,0,5,1,41,0.0877,0.0907,23,30,7.7,10.04,7.7
00-0027718,Garrett Graham,TE,HOU,2015,3,0,0,0.0,0,,0,1,1,5,0.0256,0.0152,46,46,1.9,1.57,1.9
00-0027718,Garrett Graham,TE,HOU,2015,4,0,0,0.0,0,,0,6,1,112,0.1053,0.1409,17,23,1.6,11.14,1.6
00-0027718,Garrett Graham,TE,HOU,2015,5,0,0,0.0,0,,0,1,1,5,0.0244,0.0123,28,38,1.8,1.51,1.8
00-0027718,Garrett Graham,TE,HOU,2015,7,0,0,0.0,0,,0,4,0,21,0.0816,0.0582,25,32,0.0,7.14,0.0
00-0027718,Garrett Graham,TE,HOU,2015,8,0,0,0.0,0,,0,1,0,6,0.0294,0.0226,23,30,0.0,1.64,0.0
00-0027725,Clay Harbor,TE,JAX,2015,1,0,0,0.0,0,,0,1,0,0.0,0.0256,0.0,21,24,0.0,0.91,0.0
00-0027725,Clay Harbor,TE,JAX,2015,3,0,0,0.0,0,,0,5,3,52,0.1515,0.133,20,22,13.3,9.79,13.3
00-0027725,Clay Harbor,TE,JAX,2015,4,0,0,0.0,0,,0,6,4,14,0.1277,0.0343,28,25,7.1,8.32,7.1
00-0027725,Clay Harbor,TE,JAX,2015,11,0,0,0.0,0,,0,2,2,8,0.0645,0.0297,23,24,3.7,2.91,3.7
00-0027725,Clay Harbor,TE,JAX,2015,12,0,0,0.0,0,,0,2,1,6,0.0408,0.017,19,17,2.2,2.7,2.2
00-0027725,Clay Harbor,TE,JAX,2015,14,0,0,0.0,0,,0,2,2,19,0.0667,0.0688,29,27,4.1,3.5,4.1
00-0027725,Clay Harbor,TE,JAX,2015,16,0,0,0.0,0,,0,1,1,4,0.0286,0.0139,15,16,3.7,2.51,3.7
00-0027725,Clay Harbor,TE,JAX,2015,17,0,0,0.0,0,,0,1,1,14,0.0312,0.0507,14,15,2.8,1.85,2.8
00-0027732,Michael Hoomanawanui,TE,NO,2015,5,0,0,0.0,0,,0,2,2,2,0.0465,0.0047,21,27,0.4,2.96,0.4
00-0027732,Michael Hoomanawanui,TE,NO,2015,6,0,0,0.0,0,,0,1,0,-2,0.0256,-0.009,32,39,0.0,3.38,0.0
00-0027732,Michael Hoomanawanui,TE,NO,2015,7,0,0,0.0,0,,0,5,5,15,0.1136,0.043,36,41,14.1,9.9,14.1
00-0027732,Michael Hoomanawanui,TE,NO,2015,8,0,0,0.0,0,,0,1,0,16,0.02,0.0365,26,32,0.0,2.95,0.0
00-0027732,Michael Hoomanawanui,TE,NO,2015,9,0,0,0.0,0,,0,3,1,-3,0.0769,-0.0073,27,29,7.1,7.54,7.1
00-0027732,Michael Hoomanawanui,TE,NO,2015,12,0,0,0.0,0,,0,1,0,14,0.0233,0.0488,10,18,0.0,2.91,0.0
00-0027732,Michael Hoomanawanui,TE,NO,2015,13,0,0,0.0,0,,0,1,1,17,0.0244,0.0455,14,18,2.9,2.07,2.9
00-0027732,Michael Hoomanawanui,TE,NO,2015,15,0,0,0.0,0,,1,0,0,0.0,0.0,0.0,18,21,0.0,3.25,0.0
00-0027732,Michael Hoomanawanui,TE,NO,2015,16,0,0,0.0,0,,0,1,1,17,0.0286,0.045,35,34,8.7,2.6,8.7
00-0027732,Michael Hoomanawanui,TE,NO,2015,17,0,0,0.0,0,,0,1,1,1,0.0233,0.0026,22,30,1.4,1.5,1.4
00-0027753,Andrew Quarless,TE,GB,2015,3,0,0,0.0,0,,0,2,2,7,0.0571,0.025,32,33,3.4,2.92,3.4
00-0027753,Andrew Quarless,TE,GB,2015,16,0,0,0.0,0,,0,2,2,15,0.069,0.0549,26,20,3.7,2.82,3.7
00-0027753,Andrew Quarless,TE,GB,2015,17,0,0,0.0,0,,0,1,0,8,0.0233,0.0203,26,26,0.0,1.56,0.0
00-0027758,Riley Cooper,WR,PHI,2015,1,0,0,0.0,0,,0,4,3,18,0.0769,0.0641,16,30,5.5,5.93,5.5
00-0027758,Riley Cooper,WR,PHI,2015,2,0,0,0.0,0,,0,2,0,13,0.0541,0.061,17,24,0.0,2.87,0.0
00-0027758,Riley Cooper,WR,PHI,2015,4,0,0,0.0,0,,0,3,2,64,0.1071,0.1693,18,19,15.2,4.97,15.2
00-0027758,Riley Cooper,WR,PHI,2015,5,0,0,0.0,0,,0,8,3,113,0.1778,0.3165,34,44,6.2,15.97,6.2
00-0027758,Riley Cooper,WR,PHI,2015,6,0,0,0.0,0,,0,6,3,155,0.1622,0.4026,37,37,16.6,12.73,16.6
00-0027758,Riley Cooper,WR,PHI,2015,11,0,0,0.0,0,,0,3,2,45,0.0732,0.2406,28,33,6.2,4.44,6.2
00-0027758,Riley Cooper,WR,PHI,2015,12,0,0,0.0,0,,0,2,2,14,0.0741,0.068,25,28,3.6,2.93,3.6
00-0027758,Riley Cooper,WR,PHI,2015,13,0,0,0.0,0,,0,1,1,14,0.0417,0.1061,33,38,2.4,1.79,2.4
00-0027758,Riley Cooper,WR,PHI,2015,14,0,0,0.0,0,,0,6,3,84,0.1622,0.2252,34,37,5.8,9.26,5.8
00-0027758,Riley Cooper,WR,PHI,2015,15,0,0,0.0,0,,0,4,2,27,0.0976,0.0806,20,23,4.2,5.85,4.2
00-0027758,Riley Cooper,WR,PHI,2015,16,0,0,0.0,0,,0,1,0,42,0.0182,0.1277,16,27,0.0,1.81,0.0
00-0027758,Riley Cooper,WR,PHI,2015,17,0,0,0.0,0,,0,1,0,28,0.0263,0.1359,26,33,0.0,2.25,0.0
00-0027772,Anthony Dixon,RB,BUF,2015,1,0,0,0.0,0,,3,0,0,0.0,0.0,0.0,36,29,6.1,3.75,6.1
00-0027772,Anthony Dixon,RB,BUF,2015,3,0,0,0.0,0,,5,0,0,0.0,0.0,0.0,34,29,-0.1,2.77,-0.1
00-0027772,Anthony Dixon,RB,BUF,2015,4,0,0,0.0,0,,0,3,2,26,0.0714,0.0648,24,24,4.0,5.11,4.0
00-0027772,Anthony Dixon,RB,BUF,2015,5,0,0,0.0,0,,7,3,3,11,0.1667,0.0671,28,21,6.9,8.0,6.9
00-0027772,Anthony Dixon,RB,BUF,2015,12,0,0,0.0,0,,2,0,0,0.0,0.0,0.0,28,26,0.8,0.9,0.8
00-0027772,Anthony Dixon,RB,BUF,2015,13,0,0,0.0,0,,1,0,0,0.0,0.0,0.0,36,30,0.6,0.63,0.6
00-0027772,Anthony Dixon,RB,BUF,2015,15,0,0,0.0,0,,1,1,1,-1,0.037,-0.0032,31,23,1.9,2.07,1.9
00-0027772,Anthony Dixon,RB,BUF,2015,17,0,0,0.0,0,,2,0,0,0.0,0.0,0.0,43,35,0.6,0.98,0.6
00-0027791,James Starks,RB,GB,2015,1,0,0,0.0,0,,2,0,0,0.0,0.0,0.0,30,23,0.2,0.81,0.2
00-0027791,James Starks,RB,GB,2015,2,0,0,0.0,0,,20,4,4,-2,0.129,-0.0083,29,27,12.6,15.9,12.6
00-0027791,James Starks,RB,GB,2015,3,0,0,0.0,0,,17,1,1,-4,0.0286,-0.0143,32,33,6.1,10.67,6.1
00-0027791,James Starks,RB,GB,2015,4,0,0,0.0,0,,9,2,2,-3,0.0625,-0.0122,33,30,5.9,8.46,5.9
00-0027791,James Starks,RB,GB,2015,5,0,0,0.0,0,,5,6,3,6,0.2,0.0403,27,22,7.6,11.59,7.6
00-0027791,James Starks,RB,GB,2015,6,0,0,0.0,0,,10,2,1,12,0.069,0.0451,17,17,24.7,13.0,24.7
00-0027791,James Starks,RB,GB,2015,8,0,0,0.0,0,,5,2,2,-9,0.0909,-0.0709,21,21,3.8,4.39,3.8
00-0027791,James Starks,RB,GB,2015,9,0,0,0.0,0,,10,8,6,-10,0.1667,-0.0224,19,21,24.2,14.64,24.2
00-0027791,James Starks,RB,GB,2015,10,0,0,0.0,0,,15,7,6,-19,0.1167,-0.0382,18,21,15.6,17.39,15.6
00-0027791,James Starks,RB,GB,2015,11,0,0,0.0,0,,8,1,1,-3,0.0294,-0.0091,34,32,5.4,5.43,5.4
00-0027791,James Starks,RB,GB,2015,12,0,0,0.0,0,,7,5,4,-8,0.1163,-0.0295,28,32,12.0,11.98,12.0
00-0027791,James Starks,RB,GB,2015,13,0,0,0.0,0,,9,7,5,-13,0.2,-0.0326,24,25,11.0,14.08,11.0
00-0027791,James Starks,RB,GB,2015,14,0,0,0.0,0,,11,4,4,-11,0.1212,-0.0545,44,40,26.3,14.39,26.3
00-0027791,James Starks,RB,GB,2015,15,0,0,0.0,0,,9,1,1,-2,0.0263,-0.0055,28,21,4.6,5.92,4.6
00-0027791,James Starks,RB,GB,2015,16,0,0,0.0,0,,3,0,0,0.0,0.0,0.0,26,20,-0.9,1.23,-0.9
00-0027791,James Starks,RB,GB,2015,17,0,0,0.0,0,,8,3,3,-6,0.0698,-0.0152,26,26,7.2,7.54,7.2
00-0027793,Antonio Brown,WR,PIT,2015,1,0,0,-1.431,1,,0,11,9,109,0.2895,0.2449,25,26,28.3,17.75,28.3
00-0027793,Antonio Brown,WR,PIT,2015,2,0,0,0.0,0,,0,11,9,176,0.4074,0.5043,25,25,36.5,20.92,36.5
00-0027793,Antonio Brown,WR,PIT,2015,3,0,0,0.0,0,,0,13,11,87,0.4333,0.4888,22,27,21.8,22.59,21.8
00-0027793,Antonio Brown,WR,PIT,2015,4,0,0,0.0,0,,0,9,5,106,0.3462,0.5955,33,31,9.2,14.1,9.2
00-0027793,Antonio Brown,WR,PIT,2015,5,0,0,0.0,0,,0,6,3,69,0.25,0.213,27,30,7.5,8.78,7.5
00-0027793,Antonio Brown,WR,PIT,2015,6,0,0,0.0,0,,0,8,3,94,0.4,0.4292,32,25,5.4,14.84,5.4
00-0027793,Antonio Brown,WR,PIT,2015,7,0,0,0.0,0,,1,8,6,144,0.2857,0.5035,24,26,19.0,13.98,19.0
00-0027793,Antonio Brown,WR,PIT,2015,8,0,0,0.0,0,,0,11,6,151,0.2444,0.3304,19,25,16.7,23.2,16.7
00-0027793,Antonio Brown,WR,PIT,2015,9,0,0,0.0,0,,2,23,17,255,0.46,0.505,30,30,47.6,37.98,47.6
00-0027793,Antonio Brown,WR,PIT,2015,10,0,0,0.0,0,,0,14,10,110,0.3784,0.3152,21,20,37.9,25.35,37.9
00-0027793,Antonio Brown,WR,PIT,2015,12,0,0,0.0,0,,0,12,6,114,0.2069,0.1696,14,17,11.1,19.09,11.1
00-0027793,Antonio Brown,WR,PIT,2015,13,0,0,0.0,0,,0,11,8,149,0.2821,0.295,32,35,37.8,25.0,31.8
00-0027793,Antonio Brown,WR,PIT,2015,14,0,0,0.0,0,,0,10,7,92,0.2632,0.3251,28,25,15.7,16.63,15.7
00-0027793,Antonio Brown,WR,PIT,2015,15,0,0,0.0,0,,0,18,16,167,0.3333,0.4134,17,19,46.9,30.37,46.9
00-0027793,Antonio Brown,WR,PIT,2015,16,0,0,0.0,0,,0,11,7,129,0.3235,0.4257,20,25,13.1,18.63,13.8
00-0027793,Antonio Brown,WR,PIT,2015,17,0,0,0.0,0,,0,17,13,158,0.4722,0.3649,19,19,35.7,31.57,35.7
00-0027796,Joe Webb,QB,CAR,2015,9,0,0,0.0,0,,1,0,0,0.0,0.0,0.0,36,23,-0.1,0.62,-0.1
00-0027816,Marc Mariani,WR,CHI,2015,4,0,0,0.0,0,,0,1,0,34,0.0233,0.1269,29,32,0.0,2.03,0.0
00-0027816,Marc Mariani,WR,CHI,2015,5,0,0,0.0,0,,0,3,0,25,0.0667,0.0729,26,28,0.0,5.15,0.0
00-0027816,Marc Mariani,WR,CHI,2015,8,0,0,0.0,0,,0,2,1,21,0.0606,0.0623,25,26,2.9,3.33,2.9
00-0027816,Marc Mariani,WR,CHI,2015,9,0,0,0.0,0,,0,3,2,52,0.0789,0.1221,29,29,4.3,4.82,4.3
00-0027816,Marc Mariani,WR,CHI,2015,11,0,0,0.0,0,,0,1,1,8,0.0312,0.0249,25,25,2.0,1.23,2.0
00-0027816,Marc Mariani,WR,CHI,2015,12,0,0,0.0,0,,0,3,3,22,0.0968,0.114,31,29,6.5,4.1,6.5
00-0027816,Marc Mariani,WR,CHI,2015,13,0,0,0.0,0,,0,2,2,5,0.0645,0.0163,42,45,5.3,2.64,5.3
00-0027816,Marc Mariani,WR,CHI,2015,14,0,0,0.0,0,,0,3,2,21,0.0968,0.0559,22,25,5.7,4.2,5.7
00-0027816,Marc Mariani,WR,CHI,2015,15,0,0,0.0,0,,0,4,3,34,0.1111,0.1086,20,28,6.1,6.42,6.1
00-0027816,Marc Mariani,WR,CHI,2015,16,0,0,0.0,0,,0,3,2,21,0.1111,0.1944,39,41,5.2,4.5,5.2
00-0027816,Marc Mariani,WR,CHI,2015,17,0,0,-1.466,1,,0,8,6,70,0.3478,0.2778,24,26,14.0,11.18,14.0
00-0027825,Jim Dray,TE,CLE,2015,1,0,0,0.0,0,,0,3,1,37,0.0938,0.1529,28,24,2.3,3.75,2.3
00-0027825,Jim Dray,TE,CLE,2015,5,0,0,0.0,0,,0,1,1,5,0.0196,0.0121,25,30,1.7,1.52,1.7
00-0027825,Jim Dray,TE,CLE,2015,7,0,0,0.0,0,,0,2,2,3,0.0556,0.0146,24,28,3.0,2.89,3.0
00-0027825,Jim Dray,TE,CLE,2015,8,0,0,0.0,0,,0,2,0,11,0.05,0.0336,20,17,0.0,3.13,0.0
00-0027825,Jim Dray,TE,CLE,2015,9,0,0,0.0,0,,0,1,1,5,0.0303,0.016,17,18,2.3,1.44,2.3
00-0027825,Jim Dray,TE,CLE,2015,12,0,0,0.0,0,,0,1,0,6,0.0208,0.0146,18,20,0.0,1.54,0.0
00-0027825,Jim Dray,TE,CLE,2015,15,0,0,0.0,0,,0,3,0,18,0.0968,0.0994,17,21,0.0,4.01,0.0
00-0027825,Jim Dray,TE,CLE,2015,16,0,0,0.0,0,,0,3,1,42,0.1034,0.1419,36,27,2.8,4.5,2.8
00-0027854,Sam Bradford,QB,PHI,2015,1,52,36,4.614,0,-0.876,0,0,0,0.0,0.0,0.0,16,30,13.4,19.76,13.44
00-0027854,Sam Bradford,QB,PHI,2015,2,37,23,-8.038,1,-7.103,2,0,0,0.0,0.0,0.0,17,24,7.9,17.28,7.86
00-0027854,Sam Bradford,QB,PHI,2015,3,28,14,-3.601,1,-13.748,3,0,0,0.0,0.0,0.0,38,41,8.5,10.5,8.52
00-0027854,Sam Bradford,QB,PHI,2015,4,28,15,8.93,5,-3.459,1,0,0,0.0,0.0,0.0,18,19,24.2,14.13,24.04
00-0027854,Sam Bradford,QB,PHI,2015,5,45,32,2.156,0,6.792,1,0,0,0.0,0.0,0.0,34,44,17.6,23.24,17.62
00-0027854,Sam Bradford,QB,PHI,2015,6,38,24,-3.793,1,2.166,5,0,0,0.0,0.0,0.0,37,37,9.4,15.97,9.4
00-0027854,Sam Bradford,QB,PHI,2015,7,46,26,-14.53,5,-11.382,3,0,0,0.0,0.0,0.0,30,37,6.8,16.88,6.8
00-0027854,Sam Bradford,QB,PHI,2015,9,36,25,1.566,1,3.257,1,0,0,0.0,0.0,0.0,35,42,15.7,12.58,15.7
00-0027854,Sam Bradford,QB,PHI,2015,10,25,19,1.816,4,11.337,1,0,0,0.0,0.0,0.0,35,45,13.4,9.33,13.44
00-0027854,Sam Bradford,QB,PHI,2015,13,24,14,2.085,1,-8.936,1,0,0,0.0,0.0,0.0,33,38,12.7,9.63,12.7
00-0027854,Sam Bradford,QB,PHI,2015,14,38,23,-4.947,1,0.295,3,0,0,0.0,0.0,0.0,34,37,12.2,14.79,12.18
00-0027854,Sam Bradford,QB,PHI,2015,15,41,28,-2.667,2,4.614,1,0,0,0.0,0.0,0.0,20,23,16.8,14.5,18.84
00-0027854,Sam Bradford,QB,PHI,2015,16,56,37,3.442,5,0.163,2,0,0,0.0,0.0,0.0,16,27,17.6,19.32,17.6
00-0027854,Sam Bradford,QB,PHI,2015,17,38,30,17.078,1,10.353,2,0,0,0.0,0.0,0.0,26,33,18.6,14.43,18.6
00-0027861,C.J. Spiller,RB,NO,2015,2,0,0,0.0,0,,3,1,1,4,0.0263,0.0104,27,29,3.6,3.25,3.6
00-0027861,C.J. Spiller,RB,NO,2015,3,0,0,0.0,0,,1,2,2,16,0.0526,0.0593,24,31,4.6,3.53,4.6
00-0027861,C.J. Spiller,RB,NO,2015,4,0,0,0.0,0,,2,5,5,17,0.122,0.0971,25,38,21.9,8.7,21.9
00-0027861,C.J. Spiller,RB,NO,2015,5,0,0,0.0,0,,3,4,3,1,0.093,0.0023,21,27,3.2,7.2,3.2
00-0027861,C.J. Spiller,RB,NO,2015,6,0,0,0.0,0,,3,5,4,12,0.1282,0.0538,32,39,6.7,10.62,6.7
00-0027861,C.J. Spiller,RB,NO,2015,7,0,0,0.0,0,,4,6,6,-21,0.1364,-0.0602,36,41,10.8,11.05,10.8
00-0027861,C.J. Spiller,RB,NO,2015,8,0,0,0.0,0,,4,4,2,29,0.08,0.0662,26,32,11.6,10.58,11.6
00-0027861,C.J. Spiller,RB,NO,2015,9,0,0,0.0,0,,2,2,1,-7,0.0513,-0.017,27,29,2.0,3.66,2.0
00-0027861,C.J. Spiller,RB,NO,2015,10,0,0,0.0,0,,8,2,2,4,0.0714,0.0206,25,29,5.4,7.54,5.4
00-0027861,C.J. Spiller,RB,NO,2015,12,0,0,0.0,0,,1,3,2,-2,0.0698,-0.007,10,18,2.6,4.42,2.6
00-0027861,C.J. Spiller,RB,NO,2015,13,0,0,0.0,0,,0,2,1,-3,0.0488,-0.008,14,18,1.0,3.22,1.0
00-0027861,C.J. Spiller,RB,NO,2015,14,0,0,0.0,0,,3,3,3,-10,0.0732,-0.0353,35,36,3.9,7.07,3.9
00-0027861,C.J. Spiller,RB,NO,2015,15,0,0,0.0,0,,2,5,2,13,0.0962,0.0328,18,21,3.8,8.25,3.8
00-0027864,Ryan Mathews,RB,PHI,2015,1,0,0,0.0,0,,3,4,3,15,0.0769,0.0534,16,30,11.8,10.51,11.8
00-0027864,Ryan Mathews,RB,PHI,2015,2,0,0,0.0,0,,1,0,0,0.0,0.0,0.0,17,24,0.0,0.43,0.0
00-0027864,Ryan Mathews,RB,PHI,2015,3,0,0,0.0,0,,24,4,2,21,0.1429,0.1273,38,41,18.8,17.03,18.8
00-0027864,Ryan Mathews,RB,PHI,2015,4,0,0,0.0,0,,5,0,0,0.0,0.0,0.0,18,19,0.0,1.72,0.0
00-0027864,Ryan Mathews,RB,PHI,2015,5,0,0,0.0,0,,8,3,3,0.0,0.0667,0.0,34,44,18.6,12.08,18.6
00-0027864,Ryan Mathews,RB,PHI,2015,6,0,0,0.0,0,,9,1,1,4,0.027,0.0104,37,37,5.6,6.5,5.6
00-0027864,Ryan Mathews,RB,PHI,2015,7,0,0,0.0,0,,6,3,3,-8,0.0652,-0.0369,30,37,21.1,7.37,21.1
00-0027864,Ryan Mathews,RB,PHI,2015,9,0,0,0.0,0,,11,1,0,3,0.0278,0.0171,35,42,12.7,7.74,12.7
00-0027864,Ryan Mathews,RB,PHI,2015,10,0,0,0.0,0,,7,3,2,-6,0.0625,-0.0196,35,45,12.0,14.51,12.0
00-0027864,Ryan Mathews,RB,PHI,2015,14,0,0,0.0,0,,13,2,2,-6,0.0541,-0.0161,34,37,6.2,9.16,6.2
00-0027864,Ryan Mathews,RB,PHI,2015,15,0,0,0.0,0,,11,2,1,-4,0.0488,-0.0119,20,23,5.1,8.32,5.1
00-0027864,Ryan Mathews,RB,PHI,2015,16,0,0,0.0,0,,4,3,2,4,0.0545,0.0122,16,27,9.8,8.11,9.8
00-0027864,Ryan Mathews,RB,PHI,2015,17,0,0,0.0,0,,4,2,1,0.0,0.0526,0.0,26,33,2.8,4.59,2.8
00-0027873,Jermaine Gresham,TE,ARI,2015,1,0,0,0.0,0,,0,1,1,2,0.0312,0.0056,25,24,1.4,1.46,1.4
00-0027873,Jermaine Gresham,TE,ARI,2015,2,0,0,0.0,0,,0,1,1,5,0.0435,0.0193,28,27,1.5,1.51,1.5
00-0027873,Jermaine Gresham,TE,ARI,2015,3,0,0,0.0,0,,0,3,2,30,0.0968,0.08,37,37,5.4,8.28,5.4
00-0027873,Jermaine Gresham,TE,ARI,2015,4,0,0,0.0,0,,0,3,1,9,0.0667,0.0223,21,26,1.8,5.48,1.8
00-0027873,Jermaine Gresham,TE,ARI,2015,5,0,0,0.0,0,,0,1,0,5,0.0556,0.0211,25,21,0.0,1.34,0.0
00-0027873,Jermaine Gresham,TE,ARI,2015,6,0,0,0.0,0,,0,1,0,12,0.0227,0.0223,20,22,0.0,1.98,0.0
00-0027873,Jermaine Gresham,TE,ARI,2015,7,0,0,0.0,0,,0,6,4,65,0.2143,0.2826,28,31,10.2,12.62,10.2
00-0027873,Jermaine Gresham,TE,ARI,2015,8,0,0,0.0,0,,0,4,2,36,0.1081,0.0726,38,36,3.9,7.75,3.9
00-0027873,Jermaine Gresham,TE,ARI,2015,10,0,0,0.0,0,,0,3,2,31,0.0667,0.0592,33,34,10.6,5.77,10.6
00-0027873,Jermaine Gresham,TE,ARI,2015,12,0,0,0.0,0,,0,3,1,4,0.075,0.0096,29,31,1.9,3.58,1.9
00-0027873,Jermaine Gresham,TE,ARI,2015,13,0,0,0.0,0,,0,1,1,10,0.025,0.0244,36,35,2.3,1.68,2.3
00-0027873,Jermaine Gresham,TE,ARI,2015,16,0,0,0.0,0,,0,2,1,8,0.0741,0.0367,26,29,1.7,5.27,1.7
00-0027873,Jermaine Gresham,TE,ARI,2015,17,0,0,0.0,0,,0,3,2,43,0.0698,0.0933,13,17,5.6,5.87,5.6
00-0027874,Demaryius Thomas,WR,DEN,2015,1,0,0,0.0,0,,0,11,7,91,0.275,0.316,25,28,13.0,16.72,13.0
00-0027874,Demaryius Thomas,WR,DEN,2015,2,0,0,0.0,0,,0,14,8,181,0.3111,0.4004,22,22,19.6,19.5,19.6
00-0027874,Demaryius Thomas,WR,DEN,2015,3,0,0,0.0,0,,0,13,9,83,0.3095,0.318,19,20,22.2,18.79,22.2
00-0027874,Demaryius Thomas,WR,DEN,2015,4,0,0,0.0,0,,0,12,9,113,0.4444,0.4788,24,24,18.3,19.15,18.3
00-0027874,Demaryius Thomas,WR,DEN,2015,5,0,0,0.0,0,,0,8,5,77,0.2286,0.2683,18,22,10.5,14.63,10.5
00-0027874,Demaryius Thomas,WR,DEN,2015,6,0,0,0.0,0,,0,17,10,208,0.3617,0.4464,33,40,21.1,24.03,21.1
00-0027874,Demaryius Thomas,WR,DEN,2015,8,0,0,0.0,0,,0,11,8,190,0.3793,0.6271,34,36,24.8,20.72,24.8
00-0027874,Demaryius Thomas,WR,DEN,2015,9,0,0,0.0,0,,0,7,5,49,0.1944,0.126,14,15,10.0,9.38,10.0
00-0027874,Demaryius Thomas,WR,DEN,2015,10,0,0,0.0,0,,0,10,7,120,0.2326,0.2537,16,15,14.1,14.23,14.1
00-0027874,Demaryius Thomas,WR,DEN,2015,11,0,0,0.0,0,,0,8,3,76,0.2963,0.4153,36,36,14.9,11.7,14.9
00-0027874,Demaryius Thomas,WR,DEN,2015,12,0,0,0.0,0,,0,13,1,121,0.3095,0.3119,32,35,4.6,19.19,4.6
00-0027874,Demaryius Thomas,WR,DEN,2015,13,0,0,0.0,0,,0,6,6,38,0.2308,0.149,39,36,18.1,11.91,18.1
00-0027874,Demaryius Thomas,WR,DEN,2015,14,0,0,0.0,0,,0,14,10,82,0.2745,0.2733,21,28,17.5,23.01,17.5
00-0027874,Demaryius Thomas,WR,DEN,2015,15,0,0,0.0,0,,0,12,5,141,0.2727,0.2733,25,19,23.1,21.57,23.1
00-0027874,Demaryius Thomas,WR,DEN,2015,16,0,0,0.0,0,,0,12,7,126,0.3077,0.3452,21,23,12.9,18.26,12.9
00-0027874,Demaryius Thomas,WR,DEN,2015,17,0,0,0.0,0,,0,9,5,156,0.2903,0.4194,32,33,22.7,15.37,22.7
00-0027888,Toby Gerhart,RB,JAX,2015,3,0,0,0.0,0,,3,0,0,0.0,0.0,0.0,20,22,1.0,1.3,1.0
00-0027888,Toby Gerhart,RB,JAX,2015,4,0,0,0.0,0,,1,0,0,0.0,0.0,0.0,28,25,-0.2,0.38,-0.2
00-0027888,Toby Gerhart,RB,JAX,2015,5,0,0,0.0,0,,1,1,0,6,0.0312,0.0176,17,21,0.2,1.85,0.2
00-0027888,Toby Gerhart,RB,JAX,2015,6,0,0,0.0,0,,9,4,3,1,0.0755,0.002,21,23,7.9,11.23,7.9
00-0027888,Toby Gerhart,RB,JAX,2015,7,0,0,0.0,0,,6,0,0,0.0,0.0,0.0,32,27,0.8,10.65,0.8
00-0027891,Golden Tate,WR,DET,2015,1,0,0,0.0,0,,0,8,4,74,0.2857,0.3645,16,23,6.4,14.47,6.4
00-0027891,Golden Tate,WR,DET,2015,2,0,0,0.0,0,,0,10,6,91,0.1923,0.2826,16,19,14.0,16.04,14.0
00-0027891,Golden Tate,WR,DET,2015,3,0,0,0.0,0,,0,7,5,29,0.1556,0.1336,19,29,10.7,9.85,10.7
00-0027891,Golden Tate,WR,DET,2015,4,0,0,0.0,0,,1,4,3,46,0.1143,0.1893,18,24,6.5,6.15,6.5
00-0027891,Golden Tate,WR,DET,2015,5,0,0,0.0,0,,1,18,8,144,0.2647,0.2785,18,28,14.2,27.32,14.2
00-0027891,Golden Tate,WR,DET,2015,6,0,0,0.0,0,,0,8,6,39,0.2,0.1063,32,30,16.0,15.32,16.0
00-0027891,Golden Tate,WR,DET,2015,7,0,0,0.0,0,,0,6,2,48,0.2308,0.2297,17,20,3.4,9.53,3.4
00-0027891,Golden Tate,WR,DET,2015,8,0,0,0.0,0,,0,7,6,45,0.1842,0.1648,14,19,11.9,10.33,11.9
00-0027891,Golden Tate,WR,DET,2015,10,0,0,0.0,0,,1,4,4,-2,0.1053,-0.0099,26,28,10.3,8.28,10.3
00-0027891,Golden Tate,WR,DET,2015,11,0,0,0.0,0,,1,11,8,53,0.3235,0.212,31,31,15.1,19.4,15.1
00-0027891,Golden Tate,WR,DET,2015,12,0,0,0.0,0,,0,8,7,26,0.2105,0.0915,30,36,18.0,16.11,18.0
00-0027891,Golden Tate,WR,DET,2015,13,0,0,0.0,0,,1,10,8,51,0.2941,0.1903,25,29,14.6,16.66,14.6
00-0027891,Golden Tate,WR,DET,2015,14,0,0,0.0,0,,1,10,9,38,0.2222,0.2197,20,28,28.5,18.43,28.5
00-0027891,Golden Tate,WR,DET,2015,15,0,0,0.0,0,,0,6,6,3,0.24,0.0361,23,25,22.5,13.7,22.5
00-0027891,Golden Tate,WR,DET,2015,16,0,0,0.0,0,,0,5,4,29,0.1351,0.1415,28,35,9.9,8.37,9.9
00-0027891,Golden Tate,WR,DET,2015,17,0,0,0.0,0,,0,6,4,44,0.1538,0.1392,21,22,7.4,8.87,7.4
00-0027902,Dez Bryant,WR,DAL,2015,1,0,0,0.0,0,,0,7,5,43,0.1556,0.2337,23,34,9.8,13.94,9.8
00-0027902,Dez Bryant,WR,DAL,2015,8,0,0,0.0,0,,0,6,2,68,0.2308,0.5574,30,31,3.2,8.7,3.2
00-0027902,Dez Bryant,WR,DAL,2015,9,0,0,0.0,0,,0,8,5,97,0.2162,0.3288,29,28,21.4,13.23,21.4
00-0027902,Dez Bryant,WR,DAL,2015,10,0,0,0.0,0,,0,12,5,177,0.4286,0.602,21,23,9.5,20.98,9.5
00-0027902,Dez Bryant,WR,DAL,2015,11,0,0,0.0,0,,0,9,4,100,0.3214,0.3759,38,40,14.5,16.25,14.5
00-0027902,Dez Bryant,WR,DAL,2015,12,0,0,0.0,0,,0,8,2,151,0.2105,0.484,14,18,4.6,15.05,4.6
00-0027902,Dez Bryant,WR,DAL,2015,13,0,0,0.0,0,,0,7,3,98,0.25,0.3712,24,23,9.2,14.22,9.2
00-0027902,Dez Bryant,WR,DAL,2015,14,0,0,0.0,0,,0,6,1,73,0.2143,0.2874,20,16,1.9,10.63,1.9
00-0027902,Dez Bryant,WR,DAL,2015,15,0,0,0.0,0,,0,9,4,138,0.2903,0.5036,21,21,15.0,18.55,15.0
00-0027918,Andrew Hawkins,WR,CLE,2015,1,0,0,0.0,0,,0,6,3,33,0.1875,0.1364,28,24,5.4,10.09,5.4
00-0027918,Andrew Hawkins,WR,CLE,2015,2,0,0,0.0,0,,0,4,3,78,0.2667,0.3436,30,27,7.3,7.53,7.3
00-0027918,Andrew Hawkins,WR,CLE,2015,3,0,0,0.0,0,,0,6,2,54,0.1224,0.0989,14,21,3.8,9.43,3.8
00-0027918,Andrew Hawkins,WR,CLE,2015,4,0,0,0.0,0,,0,3,2,5,0.075,0.0275,21,34,4.7,2.98,4.7
00-0027918,Andrew Hawkins,WR,CLE,2015,5,0,0,0.0,0,,0,9,7,40,0.1765,0.0969,25,30,13.9,14.2,13.9
00-0027918,Andrew Hawkins,WR,CLE,2015,6,0,0,0.0,0,,0,4,1,33,0.1026,0.0988,33,36,3.5,5.16,3.5
00-0027918,Andrew Hawkins,WR,CLE,2015,7,0,0,0.0,0,,0,3,2,21,0.0833,0.1019,24,28,4.1,4.16,4.1
00-0027918,Andrew Hawkins,WR,CLE,2015,10,0,0,0.0,0,,0,8,7,38,0.1778,0.1293,14,15,11.9,12.65,11.9
00-0027939,Cam Newton,QB,CAR,2015,1,31,18,-0.279,2,-6.241,14,0,0,0.0,0.0,0.0,35,26,12.5,20.84,12.5
00-0027939,Cam Newton,QB,CAR,2015,2,37,18,-7.354,2,-12.413,10,0,0,0.0,0.0,0.0,33,19,27.4,24.32,27.4
00-0027939,Cam Newton,QB,CAR,2015,3,31,20,13.65,1,5.403,7,0,0,0.0,0.0,0.0,30,18,29.9,22.91,29.9
00-0027939,Cam Newton,QB,CAR,2015,4,22,11,-0.922,2,-5.536,12,0,0,0.0,0.0,0.0,33,19,16.1,21.2,16.06
00-0027939,Cam Newton,QB,CAR,2015,6,36,20,1.702,3,-3.816,7,0,0,0.0,0.0,0.0,33,24,19.8,18.73,19.76
00-0027939,Cam Newton,QB,CAR,2015,7,24,14,-4.587,1,-3.533,4,0,0,0.0,0.0,0.0,33,25,13.9,18.04,13.88
00-0027939,Cam Newton,QB,CAR,2015,8,35,16,-0.584,2,-10.77,10,0,0,0.0,0.0,0.0,36,26,18.0,25.95,18.02
00-0027939,Cam Newton,QB,CAR,2015,9,30,15,6.133,0,-5.502,9,0,0,0.0,0.0,0.0,36,23,33.6,27.97,33.58
00-0027939,Cam Newton,QB,CAR,2015,10,25,21,7.43,5,22.119,9,0,0,0.0,0.0,0.0,34,22,21.0,21.65,20.98
00-0027939,Cam Newton,QB,CAR,2015,11,34,21,10.464,2,3.747,4,0,0,0.0,0.0,0.0,39,25,31.4,28.76,31.44
00-0027939,Cam Newton,QB,CAR,2015,12,27,16,6.435,1,-4.223,12,0,0,0.0,0.0,0.0,37,24,17.8,24.09,17.82
00-0027939,Cam Newton,QB,CAR,2015,13,41,28,20.074,1,6.808,10,0,0,0.0,0.0,0.0,34,25,36.1,29.06,36.14
00-0027939,Cam Newton,QB,CAR,2015,14,21,15,17.104,2,19.643,3,0,0,0.0,0.0,0.0,32,20,23.0,13.91,23.0
00-0027939,Cam Newton,QB,CAR,2015,15,45,25,14.531,3,-0.62,8,0,0,0.0,0.0,0.0,29,20,41.6,28.35,41.6
00-0027939,Cam Newton,QB,CAR,2015,16,30,17,-13.91,2,-10.218,7,0,0,0.0,0.0,0.0,20,13,14.3,16.15,16.28
00-0027939,Cam Newton,QB,CAR,2015,17,26,21,15.984,4,19.595,6,0,0,0.0,0.0,0.0,32,16,32.7,24.3,32.72
00-0027942,A.J. Green,WR,CIN,2015,1,0,0,0.0,0,,0,8,5,134,0.2353,0.4769,31,34,11.3,14.77,11.3
00-0027942,A.J. Green,WR,CIN,2015,2,0,0,0.0,0,,0,4,3,35,0.1667,0.175,36,35,13.5,9.67,13.5
00-0027942,A.J. Green,WR,CIN,2015,3,0,0,0.0,0,,0,13,10,156,0.4062,0.4444,31,28,44.7,23.6,44.7
00-0027942,A.J. Green,WR,CIN,2015,4,0,0,0.0,0,,0,10,7,102,0.4167,0.3529,26,23,15.2,16.01,15.2
00-0027942,A.J. Green,WR,CIN,2015,5,0,0,0.0,0,,0,8,6,89,0.186,0.2918,31,30,13.8,13.65,13.8
00-0027942,A.J. Green,WR,CIN,2015,6,0,0,0.0,0,,0,7,4,70,0.2121,0.2465,28,26,7.6,11.13,7.6
00-0027942,A.J. Green,WR,CIN,2015,8,0,0,0.0,0,,0,17,11,207,0.4474,0.6254,23,19,28.8,32.45,28.8
00-0027942,A.J. Green,WR,CIN,2015,9,0,0,0.0,0,,0,6,4,76,0.24,0.3897,37,31,9.3,9.91,9.3
00-0027942,A.J. Green,WR,CIN,2015,10,0,0,0.0,0,,0,7,5,66,0.1842,0.1784,20,23,9.7,10.75,9.7
00-0027942,A.J. Green,WR,CIN,2015,11,0,0,0.0,0,,0,12,4,194,0.3077,0.435,28,28,11.9,20.9,11.9
00-0027942,A.J. Green,WR,CIN,2015,12,0,0,0.0,0,,0,8,6,84,0.2857,0.4158,31,33,24.1,15.33,24.1
00-0027942,A.J. Green,WR,CIN,2015,13,0,0,0.0,0,,0,6,5,99,0.2727,0.5657,33,30,23.8,12.83,23.8
00-0027942,A.J. Green,WR,CIN,2015,14,0,0,0.0,0,,0,9,6,135,0.25,0.4018,16,19,25.2,15.0,25.2
00-0027942,A.J. Green,WR,CIN,2015,15,0,0,0.0,0,,0,3,1,46,0.1429,0.2359,36,37,4.7,6.01,4.7
00-0027942,A.J. Green,WR,CIN,2015,16,0,0,0.0,0,,0,9,5,157,0.2647,0.4687,33,34,16.7,15.48,16.7
00-0027942,A.J. Green,WR,CIN,2015,17,0,0,0.0,0,,0,5,4,36,0.2083,0.2628,27,25,13.4,9.08,13.4
00-0027944,Julio Jones,WR,ATL,2015,1,0,0,0.0,0,,0,11,9,110,0.3235,0.3729,35,33,35.1,22.75,35.1
00-0027944,Julio Jones,WR,ATL,2015,2,0,0,0.0,0,,0,15,13,96,0.3261,0.3516,22,27,26.5,23.39,26.5
00-0027944,Julio Jones,WR,ATL,2015,3,0,0,0.0,0,,0,20,12,159,0.5714,0.6092,32,36,40.4,36.09,40.4
00-0027944,Julio Jones,WR,ATL,2015,4,0,0,0.0,0,,0,6,4,27,0.2222,0.203,35,39,7.8,9.71,7.8
00-0027944,Julio Jones,WR,ATL,2015,5,0,0,0.0,0,,0,10,5,121,0.2381,0.2923,32,36,11.7,18.13,11.7
00-0027944,Julio Jones,WR,ATL,2015,6,0,0,0.0,0,,0,10,6,134,0.2326,0.4268,21,28,15.3,17.84,15.3
00-0027944,Julio Jones,WR,ATL,2015,7,0,0,0.0,0,,0,17,9,144,0.4474,0.4784,31,32,24.2,30.45,24.2
00-0027944,Julio Jones,WR,ATL,2015,8,0,0,0.0,0,,0,13,12,90,0.2889,0.3333,27,33,32.2,21.73,32.2
00-0027944,Julio Jones,WR,ATL,2015,9,0,0,0.0,0,,0,17,10,158,0.3778,0.5048,14,21,23.7,28.69,23.7
00-0027944,Julio Jones,WR,ATL,2015,11,0,0,0.0,0,,0,15,9,263,0.3261,0.5412,24,28,25.0,27.73,25.0
00-0027944,Julio Jones,WR,ATL,2015,12,0,0,0.0,0,,0,7,5,69,0.2258,0.2292,24,24,10.6,11.11,10.6
00-0027944,Julio Jones,WR,ATL,2015,13,0,0,0.0,0,,0,17,8,174,0.3864,0.5337,18,30,17.3,28.67,17.3
00-0027944,Julio Jones,WR,ATL,2015,14,0,0,0.0,0,,0,10,7,84,0.2439,0.3194,16,20,15.8,12.72,15.8
00-0027944,Julio Jones,WR,ATL,2015,15,0,0,0.0,0,,0,13,9,133,0.3714,0.5565,33,36,26.8,22.24,26.8
00-0027944,Julio Jones,WR,ATL,2015,16,0,0,0.0,0,,0,11,9,135,0.3793,0.5444,30,27,32.8,17.92,32.8
00-0027944,Julio Jones,WR,ATL,2015,17,0,0,0.0,0,,0,11,9,164,0.3056,0.4672,26,29,23.9,20.17,23.9
00-0027948,Blaine Gabbert,QB,SF,2015,9,25,15,4.418,0,0.795,8,0,0,0.0,0.0,0.0,38,31,14.6,15.71,14.6
00-0027948,Blaine Gabbert,QB,SF,2015,11,34,22,2.674,2,6.962,4,0,0,0.0,0.0,0.0,16,20,16.8,12.09,16.76
00-0027948,Blaine Gabbert,QB,SF,2015,12,36,25,1.427,2,1.811,1,0,0,0.0,0.0,0.0,17,20,15.8,12.4,15.82
00-0027948,Blaine Gabbert,QB,SF,2015,13,32,18,-4.519,4,-10.524,6,0,0,0.0,0.0,0.0,23,22,25.3,13.87,25.34
00-0027948,Blaine Gabbert,QB,SF,2015,14,28,18,-14.411,9,2.001,3,0,0,0.0,0.0,0.0,17,17,13.7,10.89,13.66
00-0027948,Blaine Gabbert,QB,SF,2015,15,50,30,-12.608,4,-9.624,2,0,0,0.0,0.0,0.0,17,24,10.8,14.8,10.8
00-0027948,Blaine Gabbert,QB,SF,2015,16,33,22,-6.731,3,1.072,1,0,0,0.0,0.0,0.0,23,28,15.9,12.26,17.9
00-0027948,Blaine Gabbert,QB,SF,2015,17,44,28,-1.122,1,-1.92,7,0,0,0.0,0.0,0.0,33,36,16.9,13.48,16.86
00-0027966,Mark Ingram,RB,NO,2015,1,0,0,0.0,0,,9,9,8,-11,0.1875,-0.0472,20,30,20.2,17.04,20.2
00-0027966,Mark Ingram,RB,NO,2015,2,0,0,0.0,0,,16,3,3,-16,0.0789,-0.0418,27,29,12.8,14.12,12.8
00-0027966,Mark Ingram,RB,NO,2015,3,0,0,0.0,0,,14,5,5,6,0.1316,0.0222,24,31,20.9,14.48,20.9
00-0027966,Mark Ingram,RB,NO,2015,4,0,0,0.0,0,,17,7,6,-8,0.1707,-0.0457,25,38,18.8,19.32,18.8
00-0027966,Mark Ingram,RB,NO,2015,5,0,0,0.0,0,,12,3,2,4,0.0698,0.0094,21,27,9.4,10.39,9.4
00-0027966,Mark Ingram,RB,NO,2015,6,0,0,0.0,0,,20,3,3,0.0,0.0769,0.0,32,39,20.6,20.5,20.6
00-0027966,Mark Ingram,RB,NO,2015,7,0,0,0.0,0,,14,2,2,-7,0.0455,-0.0201,36,41,22.8,12.49,22.8
00-0027966,Mark Ingram,RB,NO,2015,8,0,0,0.0,0,,16,5,4,-2,0.1,-0.0046,26,32,15.9,18.04,15.9
00-0027966,Mark Ingram,RB,NO,2015,9,0,0,0.0,0,,22,5,4,37,0.1282,0.09,27,29,13.6,25.02,13.6
00-0027966,Mark Ingram,RB,NO,2015,10,0,0,0.0,0,,5,4,3,-14,0.1429,-0.0722,25,29,12.8,7.87,12.8
00-0027966,Mark Ingram,RB,NO,2015,12,0,0,0.0,0,,9,8,6,-5,0.186,-0.0174,10,18,15.7,14.99,15.7
00-0027966,Mark Ingram,RB,NO,2015,13,0,0,0.0,0,,12,6,4,14,0.1463,0.0374,14,18,19.9,15.5,19.9
00-0027973,Andy Dalton,QB,CIN,2015,1,34,25,13.905,0,11.323,4,0,0,0.0,0.0,0.0,31,34,18.9,18.42,18.86
00-0027973,Andy Dalton,QB,CIN,2015,2,26,16,10.006,0,3.808,5,0,0,0.0,0.0,0.0,36,35,21.6,20.32,21.56
00-0027973,Andy Dalton,QB,CIN,2015,3,32,20,8.902,2,5.463,5,0,0,0.0,0.0,0.0,31,28,30.3,23.38,32.32
00-0027973,Andy Dalton,QB,CIN,2015,4,24,17,19.288,0,9.782,3,0,0,0.0,0.0,0.0,26,23,18.4,13.67,18.44
00-0027973,Andy Dalton,QB,CIN,2015,5,44,30,7.21,4,1.973,7,0,0,0.0,0.0,0.0,31,30,27.0,25.48,27.04
00-0027973,Andy Dalton,QB,CIN,2015,6,33,22,15.822,0,1.25,3,0,0,0.0,0.0,0.0,28,26,21.5,14.12,21.52
00-0027973,Andy Dalton,QB,CIN,2015,8,38,23,0.83,3,-2.755,6,0,0,0.0,0.0,0.0,23,19,9.6,20.73,9.64
00-0027973,Andy Dalton,QB,CIN,2015,9,27,21,15.788,2,19.123,6,0,0,0.0,0.0,0.0,37,31,21.9,22.02,21.86
00-0027973,Andy Dalton,QB,CIN,2015,10,38,22,-6.032,4,-5.968,4,0,0,0.0,0.0,0.0,20,23,9.0,15.84,8.98
00-0027973,Andy Dalton,QB,CIN,2015,11,39,22,9.716,4,-4.294,8,0,0,0.0,0.0,0.0,28,28,22.0,24.07,24.0
00-0027973,Andy Dalton,QB,CIN,2015,12,27,20,5.154,0,11.236,2,0,0,0.0,0.0,0.0,31,33,19.7,15.44,19.72
00-0027973,Andy Dalton,QB,CIN,2015,13,19,14,14.314,1,12.165,4,0,0,0.0,0.0,0.0,33,30,23.9,17.41,23.9
00-0027973,Andy Dalton,QB,CIN,2015,14,5,3,1.302,0,-3.806,0,0,0,0.0,0.0,0.0,16,19,0.4,3.76,0.36
00-0027974,Colin Kaepernick,QB,SF,2015,1,26,17,1.053,1,1.489,7,0,0,0.0,0.0,0.0,39,35,10.7,15.2,10.7
00-0027974,Colin Kaepernick,QB,SF,2015,2,46,33,12.136,5,9.907,9,0,0,0.0,0.0,0.0,31,28,26.5,32.07,26.5
00-0027974,Colin Kaepernick,QB,SF,2015,3,19,9,-23.92,2,-18.361,7,0,0,0.0,0.0,0.0,29,24,5.3,9.62,5.28
00-0027974,Colin Kaepernick,QB,SF,2015,4,25,13,-8.092,6,-11.978,10,0,0,0.0,0.0,0.0,19,11,10.1,14.78,10.1
00-0027974,Colin Kaepernick,QB,SF,2015,5,35,23,9.983,2,0.292,3,0,0,0.0,0.0,0.0,27,25,20.8,20.1,20.78
00-0027974,Colin Kaepernick,QB,SF,2015,6,27,16,10.72,3,-1.634,3,0,0,0.0,0.0,0.0,25,24,22.6,14.12,22.6
00-0027974,Colin Kaepernick,QB,SF,2015,7,24,13,-11.314,6,-11.831,0,0,0,0.0,0.0,0.0,15,18,5.0,5.62,4.96
00-0027974,Colin Kaepernick,QB,SF,2015,8,41,20,-16.906,3,-18.682,6,0,0,0.0,0.0,0.0,21,19,9.3,15.36,9.28
00-0027974,Colin Kaepernick,QB,SF,2015,9,1,0,-0.933,0,-35.01,0,0,0,0.0,0.0,0.0,38,31,0.0,0.51,0.0
00-0027981,Kyle Rudolph,TE,MIN,2015,1,0,0,0.0,0,,0,7,5,64,0.2258,0.2319,17,22,10.3,9.7,10.3
00-0027981,Kyle Rudolph,TE,MIN,2015,2,0,0,0.0,0,,0,7,5,32,0.3889,0.381,42,36,14.0,16.47,14.0
00-0027981,Kyle Rudolph,TE,MIN,2015,3,0,0,0.0,0,,0,5,2,54,0.2083,0.2741,31,31,3.4,10.33,3.4
00-0027981,Kyle Rudolph,TE,MIN,2015,4,0,0,0.0,0,,0,4,2,23,0.0976,0.0674,21,23,2.7,6.19,2.7
00-0027981,Kyle Rudolph,TE,MIN,2015,6,0,0,0.0,0,,0,5,2,56,0.1613,0.1938,35,34,8.9,10.22,8.9
00-0027981,Kyle Rudolph,TE,MIN,2015,7,0,0,0.0,0,,0,2,2,4,0.0588,0.0143,35,34,9.0,3.97,9.0
00-0027981,Kyle Rudolph,TE,MIN,2015,8,0,0,0.0,0,,0,2,2,20,0.069,0.0862,25,28,4.2,3.19,4.2
00-0027981,Kyle Rudolph,TE,MIN,2015,9,0,0,0.0,0,,0,2,2,5,0.0741,0.0202,35,35,5.0,2.36,5.0
00-0027981,Kyle Rudolph,TE,MIN,2015,10,0,0,0.0,0,,0,4,1,26,0.1905,0.2989,33,34,1.7,10.19,1.7
00-0027981,Kyle Rudolph,TE,MIN,2015,11,0,0,0.0,0,,0,9,6,124,0.2432,0.4321,18,18,22.6,12.77,22.6
00-0027981,Kyle Rudolph,TE,MIN,2015,12,0,0,0.0,0,,0,10,7,49,0.3704,0.4153,39,40,12.3,15.54,12.3
00-0027981,Kyle Rudolph,TE,MIN,2015,13,0,0,0.0,0,,0,4,3,18,0.1429,0.0874,16,21,4.3,5.13,4.3
00-0027981,Kyle Rudolph,TE,MIN,2015,14,0,0,0.0,0,,0,6,6,30,0.1818,0.1376,24,27,12.7,8.62,12.7
00-0027981,Kyle Rudolph,TE,MIN,2015,15,0,0,0.0,0,,0,2,2,12,0.1,0.2449,36,35,4.1,3.0,4.1
00-0027981,Kyle Rudolph,TE,MIN,2015,16,0,0,0.0,0,,0,3,2,76,0.12,0.3979,40,37,13.3,6.66,13.3
00-0027981,Kyle Rudolph,TE,MIN,2015,17,0,0,0.0,0,,0,1,0,15,0.0588,0.0877,27,27,0.0,1.5,0.0
00-0027985,Lance Kendricks,TE,LA,2015,1,0,0,0.0,0,,0,2,2,34,0.0741,0.1313,26,22,12.2,2.76,12.2
00-0027985,Lance Kendricks,TE,LA,2015,2,0,0,0.0,0,,0,2,1,16,0.0625,0.0625,13,14,2.5,2.86,2.5
00-0027985,Lance Kendricks,TE,LA,2015,3,0,0,0.0,0,,0,5,2,67,0.1724,0.3116,18,20,3.2,8.48,3.2
00-0027985,Lance Kendricks,TE,LA,2015,4,0,0,0.0,0,,0,2,0,-2,0.0833,-0.013,26,27,0.0,1.91,0.0
00-0027985,Lance Kendricks,TE,LA,2015,5,0,0,0.0,0,,0,3,2,2,0.1034,0.0066,36,34,3.6,5.69,3.6
00-0027985,Lance Kendricks,TE,LA,2015,8,0,0,0.0,0,,0,2,2,3,0.087,0.0129,41,39,2.7,2.65,2.7
00-0027985,Lance Kendricks,TE,LA,2015,9,0,0,0.0,0,,0,2,2,17,0.0645,0.0642,36,31,4.5,3.18,4.5
00-0027985,Lance Kendricks,TE,LA,2015,10,0,0,0.0,0,,0,3,1,18,0.0811,0.057,21,23,1.4,5.12,1.4
00-0027985,Lance Kendricks,TE,LA,2015,11,0,0,0.0,0,,0,4,2,30,0.1538,0.1376,29,27,12.3,6.08,12.3
00-0027985,Lance Kendricks,TE,LA,2015,12,0,0,0.0,0,,0,4,3,13,0.0755,0.051,17,21,4.7,5.1,4.7
00-0027985,Lance Kendricks,TE,LA,2015,14,0,0,0.0,0,,0,1,0,5,0.0455,0.0254,29,27,0.0,1.56,0.0
00-0027985,Lance Kendricks,TE,LA,2015,15,0,0,0.0,0,,0,3,3,7,0.1765,0.0654,33,28,5.7,4.43,5.7
00-0027985,Lance Kendricks,TE,LA,2015,16,0,0,0.0,0,,0,2,0,12,0.087,0.0764,30,28,0.0,3.21,0.0
00-0027985,Lance Kendricks,TE,LA,2015,17,0,0,0.0,0,,0,5,5,16,0.1316,0.0437,33,30,8.7,7.0,8.7
00-0027994,Shane Vereen,RB,NYG,2015,1,0,0,0.0,0,,3,5,4,3,0.1515,0.0158,24,26,9.9,9.33,9.9
00-0027994,Shane Vereen,RB,NYG,2015,2,0,0,0.0,0,,6,8,8,6,0.2,0.0192,23,31,17.5,13.5,17.5
00-0027994,Shane Vereen,RB,NYG,2015,3,0,0,0.0,0,,6,3,0,2,0.0938,0.008,31,34,2.3,7.33,2.3
00-0027994,Shane Vereen,RB,NYG,2015,4,0,0,0.0,0,,5,0,0,0.0,0.0,0.0,28,27,2.1,2.53,2.1
00-0027994,Shane Vereen,RB,NYG,2015,5,0,0,0.0,0,,5,8,8,15,0.1509,0.0444,21,31,25.0,17.75,25.0
00-0027994,Shane Vereen,RB,NYG,2015,6,0,0,0.0,0,,4,4,1,7,0.1111,0.0335,23,26,1.6,7.88,1.6
00-0027994,Shane Vereen,RB,NYG,2015,7,0,0,0.0,0,,4,3,1,0.0,0.125,0.0,25,22,7.2,6.47,7.2
00-0027994,Shane Vereen,RB,NYG,2015,8,0,0,0.0,0,,2,9,8,18,0.2195,0.0514,21,31,20.3,18.18,20.3
00-0027994,Shane Vereen,RB,NYG,2015,9,0,0,0.0,0,,6,4,4,19,0.1,0.0617,33,38,14.3,12.23,14.3
00-0027994,Shane Vereen,RB,NYG,2015,10,0,0,0.0,0,,4,4,2,35,0.0909,0.0761,23,26,4.6,8.38,4.6
00-0027994,Shane Vereen,RB,NYG,2015,12,0,0,0.0,0,,2,5,4,6,0.098,0.0117,13,18,7.6,7.86,7.6
00-0027994,Shane Vereen,RB,NYG,2015,13,0,0,0.0,0,,4,3,2,-3,0.0882,-0.0106,24,27,4.0,7.04,4.0
00-0027994,Shane Vereen,RB,NYG,2015,14,0,0,0.0,0,,1,2,1,-6,0.0645,-0.0265,31,32,2.0,3.17,2.0
00-0027994,Shane Vereen,RB,NYG,2015,15,0,0,0.0,0,,4,10,8,14,0.2222,0.0507,27,35,21.2,17.03,21.2
00-0027994,Shane Vereen,RB,NYG,2015,16,0,0,0.0,0,,1,5,2,-2,0.1471,-0.0088,20,24,4.4,6.61,4.4
00-0027994,Shane Vereen,RB,NYG,2015,17,0,0,0.0,0,,4,8,6,16,0.1905,0.0471,36,44,14.4,14.39,14.4
00-0027996,Torrey Smith,WR,SF,2015,1,0,0,0.0,0,,0,3,1,40,0.1154,0.1923,39,35,2.1,4.95,2.1
00-0027996,Torrey Smith,WR,SF,2015,2,0,0,0.0,0,,0,7,6,77,0.1522,0.2326,31,28,26.0,13.75,26.0
00-0027996,Torrey Smith,WR,SF,2015,3,0,0,0.0,0,,0,2,0,42,0.1053,0.3022,29,24,0.0,2.72,0.0
00-0027996,Torrey Smith,WR,SF,2015,4,0,0,0.0,0,,0,5,2,116,0.2,0.4833,19,11,7.4,8.6,7.4
00-0027996,Torrey Smith,WR,SF,2015,5,0,0,0.0,0,,0,2,2,9,0.0571,0.0476,27,25,6.2,2.83,6.2
00-0027996,Torrey Smith,WR,SF,2015,6,0,0,0.0,0,,0,6,3,113,0.2222,0.3754,25,24,18.6,10.47,18.6
00-0027996,Torrey Smith,WR,SF,2015,7,0,0,0.0,0,,0,1,0,2,0.0417,0.0118,15,18,0.0,1.31,0.0
00-0027996,Torrey Smith,WR,SF,2015,8,0,0,0.0,0,,0,5,2,24,0.122,0.0886,21,19,3.9,5.43,3.9
00-0027996,Torrey Smith,WR,SF,2015,9,0,0,0.0,0,,0,4,2,67,0.1538,0.2538,38,31,6.4,6.58,6.4
00-0027996,Torrey Smith,WR,SF,2015,11,0,0,0.0,0,,0,3,1,46,0.0909,0.1353,16,20,2.6,3.97,2.6
00-0027996,Torrey Smith,WR,SF,2015,12,0,0,0.0,0,,0,3,2,61,0.0833,0.2096,17,20,7.1,5.69,7.1
00-0027996,Torrey Smith,WR,SF,2015,13,0,0,0.0,0,,0,3,2,62,0.0938,0.2844,23,22,15.6,5.16,15.6
00-0027996,Torrey Smith,WR,SF,2015,14,0,0,0.0,0,,0,2,1,37,0.0714,0.1652,17,17,2.7,3.39,2.7
00-0027996,Torrey Smith,WR,SF,2015,15,0,0,0.0,0,,0,5,2,58,0.1,0.1993,17,24,5.3,6.96,5.3
00-0027996,Torrey Smith,WR,SF,2015,16,0,0,0.0,0,,0,3,2,34,0.0909,0.1545,23,28,10.3,5.31,10.3
00-0027996,Torrey Smith,WR,SF,2015,17,0,0,0.0,0,,0,8,5,76,0.1818,0.3689,33,36,11.1,11.81,11.1
00-0028002,Randall Cobb,WR,GB,2015,1,0,0,0.0,0,,0,5,5,7,0.2174,0.0467,30,23,14.8,9.18,14.8
00-0028002,Randall Cobb,WR,GB,2015,2,0,0,0.0,0,,0,11,8,114,0.3548,0.475,29,27,19.6,17.52,19.6
00-0028002,Randall Cobb,WR,GB,2015,3,0,0,0.0,0,,1,12,7,87,0.3429,0.3107,32,33,35.3,27.45,35.3
00-0028002,Randall Cobb,WR,GB,2015,4,0,0,0.0,0,,0,8,5,43,0.25,0.1748,33,30,9.4,13.37,9.4
00-0028002,Randall Cobb,WR,GB,2015,5,0,0,0.0,0,,0,6,3,40,0.2,0.2685,27,22,5.3,8.41,5.3
00-0028002,Randall Cobb,WR,GB,2015,6,0,0,0.0,0,,0,5,2,55,0.1724,0.2068,17,17,5.8,8.32,5.8
00-0028002,Randall Cobb,WR,GB,2015,8,0,0,0.0,0,,1,9,6,62,0.4091,0.4882,21,21,9.7,14.67,9.7
00-0028002,Randall Cobb,WR,GB,2015,9,0,0,0.0,0,,0,12,4,164,0.25,0.3669,19,21,19.9,19.83,19.9
00-0028002,Randall Cobb,WR,GB,2015,10,0,0,0.0,0,,1,10,5,98,0.1667,0.1972,18,21,10.0,15.16,10.0
00-0028002,Randall Cobb,WR,GB,2015,11,0,0,0.0,0,,0,9,2,92,0.2647,0.2788,34,32,10.4,16.22,10.4
00-0028002,Randall Cobb,WR,GB,2015,12,0,0,0.0,0,,0,7,6,50,0.1628,0.1845,28,32,13.4,11.81,13.4
00-0028002,Randall Cobb,WR,GB,2015,13,0,0,0.0,0,,1,5,4,33,0.1429,0.0827,24,25,6.8,6.73,6.8
00-0028002,Randall Cobb,WR,GB,2015,14,0,0,0.0,0,,3,12,8,81,0.3636,0.401,44,40,17.0,20.69,17.0
00-0028002,Randall Cobb,WR,GB,2015,15,0,0,0.0,0,,4,7,5,27,0.1842,0.0746,28,21,10.8,14.71,10.8
00-0028002,Randall Cobb,WR,GB,2015,16,0,0,0.0,0,,1,3,3,-2,0.1034,-0.0073,26,20,4.7,4.78,4.7
00-0028002,Randall Cobb,WR,GB,2015,17,0,0,0.0,0,,1,8,6,23,0.186,0.0584,26,26,10.0,11.35,10.0
00-0028007,Rob Housler,TE,CLE,2015,1,0,0,0.0,0,,0,1,0,14,0.0312,0.0579,28,24,0.0,2.49,0.0
00-0028007,Rob Housler,TE,CLE,2015,3,0,0,0.0,0,,0,2,0,8,0.0408,0.0147,14,21,0.0,2.65,0.0
00-0028007,Rob Housler,TE,CLE,2015,5,0,0,0.0,0,,0,1,1,5,0.0196,0.0121,25,30,1.6,1.44,1.6
00-0028007,Rob Housler,TE,CHI,2015,15,0,0,0.0,0,,0,1,1,4,0.0278,0.0128,20,28,1.9,1.46,1.9
00-0028007,Rob Housler,TE,CHI,2015,17,0,0,0.0,0,,0,2,2,15,0.087,0.0595,24,26,3.8,2.68,3.8
00-0028009,DeMarco Murray,RB,PHI,2015,1,0,0,0.0,0,,8,5,4,-11,0.0962,-0.0391,16,30,18.0,16.36,18.0
00-0028009,DeMarco Murray,RB,PHI,2015,2,0,0,0.0,0,,13,5,5,-9,0.1351,-0.0423,17,24,10.5,20.05,10.5
00-0028009,DeMarco Murray,RB,PHI,2015,4,0,0,0.0,0,,8,2,2,-8,0.0714,-0.0212,18,19,6.8,6.77,6.8
00-0028009,DeMarco Murray,RB,PHI,2015,5,0,0,0.0,0,,20,8,7,-2,0.1778,-0.0056,34,44,25.0,25.22,25.0
00-0028009,DeMarco Murray,RB,PHI,2015,6,0,0,0.0,0,,21,4,3,-2,0.1081,-0.0052,37,37,21.6,16.5,21.6
00-0028009,DeMarco Murray,RB,PHI,2015,7,0,0,0.0,0,,18,4,2,-11,0.087,-0.0507,30,37,9.0,15.43,9.0
00-0028009,DeMarco Murray,RB,PHI,2015,9,0,0,0.0,0,,18,7,6,5,0.1944,0.0286,35,42,28.1,21.72,28.1
00-0028009,DeMarco Murray,RB,PHI,2015,10,0,0,0.0,0,,22,8,6,-1,0.1667,-0.0033,35,45,17.9,25.68,17.9
00-0028009,DeMarco Murray,RB,PHI,2015,11,0,0,0.0,0,,13,5,4,-7,0.122,-0.0374,28,33,11.1,12.95,11.1
00-0028009,DeMarco Murray,RB,PHI,2015,12,0,0,0.0,0,,14,0,0,0.0,0.0,0.0,25,28,3.0,10.08,3.0
00-0028009,DeMarco Murray,RB,PHI,2015,13,0,0,0.0,0,,8,0,0,0.0,0.0,0.0,33,38,2.4,3.62,2.4
00-0028009,DeMarco Murray,RB,PHI,2015,14,0,0,0.0,0,,11,2,2,-6,0.0541,-0.0161,34,37,5.7,7.88,5.7
00-0028009,DeMarco Murray,RB,PHI,2015,15,0,0,0.0,0,,2,0,0,0.0,0.0,0.0,20,23,0.3,0.9,0.3
00-0028009,DeMarco Murray,RB,PHI,2015,16,0,0,0.0,0,,5,4,3,-1,0.0727,-0.003,16,27,14.1,9.79,14.1
00-0028009,DeMarco Murray,RB,PHI,2015,17,0,0,0.0,0,,12,1,0,7,0.0263,0.034,26,33,10.9,8.22,10.9
00-0028011,Stevan Ridley,RB,NYJ,2015,10,0,0,0.0,0,,3,0,0,0.0,0.0,0.0,24,23,-0.1,1.31,-0.1
00-0028011,Stevan Ridley,RB,NYJ,2015,11,0,0,0.0,0,,4,1,1,-6,0.0256,-0.0129,21,23,0.5,3.08,0.5
00-0028011,Stevan Ridley,RB,NYJ,2015,12,0,0,0.0,0,,2,0,0,0.0,0.0,0.0,34,33,0.1,2.1,0.1
00-0028011,Stevan Ridley,RB,NYJ,2015,13,0,0,0.0,0,,3,0,0,0.0,0.0,0.0,24,32,0.4,1.51,0.4
00-0028011,Stevan Ridley,RB,NYJ,2015,14,0,0,0.0,0,,6,0,0,0.0,0.0,0.0,34,37,2.3,3.35,2.3
00-0028011,Stevan Ridley,RB,NYJ,2015,15,0,0,0.0,0,,2,2,1,1,0.0513,0.0032,26,30,1.1,3.43,1.1
00-0028011,Stevan Ridley,RB,NYJ,2015,16,0,0,0.0,0,,7,0,0,0.0,0.0,0.0,27,34,3.6,3.17,3.6
00-0028011,Stevan Ridley,RB,NYJ,2015,17,0,0,0.0,0,,9,2,2,-6,0.0556,-0.0146,17,17,4.9,6.73,4.9
00-0028012,Ryan Mallett,QB,HOU,2015,1,13,8,5.762,1,-0.898,1,0,0,0.0,0.0,0.0,21,23,10.5,6.52,10.52
00-0028012,Ryan Mallett,QB,HOU,2015,2,58,27,-12.394,1,-16.524,1,0,0,0.0,0.0,0.0,23,30,18.4,22.76,18.36
00-0028012,Ryan Mallett,QB,HOU,2015,3,39,24,1.452,1,-3.924,1,0,0,0.0,0.0,0.0,46,46,11.0,16.02,11.02
00-0028012,Ryan Mallett,QB,HOU,2015,4,27,12,-8.716,0,-16.523,0,0,0,0.0,0.0,0.0,17,23,4.0,8.61,4.0
00-0028012,Ryan Mallett,QB,HOU,2015,5,10,7,-2.507,1,6.733,1,0,0,0.0,0.0,0.0,28,38,0.0,5.08,0.0
00-0028012,Ryan Mallett,QB,BAL,2015,16,41,28,8.551,1,2.657,0,0,0,0.0,0.0,0.0,31,36,15.0,17.15,14.96
00-0028012,Ryan Mallett,QB,BAL,2015,17,56,30,-8.435,1,-6.511,1,0,0,0.0,0.0,0.0,21,27,12.1,15.72,12.08
00-0028017,Leonard Hankerson,WR,ATL,2015,1,0,0,0.0,0,,0,4,2,36,0.1176,0.122,35,33,3.6,6.31,3.6
00-0028017,Leonard Hankerson,WR,ATL,2015,2,0,0,0.0,0,,0,11,6,77,0.2391,0.2821,22,27,19.7,18.84,19.7
00-0028017,Leonard Hankerson,WR,ATL,2015,3,0,0,0.0,0,,0,6,3,57,0.1714,0.2184,32,36,7.5,9.74,7.5
00-0028017,Leonard Hankerson,WR,ATL,2015,4,0,0,0.0,0,,0,8,6,56,0.2963,0.4211,35,39,22.3,15.24,22.3
00-0028017,Leonard Hankerson,WR,ATL,2015,5,0,0,0.0,0,,0,4,1,67,0.0952,0.1618,32,36,2.3,10.93,2.3
00-0028017,Leonard Hankerson,WR,ATL,2015,6,0,0,0.0,0,,0,6,4,42,0.1395,0.1338,21,28,7.7,9.63,7.7
00-0028017,Leonard Hankerson,WR,ATL,2015,11,0,0,0.0,0,,0,7,4,76,0.1522,0.1564,24,28,13.6,13.81,13.6
00-0028020,Vincent Brown,WR,LAC,2015,14,0,0,0.0,0,,0,2,1,18,0.0476,0.0457,18,24,3.2,1.91,3.2
00-0028040,Jordan Cameron,TE,MIA,2015,1,0,0,0.0,0,,0,7,4,95,0.2059,0.3455,18,16,11.3,12.49,11.3
00-0028040,Jordan Cameron,TE,MIA,2015,2,0,0,0.0,0,,0,4,3,55,0.093,0.1429,16,20,9.2,7.0,9.2
00-0028040,Jordan Cameron,TE,MIA,2015,3,0,0,0.0,0,,0,8,3,68,0.1633,0.1578,20,22,4.6,13.75,4.6
00-0028040,Jordan Cameron,TE,MIA,2015,4,0,0,0.0,0,,0,9,2,110,0.2045,0.2736,11,10,3.9,14.44,3.9
00-0028040,Jordan Cameron,TE,MIA,2015,6,0,0,0.0,0,,0,8,3,64,0.2759,0.2819,32,31,12.0,13.56,12.0
00-0028040,Jordan Cameron,TE,MIA,2015,7,0,0,0.0,0,,0,2,2,11,0.1,0.2037,35,36,4.3,2.6,4.3
00-0028040,Jordan Cameron,TE,MIA,2015,8,0,0,0.0,0,,0,5,2,90,0.1163,0.2158,13,20,5.4,8.49,5.4
00-0028040,Jordan Cameron,TE,MIA,2015,9,0,0,0.0,0,,0,1,1,6,0.0286,0.0284,24,24,1.6,0.94,1.6
00-0028040,Jordan Cameron,TE,MIA,2015,10,0,0,0.0,0,,0,3,1,22,0.0833,0.078,26,28,1.5,4.09,1.5
00-0028040,Jordan Cameron,TE,MIA,2015,11,0,0,0.0,0,,0,5,2,33,0.2174,0.1542,14,15,10.1,8.07,10.1
00-0028040,Jordan Cameron,TE,MIA,2015,12,0,0,0.0,0,,0,3,2,11,0.0517,0.0224,9,17,3.3,4.22,3.3
00-0028040,Jordan Cameron,TE,MIA,2015,13,0,0,0.0,0,,0,3,1,18,0.1579,0.0989,26,27,1.4,4.24,1.4
00-0028040,Jordan Cameron,TE,MIA,2015,14,0,0,0.0,0,,0,4,3,59,0.0976,0.1247,22,19,6.5,6.96,6.5
00-0028040,Jordan Cameron,TE,MIA,2015,15,0,0,0.0,0,,0,1,1,5,0.0323,0.0164,19,21,1.5,1.45,1.5
00-0028040,Jordan Cameron,TE,MIA,2015,16,0,0,0.0,0,,0,3,3,27,0.0789,0.0922,25,32,6.4,5.78,6.4
00-0028040,Jordan Cameron,TE,MIA,2015,17,0,0,0.0,0,,0,4,2,56,0.1053,0.1094,34,33,8.6,8.67,8.6
00-0028042,Luke Stocker,TE,TB,2015,7,0,0,0.0,0,,0,4,3,11,0.1379,0.043,30,35,5.2,5.63,5.2
00-0028042,Luke Stocker,TE,TB,2015,8,0,0,0.0,0,,0,1,0,2,0.0345,0.0068,32,33,0.0,1.45,0.0
00-0028042,Luke Stocker,TE,TB,2015,10,0,0,0.0,0,,0,1,0,6,0.0263,0.0141,26,29,0.0,1.44,0.0
00-0028042,Luke Stocker,TE,TB,2015,12,0,0,0.0,0,,0,1,0,2,0.0278,0.0041,21,22,0.0,1.26,0.0
00-0028042,Luke Stocker,TE,TB,2015,13,0,0,0.0,0,,0,1,1,1,0.037,0.004,37,35,1.4,1.53,1.4
00-0028042,Luke Stocker,TE,TB,2015,15,0,0,0.0,0,,0,3,3,13,0.0612,0.0248,27,29,11.5,6.04,11.5
00-0028042,Luke Stocker,TE,TB,2015,16,0,0,0.0,0,,0,1,1,-2,0.0357,-0.0048,25,25,1.7,1.43,1.7
00-0028042,Luke Stocker,TE,TB,2015,17,0,0,0.0,0,,0,1,1,-1,0.0213,-0.003,22,35,1.3,1.38,1.3
00-0028043,Roy Helu,RB,LV,2015,3,0,0,0.0,0,,0,1,1,-2,0.0312,-0.0084,30,30,2.2,1.42,2.2
00-0028043,Roy Helu,RB,LV,2015,4,0,0,0.0,0,,5,2,2,-9,0.0606,-0.0479,22,26,11.5,5.93,11.5
00-0028043,Roy Helu,RB,LV,2015,5,0,0,0.0,0,,3,6,3,32,0.1538,0.1199,25,28,4.8,10.0,4.8
00-0028043,Roy Helu,RB,LV,2015,7,0,0,0.0,0,,4,0,0,0.0,0.0,0.0,26,27,0.3,1.99,0.3
00-0028043,Roy Helu,RB,LV,2015,8,0,0,0.0,0,,0,1,0,-1,0.0278,-0.004,25,24,0.0,1.61,0.0
00-0028043,Roy Helu,RB,LV,2015,12,0,0,0.0,0,,2,0,0,0.0,0.0,0.0,30,27,0.3,0.78,0.3
00-0028043,Roy Helu,RB,LV,2015,13,0,0,0.0,0,,0,2,1,-3,0.0417,-0.009,24,28,2.5,2.59,2.5
00-0028043,Roy Helu,RB,LV,2015,17,0,0,0.0,0,,3,4,2,-5,0.125,-0.0286,16,21,4.8,6.83,4.8
00-0028050,Greg Salas,WR,BUF,2015,17,0,0,0.0,0,,0,5,3,62,0.1786,0.2731,43,35,7.1,8.22,7.1
00-0028052,Cecil Shorts,WR,HOU,2015,1,0,0,0.0,0,,0,8,4,88,0.1739,0.1814,21,23,9.7,12.67,9.7
00-0028052,Cecil Shorts,WR,HOU,2015,2,0,0,0.0,0,,0,12,6,82,0.2105,0.1814,23,30,9.4,17.36,9.4
00-0028052,Cecil Shorts,WR,HOU,2015,3,0,0,0.0,0,,0,9,6,49,0.2308,0.1494,46,46,11.8,13.32,11.8
00-0028052,Cecil Shorts,WR,HOU,2015,4,0,0,0.0,0,,0,10,6,98,0.1754,0.1233,17,23,18.7,17.66,18.7
00-0028052,Cecil Shorts,WR,HOU,2015,6,0,0,0.0,0,,0,6,4,44,0.1667,0.1492,31,32,10.3,8.31,10.3
00-0028052,Cecil Shorts,WR,HOU,2015,10,0,0,0.0,0,,0,7,3,90,0.2121,0.2514,25,24,4.6,10.88,4.6
00-0028052,Cecil Shorts,WR,HOU,2015,11,1,1,2.266,0,58.315,4,5,2,31,0.1471,0.0781,37,35,14.5,10.89,14.54
00-0028052,Cecil Shorts,WR,HOU,2015,12,0,0,0.0,0,,3,4,3,32,0.1481,0.1829,38,36,12.8,11.97,12.8
00-0028052,Cecil Shorts,WR,HOU,2015,13,0,0,0.0,0,,1,10,6,111,0.2326,0.2189,26,26,15.2,13.2,15.2
00-0028052,Cecil Shorts,WR,HOU,2015,14,0,0,0.0,0,,2,3,2,6,0.125,0.02,22,23,2.9,5.46,2.9
00-0028052,Cecil Shorts,WR,HOU,2015,15,0,0,0.0,0,,0,1,0,17,0.037,0.073,37,32,0.0,2.0,0.0
00-0028053,Kendall Hunter,RB,NO,2015,15,0,0,0.0,0,,1,0,0,0.0,0.0,0.0,18,21,0.2,0.52,0.2
00-0028063,Taiwan Jones,RB,LV,2015,1,0,0,0.0,0,,3,1,1,-4,0.0233,-0.0179,16,26,2.8,2.74,2.8
00-0028063,Taiwan Jones,RB,LV,2015,2,0,0,0.0,0,,2,1,1,2,0.0217,0.0051,19,21,2.5,2.23,2.5
00-0028063,Taiwan Jones,RB,LV,2015,3,0,0,0.0,0,,2,0,0,0.0,0.0,0.0,30,30,1.6,1.02,1.6
00-0028063,Taiwan Jones,RB,LV,2015,7,0,0,0.0,0,,3,3,2,1,0.0968,0.0047,26,27,7.2,6.52,7.2
00-0028063,Taiwan Jones,RB,LV,2015,8,0,0,0.0,0,,2,1,1,-6,0.0278,-0.0243,25,24,13.4,2.28,13.4
00-0028063,Taiwan Jones,RB,LV,2015,9,0,0,0.0,0,,2,1,1,-2,0.0227,-0.0043,25,23,1.6,2.33,1.6
00-0028063,Taiwan Jones,RB,LV,2015,11,0,0,0.0,0,,1,0,0,0.0,0.0,0.0,21,19,0.2,0.59,0.2
00-0028063,Taiwan Jones,RB,LV,2015,14,0,0,0.0,0,,1,0,0,0.0,0.0,0.0,23,17,0.2,0.37,0.2
00-0028063,Taiwan Jones,RB,LV,2015,16,0,0,0.0,0,,0,2,1,-4,0.0541,-0.0154,24,25,1.5,2.86,1.5
00-0028064,Bilal Powell,RB,NYJ,2015,1,0,0,0.0,0,,12,4,2,10,0.1667,0.0394,36,35,9.8,12.9,9.8
00-0028064,Bilal Powell,RB,NYJ,2015,2,0,0,0.0,0,,12,5,4,6,0.1471,0.0157,27,32,9.4,12.56,9.4
00-0028064,Bilal Powell,RB,NYJ,2015,3,0,0,0.0,0,,10,8,7,-10,0.1379,-0.0198,16,21,14.5,15.16,14.5
00-0028064,Bilal Powell,RB,NYJ,2015,4,0,0,0.0,0,,0,1,1,-4,0.0345,-0.014,43,37,2.2,1.84,2.2
00-0028064,Bilal Powell,RB,NYJ,2015,6,0,0,0.0,0,,4,1,1,-4,0.0385,-0.0211,41,43,0.9,2.94,0.9
00-0028064,Bilal Powell,RB,NYJ,2015,11,0,0,0.0,0,,4,7,5,11,0.1795,0.0236,21,23,13.9,11.11,13.9
00-0028064,Bilal Powell,RB,NYJ,2015,12,0,0,0.0,0,,6,5,2,22,0.1351,0.0613,34,33,5.5,10.22,5.5
00-0028064,Bilal Powell,RB,NYJ,2015,13,0,0,0.0,0,,6,13,8,-4,0.26,-0.0129,24,32,24.8,20.82,24.8
00-0028064,Bilal Powell,RB,NYJ,2015,14,0,0,0.0,0,,3,5,5,-4,0.1389,-0.0147,34,37,19.2,9.29,19.2
00-0028064,Bilal Powell,RB,NYJ,2015,15,0,0,0.0,0,,6,7,7,-4,0.1795,-0.0129,26,30,20.9,12.54,20.9
00-0028064,Bilal Powell,RB,NYJ,2015,16,0,0,0.0,0,,7,7,5,47,0.175,0.109,27,34,14.0,12.75,14.0
00-0028067,Julius Thomas,TE,JAX,2015,5,0,0,0.0,0,,0,2,2,18,0.0625,0.0528,17,21,4.0,2.86,4.0
00-0028067,Julius Thomas,TE,JAX,2015,6,0,0,0.0,0,,0,13,7,111,0.2453,0.2275,21,23,20.8,20.62,20.8
00-0028067,Julius Thomas,TE,JAX,2015,7,0,0,0.0,0,,0,5,1,63,0.1724,0.1694,32,27,1.4,7.63,1.4
00-0028067,Julius Thomas,TE,JAX,2015,9,0,0,0.0,0,,0,8,3,85,0.2,0.1767,19,18,4.4,11.15,4.4
00-0028067,Julius Thomas,TE,JAX,2015,10,0,0,0.0,0,,0,5,2,28,0.1111,0.0903,22,24,4.3,9.07,4.3
00-0028067,Julius Thomas,TE,JAX,2015,11,0,0,0.0,0,,0,8,5,56,0.2581,0.2082,23,24,13.8,13.43,13.8
00-0028067,Julius Thomas,TE,JAX,2015,12,0,0,0.0,0,,0,10,9,85,0.2041,0.2415,19,17,26.6,16.64,26.6
00-0028067,Julius Thomas,TE,JAX,2015,13,0,0,0.0,0,,0,5,2,38,0.1389,0.1258,21,23,9.5,14.46,9.5
00-0028067,Julius Thomas,TE,JAX,2015,14,0,0,0.0,0,,0,7,5,53,0.2333,0.192,29,27,16.4,14.16,16.4
00-0028067,Julius Thomas,TE,JAX,2015,15,0,0,0.0,0,,0,9,6,111,0.2432,0.3075,20,22,13.9,16.13,13.9
00-0028067,Julius Thomas,TE,JAX,2015,16,0,0,0.0,0,,0,2,2,10,0.0571,0.0347,15,16,3.2,4.0,3.2
00-0028067,Julius Thomas,TE,JAX,2015,17,0,0,0.0,0,,0,6,2,20,0.1875,0.0725,14,15,3.2,7.65,3.2
00-0028083,Jacquizz Rodgers,RB,CHI,2015,1,0,0,0.0,0,,4,1,0,2,0.0286,0.0071,33,34,1.6,3.67,1.6
00-0028083,Jacquizz Rodgers,RB,CHI,2015,2,0,0,0.0,0,,2,0,0,0.0,0.0,0.0,28,27,0.8,0.97,0.8
00-0028083,Jacquizz Rodgers,RB,CHI,2015,3,0,0,0.0,0,,4,1,1,-4,0.0588,-0.0296,27,25,3.1,2.71,3.1
00-0028083,Jacquizz Rodgers,RB,CHI,2015,4,0,0,0.0,0,,2,1,0,-9,0.0233,-0.0336,29,32,0.3,2.02,0.3
00-0028083,Jacquizz Rodgers,RB,CHI,2015,5,0,0,0.0,0,,2,0,0,0.0,0.0,0.0,26,28,0.3,0.89,0.3
00-0028087,Dion Lewis,RB,NE,2015,1,0,0,0.0,0,,15,5,4,12,0.1562,0.0511,24,25,16.0,14.78,16.0
00-0028087,Dion Lewis,RB,NE,2015,2,0,0,0.0,0,,7,9,6,42,0.1525,0.0838,15,18,23.8,17.49,23.8
00-0028087,Dion Lewis,RB,NE,2015,3,0,0,0.0,0,,8,5,5,4,0.122,0.0208,32,38,17.7,15.73,17.7
00-0028087,Dion Lewis,RB,NE,2015,5,0,0,0.0,0,,6,11,8,9,0.4074,0.0588,23,27,23.3,21.8,23.3
00-0028087,Dion Lewis,RB,NE,2015,6,0,0,0.0,0,,4,6,3,1,0.1622,0.0044,25,24,6.9,11.22,6.9
00-0028087,Dion Lewis,RB,NE,2015,8,0,0,0.0,0,,5,9,6,32,0.2368,0.0991,26,32,23.2,16.73,23.2
00-0028087,Dion Lewis,RB,NE,2015,9,0,0,0.0,0,,4,5,4,16,0.1282,0.0595,37,41,9.3,12.4,9.3
00-0028090,T.J. Yates,QB,HOU,2015,10,11,5,2.907,1,-10.451,2,0,0,0.0,0.0,0.0,25,24,6.6,4.42,6.56
00-0028090,T.J. Yates,QB,HOU,2015,11,34,16,0.474,1,-13.21,3,0,0,0.0,0.0,0.0,37,35,14.7,14.57,16.66
00-0028090,T.J. Yates,QB,HOU,2015,14,2,1,-1.519,1,-9.712,0,0,0,0.0,0.0,0.0,22,23,0.2,0.51,0.16
00-0028090,T.J. Yates,QB,HOU,2015,15,10,6,-6.675,2,-3.721,1,0,0,0.0,0.0,0.0,37,32,1.4,4.23,1.42
00-0028091,Jeremy Kerley,WR,NYJ,2015,3,0,0,0.0,0,,0,11,6,52,0.1897,0.1032,16,21,15.3,16.69,15.3
00-0028091,Jeremy Kerley,WR,NYJ,2015,7,0,0,0.0,0,,0,4,3,16,0.1026,0.0473,29,27,11.7,6.92,11.7
00-0028091,Jeremy Kerley,WR,NYJ,2015,8,0,0,0.0,0,,0,5,4,40,0.1064,0.0983,21,22,10.3,7.75,10.3
00-0028091,Jeremy Kerley,WR,NYJ,2015,9,0,0,0.0,0,,0,3,2,12,0.0882,0.0541,28,28,4.2,4.32,4.2
00-0028091,Jeremy Kerley,WR,NYJ,2015,10,0,0,0.0,0,,0,3,1,14,0.0882,0.0348,24,23,1.7,3.94,1.7
00-0028097,Lee Smith,TE,LV,2015,2,0,0,0.0,0,,0,1,1,5,0.0217,0.0127,19,21,1.6,1.5,1.6
00-0028097,Lee Smith,TE,LV,2015,3,0,0,0.0,0,,0,1,1,-2,0.0312,-0.0084,30,30,1.8,1.43,1.8
00-0028097,Lee Smith,TE,LV,2015,4,0,0,0.0,0,,0,2,2,4,0.0606,0.0213,22,26,3.4,2.6,3.4
00-0028097,Lee Smith,TE,LV,2015,7,0,0,0.0,0,,0,2,2,-12,0.0645,-0.0558,26,27,2.1,2.87,2.1
00-0028097,Lee Smith,TE,LV,2015,8,0,0,0.0,0,,0,1,1,4,0.0278,0.0162,25,24,1.6,1.44,1.6
00-0028097,Lee Smith,TE,LV,2015,9,0,0,0.0,0,,0,2,1,7,0.0455,0.0149,25,23,2.0,2.81,2.0
00-0028097,Lee Smith,TE,LV,2015,10,0,0,0.0,0,,0,1,1,1,0.0244,0.0032,19,25,1.1,1.3,1.1
00-0028097,Lee Smith,TE,LV,2015,12,0,0,0.0,0,,0,1,1,-1,0.0263,-0.0026,30,27,1.2,1.38,1.2
00-0028097,Lee Smith,TE,LV,2015,13,0,0,0.0,0,,0,1,1,2,0.0208,0.006,24,28,7.5,2.87,7.5
00-0028097,Lee Smith,TE,LV,2015,16,0,0,0.0,0,,0,1,1,12,0.027,0.0463,24,25,2.7,1.72,2.7
00-0028112,Charles Clay,TE,BUF,2015,1,0,0,0.0,0,,0,4,4,29,0.2105,0.1895,36,29,8.3,6.53,8.3
00-0028112,Charles Clay,TE,BUF,2015,2,0,0,0.0,0,,0,5,3,38,0.1667,0.1456,27,26,10.9,7.36,10.9
00-0028112,Charles Clay,TE,BUF,2015,3,0,0,0.0,0,,0,7,5,65,0.2414,0.2097,34,29,19.2,10.63,19.2
00-0028112,Charles Clay,TE,BUF,2015,4,0,0,0.0,0,,0,13,9,145,0.3095,0.3616,24,24,20.1,20.59,20.1
00-0028112,Charles Clay,TE,BUF,2015,5,0,0,0.0,0,,0,3,1,24,0.1667,0.1463,28,21,1.7,4.3,1.7
00-0028112,Charles Clay,TE,BUF,2015,6,0,0,0.0,0,,0,13,9,83,0.325,0.2255,23,21,15.2,18.29,15.2
00-0028112,Charles Clay,TE,BUF,2015,7,0,0,0.0,0,,0,5,3,33,0.119,0.0894,28,23,5.6,7.45,5.6
00-0028112,Charles Clay,TE,BUF,2015,9,0,0,0.0,0,,0,1,1,5,0.0833,0.0357,36,27,1.6,1.49,1.6
00-0028112,Charles Clay,TE,BUF,2015,10,0,0,0.0,0,,0,6,5,23,0.2308,0.0962,33,32,10.2,7.84,10.2
00-0028112,Charles Clay,TE,BUF,2015,11,0,0,0.0,0,,0,3,1,37,0.0833,0.0941,30,32,2.4,4.84,2.4
00-0028112,Charles Clay,TE,BUF,2015,12,0,0,0.0,0,,0,8,5,32,0.2105,0.0767,28,26,8.1,12.64,8.1
00-0028112,Charles Clay,TE,BUF,2015,13,0,0,0.0,0,,0,7,4,66,0.3333,0.2025,36,30,16.6,12.77,16.6
00-0028112,Charles Clay,TE,BUF,2015,14,0,0,0.0,0,,0,2,1,-1,0.0556,-0.0023,32,28,1.9,2.73,1.9
00-0028114,Dwayne Harris,WR,NYG,2015,1,0,0,0.0,0,,1,0,0,0.0,0.0,0.0,24,26,1.1,0.69,1.1
00-0028114,Dwayne Harris,WR,NYG,2015,3,0,0,0.0,0,,0,1,0,7,0.0312,0.028,31,34,0.0,1.54,0.0
00-0028114,Dwayne Harris,WR,NYG,2015,4,0,0,0.0,0,,0,6,5,44,0.1714,0.1753,28,27,16.1,11.02,16.1
00-0028114,Dwayne Harris,WR,NYG,2015,5,0,0,0.0,0,,0,8,6,59,0.1509,0.1746,21,31,13.2,12.71,13.2
00-0028114,Dwayne Harris,WR,NYG,2015,6,0,0,0.0,0,,0,4,2,16,0.1111,0.0766,23,26,3.8,5.66,3.8
00-0028114,Dwayne Harris,WR,NYG,2015,7,0,0,0.0,0,,0,2,2,11,0.0833,0.0625,25,22,12.3,2.92,6.3
00-0028114,Dwayne Harris,WR,NYG,2015,8,0,0,0.0,0,,0,7,3,85,0.1707,0.2429,21,31,18.7,13.8,18.7
00-0028114,Dwayne Harris,WR,NYG,2015,9,0,0,0.0,0,,0,3,1,22,0.075,0.0714,33,38,1.1,4.37,1.1
00-0028114,Dwayne Harris,WR,NYG,2015,10,0,0,0.0,0,,0,9,6,86,0.2045,0.187,23,26,20.2,20.77,20.2
00-0028114,Dwayne Harris,WR,NYG,2015,12,0,0,0.0,0,,1,5,2,68,0.098,0.1326,13,18,4.9,8.02,4.9
00-0028114,Dwayne Harris,WR,NYG,2015,13,0,0,0.0,0,,0,2,1,16,0.0588,0.0565,24,27,7.8,3.06,1.8
00-0028114,Dwayne Harris,WR,NYG,2015,14,0,0,0.0,0,,0,5,5,29,0.1613,0.1283,31,32,9.1,7.62,9.1
00-0028114,Dwayne Harris,WR,NYG,2015,15,0,0,0.0,0,,0,3,2,13,0.0667,0.0471,27,35,2.9,4.27,2.9
00-0028114,Dwayne Harris,WR,NYG,2015,16,0,0,0.0,0,,0,2,1,11,0.0588,0.0487,20,24,1.6,2.7,1.6
00-0028118,Tyrod Taylor,QB,BUF,2015,1,19,14,9.973,0,5.195,9,0,0,0.0,0.0,0.0,36,29,15.9,10.41,15.9
00-0028118,Tyrod Taylor,QB,BUF,2015,2,30,23,-7.107,8,12.991,5,0,0,0.0,0.0,0.0,27,26,26.0,15.91,25.98
00-0028118,Tyrod Taylor,QB,BUF,2015,3,29,21,22.779,0,14.199,3,0,0,0.0,0.0,0.0,34,29,24.3,14.92,24.28
00-0028118,Tyrod Taylor,QB,BUF,2015,4,42,28,-3.403,2,5.451,6,0,0,0.0,0.0,0.0,24,24,14.5,24.54,14.46
00-0028118,Tyrod Taylor,QB,BUF,2015,5,17,10,-2.983,4,-4.443,8,1,1,3,0.0556,0.0183,28,21,23.4,12.33,23.36
00-0028118,Tyrod Taylor,QB,BUF,2015,9,12,11,8.885,3,28.472,10,0,0,0.0,0.0,0.0,36,27,15.6,9.45,15.64
00-0028118,Tyrod Taylor,QB,BUF,2015,10,27,17,-4.067,4,0.771,6,0,0,0.0,0.0,0.0,33,32,11.5,12.05,11.52
00-0028118,Tyrod Taylor,QB,BUF,2015,11,36,20,1.347,2,-5.377,4,0,0,0.0,0.0,0.0,30,32,9.4,13.08,9.42
00-0028118,Tyrod Taylor,QB,BUF,2015,12,38,21,10.431,1,-3.651,5,0,0,0.0,0.0,0.0,28,26,26.2,21.72,28.24
00-0028118,Tyrod Taylor,QB,BUF,2015,13,21,11,6.474,1,-1.355,7,0,0,0.0,0.0,0.0,36,30,29.2,21.39,29.24
00-0028118,Tyrod Taylor,QB,BUF,2015,14,36,19,7.779,1,-6.773,8,0,0,0.0,0.0,0.0,32,28,18.0,19.34,18.02
00-0028118,Tyrod Taylor,QB,BUF,2015,15,27,16,0.54,5,1.665,9,0,0,0.0,0.0,0.0,31,23,27.3,21.11,27.3
00-0028118,Tyrod Taylor,QB,BUF,2015,16,18,13,0.033,3,14.154,14,0,0,0.0,0.0,0.0,40,30,11.9,17.9,11.86
00-0028118,Tyrod Taylor,QB,BUF,2015,17,28,18,4.02,2,0.904,10,0,0,0.0,0.0,0.0,43,35,18.4,19.28,18.38
00-0028121,Jordan Todman,RB,PIT,2015,2,0,0,0.0,0,,1,0,0,0.0,0.0,0.0,25,25,1.1,0.42,1.1
00-0028121,Jordan Todman,RB,PIT,2015,9,0,0,0.0,0,,1,2,0,1,0.04,0.002,30,30,0.3,3.44,0.3
00-0028121,Jordan Todman,RB,PIT,2015,10,0,0,0.0,0,,2,0,0,0.0,0.0,0.0,21,20,0.8,0.81,0.8
00-0028142,Virgil Green,TE,DEN,2015,1,0,0,0.0,0,,0,1,0,10,0.025,0.0347,25,28,0.0,1.55,0.0
00-0028142,Virgil Green,TE,DEN,2015,2,0,0,0.0,0,,0,3,2,11,0.0667,0.0243,22,22,9.2,6.81,9.2
00-0028142,Virgil Green,TE,DEN,2015,3,0,0,0.0,0,,0,1,1,5,0.0238,0.0192,19,20,3.6,1.44,3.6
00-0028142,Virgil Green,TE,DEN,2015,8,0,0,0.0,0,,0,3,3,27,0.1034,0.0891,34,36,9.1,4.9,9.1
00-0028142,Virgil Green,TE,DEN,2015,9,0,0,0.0,0,,0,1,1,4,0.0278,0.0103,14,15,2.3,0.94,2.3
00-0028142,Virgil Green,TE,DEN,2015,10,0,0,0.0,0,,0,1,1,1,0.0233,0.0021,16,15,1.8,1.27,1.8
00-0028142,Virgil Green,TE,DEN,2015,11,0,0,0.0,0,,0,1,1,2,0.037,0.0109,36,36,1.9,1.42,1.9
00-0028142,Virgil Green,TE,DEN,2015,13,0,0,0.0,0,,0,1,1,5,0.0385,0.0196,39,36,3.2,1.72,3.2
00-0028142,Virgil Green,TE,DEN,2015,14,0,0,0.0,0,,0,1,0,2,0.0196,0.0067,21,28,0.0,3.65,0.0
00-0028142,Virgil Green,TE,DEN,2015,16,0,0,0.0,0,,0,1,1,2,0.0256,0.0055,21,23,1.8,1.21,1.8
00-0028142,Virgil Green,TE,DEN,2015,17,0,0,0.0,0,,0,1,1,2,0.0323,0.0054,32,33,2.4,1.28,2.4
00-0028198,Matt Asiata,RB,MIN,2015,1,0,0,0.0,0,,1,2,2,4,0.0645,0.0145,17,22,5.2,3.04,5.2
00-0028198,Matt Asiata,RB,MIN,2015,2,0,0,0.0,0,,2,0,0,0.0,0.0,0.0,42,36,0.8,0.94,0.8
00-0028198,Matt Asiata,RB,MIN,2015,3,0,0,0.0,0,,2,2,2,-13,0.0833,-0.066,31,31,3.5,3.18,3.5
00-0028198,Matt Asiata,RB,MIN,2015,4,0,0,0.0,0,,1,0,0,0.0,0.0,0.0,21,23,0.3,0.43,0.3
00-0028198,Matt Asiata,RB,MIN,2015,6,0,0,0.0,0,,5,1,1,0.0,0.0323,0.0,35,34,4.5,3.41,4.5
00-0028198,Matt Asiata,RB,MIN,2015,7,0,0,0.0,0,,0,2,2,-11,0.0588,-0.0394,35,34,2.5,4.12,2.5
00-0028198,Matt Asiata,RB,MIN,2015,8,0,0,0.0,0,,1,3,3,-16,0.1034,-0.069,25,28,4.1,4.4,4.1
00-0028198,Matt Asiata,RB,MIN,2015,9,0,0,0.0,0,,2,0,0,0.0,0.0,0.0,35,35,0.4,1.12,0.4
00-0028198,Matt Asiata,RB,MIN,2015,10,0,0,0.0,0,,2,2,2,-1,0.0952,-0.0115,33,34,4.5,3.95,4.5
00-0028198,Matt Asiata,RB,MIN,2015,11,0,0,0.0,0,,0,1,1,-8,0.027,-0.0279,18,18,1.9,1.35,1.9
00-0028198,Matt Asiata,RB,MIN,2015,12,0,0,0.0,0,,1,3,3,-14,0.1111,-0.1186,39,40,5.0,5.2,5.0
00-0028198,Matt Asiata,RB,MIN,2015,13,0,0,0.0,0,,2,1,0,-3,0.0357,-0.0146,16,21,-0.1,1.95,-0.1
00-0028198,Matt Asiata,RB,MIN,2015,14,0,0,0.0,0,,0,2,2,-2,0.0606,-0.0092,24,27,5.0,2.82,5.0
00-0028198,Matt Asiata,RB,MIN,2015,15,0,0,0.0,0,,5,2,1,-17,0.1,-0.3469,36,35,4.4,6.28,4.4
00-0028198,Matt Asiata,RB,MIN,2015,16,0,0,0.0,0,,5,1,0,3,0.04,0.0157,40,37,1.4,4.3,1.4
00-0028202,Shaun Draughn,RB,CLE,2015,1,0,0,0.0,0,,1,1,0,-6,0.0312,-0.0248,28,24,0.4,1.98,0.4
00-0028202,Shaun Draughn,RB,CLE,2015,3,0,0,0.0,0,,0,1,1,1,0.0204,0.0018,14,21,1.2,1.3,1.2
00-0028202,Shaun Draughn,RB,CLE,2015,4,0,0,0.0,0,,1,1,1,-1,0.025,-0.0055,21,34,1.5,3.19,1.5
00-0028202,Shaun Draughn,RB,SF,2015,9,0,0,0.0,0,,16,5,4,1,0.1923,0.0038,38,31,13.6,14.65,13.6
00-0028202,Shaun Draughn,RB,SF,2015,11,0,0,0.0,0,,12,11,8,18,0.3333,0.0529,16,20,15.7,19.1,15.7
00-0028202,Shaun Draughn,RB,SF,2015,12,0,0,0.0,0,,15,5,5,-4,0.1389,-0.0137,17,20,13.6,13.98,13.6
00-0028202,Shaun Draughn,RB,SF,2015,13,0,0,0.0,0,,13,6,5,0.0,0.1875,0.0,23,22,19.6,16.59,19.6
00-0028202,Shaun Draughn,RB,SF,2015,14,0,0,0.0,0,,11,3,2,3,0.1071,0.0134,17,17,7.1,8.72,7.1
00-0028202,Shaun Draughn,RB,SF,2015,15,0,0,0.0,0,,9,2,1,0.0,0.04,0.0,17,24,5.2,6.49,5.2
00-0028237,Chris Hogan,WR,BUF,2015,2,0,0,0.0,0,,0,1,1,-1,0.0333,-0.0038,27,26,2.1,1.63,2.1
00-0028237,Chris Hogan,WR,BUF,2015,3,0,0,0.0,0,,0,4,3,45,0.1379,0.1452,34,29,13.2,6.45,13.2
00-0028237,Chris Hogan,WR,BUF,2015,4,0,0,0.0,0,,0,5,5,21,0.119,0.0524,24,24,9.3,7.0,9.3
00-0028237,Chris Hogan,WR,BUF,2015,5,1,1,-0.06,0,39.107,0,3,3,40,0.1667,0.2439,28,21,14.4,7.38,14.36
00-0028237,Chris Hogan,WR,BUF,2015,6,0,0,0.0,0,,0,5,2,103,0.125,0.2799,23,21,5.1,7.38,5.1
00-0028237,Chris Hogan,WR,BUF,2015,7,0,0,0.0,0,,0,11,6,96,0.2619,0.2602,28,23,11.6,14.02,11.6
00-0028237,Chris Hogan,WR,BUF,2015,11,0,0,0.0,0,,0,7,6,113,0.1944,0.2875,30,32,15.5,10.34,15.5
00-0028237,Chris Hogan,WR,BUF,2015,12,0,0,0.0,0,,0,5,3,55,0.1316,0.1319,28,26,6.4,6.88,6.4
00-0028237,Chris Hogan,WR,BUF,2015,13,0,0,0.0,0,,0,3,1,45,0.1429,0.138,36,30,2.2,4.77,2.2
00-0028237,Chris Hogan,WR,BUF,2015,14,0,0,0.0,0,,0,5,2,86,0.1389,0.1946,32,28,4.0,9.41,4.0
00-0028237,Chris Hogan,WR,BUF,2015,15,0,0,0.0,0,,0,3,1,68,0.1111,0.2179,31,23,2.3,6.14,2.3
00-0028237,Chris Hogan,WR,BUF,2015,16,0,0,0.0,0,,0,4,2,69,0.2222,0.3209,40,30,5.9,8.6,5.9
00-0028237,Chris Hogan,WR,BUF,2015,17,0,0,0.0,0,,1,3,1,43,0.1071,0.1894,43,35,1.6,4.38,1.6
00-0028249,Jeremy Ross,WR,BAL,2015,5,0,0,0.0,0,,0,2,2,6,0.0571,0.0273,31,33,4.4,2.89,4.4
00-0028249,Jeremy Ross,WR,BAL,2015,6,0,0,0.0,0,,1,5,3,56,0.0962,0.0989,22,29,6.6,9.07,6.6
00-0028249,Jeremy Ross,WR,BAL,2015,7,0,0,0.0,0,,0,1,1,1,0.0256,0.0041,16,19,1.9,1.3,1.9
00-0028249,Jeremy Ross,WR,BAL,2015,8,0,0,0.0,0,,0,6,3,21,0.1622,0.0709,25,25,5.1,11.97,5.1
00-0028263,Andre Holmes,WR,LV,2015,2,0,0,0.0,0,,0,4,3,65,0.087,0.165,19,21,8.0,8.27,8.0
00-0028263,Andre Holmes,WR,LV,2015,3,0,0,0.0,0,,0,1,1,3,0.0312,0.0127,30,30,7.3,3.46,7.3
00-0028263,Andre Holmes,WR,LV,2015,4,0,0,0.0,0,,0,1,0,3,0.0303,0.016,22,26,0.0,1.3,0.0
00-0028263,Andre Holmes,WR,LV,2015,5,0,0,0.0,0,,0,1,0,27,0.0256,0.1011,25,28,0.0,1.62,0.0
00-0028263,Andre Holmes,WR,LV,2015,7,0,0,0.0,0,,0,1,0,6,0.0323,0.0279,26,27,0.0,1.54,0.0
00-0028263,Andre Holmes,WR,LV,2015,8,0,0,0.0,0,,0,3,2,51,0.0833,0.2065,25,24,19.4,7.05,19.4
00-0028263,Andre Holmes,WR,LV,2015,9,0,0,0.0,0,,0,2,0,40,0.0455,0.0851,25,23,0.0,2.86,0.0
00-0028263,Andre Holmes,WR,LV,2015,10,0,0,0.0,0,,0,2,1,45,0.0488,0.1447,19,25,10.4,3.83,10.4
00-0028263,Andre Holmes,WR,LV,2015,11,0,0,0.0,0,,0,1,0,19,0.04,0.0964,21,19,0.0,2.2,0.0
00-0028263,Andre Holmes,WR,LV,2015,12,0,0,0.0,0,,0,1,1,4,0.0263,0.0104,30,27,1.9,1.27,1.9
00-0028263,Andre Holmes,WR,LV,2015,13,0,0,0.0,0,,0,2,1,16,0.0417,0.0482,24,28,1.1,2.87,1.1
00-0028263,Andre Holmes,WR,LV,2015,15,0,0,0.0,0,,0,8,2,111,0.1702,0.2048,25,22,3.7,13.03,3.7
00-0028263,Andre Holmes,WR,LV,2015,16,0,0,0.0,0,,0,6,3,106,0.1622,0.4093,24,25,6.3,10.15,6.3
00-0028409,DuJuan Harris,RB,SEA,2015,13,0,0,0.0,0,,3,0,0,0.0,0.0,0.0,36,28,0.7,2.61,0.7
00-0028409,DuJuan Harris,RB,SEA,2015,14,0,0,0.0,0,,18,0,0,0.0,0.0,0.0,36,32,2.2,10.86,2.2
00-0028409,DuJuan Harris,RB,SF,2015,16,0,0,0.0,0,,11,2,1,0.0,0.0606,0.0,23,28,9.4,8.05,9.4
00-0028409,DuJuan Harris,RB,SF,2015,17,0,0,0.0,0,,16,12,8,10,0.2727,0.0485,33,36,23.3,22.84,23.3
00-0028411,Dontrelle Inman,WR,LAC,2015,4,0,0,0.0,0,,0,5,3,43,0.1351,0.1713,21,26,11.8,7.09,11.8
00-0028411,Dontrelle Inman,WR,LAC,2015,5,0,0,0.0,0,,0,2,0,44,0.0417,0.176,19,31,0.0,3.3,0.0
00-0028411,Dontrelle Inman,WR,LAC,2015,6,0,0,0.0,0,,0,7,3,70,0.1077,0.1094,21,30,10.8,12.67,10.8
00-0028411,Dontrelle Inman,WR,LAC,2015,7,0,0,0.0,0,,0,2,2,23,0.0364,0.0712,21,38,4.6,2.98,4.6
00-0028411,Dontrelle Inman,WR,LAC,2015,8,0,0,0.0,0,,0,2,1,34,0.0556,0.1643,26,34,2.0,2.89,2.0
00-0028411,Dontrelle Inman,WR,LAC,2015,9,0,0,0.0,0,,0,5,3,88,0.119,0.2924,19,28,3.8,8.07,3.8
00-0028411,Dontrelle Inman,WR,LAC,2015,11,0,0,0.0,0,,0,5,3,73,0.1667,0.2626,25,23,8.1,7.72,8.1
00-0028411,Dontrelle Inman,WR,LAC,2015,12,0,0,0.0,0,,0,9,5,88,0.2093,0.3045,26,32,17.5,17.93,17.5
00-0028411,Dontrelle Inman,WR,LAC,2015,13,0,0,0.0,0,,0,2,1,16,0.0606,0.0658,23,27,2.5,2.7,2.5
00-0028411,Dontrelle Inman,WR,LAC,2015,15,0,0,0.0,0,,0,5,3,117,0.1389,0.3324,36,44,10.8,9.54,8.8
00-0028411,Dontrelle Inman,WR,LAC,2015,16,0,0,0.0,0,,0,13,8,130,0.2653,0.3704,25,36,22.2,19.7,22.2
00-0028411,Dontrelle Inman,WR,LAC,2015,17,0,0,0.0,0,,0,6,3,65,0.1714,0.2281,29,36,5.5,7.38,5.5
00-0028434,Doug Baldwin,WR,SEA,2015,1,0,0,0.0,0,,0,9,7,22,0.2195,0.1257,32,29,10.5,11.66,10.5
00-0028434,Doug Baldwin,WR,SEA,2015,2,0,0,0.0,0,,0,8,7,117,0.2759,0.3993,25,20,22.2,14.79,22.2
00-0028434,Doug Baldwin,WR,SEA,2015,3,0,0,0.0,0,,0,3,3,30,0.1154,0.1345,29,26,6.5,4.77,6.5
00-0028434,Doug Baldwin,WR,SEA,2015,4,0,0,0.0,0,,0,4,3,46,0.1538,0.2383,31,23,12.6,7.94,12.6
00-0028434,Doug Baldwin,WR,SEA,2015,5,0,0,0.0,0,,0,3,3,55,0.1364,0.1957,30,30,10.0,4.6,10.0
00-0028434,Doug Baldwin,WR,SEA,2015,6,0,0,0.0,0,,0,4,3,27,0.1333,0.0736,26,21,5.3,5.28,5.3
00-0028434,Doug Baldwin,WR,SEA,2015,7,0,0,0.0,0,,0,3,2,29,0.125,0.1234,41,40,3.9,5.64,3.9
00-0028434,Doug Baldwin,WR,SEA,2015,8,0,0,0.0,0,,0,6,3,86,0.2069,0.3426,31,28,6.5,9.2,6.5
00-0028434,Doug Baldwin,WR,SEA,2015,10,0,0,0.0,0,,0,10,7,156,0.3704,0.4615,18,11,26.4,16.2,26.4
00-0028434,Doug Baldwin,WR,SEA,2015,11,0,0,0.0,0,,0,6,6,-3,0.2222,-0.0186,44,39,12.0,8.64,12.0
00-0028434,Doug Baldwin,WR,SEA,2015,12,0,0,0.0,0,,0,8,6,45,0.2759,0.1899,27,24,38.5,14.45,38.5
00-0028434,Doug Baldwin,WR,SEA,2015,13,0,0,0.0,0,,0,7,5,95,0.25,0.4481,36,28,26.4,15.01,26.4
00-0028434,Doug Baldwin,WR,SEA,2015,14,0,0,0.0,0,,0,9,6,98,0.2727,0.3427,36,32,32.2,18.38,32.2
00-0028434,Doug Baldwin,WR,SEA,2015,15,0,0,0.0,0,,0,6,4,32,0.2069,0.1111,36,27,20.5,12.46,20.5
00-0028434,Doug Baldwin,WR,SEA,2015,16,0,0,0.0,0,,0,10,8,92,0.25,0.2722,22,22,25.8,15.51,25.8
00-0028434,Doug Baldwin,WR,SEA,2015,17,0,0,0.0,0,,0,7,5,63,0.2188,0.2368,36,27,9.6,11.58,9.6
00-0028442,Ricardo Lockette,WR,SEA,2015,3,0,0,0.0,0,,0,2,1,18,0.0769,0.0807,29,26,3.3,3.51,3.3
00-0028442,Ricardo Lockette,WR,SEA,2015,6,0,0,0.0,0,,0,2,2,45,0.0667,0.1226,26,21,12.3,4.23,12.5
00-0028442,Ricardo Lockette,WR,SEA,2015,7,0,0,0.0,0,,0,1,0,1,0.0417,0.0043,41,40,0.0,3.9,0.0
00-0028442,Ricardo Lockette,WR,SEA,2015,8,0,0,0.0,0,,0,2,1,13,0.069,0.0518,31,28,1.3,2.98,1.3
00-0028497,Kamar Aiken,WR,BAL,2015,1,0,0,0.0,0,,0,3,1,23,0.0938,0.1198,23,28,0.9,4.51,0.9
00-0028497,Kamar Aiken,WR,BAL,2015,2,0,0,0.0,0,,0,7,5,100,0.1556,0.2212,25,31,11.9,12.54,11.9
00-0028497,Kamar Aiken,WR,BAL,2015,3,0,0,0.0,0,,0,1,0,32,0.0208,0.1111,18,21,0.0,2.05,0.0
00-0028497,Kamar Aiken,WR,BAL,2015,4,0,0,0.0,0,,0,7,5,79,0.2121,0.401,39,36,18.7,10.82,18.7
00-0028497,Kamar Aiken,WR,BAL,2015,5,0,0,0.0,0,,0,9,4,136,0.2571,0.6182,31,33,11.8,17.21,11.8
00-0028497,Kamar Aiken,WR,BAL,2015,6,0,0,0.0,0,,0,8,3,121,0.1538,0.2138,22,29,11.2,14.57,11.2
00-0028497,Kamar Aiken,WR,BAL,2015,7,0,0,0.0,0,,0,3,1,39,0.0769,0.1612,16,19,1.6,4.92,1.6
00-0028497,Kamar Aiken,WR,BAL,2015,8,0,0,0.0,0,,0,6,6,52,0.1622,0.1757,25,25,12.2,9.84,12.2
00-0028497,Kamar Aiken,WR,BAL,2015,10,0,0,0.0,0,,0,14,7,188,0.3111,0.5222,21,24,14.3,24.38,14.3
00-0028497,Kamar Aiken,WR,BAL,2015,11,0,0,0.0,0,,0,8,5,85,0.186,0.3864,28,31,16.0,12.13,16.0
00-0028497,Kamar Aiken,WR,BAL,2015,12,0,0,0.0,0,,0,10,6,104,0.2941,0.4351,23,23,20.0,15.7,20.0
00-0028497,Kamar Aiken,WR,BAL,2015,13,0,0,0.0,0,,0,11,6,108,0.2391,0.3429,26,38,10.8,15.2,10.8
00-0028497,Kamar Aiken,WR,BAL,2015,14,0,0,0.0,0,,0,7,5,97,0.175,0.2539,14,18,14.0,9.86,14.0
00-0028497,Kamar Aiken,WR,BAL,2015,15,0,0,0.0,0,,0,12,8,151,0.2667,0.3512,20,16,26.8,16.47,26.8
00-0028497,Kamar Aiken,WR,BAL,2015,16,0,0,0.0,0,,0,8,8,62,0.2,0.2403,31,36,14.6,12.57,14.6
00-0028497,Kamar Aiken,WR,BAL,2015,17,0,0,0.0,0,,0,13,5,187,0.2407,0.439,21,27,12.6,17.14,12.6
00-0028581,Patrick DiMarco,RB,ATL,2015,2,0,0,0.0,0,,0,1,1,15,0.0217,0.0549,22,27,2.9,1.96,2.9
00-0028581,Patrick DiMarco,RB,ATL,2015,3,0,0,0.0,0,,0,1,1,3,0.0286,0.0115,32,36,1.4,1.45,1.4
00-0028581,Patrick DiMarco,RB,ATL,2015,4,0,0,0.0,0,,0,1,0,3,0.037,0.0226,35,39,0.0,1.43,0.0
00-0028581,Patrick DiMarco,RB,ATL,2015,6,0,0,0.0,0,,0,3,2,15,0.0698,0.0478,21,28,3.8,4.74,3.8
00-0028581,Patrick DiMarco,RB,ATL,2015,7,0,0,0.0,0,,1,0,0,0.0,0.0,0.0,31,32,0.0,2.55,0.0
00-0028581,Patrick DiMarco,RB,ATL,2015,8,0,0,0.0,0,,0,1,1,6,0.0222,0.0222,27,33,1.8,1.1,1.8
00-0028581,Patrick DiMarco,RB,ATL,2015,11,0,0,0.0,0,,0,4,3,17,0.087,0.035,24,28,17.1,10.6,17.1
00-0028581,Patrick DiMarco,RB,ATL,2015,13,0,0,0.0,0,,0,2,2,0.0,0.0455,0.0,18,30,3.8,2.76,3.8
00-0028581,Patrick DiMarco,RB,ATL,2015,14,0,0,0.0,0,,0,3,2,7,0.0732,0.0266,16,20,3.5,3.86,3.5
00-0028581,Patrick DiMarco,RB,ATL,2015,17,0,0,0.0,0,,0,1,1,0.0,0.0278,0.0,26,29,1.7,1.46,1.7
00-0028595,Scott Tolzien,QB,GB,2015,14,0,0,0.0,0,,2,0,0,0.0,0.0,0.0,44,40,-0.3,-0.2,-0.3
00-0028595,Scott Tolzien,QB,GB,2015,16,1,1,-1.93,1,22.625,1,0,0,0.0,0.0,0.0,26,20,0.2,0.23,0.16
00-0028702,Chris Matthews,WR,SEA,2015,1,0,0,0.0,0,,0,1,1,4,0.0244,0.0229,32,29,1.8,1.35,1.8
00-0028702,Chris Matthews,WR,SEA,2015,2,0,0,0.0,0,,0,2,1,19,0.069,0.0648,25,20,2.3,2.98,2.3
00-0028702,Chris Matthews,WR,SEA,2015,3,0,0,0.0,0,,0,1,0,3,0.0385,0.0135,29,26,0.0,3.35,0.0
00-0028702,Chris Matthews,WR,SEA,2015,4,0,0,0.0,0,,0,1,1,13,0.0385,0.0674,31,23,3.1,1.83,3.1
00-0028702,Chris Matthews,WR,SEA,2015,6,0,0,0.0,0,,0,1,1,10,0.0333,0.0272,26,21,2.2,1.2,2.2
00-0028702,Chris Matthews,WR,SEA,2015,8,0,0,0.0,0,,0,1,0,25,0.0345,0.0996,31,28,0.0,1.6,0.0
00-0028702,Chris Matthews,WR,SEA,2015,10,0,0,0.0,0,,0,2,0,52,0.0741,0.1538,18,11,0.0,3.9,0.0
00-0028702,Chris Matthews,WR,BAL,2015,14,0,0,0.0,0,,0,2,1,26,0.05,0.0681,14,18,3.1,3.2,3.1
00-0028702,Chris Matthews,WR,BAL,2015,15,0,0,0.0,0,,0,4,1,93,0.0889,0.2163,20,16,1.6,5.98,1.6
00-0028702,Chris Matthews,WR,BAL,2015,16,0,0,0.0,0,,0,5,3,59,0.125,0.2287,31,36,10.9,10.37,10.9
00-0028702,Chris Matthews,WR,BAL,2015,17,0,0,0.0,0,,0,5,4,35,0.0926,0.0822,21,27,9.1,6.59,9.1
00-0028825,Terrelle Pryor,WR,CLE,2015,15,0,0,0.0,0,,1,2,0,10,0.0645,0.0552,17,21,-0.1,2.94,-0.1
00-0028825,Terrelle Pryor,WR,CLE,2015,17,0,0,0.0,0,,0,6,1,104,0.1304,0.2865,23,23,5.2,10.42,5.2
00-0028838,Larry Donnell,TE,NYG,2015,1,0,0,0.0,0,,0,4,3,19,0.1212,0.1,24,26,5.1,5.81,5.1
00-0028838,Larry Donnell,TE,NYG,2015,2,0,0,0.0,0,,0,6,4,52,0.15,0.1661,23,31,12.8,13.33,12.8
00-0028838,Larry Donnell,TE,NYG,2015,3,0,0,0.0,0,,0,6,3,43,0.1875,0.172,31,34,6.2,10.72,6.2
00-0028838,Larry Donnell,TE,NYG,2015,4,0,0,0.0,0,,0,7,5,26,0.2,0.1036,28,27,8.8,10.77,8.8
00-0028838,Larry Donnell,TE,NYG,2015,5,0,0,0.0,0,,0,7,6,31,0.1321,0.0917,21,31,15.5,14.1,15.5
00-0028838,Larry Donnell,TE,NYG,2015,6,0,0,0.0,0,,0,5,3,45,0.1389,0.2153,23,26,5.9,8.28,5.9
00-0028838,Larry Donnell,TE,NYG,2015,7,0,0,0.0,0,,0,5,4,13,0.2083,0.0739,25,22,5.8,7.78,5.8
00-0028838,Larry Donnell,TE,NYG,2015,8,0,0,0.0,0,,0,1,1,18,0.0244,0.0514,21,31,3.2,2.74,3.2
00-0028841,Will Johnson,RB,PIT,2015,1,0,0,0.0,0,,4,0,0,0.0,0.0,0.0,25,26,6.7,10.36,6.7
00-0028841,Will Johnson,RB,PIT,2015,8,0,0,0.0,0,,0,1,0,17,0.0222,0.0372,19,25,0.0,1.85,0.0
00-0028841,Will Johnson,RB,PIT,2015,12,0,0,0.0,0,,0,2,2,11,0.0345,0.0164,14,17,3.6,3.18,3.6
00-0028841,Will Johnson,RB,PIT,2015,16,0,0,0.0,0,,0,1,0,18,0.0294,0.0594,20,25,0.0,1.75,0.0
00-0028903,Garrett Celek,TE,SF,2015,1,0,0,0.0,0,,0,4,3,42,0.1538,0.2019,39,35,7.0,7.77,7.0
00-0028903,Garrett Celek,TE,SF,2015,2,0,0,0.0,0,,0,2,2,4,0.0435,0.0121,31,28,3.0,2.53,3.0
00-0028903,Garrett Celek,TE,SF,2015,3,0,0,0.0,0,,0,3,3,13,0.1579,0.0935,29,24,5.9,4.16,5.9
00-0028903,Garrett Celek,TE,SF,2015,4,0,0,0.0,0,,0,5,3,14,0.2,0.0583,19,11,5.6,7.08,5.6
00-0028903,Garrett Celek,TE,SF,2015,5,0,0,0.0,0,,0,5,3,25,0.1429,0.1323,27,25,11.6,11.26,11.6
00-0028903,Garrett Celek,TE,SF,2015,6,0,0,0.0,0,,0,2,0,15,0.0741,0.0498,25,24,0.0,2.86,0.0
00-0028903,Garrett Celek,TE,SF,2015,7,0,0,0.0,0,,0,1,1,1,0.0417,0.0059,15,18,1.8,1.27,1.8
00-0028903,Garrett Celek,TE,SF,2015,8,0,0,0.0,0,,0,1,0,4,0.0244,0.0148,21,19,0.0,1.46,0.0
00-0028903,Garrett Celek,TE,SF,2015,9,0,0,0.0,0,,0,2,2,12,0.0769,0.0455,38,31,15.2,6.28,15.2
00-0028903,Garrett Celek,TE,SF,2015,11,0,0,0.0,0,,0,3,2,45,0.0909,0.1324,16,20,5.5,3.92,5.5
00-0028905,Chris Owusu,WR,NYJ,2015,1,0,0,0.0,0,,0,6,4,66,0.25,0.2598,36,35,9.5,9.11,9.5
00-0028905,Chris Owusu,WR,NYJ,2015,2,0,0,0.0,0,,0,3,0,103,0.0882,0.2703,27,32,0.0,6.76,0.0
00-0028905,Chris Owusu,WR,NYJ,2015,7,0,0,0.0,0,,0,4,2,43,0.1026,0.1272,29,27,4.5,9.47,4.5
00-0028957,Austin Davis,QB,CLE,2015,12,10,7,2.196,1,9.878,1,0,0,0.0,0.0,0.0,18,20,7.8,3.41,7.78
00-0028957,Austin Davis,QB,CLE,2015,13,38,25,-12.412,3,4.241,3,0,0,0.0,0.0,0.0,19,21,5.6,11.22,5.6
00-0028957,Austin Davis,QB,CLE,2015,17,46,24,-26.621,7,-7.595,3,0,0,0.0,0.0,0.0,23,23,5.8,21.09,7.8
00-0028958,Cory Harkey,TE,LA,2015,3,0,0,0.0,0,,0,1,0,0.0,0.0345,0.0,18,20,0.0,1.44,0.0
00-0028958,Cory Harkey,TE,LA,2015,4,0,0,0.0,0,,0,1,1,4,0.0417,0.026,26,27,1.4,1.51,1.4
00-0028958,Cory Harkey,TE,LA,2015,7,0,0,0.0,0,,0,1,1,-4,0.0435,-0.0305,26,29,1.4,1.54,1.4
00-0028958,Cory Harkey,TE,LA,2015,12,0,0,0.0,0,,0,1,1,0.0,0.0189,0.0,17,21,1.2,1.26,1.2
00-0028958,Cory Harkey,TE,LA,2015,13,0,0,0.0,0,,0,1,1,-1,0.0294,-0.0027,15,13,1.4,1.53,1.4
00-0028958,Cory Harkey,TE,LA,2015,17,0,0,0.0,0,,0,1,1,5,0.0263,0.0137,33,30,2.2,1.55,2.2
00-0028986,Case Keenum,QB,LA,2015,11,26,12,-5.027,1,-16.518,2,0,0,0.0,0.0,0.0,29,27,5.4,7.78,7.44
00-0028986,Case Keenum,QB,LA,2015,14,22,14,-3.413,1,-0.417,2,0,0,0.0,0.0,0.0,29,27,3.2,7.74,3.16
00-0028986,Case Keenum,QB,LA,2015,15,17,14,12.134,2,11.89,3,0,0,0.0,0.0,0.0,33,28,17.1,5.95,17.06
00-0028986,Case Keenum,QB,LA,2015,16,23,14,0.616,0,-7.384,4,0,0,0.0,0.0,0.0,30,28,8.5,9.07,8.52
00-0028986,Case Keenum,QB,LA,2015,17,37,22,6.08,0,-4.091,1,0,0,0.0,0.0,0.0,33,30,9.4,11.36,9.44
00-0028987,Phillip Supernaw,TE,TEN,2015,11,0,0,0.0,0,,0,2,2,10,0.0606,0.0279,26,22,1.6,2.95,1.6
00-0028987,Phillip Supernaw,TE,TEN,2015,14,0,0,0.0,0,,0,2,1,18,0.05,0.0412,13,7,2.6,2.72,2.6
00-0029000,Cole Beasley,WR,DAL,2015,1,0,0,0.0,0,,0,6,4,20,0.1333,0.1087,23,34,6.9,8.92,6.9
00-0029000,Cole Beasley,WR,DAL,2015,2,0,0,0.0,0,,0,5,4,8,0.1471,0.0335,33,35,5.4,8.0,5.4
00-0029000,Cole Beasley,WR,DAL,2015,3,0,0,0.0,0,,0,4,4,17,0.1538,0.1259,21,33,8.9,6.54,8.9
00-0029000,Cole Beasley,WR,DAL,2015,4,0,0,0.0,0,,0,6,6,13,0.2308,0.0498,28,25,12.2,8.8,12.2
00-0029000,Cole Beasley,WR,DAL,2015,5,0,0,0.0,0,,0,6,4,40,0.1538,0.1702,24,34,8.0,8.92,8.0
00-0029000,Cole Beasley,WR,DAL,2015,7,0,0,0.0,0,,0,2,0,6,0.0741,0.023,41,39,0.0,2.61,0.0
00-0029000,Cole Beasley,WR,DAL,2015,8,0,0,0.0,0,,0,1,0,-3,0.0385,-0.0246,30,31,0.0,1.51,0.0
00-0029000,Cole Beasley,WR,DAL,2015,9,0,0,0.0,0,,0,11,9,51,0.2973,0.1729,29,28,32.2,16.97,32.2
00-0029000,Cole Beasley,WR,DAL,2015,10,0,0,0.0,0,,0,1,1,6,0.0357,0.0204,21,23,1.8,1.41,1.8
00-0029000,Cole Beasley,WR,DAL,2015,11,0,0,0.0,0,,0,3,1,10,0.1071,0.0376,38,40,2.4,6.16,2.4
00-0029000,Cole Beasley,WR,DAL,2015,12,0,0,0.0,0,,0,7,6,60,0.1842,0.1923,14,18,16.4,12.76,16.4
00-0029000,Cole Beasley,WR,DAL,2015,13,0,0,0.0,0,,0,3,0,18,0.1071,0.0682,24,23,0.0,4.37,0.0
00-0029000,Cole Beasley,WR,DAL,2015,14,0,0,0.0,0,,0,4,3,9,0.1429,0.0354,20,16,5.5,5.02,5.5
00-0029000,Cole Beasley,WR,DAL,2015,15,0,0,0.0,0,,0,7,3,40,0.2258,0.146,21,21,6.7,9.88,6.7
00-0029000,Cole Beasley,WR,DAL,2015,16,0,0,0.0,0,,0,2,2,9,0.0667,0.0314,25,25,4.9,2.75,4.9
00-0029000,Cole Beasley,WR,DAL,2015,17,0,0,0.0,0,,0,7,5,47,0.1458,0.127,16,20,22.3,15.46,22.3
00-0029004,Lance Dunbar,RB,DAL,2015,1,0,0,0.0,0,,0,8,8,11,0.1778,0.0598,23,34,15.0,12.05,15.0
00-0029004,Lance Dunbar,RB,DAL,2015,2,0,0,0.0,0,,1,5,3,70,0.1471,0.2929,33,35,8.3,8.73,8.3
00-0029004,Lance Dunbar,RB,DAL,2015,3,0,0,0.0,0,,1,10,10,19,0.3846,0.1407,21,33,20.5,14.56,20.5
00-0029004,Lance Dunbar,RB,DAL,2015,4,0,0,0.0,0,,3,0,0,0.0,0.0,0.0,28,25,5.4,1.87,5.4
00-0029033,Griff Whalen,WR,IND,2015,4,0,0,0.0,0,,0,1,1,15,0.0213,0.0376,24,25,2.6,1.97,2.6
00-0029033,Griff Whalen,WR,IND,2015,6,0,0,0.0,0,,0,3,2,36,0.0625,0.0774,22,20,11.0,5.77,11.0
00-0029033,Griff Whalen,WR,IND,2015,8,0,0,0.0,0,,0,5,5,43,0.1111,0.076,35,32,9.8,7.4,9.8
00-0029033,Griff Whalen,WR,IND,2015,9,0,0,0.0,0,,0,6,5,44,0.1714,0.1719,40,36,12.3,8.93,12.3
00-0029033,Griff Whalen,WR,IND,2015,11,0,0,0.0,0,,0,3,2,20,0.0938,0.1075,27,32,4.0,3.75,4.0
00-0029033,Griff Whalen,WR,IND,2015,13,0,0,0.0,0,,0,6,2,43,0.1765,0.2009,18,23,2.9,9.14,2.9
00-0029033,Griff Whalen,WR,IND,2015,15,0,0,0.0,0,,0,2,2,7,0.069,0.0253,19,19,0.9,2.45,0.9
00-0029104,Jonas Gray,RB,MIA,2015,3,0,0,0.0,0,,9,0,0,0.0,0.0,0.0,20,22,4.9,5.07,4.9
00-0029104,Jonas Gray,RB,MIA,2015,4,0,0,0.0,0,,1,0,0,0.0,0.0,0.0,11,10,0.0,0.43,0.0
00-0029104,Jonas Gray,RB,MIA,2015,6,0,0,0.0,0,,7,1,1,1,0.0345,0.0044,32,31,4.6,5.42,4.6
00-0029104,Jonas Gray,RB,MIA,2015,7,0,0,0.0,0,,12,1,1,1,0.05,0.0185,35,36,6.8,7.27,6.8
00-0029104,Jonas Gray,RB,MIA,2015,8,0,0,0.0,0,,2,5,4,13,0.1163,0.0312,13,20,9.1,8.47,9.1
00-0029104,Jonas Gray,RB,JAX,2015,16,0,0,0.0,0,,5,0,0,0.0,0.0,0.0,15,16,3.1,2.16,3.1
00-0029104,Jonas Gray,RB,JAX,2015,17,0,0,0.0,0,,9,1,1,3,0.0312,0.0109,14,15,3.7,6.02,3.7
00-0029119,Derek Carrier,TE,WAS,2015,1,0,0,0.0,0,,0,2,2,0.0,0.0645,0.0,37,34,2.8,3.04,2.8
00-0029119,Derek Carrier,TE,WAS,2015,3,0,0,0.0,0,,0,1,0,7,0.0204,0.015,20,27,0.0,1.48,0.0
00-0029119,Derek Carrier,TE,WAS,2015,4,0,0,0.0,0,,0,2,2,9,0.0435,0.0287,32,34,3.8,2.94,3.8
00-0029119,Derek Carrier,TE,WAS,2015,5,0,0,0.0,0,,0,3,2,35,0.0938,0.1606,24,29,10.7,6.04,10.7
00-0029119,Derek Carrier,TE,WAS,2015,6,0,0,0.0,0,,0,4,4,23,0.0909,0.0613,17,23,7.9,6.43,7.9
00-0029119,Derek Carrier,TE,WAS,2015,7,0,0,0.0,0,,0,2,2,2,0.05,0.0075,19,19,3.5,2.65,3.5
00-0029119,Derek Carrier,TE,WAS,2015,9,0,0,0.0,0,,0,2,0,24,0.05,0.069,15,19,0.0,3.27,0.0
00-0029119,Derek Carrier,TE,WAS,2015,10,0,0,0.0,0,,0,1,1,8,0.04,0.0593,31,35,2.4,1.72,2.4
00-0029119,Derek Carrier,TE,WAS,2015,11,0,0,0.0,0,,0,3,2,21,0.1,0.0875,12,16,2.7,3.94,2.7
00-0029119,Derek Carrier,TE,WAS,2015,12,0,0,0.0,0,,0,1,1,2,0.0345,0.0068,37,36,1.6,1.38,1.6
00-0029119,Derek Carrier,TE,WAS,2015,14,0,0,0.0,0,,0,1,1,5,0.0323,0.0218,33,32,1.7,1.59,1.7
00-0029129,Rod Streater,WR,LV,2015,1,0,0,0.0,0,,0,1,1,7,0.0233,0.0314,16,26,1.8,2.2,1.8
00-0029137,Alshon Jeffery,WR,CHI,2015,1,0,0,0.0,0,,0,11,5,154,0.3143,0.55,33,34,12.8,20.57,12.8
00-0029137,Alshon Jeffery,WR,CHI,2015,6,0,0,0.0,0,,0,11,8,168,0.2683,0.48,31,33,28.7,19.83,28.7
00-0029137,Alshon Jeffery,WR,CHI,2015,8,0,0,0.0,0,,0,15,10,185,0.4545,0.549,25,26,27.6,22.56,27.6
00-0029137,Alshon Jeffery,WR,CHI,2015,9,0,0,0.0,0,,0,16,10,209,0.4211,0.4906,29,29,25.1,27.18,25.1
00-0029137,Alshon Jeffery,WR,CHI,2015,10,0,0,0.0,0,,0,4,3,29,0.1667,0.2959,37,41,5.3,5.51,5.3
00-0029137,Alshon Jeffery,WR,CHI,2015,12,0,0,0.0,0,,0,11,7,84,0.3548,0.4352,31,29,16.0,18.18,16.0
00-0029137,Alshon Jeffery,WR,CHI,2015,13,0,0,0.0,0,,0,12,4,230,0.3871,0.7492,42,45,12.5,18.86,12.5
00-0029137,Alshon Jeffery,WR,CHI,2015,14,0,0,0.0,0,,0,9,6,187,0.2903,0.4973,22,25,22.7,14.22,22.7
00-0029137,Alshon Jeffery,WR,CHI,2015,15,0,0,0.0,0,,0,5,1,125,0.1389,0.3994,20,28,8.0,10.12,8.0
00-0029141,Alfred Morris,RB,WAS,2015,1,0,0,0.0,0,,25,0,0,0.0,0.0,0.0,37,34,12.1,14.05,12.1
00-0029141,Alfred Morris,RB,WAS,2015,2,0,0,0.0,0,,18,2,2,-2,0.0741,-0.012,37,43,9.2,11.64,9.2
00-0029141,Alfred Morris,RB,WAS,2015,3,0,0,0.0,0,,6,0,0,0.0,0.0,0.0,20,27,1.9,2.59,1.9
00-0029141,Alfred Morris,RB,WAS,2015,4,0,0,0.0,0,,17,3,2,0.0,0.0652,0.0,32,34,8.5,12.95,8.5
00-0029141,Alfred Morris,RB,WAS,2015,5,0,0,0.0,0,,8,0,0,0.0,0.0,0.0,24,29,1.5,3.63,1.5
00-0029141,Alfred Morris,RB,WAS,2015,6,0,0,0.0,0,,11,1,1,1,0.0227,0.0027,17,23,4.2,7.74,4.2
00-0029141,Alfred Morris,RB,WAS,2015,7,0,0,0.0,0,,6,1,1,2,0.025,0.0075,19,19,1.7,4.06,1.7
00-0029141,Alfred Morris,RB,WAS,2015,9,0,0,0.0,0,,4,0,0,0.0,0.0,0.0,15,19,1.0,1.71,1.0
00-0029141,Alfred Morris,RB,WAS,2015,10,0,0,0.0,0,,15,3,3,8,0.12,0.0593,31,35,13.6,12.03,13.6
00-0029141,Alfred Morris,RB,WAS,2015,11,0,0,0.0,0,,2,0,0,0.0,0.0,0.0,12,16,0.0,0.8,0.0
00-0029141,Alfred Morris,RB,WAS,2015,12,0,0,0.0,0,,23,1,1,5,0.0345,0.0171,37,36,10.0,12.38,10.0
00-0029141,Alfred Morris,RB,WAS,2015,13,0,0,0.0,0,,6,0,0,0.0,0.0,0.0,26,30,1.2,2.83,1.2
00-0029141,Alfred Morris,RB,WAS,2015,14,0,0,0.0,0,,11,1,0,-2,0.0323,-0.0087,33,32,8.4,8.7,8.4
00-0029141,Alfred Morris,RB,WAS,2015,15,0,0,0.0,0,,14,0,0,0.0,0.0,0.0,27,25,8.4,6.69,8.4
00-0029141,Alfred Morris,RB,WAS,2015,16,0,0,0.0,0,,17,1,0,2,0.0217,0.0047,26,29,4.9,9.44,4.9
00-0029141,Alfred Morris,RB,WAS,2015,17,0,0,0.0,0,,19,0,0,0.0,0.0,0.0,36,34,10.0,9.07,10.0
00-0029159,Jermaine Kearse,WR,SEA,2015,1,0,0,0.0,0,,0,10,8,65,0.2439,0.3714,32,29,15.6,15.39,15.6
00-0029159,Jermaine Kearse,WR,SEA,2015,2,0,0,0.0,0,,0,2,0,35,0.069,0.1195,25,20,0.0,3.19,0.0
00-0029159,Jermaine Kearse,WR,SEA,2015,3,0,0,0.0,0,,0,6,6,57,0.2308,0.2556,29,26,13.6,9.15,13.6
00-0029159,Jermaine Kearse,WR,SEA,2015,4,0,0,0.0,0,,0,2,2,31,0.0769,0.1606,31,23,10.4,3.02,10.4
00-0029159,Jermaine Kearse,WR,SEA,2015,5,0,0,0.0,0,,0,3,2,59,0.1364,0.21,30,30,11.8,4.88,11.8
00-0029159,Jermaine Kearse,WR,SEA,2015,6,0,0,0.0,0,,0,3,0,96,0.1,0.2616,26,21,0.0,4.5,0.0
00-0029159,Jermaine Kearse,WR,SEA,2015,7,0,0,0.0,0,,0,4,3,104,0.1667,0.4426,41,40,9.4,8.2,9.4
00-0029159,Jermaine Kearse,WR,SEA,2015,8,0,0,0.0,0,,0,1,0,8,0.0345,0.0319,31,28,0.0,2.55,0.0
00-0029159,Jermaine Kearse,WR,SEA,2015,10,0,0,0.0,0,,0,2,1,19,0.0741,0.0562,18,11,2.0,3.93,2.0
00-0029159,Jermaine Kearse,WR,SEA,2015,11,0,0,0.0,0,,0,5,3,51,0.1852,0.3168,44,39,6.4,8.14,6.4
00-0029159,Jermaine Kearse,WR,SEA,2015,12,0,0,0.0,0,,0,5,4,52,0.1724,0.2194,27,24,20.7,11.16,20.7
00-0029159,Jermaine Kearse,WR,SEA,2015,13,0,0,0.0,0,,0,1,0,26,0.0357,0.1226,36,28,0.0,2.33,0.0
00-0029159,Jermaine Kearse,WR,SEA,2015,14,0,0,0.0,0,,0,8,7,64,0.2424,0.2238,36,32,14.4,12.55,14.4
00-0029159,Jermaine Kearse,WR,SEA,2015,15,0,0,0.0,0,,0,8,7,57,0.2759,0.1979,36,27,18.0,10.83,18.0
00-0029159,Jermaine Kearse,WR,SEA,2015,16,0,0,0.0,0,,0,5,3,60,0.125,0.1775,22,22,12.8,8.56,12.8
00-0029159,Jermaine Kearse,WR,SEA,2015,17,0,0,0.0,0,,0,3,3,27,0.0938,0.1015,36,27,12.4,5.18,12.4
00-0029205,Travaris Cadet,RB,NE,2015,2,0,0,0.0,0,,0,1,1,0.0,0.0169,0.0,15,18,1.2,1.32,1.2
00-0029205,Travaris Cadet,RB,SF,2015,13,0,0,0.0,0,,3,2,1,2,0.0625,0.0092,23,22,2.2,4.19,2.2
00-0029205,Travaris Cadet,RB,SF,2015,14,0,0,0.0,0,,2,2,2,7,0.0714,0.0312,17,17,5.4,3.55,5.4
00-0029205,Travaris Cadet,RB,SF,2015,15,0,0,0.0,0,,2,6,4,-3,0.12,-0.0103,17,24,7.6,8.75,7.6
00-0029205,Travaris Cadet,RB,NO,2015,16,0,0,0.0,0,,1,5,3,58,0.1429,0.1534,35,34,16.5,9.91,16.5
00-0029205,Travaris Cadet,RB,NO,2015,17,1,0,-0.381,0,-46.261,3,6,6,31,0.1395,0.0799,22,30,12.3,13.42,12.3
00-0029234,Kellen Moore,QB,DAL,2015,15,25,15,-4.813,1,-2.577,0,0,0,0.0,0.0,0.0,21,21,4.3,9.02,4.32
00-0029234,Kellen Moore,QB,DAL,2015,16,31,13,-3.998,0,-17.003,1,0,0,0.0,0.0,0.0,25,25,5.3,10.23,5.34
00-0029234,Kellen Moore,QB,DAL,2015,17,48,33,8.323,4,5.155,1,0,0,0.0,0.0,0.0,16,20,23.4,24.3,23.4
00-0029239,Brandon Bolden,RB,NE,2015,1,0,0,0.0,0,,5,2,1,13,0.0625,0.0553,24,25,2.3,11.28,2.3
00-0029239,Brandon Bolden,RB,NE,2015,2,0,0,0.0,0,,1,1,1,1,0.0169,0.002,15,18,1.3,1.78,1.3
00-0029239,Brandon Bolden,RB,NE,2015,9,0,0,0.0,0,,1,4,3,15,0.1026,0.0558,37,41,12.9,7.97,12.9
00-0029239,Brandon Bolden,RB,NE,2015,10,0,0,0.0,0,,1,1,0,1,0.0244,0.0023,23,24,-0.3,1.93,-0.3
00-0029239,Brandon Bolden,RB,NE,2015,11,0,0,0.0,0,,4,1,0,-7,0.0263,-0.0202,22,25,1.5,3.33,1.5
00-0029239,Brandon Bolden,RB,NE,2015,12,0,0,0.0,0,,4,4,4,30,0.0952,0.0654,16,22,19.5,7.36,19.5
00-0029239,Brandon Bolden,RB,NE,2015,13,0,0,0.0,0,,3,5,1,3,0.0893,0.0053,25,29,3.4,9.44,3.4
00-0029239,Brandon Bolden,RB,NE,2015,14,0,0,0.0,0,,16,0,0,0.0,0.0,0.0,31,31,5.1,10.22,5.1
00-0029239,Brandon Bolden,RB,NE,2015,15,0,0,0.0,0,,10,3,2,4,0.0882,0.02,26,20,7.4,10.32,7.4
00-0029239,Brandon Bolden,RB,NE,2015,16,0,0,0.0,0,,9,7,5,11,0.2258,0.0485,22,28,11.0,13.35,11.0
00-0029239,Brandon Bolden,RB,NE,2015,17,0,0,0.0,0,,9,2,2,-6,0.08,-0.0303,27,31,5.6,8.0,5.6
00-0029262,Rueben Randle,WR,NYG,2015,1,0,0,0.0,0,,0,5,3,42,0.1515,0.2211,24,26,5.3,7.86,5.3
00-0029262,Rueben Randle,WR,NYG,2015,2,0,0,0.0,0,,0,2,1,10,0.05,0.0319,23,31,1.5,3.0,1.5
00-0029262,Rueben Randle,WR,NYG,2015,3,0,0,0.0,0,,0,7,7,96,0.2188,0.384,31,34,24.6,12.64,24.6
00-0029262,Rueben Randle,WR,NYG,2015,4,0,0,0.0,0,,0,6,3,61,0.1714,0.243,28,27,12.1,12.88,12.1
00-0029262,Rueben Randle,WR,NYG,2015,5,0,0,0.0,0,,0,6,5,43,0.1132,0.1272,21,31,9.2,9.24,9.2
00-0029262,Rueben Randle,WR,NYG,2015,6,0,0,0.0,0,,0,6,5,50,0.1667,0.2392,23,26,9.4,9.08,9.4
00-0029262,Rueben Randle,WR,NYG,2015,7,0,0,0.0,0,,0,5,2,80,0.2083,0.4545,25,22,8.8,7.9,8.8
00-0029262,Rueben Randle,WR,NYG,2015,8,0,0,0.0,0,,0,9,5,107,0.2195,0.3057,21,31,10.5,16.26,10.5
00-0029262,Rueben Randle,WR,NYG,2015,9,0,0,0.0,0,,0,5,5,37,0.125,0.1201,33,38,15.0,9.45,15.0
00-0029262,Rueben Randle,WR,NYG,2015,10,0,0,0.0,0,,0,4,3,73,0.0909,0.1587,23,26,8.1,7.56,8.1
00-0029262,Rueben Randle,WR,NYG,2015,12,0,0,0.0,0,,0,6,1,57,0.1176,0.1111,13,18,10.6,11.49,11.0
00-0029262,Rueben Randle,WR,NYG,2015,13,0,0,0.0,0,,0,6,2,66,0.1765,0.2332,24,27,4.2,11.02,4.2
00-0029262,Rueben Randle,WR,NYG,2015,14,0,0,0.0,0,,0,6,5,49,0.1935,0.2168,31,32,16.8,11.81,16.8
00-0029262,Rueben Randle,WR,NYG,2015,15,0,0,0.0,0,,0,5,4,32,0.1111,0.1159,27,35,14.7,7.84,14.7
00-0029262,Rueben Randle,WR,NYG,2015,16,0,0,0.0,0,,0,5,2,78,0.1471,0.3451,20,24,16.0,7.58,16.0
00-0029262,Rueben Randle,WR,NYG,2015,17,0,0,0.0,0,,0,7,4,103,0.1667,0.3029,36,44,17.9,13.42,17.9
00-0029263,Russell Wilson,QB,SEA,2015,1,41,32,-7.476,6,8.535,8,0,0,0.0,0.0,0.0,32,29,15.1,23.81,15.14
00-0029263,Russell Wilson,QB,SEA,2015,2,30,19,0.714,2,2.199,10,0,0,0.0,0.0,0.0,25,20,22.0,21.36,22.04
00-0029263,Russell Wilson,QB,SEA,2015,3,30,20,5.619,4,15.291,6,0,0,0.0,0.0,0.0,29,26,16.2,18.11,16.2
00-0029263,Russell Wilson,QB,SEA,2015,4,26,20,-2.585,6,10.585,10,0,0,0.0,0.0,0.0,31,23,15.5,13.33,19.48
00-0029263,Russell Wilson,QB,SEA,2015,5,23,15,-2.175,4,12.01,3,0,0,0.0,0.0,0.0,30,30,12.6,11.34,12.62
00-0029263,Russell Wilson,QB,SEA,2015,6,30,18,1.379,4,-1.489,8,0,0,0.0,0.0,0.0,26,21,18.9,18.51,19.02
00-0029263,Russell Wilson,QB,SEA,2015,7,24,18,4.104,5,12.827,7,0,0,0.0,0.0,0.0,41,40,11.4,15.56,11.4
00-0029263,Russell Wilson,QB,SEA,2015,8,30,19,1.405,0,5.521,6,0,0,0.0,0.0,0.0,31,28,13.6,13.93,13.6
00-0029263,Russell Wilson,QB,SEA,2015,10,32,14,-7.508,2,-7.624,6,0,0,0.0,0.0,0.0,18,11,16.8,17.75,16.8
00-0029263,Russell Wilson,QB,SEA,2015,11,29,24,18.074,2,21.392,9,0,0,0.0,0.0,0.0,44,39,25.4,14.14,25.4
00-0029263,Russell Wilson,QB,SEA,2015,12,30,21,20.336,2,11.451,4,0,0,0.0,0.0,0.0,27,24,35.2,17.59,35.2
00-0029263,Russell Wilson,QB,SEA,2015,13,27,21,23.517,1,13.89,9,0,0,0.0,0.0,0.0,36,28,34.1,26.4,34.06
00-0029263,Russell Wilson,QB,SEA,2015,14,32,23,28.494,0,9.737,1,0,0,0.0,0.0,0.0,36,32,32.3,18.76,32.28
00-0029263,Russell Wilson,QB,SEA,2015,15,30,21,18.17,2,13.771,5,0,0,0.0,0.0,0.0,36,27,26.6,19.32,26.56
00-0029263,Russell Wilson,QB,SEA,2015,16,41,25,10.832,4,-0.703,6,0,0,0.0,0.0,0.0,22,22,19.4,17.47,19.36
00-0029263,Russell Wilson,QB,SEA,2015,17,28,19,14.749,1,5.623,5,0,0,0.0,0.0,0.0,36,27,21.2,23.49,21.18
00-0029264,Bernard Pierce,RB,JAX,2015,1,0,0,0.0,0,,0,2,1,8,0.0513,0.0281,21,24,1.4,2.95,1.4
00-0029264,Bernard Pierce,RB,JAX,2015,2,0,0,0.0,0,,3,0,0,0.0,0.0,0.0,33,33,0.4,1.27,0.4
00-0029264,Bernard Pierce,RB,JAX,2015,3,0,0,0.0,0,,1,3,2,24,0.0909,0.0614,20,22,2.4,4.63,2.4
00-0029264,Bernard Pierce,RB,JAX,2015,5,0,0,0.0,0,,2,0,0,0.0,0.0,0.0,17,21,0.6,0.86,0.6
00-0029269,Travis Benjamin,WR,CLE,2015,1,0,0,0.0,0,,0,3,3,45,0.0938,0.186,28,24,17.9,4.78,17.9
00-0029269,Travis Benjamin,WR,CLE,2015,2,0,0,0.0,0,,0,4,3,106,0.2667,0.467,30,27,32.5,7.01,26.5
00-0029269,Travis Benjamin,WR,CLE,2015,3,0,0,0.0,0,,0,10,4,195,0.2041,0.3571,14,21,14.5,16.63,14.5
00-0029269,Travis Benjamin,WR,CLE,2015,4,0,0,0.0,0,,0,10,6,104,0.25,0.5714,21,34,13.9,13.34,13.9
00-0029269,Travis Benjamin,WR,CLE,2015,5,0,0,0.0,0,,0,12,6,205,0.2353,0.4964,25,30,14.3,19.31,14.3
00-0029269,Travis Benjamin,WR,CLE,2015,6,0,0,0.0,0,,0,13,9,140,0.3333,0.4192,33,36,20.7,19.63,20.7
00-0029269,Travis Benjamin,WR,CLE,2015,7,0,0,0.0,0,,0,8,4,74,0.2222,0.3592,24,28,6.7,11.84,6.7
00-0029269,Travis Benjamin,WR,CLE,2015,8,0,0,0.0,0,,0,5,3,58,0.125,0.1774,20,17,5.6,7.23,5.6
00-0029269,Travis Benjamin,WR,CLE,2015,9,0,0,0.0,0,,0,6,3,59,0.1818,0.1885,17,18,5.2,9.22,5.2
00-0029269,Travis Benjamin,WR,CLE,2015,10,0,0,0.0,0,,1,11,7,109,0.2444,0.3707,14,15,17.6,18.8,17.6
00-0029269,Travis Benjamin,WR,CLE,2015,12,0,0,0.0,0,,1,13,6,153,0.2708,0.3714,18,20,22.0,19.64,22.0
00-0029269,Travis Benjamin,WR,CLE,2015,13,0,0,0.0,0,,0,2,0,17,0.0556,0.0565,19,21,0.0,2.76,0.0
00-0029269,Travis Benjamin,WR,CLE,2015,14,0,0,0.0,0,,0,7,4,66,0.2258,0.2821,41,36,8.1,10.51,8.1
00-0029269,Travis Benjamin,WR,CLE,2015,15,0,0,0.0,0,,1,5,3,33,0.1613,0.1823,17,21,6.5,7.56,6.5
00-0029269,Travis Benjamin,WR,CLE,2015,16,0,0,0.0,0,,0,5,2,91,0.1724,0.3074,36,27,4.0,5.88,4.0
00-0029269,Travis Benjamin,WR,CLE,2015,17,0,0,0.0,0,,1,11,5,96,0.2391,0.2645,23,23,10.3,16.93,10.3
00-0029273,Robert Turbin,RB,CLE,2015,6,0,0,0.0,0,,10,1,0,0.0,0.0256,0.0,33,36,2.7,5.5,2.7
00-0029273,Robert Turbin,RB,CLE,2015,7,0,0,0.0,0,,5,2,2,1,0.0556,0.0049,24,28,5.8,4.91,5.8
00-0029273,Robert Turbin,RB,CLE,2015,8,0,0,0.0,0,,3,0,0,0.0,0.0,0.0,20,17,0.3,2.11,0.3
00-0029273,Robert Turbin,RB,DAL,2015,11,0,0,0.0,0,,7,2,1,3,0.0714,0.0113,38,40,4.8,6.25,4.8
00-0029273,Robert Turbin,RB,DAL,2015,12,0,0,0.0,0,,2,1,1,1,0.0263,0.0032,14,18,2.2,1.77,2.2
00-0029273,Robert Turbin,RB,DAL,2015,13,0,0,0.0,0,,6,2,2,-2,0.0714,-0.0076,24,23,4.4,5.49,4.4
00-0029273,Robert Turbin,RB,DAL,2015,14,0,0,0.0,0,,7,0,0,0.0,0.0,0.0,20,16,11.1,3.67,11.1
00-0029273,Robert Turbin,RB,DAL,2015,15,0,0,0.0,0,,3,0,0,0.0,0.0,0.0,21,21,0.1,1.35,0.1
00-0029273,Robert Turbin,RB,DAL,2015,16,0,0,0.0,0,,5,1,0,-5,0.0333,-0.0174,25,25,2.3,3.36,2.3
00-0029273,Robert Turbin,RB,DAL,2015,17,0,0,0.0,0,,2,1,1,-4,0.0208,-0.0108,16,20,1.5,2.24,1.5
00-0029275,Ladarius Green,TE,LAC,2015,1,0,0,0.0,0,,0,6,5,40,0.1463,0.2614,31,36,18.4,10.22,18.4
00-0029275,Ladarius Green,TE,LAC,2015,2,0,0,0.0,0,,0,6,5,21,0.2222,0.118,25,31,9.7,8.22,9.7
00-0029275,Ladarius Green,TE,LAC,2015,4,0,0,0.0,0,,0,6,4,42,0.1622,0.1673,21,26,15.3,9.12,15.3
00-0029275,Ladarius Green,TE,LAC,2015,5,0,0,0.0,0,,0,5,5,34,0.1042,0.136,19,31,10.0,7.41,10.0
00-0029275,Ladarius Green,TE,LAC,2015,6,0,0,0.0,0,,0,4,3,50,0.0615,0.0781,21,30,12.5,8.07,12.5
00-0029275,Ladarius Green,TE,LAC,2015,7,0,0,0.0,0,,0,9,4,41,0.1636,0.1269,21,38,18.5,13.62,18.5
00-0029275,Ladarius Green,TE,LAC,2015,8,0,0,0.0,0,,0,1,1,3,0.0278,0.0145,26,34,2.0,1.4,2.0
00-0029275,Ladarius Green,TE,LAC,2015,11,0,0,0.0,0,,0,3,1,32,0.1,0.1151,25,23,1.9,4.97,1.9
00-0029275,Ladarius Green,TE,LAC,2015,12,0,0,0.0,0,,0,1,1,17,0.0233,0.0588,26,32,2.9,1.92,2.9
00-0029275,Ladarius Green,TE,LAC,2015,13,0,0,0.0,0,,0,6,2,66,0.1818,0.2716,23,27,4.1,9.05,4.1
00-0029275,Ladarius Green,TE,LAC,2015,14,0,0,0.0,0,,0,6,2,36,0.1429,0.0914,18,24,4.6,9.05,4.6
00-0029275,Ladarius Green,TE,LAC,2015,15,0,0,0.0,0,,0,3,2,5,0.0833,0.0142,36,44,3.3,4.25,3.3
00-0029275,Ladarius Green,TE,LAC,2015,16,0,0,0.0,0,,0,7,2,98,0.1429,0.2792,25,36,4.7,13.27,4.7
00-0029293,Marvin Jones,WR,CIN,2015,1,0,0,0.0,0,,0,3,2,14,0.0882,0.0498,31,34,3.9,5.25,3.9
00-0029293,Marvin Jones,WR,CIN,2015,2,0,0,0.0,0,,1,5,2,64,0.2083,0.32,36,35,13.1,11.07,13.1
00-0029293,Marvin Jones,WR,CIN,2015,3,0,0,0.0,0,,0,8,5,125,0.25,0.3561,31,28,20.4,13.7,20.4
00-0029293,Marvin Jones,WR,CIN,2015,4,0,0,0.0,0,,1,2,1,39,0.0833,0.1349,26,23,2.0,4.34,2.0
00-0029293,Marvin Jones,WR,CIN,2015,5,0,0,0.0,0,,0,8,5,71,0.186,0.2328,31,30,11.1,13.18,11.1
00-0029293,Marvin Jones,WR,CIN,2015,6,0,0,0.0,0,,0,12,9,103,0.3636,0.3627,28,26,24.5,19.07,24.5
00-0029293,Marvin Jones,WR,CIN,2015,8,0,0,0.0,0,,1,5,2,55,0.1316,0.1662,23,19,3.4,11.42,3.4
00-0029293,Marvin Jones,WR,CIN,2015,9,0,0,0.0,0,,0,6,5,42,0.24,0.2154,37,31,12.8,10.73,12.8
00-0029293,Marvin Jones,WR,CIN,2015,10,0,0,0.0,0,,1,9,4,192,0.2368,0.5189,20,23,7.6,17.41,7.6
00-0029293,Marvin Jones,WR,CIN,2015,11,0,0,0.0,0,,0,9,4,161,0.2308,0.361,28,28,10.0,15.39,10.0
00-0029293,Marvin Jones,WR,CIN,2015,12,0,0,0.0,0,,1,5,3,65,0.1786,0.3218,31,33,8.5,9.0,8.5
00-0029293,Marvin Jones,WR,CIN,2015,13,0,0,0.0,0,,0,5,5,20,0.2273,0.1143,33,30,16.5,9.06,16.5
00-0029293,Marvin Jones,WR,CIN,2015,14,0,0,0.0,0,,0,8,6,113,0.2222,0.3363,16,19,12.1,12.67,12.1
00-0029293,Marvin Jones,WR,CIN,2015,15,0,0,0.0,0,,0,6,4,128,0.2857,0.6564,36,37,12.9,10.47,12.9
00-0029293,Marvin Jones,WR,CIN,2015,16,0,0,0.0,0,,0,7,3,118,0.2059,0.3522,33,34,6.3,10.9,6.3
00-0029293,Marvin Jones,WR,CIN,2015,17,0,0,0.0,0,,0,5,5,20,0.2083,0.146,27,25,8.8,6.49,8.8
00-0029319,Josh Bellamy,WR,CHI,2015,2,0,0,0.0,0,,0,2,1,24,0.0625,0.1091,28,27,11.8,3.04,11.8
00-0029319,Josh Bellamy,WR,CHI,2015,3,0,0,0.0,0,,0,2,0,39,0.1176,0.2889,27,25,0.0,2.79,0.0
00-0029319,Josh Bellamy,WR,CHI,2015,4,0,0,0.0,0,,0,3,0,17,0.0698,0.0634,29,32,0.0,4.9,0.0
00-0029319,Josh Bellamy,WR,CHI,2015,5,0,0,0.0,0,,0,8,6,38,0.1778,0.1108,26,28,9.1,9.85,9.1
00-0029319,Josh Bellamy,WR,CHI,2015,9,0,0,0.0,0,,0,1,1,-4,0.0263,-0.0094,29,29,1.6,1.32,1.6
00-0029319,Josh Bellamy,WR,CHI,2015,11,0,0,0.0,0,,0,5,4,55,0.1562,0.1713,25,25,9.7,8.75,9.7
00-0029319,Josh Bellamy,WR,CHI,2015,13,0,0,0.0,0,,0,4,1,70,0.129,0.228,42,45,2.6,7.11,2.6
00-0029319,Josh Bellamy,WR,CHI,2015,15,0,0,0.0,0,,0,2,1,31,0.0556,0.099,20,28,1.7,2.89,1.7
00-0029319,Josh Bellamy,WR,CHI,2015,16,0,0,0.0,0,,0,3,2,17,0.1111,0.1574,39,41,3.0,5.21,3.0
00-0029319,Josh Bellamy,WR,CHI,2015,17,0,0,0.0,0,,0,4,3,64,0.1739,0.254,24,26,13.9,6.17,13.9
00-0029336,Brittan Golden,WR,ARI,2015,17,0,0,0.0,0,,0,1,1,5,0.0233,0.0108,13,17,1.5,1.31,1.5
00-0029384,Bobby Rainey,RB,TB,2015,1,0,0,0.0,0,,3,1,1,2,0.0303,0.0077,26,23,2.4,4.71,2.4
00-0029384,Bobby Rainey,RB,TB,2015,2,0,0,0.0,0,,0,1,1,-2,0.0476,-0.0097,35,35,1.8,1.66,1.8
00-0029384,Bobby Rainey,RB,TB,2015,7,0,0,0.0,0,,0,1,1,-5,0.0345,-0.0195,30,35,1.4,1.46,1.4
00-0029384,Bobby Rainey,RB,TB,2015,9,0,0,0.0,0,,1,0,0,0.0,0.0,0.0,23,23,0.3,0.49,0.3
00-0029384,Bobby Rainey,RB,TB,2015,11,0,0,0.0,0,,1,0,0,0.0,0.0,0.0,42,41,0.5,0.71,0.5
00-0029388,Deonte Thompson,WR,CHI,2015,14,0,0,0.0,0,,0,1,1,35,0.0323,0.0931,22,25,4.6,1.86,4.6
00-0029388,Deonte Thompson,WR,CHI,2015,17,0,0,0.0,0,,0,2,1,68,0.087,0.2698,24,26,5.5,2.98,5.5
00-0029394,Brenton Bersin,WR,CAR,2015,3,0,0,0.0,0,,0,2,1,26,0.0645,0.0776,30,18,2.3,3.19,2.3
00-0029394,Brenton Bersin,WR,CAR,2015,4,0,0,0.0,0,,0,4,4,34,0.1818,0.1491,33,19,9.4,6.64,9.4
00-0029394,Brenton Bersin,WR,CAR,2015,11,0,0,0.0,0,,0,1,1,13,0.0294,0.0383,39,25,2.5,1.66,2.5
00-0029394,Brenton Bersin,WR,CAR,2015,12,0,0,0.0,0,,0,2,1,11,0.0741,0.0579,37,24,2.2,3.23,2.2
00-0029394,Brenton Bersin,WR,CAR,2015,17,0,0,0.0,0,,0,2,2,16,0.0769,0.0623,32,16,2.5,3.01,2.5
00-0029415,Keshawn Martin,WR,NE,2015,3,0,0,0.0,0,,0,3,3,19,0.0732,0.099,32,38,12.3,5.44,12.3
00-0029415,Keshawn Martin,WR,NE,2015,5,0,0,0.0,0,,0,2,2,22,0.0741,0.1438,23,27,4.3,4.13,4.3
00-0029415,Keshawn Martin,WR,NE,2015,6,0,0,0.0,0,,0,2,1,57,0.0541,0.25,25,24,4.9,4.06,4.9
00-0029415,Keshawn Martin,WR,NE,2015,12,0,0,0.0,0,,0,1,1,8,0.0238,0.0174,16,22,1.8,1.65,1.8
00-0029415,Keshawn Martin,WR,NE,2015,13,0,0,0.0,0,,0,8,3,147,0.1429,0.2574,25,29,7.5,13.83,7.5
00-0029415,Keshawn Martin,WR,NE,2015,14,0,0,0.0,0,,0,4,3,13,0.1333,0.0607,31,31,11.3,7.5,11.3
00-0029415,Keshawn Martin,WR,NE,2015,15,0,0,0.0,0,,0,4,3,8,0.1176,0.04,26,20,5.6,6.24,5.6
00-0029415,Keshawn Martin,WR,NE,2015,16,0,0,0.0,0,,1,11,7,86,0.3548,0.3789,22,28,14.4,14.87,14.4
00-0029415,Keshawn Martin,WR,NE,2015,17,0,0,0.0,0,,0,2,1,14,0.08,0.0707,27,31,1.4,2.14,1.4
00-0029429,Bryce Brown,RB,SEA,2015,15,0,0,0.0,0,,9,1,0,5,0.0345,0.0174,36,27,4.3,6.45,4.3
00-0029429,Bryce Brown,RB,SEA,2015,16,0,0,0.0,0,,7,1,0,8,0.025,0.0237,22,22,0.9,4.77,0.9
00-0029429,Bryce Brown,RB,SEA,2015,17,0,0,0.0,0,,9,0,0,0.0,0.0,0.0,36,27,8.0,7.29,8.0
00-0029435,Damaris Johnson,WR,NE,2015,13,0,0,0.0,0,,1,0,0,0.0,0.0,0.0,25,29,0.6,0.82,0.6
00-0029438,Chris Polk,RB,HOU,2015,1,0,0,0.0,0,,5,1,1,-3,0.0217,-0.0062,21,23,4.1,3.68,4.1
00-0029438,Chris Polk,RB,HOU,2015,2,0,0,0.0,0,,14,8,2,19,0.1404,0.042,23,30,6.7,17.33,6.7
00-0029438,Chris Polk,RB,HOU,2015,3,0,0,0.0,0,,5,0,0,0.0,0.0,0.0,46,46,0.5,2.39,0.5
00-0029438,Chris Polk,RB,HOU,2015,4,0,0,0.0,0,,3,4,3,23,0.0702,0.0289,17,23,14.0,10.64,14.0
00-0029438,Chris Polk,RB,HOU,2015,5,0,0,0.0,0,,1,3,2,15,0.0732,0.0368,28,38,4.2,4.65,4.2
00-0029438,Chris Polk,RB,HOU,2015,6,0,0,0.0,0,,8,2,1,5,0.0556,0.0169,31,32,4.9,5.75,4.9
00-0029438,Chris Polk,RB,HOU,2015,7,0,0,0.0,0,,4,3,2,13,0.0612,0.036,25,32,3.8,6.02,3.8
00-0029438,Chris Polk,RB,HOU,2015,8,0,0,0.0,0,,8,2,1,1,0.0588,0.0038,23,30,3.2,6.21,3.2
00-0029438,Chris Polk,RB,HOU,2015,10,0,0,0.0,0,,4,0,0,0.0,0.0,0.0,25,24,1.4,1.75,1.4
00-0029438,Chris Polk,RB,HOU,2015,12,0,0,0.0,0,,6,1,1,1,0.037,0.0057,38,36,3.7,4.39,3.7
00-0029438,Chris Polk,RB,HOU,2015,13,0,0,0.0,0,,12,1,1,6,0.0233,0.0118,26,26,14.2,7.53,14.2
00-0029438,Chris Polk,RB,HOU,2015,14,0,0,0.0,0,,11,2,2,4,0.0833,0.0133,22,23,6.8,7.19,6.8
00-0029438,Chris Polk,RB,HOU,2015,15,0,0,0.0,0,,4,0,0,0.0,0.0,0.0,37,32,0.6,1.7,0.6
00-0029438,Chris Polk,RB,HOU,2015,16,0,0,0.0,0,,11,0,0,0.0,0.0,0.0,42,36,3.8,4.7,3.8
00-0029438,Chris Polk,RB,HOU,2015,17,0,0,0.0,0,,3,1,0,1,0.0244,0.0034,31,37,0.4,3.04,0.4
00-0029492,Jamize Olawale,RB,LV,2015,1,0,0,0.0,0,,1,3,3,6,0.0698,0.0269,16,26,5.5,4.79,5.5
00-0029492,Jamize Olawale,RB,LV,2015,4,0,0,0.0,0,,1,0,0,0.0,0.0,0.0,22,26,-0.1,0.41,-0.1
00-0029492,Jamize Olawale,RB,LV,2015,5,0,0,0.0,0,,6,0,0,0.0,0.0,0.0,25,28,1.3,2.45,1.3
00-0029492,Jamize Olawale,RB,LV,2015,7,0,0,0.0,0,,2,0,0,0.0,0.0,0.0,26,27,0.4,0.85,0.4
00-0029492,Jamize Olawale,RB,LV,2015,9,0,0,0.0,0,,1,0,0,0.0,0.0,0.0,25,23,7.9,0.48,7.9
00-0029492,Jamize Olawale,RB,LV,2015,10,0,0,0.0,0,,5,3,3,12,0.0732,0.0386,19,25,8.9,6.65,8.9
00-0029492,Jamize Olawale,RB,LV,2015,11,0,0,0.0,0,,4,1,1,1,0.04,0.0051,21,19,3.7,3.16,3.7
00-0029492,Jamize Olawale,RB,LV,2015,12,0,0,0.0,0,,2,1,0,0.0,0.0263,0.0,30,27,1.7,3.53,1.7
00-0029492,Jamize Olawale,RB,LV,2015,13,0,0,0.0,0,,2,2,1,4,0.0417,0.012,24,28,2.7,3.82,2.7
00-0029492,Jamize Olawale,RB,LV,2015,17,0,0,0.0,0,,0,1,1,-3,0.0312,-0.0171,16,21,2.4,1.55,2.4
00-0029510,Jonathan Grimes,RB,HOU,2015,1,0,0,0.0,0,,6,2,1,14,0.0435,0.0289,21,23,4.0,8.81,4.0
00-0029510,Jonathan Grimes,RB,HOU,2015,2,0,0,0.0,0,,2,7,6,9,0.1228,0.0199,23,30,10.7,10.07,10.7
00-0029510,Jonathan Grimes,RB,HOU,2015,3,0,0,0.0,0,,6,4,4,6,0.1026,0.0183,46,46,7.8,9.71,7.8
00-0029510,Jonathan Grimes,RB,HOU,2015,7,0,0,0.0,0,,0,1,0,9,0.0204,0.0249,25,32,0.0,3.0,0.0
00-0029510,Jonathan Grimes,RB,HOU,2015,8,0,0,0.0,0,,0,3,2,14,0.0882,0.0526,23,30,3.2,4.46,3.2
00-0029510,Jonathan Grimes,RB,HOU,2015,10,0,0,0.0,0,,6,1,1,2,0.0303,0.0056,25,24,5.5,4.78,5.5
00-0029510,Jonathan Grimes,RB,HOU,2015,11,0,0,0.0,0,,6,3,3,11,0.0882,0.0277,37,35,9.5,7.27,9.5
00-0029510,Jonathan Grimes,RB,HOU,2015,12,0,0,0.0,0,,7,1,1,0.0,0.037,0.0,38,36,4.3,5.37,4.3
00-0029510,Jonathan Grimes,RB,HOU,2015,13,0,0,0.0,0,,5,2,2,5,0.0465,0.0099,26,26,8.3,6.35,8.3
00-0029510,Jonathan Grimes,RB,HOU,2015,14,0,0,0.0,0,,7,2,2,3,0.0833,0.01,22,23,8.2,5.88,8.2
00-0029510,Jonathan Grimes,RB,HOU,2015,15,0,0,0.0,0,,1,0,0,0.0,0.0,0.0,37,32,0.1,0.65,0.1
00-0029510,Jonathan Grimes,RB,HOU,2015,16,0,0,0.0,0,,6,0,0,0.0,0.0,0.0,42,36,2.5,3.12,2.5
00-0029510,Jonathan Grimes,RB,HOU,2015,17,1,0,-0.959,0,-32.117,4,5,4,1,0.122,0.0034,31,37,21.4,14.11,21.4
00-0029531,Ryan Lindley,QB,IND,2015,17,10,6,3.389,0,-5.589,0,0,0,0.0,0.0,0.0,32,23,6.3,3.8,6.32
00-0029534,Cooper Helfet,TE,SEA,2015,3,0,0,0.0,0,,0,1,0,4,0.0385,0.0179,29,26,0.0,1.58,0.0
00-0029534,Cooper Helfet,TE,SEA,2015,11,0,0,0.0,0,,0,1,1,4,0.037,0.0248,44,39,1.7,1.58,1.7
00-0029534,Cooper Helfet,TE,SEA,2015,13,0,0,0.0,0,,0,4,1,19,0.1429,0.0896,36,28,2.3,7.71,2.3
00-0029534,Cooper Helfet,TE,SEA,2015,14,0,0,0.0,0,,0,2,2,2,0.0606,0.007,36,32,4.0,2.88,4.0
00-0029534,Cooper Helfet,TE,SEA,2015,15,0,0,0.0,0,,0,2,1,6,0.069,0.0208,36,27,1.5,3.89,1.5
00-0029534,Cooper Helfet,TE,SEA,2015,16,0,0,0.0,0,,0,6,4,39,0.15,0.1154,22,22,8.3,8.77,8.3
00-0029534,Cooper Helfet,TE,SEA,2015,17,0,0,0.0,0,,0,6,4,43,0.1875,0.1617,36,27,8.2,10.12,8.2
00-0029567,Nick Foles,QB,LA,2015,1,27,18,6.434,2,1.484,4,0,0,0.0,0.0,0.0,26,22,19.0,14.02,20.98
00-0029567,Nick Foles,QB,LA,2015,2,32,17,-10.975,1,-12.806,1,0,0,0.0,0.0,0.0,13,14,10.1,9.09,10.1
00-0029567,Nick Foles,QB,LA,2015,3,28,19,-6.82,2,0.236,1,0,0,0.0,0.0,0.0,18,20,6.9,10.57,6.88
00-0029567,Nick Foles,QB,LA,2015,4,24,16,4.314,1,3.787,1,0,0,0.0,0.0,0.0,26,27,18.7,10.95,18.74
00-0029567,Nick Foles,QB,LA,2015,5,30,11,-25.963,3,-17.151,1,0,0,0.0,0.0,0.0,36,34,1.8,10.32,1.84
00-0029567,Nick Foles,QB,LA,2015,7,23,15,-4.961,2,-7.724,2,0,0,0.0,0.0,0.0,26,29,6.3,8.52,6.32
00-0029567,Nick Foles,QB,LA,2015,8,23,14,2.567,0,-3.377,3,0,0,0.0,0.0,0.0,41,39,13.3,10.73,13.34
00-0029567,Nick Foles,QB,LA,2015,9,33,18,-8.318,1,-3.898,1,0,0,0.0,0.0,0.0,36,31,6.9,7.72,6.92
00-0029567,Nick Foles,QB,LA,2015,10,36,17,-16.13,1,-18.431,0,0,0,0.0,0.0,0.0,21,23,6.0,11.87,6.0
00-0029567,Nick Foles,QB,LA,2015,12,46,30,-13.574,1,-0.609,1,0,0,0.0,0.0,0.0,17,21,3.3,10.75,3.32
00-0029567,Nick Foles,QB,LA,2015,13,35,15,-14.688,0,-13.951,2,0,0,0.0,0.0,0.0,15,13,3.6,13.86,3.64
00-0029572,Jarius Wright,WR,MIN,2015,1,0,0,0.0,0,,0,4,1,70,0.129,0.2536,17,22,3.7,6.32,3.7
00-0029572,Jarius Wright,WR,MIN,2015,2,0,0,0.0,0,,1,2,1,17,0.1111,0.2024,42,36,5.6,3.79,5.6
00-0029572,Jarius Wright,WR,MIN,2015,3,0,0,0.0,0,,0,4,3,21,0.1667,0.1066,31,31,5.8,5.27,5.8
00-0029572,Jarius Wright,WR,MIN,2015,6,0,0,0.0,0,,0,3,2,36,0.0968,0.1246,35,34,8.9,4.48,8.9
00-0029572,Jarius Wright,WR,MIN,2015,7,0,0,0.0,0,,0,6,3,79,0.1765,0.2832,35,34,6.1,9.03,6.1
00-0029572,Jarius Wright,WR,MIN,2015,8,0,0,0.0,0,,0,2,1,15,0.069,0.0647,25,28,1.8,2.7,1.8
00-0029572,Jarius Wright,WR,MIN,2015,9,0,0,0.0,0,,0,3,1,39,0.1111,0.1573,35,35,2.2,4.24,2.2
00-0029572,Jarius Wright,WR,MIN,2015,10,0,0,0.0,0,,0,2,1,17,0.0952,0.1954,33,34,1.2,3.88,1.2
00-0029572,Jarius Wright,WR,MIN,2015,11,0,0,0.0,0,,0,5,4,31,0.1351,0.108,18,18,9.0,6.68,9.0
00-0029572,Jarius Wright,WR,MIN,2015,12,0,0,0.0,0,,0,2,2,7,0.0741,0.0593,39,40,3.3,2.69,3.3
00-0029572,Jarius Wright,WR,MIN,2015,13,0,0,0.0,0,,0,2,2,22,0.0714,0.1068,16,21,4.4,3.05,4.4
00-0029572,Jarius Wright,WR,MIN,2015,14,0,0,0.0,0,,0,6,5,34,0.1818,0.156,24,27,8.1,7.95,8.1
00-0029572,Jarius Wright,WR,MIN,2015,15,0,0,0.0,0,,0,3,3,5,0.15,0.102,36,35,6.2,4.33,6.2
00-0029572,Jarius Wright,WR,MIN,2015,16,0,0,0.0,0,,0,3,3,45,0.12,0.2356,40,37,8.7,3.95,8.7
00-0029572,Jarius Wright,WR,MIN,2015,17,0,0,0.0,0,,0,3,2,38,0.1765,0.2222,27,27,4.1,5.44,4.1
00-0029580,Rishard Matthews,WR,MIA,2015,1,0,0,0.0,0,,0,6,4,50,0.1765,0.1818,18,16,13.4,11.35,13.4
00-0029580,Rishard Matthews,WR,MIA,2015,2,0,0,0.0,0,,0,7,6,103,0.1628,0.2675,16,20,17.5,11.52,17.5
00-0029580,Rishard Matthews,WR,MIA,2015,3,0,0,0.0,0,,0,10,6,171,0.2041,0.3968,20,22,29.3,14.41,29.3
00-0029580,Rishard Matthews,WR,MIA,2015,4,0,0,0.0,0,,0,3,1,45,0.0682,0.1119,11,10,2.6,3.71,2.6
00-0029580,Rishard Matthews,WR,MIA,2015,6,0,0,0.0,0,,0,6,6,66,0.2069,0.2907,32,31,14.5,9.44,14.5
00-0029580,Rishard Matthews,WR,MIA,2015,7,0,0,0.0,0,,0,3,3,24,0.15,0.4444,35,36,16.5,5.01,16.5
00-0029580,Rishard Matthews,WR,MIA,2015,8,0,0,0.0,0,,0,12,7,97,0.2791,0.2326,13,20,13.2,17.56,13.2
00-0029580,Rishard Matthews,WR,MIA,2015,9,0,0,0.0,0,,0,4,4,44,0.1143,0.2085,24,24,9.4,6.17,9.4
00-0029580,Rishard Matthews,WR,MIA,2015,10,0,0,0.0,0,,1,6,5,48,0.1667,0.1702,26,28,14.7,9.58,14.7
00-0029580,Rishard Matthews,WR,MIA,2015,11,0,0,0.0,0,,0,3,1,43,0.1304,0.2009,14,15,2.5,4.31,2.5
00-0029580,Rishard Matthews,WR,MIA,2015,12,0,0,0.0,0,,0,1,0,3,0.0172,0.0061,9,17,0.0,1.22,0.0
00-0029587,Rhett Ellison,TE,MIN,2015,1,0,0,0.0,0,,0,2,1,1,0.0645,0.0036,17,22,1.3,2.86,1.3
00-0029587,Rhett Ellison,TE,MIN,2015,2,0,0,0.0,0,,0,1,0,6,0.0556,0.0714,42,36,0.0,1.59,0.0
00-0029587,Rhett Ellison,TE,MIN,2015,6,0,0,0.0,0,,0,2,1,-2,0.0645,-0.0069,35,34,2.1,2.85,2.1
00-0029587,Rhett Ellison,TE,MIN,2015,9,0,0,0.0,0,,0,3,2,1,0.1111,0.004,35,35,3.1,3.15,3.1
00-0029587,Rhett Ellison,TE,MIN,2015,10,0,0,0.0,0,,0,2,2,6,0.0952,0.069,33,34,9.8,3.47,9.8
00-0029587,Rhett Ellison,TE,MIN,2015,11,0,0,0.0,0,,0,3,2,-2,0.0811,-0.007,18,18,3.9,4.27,3.9
00-0029587,Rhett Ellison,TE,MIN,2015,12,0,0,0.0,0,,0,2,1,16,0.0741,0.1356,39,40,3.3,3.65,3.3
00-0029587,Rhett Ellison,TE,MIN,2015,13,0,0,0.0,0,,0,1,0,3,0.0357,0.0146,16,21,0.0,1.34,0.0
00-0029587,Rhett Ellison,TE,MIN,2015,14,0,0,0.0,0,,0,1,1,-1,0.0303,-0.0046,24,27,5.1,1.45,5.1
00-0029587,Rhett Ellison,TE,MIN,2015,16,0,0,0.0,0,,0,1,0,1,0.04,0.0052,40,37,0.0,1.47,0.0
00-0029587,Rhett Ellison,TE,MIN,2015,17,0,0,0.0,0,,0,1,1,-1,0.0588,-0.0058,27,27,0.8,1.49,0.8
00-0029588,Dan Herron,RB,BUF,2015,5,0,0,0.0,0,,9,0,0,0.0,0.0,0.0,28,21,2.8,3.77,2.8
00-0029588,Dan Herron,RB,BUF,2015,6,0,0,0.0,0,,0,2,2,9,0.05,0.0245,23,21,3.7,2.97,3.7
00-0029588,Dan Herron,RB,BUF,2015,7,0,0,0.0,0,,2,1,1,1,0.0238,0.0027,28,23,2.2,2.53,2.2
00-0029588,Dan Herron,RB,IND,2015,13,0,0,0.0,0,,2,3,3,1,0.0882,0.0047,18,23,5.4,5.54,5.4
00-0029588,Dan Herron,RB,IND,2015,14,0,0,0.0,0,,4,2,2,-3,0.0465,-0.0081,23,28,4.1,4.66,4.1
00-0029588,Dan Herron,RB,IND,2015,15,0,0,0.0,0,,0,1,1,4,0.0345,0.0144,19,19,1.6,1.62,1.6
00-0029588,Dan Herron,RB,IND,2015,16,0,0,0.0,0,,6,0,0,0.0,0.0,0.0,23,23,1.4,3.13,1.4
00-0029588,Dan Herron,RB,IND,2015,17,0,0,0.0,0,,2,1,0,1,0.027,0.0035,32,23,0.4,2.09,0.4
00-0029604,Kirk Cousins,QB,WAS,2015,1,31,21,0.719,1,4.768,2,0,0,0.0,0.0,0.0,37,34,7.7,13.65,7.74
00-0029604,Kirk Cousins,QB,WAS,2015,2,27,23,4.844,2,14.828,0,0,0,0.0,0.0,0.0,37,43,12.1,9.35,12.12
00-0029604,Kirk Cousins,QB,WAS,2015,3,49,30,4.17,1,0.086,0,0,0,0.0,0.0,0.0,20,27,14.6,19.37,14.64
00-0029604,Kirk Cousins,QB,WAS,2015,4,46,31,11.463,1,1.674,1,0,0,0.0,0.0,0.0,32,34,21.7,18.45,21.7
00-0029604,Kirk Cousins,QB,WAS,2015,5,32,21,-8.048,1,-2.565,1,0,0,0.0,0.0,0.0,24,29,8.9,15.79,8.86
00-0029604,Kirk Cousins,QB,WAS,2015,6,43,25,-8.019,1,-5.788,1,0,0,0.0,0.0,0.0,17,23,7.9,13.13,7.94
00-0029604,Kirk Cousins,QB,WAS,2015,7,40,33,5.776,1,17.661,3,0,0,0.0,0.0,0.0,19,19,30.2,22.19,32.18
00-0029604,Kirk Cousins,QB,WAS,2015,9,40,22,-2.349,1,-6.284,0,0,0,0.0,0.0,0.0,15,19,10.7,17.05,10.68
00-0029604,Kirk Cousins,QB,WAS,2015,10,25,20,17.283,3,14.476,0,0,0,0.0,0.0,0.0,31,35,29.0,13.92,28.96
00-0029604,Kirk Cousins,QB,WAS,2015,11,30,22,-9.78,5,6.826,1,0,0,0.0,0.0,0.0,12,16,6.7,8.22,10.68
00-0029604,Kirk Cousins,QB,WAS,2015,12,29,20,10.639,0,5.515,4,0,0,0.0,0.0,0.0,37,36,22.2,17.26,22.18
00-0029604,Kirk Cousins,QB,WAS,2015,13,31,22,3.317,3,6.296,1,0,0,0.0,0.0,0.0,26,30,13.4,10.12,13.36
00-0029604,Kirk Cousins,QB,WAS,2015,14,31,24,13.787,3,12.39,4,0,0,0.0,0.0,0.0,33,32,21.3,18.71,21.3
00-0029604,Kirk Cousins,QB,WAS,2015,15,28,22,20.999,1,13.986,3,0,0,0.0,0.0,0.0,27,25,35.9,16.47,35.86
00-0029604,Kirk Cousins,QB,WAS,2015,16,46,31,20.727,2,7.793,5,0,0,0.0,0.0,0.0,26,29,32.2,23.68,32.2
00-0029604,Kirk Cousins,QB,WAS,2015,17,15,12,12.726,0,19.829,0,0,0,0.0,0.0,0.0,36,34,19.0,10.63,19.04
00-0029608,T.Y. Hilton,WR,IND,2015,1,0,0,0.0,0,,0,14,7,161,0.2857,0.3562,17,14,15.8,21.38,15.8
00-0029608,T.Y. Hilton,WR,IND,2015,2,0,0,0.0,0,,0,7,4,70,0.2,0.1772,24,26,8.5,13.15,8.5
00-0029608,T.Y. Hilton,WR,IND,2015,3,0,0,0.0,0,,0,7,4,124,0.2333,0.4161,23,17,13.4,12.24,13.4
00-0029608,T.Y. Hilton,WR,IND,2015,4,0,0,0.0,0,,0,13,7,138,0.2766,0.3459,24,25,13.7,21.02,13.7
00-0029608,T.Y. Hilton,WR,IND,2015,5,0,0,0.0,0,,0,9,5,125,0.3103,0.5252,30,28,13.8,13.85,13.8
00-0029608,T.Y. Hilton,WR,IND,2015,6,0,0,0.0,0,,0,9,6,98,0.1875,0.2108,22,20,19.4,16.41,19.4
00-0029608,T.Y. Hilton,WR,IND,2015,7,0,0,0.0,0,,0,15,4,235,0.3488,0.5995,13,16,31.0,23.61,31.0
00-0029608,T.Y. Hilton,WR,IND,2015,8,0,0,0.0,0,,0,7,1,158,0.1556,0.2792,35,32,2.5,10.9,2.5
00-0029608,T.Y. Hilton,WR,IND,2015,9,0,0,0.0,0,,0,6,5,47,0.1714,0.1836,40,36,13.2,7.6,13.2
00-0029608,T.Y. Hilton,WR,IND,2015,11,0,0,0.0,0,,0,4,2,59,0.125,0.3172,27,32,4.1,6.05,4.1
00-0029608,T.Y. Hilton,WR,IND,2015,12,0,0,0.0,0,,0,12,6,132,0.3077,0.44,26,28,27.5,24.84,27.5
00-0029608,T.Y. Hilton,WR,IND,2015,13,0,0,0.0,0,,0,5,3,63,0.1471,0.2944,18,23,6.6,7.98,6.6
00-0029608,T.Y. Hilton,WR,IND,2015,14,0,0,0.0,0,,0,7,4,121,0.1628,0.327,23,28,17.2,11.34,17.2
00-0029608,T.Y. Hilton,WR,IND,2015,15,0,0,0.0,0,,0,5,3,49,0.1724,0.1769,19,19,5.9,7.39,5.9
00-0029608,T.Y. Hilton,WR,IND,2015,16,0,0,0.0,0,,0,7,4,62,0.2414,0.3212,23,23,10.4,10.71,10.4
00-0029608,T.Y. Hilton,WR,IND,2015,17,0,0,0.0,0,,0,7,4,82,0.1892,0.2887,32,23,8.4,10.12,8.4
00-0029613,Doug Martin,RB,TB,2015,1,0,0,0.0,0,,11,1,1,0.0,0.0303,0.0,26,23,6.4,7.65,6.4
00-0029613,Doug Martin,RB,TB,2015,2,0,0,0.0,0,,21,2,2,1,0.0952,0.0049,35,35,9.8,12.88,9.8
00-0029613,Doug Martin,RB,TB,2015,3,0,0,0.0,0,,14,0,0,0.0,0.0,0.0,20,22,4.6,5.87,4.6
00-0029613,Doug Martin,RB,TB,2015,4,0,0,0.0,0,,20,5,5,-5,0.122,-0.0168,30,34,25.3,16.73,25.3
00-0029613,Doug Martin,RB,TB,2015,5,0,0,0.0,0,,24,3,3,3,0.1667,0.0172,40,43,36.8,21.83,36.8
00-0029613,Doug Martin,RB,TB,2015,7,0,0,0.0,0,,19,3,3,9,0.1034,0.0352,30,35,20.1,16.05,20.1
00-0029613,Doug Martin,RB,TB,2015,8,0,0,0.0,0,,23,1,1,6,0.0345,0.0205,32,33,8.8,13.17,8.8
00-0029613,Doug Martin,RB,TB,2015,9,0,0,0.0,0,,11,4,2,18,0.1111,0.045,23,23,4.3,12.67,4.3
00-0029613,Doug Martin,RB,TB,2015,10,0,0,0.0,0,,18,4,4,6,0.1053,0.0141,26,29,14.3,13.9,14.3
00-0029613,Doug Martin,RB,TB,2015,11,0,0,0.0,0,,27,1,0,2,0.0357,0.0069,42,41,23.5,13.63,23.5
00-0029613,Doug Martin,RB,TB,2015,12,0,0,0.0,0,,14,3,1,-1,0.0833,-0.0021,21,22,10.8,12.07,10.8
00-0029613,Doug Martin,RB,TB,2015,13,0,0,0.0,0,,25,2,1,9,0.0741,0.0361,37,35,15.0,17.83,15.0
00-0029613,Doug Martin,RB,TB,2015,14,0,0,0.0,0,,11,3,1,12,0.0968,0.0426,19,23,15.6,9.58,15.6
00-0029613,Doug Martin,RB,TB,2015,15,0,0,0.0,0,,18,2,1,6,0.0408,0.0114,27,29,10.7,10.57,10.7
00-0029613,Doug Martin,RB,TB,2015,16,0,0,0.0,0,,17,3,1,7,0.1071,0.0169,25,25,8.5,12.69,8.5
00-0029613,Doug Martin,RB,TB,2015,17,0,0,0.0,0,,15,7,7,18,0.1489,0.0536,22,35,17.8,15.47,17.8
00-0029614,Chris Givens,WR,LA,2015,2,0,0,0.0,0,,0,1,1,5,0.0312,0.0195,13,14,1.7,1.54,1.7
00-0029614,Chris Givens,WR,LA,2015,3,0,0,0.0,0,,1,0,0,0.0,0.0,0.0,18,20,2.4,0.61,2.4
00-0029614,Chris Givens,WR,BAL,2015,5,0,0,0.0,0,,0,2,0,48,0.0571,0.2182,31,33,0.0,3.42,0.0
00-0029614,Chris Givens,WR,BAL,2015,6,0,0,0.0,0,,0,2,2,17,0.0385,0.03,22,29,3.8,3.16,3.8
00-0029614,Chris Givens,WR,BAL,2015,7,0,0,0.0,0,,1,2,1,59,0.0513,0.2438,16,19,3.5,4.81,3.5
00-0029614,Chris Givens,WR,BAL,2015,8,0,0,0.0,0,,0,4,3,59,0.1081,0.1993,25,25,8.7,6.98,8.7
00-0029614,Chris Givens,WR,BAL,2015,10,0,0,0.0,0,,0,7,4,67,0.1556,0.1861,21,24,13.7,13.28,13.7
00-0029614,Chris Givens,WR,BAL,2015,11,0,0,0.0,0,,0,7,2,72,0.1628,0.3273,28,31,4.5,9.18,4.5
00-0029614,Chris Givens,WR,BAL,2015,12,0,0,0.0,0,,1,3,1,12,0.0882,0.0502,23,23,6.0,4.66,6.0
00-0029614,Chris Givens,WR,BAL,2015,13,0,0,0.0,0,,0,8,3,127,0.1739,0.4032,26,38,9.8,10.19,9.8
00-0029614,Chris Givens,WR,BAL,2015,14,0,0,0.0,0,,0,5,0,70,0.125,0.1832,14,18,0.0,6.37,0.0
00-0029614,Chris Givens,WR,BAL,2015,15,0,0,0.0,0,,1,5,1,70,0.1111,0.1628,20,16,2.5,7.24,2.5
00-0029614,Chris Givens,WR,BAL,2015,16,0,0,0.0,0,,0,4,2,50,0.1,0.1938,31,36,6.5,5.92,6.5
00-0029614,Chris Givens,WR,BAL,2015,17,0,0,0.0,0,,0,4,0,67,0.0741,0.1573,21,27,0.0,5.21,0.0
00-0029615,Lamar Miller,RB,MIA,2015,1,0,0,0.0,0,,13,1,1,-4,0.0294,-0.0145,18,16,8.5,7.73,8.5
00-0029615,Lamar Miller,RB,MIA,2015,2,0,0,0.0,0,,10,6,5,1,0.1395,0.0026,16,20,9.2,14.25,9.2
00-0029615,Lamar Miller,RB,MIA,2015,3,0,0,0.0,0,,7,3,3,-3,0.0612,-0.007,20,22,9.5,7.6,9.5
00-0029615,Lamar Miller,RB,MIA,2015,4,0,0,0.0,0,,7,2,1,3,0.0455,0.0075,11,10,4.6,5.4,4.6
00-0029615,Lamar Miller,RB,MIA,2015,6,0,0,0.0,0,,19,3,2,-3,0.1034,-0.0132,32,31,19.8,13.5,19.8
00-0029615,Lamar Miller,RB,MIA,2015,7,0,0,0.0,0,,14,3,3,-7,0.15,-0.1296,35,36,38.6,11.77,38.6
00-0029615,Lamar Miller,RB,MIA,2015,8,0,0,0.0,0,,9,5,5,-13,0.1163,-0.0312,13,20,14.4,13.19,14.4
00-0029615,Lamar Miller,RB,MIA,2015,9,0,0,0.0,0,,12,7,7,-26,0.2,-0.1232,24,24,33.1,20.97,33.1
00-0029615,Lamar Miller,RB,MIA,2015,10,0,0,0.0,0,,16,8,6,29,0.2222,0.1028,26,28,21.3,20.61,21.3
00-0029615,Lamar Miller,RB,MIA,2015,11,0,0,0.0,0,,7,3,2,9,0.1304,0.0421,14,15,7.5,7.76,7.5
00-0029615,Lamar Miller,RB,MIA,2015,12,0,0,0.0,0,,5,4,3,-5,0.069,-0.0102,9,17,4.3,7.33,4.3
00-0029615,Lamar Miller,RB,MIA,2015,13,0,0,0.0,0,,20,2,1,4,0.1053,0.022,26,27,10.8,11.54,10.8
00-0029615,Lamar Miller,RB,MIA,2015,14,0,0,0.0,0,,12,0,0,0.0,0.0,0.0,22,19,20.9,5.58,20.9
00-0029615,Lamar Miller,RB,MIA,2015,15,0,0,0.0,0,,9,2,2,0.0,0.0645,0.0,19,21,4.4,6.86,4.4
00-0029615,Lamar Miller,RB,MIA,2015,16,0,0,0.0,0,,15,6,5,9,0.1579,0.0307,25,32,17.7,20.9,17.7
00-0029615,Lamar Miller,RB,MIA,2015,17,0,0,0.0,0,,19,2,1,3,0.0526,0.0059,34,33,7.3,14.42,7.3
00-0029623,Alex Tanney,QB,TEN,2015,17,14,10,-0.563,3,7.098,0,0,0,0.0,0.0,0.0,27,25,8.0,4.81,7.96
00-0029626,Isaiah Pead,RB,LA,2015,1,0,0,0.0,0,,2,0,0,0.0,0.0,0.0,26,22,-1.7,1.03,-1.7
00-0029632,Mohamed Sanu,WR,CIN,2015,1,0,0,0.0,0,,0,3,2,-3,0.0882,-0.0107,31,34,5.4,4.16,5.4
00-0029632,Mohamed Sanu,WR,CIN,2015,2,0,0,0.0,0,,0,2,1,8,0.0833,0.04,36,35,2.5,5.05,2.5
00-0029632,Mohamed Sanu,WR,CIN,2015,3,0,0,0.0,0,,1,4,2,51,0.125,0.1453,31,28,5.4,8.08,5.4
00-0029632,Mohamed Sanu,WR,CIN,2015,4,0,0,0.0,0,,0,6,4,48,0.25,0.1661,26,23,12.4,11.71,12.4
00-0029632,Mohamed Sanu,WR,CIN,2015,5,0,0,0.0,0,,0,5,5,30,0.1163,0.0984,31,30,11.9,7.22,11.9
00-0029632,Mohamed Sanu,WR,CIN,2015,6,0,0,0.0,0,,1,4,2,56,0.1212,0.1972,28,26,5.8,8.11,5.8
00-0029632,Mohamed Sanu,WR,CIN,2015,8,0,0,0.0,0,,0,3,2,3,0.0789,0.0091,23,19,3.0,4.13,3.0
00-0029632,Mohamed Sanu,WR,CIN,2015,9,0,0,0.0,0,,1,3,3,10,0.12,0.0513,37,31,14.0,5.32,14.0
00-0029632,Mohamed Sanu,WR,CIN,2015,10,0,0,0.0,0,,0,2,1,14,0.0526,0.0378,20,23,1.5,3.21,1.5
00-0029632,Mohamed Sanu,WR,CIN,2015,11,0,0,0.0,0,,1,3,2,27,0.0769,0.0605,28,28,4.1,4.91,4.1
00-0029632,Mohamed Sanu,WR,CIN,2015,12,0,0,0.0,0,,0,1,1,6,0.0357,0.0297,31,33,1.8,1.5,1.8
00-0029632,Mohamed Sanu,WR,CIN,2015,13,0,0,0.0,0,,1,1,0,3,0.0455,0.0171,33,30,0.7,2.35,0.7
00-0029632,Mohamed Sanu,WR,CIN,2015,14,0,0,0.0,0,,0,5,2,46,0.1389,0.1369,16,19,4.4,7.55,4.4
00-0029632,Mohamed Sanu,WR,CIN,2015,15,0,0,0.0,0,,1,2,2,4,0.0952,0.0205,36,37,3.0,3.36,3.0
00-0029632,Mohamed Sanu,WR,CIN,2015,16,0,0,0.0,0,,2,3,3,27,0.0882,0.0806,33,34,12.9,7.04,12.9
00-0029632,Mohamed Sanu,WR,CIN,2015,17,0,0,0.0,0,,2,2,1,11,0.0833,0.0803,27,25,2.7,4.0,2.7
00-0029634,James Hanna,TE,DAL,2015,4,0,0,0.0,0,,0,1,1,3,0.0385,0.0115,28,25,1.7,0.93,1.7
00-0029634,James Hanna,TE,DAL,2015,7,0,0,0.0,0,,0,1,1,2,0.037,0.0077,41,39,1.6,1.19,1.6
00-0029634,James Hanna,TE,DAL,2015,8,0,0,0.0,0,,0,2,1,18,0.0769,0.1475,30,31,1.0,2.67,1.0
00-0029634,James Hanna,TE,DAL,2015,9,0,0,0.0,0,,0,1,0,2,0.027,0.0068,29,28,0.0,1.67,0.0
00-0029634,James Hanna,TE,DAL,2015,13,0,0,0.0,0,,0,1,1,0.0,0.0357,0.0,24,23,2.1,1.34,2.1
00-0029634,James Hanna,TE,DAL,2015,15,0,0,0.0,0,,0,1,1,-4,0.0323,-0.0146,21,21,2.7,1.46,2.7
00-0029634,James Hanna,TE,DAL,2015,16,0,0,0.0,0,,0,4,1,37,0.1333,0.1289,25,25,2.0,6.03,2.0
00-0029634,James Hanna,TE,DAL,2015,17,0,0,0.0,0,,0,3,3,2,0.0625,0.0054,16,20,5.8,4.07,5.8
00-0029638,Michael Floyd,WR,ARI,2015,1,0,0,0.0,0,,0,1,1,16,0.0312,0.0447,25,24,2.8,2.03,2.8
00-0029638,Michael Floyd,WR,ARI,2015,2,0,0,0.0,0,,0,1,0,23,0.0435,0.0888,28,27,0.0,1.87,0.0
00-0029638,Michael Floyd,WR,ARI,2015,3,0,0,0.0,0,,0,5,1,109,0.1613,0.2907,37,37,2.2,11.8,2.2
00-0029638,Michael Floyd,WR,ARI,2015,4,0,0,0.0,0,,0,7,5,77,0.1556,0.1911,21,26,10.9,11.83,10.9
00-0029638,Michael Floyd,WR,ARI,2015,5,0,0,0.0,0,,0,3,1,85,0.1667,0.3586,25,21,2.5,6.58,2.5
00-0029638,Michael Floyd,WR,ARI,2015,6,0,0,0.0,0,,0,8,5,92,0.1818,0.171,20,22,16.0,16.94,16.0
00-0029638,Michael Floyd,WR,ARI,2015,7,0,0,0.0,0,,0,4,3,52,0.1429,0.2261,28,31,14.9,9.72,14.9
00-0029638,Michael Floyd,WR,ARI,2015,8,0,0,0.0,0,,0,8,4,178,0.2162,0.3589,38,36,20.6,13.63,20.6
00-0029638,Michael Floyd,WR,ARI,2015,10,0,0,0.0,0,,0,9,7,172,0.2,0.3282,33,34,30.3,18.53,30.3
00-0029638,Michael Floyd,WR,ARI,2015,12,0,0,0.0,0,,0,2,1,32,0.05,0.0767,29,31,2.4,3.77,2.4
00-0029638,Michael Floyd,WR,ARI,2015,13,0,0,0.0,0,,0,12,7,165,0.3,0.4034,36,35,17.4,22.31,17.4
00-0029638,Michael Floyd,WR,ARI,2015,14,0,0,0.0,0,,0,9,5,116,0.2571,0.3625,29,32,21.2,14.68,21.2
00-0029638,Michael Floyd,WR,ARI,2015,15,0,0,0.0,0,,0,8,5,119,0.25,0.2356,39,42,12.0,16.68,12.0
00-0029638,Michael Floyd,WR,ARI,2015,16,0,0,0.0,0,,0,8,6,111,0.2963,0.5092,26,29,17.1,14.33,17.1
00-0029638,Michael Floyd,WR,ARI,2015,17,0,0,0.0,0,,0,4,1,66,0.093,0.1432,13,17,2.6,6.3,2.6
00-0029640,Brian Quick,WR,LA,2015,5,0,0,0.0,0,,0,3,1,48,0.1034,0.1574,36,34,2.0,4.21,2.0
00-0029640,Brian Quick,WR,LA,2015,7,0,0,0.0,0,,0,1,0,40,0.0435,0.3053,26,29,0.0,2.18,0.0
00-0029640,Brian Quick,WR,LA,2015,8,0,0,0.0,0,,0,1,1,5,0.0435,0.0216,41,39,1.5,1.46,1.5
00-0029640,Brian Quick,WR,LA,2015,9,0,0,0.0,0,,0,3,1,33,0.0968,0.1245,36,31,0.9,3.17,0.9
00-0029640,Brian Quick,WR,LA,2015,10,0,0,0.0,0,,0,7,1,120,0.1892,0.3797,21,23,4.7,11.8,4.7
00-0029640,Brian Quick,WR,LA,2015,12,0,0,0.0,0,,0,5,2,59,0.0943,0.2314,17,21,2.8,6.52,2.8
00-0029640,Brian Quick,WR,LA,2015,13,0,0,0.0,0,,0,6,1,105,0.1765,0.2815,15,13,2.4,9.45,2.4
00-0029640,Brian Quick,WR,LA,2015,16,0,0,0.0,0,,0,1,1,5,0.0435,0.0318,30,28,1.6,1.47,1.6
00-0029640,Brian Quick,WR,LA,2015,17,0,0,0.0,0,,0,5,2,97,0.1316,0.265,33,30,4.3,7.83,4.3
00-0029660,Trevor Graham,WR,NO,2015,10,0,0,0.0,0,,0,2,2,-7,0.0714,-0.0361,25,29,4.5,2.97,4.5
00-0029660,Trevor Graham,WR,NO,2015,12,0,0,0.0,0,,0,1,1,-5,0.0233,-0.0174,10,18,0.9,1.33,0.9
00-0029660,Trevor Graham,WR,NO,2015,13,0,0,0.0,0,,0,1,1,-5,0.0244,-0.0134,14,18,1.0,1.39,1.0
00-0029668,Andrew Luck,QB,IND,2015,1,49,26,2.278,2,-7.126,4,0,0,0.0,0.0,0.0,17,14,17.7,24.83,17.72
00-0029668,Andrew Luck,QB,IND,2015,2,37,21,-4.266,0,0.173,4,0,0,0.0,0.0,0.0,24,26,8.4,18.47,8.4
00-0029668,Andrew Luck,QB,IND,2015,3,30,18,-3.427,3,0.676,6,0,0,0.0,0.0,0.0,23,17,16.5,13.55,16.5
00-0029668,Andrew Luck,QB,IND,2015,6,50,30,2.23,3,-1.165,4,0,0,0.0,0.0,0.0,22,20,28.0,25.52,27.98
00-0029668,Andrew Luck,QB,IND,2015,7,44,23,-9.036,4,-10.574,3,0,0,0.0,0.0,0.0,13,16,24.0,17.94,24.02
00-0029668,Andrew Luck,QB,IND,2015,8,47,23,-7.38,2,-5.722,6,0,0,0.0,0.0,0.0,35,32,14.7,24.16,12.74
00-0029668,Andrew Luck,QB,IND,2015,9,36,21,11.361,1,-3.318,6,0,0,0.0,0.0,0.0,40,36,21.5,19.37,21.48
00-0029677,Brandon Weeden,QB,DAL,2015,2,7,7,4.556,0,28.06,3,0,0,0.0,0.0,0.0,33,35,7.6,2.36,7.62
00-0029677,Brandon Weeden,QB,DAL,2015,3,26,22,1.596,2,12.613,0,0,0,0.0,0.0,0.0,21,33,7.3,7.71,7.28
00-0029677,Brandon Weeden,QB,DAL,2015,4,26,16,10.832,3,1.386,3,0,0,0.0,0.0,0.0,28,25,14.3,15.75,14.34
00-0029677,Brandon Weeden,QB,DAL,2015,5,39,26,-15.545,3,-1.463,3,0,0,0.0,0.0,0.0,24,34,7.3,20.05,7.28
00-0029677,Brandon Weeden,QB,HOU,2015,15,18,11,0.938,1,-2.006,5,0,0,0.0,0.0,0.0,37,32,8.8,7.26,8.8
00-0029677,Brandon Weeden,QB,HOU,2015,16,24,15,9.786,1,5.751,2,0,0,0.0,0.0,0.0,42,36,21.1,16.18,23.1
00-0029682,Brock Osweiler,QB,DEN,2015,10,24,14,3.726,3,-4.295,3,0,0,0.0,0.0,0.0,16,15,9.6,13.23,9.64
00-0029682,Brock Osweiler,QB,DEN,2015,11,27,20,7.3,5,8.951,2,0,0,0.0,0.0,0.0,36,36,18.4,12.65,18.4
00-0029682,Brock Osweiler,QB,DEN,2015,12,42,23,-5.229,3,-7.694,2,0,0,0.0,0.0,0.0,32,35,13.2,16.82,13.2
00-0029682,Brock Osweiler,QB,DEN,2015,13,26,16,-1.632,1,1.314,3,0,0,0.0,0.0,0.0,39,36,8.7,15.26,8.74
00-0029682,Brock Osweiler,QB,DEN,2015,14,51,35,-4.927,5,1.518,3,0,0,0.0,0.0,0.0,21,28,13.3,23.18,13.32
00-0029682,Brock Osweiler,QB,DEN,2015,15,44,21,1.994,2,-10.119,5,0,0,0.0,0.0,0.0,25,19,29.7,22.2,29.74
00-0029682,Brock Osweiler,QB,DEN,2015,16,39,27,6.838,3,5.033,3,0,0,0.0,0.0,0.0,21,23,16.5,17.15,16.46
00-0029682,Brock Osweiler,QB,DEN,2015,17,22,14,-2.961,1,0.229,0,0,0,0.0,0.0,0.0,32,33,7.3,7.46,9.28
00-0029683,Ronnie Hillman,RB,DEN,2015,1,0,0,0.0,0,,12,0,0,0.0,0.0,0.0,25,28,4.1,5.35,4.1
00-0029683,Ronnie Hillman,RB,DEN,2015,2,0,0,0.0,0,,9,1,0,5,0.0222,0.0111,22,22,3.4,8.37,3.4
00-0029683,Ronnie Hillman,RB,DEN,2015,3,0,0,0.0,0,,7,1,1,-6,0.0238,-0.023,19,20,8.6,7.51,8.6
00-0029683,Ronnie Hillman,RB,DEN,2015,4,0,0,0.0,0,,11,1,1,-5,0.037,-0.0212,24,24,17.8,10.5,17.8
00-0029683,Ronnie Hillman,RB,DEN,2015,5,0,0,0.0,0,,7,2,1,11,0.0571,0.0383,18,22,3.6,6.67,3.6
00-0029683,Ronnie Hillman,RB,DEN,2015,6,0,0,0.0,0,,20,5,3,-13,0.1064,-0.0279,33,40,14.5,16.82,14.5
00-0029683,Ronnie Hillman,RB,DEN,2015,8,0,0,0.0,0,,19,2,1,-5,0.069,-0.0165,34,36,18.5,16.73,18.5
00-0029683,Ronnie Hillman,RB,DEN,2015,9,0,0,0.0,0,,7,0,0,0.0,0.0,0.0,14,15,0.1,3.38,0.1
00-0029683,Ronnie Hillman,RB,DEN,2015,10,0,0,0.0,0,,11,4,2,33,0.093,0.0698,16,15,13.1,12.81,13.1
00-0029683,Ronnie Hillman,RB,DEN,2015,11,0,0,0.0,0,,21,1,1,2,0.037,0.0109,36,36,11.4,13.84,11.4
00-0029683,Ronnie Hillman,RB,DEN,2015,12,0,0,0.0,0,,14,1,1,-6,0.0238,-0.0155,32,35,12.9,7.74,12.9
00-0029683,Ronnie Hillman,RB,DEN,2015,13,0,0,0.0,0,,19,1,0,0.0,0.0385,0.0,39,36,5.6,11.59,5.6
00-0029683,Ronnie Hillman,RB,DEN,2015,14,0,0,0.0,0,,12,9,7,-2,0.1765,-0.0067,21,28,13.1,21.7,13.1
00-0029683,Ronnie Hillman,RB,DEN,2015,15,0,0,0.0,0,,14,0,0,0.0,0.0,0.0,25,19,2.8,10.6,2.8
00-0029683,Ronnie Hillman,RB,DEN,2015,16,0,0,0.0,0,,9,4,4,11,0.1026,0.0301,21,23,11.2,10.47,11.2
00-0029683,Ronnie Hillman,RB,DEN,2015,17,0,0,0.0,0,,15,3,2,8,0.0968,0.0215,32,33,20.7,11.49,20.7
00-0029689,Dwayne Allen,TE,IND,2015,1,0,0,0.0,0,,0,6,3,29,0.1224,0.0642,17,14,10.7,10.9,10.7
00-0029689,Dwayne Allen,TE,IND,2015,5,0,0,0.0,0,,0,1,1,3,0.0345,0.0126,30,28,3.1,1.35,3.1
00-0029689,Dwayne Allen,TE,IND,2015,6,0,0,0.0,0,,0,3,3,14,0.0625,0.0301,22,20,5.3,4.87,5.3
00-0029689,Dwayne Allen,TE,IND,2015,7,0,0,0.0,0,,0,1,1,6,0.0233,0.0153,13,16,2.0,1.63,2.0
00-0029689,Dwayne Allen,TE,IND,2015,8,0,0,0.0,0,,0,3,1,31,0.0667,0.0548,35,32,1.4,5.31,1.4
00-0029689,Dwayne Allen,TE,IND,2015,9,0,0,0.0,0,,0,3,0,35,0.0857,0.1367,40,36,0.0,4.39,0.0
00-0029689,Dwayne Allen,TE,IND,2015,11,0,0,0.0,0,,0,1,1,0.0,0.0312,0.0,27,32,1.7,1.37,1.7
00-0029689,Dwayne Allen,TE,IND,2015,12,0,0,0.0,0,,0,4,2,31,0.1026,0.1033,26,28,3.9,6.21,3.9
00-0029689,Dwayne Allen,TE,IND,2015,13,0,0,0.0,0,,0,1,1,5,0.0294,0.0234,18,23,1.6,1.54,1.6
00-0029689,Dwayne Allen,TE,IND,2015,14,0,0,0.0,0,,0,3,2,3,0.0698,0.0081,23,28,1.7,4.37,1.7
00-0029689,Dwayne Allen,TE,IND,2015,15,0,0,0.0,0,,1,2,1,5,0.069,0.0181,19,19,1.6,3.13,1.6
00-0029689,Dwayne Allen,TE,IND,2015,16,0,0,0.0,0,,0,1,0,14,0.0345,0.0725,23,23,0.0,1.5,0.0
00-0029697,Coby Fleener,TE,IND,2015,1,0,0,0.0,0,,0,1,1,5,0.0204,0.0111,17,14,3.5,2.35,3.5
00-0029697,Coby Fleener,TE,IND,2015,3,0,0,0.0,0,,0,6,4,59,0.2,0.198,23,17,9.1,8.87,9.1
00-0029697,Coby Fleener,TE,IND,2015,4,0,0,0.0,0,,0,12,9,93,0.2553,0.2331,24,25,23.3,18.87,23.3
00-0029697,Coby Fleener,TE,IND,2015,5,0,0,0.0,0,,0,3,2,9,0.1034,0.0378,30,28,2.9,6.63,2.9
00-0029697,Coby Fleener,TE,IND,2015,6,0,0,0.0,0,,0,6,3,44,0.125,0.0946,22,20,5.0,8.18,5.0
00-0029697,Coby Fleener,TE,IND,2015,7,0,0,0.0,0,,0,5,3,49,0.1163,0.125,13,16,7.7,7.14,7.7
00-0029697,Coby Fleener,TE,IND,2015,8,0,0,0.0,0,,0,11,7,70,0.2444,0.1237,35,32,17.3,19.35,17.3
00-0029697,Coby Fleener,TE,IND,2015,9,0,0,0.0,0,,0,6,4,48,0.1714,0.1875,40,36,6.2,9.81,6.2
00-0029697,Coby Fleener,TE,IND,2015,11,0,0,0.0,0,,0,5,3,45,0.1562,0.2419,27,32,7.5,7.31,7.5
00-0029697,Coby Fleener,TE,IND,2015,12,0,0,0.0,0,,0,3,3,21,0.0769,0.07,26,28,5.7,4.47,5.7
00-0029697,Coby Fleener,TE,IND,2015,13,0,0,0.0,0,,0,8,4,66,0.2353,0.3084,18,23,6.0,14.5,6.0
00-0029697,Coby Fleener,TE,IND,2015,14,0,0,0.0,0,,0,4,1,51,0.093,0.1378,23,28,1.6,6.87,1.6
00-0029697,Coby Fleener,TE,IND,2015,15,0,0,0.0,0,,0,3,1,27,0.1034,0.0975,19,19,2.2,6.07,2.2
00-0029697,Coby Fleener,TE,IND,2015,16,0,0,0.0,0,,0,4,2,34,0.1379,0.1762,23,23,3.3,5.78,3.3
00-0029697,Coby Fleener,TE,IND,2015,17,0,0,0.0,0,,0,7,7,50,0.1892,0.1761,32,23,21.8,9.66,21.8
00-0029701,Ryan Tannehill,QB,MIA,2015,1,34,22,0.145,3,2.126,3,0,0,0.0,0.0,0.0,18,16,11.7,19.73,13.74
00-0029701,Ryan Tannehill,QB,MIA,2015,2,44,30,13.196,2,9.341,3,0,0,0.0,0.0,0.0,16,20,24.1,19.48,24.06
00-0029701,Ryan Tannehill,QB,MIA,2015,3,49,26,-14.824,2,-5.407,1,0,0,0.0,0.0,0.0,20,22,15.8,24.44,15.78
00-0029701,Ryan Tannehill,QB,MIA,2015,4,44,19,-20.568,3,-14.084,1,0,0,0.0,0.0,0.0,11,10,12.3,20.33,12.32
00-0029701,Ryan Tannehill,QB,MIA,2015,6,29,22,6.95,2,11.336,2,0,0,0.0,0.0,0.0,32,31,16.0,13.92,16.04
00-0029701,Ryan Tannehill,QB,MIA,2015,7,19,18,11.57,4,22.755,1,0,0,0.0,0.0,0.0,35,36,27.6,6.71,27.58
00-0029701,Ryan Tannehill,QB,MIA,2015,8,44,28,-9.715,5,2.811,2,0,0,0.0,0.0,0.0,13,20,7.9,15.28,7.9
00-0029701,Ryan Tannehill,QB,MIA,2015,9,35,26,1.741,2,10.692,2,1,1,3,0.0286,0.0142,24,24,12.5,13.91,14.48
00-0029701,Ryan Tannehill,QB,MIA,2015,10,36,21,1.862,4,-5.248,2,0,0,0.0,0.0,0.0,26,28,16.5,15.53,16.48
00-0029701,Ryan Tannehill,QB,MIA,2015,11,24,13,-5.709,3,-8.717,3,0,0,0.0,0.0,0.0,14,15,14.8,9.79,14.82
00-0029701,Ryan Tannehill,QB,MIA,2015,12,58,33,-0.545,3,-4.936,0,0,0,0.0,0.0,0.0,9,17,22.0,19.8,24.04
00-0029701,Ryan Tannehill,QB,MIA,2015,13,19,9,-5.709,1,-13.975,1,0,0,0.0,0.0,0.0,26,27,8.5,6.76,8.54
00-0029701,Ryan Tannehill,QB,MIA,2015,14,41,25,0.48,1,1.017,4,0,0,0.0,0.0,0.0,22,19,15.8,17.35,15.84
00-0029701,Ryan Tannehill,QB,MIA,2015,15,34,20,1.122,3,1.527,3,0,0,0.0,0.0,0.0,19,21,15.0,14.39,15.04
00-0029701,Ryan Tannehill,QB,MIA,2015,16,38,26,1.481,6,4.772,1,0,0,0.0,0.0,0.0,25,32,14.0,22.38,13.96
00-0029701,Ryan Tannehill,QB,MIA,2015,17,38,25,15.803,1,9.671,3,0,0,0.0,0.0,0.0,34,33,23.7,19.4,23.7
00-0029708,Kendall Wright,WR,TEN,2015,1,0,0,0.0,0,,0,4,4,40,0.2667,0.381,32,27,20.1,6.45,20.1
00-0029708,Kendall Wright,WR,TEN,2015,2,0,0,0.0,0,,0,4,2,64,0.1081,0.1535,30,17,3.7,5.82,3.7
00-0029708,Kendall Wright,WR,TEN,2015,3,0,0,0.0,0,,1,12,7,149,0.2791,0.3498,27,24,23.8,23.26,23.8
00-0029708,Kendall Wright,WR,TEN,2015,5,0,0,0.0,0,,1,6,3,79,0.1875,0.3575,28,20,6.0,9.51,6.0
00-0029708,Kendall Wright,WR,TEN,2015,6,0,0,0.0,0,,0,5,4,28,0.125,0.094,18,14,7.4,8.82,7.4
00-0029708,Kendall Wright,WR,TEN,2015,7,0,0,0.0,0,,0,8,4,129,0.2286,0.4175,16,10,14.6,14.54,14.6
00-0029708,Kendall Wright,WR,TEN,2015,8,0,0,0.0,0,,1,7,4,65,0.2258,0.2902,20,19,6.8,10.97,6.8
00-0029708,Kendall Wright,WR,TEN,2015,12,0,0,0.0,0,,2,7,2,108,0.1944,0.2667,18,17,3.5,12.21,3.5
00-0029708,Kendall Wright,WR,TEN,2015,13,0,0,0.0,0,,0,4,3,29,0.1379,0.1021,35,27,5.8,6.05,5.8
00-0029708,Kendall Wright,WR,TEN,2015,16,0,0,0.0,0,,0,3,3,10,0.0588,0.0253,11,15,4.8,3.84,4.8
00-0029731,Fozzy Whittaker,RB,CAR,2015,1,0,0,0.0,0,,2,2,2,-5,0.0645,-0.0196,35,26,2.5,3.99,2.5
00-0029731,Fozzy Whittaker,RB,CAR,2015,2,0,0,0.0,0,,1,0,0,0.0,0.0,0.0,33,19,0.3,0.49,0.3
00-0029731,Fozzy Whittaker,RB,CAR,2015,3,0,0,0.0,0,,0,1,1,-5,0.0323,-0.0149,30,18,2.4,1.55,2.4
00-0029731,Fozzy Whittaker,RB,CAR,2015,4,0,0,0.0,0,,0,2,1,9,0.0909,0.0395,33,19,2.0,2.36,2.0
00-0029731,Fozzy Whittaker,RB,CAR,2015,6,0,0,0.0,0,,1,2,2,-3,0.0571,-0.007,33,24,4.3,3.05,4.3
00-0029731,Fozzy Whittaker,RB,CAR,2015,7,0,0,0.0,0,,0,1,0,2,0.0417,0.0096,33,25,0.0,1.41,0.0
00-0029731,Fozzy Whittaker,RB,CAR,2015,8,0,0,0.0,0,,1,1,0,-7,0.0286,-0.016,36,26,0.3,2.31,0.3
00-0029731,Fozzy Whittaker,RB,CAR,2015,9,0,0,0.0,0,,2,0,0,0.0,0.0,0.0,36,23,1.3,0.98,1.3
00-0029731,Fozzy Whittaker,RB,CAR,2015,11,0,0,0.0,0,,2,1,1,-6,0.0294,-0.0177,39,25,1.8,2.22,1.8
00-0029731,Fozzy Whittaker,RB,CAR,2015,13,0,0,0.0,0,,1,0,0,0.0,0.0,0.0,34,25,1.1,0.86,1.1
00-0029731,Fozzy Whittaker,RB,CAR,2015,14,0,0,0.0,0,,8,1,1,-10,0.0385,-0.0334,32,20,9.8,5.23,9.8
00-0029731,Fozzy Whittaker,RB,CAR,2015,15,0,0,0.0,0,,2,2,2,-1,0.0465,-0.0019,29,20,3.6,3.77,3.6
00-0029731,Fozzy Whittaker,RB,CAR,2015,16,0,0,0.0,0,,5,2,2,-12,0.0714,-0.0619,20,13,5.8,5.82,5.8
00-0029738,Darren Fells,TE,ARI,2015,1,0,0,0.0,0,,0,5,4,34,0.1562,0.095,25,24,18.2,10.02,18.2
00-0029738,Darren Fells,TE,ARI,2015,3,0,0,0.0,0,,0,2,1,28,0.0645,0.0747,37,37,2.3,3.86,2.3
00-0029738,Darren Fells,TE,ARI,2015,4,0,0,0.0,0,,0,1,1,12,0.0222,0.0298,21,26,2.7,1.91,2.7
00-0029738,Darren Fells,TE,ARI,2015,5,0,0,0.0,0,,0,2,2,22,0.1111,0.0928,25,21,10.5,5.42,10.5
00-0029738,Darren Fells,TE,ARI,2015,6,0,0,0.0,0,,0,2,1,32,0.0455,0.0595,20,22,1.9,3.5,1.9
00-0029738,Darren Fells,TE,ARI,2015,10,0,0,0.0,0,,0,4,3,20,0.0889,0.0382,33,34,5.1,5.58,5.1
00-0029738,Darren Fells,TE,ARI,2015,11,0,0,0.0,0,,0,2,1,23,0.0667,0.0689,25,26,8.8,4.97,8.8
00-0029738,Darren Fells,TE,ARI,2015,13,0,0,0.0,0,,0,1,1,4,0.025,0.0098,36,35,3.2,1.38,3.2
00-0029738,Darren Fells,TE,ARI,2015,14,0,0,0.0,0,,0,4,3,39,0.1143,0.1219,29,32,7.3,6.92,7.3
00-0029738,Darren Fells,TE,ARI,2015,15,0,0,0.0,0,,0,3,3,26,0.0938,0.0515,39,42,8.4,4.69,8.4
00-0029738,Darren Fells,TE,ARI,2015,17,0,0,0.0,0,,0,2,1,8,0.0465,0.0174,13,17,1.7,2.6,1.7
00-0029755,Brian Leonhardt,TE,SF,2015,14,0,0,0.0,0,,0,1,1,2,0.0357,0.0089,17,17,1.4,1.23,1.4
00-0029795,Benny Cunningham,RB,LA,2015,1,0,0,0.0,0,,16,7,4,4,0.2593,0.0154,26,22,16.2,17.35,16.2
00-0029795,Benny Cunningham,RB,LA,2015,2,0,0,0.0,0,,1,6,4,0.0,0.1875,0.0,13,14,6.7,8.13,6.7
00-0029795,Benny Cunningham,RB,LA,2015,3,0,0,0.0,0,,1,2,2,3,0.069,0.014,18,20,5.0,3.56,5.0
00-0029795,Benny Cunningham,RB,LA,2015,4,0,0,0.0,0,,2,2,2,-5,0.0833,-0.0325,26,27,2.4,4.23,2.4
00-0029795,Benny Cunningham,RB,LA,2015,5,0,0,0.0,0,,0,2,2,17,0.069,0.0557,36,34,4.8,2.66,4.8
00-0029795,Benny Cunningham,RB,LA,2015,7,0,0,0.0,0,,4,2,2,-2,0.087,-0.0153,26,29,4.4,4.9,4.4
00-0029795,Benny Cunningham,RB,LA,2015,10,0,0,0.0,0,,0,2,1,-4,0.0541,-0.0127,21,23,1.2,2.61,1.2
00-0029795,Benny Cunningham,RB,LA,2015,11,0,0,0.0,0,,1,2,1,-15,0.0769,-0.0688,29,27,3.0,2.44,3.0
00-0029795,Benny Cunningham,RB,LA,2015,12,0,0,0.0,0,,2,3,1,-4,0.0566,-0.0157,17,21,2.7,4.13,2.7
00-0029795,Benny Cunningham,RB,LA,2015,13,0,0,0.0,0,,0,1,0,0.0,0.0294,0.0,15,13,0.0,1.06,0.0
00-0029795,Benny Cunningham,RB,LA,2015,14,0,0,0.0,0,,3,1,1,1,0.0455,0.0051,29,27,3.2,2.69,3.2
00-0029795,Benny Cunningham,RB,LA,2015,15,0,0,0.0,0,,2,0,0,0.0,0.0,0.0,33,28,0.8,1.32,0.8
00-0029795,Benny Cunningham,RB,LA,2015,16,0,0,0.0,0,,1,3,3,4,0.1304,0.0255,30,28,4.4,5.04,4.4
00-0029795,Benny Cunningham,RB,LA,2015,17,0,0,0.0,0,,4,3,3,9,0.0789,0.0246,33,30,10.2,6.25,10.2
00-0029848,Nick Williams,WR,ATL,2015,1,0,0,0.0,0,,0,1,1,5,0.0294,0.0169,35,33,1.5,1.58,1.5
00-0029848,Nick Williams,WR,ATL,2015,2,0,0,0.0,0,,0,1,1,0.0,0.0217,0.0,22,27,2.2,1.28,2.2
00-0029848,Nick Williams,WR,ATL,2015,3,0,0,0.0,0,,0,1,1,3,0.0286,0.0115,32,36,1.6,1.39,1.6
00-0029848,Nick Williams,WR,ATL,2015,4,0,0,0.0,0,,0,1,1,6,0.037,0.0451,35,39,1.8,1.67,1.8
00-0029848,Nick Williams,WR,ATL,2015,5,0,0,0.0,0,,0,4,1,49,0.0952,0.1184,32,36,2.3,7.31,2.3
00-0029848,Nick Williams,WR,ATL,2015,6,0,0,0.0,0,,0,1,1,7,0.0233,0.0223,21,28,2.1,1.47,2.1
00-0029848,Nick Williams,WR,ATL,2015,7,0,0,0.0,0,,0,5,3,37,0.1316,0.1229,31,32,7.3,7.42,7.3
00-0029848,Nick Williams,WR,ATL,2015,9,0,0,0.0,0,,0,1,0,6,0.0222,0.0192,14,21,0.0,1.41,0.0
00-0029848,Nick Williams,WR,ATL,2015,12,0,0,0.0,0,,0,4,3,27,0.129,0.0897,24,24,10.6,8.2,10.6
00-0029848,Nick Williams,WR,ATL,2015,13,0,0,0.0,0,,0,2,1,12,0.0455,0.0368,18,30,7.5,4.79,7.5
00-0029848,Nick Williams,WR,ATL,2015,14,0,0,0.0,0,,0,4,4,-10,0.0976,-0.038,16,20,8.0,5.03,8.0
00-0029854,C.J. Anderson,RB,DEN,2015,1,0,0,0.0,0,,12,8,4,16,0.2,0.0556,25,28,8.8,17.08,8.8
00-0029854,C.J. Anderson,RB,DEN,2015,2,0,0,0.0,0,,12,1,1,1,0.0222,0.0022,22,22,3.9,6.23,3.9
00-0029854,C.J. Anderson,RB,DEN,2015,3,0,0,0.0,0,,8,1,1,0.0,0.0238,0.0,19,20,3.7,5.57,3.7
00-0029854,C.J. Anderson,RB,DEN,2015,4,0,0,0.0,0,,11,1,1,19,0.037,0.0805,24,24,8.0,7.75,8.0
00-0029854,C.J. Anderson,RB,DEN,2015,5,0,0,0.0,0,,11,2,2,0.0,0.0571,0.0,18,22,6.0,10.73,6.0
00-0029854,C.J. Anderson,RB,DEN,2015,6,0,0,0.0,0,,13,4,4,2,0.0851,0.0043,33,40,10.6,13.64,10.6
00-0029854,C.J. Anderson,RB,DEN,2015,8,0,0,0.0,0,,14,1,1,2,0.0345,0.0066,34,36,17.6,8.28,17.6
00-0029854,C.J. Anderson,RB,DEN,2015,9,0,0,0.0,0,,7,2,1,8,0.0556,0.0206,14,15,4.8,6.3,4.8
00-0029854,C.J. Anderson,RB,DEN,2015,10,0,0,0.0,0,,2,1,0,0.0,0.0233,0.0,16,15,0.9,2.43,0.9
00-0029854,C.J. Anderson,RB,DEN,2015,11,0,0,0.0,0,,12,2,2,-1,0.0741,-0.0055,36,36,9.2,8.84,9.2
00-0029854,C.J. Anderson,RB,DEN,2015,12,0,0,0.0,0,,15,4,4,7,0.0952,0.018,32,35,31.3,13.11,31.3
00-0029854,C.J. Anderson,RB,DEN,2015,13,0,0,0.0,0,,7,1,1,2,0.0385,0.0078,39,36,6.4,4.9,6.4
00-0029854,C.J. Anderson,RB,DEN,2015,15,0,0,0.0,0,,4,3,1,6,0.0682,0.0116,25,19,3.0,6.18,3.0
00-0029854,C.J. Anderson,RB,DEN,2015,16,0,0,0.0,0,,9,2,1,-3,0.0513,-0.0082,21,23,13.1,6.79,13.1
00-0029854,C.J. Anderson,RB,DEN,2015,17,0,0,0.0,0,,15,3,1,-8,0.0968,-0.0215,32,33,14.0,16.35,14.0
00-0029878,MarQueis Gray,TE,BUF,2015,4,0,0,0.0,0,,0,1,1,-1,0.0238,-0.0025,24,24,1.2,1.47,1.2
00-0029910,Timothy Wright,TE,DET,2015,4,0,0,0.0,0,,0,2,1,26,0.0571,0.107,18,24,3.6,2.42,3.6
00-0029910,Timothy Wright,TE,DET,2015,5,0,0,0.0,0,,0,5,3,38,0.0735,0.0735,18,28,4.2,7.4,4.2
00-0029910,Timothy Wright,TE,DET,2015,6,0,0,0.0,0,,0,6,3,52,0.15,0.1417,32,30,10.7,11.01,10.7
00-0029910,Timothy Wright,TE,DET,2015,7,0,0,0.0,0,,0,1,1,1,0.0385,0.0048,17,20,2.3,1.0,2.3
00-0029910,Timothy Wright,TE,DET,2015,15,0,0,0.0,0,,0,1,0,1,0.04,0.012,23,25,0.0,4.22,0.0
00-0029910,Timothy Wright,TE,DET,2015,17,0,0,0.0,0,,0,1,1,9,0.0256,0.0285,21,22,7.9,3.48,7.9
00-0030000,Kenbrell Thompkins,WR,NYJ,2015,8,0,0,0.0,0,,0,7,6,42,0.1489,0.1032,21,22,10.1,9.28,10.1
00-0030000,Kenbrell Thompkins,WR,NYJ,2015,9,0,0,0.0,0,,0,4,4,33,0.1176,0.1486,28,28,8.5,5.85,8.5
00-0030000,Kenbrell Thompkins,WR,NYJ,2015,10,0,0,0.0,0,,0,4,1,59,0.1176,0.1468,24,23,1.2,4.63,1.2
00-0030000,Kenbrell Thompkins,WR,NYJ,2015,15,0,0,0.0,0,,0,5,2,57,0.1282,0.1833,26,30,7.0,6.9,7.0
00-0030000,Kenbrell Thompkins,WR,NYJ,2015,16,0,0,0.0,0,,0,9,4,113,0.225,0.2622,27,34,6.7,14.36,6.7
00-0030000,Kenbrell Thompkins,WR,NYJ,2015,17,0,0,0.0,0,,0,4,0,111,0.1111,0.2694,17,17,0.0,5.09,0.0
00-0030035,Adam Thielen,WR,MIN,2015,3,0,0,0.0,0,,0,4,2,23,0.1667,0.1168,31,31,3.6,5.72,3.6
00-0030035,Adam Thielen,WR,MIN,2015,4,0,0,0.0,0,,0,8,6,98,0.1951,0.2874,21,23,13.0,11.63,13.0
00-0030035,Adam Thielen,WR,MIN,2015,7,0,0,0.0,0,,0,2,1,23,0.0588,0.0824,35,34,4.0,3.2,4.0
00-0030035,Adam Thielen,WR,MIN,2015,10,0,0,0.0,0,,1,0,0,0.0,0.0,0.0,33,34,1.4,0.84,1.4
00-0030035,Adam Thielen,WR,MIN,2015,11,0,0,0.0,0,,0,1,0,8,0.027,0.0279,18,18,0.0,1.53,0.0
00-0030035,Adam Thielen,WR,MIN,2015,14,0,0,0.0,0,,0,1,1,7,0.0303,0.0321,24,27,1.7,1.5,1.7
00-0030035,Adam Thielen,WR,MIN,2015,15,0,0,0.0,0,,1,0,0,0.0,0.0,0.0,36,35,0.8,0.65,0.8
00-0030035,Adam Thielen,WR,MIN,2015,16,0,0,0.0,0,,0,1,1,5,0.04,0.0262,40,37,1.5,1.34,1.5
00-0030035,Adam Thielen,WR,MIN,2015,17,0,0,0.0,0,,2,1,1,10,0.0588,0.0585,27,27,9.3,3.03,9.3
00-0030039,Kendall Gaskins,RB,SF,2015,8,0,0,0.0,0,,5,3,2,-4,0.0732,-0.0148,21,19,4.3,6.21,4.3
00-0030039,Kendall Gaskins,RB,SF,2015,9,0,0,0.0,0,,7,0,0,0.0,0.0,0.0,38,31,2.0,2.85,2.0
00-0030039,Kendall Gaskins,RB,SF,2015,15,0,0,0.0,0,,2,7,6,15,0.14,0.0515,17,24,11.2,13.41,11.2
00-0030039,Kendall Gaskins,RB,SF,2015,16,0,0,0.0,0,,2,0,0,0.0,0.0,0.0,23,28,1.2,0.91,1.2
00-0030047,Marquess Wilson,WR,CHI,2015,1,0,0,0.0,0,,0,2,2,20,0.0571,0.0714,33,34,7.9,2.81,7.9
00-0030047,Marquess Wilson,WR,CHI,2015,2,0,0,0.0,0,,0,5,1,45,0.1562,0.2045,28,27,2.0,7.22,2.0
00-0030047,Marquess Wilson,WR,CHI,2015,3,0,0,0.0,0,,0,2,0,15,0.1176,0.1111,27,25,0.0,2.35,0.0
00-0030047,Marquess Wilson,WR,CHI,2015,4,0,0,0.0,0,,0,9,6,78,0.2093,0.291,29,32,14.0,12.83,14.0
00-0030047,Marquess Wilson,WR,CHI,2015,5,0,0,0.0,0,,0,8,6,104,0.1778,0.3032,26,28,20.5,12.29,20.5
00-0030047,Marquess Wilson,WR,CHI,2015,6,0,0,0.0,0,,0,4,2,82,0.0976,0.2343,31,33,7.4,6.91,7.4
00-0030047,Marquess Wilson,WR,CHI,2015,8,0,0,0.0,0,,0,3,1,82,0.0909,0.2433,25,26,2.4,5.08,2.4
00-0030047,Marquess Wilson,WR,CHI,2015,9,0,0,0.0,0,,0,3,1,76,0.0789,0.1784,29,29,2.5,5.06,2.5
00-0030047,Marquess Wilson,WR,CHI,2015,10,0,0,0.0,0,,0,3,1,28,0.125,0.2857,37,41,1.1,4.67,1.1
00-0030047,Marquess Wilson,WR,CHI,2015,11,0,0,0.0,0,,0,7,4,99,0.2188,0.3084,25,25,14.2,12.66,14.2
00-0030047,Marquess Wilson,WR,CHI,2015,12,0,0,0.0,0,,0,5,4,40,0.1613,0.2073,31,29,8.4,7.03,8.4
00-0030049,Chris Gragg,TE,BUF,2015,4,0,0,0.0,0,,0,1,1,12,0.0238,0.0299,24,24,2.5,1.67,2.5
00-0030049,Chris Gragg,TE,BUF,2015,6,0,0,0.0,0,,0,5,5,45,0.125,0.1223,23,21,10.4,7.31,10.4
00-0030049,Chris Gragg,TE,BUF,2015,7,0,0,0.0,0,,0,7,2,110,0.1667,0.2981,28,23,5.5,13.86,5.5
00-0030049,Chris Gragg,TE,BUF,2015,11,0,0,0.0,0,,0,1,0,5,0.0278,0.0127,30,32,0.0,1.34,0.0
00-0030049,Chris Gragg,TE,BUF,2015,14,0,0,0.0,0,,0,2,1,4,0.0556,0.009,32,28,2.1,2.51,2.1
00-0030049,Chris Gragg,TE,BUF,2015,15,0,0,0.0,0,,0,1,1,3,0.037,0.0096,31,23,2.6,1.31,2.6
00-0030049,Chris Gragg,TE,BUF,2015,16,0,0,0.0,0,,0,3,2,7,0.1667,0.0326,40,30,3.9,4.04,3.9
00-0030061,Zach Ertz,TE,PHI,2015,1,0,0,0.0,0,,0,8,3,86,0.1538,0.306,16,30,7.6,13.67,7.6
00-0030061,Zach Ertz,TE,PHI,2015,2,0,0,0.0,0,,0,7,3,46,0.1892,0.216,17,24,4.7,13.11,4.7
00-0030061,Zach Ertz,TE,PHI,2015,3,0,0,0.0,0,,0,2,2,17,0.0714,0.103,38,41,5.0,3.17,5.0
00-0030061,Zach Ertz,TE,PHI,2015,4,0,0,0.0,0,,0,3,2,22,0.1071,0.0582,18,19,3.1,5.74,3.1
00-0030061,Zach Ertz,TE,PHI,2015,5,0,0,0.0,0,,0,7,5,89,0.1556,0.2493,34,44,11.0,12.21,11.0
00-0030061,Zach Ertz,TE,PHI,2015,6,0,0,0.0,0,,0,7,4,83,0.1892,0.2156,37,37,8.3,13.41,8.3
00-0030061,Zach Ertz,TE,PHI,2015,7,0,0,0.0,0,,0,8,5,115,0.1739,0.53,30,37,11.3,12.65,11.3
00-0030061,Zach Ertz,TE,PHI,2015,9,0,0,0.0,0,,0,6,5,33,0.1667,0.1886,35,42,9.4,8.23,9.4
00-0030061,Zach Ertz,TE,PHI,2015,10,0,0,0.0,0,,0,10,7,89,0.2083,0.2908,35,45,13.8,15.14,13.8
00-0030061,Zach Ertz,TE,PHI,2015,11,0,0,0.0,0,,0,4,2,31,0.0976,0.1658,28,33,3.2,5.54,3.2
00-0030061,Zach Ertz,TE,PHI,2015,13,0,0,0.0,0,,0,4,2,23,0.1667,0.1742,33,38,8.9,8.28,8.9
00-0030061,Zach Ertz,TE,PHI,2015,14,0,0,0.0,0,,0,7,5,59,0.1892,0.1582,34,37,14.8,10.92,14.8
00-0030061,Zach Ertz,TE,PHI,2015,15,0,0,0.0,0,,0,13,8,76,0.3171,0.2269,20,23,21.8,20.84,21.8
00-0030061,Zach Ertz,TE,PHI,2015,16,0,0,0.0,0,,0,17,13,98,0.3091,0.2979,16,27,23.2,25.23,23.2
00-0030061,Zach Ertz,TE,PHI,2015,17,0,0,0.0,0,,0,9,9,81,0.2368,0.3932,26,33,24.2,14.83,24.2
00-0030068,Marquise Goodwin,WR,BUF,2015,5,0,0,0.0,0,,0,2,2,22,0.1111,0.1341,28,21,4.4,3.14,4.4
00-0030085,Kenny Stills,WR,MIA,2015,1,0,0,0.0,0,,0,3,1,43,0.0882,0.1564,18,16,2.2,4.53,2.2
00-0030085,Kenny Stills,WR,MIA,2015,2,0,0,0.0,0,,0,4,2,47,0.093,0.1221,16,20,2.8,6.12,2.8
00-0030085,Kenny Stills,WR,MIA,2015,3,0,0,0.0,0,,0,1,0,36,0.0204,0.0835,20,22,0.0,1.45,0.0
00-0030085,Kenny Stills,WR,MIA,2015,4,0,0,0.0,0,,0,8,5,120,0.1818,0.2985,11,10,19.1,11.64,19.1
00-0030085,Kenny Stills,WR,MIA,2015,6,0,0,0.0,0,,0,2,2,35,0.069,0.1542,32,31,6.6,3.07,6.6
00-0030085,Kenny Stills,WR,MIA,2015,8,0,0,0.0,0,,0,7,3,134,0.1628,0.3213,13,20,8.8,11.85,8.8
00-0030085,Kenny Stills,WR,MIA,2015,9,0,0,0.0,0,,0,5,3,97,0.1429,0.4597,24,24,10.4,8.43,10.4
00-0030085,Kenny Stills,WR,MIA,2015,10,0,0,0.0,0,,0,4,0,76,0.1111,0.2695,26,28,0.0,7.43,0.0
00-0030085,Kenny Stills,WR,MIA,2015,11,0,0,0.0,0,,0,2,2,47,0.087,0.2196,14,15,13.2,4.03,13.2
00-0030085,Kenny Stills,WR,MIA,2015,12,0,0,0.0,0,,0,10,2,146,0.1724,0.2967,9,17,3.2,14.56,3.2
00-0030085,Kenny Stills,WR,MIA,2015,13,0,0,0.0,0,,0,1,0,8,0.0526,0.044,26,27,0.0,1.33,0.0
00-0030085,Kenny Stills,WR,MIA,2015,14,0,0,0.0,0,,0,3,2,75,0.0732,0.1586,22,19,12.9,5.53,12.9
00-0030085,Kenny Stills,WR,MIA,2015,15,0,0,0.0,0,,0,6,1,94,0.1935,0.3092,19,21,3.3,8.3,3.3
00-0030085,Kenny Stills,WR,MIA,2015,16,0,0,0.0,0,,0,3,3,3,0.0789,0.0102,25,32,4.4,4.02,4.4
00-0030085,Kenny Stills,WR,MIA,2015,17,0,0,0.0,0,,0,4,1,80,0.1053,0.1562,34,33,2.1,6.6,2.1
00-0030089,Luke Willson,TE,SEA,2015,1,0,0,0.0,0,,0,1,0,7,0.0244,0.04,32,29,0.0,2.98,0.0
00-0030089,Luke Willson,TE,SEA,2015,2,0,0,0.0,0,,0,4,2,65,0.1379,0.2218,25,20,5.6,7.64,5.6
00-0030089,Luke Willson,TE,SEA,2015,4,0,0,0.0,0,,0,3,2,26,0.1154,0.1347,31,23,3.5,5.03,3.5
00-0030089,Luke Willson,TE,SEA,2015,5,0,0,0.0,0,,0,3,2,20,0.1364,0.0712,30,30,3.7,4.82,3.7
00-0030089,Luke Willson,TE,SEA,2015,6,0,0,0.0,0,,0,1,1,8,0.0333,0.0218,26,21,2.6,1.64,2.6
00-0030089,Luke Willson,TE,SEA,2015,8,0,0,0.0,0,,0,2,2,25,0.069,0.0996,31,28,12.1,3.35,12.1
00-0030089,Luke Willson,TE,SEA,2015,10,0,0,0.0,0,,0,1,0,1,0.037,0.003,18,11,0.0,0.92,0.0
00-0030089,Luke Willson,TE,SEA,2015,11,0,0,0.0,0,,0,2,2,8,0.0741,0.0497,44,39,3.5,2.74,3.5
00-0030089,Luke Willson,TE,SEA,2015,12,0,0,0.0,0,,0,1,1,8,0.0345,0.0338,27,24,2.2,1.74,2.2
00-0030089,Luke Willson,TE,SEA,2015,13,0,0,0.0,0,,0,3,2,15,0.1071,0.0708,36,28,5.6,4.72,5.6
00-0030089,Luke Willson,TE,SEA,2015,14,0,0,0.0,0,,0,2,1,5,0.0606,0.0175,36,32,1.8,5.07,1.8
00-0030089,Luke Willson,TE,SEA,2015,15,0,0,0.0,0,,0,2,2,16,0.069,0.0556,36,27,3.7,2.56,3.7
00-0030089,Luke Willson,TE,SEA,2015,16,0,0,0.0,0,,0,1,0,7,0.025,0.0207,22,22,0.0,0.85,0.0
00-0030095,Corey Fuller,WR,DET,2015,5,0,0,0.0,0,,0,4,2,105,0.0588,0.2031,18,28,7.6,6.76,7.6
00-0030095,Corey Fuller,WR,DET,2015,6,0,0,0.0,0,,0,1,1,5,0.025,0.0136,32,30,1.5,0.87,1.5
00-0030095,Corey Fuller,WR,DET,2015,8,0,0,0.0,0,,0,2,0,19,0.0526,0.0696,14,19,0.0,2.93,0.0
00-0030095,Corey Fuller,WR,DET,2015,13,0,0,0.0,0,,0,2,1,14,0.0588,0.0522,25,29,2.5,2.66,2.5
00-0030107,Theo Riddick,RB,DET,2015,1,0,0,0.0,0,,0,2,2,9,0.0714,0.0443,16,23,11.7,3.07,11.7
00-0030107,Theo Riddick,RB,DET,2015,2,0,0,0.0,0,,1,6,5,13,0.1154,0.0404,16,19,7.6,9.13,7.6
00-0030107,Theo Riddick,RB,DET,2015,3,0,0,0.0,0,,0,10,8,15,0.2222,0.0691,19,29,14.6,13.64,14.6
00-0030107,Theo Riddick,RB,DET,2015,4,0,0,0.0,0,,1,5,5,0.0,0.1429,0.0,18,24,8.6,6.98,8.6
00-0030107,Theo Riddick,RB,DET,2015,5,0,0,0.0,0,,0,13,10,28,0.1912,0.0542,18,28,21.3,21.17,21.3
00-0030107,Theo Riddick,RB,DET,2015,6,0,0,0.0,0,,7,6,3,2,0.15,0.0054,32,30,10.8,12.87,10.8
00-0030107,Theo Riddick,RB,DET,2015,7,0,0,0.0,0,,3,4,3,-2,0.1538,-0.0096,17,20,7.8,10.11,7.8
00-0030107,Theo Riddick,RB,DET,2015,8,0,0,0.0,0,,5,7,6,-16,0.1842,-0.0586,14,19,10.7,12.41,10.7
00-0030107,Theo Riddick,RB,DET,2015,10,0,0,0.0,0,,3,3,3,2,0.0789,0.0099,26,28,5.6,5.52,5.6
00-0030107,Theo Riddick,RB,DET,2015,11,0,0,0.0,0,,6,6,5,0.0,0.1765,0.0,31,31,13.6,12.01,13.6
00-0030107,Theo Riddick,RB,DET,2015,12,0,0,0.0,0,,2,5,5,27,0.1316,0.0951,30,36,17.8,11.82,17.8
00-0030107,Theo Riddick,RB,DET,2015,13,0,0,0.0,0,,1,6,5,-4,0.1765,-0.0149,25,29,8.1,9.98,8.1
00-0030107,Theo Riddick,RB,DET,2015,14,0,0,0.0,0,,3,11,7,-10,0.2444,-0.0578,20,28,13.2,16.18,13.2
00-0030107,Theo Riddick,RB,DET,2015,15,0,0,0.0,0,,2,2,2,5,0.08,0.0602,23,25,5.0,5.44,5.0
00-0030107,Theo Riddick,RB,DET,2015,16,0,0,0.0,0,,7,8,7,-3,0.2162,-0.0146,28,35,15.3,16.63,15.3
00-0030107,Theo Riddick,RB,DET,2015,17,0,0,0.0,0,,2,5,4,8,0.1282,0.0253,21,22,7.3,8.38,7.3
00-0030108,Ryan Griffin,TE,HOU,2015,1,0,0,0.0,0,,0,4,1,32,0.087,0.066,21,23,2.8,5.83,2.8
00-0030108,Ryan Griffin,TE,HOU,2015,10,0,0,0.0,0,,0,6,3,48,0.1818,0.1341,25,24,6.6,8.32,6.6
00-0030108,Ryan Griffin,TE,HOU,2015,11,0,0,0.0,0,,0,2,2,0.0,0.0588,0.0,37,35,2.6,2.94,2.6
00-0030108,Ryan Griffin,TE,HOU,2015,12,0,0,0.0,0,,0,5,4,31,0.1852,0.1771,38,36,17.2,8.44,17.2
00-0030108,Ryan Griffin,TE,HOU,2015,13,0,0,0.0,0,,0,5,3,36,0.1163,0.071,26,26,11.9,7.65,11.9
00-0030108,Ryan Griffin,TE,HOU,2015,14,0,0,0.0,0,,0,6,1,82,0.25,0.2733,22,23,3.0,9.38,3.0
00-0030108,Ryan Griffin,TE,HOU,2015,15,0,0,0.0,0,,0,2,2,23,0.0741,0.0987,37,32,5.0,3.17,5.0
00-0030108,Ryan Griffin,TE,HOU,2015,16,0,0,0.0,0,,0,1,1,10,0.0385,0.0351,42,36,2.3,1.44,2.3
00-0030108,Ryan Griffin,TE,HOU,2015,17,0,0,0.0,0,,0,3,3,24,0.0732,0.0816,31,37,5.7,4.91,5.7
00-0030110,Michael Williams,TE,NE,2015,2,0,0,0.0,0,,0,1,1,4,0.0169,0.008,15,18,2.5,1.61,2.5
00-0030110,Michael Williams,TE,NE,2015,7,0,0,0.0,0,,0,2,1,6,0.037,0.0157,9,8,1.4,3.0,1.4
00-0030110,Michael Williams,TE,NE,2015,10,0,0,0.0,0,,0,1,0,8,0.0244,0.0183,23,24,0.0,1.61,0.0
00-0030110,Michael Williams,TE,NE,2015,15,0,0,0.0,0,,0,1,1,5,0.0294,0.025,26,20,1.7,1.5,1.7
00-0030110,Michael Williams,TE,NE,2015,16,0,0,0.0,0,,0,1,0,8,0.0323,0.0352,22,28,0.0,1.42,0.0
00-0030113,Charles D. Johnson,WR,MIN,2015,1,0,0,0.0,0,,0,3,2,41,0.0968,0.1486,17,22,4.7,4.96,4.7
00-0030113,Charles D. Johnson,WR,MIN,2015,2,0,0,0.0,0,,0,3,3,8,0.1667,0.0952,42,36,4.0,4.06,4.0
00-0030113,Charles D. Johnson,WR,MIN,2015,3,0,0,0.0,0,,0,2,1,32,0.0833,0.1624,31,31,1.9,3.94,1.9
00-0030113,Charles D. Johnson,WR,MIN,2015,7,0,0,0.0,0,,0,2,1,21,0.0588,0.0753,35,34,3.1,3.28,3.1
00-0030113,Charles D. Johnson,WR,MIN,2015,8,0,0,0.0,0,,0,1,1,32,0.0345,0.1379,25,28,4.5,1.44,4.5
00-0030113,Charles D. Johnson,WR,MIN,2015,9,0,0,0.0,0,,0,2,1,20,0.0741,0.0806,35,35,3.5,2.99,3.5
00-0030117,Kerwynn Williams,RB,ARI,2015,2,0,0,0.0,0,,1,0,0,0.0,0.0,0.0,28,27,0.3,0.68,0.3
00-0030117,Kerwynn Williams,RB,ARI,2015,13,0,0,0.0,0,,6,0,0,0.0,0.0,0.0,36,35,11.9,2.79,11.9
00-0030117,Kerwynn Williams,RB,ARI,2015,14,0,0,0.0,0,,6,0,0,0.0,0.0,0.0,29,32,0.2,2.4,0.2
00-0030117,Kerwynn Williams,RB,ARI,2015,15,0,0,0.0,0,,6,1,1,5,0.0312,0.0099,39,42,5.6,5.36,5.6
00-0030117,Kerwynn Williams,RB,ARI,2015,16,0,0,0.0,0,,8,1,1,4,0.037,0.0183,26,29,3.8,4.53,3.8
00-0030120,B.J. Daniels,WR,SEA,2015,4,0,0,0.0,0,,0,1,1,5,0.0385,0.0259,31,23,2.2,1.56,2.2
00-0030120,B.J. Daniels,WR,SEA,2015,13,0,0,0.0,0,,0,1,1,6,0.0357,0.0283,36,28,1.6,1.54,1.6
00-0030120,B.J. Daniels,WR,HOU,2015,16,2,1,0.194,0,-7.882,6,0,0,0.0,0.0,0.0,42,36,0.9,2.05,0.88
00-0030147,Russell Shepard,WR,TB,2015,1,0,0,0.0,0,,0,1,1,6,0.0303,0.0232,26,23,1.6,1.27,1.6
00-0030147,Russell Shepard,WR,TB,2015,3,0,0,0.0,0,,0,1,0,-1,0.0294,-0.0022,20,22,0.0,0.9,0.0
00-0030147,Russell Shepard,WR,TB,2015,10,0,0,0.0,0,,0,2,0,62,0.0526,0.1452,26,29,0.0,3.03,0.0
00-0030147,Russell Shepard,WR,TB,2015,11,0,0,0.0,0,,0,1,1,4,0.0357,0.0138,42,41,7.4,3.02,7.4
00-0030147,Russell Shepard,WR,TB,2015,15,0,0,0.0,0,,0,2,0,26,0.0408,0.0495,27,29,0.0,4.8,0.0
00-0030147,Russell Shepard,WR,TB,2015,16,0,0,0.0,0,,0,1,1,17,0.0357,0.0411,25,25,2.8,2.07,2.8
00-0030147,Russell Shepard,WR,TB,2015,17,0,0,0.0,0,,0,1,0,21,0.0213,0.0625,22,35,0.0,2.03,0.0
00-0030155,Demetrius Harris,TE,KC,2015,3,0,0,0.0,0,,0,1,0,6,0.025,0.0238,18,16,0.0,1.68,0.0
00-0030155,Demetrius Harris,TE,KC,2015,6,0,0,0.0,0,,0,2,2,14,0.0541,0.0413,18,16,3.5,3.1,3.5
00-0030155,Demetrius Harris,TE,KC,2015,8,0,0,0.0,0,,0,1,0,1,0.0357,0.0143,32,30,0.0,1.67,0.0
00-0030155,Demetrius Harris,TE,KC,2015,11,0,0,0.0,0,,0,2,2,14,0.08,0.0946,31,25,4.6,3.27,4.6
00-0030155,Demetrius Harris,TE,KC,2015,14,0,0,0.0,0,,0,2,2,9,0.087,0.0385,25,19,3.8,2.93,3.8
00-0030155,Demetrius Harris,TE,KC,2015,17,0,0,0.0,0,,0,3,1,37,0.1304,0.1568,39,30,8.5,7.38,8.5
00-0030162,Rico Richardson,WR,TEN,2015,8,0,0,0.0,0,,0,2,0,30,0.0645,0.1339,20,19,0.0,2.74,0.0
00-0030162,Rico Richardson,WR,TEN,2015,10,0,0,0.0,0,,0,1,0,32,0.0417,0.1495,21,14,0.0,1.35,0.0
00-0030162,Rico Richardson,WR,TEN,2015,11,0,0,0.0,0,,0,2,0,44,0.0606,0.1226,26,22,0.0,2.67,0.0
00-0030181,Jack Doyle,TE,IND,2015,3,0,0,0.0,0,,0,3,3,2,0.1,0.0067,23,17,6.2,4.4,6.2
00-0030181,Jack Doyle,TE,IND,2015,5,0,0,0.0,0,,0,2,1,4,0.069,0.0168,30,28,1.0,4.71,1.0
00-0030181,Jack Doyle,TE,IND,2015,6,0,0,0.0,0,,0,2,2,1,0.0417,0.0022,22,20,2.7,2.98,2.7
00-0030181,Jack Doyle,TE,IND,2015,9,0,0,0.0,0,,0,2,2,11,0.0571,0.043,40,36,9.8,5.49,9.8
00-0030181,Jack Doyle,TE,IND,2015,12,0,0,0.0,0,,0,1,1,0.0,0.0256,0.0,26,28,1.5,1.09,1.5
00-0030181,Jack Doyle,TE,IND,2015,16,0,0,0.0,0,,0,3,2,1,0.1034,0.0052,23,23,2.7,4.22,2.7
00-0030181,Jack Doyle,TE,IND,2015,17,0,0,0.0,0,,0,1,1,3,0.027,0.0106,32,23,1.3,1.44,1.3
00-0030187,Rashad Ross,WR,WAS,2015,3,0,0,0.0,0,,0,2,2,24,0.0408,0.0513,20,27,10.7,2.93,4.7
00-0030187,Rashad Ross,WR,WAS,2015,4,0,0,0.0,0,,0,3,1,92,0.0652,0.293,32,34,5.3,4.95,5.3
00-0030187,Rashad Ross,WR,WAS,2015,6,0,0,0.0,0,,0,3,1,66,0.0682,0.176,17,23,8.6,3.25,2.6
00-0030187,Rashad Ross,WR,WAS,2015,14,0,0,0.0,0,,0,2,2,17,0.0645,0.0742,33,32,4.7,2.21,4.7
00-0030187,Rashad Ross,WR,WAS,2015,17,0,0,0.0,0,,0,3,2,62,0.1154,0.3298,36,34,15.1,4.42,15.1
00-0030216,Josh Hill,TE,NO,2015,2,0,0,0.0,0,,0,4,1,26,0.1053,0.0679,27,29,1.2,6.15,1.2
00-0030216,Josh Hill,TE,NO,2015,3,0,0,0.0,0,,0,1,1,-2,0.0263,-0.0074,24,31,2.0,1.35,2.0
00-0030216,Josh Hill,TE,NO,2015,4,0,0,0.0,0,,0,2,2,2,0.0488,0.0114,25,38,9.1,5.08,9.1
00-0030216,Josh Hill,TE,NO,2015,5,0,0,0.0,0,,0,1,0,5,0.0233,0.0117,21,27,0.0,1.52,0.0
00-0030216,Josh Hill,TE,NO,2015,6,0,0,0.0,0,,0,5,3,32,0.1282,0.1435,32,39,6.8,11.37,6.8
00-0030216,Josh Hill,TE,NO,2015,7,0,0,0.0,0,,0,1,0,15,0.0227,0.043,36,41,0.0,2.07,0.0
00-0030216,Josh Hill,TE,NO,2015,8,0,0,0.0,0,,0,2,1,9,0.04,0.0205,26,32,1.5,3.23,1.5
00-0030216,Josh Hill,TE,NO,2015,9,0,0,0.0,0,,0,2,2,1,0.0513,0.0024,27,29,10.1,3.86,10.1
00-0030216,Josh Hill,TE,NO,2015,12,0,0,0.0,0,,0,1,0,16,0.0233,0.0557,10,18,0.0,3.05,0.0
00-0030216,Josh Hill,TE,NO,2015,13,0,0,0.0,0,,0,3,2,5,0.0732,0.0134,14,18,3.1,4.48,3.1
00-0030216,Josh Hill,TE,NO,2015,14,0,0,0.0,0,,0,2,1,4,0.0488,0.0141,35,36,1.6,3.89,1.6
00-0030216,Josh Hill,TE,NO,2015,16,0,0,0.0,0,,0,3,2,21,0.0857,0.0556,35,34,3.2,7.31,3.2
00-0030216,Josh Hill,TE,NO,2015,17,0,0,0.0,0,,0,3,1,11,0.0698,0.0284,22,30,1.4,6.38,1.4
00-0030247,George Winn,RB,DET,2015,7,0,0,0.0,0,,1,0,0,0.0,0.0,0.0,17,20,0.0,2.88,0.0
00-0030247,George Winn,RB,DET,2015,12,0,0,0.0,0,,3,0,0,0.0,0.0,0.0,30,36,0.1,1.06,0.1
00-0030248,Cierre Wood,RB,BUF,2015,4,0,0,0.0,0,,0,1,1,-6,0.0238,-0.015,24,24,0.4,1.31,0.4
00-0030248,Cierre Wood,RB,BUF,2015,5,0,0,0.0,0,,2,0,0,0.0,0.0,0.0,28,21,0.3,1.13,0.3
00-0030272,Jake Stoneburner,TE,MIA,2015,2,0,0,0.0,0,,0,2,2,13,0.0465,0.0338,16,20,9.8,5.43,9.8
00-0030272,Jake Stoneburner,TE,MIA,2015,3,0,0,0.0,0,,0,1,1,9,0.0204,0.0209,20,22,2.3,1.64,2.3
00-0030272,Jake Stoneburner,TE,MIA,2015,4,0,0,0.0,0,,0,2,2,9,0.0455,0.0224,11,10,9.6,3.98,9.6
00-0030274,Myles White,WR,NYG,2015,5,0,0,0.0,0,,0,4,0,72,0.0755,0.213,21,31,0.0,8.2,0.0
00-0030274,Myles White,WR,NYG,2015,6,0,0,0.0,0,,0,1,0,21,0.0278,0.1005,23,26,0.0,1.58,0.0
00-0030274,Myles White,WR,NYG,2015,8,0,0,0.0,0,,0,1,1,8,0.0244,0.0229,21,31,1.8,1.47,1.8
00-0030274,Myles White,WR,NYG,2015,9,0,0,0.0,0,,0,1,1,3,0.025,0.0097,33,38,1.3,1.59,1.3
00-0030274,Myles White,WR,NYG,2015,10,0,0,0.0,0,,0,3,1,63,0.0682,0.137,23,26,3.8,7.09,3.8
00-0030274,Myles White,WR,NYG,2015,13,0,0,0.0,0,,0,2,1,12,0.0588,0.0424,24,27,1.5,3.06,1.5
00-0030274,Myles White,WR,NYG,2015,15,0,0,0.0,0,,0,1,1,10,0.0222,0.0362,27,35,2.0,1.58,2.0
00-0030274,Myles White,WR,NYG,2015,16,0,0,0.0,0,,0,4,2,56,0.1176,0.2478,20,24,11.4,5.66,11.4
00-0030274,Myles White,WR,NYG,2015,17,0,0,0.0,0,,0,3,0,34,0.0714,0.1,36,44,0.0,7.48,0.0
00-0030279,Keenan Allen,WR,LAC,2015,1,0,0,0.0,0,,0,17,15,98,0.4146,0.6405,31,36,31.6,26.35,31.6
00-0030279,Keenan Allen,WR,LAC,2015,2,0,0,0.0,0,,0,4,2,23,0.1481,0.1292,25,31,3.6,6.87,3.6
00-0030279,Keenan Allen,WR,LAC,2015,3,0,0,0.0,0,,0,18,12,192,0.45,0.5598,28,30,37.3,27.09,37.3
00-0030279,Keenan Allen,WR,LAC,2015,4,0,0,0.0,0,,0,7,4,56,0.1892,0.2231,21,26,17.2,11.17,17.2
00-0030279,Keenan Allen,WR,LAC,2015,5,0,0,0.0,0,,0,10,6,37,0.2083,0.148,19,31,11.7,15.36,11.7
00-0030279,Keenan Allen,WR,LAC,2015,6,0,0,0.0,0,,0,15,14,145,0.2308,0.2266,21,30,29.7,23.05,29.7
00-0030279,Keenan Allen,WR,LAC,2015,7,0,0,0.0,0,,0,13,9,103,0.2364,0.3189,21,38,17.9,19.61,17.9
00-0030279,Keenan Allen,WR,LAC,2015,8,0,0,0.0,0,,0,5,5,27,0.1389,0.1304,26,34,14.5,7.31,14.5
00-0030280,Knile Davis,RB,KC,2015,1,0,0,0.0,0,,6,1,1,-3,0.0323,-0.0155,32,28,3.8,4.67,3.8
00-0030280,Knile Davis,RB,KC,2015,2,0,0,0.0,0,,3,1,0,7,0.04,0.0619,28,28,6.9,3.34,6.9
00-0030280,Knile Davis,RB,KC,2015,5,0,0,0.0,0,,2,0,0,0.0,0.0,0.0,25,23,0.2,0.95,0.2
00-0030280,Knile Davis,RB,KC,2015,6,0,0,0.0,0,,5,1,1,2,0.027,0.0059,18,16,3.5,3.46,3.5
00-0030280,Knile Davis,RB,KC,2015,7,0,0,0.0,0,,1,0,0,0.0,0.0,0.0,29,27,0.2,0.41,0.2
00-0030280,Knile Davis,RB,KC,2015,8,0,0,0.0,0,,4,0,0,0.0,0.0,0.0,32,30,0.9,1.93,0.9
00-0030280,Knile Davis,RB,KC,2015,12,0,0,0.0,0,,1,0,0,0.0,0.0,0.0,27,23,0.1,0.4,0.1
00-0030280,Knile Davis,RB,KC,2015,14,0,0,0.0,0,,1,0,0,0.0,0.0,0.0,25,19,0.6,0.54,0.6
00-0030280,Knile Davis,RB,KC,2015,15,0,0,0.0,0,,5,0,0,0.0,0.0,0.0,28,23,1.4,2.35,1.4
00-0030282,Stepfan Taylor,RB,ARI,2015,3,0,0,0.0,0,,4,0,0,0.0,0.0,0.0,37,37,0.6,1.75,0.6
00-0030282,Stepfan Taylor,RB,ARI,2015,5,0,0,0.0,0,,4,1,0,3,0.0556,0.0127,25,21,1.9,3.31,1.9
00-0030282,Stepfan Taylor,RB,ARI,2015,12,0,0,0.0,0,,1,0,0,0.0,0.0,0.0,29,31,0.2,0.59,0.2
00-0030282,Stepfan Taylor,RB,ARI,2015,13,0,0,0.0,0,,5,1,0,1,0.025,0.0024,36,35,2.0,3.16,2.0
00-0030282,Stepfan Taylor,RB,ARI,2015,14,0,0,0.0,0,,1,1,1,4,0.0286,0.0125,29,32,1.4,4.2,1.4
00-0030282,Stepfan Taylor,RB,ARI,2015,15,0,0,0.0,0,,2,0,0,0.0,0.0,0.0,39,42,1.1,1.01,1.1
00-0030287,Andre Ellington,RB,ARI,2015,1,0,0,0.0,0,,12,3,1,5,0.0938,0.014,25,24,12.6,14.3,12.6
00-0030287,Andre Ellington,RB,ARI,2015,5,0,0,0.0,0,,3,0,0,0.0,0.0,0.0,25,21,12.3,1.47,12.3
00-0030287,Andre Ellington,RB,ARI,2015,6,0,0,0.0,0,,1,2,2,25,0.0455,0.0465,20,22,7.4,3.62,7.4
00-0030287,Andre Ellington,RB,ARI,2015,7,0,0,0.0,0,,5,4,3,6,0.1429,0.0261,28,31,7.9,8.45,7.9
00-0030287,Andre Ellington,RB,ARI,2015,8,0,0,0.0,0,,3,1,0,-3,0.027,-0.006,38,36,0.0,2.77,0.0
00-0030287,Andre Ellington,RB,ARI,2015,10,0,0,0.0,0,,5,4,3,23,0.0889,0.0439,33,34,17.8,8.87,17.8
00-0030287,Andre Ellington,RB,ARI,2015,11,0,0,0.0,0,,2,2,1,7,0.0667,0.021,25,26,1.7,3.96,1.7
00-0030287,Andre Ellington,RB,ARI,2015,12,0,0,0.0,0,,5,5,3,14,0.125,0.0336,29,31,7.6,12.09,7.6
00-0030287,Andre Ellington,RB,ARI,2015,16,0,0,0.0,0,,7,1,1,2,0.037,0.0092,26,29,5.5,4.76,5.5
00-0030287,Andre Ellington,RB,ARI,2015,17,0,0,0.0,0,,2,2,1,8,0.0465,0.0174,13,17,1.9,3.62,1.9
00-0030288,Rex Burkhead,RB,CIN,2015,1,0,0,0.0,0,,0,1,1,21,0.0294,0.0747,31,34,3.4,1.64,3.4
00-0030288,Rex Burkhead,RB,CIN,2015,2,0,0,0.0,0,,0,2,1,31,0.0833,0.155,36,35,1.8,3.35,1.8
00-0030288,Rex Burkhead,RB,CIN,2015,4,0,0,0.0,0,,0,1,1,23,0.0417,0.0796,26,23,3.7,1.66,3.7
00-0030288,Rex Burkhead,RB,CIN,2015,5,0,0,0.0,0,,1,0,0,0.0,0.0,0.0,31,30,-2.2,0.47,-2.2
00-0030288,Rex Burkhead,RB,CIN,2015,9,0,0,0.0,0,,0,1,1,3,0.04,0.0154,37,31,1.7,1.46,1.7
00-0030288,Rex Burkhead,RB,CIN,2015,10,0,0,0.0,0,,0,1,0,21,0.0263,0.0568,20,23,0.0,1.77,0.0
00-0030288,Rex Burkhead,RB,CIN,2015,11,0,0,0.0,0,,0,1,1,7,0.0256,0.0157,28,28,1.7,1.65,1.7
00-0030288,Rex Burkhead,RB,CIN,2015,12,0,0,0.0,0,,2,2,2,3,0.0714,0.0149,31,33,2.8,3.85,2.8
00-0030288,Rex Burkhead,RB,CIN,2015,13,0,0,0.0,0,,1,2,1,15,0.0909,0.0857,33,30,1.6,3.46,1.6
00-0030288,Rex Burkhead,RB,CIN,2015,14,0,0,0.0,0,,0,1,1,5,0.0278,0.0149,16,19,7.5,2.7,7.5
00-0030288,Rex Burkhead,RB,CIN,2015,16,0,0,0.0,0,,0,1,1,6,0.0294,0.0179,33,34,1.8,1.23,1.8
00-0030288,Rex Burkhead,RB,CIN,2015,17,0,0,0.0,0,,0,2,0,30,0.0833,0.219,27,25,0.0,2.48,0.0
00-0030300,Jaron Brown,WR,ARI,2015,1,0,0,0.0,0,,0,1,1,8,0.0312,0.0223,25,24,1.8,1.55,1.8
00-0030300,Jaron Brown,WR,ARI,2015,2,0,0,0.0,0,,0,3,2,51,0.1304,0.1969,28,27,10.0,6.31,10.0
00-0030300,Jaron Brown,WR,ARI,2015,4,0,0,0.0,0,,0,2,1,38,0.0444,0.0943,21,26,3.0,4.09,3.0
00-0030300,Jaron Brown,WR,ARI,2015,6,0,0,0.0,0,,0,4,0,49,0.0909,0.0911,20,22,0.0,8.63,0.0
00-0030300,Jaron Brown,WR,ARI,2015,7,0,0,0.0,0,,0,1,1,3,0.0357,0.013,28,31,1.3,2.27,1.3
00-0030300,Jaron Brown,WR,ARI,2015,8,0,0,0.0,0,,0,4,1,79,0.1081,0.1593,38,36,4.9,6.78,4.9
00-0030300,Jaron Brown,WR,ARI,2015,10,0,0,0.0,0,,0,5,3,65,0.1111,0.124,33,34,6.8,7.72,6.8
00-0030300,Jaron Brown,WR,ARI,2015,14,0,0,0.0,0,,0,1,1,-1,0.0286,-0.0031,29,32,1.1,2.34,1.1
00-0030300,Jaron Brown,WR,ARI,2015,15,0,0,0.0,0,,0,1,1,15,0.0312,0.0297,39,42,2.5,2.05,2.5
00-0030300,Jaron Brown,WR,ARI,2015,17,0,0,0.0,0,,0,1,0,6,0.0233,0.013,13,17,0.0,1.88,0.0
00-0030348,Khiry Robinson,RB,NO,2015,1,0,0,0.0,0,,8,6,5,-7,0.125,-0.03,20,30,12.0,13.48,12.0
00-0030348,Khiry Robinson,RB,NO,2015,2,0,0,0.0,0,,5,1,1,-2,0.0263,-0.0052,27,29,6.7,4.12,6.7
00-0030348,Khiry Robinson,RB,NO,2015,3,0,0,0.0,0,,7,2,2,-6,0.0526,-0.0222,24,31,10.0,9.1,10.0
00-0030348,Khiry Robinson,RB,NO,2015,4,0,0,0.0,0,,6,4,2,-4,0.0976,-0.0229,25,38,10.1,11.82,10.1
00-0030348,Khiry Robinson,RB,NO,2015,5,0,0,0.0,0,,5,2,2,-8,0.0465,-0.0188,21,27,5.2,6.16,5.2
00-0030348,Khiry Robinson,RB,NO,2015,6,0,0,0.0,0,,7,2,2,1,0.0513,0.0045,32,39,6.7,7.78,6.7
00-0030348,Khiry Robinson,RB,NO,2015,7,0,0,0.0,0,,14,1,1,-7,0.0227,-0.0201,36,41,16.1,15.94,16.1
00-0030348,Khiry Robinson,RB,NO,2015,8,0,0,0.0,0,,4,2,2,-4,0.04,-0.0091,26,32,3.7,6.27,3.7
00-0030388,Joseph Randle,RB,DAL,2015,1,0,0,0.0,0,,16,3,3,1,0.0667,0.0054,23,34,13.7,14.71,13.7
00-0030388,Joseph Randle,RB,DAL,2015,2,0,0,0.0,0,,18,1,1,1,0.0294,0.0042,33,35,7.5,15.09,7.5
00-0030388,Joseph Randle,RB,DAL,2015,3,0,0,0.0,0,,14,2,2,4,0.0769,0.0296,21,33,30.5,17.05,30.5
00-0030388,Joseph Randle,RB,DAL,2015,4,0,0,0.0,0,,11,0,0,0.0,0.0,0.0,28,25,8.6,9.44,8.6
00-0030388,Joseph Randle,RB,DAL,2015,5,0,0,0.0,0,,15,4,4,2,0.1026,0.0085,24,34,11.4,13.22,11.4
00-0030388,Joseph Randle,RB,DAL,2015,7,0,0,0.0,0,,2,0,0,0.0,0.0,0.0,41,39,2.4,1.21,2.4
00-0030400,Marlon Brown,WR,BAL,2015,1,0,0,0.0,0,,0,2,2,21,0.0625,0.1094,23,28,4.5,2.99,4.5
00-0030400,Marlon Brown,WR,BAL,2015,2,0,0,0.0,0,,0,4,2,53,0.0889,0.1173,25,31,3.2,5.82,3.2
00-0030400,Marlon Brown,WR,BAL,2015,3,0,0,0.0,0,,0,5,2,38,0.1042,0.1319,18,21,4.9,7.02,4.9
00-0030400,Marlon Brown,WR,BAL,2015,4,0,0,0.0,0,,0,4,2,21,0.1212,0.1066,39,36,2.9,5.52,2.9
00-0030400,Marlon Brown,WR,BAL,2015,5,0,0,0.0,0,,0,4,1,25,0.1143,0.1136,31,33,1.0,5.38,1.0
00-0030400,Marlon Brown,WR,BAL,2015,6,0,0,0.0,0,,0,4,1,79,0.0769,0.1396,22,29,1.9,6.27,1.9
00-0030400,Marlon Brown,WR,BAL,2015,7,0,0,0.0,0,,0,5,3,21,0.1282,0.0868,16,19,5.2,7.03,5.2
00-0030400,Marlon Brown,WR,BAL,2015,8,0,0,0.0,0,,0,1,0,5,0.027,0.0169,25,25,0.0,1.54,0.0
00-0030400,Marlon Brown,WR,BAL,2015,10,0,0,0.0,0,,0,1,1,2,0.0222,0.0056,21,24,1.6,1.29,1.6
00-0030404,Chris Thompson,RB,WAS,2015,1,0,0,0.0,0,,3,1,0,3,0.0323,0.01,37,34,1.1,3.22,1.1
00-0030404,Chris Thompson,RB,WAS,2015,2,0,0,0.0,0,,0,1,1,6,0.037,0.0361,37,43,2.0,1.62,2.0
00-0030404,Chris Thompson,RB,WAS,2015,3,0,0,0.0,0,,2,11,8,57,0.2245,0.1218,20,27,22.6,19.18,22.6
00-0030404,Chris Thompson,RB,WAS,2015,4,0,0,0.0,0,,6,3,2,0.0,0.0652,0.0,32,34,9.7,7.94,9.7
00-0030404,Chris Thompson,RB,WAS,2015,5,0,0,0.0,0,,3,7,6,21,0.2188,0.0963,24,29,10.8,12.12,10.8
00-0030404,Chris Thompson,RB,WAS,2015,6,0,0,0.0,0,,5,10,6,60,0.2273,0.16,17,23,9.8,18.91,9.8
00-0030404,Chris Thompson,RB,WAS,2015,9,0,0,0.0,0,,0,4,2,4,0.1,0.0115,15,19,4.1,5.89,4.1
00-0030404,Chris Thompson,RB,WAS,2015,10,0,0,0.0,0,,2,1,1,4,0.04,0.0296,31,35,8.7,3.03,8.7
00-0030404,Chris Thompson,RB,WAS,2015,11,0,0,0.0,0,,4,4,3,2,0.1333,0.0083,12,16,4.7,7.49,4.7
00-0030404,Chris Thompson,RB,WAS,2015,12,0,0,0.0,0,,2,1,1,-5,0.0345,-0.0171,37,36,2.6,2.43,2.6
00-0030404,Chris Thompson,RB,WAS,2015,13,0,0,0.0,0,,1,4,4,9,0.129,0.034,26,30,6.4,5.71,6.4
00-0030404,Chris Thompson,RB,WAS,2015,16,0,0,0.0,0,,0,1,1,11,0.0217,0.0259,26,29,8.2,3.66,8.2
00-0030404,Chris Thompson,RB,WAS,2015,17,0,0,0.0,0,,7,0,0,0.0,0.0,0.0,36,34,1.9,3.47,1.9
00-0030414,Spencer Ware,RB,KC,2015,7,0,0,0.0,0,,2,0,0,0.0,0.0,0.0,29,27,0.8,1.3,0.8
00-0030414,Spencer Ware,RB,KC,2015,8,0,0,0.0,0,,2,0,0,0.0,0.0,0.0,32,30,7.2,2.1,7.2
00-0030414,Spencer Ware,RB,KC,2015,10,0,0,0.0,0,,2,0,0,0.0,0.0,0.0,32,29,0.4,0.66,0.4
00-0030414,Spencer Ware,RB,KC,2015,11,0,0,0.0,0,,11,1,1,-3,0.04,-0.0203,31,25,23.1,11.77,23.1
00-0030414,Spencer Ware,RB,KC,2015,12,0,0,0.0,0,,19,3,3,-3,0.1111,-0.0105,27,23,20.5,13.91,20.5
00-0030414,Spencer Ware,RB,KC,2015,13,0,0,0.0,0,,7,2,2,-1,0.0909,-0.0081,22,20,10.5,8.31,10.5
00-0030414,Spencer Ware,RB,KC,2015,14,0,0,0.0,0,,8,0,0,0.0,0.0,0.0,25,19,5.2,3.78,5.2
00-0030414,Spencer Ware,RB,KC,2015,16,0,0,0.0,0,,5,0,0,0.0,0.0,0.0,27,20,1.5,2.17,1.5
00-0030414,Spencer Ware,RB,KC,2015,17,0,0,0.0,0,,16,0,0,0.0,0.0,0.0,39,30,13.6,8.75,13.6
00-0030419,Matt McGloin,QB,LV,2015,1,31,23,-4.33,2,2.978,0,0,0,0.0,0.0,0.0,16,26,9.7,9.72,11.68
00-0030419,Matt McGloin,QB,LV,2015,12,1,0,-1.965,0,-72.313,0,0,0,0.0,0.0,0.0,30,27,0.0,0.3,0.0
00-0030422,Dion Sims,TE,MIA,2015,1,0,0,0.0,0,,0,1,0,21,0.0294,0.0764,18,16,0.0,2.95,0.0
00-0030422,Dion Sims,TE,MIA,2015,6,0,0,0.0,0,,0,4,4,-1,0.1379,-0.0044,32,31,13.3,8.12,13.3
00-0030422,Dion Sims,TE,MIA,2015,7,0,0,0.0,0,,0,2,1,2,0.1,0.037,35,36,0.7,2.78,0.7
00-0030422,Dion Sims,TE,MIA,2015,8,0,0,0.0,0,,0,1,1,6,0.0233,0.0144,13,20,1.6,1.36,1.6
00-0030422,Dion Sims,TE,MIA,2015,9,0,0,0.0,0,,0,3,1,38,0.0857,0.1801,24,24,1.9,6.21,1.9
00-0030422,Dion Sims,TE,MIA,2015,10,0,0,0.0,0,,0,1,1,3,0.0278,0.0106,26,28,1.8,1.44,1.8
00-0030422,Dion Sims,TE,MIA,2015,12,0,0,0.0,0,,0,1,1,-1,0.0172,-0.002,9,17,0.9,3.2,0.9
00-0030422,Dion Sims,TE,MIA,2015,13,0,0,0.0,0,,0,2,1,4,0.1053,0.022,26,27,1.4,2.52,1.4
00-0030422,Dion Sims,TE,MIA,2015,14,0,0,0.0,0,,0,5,3,49,0.122,0.1036,22,19,2.4,8.81,2.4
00-0030422,Dion Sims,TE,MIA,2015,15,0,0,0.0,0,,0,1,1,3,0.0323,0.0099,19,21,1.9,1.36,1.9
00-0030422,Dion Sims,TE,MIA,2015,16,0,0,0.0,0,,0,1,1,3,0.0263,0.0102,25,32,1.8,1.27,1.8
00-0030422,Dion Sims,TE,MIA,2015,17,0,0,0.0,0,,0,3,3,30,0.0789,0.0586,34,33,7.0,5.43,7.0
00-0030431,Robert Woods,WR,BUF,2015,1,0,0,0.0,0,,0,2,2,18,0.1053,0.1176,36,29,4.7,2.71,4.7
00-0030431,Robert Woods,WR,BUF,2015,2,0,0,0.0,0,,0,3,3,49,0.1,0.1877,27,26,15.0,4.53,15.0
00-0030431,Robert Woods,WR,BUF,2015,3,0,0,0.0,0,,0,5,4,48,0.1724,0.1548,34,29,7.8,8.18,7.8
00-0030431,Robert Woods,WR,BUF,2015,4,0,0,0.0,0,,0,5,3,63,0.119,0.1571,24,24,4.3,8.46,4.3
00-0030431,Robert Woods,WR,BUF,2015,5,0,0,0.0,0,,0,2,1,17,0.1111,0.1037,28,21,1.6,2.76,1.6
00-0030431,Robert Woods,WR,BUF,2015,6,0,0,0.0,0,,0,6,4,81,0.15,0.2201,23,21,8.7,8.21,8.7
00-0030431,Robert Woods,WR,BUF,2015,7,0,0,0.0,0,,0,13,9,96,0.3095,0.2602,28,23,23.4,19.69,23.4
00-0030431,Robert Woods,WR,BUF,2015,9,0,0,0.0,0,,1,1,0,4,0.0833,0.0286,36,27,0.0,2.17,0.0
00-0030431,Robert Woods,WR,BUF,2015,10,0,0,0.0,0,,0,7,3,52,0.2692,0.2176,33,32,4.9,10.52,4.9
00-0030431,Robert Woods,WR,BUF,2015,11,0,0,0.0,0,,0,9,4,72,0.25,0.1832,30,32,8.4,12.11,8.4
00-0030431,Robert Woods,WR,BUF,2015,12,0,0,0.0,0,,0,9,3,82,0.2368,0.1966,28,26,5.5,12.78,5.5
00-0030431,Robert Woods,WR,BUF,2015,13,0,0,0.0,0,,0,5,2,67,0.2381,0.2055,36,30,9.9,10.25,9.9
00-0030431,Robert Woods,WR,BUF,2015,14,0,0,0.0,0,,0,7,5,113,0.1944,0.2557,32,28,15.6,10.35,15.6
00-0030431,Robert Woods,WR,BUF,2015,15,0,0,0.0,0,,0,6,4,66,0.2222,0.2115,31,23,8.4,9.92,8.4
00-0030432,Christine Michael,RB,DAL,2015,4,0,0,0.0,0,,1,0,0,0.0,0.0,0.0,28,25,-0.1,0.31,-0.1
00-0030432,Christine Michael,RB,DAL,2015,5,0,0,0.0,0,,1,0,0,0.0,0.0,0.0,24,34,0.6,0.37,0.6
00-0030432,Christine Michael,RB,DAL,2015,7,0,0,0.0,0,,5,1,1,1,0.037,0.0038,41,39,3.0,3.57,3.0
00-0030432,Christine Michael,RB,DAL,2015,8,0,0,0.0,0,,5,2,0,2,0.0769,0.0164,30,31,2.0,5.06,2.0
00-0030432,Christine Michael,RB,DAL,2015,10,0,0,0.0,0,,3,0,0,0.0,0.0,0.0,21,23,0.8,1.26,0.8
00-0030432,Christine Michael,RB,SEA,2015,15,0,0,0.0,0,,16,0,0,0.0,0.0,0.0,36,27,8.4,8.65,8.4
00-0030432,Christine Michael,RB,SEA,2015,16,0,0,0.0,0,,6,2,2,-3,0.05,-0.0089,22,22,4.0,5.31,4.0
00-0030432,Christine Michael,RB,SEA,2015,17,0,0,0.0,0,,17,1,0,-3,0.0312,-0.0113,36,27,10.2,11.74,10.2
00-0030433,Mike Gillislee,RB,BUF,2015,13,0,0,0.0,0,,7,1,1,1,0.0476,0.0031,36,30,5.6,5.3,5.6
00-0030433,Mike Gillislee,RB,BUF,2015,14,0,0,0.0,0,,3,1,1,6,0.0278,0.0136,32,28,10.0,3.87,10.0
00-0030433,Mike Gillislee,RB,BUF,2015,15,0,0,0.0,0,,4,2,2,-5,0.0741,-0.016,31,23,16.3,4.72,16.3
00-0030433,Mike Gillislee,RB,BUF,2015,16,0,0,0.0,0,,9,2,2,-4,0.1111,-0.0186,40,30,18.9,7.57,18.9
00-0030433,Mike Gillislee,RB,BUF,2015,17,0,0,0.0,0,,24,1,0,16,0.0357,0.0705,43,35,0.8,14.89,0.8
00-0030443,Levine Toilolo,TE,ATL,2015,1,0,0,0.0,0,,0,1,1,3,0.0294,0.0102,35,33,1.4,1.61,1.4
00-0030443,Levine Toilolo,TE,ATL,2015,2,0,0,0.0,0,,0,1,0,-4,0.0217,-0.0147,22,27,0.0,1.08,0.0
00-0030443,Levine Toilolo,TE,ATL,2015,3,0,0,0.0,0,,0,1,1,6,0.0286,0.023,32,36,3.6,2.53,3.6
00-0030443,Levine Toilolo,TE,ATL,2015,6,0,0,0.0,0,,0,3,2,26,0.0698,0.0828,21,28,3.8,4.76,3.8
00-0030443,Levine Toilolo,TE,ATL,2015,8,0,0,0.0,0,,0,1,1,7,0.0222,0.0259,27,33,1.7,1.74,1.7
00-0030443,Levine Toilolo,TE,ATL,2015,9,0,0,0.0,0,,0,1,1,-2,0.0222,-0.0064,14,21,1.1,1.1,1.1
00-0030443,Levine Toilolo,TE,ATL,2015,14,0,0,0.0,0,,0,1,0,3,0.0244,0.0114,16,20,0.0,0.89,0.0
00-0030443,Levine Toilolo,TE,ATL,2015,15,0,0,0.0,0,,0,1,0,2,0.0286,0.0084,33,36,0.0,1.11,0.0
00-0030443,Levine Toilolo,TE,ATL,2015,17,0,0,0.0,0,,0,2,1,7,0.0556,0.0199,26,29,1.8,3.27,1.8
00-0030450,Quinton Patton,WR,SF,2015,1,0,0,0.0,0,,0,1,0,15,0.0385,0.0721,39,35,0.0,1.77,0.0
00-0030450,Quinton Patton,WR,SF,2015,2,0,0,0.0,0,,0,4,4,22,0.087,0.0665,31,28,6.5,5.36,6.5
00-0030450,Quinton Patton,WR,SF,2015,3,0,0,0.0,0,,0,3,1,17,0.1579,0.1223,29,24,1.7,4.29,1.7
00-0030450,Quinton Patton,WR,SF,2015,4,0,0,0.0,0,,0,2,2,-1,0.08,-0.0042,19,11,7.3,2.88,7.3
00-0030450,Quinton Patton,WR,SF,2015,5,0,0,0.0,0,,0,3,2,-9,0.0857,-0.0476,27,25,2.6,4.18,2.6
00-0030450,Quinton Patton,WR,SF,2015,6,0,0,0.0,0,,0,3,2,67,0.1111,0.2226,25,24,11.8,5.34,11.8
00-0030450,Quinton Patton,WR,SF,2015,7,0,0,0.0,0,,0,3,1,28,0.125,0.1657,15,18,1.2,3.61,1.2
00-0030450,Quinton Patton,WR,SF,2015,8,0,0,0.0,0,,0,4,2,36,0.0976,0.1328,21,19,5.3,5.27,5.3
00-0030450,Quinton Patton,WR,SF,2015,9,0,0,0.0,0,,0,5,3,62,0.1923,0.2348,38,31,10.0,7.71,10.0
00-0030450,Quinton Patton,WR,SF,2015,11,0,0,0.0,0,,0,3,2,14,0.0909,0.0412,16,20,3.5,3.37,3.5
00-0030450,Quinton Patton,WR,SF,2015,12,0,0,0.0,0,,1,6,1,77,0.1667,0.2646,17,20,1.6,9.42,1.6
00-0030450,Quinton Patton,WR,SF,2015,14,0,0,0.0,0,,0,9,5,44,0.3214,0.1964,17,17,9.6,11.52,9.6
00-0030450,Quinton Patton,WR,SF,2015,15,0,0,0.0,0,,0,5,3,50,0.1,0.1718,17,24,6.7,6.51,6.7
00-0030450,Quinton Patton,WR,SF,2015,16,0,0,0.0,0,,0,4,1,46,0.1212,0.2091,23,28,3.8,5.69,3.8
00-0030450,Quinton Patton,WR,SF,2015,17,0,0,0.0,0,,0,2,1,6,0.0455,0.0291,33,36,4.3,4.15,4.3
00-0030456,Giovani Bernard,RB,CIN,2015,1,0,0,0.0,0,,8,6,6,-1,0.1765,-0.0036,31,34,14.8,12.76,14.8
00-0030456,Giovani Bernard,RB,CIN,2015,2,0,0,0.0,0,,20,3,3,-4,0.125,-0.02,36,35,16.9,17.24,16.9
00-0030456,Giovani Bernard,RB,CIN,2015,3,0,0,0.0,0,,13,4,3,6,0.125,0.0171,31,28,11.3,12.5,11.3
00-0030456,Giovani Bernard,RB,CIN,2015,4,0,0,0.0,0,,13,0,0,0.0,0.0,0.0,26,23,12.2,7.22,12.2
00-0030456,Giovani Bernard,RB,CIN,2015,5,0,0,0.0,0,,15,8,5,20,0.186,0.0656,31,30,15.1,19.59,15.1
00-0030456,Giovani Bernard,RB,CIN,2015,6,0,0,0.0,0,,8,2,1,1,0.0606,0.0035,28,26,14.3,7.55,14.3
00-0030456,Giovani Bernard,RB,CIN,2015,8,0,0,0.0,0,,1,3,2,6,0.0789,0.0181,23,19,5.4,4.54,5.4
00-0030456,Giovani Bernard,RB,CIN,2015,9,0,0,0.0,0,,13,1,1,0.0,0.04,0.0,37,31,9.6,10.01,9.6
00-0030456,Giovani Bernard,RB,CIN,2015,10,0,0,0.0,0,,8,8,5,10,0.2105,0.027,20,23,12.9,15.55,12.9
00-0030456,Giovani Bernard,RB,CIN,2015,11,0,0,0.0,0,,6,10,8,14,0.2564,0.0314,28,28,22.6,18.29,22.6
00-0030456,Giovani Bernard,RB,CIN,2015,12,0,0,0.0,0,,10,3,2,-5,0.1071,-0.0248,31,33,8.7,10.85,8.7
00-0030456,Giovani Bernard,RB,CIN,2015,13,0,0,0.0,0,,5,1,1,-2,0.0455,-0.0114,33,30,4.5,4.15,4.5
00-0030456,Giovani Bernard,RB,CIN,2015,14,0,0,0.0,0,,6,5,3,1,0.1389,0.003,16,19,9.7,11.88,9.7
00-0030456,Giovani Bernard,RB,CIN,2015,15,0,0,0.0,0,,14,4,4,-1,0.1905,-0.0051,36,37,9.1,12.25,9.1
00-0030456,Giovani Bernard,RB,CIN,2015,16,0,0,0.0,0,,8,5,4,-2,0.1471,-0.006,33,34,8.3,11.25,8.3
00-0030456,Giovani Bernard,RB,CIN,2015,17,0,0,0.0,0,,6,3,1,1,0.125,0.0073,27,25,5.8,6.3,5.8
00-0030460,Markus Wheaton,WR,PIT,2015,1,0,0,0.0,0,,0,7,3,127,0.1842,0.2854,25,26,10.5,12.16,10.5
00-0030460,Markus Wheaton,WR,PIT,2015,2,0,0,0.0,0,,0,4,2,81,0.1481,0.2321,25,25,8.7,9.68,8.7
00-0030460,Markus Wheaton,WR,PIT,2015,3,0,0,0.0,0,,0,3,2,50,0.1,0.2809,22,27,3.6,4.99,3.6
00-0030460,Markus Wheaton,WR,PIT,2015,4,0,0,0.0,0,,0,1,1,10,0.0385,0.0562,33,31,2.8,1.52,2.8
00-0030460,Markus Wheaton,WR,PIT,2015,5,0,0,0.0,0,,0,3,1,64,0.125,0.1975,27,30,14.2,4.5,14.2
00-0030460,Markus Wheaton,WR,PIT,2015,6,0,0,0.0,0,,0,2,1,26,0.1,0.1187,32,25,1.8,3.19,1.8
00-0030460,Markus Wheaton,WR,PIT,2015,7,0,0,0.0,0,,0,4,2,19,0.1429,0.0664,24,26,3.6,5.75,3.6
00-0030460,Markus Wheaton,WR,PIT,2015,8,0,0,0.0,0,,0,2,1,13,0.0444,0.0284,19,25,1.5,3.03,1.5
00-0030460,Markus Wheaton,WR,PIT,2015,9,0,0,0.0,0,,0,4,1,44,0.08,0.0871,30,30,0.8,7.72,0.8
00-0030460,Markus Wheaton,WR,PIT,2015,10,0,0,0.0,0,,0,2,2,17,0.0541,0.0487,21,20,3.8,3.19,3.8
00-0030460,Markus Wheaton,WR,PIT,2015,12,0,0,0.0,0,,0,13,9,214,0.2241,0.3185,14,17,35.1,22.54,35.1
00-0030460,Markus Wheaton,WR,PIT,2015,13,0,0,0.0,0,,0,6,3,102,0.1538,0.202,32,35,14.0,13.14,14.0
00-0030460,Markus Wheaton,WR,PIT,2015,14,0,0,0.0,0,,0,7,4,119,0.1842,0.4205,28,25,10.5,14.82,10.5
00-0030460,Markus Wheaton,WR,PIT,2015,15,0,0,0.0,0,,0,11,6,110,0.2037,0.2723,17,19,18.2,19.0,18.2
00-0030460,Markus Wheaton,WR,PIT,2015,16,0,0,0.0,0,,0,5,3,57,0.1471,0.1881,20,25,7.1,7.18,7.1
00-0030460,Markus Wheaton,WR,PIT,2015,17,0,0,0.0,0,,0,5,3,80,0.1389,0.1848,19,19,14.7,10.67,14.7
00-0030465,Kenjon Barner,RB,PHI,2015,11,0,0,0.0,0,,7,1,0,-3,0.0244,-0.016,28,33,3.7,5.0,3.7
00-0030465,Kenjon Barner,RB,PHI,2015,12,0,0,0.0,0,,7,1,1,-5,0.037,-0.0243,25,28,4.1,4.56,4.1
00-0030465,Kenjon Barner,RB,PHI,2015,13,0,0,0.0,0,,9,2,2,-3,0.0833,-0.0227,33,38,4.6,7.37,4.6
00-0030465,Kenjon Barner,RB,PHI,2015,16,0,0,0.0,0,,0,3,1,-12,0.0545,-0.0365,16,27,0.3,3.92,0.3
00-0030465,Kenjon Barner,RB,PHI,2015,17,0,0,0.0,0,,5,5,5,-6,0.1316,-0.0291,26,33,8.9,9.2,8.9
00-0030470,Vance McDonald,TE,SF,2015,1,0,0,0.0,0,,0,1,1,1,0.0385,0.0048,39,35,1.5,1.28,1.5
00-0030470,Vance McDonald,TE,SF,2015,2,0,0,0.0,0,,0,1,0,10,0.0217,0.0302,31,28,0.0,1.88,0.0
00-0030470,Vance McDonald,TE,SF,2015,4,0,0,0.0,0,,0,2,1,12,0.08,0.05,19,11,1.7,2.57,1.7
00-0030470,Vance McDonald,TE,SF,2015,5,0,0,0.0,0,,0,3,2,49,0.0857,0.2593,27,25,2.9,5.65,2.9
00-0030470,Vance McDonald,TE,SF,2015,6,0,0,0.0,0,,0,1,1,1,0.037,0.0033,25,24,2.0,1.38,2.0
00-0030470,Vance McDonald,TE,SF,2015,7,0,0,0.0,0,,0,1,1,-4,0.0417,-0.0237,15,18,1.1,1.28,1.1
00-0030470,Vance McDonald,TE,SF,2015,8,0,0,0.0,0,,0,2,1,21,0.0488,0.0775,21,19,2.3,3.78,2.3
00-0030470,Vance McDonald,TE,SF,2015,9,0,0,0.0,0,,0,5,2,80,0.1923,0.303,38,31,3.9,8.3,3.9
00-0030470,Vance McDonald,TE,SF,2015,11,0,0,0.0,0,,0,4,4,40,0.1212,0.1176,16,20,16.5,5.91,16.5
00-0030470,Vance McDonald,TE,SF,2015,12,0,0,0.0,0,,0,7,6,33,0.1944,0.1134,17,20,19.1,11.25,19.1
00-0030470,Vance McDonald,TE,SF,2015,13,0,0,0.0,0,,0,3,2,35,0.0938,0.1606,23,22,3.8,4.52,3.8
00-0030470,Vance McDonald,TE,SF,2015,15,0,0,0.0,0,,0,4,1,44,0.08,0.1512,17,24,2.0,6.44,2.0
00-0030470,Vance McDonald,TE,SF,2015,16,0,0,0.0,0,,0,7,5,49,0.2121,0.2227,23,28,17.1,12.21,17.1
00-0030470,Vance McDonald,TE,SF,2015,17,0,0,0.0,0,,0,5,3,14,0.1136,0.068,33,36,6.7,7.63,6.7
00-0030472,Jordan Reed,TE,WAS,2015,1,0,0,0.0,0,,0,11,7,89,0.3548,0.2967,37,34,19.3,18.48,19.3
00-0030472,Jordan Reed,TE,WAS,2015,2,0,0,0.0,0,,0,6,6,33,0.2222,0.1988,37,43,14.2,9.17,14.2
00-0030472,Jordan Reed,TE,WAS,2015,3,0,0,0.0,0,,0,9,6,102,0.1837,0.2179,20,27,15.6,16.01,15.6
00-0030472,Jordan Reed,TE,WAS,2015,4,0,0,0.0,0,,0,8,5,42,0.1739,0.1338,32,34,6.7,12.91,6.7
00-0030472,Jordan Reed,TE,WAS,2015,7,0,0,0.0,0,,0,13,11,54,0.325,0.2038,19,19,30.2,24.28,30.2
00-0030472,Jordan Reed,TE,WAS,2015,9,0,0,0.0,0,,0,7,3,31,0.175,0.0891,15,19,10.8,13.38,10.8
00-0030472,Jordan Reed,TE,WAS,2015,10,0,0,0.0,0,,0,4,3,19,0.16,0.1407,31,35,17.9,8.76,17.9
00-0030472,Jordan Reed,TE,WAS,2015,11,0,0,0.0,0,,0,8,6,34,0.2667,0.1417,12,16,8.6,10.63,8.6
00-0030472,Jordan Reed,TE,WAS,2015,12,0,0,0.0,0,,0,9,8,47,0.3103,0.161,37,36,17.8,15.49,17.8
00-0030472,Jordan Reed,TE,WAS,2015,13,0,0,0.0,0,,0,8,3,60,0.2581,0.2264,26,30,6.3,11.57,6.3
00-0030472,Jordan Reed,TE,WAS,2015,14,0,0,0.0,0,,0,9,9,57,0.2903,0.2489,33,32,27.0,17.5,27.0
00-0030472,Jordan Reed,TE,WAS,2015,15,0,0,0.0,0,,0,7,7,46,0.25,0.1991,27,25,27.4,16.49,27.4
00-0030472,Jordan Reed,TE,WAS,2015,16,0,0,0.0,0,,0,11,9,112,0.2391,0.2635,26,29,33.9,19.6,33.9
00-0030472,Jordan Reed,TE,WAS,2015,17,0,0,0.0,0,,0,4,4,26,0.1538,0.1383,36,34,8.5,6.65,8.5
00-0030485,Eddie Lacy,RB,GB,2015,1,0,0,0.0,0,,19,3,2,7,0.1304,0.0467,30,23,17.9,18.5,17.9
00-0030485,Eddie Lacy,RB,GB,2015,2,0,0,0.0,0,,3,0,0,0.0,0.0,0.0,29,27,0.9,1.66,0.9
00-0030485,Eddie Lacy,RB,GB,2015,3,0,0,0.0,0,,10,3,3,4,0.0857,0.0143,32,33,11.7,10.8,11.7
00-0030485,Eddie Lacy,RB,GB,2015,4,0,0,0.0,0,,18,3,1,2,0.0938,0.0081,33,30,10.3,14.37,10.3
00-0030485,Eddie Lacy,RB,GB,2015,5,0,0,0.0,0,,13,1,1,-1,0.0333,-0.0067,27,22,4.5,7.5,4.5
00-0030485,Eddie Lacy,RB,GB,2015,6,0,0,0.0,0,,4,2,2,-2,0.069,-0.0075,17,17,4.0,6.24,4.0
00-0030485,Eddie Lacy,RB,GB,2015,8,0,0,0.0,0,,11,2,1,-4,0.0909,-0.0315,21,21,11.7,10.56,11.7
00-0030485,Eddie Lacy,RB,GB,2015,9,0,0,0.0,0,,5,1,0,-5,0.0208,-0.0112,19,21,-1.0,4.37,-1.0
00-0030485,Eddie Lacy,RB,GB,2015,11,0,0,0.0,0,,22,2,1,1,0.0588,0.003,34,32,11.6,14.17,11.6
00-0030485,Eddie Lacy,RB,GB,2015,12,0,0,0.0,0,,17,5,4,-14,0.1163,-0.0517,28,32,21.9,15.65,21.9
00-0030485,Eddie Lacy,RB,GB,2015,13,0,0,0.0,0,,5,1,1,-3,0.0286,-0.0075,24,25,1.1,3.52,1.1
00-0030485,Eddie Lacy,RB,GB,2015,14,0,0,0.0,0,,24,1,1,-2,0.0303,-0.0099,44,40,21.8,18.91,21.8
00-0030485,Eddie Lacy,RB,GB,2015,15,0,0,0.0,0,,11,0,0,0.0,0.0,0.0,28,21,2.3,7.33,2.3
00-0030485,Eddie Lacy,RB,GB,2015,16,0,0,0.0,0,,12,2,1,-3,0.069,-0.011,26,20,15.8,8.68,15.8
00-0030485,Eddie Lacy,RB,GB,2015,17,0,0,0.0,0,,13,2,2,1,0.0465,0.0025,26,26,6.1,8.42,6.1
00-0030496,Le'Veon Bell,RB,PIT,2015,3,0,0,0.0,0,,19,8,7,21,0.2667,0.118,22,27,26.2,30.99,26.2
00-0030496,Le'Veon Bell,RB,PIT,2015,4,0,0,0.0,0,,22,7,7,-8,0.2692,-0.0449,33,31,28.0,20.7,28.0
00-0030496,Le'Veon Bell,RB,PIT,2015,5,0,0,0.0,0,,21,5,4,1,0.2083,0.0031,27,30,22.7,22.27,22.7
00-0030496,Le'Veon Bell,RB,PIT,2015,6,0,0,0.0,0,,24,0,0,0.0,0.0,0.0,32,25,8.8,12.25,8.8
00-0030496,Le'Veon Bell,RB,PIT,2015,7,0,0,0.0,0,,17,4,4,-16,0.1429,-0.0559,24,26,17.7,13.33,17.7
00-0030496,Le'Veon Bell,RB,PIT,2015,8,0,0,0.0,0,,10,2,2,2,0.0444,0.0044,19,25,7.8,8.57,7.8
00-0030506,Travis Kelce,TE,KC,2015,1,0,0,0.0,0,,0,6,6,58,0.1935,0.3005,32,28,28.6,12.33,28.6
00-0030506,Travis Kelce,TE,KC,2015,2,0,0,0.0,0,,0,5,4,26,0.2,0.2301,28,28,9.8,6.44,9.8
00-0030506,Travis Kelce,TE,KC,2015,3,0,0,0.0,0,,0,10,6,47,0.25,0.1865,18,16,16.0,16.92,16.0
00-0030506,Travis Kelce,TE,KC,2015,4,0,0,0.0,0,,0,7,5,17,0.1628,0.059,23,23,7.9,9.82,7.9
00-0030506,Travis Kelce,TE,KC,2015,5,0,0,0.0,0,,0,6,3,32,0.2,0.1702,25,23,6.5,10.25,6.5
00-0030506,Travis Kelce,TE,KC,2015,6,0,0,0.0,0,,0,7,5,48,0.1892,0.1416,18,16,13.8,10.53,13.8
00-0030506,Travis Kelce,TE,KC,2015,7,0,0,0.0,0,,0,6,5,67,0.1935,0.3237,29,27,12.3,9.49,12.3
00-0030506,Travis Kelce,TE,KC,2015,8,0,0,0.0,0,,0,8,6,25,0.2857,0.3571,32,30,16.9,16.31,16.9
00-0030506,Travis Kelce,TE,KC,2015,10,0,0,0.0,0,,0,9,5,69,0.2903,0.375,32,29,8.6,12.81,8.6
00-0030506,Travis Kelce,TE,KC,2015,11,0,0,0.0,0,,0,7,5,10,0.28,0.0676,31,25,9.6,10.25,9.6
00-0030506,Travis Kelce,TE,KC,2015,12,0,0,0.0,0,,0,7,4,49,0.2593,0.1713,27,23,16.9,12.93,16.9
00-0030506,Travis Kelce,TE,KC,2015,13,0,0,0.0,0,,0,3,2,15,0.1364,0.122,22,20,6.2,5.15,6.2
00-0030506,Travis Kelce,TE,KC,2015,14,0,0,0.0,0,,0,5,3,22,0.2174,0.094,25,19,4.8,6.63,4.8
00-0030506,Travis Kelce,TE,KC,2015,15,0,0,0.0,0,,0,7,6,36,0.28,0.3214,28,23,13.3,11.03,13.3
00-0030506,Travis Kelce,TE,KC,2015,16,0,0,0.0,0,,0,8,6,42,0.3636,0.2165,27,20,16.3,12.09,16.3
00-0030506,Travis Kelce,TE,KC,2015,17,0,0,0.0,0,,0,2,1,29,0.087,0.1229,39,30,2.0,3.18,2.0
00-0030513,Latavius Murray,RB,LV,2015,1,0,0,0.0,0,,11,7,7,9,0.1628,0.0404,16,26,15.0,14.95,15.0
00-0030513,Latavius Murray,RB,LV,2015,2,0,0,0.0,0,,15,3,3,-1,0.0652,-0.0025,19,21,17.7,13.42,17.7
00-0030513,Latavius Murray,RB,LV,2015,3,0,0,0.0,0,,26,1,1,3,0.0312,0.0127,30,30,21.9,15.18,21.9
00-0030513,Latavius Murray,RB,LV,2015,4,0,0,0.0,0,,15,5,3,-4,0.1515,-0.0213,22,26,9.1,13.89,9.1
00-0030513,Latavius Murray,RB,LV,2015,5,0,0,0.0,0,,13,4,3,-11,0.1026,-0.0412,25,28,8.7,12.65,8.7
00-0030513,Latavius Murray,RB,LV,2015,7,0,0,0.0,0,,15,1,1,-2,0.0323,-0.0093,26,27,15.6,13.44,15.6
00-0030513,Latavius Murray,RB,LV,2015,8,0,0,0.0,0,,20,2,1,6,0.0556,0.0243,25,24,12.9,12.17,12.9
00-0030513,Latavius Murray,RB,LV,2015,9,0,0,0.0,0,,17,2,2,0.0,0.0455,0.0,25,23,9.5,12.68,9.5
00-0030513,Latavius Murray,RB,LV,2015,10,0,0,0.0,0,,12,5,5,-3,0.122,-0.0096,19,25,12.7,11.77,12.7
00-0030513,Latavius Murray,RB,LV,2015,11,0,0,0.0,0,,13,0,0,0.0,0.0,0.0,21,19,8.8,8.67,8.8
00-0030513,Latavius Murray,RB,LV,2015,12,0,0,0.0,0,,22,3,1,2,0.0789,0.0052,30,27,9.2,15.78,9.2
00-0030513,Latavius Murray,RB,LV,2015,13,0,0,0.0,0,,20,6,4,-7,0.125,-0.0211,24,28,19.7,20.73,19.7
00-0030513,Latavius Murray,RB,LV,2015,14,0,0,0.0,0,,16,1,0,5,0.0345,0.0165,23,17,2.7,8.49,2.7
00-0030513,Latavius Murray,RB,LV,2015,15,0,0,0.0,0,,21,2,1,-5,0.0426,-0.0092,25,22,9.0,14.19,9.0
00-0030513,Latavius Murray,RB,LV,2015,16,0,0,0.0,0,,19,5,5,0.0,0.1351,0.0,24,25,22.7,15.52,22.7
00-0030513,Latavius Murray,RB,LV,2015,17,0,0,0.0,0,,11,6,4,-2,0.1875,-0.0114,16,21,9.6,13.28,9.6
00-0030514,Mychal Rivera,TE,LV,2015,1,0,0,0.0,0,,0,2,1,33,0.0465,0.148,16,26,1.4,2.7,1.4
00-0030514,Mychal Rivera,TE,LV,2015,2,0,0,0.0,0,,0,5,3,18,0.1087,0.0457,19,21,4.5,8.19,4.5
00-0030514,Mychal Rivera,TE,LV,2015,3,0,0,0.0,0,,0,1,0,28,0.0312,0.1181,30,30,0.0,1.52,0.0
00-0030514,Mychal Rivera,TE,LV,2015,4,0,0,0.0,0,,0,3,2,15,0.0909,0.0798,22,26,3.2,4.95,3.2
00-0030514,Mychal Rivera,TE,LV,2015,5,0,0,0.0,0,,0,3,3,29,0.0769,0.1086,25,28,6.3,4.47,6.3
00-0030514,Mychal Rivera,TE,LV,2015,7,0,0,0.0,0,,0,3,2,19,0.0968,0.0884,26,27,3.1,6.05,3.1
00-0030514,Mychal Rivera,TE,LV,2015,9,0,0,0.0,0,,0,3,2,32,0.0682,0.0681,25,23,3.6,4.33,3.6
00-0030514,Mychal Rivera,TE,LV,2015,10,0,0,0.0,0,,0,7,6,20,0.1707,0.0643,19,25,10.6,9.58,10.6
00-0030514,Mychal Rivera,TE,LV,2015,11,0,0,0.0,0,,0,2,1,12,0.08,0.0609,21,19,3.1,3.24,3.1
00-0030514,Mychal Rivera,TE,LV,2015,12,0,0,0.0,0,,0,2,2,19,0.0526,0.0496,30,27,4.8,3.06,4.8
00-0030514,Mychal Rivera,TE,LV,2015,13,0,0,0.0,0,,0,3,2,20,0.0625,0.0602,24,28,3.3,4.19,3.3
00-0030514,Mychal Rivera,TE,LV,2015,14,0,0,0.0,0,,0,4,3,48,0.1379,0.1584,23,17,13.9,8.84,13.9
00-0030514,Mychal Rivera,TE,LV,2015,15,0,0,0.0,0,,0,6,3,56,0.1277,0.1033,25,22,5.0,7.61,5.0
00-0030514,Mychal Rivera,TE,LV,2015,17,0,0,0.0,0,,0,2,2,-1,0.0625,-0.0057,16,21,3.2,2.36,3.2
00-0030516,Brice Butler,WR,DAL,2015,4,0,0,0.0,0,,0,1,1,41,0.0385,0.1571,28,25,7.7,2.12,7.7
00-0030516,Brice Butler,WR,DAL,2015,7,0,0,0.0,0,,0,5,2,58,0.1852,0.2222,41,39,6.1,9.54,6.1
00-0030516,Brice Butler,WR,DAL,2015,15,0,0,0.0,0,,0,1,1,8,0.0323,0.0292,21,21,2.6,1.45,2.6
00-0030516,Brice Butler,WR,DAL,2015,16,0,0,0.0,0,,0,9,4,102,0.3,0.3554,25,25,11.4,14.07,11.4
00-0030516,Brice Butler,WR,DAL,2015,17,0,0,0.0,0,,0,10,4,98,0.2083,0.2649,16,20,10.0,17.58,10.0
00-0030521,Justin Hunter,WR,TEN,2015,1,0,0,0.0,0,,0,2,1,8,0.1333,0.0762,32,27,2.1,2.96,2.1
00-0030521,Justin Hunter,WR,TEN,2015,2,0,0,0.0,0,,0,2,2,29,0.0541,0.0695,30,17,5.4,3.06,5.4
00-0030521,Justin Hunter,WR,TEN,2015,3,0,0,0.0,0,,0,2,1,40,0.0465,0.0939,27,24,3.9,3.16,3.9
00-0030521,Justin Hunter,WR,TEN,2015,5,0,0,0.0,0,,0,6,4,57,0.1875,0.2579,28,20,7.8,9.01,7.8
00-0030521,Justin Hunter,WR,TEN,2015,6,0,0,0.0,0,,0,4,3,68,0.1,0.2282,18,14,8.4,5.7,8.4
00-0030521,Justin Hunter,WR,TEN,2015,7,0,0,0.0,0,,0,4,2,64,0.1143,0.2071,16,10,3.7,5.91,3.7
00-0030521,Justin Hunter,WR,TEN,2015,8,0,0,0.0,0,,0,3,2,46,0.0968,0.2054,20,19,3.7,4.48,3.7
00-0030521,Justin Hunter,WR,TEN,2015,9,0,0,0.0,0,,0,4,3,26,0.1026,0.0915,28,20,10.7,7.19,10.7
00-0030521,Justin Hunter,WR,TEN,2015,10,0,0,0.0,0,,0,4,4,39,0.1667,0.1822,21,14,8.7,5.87,8.7
00-0030524,Landry Jones,QB,PIT,2015,6,12,8,12.051,0,8.477,1,0,0,0.0,0.0,0.0,32,25,14.6,8.2,14.62
00-0030524,Landry Jones,QB,PIT,2015,7,29,16,-8.041,2,-4.22,1,0,0,0.0,0.0,0.0,24,26,6.2,11.95,8.16
00-0030524,Landry Jones,QB,PIT,2015,9,6,4,3.164,0,2.242,0,0,0,0.0,0.0,0.0,30,30,3.2,2.1,3.16
00-0030524,Landry Jones,QB,PIT,2015,10,4,3,-0.932,0,1.399,0,0,0,0.0,0.0,0.0,21,20,0.9,2.24,0.92
00-0030524,Landry Jones,QB,PIT,2015,12,4,1,-7.286,0,-36.209,0,0,0,0.0,0.0,0.0,14,17,-2.6,1.31,-2.64
00-0030524,Landry Jones,QB,PIT,2015,13,0,0,0.0,0,,1,0,0,0.0,0.0,0.0,32,35,-0.1,-0.1,-0.1
00-0030524,Landry Jones,QB,PIT,2015,14,0,0,0.0,0,,2,0,0,0.0,0.0,0.0,28,25,-0.1,-0.2,-0.1
00-0030525,Tavon Austin,WR,LA,2015,1,0,0,0.0,0,,4,5,2,69,0.1852,0.2664,26,22,15.5,9.53,9.5
00-0030525,Tavon Austin,WR,LA,2015,2,0,0,0.0,0,,4,3,1,72,0.0938,0.2812,13,14,5.6,7.11,5.6
00-0030525,Tavon Austin,WR,LA,2015,3,0,0,0.0,0,,0,5,5,3,0.1724,0.014,18,20,8.8,6.7,8.8
00-0030525,Tavon Austin,WR,LA,2015,4,0,0,0.0,0,,2,7,6,74,0.2917,0.4805,26,27,29.6,14.84,29.6
00-0030525,Tavon Austin,WR,LA,2015,5,0,0,0.0,0,,3,5,2,45,0.1724,0.1475,36,34,10.8,10.27,10.8
00-0030525,Tavon Austin,WR,LA,2015,7,0,0,0.0,0,,1,7,4,18,0.3043,0.1374,26,29,10.4,11.24,10.4
00-0030525,Tavon Austin,WR,LA,2015,8,0,0,0.0,0,,3,7,4,105,0.3043,0.4526,41,39,25.9,16.37,25.9
00-0030525,Tavon Austin,WR,LA,2015,9,0,0,0.0,0,,8,7,4,17,0.2258,0.0642,36,31,12.1,13.09,12.1
00-0030525,Tavon Austin,WR,LA,2015,10,0,0,0.0,0,,3,4,2,19,0.1081,0.0601,21,23,4.3,7.93,4.3
00-0030525,Tavon Austin,WR,LA,2015,11,0,0,0.0,0,,1,5,1,49,0.1923,0.2248,29,27,3.1,7.46,3.1
00-0030525,Tavon Austin,WR,LA,2015,12,0,0,0.0,0,,4,6,6,-9,0.1132,-0.0353,17,21,21.6,11.68,21.6
00-0030525,Tavon Austin,WR,LA,2015,13,0,0,0.0,0,,2,3,1,35,0.0882,0.0938,15,13,4.8,6.52,4.8
00-0030525,Tavon Austin,WR,LA,2015,14,0,0,0.0,0,,4,5,3,50,0.2273,0.2538,29,27,8.9,10.16,8.9
00-0030525,Tavon Austin,WR,LA,2015,15,0,0,0.0,0,,4,3,3,13,0.1765,0.1215,33,28,22.3,7.76,22.3
00-0030525,Tavon Austin,WR,LA,2015,16,0,0,0.0,0,,3,7,3,43,0.3043,0.2739,30,28,5.8,11.87,5.8
00-0030525,Tavon Austin,WR,LA,2015,17,0,0,0.0,0,,6,8,5,65,0.2105,0.1776,33,30,11.2,15.79,11.2
00-0030526,EJ Manuel,QB,BUF,2015,3,0,0,0.0,0,,1,0,0,0.0,0.0,0.0,34,29,-0.2,-0.1,-0.2
00-0030526,EJ Manuel,QB,BUF,2015,6,42,28,-0.287,2,6.77,6,0,0,0.0,0.0,0.0,23,21,20.7,19.35,20.72
00-0030526,EJ Manuel,QB,BUF,2015,7,42,24,-10.822,4,-5.882,8,0,0,0.0,0.0,0.0,28,23,17.7,20.73,19.72
00-0030526,EJ Manuel,QB,BUF,2015,15,0,0,0.0,0,,2,0,0,0.0,0.0,0.0,31,23,0.6,2.15,0.6
00-0030532,Stedman Bailey,WR,LA,2015,1,0,0,0.0,0,,0,4,3,48,0.1481,0.1853,26,22,8.8,6.23,8.8
00-0030532,Stedman Bailey,WR,LA,2015,2,0,0,0.0,0,,0,4,1,28,0.125,0.1094,13,14,1.0,4.81,1.0
00-0030532,Stedman Bailey,WR,LA,2015,3,0,0,0.0,0,,0,1,0,5,0.0345,0.0233,18,20,0.0,1.45,0.0
00-0030532,Stedman Bailey,WR,LA,2015,4,0,0,0.0,0,,0,3,2,49,0.125,0.3182,26,27,11.0,5.28,11.0
00-0030532,Stedman Bailey,WR,LA,2015,5,0,0,0.0,0,,0,5,3,52,0.1724,0.1705,36,34,10.3,6.53,10.3
00-0030532,Stedman Bailey,WR,LA,2015,7,0,0,0.0,0,,0,1,1,7,0.0435,0.0534,26,29,1.8,1.55,1.8
00-0030532,Stedman Bailey,WR,LA,2015,8,0,0,0.0,0,,0,3,0,26,0.1304,0.1121,41,39,0.0,3.84,0.0
00-0030532,Stedman Bailey,WR,LA,2015,9,0,0,0.0,0,,0,4,2,47,0.129,0.1774,36,31,3.3,4.84,3.3
00-0030536,Zac Stacy,RB,NYJ,2015,3,0,0,0.0,0,,2,2,2,-7,0.0345,-0.0139,16,21,2.1,3.64,2.1
00-0030536,Zac Stacy,RB,NYJ,2015,4,0,0,0.0,0,,5,3,2,-4,0.1034,-0.014,43,37,10.5,9.04,10.5
00-0030536,Zac Stacy,RB,NYJ,2015,6,0,0,0.0,0,,13,2,2,2,0.0769,0.0105,41,43,8.1,8.42,8.1
00-0030536,Zac Stacy,RB,NYJ,2015,7,0,0,0.0,0,,7,1,1,2,0.0256,0.0059,29,27,4.0,5.58,4.0
00-0030536,Zac Stacy,RB,NYJ,2015,8,0,0,0.0,0,,3,1,1,-5,0.0213,-0.0123,21,22,2.8,3.34,2.8
00-0030536,Zac Stacy,RB,NYJ,2015,9,0,0,0.0,0,,1,3,1,-9,0.0882,-0.0405,28,28,2.9,4.46,2.9
00-0030540,Aaron Dobson,WR,NE,2015,1,0,0,0.0,0,,0,1,1,5,0.0312,0.0213,24,25,1.9,1.54,1.9
00-0030540,Aaron Dobson,WR,NE,2015,2,0,0,0.0,0,,0,8,7,71,0.1356,0.1417,15,18,15.7,12.87,15.7
00-0030540,Aaron Dobson,WR,NE,2015,3,0,0,0.0,0,,0,3,1,13,0.0732,0.0677,32,38,1.5,6.73,1.5
00-0030540,Aaron Dobson,WR,NE,2015,7,0,0,0.0,0,,0,3,2,21,0.0556,0.055,9,8,3.8,6.11,3.8
00-0030540,Aaron Dobson,WR,NE,2015,10,0,0,0.0,0,,0,4,1,73,0.0976,0.1674,23,24,1.5,5.4,1.5
00-0030540,Aaron Dobson,WR,NE,2015,11,0,0,0.0,0,,0,2,1,26,0.0526,0.0749,22,25,2.7,3.51,2.7
00-0030542,Terrance Williams,WR,DAL,2015,1,0,0,0.0,0,,0,8,5,66,0.1778,0.3587,23,34,11.0,15.58,11.0
00-0030542,Terrance Williams,WR,DAL,2015,2,0,0,0.0,0,,0,7,4,87,0.2059,0.364,33,35,18.4,12.19,18.4
00-0030542,Terrance Williams,WR,DAL,2015,3,0,0,0.0,0,,0,2,0,21,0.0769,0.1556,21,33,0.0,3.5,0.0
00-0030542,Terrance Williams,WR,DAL,2015,4,0,0,0.0,0,,0,10,3,147,0.3846,0.5632,28,25,13.9,22.17,13.9
00-0030542,Terrance Williams,WR,DAL,2015,5,0,0,0.0,0,,0,6,2,88,0.1538,0.3745,24,34,5.0,11.75,5.0
00-0030542,Terrance Williams,WR,DAL,2015,7,0,0,0.0,0,,0,7,4,118,0.2593,0.4521,41,39,11.0,11.47,11.0
00-0030542,Terrance Williams,WR,DAL,2015,8,0,0,0.0,0,,0,2,2,4,0.0769,0.0328,30,31,4.0,2.94,4.0
00-0030542,Terrance Williams,WR,DAL,2015,9,0,0,0.0,0,,0,5,3,68,0.1351,0.2305,29,28,5.7,8.34,5.7
00-0030542,Terrance Williams,WR,DAL,2015,10,0,0,0.0,0,,0,3,2,60,0.1071,0.2041,21,23,5.3,4.77,5.3
00-0030542,Terrance Williams,WR,DAL,2015,11,0,0,0.0,0,,0,4,4,72,0.1429,0.2707,38,40,17.9,7.13,17.9
00-0030542,Terrance Williams,WR,DAL,2015,12,0,0,0.0,0,,0,7,4,47,0.1842,0.1506,14,18,7.9,10.36,7.9
00-0030542,Terrance Williams,WR,DAL,2015,13,0,0,0.0,0,,0,3,2,74,0.1071,0.2803,24,23,8.3,5.03,8.3
00-0030542,Terrance Williams,WR,DAL,2015,14,0,0,0.0,0,,0,5,3,91,0.1786,0.3583,20,16,6.8,7.17,6.8
00-0030542,Terrance Williams,WR,DAL,2015,15,0,0,0.0,0,,0,5,2,43,0.1613,0.1569,21,21,3.3,7.55,3.3
00-0030542,Terrance Williams,WR,DAL,2015,16,0,0,0.0,0,,0,10,4,110,0.3333,0.3833,25,25,10.2,13.81,10.2
00-0030542,Terrance Williams,WR,DAL,2015,17,0,0,0.0,0,,0,9,8,123,0.1875,0.3324,16,20,25.3,13.36,25.3
00-0030544,Gavin Escobar,TE,DAL,2015,1,0,0,0.0,0,,0,2,2,-1,0.0444,-0.0054,23,34,8.8,4.98,8.8
00-0030544,Gavin Escobar,TE,DAL,2015,2,0,0,0.0,0,,0,3,2,9,0.0882,0.0377,33,35,1.6,6.92,1.6
00-0030544,Gavin Escobar,TE,DAL,2015,4,0,0,0.0,0,,0,1,0,8,0.0385,0.0307,28,25,0.0,1.61,0.0
00-0030544,Gavin Escobar,TE,DAL,2015,5,0,0,0.0,0,,0,2,0,17,0.0513,0.0723,24,34,0.0,5.5,0.0
00-0030544,Gavin Escobar,TE,DAL,2015,10,0,0,0.0,0,,0,1,1,18,0.0357,0.0612,21,23,3.2,2.07,3.2
00-0030544,Gavin Escobar,TE,DAL,2015,11,0,0,0.0,0,,0,3,2,31,0.1071,0.1165,38,40,4.0,6.01,4.0
00-0030544,Gavin Escobar,TE,DAL,2015,12,0,0,0.0,0,,0,1,1,-3,0.0263,-0.0096,14,18,0.8,1.39,0.8
00-0030547,Denard Robinson,RB,JAX,2015,1,0,0,0.0,0,,5,2,2,-12,0.0513,-0.0421,21,24,6.5,4.64,6.5
00-0030547,Denard Robinson,RB,JAX,2015,2,0,0,0.0,0,,1,0,0,0.0,0.0,0.0,33,33,0.9,0.46,0.9
00-0030547,Denard Robinson,RB,JAX,2015,6,0,0,0.0,0,,7,3,3,11,0.0566,0.0225,21,23,6.8,7.1,6.8
00-0030547,Denard Robinson,RB,JAX,2015,9,0,0,0.0,0,,1,1,0,2,0.025,0.0042,19,18,0.2,1.91,0.2
00-0030547,Denard Robinson,RB,JAX,2015,10,0,0,0.0,0,,1,2,0,-4,0.0444,-0.0129,22,24,0.1,3.71,0.1
00-0030547,Denard Robinson,RB,JAX,2015,11,0,0,0.0,0,,7,0,0,0.0,0.0,0.0,23,24,2.7,10.11,2.7
00-0030547,Denard Robinson,RB,JAX,2015,12,0,0,0.0,0,,3,1,1,4,0.0204,0.0114,19,17,4.2,2.92,4.2
00-0030547,Denard Robinson,RB,JAX,2015,13,0,0,0.0,0,,3,1,1,-4,0.0278,-0.0132,21,23,3.3,2.88,3.3
00-0030547,Denard Robinson,RB,JAX,2015,14,0,0,0.0,0,,14,2,1,1,0.0667,0.0036,29,27,15.7,18.53,15.7
00-0030547,Denard Robinson,RB,JAX,2015,15,0,0,0.0,0,,14,10,8,1,0.2703,0.0028,20,22,16.7,21.99,16.7
00-0030547,Denard Robinson,RB,JAX,2015,16,0,0,0.0,0,,6,7,5,9,0.2,0.0312,15,16,12.0,14.83,12.0
00-0030547,Denard Robinson,RB,JAX,2015,17,0,0,0.0,0,,5,1,0,-5,0.0312,-0.0181,14,15,-1.1,3.6,-1.1
00-0030549,Tyler Eifert,TE,CIN,2015,1,0,0,0.0,0,,0,12,9,99,0.3529,0.3523,31,34,31.4,22.02,31.4
00-0030549,Tyler Eifert,TE,CIN,2015,2,0,0,0.0,0,,0,5,4,40,0.2083,0.2,36,35,14.9,10.64,14.9
00-0030549,Tyler Eifert,TE,CIN,2015,3,0,0,0.0,0,,0,3,0,13,0.0938,0.037,31,28,0.0,9.3,0.0
00-0030549,Tyler Eifert,TE,CIN,2015,4,0,0,0.0,0,,0,4,3,32,0.1667,0.1107,26,23,9.9,6.75,9.9
00-0030549,Tyler Eifert,TE,CIN,2015,5,0,0,0.0,0,,0,12,8,78,0.2791,0.2557,31,30,29.0,21.75,29.0
00-0030549,Tyler Eifert,TE,CIN,2015,6,0,0,0.0,0,,0,4,4,21,0.1212,0.0739,28,26,13.0,8.31,13.0
00-0030549,Tyler Eifert,TE,CIN,2015,8,0,0,0.0,0,,0,8,4,50,0.2105,0.1511,23,19,7.9,12.21,7.9
00-0030549,Tyler Eifert,TE,CIN,2015,9,0,0,0.0,0,,0,6,5,51,0.24,0.2615,37,31,28.3,16.87,28.3
00-0030549,Tyler Eifert,TE,CIN,2015,10,0,0,0.0,0,,0,7,3,71,0.1842,0.1919,20,23,5.6,11.88,5.6
00-0030549,Tyler Eifert,TE,CIN,2015,11,0,0,0.0,0,,0,3,3,22,0.0769,0.0493,28,28,17.2,8.05,17.2
00-0030549,Tyler Eifert,TE,CIN,2015,12,0,0,0.0,0,,0,4,3,34,0.1429,0.1683,31,33,13.0,8.37,13.0
00-0030549,Tyler Eifert,TE,CIN,2015,14,0,0,0.0,0,,0,2,2,14,0.0556,0.0417,16,19,6.2,3.41,6.2
00-0030549,Tyler Eifert,TE,CIN,2015,17,0,0,0.0,0,,0,4,4,32,0.1667,0.2336,27,25,15.1,6.38,15.1
00-0030564,DeAndre Hopkins,WR,HOU,2015,1,0,0,0.0,0,,0,13,9,149,0.2826,0.3072,21,23,32.8,22.4,32.8
00-0030564,DeAndre Hopkins,WR,HOU,2015,2,0,0,0.0,0,,0,11,5,148,0.193,0.3274,23,30,10.3,17.64,10.3
00-0030564,DeAndre Hopkins,WR,HOU,2015,3,0,0,0.0,0,,0,14,8,190,0.359,0.5793,46,46,24.1,24.06,24.1
00-0030564,DeAndre Hopkins,WR,HOU,2015,4,0,0,0.0,0,,0,22,9,414,0.386,0.5208,17,23,24.7,38.65,24.7
00-0030564,DeAndre Hopkins,WR,HOU,2015,5,0,0,0.0,0,,0,14,11,204,0.3415,0.5,28,38,27.9,22.12,27.9
00-0030564,DeAndre Hopkins,WR,HOU,2015,6,0,0,0.0,0,,0,15,10,226,0.4167,0.7661,31,32,36.8,26.71,36.8
00-0030564,DeAndre Hopkins,WR,HOU,2015,7,0,0,0.0,0,,0,12,6,110,0.2449,0.3047,25,32,11.0,16.56,11.0
00-0030564,DeAndre Hopkins,WR,HOU,2015,8,0,0,0.0,0,,0,11,8,129,0.3235,0.485,23,30,23.4,20.92,23.4
00-0030564,DeAndre Hopkins,WR,HOU,2015,10,0,0,0.0,0,,0,11,5,141,0.3333,0.3939,25,24,16.7,20.12,16.7
00-0030564,DeAndre Hopkins,WR,HOU,2015,11,0,0,0.0,0,,0,12,5,257,0.3529,0.6474,37,35,28.8,20.92,28.8
00-0030564,DeAndre Hopkins,WR,HOU,2015,12,0,0,0.0,0,,0,8,5,71,0.2963,0.4057,38,36,8.6,14.88,8.6
00-0030564,DeAndre Hopkins,WR,HOU,2015,13,0,0,0.0,0,,0,9,5,118,0.2093,0.2327,26,26,19.8,13.27,19.8
00-0030564,DeAndre Hopkins,WR,HOU,2015,14,0,0,0.0,0,,0,6,3,114,0.25,0.38,22,23,8.2,10.02,8.2
00-0030564,DeAndre Hopkins,WR,HOU,2015,15,0,0,0.0,0,,0,11,8,128,0.4074,0.5494,37,32,17.4,16.83,17.4
00-0030564,DeAndre Hopkins,WR,HOU,2015,16,0,0,0.0,0,,0,11,7,163,0.4231,0.5719,42,36,24.7,20.14,24.7
00-0030564,DeAndre Hopkins,WR,HOU,2015,17,0,0,0.0,0,,0,12,7,152,0.2927,0.517,31,37,15.9,24.9,15.9
00-0030565,Geno Smith,QB,NYJ,2015,8,42,27,1.322,3,2.304,2,0,0,0.0,0.0,0.0,21,22,20.0,17.92,20.0
00-0030569,Sean Renfree,QB,ATL,2015,4,0,0,0.0,0,,1,0,0,0.0,0.0,0.0,35,39,-0.4,0.39,-0.4
00-0030569,Sean Renfree,QB,ATL,2015,14,7,3,-7.419,2,-18.433,0,0,0,0.0,0.0,0.0,16,20,-1.6,1.17,-1.56
00-0030578,Cordarrelle Patterson,RB,MIN,2015,1,0,0,0.0,0,,0,1,1,-2,0.0323,-0.0072,17,22,1.1,1.41,1.1
00-0030578,Cordarrelle Patterson,RB,MIN,2015,3,0,0,0.0,0,,1,0,0,0.0,0.0,0.0,31,31,0.9,0.63,0.9
00-0030578,Cordarrelle Patterson,RB,MIN,2015,4,0,0,0.0,0,,0,1,1,8,0.0244,0.0235,21,23,1.9,1.4,1.9
00-0030578,Cordarrelle Patterson,RB,MIN,2015,10,0,0,0.0,0,,1,0,0,0.0,0.0,0.0,33,34,6.6,0.77,0.6
00-0030586,Ryan Nassib,QB,NYG,2015,16,5,5,5.547,0,32.357,0,0,0,0.0,0.0,0.0,20,24,6.7,1.65,6.72
00-0030656,Isaiah Crowell,RB,CLE,2015,1,0,0,0.0,0,,12,2,2,1,0.0625,0.0041,28,24,5.3,7.71,5.3
00-0030656,Isaiah Crowell,RB,CLE,2015,2,0,0,0.0,0,,15,0,0,0.0,0.0,0.0,30,27,13.2,6.53,13.2
00-0030656,Isaiah Crowell,RB,CLE,2015,3,0,0,0.0,0,,10,0,0,0.0,0.0,0.0,14,21,3.6,9.2,3.6
00-0030656,Isaiah Crowell,RB,CLE,2015,4,0,0,0.0,0,,12,3,3,-5,0.075,-0.0275,21,34,15.5,9.47,15.5
00-0030656,Isaiah Crowell,RB,CLE,2015,5,0,0,0.0,0,,13,2,2,-8,0.0392,-0.0194,25,30,16.7,8.56,16.7
00-0030656,Isaiah Crowell,RB,CLE,2015,6,0,0,0.0,0,,11,2,2,-3,0.0513,-0.009,33,36,6.1,7.56,6.1
00-0030656,Isaiah Crowell,RB,CLE,2015,7,0,0,0.0,0,,8,0,0,0.0,0.0,0.0,24,28,0.9,3.24,0.9
00-0030656,Isaiah Crowell,RB,CLE,2015,8,0,0,0.0,0,,10,2,1,-2,0.05,-0.0061,20,17,3.6,7.27,3.6
00-0030656,Isaiah Crowell,RB,CLE,2015,9,0,0,0.0,0,,10,4,3,-7,0.1212,-0.0224,17,18,9.4,9.41,9.4
00-0030656,Isaiah Crowell,RB,CLE,2015,10,0,0,0.0,0,,6,2,1,-7,0.0444,-0.0238,14,15,0.9,5.73,0.9
00-0030656,Isaiah Crowell,RB,CLE,2015,12,0,0,0.0,0,,7,0,0,0.0,0.0,0.0,18,20,0.7,3.4,0.7
00-0030656,Isaiah Crowell,RB,CLE,2015,13,0,0,0.0,0,,11,1,1,-6,0.0278,-0.0199,19,21,7.4,6.51,7.4
00-0030656,Isaiah Crowell,RB,CLE,2015,14,0,0,0.0,0,,20,1,1,-5,0.0323,-0.0214,41,36,28.4,20.91,28.4
00-0030656,Isaiah Crowell,RB,CLE,2015,15,0,0,0.0,0,,9,3,3,-7,0.0968,-0.0387,17,21,6.0,8.85,6.0
00-0030656,Isaiah Crowell,RB,CLE,2015,16,0,0,0.0,0,,16,0,0,0.0,0.0,0.0,36,27,14.8,7.96,14.8
00-0030656,Isaiah Crowell,RB,CLE,2015,17,0,0,0.0,0,,15,0,0,0.0,0.0,0.0,23,23,5.3,7.31,5.3
00-0030659,Jonathan Krause,WR,PHI,2015,13,0,0,0.0,0,,0,2,1,21,0.0833,0.1591,33,38,1.4,2.99,1.4
00-0030659,Jonathan Krause,WR,PHI,2015,16,0,0,0.0,0,,0,2,1,22,0.0364,0.0669,16,27,1.7,2.91,1.7
00-0030663,Willie Snead,WR,NO,2015,1,0,0,0.0,0,,0,3,1,20,0.0625,0.0858,20,30,7.3,4.97,7.3
00-0030663,Willie Snead,WR,NO,2015,2,0,0,0.0,0,,0,6,4,74,0.1579,0.1932,27,29,12.4,10.66,12.4
00-0030663,Willie Snead,WR,NO,2015,3,0,0,0.0,0,,0,7,5,53,0.1842,0.1963,24,31,9.4,9.7,9.4
00-0030663,Willie Snead,WR,NO,2015,4,0,0,0.0,0,,0,6,6,53,0.1463,0.3029,25,38,14.9,9.55,14.9
00-0030663,Willie Snead,WR,NO,2015,5,0,0,0.0,0,,0,11,6,136,0.2558,0.3192,21,27,20.1,18.23,20.1
00-0030663,Willie Snead,WR,NO,2015,6,0,0,0.0,0,,0,5,4,27,0.1282,0.1211,32,39,9.5,7.86,9.5
00-0030663,Willie Snead,WR,NO,2015,7,0,0,0.0,0,,0,7,3,50,0.1591,0.1433,36,41,5.5,12.83,5.5
00-0030663,Willie Snead,WR,NO,2015,8,0,0,0.0,0,,0,8,6,80,0.16,0.1826,26,32,25.0,16.19,25.0
00-0030663,Willie Snead,WR,NO,2015,9,0,0,0.0,0,,0,10,6,147,0.2564,0.3577,27,29,15.5,18.54,15.5
00-0030663,Willie Snead,WR,NO,2015,10,0,0,0.0,0,,0,1,0,13,0.0357,0.067,25,29,0.0,1.56,0.0
00-0030663,Willie Snead,WR,NO,2015,12,0,0,0.0,0,,0,7,4,88,0.1628,0.3066,10,18,9.0,10.68,9.0
00-0030663,Willie Snead,WR,NO,2015,14,0,0,0.0,0,,0,8,7,86,0.1951,0.3039,35,36,19.2,13.04,19.2
00-0030663,Willie Snead,WR,NO,2015,15,0,0,0.0,0,,0,12,10,51,0.2308,0.1288,18,21,17.6,16.91,17.6
00-0030663,Willie Snead,WR,NO,2015,16,0,0,0.0,0,,0,6,4,87,0.1714,0.2302,35,34,11.5,10.54,11.5
00-0030663,Willie Snead,WR,NO,2015,17,0,0,0.0,0,,0,4,3,59,0.093,0.1521,22,30,6.5,7.37,6.5
00-0030668,Charcandrick West,RB,KC,2015,3,0,0,0.0,0,,0,1,0,0.0,0.025,0.0,18,16,0.0,1.27,0.0
00-0030668,Charcandrick West,RB,KC,2015,4,0,0,0.0,0,,5,3,1,6,0.0698,0.0208,23,23,3.1,7.91,3.1
00-0030668,Charcandrick West,RB,KC,2015,5,0,0,0.0,0,,7,2,1,8,0.0667,0.0426,25,23,4.6,6.73,4.6
00-0030668,Charcandrick West,RB,KC,2015,6,0,0,0.0,0,,9,2,1,0.0,0.0541,0.0,18,16,2.9,7.25,2.9
00-0030668,Charcandrick West,RB,KC,2015,7,0,0,0.0,0,,22,5,2,-2,0.1613,-0.0097,29,27,20.9,28.81,20.9
00-0030668,Charcandrick West,RB,KC,2015,8,0,0,0.0,0,,20,6,4,-16,0.2143,-0.2286,32,30,22.2,20.41,22.2
00-0030668,Charcandrick West,RB,KC,2015,10,0,0,0.0,0,,24,5,3,13,0.1613,0.0707,32,29,31.1,19.08,31.1
00-0030668,Charcandrick West,RB,KC,2015,11,0,0,0.0,0,,11,2,2,1,0.08,0.0068,31,25,8.4,11.66,8.4
00-0030668,Charcandrick West,RB,KC,2015,13,0,0,0.0,0,,9,3,2,-9,0.1364,-0.0732,22,20,6.4,8.85,6.4
00-0030668,Charcandrick West,RB,KC,2015,14,0,0,0.0,0,,10,1,0,0.0,0.0435,0.0,25,19,5.4,5.79,5.4
00-0030668,Charcandrick West,RB,KC,2015,15,0,0,0.0,0,,16,2,2,-5,0.08,-0.0446,28,23,16.5,10.93,16.5
00-0030668,Charcandrick West,RB,KC,2015,16,0,0,0.0,0,,14,1,1,-2,0.0455,-0.0103,27,20,7.1,8.13,7.1
00-0030668,Charcandrick West,RB,KC,2015,17,0,0,0.0,0,,13,1,1,-6,0.0435,-0.0254,39,30,4.2,7.64,4.2
00-0030669,Albert Wilson,WR,KC,2015,1,0,0,0.0,0,,0,3,3,5,0.0968,0.0259,32,28,5.5,4.4,5.5
00-0030669,Albert Wilson,WR,KC,2015,2,0,0,0.0,0,,0,1,0,6,0.04,0.0531,28,28,0.0,1.47,0.0
00-0030669,Albert Wilson,WR,KC,2015,3,0,0,0.0,0,,0,3,0,51,0.075,0.2024,18,16,0.0,4.04,0.0
00-0030669,Albert Wilson,WR,KC,2015,6,0,0,0.0,0,,0,6,3,83,0.1622,0.2448,18,16,14.7,8.22,14.7
00-0030669,Albert Wilson,WR,KC,2015,7,0,0,0.0,0,,0,6,3,55,0.1935,0.2657,29,27,10.1,9.82,10.1
00-0030669,Albert Wilson,WR,KC,2015,8,0,0,0.0,0,,0,4,3,8,0.1429,0.1143,32,30,4.2,6.18,4.2
00-0030669,Albert Wilson,WR,KC,2015,10,0,0,0.0,0,,0,4,1,65,0.129,0.3533,32,29,2.6,8.65,2.6
00-0030669,Albert Wilson,WR,KC,2015,11,0,0,0.0,0,,0,4,4,46,0.16,0.3108,31,25,9.6,7.02,9.6
00-0030669,Albert Wilson,WR,KC,2015,12,0,0,0.0,0,,1,3,3,15,0.1111,0.0524,27,23,6.3,5.26,6.3
00-0030669,Albert Wilson,WR,KC,2015,13,0,0,0.0,0,,1,3,1,53,0.1364,0.4309,22,20,3.2,6.03,3.2
00-0030669,Albert Wilson,WR,KC,2015,14,0,0,0.0,0,,0,6,4,88,0.2609,0.3761,25,19,18.7,10.31,18.7
00-0030669,Albert Wilson,WR,KC,2015,15,0,0,0.0,0,,1,4,4,23,0.16,0.2054,28,23,7.5,6.84,7.5
00-0030669,Albert Wilson,WR,KC,2015,16,0,0,0.0,0,,2,4,3,43,0.1818,0.2216,27,20,6.9,8.37,6.9
00-0030669,Albert Wilson,WR,KC,2015,17,0,0,0.0,0,,0,6,3,40,0.2609,0.1695,39,30,5.4,9.29,5.4
00-0030670,Bennie Fowler,WR,DEN,2015,3,0,0,0.0,0,,0,4,4,23,0.0952,0.0881,19,20,9.0,5.96,9.0
00-0030670,Bennie Fowler,WR,DEN,2015,4,0,0,0.0,0,,0,1,1,7,0.037,0.0297,24,24,2.1,1.49,2.1
00-0030670,Bennie Fowler,WR,DEN,2015,5,0,0,0.0,0,,0,2,2,16,0.0571,0.0557,18,22,6.6,2.88,6.6
00-0030670,Bennie Fowler,WR,DEN,2015,6,0,0,0.0,0,,0,1,0,17,0.0213,0.0365,33,40,0.0,1.7,0.0
00-0030670,Bennie Fowler,WR,DEN,2015,8,0,0,0.0,0,,0,2,2,10,0.069,0.033,34,36,4.1,2.49,4.1
00-0030670,Bennie Fowler,WR,DEN,2015,9,0,0,0.0,0,,0,4,2,27,0.1111,0.0694,14,15,4.2,6.17,4.2
00-0030670,Bennie Fowler,WR,DEN,2015,10,0,0,0.0,0,,0,3,1,36,0.0698,0.0761,16,15,2.7,4.55,2.7
00-0030670,Bennie Fowler,WR,DEN,2015,12,0,0,0.0,0,,0,2,1,14,0.0476,0.0361,32,35,1.8,2.78,1.8
00-0030670,Bennie Fowler,WR,DEN,2015,13,0,0,0.0,0,,0,2,0,20,0.0769,0.0784,39,36,0.0,2.66,0.0
00-0030670,Bennie Fowler,WR,DEN,2015,14,0,0,0.0,0,,0,1,1,6,0.0196,0.02,21,28,2.2,2.07,2.2
00-0030670,Bennie Fowler,WR,DEN,2015,15,0,0,0.0,0,,0,1,0,15,0.0227,0.0291,25,19,0.0,2.93,0.0
00-0030670,Bennie Fowler,WR,DEN,2015,16,0,0,0.0,0,,0,1,1,12,0.0256,0.0329,21,23,2.3,1.63,2.3
00-0030670,Bennie Fowler,WR,DEN,2015,17,0,0,0.0,0,,0,1,1,0.0,0.0323,0.0,32,33,1.3,1.34,1.3
00-0030691,Jeremy Butler,WR,BAL,2015,10,0,0,0.0,0,,0,1,1,16,0.0222,0.0444,21,24,3.1,1.77,3.1
00-0030691,Jeremy Butler,WR,BAL,2015,11,0,0,0.0,0,,0,5,4,6,0.1163,0.0273,28,31,8.5,6.16,8.5
00-0030691,Jeremy Butler,WR,BAL,2015,12,0,0,0.0,0,,0,4,3,37,0.1176,0.1548,23,23,5.7,5.96,5.7
00-0030691,Jeremy Butler,WR,BAL,2015,13,0,0,0.0,0,,0,5,4,46,0.1087,0.146,26,38,8.3,7.53,8.3
00-0030691,Jeremy Butler,WR,BAL,2015,14,0,0,0.0,0,,0,10,7,108,0.25,0.2827,14,18,14.2,14.63,14.2
00-0030691,Jeremy Butler,WR,BAL,2015,15,0,0,0.0,0,,0,5,3,32,0.1111,0.0744,20,16,9.0,6.84,9.0
00-0030691,Jeremy Butler,WR,BAL,2015,16,0,0,0.0,0,,0,6,3,44,0.15,0.1705,31,36,6.8,9.46,6.8
00-0030691,Jeremy Butler,WR,BAL,2015,17,0,0,0.0,0,,0,8,6,55,0.1481,0.1291,21,27,11.7,9.63,11.7
00-0030705,Juwan Thompson,RB,DEN,2015,3,0,0,0.0,0,,3,0,0,0.0,0.0,0.0,19,20,1.1,2.96,1.1
00-0030705,Juwan Thompson,RB,DEN,2015,5,0,0,0.0,0,,0,1,1,-5,0.0286,-0.0174,18,22,2.6,1.33,2.6
00-0030705,Juwan Thompson,RB,DEN,2015,8,0,0,0.0,0,,1,0,0,0.0,0.0,0.0,34,36,-0.1,0.58,-0.1
00-0030705,Juwan Thompson,RB,DEN,2015,10,0,0,0.0,0,,0,1,0,-3,0.0233,-0.0063,16,15,0.0,1.44,0.0
00-0030705,Juwan Thompson,RB,DEN,2015,12,0,0,0.0,0,,1,0,0,0.0,0.0,0.0,32,35,0.3,0.39,0.3
00-0030705,Juwan Thompson,RB,DEN,2015,13,0,0,0.0,0,,8,1,1,-5,0.0385,-0.0196,39,36,5.1,5.69,5.1
00-0030705,Juwan Thompson,RB,DEN,2015,14,0,0,0.0,0,,5,6,4,-1,0.1176,-0.0033,21,28,6.9,11.23,6.9
00-0030710,Trey Burton,TE,PHI,2015,11,0,0,0.0,0,,0,1,0,4,0.0244,0.0214,28,33,0.0,1.27,0.0
00-0030710,Trey Burton,TE,PHI,2015,12,0,0,0.0,0,,0,2,2,19,0.0741,0.0922,25,28,6.9,3.42,6.9
00-0030710,Trey Burton,TE,PHI,2015,17,0,0,0.0,0,,0,1,1,4,0.0263,0.0194,26,33,1.5,1.43,1.5
00-0030758,Justin Perillo,TE,GB,2015,6,0,0,0.0,0,,0,2,1,25,0.069,0.094,17,17,3.1,5.42,3.1
00-0030758,Justin Perillo,TE,GB,2015,8,0,0,0.0,0,,0,1,1,5,0.0455,0.0394,21,21,1.6,1.44,1.6
00-0030758,Justin Perillo,TE,GB,2015,10,0,0,0.0,0,,0,6,5,55,0.1,0.1107,18,21,16.8,10.78,16.8
00-0030758,Justin Perillo,TE,GB,2015,12,0,0,0.0,0,,0,2,2,5,0.0465,0.0185,28,32,2.9,2.7,2.9
00-0030758,Justin Perillo,TE,GB,2015,14,0,0,0.0,0,,0,1,1,0.0,0.0303,0.0,44,40,1.3,1.3,1.3
00-0030758,Justin Perillo,TE,GB,2015,15,0,0,0.0,0,,0,1,1,5,0.0263,0.0138,28,21,1.5,1.34,1.5
00-0030780,Ryan Hewitt,TE,CIN,2015,1,0,0,0.0,0,,0,1,0,17,0.0294,0.0605,31,34,0.0,3.09,0.0
00-0030780,Ryan Hewitt,TE,CIN,2015,2,0,0,0.0,0,,0,1,0,0.0,0.0417,0.0,36,35,0.0,3.62,0.0
00-0030780,Ryan Hewitt,TE,CIN,2015,6,0,0,0.0,0,,0,2,1,29,0.0606,0.1021,28,26,2.6,3.81,2.6
00-0030780,Ryan Hewitt,TE,CIN,2015,8,0,0,0.0,0,,0,1,1,8,0.0263,0.0242,23,19,3.2,1.66,3.2
00-0030780,Ryan Hewitt,TE,CIN,2015,10,0,0,0.0,0,,0,1,1,-3,0.0263,-0.0081,20,23,1.7,1.44,1.7
00-0030780,Ryan Hewitt,TE,CIN,2015,12,0,0,0.0,0,,0,2,2,17,0.0714,0.0842,31,33,4.9,3.48,4.9
00-0030780,Ryan Hewitt,TE,CIN,2015,13,0,0,0.0,0,,0,1,1,-4,0.0455,-0.0229,33,30,1.7,1.56,1.7
00-0030780,Ryan Hewitt,TE,CIN,2015,14,0,0,0.0,0,,0,1,1,5,0.0278,0.0149,16,19,1.9,1.42,1.9
00-0030780,Ryan Hewitt,TE,CIN,2015,15,0,0,0.0,0,,0,2,1,5,0.0952,0.0256,36,37,1.9,2.79,1.9
00-0030789,Antonio Andrews,RB,TEN,2015,3,0,0,0.0,0,,12,2,1,0.0,0.0465,0.0,27,24,13.1,11.55,13.1
00-0030789,Antonio Andrews,RB,TEN,2015,5,0,0,0.0,0,,7,4,3,6,0.125,0.0271,28,20,14.4,13.01,14.4
00-0030789,Antonio Andrews,RB,TEN,2015,6,0,0,0.0,0,,9,1,1,-5,0.025,-0.0168,18,14,3.5,5.62,3.5
00-0030789,Antonio Andrews,RB,TEN,2015,7,0,0,0.0,0,,10,0,0,0.0,0.0,0.0,16,10,5.7,4.23,5.7
00-0030789,Antonio Andrews,RB,TEN,2015,8,0,0,0.0,0,,16,3,3,-9,0.0968,-0.0402,20,19,11.2,11.15,11.2
00-0030789,Antonio Andrews,RB,TEN,2015,9,0,0,0.0,0,,19,2,1,14,0.0513,0.0493,28,20,12.1,11.38,12.1
00-0030789,Antonio Andrews,RB,TEN,2015,10,0,0,0.0,0,,11,0,0,0.0,0.0,0.0,21,14,0.8,4.71,0.8
00-0030789,Antonio Andrews,RB,TEN,2015,11,0,0,0.0,0,,15,2,2,7,0.0606,0.0195,26,22,11.4,9.18,11.4
00-0030789,Antonio Andrews,RB,TEN,2015,12,0,0,0.0,0,,11,2,1,8,0.0556,0.0198,18,17,5.6,8.2,5.6
00-0030789,Antonio Andrews,RB,TEN,2015,13,0,0,0.0,0,,13,1,1,2,0.0345,0.007,35,27,13.8,14.94,13.8
00-0030789,Antonio Andrews,RB,TEN,2015,14,1,1,3.954,0,66.257,4,2,1,3,0.05,0.0069,13,7,8.0,4.83,8.04
00-0030789,Antonio Andrews,RB,TEN,2015,15,0,0,0.0,0,,14,6,5,5,0.1818,0.0148,21,28,12.0,14.07,12.0
00-0030789,Antonio Andrews,RB,TEN,2015,16,0,0,0.0,0,,2,2,0,17,0.0392,0.043,11,15,-1.9,3.41,-1.9
00-0030789,Antonio Andrews,RB,TEN,2015,17,0,0,0.0,0,,0,2,2,-5,0.08,-0.035,27,25,2.3,2.73,2.3
00-0030801,Brandon Coleman,WR,NO,2015,1,0,0,0.0,0,,0,7,4,98,0.1458,0.4206,20,30,14.1,10.54,14.1
00-0030801,Brandon Coleman,WR,NO,2015,2,0,0,0.0,0,,0,6,3,78,0.1579,0.2037,27,29,6.3,10.24,6.3
00-0030801,Brandon Coleman,WR,NO,2015,3,0,0,0.0,0,,0,3,1,55,0.0789,0.2037,24,31,1.9,4.58,1.9
00-0030801,Brandon Coleman,WR,NO,2015,4,0,0,0.0,0,,0,1,1,25,0.0244,0.1429,25,38,4.0,1.59,4.0
00-0030801,Brandon Coleman,WR,NO,2015,5,0,0,0.0,0,,0,1,0,15,0.0233,0.0352,21,27,0.0,1.23,0.0
00-0030801,Brandon Coleman,WR,NO,2015,6,0,0,0.0,0,,0,1,0,4,0.0256,0.0179,32,39,0.0,3.55,0.0
00-0030801,Brandon Coleman,WR,NO,2015,7,0,0,0.0,0,,0,1,1,19,0.0227,0.0544,36,41,3.4,1.61,3.4
00-0030801,Brandon Coleman,WR,NO,2015,8,0,0,0.0,0,,0,1,1,14,0.02,0.032,26,32,2.4,1.9,2.4
00-0030801,Brandon Coleman,WR,NO,2015,9,0,0,0.0,0,,0,3,2,73,0.0769,0.1776,27,29,7.8,5.5,7.8
00-0030801,Brandon Coleman,WR,NO,2015,10,0,0,0.0,0,,0,1,1,6,0.0357,0.0309,25,29,2.4,1.5,2.4
00-0030801,Brandon Coleman,WR,NO,2015,12,0,0,0.0,0,,0,1,0,6,0.0233,0.0209,10,18,0.0,3.45,0.0
00-0030801,Brandon Coleman,WR,NO,2015,13,0,0,0.0,0,,0,7,4,85,0.1707,0.2273,14,18,17.3,11.57,17.3
00-0030801,Brandon Coleman,WR,NO,2015,14,0,0,0.0,0,,0,3,3,24,0.0732,0.0848,35,36,6.2,5.27,6.2
00-0030801,Brandon Coleman,WR,NO,2015,15,0,0,0.0,0,,0,1,0,16,0.0192,0.0404,18,21,0.0,1.72,0.0
00-0030801,Brandon Coleman,WR,NO,2015,16,0,0,0.0,0,,0,4,4,36,0.1143,0.0952,35,34,8.5,6.39,8.5
00-0030801,Brandon Coleman,WR,NO,2015,17,0,0,0.0,0,,0,8,5,126,0.186,0.3247,22,30,13.1,13.72,13.1
00-0030806,Nic Jacobs,TE,JAX,2015,1,0,0,0.0,0,,0,1,0,21,0.0256,0.0737,21,24,0.0,2.23,0.0
00-0030806,Nic Jacobs,TE,JAX,2015,7,0,0,0.0,0,,0,1,0,1,0.0345,0.0027,32,27,0.0,1.29,0.0
00-0030806,Nic Jacobs,TE,JAX,2015,9,0,0,0.0,0,,0,1,1,1,0.025,0.0021,19,18,1.6,0.82,1.6
00-0030807,Seantavius Jones,WR,NO,2015,16,0,0,0.0,0,,0,1,0,7,0.0286,0.0185,35,34,0.0,1.64,0.0
00-0030821,Allen Hurns,WR,JAX,2015,1,0,0,0.0,0,,0,7,5,79,0.1795,0.2772,21,24,9.0,10.05,9.0
00-0030821,Allen Hurns,WR,JAX,2015,2,0,0,0.0,0,,0,4,4,36,0.1212,0.0933,33,33,10.8,6.26,10.8
00-0030821,Allen Hurns,WR,JAX,2015,3,0,0,0.0,0,,0,4,2,65,0.1212,0.1662,20,22,15.0,6.83,15.0
00-0030821,Allen Hurns,WR,JAX,2015,4,0,0,0.0,0,,0,15,11,92,0.3191,0.2255,28,25,28.6,24.06,28.6
00-0030821,Allen Hurns,WR,JAX,2015,5,0,0,0.0,0,,0,6,5,80,0.1875,0.2346,17,21,22.6,10.87,22.6
00-0030821,Allen Hurns,WR,JAX,2015,6,0,0,0.0,0,,0,7,2,108,0.1321,0.2213,21,23,11.0,11.25,11.0
00-0030821,Allen Hurns,WR,JAX,2015,7,0,0,0.0,0,,0,8,2,157,0.2759,0.422,32,27,13.3,16.6,13.3
00-0030821,Allen Hurns,WR,JAX,2015,9,0,0,0.0,0,,0,8,5,143,0.2,0.2973,19,18,23.2,11.23,23.2
00-0030821,Allen Hurns,WR,JAX,2015,10,0,0,0.0,0,,0,9,5,93,0.2,0.3,22,24,17.2,16.08,17.2
00-0030821,Allen Hurns,WR,JAX,2015,11,0,0,0.0,0,,0,4,3,17,0.129,0.0632,23,24,4.9,5.55,4.9
00-0030821,Allen Hurns,WR,JAX,2015,12,0,0,0.0,0,,0,9,4,84,0.1837,0.2386,19,17,8.2,16.9,8.2
00-0030821,Allen Hurns,WR,JAX,2015,14,0,0,0.0,0,,0,4,3,41,0.1333,0.1486,29,27,19.5,8.3,19.5
00-0030821,Allen Hurns,WR,JAX,2015,15,0,0,0.0,0,,0,5,2,80,0.1351,0.2216,20,22,6.4,9.48,6.4
00-0030821,Allen Hurns,WR,JAX,2015,16,0,0,0.0,0,,0,10,8,104,0.2857,0.3611,15,16,30.7,19.97,30.7
00-0030821,Allen Hurns,WR,JAX,2015,17,0,0,0.0,0,,0,5,3,37,0.1562,0.1341,14,15,4.7,7.15,4.7
00-0030832,Asante Cleveland,TE,NE,2015,12,0,0,0.0,0,,0,1,1,1,0.0238,0.0022,16,22,1.1,1.32,1.1
00-0030855,Zurlon Tipton,RB,IND,2015,5,0,0,0.0,0,,2,1,0,-1,0.0345,-0.0042,30,28,0.9,2.67,0.9
00-0030855,Zurlon Tipton,RB,IND,2015,13,0,0,0.0,0,,1,2,1,1,0.0588,0.0047,18,23,1.7,3.21,1.7
00-0030855,Zurlon Tipton,RB,IND,2015,14,0,0,0.0,0,,1,5,4,28,0.1163,0.0757,23,28,9.7,8.24,9.7
00-0030855,Zurlon Tipton,RB,IND,2015,15,0,0,0.0,0,,1,0,0,0.0,0.0,0.0,19,19,0.4,0.76,0.4
00-0030856,Tony Washington,WR,JAX,2015,4,0,0,0.0,0,,1,0,0,0.0,0.0,0.0,28,25,0.8,0.64,0.8
00-0030860,Orleans Darkwa,RB,NYG,2015,7,0,0,0.0,0,,8,1,0,-3,0.0417,-0.017,25,22,10.8,4.94,10.8
00-0030860,Orleans Darkwa,RB,NYG,2015,8,0,0,0.0,0,,4,0,0,0.0,0.0,0.0,21,31,2.3,7.81,2.3
00-0030860,Orleans Darkwa,RB,NYG,2015,9,0,0,0.0,0,,6,0,0,0.0,0.0,0.0,33,38,2.3,2.72,2.3
00-0030860,Orleans Darkwa,RB,NYG,2015,10,0,0,0.0,0,,5,0,0,0.0,0.0,0.0,23,26,1.5,2.37,1.5
00-0030860,Orleans Darkwa,RB,NYG,2015,12,0,0,0.0,0,,2,0,0,0.0,0.0,0.0,13,18,0.2,0.83,0.2
00-0030860,Orleans Darkwa,RB,NYG,2015,13,0,0,0.0,0,,8,2,1,-5,0.0588,-0.0177,24,27,4.3,6.58,4.3
00-0030860,Orleans Darkwa,RB,NYG,2015,14,0,0,0.0,0,,2,1,1,3,0.0323,0.0133,31,32,2.6,2.38,2.6
00-0030860,Orleans Darkwa,RB,NYG,2015,16,0,0,0.0,0,,1,1,1,3,0.0294,0.0133,20,24,3.4,1.87,3.4
00-0030874,Damien Williams,RB,MIA,2015,1,0,0,0.0,0,,1,1,1,1,0.0294,0.0036,18,16,1.3,2.14,1.3
00-0030874,Damien Williams,RB,MIA,2015,2,0,0,0.0,0,,2,4,3,8,0.093,0.0208,16,20,11.0,6.96,11.0
00-0030874,Damien Williams,RB,MIA,2015,3,0,0,0.0,0,,2,3,1,26,0.0612,0.0603,20,22,3.2,5.25,3.2
00-0030874,Damien Williams,RB,MIA,2015,4,0,0,0.0,0,,0,1,1,-3,0.0227,-0.0075,11,10,1.1,1.48,1.1
00-0030874,Damien Williams,RB,MIA,2015,6,0,0,0.0,0,,2,0,0,0.0,0.0,0.0,32,31,0.5,0.86,0.5
00-0030874,Damien Williams,RB,MIA,2015,7,0,0,0.0,0,,4,2,2,-6,0.1,-0.1111,35,36,2.9,4.67,2.9
00-0030874,Damien Williams,RB,MIA,2015,10,0,0,0.0,0,,0,1,0,5,0.0278,0.0177,26,28,0.0,1.71,0.0
00-0030874,Damien Williams,RB,MIA,2015,12,0,0,0.0,0,,0,4,2,0.0,0.069,0.0,9,17,3.0,5.52,3.0
00-0030874,Damien Williams,RB,MIA,2015,13,0,0,0.0,0,,1,1,1,5,0.0526,0.0275,26,27,1.6,2.02,1.6
00-0030874,Damien Williams,RB,MIA,2015,14,0,0,0.0,0,,0,3,2,34,0.0732,0.0719,22,19,3.1,4.55,3.1
00-0030874,Damien Williams,RB,MIA,2015,15,0,0,0.0,0,,1,2,2,0.0,0.0645,0.0,19,21,3.2,3.3,3.2
00-0030874,Damien Williams,RB,MIA,2015,16,0,0,0.0,0,,0,3,3,16,0.0789,0.0546,25,32,6.3,4.89,6.3
00-0030874,Damien Williams,RB,MIA,2015,17,0,0,0.0,0,,3,3,3,29,0.0789,0.0566,34,33,7.9,6.04,7.9
00-0030920,Javontee Herndon,WR,LAC,2015,9,0,0,0.0,0,,0,2,1,30,0.0476,0.0997,19,28,2.2,3.42,2.2
00-0030920,Javontee Herndon,WR,LAC,2015,11,0,0,0.0,0,,0,7,5,51,0.2333,0.1835,25,23,8.7,10.15,8.7
00-0030920,Javontee Herndon,WR,LAC,2015,13,0,0,0.0,0,,0,2,2,24,0.0606,0.0988,23,27,5.0,3.21,5.0
00-0030920,Javontee Herndon,WR,LAC,2015,14,0,0,0.0,0,,0,7,5,54,0.1667,0.1371,18,24,9.7,8.51,9.7
00-0030920,Javontee Herndon,WR,LAC,2015,15,0,0,0.0,0,,0,6,5,19,0.1667,0.054,36,44,8.5,10.59,8.5
00-0030920,Javontee Herndon,WR,LAC,2015,16,0,0,0.0,0,,0,5,3,8,0.102,0.0228,25,36,4.6,7.06,4.6
00-0030920,Javontee Herndon,WR,LAC,2015,17,0,0,0.0,0,,1,4,3,3,0.1143,0.0105,29,36,6.1,5.78,6.1
00-0030990,Josh Huff,WR,PHI,2015,1,0,0,0.0,0,,0,3,2,2,0.0577,0.0071,16,30,3.9,4.55,3.9
00-0030990,Josh Huff,WR,PHI,2015,2,0,0,0.0,0,,0,3,2,14,0.0811,0.0657,17,24,4.0,4.73,4.0
00-0030990,Josh Huff,WR,PHI,2015,5,0,0,0.0,0,,0,5,4,53,0.1111,0.1485,34,44,17.8,9.21,17.8
00-0030990,Josh Huff,WR,PHI,2015,6,0,0,0.0,0,,0,3,3,-5,0.0811,-0.013,37,37,4.9,4.18,4.9
00-0030990,Josh Huff,WR,PHI,2015,7,0,0,0.0,0,,0,5,2,17,0.1087,0.0783,30,37,2.5,8.47,2.5
00-0030990,Josh Huff,WR,PHI,2015,9,0,0,0.0,0,,0,4,2,9,0.1111,0.0514,35,42,3.0,5.86,3.0
00-0030990,Josh Huff,WR,PHI,2015,10,0,0,0.0,0,,0,4,3,24,0.0833,0.0784,35,45,11.3,7.82,11.3
00-0030990,Josh Huff,WR,PHI,2015,11,0,0,0.0,0,,0,1,1,8,0.0244,0.0428,28,33,10.9,1.48,10.9
00-0030990,Josh Huff,WR,PHI,2015,12,0,0,0.0,0,,0,1,1,11,0.037,0.0534,25,28,2.1,1.37,2.1
00-0030990,Josh Huff,WR,PHI,2015,14,0,0,0.0,0,,0,3,2,23,0.0811,0.0617,34,37,4.8,4.52,4.8
00-0030990,Josh Huff,WR,PHI,2015,15,0,0,0.0,0,,0,4,4,43,0.0976,0.1284,20,23,9.2,5.21,9.2
00-0030990,Josh Huff,WR,PHI,2015,16,0,0,0.0,0,,0,2,1,11,0.0364,0.0334,16,27,1.8,2.68,1.8
00-0030990,Josh Huff,WR,PHI,2015,17,0,0,0.0,0,,0,2,0,8,0.0526,0.0388,26,33,0.0,2.81,0.0
00-0030992,Crockett Gillmore,TE,BAL,2015,1,0,0,0.0,0,,0,4,2,54,0.125,0.2812,23,28,4.3,7.95,4.3
00-0030992,Crockett Gillmore,TE,BAL,2015,2,0,0,0.0,0,,0,6,5,39,0.1333,0.0863,25,31,25.8,10.4,25.8
00-0030992,Crockett Gillmore,TE,BAL,2015,3,0,0,0.0,0,,0,3,3,6,0.0625,0.0208,18,21,7.0,4.03,7.0
00-0030992,Crockett Gillmore,TE,BAL,2015,6,0,0,0.0,0,,0,6,3,60,0.1154,0.106,22,29,6.0,9.06,6.0
00-0030992,Crockett Gillmore,TE,BAL,2015,7,0,0,0.0,0,,0,7,5,46,0.1795,0.1901,16,19,10.3,11.94,10.3
00-0030992,Crockett Gillmore,TE,BAL,2015,8,0,0,0.0,0,,0,4,2,36,0.1081,0.1216,25,25,8.8,10.87,8.8
00-0030992,Crockett Gillmore,TE,BAL,2015,10,0,0,0.0,0,,0,4,4,33,0.0889,0.0917,21,24,14.2,8.26,14.2
00-0030992,Crockett Gillmore,TE,BAL,2015,11,0,0,0.0,0,,0,8,5,49,0.186,0.2227,28,31,15.1,12.02,15.1
00-0030992,Crockett Gillmore,TE,BAL,2015,12,0,0,0.0,0,,0,4,3,20,0.1176,0.0837,23,23,5.0,5.67,5.0
00-0030992,Crockett Gillmore,TE,BAL,2015,13,0,0,0.0,0,,0,1,1,2,0.0217,0.0063,26,38,1.7,1.14,1.7
00-0031001,Jeff Janis,WR,GB,2015,3,0,0,0.0,0,,0,1,0,34,0.0286,0.1214,32,33,0.0,1.79,0.0
00-0031001,Jeff Janis,WR,GB,2015,6,0,0,0.0,0,,0,4,2,73,0.1379,0.2744,17,17,9.9,6.29,9.9
00-0031001,Jeff Janis,WR,GB,2015,11,0,0,0.0,0,,0,2,0,43,0.0588,0.1303,34,32,0.0,4.07,0.0
00-0031001,Jeff Janis,WR,GB,2015,13,0,0,0.0,0,,0,1,0,46,0.0286,0.1153,24,25,0.0,1.7,0.0
00-0031001,Jeff Janis,WR,GB,2015,15,0,0,0.0,0,,0,4,0,29,0.1053,0.0801,28,21,0.0,12.59,0.0
00-0031021,Jared Abbrederis,WR,GB,2015,10,0,0,0.0,0,,0,7,4,114,0.1167,0.2294,18,21,9.7,11.7,9.7
00-0031021,Jared Abbrederis,WR,GB,2015,13,0,0,0.0,0,,0,3,1,75,0.0857,0.188,24,25,2.6,4.62,2.6
00-0031021,Jared Abbrederis,WR,GB,2015,14,0,0,0.0,0,,0,1,0,3,0.0303,0.0149,44,40,0.0,3.27,0.0
00-0031021,Jared Abbrederis,WR,GB,2015,15,0,0,0.0,0,,0,3,3,28,0.0789,0.0773,28,21,6.3,4.74,6.3
00-0031021,Jared Abbrederis,WR,GB,2015,16,0,0,0.0,0,,0,2,1,29,0.069,0.1062,26,20,1.5,3.18,1.5
00-0031023,Quincy Enunwa,WR,NYJ,2015,2,0,0,0.0,0,,0,3,1,41,0.0882,0.1076,27,32,3.7,5.43,3.7
00-0031023,Quincy Enunwa,WR,NYJ,2015,3,0,0,0.0,0,,0,10,5,87,0.1724,0.1726,16,21,10.0,14.73,10.0
00-0031023,Quincy Enunwa,WR,NYJ,2015,4,0,0,0.0,0,,0,1,0,17,0.0345,0.0594,43,37,0.0,2.07,0.0
00-0031023,Quincy Enunwa,WR,NYJ,2015,6,0,0,0.0,0,,0,3,2,19,0.1154,0.1,41,43,3.7,4.24,3.7
00-0031023,Quincy Enunwa,WR,NYJ,2015,11,0,0,0.0,0,,0,4,2,58,0.1026,0.1245,21,23,4.2,6.57,4.2
00-0031023,Quincy Enunwa,WR,NYJ,2015,12,0,0,0.0,0,,0,6,2,68,0.1622,0.1894,34,33,4.9,9.66,4.9
00-0031023,Quincy Enunwa,WR,NYJ,2015,13,0,0,0.0,0,,0,4,2,48,0.08,0.1548,24,32,5.7,6.22,5.7
00-0031023,Quincy Enunwa,WR,NYJ,2015,14,0,0,0.0,0,,0,3,1,2,0.0833,0.0074,34,37,2.0,4.32,2.0
00-0031023,Quincy Enunwa,WR,NYJ,2015,15,0,0,0.0,0,,0,4,4,29,0.1026,0.0932,26,30,8.9,6.65,8.9
00-0031023,Quincy Enunwa,WR,NYJ,2015,16,0,0,0.0,0,,0,4,2,67,0.1,0.1555,27,34,8.9,5.47,8.9
00-0031023,Quincy Enunwa,WR,NYJ,2015,17,0,0,0.0,0,,0,4,1,19,0.1111,0.0461,17,17,1.5,5.68,1.5
00-0031025,Michael Campanaro,WR,BAL,2015,1,0,0,0.0,0,,0,2,1,20,0.0625,0.1042,23,28,1.8,3.31,1.8
00-0031025,Michael Campanaro,WR,BAL,2015,3,0,0,0.0,0,,1,2,2,7,0.0417,0.0243,18,21,3.9,6.01,3.9
00-0031025,Michael Campanaro,WR,BAL,2015,4,0,0,0.0,0,,1,2,2,-4,0.0606,-0.0203,39,36,10.5,4.24,10.5
00-0031044,Troy Niklas,TE,ARI,2015,6,0,0,0.0,0,,0,1,1,12,0.0227,0.0223,20,22,2.3,1.89,2.3
00-0031044,Troy Niklas,TE,ARI,2015,8,0,0,0.0,0,,0,2,2,12,0.0541,0.0242,38,36,15.2,7.07,15.2
00-0031044,Troy Niklas,TE,ARI,2015,17,0,0,0.0,0,,0,1,1,8,0.0233,0.0174,13,17,1.8,1.71,1.8
00-0031045,Carlos Hyde,RB,SF,2015,1,0,0,0.0,0,,26,2,2,-6,0.0769,-0.0288,39,35,32.2,18.02,32.2
00-0031045,Carlos Hyde,RB,SF,2015,2,0,0,0.0,0,,13,4,4,9,0.087,0.0272,31,28,10.1,11.19,10.1
00-0031045,Carlos Hyde,RB,SF,2015,3,0,0,0.0,0,,15,1,1,-5,0.0526,-0.036,29,24,7.1,9.71,7.1
00-0031045,Carlos Hyde,RB,SF,2015,4,0,0,0.0,0,,8,1,1,-6,0.04,-0.025,19,11,3.2,5.05,3.2
00-0031045,Carlos Hyde,RB,SF,2015,5,0,0,0.0,0,,21,5,1,20,0.1429,0.1058,27,25,16.7,24.74,16.7
00-0031045,Carlos Hyde,RB,SF,2015,6,0,0,0.0,0,,21,2,2,-2,0.0741,-0.0066,25,24,8.0,12.91,8.0
00-0031045,Carlos Hyde,RB,SF,2015,7,0,0,0.0,0,,11,0,0,0.0,0.0,0.0,15,18,4.0,5.16,4.0
00-0031051,John Brown,WR,ARI,2015,1,0,0,0.0,0,,0,7,4,93,0.2188,0.2598,25,24,14.6,12.68,14.6
00-0031051,John Brown,WR,ARI,2015,2,0,0,0.0,0,,0,5,5,29,0.2174,0.112,28,27,9.5,6.72,9.5
00-0031051,John Brown,WR,ARI,2015,3,0,0,0.0,0,,0,5,3,81,0.1613,0.216,37,37,9.2,10.38,9.2
00-0031051,John Brown,WR,ARI,2015,4,0,0,0.0,0,,1,10,7,102,0.2222,0.2531,21,26,15.8,17.27,15.8
00-0031051,John Brown,WR,ARI,2015,5,0,0,0.0,0,,0,4,4,54,0.2222,0.2278,25,21,17.3,7.93,17.3
00-0031051,John Brown,WR,ARI,2015,6,0,0,0.0,0,,0,14,10,253,0.3182,0.4703,20,22,27.6,26.67,27.6
00-0031051,John Brown,WR,ARI,2015,7,0,0,0.0,0,,0,6,4,57,0.2143,0.2478,28,31,16.5,12.23,16.5
00-0031051,John Brown,WR,ARI,2015,10,0,0,0.0,0,,0,3,0,49,0.0667,0.0935,33,34,0.0,5.36,0.0
00-0031051,John Brown,WR,ARI,2015,11,0,0,0.0,0,,2,3,3,30,0.1,0.0898,25,26,14.2,8.63,14.2
00-0031051,John Brown,WR,ARI,2015,12,0,0,0.0,0,,0,7,5,136,0.175,0.3261,29,31,14.9,14.64,14.9
00-0031051,John Brown,WR,ARI,2015,13,0,0,0.0,0,,0,8,6,111,0.2,0.2714,36,35,17.3,14.44,17.3
00-0031051,John Brown,WR,ARI,2015,14,0,0,0.0,0,,0,5,4,58,0.1429,0.1812,29,32,17.8,9.83,17.8
00-0031051,John Brown,WR,ARI,2015,15,0,0,0.0,0,,0,9,3,216,0.2812,0.4277,39,42,12.8,19.64,12.8
00-0031051,John Brown,WR,ARI,2015,16,0,0,0.0,0,,0,4,3,54,0.1481,0.2477,26,29,11.5,8.85,11.5
00-0031051,John Brown,WR,ARI,2015,17,0,0,0.0,0,,0,11,4,168,0.2558,0.3644,13,17,8.5,18.09,8.5
00-0031055,Andre Williams,RB,NYG,2015,1,0,0,0.0,0,,6,0,0,0.0,0.0,0.0,24,26,1.4,2.53,1.4
00-0031055,Andre Williams,RB,NYG,2015,2,0,0,0.0,0,,6,0,0,0.0,0.0,0.0,23,31,4.3,2.63,4.3
00-0031055,Andre Williams,RB,NYG,2015,3,0,0,0.0,0,,14,0,0,0.0,0.0,0.0,31,34,8.9,12.71,8.9
00-0031055,Andre Williams,RB,NYG,2015,4,0,0,0.0,0,,11,1,0,1,0.0286,0.004,28,27,5.5,6.24,5.5
00-0031055,Andre Williams,RB,NYG,2015,5,0,0,0.0,0,,3,0,0,0.0,0.0,0.0,21,31,0.0,5.62,0.0
00-0031055,Andre Williams,RB,NYG,2015,6,0,0,0.0,0,,5,0,0,0.0,0.0,0.0,23,26,0.6,2.15,0.6
00-0031055,Andre Williams,RB,NYG,2015,7,0,0,0.0,0,,4,0,0,0.0,0.0,0.0,25,22,1.3,1.77,1.3
00-0031055,Andre Williams,RB,NYG,2015,8,0,0,0.0,0,,5,0,0,0.0,0.0,0.0,21,31,0.7,8.3,0.7
00-0031055,Andre Williams,RB,NYG,2015,9,0,0,0.0,0,,7,1,1,4,0.025,0.013,33,38,4.7,4.76,4.7
00-0031055,Andre Williams,RB,NYG,2015,10,0,0,0.0,0,,2,0,0,0.0,0.0,0.0,23,26,0.2,0.89,0.2
00-0031055,Andre Williams,RB,NYG,2015,12,0,0,0.0,0,,2,0,0,0.0,0.0,0.0,13,18,0.1,0.8,0.1
00-0031055,Andre Williams,RB,NYG,2015,13,0,0,0.0,0,,6,1,0,1,0.0294,0.0035,24,27,2.2,6.44,2.2
00-0031055,Andre Williams,RB,NYG,2015,14,0,0,0.0,0,,3,0,0,0.0,0.0,0.0,31,32,0.3,1.3,0.3
00-0031055,Andre Williams,RB,NYG,2015,15,0,0,0.0,0,,6,0,0,0.0,0.0,0.0,27,35,2.1,2.77,2.1
00-0031055,Andre Williams,RB,NYG,2015,16,0,0,0.0,0,,3,0,0,0.0,0.0,0.0,20,24,0.5,1.44,0.5
00-0031055,Andre Williams,RB,NYG,2015,17,0,0,0.0,0,,5,0,0,0.0,0.0,0.0,36,44,2.6,2.2,2.6
00-0031057,Ka'Deem Carey,RB,CHI,2015,9,0,0,0.0,0,,7,0,0,0.0,0.0,0.0,29,29,2.8,3.15,2.8
00-0031057,Ka'Deem Carey,RB,CHI,2015,10,0,0,0.0,0,,14,0,0,0.0,0.0,0.0,37,41,3.6,6.15,3.6
00-0031057,Ka'Deem Carey,RB,CHI,2015,11,0,0,0.0,0,,9,0,0,0.0,0.0,0.0,25,25,3.2,3.88,3.2
00-0031057,Ka'Deem Carey,RB,CHI,2015,13,0,0,0.0,0,,5,0,0,0.0,0.0,0.0,42,45,7.7,4.26,7.7
00-0031057,Ka'Deem Carey,RB,CHI,2015,15,0,0,0.0,0,,0,2,2,10,0.0556,0.0319,20,28,3.8,3.0,3.8
00-0031057,Ka'Deem Carey,RB,CHI,2015,16,0,0,0.0,0,,7,1,1,1,0.037,0.0093,39,41,14.7,9.48,14.7
00-0031057,Ka'Deem Carey,RB,CHI,2015,17,0,0,0.0,0,,1,0,0,0.0,0.0,0.0,24,26,1.0,0.47,1.0
00-0031060,De'Anthony Thomas,WR,KC,2015,1,0,0,0.0,0,,1,2,1,8,0.0645,0.0415,32,28,2.1,3.64,2.1
00-0031060,De'Anthony Thomas,WR,KC,2015,2,0,0,0.0,0,,0,4,2,15,0.16,0.1327,28,28,4.0,5.51,4.0
00-0031060,De'Anthony Thomas,WR,KC,2015,3,0,0,0.0,0,,1,2,2,3,0.05,0.0119,18,16,2.5,3.55,2.5
00-0031060,De'Anthony Thomas,WR,KC,2015,4,0,0,0.0,0,,2,1,1,8,0.0233,0.0278,23,23,1.7,2.82,1.7
00-0031060,De'Anthony Thomas,WR,KC,2015,5,0,0,0.0,0,,1,3,2,5,0.1,0.0266,25,23,10.9,5.22,10.9
00-0031060,De'Anthony Thomas,WR,KC,2015,6,0,0,0.0,0,,1,1,0,0.0,0.027,0.0,18,16,0.1,1.91,0.1
00-0031060,De'Anthony Thomas,WR,KC,2015,7,0,0,0.0,0,,1,3,2,6,0.0968,0.029,29,27,4.5,5.24,4.5
00-0031060,De'Anthony Thomas,WR,KC,2015,8,0,0,0.0,0,,1,3,3,-8,0.1071,-0.1143,32,30,12.2,6.9,12.2
00-0031060,De'Anthony Thomas,WR,KC,2015,10,0,0,0.0,0,,0,5,4,-8,0.1613,-0.0435,32,29,7.7,7.73,7.7
00-0031060,De'Anthony Thomas,WR,KC,2015,11,0,0,0.0,0,,1,0,0,0.0,0.0,0.0,31,25,0.7,0.71,0.7
00-0031062,James White,RB,NE,2015,3,0,0,0.0,0,,2,4,4,-6,0.0976,-0.0312,32,38,7.4,7.02,7.4
00-0031062,James White,RB,NE,2015,6,0,0,0.0,0,,0,1,0,7,0.027,0.0307,25,24,0.0,1.74,0.0
00-0031062,James White,RB,NE,2015,7,0,0,0.0,0,,2,5,3,15,0.0926,0.0393,9,8,6.0,12.17,6.0
00-0031062,James White,RB,NE,2015,8,0,0,0.0,0,,3,0,0,0.0,0.0,0.0,26,32,0.3,1.05,0.3
00-0031062,James White,RB,NE,2015,10,0,0,0.0,0,,1,1,1,6,0.0244,0.0138,23,24,2.1,2.19,2.1
00-0031062,James White,RB,NE,2015,11,0,0,0.0,0,,2,3,2,3,0.0789,0.0086,22,25,18.6,6.38,18.6
00-0031062,James White,RB,NE,2015,12,0,0,0.0,0,,3,5,2,-4,0.119,-0.0087,16,22,2.6,9.01,2.6
00-0031062,James White,RB,NE,2015,13,0,0,0.0,0,,2,13,10,60,0.2321,0.1051,25,29,27.9,23.34,27.9
00-0031062,James White,RB,NE,2015,14,0,0,0.0,0,,1,6,4,22,0.2,0.1028,31,31,14.0,12.95,14.0
00-0031062,James White,RB,NE,2015,15,0,0,0.0,0,,1,8,7,-1,0.2353,-0.005,26,20,20.7,12.8,20.7
00-0031062,James White,RB,NE,2015,16,0,0,0.0,0,,2,5,5,7,0.1613,0.0308,22,28,14.2,8.84,14.2
00-0031062,James White,RB,NE,2015,17,0,0,0.0,0,,3,3,2,-1,0.12,-0.0051,27,31,8.8,6.24,8.8
00-0031066,Lorenzo Taliaferro,RB,BAL,2015,2,0,0,0.0,0,,7,3,3,6,0.0667,0.0133,25,31,13.6,8.82,13.6
00-0031066,Lorenzo Taliaferro,RB,BAL,2015,3,0,0,0.0,0,,3,1,1,-2,0.0208,-0.0069,18,21,1.6,4.44,1.6
00-0031066,Lorenzo Taliaferro,RB,BAL,2015,4,0,0,0.0,0,,3,1,1,-2,0.0303,-0.0102,39,36,3.4,2.65,3.4
00-0031068,Ryan Grant,WR,WAS,2015,1,0,0,0.0,0,,0,2,1,18,0.0645,0.06,37,34,2.5,5.25,2.5
00-0031068,Ryan Grant,WR,WAS,2015,2,0,0,0.0,0,,0,6,3,97,0.2222,0.5843,37,43,7.5,9.6,7.5
00-0031068,Ryan Grant,WR,WAS,2015,3,0,0,0.0,0,,0,5,2,59,0.102,0.1261,20,27,2.9,8.32,2.9
00-0031068,Ryan Grant,WR,WAS,2015,4,0,0,0.0,0,,0,7,5,27,0.1522,0.086,32,34,9.5,9.04,9.5
00-0031068,Ryan Grant,WR,WAS,2015,5,0,0,0.0,0,,0,4,1,32,0.125,0.1468,24,29,1.4,6.27,1.4
00-0031068,Ryan Grant,WR,WAS,2015,6,0,0,0.0,0,,0,4,2,31,0.0909,0.0827,17,23,4.2,4.86,4.2
00-0031068,Ryan Grant,WR,WAS,2015,7,0,0,0.0,0,,0,3,3,27,0.075,0.1019,19,19,14.4,6.5,14.4
00-0031068,Ryan Grant,WR,WAS,2015,12,0,0,0.0,0,,0,1,1,13,0.0345,0.0445,37,36,2.9,1.87,2.9
00-0031068,Ryan Grant,WR,WAS,2015,14,0,0,0.0,0,,0,1,0,4,0.0323,0.0175,33,32,0.0,1.31,0.0
00-0031068,Ryan Grant,WR,WAS,2015,15,0,0,0.0,0,,0,2,1,5,0.0714,0.0216,27,25,2.3,2.89,2.3
00-0031068,Ryan Grant,WR,WAS,2015,16,0,0,0.0,0,,0,3,1,52,0.0652,0.1224,26,29,3.4,4.24,3.4
00-0031068,Ryan Grant,WR,WAS,2015,17,0,0,0.0,0,,0,4,3,24,0.1538,0.1277,36,34,10.8,8.21,10.8
00-0031075,Alfred Blue,RB,HOU,2015,1,0,0,0.0,0,,9,2,1,6,0.0435,0.0124,21,23,5.9,6.79,5.9
00-0031075,Alfred Blue,RB,HOU,2015,2,0,0,0.0,0,,5,1,1,2,0.0175,0.0044,23,30,2.0,3.38,2.0
00-0031075,Alfred Blue,RB,HOU,2015,3,0,0,0.0,0,,31,0,0,0.0,0.0,0.0,46,46,19.9,16.99,19.9
00-0031075,Alfred Blue,RB,HOU,2015,4,0,0,0.0,0,,6,0,0,0.0,0.0,0.0,17,23,1.7,5.85,1.7
00-0031075,Alfred Blue,RB,HOU,2015,5,0,0,0.0,0,,6,1,1,2,0.0244,0.0049,28,38,4.3,4.02,4.3
00-0031075,Alfred Blue,RB,HOU,2015,7,0,0,0.0,0,,3,0,0,0.0,0.0,0.0,25,32,0.8,1.86,0.8
00-0031075,Alfred Blue,RB,HOU,2015,8,0,0,0.0,0,,14,5,5,4,0.1471,0.015,23,30,12.2,13.22,12.2
00-0031075,Alfred Blue,RB,HOU,2015,10,0,0,0.0,0,,12,1,1,3,0.0303,0.0084,25,24,4.1,9.75,4.1
00-0031075,Alfred Blue,RB,HOU,2015,11,0,0,0.0,0,,21,3,3,21,0.0882,0.0529,37,35,18.2,15.49,18.2
00-0031075,Alfred Blue,RB,HOU,2015,12,0,0,0.0,0,,16,1,1,3,0.037,0.0171,38,36,15.1,9.84,15.1
00-0031075,Alfred Blue,RB,HOU,2015,13,0,0,0.0,0,,4,0,0,0.0,0.0,0.0,26,26,1.4,1.73,1.4
00-0031075,Alfred Blue,RB,HOU,2015,15,0,0,0.0,0,,20,0,0,0.0,0.0,0.0,37,32,8.7,8.82,8.7
00-0031075,Alfred Blue,RB,HOU,2015,16,0,0,0.0,0,,15,1,1,4,0.0385,0.014,42,36,6.0,8.69,6.0
00-0031075,Alfred Blue,RB,HOU,2015,17,0,0,0.0,0,,21,1,1,-2,0.0244,-0.0068,31,37,11.4,11.45,11.4
00-0031118,Corey Brown,WR,CAR,2015,1,0,0,0.0,0,,0,3,2,14,0.0968,0.0549,35,26,3.3,4.18,3.3
00-0031118,Corey Brown,WR,CAR,2015,2,0,0,0.0,0,,0,4,3,47,0.1081,0.1221,33,19,14.7,7.28,14.7
00-0031118,Corey Brown,WR,CAR,2015,3,0,0,0.0,0,,1,0,0,0.0,0.0,0.0,30,18,1.2,0.84,1.2
00-0031118,Corey Brown,WR,CAR,2015,4,0,0,0.0,0,,0,3,1,53,0.1364,0.2325,33,19,1.3,5.68,1.3
00-0031118,Corey Brown,WR,CAR,2015,6,0,0,0.0,0,,2,3,2,43,0.0857,0.1002,33,24,5.7,5.54,5.7
00-0031118,Corey Brown,WR,CAR,2015,7,0,0,0.0,0,,0,5,3,71,0.2083,0.3413,33,25,6.8,10.98,6.8
00-0031118,Corey Brown,WR,CAR,2015,8,0,0,0.0,0,,1,5,3,67,0.1429,0.153,36,26,14.6,10.81,14.6
00-0031118,Corey Brown,WR,CAR,2015,9,0,0,0.0,0,,1,4,2,48,0.1379,0.1371,36,23,11.8,9.75,11.8
00-0031118,Corey Brown,WR,CAR,2015,10,0,0,0.0,0,,0,1,1,8,0.04,0.0301,34,22,1.8,1.46,1.8
00-0031118,Corey Brown,WR,CAR,2015,13,0,0,0.0,0,,0,4,2,66,0.0976,0.1401,34,25,2.7,6.74,2.7
00-0031118,Corey Brown,WR,CAR,2015,14,0,0,0.0,0,,1,6,3,119,0.2308,0.398,32,20,9.8,10.36,9.8
00-0031118,Corey Brown,WR,CAR,2015,15,0,0,0.0,0,,0,4,3,72,0.093,0.1343,29,20,14.1,9.11,14.1
00-0031118,Corey Brown,WR,CAR,2015,16,0,0,0.0,0,,0,6,3,80,0.2143,0.4124,20,13,6.9,10.02,6.9
00-0031118,Corey Brown,WR,CAR,2015,17,0,0,0.0,0,,0,6,3,99,0.2308,0.3852,32,16,8.8,11.05,8.8
00-0031166,Seth Roberts,WR,LV,2015,1,0,0,0.0,0,,0,6,3,29,0.1395,0.13,16,26,4.2,8.37,4.2
00-0031166,Seth Roberts,WR,LV,2015,2,0,0,0.0,0,,0,1,1,12,0.0217,0.0305,19,21,8.2,3.07,8.2
00-0031166,Seth Roberts,WR,LV,2015,3,0,0,0.0,0,,0,5,3,32,0.1562,0.135,30,30,14.6,9.68,14.6
00-0031166,Seth Roberts,WR,LV,2015,4,0,0,0.0,0,,0,2,0,14,0.0606,0.0745,22,26,0.0,4.68,0.0
00-0031166,Seth Roberts,WR,LV,2015,5,0,0,0.0,0,,0,2,0,17,0.0513,0.0637,25,28,0.0,2.88,0.0
00-0031166,Seth Roberts,WR,LV,2015,7,0,0,0.0,0,,0,2,1,-1,0.0645,-0.0047,26,27,1.6,2.81,1.6
00-0031166,Seth Roberts,WR,LV,2015,8,0,0,0.0,0,,0,1,1,21,0.0278,0.085,25,24,3.1,1.52,3.1
00-0031166,Seth Roberts,WR,LV,2015,9,0,0,0.0,0,,0,4,3,67,0.0909,0.1426,25,23,10.3,7.08,10.3
00-0031166,Seth Roberts,WR,LV,2015,10,0,0,0.0,0,,0,4,1,32,0.0976,0.1029,19,25,1.5,6.41,1.5
00-0031166,Seth Roberts,WR,LV,2015,11,0,0,0.0,0,,0,2,2,42,0.08,0.2132,21,19,7.4,4.07,7.4
00-0031166,Seth Roberts,WR,LV,2015,12,0,0,0.0,0,,0,7,6,91,0.1842,0.2376,30,27,29.3,11.73,29.3
00-0031166,Seth Roberts,WR,LV,2015,13,0,0,0.0,0,,0,5,4,57,0.1042,0.1717,24,28,9.1,7.76,9.1
00-0031166,Seth Roberts,WR,LV,2015,14,0,0,0.0,0,,0,4,2,24,0.1379,0.0792,23,17,10.0,6.32,10.0
00-0031166,Seth Roberts,WR,LV,2015,15,0,0,0.0,0,,0,1,0,9,0.0213,0.0166,25,22,0.0,1.42,0.0
00-0031166,Seth Roberts,WR,LV,2015,16,0,0,0.0,0,,0,6,2,35,0.1622,0.1351,24,25,7.7,9.29,7.7
00-0031166,Seth Roberts,WR,LV,2015,17,0,0,0.0,0,,0,3,3,18,0.0938,0.1029,16,21,5.0,4.04,5.0
00-0031167,Scott Simonson,TE,CAR,2015,14,0,0,0.0,0,,0,1,1,2,0.0385,0.0067,32,20,2.0,1.4,2.0
00-0031189,T.J. Jones,WR,DET,2015,5,0,0,0.0,0,,0,3,1,43,0.0441,0.0832,18,28,2.1,3.93,2.1
00-0031189,T.J. Jones,WR,DET,2015,6,0,0,0.0,0,,1,0,0,0.0,0.0,0.0,32,30,-0.3,0.6,-0.3
00-0031189,T.J. Jones,WR,DET,2015,13,0,0,0.0,0,,0,3,2,24,0.0882,0.0896,25,29,5.7,5.03,5.7
00-0031189,T.J. Jones,WR,DET,2015,14,0,0,0.0,0,,0,8,4,64,0.1778,0.3699,20,28,7.3,11.13,7.3
00-0031189,T.J. Jones,WR,DET,2015,15,0,0,0.0,0,,0,2,2,12,0.08,0.1446,23,25,4.2,3.93,4.2
00-0031189,T.J. Jones,WR,DET,2015,16,0,0,0.0,0,,0,1,1,26,0.027,0.1268,28,35,9.9,3.41,9.9
00-0031189,T.J. Jones,WR,DET,2015,17,0,0,0.0,0,,0,1,0,25,0.0256,0.0791,21,22,0.0,1.47,0.0
00-0031228,Taylor Gabriel,WR,CLE,2015,1,0,0,0.0,0,,0,4,2,25,0.125,0.1033,28,24,4.0,5.02,4.0
00-0031228,Taylor Gabriel,WR,CLE,2015,2,0,0,0.0,0,,0,1,1,-6,0.0667,-0.0264,30,27,0.7,1.26,0.7
00-0031228,Taylor Gabriel,WR,CLE,2015,3,0,0,0.0,0,,0,5,3,68,0.102,0.1245,14,21,5.8,8.1,5.8
00-0031228,Taylor Gabriel,WR,CLE,2015,4,0,0,0.0,0,,0,5,4,-13,0.125,-0.0714,21,34,8.2,7.27,8.2
00-0031228,Taylor Gabriel,WR,CLE,2015,5,0,0,0.0,0,,0,5,4,67,0.098,0.1622,25,30,11.5,8.07,11.5
00-0031228,Taylor Gabriel,WR,CLE,2015,6,0,0,0.0,0,,0,2,1,3,0.0513,0.009,33,36,1.5,2.72,1.5
00-0031228,Taylor Gabriel,WR,CLE,2015,7,0,0,0.0,0,,0,4,4,12,0.1111,0.0583,24,28,3.5,5.35,3.5
00-0031228,Taylor Gabriel,WR,CLE,2015,8,0,0,0.0,0,,0,7,4,61,0.175,0.1865,20,17,7.2,12.89,7.2
00-0031228,Taylor Gabriel,WR,CLE,2015,9,0,0,0.0,0,,0,6,1,53,0.1818,0.1693,17,18,1.3,10.92,1.3
00-0031228,Taylor Gabriel,WR,CLE,2015,10,0,0,0.0,0,,0,3,2,28,0.0667,0.0952,14,15,4.6,4.74,4.6
00-0031228,Taylor Gabriel,WR,CLE,2015,15,0,0,0.0,0,,0,4,2,38,0.129,0.2099,17,21,3.8,5.64,3.8
00-0031228,Taylor Gabriel,WR,CLE,2015,16,0,0,0.0,0,,0,2,0,24,0.069,0.0811,36,27,0.0,2.57,0.0
00-0031235,Odell Beckham Jr.,WR,NYG,2015,1,0,0,0.0,0,,0,8,5,64,0.2424,0.3368,24,26,9.4,13.04,9.4
00-0031235,Odell Beckham Jr.,WR,NYG,2015,2,0,0,0.0,0,,0,12,7,174,0.3,0.5559,23,31,27.6,18.71,27.6
00-0031235,Odell Beckham Jr.,WR,NYG,2015,3,0,0,0.0,0,,0,9,7,98,0.2812,0.392,31,34,20.9,15.58,20.9
00-0031235,Odell Beckham Jr.,WR,NYG,2015,4,0,0,0.0,0,,0,12,5,119,0.3429,0.4741,28,27,8.8,20.56,8.8
00-0031235,Odell Beckham Jr.,WR,NYG,2015,5,0,0,0.0,0,,1,11,7,79,0.2075,0.2337,21,31,25.4,18.89,25.4
00-0031235,Odell Beckham Jr.,WR,NYG,2015,6,0,0,0.0,0,,0,8,7,54,0.2222,0.2584,23,26,19.1,13.09,19.1
00-0031235,Odell Beckham Jr.,WR,NYG,2015,7,0,0,0.0,0,,0,6,4,71,0.25,0.4034,25,22,7.5,9.45,7.5
00-0031235,Odell Beckham Jr.,WR,NYG,2015,8,0,0,0.0,0,,0,9,8,96,0.2195,0.2743,21,31,39.0,21.62,39.0
00-0031235,Odell Beckham Jr.,WR,NYG,2015,9,0,0,0.0,0,,0,17,9,168,0.425,0.5455,33,38,19.5,29.95,19.5
00-0031235,Odell Beckham Jr.,WR,NYG,2015,10,0,0,0.0,0,,0,12,4,143,0.2727,0.3109,23,26,20.4,21.63,20.4
00-0031235,Odell Beckham Jr.,WR,NYG,2015,12,0,0,0.0,0,,0,18,9,298,0.3529,0.5809,13,18,29.2,28.73,29.6
00-0031235,Odell Beckham Jr.,WR,NYG,2015,13,0,0,0.0,0,,0,11,6,149,0.3235,0.5265,24,27,26.9,18.6,26.9
00-0031235,Odell Beckham Jr.,WR,NYG,2015,14,0,0,0.0,0,,0,9,7,118,0.2903,0.5221,31,32,35.6,18.19,35.6
00-0031235,Odell Beckham Jr.,WR,NYG,2015,15,0,0,0.0,0,,0,9,6,120,0.2,0.4348,27,35,19.6,14.93,19.6
00-0031235,Odell Beckham Jr.,WR,NYG,2015,17,0,0,0.0,0,,0,7,5,68,0.1667,0.2,36,44,10.4,11.53,10.4
00-0031236,Brandin Cooks,WR,NO,2015,1,0,0,0.0,0,,1,8,4,56,0.1667,0.2403,20,30,9.3,14.19,9.3
00-0031236,Brandin Cooks,WR,NO,2015,2,0,0,0.0,0,,1,7,5,104,0.1842,0.2715,27,29,10.8,12.47,10.8
00-0031236,Brandin Cooks,WR,NO,2015,3,0,0,0.0,0,,0,8,7,62,0.2105,0.2296,24,31,14.9,11.64,14.9
00-0031236,Brandin Cooks,WR,NO,2015,4,0,0,0.0,0,,0,8,4,51,0.1951,0.2914,25,38,6.5,12.58,6.5
00-0031236,Brandin Cooks,WR,NO,2015,5,0,0,0.0,0,,0,9,5,188,0.2093,0.4413,21,27,21.7,15.3,21.7
00-0031236,Brandin Cooks,WR,NO,2015,6,0,0,0.0,0,,0,5,4,30,0.1282,0.1345,32,39,8.1,8.14,8.1
00-0031236,Brandin Cooks,WR,NO,2015,7,0,0,0.0,0,,0,13,6,187,0.2955,0.5358,36,41,14.1,20.82,14.1
00-0031236,Brandin Cooks,WR,NO,2015,8,0,0,0.0,0,,1,8,6,118,0.16,0.2694,26,32,26.5,16.12,26.5
00-0031236,Brandin Cooks,WR,NO,2015,9,0,0,0.0,0,,0,6,4,95,0.1538,0.2311,27,29,17.1,12.55,17.1
00-0031236,Brandin Cooks,WR,NO,2015,10,0,0,0.0,0,,1,8,5,112,0.2857,0.5773,25,29,27.9,16.96,27.9
00-0031236,Brandin Cooks,WR,NO,2015,12,0,0,0.0,0,,0,8,5,71,0.186,0.2474,10,18,8.5,12.95,8.5
00-0031236,Brandin Cooks,WR,NO,2015,13,0,0,0.0,0,,0,10,6,136,0.2439,0.3636,14,18,22.4,16.27,22.4
00-0031236,Brandin Cooks,WR,NO,2015,14,0,0,0.0,0,,0,5,3,46,0.122,0.1625,35,36,5.9,8.21,5.9
00-0031236,Brandin Cooks,WR,NO,2015,15,0,0,0.0,0,,0,13,10,164,0.25,0.4141,18,21,28.4,26.09,28.4
00-0031236,Brandin Cooks,WR,NO,2015,16,0,0,0.0,0,,4,7,5,143,0.2,0.3783,35,34,24.3,19.3,24.3
00-0031236,Brandin Cooks,WR,NO,2015,17,0,0,0.0,0,,0,6,5,34,0.1395,0.0876,22,30,7.2,10.7,7.2
00-0031237,Teddy Bridgewater,QB,MIN,2015,1,32,23,-18.145,5,10.713,3,0,0,0.0,0.0,0.0,17,22,8.8,13.42,8.84
00-0031237,Teddy Bridgewater,QB,MIN,2015,2,18,14,6.545,1,14.325,6,0,0,0.0,0.0,0.0,42,36,18.2,19.25,18.22
00-0031237,Teddy Bridgewater,QB,MIN,2015,3,24,13,-4.47,0,-4.893,1,0,0,0.0,0.0,0.0,31,31,2.7,11.42,2.74
00-0031237,Teddy Bridgewater,QB,MIN,2015,4,41,27,-1.081,7,5.128,3,0,0,0.0,0.0,0.0,21,23,15.1,16.83,17.06
00-0031237,Teddy Bridgewater,QB,MIN,2015,6,31,17,0.382,2,-5.338,3,0,0,0.0,0.0,0.0,35,34,9.5,13.3,9.46
00-0031237,Teddy Bridgewater,QB,MIN,2015,7,35,25,15.618,4,12.735,3,0,0,0.0,0.0,0.0,35,34,18.7,18.98,18.74
00-0031237,Teddy Bridgewater,QB,MIN,2015,8,30,17,0.357,1,-1.495,2,0,0,0.0,0.0,0.0,25,28,11.6,11.17,11.58
00-0031237,Teddy Bridgewater,QB,MIN,2015,9,21,13,-3.083,0,1.011,3,0,0,0.0,0.0,0.0,35,35,13.5,12.84,13.46
00-0031237,Teddy Bridgewater,QB,MIN,2015,10,22,14,-2.428,4,-0.716,2,0,0,0.0,0.0,0.0,33,34,11.9,13.46,11.9
00-0031237,Teddy Bridgewater,QB,MIN,2015,11,37,25,-3.194,6,3.101,4,0,0,0.0,0.0,0.0,18,18,20.1,13.22,20.14
00-0031237,Teddy Bridgewater,QB,MIN,2015,12,28,20,0.903,0,1.955,4,0,0,0.0,0.0,0.0,39,40,4.7,9.71,4.66
00-0031237,Teddy Bridgewater,QB,MIN,2015,13,28,17,-15.767,4,-4.808,1,0,0,0.0,0.0,0.0,16,21,2.9,7.94,2.92
00-0031237,Teddy Bridgewater,QB,MIN,2015,14,36,25,16.904,3,7.194,1,0,0,0.0,0.0,0.0,24,27,15.7,12.65,17.7
00-0031237,Teddy Bridgewater,QB,MIN,2015,15,20,17,19.123,1,16.629,4,0,0,0.0,0.0,0.0,36,35,32.9,12.62,32.94
00-0031237,Teddy Bridgewater,QB,MIN,2015,16,25,15,-2.105,3,-1.623,2,0,0,0.0,0.0,0.0,40,37,11.9,14.12,11.92
00-0031237,Teddy Bridgewater,QB,MIN,2015,17,19,10,-8.917,3,-3.174,2,0,0,0.0,0.0,0.0,27,27,2.2,9.12,2.16
00-0031257,Paul Richardson,WR,SEA,2015,10,0,0,0.0,0,,0,1,1,28,0.037,0.0828,18,11,5.0,1.57,5.0
00-0031266,Zach Mettenberger,QB,TEN,2015,1,0,0,0.0,0,,3,0,0,0.0,0.0,0.0,32,27,-0.5,-0.3,-0.5
00-0031266,Zach Mettenberger,QB,TEN,2015,6,8,5,-2.142,1,6.638,1,0,0,0.0,0.0,0.0,18,14,2.9,2.32,2.92
00-0031266,Zach Mettenberger,QB,TEN,2015,7,35,22,-13.683,1,-1.954,1,0,0,0.0,0.0,0.0,16,10,7.5,13.49,7.48
00-0031266,Zach Mettenberger,QB,TEN,2015,8,31,22,-22.617,7,6.056,0,0,0,0.0,0.0,0.0,20,19,2.8,8.39,4.84
00-0031266,Zach Mettenberger,QB,TEN,2015,15,28,20,1.412,2,8.912,2,0,0,0.0,0.0,0.0,21,28,14.2,9.91,14.18
00-0031266,Zach Mettenberger,QB,TEN,2015,16,51,27,-12.674,1,-9.783,0,0,0,0.0,0.0,0.0,11,15,9.4,17.87,11.36
00-0031266,Zach Mettenberger,QB,TEN,2015,17,13,5,-13.617,1,-28.612,2,0,0,0.0,0.0,0.0,27,25,5.9,8.08,5.92
00-0031273,Cameron Brate,TE,TB,2015,4,0,0,0.0,0,,0,1,1,6,0.0244,0.0202,30,34,1.7,1.18,1.7
00-0031273,Cameron Brate,TE,TB,2015,7,0,0,0.0,0,,0,1,1,2,0.0345,0.0078,30,35,1.6,1.29,1.6
00-0031273,Cameron Brate,TE,TB,2015,8,0,0,0.0,0,,0,2,2,46,0.069,0.157,32,33,12.8,5.49,12.8
00-0031273,Cameron Brate,TE,TB,2015,9,0,0,0.0,0,,0,1,1,17,0.0278,0.0425,23,23,2.7,1.71,2.7
00-0031273,Cameron Brate,TE,TB,2015,10,0,0,0.0,0,,0,2,1,10,0.0526,0.0234,26,29,1.6,2.91,1.6
00-0031273,Cameron Brate,TE,TB,2015,11,0,0,0.0,0,,0,4,3,59,0.1429,0.2034,42,41,13.7,9.07,13.7
00-0031273,Cameron Brate,TE,TB,2015,12,0,0,0.0,0,,0,6,5,60,0.1667,0.1237,21,22,16.3,11.42,16.3
00-0031273,Cameron Brate,TE,TB,2015,13,0,0,0.0,0,,0,2,2,9,0.0741,0.0361,37,35,3.2,2.89,3.2
00-0031273,Cameron Brate,TE,TB,2015,14,0,0,0.0,0,,0,3,2,16,0.0968,0.0567,19,23,3.6,4.28,3.6
00-0031273,Cameron Brate,TE,TB,2015,15,0,0,0.0,0,,0,5,3,23,0.102,0.0438,27,29,5.0,9.57,5.0
00-0031273,Cameron Brate,TE,TB,2015,16,0,0,0.0,0,,0,1,1,38,0.0357,0.0918,25,25,5.6,1.8,5.6
00-0031273,Cameron Brate,TE,TB,2015,17,0,0,0.0,0,,0,2,1,19,0.0426,0.0565,22,35,2.0,2.49,2.0
00-0031277,Branden Oliver,RB,LAC,2015,1,0,0,0.0,0,,2,1,1,-5,0.0244,-0.0327,31,36,3.1,2.22,3.1
00-0031277,Branden Oliver,RB,LAC,2015,2,0,0,0.0,0,,1,0,0,0.0,0.0,0.0,25,31,0.2,0.43,0.2
00-0031277,Branden Oliver,RB,LAC,2015,3,0,0,0.0,0,,8,1,0,-3,0.025,-0.0087,28,30,2.6,4.71,2.6
00-0031277,Branden Oliver,RB,LAC,2015,6,0,0,0.0,0,,7,4,4,-12,0.0615,-0.0187,21,30,10.3,8.71,10.3
00-0031277,Branden Oliver,RB,LAC,2015,7,0,0,0.0,0,,9,7,6,0.0,0.1273,0.0,21,38,13.4,14.76,13.4
00-0031277,Branden Oliver,RB,LAC,2015,8,0,0,0.0,0,,4,2,2,-1,0.0556,-0.0048,26,34,5.4,4.69,5.4
00-0031280,Derek Carr,QB,LV,2015,1,12,7,0.63,0,-12.134,1,0,0,0.0,0.0,0.0,16,26,3.2,3.67,3.24
00-0031280,Derek Carr,QB,LV,2015,2,46,30,13.316,1,2.518,2,0,0,0.0,0.0,0.0,19,21,26.3,20.59,26.34
00-0031280,Derek Carr,QB,LV,2015,3,32,20,15.892,0,-1.683,1,0,0,0.0,0.0,0.0,30,30,20.5,15.36,20.46
00-0031280,Derek Carr,QB,LV,2015,4,33,20,-0.771,2,-8.387,1,0,0,0.0,0.0,0.0,22,26,11.8,12.79,11.84
00-0031280,Derek Carr,QB,LV,2015,5,39,26,-13.704,4,1.211,1,0,0,0.0,0.0,0.0,25,28,9.9,11.43,11.86
00-0031280,Derek Carr,QB,LV,2015,7,31,24,12.56,1,12.189,2,0,0,0.0,0.0,0.0,26,27,23.9,16.29,23.86
00-0031280,Derek Carr,QB,LV,2015,8,36,23,16.694,0,-2.003,2,0,0,0.0,0.0,0.0,25,24,29.1,13.43,29.12
00-0031280,Derek Carr,QB,LV,2015,9,44,24,7.462,0,-4.335,2,0,0,0.0,0.0,0.0,25,23,26.3,19.79,26.34
00-0031280,Derek Carr,QB,LV,2015,10,43,29,-3.962,2,5.893,2,0,0,0.0,0.0,0.0,19,25,17.3,18.32,17.28
00-0031280,Derek Carr,QB,LV,2015,11,25,13,-0.566,1,-14.729,1,0,0,0.0,0.0,0.0,21,19,7.6,11.39,7.56
00-0031280,Derek Carr,QB,LV,2015,12,37,24,15.638,1,5.354,4,0,0,0.0,0.0,0.0,30,27,23.7,19.46,24.18
00-0031280,Derek Carr,QB,LV,2015,13,48,31,-24.49,4,-4.167,0,0,0,0.0,0.0,0.0,24,28,13.3,16.7,13.32
00-0031280,Derek Carr,QB,LV,2015,14,29,12,-10.151,3,-16.247,4,0,0,0.0,0.0,0.0,23,17,13.0,13.84,13.0
00-0031280,Derek Carr,QB,LV,2015,15,47,23,-20.517,3,-10.808,4,0,0,0.0,0.0,0.0,25,22,19.2,21.42,19.24
00-0031280,Derek Carr,QB,LV,2015,16,38,23,-4.032,3,-4.688,4,0,0,0.0,0.0,0.0,24,25,15.2,18.11,15.16
00-0031280,Derek Carr,QB,LV,2015,17,33,21,-7.486,6,-3.131,2,0,0,0.0,0.0,0.0,16,21,11.0,10.29,10.96
00-0031285,Devonta Freeman,RB,ATL,2015,1,0,0,0.0,0,,10,4,3,31,0.1176,0.1051,35,33,7.7,12.76,7.7
00-0031285,Devonta Freeman,RB,ATL,2015,2,0,0,0.0,0,,12,8,4,33,0.1739,0.1209,22,27,15.9,21.82,15.9
00-0031285,Devonta Freeman,RB,ATL,2015,3,0,0,0.0,0,,30,5,5,12,0.1429,0.046,32,36,42.3,29.69,42.3
00-0031285,Devonta Freeman,RB,ATL,2015,4,0,0,0.0,0,,14,6,5,30,0.2222,0.2256,35,39,37.9,17.73,37.9
00-0031285,Devonta Freeman,RB,ATL,2015,5,0,0,0.0,0,,27,8,7,34,0.1905,0.0821,32,36,32.7,31.21,32.7
00-0031285,Devonta Freeman,RB,ATL,2015,6,0,0,0.0,0,,13,10,8,23,0.2326,0.0732,21,28,35.6,21.51,35.6
00-0031285,Devonta Freeman,RB,ATL,2015,7,0,0,0.0,0,,25,3,2,28,0.0789,0.093,31,32,15.0,15.77,15.0
00-0031285,Devonta Freeman,RB,ATL,2015,8,0,0,0.0,0,,21,8,6,19,0.1778,0.0704,27,33,19.1,29.05,19.1
00-0031285,Devonta Freeman,RB,ATL,2015,9,0,0,0.0,0,,12,10,8,29,0.2222,0.0927,14,21,21.9,19.67,21.9
00-0031285,Devonta Freeman,RB,ATL,2015,11,0,0,0.0,0,,3,0,0,0.0,0.0,0.0,24,28,4.3,1.95,4.3
00-0031285,Devonta Freeman,RB,ATL,2015,13,0,0,0.0,0,,14,11,10,22,0.25,0.0675,18,30,20.3,22.12,20.3
00-0031285,Devonta Freeman,RB,ATL,2015,14,0,0,0.0,0,,12,5,3,12,0.122,0.0456,16,20,7.2,14.05,7.2
00-0031285,Devonta Freeman,RB,ATL,2015,15,0,0,0.0,0,,25,10,7,3,0.2857,0.0126,33,36,23.1,28.82,23.1
00-0031285,Devonta Freeman,RB,ATL,2015,16,0,0,0.0,0,,22,5,3,11,0.1724,0.0444,30,27,18.0,19.29,18.0
00-0031285,Devonta Freeman,RB,ATL,2015,17,0,0,0.0,0,,25,4,2,6,0.1111,0.0171,26,29,15.4,26.12,15.4
00-0031288,AJ McCarron,QB,CIN,2015,9,0,0,0.0,0,,2,0,0,0.0,0.0,0.0,37,31,-0.2,-0.2,-0.2
00-0031288,AJ McCarron,QB,CIN,2015,12,1,1,-0.895,0,29.702,0,0,0,0.0,0.0,0.0,31,33,0.1,0.32,0.12
00-0031288,AJ McCarron,QB,CIN,2015,13,3,2,-2.134,0,7.156,0,0,0,0.0,0.0,0.0,33,30,0.8,1.12,0.76
00-0031288,AJ McCarron,QB,CIN,2015,14,32,22,-3.165,3,8.623,3,0,0,0.0,0.0,0.0,16,19,16.0,12.56,16.0
00-0031288,AJ McCarron,QB,CIN,2015,15,21,15,6.325,4,8.957,2,0,0,0.0,0.0,0.0,36,37,11.9,10.49,11.88
00-0031288,AJ McCarron,QB,CIN,2015,16,35,22,8.318,2,4.643,4,0,0,0.0,0.0,0.0,33,34,12.1,15.5,12.1
00-0031288,AJ McCarron,QB,CIN,2015,17,27,17,1.029,3,5.114,3,0,0,0.0,0.0,0.0,27,25,14.6,10.56,14.6
00-0031299,Jordan Matthews,TE,PHI,2015,1,0,0,0.0,0,,0,13,10,80,0.25,0.2847,16,30,20.2,21.36,20.2
00-0031299,Jordan Matthews,TE,PHI,2015,2,0,0,0.0,0,,0,9,6,93,0.2432,0.4366,17,24,20.0,15.59,20.0
00-0031299,Jordan Matthews,TE,PHI,2015,3,0,0,0.0,0,,0,8,6,21,0.2857,0.1273,38,41,10.9,11.87,10.9
00-0031299,Jordan Matthews,TE,PHI,2015,4,0,0,0.0,0,,0,8,3,131,0.2857,0.3466,18,19,8.0,13.65,6.0
00-0031299,Jordan Matthews,TE,PHI,2015,5,0,0,0.0,0,,0,7,5,45,0.1556,0.1261,34,44,9.4,11.49,9.4
00-0031299,Jordan Matthews,TE,PHI,2015,6,0,0,0.0,0,,0,11,6,106,0.2973,0.2753,37,37,9.9,16.41,9.9
00-0031299,Jordan Matthews,TE,PHI,2015,7,0,0,0.0,0,,0,7,3,34,0.1522,0.1567,30,37,4.4,9.27,4.4
00-0031299,Jordan Matthews,TE,PHI,2015,9,0,0,0.0,0,,0,12,9,74,0.3333,0.4229,35,42,28.3,20.46,28.3
00-0031299,Jordan Matthews,TE,PHI,2015,10,0,0,0.0,0,,0,5,3,24,0.1042,0.0784,35,45,5.1,5.99,5.1
00-0031299,Jordan Matthews,TE,PHI,2015,11,0,0,0.0,0,,0,4,4,10,0.0976,0.0535,28,33,5.3,4.9,5.3
00-0031299,Jordan Matthews,TE,PHI,2015,12,0,0,0.0,0,,0,5,3,74,0.1852,0.3592,25,28,15.0,8.32,15.0
00-0031299,Jordan Matthews,TE,PHI,2015,13,0,0,0.0,0,,0,6,3,48,0.25,0.3636,33,38,12.6,10.17,12.6
00-0031299,Jordan Matthews,TE,PHI,2015,14,0,0,0.0,0,,0,5,3,59,0.1351,0.1582,34,37,4.9,8.23,4.9
00-0031299,Jordan Matthews,TE,PHI,2015,15,0,0,0.0,0,,0,11,8,119,0.2683,0.3552,20,23,29.9,16.53,29.9
00-0031299,Jordan Matthews,TE,PHI,2015,16,0,0,0.0,0,,0,8,6,84,0.1455,0.2553,16,27,22.4,12.11,22.4
00-0031299,Jordan Matthews,TE,PHI,2015,17,0,0,0.0,0,,0,9,7,61,0.2368,0.2961,26,33,24.4,16.68,24.4
00-0031301,Jeremy Hill,RB,CIN,2015,1,0,0,0.0,0,,19,0,0,0.0,0.0,0.0,31,34,18.3,15.05,18.3
00-0031301,Jeremy Hill,RB,CIN,2015,2,0,0,0.0,0,,10,1,1,-3,0.0417,-0.015,36,35,1.1,5.56,1.1
00-0031301,Jeremy Hill,RB,CIN,2015,3,0,0,0.0,0,,12,0,0,0.0,0.0,0.0,31,28,2.1,5.88,2.1
00-0031301,Jeremy Hill,RB,CIN,2015,4,0,0,0.0,0,,9,0,0,0.0,0.0,0.0,26,23,24.0,9.45,24.0
00-0031301,Jeremy Hill,RB,CIN,2015,5,0,0,0.0,0,,8,2,1,-1,0.0465,-0.0033,31,30,3.5,6.63,3.5
00-0031301,Jeremy Hill,RB,CIN,2015,6,0,0,0.0,0,,16,1,1,0.0,0.0303,0.0,28,26,13.9,8.66,13.9
00-0031301,Jeremy Hill,RB,CIN,2015,8,0,0,0.0,0,,15,1,1,2,0.0263,0.006,23,19,7.8,7.35,7.8
00-0031301,Jeremy Hill,RB,CIN,2015,9,0,0,0.0,0,,15,1,1,0.0,0.04,0.0,37,31,6.2,8.69,6.2
00-0031301,Jeremy Hill,RB,CIN,2015,10,0,0,0.0,0,,7,3,3,-1,0.0789,-0.0027,20,23,5.0,7.82,5.0
00-0031301,Jeremy Hill,RB,CIN,2015,11,0,0,0.0,0,,13,0,0,0.0,0.0,0.0,28,28,16.5,10.63,16.5
00-0031301,Jeremy Hill,RB,CIN,2015,12,0,0,0.0,0,,16,1,1,-3,0.0357,-0.0149,31,33,11.0,9.72,11.0
00-0031301,Jeremy Hill,RB,CIN,2015,13,0,0,0.0,0,,22,1,0,5,0.0455,0.0286,33,30,15.8,19.77,15.8
00-0031301,Jeremy Hill,RB,CIN,2015,14,0,0,0.0,0,,7,2,2,3,0.0556,0.0089,16,19,4.4,6.85,4.4
00-0031301,Jeremy Hill,RB,CIN,2015,15,0,0,0.0,0,,19,1,0,-2,0.0476,-0.0103,36,37,13.1,20.14,13.1
00-0031301,Jeremy Hill,RB,CIN,2015,16,0,0,0.0,0,,19,2,2,-2,0.0588,-0.006,33,34,8.1,11.44,8.1
00-0031301,Jeremy Hill,RB,CIN,2015,17,0,0,0.0,0,,16,3,2,-1,0.125,-0.0073,27,25,19.5,11.92,19.5
00-0031302,C.J. Fiedorowicz,TE,HOU,2015,1,0,0,0.0,0,,0,1,1,11,0.0217,0.0227,21,23,2.5,1.62,2.5
00-0031302,C.J. Fiedorowicz,TE,HOU,2015,2,0,0,0.0,0,,0,1,1,12,0.0175,0.0265,23,30,2.9,1.62,2.9
00-0031302,C.J. Fiedorowicz,TE,HOU,2015,4,0,0,0.0,0,,0,3,3,19,0.0526,0.0239,17,23,9.8,6.58,9.8
00-0031302,C.J. Fiedorowicz,TE,HOU,2015,5,0,0,0.0,0,,0,1,1,3,0.0244,0.0074,28,38,1.4,1.35,1.4
00-0031302,C.J. Fiedorowicz,TE,HOU,2015,6,0,0,0.0,0,,0,2,1,7,0.0556,0.0237,31,32,1.8,2.85,1.8
00-0031302,C.J. Fiedorowicz,TE,HOU,2015,7,0,0,0.0,0,,0,2,0,8,0.0408,0.0222,25,32,0.0,2.3,0.0
00-0031302,C.J. Fiedorowicz,TE,HOU,2015,8,0,0,0.0,0,,0,2,2,-2,0.0588,-0.0075,23,30,3.5,3.44,3.5
00-0031302,C.J. Fiedorowicz,TE,HOU,2015,10,0,0,0.0,0,,0,2,2,16,0.0606,0.0447,25,24,5.0,3.23,5.0
00-0031302,C.J. Fiedorowicz,TE,HOU,2015,12,0,0,0.0,0,,0,2,2,8,0.0741,0.0457,38,36,4.0,3.26,4.0
00-0031302,C.J. Fiedorowicz,TE,HOU,2015,13,0,0,0.0,0,,0,1,1,7,0.0233,0.0138,26,26,1.8,1.41,1.8
00-0031302,C.J. Fiedorowicz,TE,HOU,2015,15,0,0,0.0,0,,0,3,0,6,0.1111,0.0258,37,32,0.0,3.68,0.0
00-0031302,C.J. Fiedorowicz,TE,HOU,2015,16,0,0,0.0,0,,0,1,1,3,0.0385,0.0105,42,36,1.6,1.43,1.6
00-0031302,C.J. Fiedorowicz,TE,HOU,2015,17,0,0,0.0,0,,0,3,2,12,0.0732,0.0408,31,37,3.4,5.46,3.4
00-0031310,Devin Street,WR,DAL,2015,1,0,0,0.0,0,,0,1,0,4,0.0222,0.0217,23,34,0.0,1.45,0.0
00-0031310,Devin Street,WR,DAL,2015,2,0,0,0.0,0,,0,2,1,21,0.0588,0.0879,33,35,2.8,3.16,2.8
00-0031310,Devin Street,WR,DAL,2015,5,0,0,0.0,0,,0,2,1,31,0.0513,0.1319,24,34,2.3,3.4,2.3
00-0031310,Devin Street,WR,DAL,2015,7,0,0,0.0,0,,0,1,1,25,0.037,0.0958,41,39,9.5,1.58,9.5
00-0031310,Devin Street,WR,DAL,2015,10,0,0,0.0,0,,0,1,1,10,0.0357,0.034,21,23,2.0,1.51,2.0
00-0031310,Devin Street,WR,DAL,2015,11,0,0,0.0,0,,0,1,1,19,0.0357,0.0714,38,40,2.9,1.87,2.9
00-0031310,Devin Street,WR,DAL,2015,13,0,0,0.0,0,,0,1,1,17,0.0357,0.0644,24,23,0.8,2.16,0.8
00-0031310,Devin Street,WR,DAL,2015,14,0,0,0.0,0,,0,1,0,24,0.0357,0.0945,20,16,0.0,1.24,0.0
00-0031310,Devin Street,WR,DAL,2015,16,0,0,0.0,0,,0,1,0,25,0.0333,0.0871,25,25,0.0,1.51,0.0
00-0031310,Devin Street,WR,DAL,2015,17,0,0,0.0,0,,0,2,1,21,0.0417,0.0568,16,20,2.1,3.98,2.1
00-0031315,Matt Hazel,WR,MIA,2015,16,0,0,0.0,0,,0,1,0,5,0.0263,0.0171,25,32,0.0,3.46,0.0
00-0031320,Kevin Smith,WR,SEA,2015,12,0,0,0.0,0,,0,1,1,15,0.0345,0.0633,27,24,3.1,2.87,3.1
00-0031320,Kevin Smith,WR,SEA,2015,14,0,0,0.0,0,,0,1,1,-3,0.0303,-0.0105,36,32,1.5,1.5,1.5
00-0031320,Kevin Smith,WR,SEA,2015,17,0,0,0.0,0,,0,3,1,26,0.0938,0.0977,36,27,2.7,5.24,2.7
00-0031325,Sammy Watkins,WR,BUF,2015,1,0,0,0.0,0,,0,3,0,49,0.1579,0.3203,36,29,0.0,5.4,0.0
00-0031325,Sammy Watkins,WR,BUF,2015,2,0,0,0.0,0,,0,8,6,107,0.2667,0.41,27,26,18.0,11.66,18.0
00-0031325,Sammy Watkins,WR,BUF,2015,3,0,0,0.0,0,,0,2,1,61,0.069,0.1968,34,29,4.9,4.49,4.9
00-0031325,Sammy Watkins,WR,BUF,2015,6,0,0,0.0,0,,0,5,4,60,0.125,0.163,23,21,14.8,7.36,14.8
00-0031325,Sammy Watkins,WR,BUF,2015,9,0,0,0.0,0,,0,8,8,143,0.6667,1.0214,36,27,30.8,13.92,30.8
00-0031325,Sammy Watkins,WR,BUF,2015,10,0,0,0.0,0,,0,7,3,110,0.2692,0.4603,33,32,4.4,10.1,4.4
00-0031325,Sammy Watkins,WR,BUF,2015,11,0,0,0.0,0,,0,6,3,132,0.1667,0.3359,30,32,6.9,8.9,6.9
00-0031325,Sammy Watkins,WR,BUF,2015,12,0,0,0.0,0,,0,10,6,241,0.2632,0.5779,28,26,33.8,18.71,33.8
00-0031325,Sammy Watkins,WR,BUF,2015,13,0,0,0.0,0,,0,4,3,133,0.1905,0.408,36,30,19.9,9.89,19.9
00-0031325,Sammy Watkins,WR,BUF,2015,14,0,0,0.0,0,,1,12,5,190,0.3333,0.4299,32,28,19.2,20.23,19.2
00-0031325,Sammy Watkins,WR,BUF,2015,15,0,0,0.0,0,,0,10,5,155,0.3704,0.4968,31,23,28.1,17.09,28.1
00-0031325,Sammy Watkins,WR,BUF,2015,16,0,0,0.0,0,,0,6,5,119,0.3333,0.5535,40,30,13.4,9.42,13.4
00-0031325,Sammy Watkins,WR,BUF,2015,17,0,0,0.0,0,,0,15,11,105,0.5357,0.4626,43,35,24.6,23.32,24.6
00-0031326,Bruce Ellington,WR,SF,2015,1,0,0,0.0,0,,0,2,2,-4,0.0769,-0.0192,39,35,2.5,2.73,2.5
00-0031326,Bruce Ellington,WR,SF,2015,5,0,0,0.0,0,,0,2,2,-7,0.0571,-0.037,27,25,5.9,2.61,5.9
00-0031326,Bruce Ellington,WR,SF,2015,8,0,0,0.0,0,,0,3,2,-2,0.0732,-0.0074,21,19,2.8,3.93,2.8
00-0031326,Bruce Ellington,WR,SF,2015,9,0,0,0.0,0,,1,2,2,-12,0.0769,-0.0455,38,31,2.9,3.14,2.9
00-0031326,Bruce Ellington,WR,SF,2015,11,0,0,0.0,0,,0,2,0,91,0.0606,0.2676,16,20,0.0,3.21,0.0
00-0031326,Bruce Ellington,WR,SF,2015,13,0,0,0.0,0,,0,1,1,-1,0.0312,-0.0046,23,22,1.0,1.41,1.0
00-0031326,Bruce Ellington,WR,SF,2015,14,0,0,0.0,0,,0,1,0,18,0.0357,0.0804,17,17,0.0,1.84,0.0
00-0031326,Bruce Ellington,WR,SF,2015,15,0,0,0.0,0,,0,1,0,6,0.02,0.0206,17,24,0.0,1.54,0.0
00-0031326,Bruce Ellington,WR,SF,2015,16,0,0,0.0,0,,0,4,3,51,0.1212,0.2318,23,28,8.5,6.06,8.5
00-0031326,Bruce Ellington,WR,SF,2015,17,0,0,0.0,0,,0,1,1,27,0.0227,0.1311,33,36,5.4,1.45,5.4
00-0031327,Kevin Norwood,WR,CAR,2015,2,0,0,0.0,0,,0,1,0,21,0.027,0.0545,33,19,0.0,3.21,0.0
00-0031332,Fitzgerald Toussaint,RB,PIT,2015,13,0,0,0.0,0,,4,0,0,0.0,0.0,0.0,32,35,1.2,1.94,1.2
00-0031332,Fitzgerald Toussaint,RB,PIT,2015,16,0,0,0.0,0,,2,0,0,0.0,0.0,0.0,20,25,0.6,1.04,0.6
00-0031332,Fitzgerald Toussaint,RB,PIT,2015,17,0,0,0.0,0,,12,0,0,0.0,0.0,0.0,19,19,4.4,7.3,4.4
00-0031339,Donte Moncrief,WR,IND,2015,1,0,0,0.0,0,,0,11,6,100,0.2245,0.2212,17,14,16.6,19.13,16.6
00-0031339,Donte Moncrief,WR,IND,2015,2,0,0,0.0,0,,0,8,7,80,0.2286,0.2025,24,26,25.2,12.48,25.2
00-0031339,Donte Moncrief,WR,IND,2015,3,0,0,0.0,0,,0,7,4,50,0.2333,0.1678,23,17,13.2,10.84,13.2
00-0031339,Donte Moncrief,WR,IND,2015,4,0,0,0.0,0,,0,9,6,98,0.1915,0.2456,24,25,13.5,13.52,13.5
00-0031339,Donte Moncrief,WR,IND,2015,5,0,0,0.0,0,,0,3,1,8,0.1034,0.0336,30,28,1.3,3.72,1.3
00-0031339,Donte Moncrief,WR,IND,2015,6,0,0,0.0,0,,0,11,6,124,0.2292,0.2667,22,20,18.9,20.78,18.9
00-0031339,Donte Moncrief,WR,IND,2015,7,0,0,0.0,0,,0,6,4,43,0.1395,0.1097,13,16,13.4,10.39,13.4
00-0031339,Donte Moncrief,WR,IND,2015,8,0,0,0.0,0,,0,7,2,119,0.1556,0.2102,35,32,3.8,9.68,3.8
00-0031339,Donte Moncrief,WR,IND,2015,9,0,0,0.0,0,,0,4,3,42,0.1143,0.1641,40,36,6.0,6.68,6.0
00-0031339,Donte Moncrief,WR,IND,2015,11,0,0,0.0,0,,0,8,5,57,0.25,0.3065,27,32,9.1,14.98,9.1
00-0031339,Donte Moncrief,WR,IND,2015,12,0,0,0.0,0,,0,9,8,96,0.2308,0.32,26,28,19.4,15.12,19.4
00-0031339,Donte Moncrief,WR,IND,2015,13,0,0,0.0,0,,0,1,1,5,0.0294,0.0234,18,23,4.3,1.55,4.3
00-0031339,Donte Moncrief,WR,IND,2015,14,0,0,0.0,0,,0,10,3,119,0.2326,0.3216,23,28,8.2,15.55,8.2
00-0031339,Donte Moncrief,WR,IND,2015,15,0,0,0.0,0,,0,7,5,103,0.2414,0.3718,19,19,16.1,10.38,16.1
00-0031339,Donte Moncrief,WR,IND,2015,16,0,0,0.0,0,,0,2,2,14,0.069,0.0725,23,23,3.5,3.25,3.5
00-0031339,Donte Moncrief,WR,IND,2015,17,0,0,0.0,0,,0,2,1,19,0.0541,0.0669,32,23,0.8,2.98,0.8
00-0031344,Cody Latimer,WR,DEN,2015,6,0,0,0.0,0,,0,1,0,21,0.0213,0.0451,33,40,0.0,1.31,0.0
00-0031344,Cody Latimer,WR,DEN,2015,10,0,0,0.0,0,,0,5,3,46,0.1163,0.0973,16,15,6.0,6.29,6.0
00-0031344,Cody Latimer,WR,DEN,2015,11,0,0,0.0,0,,1,3,2,25,0.1111,0.1366,36,36,10.7,7.28,10.7
00-0031344,Cody Latimer,WR,DEN,2015,12,0,0,0.0,0,,0,1,1,5,0.0238,0.0129,32,35,1.7,1.43,1.7
00-0031344,Cody Latimer,WR,DEN,2015,14,0,0,0.0,0,,1,0,0,0.0,0.0,0.0,21,28,-0.4,1.37,-0.4
00-0031344,Cody Latimer,WR,DEN,2015,17,0,0,0.0,0,,0,1,0,15,0.0323,0.0403,32,33,0.0,2.04,0.0
00-0031345,Jimmy Garoppolo,QB,NE,2015,3,0,0,0.0,0,,2,0,0,0.0,0.0,0.0,32,38,-0.2,-0.2,-0.2
00-0031345,Jimmy Garoppolo,QB,NE,2015,5,0,0,0.0,0,,2,0,0,0.0,0.0,0.0,23,27,-0.2,-0.2,-0.2
00-0031345,Jimmy Garoppolo,QB,NE,2015,9,0,0,0.0,0,,1,0,0,0.0,0.0,0.0,37,41,-0.1,-0.1,-0.1
00-0031345,Jimmy Garoppolo,QB,NE,2015,17,4,1,-3.113,0,-46.654,0,0,0,0.0,0.0,0.0,27,31,0.2,0.94,0.24
00-0031373,Martavis Bryant,WR,PIT,2015,6,0,0,0.0,0,,1,8,6,75,0.4,0.3425,32,25,32.5,15.91,32.5
00-0031373,Martavis Bryant,WR,PIT,2015,7,0,0,0.0,0,,1,8,3,120,0.2857,0.4196,24,26,14.8,15.42,14.8
00-0031373,Martavis Bryant,WR,PIT,2015,8,0,0,0.0,0,,0,9,4,144,0.2,0.3151,19,25,8.9,14.36,8.9
00-0031373,Martavis Bryant,WR,PIT,2015,9,0,0,0.0,0,,0,7,3,125,0.14,0.2475,30,30,12.1,12.47,12.1
00-0031373,Martavis Bryant,WR,PIT,2015,10,0,0,0.0,0,,0,10,6,177,0.2703,0.5072,21,20,27.8,22.43,27.8
00-0031373,Martavis Bryant,WR,PIT,2015,12,0,0,0.0,0,,1,13,5,282,0.2241,0.4196,14,17,19.0,25.6,19.0
00-0031373,Martavis Bryant,WR,PIT,2015,13,0,0,0.0,0,,0,8,4,128,0.2051,0.2535,32,35,21.4,19.64,21.4
00-0031373,Martavis Bryant,WR,PIT,2015,14,0,0,0.0,0,,1,9,7,46,0.2368,0.1625,28,25,12.0,15.58,12.0
00-0031373,Martavis Bryant,WR,PIT,2015,15,0,0,0.0,0,,0,14,10,102,0.2593,0.2525,17,19,18.7,22.44,18.7
00-0031373,Martavis Bryant,WR,PIT,2015,16,0,0,0.0,0,,1,3,1,49,0.0882,0.1617,20,25,2.0,5.6,2.0
00-0031373,Martavis Bryant,WR,PIT,2015,17,0,0,0.0,0,,0,3,1,12,0.0833,0.0277,19,19,1.0,4.54,1.0
00-0031375,Terrance West,RB,TEN,2015,1,0,0,0.0,0,,13,0,0,0.0,0.0,0.0,32,27,2.1,12.65,2.1
00-0031375,Terrance West,RB,TEN,2015,2,0,0,0.0,0,,3,0,0,0.0,0.0,0.0,30,17,-1.0,1.26,-1.0
00-0031375,Terrance West,RB,BAL,2015,12,0,0,0.0,0,,7,0,0,0.0,0.0,0.0,23,23,3.7,3.15,3.7
00-0031375,Terrance West,RB,BAL,2015,13,0,0,0.0,0,,8,1,1,-1,0.0217,-0.0032,26,38,4.6,5.29,4.6
00-0031375,Terrance West,RB,BAL,2015,14,0,0,0.0,0,,5,0,0,0.0,0.0,0.0,14,18,1.6,2.42,1.6
00-0031375,Terrance West,RB,BAL,2015,15,0,0,0.0,0,,7,2,2,-1,0.0444,-0.0023,20,16,6.6,6.05,6.6
00-0031375,Terrance West,RB,BAL,2015,16,0,0,0.0,0,,14,0,0,0.0,0.0,0.0,31,36,4.4,7.63,4.4
00-0031375,Terrance West,RB,BAL,2015,17,0,0,0.0,0,,5,2,1,2,0.037,0.0047,21,27,3.2,4.99,3.2
00-0031376,Jerick McKinnon,RB,MIN,2015,1,0,0,0.0,0,,3,2,2,-4,0.0645,-0.0145,17,22,4.8,4.19,4.8
00-0031376,Jerick McKinnon,RB,MIN,2015,2,0,0,0.0,0,,3,0,0,0.0,0.0,0.0,42,36,0.6,1.92,0.6
00-0031376,Jerick McKinnon,RB,MIN,2015,3,0,0,0.0,0,,6,1,0,-3,0.0417,-0.0152,31,31,1.8,4.19,1.8
00-0031376,Jerick McKinnon,RB,MIN,2015,4,0,0,0.0,0,,1,0,0,0.0,0.0,0.0,21,23,0.6,0.65,0.6
00-0031376,Jerick McKinnon,RB,MIN,2015,6,0,0,0.0,0,,1,0,0,0.0,0.0,0.0,35,34,0.2,0.44,0.2
00-0031376,Jerick McKinnon,RB,MIN,2015,7,0,0,0.0,0,,9,1,1,-6,0.0294,-0.0215,35,34,4.7,6.45,4.7
00-0031376,Jerick McKinnon,RB,MIN,2015,8,0,0,0.0,0,,2,0,0,0.0,0.0,0.0,25,28,1.8,1.08,1.8
00-0031376,Jerick McKinnon,RB,MIN,2015,9,0,0,0.0,0,,0,2,2,5,0.0741,0.0202,35,35,3.1,2.85,3.1
00-0031376,Jerick McKinnon,RB,MIN,2015,10,0,0,0.0,0,,0,2,1,3,0.0952,0.0345,33,34,1.7,2.49,1.7
00-0031376,Jerick McKinnon,RB,MIN,2015,11,0,0,0.0,0,,0,3,2,-4,0.0811,-0.0139,18,18,3.5,3.95,3.5
00-0031376,Jerick McKinnon,RB,MIN,2015,12,0,0,0.0,0,,5,0,0,0.0,0.0,0.0,39,40,3.3,2.4,3.3
00-0031376,Jerick McKinnon,RB,MIN,2015,13,0,0,0.0,0,,4,6,3,-12,0.2143,-0.0583,16,21,5.4,9.36,5.4
00-0031376,Jerick McKinnon,RB,MIN,2015,14,0,0,0.0,0,,0,1,1,-1,0.0303,-0.0046,24,27,1.8,1.49,1.8
00-0031376,Jerick McKinnon,RB,MIN,2015,15,0,0,0.0,0,,7,4,4,-2,0.2,-0.0408,36,35,18.6,8.36,18.6
00-0031376,Jerick McKinnon,RB,MIN,2015,16,0,0,0.0,0,,7,3,2,5,0.12,0.0262,40,37,23.7,10.09,23.7
00-0031376,Jerick McKinnon,RB,MIN,2015,17,0,0,0.0,0,,4,4,3,48,0.2353,0.2807,27,27,7.8,7.63,7.8
00-0031381,Davante Adams,WR,GB,2015,1,0,0,0.0,0,,0,8,4,76,0.3478,0.5067,30,23,9.9,14.08,9.9
00-0031381,Davante Adams,WR,GB,2015,2,0,0,0.0,0,,0,5,5,23,0.1613,0.0958,29,27,8.3,7.32,8.3
00-0031381,Davante Adams,WR,GB,2015,3,0,0,0.0,0,,0,2,0,21,0.0571,0.075,32,33,0.0,2.63,0.0
00-0031381,Davante Adams,WR,GB,2015,8,0,0,0.0,0,,0,2,1,1,0.0909,0.0079,21,21,1.8,2.53,1.8
00-0031381,Davante Adams,WR,GB,2015,9,0,0,0.0,0,,0,11,7,149,0.2292,0.3333,19,21,18.3,14.17,17.5
00-0031381,Davante Adams,WR,GB,2015,10,0,0,0.0,0,,0,21,10,219,0.35,0.4406,18,21,17.9,34.43,17.9
00-0031381,Davante Adams,WR,GB,2015,11,0,0,0.0,0,,0,4,3,42,0.1176,0.1273,34,32,6.6,6.39,6.6
00-0031381,Davante Adams,WR,GB,2015,12,0,0,0.0,0,,0,11,2,127,0.2558,0.4686,28,32,3.4,18.28,3.4
00-0031381,Davante Adams,WR,GB,2015,13,0,0,0.0,0,,0,7,4,77,0.2,0.193,24,25,12.1,11.41,12.1
00-0031381,Davante Adams,WR,GB,2015,14,0,0,0.0,0,,0,3,2,20,0.0909,0.099,44,40,3.2,3.57,3.2
00-0031381,Davante Adams,WR,GB,2015,15,0,0,0.0,0,,0,8,5,92,0.2105,0.2541,28,21,8.2,14.84,8.2
00-0031381,Davante Adams,WR,GB,2015,16,0,0,0.0,0,,0,6,3,63,0.2069,0.2308,26,20,7.2,13.59,7.2
00-0031381,Davante Adams,WR,GB,2015,17,0,0,0.0,0,,0,6,4,41,0.1395,0.1041,26,26,9.4,8.21,9.4
00-0031382,Jarvis Landry,WR,MIA,2015,1,0,0,0.0,0,,1,12,8,42,0.3529,0.1527,18,16,20.7,21.99,14.7
00-0031382,Jarvis Landry,WR,MIA,2015,2,0,0,0.0,0,,1,10,8,55,0.2326,0.1429,16,20,19.6,15.33,19.6
00-0031382,Jarvis Landry,WR,MIA,2015,3,0,0,0.0,0,,1,13,8,54,0.2653,0.1253,20,22,16.6,22.96,16.6
00-0031382,Jarvis Landry,WR,MIA,2015,4,0,0,0.0,0,,2,12,4,59,0.2727,0.1468,11,10,10.9,20.58,10.9
00-0031382,Jarvis Landry,WR,MIA,2015,6,0,0,0.0,0,,2,4,3,55,0.1379,0.2423,32,31,15.6,8.99,15.6
00-0031382,Jarvis Landry,WR,MIA,2015,7,0,0,0.0,0,,1,5,5,11,0.25,0.2037,35,36,25.8,8.91,25.8
00-0031382,Jarvis Landry,WR,MIA,2015,8,0,0,0.0,0,,0,8,6,82,0.186,0.1966,13,20,13.1,12.24,13.1
00-0031382,Jarvis Landry,WR,MIA,2015,9,1,1,1.141,0,24.801,5,12,10,26,0.3429,0.1232,24,24,19.1,20.23,19.06
00-0031382,Jarvis Landry,WR,MIA,2015,10,0,0,0.0,0,,1,12,7,102,0.3333,0.3617,26,28,18.8,20.92,18.8
00-0031382,Jarvis Landry,WR,MIA,2015,11,0,0,0.0,0,,0,7,4,72,0.3043,0.3364,14,15,10.6,9.75,10.6
00-0031382,Jarvis Landry,WR,MIA,2015,12,0,0,0.0,0,,1,16,13,159,0.2759,0.3232,9,17,35.9,25.07,35.9
00-0031382,Jarvis Landry,WR,MIA,2015,13,0,0,0.0,0,,0,5,2,67,0.2632,0.3681,26,27,2.5,6.71,2.5
00-0031382,Jarvis Landry,WR,MIA,2015,14,0,0,0.0,0,,1,18,11,161,0.439,0.3404,22,19,20.9,27.51,20.9
00-0031382,Jarvis Landry,WR,MIA,2015,15,0,0,0.0,0,,0,10,8,55,0.3226,0.1809,19,21,13.4,13.88,13.4
00-0031382,Jarvis Landry,WR,MIA,2015,16,0,0,0.0,0,,0,11,7,103,0.2895,0.3515,25,32,18.1,20.25,18.1
00-0031382,Jarvis Landry,WR,MIA,2015,17,0,0,0.0,0,,2,11,6,133,0.2895,0.2598,34,33,13.8,21.32,13.8
00-0031384,Richard Rodgers,TE,GB,2015,1,0,0,0.0,0,,1,3,3,12,0.1304,0.08,30,23,6.8,5.29,6.8
00-0031384,Richard Rodgers,TE,GB,2015,2,0,0,0.0,0,,0,4,3,16,0.129,0.0667,29,27,13.3,11.8,13.3
00-0031384,Richard Rodgers,TE,GB,2015,3,0,0,0.0,0,,0,4,2,26,0.1143,0.0929,32,33,3.5,6.21,3.5
00-0031384,Richard Rodgers,TE,GB,2015,4,0,0,0.0,0,,0,6,5,43,0.1875,0.1748,33,30,15.5,11.53,15.5
00-0031384,Richard Rodgers,TE,GB,2015,5,0,0,0.0,0,,0,8,6,29,0.2667,0.1946,27,22,10.5,12.68,10.5
00-0031384,Richard Rodgers,TE,GB,2015,6,0,0,0.0,0,,0,5,2,56,0.1724,0.2105,17,17,5.4,9.15,5.4
00-0031384,Richard Rodgers,TE,GB,2015,8,0,0,0.0,0,,0,4,2,17,0.1818,0.1339,21,21,3.6,5.36,3.6
00-0031384,Richard Rodgers,TE,GB,2015,9,0,0,0.0,0,,0,9,5,48,0.1875,0.1074,19,21,18.9,16.49,18.9
00-0031384,Richard Rodgers,TE,GB,2015,10,0,0,0.0,0,,0,5,5,22,0.0833,0.0443,18,21,14.2,9.17,14.2
00-0031384,Richard Rodgers,TE,GB,2015,11,0,0,0.0,0,,0,5,3,35,0.1471,0.1061,34,32,3.7,7.92,3.7
00-0031384,Richard Rodgers,TE,GB,2015,12,0,0,0.0,0,,0,7,4,28,0.1628,0.1033,28,32,7.0,10.56,7.0
00-0031384,Richard Rodgers,TE,GB,2015,13,0,0,0.0,0,,0,8,8,107,0.2286,0.2682,24,25,28.6,13.42,30.2
00-0031384,Richard Rodgers,TE,GB,2015,14,0,0,0.0,0,,0,2,1,17,0.0606,0.0842,44,40,7.3,5.21,7.3
00-0031384,Richard Rodgers,TE,GB,2015,15,0,0,0.0,0,,0,4,1,21,0.1053,0.058,28,21,1.7,9.1,1.7
00-0031384,Richard Rodgers,TE,GB,2015,16,0,0,0.0,0,,0,3,1,10,0.1034,0.0366,26,20,1.2,4.39,1.2
00-0031384,Richard Rodgers,TE,GB,2015,17,0,0,0.0,0,,0,8,7,53,0.186,0.1345,26,26,18.9,11.78,18.9
00-0031387,Eric Ebron,TE,DET,2015,1,0,0,0.0,0,,0,5,4,51,0.1786,0.2512,16,23,15.3,10.54,15.3
00-0031387,Eric Ebron,TE,DET,2015,2,0,0,0.0,0,,0,10,5,54,0.1923,0.1677,16,19,15.3,15.05,15.3
00-0031387,Eric Ebron,TE,DET,2015,3,0,0,0.0,0,,0,5,4,50,0.1111,0.2304,19,29,10.1,8.3,10.1
00-0031387,Eric Ebron,TE,DET,2015,4,0,0,0.0,0,,0,3,2,10,0.0857,0.0412,18,24,4.2,4.2,4.2
00-0031387,Eric Ebron,TE,DET,2015,7,0,0,0.0,0,,0,5,5,28,0.1923,0.134,17,20,19.9,10.19,19.9
00-0031387,Eric Ebron,TE,DET,2015,8,0,0,0.0,0,,0,5,3,20,0.1316,0.0733,14,19,5.4,6.8,5.4
00-0031387,Eric Ebron,TE,DET,2015,10,0,0,0.0,0,,0,8,4,39,0.2105,0.1931,26,28,6.8,12.01,6.8
00-0031387,Eric Ebron,TE,DET,2015,11,0,0,0.0,0,,0,2,0,26,0.0588,0.104,31,31,0.0,4.56,0.0
00-0031387,Eric Ebron,TE,DET,2015,12,0,0,0.0,0,,0,3,2,16,0.0789,0.0563,30,36,4.8,4.91,4.8
00-0031387,Eric Ebron,TE,DET,2015,13,0,0,0.0,0,,0,2,2,6,0.0588,0.0224,25,29,8.9,4.34,8.9
00-0031387,Eric Ebron,TE,DET,2015,14,0,0,0.0,0,,0,5,3,5,0.1111,0.0289,20,28,5.7,6.73,5.7
00-0031387,Eric Ebron,TE,DET,2015,15,0,0,0.0,0,,0,5,4,33,0.2,0.3976,23,25,11.9,10.81,11.9
00-0031387,Eric Ebron,TE,DET,2015,16,0,0,0.0,0,,0,5,4,11,0.1351,0.0537,28,35,8.9,9.28,8.9
00-0031387,Eric Ebron,TE,DET,2015,17,0,0,0.0,0,,0,7,5,26,0.1795,0.0823,21,22,13.5,12.39,13.5
00-0031390,Charles Sims,RB,TB,2015,1,0,0,0.0,0,,5,5,2,-1,0.1515,-0.0039,26,23,5.5,8.84,5.5
00-0031390,Charles Sims,RB,TB,2015,2,0,0,0.0,0,,8,3,3,-7,0.1429,-0.034,35,35,8.2,7.75,8.2
00-0031390,Charles Sims,RB,TB,2015,3,0,0,0.0,0,,6,2,2,0.0,0.0588,0.0,20,22,13.2,5.43,13.2
00-0031390,Charles Sims,RB,TB,2015,4,0,0,0.0,0,,6,5,3,8,0.122,0.0269,30,34,14.3,10.6,14.3
00-0031390,Charles Sims,RB,TB,2015,5,0,0,0.0,0,,12,4,4,4,0.2222,0.023,40,43,17.6,13.62,17.6
00-0031390,Charles Sims,RB,TB,2015,7,0,0,0.0,0,,10,3,2,0.0,0.1034,0.0,30,35,6.6,11.96,6.6
00-0031390,Charles Sims,RB,TB,2015,8,0,0,0.0,0,,6,4,3,-2,0.1379,-0.0068,32,33,7.6,8.18,7.6
00-0031390,Charles Sims,RB,TB,2015,9,0,0,0.0,0,,8,2,1,32,0.0556,0.08,23,23,7.2,6.18,5.2
00-0031390,Charles Sims,RB,TB,2015,10,0,0,0.0,0,,5,5,2,82,0.1316,0.192,26,29,5.1,10.73,5.1
00-0031390,Charles Sims,RB,TB,2015,11,0,0,0.0,0,,10,4,3,19,0.1429,0.0655,42,41,15.9,11.4,15.9
00-0031390,Charles Sims,RB,TB,2015,12,0,0,0.0,0,,4,3,3,15,0.0833,0.0309,21,22,6.9,7.34,6.9
00-0031390,Charles Sims,RB,TB,2015,13,0,0,0.0,0,,7,3,2,0.0,0.1111,0.0,37,35,9.7,6.84,9.7
00-0031390,Charles Sims,RB,TB,2015,14,0,0,0.0,0,,5,8,6,44,0.2581,0.156,19,23,13.4,14.34,13.4
00-0031390,Charles Sims,RB,TB,2015,15,0,0,0.0,0,,7,3,3,-5,0.0612,-0.0095,27,29,10.2,7.64,10.2
00-0031390,Charles Sims,RB,TB,2015,16,0,0,0.0,0,,4,5,3,43,0.1786,0.1039,25,25,20.7,10.28,20.7
00-0031390,Charles Sims,RB,TB,2015,17,0,0,0.0,0,,4,11,9,-5,0.234,-0.0149,22,35,17.9,16.1,17.9
00-0031391,Tre Mason,RB,LA,2015,2,0,0,0.0,0,,7,5,2,21,0.1562,0.082,13,14,5.0,8.6,5.0
00-0031391,Tre Mason,RB,LA,2015,3,0,0,0.0,0,,9,1,1,5,0.0345,0.0233,18,20,4.1,5.83,4.1
00-0031391,Tre Mason,RB,LA,2015,4,0,0,0.0,0,,2,0,0,0.0,0.0,0.0,26,27,-0.1,0.84,-0.1
00-0031391,Tre Mason,RB,LA,2015,5,0,0,0.0,0,,2,0,0,0.0,0.0,0.0,36,34,0.8,1.04,0.8
00-0031391,Tre Mason,RB,LA,2015,8,0,0,0.0,0,,15,1,1,-2,0.0435,-0.0086,41,39,6.2,9.84,6.2
00-0031391,Tre Mason,RB,LA,2015,9,0,0,0.0,0,,3,1,1,-4,0.0323,-0.0151,36,31,0.9,2.06,0.9
00-0031391,Tre Mason,RB,LA,2015,10,0,0,0.0,0,,6,1,1,-4,0.027,-0.0127,21,23,3.7,4.66,3.7
00-0031391,Tre Mason,RB,LA,2015,12,0,0,0.0,0,,1,7,7,-15,0.1321,-0.0588,17,21,10.5,8.78,10.5
00-0031391,Tre Mason,RB,LA,2015,13,0,0,0.0,0,,2,2,2,-1,0.0588,-0.0027,15,13,4.3,3.67,4.3
00-0031391,Tre Mason,RB,LA,2015,14,0,0,0.0,0,,4,2,2,-1,0.0909,-0.0051,29,27,2.8,4.7,2.8
00-0031391,Tre Mason,RB,LA,2015,15,0,0,0.0,0,,3,0,0,0.0,0.0,0.0,33,28,1.3,1.44,1.3
00-0031391,Tre Mason,RB,LA,2015,16,0,0,0.0,0,,3,1,1,-5,0.0435,-0.0318,30,28,1.6,2.5,1.6
00-0031391,Tre Mason,RB,LA,2015,17,0,0,0.0,0,,18,0,0,0.0,0.0,0.0,33,30,10.4,11.05,10.4
00-0031407,Blake Bortles,QB,JAX,2015,1,40,22,-15.522,5,-7.843,4,0,0,0.0,0.0,0.0,21,24,9.9,19.65,9.92
00-0031407,Blake Bortles,QB,JAX,2015,2,33,18,7.368,0,-6.134,2,0,0,0.0,0.0,0.0,33,33,21.6,14.92,21.62
00-0031407,Blake Bortles,QB,JAX,2015,3,33,17,7.505,2,-5.285,3,0,0,0.0,0.0,0.0,20,22,16.4,15.35,16.38
00-0031407,Blake Bortles,QB,JAX,2015,4,50,28,0.955,1,-3.598,4,0,0,0.0,0.0,0.0,28,25,19.0,21.44,19.02
00-0031407,Blake Bortles,QB,JAX,2015,5,33,23,8.826,6,10.645,1,0,0,0.0,0.0,0.0,17,21,28.2,19.82,28.22
00-0031407,Blake Bortles,QB,JAX,2015,6,53,30,-3.529,3,-4.876,4,0,0,0.0,0.0,0.0,21,23,22.9,23.85,22.94
00-0031407,Blake Bortles,QB,JAX,2015,7,29,13,-0.685,2,-12.764,5,0,0,0.0,0.0,0.0,32,27,13.0,15.04,12.98
00-0031407,Blake Bortles,QB,JAX,2015,9,40,24,0.159,6,4.274,4,0,0,0.0,0.0,0.0,19,18,20.4,14.38,22.44
00-0031407,Blake Bortles,QB,JAX,2015,10,45,22,-5.958,3,-14.033,2,0,0,0.0,0.0,0.0,22,24,16.0,24.78,16.02
00-0031407,Blake Bortles,QB,JAX,2015,11,30,21,1.924,4,6.003,2,0,0,0.0,0.0,0.0,23,24,10.6,12.77,10.58
00-0031407,Blake Bortles,QB,JAX,2015,12,49,30,0.983,2,-3.465,6,0,0,0.0,0.0,0.0,19,17,22.5,31.42,22.46
00-0031407,Blake Bortles,QB,JAX,2015,13,36,24,17.632,2,5.406,2,0,0,0.0,0.0,0.0,21,23,32.8,24.37,30.78
00-0031407,Blake Bortles,QB,JAX,2015,14,30,16,1.483,3,-9.175,4,0,0,0.0,0.0,0.0,29,27,25.7,27.1,27.7
00-0031407,Blake Bortles,QB,JAX,2015,15,38,23,-5.819,2,-1.514,6,0,0,0.0,0.0,0.0,20,22,24.3,26.07,24.28
00-0031407,Blake Bortles,QB,JAX,2015,16,35,27,14.042,2,9.467,3,0,0,0.0,0.0,0.0,15,16,29.2,20.39,29.22
00-0031407,Blake Bortles,QB,JAX,2015,17,32,17,-26.736,8,-11.869,0,0,0,0.0,0.0,0.0,14,15,3.6,9.8,5.56
00-0031408,Mike Evans,WR,TB,2015,2,0,0,0.0,0,,0,3,0,51,0.1429,0.2476,35,35,0.0,4.7,0.0
00-0031408,Mike Evans,WR,TB,2015,3,0,0,0.0,0,,0,17,7,239,0.5,0.5347,20,22,17.1,25.82,17.1
00-0031408,Mike Evans,WR,TB,2015,4,0,0,0.0,0,,0,8,3,72,0.1951,0.2424,30,34,6.2,13.15,6.2
00-0031408,Mike Evans,WR,TB,2015,5,0,0,0.0,0,,0,5,3,92,0.2778,0.5287,40,43,7.1,10.2,7.1
00-0031408,Mike Evans,WR,TB,2015,7,0,0,0.0,0,,0,12,8,178,0.4138,0.6953,30,35,30.4,21.69,30.4
00-0031408,Mike Evans,WR,TB,2015,8,0,0,0.0,0,,0,9,3,136,0.3103,0.4642,32,33,7.8,19.81,7.8
00-0031408,Mike Evans,WR,TB,2015,9,0,0,0.0,0,,0,19,8,251,0.5278,0.6275,23,23,23.0,32.57,23.5
00-0031408,Mike Evans,WR,TB,2015,10,0,0,0.0,0,,0,13,8,163,0.3421,0.3817,26,29,20.6,21.41,20.6
00-0031408,Mike Evans,WR,TB,2015,11,0,0,0.0,0,,0,7,4,103,0.25,0.3552,42,41,16.3,12.52,16.3
00-0031408,Mike Evans,WR,TB,2015,12,0,0,0.0,0,,0,10,5,194,0.2778,0.4,21,22,11.4,18.19,11.4
00-0031408,Mike Evans,WR,TB,2015,13,0,0,0.0,0,,0,7,5,88,0.2593,0.3534,37,35,17.1,13.29,17.1
00-0031408,Mike Evans,WR,TB,2015,14,0,0,0.0,0,,0,4,3,45,0.129,0.1596,19,23,6.9,6.74,6.9
00-0031408,Mike Evans,WR,TB,2015,15,0,0,0.0,0,,0,17,9,290,0.3469,0.5524,27,29,24.7,25.61,24.7
00-0031408,Mike Evans,WR,TB,2015,16,0,0,0.0,0,,0,8,4,164,0.2857,0.3961,25,25,10.1,13.86,10.1
00-0031408,Mike Evans,WR,TB,2015,17,0,0,0.0,0,,0,9,4,142,0.1915,0.4226,22,35,13.9,14.75,13.9
00-0031409,Johnny Manziel,QB,CLE,2015,1,24,13,-6.134,3,-10.818,5,0,0,0.0,0.0,0.0,28,24,8.8,11.75,12.78
00-0031409,Johnny Manziel,QB,CLE,2015,2,15,8,3.786,2,-2.312,3,0,0,0.0,0.0,0.0,30,27,15.0,6.76,14.98
00-0031409,Johnny Manziel,QB,CLE,2015,7,5,4,-0.365,0,27.666,1,0,0,0.0,0.0,0.0,24,28,1.6,2.26,1.58
00-0031409,Johnny Manziel,QB,CLE,2015,8,6,3,-2.543,0,-8.925,1,0,0,0.0,0.0,0.0,20,17,0.6,2.17,0.58
00-0031409,Johnny Manziel,QB,CLE,2015,9,33,15,-4.801,3,-12.721,4,0,0,0.0,0.0,0.0,17,18,13.8,18.36,13.82
00-0031409,Johnny Manziel,QB,CLE,2015,10,45,33,2.272,6,10.68,3,0,0,0.0,0.0,0.0,14,15,16.6,23.22,18.58
00-0031409,Johnny Manziel,QB,CLE,2015,14,31,21,6.572,2,4.314,7,0,0,0.0,0.0,0.0,41,36,14.3,17.02,14.3
00-0031409,Johnny Manziel,QB,CLE,2015,15,32,19,-0.515,3,-5.239,2,0,0,0.0,0.0,0.0,17,21,10.1,10.41,10.14
00-0031409,Johnny Manziel,QB,CLE,2015,16,32,13,-14.534,0,-12.15,11,0,0,0.0,0.0,0.0,36,27,14.2,17.79,14.24
00-0031413,Bishop Sankey,RB,TEN,2015,1,0,0,0.0,0,,12,3,2,2,0.2,0.019,32,27,22.6,13.75,22.6
00-0031413,Bishop Sankey,RB,TEN,2015,2,0,0,0.0,0,,12,2,0,1,0.0541,0.0024,30,17,4.2,7.85,4.2
00-0031413,Bishop Sankey,RB,TEN,2015,3,0,0,0.0,0,,5,2,2,0.0,0.0465,0.0,27,24,6.1,7.41,6.1
00-0031413,Bishop Sankey,RB,TEN,2015,5,0,0,0.0,0,,7,3,3,-2,0.0938,-0.009,28,20,7.3,7.95,7.3
00-0031413,Bishop Sankey,RB,TEN,2015,6,0,0,0.0,0,,3,3,1,4,0.075,0.0134,18,14,3.0,5.41,3.0
00-0031413,Bishop Sankey,RB,TEN,2015,7,0,0,0.0,0,,0,1,0,-4,0.0286,-0.0129,16,10,0.0,1.37,0.0
00-0031413,Bishop Sankey,RB,TEN,2015,10,0,0,0.0,0,,2,0,0,0.0,0.0,0.0,21,14,0.7,0.97,0.7
00-0031413,Bishop Sankey,RB,TEN,2015,13,0,0,0.0,0,,0,1,0,3,0.0345,0.0106,35,27,0.0,1.41,0.0
00-0031413,Bishop Sankey,RB,TEN,2015,15,0,0,0.0,0,,0,3,3,-4,0.0909,-0.0119,21,28,5.3,4.19,5.3
00-0031413,Bishop Sankey,RB,TEN,2015,16,0,0,0.0,0,,2,4,3,10,0.0784,0.0253,11,15,8.4,6.27,8.4
00-0031413,Bishop Sankey,RB,TEN,2015,17,0,0,0.0,0,,4,0,0,0.0,0.0,0.0,27,25,1.6,1.85,1.6
00-0031418,Austin Seferian-Jenkins,TE,TB,2015,1,0,0,0.0,0,,0,7,5,68,0.2121,0.2625,26,23,28.0,12.75,28.0
00-0031418,Austin Seferian-Jenkins,TE,TB,2015,2,0,0,0.0,0,,0,3,2,29,0.1429,0.1408,35,35,4.9,6.96,4.9
00-0031418,Austin Seferian-Jenkins,TE,TB,2015,13,0,0,0.0,0,,0,6,3,65,0.2222,0.261,37,35,6.1,11.72,6.1
00-0031418,Austin Seferian-Jenkins,TE,TB,2015,14,0,0,0.0,0,,0,6,3,88,0.1935,0.3121,19,23,6.1,9.36,6.1
00-0031418,Austin Seferian-Jenkins,TE,TB,2015,15,0,0,0.0,0,,0,6,3,70,0.1224,0.1333,27,29,11.9,10.47,11.9
00-0031418,Austin Seferian-Jenkins,TE,TB,2015,16,0,0,0.0,0,,0,4,2,74,0.1429,0.1787,25,25,14.0,6.31,14.0
00-0031418,Austin Seferian-Jenkins,TE,TB,2015,17,0,0,0.0,0,,0,7,3,45,0.1489,0.1339,22,35,7.8,12.58,7.8
00-0031428,Allen Robinson,WR,JAX,2015,1,0,0,0.0,0,,0,6,1,69,0.1538,0.2421,21,24,3.7,13.05,3.7
00-0031428,Allen Robinson,WR,JAX,2015,2,0,0,0.0,0,,0,12,6,246,0.3636,0.6373,33,33,33.5,21.85,33.5
00-0031428,Allen Robinson,WR,JAX,2015,3,0,0,0.0,0,,0,9,4,166,0.2727,0.4246,20,22,10.8,13.38,10.8
00-0031428,Allen Robinson,WR,JAX,2015,4,0,0,0.0,0,,0,12,4,195,0.2553,0.4779,28,25,12.0,20.59,12.0
00-0031428,Allen Robinson,WR,JAX,2015,5,0,0,0.0,0,,0,9,7,132,0.2812,0.3871,17,21,26.2,16.27,26.2
00-0031428,Allen Robinson,WR,JAX,2015,6,0,0,0.0,0,,0,12,6,168,0.2264,0.3443,21,23,20.6,20.01,20.6
00-0031428,Allen Robinson,WR,JAX,2015,7,0,0,0.0,0,,0,9,6,133,0.3103,0.3575,32,27,21.8,14.98,21.8
00-0031428,Allen Robinson,WR,JAX,2015,9,0,0,0.0,0,,0,11,6,189,0.275,0.3929,19,18,18.1,15.16,18.1
00-0031428,Allen Robinson,WR,JAX,2015,10,0,0,0.0,0,,0,11,5,114,0.2444,0.3677,22,24,16.1,20.6,16.1
00-0031428,Allen Robinson,WR,JAX,2015,11,0,0,0.0,0,,0,7,5,155,0.2258,0.5762,23,24,16.3,12.67,16.3
00-0031428,Allen Robinson,WR,JAX,2015,12,0,0,0.0,0,,0,11,5,111,0.2245,0.3153,19,17,16.6,20.84,16.6
00-0031428,Allen Robinson,WR,JAX,2015,13,0,0,0.0,0,,0,15,10,161,0.4167,0.5331,21,23,43.3,28.13,43.3
00-0031428,Allen Robinson,WR,JAX,2015,14,0,0,0.0,0,,0,4,1,60,0.1333,0.2174,29,27,7.4,10.71,7.4
00-0031428,Allen Robinson,WR,JAX,2015,15,0,0,0.0,0,,0,5,3,84,0.1351,0.2327,20,22,14.7,10.51,14.7
00-0031428,Allen Robinson,WR,JAX,2015,16,0,0,0.0,0,,0,9,6,122,0.2571,0.4236,15,16,27.1,14.74,27.1
00-0031428,Allen Robinson,WR,JAX,2015,17,0,0,0.0,0,,0,9,5,140,0.2812,0.5072,14,15,15.8,13.86,15.8
00-0031431,Marqise Lee,WR,JAX,2015,2,0,0,0.0,0,,1,4,2,65,0.1212,0.1684,33,33,5.9,6.69,5.9
00-0031431,Marqise Lee,WR,JAX,2015,3,0,0,0.0,0,,0,2,1,-1,0.0606,-0.0026,20,22,2.3,2.23,2.3
00-0031431,Marqise Lee,WR,JAX,2015,10,0,0,0.0,0,,1,5,1,51,0.1111,0.1645,22,24,2.1,10.1,2.1
00-0031431,Marqise Lee,WR,JAX,2015,12,0,0,0.0,0,,1,1,1,-3,0.0204,-0.0085,19,17,2.3,2.13,2.3
00-0031431,Marqise Lee,WR,JAX,2015,13,0,0,0.0,0,,1,4,1,53,0.1111,0.1755,21,23,3.1,8.46,3.1
00-0031431,Marqise Lee,WR,JAX,2015,14,0,0,0.0,0,,0,4,1,50,0.1333,0.1812,29,27,3.1,6.76,3.1
00-0031431,Marqise Lee,WR,JAX,2015,15,0,0,0.0,0,,0,2,2,46,0.0541,0.1274,20,22,6.6,3.27,6.6
00-0031431,Marqise Lee,WR,JAX,2015,16,0,0,0.0,0,,1,4,3,36,0.1143,0.125,15,16,12.5,9.34,12.5
00-0031431,Marqise Lee,WR,JAX,2015,17,0,0,0.0,0,,0,6,3,58,0.1875,0.2101,14,15,6.0,8.73,6.0
00-0031459,Glenn Winston,RB,CLE,2015,14,0,0,0.0,0,,1,0,0,0.0,0.0,0.0,41,36,-2.8,0.54,-2.8
00-0031462,Jerome Cunningham,TE,NYG,2015,2,0,0,0.0,0,,0,3,1,33,0.075,0.1054,23,31,1.3,4.06,1.3
00-0031462,Jerome Cunningham,TE,NYG,2015,9,0,0,0.0,0,,0,2,2,10,0.05,0.0325,33,38,3.0,4.98,3.0
00-0031462,Jerome Cunningham,TE,NYG,2015,10,0,0,0.0,0,,0,2,1,25,0.0455,0.0543,23,26,2.6,5.06,2.6
00-0031462,Jerome Cunningham,TE,NYG,2015,12,0,0,0.0,0,,0,4,1,32,0.0784,0.0624,13,18,1.2,5.32,1.2
00-0031462,Jerome Cunningham,TE,NYG,2015,15,0,0,0.0,0,,0,3,1,16,0.0667,0.058,27,35,1.7,4.35,1.7
00-0031462,Jerome Cunningham,TE,NYG,2015,16,0,0,0.0,0,,0,2,2,12,0.0588,0.0531,20,24,4.1,2.57,4.1
00-0031493,Jarryd Hayne,RB,SF,2015,1,0,0,0.0,0,,4,1,1,-7,0.0385,-0.0337,39,35,3.0,3.44,3.0
00-0031493,Jarryd Hayne,RB,SF,2015,2,0,0,0.0,0,,2,0,0,0.0,0.0,0.0,31,28,0.3,0.87,0.3
00-0031493,Jarryd Hayne,RB,SF,2015,5,0,0,0.0,0,,2,0,0,0.0,0.0,0.0,27,25,0.9,2.64,0.9
00-0031493,Jarryd Hayne,RB,SF,2015,16,0,0,0.0,0,,9,6,5,12,0.1818,0.0545,23,28,9.7,11.87,9.7
00-0031503,Jameis Winston,QB,TB,2015,1,33,16,-10.181,4,-13.0,6,0,0,0.0,0.0,0.0,26,23,14.2,22.63,14.2
00-0031503,Jameis Winston,QB,TB,2015,2,21,14,-0.062,3,4.654,6,0,0,0.0,0.0,0.0,35,35,18.6,19.96,20.58
00-0031503,Jameis Winston,QB,TB,2015,3,36,17,-2.167,0,-8.296,0,0,0,0.0,0.0,0.0,20,22,12.4,12.54,12.44
00-0031503,Jameis Winston,QB,TB,2015,4,43,26,-14.984,2,-0.795,4,0,0,0.0,0.0,0.0,30,34,12.7,16.53,10.68
00-0031503,Jameis Winston,QB,TB,2015,5,19,13,13.914,2,9.778,4,0,0,0.0,0.0,0.0,40,43,15.3,11.31,15.26
00-0031503,Jameis Winston,QB,TB,2015,7,29,21,17.54,1,10.519,1,0,0,0.0,0.0,0.0,30,35,20.4,14.41,20.38
00-0031503,Jameis Winston,QB,TB,2015,8,29,16,2.358,2,-2.02,3,0,0,0.0,0.0,0.0,32,33,19.5,21.05,19.48
00-0031503,Jameis Winston,QB,TB,2015,9,36,19,1.765,0,-6.058,3,0,0,0.0,0.0,0.0,23,23,18.3,24.09,18.48
00-0031503,Jameis Winston,QB,TB,2015,10,39,22,-4.542,2,-0.621,3,0,0,0.0,0.0,0.0,26,29,12.9,20.98,12.86
00-0031503,Jameis Winston,QB,TB,2015,11,29,19,20.888,1,15.776,4,0,0,0.0,0.0,0.0,42,41,29.8,19.65,29.84
00-0031503,Jameis Winston,QB,TB,2015,12,36,20,1.158,5,0.844,3,0,0,0.0,0.0,0.0,21,22,14.5,20.17,14.5
00-0031503,Jameis Winston,QB,TB,2015,13,27,18,5.585,1,7.523,5,0,0,0.0,0.0,0.0,37,35,18.6,18.01,18.58
00-0031503,Jameis Winston,QB,TB,2015,14,32,18,4.468,1,-4.065,3,0,0,0.0,0.0,0.0,19,23,13.7,13.41,13.68
00-0031503,Jameis Winston,QB,TB,2015,15,50,29,7.726,0,0.512,2,0,0,0.0,0.0,0.0,27,29,19.0,23.75,19.02
00-0031503,Jameis Winston,QB,TB,2015,16,29,15,11.732,1,-4.699,4,0,0,0.0,0.0,0.0,25,25,18.8,12.73,18.8
00-0031503,Jameis Winston,QB,TB,2015,17,47,29,-6.801,2,0.422,3,0,0,0.0,0.0,0.0,22,35,16.4,22.78,16.4
00-0031511,DeAndrew White,WR,SF,2015,2,0,0,0.0,0,,0,2,2,14,0.0435,0.0423,31,28,3.8,2.72,3.8
00-0031531,Trey Williams,RB,IND,2015,17,0,0,0.0,0,,2,0,0,0.0,0.0,0.0,32,23,1.2,0.96,1.2
00-0031544,Amari Cooper,WR,LV,2015,1,0,0,0.0,0,,0,9,5,50,0.2093,0.2242,16,26,9.7,12.29,9.7
00-0031544,Amari Cooper,WR,LV,2015,2,0,0,0.0,0,,0,11,7,62,0.2391,0.1574,19,21,23.9,15.43,23.9
00-0031544,Amari Cooper,WR,LV,2015,3,0,0,0.0,0,,0,11,8,77,0.3438,0.3249,30,30,19.4,15.71,19.4
00-0031544,Amari Cooper,WR,LV,2015,4,0,0,0.0,0,,0,9,4,86,0.2727,0.4574,22,26,14.9,13.81,14.9
00-0031544,Amari Cooper,WR,LV,2015,5,0,0,0.0,0,,1,4,4,6,0.1026,0.0225,25,28,8.9,6.3,8.9
00-0031544,Amari Cooper,WR,LV,2015,7,0,0,0.0,0,,0,6,5,88,0.1935,0.4093,26,27,24.3,11.04,24.3
00-0031544,Amari Cooper,WR,LV,2015,8,0,0,0.0,0,,1,9,5,67,0.25,0.2713,25,24,9.8,14.22,9.8
00-0031544,Amari Cooper,WR,LV,2015,9,0,0,0.0,0,,0,13,7,129,0.2955,0.2745,25,23,21.8,21.2,21.8
00-0031544,Amari Cooper,WR,LV,2015,10,0,0,0.0,0,,0,9,5,117,0.2195,0.3762,19,25,12.9,14.92,12.9
00-0031544,Amari Cooper,WR,LV,2015,11,0,0,0.0,0,,0,4,1,21,0.16,0.1066,21,19,1.4,6.34,1.4
00-0031544,Amari Cooper,WR,LV,2015,12,0,0,0.0,0,,0,12,7,181,0.3158,0.4726,30,27,18.5,20.95,19.7
00-0031544,Amari Cooper,WR,LV,2015,13,0,0,0.0,0,,1,8,4,112,0.1667,0.3373,24,28,10.2,13.7,10.2
00-0031544,Amari Cooper,WR,LV,2015,14,0,0,0.0,0,,0,8,0,99,0.2759,0.3267,23,17,0.0,12.25,0.0
00-0031544,Amari Cooper,WR,LV,2015,15,0,0,0.0,0,,0,9,6,183,0.1915,0.3376,25,22,30.0,16.17,30.0
00-0031544,Amari Cooper,WR,LV,2015,16,0,0,0.0,0,,0,3,2,16,0.0811,0.0618,24,25,3.0,4.22,3.0
00-0031544,Amari Cooper,WR,LV,2015,17,0,0,0.0,0,,0,5,2,57,0.1562,0.3257,16,21,4.0,7.84,4.0
00-0031547,DeVante Parker,WR,MIA,2015,2,0,0,0.0,0,,0,1,1,2,0.0233,0.0052,16,20,1.3,1.39,1.3
00-0031547,DeVante Parker,WR,MIA,2015,3,0,0,0.0,0,,0,7,3,58,0.1429,0.1346,20,22,7.6,16.26,7.6
00-0031547,DeVante Parker,WR,MIA,2015,12,0,0,0.0,0,,0,10,4,139,0.1724,0.2825,9,17,18.0,14.25,18.0
00-0031547,DeVante Parker,WR,MIA,2015,13,0,0,0.0,0,,0,5,3,76,0.2632,0.4176,26,27,15.3,8.6,15.3
00-0031547,DeVante Parker,WR,MIA,2015,14,0,0,0.0,0,,0,5,2,94,0.122,0.1987,22,19,3.6,8.83,3.6
00-0031547,DeVante Parker,WR,MIA,2015,15,0,0,0.0,0,,0,6,4,82,0.1935,0.2697,19,21,12.7,7.69,12.7
00-0031547,DeVante Parker,WR,MIA,2015,16,0,0,0.0,0,,0,10,4,127,0.2632,0.4334,25,32,13.3,20.03,13.3
00-0031547,DeVante Parker,WR,MIA,2015,17,0,0,0.0,0,,0,6,5,119,0.1579,0.2324,34,33,21.6,10.06,21.6
00-0031549,Nelson Agholor,WR,PHI,2015,1,0,0,0.0,0,,0,2,1,14,0.0385,0.0498,16,30,1.5,2.89,1.5
00-0031549,Nelson Agholor,WR,PHI,2015,2,0,0,0.0,0,,0,6,3,40,0.1622,0.1878,17,24,6.1,10.86,6.1
00-0031549,Nelson Agholor,WR,PHI,2015,3,0,0,0.0,0,,0,4,0,62,0.1429,0.3758,38,41,0.0,6.39,0.0
00-0031549,Nelson Agholor,WR,PHI,2015,4,0,0,0.0,0,,0,4,3,72,0.1429,0.1905,18,19,9.4,6.66,9.0
00-0031549,Nelson Agholor,WR,PHI,2015,5,0,0,0.0,0,,0,1,1,5,0.0222,0.014,34,44,1.5,1.49,1.5
00-0031549,Nelson Agholor,WR,PHI,2015,10,0,0,0.0,0,,0,4,3,40,0.0833,0.1307,35,45,6.2,6.02,6.2
00-0031549,Nelson Agholor,WR,PHI,2015,11,0,0,0.0,0,,0,4,3,12,0.0976,0.0642,28,33,4.1,5.41,4.1
00-0031549,Nelson Agholor,WR,PHI,2015,12,0,0,0.0,0,,0,2,2,17,0.0741,0.0825,25,28,3.5,2.93,3.5
00-0031549,Nelson Agholor,WR,PHI,2015,13,0,0,0.0,0,,0,2,0,12,0.0833,0.0909,33,38,0.0,2.71,0.0
00-0031549,Nelson Agholor,WR,PHI,2015,14,0,0,0.0,0,,0,6,3,98,0.1622,0.2627,34,37,15.2,10.6,15.2
00-0031549,Nelson Agholor,WR,PHI,2015,15,0,0,0.0,0,,0,1,0,31,0.0244,0.0925,20,23,0.0,2.26,0.0
00-0031549,Nelson Agholor,WR,PHI,2015,16,0,0,0.0,0,,0,5,2,68,0.0909,0.2067,16,27,5.5,9.42,5.5
00-0031549,Nelson Agholor,WR,PHI,2015,17,0,0,0.0,0,,0,3,2,9,0.0789,0.0437,26,33,4.3,4.32,4.3
00-0031558,Maxx Williams,TE,BAL,2015,1,0,0,0.0,0,,0,2,1,6,0.0625,0.0312,23,28,2.5,2.96,2.5
00-0031558,Maxx Williams,TE,BAL,2015,2,0,0,0.0,0,,0,1,1,3,0.0222,0.0066,25,31,1.8,1.43,1.8
00-0031558,Maxx Williams,TE,BAL,2015,3,0,0,0.0,0,,0,7,3,103,0.1458,0.3576,18,21,7.4,11.13,7.4
00-0031558,Maxx Williams,TE,BAL,2015,4,0,0,0.0,0,,0,4,2,40,0.1212,0.203,39,36,3.7,6.33,3.7
00-0031558,Maxx Williams,TE,BAL,2015,5,0,0,0.0,0,,0,1,1,-1,0.0286,-0.0045,31,33,1.0,1.52,1.0
00-0031558,Maxx Williams,TE,BAL,2015,6,0,0,0.0,0,,0,4,4,3,0.0769,0.0053,22,29,6.4,5.68,6.4
00-0031558,Maxx Williams,TE,BAL,2015,10,0,0,0.0,0,,0,4,4,26,0.0889,0.0722,21,24,14.0,7.1,14.0
00-0031558,Maxx Williams,TE,BAL,2015,11,0,0,0.0,0,,0,4,3,0.0,0.093,0.0,28,31,5.0,8.02,5.0
00-0031558,Maxx Williams,TE,BAL,2015,15,0,0,0.0,0,,0,6,5,28,0.1333,0.0651,20,16,8.1,7.77,8.1
00-0031558,Maxx Williams,TE,BAL,2015,16,0,0,0.0,0,,0,5,2,21,0.125,0.0814,31,36,3.6,10.95,3.6
00-0031558,Maxx Williams,TE,BAL,2015,17,0,0,0.0,0,,0,10,6,69,0.1852,0.162,21,27,11.3,13.7,11.3
00-0031560,Jaelen Strong,WR,HOU,2015,5,0,0,0.0,0,,0,2,2,53,0.0488,0.1299,28,38,19.3,4.11,19.3
00-0031560,Jaelen Strong,WR,HOU,2015,6,0,0,0.0,0,,0,1,1,5,0.0278,0.0169,31,32,1.5,1.43,1.5
00-0031560,Jaelen Strong,WR,HOU,2015,7,0,0,0.0,0,,0,1,0,11,0.0204,0.0305,25,32,0.0,1.31,0.0
00-0031560,Jaelen Strong,WR,HOU,2015,8,0,0,0.0,0,,0,2,0,33,0.0588,0.1241,23,30,0.0,3.42,0.0
00-0031560,Jaelen Strong,WR,HOU,2015,11,0,0,0.0,0,,0,1,0,5,0.0294,0.0126,37,35,0.0,1.38,0.0
00-0031560,Jaelen Strong,WR,HOU,2015,13,0,0,0.0,0,,0,2,0,47,0.0465,0.0927,26,26,0.0,2.8,0.0
00-0031560,Jaelen Strong,WR,HOU,2015,14,0,0,0.0,0,,0,1,1,4,0.0417,0.0133,22,23,1.6,1.46,1.6
00-0031560,Jaelen Strong,WR,HOU,2015,15,0,0,0.0,0,,0,2,2,13,0.0741,0.0558,37,32,10.3,3.94,10.3
00-0031560,Jaelen Strong,WR,HOU,2015,16,0,0,0.0,0,,0,5,2,39,0.1923,0.1368,42,36,3.8,6.5,3.8
00-0031560,Jaelen Strong,WR,HOU,2015,17,0,0,0.0,0,,0,7,6,38,0.1707,0.1293,31,37,11.6,11.2,11.6
00-0031569,Jeremy Langford,RB,CHI,2015,1,0,0,0.0,0,,1,0,0,0.0,0.0,0.0,33,34,0.1,0.47,0.1
00-0031569,Jeremy Langford,RB,CHI,2015,2,0,0,0.0,0,,6,0,0,0.0,0.0,0.0,28,27,8.1,5.46,8.1
00-0031569,Jeremy Langford,RB,CHI,2015,4,0,0,0.0,0,,1,0,0,0.0,0.0,0.0,29,32,0.4,0.56,0.4
00-0031569,Jeremy Langford,RB,CHI,2015,5,0,0,0.0,0,,2,2,1,7,0.0444,0.0204,26,28,2.2,3.7,2.2
00-0031569,Jeremy Langford,RB,CHI,2015,6,0,0,0.0,0,,5,2,1,25,0.0488,0.0714,31,33,9.7,8.52,9.7
00-0031569,Jeremy Langford,RB,CHI,2015,8,0,0,0.0,0,,12,1,0,15,0.0303,0.0445,25,26,4.6,7.43,4.6
00-0031569,Jeremy Langford,RB,CHI,2015,9,0,0,0.0,0,,18,4,3,31,0.1053,0.0728,29,29,25.2,18.43,25.2
00-0031569,Jeremy Langford,RB,CHI,2015,10,0,0,0.0,0,,20,9,7,13,0.375,0.1327,37,41,37.2,23.78,37.2
00-0031569,Jeremy Langford,RB,CHI,2015,11,0,0,0.0,0,,13,6,3,39,0.1875,0.1215,25,25,13.2,19.62,13.2
00-0031569,Jeremy Langford,RB,CHI,2015,12,0,0,0.0,0,,12,3,1,6,0.0968,0.0311,31,29,12.3,13.19,12.3
00-0031569,Jeremy Langford,RB,CHI,2015,13,0,0,0.0,0,,12,3,2,-2,0.0968,-0.0065,42,45,8.8,9.91,8.8
00-0031569,Jeremy Langford,RB,CHI,2015,14,0,0,0.0,0,,11,7,3,40,0.2258,0.1064,22,25,9.4,16.53,9.4
00-0031569,Jeremy Langford,RB,CHI,2015,15,0,0,0.0,0,,11,3,1,23,0.0833,0.0735,20,28,6.7,9.65,6.7
00-0031569,Jeremy Langford,RB,CHI,2015,16,0,0,0.0,0,,19,2,0,10,0.0741,0.0926,39,41,8.3,12.93,8.3
00-0031569,Jeremy Langford,RB,CHI,2015,17,0,0,0.0,0,,5,0,0,0.0,0.0,0.0,24,26,1.4,2.21,1.4
00-0031570,Justin Hardy,WR,ATL,2015,8,0,0,0.0,0,,0,4,2,33,0.0889,0.1222,27,33,4.1,5.48,4.1
00-0031570,Justin Hardy,WR,ATL,2015,9,0,0,0.0,0,,0,4,4,12,0.0889,0.0383,14,21,5.7,7.05,5.7
00-0031570,Justin Hardy,WR,ATL,2015,11,0,0,0.0,0,,0,2,1,55,0.0435,0.1132,24,28,1.7,3.44,1.7
00-0031570,Justin Hardy,WR,ATL,2015,12,0,0,0.0,0,,0,2,2,15,0.0645,0.0498,24,24,4.1,2.4,4.1
00-0031570,Justin Hardy,WR,ATL,2015,13,0,0,0.0,0,,0,3,2,30,0.0682,0.092,18,30,5.4,4.74,5.4
00-0031570,Justin Hardy,WR,ATL,2015,14,0,0,0.0,0,,0,7,1,83,0.1707,0.3156,16,20,1.9,12.06,1.9
00-0031570,Justin Hardy,WR,ATL,2015,15,0,0,0.0,0,,0,5,3,39,0.1429,0.1632,33,36,6.6,7.96,6.6
00-0031570,Justin Hardy,WR,ATL,2015,16,0,0,0.0,0,,0,3,2,20,0.1034,0.0806,30,27,3.5,4.88,3.5
00-0031570,Justin Hardy,WR,ATL,2015,17,0,0,0.0,0,,0,6,4,43,0.1667,0.1225,26,29,7.4,10.31,7.4
00-0031577,Javorius Allen,RB,BAL,2015,1,0,0,0.0,0,,9,1,1,4,0.0312,0.0208,23,28,4.4,5.41,4.4
00-0031577,Javorius Allen,RB,BAL,2015,2,0,0,0.0,0,,1,1,1,1,0.0222,0.0022,25,31,1.7,2.43,1.7
00-0031577,Javorius Allen,RB,BAL,2015,3,0,0,0.0,0,,3,0,0,0.0,0.0,0.0,18,21,1.2,1.19,1.2
00-0031577,Javorius Allen,RB,BAL,2015,4,0,0,0.0,0,,5,0,0,0.0,0.0,0.0,39,36,1.9,1.99,1.9
00-0031577,Javorius Allen,RB,BAL,2015,5,0,0,0.0,0,,8,1,0,5,0.0286,0.0227,31,33,5.8,10.43,5.8
00-0031577,Javorius Allen,RB,BAL,2015,6,0,0,0.0,0,,4,3,1,43,0.0577,0.076,22,29,3.1,7.77,3.1
00-0031577,Javorius Allen,RB,BAL,2015,7,0,0,0.0,0,,3,1,1,-4,0.0256,-0.0165,16,19,4.5,2.86,4.5
00-0031577,Javorius Allen,RB,BAL,2015,8,0,0,0.0,0,,4,4,3,-3,0.1081,-0.0101,25,25,6.1,8.3,6.1
00-0031577,Javorius Allen,RB,BAL,2015,10,0,0,0.0,0,,5,2,1,9,0.0444,0.025,21,24,3.3,5.42,3.3
00-0031577,Javorius Allen,RB,BAL,2015,11,0,0,0.0,0,,22,6,5,7,0.1395,0.0318,28,31,16.5,19.05,16.5
00-0031577,Javorius Allen,RB,BAL,2015,12,0,0,0.0,0,,12,5,4,-7,0.1471,-0.0293,23,23,18.4,12.74,18.4
00-0031577,Javorius Allen,RB,BAL,2015,13,0,0,0.0,0,,17,13,12,2,0.2826,0.0063,26,38,35.0,28.02,34.0
00-0031577,Javorius Allen,RB,BAL,2015,14,0,0,0.0,0,,8,9,5,39,0.225,0.1021,14,18,8.8,14.38,8.8
00-0031577,Javorius Allen,RB,BAL,2015,15,0,0,0.0,0,,4,1,0,4,0.0222,0.0093,20,16,-0.2,6.15,-0.2
00-0031577,Javorius Allen,RB,BAL,2015,16,0,0,0.0,0,,17,5,5,3,0.125,0.0116,31,36,22.2,16.46,22.2
00-0031577,Javorius Allen,RB,BAL,2015,17,0,0,0.0,0,,15,10,6,11,0.1852,0.0258,21,27,13.0,20.82,13.0
00-0031585,MyCole Pruitt,TE,MIN,2015,3,0,0,0.0,0,,0,2,0,33,0.0833,0.1675,31,31,0.0,3.52,0.0
00-0031585,MyCole Pruitt,TE,MIN,2015,4,0,0,0.0,0,,0,1,0,6,0.0244,0.0176,21,23,0.0,1.6,0.0
00-0031585,MyCole Pruitt,TE,MIN,2015,7,0,0,0.0,0,,0,1,1,5,0.0294,0.0179,35,34,2.3,1.6,2.3
00-0031585,MyCole Pruitt,TE,MIN,2015,8,0,0,0.0,0,,0,3,2,5,0.1034,0.0216,25,28,3.5,4.14,3.5
00-0031585,MyCole Pruitt,TE,MIN,2015,9,0,0,0.0,0,,0,2,1,17,0.0741,0.0685,35,35,1.6,2.91,1.6
00-0031585,MyCole Pruitt,TE,MIN,2015,10,0,0,0.0,0,,0,2,2,1,0.0952,0.0115,33,34,2.7,2.72,2.7
00-0031585,MyCole Pruitt,TE,MIN,2015,11,0,0,0.0,0,,0,1,1,2,0.027,0.007,18,18,1.8,1.24,1.8
00-0031585,MyCole Pruitt,TE,MIN,2015,13,0,0,0.0,0,,0,1,1,2,0.0357,0.0097,16,21,1.4,1.22,1.4
00-0031585,MyCole Pruitt,TE,MIN,2015,14,0,0,0.0,0,,0,2,2,27,0.0606,0.1239,24,27,5.6,3.17,5.6
00-0031585,MyCole Pruitt,TE,MIN,2015,17,0,0,0.0,0,,0,1,0,21,0.0588,0.1228,27,27,0.0,2.83,0.0
00-0031588,Stefon Diggs,WR,MIN,2015,4,0,0,0.0,0,,0,10,6,118,0.2439,0.346,21,23,14.7,15.24,14.7
00-0031588,Stefon Diggs,WR,MIN,2015,6,0,0,0.0,0,,0,9,7,90,0.2903,0.3114,35,34,19.9,13.36,19.9
00-0031588,Stefon Diggs,WR,MIN,2015,7,0,0,0.0,0,,1,9,6,129,0.2647,0.4624,35,34,23.7,16.33,23.7
00-0031588,Stefon Diggs,WR,MIN,2015,8,0,0,0.0,0,,0,12,6,92,0.4138,0.3966,25,28,21.5,16.62,21.5
00-0031588,Stefon Diggs,WR,MIN,2015,9,0,0,0.0,0,,0,5,3,71,0.1852,0.2863,35,35,7.2,7.6,7.2
00-0031588,Stefon Diggs,WR,MIN,2015,10,0,0,0.0,0,,1,2,2,12,0.0952,0.1379,33,34,7.6,3.69,7.6
00-0031588,Stefon Diggs,WR,MIN,2015,11,0,0,0.0,0,,0,9,6,81,0.2432,0.2822,18,18,12.6,12.54,12.6
00-0031588,Stefon Diggs,WR,MIN,2015,12,0,0,0.0,0,,0,4,4,22,0.1481,0.1864,39,40,7.1,5.52,7.1
00-0031588,Stefon Diggs,WR,MIN,2015,13,0,0,0.0,0,,1,6,2,145,0.2143,0.7039,16,21,3.6,10.27,3.6
00-0031588,Stefon Diggs,WR,MIN,2015,14,0,0,0.0,0,,0,7,2,62,0.2121,0.2844,24,27,3.2,10.69,3.2
00-0031588,Stefon Diggs,WR,MIN,2015,15,0,0,0.0,0,,0,4,3,21,0.2,0.4286,36,35,20.5,7.2,20.5
00-0031588,Stefon Diggs,WR,MIN,2015,16,0,0,0.0,0,,0,5,4,24,0.2,0.1257,40,37,5.9,7.41,5.9
00-0031588,Stefon Diggs,WR,MIN,2015,17,0,0,0.0,0,,0,2,1,23,0.1176,0.1345,27,27,1.8,3.14,1.8
00-0031590,Jay Ajayi,RB,MIA,2015,9,0,0,0.0,0,,5,0,0,0.0,0.0,0.0,24,24,4.1,3.07,4.1
00-0031590,Jay Ajayi,RB,MIA,2015,10,0,0,0.0,0,,6,0,0,0.0,0.0,0.0,26,28,4.8,2.6,4.8
00-0031590,Jay Ajayi,RB,MIA,2015,11,0,0,0.0,0,,4,2,2,-3,0.087,-0.014,14,15,5.6,4.63,5.6
00-0031590,Jay Ajayi,RB,MIA,2015,12,0,0,0.0,0,,3,6,4,16,0.1034,0.0325,9,17,9.8,11.58,9.8
00-0031590,Jay Ajayi,RB,MIA,2015,13,0,0,0.0,0,,4,0,0,0.0,0.0,0.0,26,27,3.2,3.11,3.2
00-0031590,Jay Ajayi,RB,MIA,2015,14,0,0,0.0,0,,5,0,0,0.0,0.0,0.0,22,19,1.5,2.59,1.5
00-0031590,Jay Ajayi,RB,MIA,2015,15,0,0,0.0,0,,6,3,1,6,0.0968,0.0197,19,21,11.2,7.75,11.2
00-0031590,Jay Ajayi,RB,MIA,2015,16,0,0,0.0,0,,9,0,0,0.0,0.0,0.0,25,32,2.3,9.67,2.3
00-0031590,Jay Ajayi,RB,MIA,2015,17,0,0,0.0,0,,7,0,0,0.0,0.0,0.0,34,33,0.2,3.91,0.2
00-0031598,Nick Boyle,TE,BAL,2015,3,0,0,0.0,0,,0,2,2,5,0.0417,0.0174,18,21,3.9,2.89,3.9
00-0031598,Nick Boyle,TE,BAL,2015,4,0,0,0.0,0,,0,4,3,-9,0.1212,-0.0457,39,36,4.2,5.36,4.2
00-0031598,Nick Boyle,TE,BAL,2015,5,0,0,0.0,0,,0,3,3,7,0.0857,0.0318,31,33,5.7,4.56,5.7
00-0031598,Nick Boyle,TE,BAL,2015,7,0,0,0.0,0,,0,2,2,8,0.0513,0.0331,16,19,6.0,4.04,6.0
00-0031598,Nick Boyle,TE,BAL,2015,8,0,0,0.0,0,,0,2,1,10,0.0541,0.0338,25,25,2.5,3.11,2.5
00-0031598,Nick Boyle,TE,BAL,2015,10,0,0,0.0,0,,0,3,3,22,0.0667,0.0611,21,24,6.5,4.75,6.5
00-0031598,Nick Boyle,TE,BAL,2015,12,0,0,0.0,0,,0,3,1,43,0.0882,0.1799,23,23,2.0,5.33,2.0
00-0031598,Nick Boyle,TE,BAL,2015,13,0,0,0.0,0,,0,4,3,19,0.087,0.0603,26,38,4.5,5.1,4.5
00-0031599,Cameron Artis-Payne,RB,CAR,2015,3,0,0,0.0,0,,3,0,0,0.0,0.0,0.0,30,18,0.6,1.27,0.6
00-0031599,Cameron Artis-Payne,RB,CAR,2015,4,0,0,0.0,0,,8,0,0,0.0,0.0,0.0,33,19,2.5,3.69,2.5
00-0031599,Cameron Artis-Payne,RB,CAR,2015,7,0,0,0.0,0,,1,0,0,0.0,0.0,0.0,33,25,0.0,0.28,0.0
00-0031599,Cameron Artis-Payne,RB,CAR,2015,15,0,0,0.0,0,,14,2,2,-1,0.0465,-0.0019,29,20,11.3,13.08,11.3
00-0031599,Cameron Artis-Payne,RB,CAR,2015,16,0,0,0.0,0,,5,1,1,0.0,0.0357,0.0,20,13,6.6,3.85,6.6
00-0031599,Cameron Artis-Payne,RB,CAR,2015,17,0,0,0.0,0,,14,2,2,-2,0.0769,-0.0078,32,16,14.1,10.82,14.1
00-0031600,Keith Mumphery,WR,HOU,2015,1,0,0,0.0,0,,0,3,2,39,0.0652,0.0804,21,23,4.3,4.8,4.3
00-0031600,Keith Mumphery,WR,HOU,2015,2,0,0,0.0,0,,0,2,0,24,0.0351,0.0531,23,30,0.0,2.99,0.0
00-0031600,Keith Mumphery,WR,HOU,2015,4,0,0,0.0,0,,0,7,4,103,0.1228,0.1296,17,23,9.6,10.73,9.6
00-0031600,Keith Mumphery,WR,HOU,2015,5,0,0,0.0,0,,0,8,4,93,0.1951,0.2279,28,38,6.3,13.54,6.3
00-0031600,Keith Mumphery,WR,HOU,2015,6,0,0,0.0,0,,0,4,2,7,0.1111,0.0237,31,32,2.8,5.47,2.8
00-0031600,Keith Mumphery,WR,HOU,2015,7,0,0,0.0,0,,0,3,1,34,0.0612,0.0942,25,32,2.6,4.46,2.6
00-0031600,Keith Mumphery,WR,HOU,2015,8,0,0,0.0,0,,0,2,1,5,0.0588,0.0188,23,30,1.3,2.69,1.3
00-0031600,Keith Mumphery,WR,HOU,2015,17,0,0,0.0,0,,0,3,0,32,0.0732,0.1088,31,37,0.0,5.27,0.0
00-0031610,Darren Waller,TE,BAL,2015,2,0,0,0.0,0,,0,2,0,43,0.0444,0.0951,25,31,0.0,4.08,0.0
00-0031610,Darren Waller,TE,BAL,2015,4,0,0,0.0,0,,0,2,1,37,0.0606,0.1878,39,36,2.7,2.7,2.7
00-0031610,Darren Waller,TE,BAL,2015,5,0,0,0.0,0,,0,2,1,6,0.0571,0.0273,31,33,1.1,3.01,1.1
00-0031611,Josh Robinson,RB,IND,2015,1,0,0,0.0,0,,4,0,0,0.0,0.0,0.0,17,14,1.1,3.71,1.1
00-0031611,Josh Robinson,RB,IND,2015,2,0,0,0.0,0,,5,5,5,-7,0.1429,-0.0177,24,26,8.9,11.05,8.9
00-0031611,Josh Robinson,RB,IND,2015,3,0,0,0.0,0,,2,0,0,0.0,0.0,0.0,23,17,0.8,1.05,0.8
00-0031611,Josh Robinson,RB,IND,2015,4,0,0,0.0,0,,3,0,0,0.0,0.0,0.0,24,25,-1.8,1.32,-1.8
00-0031611,Josh Robinson,RB,IND,2015,5,0,0,0.0,0,,3,1,1,3,0.0345,0.0126,30,28,2.2,3.19,2.2
00-0031665,Zach Zenner,RB,DET,2015,1,0,0,0.0,0,,2,0,0,0.0,0.0,0.0,16,23,0.6,1.27,0.6
00-0031665,Zach Zenner,RB,DET,2015,4,0,0,0.0,0,,2,1,1,4,0.0286,0.0165,18,24,2.3,2.28,2.3
00-0031665,Zach Zenner,RB,DET,2015,5,0,0,0.0,0,,10,2,1,-10,0.0294,-0.0193,18,28,4.7,7.97,4.7
00-0031665,Zach Zenner,RB,DET,2015,6,0,0,0.0,0,,3,0,0,0.0,0.0,0.0,32,30,1.5,1.6,1.5
00-0031682,Terron Ward,RB,ATL,2015,2,0,0,0.0,0,,0,1,1,5,0.0217,0.0183,22,27,1.9,1.66,1.9
00-0031682,Terron Ward,RB,ATL,2015,4,0,0,0.0,0,,19,1,1,-2,0.037,-0.015,35,39,16.0,14.77,16.0
00-0031682,Terron Ward,RB,ATL,2015,5,0,0,0.0,0,,0,2,0,14,0.0476,0.0338,32,36,0.0,2.46,0.0
00-0031682,Terron Ward,RB,ATL,2015,6,0,0,0.0,0,,0,1,1,2,0.0233,0.0064,21,28,1.7,1.57,1.7
00-0031682,Terron Ward,RB,ATL,2015,7,0,0,0.0,0,,0,1,1,0.0,0.0263,0.0,31,32,1.7,1.52,1.7
00-0031682,Terron Ward,RB,ATL,2015,8,0,0,0.0,0,,0,1,1,1,0.0222,0.0037,27,33,1.8,1.36,1.8
00-0031682,Terron Ward,RB,ATL,2015,11,0,0,0.0,0,,2,4,3,-6,0.087,-0.0123,24,28,4.8,6.55,4.8
00-0031682,Terron Ward,RB,ATL,2015,12,0,0,0.0,0,,5,2,1,10,0.0645,0.0332,24,24,2.5,12.06,2.5
00-0031682,Terron Ward,RB,ATL,2015,16,0,0,0.0,0,,2,0,0,0.0,0.0,0.0,30,27,0.3,0.86,0.3
00-0031682,Terron Ward,RB,ATL,2015,17,0,0,0.0,0,,1,0,0,0.0,0.0,0.0,26,29,1.1,0.51,1.1
00-0031731,Corey Grant,RB,JAX,2015,1,0,0,0.0,0,,0,1,1,-1,0.0256,-0.0035,21,24,1.5,1.41,1.5
00-0031731,Corey Grant,RB,JAX,2015,2,0,0,0.0,0,,1,0,0,0.0,0.0,0.0,33,33,0.1,0.39,0.1
00-0031731,Corey Grant,RB,JAX,2015,3,0,0,0.0,0,,2,2,1,16,0.0606,0.0409,20,22,2.4,5.18,2.4
00-0031731,Corey Grant,RB,JAX,2015,5,0,0,0.0,0,,2,0,0,0.0,0.0,0.0,17,21,-2.6,1.4,-2.6
00-0031731,Corey Grant,RB,JAX,2015,6,0,0,0.0,0,,1,0,0,0.0,0.0,0.0,21,23,0.1,0.38,0.1
00-0031743,Akeem Hunt,RB,HOU,2015,11,0,0,0.0,0,,2,1,0,4,0.0294,0.0101,37,35,0.4,2.59,0.4
00-0031743,Akeem Hunt,RB,HOU,2015,12,0,0,0.0,0,,3,1,1,-2,0.037,-0.0114,38,36,3.5,3.47,3.5
00-0031743,Akeem Hunt,RB,HOU,2015,13,0,0,0.0,0,,1,1,1,0.0,0.0233,0.0,26,26,1.7,1.72,1.7
00-0031743,Akeem Hunt,RB,HOU,2015,14,0,0,0.0,0,,1,0,0,0.0,0.0,0.0,22,23,0.1,0.46,0.1
00-0031743,Akeem Hunt,RB,HOU,2015,15,0,0,0.0,0,,5,2,2,-8,0.0741,-0.0343,37,32,5.4,5.41,5.4
00-0031743,Akeem Hunt,RB,HOU,2015,16,0,0,0.0,0,,2,2,1,-1,0.0769,-0.0035,42,36,1.9,3.94,1.9
00-0031743,Akeem Hunt,RB,HOU,2015,17,0,0,0.0,0,,3,3,1,12,0.0732,0.0408,31,37,6.5,5.9,6.5
00-0031744,Matt LaCosse,TE,NYG,2015,16,0,0,0.0,0,,0,3,3,13,0.0882,0.0575,20,24,5.2,4.03,5.2
00-0031757,Lucky Whitehead,WR,DAL,2015,5,0,0,0.0,0,,0,2,1,4,0.0513,0.017,24,34,0.7,2.63,0.7
00-0031757,Lucky Whitehead,WR,DAL,2015,7,0,0,0.0,0,,4,0,0,0.0,0.0,0.0,41,39,3.5,2.48,3.5
00-0031757,Lucky Whitehead,WR,DAL,2015,8,0,0,0.0,0,,1,0,0,0.0,0.0,0.0,30,31,0.2,0.62,0.2
00-0031757,Lucky Whitehead,WR,DAL,2015,9,0,0,0.0,0,,0,2,1,8,0.0541,0.0271,29,28,1.8,4.47,1.8
00-0031757,Lucky Whitehead,WR,DAL,2015,10,0,0,0.0,0,,0,1,1,-2,0.0357,-0.0068,21,23,1.0,1.41,1.0
00-0031757,Lucky Whitehead,WR,DAL,2015,12,0,0,0.0,0,,0,1,1,-3,0.0263,-0.0096,14,18,1.4,1.32,1.4
00-0031757,Lucky Whitehead,WR,DAL,2015,13,0,0,0.0,0,,2,1,1,1,0.0357,0.0038,24,23,5.0,2.58,5.0
00-0031757,Lucky Whitehead,WR,DAL,2015,14,0,0,0.0,0,,1,1,1,2,0.0357,0.0079,20,16,1.5,1.38,1.5
00-0031757,Lucky Whitehead,WR,DAL,2015,15,0,0,0.0,0,,2,0,0,0.0,0.0,0.0,21,21,3.2,1.37,3.2
00-0031768,Terrence Magee,RB,BAL,2015,15,0,0,0.0,0,,2,1,1,1,0.0222,0.0023,20,16,1.7,2.29,1.7
00-0031806,Malcolm Brown,RB,LA,2015,17,0,0,0.0,0,,4,1,1,-5,0.0263,-0.0137,33,30,2.5,2.83,2.5
00-0031816,Tyler Murphy,WR,PIT,2015,1,0,0,0.0,0,,0,1,1,15,0.0263,0.0337,25,26,2.6,1.59,2.6
00-0031818,Bradley Marquez,WR,LA,2015,8,0,0,0.0,0,,0,1,1,5,0.0435,0.0216,41,39,1.5,1.42,1.5
00-0031818,Bradley Marquez,WR,LA,2015,9,0,0,0.0,0,,0,1,1,-1,0.0323,-0.0038,36,31,1.3,1.33,1.3
00-0031818,Bradley Marquez,WR,LA,2015,10,0,0,0.0,0,,0,4,2,51,0.1081,0.1614,21,23,3.9,4.71,3.9
00-0031818,Bradley Marquez,WR,LA,2015,12,0,0,0.0,0,,0,5,3,30,0.0943,0.1176,17,21,4.3,5.94,4.3
00-0031818,Bradley Marquez,WR,LA,2015,13,0,0,0.0,0,,0,3,3,4,0.0882,0.0107,15,13,4.6,4.08,4.6
00-0031818,Bradley Marquez,WR,LA,2015,14,0,0,0.0,0,,0,3,3,27,0.1364,0.1371,29,27,6.2,4.13,6.2
00-0031818,Bradley Marquez,WR,LA,2015,15,0,0,0.0,0,,0,1,0,10,0.0588,0.0935,33,28,0.0,1.4,0.0
00-0031818,Bradley Marquez,WR,LA,2015,16,0,0,0.0,0,,0,1,0,4,0.0435,0.0255,30,28,0.0,1.4,0.0
00-0031818,Bradley Marquez,WR,LA,2015,17,0,0,0.0,0,,0,3,0,65,0.0789,0.1776,33,30,0.0,5.56,0.0
00-0031826,John Crockett,RB,GB,2015,13,0,0,0.0,0,,5,0,0,0.0,0.0,0.0,24,25,2.2,2.36,2.2
00-0031826,John Crockett,RB,GB,2015,16,0,0,0.0,0,,4,0,0,0.0,0.0,0.0,26,20,-0.1,1.82,-0.1
00-0031830,Alonzo Harris,RB,GB,2015,3,0,0,0.0,0,,2,0,0,0.0,0.0,0.0,32,33,1.7,1.28,1.7
00-0031830,Alonzo Harris,RB,GB,2015,8,0,0,0.0,0,,2,0,0,0.0,0.0,0.0,21,21,0.2,0.75,0.2
00-0031830,Alonzo Harris,RB,GB,2015,10,0,0,0.0,0,,0,1,0,-3,0.0167,-0.006,18,21,0.0,1.45,0.0
00-0031854,Chris Harper,WR,NE,2015,11,0,0,0.0,0,,0,1,0,43,0.0263,0.1239,22,25,0.0,2.73,0.0
00-0031854,Chris Harper,WR,NE,2015,12,0,0,0.0,0,,0,1,0,8,0.0238,0.0174,16,22,0.0,1.27,0.0
00-0031854,Chris Harper,WR,NE,2015,17,0,0,0.0,0,,0,1,1,5,0.04,0.0253,27,31,1.6,1.43,1.6
00-0031897,Thomas Rawls,RB,SEA,2015,1,0,0,0.0,0,,2,0,0,0.0,0.0,0.0,32,29,0.5,0.93,0.5
00-0031897,Thomas Rawls,RB,SEA,2015,3,0,0,0.0,0,,16,1,0,-4,0.0385,-0.0179,29,26,10.4,10.81,10.4
00-0031897,Thomas Rawls,RB,SEA,2015,4,0,0,0.0,0,,17,1,1,-1,0.0385,-0.0052,31,23,5.7,10.05,5.7
00-0031897,Thomas Rawls,RB,SEA,2015,5,0,0,0.0,0,,23,0,0,0.0,0.0,0.0,30,30,22.9,10.76,22.9
00-0031897,Thomas Rawls,RB,SEA,2015,6,0,0,0.0,0,,1,0,0,0.0,0.0,0.0,26,21,0.8,0.71,0.8
00-0031897,Thomas Rawls,RB,SEA,2015,7,0,0,0.0,0,,6,2,2,-1,0.0833,-0.0043,41,40,6.1,5.68,6.1
00-0031897,Thomas Rawls,RB,SEA,2015,8,0,0,0.0,0,,4,0,0,0.0,0.0,0.0,31,28,1.0,1.85,1.0
00-0031897,Thomas Rawls,RB,SEA,2015,10,0,0,0.0,0,,2,0,0,0.0,0.0,0.0,18,11,1.9,1.0,1.9
00-0031897,Thomas Rawls,RB,SEA,2015,11,0,0,0.0,0,,30,3,3,-5,0.1111,-0.0311,44,39,40.5,25.58,40.5
00-0031897,Thomas Rawls,RB,SEA,2015,12,0,0,0.0,0,,21,1,0,-6,0.0345,-0.0253,27,24,14.1,19.04,14.1
00-0031897,Thomas Rawls,RB,SEA,2015,13,0,0,0.0,0,,19,3,3,7,0.1071,0.033,36,28,19.3,17.77,19.3
00-0031897,Thomas Rawls,RB,SEA,2015,14,0,0,0.0,0,,6,0,0,0.0,0.0,0.0,36,32,4.4,5.0,4.4
00-0031900,Rod Smith,RB,SEA,2015,5,0,0,0.0,0,,2,0,0,0.0,0.0,0.0,30,30,0.5,0.8,0.5
00-0031900,Rod Smith,RB,DAL,2015,8,0,0,0.0,0,,0,1,0,0.0,0.0385,0.0,30,31,0.0,1.34,0.0
00-0031900,Rod Smith,RB,DAL,2015,12,0,0,0.0,0,,0,1,1,1,0.0263,0.0032,14,18,1.6,1.39,1.6
00-0031912,Cameron Meredith,WR,CHI,2015,2,0,0,0.0,0,,0,4,3,44,0.125,0.2,28,27,6.6,6.0,6.6
00-0031912,Cameron Meredith,WR,CHI,2015,4,0,0,0.0,0,,0,2,0,52,0.0465,0.194,29,32,0.0,2.79,0.0
00-0031912,Cameron Meredith,WR,CHI,2015,5,0,0,0.0,0,,0,4,4,40,0.0889,0.1166,26,28,9.2,5.58,9.2
00-0031912,Cameron Meredith,WR,CHI,2015,6,0,0,0.0,0,,0,1,1,-1,0.0244,-0.0029,31,33,1.7,1.43,1.7
00-0031912,Cameron Meredith,WR,CHI,2015,11,0,0,0.0,0,,0,1,1,6,0.0312,0.0187,25,25,1.6,0.86,1.6
00-0031912,Cameron Meredith,WR,CHI,2015,17,0,0,0.0,0,,0,4,2,37,0.1739,0.1468,24,26,3.9,8.32,3.9
00-0031922,Khari Lee,TE,CHI,2015,5,0,0,0.0,0,,0,1,0,20,0.0222,0.0583,26,28,0.0,1.81,0.0
00-0031922,Khari Lee,TE,CHI,2015,12,0,0,0.0,0,,0,1,1,3,0.0323,0.0155,31,29,1.7,1.28,1.7
00-0031922,Khari Lee,TE,CHI,2015,14,0,0,0.0,0,,0,1,0,12,0.0323,0.0319,22,25,0.0,1.76,0.0
00-0031932,Chandler Worthy,WR,HOU,2015,2,0,0,0.0,0,,0,2,2,-5,0.0351,-0.0111,23,30,3.5,2.67,3.5
00-0031932,Chandler Worthy,WR,HOU,2015,3,0,0,0.0,0,,0,1,1,-2,0.0256,-0.0061,46,46,0.9,1.37,0.9
00-0031932,Chandler Worthy,WR,HOU,2015,5,0,0,0.0,0,,0,1,0,6,0.0244,0.0147,28,38,0.0,1.37,0.0
00-0031934,Devin Smith,WR,NYJ,2015,3,0,0,0.0,0,,0,9,3,209,0.1552,0.4147,16,21,6.9,16.19,6.9
00-0031934,Devin Smith,WR,NYJ,2015,4,0,0,0.0,0,,0,6,2,90,0.2069,0.3147,43,37,3.4,9.75,3.4
00-0031934,Devin Smith,WR,NYJ,2015,7,0,0,0.0,0,,0,2,1,34,0.0513,0.1006,29,27,1.7,2.92,1.7
00-0031934,Devin Smith,WR,NYJ,2015,10,0,0,0.0,0,,0,1,1,19,0.0294,0.0473,24,23,3.2,1.47,3.2
00-0031934,Devin Smith,WR,NYJ,2015,11,0,0,0.0,0,,0,4,0,99,0.1026,0.2124,21,23,0.0,5.94,0.0
00-0031934,Devin Smith,WR,NYJ,2015,12,0,0,0.0,0,,0,3,2,46,0.0811,0.1281,34,33,11.3,5.99,11.3
00-0031934,Devin Smith,WR,NYJ,2015,14,0,0,0.0,0,,0,3,0,77,0.0833,0.2831,34,37,0.0,7.09,0.0
00-0031939,Matt Jones,RB,WAS,2015,1,0,0,0.0,0,,6,0,0,0.0,0.0,0.0,37,34,2.8,2.87,2.8
00-0031939,Matt Jones,RB,WAS,2015,2,0,0,0.0,0,,19,3,3,-1,0.1111,-0.006,37,43,27.6,17.63,27.6
00-0031939,Matt Jones,RB,WAS,2015,3,0,0,0.0,0,,11,0,0,0.0,0.0,0.0,20,27,1.8,5.31,1.8
00-0031939,Matt Jones,RB,WAS,2015,4,0,0,0.0,0,,7,0,0,0.0,0.0,0.0,32,34,1.1,7.65,1.1
00-0031939,Matt Jones,RB,WAS,2015,5,0,0,0.0,0,,11,2,1,-2,0.0625,-0.0092,24,29,10.7,10.46,10.7
00-0031939,Matt Jones,RB,WAS,2015,7,0,0,0.0,0,,9,4,3,7,0.1,0.0264,19,19,8.1,10.75,8.1
00-0031939,Matt Jones,RB,WAS,2015,9,0,0,0.0,0,,11,3,2,8,0.075,0.023,15,19,4.4,9.53,4.4
00-0031939,Matt Jones,RB,WAS,2015,10,0,0,0.0,0,,11,3,3,-4,0.12,-0.0296,31,35,27.7,12.93,27.7
00-0031939,Matt Jones,RB,WAS,2015,11,0,0,0.0,0,,5,2,2,11,0.0667,0.0458,12,16,1.2,5.36,1.2
00-0031939,Matt Jones,RB,WAS,2015,12,0,0,0.0,0,,8,1,1,0.0,0.0345,0.0,37,36,7.4,5.3,7.4
00-0031939,Matt Jones,RB,WAS,2015,13,0,0,0.0,0,,18,1,1,5,0.0323,0.0189,26,30,6.4,10.03,6.4
00-0031939,Matt Jones,RB,WAS,2015,14,0,0,0.0,0,,18,3,2,11,0.0968,0.048,33,32,10.6,13.14,10.6
00-0031939,Matt Jones,RB,WAS,2015,15,0,0,0.0,0,,10,3,1,8,0.1071,0.0346,27,25,4.6,11.25,4.6
00-0031941,Jamison Crowder,WR,WAS,2015,1,0,0,0.0,0,,1,1,1,-3,0.0323,-0.01,37,34,1.2,2.14,1.2
00-0031941,Jamison Crowder,WR,WAS,2015,2,0,0,0.0,0,,0,1,1,4,0.037,0.0241,37,43,1.7,1.4,1.7
00-0031941,Jamison Crowder,WR,WAS,2015,3,0,0,0.0,0,,0,6,6,28,0.1224,0.0598,20,27,12.5,8.92,12.5
00-0031941,Jamison Crowder,WR,WAS,2015,4,0,0,0.0,0,,0,12,7,85,0.2609,0.2707,32,34,13.5,19.41,13.5
00-0031941,Jamison Crowder,WR,WAS,2015,5,0,0,0.0,0,,1,8,8,31,0.25,0.1422,24,29,16.7,13.83,16.7
00-0031941,Jamison Crowder,WR,WAS,2015,6,1,0,-0.454,0,-53.74,0,9,4,93,0.2045,0.248,17,23,8.0,12.81,8.0
00-0031941,Jamison Crowder,WR,WAS,2015,7,0,0,0.0,0,,0,5,5,37,0.125,0.1396,19,19,9.8,6.9,9.8
00-0031941,Jamison Crowder,WR,WAS,2015,9,0,0,0.0,0,,0,8,6,64,0.2,0.1839,15,19,11.0,10.86,11.0
00-0031941,Jamison Crowder,WR,WAS,2015,10,0,0,0.0,0,,0,5,4,25,0.2,0.1852,31,35,16.0,9.8,16.0
00-0031941,Jamison Crowder,WR,WAS,2015,11,0,0,0.0,0,,0,1,1,4,0.0333,0.0167,12,16,1.5,1.33,1.5
00-0031941,Jamison Crowder,WR,WAS,2015,12,0,0,0.0,0,,0,4,2,30,0.1379,0.1027,37,36,3.2,8.27,3.2
00-0031941,Jamison Crowder,WR,WAS,2015,13,0,0,0.0,0,,0,4,3,10,0.129,0.0377,26,30,5.9,5.24,5.9
00-0031941,Jamison Crowder,WR,WAS,2015,14,0,0,0.0,0,,0,1,1,5,0.0323,0.0218,33,32,2.3,1.38,2.3
00-0031941,Jamison Crowder,WR,WAS,2015,15,0,0,0.0,0,,0,3,3,9,0.1071,0.039,27,25,5.1,4.53,5.1
00-0031941,Jamison Crowder,WR,WAS,2015,16,0,0,0.0,0,,0,3,2,10,0.0652,0.0235,26,29,5.3,5.2,5.3
00-0031941,Jamison Crowder,WR,WAS,2015,17,0,0,0.0,0,,0,7,5,27,0.2692,0.1436,36,34,21.9,13.4,21.9
00-0031951,James O'Shaughnessy,TE,KC,2015,1,0,0,0.0,0,,0,1,0,19,0.0323,0.0984,32,28,0.0,1.94,0.0
00-0031951,James O'Shaughnessy,TE,KC,2015,2,0,0,0.0,0,,0,2,2,10,0.08,0.0885,28,28,7.4,2.44,7.4
00-0031951,James O'Shaughnessy,TE,KC,2015,4,0,0,0.0,0,,0,1,1,6,0.0233,0.0208,23,23,1.8,1.6,1.8
00-0031951,James O'Shaughnessy,TE,KC,2015,6,0,0,0.0,0,,0,3,2,15,0.0811,0.0442,18,16,4.3,4.24,4.3
00-0031951,James O'Shaughnessy,TE,KC,2015,7,0,0,0.0,0,,0,2,1,-1,0.0645,-0.0048,29,27,1.2,2.42,1.2
00-0031953,Geremy Davis,WR,NYG,2015,2,0,0,0.0,0,,0,1,1,4,0.025,0.0128,23,31,1.5,1.44,1.5
00-0031953,Geremy Davis,WR,NYG,2015,5,0,0,0.0,0,,0,1,1,9,0.0189,0.0266,21,31,2.6,1.55,2.6
00-0031953,Geremy Davis,WR,NYG,2015,6,0,0,0.0,0,,0,1,0,24,0.0278,0.1148,23,26,0.0,1.47,0.0
00-0031959,Marcus Murphy,RB,NO,2015,14,0,0,0.0,0,,1,0,0,0.0,0.0,0.0,35,36,0.0,0.41,0.0
00-0031962,Mario Alford,WR,CIN,2015,13,0,0,0.0,0,,0,1,1,10,0.0455,0.0571,33,30,2.5,1.59,2.5
00-0031968,E.J. Bibbs,TE,CLE,2015,12,0,0,0.0,0,,0,1,0,0.0,0.0208,0.0,18,20,0.0,0.84,0.0
00-0031968,E.J. Bibbs,TE,CLE,2015,13,0,0,0.0,0,,0,1,1,5,0.0278,0.0166,19,21,1.7,1.34,1.7
00-0031972,Darius Jennings,WR,CLE,2015,13,0,0,0.0,0,,0,7,5,38,0.1944,0.1262,19,21,8.5,8.89,8.5
00-0031972,Darius Jennings,WR,CLE,2015,16,0,0,0.0,0,,0,4,3,29,0.1379,0.098,36,27,6.7,4.76,6.7
00-0031972,Darius Jennings,WR,CLE,2015,17,0,0,0.0,0,,0,10,6,72,0.2174,0.1983,23,23,10.5,15.0,10.5
00-0032001,Ben Edwards,WR,NYG,2015,16,0,0,0.0,0,,0,2,1,18,0.0588,0.0796,20,24,1.9,2.91,1.9
00-0032004,Will Tye,TE,NYG,2015,4,0,0,0.0,0,,0,1,0,0.0,0.0286,0.0,28,27,0.0,1.41,0.0
00-0032004,Will Tye,TE,NYG,2015,5,0,0,0.0,0,,0,4,4,22,0.0755,0.0651,21,31,8.8,5.8,8.8
00-0032004,Will Tye,TE,NYG,2015,6,0,0,0.0,0,,0,3,2,0.0,0.0833,0.0,23,26,4.2,4.39,4.2
00-0032004,Will Tye,TE,NYG,2015,7,0,0,0.0,0,,0,2,0,4,0.0833,0.0227,25,22,0.0,2.19,0.0
00-0032004,Will Tye,TE,NYG,2015,8,0,0,0.0,0,,0,2,2,11,0.0488,0.0314,21,31,0.7,3.51,0.7
00-0032004,Will Tye,TE,NYG,2015,9,0,0,0.0,0,,0,6,2,48,0.15,0.1558,33,38,3.9,11.93,3.9
00-0032004,Will Tye,TE,NYG,2015,10,0,0,0.0,0,,0,7,5,36,0.1591,0.0783,23,26,10.6,12.28,10.6
00-0032004,Will Tye,TE,NYG,2015,12,0,0,0.0,0,,0,8,6,48,0.1569,0.0936,13,18,13.4,11.95,13.4
00-0032004,Will Tye,TE,NYG,2015,13,0,0,0.0,0,,0,4,3,41,0.1176,0.1449,24,27,10.0,6.86,10.0
00-0032004,Will Tye,TE,NYG,2015,14,0,0,0.0,0,,0,5,5,24,0.1613,0.1062,31,32,14.0,9.36,14.0
00-0032004,Will Tye,TE,NYG,2015,15,0,0,0.0,0,,0,8,5,51,0.1778,0.1848,27,35,15.3,13.81,15.3
00-0032004,Will Tye,TE,NYG,2015,16,0,0,0.0,0,,0,4,3,17,0.1176,0.0752,20,24,5.8,5.3,5.8
00-0032004,Will Tye,TE,NYG,2015,17,0,0,0.0,0,,0,8,5,54,0.1905,0.1588,36,44,17.7,15.32,17.7
00-0032008,Donteea Dye,WR,TB,2015,5,0,0,0.0,0,,0,1,0,-1,0.0556,-0.0057,40,43,0.0,1.41,0.0
00-0032008,Donteea Dye,WR,TB,2015,7,0,0,0.0,0,,0,1,1,7,0.0345,0.0273,30,35,7.7,3.94,7.7
00-0032008,Donteea Dye,WR,TB,2015,8,0,0,0.0,0,,0,3,1,23,0.1034,0.0785,32,33,1.4,4.06,1.4
00-0032008,Donteea Dye,WR,TB,2015,9,0,0,0.0,0,,0,4,1,52,0.1111,0.13,23,23,1.4,9.39,1.4
00-0032008,Donteea Dye,WR,TB,2015,10,0,0,0.0,0,,0,3,1,14,0.0789,0.0328,26,29,2.1,3.58,2.1
00-0032008,Donteea Dye,WR,TB,2015,14,0,0,0.0,0,,0,3,1,57,0.0968,0.2021,19,23,2.6,5.81,2.6
00-0032008,Donteea Dye,WR,TB,2015,15,0,0,0.0,0,,0,5,1,84,0.102,0.16,27,29,5.4,8.49,5.4
00-0032008,Donteea Dye,WR,TB,2015,16,0,0,0.0,0,,0,3,1,50,0.1071,0.1208,25,25,2.5,3.93,2.5
00-0032008,Donteea Dye,WR,TB,2015,17,0,0,0.0,0,,0,7,4,79,0.1489,0.2351,22,35,7.1,8.75,7.1
00-0032009,Adam Humphries,WR,TB,2015,1,0,0,0.0,0,,0,4,2,17,0.1212,0.0656,26,23,3.4,5.37,3.4
00-0032009,Adam Humphries,WR,TB,2015,8,0,0,0.0,0,,0,6,3,52,0.2069,0.1775,32,33,4.4,11.31,4.4
00-0032009,Adam Humphries,WR,TB,2015,9,0,0,0.0,0,,0,5,5,26,0.1389,0.065,23,23,10.5,7.16,10.5
00-0032009,Adam Humphries,WR,TB,2015,10,0,0,0.0,0,,0,3,2,37,0.0789,0.0867,26,29,4.5,4.99,4.5
00-0032009,Adam Humphries,WR,TB,2015,11,0,0,0.0,0,,0,5,4,39,0.1786,0.1345,42,41,9.0,8.65,9.0
00-0032009,Adam Humphries,WR,TB,2015,12,0,0,0.0,0,,0,3,2,22,0.0833,0.0454,21,22,4.0,5.52,4.0
00-0032009,Adam Humphries,WR,TB,2015,13,0,0,0.0,0,,0,1,1,3,0.037,0.012,37,35,1.6,2.42,1.6
00-0032009,Adam Humphries,WR,TB,2015,14,0,0,0.0,0,,0,3,1,15,0.0968,0.0532,19,23,7.6,5.83,7.6
00-0032009,Adam Humphries,WR,TB,2015,15,0,0,0.0,0,,0,6,6,18,0.1224,0.0343,27,29,12.0,7.78,12.0
00-0032009,Adam Humphries,WR,TB,2015,16,0,0,0.0,0,,0,2,1,23,0.0714,0.0556,25,25,2.0,3.5,2.0
00-0032009,Adam Humphries,WR,TB,2015,17,0,0,0.0,0,,0,2,0,18,0.0426,0.0536,22,35,0.0,3.01,0.0
00-0032045,Andrew Turzilli,WR,TEN,2015,14,0,0,0.0,0,,0,2,2,21,0.05,0.0481,13,7,4.5,2.89,4.5
00-0032055,Devin Funchess,WR,CAR,2015,1,0,0,0.0,0,,0,2,1,14,0.0645,0.0549,35,26,1.9,2.89,1.9
00-0032055,Devin Funchess,WR,CAR,2015,2,0,0,0.0,0,,0,4,1,42,0.1081,0.1091,33,19,2.5,5.49,2.5
00-0032055,Devin Funchess,WR,CAR,2015,3,0,0,0.0,0,,0,4,1,54,0.129,0.1612,30,18,2.4,8.52,2.4
00-0032055,Devin Funchess,WR,CAR,2015,4,0,0,0.0,0,,0,2,0,4,0.0909,0.0175,33,19,0.0,3.99,0.0
00-0032055,Devin Funchess,WR,CAR,2015,6,0,0,0.0,0,,0,6,2,115,0.1714,0.2681,33,24,4.4,10.21,4.4
00-0032055,Devin Funchess,WR,CAR,2015,7,0,0,0.0,0,,0,2,1,30,0.0833,0.1442,33,25,3.0,3.84,3.0
00-0032055,Devin Funchess,WR,CAR,2015,8,0,0,0.0,0,,0,1,1,8,0.0286,0.0183,36,26,1.8,1.44,1.8
00-0032055,Devin Funchess,WR,CAR,2015,9,0,0,0.0,0,,0,4,3,70,0.1379,0.2,36,23,16.1,7.24,16.1
00-0032055,Devin Funchess,WR,CAR,2015,10,0,0,0.0,0,,0,2,2,33,0.08,0.1241,34,22,6.1,3.89,6.1
00-0032055,Devin Funchess,WR,CAR,2015,11,0,0,0.0,0,,0,8,4,115,0.2353,0.3392,39,25,16.4,16.6,16.4
00-0032055,Devin Funchess,WR,CAR,2015,12,0,0,0.0,0,,0,4,2,41,0.1481,0.2158,37,24,3.9,8.48,3.9
00-0032055,Devin Funchess,WR,CAR,2015,13,0,0,0.0,0,,0,3,1,30,0.0732,0.0637,34,25,8.3,5.44,8.3
00-0032055,Devin Funchess,WR,CAR,2015,14,0,0,0.0,0,,0,5,3,41,0.1923,0.1371,32,20,5.5,8.28,5.5
00-0032055,Devin Funchess,WR,CAR,2015,15,0,0,0.0,0,,0,7,2,109,0.1628,0.2034,29,20,11.0,16.31,11.0
00-0032055,Devin Funchess,WR,CAR,2015,16,0,0,0.0,0,,0,1,0,13,0.0357,0.067,20,13,0.0,1.97,0.0
00-0032055,Devin Funchess,WR,CAR,2015,17,0,0,0.0,0,,0,8,7,90,0.3077,0.3502,32,16,23.0,12.94,23.0
00-0032058,Tevin Coleman,RB,ATL,2015,1,0,0,0.0,0,,20,2,0,11,0.0588,0.0373,35,33,8.0,12.98,8.0
00-0032058,Tevin Coleman,RB,ATL,2015,2,0,0,0.0,0,,9,1,0,1,0.0217,0.0037,22,27,9.2,8.85,9.2
00-0032058,Tevin Coleman,RB,ATL,2015,5,0,0,0.0,0,,2,0,0,0.0,0.0,0.0,32,36,0.3,0.98,0.3
00-0032058,Tevin Coleman,RB,ATL,2015,6,0,0,0.0,0,,4,0,0,0.0,0.0,0.0,21,28,2.0,2.06,2.0
00-0032058,Tevin Coleman,RB,ATL,2015,7,0,0,0.0,0,,3,1,0,-10,0.0263,-0.0332,31,32,1.4,2.97,1.4
00-0032058,Tevin Coleman,RB,ATL,2015,8,0,0,0.0,0,,3,1,1,-1,0.0222,-0.0037,27,33,3.1,3.11,3.1
00-0032058,Tevin Coleman,RB,ATL,2015,9,0,0,0.0,0,,1,0,0,0.0,0.0,0.0,14,21,0.3,0.46,0.3
00-0032058,Tevin Coleman,RB,ATL,2015,11,0,0,0.0,0,,17,2,0,5,0.0435,0.0103,24,28,2.8,18.34,2.8
00-0032058,Tevin Coleman,RB,ATL,2015,12,0,0,0.0,0,,18,2,0,25,0.0645,0.0831,24,24,9.0,13.98,9.0
00-0032058,Tevin Coleman,RB,ATL,2015,13,0,0,0.0,0,,3,1,1,4,0.0227,0.0123,18,30,2.7,3.85,2.7
00-0032058,Tevin Coleman,RB,ATL,2015,14,0,0,0.0,0,,3,1,0,8,0.0244,0.0304,16,20,1.5,2.98,1.5
00-0032058,Tevin Coleman,RB,ATL,2015,15,0,0,0.0,0,,4,0,0,0.0,0.0,0.0,33,36,2.3,1.92,2.3
00-0032062,Blake Bell,TE,SF,2015,2,0,0,0.0,0,,0,3,1,45,0.0652,0.136,31,28,2.1,6.73,2.1
00-0032062,Blake Bell,TE,SF,2015,3,0,0,0.0,0,,0,1,1,0.0,0.0526,0.0,29,24,1.0,1.28,1.0
00-0032062,Blake Bell,TE,SF,2015,5,0,0,0.0,0,,0,1,1,0.0,0.0286,0.0,27,25,1.6,1.31,1.6
00-0032062,Blake Bell,TE,SF,2015,12,0,0,0.0,0,,0,3,3,15,0.0833,0.0515,17,20,9.7,4.35,9.7
00-0032062,Blake Bell,TE,SF,2015,13,0,0,0.0,0,,0,3,1,15,0.0938,0.0688,23,22,1.5,3.66,1.5
00-0032062,Blake Bell,TE,SF,2015,14,0,0,0.0,0,,0,3,3,33,0.1071,0.1473,17,17,7.9,4.99,7.9
00-0032062,Blake Bell,TE,SF,2015,15,0,0,0.0,0,,0,8,4,50,0.16,0.1718,17,24,8.3,9.95,8.3
00-0032062,Blake Bell,TE,SF,2015,16,0,0,0.0,0,,0,1,0,22,0.0303,0.1,23,28,0.0,1.52,0.0
00-0032062,Blake Bell,TE,SF,2015,17,0,0,0.0,0,,0,2,1,6,0.0455,0.0291,33,36,1.5,2.81,1.5
00-0032063,Mike Davis,RB,SF,2015,2,0,0,0.0,0,,7,4,2,1,0.087,0.003,31,28,3.8,18.37,3.8
00-0032063,Mike Davis,RB,SF,2015,3,0,0,0.0,0,,7,3,1,14,0.1579,0.1007,29,24,2.1,7.11,2.1
00-0032063,Mike Davis,RB,SF,2015,6,0,0,0.0,0,,1,0,0,0.0,0.0,0.0,25,24,0.0,0.35,0.0
00-0032063,Mike Davis,RB,SF,2015,8,0,0,0.0,0,,10,3,2,0.0,0.0732,0.0,21,19,3.8,7.89,3.8
00-0032063,Mike Davis,RB,SF,2015,17,0,0,0.0,0,,10,3,2,-5,0.0682,-0.0243,33,36,6.9,9.52,6.9
00-0032068,Malcolm Johnson,RB,CLE,2015,1,0,0,0.0,0,,0,2,2,3,0.0625,0.0124,28,24,3.4,2.62,3.4
00-0032068,Malcolm Johnson,RB,CLE,2015,2,0,0,0.0,0,,0,1,0,0.0,0.0667,0.0,30,27,0.0,1.38,0.0
00-0032068,Malcolm Johnson,RB,CLE,2015,6,0,0,0.0,0,,0,1,1,-7,0.0256,-0.021,33,36,1.0,1.67,1.0
00-0032068,Malcolm Johnson,RB,CLE,2015,12,0,0,0.0,0,,0,1,1,-1,0.0208,-0.0024,18,20,1.1,1.42,1.1
00-0032068,Malcolm Johnson,RB,CLE,2015,13,0,0,0.0,0,,0,1,0,9,0.0278,0.0299,19,21,0.0,1.29,0.0
00-0032089,Brian Parker,TE,KC,2015,10,0,0,0.0,0,,0,1,1,-1,0.0323,-0.0054,32,29,1.6,1.49,1.6
00-0032089,Brian Parker,TE,KC,2015,16,0,0,0.0,0,,0,1,0,6,0.0455,0.0309,27,20,0.0,1.96,0.0
00-0032098,Daniel Brown,TE,BAL,2015,12,0,0,0.0,0,,0,1,0,17,0.0294,0.0711,23,23,0.0,2.47,0.0
00-0032098,Daniel Brown,TE,BAL,2015,13,0,0,0.0,0,,0,1,1,17,0.0217,0.054,26,38,2.7,2.05,2.7
00-0032098,Daniel Brown,TE,BAL,2015,14,0,0,0.0,0,,0,6,5,34,0.15,0.089,14,18,9.7,8.77,9.7
00-0032098,Daniel Brown,TE,BAL,2015,15,0,0,0.0,0,,0,3,0,44,0.0667,0.1023,20,16,0.0,3.8,0.0
00-0032104,Ameer Abdullah,RB,DET,2015,1,0,0,0.0,0,,7,4,4,-14,0.1429,-0.069,16,23,19.4,8.66,19.4
00-0032104,Ameer Abdullah,RB,DET,2015,2,0,0,0.0,0,,6,1,1,3,0.0192,0.0093,16,19,2.8,4.1,2.8
00-0032104,Ameer Abdullah,RB,DET,2015,3,0,0,0.0,0,,8,5,2,4,0.1111,0.0184,19,29,12.2,10.42,12.2
00-0032104,Ameer Abdullah,RB,DET,2015,4,0,0,0.0,0,,13,5,2,-11,0.1429,-0.0453,18,24,6.4,12.05,6.4
00-0032104,Ameer Abdullah,RB,DET,2015,5,0,0,0.0,0,,6,2,1,-2,0.0294,-0.0039,18,28,1.5,5.57,1.5
00-0032104,Ameer Abdullah,RB,DET,2015,6,0,0,0.0,0,,14,4,3,6,0.1,0.0163,32,30,9.9,14.45,9.9
00-0032104,Ameer Abdullah,RB,DET,2015,7,0,0,0.0,0,,8,0,0,0.0,0.0,0.0,17,20,4.3,4.38,4.3
00-0032104,Ameer Abdullah,RB,DET,2015,8,0,0,0.0,0,,1,2,0,10,0.0526,0.0366,14,19,0.3,2.84,0.3
00-0032104,Ameer Abdullah,RB,DET,2015,10,0,0,0.0,0,,5,1,1,-4,0.0263,-0.0198,26,28,3.2,3.61,3.2
00-0032104,Ameer Abdullah,RB,DET,2015,11,0,0,0.0,0,,12,2,1,20,0.0588,0.08,31,31,5.6,12.25,5.6
00-0032104,Ameer Abdullah,RB,DET,2015,12,0,0,0.0,0,,16,2,1,0.0,0.0526,0.0,30,36,8.5,10.84,8.5
00-0032104,Ameer Abdullah,RB,DET,2015,13,0,0,0.0,0,,13,1,0,0.0,0.0294,0.0,25,29,6.7,7.7,6.7
00-0032104,Ameer Abdullah,RB,DET,2015,14,0,0,0.0,0,,7,2,2,1,0.0444,0.0058,20,28,6.4,6.12,6.4
00-0032104,Ameer Abdullah,RB,DET,2015,15,0,0,0.0,0,,9,2,2,-7,0.08,-0.0843,23,25,14.9,7.85,14.9
00-0032104,Ameer Abdullah,RB,DET,2015,16,0,0,0.0,0,,8,4,4,-8,0.1081,-0.039,28,35,8.8,10.7,8.8
00-0032104,Ameer Abdullah,RB,DET,2015,17,0,0,0.0,0,,10,1,1,0.0,0.0256,0.0,21,22,6.1,7.21,6.1
00-0032112,J.J. Nelson,WR,ARI,2015,1,0,0,0.0,0,,0,3,0,78,0.0938,0.2179,25,24,0.0,5.57,0.0
00-0032112,J.J. Nelson,WR,ARI,2015,2,0,0,0.0,0,,0,1,0,-6,0.0435,-0.0232,28,27,0.0,1.36,0.0
00-0032112,J.J. Nelson,WR,ARI,2015,8,0,0,0.0,0,,1,4,3,80,0.1081,0.1613,38,36,10.0,7.02,10.0
00-0032112,J.J. Nelson,WR,ARI,2015,11,0,0,0.0,0,,0,6,4,163,0.2,0.488,25,26,24.2,13.27,24.2
00-0032112,J.J. Nelson,WR,ARI,2015,12,0,0,0.0,0,,0,5,2,97,0.125,0.2326,29,31,7.3,7.99,7.3
00-0032112,J.J. Nelson,WR,ARI,2015,13,0,0,0.0,0,,0,3,2,45,0.075,0.11,36,35,11.4,4.79,11.4
00-0032112,J.J. Nelson,WR,ARI,2015,14,0,0,0.0,0,,0,1,0,42,0.0286,0.1313,29,32,0.0,2.79,0.0
00-0032112,J.J. Nelson,WR,ARI,2015,15,0,0,0.0,0,,0,1,0,52,0.0312,0.103,39,42,0.0,4.04,0.0
00-0032112,J.J. Nelson,WR,ARI,2015,17,0,0,0.0,0,,0,3,0,54,0.0698,0.1171,13,17,0.0,4.54,0.0
00-0032117,Nick O'Leary,TE,BUF,2015,15,0,0,0.0,0,,0,1,1,0.0,0.037,0.0,31,23,4.7,1.25,4.7
00-0032117,Nick O'Leary,TE,BUF,2015,16,0,0,0.0,0,,0,1,0,14,0.0556,0.0651,40,30,0.0,2.36,0.0
00-0032117,Nick O'Leary,TE,BUF,2015,17,0,0,0.0,0,,0,1,0,6,0.0357,0.0264,43,35,0.0,1.43,0.0
00-0032123,Tre McBride,WR,TEN,2015,16,0,0,0.0,0,,0,3,2,31,0.0588,0.0785,11,15,8.8,5.32,8.8
00-0032123,Tre McBride,WR,TEN,2015,17,0,0,0.0,0,,1,1,0,6,0.04,0.042,27,25,0.8,2.14,0.8
00-0032128,Chris Conley,WR,KC,2015,3,0,0,0.0,0,,0,1,1,16,0.025,0.0635,18,16,2.6,1.86,2.6
00-0032128,Chris Conley,WR,KC,2015,4,0,0,0.0,0,,0,7,2,65,0.1628,0.2257,23,23,7.3,10.91,7.3
00-0032128,Chris Conley,WR,KC,2015,5,0,0,0.0,0,,0,3,1,20,0.1,0.1064,25,23,1.6,4.44,1.6
00-0032128,Chris Conley,WR,KC,2015,6,0,0,0.0,0,,0,7,3,78,0.1892,0.2301,18,16,4.6,9.44,4.6
00-0032128,Chris Conley,WR,KC,2015,7,0,0,0.0,0,,0,7,6,65,0.2258,0.314,29,27,18.3,10.43,18.3
00-0032128,Chris Conley,WR,KC,2015,8,0,0,0.0,0,,0,1,1,4,0.0357,0.0571,32,30,1.6,1.43,1.6
00-0032128,Chris Conley,WR,KC,2015,11,0,0,0.0,0,,0,1,1,9,0.04,0.0608,31,25,2.7,1.33,2.7
00-0032128,Chris Conley,WR,KC,2015,12,0,0,0.0,0,,0,1,0,31,0.037,0.1084,27,23,0.0,2.42,0.0
00-0032128,Chris Conley,WR,KC,2015,17,0,0,0.0,0,,0,3,2,56,0.1304,0.2373,39,30,4.2,5.16,4.2
00-0032130,Jalston Fowler,RB,TEN,2015,2,0,0,0.0,0,,1,1,1,-5,0.027,-0.012,30,17,3.2,1.65,3.2
00-0032130,Jalston Fowler,RB,TEN,2015,3,0,0,0.0,0,,4,0,0,0.0,0.0,0.0,27,24,6.9,6.01,6.9
00-0032130,Jalston Fowler,RB,TEN,2015,10,0,0,0.0,0,,0,1,1,1,0.0417,0.0047,21,14,2.4,1.37,2.4
00-0032130,Jalston Fowler,RB,TEN,2015,11,0,0,0.0,0,,0,1,1,2,0.0303,0.0056,26,22,1.2,1.43,1.2
00-0032130,Jalston Fowler,RB,TEN,2015,12,0,0,0.0,0,,1,1,1,1,0.0278,0.0025,18,17,7.2,4.16,7.2
00-0032130,Jalston Fowler,RB,TEN,2015,15,0,0,0.0,0,,1,1,1,3,0.0303,0.0089,21,28,1.8,1.69,1.8
00-0032130,Jalston Fowler,RB,TEN,2015,17,0,0,0.0,0,,0,1,0,3,0.04,0.021,27,25,0.0,1.33,0.0
00-0032133,David Cobb,RB,TEN,2015,11,0,0,0.0,0,,4,0,0,0.0,0.0,0.0,26,22,-0.3,2.22,-0.3
00-0032133,David Cobb,RB,TEN,2015,12,0,0,0.0,0,,3,1,0,1,0.0278,0.0025,18,17,0.8,2.59,0.8
00-0032133,David Cobb,RB,TEN,2015,13,0,0,0.0,0,,13,0,0,0.0,0.0,0.0,35,27,4.0,6.63,4.0
00-0032133,David Cobb,RB,TEN,2015,14,0,0,0.0,0,,2,0,0,0.0,0.0,0.0,13,7,0.1,1.22,0.1
00-0032133,David Cobb,RB,TEN,2015,15,0,0,0.0,0,,4,0,0,0.0,0.0,0.0,21,28,0.9,2.07,0.9
00-0032133,David Cobb,RB,TEN,2015,16,0,0,0.0,0,,7,1,1,-5,0.0196,-0.0127,11,15,2.6,4.45,2.6
00-0032133,David Cobb,RB,TEN,2015,17,0,0,0.0,0,,19,0,0,0.0,0.0,0.0,27,25,13.3,14.56,13.3
00-0032134,C.J. Uzomah,TE,CIN,2015,13,0,0,0.0,0,,0,1,1,2,0.0455,0.0114,33,30,1.4,1.46,1.4
00-0032135,Jesse James,TE,PIT,2015,9,0,0,0.0,0,,0,2,2,8,0.04,0.0158,30,30,9.3,5.24,9.3
00-0032135,Jesse James,TE,PIT,2015,10,0,0,0.0,0,,0,1,1,1,0.027,0.0029,21,20,1.2,1.32,1.2
00-0032135,Jesse James,TE,PIT,2015,12,0,0,0.0,0,,0,2,1,-2,0.0345,-0.003,14,17,3.8,3.46,3.8
00-0032135,Jesse James,TE,PIT,2015,13,0,0,0.0,0,,0,5,3,61,0.1282,0.1208,32,35,6.0,9.18,6.0
00-0032135,Jesse James,TE,PIT,2015,16,0,0,0.0,0,,0,1,1,1,0.0294,0.0033,20,25,1.3,1.35,1.3
00-0032141,Geoff Swaim,TE,DAL,2015,2,0,0,0.0,0,,0,1,1,0.0,0.0294,0.0,33,35,1.0,1.37,1.0
00-0032144,Melvin Gordon,RB,LAC,2015,1,0,0,0.0,0,,14,3,3,-15,0.0732,-0.098,31,36,7.7,10.51,7.7
00-0032144,Melvin Gordon,RB,LAC,2015,2,0,0,0.0,0,,16,1,1,-4,0.037,-0.0225,25,31,10.8,8.52,10.8
00-0032144,Melvin Gordon,RB,LAC,2015,3,0,0,0.0,0,,14,1,0,-5,0.025,-0.0146,28,30,5.1,7.17,5.1
00-0032144,Melvin Gordon,RB,LAC,2015,4,0,0,0.0,0,,12,2,2,-5,0.0541,-0.0199,21,26,6.6,10.55,6.6
00-0032144,Melvin Gordon,RB,LAC,2015,5,0,0,0.0,0,,15,9,7,-5,0.1875,-0.02,19,31,14.4,20.74,14.4
00-0032144,Melvin Gordon,RB,LAC,2015,6,0,0,0.0,0,,7,0,0,0.0,0.0,0.0,21,30,0.9,3.07,0.9
00-0032144,Melvin Gordon,RB,LAC,2015,7,0,0,0.0,0,,7,0,0,0.0,0.0,0.0,21,38,2.9,3.25,2.9
00-0032144,Melvin Gordon,RB,LAC,2015,8,0,0,0.0,0,,18,6,5,0.0,0.1667,0.0,26,34,11.1,16.13,11.1
00-0032144,Melvin Gordon,RB,LAC,2015,9,0,0,0.0,0,,11,3,3,1,0.0714,0.0033,19,28,8.6,10.01,8.6
00-0032144,Melvin Gordon,RB,LAC,2015,11,0,0,0.0,0,,15,1,1,-5,0.0333,-0.018,25,23,5.9,8.03,5.9
00-0032144,Melvin Gordon,RB,LAC,2015,12,0,0,0.0,0,,14,5,5,-10,0.1163,-0.0346,26,32,13.0,15.26,13.0
00-0032144,Melvin Gordon,RB,LAC,2015,13,0,0,0.0,0,,12,1,1,0.0,0.0303,0.0,23,27,5.3,6.66,5.3
00-0032144,Melvin Gordon,RB,LAC,2015,14,0,0,0.0,0,,14,4,4,-4,0.0952,-0.0102,18,24,10.3,10.63,10.3
00-0032144,Melvin Gordon,RB,LAC,2015,15,0,0,0.0,0,,15,1,1,0.0,0.0278,0.0,36,44,5.7,8.67,5.7
00-0032152,Karlos Williams,RB,BUF,2015,1,0,0,0.0,0,,6,0,0,0.0,0.0,0.0,36,29,11.5,3.13,11.5
00-0032152,Karlos Williams,RB,BUF,2015,2,0,0,0.0,0,,6,3,2,15,0.1,0.0575,27,26,11.7,9.32,11.7
00-0032152,Karlos Williams,RB,BUF,2015,3,0,0,0.0,0,,12,0,0,0.0,0.0,0.0,34,29,17.0,5.8,17.0
00-0032152,Karlos Williams,RB,BUF,2015,4,0,0,0.0,0,,18,4,3,24,0.0952,0.0599,24,24,16.0,16.72,16.0
00-0032152,Karlos Williams,RB,BUF,2015,9,0,0,0.0,0,,9,0,0,0.0,0.0,0.0,36,27,23.0,5.45,23.0
00-0032152,Karlos Williams,RB,BUF,2015,10,0,0,0.0,0,,7,1,1,16,0.0385,0.0669,33,32,12.0,5.23,12.0
00-0032152,Karlos Williams,RB,BUF,2015,11,0,0,0.0,0,,6,0,0,0.0,0.0,0.0,30,32,1.1,2.93,1.1
00-0032152,Karlos Williams,RB,BUF,2015,12,0,0,0.0,0,,2,0,0,0.0,0.0,0.0,28,26,0.5,0.93,0.5
00-0032152,Karlos Williams,RB,BUF,2015,15,0,0,0.0,0,,4,1,0,7,0.037,0.0224,31,23,4.1,3.37,4.1
00-0032152,Karlos Williams,RB,BUF,2015,16,0,0,0.0,0,,17,2,2,10,0.1111,0.0465,40,30,15.7,15.02,15.7
00-0032152,Karlos Williams,RB,BUF,2015,17,0,0,0.0,0,,6,3,3,-5,0.1071,-0.022,43,35,11.7,11.8,11.7
00-0032156,Trevor Siemian,QB,DEN,2015,15,0,0,0.0,0,,1,0,0,0.0,0.0,0.0,25,19,-0.1,-0.1,-0.1
00-0032160,Tyrell Williams,WR,LAC,2015,11,0,0,0.0,0,,0,1,0,43,0.0333,0.1547,25,23,0.0,1.99,0.0
00-0032160,Tyrell Williams,WR,LAC,2015,17,0,0,0.0,0,,0,5,2,118,0.1429,0.414,29,36,17.0,7.03,17.0
00-0032166,Sammie Coates,WR,PIT,2015,4,0,0,0.0,0,,0,2,1,17,0.0769,0.0955,33,31,2.1,3.17,2.1
00-0032170,Rashad Greene,WR,JAX,2015,1,0,0,0.0,0,,0,13,7,97,0.3333,0.3404,21,24,15.8,21.65,15.8
00-0032170,Rashad Greene,WR,JAX,2015,2,0,0,0.0,0,,0,4,2,7,0.1212,0.0181,33,33,2.7,6.48,2.7
00-0032170,Rashad Greene,WR,JAX,2015,11,0,0,0.0,0,,0,1,1,-2,0.0323,-0.0074,23,24,1.2,1.34,1.2
00-0032170,Rashad Greene,WR,JAX,2015,12,0,0,0.0,0,,0,4,3,19,0.0816,0.054,19,17,4.7,5.65,4.7
00-0032170,Rashad Greene,WR,JAX,2015,13,0,0,0.0,0,,0,3,2,13,0.0833,0.043,21,23,9.5,6.35,9.5
00-0032170,Rashad Greene,WR,JAX,2015,14,0,0,0.0,0,,0,4,1,52,0.1333,0.1884,29,27,8.8,7.17,2.8
00-0032170,Rashad Greene,WR,JAX,2015,15,0,0,0.0,0,,0,3,1,21,0.0811,0.0582,20,22,0.9,4.64,0.9
00-0032170,Rashad Greene,WR,JAX,2015,16,0,0,0.0,0,,0,1,1,-3,0.0286,-0.0104,15,16,1.2,2.52,1.2
00-0032170,Rashad Greene,WR,JAX,2015,17,0,0,0.0,0,,0,2,1,15,0.0625,0.0543,14,15,1.5,3.17,1.5
00-0032187,David Johnson,RB,ARI,2015,1,0,0,0.0,0,,0,2,1,8,0.0625,0.0223,25,24,12.5,3.28,12.5
00-0032187,David Johnson,RB,ARI,2015,2,0,0,0.0,0,,5,2,1,23,0.087,0.0888,28,27,17.5,5.59,11.5
00-0032187,David Johnson,RB,ARI,2015,3,0,0,0.0,0,,7,3,3,5,0.0968,0.0133,37,37,7.1,7.67,7.1
00-0032187,David Johnson,RB,ARI,2015,4,0,0,0.0,0,,3,10,4,73,0.2222,0.1811,21,26,18.1,19.3,18.1
00-0032187,David Johnson,RB,ARI,2015,5,0,0,0.0,0,,3,0,0,0.0,0.0,0.0,25,21,12.6,4.63,12.6
00-0032187,David Johnson,RB,ARI,2015,6,0,0,0.0,0,,3,1,1,4,0.0227,0.0074,20,22,2.7,3.0,2.7
00-0032187,David Johnson,RB,ARI,2015,7,0,0,0.0,0,,3,2,2,4,0.0714,0.0174,28,31,4.4,5.18,4.4
00-0032187,David Johnson,RB,ARI,2015,8,0,0,0.0,0,,1,2,2,-3,0.0541,-0.006,38,36,6.8,3.3,6.8
00-0032187,David Johnson,RB,ARI,2015,10,0,0,0.0,0,,0,1,1,6,0.0222,0.0115,33,34,1.8,1.34,1.8
00-0032187,David Johnson,RB,ARI,2015,11,0,0,0.0,0,,2,2,2,15,0.0667,0.0449,25,26,10.6,5.11,10.6
00-0032187,David Johnson,RB,ARI,2015,12,0,0,0.0,0,,8,4,2,40,0.1,0.0959,29,31,10.9,16.65,10.9
00-0032187,David Johnson,RB,ARI,2015,13,0,0,0.0,0,,22,3,2,16,0.075,0.0391,36,35,20.0,18.42,20.0
00-0032187,David Johnson,RB,ARI,2015,14,0,0,0.0,0,,19,7,5,23,0.2,0.0719,29,32,17.3,21.18,17.3
00-0032187,David Johnson,RB,ARI,2015,15,0,0,0.0,0,,29,4,4,5,0.125,0.0099,39,42,44.9,28.91,44.9
00-0032187,David Johnson,RB,ARI,2015,16,0,0,0.0,0,,9,6,3,12,0.2222,0.055,26,29,21.7,20.02,21.7
00-0032187,David Johnson,RB,ARI,2015,17,0,0,0.0,0,,11,8,3,38,0.186,0.0824,13,17,8.9,16.59,8.9
00-0032188,Vince Mayle,TE,DAL,2015,5,0,0,0.0,0,,0,1,0,23,0.0256,0.0979,24,34,0.0,1.61,0.0
00-0032200,Ty Montgomery,WR,GB,2015,2,0,0,0.0,0,,0,4,4,12,0.129,0.05,29,27,7.7,6.68,7.7
00-0032200,Ty Montgomery,WR,GB,2015,3,0,0,0.0,0,,0,2,2,11,0.0571,0.0393,32,33,9.4,4.36,9.4
00-0032200,Ty Montgomery,WR,GB,2015,4,0,0,0.0,0,,2,6,3,56,0.1875,0.2276,33,30,5.5,11.01,5.5
00-0032200,Ty Montgomery,WR,GB,2015,5,0,0,0.0,0,,0,5,4,45,0.1667,0.302,27,22,15.9,7.84,15.9
00-0032200,Ty Montgomery,WR,GB,2015,6,0,0,0.0,0,,1,2,2,1,0.069,0.0038,17,17,3.5,4.34,3.5
00-0032208,Phillip Dorsett,WR,IND,2015,1,0,0,0.0,0,,0,3,2,75,0.0612,0.1659,17,14,6.5,3.97,6.5
00-0032208,Phillip Dorsett,WR,IND,2015,2,0,0,0.0,0,,0,6,1,150,0.1714,0.3797,24,26,3.5,9.48,3.5
00-0032208,Phillip Dorsett,WR,IND,2015,3,0,0,0.0,0,,0,3,2,62,0.1,0.2081,23,17,12.3,5.2,12.3
00-0032208,Phillip Dorsett,WR,IND,2015,4,0,0,0.0,0,,1,3,2,21,0.0638,0.0526,24,25,3.1,5.47,3.1
00-0032208,Phillip Dorsett,WR,IND,2015,5,0,0,0.0,0,,0,2,1,30,0.069,0.1261,30,28,1.9,3.05,1.9
00-0032208,Phillip Dorsett,WR,IND,2015,6,0,0,0.0,0,,0,4,2,51,0.0833,0.1097,22,20,5.0,6.76,5.0
00-0032208,Phillip Dorsett,WR,IND,2015,7,0,0,0.0,0,,0,2,1,5,0.0465,0.0128,13,16,1.8,2.34,1.8
00-0032208,Phillip Dorsett,WR,IND,2015,14,0,0,0.0,0,,0,2,0,35,0.0465,0.0946,23,28,0.0,3.55,0.0
00-0032208,Phillip Dorsett,WR,IND,2015,15,0,0,0.0,0,,0,2,1,14,0.069,0.0505,19,19,1.1,2.97,1.1
00-0032208,Phillip Dorsett,WR,IND,2015,16,0,0,0.0,0,,1,3,2,10,0.1034,0.0518,23,23,5.1,4.82,5.1
00-0032208,Phillip Dorsett,WR,IND,2015,17,0,0,0.0,0,,1,9,4,53,0.2432,0.1866,32,23,7.9,13.57,7.9
00-0032209,T.J. Yeldon,RB,JAX,2015,1,0,0,0.0,0,,12,4,3,8,0.1026,0.0281,21,24,9.7,11.65,9.7
00-0032209,T.J. Yeldon,RB,JAX,2015,2,0,0,0.0,0,,25,4,3,5,0.1212,0.013,33,33,11.3,22.08,11.3
00-0032209,T.J. Yeldon,RB,JAX,2015,3,0,0,0.0,0,,11,3,2,3,0.0909,0.0077,20,22,6.2,8.74,6.2
00-0032209,T.J. Yeldon,RB,JAX,2015,4,0,0,0.0,0,,22,3,2,-4,0.0638,-0.0098,28,25,12.9,14.55,12.9
00-0032209,T.J. Yeldon,RB,JAX,2015,5,0,0,0.0,0,,11,6,5,-3,0.1875,-0.0088,17,21,17.3,15.41,17.3
00-0032209,T.J. Yeldon,RB,JAX,2015,7,0,0,0.0,0,,20,3,1,14,0.1034,0.0376,32,27,19.4,13.97,19.4
00-0032209,T.J. Yeldon,RB,JAX,2015,9,0,0,0.0,0,,14,3,3,-8,0.075,-0.0166,19,18,13.1,9.68,13.1
00-0032209,T.J. Yeldon,RB,JAX,2015,10,0,0,0.0,0,,18,6,5,-7,0.1333,-0.0226,22,24,11.7,17.96,11.7
00-0032209,T.J. Yeldon,RB,JAX,2015,11,0,0,0.0,0,,14,4,3,-13,0.129,-0.0483,23,24,11.2,11.73,11.2
00-0032209,T.J. Yeldon,RB,JAX,2015,12,0,0,0.0,0,,9,5,4,5,0.102,0.0142,19,17,12.2,11.48,12.2
00-0032209,T.J. Yeldon,RB,JAX,2015,13,0,0,0.0,0,,15,4,4,7,0.1111,0.0232,21,23,23.6,19.02,23.6
00-0032209,T.J. Yeldon,RB,JAX,2015,14,0,0,0.0,0,,11,1,1,1,0.0333,0.0036,29,27,7.3,6.3,7.3
00-0032211,Tyler Lockett,WR,SEA,2015,1,0,0,0.0,0,,0,4,4,8,0.0976,0.0457,32,29,13.4,5.42,7.4
00-0032211,Tyler Lockett,WR,SEA,2015,2,0,0,0.0,0,,0,2,2,14,0.069,0.0478,25,20,3.7,3.29,3.7
00-0032211,Tyler Lockett,WR,SEA,2015,3,0,0,0.0,0,,0,1,0,33,0.0385,0.148,29,26,6.0,2.44,0.0
00-0032211,Tyler Lockett,WR,SEA,2015,4,0,0,0.0,0,,1,5,4,37,0.1923,0.1917,31,23,9.9,8.87,9.9
00-0032211,Tyler Lockett,WR,SEA,2015,5,0,0,0.0,0,,0,5,2,103,0.2273,0.3665,30,30,4.9,7.08,4.9
00-0032211,Tyler Lockett,WR,SEA,2015,6,0,0,0.0,0,,0,2,0,68,0.0667,0.1853,26,21,0.0,5.49,0.0
00-0032211,Tyler Lockett,WR,SEA,2015,7,0,0,0.0,0,,0,5,5,61,0.2083,0.2596,41,40,18.9,8.6,18.9
00-0032211,Tyler Lockett,WR,SEA,2015,8,0,0,0.0,0,,0,4,3,14,0.1379,0.0558,31,28,6.6,5.42,6.6
00-0032211,Tyler Lockett,WR,SEA,2015,10,0,0,0.0,0,,0,1,1,5,0.037,0.0148,18,11,1.7,1.0,1.7
00-0032211,Tyler Lockett,WR,SEA,2015,11,0,0,0.0,0,,1,5,4,76,0.1852,0.472,44,39,21.3,10.28,21.3
00-0032211,Tyler Lockett,WR,SEA,2015,12,0,0,0.0,0,,0,3,3,18,0.1034,0.0759,27,24,6.8,4.43,6.8
00-0032211,Tyler Lockett,WR,SEA,2015,13,0,0,0.0,0,,1,7,7,42,0.25,0.1981,36,28,16.7,10.97,16.7
00-0032211,Tyler Lockett,WR,SEA,2015,14,0,0,0.0,0,,0,7,6,108,0.2121,0.3776,36,32,28.4,14.26,28.4
00-0032211,Tyler Lockett,WR,SEA,2015,15,0,0,0.0,0,,0,7,5,135,0.2414,0.4688,36,27,16.5,13.19,16.5
00-0032211,Tyler Lockett,WR,SEA,2015,16,0,0,0.0,0,,0,7,3,96,0.175,0.284,22,22,6.3,10.28,6.3
00-0032211,Tyler Lockett,WR,SEA,2015,17,0,0,0.0,0,,2,4,2,87,0.125,0.3271,36,27,6.3,10.81,6.3
00-0032214,Tyler Kroft,TE,CIN,2015,11,0,0,0.0,0,,0,1,0,21,0.0256,0.0471,28,28,0.0,1.34,0.0
00-0032214,Tyler Kroft,TE,CIN,2015,12,0,0,0.0,0,,0,1,1,-2,0.0357,-0.0099,31,33,1.4,1.51,1.4
00-0032214,Tyler Kroft,TE,CIN,2015,13,0,0,0.0,0,,0,1,1,14,0.0455,0.08,33,30,2.7,1.8,2.7
00-0032214,Tyler Kroft,TE,CIN,2015,14,0,0,0.0,0,,0,3,2,14,0.0833,0.0417,16,19,5.1,4.44,5.1
00-0032214,Tyler Kroft,TE,CIN,2015,15,0,0,0.0,0,,0,3,3,15,0.1429,0.0769,36,37,12.1,4.63,12.1
00-0032214,Tyler Kroft,TE,CIN,2015,16,0,0,0.0,0,,0,6,4,26,0.1765,0.0776,33,34,8.6,7.28,8.6
00-0032218,Dorial Green-Beckham,WR,TEN,2015,2,0,0,0.0,0,,0,2,1,44,0.0541,0.1055,30,17,8.3,3.69,8.3
00-0032218,Dorial Green-Beckham,WR,TEN,2015,3,0,0,0.0,0,,0,3,2,17,0.0698,0.0399,27,24,10.2,7.59,10.2
00-0032218,Dorial Green-Beckham,WR,TEN,2015,6,0,0,0.0,0,,0,6,3,75,0.15,0.2517,18,14,8.7,9.36,8.7
00-0032218,Dorial Green-Beckham,WR,TEN,2015,7,0,0,0.0,0,,0,1,0,13,0.0286,0.0421,16,10,0.0,1.48,0.0
00-0032218,Dorial Green-Beckham,WR,TEN,2015,8,0,0,0.0,0,,0,2,1,28,0.0645,0.125,20,19,2.2,3.36,2.2
00-0032218,Dorial Green-Beckham,WR,TEN,2015,9,0,0,0.0,0,,0,10,5,104,0.2564,0.3662,28,20,12.7,16.16,12.7
00-0032218,Dorial Green-Beckham,WR,TEN,2015,10,0,0,0.0,0,,0,2,0,54,0.0833,0.2523,21,14,0.0,2.44,0.0
00-0032218,Dorial Green-Beckham,WR,TEN,2015,11,0,0,0.0,0,,0,6,3,82,0.1818,0.2284,26,22,7.0,9.41,7.0
00-0032218,Dorial Green-Beckham,WR,TEN,2015,12,0,0,0.0,0,,0,5,1,91,0.1389,0.2247,18,17,5.2,8.41,5.2
00-0032218,Dorial Green-Beckham,WR,TEN,2015,13,0,0,0.0,0,,0,6,5,100,0.2069,0.3521,35,27,22.9,11.05,22.9
00-0032218,Dorial Green-Beckham,WR,TEN,2015,14,0,0,0.0,0,,0,7,3,106,0.175,0.2426,13,7,8.3,10.38,8.3
00-0032218,Dorial Green-Beckham,WR,TEN,2015,15,0,0,0.0,0,,0,9,6,128,0.2727,0.3798,21,28,17.3,11.93,17.3
00-0032218,Dorial Green-Beckham,WR,TEN,2015,16,0,0,0.0,0,,0,3,0,22,0.0588,0.0557,11,15,0.0,5.54,0.0
00-0032218,Dorial Green-Beckham,WR,TEN,2015,17,0,0,0.0,0,,0,5,2,42,0.2,0.2937,27,25,10.1,10.8,10.1
00-0032241,Todd Gurley,RB,LA,2015,3,0,0,0.0,0,,6,1,1,0.0,0.0345,0.0,18,20,2.4,4.11,2.4
00-0032241,Todd Gurley,RB,LA,2015,4,0,0,0.0,0,,19,2,2,-7,0.0833,-0.0455,26,27,18.1,12.17,18.1
00-0032241,Todd Gurley,RB,LA,2015,5,0,0,0.0,0,,30,0,0,0.0,0.0,0.0,36,34,15.9,14.18,15.9
00-0032241,Todd Gurley,RB,LA,2015,7,0,0,0.0,0,,19,5,4,-3,0.2174,-0.0229,26,29,32.3,20.8,32.3
00-0032241,Todd Gurley,RB,LA,2015,8,0,0,0.0,0,,20,3,3,-8,0.1304,-0.0345,41,39,23.6,16.99,23.6
00-0032241,Todd Gurley,RB,LA,2015,9,0,0,0.0,0,,24,5,3,9,0.1613,0.034,36,31,19.9,21.64,19.9
00-0032241,Todd Gurley,RB,LA,2015,10,0,0,0.0,0,,12,3,3,5,0.0811,0.0158,21,23,17.9,10.54,17.9
00-0032241,Todd Gurley,RB,LA,2015,11,0,0,0.0,0,,25,0,0,0.0,0.0,0.0,29,27,10.6,14.54,10.6
00-0032241,Todd Gurley,RB,LA,2015,12,0,0,0.0,0,,9,2,1,-7,0.0377,-0.0275,17,21,4.0,6.35,4.0
00-0032241,Todd Gurley,RB,LA,2015,13,0,0,0.0,0,,9,0,0,0.0,0.0,0.0,15,13,4.1,4.05,4.1
00-0032241,Todd Gurley,RB,LA,2015,14,0,0,0.0,0,,16,2,1,4,0.0909,0.0203,29,27,27.7,12.06,27.7
00-0032241,Todd Gurley,RB,LA,2015,15,0,0,0.0,0,,21,2,2,-4,0.1176,-0.0374,33,28,15.9,20.63,15.9
00-0032241,Todd Gurley,RB,LA,2015,16,0,0,0.0,0,,19,1,1,-5,0.0435,-0.0318,30,28,16.0,12.1,16.0
00-0032245,Sean Mannion,QB,LA,2015,12,7,6,-1.287,0,12.074,0,0,0,0.0,0.0,0.0,17,21,1.2,1.36,1.24
00-0032250,Kasen Williams,WR,SEA,2015,17,0,0,0.0,0,,1,1,1,5,0.0312,0.0188,36,27,2.3,2.08,2.3
00-0032256,Clive Walford,TE,LV,2015,1,0,0,0.0,0,,0,2,1,5,0.0465,0.0224,16,26,1.1,2.8,1.1
00-0032256,Clive Walford,TE,LV,2015,2,0,0,0.0,0,,0,2,1,16,0.0435,0.0406,19,21,1.4,3.04,1.4
00-0032256,Clive Walford,TE,LV,2015,4,0,0,0.0,0,,0,1,0,2,0.0303,0.0106,22,26,0.0,1.34,0.0
00-0032256,Clive Walford,TE,LV,2015,5,0,0,0.0,0,,0,1,1,21,0.0256,0.0787,25,28,4.3,1.73,4.3
00-0032256,Clive Walford,TE,LV,2015,7,0,0,0.0,0,,0,2,2,33,0.0645,0.1535,26,27,12.2,4.38,12.2
00-0032256,Clive Walford,TE,LV,2015,8,0,0,0.0,0,,0,3,2,22,0.0833,0.0891,25,24,3.3,5.2,3.3
00-0032256,Clive Walford,TE,LV,2015,9,0,0,0.0,0,,0,5,1,28,0.1136,0.0596,25,23,7.1,10.14,7.1
00-0032256,Clive Walford,TE,LV,2015,10,0,0,0.0,0,,0,3,2,10,0.0732,0.0322,19,25,9.8,4.97,9.8
00-0032256,Clive Walford,TE,LV,2015,11,0,0,0.0,0,,0,3,2,34,0.12,0.1726,21,19,4.5,6.49,4.5
00-0032256,Clive Walford,TE,LV,2015,12,0,0,0.0,0,,0,2,1,16,0.0526,0.0418,30,27,2.4,3.03,2.4
00-0032256,Clive Walford,TE,LV,2015,13,0,0,0.0,0,,0,5,5,22,0.1042,0.0663,24,28,10.3,7.82,10.3
00-0032256,Clive Walford,TE,LV,2015,14,0,0,0.0,0,,0,7,3,108,0.2414,0.3564,23,17,7.7,12.5,7.7
00-0032256,Clive Walford,TE,LV,2015,15,0,0,0.0,0,,0,7,2,87,0.1489,0.1605,25,22,3.0,11.41,3.0
00-0032256,Clive Walford,TE,LV,2015,16,0,0,0.0,0,,0,3,1,31,0.0811,0.1197,24,25,3.2,4.53,3.2
00-0032256,Clive Walford,TE,LV,2015,17,0,0,0.0,0,,0,4,4,23,0.125,0.1314,16,21,8.6,5.7,8.6
00-0032257,Duke Johnson,RB,CLE,2015,1,0,0,0.0,0,,7,0,0,0.0,0.0,0.0,28,24,2.2,3.19,2.2
00-0032257,Duke Johnson,RB,CLE,2015,2,0,0,0.0,0,,12,0,0,0.0,0.0,0.0,30,27,4.3,5.22,4.3
00-0032257,Duke Johnson,RB,CLE,2015,3,0,0,0.0,0,,4,7,6,17,0.1429,0.0311,14,21,9.5,11.98,9.5
00-0032257,Duke Johnson,RB,CLE,2015,4,0,0,0.0,0,,8,10,9,35,0.25,0.1923,21,34,26.6,20.75,26.6
00-0032257,Duke Johnson,RB,CLE,2015,5,0,0,0.0,0,,9,8,6,-21,0.1569,-0.0508,25,30,13.7,15.2,13.7
00-0032257,Duke Johnson,RB,CLE,2015,6,0,0,0.0,0,,9,4,3,12,0.1026,0.0359,33,36,8.6,9.23,8.6
00-0032257,Duke Johnson,RB,CLE,2015,7,0,0,0.0,0,,6,7,7,6,0.1944,0.0291,24,28,16.0,12.88,16.0
00-0032257,Duke Johnson,RB,CLE,2015,8,0,0,0.0,0,,1,2,2,-2,0.05,-0.0061,20,17,9.1,3.26,9.1
00-0032257,Duke Johnson,RB,CLE,2015,9,0,0,0.0,0,,3,4,2,64,0.1212,0.2045,17,18,11.8,8.88,11.8
00-0032257,Duke Johnson,RB,CLE,2015,10,0,0,0.0,0,,4,4,4,-17,0.0889,-0.0578,14,15,6.8,6.61,6.8
00-0032257,Duke Johnson,RB,CLE,2015,12,0,0,0.0,0,,7,6,5,4,0.125,0.0097,18,20,10.0,13.78,10.0
00-0032257,Duke Johnson,RB,CLE,2015,13,0,0,0.0,0,,5,4,4,5,0.1111,0.0166,19,21,7.2,7.84,7.2
00-0032257,Duke Johnson,RB,CLE,2015,14,0,0,0.0,0,,13,3,1,9,0.0968,0.0385,41,36,9.4,10.59,9.4
00-0032257,Duke Johnson,RB,CLE,2015,15,0,0,0.0,0,,4,5,5,-5,0.1613,-0.0276,17,21,13.5,7.47,13.5
00-0032257,Duke Johnson,RB,CLE,2015,16,0,0,0.0,0,,8,4,3,-10,0.1379,-0.0338,36,27,7.1,8.42,7.1
00-0032257,Duke Johnson,RB,CLE,2015,17,0,0,0.0,0,,4,6,4,-6,0.1304,-0.0165,23,23,8.5,9.98,8.5
00-0032268,Marcus Mariota,QB,TEN,2015,1,15,13,19.147,2,21.861,2,0,0,0.0,0.0,0.0,32,27,25.0,13.99,24.96
00-0032268,Marcus Mariota,QB,TEN,2015,2,37,21,-2.371,7,-0.05,3,0,0,0.0,0.0,0.0,30,17,16.2,13.96,20.18
00-0032268,Marcus Mariota,QB,TEN,2015,3,44,27,0.329,3,2.821,0,0,0,0.0,0.0,0.0,27,24,18.7,22.87,18.68
00-0032268,Marcus Mariota,QB,TEN,2015,5,32,21,-1.912,2,0.9,5,0,0,0.0,0.0,0.0,28,20,10.2,15.09,10.18
00-0032268,Marcus Mariota,QB,TEN,2015,6,33,21,-20.422,5,-0.743,0,0,0,0.0,0.0,0.0,18,14,4.8,12.89,8.76
00-0032268,Marcus Mariota,QB,TEN,2015,9,39,28,22.984,0,5.152,1,0,0,0.0,0.0,0.0,28,20,33.3,21.05,33.34
00-0032268,Marcus Mariota,QB,TEN,2015,10,24,16,2.156,1,4.39,5,0,0,0.0,0.0,0.0,21,14,7.8,7.94,7.8
00-0032268,Marcus Mariota,QB,TEN,2015,11,35,22,-0.885,4,3.265,5,0,0,0.0,0.0,0.0,26,22,18.1,14.84,18.14
00-0032268,Marcus Mariota,QB,TEN,2015,12,37,17,-7.402,2,-13.613,1,0,0,0.0,0.0,0.0,18,17,19.4,18.33,19.42
00-0032268,Marcus Mariota,QB,TEN,2015,13,29,20,7.541,4,4.405,9,0,0,0.0,0.0,0.0,35,27,35.9,20.88,37.92
00-0032268,Marcus Mariota,QB,TEN,2015,14,39,21,-9.227,5,-5.209,3,1,1,26,0.025,0.0595,13,7,22.4,14.76,20.36
00-0032268,Marcus Mariota,QB,TEN,2015,15,6,3,-11.018,3,-2.754,0,0,0,0.0,0.0,0.0,21,28,-0.7,2.55,1.28
