player_id,name,pos,team,season,games,gp14,att_pg,car_pg,tgt_pg,tgt_share,ay_share,wopr,att,cmp_pct,ypa,pass_td_rate,int_rate,sack_rate,epa_db,cpoe,pacr,pass_fd_rate,pass_expl_rate,car,ypc,rush_td_rate,epa_car,rush_fd_rate,rush_expl_rate,tgt,rec,catch_rate,ypt,ypr,adot,racr,yac_rec,epa_tgt,rec_td_rate,rec_fd_rate,rec_expl_rate,fum_lost,fp_ppr,fp_exp,fp_act,fp_diff,fp_exp_pg,exp_share,pass_fp_exp,rush_fp_exp,rec_fp_exp,td_exp,td_act,td_diff
00-0033873,Patrick Mahomes,QB,KC,2018,16,13,36.25,3.75,0.0,0.0,0.0,0.0,580,0.6603,8.79,0.0862,0.0207,0.0429,0.3659,4.522,0.97,0.4086,0.1293,60,4.53,0.0333,0.2546,0.3,0.15,0,0,,,,,,,,,,,0,417.1,380.0,421.1,41.1,23.75,0.271,327.2,52.8,0.0,45.83,52.0,6.17
00-0026143,Matt Ryan,QB,ATL,2018,16,13,38.0,2.06,0.06,0.0015,0.0002,0.0023,608,0.6941,8.1,0.0576,0.0115,0.0646,0.1858,4.36,0.947,0.3882,0.0921,33,3.79,0.0909,0.1742,0.4545,0.1212,1,1,1.0,5.0,5.0,1.0,5.0,4.0,2.7172,1.0,1.0,0.0,0,355.0,338.5,363.0,24.5,21.15,0.2501,309.6,26.1,2.8,34.78,39.0,4.22
00-0022924,Ben Roethlisberger,QB,PIT,2018,16,13,42.19,1.94,0.06,0.0014,0.0,0.0021,675,0.6696,7.6,0.0504,0.0237,0.0343,0.209,1.675,0.976,0.3674,0.0904,31,3.16,0.0968,0.3592,0.4194,0.129,1,1,1.0,-1.0,-1.0,0.0,,-1.0,-0.5753,0.0,0.0,0.0,0,341.9,351.3,344.1,-7.1,21.95,0.243,329.8,19.9,1.5,39.42,37.0,-2.42
00-0033537,Deshaun Watson,QB,HOU,2018,16,13,31.56,6.19,0.0,0.0,0.0,0.0,505,0.6832,8.25,0.0515,0.0178,0.1093,0.1061,4.726,0.964,0.4,0.101,99,5.57,0.0505,0.1004,0.3333,0.2121,0,0,,,,,,,,,,,1,331.7,349.9,335.7,-14.2,21.87,0.2916,248.1,101.8,0.0,38.15,31.0,-7.15
00-0029668,Andrew Luck,QB,IND,2018,16,13,39.94,2.88,0.12,0.0036,0.0018,0.0067,639,0.6729,7.19,0.061,0.0235,0.0274,0.171,0.821,0.963,0.3693,0.0829,46,3.22,0.0,-0.1981,0.2609,0.1087,2,1,0.5,2.0,4.0,4.0,0.5,0.0,0.2344,0.0,0.5,0.0,0,327.9,346.6,327.9,-18.6,21.66,0.2464,317.1,24.0,5.5,38.78,39.0,0.22
00-0023459,Aaron Rodgers,QB,GB,2018,16,13,37.31,2.69,0.0,0.0,0.0,0.0,597,0.6231,7.44,0.0419,0.0034,0.0759,0.0836,-0.549,0.848,0.335,0.0921,43,6.26,0.0465,0.5268,0.4651,0.2326,0,0,,,,,,,,,,,0,312.6,313.3,318.6,5.2,19.58,0.2413,272.7,40.6,0.0,31.18,27.0,-4.18
00-0033106,Jared Goff,QB,LA,2018,16,13,35.06,2.69,0.0,0.0,0.0,0.0,561,0.6488,8.36,0.057,0.0214,0.0556,0.2002,1.573,0.964,0.4153,0.123,43,2.51,0.0465,-0.2216,0.2093,0.0698,0,0,,,,,,,,,,,0,310.3,347.7,320.3,-27.4,21.73,0.2419,325.0,22.7,0.0,39.12,34.0,-5.12
00-0020531,Drew Brees,QB,NO,2018,15,13,32.6,2.07,0.07,0.0023,-0.0008,0.0029,489,0.7444,8.16,0.0654,0.0102,0.0336,0.3109,6.477,1.14,0.407,0.1186,31,0.71,0.129,0.2456,0.3548,0.0323,1,1,1.0,1.0,1.0,-2.0,-0.5,3.0,-0.8488,0.0,0.0,0.0,0,305.0,308.8,307.0,-1.9,20.59,0.2353,287.6,19.6,1.6,39.0,36.0,-3.0
00-0029263,Russell Wilson,QB,SEA,2018,16,13,26.69,4.19,0.06,0.0022,-0.002,0.0018,427,0.6557,8.07,0.082,0.0164,0.1067,0.135,7.511,0.9,0.3653,0.1101,67,5.61,0.0,0.238,0.3433,0.2239,1,1,1.0,-11.0,-11.0,-10.0,1.1,-1.0,-2.7092,0.0,0.0,0.0,0,299.4,253.8,303.4,49.6,15.86,0.2359,213.6,39.2,1.1,28.72,35.0,6.28
00-0033077,Dak Prescott,QB,DAL,2018,16,13,32.88,4.69,0.06,0.002,0.0031,0.0052,526,0.6768,7.39,0.0418,0.0152,0.0962,0.042,1.13,0.978,0.3498,0.0741,75,4.07,0.08,0.1274,0.3333,0.1733,1,0,0.0,0.0,,11.0,0.0,,-0.4814,0.0,0.0,0.0,1,285.9,284.9,293.9,9.0,17.81,0.2505,220.7,62.1,2.1,28.61,28.0,-0.61
00-0022942,Philip Rivers,QB,LAC,2018,16,13,31.75,1.12,0.0,0.0,0.0,0.0,508,0.6831,8.48,0.063,0.0236,0.0593,0.2613,3.619,1.091,0.4193,0.1181,18,0.39,0.0,-0.8101,0.0556,0.0,0,0,,,,,,,,,,,0,285.0,258.7,287.0,28.3,16.17,0.2256,252.2,6.5,0.0,28.68,32.0,3.32
00-0029604,Kirk Cousins,QB,MIN,2018,16,13,37.88,2.75,0.06,0.002,-0.0027,0.0011,606,0.7013,7.09,0.0495,0.0165,0.0619,-0.0167,2.552,0.978,0.3597,0.0776,44,2.8,0.0227,-0.5127,0.2727,0.0682,1,1,1.0,-1.0,-1.0,-7.0,0.143,6.0,-3.1633,0.0,0.0,0.0,2,283.1,285.6,292.8,7.2,17.85,0.2349,260.2,24.0,1.4,28.88,31.0,2.12
00-0027939,Cam Newton,QB,CAR,2018,14,13,33.64,7.21,0.0,0.0,0.0,0.0,471,0.6794,7.21,0.051,0.0276,0.058,0.0647,3.12,1.004,0.3822,0.0934,101,4.83,0.0396,0.1009,0.3564,0.2079,0,0,,,,,,,,,,,0,282.6,279.9,282.6,2.7,19.99,0.2668,204.4,75.5,0.0,24.43,28.0,3.57
00-0019596,Tom Brady,QB,NE,2018,16,13,35.62,1.44,0.06,0.0016,0.0,0.0023,570,0.6579,7.64,0.0509,0.0193,0.0355,0.155,0.952,0.971,0.3596,0.093,23,1.52,0.087,0.0897,0.4348,0.0435,1,1,1.0,6.0,6.0,0.0,,6.0,-0.2206,0.0,0.0,0.0,0,281.3,304.1,285.3,-18.8,19.01,0.2205,289.7,13.6,0.8,33.83,31.0,-2.83
00-0033869,Mitchell Trubisky,QB,CHI,2018,14,11,31.0,4.86,0.0,0.0,0.0,0.0,434,0.6659,7.43,0.0553,0.0276,0.0524,0.118,1.905,0.835,0.3479,0.0922,68,6.19,0.0441,0.4176,0.4265,0.2059,0,0,,,,,,,,,,,1,263.0,265.5,267.0,1.5,18.96,0.2582,217.4,48.1,0.0,27.4,27.0,-0.4
00-0034855,Baker Mayfield,QB,CLE,2018,14,11,34.71,2.79,0.07,0.0034,0.0052,0.0088,486,0.6379,7.66,0.0556,0.0288,0.0489,0.0652,1.305,0.825,0.3519,0.107,39,3.36,0.0,-0.2422,0.2051,0.1282,1,0,0.0,0.0,,12.0,0.0,,-5.3654,0.0,0.0,0.0,1,240.1,250.2,244.1,-6.1,17.87,0.232,226.1,21.3,2.8,24.68,27.0,2.32
00-0022803,Eli Manning,QB,NYG,2018,16,13,36.0,0.94,0.0,0.0,0.0,0.0,576,0.6597,7.46,0.0365,0.0191,0.0754,0.0467,0.454,1.017,0.3576,0.099,15,1.33,0.0667,0.4523,0.3333,0.0,0,0,,,,,,,,,,,0,240.0,271.9,248.0,-24.0,17.0,0.2258,254.6,17.3,0.0,31.13,22.0,-9.13
00-0031280,Derek Carr,QB,LV,2018,16,13,34.56,1.5,0.06,0.0019,-0.0014,0.0019,553,0.689,7.32,0.0344,0.0181,0.0844,-0.0003,3.754,1.072,0.3562,0.094,24,1.96,0.0417,-0.1483,0.2083,0.0833,1,1,1.0,-9.0,-9.0,-7.0,1.286,-2.0,-2.3511,0.0,0.0,0.0,0,216.8,245.4,230.8,-14.6,15.34,0.212,233.1,11.2,1.2,25.68,20.0,-5.68
00-0028986,Case Keenum,QB,DEN,2018,16,13,36.62,1.62,0.0,0.0,0.0,0.0,586,0.6229,6.64,0.0307,0.0256,0.0548,-0.0333,-1.233,0.89,0.3055,0.0887,26,3.58,0.0769,0.122,0.4231,0.1154,0,0,,,,,,,,,,,1,214.9,258.6,216.8,-41.8,16.16,0.2173,240.0,18.7,0.0,26.55,20.0,-6.55
00-0026498,Matthew Stafford,QB,DET,2018,16,13,34.69,1.56,0.0,0.0,0.0,0.0,555,0.6613,6.81,0.0378,0.0198,0.0672,0.0125,-2.057,0.985,0.3568,0.0793,25,2.84,0.0,-0.299,0.32,0.04,0,0,,,,,,,,,,,1,212.2,242.4,218.2,-24.2,15.15,0.2049,230.4,11.9,0.0,23.81,21.0,-2.81
00-0034857,Josh Allen,QB,BUF,2018,12,9,26.58,7.42,0.08,0.0024,0.0035,0.006,319,0.5266,6.41,0.0313,0.0376,0.0807,-0.1139,-6.589,0.583,0.2759,0.0909,89,7.09,0.0899,0.38,0.4607,0.2697,1,0,0.0,0.0,,13.0,0.0,,-1.4741,0.0,0.0,0.0,1,206.9,195.5,210.1,14.6,16.29,0.2603,117.0,76.7,1.8,16.26,18.0,1.74
00-0031503,Jameis Winston,QB,TB,2018,11,8,34.36,4.45,0.0,0.0,0.0,0.0,378,0.6455,7.92,0.0503,0.037,0.0667,0.1079,2.214,0.732,0.4021,0.0899,49,5.73,0.0204,0.2757,0.3878,0.2041,0,0,,,,,,,,,,,1,195.8,232.0,199.8,-32.2,21.09,0.2389,192.7,39.3,0.0,21.0,20.0,-1.0
00-0032950,Carson Wentz,QB,PHI,2018,11,11,36.45,3.09,0.09,0.003,-0.0019,0.0032,401,0.6958,7.67,0.0524,0.0175,0.0718,0.0863,5.154,0.985,0.3965,0.0923,34,2.74,0.0,-0.0528,0.2647,0.0588,1,1,1.0,4.0,4.0,-5.0,-0.8,9.0,1.169,0.0,1.0,0.0,0,193.7,204.1,205.3,1.2,18.56,0.2415,179.2,23.7,1.2,21.09,21.0,-0.09
00-0032268,Marcus Mariota,QB,TEN,2018,14,12,23.64,4.57,0.07,0.003,0.0026,0.0062,331,0.6888,7.64,0.0332,0.0242,0.1126,0.022,3.428,1.005,0.3656,0.0937,64,5.58,0.0312,0.1503,0.4062,0.2031,1,1,1.0,21.0,21.0,10.0,2.1,11.0,1.2713,0.0,1.0,1.0,1,175.9,204.6,177.9,-26.6,14.61,0.2211,145.8,57.5,1.3,20.11,13.0,-7.11
00-0027973,Andy Dalton,QB,CIN,2018,11,11,33.18,1.45,0.0,0.0,0.0,0.0,365,0.6192,7.03,0.0575,0.0301,0.0544,0.0685,-3.075,0.871,0.3616,0.1041,16,6.19,0.0,-0.2024,0.25,0.1875,0,0,,,,,,,,,,,0,174.5,184.8,172.5,-12.2,16.8,0.22,174.2,10.6,0.0,19.54,21.0,1.46
00-0031407,Blake Bortles,QB,JAX,2018,13,11,31.0,4.46,0.0,0.0,0.0,0.0,403,0.603,6.74,0.0323,0.0273,0.0714,-0.056,-6.919,0.941,0.3176,0.0893,58,6.29,0.0172,0.2758,0.4828,0.2414,0,0,,,,,,,,,,,2,173.2,194.4,176.9,-17.5,14.95,0.2138,153.6,40.7,0.0,15.51,14.0,-1.51
00-0034869,Sam Darnold,QB,NYJ,2018,13,10,31.85,3.31,0.0,0.0,0.0,0.0,414,0.5773,6.92,0.0411,0.0362,0.0676,-0.0318,-4.526,0.748,0.314,0.0966,43,3.14,0.0233,-0.1379,0.3721,0.1163,0,0,,,,,,,,,,,1,168.1,188.3,170.4,-17.9,14.48,0.2211,164.2,24.1,0.0,18.35,18.0,-0.35
00-0023682,Ryan Fitzpatrick,QB,TB,2018,8,8,30.75,4.5,0.0,0.0,0.0,0.0,246,0.6667,9.62,0.0691,0.0488,0.0538,0.2332,5.216,0.929,0.4593,0.1504,36,4.22,0.0556,0.0312,0.25,0.1111,0,0,,,,,,,,,,,0,165.8,163.1,167.8,4.8,20.38,0.2301,130.2,32.9,0.0,17.77,19.0,1.23
00-0034796,Lamar Jackson,QB,BAL,2018,16,13,10.62,9.19,0.12,0.0033,-0.0004,0.0047,170,0.5824,7.06,0.0353,0.0176,0.086,-0.0385,-6.075,0.814,0.3529,0.0765,147,4.73,0.034,0.0131,0.3061,0.1361,2,0,0.0,0.0,,-1.0,-0.0,,-0.4443,0.0,0.0,0.0,2,157.5,184.0,161.5,-22.5,11.5,0.1415,73.2,107.8,3.0,13.69,11.0,-2.69
00-0029701,Ryan Tannehill,QB,MIA,2018,11,8,24.91,2.91,0.09,0.003,0.0007,0.0051,274,0.6423,7.22,0.062,0.0328,0.1133,-0.1742,-1.061,0.888,0.3358,0.0693,32,4.53,0.0,-0.3363,0.2812,0.2188,1,1,1.0,3.0,3.0,2.0,1.5,1.0,1.2839,1.0,1.0,0.0,1,143.0,125.2,144.8,19.6,11.38,0.2172,109.1,13.6,2.5,10.79,18.0,7.21
00-0023436,Alex Smith,QB,WAS,2018,10,10,32.8,4.1,0.0,0.0,0.0,0.0,328,0.625,6.65,0.0305,0.0152,0.0629,-0.0216,-1.707,0.823,0.3232,0.0854,41,4.1,0.0244,0.2909,0.3659,0.0732,0,0,,,,,,,,,,,0,138.0,164.5,140.0,-24.5,16.45,0.2213,136.2,28.3,0.0,14.15,11.0,-3.15
00-0026158,Joe Flacco,QB,BAL,2018,9,9,42.11,2.11,0.0,0.0,0.0,0.0,379,0.6121,6.5,0.0317,0.0158,0.0405,0.0438,-2.581,0.762,0.3219,0.0765,19,2.37,0.0,0.0092,0.5263,0.1053,0,0,,,,,,,,,,,0,137.1,177.0,139.5,-37.5,19.66,0.2158,172.6,4.4,0.0,18.2,12.0,-6.2
00-0033319,Nick Mullens,QB,SF,2018,8,5,34.25,2.25,0.0,0.0,0.0,0.0,274,0.6423,8.31,0.0474,0.0365,0.0584,0.1106,2.026,1.198,0.3869,0.1277,18,-0.89,0.0,-0.5545,0.0556,0.0,0,0,,,,,,,,,,,0,123.5,118.3,123.5,5.1,14.79,0.2111,112.1,6.2,0.0,11.93,13.0,1.07
00-0034343,Josh Rosen,QB,ARI,2018,14,11,28.07,1.64,0.0,0.0,0.0,0.0,393,0.5522,5.8,0.028,0.0356,0.1027,-0.3439,-8.199,0.698,0.285,0.0585,23,6.0,0.0,0.1688,0.3478,0.2609,0,0,,,,,,,,,,,0,112.9,159.5,122.9,-36.6,11.39,0.1859,148.7,10.8,0.0,14.41,11.0,-3.41
00-0032436,Jeff Driskel,QB,CIN,2018,8,5,22.0,3.12,0.0,0.0,0.0,0.0,176,0.5966,5.7,0.0341,0.0114,0.0833,-0.0787,-4.459,0.728,0.2841,0.0852,25,5.2,0.08,0.2812,0.28,0.2,0,0,,,,,,,,,,,0,85.1,90.2,87.1,-3.1,11.28,0.174,72.1,18.1,0.0,7.77,8.0,0.23
00-0029567,Nick Foles,QB,PHI,2018,5,2,39.0,1.8,0.2,0.0057,0.0056,0.0125,195,0.7231,7.25,0.0359,0.0205,0.0441,0.0795,5.741,1.07,0.3077,0.0718,9,1.89,0.0,0.9202,0.6667,0.0,1,1,1.0,10.0,10.0,8.0,1.25,2.0,1.9315,0.0,1.0,0.0,0,76.2,90.8,81.2,-9.6,18.16,0.2196,85.6,3.8,1.4,9.84,7.0,-2.84
00-0033936,C.J. Beathard,QB,SF,2018,5,5,33.8,3.8,0.0,0.0,0.0,0.0,169,0.6036,7.41,0.0473,0.0414,0.0963,-0.14,-7.146,1.123,0.355,0.1006,19,3.63,0.0526,-0.0014,0.3158,0.1053,0,0,,,,,,,,,,,0,75.0,87.7,81.0,-6.7,17.53,0.2384,68.8,18.9,0.0,8.38,9.0,0.62
00-0029682,Brock Osweiler,QB,MIA,2018,6,6,29.67,1.33,0.0,0.0,0.0,0.0,178,0.6348,7.01,0.0337,0.0225,0.0872,-0.0435,0.179,0.876,0.3258,0.073,8,2.62,0.0,-0.6125,0.125,0.0,0,0,,,,,,,,,,,1,68.0,70.8,68.0,-2.8,11.8,0.1797,66.7,4.2,0.0,5.93,6.0,0.07
00-0026300,Josh Johnson,QB,WAS,2018,4,1,22.75,5.75,0.0,0.0,0.0,0.0,91,0.5714,6.48,0.033,0.044,0.09,-0.1013,-4.696,0.703,0.3187,0.0769,23,5.22,0.0435,0.1064,0.3043,0.1739,0,0,,,,,,,,,,,0,49.6,46.2,49.6,3.4,11.55,0.2261,28.3,17.9,0.0,2.76,4.0,1.24
00-0031345,Jimmy Garoppolo,QB,SF,2018,3,3,29.67,2.67,0.0,0.0,0.0,0.0,89,0.5955,8.07,0.0562,0.0337,0.1275,-0.0047,-6.924,0.907,0.3933,0.1011,8,4.12,0.0,0.1262,0.25,0.125,0,0,,,,,,,,,,,0,48.0,44.9,48.0,3.1,14.97,0.2201,40.1,4.8,0.0,3.97,5.0,1.03
00-0028118,Tyrod Taylor,QB,CLE,2018,4,4,21.25,4.0,0.0,0.0,0.0,0.0,85,0.4941,5.56,0.0235,0.0235,0.1327,-0.289,-12.471,0.559,0.2,0.0824,16,7.81,0.0625,0.5643,0.375,0.25,0,0,,,,,,,,,,,0,41.4,41.5,41.4,-0.1,10.38,0.1282,30.1,11.4,0.0,2.72,3.0,0.28
00-0033104,Cody Kessler,QB,JAX,2018,5,3,26.2,3.8,0.0,0.0,0.0,0.0,131,0.6489,5.41,0.0153,0.0153,0.1438,-0.2602,2.634,0.806,0.2672,0.0382,19,6.47,0.0,0.5871,0.4737,0.3158,0,0,,,,,,,,,,,0,38.7,56.3,44.7,-11.6,11.26,0.1936,41.3,14.9,0.0,4.2,2.0,-2.2
00-0027948,Blaine Gabbert,QB,TEN,2018,8,5,12.62,0.75,0.0,0.0,0.0,0.0,101,0.604,6.2,0.0396,0.0396,0.0472,-0.2196,-7.853,0.882,0.3168,0.0396,6,0.0,0.0,0.334,0.3333,0.0,0,0,,,,,,,,,,,0,33.0,34.2,33.0,-1.2,4.28,0.069,34.3,-0.0,0.0,2.29,4.0,1.71
00-0026544,Chase Daniel,QB,CHI,2018,4,4,19.0,3.25,0.25,0.0066,-0.0054,0.0061,76,0.6974,6.78,0.0395,0.0263,0.1059,-0.0679,4.183,0.795,0.3158,0.0789,13,0.23,0.0,-0.3965,0.0769,0.0,1,1,1.0,8.0,8.0,-6.0,-1.333,14.0,1.5813,0.0,1.0,0.0,0,30.7,37.3,30.7,-6.6,9.33,0.1292,34.3,2.2,0.9,3.87,3.0,-0.87
00-0027688,Colt McCoy,QB,WAS,2018,3,3,18.0,3.33,0.0,0.0,0.0,0.0,54,0.6296,6.89,0.0556,0.0556,0.1,-0.0994,-0.315,0.777,0.3148,0.0741,10,6.3,0.0,0.4207,0.4,0.3,0,0,,,,,,,,,,,0,27.2,28.0,27.2,-0.8,9.33,0.1447,20.0,8.0,0.0,2.36,3.0,0.64
00-0034577,Kyle Allen,QB,CAR,2018,2,0,15.5,2.5,0.0,0.0,0.0,0.0,31,0.6452,8.58,0.0645,0.0,0.0,0.4224,1.297,1.095,0.3548,0.129,5,3.8,0.2,0.3288,0.4,0.2,0,0,,,,,,,,,,,0,26.5,22.1,26.5,4.5,11.03,0.1251,15.1,7.0,0.0,2.6,3.0,0.4
00-0021206,Josh McCown,QB,NYJ,2018,4,4,27.5,1.25,0.0,0.0,0.0,0.0,110,0.5455,4.9,0.0091,0.0364,0.0598,-0.2768,-9.313,0.67,0.2455,0.0364,5,6.4,0.0,0.5694,0.4,0.4,0,0,,,,,,,,,,,0,20.8,37.2,20.8,-16.4,9.3,0.1506,33.2,4.0,0.0,3.05,1.0,-2.05
00-0030533,Matt Barkley,QB,BUF,2018,1,1,25.0,3.0,0.0,0.0,0.0,0.0,25,0.6,9.28,0.08,0.0,0.0385,0.552,4.73,0.748,0.48,0.16,3,-0.67,0.0,-1.2562,0.0,0.0,0,0,,,,,,,,,,,0,17.1,18.5,17.1,-1.4,18.49,0.2471,14.8,3.7,0.0,2.89,2.0,-0.89
00-0031800,Taylor Heinicke,QB,CAR,2018,5,4,11.4,1.0,0.0,0.0,0.0,0.0,57,0.614,5.61,0.0175,0.0526,0.0339,-0.2914,0.346,0.63,0.3333,0.0351,5,6.2,0.0,0.5781,0.4,0.4,0,0,,,,,,,,,,,0,13.9,22.8,13.9,-8.9,4.55,0.0525,20.7,2.1,0.0,2.44,1.0,-1.44
00-0033958,Nathan Peterman,QB,BUF,2018,4,4,20.25,2.5,0.0,0.0,0.0,0.0,81,0.5432,3.65,0.0123,0.0864,0.0795,-0.5231,-13.682,0.6,0.1605,0.037,10,5.0,0.1,0.2232,0.4,0.1,0,0,,,,,,,,,,,0,12.8,31.1,12.8,-18.2,7.77,0.1132,19.7,11.3,0.0,1.89,2.0,0.11
00-0027854,Sam Bradford,QB,ARI,2018,3,3,26.67,0.67,0.0,0.0,0.0,0.0,80,0.625,5.0,0.025,0.05,0.0698,-0.3724,-7.309,0.781,0.2,0.075,2,3.5,0.0,0.1962,0.5,0.0,0,0,,,,,,,,,,,0,12.7,27.6,16.7,-10.9,9.2,0.1781,26.6,1.0,0.0,2.1,2.0,-0.1
00-0030520,Mike Glennon,QB,ARI,2018,2,0,10.5,0.0,0.0,0.0,0.0,0.0,21,0.7143,8.29,0.0476,0.0,0.0455,0.3973,7.01,0.983,0.381,0.0476,0,,,,,,0,0,,,,,,,,,,,0,11.0,9.1,11.0,1.8,4.55,0.0713,9.1,0.0,0.0,1.27,1.0,-0.27
00-0031237,Teddy Bridgewater,QB,NO,2018,4,3,5.75,2.75,0.0,0.0,0.0,0.0,23,0.6087,5.13,0.0435,0.0435,0.08,-0.3312,-7.291,0.837,0.3478,0.0,11,0.45,0.0,-0.8292,0.0909,0.0,0,0,,,,,,,,,,,0,7.2,10.8,7.2,-3.6,2.71,0.0311,8.4,2.4,0.0,0.89,1.0,0.11
00-0023645,Derek Anderson,QB,BUF,2018,2,2,35.0,0.5,0.0,0.0,0.0,0.0,70,0.6,6.64,0.0,0.0571,0.0667,-0.5146,-4.805,0.752,0.3143,0.0857,1,-1.0,0.0,1.4741,0.0,0.0,0,0,,,,,,,,,,,0,6.5,20.1,10.5,-9.6,10.06,0.1619,20.2,-0.1,0.0,0.91,0.0,-0.91
00-0033899,DeShone Kizer,QB,GB,2018,3,2,14.0,1.67,0.0,0.0,0.0,0.0,42,0.4762,4.45,0.0,0.0476,0.087,-0.5851,-13.821,0.437,0.1905,0.0476,5,7.8,0.0,1.4958,0.6,0.6,0,0,,,,,,,,,,,0,5.4,15.2,7.4,-7.8,5.07,0.0756,11.8,3.4,0.0,0.62,0.0,-0.62
00-0032792,Nate Sudfeld,QB,PHI,2018,2,0,1.0,1.0,0.0,0.0,0.0,0.0,2,0.5,11.0,0.5,0.0,0.0,1.3806,-23.551,2.444,0.5,0.5,2,-1.0,0.0,-1.0934,0.0,0.0,0,0,,,,,,,,,,,0,4.7,0.4,4.7,4.3,0.21,0.0024,0.6,-0.2,0.0,0.03,1.0,0.97
00-0027796,Joe Webb,QB,HOU,2018,1,1,0.0,0.0,3.0,0.0789,0.0661,0.1647,0,,,,,,,,,,,0,,,,,,3,2,0.6667,4.33,6.5,5.67,0.765,3.0,-0.1053,0.0,0.0,0.0,0,3.3,4.7,3.3,-1.4,4.74,0.0544,0.0,0.0,4.7,0.01,0.0,-0.01
00-0023662,Matt Cassel,QB,DET,2018,2,1,8.5,1.0,0.0,0.0,0.0,0.0,17,0.4118,3.47,0.0,0.0588,0.0556,-0.8871,-28.573,0.476,0.1176,0.0,2,6.5,0.0,1.1763,0.5,0.5,0,0,,,,,,,,,,,0,1.7,5.0,1.7,-3.3,2.5,0.0294,4.1,0.9,0.0,0.1,0.0,-0.1
00-0031395,Garrett Gilbert,QB,CAR,2018,1,0,3.0,0.0,0.0,0.0,0.0,0.0,3,0.6667,13.33,0.0,0.0,0.25,-0.0891,0.706,2.353,0.3333,0.3333,0,,,,,,0,0,,,,,,,,,,,0,1.6,0.9,1.6,0.7,0.91,0.0125,0.9,0.0,0.0,0.02,0.0,-0.02
00-0026197,Chad Henne,QB,KC,2018,1,0,3.0,1.0,0.0,0.0,0.0,0.0,3,0.6667,9.67,0.0,0.0,0.0,0.1257,-6.726,1.611,0.6667,0.3333,1,3.0,0.0,-0.3309,0.0,0.0,0,0,,,,,,,,,,,0,1.5,1.6,1.5,-0.2,1.62,0.0216,1.1,0.5,0.0,0.04,0.0,-0.04
00-0022787,Matt Schaub,QB,ATL,2018,2,2,3.5,0.5,0.5,0.0111,-0.0097,0.0098,7,0.7143,2.86,0.0,0.0,0.0,-0.3481,0.209,0.625,0.1429,0.0,1,0.0,0.0,-1.4049,0.0,0.0,1,1,1.0,-7.0,-7.0,-7.0,1.0,0.0,-1.4103,0.0,0.0,0.0,0,1.1,3.6,1.1,-2.5,1.81,0.0218,2.3,0.0,1.4,0.02,0.0,-0.02
00-0033949,Joshua Dobbs,QB,PIT,2018,5,5,2.4,0.8,0.0,0.0,0.0,0.0,12,0.5,3.58,0.0,0.0833,0.0,-0.8878,-18.057,0.729,0.1667,0.0833,4,2.75,0.0,0.3548,0.5,0.25,0,0,,,,,,,,,,,0,0.8,5.8,0.8,-5.0,1.16,0.0135,4.2,1.6,0.0,0.1,0.0,-0.1
00-0029665,Robert Griffin III,QB,BAL,2018,2,2,3.0,0.0,0.0,0.0,0.0,0.0,6,0.3333,3.5,0.0,0.0,0.0,0.01,-15.223,0.292,0.1667,0.0,0,,,,,,0,0,,,,,,,,,,,0,0.8,2.8,0.8,-1.9,1.39,0.0192,2.8,0.0,0.0,0.31,0.0,-0.31
00-0026898,Mark Sanchez,QB,WAS,2018,2,2,17.5,0.5,0.0,0.0,0.0,0.0,35,0.5429,3.94,0.0,0.0857,0.1667,-0.7545,-14.109,0.627,0.0857,0.0286,1,8.0,0.0,1.5901,1.0,0.0,0,0,,,,,,,,,,,0,0.3,9.3,0.2,-9.1,4.65,0.091,8.2,1.1,0.0,0.34,0.0,-0.34
00-0031288,AJ McCarron,QB,LV,2018,2,2,1.5,1.5,0.0,0.0,0.0,0.0,3,0.3333,2.67,0.0,0.0,0.25,-0.6513,21.733,1.143,0.0,0.0,3,-0.67,0.0,-1.082,0.0,0.0,0,0,,,,,,,,,,,0,0.1,0.7,0.1,-0.5,0.33,0.0063,0.6,0.0,0.0,0.01,0.0,-0.01
00-0032245,Sean Mannion,QB,LA,2018,3,1,1.0,2.33,0.0,0.0,0.0,0.0,3,0.6667,7.67,0.0,0.0,0.0,0.4188,-14.919,-2.3,0.3333,0.0,7,-1.29,0.0,-0.1664,0.1429,0.0,0,0,,,,,,,,,,,0,0.0,0.6,0.0,-0.6,0.19,0.0025,0.9,-0.4,0.0,0.03,0.0,-0.03
00-0029677,Brandon Weeden,QB,HOU,2018,1,1,0.0,1.0,0.0,0.0,0.0,0.0,0,,,,,,,,,,,1,-1.0,0.0,0.0,0.0,0.0,0,0,,,,,,,,,,,0,-0.1,-0.1,-0.1,0.0,-0.1,-0.0014,0.0,-0.1,0.0,0.0,0.0,0.0
00-0033597,Chad Kelly,QB,DEN,2018,1,1,0.0,1.0,0.0,0.0,0.0,0.0,0,,,,,,,,,,,1,-1.0,0.0,0.0,0.0,0.0,0,0,,,,,,,,,,,0,-0.1,-0.1,-0.1,0.0,-0.1,-0.0012,0.0,-0.1,0.0,0.0,0.0,0.0
00-0026625,Brian Hoyer,QB,NE,2018,5,3,0.4,2.2,0.0,0.0,0.0,0.0,2,0.5,3.5,0.0,0.0,0.0,-1.501,-28.57,1.75,0.0,0.0,11,-0.73,0.0,0.0115,0.0909,0.0,0,0,,,,,,,,,,,0,-0.5,-0.2,-0.5,-0.4,-0.03,-0.0004,0.6,-0.8,0.0,0.03,0.0,-0.03
00-0033119,Jacoby Brissett,QB,IND,2018,4,4,1.0,1.75,0.0,0.0,0.0,0.0,4,0.5,0.5,0.0,0.0,0.0,-0.1695,-5.582,0.024,0.25,0.0,7,-1.0,0.0,-0.5342,0.0,0.0,0,0,,,,,,,,,,,0,-0.6,1.0,-0.6,-1.6,0.25,0.0032,1.7,-0.7,0.0,0.21,0.0,-0.21
00-0030565,Geno Smith,QB,LAC,2018,4,3,1.0,2.0,0.0,0.0,0.0,0.0,4,0.25,2.0,0.0,0.0,0.2,-1.3731,-32.986,0.727,0.0,0.0,8,0.25,0.0,-0.7082,0.0,0.0,0,0,,,,,,,,,,,0,-1.5,1.7,0.5,-1.2,0.42,0.0064,1.7,0.0,0.0,0.21,0.0,-0.21
00-0034369,Kyle Lauletta,QB,NYG,2018,1,1,5.0,1.0,0.0,0.0,0.0,0.0,5,0.0,0.0,0.0,0.2,0.0,-1.3411,-50.985,0.0,0.0,0.0,1,-2.0,0.0,-1.814,0.0,0.0,0,0,,,,,,,,,,,0,-2.2,1.7,-2.2,-3.9,1.73,0.0238,1.8,-0.1,0.0,0.07,0.0,-0.07
00-0034844,Saquon Barkley,RB,NYG,2018,16,13,0.0,16.31,7.56,0.2051,0.0074,0.3129,0,,,,,,,,,,,261,5.01,0.0421,-0.0301,0.1916,0.1188,121,91,0.7521,5.96,7.92,0.15,40.056,8.44,0.0212,0.0331,0.2479,0.0992,0,385.8,348.2,385.8,37.6,21.76,0.2891,0.0,167.8,180.4,13.25,15.0,1.75
00-0033280,Christian McCaffrey,RB,CAR,2018,16,13,0.06,13.69,7.75,0.2273,0.025,0.3585,1,1.0,50.0,1.0,0.0,0.0,6.5492,41.276,3.846,1.0,1.0,219,5.01,0.032,0.034,0.242,0.1416,124,107,0.8629,6.99,8.1,0.68,10.321,8.03,0.269,0.0484,0.3306,0.1048,1,385.5,336.9,385.5,48.6,21.06,0.2749,0.5,144.5,191.8,12.08,14.0,1.92
00-0032241,Todd Gurley,RB,LA,2018,14,13,0.0,18.29,5.79,0.1637,0.0057,0.2495,0,,,,,,,,,,,256,4.89,0.0664,0.0836,0.2734,0.1367,81,59,0.7284,7.16,9.83,0.62,11.6,9.95,0.1114,0.0494,0.321,0.1481,1,372.1,349.1,372.1,23.0,24.93,0.2737,0.0,197.1,152.0,19.59,21.0,1.41
00-0033906,Alvin Kamara,RB,NO,2018,15,13,0.0,12.93,7.0,0.2059,0.0366,0.3344,0,,,,,,,,,,,194,4.55,0.0722,0.0792,0.2938,0.1031,105,81,0.7714,6.75,8.75,1.83,3.693,7.93,0.1995,0.0381,0.2952,0.1048,0,354.2,335.2,354.2,18.9,22.35,0.2554,0.0,149.6,185.6,17.11,18.0,0.89
00-0033045,Ezekiel Elliott,RB,DAL,2018,15,13,0.0,20.27,6.33,0.1975,0.0044,0.2994,0,,,,,,,,,,,304,4.72,0.0197,-0.0321,0.2434,0.1349,95,77,0.8105,5.97,7.36,0.35,17.182,7.48,-0.0004,0.0316,0.2316,0.0632,1,329.1,321.1,329.1,8.0,21.41,0.3022,0.0,174.1,147.1,10.27,9.0,-1.27
00-0033553,James Conner,RB,PIT,2018,13,12,0.0,16.54,5.46,0.129,-0.0027,0.1916,0,,,,,,,,,,,215,4.53,0.0558,-0.0198,0.2605,0.1256,71,55,0.7746,7.0,9.04,-0.25,-27.611,9.96,0.2094,0.0141,0.2817,0.1268,2,280.0,259.8,280.0,20.2,19.99,0.2207,0.0,147.7,112.2,11.23,13.0,1.77
00-0031062,James White,RB,NE,2018,16,13,0.0,5.88,7.69,0.2162,0.0663,0.3707,0,,,,,,,,,,,94,4.52,0.0532,-0.0516,0.234,0.1383,123,87,0.7073,6.11,8.63,2.45,2.495,7.64,0.185,0.0569,0.3089,0.065,0,276.6,288.2,276.6,-11.6,18.01,0.2089,0.0,76.7,211.5,12.12,12.0,-0.12
00-0032144,Melvin Gordon,RB,LAC,2018,12,10,0.0,14.58,5.5,0.1714,-0.0075,0.2519,0,,,,,,,,,,,175,5.06,0.0571,0.07,0.2686,0.1543,66,50,0.7576,7.42,9.8,-0.33,-22.273,10.74,0.1893,0.0606,0.3182,0.1061,0,275.5,215.2,275.5,60.3,17.94,0.2491,0.0,104.3,110.9,7.82,14.0,6.18
00-0032187,David Johnson,RB,ARI,2018,16,13,0.0,16.12,4.75,0.1567,0.0145,0.2451,0,,,,,,,,,,,258,3.64,0.0271,-0.2056,0.1977,0.0775,76,50,0.6579,5.87,8.92,0.83,7.079,7.7,-0.1753,0.0395,0.2895,0.1316,2,246.6,259.5,246.6,-12.9,16.22,0.2686,0.0,144.0,115.5,8.68,10.0,1.32
00-0033897,Joe Mixon,RB,CIN,2018,14,11,0.0,16.93,3.93,0.1254,-0.0124,0.1794,0,,,,,,,,,,,237,4.93,0.0338,-0.0459,0.2532,0.1435,55,43,0.7818,5.38,6.88,0.02,296.0,7.74,-0.0411,0.0182,0.2545,0.0909,0,243.4,232.8,243.4,10.6,16.63,0.2381,0.0,146.2,86.6,9.69,9.0,-0.69
00-0033556,Tarik Cohen,RB,CHI,2018,16,13,0.06,6.19,5.69,0.1741,0.0627,0.3051,1,1.0,1.0,1.0,0.0,0.0,3.1577,40.869,1.0,1.0,0.0,99,4.48,0.0303,-0.1124,0.202,0.1313,91,71,0.7802,7.97,10.21,3.62,2.204,7.32,0.1575,0.0549,0.3187,0.1319,3,233.9,203.8,233.9,30.2,12.73,0.1717,1.8,57.8,144.1,5.9,9.0,3.1
00-0033923,Kareem Hunt,RB,KC,2018,11,11,0.0,16.45,3.18,0.0908,0.0203,0.1503,0,,,,,,,,,,,181,4.55,0.0387,0.0086,0.2541,0.1271,35,26,0.7429,10.8,14.54,1.94,5.559,13.0,0.9294,0.2,0.4857,0.2286,0,230.2,189.6,230.2,40.6,17.24,0.2033,0.0,121.5,68.1,10.31,14.0,3.69
00-0034109,Phillip Lindsay,RB,DEN,2018,15,13,0.0,12.8,3.13,0.0862,-0.0127,0.1205,0,,,,,,,,,,,192,5.4,0.0469,0.0266,0.2552,0.1562,47,35,0.7447,5.13,6.89,-0.91,-5.605,8.51,0.0012,0.0213,0.2553,0.0426,0,222.8,181.4,222.8,41.4,12.09,0.1649,0.0,112.4,69.0,5.86,10.0,4.14
00-0033118,Kenyan Drake,RB,MIA,2018,16,13,0.0,7.5,4.56,0.1692,0.0402,0.2819,0,,,,,,,,,,,120,4.46,0.0333,-0.1275,0.1917,0.1083,73,53,0.726,6.53,9.0,2.21,2.963,7.98,0.1367,0.0685,0.3151,0.0822,1,206.2,177.4,195.0,17.6,11.09,0.1927,0.0,63.4,114.1,4.19,8.0,3.81
00-0033594,Chris Carson,RB,SEA,2018,14,11,0.0,17.64,1.71,0.0717,-0.0006,0.107,0,,,,,,,,,,,247,4.66,0.0364,-0.0012,0.247,0.1336,24,20,0.8333,6.79,8.15,-0.04,-163.0,8.15,0.1461,0.0,0.2917,0.125,2,201.4,203.0,201.4,-1.6,14.5,0.2137,0.0,167.7,35.3,10.77,9.0,-1.77
00-0032764,Derrick Henry,RB,TEN,2018,16,13,0.19,13.44,1.12,0.043,-0.0024,0.0629,3,0.6667,4.67,0.0,0.0,0.0,0.154,-2.701,1.167,0.3333,0.0,215,4.93,0.0558,0.0493,0.2372,0.1395,18,15,0.8333,5.5,6.6,-0.72,-7.615,7.67,-0.1459,0.0,0.2222,0.0556,1,201.4,174.7,201.4,26.7,10.92,0.1706,1.6,146.3,26.8,9.92,12.0,2.08
00-0034791,Nick Chubb,RB,CLE,2018,16,13,0.0,12.0,1.81,0.0614,0.0105,0.0994,0,,,,,,,,,,,192,5.19,0.0417,0.0097,0.2448,0.1458,29,20,0.6897,5.14,7.45,1.45,3.548,9.05,0.0699,0.069,0.1724,0.069,0,194.5,157.1,194.5,37.4,9.82,0.128,0.0,110.6,46.5,6.01,10.0,3.99
00-0032058,Tevin Coleman,RB,ATL,2018,16,13,0.0,10.44,2.75,0.0747,0.0043,0.1151,0,,,,,,,,,,,167,4.79,0.024,-0.0709,0.2156,0.1497,44,32,0.7273,6.27,8.62,0.48,13.143,8.59,0.2923,0.1136,0.3409,0.0909,0,193.6,176.1,193.6,17.5,11.0,0.1301,0.0,98.5,77.5,6.95,9.0,2.05
00-0025394,Adrian Peterson,RB,WAS,2018,16,13,0.0,15.69,1.62,0.0529,0.0037,0.082,0,,,,,,,,,,,251,4.15,0.0279,-0.0967,0.1873,0.1036,26,20,0.7692,8.0,10.4,0.35,23.111,10.05,0.103,0.0385,0.3462,0.1538,2,189.0,178.1,189.0,10.9,11.13,0.1681,0.0,140.2,37.9,6.18,8.0,1.82
00-0032780,Jordan Howard,RB,CHI,2018,16,13,0.0,15.62,1.69,0.0531,0.004,0.0824,0,,,,,,,,,,,250,3.74,0.036,-0.1006,0.212,0.072,27,20,0.7407,5.37,7.25,0.78,6.905,6.35,-0.0904,0.0,0.2593,0.0741,1,180.0,194.4,180.0,-14.4,12.15,0.1638,0.0,151.8,42.6,8.74,9.0,0.26
00-0033951,Marlon Mack,RB,IND,2018,12,9,0.0,16.25,2.17,0.0661,-0.0127,0.0902,0,,,,,,,,,,,195,4.66,0.0462,0.0431,0.2564,0.0974,26,17,0.6538,3.96,6.06,-0.92,-4.292,7.18,-0.4839,0.0385,0.1154,0.0385,2,178.1,173.3,178.1,4.8,14.44,0.1729,0.0,132.2,41.2,8.63,10.0,1.37
00-0032209,T.J. Yeldon,RB,JAX,2018,14,13,0.0,7.43,5.57,0.1718,0.0108,0.2653,0,,,,,,,,,,,104,3.98,0.0096,-0.1677,0.1538,0.0865,78,55,0.7051,6.24,8.85,0.73,8.544,8.18,-0.0461,0.0513,0.2564,0.0513,1,173.1,170.8,170.1,-0.7,12.2,0.1752,0.0,54.2,116.6,3.91,5.0,1.09
00-0029615,Lamar Miller,RB,HOU,2018,14,12,0.0,15.0,2.5,0.0864,0.0013,0.1305,0,,,,,,,,,,,210,4.63,0.0238,-0.0575,0.1714,0.1095,35,25,0.7143,4.66,6.52,0.69,6.792,6.84,-0.3746,0.0286,0.2286,0.0857,1,172.6,179.9,172.6,-7.3,12.85,0.1784,0.0,123.4,56.5,6.69,6.0,-0.69
00-0033293,Aaron Jones,RB,GB,2018,12,11,0.0,11.08,2.92,0.0886,0.0017,0.1342,0,,,,,,,,,,,133,5.47,0.0602,0.049,0.3083,0.1654,35,26,0.7429,5.89,7.92,0.26,22.889,8.5,0.0918,0.0286,0.3429,0.1143,1,171.4,137.0,171.4,34.4,11.41,0.1406,0.0,82.6,54.3,4.79,9.0,4.21
00-0033699,Austin Ekeler,RB,LAC,2018,14,13,0.0,7.57,3.79,0.1214,0.001,0.1829,0,,,,,,,,,,,106,5.23,0.0283,0.0792,0.2358,0.1792,53,39,0.7358,7.62,10.36,0.75,10.1,10.54,0.2545,0.0566,0.3396,0.1509,1,168.8,149.2,168.8,19.6,10.66,0.1497,0.0,67.0,82.2,4.75,6.0,1.25
00-0033308,Matt Breida,RB,SF,2018,14,12,0.0,10.93,2.21,0.0703,0.0204,0.1197,0,,,,,,,,,,,153,5.32,0.0196,0.0191,0.2353,0.1765,31,27,0.871,8.42,9.67,2.23,3.783,8.7,0.4822,0.0645,0.3871,0.1935,1,162.5,138.5,162.5,24.0,9.89,0.14,0.0,88.2,50.3,4.69,5.0,0.31
00-0034367,Nyheim Hines,RB,IND,2018,16,13,0.0,5.31,5.06,0.1225,0.0277,0.2031,0,,,,,,,,,,,85,3.69,0.0235,-0.145,0.2,0.0824,81,63,0.7778,5.25,6.75,2.06,2.545,5.54,0.0091,0.0247,0.358,0.0988,0,160.9,182.2,160.9,-21.3,11.39,0.1296,0.0,52.4,129.9,5.6,4.0,-1.6
00-0028087,Dion Lewis,RB,TEN,2018,16,13,0.0,9.69,4.19,0.1545,-0.0301,0.2107,0,,,,,,,,,,,155,3.34,0.0065,-0.2417,0.1419,0.0903,67,59,0.8806,5.97,6.78,-1.06,-5.634,8.08,-0.0055,0.0149,0.194,0.1045,1,160.7,183.9,160.7,-23.2,11.49,0.1796,0.0,88.5,95.5,4.59,2.0,-2.59
00-0033025,Jalen Richard,RB,LV,2018,16,13,0.0,3.44,5.06,0.1569,0.0359,0.2605,0,,,,,,,,,,,55,4.71,0.0182,-0.3089,0.2,0.1091,81,68,0.8395,7.49,8.93,1.67,4.496,7.34,0.1956,0.0,0.284,0.1111,2,156.6,149.7,156.6,6.9,9.36,0.1293,0.0,31.5,118.2,1.94,1.0,-0.94
00-0033893,Dalvin Cook,RB,MIN,2018,11,8,0.0,12.09,4.45,0.1323,-0.0347,0.1742,0,,,,,,,,,,,133,4.62,0.015,-0.1663,0.1654,0.1278,49,40,0.8163,6.22,7.62,-1.84,-3.389,9.32,0.101,0.0408,0.3061,0.1429,2,152.0,149.5,152.0,2.5,13.59,0.185,0.0,75.8,73.8,3.59,4.0,0.41
00-0032741,Peyton Barber,RB,TB,2018,16,13,0.0,14.62,1.81,0.0474,0.0065,0.0757,0,,,,,,,,,,,234,3.72,0.0214,-0.1829,0.1752,0.1026,29,20,0.6897,3.17,4.6,1.38,2.3,3.2,-0.0577,0.0345,0.1379,0.0,1,150.3,185.5,150.3,-35.2,11.59,0.1318,0.0,139.0,46.5,8.04,6.0,-2.04
00-0027966,Mark Ingram,RB,NO,2018,12,9,0.0,11.5,2.25,0.081,-0.0013,0.1206,0,,,,,,,,,,,138,4.67,0.0435,-0.0625,0.2464,0.1087,27,21,0.7778,6.3,8.1,0.33,18.889,7.38,-0.2232,0.037,0.1852,0.1852,1,142.5,146.2,142.5,-3.7,12.18,0.1502,0.0,103.1,43.0,8.54,7.0,-1.54
00-0030656,Isaiah Crowell,RB,NYJ,2018,13,13,0.0,11.0,2.15,0.0653,-0.0018,0.0967,0,,,,,,,,,,,143,4.79,0.042,-0.0665,0.1818,0.1049,28,21,0.75,5.43,7.24,-0.32,-16.889,8.24,0.1014,0.0,0.25,0.1071,0,140.7,114.0,140.7,26.7,8.77,0.1391,0.0,75.9,38.1,2.59,6.0,3.41
00-0034349,Kerryon Johnson,RB,DET,2018,10,10,0.0,11.8,3.9,0.1059,-0.0074,0.1536,0,,,,,,,,,,,118,5.43,0.0254,-0.019,0.2712,0.1441,39,32,0.8205,5.46,6.66,-0.62,-8.875,8.34,0.1669,0.0256,0.2821,0.0256,1,139.4,124.1,139.4,15.3,12.41,0.1618,0.0,65.8,58.3,3.29,4.0,0.71
00-0034845,Sony Michel,RB,NE,2018,13,10,0.0,16.08,0.85,0.0277,0.0048,0.0449,0,,,,,,,,,,,209,4.45,0.0287,-0.0146,0.2584,0.1196,11,7,0.6364,4.55,7.14,1.0,4.545,7.14,-0.1009,0.0,0.2727,0.0,1,139.1,161.5,139.1,-22.4,12.43,0.148,0.0,145.5,16.0,9.5,6.0,-3.5
00-0032063,Mike Davis,RB,SEA,2018,15,12,0.0,7.47,2.8,0.1095,-0.0001,0.1641,0,,,,,,,,,,,112,4.59,0.0357,0.021,0.2232,0.1161,42,34,0.8095,5.1,6.29,0.12,42.8,6.91,-0.0623,0.0238,0.2381,0.0476,0,136.8,131.7,136.8,5.1,8.78,0.1303,0.0,68.6,63.1,3.82,5.0,1.18
00-0032257,Duke Johnson,RB,CLE,2018,16,13,0.0,2.5,3.88,0.1095,0.0259,0.1824,0,,,,,,,,,,,40,5.03,0.0,-0.0201,0.225,0.15,62,47,0.7581,6.92,9.13,2.47,2.804,7.96,0.2592,0.0484,0.4032,0.129,0,132.0,118.1,132.0,13.9,7.38,0.0963,0.0,23.2,94.9,2.61,3.0,0.39
00-0030513,Latavius Murray,RB,MIN,2018,16,13,0.0,8.75,1.62,0.0406,0.0069,0.0658,0,,,,,,,,,,,140,4.13,0.0429,-0.146,0.1643,0.0929,26,22,0.8462,5.42,6.41,1.12,4.862,5.23,-0.2269,0.0,0.2692,0.0385,0,131.9,117.2,131.9,14.7,7.32,0.0964,0.0,79.0,38.1,3.84,6.0,2.16
00-0027029,LeSean McCoy,RB,BUF,2018,14,12,0.0,11.5,3.29,0.1055,-0.0154,0.1474,0,,,,,,,,,,,161,3.19,0.0186,-0.2234,0.1366,0.0683,46,34,0.7391,5.17,7.0,-1.07,-4.857,8.47,0.014,0.0,0.2174,0.087,0,127.2,147.5,127.2,-20.3,10.54,0.1618,0.0,86.4,61.1,3.36,3.0,-0.36
00-0033856,Leonard Fournette,RB,JAX,2018,8,6,0.0,16.62,3.25,0.1317,-0.0117,0.1894,0,,,,,,,,,,,133,3.3,0.0376,-0.1339,0.1729,0.0677,26,22,0.8462,7.12,8.41,-0.54,-13.214,9.68,0.2757,0.0385,0.3846,0.1538,0,120.4,124.8,120.4,-4.4,15.6,0.2406,0.0,84.5,40.2,6.41,6.0,-0.41
00-0029613,Doug Martin,RB,LV,2018,16,13,0.0,10.75,1.5,0.0489,0.0098,0.0802,0,,,,,,,,,,,172,4.2,0.0233,-0.0874,0.2151,0.1105,24,18,0.75,4.83,6.44,0.88,5.524,5.22,-0.0141,0.0,0.25,0.0833,3,119.9,146.4,119.9,-26.5,9.15,0.1265,0.0,110.1,36.3,7.2,4.0,-3.2
00-0032782,Wendell Smallwood,RB,PHI,2018,13,10,0.0,6.69,2.69,0.0711,-0.0027,0.1048,0,,,,,,,,,,,87,4.18,0.0345,0.0451,0.2529,0.1034,35,28,0.8,6.57,8.21,0.14,46.0,8.29,0.2289,0.0571,0.2571,0.1143,0,119.4,103.0,119.4,16.4,7.92,0.0994,0.0,50.2,52.8,2.96,5.0,2.04
00-0030107,Theo Riddick,RB,DET,2018,14,11,0.0,2.86,5.29,0.145,0.0093,0.2241,0,,,,,,,,,,,40,4.28,0.0,-0.1364,0.2,0.075,74,61,0.8243,5.19,6.3,0.72,7.245,6.66,-0.1575,0.0,0.2162,0.0946,0,116.5,131.8,116.5,-15.2,9.41,0.1263,0.0,23.7,108.0,2.09,0.0,-2.09
00-0033948,Jamaal Williams,RB,GB,2018,16,13,0.0,7.56,2.56,0.0591,0.0052,0.0923,0,,,,,,,,,,,121,3.83,0.0248,-0.1364,0.2066,0.0909,41,27,0.6585,5.12,7.78,0.76,6.774,8.48,-0.0322,0.0,0.2683,0.0732,0,114.4,129.5,114.4,-15.1,8.09,0.0997,0.0,70.2,59.4,3.15,3.0,-0.15
00-0032426,Alex Collins,RB,BAL,2018,10,10,0.0,11.4,2.1,0.0484,0.0065,0.0771,0,,,,,,,,,,,114,3.61,0.0614,-0.1758,0.193,0.0789,21,15,0.7143,5.0,7.0,1.29,3.889,6.47,-0.0024,0.0476,0.2857,0.0952,3,108.6,109.6,108.6,-1.0,10.96,0.1242,0.0,74.8,34.9,5.36,8.0,2.64
00-0023500,Frank Gore,RB,MIA,2018,14,13,0.0,11.14,1.14,0.0421,0.0077,0.0685,0,,,,,,,,,,,156,4.63,0.0,-0.025,0.1603,0.0769,16,12,0.75,7.75,10.33,1.31,5.905,9.58,0.4291,0.0625,0.5,0.1875,0,102.6,101.1,102.6,1.5,7.22,0.1232,0.0,75.3,25.8,1.91,1.0,-0.91
00-0034838,Royce Freeman,RB,DEN,2018,14,11,0.0,9.29,1.43,0.0328,0.0031,0.0513,0,,,,,,,,,,,130,4.01,0.0385,-0.1375,0.2308,0.1,20,14,0.7,3.6,5.14,0.75,4.8,4.21,-0.0855,0.0,0.1,0.0,1,101.3,105.5,101.3,-4.2,7.53,0.1022,0.0,76.2,29.2,3.8,5.0,1.2
00-0030874,Damien Williams,RB,KC,2018,10,7,0.0,5.0,2.4,0.064,-0.0157,0.085,0,,,,,,,,,,,50,5.12,0.08,-0.0074,0.3,0.14,24,23,0.9583,6.67,6.96,-2.08,-3.2,9.3,0.4039,0.0833,0.375,0.0833,1,98.6,88.4,98.6,10.2,8.84,0.0996,0.0,42.2,46.2,5.48,6.0,0.52
00-0030578,Cordarrelle Patterson,RB,NE,2018,15,13,0.0,2.8,1.87,0.0552,0.0482,0.1166,0,,,,,,,,,,,42,5.43,0.0238,0.1316,0.3571,0.2381,28,21,0.75,8.82,11.76,6.21,1.42,7.71,0.3425,0.1071,0.3929,0.1786,0,98.5,90.4,92.5,2.1,6.03,0.0695,0.0,36.7,53.7,4.68,4.0,-0.68
00-0031045,Carlos Hyde,RB,JAX,2018,14,12,0.0,12.29,1.14,0.0332,-0.0056,0.0459,0,,,,,,,,,,,172,3.32,0.0291,-0.2271,0.157,0.0872,16,10,0.625,2.06,3.3,-0.81,-2.538,5.9,-0.4647,0.0,0.0,0.0,1,98.4,130.7,98.4,-32.3,9.34,0.1288,0.0,108.6,22.2,7.08,5.0,-2.08
00-0034378,Ito Smith,RB,ATL,2018,13,12,0.0,6.92,2.46,0.0637,-0.0023,0.0939,0,,,,,,,,,,,90,3.5,0.0444,-0.1782,0.2,0.1111,32,27,0.8438,4.75,5.63,-0.25,-19.0,5.93,0.1938,0.0,0.2812,0.0625,0,97.7,106.8,97.7,-9.1,8.22,0.0971,0.0,56.8,50.1,3.71,4.0,0.29
00-0031075,Alfred Blue,RB,HOU,2018,16,13,0.0,9.38,1.69,0.0475,0.0169,0.0831,0,,,,,,,,,,,150,3.33,0.0133,-0.2166,0.1667,0.0667,27,20,0.7407,5.7,7.7,2.7,2.11,5.35,-0.2895,0.0,0.1481,0.037,0,97.3,124.4,97.3,-27.1,7.78,0.1037,0.0,84.1,40.4,4.63,2.0,-2.63
00-0030456,Giovani Bernard,RB,CIN,2018,12,9,0.0,4.67,4.0,0.1216,-0.0018,0.1811,0,,,,,,,,,,,56,3.77,0.0536,-0.0775,0.25,0.1429,48,35,0.7292,4.54,6.23,-0.15,-31.143,6.49,-0.107,0.0,0.1667,0.0833,0,95.9,107.4,95.9,-11.5,8.95,0.1252,0.0,36.6,70.8,2.49,3.0,0.51
00-0031577,Javorius Allen,RB,BAL,2018,11,11,0.0,3.73,3.91,0.091,0.0129,0.1455,0,,,,,,,,,,,41,2.68,0.0732,-0.1426,0.2439,0.0488,43,35,0.814,4.56,5.6,1.37,3.322,5.06,-0.0995,0.0465,0.2558,0.0698,1,93.6,98.5,94.4,-4.1,8.96,0.1034,0.0,33.7,64.8,4.08,5.0,0.92
00-0030404,Chris Thompson,RB,WAS,2018,10,7,0.0,4.3,5.5,0.178,0.0309,0.2886,0,,,,,,,,,,,43,4.14,0.0,-0.2231,0.2093,0.2093,55,41,0.7455,4.87,6.54,1.45,3.35,5.34,-0.0574,0.0182,0.2182,0.0364,0,91.6,105.1,91.2,-13.9,10.51,0.1709,0.0,24.5,80.5,1.61,1.0,-0.61
00-0034184,Gus Edwards,RB,BAL,2018,11,8,0.0,12.45,0.18,0.0062,0.0007,0.0098,0,,,,,,,,,,,137,5.24,0.0146,0.09,0.2701,0.1241,2,2,1.0,10.0,10.0,1.5,6.667,8.5,0.6285,0.0,0.5,0.0,0,89.8,78.7,89.8,11.1,7.16,0.097,0.0,75.9,2.8,2.14,2.0,-0.14
00-0034331,Jaylen Samuels,RB,PIT,2018,9,6,0.0,6.22,3.22,0.082,-0.0128,0.1141,0,,,,,,,,,,,56,4.57,0.0,-0.0453,0.2321,0.125,29,26,0.8966,6.86,7.65,0.07,99.5,8.27,0.5233,0.1034,0.3448,0.069,0,89.5,82.0,89.5,7.5,9.11,0.1021,0.0,32.7,49.4,2.9,3.0,0.1
00-0032972,Devontae Booker,RB,DEN,2018,16,13,0.0,2.12,3.19,0.088,0.0242,0.1489,0,,,,,,,,,,,34,5.38,0.0294,0.0698,0.3235,0.1471,51,38,0.7451,5.39,7.24,1.51,3.571,6.37,-0.0797,0.0,0.1765,0.0392,1,87.8,94.6,87.8,-6.8,5.91,0.0794,0.0,18.5,76.0,1.77,1.0,-0.77
00-0027325,LeGarrette Blount,RB,DET,2018,16,13,0.0,9.62,0.94,0.0285,-0.0039,0.04,0,,,,,,,,,,,154,2.71,0.0325,-0.2452,0.1623,0.0649,15,10,0.6667,4.47,6.7,-1.27,-3.526,8.7,-0.5776,0.0,0.2667,0.1333,1,86.5,119.4,86.5,-32.9,7.46,0.101,0.0,97.5,21.9,5.94,5.0,-0.94
00-0033295,Elijah McGuire,RB,NYJ,2018,8,5,0.0,11.5,3.88,0.1191,0.0568,0.2184,0,,,,,,,,,,,92,3.0,0.0326,-0.3599,0.163,0.0761,31,19,0.6129,6.23,10.16,4.45,1.399,8.89,0.0901,0.0323,0.3226,0.1613,2,85.9,100.9,85.9,-15.0,12.62,0.1894,0.0,55.8,45.1,3.48,4.0,0.52
00-0028083,Jacquizz Rodgers,RB,TB,2018,13,10,0.0,2.54,3.46,0.0863,0.0132,0.1386,0,,,,,,,,,,,33,3.21,0.0303,-0.1484,0.2121,0.0909,45,38,0.8444,6.76,8.0,1.78,3.8,6.32,-0.0795,0.0,0.2889,0.0889,1,83.0,87.1,83.0,-4.1,6.7,0.0749,0.0,18.6,68.5,1.53,1.0,-0.53
00-0034457,Josh Adams,RB,PHI,2018,12,9,0.0,10.0,1.08,0.0326,-0.0015,0.0479,0,,,,,,,,,,,120,4.26,0.025,-0.1877,0.1917,0.1167,13,7,0.5385,4.46,8.29,-0.69,-6.444,9.29,-0.1006,0.0,0.2308,0.0,1,81.9,92.8,81.9,-10.9,7.73,0.1016,0.0,74.2,18.6,3.9,3.0,-0.9
00-0033725,Corey Clement,RB,PHI,2018,11,11,0.0,6.18,2.27,0.0604,-0.0115,0.0825,0,,,,,,,,,,,68,3.81,0.0294,-0.0929,0.2206,0.1176,25,22,0.88,7.68,8.73,-1.24,-6.194,12.0,0.1192,0.0,0.4,0.16,0,81.1,83.5,81.1,-2.4,7.59,0.0977,0.0,43.7,39.8,2.97,2.0,-0.97
00-0025399,Marshawn Lynch,RB,LV,2018,6,6,0.0,15.0,3.33,0.0901,-0.0151,0.1246,0,,,,,,,,,,,90,4.18,0.0333,-0.0307,0.2222,0.1,20,15,0.75,4.2,5.6,-0.3,-14.0,6.0,-0.0701,0.0,0.3,0.05,0,79.0,85.9,79.0,-6.9,14.31,0.178,0.0,51.1,34.7,3.87,3.0,-0.87
00-0030414,Spencer Ware,RB,KC,2018,11,11,0.0,4.64,2.09,0.0583,-0.0015,0.0864,0,,,,,,,,,,,51,4.82,0.0392,-0.0266,0.2745,0.1569,23,20,0.8696,9.74,11.2,0.22,44.8,12.25,0.6315,0.0,0.3913,0.1739,0,79.0,75.5,79.0,3.5,6.86,0.0778,0.0,39.5,36.0,3.4,2.0,-1.4
00-0027531,Chris Ivory,RB,BUF,2018,13,12,0.0,8.85,1.54,0.0497,0.0033,0.0769,0,,,,,,,,,,,115,3.35,0.0087,-0.1625,0.2174,0.0609,20,12,0.6,8.75,14.58,-0.1,-87.5,14.08,0.4882,0.0,0.3,0.15,0,74.0,90.2,78.0,-12.2,6.93,0.1082,0.0,62.1,28.1,2.31,1.0,-1.31
00-0034750,Rashaad Penny,RB,SEA,2018,12,11,0.0,7.08,1.0,0.0317,0.001,0.0482,0,,,,,,,,,,,85,4.93,0.0235,-0.0328,0.2118,0.1529,12,9,0.75,6.25,8.33,0.5,12.5,8.11,-0.6119,0.0,0.25,0.0833,0,70.4,63.9,70.4,6.6,5.32,0.0819,0.0,46.4,17.5,1.37,2.0,0.63
00-0029141,Alfred Morris,RB,SF,2018,11,10,0.0,10.09,1.18,0.0331,-0.0009,0.0491,0,,,,,,,,,,,111,3.86,0.018,-0.156,0.2162,0.0991,13,8,0.6154,5.62,9.12,-0.31,-18.25,8.38,-0.1774,0.0,0.3846,0.1538,1,68.1,92.0,68.1,-23.9,8.37,0.1152,0.0,74.5,17.5,5.03,2.0,-3.03
00-0029854,C.J. Anderson,RB,CAR,2018,9,7,0.0,7.44,1.0,0.0364,-0.0038,0.052,0,,,,,,,,,,,67,6.01,0.0299,0.1791,0.3134,0.1642,9,5,0.5556,4.56,8.2,-0.33,-13.667,9.0,-0.7444,0.1111,0.2222,0.1111,0,67.4,62.7,67.4,4.7,6.97,0.0947,0.0,47.7,15.0,3.32,3.0,-0.32
00-0034681,Chase Edmonds,RB,ARI,2018,16,13,0.0,3.75,1.44,0.047,-0.0025,0.0688,0,,,,,,,,,,,60,3.47,0.0333,-0.1074,0.2333,0.05,23,20,0.8696,4.48,5.15,-0.48,-9.364,6.05,-0.1741,0.0,0.2174,0.0,0,63.1,61.5,63.1,1.6,3.84,0.0636,0.0,30.2,31.3,0.86,2.0,1.14
00-0031102,Kapri Bibbs,RB,WAS,2018,9,8,0.0,2.33,2.56,0.0829,0.0138,0.134,0,,,,,,,,,,,21,4.9,0.1429,0.2039,0.381,0.1905,23,16,0.6957,5.0,7.19,1.65,3.026,6.75,-0.3892,0.0435,0.1739,0.0435,0,61.8,54.9,61.8,6.9,6.1,0.0833,0.0,22.8,32.1,2.53,4.0,1.47
00-0034440,Justin Jackson,RB,LAC,2018,8,5,0.0,6.25,2.38,0.0709,-0.0117,0.0982,0,,,,,,,,,,,50,4.12,0.04,-0.0692,0.28,0.12,19,15,0.7895,7.11,9.0,-1.0,-7.105,10.13,0.2865,0.0,0.2632,0.1579,0,61.1,56.9,61.1,4.2,7.11,0.1051,0.0,28.4,28.6,1.64,2.0,0.36
00-0023564,Darren Sproles,RB,PHI,2018,6,3,0.0,4.83,3.83,0.1056,0.014,0.1682,0,,,,,,,,,,,29,4.14,0.0345,0.0099,0.2069,0.1724,23,15,0.6522,6.96,10.67,1.22,5.714,8.47,0.5033,0.087,0.2609,0.1304,0,61.0,57.4,61.0,3.6,9.57,0.1211,0.0,17.8,39.6,2.21,3.0,0.79
00-0028064,Bilal Powell,RB,NYJ,2018,7,7,0.0,11.43,2.57,0.0786,0.0411,0.1467,0,,,,,,,,,,,80,4.29,0.0,-0.1374,0.2,0.125,18,11,0.6111,6.11,10.0,4.94,1.236,7.64,-0.6266,0.0556,0.1667,0.1111,1,60.3,64.2,60.3,-3.9,9.18,0.1412,0.0,38.6,25.6,1.0,1.0,0.0
00-0034400,Jordan Wilkins,RB,IND,2018,13,11,0.0,4.62,1.31,0.0331,-0.0089,0.0434,0,,,,,,,,,,,60,5.6,0.0167,0.0814,0.25,0.15,17,16,0.9412,5.0,5.31,-1.47,-3.4,6.56,-0.7234,0.0,0.1176,0.0588,2,60.1,64.2,60.1,-4.1,4.94,0.0566,0.0,33.0,31.1,2.47,1.0,-1.47
00-0031665,Zach Zenner,RB,DET,2018,7,4,0.0,7.86,1.43,0.0431,-0.0029,0.0627,0,,,,,,,,,,,55,4.82,0.0545,0.1141,0.2545,0.1091,10,7,0.7,5.6,8.0,0.0,,9.29,-0.02,0.0,0.3,0.1,0,57.1,47.9,57.1,9.2,6.85,0.096,0.0,34.4,13.5,2.17,3.0,0.83
00-0032411,Kenneth Dixon,RB,BAL,2018,6,3,0.0,10.0,1.17,0.051,-0.0085,0.0706,0,,,,,,,,,,,60,5.55,0.0333,0.0209,0.3333,0.1833,7,6,0.8571,7.29,8.5,-0.86,-8.5,9.0,0.4589,0.0,0.2857,0.1429,1,54.4,47.0,54.4,7.4,7.83,0.1078,0.0,36.6,10.4,1.59,2.0,0.41
00-0030288,Rex Burkhead,RB,NE,2018,8,5,0.0,7.12,2.5,0.0837,0.0161,0.1368,0,,,,,,,,,,,57,3.26,0.0,-0.2135,0.193,0.0877,20,14,0.7,6.55,9.36,2.15,3.047,8.64,-0.2522,0.05,0.2,0.15,1,49.7,62.1,49.7,-12.4,7.77,0.1001,0.0,27.7,34.4,1.71,1.0,-0.71
00-0034164,Trenton Cannon,RB,NYJ,2018,11,8,0.0,3.45,2.27,0.0713,0.0567,0.1467,0,,,,,,,,,,,38,2.97,0.0263,-0.1864,0.1842,0.0526,25,17,0.68,5.76,8.47,6.28,0.917,6.94,-0.3802,0.0,0.16,0.08,0,48.7,55.1,48.7,-6.4,5.01,0.0767,0.0,19.1,36.0,1.17,1.0,-0.17
00-0033950,Wayne Gallman,RB,NYG,2018,13,11,0.0,3.92,1.69,0.0507,0.0105,0.0835,0,,,,,,,,,,,51,3.45,0.0196,-0.1605,0.1373,0.0,22,14,0.6364,4.05,6.36,1.32,3.069,5.79,-0.3248,0.0,0.2273,0.0909,1,44.5,66.0,44.5,-21.5,5.07,0.068,0.0,32.0,34.0,2.38,1.0,-1.38
00-0034115,Jeff Wilson,RB,SF,2018,6,3,0.0,11.0,2.5,0.0663,-0.0022,0.0979,0,,,,,,,,,,,66,4.03,0.0,-0.2449,0.197,0.0909,15,12,0.8,6.53,8.17,0.0,,8.08,-0.4169,0.0,0.3333,0.0667,2,44.4,55.6,44.4,-11.2,9.28,0.1322,0.0,32.7,23.0,1.46,0.0,-1.46
00-0031590,Jay Ajayi,RB,PHI,2018,4,4,0.0,11.25,1.5,0.0331,-0.0005,0.0493,0,,,,,,,,,,,45,4.09,0.0667,-0.1081,0.2444,0.1111,6,5,0.8333,3.33,4.0,0.0,,6.0,-0.0727,0.0,0.1667,0.0,1,43.4,42.5,43.4,0.9,10.62,0.1301,0.0,32.6,9.9,2.54,3.0,0.46
00-0031806,Malcolm Brown,RB,LA,2018,10,10,0.0,4.3,0.7,0.0217,0.0061,0.0368,0,,,,,,,,,,,43,4.93,0.0,0.0505,0.2326,0.093,7,5,0.7143,7.43,10.4,2.57,2.889,7.8,0.75,0.1429,0.2857,0.1429,0,39.4,36.6,39.4,2.8,3.66,0.0398,0.0,24.2,12.4,1.09,1.0,-0.09
00-0031959,Marcus Murphy,RB,BUF,2018,9,8,0.0,5.78,2.11,0.0635,0.008,0.1009,0,,,,,,,,,,,52,4.81,0.0,-0.085,0.1346,0.0577,19,11,0.5789,1.37,2.36,1.37,1.0,3.36,-0.6211,0.0,0.1053,0.0,0,38.6,53.2,38.6,-14.6,5.91,0.086,0.0,27.5,25.7,0.98,0.0,-0.98
00-0031687,Raheem Mostert,RB,SF,2018,6,6,0.0,5.67,1.17,0.0395,-0.0026,0.0574,0,,,,,,,,,,,34,7.68,0.0294,0.0104,0.3824,0.3235,7,6,0.8571,3.57,4.17,-0.57,-6.25,7.33,-0.1798,0.0,0.1429,0.1429,1,38.6,26.8,38.6,11.8,4.46,0.0631,0.0,16.6,10.1,0.27,1.0,0.73
00-0034799,Kalen Ballage,RB,MIA,2018,10,7,0.0,3.6,1.1,0.0469,-0.01,0.0634,0,,,,,,,,,,,36,5.31,0.0278,-0.1948,0.2778,0.1111,11,9,0.8182,5.09,6.22,-1.27,-4.0,8.44,-0.8313,0.0,0.1818,0.0909,1,37.7,32.0,37.7,5.7,3.2,0.0575,0.0,16.1,15.9,0.4,1.0,0.6
00-0031900,Rod Smith,RB,DAL,2018,13,10,0.0,3.38,0.92,0.0258,-0.0016,0.0376,0,,,,,,,,,,,44,2.89,0.0227,-0.1749,0.2273,0.0682,12,9,0.75,5.0,6.67,-0.42,-12.0,6.33,-0.1164,0.0,0.0833,0.0,0,33.7,41.3,33.7,-7.6,3.18,0.0433,0.0,24.2,17.1,1.17,1.0,-0.17
00-0029239,Brandon Bolden,RB,MIA,2018,5,2,0.0,1.6,0.6,0.0267,-0.0076,0.0348,0,,,,,,,,,,,8,11.38,0.25,0.2041,0.5,0.375,3,3,1.0,4.33,4.33,-2.0,-2.167,6.33,0.5406,0.3333,0.3333,0.0,1,29.4,11.1,29.4,18.3,2.21,0.0452,0.0,4.3,6.8,0.64,3.0,2.36
00-0033373,Taquan Mizzell,RB,CHI,2018,8,6,0.0,1.12,1.25,0.0417,0.0246,0.0798,0,,,,,,,,,,,9,1.78,0.0,-0.285,0.0,0.0,10,8,0.8,7.8,9.75,5.0,1.56,4.25,0.4044,0.1,0.4,0.1,0,23.4,21.9,23.4,1.5,2.73,0.0392,0.0,4.9,17.0,0.87,1.0,0.13
00-0034816,Ronald Jones,RB,TB,2018,6,5,0.0,3.83,1.5,0.0411,-0.0068,0.057,0,,,,,,,,,,,23,1.91,0.0435,-0.3152,0.087,0.0,9,7,0.7778,3.67,4.71,-1.56,-2.357,6.0,-0.2778,0.0,0.2222,0.0,0,20.7,28.0,20.7,-7.3,4.67,0.0535,0.0,14.8,13.2,0.96,1.0,0.04
00-0031731,Corey Grant,RB,JAX,2018,5,5,0.0,2.6,2.4,0.0594,-0.0042,0.0861,0,,,,,,,,,,,13,3.08,0.0,-0.387,0.0769,0.0,12,9,0.75,5.58,7.44,0.0,,8.89,0.0638,0.0,0.4167,0.0833,0,19.7,27.1,19.7,-7.4,5.42,0.0652,0.0,6.5,20.6,0.78,0.0,-0.78
00-0034253,Dontrell Hilliard,RB,CLE,2018,6,5,0.17,0.0,1.67,0.0524,0.0098,0.0855,1,0.0,0.0,0.0,1.0,0.0,-6.4184,-62.593,0.0,0.0,0.0,0,,,,,,10,9,0.9,10.5,11.67,1.9,5.526,10.0,0.27,0.0,0.4,0.2,0,17.5,15.2,17.5,2.3,2.54,0.0361,0.4,0.0,14.8,0.03,0.0,-0.03
00-0031599,Cameron Artis-Payne,RB,CAR,2018,4,2,0.0,4.75,1.0,0.0258,-0.0028,0.0367,0,,,,,,,,,,,19,3.63,0.0526,-0.0211,0.4211,0.1053,4,3,0.75,3.75,5.0,-1.25,-3.0,5.0,-0.2935,0.0,0.25,0.0,0,17.4,15.2,17.4,2.2,3.79,0.0429,0.0,9.2,6.0,0.21,1.0,0.79
00-0034301,Darrel Williams,RB,KC,2018,3,1,0.0,4.33,1.0,0.0266,-0.008,0.0342,0,,,,,,,,,,,13,3.38,0.0,-0.0098,0.2308,0.0,3,3,1.0,9.0,9.0,-2.33,-3.857,11.33,0.9,0.3333,0.3333,0.0,0,16.1,12.9,16.1,3.2,4.29,0.0476,0.0,7.1,5.8,0.51,1.0,0.49
00-0033567,Brian Hill,RB,ATL,2018,4,1,0.0,5.0,0.5,0.0154,0.0052,0.0268,0,,,,,,,,,,,20,7.85,0.0,-0.1767,0.25,0.2,2,1,0.5,4.5,9.0,3.5,1.286,5.0,-0.7742,0.0,0.0,0.0,1,15.6,14.5,15.6,1.1,3.63,0.0444,0.0,11.5,3.0,0.45,0.0,-0.45
00-0032450,Dwayne Washington,RB,NO,2018,4,3,0.0,6.75,0.0,0.0,0.0,0.0,0,,,,,,,,,,,27,5.7,0.0,-0.0449,0.2593,0.1852,0,0,,,,,,,,,,,0,15.4,13.6,15.4,1.8,3.4,0.0391,0.0,13.6,0.0,0.22,0.0,-0.22
00-0033296,Alex Armah,RB,CAR,2018,8,7,0.0,1.12,0.12,0.0042,0.0,0.0063,0,,,,,,,,,,,9,1.67,0.2222,0.1448,0.3333,0.0,1,1,1.0,5.0,5.0,0.0,,5.0,0.06,0.0,0.0,0.0,0,15.0,16.6,15.0,-1.6,2.07,0.0277,0.0,15.2,1.4,2.16,2.0,-0.16
00-0028011,Stevan Ridley,RB,PIT,2018,9,7,0.0,3.22,0.44,0.0127,0.0043,0.0221,0,,,,,,,,,,,29,2.76,0.0345,-0.4325,0.1034,0.0345,4,3,0.75,4.5,6.0,2.25,2.0,4.0,-1.3719,0.0,0.25,0.0,2,14.8,24.6,14.8,-9.8,2.73,0.0302,0.0,18.4,6.2,1.05,1.0,-0.05
00-0031285,Devonta Freeman,RB,ATL,2018,2,2,0.0,7.0,3.5,0.0863,0.0018,0.1307,0,,,,,,,,,,,14,4.86,0.0,-0.2979,0.1429,0.1429,7,5,0.7143,3.29,4.6,0.14,23.0,4.0,-0.6099,0.0,0.0,0.0,0,14.1,26.8,14.1,-12.7,13.38,0.1477,0.0,13.5,13.2,1.94,0.0,-1.94
00-0034509,Keith Ford,RB,BUF,2018,2,0,0.0,10.5,2.5,0.0717,-0.0095,0.1009,0,,,,,,,,,,,21,3.76,0.0,-0.1109,0.1905,0.0476,5,3,0.6,4.2,7.0,-1.8,-2.333,7.33,0.0005,0.0,0.2,0.0,0,13.0,16.4,13.0,-3.4,8.21,0.1243,0.0,10.1,6.3,0.12,0.0,-0.12
00-0034679,Mark Walton,RB,CIN,2018,6,6,0.0,2.33,1.33,0.0381,-0.0069,0.0524,0,,,,,,,,,,,14,2.43,0.0,-0.3995,0.3571,0.0714,8,5,0.625,5.12,8.2,-1.38,-3.727,9.6,0.2162,0.0,0.125,0.125,0,12.5,19.7,12.5,-7.2,3.29,0.0426,0.0,7.5,12.3,0.25,0.0,-0.25
00-0034808,John Kelly,RB,LA,2018,3,0,0.0,9.0,1.0,0.0392,-0.0063,0.0543,0,,,,,,,,,,,27,2.74,0.0,-0.327,0.2222,0.0,3,2,0.6667,9.0,13.5,-2.0,-4.5,13.5,0.7503,0.0,0.3333,0.3333,0,12.1,19.6,12.1,-7.5,6.55,0.0735,0.0,14.8,4.8,0.47,0.0,-0.47
00-0030668,Charcandrick West,RB,KC,2018,2,0,0.0,1.0,1.5,0.0385,0.0203,0.0719,0,,,,,,,,,,,2,-0.5,0.0,-0.4944,0.5,0.0,3,2,0.6667,12.33,18.5,5.33,2.312,12.5,1.1291,0.3333,0.6667,0.3333,0,11.6,5.6,11.6,6.0,2.81,0.0348,0.0,0.9,4.7,0.16,1.0,0.84
00-0032940,DeAndre Washington,RB,LV,2018,8,5,0.0,3.75,0.12,0.0038,0.0008,0.0063,0,,,,,,,,,,,30,3.83,0.0,-0.2963,0.2667,0.1,1,1,1.0,9.0,9.0,2.0,4.5,7.0,0.559,0.0,0.0,0.0,1,11.4,21.4,11.4,-10.0,2.67,0.0414,0.0,20.0,1.4,1.34,0.0,-1.34
00-0033789,T.J. Logan,RB,ARI,2018,4,3,0.0,0.5,1.75,0.0568,-0.0068,0.0804,0,,,,,,,,,,,2,1.0,0.0,-0.9049,0.0,0.0,7,7,1.0,5.29,5.29,-0.29,-18.5,5.57,-0.683,0.0,0.1429,0.1429,0,10.9,11.3,10.9,-0.4,2.82,0.0482,0.0,1.1,10.1,0.13,0.0,-0.13
00-0033925,D'Onta Foreman,RB,HOU,2018,1,0,0.0,7.0,2.0,0.05,0.0431,0.1051,0,,,,,,,,,,,7,-0.14,0.0,-0.6995,0.0,0.0,2,2,1.0,14.0,14.0,9.0,1.556,5.0,1.4086,0.5,0.5,0.5,0,10.7,7.7,10.7,3.0,7.7,0.0977,0.0,4.1,3.6,0.35,1.0,0.65
00-0028581,Patrick DiMarco,RB,BUF,2018,5,4,0.0,0.2,0.8,0.0241,0.0137,0.0457,0,,,,,,,,,,,1,9.0,0.0,1.1645,1.0,0.0,4,3,0.75,15.5,20.67,6.75,2.296,11.67,0.7399,0.0,0.5,0.5,0,10.1,6.0,10.1,4.1,1.2,0.0176,0.0,0.5,5.5,0.03,0.0,-0.03
00-0034565,Detrez Newsome,RB,LAC,2018,3,2,0.0,3.67,0.67,0.0175,0.0,0.0263,0,,,,,,,,,,,11,4.45,0.0,0.1096,0.2727,0.1818,2,2,1.0,9.5,9.5,0.0,,9.5,0.7793,0.0,1.0,0.0,0,8.8,8.8,8.8,0.0,2.93,0.0384,0.0,5.9,2.9,0.22,0.0,-0.22
00-0030465,Kenjon Barner,RB,NE,2018,6,5,0.0,3.17,0.17,0.003,0.0011,0.0053,0,,,,,,,,,,,19,3.74,0.0,-0.218,0.1579,0.1053,1,1,1.0,3.0,3.0,3.0,1.0,0.0,-0.0424,0.0,0.0,0.0,0,8.4,13.0,8.4,-4.6,2.17,0.0222,0.0,11.7,1.4,0.61,0.0,-0.61
00-0032964,Byron Marshall,RB,WAS,2018,4,2,0.0,0.75,1.5,0.0545,0.0107,0.0893,0,,,,,,,,,,,3,3.0,0.0,-0.2092,0.0,0.0,6,4,0.6667,5.0,7.5,1.67,3.0,7.0,0.1928,0.0,0.1667,0.1667,0,7.9,9.1,7.9,-1.2,2.27,0.0379,0.0,1.4,7.7,0.12,0.0,-0.12
00-0034221,Roc Thomas,RB,MIN,2018,5,5,0.0,1.6,0.8,0.0199,0.006,0.034,0,,,,,,,,,,,8,3.75,0.0,-0.1752,0.25,0.125,4,2,0.5,5.25,10.5,2.0,2.625,6.0,-0.5447,0.0,0.0,0.0,0,7.1,13.1,7.1,-6.0,2.61,0.0316,0.0,6.3,6.8,0.71,0.0,-0.71
00-0034208,Mike Boone,RB,MIN,2018,6,6,0.0,1.83,0.5,0.0107,-0.0011,0.0153,0,,,,,,,,,,,11,4.27,0.0,-0.1787,0.1818,0.1818,3,2,0.6667,0.33,0.5,-0.67,-0.5,2.5,-0.7537,0.0,0.0,0.0,0,6.8,9.6,6.8,-2.8,1.6,0.0195,0.0,5.6,4.0,0.05,0.0,-0.05
00-0033526,Samaje Perine,RB,WAS,2018,4,3,0.0,2.0,1.0,0.0242,-0.0074,0.0312,0,,,,,,,,,,,8,4.0,0.0,0.0403,0.25,0.125,4,3,0.75,1.25,1.67,-2.25,-0.556,3.0,-1.0853,0.0,0.0,0.0,0,6.7,9.9,6.7,-3.2,2.49,0.0362,0.0,3.9,6.0,0.09,0.0,-0.09
00-0032404,Tyler Ervin,RB,HOU,2018,3,3,0.0,0.0,1.0,0.0404,0.0352,0.0852,0,,,,,,,,,,,0,,,,,,3,3,1.0,11.67,11.67,7.67,1.522,4.0,0.9108,0.0,0.3333,0.3333,0,6.5,4.5,6.5,2.0,1.51,0.0214,0.0,0.0,4.5,0.0,0.0,0.0
00-0034621,Shaun Wilson,RB,TB,2018,5,5,0.0,1.2,1.0,0.0226,0.0106,0.0414,0,,,,,,,,,,,6,4.83,0.0,-0.0468,0.0,0.0,5,3,0.6,1.0,1.67,4.8,0.208,1.67,-1.6391,0.0,0.0,0.0,0,6.4,11.8,6.4,-5.4,2.36,0.027,0.0,2.9,8.8,0.4,0.0,-0.4
00-0032104,Ameer Abdullah,RB,MIN,2018,4,4,0.0,0.25,1.0,0.0301,0.0116,0.0532,0,,,,,,,,,,,1,1.0,0.0,-0.4379,0.0,0.0,4,3,0.75,7.0,9.33,4.25,1.647,9.33,0.4168,0.0,0.25,0.0,0,5.9,7.0,5.9,-1.1,1.74,0.023,0.0,0.6,6.4,0.11,0.0,-0.11
00-0032393,C.J. Prosise,RB,SEA,2018,2,2,0.0,0.5,1.5,0.0455,0.0087,0.0742,0,,,,,,,,,,,1,-3.0,0.0,-1.2848,0.0,0.0,3,3,1.0,7.33,7.33,1.67,4.4,5.67,0.2477,0.0,0.0,0.0,0,4.9,4.7,4.9,0.2,2.34,0.0367,0.0,0.5,4.2,0.01,0.0,-0.01
00-0030433,Mike Gillislee,RB,NO,2018,4,4,0.0,4.0,0.25,0.0076,0.0,0.0114,0,,,,,,,,,,,16,2.69,0.0,-0.8861,0.125,0.0,1,1,1.0,9.0,9.0,0.0,,9.0,0.766,0.0,0.0,0.0,1,4.2,9.3,4.2,-5.1,2.33,0.0238,0.0,7.9,1.4,0.14,0.0,-0.14
00-0033374,Ricky Ortiz,RB,ATL,2018,3,2,0.0,0.0,1.33,0.0387,-0.0013,0.0572,0,,,,,,,,,,,0,,,,,,4,3,0.75,2.75,3.67,-0.25,-11.0,4.33,-0.3115,0.0,0.0,0.0,0,4.1,6.4,4.1,-2.3,2.15,0.0288,0.0,0.0,6.4,0.01,0.0,-0.01
00-0031301,Jeremy Hill,RB,NE,2018,1,1,0.0,4.0,1.0,0.0256,0.0031,0.0406,0,,,,,,,,,,,4,6.25,0.0,0.0036,0.25,0.25,1,1,1.0,6.0,6.0,1.0,6.0,5.0,0.279,0.0,0.0,0.0,0,4.1,3.6,4.1,0.5,3.62,0.0415,0.0,2.2,1.4,0.02,0.0,-0.02
00-0034201,De'Lance Turner,RB,BAL,2018,2,2,0.0,0.5,1.0,0.0213,0.0033,0.0342,0,,,,,,,,,,,1,4.0,0.0,-0.0617,0.0,0.0,2,2,1.0,8.5,8.5,1.5,5.667,7.0,0.411,0.0,0.0,0.0,0,4.1,3.4,4.1,0.7,1.69,0.016,0.0,0.4,3.0,0.02,0.0,-0.02
00-0029795,Benny Cunningham,RB,CHI,2018,5,3,0.0,2.2,0.4,0.0114,-0.0083,0.0113,0,,,,,,,,,,,11,1.82,0.0,-0.7107,0.0,0.0,2,1,0.5,4.5,9.0,-7.0,-0.643,13.0,-0.8353,0.0,0.5,0.0,0,3.9,7.0,3.9,-3.1,1.4,0.0196,0.0,4.8,2.2,0.09,0.0,-0.09
00-0034427,Dave Williams,RB,JAX,2018,3,1,0.0,2.67,0.0,0.0,0.0,0.0,0,,,,,,,,,,,8,4.5,0.0,-0.0643,0.375,0.25,0,0,,,,,,,,,,,0,3.6,3.9,3.6,-0.3,1.31,0.025,0.0,3.9,0.0,0.04,0.0,-0.04
00-0026213,Jamaal Charles,RB,JAX,2018,2,2,0.0,3.0,1.5,0.051,0.0086,0.0825,0,,,,,,,,,,,6,1.17,0.0,-0.528,0.0,0.0,3,2,0.6667,2.33,3.5,1.33,1.75,2.5,-0.3402,0.0,0.0,0.0,0,3.4,7.2,3.4,-3.8,3.6,0.0623,0.0,3.1,4.1,0.03,0.0,-0.03
00-0029492,Jamize Olawale,RB,DAL,2018,4,2,0.0,0.0,1.0,0.0301,0.001,0.0458,0,,,,,,,,,,,0,,,,,,4,2,0.5,3.25,6.5,0.25,13.0,6.5,-0.5356,0.0,0.25,0.0,0,3.3,9.0,3.3,-5.7,2.25,0.0303,0.0,0.0,9.0,0.7,0.0,-0.7
00-0029205,Travaris Cadet,RB,CAR,2018,1,0,0.0,11.0,1.0,0.0333,0.0044,0.0531,0,,,,,,,,,,,11,1.55,0.0,-0.7088,0.0,0.0,1,1,1.0,5.0,5.0,1.0,5.0,4.0,-0.7194,0.0,0.0,0.0,0,3.2,6.3,3.2,-3.1,6.34,0.0873,0.0,5.0,1.3,0.16,0.0,-0.16
00-0031569,Jeremy Langford,RB,ATL,2018,1,0,0.0,9.0,0.0,0.0,0.0,0.0,0,,,,,,,,,,,9,2.78,0.0,-0.3066,0.1111,0.0,0,0,,,,,,,,,,,0,2.5,5.1,2.5,-2.6,5.13,0.0521,0.0,5.1,0.0,0.19,0.0,-0.19
00-0033760,Justin Davis,RB,LA,2018,2,1,0.0,1.0,0.0,0.0,0.0,0.0,0,,,,,,,,,,,2,9.5,0.0,-0.2257,0.5,0.5,0,0,,,,,,,,,,,0,1.9,1.2,1.9,0.7,0.59,0.0064,0.0,1.2,0.0,0.02,0.0,-0.02
00-0026153,Jonathan Stewart,RB,NYG,2018,3,3,0.0,2.0,0.0,0.0,0.0,0.0,0,,,,,,,,,,,6,2.83,0.0,-0.3151,0.0,0.0,0,0,,,,,,,,,,,0,1.7,2.7,1.7,-1.0,0.91,0.013,0.0,2.7,0.0,0.01,0.0,-0.01
00-0033049,Darius Jackson,RB,DAL,2018,1,0,0.0,6.0,1.0,0.0233,-0.0023,0.0333,0,,,,,,,,,,,6,2.67,0.0,-0.239,0.0,0.0,1,0,0.0,0.0,,-1.0,-0.0,,-0.5144,0.0,0.0,0.0,0,1.6,4.5,1.6,-2.9,4.47,0.0596,0.0,3.0,1.5,0.13,0.0,-0.13
00-0030711,David Fluellen,RB,TEN,2018,2,2,0.0,2.0,0.0,0.0,0.0,0.0,0,,,,,,,,,,,4,4.0,0.0,-0.131,0.25,0.25,0,0,,,,,,,,,,,0,1.6,1.8,1.6,-0.2,0.9,0.0112,0.0,1.8,0.0,0.01,0.0,-0.01
00-0032593,Brandon Wilds,RB,JAX,2018,3,3,0.0,2.0,0.0,0.0,0.0,0.0,0,,,,,,,,,,,6,2.5,0.0,-0.3121,0.0,0.0,0,0,,,,,,,,,,,0,1.5,2.6,1.5,-1.1,0.88,0.0099,0.0,2.6,0.0,0.05,0.0,-0.05
00-0032794,Danny Vitale,RB,GB,2018,1,0,0.0,0.0,2.0,0.0377,0.0078,0.0621,0,,,,,,,,,,,0,,,,,,2,1,0.5,1.0,2.0,1.5,0.667,0.0,-0.3457,0.0,0.5,0.0,0,1.2,3.9,1.2,-2.7,3.89,0.0348,0.0,0.0,3.9,0.4,0.0,-0.4
00-0032975,Jonathan Williams,RB,NO,2018,3,3,0.0,1.0,0.33,0.0068,0.0012,0.0111,0,,,,,,,,,,,3,0.0,0.0,-0.6241,0.0,0.0,1,1,1.0,1.0,1.0,1.0,1.0,0.0,-0.5937,0.0,0.0,0.0,0,1.1,3.1,1.1,-2.0,1.02,0.01,0.0,1.5,1.6,0.04,0.0,-0.04
00-0030432,Christine Michael,RB,IND,2018,1,1,0.0,2.0,0.0,0.0,0.0,0.0,0,,,,,,,,,,,2,4.5,0.0,-0.3082,0.0,0.0,0,0,,,,,,,,,,,0,0.9,1.0,0.9,-0.1,0.97,0.0094,0.0,1.0,0.0,0.01,0.0,-0.01
00-0032602,J.D. McKissic,RB,SEA,2018,3,1,0.0,1.0,0.33,0.0196,0.0159,0.0405,0,,,,,,,,,,,3,2.67,0.0,-0.0851,0.0,0.0,1,0,0.0,0.0,,7.0,0.0,,-0.5455,0.0,0.0,0.0,0,0.8,3.6,0.8,-2.8,1.2,0.0154,0.0,2.1,1.5,0.22,0.0,-0.22
00-0032371,Rob Kelley,RB,WAS,2018,2,2,0.0,2.0,0.0,0.0,0.0,0.0,0,,,,,,,,,,,4,2.0,0.0,-0.2275,0.25,0.0,0,0,,,,,,,,,,,0,0.8,1.7,0.8,-0.9,0.87,0.0112,0.0,1.7,0.0,0.02,0.0,-0.02
00-0033955,Jeremy McNichols,RB,IND,2018,1,1,0.0,2.0,0.0,0.0,0.0,0.0,0,,,,,,,,,,,2,2.0,0.0,-0.5477,0.5,0.0,0,0,,,,,,,,,,,0,0.4,1.1,0.4,-0.7,1.07,0.0095,0.0,1.1,0.0,0.06,0.0,-0.06
00-0029273,Robert Turbin,RB,IND,2018,2,2,0.0,2.0,1.0,0.0204,-0.0064,0.0261,0,,,,,,,,,,,4,2.5,0.0,-1.3018,0.0,0.0,2,1,0.5,1.5,3.0,-3.0,-0.5,3.0,-0.4647,0.0,0.0,0.0,1,0.3,4.6,0.3,-4.3,2.29,0.0227,0.0,1.8,2.8,0.04,0.0,-0.04
00-0028063,Taiwan Jones,RB,BUF,2018,2,2,0.0,0.0,1.0,0.0402,0.0489,0.0944,0,,,,,,,,,,,0,,,,,,2,0,0.0,0.0,,15.0,0.0,,-0.9303,0.0,0.0,0.0,0,0.0,2.4,0.0,-2.4,1.2,0.0222,0.0,0.0,2.4,0.03,0.0,-0.03
00-0033581,De'Angelo Henderson Sr.,RB,NYJ,2018,1,0,0.0,2.0,0.0,0.0,0.0,0.0,0,,,,,,,,,,,2,9.5,0.0,-0.7,0.0,0.5,0,0,,,,,,,,,,,1,-0.1,1.2,-0.1,-1.3,1.21,0.0207,0.0,1.2,0.0,0.04,0.0,-0.04
00-0030506,Travis Kelce,TE,KC,2018,16,13,0.0,0.0,9.38,0.2688,0.2668,0.59,0,,,,,,,,,,,0,,,,,,150,103,0.6867,8.91,12.97,9.17,0.972,5.51,0.4616,0.0667,0.4533,0.2333,1,294.6,289.2,294.6,5.4,18.08,0.2063,0.0,0.0,289.2,10.35,10.0,-0.35
00-0030061,Zach Ertz,TE,PHI,2018,16,13,0.0,0.0,9.75,0.2585,0.2555,0.5666,0,,,,,,,,,,,0,,,,,,156,116,0.7436,7.46,10.03,7.24,1.029,3.04,0.123,0.0513,0.4231,0.1346,0,280.3,267.9,278.3,10.4,16.75,0.2128,0.0,0.0,267.9,7.6,8.0,0.4
00-0033288,George Kittle,TE,SF,2018,16,13,0.0,0.06,8.5,0.2679,0.2567,0.5816,0,,,,,,,,,,,1,10.0,0.0,0.5363,1.0,1.0,136,88,0.6471,10.12,15.65,7.32,1.383,9.89,0.4805,0.0368,0.4412,0.2059,0,258.7,229.8,258.7,28.9,14.36,0.2029,0.0,0.7,229.1,5.57,5.0,-0.57
00-0031387,Eric Ebron,TE,IND,2018,16,13,0.06,0.19,6.88,0.168,0.2203,0.4062,1,0.0,0.0,0.0,0.0,0.0,-1.6242,-46.155,0.0,0.0,0.0,3,-2.67,0.3333,-1.1981,0.3333,0.0,110,66,0.6,6.82,11.36,9.44,0.723,3.79,0.3106,0.1182,0.3545,0.1182,1,222.2,213.2,222.2,9.0,13.32,0.1516,2.0,7.6,203.5,9.71,14.0,4.29
00-0027061,Jared Cook,TE,LV,2018,16,13,0.0,0.0,6.31,0.1837,0.2081,0.4213,0,,,,,,,,,,,0,,,,,,101,68,0.6733,8.87,13.18,8.32,1.067,5.04,0.2736,0.0594,0.4554,0.2178,0,193.6,178.6,193.6,15.0,11.16,0.1543,0.0,0.0,178.6,6.14,6.0,-0.14
00-0032392,Austin Hooper,TE,ATL,2018,16,13,0.0,0.0,5.5,0.1427,0.1123,0.2927,0,,,,,,,,,,,0,,,,,,88,71,0.8068,7.5,9.3,6.8,1.104,3.34,0.3458,0.0455,0.3409,0.125,0,163.0,164.2,163.0,-1.2,10.26,0.1214,0.0,0.0,164.2,5.53,4.0,-1.53
00-0027981,Kyle Rudolph,TE,MIN,2018,16,13,0.0,0.0,5.12,0.1427,0.1155,0.2948,0,,,,,,,,,,,0,,,,,,82,64,0.7805,7.73,9.91,6.35,1.217,3.89,0.2953,0.0488,0.3902,0.1585,0,151.4,147.2,151.4,4.2,9.2,0.1211,0.0,0.0,147.2,5.56,4.0,-1.56
00-0030710,Trey Burton,TE,CHI,2018,16,13,0.0,0.06,4.75,0.1515,0.1414,0.3262,0,,,,,,,,,,,1,2.0,0.0,0.0794,1.0,0.0,76,54,0.7105,7.49,10.54,8.2,0.913,3.52,0.1904,0.0789,0.3816,0.1579,1,147.1,142.8,147.1,4.3,8.93,0.1204,0.0,0.6,142.3,5.0,6.0,1.0
00-0033885,David Njoku,TE,CLE,2018,15,12,0.0,0.0,5.87,0.1646,0.1468,0.3497,0,,,,,,,,,,,0,,,,,,88,56,0.6364,7.26,11.41,8.66,0.839,5.46,0.0401,0.0455,0.3068,0.1591,0,143.9,152.3,143.9,-8.4,10.16,0.1314,0.0,0.0,152.3,3.71,4.0,0.29
00-0030470,Vance McDonald,TE,PIT,2018,15,12,0.0,0.0,4.8,0.1137,0.0777,0.225,0,,,,,,,,,,,0,,,,,,72,50,0.6944,8.47,12.2,5.28,1.605,7.74,0.383,0.0556,0.4583,0.125,1,133.0,126.3,133.0,6.7,8.42,0.0926,0.0,0.0,126.3,4.08,4.0,-0.08
00-0027656,Rob Gronkowski,TE,NE,2018,13,10,0.0,0.0,5.54,0.1605,0.2527,0.4176,0,,,,,,,,,,,0,,,,,,72,47,0.6528,9.47,14.51,12.4,0.764,3.87,0.43,0.0417,0.4722,0.2083,1,131.2,138.9,131.2,-7.7,10.68,0.1256,0.0,0.0,138.9,4.72,3.0,-1.72
00-0027696,Jimmy Graham,TE,GB,2018,16,13,0.0,0.0,5.56,0.1393,0.1557,0.318,0,,,,,,,,,,,0,,,,,,89,55,0.618,7.15,11.56,9.52,0.751,4.75,0.1572,0.0225,0.3596,0.1348,0,130.6,162.2,130.6,-31.6,10.14,0.1249,0.0,0.0,162.2,5.07,2.0,-3.07
00-0033881,Evan Engram,TE,NYG,2018,11,8,0.0,0.27,5.82,0.1611,0.1173,0.3238,0,,,,,,,,,,,3,12.0,0.0,1.3928,1.0,1.0,64,45,0.7031,9.02,12.82,5.3,1.702,8.62,0.3213,0.0469,0.3438,0.1719,0,126.3,105.2,126.3,21.0,9.57,0.1285,0.0,3.0,102.2,2.77,3.0,0.23
00-0033879,O.J. Howard,TE,TB,2018,10,10,0.0,0.0,4.8,0.1146,0.1301,0.263,0,,,,,,,,,,,0,,,,,,48,34,0.7083,11.77,16.62,11.81,0.996,6.15,0.5326,0.1042,0.5833,0.3542,0,120.5,97.8,120.5,22.7,9.78,0.1062,0.0,0.0,97.8,3.04,5.0,1.96
00-0030472,Jordan Reed,TE,WAS,2018,13,13,0.0,0.0,6.46,0.2083,0.1721,0.4329,0,,,,,,,,,,,0,,,,,,84,54,0.6429,6.64,10.33,6.85,0.97,4.28,-0.0143,0.0238,0.3095,0.131,1,119.8,133.4,119.8,-13.6,10.26,0.1455,0.0,0.0,133.4,2.42,2.0,-0.42
00-0034766,Chris Herndon,TE,NYJ,2018,14,11,0.0,0.0,4.0,0.1173,0.1387,0.2731,0,,,,,,,,,,,0,,,,,,56,39,0.6964,8.96,12.87,10.64,0.842,4.54,0.249,0.0714,0.4464,0.2679,0,113.2,93.9,113.2,19.3,6.71,0.1009,0.0,0.0,93.9,2.74,4.0,1.26
00-0034753,Mark Andrews,TE,BAL,2018,16,13,0.0,0.0,3.12,0.0981,0.133,0.2402,0,,,,,,,,,,,0,,,,,,50,34,0.68,11.04,16.24,10.62,1.04,5.68,0.7752,0.06,0.56,0.24,0,107.2,88.3,107.2,18.9,5.52,0.0679,0.0,0.0,88.3,2.48,3.0,0.52
00-0032134,C.J. Uzomah,TE,CIN,2018,16,13,0.0,0.0,4.0,0.1225,0.1062,0.258,0,,,,,,,,,,,0,,,,,,64,43,0.6719,6.86,10.21,7.38,0.93,4.53,0.2643,0.0469,0.3281,0.1406,0,104.9,105.6,104.9,-0.7,6.6,0.0913,0.0,0.0,105.6,2.67,3.0,0.33
00-0031273,Cameron Brate,TE,TB,2018,15,12,0.0,0.0,3.27,0.0873,0.0704,0.1802,0,,,,,,,,,,,0,,,,,,49,30,0.6122,5.9,9.63,8.27,0.714,1.7,0.1006,0.1224,0.3673,0.102,1,92.9,96.4,92.9,-3.5,6.42,0.0721,0.0,0.0,96.4,4.66,6.0,1.34
00-0034351,Dallas Goedert,TE,PHI,2018,14,11,0.0,0.0,3.14,0.0898,0.0855,0.1945,0,,,,,,,,,,,0,,,,,,44,33,0.75,7.59,10.12,7.45,1.018,5.15,0.2732,0.0909,0.3409,0.1818,0,90.4,80.0,90.4,10.4,5.71,0.074,0.0,0.0,80.0,3.15,4.0,0.85
00-0022943,Benjamin Watson,TE,NO,2018,13,10,0.0,0.0,3.54,0.1096,0.1472,0.2675,0,,,,,,,,,,,0,,,,,,46,35,0.7609,8.7,11.43,10.22,0.851,2.49,0.4486,0.0435,0.4565,0.1957,0,87.0,100.7,87.0,-13.7,7.75,0.089,0.0,0.0,100.7,5.08,2.0,-3.08
00-0033895,Gerald Everett,TE,LA,2018,15,12,0.0,0.13,3.33,0.0975,0.0681,0.194,0,,,,,,,,,,,2,8.0,0.0,0.3953,0.5,0.5,50,33,0.66,6.4,9.7,6.08,1.053,4.36,0.2391,0.06,0.34,0.1,0,86.6,93.6,86.6,-7.0,6.24,0.0691,0.0,1.4,92.2,3.54,3.0,-0.54
00-0032135,Jesse James,TE,PIT,2018,14,12,0.0,0.0,2.79,0.0653,0.0621,0.1414,0,,,,,,,,,,,0,,,,,,39,30,0.7692,10.85,14.1,7.69,1.41,6.17,0.5759,0.0513,0.4359,0.2051,0,84.3,70.0,84.3,14.3,5.0,0.0522,0.0,0.0,70.0,1.56,2.0,0.44
00-0034365,Ian Thomas,TE,CAR,2018,10,7,0.0,0.0,4.9,0.1415,0.0996,0.2819,0,,,,,,,,,,,0,,,,,,49,36,0.7347,6.8,9.25,6.18,1.099,4.39,-0.0208,0.0408,0.4082,0.1224,0,81.3,84.4,81.3,-3.1,8.44,0.1098,0.0,0.0,84.4,2.4,2.0,-0.4
00-0025418,Greg Olsen,TE,CAR,2018,9,9,0.0,0.0,4.22,0.14,0.1869,0.3409,0,,,,,,,,,,,0,,,,,,38,27,0.7105,7.66,10.78,8.87,0.864,3.11,0.5738,0.1053,0.4737,0.1579,0,80.1,74.3,80.1,5.8,8.26,0.1112,0.0,0.0,74.3,2.83,4.0,1.17
00-0024221,Vernon Davis,TE,WAS,2018,13,12,0.0,0.0,2.77,0.0871,0.1152,0.2113,0,,,,,,,,,,,0,,,,,,36,25,0.6944,10.19,14.68,11.56,0.882,6.72,0.5273,0.0556,0.4444,0.25,0,75.7,58.8,75.7,16.9,4.52,0.065,0.0,0.0,58.8,0.92,2.0,1.08
00-0033658,Blake Jarwin,TE,DAL,2018,12,9,0.0,0.0,3.0,0.0825,0.0898,0.1866,0,,,,,,,,,,,0,,,,,,36,27,0.75,8.53,11.37,8.25,1.034,4.07,0.481,0.0833,0.4444,0.1667,0,75.7,56.1,75.7,19.6,4.68,0.066,0.0,0.0,56.1,1.0,3.0,2.0
00-0021547,Antonio Gates,TE,LAC,2018,15,12,0.0,0.0,3.0,0.0922,0.0931,0.2035,0,,,,,,,,,,,0,,,,,,45,28,0.6222,7.4,11.89,7.91,0.935,4.5,0.1288,0.0444,0.4222,0.1778,1,75.3,88.8,75.3,-13.5,5.92,0.0774,0.0,0.0,88.8,4.12,2.0,-2.12
00-0033611,Ricky Seals-Jones,TE,ARI,2018,15,13,0.0,0.0,4.6,0.1561,0.1876,0.3655,0,,,,,,,,,,,0,,,,,,69,34,0.4928,4.97,10.09,9.86,0.504,2.85,-0.3824,0.0145,0.2029,0.087,0,74.3,103.6,74.3,-29.3,6.91,0.1148,0.0,0.0,103.6,2.14,1.0,-1.14
00-0032394,Nick Vannett,TE,SEA,2018,15,12,0.0,0.0,2.87,0.1136,0.0746,0.2226,0,,,,,,,,,,,0,,,,,,43,29,0.6744,6.26,9.28,6.21,1.007,4.76,0.2458,0.0698,0.3953,0.0698,0,73.9,73.0,73.9,0.9,4.87,0.0726,0.0,0.0,73.0,2.38,3.0,0.62
00-0032227,Jeff Heuerman,TE,DEN,2018,10,10,0.0,0.0,4.8,0.136,0.0872,0.265,0,,,,,,,,,,,0,,,,,,48,31,0.6458,5.85,9.06,4.96,1.181,4.84,-0.0988,0.0417,0.2917,0.0417,0,71.1,83.9,71.1,-12.8,8.39,0.1107,0.0,0.0,83.9,3.76,2.0,-1.76
00-0033110,Tyler Higbee,TE,LA,2018,14,11,0.0,0.0,2.43,0.0683,0.0558,0.1414,0,,,,,,,,,,,0,,,,,,34,24,0.7059,8.59,12.17,6.74,1.275,5.71,0.5522,0.0588,0.4706,0.2059,0,65.2,66.1,65.2,-0.9,4.72,0.052,0.0,0.0,66.1,2.24,2.0,-0.24
00-0033858,Jonnu Smith,TE,TEN,2018,11,11,0.0,0.0,2.73,0.0982,0.067,0.1942,0,,,,,,,,,,,0,,,,,,30,20,0.6667,8.6,12.9,5.17,1.665,9.0,0.2141,0.1,0.3333,0.1333,0,63.8,52.8,63.8,11.0,4.8,0.073,0.0,0.0,52.8,1.78,3.0,1.22
00-0031299,Jordan Matthews,TE,PHI,2018,11,10,0.0,0.0,2.55,0.0697,0.0883,0.1664,0,,,,,,,,,,,0,,,,,,28,20,0.7143,10.71,15.0,10.18,1.053,4.15,0.6326,0.0714,0.5,0.2143,0,62.0,48.9,62.0,13.1,4.44,0.0569,0.0,0.0,48.9,1.49,2.0,0.51
00-0030181,Jack Doyle,TE,IND,2018,6,6,0.0,0.0,5.5,0.1522,0.1303,0.3195,0,,,,,,,,,,,0,,,,,,33,26,0.7879,7.42,9.42,5.42,1.369,4.15,0.0232,0.0606,0.4242,0.0909,1,60.5,63.0,60.5,-2.5,10.49,0.1234,0.0,0.0,63.0,2.26,2.0,-0.26
00-0029587,Rhett Ellison,TE,NYG,2018,13,11,0.0,0.0,2.62,0.0742,0.0601,0.1533,0,,,,,,,,,,,0,,,,,,34,25,0.7353,8.0,10.88,6.32,1.265,5.2,0.398,0.0294,0.3824,0.2059,0,60.2,57.4,60.2,2.8,4.41,0.0593,0.0,0.0,57.4,0.97,1.0,0.03
00-0032141,Geoff Swaim,TE,DAL,2018,8,8,0.0,0.0,4.0,0.1304,0.0767,0.2493,0,,,,,,,,,,,0,,,,,,32,26,0.8125,7.56,9.31,4.34,1.741,6.31,0.1782,0.0312,0.3438,0.125,0,56.2,48.9,56.2,7.3,6.11,0.0892,0.0,0.0,48.9,0.98,1.0,0.02
00-0031744,Matt LaCosse,TE,DEN,2018,13,11,0.0,0.0,2.85,0.0783,0.0484,0.1513,0,,,,,,,,,,,0,,,,,,37,24,0.6486,6.76,10.42,5.46,1.238,5.96,0.2214,0.027,0.2973,0.0811,0,55.0,62.2,53.0,-9.2,4.79,0.0641,0.0,0.0,62.2,1.83,1.0,-0.83
00-0030108,Ryan Griffin,TE,HOU,2018,13,10,0.0,0.0,3.31,0.1004,0.0861,0.2109,0,,,,,,,,,,,0,,,,,,43,24,0.5581,7.09,12.71,7.47,0.95,6.25,0.0152,0.0,0.3488,0.093,0,54.5,76.1,54.5,-21.6,5.85,0.0749,0.0,0.0,76.1,3.43,0.0,-3.43
00-0030443,Levine Toilolo,TE,DET,2018,11,8,0.0,0.0,2.18,0.0696,0.0712,0.1542,0,,,,,,,,,,,0,,,,,,24,21,0.875,10.96,12.52,7.5,1.461,5.24,0.8256,0.0417,0.6667,0.3333,0,53.3,40.0,53.3,13.3,3.64,0.0504,0.0,0.0,40.0,0.71,1.0,0.29
00-0033627,Jason Croom,TE,BUF,2018,12,9,0.0,0.0,2.92,0.0981,0.0747,0.1994,0,,,,,,,,,,,0,,,,,,35,22,0.6286,7.4,11.77,7.63,0.97,6.23,-0.5251,0.0286,0.2857,0.1714,2,49.9,49.8,49.9,0.1,4.15,0.0654,0.0,0.0,49.8,0.62,1.0,0.38
00-0033455,Anthony Firkser,TE,TEN,2018,8,6,0.0,0.0,2.5,0.1053,0.0908,0.2216,0,,,,,,,,,,,0,,,,,,20,19,0.95,11.25,11.84,6.65,1.692,5.11,0.922,0.05,0.6,0.25,0,47.5,31.1,47.5,16.4,3.89,0.0658,0.0,0.0,31.1,0.46,1.0,0.54
00-0030155,Demetrius Harris,TE,KC,2018,10,8,0.0,0.0,2.5,0.0643,0.0524,0.1332,0,,,,,,,,,,,0,,,,,,25,12,0.48,6.56,13.67,7.72,0.85,6.25,0.0343,0.12,0.36,0.16,0,46.4,49.0,46.4,-2.6,4.9,0.0511,0.0,0.0,49.0,2.32,3.0,0.68
00-0028142,Virgil Green,TE,LAC,2018,13,10,0.0,0.0,2.08,0.0652,0.0515,0.1339,0,,,,,,,,,,,0,,,,,,27,19,0.7037,7.78,11.05,5.41,1.438,5.37,0.3824,0.037,0.3704,0.1852,0,46.0,48.7,46.0,-2.7,3.74,0.0513,0.0,0.0,48.7,1.35,1.0,-0.35
00-0031951,James O'Shaughnessy,TE,JAX,2018,13,11,0.0,0.0,2.92,0.0924,0.0712,0.1885,0,,,,,,,,,,,0,,,,,,38,24,0.6316,5.63,8.92,6.0,0.939,5.08,-0.1067,0.0,0.2632,0.1053,0,45.4,58.2,45.4,-12.8,4.48,0.0665,0.0,0.0,58.2,1.12,0.0,-1.12
00-0027675,Ed Dickson,TE,SEA,2018,9,6,0.0,0.11,1.44,0.0599,0.0355,0.1147,0,,,,,,,,,,,1,9.0,0.0,1.9175,1.0,0.0,13,12,0.9231,11.0,11.92,5.46,2.014,6.5,1.1117,0.2308,0.5385,0.2308,0,45.2,27.7,45.2,17.5,3.07,0.0432,0.0,0.8,26.8,1.64,3.0,1.36
00-0031598,Nick Boyle,TE,BAL,2018,12,11,0.0,0.0,3.08,0.0942,0.0315,0.1634,0,,,,,,,,,,,0,,,,,,37,23,0.6216,5.76,9.26,3.24,1.775,6.09,-0.1257,0.0,0.2703,0.1351,0,44.3,66.3,44.3,-22.0,5.53,0.0657,0.0,0.0,66.3,2.67,0.0,-2.67
00-0028042,Luke Stocker,TE,TEN,2018,12,9,0.0,0.08,1.75,0.0684,0.0772,0.1566,0,,,,,,,,,,,1,0.0,0.0,-4.0255,0.0,0.0,21,15,0.7143,7.86,11.0,7.76,1.012,4.27,0.6078,0.0952,0.4762,0.0952,0,43.5,39.0,43.5,4.5,3.25,0.0516,0.0,1.5,37.5,1.25,2.0,0.75
00-0027985,Lance Kendricks,TE,GB,2018,13,10,0.0,0.0,1.92,0.0513,0.0328,0.0998,0,,,,,,,,,,,0,,,,,,25,19,0.76,6.8,8.95,5.64,1.206,5.89,0.2967,0.04,0.36,0.16,0,42.0,40.4,42.0,1.6,3.11,0.0377,0.0,0.0,40.4,0.95,1.0,0.05
00-0029738,Darren Fells,TE,CLE,2018,8,6,0.0,0.0,1.5,0.0424,0.0222,0.0792,0,,,,,,,,,,,0,,,,,,12,11,0.9167,9.75,10.64,4.75,2.053,6.0,0.9436,0.25,0.5,0.0833,0,40.7,24.8,40.7,15.9,3.1,0.0393,0.0,0.0,24.8,1.22,3.0,1.78
00-0030216,Josh Hill,TE,NO,2018,11,8,0.0,0.0,2.18,0.0648,0.0222,0.1127,0,,,,,,,,,,,0,,,,,,24,16,0.6667,7.71,11.56,3.04,2.534,10.62,0.2467,0.0417,0.4583,0.25,0,40.5,43.6,40.5,-3.1,3.97,0.0439,0.0,0.0,43.6,1.11,1.0,-0.11
00-0034829,Mike Gesicki,TE,MIA,2018,14,11,0.0,0.0,2.29,0.0816,0.0845,0.1815,0,,,,,,,,,,,0,,,,,,32,22,0.6875,6.31,9.18,8.59,0.735,4.36,-0.2437,0.0,0.2812,0.1562,1,40.2,54.3,40.2,-14.1,3.88,0.0663,0.0,0.0,54.3,1.67,0.0,-1.67
00-0034364,Jordan Akins,TE,HOU,2018,13,11,0.0,0.0,1.92,0.0605,0.0481,0.1244,0,,,,,,,,,,,0,,,,,,25,17,0.68,9.0,13.24,6.88,1.308,7.24,0.4879,0.0,0.44,0.16,0,39.5,40.2,39.5,-0.7,3.09,0.0394,0.0,0.0,40.2,0.74,0.0,-0.74
00-0030549,Tyler Eifert,TE,CIN,2018,4,4,0.0,0.0,4.75,0.12,0.1437,0.2806,0,,,,,,,,,,,0,,,,,,19,15,0.7895,9.42,11.93,9.21,1.023,3.6,0.5152,0.0526,0.5263,0.1579,0,38.9,34.6,38.9,4.3,8.66,0.1029,0.0,0.0,34.6,0.89,1.0,0.11
00-0028112,Charles Clay,TE,BUF,2018,11,10,0.0,0.0,3.27,0.1073,0.0834,0.2193,0,,,,,,,,,,,0,,,,,,36,21,0.5833,5.11,8.76,8.06,0.634,3.38,-0.4256,0.0,0.3056,0.0833,1,37.4,53.9,37.4,-16.5,4.9,0.0783,0.0,0.0,53.9,0.91,0.0,-0.91
00-0031558,Maxx Williams,TE,BAL,2018,9,7,0.0,0.33,1.89,0.0509,0.0149,0.0867,0,,,,,,,,,,,3,2.67,0.0,0.318,0.6667,0.0,17,16,0.9412,8.41,8.94,2.71,3.109,6.06,0.689,0.0588,0.4118,0.2353,0,37.1,33.0,37.1,4.1,3.67,0.0418,0.0,3.4,29.6,1.57,1.0,-0.57
00-0033559,Michael Roberts,TE,DET,2018,7,7,0.0,0.0,2.86,0.0891,0.1021,0.2051,0,,,,,,,,,,,0,,,,,,20,9,0.45,5.0,11.11,6.45,0.775,2.56,-0.4873,0.15,0.25,0.05,0,37.0,40.6,37.0,-3.6,5.79,0.0787,0.0,0.0,40.6,2.95,3.0,0.05
00-0034159,Will Dissly,TE,SEA,2018,4,4,0.0,0.0,3.5,0.1158,0.1147,0.2539,0,,,,,,,,,,,0,,,,,,14,8,0.5714,11.14,19.5,10.07,1.106,11.62,0.5857,0.1429,0.3571,0.2143,0,35.6,25.9,35.6,9.7,6.47,0.1042,0.0,0.0,25.9,1.07,2.0,0.93
00-0034830,Hayden Hurst,TE,BAL,2018,9,6,0.0,0.11,2.56,0.0903,0.0748,0.1878,0,,,,,,,,,,,1,0.0,0.0,-0.5896,0.0,0.0,23,13,0.5652,7.09,12.54,7.17,0.988,5.69,0.1687,0.0435,0.3478,0.1739,0,35.3,37.8,35.3,-2.5,4.2,0.0528,0.0,0.8,37.0,0.64,1.0,0.36
00-0028097,Lee Smith,TE,LV,2018,6,5,0.0,0.0,1.83,0.0487,0.0106,0.0804,0,,,,,,,,,,,0,,,,,,11,10,0.9091,6.64,7.3,1.82,3.65,5.5,0.8214,0.2727,0.4545,0.0909,0,35.3,25.0,35.3,10.3,4.17,0.0511,0.0,0.0,25.0,2.06,3.0,0.94
00-0030854,Erik Swoope,TE,IND,2018,7,7,0.0,0.0,1.43,0.0329,0.0486,0.0834,0,,,,,,,,,,,0,,,,,,10,8,0.8,8.7,10.88,9.4,0.926,2.12,0.6382,0.3,0.5,0.2,0,34.7,22.2,34.7,12.5,3.17,0.0352,0.0,0.0,22.2,1.66,3.0,1.34
00-0033357,Taysom Hill,TE,NO,2018,13,10,0.54,2.85,0.54,0.019,0.0113,0.0364,7,0.4286,9.14,0.0,0.1429,0.125,-0.0547,-8.812,0.508,0.4286,0.1429,37,5.3,0.0541,0.2251,0.4054,0.1081,7,3,0.4286,0.57,1.33,5.14,0.111,1.67,-0.7663,0.0,0.0,0.0,1,33.6,64.7,33.6,-31.1,4.98,0.0576,8.0,43.5,13.3,6.13,2.0,-4.13
00-0034011,Dan Arnold,TE,NO,2018,7,6,0.0,0.0,2.71,0.1016,0.1312,0.2443,0,,,,,,,,,,,0,,,,,,19,12,0.6316,7.89,12.5,10.79,0.732,2.5,-0.0328,0.0526,0.4737,0.2105,0,33.0,38.4,33.0,-5.4,5.49,0.0649,0.0,0.0,38.4,1.42,1.0,-0.42
00-0033217,Mo Alie-Cox,TE,IND,2018,8,6,0.0,0.0,1.62,0.0471,0.0686,0.1186,0,,,,,,,,,,,0,,,,,,13,7,0.5385,10.23,19.0,11.69,0.875,7.14,0.2177,0.1538,0.4615,0.3846,0,32.3,30.2,32.3,2.1,3.77,0.0422,0.0,0.0,30.2,1.87,2.0,0.13
00-0033953,Jordan Leggett,TE,NYJ,2018,13,10,0.0,0.0,1.92,0.0612,0.0425,0.1215,0,,,,,,,,,,,0,,,,,,25,14,0.56,4.56,8.14,6.44,0.708,3.5,0.1454,0.04,0.24,0.04,0,31.4,39.1,31.4,-7.7,3.01,0.0463,0.0,0.0,39.1,1.01,1.0,-0.01
00-0028903,Garrett Celek,TE,SF,2018,6,5,0.0,0.0,1.33,0.0464,0.0683,0.1174,0,,,,,,,,,,,0,,,,,,8,5,0.625,11.25,18.0,11.25,1.0,8.6,-0.3941,0.25,0.625,0.25,0,26.0,17.5,26.0,8.5,2.92,0.0449,0.0,0.0,17.5,0.74,2.0,1.26
00-0031418,Austin Seferian-Jenkins,TE,JAX,2018,5,5,0.0,0.0,3.8,0.1022,0.0989,0.2226,0,,,,,,,,,,,0,,,,,,19,11,0.5789,4.74,8.18,5.32,0.891,2.73,-0.0957,0.0526,0.3158,0.0526,0,26.0,32.1,26.0,-6.1,6.43,0.0773,0.0,0.0,32.1,1.08,1.0,-0.08
00-0031585,MyCole Pruitt,TE,TEN,2018,7,4,0.0,0.0,1.57,0.0642,0.0817,0.1535,0,,,,,,,,,,,0,,,,,,11,9,0.8182,9.27,11.33,9.64,0.962,3.11,0.4486,0.0909,0.5455,0.2727,0,25.2,22.2,25.2,2.9,3.18,0.051,0.0,0.0,22.2,1.23,1.0,-0.23
00-0027215,Logan Paulsen,TE,ATL,2018,7,6,0.0,0.0,1.29,0.0334,0.0134,0.0595,0,,,,,,,,,,,0,,,,,,9,9,1.0,10.11,10.11,3.67,2.758,6.44,0.8479,0.1111,0.6667,0.2222,0,24.1,18.1,24.1,6.0,2.58,0.0281,0.0,0.0,18.1,0.9,1.0,0.1
00-0034383,Dalton Schultz,TE,DAL,2018,7,5,0.0,0.0,2.43,0.0652,0.0324,0.1206,0,,,,,,,,,,,0,,,,,,17,12,0.7059,6.82,9.67,4.12,1.657,5.5,0.2198,0.0,0.3529,0.2353,0,23.6,28.4,23.6,-4.8,4.05,0.0517,0.0,0.0,28.4,0.78,0.0,-0.78
00-0031167,Scott Simonson,TE,NYG,2018,7,5,0.0,0.0,2.0,0.0546,0.0342,0.1058,0,,,,,,,,,,,0,,,,,,14,9,0.6429,6.14,9.56,4.71,1.303,3.44,-0.7054,0.0714,0.4286,0.0714,0,23.6,32.8,23.6,-9.2,4.68,0.0567,0.0,0.0,32.8,2.33,1.0,-1.33
00-0032117,Nick O'Leary,TE,MIA,2018,5,4,0.0,0.0,2.0,0.0626,0.0274,0.113,0,,,,,,,,,,,0,,,,,,10,8,0.8,8.6,10.75,3.9,2.205,8.12,0.7403,0.1,0.6,0.1,0,22.6,18.3,22.6,4.3,3.66,0.057,0.0,0.0,18.3,0.75,1.0,0.25
00-0030089,Luke Willson,TE,DET,2018,10,10,0.0,0.0,1.9,0.0562,0.0292,0.1047,0,,,,,,,,,,,0,,,,,,19,13,0.6842,4.58,6.69,3.74,1.225,4.46,-0.4153,0.0,0.2632,0.0,0,21.7,27.5,21.7,-5.8,2.75,0.0359,0.0,0.0,27.5,0.06,0.0,-0.06
00-0031260,Logan Thomas,TE,BUF,2018,8,7,0.12,0.0,2.12,0.0597,0.0496,0.1243,1,1.0,15.0,0.0,0.0,0.0,3.8066,37.8,1.875,1.0,0.0,0,,,,,,17,12,0.7059,4.53,6.42,7.94,0.57,2.83,0.1189,0.0,0.1765,0.0588,0,20.3,24.4,20.3,-4.1,3.05,0.0449,0.2,0.0,24.1,0.41,0.0,-0.41
00-0029119,Derek Carrier,TE,LV,2018,6,6,0.0,0.0,2.0,0.0643,0.0993,0.166,0,,,,,,,,,,,0,,,,,,12,7,0.5833,5.58,9.57,8.75,0.638,2.29,-0.1491,0.0833,0.25,0.0833,0,19.7,23.8,19.7,-4.1,3.96,0.0563,0.0,0.0,23.8,1.14,1.0,-0.14
00-0028093,Niles Paul,TE,JAX,2018,5,5,0.0,0.2,2.6,0.0506,0.0544,0.114,0,,,,,,,,,,,1,-3.0,0.0,-1.3605,0.0,0.0,13,10,0.7692,7.54,9.8,8.23,0.916,3.2,0.146,0.0,0.3846,0.1538,0,19.5,22.1,19.5,-2.6,4.41,0.0546,0.0,0.7,21.3,0.48,0.0,-0.48
00-0033080,Seth DeValve,TE,CLE,2018,5,4,0.0,0.0,1.4,0.0368,0.0498,0.0901,0,,,,,,,,,,,0,,,,,,7,5,0.7143,10.57,14.8,12.43,0.851,3.0,0.103,0.1429,0.4286,0.4286,0,18.4,13.5,18.4,4.9,2.71,0.0339,0.0,0.0,13.5,0.37,1.0,0.63
00-0033896,Adam Shaheen,TE,CHI,2018,3,1,0.0,0.0,2.0,0.0635,0.0949,0.1616,0,,,,,,,,,,,0,,,,,,6,5,0.8333,8.0,9.6,9.83,0.814,2.6,0.779,0.1667,0.5,0.3333,0,17.8,14.2,17.8,3.6,4.73,0.0484,0.0,0.0,14.2,0.9,1.0,0.1
00-0033757,Robert Tonyan,TE,GB,2018,5,3,0.0,0.0,1.2,0.0326,0.0469,0.0817,0,,,,,,,,,,,0,,,,,,6,4,0.6667,12.83,19.25,13.83,0.928,2.5,0.8191,0.1667,0.5,0.1667,0,17.7,10.9,17.7,6.8,2.17,0.0278,0.0,0.0,10.9,0.33,1.0,0.67
00-0033564,Jake Butt,TE,DEN,2018,3,3,0.0,0.0,4.33,0.1224,0.1014,0.2546,0,,,,,,,,,,,0,,,,,,13,8,0.6154,6.54,10.62,7.46,0.876,5.5,-0.6029,0.0,0.3077,0.1538,0,16.5,20.7,16.5,-4.2,6.89,0.0901,0.0,0.0,20.7,0.62,0.0,-0.62
00-0027873,Jermaine Gresham,TE,ARI,2018,8,7,0.0,0.0,1.5,0.0573,0.0091,0.0923,0,,,,,,,,,,,0,,,,,,12,9,0.75,7.83,10.44,2.0,3.917,8.33,0.219,0.0,0.5,0.1667,1,16.4,17.4,16.4,-1.0,2.17,0.0361,0.0,0.0,17.4,0.07,0.0,-0.07
00-0031610,Darren Waller,TE,LV,2018,3,0,0.0,0.33,2.0,0.067,0.0299,0.1214,0,,,,,,,,,,,1,21.0,0.0,1.4459,1.0,1.0,6,6,1.0,12.5,12.5,3.17,3.947,9.33,0.979,0.0,0.6667,0.1667,0,15.6,9.2,15.6,6.4,3.07,0.0506,0.0,0.7,8.5,0.01,0.0,-0.01
00-0031690,Eric Tomlinson,TE,NYJ,2018,8,7,0.0,0.0,1.75,0.0576,0.02,0.1004,0,,,,,,,,,,,0,,,,,,14,8,0.5714,5.14,9.0,3.21,1.6,11.12,-0.5623,0.0,0.2143,0.0714,0,15.2,21.1,15.2,-5.9,2.63,0.0401,0.0,0.0,21.1,0.04,0.0,-0.04
00-0033528,Jeremy Sprinkle,TE,WAS,2018,5,3,0.0,0.0,1.8,0.0738,0.0444,0.1417,0,,,,,,,,,,,0,,,,,,9,5,0.5556,4.56,8.2,6.44,0.707,4.2,0.1017,0.1111,0.3333,0.0,0,15.1,17.0,15.1,-1.9,3.39,0.056,0.0,0.0,17.0,1.2,1.0,-0.2
00-0032062,Blake Bell,TE,JAX,2018,7,4,0.0,0.0,1.57,0.0525,0.0534,0.1162,0,,,,,,,,,,,0,,,,,,11,8,0.7273,6.09,8.38,5.27,1.155,4.75,0.1855,0.0,0.2727,0.0909,0,14.7,15.1,14.7,-0.4,2.15,0.0339,0.0,0.0,15.1,0.04,0.0,-0.04
00-0031609,A.J. Derby,TE,MIA,2018,3,3,0.0,0.0,1.67,0.0614,0.0838,0.1508,0,,,,,,,,,,,0,,,,,,5,3,0.6,9.6,16.0,8.8,1.091,3.0,0.4008,0.2,0.6,0.4,0,13.8,11.2,13.8,2.6,3.74,0.067,0.0,0.0,11.2,0.68,1.0,0.32
00-0031484,Chris Manhertz,TE,CAR,2018,3,2,0.0,0.0,1.67,0.0525,0.0714,0.1287,0,,,,,,,,,,,0,,,,,,5,2,0.4,10.4,26.0,6.6,1.576,22.5,-0.3315,0.2,0.2,0.2,0,13.2,10.2,13.2,3.0,3.41,0.0472,0.0,0.0,10.2,0.46,1.0,0.54
00-0034270,Tyler Conklin,TE,MIN,2018,4,3,0.0,0.0,1.75,0.0653,0.0865,0.1585,0,,,,,,,,,,,0,,,,,,7,5,0.7143,11.0,15.4,8.43,1.305,6.2,0.5886,0.0,0.4286,0.2857,0,12.7,11.3,12.7,1.4,2.81,0.0387,0.0,0.0,11.3,0.06,0.0,-0.06
00-0031035,Xavier Grimble,TE,PIT,2018,7,5,0.0,0.0,1.14,0.0269,0.026,0.0585,0,,,,,,,,,,,0,,,,,,8,6,0.75,10.75,14.33,7.0,1.536,9.33,0.0915,0.0,0.5,0.375,1,12.6,14.5,12.6,-1.9,2.07,0.0228,0.0,0.0,14.5,0.46,0.0,-0.46
00-0032634,David Grinnage,TE,JAX,2018,3,3,0.0,0.0,2.67,0.0701,0.0833,0.1635,0,,,,,,,,,,,0,,,,,,8,6,0.75,7.62,10.17,7.88,0.968,3.0,0.3116,0.0,0.25,0.125,0,12.1,14.3,12.1,-2.2,4.76,0.0742,0.0,0.0,14.3,0.44,0.0,-0.44
00-0033421,Antony Auclair,TE,TB,2018,6,5,0.0,0.0,1.33,0.0323,0.0146,0.0586,0,,,,,,,,,,,0,,,,,,8,7,0.875,6.0,6.86,5.0,1.2,1.14,0.0952,0.0,0.125,0.0,0,11.8,13.1,11.8,-1.3,2.19,0.0243,0.0,0.0,13.1,0.01,0.0,-0.01
00-0032599,Josh Perkins,TE,PHI,2018,3,3,0.0,0.0,3.67,0.0897,0.1347,0.2289,0,,,,,,,,,,,0,,,,,,11,5,0.4545,6.09,13.4,10.73,0.568,3.2,-0.2982,0.0,0.3636,0.0909,0,11.7,18.8,11.7,-7.1,6.26,0.0766,0.0,0.0,18.8,0.45,0.0,-0.45
00-0034798,Durham Smythe,TE,MIA,2018,6,4,0.0,0.0,1.83,0.0688,0.0512,0.139,0,,,,,,,,,,,0,,,,,,11,6,0.5455,4.55,8.33,4.27,1.064,1.17,-0.6702,0.0,0.1818,0.0909,0,11.0,15.2,11.0,-4.2,2.53,0.0447,0.0,0.0,15.2,0.03,0.0,-0.03
00-0031788,Matt Lengel,TE,CIN,2018,6,5,0.0,0.0,1.33,0.0381,0.021,0.0719,0,,,,,,,,,,,0,,,,,,8,3,0.375,2.12,5.67,5.0,0.425,2.33,-0.0357,0.125,0.25,0.0,0,10.7,15.9,10.7,-5.2,2.65,0.0333,0.0,0.0,15.9,0.91,1.0,0.09
00-0032120,Neal Sterling,TE,NYJ,2018,4,4,0.0,0.0,2.0,0.0766,0.0289,0.1352,0,,,,,,,,,,,0,,,,,,8,6,0.75,5.88,7.83,3.88,1.516,4.83,0.3341,0.0,0.25,0.0,0,10.7,12.4,10.7,-1.7,3.09,0.0491,0.0,0.0,12.4,0.11,0.0,-0.11
00-0033576,Eric Saubert,TE,ATL,2018,5,5,0.0,0.0,1.8,0.0417,0.0315,0.0846,0,,,,,,,,,,,0,,,,,,9,5,0.5556,5.33,9.6,5.33,1.0,2.6,-0.6259,0.0,0.2222,0.1111,0,9.8,15.7,9.8,-5.9,3.13,0.035,0.0,0.0,15.7,0.56,0.0,-0.56
00-0024389,Delanie Walker,TE,TEN,2018,1,1,0.0,0.0,7.0,0.1842,0.1776,0.4006,0,,,,,,,,,,,0,,,,,,7,4,0.5714,7.43,13.0,6.57,1.13,5.0,-0.7049,0.0,0.5714,0.1429,0,9.2,12.9,9.2,-3.7,12.88,0.155,0.0,0.0,12.9,0.52,0.0,-0.52
00-0033387,Jacob Hollister,TE,NE,2018,2,2,0.0,0.0,2.5,0.0679,0.0796,0.1575,0,,,,,,,,,,,0,,,,,,5,4,0.8,10.4,13.0,8.2,1.268,4.0,0.3333,0.0,0.4,0.4,0,9.2,8.1,9.2,1.1,4.04,0.0536,0.0,0.0,8.1,0.03,0.0,-0.03
00-0032430,David Morgan,TE,MIN,2018,5,5,0.0,0.0,1.2,0.0285,0.0084,0.0487,0,,,,,,,,,,,0,,,,,,6,5,0.8333,6.0,7.2,2.0,3.0,5.4,0.0986,0.0,0.3333,0.0,0,8.6,9.5,8.6,-0.9,1.89,0.022,0.0,0.0,9.5,0.07,0.0,-0.07
00-0032089,Brian Parker,TE,DEN,2018,6,4,0.0,0.0,1.67,0.0436,0.0214,0.0803,0,,,,,,,,,,,0,,,,,,10,5,0.5,3.3,6.6,4.3,0.767,5.8,-0.4169,0.0,0.2,0.0,0,8.3,17.3,8.3,-9.0,2.88,0.0361,0.0,0.0,17.3,0.69,0.0,-0.69
00-0032214,Tyler Kroft,TE,CIN,2018,5,5,0.0,0.0,1.2,0.0329,0.0304,0.0706,0,,,,,,,,,,,0,,,,,,6,4,0.6667,6.0,9.0,7.17,0.837,4.25,-0.7396,0.0,0.6667,0.1667,0,7.6,11.7,7.6,-4.1,2.33,0.0289,0.0,0.0,11.7,0.48,0.0,-0.48
00-0033054,Rico Gathers,TE,DAL,2018,6,6,0.0,0.0,1.17,0.0409,0.046,0.0936,0,,,,,,,,,,,0,,,,,,7,3,0.4286,6.43,15.0,10.0,0.643,9.0,-0.0966,0.0,0.2857,0.1429,0,7.5,15.1,7.5,-7.6,2.52,0.0338,0.0,0.0,15.1,0.93,0.0,-0.93
00-0032661,Ben Braunecker,TE,CHI,2018,5,4,0.0,0.0,1.0,0.0319,0.0481,0.0815,0,,,,,,,,,,,0,,,,,,5,3,0.6,8.4,14.0,13.8,0.609,1.33,-0.7666,0.0,0.4,0.4,0,7.2,12.6,7.2,-5.4,2.51,0.0332,0.0,0.0,12.6,0.84,0.0,-0.84
00-0029091,Bradley Sowell,TE,CHI,2018,2,2,0.0,0.0,1.0,0.0283,0.0062,0.0468,0,,,,,,,,,,,0,,,,,,2,1,0.5,1.0,2.0,2.0,0.5,0.0,0.6716,0.5,0.5,0.0,0,7.2,8.1,7.2,-0.9,4.06,0.0446,0.0,0.0,8.1,1.13,1.0,-0.13
00-0030780,Ryan Hewitt,TE,IND,2018,2,1,0.0,0.0,1.0,0.0304,0.0207,0.0601,0,,,,,,,,,,,0,,,,,,2,1,0.5,0.5,1.0,3.0,0.167,0.0,0.0602,0.5,0.5,0.0,0,7.1,5.9,7.1,1.2,2.93,0.0385,0.0,0.0,5.9,0.6,1.0,0.4
00-0024243,Marcedes Lewis,TE,GB,2018,4,4,0.0,0.0,1.0,0.0314,0.0055,0.0509,0,,,,,,,,,,,0,,,,,,4,3,0.75,9.75,13.0,1.25,7.8,10.33,0.4897,0.0,0.25,0.25,0,6.9,5.8,6.9,1.1,1.45,0.0188,0.0,0.0,5.8,0.09,0.0,-0.09
00-0027139,John Phillips,TE,ARI,2018,2,0,0.0,0.0,1.5,0.0464,0.0411,0.0984,0,,,,,,,,,,,0,,,,,,3,3,1.0,12.67,12.67,10.0,1.267,2.67,0.4815,0.0,0.3333,0.3333,0,6.8,4.5,6.8,2.3,2.25,0.0375,0.0,0.0,4.5,0.03,0.0,-0.03
00-0034532,Jordan Franks,TE,CIN,2018,3,3,0.0,0.0,1.0,0.0289,0.063,0.0875,0,,,,,,,,,,,0,,,,,,3,2,0.6667,12.33,18.5,15.33,0.804,7.0,-0.6805,0.0,0.3333,0.3333,0,5.7,4.6,5.7,1.1,1.54,0.0206,0.0,0.0,4.6,0.12,0.0,-0.12
00-0029689,Dwayne Allen,TE,NE,2018,3,3,0.0,0.0,1.33,0.0369,0.0376,0.0817,0,,,,,,,,,,,0,,,,,,4,3,0.75,6.75,9.0,8.0,0.844,9.33,-0.1255,0.0,0.5,0.25,0,5.7,6.6,5.7,-0.9,2.2,0.0236,0.0,0.0,6.6,0.07,0.0,-0.07
00-0029414,Orson Charles,TE,CLE,2018,5,5,0.0,0.0,1.0,0.0335,0.0071,0.0552,0,,,,,,,,,,,0,,,,,,5,3,0.6,4.6,7.67,3.4,1.353,8.0,0.0704,0.0,0.0,0.0,0,5.3,7.2,5.3,-1.9,1.43,0.0188,0.0,0.0,7.2,0.01,0.0,-0.01
00-0033696,Sean Culkin,TE,LAC,2018,1,1,0.0,0.0,1.0,0.0323,0.1805,0.1747,0,,,,,,,,,,,0,,,,,,1,1,1.0,24.0,24.0,24.0,1.0,0.0,2.272,0.0,1.0,1.0,0,3.4,2.6,3.4,0.8,2.63,0.0341,0.0,0.0,2.6,0.16,0.0,-0.16
00-0034073,Ross Dwelley,TE,SF,2018,2,1,0.0,0.0,1.0,0.0379,0.0405,0.0852,0,,,,,,,,,,,0,,,,,,2,2,1.0,7.0,7.0,6.5,1.077,0.5,0.2909,0.0,0.0,0.0,0,3.4,4.6,3.4,-1.2,2.29,0.0325,0.0,0.0,4.6,0.26,0.0,-0.26
00-0033742,Tyrone Swoopes,TE,SEA,2018,1,1,0.0,0.0,1.0,0.0435,0.0357,0.0902,0,,,,,,,,,,,0,,,,,,1,1,1.0,23.0,23.0,8.0,2.875,15.0,3.1102,0.0,1.0,1.0,0,3.3,1.6,3.3,1.7,1.56,0.0225,0.0,0.0,1.6,0.02,0.0,-0.02
00-0032508,Hakeem Valles,TE,DET,2018,2,2,0.0,0.0,1.5,0.0365,0.0358,0.0798,0,,,,,,,,,,,0,,,,,,3,2,0.6667,3.67,5.5,8.33,0.44,0.5,-0.1878,0.0,0.0,0.0,0,3.1,4.5,3.1,-1.4,2.27,0.0298,0.0,0.0,4.5,0.01,0.0,-0.01
00-0032745,Alan Cross,TE,TB,2018,4,4,0.0,0.0,1.25,0.033,0.009,0.0558,0,,,,,,,,,,,0,,,,,,5,2,0.4,1.8,4.5,2.4,0.75,3.5,-0.7285,0.0,0.2,0.0,0,2.9,10.4,2.9,-7.5,2.59,0.0289,0.0,0.0,10.4,0.61,0.0,-0.61
00-0030422,Dion Sims,TE,CHI,2018,2,2,0.0,0.0,2.0,0.0559,0.0701,0.1329,0,,,,,,,,,,,0,,,,,,4,2,0.5,2.25,4.5,9.0,0.25,4.5,-0.6379,0.0,0.0,0.0,0,2.9,5.8,2.9,-2.9,2.92,0.0312,0.0,0.0,5.8,0.02,0.0,-0.02
00-0034101,Matt Flanagan,TE,WAS,2018,1,0,0.0,0.0,1.0,0.037,0.0265,0.0741,0,,,,,,,,,,,0,,,,,,1,1,1.0,14.0,14.0,7.0,2.0,7.0,0.7513,0.0,1.0,0.0,0,2.4,1.6,2.4,0.8,1.59,0.0341,0.0,0.0,1.6,0.0,0.0,0.0
00-0031384,Richard Rodgers,TE,PHI,2018,1,0,0.0,0.0,1.0,0.0204,-0.0051,0.027,0,,,,,,,,,,,0,,,,,,1,1,1.0,7.0,7.0,-2.0,-3.5,9.0,0.4588,0.0,1.0,0.0,0,1.7,1.4,1.7,0.3,1.43,0.0143,0.0,0.0,1.4,0.02,0.0,-0.02
00-0031922,Khari Lee,TE,BUF,2018,1,1,0.0,0.0,1.0,0.0303,-0.0033,0.0432,0,,,,,,,,,,,0,,,,,,1,1,1.0,5.0,5.0,-1.0,-5.0,6.0,-0.11,0.0,0.0,0.0,0,1.5,1.3,1.5,0.2,1.32,0.0237,0.0,0.0,1.3,0.0,0.0,0.0
00-0033246,Johnny Mundt,TE,LA,2018,1,0,0.0,0.0,1.0,0.037,0.0,0.0556,0,,,,,,,,,,,0,,,,,,1,1,1.0,5.0,5.0,0.0,,5.0,-0.0888,0.0,0.0,0.0,0,1.5,1.7,1.5,-0.2,1.72,0.0199,0.0,0.0,1.7,0.01,0.0,-0.01
00-0031462,Jerome Cunningham,TE,DET,2018,1,0,0.0,0.0,1.0,0.0238,0.0098,0.0426,0,,,,,,,,,,,0,,,,,,1,0,0.0,0.0,,3.0,0.0,,-0.3044,0.0,0.0,0.0,0,0.0,1.3,0.0,-1.3,1.33,0.0179,0.0,0.0,1.3,0.0,0.0,0.0
00-0033258,Darrell Daniels,TE,SEA,2018,2,1,0.0,0.0,1.0,0.0415,0.0905,0.1256,0,,,,,,,,,,,0,,,,,,2,0,0.0,0.0,,28.5,0.0,,-0.5796,0.0,0.0,0.0,0,0.0,4.3,0.0,-4.3,2.16,0.0358,0.0,0.0,4.3,0.09,0.0,-0.09
00-0032562,Cole Wick,TE,SF,2018,1,1,0.0,0.0,1.0,0.0185,0.0038,0.0305,0,,,,,,,,,,,0,,,,,,1,0,0.0,0.0,,1.0,0.0,,-1.1773,0.0,0.0,0.0,0,0.0,3.7,0.0,-3.7,3.73,0.0339,0.0,0.0,3.7,0.53,0.0,-0.53
00-0033040,Tyreek Hill,WR,KC,2018,16,13,0.0,1.38,8.56,0.2418,0.3849,0.6321,0,,,,,,,,,,,22,6.86,0.0455,0.1068,0.3636,0.2273,137,87,0.635,10.8,17.0,14.79,0.73,6.06,0.597,0.0876,0.438,0.2409,0,334.0,288.8,328.0,39.2,18.05,0.206,0.0,21.8,267.1,11.03,13.0,1.97
00-0030564,DeAndre Hopkins,WR,HOU,2018,16,13,0.06,0.06,10.19,0.3342,0.4462,0.8137,1,0.0,0.0,0.0,0.0,0.0,-0.4456,-45.888,0.0,0.0,0.0,1,-7.0,0.0,-1.4571,0.0,0.0,163,115,0.7055,9.64,13.67,11.47,0.841,3.37,0.4674,0.0675,0.4969,0.2147,2,333.5,301.7,333.5,31.8,18.86,0.2515,1.6,0.7,299.5,11.54,11.0,-0.54
00-0031381,Davante Adams,WR,GB,2018,15,13,0.0,0.0,11.27,0.2935,0.3697,0.699,0,,,,,,,,,,,0,,,,,,169,111,0.6568,8.2,12.49,11.28,0.727,4.28,0.4829,0.0769,0.3787,0.1775,0,329.6,304.5,329.6,25.1,20.3,0.2466,0.0,0.0,304.5,10.92,13.0,2.08
00-0027944,Julio Jones,WR,ATL,2018,16,13,0.0,0.12,10.62,0.2812,0.447,0.7347,0,,,,,,,,,,,2,6.0,0.0,0.2345,0.5,0.5,170,113,0.6647,9.86,14.84,13.98,0.706,3.96,0.4057,0.0471,0.4706,0.2412,2,325.9,324.4,325.9,1.5,20.27,0.2397,0.0,1.4,323.0,8.86,8.0,-0.86
00-0027793,Antonio Brown,WR,PIT,2018,15,13,0.07,0.0,11.2,0.2674,0.3754,0.6639,1,0.0,0.0,0.0,0.0,0.0,-0.4571,-44.763,0.0,0.0,0.0,0,,,,,,168,104,0.619,7.72,12.47,11.26,0.686,4.66,0.1532,0.0893,0.375,0.1369,0,323.7,319.2,323.7,4.5,21.28,0.2326,0.4,0.0,318.8,11.82,15.0,3.18
00-0032765,Michael Thomas,WR,NO,2018,16,13,0.0,0.0,9.19,0.2866,0.3425,0.6696,0,,,,,,,,,,,0,,,,,,147,125,0.8503,9.56,11.24,7.71,1.239,4.11,0.573,0.0612,0.5102,0.1633,2,315.5,281.3,315.5,34.2,17.58,0.2059,0.0,0.0,281.3,9.52,9.0,-0.52
00-0030035,Adam Thielen,WR,MIN,2018,16,13,0.0,0.31,9.56,0.2531,0.3336,0.6132,0,,,,,,,,,,,5,6.0,0.0,-0.2492,0.2,0.2,153,113,0.7386,8.97,12.15,9.43,0.951,3.68,0.3737,0.0588,0.4837,0.1569,1,307.3,263.8,307.3,43.5,16.49,0.2171,0.0,3.4,260.4,7.08,9.0,1.92
00-0033857,JuJu Smith-Schuster,WR,PIT,2018,16,13,0.0,0.06,10.38,0.2401,0.286,0.5604,0,,,,,,,,,,,1,13.0,0.0,0.6036,1.0,1.0,166,111,0.6687,8.59,12.85,8.8,0.976,5.84,0.3139,0.0422,0.4036,0.1687,1,296.9,300.0,292.6,-7.4,18.75,0.2075,0.0,0.8,299.2,10.27,7.0,-3.27
00-0031408,Mike Evans,WR,TB,2018,16,13,0.0,0.0,8.62,0.2277,0.3307,0.573,0,,,,,,,,,,,0,,,,,,138,86,0.6232,11.04,17.72,15.56,0.71,3.28,0.4327,0.058,0.5,0.2899,1,284.4,262.4,284.4,22.0,16.4,0.1865,0.0,0.0,262.4,7.49,8.0,0.51
00-0031588,Stefon Diggs,WR,MIN,2018,15,12,0.0,0.67,9.93,0.262,0.2952,0.5997,0,,,,,,,,,,,10,6.2,0.0,0.2768,0.3,0.2,149,102,0.6846,6.85,10.01,8.63,0.794,4.29,0.0574,0.0604,0.3289,0.1409,0,266.3,261.6,266.3,4.7,17.44,0.2254,0.0,7.0,254.6,8.34,9.0,0.66
00-0030431,Robert Woods,WR,LA,2018,16,13,0.0,1.19,8.12,0.2417,0.3098,0.5793,0,,,,,,,,,,,19,8.26,0.0526,0.3441,0.4737,0.2632,130,86,0.6615,9.38,14.17,11.41,0.822,4.88,0.4715,0.0462,0.5077,0.2538,0,265.6,273.9,265.6,-8.3,17.12,0.1905,0.0,16.1,257.8,8.0,7.0,-1.0
00-0030279,Keenan Allen,WR,LAC,2018,15,13,0.0,0.6,9.07,0.2932,0.3312,0.6716,0,,,,,1.0,-1.5853,,,,,9,8.33,0.0,0.0635,0.4444,0.3333,136,97,0.7132,8.79,12.33,8.6,1.023,4.15,0.4299,0.0441,0.4559,0.2353,1,260.1,243.8,260.1,16.3,16.26,0.2295,0.0,6.4,237.4,5.94,6.0,0.06
00-0031236,Brandin Cooks,WR,LA,2018,15,12,0.0,0.67,7.8,0.2303,0.3235,0.5719,0,,,,,,,,,,,10,6.8,0.1,0.6853,0.5,0.2,117,80,0.6838,10.29,15.05,12.8,0.804,4.33,0.4854,0.0427,0.4786,0.265,0,243.2,248.9,243.2,-5.7,16.6,0.1852,0.0,8.6,240.3,7.49,6.0,-1.49
00-0029608,T.Y. Hilton,WR,IND,2018,14,11,0.0,0.0,8.57,0.2322,0.3466,0.5909,0,,,,,,,,,,,0,,,,,,120,76,0.6333,10.58,16.71,11.18,0.946,5.99,0.5294,0.05,0.4583,0.2417,0,239.0,228.6,239.0,10.4,16.33,0.1899,0.0,0.0,228.6,7.77,6.0,-1.77
00-0031235,Odell Beckham Jr.,WR,NYG,2018,12,12,0.17,0.42,10.33,0.2883,0.4309,0.734,2,1.0,53.0,1.0,0.0,0.0,4.7408,62.134,1.559,1.0,1.0,5,3.8,0.0,-0.3524,0.4,0.4,124,77,0.621,8.48,13.66,11.39,0.745,4.09,0.2503,0.0484,0.4113,0.2097,0,232.3,225.7,232.3,6.7,18.81,0.2538,1.5,5.0,219.2,8.28,8.0,-0.28
00-0032211,Tyler Lockett,WR,SEA,2018,16,13,0.0,0.81,4.38,0.1803,0.2542,0.4484,0,,,,,,,,,,,13,5.31,0.0,0.1057,0.2308,0.2308,70,57,0.8143,13.79,16.93,13.61,1.013,3.74,1.07,0.1429,0.5286,0.3,0,222.4,130.0,221.7,91.7,8.13,0.1208,0.0,9.7,120.3,3.77,10.0,6.23
00-0033009,Tyler Boyd,WR,CIN,2018,14,13,0.07,0.14,7.71,0.2206,0.2653,0.5167,1,0.0,0.0,0.0,0.0,0.0,-0.5126,-25.241,0.0,0.0,0.0,2,1.5,0.0,-0.5495,0.0,0.0,108,76,0.7037,9.52,13.53,9.33,1.02,5.5,0.6759,0.0648,0.5,0.2407,0,221.1,184.3,221.1,36.8,13.16,0.1719,1.1,1.5,181.7,3.73,7.0,3.27
00-0031382,Jarvis Landry,WR,CLE,2018,16,13,0.12,0.19,9.31,0.267,0.3075,0.6158,2,0.5,31.5,0.0,0.0,0.0,2.3115,20.298,0.818,0.5,0.5,3,20.0,0.3333,1.761,0.6667,0.3333,149,81,0.5436,6.55,12.05,11.04,0.593,3.38,-0.0045,0.0268,0.2953,0.1678,1,217.1,261.2,217.1,-44.1,16.33,0.2129,3.1,4.2,253.9,7.52,5.0,-2.52
00-0031544,Amari Cooper,WR,DAL,2018,15,12,0.0,0.13,7.13,0.197,0.2648,0.4808,0,,,,,,,,,,,2,10.0,0.0,0.6459,0.5,0.5,107,75,0.7009,9.39,13.4,9.79,0.959,5.53,0.2659,0.0654,0.4953,0.1308,2,215.5,187.2,215.5,28.3,12.48,0.1603,0.0,1.7,185.5,6.13,7.0,0.87
00-0027150,Julian Edelman,WR,NE,2018,12,9,0.17,0.75,9.0,0.2581,0.2643,0.5721,2,1.0,21.5,0.0,0.0,0.0,1.5876,40.241,-21.5,0.5,0.5,9,11.89,0.0,1.0527,0.7778,0.5556,108,74,0.6852,7.87,11.49,7.69,1.023,4.7,0.2393,0.0556,0.3796,0.1944,0,207.4,205.7,207.4,1.8,17.14,0.1914,0.4,6.6,198.6,6.67,6.0,-0.67
00-0033932,Kenny Golladay,WR,DET,2018,15,13,0.0,0.07,7.93,0.2229,0.3914,0.6083,0,,,,,,,,,,,1,8.0,0.0,0.6384,0.0,0.0,119,70,0.5882,8.93,15.19,12.39,0.721,5.0,0.4181,0.042,0.4706,0.2185,0,207.1,210.8,207.1,-3.8,14.06,0.1898,0.0,0.7,210.1,6.52,5.0,-1.52
00-0034837,Calvin Ridley,WR,ATL,2018,16,13,0.0,0.38,5.75,0.1558,0.1812,0.3605,0,,,,,,,,,,,6,4.5,0.0,0.0031,0.1667,0.0,92,64,0.6957,8.92,12.83,10.17,0.877,5.69,0.3858,0.1087,0.4239,0.1413,1,206.8,171.5,206.8,35.3,10.72,0.1267,0.0,3.6,167.9,4.9,10.0,5.1
00-0027685,Emmanuel Sanders,WR,DEN,2018,12,12,0.08,0.33,8.17,0.2535,0.2906,0.5837,1,1.0,28.0,1.0,0.0,0.0,2.5615,67.986,1.0,1.0,1.0,4,13.25,0.25,0.9343,0.5,0.5,98,71,0.7245,8.86,12.23,9.62,0.92,4.18,0.1906,0.0408,0.3673,0.1633,0,198.2,170.3,198.0,27.8,14.19,0.1979,1.6,3.0,165.7,4.41,6.0,1.59
00-0032009,Adam Humphries,WR,TB,2018,16,13,0.0,0.12,6.56,0.1722,0.0956,0.3252,0,,,,,,,,,,,2,5.5,0.0,0.1901,0.0,0.0,105,76,0.7238,7.77,10.74,6.3,1.234,5.46,0.3712,0.0476,0.4571,0.1238,0,188.7,179.1,188.7,9.6,11.19,0.1273,0.0,2.3,176.7,3.63,5.0,1.37
00-0022921,Larry Fitzgerald,WR,ARI,2018,16,13,0.06,0.0,7.0,0.2283,0.2661,0.5287,1,1.0,32.0,1.0,0.0,0.0,3.088,65.744,1.143,1.0,1.0,0,,,,,,112,69,0.6161,6.55,10.64,9.22,0.711,2.97,0.0149,0.0536,0.3482,0.125,0,185.7,185.4,185.7,0.2,11.59,0.192,1.4,0.0,184.0,5.93,7.0,1.07
00-0029137,Alshon Jeffery,WR,PHI,2018,13,10,0.0,0.0,7.08,0.1973,0.2919,0.5003,0,,,,,,,,,,,0,,,,,,92,65,0.7065,9.16,12.97,11.01,0.832,4.18,0.5045,0.0652,0.5217,0.1848,0,185.3,164.5,185.0,20.5,12.66,0.1639,0.0,0.0,164.5,6.17,6.0,-0.17
00-0033921,Chris Godwin Jr.,WR,TB,2018,16,13,0.0,0.0,5.94,0.1554,0.1684,0.351,0,,,,,,,,,,,0,,,,,,95,59,0.6211,8.86,14.27,11.67,0.759,4.15,0.3593,0.0737,0.5053,0.2316,1,185.2,186.4,185.2,-1.2,11.65,0.1325,0.0,0.0,186.4,7.18,7.0,-0.18
00-0033871,Corey Davis,WR,TEN,2018,16,13,0.0,0.38,7.0,0.2601,0.3495,0.6349,0,,,,,,,,,,,6,9.17,0.0,0.1534,0.3333,0.3333,112,65,0.5804,7.96,13.71,10.35,0.769,4.11,0.2683,0.0357,0.4196,0.2321,0,183.6,196.1,183.6,-12.5,12.25,0.1914,0.0,4.4,191.6,5.39,4.0,-1.39
00-0027891,Golden Tate,WR,PHI,2018,15,12,0.0,0.27,7.53,0.2127,0.1965,0.4566,0,,,,,,,,,,,4,8.5,0.0,0.2402,0.25,0.25,113,74,0.6549,7.04,10.74,6.57,1.071,5.77,0.1331,0.0354,0.292,0.0973,0,182.9,184.2,182.3,-1.9,12.28,0.1603,0.0,2.7,181.6,3.33,4.0,0.67
00-0032385,Sterling Shepard,WR,NYG,2018,16,13,0.0,0.19,6.69,0.1856,0.2465,0.4509,0,,,,,,,,,,,3,11.0,0.0,0.5275,0.3333,0.3333,107,66,0.6168,8.15,13.21,10.11,0.806,4.68,0.3337,0.0374,0.4393,0.1963,0,182.5,189.5,182.5,-7.0,11.85,0.1574,0.0,2.2,187.3,6.44,4.0,-2.44
00-0029632,Mohamed Sanu,WR,ATL,2018,16,13,0.12,0.44,5.88,0.1579,0.1395,0.3346,2,0.5,2.5,0.5,0.0,0.0,0.4689,-7.39,0.135,0.5,0.0,7,6.29,0.0,0.2772,0.7143,0.2857,94,66,0.7021,8.91,12.7,8.02,1.111,6.08,0.4895,0.0426,0.4362,0.1383,1,182.4,170.0,182.4,12.4,10.62,0.1256,2.1,5.0,162.9,3.89,5.0,1.11
00-0033839,Dede Westbrook,WR,JAX,2018,16,13,0.06,0.56,6.31,0.2091,0.2699,0.5025,1,0.0,0.0,0.0,0.0,0.0,-0.4638,-35.154,0.0,0.0,0.0,9,10.89,0.0,0.5054,0.5556,0.4444,101,66,0.6535,7.1,10.86,8.44,0.842,5.48,0.2181,0.0495,0.3861,0.1584,1,181.5,161.4,175.3,13.9,10.09,0.15,0.4,6.2,154.8,3.47,5.0,1.53
00-0033536,Mike Williams,WR,LAC,2018,16,13,0.0,0.44,4.12,0.1341,0.2538,0.3788,0,,,,,,,,,,,7,4.0,0.1429,-0.0819,0.2857,0.2857,66,43,0.6515,10.06,15.44,14.76,0.682,2.74,0.7302,0.1515,0.5455,0.2879,0,180.2,142.9,180.2,37.3,8.93,0.1246,0.0,6.6,136.3,6.98,11.0,4.02
00-0031549,Nelson Agholor,WR,PHI,2018,16,13,0.06,0.19,6.06,0.1573,0.2094,0.3825,1,1.0,15.0,0.0,0.0,0.0,1.9315,37.334,1.875,1.0,0.0,3,10.67,0.0,0.6256,0.6667,0.6667,97,64,0.6598,7.59,11.5,10.37,0.732,5.39,0.3241,0.0412,0.2887,0.1134,0,165.4,168.7,166.1,-2.6,10.54,0.134,0.3,4.1,164.3,4.99,4.0,-0.99
00-0033891,Zay Jones,WR,BUF,2018,16,13,0.06,0.06,6.38,0.2141,0.2489,0.4953,1,0.0,0.0,0.0,0.0,0.0,-1.4741,-30.511,0.0,0.0,0.0,1,0.0,0.0,-0.8625,0.0,0.0,102,56,0.549,6.39,11.64,12.02,0.532,2.54,0.0048,0.0686,0.3235,0.098,0,165.2,161.3,165.2,3.9,10.08,0.1551,0.9,0.7,159.7,4.89,7.0,2.11
00-0034827,DJ Moore,WR,CAR,2018,16,13,0.0,0.81,5.12,0.1506,0.1769,0.3497,0,,,,,,,,,,,13,13.23,0.0,0.3175,0.4615,0.5385,82,55,0.6707,9.61,14.33,8.99,1.069,7.65,0.2015,0.0244,0.4024,0.2195,2,159.0,140.4,159.0,18.6,8.77,0.1146,0.0,11.3,129.0,2.83,2.0,-0.83
00-0026176,Jordy Nelson,WR,LV,2018,15,12,0.0,0.07,5.87,0.1784,0.2454,0.4393,0,,,,,,,,,,,1,-2.0,0.0,-1.1731,0.0,0.0,88,63,0.7159,8.4,11.73,9.23,0.91,3.83,0.2287,0.0341,0.4091,0.1364,0,156.7,149.0,156.7,7.7,9.93,0.137,0.0,0.6,148.4,3.04,3.0,-0.04
00-0027874,Demaryius Thomas,WR,DEN,2018,15,13,0.0,0.0,5.93,0.1893,0.2223,0.4396,0,,,,,,,,,,,0,,,,,,89,59,0.6629,7.61,11.47,10.19,0.746,4.69,0.3129,0.0562,0.4157,0.1348,0,156.7,160.7,156.7,-4.0,10.71,0.1478,0.0,0.0,160.7,4.95,5.0,0.05
00-0032688,Robbie Chosen,WR,NYJ,2018,14,11,0.0,0.14,6.71,0.2099,0.349,0.5591,0,,,,,,,,,,,2,-4.0,0.0,-1.7953,0.0,0.0,94,50,0.5319,8.0,15.04,15.9,0.503,3.6,0.0942,0.0638,0.3191,0.1915,2,156.4,163.3,156.4,-6.9,11.66,0.1745,0.0,1.3,162.0,5.66,6.0,0.34
00-0031428,Allen Robinson,WR,CHI,2018,13,11,0.0,0.08,7.23,0.2249,0.3318,0.5696,0,,,,,,,,,,,1,9.0,0.0,0.9523,0.0,0.0,94,55,0.5851,8.02,13.71,12.14,0.661,3.93,0.2272,0.0426,0.383,0.1596,1,153.3,167.8,153.3,-14.5,12.91,0.1675,0.0,0.8,167.0,5.13,4.0,-1.13
00-0031228,Taylor Gabriel,WR,CHI,2018,16,13,0.0,0.56,5.81,0.1887,0.229,0.4434,0,,,,,,,,,,,9,6.78,0.0,0.2945,0.3333,0.2222,93,67,0.7204,7.4,10.27,11.17,0.662,3.22,0.2873,0.0215,0.3333,0.0968,1,151.9,166.6,151.9,-14.7,10.41,0.1404,0.0,9.0,157.7,4.76,2.0,-2.76
00-0026189,DeSean Jackson,WR,TB,2018,12,11,0.0,0.5,6.17,0.1544,0.2804,0.4279,0,,,,,,,,,,,6,4.83,0.1667,0.179,0.3333,0.1667,74,41,0.5541,10.46,18.88,19.2,0.545,4.41,0.1892,0.0541,0.4189,0.2568,0,151.3,147.8,151.3,3.5,12.32,0.1332,0.0,5.1,142.7,4.11,5.0,0.89
00-0029000,Cole Beasley,WR,DAL,2018,16,13,0.06,0.0,5.44,0.1747,0.1677,0.3794,1,0.0,0.0,0.0,0.0,0.0,-0.4814,-43.791,0.0,0.0,0.0,0,,,,,,87,65,0.7471,7.72,10.34,7.4,1.043,3.28,0.5227,0.0345,0.4483,0.1724,0,150.2,139.3,150.2,10.9,8.71,0.1224,0.9,0.0,138.4,3.36,3.0,-0.36
00-0027942,A.J. Green,WR,CIN,2018,9,9,0.0,0.0,8.56,0.2431,0.3961,0.642,0,,,,,,,,,,,0,,,,,,77,46,0.5974,9.01,15.09,12.44,0.724,3.54,0.3726,0.0779,0.4805,0.2338,1,149.4,158.5,149.4,-9.1,17.61,0.2248,0.0,0.0,158.5,6.69,6.0,-0.69
00-0031051,John Brown,WR,BAL,2018,16,13,0.0,0.19,6.06,0.1769,0.3058,0.4794,0,,,,,,,,,,,3,1.33,0.0,-0.5193,0.0,0.0,97,42,0.433,7.37,17.02,16.32,0.452,3.71,0.168,0.0515,0.2887,0.1546,0,143.9,192.1,144.1,-48.0,12.01,0.1477,0.0,2.4,189.7,7.67,5.0,-2.67
00-0028434,Doug Baldwin,WR,SEA,2018,13,10,0.0,0.0,5.62,0.227,0.2729,0.5316,0,,,,,,,,,,,0,,,,,,73,50,0.6849,8.47,12.36,11.37,0.745,3.12,0.4991,0.0685,0.4384,0.2192,0,141.8,144.8,141.8,-3.0,11.14,0.1627,0.0,0.0,144.8,6.87,5.0,-1.87
00-0033282,Curtis Samuel,WR,CAR,2018,12,9,0.0,0.67,5.42,0.1492,0.2262,0.3821,0,,,,,,,,,,,8,10.5,0.25,0.6982,0.375,0.375,65,39,0.6,7.6,12.67,11.94,0.637,2.85,0.1285,0.0769,0.3692,0.1846,0,138.8,120.8,138.8,18.0,10.06,0.129,0.0,5.9,114.9,4.43,7.0,2.57
00-0029664,Josh Gordon,WR,NE,2018,12,11,0.0,0.0,5.92,0.1612,0.2785,0.4367,0,,,,,,,,,,,0,,,,,,71,41,0.5775,10.38,17.98,14.28,0.727,6.44,0.4978,0.0563,0.4225,0.3239,0,138.7,140.4,138.7,-1.7,11.7,0.1283,0.0,0.0,140.4,4.5,4.0,-0.5
00-0032160,Tyrell Williams,WR,LAC,2018,15,12,0.0,0.13,4.33,0.1389,0.2098,0.3552,0,,,,,,,,,,,2,7.5,0.0,-0.2151,0.5,0.5,65,41,0.6308,10.05,15.93,12.4,0.81,4.76,0.3744,0.0769,0.4615,0.2308,0,137.8,119.5,137.8,18.3,7.97,0.1117,0.0,1.4,118.1,3.93,5.0,1.07
00-0034348,Courtland Sutton,WR,DEN,2018,16,13,0.0,0.06,5.25,0.159,0.2896,0.4412,0,,,,,,,,,,,1,-1.0,0.0,-0.8421,0.0,0.0,84,42,0.5,8.38,16.76,14.02,0.598,3.88,0.151,0.0476,0.369,0.2262,0,136.3,148.3,136.3,-12.0,9.27,0.1246,0.0,0.6,147.8,5.49,4.0,-1.49
00-0033908,Cooper Kupp,WR,LA,2018,8,8,0.0,0.5,6.88,0.2048,0.1984,0.446,0,,,,,,,,,,,4,6.25,0.0,0.4388,0.75,0.5,55,40,0.7273,10.29,14.15,8.36,1.23,7.58,0.6489,0.1091,0.4545,0.2,0,135.1,105.4,135.1,29.7,13.18,0.1483,0.0,3.8,101.6,3.71,6.0,2.29
00-0030085,Kenny Stills,WR,MIA,2018,15,12,0.07,0.0,4.27,0.1691,0.3129,0.4727,1,1.0,3.0,1.0,0.0,0.0,1.2839,36.099,1.5,1.0,0.0,0,,,,,,64,37,0.5781,8.64,14.95,16.25,0.532,3.54,0.4513,0.0938,0.4219,0.1562,0,134.4,118.0,140.4,22.4,7.87,0.1397,1.2,0.0,116.8,3.67,8.0,4.33
00-0030663,Willie Snead,WR,BAL,2018,14,12,0.0,0.07,6.79,0.2053,0.1882,0.4397,0,,,,,,,,,,,1,13.0,0.0,1.4646,1.0,1.0,95,62,0.6526,6.85,10.5,8.11,0.845,4.55,0.0543,0.0105,0.3895,0.1368,0,134.4,149.6,134.4,-15.2,10.69,0.1281,0.0,0.7,148.9,1.51,1.0,-0.51
00-0031339,Donte Moncrief,WR,JAX,2018,16,13,0.0,0.0,5.56,0.1612,0.3026,0.4537,0,,,,,,,,,,,0,,,,,,89,48,0.5393,7.51,13.92,13.1,0.573,4.92,0.0993,0.0337,0.3258,0.1348,0,132.8,142.2,133.2,-9.0,8.88,0.1321,0.0,0.0,142.2,3.02,3.0,-0.02
00-0026986,Michael Crabtree,WR,BAL,2018,16,13,0.0,0.0,6.25,0.1788,0.2194,0.4218,0,,,,,,,,,,,0,,,,,,100,54,0.54,6.07,11.24,10.91,0.556,2.39,-0.0393,0.03,0.35,0.14,0,132.7,174.5,132.7,-41.8,10.91,0.1342,0.0,0.0,174.5,4.77,3.0,-1.77
00-0034772,Antonio Callaway,WR,CLE,2018,16,13,0.0,0.12,4.94,0.1403,0.1946,0.3467,0,,,,,,,,,,,2,3.5,0.0,-0.1598,0.5,0.5,79,43,0.5443,7.42,13.63,13.84,0.536,5.49,-0.1756,0.0633,0.3418,0.1519,1,132.3,143.6,132.3,-11.3,8.97,0.117,0.0,1.4,142.2,4.97,5.0,0.03
00-0026035,Danny Amendola,WR,MIA,2018,15,12,0.07,0.07,5.27,0.1861,0.1752,0.4019,1,1.0,28.0,1.0,0.0,0.0,2.5018,62.155,1.12,1.0,1.0,1,-2.0,0.0,-0.7184,0.0,0.0,79,59,0.7468,7.28,9.75,7.46,0.976,3.88,-0.0347,0.0127,0.3418,0.1013,0,127.4,121.7,127.4,5.8,8.11,0.1399,2.1,0.6,119.0,1.55,2.0,0.45
00-0034775,Christian Kirk,WR,ARI,2018,12,12,0.0,0.25,5.67,0.2158,0.2395,0.4913,0,,,,,,,,,,,3,11.67,0.0,0.8579,0.6667,0.3333,68,43,0.6324,8.68,13.72,9.62,0.902,5.23,0.1355,0.0441,0.3088,0.1618,0,123.5,106.5,123.5,17.0,8.88,0.1523,0.0,2.3,104.2,1.74,3.0,1.26
00-0032055,Devin Funchess,WR,CAR,2018,14,12,0.0,0.0,5.64,0.1698,0.2812,0.4515,0,,,,,,,,,,,0,,,,,,79,44,0.557,6.95,12.48,12.82,0.542,1.73,0.0191,0.0506,0.443,0.1772,0,122.9,144.7,122.9,-21.8,10.34,0.1356,0.0,0.0,144.7,4.94,4.0,-0.94
00-0034353,Anthony Miller,WR,CHI,2018,14,12,0.07,0.43,3.86,0.1241,0.1399,0.284,1,1.0,8.0,0.0,0.0,0.0,1.5813,36.063,-1.333,1.0,0.0,6,4.33,0.0,0.0234,0.0,0.0,54,33,0.6111,7.83,12.82,11.19,0.7,5.15,0.4202,0.1296,0.3519,0.1481,0,120.2,107.7,120.2,12.6,7.69,0.1031,0.1,7.1,100.4,4.97,7.0,2.03
00-0032977,Rashard Higgins,WR,CLE,2018,13,10,0.0,0.0,4.08,0.118,0.1388,0.2741,0,,,,,,,,,,,0,,,,,,53,39,0.7358,10.79,14.67,11.21,0.963,3.74,0.5505,0.0755,0.5094,0.3585,1,118.2,86.3,118.2,31.9,6.64,0.0877,0.0,0.0,86.3,1.92,4.0,2.08
00-0032355,Chester Rogers,WR,IND,2018,15,12,0.0,0.07,4.8,0.1151,0.0952,0.2393,0,,,,,,,,,,,1,-4.0,0.0,-1.1368,0.0,0.0,72,53,0.7361,6.74,9.15,6.35,1.061,4.87,0.1705,0.0278,0.3889,0.1111,0,117.1,121.3,117.1,-4.2,8.09,0.0925,0.0,0.7,120.6,2.31,2.0,-0.31
00-0029293,Marvin Jones,WR,DET,2018,9,9,0.0,0.0,6.89,0.1888,0.3694,0.5418,0,,,,,,,,,,,0,,,,,,62,35,0.5645,8.19,14.51,14.58,0.562,3.06,0.2789,0.0806,0.4355,0.2097,0,115.8,118.2,115.8,-2.4,13.13,0.1704,0.0,0.0,118.2,4.99,5.0,0.01
00-0031325,Sammy Watkins,WR,KC,2018,10,10,0.0,0.5,5.5,0.1684,0.1542,0.3606,0,,,,,,,,,,,5,10.4,0.0,0.5532,0.4,0.4,55,40,0.7273,9.44,12.97,8.36,1.128,5.95,0.5666,0.0545,0.4364,0.1818,0,115.1,104.1,115.1,11.0,10.41,0.1197,0.0,7.1,97.0,3.0,3.0,0.0
00-0033307,Kendrick Bourne,WR,SF,2018,16,13,0.0,0.0,4.19,0.1281,0.1466,0.2948,0,,,,,,,,,,,0,,,,,,67,42,0.6269,7.27,11.6,8.48,0.857,3.5,0.0969,0.0597,0.4478,0.1493,0,114.7,113.5,114.7,1.2,7.09,0.1002,0.0,0.0,113.5,3.13,4.0,0.87
00-0034272,Marquez Valdes-Scantling,WR,GB,2018,15,12,0.0,0.13,4.87,0.1265,0.1576,0.3001,0,,,,,,,,,,,2,14.5,0.0,1.1859,1.0,0.5,73,38,0.5205,7.96,15.29,12.18,0.654,5.61,0.0993,0.0274,0.3151,0.1233,0,111.0,126.4,111.0,-15.4,8.42,0.1026,0.0,1.3,125.0,3.61,2.0,-1.61
00-0032760,Josh Doctson,WR,WAS,2018,15,12,0.0,0.0,5.2,0.1731,0.2939,0.4654,0,,,,,,,,,,,0,,,,,,78,44,0.5641,6.82,12.09,14.49,0.471,3.0,0.0009,0.0256,0.3974,0.1154,0,109.2,129.0,109.2,-19.8,8.6,0.1328,0.0,0.0,129.0,3.55,2.0,-1.55
00-0031166,Seth Roberts,WR,LV,2018,15,12,0.0,0.2,4.27,0.1359,0.1602,0.316,0,,,,,,,,,,,3,1.67,0.0,-0.4754,0.3333,0.3333,64,45,0.7031,7.72,10.98,8.94,0.864,4.69,0.3865,0.0312,0.375,0.125,0,106.9,103.8,106.9,3.1,6.92,0.0976,0.0,2.2,101.6,2.06,2.0,-0.06
00-0033127,Will Fuller,WR,HOU,2018,7,7,0.0,0.0,6.43,0.2176,0.3248,0.5538,0,,,,,,,,,,,0,,,,,,45,32,0.7111,11.18,15.72,14.71,0.76,5.19,0.697,0.0889,0.5111,0.2889,0,106.3,82.0,106.3,24.3,11.71,0.1496,0.0,0.0,82.0,2.75,4.0,1.25
00-0028237,Chris Hogan,WR,NE,2018,15,13,0.0,0.0,3.67,0.1073,0.1448,0.2623,0,,,,,,,,,,,0,,,,,,55,35,0.6364,9.67,15.2,11.85,0.816,5.51,0.3868,0.0545,0.4,0.2909,0,106.2,104.2,106.2,2.0,6.95,0.0796,0.0,0.0,104.2,3.25,3.0,-0.25
00-0034860,Dante Pettis,WR,SF,2018,9,7,0.0,0.11,5.0,0.1515,0.2205,0.3816,0,,,,,,,,,,,1,-2.0,0.0,-1.1799,0.0,0.0,45,27,0.6,10.38,17.3,11.13,0.932,7.59,0.3898,0.1111,0.4222,0.2667,0,103.5,77.1,103.5,26.4,8.56,0.1242,0.0,0.7,76.3,1.92,5.0,3.08
00-0033589,David Moore,WR,SEA,2018,14,11,0.0,0.07,3.79,0.1607,0.2587,0.4222,0,,,,,,,,,,,1,5.0,0.0,0.0132,0.0,0.0,53,26,0.4906,8.4,17.12,15.83,0.53,3.58,0.223,0.0943,0.3585,0.2075,0,101.0,102.6,101.0,-1.6,7.33,0.1076,0.0,0.8,101.8,5.76,5.0,-0.76
00-0034765,Tre'Quan Smith,WR,NO,2018,13,10,0.0,0.0,3.38,0.115,0.171,0.2922,0,,,,,,,,,,,0,,,,,,44,28,0.6364,9.7,15.25,11.75,0.826,4.14,0.5392,0.1136,0.5227,0.2045,0,100.7,93.2,100.7,7.5,7.17,0.0871,0.0,0.0,93.2,4.18,5.0,0.82
00-0033943,Josh Reynolds,WR,LA,2018,11,8,0.0,0.18,4.82,0.1334,0.184,0.3289,0,,,,,,,,,,,2,4.0,0.0,0.114,0.5,0.5,53,29,0.5472,7.58,13.86,12.4,0.612,4.45,0.115,0.0943,0.434,0.2264,0,100.0,113.8,100.0,-13.8,10.35,0.116,0.0,1.3,112.5,5.71,5.0,-0.71
00-0034510,Robert Foster,WR,BUF,2018,11,8,0.0,0.0,4.0,0.1431,0.2526,0.3915,0,,,,,,,,,,,0,,,,,,44,27,0.6136,12.3,20.04,20.59,0.597,6.19,0.8268,0.0682,0.4545,0.3182,0,99.1,75.2,99.1,23.9,6.83,0.1051,0.0,0.0,75.2,2.33,3.0,0.67
00-0034764,Michael Gallup,WR,DAL,2018,15,13,0.0,0.0,4.53,0.1401,0.2724,0.4009,0,,,,,,,,,,,0,,,,,,68,33,0.4853,7.46,15.36,14.07,0.53,5.24,0.128,0.0294,0.3088,0.1765,0,97.7,117.5,95.7,-21.8,7.83,0.1106,0.0,0.0,117.5,3.18,2.0,-1.18
00-0029572,Jarius Wright,WR,CAR,2018,16,13,0.0,0.12,3.69,0.1063,0.084,0.2182,0,,,,,,,,,,,2,19.5,0.0,1.1563,0.5,0.5,59,43,0.7288,7.58,10.4,6.19,1.225,4.6,0.1945,0.0169,0.4237,0.1525,1,97.6,96.0,97.6,1.5,6.0,0.0784,0.0,1.4,94.6,1.82,1.0,-0.82
00-0030669,Albert Wilson,WR,MIA,2018,7,7,0.14,1.14,5.0,0.1701,0.1619,0.3685,1,1.0,52.0,1.0,0.0,0.0,4.352,43.477,2.737,1.0,1.0,8,2.0,0.0,-0.2905,0.25,0.0,35,26,0.7429,11.17,15.04,7.03,1.589,12.88,0.3104,0.1143,0.3143,0.2286,0,96.8,60.8,96.8,36.0,8.69,0.1406,0.5,5.6,54.7,1.03,5.0,3.97
00-0032128,Chris Conley,WR,KC,2018,15,12,0.0,0.0,3.47,0.094,0.0838,0.1997,0,,,,,,,,,,,0,,,,,,52,32,0.6154,6.42,10.44,8.37,0.768,4.38,0.2051,0.0962,0.3462,0.1538,2,91.4,100.9,91.4,-9.5,6.73,0.076,0.0,0.0,100.9,4.37,5.0,0.63
00-0033681,Keelan Cole,WR,JAX,2018,13,11,0.0,0.0,5.38,0.152,0.1978,0.3665,0,,,,,,,,,,,0,,,,,,70,38,0.5429,7.01,12.92,9.87,0.711,3.58,-0.066,0.0143,0.3571,0.1429,2,89.1,102.2,89.1,-13.1,7.86,0.1135,0.0,0.0,102.2,1.67,1.0,-0.67
00-0033911,Taywan Taylor,WR,TEN,2018,13,10,0.0,0.0,4.31,0.1676,0.2761,0.4447,0,,,,,,,,,,,0,,,,,,56,37,0.6607,8.32,12.59,13.07,0.637,4.35,0.0083,0.0179,0.3393,0.1429,1,87.6,95.0,87.6,-7.4,7.31,0.1137,0.0,0.0,95.0,2.14,1.0,-1.14
00-0030068,Marquise Goodwin,WR,SF,2018,11,9,0.0,0.36,4.0,0.1356,0.2396,0.371,0,,,,,,,,,,,4,2.25,0.0,-0.3611,0.0,0.0,44,23,0.5227,8.98,17.17,13.98,0.642,5.48,0.2172,0.0909,0.4318,0.2045,0,87.4,82.7,87.4,4.7,7.52,0.1126,0.0,3.1,79.5,2.22,4.0,1.78
00-0031023,Quincy Enunwa,WR,NYJ,2018,11,11,0.0,0.09,6.18,0.2092,0.1687,0.4319,0,,,,,,,,,,,1,0.0,0.0,-0.4403,0.0,0.0,68,38,0.5588,6.6,11.82,7.16,0.922,7.5,-0.0427,0.0147,0.3235,0.1618,1,86.9,103.7,86.9,-16.8,9.42,0.151,0.0,0.8,102.9,2.15,1.0,-1.15
00-0028002,Randall Cobb,WR,GB,2018,9,7,0.0,0.0,6.78,0.1779,0.1611,0.3796,0,,,,,,,,,,,0,,,,,,61,38,0.623,6.28,10.08,8.56,0.734,6.13,0.0341,0.0328,0.2951,0.0984,1,86.3,98.5,86.3,-12.2,10.94,0.142,0.0,0.0,98.5,2.19,2.0,-0.19
00-0033460,John Ross,WR,CIN,2018,13,10,0.0,0.31,4.46,0.1464,0.2306,0.381,0,,,,,,,,,,,4,2.25,0.0,-0.4783,0.0,0.0,58,21,0.3621,3.62,10.0,13.91,0.26,2.81,-0.3713,0.1207,0.2241,0.069,0,84.9,110.2,84.9,-25.3,8.48,0.1189,0.0,3.1,107.1,5.0,7.0,2.0
00-0031941,Jamison Crowder,WR,WAS,2018,9,6,0.0,0.44,5.44,0.2001,0.2164,0.4516,0,,,,,,,,,,,4,7.5,0.0,0.1263,0.25,0.25,49,29,0.5918,7.92,13.38,9.41,0.842,7.03,0.228,0.0408,0.3061,0.1429,0,82.8,77.0,82.8,5.8,8.56,0.1399,0.0,2.4,74.6,1.51,2.0,0.49
00-0032208,Phillip Dorsett,WR,NE,2018,11,9,0.0,0.36,3.82,0.113,0.1426,0.2693,0,,,,,,,,,,,4,7.25,0.0,0.28,0.5,0.5,42,32,0.7619,6.9,9.06,10.52,0.656,3.12,0.1037,0.0714,0.4048,0.0952,0,81.9,78.3,81.9,3.6,7.12,0.085,0.0,3.0,75.3,2.31,3.0,0.69
00-0029159,Jermaine Kearse,WR,NYJ,2018,13,11,0.0,0.0,5.85,0.1846,0.1957,0.4138,0,,,,,,,,,,,0,,,,,,76,37,0.4868,4.88,10.03,9.3,0.525,3.38,-0.092,0.0132,0.2632,0.1053,0,80.1,117.4,80.1,-37.3,9.03,0.135,0.0,0.0,117.4,2.82,1.0,-1.82
00-0028411,Dontrelle Inman,WR,IND,2018,8,5,0.0,0.0,4.88,0.1375,0.1758,0.3293,0,,,,,,,,,,,0,,,,,,39,28,0.7179,7.79,10.86,10.28,0.758,2.07,0.6111,0.0769,0.4103,0.1538,0,76.4,75.1,76.4,1.3,9.39,0.1085,0.0,0.0,75.1,2.93,3.0,0.07
00-0032775,Demarcus Robinson,WR,KC,2018,14,11,0.0,0.0,2.36,0.0649,0.0804,0.1537,0,,,,,,,,,,,0,,,,,,33,22,0.6667,8.73,13.09,11.7,0.746,5.27,0.2978,0.1212,0.3636,0.1515,0,74.8,62.2,74.8,12.6,4.44,0.05,0.0,0.0,62.2,2.4,4.0,1.6
00-0031068,Ryan Grant,WR,IND,2018,14,11,0.0,0.0,3.71,0.0834,0.1018,0.1964,0,,,,,,,,,,,0,,,,,,52,35,0.6731,6.42,9.54,9.13,0.703,2.66,0.1943,0.0192,0.3462,0.0769,0,74.4,82.8,74.4,-8.4,5.91,0.0665,0.0,0.0,82.8,1.37,1.0,-0.37
00-0032200,Ty Montgomery,WR,GB,2018,12,10,0.0,3.42,3.33,0.1045,0.0223,0.1723,0,,,,,,,,,,,41,4.59,0.0244,0.0181,0.2439,0.1463,40,25,0.625,5.88,9.4,1.7,3.456,8.52,-0.138,0.0,0.175,0.075,0,73.3,87.1,72.8,-14.3,7.26,0.0913,0.0,26.5,60.6,2.18,1.0,-1.18
00-0032791,Jakeem Grant,WR,MIA,2018,10,10,0.0,0.1,3.4,0.1187,0.1027,0.2499,0,,,,,,,,,,,1,5.0,0.0,1.1745,0.0,0.0,34,21,0.6176,7.88,12.76,8.09,0.975,6.67,0.3323,0.0588,0.3824,0.2059,0,72.3,53.0,60.3,7.3,5.3,0.0849,0.0,0.7,52.3,0.41,2.0,1.59
00-0032778,Tajae Sharpe,WR,TEN,2018,14,12,0.0,0.07,3.36,0.1224,0.1853,0.3133,0,,,,,,,,,,,1,16.0,0.0,1.1549,1.0,1.0,47,26,0.5532,6.72,12.15,10.7,0.628,3.19,0.1029,0.0426,0.4681,0.2553,0,71.2,85.1,71.2,-13.9,6.08,0.0935,0.0,0.7,84.4,3.31,2.0,-1.31
00-0032951,Laquon Treadwell,WR,MIN,2018,15,13,0.0,0.0,3.53,0.0926,0.0784,0.1938,0,,,,,,,,,,,0,,,,,,53,35,0.6604,5.7,8.63,6.04,0.944,3.43,-0.2182,0.0189,0.3019,0.0566,0,71.2,84.0,71.2,-12.8,5.6,0.0733,0.0,0.0,84.0,1.55,1.0,-0.55
00-0028116,Aldrick Robinson,WR,MIN,2018,14,11,0.0,0.0,2.5,0.0727,0.1655,0.2249,0,,,,,,,,,,,0,,,,,,35,17,0.4857,6.6,13.59,17.17,0.384,2.47,0.2607,0.1429,0.3429,0.1429,0,70.1,64.2,70.1,5.9,4.59,0.0615,0.0,0.0,64.2,2.35,5.0,2.65
00-0033562,Ryan Switzer,WR,PIT,2018,16,13,0.0,0.38,2.75,0.0627,0.0302,0.1153,0,,,,,,,,,,,6,3.5,0.0,-0.2386,0.0,0.0,44,36,0.8182,5.75,7.03,3.36,1.709,3.81,0.1443,0.0227,0.3409,0.0455,0,69.4,76.7,69.4,-7.3,4.79,0.0531,0.0,3.2,73.6,2.08,1.0,-1.08
00-0031359,Kelvin Benjamin,WR,BUF,2018,15,12,0.0,0.0,4.47,0.1486,0.2587,0.404,0,,,,,,,,,,,0,,,,,,67,25,0.3731,5.67,15.2,15.6,0.364,2.56,-0.4647,0.0149,0.2388,0.1194,0,69.0,109.1,69.0,-40.1,7.27,0.1071,0.0,0.0,109.1,3.24,1.0,-2.24
00-0033251,Zach Pascal,WR,IND,2018,11,9,0.0,0.18,4.18,0.0932,0.0996,0.2095,0,,,,,,,,,,,2,5.0,0.0,0.0584,0.0,0.0,46,27,0.587,5.83,9.93,9.52,0.612,3.0,-0.104,0.0435,0.3261,0.1087,0,66.8,81.8,66.8,-15.0,7.43,0.0797,0.0,1.4,80.3,2.19,2.0,-0.19
00-0034370,DaeSean Hamilton,WR,DEN,2018,8,5,0.0,0.0,5.75,0.143,0.1691,0.3329,0,,,,,,,,,,,0,,,,,,46,30,0.6522,5.28,8.1,8.63,0.612,2.23,0.1373,0.0435,0.3478,0.0652,0,66.3,72.0,66.3,-5.7,9.0,0.114,0.0,0.0,72.0,1.51,2.0,0.49
00-0034366,Keke Coutee,WR,HOU,2018,6,6,0.0,0.5,6.83,0.2195,0.1649,0.4447,0,,,,,,,,,,,3,0.0,0.0,-0.6755,0.0,0.0,41,28,0.6829,7.0,10.25,5.07,1.38,7.5,0.0541,0.0244,0.3171,0.1463,0,62.7,71.4,62.7,-8.7,11.9,0.1587,0.0,2.1,69.2,1.59,1.0,-0.59
00-0032626,Geronimo Allison,WR,GB,2018,5,5,0.0,0.0,6.0,0.1532,0.2153,0.3804,0,,,,,,,,,,,0,,,,,,30,20,0.6667,10.1,15.15,12.93,0.781,5.3,0.5794,0.0667,0.3667,0.1667,0,62.3,50.6,62.3,11.7,10.12,0.1285,0.0,0.0,50.6,1.12,2.0,0.88
00-0032054,Breshad Perriman,WR,CLE,2018,10,7,0.0,0.4,2.5,0.074,0.1461,0.2132,0,,,,,,,,,,,4,0.5,0.0,-0.6694,0.0,0.0,25,16,0.64,13.6,21.25,18.36,0.741,4.69,0.7696,0.08,0.52,0.4,0,62.2,52.4,62.2,9.8,5.24,0.073,0.0,2.9,49.5,1.99,2.0,0.01
00-0030821,Allen Hurns,WR,DAL,2018,13,11,0.0,0.0,2.69,0.0882,0.1207,0.2168,0,,,,,,,,,,,0,,,,,,35,20,0.5714,8.43,14.75,11.4,0.739,3.9,0.3795,0.0571,0.3143,0.2,0,61.5,60.9,61.5,0.6,4.69,0.0648,0.0,0.0,60.9,2.4,2.0,-0.4
00-0031547,DeVante Parker,WR,MIA,2018,11,8,0.0,0.0,4.27,0.1575,0.2169,0.3881,0,,,,,,,,,,,0,,,,,,47,24,0.5106,6.57,12.88,12.94,0.508,3.92,0.0258,0.0213,0.2979,0.1277,0,60.9,78.2,60.6,-17.6,7.1,0.1253,0.0,0.0,78.2,2.11,1.0,-1.11
00-0030300,Jaron Brown,WR,SEA,2018,10,8,0.0,0.0,1.9,0.0771,0.0977,0.1841,0,,,,,,,,,,,0,,,,,,19,14,0.7368,8.74,11.86,12.84,0.68,3.29,0.9168,0.2632,0.4737,0.2105,0,60.6,39.5,60.6,21.1,3.95,0.0586,0.0,0.0,39.5,2.53,5.0,2.47
00-0033375,Tim Patrick,WR,DEN,2018,10,7,0.0,0.3,4.1,0.1026,0.1516,0.2601,0,,,,,,,,,,,3,5.67,0.0,0.2596,0.6667,0.6667,41,23,0.561,7.68,13.7,10.61,0.724,4.87,0.0811,0.0244,0.3659,0.1951,1,60.2,65.9,60.2,-5.7,6.59,0.0812,0.0,2.2,63.8,1.18,1.0,-0.18
00-0031326,Bruce Ellington,WR,DET,2018,7,7,0.14,0.14,6.0,0.1842,0.1076,0.3517,1,0.0,0.0,0.0,0.0,0.0,-0.4401,0.0,0.0,0.0,0.0,1,2.0,0.0,-0.5099,0.0,0.0,42,31,0.7381,5.33,7.23,4.86,1.098,3.48,0.0203,0.0238,0.3333,0.0714,0,59.6,66.0,59.6,-6.4,9.43,0.1288,0.5,0.6,64.9,1.0,1.0,0.0
00-0032362,Maurice Harris,WR,WAS,2018,11,10,0.0,0.18,4.27,0.1265,0.1319,0.2821,0,,,,,,,,,,,2,5.0,0.0,-0.0059,0.5,0.0,47,28,0.5957,6.47,10.86,9.87,0.655,3.57,-0.188,0.0,0.2553,0.1064,0,59.4,80.1,59.4,-20.7,7.28,0.1071,0.0,1.4,78.7,1.83,0.0,-1.83
00-0031257,Paul Richardson,WR,WAS,2018,7,7,0.0,0.29,5.0,0.1464,0.2415,0.3886,0,,,,,,,,,,,2,4.5,0.0,0.0414,0.0,0.0,35,20,0.5714,7.49,13.1,12.34,0.606,2.3,0.2235,0.0571,0.3429,0.2,0,59.1,64.7,59.1,-5.6,9.24,0.1205,0.0,1.3,63.4,1.9,2.0,0.1
00-0026345,Pierre Garcon,WR,SF,2018,8,8,0.0,0.0,5.75,0.1801,0.2395,0.4379,0,,,,,,,,,,,0,,,,,,46,24,0.5217,6.22,11.92,8.85,0.703,4.08,0.1048,0.0217,0.3043,0.1522,0,58.6,76.0,58.6,-17.4,9.5,0.1331,0.0,0.0,76.0,1.04,1.0,-0.04
00-0033292,Trent Taylor,WR,SF,2018,13,10,0.0,0.0,3.08,0.0903,0.0709,0.1851,0,,,,,,,,,,,0,,,,,,40,26,0.65,5.38,8.27,5.97,0.9,3.88,-0.1598,0.025,0.275,0.05,0,55.5,65.8,55.5,-10.3,5.07,0.0701,0.0,0.0,65.8,1.49,1.0,-0.49
00-0033466,Isaiah McKenzie,WR,BUF,2018,6,4,0.0,1.67,5.0,0.177,0.1018,0.3368,0,,,,,,,,,,,10,6.6,0.2,0.5222,0.4,0.3,30,18,0.6,5.97,9.94,8.2,0.728,4.22,0.0196,0.0,0.3333,0.1333,0,54.5,54.1,54.5,0.4,9.02,0.1346,0.0,11.2,43.0,1.45,2.0,0.55
00-0034279,Equanimeous St. Brown,WR,GB,2018,11,9,0.0,0.09,3.27,0.0925,0.1309,0.2304,0,,,,,,,,,,,1,5.0,0.0,0.1063,0.0,0.0,36,21,0.5833,9.11,15.62,14.03,0.65,5.71,0.2852,0.0,0.3611,0.2778,0,54.3,62.4,54.3,-8.1,5.67,0.0686,0.0,0.7,61.6,0.97,0.0,-0.97
00-0028825,Terrelle Pryor,WR,NYJ,2018,8,8,0.0,0.12,3.75,0.1187,0.1804,0.3043,0,,,,,,,,,,,1,-1.0,0.0,-1.0739,0.0,0.0,30,16,0.5333,8.4,15.75,12.4,0.677,3.88,0.1341,0.0667,0.3667,0.3,0,53.1,55.7,53.1,-2.6,6.96,0.1034,0.0,0.5,55.2,2.17,2.0,-0.17
00-0025396,Ted Ginn,WR,NO,2018,5,4,0.0,0.6,6.0,0.151,0.3308,0.458,0,,,,,,,,,,,3,8.67,0.0,0.2644,0.3333,0.3333,30,17,0.5667,6.97,12.29,16.63,0.419,2.82,-0.036,0.0667,0.3333,0.1333,1,52.5,69.9,52.5,-17.4,13.98,0.1438,0.0,3.3,66.6,3.07,2.0,-1.07
00-0027996,Torrey Smith,WR,CAR,2018,8,6,0.0,0.0,3.88,0.1144,0.1858,0.3017,0,,,,,,,,,,,0,,,,,,31,17,0.5484,6.13,11.18,13.45,0.456,2.82,0.2387,0.0645,0.3871,0.0968,0,50.0,52.4,50.0,-2.4,6.55,0.0856,0.0,0.0,52.4,1.36,2.0,0.64
00-0031189,T.J. Jones,WR,DET,2018,12,9,0.0,0.0,2.25,0.0641,0.097,0.164,0,,,,,,,,,,,0,,,,,,27,19,0.7037,7.04,10.0,9.93,0.709,1.89,0.3926,0.0741,0.3704,0.1111,0,50.0,44.2,48.0,3.8,3.68,0.0498,0.0,0.0,44.2,1.23,2.0,0.77
00-0032398,Chris Moore,WR,BAL,2018,15,12,0.0,0.33,1.67,0.0526,0.0644,0.124,0,,,,,,,,,,,5,3.4,0.0,0.578,0.2,0.0,25,19,0.76,7.84,10.32,11.52,0.681,3.11,0.3613,0.04,0.32,0.16,0,46.3,46.1,46.3,0.2,3.07,0.0379,0.0,3.3,42.8,0.94,1.0,0.06
00-0034487,Trent Sherfield,WR,ARI,2018,7,4,0.0,0.0,4.0,0.1311,0.1613,0.3095,0,,,,,,,,,,,0,,,,,,28,19,0.6786,7.5,11.05,11.25,0.667,2.0,0.2139,0.0357,0.3929,0.1786,0,46.0,44.0,46.0,2.0,6.29,0.1084,0.0,0.0,44.0,0.92,1.0,0.08
00-0034317,Keith Kirkwood,WR,NO,2018,7,5,0.0,0.0,3.0,0.1,0.1997,0.2897,0,,,,,,,,,,,0,,,,,,21,13,0.619,9.95,16.08,13.71,0.726,3.77,0.523,0.0952,0.4762,0.2857,0,45.9,40.0,45.9,5.9,5.72,0.0676,0.0,0.0,40.0,0.99,2.0,1.01
00-0031373,Martavis Bryant,WR,LV,2018,7,7,0.0,0.43,3.86,0.1085,0.2129,0.3117,0,,,,,,,,,,,3,7.67,0.0,0.061,0.3333,0.3333,27,19,0.7037,9.85,14.0,11.85,0.831,6.89,0.0222,0.0,0.3704,0.2963,1,45.9,50.3,45.9,-4.4,7.18,0.0955,0.0,2.3,47.9,1.22,0.0,-1.22
00-0031763,DeAndre Carter,WR,HOU,2018,8,5,0.0,0.12,3.12,0.0958,0.036,0.1689,0,,,,,,,,,,,1,7.0,0.0,0.1384,0.0,0.0,25,22,0.88,8.64,9.82,3.44,2.512,6.82,0.2905,0.0,0.4,0.08,0,44.3,39.6,44.3,4.7,4.95,0.0652,0.0,0.7,38.9,0.67,0.0,-0.67
00-0034676,James Washington,WR,PIT,2018,12,9,0.0,0.0,3.17,0.0733,0.1544,0.218,0,,,,,,,,,,,0,,,,,,38,16,0.4211,5.71,13.56,16.84,0.339,3.31,0.0787,0.0263,0.2895,0.0789,0,43.7,69.1,43.7,-25.4,5.76,0.0618,0.0,0.0,69.1,1.71,1.0,-0.71
00-0030670,Bennie Fowler,WR,NYG,2018,10,7,0.0,0.0,2.7,0.0734,0.0872,0.1711,0,,,,,,,,,,,0,,,,,,27,16,0.5926,7.37,12.44,9.67,0.762,4.75,0.4129,0.037,0.4444,0.1481,0,41.9,44.0,41.9,-2.1,4.4,0.0579,0.0,0.0,44.0,1.6,1.0,-0.6
00-0033933,Chad Williams,WR,ARI,2018,10,8,0.0,0.1,4.6,0.1546,0.2164,0.3834,0,,,,,,,,,,,1,9.0,0.0,0.8156,0.0,0.0,46,17,0.3696,3.72,10.06,12.74,0.292,0.94,-0.3842,0.0217,0.1957,0.0435,0,41.0,77.3,41.0,-36.3,7.73,0.1272,0.0,0.7,76.7,2.29,1.0,-1.29
00-0030147,Russell Shepard,WR,NYG,2018,7,6,0.0,0.0,2.71,0.0761,0.1694,0.2328,0,,,,,,,,,,,0,,,,,,19,10,0.5263,9.89,18.8,17.53,0.565,1.6,0.3559,0.1053,0.3684,0.2105,0,40.8,31.0,40.8,9.8,4.43,0.0586,0.0,0.0,31.0,0.8,2.0,1.2
00-0029269,Travis Benjamin,WR,LAC,2018,12,9,0.0,0.58,2.0,0.0554,0.1389,0.1804,0,,,,,,,,,,,7,5.86,0.0,0.0275,0.2857,0.2857,24,12,0.5,7.75,15.5,19.67,0.394,5.42,-0.1091,0.0417,0.375,0.1667,0,40.7,48.1,40.7,-7.4,4.01,0.054,0.0,4.7,43.4,1.33,1.0,-0.33
00-0030525,Tavon Austin,WR,DAL,2018,7,6,0.0,0.86,1.86,0.0611,0.1154,0.1724,0,,,,,,,,,,,6,9.17,0.0,0.2794,0.3333,0.5,13,8,0.6154,10.77,17.5,16.0,0.673,4.62,0.2147,0.1538,0.3846,0.1538,0,39.5,28.8,39.5,10.7,4.11,0.0621,0.0,4.5,24.3,1.06,2.0,0.94
00-0031570,Justin Hardy,WR,ATL,2018,8,6,0.0,0.0,2.75,0.0675,0.0475,0.1344,0,,,,,,,,,,,0,,,,,,22,14,0.6364,6.05,9.5,6.0,1.008,5.07,-0.0055,0.0909,0.3636,0.1364,0,39.3,42.4,39.3,-3.1,5.3,0.0573,0.0,0.0,42.4,1.59,2.0,0.41
00-0032543,Alex Erickson,WR,CIN,2018,11,8,0.0,0.27,2.64,0.0893,0.0889,0.1962,0,,,,,,,,,,,3,7.33,0.0,0.4784,0.3333,0.3333,29,20,0.6897,5.76,8.35,9.14,0.63,3.75,0.0478,0.0,0.2414,0.0345,0,38.9,52.5,38.9,-13.6,4.77,0.067,0.0,2.4,50.1,1.62,0.0,-1.62
00-0027691,Andre Roberts,WR,NYJ,2018,7,5,0.0,0.29,2.57,0.0806,0.0558,0.16,0,,,,,,,,,,,2,10.0,0.0,0.7018,0.5,0.5,18,10,0.5556,4.39,7.9,8.5,0.516,1.7,-0.3622,0.0556,0.2222,0.0556,0,37.9,30.2,25.9,-4.3,4.31,0.0684,0.0,1.3,28.8,0.95,1.0,0.05
00-0027681,Brandon LaFell,WR,LV,2018,4,4,0.0,0.0,4.0,0.1411,0.1688,0.3298,0,,,,,,,,,,,0,,,,,,16,12,0.75,8.44,11.25,8.31,1.015,4.42,0.5966,0.125,0.5625,0.125,0,37.5,30.5,37.5,7.0,7.62,0.1189,0.0,0.0,30.5,1.49,2.0,0.51
00-0032795,Cody Core,WR,CIN,2018,10,7,0.0,0.0,2.8,0.0952,0.1569,0.2525,0,,,,,,,,,,,0,,,,,,28,13,0.4643,5.71,12.31,13.11,0.436,2.77,0.0781,0.0357,0.25,0.1071,0,37.0,45.5,37.0,-8.5,4.55,0.0679,0.0,0.0,45.5,0.77,1.0,0.23
00-0034747,Marcell Ateman,WR,LV,2018,6,4,0.0,0.0,5.17,0.16,0.1976,0.3783,0,,,,,,,,,,,0,,,,,,31,15,0.4839,4.97,10.27,10.94,0.454,2.07,-0.0527,0.0323,0.2258,0.0645,0,36.4,47.6,36.4,-11.2,7.94,0.1092,0.0,0.0,47.6,0.68,1.0,0.32
00-0031344,Cody Latimer,WR,NYG,2018,5,3,0.0,0.0,3.2,0.0833,0.2343,0.2889,0,,,,,,,,,,,0,,,,,,16,11,0.6875,11.88,17.27,19.88,0.597,2.09,0.7016,0.0625,0.375,0.25,0,36.0,25.6,36.0,10.4,5.13,0.0662,0.0,0.0,25.6,0.69,1.0,0.31
00-0034286,Richie James,WR,SF,2018,6,4,0.0,0.0,2.33,0.0743,0.0489,0.1456,0,,,,,,,,,,,0,,,,,,14,9,0.6429,9.29,14.44,4.0,2.321,11.22,-0.3357,0.0714,0.2857,0.2143,0,34.0,23.7,28.0,4.3,3.96,0.0504,0.0,0.0,23.7,0.94,1.0,0.06
00-0029319,Josh Bellamy,WR,CHI,2018,13,10,0.0,0.0,1.92,0.0648,0.0779,0.1518,0,,,,,,,,,,,0,,,,,,25,14,0.56,4.68,8.36,11.76,0.398,3.29,-0.34,0.04,0.32,0.08,0,33.7,43.4,33.7,-9.7,3.34,0.0451,0.0,0.0,43.4,1.17,1.0,-0.17
00-0029388,Deonte Thompson,WR,DAL,2018,12,10,0.0,0.0,2.5,0.0941,0.1117,0.2194,0,,,,,,,,,,,0,,,,,,30,17,0.5667,5.37,9.47,12.57,0.427,2.24,-0.198,0.0,0.3333,0.0,0,33.1,46.2,33.1,-13.1,3.85,0.0597,0.0,0.0,46.2,0.3,0.0,-0.3
00-0033094,Marvin Hall,WR,ATL,2018,13,10,0.0,0.15,1.46,0.0384,0.052,0.094,0,,,,,,,,,,,2,0.0,0.0,-0.7129,0.0,0.0,19,10,0.5263,7.84,14.9,10.95,0.716,5.7,0.0295,0.0526,0.2632,0.1579,0,30.9,40.5,30.9,-9.6,3.12,0.0364,0.0,1.9,38.6,1.08,1.0,-0.08
00-0033382,Austin Carr,WR,NO,2018,9,8,0.0,0.0,1.56,0.0508,0.0612,0.119,0,,,,,,,,,,,0,,,,,,14,9,0.6429,6.93,10.78,9.36,0.74,2.44,0.4969,0.1429,0.3571,0.0714,0,30.7,31.2,30.7,-0.5,3.46,0.0392,0.0,0.0,31.2,1.75,2.0,0.25
00-0024334,Brandon Marshall,WR,SEA,2018,6,6,0.0,0.0,3.83,0.1366,0.1656,0.3209,0,,,,,,,,,,,0,,,,,,23,11,0.4783,5.91,12.36,11.17,0.529,2.09,-0.1093,0.0435,0.3043,0.1304,0,30.6,37.1,30.6,-6.5,6.19,0.099,0.0,0.0,37.1,0.86,1.0,0.14
00-0034777,DJ Chark,WR,JAX,2018,10,9,0.0,0.0,3.2,0.0949,0.1137,0.222,0,,,,,,,,,,,0,,,,,,32,14,0.4375,5.44,12.43,9.81,0.554,3.21,-0.3925,0.0,0.1875,0.0938,1,29.4,51.5,29.4,-22.1,5.15,0.0709,0.0,0.0,51.5,1.3,0.0,-1.3
00-0028263,Andre Holmes,WR,BUF,2018,11,10,0.0,0.0,2.18,0.0745,0.1133,0.1911,0,,,,,,,,,,,0,,,,,,24,13,0.5417,6.75,12.46,13.04,0.518,3.85,0.0455,0.0,0.3333,0.2083,0,29.2,36.8,29.2,-7.6,3.34,0.0502,0.0,0.0,36.8,0.85,0.0,-0.85
00-0031972,Darius Jennings,WR,TEN,2018,8,6,0.12,0.12,1.88,0.0684,0.0793,0.1581,1,1.0,21.0,0.0,0.0,0.0,1.2713,56.533,2.1,1.0,1.0,1,2.0,0.0,-0.578,0.0,0.0,15,11,0.7333,6.73,9.18,10.2,0.66,3.36,-0.1212,0.0,0.1333,0.0667,0,28.1,23.9,22.1,-1.7,2.98,0.0455,0.3,0.9,22.8,0.33,0.0,-0.33
00-0029638,Michael Floyd,WR,WAS,2018,10,7,0.0,0.0,2.4,0.0901,0.1376,0.2314,0,,,,,,,,,,,0,,,,,,24,10,0.4167,4.17,10.0,14.29,0.292,2.9,-0.1317,0.0417,0.2083,0.0833,0,28.0,39.1,28.0,-11.1,3.91,0.0631,0.0,0.0,39.1,0.89,1.0,0.11
00-0034273,Damion Ratley,WR,CLE,2018,5,5,0.0,0.0,4.0,0.1032,0.1232,0.2411,0,,,,,,,,,,,0,,,,,,20,13,0.65,7.2,11.08,11.35,0.634,3.92,0.0161,0.0,0.25,0.15,0,27.4,32.4,27.4,-5.0,6.47,0.0796,0.0,0.0,32.4,0.67,0.0,-0.67
00-0032707,Andy Jones,WR,DET,2018,5,2,0.0,0.0,4.8,0.1452,0.2001,0.3579,0,,,,,,,,,,,0,,,,,,24,11,0.4583,3.33,7.27,9.12,0.365,2.36,-0.1523,0.0417,0.25,0.0,0,25.0,37.2,25.0,-12.2,7.44,0.1096,0.0,0.0,37.2,1.14,1.0,-0.14
00-0031912,Cameron Meredith,WR,NO,2018,3,3,0.0,0.0,3.33,0.1047,0.153,0.2641,0,,,,,,,,,,,0,,,,,,10,9,0.9,11.4,12.67,9.2,1.239,4.22,0.1607,0.1,0.4,0.2,1,24.4,20.2,24.4,4.2,6.73,0.0673,0.0,0.0,20.2,0.71,1.0,0.29
00-0031787,Jake Kumerow,WR,GB,2018,4,1,0.0,0.0,2.75,0.0648,0.0689,0.1455,0,,,,,,,,,,,0,,,,,,11,8,0.7273,9.36,12.88,10.09,0.928,2.88,0.7038,0.0909,0.3636,0.0909,0,24.3,16.1,24.3,8.2,4.02,0.0473,0.0,0.0,16.1,0.17,1.0,0.83
00-0034646,Brandon Powell,WR,DET,2018,4,1,0.0,0.25,4.25,0.1247,0.0541,0.225,0,,,,,,,,,,,1,4.0,0.0,0.0214,0.0,0.0,17,11,0.6471,7.59,11.73,3.35,2.263,10.45,0.2262,0.0,0.3529,0.1176,0,24.3,24.5,24.3,-0.2,6.13,0.0839,0.0,0.6,23.9,0.16,0.0,-0.16
00-0034653,Deontay Burnett,WR,NYJ,2018,5,3,0.0,0.0,3.0,0.0995,0.1104,0.2265,0,,,,,,,,,,,0,,,,,,15,10,0.6667,9.53,14.3,10.8,0.883,2.5,0.402,0.0,0.4667,0.2,0,24.3,21.5,24.3,2.8,4.31,0.0642,0.0,0.0,21.5,0.35,0.0,-0.35
00-0034339,Trey Quinn,WR,WAS,2018,2,2,0.0,0.5,5.0,0.1345,0.1016,0.2729,0,,,,,,,,,,,1,0.0,0.0,-0.5719,0.0,0.0,10,9,0.9,7.5,8.33,7.3,1.027,1.89,0.0257,0.1,0.5,0.0,0,22.5,15.2,22.5,7.3,7.59,0.0994,0.0,0.7,14.5,0.33,1.0,0.67
00-0032980,Marcus Johnson,WR,IND,2018,4,4,0.0,0.25,2.0,0.0386,0.064,0.1027,0,,,,,,,,,,,1,-2.0,0.0,-0.9097,0.0,0.0,8,6,0.75,12.75,17.0,13.75,0.927,4.67,1.1949,0.125,0.625,0.5,0,22.0,13.3,22.0,8.7,3.33,0.0337,0.0,0.7,12.6,0.2,1.0,0.8
00-0031782,Eli Rogers,WR,PIT,2018,3,0,0.0,0.33,4.67,0.1139,0.0747,0.2231,0,,,,,,,,,,,1,-4.0,0.0,-1.0687,0.0,0.0,14,12,0.8571,5.64,6.58,4.43,1.274,3.33,0.0812,0.0,0.3571,0.0714,0,21.5,20.8,21.5,0.7,6.92,0.0819,0.0,0.7,20.1,0.05,0.0,-0.05
00-0034631,Vyncint Smith,WR,HOU,2018,4,2,0.0,0.0,2.5,0.0698,0.1393,0.2023,0,,,,,,,,,,,0,,,,,,10,5,0.5,9.1,18.2,19.3,0.472,1.2,0.3391,0.1,0.3,0.2,0,20.1,19.7,20.1,0.4,4.94,0.0582,0.0,0.0,19.7,1.25,1.0,-0.25
00-0033060,Leonte Carroo,WR,MIA,2018,3,2,0.0,0.33,1.33,0.0481,0.1892,0.2047,0,,,,,,,,,,,1,14.0,0.0,2.8846,1.0,1.0,4,2,0.5,23.5,47.0,26.25,0.895,18.0,1.7176,0.25,0.5,0.5,0,18.8,7.2,18.8,11.6,2.39,0.0405,0.0,0.3,6.9,0.22,1.0,0.78
00-0030516,Brice Butler,WR,MIA,2018,5,4,0.0,0.0,2.0,0.084,0.1106,0.2034,0,,,,,,,,,,,0,,,,,,10,6,0.6,6.0,10.0,13.8,0.435,0.17,0.1155,0.1,0.4,0.1,0,18.0,15.9,18.0,2.1,3.18,0.0608,0.0,0.0,15.9,0.38,1.0,0.62
00-0028114,Dwayne Harris,WR,LV,2018,7,7,0.0,0.29,0.86,0.027,-0.0027,0.0386,0,,,,,,,,,,,2,6.0,0.0,-0.4049,0.5,0.5,6,6,1.0,6.67,6.67,-1.17,-5.714,7.83,-0.192,0.0,0.1667,0.0,0,17.2,14.1,11.2,-2.9,2.02,0.0261,0.0,2.7,11.4,0.88,0.0,-0.88
00-0034652,Cameron Batson,WR,TEN,2018,6,6,0.0,0.17,1.83,0.0677,0.0493,0.136,0,,,,,,,,,,,1,1.0,0.0,-0.1668,1.0,0.0,11,8,0.7273,7.45,10.25,6.64,1.123,6.75,-0.1773,0.0,0.4545,0.0909,0,16.3,16.3,16.3,-0.0,2.72,0.0388,0.0,0.8,15.5,0.16,0.0,-0.16
00-0032881,Tommylee Lewis,WR,NO,2018,4,2,0.0,0.5,0.75,0.0313,0.0724,0.0977,0,,,,,,,,,,,2,5.0,0.0,-2.1583,0.0,0.0,3,3,1.0,20.0,20.0,19.67,1.017,0.33,1.6789,0.3333,1.0,0.6667,1,14.0,10.8,14.0,3.2,2.71,0.0379,0.0,2.6,8.3,0.76,1.0,0.24
00-0032112,J.J. Nelson,WR,ARI,2018,9,9,0.0,0.44,2.11,0.0635,0.1554,0.204,0,,,,,,,,,,,4,0.0,0.0,-0.4696,0.0,0.0,19,7,0.3684,3.37,9.14,18.84,0.179,3.43,-0.6482,0.0,0.2105,0.1053,0,13.4,36.3,13.4,-22.9,4.03,0.0638,0.0,2.5,33.8,0.94,0.0,-0.94
00-0031545,Kevin White,WR,CHI,2018,3,2,0.0,0.0,2.67,0.0868,0.2063,0.2747,0,,,,,,,,,,,0,,,,,,8,4,0.5,11.5,23.0,23.12,0.497,1.5,-0.0879,0.0,0.375,0.25,0,13.2,12.9,13.2,0.3,4.31,0.053,0.0,0.0,12.9,0.33,0.0,-0.33
00-0032966,Corey Coleman,WR,NYG,2018,6,4,0.0,0.17,1.33,0.0449,0.0755,0.1202,0,,,,,,,,,,,1,5.0,0.0,0.0568,0.0,0.0,8,5,0.625,8.88,14.2,12.5,0.71,1.6,0.7146,0.0,0.625,0.125,0,12.6,15.4,12.6,-2.8,2.57,0.0364,0.0,0.7,14.7,0.59,0.0,-0.59
00-0031060,De'Anthony Thomas,WR,KC,2018,3,3,0.0,0.33,1.67,0.0511,0.0642,0.1215,0,,,,,,,,,,,1,6.0,0.0,0.3855,0.0,0.0,5,3,0.6,5.8,9.67,13.6,0.426,10.0,0.4464,0.2,0.6,0.0,0,12.5,13.2,12.5,-0.7,4.4,0.0502,0.0,0.8,12.4,0.93,1.0,0.07
00-0034411,Russell Gage,WR,ATL,2018,5,2,0.0,0.0,2.0,0.0592,0.0752,0.1414,0,,,,,,,,,,,0,,,,,,10,6,0.6,6.3,10.5,10.5,0.6,3.17,0.3914,0.0,0.2,0.1,0,12.3,17.9,12.3,-5.6,3.58,0.0453,0.0,0.0,17.9,0.22,0.0,-0.22
00-0028497,Kamar Aiken,WR,PHI,2018,2,2,0.0,0.0,3.5,0.0738,0.0698,0.1596,0,,,,,,,,,,,0,,,,,,7,6,0.8571,7.57,8.83,6.71,1.128,1.83,-0.0301,0.0,0.2857,0.1429,0,11.3,10.8,11.3,0.5,5.42,0.0581,0.0,0.0,10.8,0.02,0.0,-0.02
00-0033591,Noah Brown,WR,DAL,2018,5,2,0.0,0.0,1.6,0.0512,0.0716,0.127,0,,,,,,,,,,,0,,,,,,8,5,0.625,6.75,10.8,9.38,0.72,4.0,0.2285,0.0,0.25,0.125,0,10.4,17.5,10.4,-7.1,3.49,0.0499,0.0,0.0,17.5,1.11,0.0,-1.11
00-0032170,Rashad Greene,WR,JAX,2018,5,4,0.0,0.0,1.6,0.0472,0.0532,0.108,0,,,,,,,,,,,0,,,,,,8,6,0.75,7.5,10.0,7.5,1.0,2.5,0.0731,0.0,0.375,0.0,1,10.0,11.7,10.0,-1.7,2.35,0.0321,0.0,0.0,11.7,0.02,0.0,-0.02
00-0033434,Bobo Wilson,WR,TB,2018,3,1,0.0,0.0,1.67,0.0403,0.0387,0.0875,0,,,,,,,,,,,0,,,,,,5,4,0.8,10.4,13.0,10.8,0.963,5.0,0.1581,0.0,0.4,0.4,0,9.2,8.7,9.2,0.5,2.91,0.0325,0.0,0.0,8.7,0.17,0.0,-0.17
00-0034258,Derrick Willies,WR,CLE,2018,1,1,0.0,0.0,5.0,0.119,0.1394,0.2761,0,,,,,,,,,,,0,,,,,,5,3,0.6,12.2,20.33,11.4,1.07,10.67,0.1465,0.0,0.4,0.2,0,9.1,7.9,9.1,1.2,7.86,0.0954,0.0,0.0,7.9,0.02,0.0,-0.02
00-0034407,Ray-Ray McCloud,WR,BUF,2018,7,5,0.0,0.29,0.86,0.0311,0.0038,0.0494,0,,,,,,,,,,,2,2.0,0.0,-0.4941,0.0,0.0,6,5,0.8333,6.0,7.2,2.17,2.769,5.6,-0.0953,0.0,0.3333,0.1667,0,9.0,9.5,9.0,-0.5,1.36,0.0205,0.0,1.2,8.3,0.05,0.0,-0.05
00-0034499,Jawill Davis,WR,NYG,2018,3,2,0.0,0.0,2.67,0.0667,0.1307,0.1915,0,,,,,,,,,,,0,,,,,,8,4,0.5,5.0,10.0,15.88,0.315,1.0,0.1371,0.0,0.375,0.125,0,8.0,12.2,8.0,-4.2,4.07,0.0556,0.0,0.0,12.2,0.24,0.0,-0.24
00-0034309,Chad Beebe,WR,MIN,2018,2,2,0.0,0.0,2.0,0.0793,0.0561,0.1582,0,,,,,,,,,,,0,,,,,,4,4,1.0,9.75,9.75,6.75,1.444,3.0,0.9618,0.0,0.75,0.25,0,7.9,5.9,7.9,2.0,2.96,0.0432,0.0,0.0,5.9,0.03,0.0,-0.03
00-0034686,Auden Tate,WR,CIN,2018,4,3,0.0,0.0,3.0,0.0898,0.1045,0.2079,0,,,,,,,,,,,0,,,,,,12,4,0.3333,2.92,8.75,10.17,0.287,0.5,-0.5738,0.0,0.1667,0.0,0,7.5,19.5,7.5,-12.0,4.87,0.079,0.0,0.0,19.5,0.55,0.0,-0.55
00-0029580,Rishard Matthews,WR,TEN,2018,5,4,0.0,0.0,1.8,0.0773,0.0544,0.154,0,,,,,,,,,,,0,,,,,,9,5,0.5556,2.67,4.8,5.0,0.533,1.0,-0.3668,0.0,0.1111,0.0,0,7.4,11.8,7.4,-4.4,2.37,0.0409,0.0,0.0,11.8,0.07,0.0,-0.07
00-0034426,Javon Wims,WR,CHI,2018,2,1,0.0,0.0,2.5,0.0962,0.0718,0.1945,0,,,,,,,,,,,0,,,,,,5,4,0.8,6.4,8.0,6.8,0.941,0.5,0.4467,0.0,0.4,0.2,0,7.2,7.2,7.2,0.0,3.6,0.0492,0.0,0.0,7.2,0.07,0.0,-0.07
00-0034489,Jalen Tolliver,WR,ARI,2018,3,1,0.0,0.0,2.0,0.058,0.0959,0.1542,0,,,,,,,,,,,0,,,,,,6,3,0.5,6.17,12.33,13.83,0.446,4.67,-0.0756,0.0,0.5,0.0,0,6.7,9.2,6.7,-2.5,3.05,0.045,0.0,0.0,9.2,0.09,0.0,-0.09
00-0033573,Shelton Gibson,WR,PHI,2018,2,2,0.0,0.0,1.5,0.0369,0.1587,0.1664,0,,,,,,,,,,,0,,,,,,3,1,0.3333,16.0,48.0,33.33,0.48,0.0,0.0779,0.0,0.3333,0.3333,0,5.8,6.1,5.8,-0.3,3.05,0.0372,0.0,0.0,6.1,0.23,0.0,-0.23
00-0034054,River Cracraft,WR,DEN,2018,1,0,0.0,0.0,2.0,0.0426,0.1979,0.2023,0,,,,,,,,,,,0,,,,,,2,1,0.5,22.0,44.0,37.0,0.595,1.0,0.0975,0.0,0.5,0.5,0,5.4,3.8,5.4,1.6,3.81,0.0422,0.0,0.0,3.8,0.23,0.0,-0.23
00-0030521,Justin Hunter,WR,PIT,2018,4,4,0.0,0.0,3.25,0.083,0.1888,0.2567,0,,,,,,,,,,,0,,,,,,13,3,0.2308,1.62,7.0,20.46,0.079,0.67,-0.3047,0.0,0.1538,0.0,0,5.1,24.4,5.1,-19.4,6.11,0.0681,0.0,0.0,24.4,1.05,0.0,-1.05
00-0029640,Brian Quick,WR,WAS,2018,2,2,0.0,0.0,1.5,0.0438,0.0301,0.0868,0,,,,,,,,,,,0,,,,,,3,3,1.0,6.0,6.0,5.67,1.059,0.33,0.7738,0.0,0.6667,0.0,0,4.8,4.7,4.8,0.1,2.35,0.0278,0.0,0.0,4.7,0.01,0.0,-0.01
00-0032959,Charone Peake,WR,NYJ,2018,3,3,0.0,0.0,1.0,0.0314,0.0414,0.0761,0,,,,,,,,,,,0,,,,,,3,2,0.6667,8.33,12.5,10.67,0.781,2.0,-1.309,0.0,0.6667,0.0,0,4.5,3.9,4.5,0.6,1.3,0.0211,0.0,0.0,3.9,0.0,0.0,0.0
00-0034867,Malik Turner,WR,SEA,2018,2,2,0.0,0.0,1.5,0.0651,0.0119,0.106,0,,,,,,,,,,,0,,,,,,3,2,0.6667,6.67,10.0,3.67,1.818,7.0,0.3063,0.0,0.3333,0.3333,0,4.0,4.4,4.0,-0.4,2.21,0.0355,0.0,0.0,4.4,0.01,0.0,-0.01
00-0030542,Terrance Williams,WR,DAL,2018,2,2,0.0,0.0,1.5,0.0562,0.0617,0.1275,0,,,,,,,,,,,0,,,,,,3,2,0.6667,6.0,9.0,9.0,0.667,3.0,0.2079,0.0,0.3333,0.0,0,3.8,4.8,3.8,-1.0,2.41,0.0416,0.0,0.0,4.8,0.01,0.0,-0.01
00-0029848,Nick Williams,WR,LA,2018,3,3,0.0,0.0,1.67,0.0649,0.0765,0.1508,0,,,,,,,,,,,0,,,,,,5,2,0.4,3.4,8.5,9.4,0.362,2.5,-0.6447,0.0,0.2,0.0,0,3.7,9.1,3.7,-5.4,3.05,0.0418,0.0,0.0,9.1,0.22,0.0,-0.22
00-0034854,KhaDarel Hodge,WR,LA,2018,3,2,0.0,0.0,1.0,0.0242,0.0258,0.0544,0,,,,,,,,,,,0,,,,,,3,2,0.6667,5.67,8.5,8.0,0.708,0.0,-0.6683,0.0,0.3333,0.0,0,3.7,5.3,3.7,-1.6,1.78,0.0164,0.0,0.0,5.3,0.13,0.0,-0.13
00-0034268,J'Mon Moore,WR,GB,2018,2,1,0.0,0.0,1.5,0.0391,0.0238,0.0754,0,,,,,,,,,,,0,,,,,,3,2,0.6667,5.0,7.5,6.33,0.789,3.0,-0.1625,0.0,0.3333,0.0,0,3.5,4.3,3.5,-0.8,2.17,0.0262,0.0,0.0,4.3,0.02,0.0,-0.02
00-0034052,Brandon Zylstra,WR,MIN,2018,2,1,0.0,0.0,1.0,0.0289,0.0664,0.0899,0,,,,,,,,,,,0,,,,,,2,1,0.5,11.5,23.0,21.5,0.535,8.0,0.1053,0.0,0.5,0.5,0,3.3,3.3,3.3,0.0,1.63,0.0238,0.0,0.0,3.3,0.17,0.0,-0.17
00-0033474,Gehrig Dieter,WR,KC,2018,2,1,0.0,0.0,1.5,0.0506,0.0694,0.1244,0,,,,,,,,,,,0,,,,,,3,1,0.3333,7.33,22.0,18.0,0.407,13.0,-0.5066,0.0,0.3333,0.3333,0,3.2,5.4,3.2,-2.2,2.72,0.0291,0.0,0.0,5.4,0.11,0.0,-0.11
00-0028091,Jeremy Kerley,WR,BUF,2018,1,1,0.0,0.0,4.0,0.125,0.0408,0.216,0,,,,,,,,,,,0,,,,,,4,2,0.5,1.75,3.5,3.75,0.467,7.5,-0.5084,0.0,0.0,0.0,0,2.7,4.5,2.7,-1.8,4.55,0.0787,0.0,0.0,4.5,0.01,0.0,-0.01
00-0033379,Tim White,WR,BAL,2018,1,1,0.0,0.0,1.0,0.025,0.0362,0.0628,0,,,,,,,,,,,0,,,,,,1,1,1.0,14.0,14.0,14.0,1.0,0.0,2.1641,0.0,1.0,0.0,0,2.4,1.8,2.4,0.6,1.75,0.0176,0.0,0.0,1.8,0.01,0.0,-0.01
00-0032166,Sammie Coates,WR,HOU,2018,2,2,0.0,0.0,1.0,0.0272,0.0129,0.0498,0,,,,,,,,,,,0,,,,,,2,1,0.5,6.0,12.0,4.5,1.333,5.0,0.1301,0.0,0.5,0.0,0,2.2,2.8,2.2,-0.6,1.4,0.0152,0.0,0.0,2.8,0.05,0.0,-0.05
00-0033859,Josh Malone,WR,CIN,2018,3,2,0.0,0.0,1.67,0.0448,0.0405,0.0956,0,,,,,,,,,,,0,,,,,,5,1,0.2,2.4,12.0,7.2,0.333,0.0,-1.4874,0.0,0.2,0.0,0,2.2,6.8,2.2,-4.6,2.28,0.031,0.0,0.0,6.8,0.02,0.0,-0.02
00-0033306,Victor Bolden,WR,BUF,2018,1,1,0.0,0.0,4.0,0.0741,0.1808,0.2376,0,,,,,,,,,,,0,,,,,,4,1,0.25,2.5,10.0,11.75,0.213,1.0,-0.7009,0.0,0.25,0.0,0,2.0,5.9,2.0,-3.9,5.9,0.0536,0.0,0.0,5.9,0.17,0.0,-0.17
00-0034512,Cam Phillips,WR,BUF,2018,1,1,0.0,0.0,1.0,0.025,0.0048,0.0409,0,,,,,,,,,,,0,,,,,,1,1,1.0,9.0,9.0,2.0,4.5,7.0,0.3519,0.0,0.0,0.0,0,1.9,1.3,1.9,0.6,1.28,0.0188,0.0,0.0,1.3,0.0,0.0,0.0
00-0031868,Damiere Byrd,WR,CAR,2018,2,2,0.0,0.0,1.0,0.032,0.0576,0.0884,0,,,,,,,,,,,0,,,,,,2,1,0.5,4.0,8.0,12.5,0.32,1.0,-0.5452,0.0,0.5,0.0,0,1.8,3.2,1.8,-1.4,1.59,0.0221,0.0,0.0,3.2,0.02,0.0,-0.02
00-0033441,Keon Hatcher,WR,LV,2018,1,1,0.0,0.0,2.0,0.0606,0.0459,0.123,0,,,,,,,,,,,0,,,,,,2,1,0.5,4.0,8.0,7.0,0.571,8.0,-0.6506,0.0,0.0,0.0,0,1.8,3.1,1.8,-1.3,3.06,0.0493,0.0,0.0,3.1,0.01,0.0,-0.01
00-0034710,Darvin Kidsy,WR,WAS,2018,1,0,0.0,0.0,2.0,0.0741,0.0682,0.1588,0,,,,,,,,,,,0,,,,,,2,1,0.5,4.0,8.0,9.0,0.444,2.0,0.997,0.0,0.5,0.0,0,1.8,2.8,1.8,-0.9,2.75,0.059,0.0,0.0,2.8,0.0,0.0,0.0
00-0034521,Allen Lazard,WR,GB,2018,1,0,0.0,0.0,1.0,0.0278,0.0173,0.0538,0,,,,,,,,,,,0,,,,,,1,1,1.0,7.0,7.0,7.0,1.0,0.0,0.3259,0.0,0.0,0.0,0,1.7,1.4,1.7,0.3,1.39,0.0219,0.0,0.0,1.4,0.0,0.0,0.0
00-0033572,Jamal Agnew,WR,DET,2018,1,1,0.0,1.0,0.0,0.0,0.0,0.0,0,,,,,,,,,,,1,17.0,0.0,1.005,1.0,1.0,0,0,,,,,,,,,,,0,1.7,0.7,1.7,1.0,0.66,0.0118,0.0,0.7,0.0,0.02,0.0,-0.02
00-0033481,Marcus Kemp,WR,KC,2018,2,2,0.0,0.0,1.0,0.031,0.011,0.0542,0,,,,,,,,,,,0,,,,,,2,1,0.5,3.5,7.0,2.0,1.75,8.0,-0.4013,0.0,0.0,0.0,0,1.7,2.6,1.7,-0.9,1.3,0.0164,0.0,0.0,2.6,0.0,0.0,0.0
00-0034386,Justin Watson,WR,TB,2018,3,2,0.0,0.0,1.0,0.0282,0.0131,0.0515,0,,,,,,,,,,,0,,,,,,3,1,0.3333,1.67,5.0,5.0,0.333,0.0,-0.6303,0.0,0.0,0.0,0,1.5,4.5,1.5,-3.0,1.51,0.0169,0.0,0.0,4.5,0.01,0.0,-0.01
00-0033464,Jehu Chesson,WR,WAS,2018,3,2,0.0,0.33,0.67,0.0199,0.0242,0.0468,0,,,,,,,,,,,1,-4.0,0.0,-1.294,0.0,0.0,2,1,0.5,3.5,7.0,11.0,0.318,0.0,0.5595,0.0,0.5,0.0,0,1.3,3.9,1.3,-2.6,1.29,0.0204,0.0,0.7,3.1,0.01,0.0,-0.01
00-0034560,J.J. Jones,WR,LAC,2018,2,1,0.0,0.5,0.5,0.0179,0.0033,0.0291,0,,,,,,,,,,,1,0.0,0.0,-0.7527,0.0,0.0,1,1,1.0,3.0,3.0,2.0,1.5,1.0,-0.6239,0.0,0.0,0.0,0,1.3,2.0,1.3,-0.7,1.0,0.0158,0.0,0.8,1.2,0.01,0.0,-0.01
00-0026983,Darrius Heyward-Bey,WR,PIT,2018,3,3,0.0,0.33,0.67,0.0198,0.0203,0.0438,0,,,,,,,,,,,1,-7.0,0.0,-2.0965,0.0,0.0,2,1,0.5,4.5,9.0,12.5,0.36,10.0,0.1396,0.0,0.0,0.0,0,1.2,4.5,1.2,-3.3,1.49,0.0175,0.0,0.7,3.7,0.27,0.0,-0.27
00-0033111,Pharoh Cooper,WR,LA,2018,1,1,0.0,0.0,1.0,0.0312,0.0172,0.0589,0,,,,,,,,,,,0,,,,,,1,0,0.0,0.0,,6.0,0.0,,-1.0021,0.0,0.0,0.0,0,0.0,1.6,0.0,-1.6,1.61,0.0182,0.0,0.0,1.6,0.01,0.0,-0.01
00-0033471,Isaiah Ford,WR,MIA,2018,1,1,0.0,0.0,1.0,0.0417,0.0249,0.0799,0,,,,,,,,,,,0,,,,,,1,0,0.0,0.0,,6.0,0.0,,-0.7439,0.0,0.0,0.0,0,0.0,1.6,0.0,-1.6,1.6,0.0312,0.0,0.0,1.6,0.04,0.0,-0.04
00-0030737,Freddie Martino,WR,TB,2018,1,1,0.0,0.0,1.0,0.0357,0.0088,0.0597,0,,,,,,,,,,,0,,,,,,1,0,0.0,0.0,,3.0,0.0,,-2.0921,0.0,0.0,0.0,0,0.0,3.8,0.0,-3.8,3.83,0.0472,0.0,0.0,3.8,0.52,0.0,-0.52
00-0033968,Stacy Coley,WR,MIN,2018,1,1,0.0,0.0,1.0,0.0208,0.0249,0.0487,0,,,,,,,,,,,0,,,,,,1,0,0.0,0.0,,9.0,0.0,,-0.2238,0.0,0.0,0.0,0,0.0,1.4,0.0,-1.4,1.41,0.0155,0.0,0.0,1.4,0.01,0.0,-0.01
00-0026901,Mike Wallace,WR,PHI,2018,1,1,0.0,0.0,3.0,0.0857,0.3825,0.3963,0,,,,,,,,,,,0,,,,,,3,0,0.0,0.0,,36.33,0.0,,-0.2435,0.0,0.0,0.0,0,0.0,5.1,0.0,-5.1,5.07,0.0705,0.0,0.0,5.1,0.11,0.0,-0.11
00-0034593,Chris Lacy,WR,DET,2018,1,0,0.0,0.0,1.0,0.0303,0.0423,0.075,0,,,,,,,,,,,0,,,,,,1,0,0.0,0.0,,9.0,0.0,,-0.4952,0.0,0.0,0.0,0,0.0,1.5,0.0,-1.5,1.51,0.021,0.0,0.0,1.5,0.04,0.0,-0.04
00-0033773,Riley McCarron,WR,NE,2018,1,1,0.0,0.0,1.0,0.0256,0.0844,0.0975,0,,,,,,,,,,,0,,,,,,1,0,0.0,0.0,,27.0,0.0,,-0.5396,0.0,0.0,0.0,0,0.0,2.0,0.0,-2.0,1.97,0.0226,0.0,0.0,2.0,0.0,0.0,0.0
00-0032935,Johnny Holton,WR,LV,2018,1,1,0.0,0.0,1.0,0.0303,0.1475,0.1487,0,,,,,,,,,,,0,,,,,,1,0,0.0,0.0,,45.0,0.0,,-0.7448,0.0,0.0,0.0,0,0.0,2.4,0.0,-2.4,2.4,0.0386,0.0,0.0,2.4,0.07,0.0,-0.07
00-0031953,Geremy Davis,WR,LAC,2018,1,1,0.0,0.0,1.0,0.0323,0.0,0.0484,0,,,,,,,,,,,0,,,,,,1,0,0.0,0.0,,0.0,,,-0.7955,0.0,0.0,0.0,0,0.0,1.1,0.0,-1.1,1.05,0.0136,0.0,0.0,1.1,0.0,0.0,0.0
00-0029129,Rod Streater,WR,CLE,2018,1,1,0.0,1.0,0.0,0.0,0.0,0.0,0,,,,,,,,,,,1,-11.0,0.0,-0.8162,0.0,0.0,0,0,,,,,,,,,,,0,-1.1,0.6,-1.1,-1.7,0.55,0.0067,0.0,0.6,0.0,0.0,0.0,0.0
