player_id,name,pos,team,season,games,gp14,att_pg,car_pg,tgt_pg,tgt_share,ay_share,wopr,att,cmp_pct,ypa,pass_td_rate,int_rate,sack_rate,epa_db,cpoe,pacr,pass_fd_rate,pass_expl_rate,car,ypc,rush_td_rate,epa_car,rush_fd_rate,rush_expl_rate,tgt,rec,catch_rate,ypt,ypr,adot,racr,yac_rec,epa_tgt,rec_td_rate,rec_fd_rate,rec_expl_rate,fum_lost,wk_act,wk_res,wk_ina,wk_hurt,wk_bench,fp_ppr,fp_exp,fp_act,fp_diff,fp_exp_pg,exp_share,pass_fp_exp,rush_fp_exp,rec_fp_exp,td_exp,td_act,td_diff
00-0034857,Josh Allen,QB,BUF,2023,17,13,34.06,6.53,0.0,0.0,0.0,0.0,579,0.6649,7.44,0.0501,0.0311,0.0398,0.1521,4.959,0.857,0.3437,0.0846,111,4.72,0.1351,0.4899,0.5135,0.1532,0,0,,,,,,,,,,,3,17,0,0,0,0,392.6,378.3,392.6,14.3,22.25,0.2798,266.9,111.4,0.0,38.96,44.0,5.04
00-0036389,Jalen Hurts,QB,PHI,2023,17,13,31.65,9.24,0.0,0.0,0.0,0.0,538,0.6543,7.17,0.0428,0.0279,0.0627,0.1087,3.796,0.832,0.3439,0.0892,157,3.85,0.0955,0.1356,0.4331,0.1146,0,0,,,,,,,,,,,4,17,0,0,0,0,356.8,386.5,358.8,-27.6,22.73,0.2929,229.9,156.6,0.0,35.8,38.0,2.2
00-0033077,Dak Prescott,QB,DAL,2023,17,13,34.71,3.24,0.0,0.0,0.0,0.0,590,0.6949,7.65,0.061,0.0153,0.062,0.192,3.881,0.986,0.3763,0.1051,55,4.4,0.0364,0.238,0.3818,0.1636,0,0,,,,,,,,,,,1,17,0,0,0,0,342.8,360.3,344.8,-15.5,21.19,0.2465,322.4,37.9,0.0,44.91,38.0,-6.91
00-0034796,Lamar Jackson,QB,BAL,2023,16,13,28.56,9.25,0.0,0.0,0.0,0.0,457,0.6718,8.05,0.0525,0.0153,0.0749,0.1196,3.448,0.958,0.3654,0.1116,148,5.55,0.0338,0.0686,0.3243,0.1959,0,0,,,,,,,,,,,2,16,0,1,1,0,331.2,333.4,339.2,5.9,20.84,0.2797,209.3,124.0,0.0,29.78,29.0,-0.78
00-0036264,Jordan Love,QB,GB,2023,17,13,34.06,2.94,0.0,0.0,0.0,0.0,579,0.6425,7.18,0.0553,0.019,0.0493,0.1445,1.159,0.849,0.361,0.095,50,4.94,0.08,-0.1469,0.32,0.16,0,0,,,,,,,,,,,2,17,0,0,0,0,319.1,289.6,321.1,31.5,17.03,0.2324,251.1,38.5,0.0,32.11,36.0,3.89
00-0037834,Brock Purdy,QB,SF,2023,16,13,27.75,2.44,0.0,0.0,0.0,0.0,444,0.6937,9.64,0.0698,0.0248,0.0593,0.3046,5.223,1.177,0.4324,0.1622,39,3.69,0.0513,0.293,0.3846,0.1538,0,0,,,,,,,,,,,0,16,0,1,1,0,295.6,228.2,299.6,71.4,14.26,0.2016,204.8,23.4,0.0,23.1,33.0,9.9
00-0033106,Jared Goff,QB,DET,2023,17,13,35.59,1.88,0.0,0.0,0.0,0.0,605,0.6727,7.56,0.0496,0.0198,0.0472,0.1275,1.252,1.126,0.3752,0.114,32,0.66,0.0625,-0.6846,0.1562,0.0312,0,0,,,,,,,,,,,2,17,0,0,0,0,289.1,291.2,293.1,1.9,17.13,0.2081,277.1,14.1,0.0,29.68,32.0,2.32
00-0033873,Patrick Mahomes,QB,KC,2023,16,13,37.31,4.69,0.0,0.0,0.0,0.0,597,0.6717,7.01,0.0452,0.0235,0.0433,0.0817,2.707,1.08,0.3451,0.0838,75,5.19,0.0,0.1778,0.36,0.2,0,0,,,,,,,,,,,0,16,0,1,1,0,280.2,299.6,285.8,-13.8,18.73,0.2372,258.0,41.6,0.0,29.88,27.0,-2.88
00-0039163,C.J. Stroud,QB,HOU,2023,15,13,33.27,2.6,0.07,0.0016,-0.0003,0.0021,499,0.6393,8.23,0.0461,0.01,0.0708,0.1154,0.14,0.917,0.3768,0.1323,39,4.28,0.0769,0.1567,0.4359,0.2051,1,1,1.0,0.0,0.0,-1.0,-0.0,1.0,-0.8732,0.0,0.0,0.0,1,15,0,2,2,0,276.0,266.9,281.0,14.1,17.79,0.2347,230.1,35.4,1.4,26.27,26.0,-0.27
00-0034855,Baker Mayfield,QB,TB,2023,17,13,33.29,3.65,0.0,0.0,0.0,0.0,566,0.6431,7.14,0.0495,0.0177,0.066,0.0822,0.325,0.835,0.3322,0.106,62,2.63,0.0161,-0.2336,0.2581,0.0645,0,0,,,,,,,,,,,0,17,0,0,0,0,274.1,280.3,278.1,-2.2,16.49,0.2366,238.7,41.6,0.0,29.95,29.0,-0.95
00-0036212,Tua Tagovailoa,QB,MIA,2023,17,13,32.94,2.06,0.0,0.0,0.0,0.0,560,0.6929,8.26,0.0518,0.025,0.0492,0.2066,4.495,1.08,0.3964,0.1036,35,2.11,0.0,-1.118,0.1429,0.0,0,0,,,,,,,,,,,4,17,0,0,0,0,270.4,286.2,272.4,-13.8,16.84,0.2185,270.1,16.1,0.0,30.54,29.0,-1.54
00-0036971,Trevor Lawrence,QB,JAX,2023,16,13,35.25,4.38,0.0,0.0,0.0,0.0,564,0.656,7.12,0.0372,0.0248,0.0584,-0.0001,0.897,0.871,0.3174,0.0869,70,4.84,0.0571,0.0198,0.3286,0.1857,0,0,,,,,,,,,,,2,16,0,1,1,0,262.5,291.7,272.5,-19.2,18.23,0.2352,230.4,61.3,0.0,27.43,25.0,-2.43
00-0037077,Sam Howell,QB,WAS,2023,17,13,36.0,2.82,0.06,0.0021,0.0004,0.0034,612,0.634,6.45,0.0343,0.0343,0.096,-0.153,-0.517,0.86,0.2941,0.0719,48,5.48,0.1042,0.5143,0.3958,0.2292,1,1,1.0,4.0,4.0,1.0,4.0,3.0,-0.3059,0.0,0.0,0.0,1,17,0,0,0,0,257.5,284.4,259.5,-24.9,16.73,0.2275,237.3,45.3,1.8,28.37,26.0,-2.37
00-0029263,Russell Wilson,QB,DEN,2023,15,13,29.8,5.33,0.0,0.0,0.0,0.0,447,0.6644,6.87,0.0582,0.0179,0.0915,-0.0308,5.007,0.963,0.302,0.0805,80,4.26,0.0375,0.2196,0.475,0.1625,0,0,,,,,,,,,,,1,17,0,0,0,2,256.9,257.6,264.9,7.3,17.17,0.2618,198.8,58.8,0.0,29.31,29.0,-0.31
00-0026498,Matthew Stafford,QB,LA,2023,15,12,34.73,1.4,0.0,0.0,0.0,0.0,521,0.6257,7.61,0.0461,0.0211,0.0544,0.0984,-2.588,0.983,0.3589,0.119,21,3.1,0.0,0.1888,0.1905,0.0,0,0,,,,,,,,,,,0,15,0,2,2,0,243.1,276.5,243.0,-33.5,18.43,0.2264,257.9,17.6,1.0,32.1,24.0,-8.1
00-0031280,Derek Carr,QB,NO,2023,17,13,32.24,1.88,0.0,0.0,0.0,0.0,548,0.6843,7.08,0.0456,0.0146,0.0535,0.0484,3.122,0.906,0.3376,0.0858,32,1.25,0.0,-0.6336,0.125,0.0625,0,0,,,,,,,,,,,1,17,0,0,0,0,241.1,251.1,245.1,-6.0,14.77,0.1888,242.9,8.2,0.0,27.6,25.0,-2.6
00-0036355,Justin Herbert,QB,LAC,2023,13,13,35.08,4.0,0.08,0.0021,-0.0021,0.0016,456,0.6513,6.87,0.0439,0.0154,0.0598,0.0576,-0.324,0.898,0.3289,0.0921,52,4.38,0.0577,0.1035,0.3077,0.1731,1,1,1.0,10.0,10.0,-7.0,-1.429,17.0,1.7805,0.0,1.0,0.0,0,13,4,0,4,0,234.2,272.3,235.6,-36.7,20.95,0.2532,222.0,49.1,1.2,31.18,23.0,-8.18
00-0036945,Justin Fields,QB,CHI,2023,13,9,28.46,9.54,0.0,0.0,0.0,0.0,370,0.6135,6.92,0.0432,0.0243,0.1063,-0.0922,0.9,0.865,0.327,0.1216,124,5.3,0.0323,0.2082,0.3468,0.2097,0,0,,,,,,,,,,,1,13,0,4,4,0,230.2,262.5,236.2,-26.3,20.19,0.291,160.9,101.6,0.0,24.11,20.0,-4.11
00-0030565,Geno Smith,QB,SEA,2023,15,12,33.27,2.47,0.07,0.0026,-0.0042,0.0009,499,0.6473,7.26,0.0401,0.018,0.0585,0.0652,2.416,1.035,0.3387,0.0922,37,4.19,0.027,-0.1331,0.2703,0.1622,1,1,1.0,-2.0,-2.0,-8.0,0.25,6.0,-1.4415,0.0,0.0,0.0,1,16,0,1,1,1,227.3,244.2,231.3,-13.0,16.28,0.228,217.7,25.3,1.2,25.96,21.0,-4.96
00-0033949,Joshua Dobbs,QB,ARI,2023,13,13,32.08,5.92,0.0,0.0,0.0,0.0,417,0.6283,5.91,0.0312,0.024,0.0671,-0.1825,-1.9,0.742,0.3022,0.0695,77,5.47,0.0779,0.2022,0.4026,0.2078,0,0,,,,,,,,,,,2,14,0,3,3,1,200.7,218.0,210.7,-7.3,16.77,0.2374,159.9,58.1,0.0,18.17,19.0,0.83
00-0035289,Gardner Minshew,QB,IND,2023,16,12,30.62,2.12,0.0,0.0,0.0,0.0,490,0.6224,6.74,0.0306,0.0184,0.0649,-0.0126,-3.211,0.923,0.3,0.0735,34,2.94,0.0882,-0.0816,0.2059,0.0588,0,0,,,,,,,,,,,0,17,0,0,0,1,196.2,221.7,206.2,-15.5,13.86,0.1888,191.4,30.3,0.0,20.48,18.0,-2.48
00-0038122,Desmond Ridder,QB,ATL,2023,15,12,25.87,3.53,0.07,0.0037,-0.0063,0.0011,388,0.6418,7.31,0.0309,0.0309,0.074,-0.0769,-1.346,0.891,0.3505,0.0876,53,3.64,0.0943,-0.2724,0.3396,0.1132,1,1,1.0,-6.0,-6.0,-6.0,1.0,0.0,-1.5153,0.0,0.0,0.0,3,17,0,0,0,2,177.1,198.1,185.1,-12.9,13.2,0.1955,159.3,37.5,1.3,17.66,17.0,-0.66
00-0039150,Bryce Young,QB,CAR,2023,16,12,32.94,2.44,0.0,0.0,0.0,0.0,527,0.5977,5.46,0.0209,0.019,0.1053,-0.2704,-1.449,0.718,0.2524,0.0493,39,6.49,0.0,0.5813,0.4615,0.2308,0,0,,,,,,,,,,,0,16,0,1,1,0,156.4,195.4,168.4,-27.0,12.21,0.1925,164.9,30.4,0.0,14.75,11.0,-3.75
00-0029604,Kirk Cousins,QB,MIN,2023,8,8,38.88,1.75,0.0,0.0,0.0,0.0,311,0.6945,7.5,0.0579,0.0161,0.0518,0.1131,4.295,1.035,0.3601,0.1093,14,1.79,0.0,0.1205,0.4286,0.0714,0,0,,,,,,,,,,,1,8,9,0,9,0,149.7,160.9,155.7,-5.1,20.11,0.2466,152.1,8.7,0.0,19.59,18.0,-1.59
00-0036442,Joe Burrow,QB,CIN,2023,10,10,36.5,3.1,0.0,0.0,0.0,0.0,365,0.6685,6.33,0.0411,0.0164,0.0617,0.0157,1.198,0.984,0.3151,0.0575,31,2.84,0.0,-0.1133,0.2903,0.1613,0,0,,,,,,,,,,,0,10,7,0,7,0,147.2,172.4,149.2,-23.3,17.24,0.2262,159.8,12.6,0.0,18.24,15.0,-3.24
00-0035228,Kyler Murray,QB,ARI,2023,8,4,33.5,5.5,0.0,0.0,0.0,0.0,268,0.6567,6.71,0.0373,0.0187,0.0629,-0.0583,-2.298,0.93,0.3284,0.0821,44,5.55,0.0682,0.1531,0.3409,0.2045,0,0,,,,,,,,,,,0,8,9,0,9,0,146.4,155.2,144.4,-10.9,19.41,0.259,107.1,48.1,0.0,13.91,13.0,-0.91
00-0035100,Jake Browning,QB,CIN,2023,9,5,27.0,3.0,0.11,0.003,-0.0052,0.0009,243,0.7037,7.97,0.0494,0.0288,0.0899,0.0875,3.897,1.246,0.3827,0.1029,27,4.7,0.1111,0.3532,0.4444,0.1481,1,1,1.0,-7.0,-7.0,-7.0,1.0,0.0,-2.1029,0.0,0.0,0.0,0,17,0,0,0,8,144.4,119.3,144.4,25.1,13.26,0.1935,83.3,34.9,1.1,11.4,15.0,3.6
00-0038579,Aidan O'Connell,QB,LV,2023,11,7,31.18,1.55,0.0,0.0,0.0,0.0,343,0.621,6.47,0.035,0.0204,0.0654,-0.0485,-3.842,0.866,0.312,0.07,17,0.65,0.0588,-0.2422,0.4118,0.0,0,0,,,,,,,,,,,0,12,0,5,5,1,125.8,143.6,129.6,-14.0,13.05,0.1878,129.8,13.8,0.0,14.2,13.0,-1.2
00-0037013,Zach Wilson,QB,NYJ,2023,12,11,30.67,3.0,0.0,0.0,0.0,0.0,368,0.6005,6.17,0.0217,0.019,0.1111,-0.2444,-3.388,0.85,0.2826,0.0734,36,5.86,0.0,-0.4683,0.1944,0.2222,0,0,,,,,,,,,,,3,12,1,4,5,0,119.9,139.8,127.9,-11.8,11.65,0.1936,115.6,24.2,0.0,9.59,8.0,-1.59
00-0038102,Kenny Pickett,QB,PIT,2023,12,12,27.0,3.5,0.0,0.0,0.0,0.0,324,0.6204,6.39,0.0185,0.0123,0.0663,-0.1187,-2.143,0.905,0.2809,0.0772,42,1.29,0.0238,-0.1229,0.2857,0.0714,0,0,,,,,,,,,,,0,13,0,4,4,1,110.2,127.5,109.9,-17.6,10.62,0.1761,110.4,17.1,0.0,10.71,7.0,-3.71
00-0036972,Mac Jones,QB,NE,2023,11,11,31.36,2.36,0.0,0.0,0.0,0.0,345,0.6493,6.14,0.029,0.0348,0.0599,-0.1491,-2.898,0.88,0.2899,0.0493,26,3.69,0.0,-0.2066,0.4231,0.0769,0,0,,,,,,,,,,,1,16,0,1,1,5,106.4,136.0,108.3,-27.8,12.37,0.1839,123.4,12.6,0.0,11.07,10.0,-1.07
00-0039152,Will Levis,QB,TEN,2023,9,7,28.33,2.78,0.0,0.0,0.0,0.0,255,0.5843,7.09,0.0314,0.0157,0.0989,-0.0453,-0.199,0.673,0.3176,0.1255,25,2.28,0.04,-0.3771,0.28,0.08,0,0,,,,,,,,,,,2,9,0,8,8,0,102.0,105.0,106.0,1.0,11.66,0.1872,91.4,13.6,0.0,10.5,9.0,-1.5
00-0026158,Joe Flacco,QB,CLE,2023,5,2,40.8,1.8,0.0,0.0,0.0,0.0,204,0.6029,7.92,0.0637,0.0392,0.0377,-0.0026,-2.964,0.846,0.2941,0.1324,9,0.22,0.0,-0.0522,0.3333,0.0,0,0,,,,,,,,,,,0,6,0,0,0,1,100.8,92.5,102.8,10.4,18.5,0.222,90.6,1.9,0.0,10.13,13.0,2.87
00-0038476,Tommy DeVito,QB,NYG,2023,9,6,19.78,4.0,0.0,0.0,0.0,0.0,178,0.6404,6.19,0.0449,0.0169,0.1721,-0.2294,-3.296,0.958,0.2584,0.0899,36,5.42,0.0278,-0.0897,0.1944,0.1667,0,0,,,,,,,,,,,1,12,0,0,0,3,93.5,83.2,93.5,10.3,9.25,0.1646,55.4,26.9,1.0,5.87,9.0,3.13
00-0028118,Tyrod Taylor,QB,NYG,2023,10,6,18.0,3.8,0.0,0.0,0.0,0.0,180,0.6444,7.45,0.0278,0.0167,0.0863,0.0059,4.374,0.87,0.2889,0.1056,38,5.18,0.0,-0.0109,0.2632,0.1316,0,0,,,,,,,,,,,0,13,4,0,4,3,87.3,84.3,87.3,3.0,8.43,0.1387,59.6,24.6,0.0,5.63,5.0,-0.63
00-0033537,Deshaun Watson,QB,CLE,2023,6,6,28.5,4.33,0.0,0.0,0.0,0.0,171,0.614,6.52,0.0409,0.0234,0.0904,-0.1008,-0.065,0.7,0.3041,0.0702,26,5.46,0.0385,0.3822,0.3846,0.2692,0,0,,,,,,,,,,,1,6,8,3,11,0,86.8,85.6,88.8,3.2,14.27,0.1898,64.4,21.2,0.0,6.6,8.0,1.4
00-0029701,Ryan Tannehill,QB,TEN,2023,9,6,25.56,1.89,0.11,0.0043,-0.0008,0.0059,230,0.6478,7.03,0.0174,0.0304,0.1221,-0.0873,0.972,0.89,0.3217,0.0913,17,4.35,0.0588,-0.2393,0.2353,0.2353,1,0,0.0,0.0,,-1.0,-0.0,,-0.418,0.0,0.0,0.0,0,14,0,3,3,5,80.0,95.3,80.0,-15.3,10.59,0.1873,86.6,7.8,1.0,8.72,5.0,-3.72
00-0039164,Anthony Richardson,QB,IND,2023,4,4,21.0,6.25,0.0,0.0,0.0,0.0,84,0.5952,6.87,0.0357,0.0119,0.0769,0.0736,-7.566,0.854,0.369,0.1071,25,5.44,0.16,0.0172,0.32,0.16,0,0,,,,,,,,,,,1,4,12,1,13,0,72.7,54.2,72.7,18.5,13.54,0.1934,29.0,25.2,0.0,3.84,7.0,3.16
00-0038108,Bailey Zappe,QB,NE,2023,10,6,21.2,1.7,0.0,0.0,0.0,0.0,212,0.5991,6.0,0.0283,0.0425,0.1055,-0.3451,-4.327,0.754,0.25,0.0802,17,4.88,0.0588,0.2724,0.3529,0.1765,0,0,,,,,,,,,,,0,16,0,1,1,6,69.2,70.3,71.2,0.9,7.03,0.1287,59.7,10.6,0.0,3.58,7.0,3.42
00-0035282,Easton Stick,QB,LAC,2023,5,1,34.8,5.4,0.0,0.0,0.0,0.0,174,0.6379,6.49,0.0172,0.0057,0.0745,-0.1809,-4.782,0.938,0.3046,0.069,27,5.33,0.037,0.2977,0.4074,0.1111,0,0,,,,,,,,,,,0,17,0,0,0,12,67.6,85.1,75.4,-9.7,17.03,0.2263,56.6,28.5,0.0,7.25,4.0,-3.25
00-0033319,Nick Mullens,QB,MIN,2023,5,1,29.6,2.0,0.0,0.0,0.0,0.0,148,0.6757,8.82,0.0473,0.0541,0.075,0.0769,5.794,0.946,0.3851,0.1689,10,2.5,0.0,-0.0023,0.4,0.0,0,0,,,,,,,,,,,0,11,5,1,6,6,66.7,69.3,66.7,-2.6,13.86,0.1944,62.9,6.4,0.0,7.04,7.0,-0.04
00-0031800,Taylor Heinicke,QB,ATL,2023,5,3,27.2,3.0,0.0,0.0,0.0,0.0,136,0.5441,6.54,0.0368,0.0294,0.0556,-0.0114,-9.054,0.783,0.3015,0.0809,15,8.27,0.0667,0.6717,0.3333,0.4667,0,0,,,,,,,,,,,0,16,0,1,1,11,66.0,58.9,66.0,7.1,11.77,0.1723,47.7,11.2,0.0,4.26,6.0,1.74
00-0031345,Jimmy Garoppolo,QB,LV,2023,7,6,24.14,2.86,0.0,0.0,0.0,0.0,169,0.6509,7.13,0.0414,0.0533,0.0765,-0.099,-1.911,0.883,0.355,0.0533,20,1.95,0.0,-0.1356,0.3,0.0,0,0,,,,,,,,,,,0,15,0,2,2,8,64.1,81.9,64.1,-17.8,11.7,0.1792,73.7,8.2,0.0,7.08,7.0,-0.08
00-0035710,Daniel Jones,QB,NYG,2023,6,6,26.67,6.67,0.0,0.0,0.0,0.0,160,0.675,5.68,0.0125,0.0375,0.1579,-0.3232,0.406,0.829,0.2687,0.0563,40,5.15,0.025,0.1459,0.375,0.2,0,0,,,,,,,,,,,0,6,8,3,11,0,57.0,78.7,59.0,-19.8,13.12,0.2078,51.6,27.1,0.0,4.53,3.0,-1.53
00-0038416,Tyson Bagent,QB,CHI,2023,5,5,28.6,4.6,0.0,0.0,0.0,0.0,143,0.6573,6.01,0.021,0.042,0.0338,-0.1781,-2.44,1.055,0.3357,0.021,23,4.74,0.087,0.4793,0.4783,0.2174,0,0,,,,,,,,,,,0,13,0,4,4,8,53.3,75.9,57.3,-18.7,15.19,0.2229,52.3,23.6,0.0,7.45,5.0,-2.45
00-0033869,Mitchell Trubisky,QB,PIT,2023,5,4,21.4,3.2,0.0,0.0,0.0,0.0,107,0.6262,5.91,0.0374,0.0467,0.0614,-0.1631,-2.339,0.643,0.3364,0.0654,16,3.38,0.125,-0.0431,0.375,0.0625,0,0,,,,,,,,,,,1,16,0,1,1,11,48.7,52.1,48.7,-3.4,10.42,0.1597,33.1,19.0,0.0,4.54,6.0,1.46
00-0034771,Mason Rudolph,QB,PIT,2023,4,0,18.5,2.5,0.0,0.0,0.0,0.0,74,0.7432,9.72,0.0405,0.0,0.075,0.1791,12.587,1.388,0.3514,0.1216,10,0.8,0.0,-0.338,0.4,0.0,0,0,,,,,,,,,,,0,5,0,12,12,1,39.6,31.3,41.6,10.2,7.83,0.1263,27.8,3.6,0.0,2.76,3.0,0.24
00-0035704,Drew Lock,QB,SEA,2023,4,3,19.0,1.25,0.0,0.0,0.0,0.0,76,0.6316,7.14,0.0395,0.0395,0.0732,-0.0195,-5.031,0.874,0.2632,0.1316,5,2.8,0.0,-0.0422,0.2,0.2,0,0,,,,,,,,,,,0,17,0,0,0,13,29.1,28.5,29.1,0.6,7.12,0.112,25.6,2.8,0.0,1.49,3.0,1.51
00-0032156,Trevor Siemian,QB,NYJ,2023,5,1,30.6,2.2,0.0,0.0,0.0,0.0,153,0.5621,4.73,0.0131,0.0261,0.0497,-0.3391,-9.131,0.889,0.2288,0.0523,11,3.64,0.0,-0.6645,0.4545,0.0909,0,0,,,,,,,,,,,1,7,0,0,0,2,27.0,50.1,31.0,-19.2,10.03,0.1506,44.2,5.9,0.0,4.3,2.0,-2.3
00-0035264,Jarrett Stidham,QB,DEN,2023,2,0,33.0,4.5,0.0,0.0,0.0,0.0,66,0.6061,7.52,0.0303,0.0152,0.0959,0.0692,-3.708,0.878,0.2879,0.1212,9,0.89,0.0,-0.5714,0.1111,0.0,0,0,,,,,,,,,,,0,17,0,0,0,15,26.6,25.3,26.6,1.3,12.65,0.1952,23.0,2.3,0.0,1.97,2.0,0.03
00-0032950,Carson Wentz,QB,LA,2023,1,0,24.0,17.0,0.0,0.0,0.0,0.0,24,0.7083,6.79,0.0833,0.0417,0.0769,0.3122,6.663,1.025,0.4583,0.0417,17,3.29,0.0588,0.0567,0.2353,0.0588,0,0,,,,,,,,,,,0,8,0,0,0,7,26.1,18.4,26.1,7.7,18.44,0.3353,8.3,10.1,0.0,0.98,3.0,2.02
00-0035993,Tyler Huntley,QB,BAL,2023,5,3,7.4,3.0,0.0,0.0,0.0,0.0,37,0.5676,5.49,0.0811,0.0,0.0976,0.0927,-7.421,0.815,0.3514,0.027,15,3.67,0.0,-0.3337,0.2,0.0667,0,0,,,,,,,,,,,0,15,0,2,2,10,25.6,25.3,25.6,0.3,5.06,0.0752,16.6,8.7,0.0,2.61,3.0,0.39
00-0027973,Andy Dalton,QB,CAR,2023,2,2,29.0,1.5,0.0,0.0,0.0,0.0,58,0.5862,6.22,0.0345,0.0,0.0492,0.0746,-5.506,0.757,0.2931,0.0862,3,4.0,0.0,0.4762,0.6667,0.3333,0,0,,,,,,,,,,,0,17,0,0,0,15,23.6,18.2,23.6,5.4,9.12,0.1037,16.6,1.6,0.0,0.66,2.0,1.34
00-0034869,Sam Darnold,QB,SF,2023,10,6,4.6,2.1,0.0,0.0,0.0,0.0,46,0.6087,6.46,0.0435,0.0217,0.1154,-0.005,-1.415,0.801,0.3261,0.0652,21,0.71,0.0476,-0.3956,0.1429,0.0,0,0,,,,,,,,,,,0,17,0,0,0,7,23.4,31.1,25.4,-5.8,3.11,0.0411,24.8,6.3,0.0,4.46,3.0,-1.46
00-0033119,Jacoby Brissett,QB,WAS,2023,2,0,11.5,1.5,0.0,0.0,0.0,0.0,23,0.7826,9.74,0.1304,0.0,0.0,0.712,18.202,1.258,0.4348,0.1739,3,6.33,0.0,0.432,0.0,0.3333,0,0,,,,,,,,,,,0,15,0,2,2,13,22.9,22.2,22.9,0.7,11.1,0.1449,16.5,5.7,0.0,3.95,3.0,-0.95
00-0038583,Dorian Thompson-Robinson,QB,CLE,2023,7,5,16.0,2.0,0.0,0.0,0.0,0.0,112,0.5357,3.93,0.0089,0.0357,0.0508,-0.335,-11.657,0.665,0.2321,0.0089,14,4.64,0.0,0.1275,0.2857,0.0714,0,0,,,,,,,,,,,0,11,2,4,6,4,22.1,47.9,22.1,-25.8,6.84,0.0863,37.1,10.7,0.0,4.03,1.0,-3.03
00-0033936,C.J. Beathard,QB,JAX,2023,6,4,8.83,1.33,0.0,0.0,0.0,0.0,53,0.7547,6.58,0.0189,0.0,0.1017,0.0785,9.744,1.029,0.3585,0.0377,8,4.38,0.0,0.2526,0.25,0.125,0,0,,,,,,,,,,,0,17,0,0,0,11,21.5,27.6,21.5,-6.2,4.61,0.0636,24.4,3.3,0.0,3.16,1.0,-2.16
00-0033275,PJ Walker,QB,CLE,2023,5,5,22.2,2.6,0.0,0.0,0.0,0.0,111,0.4865,6.07,0.009,0.045,0.0902,-0.2866,-12.8,0.747,0.2432,0.0991,13,2.31,0.0,-0.404,0.2308,0.0,0,0,,,,,,,,,,,0,11,0,0,0,6,20.0,43.5,24.0,-19.6,8.71,0.1195,38.8,4.7,0.0,4.25,1.0,-3.25
00-0036898,Davis Mills,QB,HOU,2023,4,3,9.75,0.5,0.0,0.0,0.0,0.0,39,0.4615,4.44,0.0513,0.0,0.0488,-0.1227,-19.515,0.553,0.3077,0.0,2,4.5,0.0,0.2879,0.0,0.0,0,0,,,,,,,,,,,0,17,0,0,0,13,17.8,19.2,15.8,-3.3,4.79,0.0638,15.9,3.3,0.0,2.29,2.0,-0.29
00-0032436,Jeff Driskel,QB,CLE,2023,1,0,26.0,7.0,0.0,0.0,0.0,0.0,26,0.5,6.38,0.0769,0.0769,0.1034,-0.3778,-10.963,0.716,0.3077,0.0769,7,4.71,0.0,0.0679,0.5714,0.2857,0,0,,,,,,,,,,,0,2,0,0,0,1,13.9,8.8,13.9,5.2,8.78,0.209,5.3,3.5,0.0,0.34,2.0,1.66
00-0031503,Jameis Winston,QB,NO,2023,6,6,7.83,0.83,0.0,0.0,0.0,0.0,47,0.5319,5.62,0.0426,0.0638,0.0408,-0.1998,-7.934,0.433,0.2128,0.0851,5,-1.2,0.0,-0.8941,0.0,0.0,0,0,,,,,,,,,,,0,17,0,0,0,11,12.0,16.0,12.0,-4.0,2.66,0.0383,16.5,-0.5,0.0,1.39,2.0,0.61
00-0032268,Marcus Mariota,QB,PHI,2023,2,1,11.5,4.0,0.0,0.0,0.0,0.0,23,0.6522,7.13,0.0435,0.0435,0.1154,-0.1965,-0.41,0.921,0.4348,0.0435,8,6.5,0.0,0.7094,0.75,0.25,0,0,,,,,,,,,,,0,17,0,0,0,15,11.8,12.2,13.8,1.5,6.12,0.0751,7.4,4.9,0.0,0.63,1.0,0.37
00-0034177,Tim Boyle,QB,NYJ,2023,3,3,25.67,1.33,0.0,0.0,0.0,0.0,77,0.6234,4.68,0.013,0.0519,0.1047,-0.3603,-5.466,0.755,0.2078,0.026,4,1.25,0.0,0.6729,0.75,0.0,0,0,,,,,,,,,,,0,11,0,0,0,8,10.9,21.7,10.9,-10.8,7.22,0.1251,21.0,0.7,0.0,1.43,1.0,-0.43
00-0028986,Case Keenum,QB,HOU,2023,2,0,26.5,1.0,0.0,0.0,0.0,0.0,53,0.6415,5.49,0.0189,0.0566,0.1017,-0.35,-2.766,0.772,0.2642,0.0566,2,0.5,0.0,-0.8255,0.0,0.0,0,0,,,,,,,,,,,0,3,0,14,14,1,9.7,19.5,9.7,-9.8,9.76,0.1206,16.8,2.7,0.0,1.99,1.0,-0.99
00-0038582,Clayton Tune,QB,ARI,2023,5,3,4.2,1.6,0.0,0.0,0.0,0.0,21,0.5714,2.95,0.0,0.0952,0.25,-1.2411,-15.148,1.17,0.1429,0.0,8,3.75,0.125,0.0515,0.375,0.125,0,0,,,,,,,,,,,0,17,0,0,0,12,7.5,12.0,9.5,-2.5,2.4,0.0284,3.7,8.3,0.0,0.65,1.0,0.35
00-0027948,Blaine Gabbert,QB,KC,2023,2,1,17.5,3.5,0.0,0.0,0.0,0.0,35,0.5143,5.29,0.0,0.0857,0.0278,-0.4484,-15.45,0.934,0.2286,0.0571,7,6.43,0.0,-0.0885,0.2857,0.2857,0,0,,,,,,,,,,,0,17,0,0,0,15,5.9,11.5,5.9,-5.6,5.75,0.0686,8.7,2.8,0.0,0.39,0.0,-0.39
00-0026625,Brian Hoyer,QB,LV,2023,2,2,21.0,1.5,0.0,0.0,0.0,0.0,42,0.5476,5.5,0.0,0.0476,0.0233,-0.2042,-11.168,0.672,0.3333,0.0476,3,-1.0,0.0,-0.6051,0.0,0.0,0,0,,,,,,,,,,,0,7,0,10,10,5,4.9,17.5,4.9,-12.6,8.77,0.1152,17.8,-0.3,0.0,2.11,0.0,-2.11
00-0034955,Brett Rypien,QB,LA,2023,2,2,19.0,1.5,0.0,0.0,0.0,0.0,38,0.4737,4.53,0.0,0.0263,0.05,-0.4931,-18.923,0.546,0.2105,0.0263,3,6.33,0.0,0.4454,0.3333,0.0,0,0,,,,,,,,,,,0,13,0,2,2,11,4.8,11.9,6.8,-5.1,5.96,0.0999,9.6,2.3,0.0,0.37,0.0,-0.37
00-0033662,Cooper Rush,QB,DAL,2023,7,6,3.43,1.71,0.0,0.0,0.0,0.0,24,0.75,6.0,0.0,0.0417,0.04,-0.2096,6.776,0.67,0.2917,0.0833,12,-0.42,0.0,-0.4738,0.0833,0.0,0,0,,,,,,,,,,,0,17,0,0,0,10,3.3,11.6,3.3,-8.4,1.66,0.0192,12.1,-0.4,0.0,1.13,0.0,-1.13
00-0038128,Malik Willis,QB,TEN,2023,2,2,2.5,2.5,0.0,0.0,0.0,0.0,5,0.8,14.8,0.0,0.0,0.4444,-0.0076,14.36,1.897,0.2,0.2,5,4.2,0.0,-1.3937,0.2,0.2,0,0,,,,,,,,,,,1,11,0,6,6,9,3.1,5.1,3.1,-2.0,2.53,0.0509,1.9,3.1,0.0,0.26,0.0,-0.26
00-0034401,Mike White,QB,MIA,2023,6,4,1.0,1.33,0.0,0.0,0.0,0.0,6,0.8333,12.33,0.1667,0.1667,0.0,-1.2068,8.786,3.217,0.1667,0.1667,8,-1.12,0.0,-1.4758,0.0,0.0,0,0,,,,,,,,,,,1,17,0,0,0,11,2.1,4.1,2.1,-2.1,0.69,0.0088,4.8,-0.7,0.0,0.8,1.0,0.2
00-0038598,Jaren Hall,QB,MIN,2023,3,2,6.67,2.0,0.0,0.0,0.0,0.0,20,0.65,8.4,0.0,0.05,0.1667,-0.5282,-0.134,1.077,0.35,0.1,6,2.33,0.0,-0.3277,0.0,0.0,0,0,,,,,,,,,,,0,8,0,9,9,5,2.1,13.1,6.1,-7.0,4.37,0.058,8.2,4.9,0.0,1.42,0.0,-1.42
00-0038391,Sean Clifford,QB,GB,2023,2,1,0.5,1.5,0.0,0.0,0.0,0.0,1,1.0,37.0,0.0,0.0,0.0,2.1436,58.597,1.088,1.0,1.0,3,-0.67,0.0,-1.1639,0.0,0.0,0,0,,,,,,,,,,,0,17,0,0,0,15,1.3,0.6,1.3,0.6,0.32,0.004,0.8,-0.2,0.0,0.08,0.0,-0.08
00-0031288,AJ McCarron,QB,CIN,2023,2,1,2.5,0.0,0.0,0.0,0.0,0.0,5,0.8,3.8,0.0,0.0,0.1667,-0.8752,-4.64,-2.375,0.0,0.0,0,,,,,,0,0,,,,,,,,,,,0,7,0,0,0,5,0.8,1.4,0.8,-0.6,0.68,0.0093,1.4,0.0,0.0,0.03,0.0,-0.03
00-0023459,Aaron Rodgers,QB,NYJ,2023,1,1,1.0,0.0,0.0,0.0,0.0,0.0,1,0.0,0.0,0.0,0.0,0.5,-1.016,0.0,0.0,0.0,0.0,0,,,,,,0,0,,,,,,,,,,,0,1,13,3,16,0,0.0,0.3,0.0,-0.3,0.34,0.0071,0.3,0.0,0.0,0.0,0.0,0.0
00-0036928,Kyle Trask,QB,TB,2023,2,2,0.5,0.5,0.0,0.0,0.0,0.0,1,0.0,0.0,0.0,0.0,0.0,-1.8803,-47.044,0.0,0.0,0.0,1,-1.0,0.0,-1.7197,0.0,0.0,0,0,,,,,,,,,,,0,17,0,0,0,15,-0.1,1.9,-0.1,-2.0,0.95,0.0139,2.0,-0.1,0.0,0.5,0.0,-0.5
00-0031237,Teddy Bridgewater,QB,DET,2023,1,1,0.0,2.0,0.0,0.0,0.0,0.0,0,,,,,,,,,,,2,-1.0,0.0,-1.3378,0.0,0.0,0,0,,,,,,,,,,,0,17,0,0,0,16,-0.2,-0.2,-0.2,0.0,-0.2,-0.0024,0.0,-0.2,0.0,0.0,0.0,0.0
00-0034438,Logan Woodside,QB,ATL,2023,1,0,4.0,1.0,0.0,0.0,0.0,0.0,4,0.75,6.75,0.0,0.25,0.2,-2.0159,-2.893,4.5,0.75,0.0,1,6.0,0.0,0.3259,0.0,0.0,0,0,,,,,,,,,,,0,1,0,16,16,0,-0.3,1.6,-0.3,-1.9,1.57,0.0219,0.8,0.8,0.0,0.02,0.0,-0.02
00-0030533,Matt Barkley,QB,JAX,2023,1,0,0.0,3.0,0.0,0.0,0.0,0.0,0,,,,,,,,,,,3,-1.0,0.0,-1.3373,0.0,0.0,0,0,,,,,,,,,,,0,4,1,1,2,3,-0.3,-0.3,-0.3,0.0,-0.3,-0.0048,0.0,-0.3,0.0,0.0,0.0,0.0
00-0033958,Nathan Peterman,QB,CHI,2023,1,1,0.0,2.0,0.0,0.0,0.0,0.0,0,,,,,1.0,-0.0944,,,,,2,-2.0,0.0,0.0,0.0,0.0,0,0,,,,,,,,,,,0,8,0,8,8,7,-0.4,-0.2,-0.4,-0.2,-0.2,-0.0028,0.0,-0.2,0.0,0.0,0.0,0.0
00-0034577,Kyle Allen,QB,BUF,2023,6,4,0.0,2.17,0.0,0.0,0.0,0.0,0,,,,,,,,,,,13,-1.0,0.0,-0.6643,0.0,0.0,0,0,,,,,,,,,,,0,17,0,0,0,11,-1.3,-1.3,-1.3,0.0,-0.22,-0.0027,0.0,-1.3,0.0,0.0,0.0,0.0
00-0033280,Christian McCaffrey,RB,SF,2023,16,13,0.0,17.0,5.19,0.1866,0.0389,0.3072,0,,,,,,,,,,,272,5.36,0.0515,0.0529,0.3051,0.1618,83,67,0.8072,6.8,8.42,1.84,3.686,6.88,0.0778,0.0843,0.3735,0.0843,2,16,0,1,1,0,391.3,332.3,391.3,59.0,20.77,0.2936,0.0,194.2,138.1,17.4,21.0,3.6
00-0038120,Breece Hall,RB,NYJ,2023,17,13,0.0,13.12,5.59,0.161,-0.0088,0.2353,0,,,,,,,,,,,223,4.46,0.0224,-0.0929,0.1794,0.0897,95,76,0.8,6.22,7.78,-0.51,-12.312,8.54,0.0641,0.0421,0.2947,0.0737,0,17,0,0,0,0,290.5,243.1,290.5,47.4,14.3,0.2285,0.0,114.5,128.6,4.08,9.0,4.92
00-0036973,Travis Etienne,RB,JAX,2023,17,13,0.0,15.71,4.29,0.1216,-0.0152,0.1718,0,,,,,,,,,,,267,3.78,0.0412,-0.1224,0.1985,0.0824,73,58,0.7945,6.52,8.21,-0.92,-7.104,9.02,0.1318,0.0137,0.3151,0.0822,0,17,0,0,0,0,282.4,266.3,282.4,16.1,15.66,0.2043,0.0,165.8,100.4,8.7,12.0,3.3
00-0037256,Rachaad White,RB,TB,2023,17,13,0.0,16.0,4.12,0.1246,-0.0086,0.1808,0,,,,,,,,,,,272,3.64,0.0221,-0.1654,0.1691,0.0772,70,64,0.9143,7.84,8.58,-0.47,-16.636,9.55,0.3317,0.0429,0.3286,0.1714,2,17,0,0,0,0,267.9,257.2,267.9,10.7,15.13,0.2171,0.0,155.4,101.8,8.41,9.0,0.59
00-0031687,Raheem Mostert,RB,MIA,2023,15,13,0.0,13.93,2.13,0.0693,-0.0102,0.0968,0,,,,,,,,,,,209,4.84,0.0861,0.0822,0.2823,0.1435,32,25,0.7812,5.47,7.0,-0.62,-8.75,8.52,-0.0384,0.0938,0.1875,0.0625,1,15,0,2,2,0,267.7,217.2,267.7,50.5,14.48,0.1853,0.0,164.1,53.1,13.89,21.0,7.11
00-0033897,Joe Mixon,RB,CIN,2023,17,13,0.0,15.12,3.76,0.1091,-0.0322,0.1411,0,,,,,,,,,,,257,4.02,0.035,-0.0702,0.2296,0.1051,64,52,0.8125,5.88,7.23,-1.78,-3.298,8.9,0.0524,0.0469,0.2188,0.0625,0,17,0,0,0,0,267.0,286.1,267.0,-19.1,16.83,0.2274,0.0,182.4,103.8,15.69,12.0,-3.69
00-0037840,Kyren Williams,RB,LA,2023,12,9,0.0,19.0,4.0,0.1101,0.0029,0.1672,0,,,,,,,,,,,228,5.02,0.0526,0.103,0.2719,0.114,48,32,0.6667,4.29,6.44,0.21,20.6,8.66,-0.325,0.0625,0.1875,0.0417,2,12,4,1,5,0,255.0,239.6,254.8,15.2,19.97,0.2393,0.0,155.8,83.9,13.72,15.0,1.28
00-0032764,Derrick Henry,RB,TEN,2023,17,13,0.18,16.47,2.12,0.0773,-0.0262,0.0975,3,0.6667,4.67,0.6667,0.0,0.0,1.5075,21.049,0.519,0.6667,0.0,280,4.17,0.0429,-0.0075,0.225,0.0821,36,28,0.7778,5.94,7.64,-2.78,-2.14,9.82,0.0882,0.0,0.1944,0.1111,0,17,0,0,0,0,246.7,222.5,246.7,24.2,13.09,0.2194,5.8,167.3,49.4,10.33,14.0,3.67
00-0038542,Bijan Robinson,RB,ATL,2023,17,13,0.0,12.59,5.06,0.1732,-0.0092,0.2533,0,,,,,,,,,,,214,4.56,0.0187,-0.1248,0.2336,0.1402,86,58,0.6744,5.66,8.4,0.28,20.292,8.95,-0.1502,0.0465,0.2791,0.0698,3,17,0,0,0,0,246.3,256.0,246.3,-9.7,15.06,0.219,0.0,122.4,133.5,7.24,8.0,0.76
00-0039139,Jahmyr Gibbs,RB,DET,2023,15,11,0.0,12.13,4.73,0.1352,-0.0056,0.1989,0,,,,,,,,,,,182,5.19,0.0549,-0.0285,0.2308,0.1484,71,52,0.7324,4.45,6.08,0.11,39.5,6.04,-0.1704,0.0141,0.2817,0.0423,1,15,0,2,2,0,242.1,240.7,242.1,1.4,16.04,0.1953,0.0,127.0,113.7,10.15,11.0,0.85
00-0033906,Alvin Kamara,RB,NO,2023,13,10,0.0,13.85,6.62,0.1854,0.0012,0.279,0,,,,,,,,,,,180,3.86,0.0278,-0.0058,0.2333,0.0833,86,75,0.8721,5.42,6.21,0.06,93.2,6.68,0.039,0.0116,0.2674,0.093,0,13,3,1,4,0,233.0,242.8,233.0,-9.8,18.68,0.2382,0.0,118.3,124.5,8.18,6.0,-2.18
00-0037248,James Cook,RB,BUF,2023,17,13,0.0,13.94,3.18,0.099,0.0293,0.169,0,,,,,,,,,,,237,4.73,0.0084,-0.0308,0.2236,0.1392,54,44,0.8148,8.24,10.11,2.54,3.248,9.05,0.3031,0.0741,0.2963,0.1667,2,17,0,0,0,0,232.7,226.3,232.7,6.4,13.31,0.1674,0.0,139.8,86.5,7.56,6.0,-1.56
00-0034844,Saquon Barkley,RB,NYG,2023,14,10,0.0,17.64,4.29,0.1666,-0.0255,0.232,0,,,,,,,,,,,247,3.89,0.0243,-0.1997,0.2065,0.1053,60,41,0.6833,4.67,6.83,2.23,2.09,5.51,-0.1253,0.0667,0.2667,0.0833,2,14,0,3,3,0,223.2,223.7,223.2,-0.5,15.98,0.2637,0.0,138.8,84.9,7.35,10.0,2.65
00-0035261,Tony Pollard,RB,DAL,2023,17,13,0.0,14.82,3.94,0.1143,0.0068,0.1762,0,,,,,,,,,,,252,3.99,0.0238,-0.0667,0.2222,0.0833,67,55,0.8209,4.64,5.65,0.4,11.519,5.84,-0.0658,0.0,0.1791,0.0448,1,17,0,0,0,0,222.6,282.8,222.6,-60.2,16.64,0.1935,0.0,176.3,106.5,13.36,6.0,-7.36
00-0037197,Isiah Pacheco,RB,KC,2023,14,12,0.0,14.64,3.5,0.1021,-0.0379,0.1266,0,,,,,,,,,,,205,4.56,0.0341,-0.023,0.2585,0.0976,49,44,0.898,4.98,5.55,-2.31,-2.159,8.16,0.0372,0.0408,0.2449,0.0408,1,15,0,2,2,1,213.9,218.8,213.9,-4.9,15.63,0.1977,0.0,138.4,80.4,10.55,9.0,-1.55
00-0037267,Jerome Ford,RB,CLE,2023,17,13,0.0,12.0,3.71,0.1055,0.0059,0.1624,0,,,,,,,,,,,204,3.99,0.0196,-0.1779,0.1618,0.1127,63,44,0.6984,5.06,7.25,0.48,10.633,6.91,-0.0981,0.0794,0.254,0.0794,1,17,0,0,0,0,211.2,202.8,211.2,8.4,11.93,0.1608,0.0,113.6,89.1,4.95,9.0,4.05
00-0035685,David Montgomery,RB,DET,2023,14,10,0.0,15.64,1.71,0.0558,-0.0062,0.0794,0,,,,,,,,,,,219,4.63,0.0594,0.047,0.2694,0.1005,24,16,0.6667,4.88,7.31,-0.79,-6.158,9.31,-0.3408,0.0,0.2917,0.0417,1,14,0,3,3,0,207.2,194.4,205.2,10.8,13.89,0.1695,0.0,160.2,34.2,11.91,13.0,1.09
00-0033553,James Conner,RB,ARI,2023,13,9,0.0,16.0,2.54,0.0795,-0.0096,0.1125,0,,,,,,,,,,,208,5.0,0.0337,0.0579,0.274,0.149,33,27,0.8182,5.0,6.11,-0.7,-7.174,8.19,0.0705,0.0606,0.3333,0.1515,0,13,4,0,4,0,201.5,175.4,201.5,26.1,13.49,0.1919,0.0,123.0,52.3,7.02,9.0,1.98
00-0038134,Kenneth Walker III,RB,SEA,2023,15,11,0.0,14.6,2.47,0.0802,-0.0303,0.0991,0,,,,,,,,,,,219,4.13,0.0365,-0.0426,0.21,0.1096,37,29,0.7838,7.0,8.93,-2.14,-3.278,10.93,0.0949,0.027,0.2432,0.1081,0,15,0,2,2,0,199.4,196.8,199.4,2.6,13.12,0.187,0.0,145.0,51.8,9.16,9.0,-0.16
00-0036275,D'Andre Swift,RB,PHI,2023,16,13,0.0,14.31,3.06,0.0958,0.0038,0.1464,0,,,,,,,,,,,229,4.58,0.0218,0.0084,0.2183,0.0961,49,39,0.7959,4.37,5.49,0.55,7.926,6.85,-0.1823,0.0204,0.1633,0.0408,1,16,0,1,1,0,199.3,217.8,199.3,-18.5,13.62,0.1737,0.0,145.6,72.2,8.12,6.0,-2.12
00-0037746,Brian Robinson,RB,WAS,2023,15,13,0.0,11.87,2.87,0.0791,-0.0129,0.1096,0,,,,,,,,,,,178,4.12,0.0281,-0.1187,0.264,0.1067,43,36,0.8372,8.56,10.22,-1.28,-6.691,11.39,0.475,0.093,0.3488,0.2558,2,15,0,2,2,0,198.1,168.1,198.1,30.0,11.2,0.1532,0.0,106.3,61.7,6.11,9.0,2.89
00-0037228,Jaylen Warren,RB,PIT,2023,17,13,0.0,8.76,4.35,0.1579,-0.0349,0.2124,0,,,,,,,,,,,149,5.26,0.0268,-0.027,0.2416,0.1611,74,61,0.8243,5.0,6.07,-1.55,-3.217,7.9,-0.1815,0.0,0.2568,0.0541,2,17,0,0,0,0,196.4,190.2,196.4,6.2,11.19,0.1826,0.0,88.4,101.8,4.55,4.0,-0.55
00-0036893,Najee Harris,RB,PIT,2023,17,13,0.0,15.0,2.24,0.082,-0.0054,0.1192,0,,,,,,,,,,,255,4.06,0.0314,-0.1015,0.2,0.0941,38,29,0.7632,4.47,5.86,0.24,18.889,6.03,-0.0374,0.0,0.2368,0.0263,1,17,0,0,0,0,195.5,199.5,195.5,-4.0,11.74,0.1915,0.0,146.3,53.2,7.17,8.0,0.83
00-0039040,De'Von Achane,RB,MIA,2023,11,7,0.0,9.36,3.36,0.1087,-0.0019,0.1617,0,,,,,1.0,-1.4337,,,,,103,7.77,0.0777,0.3227,0.2913,0.2136,37,27,0.7297,5.32,7.3,0.7,7.577,9.7,0.0403,0.0811,0.2703,0.0811,1,11,4,2,6,0,190.7,129.8,190.7,60.9,11.8,0.1568,0.0,67.5,62.4,5.39,11.0,5.61
00-0034184,Gus Edwards,RB,BAL,2023,17,13,0.0,11.65,0.76,0.0324,0.0084,0.0545,0,,,,,,,,,,,198,4.09,0.0657,-0.0595,0.2475,0.0758,13,12,0.9231,13.85,15.0,2.46,5.625,12.08,0.7347,0.0,0.3846,0.1538,2,17,0,0,0,0,187.0,169.5,187.0,17.5,9.97,0.1364,0.0,151.6,17.9,11.56,13.0,1.44
00-0033699,Austin Ekeler,RB,LAC,2023,14,10,0.0,12.79,5.29,0.1471,-0.0315,0.1986,0,,,,,,,,,,,179,3.51,0.0279,-0.2297,0.1899,0.0391,74,51,0.6892,5.89,8.55,-1.11,-5.317,10.45,-0.18,0.0135,0.2703,0.0946,4,14,0,3,3,0,185.4,235.8,184.2,-51.6,16.84,0.2143,0.0,125.1,110.7,10.65,6.0,-4.65
00-0036555,Chuba Hubbard,RB,CAR,2023,17,13,0.0,14.0,2.59,0.0854,-0.0107,0.1207,0,,,,,,,,,,,238,3.79,0.021,-0.0904,0.2479,0.0882,44,39,0.8864,5.3,5.97,-0.77,-6.853,6.9,-0.2441,0.0,0.2045,0.0227,0,17,0,0,0,0,182.5,190.4,182.5,-7.9,11.2,0.1718,0.0,132.9,57.5,5.97,5.0,-0.97
00-0035700,Josh Jacobs,RB,LV,2023,13,13,0.0,17.92,4.15,0.135,0.0058,0.2066,0,,,,,1.0,-1.0764,,,,,233,3.45,0.0258,-0.1902,0.1459,0.0386,54,37,0.6852,5.48,8.0,0.7,7.789,7.92,-0.0073,0.0,0.2778,0.0556,1,13,0,4,4,0,181.1,220.0,181.1,-38.9,16.92,0.2548,0.0,135.9,84.0,7.92,6.0,-1.92
00-0036997,Javonte Williams,RB,DEN,2023,16,12,0.0,13.56,3.62,0.1315,-0.0375,0.1711,0,,,,,,,,,,,217,3.57,0.0138,-0.1742,0.1889,0.0968,58,47,0.8103,3.93,4.85,-1.71,-2.303,6.4,-0.0811,0.0345,0.1724,0.0345,1,16,0,1,1,0,179.2,217.0,179.2,-37.8,13.56,0.207,0.0,127.4,89.6,7.22,5.0,-2.22
00-0033045,Ezekiel Elliott,RB,NE,2023,17,13,0.0,10.82,3.82,0.1238,-0.0127,0.1768,0,,,,,,,,,,,184,3.49,0.0163,-0.1483,0.1793,0.0435,65,51,0.7846,4.82,6.14,-0.65,-7.452,7.33,-0.1555,0.0308,0.1846,0.0462,1,17,0,0,0,0,174.5,186.3,174.5,-11.8,10.96,0.1768,0.0,97.7,88.6,3.55,5.0,1.45
00-0036251,Zack Moss,RB,IND,2023,14,12,0.0,13.07,2.64,0.0748,-0.0056,0.1083,0,,,,,,,,,,,183,4.34,0.0273,-0.0767,0.235,0.1038,37,27,0.7297,5.19,7.11,-0.38,-13.714,7.0,-0.028,0.0541,0.2703,0.1081,0,14,0,3,3,0,169.6,166.5,169.6,3.1,11.89,0.163,0.0,109.3,57.1,6.47,7.0,0.53
00-0035250,Devin Singletary,RB,HOU,2023,17,13,0.06,12.71,2.24,0.0689,-0.0001,0.1033,1,1.0,6.0,1.0,0.0,0.0,1.8423,69.237,1.0,1.0,0.0,216,4.16,0.0185,-0.0768,0.1898,0.1065,38,30,0.7895,5.08,6.43,0.13,38.6,7.43,-0.1383,0.0,0.1842,0.0526,0,17,0,0,0,0,167.3,179.9,167.3,-12.5,10.58,0.1384,1.5,124.2,54.2,6.33,5.0,-1.33
00-0036223,Jonathan Taylor,RB,IND,2023,10,7,0.0,16.9,2.3,0.0804,-0.0191,0.1072,0,,,,,,,,,,,169,4.38,0.0414,-0.0601,0.2485,0.1361,23,19,0.8261,6.65,8.05,-0.91,-7.286,9.16,0.1376,0.0435,0.2174,0.1739,0,10,4,3,7,0,156.4,151.0,156.4,5.4,15.1,0.2113,0.0,115.9,35.0,7.93,8.0,0.07
00-0039032,Tyjae Spears,RB,TEN,2023,17,13,0.0,5.88,4.12,0.1431,-0.0061,0.2104,0,,,,,,,,,,,100,4.53,0.02,-0.0074,0.24,0.13,70,52,0.7429,5.5,7.4,-0.17,-32.083,8.85,-0.0194,0.0143,0.2429,0.0571,0,17,0,0,0,0,153.8,151.3,153.8,2.5,8.9,0.1493,0.0,52.3,99.1,3.03,3.0,-0.03
00-0036875,Rhamondre Stevenson,RB,NE,2023,12,12,0.0,13.0,4.25,0.1293,-0.0031,0.1918,0,,,,,,,,,,,156,3.97,0.0256,-0.0824,0.2308,0.0641,51,38,0.7451,4.67,6.26,0.25,18.308,6.87,-0.3533,0.0,0.1569,0.0392,1,12,2,3,5,0,145.7,153.3,145.7,-7.6,12.77,0.1934,0.0,82.3,71.0,2.96,4.0,1.04
00-0037263,Tyler Allgeier,RB,ATL,2023,17,13,0.0,10.94,1.35,0.0492,-0.0027,0.0719,0,,,,,,,,,,,186,3.67,0.0215,-0.1229,0.2097,0.0699,23,18,0.7826,8.39,10.72,-1.0,-8.391,12.06,0.1858,0.0435,0.2609,0.1739,0,17,0,0,0,0,137.6,142.9,137.6,-5.3,8.41,0.1223,0.0,110.1,32.8,5.07,5.0,-0.07
00-0033293,Aaron Jones,RB,GB,2023,11,7,0.0,12.91,3.91,0.1232,-0.0188,0.1716,0,,,,,,,,,,,142,4.62,0.0141,0.0168,0.2394,0.1056,43,30,0.6977,5.42,7.77,-1.12,-4.854,9.03,0.221,0.0233,0.3023,0.0465,1,11,0,6,6,0,134.9,154.8,134.9,-19.9,14.08,0.1908,0.0,92.0,62.8,6.45,3.0,-3.45
00-0034972,Alexander Mattison,RB,MIN,2023,16,13,0.0,11.25,2.75,0.0752,0.007,0.1177,0,,,,,,,,,,,180,3.89,0.0,-0.1763,0.1556,0.0944,44,30,0.6818,4.36,6.4,0.55,8.0,6.03,-0.1149,0.0682,0.1136,0.0455,2,16,0,1,1,0,133.2,183.2,133.2,-50.0,11.45,0.1478,0.0,108.5,74.8,8.32,3.0,-5.32
00-0036328,Antonio Gibson,RB,WAS,2023,16,12,0.0,4.06,3.69,0.108,-0.0024,0.1603,0,,,,,,,,,,,65,4.08,0.0154,-0.1036,0.2,0.0769,59,48,0.8136,6.59,8.1,-0.03,-194.5,7.85,0.0147,0.0339,0.322,0.0847,2,16,0,1,1,0,127.4,121.8,127.4,5.6,7.61,0.1047,0.0,34.5,87.2,2.14,3.0,0.86
00-0033526,Samaje Perine,RB,DEN,2023,17,13,0.0,3.12,3.29,0.1169,-0.0009,0.1746,0,,,,,,,,,,,53,4.49,0.0189,-0.1791,0.2642,0.1132,56,50,0.8929,8.12,9.1,-0.18,-45.5,9.24,0.2166,0.0,0.4107,0.1071,2,17,0,0,0,0,121.3,111.0,121.3,10.3,6.53,0.0997,0.0,34.5,76.5,2.46,1.0,-1.46
00-0033923,Kareem Hunt,RB,CLE,2023,15,11,0.0,9.0,1.4,0.0398,-0.0009,0.059,0,,,,,,,,,,,135,3.04,0.0667,-0.0366,0.2815,0.037,21,15,0.7143,4.0,5.6,-0.29,-14.0,6.53,-0.1317,0.0,0.2381,0.0,0,15,0,0,0,0,118.5,121.4,118.5,-2.9,8.09,0.1099,0.0,91.5,29.9,6.55,9.0,2.45
00-0036265,AJ Dillon,RB,GB,2023,15,13,0.0,11.87,1.87,0.0558,-0.0018,0.0824,0,,,,,,,,,,,178,3.44,0.0112,-0.132,0.1798,0.0449,28,22,0.7857,7.96,10.14,0.04,223.0,10.5,0.2064,0.0,0.3571,0.1786,0,15,0,2,2,0,117.6,148.3,117.6,-30.7,9.89,0.1346,0.0,110.2,38.1,6.28,2.0,-4.28
00-0036906,Khalil Herbert,RB,CHI,2023,12,8,0.0,11.0,2.58,0.0968,0.0076,0.1505,0,,,,,,,,,,,132,4.63,0.0152,-0.0119,0.1894,0.0985,31,20,0.6452,4.32,6.7,0.55,7.882,6.9,-0.5425,0.0323,0.2903,0.0968,1,12,5,0,5,0,112.5,122.6,112.5,-10.1,10.21,0.1451,0.0,73.2,49.3,3.59,3.0,-0.59
00-0034975,Justice Hill,RB,BAL,2023,16,12,0.0,5.25,2.44,0.0869,0.0077,0.1358,0,,,,,,,,,,,84,4.61,0.0357,0.0096,0.2143,0.1071,39,28,0.7179,5.28,7.36,0.59,8.957,8.46,-0.1212,0.0256,0.2051,0.1538,1,16,0,1,1,0,109.3,116.5,109.3,-7.2,7.28,0.0994,0.0,58.5,58.1,4.47,4.0,-0.47
00-0039165,Zach Charbonnet,RB,SEA,2023,16,12,0.0,6.75,2.5,0.0751,-0.0112,0.1048,0,,,,,,,,,,,108,4.28,0.0093,-0.0659,0.2963,0.1481,40,33,0.825,5.22,6.33,-1.02,-5.098,7.52,-0.1173,0.0,0.175,0.025,0,16,0,1,1,0,106.1,123.2,106.1,-17.1,7.7,0.1102,0.0,68.5,54.8,4.16,1.0,-3.16
00-0038794,Jaleel McLaughlin,RB,DEN,2023,17,13,0.0,4.47,2.12,0.076,-0.045,0.0825,0,,,,,,,,,,,76,5.39,0.0132,0.0774,0.2105,0.1579,36,31,0.8611,4.44,5.16,-3.89,-1.143,9.35,0.0548,0.0556,0.1389,0.0556,0,17,0,0,0,0,106.0,94.9,106.0,11.1,5.58,0.0852,0.0,44.2,50.7,2.18,3.0,0.82
00-0039021,Roschon Johnson,RB,CHI,2023,15,11,0.0,5.4,2.67,0.086,-0.0089,0.1227,0,,,,,,,,,,,81,4.35,0.0247,-0.0817,0.1975,0.0988,40,34,0.85,5.22,6.15,-0.82,-6.333,7.26,-0.1517,0.0,0.15,0.05,0,15,0,2,2,0,102.1,108.5,102.1,-6.4,7.24,0.1027,0.0,51.3,57.3,3.3,2.0,-1.3
00-0037276,Ty Chandler,RB,MIN,2023,13,9,0.0,7.85,1.92,0.0555,-0.0129,0.0742,0,,,,,,,,,,,102,4.52,0.0294,0.0068,0.1961,0.0882,25,21,0.84,6.36,7.57,-1.88,-3.383,9.81,0.1578,0.0,0.28,0.12,0,17,0,0,0,4,101.0,94.6,101.0,6.4,7.28,0.0911,0.0,57.7,36.9,2.9,3.0,0.1
00-0036919,Kenny Gainwell,RB,PHI,2023,16,12,0.06,5.25,2.31,0.0727,0.0136,0.1186,1,1.0,17.0,0.0,0.0,0.0,1.2345,44.021,1.0,1.0,0.0,84,4.33,0.0238,-0.1386,0.2262,0.119,37,30,0.8108,4.95,6.1,1.92,2.577,5.83,0.0695,0.0,0.2973,0.0541,1,16,0,1,1,0,97.4,113.0,97.4,-15.6,7.06,0.0911,0.6,58.6,53.7,3.6,2.0,-1.6
00-0036139,Rico Dowdle,RB,DAL,2023,16,13,0.0,5.56,1.38,0.0388,-0.0019,0.0569,0,,,,,,,,,,,89,4.06,0.0225,-0.0592,0.191,0.0787,22,17,0.7727,6.55,8.47,-0.5,-13.091,10.0,0.2558,0.0909,0.2727,0.0909,0,16,0,1,1,0,91.5,95.0,91.5,-3.5,5.94,0.0688,0.0,61.6,33.4,4.4,4.0,-0.4
00-0033925,D'Onta Foreman,RB,CHI,2023,9,8,0.0,12.11,1.78,0.0571,-0.001,0.085,0,,,,,,,,,,,109,3.9,0.0367,-0.038,0.2202,0.1101,16,11,0.6875,4.81,7.0,1.31,3.667,5.91,0.0753,0.0625,0.375,0.125,0,9,0,8,8,0,91.2,91.9,91.2,-0.7,10.21,0.1443,0.0,68.5,23.5,4.28,5.0,0.72
00-0035243,Miles Sanders,RB,CAR,2023,16,12,0.0,8.06,2.56,0.0752,-0.0007,0.1123,0,,,,,,,,,,,129,3.35,0.0078,-0.2368,0.186,0.0853,41,27,0.6585,3.76,5.7,0.56,6.696,5.85,-0.2347,0.0,0.1951,0.0,2,16,0,1,1,0,87.6,126.0,87.6,-38.4,7.87,0.1214,0.0,71.5,54.4,2.94,1.0,-1.94
00-0031376,Jerick McKinnon,RB,KC,2023,12,11,0.08,1.75,2.67,0.0721,0.0053,0.1118,1,1.0,4.0,1.0,0.0,0.0,1.1053,14.646,-1.333,1.0,0.0,21,2.86,0.0476,-0.0009,0.3333,0.0476,32,25,0.7812,6.0,7.68,0.25,24.0,8.76,0.2245,0.125,0.3125,0.0625,0,12,3,2,5,0,84.4,66.3,84.4,18.1,5.52,0.0681,1.9,12.0,52.3,2.35,6.0,3.65
00-0030513,Latavius Murray,RB,BUF,2023,15,13,0.0,5.27,1.47,0.0426,0.0055,0.0678,0,,,,,,,,,,,79,3.8,0.0506,-0.0324,0.3418,0.0759,22,17,0.7727,5.41,7.0,1.55,3.5,5.41,0.303,0.0,0.3182,0.1364,0,16,0,1,1,1,82.9,103.2,82.9,-20.2,6.88,0.0862,0.0,65.7,37.5,7.34,4.0,-3.34
00-0037258,Dameon Pierce,RB,HOU,2023,13,10,0.0,11.15,1.31,0.0375,0.0039,0.0589,0,,,,,,,,,,,145,2.87,0.0138,-0.2811,0.0966,0.0621,17,13,0.7647,5.94,7.77,0.82,7.214,7.31,0.0324,0.0,0.1765,0.1176,0,14,0,3,3,1,82.7,116.1,76.7,-39.4,8.93,0.1194,0.0,91.4,24.8,5.49,2.0,-3.49
00-0038040,Zamir White,RB,LV,2023,13,9,0.0,8.0,1.46,0.0419,-0.0004,0.0626,0,,,,,,,,,,,104,4.34,0.0096,-0.1701,0.1827,0.0769,19,15,0.7895,5.16,6.53,0.21,24.5,6.27,0.0384,0.0,0.2105,0.0,1,17,0,0,0,4,73.9,87.0,73.9,-13.1,6.69,0.0986,0.0,59.8,27.2,3.07,1.0,-2.07
00-0038705,Emari Demercado,RB,ARI,2023,11,8,0.0,5.27,2.73,0.0786,0.0102,0.125,0,,,,,,,,,,,58,4.9,0.0345,-0.0913,0.2069,0.0862,30,21,0.7,3.97,5.67,0.9,4.407,5.19,-0.4982,0.0,0.1333,0.0333,0,14,0,3,3,3,73.3,74.4,73.3,-1.1,6.76,0.0918,0.0,31.6,42.8,1.13,2.0,0.87
00-0036360,Clyde Edwards-Helaire,RB,KC,2023,15,12,0.0,4.67,1.47,0.041,-0.0179,0.049,0,,,,,,,,,,,70,3.19,0.0143,-0.212,0.1714,0.0571,22,17,0.7727,8.55,11.06,-2.45,-3.481,13.41,0.1744,0.0455,0.3182,0.1364,0,15,0,2,2,0,70.1,80.8,70.1,-10.7,5.38,0.0671,0.0,44.6,36.2,3.71,2.0,-1.71
00-0038454,Keaton Mitchell,RB,BAL,2023,7,6,0.0,6.71,1.57,0.0573,-0.0033,0.0836,0,,,,,,,,,,,47,8.43,0.0426,0.3703,0.4043,0.2553,11,9,0.8182,8.45,10.33,-0.18,-46.5,13.56,0.2356,0.0,0.4545,0.0909,0,8,8,1,9,1,69.9,41.6,69.9,28.3,5.95,0.0787,0.0,25.9,15.8,0.97,2.0,1.03
00-0036370,Joshua Kelley,RB,LAC,2023,17,13,0.0,6.29,0.71,0.0196,0.0044,0.0324,0,,,,,,,,,,,107,3.79,0.0187,-0.2444,0.1963,0.0935,12,8,0.6667,2.67,4.0,1.25,2.133,4.88,-0.4721,0.0,0.0,0.0,1,17,0,0,0,0,61.7,79.5,61.7,-17.8,4.68,0.0581,0.0,63.4,16.1,2.73,2.0,-0.73
00-0033948,Jamaal Williams,RB,NO,2023,13,9,0.0,8.15,1.54,0.0497,-0.0101,0.0675,0,,,,,,,,,,,106,2.89,0.0094,-0.2476,0.1792,0.0472,20,18,0.9,3.1,3.44,-1.35,-2.296,4.83,-0.3698,0.0,0.05,0.0,0,13,4,0,4,0,60.8,83.9,60.8,-23.1,6.46,0.0816,0.0,56.1,27.8,2.35,1.0,-1.35
00-0036924,Michael Carter,RB,NYJ,2023,15,11,0.0,2.0,2.07,0.0619,0.0096,0.0996,0,,,,,,,,,,,30,6.23,0.0,0.1019,0.3,0.2,31,24,0.7742,3.26,4.21,1.1,2.971,3.62,-0.476,0.0323,0.1613,0.0,0,15,0,1,1,0,58.8,61.9,58.8,-3.1,4.13,0.0615,0.0,17.2,44.8,1.2,1.0,-0.2
00-0038597,Chase Brown,RB,CIN,2023,10,6,0.0,4.4,1.5,0.0469,-0.0308,0.0488,0,,,,,,,,,,,44,4.07,0.0,-0.2048,0.1364,0.1136,15,14,0.9333,10.4,11.14,-3.0,-3.467,13.86,0.429,0.0667,0.2667,0.2,0,12,4,1,5,2,53.5,44.2,53.5,9.3,4.42,0.0576,0.0,23.0,21.1,0.58,1.0,0.42
00-0036567,Elijah Mitchell,RB,SF,2023,11,9,0.0,6.82,0.73,0.0246,-0.0095,0.0303,0,,,,,,,,,,,75,3.75,0.0267,-0.1507,0.1867,0.0933,8,6,0.75,1.75,2.33,-2.75,-0.636,4.33,-1.0204,0.0,0.25,0.0,0,12,0,5,5,1,47.5,67.8,47.5,-20.3,6.16,0.0891,0.0,56.6,11.2,4.53,2.0,-2.53
00-0033308,Matt Breida,RB,NYG,2023,15,13,0.0,3.67,1.4,0.0497,0.0025,0.0762,0,,,,,,,,,,,55,2.75,0.0182,-0.2495,0.1273,0.0,21,17,0.8095,4.19,5.18,0.05,88.0,5.24,-0.4632,0.0,0.0952,0.0952,0,17,0,0,0,2,46.9,55.8,46.9,-8.9,3.72,0.0639,0.0,27.7,28.1,0.69,1.0,0.31
00-0036414,Cam Akers,RB,MIN,2023,7,7,0.0,8.57,1.71,0.0533,-0.0088,0.0737,0,,,,,1.0,-1.5188,,,,,60,2.78,0.0333,-0.0798,0.2,0.0667,12,11,0.9167,5.83,6.36,-1.08,-5.385,7.09,0.1039,0.0,0.1667,0.0833,0,7,8,2,10,0,46.7,51.5,46.7,-4.8,7.35,0.0931,0.0,34.5,16.9,1.82,2.0,0.18
00-0034838,Royce Freeman,RB,LA,2023,9,7,0.0,8.56,0.22,0.0089,-0.0003,0.0132,0,,,,,,,,,,,77,4.14,0.026,-0.0849,0.2208,0.0909,2,1,0.5,6.5,13.0,0.0,,14.0,-0.1255,0.0,0.5,0.0,0,14,0,0,0,5,46.2,55.4,46.2,-9.2,6.15,0.0821,0.0,52.7,2.7,3.43,2.0,-1.43
00-0037525,Jordan Mason,RB,SF,2023,9,6,0.0,4.44,0.44,0.0183,0.0067,0.0322,0,,,,,,,,,,,40,5.15,0.075,0.1412,0.325,0.1,4,3,0.75,7.75,10.33,3.0,2.583,7.67,0.1915,0.0,0.25,0.0,0,17,0,0,0,8,44.7,27.4,44.7,17.3,3.05,0.0426,0.0,21.7,5.7,0.83,3.0,2.17
00-0035664,Darrell Henderson,RB,LA,2023,4,4,0.0,11.5,3.5,0.1208,-0.0047,0.178,0,,,,,,,,,,,46,2.43,0.0435,-0.2562,0.1087,0.0217,14,10,0.7143,7.36,10.3,-0.64,-11.444,13.4,-0.0659,0.0,0.2143,0.0714,0,4,0,0,0,0,43.5,55.1,43.5,-11.6,13.78,0.2041,0.0,30.7,24.4,3.0,2.0,-1.0
00-0038551,Kendre Miller,RB,NO,2023,7,6,0.0,5.86,1.57,0.0521,-0.007,0.0733,0,,,,,,,,,,,41,3.8,0.0244,-0.0756,0.2439,0.0976,11,10,0.9091,10.64,11.7,-0.73,-14.625,12.8,0.5095,0.0,0.4545,0.1818,0,8,0,9,9,1,43.3,39.0,43.3,4.3,5.57,0.0718,0.0,23.6,15.3,0.94,1.0,0.06
00-0036020,Salvon Ahmed,RB,MIA,2023,7,7,0.0,3.14,3.29,0.0951,0.0085,0.1486,0,,,,,,,,,,,22,2.77,0.0455,-0.0106,0.1364,0.0455,23,16,0.6957,3.83,5.5,0.61,6.286,6.81,-0.456,0.0435,0.1739,0.087,0,8,7,2,9,1,42.9,49.8,42.9,-6.9,7.11,0.0876,0.0,13.0,36.8,1.33,2.0,0.67
00-0038098,Pierre Strong,RB,CLE,2023,13,9,0.0,4.85,0.62,0.0175,-0.0025,0.0244,0,,,,,,,,,,,63,4.62,0.0159,-0.1727,0.1587,0.1111,8,5,0.625,5.88,9.4,-0.62,-9.4,14.6,-0.2791,0.0,0.125,0.125,1,17,0,0,0,4,42.8,47.8,42.8,-5.0,3.68,0.049,0.0,36.9,10.9,1.38,1.0,-0.38
00-0034115,Jeff Wilson,RB,MIA,2023,9,5,0.0,4.56,1.89,0.0579,0.023,0.1029,0,,,,,,,,,,,41,4.59,0.0,-0.0225,0.1951,0.122,17,14,0.8235,5.0,6.07,2.71,1.848,4.93,0.1558,0.0,0.1765,0.0,0,10,6,1,7,1,41.3,48.5,41.3,-7.2,5.38,0.0739,0.0,24.2,24.2,1.31,0.0,-1.31
00-0032104,Ameer Abdullah,RB,LV,2023,16,12,0.0,0.94,1.5,0.0515,0.0079,0.0828,0,,,,,,,,,,,15,5.93,0.0,0.1735,0.4,0.1333,24,19,0.7917,5.46,6.89,1.92,2.848,4.63,-0.5941,0.0,0.1667,0.0417,0,17,0,0,0,1,41.0,44.6,41.0,-3.6,2.79,0.0414,0.0,8.7,35.9,0.79,0.0,-0.79
00-0033893,Dalvin Cook,RB,NYJ,2023,14,13,0.0,4.79,1.43,0.048,-0.0089,0.0658,0,,,,,,,,,,,67,3.19,0.0,-0.3711,0.1493,0.0597,20,15,0.75,3.9,5.2,-1.15,-3.391,7.07,-0.1137,0.0,0.15,0.0,2,16,0,0,0,2,40.2,59.2,40.2,-19.0,4.23,0.0701,0.0,32.5,26.7,0.64,0.0,-0.64
00-0034681,Chase Edmonds,RB,TB,2023,13,9,0.0,3.77,1.31,0.0401,-0.0056,0.0562,0,,,,,,,,,,,49,3.59,0.0,-0.1307,0.1633,0.102,17,14,0.8235,4.76,5.79,-1.47,-3.24,7.93,0.0599,0.0,0.2941,0.0,0,13,4,0,4,0,39.7,46.3,39.7,-6.6,3.56,0.0512,0.0,24.2,22.1,0.47,0.0,-0.47
00-0038611,Chris Rodriguez Jr.,RB,WAS,2023,8,6,0.0,6.38,0.25,0.0069,-0.0034,0.008,0,,,,,,,,,,,51,4.84,0.0392,-0.0683,0.2745,0.1765,2,2,1.0,6.0,6.0,-3.5,-1.714,9.5,0.2272,0.0,0.5,0.0,1,13,2,2,4,5,37.9,36.3,37.9,1.6,4.54,0.0631,0.0,33.6,2.7,2.13,2.0,-0.13
00-0030578,Cordarrelle Patterson,RB,ATL,2023,12,9,0.0,4.17,1.0,0.0403,0.0038,0.0632,0,,,,,,,,,,,50,3.62,0.0,-0.1596,0.18,0.1,12,9,0.75,3.17,4.22,0.83,3.8,4.11,-0.3913,0.0833,0.1667,0.0,0,14,0,3,3,2,36.9,54.1,36.9,-17.2,4.51,0.0641,0.0,33.4,20.7,2.52,1.0,-1.52
00-0035628,D'Ernest Johnson,RB,JAX,2023,15,11,0.0,2.73,0.8,0.0208,0.0018,0.0324,0,,,,,,,,,,,41,2.63,0.0,-0.3245,0.122,0.0244,12,10,0.8333,11.67,14.0,0.83,14.0,13.6,0.8179,0.0,0.5,0.1667,0,17,0,0,0,2,34.8,40.8,34.8,-6.0,2.72,0.0354,0.0,24.5,16.3,0.97,0.0,-0.97
00-0035537,Ty Johnson,RB,BUF,2023,7,4,0.0,4.29,1.0,0.0376,0.0007,0.0568,0,,,,,,,,,,,30,4.4,0.0,-0.0247,0.2667,0.0667,7,7,1.0,8.86,8.86,0.29,31.0,8.57,0.1807,0.1429,0.2857,0.1429,0,10,0,1,1,3,32.4,28.7,32.4,3.7,4.09,0.0509,0.0,16.2,12.4,0.89,1.0,0.11
00-0035860,Tony Jones,RB,ARI,2023,6,6,0.0,4.33,1.67,0.0602,-0.0472,0.0572,0,,,,,,,,,,,26,3.65,0.0769,0.0649,0.2692,0.1154,10,7,0.7,3.7,5.29,-1.8,-2.056,6.29,-0.4624,0.0,0.1,0.0,0,7,0,1,1,1,32.2,34.7,32.2,-2.5,5.79,0.0856,0.0,19.1,15.6,1.87,2.0,0.13
00-0035567,Craig Reynolds,RB,DET,2023,6,6,0.0,6.83,0.83,0.0213,-0.0073,0.0269,0,,,,,,,,,,,41,4.37,0.0244,-0.1093,0.2683,0.1463,5,5,1.0,9.4,9.4,-2.4,-3.917,11.8,0.5673,0.0,0.4,0.2,1,17,0,0,0,11,31.6,34.3,31.6,-2.7,5.71,0.0687,0.0,26.7,7.6,1.58,1.0,-0.58
00-0036297,Darrynton Evans,RB,CHI,2023,6,6,0.0,5.33,2.0,0.0654,-0.0586,0.0571,0,,,,,,,,,,,32,3.78,0.0312,0.0189,0.3125,0.1562,12,7,0.5833,4.08,7.0,-1.17,-3.5,9.86,-0.4358,0.0,0.1667,0.0833,0,7,0,0,0,1,30.0,34.1,30.0,-4.1,5.68,0.0836,0.0,18.1,16.0,0.88,1.0,0.12
00-0035973,Patrick Taylor,RB,GB,2023,10,7,0.0,3.2,1.7,0.0514,-0.005,0.0736,0,,,,,,,,,,,32,4.41,0.0,-0.1033,0.2188,0.125,17,11,0.6471,2.88,4.45,-0.47,-6.125,5.36,-0.3398,0.0,0.2353,0.0588,0,11,0,0,0,1,30.0,42.7,30.0,-12.7,4.27,0.0572,0.0,18.7,24.0,1.15,0.0,-1.15
00-0038555,Tank Bigsby,RB,JAX,2023,13,10,0.0,3.85,0.31,0.0096,0.002,0.0157,0,,,,,,,,,,,50,2.64,0.04,-0.2467,0.24,0.02,4,1,0.25,1.5,6.0,1.5,1.0,5.0,-3.4222,0.0,0.0,0.0,1,17,0,0,0,4,24.8,36.9,24.8,-12.1,2.84,0.0383,0.0,31.9,5.0,2.0,2.0,0.0
00-0034791,Nick Chubb,RB,CLE,2023,2,2,0.0,14.0,2.0,0.069,0.0015,0.1045,0,,,,,,,,,,,28,6.07,0.0,0.1469,0.2857,0.2143,4,4,1.0,5.25,5.25,0.25,21.0,5.0,0.1875,0.0,0.25,0.0,0,2,15,0,15,0,23.1,20.1,23.1,3.0,10.05,0.1287,0.0,14.0,6.1,0.38,0.0,-0.38
00-0037286,Kevin Harris,RB,NE,2023,4,0,0.0,4.0,0.75,0.0295,-0.0012,0.0433,0,,,,,,,,,,,16,4.06,0.0625,-0.1425,0.125,0.125,3,3,1.0,19.33,19.33,-0.33,-58.0,19.67,1.6259,0.0,0.6667,0.3333,0,5,0,0,0,1,21.3,11.7,21.3,9.6,2.93,0.057,0.0,7.6,4.1,0.11,1.0,0.89
00-0036984,Trey Sermon,RB,IND,2023,8,5,0.0,4.38,0.75,0.0239,0.0067,0.0405,0,,,,,,,,,,,35,4.57,0.0,-0.0318,0.2,0.0857,6,3,0.5,2.17,4.33,1.83,1.182,2.0,-0.5067,0.0,0.0,0.0,0,14,2,1,3,6,20.3,26.8,20.3,-6.5,3.35,0.0439,0.0,18.2,8.6,0.43,0.0,-0.43
00-0037557,Ronnie Rivers,RB,LA,2023,7,4,0.0,4.57,0.71,0.0211,-0.0123,0.023,0,,,,,,,,,,,32,4.03,0.0,-0.1422,0.125,0.0625,5,5,1.0,4.4,4.4,-3.8,-1.158,8.2,-0.1276,0.0,0.0,0.0,0,9,8,0,8,2,20.1,22.7,20.1,-2.6,3.24,0.042,0.0,15.9,6.8,0.3,0.0,-0.3
00-0032144,Melvin Gordon,RB,BAL,2023,4,2,0.0,6.5,0.75,0.0306,0.0334,0.0692,0,,,,,,,,,,,26,3.12,0.0385,-0.2735,0.1538,0.0769,3,3,1.0,15.33,15.33,6.0,2.556,9.33,1.0489,0.0,1.0,0.3333,1,6,0,0,0,2,19.7,19.2,19.7,0.5,4.8,0.0793,0.0,14.8,4.5,0.63,1.0,0.37
00-0035657,Damien Harris,RB,BUF,2023,6,6,0.0,3.83,0.33,0.0085,0.0,0.0128,0,,,,,,,,,,,23,4.09,0.0435,0.0945,0.3913,0.0435,2,2,1.0,8.0,8.0,0.0,,8.0,0.2675,0.0,0.0,0.0,0,6,11,0,11,0,19.0,22.2,19.0,-3.2,3.71,0.0464,0.0,19.3,3.0,1.7,1.0,-0.7
00-0038045,Isaiah Spiller,RB,LAC,2023,9,6,0.0,4.11,0.67,0.0217,-0.0019,0.0311,0,,,,,,,,,,,37,2.59,0.0,-0.3881,0.027,0.0,6,6,1.0,5.67,5.67,-0.83,-6.8,6.5,0.0876,0.0,0.1667,0.0,0,10,0,7,7,1,19.0,27.9,19.0,-8.9,3.1,0.0389,0.0,19.5,8.5,0.63,0.0,-0.63
00-0038389,Israel Abanikanda,RB,NYJ,2023,6,2,0.0,3.67,1.83,0.0485,0.0077,0.0782,0,,,,,,,,,,,22,3.18,0.0,-0.1339,0.1364,0.0909,11,7,0.6364,3.91,6.14,0.55,7.167,6.57,-0.1105,0.0,0.1818,0.0,0,8,0,9,9,2,18.3,25.5,18.3,-7.2,4.25,0.0653,0.0,11.3,14.2,0.23,0.0,-0.23
00-0037120,Tyler Goodson,RB,IND,2023,6,2,0.0,2.17,1.5,0.0489,-0.0006,0.0729,0,,,,,,,,,,,13,6.69,0.0,-0.2066,0.3077,0.2308,9,6,0.6667,3.78,5.67,-0.44,-8.5,8.5,-0.5497,0.0,0.1111,0.0,0,6,1,0,1,0,18.1,22.9,18.1,-4.8,3.82,0.0547,0.0,7.5,15.5,0.91,0.0,-0.91
00-0034414,Boston Scott,RB,PHI,2023,10,8,0.0,2.0,0.6,0.0175,0.0079,0.0318,0,,,,,,,,,,,20,4.3,0.0,-0.1587,0.25,0.1,6,4,0.6667,8.67,13.0,5.17,1.677,10.75,0.4961,0.0,0.3333,0.1667,0,15,0,2,2,5,17.8,21.4,17.8,-3.6,2.14,0.0283,0.0,12.9,8.4,0.57,0.0,-0.57
00-0037429,Raheem Blackshear,RB,CAR,2023,7,6,0.0,2.0,1.0,0.0303,0.0054,0.0492,0,,,,,,,,,,,14,3.29,0.0,-0.2457,0.0714,0.0,7,6,0.8571,6.43,7.5,1.86,3.462,6.33,-0.2935,0.0,0.1429,0.1429,0,12,0,5,5,5,17.1,16.7,17.1,0.4,2.39,0.0324,0.0,7.4,9.3,0.12,0.0,-0.12
00-0033376,Patrick Ricard,RB,BAL,2023,6,4,0.0,0.0,1.17,0.0466,0.013,0.079,0,,,,,,,,,,,0,,,,,,7,5,0.7143,7.43,10.4,2.71,2.737,7.0,-0.3294,0.1429,0.4286,0.1429,0,17,0,0,0,11,16.2,13.5,16.2,2.7,2.25,0.0319,0.0,0.0,13.5,0.89,1.0,0.11
00-0038622,Deuce Vaughn,RB,DAL,2023,6,5,0.0,3.83,1.17,0.0328,-0.0028,0.0473,0,,,,,,,,,,,23,1.74,0.0,-0.5613,0.0435,0.0435,7,7,1.0,5.71,5.71,-0.86,-6.667,6.57,0.1065,0.0,0.1429,0.0,0,7,1,9,10,1,15.0,23.9,15.0,-8.9,3.99,0.0463,0.0,14.1,9.8,0.72,0.0,-0.72
00-0035291,Trayveon Williams,RB,CIN,2023,14,11,0.0,1.07,0.64,0.0173,-0.0082,0.0202,0,,,,,,,,,,,15,4.6,0.0,-0.1396,0.1333,0.1333,9,7,0.7778,1.11,1.43,-3.11,-0.357,5.0,-0.8475,0.0,0.0,0.0,0,17,0,0,0,3,14.9,21.6,14.9,-6.7,1.55,0.0202,0.0,8.7,13.0,0.4,0.0,-0.4
00-0038797,Emanuel Wilson,RB,GB,2023,5,5,0.0,2.8,1.0,0.0277,-0.0044,0.0384,0,,,,,,,,,,,14,6.07,0.0,0.0403,0.1429,0.1429,5,4,0.8,4.6,5.75,-0.8,-5.75,7.5,0.1702,0.0,0.2,0.0,0,10,6,1,7,5,14.8,13.9,14.8,0.9,2.78,0.0397,0.0,6.9,7.0,0.14,0.0,-0.14
00-0037299,Keaontay Ingram,RB,ARI,2023,7,7,0.0,5.0,0.57,0.0183,-0.0048,0.0241,0,,,,,,,,,,,35,2.11,0.0,-0.3233,0.1143,0.1143,4,4,1.0,6.5,6.5,-1.25,-5.2,7.75,0.0844,0.0,0.25,0.0,0,10,0,3,3,3,14.0,22.7,14.0,-8.7,3.24,0.0493,0.0,16.8,5.8,0.26,0.0,-0.26
00-0036269,La'Mical Perine,RB,KC,2023,2,1,0.0,11.0,2.5,0.0868,0.006,0.1344,0,,,,,,,,,,,22,3.5,0.0,-0.1082,0.1364,0.0455,5,3,0.6,6.6,11.0,0.4,16.5,10.67,-0.0312,0.0,0.2,0.2,0,5,0,1,1,3,14.0,20.3,14.0,-6.3,10.17,0.1716,0.0,14.5,5.9,0.92,0.0,-0.92
00-0034208,Mike Boone,RB,HOU,2023,7,7,0.0,0.71,1.29,0.034,0.0024,0.0526,0,,,,,,,,,,,5,4.6,0.0,-0.3996,0.4,0.2,9,7,0.7778,4.44,5.71,1.0,4.444,4.71,0.0051,0.0,0.2222,0.0,0,9,0,5,5,2,13.3,14.8,13.3,-1.5,2.11,0.0264,0.0,2.6,12.2,0.08,0.0,-0.08
00-0038396,Eric Gray,RB,NYG,2023,5,2,0.0,3.4,1.4,0.0416,-0.0086,0.0564,0,,,,,,,,,,,17,2.82,0.0,-0.4644,0.1176,0.0588,7,6,0.8571,3.14,3.67,-1.14,-2.75,6.67,-0.5356,0.0,0.0,0.0,0,13,4,0,4,8,13.0,17.6,13.0,-4.6,3.51,0.0517,0.0,8.1,9.5,0.19,0.0,-0.19
00-0038738,Hunter Luepke,RB,DAL,2023,6,4,0.0,1.0,0.67,0.0184,0.0006,0.0281,0,,,,,,,,,,,6,3.17,0.1667,0.7827,0.8333,0.0,4,3,0.75,4.5,6.0,-0.5,-9.0,5.33,-0.3096,0.0,0.25,0.0,0,17,0,0,0,11,12.7,11.9,12.7,0.8,1.99,0.024,0.0,5.7,6.2,0.72,1.0,0.28
00-0036425,DeeJay Dallas,RB,SEA,2023,10,9,0.0,1.0,0.9,0.0293,-0.0016,0.0429,0,,,,,1.0,-0.5179,,,,,10,3.6,0.0,0.0156,0.2,0.0,9,6,0.6667,2.89,4.33,-1.67,-1.733,5.17,-0.8541,0.0,0.1111,0.0,0,17,0,0,0,7,12.2,16.4,12.2,-4.2,1.64,0.0222,0.0,4.8,11.6,0.14,0.0,-0.14
00-0036158,J.K. Dobbins,RB,BAL,2023,1,1,0.0,8.0,3.0,0.1429,0.0294,0.2349,0,,,,,,,,,,,8,2.75,0.125,-0.2301,0.125,0.0,3,2,0.6667,5.0,7.5,1.0,5.0,7.5,0.1731,0.0,0.0,0.0,0,1,16,0,16,0,11.7,11.2,11.7,0.5,11.17,0.1792,0.0,6.3,4.8,0.64,1.0,0.36
00-0036569,Gary Brightwell,RB,NYG,2023,3,3,0.0,3.0,2.33,0.0751,-0.0189,0.0994,0,,,,,,,,,,,9,2.11,0.0,-0.4333,0.0,0.0,7,5,0.7143,6.71,9.4,-0.86,-7.833,10.6,0.2947,0.0,0.2857,0.1429,0,7,10,0,10,4,11.6,14.2,11.6,-2.7,4.75,0.0828,0.0,4.4,9.9,0.06,0.0,-0.06
00-0034433,Nick Bawden,RB,NYJ,2023,5,4,0.0,0.4,0.6,0.0143,0.0006,0.0218,0,,,,,,,,,,,2,2.0,0.5,0.1868,0.5,0.0,3,3,1.0,7.0,7.0,-0.33,-21.0,7.33,0.1506,0.0,0.3333,0.0,0,16,0,1,1,11,11.5,8.2,11.5,3.2,1.65,0.0243,0.0,4.0,4.2,0.62,1.0,0.38
00-0029239,Brandon Bolden,RB,LV,2023,2,0,0.0,2.0,0.0,0.0,0.0,0.0,0,,,,,,,,,,,4,7.75,0.25,1.183,0.5,0.25,0,0,,,,,,,,,,,0,17,0,0,0,15,11.1,3.9,11.1,7.2,1.97,0.0179,0.0,3.9,0.0,0.29,1.0,0.71
00-0038685,Chris Brooks,RB,MIA,2023,3,2,0.0,6.33,0.0,0.0,0.0,0.0,0,,,,,,,,,,,19,5.58,0.0,-0.1785,0.1053,0.1053,0,0,,,,,,,,,,,0,9,8,0,8,6,10.6,8.6,10.6,2.0,2.87,0.0339,0.0,8.6,0.0,0.17,0.0,-0.17
00-0030874,Damien Williams,RB,ARI,2023,3,3,0.0,3.67,0.67,0.018,0.0008,0.0276,0,,,,,,,,,,,11,3.91,0.0,-0.1735,0.0909,0.0,2,2,1.0,6.0,6.0,0.5,12.0,5.5,-0.0322,0.0,0.0,0.0,0,3,0,0,0,0,7.5,7.7,7.5,-0.2,2.55,0.0329,0.0,4.8,2.9,0.01,0.0,-0.01
00-0033854,Dare Ogunbowale,RB,HOU,2023,6,3,0.0,1.33,1.17,0.0338,0.0168,0.0625,0,,,,,,,,,,,8,4.38,0.0,-0.2506,0.25,0.125,7,2,0.2857,2.57,9.0,4.43,0.581,2.5,-1.4348,0.0,0.0,0.0,0,12,0,5,5,6,7.3,14.2,7.3,-6.9,2.36,0.0311,0.0,4.4,9.8,0.11,0.0,-0.11
00-0036450,Ke'Shawn Vaughn,RB,TB,2023,5,5,0.0,4.8,1.0,0.029,0.0004,0.0438,0,,,,,,,,,,,24,1.75,0.0,-0.464,0.0,0.0,5,2,0.4,0.4,1.0,-0.4,-1.0,0.5,-0.9167,0.0,0.0,0.0,0,6,0,7,7,1,6.4,19.7,6.4,-13.3,3.95,0.0537,0.0,13.1,6.6,0.54,0.0,-0.54
00-0038951,Sean Tucker,RB,TB,2023,3,3,0.0,5.0,0.67,0.0208,-0.004,0.0285,0,,,,,,,,,,,15,1.53,0.0,-0.4139,0.0667,0.0,2,2,1.0,4.5,4.5,-1.5,-3.0,6.0,-0.0859,0.0,0.0,0.0,0,15,0,2,2,12,5.2,10.3,5.2,-5.1,3.42,0.0485,0.0,7.0,3.2,0.06,0.0,-0.06
00-0034750,Rashaad Penny,RB,PHI,2023,3,2,0.0,3.67,0.33,0.0152,-0.0016,0.0216,0,,,,,,,,,,,11,3.0,0.0,-0.2995,0.0909,0.0,1,1,1.0,5.0,5.0,-1.0,-5.0,6.0,-0.1015,0.0,0.0,0.0,0,5,0,12,12,2,4.8,6.8,4.8,-2.0,2.28,0.0323,0.0,5.3,1.6,0.06,0.0,-0.06
00-0037410,Jashaun Corbin,RB,NYG,2023,1,1,0.0,1.0,3.0,0.1154,-0.0061,0.1688,0,,,,,,,,,,,1,1.0,0.0,1.8488,1.0,0.0,3,3,1.0,4.0,4.0,-0.33,-12.0,4.33,0.9331,0.0,0.3333,0.0,0,6,0,4,4,5,4.3,4.4,4.3,-0.1,4.36,0.0786,0.0,0.9,3.5,0.13,0.0,-0.13
00-0033296,Alex Armah,RB,WAS,2023,3,2,0.0,0.0,1.0,0.0264,-0.0205,0.0252,0,,,,,,,,,,,0,,,,,,3,3,1.0,4.33,4.33,-4.67,-0.929,9.0,0.3249,0.0,0.3333,0.0,0,8,0,3,3,5,4.3,4.7,4.3,-0.4,1.58,0.0211,0.0,0.0,4.7,0.07,0.0,-0.07
00-0033856,Leonard Fournette,RB,BUF,2023,2,0,0.0,6.0,0.0,0.0,0.0,0.0,0,,,,,,,,,,,12,3.33,0.0,-0.0935,0.1667,0.0,0,0,,,,,,,,,,,0,2,0,0,0,0,4.0,9.4,4.0,-5.4,4.7,0.0605,0.0,9.4,0.0,0.84,0.0,-0.84
00-0036493,Deon Jackson,RB,NYG,2023,2,2,0.0,7.0,3.0,0.0769,-0.0138,0.1058,0,,,,,,,,,,,14,1.14,0.0,-0.8174,0.0714,0.0,6,5,0.8333,2.33,2.8,-1.0,-2.333,4.0,-1.4184,0.0,0.0,0.0,2,4,0,3,3,2,4.0,19.0,4.0,-15.0,9.49,0.1287,0.0,10.5,8.5,0.83,0.0,-0.83
00-0038862,Elijah Dotson,RB,LAC,2023,1,1,0.0,4.0,2.0,0.0513,-0.0023,0.0753,0,,,,,,,,,,,4,1.5,0.0,-0.7992,0.0,0.0,2,2,1.0,6.5,6.5,-0.5,-13.0,7.0,0.1882,0.0,0.0,0.0,0,4,0,7,7,3,3.9,5.0,3.9,-1.1,4.97,0.0552,0.0,2.1,2.9,0.07,0.0,-0.07
00-0036860,Jake Funk,RB,IND,2023,1,1,0.0,2.0,1.0,0.0256,0.0,0.0385,0,,,,,,,,,,,2,5.0,0.0,-0.4419,0.0,0.0,1,1,1.0,12.0,12.0,0.0,,12.0,1.4138,0.0,1.0,0.0,0,4,0,0,0,3,3.2,2.5,3.2,0.7,2.49,0.0284,0.0,1.2,1.3,0.01,0.0,-0.01
00-0036336,Anthony McFarland,RB,PIT,2023,1,1,0.0,0.0,2.0,0.0444,0.0122,0.0752,0,,,,,,,,,,,0,,,,,,2,2,1.0,5.5,5.5,2.0,2.75,3.5,0.5966,0.0,0.5,0.0,0,3,7,4,11,2,3.1,2.9,3.1,0.2,2.93,0.0389,0.0,0.0,2.9,0.09,0.0,-0.09
00-0037157,Bam Knight,RB,DET,2023,2,2,0.0,1.5,0.5,0.0185,-0.0157,0.0168,0,,,,,,,,,,,3,4.33,0.0,-0.0684,0.0,0.0,1,1,1.0,8.0,8.0,-5.0,-1.6,13.0,0.6098,0.0,0.0,0.0,0,2,12,1,13,0,3.1,3.3,3.1,-0.2,1.64,0.0204,0.0,1.6,1.7,0.05,0.0,-0.05
00-0033118,Kenyan Drake,RB,BAL,2023,2,1,0.0,1.0,1.5,0.05,-0.0101,0.068,0,,,,,,,,,,,2,0.0,0.0,-0.4517,0.0,0.0,3,2,0.6667,10.33,15.5,-1.33,-7.75,18.0,-1.2781,0.0,0.0,0.3333,1,4,0,0,0,2,3.1,5.1,3.1,-2.0,2.57,0.0358,0.0,1.0,4.1,0.03,0.0,-0.03
00-0035715,Derrick Gore,RB,WAS,2023,2,1,0.0,1.5,0.0,0.0,0.0,0.0,0,,,,,,,,,,,3,8.67,0.0,-0.4412,0.3333,0.3333,0,0,,,,,,,,,,,0,6,0,0,0,4,2.6,3.8,2.6,-1.2,1.92,0.0266,0.0,3.8,0.0,0.36,0.0,-0.36
00-0035184,Devine Ozigbo,RB,DET,2023,1,1,0.0,3.0,1.0,0.0244,0.0111,0.0444,0,,,,,,,,,,,3,1.67,0.0,-0.5361,0.3333,0.0,1,1,1.0,8.0,8.0,3.0,2.667,5.0,0.5565,0.0,0.0,0.0,0,3,0,0,0,2,2.3,3.0,2.3,-0.8,3.05,0.0365,0.0,1.4,1.7,0.02,0.0,-0.02
00-0035726,Jakob Johnson,RB,LV,2023,1,1,0.0,0.0,2.0,0.0526,0.0235,0.0954,0,,,,,,,,,,,0,,,,,,2,1,0.5,6.0,12.0,3.0,2.0,10.0,0.5169,0.0,0.0,0.0,0,13,0,2,2,12,2.2,3.0,2.2,-0.8,3.05,0.0322,0.0,0.0,3.0,0.01,0.0,-0.01
00-0036857,Chris Evans,RB,CIN,2023,1,1,0.0,2.0,1.0,0.0323,-0.0042,0.0454,0,,,,,,,,,,,2,6.0,0.0,-0.3258,0.0,0.0,1,1,1.0,-1.0,-1.0,-1.0,1.0,0.0,-1.3476,0.0,0.0,0.0,0,8,0,9,9,7,2.1,2.6,2.1,-0.5,2.58,0.0476,0.0,1.1,1.4,0.0,0.0,0.0
00-0037827,Tyrion Davis-Price,RB,SF,2023,1,1,0.0,6.0,0.0,0.0,0.0,0.0,0,,,,,,,,,,,6,3.5,0.0,-0.6224,0.1667,0.1667,0,0,,,,,,,,,,,0,2,0,10,10,1,2.1,2.6,2.1,-0.5,2.61,0.0331,0.0,2.6,0.0,0.03,0.0,-0.03
00-0039136,Zach Evans,RB,LA,2023,4,3,0.0,2.25,0.0,0.0,0.0,0.0,0,,,,,,,,,,,9,2.11,0.0,-0.5792,0.0,0.0,0,0,,,,,,,,,,,0,10,0,7,7,6,1.9,4.2,1.9,-2.3,1.06,0.0147,0.0,4.2,0.0,0.07,0.0,-0.07
00-0038397,Evan Hull,RB,IND,2023,1,1,0.0,1.0,1.0,0.0256,0.0138,0.0481,0,,,,,,,,,,,1,1.0,0.0,-1.487,0.0,0.0,1,1,1.0,6.0,6.0,3.0,2.0,3.0,-0.1081,0.0,0.0,0.0,0,1,16,0,16,0,1.7,2.0,1.7,-0.3,2.02,0.023,0.0,0.5,1.5,0.02,0.0,-0.02
00-0036842,Kene Nwangwu,RB,MIN,2023,3,2,0.0,1.67,0.0,0.0,0.0,0.0,0,,,,,,,,,,,5,2.6,0.0,-0.1646,0.0,0.0,0,0,,,,,,,,,,,0,9,6,2,8,6,1.3,2.4,1.3,-1.1,0.81,0.0109,0.0,2.4,0.0,0.02,0.0,-0.02
00-0036187,Reggie Gilliam,RB,BUF,2023,1,1,0.0,0.0,1.0,0.0278,0.0058,0.0458,0,,,,,,,,,,,0,,,,,,1,1,1.0,3.0,3.0,1.0,3.0,2.0,-0.3396,0.0,0.0,0.0,0,17,0,0,0,16,1.3,1.5,1.3,-0.2,1.47,0.0138,0.0,0.0,1.5,0.0,0.0,0.0
00-0035924,Jonathan Ward,RB,TEN,2023,1,0,0.0,3.0,0.0,0.0,0.0,0.0,0,,,,,,,,,,,3,3.67,0.0,-0.6061,0.3333,0.0,0,0,,,,,,,,,,,0,8,0,0,0,7,1.1,1.6,1.1,-0.5,1.58,0.0284,0.0,1.6,0.0,0.01,0.0,-0.01
00-0035831,James Robinson,RB,GB,2023,1,1,0.0,1.0,1.0,0.0286,-0.011,0.0351,0,,,,,,,,,,,1,2.0,0.0,-0.4817,0.0,0.0,1,1,1.0,-2.0,-2.0,-3.0,0.667,1.0,-1.1249,0.0,0.0,0.0,0,2,0,0,0,1,1.0,2.0,1.0,-1.0,2.04,0.0261,0.0,0.5,1.6,0.01,0.0,-0.01
00-0038678,Jordan Mims,RB,NO,2023,1,0,0.0,0.0,2.0,0.08,0.0429,0.15,0,,,,,,,,,,,0,,,,,,2,0,0.0,0.0,,5.0,0.0,,-0.6856,0.0,0.0,0.0,0,2,0,0,0,1,0.0,4.9,0.0,-4.9,4.9,0.0586,0.0,0.0,4.9,0.46,0.0,-0.46
00-0035594,Travis Homer,RB,CHI,2023,1,1,0.0,0.0,1.0,0.0345,-0.0943,-0.0143,0,,,,,,,,,,,0,,,,,,1,0,0.0,0.0,,-5.0,-0.0,,-1.0551,0.0,0.0,0.0,0,16,0,1,1,15,0.0,1.5,0.0,-1.5,1.51,0.0212,0.0,0.0,1.5,0.01,0.0,-0.01
00-0035806,JaMycal Hasty,RB,JAX,2023,1,1,0.0,0.0,2.0,0.0667,0.1341,0.1939,0,,,,,,,,,,,0,,,,,,2,0,0.0,0.0,,12.0,0.0,,-1.1842,0.0,0.0,0.0,0,5,0,10,10,4,0.0,3.7,0.0,-3.7,3.74,0.0612,0.0,0.0,3.7,0.23,0.0,-0.23
00-0032975,Jonathan Williams,RB,WAS,2023,1,0,0.0,1.0,1.0,0.0294,-0.0027,0.0422,0,,,,,,,,,,,1,-2.0,0.0,-0.9947,0.0,0.0,1,0,0.0,0.0,,-1.0,-0.0,,-1.4357,0.0,0.0,0.0,0,1,1,1,2,0,-0.2,2.0,-0.2,-2.2,1.96,0.0231,0.0,0.5,1.5,0.0,0.0,0.0
00-0039065,Sam LaPorta,TE,DET,2023,17,13,0.0,0.06,7.06,0.2136,0.2118,0.4687,0,,,,,,,,,,,1,4.0,0.0,0.1332,0.0,0.0,120,86,0.7167,7.41,10.34,7.09,1.045,4.16,0.3369,0.0833,0.4,0.1083,0,17,0,0,0,0,239.3,219.5,239.3,19.8,12.91,0.1569,0.0,0.4,219.1,6.86,10.0,3.14
00-0033881,Evan Engram,TE,JAX,2023,17,13,0.0,0.0,8.41,0.2355,0.1451,0.4548,0,,,,,,,,,,,0,,,,,,143,114,0.7972,6.73,8.45,5.01,1.345,4.53,0.0716,0.028,0.3287,0.0909,2,17,0,0,0,0,230.3,221.2,230.3,9.1,13.01,0.1697,0.0,0.0,221.2,3.39,4.0,0.61
00-0030506,Travis Kelce,TE,KC,2023,15,12,0.0,0.0,8.07,0.2241,0.2193,0.4897,0,,,,,,,,,,,0,,,,,,121,93,0.7686,8.13,10.58,6.67,1.219,5.05,0.3968,0.0413,0.4215,0.1405,1,15,0,2,2,0,219.4,211.0,219.4,8.4,14.06,0.1793,0.0,0.0,211.0,5.96,5.0,-0.96
00-0035229,T.J. Hockenson,TE,MIN,2023,15,13,0.0,0.0,8.47,0.2399,0.2443,0.5309,0,,,,,,,,,,,0,,,,,,127,95,0.748,7.56,10.11,7.69,0.984,3.54,0.2506,0.0394,0.378,0.1654,1,15,2,0,2,0,219.0,214.5,219.0,4.5,14.3,0.1832,0.0,0.0,214.5,5.41,5.0,-0.41
00-0033288,George Kittle,TE,SF,2023,16,13,0.0,0.06,5.62,0.1958,0.2244,0.4507,0,,,,,,,,,,,1,2.0,0.0,0.5645,1.0,0.0,90,65,0.7222,11.33,15.69,9.47,1.197,7.43,0.6631,0.0667,0.4667,0.2778,0,17,0,0,0,1,203.2,161.9,203.2,41.3,10.12,0.143,0.0,0.7,161.2,4.07,6.0,1.93
00-0033885,David Njoku,TE,CLE,2023,16,13,0.0,0.0,7.69,0.2132,0.1242,0.4067,0,,,,,,,,,,,0,,,,,,123,81,0.6585,7.17,10.89,4.6,1.558,7.4,-0.093,0.0488,0.2846,0.1382,2,17,0,0,0,1,201.2,193.0,201.2,8.2,12.06,0.1583,0.0,0.0,193.0,6.33,6.0,-0.33
00-0037744,Trey McBride,TE,ARI,2023,17,13,0.0,0.0,6.24,0.1977,0.1799,0.4225,0,,,,,,,,,,,0,,,,,,106,81,0.7642,7.78,10.19,6.15,1.265,5.19,0.0925,0.0283,0.3962,0.1509,0,17,0,0,0,0,181.5,172.0,181.5,9.5,10.12,0.1456,0.0,0.0,172.0,3.72,3.0,-0.72
00-0036290,Cole Kmet,TE,CHI,2023,15,12,0.0,0.2,6.0,0.212,0.1714,0.4379,0,,,,,,,,,,,3,0.67,0.0,0.2679,0.6667,0.0,90,73,0.8111,7.99,9.85,6.19,1.291,3.97,0.3614,0.0667,0.4,0.1222,0,17,0,0,0,2,181.1,149.1,181.1,32.0,9.94,0.1464,0.0,2.1,147.1,4.68,6.0,1.32
00-0038041,Jake Ferguson,TE,DAL,2023,17,13,0.0,0.0,6.0,0.1683,0.1032,0.3247,0,,,,,,,,,,,0,,,,,,102,71,0.6961,7.46,10.72,5.04,1.481,5.99,0.3211,0.049,0.3922,0.1176,0,17,0,0,0,0,177.1,186.5,177.1,-9.4,10.97,0.1276,0.0,0.0,186.5,7.58,5.0,-2.58
00-0034383,Dalton Schultz,TE,HOU,2023,15,11,0.0,0.0,5.87,0.1757,0.1436,0.364,0,,,,,,,,,,,0,,,,,,88,59,0.6705,7.22,10.76,7.6,0.949,4.39,0.2773,0.0568,0.3977,0.1477,1,15,0,2,2,0,150.5,153.4,148.5,-4.9,10.23,0.131,0.0,0.0,153.4,4.69,5.0,0.31
00-0038933,Dalton Kincaid,TE,BUF,2023,16,12,0.0,0.0,5.69,0.1786,0.1163,0.3492,0,,,,,,,,,,,0,,,,,,91,73,0.8022,7.4,9.22,5.91,1.251,4.32,0.1385,0.022,0.3187,0.0879,1,16,0,1,1,0,150.3,143.7,150.3,6.7,8.98,0.1121,0.0,0.0,143.7,3.03,2.0,-1.03
00-0033357,Taysom Hill,TE,NO,2023,16,12,0.69,5.06,2.5,0.0701,0.043,0.1352,11,0.5455,7.55,0.0909,0.0,0.1538,0.1122,-12.684,0.659,0.3636,0.0909,81,4.95,0.0494,0.0894,0.321,0.1481,40,33,0.825,7.28,8.82,5.22,1.392,4.03,0.252,0.05,0.275,0.15,1,16,0,1,1,0,143.5,158.4,143.5,-14.9,9.9,0.1242,6.1,86.4,65.9,10.86,7.0,-3.86
00-0036970,Kyle Pitts,TE,ATL,2023,17,13,0.0,0.06,5.29,0.1801,0.2644,0.4553,0,,,,,,,,,,,1,-4.0,0.0,-1.6512,0.0,0.0,90,53,0.5889,7.41,12.58,11.43,0.648,2.53,0.1931,0.0333,0.3889,0.1778,0,17,0,0,0,0,137.3,149.5,137.3,-12.2,8.79,0.1279,0.0,0.6,148.9,2.46,3.0,0.54
00-0034351,Dallas Goedert,TE,PHI,2023,14,10,0.0,0.07,5.93,0.1944,0.1151,0.3722,0,,,,,,,,,,,1,1.0,0.0,-0.4596,0.0,0.0,83,59,0.7108,7.13,10.03,5.36,1.33,5.41,0.1946,0.0361,0.3976,0.1446,0,14,0,3,3,0,136.3,135.2,136.3,1.1,9.66,0.1234,0.0,1.2,134.0,2.43,3.0,0.57
00-0034753,Mark Andrews,TE,BAL,2023,10,10,0.0,0.1,6.1,0.2137,0.191,0.4543,0,,,,,,,,,,,1,0.0,0.0,-1.5893,0.0,0.0,61,45,0.7377,8.92,12.09,7.26,1.228,4.82,0.544,0.0984,0.4426,0.1803,0,10,6,1,7,0,135.4,116.7,135.4,18.7,11.67,0.1558,0.0,0.4,116.3,4.85,6.0,1.15
00-0031260,Logan Thomas,TE,WAS,2023,16,12,0.0,0.06,4.88,0.1314,0.1043,0.2701,0,,,,,,,,,,,1,2.0,0.0,0.5107,1.0,0.0,78,55,0.7051,6.36,9.02,6.04,1.053,4.16,-0.062,0.0513,0.2692,0.0897,2,16,0,1,1,0,126.8,128.7,126.8,-1.9,8.04,0.1082,0.0,0.2,128.4,3.97,4.0,0.03
00-0033858,Jonnu Smith,TE,ATL,2023,15,11,0.07,0.07,4.67,0.1473,0.1194,0.3045,1,0.0,0.0,0.0,0.0,0.0,-0.8618,-42.982,0.0,0.0,0.0,1,0.0,0.0,-0.4215,0.0,0.0,70,50,0.7143,8.31,11.64,6.54,1.271,7.14,0.1287,0.0429,0.3714,0.1286,1,17,0,0,0,2,124.2,121.6,124.2,2.6,8.1,0.1145,2.0,4.4,115.2,4.27,3.0,-1.27
00-0034270,Tyler Conklin,TE,NYJ,2023,17,13,0.0,0.06,5.12,0.1547,0.1392,0.3295,0,,,,,,,,,,,1,0.0,0.0,-3.5422,0.0,0.0,87,61,0.7011,7.14,10.18,6.84,1.044,4.03,0.0737,0.0,0.3103,0.1379,0,17,0,0,0,0,123.1,125.8,123.1,-2.7,7.4,0.1182,0.0,0.5,125.3,2.34,0.0,-2.34
00-0033090,Hunter Henry,TE,NE,2023,13,12,0.0,0.0,4.69,0.1468,0.1903,0.3534,0,,,,,,,,,,,0,,,,,,61,42,0.6885,6.87,9.98,8.82,0.779,1.86,0.3027,0.0984,0.4754,0.0656,0,14,1,2,3,1,119.9,102.6,119.9,17.3,7.89,0.122,0.0,0.0,102.6,2.96,6.0,3.04
00-0038129,Cade Otton,TE,TB,2023,16,12,0.0,0.0,4.19,0.1285,0.0982,0.2615,0,,,,,,,,,,,0,,,,,,67,47,0.7015,6.79,9.68,6.75,1.007,4.74,0.1879,0.0597,0.3284,0.1045,0,17,0,0,0,1,118.5,107.0,116.2,9.2,6.69,0.0952,0.0,0.0,107.0,3.08,4.0,0.92
00-0037809,Chig Okonkwo,TE,TEN,2023,17,13,0.0,0.12,4.53,0.1618,0.1288,0.3328,0,,,,,,,,,,,2,3.0,0.0,-0.01,0.5,0.0,77,54,0.7013,6.86,9.78,6.82,1.006,4.81,0.1007,0.013,0.3247,0.1039,0,17,0,0,0,0,113.4,114.2,113.4,-0.8,6.72,0.1126,0.0,1.3,112.9,2.53,1.0,-1.53
00-0031610,Darren Waller,TE,NYG,2023,12,8,0.0,0.0,6.17,0.206,0.2461,0.4813,0,,,,,,,,,,,0,,,,,,74,52,0.7027,7.46,10.62,8.0,0.932,4.06,0.2066,0.0135,0.3378,0.1351,0,12,5,0,5,0,113.2,111.3,113.2,1.9,9.27,0.1466,0.0,0.0,111.3,1.43,1.0,-0.43
00-0033895,Gerald Everett,TE,LAC,2023,15,11,0.0,0.2,4.67,0.1318,0.0677,0.2451,0,,,,,,,,,,,3,3.33,0.0,-0.2454,0.0,0.0,70,51,0.7286,5.87,8.06,4.03,1.457,5.39,0.109,0.0429,0.3571,0.0714,0,15,0,2,2,0,111.1,118.3,111.1,-7.2,7.89,0.0981,0.0,2.2,116.1,4.08,3.0,-1.08
00-0033110,Tyler Higbee,TE,LA,2023,15,12,0.0,0.0,4.67,0.1394,0.108,0.2846,0,,,,,,,,,,,0,,,,,,70,47,0.6714,7.07,10.53,5.8,1.219,5.23,0.2686,0.0286,0.3714,0.1143,0,15,0,2,2,0,108.5,114.8,108.5,-6.3,7.66,0.0968,0.0,0.0,114.8,2.1,2.0,-0.1
00-0037838,Isaiah Likely,TE,BAL,2023,13,9,0.0,0.0,3.08,0.1081,0.0859,0.2223,0,,,,,,,,,,,0,,,,,,40,30,0.75,10.28,13.7,6.22,1.651,7.2,0.8049,0.125,0.375,0.25,0,17,0,0,0,4,101.1,66.7,101.1,34.4,5.13,0.0703,0.0,0.0,66.7,1.7,5.0,3.3
00-0036040,Juwan Johnson,TE,NO,2023,13,9,0.0,0.0,4.54,0.1389,0.1359,0.3035,0,,,,,,,,,,,0,,,,,,59,37,0.6271,6.24,9.95,7.53,0.829,3.92,-0.0761,0.0678,0.3898,0.1186,0,14,0,3,3,1,97.8,101.3,97.8,-3.5,7.79,0.1037,0.0,0.0,101.3,2.98,4.0,1.02
00-0034613,Tanner Hudson,TE,CIN,2023,12,8,0.0,0.0,4.17,0.1241,0.0911,0.2499,0,,,,,1.0,-2.2644,,,,,0,,,,,,50,39,0.78,7.04,9.03,5.38,1.309,3.79,0.2453,0.02,0.42,0.1,0,12,0,0,0,0,80.2,73.3,80.2,6.9,6.11,0.0841,0.0,0.0,73.3,0.47,1.0,0.53
00-0035329,Donald Parham,TE,LAC,2023,13,12,0.0,0.0,3.15,0.0866,0.0799,0.1858,0,,,,,,,,,,,0,,,,,,41,27,0.6585,6.95,10.56,7.46,0.931,4.67,0.4461,0.0976,0.5366,0.1707,0,14,0,3,3,1,79.5,82.0,79.5,-2.5,6.31,0.0754,0.0,0.0,82.0,4.51,4.0,-0.51
00-0038996,Tucker Kraft,TE,GB,2023,10,6,0.0,0.0,4.0,0.1204,0.0592,0.222,0,,,,,,,,,,,0,,,,,,40,31,0.775,8.88,11.45,3.9,2.276,7.48,0.4444,0.05,0.45,0.15,0,17,0,0,0,7,78.5,61.9,78.5,16.6,6.19,0.0828,0.0,0.0,61.9,1.1,2.0,0.9
00-0036894,Pat Freiermuth,TE,PIT,2023,11,8,0.0,0.0,4.27,0.1484,0.1201,0.3068,0,,,,,,,,,,,0,,,,,,47,32,0.6809,6.55,9.62,6.62,0.99,4.53,0.2031,0.0426,0.3617,0.0851,0,12,4,1,5,1,76.8,73.6,76.8,3.2,6.69,0.1098,0.0,0.0,73.6,2.04,2.0,-0.04
00-0039144,Luke Musgrave,TE,GB,2023,11,10,0.0,0.0,4.18,0.1285,0.1051,0.2663,0,,,,,,,,,,,0,,,,,,46,34,0.7391,7.65,10.35,7.48,1.023,4.97,0.2615,0.0217,0.3043,0.1522,0,11,6,0,6,0,75.2,72.3,75.2,2.9,6.58,0.0918,0.0,0.0,72.3,1.24,1.0,-0.24
00-0035644,Noah Fant,TE,SEA,2023,14,12,0.0,0.0,3.07,0.0922,0.0862,0.1986,0,,,,,,,,,,,0,,,,,,43,32,0.7442,9.63,12.94,6.93,1.389,5.53,0.2727,0.0,0.3721,0.2093,0,17,0,0,0,3,73.4,67.9,73.4,5.5,4.85,0.0677,0.0,0.0,67.9,0.65,0.0,-0.65
00-0036876,Kylen Granson,TE,IND,2023,15,11,0.0,0.07,3.33,0.1055,0.1073,0.2334,0,,,,,,,,,,,1,2.0,0.0,2.8403,1.0,0.0,50,30,0.6,7.36,12.27,8.04,0.915,4.27,0.2292,0.02,0.38,0.14,0,15,0,2,2,0,73.0,83.9,73.0,-10.9,5.59,0.0765,0.0,0.6,83.3,2.14,1.0,-1.14
00-0034798,Durham Smythe,TE,MIA,2023,13,9,0.0,0.0,3.31,0.0995,0.0861,0.2096,0,,,,,,,,,,,0,,,,,,43,35,0.814,8.51,10.46,6.6,1.289,3.97,0.5113,0.0,0.5116,0.1628,0,16,0,1,1,3,71.6,74.2,71.6,-2.6,5.71,0.0728,0.0,0.0,74.2,1.72,0.0,-1.72
00-0039066,Michael Mayer,TE,LV,2023,12,11,0.0,0.0,3.33,0.1086,0.0805,0.2193,0,,,,,,,,,,,0,,,,,,40,27,0.675,7.6,11.26,5.67,1.339,6.07,0.4444,0.05,0.475,0.175,0,14,1,2,3,2,71.4,64.1,71.4,7.3,5.34,0.0818,0.0,0.0,64.1,1.17,2.0,0.83
00-0036637,Noah Gray,TE,KC,2023,16,12,0.0,0.06,2.56,0.0758,0.0765,0.1672,0,,,,,,,,,,,1,1.0,0.0,-2.7568,0.0,0.0,41,28,0.6829,7.44,10.89,6.59,1.13,5.0,0.1264,0.0488,0.3659,0.1707,0,17,0,0,0,1,70.6,66.0,69.9,3.9,4.13,0.0532,0.0,0.8,65.2,1.34,2.0,0.66
00-0034829,Mike Gesicki,TE,NE,2023,15,11,0.0,0.0,3.0,0.096,0.1063,0.2184,0,,,,,,,,,,,0,,,,,,45,29,0.6444,5.42,8.41,8.51,0.637,3.03,-0.0691,0.0444,0.2444,0.0444,0,17,0,0,0,2,65.4,71.1,65.4,-5.7,4.74,0.0752,0.0,0.0,71.1,2.03,2.0,-0.03
00-0036244,Colby Parkinson,TE,SEA,2023,14,10,0.0,0.0,2.43,0.0777,0.0702,0.1657,0,,,,,,,,,,,0,,,,,,34,25,0.7353,7.26,9.88,6.41,1.133,3.44,0.2465,0.0588,0.3235,0.2059,0,17,0,0,0,3,61.7,59.6,61.7,2.1,4.26,0.0624,0.0,0.0,59.6,2.56,2.0,-0.56
00-0037005,Tommy Tremble,TE,CAR,2023,13,9,0.0,0.0,2.46,0.0827,0.0538,0.1617,0,,,,,,,,,,,0,,,,,,32,23,0.7188,6.06,8.43,6.38,0.951,4.13,0.0658,0.0938,0.3125,0.0938,0,16,0,1,1,3,60.4,51.4,60.4,9.0,3.95,0.0614,0.0,0.0,51.4,1.8,3.0,1.2
00-0036422,Adam Trautman,TE,DEN,2023,16,12,0.0,0.0,2.19,0.0768,0.0781,0.1699,0,,,,,,,,,,,0,,,,,,35,22,0.6286,5.83,9.27,6.46,0.903,4.45,-0.0313,0.0857,0.2857,0.0857,0,17,0,0,0,1,60.4,66.5,60.4,-6.1,4.15,0.063,0.0,0.0,66.5,3.97,3.0,-0.97
00-0035689,Dawson Knox,TE,BUF,2023,10,8,0.0,0.0,3.6,0.1085,0.0748,0.2152,0,,,,,,,,,,,0,,,,,,36,22,0.6111,5.17,8.45,7.03,0.735,4.36,-0.3149,0.0556,0.3611,0.0556,0,12,5,0,5,2,54.6,71.4,52.6,-18.8,7.14,0.0888,0.0,0.0,71.4,3.44,2.0,-1.44
00-0035249,Josh Oliver,TE,MIN,2023,12,8,0.0,0.0,2.33,0.0624,0.0217,0.1088,0,,,,,,,,,,,0,,,,,,28,22,0.7857,7.61,9.68,2.57,2.958,7.36,0.1509,0.0714,0.4286,0.1786,1,17,0,0,0,5,53.3,47.4,53.3,5.9,3.95,0.0483,0.0,0.0,47.4,1.58,2.0,0.42
00-0030061,Zach Ertz,TE,ARI,2023,7,7,0.0,0.0,6.14,0.1906,0.1628,0.3999,0,,,,,,,,,,,0,,,,,,43,27,0.6279,4.35,6.93,7.72,0.563,1.7,-0.3262,0.0233,0.186,0.0233,0,7,5,0,5,0,51.7,68.1,51.7,-16.4,9.73,0.1485,0.0,0.0,68.1,1.95,1.0,-0.95
00-0036556,Brevin Jordan,TE,HOU,2023,9,6,0.0,0.0,2.33,0.0739,0.0385,0.1378,0,,,,,,,,,,,0,,,,,,21,17,0.8095,10.43,12.88,5.48,1.904,7.29,0.8334,0.0952,0.619,0.2381,0,14,0,3,3,5,50.9,35.9,50.9,15.0,3.99,0.0523,0.0,0.0,35.9,0.84,2.0,1.16
00-0038115,Daniel Bellinger,TE,NYG,2023,13,10,0.0,0.0,2.15,0.0797,0.0488,0.1537,0,,,,,,,,,,,0,,,,,,28,25,0.8929,9.11,10.2,4.64,1.962,5.36,0.3029,0.0,0.2143,0.1786,0,17,0,0,0,4,50.5,40.0,50.5,10.5,3.08,0.0547,1.0,0.0,39.0,0.1,0.0,-0.1
00-0035631,Drew Sample,TE,CIN,2023,14,10,0.0,0.0,1.93,0.0573,-0.0007,0.0855,0,,,,,,,,,,,0,,,,,,27,22,0.8148,6.04,7.41,1.07,5.621,7.86,0.0184,0.0741,0.3333,0.0741,0,17,0,0,0,3,50.3,39.4,50.3,10.9,2.82,0.0392,0.0,0.0,39.4,0.5,2.0,1.5
00-0033217,Mo Alie-Cox,TE,IND,2023,13,9,0.0,0.0,1.69,0.0629,0.0726,0.1452,0,,,,,,,,,,,0,,,,,,22,13,0.5909,7.32,12.38,10.09,0.725,6.15,0.3438,0.1364,0.4091,0.1818,0,17,0,0,0,4,49.1,42.7,49.1,6.4,3.28,0.0466,0.0,0.0,42.7,1.28,3.0,1.72
00-0032392,Austin Hooper,TE,LV,2023,16,12,0.0,0.0,1.94,0.0684,0.0365,0.1281,0,,,,,,,,,,,0,,,,,,31,25,0.8065,7.55,9.36,4.19,1.8,5.68,0.3359,0.0,0.3871,0.0645,0,17,0,0,0,1,48.4,46.6,48.4,1.8,2.91,0.0439,0.0,0.0,46.6,0.65,0.0,-0.65
00-0034981,Foster Moreau,TE,NO,2023,11,7,0.0,0.0,2.27,0.0682,0.0411,0.1311,0,,,,,,,,,,,0,,,,,,25,21,0.84,7.72,9.19,4.88,1.582,4.57,0.3362,0.04,0.36,0.16,0,15,0,2,2,4,46.3,41.7,46.3,4.6,3.79,0.0469,0.0,0.0,41.7,1.06,1.0,-0.06
00-0034830,Hayden Hurst,TE,CAR,2023,9,9,0.0,0.0,3.56,0.1037,0.1069,0.2304,0,,,,,,,,,,,0,,,,,,32,18,0.5625,5.75,10.22,7.56,0.76,3.72,-0.1182,0.0312,0.2188,0.0625,0,9,4,4,8,0,42.4,50.1,42.4,-7.7,5.57,0.0771,0.0,0.0,50.1,1.15,1.0,-0.15
00-0033246,Johnny Mundt,TE,MIN,2023,9,5,0.0,0.0,2.56,0.0728,0.0306,0.1306,0,,,,,,,,,,,0,,,,,,23,17,0.7391,7.48,10.12,4.96,1.509,5.53,0.1205,0.0435,0.3478,0.1304,0,17,0,0,0,8,40.2,35.0,40.2,5.2,3.89,0.0505,0.0,0.0,35.0,0.73,1.0,0.27
00-0034159,Will Dissly,TE,SEA,2023,12,9,0.0,0.0,1.83,0.0571,0.0264,0.1042,0,,,,,,,,,,,0,,,,,,22,17,0.7727,7.82,10.12,2.82,2.774,7.06,0.3965,0.0455,0.3636,0.2273,0,16,0,1,1,4,40.2,34.2,40.2,6.0,2.85,0.0409,0.0,0.0,34.2,0.47,1.0,0.53
00-0038394,Will Mallory,TE,IND,2023,11,8,0.0,0.0,2.36,0.0701,0.0748,0.1575,0,,,,,,,,,,,0,,,,,,26,18,0.6923,7.96,11.5,7.81,1.02,4.94,0.4493,0.0,0.4231,0.1923,0,12,0,5,5,1,38.7,38.1,38.7,0.6,3.46,0.0468,0.0,0.0,38.1,0.1,0.0,-0.1
00-0036232,Harrison Bryant,TE,CLE,2023,13,10,0.0,0.38,1.54,0.0438,0.0176,0.0779,0,,,,,,,,,,,5,1.6,0.0,0.4445,0.8,0.0,20,13,0.65,4.05,6.23,4.05,1.0,2.69,-0.2066,0.15,0.2,0.05,1,17,0,0,0,4,37.9,37.3,37.9,0.6,2.87,0.0376,0.0,1.5,35.8,1.75,3.0,1.25
00-0033439,Pharaoh Brown,TE,NE,2023,9,5,0.0,0.0,1.67,0.0583,0.0617,0.1307,0,,,,,,,,,,,0,,,,,,15,13,0.8667,13.87,16.0,6.93,2.0,9.31,0.3647,0.0667,0.5333,0.3333,1,17,0,0,0,8,37.8,22.1,37.8,15.7,2.45,0.043,0.0,0.0,22.1,0.06,1.0,0.94
00-0039041,Elijah Higgins,TE,ARI,2023,9,5,0.0,0.0,2.11,0.0649,0.064,0.1421,0,,,,,,,,,,,0,,,,,,19,14,0.7368,8.58,11.64,6.74,1.273,4.79,0.5388,0.0526,0.4737,0.2105,0,11,0,6,6,2,36.3,30.6,36.3,5.7,3.4,0.0464,0.0,0.0,30.6,0.45,1.0,0.55
00-0037292,Andrew Ogletree,TE,IND,2023,10,9,0.0,0.0,2.1,0.0686,0.0807,0.1594,0,,,,,,,,,,,0,,,,,,21,9,0.4286,7.0,16.33,9.95,0.703,3.33,0.4339,0.0952,0.381,0.2381,0,12,0,3,3,2,35.7,38.0,35.7,-2.3,3.8,0.0493,0.0,0.0,38.0,1.25,2.0,0.75
00-0036628,John Bates,TE,WAS,2023,14,10,0.0,0.0,2.0,0.0572,0.0497,0.1206,0,,,,,,,,,,,0,,,,,,28,19,0.6786,5.39,7.95,6.25,0.863,3.42,-0.1988,0.0,0.2143,0.0714,0,17,0,0,0,3,34.1,46.6,34.1,-12.5,3.33,0.0445,0.0,0.0,46.6,1.66,0.0,-1.66
00-0027696,Jimmy Graham,TE,NO,2023,5,4,0.0,0.0,1.4,0.0532,0.0512,0.1157,0,,,,,,,,,,,0,,,,,,7,6,0.8571,5.57,6.5,6.0,0.929,0.5,1.1651,0.5714,0.8571,0.0,0,13,0,4,4,8,33.9,19.9,33.9,14.0,3.98,0.0578,0.0,0.0,19.9,2.18,4.0,1.82
00-0034970,Irv Smith,TE,CIN,2023,9,8,0.0,0.0,2.89,0.0838,0.0468,0.1584,0,,,,,,,,,,,0,,,,,,26,18,0.6923,4.42,6.39,4.04,1.095,3.67,-0.597,0.0385,0.1923,0.0,1,13,0,4,4,4,33.5,44.9,33.5,-11.4,4.98,0.0702,0.0,0.0,44.9,1.73,1.0,-0.73
00-0037475,Stone Smartt,TE,LAC,2023,12,8,0.0,0.0,1.75,0.0496,0.0519,0.1107,0,,,,,,,,,,,0,,,,,,21,11,0.5238,7.38,14.09,8.57,0.861,5.09,0.1582,0.0476,0.2857,0.1905,0,16,0,1,1,4,32.5,35.8,32.5,-3.3,2.98,0.0389,0.0,0.0,35.8,1.15,1.0,-0.15
00-0037805,Jeremy Ruckert,TE,NYJ,2023,10,9,0.0,0.0,2.2,0.0654,0.0605,0.1404,0,,,,,,,,,,,0,,,,,,22,16,0.7273,6.86,9.44,6.32,1.086,3.19,0.2032,0.0,0.2727,0.1364,0,15,1,1,2,5,31.1,31.4,31.1,-0.3,3.14,0.0504,0.0,0.0,31.4,0.15,0.0,-0.15
00-0036887,Luke Farrell,TE,JAX,2023,9,7,0.0,0.0,1.67,0.0492,0.027,0.0926,0,,,,,,,,,,,0,,,,,,15,13,0.8667,10.33,11.92,4.73,2.183,7.38,0.5342,0.0,0.3333,0.2,0,17,0,0,0,8,28.5,26.2,28.5,2.3,2.91,0.0369,0.0,0.0,26.2,0.73,0.0,-0.73
00-0034364,Jordan Akins,TE,CLE,2023,13,9,0.0,0.0,1.77,0.0571,0.0332,0.1089,0,,,,,,,,,,,0,,,,,,23,15,0.6522,5.74,8.8,4.74,1.211,3.87,-0.0451,0.0,0.2609,0.0435,0,17,0,0,0,4,28.2,31.0,28.2,-2.8,2.39,0.0327,0.0,0.0,31.0,0.11,0.0,-0.11
00-0036754,Brock Wright,TE,DET,2023,8,8,0.0,0.0,1.75,0.0555,0.023,0.0993,0,,,,,,,,,,,0,,,,,,14,13,0.9286,6.5,7.0,2.86,2.275,3.77,0.3576,0.0714,0.1429,0.0714,0,14,0,3,3,6,28.1,24.2,28.1,3.9,3.03,0.0375,0.0,0.0,24.2,0.44,1.0,0.56
00-0038547,Luke Schoonmaker,TE,DAL,2023,11,10,0.0,0.0,1.36,0.0381,0.0277,0.0766,0,,,,,,,,,,,0,,,,,,15,8,0.5333,4.33,8.12,5.4,0.802,3.38,-0.2956,0.1333,0.3333,0.0667,0,17,0,0,0,6,26.5,33.3,26.5,-6.8,3.03,0.0345,0.0,0.0,33.3,2.13,2.0,-0.13
00-0031585,MyCole Pruitt,TE,ATL,2023,9,7,0.0,0.0,1.33,0.0382,0.022,0.0727,0,,,,,,,,,,,0,,,,,,12,9,0.75,9.17,12.22,5.17,1.774,5.67,0.6863,0.0833,0.5,0.25,0,17,0,0,0,8,26.0,22.9,26.0,3.1,2.55,0.0357,0.0,0.0,22.9,1.38,1.0,-0.38
00-0039074,Davis Allen,TE,LA,2023,4,2,0.0,0.0,2.75,0.0914,0.0234,0.1535,0,,,,,,,,,,,0,,,,,,11,10,0.9091,8.64,9.5,2.18,3.958,7.4,0.9086,0.0909,0.6364,0.1818,0,17,0,0,0,13,25.5,16.1,25.5,9.4,4.04,0.0503,0.0,0.0,16.1,0.28,1.0,0.72
00-0036438,Stephen Sullivan,TE,CAR,2023,10,6,0.0,0.0,2.4,0.0825,0.0927,0.1886,0,,,,,,,,,,,0,,,,,,24,12,0.5,5.21,10.42,10.62,0.49,0.67,-0.0679,0.0,0.2083,0.0833,0,11,5,1,6,1,24.5,32.9,24.5,-8.4,3.29,0.0549,0.0,0.0,32.9,0.32,0.0,-0.32
00-0038589,Josh Whyle,TE,TEN,2023,8,8,0.0,0.0,1.88,0.0659,0.0597,0.1406,0,,,,,,,,,,,0,,,,,,15,9,0.6,6.27,10.44,9.73,0.644,4.44,0.2522,0.0667,0.5333,0.1333,0,12,2,3,5,4,24.4,29.7,24.4,-5.3,3.71,0.0624,0.0,0.0,29.7,1.51,1.0,-0.51
00-0037539,Lucas Krull,TE,DEN,2023,7,3,0.0,0.0,2.0,0.0634,0.0746,0.1473,0,,,,,,,,,,,0,,,,,,14,8,0.5714,6.79,11.88,9.5,0.714,6.25,0.1397,0.0714,0.3571,0.1429,0,7,0,0,0,0,23.5,24.9,23.5,-1.4,3.56,0.0511,0.0,0.0,24.9,1.15,1.0,-0.15
00-0037078,Cole Turner,TE,WAS,2023,7,7,0.0,0.0,2.14,0.0689,0.0625,0.147,0,,,,,,,,,,,0,,,,,,15,11,0.7333,8.0,10.91,6.8,1.176,4.55,-0.0003,0.0,0.2667,0.2,0,12,0,5,5,5,23.0,29.6,23.0,-6.6,4.22,0.0567,0.0,0.0,29.6,1.58,0.0,-1.58
00-0033757,Robert Tonyan,TE,CHI,2023,11,7,0.0,0.0,1.55,0.0564,0.048,0.1182,0,,,,,,,,,,,0,,,,,,17,11,0.6471,6.59,10.18,8.53,0.772,5.18,0.2204,0.0,0.3529,0.0588,0,17,0,0,0,6,22.2,27.6,22.2,-5.4,2.5,0.0358,0.0,0.0,27.6,0.72,0.0,-0.72
00-0038046,Charlie Kolar,TE,BAL,2023,6,2,0.0,0.0,1.5,0.0605,0.0846,0.15,0,,,,,,,,,,,0,,,,,,9,7,0.7778,9.67,12.43,9.78,0.989,2.43,0.8538,0.1111,0.5556,0.2222,0,15,0,2,2,9,21.7,16.1,21.7,5.6,2.68,0.0393,0.0,0.0,16.1,0.42,1.0,0.58
00-0032134,C.J. Uzomah,TE,NYJ,2023,7,7,0.0,0.0,1.71,0.047,0.0311,0.0923,0,,,,,,,,,,,0,,,,,,12,8,0.6667,4.83,7.25,5.33,0.906,4.12,-0.2824,0.0833,0.4167,0.0833,0,12,5,0,5,5,19.8,21.6,19.8,-1.8,3.08,0.0469,0.0,0.0,21.6,1.27,1.0,-0.27
00-0032141,Geoff Swaim,TE,ARI,2023,7,6,0.0,0.0,1.57,0.0526,0.0342,0.1028,0,,,,,,,,,,,0,,,,,,11,10,0.9091,8.55,9.4,5.45,1.567,3.0,0.6037,0.0,0.3636,0.0909,0,14,3,0,3,7,19.4,17.8,19.4,1.6,2.54,0.0366,0.0,0.0,17.8,0.22,0.0,-0.22
00-0035771,Mitchell Wilcox,TE,CIN,2023,9,6,0.0,0.0,1.33,0.038,0.002,0.0584,0,,,,,,,,,,,0,,,,,,12,9,0.75,4.67,6.22,1.0,4.667,5.33,0.0169,0.0,0.1667,0.0,0,17,0,0,0,8,14.6,18.4,14.6,-3.8,2.05,0.0289,0.0,0.0,18.4,0.59,0.0,-0.59
00-0038935,Brenton Strange,TE,JAX,2023,5,4,0.0,0.0,1.8,0.0607,0.0599,0.1329,0,,,,,,,,,,,0,,,,,,9,5,0.5556,3.89,7.0,7.56,0.515,5.6,-0.0513,0.1111,0.2222,0.1111,0,14,0,3,3,9,14.5,16.6,14.5,-2.1,3.33,0.0469,0.0,0.0,16.6,0.78,1.0,0.22
00-0036332,Josiah Deguara,TE,GB,2023,4,4,0.0,0.0,2.0,0.068,0.023,0.1181,0,,,,,,,,,,,0,,,,,,8,8,1.0,8.12,8.12,3.25,2.5,4.88,0.1447,0.0,0.375,0.125,0,15,0,2,2,11,14.5,11.4,14.5,3.1,2.86,0.0464,0.0,0.0,11.4,0.03,0.0,-0.03
00-0036145,Lawrence Cager,TE,NYG,2023,3,2,0.0,0.0,1.67,0.0584,0.0397,0.1154,0,,,,,,,,,,,0,,,,,,5,4,0.8,7.2,9.0,4.2,1.714,6.75,0.651,0.2,0.4,0.0,0,11,2,2,4,8,13.6,8.5,13.6,5.1,2.83,0.0494,0.0,0.0,8.5,0.44,1.0,0.56
00-0038558,Darnell Washington,TE,PIT,2023,8,7,0.0,0.0,1.25,0.0437,0.0063,0.07,0,,,,,,,,,,,0,,,,,,10,7,0.7,6.1,8.71,1.1,5.545,7.14,0.1191,0.0,0.4,0.0,0,17,0,0,0,9,13.1,16.4,13.1,-3.3,2.05,0.034,0.0,0.0,16.4,0.66,0.0,-0.66
00-0024243,Marcedes Lewis,TE,CHI,2023,5,4,0.0,0.0,1.0,0.0376,0.0224,0.0721,0,,,,,,,,,,,0,,,,,,5,4,0.8,5.8,7.25,1.8,3.222,7.25,0.4972,0.2,0.4,0.2,0,17,0,0,0,12,12.9,10.8,12.9,2.1,2.16,0.0287,0.0,0.0,10.8,0.68,1.0,0.32
00-0036424,Brycen Hopkins,TE,LA,2023,4,3,0.0,0.0,1.75,0.0618,0.0918,0.157,0,,,,,,,,,,,0,,,,,,7,5,0.7143,11.14,15.6,9.43,1.182,6.4,0.4365,0.0,0.4286,0.4286,0,15,0,2,2,11,12.8,10.6,12.8,2.2,2.65,0.0343,0.0,0.0,10.6,0.12,0.0,-0.12
00-0038809,Ben Sims,TE,GB,2023,6,4,0.0,0.0,1.0,0.0308,0.0199,0.0601,0,,,,,,,,,,,0,,,,,,6,4,0.6667,3.5,5.25,5.0,0.7,4.5,0.3357,0.1667,0.5,0.0,0,17,0,0,0,11,12.1,11.5,12.1,0.6,1.91,0.0262,0.0,0.0,11.5,0.67,1.0,0.33
00-0032062,Blake Bell,TE,KC,2023,6,3,0.0,0.0,1.5,0.0425,0.0202,0.0779,0,,,,,,,,,,,0,,,,,,9,5,0.5556,2.89,5.2,3.33,0.867,3.8,-1.3576,0.1111,0.1111,0.0,1,17,0,0,0,11,11.6,15.2,11.6,-3.6,2.53,0.0338,0.0,0.0,15.2,0.54,1.0,0.46
00-0039050,Payne Durham,TE,TB,2023,6,5,0.0,0.0,1.17,0.0309,0.042,0.0758,0,,,,,,,,,,,0,,,,,,7,5,0.7143,8.29,11.6,9.86,0.841,3.2,0.5273,0.0,0.4286,0.1429,0,13,0,4,4,7,10.8,11.8,10.8,-0.9,1.96,0.0271,0.0,0.0,11.8,0.34,0.0,-0.34
00-0034365,Ian Thomas,TE,CAR,2023,7,5,0.0,0.0,1.29,0.0472,0.0707,0.1203,0,,,,,,,,,,,0,,,,,,9,5,0.5556,6.22,11.2,8.67,0.718,6.6,-0.8529,0.0,0.1111,0.1111,0,12,4,1,5,5,10.6,15.0,10.6,-4.4,2.14,0.0324,0.0,0.0,15.0,0.52,0.0,-0.52
00-0036590,Quintin Morris,TE,BUF,2023,2,2,0.0,0.0,1.5,0.0517,0.0679,0.1251,0,,,,,,,,,,,0,,,,,,3,2,0.6667,8.67,13.0,11.0,0.788,2.5,0.5843,0.3333,0.3333,0.0,0,15,0,2,2,13,10.6,7.0,10.6,3.6,3.49,0.0485,0.0,0.0,7.0,0.67,1.0,0.33
00-0036741,Jack Stoll,TE,PHI,2023,5,4,0.0,0.0,1.6,0.0567,0.0173,0.0972,0,,,,,,,,,,,0,,,,,,8,5,0.625,4.75,7.6,3.12,1.52,5.0,-0.2744,0.0,0.25,0.0,0,17,0,0,0,12,8.8,12.7,8.8,-3.9,2.54,0.0318,0.0,0.0,12.7,0.25,0.0,-0.25
00-0038720,Julian Hill,TE,MIA,2023,6,4,0.0,0.0,1.5,0.0485,0.0199,0.0866,0,,,,,,,,,,,0,,,,,,9,6,0.6667,5.33,8.0,3.22,1.655,5.0,-0.4904,0.0,0.2222,0.1111,1,15,0,2,2,9,8.8,16.7,8.8,-7.9,2.78,0.0344,0.0,0.0,16.7,0.55,0.0,-0.55
00-0037086,Grant Calcaterra,TE,PHI,2023,2,0,0.0,0.0,2.0,0.0581,0.0117,0.0953,0,,,,,,,,,,,0,,,,,,4,4,1.0,9.75,9.75,1.75,5.571,8.0,0.7706,0.0,0.75,0.0,0,15,0,2,2,13,7.9,5.4,7.9,2.5,2.72,0.0356,0.0,0.0,5.4,0.04,0.0,-0.04
00-0037569,Peyton Hendershot,TE,DAL,2023,7,3,0.0,0.14,1.0,0.0304,0.0178,0.0581,0,,,,,,,,,,,1,0.0,0.0,-0.2044,0.0,0.0,7,4,0.5714,5.43,9.5,3.86,1.407,7.0,-0.2012,0.0,0.1429,0.1429,0,8,7,2,9,1,7.8,18.9,7.8,-11.1,2.7,0.0325,0.0,4.2,14.7,1.52,0.0,-1.52
00-0037311,Ko Kieft,TE,TB,2023,3,2,0.0,0.0,1.67,0.0551,0.0792,0.1381,0,,,,,,,,,,,0,,,,,,5,1,0.2,0.4,2.0,12.2,0.033,2.0,-0.2669,0.2,0.2,0.0,0,16,0,1,1,13,7.2,11.9,7.2,-4.7,3.97,0.0582,0.0,0.0,11.9,0.76,1.0,0.24
00-0036429,Charlie Woerner,TE,SF,2023,3,2,0.0,0.0,1.0,0.0368,0.0157,0.0662,0,,,,,,,,,,,0,,,,,,3,3,1.0,10.67,10.67,4.0,2.667,6.67,0.5358,0.0,0.3333,0.3333,0,17,0,0,0,14,6.2,3.8,6.2,2.4,1.28,0.0185,0.0,0.0,3.8,0.03,0.0,-0.03
00-0038783,Nate Adkins,TE,DEN,2023,4,4,0.0,0.0,1.25,0.0459,-0.0069,0.0639,0,,,,,,,,,,,0,,,,,,5,4,0.8,4.4,5.5,-1.0,-4.4,6.0,0.3091,0.0,0.2,0.0,0,10,0,7,7,6,6.2,6.6,6.2,-0.4,1.64,0.0251,0.0,0.0,6.6,0.02,0.0,-0.02
00-0037252,Greg Dulcich,TE,DEN,2023,2,2,0.0,0.0,2.0,0.0767,0.0864,0.1756,0,,,,,,,,,,,0,,,,,,4,3,0.75,6.25,8.33,5.75,1.087,1.67,-1.0394,0.0,0.5,0.0,0,2,15,0,15,0,5.5,5.8,5.5,-0.3,2.9,0.0519,0.0,0.0,5.8,0.02,0.0,-0.02
00-0037277,Teagan Quitoriano,TE,HOU,2023,3,3,0.0,0.0,1.0,0.0297,0.0172,0.0565,0,,,,,,,,,,,0,,,,,,3,2,0.6667,11.0,16.5,5.0,2.2,9.0,0.6909,0.0,0.6667,0.3333,0,7,10,0,10,4,5.3,4.5,5.3,0.8,1.49,0.021,0.0,0.0,4.5,0.01,0.0,-0.01
00-0036510,Kenny Yeboah,TE,NYJ,2023,2,0,0.0,0.0,2.0,0.0452,0.0604,0.1101,0,,,,,,,,,,,0,,,,,,4,2,0.5,7.0,14.0,4.75,1.474,10.0,-0.6641,0.0,0.25,0.25,0,5,12,0,12,3,4.8,5.8,4.8,-1.0,2.88,0.0336,0.0,0.0,5.8,0.01,0.0,-0.01
00-0037282,James Mitchell,TE,DET,2023,2,0,0.0,0.0,1.0,0.0318,0.0314,0.0696,0,,,,,,,,,,,0,,,,,,2,2,1.0,14.0,14.0,8.0,1.75,6.0,0.6694,0.0,0.5,0.5,0,15,0,2,2,13,4.8,4.8,4.8,0.0,2.38,0.0296,0.0,0.0,4.8,0.02,0.0,-0.02
00-0033576,Eric Saubert,TE,HOU,2023,3,1,0.0,0.0,1.0,0.0359,0.0048,0.0573,0,,,,,,,,,,,0,,,,,,3,3,1.0,4.0,4.0,2.0,2.0,2.0,0.1775,0.0,0.3333,0.0,0,10,1,1,2,7,4.2,4.9,4.2,-0.7,1.62,0.022,0.0,0.0,4.9,0.0,0.0,0.0
00-0031484,Chris Manhertz,TE,DEN,2023,4,4,0.0,0.0,1.0,0.0365,0.0062,0.0591,0,,,,,,,,,,,0,,,,,,4,2,0.5,4.0,8.0,3.0,1.333,5.0,0.0128,0.0,0.25,0.0,0,16,0,1,1,12,3.6,7.5,3.6,-3.9,1.87,0.0309,0.0,0.0,7.5,0.37,0.0,-0.37
00-0037317,Nick Muse,TE,MIN,2023,1,0,0.0,0.0,1.0,0.0233,0.03,0.0559,0,,,,,,,,,,,0,,,,,,1,1,1.0,22.0,22.0,12.0,1.833,10.0,1.3513,0.0,1.0,1.0,0,2,0,15,15,1,3.2,2.0,3.2,1.2,1.97,0.0244,0.0,0.0,2.0,0.0,0.0,0.0
00-0035259,Trevon Wesco,TE,TEN,2023,3,3,0.0,0.0,1.0,0.0338,0.0174,0.0629,0,,,,,,,,,,,0,,,,,,3,1,0.3333,7.0,21.0,4.33,1.615,12.0,0.0534,0.0,0.3333,0.3333,0,15,0,2,2,12,3.1,4.2,3.1,-1.1,1.39,0.02,0.0,0.0,4.2,0.01,0.0,-0.01
00-0037306,John FitzPatrick,TE,ATL,2023,1,0,0.0,0.0,1.0,0.0294,0.0098,0.0509,0,,,,,,,,,,,0,,,,,,1,1,1.0,12.0,12.0,2.0,6.0,10.0,0.7121,0.0,1.0,0.0,0,9,0,8,8,8,2.2,0.9,2.2,1.3,0.95,0.0132,0.0,0.0,0.9,0.0,0.0,0.0
00-0034073,Ross Dwelley,TE,SF,2023,2,2,0.0,0.0,1.0,0.0381,0.034,0.0809,0,,,,,,,,,,,0,,,,,,2,1,0.5,6.0,12.0,8.5,0.706,12.0,0.2861,0.0,0.5,0.0,0,12,1,4,5,10,2.2,3.3,2.2,-1.1,1.67,0.0308,0.0,0.0,3.3,0.06,0.0,-0.06
00-0037654,Tucker Fisk,TE,ATL,2023,1,0,0.0,0.0,1.0,0.0526,0.0211,0.0937,0,,,,,,,,,,,0,,,,,,1,1,1.0,9.0,9.0,3.0,3.0,6.0,1.1956,0.0,1.0,0.0,0,6,0,0,0,5,1.9,1.3,1.9,0.6,1.26,0.0274,0.0,0.0,1.3,0.0,0.0,0.0
00-0037506,Cole Fotheringham,TE,LV,2023,1,0,0.0,0.0,1.0,0.0526,0.0064,0.0834,0,,,,,,,,,,,0,,,,,,1,1,1.0,6.0,6.0,1.0,6.0,5.0,0.2124,0.0,0.0,0.0,0,2,0,0,0,1,1.6,1.3,1.6,0.3,1.29,0.0306,0.0,0.0,1.3,0.0,0.0,0.0
00-0034193,Kevin Rader,TE,TEN,2023,2,0,0.0,0.0,1.5,0.0585,0.1105,0.165,0,,,,,,,,,,,0,,,,,,3,1,0.3333,2.0,6.0,10.67,0.188,4.0,-0.3738,0.0,0.0,0.0,0,14,0,0,0,12,1.6,5.8,1.6,-4.2,2.88,0.0528,0.0,0.0,5.8,0.36,0.0,-0.36
00-0035562,Jesper Horsted,TE,LV,2023,1,1,0.0,0.0,1.0,0.0222,0.0062,0.0377,0,,,,,,,,,,,0,,,,,,1,1,1.0,4.0,4.0,2.0,2.0,2.0,-0.2101,0.0,0.0,0.0,0,13,2,2,4,12,1.4,1.2,1.4,0.2,1.22,0.0161,0.0,0.0,1.2,0.0,0.0,0.0
00-0032394,Nick Vannett,TE,LAC,2023,1,0,0.0,0.0,1.0,0.0222,0.0097,0.0402,0,,,,,,,,,,,0,,,,,,1,1,1.0,3.0,3.0,3.0,1.0,0.0,0.1701,0.0,1.0,0.0,0,8,0,2,2,7,1.3,1.2,1.3,0.1,1.24,0.0127,0.0,0.0,1.2,0.0,0.0,0.0
00-0035956,Giovanni Ricci,TE,CAR,2023,1,1,0.0,0.0,1.0,0.0323,-0.0036,0.0459,0,,,,,,,,,,,0,,,,,,1,1,1.0,2.0,2.0,-1.0,-2.0,3.0,-0.4896,0.0,0.0,0.0,0,5,11,1,12,4,1.2,1.4,1.2,-0.2,1.41,0.0198,0.0,0.0,1.4,0.0,0.0,0.0
00-0034575,David Wells,TE,TB,2023,1,1,0.0,0.0,2.0,0.0625,0.0,0.0938,0,,,,,,,,,,,0,,,,,,2,2,1.0,-5.0,-5.0,0.0,,-5.0,-0.8921,0.0,0.5,0.0,0,5,0,6,6,4,1.0,3.2,1.0,-2.2,3.21,0.0409,0.0,0.0,3.2,0.05,0.0,-0.05
00-0036423,Albert Okwuegbunam,TE,PHI,2023,1,1,0.0,0.0,1.0,0.0238,0.0284,0.0556,0,,,,,,,,,,,0,,,,,,1,0,0.0,0.0,,10.0,0.0,,-0.4251,0.0,0.0,0.0,0,5,2,10,12,4,0.0,1.4,0.0,-1.4,1.44,0.0148,0.0,0.0,1.4,0.0,0.0,0.0
00-0036032,Sean McKeon,TE,DAL,2023,2,2,0.0,0.0,1.0,0.0314,0.0231,0.0632,0,,,,,,,,,,,0,,,,,,2,0,0.0,0.0,,6.5,0.0,,-3.2268,0.0,0.0,0.0,0,9,5,0,5,7,0.0,5.7,0.0,-5.7,2.85,0.0367,0.0,0.0,5.7,0.54,0.0,-0.54
00-0037451,Rod Williams,TE,PIT,2023,1,1,0.0,0.0,2.0,0.05,0.0208,0.0895,0,,,,,,,,,,,0,,,,,,2,0,0.0,0.0,,4.0,0.0,,-0.3405,0.0,0.0,0.0,0,13,0,0,0,12,0.0,2.7,0.0,-2.7,2.66,0.0377,0.0,0.0,2.7,0.0,0.0,0.0
00-0036358,CeeDee Lamb,WR,DAL,2023,17,13,0.0,0.82,10.65,0.2932,0.3557,0.6887,0,,,,,,,,,,,14,8.07,0.1429,0.5992,0.4286,0.2857,181,135,0.7459,9.66,12.96,9.51,1.016,5.04,0.5719,0.0663,0.442,0.2099,2,17,0,0,0,0,403.2,357.2,403.2,46.0,21.01,0.2443,0.0,14.8,342.4,14.39,14.0,-0.39
00-0033040,Tyreek Hill,WR,MIA,2023,16,13,0.0,0.38,10.69,0.3302,0.4366,0.8009,0,,,,,,,,,,,6,2.5,0.0,-0.1963,0.3333,0.1667,171,119,0.6959,10.52,15.12,10.8,0.974,5.48,0.5365,0.076,0.4854,0.269,1,16,0,1,1,0,376.4,324.6,376.4,51.8,20.29,0.2613,0.0,4.4,320.2,10.54,13.0,2.46
00-0036963,Amon-Ra St. Brown,WR,DET,2023,16,12,0.0,0.25,10.25,0.2954,0.3256,0.6711,0,,,,,1.0,-1.9746,,,,,4,6.0,0.0,0.3088,0.5,0.25,164,119,0.7256,9.24,12.73,7.75,1.192,5.61,0.435,0.061,0.4573,0.1707,1,16,0,1,1,0,330.9,290.2,330.9,40.7,18.14,0.2205,0.0,3.9,286.3,7.23,10.0,2.77
00-0039075,Puka Nacua,WR,LA,2023,17,13,0.0,0.71,9.41,0.2865,0.3143,0.6498,0,,,,,,,,,,,12,7.42,0.0,0.3223,0.4167,0.1667,160,105,0.6562,9.29,14.15,9.08,1.023,6.09,0.4238,0.0375,0.425,0.2188,0,17,0,0,0,0,298.5,282.5,298.5,16.0,16.62,0.213,0.0,9.0,273.5,7.22,6.0,-1.22
00-0035676,A.J. Brown,WR,PHI,2023,17,13,0.0,0.0,9.29,0.3037,0.3867,0.7262,0,,,,,,,,,,,0,,,,,,158,106,0.6709,9.22,13.74,11.73,0.786,4.46,0.4169,0.0443,0.443,0.1835,2,17,0,0,0,0,289.6,275.2,289.6,14.4,16.19,0.2086,0.0,0.0,275.2,7.92,7.0,-0.92
00-0034827,DJ Moore,WR,CHI,2023,17,13,0.0,0.24,8.0,0.2949,0.4014,0.7233,0,,,,,,,,,,,4,5.25,0.25,-0.4031,0.25,0.25,136,96,0.7059,10.03,14.21,10.85,0.924,5.61,0.4727,0.0588,0.4706,0.2353,1,17,0,0,0,0,286.5,228.7,286.5,57.8,13.45,0.1929,0.0,3.6,225.1,6.22,9.0,2.78
00-0031408,Mike Evans,WR,TB,2023,17,13,0.0,0.0,8.0,0.2519,0.3915,0.6519,0,,,,,,,,,,,0,,,,,,136,79,0.5809,9.23,15.89,14.01,0.658,4.08,0.3977,0.0956,0.3971,0.2279,0,17,0,0,0,0,282.5,243.7,282.5,38.8,14.33,0.2056,0.0,0.0,243.7,9.74,13.0,3.26
00-0030279,Keenan Allen,WR,LAC,2023,13,13,0.15,0.15,11.54,0.3139,0.4063,0.7553,2,0.5,24.5,0.5,0.0,0.0,1.7574,-5.947,1.256,0.5,0.5,2,3.0,0.0,0.077,0.5,0.0,150,108,0.72,8.29,11.51,9.68,0.856,3.67,0.4056,0.0467,0.38,0.1533,1,13,0,4,4,0,278.9,264.4,278.9,14.5,20.34,0.2458,1.0,2.3,261.1,7.05,8.0,0.95
00-0031588,Stefon Diggs,WR,BUF,2023,17,13,0.0,0.06,9.41,0.3007,0.3184,0.6739,0,,,,,,,,,,,1,5.0,0.0,0.8735,1.0,0.0,160,107,0.6687,7.39,11.06,10.36,0.714,3.73,0.2455,0.05,0.3625,0.15,1,17,0,0,0,0,273.8,270.2,273.8,3.6,15.89,0.1998,0.0,1.4,268.8,6.22,8.0,1.78
00-0031381,Davante Adams,WR,LV,2023,17,13,0.0,0.0,10.29,0.3252,0.4402,0.796,0,,,,,,,,,,,0,,,,,,175,103,0.5886,6.54,11.11,10.83,0.603,3.26,0.077,0.0457,0.3371,0.1429,0,17,0,0,0,0,265.4,297.2,263.4,-33.8,17.48,0.2579,0.0,0.0,297.2,8.63,8.0,-0.63
00-0036900,Ja'Marr Chase,WR,CIN,2023,16,13,0.06,0.19,9.06,0.2605,0.3456,0.6326,1,1.0,-7.0,0.0,0.0,0.0,-2.1029,17.854,1.0,0.0,0.0,3,-2.0,0.0,-0.9127,0.0,0.0,145,100,0.6897,8.39,12.16,8.65,0.97,5.41,0.4176,0.0483,0.4345,0.1517,0,16,0,1,1,0,262.7,243.4,262.7,19.3,15.21,0.205,0.1,2.0,241.4,6.7,7.0,0.3
00-0036554,Nico Collins,WR,HOU,2023,15,12,0.0,0.07,7.27,0.2272,0.2874,0.5421,0,,,,,,,,,,,1,7.0,0.0,0.3455,0.0,0.0,109,80,0.7339,11.9,16.21,10.88,1.094,6.86,0.662,0.0734,0.4862,0.2844,0,15,0,2,2,0,260.4,198.1,258.4,60.3,13.21,0.1748,0.0,0.8,197.3,6.14,8.0,1.86
00-0036252,Michael Pittman,WR,IND,2023,16,13,0.0,0.0,9.75,0.3041,0.3267,0.6848,0,,,,,,,,,,,0,,,,,,156,109,0.6987,7.38,10.57,7.87,0.939,4.71,0.1801,0.0256,0.3397,0.0962,0,16,0,1,1,0,252.2,247.9,252.2,4.3,15.5,0.2131,0.0,0.0,247.9,4.54,4.0,-0.54
00-0036261,Brandon Aiyuk,WR,SF,2023,16,12,0.0,0.0,6.56,0.2457,0.3917,0.6426,0,,,,,,,,,,,0,,,,,,105,75,0.7143,12.78,17.89,13.97,0.915,4.83,0.779,0.0667,0.581,0.3524,1,16,0,1,1,0,249.2,190.3,249.2,58.9,11.89,0.1706,0.0,0.0,190.3,4.73,7.0,2.27
00-0035719,Deebo Samuel Sr.,WR,SF,2023,15,11,0.07,2.47,5.93,0.2057,0.1589,0.4198,1,0.0,0.0,0.0,0.0,0.0,-0.4432,0.0,0.0,0.0,0.0,37,6.08,0.1351,0.2782,0.3514,0.2973,89,60,0.6742,10.02,14.87,6.58,1.522,8.78,0.4594,0.0787,0.382,0.2135,0,15,0,2,2,0,243.7,193.3,243.7,50.4,12.89,0.1797,0.4,36.3,156.6,6.95,12.0,5.05
00-0037239,Chris Olave,WR,NO,2023,16,13,0.0,0.0,8.62,0.2476,0.3887,0.6435,0,,,,,,,,,,,0,,,,,,138,87,0.6304,8.14,12.91,13.29,0.612,3.99,0.3145,0.0362,0.413,0.1594,0,16,0,1,1,0,231.3,232.8,231.3,-1.5,14.55,0.1847,0.0,0.0,232.8,5.9,5.0,-0.9
00-0030035,Adam Thielen,WR,CAR,2023,17,13,0.0,0.06,8.06,0.2544,0.2371,0.5476,0,,,,,,,,,,,1,6.0,0.0,0.2364,0.0,0.0,137,103,0.7518,7.4,9.84,7.72,0.958,3.3,0.4433,0.0292,0.4088,0.1241,0,17,0,0,0,0,231.0,207.9,231.0,23.1,12.23,0.1877,0.0,1.1,206.8,4.42,4.0,-0.42
00-0034837,Calvin Ridley,WR,JAX,2023,17,13,0.0,0.53,8.0,0.2253,0.3584,0.5888,0,,,,,,,,,,,9,2.56,0.0,-0.3276,0.3333,0.3333,136,76,0.5588,7.47,13.37,13.02,0.574,2.55,0.2381,0.0588,0.3603,0.1691,0,17,0,0,0,0,229.9,255.0,229.9,-25.1,15.0,0.1957,0.0,7.6,247.4,10.93,8.0,-2.93
00-0036912,DeVonta Smith,WR,PHI,2023,16,13,0.0,0.0,7.0,0.2306,0.3132,0.5651,0,,,,,,,,,,,0,,,,,,112,81,0.7232,9.52,13.16,12.05,0.79,3.63,0.3038,0.0625,0.4196,0.1964,1,16,0,1,1,0,227.6,195.4,227.6,32.2,12.21,0.1558,0.0,0.0,195.4,5.12,7.0,1.88
00-0031544,Amari Cooper,WR,CLE,2023,15,13,0.0,0.0,8.53,0.2367,0.3907,0.6285,0,,,,,,,,,,,0,,,,,,128,72,0.5625,9.77,17.36,14.33,0.682,3.76,0.3601,0.0391,0.3906,0.2344,1,15,0,2,2,0,227.0,207.3,227.0,19.7,13.82,0.1801,0.0,0.0,207.3,4.82,5.0,0.18
00-0035640,DK Metcalf,WR,SEA,2023,16,12,0.0,0.0,7.44,0.225,0.3877,0.6089,0,,,,,,,,,,,0,,,,,,119,66,0.5546,9.36,16.88,12.85,0.729,5.56,0.3584,0.0672,0.437,0.2353,0,16,0,1,1,0,225.4,221.8,225.4,3.6,13.86,0.1984,0.0,0.0,221.8,9.4,8.0,-1.4
00-0030564,DeAndre Hopkins,WR,TEN,2023,17,13,0.06,0.12,8.06,0.2826,0.4115,0.7119,1,0.0,0.0,0.0,0.0,0.0,-0.418,-59.54,-0.0,0.0,0.0,2,4.5,0.0,0.1335,0.0,0.0,137,75,0.5474,7.72,14.09,14.12,0.547,2.97,0.1399,0.0511,0.3504,0.1971,0,17,0,0,0,0,223.6,222.8,223.6,0.8,13.11,0.2197,0.1,1.9,220.8,6.53,7.0,0.47
00-0038994,Jordan Addison,WR,MIN,2023,17,13,0.0,0.06,6.35,0.1767,0.2803,0.4613,0,,,,,,,,,,,1,2.0,0.0,-0.4106,0.0,0.0,108,70,0.6481,8.44,13.01,12.47,0.676,3.74,0.2417,0.0926,0.3519,0.1852,0,17,0,0,0,0,221.3,202.0,221.3,19.3,11.88,0.1541,0.0,1.6,200.4,8.14,10.0,1.86
00-0034960,Jakobi Meyers,WR,LV,2023,16,12,0.19,0.25,6.62,0.2062,0.2616,0.4923,3,0.6667,4.0,0.3333,0.0,0.0,0.2893,25.823,1.0,0.3333,0.0,4,6.0,0.5,0.7086,0.75,0.25,106,71,0.6698,7.61,11.37,9.7,0.785,3.41,0.1742,0.0755,0.434,0.1604,0,16,0,1,1,0,218.6,192.4,218.6,26.2,12.03,0.1735,2.4,7.3,182.8,6.62,11.0,4.38
00-0039146,Jayden Reed,WR,GB,2023,16,13,0.0,0.69,5.88,0.1767,0.2008,0.4056,0,,,,,,,,,,,11,10.82,0.1818,0.4122,0.5455,0.5455,94,64,0.6809,8.44,12.39,10.32,0.818,5.23,0.3654,0.0851,0.3404,0.1809,0,16,0,1,1,0,217.2,168.4,217.2,48.8,10.53,0.1445,0.0,9.8,158.6,5.65,10.0,4.35
00-0037740,Garrett Wilson,WR,NYJ,2023,17,13,0.06,0.24,9.88,0.2977,0.4348,0.7508,1,0.0,0.0,0.0,0.0,0.0,-0.4335,-62.478,0.0,0.0,0.0,4,0.0,0.0,0.0888,0.25,0.0,168,95,0.5655,6.2,10.97,10.16,0.61,3.44,-0.0623,0.0179,0.2798,0.0952,2,17,0,0,0,0,213.2,255.5,213.2,-42.3,15.03,0.2401,0.3,2.9,252.3,5.13,3.0,-2.13
00-0039067,Rashee Rice,WR,KC,2023,16,13,0.0,0.06,6.38,0.181,0.1416,0.3705,0,,,,,,,,,,,1,-3.0,0.0,-2.2021,0.0,0.0,102,79,0.7745,9.2,11.87,4.81,1.91,8.28,0.387,0.0686,0.4314,0.1667,1,16,0,1,1,0,212.5,169.9,212.5,42.6,10.62,0.1345,0.0,0.6,169.3,5.53,7.0,1.47
00-0033921,Chris Godwin Jr.,WR,TB,2023,17,13,0.06,0.24,7.65,0.2392,0.2547,0.5371,1,0.0,0.0,0.0,0.0,0.0,-0.7112,-55.316,0.0,0.0,0.0,4,9.5,0.25,0.8288,0.75,0.5,130,83,0.6385,7.88,12.34,9.08,0.868,4.53,0.3466,0.0154,0.4077,0.1769,0,17,0,0,0,0,209.2,220.1,209.2,-10.9,12.95,0.1858,0.6,2.9,216.7,5.92,3.0,-2.92
00-0037247,George Pickens,WR,PIT,2023,17,13,0.0,0.18,6.24,0.2248,0.3772,0.6013,0,,,,,,,,,,,3,6.0,0.0,0.2425,0.6667,0.3333,106,63,0.5943,10.75,18.1,13.47,0.798,6.16,0.2699,0.0472,0.3962,0.2547,0,17,0,0,0,0,208.8,164.7,208.8,44.1,9.69,0.1581,0.0,2.0,162.7,2.95,5.0,2.05
00-0039064,Zay Flowers,WR,BAL,2023,16,13,0.0,0.5,6.75,0.2388,0.239,0.5255,0,,,,,,,,,,,8,7.0,0.125,0.5383,0.125,0.125,108,77,0.713,7.94,11.14,8.53,0.932,5.03,0.2679,0.0463,0.3796,0.1667,0,16,0,1,1,0,206.4,187.2,206.4,19.2,11.7,0.157,0.0,8.0,179.2,4.95,6.0,1.05
00-0035659,Terry McLaurin,WR,WAS,2023,17,13,0.0,0.0,7.76,0.2283,0.3173,0.5645,0,,,,,,,,,,,0,,,,,,132,79,0.5985,7.59,12.68,11.47,0.662,4.43,0.0702,0.0303,0.3561,0.1667,0,17,0,0,0,0,203.2,207.6,203.2,-4.4,12.21,0.1661,0.0,0.0,207.6,4.73,4.0,-0.73
00-0032211,Tyler Lockett,WR,SEA,2023,17,13,0.0,0.0,7.18,0.2215,0.3273,0.5614,0,,,,,,,,,,,0,,,,,,122,79,0.6475,7.33,11.32,10.84,0.676,2.66,0.3384,0.041,0.3852,0.1311,0,17,0,0,0,0,202.4,209.0,202.4,-6.6,12.29,0.1757,0.0,0.0,209.0,6.32,5.0,-1.32
00-0036322,Justin Jefferson,WR,MIN,2023,10,6,0.1,0.1,10.0,0.2814,0.395,0.6986,1,0.0,0.0,0.0,0.0,0.0,-0.3933,-29.816,0.0,0.0,0.0,1,-12.0,0.0,-1.9716,0.0,0.0,100,68,0.68,10.74,15.79,12.58,0.854,3.82,0.4282,0.05,0.51,0.28,1,10,7,0,7,0,202.2,183.4,202.2,18.8,18.34,0.2358,0.5,1.4,181.4,5.91,5.0,-0.91
00-0036613,Jaylen Waddle,WR,MIA,2023,14,12,0.0,0.21,7.43,0.2353,0.3397,0.5908,0,,,,,,,,,,,3,4.0,0.0,-0.2298,0.3333,0.3333,104,72,0.6923,9.75,14.08,10.11,0.965,5.85,0.4419,0.0385,0.4519,0.2212,0,14,0,3,3,0,198.6,189.3,198.6,9.3,13.52,0.1744,0.0,2.0,187.3,4.96,4.0,-0.96
00-0034348,Courtland Sutton,WR,DEN,2023,16,13,0.0,0.0,5.62,0.2063,0.328,0.5391,0,,,,,,,,,,,0,,,,,,90,59,0.6556,8.58,13.08,11.78,0.728,2.64,0.245,0.1111,0.4111,0.1889,3,16,0,1,1,0,190.2,156.3,190.2,33.9,9.77,0.1497,0.0,0.0,156.3,6.41,10.0,3.59
00-0037816,Romeo Doubs,WR,GB,2023,17,13,0.0,0.0,5.65,0.1672,0.2189,0.404,0,,,,,,,,,,,0,,,,,,96,59,0.6146,7.02,11.42,11.73,0.599,2.27,0.261,0.0833,0.4271,0.125,0,17,0,0,0,0,174.4,172.7,174.4,1.7,10.16,0.1386,1.2,0.0,171.4,6.84,8.0,1.16
00-0037238,Drake London,WR,ATL,2023,16,12,0.06,0.0,6.88,0.2276,0.307,0.5564,1,1.0,22.0,0.0,0.0,0.0,1.844,33.694,1.833,1.0,1.0,0,,,,,,110,69,0.6273,8.23,13.12,11.49,0.716,2.72,0.1079,0.0182,0.4091,0.2091,0,16,0,1,1,0,174.4,177.2,174.4,-2.8,11.07,0.1629,0.4,0.0,176.8,3.87,2.0,-1.87
00-0031236,Brandin Cooks,WR,DAL,2023,16,12,0.0,0.31,5.06,0.143,0.2274,0.3738,0,,,,,,,,,,,5,7.0,0.0,0.342,0.2,0.2,81,54,0.6667,8.11,12.17,13.2,0.615,2.31,0.4423,0.0988,0.4691,0.2099,0,16,0,1,1,0,173.2,172.2,173.2,1.0,10.76,0.1264,0.0,6.3,165.9,8.72,8.0,-0.72
00-0038977,Tank Dell,WR,HOU,2023,10,10,0.0,1.1,7.5,0.2104,0.3009,0.5262,0,,,,,1.0,-0.7774,,,,,11,4.64,0.0,-0.0141,0.2727,0.2727,75,47,0.6267,9.45,15.09,14.27,0.663,3.23,0.401,0.0933,0.4533,0.2533,0,11,5,1,6,1,165.0,143.5,165.0,21.5,14.35,0.1828,0.0,9.5,134.0,3.9,7.0,3.1
00-0033908,Cooper Kupp,WR,LA,2023,12,9,0.0,0.08,7.92,0.2585,0.2631,0.5719,0,,,,,,,,,,,1,-3.0,0.0,-0.9449,0.0,0.0,95,59,0.6211,7.76,12.49,8.22,0.944,5.46,0.1029,0.0526,0.3474,0.1368,0,12,4,1,5,0,164.4,166.1,164.4,-1.7,13.84,0.1809,0.0,1.1,165.1,5.98,5.0,-0.98
00-0036196,Gabe Davis,WR,BUF,2023,16,12,0.0,0.06,5.06,0.1541,0.2715,0.4211,0,,,,,,,,,,,1,-2.0,0.0,-0.8804,0.0,0.0,81,45,0.5556,9.21,16.58,15.1,0.61,4.0,0.2982,0.0864,0.4198,0.2469,1,17,0,0,0,1,161.4,156.9,161.4,4.5,9.8,0.1227,0.0,0.5,156.4,6.79,7.0,0.21
00-0037545,Rashid Shaheed,WR,NO,2023,15,11,0.0,0.47,5.0,0.1385,0.2232,0.3639,0,,,,,,,,,,,7,5.29,0.0,-0.1614,0.1429,0.1429,75,46,0.6133,9.59,15.63,14.59,0.657,3.28,0.1612,0.0667,0.36,0.2,0,15,0,2,2,0,157.6,137.2,151.6,14.4,9.15,0.115,0.0,4.5,132.8,4.4,5.0,0.6
00-0033282,Curtis Samuel,WR,WAS,2023,16,12,0.0,0.44,5.69,0.1675,0.1465,0.3538,0,,,,,,,,,,,7,5.57,0.1429,0.5372,0.5714,0.2857,91,62,0.6813,6.74,9.89,6.57,1.025,4.19,0.066,0.044,0.2857,0.1429,0,16,0,1,1,0,157.2,153.4,157.2,3.8,9.59,0.132,0.0,9.8,143.7,5.56,5.0,-0.56
00-0038997,Josh Downs,WR,IND,2023,17,13,0.0,0.0,5.76,0.1733,0.1653,0.3757,0,,,,,,,,,,,0,,,,,,98,68,0.6939,7.87,11.34,7.21,1.091,5.46,0.2705,0.0204,0.3061,0.1224,0,17,0,0,0,0,157.1,149.7,157.1,7.4,8.81,0.1206,0.0,0.0,149.7,2.72,2.0,-0.72
00-0035216,Diontae Johnson,WR,PIT,2023,13,9,0.0,0.0,6.69,0.2356,0.4143,0.6434,0,,,,,,,,,,,0,,,,,,87,51,0.5862,8.24,14.06,12.71,0.648,5.12,0.2986,0.0575,0.4253,0.1724,0,13,4,0,4,0,152.7,138.3,152.0,13.7,10.64,0.1692,0.0,0.0,138.3,4.09,5.0,0.91
00-0035535,Darius Slayton,WR,NYG,2023,17,13,0.0,0.0,4.65,0.1602,0.2634,0.4248,0,,,,,,,,,,,0,,,,,,79,50,0.6329,9.75,15.4,12.24,0.796,5.96,0.3695,0.0506,0.3671,0.2152,0,17,0,0,0,0,151.0,115.7,151.0,35.3,6.81,0.113,0.0,0.0,115.7,1.18,4.0,2.82
00-0034775,Christian Kirk,WR,JAX,2023,12,12,0.17,0.08,7.08,0.2113,0.2851,0.5165,2,0.5,-0.5,0.0,0.0,0.0,-0.8783,-11.918,-0.04,0.0,0.0,1,6.0,0.0,-0.5953,0.0,0.0,85,57,0.6706,9.26,13.81,9.91,0.935,4.33,0.2752,0.0353,0.4,0.2235,2,12,4,1,5,0,150.3,139.0,150.3,11.3,11.58,0.1514,0.8,0.7,137.4,2.39,3.0,0.61
00-0038543,Jaxon Smith-Njigba,WR,SEA,2023,17,13,0.0,0.0,5.47,0.1753,0.139,0.3603,0,,,,,,,,,,,0,,,,,,93,63,0.6774,6.75,9.97,6.12,1.104,5.81,0.1308,0.043,0.3118,0.129,0,17,0,0,0,0,149.8,146.6,149.8,3.2,8.62,0.1233,0.0,0.0,146.6,3.06,4.0,0.94
00-0033009,Tyler Boyd,WR,CIN,2023,17,13,0.06,0.12,5.76,0.1632,0.1741,0.3667,1,0.0,0.0,0.0,1.0,0.0,-6.5271,-74.197,-0.0,0.0,0.0,2,5.5,0.0,0.3664,0.5,0.0,98,67,0.6837,6.81,9.96,6.42,1.06,4.16,0.0595,0.0204,0.2857,0.0816,0,17,0,0,0,0,144.8,153.8,144.8,-9.0,9.05,0.1222,0.1,1.4,152.3,2.85,2.0,-0.85
00-0036407,Jerry Jeudy,WR,DEN,2023,16,12,0.0,0.0,5.44,0.1988,0.3356,0.5331,0,,,,,,,,,,,0,,,,,,87,54,0.6207,8.71,14.04,12.75,0.683,5.98,0.1949,0.023,0.3218,0.2184,0,16,0,1,1,0,141.8,144.8,141.8,-3.0,9.05,0.1385,0.0,0.0,144.8,3.88,2.0,-1.88
00-0036410,Tee Higgins,WR,CIN,2023,12,9,0.0,0.0,6.33,0.1758,0.3564,0.5132,0,,,,,,,,,,,0,,,,,,76,42,0.5526,8.63,15.62,12.8,0.674,5.6,0.3483,0.0658,0.4342,0.1711,0,12,0,5,5,0,137.6,131.7,137.6,5.9,10.97,0.1478,0.0,0.0,131.7,4.24,5.0,0.76
00-0035662,Marquise Brown,WR,ARI,2023,13,13,0.0,0.15,7.77,0.2522,0.3639,0.633,0,,,,,,,,,,,2,11.5,0.0,0.4254,0.5,0.5,101,51,0.505,5.68,11.25,11.74,0.484,3.22,-0.075,0.0396,0.3168,0.1188,0,14,2,1,3,1,134.7,168.4,134.7,-33.7,12.95,0.1923,0.0,1.2,167.2,4.65,4.0,-0.65
00-0038117,Wan'Dale Robinson,WR,NYG,2023,15,11,0.0,0.6,5.2,0.1836,0.1361,0.3707,0,,,,,,,,,,,9,9.67,0.1111,0.5463,0.4444,0.3333,78,60,0.7692,6.73,8.75,5.26,1.28,4.78,0.2809,0.0128,0.3718,0.1026,0,15,0,2,2,0,133.2,111.2,133.2,22.0,7.41,0.1263,0.0,7.0,104.2,1.11,2.0,0.89
00-0036980,Elijah Moore,WR,CLE,2023,16,13,0.0,0.56,6.5,0.1841,0.2196,0.4298,0,,,,,,,,,,,9,1.22,0.0,-1.1403,0.2222,0.1111,104,59,0.5673,6.15,10.85,11.11,0.554,3.24,-0.0168,0.0192,0.2788,0.1154,2,17,0,0,0,1,132.1,167.1,132.1,-35.0,10.44,0.1371,0.0,5.8,161.2,4.41,2.0,-2.41
00-0033943,Josh Reynolds,WR,DET,2023,16,12,0.0,0.0,4.0,0.1232,0.1834,0.3132,0,,,,,,,,,,,0,,,,,,64,40,0.625,9.5,15.2,10.08,0.943,4.33,0.2297,0.0781,0.5,0.3125,1,17,0,0,0,1,128.8,124.9,128.8,3.9,7.81,0.0945,0.0,0.0,124.9,5.23,5.0,-0.23
00-0037741,Jahan Dotson,WR,WAS,2023,17,13,0.0,0.0,4.88,0.1362,0.1552,0.3129,0,,,,,,,,,,,0,,,,,,83,49,0.5904,6.24,10.57,9.25,0.674,2.35,-0.1926,0.0482,0.3253,0.0843,0,17,0,0,0,0,124.8,134.6,124.8,-9.8,7.92,0.1077,0.0,0.0,134.6,4.57,4.0,-0.57
00-0036345,K.J. Osborn,WR,MIN,2023,15,12,0.0,0.0,5.0,0.1382,0.1532,0.3145,0,,,,,,,,,,,0,,,,,,75,48,0.64,7.2,11.25,8.79,0.819,3.85,0.084,0.04,0.3733,0.1467,0,16,0,1,1,1,120.0,132.6,120.0,-12.6,8.84,0.1134,0.0,0.0,132.6,4.18,3.0,-1.18
00-0038393,Dontayvion Wicks,WR,GB,2023,15,12,0.07,0.07,3.87,0.1154,0.1464,0.2755,1,1.0,14.0,0.0,0.0,0.0,0.8893,33.031,1.556,1.0,0.0,1,1.0,0.0,-0.3759,0.0,0.0,58,39,0.6724,10.02,14.9,10.19,0.983,5.41,0.5027,0.069,0.5,0.3103,1,15,0,2,2,0,119.8,99.1,119.8,20.6,6.61,0.0909,0.4,0.6,98.1,2.35,4.0,1.65
00-0034777,DJ Chark,WR,CAR,2023,14,10,0.0,0.0,4.71,0.1481,0.2864,0.4226,0,,,,,,,,,,,0,,,,,,66,35,0.5303,7.95,15.0,15.39,0.517,2.4,0.2323,0.0758,0.3333,0.2727,1,15,0,2,2,1,115.5,102.5,115.5,13.0,7.32,0.1111,0.0,0.0,102.5,2.71,5.0,2.29
00-0038559,Michael Wilson,WR,ARI,2023,13,9,0.0,0.0,4.46,0.1365,0.2453,0.3764,0,,,,,,,,,,,0,,,,,,58,38,0.6552,9.74,14.87,12.41,0.785,3.66,0.3295,0.0517,0.5,0.2759,0,13,0,4,4,0,114.5,96.9,112.5,15.6,7.45,0.1044,0.0,0.0,96.9,2.75,3.0,0.25
00-0037261,Khalil Shakir,WR,BUF,2023,16,12,0.0,0.06,2.81,0.0885,0.0944,0.1988,0,,,,,,,,,,,1,10.0,0.0,0.5383,1.0,1.0,45,39,0.8667,13.58,15.67,8.93,1.52,7.23,0.9601,0.0444,0.5778,0.2667,0,17,0,0,0,1,113.1,72.5,113.1,40.6,4.53,0.0569,0.0,0.7,71.8,1.02,2.0,0.98
00-0036849,Tutu Atwell,WR,LA,2023,14,13,0.0,0.36,4.79,0.1438,0.1932,0.3509,0,,,,,,,,,,,5,6.2,0.0,0.3943,0.4,0.2,67,39,0.5821,7.21,12.38,11.45,0.63,2.67,0.1393,0.0448,0.3881,0.1493,0,16,0,1,1,2,112.4,121.7,112.4,-9.3,8.69,0.114,1.0,3.8,116.8,3.24,3.0,-0.24
00-0031235,Odell Beckham Jr.,WR,BAL,2023,14,11,0.0,0.0,4.57,0.1573,0.2431,0.4061,0,,,,,,,,,,,0,,,,,,64,35,0.5469,8.83,16.14,13.88,0.636,4.43,0.3388,0.0469,0.4219,0.1719,1,14,0,3,3,0,107.5,124.8,107.5,-17.2,8.91,0.1167,0.0,0.0,124.8,5.51,3.0,-2.51
00-0038621,DeMario Douglas,WR,NE,2023,14,10,0.0,0.57,5.64,0.1791,0.2215,0.4237,0,,,,,,,,,,,8,5.12,0.0,0.1281,0.25,0.125,79,49,0.6203,7.1,11.45,8.2,0.866,6.86,-0.0709,0.0,0.3291,0.1519,1,14,0,3,3,0,107.2,120.9,107.2,-13.7,8.64,0.1378,0.0,5.3,115.6,2.04,0.0,-2.04
00-0036988,Josh Palmer,WR,LAC,2023,10,7,0.0,0.1,6.1,0.1769,0.2509,0.4409,0,,,,,,,,,,,1,6.0,0.0,0.2256,0.0,0.0,61,38,0.623,9.52,15.29,11.36,0.838,5.16,0.1386,0.0328,0.3607,0.2295,1,10,6,1,7,0,106.7,107.0,106.7,-0.3,10.7,0.1291,0.0,0.7,106.2,3.49,2.0,-1.49
00-0036936,Rondale Moore,WR,ARI,2023,17,13,0.0,1.65,3.65,0.1196,0.0746,0.2317,0,,,,,,,,,,,28,6.36,0.0357,0.0339,0.1786,0.1071,62,40,0.6452,5.68,8.8,5.19,1.093,5.4,-0.0693,0.0161,0.2742,0.0806,0,17,0,0,0,0,105.0,109.2,105.0,-4.2,6.42,0.0924,0.0,18.0,91.2,1.47,2.0,0.53
00-0033591,Noah Brown,WR,HOU,2023,10,7,0.0,0.1,5.5,0.1666,0.2164,0.4013,0,,,,,,,,,,,1,-1.0,0.0,-1.1093,0.0,0.0,55,33,0.6,10.31,17.18,11.96,0.862,6.76,0.3795,0.0364,0.4364,0.2727,0,10,4,3,7,0,101.6,96.6,101.6,5.0,9.66,0.1262,0.0,0.8,95.8,3.07,2.0,-1.07
00-0038124,Christian Watson,WR,GB,2023,9,9,0.0,0.44,5.89,0.1756,0.3311,0.4951,0,,,,,,,,,,,4,2.75,0.0,-0.3802,0.25,0.25,53,28,0.5283,7.96,15.07,15.42,0.517,3.75,0.0355,0.0943,0.3774,0.1509,0,9,0,8,8,0,101.3,105.2,101.3,-3.9,11.69,0.1635,0.0,3.0,102.2,5.64,5.0,-0.64
00-0033307,Kendrick Bourne,WR,NE,2023,8,8,0.0,0.12,6.88,0.1999,0.2331,0.463,0,,,,,,,,,,,1,4.0,0.0,0.6391,1.0,0.0,55,37,0.6727,7.38,10.97,10.44,0.707,5.49,-0.1735,0.0727,0.2727,0.1818,1,8,9,0,9,0,100.0,90.7,100.0,9.3,11.33,0.1681,0.0,0.7,90.0,2.44,4.0,1.56
00-0032464,Kalif Raymond,WR,DET,2023,17,13,0.0,0.41,2.59,0.0762,0.0935,0.1797,0,,,,,,,,,,,7,10.71,0.0,0.4753,0.2857,0.2857,44,35,0.7955,11.11,13.97,8.82,1.26,6.11,0.6805,0.0227,0.4545,0.2273,0,17,0,0,0,0,97.4,80.6,97.4,16.8,4.74,0.0576,0.0,4.9,75.7,1.36,1.0,-0.36
00-0031549,Nelson Agholor,WR,BAL,2023,16,12,0.0,0.0,2.81,0.0958,0.1066,0.2184,0,,,,,,,,,,,0,,,,,,45,35,0.7778,8.47,10.89,9.29,0.911,4.03,0.3971,0.0889,0.4222,0.2,0,17,0,0,0,1,97.1,78.1,97.1,19.0,4.88,0.0661,0.0,0.0,78.1,2.38,4.0,1.62
00-0039052,Trey Palmer,WR,TB,2023,17,13,0.0,0.18,4.0,0.1221,0.1455,0.285,0,,,,,,,,,,,3,7.33,0.0,0.3639,0.3333,0.3333,68,39,0.5735,5.66,9.87,10.82,0.523,2.64,-0.1362,0.0441,0.25,0.1176,1,17,0,0,0,0,95.7,112.8,93.7,-19.1,6.63,0.0952,0.0,2.1,110.7,2.86,3.0,0.14
00-0037664,Alec Pierce,WR,IND,2023,17,13,0.0,0.0,3.82,0.1155,0.219,0.3266,0,,,,,,,,,,,0,,,,,,65,32,0.4923,7.91,16.06,15.03,0.526,3.03,0.2645,0.0308,0.3692,0.1538,0,17,0,0,0,0,95.4,112.8,95.4,-17.4,6.63,0.0908,0.0,0.0,112.8,3.3,2.0,-1.3
00-0038544,Quentin Johnston,WR,LAC,2023,17,13,0.0,0.18,3.94,0.1106,0.2007,0.3063,0,,,,,,,,,,,3,3.0,0.0,-0.3018,0.0,0.0,67,38,0.5672,6.43,11.34,12.85,0.501,4.0,0.1054,0.0299,0.2985,0.1493,0,17,0,0,0,0,94.0,116.7,94.0,-22.7,6.87,0.0853,0.0,2.2,114.6,3.82,2.0,-1.82
00-0032765,Michael Thomas,WR,NO,2023,10,10,0.0,0.0,6.4,0.1838,0.2043,0.4187,0,,,,,,,,,,,0,,,,,,64,39,0.6094,7.0,11.49,10.16,0.689,2.56,0.197,0.0156,0.3281,0.1562,0,10,7,0,7,0,89.8,108.8,89.8,-19.0,10.88,0.1336,0.0,0.0,108.8,3.42,1.0,-2.42
00-0030431,Robert Woods,WR,HOU,2023,13,10,0.0,0.08,5.77,0.1662,0.1886,0.3813,0,,,,,,,,,,,1,7.0,0.0,0.1357,0.0,0.0,75,40,0.5333,5.68,10.65,9.76,0.582,3.15,0.0286,0.0133,0.3467,0.1067,0,14,0,3,3,1,89.3,126.7,89.3,-37.4,9.74,0.1264,0.0,0.6,126.1,2.88,1.0,-1.88
00-0034386,Justin Watson,WR,KC,2023,15,11,0.0,0.0,3.53,0.0991,0.2617,0.3318,0,,,,,,,,,,,0,,,,,,53,27,0.5094,8.68,17.04,17.51,0.496,1.74,0.081,0.0566,0.3962,0.2264,1,16,0,1,1,1,89.0,93.9,89.0,-4.9,6.26,0.081,0.0,0.0,93.9,3.5,3.0,-0.5
00-0034764,Michael Gallup,WR,DAL,2023,16,13,0.0,0.0,3.56,0.1044,0.1486,0.2607,0,,,,,,,,,,,0,,,,,,57,34,0.5965,7.33,12.29,10.95,0.67,3.06,0.0973,0.0351,0.3333,0.1579,0,17,0,0,0,1,87.8,98.9,87.8,-11.1,6.18,0.0716,0.0,0.0,98.9,2.87,2.0,-0.87
00-0032775,Demarcus Robinson,WR,LA,2023,8,5,0.0,0.12,4.88,0.1437,0.2331,0.3787,0,,,,,,,,,,,1,23.0,0.0,1.3573,1.0,1.0,39,26,0.6667,9.51,14.27,12.26,0.776,3.42,0.417,0.1026,0.5128,0.2564,1,16,0,1,1,8,87.4,76.5,87.4,10.9,9.57,0.1186,0.0,0.7,75.8,3.78,4.0,0.22
00-0036182,Nick Westbrook-Ikhine,WR,TEN,2023,13,12,0.0,0.0,3.46,0.122,0.1422,0.2825,0,,,,,,,,,,,0,,,,,,45,28,0.6222,8.22,13.21,12.27,0.67,3.82,0.4595,0.0667,0.4,0.2,0,14,3,0,3,1,85.0,76.0,85.0,9.0,5.84,0.0941,0.0,0.0,76.0,2.84,3.0,0.16
00-0039062,Jonathan Mingo,WR,CAR,2023,15,12,0.0,0.0,5.67,0.1852,0.2272,0.4368,0,,,,,,,,,,,0,,,,,,85,43,0.5059,4.92,9.72,10.84,0.454,3.6,-0.29,0.0,0.1765,0.0706,0,15,1,1,2,0,84.8,123.5,84.8,-38.7,8.23,0.1237,0.0,0.0,123.5,1.48,0.0,-1.48
00-0037240,Jameson Williams,WR,DET,2023,12,9,0.0,0.25,3.5,0.099,0.2139,0.2982,0,,,,,,,,,,,3,9.67,0.3333,0.8348,0.3333,0.3333,42,24,0.5714,8.43,14.75,15.83,0.532,4.38,0.3245,0.0476,0.3333,0.1429,0,12,4,1,5,0,80.3,77.9,80.3,2.4,6.49,0.077,0.0,2.8,75.1,1.73,3.0,1.27
00-0036309,Darnell Mooney,WR,CHI,2023,14,12,0.0,0.14,4.36,0.1476,0.2311,0.3831,0,,,,,,,,,,,2,2.5,0.0,-0.3812,0.0,0.0,61,31,0.5082,6.79,13.35,10.33,0.657,5.84,-0.0788,0.0164,0.3279,0.1639,0,15,0,2,2,1,78.9,102.7,78.9,-23.8,7.34,0.1034,0.0,2.3,100.4,3.29,1.0,-2.29
00-0033891,Zay Jones,WR,JAX,2023,9,7,0.0,0.0,7.11,0.179,0.2665,0.4551,0,,,,,,,,,,,0,,,,,,64,34,0.5312,5.02,9.44,13.61,0.369,1.5,-0.069,0.0312,0.2188,0.0781,0,9,0,8,8,0,78.1,106.8,78.1,-28.7,11.87,0.139,0.0,0.0,106.8,3.92,2.0,-1.92
00-0036550,Rashod Bateman,WR,BAL,2023,15,12,0.0,0.07,3.73,0.1357,0.2208,0.3581,0,,,,,,,,,,,1,18.0,0.0,2.5212,1.0,1.0,56,32,0.5714,6.55,11.47,14.48,0.453,1.84,0.0626,0.0179,0.3571,0.1071,0,16,0,1,1,1,76.5,98.6,76.5,-22.1,6.58,0.0865,0.0,0.6,98.0,2.59,1.0,-1.59
00-0038976,Marvin Mims Jr.,WR,DEN,2023,15,12,0.0,0.6,2.2,0.0766,0.1184,0.1978,0,,,,,,,,,,,9,3.33,0.0,-0.1483,0.2222,0.2222,33,22,0.6667,11.42,17.14,15.06,0.759,7.0,0.2737,0.0303,0.2727,0.2424,0,16,0,1,1,1,74.7,61.7,68.7,7.0,4.12,0.0618,0.0,8.2,53.5,1.88,1.0,-0.88
00-0037382,Brandon Johnson,WR,DEN,2023,10,6,0.0,0.0,3.0,0.0985,0.1343,0.2418,0,,,,,,,,,,,0,,,,,,30,19,0.6333,9.47,14.95,10.93,0.866,4.68,0.7121,0.1333,0.4,0.2333,0,13,4,0,4,3,73.4,49.3,73.4,24.1,4.93,0.0753,0.0,0.0,49.3,1.88,4.0,2.12
00-0031547,DeVante Parker,WR,NE,2023,13,9,0.0,0.0,4.23,0.1409,0.2043,0.3544,0,,,,,,,,,,,0,,,,,,55,33,0.6,7.16,11.94,11.64,0.616,3.82,0.0185,0.0,0.3091,0.1818,0,13,0,4,4,0,72.4,80.6,72.4,-8.2,6.2,0.1057,0.0,0.0,80.6,0.97,0.0,-0.97
00-0038563,Tre Tucker,WR,LV,2023,13,9,0.0,0.77,2.62,0.0806,0.1769,0.2448,0,,,,,,,,,,,10,7.7,0.0,0.1245,0.4,0.3,34,19,0.5588,9.74,17.42,18.35,0.53,1.47,0.1836,0.0588,0.3529,0.2647,0,16,0,1,1,3,71.8,68.6,71.8,3.2,5.28,0.0801,0.0,7.6,61.0,2.09,2.0,-0.09
00-0034418,Cedrick Wilson Jr.,WR,MIA,2023,11,7,0.0,0.0,3.45,0.1071,0.1522,0.2672,0,,,,,1.0,-1.3575,,,,,0,,,,,,38,22,0.5789,7.79,13.45,11.29,0.69,2.59,0.0118,0.0789,0.3684,0.2368,0,15,0,2,2,4,69.6,70.0,69.6,-0.4,6.36,0.0856,0.0,0.0,70.0,2.72,3.0,0.28
00-0034646,Brandon Powell,WR,MIN,2023,13,10,0.0,0.38,3.38,0.096,0.0905,0.2073,0,,,,,,,,,,,5,3.4,0.0,-0.0851,0.2,0.0,44,29,0.6591,7.36,11.17,7.55,0.976,3.59,-0.0334,0.0227,0.4091,0.1818,0,17,0,0,0,4,69.1,73.0,69.1,-3.9,5.62,0.0714,0.0,3.6,69.5,1.89,1.0,-0.89
00-0032398,Chris Moore,WR,TEN,2023,15,11,0.0,0.13,2.33,0.0861,0.1767,0.2529,0,,,,,,,,,,,2,19.5,0.0,1.0458,0.5,0.5,35,22,0.6286,12.11,19.27,18.31,0.661,2.59,0.522,0.0,0.4571,0.2857,0,17,0,0,0,2,68.3,55.4,68.3,12.9,3.69,0.0621,0.0,1.4,53.9,0.76,0.0,-0.76
00-0035500,Greg Dortch,WR,ARI,2023,9,5,0.0,0.11,4.56,0.1406,0.1761,0.3341,0,,,,,,,,,,,1,5.0,0.0,-0.0832,0.0,0.0,41,24,0.5854,6.83,11.67,9.34,0.731,6.33,0.116,0.0488,0.3415,0.122,0,16,0,1,1,7,64.5,62.4,64.5,2.1,6.94,0.0971,0.0,0.4,62.0,0.98,2.0,1.02
00-0038496,Xavier Gipson,WR,NYJ,2023,13,9,0.0,0.62,2.92,0.0895,0.1103,0.2114,0,,,,,,,,,,,8,8.5,0.125,0.4798,0.5,0.375,38,21,0.5526,6.03,10.9,9.42,0.64,5.19,-0.0167,0.0,0.2368,0.1316,0,17,0,0,0,4,62.7,56.0,56.7,0.7,4.31,0.0655,0.0,6.7,49.3,1.32,1.0,-0.32
00-0035341,Trenton Irwin,WR,CIN,2023,10,7,0.0,0.0,3.2,0.0894,0.1468,0.2368,0,,,,,,,,,,,0,,,,,,32,25,0.7812,9.88,12.64,10.53,0.938,4.4,0.6052,0.0312,0.4688,0.25,0,16,0,1,1,6,62.6,56.1,62.6,6.5,5.62,0.0781,0.0,0.0,56.1,1.81,1.0,-0.81
00-0031428,Allen Robinson,WR,PIT,2023,15,12,0.0,0.0,3.27,0.1096,0.1054,0.2383,0,,,,,,,,,,,0,,,,,,49,34,0.6939,5.71,8.24,7.55,0.757,2.0,-0.0933,0.0,0.1837,0.0408,0,17,0,0,0,2,62.0,73.4,62.0,-11.4,4.9,0.0794,0.0,0.0,73.4,1.45,0.0,-1.45
00-0033857,JuJu Smith-Schuster,WR,NE,2023,11,11,0.0,0.0,4.27,0.1266,0.1335,0.2833,0,,,,,,,,,,,0,,,,,,47,29,0.617,5.53,8.97,7.19,0.769,3.24,-0.2201,0.0213,0.2766,0.0851,0,11,2,4,6,0,61.0,69.9,61.0,-8.9,6.36,0.0978,0.0,0.0,69.9,0.91,1.0,0.09
00-0037666,Jalen Tolbert,WR,DAL,2023,13,10,0.0,0.0,2.77,0.0731,0.1357,0.2046,0,,,,,,,,,,,0,,,,,,36,22,0.6111,7.44,12.18,13.17,0.565,1.55,0.0943,0.0556,0.3611,0.1667,0,17,0,0,0,4,60.8,69.1,60.8,-8.3,5.31,0.0582,0.0,0.0,69.1,2.82,2.0,-0.82
00-0038612,A.T. Perry,WR,NO,2023,8,4,0.0,0.0,2.25,0.0723,0.1623,0.222,0,,,,,,,,,,,0,,,,,,18,12,0.6667,13.67,20.5,16.28,0.84,1.67,1.0595,0.2222,0.5556,0.4444,0,10,0,7,7,2,60.6,34.8,60.6,25.8,4.35,0.0589,0.0,0.0,34.8,1.89,4.0,2.11
00-0038938,Jalin Hyatt,WR,NYG,2023,13,10,0.0,0.0,3.08,0.1084,0.2577,0.343,0,,,,,,,,,,,0,,,,,,40,23,0.575,9.32,16.22,21.02,0.444,2.09,0.0766,0.0,0.275,0.2,0,17,0,0,0,4,60.3,63.5,60.3,-3.2,4.88,0.0783,0.0,0.0,63.5,1.42,0.0,-1.42
00-0034521,Allen Lazard,WR,NYJ,2023,13,11,0.0,0.0,3.77,0.122,0.1915,0.3171,0,,,,,,,,,,,0,,,,,,49,23,0.4694,6.35,13.52,12.18,0.521,2.43,0.0077,0.0204,0.3469,0.1224,0,14,0,3,3,1,60.1,68.8,60.1,-8.8,5.3,0.0842,0.0,0.0,68.8,0.79,1.0,0.21
00-0036165,Isaiah Hodgins,WR,NYG,2023,14,11,0.0,0.0,2.36,0.0806,0.0882,0.1827,0,,,,,,,,,,,0,,,,,,33,21,0.6364,6.97,10.95,8.15,0.855,3.57,0.1191,0.0909,0.3636,0.0909,1,17,0,0,0,3,60.0,53.2,60.0,6.8,3.8,0.0625,0.0,0.0,53.2,1.55,3.0,1.45
00-0037801,KaVontae Turpin,WR,DAL,2023,12,10,0.0,0.92,1.5,0.0444,0.0454,0.0984,0,,,,,,,,,,,11,10.0,0.0909,0.6801,0.4545,0.2727,18,12,0.6667,7.06,10.58,9.06,0.779,3.25,0.6787,0.1667,0.5,0.1111,0,16,0,1,1,4,59.7,45.9,59.7,13.8,3.83,0.0443,0.0,9.9,36.0,2.5,4.0,1.5
00-0034419,Braxton Berrios,WR,MIA,2023,13,10,0.0,0.08,2.54,0.0768,0.0692,0.1636,0,,,,,,,,,,,1,11.0,0.0,0.7298,1.0,1.0,33,27,0.8182,7.21,8.81,6.94,1.039,3.15,0.3293,0.0303,0.4545,0.0909,0,16,0,1,1,3,57.9,52.5,57.9,5.4,4.04,0.0523,0.0,0.6,51.9,0.93,1.0,0.07
00-0038752,Jake Bobo,WR,SEA,2023,14,10,0.0,0.07,1.79,0.0563,0.0405,0.1127,0,,,,,,,,,,,1,3.0,1.0,0.7756,1.0,0.0,25,19,0.76,7.84,10.32,6.0,1.307,4.58,0.3213,0.08,0.36,0.16,0,17,0,0,0,3,56.9,43.1,56.9,13.8,3.08,0.0419,0.0,2.3,40.8,1.71,3.0,1.29
00-0034272,Marquez Valdes-Scantling,WR,KC,2023,16,13,0.0,0.0,2.62,0.0754,0.1824,0.2408,0,,,,,,,,,,,0,,,,,,42,21,0.5,7.5,15.0,17.67,0.425,4.38,0.0159,0.0238,0.3333,0.1667,1,17,0,0,0,1,56.5,73.9,56.5,-17.4,4.62,0.0585,0.0,0.0,73.9,2.12,1.0,-1.12
00-0038090,Skyy Moore,WR,KC,2023,13,13,0.0,0.23,2.92,0.082,0.1006,0.1935,0,,,,,,,,,,,3,7.67,0.0,0.3306,0.3333,0.3333,38,21,0.5526,6.42,11.62,8.92,0.72,5.19,-0.2531,0.0263,0.3421,0.1053,0,14,3,0,3,1,53.7,69.2,53.7,-15.5,5.32,0.0656,0.0,2.3,66.8,2.04,1.0,-1.04
00-0036913,Kadarius Toney,WR,KC,2023,13,12,0.08,0.85,2.92,0.0784,0.0315,0.1397,1,0.0,0.0,0.0,0.0,0.0,-0.4461,-55.428,0.0,0.0,0.0,11,2.82,0.0,-0.4141,0.1818,0.1818,38,27,0.7105,4.45,6.26,2.95,1.509,4.74,-0.2199,0.0263,0.3158,0.0526,0,13,0,4,4,0,53.0,75.0,53.0,-22.0,5.77,0.0715,0.7,10.7,63.5,2.28,1.0,-1.28
00-0037837,Calvin Austin III,WR,PIT,2023,14,12,0.0,0.79,2.14,0.0707,0.1305,0.1973,0,,,,,,,,,,,11,5.18,0.0909,0.3103,0.3636,0.1818,30,17,0.5667,6.0,10.59,12.6,0.476,4.29,-0.1086,0.0333,0.2333,0.0333,0,17,0,0,0,3,52.7,52.1,52.7,0.6,3.72,0.0604,0.0,8.5,43.7,0.73,2.0,1.27
00-0036259,Jauan Jennings,WR,SF,2023,12,11,0.0,0.0,2.75,0.1017,0.1248,0.2399,0,,,,,,,,,,,0,,,,,,33,19,0.5758,8.03,13.95,10.3,0.779,4.68,0.2398,0.0303,0.3636,0.2727,0,13,0,4,4,1,51.5,54.6,51.5,-3.1,4.55,0.0672,0.0,0.0,54.6,1.08,1.0,-0.08
00-0038619,Andrei Iosivas,WR,CIN,2023,9,6,0.0,0.0,2.78,0.0816,0.1282,0.2122,0,,,,,,,,,,,0,,,,,,25,15,0.6,4.64,7.73,8.6,0.54,2.33,0.2144,0.16,0.44,0.04,0,16,0,1,1,7,50.6,44.9,50.6,5.7,4.99,0.0653,0.0,0.0,44.9,2.26,4.0,1.74
00-0033536,Mike Williams,WR,LAC,2023,3,3,0.0,0.33,8.67,0.2204,0.2834,0.529,0,,,,,,,,,,,1,3.0,0.0,-0.2906,0.0,0.0,26,19,0.7308,9.58,13.11,11.81,0.811,5.68,0.4943,0.0385,0.3462,0.1923,0,3,14,0,14,0,50.2,48.6,50.2,1.6,16.19,0.1706,0.0,0.8,47.8,1.2,1.0,-0.2
00-0037257,David Bell,WR,CLE,2023,9,6,0.0,0.0,2.56,0.0756,0.0593,0.1548,0,,,,,,,,,,,0,,,,,,23,14,0.6087,7.26,11.93,6.17,1.176,5.21,0.3853,0.1304,0.3913,0.1304,0,15,0,2,2,6,48.7,30.5,48.7,18.2,3.39,0.045,0.0,0.0,30.5,0.58,3.0,2.42
00-0034983,Hunter Renfrow,WR,LV,2023,13,11,0.0,0.0,2.85,0.0943,0.07,0.1904,0,,,,,,,,,,,0,,,,,,37,25,0.6757,6.89,10.2,5.59,1.232,6.08,-0.0073,0.0,0.2973,0.1622,1,17,0,0,0,4,48.5,54.5,48.5,-6.0,4.19,0.0645,0.0,0.0,54.5,0.39,0.0,-0.39
00-0035406,Lil'Jordan Humphrey,WR,DEN,2023,11,8,0.0,0.0,1.73,0.0594,0.0748,0.1414,0,,,,,,,,,,,0,,,,,,19,13,0.6842,8.53,12.46,9.79,0.871,7.62,0.7474,0.1579,0.4737,0.0526,0,17,0,0,0,6,47.2,31.6,47.2,15.6,2.87,0.043,0.0,0.0,31.6,1.03,3.0,1.97
00-0037091,Bo Melton,WR,GB,2023,4,0,0.0,0.75,6.0,0.1924,0.2325,0.4514,0,,,,,,,,,,,3,7.0,0.0,0.4583,0.6667,0.3333,24,16,0.6667,9.08,13.62,11.12,0.816,2.31,0.3558,0.0417,0.5417,0.2083,0,5,0,0,0,1,45.9,47.5,45.9,-1.6,11.87,0.1535,0.0,2.4,45.0,1.63,1.0,-0.63
00-0032543,Alex Erickson,WR,LAC,2023,8,4,0.0,0.0,3.62,0.0942,0.1371,0.2373,0,,,,,,,,,,,0,,,,,,29,16,0.5517,8.0,14.5,10.17,0.786,3.62,0.186,0.0345,0.4138,0.2414,0,8,0,1,1,0,45.2,44.0,44.7,0.7,5.51,0.0722,0.0,0.0,44.0,0.67,1.0,0.33
00-0038979,Cedric Tillman,WR,CLE,2023,11,7,0.0,0.09,4.0,0.1128,0.1295,0.2598,0,,,,,,,,,,,1,8.0,0.0,0.2341,0.0,0.0,44,21,0.4773,5.09,10.67,10.64,0.479,4.19,-0.6026,0.0,0.2727,0.1136,0,14,0,3,3,3,44.2,69.5,44.2,-25.3,6.32,0.0848,0.0,0.7,68.8,2.42,0.0,-2.42
00-0033555,Mack Hollins,WR,ATL,2023,9,9,0.0,0.0,3.33,0.1084,0.1895,0.2953,0,,,,,,,,,,,0,,,,,,30,18,0.6,8.37,13.94,12.5,0.669,3.06,0.3233,0.0,0.3,0.2333,0,13,0,4,4,4,43.1,48.4,43.1,-5.3,5.37,0.072,0.0,0.0,48.4,0.89,0.0,-0.89
00-0035215,Deonte Harty,WR,BUF,2023,12,11,0.0,0.33,1.75,0.053,0.0581,0.1202,0,,,,,,,,,,,4,0.0,0.0,-0.6301,0.0,0.0,21,15,0.7143,7.14,10.0,10.81,0.661,5.27,0.2946,0.0476,0.4286,0.1429,0,16,0,1,1,4,42.0,41.9,36.0,-5.9,3.49,0.0444,0.0,4.3,37.6,1.46,1.0,-0.46
00-0036415,Van Jefferson,WR,ATL,2023,14,10,0.0,0.07,3.07,0.0948,0.1817,0.2695,0,,,,,,,,,,,1,4.0,0.0,-0.1759,0.0,0.0,43,20,0.4651,4.86,10.45,15.95,0.305,1.25,-0.4102,0.0,0.2326,0.0465,0,17,0,0,0,3,41.3,73.3,41.3,-32.0,5.24,0.0708,0.0,0.7,72.7,1.63,0.0,-1.63
00-0033572,Jamal Agnew,WR,JAX,2023,8,5,0.0,0.5,2.62,0.0747,0.1204,0.1963,0,,,,,,,,,,,4,-0.5,0.0,-0.677,0.0,0.0,21,14,0.6667,10.71,16.07,12.05,0.889,5.43,0.1228,0.0476,0.381,0.0952,1,11,5,1,6,3,40.3,39.2,40.3,1.1,4.9,0.0642,0.0,4.4,34.9,1.03,1.0,-0.03
00-0037742,Treylon Burks,WR,TEN,2023,9,6,0.0,0.56,3.33,0.1227,0.2282,0.3438,0,,,,,,,,,,,5,3.6,0.0,-0.1056,0.0,0.0,30,16,0.5333,7.37,13.81,18.23,0.404,4.44,-0.025,0.0,0.2667,0.1333,0,11,0,6,6,2,39.9,54.5,39.9,-14.6,6.06,0.0983,0.0,3.5,51.0,1.13,0.0,-1.13
00-0038606,Parker Washington,WR,JAX,2023,6,2,0.0,0.0,3.5,0.0861,0.0615,0.1722,0,,,,,,,,,,,0,,,,,,21,16,0.7619,6.29,8.25,7.38,0.852,2.12,-0.0724,0.0952,0.2381,0.0952,1,9,5,3,8,3,39.2,31.1,39.2,8.1,5.18,0.0656,0.0,0.0,31.1,0.87,2.0,1.13
00-0035298,Scott Miller,WR,ATL,2023,9,7,0.0,0.0,1.78,0.058,0.0787,0.142,0,,,,,,,,,,,0,,,,,,16,11,0.6875,10.06,14.64,12.19,0.826,7.27,0.5371,0.125,0.375,0.125,0,17,0,0,0,8,39.1,28.6,39.1,10.5,3.18,0.0433,0.0,0.0,28.6,1.19,2.0,0.81
00-0035208,Olamide Zaccheaus,WR,PHI,2023,11,9,0.0,0.0,1.82,0.0586,0.06,0.1299,0,,,,,,,,,,,0,,,,,,20,10,0.5,8.2,16.4,10.35,0.792,5.2,0.5546,0.1,0.35,0.2,0,17,0,0,0,6,38.4,34.5,38.4,3.9,3.14,0.0419,0.0,0.0,34.5,1.51,2.0,0.49
00-0031941,Jamison Crowder,WR,WAS,2023,7,5,0.0,0.0,2.86,0.0648,0.0474,0.1304,0,,,,,,,,,,,0,,,,,,20,16,0.8,7.95,9.94,6.1,1.303,5.0,0.266,0.05,0.4,0.15,0,17,0,0,0,10,37.9,30.1,37.9,7.8,4.29,0.0537,0.0,0.0,30.1,0.6,1.0,0.4
00-0038573,Derius Davis,WR,LAC,2023,14,10,0.0,1.0,1.21,0.0365,-0.0138,0.0452,0,,,,,,,,,,,14,7.21,0.0,0.3706,0.3571,0.2857,17,15,0.8824,3.88,4.4,-2.24,-1.737,7.67,-0.3489,0.0,0.0,0.0588,0,17,0,0,0,3,37.7,37.5,31.7,-5.8,2.68,0.0333,0.0,11.7,25.8,0.91,0.0,-0.91
00-0034854,KhaDarel Hodge,WR,ATL,2023,13,9,0.0,0.08,1.77,0.0554,0.0797,0.1389,0,,,,,,,,,,,1,0.0,0.0,-0.6525,0.0,0.0,23,14,0.6087,10.09,16.57,14.35,0.703,5.93,0.228,0.0,0.5652,0.2174,0,17,0,0,0,4,37.2,35.3,37.2,1.9,2.72,0.0387,0.0,0.0,35.3,0.44,0.0,-0.44
00-0027944,Julio Jones,WR,PHI,2023,8,4,0.0,0.0,2.38,0.0807,0.0558,0.1601,0,,,,,,,,,,,0,,,,,,19,11,0.5789,3.89,6.73,6.89,0.565,2.55,0.1176,0.1579,0.2105,0.0526,0,11,0,0,0,3,36.4,31.4,36.4,5.0,3.92,0.0547,0.0,0.0,31.4,1.11,3.0,1.89
00-0038941,Tyler Scott,WR,CHI,2023,13,10,0.0,0.54,2.46,0.0919,0.1528,0.2448,0,,,,,,,,,,,7,5.86,0.0,0.037,0.2857,0.2857,32,17,0.5312,5.25,9.88,11.56,0.454,4.12,-0.3454,0.0,0.3125,0.0625,1,17,0,0,0,4,35.9,58.5,35.9,-22.6,4.5,0.0642,0.0,4.8,53.7,1.77,0.0,-1.77
00-0036271,Quez Watkins,WR,PHI,2023,5,3,0.0,0.0,4.2,0.1234,0.1448,0.2864,0,,,,,,,,,,,0,,,,,,21,15,0.7143,6.76,9.47,11.67,0.58,3.07,-0.1579,0.0476,0.381,0.0952,0,10,5,2,7,5,35.2,33.2,35.2,2.0,6.64,0.0783,0.0,0.0,33.2,0.83,1.0,0.17
00-0036626,Dyami Brown,WR,WAS,2023,13,11,0.08,0.08,1.77,0.0475,0.0953,0.1379,1,1.0,4.0,0.0,0.0,0.0,-0.3059,22.301,4.0,0.0,0.0,1,0.0,0.0,-0.8552,0.0,0.0,23,12,0.5217,7.3,14.0,16.83,0.434,6.33,0.3703,0.0435,0.3478,0.1739,0,17,0,0,0,4,35.0,46.5,35.0,-11.5,3.57,0.0469,0.6,0.8,45.1,2.34,1.0,-1.34
00-0037487,Deven Thompkins,WR,TB,2023,12,9,0.0,0.67,2.08,0.0659,0.0465,0.1314,0,,,,,,,,,,,8,7.0,0.0,0.4907,0.5,0.375,25,17,0.68,3.32,4.88,6.52,0.509,4.35,-0.3481,0.04,0.2,0.04,1,17,0,0,0,5,34.9,47.5,34.9,-12.6,3.96,0.0583,0.0,6.6,41.0,1.76,1.0,-0.76
00-0038465,Malik Heath,WR,GB,2023,12,8,0.0,0.0,2.0,0.0615,0.0637,0.1369,0,,,,,,,,,,,0,,,,,,24,15,0.625,5.21,8.33,8.75,0.595,2.33,0.1977,0.0417,0.25,0.0417,0,13,0,4,4,1,33.5,40.9,33.5,-7.4,3.4,0.046,0.0,0.0,40.9,1.46,1.0,-0.46
00-0037273,Kyle Philips,WR,TEN,2023,8,7,0.0,0.0,2.75,0.0946,0.0926,0.2067,0,,,,,,,,,,,0,,,,,,22,15,0.6818,8.23,12.07,8.95,0.919,5.27,0.2971,0.0,0.4091,0.1818,0,9,4,4,8,1,33.1,28.7,33.1,4.4,3.59,0.0645,0.0,0.0,28.7,0.38,0.0,-0.38
00-0036955,Terrace Marshall Jr.,WR,CAR,2023,8,7,0.0,0.0,4.12,0.1182,0.1105,0.2546,0,,,,,,,,,,,0,,,,,,33,19,0.5758,4.21,7.32,7.21,0.584,2.53,-0.2185,0.0,0.2424,0.0,0,10,0,7,7,2,32.9,46.5,32.9,-13.6,5.81,0.0851,0.0,0.0,46.5,0.42,0.0,-0.42
00-0036635,Ihmir Smith-Marsette,WR,CAR,2023,6,2,0.0,1.33,1.67,0.0665,-0.0015,0.0987,0,,,,,,,,,,,8,9.25,0.125,0.5237,0.5,0.5,10,8,0.8,5.1,6.38,0.9,5.667,6.0,0.1516,0.0,0.5,0.1,0,17,0,0,0,11,32.5,18.8,26.5,7.7,3.14,0.0564,0.0,6.2,12.6,0.33,1.0,0.67
00-0037614,John Metchie III,WR,HOU,2023,14,10,0.0,0.07,2.14,0.0679,0.0648,0.1472,0,,,,,,,,,,,1,4.0,0.0,-0.2938,0.0,0.0,30,16,0.5333,5.27,9.88,8.87,0.594,5.25,-0.2012,0.0,0.2333,0.1,0,16,0,1,1,2,32.2,54.4,32.2,-22.2,3.88,0.0505,0.0,2.3,52.1,2.06,0.0,-2.06
00-0038647,Ronnie Bell,WR,SF,2023,8,4,0.0,0.0,1.62,0.0602,0.0869,0.1512,0,,,,,,,,,,,0,,,,,,13,6,0.4615,5.23,11.33,12.31,0.425,1.67,0.5181,0.2308,0.3846,0.0769,0,17,0,0,0,9,30.8,25.6,30.8,5.2,3.2,0.0409,0.0,0.0,25.6,1.33,3.0,1.67
00-0035639,Parris Campbell,WR,NYG,2023,8,8,0.0,0.0,3.38,0.1086,0.0626,0.2067,0,,,,,1.0,-1.5268,,,,,0,,,,,,27,20,0.7407,3.85,5.2,3.37,1.143,3.25,-0.8258,0.0,0.0741,0.037,0,12,0,5,5,4,30.4,38.1,30.4,-7.7,4.76,0.0796,0.0,0.0,38.1,0.51,0.0,-0.51
00-0034297,Byron Pringle,WR,WAS,2023,12,9,0.0,0.0,1.83,0.0463,0.0789,0.1247,0,,,,,,,,,,,0,,,,,,22,14,0.6364,7.32,11.5,13.5,0.542,2.21,0.0482,0.0,0.3182,0.1818,0,17,0,0,0,5,30.1,31.6,30.1,-1.5,2.63,0.0332,0.0,0.0,31.6,0.37,0.0,-0.37
00-0036387,Jalen Reagor,WR,NE,2023,9,5,0.0,0.11,2.56,0.0834,0.1438,0.2258,0,,,,,,,,,,,1,17.0,0.0,1.2201,1.0,1.0,23,7,0.3043,6.0,19.71,15.61,0.384,2.57,-0.495,0.0,0.2174,0.1304,0,12,0,1,1,3,28.5,36.6,20.5,-16.1,4.07,0.0709,0.0,0.7,35.9,0.85,0.0,-0.85
00-0034407,Ray-Ray McCloud,WR,SF,2023,7,6,0.0,0.43,2.14,0.0831,0.0575,0.165,0,,,,,,,,,,,3,10.0,0.0,0.6466,0.6667,0.3333,15,12,0.8,9.0,11.25,6.27,1.436,7.25,0.159,0.0,0.4667,0.1333,0,12,4,1,5,5,28.5,25.2,28.5,3.3,3.59,0.0535,0.0,2.2,23.0,0.25,0.0,-0.25
00-0036233,Donovan Peoples-Jones,WR,CLE,2023,12,9,0.0,0.0,2.08,0.0628,0.0819,0.1516,0,,,,,,,,,,,0,,,,,,25,13,0.52,6.2,11.92,10.92,0.568,2.69,-0.1587,0.0,0.28,0.16,0,15,0,2,2,3,28.5,39.6,28.5,-11.1,3.3,0.0431,0.0,0.0,39.6,0.61,0.0,-0.61
00-0035140,Mecole Hardman,WR,KC,2023,7,6,0.0,0.14,3.43,0.1096,0.0931,0.2296,0,,,,,,,,,,,1,3.0,0.0,-0.3561,0.0,0.0,24,15,0.625,5.17,8.27,5.71,0.905,7.2,0.0304,0.0,0.3333,0.0417,0,11,5,1,6,4,27.7,34.0,27.7,-6.3,4.85,0.0736,0.0,0.7,33.2,0.37,0.0,-0.37
00-0038104,Tyquan Thornton,WR,NE,2023,9,6,0.0,0.33,2.56,0.0841,0.1134,0.2056,0,,,,,,,,,,,3,17.0,0.0,1.0061,0.3333,0.3333,23,13,0.5652,3.96,7.0,10.0,0.396,3.85,-0.5756,0.0,0.1304,0.0,0,10,5,2,7,1,27.2,35.8,27.2,-8.6,3.98,0.0667,0.0,2.1,33.7,0.46,0.0,-0.46
00-0034054,River Cracraft,WR,MIA,2023,6,4,0.0,0.0,2.0,0.0605,0.0475,0.1241,0,,,,,,,,,,,0,,,,,,12,9,0.75,10.08,13.44,7.67,1.315,5.44,0.4965,0.0833,0.6667,0.25,0,10,6,1,7,4,27.1,30.4,27.1,-3.3,5.07,0.0635,0.0,0.0,30.4,2.35,1.0,-1.35
00-0034487,Trent Sherfield,WR,BUF,2023,9,7,0.0,0.0,2.44,0.0735,0.0641,0.1551,0,,,,,,,,,,,0,,,,,,22,11,0.5,3.91,7.82,8.64,0.453,4.45,-0.1009,0.0455,0.1818,0.0,0,17,0,0,0,8,25.6,39.6,25.6,-14.0,4.4,0.0526,0.0,0.0,39.6,1.26,1.0,-0.26
00-0035414,Jalen Guyton,WR,LAC,2023,7,5,0.0,0.0,3.0,0.0826,0.1218,0.2091,0,,,,,,,,,,,0,,,,,,21,10,0.4762,4.24,8.9,10.38,0.408,3.2,-0.1127,0.0476,0.2857,0.0476,0,8,7,2,9,1,24.9,35.9,24.9,-11.0,5.14,0.0684,0.0,0.0,35.9,1.35,1.0,-0.35
00-0032688,Robbie Chosen,WR,MIA,2023,5,3,0.0,0.0,1.2,0.0352,0.1206,0.1373,0,,,,,,,,,,,0,,,,,,6,4,0.6667,21.0,31.5,23.5,0.894,7.75,0.3589,0.1667,0.5,0.5,0,9,0,6,6,4,22.6,10.9,22.6,11.7,2.19,0.0272,0.0,0.0,10.9,0.25,1.0,0.75
00-0036364,Lynn Bowden,WR,NO,2023,8,5,0.0,0.62,2.0,0.0712,0.0388,0.134,0,,,,,,,,,,,5,6.4,0.0,-0.1869,0.6,0.4,16,11,0.6875,5.19,7.55,5.0,1.038,5.18,-0.1405,0.0,0.125,0.0625,0,15,0,1,1,7,22.5,28.6,22.5,-6.1,3.58,0.0491,0.0,3.6,25.0,0.23,0.0,-0.23
00-0032385,Sterling Shepard,WR,NYG,2023,10,8,0.0,0.1,2.2,0.0774,0.0773,0.1702,0,,,,,,,,,,,1,6.0,0.0,0.4849,0.0,0.0,22,10,0.4545,2.59,5.7,7.27,0.356,3.3,-0.5063,0.0455,0.1818,0.0,0,17,0,0,0,7,22.3,41.7,22.3,-19.4,4.17,0.0662,0.0,1.2,40.5,2.38,1.0,-1.38
00-0038618,Xavier Hutchinson,WR,HOU,2023,11,7,0.0,0.45,1.73,0.0538,0.0725,0.1314,0,,,,,,,,,,,5,9.8,0.0,0.5741,0.6,0.6,19,8,0.4211,4.74,11.25,11.37,0.417,2.5,-0.346,0.0,0.1579,0.1053,0,16,0,1,1,5,21.9,39.1,21.9,-17.2,3.56,0.046,0.0,6.4,32.7,1.34,0.0,-1.34
00-0036326,Chase Claypool,WR,MIA,2023,7,4,0.0,0.0,3.0,0.1094,0.1252,0.2517,0,,,,,,,,,,,0,,,,,,21,8,0.381,3.67,9.62,10.95,0.335,3.12,-0.6284,0.0476,0.1905,0.0476,0,12,0,5,5,5,21.7,33.8,21.7,-12.1,4.83,0.0681,0.0,0.0,33.8,0.91,1.0,0.09
00-0036862,Ben Skowronek,WR,LA,2023,9,8,0.0,0.22,1.33,0.0414,0.0367,0.0878,0,,,,,,,,,,,2,4.5,0.0,-0.8596,0.5,0.5,12,8,0.6667,5.5,8.25,7.33,0.75,3.75,0.1188,0.0833,0.25,0.1667,0,17,0,0,0,8,21.5,25.5,21.5,-4.0,2.84,0.0376,0.0,1.6,24.0,1.19,1.0,-0.19
00-0036268,Laviska Shenault Jr.,WR,CAR,2023,8,8,0.0,1.5,1.25,0.0398,-0.0135,0.0503,0,,,,,,,,,,,12,4.58,0.0,-0.0177,0.25,0.1667,10,10,1.0,6.0,6.0,-2.5,-2.4,8.5,-0.12,0.0,0.2,0.0,0,8,6,3,9,0,21.5,21.8,21.5,-0.3,2.73,0.0388,0.0,8.3,13.5,0.47,0.0,-0.47
00-0034286,Richie James,WR,KC,2023,8,4,0.0,0.0,1.75,0.0504,0.065,0.1211,0,,,,,,,,,,,0,,,,,,14,10,0.7143,8.14,11.4,9.21,0.884,6.1,0.3009,0.0,0.3571,0.1429,0,9,7,1,8,1,21.4,21.3,21.4,0.1,2.67,0.0362,0.0,0.0,21.3,0.13,0.0,-0.13
00-0038576,Charlie Jones,WR,CIN,2023,4,1,0.0,0.5,2.25,0.0627,0.1159,0.1751,0,,,,,,,,,,,2,6.5,0.0,0.55,0.5,0.0,9,7,0.7778,7.11,9.14,8.78,0.81,5.43,0.264,0.0,0.3333,0.1111,0,11,6,0,6,7,20.7,15.0,14.7,-0.3,3.76,0.0492,0.0,1.6,13.4,0.18,0.0,-0.18
00-0033466,Isaiah McKenzie,WR,IND,2023,9,9,0.0,0.33,1.56,0.0554,0.0254,0.1008,0,,,,,,,,,,,3,4.67,0.0,-0.1705,0.0,0.0,14,11,0.7857,5.86,7.45,2.5,2.343,6.55,0.1582,0.0,0.2857,0.0714,0,13,3,1,4,4,20.6,21.4,20.6,-0.8,2.38,0.0331,0.0,2.1,19.4,0.09,0.0,-0.09
00-0033589,David Moore,WR,TB,2023,6,2,0.0,0.0,1.17,0.0388,0.0331,0.0814,0,,,,,,,,,,,0,,,,,,7,5,0.7143,13.43,18.8,7.0,1.918,12.4,0.3967,0.1429,0.4286,0.2857,0,7,0,0,0,1,20.4,10.0,20.4,10.4,1.67,0.0252,0.0,0.0,10.0,0.05,1.0,0.95
00-0036497,Tim Jones,WR,JAX,2023,9,6,0.0,0.0,2.0,0.0553,0.0545,0.1212,0,,,,,,,,,,,0,,,,,,18,11,0.6111,4.61,7.55,8.44,0.546,2.82,-0.0575,0.0,0.2222,0.0,0,17,0,0,0,8,19.3,27.4,19.3,-8.1,3.04,0.0413,0.0,0.0,27.4,0.15,0.0,-0.15
00-0037098,Samori Toure,WR,GB,2023,8,6,0.0,0.0,2.25,0.0705,0.1346,0.2001,0,,,,,,,,,,,0,,,,,,18,8,0.4444,4.33,9.75,17.56,0.247,2.25,-0.1408,0.0,0.2222,0.1667,0,11,1,5,6,3,17.8,31.1,17.8,-13.3,3.89,0.0522,0.0,0.0,31.1,1.08,0.0,-1.08
00-0028002,Randall Cobb,WR,NYJ,2023,9,7,0.0,0.0,1.89,0.0638,0.0762,0.149,0,,,,,,,,,,,0,,,,,,17,5,0.2941,2.29,7.8,9.71,0.236,4.6,-0.8479,0.0588,0.1765,0.0,0,11,0,6,6,2,16.9,24.8,16.9,-7.9,2.76,0.0489,0.0,0.0,24.8,0.46,1.0,0.54
00-0038492,Jason Brownlee,WR,NYJ,2023,4,1,0.0,0.0,2.0,0.0558,0.0981,0.1524,0,,,,,,,,,,,0,,,,,,8,5,0.625,7.0,11.2,7.75,0.903,4.0,-0.5263,0.125,0.25,0.125,0,7,0,10,10,3,16.6,13.1,16.6,3.6,3.26,0.0471,0.0,0.0,13.1,0.57,1.0,0.43
00-0034317,Keith Kirkwood,WR,NO,2023,7,5,0.0,0.0,1.29,0.0387,0.0418,0.0873,0,,,,,,,,,,,0,,,,,,9,5,0.5556,4.11,7.4,10.11,0.407,0.2,0.2509,0.1111,0.3333,0.0,0,13,0,3,3,6,14.7,19.9,14.7,-5.2,2.84,0.0385,0.0,0.0,19.9,1.33,1.0,-0.33
00-0035045,D.J. Montgomery,WR,IND,2023,2,0,0.0,0.0,4.0,0.1312,0.158,0.3074,0,,,,,,,,,,,0,,,,,,8,3,0.375,7.0,18.67,12.12,0.577,9.33,-0.8484,0.125,0.375,0.125,0,7,0,0,0,5,14.6,14.9,14.6,-0.3,7.45,0.1006,0.0,0.0,14.9,0.65,1.0,0.35
00-0030068,Marquise Goodwin,WR,CLE,2023,10,8,0.0,0.4,1.3,0.0384,0.1254,0.1453,0,,,,,,,,,,,4,8.25,0.0,0.3638,0.5,0.5,13,4,0.3077,5.15,16.75,30.08,0.171,5.25,-0.6359,0.0,0.0769,0.0769,0,12,0,5,5,2,14.0,25.7,14.0,-11.7,2.57,0.0341,0.0,3.5,22.3,0.99,0.0,-0.99
00-0038640,Jalen Brooks,WR,DAL,2023,3,2,0.0,0.0,2.0,0.0491,0.0258,0.0916,0,,,,,,,,,,,0,,,,,,6,6,1.0,10.67,10.67,6.0,1.778,4.67,0.6425,0.0,0.6667,0.1667,0,7,0,10,10,4,12.4,8.4,12.4,4.0,2.81,0.0288,0.0,0.0,8.4,0.07,0.0,-0.07
00-0037216,Justyn Ross,WR,KC,2023,5,3,0.0,0.0,2.2,0.0638,0.1199,0.1796,0,,,,,,,,,,,0,,,,,,11,6,0.5455,4.82,8.83,10.64,0.453,2.5,0.1009,0.0,0.1818,0.0909,0,10,1,0,1,5,11.3,17.6,11.3,-6.3,3.51,0.0422,0.0,0.0,17.6,0.25,0.0,-0.25
00-0034279,Equanimeous St. Brown,WR,CHI,2023,5,4,0.0,0.0,1.2,0.0512,0.0485,0.1107,0,,,,,,,,,,,0,,,,,,6,5,0.8333,10.33,12.4,8.83,1.17,1.4,0.4953,0.0,0.5,0.3333,0,7,4,6,10,2,11.2,9.7,11.2,1.5,1.93,0.0295,0.0,0.0,9.7,0.05,0.0,-0.05
00-0037745,Velus Jones Jr.,WR,CHI,2023,10,7,0.0,0.8,0.7,0.0245,0.0232,0.0531,0,,,,,,,,,,,8,6.38,0.0,0.0276,0.5,0.375,7,4,0.5714,2.86,5.0,12.43,0.23,3.75,-0.2183,0.0,0.1429,0.0,0,14,0,3,3,4,11.1,16.9,11.1,-5.8,1.69,0.023,0.0,5.4,11.5,0.36,0.0,-0.36
00-0038821,Rakim Jarrett,WR,TB,2023,6,6,0.0,0.17,1.5,0.0395,0.0693,0.1077,0,,,,,,,,,,,1,0.0,0.0,-0.4798,0.0,0.0,9,4,0.4444,6.67,15.0,15.78,0.423,6.75,-0.1275,0.0,0.1111,0.1111,0,10,6,1,7,4,10.0,15.0,10.0,-5.0,2.51,0.0333,0.0,0.5,14.5,0.24,0.0,-0.24
00-0032128,Chris Conley,WR,SF,2023,1,0,0.0,0.0,6.0,0.24,0.2937,0.5656,0,,,,,,,,,,,0,,,,,,6,3,0.5,11.5,23.0,12.33,0.932,9.33,0.223,0.0,0.3333,0.3333,0,8,0,0,0,7,9.9,10.0,9.9,-0.1,10.04,0.1468,0.0,0.0,10.0,0.48,0.0,-0.48
00-0032200,Ty Montgomery,WR,NE,2023,7,7,0.0,0.43,1.71,0.0494,0.0394,0.1018,0,,,,,,,,,,,3,3.0,0.0,-0.1033,0.0,0.0,12,5,0.4167,3.33,8.0,7.5,0.444,5.4,-0.7096,0.0,0.25,0.0833,0,13,0,0,0,6,9.9,18.0,9.9,-8.1,2.57,0.0384,0.0,1.6,16.3,0.12,0.0,-0.12
00-0031763,DeAndre Carter,WR,LV,2023,8,7,0.0,0.38,0.88,0.0313,0.0033,0.0492,0,,,,,,,,,,,3,6.0,0.0,1.3481,0.6667,0.3333,7,4,0.5714,5.57,9.75,0.57,9.75,12.5,-0.3728,0.0,0.0,0.1429,0,17,0,0,0,9,9.7,13.2,9.7,-3.5,1.64,0.0246,0.0,2.2,10.9,0.3,0.0,-0.3
00-0035120,Keelan Doss,WR,LAC,2023,2,0,0.0,0.0,6.5,0.1637,0.1687,0.3636,0,,,,,,,,,,,0,,,,,,13,6,0.4615,2.54,5.5,7.46,0.34,2.33,-0.2325,0.0,0.0769,0.0,0,5,0,0,0,3,9.3,21.3,9.3,-12.0,10.63,0.1321,0.0,0.0,21.3,1.1,0.0,-1.1
00-0036427,Tyler Johnson,WR,LA,2023,1,0,0.0,0.0,3.0,0.1304,0.1006,0.2661,0,,,,,,,,,,,0,,,,,,3,2,0.6667,2.67,4.0,5.33,0.5,0.5,0.6174,0.3333,0.3333,0.0,0,2,0,0,0,1,8.8,4.9,8.8,3.9,4.93,0.0897,0.0,0.0,4.9,0.29,1.0,0.71
00-0037132,Britain Covey,WR,PHI,2023,2,0,0.0,0.0,3.0,0.0896,0.0694,0.1831,0,,,,,,,,,,,0,,,,,,6,4,0.6667,7.0,10.5,8.67,0.808,6.5,0.0934,0.0,0.3333,0.1667,0,17,0,0,0,15,8.2,9.3,8.2,-1.1,4.66,0.0609,0.0,0.0,9.3,0.23,0.0,-0.23
00-0036630,Tylan Wallace,WR,BAL,2023,1,0,0.0,0.0,2.0,0.0769,0.1353,0.2101,0,,,,,,,,,,,0,,,,,,2,1,0.5,5.5,11.0,11.5,0.478,0.0,-0.3754,0.0,0.5,0.0,0,11,4,2,6,10,8.1,2.5,2.1,-0.4,2.46,0.0481,0.0,0.0,2.5,0.02,0.0,-0.02
00-0036646,Simi Fehoko,WR,LAC,2023,1,1,0.0,0.0,2.0,0.0526,0.1034,0.1514,0,,,,,,,,,,,0,,,,,,2,1,0.5,4.5,9.0,9.0,0.5,7.0,0.5208,0.5,0.5,0.0,0,6,0,3,3,5,7.9,3.5,7.9,4.4,3.55,0.0445,0.0,0.0,3.5,0.19,1.0,0.81
00-0036331,Devin Duvernay,WR,BAL,2023,6,6,0.0,0.67,1.5,0.054,0.0504,0.1163,0,,,,,,,,,,,4,3.75,0.0,-0.1382,0.0,0.0,9,4,0.4444,2.0,4.5,9.0,0.222,4.25,-0.4451,0.0,0.0,0.0,0,13,4,0,4,7,7.3,18.4,7.3,-11.1,3.07,0.04,0.0,2.8,15.7,0.54,0.0,-0.54
00-0036841,Austin Trammell,WR,LA,2023,2,2,0.0,0.0,3.5,0.122,0.0728,0.2339,0,,,,,,,,,,,0,,,,,,7,4,0.5714,4.14,7.25,3.57,1.16,8.75,-0.4293,0.0,0.2857,0.0,0,16,0,0,0,14,6.9,10.1,6.9,-3.2,5.06,0.076,0.0,0.0,10.1,0.07,0.0,-0.07
00-0038667,Elijah Cooks,WR,JAX,2023,2,0,0.0,0.0,2.0,0.046,0.0395,0.0967,0,,,,,,,,,,,0,,,,,,4,3,0.75,9.5,12.67,8.25,1.152,2.67,0.9761,0.0,0.5,0.25,0,9,0,8,8,7,6.8,6.1,6.8,0.7,3.06,0.0398,0.0,0.0,6.1,0.07,0.0,-0.07
00-0029293,Marvin Jones,WR,DET,2023,4,4,0.0,0.0,2.5,0.0808,0.095,0.1876,0,,,,,,,,,,,0,,,,,,10,5,0.5,3.5,7.0,8.0,0.438,1.8,-0.5427,0.0,0.2,0.1,1,6,0,1,1,2,6.5,16.1,6.5,-9.6,4.03,0.0511,0.0,0.0,16.1,0.18,0.0,-0.18
00-0037291,Jalen Nailor,WR,MIN,2023,2,2,0.0,0.0,3.0,0.0914,0.1041,0.2099,0,,,,,,,,,,,0,,,,,,6,3,0.5,4.83,9.67,9.0,0.537,7.0,-0.3376,0.0,0.1667,0.1667,0,6,7,4,11,4,5.9,9.6,5.9,-3.7,4.81,0.0635,0.0,0.0,9.6,0.05,0.0,-0.05
00-0033251,Zach Pascal,WR,ARI,2023,9,8,0.0,0.0,1.67,0.0489,0.0743,0.1254,0,,,,,,,,,,,0,,,,,,15,4,0.2667,1.27,4.75,10.67,0.119,3.0,-1.1595,0.0,0.0667,0.0,0,14,0,3,3,5,5.9,23.8,5.9,-17.9,2.64,0.0377,0.0,0.0,23.8,0.8,0.0,-0.8
00-0034928,Steven Sims,WR,HOU,2023,2,1,0.0,0.5,1.5,0.041,-0.0036,0.059,0,,,,,,,,,,,1,1.0,0.0,-1.5656,0.0,0.0,3,3,1.0,8.33,8.33,-0.67,-12.5,9.0,0.3455,0.0,0.3333,0.3333,0,3,0,0,0,1,5.6,4.9,5.6,0.7,2.43,0.0298,0.0,0.7,4.2,0.01,0.0,-0.01
00-0036482,Mike Strachan,WR,CAR,2023,2,2,0.0,0.0,1.5,0.0486,0.1365,0.1685,0,,,,,,,,,,,0,,,,,,3,1,0.3333,15.0,45.0,24.33,0.616,8.0,0.3874,0.0,0.3333,0.3333,0,4,0,4,4,2,5.5,4.7,5.5,0.8,2.37,0.0371,0.0,0.0,4.7,0.05,0.0,-0.05
00-0035645,Gunner Olszewski,WR,NYG,2023,1,1,0.0,0.0,1.0,0.0345,-0.0058,0.0477,0,,,,,,,,,,,0,,,,,,1,1,1.0,0.0,0.0,-1.0,-0.0,0.0,-6.1856,0.0,0.0,0.0,1,12,0,3,3,11,5.0,1.4,-1.0,-2.4,1.4,0.0279,0.0,0.0,1.4,0.0,0.0,0.0
00-0035934,Trishton Jackson,WR,MIN,2023,2,2,0.0,0.0,2.0,0.0545,0.0345,0.1059,0,,,,,,,,,,,0,,,,,,4,2,0.5,2.25,4.5,4.0,0.562,3.5,-0.4013,0.0,0.0,0.0,0,7,0,1,1,5,4.9,7.6,4.9,-2.7,3.79,0.0426,0.0,0.0,7.6,0.29,0.0,-0.29
00-0035703,Miles Boykin,WR,PIT,2023,4,3,0.0,0.0,1.0,0.0353,0.0229,0.069,0,,,,,,,,,,,0,,,,,,4,3,0.75,4.25,5.67,4.75,0.895,0.67,-0.4178,0.0,0.0,0.0,0,17,0,0,0,13,4.7,6.6,4.7,-1.9,1.66,0.0277,0.0,0.0,6.6,0.01,0.0,-0.01
00-0038608,Kayshon Boutte,WR,NE,2023,3,3,0.0,0.0,2.33,0.0566,0.179,0.2101,0,,,,,,,,,,,0,,,,,,7,2,0.2857,2.71,9.5,17.86,0.152,5.0,-0.3844,0.0,0.1429,0.0,0,5,0,12,12,2,3.9,11.8,3.9,-7.9,3.95,0.0538,0.0,0.0,11.8,0.46,0.0,-0.46
00-0030663,Willie Snead,WR,SF,2023,2,1,0.0,0.0,1.5,0.0465,0.0363,0.0952,0,,,,,,,,,,,0,,,,,,3,2,0.6667,4.67,7.0,6.0,0.778,1.5,-0.1788,0.0,0.0,0.0,0,4,0,0,0,2,3.4,4.3,3.4,-0.9,2.16,0.027,0.0,0.0,4.3,0.04,0.0,-0.04
00-0035480,Malik Taylor,WR,NYJ,2023,2,2,0.0,0.0,2.0,0.0479,0.1236,0.1583,0,,,,,,,,,,,0,,,,,,4,2,0.5,3.25,6.5,22.25,0.146,3.5,-0.5167,0.0,0.0,0.0,0,3,0,0,0,1,3.3,6.5,3.3,-3.2,3.26,0.0432,0.0,0.0,6.5,0.1,0.0,-0.1
00-0032951,Laquon Treadwell,WR,BAL,2023,1,0,0.0,0.0,3.0,0.1154,0.2118,0.3213,0,,,,,,,,,,,0,,,,,,3,1,0.3333,5.33,16.0,12.0,0.444,0.0,0.0677,0.0,0.3333,0.3333,0,5,0,0,0,4,2.6,4.3,2.6,-1.7,4.34,0.0849,0.0,0.0,4.3,0.01,0.0,-0.01
00-0038092,Erik Ezukanma,WR,MIA,2023,2,2,0.0,2.5,0.5,0.0172,0.0149,0.0363,0,,,,,,,,,,,5,4.4,0.0,-0.2907,0.2,0.2,1,0,0.0,0.0,,8.0,0.0,,-0.9127,0.0,0.0,0.0,0,2,14,1,15,0,2.2,7.7,2.2,-5.5,3.83,0.0435,0.0,5.9,1.7,0.58,0.0,-0.58
00-0036254,Collin Johnson,WR,CHI,2023,1,0,0.0,0.0,1.0,0.0333,0.0243,0.067,0,,,,,,,,,,,0,,,,,,1,1,1.0,11.0,11.0,7.0,1.571,4.0,1.2503,0.0,1.0,0.0,0,3,0,1,1,2,2.1,1.5,2.1,0.6,1.5,0.0157,0.0,0.0,1.5,0.0,0.0,0.0
00-0035164,Cody Thompson,WR,SEA,2023,1,1,0.0,0.0,1.0,0.0385,0.0469,0.0905,0,,,,,,,,,,,0,,,,,,1,1,1.0,10.0,10.0,6.0,1.667,4.0,0.4129,0.0,0.0,0.0,0,7,0,1,1,6,2.0,1.5,2.0,0.5,1.54,0.0259,0.0,0.0,1.5,0.0,0.0,0.0
00-0036176,Mason Kinsey,WR,TEN,2023,1,0,0.0,0.0,1.0,0.04,-0.0144,0.0499,0,,,,,,,,,,,0,,,,,,1,1,1.0,6.0,6.0,-2.0,-3.0,8.0,-1.0664,0.0,0.0,0.0,0,6,0,0,0,5,1.6,1.3,1.6,0.3,1.32,0.0227,0.0,0.0,1.3,0.0,0.0,0.0
00-0038632,Colton Dowell,WR,TEN,2023,2,1,0.0,0.0,1.0,0.0392,0.0707,0.1083,0,,,,,,,,,,,0,,,,,,2,1,0.5,1.5,3.0,20.0,0.075,0.0,-1.3264,0.0,0.0,0.0,0,10,1,6,7,8,1.3,4.2,1.3,-2.9,2.08,0.0345,0.0,0.0,4.2,0.17,0.0,-0.17
00-0038627,Antoine Green,WR,DET,2023,2,2,0.0,0.0,1.0,0.0249,0.0164,0.0488,0,,,,,,,,,,,0,,,,,,2,1,0.5,1.0,2.0,5.5,0.182,1.0,-1.7692,0.0,0.0,0.0,0,10,0,7,7,8,1.2,2.6,1.2,-1.4,1.28,0.0154,0.0,0.0,2.6,0.03,0.0,-0.03
00-0037420,Kwamie Lassiter II,WR,CIN,2023,1,1,0.0,0.0,1.0,0.0227,-0.0033,0.0318,0,,,,,,,,,,,0,,,,,,1,1,1.0,2.0,2.0,-1.0,-2.0,3.0,0.2223,0.0,0.0,0.0,0,1,0,0,0,0,1.2,1.8,1.2,-0.6,1.8,0.0159,0.0,0.0,1.8,0.03,0.0,-0.03
00-0036620,Dee Eskridge,WR,SEA,2023,3,3,0.0,0.67,0.33,0.0088,0.0175,0.0254,0,,,,,,,,,,,2,2.5,0.0,-0.4067,0.5,0.5,1,0,0.0,0.0,,17.0,0.0,,-1.2091,0.0,0.0,0.0,0,4,8,5,13,1,0.5,4.0,0.5,-3.5,1.34,0.0197,0.0,1.6,2.4,0.09,0.0,-0.09
00-0037156,Irvin Charles,WR,NYJ,2023,1,0,0.0,0.0,1.0,0.0556,0.0252,0.1009,0,,,,,,,,,,,0,,,,,,1,0,0.0,0.0,,4.0,0.0,,-1.5179,0.0,0.0,0.0,0,12,0,2,2,11,0.0,0.7,0.0,-0.7,0.69,0.0144,0.0,0.0,0.7,0.0,0.0,0.0
00-0038891,Shedrick Jackson,WR,CIN,2023,1,1,0.0,0.0,1.0,0.0323,0.121,0.1331,0,,,,,,,,,,,0,,,,,,1,0,0.0,0.0,,30.0,0.0,,-0.8561,0.0,0.0,0.0,0,3,0,0,0,2,0.0,1.9,0.0,-1.9,1.94,0.0292,0.0,0.0,1.9,0.08,0.0,-0.08
00-0032208,Phillip Dorsett,WR,DEN,2023,2,1,0.0,0.0,1.5,0.049,0.1944,0.2095,0,,,,,,,,,,,0,,,,,,3,0,0.0,0.0,,26.0,0.0,,-0.5829,0.0,0.0,0.0,0,2,0,0,0,0,0.0,6.6,0.0,-6.6,3.32,0.0484,0.0,0.0,6.6,0.15,0.0,-0.15
00-0035593,Juwann Winfree,WR,IND,2023,1,1,0.0,0.0,1.0,0.0263,0.08,0.0955,0,,,,,,,,,,,0,,,,,,1,0,0.0,0.0,,26.0,0.0,,-1.0963,0.0,0.0,0.0,0,8,0,2,2,7,0.0,1.1,0.0,-1.1,1.06,0.0123,0.0,0.0,1.1,0.01,0.0,-0.01
00-0036133,James Proche,WR,CLE,2023,2,1,0.0,0.0,2.5,0.0956,0.1564,0.2529,0,,,,,,,,,,,0,,,,,,5,0,0.0,0.0,,17.2,0.0,,-1.4568,0.0,0.0,0.0,0,10,0,0,0,8,0.0,5.8,0.0,-5.8,2.92,0.0511,0.0,0.0,5.8,0.17,0.0,-0.17
00-0036991,Amari Rodgers,WR,IND,2023,1,1,0.0,0.0,2.0,0.0385,0.0761,0.111,0,,,,,,,,,,,0,,,,,,2,0,0.0,0.0,,15.0,0.0,,-1.0018,0.0,0.0,0.0,0,3,0,0,0,2,0.0,3.1,0.0,-3.1,3.14,0.031,0.0,0.0,3.1,0.01,0.0,-0.01
00-0031868,Damiere Byrd,WR,ATL,2023,1,1,0.0,0.0,2.0,0.0588,0.1151,0.1688,0,,,,,,,,,,,0,,,,,,2,0,0.0,0.0,,22.5,0.0,,-3.3966,0.0,0.0,0.0,0,1,0,0,0,0,0.0,3.0,0.0,-3.0,2.98,0.0369,0.0,0.0,3.0,0.02,0.0,-0.02
00-0033292,Trent Taylor,WR,CHI,2023,3,3,0.0,0.33,0.67,0.0243,-0.0039,0.0337,0,,,,,,,,,,,1,-2.0,0.0,-1.3515,0.0,0.0,2,0,0.0,0.0,,0.0,,,-0.6497,0.0,0.0,0.0,0,17,0,0,0,14,-0.2,3.6,-0.2,-3.8,1.19,0.0173,0.0,0.8,2.8,0.01,0.0,-0.01
