player_id,name,pos,team,season,week,att,cmp,pass_epa,sacks,cpoe,car,tgt,rec,rec_ay,tgt_share,ay_share,team_car,team_rb_touch,fp_ppr,fp_exp,fp_act
00-0022942,Philip Rivers,QB,IND,2025,15,27,18,-2.533,1,-0.401,1,0,0,0.0,0.0,0.0,30,37,6.8,6.58,6.8
00-0022942,Philip Rivers,QB,IND,2025,16,35,23,2.885,2,-1.17,0,0,0,0.0,0.0,0.0,20,23,17.1,14.01,17.08
00-0022942,Philip Rivers,QB,IND,2025,17,30,17,-11.547,2,-9.689,1,0,0,0.0,0.0,0.0,22,25,7.8,13.41,7.78
00-0023459,Aaron Rodgers,QB,PIT,2025,1,30,22,10.205,4,6.35,1,0,0,0.0,0.0,0.0,20,24,25.7,11.55,25.66
00-0023459,Aaron Rodgers,QB,PIT,2025,2,33,18,-6.193,3,-6.433,1,0,0,0.0,0.0,0.0,21,27,10.4,15.09,10.42
00-0023459,Aaron Rodgers,QB,PIT,2025,3,23,16,0.193,0,4.535,4,0,0,0.0,0.0,0.0,26,28,11.7,9.68,11.66
00-0023459,Aaron Rodgers,QB,PIT,2025,4,22,18,3.8,2,9.591,3,0,0,0.0,0.0,0.0,29,31,12.8,9.97,12.8
00-0023459,Aaron Rodgers,QB,PIT,2025,6,30,21,9.599,0,8.185,1,0,0,0.0,0.0,0.0,28,31,17.5,12.3,17.5
00-0023459,Aaron Rodgers,QB,PIT,2025,7,34,23,13.312,0,4.88,1,0,0,0.0,0.0,0.0,20,25,22.6,18.48,22.56
00-0023459,Aaron Rodgers,QB,PIT,2025,8,36,24,-4.052,3,4.962,0,0,0,0.0,0.0,0.0,18,22,16.8,14.43,16.76
00-0023459,Aaron Rodgers,QB,PIT,2025,9,35,25,0.011,3,-2.648,2,0,0,0.0,0.0,0.0,23,27,12.1,24.07,12.12
00-0023459,Aaron Rodgers,QB,PIT,2025,10,31,16,-18.09,3,-10.83,0,0,0,0.0,0.0,0.0,16,20,6.4,11.7,6.44
00-0023459,Aaron Rodgers,QB,PIT,2025,11,15,9,1.239,1,-10.313,1,0,0,0.0,0.0,0.0,28,33,9.4,6.74,9.44
00-0023459,Aaron Rodgers,QB,PIT,2025,13,21,10,-9.579,1,-20.151,1,0,0,0.0,0.0,0.0,18,21,2.7,9.1,4.68
00-0023459,Aaron Rodgers,QB,PIT,2025,14,34,23,10.567,0,4.323,2,1,1,-9,0.0303,-0.0425,17,23,21.5,24.26,21.46
00-0023459,Aaron Rodgers,QB,PIT,2025,15,27,23,11.127,3,10.425,0,0,0,0.0,0.0,0.0,32,37,17.0,9.98,16.96
00-0023459,Aaron Rodgers,QB,PIT,2025,16,41,27,11.024,2,-1.382,2,0,0,0.0,0.0,0.0,27,30,15.5,20.8,15.54
00-0023459,Aaron Rodgers,QB,PIT,2025,17,39,21,-12.288,2,-9.123,1,0,0,0.0,0.0,0.0,24,22,7.3,13.26,7.32
00-0023459,Aaron Rodgers,QB,PIT,2025,18,47,31,7.451,2,1.217,1,0,0,0.0,0.0,0.0,24,32,17.8,19.3,17.76
00-0026158,Joe Flacco,QB,CLE,2025,1,45,31,-1.842,2,2.374,2,0,0,0.0,0.0,0.0,24,30,12.2,17.56,12.2
00-0026158,Joe Flacco,QB,CLE,2025,2,45,25,-26.739,2,-3.099,1,0,0,0.0,0.0,0.0,22,31,8.8,14.08,10.76
00-0026158,Joe Flacco,QB,CLE,2025,3,36,21,-8.71,2,-3.436,0,0,0,0.0,0.0,0.0,19,24,3.7,11.24,3.68
00-0026158,Joe Flacco,QB,CLE,2025,4,34,16,-19.947,3,-15.156,3,0,0,0.0,0.0,0.0,27,28,1.3,19.99,3.26
00-0026158,Joe Flacco,QB,CIN,2025,6,45,29,6.496,1,4.669,0,0,0,0.0,0.0,0.0,16,19,18.8,13.19,18.76
00-0026158,Joe Flacco,QB,CIN,2025,7,47,31,15.144,2,1.609,5,0,0,0.0,0.0,0.0,23,20,26.0,24.39,25.98
00-0026158,Joe Flacco,QB,CIN,2025,8,34,21,3.186,1,-8.002,2,0,0,0.0,0.0,0.0,23,25,24.3,17.93,24.32
00-0026158,Joe Flacco,QB,CIN,2025,9,47,31,16.732,3,2.816,1,0,0,0.0,0.0,0.0,15,21,30.7,24.36,32.7
00-0026158,Joe Flacco,QB,CIN,2025,11,40,23,-9.329,1,-9.606,1,0,0,0.0,0.0,0.0,22,27,9.9,12.81,9.86
00-0026158,Joe Flacco,QB,CIN,2025,12,37,19,-14.464,1,-6.988,1,0,0,0.0,0.0,0.0,23,23,9.6,12.23,8.94
00-0026158,Joe Flacco,QB,CIN,2025,16,1,1,-0.978,0,24.452,0,0,0,0.0,0.0,0.0,26,29,0.2,0.35,0.16
00-0026158,Joe Flacco,QB,CIN,2025,17,5,3,-0.42,0,0.167,4,0,0,0.0,0.0,0.0,35,33,1.2,2.23,1.16
00-0026158,Joe Flacco,QB,CIN,2025,18,0,0,0.0,0,,1,0,0,0.0,0.0,0.0,25,28,0.2,0.23,0.2
00-0026300,Josh Johnson,QB,WAS,2025,16,9,5,-4.519,1,-15.383,1,0,0,0.0,0.0,0.0,26,27,-0.3,1.87,-0.28
00-0026300,Josh Johnson,QB,WAS,2025,17,23,15,3.867,1,4.838,2,0,0,0.0,0.0,0.0,16,15,8.9,10.56,8.92
00-0026300,Josh Johnson,QB,WAS,2025,18,22,14,4.471,0,6.251,9,0,0,0.0,0.0,0.0,41,32,15.7,17.71,15.74
00-0026498,Matthew Stafford,QB,LA,2025,1,29,21,6.09,3,5.382,4,0,0,0.0,0.0,0.0,25,21,13.6,16.16,13.6
00-0026498,Matthew Stafford,QB,LA,2025,2,33,23,9.78,1,10.765,2,0,0,0.0,0.0,0.0,25,24,17.3,21.31,17.32
00-0026498,Matthew Stafford,QB,LA,2025,3,33,19,-2.479,1,-5.462,0,0,0,0.0,0.0,0.0,31,30,13.8,15.08,13.84
00-0026498,Matthew Stafford,QB,LA,2025,4,41,29,14.294,3,5.447,4,0,0,0.0,0.0,0.0,26,27,27.4,15.53,27.4
00-0026498,Matthew Stafford,QB,LA,2025,5,47,30,15.072,1,-3.268,1,0,0,0.0,0.0,0.0,16,23,25.6,22.35,25.56
00-0026498,Matthew Stafford,QB,LA,2025,6,26,17,0.959,2,0.701,4,0,0,0.0,0.0,0.0,23,20,9.3,17.29,11.34
00-0026498,Matthew Stafford,QB,LA,2025,7,33,21,8.783,0,4.222,2,0,0,0.0,0.0,0.0,29,27,27.4,23.61,27.38
00-0026498,Matthew Stafford,QB,LA,2025,9,32,24,11.839,2,12.68,4,0,0,0.0,0.0,0.0,43,38,26.8,25.99,26.84
00-0026498,Matthew Stafford,QB,LA,2025,10,36,24,22.63,1,10.595,3,0,0,0.0,0.0,0.0,30,29,26.9,22.53,26.9
00-0026498,Matthew Stafford,QB,LA,2025,11,28,15,-4.05,0,-16.569,0,0,0,0.0,0.0,0.0,22,22,13.2,17.01,13.2
00-0026498,Matthew Stafford,QB,LA,2025,12,35,25,8.219,1,4.716,0,0,0,0.0,0.0,0.0,19,20,22.9,23.12,22.92
00-0026498,Matthew Stafford,QB,LA,2025,13,28,18,-3.512,2,3.445,1,0,0,0.0,0.0,0.0,21,20,11.6,18.82,13.62
00-0026498,Matthew Stafford,QB,LA,2025,14,31,22,15.41,0,4.055,0,0,0,0.0,0.0,0.0,36,36,23.2,21.04,23.24
00-0026498,Matthew Stafford,QB,LA,2025,15,38,24,8.236,2,-0.552,1,0,0,0.0,0.0,0.0,29,27,20.9,24.81,20.92
00-0026498,Matthew Stafford,QB,LA,2025,16,49,29,26.14,0,-2.745,2,0,0,0.0,0.0,0.0,39,41,30.9,24.25,30.88
00-0026498,Matthew Stafford,QB,LA,2025,17,38,22,-2.749,3,-3.052,0,0,0,0.0,0.0,0.0,20,23,12.8,17.22,12.76
00-0026498,Matthew Stafford,QB,LA,2025,18,40,25,15.791,1,-1.889,1,0,0,0.0,0.0,0.0,31,29,26.7,26.96,26.66
00-0027973,Andy Dalton,QB,CAR,2025,3,0,0,0.0,0,,1,0,0,0.0,0.0,0.0,30,30,-0.1,-0.1,-0.1
00-0027973,Andy Dalton,QB,CAR,2025,4,6,5,9.914,0,23.37,0,0,0,0.0,0.0,0.0,28,30,6.3,3.89,6.32
00-0027973,Andy Dalton,QB,CAR,2025,7,7,4,-2.715,1,1.739,2,0,0,0.0,0.0,0.0,36,34,2.2,2.42,2.2
00-0027973,Andy Dalton,QB,CAR,2025,8,24,16,-12.861,7,3.698,2,0,0,0.0,0.0,0.0,28,24,1.1,9.54,3.1
00-0028118,Tyrod Taylor,QB,NYJ,2025,2,11,7,5.397,2,1.559,3,0,0,0.0,0.0,0.0,21,15,8.3,8.59,8.34
00-0028118,Tyrod Taylor,QB,NYJ,2025,3,36,26,-7.887,4,7.484,8,0,0,0.0,0.0,0.0,23,21,16.7,19.86,18.68
00-0028118,Tyrod Taylor,QB,NYJ,2025,7,22,10,-4.265,3,-8.844,3,0,0,0.0,0.0,0.0,20,17,2.1,10.03,2.14
00-0028118,Tyrod Taylor,QB,NYJ,2025,12,28,17,0.77,3,-1.455,5,0,0,0.0,0.0,0.0,26,24,12.8,12.58,12.78
00-0028118,Tyrod Taylor,QB,NYJ,2025,13,33,19,-0.969,2,-1.633,8,0,0,0.0,0.0,0.0,28,21,21.3,17.68,21.28
00-0028118,Tyrod Taylor,QB,NYJ,2025,14,4,1,-6.361,0,-41.251,0,0,0,0.0,0.0,0.0,17,16,-1.8,0.93,-1.76
00-0029263,Russell Wilson,QB,NYG,2025,1,37,17,-11.394,2,-13.458,8,0,0,0.0,0.0,0.0,23,19,11.1,27.13,11.12
00-0029263,Russell Wilson,QB,NYG,2025,2,41,30,17.073,3,13.416,3,0,0,0.0,0.0,0.0,21,24,30.3,22.01,30.3
00-0029263,Russell Wilson,QB,NYG,2025,3,32,18,-14.808,2,-4.927,5,0,0,0.0,0.0,0.0,27,29,5.1,19.17,5.1
00-0029263,Russell Wilson,QB,NYG,2025,4,1,1,-2.169,1,9.149,0,0,0,0.0,0.0,0.0,42,34,0.3,0.24,0.32
00-0029263,Russell Wilson,QB,NYG,2025,6,1,0,-1.768,0,-56.908,0,0,0,0.0,0.0,0.0,39,28,0.0,0.27,0.0
00-0029263,Russell Wilson,QB,NYG,2025,10,7,3,-2.601,2,-14.352,2,0,0,0.0,0.0,0.0,30,26,3.0,5.59,3.0
00-0029604,Kirk Cousins,QB,ATL,2025,3,7,5,-3.043,0,-8.272,0,0,0,0.0,0.0,0.0,23,27,1.2,1.56,1.16
00-0029604,Kirk Cousins,QB,ATL,2025,8,31,21,-5.868,1,2.471,2,0,0,0.0,0.0,0.0,17,20,7.1,9.7,7.12
00-0029604,Kirk Cousins,QB,ATL,2025,11,14,6,-3.795,0,-27.471,1,0,0,0.0,0.0,0.0,28,32,2.1,4.95,2.12
00-0029604,Kirk Cousins,QB,ATL,2025,12,23,16,-3.415,3,7.184,2,0,0,0.0,0.0,0.0,29,29,14.5,10.05,14.46
00-0029604,Kirk Cousins,QB,ATL,2025,13,33,21,5.854,2,-0.83,0,0,0,0.0,0.0,0.0,32,38,13.4,9.78,13.36
00-0029604,Kirk Cousins,QB,ATL,2025,14,30,15,-15.373,1,-12.768,0,0,0,0.0,0.0,0.0,31,35,2.5,13.19,2.48
00-0029604,Kirk Cousins,QB,ATL,2025,15,44,30,17.245,1,7.698,0,0,0,0.0,0.0,0.0,21,29,26.9,19.31,26.92
00-0029604,Kirk Cousins,QB,ATL,2025,16,35,21,8.094,1,-6.864,5,0,0,0.0,0.0,0.0,37,40,17.6,23.41,17.58
00-0029604,Kirk Cousins,QB,ATL,2025,17,20,13,4.923,0,0.497,1,0,0,0.0,0.0,0.0,33,37,9.1,8.41,9.14
00-0029604,Kirk Cousins,QB,ATL,2025,18,32,18,-5.553,4,-6.604,3,0,0,0.0,0.0,0.0,25,26,9.2,14.57,9.2
00-0030035,Adam Thielen,WR,MIN,2025,1,0,0,0.0,0,,0,1,0,7,0.05,0.0598,26,27,2.0,2.6,2.0
00-0030035,Adam Thielen,WR,MIN,2025,2,0,0,0.0,0,,0,3,2,58,0.1429,0.2302,19,16,4.6,5.84,4.6
00-0030035,Adam Thielen,WR,MIN,2025,3,0,0,0.0,0,,0,2,0,29,0.0833,0.1543,31,30,0.0,5.79,0.0
00-0030035,Adam Thielen,WR,MIN,2025,4,0,0,0.0,0,,0,2,2,11,0.0476,0.0328,20,27,3.1,2.7,3.1
00-0030035,Adam Thielen,WR,MIN,2025,7,0,0,0.0,0,,0,2,1,12,0.05,0.0285,23,20,2.0,2.81,2.0
00-0030035,Adam Thielen,WR,MIN,2025,8,0,0,0.0,0,,0,2,0,-3,0.0667,-0.0278,11,16,0.0,2.59,0.0
00-0030035,Adam Thielen,WR,MIN,2025,10,0,0,0.0,0,,0,3,2,11,0.0732,0.024,18,17,3.6,3.99,3.6
00-0030035,Adam Thielen,WR,MIN,2025,11,0,0,0.0,0,,0,2,1,17,0.0625,0.055,22,25,1.6,2.92,1.6
00-0030035,Adam Thielen,WR,MIN,2025,12,0,0,0.0,0,,0,1,0,3,0.0556,0.03,20,20,0.0,0.81,0.0
00-0030035,Adam Thielen,WR,PIT,2025,14,0,0,0.0,0,,0,1,1,3,0.0303,0.0142,17,23,1.4,1.35,1.4
00-0030035,Adam Thielen,WR,PIT,2025,15,0,0,0.0,0,,0,1,1,5,0.037,0.0543,32,37,1.7,1.56,1.7
00-0030035,Adam Thielen,WR,PIT,2025,16,0,0,0.0,0,,0,4,4,36,0.1053,0.1075,27,30,8.9,7.2,8.9
00-0030035,Adam Thielen,WR,PIT,2025,17,0,0,0.0,0,,0,5,2,50,0.1351,0.2193,24,22,3.4,6.42,3.4
00-0030035,Adam Thielen,WR,PIT,2025,18,0,0,0.0,0,,0,6,3,67,0.1364,0.2062,24,32,7.3,9.31,7.3
00-0030061,Zach Ertz,TE,WAS,2025,1,0,0,0.0,0,,0,5,3,42,0.1724,0.1505,32,23,11.6,10.73,11.6
00-0030061,Zach Ertz,TE,WAS,2025,2,0,0,0.0,0,,0,8,6,45,0.2,0.1613,19,14,18.4,11.19,18.4
00-0030061,Zach Ertz,TE,WAS,2025,3,0,0,0.0,0,,0,3,3,33,0.1667,0.2089,32,24,6.8,5.19,6.8
00-0030061,Zach Ertz,TE,WAS,2025,4,0,0,0.0,0,,0,4,2,36,0.1667,0.1259,22,19,6.1,7.38,6.1
00-0030061,Zach Ertz,TE,WAS,2025,5,0,0,0.0,0,,0,1,0,9,0.0435,0.0377,28,23,0.0,1.69,0.0
00-0030061,Zach Ertz,TE,WAS,2025,6,0,0,0.0,0,,0,6,6,32,0.25,0.1509,31,23,16.3,11.4,16.3
00-0030061,Zach Ertz,TE,WAS,2025,7,0,0,0.0,0,,0,7,3,78,0.2258,0.2468,28,21,12.7,13.75,12.7
00-0030061,Zach Ertz,TE,WAS,2025,8,0,0,0.0,0,,0,6,4,26,0.2,0.1605,20,16,5.6,8.09,5.6
00-0030061,Zach Ertz,TE,WAS,2025,9,0,0,0.0,0,,0,4,4,42,0.1905,0.336,36,26,8.6,6.19,8.6
00-0030061,Zach Ertz,TE,WAS,2025,10,0,0,0.0,0,,0,5,4,87,0.2273,0.3021,27,23,9.4,7.86,9.4
00-0030061,Zach Ertz,TE,WAS,2025,11,0,0,0.0,0,,0,8,4,87,0.2759,0.3937,33,32,8.2,16.61,8.2
00-0030061,Zach Ertz,TE,WAS,2025,13,0,0,0.0,0,,0,13,10,120,0.2889,0.2007,33,23,20.6,21.76,20.6
00-0030061,Zach Ertz,TE,WAS,2025,14,0,0,0.0,0,,0,2,1,19,0.1,0.1652,23,18,2.1,3.36,2.1
00-0030279,Keenan Allen,WR,LAC,2025,1,0,0,0.0,0,,0,10,7,89,0.2941,0.2602,25,19,19.8,17.94,19.8
00-0030279,Keenan Allen,WR,LAC,2025,2,0,0,0.0,0,,0,7,5,54,0.2593,0.2213,26,19,17.1,13.91,17.1
00-0030279,Keenan Allen,WR,LAC,2025,3,0,0,0.0,0,,0,11,7,108,0.2444,0.2517,28,31,19.5,21.07,19.5
00-0030279,Keenan Allen,WR,LAC,2025,4,0,0,0.0,0,,0,7,5,30,0.1842,0.1132,13,17,8.7,8.92,8.7
00-0030279,Keenan Allen,WR,LAC,2025,5,0,0,0.0,0,,0,9,5,58,0.2812,0.4567,27,29,10.8,17.92,10.8
00-0030279,Keenan Allen,WR,LAC,2025,6,0,0,0.0,0,,0,7,4,66,0.1842,0.3,25,28,6.7,12.36,6.7
00-0030279,Keenan Allen,WR,LAC,2025,7,0,0,0.0,0,,0,14,11,129,0.2593,0.286,16,16,28.9,24.58,28.9
00-0030279,Keenan Allen,WR,LAC,2025,8,0,0,0.0,0,,0,5,4,56,0.2083,0.2718,43,37,8.4,8.85,8.4
00-0030279,Keenan Allen,WR,LAC,2025,9,0,0,0.0,0,,0,5,2,72,0.1786,0.2315,30,21,6.1,7.02,6.1
00-0030279,Keenan Allen,WR,LAC,2025,10,0,0,0.0,0,,0,5,2,27,0.1515,0.1731,31,27,3.9,7.08,3.9
00-0030279,Keenan Allen,WR,LAC,2025,11,0,0,0.0,0,,0,6,4,49,0.25,0.2663,16,13,9.3,8.01,9.3
00-0030279,Keenan Allen,WR,LAC,2025,13,0,0,0.0,0,,0,5,4,53,0.2381,0.2663,43,37,7.0,8.95,7.0
00-0030279,Keenan Allen,WR,LAC,2025,14,0,0,0.0,0,,0,3,3,20,0.1304,0.0741,38,30,5.2,4.14,5.2
00-0030279,Keenan Allen,WR,LAC,2025,15,0,0,0.0,0,,0,7,5,35,0.2692,0.1768,29,29,8.6,9.6,8.6
00-0030279,Keenan Allen,WR,LAC,2025,16,0,0,0.0,0,,0,5,5,31,0.1786,0.1152,33,26,9.4,8.21,9.4
00-0030279,Keenan Allen,WR,LAC,2025,17,0,0,0.0,0,,0,3,1,28,0.0968,0.1,22,23,2.7,5.57,2.7
00-0030279,Keenan Allen,WR,LAC,2025,18,0,0,0.0,0,,0,13,7,122,0.3421,0.3089,21,16,10.6,15.37,10.6
00-0030506,Travis Kelce,TE,KC,2025,1,0,0,0.0,0,,0,4,2,24,0.1053,0.0886,17,14,12.7,6.72,12.7
00-0030506,Travis Kelce,TE,KC,2025,2,0,0,0.0,0,,0,6,4,37,0.2069,0.1197,26,21,10.1,10.72,10.1
00-0030506,Travis Kelce,TE,KC,2025,3,0,0,0.0,0,,0,7,4,31,0.2,0.0972,28,24,6.6,11.0,6.6
00-0030506,Travis Kelce,TE,KC,2025,4,0,0,0.0,0,,0,5,5,16,0.1429,0.0618,32,30,9.8,7.17,9.8
00-0030506,Travis Kelce,TE,KC,2025,5,0,0,0.0,0,,0,8,7,33,0.2,0.0823,22,22,19.1,14.95,19.1
00-0030506,Travis Kelce,TE,KC,2025,6,0,0,0.0,0,,0,7,6,52,0.25,0.3377,29,23,13.8,11.37,13.8
00-0030506,Travis Kelce,TE,KC,2025,7,0,0,0.0,0,,0,3,3,22,0.0882,0.1063,41,39,8.4,4.84,8.4
00-0030506,Travis Kelce,TE,KC,2025,8,0,0,0.0,0,,0,8,6,53,0.25,0.242,30,25,21.9,13.97,21.9
00-0030506,Travis Kelce,TE,KC,2025,9,0,0,0.0,0,,0,5,4,53,0.1724,0.1075,20,17,12.6,11.04,12.6
00-0030506,Travis Kelce,TE,KC,2025,11,0,0,0.0,0,,0,13,9,61,0.3023,0.1883,14,16,24.1,19.49,24.1
00-0030506,Travis Kelce,TE,KC,2025,12,0,0,0.0,0,,1,6,4,76,0.1395,0.2165,41,44,8.4,12.38,8.4
00-0030506,Travis Kelce,TE,KC,2025,13,0,0,0.0,0,,0,6,5,57,0.1875,0.2375,23,20,15.5,13.83,15.5
00-0030506,Travis Kelce,TE,KC,2025,14,0,0,0.0,0,,0,5,1,39,0.1724,0.1349,29,22,1.8,7.09,1.8
00-0030506,Travis Kelce,TE,KC,2025,15,0,0,0.0,0,,0,9,7,70,0.3,0.28,21,20,14.0,12.54,14.0
00-0030506,Travis Kelce,TE,KC,2025,16,0,0,0.0,0,,0,4,1,22,0.1818,0.1964,15,18,1.6,5.51,1.6
00-0030506,Travis Kelce,TE,KC,2025,17,0,0,0.0,0,,0,6,5,41,0.3,0.3661,19,19,8.6,7.26,8.6
00-0030506,Travis Kelce,TE,KC,2025,18,0,0,0.0,0,,0,6,3,48,0.2,0.2152,23,26,4.2,8.52,4.2
00-0030564,DeAndre Hopkins,WR,BAL,2025,1,0,0,0.0,0,,0,2,2,33,0.1053,0.1908,29,23,11.5,4.22,11.5
00-0030564,DeAndre Hopkins,WR,BAL,2025,2,0,0,0.0,0,,0,2,2,64,0.0714,0.2344,21,17,14.4,6.32,14.4
00-0030564,DeAndre Hopkins,WR,BAL,2025,3,0,0,0.0,0,,0,2,1,24,0.0714,0.0845,19,16,2.3,3.42,2.3
00-0030564,DeAndre Hopkins,WR,BAL,2025,4,0,0,0.0,0,,0,1,0,20,0.0333,0.1266,17,18,0.0,1.46,0.0
00-0030564,DeAndre Hopkins,WR,BAL,2025,5,0,0,0.0,0,,0,2,2,23,0.1,0.1411,19,21,6.6,2.7,6.6
00-0030564,DeAndre Hopkins,WR,BAL,2025,6,0,0,0.0,0,,0,4,2,58,0.125,0.2661,37,36,4.0,5.53,4.0
00-0030564,DeAndre Hopkins,WR,BAL,2025,8,0,0,0.0,0,,0,1,1,12,0.0455,0.0574,35,26,2.4,1.69,2.4
00-0030564,DeAndre Hopkins,WR,BAL,2025,9,0,0,0.0,0,,0,1,0,40,0.0435,0.1932,31,28,0.0,2.57,0.0
00-0030564,DeAndre Hopkins,WR,BAL,2025,10,0,0,0.0,0,,0,4,2,13,0.1429,0.1092,36,30,3.6,7.89,3.6
00-0030564,DeAndre Hopkins,WR,BAL,2025,11,0,0,0.0,0,,0,4,1,61,0.16,0.3065,30,29,2.1,6.2,2.1
00-0030564,DeAndre Hopkins,WR,BAL,2025,12,0,0,0.0,0,,0,3,2,30,0.15,0.1339,34,26,3.3,5.92,3.3
00-0030564,DeAndre Hopkins,WR,BAL,2025,13,0,0,0.0,0,,0,3,2,31,0.1,0.0814,22,19,4.5,4.95,4.5
00-0030564,DeAndre Hopkins,WR,BAL,2025,14,0,0,0.0,0,,0,1,0,27,0.0303,0.1051,40,35,0.0,1.53,0.0
00-0030564,DeAndre Hopkins,WR,BAL,2025,15,0,0,0.0,0,,0,1,1,8,0.0833,0.062,24,21,4.2,1.74,4.2
00-0030564,DeAndre Hopkins,WR,BAL,2025,16,0,0,0.0,0,,0,5,4,46,0.25,0.269,33,29,8.1,7.14,8.1
00-0030564,DeAndre Hopkins,WR,BAL,2025,17,0,0,0.0,0,,0,1,0,16,0.05,0.2,53,49,0.0,1.6,0.0
00-0030564,DeAndre Hopkins,WR,BAL,2025,18,0,0,0.0,0,,0,2,0,7,0.1176,0.0395,27,24,0.0,2.6,0.0
00-0030565,Geno Smith,QB,LV,2025,1,34,24,14.945,4,9.62,2,0,0,0.0,0.0,0.0,24,24,17.5,14.36,17.48
00-0030565,Geno Smith,QB,LV,2025,2,43,24,-23.068,3,-15.258,5,0,0,0.0,0.0,0.0,19,20,3.2,19.88,3.2
00-0030565,Geno Smith,QB,LV,2025,3,29,19,12.241,5,11.681,2,0,0,0.0,0.0,0.0,28,26,26.1,12.92,26.06
00-0030565,Geno Smith,QB,LV,2025,4,21,14,-9.614,0,-3.583,4,0,0,0.0,0.0,0.0,31,28,9.8,11.32,9.78
00-0030565,Geno Smith,QB,LV,2025,5,36,25,-10.903,4,-0.314,3,0,0,0.0,0.0,0.0,25,26,5.9,15.95,5.92
00-0030565,Geno Smith,QB,LV,2025,6,23,17,0.569,2,2.76,4,0,0,0.0,0.0,0.0,32,30,8.7,10.11,8.66
00-0030565,Geno Smith,QB,LV,2025,7,16,10,-9.71,1,-7.967,2,0,0,0.0,0.0,0.0,11,11,2.8,4.06,2.78
00-0030565,Geno Smith,QB,LV,2025,9,39,29,11.396,2,1.53,5,0,0,0.0,0.0,0.0,19,19,26.3,22.94,26.26
00-0030565,Geno Smith,QB,LV,2025,10,26,16,-16.32,6,-6.651,3,0,0,0.0,0.0,0.0,25,24,4.4,8.06,4.42
00-0030565,Geno Smith,QB,LV,2025,11,42,27,-14.232,4,-3.226,4,0,0,0.0,0.0,0.0,12,16,12.9,18.6,12.92
00-0030565,Geno Smith,QB,LV,2025,12,44,30,-20.259,10,0.547,3,0,0,0.0,0.0,0.0,21,29,14.2,16.68,16.2
00-0030565,Geno Smith,QB,LV,2025,13,23,18,-2.136,5,12.157,2,0,0,0.0,0.0,0.0,18,22,12.0,12.78,12.0
00-0030565,Geno Smith,QB,LV,2025,14,21,13,-2.685,3,5.48,1,0,0,0.0,0.0,0.0,12,13,9.0,8.05,9.04
00-0030565,Geno Smith,QB,LV,2025,16,23,16,1.66,3,4.943,0,0,0,0.0,0.0,0.0,27,27,14.0,7.42,14.04
00-0030565,Geno Smith,QB,LV,2025,17,28,20,-4.807,3,7.476,1,0,0,0.0,0.0,0.0,20,19,7.1,12.47,7.14
00-0031236,Brandin Cooks,WR,NO,2025,1,0,0,0.0,0,,0,4,3,18,0.0976,0.0536,22,20,5.6,5.95,5.6
00-0031236,Brandin Cooks,WR,NO,2025,2,0,0,0.0,0,,0,2,2,25,0.0588,0.1,30,33,4.6,2.47,4.6
00-0031236,Brandin Cooks,WR,NO,2025,3,0,0,0.0,0,,0,5,3,85,0.122,0.245,27,28,5.4,6.47,5.4
00-0031236,Brandin Cooks,WR,NO,2025,4,0,0,0.0,0,,0,4,3,33,0.16,0.2661,34,30,5.2,7.09,5.2
00-0031236,Brandin Cooks,WR,NO,2025,5,0,0,0.0,0,,0,1,1,5,0.0323,0.0208,30,23,1.5,1.38,1.5
00-0031236,Brandin Cooks,WR,NO,2025,6,0,0,0.0,0,,0,1,1,21,0.0385,0.095,23,24,3.1,1.92,3.1
00-0031236,Brandin Cooks,WR,NO,2025,7,0,0,0.0,0,,0,1,1,3,0.0323,0.0078,17,16,1.3,1.32,1.3
00-0031236,Brandin Cooks,WR,NO,2025,8,0,0,0.0,0,,0,4,3,14,0.08,0.0334,15,11,5.2,5.6,5.2
00-0031236,Brandin Cooks,WR,NO,2025,9,0,0,0.0,0,,0,3,2,27,0.125,0.1239,14,11,3.6,4.34,3.6
00-0031236,Brandin Cooks,WR,BUF,2025,13,0,0,0.0,0,,0,1,1,13,0.0435,0.3333,51,49,2.3,0.91,2.3
00-0031236,Brandin Cooks,WR,BUF,2025,15,0,0,0.0,0,,0,3,0,109,0.1154,0.4037,37,32,0.0,6.58,0.0
00-0031236,Brandin Cooks,WR,BUF,2025,16,0,0,0.0,0,,0,1,0,27,0.0556,0.2231,29,25,0.0,1.7,0.0
00-0031236,Brandin Cooks,WR,BUF,2025,17,0,0,0.0,0,,0,6,4,136,0.1818,0.5418,33,31,14.1,10.6,14.1
00-0031237,Teddy Bridgewater,QB,TB,2025,7,0,0,0.0,0,,1,0,0,0.0,0.0,0.0,12,16,-0.1,-0.1,-0.1
00-0031237,Teddy Bridgewater,QB,TB,2025,11,0,0,0.0,0,,1,0,0,0.0,0.0,0.0,39,33,-0.1,-0.1,-0.1
00-0031237,Teddy Bridgewater,QB,TB,2025,12,15,8,-12.499,2,-16.294,1,0,0,0.0,0.0,0.0,29,24,3.1,6.85,3.08
00-0031345,Jimmy Garoppolo,QB,LA,2025,7,0,0,0.0,0,,3,0,0,0.0,0.0,0.0,29,27,-0.3,-0.3,-0.3
00-0031345,Jimmy Garoppolo,QB,LA,2025,14,0,0,0.0,0,,3,0,0,0.0,0.0,0.0,36,36,-0.4,-0.3,-0.4
00-0031345,Jimmy Garoppolo,QB,LA,2025,18,0,0,0.0,0,,3,0,0,0.0,0.0,0.0,31,29,-0.3,-0.3,-0.3
00-0031381,Davante Adams,WR,LA,2025,1,0,0,0.0,0,,0,8,4,70,0.2857,0.3097,25,21,9.1,12.92,9.1
00-0031381,Davante Adams,WR,LA,2025,2,0,0,0.0,0,,0,13,6,138,0.4062,0.5267,25,24,22.6,30.11,22.6
00-0031381,Davante Adams,WR,LA,2025,3,0,0,0.0,0,,0,8,3,125,0.2424,0.4664,31,30,14.6,16.9,14.6
00-0031381,Davante Adams,WR,LA,2025,4,0,0,0.0,0,,0,6,4,69,0.15,0.2018,26,27,15.6,10.37,15.6
00-0031381,Davante Adams,WR,LA,2025,5,0,0,0.0,0,,0,11,5,171,0.2391,0.3239,16,23,13.8,20.09,13.8
00-0031381,Davante Adams,WR,LA,2025,6,0,0,0.0,0,,0,9,4,95,0.3462,0.4148,23,20,7.9,19.13,7.9
00-0031381,Davante Adams,WR,LA,2025,7,0,0,0.0,0,,0,8,5,91,0.2424,0.2507,29,27,26.5,21.14,26.5
00-0031381,Davante Adams,WR,LA,2025,9,0,0,0.0,0,,0,7,5,110,0.2258,0.3448,43,38,23.0,18.05,23.0
00-0031381,Davante Adams,WR,LA,2025,10,0,0,0.0,0,,0,8,6,131,0.2353,0.3946,30,29,19.7,18.97,19.7
00-0031381,Davante Adams,WR,LA,2025,11,0,0,0.0,0,,0,8,1,81,0.2963,0.5548,22,22,7.1,20.19,7.1
00-0031381,Davante Adams,WR,LA,2025,12,0,0,0.0,0,,0,8,5,95,0.2353,0.3815,19,20,23.2,20.66,23.2
00-0031381,Davante Adams,WR,LA,2025,13,0,0,0.0,0,,0,5,4,64,0.1852,0.2896,21,20,21.8,12.98,21.8
00-0031381,Davante Adams,WR,LA,2025,14,0,0,0.0,0,,0,6,4,42,0.1935,0.1883,36,36,6.9,13.94,6.9
00-0031381,Davante Adams,WR,LA,2025,15,0,0,0.0,0,,0,9,4,162,0.2368,0.3439,29,27,11.1,21.3,11.1
00-0031408,Mike Evans,WR,TB,2025,1,0,0,0.0,0,,0,8,5,106,0.2667,0.3174,23,22,10.1,14.77,10.1
00-0031408,Mike Evans,WR,TB,2025,2,0,0,0.0,0,,0,11,5,162,0.3056,0.5329,30,35,10.6,19.14,10.6
00-0031408,Mike Evans,WR,TB,2025,3,0,0,0.0,0,,0,9,4,65,0.3103,0.2802,34,35,13.3,16.04,13.3
00-0031408,Mike Evans,WR,TB,2025,7,0,0,0.0,0,,0,4,0,97,0.08,0.2029,12,16,0.0,8.79,0.0
00-0031408,Mike Evans,WR,TB,2025,15,0,0,0.0,0,,0,12,6,181,0.375,0.5042,22,23,19.2,22.4,19.2
00-0031408,Mike Evans,WR,TB,2025,16,0,0,0.0,0,,0,9,5,60,0.36,0.3974,33,30,14.1,19.32,14.1
00-0031408,Mike Evans,WR,TB,2025,17,0,0,0.0,0,,0,7,3,124,0.1591,0.3444,16,20,12.1,13.68,12.1
00-0031408,Mike Evans,WR,TB,2025,18,0,0,0.0,0,,0,2,2,29,0.0909,0.2042,42,40,5.4,3.42,5.4
00-0031484,Chris Manhertz,TE,NYG,2025,3,0,0,0.0,0,,0,1,1,1,0.0333,0.0035,27,29,1.7,1.3,1.7
00-0031484,Chris Manhertz,TE,NYG,2025,18,0,0,0.0,0,,0,1,0,10,0.0312,0.0543,32,35,0.0,2.23,0.0
00-0031503,Jameis Winston,QB,NYG,2025,11,29,19,6.4,2,0.501,3,0,0,0.0,0.0,0.0,38,40,11.0,13.08,13.04
00-0031503,Jameis Winston,QB,NYG,2025,12,36,18,10.52,1,-5.406,4,1,1,13,0.0294,0.0318,39,37,32.2,27.38,32.24
00-0031503,Jameis Winston,QB,NYG,2025,15,1,0,-1.528,0,-31.252,0,0,0,0.0,0.0,0.0,29,24,0.0,1.08,0.0
00-0031588,Stefon Diggs,WR,NE,2025,1,0,0,0.0,0,,0,7,6,61,0.1556,0.1728,18,21,11.7,9.62,11.7
00-0031588,Stefon Diggs,WR,NE,2025,2,0,0,0.0,0,,0,5,4,34,0.2174,0.2537,29,27,7.2,7.89,7.2
00-0031588,Stefon Diggs,WR,NE,2025,3,0,0,0.0,0,,0,3,3,12,0.0833,0.058,29,28,5.3,3.81,5.3
00-0031588,Stefon Diggs,WR,NE,2025,4,0,0,0.0,0,,0,7,6,91,0.4118,0.6026,29,25,16.1,14.05,16.1
00-0031588,Stefon Diggs,WR,NE,2025,5,0,0,0.0,0,,0,12,10,102,0.4286,0.4789,22,24,24.6,19.58,24.6
00-0031588,Stefon Diggs,WR,NE,2025,6,0,0,0.0,0,,0,3,3,14,0.125,0.0493,31,23,5.8,5.39,5.8
00-0031588,Stefon Diggs,WR,NE,2025,7,0,0,0.0,0,,0,7,7,49,0.2917,0.2487,36,27,13.9,10.45,13.9
00-0031588,Stefon Diggs,WR,NE,2025,8,0,0,0.0,0,,0,5,3,16,0.2174,0.0578,35,27,10.4,11.83,10.4
00-0031588,Stefon Diggs,WR,NE,2025,9,0,0,0.0,0,,0,4,3,65,0.1429,0.2097,33,30,12.8,6.91,12.8
00-0031588,Stefon Diggs,WR,NE,2025,10,0,0,0.0,0,,0,8,5,80,0.2759,0.2286,27,20,15.6,15.75,15.6
00-0031588,Stefon Diggs,WR,NE,2025,11,0,0,0.0,0,,0,11,9,105,0.3333,0.2632,27,27,19.5,17.36,19.5
00-0031588,Stefon Diggs,WR,NE,2025,12,0,0,0.0,0,,0,3,2,28,0.0909,0.0943,31,29,4.0,5.09,4.0
00-0031588,Stefon Diggs,WR,NE,2025,13,0,0,0.0,0,,0,4,3,12,0.1333,0.049,29,29,5.6,7.83,5.6
00-0031588,Stefon Diggs,WR,NE,2025,15,0,0,0.0,0,,0,4,3,22,0.1818,0.0902,25,25,5.6,6.1,5.6
00-0031588,Stefon Diggs,WR,NE,2025,16,0,0,0.0,0,,0,10,9,96,0.2381,0.2025,23,16,22.8,15.38,22.8
00-0031588,Stefon Diggs,WR,NE,2025,17,0,0,0.0,0,,0,6,6,61,0.24,0.2773,36,36,22.1,12.35,22.1
00-0031588,Stefon Diggs,WR,NE,2025,18,0,0,0.0,0,,0,3,3,23,0.15,0.0895,34,27,7.3,4.53,7.3
00-0031610,Darren Waller,TE,MIA,2025,4,0,0,0.0,0,,0,4,3,45,0.16,0.3285,31,27,17.7,10.85,17.7
00-0031610,Darren Waller,TE,MIA,2025,5,0,0,0.0,0,,0,5,5,58,0.1471,0.2021,14,19,18.8,11.72,18.8
00-0031610,Darren Waller,TE,MIA,2025,6,0,0,0.0,0,,0,3,2,30,0.1,0.1435,21,23,9.2,6.28,9.2
00-0031610,Darren Waller,TE,MIA,2025,13,0,0,0.0,0,,0,3,2,39,0.15,0.1681,32,28,6.7,6.63,6.7
00-0031610,Darren Waller,TE,MIA,2025,14,0,0,0.0,0,,1,3,1,38,0.1429,0.4,41,37,2.7,6.18,2.7
00-0031610,Darren Waller,TE,MIA,2025,15,0,0,0.0,0,,0,8,7,60,0.3077,0.3509,16,22,25.6,14.99,25.6
00-0031610,Darren Waller,TE,MIA,2025,16,0,0,0.0,0,,0,5,3,48,0.1724,0.1839,28,29,7.0,7.28,7.0
00-0031610,Darren Waller,TE,MIA,2025,17,0,0,0.0,0,,0,3,1,41,0.1364,0.2092,30,26,1.0,4.25,1.0
00-0031687,Raheem Mostert,RB,LV,2025,4,0,0,0.0,0,,4,1,1,2,0.05,0.0206,31,28,8.3,3.74,8.3
00-0031687,Raheem Mostert,RB,LV,2025,5,0,0,0.0,0,,7,0,0,0.0,0.0,0.0,25,26,2.2,3.79,2.2
00-0031687,Raheem Mostert,RB,LV,2025,6,0,0,0.0,0,,5,0,0,0.0,0.0,0.0,32,30,-0.4,2.81,-0.4
00-0031687,Raheem Mostert,RB,LV,2025,7,0,0,0.0,0,,0,1,1,1,0.0588,0.0196,11,11,1.2,1.27,1.2
00-0031687,Raheem Mostert,RB,LV,2025,9,0,0,0.0,0,,0,1,1,-3,0.0263,-0.0185,19,19,2.4,1.47,2.4
00-0031687,Raheem Mostert,RB,LV,2025,10,0,0,0.0,0,,1,1,1,-4,0.04,-0.0656,25,24,2.5,1.92,2.5
00-0031687,Raheem Mostert,RB,LV,2025,11,0,0,0.0,0,,2,2,2,-9,0.0513,-0.0409,12,16,3.3,3.82,3.3
00-0031687,Raheem Mostert,RB,LV,2025,12,0,0,0.0,0,,1,3,3,-1,0.0714,-0.0028,21,29,5.0,4.56,5.0
00-0031687,Raheem Mostert,RB,LV,2025,13,0,0,0.0,0,,1,0,0,0.0,0.0,0.0,18,22,0.6,0.61,0.6
00-0031687,Raheem Mostert,RB,LV,2025,14,0,0,0.0,0,,0,1,1,-2,0.0357,-0.0082,12,13,1.2,1.44,1.2
00-0031687,Raheem Mostert,RB,LV,2025,15,0,0,0.0,0,,0,1,1,1,0.04,0.0094,13,16,1.2,0.62,1.2
00-0031687,Raheem Mostert,RB,LV,2025,16,0,0,0.0,0,,1,1,1,-1,0.0455,-0.0053,27,27,1.9,2.18,1.9
00-0032104,Ameer Abdullah,RB,IND,2025,5,0,0,0.0,0,,2,0,0,0.0,0.0,0.0,25,27,6.6,4.68,6.6
00-0032104,Ameer Abdullah,RB,IND,2025,6,0,0,0.0,0,,1,1,1,-2,0.0333,-0.0098,27,27,2.6,2.16,2.6
00-0032104,Ameer Abdullah,RB,IND,2025,7,0,0,0.0,0,,2,1,1,5,0.0312,0.015,23,22,3.7,3.11,3.7
00-0032104,Ameer Abdullah,RB,IND,2025,8,0,0,0.0,0,,2,1,1,-3,0.0357,-0.0112,18,19,1.8,2.67,1.8
00-0032104,Ameer Abdullah,RB,IND,2025,9,0,0,0.0,0,,1,1,1,2,0.0208,0.0046,19,19,1.5,2.16,1.5
00-0032104,Ameer Abdullah,RB,IND,2025,10,0,0,0.0,0,,0,1,1,3,0.0385,0.0144,41,37,1.8,1.49,1.8
00-0032104,Ameer Abdullah,RB,IND,2025,12,0,0,0.0,0,,0,1,0,3,0.0323,0.0216,19,18,0.0,1.68,0.0
00-0032104,Ameer Abdullah,RB,IND,2025,14,0,0,0.0,0,,1,2,2,-5,0.0556,-0.0216,26,24,2.9,3.18,2.9
00-0032104,Ameer Abdullah,RB,IND,2025,15,0,0,0.0,0,,4,5,5,-5,0.1923,-0.0352,30,37,9.7,8.38,9.7
00-0032104,Ameer Abdullah,RB,IND,2025,16,0,0,0.0,0,,0,1,1,-2,0.0278,-0.0059,20,23,1.4,1.46,1.4
00-0032104,Ameer Abdullah,RB,IND,2025,17,0,0,0.0,0,,0,1,1,1,0.0345,0.0035,22,25,1.4,1.44,1.4
00-0032104,Ameer Abdullah,RB,IND,2025,18,0,0,0.0,0,,1,2,2,0.0,0.0606,0.0,28,28,4.5,2.98,4.5
00-0032211,Tyler Lockett,WR,TEN,2025,1,0,0,0.0,0,,0,1,0,16,0.04,0.0544,21,21,0.0,1.78,0.0
00-0032211,Tyler Lockett,WR,TEN,2025,2,0,0,0.0,0,,0,3,2,11,0.0968,0.0512,26,20,2.9,3.81,2.9
00-0032211,Tyler Lockett,WR,TEN,2025,3,0,0,0.0,0,,0,4,4,28,0.1176,0.1514,23,20,7.7,6.4,7.7
00-0032211,Tyler Lockett,WR,TEN,2025,4,0,0,0.0,0,,0,4,0,36,0.1739,0.1895,18,18,0.0,4.33,0.0
00-0032211,Tyler Lockett,WR,TEN,2025,5,0,0,0.0,0,,0,4,1,34,0.1081,0.0808,24,22,1.6,5.68,1.6
00-0032211,Tyler Lockett,WR,TEN,2025,6,0,0,0.0,0,,0,3,1,27,0.0882,0.1067,15,21,1.0,5.06,1.0
00-0032211,Tyler Lockett,WR,TEN,2025,7,0,0,0.0,0,,0,2,2,8,0.0625,0.0354,12,20,3.8,2.8,3.8
00-0032211,Tyler Lockett,WR,LV,2025,9,0,0,0.0,0,,0,1,0,6,0.0263,0.037,19,19,0.0,4.47,0.0
00-0032211,Tyler Lockett,WR,LV,2025,10,0,0,0.0,0,,0,6,5,26,0.24,0.4262,25,24,9.4,7.53,9.4
00-0032211,Tyler Lockett,WR,LV,2025,11,0,0,0.0,0,,0,3,3,23,0.0769,0.1045,12,16,6.3,4.39,6.3
00-0032211,Tyler Lockett,WR,LV,2025,12,0,0,0.0,0,,0,5,4,71,0.119,0.1967,21,29,10.2,6.08,10.2
00-0032211,Tyler Lockett,WR,LV,2025,13,0,0,0.0,0,,0,1,1,4,0.0455,0.0533,18,22,2.1,1.16,2.1
00-0032211,Tyler Lockett,WR,LV,2025,14,0,0,0.0,0,,0,4,3,42,0.1429,0.1721,12,13,7.1,5.58,7.1
00-0032211,Tyler Lockett,WR,LV,2025,15,0,0,0.0,0,,0,4,2,27,0.16,0.2547,13,16,3.0,4.66,3.0
00-0032211,Tyler Lockett,WR,LV,2025,16,0,0,0.0,0,,0,2,1,25,0.0909,0.1316,27,27,1.6,2.81,1.6
00-0032211,Tyler Lockett,WR,LV,2025,17,0,0,0.0,0,,0,3,2,18,0.1071,0.1078,20,19,8.9,6.07,8.9
00-0032211,Tyler Lockett,WR,LV,2025,18,0,0,0.0,0,,0,5,1,24,0.1923,0.1062,32,31,1.5,6.34,1.5
00-0032268,Marcus Mariota,QB,WAS,2025,3,21,15,10.782,1,14.573,6,0,0,0.0,0.0,0.0,32,24,20.3,19.3,20.28
00-0032268,Marcus Mariota,QB,WAS,2025,4,27,16,-0.046,2,3.143,2,0,0,0.0,0.0,0.0,22,19,16.2,14.59,16.24
00-0032268,Marcus Mariota,QB,WAS,2025,7,10,4,-14.072,2,-16.788,2,0,0,0.0,0.0,0.0,28,21,3.9,7.09,3.92
00-0032268,Marcus Mariota,QB,WAS,2025,8,30,21,-7.404,2,1.125,8,0,0,0.0,0.0,0.0,20,16,11.3,16.98,11.32
00-0032268,Marcus Mariota,QB,WAS,2025,10,22,16,10.924,2,14.25,5,0,0,0.0,0.0,0.0,27,23,18.7,17.24,18.72
00-0032268,Marcus Mariota,QB,WAS,2025,11,30,20,4.054,1,2.293,4,0,0,0.0,0.0,0.0,33,32,15.4,19.81,15.42
00-0032268,Marcus Mariota,QB,WAS,2025,13,50,28,-0.339,2,3.222,10,0,0,0.0,0.0,0.0,33,23,23.3,33.79,23.26
00-0032268,Marcus Mariota,QB,WAS,2025,14,4,2,-5.86,1,-16.685,2,0,0,0.0,0.0,0.0,23,18,-2.1,3.21,-2.1
00-0032268,Marcus Mariota,QB,WAS,2025,15,19,10,1.505,2,4.152,10,0,0,0.0,0.0,0.0,37,28,14.7,13.46,16.74
00-0032268,Marcus Mariota,QB,WAS,2025,16,14,7,-3.442,1,-4.743,1,0,0,0.0,0.0,0.0,26,27,3.7,7.96,3.7
00-0032385,Sterling Shepard,WR,TB,2025,1,0,0,0.0,0,,0,6,3,86,0.2,0.2575,23,22,6.9,10.44,6.9
00-0032385,Sterling Shepard,WR,TB,2025,2,0,0,0.0,0,,0,4,4,29,0.1111,0.0954,30,35,7.4,6.35,7.4
00-0032385,Sterling Shepard,WR,TB,2025,3,0,0,0.0,0,,0,5,4,39,0.1724,0.1681,34,35,12.0,9.57,12.0
00-0032385,Sterling Shepard,WR,TB,2025,4,0,0,0.0,0,,1,4,2,22,0.1026,0.069,26,30,4.0,6.35,4.0
00-0032385,Sterling Shepard,WR,TB,2025,5,0,0,0.0,0,,1,5,4,43,0.1562,0.1673,24,24,11.9,9.81,11.9
00-0032385,Sterling Shepard,WR,TB,2025,6,0,0,0.0,0,,0,3,2,41,0.1304,0.1715,26,26,7.1,5.28,7.1
00-0032385,Sterling Shepard,WR,TB,2025,7,0,0,0.0,0,,0,7,7,20,0.14,0.0418,12,16,7.5,9.94,7.5
00-0032385,Sterling Shepard,WR,TB,2025,8,0,0,0.0,0,,0,2,1,-1,0.0833,-0.0062,29,31,1.8,5.72,1.8
00-0032385,Sterling Shepard,WR,TB,2025,10,0,0,0.0,0,,1,4,3,48,0.093,0.1702,21,25,6.1,6.9,6.1
00-0032385,Sterling Shepard,WR,TB,2025,11,0,0,0.0,0,,1,5,4,52,0.1852,0.2653,39,33,10.1,9.33,10.1
00-0032385,Sterling Shepard,WR,TB,2025,12,0,0,0.0,0,,0,5,3,20,0.1613,0.0797,29,24,4.2,8.48,4.2
00-0032385,Sterling Shepard,WR,TB,2025,13,0,0,0.0,0,,0,2,1,50,0.0769,0.2404,27,26,1.5,4.9,1.5
00-0032385,Sterling Shepard,WR,TB,2025,14,0,0,0.0,0,,0,1,1,4,0.0357,0.0174,39,36,1.5,1.28,1.5
00-0032392,Austin Hooper,TE,NE,2025,1,0,0,0.0,0,,0,1,1,3,0.0222,0.0085,18,21,2.0,1.61,2.0
00-0032392,Austin Hooper,TE,NE,2025,2,0,0,0.0,0,,0,3,3,28,0.1304,0.209,29,27,6.8,5.59,6.8
00-0032392,Austin Hooper,TE,NE,2025,3,0,0,0.0,0,,0,3,2,34,0.0833,0.1643,29,28,4.8,4.98,4.8
00-0032392,Austin Hooper,TE,NE,2025,4,0,0,0.0,0,,0,1,1,-3,0.0588,-0.0199,29,25,3.4,1.4,3.4
00-0032392,Austin Hooper,TE,NE,2025,6,0,0,0.0,0,,0,1,1,4,0.0417,0.0141,31,23,1.5,1.19,1.5
00-0032392,Austin Hooper,TE,NE,2025,7,0,0,0.0,0,,0,2,2,10,0.0833,0.0508,36,27,9.1,4.98,9.1
00-0032392,Austin Hooper,TE,NE,2025,8,0,0,0.0,0,,0,2,2,23,0.087,0.083,35,27,5.8,3.47,5.8
00-0032392,Austin Hooper,TE,NE,2025,9,0,0,0.0,0,,0,1,1,16,0.0357,0.0516,33,30,3.0,1.89,3.0
00-0032392,Austin Hooper,TE,NE,2025,10,0,0,0.0,0,,0,1,0,15,0.0345,0.0429,27,20,0.0,1.78,0.0
00-0032392,Austin Hooper,TE,NE,2025,12,0,0,0.0,0,,0,4,3,39,0.1212,0.1313,31,29,6.9,10.27,6.9
00-0032392,Austin Hooper,TE,NE,2025,16,0,0,0.0,0,,0,4,2,54,0.0952,0.1139,23,16,5.4,7.8,5.4
00-0032392,Austin Hooper,TE,NE,2025,17,0,0,0.0,0,,0,2,2,8,0.08,0.0364,36,36,9.1,5.9,9.1
00-0032392,Austin Hooper,TE,NE,2025,18,0,0,0.0,0,,0,1,1,3,0.05,0.0117,34,27,1.5,1.22,1.5
00-0032398,Chris Moore,WR,WAS,2025,1,0,0,0.0,0,,0,1,1,34,0.0345,0.1219,32,23,4.4,1.22,4.4
00-0032398,Chris Moore,WR,WAS,2025,3,0,0,0.0,0,,0,2,2,17,0.1111,0.1076,32,24,4.5,3.23,4.5
00-0032398,Chris Moore,WR,WAS,2025,4,0,0,0.0,0,,1,3,0,45,0.125,0.1573,22,19,0.9,5.33,0.9
00-0032398,Chris Moore,WR,WAS,2025,5,0,0,0.0,0,,0,1,0,13,0.0435,0.0544,28,23,0.0,3.53,0.0
00-0032398,Chris Moore,WR,WAS,2025,6,0,0,0.0,0,,0,5,3,56,0.2083,0.2642,31,23,13.6,8.79,13.6
00-0032398,Chris Moore,WR,WAS,2025,7,0,0,0.0,0,,0,5,2,73,0.1613,0.231,28,21,7.9,7.86,7.9
00-0032398,Chris Moore,WR,WAS,2025,11,0,0,0.0,0,,0,5,2,86,0.1724,0.3891,33,32,4.8,10.63,4.8
00-0032398,Chris Moore,WR,WAS,2025,17,0,0,0.0,0,,0,1,1,8,0.0476,0.0479,16,15,2.5,1.5,2.5
00-0032434,Brandon Allen,QB,TEN,2025,18,30,17,-24.028,1,-13.082,0,0,0,0.0,0.0,0.0,19,27,0.9,6.88,0.88
00-0032464,Kalif Raymond,WR,DET,2025,1,0,0,0.0,0,,0,3,2,23,0.0789,0.1411,22,34,3.6,4.52,3.6
00-0032464,Kalif Raymond,WR,DET,2025,2,0,0,0.0,0,,1,1,1,14,0.0357,0.0511,30,30,3.3,2.73,3.3
00-0032464,Kalif Raymond,WR,DET,2025,3,0,0,0.0,0,,0,2,1,9,0.0769,0.0427,38,40,1.4,2.84,1.4
00-0032464,Kalif Raymond,WR,DET,2025,4,0,0,0.0,0,,0,3,2,16,0.12,0.0511,29,28,9.3,5.97,3.3
00-0032464,Kalif Raymond,WR,DET,2025,7,0,0,0.0,0,,0,3,3,5,0.1071,0.0318,32,35,4.7,4.87,4.7
00-0032464,Kalif Raymond,WR,DET,2025,9,0,0,0.0,0,,0,1,0,6,0.0278,0.0241,20,25,0.0,1.52,0.0
00-0032464,Kalif Raymond,WR,DET,2025,10,0,0,0.0,0,,1,4,4,21,0.125,0.1214,33,35,9.9,7.06,9.9
00-0032464,Kalif Raymond,WR,DET,2025,12,0,0,0.0,0,,0,2,2,25,0.0526,0.1131,20,34,5.7,3.59,5.7
00-0032464,Kalif Raymond,WR,DET,2025,15,0,0,0.0,0,,0,1,1,19,0.0263,0.0548,20,24,3.0,2.33,3.0
00-0032464,Kalif Raymond,WR,DET,2025,16,0,0,0.0,0,,0,5,4,14,0.0962,0.0444,12,21,16.2,7.54,16.2
00-0032464,Kalif Raymond,WR,DET,2025,17,0,0,0.0,0,,0,2,1,4,0.069,0.0201,30,31,1.5,2.57,1.5
00-0032464,Kalif Raymond,WR,DET,2025,18,0,0,0.0,0,,0,3,3,13,0.0833,0.052,27,31,8.2,5.1,8.2
00-0032688,Robbie Chosen,WR,WAS,2025,7,0,0,0.0,0,,0,4,4,31,0.129,0.0981,28,21,7.6,5.95,7.6
00-0032688,Robbie Chosen,WR,WAS,2025,10,0,0,0.0,0,,0,4,1,90,0.1818,0.3125,27,23,2.7,8.54,2.7
00-0032688,Robbie Chosen,WR,WAS,2025,11,0,0,0.0,0,,0,1,0,10,0.0345,0.0452,33,32,0.0,1.06,0.0
00-0032764,Derrick Henry,RB,BAL,2025,1,0,0,0.0,0,,18,1,1,5,0.0526,0.0289,29,23,29.2,10.32,29.2
00-0032764,Derrick Henry,RB,BAL,2025,2,0,0,0.0,0,,11,0,0,0.0,0.0,0.0,21,17,2.3,8.45,2.3
00-0032764,Derrick Henry,RB,BAL,2025,3,1,0,-0.459,0,-33.693,12,1,1,-2,0.0357,-0.007,19,16,10.7,15.46,10.7
00-0032764,Derrick Henry,RB,BAL,2025,4,0,0,0.0,0,,8,3,2,-2,0.1,-0.0127,17,18,7.8,8.61,7.8
00-0032764,Derrick Henry,RB,BAL,2025,5,0,0,0.0,0,,15,1,0,0.0,0.05,0.0,19,21,9.3,13.02,9.3
00-0032764,Derrick Henry,RB,BAL,2025,6,0,0,0.0,0,,24,2,1,8,0.0625,0.0367,37,36,14.0,18.13,14.0
00-0032764,Derrick Henry,RB,BAL,2025,8,0,0,0.0,0,,21,1,0,2,0.0455,0.0096,35,26,19.1,18.64,19.1
00-0032764,Derrick Henry,RB,BAL,2025,9,0,0,0.0,0,,19,1,1,1,0.0435,0.0048,31,28,13.1,15.36,13.1
00-0032764,Derrick Henry,RB,BAL,2025,10,0,0,0.0,0,,20,3,3,-2,0.1071,-0.0168,36,30,11.4,17.16,11.4
00-0032764,Derrick Henry,RB,BAL,2025,11,0,0,0.0,0,,18,2,2,3,0.08,0.0151,30,29,20.2,16.86,20.2
00-0032764,Derrick Henry,RB,BAL,2025,12,0,0,0.0,0,,21,2,2,4,0.1,0.0179,34,26,22.8,23.71,22.8
00-0032764,Derrick Henry,RB,BAL,2025,13,0,0,0.0,0,,10,1,1,2,0.0333,0.0052,22,19,17.4,6.26,17.4
00-0032764,Derrick Henry,RB,BAL,2025,14,0,0,0.0,0,,25,2,1,1,0.0606,0.0039,40,35,11.2,19.33,11.2
00-0032764,Derrick Henry,RB,BAL,2025,15,0,0,0.0,0,,11,0,0,0.0,0.0,0.0,24,21,10.0,6.18,10.0
00-0032764,Derrick Henry,RB,BAL,2025,16,0,0,0.0,0,,18,0,0,0.0,0.0,0.0,33,29,22.8,13.67,22.8
00-0032764,Derrick Henry,RB,BAL,2025,17,0,0,0.0,0,,36,0,0,0.0,0.0,0.0,53,49,45.6,30.07,45.6
00-0032764,Derrick Henry,RB,BAL,2025,18,0,0,0.0,0,,20,1,0,-8,0.0588,-0.0452,27,24,12.6,11.69,12.6
00-0032775,Demarcus Robinson,WR,SF,2025,4,0,0,0.0,0,,0,2,1,31,0.0541,0.1013,24,28,3.0,4.0,3.0
00-0032775,Demarcus Robinson,WR,SF,2025,5,0,0,0.0,0,,0,7,3,90,0.1458,0.3103,33,35,6.9,13.4,6.9
00-0032775,Demarcus Robinson,WR,SF,2025,6,0,0,0.0,0,,0,3,2,51,0.0811,0.1349,22,27,6.4,5.31,6.4
00-0032775,Demarcus Robinson,WR,SF,2025,7,0,0,0.0,0,,0,1,0,40,0.0417,0.303,39,40,0.0,2.2,0.0
00-0032775,Demarcus Robinson,WR,SF,2025,8,0,0,0.0,0,,0,3,2,21,0.0968,0.0658,10,11,4.5,5.65,4.5
00-0032775,Demarcus Robinson,WR,SF,2025,9,0,0,0.0,0,,0,1,0,4,0.0435,0.025,39,38,0.0,1.51,0.0
00-0032775,Demarcus Robinson,WR,SF,2025,10,0,0,0.0,0,,0,4,3,66,0.1026,0.234,21,29,6.4,6.95,6.4
00-0032775,Demarcus Robinson,WR,SF,2025,11,0,0,0.0,0,,0,2,1,37,0.08,0.1968,25,26,2.3,4.43,2.3
00-0032775,Demarcus Robinson,WR,SF,2025,12,0,0,0.0,0,,0,1,1,8,0.0312,0.041,38,39,1.8,1.64,1.8
00-0032775,Demarcus Robinson,WR,SF,2025,13,0,0,0.0,0,,1,1,0,8,0.0435,0.0301,33,32,0.6,2.25,0.6
00-0032775,Demarcus Robinson,WR,SF,2025,15,0,0,0.0,0,,0,2,2,34,0.0714,0.1355,38,32,5.6,3.45,5.6
00-0032775,Demarcus Robinson,WR,SF,2025,16,0,0,0.0,0,,0,2,2,23,0.0606,0.071,31,32,10.3,4.71,10.3
00-0032775,Demarcus Robinson,WR,SF,2025,17,0,0,0.0,0,,0,2,2,29,0.0606,0.1146,34,32,5.0,6.51,5.0
00-0032775,Demarcus Robinson,WR,SF,2025,18,0,0,0.0,0,,0,4,3,30,0.1481,0.2326,12,16,5.4,5.84,5.4
00-0032950,Carson Wentz,QB,MIN,2025,3,20,14,9.444,3,3.836,2,0,0,0.0,0.0,0.0,31,30,15.3,15.89,15.32
00-0032950,Carson Wentz,QB,MIN,2025,4,46,30,3.174,6,5.204,2,0,0,0.0,0.0,0.0,20,27,21.2,20.44,21.2
00-0032950,Carson Wentz,QB,MIN,2025,5,34,25,8.7,3,6.861,3,0,0,0.0,0.0,0.0,23,21,14.7,15.29,14.74
00-0032950,Carson Wentz,QB,MIN,2025,7,42,26,-2.277,2,-0.539,4,0,0,0.0,0.0,0.0,23,20,11.3,23.66,11.32
00-0032950,Carson Wentz,QB,MIN,2025,8,27,15,-12.74,5,-12.355,0,0,0,0.0,0.0,0.0,11,16,7.8,8.91,7.76
00-0033040,Tyreek Hill,WR,MIA,2025,1,0,0,0.0,0,,0,6,4,86,0.1935,0.3675,12,13,8.0,10.11,8.0
00-0033040,Tyreek Hill,WR,MIA,2025,2,0,0,0.0,0,,0,7,6,125,0.2188,0.498,15,21,16.9,10.8,16.9
00-0033040,Tyreek Hill,WR,MIA,2025,3,0,0,0.0,0,,0,10,5,148,0.303,0.7255,25,28,15.9,18.63,15.9
00-0033040,Tyreek Hill,WR,MIA,2025,4,0,0,0.0,0,,0,6,6,40,0.24,0.292,31,27,12.7,8.82,12.7
00-0033077,Dak Prescott,QB,DAL,2025,1,34,21,1.654,0,0.173,1,0,0,0.0,0.0,0.0,22,22,7.8,14.74,7.82
00-0033077,Dak Prescott,QB,DAL,2025,2,52,38,10.098,3,2.102,3,0,0,0.0,0.0,0.0,28,31,22.1,23.67,22.14
00-0033077,Dak Prescott,QB,DAL,2025,3,40,31,-1.896,2,10.855,0,0,0,0.0,0.0,0.0,20,27,12.0,21.12,12.04
00-0033077,Dak Prescott,QB,DAL,2025,4,40,31,22.431,1,13.671,1,0,0,0.0,0.0,0.0,26,28,31.0,22.74,30.96
00-0033077,Dak Prescott,QB,DAL,2025,5,29,18,11.849,1,-0.614,7,0,0,0.0,0.0,0.0,29,22,28.3,20.33,28.28
00-0033077,Dak Prescott,QB,DAL,2025,6,34,25,17.745,0,7.129,2,0,0,0.0,0.0,0.0,19,23,22.3,20.94,22.34
00-0033077,Dak Prescott,QB,DAL,2025,7,30,21,7.193,1,0.408,5,0,0,0.0,0.0,0.0,31,29,23.3,18.86,23.26
00-0033077,Dak Prescott,QB,DAL,2025,8,31,19,-4.384,2,-3.033,6,0,0,0.0,0.0,0.0,31,25,6.6,22.55,6.62
00-0033077,Dak Prescott,QB,DAL,2025,9,39,24,-4.503,5,-0.485,4,0,0,0.0,0.0,0.0,21,17,15.4,21.92,15.4
00-0033077,Dak Prescott,QB,DAL,2025,11,33,25,8.563,1,8.718,4,0,0,0.0,0.0,0.0,31,31,24.3,22.77,26.32
00-0033077,Dak Prescott,QB,DAL,2025,12,36,23,4.564,1,1.47,5,0,0,0.0,0.0,0.0,31,26,27.1,26.96,27.06
00-0033077,Dak Prescott,QB,DAL,2025,13,39,27,15.607,0,4.839,3,0,0,0.0,0.0,0.0,26,23,20.6,20.8,20.6
00-0033077,Dak Prescott,QB,DAL,2025,14,47,31,1.001,5,1.232,3,0,0,0.0,0.0,0.0,24,22,18.4,28.71,18.44
00-0033077,Dak Prescott,QB,DAL,2025,15,38,23,0.959,2,-4.064,1,0,0,0.0,0.0,0.0,29,30,12.0,19.2,11.96
00-0033077,Dak Prescott,QB,DAL,2025,16,30,21,12.773,1,3.986,2,0,0,0.0,0.0,0.0,23,21,19.2,18.73,19.16
00-0033077,Dak Prescott,QB,DAL,2025,17,37,19,11.738,6,-10.962,4,0,0,0.0,0.0,0.0,44,41,22.7,22.4,22.68
00-0033077,Dak Prescott,QB,DAL,2025,18,11,7,-1.043,0,-4.376,2,0,0,0.0,0.0,0.0,30,26,0.7,9.48,0.7
00-0033090,Hunter Henry,TE,NE,2025,1,0,0,0.0,0,,0,8,4,117,0.1778,0.3314,18,21,10.6,13.51,10.6
00-0033090,Hunter Henry,TE,NE,2025,2,0,0,0.0,0,,0,3,1,12,0.1304,0.0896,29,27,1.9,6.54,1.9
00-0033090,Hunter Henry,TE,NE,2025,3,0,0,0.0,0,,0,11,8,67,0.3056,0.3237,29,28,29.0,20.77,29.0
00-0033090,Hunter Henry,TE,NE,2025,4,0,0,0.0,0,,0,2,2,12,0.1176,0.0795,29,25,11.9,5.08,11.9
00-0033090,Hunter Henry,TE,NE,2025,5,0,0,0.0,0,,0,4,2,71,0.1429,0.3333,22,24,6.6,10.24,6.6
00-0033090,Hunter Henry,TE,NE,2025,6,0,0,0.0,0,,0,3,3,13,0.125,0.0458,31,23,5.7,4.68,5.7
00-0033090,Hunter Henry,TE,NE,2025,7,0,0,0.0,0,,0,5,4,24,0.2083,0.1218,36,27,7.3,7.28,7.3
00-0033090,Hunter Henry,TE,NE,2025,8,0,0,0.0,0,,0,1,1,1,0.0435,0.0036,35,27,7.7,2.31,7.7
00-0033090,Hunter Henry,TE,NE,2025,9,0,0,0.0,0,,0,6,4,50,0.2143,0.1613,33,30,9.1,9.77,9.1
00-0033090,Hunter Henry,TE,NE,2025,10,0,0,0.0,0,,0,4,1,38,0.1379,0.1086,27,20,1.9,6.59,1.9
00-0033090,Hunter Henry,TE,NE,2025,11,0,0,0.0,0,,0,6,4,50,0.1818,0.1253,27,27,8.5,11.53,8.5
00-0033090,Hunter Henry,TE,NE,2025,12,0,0,0.0,0,,0,10,7,77,0.303,0.2593,31,29,24.5,21.09,24.5
00-0033090,Hunter Henry,TE,NE,2025,13,0,0,0.0,0,,0,6,4,50,0.2,0.2041,29,29,11.3,13.88,11.3
00-0033090,Hunter Henry,TE,NE,2025,15,0,0,0.0,0,,0,3,1,34,0.1364,0.1393,25,25,2.8,5.21,2.8
00-0033090,Hunter Henry,TE,NE,2025,16,0,0,0.0,0,,0,7,6,48,0.1667,0.1013,23,16,15.5,14.7,15.5
00-0033090,Hunter Henry,TE,NE,2025,17,0,0,0.0,0,,0,3,3,20,0.12,0.0909,36,36,13.9,7.32,13.9
00-0033090,Hunter Henry,TE,NE,2025,18,0,0,0.0,0,,0,5,5,26,0.25,0.1012,34,27,10.6,8.21,10.6
00-0033106,Jared Goff,QB,DET,2025,1,39,31,1.374,4,11.339,1,0,0,0.0,0.0,0.0,22,34,10.9,13.14,10.9
00-0033106,Jared Goff,QB,DET,2025,2,28,23,24.103,0,14.942,1,0,0,0.0,0.0,0.0,30,30,34.0,19.49,33.96
00-0033106,Jared Goff,QB,DET,2025,3,28,20,14.25,0,12.977,4,0,0,0.0,0.0,0.0,38,40,12.7,14.35,12.68
00-0033106,Jared Goff,QB,DET,2025,4,27,16,-1.022,0,-0.491,0,0,0,0.0,0.0,0.0,29,28,12.7,14.22,12.72
00-0033106,Jared Goff,QB,DET,2025,5,23,19,11.64,4,15.936,2,0,0,0.0,0.0,0.0,33,33,20.1,9.97,22.12
00-0033106,Jared Goff,QB,DET,2025,6,29,23,6.713,1,14.184,1,0,0,0.0,0.0,0.0,23,24,16.8,11.4,16.7
00-0033106,Jared Goff,QB,DET,2025,7,29,20,-8.635,4,-1.298,2,0,0,0.0,0.0,0.0,32,35,10.3,13.03,12.34
00-0033106,Jared Goff,QB,DET,2025,9,37,25,4.129,5,-2.516,0,0,0,0.0,0.0,0.0,20,25,19.4,15.8,19.36
00-0033106,Jared Goff,QB,DET,2025,10,33,25,25.344,0,14.491,0,0,0,0.0,0.0,0.0,33,35,24.8,17.02,24.8
00-0033106,Jared Goff,QB,DET,2025,11,37,14,-14.263,2,-30.071,1,0,0,0.0,0.0,0.0,21,24,12.1,12.15,12.1
00-0033106,Jared Goff,QB,DET,2025,12,42,28,-6.873,3,-2.888,0,0,0,0.0,0.0,0.0,20,34,17.2,18.67,17.16
00-0033106,Jared Goff,QB,DET,2025,13,26,20,9.495,3,4.297,1,0,0,0.0,0.0,0.0,30,33,20.6,13.18,20.64
00-0033106,Jared Goff,QB,DET,2025,14,34,25,12.198,1,9.59,2,0,0,0.0,0.0,0.0,22,26,16.2,15.06,16.16
00-0033106,Jared Goff,QB,DET,2025,15,41,25,12.802,1,-0.594,0,0,0,0.0,0.0,0.0,20,24,25.5,24.13,25.2
00-0033106,Jared Goff,QB,DET,2025,16,54,34,10.852,3,-7.189,1,0,0,0.0,0.0,0.0,12,21,26.5,31.78,26.46
00-0033106,Jared Goff,QB,DET,2025,17,29,18,-7.943,5,-9.007,3,0,0,0.0,0.0,0.0,30,31,2.1,13.24,4.08
00-0033106,Jared Goff,QB,DET,2025,18,42,27,12.297,2,5.419,0,0,0,0.0,0.0,0.0,27,31,15.2,19.81,15.24
00-0033110,Tyler Higbee,TE,LA,2025,2,0,0,0.0,0,,0,4,4,-4,0.125,-0.0153,25,24,7.7,6.31,7.7
00-0033110,Tyler Higbee,TE,LA,2025,3,0,0,0.0,0,,0,2,0,8,0.0606,0.0299,31,30,0.0,4.21,0.0
00-0033110,Tyler Higbee,TE,LA,2025,4,0,0,0.0,0,,0,5,2,45,0.125,0.1316,26,27,4.5,8.21,4.5
00-0033110,Tyler Higbee,TE,LA,2025,6,0,0,0.0,0,,0,4,4,25,0.1538,0.1092,23,20,14.0,7.76,14.0
00-0033110,Tyler Higbee,TE,LA,2025,7,0,0,0.0,0,,0,6,3,44,0.1818,0.1212,29,27,4.9,9.73,4.9
00-0033110,Tyler Higbee,TE,LA,2025,9,0,0,0.0,0,,0,4,3,6,0.129,0.0188,43,38,10.3,9.47,10.3
00-0033110,Tyler Higbee,TE,LA,2025,10,0,0,0.0,0,,0,3,3,11,0.0882,0.0331,30,29,6.3,4.03,6.3
00-0033110,Tyler Higbee,TE,LA,2025,11,0,0,0.0,0,,0,2,1,1,0.0741,0.0068,22,22,3.3,5.2,3.3
00-0033110,Tyler Higbee,TE,LA,2025,18,0,0,0.0,0,,0,6,5,82,0.1622,0.2284,31,29,20.1,12.87,20.1
00-0033119,Jacoby Brissett,QB,ARI,2025,2,0,0,0.0,0,,1,0,0,0.0,0.0,0.0,22,19,0.2,0.22,0.2
00-0033119,Jacoby Brissett,QB,ARI,2025,5,1,0,-0.779,0,-67.046,0,0,0,0.0,0.0,0.0,29,31,0.0,0.37,0.0
00-0033119,Jacoby Brissett,QB,ARI,2025,6,44,27,6.258,2,4.625,3,0,0,0.0,0.0,0.0,24,24,20.7,24.41,20.7
00-0033119,Jacoby Brissett,QB,ARI,2025,7,36,25,1.036,6,4.731,6,0,0,0.0,0.0,0.0,28,27,19.8,19.09,21.76
00-0033119,Jacoby Brissett,QB,ARI,2025,9,31,21,7.01,5,7.376,5,0,0,0.0,0.0,0.0,29,26,24.8,22.12,24.84
00-0033119,Jacoby Brissett,QB,ARI,2025,10,44,22,-11.872,5,-9.891,4,0,0,0.0,0.0,0.0,23,21,19.4,31.93,23.42
00-0033119,Jacoby Brissett,QB,ARI,2025,11,57,47,9.213,0,12.436,2,0,0,0.0,0.0,0.0,14,23,21.9,25.85,21.88
00-0033119,Jacoby Brissett,QB,ARI,2025,12,49,33,-8.522,6,3.114,3,0,0,0.0,0.0,0.0,20,22,18.7,21.42,18.68
00-0033119,Jacoby Brissett,QB,ARI,2025,13,40,29,5.769,2,11.052,3,0,0,0.0,0.0,0.0,19,24,19.6,18.87,19.64
00-0033119,Jacoby Brissett,QB,ARI,2025,14,44,25,-3.289,3,-8.447,4,0,0,0.0,0.0,0.0,14,15,19.0,21.47,19.04
00-0033119,Jacoby Brissett,QB,ARI,2025,15,40,27,-1.791,2,1.155,3,0,0,0.0,0.0,0.0,21,24,20.6,19.91,20.56
00-0033119,Jacoby Brissett,QB,ARI,2025,16,31,16,-2.396,2,-13.593,1,0,0,0.0,0.0,0.0,23,22,10.6,15.09,10.62
00-0033119,Jacoby Brissett,QB,ARI,2025,17,37,21,-0.767,4,-5.669,0,0,0,0.0,0.0,0.0,13,17,16.5,12.0,16.48
00-0033119,Jacoby Brissett,QB,ARI,2025,18,31,22,-3.087,6,13.315,3,0,0,0.0,0.0,0.0,15,18,15.6,14.3,17.62
00-0033217,Mo Alie-Cox,TE,IND,2025,1,0,0,0.0,0,,0,1,1,2,0.0345,0.0102,40,34,3.0,1.49,3.0
00-0033217,Mo Alie-Cox,TE,IND,2025,2,0,0,0.0,0,,0,1,1,0.0,0.0303,0.0,32,27,1.8,1.65,1.8
00-0033217,Mo Alie-Cox,TE,IND,2025,6,0,0,0.0,0,,0,2,1,9,0.0667,0.0441,27,27,2.6,3.45,2.6
00-0033217,Mo Alie-Cox,TE,IND,2025,7,0,0,0.0,0,,0,2,1,0.0,0.0625,0.0,23,22,1.6,3.56,1.6
00-0033217,Mo Alie-Cox,TE,IND,2025,9,0,0,0.0,0,,0,1,0,13,0.0208,0.0301,19,19,0.0,4.53,0.0
00-0033217,Mo Alie-Cox,TE,IND,2025,10,0,0,0.0,0,,0,1,0,15,0.0385,0.0718,41,37,0.0,2.43,0.0
00-0033217,Mo Alie-Cox,TE,IND,2025,12,0,0,0.0,0,,0,1,1,5,0.0323,0.036,19,18,1.9,1.53,1.9
00-0033217,Mo Alie-Cox,TE,IND,2025,14,0,0,0.0,0,,0,2,0,20,0.0556,0.0862,26,24,0.0,2.73,0.0
00-0033217,Mo Alie-Cox,TE,IND,2025,16,0,0,0.0,0,,0,2,2,3,0.0556,0.0089,20,23,3.6,3.38,3.6
00-0033217,Mo Alie-Cox,TE,IND,2025,17,0,0,0.0,0,,0,3,3,15,0.1034,0.0521,22,25,11.0,7.03,11.0
00-0033217,Mo Alie-Cox,TE,IND,2025,18,0,0,0.0,0,,0,4,3,11,0.1212,0.0346,28,28,5.2,5.59,5.2
00-0033246,Johnny Mundt,TE,JAX,2025,1,0,0,0.0,0,,0,1,0,-3,0.0345,-0.0135,32,29,0.0,1.74,0.0
00-0033246,Johnny Mundt,TE,JAX,2025,3,0,0,0.0,0,,0,1,1,2,0.0263,0.0063,24,23,1.7,1.42,1.7
00-0033246,Johnny Mundt,TE,JAX,2025,4,0,0,0.0,0,,0,1,0,9,0.0333,0.0459,32,26,0.0,1.85,0.0
00-0033246,Johnny Mundt,TE,JAX,2025,5,0,0,0.0,0,,0,1,1,5,0.04,0.0239,26,20,1.7,1.53,1.7
00-0033246,Johnny Mundt,TE,JAX,2025,6,0,0,0.0,0,,0,2,1,11,0.0476,0.0344,19,22,2.4,3.08,2.4
00-0033246,Johnny Mundt,TE,JAX,2025,7,0,0,0.0,0,,0,4,1,23,0.0851,0.0441,19,15,1.9,5.42,1.9
00-0033246,Johnny Mundt,TE,JAX,2025,10,0,0,0.0,0,,0,2,1,15,0.087,0.1027,27,24,3.1,3.16,3.1
00-0033246,Johnny Mundt,TE,JAX,2025,11,0,0,0.0,0,,0,3,2,2,0.1364,0.0103,47,42,4.5,4.32,4.5
00-0033246,Johnny Mundt,TE,JAX,2025,12,0,0,0.0,0,,0,2,1,10,0.0667,0.0369,28,26,2.2,3.05,2.2
00-0033246,Johnny Mundt,TE,JAX,2025,17,0,0,0.0,0,,0,1,0,20,0.027,0.0552,29,22,0.0,2.17,0.0
00-0033246,Johnny Mundt,TE,JAX,2025,18,0,0,0.0,0,,0,1,1,6,0.0323,0.0203,24,20,2.6,1.61,2.6
00-0033280,Christian McCaffrey,RB,SF,2025,1,0,0,0.0,0,,22,10,9,20,0.2941,0.0769,36,41,23.2,27.69,23.2
00-0033280,Christian McCaffrey,RB,SF,2025,2,0,0,0.0,0,,13,7,6,22,0.1842,0.0866,26,26,22.7,19.0,22.7
00-0033280,Christian McCaffrey,RB,SF,2025,3,0,0,0.0,0,,17,15,10,35,0.3947,0.1133,20,29,24.0,38.04,24.0
00-0033280,Christian McCaffrey,RB,SF,2025,4,0,0,0.0,0,,17,11,6,50,0.2973,0.1634,24,28,26.1,28.41,24.1
00-0033280,Christian McCaffrey,RB,SF,2025,5,0,0,0.0,0,,22,9,8,24,0.1875,0.0828,33,35,27.9,29.41,27.9
00-0033280,Christian McCaffrey,RB,SF,2025,6,0,0,0.0,0,,17,8,7,21,0.2162,0.0556,22,27,24.1,24.63,24.1
00-0033280,Christian McCaffrey,RB,SF,2025,7,0,0,0.0,0,,24,8,7,12,0.3333,0.0909,39,40,39.1,28.58,39.1
00-0033280,Christian McCaffrey,RB,SF,2025,8,0,0,0.0,0,,8,6,3,15,0.1935,0.047,10,11,9.8,12.01,9.8
00-0033280,Christian McCaffrey,RB,SF,2025,9,0,0,0.0,0,,28,6,5,8,0.2609,0.05,39,38,34.3,28.04,34.3
00-0033280,Christian McCaffrey,RB,SF,2025,10,0,0,0.0,0,,12,10,8,28,0.2564,0.0993,21,29,17.6,22.17,17.6
00-0033280,Christian McCaffrey,RB,SF,2025,11,0,0,0.0,0,,13,6,5,18,0.24,0.0957,25,26,35.1,24.1,35.1
00-0033280,Christian McCaffrey,RB,SF,2025,12,0,0,0.0,0,,24,7,7,1,0.2188,0.0051,38,39,27.2,25.64,27.2
00-0033280,Christian McCaffrey,RB,SF,2025,13,1,0,-0.771,0,,20,4,4,-4,0.1739,-0.015,33,32,17.4,29.15,17.4
00-0033280,Christian McCaffrey,RB,SF,2025,15,0,0,0.0,0,,22,1,1,3,0.0357,0.012,38,32,15.7,24.66,15.7
00-0033280,Christian McCaffrey,RB,SF,2025,16,0,0,0.0,0,,21,8,6,52,0.2424,0.1605,31,32,32.6,32.22,32.6
00-0033280,Christian McCaffrey,RB,SF,2025,17,0,0,0.0,0,,23,6,4,8,0.1818,0.0316,34,32,28.1,24.89,28.1
00-0033280,Christian McCaffrey,RB,SF,2025,18,0,0,0.0,0,,8,7,6,22,0.2593,0.1705,12,16,11.7,15.28,11.7
00-0033282,Curtis Samuel,WR,BUF,2025,4,0,0,0.0,0,,0,2,1,47,0.0909,0.2098,32,27,1.9,3.09,1.9
00-0033282,Curtis Samuel,WR,BUF,2025,5,0,0,0.0,0,,0,2,2,19,0.0667,0.0772,29,19,10.6,4.88,10.6
00-0033282,Curtis Samuel,WR,BUF,2025,9,0,0,0.0,0,,0,1,1,2,0.04,0.015,35,32,1.6,1.36,1.6
00-0033282,Curtis Samuel,WR,BUF,2025,10,0,0,0.0,0,,0,1,1,16,0.0256,0.0396,22,24,3.1,1.61,3.1
00-0033282,Curtis Samuel,WR,BUF,2025,11,0,0,0.0,0,,0,3,2,61,0.1,0.1763,23,22,3.9,5.35,3.9
00-0033288,George Kittle,TE,SF,2025,1,0,0,0.0,0,,0,4,4,22,0.1176,0.0846,36,41,12.5,8.02,12.5
00-0033288,George Kittle,TE,SF,2025,7,0,0,0.0,0,,0,2,0,17,0.0833,0.1288,39,40,0.0,3.3,0.0
00-0033288,George Kittle,TE,SF,2025,8,0,0,0.0,0,,0,5,4,25,0.1613,0.0784,10,11,14.3,8.03,14.3
00-0033288,George Kittle,TE,SF,2025,9,0,0,0.0,0,,1,4,4,21,0.1739,0.1313,39,38,6.9,7.9,6.9
00-0033288,George Kittle,TE,SF,2025,10,0,0,0.0,0,,0,9,9,55,0.2308,0.195,21,29,23.4,14.48,23.4
00-0033288,George Kittle,TE,SF,2025,11,0,0,0.0,0,,0,6,6,43,0.24,0.2287,25,26,24.7,14.43,24.7
00-0033288,George Kittle,TE,SF,2025,12,0,0,0.0,0,,0,10,6,67,0.3125,0.3436,38,39,13.8,17.45,13.8
00-0033288,George Kittle,TE,SF,2025,13,0,0,0.0,0,,0,5,4,63,0.2174,0.2368,33,32,10.7,6.76,10.7
00-0033288,George Kittle,TE,SF,2025,15,0,0,0.0,0,,0,9,8,20,0.3214,0.0797,38,32,22.8,16.51,22.8
00-0033288,George Kittle,TE,SF,2025,16,0,0,0.0,0,,0,8,7,98,0.2424,0.3025,31,32,24.5,19.12,24.5
00-0033288,George Kittle,TE,SF,2025,18,0,0,0.0,0,,0,7,5,29,0.2593,0.2248,12,16,7.9,9.52,7.9
00-0033293,Aaron Jones,RB,MIN,2025,1,0,0,0.0,0,,8,3,3,21,0.15,0.1795,26,27,15.7,9.74,15.7
00-0033293,Aaron Jones,RB,MIN,2025,2,0,0,0.0,0,,5,1,0,-5,0.0476,-0.0198,19,16,2.3,3.95,2.3
00-0033293,Aaron Jones,RB,MIN,2025,8,0,0,0.0,0,,5,4,2,-5,0.1333,-0.0463,11,16,5.0,9.65,5.0
00-0033293,Aaron Jones,RB,MIN,2025,9,0,0,0.0,0,,9,2,2,0.0,0.087,0.0,29,22,11.8,6.67,11.8
00-0033293,Aaron Jones,RB,MIN,2025,10,0,0,0.0,0,,9,6,3,1,0.1463,0.0022,18,17,15.9,14.35,15.9
00-0033293,Aaron Jones,RB,MIN,2025,11,0,0,0.0,0,,16,6,3,11,0.1875,0.0356,22,25,11.1,18.52,11.1
00-0033293,Aaron Jones,RB,MIN,2025,12,0,0,0.0,0,,9,4,3,-3,0.2222,-0.03,20,20,8.7,9.18,8.7
00-0033293,Aaron Jones,RB,MIN,2025,13,0,0,0.0,0,,6,4,4,-24,0.1379,-0.1437,16,21,4.5,7.73,4.5
00-0033293,Aaron Jones,RB,MIN,2025,14,0,0,0.0,0,,14,1,0,-7,0.0435,-0.0458,34,29,7.6,8.93,7.6
00-0033293,Aaron Jones,RB,MIN,2025,15,0,0,0.0,0,,12,3,3,-4,0.125,-0.0161,28,25,9.5,9.12,9.5
00-0033293,Aaron Jones,RB,MIN,2025,16,0,0,0.0,0,,21,3,2,-12,0.1304,-0.096,31,29,11.3,14.85,11.3
00-0033293,Aaron Jones,RB,MIN,2025,17,0,0,0.0,0,,18,4,3,2,0.2857,0.0299,28,28,15.3,18.14,15.3
00-0033307,Kendrick Bourne,WR,SF,2025,2,0,0,0.0,0,,0,3,3,23,0.0789,0.0906,26,26,6.2,4.97,6.2
00-0033307,Kendrick Bourne,WR,SF,2025,3,0,0,0.0,0,,0,6,4,43,0.1579,0.1392,20,29,7.8,8.96,7.8
00-0033307,Kendrick Bourne,WR,SF,2025,4,0,0,0.0,0,,0,4,1,32,0.1081,0.1046,24,28,2.7,5.97,2.7
00-0033307,Kendrick Bourne,WR,SF,2025,5,0,0,0.0,0,,0,11,10,90,0.2292,0.3103,33,35,24.2,17.28,24.2
00-0033307,Kendrick Bourne,WR,SF,2025,6,0,0,0.0,0,,0,9,5,137,0.2432,0.3624,22,27,19.2,16.4,19.2
00-0033307,Kendrick Bourne,WR,SF,2025,7,0,0,0.0,0,,0,2,2,14,0.0833,0.1061,39,40,3.4,3.09,3.4
00-0033307,Kendrick Bourne,WR,SF,2025,8,0,0,0.0,0,,0,4,3,70,0.129,0.2194,10,11,7.4,6.38,7.4
00-0033307,Kendrick Bourne,WR,SF,2025,9,0,0,0.0,0,,0,2,2,30,0.087,0.1875,39,38,5.4,3.91,5.4
00-0033307,Kendrick Bourne,WR,SF,2025,10,0,0,0.0,0,,0,1,1,18,0.0256,0.0638,21,29,2.9,1.94,2.9
00-0033307,Kendrick Bourne,WR,SF,2025,13,0,0,0.0,0,,0,1,0,20,0.0435,0.0752,33,32,0.0,1.32,0.0
00-0033307,Kendrick Bourne,WR,SF,2025,15,0,0,0.0,0,,0,3,2,31,0.1071,0.1235,38,32,3.7,4.78,3.7
00-0033307,Kendrick Bourne,WR,SF,2025,16,0,0,0.0,0,,0,5,3,48,0.1515,0.1481,31,32,5.7,9.05,5.7
00-0033307,Kendrick Bourne,WR,SF,2025,17,0,0,0.0,0,,0,1,1,20,0.0303,0.0791,34,32,3.5,1.99,3.5
00-0033307,Kendrick Bourne,WR,SF,2025,18,0,0,0.0,0,,0,1,0,8,0.037,0.062,12,16,0.0,0.99,0.0
00-0033319,Nick Mullens,QB,JAX,2025,13,0,0,0.0,0,,3,0,0,0.0,0.0,0.0,27,22,-0.3,-0.3,-0.3
00-0033319,Nick Mullens,QB,JAX,2025,14,1,1,-0.544,0,17.998,3,0,0,0.0,0.0,0.0,32,25,0.0,0.04,0.02
00-0033319,Nick Mullens,QB,JAX,2025,15,0,0,0.0,0,,3,0,0,0.0,0.0,0.0,27,22,-0.2,-0.3,-0.2
00-0033319,Nick Mullens,QB,JAX,2025,18,2,2,3.444,0,34.437,3,0,0,0.0,0.0,0.0,24,20,0.4,1.26,0.44
00-0033357,Taysom Hill,TE,NO,2025,5,1,1,1.83,0,50.241,6,0,0,0.0,0.0,0.0,30,23,0.7,5.21,0.66
00-0033357,Taysom Hill,TE,NO,2025,6,0,0,0.0,0,,1,0,0,0.0,0.0,0.0,23,24,6.1,4.53,6.1
00-0033357,Taysom Hill,TE,NO,2025,7,0,0,0.0,0,,2,2,2,9,0.0645,0.0233,17,16,2.8,4.13,2.8
00-0033357,Taysom Hill,TE,NO,2025,8,0,0,0.0,0,,2,1,1,2,0.02,0.0048,15,11,2.2,2.59,2.2
00-0033357,Taysom Hill,TE,NO,2025,9,1,0,-0.74,0,-87.233,4,0,0,0.0,0.0,0.0,14,11,3.0,3.88,3.0
00-0033357,Taysom Hill,TE,NO,2025,10,1,0,-0.575,0,,7,1,0,2,0.0385,0.0078,37,32,2.0,6.67,2.0
00-0033357,Taysom Hill,TE,NO,2025,12,2,0,-7.588,0,-76.6,10,0,0,0.0,0.0,0.0,28,17,1.7,11.87,1.7
00-0033357,Taysom Hill,TE,NO,2025,13,0,0,0.0,0,,1,1,1,5,0.0294,0.0186,27,22,1.7,1.95,1.7
00-0033357,Taysom Hill,TE,NO,2025,14,0,0,0.0,0,,2,2,0,3,0.1,0.019,32,25,-0.1,3.61,-0.1
00-0033357,Taysom Hill,TE,NO,2025,15,0,0,0.0,0,,2,0,0,0.0,0.0,0.0,25,18,0.2,2.27,0.2
00-0033357,Taysom Hill,TE,NO,2025,16,1,1,6.073,0,59.018,12,6,4,30,0.1277,0.0711,25,13,15.3,17.56,15.32
00-0033357,Taysom Hill,TE,NO,2025,17,0,0,0.0,0,,3,0,0,0.0,0.0,0.0,23,17,0.0,1.15,0.0
00-0033357,Taysom Hill,TE,NO,2025,18,0,0,0.0,0,,0,3,3,3,0.0882,0.0107,26,28,6.2,4.16,6.2
00-0033375,Tim Patrick,WR,JAX,2025,2,0,0,0.0,0,,0,1,0,10,0.0244,0.0325,27,28,0.0,3.2,0.0
00-0033375,Tim Patrick,WR,JAX,2025,3,0,0,0.0,0,,0,1,1,3,0.0263,0.0095,24,23,2.6,1.37,2.6
00-0033375,Tim Patrick,WR,JAX,2025,4,0,0,0.0,0,,0,1,1,-4,0.0333,-0.0204,32,26,0.9,1.41,0.9
00-0033375,Tim Patrick,WR,JAX,2025,5,0,0,0.0,0,,0,1,0,19,0.04,0.0909,26,20,0.0,2.06,0.0
00-0033375,Tim Patrick,WR,JAX,2025,6,0,0,0.0,0,,0,1,1,16,0.0238,0.05,19,22,9.6,1.73,9.6
00-0033375,Tim Patrick,WR,JAX,2025,7,0,0,0.0,0,,0,1,1,18,0.0213,0.0345,19,15,3.2,2.04,3.2
00-0033375,Tim Patrick,WR,JAX,2025,11,0,0,0.0,0,,0,4,3,25,0.1818,0.1289,47,42,11.0,9.53,11.0
00-0033375,Tim Patrick,WR,JAX,2025,12,0,0,0.0,0,,0,4,0,67,0.1333,0.2472,28,26,0.0,9.68,0.0
00-0033375,Tim Patrick,WR,JAX,2025,13,0,0,0.0,0,,0,1,1,11,0.04,0.0407,27,22,2.1,1.58,2.1
00-0033375,Tim Patrick,WR,JAX,2025,14,0,0,0.0,0,,0,6,5,74,0.1935,0.2222,32,25,18.8,13.02,18.8
00-0033375,Tim Patrick,WR,JAX,2025,16,0,0,0.0,0,,0,1,1,5,0.0286,0.0178,27,24,2.1,1.59,2.1
00-0033375,Tim Patrick,WR,JAX,2025,17,0,0,0.0,0,,0,1,0,13,0.027,0.0359,29,22,0.0,1.77,0.0
00-0033375,Tim Patrick,WR,JAX,2025,18,0,0,0.0,0,,0,1,1,1,0.0323,0.0034,24,20,1.4,1.64,1.4
00-0033376,Patrick Ricard,RB,BAL,2025,10,0,0,0.0,0,,1,0,0,0.0,0.0,0.0,36,30,0.3,0.32,0.3
00-0033376,Patrick Ricard,RB,BAL,2025,14,0,0,0.0,0,,0,1,0,0.0,0.0303,0.0,40,35,0.0,0.87,0.0
00-0033376,Patrick Ricard,RB,BAL,2025,18,0,0,0.0,0,,0,1,1,6,0.0588,0.0339,27,24,1.8,1.59,1.8
00-0033439,Pharaoh Brown,TE,ARI,2025,15,0,0,0.0,0,,0,2,2,1,0.0526,0.0039,21,24,2.1,5.51,2.1
00-0033455,Anthony Firkser,TE,DET,2025,13,0,0,0.0,0,,0,1,1,4,0.037,0.0235,30,33,1.4,1.57,1.4
00-0033455,Anthony Firkser,TE,DET,2025,14,0,0,0.0,0,,0,1,1,2,0.0323,0.0087,22,26,1.7,1.42,1.7
00-0033455,Anthony Firkser,TE,DET,2025,16,0,0,0.0,0,,0,4,4,34,0.0769,0.1079,12,21,8.0,7.31,8.0
00-0033455,Anthony Firkser,TE,DET,2025,17,0,0,0.0,0,,0,1,0,2,0.0345,0.0101,30,31,0.0,1.3,0.0
00-0033455,Anthony Firkser,TE,DET,2025,18,0,0,0.0,0,,0,3,2,-7,0.0833,-0.028,27,31,2.2,4.79,2.2
00-0033526,Samaje Perine,RB,CIN,2025,1,0,0,0.0,0,,0,2,2,2,0.087,0.0118,23,25,2.6,2.67,2.6
00-0033526,Samaje Perine,RB,CIN,2025,3,0,0,0.0,0,,4,0,0,0.0,0.0,0.0,21,23,0.1,2.33,0.1
00-0033526,Samaje Perine,RB,CIN,2025,4,0,0,0.0,0,,1,1,0,-3,0.0455,-0.015,15,14,0.4,1.94,0.4
00-0033526,Samaje Perine,RB,CIN,2025,5,0,0,0.0,0,,4,2,2,-4,0.05,-0.0118,16,21,4.9,4.98,4.9
00-0033526,Samaje Perine,RB,CIN,2025,6,0,0,0.0,0,,6,3,2,-4,0.075,-0.0149,16,19,5.2,6.31,5.2
00-0033526,Samaje Perine,RB,CIN,2025,7,0,0,0.0,0,,7,0,0,0.0,0.0,0.0,23,20,3.1,4.03,3.1
00-0033526,Samaje Perine,RB,CIN,2025,8,0,0,0.0,0,,9,1,1,-2,0.0303,-0.0093,23,25,17.0,6.98,17.0
00-0033526,Samaje Perine,RB,CIN,2025,9,0,0,0.0,0,,1,0,0,0.0,0.0,0.0,15,21,0.5,0.45,0.5
00-0033526,Samaje Perine,RB,CIN,2025,13,0,0,0.0,0,,14,2,2,2,0.0455,0.0053,33,38,5.4,11.95,5.4
00-0033526,Samaje Perine,RB,CIN,2025,14,0,0,0.0,0,,6,1,1,1,0.0278,0.003,19,22,4.8,4.25,4.8
00-0033526,Samaje Perine,RB,CIN,2025,15,0,0,0.0,0,,14,1,1,-6,0.0278,-0.0211,29,35,5.3,8.54,5.3
00-0033526,Samaje Perine,RB,CIN,2025,16,0,0,0.0,0,,7,3,2,-12,0.0968,-0.0645,26,29,12.1,9.86,12.1
00-0033526,Samaje Perine,RB,CIN,2025,17,0,0,0.0,0,,3,1,1,-5,0.0303,-0.0187,35,33,8.3,7.64,8.3
00-0033526,Samaje Perine,RB,CIN,2025,18,0,0,0.0,0,,8,4,3,-1,0.1053,-0.0052,25,28,8.2,10.49,8.2
00-0033553,James Conner,RB,ARI,2025,1,0,0,0.0,0,,12,4,4,-15,0.1379,-0.0904,27,25,14.4,18.83,14.4
00-0033553,James Conner,RB,ARI,2025,2,0,0,0.0,0,,11,1,1,0.0,0.04,0.0,22,19,12.2,11.22,12.2
00-0033553,James Conner,RB,ARI,2025,3,0,0,0.0,0,,9,4,3,6,0.1176,0.0339,28,27,6.7,10.25,6.7
00-0033555,Mack Hollins,WR,NE,2025,1,0,0,0.0,0,,0,2,1,13,0.0444,0.0368,18,21,1.3,2.69,1.3
00-0033555,Mack Hollins,WR,NE,2025,2,0,0,0.0,0,,0,2,1,16,0.087,0.1194,29,27,7.8,5.16,7.8
00-0033555,Mack Hollins,WR,NE,2025,3,0,0,0.0,0,,0,4,4,21,0.1111,0.1014,29,28,6.7,6.22,6.7
00-0033555,Mack Hollins,WR,NE,2025,4,0,0,0.0,0,,0,1,1,4,0.0588,0.0265,29,25,7.4,3.83,7.4
00-0033555,Mack Hollins,WR,NE,2025,6,0,0,0.0,0,,0,3,2,73,0.125,0.257,31,23,4.8,5.23,4.8
00-0033555,Mack Hollins,WR,NE,2025,7,0,0,0.0,0,,1,2,2,32,0.0833,0.1624,36,27,7.3,4.19,7.3
00-0033555,Mack Hollins,WR,NE,2025,8,0,0,0.0,0,,0,7,7,58,0.3043,0.2094,35,27,15.9,11.12,15.9
00-0033555,Mack Hollins,WR,NE,2025,9,0,0,0.0,0,,0,2,2,8,0.0714,0.0258,33,30,2.9,2.94,2.9
00-0033555,Mack Hollins,WR,NE,2025,10,0,0,0.0,0,,0,10,6,149,0.3448,0.4257,27,20,16.6,19.1,16.6
00-0033555,Mack Hollins,WR,NE,2025,11,0,0,0.0,0,,0,5,4,98,0.1515,0.2456,27,27,10.4,9.14,10.4
00-0033555,Mack Hollins,WR,NE,2025,12,0,0,0.0,0,,0,6,2,74,0.1818,0.2492,31,29,5.0,10.04,5.0
00-0033555,Mack Hollins,WR,NE,2025,13,0,0,0.0,0,,0,4,3,59,0.1333,0.2408,29,29,5.3,6.97,5.3
00-0033555,Mack Hollins,WR,NE,2025,15,0,0,0.0,0,,0,8,4,136,0.3636,0.5574,25,25,8.1,14.87,8.1
00-0033555,Mack Hollins,WR,NE,2025,16,0,0,0.0,0,,0,9,7,110,0.2143,0.2321,23,16,13.9,14.51,13.9
00-0033576,Eric Saubert,TE,SEA,2025,3,0,0,0.0,0,,0,1,1,6,0.05,0.0353,33,34,2.2,2.41,2.2
00-0033576,Eric Saubert,TE,SEA,2025,15,0,0,0.0,0,,0,1,1,4,0.0303,0.0166,22,18,1.9,1.47,1.9
00-0033576,Eric Saubert,TE,SEA,2025,17,0,0,0.0,0,,0,2,0,18,0.0769,0.1277,36,37,0.0,5.88,0.0
00-0033576,Eric Saubert,TE,SEA,2025,18,0,0,0.0,0,,0,3,2,0.0,0.1154,0.0,39,40,3.0,4.32,3.0
00-0033589,David Moore,WR,CAR,2025,3,0,0,0.0,0,,0,1,1,5,0.0417,0.0376,30,30,1.5,1.45,1.5
00-0033589,David Moore,WR,CAR,2025,4,0,0,0.0,0,,1,0,0,0.0,0.0,0.0,28,30,1.2,0.73,1.2
00-0033591,Noah Brown,WR,WAS,2025,1,0,0,0.0,0,,0,3,2,34,0.1034,0.1219,32,23,4.7,6.8,4.7
00-0033591,Noah Brown,WR,WAS,2025,2,0,0,0.0,0,,0,4,1,62,0.1,0.2222,19,14,1.9,6.62,1.9
00-0033591,Noah Brown,WR,WAS,2025,14,0,0,0.0,0,,0,2,1,23,0.1,0.2,23,18,2.9,3.23,2.9
00-0033591,Noah Brown,WR,WAS,2025,15,0,0,0.0,0,,0,1,1,26,0.0625,0.1004,37,28,3.8,1.36,3.8
00-0033662,Cooper Rush,QB,BAL,2025,2,0,0,0.0,0,,3,0,0,0.0,0.0,0.0,21,17,-0.4,-0.3,-0.4
00-0033662,Cooper Rush,QB,BAL,2025,4,13,9,-5.849,0,7.095,0,0,0,0.0,0.0,0.0,17,18,2.1,2.74,2.08
00-0033662,Cooper Rush,QB,BAL,2025,5,20,14,-7.895,1,-0.318,0,0,0,0.0,0.0,0.0,19,21,1.2,5.82,1.16
00-0033662,Cooper Rush,QB,BAL,2025,6,19,11,-5.103,0,-9.353,1,0,0,0.0,0.0,0.0,37,36,-1.1,5.06,-1.12
00-0033699,Austin Ekeler,RB,WAS,2025,1,0,0,0.0,0,,6,3,3,-7,0.1034,-0.0251,32,23,8.7,8.6,8.7
00-0033699,Austin Ekeler,RB,WAS,2025,2,0,0,0.0,0,,8,4,2,19,0.1,0.0681,19,14,4.4,9.06,4.4
00-0033757,Robert Tonyan,TE,KC,2025,11,0,0,0.0,0,,0,1,1,1,0.0233,0.0031,14,16,1.1,1.4,1.1
00-0033854,Dare Ogunbowale,RB,HOU,2025,1,0,0,0.0,0,,2,2,2,5,0.0741,0.0291,27,23,2.6,3.72,2.6
00-0033854,Dare Ogunbowale,RB,HOU,2025,7,0,0,0.0,0,,0,1,0,4,0.0217,0.0094,17,19,0.0,1.34,0.0
00-0033854,Dare Ogunbowale,RB,HOU,2025,8,0,0,0.0,0,,1,1,1,-3,0.0263,-0.0089,36,36,2.7,2.33,2.7
00-0033854,Dare Ogunbowale,RB,HOU,2025,9,0,0,0.0,0,,0,1,1,-1,0.0256,-0.003,28,24,1.2,1.44,1.2
00-0033854,Dare Ogunbowale,RB,HOU,2025,11,0,0,0.0,0,,0,1,1,2,0.025,0.0057,23,23,1.9,1.4,1.9
00-0033854,Dare Ogunbowale,RB,HOU,2025,14,0,0,0.0,0,,1,0,0,0.0,0.0,0.0,31,30,6.5,1.34,6.5
00-0033854,Dare Ogunbowale,RB,HOU,2025,15,0,0,0.0,0,,5,4,3,17,0.1538,0.1453,33,33,6.4,16.92,6.4
00-0033854,Dare Ogunbowale,RB,HOU,2025,16,0,0,0.0,0,,1,1,1,2,0.0294,0.0066,26,29,0.9,1.61,0.9
00-0033854,Dare Ogunbowale,RB,HOU,2025,18,0,0,0.0,0,,1,2,1,-2,0.0714,-0.0104,32,32,1.9,3.18,1.9
00-0033857,JuJu Smith-Schuster,WR,KC,2025,1,0,0,0.0,0,,0,5,5,29,0.1316,0.107,17,14,10.5,7.39,10.5
00-0033857,JuJu Smith-Schuster,WR,KC,2025,2,0,0,0.0,0,,0,3,1,19,0.1034,0.0615,26,21,1.5,4.39,1.5
00-0033857,JuJu Smith-Schuster,WR,KC,2025,3,0,0,0.0,0,,0,4,4,18,0.1143,0.0564,28,24,9.5,6.91,9.5
00-0033857,JuJu Smith-Schuster,WR,KC,2025,4,0,0,0.0,0,,0,6,4,44,0.1714,0.1699,32,30,13.6,13.65,13.6
00-0033857,JuJu Smith-Schuster,WR,KC,2025,5,0,0,0.0,0,,0,3,2,9,0.075,0.0224,22,22,3.7,6.52,3.7
00-0033857,JuJu Smith-Schuster,WR,KC,2025,6,0,0,0.0,0,,0,3,3,8,0.1071,0.0519,29,23,8.7,4.5,8.7
00-0033857,JuJu Smith-Schuster,WR,KC,2025,7,0,0,0.0,0,,0,3,3,25,0.0882,0.1208,41,39,6.5,4.78,6.5
00-0033857,JuJu Smith-Schuster,WR,KC,2025,8,0,0,0.0,0,,0,2,2,16,0.0625,0.0731,30,25,4.9,3.16,4.9
00-0033857,JuJu Smith-Schuster,WR,KC,2025,9,0,0,0.0,0,,0,1,1,-1,0.0345,-0.002,20,17,1.2,1.46,1.2
00-0033857,JuJu Smith-Schuster,WR,KC,2025,12,0,0,0.0,0,,0,2,1,21,0.0465,0.0598,41,44,1.8,4.53,1.8
00-0033857,JuJu Smith-Schuster,WR,KC,2025,13,0,0,0.0,0,,0,1,0,4,0.0312,0.0167,23,20,0.0,1.02,0.0
00-0033857,JuJu Smith-Schuster,WR,KC,2025,14,0,0,0.0,0,,0,2,1,24,0.069,0.083,29,22,1.5,2.79,1.5
00-0033857,JuJu Smith-Schuster,WR,KC,2025,15,0,0,0.0,0,,0,1,0,2,0.0333,0.008,21,20,0.0,1.68,0.0
00-0033857,JuJu Smith-Schuster,WR,KC,2025,16,0,0,0.0,0,,0,4,1,4,0.1818,0.0357,15,18,2.2,4.84,2.2
00-0033857,JuJu Smith-Schuster,WR,KC,2025,17,0,0,0.0,0,,0,3,3,12,0.15,0.1071,19,19,4.6,3.92,4.6
00-0033857,JuJu Smith-Schuster,WR,KC,2025,18,0,0,0.0,0,,0,2,2,10,0.0667,0.0448,23,26,3.3,2.69,3.3
00-0033858,Jonnu Smith,TE,PIT,2025,1,0,0,0.0,0,,0,6,5,-6,0.2069,-0.0432,20,24,12.5,10.64,12.5
00-0033858,Jonnu Smith,TE,PIT,2025,2,0,0,0.0,0,,0,4,4,2,0.129,0.0108,21,27,6.7,5.84,6.7
00-0033858,Jonnu Smith,TE,PIT,2025,3,0,0,0.0,0,,0,3,3,8,0.1364,0.0702,26,28,5.3,4.93,5.3
00-0033858,Jonnu Smith,TE,PIT,2025,4,0,0,0.0,0,,0,3,2,2,0.1364,0.0274,29,31,2.6,4.03,2.6
00-0033858,Jonnu Smith,TE,PIT,2025,6,0,0,0.0,0,,1,4,3,16,0.1379,0.0717,28,31,5.8,6.42,5.8
00-0033858,Jonnu Smith,TE,PIT,2025,7,0,0,0.0,0,,0,6,3,59,0.1818,0.1909,20,25,11.8,10.71,11.8
00-0033858,Jonnu Smith,TE,PIT,2025,8,0,0,0.0,0,,0,3,2,32,0.0938,0.1333,18,22,3.7,5.7,3.7
00-0033858,Jonnu Smith,TE,PIT,2025,9,0,0,0.0,0,,0,5,3,16,0.1429,0.1553,23,27,5.5,8.21,5.5
00-0033858,Jonnu Smith,TE,PIT,2025,10,0,0,0.0,0,,0,2,1,21,0.0714,0.0837,16,20,1.4,3.5,1.4
00-0033858,Jonnu Smith,TE,PIT,2025,11,0,0,0.0,0,,0,2,0,21,0.069,0.1579,28,33,0.0,3.64,0.0
00-0033858,Jonnu Smith,TE,PIT,2025,12,0,0,0.0,0,,2,3,3,6,0.0968,0.0306,36,34,5.8,6.59,5.8
00-0033858,Jonnu Smith,TE,PIT,2025,13,0,0,0.0,0,,0,2,1,12,0.0909,0.0992,18,21,1.6,4.43,1.6
00-0033858,Jonnu Smith,TE,PIT,2025,14,0,0,0.0,0,,0,1,0,3,0.0303,0.0142,17,23,0.0,1.37,0.0
00-0033858,Jonnu Smith,TE,PIT,2025,15,0,0,0.0,0,,1,2,2,-2,0.0741,-0.0217,32,37,10.6,4.52,10.6
00-0033858,Jonnu Smith,TE,PIT,2025,16,0,0,0.0,0,,2,1,0,6,0.0263,0.0179,27,30,2.8,2.88,2.8
00-0033858,Jonnu Smith,TE,PIT,2025,17,0,0,0.0,0,,2,5,5,8,0.1351,0.0351,24,22,7.7,8.06,7.7
00-0033858,Jonnu Smith,TE,PIT,2025,18,0,0,0.0,0,,1,2,1,30,0.0455,0.0923,24,32,1.4,5.61,1.4
00-0033869,Mitchell Trubisky,QB,BUF,2025,2,2,1,2.52,0,-5.593,3,0,0,0.0,0.0,0.0,43,33,1.0,0.45,0.98
00-0033869,Mitchell Trubisky,QB,BUF,2025,8,4,2,0.73,0,-19.728,0,0,0,0.0,0.0,0.0,35,32,0.9,1.72,0.88
00-0033869,Mitchell Trubisky,QB,BUF,2025,10,0,0,0.0,0,,1,0,0,0.0,0.0,0.0,22,24,0.4,0.87,0.4
00-0033869,Mitchell Trubisky,QB,BUF,2025,18,29,22,22.485,0,12.694,5,0,0,0.0,0.0,0.0,43,43,28.9,25.29,28.86
00-0033873,Patrick Mahomes,QB,KC,2025,1,39,24,3.449,2,-5.993,6,0,0,0.0,0.0,0.0,17,14,26.0,21.41,26.02
00-0033873,Patrick Mahomes,QB,KC,2025,2,29,16,-7.154,2,-5.841,7,0,0,0.0,0.0,0.0,26,21,22.1,15.33,22.08
00-0033873,Patrick Mahomes,QB,KC,2025,3,37,22,8.231,2,-1.494,5,0,0,0.0,0.0,0.0,28,24,13.2,17.33,13.16
00-0033873,Patrick Mahomes,QB,KC,2025,4,37,25,16.189,1,5.858,4,0,0,0.0,0.0,0.0,32,30,27.3,29.28,27.3
00-0033873,Patrick Mahomes,QB,KC,2025,5,41,29,2.664,0,6.205,6,0,0,0.0,0.0,0.0,22,22,26.7,26.86,26.72
00-0033873,Patrick Mahomes,QB,KC,2025,6,30,22,15.573,3,7.662,10,0,0,0.0,0.0,0.0,29,23,31.5,26.49,31.48
00-0033873,Patrick Mahomes,QB,KC,2025,7,35,26,19.339,1,6.072,4,0,0,0.0,0.0,0.0,41,39,26.2,25.63,26.24
00-0033873,Patrick Mahomes,QB,KC,2025,8,34,25,13.729,3,10.903,4,0,0,0.0,0.0,0.0,30,25,23.0,19.73,22.96
00-0033873,Patrick Mahomes,QB,KC,2025,9,34,15,-1.683,3,-4.39,1,0,0,0.0,0.0,0.0,20,17,10.5,18.03,10.5
00-0033873,Patrick Mahomes,QB,KC,2025,11,45,29,1.151,3,-2.789,1,0,0,0.0,0.0,0.0,14,16,13.3,17.09,13.34
00-0033873,Patrick Mahomes,QB,KC,2025,12,46,29,8.501,4,1.154,4,0,0,0.0,0.0,0.0,41,44,17.1,27.44,17.08
00-0033873,Patrick Mahomes,QB,KC,2025,13,34,23,14.158,3,4.747,3,0,0,0.0,0.0,0.0,23,20,29.4,23.05,29.44
00-0033873,Patrick Mahomes,QB,KC,2025,14,33,14,-22.331,2,-14.852,7,1,1,-8,0.0345,-0.0277,29,22,6.3,17.77,6.3
00-0033873,Patrick Mahomes,QB,KC,2025,15,28,16,-3.568,5,-5.313,2,0,0,0.0,0.0,0.0,21,20,13.1,12.51,13.06
00-0033881,Evan Engram,TE,DEN,2025,1,0,0,0.0,0,,0,4,3,10,0.1081,0.0469,30,27,5.1,5.75,5.1
00-0033881,Evan Engram,TE,DEN,2025,2,0,0,0.0,0,,0,2,1,9,0.0667,0.0612,24,24,2.2,2.92,2.2
00-0033881,Evan Engram,TE,DEN,2025,4,0,0,0.0,0,,0,7,4,62,0.1667,0.2214,38,36,6.9,12.74,6.9
00-0033881,Evan Engram,TE,DEN,2025,5,0,0,0.0,0,,0,6,4,29,0.1667,0.0912,29,29,13.3,9.59,13.3
00-0033881,Evan Engram,TE,DEN,2025,6,0,0,0.0,0,,1,6,5,30,0.2308,0.1961,26,21,9.9,9.4,9.9
00-0033881,Evan Engram,TE,DEN,2025,7,0,0,0.0,0,,0,8,5,1,0.1633,0.0025,24,22,9.2,9.94,9.2
00-0033881,Evan Engram,TE,DEN,2025,8,0,0,0.0,0,,0,4,4,19,0.1481,0.0635,28,26,7.6,7.75,7.6
00-0033881,Evan Engram,TE,DEN,2025,9,0,0,0.0,0,,0,3,0,28,0.0882,0.0635,23,25,0.0,4.74,0.0
00-0033881,Evan Engram,TE,DEN,2025,10,0,0,0.0,0,,0,5,2,30,0.1852,0.1215,27,25,3.2,8.61,3.2
00-0033881,Evan Engram,TE,DEN,2025,11,0,0,0.0,0,,0,5,4,2,0.1389,0.0063,21,22,7.3,7.12,7.3
00-0033881,Evan Engram,TE,DEN,2025,13,0,0,0.0,0,,0,9,6,39,0.2093,0.2063,23,26,13.9,14.39,13.9
00-0033881,Evan Engram,TE,DEN,2025,14,0,0,0.0,0,,0,2,2,2,0.0556,0.0093,31,33,2.8,2.83,2.8
00-0033881,Evan Engram,TE,DEN,2025,15,0,0,0.0,0,,0,3,1,4,0.0938,0.0124,31,22,2.2,4.13,2.2
00-0033881,Evan Engram,TE,DEN,2025,16,0,0,0.0,0,,0,4,2,29,0.087,0.0646,17,17,5.6,5.98,5.6
00-0033881,Evan Engram,TE,DEN,2025,17,0,0,0.0,0,,0,4,4,7,0.1081,0.034,32,26,6.1,4.86,6.1
00-0033881,Evan Engram,TE,DEN,2025,18,0,0,0.0,0,,0,4,3,30,0.1739,1.1538,31,27,7.5,5.94,7.5
00-0033885,David Njoku,TE,CLE,2025,1,0,0,0.0,0,,0,6,3,41,0.1429,0.1502,24,30,6.7,8.95,6.7
00-0033885,David Njoku,TE,CLE,2025,2,0,0,0.0,0,,0,5,4,48,0.122,0.1538,22,31,8.0,6.97,8.0
00-0033885,David Njoku,TE,CLE,2025,3,0,0,0.0,0,,0,7,5,24,0.2121,0.0945,19,24,9.0,9.82,9.0
00-0033885,David Njoku,TE,CLE,2025,4,0,0,0.0,0,,0,3,2,2,0.0882,0.0058,27,28,3.1,4.38,3.1
00-0033885,David Njoku,TE,CLE,2025,5,0,0,0.0,0,,0,9,6,55,0.2812,0.2644,32,33,18.7,14.72,18.7
00-0033885,David Njoku,TE,CLE,2025,6,0,0,0.0,0,,0,6,3,49,0.1176,0.1561,17,24,5.8,8.47,5.8
00-0033885,David Njoku,TE,CLE,2025,8,0,0,0.0,0,,0,5,4,28,0.1515,0.1436,16,21,13.7,8.52,13.7
00-0033885,David Njoku,TE,CLE,2025,10,0,0,0.0,0,,0,2,2,-5,0.0625,-0.025,32,28,10.1,3.55,10.1
00-0033885,David Njoku,TE,CLE,2025,11,0,0,0.0,0,,0,2,1,8,0.08,0.0482,25,19,1.7,2.04,1.7
00-0033885,David Njoku,TE,CLE,2025,13,0,0,0.0,0,,0,2,2,2,0.087,0.0116,31,33,2.4,2.76,2.4
00-0033885,David Njoku,TE,CLE,2025,14,0,0,0.0,0,,0,1,1,1,0.0263,0.0033,20,24,7.1,4.04,7.1
00-0033891,Zay Jones,WR,ARI,2025,1,0,0,0.0,0,,0,1,1,2,0.0345,0.012,27,25,1.4,1.45,1.4
00-0033891,Zay Jones,WR,ARI,2025,3,0,0,0.0,0,,0,3,2,37,0.0882,0.209,28,27,4.5,5.3,4.5
00-0033891,Zay Jones,WR,ARI,2025,5,0,0,0.0,0,,0,3,2,35,0.1,0.1675,29,31,2.8,4.77,2.8
00-0033891,Zay Jones,WR,ARI,2025,6,0,0,0.0,0,,0,8,5,108,0.2051,0.2762,24,24,12.9,13.54,12.9
00-0033891,Zay Jones,WR,ARI,2025,7,0,0,0.0,0,,0,2,2,56,0.0588,0.1795,28,27,8.7,3.92,8.7
00-0033891,Zay Jones,WR,ARI,2025,10,0,0,0.0,0,,0,1,0,3,0.0227,0.0091,23,21,0.0,2.97,0.0
00-0033906,Alvin Kamara,RB,NO,2025,1,0,0,0.0,0,,11,2,2,-3,0.0488,-0.0089,22,20,13.7,9.64,13.7
00-0033906,Alvin Kamara,RB,NO,2025,2,0,0,0.0,0,,21,6,6,-13,0.1765,-0.052,30,33,16.0,19.33,16.0
00-0033906,Alvin Kamara,RB,NO,2025,3,0,0,0.0,0,,18,2,1,28,0.0488,0.0807,27,28,6.6,10.23,6.6
00-0033906,Alvin Kamara,RB,NO,2025,4,0,0,0.0,0,,15,5,4,-7,0.2,-0.0565,34,30,11.2,14.1,11.2
00-0033906,Alvin Kamara,RB,NO,2025,5,0,0,0.0,0,,8,6,4,19,0.1935,0.0792,30,23,9.5,13.6,9.5
00-0033906,Alvin Kamara,RB,NO,2025,6,0,0,0.0,0,,10,5,5,10,0.1923,0.0452,23,24,12.6,12.44,12.6
00-0033906,Alvin Kamara,RB,NO,2025,7,0,0,0.0,0,,11,3,3,1,0.0968,0.0026,17,16,5.9,9.67,5.9
00-0033906,Alvin Kamara,RB,NO,2025,8,0,0,0.0,0,,6,2,2,4,0.04,0.0095,15,11,6.5,5.68,6.5
00-0033906,Alvin Kamara,RB,NO,2025,9,0,0,0.0,0,,6,3,1,4,0.125,0.0183,14,11,0.7,6.2,0.7
00-0033906,Alvin Kamara,RB,NO,2025,10,0,0,0.0,0,,22,3,3,-2,0.1154,-0.0078,37,32,14.5,15.97,14.5
00-0033906,Alvin Kamara,RB,NO,2025,12,0,0,0.0,0,,3,2,2,-8,0.0465,-0.0259,28,17,3.5,4.34,3.5
00-0033908,Cooper Kupp,WR,SEA,2025,1,0,0,0.0,0,,0,3,2,20,0.1364,0.1015,26,25,3.5,4.49,3.5
00-0033908,Cooper Kupp,WR,SEA,2025,2,0,0,0.0,0,,0,9,7,60,0.3,0.2264,29,29,16.0,14.45,16.0
00-0033908,Cooper Kupp,WR,SEA,2025,3,0,0,0.0,0,,0,3,2,10,0.15,0.0588,33,34,5.1,5.57,5.1
00-0033908,Cooper Kupp,WR,SEA,2025,4,0,0,0.0,0,,0,5,4,15,0.2083,0.0633,35,34,6.6,7.57,6.6
00-0033908,Cooper Kupp,WR,SEA,2025,5,0,0,0.0,0,,0,9,6,59,0.2647,0.2145,20,21,11.9,13.16,11.9
00-0033908,Cooper Kupp,WR,SEA,2025,6,0,0,0.0,0,,0,3,2,48,0.125,0.133,26,24,12.0,6.63,12.0
00-0033908,Cooper Kupp,WR,SEA,2025,7,1,0,-5.37,0,-65.118,0,1,1,18,0.0345,0.0643,33,31,2.2,2.45,2.2
00-0033908,Cooper Kupp,WR,SEA,2025,10,0,0,0.0,0,,0,2,2,18,0.1667,0.1406,46,36,9.4,3.02,9.4
00-0033908,Cooper Kupp,WR,SEA,2025,11,0,0,0.0,0,,0,7,3,81,0.1667,0.2368,35,34,5.3,12.76,5.3
00-0033908,Cooper Kupp,WR,SEA,2025,12,0,0,0.0,0,,0,4,2,40,0.16,0.1633,20,20,4.4,6.86,4.4
00-0033908,Cooper Kupp,WR,SEA,2025,13,0,0,0.0,0,,0,4,3,13,0.1739,0.1398,32,33,5.4,5.7,5.4
00-0033908,Cooper Kupp,WR,SEA,2025,14,0,0,0.0,0,,0,3,2,30,0.1,0.1176,26,20,11.5,7.66,11.5
00-0033908,Cooper Kupp,WR,SEA,2025,15,0,0,0.0,0,,0,7,5,40,0.2121,0.166,22,18,9.6,10.95,9.6
00-0033908,Cooper Kupp,WR,SEA,2025,16,0,0,0.0,0,,0,4,3,43,0.129,0.2129,25,27,6.9,9.1,6.9
00-0033908,Cooper Kupp,WR,SEA,2025,17,0,0,0.0,0,,0,3,1,17,0.1154,0.1206,36,37,1.6,6.17,1.6
00-0033908,Cooper Kupp,WR,SEA,2025,18,0,0,0.0,0,,0,3,2,20,0.1154,0.1587,39,40,4.9,6.53,4.9
00-0033921,Chris Godwin Jr.,WR,TB,2025,4,0,0,0.0,0,,0,10,3,146,0.2564,0.4577,26,30,5.6,16.72,5.6
00-0033921,Chris Godwin Jr.,WR,TB,2025,5,0,0,0.0,0,,0,4,3,11,0.125,0.0428,24,24,5.6,5.46,5.6
00-0033921,Chris Godwin Jr.,WR,TB,2025,12,0,0,0.0,0,,0,4,2,41,0.129,0.1633,29,24,2.9,5.96,2.9
00-0033921,Chris Godwin Jr.,WR,TB,2025,13,0,0,0.0,0,,0,5,3,44,0.1923,0.2115,27,26,10.8,11.29,10.8
00-0033921,Chris Godwin Jr.,WR,TB,2025,14,0,0,0.0,0,,0,8,5,25,0.2857,0.1087,39,36,10.5,10.83,10.5
00-0033921,Chris Godwin Jr.,WR,TB,2025,15,0,0,0.0,0,,0,5,4,15,0.1562,0.0418,22,23,14.0,10.7,14.0
00-0033921,Chris Godwin Jr.,WR,TB,2025,16,0,0,0.0,0,,0,6,5,39,0.24,0.2583,33,30,8.0,9.87,8.0
00-0033921,Chris Godwin Jr.,WR,TB,2025,17,0,0,0.0,0,,0,8,7,35,0.1818,0.0972,16,20,23.8,13.9,23.8
00-0033921,Chris Godwin Jr.,WR,TB,2025,18,0,0,0.0,0,,0,1,1,5,0.0455,0.0352,42,40,1.8,1.47,1.8
00-0033923,Kareem Hunt,RB,KC,2025,1,0,0,0.0,0,,5,3,2,-2,0.0789,-0.0074,17,14,4.6,6.06,4.6
00-0033923,Kareem Hunt,RB,KC,2025,2,0,0,0.0,0,,8,1,1,-3,0.0345,-0.0097,26,21,4.4,4.92,4.4
00-0033923,Kareem Hunt,RB,KC,2025,3,0,0,0.0,0,,10,1,1,-3,0.0286,-0.0094,28,24,11.4,9.32,11.4
00-0033923,Kareem Hunt,RB,KC,2025,4,0,0,0.0,0,,13,1,1,5,0.0286,0.0193,32,30,5.7,7.75,5.7
00-0033923,Kareem Hunt,RB,KC,2025,5,0,0,0.0,0,,7,1,1,2,0.025,0.005,22,22,18.7,9.17,18.7
00-0033923,Kareem Hunt,RB,KC,2025,6,0,0,0.0,0,,6,1,1,-4,0.0357,-0.026,29,23,4.4,4.52,4.4
00-0033923,Kareem Hunt,RB,KC,2025,7,0,0,0.0,0,,4,0,0,0.0,0.0,0.0,41,39,1.8,1.64,1.8
00-0033923,Kareem Hunt,RB,KC,2025,8,0,0,0.0,0,,9,1,1,2,0.0312,0.0091,30,25,17.2,10.92,17.2
00-0033923,Kareem Hunt,RB,KC,2025,9,0,0,0.0,0,,11,2,1,-5,0.069,-0.0101,20,17,12.5,15.46,12.5
00-0033923,Kareem Hunt,RB,KC,2025,11,0,0,0.0,0,,13,2,1,-3,0.0465,-0.0093,14,16,13.2,11.31,13.2
00-0033923,Kareem Hunt,RB,KC,2025,12,0,0,0.0,0,,30,3,3,4,0.0698,0.0114,41,44,20.0,22.62,20.0
00-0033923,Kareem Hunt,RB,KC,2025,13,0,0,0.0,0,,14,2,1,0.0,0.0625,0.0,23,20,9.0,13.55,9.0
00-0033923,Kareem Hunt,RB,KC,2025,14,0,0,0.0,0,,12,1,0,0.0,0.0345,0.0,29,22,9.0,10.44,9.0
00-0033923,Kareem Hunt,RB,KC,2025,15,0,0,0.0,0,,6,2,1,11,0.0667,0.044,21,20,3.0,7.07,3.0
00-0033923,Kareem Hunt,RB,KC,2025,16,0,0,0.0,0,,3,0,0,0.0,0.0,0.0,15,18,0.2,1.2,0.2
00-0033923,Kareem Hunt,RB,KC,2025,17,0,0,0.0,0,,7,0,0,0.0,0.0,0.0,19,19,3.8,3.52,3.8
00-0033923,Kareem Hunt,RB,KC,2025,18,0,0,0.0,0,,5,4,3,-4,0.1333,-0.0179,23,26,6.5,7.21,6.5
00-0033943,Josh Reynolds,WR,NYJ,2025,1,0,0,0.0,0,,0,3,2,30,0.1429,0.1775,39,29,3.8,4.06,3.8
00-0033943,Josh Reynolds,WR,NYJ,2025,4,0,0,0.0,0,,0,2,0,28,0.0741,0.1366,28,28,0.0,2.9,0.0
00-0033943,Josh Reynolds,WR,NYJ,2025,5,0,0,0.0,0,,0,4,3,33,0.0909,0.1071,22,22,7.9,7.92,7.9
00-0033943,Josh Reynolds,WR,NYJ,2025,6,0,0,0.0,0,,0,3,3,19,0.1875,0.2021,31,25,5.5,4.31,5.5
00-0033943,Josh Reynolds,WR,NYJ,2025,7,0,0,0.0,0,,0,9,3,166,0.2903,0.4523,20,17,5.9,14.28,5.9
00-0033949,Joshua Dobbs,QB,NE,2025,4,1,0,-0.855,0,-56.36,3,0,0,0.0,0.0,0.0,29,25,-0.2,0.3,-0.2
00-0033949,Joshua Dobbs,QB,NE,2025,7,1,1,1.775,0,45.855,2,0,0,0.0,0.0,0.0,36,27,0.3,0.2,0.28
00-0033949,Joshua Dobbs,QB,NE,2025,17,4,3,-1.086,0,8.892,2,0,0,0.0,0.0,0.0,36,36,1.1,1.07,1.1
00-0033949,Joshua Dobbs,QB,NE,2025,18,4,3,0.093,0,8.601,3,0,0,0.0,0.0,0.0,34,27,0.9,2.45,0.92
00-0033955,Jeremy McNichols,RB,WAS,2025,1,0,0,0.0,0,,4,0,0,0.0,0.0,0.0,32,23,2.5,1.89,2.5
00-0033955,Jeremy McNichols,RB,WAS,2025,3,0,0,0.0,0,,4,0,0,0.0,0.0,0.0,32,24,13.8,2.15,13.8
00-0033955,Jeremy McNichols,RB,WAS,2025,4,0,0,0.0,0,,2,2,1,1,0.0833,0.0035,22,19,1.3,4.36,1.3
00-0033955,Jeremy McNichols,RB,WAS,2025,5,0,0,0.0,0,,1,2,1,-11,0.087,-0.046,28,23,2.8,3.24,2.8
00-0033955,Jeremy McNichols,RB,WAS,2025,6,0,0,0.0,0,,2,4,3,10,0.1667,0.0472,31,23,6.5,6.94,6.5
00-0033955,Jeremy McNichols,RB,WAS,2025,7,0,0,0.0,0,,2,3,2,1,0.0968,0.0032,28,21,6.5,5.36,6.5
00-0033955,Jeremy McNichols,RB,WAS,2025,8,0,0,0.0,0,,1,6,5,-2,0.2,-0.0123,20,16,11.8,9.05,11.8
00-0033955,Jeremy McNichols,RB,WAS,2025,9,0,0,0.0,0,,1,0,0,0.0,0.0,0.0,36,26,0.0,0.41,0.0
00-0033955,Jeremy McNichols,RB,WAS,2025,10,0,0,0.0,0,,5,1,1,4,0.0455,0.0139,27,23,3.9,5.52,3.9
00-0033955,Jeremy McNichols,RB,WAS,2025,11,0,0,0.0,0,,4,2,2,-4,0.069,-0.0181,33,32,4.9,6.28,4.9
00-0033955,Jeremy McNichols,RB,WAS,2025,13,0,0,0.0,0,,6,2,2,-9,0.0444,-0.0151,33,23,5.0,6.89,5.0
00-0033955,Jeremy McNichols,RB,WAS,2025,14,0,0,0.0,0,,0,1,1,-6,0.05,-0.0522,23,18,1.2,1.42,1.2
00-0033955,Jeremy McNichols,RB,WAS,2025,15,0,0,0.0,0,,9,1,1,-3,0.0625,-0.0116,37,28,1.2,6.35,1.2
00-0033955,Jeremy McNichols,RB,WAS,2025,16,0,0,0.0,0,,1,3,2,-8,0.15,-0.0468,26,27,5.2,5.61,5.2
00-0033955,Jeremy McNichols,RB,WAS,2025,17,0,0,0.0,0,,1,3,3,-2,0.1429,-0.012,16,15,4.0,4.71,4.0
00-0033955,Jeremy McNichols,RB,WAS,2025,18,0,0,0.0,0,,1,1,1,6,0.0526,0.0488,41,32,2.1,1.32,2.1
00-0034073,Ross Dwelley,TE,DET,2025,10,0,0,0.0,0,,0,1,0,0.0,0.0312,0.0,33,35,0.0,1.6,0.0
00-0034073,Ross Dwelley,TE,DET,2025,13,0,0,0.0,0,,0,3,1,1,0.1111,0.0059,30,33,1.3,8.36,1.3
00-0034073,Ross Dwelley,TE,DET,2025,14,0,0,0.0,0,,0,1,1,0.0,0.0323,0.0,22,26,1.4,2.28,1.4
00-0034159,Will Dissly,TE,LAC,2025,1,0,0,0.0,0,,0,1,1,5,0.0294,0.0146,25,19,2.8,1.85,2.8
00-0034159,Will Dissly,TE,LAC,2025,2,0,0,0.0,0,,0,1,1,4,0.037,0.0164,26,19,1.7,1.61,1.7
00-0034159,Will Dissly,TE,LAC,2025,6,0,0,0.0,0,,0,2,2,0.0,0.0526,0.0,25,28,3.8,2.88,3.8
00-0034159,Will Dissly,TE,LAC,2025,7,0,0,0.0,0,,0,1,0,9,0.0185,0.02,16,16,0.0,1.73,0.0
00-0034159,Will Dissly,TE,LAC,2025,14,0,0,0.0,0,,0,1,1,1,0.0435,0.0037,38,30,1.1,1.3,1.1
00-0034159,Will Dissly,TE,LAC,2025,16,0,0,0.0,0,,0,3,3,15,0.1071,0.0558,33,26,5.8,4.94,5.8
00-0034159,Will Dissly,TE,LAC,2025,17,0,0,0.0,0,,0,2,2,1,0.0645,0.0036,22,23,3.9,2.61,3.9
00-0034159,Will Dissly,TE,LAC,2025,18,0,0,0.0,0,,0,5,1,37,0.1316,0.0937,21,16,1.6,6.16,1.6
00-0034270,Tyler Conklin,TE,LAC,2025,1,0,0,0.0,0,,1,2,2,28,0.0588,0.0819,25,19,7.2,4.39,7.2
00-0034270,Tyler Conklin,TE,LAC,2025,3,0,0,0.0,0,,0,2,0,-1,0.0444,-0.0023,28,31,0.0,2.77,0.0
00-0034270,Tyler Conklin,TE,LAC,2025,4,0,0,0.0,0,,0,1,1,-4,0.0263,-0.0151,13,17,1.3,1.35,1.3
00-0034270,Tyler Conklin,TE,LAC,2025,5,0,0,0.0,0,,0,3,2,13,0.0938,0.1024,27,29,5.0,4.3,5.0
00-0034270,Tyler Conklin,TE,LAC,2025,10,0,0,0.0,0,,0,1,1,5,0.0303,0.0321,31,27,2.2,1.65,2.2
00-0034270,Tyler Conklin,TE,LAC,2025,18,0,0,0.0,0,,0,1,1,4,0.0263,0.0101,21,16,1.6,1.2,1.6
00-0034272,Marquez Valdes-Scantling,WR,SF,2025,2,0,0,0.0,0,,0,1,0,16,0.0263,0.063,26,26,0.0,1.69,0.0
00-0034272,Marquez Valdes-Scantling,WR,SF,2025,3,0,0,0.0,0,,0,1,1,8,0.0263,0.0259,20,29,1.9,1.61,1.9
00-0034272,Marquez Valdes-Scantling,WR,SF,2025,5,0,0,0.0,0,,0,3,1,28,0.0625,0.0966,33,35,1.9,4.87,1.9
00-0034272,Marquez Valdes-Scantling,WR,SF,2025,6,0,0,0.0,0,,0,3,2,36,0.0811,0.0952,22,27,4.2,4.22,4.2
00-0034272,Marquez Valdes-Scantling,WR,PIT,2025,14,0,0,0.0,0,,0,1,0,4,0.0303,0.0189,17,23,0.0,1.44,0.0
00-0034272,Marquez Valdes-Scantling,WR,PIT,2025,15,0,0,0.0,0,,0,1,1,19,0.037,0.2065,32,37,8.9,3.21,8.9
00-0034272,Marquez Valdes-Scantling,WR,PIT,2025,16,0,0,0.0,0,,0,3,1,81,0.0789,0.2418,27,30,1.6,6.42,1.6
00-0034272,Marquez Valdes-Scantling,WR,PIT,2025,17,0,0,0.0,0,,0,9,3,85,0.2432,0.3728,24,22,5.1,14.81,5.1
00-0034272,Marquez Valdes-Scantling,WR,PIT,2025,18,0,0,0.0,0,,0,7,5,77,0.1591,0.2369,24,32,8.4,11.41,8.4
00-0034348,Courtland Sutton,WR,DEN,2025,1,0,0,0.0,0,,0,9,6,107,0.2432,0.5023,30,27,18.1,15.12,18.1
00-0034348,Courtland Sutton,WR,DEN,2025,2,0,0,0.0,0,,0,4,1,47,0.1333,0.3197,24,24,1.6,9.11,1.6
00-0034348,Courtland Sutton,WR,DEN,2025,3,0,0,0.0,0,,0,8,6,146,0.3478,0.5428,21,17,23.8,14.25,23.8
00-0034348,Courtland Sutton,WR,DEN,2025,4,0,0,0.0,0,,0,6,5,49,0.1429,0.175,38,36,19.1,10.06,19.1
00-0034348,Courtland Sutton,WR,DEN,2025,5,0,0,0.0,0,,0,10,8,107,0.2778,0.3365,29,29,17.9,14.89,17.9
00-0034348,Courtland Sutton,WR,DEN,2025,6,0,0,0.0,0,,0,3,1,30,0.1154,0.1961,26,21,2.7,5.94,2.7
00-0034348,Courtland Sutton,WR,DEN,2025,7,0,0,0.0,0,,0,10,6,107,0.2041,0.2723,24,22,16.7,18.7,16.7
00-0034348,Courtland Sutton,WR,DEN,2025,8,0,0,0.0,0,,0,6,4,95,0.2222,0.3177,28,26,10.7,11.54,10.7
00-0034348,Courtland Sutton,WR,DEN,2025,9,0,0,0.0,0,,0,6,1,129,0.1765,0.2925,23,25,10.0,8.92,10.0
00-0034348,Courtland Sutton,WR,DEN,2025,10,0,0,-4.032,1,,0,4,3,31,0.1481,0.1255,27,25,5.4,5.93,5.4
00-0034348,Courtland Sutton,WR,DEN,2025,11,0,0,0.0,0,,0,8,4,65,0.2222,0.2038,21,22,9.9,12.78,9.9
00-0034348,Courtland Sutton,WR,DEN,2025,13,0,0,0.0,0,,0,6,5,63,0.1395,0.3333,23,26,17.2,9.6,17.2
00-0034348,Courtland Sutton,WR,DEN,2025,14,0,0,0.0,0,,0,10,6,105,0.2778,0.4861,31,33,12.2,17.94,12.2
00-0034348,Courtland Sutton,WR,DEN,2025,15,0,0,0.0,0,,0,10,7,136,0.3125,0.4211,31,22,24.3,18.13,24.3
00-0034348,Courtland Sutton,WR,DEN,2025,16,0,0,0.0,0,,0,12,6,209,0.2609,0.4655,17,17,20.6,25.97,20.6
00-0034348,Courtland Sutton,WR,DEN,2025,17,0,0,0.0,0,,0,10,4,107,0.2703,0.5194,32,26,8.0,17.98,8.0
00-0034348,Courtland Sutton,WR,DEN,2025,18,0,0,0.0,0,,0,2,1,9,0.087,0.3462,31,27,1.5,2.78,1.5
00-0034351,Dallas Goedert,TE,PHI,2025,1,0,0,0.0,0,,0,7,7,34,0.35,0.3036,38,28,11.4,10.56,11.4
00-0034351,Dallas Goedert,TE,PHI,2025,3,0,0,0.0,0,,0,2,1,30,0.0667,0.1095,27,22,10.3,3.86,10.3
00-0034351,Dallas Goedert,TE,PHI,2025,4,0,0,0.0,0,,0,4,4,20,0.1667,0.1198,32,26,19.7,11.7,19.7
00-0034351,Dallas Goedert,TE,PHI,2025,5,0,0,0.0,0,,0,9,3,97,0.2432,0.2332,11,13,10.9,16.05,10.9
00-0034351,Dallas Goedert,TE,PHI,2025,6,0,0,0.0,0,,0,11,9,107,0.3438,0.3386,20,17,26.0,19.85,26.0
00-0034351,Dallas Goedert,TE,PHI,2025,7,0,0,0.0,0,,0,3,3,13,0.1304,0.0458,23,22,4.8,4.74,4.8
00-0034351,Dallas Goedert,TE,PHI,2025,8,0,0,0.0,0,,0,3,3,11,0.15,0.0748,33,30,17.8,5.76,17.8
00-0034351,Dallas Goedert,TE,PHI,2025,10,0,0,0.0,0,,0,6,4,54,0.2609,0.2358,34,34,8.3,10.44,8.3
00-0034351,Dallas Goedert,TE,PHI,2025,11,0,0,0.0,0,,0,5,2,41,0.1852,0.1133,40,31,4.4,8.14,4.4
00-0034351,Dallas Goedert,TE,PHI,2025,12,0,0,0.0,0,,0,2,2,11,0.0556,0.0375,18,18,4.0,3.24,4.0
00-0034351,Dallas Goedert,TE,PHI,2025,13,0,0,0.0,0,,0,4,2,37,0.1333,0.1108,17,14,4.7,5.59,4.7
00-0034351,Dallas Goedert,TE,PHI,2025,14,0,0,0.0,0,,0,10,8,50,0.2632,0.1225,25,22,15.8,14.04,15.8
00-0034351,Dallas Goedert,TE,PHI,2025,15,0,0,0.0,0,,0,7,6,29,0.3889,0.2197,47,41,25.0,15.9,25.0
00-0034351,Dallas Goedert,TE,PHI,2025,16,0,0,0.0,0,,0,3,3,23,0.1034,0.1144,34,26,12.2,5.48,12.2
00-0034351,Dallas Goedert,TE,PHI,2025,17,0,0,0.0,0,,0,6,3,26,0.2727,0.1008,26,24,9.8,13.37,9.8
00-0034365,Ian Thomas,TE,LV,2025,5,0,0,0.0,0,,0,3,3,3,0.0833,0.0123,25,26,5.0,4.21,5.0
00-0034365,Ian Thomas,TE,LV,2025,6,0,0,0.0,0,,0,1,1,3,0.0435,0.0517,32,30,1.4,1.04,1.4
00-0034365,Ian Thomas,TE,LV,2025,9,0,0,0.0,0,,0,1,1,2,0.0263,0.0123,19,19,1.9,1.35,1.9
00-0034365,Ian Thomas,TE,LV,2025,11,0,0,0.0,0,,0,1,1,17,0.0256,0.0773,12,16,3.0,2.31,3.0
00-0034365,Ian Thomas,TE,LV,2025,12,0,0,0.0,0,,0,4,4,10,0.0952,0.0277,21,29,7.6,4.99,7.6
00-0034365,Ian Thomas,TE,LV,2025,13,0,0,0.0,0,,0,1,1,1,0.0455,0.0133,18,22,1.8,1.36,1.8
00-0034365,Ian Thomas,TE,LV,2025,14,0,0,0.0,0,,0,2,2,6,0.0714,0.0246,12,13,3.7,2.56,3.7
00-0034367,Nyheim Hines,RB,LAC,2025,8,0,0,0.0,0,,2,0,0,0.0,0.0,0.0,43,37,-0.2,0.89,-0.2
00-0034383,Dalton Schultz,TE,HOU,2025,1,0,0,0.0,0,,0,5,3,25,0.1852,0.1453,27,23,5.8,6.58,5.8
00-0034383,Dalton Schultz,TE,HOU,2025,2,0,0,0.0,0,,0,4,3,20,0.1739,0.1026,19,18,5.9,5.58,5.9
00-0034383,Dalton Schultz,TE,HOU,2025,3,0,0,0.0,0,,0,6,5,37,0.1667,0.1285,19,19,8.9,9.87,8.9
00-0034383,Dalton Schultz,TE,HOU,2025,4,0,0,0.0,0,,0,6,5,49,0.2143,0.2692,35,36,8.0,11.04,8.0
00-0034383,Dalton Schultz,TE,HOU,2025,5,0,0,0.0,0,,0,6,5,44,0.1935,0.1699,33,27,11.0,9.67,11.0
00-0034383,Dalton Schultz,TE,HOU,2025,7,0,0,0.0,0,,0,10,9,33,0.2174,0.0778,17,19,18.8,14.72,18.8
00-0034383,Dalton Schultz,TE,HOU,2025,8,0,0,0.0,0,,0,3,2,37,0.0789,0.1095,36,36,4.4,4.59,4.4
00-0034383,Dalton Schultz,TE,HOU,2025,9,0,0,0.0,0,,0,8,6,45,0.2051,0.136,28,24,13.7,11.76,13.7
00-0034383,Dalton Schultz,TE,HOU,2025,10,0,0,0.0,0,,0,11,7,91,0.25,0.2131,22,22,18.3,16.38,18.3
00-0034383,Dalton Schultz,TE,HOU,2025,11,0,0,0.0,0,,0,9,6,60,0.225,0.1714,23,23,11.1,13.08,11.1
00-0034383,Dalton Schultz,TE,HOU,2025,12,0,0,0.0,0,,0,4,1,59,0.1429,0.2554,26,24,1.8,9.81,1.8
00-0034383,Dalton Schultz,TE,HOU,2025,13,0,0,0.0,0,,0,8,7,35,0.25,0.0893,34,29,12.5,13.64,12.5
00-0034383,Dalton Schultz,TE,HOU,2025,14,0,0,0.0,0,,0,4,3,14,0.1481,0.0459,31,30,5.2,5.77,5.2
00-0034383,Dalton Schultz,TE,HOU,2025,15,0,0,0.0,0,,0,9,8,46,0.3462,0.3932,33,33,21.6,18.18,21.6
00-0034383,Dalton Schultz,TE,HOU,2025,16,0,0,0.0,0,,0,5,5,27,0.1471,0.0885,26,29,14.5,10.5,14.5
00-0034383,Dalton Schultz,TE,HOU,2025,17,0,0,0.0,0,,0,4,3,0.0,0.1538,0.0,34,29,4.9,5.55,4.9
00-0034383,Dalton Schultz,TE,HOU,2025,18,0,0,0.0,0,,0,4,4,37,0.1429,0.1917,32,32,11.3,6.57,11.3
00-0034386,Justin Watson,WR,HOU,2025,1,0,0,0.0,0,,0,2,2,14,0.0741,0.0814,27,23,4.7,3.03,4.7
00-0034386,Justin Watson,WR,HOU,2025,2,0,0,0.0,0,,0,2,1,19,0.087,0.0974,19,18,1.3,4.05,1.3
00-0034407,Ray-Ray McCloud,WR,ATL,2025,1,0,0,0.0,0,,0,5,3,36,0.119,0.125,28,28,8.1,7.73,8.1
00-0034407,Ray-Ray McCloud,WR,ATL,2025,2,0,0,0.0,0,,0,2,0,20,0.0952,0.1515,39,42,0.0,3.6,0.0
00-0034407,Ray-Ray McCloud,WR,ATL,2025,3,0,0,0.0,0,,0,5,2,33,0.122,0.1078,23,27,4.0,7.78,4.0
00-0034407,Ray-Ray McCloud,WR,ATL,2025,4,0,0,0.0,0,,0,2,1,-10,0.0769,-0.0365,37,37,0.3,2.71,0.3
00-0034407,Ray-Ray McCloud,WR,NYG,2025,9,0,0,0.0,0,,0,1,1,5,0.0312,0.023,21,18,1.5,1.49,1.5
00-0034418,Cedrick Wilson Jr.,WR,MIA,2025,8,0,0,0.0,0,,0,1,1,-1,0.037,-0.0099,37,44,1.2,1.48,1.2
00-0034418,Cedrick Wilson Jr.,WR,MIA,2025,9,0,0,0.0,0,,0,1,1,4,0.027,0.0148,20,23,1.7,1.38,1.7
00-0034418,Cedrick Wilson Jr.,WR,MIA,2025,13,0,0,0.0,0,,0,2,1,36,0.1,0.1552,32,28,2.6,2.98,2.6
00-0034418,Cedrick Wilson Jr.,WR,MIA,2025,16,0,0,0.0,0,,0,1,1,7,0.0345,0.0268,28,29,2.1,1.63,2.1
00-0034418,Cedrick Wilson Jr.,WR,MIA,2025,17,0,0,0.0,0,,0,2,1,15,0.0909,0.0765,30,26,1.8,4.48,1.8
00-0034418,Cedrick Wilson Jr.,WR,MIA,2025,18,0,0,0.0,0,,0,2,0,18,0.0833,0.1125,25,25,0.0,3.93,0.0
00-0034419,Braxton Berrios,WR,HOU,2025,7,0,0,0.0,0,,0,3,1,-2,0.0652,-0.0047,17,19,0.9,3.89,0.9
00-0034419,Braxton Berrios,WR,HOU,2025,8,0,0,0.0,0,,0,5,5,26,0.1316,0.0769,36,36,8.8,7.71,8.8
00-0034487,Trent Sherfield,WR,DEN,2025,1,0,0,0.0,0,,0,1,1,-2,0.027,-0.0094,30,27,1.3,1.64,1.3
00-0034487,Trent Sherfield,WR,DEN,2025,2,0,0,0.0,0,,0,1,1,3,0.0333,0.0204,24,24,1.3,1.49,1.3
00-0034487,Trent Sherfield,WR,DEN,2025,5,0,0,0.0,0,,0,2,1,38,0.0556,0.1195,29,29,2.5,4.07,2.5
00-0034487,Trent Sherfield,WR,ARI,2025,14,0,0,0.0,0,,0,1,0,6,0.0227,0.017,14,15,0.0,1.57,0.0
00-0034521,Allen Lazard,WR,NYJ,2025,3,0,0,0.0,0,,0,3,2,12,0.0857,0.0745,23,21,9.3,7.49,9.3
00-0034521,Allen Lazard,WR,NYJ,2025,4,0,0,0.0,0,,0,1,1,5,0.037,0.0244,28,28,1.8,1.34,1.8
00-0034521,Allen Lazard,WR,NYJ,2025,5,0,0,0.0,0,,0,2,1,31,0.0455,0.1006,22,22,1.3,3.39,1.3
00-0034521,Allen Lazard,WR,NYJ,2025,7,0,0,0.0,0,,0,3,2,37,0.0968,0.1008,20,17,3.6,4.46,3.6
00-0034521,Allen Lazard,WR,NYJ,2025,8,0,0,0.0,0,,0,2,1,5,0.0667,0.0272,37,32,1.5,4.41,1.5
00-0034521,Allen Lazard,WR,NYJ,2025,12,0,0,0.0,0,,0,3,1,21,0.1111,0.0729,26,24,1.9,3.33,1.9
00-0034521,Allen Lazard,WR,NYJ,2025,13,0,0,0.0,0,,0,1,1,10,0.0323,0.0313,28,21,2.0,0.77,2.0
00-0034521,Allen Lazard,WR,NYJ,2025,14,0,0,0.0,0,,0,1,0,12,0.0312,0.0415,17,16,0.0,1.3,0.0
00-0034521,Allen Lazard,WR,NYJ,2025,15,0,0,0.0,0,,0,2,1,9,0.0625,0.0423,32,26,1.6,3.69,1.6
00-0034577,Kyle Allen,QB,DET,2025,4,0,0,0.0,0,,2,0,0,0.0,0.0,0.0,29,28,-0.2,-0.2,-0.2
00-0034577,Kyle Allen,QB,DET,2025,10,2,0,-1.355,0,-63.749,1,0,0,0.0,0.0,0.0,33,35,-0.1,0.61,-0.1
00-0034613,Tanner Hudson,TE,CIN,2025,6,0,0,0.0,0,,0,5,4,6,0.125,0.0223,16,19,11.0,8.85,11.0
00-0034613,Tanner Hudson,TE,CIN,2025,8,0,0,0.0,0,,0,2,1,7,0.0606,0.0324,23,25,1.9,3.73,1.9
00-0034613,Tanner Hudson,TE,CIN,2025,9,0,0,0.0,0,,0,2,2,25,0.0444,0.0585,15,21,6.2,3.29,6.2
00-0034613,Tanner Hudson,TE,CIN,2025,11,0,0,0.0,0,,0,3,3,13,0.0769,0.0456,22,27,5.2,4.21,5.2
00-0034613,Tanner Hudson,TE,CIN,2025,12,0,0,0.0,0,,0,1,1,5,0.0294,0.0149,23,23,1.9,1.53,1.9
00-0034613,Tanner Hudson,TE,CIN,2025,13,0,0,0.0,0,,0,2,1,29,0.0455,0.0763,33,38,8.4,6.11,8.4
00-0034613,Tanner Hudson,TE,CIN,2025,14,0,0,0.0,0,,0,1,1,5,0.0278,0.0152,19,22,2.1,1.52,2.1
00-0034613,Tanner Hudson,TE,CIN,2025,15,0,0,0.0,0,,0,5,3,21,0.1389,0.0739,29,35,4.6,7.55,4.6
00-0034613,Tanner Hudson,TE,CIN,2025,16,0,0,0.0,0,,0,1,1,4,0.0323,0.0215,26,29,1.4,1.7,1.4
00-0034613,Tanner Hudson,TE,CIN,2025,17,0,0,0.0,0,,0,2,2,4,0.0606,0.0149,35,33,5.1,2.92,5.1
00-0034753,Mark Andrews,TE,BAL,2025,1,0,0,0.0,0,,0,1,1,4,0.0526,0.0231,29,23,1.5,1.44,1.5
00-0034753,Mark Andrews,TE,BAL,2025,2,0,0,0.0,0,,1,3,1,6,0.1071,0.022,21,17,1.4,9.92,1.4
00-0034753,Mark Andrews,TE,BAL,2025,3,0,0,0.0,0,,0,6,6,65,0.2143,0.2289,19,16,27.1,11.77,27.1
00-0034753,Mark Andrews,TE,BAL,2025,4,0,0,0.0,0,,0,8,7,41,0.2667,0.2595,17,18,10.0,11.14,10.0
00-0034753,Mark Andrews,TE,BAL,2025,5,0,0,0.0,0,,0,3,2,31,0.15,0.1902,19,21,4.2,5.11,4.2
00-0034753,Mark Andrews,TE,BAL,2025,6,0,0,0.0,0,,3,6,4,34,0.1875,0.156,37,36,6.6,15.56,6.6
00-0034753,Mark Andrews,TE,BAL,2025,8,0,0,0.0,0,,0,3,3,27,0.1364,0.1292,35,26,6.4,5.33,6.4
00-0034753,Mark Andrews,TE,BAL,2025,9,0,0,0.0,0,,2,3,2,37,0.1304,0.1787,31,28,16.6,10.59,16.6
00-0034753,Mark Andrews,TE,BAL,2025,10,0,0,0.0,0,,0,5,3,33,0.1786,0.2773,36,30,10.4,11.51,10.4
00-0034753,Mark Andrews,TE,BAL,2025,11,0,0,0.0,0,,1,5,3,30,0.2,0.1508,30,29,15.7,11.15,15.7
00-0034753,Mark Andrews,TE,BAL,2025,12,0,0,0.0,0,,2,3,1,23,0.15,0.1027,34,26,2.1,8.37,2.1
00-0034753,Mark Andrews,TE,BAL,2025,13,0,0,0.0,0,,0,6,4,43,0.2,0.1129,22,19,8.7,10.21,8.7
00-0034753,Mark Andrews,TE,BAL,2025,14,0,0,0.0,0,,0,5,1,27,0.1515,0.1051,40,35,1.9,9.99,1.9
00-0034753,Mark Andrews,TE,BAL,2025,15,0,0,0.0,0,,0,3,2,42,0.25,0.3256,24,21,3.8,5.26,3.8
00-0034753,Mark Andrews,TE,BAL,2025,16,0,0,0.0,0,,1,3,2,32,0.15,0.1871,33,29,4.4,5.1,4.4
00-0034753,Mark Andrews,TE,BAL,2025,17,0,0,0.0,0,,0,4,4,21,0.2,0.2625,53,49,6.8,5.21,6.8
00-0034753,Mark Andrews,TE,BAL,2025,18,0,0,0.0,0,,0,3,2,12,0.1765,0.0678,27,24,3.4,3.79,3.4
00-0034771,Mason Rudolph,QB,PIT,2025,2,2,2,-0.112,0,22.5,0,0,0,0.0,0.0,0.0,21,27,0.5,0.4,0.48
00-0034771,Mason Rudolph,QB,PIT,2025,6,0,0,0.0,0,,3,0,0,0.0,0.0,0.0,28,31,0.0,-0.3,0.0
00-0034771,Mason Rudolph,QB,PIT,2025,11,16,12,10.722,0,12.152,1,0,0,0.0,0.0,0.0,28,33,9.0,7.19,8.98
00-0034771,Mason Rudolph,QB,PIT,2025,12,31,24,-5.817,2,8.868,3,0,0,0.0,0.0,0.0,36,34,7.5,12.85,9.54
00-0034771,Mason Rudolph,QB,PIT,2025,13,3,0,-2.289,0,-67.311,0,0,0,0.0,0.0,0.0,18,21,-2.0,0.8,-2.0
00-0034775,Christian Kirk,WR,HOU,2025,3,0,0,0.0,0,,0,8,3,98,0.2222,0.3403,19,19,5.5,12.24,5.5
00-0034775,Christian Kirk,WR,HOU,2025,4,0,0,0.0,0,,0,4,3,18,0.1429,0.0989,35,36,5.0,7.14,5.0
00-0034775,Christian Kirk,WR,HOU,2025,5,0,0,0.0,0,,0,4,4,45,0.129,0.1737,33,27,10.4,7.53,10.4
00-0034775,Christian Kirk,WR,HOU,2025,9,0,0,0.0,0,,0,8,4,61,0.2051,0.1843,28,24,6.6,11.32,6.6
00-0034775,Christian Kirk,WR,HOU,2025,10,0,0,0.0,0,,0,3,1,13,0.0682,0.0304,22,22,1.3,4.45,1.3
00-0034775,Christian Kirk,WR,HOU,2025,11,0,0,0.0,0,,0,4,1,16,0.1,0.0457,23,23,1.6,7.74,1.6
00-0034775,Christian Kirk,WR,HOU,2025,12,0,0,0.0,0,,0,6,5,17,0.2143,0.0736,26,24,16.4,12.39,16.4
00-0034775,Christian Kirk,WR,HOU,2025,14,0,0,0.0,0,,0,3,1,47,0.1111,0.1541,31,30,1.6,4.58,1.6
00-0034775,Christian Kirk,WR,HOU,2025,16,0,0,0.0,0,,0,5,3,39,0.1471,0.1279,26,29,6.7,7.67,6.7
00-0034775,Christian Kirk,WR,HOU,2025,17,0,0,0.0,0,,0,5,2,14,0.1923,0.0547,34,29,2.1,6.98,2.1
00-0034775,Christian Kirk,WR,HOU,2025,18,0,0,0.0,0,,0,2,1,-3,0.0714,-0.0155,32,32,0.7,2.6,0.7
00-0034791,Nick Chubb,RB,HOU,2025,1,0,0,0.0,0,,13,1,0,5,0.037,0.0291,27,23,6.0,7.34,6.0
00-0034791,Nick Chubb,RB,HOU,2025,2,0,0,0.0,0,,12,2,2,-7,0.087,-0.0359,19,18,15.2,11.49,15.2
00-0034791,Nick Chubb,RB,HOU,2025,3,0,0,0.0,0,,9,4,3,-7,0.1111,-0.0243,19,19,7.0,9.52,7.0
00-0034791,Nick Chubb,RB,HOU,2025,4,0,0,0.0,0,,13,2,2,9,0.0714,0.0495,35,36,8.2,9.46,8.2
00-0034791,Nick Chubb,RB,HOU,2025,5,0,0,0.0,0,,11,1,0,3,0.0323,0.0116,33,27,12.1,10.84,12.1
00-0034791,Nick Chubb,RB,HOU,2025,7,0,0,0.0,0,,5,3,1,2,0.0652,0.0047,17,19,2.1,6.73,2.1
00-0034791,Nick Chubb,RB,HOU,2025,8,0,0,0.0,0,,17,2,2,0.0,0.0526,0.0,36,36,8.9,11.83,8.9
00-0034791,Nick Chubb,RB,HOU,2025,9,0,0,0.0,0,,11,0,0,0.0,0.0,0.0,28,24,3.4,9.19,3.4
00-0034791,Nick Chubb,RB,HOU,2025,10,0,0,0.0,0,,5,1,1,5,0.0227,0.0117,22,22,6.2,3.36,6.2
00-0034791,Nick Chubb,RB,HOU,2025,11,0,0,0.0,0,,3,2,0,2,0.05,0.0057,23,23,1.7,3.65,1.7
00-0034791,Nick Chubb,RB,HOU,2025,12,0,0,0.0,0,,6,1,1,-1,0.0357,-0.0043,26,24,2.5,5.63,2.5
00-0034791,Nick Chubb,RB,HOU,2025,13,0,0,0.0,0,,9,0,0,0.0,0.0,0.0,34,29,9.4,6.5,9.4
00-0034791,Nick Chubb,RB,HOU,2025,14,0,0,0.0,0,,1,0,0,0.0,0.0,0.0,31,30,0.3,0.42,0.3
00-0034791,Nick Chubb,RB,HOU,2025,16,0,0,0.0,0,,6,1,1,4,0.0294,0.0131,26,29,5.2,4.67,5.2
00-0034791,Nick Chubb,RB,HOU,2025,17,0,0,0.0,0,,1,0,0,0.0,0.0,0.0,34,29,0.1,0.48,0.1
00-0034796,Lamar Jackson,QB,BAL,2025,1,19,14,8.798,2,8.721,6,0,0,0.0,0.0,0.0,29,23,29.4,13.05,29.36
00-0034796,Lamar Jackson,QB,BAL,2025,2,29,19,9.343,3,6.714,2,0,0,0.0,0.0,0.0,21,17,26.3,26.98,26.3
00-0034796,Lamar Jackson,QB,BAL,2025,3,27,21,11.023,7,13.372,7,0,0,0.0,0.0,0.0,19,16,27.0,19.92,27.02
00-0034796,Lamar Jackson,QB,BAL,2025,4,20,14,-5.22,3,6.717,6,0,0,0.0,0.0,0.0,17,18,10.7,13.04,12.68
00-0034796,Lamar Jackson,QB,BAL,2025,9,23,18,10.402,2,18.104,5,0,0,0.0,0.0,0.0,31,28,25.6,19.97,25.56
00-0034796,Lamar Jackson,QB,BAL,2025,10,29,17,-1.39,1,-13.496,9,0,0,0.0,0.0,0.0,36,30,16.6,25.95,16.64
00-0034796,Lamar Jackson,QB,BAL,2025,11,25,14,-12.848,5,-8.798,4,0,0,0.0,0.0,0.0,30,29,4.7,12.19,4.72
00-0034796,Lamar Jackson,QB,BAL,2025,12,23,13,-0.071,1,1.159,7,0,0,0.0,0.0,0.0,34,26,7.2,17.72,7.22
00-0034796,Lamar Jackson,QB,BAL,2025,13,32,17,-11.812,3,-6.799,6,0,0,0.0,0.0,0.0,22,19,6.5,15.88,10.54
00-0034796,Lamar Jackson,QB,BAL,2025,14,35,19,-5.129,2,-5.038,7,0,0,0.0,0.0,0.0,40,35,21.1,24.18,21.06
00-0034796,Lamar Jackson,QB,BAL,2025,15,12,8,0.071,4,6.799,2,0,0,0.0,0.0,0.0,24,21,14.6,8.27,14.6
00-0034796,Lamar Jackson,QB,BAL,2025,16,10,7,6.291,0,7.745,2,0,0,0.0,0.0,0.0,33,29,4.7,4.93,4.74
00-0034796,Lamar Jackson,QB,BAL,2025,18,18,11,8.7,3,2.578,4,0,0,0.0,0.0,0.0,27,24,20.4,7.34,20.42
00-0034798,Durham Smythe,TE,CHI,2025,11,0,0,0.0,0,,0,3,1,18,0.1071,0.0468,39,35,1.8,5.21,1.8
00-0034798,Durham Smythe,TE,CHI,2025,12,0,0,0.0,0,,0,1,1,4,0.0333,0.0122,25,21,1.4,1.65,1.4
00-0034798,Durham Smythe,TE,CHI,2025,14,0,0,0.0,0,,0,1,1,-2,0.0357,-0.0067,32,31,1.2,1.47,1.2
00-0034798,Durham Smythe,TE,CHI,2025,17,0,0,0.0,0,,0,1,1,4,0.0256,0.0132,22,22,2.1,1.61,2.1
00-0034827,DJ Moore,WR,CHI,2025,1,0,0,0.0,0,,3,5,3,94,0.1471,0.3574,26,21,10.6,11.17,9.5
00-0034827,DJ Moore,WR,CHI,2025,2,0,0,0.0,0,,0,6,5,38,0.1818,0.1128,27,23,9.6,9.62,9.6
00-0034827,DJ Moore,WR,CHI,2025,3,0,0,0.0,0,,3,5,4,30,0.1786,0.12,29,23,12.8,12.54,12.8
00-0034827,DJ Moore,WR,CHI,2025,4,0,0,0.0,0,,0,5,4,12,0.1389,0.0488,26,22,7.8,7.84,7.8
00-0034827,DJ Moore,WR,CHI,2025,6,0,0,0.0,0,,2,5,3,53,0.1724,0.2154,27,23,8.2,9.61,8.2
00-0034827,DJ Moore,WR,CHI,2025,7,0,0,0.0,0,,1,5,3,32,0.2,0.1455,40,36,8.2,9.58,8.2
00-0034827,DJ Moore,WR,CHI,2025,8,0,0,0.0,0,,2,7,4,72,0.2,0.2323,23,20,11.6,14.17,11.6
00-0034827,DJ Moore,WR,CHI,2025,9,1,1,3.868,0,46.214,1,6,4,79,0.1765,0.2678,37,34,23.0,13.93,22.98
00-0034827,DJ Moore,WR,CHI,2025,10,0,0,0.0,0,,0,4,0,56,0.1111,0.1623,28,25,0.0,6.76,0.0
00-0034827,DJ Moore,WR,CHI,2025,11,0,0,0.0,0,,1,3,1,72,0.1071,0.187,39,35,3.1,6.36,3.1
00-0034827,DJ Moore,WR,CHI,2025,12,0,0,0.0,0,,0,7,5,73,0.2333,0.2226,25,21,23.4,14.6,23.4
00-0034827,DJ Moore,WR,CHI,2025,13,0,0,0.0,0,,1,5,2,54,0.1562,0.2143,47,41,4.7,9.13,4.7
00-0034827,DJ Moore,WR,CHI,2025,14,0,0,0.0,0,,0,3,1,26,0.1071,0.0872,32,31,0.6,4.47,0.6
00-0034827,DJ Moore,WR,CHI,2025,15,0,0,0.0,0,,0,5,4,105,0.1852,0.3818,33,30,22.9,12.9,22.5
00-0034827,DJ Moore,WR,CHI,2025,16,0,0,0.0,0,,1,7,5,123,0.2414,0.3716,26,27,21.9,12.79,21.9
00-0034827,DJ Moore,WR,CHI,2025,17,0,0,0.0,0,,0,4,1,22,0.1026,0.0726,22,22,1.7,8.35,1.7
00-0034827,DJ Moore,WR,CHI,2025,18,0,0,0.0,0,,0,3,1,47,0.1034,0.1808,18,18,2.1,6.28,2.1
00-0034829,Mike Gesicki,TE,CIN,2025,1,0,0,0.0,0,,0,3,1,26,0.1304,0.1538,23,25,2.4,7.04,2.4
00-0034829,Mike Gesicki,TE,CIN,2025,2,0,0,0.0,0,,0,4,3,46,0.093,0.1278,17,18,4.8,8.85,4.8
00-0034829,Mike Gesicki,TE,CIN,2025,3,0,0,0.0,0,,0,3,1,18,0.1154,0.1395,21,23,1.6,4.44,1.6
00-0034829,Mike Gesicki,TE,CIN,2025,4,0,0,0.0,0,,0,1,1,5,0.0455,0.025,15,14,1.8,1.42,1.8
00-0034829,Mike Gesicki,TE,CIN,2025,5,0,0,0.0,0,,0,5,2,38,0.125,0.1121,16,21,3.5,7.66,3.5
00-0034829,Mike Gesicki,TE,CIN,2025,12,0,0,0.0,0,,0,6,4,62,0.1765,0.1845,23,23,7.5,8.64,7.5
00-0034829,Mike Gesicki,TE,CIN,2025,13,0,0,0.0,0,,0,4,2,27,0.0909,0.0711,33,38,3.9,9.46,3.9
00-0034829,Mike Gesicki,TE,CIN,2025,14,0,0,0.0,0,,0,6,6,67,0.1667,0.2036,19,22,20.6,10.54,20.6
00-0034829,Mike Gesicki,TE,CIN,2025,15,0,0,0.0,0,,0,2,1,40,0.0556,0.1408,29,35,2.1,4.21,2.1
00-0034829,Mike Gesicki,TE,CIN,2025,16,0,0,0.0,0,,0,4,3,43,0.129,0.2312,26,29,12.5,8.84,12.5
00-0034829,Mike Gesicki,TE,CIN,2025,17,0,0,0.0,0,,0,2,2,38,0.0606,0.1418,35,33,6.7,3.86,6.7
00-0034829,Mike Gesicki,TE,CIN,2025,18,0,0,0.0,0,,0,2,2,8,0.0526,0.0415,25,28,3.3,4.15,3.3
00-0034837,Calvin Ridley,WR,TEN,2025,1,0,0,0.0,0,,0,8,4,69,0.32,0.2347,21,21,6.7,10.74,6.7
00-0034837,Calvin Ridley,WR,TEN,2025,2,0,0,0.0,0,,0,6,3,71,0.1935,0.3302,26,20,8.7,10.7,8.7
00-0034837,Calvin Ridley,WR,TEN,2025,3,0,0,0.0,0,,0,7,1,89,0.2059,0.4811,23,20,3.7,10.49,3.7
00-0034837,Calvin Ridley,WR,TEN,2025,4,0,0,0.0,0,,0,3,2,34,0.1304,0.1789,18,18,5.0,4.59,5.0
00-0034837,Calvin Ridley,WR,TEN,2025,5,0,0,0.0,0,,0,10,5,168,0.2703,0.399,24,22,18.1,15.55,16.1
00-0034837,Calvin Ridley,WR,TEN,2025,6,0,0,0.0,0,,0,1,1,14,0.0294,0.0553,15,21,2.8,1.49,2.8
00-0034837,Calvin Ridley,WR,TEN,2025,11,0,0,0.0,0,,0,1,1,8,0.0278,0.0299,17,22,2.3,1.41,2.3
00-0034844,Saquon Barkley,RB,PHI,2025,1,0,0,0.0,0,,18,5,4,-5,0.25,-0.0446,38,28,18.4,19.72,18.4
00-0034844,Saquon Barkley,RB,PHI,2025,2,0,0,0.0,0,,22,2,2,-9,0.0952,-0.0539,34,27,17.4,15.85,17.4
00-0034844,Saquon Barkley,RB,PHI,2025,3,0,0,0.0,0,,18,5,4,-2,0.1667,-0.0073,27,22,9.5,19.61,9.5
00-0034844,Saquon Barkley,RB,PHI,2025,4,0,0,0.0,0,,19,4,4,-5,0.1667,-0.0299,32,26,17.4,15.95,17.4
00-0034844,Saquon Barkley,RB,PHI,2025,5,0,0,0.0,0,,6,3,3,31,0.0811,0.0745,11,13,17.8,7.78,17.8
00-0034844,Saquon Barkley,RB,PHI,2025,6,0,0,0.0,0,,12,3,2,-2,0.0938,-0.0063,20,17,8.7,13.79,8.7
00-0034844,Saquon Barkley,RB,PHI,2025,7,0,0,0.0,0,,18,1,1,-4,0.0435,-0.0141,23,22,5.2,11.09,5.2
00-0034844,Saquon Barkley,RB,PHI,2025,8,0,0,0.0,0,,14,5,4,-16,0.25,-0.1088,33,30,33.4,16.08,33.4
00-0034844,Saquon Barkley,RB,PHI,2025,10,0,0,0.0,0,,22,3,3,-10,0.1304,-0.0437,34,34,13.1,14.15,13.1
00-0034844,Saquon Barkley,RB,PHI,2025,11,0,0,0.0,0,,26,2,1,31,0.0741,0.0856,40,31,10.0,19.14,10.0
00-0034844,Saquon Barkley,RB,PHI,2025,12,0,0,0.0,0,,10,8,7,21,0.2222,0.0717,18,18,12.4,18.84,12.4
00-0034844,Saquon Barkley,RB,PHI,2025,13,0,0,0.0,0,,13,2,0,0.0,0.0667,0.0,17,14,5.6,10.51,5.6
00-0034844,Saquon Barkley,RB,PHI,2025,14,0,0,0.0,0,,20,2,0,12,0.0526,0.0294,25,22,18.2,13.52,18.2
00-0034844,Saquon Barkley,RB,PHI,2025,15,0,0,0.0,0,,22,3,2,-3,0.1667,-0.0227,47,41,17.2,25.92,17.2
00-0034844,Saquon Barkley,RB,PHI,2025,16,0,0,0.0,0,,21,2,0,-8,0.069,-0.0398,34,26,21.2,17.76,21.2
00-0034844,Saquon Barkley,RB,PHI,2025,17,0,0,0.0,0,,19,0,0,0.0,0.0,0.0,26,24,6.8,12.45,6.8
00-0034854,KhaDarel Hodge,WR,ATL,2025,1,0,0,0.0,0,,0,1,0,26,0.0238,0.0903,28,28,0.0,2.01,0.0
00-0034854,KhaDarel Hodge,WR,ATL,2025,8,0,0,0.0,0,,0,8,3,105,0.2667,0.3684,17,20,6.1,12.79,6.1
00-0034854,KhaDarel Hodge,WR,ATL,2025,11,0,0,0.0,0,,0,1,0,19,0.0345,0.0745,28,32,0.0,2.02,0.0
00-0034855,Baker Mayfield,QB,TB,2025,1,32,17,5.766,1,-10.401,5,0,0,0.0,0.0,0.0,23,22,22.6,18.0,22.58
00-0034855,Baker Mayfield,QB,TB,2025,2,38,25,-0.643,4,1.904,3,0,0,0.0,0.0,0.0,30,35,19.9,19.75,19.9
00-0034855,Baker Mayfield,QB,TB,2025,3,29,19,8.269,1,1.172,4,0,0,0.0,0.0,0.0,34,35,17.7,14.98,17.72
00-0034855,Baker Mayfield,QB,TB,2025,4,40,22,-5.439,2,-10.172,2,0,0,0.0,0.0,0.0,26,30,18.9,14.33,18.86
00-0034855,Baker Mayfield,QB,TB,2025,5,33,29,25.981,1,20.446,5,0,0,0.0,0.0,0.0,24,24,26.7,18.36,26.66
00-0034855,Baker Mayfield,QB,TB,2025,6,23,17,12.067,1,7.47,3,0,0,0.0,0.0,0.0,26,26,19.6,10.42,19.64
00-0034855,Baker Mayfield,QB,TB,2025,7,50,28,-25.048,4,-9.448,0,0,0,0.0,0.0,0.0,12,16,11.1,22.78,11.12
00-0034855,Baker Mayfield,QB,TB,2025,8,24,15,-1.77,3,-9.645,0,0,0,0.0,0.0,0.0,29,31,4.1,13.87,6.08
00-0034855,Baker Mayfield,QB,TB,2025,10,43,28,0.968,2,-2.539,0,0,0,0.0,0.0,0.0,21,25,22.9,17.6,22.92
00-0034855,Baker Mayfield,QB,TB,2025,11,28,16,-8.959,1,-8.347,5,0,0,0.0,0.0,0.0,39,33,16.8,20.1,18.82
00-0034855,Baker Mayfield,QB,TB,2025,12,19,9,-18.236,2,-20.468,4,0,0,0.0,0.0,0.0,29,24,3.5,10.56,3.54
00-0034855,Baker Mayfield,QB,TB,2025,13,28,18,1.75,2,-0.58,6,0,0,0.0,0.0,0.0,27,26,14.5,17.42,14.46
00-0034855,Baker Mayfield,QB,TB,2025,14,30,14,-9.816,0,-16.48,6,0,0,0.0,0.0,0.0,39,36,11.1,15.48,11.08
00-0034855,Baker Mayfield,QB,TB,2025,15,34,19,4.417,5,-1.121,1,0,0,0.0,0.0,0.0,22,23,19.2,22.71,19.18
00-0034855,Baker Mayfield,QB,TB,2025,16,26,18,2.841,2,1.36,4,0,0,0.0,0.0,0.0,33,30,12.7,14.64,12.7
00-0034855,Baker Mayfield,QB,TB,2025,17,44,33,1.745,3,9.299,3,0,0,0.0,0.0,0.0,16,20,17.4,22.72,19.44
00-0034855,Baker Mayfield,QB,TB,2025,18,22,16,6.786,2,5.478,4,0,0,0.0,0.0,0.0,42,40,13.2,14.05,13.22
00-0034857,Josh Allen,QB,BUF,2025,1,46,33,14.234,1,8.594,14,0,0,0.0,0.0,0.0,31,22,38.8,43.82,38.76
00-0034857,Josh Allen,QB,BUF,2025,2,25,14,-2.247,1,-9.385,6,0,0,0.0,0.0,0.0,43,33,11.8,16.86,11.82
00-0034857,Josh Allen,QB,BUF,2025,3,28,22,10.65,2,7.681,4,0,0,0.0,0.0,0.0,27,26,23.0,15.52,23.02
00-0034857,Josh Allen,QB,BUF,2025,4,22,16,4.917,3,9.253,7,0,0,0.0,0.0,0.0,32,27,24.9,13.07,24.86
00-0034857,Josh Allen,QB,BUF,2025,5,31,22,10.646,1,5.941,9,0,0,0.0,0.0,0.0,29,19,19.4,23.52,19.42
00-0034857,Josh Allen,QB,BUF,2025,6,26,15,-7.168,4,-7.891,6,0,0,0.0,0.0,0.0,24,21,15.4,14.4,14.96
00-0034857,Josh Allen,QB,BUF,2025,8,19,12,7.693,2,-7.16,3,0,0,0.0,0.0,0.0,35,32,23.2,16.68,23.22
00-0034857,Josh Allen,QB,BUF,2025,9,26,23,9.603,3,18.442,6,0,0,0.0,0.0,0.0,35,32,28.8,18.75,28.82
00-0034857,Josh Allen,QB,BUF,2025,10,40,28,4.186,3,7.705,4,0,0,0.0,0.0,0.0,22,24,19.3,21.94,19.34
00-0034857,Josh Allen,QB,BUF,2025,11,30,19,12.441,0,-0.813,6,0,0,0.0,0.0,0.0,23,22,42.7,27.08,42.68
00-0034857,Josh Allen,QB,BUF,2025,12,34,24,-7.278,8,0.771,5,0,0,0.0,0.0,0.0,24,26,8.1,13.38,6.8
00-0034857,Josh Allen,QB,BUF,2025,13,23,15,5.399,0,-8.48,8,0,0,0.0,0.0,0.0,51,49,16.7,17.04,16.72
00-0034857,Josh Allen,QB,BUF,2025,14,28,22,16.701,3,12.484,9,0,0,0.0,0.0,0.0,29,24,37.8,25.93,37.84
00-0034857,Josh Allen,QB,BUF,2025,15,28,19,9.454,2,10.39,11,0,0,0.0,0.0,0.0,37,32,24.5,21.71,24.52
00-0034857,Josh Allen,QB,BUF,2025,16,19,12,-8.472,2,-0.878,7,0,0,0.0,0.0,0.0,29,25,6.9,10.21,6.9
00-0034857,Josh Allen,QB,BUF,2025,17,35,23,-9.434,5,-0.393,7,0,0,0.0,0.0,0.0,33,31,23.2,25.7,24.34
00-0034860,Dante Pettis,WR,NO,2025,12,0,0,0.0,0,,0,1,1,14,0.0233,0.0453,28,17,2.4,1.58,2.4
00-0034860,Dante Pettis,WR,NO,2025,16,0,0,0.0,0,,0,1,0,24,0.0213,0.0569,25,13,0.0,1.92,0.0
00-0034860,Dante Pettis,WR,NO,2025,17,0,0,0.0,0,,0,4,3,53,0.1481,0.1879,23,17,6.3,6.15,6.3
00-0034860,Dante Pettis,WR,NO,2025,18,0,0,0.0,0,,0,5,5,14,0.1471,0.0498,26,28,11.0,6.87,11.0
00-0034867,Malik Turner,WR,SF,2025,5,0,0,0.0,0,,0,1,0,-5,0.0208,-0.0172,33,35,0.0,1.32,0.0
00-0034869,Sam Darnold,QB,SEA,2025,1,23,16,-6.831,1,7.34,2,0,0,0.0,0.0,0.0,26,25,5.4,7.94,7.4
00-0034869,Sam Darnold,QB,SEA,2025,2,33,22,2.854,2,7.035,0,0,0,0.0,0.0,0.0,29,29,15.8,13.59,15.8
00-0034869,Sam Darnold,QB,SEA,2025,3,18,14,16.967,0,22.811,0,0,0,0.0,0.0,0.0,33,34,16.7,11.59,16.72
00-0034869,Sam Darnold,QB,SEA,2025,4,26,18,9.921,3,6.929,1,0,0,0.0,0.0,0.0,35,34,16.1,14.72,16.08
00-0034869,Sam Darnold,QB,SEA,2025,5,34,28,23.413,0,16.302,0,0,0,0.0,0.0,0.0,20,21,27.6,16.42,27.64
00-0034869,Sam Darnold,QB,SEA,2025,6,27,16,10.524,1,7.399,4,0,0,0.0,0.0,0.0,26,24,20.0,13.33,20.0
00-0034869,Sam Darnold,QB,SEA,2025,7,31,17,-5.614,2,-2.268,3,0,0,0.0,0.0,0.0,33,31,8.6,17.85,10.62
00-0034869,Sam Darnold,QB,SEA,2025,9,24,21,22.448,0,23.539,0,0,0,0.0,0.0,0.0,24,25,27.2,14.73,27.2
00-0034869,Sam Darnold,QB,SEA,2025,10,12,10,4.095,1,18.89,3,0,0,0.0,0.0,0.0,46,36,4.9,7.7,6.92
00-0034869,Sam Darnold,QB,SEA,2025,11,44,29,-13.137,0,0.019,2,0,0,0.0,0.0,0.0,35,34,4.3,21.58,4.26
00-0034869,Sam Darnold,QB,SEA,2025,12,26,16,9.424,1,2.11,1,0,0,0.0,0.0,0.0,20,20,17.7,15.84,17.66
00-0034869,Sam Darnold,QB,SEA,2025,13,26,14,-8.515,4,-15.945,0,0,0,0.0,0.0,0.0,32,33,3.1,7.56,5.12
00-0034869,Sam Darnold,QB,SEA,2025,14,30,20,10.041,2,-0.264,3,0,0,0.0,0.0,0.0,26,20,22.3,23.23,22.26
00-0034869,Sam Darnold,QB,SEA,2025,15,36,22,4.554,1,0.553,4,0,0,0.0,0.0,0.0,22,18,11.3,13.85,11.34
00-0034869,Sam Darnold,QB,SEA,2025,16,34,22,-2.734,4,1.344,3,0,0,0.0,0.0,0.0,25,27,19.5,19.97,19.5
00-0034869,Sam Darnold,QB,SEA,2025,17,27,18,-7.614,3,0.747,3,0,0,0.0,0.0,0.0,36,37,6.1,15.0,8.08
00-0034869,Sam Darnold,QB,SEA,2025,18,26,20,4.78,2,6.932,6,0,0,0.0,0.0,0.0,39,40,8.8,12.53,8.82
00-0034928,Steven Sims,WR,ARI,2025,16,0,0,0.0,0,,0,1,0,2,0.0345,0.0088,23,22,0.0,1.5,0.0
00-0034960,Jakobi Meyers,WR,LV,2025,1,0,0,0.0,0,,0,10,8,81,0.303,0.2314,24,24,17.7,15.98,17.7
00-0034960,Jakobi Meyers,WR,LV,2025,2,0,0,0.0,0,,0,12,6,101,0.2791,0.3471,19,20,12.8,20.77,12.8
00-0034960,Jakobi Meyers,WR,LV,2025,3,0,0,0.0,0,,0,4,3,65,0.1481,0.2131,28,26,9.3,6.66,9.3
00-0034960,Jakobi Meyers,WR,LV,2025,4,0,0,0.0,0,,0,7,4,56,0.35,0.5773,31,28,7.0,11.54,7.0
00-0034960,Jakobi Meyers,WR,LV,2025,5,0,0,0.0,0,,0,6,4,63,0.1667,0.2582,25,26,7.2,11.05,7.2
00-0034960,Jakobi Meyers,WR,LV,2025,6,0,0,0.0,0,,0,4,4,34,0.1739,0.5862,32,30,7.9,6.54,7.9
00-0034960,Jakobi Meyers,WR,LV,2025,9,0,0,0.0,0,,0,6,4,36,0.1579,0.2222,19,19,6.3,9.08,6.3
00-0034960,Jakobi Meyers,WR,JAX,2025,10,0,0,0.0,0,,0,3,3,34,0.1304,0.2329,27,24,7.1,4.75,7.1
00-0034960,Jakobi Meyers,WR,JAX,2025,11,0,0,0.0,0,,0,6,5,68,0.2727,0.3505,47,42,11.4,9.84,11.4
00-0034960,Jakobi Meyers,WR,JAX,2025,12,0,0,0.0,0,,0,6,4,54,0.2,0.1993,28,26,15.0,12.9,15.0
00-0034960,Jakobi Meyers,WR,JAX,2025,13,0,0,0.0,0,,1,6,6,45,0.24,0.1667,27,22,21.3,13.04,21.3
00-0034960,Jakobi Meyers,WR,JAX,2025,14,0,0,0.0,0,,3,10,4,79,0.3226,0.2372,32,25,14.8,24.67,14.8
00-0034960,Jakobi Meyers,WR,JAX,2025,15,0,0,0.0,0,,0,7,5,85,0.25,0.2457,27,22,12.1,12.12,12.1
00-0034960,Jakobi Meyers,WR,JAX,2025,16,0,0,0.0,0,,1,8,4,66,0.2286,0.2349,27,24,8.6,14.62,8.6
00-0034960,Jakobi Meyers,WR,JAX,2025,17,0,0,0.0,0,,0,9,6,97,0.2432,0.268,29,22,7.9,15.07,7.9
00-0034960,Jakobi Meyers,WR,JAX,2025,18,0,0,0.0,0,,0,6,5,44,0.1935,0.1492,24,20,9.4,10.19,9.4
00-0034975,Justice Hill,RB,BAL,2025,1,0,0,0.0,0,,2,2,1,-2,0.1053,-0.0116,29,23,-0.1,4.07,-0.1
00-0034975,Justice Hill,RB,BAL,2025,2,0,0,0.0,0,,3,3,3,-8,0.1071,-0.0293,21,17,5.5,6.35,5.5
00-0034975,Justice Hill,RB,BAL,2025,3,0,0,0.0,0,,0,4,3,17,0.1429,0.0599,19,16,7.5,6.52,7.5
00-0034975,Justice Hill,RB,BAL,2025,4,0,0,0.0,0,,3,6,5,-20,0.2,-0.1266,17,18,28.7,11.33,28.7
00-0034975,Justice Hill,RB,BAL,2025,5,0,0,0.0,0,,1,2,1,-7,0.1,-0.0429,19,21,2.2,3.2,2.2
00-0034975,Justice Hill,RB,BAL,2025,6,0,0,0.0,0,,6,6,5,12,0.1875,0.055,37,36,9.4,11.41,9.4
00-0034975,Justice Hill,RB,BAL,2025,8,0,0,0.0,0,,1,0,0,0.0,0.0,0.0,35,26,0.2,0.43,0.2
00-0034975,Justice Hill,RB,BAL,2025,9,0,0,0.0,0,,1,2,2,-4,0.087,-0.0193,31,28,3.5,3.59,3.5
00-0034975,Justice Hill,RB,BAL,2025,10,0,0,0.0,0,,1,2,1,6,0.0714,0.0504,36,30,8.3,6.82,8.3
00-0034981,Foster Moreau,TE,NO,2025,6,0,0,0.0,0,,0,1,1,3,0.0385,0.0136,23,24,1.9,1.39,1.9
00-0034981,Foster Moreau,TE,NO,2025,8,0,0,0.0,0,,0,1,0,-7,0.02,-0.0167,15,11,0.0,1.22,0.0
00-0034981,Foster Moreau,TE,NO,2025,10,0,0,0.0,0,,0,3,2,10,0.1154,0.0391,37,32,3.6,4.76,3.6
00-0034981,Foster Moreau,TE,NO,2025,12,0,0,0.0,0,,0,1,0,-1,0.0233,-0.0032,28,17,0.0,1.04,0.0
00-0034981,Foster Moreau,TE,NO,2025,13,0,0,0.0,0,,0,2,2,3,0.0588,0.0112,27,22,3.3,2.29,3.3
00-0034981,Foster Moreau,TE,NO,2025,14,0,0,0.0,0,,0,1,1,6,0.05,0.038,32,25,2.6,1.58,2.6
00-0034981,Foster Moreau,TE,NO,2025,16,0,0,0.0,0,,0,1,1,-4,0.0213,-0.0095,25,13,1.5,1.36,1.5
00-0034983,Hunter Renfrow,WR,CAR,2025,1,0,0,0.0,0,,0,6,2,66,0.1765,0.2454,25,25,3.1,9.82,3.1
00-0034983,Hunter Renfrow,WR,CAR,2025,2,0,0,0.0,0,,0,9,7,64,0.1698,0.1707,19,23,23.8,17.66,23.8
00-0034983,Hunter Renfrow,WR,CAR,2025,3,0,0,0.0,0,,0,4,2,23,0.1667,0.1729,30,30,2.6,6.37,2.6
00-0034983,Hunter Renfrow,WR,CAR,2025,4,0,0,0.0,0,,0,2,2,7,0.0625,0.0352,28,30,3.0,2.54,3.0
00-0034983,Hunter Renfrow,WR,CAR,2025,5,0,0,0.0,0,,0,3,1,21,0.1111,0.0861,32,31,1.7,3.73,1.7
00-0034983,Hunter Renfrow,WR,CAR,2025,6,0,0,0.0,0,,0,2,1,13,0.0952,0.0844,38,38,1.7,2.95,1.7
00-0035021,Ashton Dulin,WR,IND,2025,1,0,0,0.0,0,,1,0,0,0.0,0.0,0.0,40,34,1.5,1.3,1.5
00-0035021,Ashton Dulin,WR,IND,2025,4,0,0,0.0,0,,1,1,1,5,0.0312,0.016,21,23,2.8,3.37,2.8
00-0035021,Ashton Dulin,WR,IND,2025,5,0,0,0.0,0,,0,5,2,102,0.1613,0.382,25,27,7.5,11.37,7.5
00-0035021,Ashton Dulin,WR,IND,2025,8,0,0,0.0,0,,0,1,1,-8,0.0357,-0.03,18,19,0.2,1.48,0.2
00-0035021,Ashton Dulin,WR,IND,2025,10,0,0,0.0,0,,1,0,0,0.0,0.0,0.0,41,37,2.2,1.11,2.2
00-0035021,Ashton Dulin,WR,IND,2025,12,0,0,0.0,0,,0,1,1,6,0.0323,0.0432,19,18,5.8,1.72,5.8
00-0035021,Ashton Dulin,WR,IND,2025,18,0,0,0.0,0,,0,2,0,53,0.0606,0.1667,28,28,0.0,3.43,0.0
00-0035100,Jake Browning,QB,CIN,2025,2,32,21,-2.021,1,3.617,1,0,0,0.0,0.0,0.0,17,18,17.7,18.02,17.74
00-0035100,Jake Browning,QB,CIN,2025,3,27,19,-18.072,3,0.361,1,0,0,0.0,0.0,0.0,21,23,5.9,8.01,5.9
00-0035100,Jake Browning,QB,CIN,2025,4,25,14,-10.355,3,-4.896,3,0,0,0.0,0.0,0.0,15,14,5.4,9.41,5.4
00-0035100,Jake Browning,QB,CIN,2025,5,40,26,-8.766,2,0.008,4,0,0,0.0,0.0,0.0,16,21,19.1,19.58,19.14
00-0035100,Jake Browning,QB,CIN,2025,12,1,1,0.827,0,30.97,0,0,0,0.0,0.0,0.0,23,23,0.6,0.28,0.56
00-0035140,Mecole Hardman,WR,BUF,2025,11,0,0,0.0,0,,0,1,0,46,0.0333,0.1329,23,22,0.0,2.74,0.0
00-0035208,Olamide Zaccheaus,WR,CHI,2025,1,0,0,0.0,0,,0,7,4,59,0.2059,0.2243,26,21,8.2,10.93,8.2
00-0035208,Olamide Zaccheaus,WR,CHI,2025,2,0,0,0.0,0,,1,5,2,53,0.1515,0.1573,27,23,4.1,8.94,4.1
00-0035208,Olamide Zaccheaus,WR,CHI,2025,3,0,0,0.0,0,,1,4,3,13,0.1429,0.052,29,23,6.6,7.85,6.6
00-0035208,Olamide Zaccheaus,WR,CHI,2025,4,0,0,0.0,0,,0,6,5,20,0.1667,0.0813,26,22,9.1,9.04,9.1
00-0035208,Olamide Zaccheaus,WR,CHI,2025,6,0,0,0.0,0,,1,6,2,53,0.2069,0.2154,27,23,4.8,10.9,4.8
00-0035208,Olamide Zaccheaus,WR,CHI,2025,7,0,0,0.0,0,,1,3,2,14,0.12,0.0636,40,36,2.9,6.0,2.9
00-0035208,Olamide Zaccheaus,WR,CHI,2025,8,0,0,0.0,0,,0,7,7,25,0.2,0.0806,23,20,10.3,10.13,10.3
00-0035208,Olamide Zaccheaus,WR,CHI,2025,9,0,0,0.0,0,,0,8,6,52,0.2353,0.1763,37,34,17.8,12.03,17.8
00-0035208,Olamide Zaccheaus,WR,CHI,2025,10,0,0,0.0,0,,0,4,1,38,0.1111,0.1101,28,25,1.5,6.83,1.5
00-0035208,Olamide Zaccheaus,WR,CHI,2025,12,0,0,0.0,0,,0,1,1,6,0.0333,0.0183,25,21,1.6,1.58,1.6
00-0035208,Olamide Zaccheaus,WR,CHI,2025,13,0,0,0.0,0,,0,3,2,15,0.0938,0.0595,47,41,3.9,5.67,3.9
00-0035208,Olamide Zaccheaus,WR,CHI,2025,14,0,0,0.0,0,,0,3,2,21,0.1071,0.0705,32,31,8.7,5.19,8.7
00-0035208,Olamide Zaccheaus,WR,CHI,2025,15,0,0,0.0,0,,0,3,0,40,0.1111,0.1455,33,30,0.0,4.4,0.0
00-0035208,Olamide Zaccheaus,WR,CHI,2025,16,0,0,0.0,0,,0,5,2,53,0.1724,0.1601,26,27,5.3,10.46,5.3
00-0035228,Kyler Murray,QB,ARI,2025,1,29,21,1.525,5,-1.734,7,0,0,0.0,0.0,0.0,27,25,18.3,22.01,18.32
00-0035228,Kyler Murray,QB,ARI,2025,2,25,17,6.14,1,0.764,7,0,0,0.0,0.0,0.0,22,19,14.0,20.21,14.0
00-0035228,Kyler Murray,QB,ARI,2025,3,35,22,-0.619,1,-2.626,6,0,0,0.0,0.0,0.0,28,27,14.1,18.93,14.06
00-0035228,Kyler Murray,QB,ARI,2025,4,41,27,-3.304,6,-4.958,5,0,0,0.0,0.0,0.0,17,18,16.1,18.4,16.1
00-0035228,Kyler Murray,QB,ARI,2025,5,31,23,1.979,3,8.129,4,0,0,0.0,0.0,0.0,29,31,15.3,16.75,15.3
00-0035229,T.J. Hockenson,TE,MIN,2025,1,0,0,0.0,0,,0,4,3,13,0.2,0.1111,26,27,4.5,5.68,4.5
00-0035229,T.J. Hockenson,TE,MIN,2025,2,0,0,0.0,0,,0,3,1,19,0.1429,0.0754,19,16,2.2,4.77,2.2
00-0035229,T.J. Hockenson,TE,MIN,2025,3,0,0,0.0,0,,0,6,5,45,0.25,0.2394,31,30,15.9,13.13,15.9
00-0035229,T.J. Hockenson,TE,MIN,2025,4,0,0,0.0,0,,0,5,4,23,0.119,0.0687,20,27,7.9,7.51,7.9
00-0035229,T.J. Hockenson,TE,MIN,2025,5,0,0,0.0,0,,0,6,6,7,0.1765,0.0278,23,21,9.8,7.75,9.8
00-0035229,T.J. Hockenson,TE,MIN,2025,7,0,0,0.0,0,,0,9,6,34,0.225,0.0808,23,20,10.3,14.58,10.3
00-0035229,T.J. Hockenson,TE,MIN,2025,8,0,0,0.0,0,,0,3,2,7,0.1,0.0648,11,16,4.6,3.68,4.6
00-0035229,T.J. Hockenson,TE,MIN,2025,9,0,0,0.0,0,,0,3,2,15,0.1304,0.0581,29,22,9.1,6.57,9.1
00-0035229,T.J. Hockenson,TE,MIN,2025,10,0,0,0.0,0,,0,2,2,8,0.0488,0.0175,18,17,2.8,2.37,2.8
00-0035229,T.J. Hockenson,TE,MIN,2025,11,0,0,0.0,0,,0,6,3,44,0.1875,0.1424,22,25,6.9,9.32,6.9
00-0035229,T.J. Hockenson,TE,MIN,2025,12,0,0,0.0,0,,1,4,4,16,0.2222,0.16,20,20,5.9,4.5,5.9
00-0035229,T.J. Hockenson,TE,MIN,2025,13,0,0,0.0,0,,0,6,6,27,0.2069,0.1617,16,21,11.9,8.46,11.9
00-0035229,T.J. Hockenson,TE,MIN,2025,14,0,0,0.0,0,,0,3,2,13,0.1304,0.085,34,29,9.2,7.39,9.2
00-0035229,T.J. Hockenson,TE,MIN,2025,15,0,0,0.0,0,,0,5,4,57,0.2083,0.2289,28,25,10.6,11.6,10.6
00-0035229,T.J. Hockenson,TE,MIN,2025,16,0,0,0.0,0,,0,1,1,1,0.0435,0.008,31,29,1.2,1.39,1.2
00-0035243,Miles Sanders,RB,DAL,2025,1,0,0,0.0,0,,4,1,1,-5,0.0303,-0.0152,22,22,4.0,3.45,4.0
00-0035243,Miles Sanders,RB,DAL,2025,2,0,0,0.0,0,,5,2,2,-12,0.0385,-0.0343,28,31,9.9,6.41,9.9
00-0035243,Miles Sanders,RB,DAL,2025,3,0,0,0.0,0,,9,3,3,10,0.0682,0.0373,20,27,8.3,10.13,8.3
00-0035243,Miles Sanders,RB,DAL,2025,4,0,0,0.0,0,,2,2,2,-7,0.0526,-0.0214,26,28,4.5,4.13,4.5
00-0035249,Josh Oliver,TE,MIN,2025,1,0,0,0.0,0,,0,1,1,-3,0.05,-0.0256,26,27,1.5,2.59,1.5
00-0035249,Josh Oliver,TE,MIN,2025,3,0,0,0.0,0,,0,1,1,6,0.0417,0.0319,31,30,8.2,2.08,8.2
00-0035249,Josh Oliver,TE,MIN,2025,4,0,0,0.0,0,,0,1,0,0.0,0.0238,0.0,20,27,0.0,1.41,0.0
00-0035249,Josh Oliver,TE,MIN,2025,5,0,0,0.0,0,,0,3,2,11,0.0882,0.0437,23,21,11.5,6.02,11.5
00-0035249,Josh Oliver,TE,MIN,2025,7,0,0,0.0,0,,0,1,1,3,0.025,0.0071,23,20,1.9,1.61,1.9
00-0035249,Josh Oliver,TE,MIN,2025,11,0,0,0.0,0,,0,1,1,-3,0.0312,-0.0097,22,25,0.7,1.14,0.7
00-0035249,Josh Oliver,TE,MIN,2025,12,0,0,0.0,0,,0,1,1,2,0.0556,0.02,20,20,1.4,1.42,1.4
00-0035249,Josh Oliver,TE,MIN,2025,14,0,0,0.0,0,,0,2,2,18,0.087,0.1176,34,29,16.4,6.54,16.4
00-0035249,Josh Oliver,TE,MIN,2025,15,0,0,0.0,0,,0,1,1,8,0.0417,0.0321,28,25,2.8,1.73,2.8
00-0035249,Josh Oliver,TE,MIN,2025,16,0,0,0.0,0,,0,3,2,6,0.1304,0.048,31,29,3.9,4.11,3.9
00-0035249,Josh Oliver,TE,MIN,2025,17,0,0,0.0,0,,0,2,1,10,0.1429,0.1493,28,28,1.8,3.1,1.8
00-0035249,Josh Oliver,TE,MIN,2025,18,0,0,0.0,0,,0,2,2,6,0.0667,0.0303,31,31,4.9,2.14,4.9
00-0035250,Devin Singletary,RB,NYG,2025,1,0,0,0.0,0,,3,0,0,0.0,0.0,0.0,23,19,0.9,1.42,0.9
00-0035250,Devin Singletary,RB,NYG,2025,2,0,0,0.0,0,,1,1,1,-7,0.025,-0.0134,21,24,1.0,1.8,1.0
00-0035250,Devin Singletary,RB,NYG,2025,3,0,0,0.0,0,,4,0,0,0.0,0.0,0.0,27,29,1.1,2.18,1.1
00-0035250,Devin Singletary,RB,NYG,2025,4,0,0,0.0,0,,7,0,0,0.0,0.0,0.0,42,34,2.8,3.49,2.8
00-0035250,Devin Singletary,RB,NYG,2025,5,0,0,0.0,0,,6,2,1,-3,0.0513,-0.0091,29,28,3.4,5.38,3.4
00-0035250,Devin Singletary,RB,NYG,2025,6,0,0,0.0,0,,3,0,0,0.0,0.0,0.0,39,28,1.0,1.45,1.0
00-0035250,Devin Singletary,RB,NYG,2025,7,0,0,0.0,0,,2,0,0,0.0,0.0,0.0,32,30,0.2,0.77,0.2
00-0035250,Devin Singletary,RB,NYG,2025,8,0,0,0.0,0,,2,1,1,23,0.0455,0.0979,21,19,3.8,2.51,3.8
00-0035250,Devin Singletary,RB,NYG,2025,9,0,0,0.0,0,,8,2,2,3,0.0625,0.0138,21,18,7.1,9.1,7.1
00-0035250,Devin Singletary,RB,NYG,2025,10,0,0,0.0,0,,8,3,3,-3,0.0938,-0.0103,30,26,10.3,13.15,10.3
00-0035250,Devin Singletary,RB,NYG,2025,11,0,0,0.0,0,,16,1,1,-5,0.0345,-0.0228,38,40,17.7,17.13,17.7
00-0035250,Devin Singletary,RB,NYG,2025,12,0,0,0.0,0,,14,0,0,0.0,0.0,0.0,39,37,4.7,9.22,4.7
00-0035250,Devin Singletary,RB,NYG,2025,13,0,0,0.0,0,,12,3,3,-1,0.125,-0.0054,27,26,19.2,10.05,19.2
00-0035250,Devin Singletary,RB,NYG,2025,15,0,0,0.0,0,,5,1,1,-1,0.0278,-0.0023,29,24,2.4,6.36,2.4
00-0035250,Devin Singletary,RB,NYG,2025,16,0,0,0.0,0,,11,1,1,-5,0.0769,-0.0595,30,30,5.6,6.79,5.6
00-0035250,Devin Singletary,RB,NYG,2025,17,0,0,0.0,0,,8,4,4,-13,0.1379,-0.0828,31,27,17.0,13.74,17.0
00-0035250,Devin Singletary,RB,NYG,2025,18,0,0,1.053,0,,9,0,0,0.0,0.0,0.0,32,35,10.6,7.97,10.6
00-0035261,Tony Pollard,RB,TEN,2025,1,0,0,0.0,0,,18,1,1,-1,0.04,-0.0034,21,21,7.9,8.99,7.9
00-0035261,Tony Pollard,RB,TEN,2025,2,0,0,0.0,0,,20,1,0,-3,0.0323,-0.014,26,20,9.2,11.66,9.2
00-0035261,Tony Pollard,RB,TEN,2025,3,0,0,0.0,0,,16,4,2,-1,0.1176,-0.0054,23,20,13.9,17.44,13.9
00-0035261,Tony Pollard,RB,TEN,2025,4,0,0,0.0,0,,14,3,3,-9,0.1304,-0.0474,18,18,10.6,10.45,10.6
00-0035261,Tony Pollard,RB,TEN,2025,5,0,0,0.0,0,,14,3,3,2,0.0811,0.0048,24,22,14.8,13.13,14.8
00-0035261,Tony Pollard,RB,TEN,2025,6,0,0,0.0,0,,10,2,2,5,0.0588,0.0198,15,21,6.7,7.21,6.7
00-0035261,Tony Pollard,RB,TEN,2025,7,0,0,0.0,0,,6,6,6,8,0.1875,0.0354,12,20,12.1,11.03,12.1
00-0035261,Tony Pollard,RB,TEN,2025,8,0,0,0.0,0,,11,2,1,6,0.0541,0.0183,25,26,6.3,7.67,6.3
00-0035261,Tony Pollard,RB,TEN,2025,9,0,0,0.0,0,,10,2,1,7,0.0952,0.0383,19,21,7.8,13.62,7.8
00-0035261,Tony Pollard,RB,TEN,2025,11,0,0,0.0,0,,10,3,3,-2,0.0833,-0.0075,17,22,5.6,8.53,5.6
00-0035261,Tony Pollard,RB,TEN,2025,12,0,0,0.0,0,,11,5,4,2,0.1316,0.0103,22,24,8.1,11.82,8.1
00-0035261,Tony Pollard,RB,TEN,2025,13,0,0,0.0,0,,10,2,1,8,0.0571,0.0323,14,19,5.3,7.17,5.3
00-0035261,Tony Pollard,RB,TEN,2025,14,0,0,0.0,0,,25,0,0,0.0,0.0,0.0,35,35,28.1,12.35,28.1
00-0035261,Tony Pollard,RB,TEN,2025,15,0,0,0.0,0,,14,2,1,2,0.0741,0.0117,20,21,18.2,10.17,18.2
00-0035261,Tony Pollard,RB,TEN,2025,16,0,0,0.0,0,,21,0,0,0.0,0.0,0.0,40,41,10.2,10.53,10.2
00-0035261,Tony Pollard,RB,TEN,2025,17,0,0,0.0,0,,18,2,2,-2,0.0571,-0.0054,28,28,11.5,11.68,11.5
00-0035261,Tony Pollard,RB,TEN,2025,18,0,0,0.0,0,,14,3,3,-10,0.0909,-0.0787,19,27,9.5,10.6,9.5
00-0035264,Jarrett Stidham,QB,DEN,2025,8,0,0,0.0,0,,1,0,0,0.0,0.0,0.0,28,26,-0.1,-0.1,-0.1
00-0035289,Gardner Minshew,QB,KC,2025,4,0,0,0.0,0,,2,0,0,0.0,0.0,0.0,32,30,-0.3,-0.2,-0.3
00-0035289,Gardner Minshew,QB,KC,2025,7,0,0,0.0,0,,3,0,0,0.0,0.0,0.0,41,39,-0.3,-0.3,-0.3
00-0035289,Gardner Minshew,QB,KC,2025,15,5,3,-1.074,0,7.049,0,0,0,0.0,0.0,0.0,21,20,-1.1,1.2,-1.12
00-0035289,Gardner Minshew,QB,KC,2025,16,8,3,-5.34,0,-36.29,1,0,0,0.0,0.0,0.0,15,18,1.4,2.44,1.4
00-0035291,Trayveon Williams,RB,LAC,2025,11,0,0,0.0,0,,3,1,1,-1,0.0417,-0.0054,16,13,0.9,2.75,0.9
00-0035291,Trayveon Williams,RB,CLE,2025,15,0,0,0.0,0,,1,2,2,-6,0.0645,-0.0198,16,18,2.7,2.93,2.7
00-0035291,Trayveon Williams,RB,CLE,2025,16,0,0,0.0,0,,3,4,4,-18,0.1481,-0.2609,31,32,9.5,6.04,9.5
00-0035291,Trayveon Williams,RB,CLE,2025,17,0,0,0.0,0,,2,0,0,0.0,0.0,0.0,25,25,1.0,1.15,1.0
00-0035291,Trayveon Williams,RB,CLE,2025,18,0,0,0.0,0,,1,2,1,-9,0.0952,-0.0459,24,20,3.0,3.53,3.0
00-0035298,Scott Miller,WR,PIT,2025,4,0,0,0.0,0,,0,1,0,8,0.0455,0.1096,29,31,0.0,1.93,0.0
00-0035298,Scott Miller,WR,PIT,2025,7,0,0,0.0,0,,0,1,1,-1,0.0303,-0.0032,20,25,1.9,1.66,1.9
00-0035298,Scott Miller,WR,PIT,2025,16,0,0,0.0,0,,0,3,3,14,0.0789,0.0418,27,30,4.9,5.01,4.9
00-0035298,Scott Miller,WR,PIT,2025,17,0,0,0.0,0,,0,7,3,51,0.1892,0.2237,24,22,5.5,10.6,5.5
00-0035298,Scott Miller,WR,PIT,2025,18,0,0,0.0,0,,0,2,2,2,0.0455,0.0062,24,32,2.9,2.89,2.9
00-0035311,Myles Gaskin,RB,SEA,2025,13,0,0,0.0,0,,3,0,0,0.0,0.0,0.0,32,33,0.6,1.53,0.6
00-0035359,David Sills,WR,ATL,2025,3,0,0,0.0,0,,0,2,1,36,0.0488,0.1176,23,27,1.9,3.79,1.9
00-0035359,David Sills,WR,ATL,2025,8,0,0,0.0,0,,0,3,2,30,0.1,0.1053,17,20,3.4,4.52,3.4
00-0035359,David Sills,WR,ATL,2025,9,0,0,0.0,0,,0,1,0,16,0.0294,0.0526,16,22,0.0,1.72,0.0
00-0035359,David Sills,WR,ATL,2025,10,0,0,0.0,0,,0,1,0,24,0.04,0.0833,29,30,0.0,1.98,0.0
00-0035359,David Sills,WR,ATL,2025,11,0,0,0.0,0,,0,2,1,15,0.069,0.0588,28,32,2.1,2.79,2.1
00-0035359,David Sills,WR,ATL,2025,12,0,0,0.0,0,,0,3,2,21,0.15,0.1243,29,29,9.6,6.33,9.6
00-0035359,David Sills,WR,ATL,2025,13,0,0,0.0,0,,0,4,2,42,0.129,0.2727,32,38,9.5,7.08,9.5
00-0035359,David Sills,WR,ATL,2025,14,0,0,0.0,0,,0,4,0,41,0.1429,0.201,31,35,0.0,6.49,0.0
00-0035359,David Sills,WR,ATL,2025,15,0,0,0.0,0,,0,10,6,126,0.2439,0.3739,21,29,13.8,16.43,13.8
00-0035359,David Sills,WR,ATL,2025,16,0,0,0.0,0,,0,1,0,4,0.0294,0.0203,37,40,0.0,1.4,0.0
00-0035359,David Sills,WR,ATL,2025,17,0,0,0.0,0,,0,4,3,45,0.2,0.2695,33,37,6.7,7.54,6.7
00-0035359,David Sills,WR,ATL,2025,18,0,0,0.0,0,,0,1,1,4,0.0333,0.0181,25,26,2.1,1.55,2.1
00-0035406,Lil'Jordan Humphrey,WR,NYG,2025,6,0,0,0.0,0,,0,8,4,118,0.3077,0.4937,39,28,9.5,15.76,9.5
00-0035406,Lil'Jordan Humphrey,WR,NYG,2025,7,0,0,0.0,0,,0,2,0,28,0.0606,0.0819,32,30,0.0,2.24,0.0
00-0035406,Lil'Jordan Humphrey,WR,DEN,2025,13,0,0,0.0,0,,0,1,0,0.0,0.0233,0.0,23,26,0.0,1.0,0.0
00-0035406,Lil'Jordan Humphrey,WR,DEN,2025,14,0,0,0.0,0,,0,3,3,16,0.0833,0.0741,31,33,5.7,4.79,5.7
00-0035406,Lil'Jordan Humphrey,WR,DEN,2025,15,0,0,0.0,0,,0,4,3,49,0.125,0.1517,31,22,13.2,8.11,13.2
00-0035406,Lil'Jordan Humphrey,WR,DEN,2025,16,0,0,0.0,0,,0,2,1,27,0.0435,0.0601,17,17,1.9,3.56,1.9
00-0035406,Lil'Jordan Humphrey,WR,DEN,2025,17,0,0,0.0,0,,0,5,2,39,0.1351,0.1893,32,26,4.3,7.26,4.3
00-0035500,Greg Dortch,WR,ARI,2025,1,0,0,0.0,0,,0,1,1,-2,0.0345,-0.012,27,25,0.8,1.48,0.8
00-0035500,Greg Dortch,WR,ARI,2025,2,0,0,0.0,0,,0,1,1,11,0.04,0.0688,22,19,2.1,1.93,2.1
00-0035500,Greg Dortch,WR,ARI,2025,3,0,0,0.0,0,,1,2,2,-5,0.0588,-0.0282,28,27,2.8,3.91,2.8
00-0035500,Greg Dortch,WR,ARI,2025,4,0,0,0.0,0,,1,5,4,-7,0.125,-0.0294,17,18,7.9,8.05,7.9
00-0035500,Greg Dortch,WR,ARI,2025,5,0,0,0.0,0,,0,2,2,-6,0.0667,-0.0287,29,31,3.2,3.02,3.2
00-0035500,Greg Dortch,WR,ARI,2025,6,0,0,0.0,0,,0,3,3,2,0.0769,0.0051,24,24,9.9,5.47,9.9
00-0035500,Greg Dortch,WR,ARI,2025,7,0,0,0.0,0,,0,2,2,-6,0.0588,-0.0192,28,27,2.5,3.04,2.5
00-0035500,Greg Dortch,WR,ARI,2025,9,0,0,0.0,0,,1,0,0,0.0,0.0,0.0,29,26,0.9,0.82,0.9
00-0035500,Greg Dortch,WR,ARI,2025,10,0,0,0.0,0,,2,0,0,0.0,0.0,0.0,23,21,6.2,3.39,6.2
00-0035500,Greg Dortch,WR,ARI,2025,11,0,0,0.0,0,,0,6,6,25,0.1071,0.0644,14,23,18.6,10.03,18.6
00-0035500,Greg Dortch,WR,ARI,2025,12,0,0,0.0,0,,2,9,6,49,0.1957,0.1286,20,22,16.8,14.81,16.8
00-0035500,Greg Dortch,WR,ARI,2025,13,0,0,0.0,0,,0,2,2,-3,0.0541,-0.0104,19,24,3.4,2.42,3.4
00-0035535,Darius Slayton,WR,NYG,2025,1,0,0,0.0,0,,0,1,0,16,0.0312,0.0708,23,19,0.0,1.83,0.0
00-0035535,Darius Slayton,WR,NYG,2025,2,0,0,0.0,0,,0,3,2,43,0.075,0.0824,21,24,8.1,6.0,8.1
00-0035535,Darius Slayton,WR,NYG,2025,3,0,0,0.0,0,,0,4,4,25,0.1333,0.088,27,29,7.0,6.2,7.0
00-0035535,Darius Slayton,WR,NYG,2025,4,0,0,0.0,0,,0,4,3,66,0.2,0.541,42,34,7.4,6.42,7.4
00-0035535,Darius Slayton,WR,NYG,2025,5,0,0,0.0,0,,0,6,3,103,0.1538,0.314,29,28,4.1,10.82,4.1
00-0035535,Darius Slayton,WR,NYG,2025,8,0,0,0.0,0,,0,5,2,72,0.2273,0.3064,21,19,4.6,7.73,4.6
00-0035535,Darius Slayton,WR,NYG,2025,9,0,0,0.0,0,,0,7,5,87,0.2188,0.4009,21,18,11.2,12.86,11.2
00-0035535,Darius Slayton,WR,NYG,2025,10,0,0,0.0,0,,0,4,4,73,0.125,0.2509,30,26,12.9,6.74,12.9
00-0035535,Darius Slayton,WR,NYG,2025,12,0,0,0.0,0,,0,2,1,34,0.0588,0.0831,39,37,3.3,5.17,3.3
00-0035535,Darius Slayton,WR,NYG,2025,13,0,0,0.0,0,,0,3,2,45,0.125,0.2446,27,26,14.1,5.23,14.1
00-0035535,Darius Slayton,WR,NYG,2025,15,0,0,0.0,0,,0,10,4,181,0.2778,0.4209,29,24,9.3,14.89,9.3
00-0035535,Darius Slayton,WR,NYG,2025,16,0,0,0.0,0,,0,2,1,19,0.1538,0.2262,30,30,1.8,3.22,1.8
00-0035535,Darius Slayton,WR,NYG,2025,17,0,0,0.0,0,,0,3,2,40,0.1034,0.2548,31,27,5.6,5.64,5.6
00-0035535,Darius Slayton,WR,NYG,2025,18,0,0,0.0,0,,0,9,4,39,0.2812,0.212,32,35,9.4,17.2,9.4
00-0035537,Ty Johnson,RB,BUF,2025,1,0,0,0.0,0,,2,2,0,9,0.0444,0.0225,31,22,2.4,4.94,2.4
00-0035537,Ty Johnson,RB,BUF,2025,2,0,0,0.0,0,,2,1,0,-4,0.04,-0.0274,43,33,0.6,3.7,0.6
00-0035537,Ty Johnson,RB,BUF,2025,3,0,0,0.0,0,,3,2,1,1,0.0741,0.009,27,26,3.1,4.55,3.1
00-0035537,Ty Johnson,RB,BUF,2025,4,0,0,0.0,0,,1,0,0,0.0,0.0,0.0,32,27,0.0,0.3,0.0
00-0035537,Ty Johnson,RB,BUF,2025,5,0,0,0.0,0,,2,0,0,0.0,0.0,0.0,29,19,1.0,1.1,1.0
00-0035537,Ty Johnson,RB,BUF,2025,6,0,0,0.0,0,,1,2,1,4,0.0769,0.0139,24,21,2.6,3.61,1.5
00-0035537,Ty Johnson,RB,BUF,2025,8,0,0,0.0,0,,4,0,0,0.0,0.0,0.0,35,32,0.6,2.12,0.6
00-0035537,Ty Johnson,RB,BUF,2025,9,0,0,0.0,0,,2,2,2,-7,0.08,-0.0526,35,32,10.0,5.61,10.0
00-0035537,Ty Johnson,RB,BUF,2025,10,0,0,0.0,0,,1,2,2,-9,0.0513,-0.0223,22,24,4.6,3.56,4.6
00-0035537,Ty Johnson,RB,BUF,2025,11,0,0,0.0,0,,1,2,2,-8,0.0667,-0.0231,23,22,15.0,3.62,15.0
00-0035537,Ty Johnson,RB,BUF,2025,12,0,0,0.0,0,,2,3,3,14,0.0938,0.087,24,26,8.2,6.28,8.2
00-0035537,Ty Johnson,RB,BUF,2025,13,0,0,0.0,0,,2,5,3,-8,0.2174,-0.2051,51,49,5.5,7.68,5.5
00-0035537,Ty Johnson,RB,BUF,2025,14,0,0,0.0,0,,2,3,2,-12,0.1111,-0.093,29,24,5.9,5.79,5.9
00-0035537,Ty Johnson,RB,BUF,2025,15,0,0,0.0,0,,4,3,3,-16,0.1154,-0.0593,37,32,5.8,6.73,5.8
00-0035537,Ty Johnson,RB,BUF,2025,16,0,0,0.0,0,,3,0,0,0.0,0.0,0.0,29,25,7.6,4.06,7.6
00-0035537,Ty Johnson,RB,BUF,2025,17,0,0,0.0,0,,5,4,3,-7,0.1212,-0.0279,33,31,7.8,10.36,5.7
00-0035537,Ty Johnson,RB,BUF,2025,18,0,0,0.0,0,,13,2,2,4,0.0714,0.0201,43,43,19.6,21.9,19.6
00-0035544,Tom Kennedy,WR,DET,2025,13,0,0,0.0,0,,0,4,4,32,0.1481,0.1882,30,33,7.6,6.05,7.6
00-0035567,Craig Reynolds,RB,DET,2025,2,0,0,0.0,0,,3,0,0,0.0,0.0,0.0,30,30,0.4,1.26,0.4
00-0035594,Travis Homer,RB,CHI,2025,11,0,0,0.0,0,,1,0,0,0.0,0.0,0.0,39,35,-0.2,0.68,-0.2
00-0035602,Alex Bachman,WR,LV,2025,1,0,0,0.0,0,,0,1,0,4,0.0303,0.0114,24,24,0.0,1.39,0.0
00-0035602,Alex Bachman,WR,LV,2025,5,0,0,0.0,0,,0,1,1,7,0.0278,0.0287,25,26,1.9,1.59,1.9
00-0035602,Alex Bachman,WR,LV,2025,16,0,0,0.0,0,,0,1,1,3,0.0455,0.0158,27,27,1.3,1.19,1.3
00-0035628,D'Ernest Johnson,RB,ARI,2025,7,0,0,0.0,0,,1,0,0,0.0,0.0,0.0,28,27,0.0,0.88,0.0
00-0035628,D'Ernest Johnson,RB,NE,2025,10,0,0,0.0,0,,1,0,0,0.0,0.0,0.0,27,20,0.1,1.82,0.1
00-0035628,D'Ernest Johnson,RB,NE,2025,11,0,0,0.0,0,,3,0,0,0.0,0.0,0.0,27,27,0.6,1.96,0.6
00-0035628,D'Ernest Johnson,RB,NE,2025,17,0,0,0.0,0,,4,0,0,0.0,0.0,0.0,36,36,0.5,2.1,0.5
00-0035628,D'Ernest Johnson,RB,NE,2025,18,0,0,0.0,0,,5,0,0,0.0,0.0,0.0,34,27,1.3,2.39,1.3
00-0035631,Drew Sample,TE,CIN,2025,1,0,0,0.0,0,,0,1,0,2,0.0435,0.0118,23,25,0.0,0.92,0.0
00-0035631,Drew Sample,TE,CIN,2025,2,0,0,0.0,0,,0,2,1,-6,0.0465,-0.0167,17,18,1.7,2.52,1.7
00-0035631,Drew Sample,TE,CIN,2025,3,0,0,0.0,0,,0,3,2,9,0.1154,0.0698,21,23,10.0,5.3,10.0
00-0035631,Drew Sample,TE,CIN,2025,5,0,0,0.0,0,,0,1,1,-1,0.025,-0.0029,16,21,0.9,1.47,0.9
00-0035631,Drew Sample,TE,CIN,2025,6,0,0,0.0,0,,0,2,1,-5,0.05,-0.0186,16,19,0.8,2.62,0.8
00-0035631,Drew Sample,TE,CIN,2025,12,0,0,0.0,0,,0,1,1,-2,0.0294,-0.006,23,23,1.0,1.43,1.0
00-0035631,Drew Sample,TE,CIN,2025,13,0,0,0.0,0,,1,2,1,1,0.0455,0.0026,33,38,2.7,3.57,2.7
00-0035631,Drew Sample,TE,CIN,2025,15,0,0,0.0,0,,0,2,2,4,0.0556,0.0141,29,35,3.2,2.95,3.2
00-0035631,Drew Sample,TE,CIN,2025,16,0,0,0.0,0,,0,2,2,-3,0.0645,-0.0161,26,29,5.1,2.52,5.1
00-0035631,Drew Sample,TE,CIN,2025,17,0,0,0.0,0,,0,1,1,-3,0.0303,-0.0112,35,33,1.8,1.68,1.8
00-0035631,Drew Sample,TE,CIN,2025,18,0,0,0.0,0,,0,3,3,-3,0.0789,-0.0155,25,28,4.7,4.21,4.7
00-0035640,DK Metcalf,WR,PIT,2025,1,0,0,0.0,0,,0,7,4,28,0.2414,0.2014,20,24,12.3,9.32,12.3
00-0035640,DK Metcalf,WR,PIT,2025,2,0,0,0.0,0,,0,6,3,45,0.1935,0.2419,21,27,11.0,11.33,11.0
00-0035640,DK Metcalf,WR,PIT,2025,3,0,0,0.0,0,,0,4,3,34,0.1818,0.2982,26,28,12.2,7.22,12.2
00-0035640,DK Metcalf,WR,PIT,2025,4,0,0,0.0,0,,0,5,5,34,0.2273,0.4658,29,31,23.6,8.27,23.6
00-0035640,DK Metcalf,WR,PIT,2025,6,0,0,0.0,0,,0,9,4,151,0.3103,0.6771,28,31,19.5,15.21,19.5
00-0035640,DK Metcalf,WR,PIT,2025,7,0,0,0.0,0,,0,5,3,93,0.1515,0.301,20,25,8.0,8.98,8.0
00-0035640,DK Metcalf,WR,PIT,2025,8,0,0,0.0,0,,0,7,5,69,0.2188,0.2875,18,22,16.5,14.21,16.5
00-0035640,DK Metcalf,WR,PIT,2025,9,0,0,0.0,0,,0,4,2,7,0.1143,0.068,23,27,2.6,10.87,2.6
00-0035640,DK Metcalf,WR,PIT,2025,10,0,0,0.0,0,,0,7,3,118,0.25,0.4701,16,20,6.5,13.38,6.5
00-0035640,DK Metcalf,WR,PIT,2025,11,0,0,0.0,0,,0,8,5,88,0.2759,0.6617,28,33,9.9,12.99,9.9
00-0035640,DK Metcalf,WR,PIT,2025,12,0,0,0.0,0,,2,8,5,49,0.2581,0.25,36,34,14.4,14.03,14.4
00-0035640,DK Metcalf,WR,PIT,2025,13,0,0,0.0,0,,0,5,3,24,0.2273,0.1983,18,21,6.2,7.09,6.2
00-0035640,DK Metcalf,WR,PIT,2025,14,0,0,0.0,0,,0,12,7,166,0.3636,0.783,17,23,21.8,26.58,21.8
00-0035640,DK Metcalf,WR,PIT,2025,15,0,0,0.0,0,,0,3,3,33,0.1111,0.3587,32,37,14.5,5.26,14.5
00-0035640,DK Metcalf,WR,PIT,2025,16,0,0,0.0,0,,0,9,4,105,0.2368,0.3134,27,30,8.2,15.88,8.2
00-0035644,Noah Fant,TE,CIN,2025,1,0,0,0.0,0,,0,5,4,2,0.2174,0.0118,23,25,12.6,10.25,12.6
00-0035644,Noah Fant,TE,CIN,2025,2,0,0,0.0,0,,0,4,3,25,0.093,0.0694,17,18,5.8,5.95,5.8
00-0035644,Noah Fant,TE,CIN,2025,3,0,0,0.0,0,,0,5,5,13,0.1923,0.1008,21,23,5.6,6.39,5.6
00-0035644,Noah Fant,TE,CIN,2025,6,0,0,0.0,0,,0,4,4,11,0.1,0.0409,16,19,6.7,5.1,6.7
00-0035644,Noah Fant,TE,CIN,2025,7,0,0,0.0,0,,0,4,4,13,0.0889,0.0386,23,20,14.4,8.02,14.4
00-0035644,Noah Fant,TE,CIN,2025,8,0,0,0.0,0,,0,3,3,11,0.0909,0.0509,23,25,7.1,4.98,7.1
00-0035644,Noah Fant,TE,CIN,2025,9,0,0,0.0,0,,0,3,2,31,0.0667,0.0726,15,21,10.8,4.92,10.8
00-0035644,Noah Fant,TE,CIN,2025,11,0,0,0.0,0,,0,6,5,10,0.1538,0.0351,22,27,6.6,8.07,6.6
00-0035644,Noah Fant,TE,CIN,2025,12,0,0,0.0,0,,0,1,1,1,0.0294,0.003,23,23,1.9,1.44,1.9
00-0035644,Noah Fant,TE,CIN,2025,13,0,0,0.0,0,,0,2,1,7,0.0455,0.0184,33,38,1.3,2.86,1.3
00-0035644,Noah Fant,TE,CIN,2025,14,0,0,0.0,0,,0,2,1,17,0.0556,0.0517,19,22,2.5,3.42,2.5
00-0035644,Noah Fant,TE,CIN,2025,17,0,0,0.0,0,,0,1,0,-3,0.0303,-0.0112,35,33,0.0,5.05,0.0
00-0035644,Noah Fant,TE,CIN,2025,18,0,0,0.0,0,,0,1,1,-1,0.0263,-0.0052,25,28,-0.5,1.49,-0.5
00-0035645,Gunner Olszewski,WR,NYG,2025,9,0,0,0.0,0,,0,1,1,23,0.0312,0.106,21,18,9.4,2.27,9.4
00-0035645,Gunner Olszewski,WR,NYG,2025,10,0,0,0.0,0,,0,2,0,28,0.0625,0.0962,30,26,0.0,4.75,0.0
00-0035645,Gunner Olszewski,WR,NYG,2025,12,1,1,3.223,0,35.398,0,0,0,0.0,0.0,0.0,39,37,5.3,0.48,5.32
00-0035645,Gunner Olszewski,WR,NYG,2025,17,0,0,0.0,0,,0,1,1,3,0.0345,0.0191,31,27,2.9,1.04,2.9
00-0035645,Gunner Olszewski,WR,NYG,2025,18,1,0,-0.795,0,-40.118,0,9,8,76,0.2812,0.413,32,35,18.2,15.25,18.2
00-0035659,Terry McLaurin,WR,WAS,2025,1,0,0,0.0,0,,0,4,2,77,0.1379,0.276,32,23,4.7,7.12,4.7
00-0035659,Terry McLaurin,WR,WAS,2025,2,0,0,0.0,0,,0,9,5,110,0.225,0.3943,19,14,9.8,14.2,9.8
00-0035659,Terry McLaurin,WR,WAS,2025,3,0,0,0.0,0,,0,4,3,57,0.2222,0.3608,32,24,10.4,6.7,10.4
00-0035659,Terry McLaurin,WR,WAS,2025,8,0,0,0.0,0,,0,4,3,82,0.1333,0.5062,20,16,14.4,7.64,14.4
00-0035659,Terry McLaurin,WR,WAS,2025,13,0,0,0.0,0,,0,14,7,221,0.3111,0.3696,33,23,22.6,29.65,22.6
00-0035659,Terry McLaurin,WR,WAS,2025,14,0,0,0.0,0,,0,6,3,43,0.3,0.3739,23,18,7.1,8.1,7.1
00-0035659,Terry McLaurin,WR,WAS,2025,15,0,0,0.0,0,,0,4,3,69,0.25,0.2664,37,28,15.9,6.2,15.9
00-0035659,Terry McLaurin,WR,WAS,2025,16,0,0,0.0,0,,0,4,3,56,0.2,0.3275,26,27,8.3,6.24,8.3
00-0035659,Terry McLaurin,WR,WAS,2025,17,0,0,0.0,0,,0,7,5,79,0.3333,0.4731,16,15,11.3,10.1,11.3
00-0035659,Terry McLaurin,WR,WAS,2025,18,0,0,0.0,0,,0,4,4,45,0.2105,0.3659,41,32,9.7,5.03,9.7
00-0035662,Marquise Brown,WR,KC,2025,1,0,0,0.0,0,,0,16,10,101,0.4211,0.3727,17,14,19.9,26.3,19.9
00-0035662,Marquise Brown,WR,KC,2025,2,0,0,0.0,0,,0,5,5,22,0.1724,0.0712,26,21,8.0,7.27,8.0
00-0035662,Marquise Brown,WR,KC,2025,3,0,0,0.0,0,,0,6,4,85,0.1714,0.2665,28,24,8.2,10.27,8.2
00-0035662,Marquise Brown,WR,KC,2025,4,0,0,0.0,0,,0,5,3,39,0.1429,0.1506,32,30,12.8,10.23,12.8
00-0035662,Marquise Brown,WR,KC,2025,5,0,0,0.0,0,,0,8,4,119,0.2,0.2968,22,22,8.8,13.98,8.8
00-0035662,Marquise Brown,WR,KC,2025,6,0,0,0.0,0,,0,4,4,31,0.1429,0.2013,29,23,20.5,9.97,20.5
00-0035662,Marquise Brown,WR,KC,2025,7,0,0,0.0,0,,0,4,2,38,0.1176,0.1836,41,39,9.4,8.06,9.4
00-0035662,Marquise Brown,WR,KC,2025,8,0,0,0.0,0,,0,1,0,19,0.0312,0.0868,30,25,0.0,2.25,0.0
00-0035662,Marquise Brown,WR,KC,2025,9,0,0,0.0,0,,0,4,2,93,0.1379,0.1886,20,17,9.3,6.53,9.3
00-0035662,Marquise Brown,WR,KC,2025,11,0,0,0.0,0,,0,4,4,28,0.093,0.0864,14,16,8.0,6.08,8.0
00-0035662,Marquise Brown,WR,KC,2025,12,0,0,0.0,0,,0,1,1,-2,0.0233,-0.0057,41,44,2.0,1.43,2.0
00-0035662,Marquise Brown,WR,KC,2025,13,0,0,0.0,0,,0,2,2,17,0.0625,0.0708,23,20,10.0,4.15,10.0
00-0035662,Marquise Brown,WR,KC,2025,14,0,0,0.0,0,,0,2,1,77,0.069,0.2664,29,22,4.5,3.46,4.5
00-0035662,Marquise Brown,WR,KC,2025,16,0,0,0.0,0,,0,3,3,1,0.1364,0.0089,15,18,5.2,3.83,5.2
00-0035662,Marquise Brown,WR,KC,2025,17,0,0,0.0,0,,0,3,1,36,0.15,0.3214,19,19,1.7,4.03,1.7
00-0035662,Marquise Brown,WR,KC,2025,18,0,0,0.0,0,,0,6,3,132,0.2,0.5919,23,26,9.4,8.85,9.4
00-0035676,A.J. Brown,WR,PHI,2025,1,0,0,0.0,0,,0,1,1,8,0.05,0.0714,38,28,1.8,1.63,1.8
00-0035676,A.J. Brown,WR,PHI,2025,2,0,0,0.0,0,,0,8,5,59,0.381,0.3533,34,27,7.7,10.36,7.7
00-0035676,A.J. Brown,WR,PHI,2025,3,0,0,0.0,0,,0,10,6,120,0.3333,0.438,27,22,22.9,18.59,22.9
00-0035676,A.J. Brown,WR,PHI,2025,4,0,0,0.0,0,,0,9,2,119,0.375,0.7126,32,26,2.7,15.0,2.7
00-0035676,A.J. Brown,WR,PHI,2025,5,0,0,0.0,0,,0,8,5,83,0.2162,0.1995,11,13,9.3,13.09,9.3
00-0035676,A.J. Brown,WR,PHI,2025,6,0,0,0.0,0,,0,9,6,109,0.2812,0.3449,20,17,14.0,16.32,14.0
00-0035676,A.J. Brown,WR,PHI,2025,7,0,0,0.0,0,,0,6,4,109,0.2609,0.3838,23,22,28.1,12.2,28.1
00-0035676,A.J. Brown,WR,PHI,2025,10,0,0,0.0,0,,0,3,2,39,0.1304,0.1703,34,34,3.3,4.87,3.3
00-0035676,A.J. Brown,WR,PHI,2025,11,0,0,0.0,0,,0,11,7,122,0.4074,0.337,40,31,11.9,17.6,11.9
00-0035676,A.J. Brown,WR,PHI,2025,12,0,0,0.0,0,,0,10,8,90,0.2778,0.3072,18,18,25.0,19.61,25.0
00-0035676,A.J. Brown,WR,PHI,2025,13,0,0,0.0,0,,0,12,10,150,0.4,0.4491,17,14,35.2,20.5,35.2
00-0035676,A.J. Brown,WR,PHI,2025,14,0,0,0.0,0,,0,13,6,198,0.3421,0.4853,25,22,16.0,22.52,14.0
00-0035676,A.J. Brown,WR,PHI,2025,15,0,0,0.0,0,,0,2,2,34,0.1111,0.2576,47,41,12.1,4.53,12.1
00-0035676,A.J. Brown,WR,PHI,2025,16,0,0,0.0,0,,0,12,9,92,0.4138,0.4577,34,26,18.5,18.11,18.5
00-0035676,A.J. Brown,WR,PHI,2025,17,0,0,0.0,0,,0,7,5,93,0.3182,0.3605,26,24,11.8,12.26,11.8
00-0035685,David Montgomery,RB,DET,2025,1,0,0,0.0,0,,11,4,4,4,0.1053,0.0245,22,34,8.3,10.91,8.3
00-0035685,David Montgomery,RB,DET,2025,2,0,0,0.0,0,,11,1,1,-7,0.0357,-0.0255,30,30,13.1,14.88,13.1
00-0035685,David Montgomery,RB,DET,2025,3,0,0,0.0,0,,12,1,1,4,0.0385,0.019,38,40,29.4,9.86,29.4
00-0035685,David Montgomery,RB,DET,2025,4,0,0,0.0,0,,9,1,0,3,0.04,0.0096,29,28,1.2,8.93,1.2
00-0035685,David Montgomery,RB,DET,2025,5,1,1,1.373,0,49.453,18,1,1,3,0.0435,0.0283,33,33,18.2,18.94,18.22
00-0035685,David Montgomery,RB,DET,2025,6,0,0,0.0,0,,4,2,2,-3,0.0741,-0.0275,23,24,8.1,5.1,8.1
00-0035685,David Montgomery,RB,DET,2025,7,0,0,0.0,0,,13,3,2,-10,0.1071,-0.0637,32,35,5.9,10.88,5.9
00-0035685,David Montgomery,RB,DET,2025,9,0,0,0.0,0,,11,4,2,13,0.1111,0.0522,20,25,11.0,16.32,11.0
00-0035685,David Montgomery,RB,DET,2025,10,0,0,0.0,0,,15,1,1,-1,0.0312,-0.0058,33,35,10.1,12.86,10.1
00-0035685,David Montgomery,RB,DET,2025,11,0,0,0.0,0,,6,1,1,1,0.0278,0.0041,21,24,4.7,4.36,4.7
00-0035685,David Montgomery,RB,DET,2025,12,0,0,0.0,0,,5,3,3,-2,0.0789,-0.009,20,34,6.7,10.96,6.7
00-0035685,David Montgomery,RB,DET,2025,13,1,0,-0.414,0,-42.562,8,2,2,5,0.0741,0.0294,30,33,12.8,9.47,12.8
00-0035685,David Montgomery,RB,DET,2025,14,0,0,0.0,0,,6,1,1,2,0.0323,0.0087,22,26,14.3,4.51,14.3
00-0035685,David Montgomery,RB,DET,2025,15,0,0,0.0,0,,7,1,0,5,0.0263,0.0144,20,24,9.2,7.5,9.2
00-0035685,David Montgomery,RB,DET,2025,16,0,0,0.0,0,,4,0,0,0.0,0.0,0.0,12,21,1.4,1.84,1.4
00-0035685,David Montgomery,RB,DET,2025,17,0,0,0.0,0,,10,2,2,-7,0.069,-0.0352,30,31,6.0,12.76,6.0
00-0035685,David Montgomery,RB,DET,2025,18,0,0,-2.704,1,,8,1,1,2,0.0278,0.008,27,31,6.5,6.09,6.5
00-0035689,Dawson Knox,TE,BUF,2025,1,0,0,0.0,0,,0,2,2,3,0.0444,0.0075,31,22,4.0,2.94,4.0
00-0035689,Dawson Knox,TE,BUF,2025,2,0,0,0.0,0,,0,5,2,12,0.2,0.0822,43,33,3.9,8.54,3.9
00-0035689,Dawson Knox,TE,BUF,2025,4,0,0,0.0,0,,0,1,0,22,0.0455,0.0982,32,27,0.0,1.87,0.0
00-0035689,Dawson Knox,TE,BUF,2025,5,0,0,0.0,0,,0,2,2,7,0.0667,0.0285,29,19,3.5,3.04,3.5
00-0035689,Dawson Knox,TE,BUF,2025,6,0,0,0.0,0,,0,2,1,32,0.0769,0.1115,24,21,8.9,5.38,8.9
00-0035689,Dawson Knox,TE,BUF,2025,8,0,0,0.0,0,,0,1,1,14,0.0435,0.0952,35,32,2.5,1.88,2.5
00-0035689,Dawson Knox,TE,BUF,2025,9,0,0,0.0,0,,0,1,1,23,0.04,0.1729,35,32,4.0,2.36,4.0
00-0035689,Dawson Knox,TE,BUF,2025,10,0,0,0.0,0,,0,4,3,33,0.1026,0.0817,22,24,6.7,7.85,6.7
00-0035689,Dawson Knox,TE,BUF,2025,11,0,0,0.0,0,,0,3,1,37,0.1,0.1069,23,22,3.3,5.58,3.3
00-0035689,Dawson Knox,TE,BUF,2025,12,0,0,0.0,0,,0,4,3,17,0.125,0.1056,24,26,4.7,6.23,4.7
00-0035689,Dawson Knox,TE,BUF,2025,13,0,0,0.0,0,,0,4,3,17,0.1739,0.4359,51,49,5.8,6.94,5.8
00-0035689,Dawson Knox,TE,BUF,2025,14,0,0,0.0,0,,0,7,6,34,0.2593,0.2636,29,24,17.3,14.43,17.3
00-0035689,Dawson Knox,TE,BUF,2025,15,0,0,0.0,0,,0,4,3,24,0.1538,0.0889,37,32,18.7,11.46,18.7
00-0035689,Dawson Knox,TE,BUF,2025,16,0,0,0.0,0,,0,2,1,14,0.1111,0.1157,29,25,2.0,4.87,2.0
00-0035689,Dawson Knox,TE,BUF,2025,17,0,0,0.0,0,,0,5,5,19,0.1515,0.0757,33,31,8.0,9.08,8.0
00-0035689,Dawson Knox,TE,BUF,2025,18,0,0,0.0,0,,0,2,2,21,0.0714,0.1055,43,43,10.4,4.99,10.4
00-0035700,Josh Jacobs,RB,GB,2025,1,0,0,0.0,0,,19,1,1,1,0.0455,0.004,25,23,14.0,13.67,14.0
00-0035700,Josh Jacobs,RB,GB,2025,2,0,0,0.0,0,,23,0,0,0.0,0.0,0.0,30,26,14.4,15.51,14.4
00-0035700,Josh Jacobs,RB,GB,2025,3,0,0,0.0,0,,16,9,5,-24,0.36,-0.5,31,27,12.4,23.17,12.4
00-0035700,Josh Jacobs,RB,GB,2025,4,0,0,0.0,0,,22,4,4,-5,0.1111,-0.0196,35,38,31.7,26.31,31.7
00-0035700,Josh Jacobs,RB,GB,2025,6,0,0,0.0,0,,18,5,5,5,0.1923,0.0203,33,28,32.0,18.14,32.0
00-0035700,Josh Jacobs,RB,GB,2025,7,0,0,0.0,0,,13,1,1,0.0,0.0357,0.0,23,21,18.8,11.48,18.8
00-0035700,Josh Jacobs,RB,GB,2025,8,0,0,0.0,0,,13,3,3,-12,0.0857,-0.0619,26,30,13.5,12.97,13.5
00-0035700,Josh Jacobs,RB,GB,2025,9,0,0,0.0,0,,17,5,4,-2,0.1429,-0.0062,25,30,20.0,20.78,20.0
00-0035700,Josh Jacobs,RB,GB,2025,10,0,0,0.0,0,,21,6,5,-3,0.1818,-0.0099,27,28,19.7,19.79,19.7
00-0035700,Josh Jacobs,RB,GB,2025,11,0,0,0.0,0,,7,1,0,-9,0.04,-0.0307,23,20,4.0,9.46,4.0
00-0035700,Josh Jacobs,RB,GB,2025,13,0,0,0.0,0,,17,1,1,3,0.0345,0.0087,30,24,10.1,10.88,10.1
00-0035700,Josh Jacobs,RB,GB,2025,14,0,0,0.0,0,,20,2,2,-6,0.087,-0.0193,26,26,17.2,17.79,17.2
00-0035700,Josh Jacobs,RB,GB,2025,15,0,0,0.0,0,,12,3,2,19,0.0833,0.042,20,19,23.2,10.99,23.2
00-0035700,Josh Jacobs,RB,GB,2025,16,0,0,0.0,0,,12,2,2,-3,0.0833,-0.0181,44,29,4.8,12.93,4.8
00-0035700,Josh Jacobs,RB,GB,2025,17,0,0,0.0,0,,4,1,1,-3,0.04,-0.0103,17,10,1.3,4.27,1.3
00-0035704,Drew Lock,QB,SEA,2025,3,3,2,-0.893,0,-14.29,1,0,0,0.0,0.0,0.0,33,34,0.5,0.93,0.5
00-0035704,Drew Lock,QB,SEA,2025,10,0,0,0.0,0,,4,0,0,0.0,0.0,0.0,46,36,-0.4,-0.3,-0.4
00-0035704,Drew Lock,QB,SEA,2025,14,0,0,0.0,0,,1,0,0,0.0,0.0,0.0,26,20,0.0,0.0,0.0
00-0035710,Daniel Jones,QB,IND,2025,1,29,22,12.998,1,5.388,7,0,0,0.0,0.0,0.0,40,34,29.5,26.43,29.48
00-0035710,Daniel Jones,QB,IND,2025,2,34,23,10.953,1,4.974,6,0,0,0.0,0.0,0.0,32,27,22.8,30.04,22.84
00-0035710,Daniel Jones,QB,IND,2025,3,25,18,10.819,0,1.659,4,0,0,0.0,0.0,0.0,28,23,15.8,13.79,15.82
00-0035710,Daniel Jones,QB,IND,2025,4,33,24,4.143,2,7.551,1,0,0,0.0,0.0,0.0,21,23,10.4,13.46,10.38
00-0035710,Daniel Jones,QB,IND,2025,5,29,20,12.36,0,-1.163,1,0,0,0.0,0.0,0.0,25,27,16.7,19.33,16.68
00-0035710,Daniel Jones,QB,IND,2025,6,30,22,2.848,1,3.749,5,0,0,0.0,0.0,0.0,27,27,22.5,18.64,22.48
00-0035710,Daniel Jones,QB,IND,2025,7,34,23,14.861,1,5.181,5,0,0,0.0,0.0,0.0,23,22,22.2,21.87,21.92
00-0035710,Daniel Jones,QB,IND,2025,8,29,21,13.843,3,13.392,1,0,0,0.0,0.0,0.0,18,19,23.2,16.75,23.18
00-0035710,Daniel Jones,QB,IND,2025,9,50,31,-16.258,5,-1.629,3,0,0,0.0,0.0,0.0,19,19,14.1,32.33,17.8
00-0035710,Daniel Jones,QB,IND,2025,10,26,19,-2.113,7,3.073,7,0,0,0.0,0.0,0.0,41,37,15.5,18.41,17.5
00-0035710,Daniel Jones,QB,IND,2025,12,31,19,1.43,0,-5.146,3,0,0,0.0,0.0,0.0,19,18,16.8,18.04,16.84
00-0035710,Daniel Jones,QB,IND,2025,13,27,14,0.621,1,-8.849,1,0,0,0.0,0.0,0.0,23,24,16.1,10.94,16.14
00-0035710,Daniel Jones,QB,IND,2025,14,7,5,-1.249,0,5.67,1,0,0,0.0,0.0,0.0,26,24,0.8,3.66,0.8
00-0035719,Deebo Samuel Sr.,WR,WAS,2025,1,0,0,0.0,0,,1,10,7,80,0.3448,0.2867,32,23,22.6,17.8,22.6
00-0035719,Deebo Samuel Sr.,WR,WAS,2025,2,0,0,0.0,0,,0,8,7,5,0.2,0.0179,19,14,17.4,11.06,17.4
00-0035719,Deebo Samuel Sr.,WR,WAS,2025,3,0,0,0.0,0,,3,3,2,6,0.1667,0.038,32,24,4.9,6.51,4.9
00-0035719,Deebo Samuel Sr.,WR,WAS,2025,4,0,0,0.0,0,,3,6,6,69,0.25,0.2413,22,19,20.1,12.49,20.1
00-0035719,Deebo Samuel Sr.,WR,WAS,2025,5,0,0,0.0,0,,0,11,8,104,0.4783,0.4351,28,23,23.6,22.73,23.6
00-0035719,Deebo Samuel Sr.,WR,WAS,2025,6,0,0,0.0,0,,1,5,4,24,0.2083,0.1132,31,23,5.4,10.08,5.4
00-0035719,Deebo Samuel Sr.,WR,WAS,2025,8,0,0,0.0,0,,1,6,3,29,0.2,0.179,20,16,4.2,10.49,4.2
00-0035719,Deebo Samuel Sr.,WR,WAS,2025,9,0,0,0.0,0,,1,6,5,5,0.2857,0.04,36,26,9.4,9.34,9.4
00-0035719,Deebo Samuel Sr.,WR,WAS,2025,10,0,0,0.0,0,,0,5,4,20,0.2273,0.0694,27,23,12.9,12.65,12.9
00-0035719,Deebo Samuel Sr.,WR,WAS,2025,11,0,0,0.0,0,,1,8,7,25,0.2759,0.1131,33,32,20.7,14.24,20.7
00-0035719,Deebo Samuel Sr.,WR,WAS,2025,13,0,0,0.0,0,,2,7,5,64,0.1556,0.107,33,23,11.1,12.13,11.1
00-0035719,Deebo Samuel Sr.,WR,WAS,2025,14,0,0,0.0,0,,0,6,4,-1,0.3,-0.0087,23,18,6.7,11.19,6.7
00-0035719,Deebo Samuel Sr.,WR,WAS,2025,15,0,0,0.0,0,,0,5,3,44,0.3125,0.1699,37,28,7.3,8.6,7.3
00-0035719,Deebo Samuel Sr.,WR,WAS,2025,16,0,0,0.0,0,,0,4,3,18,0.2,0.1053,26,27,6.5,5.87,6.5
00-0035719,Deebo Samuel Sr.,WR,WAS,2025,17,0,0,0.0,0,,2,4,2,19,0.1905,0.1138,16,15,11.3,7.37,11.3
00-0035719,Deebo Samuel Sr.,WR,WAS,2025,18,0,0,0.0,0,,2,5,2,16,0.2632,0.1301,41,32,4.1,7.91,4.1
00-0035876,Andre Baccellia,WR,ARI,2025,11,0,0,0.0,0,,0,1,1,5,0.0179,0.0129,14,23,1.5,1.64,1.5
00-0035876,Andre Baccellia,WR,ARI,2025,14,0,0,0.0,0,,0,3,1,2,0.0682,0.0057,14,15,1.3,4.47,1.3
00-0035891,Cody White,WR,SEA,2025,9,0,0,0.0,0,,0,2,1,25,0.0833,0.1208,24,25,13.0,3.97,13.0
00-0035891,Cody White,WR,SEA,2025,13,0,0,0.0,0,,0,1,1,8,0.0435,0.086,32,33,3.1,1.44,3.1
00-0035891,Cody White,WR,SEA,2025,14,0,0,0.0,0,,0,1,1,6,0.0333,0.0235,26,20,1.9,1.7,1.9
00-0035956,Giovanni Ricci,TE,DET,2025,17,0,0,0.0,0,,0,1,0,3,0.0345,0.0151,30,31,0.0,3.89,0.0
00-0035993,Tyler Huntley,QB,BAL,2025,6,15,10,-7.256,4,11.393,3,0,0,0.0,0.0,0.0,37,36,6.6,6.03,6.62
00-0035993,Tyler Huntley,QB,BAL,2025,8,22,17,5.316,2,10.721,8,0,0,0.0,0.0,0.0,35,26,16.7,18.39,16.74
00-0035993,Tyler Huntley,QB,BAL,2025,15,0,0,0.0,0,,3,0,0,0.0,0.0,0.0,24,21,-0.3,-0.3,-0.3
00-0035993,Tyler Huntley,QB,BAL,2025,16,10,9,1.14,1,24.771,2,0,0,0.0,0.0,0.0,33,29,2.8,3.36,2.8
00-0035993,Tyler Huntley,QB,BAL,2025,17,20,16,6.459,1,10.442,8,0,0,0.0,0.0,0.0,53,49,14.3,13.47,14.28
00-0036040,Juwan Johnson,TE,NO,2025,1,0,0,0.0,0,,0,11,8,89,0.2683,0.2649,22,20,15.6,17.53,15.6
00-0036040,Juwan Johnson,TE,NO,2025,2,0,0,0.0,0,,0,9,5,55,0.2647,0.22,30,33,15.9,13.77,15.9
00-0036040,Juwan Johnson,TE,NO,2025,3,0,0,0.0,0,,0,8,6,33,0.1951,0.0951,27,28,11.1,10.88,11.1
00-0036040,Juwan Johnson,TE,NO,2025,4,0,0,0.0,0,,0,3,3,14,0.12,0.1129,34,30,5.8,4.1,5.8
00-0036040,Juwan Johnson,TE,NO,2025,5,0,0,0.0,0,,0,4,2,30,0.129,0.125,30,23,3.7,8.61,3.7
00-0036040,Juwan Johnson,TE,NO,2025,6,0,0,0.0,0,,0,2,2,4,0.0769,0.0181,23,24,1.5,3.13,1.5
00-0036040,Juwan Johnson,TE,NO,2025,7,0,0,0.0,0,,0,7,5,60,0.2258,0.1554,17,16,12.9,10.86,12.9
00-0036040,Juwan Johnson,TE,NO,2025,8,0,0,0.0,0,,0,8,5,90,0.16,0.2148,15,11,10.3,12.74,10.3
00-0036040,Juwan Johnson,TE,NO,2025,9,0,0,0.0,0,,0,4,3,25,0.1667,0.1147,14,11,12.1,6.05,12.1
00-0036040,Juwan Johnson,TE,NO,2025,10,0,0,0.0,0,,0,4,4,42,0.1538,0.1641,37,32,19.2,5.55,19.2
00-0036040,Juwan Johnson,TE,NO,2025,12,0,0,0.0,0,,0,7,6,54,0.1628,0.1748,28,17,10.6,9.96,10.6
00-0036040,Juwan Johnson,TE,NO,2025,13,0,0,0.0,0,,0,9,5,47,0.2647,0.1747,27,22,8.9,10.99,8.9
00-0036040,Juwan Johnson,TE,NO,2025,14,0,0,0.0,0,,0,4,4,20,0.2,0.1266,32,25,7.8,5.52,7.8
00-0036040,Juwan Johnson,TE,NO,2025,15,0,0,0.0,0,,0,4,4,16,0.129,0.0595,25,18,7.0,5.88,7.0
00-0036040,Juwan Johnson,TE,NO,2025,16,0,0,0.0,0,,0,9,8,58,0.1915,0.1374,25,13,16.9,13.23,16.9
00-0036040,Juwan Johnson,TE,NO,2025,17,0,0,0.0,0,,0,4,4,58,0.1481,0.2057,23,17,13.5,6.76,13.5
00-0036040,Juwan Johnson,TE,NO,2025,18,0,0,0.0,0,,0,5,3,78,0.1471,0.2776,26,28,7.1,8.71,7.1
00-0036133,James Proche,WR,TEN,2025,12,0,0,0.0,0,,0,3,3,40,0.0789,0.2051,22,24,7.2,4.71,7.2
00-0036133,James Proche,WR,TEN,2025,13,0,0,0.0,0,,0,1,1,13,0.0286,0.0524,14,19,2.3,1.51,2.3
00-0036133,James Proche,WR,TEN,2025,14,0,0,0.0,0,,0,1,0,12,0.04,0.069,35,35,0.0,1.27,0.0
00-0036133,James Proche,WR,TEN,2025,15,0,0,0.0,0,,0,1,0,-1,0.037,-0.0058,20,21,0.0,1.29,0.0
00-0036133,James Proche,WR,TEN,2025,17,0,0,0.0,0,,0,5,1,106,0.1429,0.2842,28,28,1.5,6.39,1.5
00-0036133,James Proche,WR,TEN,2025,18,0,0,0.0,0,,0,1,1,5,0.0303,0.0394,19,27,1.5,1.36,1.5
00-0036139,Rico Dowdle,RB,CAR,2025,1,0,0,0.0,0,,3,3,2,-1,0.0882,-0.0037,25,25,3.6,5.73,3.6
00-0036139,Rico Dowdle,RB,CAR,2025,2,0,0,0.0,0,,6,1,1,4,0.0189,0.0107,19,23,2.9,6.69,2.9
00-0036139,Rico Dowdle,RB,CAR,2025,3,0,0,0.0,0,,10,1,1,-7,0.0417,-0.0526,30,30,10.8,10.7,10.8
00-0036139,Rico Dowdle,RB,CAR,2025,4,0,0,0.0,0,,9,1,1,-2,0.0312,-0.0101,28,30,4.0,6.07,4.0
00-0036139,Rico Dowdle,RB,CAR,2025,5,0,0,0.0,0,,23,4,3,-3,0.1481,-0.0123,32,31,32.4,19.62,32.4
00-0036139,Rico Dowdle,RB,CAR,2025,6,0,0,0.0,0,,30,5,4,26,0.2381,0.1688,38,38,33.9,22.06,33.9
00-0036139,Rico Dowdle,RB,CAR,2025,7,0,0,0.0,0,,17,2,1,-7,0.0645,-0.03,36,34,10.6,10.79,10.6
00-0036139,Rico Dowdle,RB,CAR,2025,8,0,0,0.0,0,,8,0,0,0.0,0.0,0.0,28,24,5.4,4.23,5.4
00-0036139,Rico Dowdle,RB,CAR,2025,9,0,0,0.0,0,,25,3,2,-6,0.1579,-0.048,33,32,28.1,18.53,28.1
00-0036139,Rico Dowdle,RB,CAR,2025,10,0,0,0.0,0,,18,3,3,-9,0.1304,-0.0556,23,25,15.3,13.53,15.3
00-0036139,Rico Dowdle,RB,CAR,2025,11,0,0,0.0,0,,19,7,5,-20,0.1591,-0.0719,25,30,15.0,20.29,15.0
00-0036139,Rico Dowdle,RB,CAR,2025,12,0,0,0.0,0,,6,4,4,-4,0.1481,-0.0234,13,17,11.4,7.71,11.4
00-0036139,Rico Dowdle,RB,CAR,2025,13,0,0,0.0,0,,18,2,2,-11,0.1,-0.071,40,40,9.9,11.58,9.9
00-0036139,Rico Dowdle,RB,CAR,2025,15,0,0,0.0,0,,16,1,1,1,0.05,0.0049,31,26,12.4,11.52,12.4
00-0036139,Rico Dowdle,RB,CAR,2025,16,0,0,0.0,0,,9,6,4,17,0.1935,0.0664,20,20,8.3,14.04,8.3
00-0036139,Rico Dowdle,RB,CAR,2025,17,0,0,0.0,0,,12,5,3,-15,0.2381,-0.3488,26,22,9.3,11.71,9.3
00-0036139,Rico Dowdle,RB,CAR,2025,18,0,0,0.0,0,,7,2,2,-15,0.0667,-0.0593,14,16,3.0,4.93,3.0
00-0036158,J.K. Dobbins,RB,DEN,2025,1,0,0,0.0,0,,16,2,2,-3,0.0541,-0.0141,30,27,14.8,11.44,14.8
00-0036158,J.K. Dobbins,RB,DEN,2025,2,0,0,0.0,0,,14,2,1,0.0,0.0667,0.0,24,24,15.5,14.55,15.5
00-0036158,J.K. Dobbins,RB,DEN,2025,3,0,0,0.0,0,,11,2,1,-13,0.087,-0.0483,21,17,15.3,8.34,15.3
00-0036158,J.K. Dobbins,RB,DEN,2025,4,0,0,0.0,0,,16,1,1,-3,0.0238,-0.0107,38,36,11.5,9.67,11.5
00-0036158,J.K. Dobbins,RB,DEN,2025,5,0,0,0.0,0,,20,1,1,-3,0.0278,-0.0094,29,29,15.4,12.46,15.4
00-0036158,J.K. Dobbins,RB,DEN,2025,6,0,0,0.0,0,,14,1,0,-4,0.0385,-0.0261,26,21,4.0,8.82,4.0
00-0036158,J.K. Dobbins,RB,DEN,2025,7,0,0,0.0,0,,14,1,1,-5,0.0204,-0.0127,24,22,9.0,9.27,9.0
00-0036158,J.K. Dobbins,RB,DEN,2025,8,0,0,0.0,0,,15,2,2,0.0,0.0741,0.0,28,26,14.1,15.42,14.1
00-0036158,J.K. Dobbins,RB,DEN,2025,9,0,0,0.0,0,,15,1,1,-2,0.0294,-0.0045,23,25,6.9,8.58,6.9
00-0036158,J.K. Dobbins,RB,DEN,2025,10,0,0,0.0,0,,18,1,1,3,0.037,0.0121,27,25,9.4,10.29,9.4
00-0036165,Isaiah Hodgins,WR,NYG,2025,11,0,0,0.0,0,,0,6,5,59,0.2069,0.2694,38,40,10.7,8.76,10.7
00-0036165,Isaiah Hodgins,WR,NYG,2025,12,0,0,0.0,0,,0,6,2,75,0.1765,0.1834,39,37,12.2,12.65,12.2
00-0036165,Isaiah Hodgins,WR,NYG,2025,13,0,0,0.0,0,,0,1,1,4,0.0417,0.0217,27,26,1.4,0.94,1.4
00-0036165,Isaiah Hodgins,WR,NYG,2025,15,0,0,0.0,0,,0,2,1,24,0.0556,0.0558,29,24,1.4,3.41,1.4
00-0036165,Isaiah Hodgins,WR,NYG,2025,17,0,0,0.0,0,,0,2,1,8,0.069,0.051,31,27,1.8,3.1,1.8
00-0036165,Isaiah Hodgins,WR,NYG,2025,18,0,0,0.0,0,,0,2,0,37,0.0625,0.2011,32,35,0.0,5.26,0.0
00-0036176,Mason Kinsey,WR,TEN,2025,11,0,0,0.0,0,,0,3,1,59,0.0833,0.2201,17,22,2.4,4.94,2.4
00-0036176,Mason Kinsey,WR,TEN,2025,17,0,0,0.0,0,,0,1,1,33,0.0286,0.0885,28,28,4.4,2.41,4.4
00-0036182,Nick Westbrook-Ikhine,WR,MIA,2025,1,0,0,0.0,0,,0,2,1,13,0.0645,0.0556,12,13,1.7,2.95,1.7
00-0036182,Nick Westbrook-Ikhine,WR,MIA,2025,2,0,0,0.0,0,,0,3,2,18,0.0938,0.0717,15,21,3.8,4.21,3.8
00-0036182,Nick Westbrook-Ikhine,WR,MIA,2025,4,0,0,0.0,0,,0,1,1,-4,0.04,-0.0292,31,27,1.1,1.36,1.1
00-0036182,Nick Westbrook-Ikhine,WR,MIA,2025,6,0,0,0.0,0,,0,1,0,5,0.0333,0.0239,21,23,0.0,1.43,0.0
00-0036182,Nick Westbrook-Ikhine,WR,MIA,2025,7,0,0,0.0,0,,0,4,3,16,0.1333,0.0696,22,22,4.6,4.83,4.6
00-0036182,Nick Westbrook-Ikhine,WR,MIA,2025,8,0,0,0.0,0,,0,3,1,24,0.1111,0.2376,37,44,2.8,5.99,2.8
00-0036182,Nick Westbrook-Ikhine,WR,MIA,2025,9,0,0,0.0,0,,0,4,2,26,0.1081,0.0959,20,23,4.2,6.28,4.2
00-0036182,Nick Westbrook-Ikhine,WR,MIA,2025,10,0,0,0.0,0,,0,1,1,7,0.0476,0.0372,32,34,1.7,1.54,1.7
00-0036182,Nick Westbrook-Ikhine,WR,MIA,2025,15,0,0,0.0,0,,0,1,0,5,0.0385,0.0292,16,22,0.0,1.33,0.0
00-0036187,Reggie Gilliam,RB,BUF,2025,12,0,0,0.0,0,,0,1,1,1,0.0312,0.0062,24,26,1.2,1.35,1.2
00-0036187,Reggie Gilliam,RB,BUF,2025,18,0,0,0.0,0,,2,1,1,21,0.0357,0.1055,43,43,3.6,6.13,3.6
00-0036196,Gabe Davis,WR,BUF,2025,11,0,0,0.0,0,,0,4,3,30,0.1333,0.0867,23,22,7.0,9.16,7.0
00-0036196,Gabe Davis,WR,BUF,2025,12,0,0,0.0,0,,0,2,1,40,0.0625,0.2484,24,26,3.2,3.96,3.2
00-0036196,Gabe Davis,WR,BUF,2025,13,0,0,0.0,0,,0,2,1,10,0.087,0.2564,51,49,1.5,3.12,1.5
00-0036196,Gabe Davis,WR,BUF,2025,14,0,0,0.0,0,,0,2,2,21,0.0741,0.1628,29,24,4.1,4.26,4.1
00-0036196,Gabe Davis,WR,BUF,2025,17,0,0,0.0,0,,0,1,0,4,0.0303,0.0159,33,31,0.0,2.3,0.0
00-0036196,Gabe Davis,WR,BUF,2025,18,0,0,0.0,0,,0,7,5,54,0.25,0.2714,43,43,15.1,13.09,15.1
00-0036212,Tua Tagovailoa,QB,MIA,2025,1,23,14,-14.373,3,-7.551,1,0,0,0.0,0.0,0.0,12,13,5.3,11.51,7.26
00-0036212,Tua Tagovailoa,QB,MIA,2025,2,32,26,9.932,5,13.746,0,0,0,0.0,0.0,0.0,15,21,18.6,10.78,18.6
00-0036212,Tua Tagovailoa,QB,MIA,2025,3,34,22,0.147,0,-1.687,2,0,0,0.0,0.0,0.0,25,28,12.8,14.52,12.56
00-0036212,Tua Tagovailoa,QB,MIA,2025,4,25,17,10.378,0,-1.699,3,0,0,0.0,0.0,0.0,31,27,15.7,14.75,15.68
00-0036212,Tua Tagovailoa,QB,MIA,2025,5,36,27,11.485,3,14.81,1,0,0,0.0,0.0,0.0,14,19,22.7,18.88,22.74
00-0036212,Tua Tagovailoa,QB,MIA,2025,6,32,21,-0.033,2,2.048,1,0,0,0.0,0.0,0.0,21,23,6.6,12.57,6.6
00-0036212,Tua Tagovailoa,QB,MIA,2025,7,23,12,-23.489,2,-12.486,3,0,0,0.0,0.0,0.0,22,22,-1.4,7.05,-1.4
00-0036212,Tua Tagovailoa,QB,MIA,2025,8,26,20,9.61,1,1.862,0,0,0,0.0,0.0,0.0,37,44,24.2,11.36,24.2
00-0036212,Tua Tagovailoa,QB,MIA,2025,9,40,25,3.512,2,-2.951,1,0,0,0.0,0.0,0.0,20,23,8.5,14.48,8.54
00-0036212,Tua Tagovailoa,QB,MIA,2025,10,21,15,9.007,0,5.902,2,0,0,0.0,0.0,0.0,32,34,10.8,9.67,10.82
00-0036212,Tua Tagovailoa,QB,MIA,2025,11,20,14,1.961,3,2.063,0,0,0,0.0,0.0,0.0,31,36,6.8,11.85,6.84
00-0036212,Tua Tagovailoa,QB,MIA,2025,13,23,12,-8.047,4,-1.272,4,0,0,0.0,0.0,0.0,32,28,4.7,12.24,4.68
00-0036212,Tua Tagovailoa,QB,MIA,2025,14,21,13,1.663,1,-9.189,1,0,0,0.0,0.0,0.0,41,37,9.1,8.97,9.08
00-0036212,Tua Tagovailoa,QB,MIA,2025,15,28,22,2.641,4,15.509,1,0,0,0.0,0.0,0.0,16,22,16.2,13.54,16.22
00-0036223,Jonathan Taylor,RB,IND,2025,1,0,0,0.0,0,,18,3,3,-2,0.1034,-0.0102,40,34,12.8,19.26,12.8
00-0036223,Jonathan Taylor,RB,IND,2025,2,0,0,0.0,0,,25,2,2,2,0.0606,0.0061,32,27,29.5,18.04,29.5
00-0036223,Jonathan Taylor,RB,IND,2025,3,0,0,0.0,0,,17,4,3,-11,0.16,-0.0629,28,23,32.8,24.12,32.8
00-0036223,Jonathan Taylor,RB,IND,2025,4,0,0,0.0,0,,17,5,5,-16,0.1562,-0.0511,21,23,14.6,17.13,14.6
00-0036223,Jonathan Taylor,RB,IND,2025,5,0,0,0.0,0,,17,4,3,5,0.129,0.0187,25,27,31.6,29.32,31.6
00-0036223,Jonathan Taylor,RB,IND,2025,6,0,0,0.0,0,,21,4,4,-1,0.1333,-0.0049,27,27,23.7,23.61,23.7
00-0036223,Jonathan Taylor,RB,IND,2025,7,0,0,0.0,0,,16,3,3,-3,0.0938,-0.009,23,22,34.2,13.74,34.2
00-0036223,Jonathan Taylor,RB,IND,2025,8,0,0,0.0,0,,12,2,2,-8,0.0714,-0.03,18,19,37.4,10.83,37.4
00-0036223,Jonathan Taylor,RB,IND,2025,9,0,0,0.0,0,,14,2,2,5,0.0417,0.0116,19,19,7.7,11.04,7.7
00-0036223,Jonathan Taylor,RB,IND,2025,10,0,0,0.0,0,,32,3,3,-4,0.1154,-0.0191,41,37,49.6,26.84,49.6
00-0036223,Jonathan Taylor,RB,IND,2025,12,0,0,0.0,0,,16,3,2,-5,0.0968,-0.036,19,18,8.6,15.62,8.6
00-0036223,Jonathan Taylor,RB,IND,2025,13,0,0,0.0,0,,21,5,3,-6,0.2,-0.0303,23,24,15.1,17.88,15.1
00-0036223,Jonathan Taylor,RB,IND,2025,14,0,0,0.0,0,,21,0,0,0.0,0.0,0.0,26,24,11.4,13.31,11.4
00-0036223,Jonathan Taylor,RB,IND,2025,15,0,0,0.0,0,,25,4,3,9,0.1538,0.0634,30,37,13.1,16.52,13.1
00-0036223,Jonathan Taylor,RB,IND,2025,16,0,0,0.0,0,,16,3,3,2,0.0833,0.0059,20,23,16.9,15.92,16.9
00-0036223,Jonathan Taylor,RB,IND,2025,17,0,0,0.0,0,,21,6,3,-13,0.2069,-0.0451,22,25,17.4,23.41,17.4
00-0036223,Jonathan Taylor,RB,IND,2025,18,0,0,0.0,0,,14,2,2,1,0.0606,0.0031,28,28,5.9,9.26,5.9
00-0036232,Harrison Bryant,TE,HOU,2025,2,0,0,0.0,0,,0,1,0,14,0.0435,0.0718,19,18,0.0,2.02,0.0
00-0036232,Harrison Bryant,TE,HOU,2025,5,0,0,0.0,0,,0,2,1,18,0.0645,0.0695,33,27,1.5,2.66,1.5
00-0036232,Harrison Bryant,TE,HOU,2025,8,0,0,0.0,0,,0,1,0,24,0.0263,0.071,36,36,0.0,2.77,0.0
00-0036232,Harrison Bryant,TE,HOU,2025,9,0,0,0.0,0,,0,2,1,2,0.0513,0.006,28,24,1.2,2.89,1.2
00-0036244,Colby Parkinson,TE,LA,2025,1,0,0,0.0,0,,0,2,2,0.0,0.0714,0.0,25,21,-0.6,3.97,-0.6
00-0036244,Colby Parkinson,TE,LA,2025,4,0,0,0.0,0,,0,2,2,9,0.05,0.0263,26,27,3.7,2.91,3.7
00-0036244,Colby Parkinson,TE,LA,2025,5,0,0,0.0,0,,0,1,0,8,0.0217,0.0152,16,23,0.0,3.2,0.0
00-0036244,Colby Parkinson,TE,LA,2025,7,0,0,0.0,0,,0,3,3,20,0.0909,0.0551,29,27,7.7,5.18,7.7
00-0036244,Colby Parkinson,TE,LA,2025,9,0,0,0.0,0,,0,2,2,1,0.0645,0.0031,43,38,3.0,4.12,3.0
00-0036244,Colby Parkinson,TE,LA,2025,10,0,0,0.0,0,,0,5,4,14,0.1471,0.0422,30,29,14.1,10.71,14.1
00-0036244,Colby Parkinson,TE,LA,2025,11,0,0,0.0,0,,0,2,2,-4,0.0741,-0.0274,22,22,9.4,4.55,9.4
00-0036244,Colby Parkinson,TE,LA,2025,12,0,0,0.0,0,,0,4,4,6,0.1176,0.0241,19,20,14.1,9.56,14.1
00-0036244,Colby Parkinson,TE,LA,2025,13,0,0,0.0,0,,0,5,4,8,0.1852,0.0362,21,20,6.7,9.66,6.7
00-0036244,Colby Parkinson,TE,LA,2025,14,0,0,0.0,0,,0,5,3,11,0.1613,0.0493,36,36,12.2,13.18,12.2
00-0036244,Colby Parkinson,TE,LA,2025,15,0,0,0.0,0,,0,7,5,57,0.1842,0.121,29,27,24.5,18.27,24.5
00-0036244,Colby Parkinson,TE,LA,2025,16,0,0,0.0,0,,0,4,2,20,0.0833,0.0419,39,41,4.1,5.47,4.1
00-0036244,Colby Parkinson,TE,LA,2025,17,0,0,0.0,0,,0,7,6,43,0.1944,0.0838,20,23,11.3,11.92,11.3
00-0036244,Colby Parkinson,TE,LA,2025,18,0,0,0.0,0,,0,7,4,55,0.1892,0.1532,31,29,19.6,18.33,19.6
00-0036252,Michael Pittman,WR,IND,2025,1,0,0,0.0,0,,0,8,6,54,0.2759,0.2755,40,34,20.0,13.5,20.0
00-0036252,Michael Pittman,WR,IND,2025,2,0,0,0.0,0,,0,5,4,37,0.1515,0.1125,32,27,8.0,8.06,8.0
00-0036252,Michael Pittman,WR,IND,2025,3,0,0,0.0,0,,0,6,6,32,0.24,0.1829,28,23,19.3,10.57,19.3
00-0036252,Michael Pittman,WR,IND,2025,4,0,0,0.0,0,,0,10,5,158,0.3125,0.5048,21,23,15.1,19.68,15.1
00-0036252,Michael Pittman,WR,IND,2025,5,0,0,0.0,0,,0,6,5,25,0.1935,0.0936,25,27,14.9,13.26,14.9
00-0036252,Michael Pittman,WR,IND,2025,6,0,0,0.0,0,,0,3,2,25,0.1,0.1225,27,27,4.0,4.83,4.0
00-0036252,Michael Pittman,WR,IND,2025,7,0,0,0.0,0,,0,9,7,53,0.2812,0.1587,23,22,20.8,18.7,20.8
00-0036252,Michael Pittman,WR,IND,2025,8,0,0,0.0,0,,0,9,8,68,0.3214,0.2547,18,19,23.5,15.73,23.5
00-0036252,Michael Pittman,WR,IND,2025,9,0,0,0.0,0,,0,12,9,119,0.25,0.2755,19,19,20.5,19.85,20.5
00-0036252,Michael Pittman,WR,IND,2025,10,0,0,0.0,0,,0,2,2,15,0.0769,0.0718,41,37,3.9,3.04,3.9
00-0036252,Michael Pittman,WR,IND,2025,12,0,0,0.0,0,,0,8,5,37,0.2581,0.2662,19,18,13.7,16.14,13.7
00-0036252,Michael Pittman,WR,IND,2025,13,0,0,0.0,0,,0,4,1,46,0.16,0.2323,23,24,2.3,6.31,2.3
00-0036252,Michael Pittman,WR,IND,2025,14,0,0,0.0,0,,0,12,9,75,0.3333,0.3233,26,24,16.9,18.39,16.9
00-0036252,Michael Pittman,WR,IND,2025,15,0,0,0.0,0,,0,5,3,47,0.1923,0.331,30,37,5.6,6.69,5.6
00-0036252,Michael Pittman,WR,IND,2025,16,0,0,0.0,0,,0,5,4,59,0.1389,0.1751,20,23,7.2,8.15,7.2
00-0036252,Michael Pittman,WR,IND,2025,17,0,0,0.0,0,,0,3,2,26,0.1034,0.0903,22,25,3.6,6.19,3.6
00-0036252,Michael Pittman,WR,IND,2025,18,0,0,0.0,0,,0,4,2,31,0.1212,0.0975,28,28,3.1,7.66,4.0
00-0036259,Jauan Jennings,WR,SF,2025,1,0,0,0.0,0,,0,5,2,42,0.1471,0.1615,36,41,3.6,10.6,3.6
00-0036259,Jauan Jennings,WR,SF,2025,2,0,0,0.0,0,,0,10,5,91,0.2632,0.3583,26,26,19.9,15.82,19.9
00-0036259,Jauan Jennings,WR,SF,2025,4,0,0,0.0,0,,0,4,2,41,0.1081,0.134,24,28,6.4,9.85,6.4
00-0036259,Jauan Jennings,WR,SF,2025,6,0,0,0.0,0,,0,3,1,50,0.0811,0.1323,22,27,1.7,4.8,1.7
00-0036259,Jauan Jennings,WR,SF,2025,7,0,0,0.0,0,,0,7,4,51,0.2917,0.3864,39,40,7.1,10.81,7.1
00-0036259,Jauan Jennings,WR,SF,2025,8,0,0,0.0,0,,0,7,4,121,0.2258,0.3793,10,11,8.5,12.7,8.5
00-0036259,Jauan Jennings,WR,SF,2025,9,0,0,0.0,0,,0,5,4,38,0.2174,0.2375,39,38,14.1,9.72,14.1
00-0036259,Jauan Jennings,WR,SF,2025,10,0,0,0.0,0,,0,9,6,90,0.2308,0.3191,21,29,17.1,17.15,17.1
00-0036259,Jauan Jennings,WR,SF,2025,11,0,0,0.0,0,,0,6,4,56,0.24,0.2979,25,26,9.4,11.87,9.4
00-0036259,Jauan Jennings,WR,SF,2025,12,0,0,0.0,0,,0,7,5,65,0.2188,0.3333,38,39,15.1,12.22,15.1
00-0036259,Jauan Jennings,WR,SF,2025,13,0,0,0.0,0,,0,6,4,71,0.2609,0.2669,33,32,13.9,11.25,13.9
00-0036259,Jauan Jennings,WR,SF,2025,15,0,0,0.0,0,,0,5,3,51,0.1786,0.2032,38,32,18.7,14.27,18.7
00-0036259,Jauan Jennings,WR,SF,2025,16,0,0,0.0,0,,0,6,5,64,0.1818,0.1975,31,32,18.1,13.49,18.1
00-0036259,Jauan Jennings,WR,SF,2025,17,0,0,0.0,0,,0,4,2,38,0.1212,0.1502,34,32,12.2,6.96,12.2
00-0036259,Jauan Jennings,WR,SF,2025,18,0,0,0.0,0,,0,6,4,36,0.2222,0.2791,12,16,7.5,8.37,7.5
00-0036264,Jordan Love,QB,GB,2025,1,22,16,10.065,0,13.075,3,0,0,0.0,0.0,0.0,25,23,15.9,16.43,15.92
00-0036264,Jordan Love,QB,GB,2025,2,31,19,6.662,2,10.366,3,0,0,0.0,0.0,0.0,30,26,20.9,24.13,20.88
00-0036264,Jordan Love,QB,GB,2025,3,25,18,-0.942,5,-2.677,4,0,0,0.0,0.0,0.0,31,27,11.1,10.27,11.12
00-0036264,Jordan Love,QB,GB,2025,4,43,31,21.451,1,15.024,3,0,0,0.0,0.0,0.0,35,38,26.3,22.35,28.28
00-0036264,Jordan Love,QB,GB,2025,6,26,19,7.356,1,6.611,7,0,0,0.0,0.0,0.0,33,28,15.0,13.24,14.96
00-0036264,Jordan Love,QB,GB,2025,7,29,19,6.064,1,-3.021,4,0,0,0.0,0.0,0.0,23,21,13.4,14.53,13.36
00-0036264,Jordan Love,QB,GB,2025,8,37,29,22.352,0,13.541,1,0,0,0.0,0.0,0.0,26,30,28.3,16.81,28.3
00-0036264,Jordan Love,QB,GB,2025,9,37,26,5.9,1,9.101,1,0,0,0.0,0.0,0.0,25,30,9.0,13.42,9.02
00-0036264,Jordan Love,QB,GB,2025,10,36,20,-8.138,3,-6.459,5,0,0,0.0,0.0,0.0,27,28,7.8,13.09,9.84
00-0036264,Jordan Love,QB,GB,2025,11,24,13,10.409,2,-1.809,2,0,0,0.0,0.0,0.0,23,20,17.7,12.85,17.66
00-0036264,Jordan Love,QB,GB,2025,12,21,14,5.491,1,4.449,3,0,0,0.0,0.0,0.0,42,39,7.1,8.47,7.06
00-0036264,Jordan Love,QB,GB,2025,13,30,18,16.35,0,0.853,5,0,0,0.0,0.0,0.0,30,24,25.8,24.71,25.76
00-0036264,Jordan Love,QB,GB,2025,14,25,17,8.027,1,12.039,1,0,0,0.0,0.0,0.0,26,26,19.3,10.81,19.26
00-0036264,Jordan Love,QB,GB,2025,15,40,24,-0.531,3,6.805,3,0,0,0.0,0.0,0.0,20,19,13.9,19.62,13.94
00-0036264,Jordan Love,QB,GB,2025,16,13,8,0.094,0,-2.154,2,0,0,0.0,0.0,0.0,44,29,3.8,9.26,3.78
00-0036265,AJ Dillon,RB,PHI,2025,1,0,0,0.0,0,,3,0,0,0.0,0.0,0.0,38,28,1.0,1.58,1.0
00-0036265,AJ Dillon,RB,PHI,2025,2,0,0,0.0,0,,3,0,0,0.0,0.0,0.0,34,27,1.9,1.72,1.9
00-0036265,AJ Dillon,RB,PHI,2025,4,0,0,0.0,0,,3,0,0,0.0,0.0,0.0,32,26,1.7,1.59,1.7
00-0036265,AJ Dillon,RB,PHI,2025,5,0,0,0.0,0,,2,0,0,0.0,0.0,0.0,11,13,1.2,1.11,1.2
00-0036265,AJ Dillon,RB,PHI,2025,6,0,0,0.0,0,,1,2,2,9,0.0625,0.0285,20,17,2.0,3.45,2.0
00-0036265,AJ Dillon,RB,PHI,2025,18,0,0,0.0,0,,0,1,1,3,0.0294,0.0078,19,21,1.3,2.2,1.3
00-0036275,D'Andre Swift,RB,CHI,2025,1,0,0,0.0,0,,17,5,3,-3,0.1471,-0.0114,26,21,9.5,16.77,9.5
00-0036275,D'Andre Swift,RB,CHI,2025,2,0,0,0.0,0,,12,3,3,-5,0.0909,-0.0148,27,23,13.9,11.25,13.9
00-0036275,D'Andre Swift,RB,CHI,2025,3,0,0,0.0,0,,13,4,3,-9,0.1429,-0.036,29,23,10.8,12.67,10.8
00-0036275,D'Andre Swift,RB,CHI,2025,4,0,0,0.0,0,,14,6,4,4,0.1667,0.0163,26,22,16.0,19.63,16.0
00-0036275,D'Andre Swift,RB,CHI,2025,6,0,0,0.0,0,,14,3,2,-6,0.1034,-0.0244,27,23,25.5,11.37,25.5
00-0036275,D'Andre Swift,RB,CHI,2025,7,0,0,0.0,0,,19,1,1,-9,0.04,-0.0409,40,36,20.8,14.67,20.8
00-0036275,D'Andre Swift,RB,CHI,2025,8,0,0,0.0,0,,11,2,2,-12,0.0571,-0.0387,23,20,15.1,14.09,15.1
00-0036275,D'Andre Swift,RB,CHI,2025,10,0,0,0.0,0,,13,8,5,15,0.2222,0.0435,28,25,14.8,19.09,14.8
00-0036275,D'Andre Swift,RB,CHI,2025,11,0,0,0.0,0,,21,1,0,17,0.0357,0.0442,39,35,9.0,12.62,9.0
00-0036275,D'Andre Swift,RB,CHI,2025,12,0,0,0.0,0,,8,1,1,-6,0.0333,-0.0183,25,21,1.9,7.52,1.9
00-0036275,D'Andre Swift,RB,CHI,2025,13,0,0,0.0,0,,18,2,1,-2,0.0625,-0.0079,47,41,20.8,13.23,20.8
00-0036275,D'Andre Swift,RB,CHI,2025,14,0,0,0.0,0,,13,4,3,-8,0.1429,-0.0268,32,31,11.2,15.95,11.2
00-0036275,D'Andre Swift,RB,CHI,2025,15,0,0,0.0,0,,18,1,1,-5,0.037,-0.0182,33,30,22.6,13.4,22.6
00-0036275,D'Andre Swift,RB,CHI,2025,16,0,0,0.0,0,,13,2,2,-4,0.069,-0.0121,26,27,9.0,11.49,9.0
00-0036275,D'Andre Swift,RB,CHI,2025,17,0,0,0.0,0,,9,3,2,-4,0.0769,-0.0132,22,22,21.9,11.04,21.0
00-0036275,D'Andre Swift,RB,CHI,2025,18,0,0,0.0,0,,10,2,1,12,0.069,0.0462,18,18,5.8,9.11,5.8
00-0036290,Cole Kmet,TE,CHI,2025,1,0,0,0.0,0,,0,4,1,57,0.1176,0.2167,26,21,4.1,6.17,4.1
00-0036290,Cole Kmet,TE,CHI,2025,2,0,0,0.0,0,,0,2,2,17,0.0606,0.0504,27,23,4.9,3.18,4.9
00-0036290,Cole Kmet,TE,CHI,2025,3,0,0,0.0,0,,0,1,1,10,0.0357,0.04,29,23,8.0,3.49,8.0
00-0036290,Cole Kmet,TE,CHI,2025,4,0,0,0.0,0,,0,9,3,94,0.25,0.3821,26,22,7.6,17.44,7.6
00-0036290,Cole Kmet,TE,CHI,2025,6,0,0,0.0,0,,0,2,1,20,0.069,0.0813,27,23,1.0,3.28,1.0
00-0036290,Cole Kmet,TE,CHI,2025,7,0,0,0.0,0,,0,1,1,16,0.04,0.0727,40,36,2.6,2.05,2.6
00-0036290,Cole Kmet,TE,CHI,2025,9,1,0,-0.493,0,-63.294,0,2,1,27,0.0588,0.0915,37,34,2.0,3.58,2.0
00-0036290,Cole Kmet,TE,CHI,2025,10,0,0,0.0,0,,0,2,1,12,0.0556,0.0348,28,25,1.5,3.48,1.5
00-0036290,Cole Kmet,TE,CHI,2025,11,0,0,0.0,0,,0,5,5,16,0.1786,0.0416,39,35,9.5,8.39,9.5
00-0036290,Cole Kmet,TE,CHI,2025,12,0,0,0.0,0,,0,1,1,2,0.0333,0.0061,25,21,1.3,1.46,1.3
00-0036290,Cole Kmet,TE,CHI,2025,13,0,0,0.0,0,,0,3,3,26,0.0938,0.1032,47,41,12.6,5.44,12.6
00-0036290,Cole Kmet,TE,CHI,2025,14,0,0,0.0,0,,0,3,2,53,0.1071,0.1779,32,31,6.2,6.35,6.2
00-0036290,Cole Kmet,TE,CHI,2025,15,0,0,0.0,0,,0,4,2,36,0.1481,0.1309,33,30,4.8,6.57,4.8
00-0036290,Cole Kmet,TE,CHI,2025,16,0,0,0.0,0,,0,3,2,14,0.1034,0.0423,26,27,3.4,4.06,3.4
00-0036290,Cole Kmet,TE,CHI,2025,17,0,0,0.0,0,,0,3,2,25,0.0769,0.0825,22,22,3.6,4.48,3.6
00-0036290,Cole Kmet,TE,CHI,2025,18,0,0,0.0,0,,0,3,2,-4,0.1034,-0.0154,18,18,5.6,5.2,5.6
00-0036309,Darnell Mooney,WR,ATL,2025,2,0,0,0.0,0,,0,4,2,40,0.1905,0.303,39,42,4.0,8.87,4.0
00-0036309,Darnell Mooney,WR,ATL,2025,3,0,0,0.0,0,,0,11,4,125,0.2683,0.4085,23,27,8.4,17.14,8.4
00-0036309,Darnell Mooney,WR,ATL,2025,4,0,0,0.0,0,,0,1,1,13,0.0385,0.0474,37,37,2.5,1.75,2.5
00-0036309,Darnell Mooney,WR,ATL,2025,7,0,0,0.0,0,,0,5,3,126,0.1389,0.3529,20,24,9.8,8.49,9.8
00-0036309,Darnell Mooney,WR,ATL,2025,8,0,0,0.0,0,,0,4,1,85,0.1333,0.2982,17,20,2.1,6.74,2.1
00-0036309,Darnell Mooney,WR,ATL,2025,9,0,0,0.0,0,,0,2,1,40,0.0588,0.1316,16,22,2.5,2.84,2.5
00-0036309,Darnell Mooney,WR,ATL,2025,10,0,0,0.0,0,,0,8,1,94,0.32,0.3264,29,30,2.7,13.27,2.7
00-0036309,Darnell Mooney,WR,ATL,2025,11,0,0,0.0,0,,0,7,3,107,0.2414,0.4196,28,32,6.4,12.05,6.4
00-0036309,Darnell Mooney,WR,ATL,2025,12,0,0,0.0,0,,0,3,3,69,0.15,0.4083,29,29,16.4,6.73,16.4
00-0036309,Darnell Mooney,WR,ATL,2025,13,0,0,0.0,0,,0,5,2,43,0.1613,0.2792,32,38,4.5,8.03,4.5
00-0036309,Darnell Mooney,WR,ATL,2025,14,0,0,0.0,0,,0,4,1,40,0.1429,0.1961,31,35,1.6,7.84,1.6
00-0036309,Darnell Mooney,WR,ATL,2025,15,0,0,0.0,0,,0,6,3,83,0.1463,0.2463,21,29,6.5,10.29,6.5
00-0036309,Darnell Mooney,WR,ATL,2025,16,0,0,0.0,0,,0,2,2,14,0.0588,0.0711,37,40,4.4,3.72,4.4
00-0036309,Darnell Mooney,WR,ATL,2025,17,0,0,0.0,0,,0,3,2,51,0.15,0.3054,33,37,5.5,5.29,5.5
00-0036309,Darnell Mooney,WR,ATL,2025,18,0,0,0.0,0,,0,7,3,89,0.2333,0.4027,25,26,5.0,13.01,5.0
00-0036322,Justin Jefferson,WR,MIN,2025,1,0,0,0.0,0,,1,7,4,69,0.35,0.5897,26,27,14.8,13.55,14.8
00-0036322,Justin Jefferson,WR,MIN,2025,2,0,0,0.0,0,,0,6,3,102,0.2857,0.4048,19,16,11.1,11.29,11.1
00-0036322,Justin Jefferson,WR,MIN,2025,3,0,0,0.0,0,,0,7,5,49,0.2917,0.2606,31,30,12.5,11.73,12.5
00-0036322,Justin Jefferson,WR,MIN,2025,4,0,0,0.0,0,,0,11,10,132,0.2619,0.394,20,27,22.6,17.26,22.6
00-0036322,Justin Jefferson,WR,MIN,2025,5,0,0,0.0,0,,0,11,7,166,0.3235,0.6587,23,21,19.3,17.8,19.3
00-0036322,Justin Jefferson,WR,MIN,2025,7,0,0,0.0,0,,0,10,5,122,0.25,0.2898,23,20,12.9,18.77,12.9
00-0036322,Justin Jefferson,WR,MIN,2025,8,0,0,0.0,0,,0,11,7,80,0.3667,0.7407,11,16,14.4,15.41,14.4
00-0036322,Justin Jefferson,WR,MIN,2025,9,0,0,0.0,0,,0,9,6,57,0.3913,0.2209,29,22,16.7,18.86,16.7
00-0036322,Justin Jefferson,WR,MIN,2025,10,0,0,0.0,0,,0,12,4,214,0.2927,0.4672,18,17,7.7,28.41,7.7
00-0036322,Justin Jefferson,WR,MIN,2025,11,0,0,0.0,0,,0,9,5,82,0.2812,0.2654,22,25,11.1,13.78,11.1
00-0036322,Justin Jefferson,WR,MIN,2025,12,0,0,0.0,0,,0,6,4,58,0.3333,0.58,20,20,8.8,9.11,8.8
00-0036322,Justin Jefferson,WR,MIN,2025,13,0,0,0.0,0,,0,6,2,48,0.2069,0.2874,16,21,2.4,8.58,2.4
00-0036322,Justin Jefferson,WR,MIN,2025,14,0,0,0.0,0,,0,4,2,40,0.1739,0.2614,34,29,3.1,7.39,3.1
00-0036322,Justin Jefferson,WR,MIN,2025,15,0,0,0.0,0,,0,8,2,71,0.3333,0.2851,28,25,4.2,18.82,4.2
00-0036322,Justin Jefferson,WR,MIN,2025,16,0,0,0.0,0,,0,8,6,59,0.3478,0.472,31,29,14.5,11.1,14.5
00-0036322,Justin Jefferson,WR,MIN,2025,17,0,0,0.0,0,,0,5,4,20,0.3571,0.2985,28,28,7.0,9.54,7.0
00-0036322,Justin Jefferson,WR,MIN,2025,18,0,0,0.0,0,,1,11,8,69,0.3667,0.3485,31,31,18.4,17.74,18.4
00-0036328,Antonio Gibson,RB,NE,2025,1,0,0,0.0,0,,1,1,0,4,0.0222,0.0113,18,21,0.3,1.9,0.3
00-0036328,Antonio Gibson,RB,NE,2025,2,0,0,0.0,0,,5,1,1,-4,0.0435,-0.0299,29,27,9.8,3.9,3.8
00-0036328,Antonio Gibson,RB,NE,2025,3,0,0,0.0,0,,7,0,0,0.0,0.0,0.0,29,28,0.8,2.95,0.8
00-0036328,Antonio Gibson,RB,NE,2025,4,0,0,0.0,0,,6,0,0,0.0,0.0,0.0,29,25,8.7,7.5,8.7
00-0036328,Antonio Gibson,RB,NE,2025,5,0,0,0.0,0,,6,1,1,-6,0.0357,-0.0282,22,24,3.6,3.98,3.6
00-0036331,Devin Duvernay,WR,CHI,2025,8,0,0,0.0,0,,0,3,1,48,0.0857,0.1548,23,20,1.2,6.69,1.2
00-0036331,Devin Duvernay,WR,CHI,2025,14,0,0,0.0,0,,0,1,1,24,0.0357,0.0805,32,31,3.4,1.68,3.4
00-0036331,Devin Duvernay,WR,CHI,2025,17,0,0,0.0,0,,0,1,0,3,0.0256,0.0099,22,22,0.0,1.3,0.0
00-0036332,Josiah Deguara,TE,ARI,2025,12,0,0,0.0,0,,0,1,1,5,0.0217,0.0131,20,22,1.6,1.53,1.6
00-0036332,Josiah Deguara,TE,ARI,2025,14,0,0,0.0,0,,0,1,0,5,0.0227,0.0142,14,15,0.0,1.52,0.0
00-0036332,Josiah Deguara,TE,ARI,2025,16,0,0,0.0,0,,0,1,0,2,0.0345,0.0088,23,22,0.0,1.5,0.0
00-0036332,Josiah Deguara,TE,ARI,2025,18,0,0,0.0,0,,0,2,2,11,0.0714,0.0438,15,18,9.5,3.82,9.5
00-0036355,Justin Herbert,QB,LAC,2025,1,34,25,17.567,3,5.789,7,0,0,0.0,0.0,0.0,25,19,27.9,22.87,27.92
00-0036355,Justin Herbert,QB,LAC,2025,2,27,19,10.168,2,0.332,9,0,0,0.0,0.0,0.0,26,19,18.8,14.88,18.78
00-0036355,Justin Herbert,QB,LAC,2025,3,47,28,-2.395,5,-4.159,2,0,0,0.0,0.0,0.0,28,31,14.6,26.88,14.6
00-0036355,Justin Herbert,QB,LAC,2025,4,41,23,-21.122,2,-5.677,1,0,0,0.0,0.0,0.0,13,17,12.5,11.74,12.52
00-0036355,Justin Herbert,QB,LAC,2025,5,29,22,-6.124,4,3.938,4,0,0,0.0,0.0,0.0,27,29,14.6,16.22,14.64
00-0036355,Justin Herbert,QB,LAC,2025,6,38,29,12.642,1,8.79,1,0,0,0.0,0.0,0.0,25,28,18.8,18.86,18.76
00-0036355,Justin Herbert,QB,LAC,2025,7,55,37,5.819,3,2.805,6,0,0,0.0,0.0,0.0,16,16,27.9,30.16,27.9
00-0036355,Justin Herbert,QB,LAC,2025,8,25,18,11.608,2,9.112,7,0,0,0.0,0.0,0.0,43,37,25.3,22.35,25.28
00-0036355,Justin Herbert,QB,LAC,2025,9,29,19,1.834,6,6.475,9,0,0,0.0,0.0,0.0,30,21,27.7,26.36,27.7
00-0036355,Justin Herbert,QB,LAC,2025,10,33,20,-6.661,5,-14.103,5,0,0,0.0,0.0,0.0,31,27,14.7,13.43,14.7
00-0036355,Justin Herbert,QB,LAC,2025,11,18,10,-14.244,2,-8.171,3,0,0,0.0,0.0,0.0,16,13,3.3,6.51,3.34
00-0036355,Justin Herbert,QB,LAC,2025,13,20,15,7.318,3,10.828,3,0,0,0.0,0.0,0.0,43,37,12.8,16.38,12.84
00-0036355,Justin Herbert,QB,LAC,2025,14,26,12,-15.577,7,-15.623,10,0,0,0.0,0.0,0.0,38,30,12.2,18.8,14.16
00-0036355,Justin Herbert,QB,LAC,2025,15,29,19,0.434,4,5.87,2,0,0,0.0,0.0,0.0,29,29,10.4,10.45,10.4
00-0036355,Justin Herbert,QB,LAC,2025,16,29,23,23.746,0,18.787,8,0,0,0.0,0.0,0.0,33,26,30.2,23.01,30.2
00-0036355,Justin Herbert,QB,LAC,2025,17,32,21,-8.897,5,1.152,6,0,0,0.0,0.0,0.0,22,23,15.1,21.45,15.14
00-0036358,CeeDee Lamb,WR,DAL,2025,1,0,0,0.0,0,,0,13,7,182,0.3939,0.5532,22,22,18.0,21.94,18.0
00-0036358,CeeDee Lamb,WR,DAL,2025,2,0,0,0.0,0,,0,11,9,121,0.2115,0.3457,28,31,20.2,17.18,20.2
00-0036358,CeeDee Lamb,WR,DAL,2025,7,0,0,0.0,0,,0,8,5,83,0.2667,0.3915,31,29,22.0,14.26,22.0
00-0036358,CeeDee Lamb,WR,DAL,2025,8,0,0,0.0,0,,1,10,7,90,0.2857,0.3435,31,25,14.6,21.16,14.6
00-0036358,CeeDee Lamb,WR,DAL,2025,9,0,0,0.0,0,,0,12,7,179,0.3333,0.4475,21,17,15.5,22.09,15.5
00-0036358,CeeDee Lamb,WR,DAL,2025,11,0,0,0.0,0,,0,7,5,54,0.2188,0.2328,31,31,17.6,16.49,17.6
00-0036358,CeeDee Lamb,WR,DAL,2025,12,0,0,0.0,0,,0,11,4,160,0.3143,0.4372,31,26,11.5,23.18,11.5
00-0036358,CeeDee Lamb,WR,DAL,2025,13,0,0,0.0,0,,0,9,7,101,0.2432,0.393,26,23,24.2,17.63,24.2
00-0036358,CeeDee Lamb,WR,DAL,2025,14,0,0,0.0,0,,0,8,6,114,0.1702,0.2294,24,22,18.1,14.91,18.1
00-0036358,CeeDee Lamb,WR,DAL,2025,15,0,0,0.0,0,,0,10,6,106,0.2857,0.3841,29,30,17.1,21.17,17.1
00-0036358,CeeDee Lamb,WR,DAL,2025,16,0,0,0.0,0,,0,7,6,47,0.2188,0.1506,23,21,11.1,11.87,11.1
00-0036358,CeeDee Lamb,WR,DAL,2025,17,0,0,0.0,0,,0,10,5,162,0.2778,0.4241,44,41,9.6,20.08,9.6
00-0036358,CeeDee Lamb,WR,DAL,2025,18,0,0,0.0,0,,0,1,1,4,0.0435,0.0225,30,26,1.4,1.37,1.4
00-0036360,Clyde Edwards-Helaire,RB,KC,2025,9,0,0,0.0,0,,2,0,0,0.0,0.0,0.0,20,17,0.5,1.08,0.5
00-0036360,Clyde Edwards-Helaire,RB,KC,2025,12,0,0,0.0,0,,5,2,2,-4,0.0465,-0.0114,41,44,3.7,5.04,3.7
00-0036389,Jalen Hurts,QB,PHI,2025,1,23,19,1.591,1,21.806,14,0,0,0.0,0.0,0.0,38,28,24.3,18.39,24.28
00-0036389,Jalen Hurts,QB,PHI,2025,2,22,15,-4.86,2,4.396,9,0,0,0.0,0.0,0.0,34,27,11.5,14.47,11.54
00-0036389,Jalen Hurts,QB,PHI,2025,3,32,21,-0.212,4,5.956,9,0,0,0.0,0.0,0.0,27,22,29.0,26.22,31.04
00-0036389,Jalen Hurts,QB,PHI,2025,4,24,15,-1.293,2,-4.997,9,0,0,0.0,0.0,0.0,32,26,19.4,17.76,19.4
00-0036389,Jalen Hurts,QB,PHI,2025,5,38,23,0.505,6,-2.263,2,0,0,0.0,0.0,0.0,11,13,19.5,16.29,19.5
00-0036389,Jalen Hurts,QB,PHI,2025,6,33,24,2.162,3,9.213,7,0,0,0.0,0.0,0.0,20,17,20.6,30.16,20.62
00-0036389,Jalen Hurts,QB,PHI,2025,7,23,19,18.907,3,17.924,4,0,0,0.0,0.0,0.0,23,22,24.0,11.43,24.04
00-0036389,Jalen Hurts,QB,PHI,2025,8,20,15,8.027,4,9.824,4,0,0,0.0,0.0,0.0,33,30,25.4,13.42,25.36
00-0036389,Jalen Hurts,QB,PHI,2025,10,26,15,8.494,0,-0.793,5,0,0,0.0,0.0,0.0,34,34,12.0,13.7,12.02
00-0036389,Jalen Hurts,QB,PHI,2025,11,28,14,-8.389,1,-9.799,10,0,0,0.0,0.0,0.0,40,31,14.5,19.87,14.5
00-0036389,Jalen Hurts,QB,PHI,2025,12,39,27,8.19,1,6.53,7,0,0,0.0,0.0,0.0,18,18,30.9,27.89,30.86
00-0036389,Jalen Hurts,QB,PHI,2025,13,34,19,2.198,0,0.567,4,0,0,0.0,0.0,0.0,17,14,16.3,14.65,16.3
00-0036389,Jalen Hurts,QB,PHI,2025,14,40,21,-16.236,1,-10.748,4,0,0,0.0,0.0,0.0,25,22,2.4,17.71,2.4
00-0036389,Jalen Hurts,QB,PHI,2025,15,15,12,12.754,1,14.581,7,0,0,0.0,0.0,0.0,47,41,22.9,17.23,22.9
00-0036389,Jalen Hurts,QB,PHI,2025,16,30,22,7.481,2,7.548,7,0,0,0.0,0.0,0.0,34,26,19.4,21.87,19.4
00-0036389,Jalen Hurts,QB,PHI,2025,17,27,13,-5.004,1,-2.099,3,0,0,0.0,0.0,0.0,26,24,8.9,14.71,8.9
00-0036407,Jerry Jeudy,WR,CLE,2025,1,0,0,0.0,0,,0,8,5,97,0.1905,0.3553,24,30,11.6,12.42,11.6
00-0036407,Jerry Jeudy,WR,CLE,2025,2,0,0,0.0,0,,0,8,4,105,0.1951,0.3365,22,31,9.1,12.6,9.1
00-0036407,Jerry Jeudy,WR,CLE,2025,3,0,0,0.0,0,,0,5,1,90,0.1515,0.3543,19,24,2.7,6.97,2.7
00-0036407,Jerry Jeudy,WR,CLE,2025,4,0,0,0.0,0,,0,9,3,149,0.2647,0.4294,27,28,7.8,13.97,7.8
00-0036407,Jerry Jeudy,WR,CLE,2025,5,0,0,0.0,0,,0,5,2,49,0.1562,0.2356,32,33,3.5,7.12,3.5
00-0036407,Jerry Jeudy,WR,CLE,2025,6,0,0,0.0,0,,0,13,5,134,0.2549,0.4268,17,24,9.3,17.83,9.3
00-0036407,Jerry Jeudy,WR,CLE,2025,7,0,0,0.0,0,,0,4,2,38,0.2222,0.4419,33,32,3.7,5.38,3.7
00-0036407,Jerry Jeudy,WR,CLE,2025,8,0,0,0.0,0,,0,2,0,19,0.0606,0.0974,16,21,0.0,4.76,0.0
00-0036407,Jerry Jeudy,WR,CLE,2025,10,0,0,0.0,0,,0,12,6,112,0.375,0.56,32,28,19.8,17.77,19.8
00-0036407,Jerry Jeudy,WR,CLE,2025,11,0,0,0.0,0,,0,7,3,47,0.28,0.2831,25,19,5.1,9.02,5.1
00-0036407,Jerry Jeudy,WR,CLE,2025,12,0,0,0.0,0,,0,3,1,67,0.1667,0.3436,27,26,2.9,3.49,2.9
00-0036407,Jerry Jeudy,WR,CLE,2025,13,0,0,0.0,0,,0,4,3,55,0.1739,0.3179,31,33,5.6,5.81,5.6
00-0036407,Jerry Jeudy,WR,CLE,2025,14,0,0,0.0,0,,0,5,3,59,0.1316,0.1934,20,24,16.6,7.68,16.6
00-0036407,Jerry Jeudy,WR,CLE,2025,15,0,0,0.0,0,,0,4,2,61,0.129,0.2013,16,18,4.2,5.33,4.2
00-0036407,Jerry Jeudy,WR,CLE,2025,16,0,0,0.0,0,,0,4,3,39,0.1481,0.5652,31,32,4.2,5.6,4.2
00-0036407,Jerry Jeudy,WR,CLE,2025,17,0,0,0.0,0,,0,7,5,83,0.3043,0.4392,25,25,10.4,10.91,10.4
00-0036407,Jerry Jeudy,WR,CLE,2025,18,0,0,0.0,0,,1,6,2,84,0.2857,0.4286,24,20,4.2,10.96,4.2
00-0036410,Tee Higgins,WR,CIN,2025,1,0,0,0.0,0,,0,4,3,49,0.1739,0.2899,23,25,6.3,6.43,6.3
00-0036410,Tee Higgins,WR,CIN,2025,2,0,0,0.0,0,,0,8,3,105,0.186,0.2917,17,18,14.6,13.94,14.6
00-0036410,Tee Higgins,WR,CIN,2025,3,0,0,0.0,0,,0,2,1,39,0.0769,0.3023,21,23,2.5,3.21,2.5
00-0036410,Tee Higgins,WR,CIN,2025,4,0,0,0.0,0,,0,6,3,79,0.2727,0.395,15,14,6.2,11.11,6.2
00-0036410,Tee Higgins,WR,CIN,2025,5,0,0,0.0,0,,0,7,3,88,0.175,0.2596,16,21,11.2,13.51,11.2
00-0036410,Tee Higgins,WR,CIN,2025,6,0,0,0.0,0,,0,8,5,106,0.2,0.3941,16,19,11.2,11.09,11.2
00-0036410,Tee Higgins,WR,CIN,2025,7,0,0,0.0,0,,0,10,6,108,0.2222,0.3205,23,20,21.6,17.78,21.6
00-0036410,Tee Higgins,WR,CIN,2025,8,0,0,0.0,0,,0,2,1,56,0.0606,0.2593,23,25,11.4,5.17,11.4
00-0036410,Tee Higgins,WR,CIN,2025,9,0,0,0.0,0,,0,9,7,130,0.2,0.3044,15,21,33.1,17.99,33.1
00-0036410,Tee Higgins,WR,CIN,2025,11,0,0,0.0,0,,0,8,3,117,0.2051,0.4105,22,27,15.3,12.85,15.3
00-0036410,Tee Higgins,WR,CIN,2025,12,0,0,0.0,0,,0,6,5,27,0.1765,0.0804,23,23,8.1,9.08,8.1
00-0036410,Tee Higgins,WR,CIN,2025,14,0,0,0.0,0,,0,11,6,168,0.3056,0.5106,19,22,27.2,20.79,27.2
00-0036410,Tee Higgins,WR,CIN,2025,16,0,0,0.0,0,,0,3,3,45,0.0968,0.2419,26,29,14.3,6.37,14.3
00-0036410,Tee Higgins,WR,CIN,2025,17,0,0,0.0,0,,0,5,4,91,0.1515,0.3396,35,33,9.9,10.05,9.9
00-0036410,Tee Higgins,WR,CIN,2025,18,0,0,0.0,0,,0,9,6,106,0.2368,0.5492,25,28,18.7,17.37,18.7
00-0036414,Cam Akers,RB,MIN,2025,3,0,0,0.0,0,,5,1,0,-6,0.0417,-0.0319,31,30,1.9,3.59,1.9
00-0036414,Cam Akers,RB,MIN,2025,5,1,1,3.26,0,44.74,0,0,0,0.0,0.0,0.0,23,21,5.3,0.44,5.28
00-0036415,Van Jefferson,WR,TEN,2025,2,0,0,0.0,0,,0,2,2,9,0.0645,0.0419,26,20,3.0,2.49,3.0
00-0036415,Van Jefferson,WR,TEN,2025,3,0,0,0.0,0,,0,1,1,1,0.0294,0.0054,23,20,1.8,1.28,1.8
00-0036415,Van Jefferson,WR,TEN,2025,4,0,0,0.0,0,,0,1,1,5,0.0435,0.0263,18,18,1.6,1.23,1.6
00-0036415,Van Jefferson,WR,TEN,2025,6,0,0,0.0,0,,0,6,4,118,0.1765,0.4664,15,21,11.5,10.55,11.5
00-0036415,Van Jefferson,WR,TEN,2025,7,0,0,0.0,0,,0,4,4,15,0.125,0.0664,12,20,8.1,5.61,8.1
00-0036415,Van Jefferson,WR,TEN,2025,8,0,0,0.0,0,,0,8,1,82,0.2162,0.25,25,26,1.6,13.43,1.6
00-0036415,Van Jefferson,WR,TEN,2025,9,0,0,0.0,0,,0,4,1,82,0.1905,0.4481,19,21,3.1,7.56,3.1
00-0036415,Van Jefferson,WR,TEN,2025,11,0,0,0.0,0,,0,7,3,63,0.1944,0.2351,17,22,11.2,11.59,11.2
00-0036415,Van Jefferson,WR,TEN,2025,12,0,0,0.0,0,,0,1,1,5,0.0263,0.0256,22,24,2.1,1.32,2.1
00-0036415,Van Jefferson,WR,TEN,2025,13,0,0,0.0,0,,0,4,3,34,0.1143,0.1371,14,19,5.0,5.9,5.0
00-0036415,Van Jefferson,WR,TEN,2025,14,0,0,0.0,0,,0,4,2,31,0.16,0.1782,35,35,3.7,4.39,3.7
00-0036415,Van Jefferson,WR,TEN,2025,15,0,0,0.0,0,,0,5,1,118,0.1852,0.6901,20,21,5.3,8.05,5.3
00-0036415,Van Jefferson,WR,TEN,2025,16,0,0,0.0,0,,0,2,2,20,0.0741,0.1227,40,41,4.4,2.84,4.4
00-0036415,Van Jefferson,WR,TEN,2025,17,0,0,0.0,0,,0,3,3,40,0.0857,0.1072,28,28,7.6,4.53,7.6
00-0036422,Adam Trautman,TE,DEN,2025,1,0,0,0.0,0,,0,1,1,5,0.027,0.0235,30,27,1.5,1.61,1.5
00-0036422,Adam Trautman,TE,DEN,2025,2,0,0,0.0,0,,0,3,3,7,0.1,0.0476,24,24,10.0,7.04,10.0
00-0036422,Adam Trautman,TE,DEN,2025,4,0,0,0.0,0,,0,3,2,11,0.0714,0.0393,38,36,5.2,4.49,5.2
00-0036422,Adam Trautman,TE,DEN,2025,5,0,0,0.0,0,,0,1,1,3,0.0278,0.0094,29,29,2.1,1.53,2.1
00-0036422,Adam Trautman,TE,DEN,2025,9,0,0,0.0,0,,0,2,2,7,0.0588,0.0159,23,25,4.5,2.94,4.5
00-0036422,Adam Trautman,TE,DEN,2025,10,0,0,0.0,0,,0,1,1,1,0.037,0.004,27,25,1.2,1.33,1.2
00-0036422,Adam Trautman,TE,DEN,2025,11,0,0,0.0,0,,0,1,1,2,0.0278,0.0063,21,22,1.8,1.29,1.8
00-0036422,Adam Trautman,TE,DEN,2025,13,0,0,0.0,0,,0,4,3,21,0.093,0.1111,23,26,7.7,6.31,7.7
00-0036422,Adam Trautman,TE,DEN,2025,14,0,0,0.0,0,,0,2,2,10,0.0556,0.0463,31,33,3.7,3.26,3.7
00-0036422,Adam Trautman,TE,DEN,2025,16,0,0,0.0,0,,0,3,2,18,0.0652,0.0401,17,17,3.4,4.18,3.4
00-0036422,Adam Trautman,TE,DEN,2025,17,0,0,0.0,0,,0,2,2,21,0.0541,0.1019,32,26,4.4,3.12,4.4
00-0036423,Albert Okwuegbunam,TE,LV,2025,5,0,0,0.0,0,,0,6,5,18,0.1667,0.0738,25,26,8.6,9.77,8.6
00-0036425,DeeJay Dallas,RB,CAR,2025,6,0,0,0.0,0,,1,0,0,0.0,0.0,0.0,38,38,0.0,0.69,0.0
00-0036425,DeeJay Dallas,RB,JAX,2025,17,0,0,0.0,0,,2,1,0,-1,0.027,-0.0028,29,22,2.1,2.58,2.1
00-0036427,Tyler Johnson,WR,NYJ,2025,1,0,0,0.0,0,,0,2,2,20,0.0952,0.1183,39,29,5.1,2.66,5.1
00-0036427,Tyler Johnson,WR,NYJ,2025,2,0,0,0.0,0,,0,1,0,22,0.0476,0.1279,21,15,0.0,1.67,0.0
00-0036427,Tyler Johnson,WR,NYJ,2025,3,0,0,0.0,0,,0,3,2,36,0.0857,0.2236,23,21,5.2,4.4,5.2
00-0036427,Tyler Johnson,WR,NYJ,2025,6,0,0,0.0,0,,0,1,0,-2,0.0625,-0.0213,31,25,0.0,1.36,0.0
00-0036427,Tyler Johnson,WR,NYJ,2025,7,0,0,0.0,0,,0,3,3,47,0.0968,0.1281,20,17,9.0,4.22,9.0
00-0036427,Tyler Johnson,WR,NYJ,2025,8,0,0,0.0,0,,0,5,3,85,0.1667,0.462,37,32,15.4,9.4,15.4
00-0036427,Tyler Johnson,WR,NYJ,2025,10,0,0,0.0,0,,0,1,0,-4,0.0909,-0.1053,33,26,0.0,1.3,0.0
00-0036427,Tyler Johnson,WR,NYJ,2025,16,0,0,0.0,0,,0,1,1,3,0.0294,0.0184,20,25,1.7,1.28,1.7
00-0036427,Tyler Johnson,WR,NYJ,2025,17,0,0,0.0,0,,0,1,1,3,0.0312,0.02,28,28,1.3,1.16,1.3
00-0036429,Charlie Woerner,TE,ATL,2025,3,0,0,0.0,0,,0,1,1,-5,0.0244,-0.0163,23,27,0.5,1.3,0.5
00-0036429,Charlie Woerner,TE,ATL,2025,7,0,0,0.0,0,,0,1,0,-1,0.0278,-0.0028,20,24,0.0,1.44,0.0
00-0036429,Charlie Woerner,TE,ATL,2025,10,0,0,0.0,0,,0,1,1,5,0.04,0.0174,29,30,2.4,1.54,2.4
00-0036429,Charlie Woerner,TE,ATL,2025,12,0,0,0.0,0,,0,3,3,3,0.15,0.0178,29,29,5.4,4.61,5.4
00-0036429,Charlie Woerner,TE,ATL,2025,15,0,0,0.0,0,,0,2,2,12,0.0488,0.0356,21,29,3.2,3.02,3.2
00-0036429,Charlie Woerner,TE,ATL,2025,16,0,0,0.0,0,,0,1,1,-2,0.0294,-0.0102,37,40,1.3,1.52,1.3
00-0036442,Joe Burrow,QB,CIN,2025,1,23,14,-0.332,3,-1.933,2,0,0,0.0,0.0,0.0,23,25,8.8,13.57,8.82
00-0036442,Joe Burrow,QB,CIN,2025,2,13,7,0.193,2,-0.803,0,0,0,0.0,0.0,0.0,17,18,7.0,6.91,7.04
00-0036442,Joe Burrow,QB,CIN,2025,13,46,24,6.143,1,-5.978,3,0,0,0.0,0.0,0.0,33,38,19.2,29.76,19.24
00-0036442,Joe Burrow,QB,CIN,2025,14,36,25,8.176,1,7.01,0,0,0,0.0,0.0,0.0,19,22,23.4,16.97,23.36
00-0036442,Joe Burrow,QB,CIN,2025,15,39,25,-13.749,3,2.632,2,0,0,0.0,0.0,0.0,29,35,5.5,16.51,5.5
00-0036442,Joe Burrow,QB,CIN,2025,16,32,25,20.578,2,15.812,2,0,0,0.0,0.0,0.0,26,29,29.0,17.42,28.96
00-0036442,Joe Burrow,QB,CIN,2025,17,31,24,19.041,3,13.485,3,0,0,0.0,0.0,0.0,35,33,20.4,20.34,20.4
00-0036442,Joe Burrow,QB,CIN,2025,18,39,29,-3.442,2,6.813,2,0,0,0.0,0.0,0.0,25,28,21.1,19.49,20.9
00-0036497,Tim Jones,WR,JAX,2025,9,0,0,0.0,0,,0,1,1,4,0.0303,0.0138,42,39,2.5,1.46,2.5
00-0036534,Shane Zylstra,TE,DET,2025,16,0,0,0.0,0,,0,5,3,37,0.0962,0.1175,12,21,5.0,10.85,5.0
00-0036550,Rashod Bateman,WR,BAL,2025,1,0,0,0.0,0,,0,4,2,42,0.2105,0.2428,29,23,3.0,6.26,3.0
00-0036550,Rashod Bateman,WR,BAL,2025,2,0,0,0.0,0,,0,4,2,31,0.1429,0.1136,21,17,3.5,6.24,3.5
00-0036550,Rashod Bateman,WR,BAL,2025,3,0,0,0.0,0,,0,7,5,95,0.25,0.3345,19,16,17.3,13.76,17.3
00-0036550,Rashod Bateman,WR,BAL,2025,4,0,0,0.0,0,,0,2,1,30,0.0667,0.1899,17,18,3.4,3.19,3.4
00-0036550,Rashod Bateman,WR,BAL,2025,5,0,0,0.0,0,,0,3,0,55,0.15,0.3374,19,21,0.0,5.13,0.0
00-0036550,Rashod Bateman,WR,BAL,2025,6,0,0,0.0,0,,0,1,1,3,0.0312,0.0138,37,36,1.8,0.91,1.8
00-0036550,Rashod Bateman,WR,BAL,2025,8,0,0,0.0,0,,0,4,2,64,0.1818,0.3062,35,26,7.1,7.97,7.1
00-0036550,Rashod Bateman,WR,BAL,2025,9,0,0,0.0,0,,0,4,2,45,0.1739,0.2174,31,28,9.3,7.91,9.3
00-0036550,Rashod Bateman,WR,BAL,2025,10,0,0,0.0,0,,0,2,1,15,0.0714,0.1261,36,30,4.0,6.76,4.0
00-0036550,Rashod Bateman,WR,BAL,2025,13,0,0,0.0,0,,0,1,0,31,0.0333,0.0814,22,19,0.0,1.9,0.0
00-0036550,Rashod Bateman,WR,BAL,2025,14,0,0,0.0,0,,0,3,2,27,0.0909,0.1051,40,35,4.3,5.4,4.3
00-0036550,Rashod Bateman,WR,BAL,2025,16,0,0,0.0,0,,0,2,0,26,0.1,0.152,33,29,0.0,2.85,0.0
00-0036550,Rashod Bateman,WR,BAL,2025,17,0,0,0.0,0,,0,1,1,4,0.05,0.05,53,49,1.7,1.34,1.7
00-0036554,Nico Collins,WR,HOU,2025,1,0,0,0.0,0,,0,5,3,35,0.1852,0.2035,27,23,5.5,7.3,5.5
00-0036554,Nico Collins,WR,HOU,2025,2,0,0,0.0,0,,0,9,3,88,0.3913,0.4513,19,18,14.2,21.51,14.2
00-0036554,Nico Collins,WR,HOU,2025,3,0,0,0.0,0,,0,11,8,139,0.3056,0.4826,19,19,22.4,17.54,22.4
00-0036554,Nico Collins,WR,HOU,2025,4,0,0,0.0,0,,0,6,4,71,0.2143,0.3901,35,36,11.9,9.09,11.9
00-0036554,Nico Collins,WR,HOU,2025,5,0,0,0.0,0,,1,5,4,64,0.1613,0.2471,33,27,16.0,10.55,16.0
00-0036554,Nico Collins,WR,HOU,2025,7,0,0,0.0,0,,0,10,4,102,0.2174,0.2406,17,19,6.7,15.62,6.7
00-0036554,Nico Collins,WR,HOU,2025,9,0,0,0.0,0,,0,11,7,148,0.2821,0.4471,28,24,14.5,19.14,14.5
00-0036554,Nico Collins,WR,HOU,2025,10,0,0,0.0,0,,0,15,7,188,0.3409,0.4403,22,22,22.6,29.84,22.6
00-0036554,Nico Collins,WR,HOU,2025,11,0,0,0.0,0,,0,10,9,104,0.25,0.2971,23,23,24.2,17.42,24.2
00-0036554,Nico Collins,WR,HOU,2025,12,0,0,0.0,0,,0,3,3,36,0.1071,0.1558,26,24,8.5,5.15,8.5
00-0036554,Nico Collins,WR,HOU,2025,13,0,0,0.0,0,,1,10,5,180,0.3125,0.4592,34,29,21.5,22.1,21.5
00-0036554,Nico Collins,WR,HOU,2025,14,0,0,0.0,0,,0,8,4,129,0.2963,0.423,31,30,16.1,13.29,16.1
00-0036554,Nico Collins,WR,HOU,2025,15,0,0,0.0,0,,0,4,3,35,0.1538,0.2991,33,33,23.5,11.49,23.5
00-0036554,Nico Collins,WR,HOU,2025,16,0,0,0.0,0,,0,9,4,153,0.2647,0.5016,26,29,9.9,15.56,9.9
00-0036554,Nico Collins,WR,HOU,2025,17,0,0,0.0,0,,0,4,3,57,0.1538,0.2227,34,29,8.7,6.66,8.7
00-0036555,Chuba Hubbard,RB,CAR,2025,1,0,0,0.0,0,,16,5,3,-14,0.1471,-0.052,25,25,17.9,14.92,17.9
00-0036555,Chuba Hubbard,RB,CAR,2025,2,0,0,0.0,0,,10,6,5,16,0.1132,0.0427,19,23,18.7,15.83,18.7
00-0036555,Chuba Hubbard,RB,CAR,2025,3,0,0,0.0,0,,17,3,2,13,0.125,0.0977,30,30,9.6,16.14,9.6
00-0036555,Chuba Hubbard,RB,CAR,2025,4,0,0,0.0,0,,10,3,3,-6,0.0938,-0.0302,28,30,9.9,8.64,9.9
00-0036555,Chuba Hubbard,RB,CAR,2025,7,0,0,0.0,0,,14,3,2,-12,0.0968,-0.0515,36,34,7.5,9.67,7.5
00-0036555,Chuba Hubbard,RB,CAR,2025,8,0,0,0.0,0,,12,1,0,5,0.0435,0.0256,28,24,9.4,8.62,9.4
00-0036555,Chuba Hubbard,RB,CAR,2025,9,0,0,0.0,0,,5,1,0,-1,0.0526,-0.008,33,32,1.7,5.14,1.7
00-0036555,Chuba Hubbard,RB,CAR,2025,10,0,0,0.0,0,,3,1,1,1,0.0435,0.0062,23,25,2.5,2.96,2.5
00-0036555,Chuba Hubbard,RB,CAR,2025,11,0,0,0.0,0,,4,3,1,-6,0.0682,-0.0216,25,30,3.8,6.84,3.8
00-0036555,Chuba Hubbard,RB,CAR,2025,12,0,0,0.0,0,,3,4,4,-14,0.1481,-0.0819,13,17,8.3,8.48,8.3
00-0036555,Chuba Hubbard,RB,CAR,2025,13,0,0,0.0,0,,17,2,2,-5,0.1,-0.0323,40,40,20.4,11.42,20.4
00-0036555,Chuba Hubbard,RB,CAR,2025,15,0,0,0.0,0,,8,1,1,-5,0.05,-0.0244,31,26,4.8,6.01,4.8
00-0036555,Chuba Hubbard,RB,CAR,2025,16,0,0,0.0,0,,6,1,1,4,0.0323,0.0156,20,20,4.4,6.31,4.4
00-0036555,Chuba Hubbard,RB,CAR,2025,17,0,0,0.0,0,,4,3,3,-18,0.1429,-0.4186,26,22,2.8,5.98,2.8
00-0036555,Chuba Hubbard,RB,CAR,2025,18,0,0,0.0,0,,5,2,2,2,0.0667,0.0079,14,16,3.7,5.67,3.7
00-0036567,Elijah Mitchell,RB,KC,2025,11,0,0,0.0,0,,0,1,0,16,0.0233,0.0494,14,16,0.0,1.78,0.0
00-0036590,Quintin Morris,TE,JAX,2025,11,0,0,0.0,0,,0,3,1,23,0.1364,0.1186,47,42,2.1,5.36,2.1
00-0036590,Quintin Morris,TE,JAX,2025,13,0,0,0.0,0,,0,2,1,9,0.08,0.0333,27,22,2.4,3.59,2.4
00-0036590,Quintin Morris,TE,JAX,2025,15,0,0,0.0,0,,0,2,2,7,0.0714,0.0202,27,22,4.0,3.13,4.0
00-0036590,Quintin Morris,TE,JAX,2025,16,0,0,0.0,0,,0,1,1,4,0.0286,0.0142,27,24,1.5,1.31,1.5
00-0036590,Quintin Morris,TE,JAX,2025,18,0,0,0.0,0,,0,1,1,2,0.0323,0.0068,24,20,7.5,4.9,7.5
00-0036613,Jaylen Waddle,WR,MIA,2025,1,0,0,0.0,0,,0,5,4,21,0.1613,0.0897,12,13,7.0,8.39,7.0
00-0036613,Jaylen Waddle,WR,MIA,2025,2,0,0,0.0,0,,0,6,5,98,0.1875,0.3904,15,21,17.8,11.29,17.8
00-0036613,Jaylen Waddle,WR,MIA,2025,3,0,0,0.0,0,,0,6,5,25,0.1818,0.1225,25,28,14.9,10.09,14.9
00-0036613,Jaylen Waddle,WR,MIA,2025,4,0,0,0.0,0,,0,6,3,41,0.24,0.2993,31,27,7.8,10.66,7.8
00-0036613,Jaylen Waddle,WR,MIA,2025,5,0,0,0.0,0,,0,9,6,144,0.2647,0.5017,14,19,23.0,15.55,23.0
00-0036613,Jaylen Waddle,WR,MIA,2025,6,1,1,-0.592,0,11.613,0,8,6,120,0.2667,0.5742,21,23,15.8,14.16,15.82
00-0036613,Jaylen Waddle,WR,MIA,2025,7,0,0,0.0,0,,0,4,1,93,0.1333,0.4043,22,22,2.5,6.81,2.5
00-0036613,Jaylen Waddle,WR,MIA,2025,8,0,0,0.0,0,,0,6,5,69,0.2222,0.6832,37,44,20.9,10.49,20.9
00-0036613,Jaylen Waddle,WR,MIA,2025,9,0,0,0.0,0,,0,9,6,94,0.2432,0.3469,20,23,14.2,15.21,14.2
00-0036613,Jaylen Waddle,WR,MIA,2025,10,0,0,0.0,0,,0,7,5,162,0.3333,0.8617,32,34,19.4,13.85,19.4
00-0036613,Jaylen Waddle,WR,MIA,2025,11,0,0,0.0,0,,0,7,3,96,0.35,0.7111,31,36,8.2,14.57,8.2
00-0036613,Jaylen Waddle,WR,MIA,2025,13,0,0,0.0,0,,0,6,3,102,0.3,0.4397,32,28,7.0,10.32,7.0
00-0036613,Jaylen Waddle,WR,MIA,2025,14,0,0,0.0,0,,1,7,5,56,0.3333,0.5895,41,37,18.1,13.29,18.1
00-0036613,Jaylen Waddle,WR,MIA,2025,15,0,0,0.0,0,,0,4,2,45,0.1538,0.2632,16,22,4.6,6.57,4.6
00-0036613,Jaylen Waddle,WR,MIA,2025,16,0,0,0.0,0,,0,9,5,125,0.3103,0.4789,28,29,12.2,14.97,12.2
00-0036613,Jaylen Waddle,WR,MIA,2025,17,0,0,0.0,0,,1,1,0,15,0.0455,0.0765,30,26,0.7,2.36,0.7
00-0036620,Dee Eskridge,WR,MIA,2025,1,0,0,0.0,0,,0,2,1,33,0.0645,0.141,12,13,1.9,2.91,1.9
00-0036620,Dee Eskridge,WR,MIA,2025,2,0,0,0.0,0,,0,1,1,7,0.0312,0.0279,15,21,1.8,1.56,1.8
00-0036620,Dee Eskridge,WR,MIA,2025,6,0,0,0.0,0,,0,1,0,16,0.0333,0.0766,21,23,0.0,1.23,0.0
00-0036620,Dee Eskridge,WR,MIA,2025,7,0,0,0.0,0,,0,2,2,37,0.0667,0.1609,22,22,6.5,1.98,6.5
00-0036620,Dee Eskridge,WR,MIA,2025,9,0,0,0.0,0,,0,1,0,5,0.027,0.0185,20,23,0.0,1.41,0.0
00-0036626,Dyami Brown,WR,JAX,2025,1,0,0,0.0,0,,2,4,3,54,0.1379,0.2422,32,29,8.8,8.64,8.8
00-0036626,Dyami Brown,WR,JAX,2025,2,0,0,0.0,0,,1,7,5,57,0.1707,0.1851,27,28,17.6,15.97,17.6
00-0036626,Dyami Brown,WR,JAX,2025,3,0,0,0.0,0,,0,3,2,51,0.0789,0.1619,24,23,2.7,6.06,2.7
00-0036626,Dyami Brown,WR,JAX,2025,5,0,0,0.0,0,,0,4,2,34,0.16,0.1627,26,20,3.5,7.57,3.5
00-0036626,Dyami Brown,WR,JAX,2025,6,0,0,0.0,0,,1,5,2,85,0.119,0.2656,19,22,4.0,8.55,4.0
00-0036626,Dyami Brown,WR,JAX,2025,7,0,0,0.0,0,,0,4,2,70,0.0851,0.1341,19,15,7.0,6.3,7.0
00-0036626,Dyami Brown,WR,JAX,2025,9,0,0,0.0,0,,1,7,3,82,0.2121,0.2837,42,39,5.9,16.75,5.9
00-0036626,Dyami Brown,WR,JAX,2025,10,0,0,0.0,0,,0,1,0,32,0.0435,0.2192,27,24,0.0,3.91,0.0
00-0036626,Dyami Brown,WR,JAX,2025,11,0,0,0.0,0,,0,1,0,45,0.0455,0.232,47,42,0.0,2.7,0.0
00-0036626,Dyami Brown,WR,JAX,2025,15,0,0,0.0,0,,1,0,0,0.0,0.0,0.0,27,22,-1.6,0.66,-1.6
00-0036626,Dyami Brown,WR,JAX,2025,18,0,0,0.0,0,,0,1,1,8,0.0323,0.0271,24,20,1.8,2.71,1.8
00-0036628,John Bates,TE,WAS,2025,5,0,0,0.0,0,,0,1,1,2,0.0435,0.0084,28,23,1.9,1.49,1.9
00-0036628,John Bates,TE,WAS,2025,7,0,0,0.0,0,,0,2,1,-3,0.0645,-0.0095,28,21,1.5,4.67,1.5
00-0036628,John Bates,TE,WAS,2025,8,0,0,0.0,0,,0,1,1,9,0.0333,0.0556,20,16,3.2,1.6,3.2
00-0036628,John Bates,TE,WAS,2025,9,0,0,0.0,0,,0,4,2,18,0.1905,0.144,36,26,4.0,6.15,4.0
00-0036628,John Bates,TE,WAS,2025,10,0,0,0.0,0,,0,2,1,0.0,0.0909,0.0,27,23,1.6,3.0,1.6
00-0036628,John Bates,TE,WAS,2025,13,0,0,0.0,0,,0,2,2,1,0.0444,0.0017,33,23,2.9,2.54,2.9
00-0036628,John Bates,TE,WAS,2025,15,0,0,0.0,0,,0,1,1,13,0.0625,0.0502,37,28,2.9,1.91,2.9
00-0036628,John Bates,TE,WAS,2025,16,0,0,0.0,0,,0,1,0,10,0.05,0.0585,26,27,0.0,1.65,0.0
00-0036628,John Bates,TE,WAS,2025,18,0,0,0.0,0,,0,2,2,-2,0.1053,-0.0163,41,32,9.3,4.89,9.3
00-0036630,Tylan Wallace,WR,BAL,2025,2,0,0,0.0,0,,0,2,2,18,0.0714,0.0659,21,17,10.5,5.25,10.5
00-0036630,Tylan Wallace,WR,BAL,2025,3,0,0,0.0,0,,0,1,0,10,0.0357,0.0352,19,16,0.0,3.23,0.0
00-0036630,Tylan Wallace,WR,BAL,2025,4,0,0,0.0,0,,0,2,1,21,0.0667,0.1329,17,18,2.4,3.05,2.4
00-0036630,Tylan Wallace,WR,BAL,2025,8,0,0,0.0,0,,0,1,1,-1,0.0455,-0.0048,35,26,1.6,1.65,1.6
00-0036630,Tylan Wallace,WR,BAL,2025,11,0,0,0.0,0,,0,1,0,26,0.04,0.1307,30,29,0.0,1.75,0.0
00-0036630,Tylan Wallace,WR,BAL,2025,12,0,0,0.0,0,,0,1,0,33,0.05,0.1473,34,26,0.0,1.67,0.0
00-0036637,Noah Gray,TE,KC,2025,1,0,0,0.0,0,,0,1,1,3,0.0263,0.0111,17,14,1.3,2.58,1.3
00-0036637,Noah Gray,TE,KC,2025,2,0,0,0.0,0,,0,5,1,51,0.1724,0.165,26,21,1.1,7.66,1.1
00-0036637,Noah Gray,TE,KC,2025,3,0,0,0.0,0,,0,6,3,17,0.1714,0.0533,28,24,4.7,7.83,4.7
00-0036637,Noah Gray,TE,KC,2025,4,0,0,0.0,0,,0,1,1,-3,0.0286,-0.0116,32,30,1.1,1.47,1.1
00-0036637,Noah Gray,TE,KC,2025,6,0,0,0.0,0,,0,2,2,7,0.0714,0.0455,29,23,4.5,3.01,4.5
00-0036637,Noah Gray,TE,KC,2025,7,0,0,0.0,0,,0,1,1,13,0.0294,0.0628,41,39,3.8,1.8,3.8
00-0036637,Noah Gray,TE,KC,2025,8,0,0,0.0,0,,0,4,2,33,0.125,0.1507,30,25,4.3,9.77,4.3
00-0036637,Noah Gray,TE,KC,2025,9,0,0,0.0,0,,0,1,0,26,0.0345,0.0527,20,17,0.0,1.6,0.0
00-0036637,Noah Gray,TE,KC,2025,11,0,0,0.0,0,,0,3,2,14,0.0698,0.0432,14,16,2.9,4.71,2.9
00-0036637,Noah Gray,TE,KC,2025,12,0,0,0.0,0,,0,4,3,36,0.093,0.1026,41,44,5.5,6.03,5.5
00-0036637,Noah Gray,TE,KC,2025,14,0,0,0.0,0,,0,3,1,17,0.1034,0.0588,29,22,2.4,4.42,2.4
00-0036637,Noah Gray,TE,KC,2025,17,0,0,0.0,0,,0,1,1,0.0,0.05,0.0,19,19,1.2,1.2,1.2
00-0036637,Noah Gray,TE,KC,2025,18,0,0,0.0,0,,0,5,3,25,0.1667,0.1121,23,26,6.0,7.02,6.0
00-0036679,Shane Buechele,QB,KC,2025,18,14,7,-6.825,5,-16.772,1,0,0,0.0,0.0,0.0,23,26,3.9,4.6,3.92
00-0036741,Jack Stoll,TE,NO,2025,3,0,0,0.0,0,,0,3,2,27,0.0732,0.0778,27,28,10.1,5.47,10.1
00-0036741,Jack Stoll,TE,NO,2025,4,0,0,0.0,0,,0,1,1,1,0.04,0.0081,34,30,1.7,1.41,1.7
00-0036741,Jack Stoll,TE,NO,2025,7,0,0,0.0,0,,0,1,0,4,0.0323,0.0104,17,16,0.0,1.52,0.0
00-0036741,Jack Stoll,TE,NO,2025,8,0,0,0.0,0,,0,1,0,-2,0.02,-0.0048,15,11,0.0,1.38,0.0
00-0036741,Jack Stoll,TE,NO,2025,12,0,0,0.0,0,,0,1,1,7,0.0233,0.0227,28,17,1.7,0.89,1.7
00-0036741,Jack Stoll,TE,NO,2025,14,0,0,0.0,0,,0,1,0,-8,0.05,-0.0506,32,25,0.0,1.2,0.0
00-0036741,Jack Stoll,TE,NO,2025,15,0,0,0.0,0,,0,1,1,0.0,0.0323,0.0,25,18,1.7,1.33,1.7
00-0036741,Jack Stoll,TE,NO,2025,16,0,0,0.0,0,,0,2,1,5,0.0426,0.0118,25,13,1.4,2.86,1.4
00-0036754,Brock Wright,TE,DET,2025,2,0,0,0.0,0,,0,3,3,3,0.1071,0.0109,30,30,11.8,6.3,11.8
00-0036754,Brock Wright,TE,DET,2025,5,0,0,0.0,0,,0,3,2,0.0,0.1304,0.0,33,33,8.9,7.41,8.9
00-0036754,Brock Wright,TE,DET,2025,7,0,0,0.0,0,,0,3,3,11,0.1071,0.0701,32,35,5.3,5.05,5.3
00-0036754,Brock Wright,TE,DET,2025,9,0,0,0.0,0,,0,1,1,2,0.0278,0.008,20,25,2.1,1.35,2.1
00-0036754,Brock Wright,TE,DET,2025,10,0,0,0.0,0,,0,1,0,-6,0.0312,-0.0347,33,35,0.0,1.59,0.0
00-0036754,Brock Wright,TE,DET,2025,11,0,0,0.0,0,,0,7,2,3,0.1944,0.0122,21,24,2.8,9.71,2.8
00-0036754,Brock Wright,TE,DET,2025,12,0,0,0.0,0,,0,4,3,9,0.1053,0.0407,20,34,5.9,6.46,5.9
00-0036755,Jaret Patterson,RB,LAC,2025,8,0,0,0.0,0,,11,0,0,0.0,0.0,0.0,43,37,3.0,5.13,3.0
00-0036755,Jaret Patterson,RB,LAC,2025,9,0,0,0.0,0,,9,0,0,0.0,0.0,0.0,30,21,4.4,5.21,4.4
00-0036755,Jaret Patterson,RB,LAC,2025,10,0,0,0.0,0,,1,0,0,0.0,0.0,0.0,31,27,0.1,0.43,0.1
00-0036755,Jaret Patterson,RB,LAC,2025,13,0,0,0.0,0,,11,0,0,0.0,0.0,0.0,43,37,11.4,11.41,11.4
00-0036755,Jaret Patterson,RB,LAC,2025,17,0,0,0.0,0,,1,0,0,0.0,0.0,0.0,22,23,0.1,0.52,0.1
00-0036755,Jaret Patterson,RB,LAC,2025,18,0,0,0.0,0,,8,4,3,-1,0.1053,-0.0025,21,16,6.7,8.6,6.7
00-0036825,Feleipe Franks,TE,ATL,2025,6,0,0,0.0,0,,1,0,0,0.0,0.0,0.0,32,36,0.2,0.29,0.2
00-0036825,Feleipe Franks,TE,ATL,2025,12,0,0,0.0,0,,1,0,0,0.0,0.0,0.0,29,29,0.2,0.36,0.2
00-0036841,Austin Trammell,WR,JAX,2025,9,0,0,0.0,0,,0,1,0,30,0.0303,0.1038,42,39,0.0,1.99,0.0
00-0036841,Austin Trammell,WR,JAX,2025,10,0,0,0.0,0,,0,3,2,35,0.1304,0.2397,27,24,5.3,5.32,5.3
00-0036841,Austin Trammell,WR,JAX,2025,11,0,0,0.0,0,,0,1,1,13,0.0455,0.067,47,42,2.3,1.72,2.3
00-0036841,Austin Trammell,WR,JAX,2025,12,0,0,0.0,0,,0,1,0,7,0.0333,0.0258,28,26,0.0,1.58,0.0
00-0036841,Austin Trammell,WR,JAX,2025,13,0,0,0.0,0,,0,4,0,45,0.16,0.1667,27,22,0.0,8.59,0.0
00-0036842,Kene Nwangwu,RB,NYJ,2025,17,0,0,0.0,0,,6,0,0,0.0,0.0,0.0,28,28,3.1,7.61,3.1
00-0036842,Kene Nwangwu,RB,NYJ,2025,18,0,0,0.0,0,,7,1,0,-6,0.0455,-0.0822,23,20,1.8,4.44,1.8
00-0036849,Tutu Atwell,WR,LA,2025,1,0,0,0.0,0,,0,1,1,4,0.0357,0.0177,25,21,1.4,1.56,1.4
00-0036849,Tutu Atwell,WR,LA,2025,2,0,0,0.0,0,,0,1,0,11,0.0312,0.042,25,24,0.0,1.5,0.0
00-0036849,Tutu Atwell,WR,LA,2025,3,0,0,0.0,0,,0,1,0,3,0.0303,0.0112,31,30,0.0,1.33,0.0
00-0036849,Tutu Atwell,WR,LA,2025,4,0,0,0.0,0,,0,2,1,42,0.05,0.1228,26,27,15.8,2.98,15.8
00-0036849,Tutu Atwell,WR,LA,2025,5,0,0,0.0,0,,0,4,2,117,0.087,0.2216,16,23,9.2,9.37,9.2
00-0036849,Tutu Atwell,WR,LA,2025,15,0,0,0.0,0,,0,2,1,19,0.0526,0.0403,29,27,1.9,3.54,1.9
00-0036849,Tutu Atwell,WR,LA,2025,17,0,0,0.0,0,,0,1,0,51,0.0278,0.0994,20,23,0.0,1.78,0.0
00-0036849,Tutu Atwell,WR,LA,2025,18,0,0,0.0,0,,0,3,1,55,0.0811,0.1532,31,29,2.9,5.93,2.9
00-0036862,Ben Skowronek,WR,PIT,2025,1,0,0,0.0,0,,0,1,1,9,0.0345,0.0647,20,24,9.2,1.44,9.2
00-0036862,Ben Skowronek,WR,PIT,2025,4,0,0,0.0,0,,0,1,0,11,0.0455,0.1507,29,31,0.0,3.08,0.0
00-0036862,Ben Skowronek,WR,PIT,2025,8,0,0,0.0,0,,0,1,1,6,0.0312,0.025,18,22,2.3,1.53,2.3
00-0036862,Ben Skowronek,WR,PIT,2025,12,0,0,0.0,0,,0,1,1,18,0.0323,0.0918,36,34,3.1,1.39,3.1
00-0036862,Ben Skowronek,WR,PIT,2025,13,0,0,0.0,0,,0,1,0,4,0.0455,0.0331,18,21,0.0,1.34,0.0
00-0036862,Ben Skowronek,WR,PIT,2025,14,0,0,0.0,0,,0,1,1,13,0.0303,0.0613,17,23,2.3,1.65,2.3
00-0036875,Rhamondre Stevenson,RB,NE,2025,1,0,0,0.0,0,,7,3,2,3,0.0667,0.0085,18,21,4.7,8.46,4.7
00-0036875,Rhamondre Stevenson,RB,NE,2025,2,0,0,0.0,0,,11,5,5,25,0.2174,0.1866,29,27,21.2,12.95,21.2
00-0036875,Rhamondre Stevenson,RB,NE,2025,3,0,0,0.0,0,,4,3,3,7,0.0833,0.0338,29,28,4.6,8.51,4.6
00-0036875,Rhamondre Stevenson,RB,NE,2025,4,0,0,0.0,0,,9,1,1,-5,0.0588,-0.0331,29,25,5.1,6.57,5.1
00-0036875,Rhamondre Stevenson,RB,NE,2025,5,0,0,0.0,0,,7,2,2,8,0.0714,0.0376,22,24,14.7,8.62,14.7
00-0036875,Rhamondre Stevenson,RB,NE,2025,6,0,0,0.0,0,,13,1,0,3,0.0417,0.0106,31,23,1.8,12.7,1.8
00-0036875,Rhamondre Stevenson,RB,NE,2025,7,0,0,0.0,0,,18,2,2,-3,0.0833,-0.0152,36,27,16.8,13.51,16.8
00-0036875,Rhamondre Stevenson,RB,NE,2025,8,0,0,0.0,0,,14,2,1,43,0.087,0.1552,35,27,5.9,12.59,5.9
00-0036875,Rhamondre Stevenson,RB,NE,2025,12,0,0,0.0,0,,6,2,1,14,0.0606,0.0471,31,29,2.0,11.87,2.0
00-0036875,Rhamondre Stevenson,RB,NE,2025,13,0,0,0.0,0,,12,3,3,2,0.1,0.0082,29,29,11.0,11.2,11.0
00-0036875,Rhamondre Stevenson,RB,NE,2025,15,0,0,0.0,0,,6,3,3,3,0.1364,0.0123,25,25,10.7,8.14,10.7
00-0036875,Rhamondre Stevenson,RB,NE,2025,16,0,0,0.0,0,,8,3,2,22,0.0714,0.0464,23,16,17.8,10.7,17.8
00-0036875,Rhamondre Stevenson,RB,NE,2025,17,0,0,0.0,0,,8,5,5,30,0.2,0.1364,36,36,27.2,16.05,27.2
00-0036875,Rhamondre Stevenson,RB,NE,2025,18,0,0,0.0,0,,7,2,2,7,0.1,0.0272,34,27,35.3,10.02,35.3
00-0036876,Kylen Granson,TE,PHI,2025,1,0,0,0.0,0,,0,1,1,0.0,0.05,0.0,38,28,1.1,1.4,1.1
00-0036876,Kylen Granson,TE,PHI,2025,2,0,0,0.0,0,,0,1,1,3,0.0476,0.018,34,27,1.5,1.32,1.5
00-0036876,Kylen Granson,TE,PHI,2025,11,0,0,0.0,0,,0,2,1,34,0.0741,0.0939,40,31,1.4,3.05,1.4
00-0036876,Kylen Granson,TE,PHI,2025,18,0,0,0.0,0,,0,5,4,31,0.1471,0.0809,19,21,7.0,7.24,7.0
00-0036887,Luke Farrell,TE,SF,2025,1,0,0,0.0,0,,0,1,1,4,0.0294,0.0154,36,41,1.4,1.59,1.4
00-0036887,Luke Farrell,TE,SF,2025,2,0,0,0.0,0,,0,3,2,-3,0.0789,-0.0118,26,26,9.5,4.9,9.5
00-0036887,Luke Farrell,TE,SF,2025,4,0,0,0.0,0,,0,2,2,5,0.0541,0.0163,24,28,2.0,2.74,2.0
00-0036887,Luke Farrell,TE,SF,2025,5,0,0,0.0,0,,0,2,1,14,0.0417,0.0483,33,35,1.8,3.38,1.8
00-0036887,Luke Farrell,TE,SF,2025,7,0,0,0.0,0,,0,1,1,4,0.0417,0.0303,39,40,2.1,1.7,2.1
00-0036887,Luke Farrell,TE,SF,2025,9,0,0,0.0,0,,0,1,1,7,0.0435,0.0437,39,38,1.9,1.68,1.9
00-0036887,Luke Farrell,TE,SF,2025,10,0,0,0.0,0,,0,2,2,5,0.0513,0.0177,21,29,9.5,3.58,9.5
00-0036887,Luke Farrell,TE,SF,2025,12,0,0,0.0,0,,0,1,1,3,0.0312,0.0154,38,39,1.3,1.07,1.3
00-0036887,Luke Farrell,TE,SF,2025,13,0,0,0.0,0,,0,1,0,2,0.0435,0.0075,33,32,0.0,4.21,0.0
00-0036893,Najee Harris,RB,LAC,2025,1,0,0,0.0,0,,1,1,1,5,0.0294,0.0146,25,19,2.0,2.17,2.0
00-0036893,Najee Harris,RB,LAC,2025,2,0,0,0.0,0,,8,2,2,5,0.0741,0.0205,26,19,6.8,6.75,6.8
00-0036893,Najee Harris,RB,LAC,2025,3,0,0,0.0,0,,6,0,0,0.0,0.0,0.0,28,31,2.8,2.53,2.8
00-0036894,Pat Freiermuth,TE,PIT,2025,1,0,0,0.0,0,,0,3,3,20,0.1034,0.1439,20,24,5.8,4.45,5.8
00-0036894,Pat Freiermuth,TE,PIT,2025,2,0,0,0.0,0,,0,4,3,30,0.129,0.1613,21,27,6.1,7.46,6.1
00-0036894,Pat Freiermuth,TE,PIT,2025,3,0,0,0.0,0,,0,3,1,23,0.1364,0.2018,26,28,1.6,3.94,1.6
00-0036894,Pat Freiermuth,TE,PIT,2025,6,0,0,0.0,0,,0,1,1,4,0.0345,0.0179,28,31,2.1,1.4,2.1
00-0036894,Pat Freiermuth,TE,PIT,2025,7,0,0,0.0,0,,0,6,5,56,0.1818,0.1812,20,25,28.1,10.29,28.1
00-0036894,Pat Freiermuth,TE,PIT,2025,8,0,0,0.0,0,,0,4,3,15,0.125,0.0625,18,22,4.3,5.55,4.3
00-0036894,Pat Freiermuth,TE,PIT,2025,9,0,0,0.0,0,,0,4,3,21,0.1143,0.2039,23,27,11.7,8.21,11.7
00-0036894,Pat Freiermuth,TE,PIT,2025,10,0,0,0.0,0,,0,3,3,1,0.1071,0.004,16,20,6.3,4.42,6.3
00-0036894,Pat Freiermuth,TE,PIT,2025,11,0,0,0.0,0,,0,1,1,1,0.0345,0.0075,28,33,2.9,1.3,2.9
00-0036894,Pat Freiermuth,TE,PIT,2025,12,0,0,0.0,0,,0,3,3,9,0.0968,0.0459,36,34,10.9,6.37,10.9
00-0036894,Pat Freiermuth,TE,PIT,2025,14,0,0,0.0,0,,0,3,2,6,0.0909,0.0283,17,23,2.9,5.26,2.9
00-0036894,Pat Freiermuth,TE,PIT,2025,15,0,0,0.0,0,,0,5,3,45,0.1852,0.4891,32,37,7.5,8.7,7.5
00-0036894,Pat Freiermuth,TE,PIT,2025,16,0,0,0.0,0,,0,4,4,5,0.1053,0.0149,27,30,6.0,5.86,6.0
00-0036894,Pat Freiermuth,TE,PIT,2025,17,0,0,0.0,0,,0,5,3,43,0.1351,0.1886,24,22,9.3,6.5,9.3
00-0036894,Pat Freiermuth,TE,PIT,2025,18,0,0,0.0,0,,0,5,3,44,0.1136,0.1354,24,32,8.1,8.57,8.1
00-0036898,Davis Mills,QB,HOU,2025,5,4,2,0.729,0,-5.815,3,0,0,0.0,0.0,0.0,33,27,1.2,2.02,1.22
00-0036898,Davis Mills,QB,HOU,2025,9,30,17,-5.679,2,-13.14,2,0,0,0.0,0.0,0.0,28,24,6.2,14.12,6.18
00-0036898,Davis Mills,QB,HOU,2025,10,45,27,0.754,2,-3.259,3,0,0,0.0,0.0,0.0,22,22,27.7,26.0,27.68
00-0036898,Davis Mills,QB,HOU,2025,11,41,26,-0.193,4,-0.025,2,0,0,0.0,0.0,0.0,23,23,16.4,18.77,16.36
00-0036898,Davis Mills,QB,HOU,2025,12,30,16,-6.352,0,-7.499,2,0,0,0.0,0.0,0.0,26,24,14.5,17.75,14.52
00-0036898,Davis Mills,QB,HOU,2025,18,9,3,-6.015,0,-35.219,1,0,0,0.0,0.0,0.0,32,32,2.6,3.13,2.64
00-0036900,Ja'Marr Chase,WR,CIN,2025,1,0,0,0.0,0,,0,5,2,88,0.2174,0.5207,23,25,4.6,8.44,4.6
00-0036900,Ja'Marr Chase,WR,CIN,2025,2,0,0,0.0,0,,0,16,14,112,0.3721,0.3111,17,18,36.5,28.11,36.5
00-0036900,Ja'Marr Chase,WR,CIN,2025,3,0,0,0.0,0,,1,6,5,30,0.2308,0.2326,21,23,8.9,8.91,8.9
00-0036900,Ja'Marr Chase,WR,CIN,2025,4,0,0,0.0,0,,0,8,5,46,0.3636,0.23,15,14,7.3,11.42,7.3
00-0036900,Ja'Marr Chase,WR,CIN,2025,5,0,0,0.0,0,,0,10,6,159,0.25,0.469,16,21,29.0,15.85,29.0
00-0036900,Ja'Marr Chase,WR,CIN,2025,6,0,0,0.0,0,,1,12,10,114,0.3,0.4238,16,19,25.1,17.68,25.1
00-0036900,Ja'Marr Chase,WR,CIN,2025,7,0,0,0.0,0,,0,23,16,160,0.5111,0.4748,23,20,38.1,39.37,38.1
00-0036900,Ja'Marr Chase,WR,CIN,2025,8,0,0,0.0,0,,0,19,12,98,0.5758,0.4537,23,25,21.1,30.01,21.1
00-0036900,Ja'Marr Chase,WR,CIN,2025,9,0,0,0.0,0,,0,8,6,82,0.1778,0.192,15,21,17.1,15.16,17.1
00-0036900,Ja'Marr Chase,WR,CIN,2025,11,0,0,0.0,0,,0,10,3,116,0.2564,0.407,22,27,6.0,16.59,6.0
00-0036900,Ja'Marr Chase,WR,CIN,2025,13,0,0,0.0,0,,0,14,7,171,0.3182,0.45,33,38,18.0,23.81,18.0
00-0036900,Ja'Marr Chase,WR,CIN,2025,14,0,0,0.0,0,,1,8,5,19,0.2222,0.0578,19,22,10.2,12.94,10.2
00-0036900,Ja'Marr Chase,WR,CIN,2025,15,0,0,0.0,0,,0,16,10,157,0.4444,0.5528,29,35,23.2,25.95,23.2
00-0036900,Ja'Marr Chase,WR,CIN,2025,16,0,0,0.0,0,,0,11,9,85,0.3548,0.457,26,29,19.9,17.98,19.9
00-0036900,Ja'Marr Chase,WR,CIN,2025,17,0,0,0.0,0,,0,9,7,47,0.2727,0.1754,35,33,25.0,17.4,25.0
00-0036900,Ja'Marr Chase,WR,CIN,2025,18,0,0,0.0,0,,0,10,8,86,0.2632,0.4456,25,28,23.6,16.9,23.6
00-0036906,Khalil Herbert,RB,NYJ,2025,15,0,0,0.0,0,,2,1,0,-4,0.0312,-0.0188,32,26,0.5,2.25,0.5
00-0036906,Khalil Herbert,RB,NYJ,2025,17,0,0,0.0,0,,2,1,0,-3,0.0312,-0.02,28,28,0.5,2.78,0.5
00-0036906,Khalil Herbert,RB,NYJ,2025,18,0,0,0.0,0,,12,2,1,-6,0.0909,-0.0822,23,20,5.6,8.96,5.6
00-0036912,DeVonta Smith,WR,PHI,2025,1,0,0,0.0,0,,0,3,3,4,0.15,0.0357,38,28,4.6,4.17,4.6
00-0036912,DeVonta Smith,WR,PHI,2025,2,0,0,0.0,0,,0,6,4,104,0.2857,0.6228,34,27,9.3,9.68,9.3
00-0036912,DeVonta Smith,WR,PHI,2025,3,0,0,0.0,0,,0,9,8,68,0.3,0.2482,27,22,20.0,16.45,20.0
00-0036912,DeVonta Smith,WR,PHI,2025,4,0,0,0.0,0,,0,2,2,22,0.0833,0.1317,32,26,4.9,3.37,4.9
00-0036912,DeVonta Smith,WR,PHI,2025,5,0,0,0.0,0,,0,10,8,88,0.2703,0.2115,11,13,19.4,16.2,19.4
00-0036912,DeVonta Smith,WR,PHI,2025,6,0,0,0.0,0,,0,5,4,57,0.1562,0.1804,20,17,8.9,7.03,8.9
00-0036912,DeVonta Smith,WR,PHI,2025,7,0,0,0.0,0,,0,11,9,173,0.4783,0.6092,23,22,33.3,19.87,33.3
00-0036912,DeVonta Smith,WR,PHI,2025,8,0,0,0.0,0,,0,9,6,107,0.45,0.7279,33,30,14.4,16.98,14.4
00-0036912,DeVonta Smith,WR,PHI,2025,10,0,0,0.0,0,,0,7,4,88,0.3043,0.3843,34,34,16.9,11.89,16.9
00-0036912,DeVonta Smith,WR,PHI,2025,11,0,0,0.0,0,,0,5,1,88,0.1852,0.2431,40,31,1.8,9.52,1.8
00-0036912,DeVonta Smith,WR,PHI,2025,12,0,0,0.0,0,,0,11,6,169,0.3056,0.5768,18,18,14.9,21.19,14.9
00-0036912,DeVonta Smith,WR,PHI,2025,13,0,0,0.0,0,,0,8,5,72,0.2667,0.2156,17,14,9.8,11.15,9.8
00-0036912,DeVonta Smith,WR,PHI,2025,14,0,0,0.0,0,,0,8,4,69,0.2105,0.1691,25,22,7.7,12.42,7.7
00-0036912,DeVonta Smith,WR,PHI,2025,15,0,0,0.0,0,,0,2,2,43,0.1111,0.3258,47,41,7.0,3.49,7.0
00-0036912,DeVonta Smith,WR,PHI,2025,16,0,0,0.0,0,,0,8,6,65,0.2759,0.3234,34,26,16.2,15.61,16.2
00-0036912,DeVonta Smith,WR,PHI,2025,17,0,0,0.0,0,,0,5,2,76,0.2273,0.2946,26,24,4.5,8.04,4.5
00-0036912,DeVonta Smith,WR,PHI,2025,18,0,0,0.0,0,,0,4,3,62,0.1176,0.1619,19,21,8.2,6.33,8.2
00-0036919,Kenny Gainwell,RB,PIT,2025,1,0,0,0.0,0,,7,4,3,-10,0.1379,-0.0719,20,24,5.3,8.47,5.3
00-0036919,Kenny Gainwell,RB,PIT,2025,2,0,0,0.0,0,,5,5,3,-1,0.1613,-0.0054,21,27,6.6,10.53,6.6
00-0036919,Kenny Gainwell,RB,PIT,2025,3,0,0,0.0,0,,4,1,1,-4,0.0455,-0.0351,26,28,9.6,7.52,9.6
00-0036919,Kenny Gainwell,RB,PIT,2025,4,0,0,0.0,0,,19,6,6,7,0.2727,0.0959,29,31,31.4,25.36,31.4
00-0036919,Kenny Gainwell,RB,PIT,2025,6,0,0,0.0,0,,6,6,6,-11,0.2069,-0.0493,28,31,9.6,10.67,9.6
00-0036919,Kenny Gainwell,RB,PIT,2025,7,0,0,0.0,0,,3,2,2,0.0,0.0606,0.0,20,25,3.5,4.34,3.5
00-0036919,Kenny Gainwell,RB,PIT,2025,8,0,0,0.0,0,,5,2,2,0.0,0.0625,0.0,18,22,3.5,5.61,3.5
00-0036919,Kenny Gainwell,RB,PIT,2025,9,0,0,0.0,0,,3,5,4,-3,0.1429,-0.0291,23,27,7.4,9.8,7.4
00-0036919,Kenny Gainwell,RB,PIT,2025,10,0,0,0.0,0,,0,3,2,10,0.1071,0.0398,16,20,2.4,4.18,2.4
00-0036919,Kenny Gainwell,RB,PIT,2025,11,0,0,0.0,0,,9,8,7,-16,0.2759,-0.1203,28,33,29.5,22.46,29.5
00-0036919,Kenny Gainwell,RB,PIT,2025,12,0,0,0.0,0,,10,6,6,-9,0.1935,-0.0459,36,34,18.2,15.37,18.2
00-0036919,Kenny Gainwell,RB,PIT,2025,13,0,0,0.0,0,,5,3,2,-11,0.1364,-0.0909,18,21,6.5,7.76,6.5
00-0036919,Kenny Gainwell,RB,PIT,2025,14,0,0,0.0,0,,4,7,6,-1,0.2121,-0.0047,17,23,16.2,19.26,16.2
00-0036919,Kenny Gainwell,RB,PIT,2025,15,0,0,0.0,0,,13,7,7,-1,0.2593,-0.0109,32,37,19.6,17.61,19.6
00-0036919,Kenny Gainwell,RB,PIT,2025,16,0,0,0.0,0,,9,7,5,46,0.1842,0.1373,27,30,23.8,15.34,23.8
00-0036919,Kenny Gainwell,RB,PIT,2025,17,0,0,0.0,0,,7,4,3,-11,0.1081,-0.0482,24,22,6.8,8.49,6.8
00-0036919,Kenny Gainwell,RB,PIT,2025,18,0,0,0.0,0,,5,9,8,-2,0.2045,-0.0062,24,32,21.4,20.46,21.4
00-0036924,Michael Carter,RB,ARI,2025,4,0,0,0.0,0,,1,0,0,0.0,0.0,0.0,17,18,0.1,0.47,0.1
00-0036924,Michael Carter,RB,ARI,2025,5,0,0,0.0,0,,18,5,5,-1,0.1667,-0.0048,29,31,18.3,20.12,18.3
00-0036924,Michael Carter,RB,ARI,2025,6,0,0,0.0,0,,9,5,2,44,0.1282,0.1125,24,24,8.4,13.4,8.4
00-0036924,Michael Carter,RB,ARI,2025,7,0,0,0.0,0,,7,2,2,5,0.0588,0.016,28,27,5.6,6.66,5.6
00-0036924,Michael Carter,RB,ARI,2025,10,0,0,0.0,0,,3,0,0,0.0,0.0,0.0,23,21,0.4,1.98,0.4
00-0036924,Michael Carter,RB,ARI,2025,11,0,0,0.0,0,,2,7,5,3,0.125,0.0077,14,23,7.8,11.56,7.8
00-0036924,Michael Carter,RB,ARI,2025,12,0,0,0.0,0,,5,3,3,5,0.0652,0.0131,20,22,8.8,8.21,8.8
00-0036924,Michael Carter,RB,ARI,2025,13,0,0,0.0,0,,5,6,5,-8,0.1622,-0.0277,19,24,11.4,10.5,11.4
00-0036924,Michael Carter,RB,ARI,2025,14,0,0,0.0,0,,3,4,2,18,0.0909,0.0511,14,15,5.1,8.06,5.1
00-0036924,Michael Carter,RB,ARI,2025,15,0,0,0.0,0,,14,4,4,3,0.1053,0.0117,21,24,13.4,14.44,13.4
00-0036924,Michael Carter,RB,ARI,2025,16,0,0,0.0,0,,11,2,0,2,0.069,0.0088,23,22,6.5,7.88,6.5
00-0036924,Michael Carter,RB,ARI,2025,17,0,0,0.0,0,,7,4,2,10,0.1143,0.0351,13,17,6.3,9.17,6.3
00-0036924,Michael Carter,RB,ARI,2025,18,0,0,0.0,0,,7,3,3,-6,0.1071,-0.0239,15,18,6.9,7.43,6.9
00-0036945,Justin Fields,QB,NYJ,2025,1,22,16,10.054,1,10.396,12,0,0,0.0,0.0,0.0,39,29,29.5,22.9,29.52
00-0036945,Justin Fields,QB,NYJ,2025,2,11,3,-9.525,2,-37.61,5,0,0,0.0,0.0,0.0,21,15,4.0,6.46,3.98
00-0036945,Justin Fields,QB,NYJ,2025,4,27,20,5.609,2,5.086,7,0,0,0.0,0.0,0.0,28,28,27.1,13.32,28.7
00-0036945,Justin Fields,QB,NYJ,2025,5,46,32,3.908,5,5.118,7,0,0,0.0,0.0,0.0,22,22,25.9,24.09,25.92
00-0036945,Justin Fields,QB,NYJ,2025,6,17,9,-20.721,9,-14.768,7,0,0,0.0,0.0,0.0,31,25,4.9,7.89,4.9
00-0036945,Justin Fields,QB,NYJ,2025,7,12,6,-9.234,3,-15.385,4,0,0,0.0,0.0,0.0,20,17,4.0,6.26,4.04
00-0036945,Justin Fields,QB,NYJ,2025,8,32,21,15.048,0,3.801,11,0,0,0.0,0.0,0.0,37,32,20.9,24.5,20.86
00-0036945,Justin Fields,QB,NYJ,2025,10,11,6,-10.176,3,-13.657,7,0,0,0.0,0.0,0.0,33,26,7.0,6.42,6.96
00-0036945,Justin Fields,QB,NYJ,2025,11,26,15,-7.414,2,-4.871,11,1,0,6,0.0385,0.0284,28,18,19.3,19.14,19.34
00-0036959,Michael Bandy,WR,DEN,2025,9,0,0,0.0,0,,0,1,1,5,0.0294,0.0113,23,25,2.6,1.34,2.6
00-0036959,Michael Bandy,WR,DEN,2025,15,0,0,0.0,0,,0,1,1,8,0.0312,0.0248,31,22,9.0,1.43,9.0
00-0036959,Michael Bandy,WR,DEN,2025,17,0,0,0.0,0,,0,2,2,11,0.0541,0.0534,32,26,3.4,2.8,3.4
00-0036963,Amon-Ra St. Brown,WR,DET,2025,1,0,0,0.0,0,,0,6,4,53,0.1579,0.3252,22,34,8.5,10.65,8.5
00-0036963,Amon-Ra St. Brown,WR,DET,2025,2,0,0,0.0,0,,2,11,9,88,0.3929,0.3212,30,30,39.2,27.93,39.2
00-0036963,Amon-Ra St. Brown,WR,DET,2025,3,0,0,0.0,0,,0,8,7,79,0.3077,0.3744,38,40,20.7,16.18,20.7
00-0036963,Amon-Ra St. Brown,WR,DET,2025,4,0,0,0.0,0,,0,7,7,36,0.28,0.115,29,28,26.0,15.13,26.0
00-0036963,Amon-Ra St. Brown,WR,DET,2025,5,0,0,0.0,0,,0,9,8,62,0.3913,0.5849,33,33,18.0,15.5,18.0
00-0036963,Amon-Ra St. Brown,WR,DET,2025,6,0,0,0.0,0,,1,10,9,41,0.3704,0.3761,23,24,13.7,15.61,13.7
00-0036963,Amon-Ra St. Brown,WR,DET,2025,7,0,0,0.0,0,,0,10,6,94,0.3571,0.5987,32,35,20.6,16.97,20.6
00-0036963,Amon-Ra St. Brown,WR,DET,2025,9,0,0,0.0,0,,0,13,9,119,0.3611,0.4779,20,25,18.7,24.73,18.7
00-0036963,Amon-Ra St. Brown,WR,DET,2025,10,0,0,0.0,0,,0,8,5,56,0.25,0.3237,33,35,16.8,17.59,16.8
00-0036963,Amon-Ra St. Brown,WR,DET,2025,11,0,0,0.0,0,,0,12,2,147,0.3333,0.5976,21,24,6.2,20.75,6.2
00-0036963,Amon-Ra St. Brown,WR,DET,2025,12,0,0,0.0,0,,0,13,9,155,0.3421,0.7014,20,34,29.9,24.85,29.9
00-0036963,Amon-Ra St. Brown,WR,DET,2025,13,0,0,0.0,0,,0,1,0,-3,0.037,-0.0176,30,33,0.0,1.04,0.0
00-0036963,Amon-Ra St. Brown,WR,DET,2025,14,0,0,0.0,0,,0,9,6,62,0.2903,0.2707,22,26,15.2,14.93,15.2
00-0036963,Amon-Ra St. Brown,WR,DET,2025,15,0,0,0.0,0,,0,18,13,134,0.4737,0.3862,20,24,41.4,37.76,41.4
00-0036963,Amon-Ra St. Brown,WR,DET,2025,16,0,0,0.0,0,,0,9,4,30,0.1731,0.0952,12,21,9.4,20.31,9.4
00-0036963,Amon-Ra St. Brown,WR,DET,2025,17,0,0,0.0,0,,0,13,8,92,0.4483,0.4623,30,31,14.8,20.55,14.8
00-0036963,Amon-Ra St. Brown,WR,DET,2025,18,0,0,0.0,0,,0,15,11,145,0.4167,0.58,27,31,24.9,27.41,24.9
00-0036970,Kyle Pitts,TE,ATL,2025,1,0,0,0.0,0,,0,8,7,37,0.1905,0.1285,28,28,12.9,11.11,12.9
00-0036970,Kyle Pitts,TE,ATL,2025,2,0,0,0.0,0,,0,5,4,29,0.2381,0.2197,39,42,7.7,7.73,7.7
00-0036970,Kyle Pitts,TE,ATL,2025,3,0,0,0.0,0,,0,6,4,38,0.1463,0.1242,23,27,7.9,8.68,7.9
00-0036970,Kyle Pitts,TE,ATL,2025,4,0,0,0.0,0,,0,5,5,42,0.1923,0.1533,37,37,18.0,8.53,18.0
00-0036970,Kyle Pitts,TE,ATL,2025,6,0,0,0.0,0,,0,4,3,4,0.129,0.0172,32,36,4.8,7.01,4.8
00-0036970,Kyle Pitts,TE,ATL,2025,7,0,0,0.0,0,,0,10,7,76,0.2778,0.2129,20,24,13.2,15.04,13.2
00-0036970,Kyle Pitts,TE,ATL,2025,8,0,0,0.0,0,,0,9,9,39,0.3,0.1368,17,20,14.9,12.92,14.9
00-0036970,Kyle Pitts,TE,ATL,2025,9,0,0,0.0,0,,0,7,4,82,0.2059,0.2697,16,22,7.8,10.74,7.8
00-0036970,Kyle Pitts,TE,ATL,2025,10,0,0,0.0,0,,0,5,2,81,0.2,0.2812,29,30,5.8,11.62,5.8
00-0036970,Kyle Pitts,TE,ATL,2025,11,0,0,0.0,0,,0,3,2,12,0.1034,0.0471,28,32,3.4,4.38,3.4
00-0036970,Kyle Pitts,TE,ATL,2025,12,0,0,0.0,0,,0,5,2,60,0.25,0.355,29,29,4.5,8.57,4.5
00-0036970,Kyle Pitts,TE,ATL,2025,13,0,0,0.0,0,,0,8,7,35,0.2581,0.2273,32,38,15.2,10.53,15.2
00-0036970,Kyle Pitts,TE,ATL,2025,14,0,0,0.0,0,,0,10,6,104,0.3571,0.5098,31,35,15.0,15.44,15.0
00-0036970,Kyle Pitts,TE,ATL,2025,15,0,0,0.0,0,,0,12,11,86,0.2927,0.2552,21,29,45.6,22.49,45.6
00-0036970,Kyle Pitts,TE,ATL,2025,16,0,0,0.0,0,,0,9,7,75,0.2647,0.3807,37,40,18.7,17.47,18.7
00-0036970,Kyle Pitts,TE,ATL,2025,17,0,0,0.0,0,,0,3,2,30,0.15,0.1796,33,37,3.6,4.26,3.6
00-0036970,Kyle Pitts,TE,ATL,2025,18,0,0,0.0,0,,0,9,6,39,0.3,0.1765,25,26,11.8,14.45,11.8
00-0036971,Trevor Lawrence,QB,JAX,2025,1,31,19,1.313,0,-4.054,4,0,0,0.0,0.0,0.0,32,29,10.3,15.54,10.32
00-0036971,Trevor Lawrence,QB,JAX,2025,2,42,24,5.005,1,-4.982,2,0,0,0.0,0.0,0.0,27,28,19.2,28.14,19.24
00-0036971,Trevor Lawrence,QB,JAX,2025,3,40,20,-9.546,2,-17.029,2,0,0,0.0,0.0,0.0,24,23,7.8,15.15,7.78
00-0036971,Trevor Lawrence,QB,JAX,2025,4,31,21,5.532,0,0.937,7,0,0,0.0,0.0,0.0,32,26,11.7,15.29,11.66
00-0036971,Trevor Lawrence,QB,JAX,2025,5,25,18,-0.744,3,8.061,10,0,0,0.0,0.0,0.0,26,20,26.2,29.32,26.24
00-0036971,Trevor Lawrence,QB,JAX,2025,6,42,27,-0.387,7,-2.139,3,0,0,0.0,0.0,0.0,19,22,19.2,14.36,19.22
00-0036971,Trevor Lawrence,QB,JAX,2025,7,48,23,-13.934,7,-12.521,2,0,0,0.0,0.0,0.0,19,15,17.6,18.39,17.64
00-0036971,Trevor Lawrence,QB,JAX,2025,9,34,23,-0.757,1,-0.005,9,0,0,0.0,0.0,0.0,42,39,21.2,31.52,21.2
00-0036971,Trevor Lawrence,QB,JAX,2025,10,23,13,-7.292,5,-14.427,5,0,0,0.0,0.0,0.0,27,24,9.8,16.29,11.82
00-0036971,Trevor Lawrence,QB,JAX,2025,11,22,14,2.388,0,-1.57,5,0,0,0.0,0.0,0.0,47,42,15.0,16.64,15.02
00-0036971,Trevor Lawrence,QB,JAX,2025,12,30,18,-9.006,3,-2.965,5,0,0,0.0,0.0,0.0,28,26,17.1,21.4,19.14
00-0036971,Trevor Lawrence,QB,JAX,2025,13,27,16,4.864,3,4.2,3,0,0,0.0,0.0,0.0,27,22,21.7,18.77,21.66
00-0036971,Trevor Lawrence,QB,JAX,2025,14,30,17,11.447,0,-4.104,4,0,0,0.0,0.0,0.0,32,25,19.4,22.72,19.36
00-0036971,Trevor Lawrence,QB,JAX,2025,15,32,20,23.766,0,12.163,5,0,0,0.0,0.0,0.0,27,22,44.3,26.2,44.3
00-0036971,Trevor Lawrence,QB,JAX,2025,16,36,23,9.179,5,5.511,6,0,0,0.0,0.0,0.0,27,24,31.2,27.68,31.16
00-0036971,Trevor Lawrence,QB,JAX,2025,17,37,23,6.407,2,-0.225,8,0,0,0.0,0.0,0.0,29,22,23.1,25.36,23.12
00-0036971,Trevor Lawrence,QB,JAX,2025,18,30,22,10.175,2,11.807,2,0,0,0.0,0.0,0.0,24,20,23.3,18.16,23.3
00-0036972,Mac Jones,QB,SF,2025,2,39,26,2.688,3,-3.63,6,0,0,0.0,0.0,0.0,26,26,21.8,15.13,23.76
00-0036972,Mac Jones,QB,SF,2025,3,41,27,1.502,1,3.256,1,0,0,0.0,0.0,0.0,20,29,13.3,16.68,13.26
00-0036972,Mac Jones,QB,SF,2025,5,49,33,14.002,1,-0.909,4,0,0,0.0,0.0,0.0,33,35,22.2,22.48,22.18
00-0036972,Mac Jones,QB,SF,2025,6,39,27,-4.427,6,7.159,5,0,0,0.0,0.0,0.0,22,27,11.2,18.72,11.18
00-0036972,Mac Jones,QB,SF,2025,7,26,17,1.968,1,1.155,5,0,0,0.0,0.0,0.0,39,40,5.2,9.82,5.18
00-0036972,Mac Jones,QB,SF,2025,8,32,19,-2.792,2,-2.347,2,0,0,0.0,0.0,0.0,10,11,18.0,15.41,18.02
00-0036972,Mac Jones,QB,SF,2025,9,24,19,13.491,2,12.028,4,0,0,0.0,0.0,0.0,39,38,15.8,15.73,17.8
00-0036972,Mac Jones,QB,SF,2025,10,39,33,18.253,0,14.975,1,0,0,0.0,0.0,0.0,21,29,23.1,18.76,23.06
00-0036972,Mac Jones,QB,SF,2025,11,0,0,0.0,0,,3,0,0,0.0,0.0,0.0,25,26,-0.3,-0.3,-0.3
00-0036972,Mac Jones,QB,SF,2025,13,0,0,0.0,0,,2,0,0,0.0,0.0,0.0,33,32,0.2,0.08,0.2
00-0036972,Mac Jones,QB,SF,2025,16,0,0,0.0,0,,3,0,0,0.0,0.0,0.0,31,32,-0.3,-0.3,-0.3
00-0036973,Travis Etienne,RB,JAX,2025,1,0,0,0.0,0,,16,3,3,-10,0.1034,-0.0448,32,29,18.6,12.71,18.6
00-0036973,Travis Etienne,RB,JAX,2025,2,0,0,0.0,0,,14,3,2,-10,0.0732,-0.0325,27,28,16.9,13.48,16.9
00-0036973,Travis Etienne,RB,JAX,2025,3,0,0,0.0,0,,16,2,0,-10,0.0526,-0.0317,24,23,11.6,10.33,11.6
00-0036973,Travis Etienne,RB,JAX,2025,4,0,0,0.0,0,,19,2,1,-5,0.0667,-0.0255,32,26,19.5,12.39,19.5
00-0036973,Travis Etienne,RB,JAX,2025,5,0,0,0.0,0,,12,4,3,3,0.16,0.0144,26,20,8.8,12.54,8.8
00-0036973,Travis Etienne,RB,JAX,2025,6,0,0,0.0,0,,12,5,4,-13,0.119,-0.0406,19,22,9.5,12.69,9.5
00-0036973,Travis Etienne,RB,JAX,2025,7,0,0,0.0,0,,8,3,1,-12,0.0638,-0.023,19,15,6.5,8.21,6.5
00-0036973,Travis Etienne,RB,JAX,2025,9,0,0,0.0,0,,22,5,5,-2,0.1515,-0.0069,42,39,16.5,28.31,16.5
00-0036973,Travis Etienne,RB,JAX,2025,10,0,0,0.0,0,,16,4,2,-8,0.1739,-0.0548,27,24,15.7,18.03,15.7
00-0036973,Travis Etienne,RB,JAX,2025,11,0,0,0.0,0,,19,2,0,-1,0.0909,-0.0052,47,42,19.3,19.62,19.3
00-0036973,Travis Etienne,RB,JAX,2025,12,0,0,0.0,0,,15,4,3,2,0.1333,0.0074,28,26,20.6,13.51,20.6
00-0036973,Travis Etienne,RB,JAX,2025,13,0,0,0.0,0,,12,1,1,-4,0.04,-0.0148,27,22,5.1,8.06,5.1
00-0036973,Travis Etienne,RB,JAX,2025,14,0,0,0.0,0,,20,1,1,-5,0.0323,-0.015,32,25,21.2,13.2,21.2
00-0036973,Travis Etienne,RB,JAX,2025,15,0,0,0.0,0,,12,4,3,18,0.1429,0.052,27,22,31.5,19.16,31.5
00-0036973,Travis Etienne,RB,JAX,2025,16,0,0,0.0,0,,16,5,4,-12,0.1429,-0.0427,27,24,16.6,15.38,16.6
00-0036973,Travis Etienne,RB,JAX,2025,17,0,0,0.0,0,,17,3,2,-8,0.0811,-0.0221,29,22,11.2,13.03,11.2
00-0036973,Travis Etienne,RB,JAX,2025,18,0,0,0.0,0,,14,1,1,1,0.0323,0.0034,24,20,4.8,11.22,4.8
00-0036980,Elijah Moore,WR,BUF,2025,1,0,0,0.0,0,,1,1,1,3,0.0222,0.0075,31,22,2.1,1.86,2.1
00-0036980,Elijah Moore,WR,BUF,2025,2,0,0,0.0,0,,2,1,1,12,0.04,0.0822,43,33,10.7,5.24,10.7
00-0036980,Elijah Moore,WR,BUF,2025,3,0,0,0.0,0,,1,3,2,7,0.1111,0.0631,27,26,6.1,5.54,6.1
00-0036980,Elijah Moore,WR,BUF,2025,4,0,0,0.0,0,,1,0,0,0.0,0.0,0.0,32,27,0.0,0.71,0.0
00-0036980,Elijah Moore,WR,BUF,2025,6,0,0,0.0,0,,0,2,0,29,0.0769,0.101,24,21,0.0,3.13,0.0
00-0036980,Elijah Moore,WR,BUF,2025,8,0,0,0.0,0,,0,4,1,41,0.1739,0.2789,35,32,2.4,7.9,2.4
00-0036980,Elijah Moore,WR,BUF,2025,9,0,0,0.0,0,,0,1,1,25,0.04,0.188,35,32,3.8,2.03,3.8
00-0036980,Elijah Moore,WR,BUF,2025,10,0,0,0.0,0,,1,2,2,2,0.0513,0.005,22,24,2.8,3.58,2.8
00-0036980,Elijah Moore,WR,BUF,2025,12,0,0,0.0,0,,0,3,1,23,0.0938,0.1429,24,26,0.7,5.07,0.7
00-0036988,Josh Palmer,WR,BUF,2025,1,0,0,0.0,0,,0,9,5,115,0.2,0.2875,31,22,11.1,15.32,11.1
00-0036988,Josh Palmer,WR,BUF,2025,2,0,0,0.0,0,,0,3,2,47,0.12,0.3219,43,33,6.7,6.03,6.7
00-0036988,Josh Palmer,WR,BUF,2025,3,0,0,0.0,0,,0,1,1,5,0.037,0.045,27,26,1.5,1.57,1.5
00-0036988,Josh Palmer,WR,BUF,2025,4,0,0,0.0,0,,0,3,2,22,0.1364,0.0982,32,27,4.5,4.95,4.5
00-0036988,Josh Palmer,WR,BUF,2025,5,0,0,0.0,0,,0,2,2,36,0.0667,0.1463,29,19,5.6,3.69,5.6
00-0036988,Josh Palmer,WR,BUF,2025,6,0,0,0.0,0,,0,2,2,55,0.0769,0.1916,24,21,8.0,4.89,8.0
00-0036988,Josh Palmer,WR,BUF,2025,11,0,0,0.0,0,,0,5,2,46,0.1667,0.1329,23,22,3.7,8.34,3.7
00-0036988,Josh Palmer,WR,BUF,2025,12,0,0,0.0,0,,0,4,2,50,0.125,0.3106,24,26,4.1,7.12,4.1
00-0036988,Josh Palmer,WR,BUF,2025,15,0,0,0.0,0,,0,2,1,26,0.0769,0.0963,37,32,2.6,3.59,2.6
00-0036988,Josh Palmer,WR,BUF,2025,16,0,0,0.0,0,,0,1,1,-4,0.0556,-0.0331,29,25,1.2,1.4,1.2
00-0036988,Josh Palmer,WR,BUF,2025,17,0,0,0.0,0,,0,2,1,21,0.0606,0.0837,33,31,2.2,3.39,2.2
00-0036988,Josh Palmer,WR,BUF,2025,18,0,0,0.0,0,,0,3,1,5,0.1071,0.0251,43,43,1.1,7.86,1.1
00-0036997,Javonte Williams,RB,DAL,2025,1,0,0,0.0,0,,15,3,2,3,0.0909,0.0091,22,22,20.4,17.26,20.4
00-0036997,Javonte Williams,RB,DAL,2025,2,0,0,0.0,0,,18,7,6,-15,0.1346,-0.0429,28,31,25.0,20.31,25.0
00-0036997,Javonte Williams,RB,DAL,2025,3,0,0,0.0,0,,10,5,5,-16,0.1136,-0.0597,20,27,12.2,13.95,12.2
00-0036997,Javonte Williams,RB,DAL,2025,4,0,0,0.0,0,,20,3,3,-9,0.0789,-0.0275,26,28,19.0,22.43,19.0
00-0036997,Javonte Williams,RB,DAL,2025,5,0,0,0.0,0,,16,2,1,2,0.0714,0.0086,29,22,26.9,15.9,26.9
00-0036997,Javonte Williams,RB,DAL,2025,6,0,0,0.0,0,,13,8,5,0.0,0.2353,0.0,19,23,8.4,21.24,8.4
00-0036997,Javonte Williams,RB,DAL,2025,7,0,0,0.0,0,,19,4,1,-7,0.1333,-0.033,31,29,18.8,20.04,18.8
00-0036997,Javonte Williams,RB,DAL,2025,8,0,0,0.0,0,,13,2,1,-2,0.0571,-0.0076,31,25,17.9,18.58,17.9
00-0036997,Javonte Williams,RB,DAL,2025,9,0,0,0.0,0,,15,1,1,0.0,0.0278,0.0,21,17,7.3,10.81,7.3
00-0036997,Javonte Williams,RB,DAL,2025,11,0,0,0.0,0,,22,1,1,-4,0.0312,-0.0172,31,31,10.3,13.7,10.3
00-0036997,Javonte Williams,RB,DAL,2025,12,0,0,0.0,0,,20,3,2,0.0,0.0857,0.0,31,26,12.1,17.63,12.1
00-0036997,Javonte Williams,RB,DAL,2025,13,0,0,0.0,0,,17,3,3,-10,0.0811,-0.0389,26,23,17.0,16.54,17.0
00-0036997,Javonte Williams,RB,DAL,2025,14,0,0,0.0,0,,17,4,2,-4,0.0851,-0.008,24,22,14.7,20.42,14.7
00-0036997,Javonte Williams,RB,DAL,2025,15,0,0,0.0,0,,15,0,0,0.0,0.0,0.0,29,30,15.1,13.62,15.1
00-0036997,Javonte Williams,RB,DAL,2025,16,0,0,0.0,0,,9,3,2,-6,0.0938,-0.0192,23,21,6.3,9.12,6.3
00-0036997,Javonte Williams,RB,DAL,2025,17,0,0,0.0,0,,13,2,0,1,0.0556,0.0026,44,41,11.4,11.41,11.4
00-0037004,Hunter Long,TE,JAX,2025,1,0,0,0.0,0,,0,1,1,6,0.0345,0.0269,32,29,7.6,3.99,7.6
00-0037004,Hunter Long,TE,JAX,2025,3,0,0,0.0,0,,0,3,2,9,0.0789,0.0286,24,23,3.2,4.02,3.2
00-0037004,Hunter Long,TE,JAX,2025,4,0,0,0.0,0,,0,3,3,15,0.1,0.0765,32,26,11.3,8.36,11.3
00-0037004,Hunter Long,TE,JAX,2025,5,0,0,0.0,0,,0,1,1,3,0.04,0.0144,26,20,1.3,1.44,1.3
00-0037004,Hunter Long,TE,JAX,2025,6,0,0,0.0,0,,0,3,2,16,0.0714,0.05,19,22,3.9,3.72,3.9
00-0037004,Hunter Long,TE,JAX,2025,7,0,0,0.0,0,,0,3,2,4,0.0638,0.0077,19,15,3.6,4.13,3.6
00-0037004,Hunter Long,TE,JAX,2025,9,0,0,0.0,0,,0,3,1,13,0.0909,0.045,42,39,1.6,5.92,1.6
00-0037005,Tommy Tremble,TE,CAR,2025,1,0,0,0.0,0,,0,1,1,0.0,0.0294,0.0,25,25,1.2,1.32,1.2
00-0037005,Tommy Tremble,TE,CAR,2025,2,0,0,0.0,0,,0,3,3,18,0.0566,0.048,19,23,5.0,4.54,5.0
00-0037005,Tommy Tremble,TE,CAR,2025,3,0,0,0.0,0,,0,2,2,4,0.0833,0.0301,30,30,3.6,3.74,3.6
00-0037005,Tommy Tremble,TE,CAR,2025,4,0,0,0.0,0,,0,8,5,38,0.25,0.191,28,30,15.2,13.69,15.2
00-0037005,Tommy Tremble,TE,CAR,2025,5,0,0,0.0,0,,0,2,1,16,0.0741,0.0656,32,31,1.7,3.15,1.7
00-0037005,Tommy Tremble,TE,CAR,2025,6,0,0,0.0,0,,0,4,4,7,0.1905,0.0455,38,38,7.9,5.81,7.9
00-0037005,Tommy Tremble,TE,CAR,2025,7,0,0,0.0,0,,0,1,1,0.0,0.0323,0.0,36,34,1.0,0.96,1.0
00-0037005,Tommy Tremble,TE,CAR,2025,8,0,0,0.0,0,,0,1,1,1,0.0435,0.0051,28,24,1.4,1.4,1.4
00-0037005,Tommy Tremble,TE,CAR,2025,9,0,0,0.0,0,,0,1,0,9,0.0526,0.072,33,32,0.0,1.41,0.0
00-0037005,Tommy Tremble,TE,CAR,2025,11,0,0,0.0,0,,0,2,1,2,0.0455,0.0072,25,30,6.4,2.77,6.4
00-0037005,Tommy Tremble,TE,CAR,2025,13,0,0,0.0,0,,0,2,1,5,0.1,0.0323,40,40,1.2,2.73,1.2
00-0037005,Tommy Tremble,TE,CAR,2025,15,0,0,0.0,0,,0,4,2,35,0.2,0.1707,31,26,3.3,6.37,3.3
00-0037005,Tommy Tremble,TE,CAR,2025,16,0,0,0.0,0,,0,1,1,0.0,0.0323,0.0,20,20,1.6,0.92,1.6
00-0037005,Tommy Tremble,TE,CAR,2025,17,0,0,0.0,0,,0,1,1,5,0.0476,0.1163,26,22,1.6,1.57,1.6
00-0037005,Tommy Tremble,TE,CAR,2025,18,0,0,0.0,0,,0,4,3,23,0.1333,0.0909,14,16,12.8,5.98,12.8
00-0037012,Trey Lance,QB,LAC,2025,5,4,3,-1.421,1,23.128,1,0,0,0.0,0.0,0.0,27,29,2.9,1.7,2.86
00-0037012,Trey Lance,QB,LAC,2025,11,8,3,-7.451,1,-20.545,3,0,0,0.0,0.0,0.0,16,13,1.6,4.86,1.58
00-0037012,Trey Lance,QB,LAC,2025,13,1,1,0.902,0,24.029,4,0,0,0.0,0.0,0.0,43,37,0.8,1.49,0.76
00-0037012,Trey Lance,QB,LAC,2025,18,44,20,-31.497,4,-11.003,9,0,0,0.0,0.0,0.0,21,16,8.3,15.48,10.34
00-0037013,Zach Wilson,QB,MIA,2025,1,8,5,-1.77,0,-4.639,1,0,0,0.0,0.0,0.0,12,13,1.6,2.7,1.58
00-0037013,Zach Wilson,QB,MIA,2025,8,1,1,-3.389,0,12.686,0,0,0,0.0,0.0,0.0,37,44,0.0,0.42,0.0
00-0037013,Zach Wilson,QB,MIA,2025,14,0,0,0.0,0,,2,0,0,0.0,0.0,0.0,41,37,-0.2,-0.2,-0.2
00-0037013,Zach Wilson,QB,MIA,2025,18,2,0,-1.462,0,-49.237,0,0,0,0.0,0.0,0.0,25,25,0.0,0.07,0.0
00-0037015,Sal Cannella,TE,CLE,2025,17,0,0,0.0,0,,0,4,2,18,0.1739,0.0952,25,25,3.1,4.77,3.1
00-0037015,Sal Cannella,TE,CLE,2025,18,0,0,0.0,0,,0,1,0,37,0.0476,0.1888,24,20,0.0,2.55,0.0
00-0037085,Tyler Badie,RB,DEN,2025,1,0,0,0.0,0,,0,6,2,18,0.1622,0.0845,30,27,3.6,9.25,3.6
00-0037085,Tyler Badie,RB,DEN,2025,2,0,0,0.0,0,,1,2,2,-10,0.0667,-0.068,24,24,4.2,3.38,4.2
00-0037085,Tyler Badie,RB,DEN,2025,4,0,0,0.0,0,,0,2,1,8,0.0476,0.0286,38,36,2.1,2.37,2.1
00-0037085,Tyler Badie,RB,DEN,2025,5,0,0,0.0,0,,0,2,1,-2,0.0556,-0.0063,29,29,2.6,2.87,2.6
00-0037085,Tyler Badie,RB,DEN,2025,7,0,0,0.0,0,,0,2,2,-12,0.0408,-0.0305,24,22,3.9,2.35,3.9
00-0037085,Tyler Badie,RB,DEN,2025,8,0,0,0.0,0,,1,0,0,0.0,0.0,0.0,28,26,0.6,0.45,0.6
00-0037085,Tyler Badie,RB,DEN,2025,9,0,0,0.0,0,,0,3,2,-2,0.0882,-0.0045,23,25,2.6,3.97,2.6
00-0037085,Tyler Badie,RB,DEN,2025,10,0,0,0.0,0,,0,1,0,-3,0.037,-0.0121,27,25,0.0,1.49,0.0
00-0037085,Tyler Badie,RB,DEN,2025,11,0,0,0.0,0,,0,1,1,-5,0.0278,-0.0157,21,22,1.0,1.47,1.0
00-0037085,Tyler Badie,RB,DEN,2025,13,0,0,0.0,0,,0,5,3,-11,0.1163,-0.0582,23,26,4.8,7.88,4.8
00-0037085,Tyler Badie,RB,DEN,2025,14,0,0,0.0,0,,4,1,1,-4,0.0278,-0.0185,31,33,3.1,3.49,3.1
00-0037085,Tyler Badie,RB,DEN,2025,15,0,0,0.0,0,,0,1,1,-7,0.0312,-0.0217,31,22,1.1,1.22,1.1
00-0037085,Tyler Badie,RB,DEN,2025,16,0,0,0.0,0,,0,3,1,-1,0.0652,-0.0022,17,17,1.2,4.16,1.2
00-0037085,Tyler Badie,RB,DEN,2025,18,0,0,0.0,0,,2,2,2,-13,0.087,-0.5,31,27,4.6,6.16,4.6
00-0037086,Grant Calcaterra,TE,PHI,2025,2,0,0,0.0,0,,0,2,1,9,0.0952,0.0539,34,27,1.6,2.95,1.6
00-0037086,Grant Calcaterra,TE,PHI,2025,4,0,0,0.0,0,,0,2,1,7,0.0833,0.0419,32,26,2.6,2.9,2.6
00-0037086,Grant Calcaterra,TE,PHI,2025,5,0,0,0.0,0,,0,2,2,6,0.0541,0.0144,11,13,3.8,2.9,3.8
00-0037086,Grant Calcaterra,TE,PHI,2025,10,0,0,0.0,0,,0,1,0,28,0.0435,0.1223,34,34,0.0,2.39,0.0
00-0037086,Grant Calcaterra,TE,PHI,2025,12,0,0,0.0,0,,0,1,1,4,0.0278,0.0137,18,18,1.8,1.61,1.8
00-0037086,Grant Calcaterra,TE,PHI,2025,15,0,0,0.0,0,,0,1,1,4,0.0556,0.0303,47,41,1.4,1.38,1.4
00-0037086,Grant Calcaterra,TE,PHI,2025,17,0,0,0.0,0,,0,1,1,3,0.0455,0.0116,26,24,1.3,1.62,1.3
00-0037086,Grant Calcaterra,TE,PHI,2025,18,0,0,0.0,0,,0,3,2,24,0.0882,0.0627,19,21,10.1,6.95,10.1
00-0037091,Bo Melton,WR,GB,2025,6,0,0,0.0,0,,1,0,0,0.0,0.0,0.0,33,28,0.3,0.73,0.3
00-0037091,Bo Melton,WR,GB,2025,10,0,0,0.0,0,,0,5,2,69,0.1515,0.227,27,28,4.8,8.16,4.8
00-0037091,Bo Melton,WR,GB,2025,11,0,0,0.0,0,,1,0,0,0.0,0.0,0.0,23,20,1.7,0.75,1.7
00-0037091,Bo Melton,WR,GB,2025,13,0,0,0.0,0,,2,1,0,11,0.0345,0.0321,30,24,1.5,3.04,1.5
00-0037091,Bo Melton,WR,GB,2025,14,0,0,0.0,0,,0,2,1,75,0.087,0.2412,26,26,11.5,4.07,11.5
00-0037091,Bo Melton,WR,GB,2025,15,0,0,0.0,0,,1,1,0,17,0.0278,0.0376,20,19,0.0,1.73,0.0
00-0037091,Bo Melton,WR,GB,2025,17,0,0,0.0,0,,0,3,1,52,0.12,0.1787,17,10,4.4,4.03,4.4
00-0037091,Bo Melton,WR,GB,2025,18,0,0,0.0,0,,0,1,0,-2,0.1,-0.0741,35,32,0.0,1.18,0.0
00-0037093,Dareke Young,WR,SEA,2025,3,0,0,0.0,0,,0,1,1,12,0.05,0.0706,33,34,2.2,1.77,2.2
00-0037093,Dareke Young,WR,SEA,2025,5,0,0,0.0,0,,0,1,1,36,0.0294,0.1309,20,21,4.6,1.66,4.6
00-0037093,Dareke Young,WR,SEA,2025,17,0,0,0.0,0,,0,1,0,9,0.0385,0.0638,36,37,0.0,1.34,0.0
00-0037098,Samori Toure,WR,NO,2025,18,0,0,0.0,0,,0,3,1,30,0.0882,0.1068,26,28,1.3,4.56,1.3
00-0037112,Jake Tonges,TE,SF,2025,1,0,0,0.0,0,,0,3,3,9,0.0882,0.0346,36,41,10.5,4.4,10.5
00-0037112,Jake Tonges,TE,SF,2025,2,0,0,0.0,0,,0,5,4,7,0.1316,0.0276,26,26,7.1,6.76,7.1
00-0037112,Jake Tonges,TE,SF,2025,3,0,0,0.0,0,,0,3,2,24,0.0789,0.0777,20,29,4.1,4.44,4.1
00-0037112,Jake Tonges,TE,SF,2025,4,0,0,0.0,0,,0,5,3,56,0.1351,0.183,24,28,14.8,8.64,14.8
00-0037112,Jake Tonges,TE,SF,2025,5,0,0,0.0,0,,0,11,7,27,0.2292,0.0931,33,35,17.1,17.9,17.1
00-0037112,Jake Tonges,TE,SF,2025,6,0,0,0.0,0,,0,7,6,37,0.1892,0.0979,22,27,11.8,11.02,11.8
00-0037112,Jake Tonges,TE,SF,2025,8,0,0,0.0,0,,0,1,1,2,0.0323,0.0063,10,11,7.2,3.64,7.2
00-0037112,Jake Tonges,TE,SF,2025,16,0,0,0.0,0,,0,2,1,16,0.0606,0.0494,31,32,1.7,4.78,1.7
00-0037112,Jake Tonges,TE,SF,2025,17,0,0,0.0,0,,0,9,7,55,0.2727,0.2174,34,32,19.0,17.85,19.0
00-0037120,Tyler Goodson,RB,IND,2025,3,0,0,0.0,0,,2,0,0,0.0,0.0,0.0,28,23,0.6,0.74,0.6
00-0037120,Tyler Goodson,RB,IND,2025,4,0,0,0.0,0,,0,1,1,-1,0.0312,-0.0032,21,23,1.0,1.54,1.0
00-0037120,Tyler Goodson,RB,IND,2025,8,0,0,0.0,0,,2,0,0,0.0,0.0,0.0,18,19,0.2,0.91,0.2
00-0037120,Tyler Goodson,RB,IND,2025,9,0,0,0.0,0,,0,2,1,-2,0.0417,-0.0046,19,19,1.8,5.69,1.8
00-0037120,Tyler Goodson,RB,IND,2025,10,0,0,0.0,0,,1,0,0,0.0,0.0,0.0,41,37,0.4,0.56,0.4
00-0037120,Tyler Goodson,RB,IND,2025,16,0,0,0.0,0,,3,0,0,0.0,0.0,0.0,20,23,0.9,1.61,0.9
00-0037120,Tyler Goodson,RB,IND,2025,18,0,0,0.0,0,,1,0,0,0.0,0.0,0.0,28,28,0.3,0.48,0.3
00-0037132,Britain Covey,WR,PHI,2025,18,0,0,0.0,0,,0,4,2,8,0.1176,0.0209,19,21,4.0,5.14,4.0
00-0037157,Bam Knight,RB,ARI,2025,5,0,0,0.0,0,,4,1,1,0.0,0.0333,0.0,29,31,9.4,7.92,9.4
00-0037157,Bam Knight,RB,ARI,2025,6,0,0,0.0,0,,11,2,1,6,0.0513,0.0153,24,24,12.4,11.93,12.4
00-0037157,Bam Knight,RB,ARI,2025,7,0,0,0.0,0,,14,4,3,-2,0.1176,-0.0064,28,27,9.4,13.4,9.4
00-0037157,Bam Knight,RB,ARI,2025,9,0,0,0.0,0,,9,2,2,-3,0.069,-0.0121,29,26,6.7,12.79,6.7
00-0037157,Bam Knight,RB,ARI,2025,10,0,0,0.0,0,,10,4,1,20,0.0909,0.0608,23,21,4.3,14.08,4.3
00-0037157,Bam Knight,RB,ARI,2025,11,0,0,0.0,0,,5,4,4,-3,0.0714,-0.0077,14,23,14.5,9.4,14.5
00-0037157,Bam Knight,RB,ARI,2025,12,0,0,0.0,0,,10,5,4,-13,0.1087,-0.0341,20,22,13.2,17.96,13.2
00-0037157,Bam Knight,RB,ARI,2025,13,0,0,0.0,0,,11,3,3,12,0.0811,0.0415,19,24,16.8,11.2,16.8
00-0037157,Bam Knight,RB,ARI,2025,14,0,0,0.0,0,,7,6,3,20,0.1364,0.0568,14,15,6.4,11.44,6.4
00-0037157,Bam Knight,RB,ARI,2025,15,0,0,0.0,0,,1,0,0,0.0,0.0,0.0,21,24,-0.2,0.43,-0.2
00-0037197,Isiah Pacheco,RB,KC,2025,1,0,0,0.0,0,,5,3,2,-12,0.0789,-0.0443,17,14,4.8,6.57,4.8
00-0037197,Isiah Pacheco,RB,KC,2025,2,0,0,0.0,0,,10,2,1,-4,0.069,-0.0129,26,21,3.9,7.01,3.9
00-0037197,Isiah Pacheco,RB,KC,2025,3,0,0,0.0,0,,10,1,1,-3,0.0286,-0.0094,28,24,5.8,7.21,5.8
00-0037197,Isiah Pacheco,RB,KC,2025,4,0,0,0.0,0,,7,3,2,-2,0.0857,-0.0077,32,30,12.8,9.45,12.8
00-0037197,Isiah Pacheco,RB,KC,2025,5,0,0,0.0,0,,7,3,3,-8,0.075,-0.02,22,22,8.6,7.76,8.6
00-0037197,Isiah Pacheco,RB,KC,2025,6,0,0,0.0,0,,12,3,1,3,0.1071,0.0195,29,23,6.1,11.89,6.1
00-0037197,Isiah Pacheco,RB,KC,2025,7,0,0,0.0,0,,15,2,1,-7,0.0588,-0.0338,41,39,12.4,12.36,12.4
00-0037197,Isiah Pacheco,RB,KC,2025,8,0,0,0.0,0,,12,0,0,0.0,0.0,0.0,30,25,5.8,7.03,5.8
00-0037197,Isiah Pacheco,RB,KC,2025,13,0,0,0.0,0,,3,2,2,5,0.0625,0.0208,23,20,5.3,4.39,5.3
00-0037197,Isiah Pacheco,RB,KC,2025,14,0,0,0.0,0,,9,0,0,0.0,0.0,0.0,29,22,3.0,4.49,3.0
00-0037197,Isiah Pacheco,RB,KC,2025,15,0,0,0.0,0,,11,0,0,0.0,0.0,0.0,21,20,2.1,6.99,2.1
00-0037197,Isiah Pacheco,RB,KC,2025,16,0,0,0.0,0,,8,7,6,1,0.3182,0.0089,15,18,13.5,15.05,13.5
00-0037197,Isiah Pacheco,RB,KC,2025,17,0,0,0.0,0,,9,0,0,0.0,0.0,0.0,19,19,3.2,4.46,3.2
00-0037228,Jaylen Warren,RB,PIT,2025,1,0,0,0.0,0,,11,2,2,3,0.069,0.0216,20,24,13.9,10.84,13.9
00-0037228,Jaylen Warren,RB,PIT,2025,2,0,0,0.0,0,,14,4,4,0.0,0.129,0.0,21,27,17.4,13.86,17.4
00-0037228,Jaylen Warren,RB,PIT,2025,3,0,0,0.0,0,,18,6,5,-20,0.2727,-0.1754,26,28,13.1,23.51,13.1
00-0037228,Jaylen Warren,RB,PIT,2025,6,0,0,0.0,0,,11,2,2,9,0.069,0.0404,28,31,8.3,8.61,8.3
00-0037228,Jaylen Warren,RB,PIT,2025,7,0,0,0.0,0,,16,5,4,0.0,0.1515,0.0,20,25,19.8,17.43,19.8
00-0037228,Jaylen Warren,RB,PIT,2025,8,0,0,0.0,0,,13,3,2,-8,0.0938,-0.0333,18,22,9.3,10.66,9.3
00-0037228,Jaylen Warren,RB,PIT,2025,9,0,0,0.0,0,,16,2,2,-7,0.0571,-0.068,23,27,16.9,19.64,16.9
00-0037228,Jaylen Warren,RB,PIT,2025,10,0,0,0.0,0,,14,2,2,-15,0.0714,-0.0598,16,20,11.1,9.28,11.1
00-0037228,Jaylen Warren,RB,PIT,2025,11,0,0,0.0,0,,10,2,2,-12,0.069,-0.0902,28,33,8.7,7.68,8.7
00-0037228,Jaylen Warren,RB,PIT,2025,12,0,0,0.0,0,,18,0,0,0.0,0.0,0.0,36,34,12.8,11.82,12.8
00-0037228,Jaylen Warren,RB,PIT,2025,13,0,0,0.0,0,,10,4,2,-9,0.1818,-0.0744,18,21,12.4,14.16,12.4
00-0037228,Jaylen Warren,RB,PIT,2025,14,0,0,0.0,0,,8,3,3,-9,0.0909,-0.0425,17,23,15.2,9.52,15.2
00-0037228,Jaylen Warren,RB,PIT,2025,15,0,0,0.0,0,,12,3,3,-13,0.1111,-0.1413,32,37,7.8,15.72,7.8
00-0037228,Jaylen Warren,RB,PIT,2025,16,0,0,0.0,0,,14,2,2,-9,0.0526,-0.0269,27,30,29.1,11.14,29.1
00-0037228,Jaylen Warren,RB,PIT,2025,17,0,0,0.0,0,,12,0,0,0.0,0.0,0.0,24,22,6.4,5.57,6.4
00-0037228,Jaylen Warren,RB,PIT,2025,18,0,0,0.0,0,,14,5,5,-23,0.1136,-0.0708,24,32,14.9,18.42,14.9
00-0037231,Kevin Austin Jr.,WR,NO,2025,3,0,0,0.0,0,,0,1,0,23,0.0244,0.0663,27,28,0.0,1.35,0.0
00-0037231,Kevin Austin Jr.,WR,NO,2025,15,0,0,0.0,0,,0,5,3,37,0.1613,0.1375,25,18,6.3,7.99,6.3
00-0037231,Kevin Austin Jr.,WR,NO,2025,16,0,0,0.0,0,,0,3,2,15,0.0638,0.0355,25,13,3.8,4.49,3.8
00-0037231,Kevin Austin Jr.,WR,NO,2025,17,0,0,0.0,0,,0,5,4,51,0.1852,0.1809,23,17,15.2,8.33,15.2
00-0037231,Kevin Austin Jr.,WR,NO,2025,18,0,0,0.0,0,,0,9,4,65,0.2647,0.2313,26,28,7.7,13.99,7.7
00-0037238,Drake London,WR,ATL,2025,1,0,0,0.0,0,,0,15,8,99,0.3571,0.3438,28,28,13.5,27.99,13.5
00-0037238,Drake London,WR,ATL,2025,2,0,0,0.0,0,,0,4,3,33,0.1905,0.25,39,42,5.9,6.71,5.9
00-0037238,Drake London,WR,ATL,2025,3,0,0,0.0,0,,0,8,5,101,0.1951,0.3301,23,27,10.5,13.13,10.5
00-0037238,Drake London,WR,ATL,2025,4,0,0,0.0,0,,0,10,8,122,0.3846,0.4453,37,37,25.0,19.2,25.0
00-0037238,Drake London,WR,ATL,2025,6,0,0,0.0,0,,0,16,10,172,0.5161,0.7414,32,36,31.8,29.16,31.8
00-0037238,Drake London,WR,ATL,2025,7,0,0,0.0,0,,0,10,4,110,0.2778,0.3081,20,24,8.2,14.24,8.2
00-0037238,Drake London,WR,ATL,2025,9,0,0,0.0,0,,0,14,9,143,0.4118,0.4704,16,22,38.8,26.47,38.8
00-0037238,Drake London,WR,ATL,2025,10,0,0,0.0,0,,0,8,6,95,0.32,0.3299,29,30,24.4,15.6,24.4
00-0037238,Drake London,WR,ATL,2025,11,0,0,0.0,0,,0,9,7,96,0.3103,0.3765,28,32,18.9,15.04,18.9
00-0037238,Drake London,WR,ATL,2025,16,0,0,0.0,0,,0,8,3,109,0.2353,0.5533,37,40,5.7,15.08,5.7
00-0037238,Drake London,WR,ATL,2025,17,0,0,0.0,0,,0,2,1,29,0.1,0.1737,33,37,1.4,2.59,1.4
00-0037238,Drake London,WR,ATL,2025,18,0,0,0.0,0,,0,8,4,112,0.2667,0.5068,25,26,17.8,16.3,17.8
00-0037239,Chris Olave,WR,NO,2025,1,0,0,0.0,0,,0,13,7,97,0.3171,0.2887,22,20,12.4,20.76,12.4
00-0037239,Chris Olave,WR,NO,2025,2,0,0,0.0,0,,0,10,6,122,0.2941,0.488,30,33,11.4,16.6,11.4
00-0037239,Chris Olave,WR,NO,2025,3,0,0,0.0,0,,0,14,10,92,0.3415,0.2651,27,28,15.7,20.24,15.7
00-0037239,Chris Olave,WR,NO,2025,4,1,0,-3.595,0,-55.089,0,6,3,32,0.24,0.2581,34,30,9.0,12.06,9.0
00-0037239,Chris Olave,WR,NO,2025,5,0,0,0.0,0,,0,11,7,85,0.3548,0.3542,30,23,12.9,16.93,12.9
00-0037239,Chris Olave,WR,NO,2025,6,0,0,0.0,0,,0,10,6,123,0.3846,0.5566,23,24,15.8,16.31,15.8
00-0037239,Chris Olave,WR,NO,2025,7,0,0,0.0,0,,0,7,5,139,0.2258,0.3601,17,16,26.8,12.38,26.8
00-0037239,Chris Olave,WR,NO,2025,8,0,0,0.0,0,,1,12,8,129,0.24,0.3079,15,11,14.0,19.17,14.0
00-0037239,Chris Olave,WR,NO,2025,9,0,0,0.0,0,,0,4,3,50,0.1667,0.2294,14,11,8.7,5.77,8.7
00-0037239,Chris Olave,WR,NO,2025,10,0,0,0.0,0,,0,8,5,141,0.3077,0.5508,37,32,21.4,12.96,21.4
00-0037239,Chris Olave,WR,NO,2025,12,0,0,0.0,0,,0,13,9,151,0.3023,0.4887,28,17,16.0,20.32,16.0
00-0037239,Chris Olave,WR,NO,2025,13,0,0,0.0,0,,0,7,4,82,0.2059,0.3048,27,22,14.7,10.84,14.7
00-0037239,Chris Olave,WR,NO,2025,14,0,0,0.0,0,,0,5,3,96,0.25,0.6076,32,25,6.0,8.49,6.0
00-0037239,Chris Olave,WR,NO,2025,15,0,0,0.0,0,,0,9,6,129,0.2903,0.4796,25,18,20.5,16.53,20.5
00-0037239,Chris Olave,WR,NO,2025,16,0,0,0.0,0,,0,16,10,258,0.3404,0.6114,25,13,36.8,31.55,36.8
00-0037239,Chris Olave,WR,NO,2025,17,0,0,0.0,0,,0,11,8,115,0.4074,0.4078,23,17,25.9,15.42,25.9
00-0037240,Jameson Williams,WR,DET,2025,1,0,0,0.0,0,,1,5,4,26,0.1316,0.1595,22,34,6.6,7.34,6.6
00-0037240,Jameson Williams,WR,DET,2025,2,0,0,0.0,0,,0,4,2,134,0.1429,0.4891,30,30,18.8,10.34,18.8
00-0037240,Jameson Williams,WR,DET,2025,3,0,0,0.0,0,,0,3,2,54,0.1154,0.2559,38,40,6.3,5.31,6.3
00-0037240,Jameson Williams,WR,DET,2025,4,0,0,0.0,0,,1,8,2,215,0.32,0.6869,29,28,5.7,15.57,5.7
00-0037240,Jameson Williams,WR,DET,2025,5,0,0,0.0,0,,1,1,1,7,0.0435,0.066,33,33,2.0,2.5,2.0
00-0037240,Jameson Williams,WR,DET,2025,6,0,0,0.0,0,,0,7,6,34,0.2593,0.3119,23,24,18.6,11.54,18.6
00-0037240,Jameson Williams,WR,DET,2025,7,0,0,0.0,0,,0,2,0,40,0.0714,0.2548,32,35,0.0,4.87,0.0
00-0037240,Jameson Williams,WR,DET,2025,9,0,0,0.0,0,,0,6,4,62,0.1667,0.249,20,25,16.6,10.32,16.6
00-0037240,Jameson Williams,WR,DET,2025,10,0,0,0.0,0,,0,7,6,70,0.2188,0.4046,33,35,23.9,13.48,23.9
00-0037240,Jameson Williams,WR,DET,2025,11,0,0,0.0,0,,1,7,4,75,0.1944,0.3049,21,24,19.7,13.12,19.7
00-0037240,Jameson Williams,WR,DET,2025,12,0,0,0.0,0,,0,3,0,19,0.0789,0.086,20,34,0.0,4.59,0.0
00-0037240,Jameson Williams,WR,DET,2025,13,0,0,0.0,0,,1,10,7,87,0.3704,0.5118,30,33,26.9,17.21,26.9
00-0037240,Jameson Williams,WR,DET,2025,14,0,0,0.0,0,,1,9,7,110,0.2903,0.4803,22,26,17.3,19.31,17.3
00-0037240,Jameson Williams,WR,DET,2025,15,0,0,0.0,0,,0,10,7,171,0.2632,0.4928,20,24,26.4,20.66,25.6
00-0037240,Jameson Williams,WR,DET,2025,16,0,0,0.0,0,,0,9,5,117,0.1731,0.3714,12,21,12.0,16.77,12.0
00-0037240,Jameson Williams,WR,DET,2025,17,0,0,0.0,0,,0,3,2,33,0.1034,0.1658,30,31,5.7,5.3,5.7
00-0037240,Jameson Williams,WR,DET,2025,18,0,0,0.0,0,,0,8,6,35,0.2222,0.14,27,31,13.4,12.98,13.4
00-0037247,George Pickens,WR,DAL,2025,1,0,0,0.0,0,,0,4,3,52,0.1212,0.1581,22,22,6.0,6.71,6.0
00-0037247,George Pickens,WR,DAL,2025,2,0,0,0.0,0,,0,9,5,100,0.1731,0.2857,28,31,17.8,19.04,17.8
00-0037247,George Pickens,WR,DAL,2025,3,0,0,0.0,0,,0,9,5,76,0.2045,0.2836,20,27,17.8,19.19,17.8
00-0037247,George Pickens,WR,DAL,2025,4,0,0,0.0,0,,0,11,8,161,0.2895,0.4924,26,28,33.4,21.78,33.4
00-0037247,George Pickens,WR,DAL,2025,5,0,0,0.0,0,,0,4,2,72,0.1429,0.3103,29,22,13.7,9.4,13.7
00-0037247,George Pickens,WR,DAL,2025,6,0,0,0.0,0,,0,11,9,120,0.3235,0.6349,19,23,31.8,18.57,31.8
00-0037247,George Pickens,WR,DAL,2025,7,0,0,0.0,0,,0,6,4,112,0.2,0.5283,31,29,12.2,11.79,12.2
00-0037247,George Pickens,WR,DAL,2025,8,0,0,0.0,0,,0,9,7,69,0.2571,0.2634,31,25,14.8,16.35,14.8
00-0037247,George Pickens,WR,DAL,2025,9,0,0,0.0,0,,0,9,6,90,0.25,0.225,21,17,13.9,14.21,13.9
00-0037247,George Pickens,WR,DAL,2025,11,0,0,0.0,0,,0,11,9,136,0.3438,0.5862,31,31,29.4,21.99,29.4
00-0037247,George Pickens,WR,DAL,2025,12,0,0,0.0,0,,0,9,9,117,0.2571,0.3197,31,26,29.6,17.68,29.6
00-0037247,George Pickens,WR,DAL,2025,13,0,0,0.0,0,,0,13,6,125,0.3514,0.4864,26,23,16.8,23.05,16.8
00-0037247,George Pickens,WR,DAL,2025,14,0,0,0.0,0,,0,9,5,111,0.1915,0.2233,24,22,8.7,16.64,8.7
00-0037247,George Pickens,WR,DAL,2025,15,0,0,0.0,0,,0,6,3,33,0.1714,0.1196,29,30,6.3,8.66,6.3
00-0037247,George Pickens,WR,DAL,2025,16,0,0,0.0,0,,0,9,7,119,0.2812,0.3814,23,21,26.0,18.84,26.0
00-0037247,George Pickens,WR,DAL,2025,17,0,0,0.0,0,,0,5,4,42,0.1389,0.1099,44,41,11.8,9.1,11.8
00-0037247,George Pickens,WR,DAL,2025,18,0,0,0.0,0,,0,3,1,12,0.1304,0.0674,30,26,1.9,8.68,1.9
00-0037248,James Cook,RB,BUF,2025,1,0,0,0.0,0,,13,5,5,-6,0.1111,-0.015,31,22,21.2,17.63,21.2
00-0037248,James Cook,RB,BUF,2025,2,0,0,0.0,0,,21,1,1,-6,0.04,-0.0411,43,33,26.5,17.43,26.5
00-0037248,James Cook,RB,BUF,2025,3,0,0,0.0,0,,19,3,3,5,0.1111,0.045,27,26,20.8,15.99,20.8
00-0037248,James Cook,RB,BUF,2025,4,0,0,0.0,0,,22,4,3,4,0.1818,0.0179,32,27,22.5,20.06,22.5
00-0037248,James Cook,RB,BUF,2025,5,0,0,0.0,0,,15,1,0,-4,0.0333,-0.0163,29,19,4.9,8.91,4.9
00-0037248,James Cook,RB,BUF,2025,6,0,0,0.0,0,,17,0,0,0.0,0.0,0.0,24,21,8.7,7.97,8.7
00-0037248,James Cook,RB,BUF,2025,8,0,0,0.0,0,,19,0,0,0.0,0.0,0.0,35,32,33.6,10.94,33.6
00-0037248,James Cook,RB,BUF,2025,9,0,0,0.0,0,,27,1,1,2,0.04,0.015,35,32,13.5,17.08,13.5
00-0037248,James Cook,RB,BUF,2025,10,0,0,0.0,0,,13,5,5,15,0.1282,0.0371,22,24,10.7,14.82,10.7
00-0037248,James Cook,RB,BUF,2025,11,0,0,0.0,0,,16,3,3,23,0.1,0.0665,23,22,20.4,13.79,20.4
00-0037248,James Cook,RB,BUF,2025,12,0,0,0.0,0,,17,3,3,1,0.0938,0.0062,24,26,21.9,12.36,21.9
00-0037248,James Cook,RB,BUF,2025,13,0,0,0.0,0,,32,3,3,-4,0.1304,-0.1026,51,49,18.7,24.43,18.7
00-0037248,James Cook,RB,BUF,2025,14,0,0,0.0,0,,18,2,2,-5,0.0741,-0.0388,29,24,11.1,15.32,11.1
00-0037248,James Cook,RB,BUF,2025,15,0,0,0.0,0,,22,3,2,-2,0.1154,-0.0074,37,32,31.1,20.31,31.1
00-0037248,James Cook,RB,BUF,2025,16,0,0,0.0,0,,16,2,1,-1,0.1111,-0.0083,29,25,26.4,12.67,26.4
00-0037248,James Cook,RB,BUF,2025,17,0,0,0.0,0,,20,4,1,34,0.1212,0.1355,33,31,8.7,19.2,8.7
00-0037248,James Cook,RB,BUF,2025,18,0,0,0.0,0,,2,0,0,0.0,0.0,0.0,43,43,1.5,1.1,1.5
00-0037252,Greg Dulcich,TE,MIA,2025,9,0,0,0.0,0,,0,5,5,30,0.1351,0.1107,20,23,9.9,7.98,9.9
00-0037252,Greg Dulcich,TE,MIA,2025,10,0,0,0.0,0,,0,4,1,0.0,0.1905,0.0,32,34,3.2,5.67,3.2
00-0037252,Greg Dulcich,TE,MIA,2025,11,0,0,0.0,0,,0,4,2,25,0.2,0.1852,31,36,3.8,9.87,3.8
00-0037252,Greg Dulcich,TE,MIA,2025,13,0,0,0.0,0,,0,2,2,17,0.1,0.0733,32,28,4.4,3.42,4.4
00-0037252,Greg Dulcich,TE,MIA,2025,14,0,0,0.0,0,,0,3,3,4,0.1429,0.0421,41,37,7.1,4.21,7.1
00-0037252,Greg Dulcich,TE,MIA,2025,15,0,0,0.0,0,,0,2,2,24,0.0769,0.1404,16,22,6.6,4.07,6.6
00-0037252,Greg Dulcich,TE,MIA,2025,16,0,0,0.0,0,,0,3,3,16,0.1034,0.0613,28,29,5.6,4.42,5.6
00-0037252,Greg Dulcich,TE,MIA,2025,17,0,0,0.0,0,,1,6,5,24,0.2727,0.1224,30,26,16.1,14.06,16.1
00-0037252,Greg Dulcich,TE,MIA,2025,18,0,0,0.0,0,,0,4,3,15,0.1667,0.0938,25,25,6.1,5.9,6.1
00-0037256,Rachaad White,RB,TB,2025,1,0,0,0.0,0,,2,1,1,-3,0.0333,-0.009,23,22,2.6,2.57,2.6
00-0037256,Rachaad White,RB,TB,2025,2,0,0,0.0,0,,10,2,2,-6,0.0556,-0.0197,30,35,14.6,9.68,14.6
00-0037256,Rachaad White,RB,TB,2025,3,0,0,0.0,0,,5,1,1,-7,0.0345,-0.0302,34,35,2.4,4.23,2.4
00-0037256,Rachaad White,RB,TB,2025,4,0,0,0.0,0,,6,5,4,-8,0.1282,-0.0251,26,30,8.6,10.02,8.6
00-0037256,Rachaad White,RB,TB,2025,5,0,0,0.0,0,,14,4,4,-18,0.125,-0.07,24,24,23.1,18.7,23.1
00-0037256,Rachaad White,RB,TB,2025,6,0,0,0.0,0,,17,3,3,-4,0.1304,-0.0167,26,26,17.6,15.81,17.6
00-0037256,Rachaad White,RB,TB,2025,7,0,0,0.0,0,,10,6,4,10,0.12,0.0209,12,16,8.4,13.86,8.4
00-0037256,Rachaad White,RB,TB,2025,8,0,0,0.0,0,,13,2,2,-4,0.0833,-0.0247,29,31,8.1,19.05,8.1
00-0037256,Rachaad White,RB,TB,2025,10,0,0,0.0,0,,10,5,5,-6,0.1163,-0.0213,21,25,10.4,11.49,10.4
00-0037256,Rachaad White,RB,TB,2025,11,0,0,0.0,0,,10,3,2,-9,0.1111,-0.0459,39,33,8.2,9.17,8.2
00-0037256,Rachaad White,RB,TB,2025,12,0,0,0.0,0,,7,1,1,-5,0.0323,-0.0199,29,24,5.2,4.55,5.2
00-0037256,Rachaad White,RB,TB,2025,13,0,0,0.0,0,,2,3,3,-13,0.1154,-0.0625,27,26,5.9,6.23,5.9
00-0037256,Rachaad White,RB,TB,2025,14,0,0,0.0,0,,11,2,1,-8,0.0714,-0.0348,39,36,6.5,8.82,6.5
00-0037256,Rachaad White,RB,TB,2025,15,0,0,0.0,0,,1,1,1,-4,0.0312,-0.0111,22,23,3.6,2.04,3.6
00-0037256,Rachaad White,RB,TB,2025,16,0,0,0.0,0,,5,2,2,-2,0.08,-0.0132,33,30,8.0,6.66,8.0
00-0037256,Rachaad White,RB,TB,2025,17,0,0,0.0,0,,2,2,2,-9,0.0455,-0.025,16,20,3.7,4.82,3.7
00-0037256,Rachaad White,RB,TB,2025,18,0,0,0.0,0,,7,2,2,-6,0.0909,-0.0423,42,40,6.1,6.97,6.1
00-0037258,Dameon Pierce,RB,HOU,2025,1,0,0,0.0,0,,3,1,0,-4,0.037,-0.0233,27,23,0.5,2.88,0.5
00-0037258,Dameon Pierce,RB,HOU,2025,5,0,0,0.0,0,,7,0,0,0.0,0.0,0.0,33,27,2.1,2.91,2.1
00-0037258,Dameon Pierce,RB,KC,2025,18,0,0,0.0,0,,4,0,0,0.0,0.0,0.0,23,26,1.0,1.84,1.0
00-0037261,Khalil Shakir,WR,BUF,2025,1,0,0,0.0,0,,0,9,6,85,0.2,0.2125,31,22,12.4,14.15,12.4
00-0037261,Khalil Shakir,WR,BUF,2025,2,0,0,0.0,0,,0,2,1,15,0.08,0.1027,43,33,2.2,3.38,2.2
00-0037261,Khalil Shakir,WR,BUF,2025,3,0,0,0.0,0,,0,4,4,0.0,0.1481,0.0,27,26,14.5,6.22,14.5
00-0037261,Khalil Shakir,WR,BUF,2025,4,0,0,0.0,0,,0,5,5,8,0.2273,0.0357,32,27,17.9,7.45,17.9
00-0037261,Khalil Shakir,WR,BUF,2025,5,0,0,0.0,0,,1,9,6,13,0.3,0.0528,29,19,11.0,14.41,11.0
00-0037261,Khalil Shakir,WR,BUF,2025,6,0,0,0.0,0,,0,5,3,51,0.1923,0.1777,24,21,6.3,8.1,6.3
00-0037261,Khalil Shakir,WR,BUF,2025,8,0,0,0.0,0,,0,7,6,10,0.3043,0.068,35,32,20.8,10.48,20.8
00-0037261,Khalil Shakir,WR,BUF,2025,9,0,0,0.0,0,,0,8,7,1,0.32,0.0075,35,32,11.3,12.3,11.3
00-0037261,Khalil Shakir,WR,BUF,2025,10,0,0,0.0,0,,0,9,7,63,0.2308,0.1559,22,24,12.8,14.6,12.8
00-0037261,Khalil Shakir,WR,BUF,2025,11,0,0,0.0,0,,0,3,1,21,0.1,0.0607,23,22,0.7,4.46,0.7
00-0037261,Khalil Shakir,WR,BUF,2025,12,0,0,0.0,0,,0,10,8,15,0.3125,0.0932,24,26,17.0,14.16,13.7
00-0037261,Khalil Shakir,WR,BUF,2025,13,0,0,0.0,0,,0,4,1,5,0.1739,0.1282,51,49,1.5,7.82,1.5
00-0037261,Khalil Shakir,WR,BUF,2025,14,0,0,0.0,0,,0,3,2,4,0.1111,0.031,29,24,9.6,5.11,9.6
00-0037261,Khalil Shakir,WR,BUF,2025,15,0,0,0.0,0,,0,5,5,44,0.1923,0.163,37,32,11.5,8.24,11.5
00-0037261,Khalil Shakir,WR,BUF,2025,16,0,0,0.0,0,,0,5,4,8,0.2778,0.0661,29,25,7.4,6.44,7.4
00-0037261,Khalil Shakir,WR,BUF,2025,17,0,0,0.0,0,,0,7,6,6,0.2121,0.0239,33,31,9.5,11.16,9.5
00-0037263,Tyler Allgeier,RB,ATL,2025,1,0,0,0.0,0,,10,0,0,0.0,0.0,0.0,28,28,2.4,7.74,2.4
00-0037263,Tyler Allgeier,RB,ATL,2025,2,0,0,0.0,0,,16,1,1,3,0.0476,0.0227,39,42,15.0,10.08,15.0
00-0037263,Tyler Allgeier,RB,ATL,2025,3,0,0,0.0,0,,1,2,1,-5,0.0488,-0.0163,23,27,1.4,3.21,1.4
00-0037263,Tyler Allgeier,RB,ATL,2025,4,0,0,0.0,0,,16,0,0,0.0,0.0,0.0,37,37,11.1,10.69,11.1
00-0037263,Tyler Allgeier,RB,ATL,2025,6,0,0,0.0,0,,10,1,1,-8,0.0323,-0.0345,32,36,10.8,7.13,10.8
00-0037263,Tyler Allgeier,RB,ATL,2025,7,0,0,0.0,0,,4,0,0,0.0,0.0,0.0,20,24,1.6,1.88,1.6
00-0037263,Tyler Allgeier,RB,ATL,2025,8,0,0,0.0,0,,4,2,2,5,0.0667,0.0175,17,20,9.4,6.93,9.4
00-0037263,Tyler Allgeier,RB,ATL,2025,9,0,0,0.0,0,,2,0,0,0.0,0.0,0.0,16,22,0.6,1.01,0.6
00-0037263,Tyler Allgeier,RB,ATL,2025,10,0,0,0.0,0,,11,0,0,0.0,0.0,0.0,29,30,17.7,11.37,17.7
00-0037263,Tyler Allgeier,RB,ATL,2025,11,0,0,0.0,0,,3,2,2,-5,0.069,-0.0196,28,32,9.6,7.87,9.6
00-0037263,Tyler Allgeier,RB,ATL,2025,12,0,0,0.0,0,,12,1,1,1,0.05,0.0059,29,29,5.9,7.03,5.9
00-0037263,Tyler Allgeier,RB,ATL,2025,13,0,0,0.0,0,,8,2,2,-4,0.0645,-0.026,32,38,13.5,10.35,13.5
00-0037263,Tyler Allgeier,RB,ATL,2025,14,0,0,0.0,0,,11,2,2,-6,0.0714,-0.0294,31,35,8.7,11.86,8.7
00-0037263,Tyler Allgeier,RB,ATL,2025,15,0,0,0.0,0,,2,0,0,0.0,0.0,0.0,21,29,1.8,0.98,1.8
00-0037263,Tyler Allgeier,RB,ATL,2025,16,0,0,0.0,0,,16,1,1,-6,0.0294,-0.0305,37,40,8.3,11.42,8.3
00-0037263,Tyler Allgeier,RB,ATL,2025,17,0,0,0.0,0,,10,0,0,0.0,0.0,0.0,33,37,2.3,5.47,2.3
00-0037263,Tyler Allgeier,RB,ATL,2025,18,0,0,0.0,0,,7,2,1,-1,0.0667,-0.0045,25,26,2.9,5.88,2.9
00-0037267,Jerome Ford,RB,CLE,2025,1,0,0,0.0,0,,6,1,1,-5,0.0238,-0.0183,24,30,1.5,7.87,1.5
00-0037267,Jerome Ford,RB,CLE,2025,2,0,0,0.0,0,,6,6,5,-8,0.1463,-0.0256,22,31,10.4,11.31,10.4
00-0037267,Jerome Ford,RB,CLE,2025,3,0,0,0.0,0,,0,4,4,-5,0.1212,-0.0197,19,24,5.0,5.38,5.0
00-0037267,Jerome Ford,RB,CLE,2025,4,0,0,0.0,0,,1,2,1,-2,0.0588,-0.0058,27,28,1.3,2.98,1.3
00-0037267,Jerome Ford,RB,CLE,2025,5,0,0,0.0,0,,5,2,2,-7,0.0625,-0.0337,32,33,5.8,7.09,5.8
00-0037267,Jerome Ford,RB,CLE,2025,6,0,0,0.0,0,,2,6,5,-12,0.1176,-0.0382,17,24,8.0,8.38,8.0
00-0037267,Jerome Ford,RB,CLE,2025,7,0,0,0.0,0,,1,2,2,-1,0.1111,-0.0116,33,32,3.0,3.68,3.0
00-0037267,Jerome Ford,RB,CLE,2025,8,0,0,0.0,0,,0,2,1,1,0.0606,0.0051,16,21,0.9,2.78,0.9
00-0037267,Jerome Ford,RB,CLE,2025,10,0,0,0.0,0,,1,1,0,2,0.0312,0.01,32,28,0.1,1.95,0.1
00-0037267,Jerome Ford,RB,CLE,2025,11,0,0,0.0,0,,1,0,0,0.0,0.0,0.0,25,19,0.2,0.6,0.2
00-0037267,Jerome Ford,RB,CLE,2025,12,0,0,0.0,0,,1,0,0,0.0,0.0,0.0,27,26,-0.3,0.63,-0.3
00-0037267,Jerome Ford,RB,CLE,2025,13,0,0,0.0,0,,0,3,3,-4,0.1304,-0.0231,31,33,4.7,3.99,4.7
00-0037267,Jerome Ford,RB,CLE,2025,14,0,0,0.0,0,,0,3,2,-8,0.0789,-0.0262,20,24,3.0,3.74,3.0
00-0037276,Ty Chandler,RB,MIN,2025,17,0,0,0.0,0,,7,0,0,0.0,0.0,0.0,28,28,2.4,3.19,2.4
00-0037276,Ty Chandler,RB,MIN,2025,18,0,0,0.0,0,,10,4,3,-20,0.1333,-0.101,31,31,6.4,14.9,6.4
00-0037282,James Mitchell,TE,CAR,2025,4,0,0,0.0,0,,0,2,2,6,0.0625,0.0302,28,30,3.7,2.96,3.7
00-0037282,James Mitchell,TE,CAR,2025,5,0,0,0.0,0,,0,1,1,1,0.037,0.0041,32,31,2.1,1.33,2.1
00-0037291,Jalen Nailor,WR,MIN,2025,1,0,0,0.0,0,,0,3,1,15,0.15,0.1282,26,27,3.8,4.0,3.8
00-0037291,Jalen Nailor,WR,MIN,2025,2,0,0,0.0,0,,0,5,3,82,0.2381,0.3254,19,16,6.1,9.92,6.1
00-0037291,Jalen Nailor,WR,MIN,2025,3,0,0,0.0,0,,0,5,3,64,0.2083,0.3404,31,30,6.7,9.42,6.7
00-0037291,Jalen Nailor,WR,MIN,2025,4,0,0,0.0,0,,0,4,1,21,0.0952,0.0627,20,27,9.2,12.99,9.2
00-0037291,Jalen Nailor,WR,MIN,2025,5,0,0,0.0,0,,1,4,3,29,0.1176,0.1151,23,21,7.2,6.48,7.2
00-0037291,Jalen Nailor,WR,MIN,2025,7,0,0,0.0,0,,0,4,2,48,0.1,0.114,23,20,5.7,9.29,5.7
00-0037291,Jalen Nailor,WR,MIN,2025,8,0,0,0.0,0,,0,1,0,5,0.0333,0.0463,11,16,0.0,1.42,0.0
00-0037291,Jalen Nailor,WR,MIN,2025,9,0,0,0.0,0,,0,4,1,75,0.1739,0.2907,29,22,2.6,7.49,2.6
00-0037291,Jalen Nailor,WR,MIN,2025,10,0,0,0.0,0,,0,6,5,103,0.1463,0.2249,18,17,23.4,9.54,23.4
00-0037291,Jalen Nailor,WR,MIN,2025,11,0,0,0.0,0,,0,1,1,15,0.0312,0.0485,22,25,2.6,1.67,2.6
00-0037291,Jalen Nailor,WR,MIN,2025,12,0,0,0.0,0,,0,1,0,30,0.0556,0.3,20,20,0.0,1.6,0.0
00-0037291,Jalen Nailor,WR,MIN,2025,13,0,0,0.0,0,,0,1,0,24,0.0345,0.1437,16,21,0.0,1.73,0.0
00-0037291,Jalen Nailor,WR,MIN,2025,14,0,0,0.0,0,,0,3,3,15,0.1304,0.098,34,29,6.0,4.7,6.0
00-0037291,Jalen Nailor,WR,MIN,2025,15,0,0,0.0,0,,1,5,3,69,0.2083,0.2771,28,25,19.5,12.76,19.5
00-0037291,Jalen Nailor,WR,MIN,2025,16,0,0,0.0,0,,0,2,0,24,0.087,0.192,31,29,0.0,2.94,0.0
00-0037291,Jalen Nailor,WR,MIN,2025,17,0,0,0.0,0,,0,1,0,2,0.0714,0.0299,28,28,0.0,1.03,0.0
00-0037291,Jalen Nailor,WR,MIN,2025,18,0,0,0.0,0,,0,3,3,35,0.1,0.1768,31,31,7.9,4.7,7.9
00-0037292,Andrew Ogletree,TE,IND,2025,8,0,0,0.0,0,,0,1,0,5,0.0357,0.0187,18,19,0.0,1.61,0.0
00-0037292,Andrew Ogletree,TE,IND,2025,12,0,0,0.0,0,,0,2,2,7,0.0645,0.0504,19,18,8.8,4.65,8.8
00-0037292,Andrew Ogletree,TE,IND,2025,13,0,0,0.0,0,,0,1,1,7,0.04,0.0354,23,24,1.8,1.81,1.8
00-0037292,Andrew Ogletree,TE,IND,2025,16,0,0,0.0,0,,0,2,1,23,0.0556,0.0682,20,23,2.1,3.58,2.1
00-0037306,John FitzPatrick,TE,GB,2025,1,0,0,0.0,0,,0,1,1,2,0.0455,0.0079,25,23,1.2,1.39,1.2
00-0037306,John FitzPatrick,TE,GB,2025,3,0,0,0.0,0,,0,2,2,5,0.08,0.1042,31,27,9.2,5.61,9.2
00-0037306,John FitzPatrick,TE,GB,2025,7,0,0,0.0,0,,0,1,1,1,0.0357,0.0053,23,21,1.6,1.36,1.6
00-0037306,John FitzPatrick,TE,GB,2025,8,0,0,0.0,0,,0,1,1,1,0.0286,0.0052,26,30,1.4,1.45,1.4
00-0037306,John FitzPatrick,TE,GB,2025,11,0,0,0.0,0,,0,1,1,2,0.04,0.0068,23,20,1.5,2.38,1.5
00-0037306,John FitzPatrick,TE,GB,2025,12,0,0,0.0,0,,0,1,1,0.0,0.0476,0.0,42,39,2.1,1.35,2.1
00-0037306,John FitzPatrick,TE,GB,2025,13,0,0,0.0,0,,0,1,0,6,0.0345,0.0175,30,24,0.0,4.27,0.0
00-0037306,John FitzPatrick,TE,GB,2025,14,0,0,0.0,0,,0,2,2,2,0.087,0.0064,26,26,3.4,2.84,3.4
00-0037306,John FitzPatrick,TE,GB,2025,15,0,0,0.0,0,,0,4,3,5,0.1111,0.0111,20,19,4.8,5.86,4.8
00-0037306,John FitzPatrick,TE,GB,2025,16,0,0,0.0,0,,0,1,0,0.0,0.0417,0.0,44,29,0.0,1.02,0.0
00-0037324,Chris Oladokun,QB,KC,2025,16,16,11,-5.791,4,-1.664,2,0,0,0.0,0.0,0.0,15,18,5.1,6.68,5.14
00-0037324,Chris Oladokun,QB,KC,2025,17,22,13,-8.539,1,-1.796,2,0,0,0.0,0.0,0.0,19,19,7.7,7.62,7.74
00-0037324,Chris Oladokun,QB,KC,2025,18,17,11,-15.793,3,-8.352,1,0,0,0.0,0.0,0.0,23,26,-1.7,5.76,0.32
00-0037329,Brittain Brown,RB,CHI,2025,9,0,0,0.0,0,,5,1,0,4,0.0294,0.0136,37,34,9.7,4.31,9.7
00-0037340,Zaire Mitchell-Paden,TE,BAL,2025,2,0,0,0.0,0,,0,1,0,1,0.0357,0.0037,21,17,0.0,4.61,0.0
00-0037340,Zaire Mitchell-Paden,TE,BAL,2025,5,0,0,0.0,0,,0,1,1,3,0.05,0.0184,19,21,1.3,1.44,1.3
00-0037340,Zaire Mitchell-Paden,TE,NO,2025,10,0,0,0.0,0,,0,1,1,9,0.0385,0.0352,37,32,2.4,1.33,2.4
00-0037348,Tanner Conner,TE,MIA,2025,1,0,0,0.0,0,,0,4,2,27,0.129,0.1154,12,13,4.0,7.88,4.0
00-0037348,Tanner Conner,TE,MIA,2025,3,0,0,0.0,0,,0,2,1,7,0.0606,0.0343,25,28,2.3,2.4,2.3
00-0037348,Tanner Conner,TE,MIA,2025,5,0,0,0.0,0,,0,2,2,13,0.0588,0.0453,14,19,3.6,3.18,3.6
00-0037348,Tanner Conner,TE,MIA,2025,6,0,0,0.0,0,,0,1,1,7,0.0333,0.0335,21,23,1.8,1.7,1.8
00-0037348,Tanner Conner,TE,MIA,2025,7,0,0,0.0,0,,0,3,1,47,0.1,0.2043,22,22,3.8,4.62,3.8
00-0037348,Tanner Conner,TE,MIA,2025,8,0,0,0.0,0,,0,2,2,-2,0.0741,-0.0198,37,44,2.6,3.12,2.6
00-0037348,Tanner Conner,TE,MIA,2025,9,0,0,0.0,0,,0,1,0,20,0.027,0.0738,20,23,0.0,1.93,0.0
00-0037475,Stone Smartt,TE,NYJ,2025,14,0,0,0.0,0,,0,1,0,16,0.0312,0.0554,17,16,0.0,1.65,0.0
00-0037475,Stone Smartt,TE,NYJ,2025,16,0,0,0.0,0,,0,5,5,15,0.1471,0.092,20,25,8.4,6.34,8.4
00-0037475,Stone Smartt,TE,NYJ,2025,17,0,0,0.0,0,,0,3,2,11,0.0938,0.0733,28,28,3.8,3.76,3.8
00-0037487,Deven Thompkins,WR,ATL,2025,13,0,0,0.0,0,,1,2,2,11,0.0645,0.0714,32,38,4.8,3.74,4.8
00-0037487,Deven Thompkins,WR,ATL,2025,14,0,0,0.0,0,,0,1,1,-4,0.0357,-0.0196,31,35,1.4,1.42,1.4
00-0037524,Tay Martin,WR,WAS,2025,4,0,0,0.0,0,,0,1,1,14,0.0417,0.049,22,19,2.4,1.71,2.4
00-0037524,Tay Martin,WR,WAS,2025,5,0,0,0.0,0,,0,1,1,4,0.0435,0.0167,28,23,1.9,1.46,1.9
00-0037525,Jordan Mason,RB,MIN,2025,1,0,0,0.0,0,,15,1,1,-5,0.05,-0.0427,26,27,8.5,9.36,8.5
00-0037525,Jordan Mason,RB,MIN,2025,2,0,0,0.0,0,,9,3,2,-4,0.1429,-0.0159,19,16,5.8,8.15,5.8
00-0037525,Jordan Mason,RB,MIN,2025,3,0,0,0.0,0,,16,0,0,0.0,0.0,0.0,31,30,23.6,12.38,23.6
00-0037525,Jordan Mason,RB,MIN,2025,4,0,0,0.0,0,,16,3,3,-10,0.0714,-0.0299,20,27,10.2,14.61,10.2
00-0037525,Jordan Mason,RB,MIN,2025,5,0,0,0.0,0,,13,4,3,-19,0.1176,-0.0754,23,21,12.6,13.04,12.6
00-0037525,Jordan Mason,RB,MIN,2025,7,0,0,0.0,0,,15,0,0,0.0,0.0,0.0,23,20,11.7,11.47,11.7
00-0037525,Jordan Mason,RB,MIN,2025,8,0,0,0.0,0,,4,1,1,-1,0.0333,-0.0093,11,16,1.6,3.31,1.6
00-0037525,Jordan Mason,RB,MIN,2025,9,0,0,0.0,0,,10,1,1,0.0,0.0435,0.0,29,22,4.7,9.38,4.7
00-0037525,Jordan Mason,RB,MIN,2025,10,0,0,0.0,0,,4,1,1,-4,0.0244,-0.0087,18,17,4.1,3.5,4.1
00-0037525,Jordan Mason,RB,MIN,2025,11,0,0,0.0,0,,6,0,0,0.0,0.0,0.0,22,25,10.5,3.11,10.5
00-0037525,Jordan Mason,RB,MIN,2025,12,0,0,0.0,0,,8,0,0,0.0,0.0,0.0,20,20,4.2,3.19,4.2
00-0037525,Jordan Mason,RB,MIN,2025,13,0,0,0.0,0,,6,1,1,-5,0.0345,-0.0299,16,21,5.8,3.84,5.8
00-0037525,Jordan Mason,RB,MIN,2025,14,0,0,0.0,0,,11,0,0,0.0,0.0,0.0,34,29,11.2,8.65,11.2
00-0037525,Jordan Mason,RB,MIN,2025,15,0,0,0.0,0,,10,0,0,0.0,0.0,0.0,28,25,2.9,5.36,2.9
00-0037525,Jordan Mason,RB,MIN,2025,16,0,0,0.0,0,,2,1,1,-4,0.0435,-0.032,31,29,2.1,1.87,2.1
00-0037525,Jordan Mason,RB,MIN,2025,18,0,0,0.0,0,,14,0,0,0.0,0.0,0.0,31,31,9.4,7.53,9.4
00-0037539,Lucas Krull,TE,DEN,2025,1,0,0,0.0,0,,0,2,1,9,0.0541,0.0423,30,27,1.6,2.92,1.6
00-0037539,Lucas Krull,TE,DEN,2025,3,0,0,0.0,0,,0,2,1,11,0.087,0.0409,21,17,1.9,3.14,1.9
00-0037545,Rashid Shaheed,WR,NO,2025,1,0,0,0.0,0,,0,9,6,79,0.2195,0.2351,22,20,9.3,14.13,9.3
00-0037545,Rashid Shaheed,WR,NO,2025,2,0,0,0.0,0,,0,5,4,56,0.1471,0.224,30,33,15.2,9.1,15.2
00-0037545,Rashid Shaheed,WR,NO,2025,3,0,0,0.0,0,,0,6,4,68,0.1463,0.196,27,28,8.2,8.91,8.2
00-0037545,Rashid Shaheed,WR,NO,2025,4,0,0,0.0,0,,2,5,4,47,0.2,0.379,34,30,9.2,11.06,9.2
00-0037545,Rashid Shaheed,WR,NO,2025,5,0,0,0.0,0,,0,5,4,85,0.1613,0.3542,30,23,21.4,8.2,21.4
00-0037545,Rashid Shaheed,WR,NO,2025,6,0,0,0.0,0,,0,6,4,57,0.2308,0.2579,23,24,6.8,9.35,6.8
00-0037545,Rashid Shaheed,WR,NO,2025,7,0,0,0.0,0,,0,9,4,136,0.2903,0.3523,17,16,8.0,12.52,8.0
00-0037545,Rashid Shaheed,WR,NO,2025,8,0,0,0.0,0,,0,12,9,107,0.24,0.2554,15,11,14.5,17.63,14.5
00-0037545,Rashid Shaheed,WR,NO,2025,9,0,0,0.0,0,,0,9,5,113,0.375,0.5183,14,11,11.8,13.43,11.8
00-0037545,Rashid Shaheed,WR,SEA,2025,10,0,0,0.0,0,,2,1,1,-2,0.0833,-0.0156,46,36,3.3,3.07,3.3
00-0037545,Rashid Shaheed,WR,SEA,2025,11,0,0,0.0,0,,1,5,2,63,0.119,0.1842,35,34,4.9,9.74,4.9
00-0037545,Rashid Shaheed,WR,SEA,2025,12,0,0,0.0,0,,1,2,0,52,0.08,0.2122,20,20,0.5,4.81,0.5
00-0037545,Rashid Shaheed,WR,SEA,2025,13,0,0,0.0,0,,1,3,1,11,0.1304,0.1183,32,33,2.6,4.72,2.6
00-0037545,Rashid Shaheed,WR,SEA,2025,14,0,0,0.0,0,,0,5,4,63,0.1667,0.2471,26,20,16.7,8.27,10.7
00-0037545,Rashid Shaheed,WR,SEA,2025,15,0,0,0.0,0,,1,7,5,105,0.2121,0.4357,22,18,12.1,13.16,12.1
00-0037545,Rashid Shaheed,WR,SEA,2025,16,0,0,0.0,0,,1,1,0,5,0.0323,0.0248,25,27,9.1,1.92,3.1
00-0037545,Rashid Shaheed,WR,SEA,2025,17,0,0,0.0,0,,0,1,1,6,0.0385,0.0426,36,37,1.8,1.54,1.8
00-0037545,Rashid Shaheed,WR,SEA,2025,18,0,0,0.0,0,,0,1,1,2,0.0385,0.0159,39,40,1.2,1.29,1.2
00-0037557,Ronnie Rivers,RB,LA,2025,14,0,0,0.0,0,,8,0,0,0.0,0.0,0.0,36,36,4.1,3.95,4.1
00-0037557,Ronnie Rivers,RB,LA,2025,17,0,0,0.0,0,,1,0,0,0.0,0.0,0.0,20,23,0.5,0.47,0.5
00-0037563,Malik Davis,RB,DAL,2025,8,0,0,0.0,0,,2,0,0,0.0,0.0,0.0,31,25,0.3,1.05,0.3
00-0037563,Malik Davis,RB,DAL,2025,9,0,0,0.0,0,,1,0,0,0.0,0.0,0.0,21,17,0.3,0.43,0.3
00-0037563,Malik Davis,RB,DAL,2025,11,0,0,0.0,0,,4,0,0,0.0,0.0,0.0,31,31,2.0,4.61,2.0
00-0037563,Malik Davis,RB,DAL,2025,12,0,0,0.0,0,,3,0,0,0.0,0.0,0.0,31,26,2.4,1.42,2.4
00-0037563,Malik Davis,RB,DAL,2025,13,0,0,0.0,0,,3,0,0,0.0,0.0,0.0,26,23,10.7,1.45,10.7
00-0037563,Malik Davis,RB,DAL,2025,14,0,0,0.0,0,,3,0,0,0.0,0.0,0.0,24,22,0.6,1.46,0.6
00-0037563,Malik Davis,RB,DAL,2025,15,0,0,0.0,0,,8,3,2,13,0.0857,0.0471,29,30,11.7,13.49,11.7
00-0037563,Malik Davis,RB,DAL,2025,16,0,0,0.0,0,,8,0,0,0.0,0.0,0.0,23,21,2.3,3.91,2.3
00-0037563,Malik Davis,RB,DAL,2025,17,0,0,0.0,0,,20,2,0,5,0.0556,0.0131,44,41,10.3,14.45,10.3
00-0037594,Julius Chestnut,RB,TEN,2025,1,0,0,0.0,0,,2,0,0,0.0,0.0,0.0,21,21,0.2,1.68,0.2
00-0037594,Julius Chestnut,RB,TEN,2025,3,0,0,0.0,0,,2,0,0,0.0,0.0,0.0,23,20,2.6,2.04,2.6
00-0037594,Julius Chestnut,RB,TEN,2025,4,0,0,0.0,0,,1,1,0,9,0.0435,0.0474,18,18,0.0,2.06,0.0
00-0037594,Julius Chestnut,RB,TEN,2025,5,0,0,0.0,0,,1,1,0,13,0.027,0.0309,24,22,0.3,1.22,0.3
00-0037594,Julius Chestnut,RB,TEN,2025,8,0,0,0.0,0,,2,0,0,0.0,0.0,0.0,25,26,0.5,0.94,0.5
00-0037594,Julius Chestnut,RB,TEN,2025,12,0,0,0.0,0,,2,0,0,0.0,0.0,0.0,22,24,0.3,0.84,0.3
00-0037594,Julius Chestnut,RB,TEN,2025,16,0,0,0.0,0,,1,0,0,0.0,0.0,0.0,40,41,0.1,0.25,0.1
00-0037614,John Metchie III,WR,PHI,2025,2,0,0,0.0,0,,0,1,1,-3,0.0476,-0.018,34,27,1.0,1.4,1.0
00-0037614,John Metchie III,WR,PHI,2025,3,0,0,0.0,0,,0,1,1,4,0.0333,0.0146,27,22,1.8,1.38,1.8
00-0037614,John Metchie III,WR,PHI,2025,4,0,0,0.0,0,,0,2,2,5,0.0833,0.0299,32,26,3.0,2.66,3.0
00-0037614,John Metchie III,WR,NYJ,2025,10,0,0,0.0,0,,1,1,1,3,0.0909,0.0789,33,26,0.6,1.86,0.6
00-0037614,John Metchie III,WR,NYJ,2025,11,0,0,0.0,0,,0,3,3,32,0.1154,0.1517,28,18,13.5,4.81,13.5
00-0037614,John Metchie III,WR,NYJ,2025,12,0,0,0.0,0,,0,7,6,32,0.2593,0.1111,26,24,18.5,9.66,18.5
00-0037614,John Metchie III,WR,NYJ,2025,13,0,0,0.0,0,,1,8,4,46,0.2581,0.1442,28,21,5.7,12.36,5.7
00-0037614,John Metchie III,WR,NYJ,2025,14,0,0,0.0,0,,0,8,4,48,0.25,0.1661,17,16,7.4,12.11,7.4
00-0037614,John Metchie III,WR,NYJ,2025,15,0,0,0.0,0,,1,5,4,27,0.1562,0.1268,32,26,6.9,7.03,6.9
00-0037614,John Metchie III,WR,NYJ,2025,16,0,0,0.0,0,,0,5,1,41,0.1471,0.2515,20,25,1.4,7.34,1.4
00-0037614,John Metchie III,WR,NYJ,2025,17,0,0,0.0,0,,0,3,3,21,0.0938,0.14,28,28,7.1,3.65,7.1
00-0037614,John Metchie III,WR,NYJ,2025,18,0,0,0.0,0,,0,4,3,12,0.1818,0.1644,23,20,5.0,4.84,5.0
00-0037617,Hassan Haskins,RB,LAC,2025,5,0,0,0.0,0,,5,1,1,2,0.0312,0.0157,27,29,2.5,3.92,2.5
00-0037617,Hassan Haskins,RB,LAC,2025,6,0,0,0.0,0,,6,1,1,2,0.0263,0.0091,25,28,3.3,4.28,3.3
00-0037617,Hassan Haskins,RB,LAC,2025,7,0,0,0.0,0,,1,2,2,-7,0.037,-0.0155,16,16,2.5,2.94,2.5
00-0037617,Hassan Haskins,RB,LAC,2025,16,0,0,0.0,0,,4,0,0,0.0,0.0,0.0,33,26,1.4,2.03,1.4
00-0037617,Hassan Haskins,RB,LAC,2025,18,0,0,0.0,0,,1,0,0,0.0,0.0,0.0,21,16,0.3,0.54,0.3
00-0037654,Tucker Fisk,TE,LAC,2025,3,0,0,0.0,0,,0,1,0,20,0.0222,0.0466,28,31,0.0,1.83,0.0
00-0037654,Tucker Fisk,TE,LAC,2025,4,0,0,0.0,0,,0,1,0,4,0.0263,0.0151,13,17,0.0,1.2,0.0
00-0037654,Tucker Fisk,TE,LAC,2025,9,0,0,0.0,0,,0,1,1,0.0,0.0357,0.0,30,21,2.2,1.42,2.2
00-0037654,Tucker Fisk,TE,LAC,2025,10,0,0,0.0,0,,0,1,1,-2,0.0303,-0.0128,31,27,1.7,1.63,1.7
00-0037664,Alec Pierce,WR,IND,2025,1,0,0,0.0,0,,0,3,1,61,0.1034,0.3112,40,34,4.6,8.08,4.6
00-0037664,Alec Pierce,WR,IND,2025,2,0,0,0.0,0,,0,5,4,80,0.1515,0.2432,32,27,10.8,8.96,10.8
00-0037664,Alec Pierce,WR,IND,2025,3,0,0,0.0,0,,0,5,4,101,0.2,0.5771,28,23,10.7,11.21,10.7
00-0037664,Alec Pierce,WR,IND,2025,6,0,0,0.0,0,,0,4,2,85,0.1333,0.4167,27,27,6.8,7.99,6.8
00-0037664,Alec Pierce,WR,IND,2025,7,0,0,0.0,0,,0,10,5,248,0.3125,0.7425,23,22,14.8,22.3,14.8
00-0037664,Alec Pierce,WR,IND,2025,8,0,0,0.0,0,,0,5,2,143,0.1786,0.5356,18,19,8.9,11.62,8.9
00-0037664,Alec Pierce,WR,IND,2025,9,0,0,0.0,0,,0,13,6,212,0.2708,0.4907,19,19,17.5,23.55,17.5
00-0037664,Alec Pierce,WR,IND,2025,10,0,0,0.0,0,,0,7,4,126,0.2692,0.6029,41,37,18.4,12.85,18.4
00-0037664,Alec Pierce,WR,IND,2025,12,0,0,0.0,0,,0,2,1,24,0.0645,0.1727,19,18,3.6,5.66,3.6
00-0037664,Alec Pierce,WR,IND,2025,13,0,0,0.0,0,,0,5,4,97,0.2,0.4899,23,24,17.8,11.25,17.8
00-0037664,Alec Pierce,WR,IND,2025,14,0,0,0.0,0,,0,8,5,99,0.2222,0.4267,26,24,13.0,12.92,13.0
00-0037664,Alec Pierce,WR,IND,2025,15,0,0,0.0,0,,0,1,1,16,0.0385,0.1127,30,37,2.6,1.44,2.6
00-0037664,Alec Pierce,WR,IND,2025,16,0,0,0.0,0,,0,4,4,70,0.1111,0.2077,20,23,24.6,9.86,24.6
00-0037664,Alec Pierce,WR,IND,2025,17,0,0,0.0,0,,0,5,0,101,0.1724,0.3507,22,25,0.0,9.54,0.0
00-0037664,Alec Pierce,WR,IND,2025,18,0,0,0.0,0,,0,7,4,130,0.2121,0.4088,28,28,29.2,12.42,29.2
00-0037666,Jalen Tolbert,WR,DAL,2025,1,0,0,0.0,0,,0,2,1,9,0.0606,0.0274,22,22,1.0,4.61,1.0
00-0037666,Jalen Tolbert,WR,DAL,2025,2,0,0,0.0,0,,0,4,2,30,0.0769,0.0857,28,31,3.6,5.99,3.6
00-0037666,Jalen Tolbert,WR,DAL,2025,3,0,0,0.0,0,,0,6,3,40,0.1364,0.1493,20,27,7.4,12.82,7.4
00-0037666,Jalen Tolbert,WR,DAL,2025,4,0,0,0.0,0,,0,6,4,113,0.1579,0.3456,26,28,10.1,10.69,10.1
00-0037666,Jalen Tolbert,WR,DAL,2025,5,0,0,0.0,0,,0,1,0,19,0.0357,0.0819,29,22,0.0,2.05,0.0
00-0037666,Jalen Tolbert,WR,DAL,2025,6,0,0,0.0,0,,0,1,1,3,0.0294,0.0159,19,23,1.8,1.34,1.8
00-0037666,Jalen Tolbert,WR,DAL,2025,7,0,0,0.0,0,,0,2,1,33,0.0667,0.1557,31,29,2.6,4.4,2.6
00-0037666,Jalen Tolbert,WR,DAL,2025,8,0,0,0.0,0,,0,2,2,42,0.0571,0.1603,31,25,12.7,3.6,12.7
00-0037666,Jalen Tolbert,WR,DAL,2025,11,0,0,0.0,0,,0,1,0,19,0.0312,0.0819,31,31,0.0,1.24,0.0
00-0037666,Jalen Tolbert,WR,DAL,2025,17,0,0,0.0,0,,0,8,4,79,0.2222,0.2068,44,41,7.1,15.44,7.1
00-0037666,Jalen Tolbert,WR,DAL,2025,18,0,0,0.0,0,,0,1,0,21,0.0435,0.118,30,26,0.0,1.38,0.0
00-0037740,Garrett Wilson,WR,NYJ,2025,1,0,0,0.0,0,,0,9,7,86,0.4286,0.5089,39,29,22.5,14.16,22.5
00-0037740,Garrett Wilson,WR,NYJ,2025,2,0,0,0.0,0,,0,8,4,73,0.381,0.4244,21,15,9.0,12.52,9.0
00-0037740,Garrett Wilson,WR,NYJ,2025,3,0,0,0.0,0,,0,13,10,75,0.3714,0.4658,23,21,24.4,18.38,24.4
00-0037740,Garrett Wilson,WR,NYJ,2025,4,0,0,0.0,0,,0,8,6,78,0.2963,0.3805,28,28,20.2,12.78,20.2
00-0037740,Garrett Wilson,WR,NYJ,2025,5,0,0,0.0,0,,0,10,6,135,0.2273,0.4383,22,22,19.1,16.59,19.1
00-0037740,Garrett Wilson,WR,NYJ,2025,6,0,0,0.0,0,,0,8,3,38,0.5,0.4043,31,25,4.3,10.92,4.3
00-0037740,Garrett Wilson,WR,NYJ,2025,10,0,0,0.0,0,,0,3,0,50,0.2727,1.3158,33,26,0.0,4.57,0.0
00-0037741,Jahan Dotson,WR,PHI,2025,1,0,0,0.0,0,,0,3,3,48,0.15,0.4286,38,28,8.9,4.69,8.9
00-0037741,Jahan Dotson,WR,PHI,2025,2,0,0,0.0,0,,0,1,1,-6,0.0476,-0.0359,34,27,1.4,1.37,1.4
00-0037741,Jahan Dotson,WR,PHI,2025,3,0,0,0.0,0,,0,3,1,37,0.1,0.135,27,22,1.7,4.11,1.7
00-0037741,Jahan Dotson,WR,PHI,2025,5,0,0,0.0,0,,0,3,1,92,0.0811,0.2212,11,13,3.4,5.68,3.4
00-0037741,Jahan Dotson,WR,PHI,2025,6,0,0,0.0,0,,0,2,1,18,0.0625,0.057,20,17,2.7,3.26,2.7
00-0037741,Jahan Dotson,WR,PHI,2025,8,0,0,0.0,0,,0,2,1,50,0.1,0.3401,33,30,11.0,4.1,11.0
00-0037741,Jahan Dotson,WR,PHI,2025,10,0,0,0.0,0,,0,1,0,3,0.0435,0.0131,34,34,0.0,1.31,0.0
00-0037741,Jahan Dotson,WR,PHI,2025,11,0,0,0.0,0,,0,2,2,38,0.0741,0.105,40,31,6.3,2.9,6.3
00-0037741,Jahan Dotson,WR,PHI,2025,12,0,0,0.0,0,,0,1,0,10,0.0278,0.0341,18,18,0.0,1.62,0.0
00-0037741,Jahan Dotson,WR,PHI,2025,13,0,0,0.0,0,,0,3,1,32,0.1,0.0958,17,14,2.2,4.53,2.2
00-0037741,Jahan Dotson,WR,PHI,2025,14,0,0,0.0,0,,0,3,1,44,0.0789,0.1078,25,22,1.3,6.35,1.3
00-0037741,Jahan Dotson,WR,PHI,2025,16,0,0,0.0,0,,0,3,3,13,0.1034,0.0647,34,26,4.3,4.31,4.3
00-0037741,Jahan Dotson,WR,PHI,2025,17,0,0,0.0,0,,0,1,0,37,0.0455,0.1434,26,24,0.0,2.14,0.0
00-0037741,Jahan Dotson,WR,PHI,2025,18,0,0,0.0,0,,0,8,3,139,0.2353,0.3629,19,21,7.0,14.45,7.0
00-0037742,Treylon Burks,WR,WAS,2025,9,0,0,0.0,0,,0,1,1,14,0.0476,0.112,36,26,2.4,1.77,2.4
00-0037742,Treylon Burks,WR,WAS,2025,10,0,0,0.0,0,,0,3,3,45,0.1364,0.1562,27,23,8.8,4.62,8.8
00-0037742,Treylon Burks,WR,WAS,2025,13,0,0,0.0,0,,0,4,1,75,0.0889,0.1254,33,23,7.5,8.35,7.5
00-0037742,Treylon Burks,WR,WAS,2025,14,0,0,0.0,0,,0,1,0,11,0.05,0.0957,23,18,0.0,1.57,0.0
00-0037742,Treylon Burks,WR,WAS,2025,15,0,0,0.0,0,,0,2,0,43,0.125,0.166,37,28,0.0,3.54,0.0
00-0037742,Treylon Burks,WR,WAS,2025,16,0,0,0.0,0,,0,5,2,53,0.25,0.3099,26,27,5.0,9.68,5.0
00-0037742,Treylon Burks,WR,WAS,2025,17,0,0,-0.498,1,,0,2,1,11,0.0952,0.0659,16,15,2.1,4.44,2.1
00-0037742,Treylon Burks,WR,WAS,2025,18,0,0,0.0,0,,0,4,2,44,0.2105,0.3577,41,32,3.2,7.08,3.2
00-0037744,Trey McBride,TE,ARI,2025,1,0,0,0.0,0,,0,9,6,35,0.3103,0.2108,27,25,12.1,15.43,12.1
00-0037744,Trey McBride,TE,ARI,2025,2,0,0,0.0,0,,0,7,6,62,0.28,0.3875,22,19,13.8,11.66,13.8
00-0037744,Trey McBride,TE,ARI,2025,3,0,0,0.0,0,,0,8,5,28,0.2353,0.1582,28,27,15.3,15.62,15.3
00-0037744,Trey McBride,TE,ARI,2025,4,0,0,0.0,0,,0,11,7,79,0.275,0.3319,17,18,12.2,17.6,12.2
00-0037744,Trey McBride,TE,ARI,2025,5,0,0,0.0,0,,0,7,5,44,0.2333,0.2105,29,31,9.1,13.01,9.1
00-0037744,Trey McBride,TE,ARI,2025,6,0,0,0.0,0,,0,11,8,89,0.2821,0.2276,24,24,21.2,23.58,21.2
00-0037744,Trey McBride,TE,ARI,2025,7,0,0,0.0,0,,0,13,10,78,0.3824,0.25,28,27,29.4,23.17,29.4
00-0037744,Trey McBride,TE,ARI,2025,9,0,0,0.0,0,,0,9,5,91,0.3103,0.3669,29,26,16.5,20.88,16.5
00-0037744,Trey McBride,TE,ARI,2025,10,0,0,0.0,0,,0,13,9,100,0.2955,0.304,23,21,27.7,22.52,27.7
00-0037744,Trey McBride,TE,ARI,2025,11,0,0,0.0,0,,0,11,10,70,0.1964,0.1804,14,23,27.5,20.61,27.5
00-0037744,Trey McBride,TE,ARI,2025,12,0,0,0.0,0,,0,10,9,56,0.2174,0.147,20,22,16.9,15.48,16.9
00-0037744,Trey McBride,TE,ARI,2025,13,0,0,0.0,0,,0,9,8,95,0.2432,0.3287,19,24,22.2,16.58,22.2
00-0037744,Trey McBride,TE,ARI,2025,14,0,0,0.0,0,,0,9,5,71,0.2045,0.2017,14,15,10.8,15.19,10.8
00-0037744,Trey McBride,TE,ARI,2025,15,0,0,0.0,0,,0,13,12,50,0.3421,0.1953,21,24,37.4,22.53,37.4
00-0037744,Trey McBride,TE,ARI,2025,16,0,0,0.0,0,,0,8,4,42,0.2759,0.1842,23,22,6.7,14.04,6.7
00-0037744,Trey McBride,TE,ARI,2025,17,0,0,0.0,0,,0,13,10,97,0.3714,0.3404,13,17,23.6,21.7,23.6
00-0037744,Trey McBride,TE,ARI,2025,18,0,0,0.0,0,,0,8,7,39,0.2857,0.1554,15,18,13.5,12.31,13.5
00-0037745,Velus Jones Jr.,WR,SEA,2025,14,0,0,0.0,0,,4,0,0,0.0,0.0,0.0,26,20,3.2,2.09,3.2
00-0037746,Brian Robinson,RB,SF,2025,1,0,0,0.0,0,,9,2,1,0.0,0.0588,0.0,36,41,4.7,7.35,4.7
00-0037746,Brian Robinson,RB,SF,2025,2,0,0,0.0,0,,6,1,1,-6,0.0263,-0.0236,26,26,2.9,4.54,2.9
00-0037746,Brian Robinson,RB,SF,2025,3,0,0,0.0,0,,2,0,0,0.0,0.0,0.0,20,29,2.2,1.52,2.2
00-0037746,Brian Robinson,RB,SF,2025,4,0,0,0.0,0,,5,0,0,0.0,0.0,0.0,24,28,2.1,2.42,2.1
00-0037746,Brian Robinson,RB,SF,2025,5,0,0,0.0,0,,5,0,0,0.0,0.0,0.0,33,35,1.2,2.21,1.2
00-0037746,Brian Robinson,RB,SF,2025,6,0,0,0.0,0,,0,3,3,2,0.0811,0.0053,22,27,3.8,5.41,3.8
00-0037746,Brian Robinson,RB,SF,2025,7,0,0,0.0,0,,9,0,0,0.0,0.0,0.0,39,40,3.6,4.05,3.6
00-0037746,Brian Robinson,RB,SF,2025,9,0,0,0.0,0,,5,0,0,0.0,0.0,0.0,39,38,11.3,2.26,11.3
00-0037746,Brian Robinson,RB,SF,2025,10,0,0,0.0,0,,8,1,1,4,0.0256,0.0142,21,29,11.5,8.38,11.5
00-0037746,Brian Robinson,RB,SF,2025,11,0,0,0.0,0,,8,1,0,2,0.04,0.0106,25,26,2.4,6.06,2.4
00-0037746,Brian Robinson,RB,SF,2025,12,0,0,0.0,0,,7,2,1,2,0.0625,0.0103,38,39,5.4,7.37,5.4
00-0037746,Brian Robinson,RB,SF,2025,13,0,0,0.0,0,,8,0,0,0.0,0.0,0.0,33,32,2.6,3.97,2.6
00-0037746,Brian Robinson,RB,SF,2025,15,0,0,0.0,0,,9,0,0,0.0,0.0,0.0,38,32,2.1,4.54,2.1
00-0037746,Brian Robinson,RB,SF,2025,16,0,0,0.0,0,,5,1,0,2,0.0303,0.0062,31,32,2.0,6.1,2.0
00-0037746,Brian Robinson,RB,SF,2025,17,0,0,0.0,0,,4,1,1,-6,0.0303,-0.0237,34,32,3.8,4.04,3.8
00-0037746,Brian Robinson,RB,SF,2025,18,0,0,0.0,0,,2,0,0,0.0,0.0,0.0,12,16,0.9,0.89,0.9
00-0037755,Jelani Woods,TE,NYJ,2025,16,0,0,0.0,0,,0,2,0,3,0.0588,0.0184,20,25,0.0,2.84,0.0
00-0037755,Jelani Woods,TE,NYJ,2025,17,0,0,0.0,0,,0,1,1,3,0.0312,0.02,28,28,1.4,1.21,1.4
00-0037801,KaVontae Turpin,WR,DAL,2025,1,0,0,0.0,0,,2,2,2,7,0.0606,0.0213,22,22,4.7,4.16,4.7
00-0037801,KaVontae Turpin,WR,DAL,2025,2,0,0,0.0,0,,2,4,4,31,0.0769,0.0886,28,31,15.3,9.4,15.3
00-0037801,KaVontae Turpin,WR,DAL,2025,3,0,0,0.0,0,,1,3,2,73,0.0682,0.2724,20,27,8.8,6.72,8.8
00-0037801,KaVontae Turpin,WR,DAL,2025,4,0,0,0.0,0,,1,4,3,37,0.1053,0.1131,26,28,6.4,6.98,6.4
00-0037801,KaVontae Turpin,WR,DAL,2025,7,0,0,0.0,0,,0,1,1,-4,0.0333,-0.0189,31,29,2.7,1.55,2.7
00-0037801,KaVontae Turpin,WR,DAL,2025,8,0,0,0.0,0,,0,5,1,7,0.1429,0.0267,31,25,0.8,7.0,0.8
00-0037801,KaVontae Turpin,WR,DAL,2025,9,0,0,0.0,0,,1,3,2,15,0.0833,0.0375,21,17,3.3,5.16,3.3
00-0037801,KaVontae Turpin,WR,DAL,2025,11,0,0,0.0,0,,0,2,1,4,0.0625,0.0172,31,31,1.0,3.39,1.0
00-0037801,KaVontae Turpin,WR,DAL,2025,12,0,0,0.0,0,,2,2,1,12,0.0571,0.0328,31,26,4.2,4.73,4.2
00-0037801,KaVontae Turpin,WR,DAL,2025,13,0,0,0.0,0,,3,2,2,0.0,0.0541,0.0,26,23,8.1,4.87,8.1
00-0037801,KaVontae Turpin,WR,DAL,2025,14,0,0,0.0,0,,1,2,2,12,0.0426,0.0241,24,22,5.0,3.7,5.0
00-0037801,KaVontae Turpin,WR,DAL,2025,15,0,0,0.0,0,,1,2,2,-4,0.0571,-0.0145,29,30,3.2,4.13,3.2
00-0037801,KaVontae Turpin,WR,DAL,2025,16,0,0,0.0,0,,2,4,2,74,0.125,0.2372,23,21,4.7,10.89,4.7
00-0037801,KaVontae Turpin,WR,DAL,2025,17,0,0,0.0,0,,0,1,1,40,0.0278,0.1047,44,41,15.6,2.11,15.6
00-0037801,KaVontae Turpin,WR,DAL,2025,18,0,0,0.0,0,,1,1,0,35,0.0435,0.1966,30,26,0.7,2.67,0.7
00-0037805,Jeremy Ruckert,TE,NYJ,2025,1,0,0,0.0,0,,0,2,2,14,0.0952,0.0828,39,29,3.6,2.92,3.6
00-0037805,Jeremy Ruckert,TE,NYJ,2025,2,0,0,0.0,0,,0,1,1,5,0.0476,0.0291,21,15,7.5,3.56,7.5
00-0037805,Jeremy Ruckert,TE,NYJ,2025,4,0,0,0.0,0,,0,1,1,3,0.037,0.0146,28,28,3.3,1.34,2.2
00-0037805,Jeremy Ruckert,TE,NYJ,2025,5,0,0,0.0,0,,0,4,4,16,0.0909,0.0519,22,22,6.8,5.99,6.8
00-0037805,Jeremy Ruckert,TE,NYJ,2025,7,0,0,0.0,0,,0,1,0,4,0.0323,0.0109,20,17,0.0,0.94,0.0
00-0037805,Jeremy Ruckert,TE,NYJ,2025,8,0,0,0.0,0,,0,1,1,4,0.0333,0.0217,37,32,3.4,1.5,3.4
00-0037805,Jeremy Ruckert,TE,NYJ,2025,10,0,0,0.0,0,,0,1,1,-3,0.0909,-0.0789,33,26,1.0,1.43,1.0
00-0037805,Jeremy Ruckert,TE,NYJ,2025,11,0,0,0.0,0,,0,5,4,18,0.1923,0.0853,28,18,6.3,6.59,6.3
00-0037805,Jeremy Ruckert,TE,NYJ,2025,13,0,0,0.0,0,,0,2,2,8,0.0645,0.0251,28,21,3.2,2.71,3.2
00-0037805,Jeremy Ruckert,TE,NYJ,2025,14,0,0,0.0,0,,0,3,2,12,0.0938,0.0415,17,16,3.9,4.02,3.9
00-0037805,Jeremy Ruckert,TE,NYJ,2025,15,0,0,0.0,0,,0,2,2,4,0.0625,0.0188,32,26,3.3,2.45,3.3
00-0037805,Jeremy Ruckert,TE,NYJ,2025,16,0,0,0.0,0,,0,3,2,13,0.0882,0.0798,20,25,3.4,4.33,3.4
00-0037805,Jeremy Ruckert,TE,NYJ,2025,17,0,0,0.0,0,,0,3,1,4,0.0938,0.0267,28,28,1.2,4.42,1.2
00-0037809,Chig Okonkwo,TE,TEN,2025,1,0,0,0.0,0,,0,4,3,15,0.16,0.051,21,21,4.9,5.48,4.9
00-0037809,Chig Okonkwo,TE,TEN,2025,2,0,0,0.0,0,,0,6,4,15,0.1935,0.0698,26,20,7.5,8.49,7.5
00-0037809,Chig Okonkwo,TE,TEN,2025,3,0,0,0.0,0,,0,6,5,39,0.1765,0.2108,23,20,11.6,9.21,11.6
00-0037809,Chig Okonkwo,TE,TEN,2025,4,0,0,0.0,0,,0,3,1,11,0.1304,0.0579,18,18,1.4,4.01,1.4
00-0037809,Chig Okonkwo,TE,TEN,2025,5,0,0,0.0,0,,0,5,4,24,0.1351,0.057,24,22,8.8,6.9,8.8
00-0037809,Chig Okonkwo,TE,TEN,2025,6,0,0,0.0,0,,0,6,6,7,0.1765,0.0277,15,21,10.6,8.53,10.6
00-0037809,Chig Okonkwo,TE,TEN,2025,7,0,0,0.0,0,,0,2,0,28,0.0625,0.1239,12,20,0.0,3.13,0.0
00-0037809,Chig Okonkwo,TE,TEN,2025,8,0,0,0.0,0,,0,5,4,32,0.1351,0.0976,25,26,9.3,7.67,9.3
00-0037809,Chig Okonkwo,TE,TEN,2025,9,0,0,0.0,0,,0,2,2,2,0.0952,0.0109,19,21,3.0,2.74,3.0
00-0037809,Chig Okonkwo,TE,TEN,2025,11,0,0,0.0,0,,0,3,3,55,0.0833,0.2052,17,22,8.6,3.96,8.6
00-0037809,Chig Okonkwo,TE,TEN,2025,12,0,0,0.0,0,,0,4,3,20,0.1053,0.1026,22,24,7.0,5.2,7.0
00-0037809,Chig Okonkwo,TE,TEN,2025,13,0,0,0.0,0,,0,5,4,40,0.1429,0.1613,14,19,6.9,7.81,6.9
00-0037809,Chig Okonkwo,TE,TEN,2025,14,0,0,0.0,0,,0,2,2,1,0.08,0.0057,35,35,4.0,2.59,4.0
00-0037809,Chig Okonkwo,TE,TEN,2025,15,0,0,0.0,0,,0,6,4,0.0,0.2222,0.0,20,21,7.3,9.6,7.3
00-0037809,Chig Okonkwo,TE,TEN,2025,16,0,0,0.0,0,,0,8,6,4,0.2963,0.0245,40,41,16.4,11.79,16.4
00-0037809,Chig Okonkwo,TE,TEN,2025,17,0,0,0.0,0,,0,7,3,58,0.2,0.1555,28,28,14.5,10.06,14.5
00-0037809,Chig Okonkwo,TE,TEN,2025,18,0,0,0.0,0,,0,5,2,15,0.1515,0.1181,19,27,2.2,6.26,2.2
00-0037816,Romeo Doubs,WR,GB,2025,1,0,0,0.0,0,,0,4,2,92,0.1818,0.3636,25,23,8.8,11.37,8.8
00-0037816,Romeo Doubs,WR,GB,2025,2,0,0,0.0,0,,0,5,3,85,0.1852,0.2083,30,26,11.8,11.68,11.8
00-0037816,Romeo Doubs,WR,GB,2025,3,0,0,0.0,0,,0,2,2,10,0.08,0.2083,31,27,4.5,2.74,4.5
00-0037816,Romeo Doubs,WR,GB,2025,4,0,0,0.0,0,,0,8,6,84,0.2222,0.3294,35,38,29.8,20.41,29.8
00-0037816,Romeo Doubs,WR,GB,2025,6,0,0,0.0,0,,0,9,5,89,0.3462,0.3618,33,28,10.5,14.44,10.5
00-0037816,Romeo Doubs,WR,GB,2025,7,0,0,0.0,0,,0,8,6,122,0.2857,0.6421,23,21,13.2,16.14,13.2
00-0037816,Romeo Doubs,WR,GB,2025,8,0,0,0.0,0,,0,6,3,110,0.1714,0.567,26,30,9.4,12.12,9.4
00-0037816,Romeo Doubs,WR,GB,2025,9,0,0,0.0,0,,0,10,7,116,0.2857,0.3569,25,30,16.1,16.75,16.1
00-0037816,Romeo Doubs,WR,GB,2025,10,0,0,0.0,0,,0,4,1,41,0.1212,0.1349,27,28,1.5,6.84,1.5
00-0037816,Romeo Doubs,WR,GB,2025,11,0,0,0.0,0,,0,8,4,91,0.32,0.3106,23,20,9.3,11.29,9.3
00-0037816,Romeo Doubs,WR,GB,2025,12,0,0,0.0,0,,0,3,2,17,0.1429,0.096,42,39,4.3,4.32,4.3
00-0037816,Romeo Doubs,WR,GB,2025,13,0,0,0.0,0,,0,4,4,11,0.1379,0.0321,30,24,12.0,10.03,12.0
00-0037816,Romeo Doubs,WR,GB,2025,14,0,0,0.0,0,,0,2,0,65,0.087,0.209,26,26,0.0,3.75,0.0
00-0037816,Romeo Doubs,WR,GB,2025,15,0,0,0.0,0,,0,3,2,32,0.0833,0.0708,20,19,5.6,6.59,5.6
00-0037816,Romeo Doubs,WR,GB,2025,16,0,0,0.0,0,,0,6,5,71,0.25,0.4277,44,29,19.4,12.57,19.4
00-0037816,Romeo Doubs,WR,GB,2025,17,0,0,0.0,0,,0,3,3,49,0.12,0.1684,17,10,9.2,4.44,9.2
00-0037834,Brock Purdy,QB,SF,2025,1,35,26,13.33,1,15.341,5,0,0,0.0,0.0,0.0,36,41,16.8,22.12,16.78
00-0037834,Brock Purdy,QB,SF,2025,4,38,22,3.372,1,-8.329,2,0,0,0.0,0.0,0.0,24,28,17.7,19.33,18.86
00-0037834,Brock Purdy,QB,SF,2025,11,26,19,8.643,1,10.062,1,0,0,0.0,0.0,0.0,25,26,19.3,20.58,19.3
00-0037834,Brock Purdy,QB,SF,2025,12,32,23,-3.169,0,1.475,6,0,0,0.0,0.0,0.0,38,39,7.3,14.11,7.32
00-0037834,Brock Purdy,QB,SF,2025,13,29,16,3.415,1,9.486,2,0,0,0.0,0.0,0.0,33,32,17.1,19.42,17.12
00-0037834,Brock Purdy,QB,SF,2025,15,30,23,17.847,2,20.512,7,0,0,0.0,0.0,0.0,38,32,26.2,23.27,28.2
00-0037834,Brock Purdy,QB,SF,2025,16,34,25,20.529,1,12.416,2,0,0,0.0,0.0,0.0,31,32,30.9,29.18,30.9
00-0037834,Brock Purdy,QB,SF,2025,17,33,24,12.721,1,5.033,6,0,0,0.0,0.0,0.0,34,32,36.9,27.33,36.92
00-0037834,Brock Purdy,QB,SF,2025,18,27,19,-13.559,3,3.172,2,0,0,0.0,0.0,0.0,12,16,5.2,9.48,5.18
00-0037837,Calvin Austin III,WR,PIT,2025,1,0,0,0.0,0,,0,6,4,84,0.2069,0.6043,20,24,17.0,11.06,17.0
00-0037837,Calvin Austin III,WR,PIT,2025,2,0,0,0.0,0,,0,4,1,89,0.129,0.4785,21,27,3.2,6.92,3.2
00-0037837,Calvin Austin III,WR,PIT,2025,3,0,0,0.0,0,,0,5,3,71,0.2273,0.6228,26,28,12.4,9.21,12.4
00-0037837,Calvin Austin III,WR,PIT,2025,4,0,0,0.0,0,,0,2,2,4,0.0909,0.0548,29,31,3.3,2.75,3.3
00-0037837,Calvin Austin III,WR,PIT,2025,8,0,0,0.0,0,,0,6,4,22,0.1875,0.0917,18,22,6.8,8.61,6.8
00-0037837,Calvin Austin III,WR,PIT,2025,9,0,0,0.0,0,,0,6,5,42,0.1714,0.4078,23,27,10.6,9.92,10.6
00-0037837,Calvin Austin III,WR,PIT,2025,10,0,0,0.0,0,,0,7,2,83,0.25,0.3307,16,20,3.4,10.79,3.4
00-0037837,Calvin Austin III,WR,PIT,2025,11,0,0,0.0,0,,0,1,1,4,0.0345,0.0301,28,33,1.5,1.31,1.5
00-0037837,Calvin Austin III,WR,PIT,2025,12,0,0,0.0,0,,0,5,4,26,0.1613,0.1327,36,34,7.6,6.84,7.6
00-0037837,Calvin Austin III,WR,PIT,2025,13,0,0,0.0,0,,0,2,0,33,0.0909,0.2727,18,21,0.0,3.06,0.0
00-0037837,Calvin Austin III,WR,PIT,2025,14,0,0,0.0,0,,0,2,1,24,0.0606,0.1132,17,23,4.1,2.83,4.1
00-0037837,Calvin Austin III,WR,PIT,2025,15,0,0,0.0,0,,0,1,0,6,0.037,0.0652,32,37,0.0,1.4,0.0
00-0037837,Calvin Austin III,WR,PIT,2025,16,0,0,0.0,0,,0,1,1,8,0.0263,0.0239,27,30,1.8,1.48,1.8
00-0037837,Calvin Austin III,WR,PIT,2025,18,0,0,0.0,0,,0,7,3,109,0.1591,0.3354,24,32,14.5,11.25,14.5
00-0037838,Isaiah Likely,TE,BAL,2025,5,0,0,0.0,0,,0,1,1,11,0.05,0.0675,19,21,2.2,1.58,2.2
00-0037838,Isaiah Likely,TE,BAL,2025,6,0,0,0.0,0,,0,2,2,8,0.0625,0.0367,37,36,2.6,2.71,2.6
00-0037838,Isaiah Likely,TE,BAL,2025,8,0,0,0.0,0,,0,2,2,3,0.0909,0.0144,35,26,2.8,3.05,2.8
00-0037838,Isaiah Likely,TE,BAL,2025,9,0,0,0.0,0,,0,4,3,34,0.1739,0.1643,31,28,9.0,10.08,9.0
00-0037838,Isaiah Likely,TE,BAL,2025,10,0,0,0.0,0,,0,4,2,25,0.1429,0.2101,36,30,3.7,6.11,3.7
00-0037838,Isaiah Likely,TE,BAL,2025,11,0,0,0.0,0,,0,3,2,20,0.12,0.1005,30,29,3.5,4.18,3.5
00-0037838,Isaiah Likely,TE,BAL,2025,12,0,0,0.0,0,,0,3,1,43,0.15,0.192,34,26,2.0,4.44,2.0
00-0037838,Isaiah Likely,TE,BAL,2025,13,0,0,0.0,0,,0,6,5,71,0.2,0.1864,22,19,12.5,10.1,12.5
00-0037838,Isaiah Likely,TE,BAL,2025,14,0,0,0.0,0,,0,6,4,31,0.1818,0.1206,40,35,12.5,12.46,12.5
00-0037838,Isaiah Likely,TE,BAL,2025,17,0,0,0.0,0,,0,3,3,17,0.15,0.2125,53,49,5.7,4.13,5.7
00-0037838,Isaiah Likely,TE,BAL,2025,18,0,0,0.0,0,,0,2,2,24,0.1176,0.1356,27,24,5.2,2.2,5.2
00-0037840,Kyren Williams,RB,LA,2025,1,0,0,0.0,0,,18,2,1,-12,0.0714,-0.0531,25,21,13.9,15.61,13.9
00-0037840,Kyren Williams,RB,LA,2025,2,0,0,0.0,0,,17,2,2,7,0.0625,0.0267,25,24,10.0,11.8,10.0
00-0037840,Kyren Williams,RB,LA,2025,3,0,0,0.0,0,,20,3,2,-5,0.0909,-0.0187,31,30,19.2,16.32,19.2
00-0037840,Kyren Williams,RB,LA,2025,4,0,0,0.0,0,,13,4,3,0.0,0.1,0.0,26,27,10.4,11.88,10.4
00-0037840,Kyren Williams,RB,LA,2025,5,0,0,0.0,0,,14,10,8,36,0.2174,0.0682,16,23,31.1,25.16,31.1
00-0037840,Kyren Williams,RB,LA,2025,6,0,0,0.0,0,,13,2,2,34,0.0769,0.1485,23,20,16.7,12.59,16.7
00-0037840,Kyren Williams,RB,LA,2025,7,0,0,0.0,0,,12,3,2,12,0.0909,0.0331,29,27,8.5,13.79,8.5
00-0037840,Kyren Williams,RB,LA,2025,9,0,0,0.0,0,,25,0,0,0.0,0.0,0.0,43,38,17.4,21.98,17.4
00-0037840,Kyren Williams,RB,LA,2025,10,0,0,0.0,0,,14,3,2,10,0.0882,0.0301,30,29,22.4,13.73,22.4
00-0037840,Kyren Williams,RB,LA,2025,11,0,0,0.0,0,,12,2,1,4,0.0741,0.0274,22,22,16.6,12.36,16.6
00-0037840,Kyren Williams,RB,LA,2025,12,0,0,0.0,0,,12,1,1,2,0.0294,0.008,19,20,5.8,7.03,5.8
00-0037840,Kyren Williams,RB,LA,2025,13,0,0,0.0,0,,13,1,0,-5,0.037,-0.0226,21,20,13.2,9.66,13.2
00-0037840,Kyren Williams,RB,LA,2025,14,0,0,0.0,0,,13,2,2,4,0.0645,0.0179,36,36,17.7,13.68,17.7
00-0037840,Kyren Williams,RB,LA,2025,15,0,0,0.0,0,,15,1,1,2,0.0263,0.0042,29,27,21.8,12.45,21.8
00-0037840,Kyren Williams,RB,LA,2025,16,0,0,0.0,0,,23,6,3,9,0.125,0.0189,39,41,11.5,20.91,11.5
00-0037840,Kyren Williams,RB,LA,2025,17,0,0,0.0,0,,13,3,3,9,0.0833,0.0175,20,23,16.0,11.47,16.0
00-0037840,Kyren Williams,RB,LA,2025,18,0,0,0.0,0,,12,5,3,18,0.1351,0.0501,31,29,11.1,17.36,11.1
00-0038040,Zamir White,RB,LV,2025,1,0,0,0.0,0,,3,0,0,0.0,0.0,0.0,24,24,0.8,1.59,0.8
00-0038040,Zamir White,RB,LV,2025,2,0,0,0.0,0,,2,3,2,-3,0.0698,-0.0103,19,20,3.3,5.08,3.3
00-0038040,Zamir White,RB,LV,2025,3,0,0,0.0,0,,5,2,1,3,0.0741,0.0098,28,26,3.3,5.53,3.3
00-0038040,Zamir White,RB,LV,2025,17,0,0,0.0,0,,1,0,0,0.0,0.0,0.0,20,19,0.2,0.46,0.2
00-0038040,Zamir White,RB,LV,2025,18,0,0,0.0,0,,1,1,1,-3,0.0385,-0.0133,32,31,2.0,2.15,2.0
00-0038041,Jake Ferguson,TE,DAL,2025,1,0,0,0.0,0,,0,6,5,35,0.1818,0.1064,22,22,7.3,9.94,7.3
00-0038041,Jake Ferguson,TE,DAL,2025,2,0,0,0.0,0,,0,12,9,77,0.2308,0.22,28,31,16.8,19.57,16.8
00-0038041,Jake Ferguson,TE,DAL,2025,3,0,0,0.0,0,,0,14,13,42,0.3182,0.1567,20,27,21.2,22.55,21.2
00-0038041,Jake Ferguson,TE,DAL,2025,4,0,0,0.0,0,,0,7,7,16,0.1842,0.0489,26,28,17.0,12.25,17.0
00-0038041,Jake Ferguson,TE,DAL,2025,5,0,0,0.0,0,,0,9,7,21,0.3214,0.0905,29,22,23.9,19.41,23.9
00-0038041,Jake Ferguson,TE,DAL,2025,6,0,0,0.0,0,,0,3,3,30,0.0882,0.1587,19,23,12.3,7.54,12.3
00-0038041,Jake Ferguson,TE,DAL,2025,7,0,0,0.0,0,,0,7,7,7,0.2333,0.033,31,29,21.9,16.5,21.9
00-0038041,Jake Ferguson,TE,DAL,2025,8,0,0,0.0,0,,0,1,0,30,0.0286,0.1145,31,25,0.0,1.81,0.0
00-0038041,Jake Ferguson,TE,DAL,2025,9,0,0,0.0,0,,0,7,5,39,0.1944,0.0975,21,17,8.0,15.8,8.0
00-0038041,Jake Ferguson,TE,DAL,2025,11,0,0,0.0,0,,0,5,4,-8,0.1562,-0.0345,31,31,11.6,10.78,11.6
00-0038041,Jake Ferguson,TE,DAL,2025,12,0,0,0.0,0,,1,6,5,35,0.1714,0.0956,31,26,11.1,12.51,11.1
00-0038041,Jake Ferguson,TE,DAL,2025,13,0,0,0.0,0,,0,6,5,19,0.1622,0.0739,26,23,8.6,11.71,8.6
00-0038041,Jake Ferguson,TE,DAL,2025,14,0,0,0.0,0,,0,7,5,61,0.1489,0.1227,24,22,10.8,14.49,10.8
00-0038041,Jake Ferguson,TE,DAL,2025,15,0,0,0.0,0,,0,4,2,34,0.1143,0.1232,29,30,3.6,6.94,3.6
00-0038041,Jake Ferguson,TE,DAL,2025,16,0,0,0.0,0,,0,4,3,26,0.125,0.0833,23,21,4.9,6.3,4.9
00-0038041,Jake Ferguson,TE,DAL,2025,17,0,0,0.0,0,,0,2,1,11,0.0556,0.0288,44,41,7.6,7.23,7.6
00-0038041,Jake Ferguson,TE,DAL,2025,18,0,0,0.0,0,,0,2,1,0.0,0.087,0.0,30,26,1.5,5.58,1.5
00-0038046,Charlie Kolar,TE,BAL,2025,3,0,0,0.0,0,,0,3,2,34,0.1071,0.1197,19,16,4.2,5.95,4.2
00-0038046,Charlie Kolar,TE,BAL,2025,5,0,0,0.0,0,,0,1,1,10,0.05,0.0613,19,21,2.0,1.6,2.0
00-0038046,Charlie Kolar,TE,BAL,2025,6,0,0,0.0,0,,0,1,0,-5,0.0312,-0.0229,37,36,0.0,1.03,0.0
00-0038046,Charlie Kolar,TE,BAL,2025,8,0,0,0.0,0,,0,1,1,5,0.0455,0.0239,35,26,8.0,2.29,8.0
00-0038046,Charlie Kolar,TE,BAL,2025,9,0,0,0.0,0,,0,2,2,18,0.087,0.087,31,28,10.3,6.43,10.3
00-0038046,Charlie Kolar,TE,BAL,2025,10,0,0,0.0,0,,0,2,1,0.0,0.0714,0.0,36,30,3.3,3.34,3.3
00-0038046,Charlie Kolar,TE,BAL,2025,11,0,0,0.0,0,,0,1,0,2,0.04,0.0101,30,29,0.0,1.45,0.0
00-0038046,Charlie Kolar,TE,BAL,2025,13,0,0,0.0,0,,0,1,1,14,0.0333,0.0367,22,19,2.7,2.17,2.7
00-0038046,Charlie Kolar,TE,BAL,2025,14,0,0,0.0,0,,0,1,1,15,0.0303,0.0584,40,35,2.9,1.84,2.9
00-0038046,Charlie Kolar,TE,BAL,2025,16,0,0,0.0,0,,0,1,1,8,0.05,0.0468,33,29,2.8,1.84,2.8
00-0038046,Charlie Kolar,TE,BAL,2025,17,0,0,0.0,0,,0,1,0,5,0.05,0.0625,53,49,0.0,1.48,0.0
00-0038090,Skyy Moore,WR,SF,2025,3,0,0,0.0,0,,0,1,1,10,0.0263,0.0324,20,29,2.0,1.65,2.0
00-0038090,Skyy Moore,WR,SF,2025,4,0,0,0.0,0,,0,1,0,8,0.027,0.0261,24,28,0.0,1.51,0.0
00-0038090,Skyy Moore,WR,SF,2025,5,0,0,0.0,0,,1,0,0,0.0,0.0,0.0,33,35,0.1,0.69,0.1
00-0038090,Skyy Moore,WR,SF,2025,7,0,0,0.0,0,,0,1,1,-3,0.0417,-0.0227,39,40,2.5,1.54,2.5
00-0038090,Skyy Moore,WR,SF,2025,8,0,0,0.0,0,,0,1,0,44,0.0323,0.1379,10,11,0.0,1.98,0.0
00-0038090,Skyy Moore,WR,SF,2025,9,0,0,0.0,0,,0,1,1,12,0.0435,0.075,39,38,3.1,1.94,3.1
00-0038090,Skyy Moore,WR,SF,2025,10,0,0,0.0,0,,0,1,1,18,0.0256,0.0638,21,29,2.8,1.8,2.8
00-0038090,Skyy Moore,WR,SF,2025,16,0,0,0.0,0,,0,1,1,21,0.0303,0.0648,31,32,3.3,1.89,3.3
00-0038090,Skyy Moore,WR,SF,2025,17,0,0,0.0,0,,1,0,0,0.0,0.0,0.0,34,32,1.0,0.66,1.0
00-0038102,Kenny Pickett,QB,LV,2025,7,2,2,-0.754,0,19.071,1,0,0,0.0,0.0,0.0,11,11,-1.7,0.48,-1.68
00-0038102,Kenny Pickett,QB,LV,2025,10,1,0,-0.985,0,-73.782,0,0,0,0.0,0.0,0.0,25,24,0.0,0.2,0.0
00-0038102,Kenny Pickett,QB,LV,2025,14,11,8,1.854,1,13.152,1,0,0,0.0,0.0,0.0,12,13,8.5,5.42,8.48
00-0038102,Kenny Pickett,QB,LV,2025,15,25,15,-16.728,4,-10.13,2,0,0,0.0,0.0,0.0,13,16,1.3,5.31,1.26
00-0038102,Kenny Pickett,QB,LV,2025,17,2,2,-1.34,1,31.465,0,0,0,0.0,0.0,0.0,20,19,0.6,0.44,0.64
00-0038102,Kenny Pickett,QB,LV,2025,18,4,1,-10.836,2,-48.247,1,0,0,0.0,0.0,0.0,32,31,-1.0,1.9,-0.98
00-0038104,Tyquan Thornton,WR,KC,2025,1,0,0,0.0,0,,0,4,2,115,0.1053,0.4244,17,14,6.1,7.18,6.1
00-0038104,Tyquan Thornton,WR,KC,2025,2,0,0,0.0,0,,0,5,2,169,0.1724,0.5469,26,21,13.9,8.47,13.9
00-0038104,Tyquan Thornton,WR,KC,2025,3,0,0,0.0,0,,0,9,5,169,0.2571,0.5298,28,24,18.1,19.46,18.1
00-0038104,Tyquan Thornton,WR,KC,2025,4,0,0,0.0,0,,0,2,1,16,0.0571,0.0618,32,30,8.1,6.95,8.1
00-0038104,Tyquan Thornton,WR,KC,2025,5,0,0,0.0,0,,0,5,3,129,0.125,0.3217,22,22,12.0,11.4,12.0
00-0038104,Tyquan Thornton,WR,KC,2025,7,0,0,0.0,0,,0,2,1,78,0.0588,0.3768,41,39,4.9,4.0,4.9
00-0038104,Tyquan Thornton,WR,KC,2025,9,0,0,0.0,0,,0,1,0,40,0.0345,0.0811,20,17,0.0,2.09,0.0
00-0038104,Tyquan Thornton,WR,KC,2025,11,0,0,0.0,0,,0,2,1,86,0.0465,0.2654,14,16,7.1,4.09,7.1
00-0038104,Tyquan Thornton,WR,KC,2025,12,0,0,0.0,0,,0,1,0,43,0.0233,0.1225,41,44,0.0,2.14,0.0
00-0038104,Tyquan Thornton,WR,KC,2025,14,0,0,0.0,0,,0,3,2,67,0.1034,0.2318,29,22,3.9,4.97,3.9
00-0038104,Tyquan Thornton,WR,KC,2025,15,0,0,0.0,0,,0,3,2,83,0.1,0.332,21,20,6.7,5.67,6.7
00-0038115,Daniel Bellinger,TE,NYG,2025,1,0,0,0.0,0,,0,1,1,14,0.0312,0.0619,23,19,2.4,2.17,2.4
00-0038115,Daniel Bellinger,TE,NYG,2025,3,0,0,0.0,0,,0,1,1,6,0.0333,0.0211,27,29,1.6,1.01,1.6
00-0038115,Daniel Bellinger,TE,NYG,2025,4,0,0,0.0,0,,0,1,1,10,0.05,0.082,42,34,2.3,1.77,2.3
00-0038115,Daniel Bellinger,TE,NYG,2025,5,0,0,0.0,0,,0,4,4,28,0.1026,0.0854,29,28,9.2,8.32,9.2
00-0038115,Daniel Bellinger,TE,NYG,2025,7,0,0,0.0,0,,0,4,3,82,0.1212,0.2398,32,30,17.8,8.87,17.8
00-0038115,Daniel Bellinger,TE,NYG,2025,8,0,0,0.0,0,,0,1,1,19,0.0455,0.0809,21,19,3.1,1.96,3.1
00-0038115,Daniel Bellinger,TE,NYG,2025,10,0,0,0.0,0,,0,2,1,20,0.0625,0.0687,30,26,1.8,5.9,1.8
00-0038115,Daniel Bellinger,TE,NYG,2025,11,0,0,0.0,0,,0,1,0,3,0.0345,0.0137,38,40,0.0,1.27,0.0
00-0038115,Daniel Bellinger,TE,NYG,2025,12,0,0,0.0,0,,0,2,0,21,0.0588,0.0513,39,37,0.0,3.62,0.0
00-0038115,Daniel Bellinger,TE,NYG,2025,15,0,0,0.0,0,,0,4,3,25,0.1111,0.0581,29,24,6.5,6.26,6.5
00-0038115,Daniel Bellinger,TE,NYG,2025,17,0,0,0.0,0,,0,3,2,12,0.1034,0.0764,31,27,3.1,5.54,3.1
00-0038115,Daniel Bellinger,TE,NYG,2025,18,0,0,0.0,0,,0,2,2,4,0.0625,0.0217,32,35,11.8,2.3,11.8
00-0038117,Wan'Dale Robinson,WR,NYG,2025,1,0,0,0.0,0,,0,8,6,25,0.25,0.1106,23,19,11.5,12.67,11.5
00-0038117,Wan'Dale Robinson,WR,NYG,2025,2,0,0,0.0,0,,0,10,8,162,0.25,0.3103,21,24,28.2,17.18,28.2
00-0038117,Wan'Dale Robinson,WR,NYG,2025,3,0,0,0.0,0,,0,4,1,88,0.1333,0.3099,27,29,3.6,6.53,3.6
00-0038117,Wan'Dale Robinson,WR,NYG,2025,4,0,0,0.0,0,,0,5,3,-5,0.25,-0.041,42,34,4.4,9.44,4.4
00-0038117,Wan'Dale Robinson,WR,NYG,2025,5,0,0,0.0,0,,1,7,5,44,0.1795,0.1341,29,28,8.2,10.79,8.2
00-0038117,Wan'Dale Robinson,WR,NYG,2025,6,0,0,0.0,0,,0,7,6,49,0.2692,0.205,39,28,20.4,11.13,20.4
00-0038117,Wan'Dale Robinson,WR,NYG,2025,7,0,0,0.0,0,,0,12,6,128,0.3636,0.3743,32,30,15.5,17.29,15.5
00-0038117,Wan'Dale Robinson,WR,NYG,2025,8,0,0,0.0,0,,0,4,3,55,0.1818,0.234,21,19,7.8,6.04,7.8
00-0038117,Wan'Dale Robinson,WR,NYG,2025,9,0,0,0.0,0,,0,11,9,47,0.3438,0.2166,21,18,13.6,15.59,13.6
00-0038117,Wan'Dale Robinson,WR,NYG,2025,10,0,0,0.0,0,,0,11,6,62,0.3438,0.2131,30,26,12.2,15.19,12.2
00-0038117,Wan'Dale Robinson,WR,NYG,2025,11,0,0,0.0,0,,0,9,4,71,0.3103,0.3242,38,40,7.6,12.46,7.6
00-0038117,Wan'Dale Robinson,WR,NYG,2025,12,0,0,0.0,0,,1,14,9,175,0.4118,0.4279,39,37,30.6,24.46,30.6
00-0038117,Wan'Dale Robinson,WR,NYG,2025,13,0,0,0.0,0,,0,8,7,37,0.3333,0.2011,27,26,10.4,10.69,10.4
00-0038117,Wan'Dale Robinson,WR,NYG,2025,15,0,0,0.0,0,,0,10,5,105,0.2778,0.2442,29,24,16.4,16.3,16.4
00-0038117,Wan'Dale Robinson,WR,NYG,2025,16,0,0,0.0,0,,1,6,3,67,0.4615,0.7976,30,30,5.2,9.23,5.2
00-0038117,Wan'Dale Robinson,WR,NYG,2025,17,0,0,0.0,0,,0,14,11,77,0.4828,0.4904,31,27,22.3,22.04,22.3
00-0038120,Breece Hall,RB,NYJ,2025,1,0,0,0.0,0,,19,4,2,-13,0.1905,-0.0769,39,29,16.5,14.9,16.5
00-0038120,Breece Hall,RB,NYJ,2025,2,0,0,0.0,0,,10,3,2,-2,0.1429,-0.0116,21,15,5.8,8.89,5.8
00-0038120,Breece Hall,RB,NYJ,2025,3,0,0,0.0,0,,9,6,4,12,0.1714,0.0745,23,21,9.2,15.4,9.2
00-0038120,Breece Hall,RB,NYJ,2025,4,0,0,0.0,0,,14,6,5,27,0.2222,0.1317,28,28,16.1,15.25,16.1
00-0038120,Breece Hall,RB,NYJ,2025,5,0,0,0.0,0,,14,5,4,13,0.1136,0.0422,22,22,17.5,17.16,17.5
00-0038120,Breece Hall,RB,NYJ,2025,6,0,0,0.0,0,,22,0,0,0.0,0.0,0.0,31,25,5.9,10.66,5.9
00-0038120,Breece Hall,RB,NYJ,2025,7,0,0,0.0,0,,11,3,2,7,0.0968,0.0191,20,17,7.2,9.58,7.2
00-0038120,Breece Hall,RB,NYJ,2025,8,1,1,1.195,0,56.875,18,3,2,-2,0.1,-0.0109,37,32,32.9,16.43,32.86
00-0038120,Breece Hall,RB,NYJ,2025,10,0,0,0.0,0,,21,1,1,-5,0.0909,-0.1316,33,26,19.5,11.01,19.5
00-0038120,Breece Hall,RB,NYJ,2025,11,0,0,0.0,0,,14,2,2,-2,0.0769,-0.0095,28,18,8.4,9.86,8.4
00-0038120,Breece Hall,RB,NYJ,2025,12,0,0,0.0,0,,16,4,4,-2,0.1481,-0.0069,26,24,13.9,12.42,13.9
00-0038120,Breece Hall,RB,NYJ,2025,13,0,0,0.0,0,,19,2,2,7,0.0645,0.0219,28,21,15.6,14.37,15.6
00-0038120,Breece Hall,RB,NYJ,2025,14,0,0,0.0,0,,14,1,0,0.0,0.0312,0.0,17,16,4.3,9.11,4.3
00-0038120,Breece Hall,RB,NYJ,2025,15,0,0,0.0,0,,12,2,2,-2,0.0625,-0.0094,32,26,5.7,8.47,5.7
00-0038120,Breece Hall,RB,NYJ,2025,16,0,0,0.0,0,,16,3,2,-14,0.0882,-0.0859,20,25,8.3,11.21,8.3
00-0038120,Breece Hall,RB,NYJ,2025,17,0,0,0.0,0,,14,3,2,-10,0.0938,-0.0667,28,28,20.9,11.59,20.9
00-0038124,Christian Watson,WR,GB,2025,8,0,0,0.0,0,,0,4,4,73,0.1143,0.3763,26,30,12.5,7.72,12.5
00-0038124,Christian Watson,WR,GB,2025,9,0,0,0.0,0,,0,4,2,112,0.1143,0.3446,25,30,7.8,6.61,7.8
00-0038124,Christian Watson,WR,GB,2025,10,0,0,0.0,0,,0,4,2,126,0.1212,0.4145,27,28,6.5,6.84,6.5
00-0038124,Christian Watson,WR,GB,2025,11,0,0,0.0,0,,0,5,4,74,0.2,0.2526,23,20,20.6,11.47,20.6
00-0038124,Christian Watson,WR,GB,2025,12,0,0,0.0,0,,0,7,5,87,0.3333,0.4915,42,39,9.9,10.39,9.9
00-0038124,Christian Watson,WR,GB,2025,13,0,0,0.0,0,,1,10,4,186,0.3448,0.5423,30,24,18.3,23.07,18.3
00-0038124,Christian Watson,WR,GB,2025,14,0,0,0.0,0,,0,4,4,43,0.1739,0.1383,26,26,24.9,8.17,24.9
00-0038124,Christian Watson,WR,GB,2025,15,0,0,0.0,0,,0,5,3,133,0.1389,0.2942,20,19,5.9,10.99,5.9
00-0038124,Christian Watson,WR,GB,2025,16,0,0,0.0,0,,0,6,2,50,0.25,0.3012,44,29,3.7,15.8,3.7
00-0038124,Christian Watson,WR,GB,2025,17,0,0,0.0,0,,0,6,5,93,0.24,0.3196,17,10,22.3,9.17,22.3
00-0038128,Malik Willis,QB,GB,2025,11,2,2,2.072,0,39.997,1,0,0,0.0,0.0,0.0,23,20,5.8,3.58,5.84
00-0038128,Malik Willis,QB,GB,2025,12,1,1,0.37,0,18.287,2,0,0,0.0,0.0,0.0,42,39,0.6,0.35,0.58
00-0038128,Malik Willis,QB,GB,2025,16,11,9,7.545,2,20.277,10,0,0,0.0,0.0,0.0,44,29,13.2,14.39,13.24
00-0038128,Malik Willis,QB,GB,2025,17,21,18,18.097,1,21.34,9,0,0,0.0,0.0,0.0,17,10,31.5,15.67,31.52
00-0038129,Cade Otton,TE,TB,2025,1,0,0,0.0,0,,0,3,0,37,0.1,0.1108,23,22,0.0,4.41,0.0
00-0038129,Cade Otton,TE,TB,2025,2,0,0,0.0,0,,0,4,3,16,0.1111,0.0526,30,35,5.5,6.57,5.5
00-0038129,Cade Otton,TE,TB,2025,4,0,0,0.0,0,,0,4,3,15,0.1026,0.047,26,30,3.9,5.59,3.9
00-0038129,Cade Otton,TE,TB,2025,5,0,0,0.0,0,,0,5,4,44,0.1562,0.1712,24,24,12.1,8.65,12.1
00-0038129,Cade Otton,TE,TB,2025,6,0,0,0.0,0,,0,6,5,25,0.2609,0.1046,26,26,10.1,8.81,10.1
00-0038129,Cade Otton,TE,TB,2025,7,0,0,0.0,0,,0,9,7,50,0.18,0.1046,12,16,13.5,14.71,13.5
00-0038129,Cade Otton,TE,TB,2025,8,0,0,0.0,0,,0,5,4,23,0.2083,0.142,29,31,8.0,7.74,8.0
00-0038129,Cade Otton,TE,TB,2025,10,0,0,0.0,0,,0,12,9,48,0.2791,0.1702,21,25,17.2,18.74,17.2
00-0038129,Cade Otton,TE,TB,2025,11,0,0,0.0,0,,0,5,2,35,0.1852,0.1786,39,33,4.8,9.47,4.8
00-0038129,Cade Otton,TE,TB,2025,12,0,0,0.0,0,,0,7,4,24,0.2258,0.0956,29,24,6.1,10.15,6.1
00-0038129,Cade Otton,TE,TB,2025,13,0,0,0.0,0,,0,2,2,5,0.0769,0.024,27,26,2.9,3.06,2.9
00-0038129,Cade Otton,TE,TB,2025,14,0,0,0.0,0,,0,4,3,25,0.1429,0.1087,39,36,4.9,6.56,4.9
00-0038129,Cade Otton,TE,TB,2025,16,0,0,0.0,0,,0,2,2,8,0.08,0.053,33,30,3.5,2.97,3.5
00-0038129,Cade Otton,TE,TB,2025,17,0,0,0.0,0,,0,4,4,17,0.0909,0.0472,16,20,7.3,5.88,7.3
00-0038129,Cade Otton,TE,TB,2025,18,0,0,0.0,0,,0,9,7,47,0.4091,0.331,42,40,22.4,15.39,22.4
00-0038134,Kenneth Walker III,RB,SEA,2025,1,0,0,0.0,0,,10,3,3,-9,0.1364,-0.0457,26,25,5.4,9.12,5.4
00-0038134,Kenneth Walker III,RB,SEA,2025,2,0,0,0.0,0,,13,1,1,0.0,0.0333,0.0,29,29,18.8,7.3,18.8
00-0038134,Kenneth Walker III,RB,SEA,2025,3,0,0,0.0,0,,16,1,1,2,0.05,0.0118,33,34,18.0,15.35,18.0
00-0038134,Kenneth Walker III,RB,SEA,2025,4,0,0,0.0,0,,19,2,1,-2,0.0833,-0.0084,35,34,12.0,13.38,12.0
00-0038134,Kenneth Walker III,RB,SEA,2025,5,0,0,0.0,0,,10,1,1,0.0,0.0294,0.0,20,21,9.6,8.16,9.6
00-0038134,Kenneth Walker III,RB,SEA,2025,6,0,0,0.0,0,,10,1,1,3,0.0417,0.0083,26,24,4.7,6.66,4.7
00-0038134,Kenneth Walker III,RB,SEA,2025,7,0,0,0.0,0,,17,0,0,0.0,0.0,0.0,33,31,6.6,9.66,6.6
00-0038134,Kenneth Walker III,RB,SEA,2025,9,0,0,0.0,0,,11,2,2,2,0.0833,0.0097,24,25,8.1,12.21,8.1
00-0038134,Kenneth Walker III,RB,SEA,2025,10,0,0,0.0,0,,14,1,1,-2,0.0833,-0.0156,46,36,8.0,11.78,8.0
00-0038134,Kenneth Walker III,RB,SEA,2025,11,0,0,0.0,0,,16,3,3,8,0.0714,0.0234,35,34,20.1,15.04,20.1
00-0038134,Kenneth Walker III,RB,SEA,2025,12,0,0,0.0,0,,11,4,3,-9,0.16,-0.0367,20,20,13.1,16.6,13.1
00-0038134,Kenneth Walker III,RB,SEA,2025,13,0,0,0.0,0,,13,4,3,-12,0.1739,-0.129,32,33,10.4,13.39,10.4
00-0038134,Kenneth Walker III,RB,SEA,2025,14,0,0,0.0,0,,10,3,1,11,0.1,0.0431,26,20,3.8,12.54,3.8
00-0038134,Kenneth Walker III,RB,SEA,2025,15,0,0,0.0,0,,9,1,1,0.0,0.0303,0.0,22,18,2.9,6.04,2.9
00-0038134,Kenneth Walker III,RB,SEA,2025,16,0,0,0.0,0,,11,3,3,-11,0.0968,-0.0545,25,27,25.4,10.01,25.4
00-0038134,Kenneth Walker III,RB,SEA,2025,17,0,0,0.0,0,,15,2,2,-8,0.0769,-0.0567,36,37,7.7,11.58,7.7
00-0038134,Kenneth Walker III,RB,SEA,2025,18,0,0,0.0,0,,16,4,4,-14,0.1538,-0.1111,39,40,17.3,14.2,17.3
00-0038359,Xavier Smith,WR,LA,2025,1,0,0,0.0,0,,0,1,1,36,0.0357,0.1593,25,21,4.6,2.38,4.6
00-0038359,Xavier Smith,WR,LA,2025,7,0,0,0.0,0,,0,3,2,54,0.0909,0.1488,29,27,3.5,5.54,3.5
00-0038359,Xavier Smith,WR,LA,2025,9,0,0,0.0,0,,0,3,2,53,0.0968,0.1661,43,38,3.2,5.8,3.2
00-0038359,Xavier Smith,WR,LA,2025,10,0,0,0.0,0,,0,1,1,-4,0.0294,-0.012,30,29,2.4,1.62,2.4
00-0038359,Xavier Smith,WR,LA,2025,11,0,0,0.0,0,,0,2,1,13,0.0741,0.089,22,22,1.8,3.09,1.8
00-0038359,Xavier Smith,WR,LA,2025,13,0,0,0.0,0,,0,3,3,50,0.1111,0.2262,21,20,11.2,5.49,11.2
00-0038359,Xavier Smith,WR,LA,2025,14,0,0,0.0,0,,0,1,1,6,0.0323,0.0269,36,36,1.6,1.61,1.6
00-0038359,Xavier Smith,WR,LA,2025,16,0,0,0.0,0,,0,2,2,50,0.0417,0.1048,39,41,7.7,3.66,7.7
00-0038359,Xavier Smith,WR,LA,2025,17,0,0,0.0,0,,0,6,4,110,0.1667,0.2144,20,23,10.7,10.35,10.7
00-0038359,Xavier Smith,WR,LA,2025,18,0,0,0.0,0,,0,2,1,37,0.0541,0.1031,31,29,1.6,4.32,1.6
00-0038393,Dontayvion Wicks,WR,GB,2025,1,0,0,0.0,0,,0,2,2,27,0.0909,0.1067,25,23,5.0,3.9,5.0
00-0038393,Dontayvion Wicks,WR,GB,2025,2,0,0,0.0,0,,0,6,4,124,0.2222,0.3039,30,26,8.4,15.7,8.4
00-0038393,Dontayvion Wicks,WR,GB,2025,3,0,0,0.0,0,,0,4,2,23,0.16,0.4792,31,27,4.1,6.0,4.1
00-0038393,Dontayvion Wicks,WR,GB,2025,4,0,0,0.0,0,,0,4,2,67,0.1111,0.2627,35,38,3.9,6.4,3.9
00-0038393,Dontayvion Wicks,WR,GB,2025,6,0,0,0.0,0,,0,2,2,11,0.0769,0.0447,33,28,3.5,2.92,3.5
00-0038393,Dontayvion Wicks,WR,GB,2025,7,0,0,0.0,0,,0,2,1,16,0.0714,0.0842,23,21,1.5,3.62,1.5
00-0038393,Dontayvion Wicks,WR,GB,2025,10,0,0,0.0,0,,0,8,4,65,0.2424,0.2138,27,28,7.8,11.35,7.8
00-0038393,Dontayvion Wicks,WR,GB,2025,11,0,0,0.0,0,,0,2,1,10,0.08,0.0341,23,20,1.9,2.84,1.9
00-0038393,Dontayvion Wicks,WR,GB,2025,12,0,0,0.0,0,,0,4,2,52,0.1905,0.2938,42,39,5.2,5.6,5.2
00-0038393,Dontayvion Wicks,WR,GB,2025,13,0,0,0.0,0,,1,7,6,85,0.2414,0.2478,30,24,28.0,16.54,28.0
00-0038393,Dontayvion Wicks,WR,GB,2025,15,0,0,0.0,0,,0,2,1,22,0.0556,0.0487,20,19,1.6,3.02,1.6
00-0038393,Dontayvion Wicks,WR,GB,2025,16,0,0,0.0,0,,0,2,2,9,0.0833,0.0542,44,29,3.2,2.75,3.2
00-0038393,Dontayvion Wicks,WR,GB,2025,17,0,0,0.0,0,,0,1,1,6,0.04,0.0206,17,10,1.7,1.52,1.7
00-0038394,Will Mallory,TE,IND,2025,17,0,0,0.0,0,,0,1,1,16,0.0345,0.0556,22,25,2.6,2.16,2.6
00-0038397,Evan Hull,RB,NO,2025,13,0,0,0.0,0,,5,0,0,0.0,0.0,0.0,27,22,1.5,2.22,1.5
00-0038397,Evan Hull,RB,NO,2025,14,0,0,0.0,0,,1,1,1,-4,0.05,-0.0253,32,25,2.0,1.76,2.0
00-0038397,Evan Hull,RB,NO,2025,15,0,0,0.0,0,,4,0,0,0.0,0.0,0.0,25,18,1.2,2.25,1.2
00-0038397,Evan Hull,RB,NO,2025,16,0,0,0.0,0,,5,0,0,0.0,0.0,0.0,25,13,0.3,2.71,0.3
00-0038397,Evan Hull,RB,NO,2025,17,0,0,0.0,0,,2,0,0,0.0,0.0,0.0,23,17,0.3,0.91,0.3
00-0038397,Evan Hull,RB,NO,2025,18,0,0,0.0,0,,2,0,0,0.0,0.0,0.0,26,28,1.1,0.93,1.1
00-0038400,Tanner McKee,QB,PHI,2025,8,0,0,0.0,0,,3,0,0,0.0,0.0,0.0,33,30,-0.2,-0.3,-0.2
00-0038400,Tanner McKee,QB,PHI,2025,15,3,3,3.695,0,32.531,1,0,0,0.0,0.0,0.0,47,41,2.2,1.9,2.22
00-0038400,Tanner McKee,QB,PHI,2025,16,0,0,0.0,0,,2,0,0,0.0,0.0,0.0,34,26,-0.2,-0.2,-0.2
00-0038400,Tanner McKee,QB,PHI,2025,18,40,21,-6.157,3,-1.391,2,0,0,0.0,0.0,0.0,19,21,11.9,20.43,11.94
00-0038416,Tyson Bagent,QB,CHI,2025,2,3,2,0.896,0,-0.551,2,0,0,0.0,0.0,0.0,27,23,1.8,1.67,1.78
00-0038416,Tyson Bagent,QB,CHI,2025,9,1,1,1.409,0,39.927,0,0,0,0.0,0.0,0.0,37,34,0.8,0.14,0.8
00-0038440,Zavier Scott,RB,MIN,2025,3,0,0,0.0,0,,8,1,1,-6,0.0417,-0.0319,31,30,6.0,6.03,6.0
00-0038440,Zavier Scott,RB,MIN,2025,4,0,0,0.0,0,,2,8,6,46,0.1905,0.1373,20,27,16.4,12.54,16.4
00-0038440,Zavier Scott,RB,MIN,2025,5,0,0,0.0,0,,5,0,0,0.0,0.0,0.0,23,21,-0.2,2.24,-0.2
00-0038440,Zavier Scott,RB,MIN,2025,7,0,0,0.0,0,,4,1,1,0.0,0.025,0.0,23,20,1.6,4.35,1.6
00-0038440,Zavier Scott,RB,MIN,2025,8,0,0,0.0,0,,2,2,2,-10,0.0667,-0.0926,11,16,4.4,4.01,4.4
00-0038440,Zavier Scott,RB,MIN,2025,13,0,0,0.0,0,,3,1,1,-2,0.0345,-0.012,16,21,3.1,2.72,3.1
00-0038440,Zavier Scott,RB,MIN,2025,14,0,0,0.0,0,,3,1,1,-6,0.0435,-0.0392,34,29,3.0,2.72,3.0
00-0038440,Zavier Scott,RB,MIN,2025,16,0,0,0.0,0,,2,1,1,-5,0.0435,-0.04,31,29,2.2,2.35,2.2
00-0038440,Zavier Scott,RB,MIN,2025,18,0,0,0.0,0,,3,1,1,0.0,0.0333,0.0,31,31,2.7,4.32,2.7
00-0038454,Keaton Mitchell,RB,BAL,2025,5,0,0,0.0,0,,3,1,1,-5,0.05,-0.0307,19,21,2.3,3.05,2.3
00-0038454,Keaton Mitchell,RB,BAL,2025,8,0,0,0.0,0,,4,0,0,0.0,0.0,0.0,35,26,4.3,2.47,4.3
00-0038454,Keaton Mitchell,RB,BAL,2025,9,0,0,0.0,0,,4,1,1,0.0,0.0435,0.0,31,28,2.8,4.75,2.8
00-0038454,Keaton Mitchell,RB,BAL,2025,10,0,0,0.0,0,,4,0,0,0.0,0.0,0.0,36,30,3.1,2.71,3.1
00-0038454,Keaton Mitchell,RB,BAL,2025,11,0,0,0.0,0,,6,3,2,-6,0.12,-0.0302,30,29,7.4,7.78,7.4
00-0038454,Keaton Mitchell,RB,BAL,2025,12,0,0,0.0,0,,2,1,1,1,0.05,0.0045,34,26,2.9,2.75,2.9
00-0038454,Keaton Mitchell,RB,BAL,2025,13,0,0,0.0,0,,2,3,2,-7,0.1,-0.0184,22,19,11.1,5.46,11.1
00-0038454,Keaton Mitchell,RB,BAL,2025,14,0,0,0.0,0,,6,0,0,0.0,0.0,0.0,40,35,7.6,3.14,7.6
00-0038454,Keaton Mitchell,RB,BAL,2025,15,0,0,0.0,0,,8,1,0,-4,0.0833,-0.031,24,21,6.6,5.9,6.6
00-0038454,Keaton Mitchell,RB,BAL,2025,16,0,0,0.0,0,,9,0,0,0.0,0.0,0.0,33,29,1.3,5.04,1.3
00-0038454,Keaton Mitchell,RB,BAL,2025,17,0,0,0.0,0,,9,2,2,-7,0.1,-0.0875,53,49,5.8,8.79,5.8
00-0038454,Keaton Mitchell,RB,BAL,2025,18,0,0,0.0,0,,2,0,0,0.0,0.0,0.0,27,24,0.2,1.22,0.2
00-0038458,Owen Wright,RB,TB,2025,12,0,0,0.0,0,,3,0,0,0.0,0.0,0.0,29,24,0.6,1.67,0.6
00-0038465,Malik Heath,WR,GB,2025,2,0,0,0.0,0,,0,1,1,37,0.037,0.0907,30,26,4.7,2.1,4.7
00-0038465,Malik Heath,WR,GB,2025,4,0,0,0.0,0,,0,1,1,8,0.0278,0.0314,35,38,1.9,1.03,1.9
00-0038465,Malik Heath,WR,GB,2025,8,0,0,0.0,0,,0,3,3,7,0.0857,0.0361,26,30,5.9,4.21,5.9
00-0038465,Malik Heath,WR,GB,2025,9,0,0,0.0,0,,0,1,1,5,0.0286,0.0154,25,30,2.1,1.23,2.1
00-0038465,Malik Heath,WR,GB,2025,13,0,0,0.0,0,,0,1,0,8,0.0345,0.0233,30,24,0.0,1.21,0.0
00-0038488,Brady Russell,RB,SEA,2025,15,0,0,0.0,0,,0,1,0,0.0,0.0303,0.0,22,18,0.0,1.39,0.0
00-0038492,Jason Brownlee,WR,KC,2025,1,0,0,0.0,0,,0,1,0,9,0.0263,0.0332,17,14,0.0,2.48,0.0
00-0038496,Xavier Gipson,WR,PHI,2025,8,0,0,0.0,0,,0,1,1,-5,0.05,-0.034,33,30,1.3,1.34,1.3
00-0038496,Xavier Gipson,WR,PHI,2025,12,0,0,0.0,0,,0,1,1,-4,0.0278,-0.0137,18,18,1.3,1.6,1.3
00-0038519,Nikko Remigio,WR,KC,2025,2,0,0,0.0,0,,0,1,1,18,0.0345,0.0583,26,21,3.1,1.59,3.1
00-0038519,Nikko Remigio,WR,KC,2025,3,0,0,0.0,0,,1,0,0,0.0,0.0,0.0,28,24,1.1,0.77,1.1
00-0038542,Bijan Robinson,RB,ATL,2025,1,0,0,0.0,0,,12,7,6,-9,0.1667,-0.0312,28,28,24.4,20.01,24.4
00-0038542,Bijan Robinson,RB,ATL,2025,2,0,0,0.0,0,,22,5,3,7,0.2381,0.053,39,42,19.8,20.03,19.8
00-0038542,Bijan Robinson,RB,ATL,2025,3,0,0,0.0,0,,13,6,5,-4,0.1463,-0.0131,23,27,16.1,14.72,16.1
00-0038542,Bijan Robinson,RB,ATL,2025,4,0,0,0.0,0,,17,5,4,32,0.1923,0.1168,37,37,28.1,17.83,28.1
00-0038542,Bijan Robinson,RB,ATL,2025,6,0,0,0.0,0,,19,8,6,23,0.2581,0.0991,32,36,35.8,22.19,35.8
00-0038542,Bijan Robinson,RB,ATL,2025,7,0,0,0.0,0,,14,8,6,3,0.2222,0.0084,20,24,21.2,19.06,21.2
00-0038542,Bijan Robinson,RB,ATL,2025,8,0,0,0.0,0,,9,3,3,-4,0.1,-0.014,17,20,5.8,9.01,5.8
00-0038542,Bijan Robinson,RB,ATL,2025,9,0,0,0.0,0,,12,10,8,29,0.2941,0.0954,16,22,17.6,19.72,17.6
00-0038542,Bijan Robinson,RB,ATL,2025,10,0,0,0.0,0,,17,2,2,4,0.08,0.0139,29,30,10.8,11.0,10.8
00-0038542,Bijan Robinson,RB,ATL,2025,11,0,0,0.0,0,,23,5,4,7,0.1724,0.0275,28,32,30.3,28.82,30.3
00-0038542,Bijan Robinson,RB,ATL,2025,12,0,0,0.0,0,,14,2,2,-10,0.1,-0.0592,29,29,14.7,11.25,14.7
00-0038542,Bijan Robinson,RB,ATL,2025,13,0,0,0.0,0,,23,7,5,-6,0.2258,-0.039,32,38,30.3,25.58,30.3
00-0038542,Bijan Robinson,RB,ATL,2025,14,0,0,0.0,0,,20,2,2,1,0.0714,0.0049,31,35,9.4,12.54,9.4
00-0038542,Bijan Robinson,RB,ATL,2025,15,0,0,0.0,0,,19,11,8,32,0.2683,0.095,21,29,29.5,26.32,29.5
00-0038542,Bijan Robinson,RB,ATL,2025,16,0,0,0.0,0,,16,11,7,1,0.3235,0.0051,37,40,29.8,29.12,29.8
00-0038542,Bijan Robinson,RB,ATL,2025,17,0,0,0.0,0,,22,8,5,12,0.4,0.0719,33,37,39.9,27.36,39.9
00-0038542,Bijan Robinson,RB,ATL,2025,18,0,0,0.0,0,,15,3,3,-17,0.1,-0.0769,25,26,7.3,13.03,7.3
00-0038543,Jaxon Smith-Njigba,WR,SEA,2025,1,0,0,0.0,0,,0,13,9,178,0.5909,0.9036,26,25,19.4,20.96,19.4
00-0038543,Jaxon Smith-Njigba,WR,SEA,2025,2,0,0,0.0,0,,0,10,8,103,0.3333,0.3887,29,29,18.3,14.64,18.3
00-0038543,Jaxon Smith-Njigba,WR,SEA,2025,3,0,0,0.0,0,,0,6,5,87,0.3,0.5118,33,34,20.6,13.26,20.6
00-0038543,Jaxon Smith-Njigba,WR,SEA,2025,4,0,0,0.0,0,,3,5,4,78,0.2083,0.3291,35,34,13.0,10.53,13.0
00-0038543,Jaxon Smith-Njigba,WR,SEA,2025,5,0,0,0.0,0,,0,9,8,106,0.2647,0.3855,20,21,27.2,16.54,27.2
00-0038543,Jaxon Smith-Njigba,WR,SEA,2025,6,0,0,0.0,0,,0,13,8,176,0.5417,0.4875,26,24,30.2,23.02,30.2
00-0038543,Jaxon Smith-Njigba,WR,SEA,2025,7,0,0,0.0,0,,0,14,8,167,0.4828,0.5964,33,31,26.3,23.99,26.3
00-0038543,Jaxon Smith-Njigba,WR,SEA,2025,9,0,0,0.0,0,,1,9,8,94,0.375,0.4541,24,25,22.0,16.51,22.0
00-0038543,Jaxon Smith-Njigba,WR,SEA,2025,10,0,0,0.0,0,,0,6,5,102,0.5,0.7969,46,36,20.3,13.32,20.3
00-0038543,Jaxon Smith-Njigba,WR,SEA,2025,11,0,0,0.0,0,,1,12,9,117,0.2857,0.3421,35,34,20.6,21.47,20.6
00-0038543,Jaxon Smith-Njigba,WR,SEA,2025,12,0,0,0.0,0,,1,10,8,138,0.4,0.5633,20,20,37.1,21.6,37.1
00-0038543,Jaxon Smith-Njigba,WR,SEA,2025,13,0,0,0.0,0,,0,4,2,7,0.1739,0.0753,32,33,4.3,5.86,4.3
00-0038543,Jaxon Smith-Njigba,WR,SEA,2025,14,0,0,0.0,0,,1,10,7,106,0.3333,0.4157,26,20,28.1,22.37,28.1
00-0038543,Jaxon Smith-Njigba,WR,SEA,2025,15,0,0,0.0,0,,0,9,7,67,0.2727,0.278,22,18,18.3,13.89,18.3
00-0038543,Jaxon Smith-Njigba,WR,SEA,2025,16,0,0,0.0,0,,0,13,8,112,0.4194,0.5545,25,27,23.6,23.62,23.6
00-0038543,Jaxon Smith-Njigba,WR,SEA,2025,17,0,0,0.0,0,,0,12,9,93,0.4615,0.6596,36,37,16.2,20.0,16.2
00-0038543,Jaxon Smith-Njigba,WR,SEA,2025,18,0,0,0.0,0,,0,8,6,102,0.3077,0.8095,39,40,14.4,15.53,14.4
00-0038544,Quentin Johnston,WR,LAC,2025,1,0,0,0.0,0,,0,7,5,87,0.2059,0.2544,25,19,24.9,17.07,24.9
00-0038544,Quentin Johnston,WR,LAC,2025,2,0,0,0.0,0,,1,7,3,115,0.2593,0.4713,26,19,15.9,13.43,15.9
00-0038544,Quentin Johnston,WR,LAC,2025,3,0,0,0.0,0,,0,9,6,113,0.2,0.2634,28,31,14.9,18.39,14.9
00-0038544,Quentin Johnston,WR,LAC,2025,4,0,0,0.0,0,,0,13,8,143,0.3421,0.5396,13,17,23.8,19.13,23.8
00-0038544,Quentin Johnston,WR,LAC,2025,5,0,0,0.0,0,,1,4,4,25,0.125,0.1969,27,29,6.9,7.64,6.9
00-0038544,Quentin Johnston,WR,LAC,2025,7,0,0,0.0,0,,0,6,2,61,0.1111,0.1353,16,16,11.0,12.42,11.0
00-0038544,Quentin Johnston,WR,LAC,2025,9,0,0,0.0,0,,0,6,4,59,0.2143,0.1897,30,21,15.3,12.77,15.3
00-0038544,Quentin Johnston,WR,LAC,2025,10,0,0,0.0,0,,0,10,5,34,0.303,0.2179,31,27,9.2,15.57,9.2
00-0038544,Quentin Johnston,WR,LAC,2025,11,0,0,0.0,0,,0,3,0,40,0.125,0.2174,16,13,0.0,5.09,0.0
00-0038544,Quentin Johnston,WR,LAC,2025,13,0,0,0.0,0,,0,3,3,18,0.1429,0.0905,43,37,11.3,5.14,11.3
00-0038544,Quentin Johnston,WR,LAC,2025,14,0,0,0.0,0,,0,3,2,9,0.1304,0.0333,38,30,2.8,4.53,2.8
00-0038544,Quentin Johnston,WR,LAC,2025,16,0,0,0.0,0,,0,5,4,120,0.1786,0.4461,33,26,20.4,11.97,20.4
00-0038544,Quentin Johnston,WR,LAC,2025,17,0,0,0.0,0,,0,8,5,165,0.2581,0.5893,22,23,14.8,12.42,14.8
00-0038547,Luke Schoonmaker,TE,DAL,2025,1,0,0,0.0,0,,0,1,0,22,0.0303,0.0669,22,22,0.0,1.66,0.0
00-0038547,Luke Schoonmaker,TE,DAL,2025,2,0,0,0.0,0,,0,2,0,17,0.0385,0.0486,28,31,0.0,3.39,0.0
00-0038547,Luke Schoonmaker,TE,DAL,2025,3,0,0,0.0,0,,0,1,1,5,0.0227,0.0187,20,27,1.5,1.55,1.5
00-0038547,Luke Schoonmaker,TE,DAL,2025,4,0,0,0.0,0,,0,2,2,4,0.0526,0.0122,26,28,2.8,3.11,2.8
00-0038547,Luke Schoonmaker,TE,DAL,2025,5,0,0,0.0,0,,0,2,1,26,0.0714,0.1121,29,22,1.3,3.55,1.3
00-0038547,Luke Schoonmaker,TE,DAL,2025,6,0,0,0.0,0,,0,2,1,22,0.0588,0.1164,19,23,1.8,4.84,1.8
00-0038547,Luke Schoonmaker,TE,DAL,2025,8,0,0,0.0,0,,0,3,2,9,0.0857,0.0344,31,25,4.5,4.12,4.5
00-0038547,Luke Schoonmaker,TE,DAL,2025,9,0,0,0.0,0,,0,2,1,8,0.0556,0.02,21,17,2.4,3.27,2.4
00-0038547,Luke Schoonmaker,TE,DAL,2025,12,0,0,0.0,0,,0,1,0,24,0.0286,0.0656,31,26,0.0,1.75,0.0
00-0038547,Luke Schoonmaker,TE,DAL,2025,13,0,0,0.0,0,,0,1,1,-1,0.027,-0.0039,26,23,1.1,1.64,1.1
00-0038547,Luke Schoonmaker,TE,DAL,2025,14,0,0,0.0,0,,0,2,1,17,0.0426,0.0342,24,22,2.2,2.53,2.2
00-0038547,Luke Schoonmaker,TE,DAL,2025,15,0,0,0.0,0,,0,1,1,6,0.0286,0.0217,29,30,3.9,1.16,3.9
00-0038547,Luke Schoonmaker,TE,DAL,2025,17,0,0,0.0,0,,0,2,2,5,0.0556,0.0131,44,41,3.5,2.89,3.5
00-0038547,Luke Schoonmaker,TE,DAL,2025,18,0,0,0.0,0,,0,1,1,1,0.0435,0.0056,30,26,2.2,1.08,2.2
00-0038551,Kendre Miller,RB,NO,2025,1,0,0,0.0,0,,5,0,0,0.0,0.0,0.0,22,20,2.4,2.23,2.4
00-0038551,Kendre Miller,RB,NO,2025,2,0,0,0.0,0,,5,1,1,2,0.0294,0.008,30,33,2.0,4.16,2.0
00-0038551,Kendre Miller,RB,NO,2025,3,0,0,0.0,0,,7,2,2,-9,0.0488,-0.0259,27,28,5.6,5.96,5.6
00-0038551,Kendre Miller,RB,NO,2025,4,0,0,0.0,0,,11,0,0,0.0,0.0,0.0,34,30,12.5,5.06,12.5
00-0038551,Kendre Miller,RB,NO,2025,5,0,0,0.0,0,,10,1,1,-1,0.0323,-0.0042,30,23,5.9,6.5,5.9
00-0038551,Kendre Miller,RB,NO,2025,6,0,0,0.0,0,,8,1,1,3,0.0385,0.0136,23,24,4.2,5.15,4.2
00-0038551,Kendre Miller,RB,NO,2025,7,0,0,0.0,0,,1,0,0,0.0,0.0,0.0,17,16,0.7,0.49,0.7
00-0038555,Tank Bigsby,RB,JAX,2025,1,0,0,0.0,0,,5,0,0,0.0,0.0,0.0,32,29,1.2,2.66,1.2
00-0038555,Tank Bigsby,RB,PHI,2025,7,0,0,0.0,0,,1,1,1,-7,0.0435,-0.0246,23,22,2.0,1.8,2.0
00-0038555,Tank Bigsby,RB,PHI,2025,8,0,0,0.0,0,,9,0,0,0.0,0.0,0.0,33,30,10.4,4.81,10.4
00-0038555,Tank Bigsby,RB,PHI,2025,10,0,0,0.0,0,,3,0,0,0.0,0.0,0.0,34,34,0.7,1.6,0.7
00-0038555,Tank Bigsby,RB,PHI,2025,11,0,0,0.0,0,,4,0,0,0.0,0.0,0.0,40,31,3.4,2.06,3.4
00-0038555,Tank Bigsby,RB,PHI,2025,12,0,0,0.0,0,,1,0,0,0.0,0.0,0.0,18,18,0.8,0.54,0.8
00-0038555,Tank Bigsby,RB,PHI,2025,14,0,0,0.0,0,,1,0,0,0.0,0.0,0.0,25,22,0.4,0.44,0.4
00-0038555,Tank Bigsby,RB,PHI,2025,15,0,0,0.0,0,,17,1,0,1,0.0556,0.0076,47,41,5.7,18.4,5.7
00-0038555,Tank Bigsby,RB,PHI,2025,16,0,0,0.0,0,,4,0,0,0.0,0.0,0.0,34,26,9.7,2.16,9.7
00-0038555,Tank Bigsby,RB,PHI,2025,17,0,0,0.0,0,,2,1,1,-1,0.0455,-0.0039,26,24,1.9,2.87,1.9
00-0038555,Tank Bigsby,RB,PHI,2025,18,0,0,0.0,0,,16,1,1,1,0.0294,0.0026,19,21,17.6,16.42,17.6
00-0038558,Darnell Washington,TE,PIT,2025,2,0,0,0.0,0,,0,1,0,14,0.0323,0.0753,21,27,2.0,3.35,2.0
00-0038558,Darnell Washington,TE,PIT,2025,4,0,0,0.0,0,,0,3,3,10,0.1364,0.137,29,31,5.0,4.77,5.0
00-0038558,Darnell Washington,TE,PIT,2025,6,0,0,0.0,0,,0,5,3,41,0.1724,0.1839,28,31,9.2,7.81,9.2
00-0038558,Darnell Washington,TE,PIT,2025,7,0,0,0.0,0,,0,5,3,32,0.1515,0.1036,20,25,9.2,10.98,9.2
00-0038558,Darnell Washington,TE,PIT,2025,9,0,0,0.0,0,,0,6,4,38,0.1714,0.3689,23,27,8.3,15.2,8.3
00-0038558,Darnell Washington,TE,PIT,2025,10,0,0,0.0,0,,0,1,1,13,0.0357,0.0518,16,20,2.5,1.98,2.5
00-0038558,Darnell Washington,TE,PIT,2025,11,0,0,0.0,0,,0,5,4,14,0.1724,0.1053,28,33,10.7,7.21,10.7
00-0038558,Darnell Washington,TE,PIT,2025,12,0,0,0.0,0,,0,2,2,8,0.0645,0.0408,36,34,4.2,3.06,4.2
00-0038558,Darnell Washington,TE,PIT,2025,13,0,0,0.0,0,,0,4,2,47,0.1818,0.3884,18,21,6.5,6.74,6.5
00-0038558,Darnell Washington,TE,PIT,2025,14,0,0,0.0,0,,0,1,1,4,0.0303,0.0189,17,23,2.2,1.06,2.2
00-0038558,Darnell Washington,TE,PIT,2025,15,0,0,0.0,0,,0,4,3,0.0,0.1481,0.0,32,37,5.5,5.37,5.5
00-0038558,Darnell Washington,TE,PIT,2025,16,0,0,0.0,0,,0,4,3,17,0.1053,0.0507,27,30,4.6,7.38,4.6
00-0038558,Darnell Washington,TE,PIT,2025,17,0,0,0.0,0,,0,2,2,4,0.0541,0.0175,24,22,3.5,2.46,3.5
00-0038559,Michael Wilson,WR,ARI,2025,1,0,0,0.0,0,,0,4,1,62,0.1379,0.3735,27,25,1.5,7.82,1.5
00-0038559,Michael Wilson,WR,ARI,2025,2,0,0,0.0,0,,0,2,1,43,0.08,0.2687,22,19,8.1,4.51,8.1
00-0038559,Michael Wilson,WR,ARI,2025,3,0,0,0.0,0,,0,2,1,17,0.0588,0.096,28,27,1.5,3.04,1.5
00-0038559,Michael Wilson,WR,ARI,2025,4,0,0,0.0,0,,0,6,3,45,0.15,0.1891,17,18,4.5,9.0,4.5
00-0038559,Michael Wilson,WR,ARI,2025,5,0,0,0.0,0,,0,4,2,45,0.1333,0.2153,29,31,3.6,7.07,3.6
00-0038559,Michael Wilson,WR,ARI,2025,6,0,0,0.0,0,,0,5,4,42,0.1282,0.1074,24,24,8.4,9.58,8.4
00-0038559,Michael Wilson,WR,ARI,2025,7,0,0,0.0,0,,0,4,3,35,0.1176,0.1122,28,27,7.0,5.94,7.0
00-0038559,Michael Wilson,WR,ARI,2025,9,0,0,0.0,0,,0,4,3,49,0.1379,0.1976,29,26,9.1,7.49,9.1
00-0038559,Michael Wilson,WR,ARI,2025,10,0,0,0.0,0,,0,7,4,36,0.1591,0.1094,23,21,7.4,11.54,7.4
00-0038559,Michael Wilson,WR,ARI,2025,11,0,0,0.0,0,,0,18,15,240,0.3214,0.6186,14,23,33.5,28.72,33.5
00-0038559,Michael Wilson,WR,ARI,2025,12,0,0,0.0,0,,0,15,10,153,0.3261,0.4016,20,22,21.8,24.43,21.8
00-0038559,Michael Wilson,WR,ARI,2025,13,0,0,0.0,0,,0,7,3,91,0.1892,0.3149,19,24,6.6,12.7,6.6
00-0038559,Michael Wilson,WR,ARI,2025,14,0,0,0.0,0,,0,16,11,193,0.3636,0.5483,14,15,37.2,28.88,37.2
00-0038559,Michael Wilson,WR,ARI,2025,15,0,0,0.0,0,,0,11,5,151,0.2895,0.5898,21,24,16.4,20.0,16.4
00-0038559,Michael Wilson,WR,ARI,2025,16,0,0,0.0,0,,0,3,2,53,0.1034,0.2325,23,22,13.2,5.66,13.2
00-0038559,Michael Wilson,WR,ARI,2025,17,0,0,0.0,0,,0,10,5,100,0.2857,0.3509,13,17,19.9,14.42,19.9
00-0038559,Michael Wilson,WR,ARI,2025,18,0,0,0.0,0,,0,8,5,147,0.2857,0.5857,15,18,20.9,15.53,20.9
00-0038563,Tre Tucker,WR,LV,2025,1,0,0,0.0,0,,0,3,2,63,0.0909,0.18,24,24,13.4,6.52,13.4
00-0038563,Tre Tucker,WR,LV,2025,2,0,0,0.0,0,,1,8,3,60,0.186,0.2062,19,20,4.9,13.96,4.9
00-0038563,Tre Tucker,WR,LV,2025,3,0,0,0.0,0,,1,9,8,127,0.3333,0.4164,28,26,40.9,17.28,40.9
00-0038563,Tre Tucker,WR,LV,2025,4,0,0,0.0,0,,2,2,2,-2,0.1,-0.0206,31,28,4.2,4.44,4.2
00-0038563,Tre Tucker,WR,LV,2025,5,0,0,0.0,0,,1,6,4,77,0.1667,0.3156,25,26,11.1,11.37,11.1
00-0038563,Tre Tucker,WR,LV,2025,6,0,0,0.0,0,,0,5,5,13,0.2174,0.2241,32,30,12.0,8.17,12.0
00-0038563,Tre Tucker,WR,LV,2025,7,0,0,0.0,0,,0,6,5,11,0.3529,0.2157,11,11,8.3,8.18,8.3
00-0038563,Tre Tucker,WR,LV,2025,9,0,0,0.0,0,,0,4,3,22,0.1053,0.1358,19,19,6.8,6.0,6.8
00-0038563,Tre Tucker,WR,LV,2025,10,0,0,0.0,0,,1,3,2,28,0.12,0.459,25,24,5.5,4.97,5.5
00-0038563,Tre Tucker,WR,LV,2025,11,0,0,0.0,0,,0,8,4,69,0.2051,0.3136,12,16,14.7,15.22,14.7
00-0038563,Tre Tucker,WR,LV,2025,12,0,0,0.0,0,,0,10,3,188,0.2381,0.5208,21,29,5.8,15.14,5.8
00-0038563,Tre Tucker,WR,LV,2025,13,0,0,0.0,0,,0,3,3,14,0.1364,0.1867,18,22,5.0,3.75,5.0
00-0038563,Tre Tucker,WR,LV,2025,14,0,0,0.0,0,,0,5,2,76,0.1786,0.3115,12,13,4.4,7.87,4.4
00-0038563,Tre Tucker,WR,LV,2025,15,0,0,0.0,0,,0,3,0,25,0.12,0.2358,13,16,0.0,3.25,0.0
00-0038563,Tre Tucker,WR,LV,2025,16,0,0,0.0,0,,2,5,4,43,0.2273,0.2263,27,27,9.4,8.84,9.4
00-0038563,Tre Tucker,WR,LV,2025,17,0,0,0.0,0,,2,6,5,16,0.2143,0.0958,20,19,9.9,9.11,9.9
00-0038563,Tre Tucker,WR,LV,2025,18,0,0,0.0,0,,1,6,2,105,0.2308,0.4646,32,31,5.4,11.07,5.4
00-0038573,Derius Davis,WR,LAC,2025,1,0,0,0.0,0,,1,0,0,0.0,0.0,0.0,25,19,0.3,0.69,0.3
00-0038573,Derius Davis,WR,LAC,2025,3,0,0,0.0,0,,1,0,0,0.0,0.0,0.0,28,31,0.2,0.71,0.2
00-0038573,Derius Davis,WR,LAC,2025,10,0,0,0.0,0,,0,1,1,-4,0.0303,-0.0256,31,27,1.3,1.39,1.3
00-0038573,Derius Davis,WR,LAC,2025,11,0,0,0.0,0,,0,1,0,31,0.0417,0.1685,16,13,0.0,1.82,0.0
00-0038573,Derius Davis,WR,LAC,2025,18,0,0,0.0,0,,0,1,1,6,0.0263,0.0152,21,16,1.7,1.39,1.7
00-0038576,Charlie Jones,WR,CIN,2025,12,0,0,0.0,0,,0,1,0,42,0.0294,0.125,23,23,0.0,2.66,0.0
00-0038579,Aidan O'Connell,QB,LV,2025,18,22,10,-5.864,1,-23.572,1,0,0,0.0,0.0,0.0,32,31,4.8,8.01,4.78
00-0038582,Clayton Tune,QB,GB,2025,17,4,1,-6.727,1,-34.663,1,0,0,0.0,0.0,0.0,17,10,-1.7,1.28,-1.68
00-0038582,Clayton Tune,QB,GB,2025,18,11,6,-13.172,4,-16.779,4,0,0,0.0,0.0,0.0,35,32,3.7,4.55,3.66
00-0038589,Josh Whyle,TE,GB,2025,11,0,0,0.0,0,,0,1,1,2,0.04,0.0068,23,20,7.2,3.99,7.2
00-0038589,Josh Whyle,TE,GB,2025,12,0,0,0.0,0,,0,1,1,-3,0.0476,-0.0169,42,39,1.1,1.57,1.1
00-0038589,Josh Whyle,TE,GB,2025,13,0,0,0.0,0,,0,1,0,8,0.0345,0.0233,30,24,0.0,1.52,0.0
00-0038589,Josh Whyle,TE,GB,2025,14,0,0,0.0,0,,0,1,1,12,0.0435,0.0386,26,26,3.1,1.88,3.1
00-0038589,Josh Whyle,TE,GB,2025,17,0,0,0.0,0,,0,1,1,5,0.04,0.0172,17,10,1.8,1.4,1.8
00-0038589,Josh Whyle,TE,GB,2025,18,0,0,0.0,0,,0,1,1,-1,0.1,-0.037,35,32,1.4,1.35,1.4
00-0038597,Chase Brown,RB,CIN,2025,1,0,0,0.0,0,,21,3,2,0.0,0.1304,0.0,23,25,13.1,17.45,13.1
00-0038597,Chase Brown,RB,CIN,2025,2,0,0,0.0,0,,16,3,2,8,0.0698,0.0222,17,18,8.5,14.32,8.5
00-0038597,Chase Brown,RB,CIN,2025,3,0,0,0.0,0,,10,5,4,17,0.1923,0.1318,21,23,6.0,13.93,6.0
00-0038597,Chase Brown,RB,CIN,2025,4,0,0,0.0,0,,10,3,3,-2,0.1364,-0.01,15,14,10.1,8.91,10.1
00-0038597,Chase Brown,RB,CIN,2025,5,0,0,0.0,0,,8,8,7,-2,0.2,-0.0059,16,21,11.8,15.03,11.8
00-0038597,Chase Brown,RB,CIN,2025,6,0,0,0.0,0,,9,2,2,-3,0.05,-0.0112,16,19,8.9,8.5,8.9
00-0038597,Chase Brown,RB,CIN,2025,7,0,0,0.0,0,,11,4,2,-8,0.0889,-0.0237,23,20,12.0,12.16,12.0
00-0038597,Chase Brown,RB,CIN,2025,8,0,0,0.0,0,,12,3,3,7,0.0909,0.0324,23,25,25.5,14.83,25.5
00-0038597,Chase Brown,RB,CIN,2025,9,0,0,0.0,0,,11,14,8,11,0.3111,0.0258,15,21,19.2,29.52,19.2
00-0038597,Chase Brown,RB,CIN,2025,11,0,0,0.0,0,,18,8,6,-2,0.2051,-0.007,22,27,18.7,20.8,18.7
00-0038597,Chase Brown,RB,CIN,2025,12,0,0,0.0,0,,19,4,2,-9,0.1176,-0.0268,23,23,15.0,14.51,13.3
00-0038597,Chase Brown,RB,CIN,2025,13,0,0,0.0,0,,15,7,7,-11,0.1591,-0.0289,33,38,18.3,18.55,18.3
00-0038597,Chase Brown,RB,CIN,2025,14,0,0,0.0,0,,12,4,3,33,0.1111,0.1003,19,22,18.5,13.39,18.5
00-0038597,Chase Brown,RB,CIN,2025,15,0,0,0.0,0,,13,7,7,8,0.1944,0.0282,29,35,16.0,16.52,16.0
00-0038597,Chase Brown,RB,CIN,2025,16,0,0,0.0,0,,12,4,4,9,0.129,0.0484,26,29,32.9,15.41,32.9
00-0038597,Chase Brown,RB,CIN,2025,17,0,0,0.0,0,,22,3,3,-6,0.0909,-0.0224,35,33,29.1,24.09,29.1
00-0038597,Chase Brown,RB,CIN,2025,18,0,0,0.0,0,,13,6,4,-4,0.1579,-0.0207,25,28,19.0,17.89,18.4
00-0038606,Parker Washington,WR,JAX,2025,2,0,0,0.0,0,,0,5,5,33,0.122,0.1071,27,28,12.6,8.71,12.6
00-0038606,Parker Washington,WR,JAX,2025,3,0,0,0.0,0,,0,11,4,137,0.2895,0.4349,24,23,7.4,19.54,7.4
00-0038606,Parker Washington,WR,JAX,2025,4,0,0,0.0,0,,1,2,0,27,0.0667,0.1378,32,26,5.9,5.45,-0.1
00-0038606,Parker Washington,WR,JAX,2025,5,0,0,0.0,0,,0,3,2,12,0.12,0.0574,26,20,9.6,5.66,9.6
00-0038606,Parker Washington,WR,JAX,2025,6,0,0,0.0,0,,0,4,2,70,0.0952,0.2188,19,22,4.9,6.2,4.9
00-0038606,Parker Washington,WR,JAX,2025,7,0,0,0.0,0,,3,10,4,202,0.2128,0.387,19,15,10.2,18.18,10.2
00-0038606,Parker Washington,WR,JAX,2025,9,0,0,0.0,0,,0,9,8,84,0.2727,0.2907,42,39,17.0,14.72,17.0
00-0038606,Parker Washington,WR,JAX,2025,10,0,0,0.0,0,,2,7,3,38,0.3043,0.2603,27,24,17.9,17.16,11.9
00-0038606,Parker Washington,WR,JAX,2025,11,0,0,0.0,0,,0,2,2,19,0.0909,0.0979,47,42,4.0,3.09,4.0
00-0038606,Parker Washington,WR,JAX,2025,12,0,0,0.0,0,,0,7,5,69,0.2333,0.2546,28,26,18.1,14.84,18.1
00-0038606,Parker Washington,WR,JAX,2025,13,0,0,0.0,0,,0,3,1,63,0.12,0.2333,27,22,3.6,4.12,3.6
00-0038606,Parker Washington,WR,JAX,2025,15,0,0,0.0,0,,0,3,3,53,0.1071,0.1532,27,22,8.3,4.63,8.3
00-0038606,Parker Washington,WR,JAX,2025,16,0,0,0.0,0,,0,10,6,134,0.2857,0.4769,27,24,26.5,18.4,26.5
00-0038606,Parker Washington,WR,JAX,2025,17,0,0,0.0,0,,1,10,8,114,0.2703,0.3149,29,22,19.0,19.03,19.0
00-0038606,Parker Washington,WR,JAX,2025,18,0,0,0.0,0,,0,9,5,132,0.2903,0.4475,24,20,19.7,17.84,19.7
00-0038608,Kayshon Boutte,WR,NE,2025,1,0,0,0.0,0,,0,8,6,137,0.1778,0.3881,18,21,16.3,14.48,16.3
00-0038608,Kayshon Boutte,WR,NE,2025,2,0,0,0.0,0,,0,1,1,16,0.0435,0.1194,29,27,8.6,2.83,8.6
00-0038608,Kayshon Boutte,WR,NE,2025,3,0,0,0.0,0,,0,3,2,28,0.0833,0.1353,29,28,4.8,6.89,4.8
00-0038608,Kayshon Boutte,WR,NE,2025,4,0,0,0.0,0,,0,3,1,54,0.1765,0.3576,29,25,2.8,5.77,2.8
00-0038608,Kayshon Boutte,WR,NE,2025,5,0,0,0.0,0,,0,3,3,39,0.1071,0.1831,22,24,7.3,4.58,7.3
00-0038608,Kayshon Boutte,WR,NE,2025,6,0,0,0.0,0,,0,5,5,82,0.2083,0.2887,31,23,26.3,10.95,26.3
00-0038608,Kayshon Boutte,WR,NE,2025,7,0,0,0.0,0,,0,2,2,54,0.0833,0.2741,36,27,13.5,3.98,13.5
00-0038608,Kayshon Boutte,WR,NE,2025,8,0,0,0.0,0,,0,5,3,101,0.2174,0.3646,35,27,16.5,9.76,16.5
00-0038608,Kayshon Boutte,WR,NE,2025,9,0,0,0.0,0,,0,1,0,19,0.0357,0.0613,33,30,0.0,1.84,0.0
00-0038608,Kayshon Boutte,WR,NE,2025,12,0,0,0.0,0,,0,2,2,12,0.0606,0.0404,31,29,3.5,3.13,3.5
00-0038608,Kayshon Boutte,WR,NE,2025,13,0,0,0.0,0,,0,5,4,57,0.1667,0.2327,29,29,13.5,11.43,13.5
00-0038608,Kayshon Boutte,WR,NE,2025,15,0,0,0.0,0,,0,1,1,26,0.0455,0.1066,25,25,4.0,1.59,4.0
00-0038608,Kayshon Boutte,WR,NE,2025,16,0,0,0.0,0,,0,3,1,81,0.0714,0.1709,23,16,2.6,5.81,2.6
00-0038608,Kayshon Boutte,WR,NE,2025,18,0,0,0.0,0,,0,4,2,75,0.2,0.2918,34,27,4.4,7.2,4.4
00-0038611,Chris Rodriguez Jr.,RB,WAS,2025,3,0,0,0.0,0,,11,0,0,0.0,0.0,0.0,32,24,3.9,7.39,3.9
00-0038611,Chris Rodriguez Jr.,RB,WAS,2025,4,0,0,0.0,0,,7,0,0,0.0,0.0,0.0,22,19,5.9,3.47,5.9
00-0038611,Chris Rodriguez Jr.,RB,WAS,2025,5,0,0,0.0,0,,5,0,0,0.0,0.0,0.0,28,23,0.7,3.74,0.7
00-0038611,Chris Rodriguez Jr.,RB,WAS,2025,7,0,0,0.0,0,,3,0,0,0.0,0.0,0.0,28,21,7.2,3.34,7.2
00-0038611,Chris Rodriguez Jr.,RB,WAS,2025,8,0,0,0.0,0,,1,0,0,0.0,0.0,0.0,20,16,0.2,0.48,0.2
00-0038611,Chris Rodriguez Jr.,RB,WAS,2025,9,0,0,0.0,0,,12,0,0,0.0,0.0,0.0,36,26,12.5,8.44,12.5
00-0038611,Chris Rodriguez Jr.,RB,WAS,2025,10,0,0,0.0,0,,6,0,0,0.0,0.0,0.0,27,23,7.6,5.94,7.6
00-0038611,Chris Rodriguez Jr.,RB,WAS,2025,11,0,0,0.0,0,,15,1,1,3,0.0345,0.0136,33,32,9.5,11.81,9.5
00-0038611,Chris Rodriguez Jr.,RB,WAS,2025,13,0,0,0.0,0,,11,1,0,12,0.0222,0.0201,33,23,10.1,9.1,10.1
00-0038611,Chris Rodriguez Jr.,RB,WAS,2025,14,0,0,0.0,0,,10,0,0,0.0,0.0,0.0,23,18,5.2,5.79,5.2
00-0038611,Chris Rodriguez Jr.,RB,WAS,2025,16,0,0,0.0,0,,15,1,1,0.0,0.05,0.0,26,27,13.9,14.74,13.9
00-0038611,Chris Rodriguez Jr.,RB,WAS,2025,18,0,0,0.0,0,,16,1,1,1,0.0526,0.0081,41,32,15.3,18.82,15.3
00-0038618,Xavier Hutchinson,WR,HOU,2025,1,0,0,0.0,0,,1,2,2,29,0.0741,0.1686,27,23,5.5,3.98,5.5
00-0038618,Xavier Hutchinson,WR,HOU,2025,2,0,0,0.0,0,,0,3,2,33,0.1304,0.1692,19,18,4.9,5.19,4.9
00-0038618,Xavier Hutchinson,WR,HOU,2025,3,0,0,0.0,0,,0,3,3,9,0.0833,0.0312,19,19,4.6,4.16,4.6
00-0038618,Xavier Hutchinson,WR,HOU,2025,4,0,0,0.0,0,,0,3,2,13,0.1071,0.0714,35,36,3.7,4.07,3.7
00-0038618,Xavier Hutchinson,WR,HOU,2025,5,0,0,0.0,0,,0,3,3,17,0.0968,0.0656,33,27,16.8,7.99,16.8
00-0038618,Xavier Hutchinson,WR,HOU,2025,7,0,0,0.0,0,,0,4,1,80,0.087,0.1887,17,19,2.3,8.46,2.3
00-0038618,Xavier Hutchinson,WR,HOU,2025,8,0,0,0.0,0,,0,6,5,51,0.1579,0.1509,36,36,17.9,10.13,17.9
00-0038618,Xavier Hutchinson,WR,HOU,2025,9,0,0,0.0,0,,0,5,3,51,0.1282,0.1541,28,24,6.0,8.07,6.0
00-0038618,Xavier Hutchinson,WR,HOU,2025,11,0,0,0.0,0,,0,5,3,62,0.125,0.1771,23,23,7.2,8.26,7.2
00-0038618,Xavier Hutchinson,WR,HOU,2025,12,0,0,0.0,0,,1,0,0,0.0,0.0,0.0,26,24,0.9,1.43,0.9
00-0038618,Xavier Hutchinson,WR,HOU,2025,13,0,0,0.0,0,,0,5,2,78,0.1562,0.199,34,29,5.9,11.11,5.9
00-0038618,Xavier Hutchinson,WR,HOU,2025,14,0,0,0.0,0,,0,2,0,30,0.0741,0.0984,31,30,0.0,2.15,0.0
00-0038618,Xavier Hutchinson,WR,HOU,2025,15,0,0,0.0,0,,0,2,1,6,0.0769,0.0513,33,33,2.6,2.95,2.6
00-0038618,Xavier Hutchinson,WR,HOU,2025,16,0,0,0.0,0,,0,2,1,18,0.0588,0.059,26,29,1.4,2.97,1.4
00-0038618,Xavier Hutchinson,WR,HOU,2025,17,0,0,0.0,0,,1,3,2,22,0.1154,0.0859,34,29,4.9,5.5,4.9
00-0038618,Xavier Hutchinson,WR,HOU,2025,18,0,0,0.0,0,,0,9,5,85,0.3214,0.4404,32,32,13.4,14.16,13.4
00-0038619,Andrei Iosivas,WR,CIN,2025,2,0,0,0.0,0,,0,5,1,62,0.1163,0.1722,17,18,2.2,7.77,2.2
00-0038619,Andrei Iosivas,WR,CIN,2025,4,0,0,0.0,0,,1,1,1,14,0.0455,0.07,15,14,3.7,2.49,3.7
00-0038619,Andrei Iosivas,WR,CIN,2025,5,0,0,0.0,0,,0,7,5,61,0.175,0.1799,16,21,13.2,13.07,13.2
00-0038619,Andrei Iosivas,WR,CIN,2025,6,0,0,0.0,0,,0,4,1,13,0.1,0.0483,16,19,1.5,5.03,1.5
00-0038619,Andrei Iosivas,WR,CIN,2025,7,0,0,0.0,0,,0,4,3,48,0.0889,0.1424,23,20,7.9,7.17,7.9
00-0038619,Andrei Iosivas,WR,CIN,2025,8,0,0,0.0,0,,0,3,0,34,0.0909,0.1574,23,25,0.0,5.19,0.0
00-0038619,Andrei Iosivas,WR,CIN,2025,9,0,0,0.0,0,,1,7,5,65,0.1556,0.1522,15,21,18.0,14.94,18.0
00-0038619,Andrei Iosivas,WR,CIN,2025,11,0,0,0.0,0,,0,4,3,20,0.1026,0.0702,22,27,5.0,5.16,5.0
00-0038619,Andrei Iosivas,WR,CIN,2025,12,0,0,0.0,0,,1,7,4,120,0.2059,0.3571,23,23,10.6,12.27,10.6
00-0038619,Andrei Iosivas,WR,CIN,2025,13,0,0,0.0,0,,0,2,1,28,0.0455,0.0737,33,38,9.9,6.73,9.9
00-0038619,Andrei Iosivas,WR,CIN,2025,14,0,0,0.0,0,,0,3,2,19,0.0833,0.0578,19,22,3.7,4.37,3.7
00-0038619,Andrei Iosivas,WR,CIN,2025,15,0,0,0.0,0,,0,1,0,29,0.0278,0.1021,29,35,0.0,1.74,0.0
00-0038619,Andrei Iosivas,WR,CIN,2025,16,0,0,0.0,0,,0,1,1,13,0.0323,0.0699,26,29,3.1,1.89,3.1
00-0038619,Andrei Iosivas,WR,CIN,2025,17,0,0,0.0,0,,0,6,4,69,0.1818,0.2575,35,33,8.1,10.64,8.1
00-0038619,Andrei Iosivas,WR,CIN,2025,18,0,0,0.0,0,,0,3,2,11,0.0789,0.057,25,28,3.0,4.49,3.0
00-0038621,DeMario Douglas,WR,NE,2025,1,0,0,0.0,0,,1,7,2,22,0.1556,0.0623,18,21,8.2,14.43,8.2
00-0038621,DeMario Douglas,WR,NE,2025,2,0,0,0.0,0,,0,1,1,5,0.0435,0.0373,29,27,1.8,1.45,1.8
00-0038621,DeMario Douglas,WR,NE,2025,3,0,0,0.0,0,,0,5,2,27,0.1389,0.1304,29,28,2.7,7.51,2.7
00-0038621,DeMario Douglas,WR,NE,2025,5,0,0,0.0,0,,0,3,2,12,0.1071,0.0563,22,24,3.7,5.93,3.7
00-0038621,DeMario Douglas,WR,NE,2025,6,0,0,0.0,0,,0,4,3,53,0.1667,0.1866,31,23,16.1,7.28,16.1
00-0038621,DeMario Douglas,WR,NE,2025,7,0,0,0.0,0,,0,3,3,14,0.125,0.0711,36,27,4.7,5.45,4.7
00-0038621,DeMario Douglas,WR,NE,2025,8,0,0,0.0,0,,2,1,1,24,0.0435,0.0866,35,27,5.7,3.15,5.7
00-0038621,DeMario Douglas,WR,NE,2025,9,0,0,0.0,0,,0,6,4,134,0.2143,0.4323,33,30,20.0,12.94,20.0
00-0038621,DeMario Douglas,WR,NE,2025,10,0,0,0.0,0,,1,2,2,5,0.069,0.0143,27,20,5.4,3.66,5.4
00-0038621,DeMario Douglas,WR,NE,2025,11,0,0,0.0,0,,1,3,3,17,0.0909,0.0426,27,27,6.1,4.8,6.1
00-0038621,DeMario Douglas,WR,NE,2025,12,0,0,0.0,0,,1,1,1,36,0.0303,0.1212,31,29,6.1,2.68,6.1
00-0038621,DeMario Douglas,WR,NE,2025,13,0,0,0.0,0,,0,3,3,23,0.1,0.0939,29,29,6.3,4.84,6.3
00-0038621,DeMario Douglas,WR,NE,2025,15,0,0,0.0,0,,1,0,0,0.0,0.0,0.0,25,25,0.5,1.02,0.5
00-0038621,DeMario Douglas,WR,NE,2025,16,0,0,0.0,0,,0,2,1,6,0.0476,0.0127,23,16,1.6,2.92,1.6
00-0038621,DeMario Douglas,WR,NE,2025,17,0,0,0.0,0,,0,2,1,19,0.08,0.0864,36,36,2.0,3.86,2.0
00-0038621,DeMario Douglas,WR,NE,2025,18,0,0,0.0,0,,0,3,2,48,0.15,0.1868,34,27,4.9,5.23,4.9
00-0038640,Jalen Brooks,WR,ARI,2025,14,0,0,0.0,0,,0,3,2,40,0.0682,0.1136,14,15,5.2,4.51,5.2
00-0038640,Jalen Brooks,WR,ARI,2025,15,0,0,0.0,0,,0,3,1,28,0.0789,0.1094,21,24,2.9,4.36,2.9
00-0038643,Brayden Willis,TE,SF,2025,2,0,0,0.0,0,,0,1,0,2,0.0263,0.0079,26,26,0.0,1.33,0.0
00-0038647,Ronnie Bell,WR,NO,2025,18,0,0,0.0,0,,0,4,2,78,0.1176,0.2776,26,28,10.3,8.06,10.3
00-0038658,Adrian Martinez,QB,SF,2025,9,0,0,0.0,0,,1,0,0,0.0,0.0,0.0,39,38,-0.1,-0.1,-0.1
00-0038679,Tyrell Shavers,WR,BUF,2025,2,0,0,0.0,0,,0,2,0,25,0.08,0.1712,43,33,0.0,3.45,0.0
00-0038679,Tyrell Shavers,WR,BUF,2025,3,0,0,0.0,0,,0,2,2,8,0.0741,0.0721,27,26,4.4,3.25,4.4
00-0038679,Tyrell Shavers,WR,BUF,2025,5,0,0,0.0,0,,0,1,0,18,0.0333,0.0732,29,19,0.0,1.99,0.0
00-0038679,Tyrell Shavers,WR,BUF,2025,6,0,0,0.0,0,,0,5,3,66,0.1923,0.23,24,21,5.7,7.65,5.7
00-0038679,Tyrell Shavers,WR,BUF,2025,9,0,0,0.0,0,,0,1,1,0.0,0.04,0.0,35,32,1.7,1.41,1.7
00-0038679,Tyrell Shavers,WR,BUF,2025,10,0,0,0.0,0,,0,1,1,14,0.0256,0.0347,22,24,3.4,1.76,3.4
00-0038679,Tyrell Shavers,WR,BUF,2025,11,0,0,0.0,0,,0,5,4,86,0.1667,0.2486,23,22,19.0,9.19,19.0
00-0038679,Tyrell Shavers,WR,BUF,2025,14,0,0,0.0,0,,0,1,1,16,0.037,0.124,29,24,2.6,1.82,2.6
00-0038679,Tyrell Shavers,WR,BUF,2025,16,0,0,0.0,0,,0,2,1,33,0.1111,0.2727,29,25,3.1,3.54,3.1
00-0038679,Tyrell Shavers,WR,BUF,2025,17,0,0,0.0,0,,0,3,2,32,0.0909,0.1275,33,31,5.6,4.86,5.6
00-0038685,Chris Brooks,RB,GB,2025,1,0,0,0.0,0,,1,1,1,2,0.0455,0.0079,25,23,1.3,2.09,1.3
00-0038685,Chris Brooks,RB,GB,2025,2,0,0,0.0,0,,0,4,3,-11,0.1481,-0.027,30,26,5.7,5.99,5.7
00-0038685,Chris Brooks,RB,GB,2025,4,0,0,0.0,0,,0,1,1,-5,0.0278,-0.0196,35,38,1.1,1.52,1.1
00-0038685,Chris Brooks,RB,GB,2025,6,0,0,0.0,0,,1,0,0,0.0,0.0,0.0,33,28,0.1,0.51,0.1
00-0038685,Chris Brooks,RB,GB,2025,7,0,0,0.0,0,,0,1,0,7,0.0357,0.0368,23,21,0.0,2.21,0.0
00-0038685,Chris Brooks,RB,GB,2025,9,0,0,0.0,0,,0,2,2,1,0.0571,0.0031,25,30,4.4,2.57,4.4
00-0038685,Chris Brooks,RB,GB,2025,11,0,0,0.0,0,,1,0,0,0.0,0.0,0.0,23,20,0.8,0.52,0.8
00-0038685,Chris Brooks,RB,GB,2025,12,0,0,0.0,0,,8,1,1,2,0.0476,0.0113,42,39,3.6,5.33,3.6
00-0038685,Chris Brooks,RB,GB,2025,13,0,0,0.0,0,,0,2,2,5,0.069,0.0146,30,24,2.9,2.99,2.9
00-0038685,Chris Brooks,RB,GB,2025,14,0,0,0.0,0,,0,1,1,-5,0.0435,-0.0161,26,26,1.6,1.46,1.6
00-0038685,Chris Brooks,RB,GB,2025,15,0,0,0.0,0,,2,2,1,12,0.0556,0.0265,20,19,2.6,3.44,2.6
00-0038685,Chris Brooks,RB,GB,2025,16,0,0,0.0,0,,1,0,0,0.0,0.0,0.0,44,29,0.4,0.4,0.4
00-0038685,Chris Brooks,RB,GB,2025,17,0,0,0.0,0,,0,2,1,-2,0.08,-0.0069,17,10,2.1,2.7,2.1
00-0038685,Chris Brooks,RB,GB,2025,18,0,0,0.0,0,,13,0,0,0.0,0.0,0.0,35,32,6.1,6.48,6.1
00-0038705,Emari Demercado,RB,ARI,2025,3,0,0,0.0,0,,2,1,0,1,0.0294,0.0056,28,27,0.0,3.47,0.0
00-0038705,Emari Demercado,RB,ARI,2025,4,0,0,0.0,0,,2,2,2,-8,0.05,-0.0336,17,18,10.1,5.26,10.1
00-0038705,Emari Demercado,RB,ARI,2025,5,0,0,0.0,0,,3,0,0,0.0,0.0,0.0,29,31,6.1,1.62,6.1
00-0038705,Emari Demercado,RB,ARI,2025,6,0,0,0.0,0,,1,1,0,1,0.0256,0.0026,24,24,0.1,2.22,0.1
00-0038705,Emari Demercado,RB,ARI,2025,9,0,0,0.0,0,,14,1,1,-1,0.0345,-0.004,29,26,8.8,8.89,8.8
00-0038705,Emari Demercado,RB,ARI,2025,10,0,0,0.0,0,,4,4,3,3,0.0909,0.0091,23,21,13.4,9.93,13.4
00-0038705,Emari Demercado,RB,ARI,2025,11,0,0,0.0,0,,5,3,2,-12,0.0536,-0.0309,14,23,4.0,6.51,4.0
00-0038705,Emari Demercado,RB,ARI,2025,15,0,0,0.0,0,,1,3,2,8,0.0789,0.0312,21,24,2.1,4.75,2.1
00-0038705,Emari Demercado,RB,ARI,2025,16,0,0,0.0,0,,5,1,0,-5,0.0345,-0.0219,23,22,3.0,4.63,3.0
00-0038705,Emari Demercado,RB,ARI,2025,17,0,0,0.0,0,,5,3,2,6,0.0857,0.0211,13,17,4.0,7.6,4.0
00-0038705,Emari Demercado,RB,ARI,2025,18,0,0,0.0,0,,2,1,1,19,0.0357,0.0757,15,18,6.7,3.23,6.7
00-0038710,Blake Whiteheart,TE,CLE,2025,4,0,0,0.0,0,,0,1,0,26,0.0294,0.0749,27,28,0.0,2.15,0.0
00-0038710,Blake Whiteheart,TE,CLE,2025,6,0,0,0.0,0,,0,1,1,0.0,0.0196,0.0,17,24,1.0,1.19,1.0
00-0038710,Blake Whiteheart,TE,CLE,2025,7,0,0,0.0,0,,0,1,1,3,0.0556,0.0349,33,32,1.4,1.29,1.4
00-0038710,Blake Whiteheart,TE,CLE,2025,14,0,0,0.0,0,,0,1,0,4,0.0263,0.0131,20,24,0.0,1.44,0.0
00-0038710,Blake Whiteheart,TE,CLE,2025,17,0,0,0.0,0,,0,1,0,0.0,0.0435,0.0,25,25,0.0,1.33,0.0
00-0038710,Blake Whiteheart,TE,CLE,2025,18,0,0,0.0,0,,0,1,0,10,0.0476,0.051,24,20,0.0,1.29,0.0
00-0038720,Julian Hill,TE,MIA,2025,3,0,0,0.0,0,,0,1,1,1,0.0303,0.0049,25,28,1.4,1.3,1.4
00-0038720,Julian Hill,TE,MIA,2025,4,0,0,0.0,0,,0,2,1,2,0.08,0.0146,31,27,2.9,2.93,2.9
00-0038720,Julian Hill,TE,MIA,2025,5,0,0,0.0,0,,0,5,4,30,0.1471,0.1045,14,19,6.2,9.13,6.2
00-0038720,Julian Hill,TE,MIA,2025,6,0,0,0.0,0,,0,3,3,6,0.1,0.0287,21,23,6.1,4.65,6.1
00-0038720,Julian Hill,TE,MIA,2025,7,0,0,0.0,0,,0,2,1,5,0.0667,0.0217,22,22,1.1,2.16,1.1
00-0038720,Julian Hill,TE,MIA,2025,11,0,0,0.0,0,,0,1,1,0.0,0.05,0.0,31,36,2.4,1.42,2.4
00-0038720,Julian Hill,TE,MIA,2025,13,0,0,0.0,0,,0,1,0,8,0.05,0.0345,32,28,0.0,1.84,0.0
00-0038720,Julian Hill,TE,MIA,2025,15,0,0,0.0,0,,0,2,2,5,0.0769,0.0292,16,22,4.5,2.72,4.5
00-0038720,Julian Hill,TE,MIA,2025,17,0,0,0.0,0,,0,2,1,8,0.0909,0.0408,30,26,2.6,3.0,2.6
00-0038720,Julian Hill,TE,MIA,2025,18,0,0,0.0,0,,0,1,1,1,0.0417,0.0063,25,25,1.8,1.42,1.8
00-0038728,Jared Wayne,WR,HOU,2025,8,0,0,0.0,0,,0,2,2,17,0.0526,0.0503,36,36,4.0,3.52,4.0
00-0038738,Hunter Luepke,RB,DAL,2025,4,0,0,0.0,0,,1,1,0,5,0.0263,0.0153,26,28,0.6,1.69,0.6
00-0038738,Hunter Luepke,RB,DAL,2025,5,0,0,0.0,0,,0,1,1,-5,0.0357,-0.0216,29,22,2.0,1.45,2.0
00-0038738,Hunter Luepke,RB,DAL,2025,6,0,0,0.0,0,,0,2,2,-3,0.0588,-0.0159,19,23,8.7,6.05,8.7
00-0038738,Hunter Luepke,RB,DAL,2025,7,0,0,0.0,0,,0,1,1,-7,0.0333,-0.033,31,29,1.3,1.74,1.3
00-0038738,Hunter Luepke,RB,DAL,2025,8,0,0,0.0,0,,1,0,0,0.0,0.0,0.0,31,25,0.2,0.27,0.2
00-0038738,Hunter Luepke,RB,DAL,2025,11,0,0,0.0,0,,1,3,3,10,0.0938,0.0431,31,31,7.1,5.35,7.1
00-0038738,Hunter Luepke,RB,DAL,2025,12,0,0,0.0,0,,0,1,1,-6,0.0286,-0.0164,31,26,1.7,1.56,1.7
00-0038738,Hunter Luepke,RB,DAL,2025,15,0,0,0.0,0,,3,2,2,0.0,0.0571,0.0,29,30,5.0,4.76,5.0
00-0038738,Hunter Luepke,RB,DAL,2025,16,0,0,0.0,0,,1,2,1,3,0.0625,0.0096,23,21,2.4,3.3,2.4
00-0038738,Hunter Luepke,RB,DAL,2025,17,0,0,0.0,0,,7,1,1,6,0.0278,0.0157,44,41,5.4,5.71,5.4
00-0038738,Hunter Luepke,RB,DAL,2025,18,0,0,0.0,0,,2,1,1,-6,0.0435,-0.0337,30,26,2.6,3.82,2.6
00-0038752,Jake Bobo,WR,SEA,2025,4,0,0,0.0,0,,0,1,1,13,0.0417,0.0549,35,34,2.7,1.97,2.7
00-0038752,Jake Bobo,WR,SEA,2025,7,0,0,0.0,0,,0,1,1,1,0.0345,0.0036,33,31,1.3,1.26,1.3
00-0038783,Nate Adkins,TE,DEN,2025,4,0,0,0.0,0,,0,3,2,-3,0.0714,-0.0107,38,36,2.5,4.41,2.5
00-0038783,Nate Adkins,TE,DEN,2025,5,0,0,0.0,0,,0,1,0,1,0.0278,0.0031,29,29,0.0,1.39,0.0
00-0038783,Nate Adkins,TE,DEN,2025,6,0,0,0.0,0,,0,2,2,17,0.0769,0.1111,26,21,10.3,3.86,10.3
00-0038783,Nate Adkins,TE,DEN,2025,7,0,0,0.0,0,,0,3,2,7,0.0612,0.0178,24,22,4.0,3.99,4.0
00-0038783,Nate Adkins,TE,DEN,2025,8,0,0,0.0,0,,0,1,0,7,0.037,0.0234,28,26,0.0,4.1,0.0
00-0038783,Nate Adkins,TE,DEN,2025,16,0,0,0.0,0,,0,1,0,6,0.0217,0.0134,17,17,0.0,1.6,0.0
00-0038794,Jaleel McLaughlin,RB,DEN,2025,6,0,0,0.0,0,,1,1,0,-5,0.0385,-0.0327,26,21,0.0,1.97,0.0
00-0038794,Jaleel McLaughlin,RB,DEN,2025,11,0,0,0.0,0,,6,1,1,-6,0.0278,-0.0188,21,22,8.4,5.44,8.4
00-0038794,Jaleel McLaughlin,RB,DEN,2025,13,0,0,0.0,0,,6,1,1,-2,0.0233,-0.0106,23,26,4.0,4.89,4.0
00-0038794,Jaleel McLaughlin,RB,DEN,2025,14,0,0,0.0,0,,4,1,1,1,0.0278,0.0046,31,33,4.1,3.43,4.1
00-0038794,Jaleel McLaughlin,RB,DEN,2025,15,0,0,0.0,0,,2,0,0,0.0,0.0,0.0,31,22,0.4,0.86,0.4
00-0038794,Jaleel McLaughlin,RB,DEN,2025,16,0,0,0.0,0,,5,0,0,0.0,0.0,0.0,17,17,3.7,2.41,3.7
00-0038794,Jaleel McLaughlin,RB,DEN,2025,17,0,0,0.0,0,,7,0,0,0.0,0.0,0.0,32,26,4.0,3.76,4.0
00-0038794,Jaleel McLaughlin,RB,DEN,2025,18,0,0,0.0,0,,6,2,1,-11,0.087,-0.4231,31,27,6.8,6.28,6.8
00-0038797,Emanuel Wilson,RB,GB,2025,1,0,0,0.0,0,,1,0,0,0.0,0.0,0.0,25,23,0.4,0.48,0.4
00-0038797,Emanuel Wilson,RB,GB,2025,3,0,0,0.0,0,,6,0,0,0.0,0.0,0.0,31,27,2.5,3.11,2.5
00-0038797,Emanuel Wilson,RB,GB,2025,4,0,0,0.0,0,,8,3,3,-13,0.0833,-0.051,35,38,11.1,9.12,11.1
00-0038797,Emanuel Wilson,RB,GB,2025,6,0,0,0.0,0,,3,1,1,-5,0.0385,-0.0203,33,28,1.7,2.99,1.7
00-0038797,Emanuel Wilson,RB,GB,2025,7,0,0,0.0,0,,6,1,1,-7,0.0357,-0.0368,23,21,2.5,4.8,2.5
00-0038797,Emanuel Wilson,RB,GB,2025,8,0,0,0.0,0,,11,4,3,5,0.1143,0.0258,26,30,11.7,13.04,11.7
00-0038797,Emanuel Wilson,RB,GB,2025,9,0,0,0.0,0,,6,2,1,-11,0.0571,-0.0338,25,30,2.7,7.72,2.7
00-0038797,Emanuel Wilson,RB,GB,2025,10,0,0,0.0,0,,1,1,1,-1,0.0303,-0.0033,27,28,1.4,1.57,1.4
00-0038797,Emanuel Wilson,RB,GB,2025,11,0,0,0.0,0,,11,1,1,1,0.04,0.0034,23,20,13.9,9.16,13.9
00-0038797,Emanuel Wilson,RB,GB,2025,12,0,0,0.0,0,,28,2,2,2,0.0952,0.0113,42,39,26.5,25.46,26.5
00-0038797,Emanuel Wilson,RB,GB,2025,13,0,0,0.0,0,,4,0,0,0.0,0.0,0.0,30,24,1.4,1.8,1.4
00-0038797,Emanuel Wilson,RB,GB,2025,14,0,0,0.0,0,,3,0,0,0.0,0.0,0.0,26,26,1.0,2.65,1.0
00-0038797,Emanuel Wilson,RB,GB,2025,15,0,0,0.0,0,,2,0,0,0.0,0.0,0.0,20,19,0.3,1.12,0.3
00-0038797,Emanuel Wilson,RB,GB,2025,16,0,0,0.0,0,,14,0,0,0.0,0.0,0.0,44,29,8.2,6.81,8.2
00-0038797,Emanuel Wilson,RB,GB,2025,17,0,0,0.0,0,,3,1,1,3,0.04,0.0103,17,10,3.4,2.56,3.4
00-0038797,Emanuel Wilson,RB,GB,2025,18,0,0,0.0,0,,18,1,1,-6,0.1,-0.2222,35,32,5.8,10.53,5.8
00-0038809,Ben Sims,TE,MIN,2025,14,0,0,0.0,0,,0,1,1,4,0.0435,0.0261,34,29,1.9,1.38,1.9
00-0038809,Ben Sims,TE,MIN,2025,17,0,0,0.0,0,,0,1,1,3,0.0714,0.0448,28,28,1.3,1.15,1.3
00-0038809,Ben Sims,TE,MIN,2025,18,0,0,0.0,0,,0,4,1,66,0.1333,0.3333,31,31,2.8,7.55,2.8
00-0038824,Ryan Miller,WR,TB,2025,1,0,0,0.0,0,,0,1,0,15,0.0333,0.0449,23,22,0.0,1.89,0.0
00-0038824,Ryan Miller,WR,TB,2025,2,0,0,0.0,0,,0,1,1,20,0.0278,0.0658,30,35,9.0,2.87,9.0
00-0038824,Ryan Miller,WR,TB,2025,3,0,0,0.0,0,,0,1,0,21,0.0345,0.0905,34,35,0.0,1.81,0.0
00-0038824,Ryan Miller,WR,TB,2025,7,0,0,0.0,0,,0,1,1,14,0.02,0.0293,12,16,2.4,1.55,2.4
00-0038839,Mitchell Tinsley,WR,CIN,2025,2,0,0,0.0,0,,0,1,1,13,0.0233,0.0361,17,18,8.3,2.26,8.3
00-0038839,Mitchell Tinsley,WR,CIN,2025,3,0,0,0.0,0,,0,1,0,0.0,0.0385,0.0,21,23,0.0,1.31,0.0
00-0038839,Mitchell Tinsley,WR,CIN,2025,4,0,0,0.0,0,,0,2,1,27,0.0909,0.135,15,14,1.9,3.14,1.9
00-0038839,Mitchell Tinsley,WR,CIN,2025,9,0,0,0.0,0,,0,2,1,49,0.0444,0.1148,15,21,3.7,4.06,3.7
00-0038839,Mitchell Tinsley,WR,CIN,2025,12,0,0,0.0,0,,0,6,2,93,0.1765,0.2768,23,23,10.9,10.07,10.9
00-0038839,Mitchell Tinsley,WR,CIN,2025,13,0,0,0.0,0,,0,9,2,125,0.2045,0.3289,33,38,4.2,16.86,4.2
00-0038839,Mitchell Tinsley,WR,CIN,2025,15,0,0,0.0,0,,0,2,1,23,0.0556,0.081,29,35,2.6,4.85,2.6
00-0038839,Mitchell Tinsley,WR,CIN,2025,16,0,0,0.0,0,,0,1,0,24,0.0323,0.129,26,29,0.0,1.9,0.0
00-0038840,Brycen Tremayne,WR,CAR,2025,2,0,0,0.0,0,,0,5,3,62,0.0943,0.1653,19,23,7.8,6.74,7.8
00-0038840,Brycen Tremayne,WR,CAR,2025,3,0,0,0.0,0,,0,2,2,9,0.0833,0.0677,30,30,3.5,2.59,3.5
00-0038840,Brycen Tremayne,WR,CAR,2025,4,0,0,0.0,0,,0,4,3,30,0.125,0.1508,28,30,6.6,5.86,6.6
00-0038840,Brycen Tremayne,WR,CAR,2025,5,0,0,0.0,0,,0,1,1,8,0.037,0.0328,32,31,1.9,1.6,1.9
00-0038840,Brycen Tremayne,WR,CAR,2025,9,0,0,0.0,0,,0,1,1,5,0.0526,0.04,33,32,1.8,1.43,1.8
00-0038840,Brycen Tremayne,WR,CAR,2025,11,0,0,0.0,0,,0,2,2,14,0.0455,0.0504,25,30,3.7,2.84,3.7
00-0038840,Brycen Tremayne,WR,CAR,2025,17,0,0,0.0,0,,0,1,0,14,0.0476,0.3256,26,22,0.0,1.73,0.0
00-0038840,Brycen Tremayne,WR,CAR,2025,18,0,0,0.0,0,,0,2,2,15,0.0667,0.0593,14,16,4.7,2.99,4.7
00-0038891,Shedrick Jackson,WR,LV,2025,14,0,0,0.0,0,,0,1,1,25,0.0357,0.1025,12,13,9.5,2.28,9.5
00-0038891,Shedrick Jackson,WR,LV,2025,17,0,0,0.0,0,,0,3,2,45,0.1071,0.2695,20,19,4.0,4.22,4.0
00-0038891,Shedrick Jackson,WR,LV,2025,18,0,0,0.0,0,,1,1,1,11,0.0385,0.0487,32,31,2.4,2.06,2.4
00-0038896,Jacob Saylors,RB,DET,2025,4,0,0,0.0,0,,2,0,0,0.0,0.0,0.0,29,28,1.1,0.82,1.1
00-0038911,Malik Cunningham,WR,DET,2025,14,0,0,0.0,0,,1,0,0,0.0,0.0,0.0,22,26,0.1,0.69,0.1
00-0038933,Dalton Kincaid,TE,BUF,2025,1,0,0,0.0,0,,0,4,4,40,0.0889,0.1,31,22,14.8,8.93,14.8
00-0038933,Dalton Kincaid,TE,BUF,2025,2,0,0,0.0,0,,0,6,4,29,0.24,0.1986,43,33,7.7,10.76,7.7
00-0038933,Dalton Kincaid,TE,BUF,2025,3,0,0,0.0,0,,0,6,5,41,0.2222,0.3694,27,26,17.6,11.71,17.6
00-0038933,Dalton Kincaid,TE,BUF,2025,4,0,0,0.0,0,,0,2,1,37,0.0909,0.1652,32,27,9.8,4.02,9.8
00-0038933,Dalton Kincaid,TE,BUF,2025,5,0,0,0.0,0,,0,6,6,75,0.2,0.3049,29,19,16.8,11.42,16.8
00-0038933,Dalton Kincaid,TE,BUF,2025,8,0,0,0.0,0,,0,3,1,33,0.1304,0.2245,35,32,3.3,5.25,3.3
00-0038933,Dalton Kincaid,TE,BUF,2025,9,0,0,0.0,0,,0,6,6,48,0.24,0.3609,35,32,22.1,11.05,22.1
00-0038933,Dalton Kincaid,TE,BUF,2025,10,0,0,0.0,0,,0,3,2,41,0.0769,0.1015,22,24,5.7,6.01,5.7
00-0038933,Dalton Kincaid,TE,BUF,2025,14,0,0,0.0,0,,0,5,4,21,0.1852,0.1628,29,24,14.1,9.68,14.1
00-0038933,Dalton Kincaid,TE,BUF,2025,15,0,0,0.0,0,,0,4,3,50,0.1538,0.1852,37,32,6.4,8.53,6.4
00-0038933,Dalton Kincaid,TE,BUF,2025,16,0,0,0.0,0,,0,1,0,19,0.0556,0.157,29,25,0.0,2.32,0.0
00-0038933,Dalton Kincaid,TE,BUF,2025,18,0,0,0.0,0,,0,3,3,31,0.1071,0.1558,43,43,7.8,5.14,7.8
00-0038935,Brenton Strange,TE,JAX,2025,1,0,0,0.0,0,,0,4,4,36,0.1379,0.1614,32,29,9.9,7.03,9.9
00-0038935,Brenton Strange,TE,JAX,2025,2,0,0,0.0,0,,0,5,3,31,0.122,0.1006,27,28,4.7,8.37,4.7
00-0038935,Brenton Strange,TE,JAX,2025,3,0,0,0.0,0,,0,7,6,41,0.1842,0.1302,24,23,12.1,11.12,12.1
00-0038935,Brenton Strange,TE,JAX,2025,4,0,0,0.0,0,,0,7,6,27,0.2333,0.1378,32,26,10.5,10.54,10.5
00-0038935,Brenton Strange,TE,JAX,2025,5,0,0,0.0,0,,0,1,1,-2,0.04,-0.0096,26,20,3.2,1.45,3.2
00-0038935,Brenton Strange,TE,JAX,2025,12,0,0,0.0,0,,0,5,5,61,0.1667,0.2251,28,26,14.3,9.08,14.3
00-0038935,Brenton Strange,TE,JAX,2025,13,0,0,0.0,0,,0,4,3,65,0.16,0.2407,27,22,13.5,8.12,13.5
00-0038935,Brenton Strange,TE,JAX,2025,14,0,0,0.0,0,,0,6,3,39,0.1935,0.1171,32,25,5.7,10.61,5.7
00-0038935,Brenton Strange,TE,JAX,2025,15,0,0,0.0,0,,0,3,1,26,0.1071,0.0751,27,22,3.6,5.27,3.6
00-0038935,Brenton Strange,TE,JAX,2025,16,0,0,0.0,0,,0,7,5,45,0.2,0.1601,27,24,14.9,12.89,14.9
00-0038935,Brenton Strange,TE,JAX,2025,17,0,0,0.0,0,,0,5,3,19,0.1351,0.0525,29,22,8.4,7.67,8.4
00-0038935,Brenton Strange,TE,JAX,2025,18,0,0,0.0,0,,0,6,6,26,0.1935,0.0881,24,20,17.2,10.86,17.2
00-0038938,Jalin Hyatt,WR,NYG,2025,5,0,0,0.0,0,,0,3,0,113,0.0769,0.3445,29,28,0.0,4.98,0.0
00-0038938,Jalin Hyatt,WR,NYG,2025,6,0,0,0.0,0,,0,5,3,33,0.1923,0.1381,39,28,4.7,6.88,4.7
00-0038938,Jalin Hyatt,WR,NYG,2025,7,0,0,0.0,0,,0,1,0,49,0.0303,0.1433,32,30,0.0,1.69,0.0
00-0038938,Jalin Hyatt,WR,NYG,2025,11,0,0,0.0,0,,0,4,2,71,0.1379,0.3242,38,40,3.8,7.8,3.8
00-0038938,Jalin Hyatt,WR,NYG,2025,15,0,0,0.0,0,,0,1,0,14,0.0278,0.0326,29,24,0.0,1.73,0.0
00-0038951,Sean Tucker,RB,TB,2025,1,0,0,0.0,0,,1,0,0,0.0,0.0,0.0,23,22,0.2,0.49,0.2
00-0038951,Sean Tucker,RB,TB,2025,5,0,0,0.0,0,,3,3,3,-12,0.0938,-0.0467,24,24,2.9,5.97,2.9
00-0038951,Sean Tucker,RB,TB,2025,6,0,0,0.0,0,,6,0,0,0.0,0.0,0.0,26,26,8.5,3.51,8.5
00-0038951,Sean Tucker,RB,TB,2025,7,0,0,0.0,0,,1,1,1,-6,0.02,-0.0126,12,16,1.6,2.14,1.6
00-0038951,Sean Tucker,RB,TB,2025,8,0,0,0.0,0,,12,0,0,0.0,0.0,0.0,29,31,10.2,14.97,10.2
00-0038951,Sean Tucker,RB,TB,2025,10,0,0,0.0,0,,9,2,1,-9,0.0465,-0.0319,21,25,6.1,6.46,6.1
00-0038951,Sean Tucker,RB,TB,2025,11,0,0,0.0,0,,19,2,2,9,0.0741,0.0459,39,33,34.0,14.37,34.0
00-0038951,Sean Tucker,RB,TB,2025,12,0,0,0.0,0,,12,2,1,4,0.0645,0.0159,29,24,5.6,7.83,5.6
00-0038951,Sean Tucker,RB,TB,2025,13,0,0,0.0,0,,2,0,0,0.0,0.0,0.0,27,26,0.0,0.82,0.0
00-0038951,Sean Tucker,RB,TB,2025,14,0,0,0.0,0,,7,0,0,0.0,0.0,0.0,39,36,8.9,7.24,8.9
00-0038951,Sean Tucker,RB,TB,2025,15,0,0,0.0,0,,4,0,0,0.0,0.0,0.0,22,23,6.7,8.58,6.7
00-0038951,Sean Tucker,RB,TB,2025,16,0,0,0.0,0,,4,0,0,0.0,0.0,0.0,33,30,6.3,9.44,6.3
00-0038951,Sean Tucker,RB,TB,2025,17,0,0,0.0,0,,2,1,0,4,0.0227,0.0111,16,20,0.8,5.53,0.8
00-0038951,Sean Tucker,RB,TB,2025,18,0,0,0.0,0,,4,0,0,0.0,0.0,0.0,42,40,-0.4,2.09,-0.4
00-0038953,Dylan Drummond,WR,ATL,2025,12,0,0,0.0,0,,0,3,3,14,0.15,0.0828,29,29,4.8,4.42,4.8
00-0038953,Dylan Drummond,WR,ATL,2025,13,0,0,0.0,0,,0,3,1,45,0.0968,0.2922,32,38,1.3,3.68,1.3
00-0038953,Dylan Drummond,WR,ATL,2025,14,0,0,0.0,0,,0,5,3,26,0.1786,0.1275,31,35,5.1,9.86,5.1
00-0038976,Marvin Mims Jr.,WR,DEN,2025,1,0,0,0.0,0,,0,4,3,35,0.1081,0.1643,30,27,4.2,6.66,4.2
00-0038976,Marvin Mims Jr.,WR,DEN,2025,2,0,0,0.0,0,,0,2,2,18,0.0667,0.1224,24,24,10.4,4.17,10.4
00-0038976,Marvin Mims Jr.,WR,DEN,2025,3,0,0,0.0,0,,0,4,1,88,0.1739,0.3271,21,17,1.4,7.21,1.4
00-0038976,Marvin Mims Jr.,WR,DEN,2025,4,0,0,0.0,0,,1,6,6,21,0.1429,0.075,38,36,20.5,9.97,20.5
00-0038976,Marvin Mims Jr.,WR,DEN,2025,5,0,0,0.0,0,,1,5,2,85,0.1389,0.2673,29,29,3.9,8.1,3.9
00-0038976,Marvin Mims Jr.,WR,DEN,2025,6,0,0,0.0,0,,1,3,2,59,0.1154,0.3856,26,21,4.8,7.2,4.8
00-0038976,Marvin Mims Jr.,WR,DEN,2025,7,0,0,0.0,0,,1,7,6,92,0.1429,0.2341,24,22,15.8,11.66,15.8
00-0038976,Marvin Mims Jr.,WR,DEN,2025,8,0,0,0.0,0,,3,1,0,5,0.037,0.0167,28,26,1.8,3.68,1.8
00-0038976,Marvin Mims Jr.,WR,DEN,2025,11,0,0,0.0,0,,1,0,0,0.0,0.0,0.0,21,22,0.2,0.61,0.2
00-0038976,Marvin Mims Jr.,WR,DEN,2025,13,0,0,0.0,0,,1,2,2,-2,0.0465,-0.0106,23,26,3.7,3.29,3.7
00-0038976,Marvin Mims Jr.,WR,DEN,2025,14,0,0,0.0,0,,1,1,1,3,0.0278,0.0139,31,33,7.7,2.59,1.7
00-0038976,Marvin Mims Jr.,WR,DEN,2025,15,0,0,0.0,0,,1,6,4,66,0.1875,0.2043,31,22,7.7,10.86,7.7
00-0038976,Marvin Mims Jr.,WR,DEN,2025,16,0,0,0.0,0,,1,3,3,5,0.0652,0.0111,17,17,5.9,5.2,5.9
00-0038976,Marvin Mims Jr.,WR,DEN,2025,17,0,0,0.0,0,,0,4,3,14,0.1081,0.068,32,26,4.0,5.79,4.0
00-0038976,Marvin Mims Jr.,WR,DEN,2025,18,0,0,0.0,0,,0,3,2,-11,0.1304,-0.4231,31,27,3.0,3.71,3.0
00-0038979,Cedric Tillman,WR,CLE,2025,1,0,0,0.0,0,,0,8,5,67,0.1905,0.2454,24,30,16.2,14.92,16.2
00-0038979,Cedric Tillman,WR,CLE,2025,2,0,0,0.0,0,,0,7,2,72,0.1707,0.2308,22,31,10.2,10.97,10.2
00-0038979,Cedric Tillman,WR,CLE,2025,3,0,0,0.0,0,,0,3,3,23,0.0909,0.0906,19,24,5.6,4.29,5.6
00-0038979,Cedric Tillman,WR,CLE,2025,4,0,0,0.0,0,,0,2,1,24,0.0588,0.0692,27,28,1.6,3.43,1.6
00-0038979,Cedric Tillman,WR,CLE,2025,10,0,0,0.0,0,,0,4,2,45,0.125,0.225,32,28,3.1,6.1,3.1
00-0038979,Cedric Tillman,WR,CLE,2025,11,0,0,0.0,0,,0,4,3,39,0.16,0.2349,25,19,8.2,6.1,8.2
00-0038979,Cedric Tillman,WR,CLE,2025,12,0,0,0.0,0,,0,3,1,64,0.1667,0.3282,27,26,1.5,5.69,1.5
00-0038979,Cedric Tillman,WR,CLE,2025,13,0,0,0.0,0,,0,1,0,3,0.0435,0.0173,31,33,0.0,1.17,0.0
00-0038979,Cedric Tillman,WR,CLE,2025,14,0,0,0.0,0,,0,3,1,68,0.0789,0.223,20,24,3.3,3.89,3.3
00-0038979,Cedric Tillman,WR,CLE,2025,16,0,0,0.0,0,,0,1,1,4,0.037,0.058,31,32,1.8,1.31,1.8
00-0038979,Cedric Tillman,WR,CLE,2025,17,0,0,0.0,0,,0,1,1,28,0.0435,0.1481,25,25,5.2,1.33,5.2
00-0038979,Cedric Tillman,WR,CLE,2025,18,0,0,0.0,0,,0,2,1,26,0.0952,0.1327,24,20,3.3,3.47,3.3
00-0038994,Jordan Addison,WR,MIN,2025,4,0,0,0.0,0,,0,8,4,113,0.1905,0.3373,20,27,15.4,11.71,15.4
00-0038994,Jordan Addison,WR,MIN,2025,5,0,0,0.0,0,,0,6,5,46,0.1765,0.1825,23,21,15.1,9.59,15.1
00-0038994,Jordan Addison,WR,MIN,2025,7,0,0,0.0,0,,0,12,9,182,0.3,0.4323,23,20,21.8,21.72,21.8
00-0038994,Jordan Addison,WR,MIN,2025,8,0,0,0.0,0,,0,4,3,35,0.1333,0.3241,11,16,11.6,7.82,11.6
00-0038994,Jordan Addison,WR,MIN,2025,9,0,0,0.0,0,,1,4,2,102,0.1739,0.3953,29,22,8.4,9.83,8.4
00-0038994,Jordan Addison,WR,MIN,2025,10,0,0,0.0,0,,0,11,3,122,0.2683,0.2664,18,17,6.5,18.68,6.5
00-0038994,Jordan Addison,WR,MIN,2025,11,0,0,0.0,0,,0,7,2,143,0.2188,0.4628,22,25,10.0,13.26,10.0
00-0038994,Jordan Addison,WR,MIN,2025,12,0,0,0.0,0,,0,1,0,-1,0.0556,-0.01,20,20,0.0,1.39,0.0
00-0038994,Jordan Addison,WR,MIN,2025,13,0,0,0.0,0,,0,10,5,110,0.3448,0.6587,16,21,8.6,14.93,6.6
00-0038994,Jordan Addison,WR,MIN,2025,14,0,0,0.0,0,,0,7,4,78,0.3043,0.5098,34,29,10.2,15.14,10.2
00-0038994,Jordan Addison,WR,MIN,2025,15,0,0,0.0,0,,0,2,2,48,0.0833,0.1928,28,25,8.6,3.42,8.6
00-0038994,Jordan Addison,WR,MIN,2025,16,0,0,0.0,0,,0,3,2,50,0.1304,0.4,31,29,4.6,5.31,4.6
00-0038994,Jordan Addison,WR,MIN,2025,17,0,0,0.0,0,,1,1,0,19,0.0714,0.2836,28,28,12.5,2.79,12.5
00-0038994,Jordan Addison,WR,MIN,2025,18,0,0,0.0,0,,0,3,1,36,0.1,0.1818,31,31,1.8,6.76,1.8
00-0038996,Tucker Kraft,TE,GB,2025,1,0,0,0.0,0,,1,4,2,51,0.1818,0.2016,25,23,9.9,8.61,9.9
00-0038996,Tucker Kraft,TE,GB,2025,2,0,0,0.0,0,,0,7,6,56,0.2593,0.1373,30,26,24.4,13.34,24.4
00-0038996,Tucker Kraft,TE,GB,2025,3,0,0,0.0,0,,0,4,3,0.0,0.16,0.0,31,27,5.9,5.51,5.9
00-0038996,Tucker Kraft,TE,GB,2025,4,0,0,0.0,0,,0,5,5,1,0.1389,0.0039,35,38,10.6,8.2,10.6
00-0038996,Tucker Kraft,TE,GB,2025,6,0,0,0.0,0,,0,2,2,24,0.0769,0.0976,33,28,12.3,3.55,12.3
00-0038996,Tucker Kraft,TE,GB,2025,7,0,0,0.0,0,,0,10,5,36,0.3571,0.1895,23,21,16.8,16.38,16.8
00-0038996,Tucker Kraft,TE,GB,2025,8,0,0,0.0,0,,0,9,7,17,0.2571,0.0876,26,30,33.3,11.91,33.3
00-0038996,Tucker Kraft,TE,GB,2025,9,0,0,0.0,0,,0,3,2,16,0.0857,0.0492,25,30,4.0,3.61,4.0
00-0038997,Josh Downs,WR,IND,2025,1,0,0,0.0,0,,0,3,2,13,0.1034,0.0663,40,34,3.2,4.34,3.2
00-0038997,Josh Downs,WR,IND,2025,2,0,0,0.0,0,,0,8,6,58,0.2424,0.1763,32,27,11.1,12.74,11.1
00-0038997,Josh Downs,WR,IND,2025,3,0,0,0.0,0,,0,3,2,47,0.12,0.2686,28,23,5.4,5.12,5.4
00-0038997,Josh Downs,WR,IND,2025,4,0,0,0.0,0,,0,5,4,21,0.1562,0.0671,21,23,6.4,6.77,6.4
00-0038997,Josh Downs,WR,IND,2025,5,0,0,0.0,0,,0,8,6,58,0.2581,0.2172,25,27,11.4,12.34,11.4
00-0038997,Josh Downs,WR,IND,2025,6,0,0,0.0,0,,0,7,6,33,0.2333,0.1618,27,27,16.2,11.51,16.2
00-0038997,Josh Downs,WR,IND,2025,8,0,0,0.0,0,,0,3,3,30,0.1071,0.1124,18,19,12.9,6.75,12.9
00-0038997,Josh Downs,WR,IND,2025,9,0,0,0.0,0,,0,9,6,52,0.1875,0.1204,19,19,17.7,15.38,17.0
00-0038997,Josh Downs,WR,IND,2025,10,0,0,0.0,0,,0,2,1,5,0.0769,0.0239,41,37,1.3,2.78,1.3
00-0038997,Josh Downs,WR,IND,2025,12,0,0,0.0,0,,0,6,2,46,0.1935,0.3309,19,18,3.0,8.7,3.0
00-0038997,Josh Downs,WR,IND,2025,13,0,0,0.0,0,,0,6,2,47,0.24,0.2374,23,24,6.4,7.56,6.4
00-0038997,Josh Downs,WR,IND,2025,14,0,0,0.0,0,,0,5,4,15,0.1389,0.0647,26,24,6.3,6.22,6.3
00-0038997,Josh Downs,WR,IND,2025,15,0,0,0.0,0,,0,5,3,27,0.1923,0.1901,30,37,10.3,7.24,10.3
00-0038997,Josh Downs,WR,IND,2025,16,0,0,0.0,0,,1,9,5,111,0.25,0.3294,20,23,11.8,13.56,11.8
00-0038997,Josh Downs,WR,IND,2025,17,0,0,0.0,0,,0,5,2,49,0.1724,0.1701,22,25,5.4,8.51,5.4
00-0038997,Josh Downs,WR,IND,2025,18,0,0,0.0,0,,1,4,4,47,0.1212,0.1478,28,28,9.6,6.07,7.6
00-0039021,Roschon Johnson,RB,CHI,2025,6,0,0,0.0,0,,1,0,0,0.0,0.0,0.0,27,23,0.6,0.43,0.6
00-0039021,Roschon Johnson,RB,CHI,2025,7,0,0,0.0,0,,1,0,0,0.0,0.0,0.0,40,36,1.1,0.58,1.1
00-0039032,Tyjae Spears,RB,TEN,2025,5,0,0,0.0,0,,4,0,0,0.0,0.0,0.0,24,22,1.4,1.76,1.4
00-0039032,Tyjae Spears,RB,TEN,2025,6,0,0,0.0,0,,5,4,4,-13,0.1176,-0.0514,15,21,9.0,8.49,9.0
00-0039032,Tyjae Spears,RB,TEN,2025,7,0,0,0.0,0,,5,4,3,7,0.125,0.031,12,20,7.0,7.81,7.0
00-0039032,Tyjae Spears,RB,TEN,2025,8,0,0,0.0,0,,9,3,3,5,0.0811,0.0152,25,26,17.2,10.61,17.2
00-0039032,Tyjae Spears,RB,TEN,2025,9,0,0,0.0,0,,7,3,3,1,0.1429,0.0055,19,21,9.2,7.99,9.2
00-0039032,Tyjae Spears,RB,TEN,2025,11,0,0,0.0,0,,4,5,5,-15,0.1389,-0.056,17,22,8.4,8.31,8.4
00-0039032,Tyjae Spears,RB,TEN,2025,12,0,0,0.0,0,,3,5,4,-27,0.1316,-0.1385,22,24,6.5,9.76,6.5
00-0039032,Tyjae Spears,RB,TEN,2025,13,0,0,0.0,0,,2,6,6,4,0.1714,0.0161,14,19,8.4,8.96,8.4
00-0039032,Tyjae Spears,RB,TEN,2025,14,0,0,0.0,0,,8,4,2,2,0.16,0.0115,35,35,6.7,9.68,6.7
00-0039032,Tyjae Spears,RB,TEN,2025,15,0,0,0.0,0,,3,2,2,0.0,0.0741,0.0,20,21,5.6,5.21,5.6
00-0039032,Tyjae Spears,RB,TEN,2025,16,0,0,0.0,0,,13,5,5,-19,0.1852,-0.1166,40,41,21.5,16.07,21.5
00-0039032,Tyjae Spears,RB,TEN,2025,17,0,0,0.0,0,,6,2,1,-24,0.0571,-0.0643,28,28,1.1,5.47,1.1
00-0039032,Tyjae Spears,RB,TEN,2025,18,0,0,0.0,0,,3,7,7,-36,0.2121,-0.2835,19,27,9.7,10.68,9.7
00-0039040,De'Von Achane,RB,MIA,2025,1,0,0,0.0,0,,7,4,3,-3,0.129,-0.0128,12,13,16.5,9.05,16.5
00-0039040,De'Von Achane,RB,MIA,2025,2,0,0,0.0,0,,11,10,8,-9,0.3125,-0.0359,15,21,26.2,20.36,26.2
00-0039040,De'Von Achane,RB,MIA,2025,3,0,0,0.0,0,,12,9,7,-5,0.2727,-0.0245,25,28,16.1,19.62,15.4
00-0039040,De'Von Achane,RB,MIA,2025,4,0,0,0.0,0,,20,2,1,2,0.08,0.0146,31,27,17.1,15.39,17.1
00-0039040,De'Von Achane,RB,MIA,2025,5,0,0,0.0,0,,10,7,6,11,0.2059,0.0383,14,19,16.6,17.11,16.6
00-0039040,De'Von Achane,RB,MIA,2025,6,0,0,0.0,0,,16,6,4,0.0,0.2,0.0,21,23,31.0,19.39,31.0
00-0039040,De'Von Achane,RB,MIA,2025,7,0,0,0.0,0,,13,5,3,-4,0.1667,-0.0174,22,22,12.8,12.56,12.8
00-0039040,De'Von Achane,RB,MIA,2025,8,0,0,0.0,0,,18,7,5,3,0.2593,0.0297,37,44,20.1,22.73,20.1
00-0039040,De'Von Achane,RB,MIA,2025,9,0,0,0.0,0,,14,10,6,31,0.2703,0.1144,20,23,16.6,24.63,16.6
00-0039040,De'Von Achane,RB,MIA,2025,10,0,0,0.0,0,,22,6,6,-6,0.2857,-0.0319,32,34,40.5,20.9,40.5
00-0039040,De'Von Achane,RB,MIA,2025,11,0,0,0.0,0,,21,5,5,-1,0.25,-0.0074,31,36,21.5,24.18,21.5
00-0039040,De'Von Achane,RB,MIA,2025,13,0,0,0.0,0,,22,1,0,0.0,0.05,0.0,32,28,19.4,14.75,19.4
00-0039040,De'Von Achane,RB,MIA,2025,14,0,0,0.0,0,,7,1,1,0.0,0.0476,0.0,41,37,17.5,5.53,17.5
00-0039040,De'Von Achane,RB,MIA,2025,15,0,0,0.0,0,,12,6,6,21,0.2308,0.1228,16,22,18.7,14.37,18.7
00-0039040,De'Von Achane,RB,MIA,2025,16,0,0,0.0,0,,15,3,3,-5,0.1034,-0.0192,28,29,18.0,11.69,18.0
00-0039040,De'Von Achane,RB,MIA,2025,17,0,0,0.0,0,,18,3,3,0.0,0.1364,0.0,30,26,14.2,13.76,14.2
00-0039041,Elijah Higgins,TE,ARI,2025,1,0,0,0.0,0,,0,2,1,5,0.069,0.0301,27,25,1.3,2.96,1.3
00-0039041,Elijah Higgins,TE,ARI,2025,2,0,0,0.0,0,,0,3,2,15,0.12,0.0938,22,19,6.5,7.1,6.5
00-0039041,Elijah Higgins,TE,ARI,2025,3,0,0,0.0,0,,0,1,1,5,0.0294,0.0282,28,27,1.7,1.54,1.7
00-0039041,Elijah Higgins,TE,ARI,2025,5,0,0,0.0,0,,0,2,2,-4,0.0667,-0.0191,29,31,3.0,2.97,3.0
00-0039041,Elijah Higgins,TE,ARI,2025,6,0,0,0.0,0,,0,2,2,15,0.0513,0.0384,24,24,5.4,2.78,5.4
00-0039041,Elijah Higgins,TE,ARI,2025,7,0,0,0.0,0,,0,1,1,-6,0.0294,-0.0192,28,27,1.3,1.53,1.3
00-0039041,Elijah Higgins,TE,ARI,2025,9,0,0,0.0,0,,0,3,3,6,0.1034,0.0242,29,26,6.0,4.31,6.0
00-0039041,Elijah Higgins,TE,ARI,2025,10,0,0,0.0,0,,0,3,2,24,0.0682,0.0729,23,21,3.9,4.65,3.9
00-0039041,Elijah Higgins,TE,ARI,2025,11,0,0,0.0,0,,0,3,2,8,0.0536,0.0206,14,23,1.1,4.16,1.1
00-0039041,Elijah Higgins,TE,ARI,2025,13,0,0,0.0,0,,0,2,2,6,0.0541,0.0208,19,24,3.7,2.59,3.7
00-0039041,Elijah Higgins,TE,ARI,2025,14,0,0,0.0,0,,0,1,1,-3,0.0227,-0.0085,14,15,1.0,1.46,1.0
00-0039041,Elijah Higgins,TE,ARI,2025,15,0,0,0.0,0,,0,2,1,21,0.0526,0.082,21,24,1.3,2.79,1.3
00-0039041,Elijah Higgins,TE,ARI,2025,16,0,0,0.0,0,,0,8,7,27,0.2759,0.1184,23,22,16.1,12.53,16.1
00-0039041,Elijah Higgins,TE,ARI,2025,17,0,0,0.0,0,,0,1,0,11,0.0286,0.0386,13,17,0.0,1.77,0.0
00-0039041,Elijah Higgins,TE,ARI,2025,18,0,0,0.0,0,,0,3,3,18,0.1071,0.0717,15,18,5.8,4.5,5.8
00-0039050,Payne Durham,TE,TB,2025,2,0,0,0.0,0,,0,1,0,5,0.0278,0.0164,30,35,0.0,1.18,0.0
00-0039050,Payne Durham,TE,TB,2025,10,0,0,0.0,0,,0,1,0,-2,0.0233,-0.0071,21,25,0.0,1.15,0.0
00-0039050,Payne Durham,TE,TB,2025,13,0,0,0.0,0,,0,1,1,0.0,0.0385,0.0,27,26,2.1,1.41,2.1
00-0039050,Payne Durham,TE,TB,2025,18,0,0,0.0,0,,0,1,0,13,0.0455,0.0915,42,40,0.0,3.78,0.0
00-0039062,Jonathan Mingo,WR,DAL,2025,14,0,0,0.0,0,,0,1,0,18,0.0213,0.0362,24,22,0.0,2.09,0.0
00-0039062,Jonathan Mingo,WR,DAL,2025,15,0,0,0.0,0,,0,1,1,21,0.0286,0.0761,29,30,3.5,1.92,3.5
00-0039062,Jonathan Mingo,WR,DAL,2025,16,0,0,0.0,0,,0,1,0,35,0.0312,0.1122,23,21,0.0,1.58,0.0
00-0039062,Jonathan Mingo,WR,DAL,2025,17,0,0,0.0,0,,0,1,0,13,0.0278,0.034,44,41,0.0,1.8,0.0
00-0039062,Jonathan Mingo,WR,DAL,2025,18,0,0,0.0,0,,0,1,0,10,0.0435,0.0562,30,26,0.0,1.38,0.0
00-0039064,Zay Flowers,WR,BAL,2025,1,0,0,0.0,0,,2,9,7,91,0.4737,0.526,29,23,28.1,17.47,28.1
00-0039064,Zay Flowers,WR,BAL,2025,2,0,0,0.0,0,,1,11,7,134,0.3929,0.4908,21,17,14.9,19.75,14.9
00-0039064,Zay Flowers,WR,BAL,2025,3,0,0,0.0,0,,0,3,2,9,0.1071,0.0317,19,16,3.3,5.54,3.3
00-0039064,Zay Flowers,WR,BAL,2025,4,0,0,0.0,0,,0,8,7,59,0.2667,0.3734,17,18,14.4,11.67,14.4
00-0039064,Zay Flowers,WR,BAL,2025,5,0,0,0.0,0,,0,5,5,42,0.25,0.2577,19,21,12.2,7.68,12.2
00-0039064,Zay Flowers,WR,BAL,2025,6,0,0,0.0,0,,0,10,6,85,0.3125,0.3899,37,36,8.6,14.65,8.6
00-0039064,Zay Flowers,WR,BAL,2025,8,0,0,0.0,0,,1,9,7,97,0.4091,0.4641,35,26,14.1,17.05,14.1
00-0039064,Zay Flowers,WR,BAL,2025,9,0,0,0.0,0,,0,5,5,36,0.2174,0.1739,31,28,11.4,9.17,11.4
00-0039064,Zay Flowers,WR,BAL,2025,10,0,0,0.0,0,,1,6,4,25,0.2143,0.2101,36,30,12.1,9.15,12.1
00-0039064,Zay Flowers,WR,BAL,2025,11,0,0,0.0,0,,1,5,3,62,0.2,0.3116,30,29,11.3,7.89,11.3
00-0039064,Zay Flowers,WR,BAL,2025,12,0,0,0.0,0,,2,6,5,53,0.3,0.2366,34,26,11.9,11.75,11.9
00-0039064,Zay Flowers,WR,BAL,2025,13,0,0,0.0,0,,0,7,2,113,0.2333,0.2966,22,19,0.6,11.71,0.6
00-0039064,Zay Flowers,WR,BAL,2025,14,0,0,0.0,0,,1,11,8,118,0.3333,0.4591,40,35,20.6,18.29,20.6
00-0039064,Zay Flowers,WR,BAL,2025,15,0,0,0.0,0,,0,5,3,89,0.4167,0.6899,24,21,15.8,11.21,15.8
00-0039064,Zay Flowers,WR,BAL,2025,16,0,0,0.0,0,,1,7,7,72,0.35,0.4211,33,29,21.2,12.57,21.2
00-0039064,Zay Flowers,WR,BAL,2025,17,0,0,0.0,0,,0,5,4,18,0.25,0.225,53,49,13.0,8.88,13.0
00-0039064,Zay Flowers,WR,BAL,2025,18,0,0,0.0,0,,0,6,4,101,0.3529,0.5706,27,24,29.8,10.62,29.8
00-0039065,Sam LaPorta,TE,DET,2025,1,0,0,0.0,0,,0,9,6,45,0.2368,0.2761,22,34,13.9,13.47,13.9
00-0039065,Sam LaPorta,TE,DET,2025,2,0,0,0.0,0,,0,4,3,18,0.1429,0.0657,30,30,5.6,5.11,5.6
00-0039065,Sam LaPorta,TE,DET,2025,3,0,0,0.0,0,,0,4,4,25,0.1538,0.1185,38,40,7.3,7.14,7.3
00-0039065,Sam LaPorta,TE,DET,2025,4,0,0,0.0,0,,0,4,3,42,0.16,0.1342,29,28,6.9,6.44,6.9
00-0039065,Sam LaPorta,TE,DET,2025,5,0,0,0.0,0,,0,6,5,26,0.2609,0.2453,33,33,20.2,10.57,20.2
00-0039065,Sam LaPorta,TE,DET,2025,6,0,0,0.0,0,,0,6,5,37,0.2222,0.3394,23,24,16.5,11.19,16.5
00-0039065,Sam LaPorta,TE,DET,2025,7,0,0,0.0,0,,0,3,3,10,0.1071,0.0637,32,35,4.5,4.64,4.5
00-0039065,Sam LaPorta,TE,DET,2025,9,0,0,0.0,0,,0,8,6,55,0.2222,0.2209,20,25,21.7,13.69,21.7
00-0039065,Sam LaPorta,TE,DET,2025,10,0,0,0.0,0,,0,5,5,19,0.1562,0.1098,33,35,10.3,7.81,10.3
00-0039066,Michael Mayer,TE,LV,2025,1,0,0,0.0,0,,0,4,4,14,0.1212,0.04,24,24,7.8,7.0,7.8
00-0039066,Michael Mayer,TE,LV,2025,2,0,0,0.0,0,,0,2,2,7,0.0465,0.0241,19,20,2.9,2.55,2.9
00-0039066,Michael Mayer,TE,LV,2025,3,0,0,0.0,0,,0,1,0,1,0.037,0.0033,28,26,0.0,0.88,0.0
00-0039066,Michael Mayer,TE,LV,2025,6,0,0,0.0,0,,0,7,5,19,0.3043,0.3276,32,30,16.0,12.14,16.0
00-0039066,Michael Mayer,TE,LV,2025,7,0,0,0.0,0,,0,2,1,10,0.1176,0.1961,11,11,2.0,2.46,2.0
00-0039066,Michael Mayer,TE,LV,2025,9,0,0,0.0,0,,0,7,3,51,0.1842,0.3148,19,19,5.6,11.36,5.6
00-0039066,Michael Mayer,TE,LV,2025,10,0,0,0.0,0,,0,4,3,9,0.16,0.1475,25,24,5.2,7.04,5.2
00-0039066,Michael Mayer,TE,LV,2025,11,0,0,0.0,0,,0,4,3,17,0.1026,0.0773,12,16,4.3,5.33,4.3
00-0039066,Michael Mayer,TE,LV,2025,12,0,0,0.0,0,,0,1,1,4,0.0238,0.0111,21,29,2.4,1.36,2.4
00-0039066,Michael Mayer,TE,LV,2025,16,0,0,0.0,0,,0,3,1,38,0.1364,0.2,27,27,2.0,4.36,2.0
00-0039066,Michael Mayer,TE,LV,2025,17,0,0,0.0,0,,0,10,9,31,0.3571,0.1856,20,19,17.9,13.86,17.9
00-0039066,Michael Mayer,TE,LV,2025,18,0,0,0.0,0,,0,5,3,39,0.1923,0.1726,32,31,7.7,7.21,7.7
00-0039067,Rashee Rice,WR,KC,2025,7,0,0,0.0,0,,0,10,7,8,0.2941,0.0386,41,39,23.2,22.32,23.2
00-0039067,Rashee Rice,WR,KC,2025,8,0,0,0.0,0,,2,9,9,37,0.2812,0.1689,30,25,25.5,15.95,25.5
00-0039067,Rashee Rice,WR,KC,2025,9,0,0,0.0,0,,2,7,4,91,0.2414,0.1846,20,17,18.6,14.32,18.6
00-0039067,Rashee Rice,WR,KC,2025,11,0,0,0.0,0,,0,9,6,39,0.2093,0.1204,14,16,9.8,14.06,9.8
00-0039067,Rashee Rice,WR,KC,2025,12,0,0,0.0,0,,0,12,8,56,0.2791,0.1595,41,44,24.1,23.9,24.1
00-0039067,Rashee Rice,WR,KC,2025,13,0,0,0.0,0,,1,12,8,66,0.375,0.275,23,20,29.4,28.71,29.4
00-0039067,Rashee Rice,WR,KC,2025,14,0,0,0.0,0,,0,8,4,28,0.2759,0.0969,29,22,7.4,9.96,7.4
00-0039067,Rashee Rice,WR,KC,2025,15,0,0,0.0,0,,0,11,7,13,0.3667,0.052,21,20,12.1,15.64,12.1
00-0039074,Davis Allen,TE,LA,2025,1,0,0,0.0,0,,0,2,1,35,0.0714,0.1549,25,21,8.3,5.83,8.3
00-0039074,Davis Allen,TE,LA,2025,2,0,0,0.0,0,,0,1,1,5,0.0312,0.0191,25,24,7.8,2.94,7.8
00-0039074,Davis Allen,TE,LA,2025,3,0,0,0.0,0,,0,1,1,0.0,0.0303,0.0,31,30,1.3,1.4,1.3
00-0039074,Davis Allen,TE,LA,2025,4,0,0,0.0,0,,0,1,1,-1,0.025,-0.0029,26,27,1.0,1.56,1.0
00-0039074,Davis Allen,TE,LA,2025,5,0,0,0.0,0,,0,2,2,18,0.0435,0.0341,16,23,4.4,2.7,4.4
00-0039074,Davis Allen,TE,LA,2025,6,0,0,0.0,0,,0,2,1,6,0.0769,0.0262,23,20,1.7,2.95,1.7
00-0039074,Davis Allen,TE,LA,2025,7,0,0,0.0,0,,0,1,1,0.0,0.0303,0.0,29,27,1.4,1.52,1.4
00-0039074,Davis Allen,TE,LA,2025,9,0,0,0.0,0,,0,4,3,6,0.129,0.0188,43,38,6.7,9.87,6.7
00-0039074,Davis Allen,TE,LA,2025,10,0,0,0.0,0,,0,2,2,6,0.0588,0.0181,30,29,8.8,5.15,8.8
00-0039074,Davis Allen,TE,LA,2025,12,0,0,0.0,0,,0,4,3,12,0.1176,0.0482,19,20,5.9,6.7,5.9
00-0039074,Davis Allen,TE,LA,2025,13,0,0,0.0,0,,0,1,1,-5,0.037,-0.0226,21,20,1.4,1.71,1.4
00-0039074,Davis Allen,TE,LA,2025,14,0,0,0.0,0,,0,2,2,1,0.0645,0.0045,36,36,4.1,3.19,4.1
00-0039074,Davis Allen,TE,LA,2025,15,0,0,0.0,0,,0,4,3,14,0.1053,0.0297,29,27,4.6,5.91,4.6
00-0039074,Davis Allen,TE,LA,2025,16,0,0,0.0,0,,0,5,2,14,0.1042,0.0294,39,41,5.4,9.49,5.4
00-0039074,Davis Allen,TE,LA,2025,18,0,0,0.0,0,,0,1,0,19,0.027,0.0529,31,29,0.0,2.49,0.0
00-0039075,Puka Nacua,WR,LA,2025,1,0,0,0.0,0,,1,11,10,98,0.3929,0.4336,25,21,23.1,18.99,23.1
00-0039075,Puka Nacua,WR,LA,2025,2,0,0,0.0,0,,1,9,8,68,0.2812,0.2595,25,24,27.6,16.46,27.6
00-0039075,Puka Nacua,WR,LA,2025,3,0,0,0.0,0,,1,15,11,131,0.4545,0.4888,31,30,22.8,23.24,22.8
00-0039075,Puka Nacua,WR,LA,2025,4,0,0,0.0,0,,0,15,13,172,0.375,0.5029,26,27,36.0,25.41,36.0
00-0039075,Puka Nacua,WR,LA,2025,5,0,0,0.0,0,,0,12,10,121,0.2609,0.2292,16,23,24.5,21.1,24.5
00-0039075,Puka Nacua,WR,LA,2025,6,0,0,0.0,0,,0,3,2,38,0.1154,0.1659,23,20,4.8,6.35,4.8
00-0039075,Puka Nacua,WR,LA,2025,9,0,0,0.0,0,,1,8,7,81,0.2581,0.2539,43,38,22.8,18.71,22.8
00-0039075,Puka Nacua,WR,LA,2025,10,0,0,0.0,0,,0,6,5,28,0.1765,0.0843,30,29,17.4,8.82,17.4
00-0039075,Puka Nacua,WR,LA,2025,11,0,0,0.0,0,,2,8,7,59,0.2963,0.4041,22,22,14.3,13.97,14.3
00-0039075,Puka Nacua,WR,LA,2025,12,0,0,0.0,0,,0,11,7,93,0.3235,0.3735,19,20,16.7,21.95,16.7
00-0039075,Puka Nacua,WR,LA,2025,13,0,0,0.0,0,,0,9,6,49,0.3333,0.2217,21,20,13.2,16.5,13.2
00-0039075,Puka Nacua,WR,LA,2025,14,0,0,0.0,0,,0,11,7,146,0.3548,0.6547,36,36,35.7,20.5,35.7
00-0039075,Puka Nacua,WR,LA,2025,15,0,0,0.0,0,,2,11,9,148,0.2895,0.3142,29,27,27.9,21.3,27.9
00-0039075,Puka Nacua,WR,LA,2025,16,0,0,0.0,0,,0,16,12,171,0.3333,0.3585,39,41,46.5,29.12,46.5
00-0039075,Puka Nacua,WR,LA,2025,17,0,0,0.0,0,,0,10,5,119,0.2778,0.232,20,23,15.7,18.27,15.7
00-0039075,Puka Nacua,WR,LA,2025,18,0,0,0.0,0,,2,11,10,44,0.2973,0.1226,31,29,26.0,23.9,26.0
00-0039139,Jahmyr Gibbs,RB,DET,2025,1,0,0,0.0,0,,9,10,10,0.0,0.2632,0.0,22,34,15.0,19.54,15.0
00-0039139,Jahmyr Gibbs,RB,DET,2025,2,0,0,0.0,0,,12,3,3,-3,0.1071,-0.0109,30,30,19.4,14.19,19.4
00-0039139,Jahmyr Gibbs,RB,DET,2025,3,0,0,0.0,0,,22,6,5,1,0.2308,0.0047,38,40,26.9,27.16,26.9
00-0039139,Jahmyr Gibbs,RB,DET,2025,4,0,0,0.0,0,,15,2,2,-6,0.08,-0.0192,29,28,17.7,12.59,17.7
00-0039139,Jahmyr Gibbs,RB,DET,2025,5,0,0,0.0,0,,12,2,2,-1,0.087,-0.0094,33,33,16.7,10.44,16.7
00-0039139,Jahmyr Gibbs,RB,DET,2025,6,0,0,0.0,0,,17,2,1,8,0.0741,0.0734,23,24,7.5,13.62,7.2
00-0039139,Jahmyr Gibbs,RB,DET,2025,7,0,0,0.0,0,,17,3,3,-10,0.1071,-0.0637,32,35,36.8,15.17,36.8
00-0039139,Jahmyr Gibbs,RB,DET,2025,9,0,0,0.0,0,,9,3,3,-12,0.0833,-0.0482,20,25,5.8,9.87,5.8
00-0039139,Jahmyr Gibbs,RB,DET,2025,10,0,0,0.0,0,,15,4,3,8,0.125,0.0462,33,35,38.2,16.81,38.2
00-0039139,Jahmyr Gibbs,RB,DET,2025,11,0,0,0.0,0,,12,8,5,5,0.2222,0.0203,21,24,19.6,18.25,19.6
00-0039139,Jahmyr Gibbs,RB,DET,2025,12,0,0,0.0,0,,15,12,11,-7,0.3158,-0.0317,20,34,55.4,29.23,55.4
00-0039139,Jahmyr Gibbs,RB,DET,2025,13,0,0,0.0,0,,20,4,3,10,0.1481,0.0588,30,33,11.6,16.73,11.6
00-0039139,Jahmyr Gibbs,RB,DET,2025,14,0,0,0.0,0,,12,7,7,14,0.2258,0.0611,22,26,37.0,22.41,37.0
00-0039139,Jahmyr Gibbs,RB,DET,2025,15,0,0,0.0,0,,13,7,4,11,0.1842,0.0317,20,24,9.8,17.09,9.8
00-0039139,Jahmyr Gibbs,RB,DET,2025,16,0,0,0.0,0,,7,13,10,23,0.25,0.073,12,21,22.8,29.86,22.8
00-0039139,Jahmyr Gibbs,RB,DET,2025,17,0,0,0.0,0,,17,3,2,12,0.1034,0.0603,30,31,6.4,13.23,6.4
00-0039139,Jahmyr Gibbs,RB,DET,2025,18,0,0,0.0,0,,19,5,3,1,0.1389,0.004,27,31,20.3,19.29,20.3
00-0039144,Luke Musgrave,TE,GB,2025,1,0,0,0.0,0,,0,1,1,1,0.0455,0.004,25,23,1.4,1.36,1.4
00-0039144,Luke Musgrave,TE,GB,2025,2,0,0,0.0,0,,0,2,2,25,0.0741,0.0613,30,26,5.2,3.71,5.2
00-0039144,Luke Musgrave,TE,GB,2025,4,0,0,0.0,0,,0,1,1,6,0.0278,0.0235,35,38,1.6,1.68,1.6
00-0039144,Luke Musgrave,TE,GB,2025,6,0,0,0.0,0,,0,2,1,34,0.0769,0.1382,33,28,1.7,3.6,1.7
00-0039144,Luke Musgrave,TE,GB,2025,8,0,0,0.0,0,,0,1,1,4,0.0286,0.0206,26,30,1.5,1.49,1.5
00-0039144,Luke Musgrave,TE,GB,2025,9,0,0,0.0,0,,0,3,3,23,0.0857,0.0708,25,30,6.4,3.65,6.4
00-0039144,Luke Musgrave,TE,GB,2025,10,0,0,0.0,0,,0,3,3,10,0.0909,0.0329,27,28,5.3,4.47,5.3
00-0039144,Luke Musgrave,TE,GB,2025,11,0,0,0.0,0,,0,2,1,2,0.08,0.0068,23,20,0.9,2.47,0.9
00-0039144,Luke Musgrave,TE,GB,2025,12,0,0,0.0,0,,0,2,1,6,0.0952,0.0339,42,39,1.7,3.08,1.7
00-0039144,Luke Musgrave,TE,GB,2025,13,0,0,0.0,0,,0,1,1,21,0.0345,0.0612,30,24,3.3,2.2,3.3
00-0039144,Luke Musgrave,TE,GB,2025,14,0,0,0.0,0,,0,4,2,56,0.1739,0.1801,26,26,4.2,6.54,4.2
00-0039144,Luke Musgrave,TE,GB,2025,15,0,0,0.0,0,,0,6,4,49,0.1667,0.1084,20,19,9.2,8.84,9.2
00-0039144,Luke Musgrave,TE,GB,2025,16,0,0,0.0,0,,0,3,3,29,0.125,0.1747,44,29,6.8,5.17,6.8
00-0039146,Jayden Reed,WR,GB,2025,1,0,0,0.0,0,,0,5,3,70,0.2273,0.2767,25,23,13.5,10.37,13.5
00-0039146,Jayden Reed,WR,GB,2025,14,0,0,0.0,0,,2,4,4,27,0.1739,0.0868,26,26,9.3,8.01,9.3
00-0039146,Jayden Reed,WR,GB,2025,15,0,0,0.0,0,,0,6,5,38,0.1667,0.0841,20,19,10.5,8.11,10.5
00-0039146,Jayden Reed,WR,GB,2025,16,0,0,0.0,0,,1,3,3,13,0.125,0.0783,44,29,7.1,5.59,7.1
00-0039146,Jayden Reed,WR,GB,2025,17,0,0,0.0,0,,0,4,4,31,0.16,0.1065,17,10,8.1,5.45,8.1
00-0039150,Bryce Young,QB,CAR,2025,1,35,18,-15.403,1,-12.372,5,0,0,0.0,0.0,0.0,25,25,8.2,16.15,8.16
00-0039150,Bryce Young,QB,CAR,2025,2,55,35,3.234,3,-2.349,2,0,0,0.0,0.0,0.0,19,23,21.3,26.51,23.32
00-0039150,Bryce Young,QB,CAR,2025,3,24,16,-2.484,1,-1.3,2,0,0,0.0,0.0,0.0,30,30,11.6,17.02,11.64
00-0039150,Bryce Young,QB,CAR,2025,4,30,18,-8.936,1,-0.412,1,0,0,0.0,0.0,0.0,28,30,10.3,9.82,10.3
00-0039150,Bryce Young,QB,CAR,2025,5,30,19,-1.305,3,8.688,3,0,0,0.0,0.0,0.0,32,31,12.0,13.31,14.02
00-0039150,Bryce Young,QB,CAR,2025,6,25,17,2.201,1,13.689,3,0,0,0.0,0.0,0.0,38,38,18.5,11.99,18.46
00-0039150,Bryce Young,QB,CAR,2025,7,25,15,0.108,1,-3.198,2,0,0,0.0,0.0,0.0,36,34,10.5,12.11,10.52
00-0039150,Bryce Young,QB,CAR,2025,9,20,11,-3.305,1,-11.497,2,0,0,0.0,0.0,0.0,33,32,3.0,9.7,2.98
00-0039150,Bryce Young,QB,CAR,2025,10,25,17,-11.498,2,2.758,2,0,0,0.0,0.0,0.0,23,25,1.6,7.69,1.56
00-0039150,Bryce Young,QB,CAR,2025,11,45,31,14.242,5,2.173,1,0,0,0.0,0.0,0.0,25,30,31.8,20.73,31.82
00-0039150,Bryce Young,QB,CAR,2025,12,29,18,-9.993,1,-2.599,4,0,0,0.0,0.0,0.0,13,17,8.3,19.74,8.26
00-0039150,Bryce Young,QB,CAR,2025,13,20,15,14.258,2,8.805,5,0,0,0.0,0.0,0.0,40,40,22.5,8.33,22.54
00-0039150,Bryce Young,QB,CAR,2025,15,24,15,7.697,1,7.089,7,0,0,0.0,0.0,0.0,31,26,15.4,14.05,15.42
00-0039150,Bryce Young,QB,CAR,2025,16,32,21,3.87,2,6.73,4,0,0,0.0,0.0,0.0,20,20,17.6,15.94,17.64
00-0039150,Bryce Young,QB,CAR,2025,17,24,14,-21.084,2,-7.111,9,0,0,0.0,0.0,0.0,26,22,8.9,11.93,8.86
00-0039150,Bryce Young,QB,CAR,2025,18,35,24,6.424,0,11.256,2,0,0,0.0,0.0,0.0,14,16,16.5,12.56,16.5
00-0039163,C.J. Stroud,QB,HOU,2025,1,27,19,-4.065,3,-0.975,5,0,0,0.0,0.0,0.0,27,23,8.7,10.75,8.72
00-0039163,C.J. Stroud,QB,HOU,2025,2,24,13,-4.481,3,-9.787,4,0,0,0.0,0.0,0.0,19,18,15.0,18.03,14.98
00-0039163,C.J. Stroud,QB,HOU,2025,3,38,25,-4.19,2,1.464,4,0,0,0.0,0.0,0.0,19,19,10.4,14.58,10.36
00-0039163,C.J. Stroud,QB,HOU,2025,4,28,22,8.211,2,8.143,4,0,0,0.0,0.0,0.0,35,36,18.4,14.07,18.42
00-0039163,C.J. Stroud,QB,HOU,2025,5,27,23,18.248,2,19.441,1,0,0,0.0,0.0,0.0,33,27,28.8,16.82,28.76
00-0039163,C.J. Stroud,QB,HOU,2025,7,49,23,-13.524,3,-14.157,2,0,0,0.0,0.0,0.0,17,19,13.7,23.86,13.66
00-0039163,C.J. Stroud,QB,HOU,2025,8,39,30,19.188,0,8.516,7,0,0,0.0,0.0,0.0,36,36,21.7,20.66,21.72
00-0039163,C.J. Stroud,QB,HOU,2025,9,10,6,3.086,2,-8.057,2,0,0,0.0,0.0,0.0,28,24,4.4,6.52,4.36
00-0039163,C.J. Stroud,QB,HOU,2025,13,35,22,7.596,2,6.049,1,0,0,0.0,0.0,0.0,34,29,9.0,19.66,9.04
00-0039163,C.J. Stroud,QB,HOU,2025,14,31,15,0.189,3,-6.102,2,0,0,0.0,0.0,0.0,31,30,12.6,11.06,12.62
00-0039163,C.J. Stroud,QB,HOU,2025,15,29,22,15.129,1,11.929,6,0,0,0.0,0.0,0.0,33,33,23.4,23.46,23.4
00-0039163,C.J. Stroud,QB,HOU,2025,16,35,23,2.886,0,-1.516,4,0,0,0.0,0.0,0.0,26,29,11.5,13.54,11.48
00-0039163,C.J. Stroud,QB,HOU,2025,17,28,16,-4.727,0,-7.463,4,0,0,0.0,0.0,0.0,34,29,13.8,9.82,13.76
00-0039163,C.J. Stroud,QB,HOU,2025,18,23,14,4.116,0,-4.568,2,0,0,0.0,0.0,0.0,32,32,17.3,12.49,17.26
00-0039164,Anthony Richardson,QB,IND,2025,3,0,0,0.0,0,,4,0,0,0.0,0.0,0.0,28,23,-0.1,-0.01,-0.1
00-0039164,Anthony Richardson,QB,IND,2025,5,2,1,-1.212,0,-8.09,0,1,1,2,0.0323,0.0075,25,27,2.3,2.67,2.26
00-0039165,Zach Charbonnet,RB,SEA,2025,1,0,0,0.0,0,,12,0,0,0.0,0.0,0.0,26,25,10.7,11.14,10.7
00-0039165,Zach Charbonnet,RB,SEA,2025,2,0,0,0.0,0,,15,0,0,0.0,0.0,0.0,29,29,1.0,7.26,1.0
00-0039165,Zach Charbonnet,RB,SEA,2025,4,0,0,0.0,0,,12,2,2,0.0,0.0833,0.0,35,34,12.4,15.77,12.4
00-0039165,Zach Charbonnet,RB,SEA,2025,5,0,0,0.0,0,,9,2,1,6,0.0588,0.0218,20,21,11.8,8.33,11.8
00-0039165,Zach Charbonnet,RB,SEA,2025,6,0,0,0.0,0,,12,1,1,3,0.0417,0.0083,26,24,4.7,9.61,4.7
00-0039165,Zach Charbonnet,RB,SEA,2025,7,0,0,0.0,0,,12,2,2,-3,0.069,-0.0107,33,31,19.5,17.34,19.5
00-0039165,Zach Charbonnet,RB,SEA,2025,9,0,0,0.0,0,,8,1,1,5,0.0417,0.0242,24,25,5.6,5.4,5.6
00-0039165,Zach Charbonnet,RB,SEA,2025,10,0,0,0.0,0,,14,0,0,0.0,0.0,0.0,46,36,14.3,11.37,14.3
00-0039165,Zach Charbonnet,RB,SEA,2025,11,0,0,0.0,0,,11,2,2,5,0.0476,0.0146,35,34,6.7,9.19,6.7
00-0039165,Zach Charbonnet,RB,SEA,2025,12,0,0,0.0,0,,6,0,0,0.0,0.0,0.0,20,20,9.5,6.45,9.5
00-0039165,Zach Charbonnet,RB,SEA,2025,13,0,0,0.0,0,,14,0,0,0.0,0.0,0.0,32,33,11.2,10.08,11.2
00-0039165,Zach Charbonnet,RB,SEA,2025,14,0,0,0.0,0,,7,3,2,8,0.1,0.0314,26,20,8.6,10.32,8.6
00-0039165,Zach Charbonnet,RB,SEA,2025,15,0,0,0.0,0,,8,1,0,1,0.0303,0.0041,22,18,3.1,5.79,3.1
00-0039165,Zach Charbonnet,RB,SEA,2025,16,0,0,0.0,0,,9,4,4,5,0.129,0.0248,25,27,17.4,12.63,17.4
00-0039165,Zach Charbonnet,RB,SEA,2025,17,0,0,0.0,0,,18,2,2,3,0.0769,0.0213,36,37,26.2,22.38,26.2
00-0039165,Zach Charbonnet,RB,SEA,2025,18,0,0,0.0,0,,17,4,3,7,0.1538,0.0556,39,40,18.7,16.79,18.7
00-0039266,Kendall Milton,RB,CIN,2025,11,0,0,0.0,0,,2,0,0,0.0,0.0,0.0,22,27,0.2,0.87,0.2
00-0039299,George Holani,RB,SEA,2025,3,0,0,0.0,0,,10,2,2,-1,0.1,-0.0059,33,34,4.2,8.08,4.2
00-0039299,George Holani,RB,SEA,2025,9,0,0,0.0,0,,3,0,0,0.0,0.0,0.0,24,25,0.9,1.34,0.9
00-0039299,George Holani,RB,SEA,2025,10,0,0,0.0,0,,7,0,0,0.0,0.0,0.0,46,36,9.1,4.63,9.1
00-0039299,George Holani,RB,SEA,2025,11,0,0,0.0,0,,2,0,0,0.0,0.0,0.0,35,34,0.6,0.9,0.6
00-0039305,Jack Westover,TE,NE,2025,10,0,0,0.0,0,,0,1,0,2,0.0345,0.0057,27,20,0.0,1.05,0.0
00-0039305,Jack Westover,TE,NE,2025,18,0,0,0.0,0,,0,1,1,0.0,0.05,0.0,34,27,1.0,1.54,1.0
00-0039337,Malik Nabers,WR,NYG,2025,1,0,0,0.0,0,,0,12,5,122,0.375,0.5398,23,19,12.1,23.14,12.1
00-0039337,Malik Nabers,WR,NYG,2025,2,0,0,0.0,0,,0,13,9,263,0.325,0.5038,21,24,37.7,23.68,37.7
00-0039337,Malik Nabers,WR,NYG,2025,3,0,0,0.0,0,,0,7,2,146,0.2333,0.5141,27,29,3.3,11.95,3.3
00-0039337,Malik Nabers,WR,NYG,2025,4,0,0,0.0,0,,0,3,2,24,0.15,0.1967,42,34,4.0,4.96,4.0
00-0039338,Brock Bowers,TE,LV,2025,1,0,0,0.0,0,,0,8,5,80,0.2424,0.2286,24,24,15.3,12.48,15.3
00-0039338,Brock Bowers,TE,LV,2025,2,0,0,0.0,0,,0,8,5,51,0.186,0.1753,19,20,8.8,13.1,8.8
00-0039338,Brock Bowers,TE,LV,2025,3,0,0,0.0,0,,0,5,4,31,0.1852,0.1016,28,26,9.8,8.7,9.8
00-0039338,Brock Bowers,TE,LV,2025,4,0,0,0.0,0,,0,6,5,12,0.3,0.1237,31,28,9.6,10.08,9.6
00-0039338,Brock Bowers,TE,LV,2025,9,0,0,0.0,0,,1,13,12,75,0.3421,0.463,19,19,43.3,28.45,43.3
00-0039338,Brock Bowers,TE,LV,2025,10,0,0,0.0,0,,1,3,1,16,0.12,0.2623,25,24,3.7,4.78,3.7
00-0039338,Brock Bowers,TE,LV,2025,11,0,0,0.0,0,,0,12,7,118,0.3077,0.5364,12,16,14.2,21.47,14.2
00-0039338,Brock Bowers,TE,LV,2025,12,0,0,0.0,0,,0,9,6,64,0.2143,0.1773,21,29,11.5,13.07,11.5
00-0039338,Brock Bowers,TE,LV,2025,13,0,0,0.0,0,,0,4,4,42,0.1818,0.56,18,22,22.3,9.85,22.3
00-0039338,Brock Bowers,TE,LV,2025,14,0,0,0.0,0,,0,5,4,41,0.1786,0.168,12,13,14.6,10.19,14.6
00-0039338,Brock Bowers,TE,LV,2025,15,0,0,0.0,0,,0,8,6,12,0.32,0.1132,13,16,8.8,9.18,8.8
00-0039338,Brock Bowers,TE,LV,2025,16,0,0,0.0,0,,0,5,5,18,0.2273,0.0947,27,27,14.3,8.2,14.3
00-0039342,Xavier Legette,WR,CAR,2025,1,0,0,0.0,0,,0,7,3,61,0.2059,0.2268,25,25,4.0,12.66,4.0
00-0039342,Xavier Legette,WR,CAR,2025,2,0,0,0.0,0,,1,8,1,33,0.1509,0.088,19,23,0.8,14.67,0.8
00-0039342,Xavier Legette,WR,CAR,2025,5,0,0,0.0,0,,0,3,2,51,0.1111,0.209,32,31,11.1,7.01,11.1
00-0039342,Xavier Legette,WR,CAR,2025,6,0,0,0.0,0,,0,2,2,-1,0.0952,-0.0065,38,38,3.1,2.76,3.1
00-0039342,Xavier Legette,WR,CAR,2025,7,0,0,0.0,0,,0,11,9,102,0.3548,0.4378,36,34,24.2,19.53,24.2
00-0039342,Xavier Legette,WR,CAR,2025,8,0,0,0.0,0,,0,3,2,22,0.1304,0.1128,28,24,3.7,4.67,3.7
00-0039342,Xavier Legette,WR,CAR,2025,9,0,0,0.0,0,,0,3,1,37,0.1579,0.296,33,32,3.2,5.16,3.2
00-0039342,Xavier Legette,WR,CAR,2025,10,0,0,0.0,0,,0,1,0,30,0.0435,0.1852,23,25,0.0,1.61,0.0
00-0039342,Xavier Legette,WR,CAR,2025,11,0,0,0.0,0,,0,8,4,102,0.1818,0.3669,25,30,18.3,13.8,18.3
00-0039342,Xavier Legette,WR,CAR,2025,12,0,0,0.0,0,,0,5,3,54,0.1852,0.3158,13,17,5.2,7.71,5.2
00-0039342,Xavier Legette,WR,CAR,2025,13,0,0,0.0,0,,0,2,1,26,0.1,0.1677,40,40,1.1,3.0,1.1
00-0039342,Xavier Legette,WR,CAR,2025,15,0,0,0.0,0,,0,3,2,42,0.15,0.2049,31,26,5.9,4.2,5.9
00-0039342,Xavier Legette,WR,CAR,2025,16,0,0,0.0,0,,0,3,1,30,0.0968,0.1172,20,20,2.2,3.54,2.2
00-0039342,Xavier Legette,WR,CAR,2025,17,0,0,0.0,0,,0,1,1,3,0.0476,0.0698,26,22,1.3,1.26,1.3
00-0039342,Xavier Legette,WR,CAR,2025,18,0,0,0.0,0,,0,4,3,41,0.1333,0.1621,14,16,5.2,6.41,5.2
00-0039355,Luke McCaffrey,WR,WAS,2025,2,0,0,0.0,0,,0,1,1,17,0.025,0.0609,19,14,4.9,2.86,4.9
00-0039355,Luke McCaffrey,WR,WAS,2025,3,0,0,0.0,0,,0,3,3,14,0.1667,0.0886,32,24,14.6,4.71,14.6
00-0039355,Luke McCaffrey,WR,WAS,2025,4,0,0,0.0,0,,0,3,2,52,0.125,0.1818,22,19,10.1,6.98,10.1
00-0039355,Luke McCaffrey,WR,WAS,2025,5,0,0,0.0,0,,0,2,1,68,0.087,0.2845,28,23,6.0,5.58,6.0
00-0039355,Luke McCaffrey,WR,WAS,2025,6,0,0,0.0,0,,0,1,1,20,0.0417,0.0943,31,23,10.3,1.87,10.3
00-0039355,Luke McCaffrey,WR,WAS,2025,7,0,0,0.0,0,,0,2,0,34,0.0645,0.1076,28,21,0.0,3.82,0.0
00-0039355,Luke McCaffrey,WR,WAS,2025,8,0,0,0.0,0,,0,3,3,13,0.1,0.0802,20,16,5.4,4.66,5.4
00-0039356,Ja'Tavion Sanders,TE,CAR,2025,1,0,0,0.0,0,,0,3,2,41,0.0882,0.1524,25,25,4.7,5.48,4.7
00-0039356,Ja'Tavion Sanders,TE,CAR,2025,2,0,0,0.0,0,,0,9,7,56,0.1698,0.1493,19,23,12.4,15.75,12.4
00-0039356,Ja'Tavion Sanders,TE,CAR,2025,3,0,0,0.0,0,,0,2,2,1,0.0833,0.0075,30,30,3.1,3.26,3.1
00-0039356,Ja'Tavion Sanders,TE,CAR,2025,7,0,0,0.0,0,,0,2,0,20,0.0645,0.0858,36,34,0.0,4.36,0.0
00-0039356,Ja'Tavion Sanders,TE,CAR,2025,8,0,0,0.0,0,,0,3,3,2,0.1304,0.0103,28,24,4.9,4.28,4.9
00-0039356,Ja'Tavion Sanders,TE,CAR,2025,9,0,0,0.0,0,,0,1,1,5,0.0526,0.04,33,32,1.5,1.51,1.5
00-0039356,Ja'Tavion Sanders,TE,CAR,2025,10,0,0,0.0,0,,0,5,5,15,0.2174,0.0926,23,25,8.2,6.96,8.2
00-0039356,Ja'Tavion Sanders,TE,CAR,2025,11,0,0,0.0,0,,0,4,4,10,0.0909,0.036,25,30,6.2,5.48,6.2
00-0039356,Ja'Tavion Sanders,TE,CAR,2025,12,0,0,0.0,0,,0,1,1,5,0.037,0.0292,13,17,1.6,1.52,1.6
00-0039356,Ja'Tavion Sanders,TE,CAR,2025,15,0,0,0.0,0,,0,2,2,3,0.1,0.0146,31,26,2.5,3.02,2.5
00-0039356,Ja'Tavion Sanders,TE,CAR,2025,16,0,0,0.0,0,,0,2,2,6,0.0645,0.0234,20,20,8.9,4.81,8.9
00-0039359,Cade Stover,TE,HOU,2025,1,0,0,0.0,0,,0,4,4,9,0.1481,0.0523,27,23,6.2,5.4,6.2
00-0039359,Cade Stover,TE,HOU,2025,12,0,0,0.0,0,,0,2,0,5,0.0714,0.0216,26,24,0.0,2.99,0.0
00-0039359,Cade Stover,TE,HOU,2025,13,0,0,0.0,0,,4,2,2,9,0.0625,0.023,34,29,3.9,6.02,3.9
00-0039359,Cade Stover,TE,HOU,2025,15,0,0,0.0,0,,0,3,3,1,0.1154,0.0085,33,33,5.2,5.74,5.2
00-0039359,Cade Stover,TE,HOU,2025,16,0,0,0.0,0,,0,3,2,5,0.0882,0.0164,26,29,2.7,4.1,2.7
00-0039359,Cade Stover,TE,HOU,2025,18,0,0,0.0,0,,0,2,1,2,0.0714,0.0104,32,32,1.9,2.8,1.9
00-0039361,Bucky Irving,RB,TB,2025,1,0,0,0.0,0,,14,4,4,-5,0.1333,-0.015,23,22,14.5,14.29,14.5
00-0039361,Bucky Irving,RB,TB,2025,2,0,0,0.0,0,,17,6,6,-13,0.1667,-0.0428,30,35,18.1,16.15,18.1
00-0039361,Bucky Irving,RB,TB,2025,3,0,0,0.0,0,,25,4,4,-19,0.1379,-0.0819,34,35,13.9,19.47,13.9
00-0039361,Bucky Irving,RB,TB,2025,4,0,0,0.0,0,,15,5,5,-4,0.1282,-0.0125,26,30,25.5,14.17,25.5
00-0039361,Bucky Irving,RB,TB,2025,13,0,0,0.0,0,,17,2,2,-10,0.0769,-0.0481,27,26,16.1,11.89,16.1
00-0039361,Bucky Irving,RB,TB,2025,14,0,0,0.0,0,,15,3,2,-3,0.1071,-0.013,39,36,16.1,11.67,16.1
00-0039361,Bucky Irving,RB,TB,2025,15,0,0,0.0,0,,16,3,1,7,0.0938,0.0195,22,23,8.1,12.75,8.1
00-0039361,Bucky Irving,RB,TB,2025,16,0,0,0.0,0,,19,0,0,0.0,0.0,0.0,33,30,7.1,9.2,7.1
00-0039361,Bucky Irving,RB,TB,2025,17,0,0,0.0,0,,9,6,5,-12,0.1364,-0.0333,16,20,8.3,13.0,8.3
00-0039361,Bucky Irving,RB,TB,2025,18,0,0,0.0,0,,26,2,1,3,0.0909,0.0211,42,40,10.8,16.56,10.8
00-0039364,Sione Vaki,RB,DET,2025,10,0,0,0.0,0,,1,0,0,0.0,0.0,0.0,33,35,0.4,0.57,0.4
00-0039373,Audric Estimé,RB,NO,2025,14,0,0,0.0,0,,3,0,0,0.0,0.0,0.0,32,25,1.1,1.51,1.1
00-0039373,Audric Estimé,RB,NO,2025,15,0,0,0.0,0,,3,3,3,-9,0.0968,-0.0335,25,18,8.0,5.68,8.0
00-0039373,Audric Estimé,RB,NO,2025,16,0,0,0.0,0,,5,4,3,-2,0.0851,-0.0047,25,13,6.6,8.72,6.6
00-0039373,Audric Estimé,RB,NO,2025,17,0,0,0.0,0,,14,1,1,0.0,0.037,0.0,23,17,16.8,7.67,16.8
00-0039373,Audric Estimé,RB,NO,2025,18,0,0,0.0,0,,21,5,5,9,0.1471,0.032,26,28,15.6,24.35,15.6
00-0039376,Spencer Rattler,QB,NO,2025,1,46,27,-3.941,1,-4.959,4,0,0,0.0,0.0,0.0,22,20,11.5,22.24,11.46
00-0039376,Spencer Rattler,QB,NO,2025,2,34,25,-2.823,3,3.784,4,0,0,0.0,0.0,0.0,30,33,21.7,17.56,21.68
00-0039376,Spencer Rattler,QB,NO,2025,3,39,28,1.443,2,7.23,2,0,0,0.0,0.0,0.0,27,28,11.7,14.31,11.72
00-0039376,Spencer Rattler,QB,NO,2025,4,27,18,-8.41,3,7.095,6,1,0,4,0.04,0.0323,34,30,13.9,19.17,13.94
00-0039376,Spencer Rattler,QB,NO,2025,5,31,21,7.48,0,-3.151,6,1,1,0.0,0.0323,0.0,30,23,16.1,16.23,16.1
00-0039376,Spencer Rattler,QB,NO,2025,6,26,20,3.905,2,6.552,4,0,0,0.0,0.0,0.0,23,24,11.1,11.09,11.08
00-0039376,Spencer Rattler,QB,NO,2025,7,32,20,-12.239,4,0.395,2,0,0,0.0,0.0,0.0,17,16,10.5,12.98,12.52
00-0039376,Spencer Rattler,QB,NO,2025,8,21,15,-7.025,3,5.585,3,0,0,0.0,0.0,0.0,15,11,2.6,7.54,2.64
00-0039376,Spencer Rattler,QB,NO,2025,15,1,0,0.113,0,,0,0,0,0.0,0.0,0.0,25,18,0.0,0.24,0.0
00-0039379,Jamari Thrash,WR,CLE,2025,1,0,0,0.0,0,,0,1,1,6,0.0238,0.022,24,30,1.6,1.54,1.6
00-0039379,Jamari Thrash,WR,CLE,2025,2,0,0,0.0,0,,0,1,1,3,0.0244,0.0096,22,31,1.5,1.17,1.5
00-0039379,Jamari Thrash,WR,CLE,2025,3,0,0,0.0,0,,0,3,2,30,0.0909,0.1181,19,24,2.7,3.97,2.7
00-0039379,Jamari Thrash,WR,CLE,2025,5,0,0,0.0,0,,0,1,1,15,0.0312,0.0721,32,33,3.2,1.33,3.2
00-0039379,Jamari Thrash,WR,CLE,2025,6,0,0,0.0,0,,0,3,2,9,0.0588,0.0287,17,24,3.3,3.31,3.3
00-0039379,Jamari Thrash,WR,CLE,2025,7,0,0,0.0,0,,0,2,1,25,0.1111,0.2907,33,32,3.3,3.21,3.3
00-0039379,Jamari Thrash,WR,CLE,2025,8,0,0,0.0,0,,0,3,2,11,0.0909,0.0564,16,21,5.1,3.88,5.1
00-0039379,Jamari Thrash,WR,CLE,2025,10,0,0,0.0,0,,0,1,0,3,0.0312,0.015,32,28,0.0,1.16,0.0
00-0039384,Tyrone Tracy Jr.,RB,NYG,2025,1,0,0,0.0,0,,10,5,2,-1,0.1562,-0.0044,23,19,5.5,10.89,5.5
00-0039384,Tyrone Tracy Jr.,RB,NYG,2025,2,0,0,0.0,0,,5,5,4,1,0.125,0.0019,21,24,9.1,9.27,9.1
00-0039384,Tyrone Tracy Jr.,RB,NYG,2025,3,0,0,0.0,0,,7,3,2,-8,0.1,-0.0282,27,29,5.6,7.72,5.6
00-0039384,Tyrone Tracy Jr.,RB,NYG,2025,6,0,0,0.0,0,,4,0,0,0.0,0.0,0.0,39,28,0.6,2.13,0.6
00-0039384,Tyrone Tracy Jr.,RB,NYG,2025,7,0,0,0.0,0,,9,0,0,0.0,0.0,0.0,32,30,10.6,4.31,10.6
00-0039384,Tyrone Tracy Jr.,RB,NYG,2025,8,0,0,0.0,0,,10,3,2,-8,0.1364,-0.034,21,19,7.3,9.2,7.3
00-0039384,Tyrone Tracy Jr.,RB,NYG,2025,9,0,0,0.0,0,,5,4,3,-3,0.125,-0.0138,21,18,6.7,8.36,6.7
00-0039384,Tyrone Tracy Jr.,RB,NYG,2025,10,0,0,0.0,0,,14,2,1,1,0.0625,0.0034,30,26,8.1,10.28,8.1
00-0039384,Tyrone Tracy Jr.,RB,NYG,2025,11,0,0,0.0,0,,19,4,4,-14,0.1379,-0.0639,38,40,17.9,13.83,17.9
00-0039384,Tyrone Tracy Jr.,RB,NYG,2025,12,0,0,0.0,0,,20,4,3,2,0.1176,0.0049,39,37,16.0,18.37,16.0
00-0039384,Tyrone Tracy Jr.,RB,NYG,2025,13,0,0,0.0,0,,10,1,1,-4,0.0417,-0.0217,27,26,4.3,6.22,4.3
00-0039384,Tyrone Tracy Jr.,RB,NYG,2025,15,0,0,0.0,0,,15,4,3,27,0.1111,0.0628,29,24,24.7,13.87,24.7
00-0039384,Tyrone Tracy Jr.,RB,NYG,2025,16,0,0,0.0,0,,16,2,2,-4,0.1538,-0.0476,30,30,9.8,11.45,9.8
00-0039384,Tyrone Tracy Jr.,RB,NYG,2025,17,0,0,0.0,0,,14,2,1,15,0.069,0.0955,31,27,6.7,13.69,6.7
00-0039384,Tyrone Tracy Jr.,RB,NYG,2025,18,0,0,0.0,0,,18,9,8,15,0.2812,0.0815,32,35,27.9,26.97,27.9
00-0039391,Kimani Vidal,RB,LAC,2025,5,0,0,0.0,0,,4,1,1,0.0,0.0312,0.0,27,29,2.9,5.96,2.9
00-0039391,Kimani Vidal,RB,LAC,2025,6,0,0,0.0,0,,18,4,3,-5,0.1053,-0.0227,25,28,22.8,18.79,22.8
00-0039391,Kimani Vidal,RB,LAC,2025,7,0,0,0.0,0,,9,5,4,-8,0.0926,-0.0177,16,16,7.5,12.98,7.5
00-0039391,Kimani Vidal,RB,LAC,2025,8,0,0,0.0,0,,23,2,1,-3,0.0833,-0.0146,43,37,19.7,21.45,19.7
00-0039391,Kimani Vidal,RB,LAC,2025,9,0,0,0.0,0,,12,1,0,7,0.0357,0.0225,30,21,3.0,9.91,3.0
00-0039391,Kimani Vidal,RB,LAC,2025,10,0,0,0.0,0,,25,1,1,-5,0.0303,-0.0321,31,27,17.8,17.76,17.8
00-0039391,Kimani Vidal,RB,LAC,2025,11,0,0,0.0,0,,5,2,2,-11,0.0833,-0.0598,16,13,3.2,4.97,3.2
00-0039391,Kimani Vidal,RB,LAC,2025,13,0,0,0.0,0,,25,1,1,-1,0.0476,-0.005,43,37,20.7,21.96,20.7
00-0039391,Kimani Vidal,RB,LAC,2025,14,0,0,0.0,0,,14,3,1,19,0.1304,0.0704,38,30,11.4,12.22,11.4
00-0039391,Kimani Vidal,RB,LAC,2025,15,0,0,0.0,0,,12,1,1,-4,0.0385,-0.0202,29,29,5.8,6.91,5.8
00-0039391,Kimani Vidal,RB,LAC,2025,16,0,0,0.0,0,,5,0,0,0.0,0.0,0.0,33,26,1.1,2.21,1.1
00-0039391,Kimani Vidal,RB,LAC,2025,18,0,0,0.0,0,,3,1,1,-3,0.0263,-0.0076,21,16,2.0,2.71,2.0
00-0039394,Casey Washington,WR,ATL,2025,1,0,0,0.0,0,,0,6,3,99,0.1429,0.3438,28,28,6.3,9.71,6.3
00-0039394,Casey Washington,WR,ATL,2025,4,0,0,0.0,0,,0,3,1,75,0.1154,0.2737,37,37,2.9,6.49,2.9
00-0039394,Casey Washington,WR,ATL,2025,6,0,0,0.0,0,,0,2,0,36,0.0645,0.1552,32,36,0.0,4.17,0.0
00-0039394,Casey Washington,WR,ATL,2025,7,0,0,0.0,0,,0,2,1,35,0.0556,0.098,20,24,2.7,3.41,2.7
00-0039394,Casey Washington,WR,ATL,2025,8,0,0,0.0,0,,0,1,1,17,0.0333,0.0596,17,20,3.5,1.39,3.5
00-0039398,Joe Milton III,QB,DAL,2025,3,5,3,-0.726,0,4.93,0,0,0,0.0,0.0,0.0,20,27,-0.4,3.58,-0.36
00-0039398,Joe Milton III,QB,DAL,2025,8,4,3,5.734,0,11.561,0,0,0,0.0,0.0,0.0,31,25,6.3,1.57,6.32
00-0039398,Joe Milton III,QB,DAL,2025,16,2,2,0.835,0,20.695,1,0,0,0.0,0.0,0.0,23,21,-0.9,1.21,-0.86
00-0039398,Joe Milton III,QB,DAL,2025,18,13,7,-5.205,0,-6.281,4,0,0,0.0,0.0,0.0,30,26,5.2,9.89,5.22
00-0039405,Jawhar Jordan,RB,HOU,2025,15,0,0,0.0,0,,15,2,2,-9,0.0769,-0.0769,33,33,13.8,13.67,13.8
00-0039405,Jawhar Jordan,RB,HOU,2025,16,0,0,0.0,0,,15,5,5,3,0.1471,0.0098,26,29,12.0,14.88,12.0
00-0039405,Jawhar Jordan,RB,HOU,2025,17,0,0,0.0,0,,8,0,0,0.0,0.0,0.0,34,29,3.6,3.99,3.6
00-0039405,Jawhar Jordan,RB,HOU,2025,18,0,0,0.0,0,,5,0,0,0.0,0.0,0.0,32,32,0.3,3.17,0.3
00-0039407,Dylan Laube,RB,LV,2025,2,0,0,0.0,0,,0,2,2,-3,0.0465,-0.0103,19,20,3.7,2.88,3.7
00-0039407,Dylan Laube,RB,LV,2025,3,0,0,0.0,0,,3,1,0,0.0,0.037,0.0,28,26,0.2,2.53,0.2
00-0039407,Dylan Laube,RB,LV,2025,7,0,0,0.0,0,,2,1,1,-3,0.0588,-0.0588,11,11,1.4,2.54,1.4
00-0039407,Dylan Laube,RB,LV,2025,15,0,0,0.0,0,,2,0,0,0.0,0.0,0.0,13,16,0.4,1.13,0.4
00-0039410,Ryan Flournoy,WR,DAL,2025,3,0,0,0.0,0,,0,3,2,25,0.0682,0.0933,20,27,4.1,4.48,4.1
00-0039410,Ryan Flournoy,WR,DAL,2025,4,0,0,0.0,0,,1,2,2,7,0.0526,0.0214,26,28,4.6,3.72,4.6
00-0039410,Ryan Flournoy,WR,DAL,2025,5,0,0,0.0,0,,2,9,6,86,0.3214,0.3707,29,22,18.4,15.07,18.4
00-0039410,Ryan Flournoy,WR,DAL,2025,6,0,0,0.0,0,,1,6,3,16,0.1765,0.0847,19,23,6.3,11.37,6.3
00-0039410,Ryan Flournoy,WR,DAL,2025,8,0,0,0.0,0,,0,2,1,17,0.0571,0.0649,31,25,1.7,2.68,1.7
00-0039410,Ryan Flournoy,WR,DAL,2025,9,0,0,0.0,0,,0,2,2,12,0.0556,0.03,21,17,9.2,5.05,9.2
00-0039410,Ryan Flournoy,WR,DAL,2025,11,0,0,0.0,0,,0,1,1,2,0.0312,0.0086,31,31,7.2,4.3,7.2
00-0039410,Ryan Flournoy,WR,DAL,2025,12,0,0,0.0,0,,0,1,0,21,0.0286,0.0574,31,26,0.0,1.36,0.0
00-0039410,Ryan Flournoy,WR,DAL,2025,13,0,0,0.0,0,,0,3,3,21,0.0811,0.0817,26,23,6.4,5.18,6.4
00-0039410,Ryan Flournoy,WR,DAL,2025,14,0,0,0.0,0,,0,13,9,161,0.2766,0.3239,24,22,26.5,26.75,26.5
00-0039410,Ryan Flournoy,WR,DAL,2025,15,0,0,0.0,0,,0,5,4,37,0.1429,0.1341,29,30,8.0,7.48,8.0
00-0039410,Ryan Flournoy,WR,DAL,2025,16,0,0,0.0,0,,0,2,2,14,0.0625,0.0449,23,21,9.8,4.65,9.8
00-0039410,Ryan Flournoy,WR,DAL,2025,18,0,0,0.0,0,,0,7,5,47,0.3043,0.264,30,26,11.8,10.62,11.8
00-0039424,Devaughn Vele,WR,NO,2025,1,0,0,0.0,0,,0,2,1,16,0.0488,0.0476,22,20,2.3,5.2,2.3
00-0039424,Devaughn Vele,WR,NO,2025,2,0,0,0.0,0,,0,1,1,3,0.0294,0.012,30,33,7.3,3.29,7.3
00-0039424,Devaughn Vele,WR,NO,2025,5,0,0,0.0,0,,0,2,2,6,0.0645,0.025,30,23,3.3,2.62,3.3
00-0039424,Devaughn Vele,WR,NO,2025,8,0,0,0.0,0,,0,5,1,72,0.1,0.1718,15,11,2.0,7.34,2.0
00-0039424,Devaughn Vele,WR,NO,2025,10,0,0,0.0,0,,0,3,1,68,0.1154,0.2656,37,32,2.5,4.51,2.5
00-0039424,Devaughn Vele,WR,NO,2025,12,0,0,0.0,0,,0,7,3,59,0.1628,0.1909,28,17,6.7,13.55,6.7
00-0039424,Devaughn Vele,WR,NO,2025,13,0,0,0.0,0,,0,8,8,87,0.2353,0.3234,27,22,23.3,13.14,23.3
00-0039424,Devaughn Vele,WR,NO,2025,14,0,0,0.0,0,,0,5,3,50,0.25,0.3165,32,25,7.0,7.14,7.0
00-0039424,Devaughn Vele,WR,NO,2025,15,0,0,0.0,0,,0,6,5,71,0.1935,0.2639,25,18,11.9,10.07,11.9
00-0039451,Isaiah Williams,WR,NYJ,2025,8,0,0,0.0,0,,1,4,3,10,0.1333,0.0543,37,32,8.6,6.19,8.6
00-0039451,Isaiah Williams,WR,NYJ,2025,10,0,0,0.0,0,,0,1,1,-4,0.0909,-0.1053,33,26,7.4,1.28,1.4
00-0039451,Isaiah Williams,WR,NYJ,2025,11,1,0,-0.819,0,-61.947,1,4,1,17,0.1538,0.0806,28,18,1.6,6.44,1.6
00-0039451,Isaiah Williams,WR,NYJ,2025,13,0,0,0.0,0,,0,1,0,7,0.0323,0.0219,28,21,0.0,1.35,0.0
00-0039451,Isaiah Williams,WR,NYJ,2025,14,0,0,0.0,0,,0,3,2,16,0.0938,0.0554,17,16,10.4,4.09,4.4
00-0039451,Isaiah Williams,WR,NYJ,2025,15,0,0,0.0,0,,0,7,6,40,0.2188,0.1878,32,26,11.3,8.84,11.3
00-0039451,Isaiah Williams,WR,NYJ,2025,16,0,0,0.0,0,,0,4,4,-8,0.1176,-0.0491,20,25,6.5,5.3,6.5
00-0039451,Isaiah Williams,WR,NYJ,2025,17,0,0,0.0,0,,1,5,4,15,0.1562,0.1,28,28,7.5,7.56,7.5
00-0039451,Isaiah Williams,WR,NYJ,2025,18,0,0,0.0,0,,0,7,5,29,0.3182,0.3973,23,20,7.4,7.66,7.4
00-0039458,Brenden Bates,TE,HOU,2025,5,0,0,0.0,0,,0,2,2,23,0.0645,0.0888,33,27,4.3,3.48,4.3
00-0039458,Brenden Bates,TE,CLE,2025,16,0,0,0.0,0,,0,1,0,1,0.037,0.0145,31,32,0.0,2.56,0.0
00-0039458,Brenden Bates,TE,CLE,2025,17,0,0,0.0,0,,0,1,1,12,0.0435,0.0635,25,25,2.9,1.51,2.9
00-0039458,Brenden Bates,TE,CLE,2025,18,0,0,0.0,0,,0,1,1,3,0.0476,0.0153,24,20,1.6,1.54,1.6
00-0039491,Jalen Coker,WR,CAR,2025,7,0,0,0.0,0,,0,2,0,35,0.0645,0.1502,36,34,0.0,3.35,0.0
00-0039491,Jalen Coker,WR,CAR,2025,8,0,0,0.0,0,,0,4,3,21,0.1739,0.1077,28,24,6.6,5.03,6.6
00-0039491,Jalen Coker,WR,CAR,2025,9,0,0,0.0,0,,0,1,1,9,0.0526,0.072,33,32,1.9,1.59,1.9
00-0039491,Jalen Coker,WR,CAR,2025,10,0,0,0.0,0,,0,4,3,17,0.1739,0.1049,23,25,5.1,5.14,5.1
00-0039491,Jalen Coker,WR,CAR,2025,11,0,0,0.0,0,,0,4,4,43,0.0909,0.1547,25,30,11.2,7.44,11.2
00-0039491,Jalen Coker,WR,CAR,2025,12,0,0,0.0,0,,0,4,3,29,0.1481,0.1696,13,17,6.2,8.22,6.2
00-0039491,Jalen Coker,WR,CAR,2025,13,0,0,0.0,0,,0,6,4,96,0.3,0.6194,40,40,17.4,10.28,17.4
00-0039491,Jalen Coker,WR,CAR,2025,15,0,0,0.0,0,,0,4,4,58,0.2,0.2829,31,26,14.0,7.55,14.0
00-0039491,Jalen Coker,WR,CAR,2025,16,0,0,0.0,0,,0,5,3,70,0.1613,0.2734,20,20,7.7,9.31,7.7
00-0039491,Jalen Coker,WR,CAR,2025,17,0,0,0.0,0,,0,2,2,2,0.0952,0.0465,26,22,3.6,2.74,3.6
00-0039491,Jalen Coker,WR,CAR,2025,18,0,0,0.0,0,,0,7,6,55,0.2333,0.2174,14,16,16.7,11.95,14.7
00-0039521,Xavier Weaver,WR,ARI,2025,4,0,0,0.0,0,,0,1,0,27,0.025,0.1134,17,18,0.0,2.37,0.0
00-0039521,Xavier Weaver,WR,ARI,2025,11,0,0,0.0,0,,0,3,2,35,0.0536,0.0902,14,23,3.5,4.75,3.5
00-0039521,Xavier Weaver,WR,ARI,2025,12,0,0,0.0,0,,0,3,1,64,0.0652,0.168,20,22,1.9,8.1,1.9
00-0039521,Xavier Weaver,WR,ARI,2025,13,0,0,0.0,0,,0,1,0,5,0.027,0.0173,19,24,0.0,1.59,0.0
00-0039521,Xavier Weaver,WR,ARI,2025,16,0,0,0.0,0,,0,2,2,13,0.069,0.057,23,22,3.9,2.96,3.9
00-0039521,Xavier Weaver,WR,ARI,2025,17,0,0,0.0,0,,0,3,2,48,0.0857,0.1684,13,17,4.4,4.38,4.4
00-0039530,Brevyn Spann-Ford,TE,DAL,2025,1,0,0,0.0,0,,0,1,0,26,0.0303,0.079,22,22,0.0,1.98,0.0
00-0039530,Brevyn Spann-Ford,TE,DAL,2025,2,0,0,0.0,0,,0,1,1,1,0.0192,0.0029,28,31,1.3,1.38,1.3
00-0039530,Brevyn Spann-Ford,TE,DAL,2025,6,0,0,0.0,0,,0,1,1,1,0.0294,0.0053,19,23,1.2,1.45,1.2
00-0039530,Brevyn Spann-Ford,TE,DAL,2025,8,0,0,0.0,0,,0,1,1,0.0,0.0286,0.0,31,25,1.9,1.51,1.9
00-0039530,Brevyn Spann-Ford,TE,DAL,2025,11,0,0,0.0,0,,0,1,1,2,0.0312,0.0086,31,31,1.4,2.75,1.4
00-0039530,Brevyn Spann-Ford,TE,DAL,2025,12,0,0,0.0,0,,0,1,1,4,0.0286,0.0109,31,26,7.4,2.56,7.4
00-0039530,Brevyn Spann-Ford,TE,DAL,2025,14,0,0,0.0,0,,0,1,1,7,0.0213,0.0141,24,22,1.7,1.93,1.7
00-0039530,Brevyn Spann-Ford,TE,DAL,2025,15,0,0,0.0,0,,0,1,0,8,0.0286,0.029,29,30,0.0,1.67,0.0
00-0039530,Brevyn Spann-Ford,TE,DAL,2025,17,0,0,0.0,0,,0,2,1,22,0.0556,0.0576,44,41,4.1,3.38,4.1
00-0039530,Brevyn Spann-Ford,TE,DAL,2025,18,0,0,0.0,0,,0,3,2,36,0.1304,0.2022,30,26,5.0,5.77,5.0
00-0039577,Kedon Slovis,QB,ARI,2025,10,1,0,-0.62,0,-74.137,0,0,0,0.0,0.0,0.0,23,21,0.0,0.23,0.0
00-0039577,Kedon Slovis,QB,ARI,2025,12,1,1,-1.526,0,10.513,0,0,0,0.0,0.0,0.0,20,22,-0.1,0.24,-0.08
00-0039589,Kameron Johnson,WR,TB,2025,5,0,0,0.0,0,,1,0,0,0.0,0.0,0.0,24,24,0.2,0.77,0.2
00-0039589,Kameron Johnson,WR,TB,2025,6,0,0,0.0,0,,0,4,4,44,0.1739,0.1841,26,26,16.4,7.11,16.4
00-0039589,Kameron Johnson,WR,TB,2025,7,0,0,0.0,0,,0,1,0,18,0.02,0.0377,12,16,0.0,1.37,0.0
00-0039589,Kameron Johnson,WR,TB,2025,10,0,0,0.0,0,,1,1,0,10,0.0233,0.0355,21,25,1.1,2.61,1.1
00-0039589,Kameron Johnson,WR,TB,2025,14,0,0,0.0,0,,0,1,0,16,0.0357,0.0696,39,36,0.0,1.96,0.0
00-0039603,British Brooks,RB,HOU,2025,5,0,0,0.0,0,,2,0,0,0.0,0.0,0.0,33,27,1.5,0.68,1.5
00-0039603,British Brooks,RB,HOU,2025,9,0,0,0.0,0,,2,0,0,0.0,0.0,0.0,28,24,0.0,8.14,0.0
00-0039603,British Brooks,RB,HOU,2025,18,0,0,0.0,0,,13,0,0,0.0,0.0,0.0,32,32,6.3,6.77,6.3
00-0039623,Mason Tipton,WR,NO,2025,7,0,0,0.0,0,,0,1,0,13,0.0323,0.0337,17,16,0.0,1.72,0.0
00-0039623,Mason Tipton,WR,NO,2025,8,0,0,0.0,0,,0,1,0,15,0.02,0.0358,15,11,0.0,2.27,0.0
00-0039623,Mason Tipton,WR,NO,2025,12,0,0,0.0,0,,1,4,3,53,0.093,0.1715,28,17,6.3,6.36,6.3
00-0039623,Mason Tipton,WR,NO,2025,13,0,0,0.0,0,,1,4,3,20,0.1176,0.0743,27,22,4.9,5.97,4.9
00-0039623,Mason Tipton,WR,NO,2025,15,0,0,0.0,0,,1,2,1,18,0.0645,0.0669,25,18,1.1,3.87,1.1
00-0039623,Mason Tipton,WR,NO,2025,16,0,0,0.0,0,,1,5,4,30,0.1064,0.0711,25,13,8.1,8.49,8.1
00-0039631,Cam Grandy,TE,CIN,2025,3,0,0,0.0,0,,0,1,1,-2,0.0385,-0.0155,21,23,1.6,1.42,1.6
00-0039631,Cam Grandy,TE,CIN,2025,16,0,0,0.0,0,,0,1,1,-4,0.0323,-0.0215,26,29,1.1,1.76,1.1
00-0039648,David Martin-Robinson,TE,TEN,2025,6,0,0,0.0,0,,0,1,1,1,0.0294,0.004,15,21,7.1,4.02,7.1
00-0039648,David Martin-Robinson,TE,TEN,2025,14,0,0,0.0,0,,0,1,1,0.0,0.04,0.0,35,35,1.6,0.86,1.6
00-0039648,David Martin-Robinson,TE,TEN,2025,17,0,0,0.0,0,,0,1,1,8,0.0286,0.0214,28,28,1.9,1.56,1.9
00-0039648,David Martin-Robinson,TE,TEN,2025,18,0,0,0.0,0,,0,3,1,14,0.0909,0.1102,19,27,2.4,4.44,2.4
00-0039650,Bryce Oliver,WR,TEN,2025,1,0,0,0.0,0,,0,1,1,6,0.04,0.0204,21,21,1.8,1.45,1.8
00-0039686,Colson Yankoff,TE,WAS,2025,11,0,0,0.0,0,,0,1,1,1,0.0345,0.0045,33,32,1.4,1.49,1.4
00-0039686,Colson Yankoff,TE,WAS,2025,13,0,0,0.0,0,,0,1,1,13,0.0222,0.0217,33,23,2.4,1.34,2.4
00-0039686,Colson Yankoff,TE,WAS,2025,14,0,0,0.0,0,,0,1,0,4,0.05,0.0348,23,18,0.0,1.45,0.0
00-0039732,Bo Nix,QB,DEN,2025,1,40,25,-7.656,1,-1.672,8,0,0,0.0,0.0,0.0,30,27,6.8,17.02,8.84
00-0039732,Bo Nix,QB,DEN,2025,2,30,22,8.345,0,0.991,3,0,0,0.0,0.0,0.0,24,24,20.2,17.76,20.24
00-0039732,Bo Nix,QB,DEN,2025,3,25,14,-1.526,2,-8.016,8,0,0,0.0,0.0,0.0,21,17,13.4,17.22,13.42
00-0039732,Bo Nix,QB,DEN,2025,4,42,29,13.28,0,-2.155,6,0,0,0.0,0.0,0.0,38,36,25.7,23.62,25.74
00-0039732,Bo Nix,QB,DEN,2025,5,39,24,4.242,2,0.776,3,0,0,0.0,0.0,0.0,29,29,17.9,15.03,17.88
00-0039732,Bo Nix,QB,DEN,2025,6,30,19,5.107,1,3.521,5,0,0,0.0,0.0,0.0,26,21,13.4,14.11,13.36
00-0039732,Bo Nix,QB,DEN,2025,7,50,27,-1.407,2,-10.868,5,0,0,0.0,0.0,0.0,24,22,40.0,32.07,39.96
00-0039732,Bo Nix,QB,DEN,2025,8,29,19,14.093,0,8.968,1,0,0,0.0,0.0,0.0,28,26,23.8,25.71,23.78
00-0039732,Bo Nix,QB,DEN,2025,9,37,18,-3.5,1,-10.229,3,0,0,0.0,0.0,0.0,23,25,18.5,16.78,18.52
00-0039732,Bo Nix,QB,DEN,2025,10,28,16,-6.544,1,-7.192,5,0,0,0.0,0.0,0.0,27,25,5.8,13.09,5.8
00-0039732,Bo Nix,QB,DEN,2025,11,37,24,5.053,2,3.652,3,1,0,2,0.0278,0.0063,21,22,12.6,15.22,12.6
00-0039732,Bo Nix,QB,DEN,2025,13,45,29,9.88,1,-4.023,2,0,0,0.0,0.0,0.0,23,26,16.4,17.31,16.44
00-0039732,Bo Nix,QB,DEN,2025,14,38,31,5.896,3,10.98,3,0,0,0.0,0.0,0.0,31,33,16.0,21.16,15.98
00-0039732,Bo Nix,QB,DEN,2025,15,34,23,20.588,0,8.583,7,0,0,0.0,0.0,0.0,31,22,29.1,17.74,29.08
00-0039732,Bo Nix,QB,DEN,2025,16,47,28,0.29,1,-3.133,4,0,0,0.0,0.0,0.0,17,17,15.2,22.68,15.18
00-0039732,Bo Nix,QB,DEN,2025,17,38,26,2.932,1,3.618,9,0,0,0.0,0.0,0.0,32,26,19.5,20.94,19.48
00-0039732,Bo Nix,QB,DEN,2025,18,23,14,-5.751,4,-12.682,8,0,0,0.0,0.0,0.0,31,27,10.5,13.74,10.54
00-0039737,Tip Reiman,TE,ARI,2025,1,0,0,0.0,0,,0,1,1,5,0.0345,0.0301,27,25,2.0,1.55,2.0
00-0039737,Tip Reiman,TE,ARI,2025,3,0,0,0.0,0,,0,3,2,12,0.0882,0.0678,28,27,2.8,4.43,2.8
00-0039737,Tip Reiman,TE,ARI,2025,5,0,0,0.0,0,,0,1,0,9,0.0333,0.0431,29,31,0.0,1.66,0.0
00-0039738,Blake Corum,RB,LA,2025,1,0,0,0.0,0,,1,1,1,-2,0.0357,-0.0088,25,21,2.6,2.18,2.6
00-0039738,Blake Corum,RB,LA,2025,2,0,0,0.0,0,,5,0,0,0.0,0.0,0.0,25,24,10.4,5.33,10.4
00-0039738,Blake Corum,RB,LA,2025,3,0,0,0.0,0,,8,0,0,0.0,0.0,0.0,31,30,5.3,3.72,5.3
00-0039738,Blake Corum,RB,LA,2025,4,0,0,0.0,0,,9,4,2,1,0.1,0.0029,26,27,3.6,9.98,3.6
00-0039738,Blake Corum,RB,LA,2025,5,0,0,0.0,0,,1,2,0,15,0.0435,0.0284,16,23,1.3,3.87,1.3
00-0039738,Blake Corum,RB,LA,2025,6,0,0,0.0,0,,5,0,0,0.0,0.0,0.0,23,20,2.3,2.79,2.3
00-0039738,Blake Corum,RB,LA,2025,7,0,0,0.0,0,,12,1,1,3,0.0303,0.0083,29,27,5.3,8.89,5.3
00-0039738,Blake Corum,RB,LA,2025,9,0,0,0.0,0,,13,0,0,0.0,0.0,0.0,43,38,5.8,7.79,5.8
00-0039738,Blake Corum,RB,LA,2025,10,0,0,0.0,0,,13,0,0,0.0,0.0,0.0,30,29,5.6,10.06,5.6
00-0039738,Blake Corum,RB,LA,2025,11,0,0,0.0,0,,8,2,1,-8,0.0741,-0.0548,22,22,1.5,13.84,1.5
00-0039738,Blake Corum,RB,LA,2025,12,0,0,0.0,0,,7,0,0,0.0,0.0,0.0,19,20,2.4,3.65,2.4
00-0039738,Blake Corum,RB,LA,2025,13,0,0,0.0,0,,7,0,0,0.0,0.0,0.0,21,20,14.1,6.31,14.1
00-0039738,Blake Corum,RB,LA,2025,14,0,0,0.0,0,,12,1,1,2,0.0323,0.009,36,36,26.1,10.09,26.1
00-0039738,Blake Corum,RB,LA,2025,15,0,0,0.0,0,,11,0,0,0.0,0.0,0.0,29,27,13.1,7.08,13.1
00-0039738,Blake Corum,RB,LA,2025,16,0,0,0.0,0,,14,2,1,11,0.0417,0.0231,39,41,13.1,14.2,13.1
00-0039738,Blake Corum,RB,LA,2025,17,0,0,0.0,0,,6,0,0,0.0,0.0,0.0,20,23,1.8,2.96,1.8
00-0039738,Blake Corum,RB,LA,2025,18,0,0,0.0,0,,13,1,1,3,0.027,0.0084,31,29,7.9,9.01,7.9
00-0039739,Roman Wilson,WR,PIT,2025,2,0,0,0.0,0,,0,2,1,23,0.0645,0.1237,21,27,1.7,2.79,1.7
00-0039739,Roman Wilson,WR,PIT,2025,6,0,0,0.0,0,,0,1,1,5,0.0345,0.0224,28,31,2.2,1.37,2.2
00-0039739,Roman Wilson,WR,PIT,2025,7,0,0,0.0,0,,0,2,2,0.0,0.0606,0.0,20,25,3.7,2.72,3.7
00-0039739,Roman Wilson,WR,PIT,2025,8,0,0,0.0,0,,0,5,4,92,0.1562,0.3833,18,22,17.4,8.18,17.4
00-0039739,Roman Wilson,WR,PIT,2025,9,0,0,0.0,0,,0,2,1,-6,0.0571,-0.0583,23,27,-0.6,3.31,-0.6
00-0039739,Roman Wilson,WR,PIT,2025,10,0,0,0.0,0,,0,3,2,30,0.1071,0.1195,16,20,11.5,4.34,11.5
00-0039739,Roman Wilson,WR,PIT,2025,11,0,0,0.0,0,,0,2,1,20,0.069,0.1504,28,33,2.7,3.65,2.7
00-0039739,Roman Wilson,WR,PIT,2025,12,0,0,0.0,0,,0,3,0,89,0.0968,0.4541,36,34,0.0,5.88,0.0
00-0039739,Roman Wilson,WR,PIT,2025,13,0,0,0.0,0,,0,1,0,24,0.0455,0.1983,18,21,0.0,1.38,0.0
00-0039746,Will Shipley,RB,PHI,2025,1,0,0,0.0,0,,3,0,0,0.0,0.0,0.0,38,28,2.6,1.43,2.6
00-0039746,Will Shipley,RB,PHI,2025,4,0,0,0.0,0,,0,1,0,-1,0.0417,-0.006,32,26,0.0,1.55,0.0
00-0039746,Will Shipley,RB,PHI,2025,5,0,0,0.0,0,,1,2,1,-10,0.0541,-0.024,11,13,1.4,3.37,1.4
00-0039746,Will Shipley,RB,PHI,2025,7,0,0,0.0,0,,0,1,1,0.0,0.0435,0.0,23,22,1.7,1.43,1.7
00-0039746,Will Shipley,RB,PHI,2025,8,0,0,0.0,0,,3,0,0,0.0,0.0,0.0,33,30,0.2,1.75,0.2
00-0039746,Will Shipley,RB,PHI,2025,10,0,0,0.0,0,,4,2,2,1,0.087,0.0044,34,34,5.4,5.31,5.4
00-0039746,Will Shipley,RB,PHI,2025,13,0,0,0.0,0,,0,1,1,10,0.0333,0.0299,17,14,2.1,1.45,2.1
00-0039746,Will Shipley,RB,PHI,2025,14,0,0,0.0,0,,0,1,1,1,0.0263,0.0025,25,22,1.3,1.37,1.3
00-0039746,Will Shipley,RB,PHI,2025,16,0,0,0.0,0,,0,1,1,-5,0.0345,-0.0249,34,26,1.3,1.41,1.3
00-0039746,Will Shipley,RB,PHI,2025,17,0,0,0.0,0,,2,0,0,0.0,0.0,0.0,26,24,0.2,1.23,0.2
00-0039746,Will Shipley,RB,PHI,2025,18,0,0,0.0,0,,1,3,2,-6,0.0882,-0.0157,19,21,3.3,4.91,3.3
00-0039751,Jordan Whittington,WR,LA,2025,1,0,0,0.0,0,,1,0,0,0.0,0.0,0.0,25,21,0.5,1.48,0.5
00-0039751,Jordan Whittington,WR,LA,2025,2,0,0,0.0,0,,0,2,2,29,0.0625,0.1107,25,24,6.2,3.56,6.2
00-0039751,Jordan Whittington,WR,LA,2025,3,0,0,0.0,0,,2,3,2,6,0.0909,0.0224,31,30,3.4,5.6,3.4
00-0039751,Jordan Whittington,WR,LA,2025,4,0,0,0.0,0,,0,1,1,5,0.025,0.0146,26,27,1.7,1.49,1.7
00-0039751,Jordan Whittington,WR,LA,2025,5,0,0,0.0,0,,0,3,2,24,0.0652,0.0455,16,23,5.3,4.86,5.3
00-0039751,Jordan Whittington,WR,LA,2025,6,0,0,0.0,0,,0,4,3,15,0.1538,0.0655,23,20,5.3,6.02,5.3
00-0039751,Jordan Whittington,WR,LA,2025,7,0,0,0.0,0,,0,4,2,49,0.1212,0.135,29,27,2.9,6.5,2.9
00-0039751,Jordan Whittington,WR,LA,2025,11,0,0,0.0,0,,0,1,1,3,0.037,0.0205,22,22,1.9,1.66,1.9
00-0039751,Jordan Whittington,WR,LA,2025,12,0,0,0.0,0,,0,3,3,5,0.0882,0.0201,19,20,4.7,4.62,4.7
00-0039751,Jordan Whittington,WR,LA,2025,13,0,0,0.0,0,,0,1,0,22,0.037,0.0995,21,20,0.0,2.0,0.0
00-0039751,Jordan Whittington,WR,LA,2025,14,0,0,0.0,0,,0,1,1,1,0.0323,0.0045,36,36,1.5,1.5,1.5
00-0039751,Jordan Whittington,WR,LA,2025,15,0,0,0.0,0,,0,1,0,1,0.0263,0.0021,29,27,0.0,1.01,0.0
00-0039751,Jordan Whittington,WR,LA,2025,16,0,0,0.0,0,,0,1,1,11,0.0208,0.0231,39,41,2.9,1.33,2.9
00-0039754,Devin Culp,TE,TB,2025,15,0,0,0.0,0,,0,1,1,6,0.0312,0.0167,22,23,7.6,3.9,7.6
00-0039757,Terrell Jennings,RB,NE,2025,7,0,0,0.0,0,,5,0,0,0.0,0.0,0.0,36,27,1.8,1.83,1.8
00-0039757,Terrell Jennings,RB,NE,2025,8,0,0,0.0,0,,2,0,0,0.0,0.0,0.0,35,27,1.5,0.69,1.5
00-0039757,Terrell Jennings,RB,NE,2025,9,0,0,0.0,0,,11,1,1,2,0.0357,0.0065,33,30,11.4,8.31,11.4
00-0039757,Terrell Jennings,RB,NE,2025,10,0,0,0.0,0,,4,0,0,0.0,0.0,0.0,27,20,0.5,1.57,0.5
00-0039757,Terrell Jennings,RB,NE,2025,12,0,0,0.0,0,,1,0,0,0.0,0.0,0.0,31,29,0.0,3.03,0.0
00-0039792,Devontez Walker,WR,BAL,2025,2,0,0,0.0,0,,0,2,2,26,0.0714,0.0952,21,17,16.6,7.08,16.6
00-0039792,Devontez Walker,WR,BAL,2025,3,0,0,0.0,0,,0,1,1,32,0.0357,0.1127,19,16,4.4,2.41,4.4
00-0039792,Devontez Walker,WR,BAL,2025,12,0,0,0.0,0,,0,1,1,30,0.05,0.1339,34,26,4.0,1.75,4.0
00-0039792,Devontez Walker,WR,BAL,2025,13,0,0,0.0,0,,0,2,0,83,0.0667,0.2178,22,19,0.0,4.01,0.0
00-0039792,Devontez Walker,WR,BAL,2025,18,0,0,0.0,0,,0,2,2,25,0.1176,0.1412,27,24,12.6,3.01,12.6
00-0039793,AJ Barner,TE,SEA,2025,1,0,0,0.0,0,,1,2,1,3,0.0909,0.0152,26,25,1.2,2.82,1.2
00-0039793,AJ Barner,TE,SEA,2025,2,0,0,0.0,0,,1,3,2,-1,0.1,-0.0038,29,29,10.8,7.07,10.8
00-0039793,AJ Barner,TE,SEA,2025,3,0,0,0.0,0,,0,1,1,20,0.05,0.1176,33,34,3.3,2.28,3.3
00-0039793,AJ Barner,TE,SEA,2025,4,0,0,0.0,0,,0,3,3,22,0.125,0.0928,35,34,12.2,7.38,12.2
00-0039793,AJ Barner,TE,SEA,2025,5,0,0,0.0,0,,0,7,7,29,0.2059,0.1055,20,21,24.3,13.57,24.3
00-0039793,AJ Barner,TE,SEA,2025,6,0,0,0.0,0,,0,3,3,40,0.125,0.1108,26,24,10.1,5.37,10.1
00-0039793,AJ Barner,TE,SEA,2025,7,0,0,0.0,0,,1,3,1,13,0.1034,0.0464,33,31,1.9,4.95,1.9
00-0039793,AJ Barner,TE,SEA,2025,9,0,0,0.0,0,,1,4,3,16,0.1667,0.0773,24,25,11.5,12.04,11.5
00-0039793,AJ Barner,TE,SEA,2025,10,0,0,0.0,0,,2,0,0,0.0,0.0,0.0,46,36,0.3,0.59,0.3
00-0039793,AJ Barner,TE,SEA,2025,11,0,0,0.0,0,,2,11,10,30,0.2619,0.0877,35,34,17.1,17.78,17.1
00-0039793,AJ Barner,TE,SEA,2025,12,0,0,0.0,0,,0,4,2,29,0.16,0.1184,20,20,3.8,8.57,3.8
00-0039793,AJ Barner,TE,SEA,2025,13,0,0,0.0,0,,1,5,4,9,0.2174,0.0968,32,33,7.7,7.9,7.7
00-0039793,AJ Barner,TE,SEA,2025,14,0,0,0.0,0,,0,4,3,14,0.1333,0.0549,26,20,5.7,9.73,5.7
00-0039793,AJ Barner,TE,SEA,2025,15,0,0,0.0,0,,0,6,3,23,0.1818,0.0954,22,18,5.7,6.87,5.7
00-0039793,AJ Barner,TE,SEA,2025,16,0,0,0.0,0,,1,6,4,31,0.1935,0.1535,25,27,15.0,10.1,15.0
00-0039793,AJ Barner,TE,SEA,2025,17,0,0,0.0,0,,0,3,3,10,0.1154,0.0709,36,37,13.3,4.01,13.3
00-0039793,AJ Barner,TE,SEA,2025,18,0,0,0.0,0,,0,3,2,9,0.1154,0.0714,39,40,3.4,4.19,3.4
00-0039794,Braelon Allen,RB,NYJ,2025,1,0,0,0.0,0,,6,0,0,0.0,0.0,0.0,39,29,6.9,4.47,6.9
00-0039794,Braelon Allen,RB,NYJ,2025,2,0,0,0.0,0,,2,1,0,0.0,0.0476,0.0,21,15,1.1,5.25,1.1
00-0039794,Braelon Allen,RB,NYJ,2025,3,0,0,0.0,0,,6,2,2,8,0.0571,0.0497,23,21,6.7,6.13,6.7
00-0039794,Braelon Allen,RB,NYJ,2025,4,0,0,0.0,0,,4,0,0,0.0,0.0,0.0,28,28,0.6,2.2,0.6
00-0039796,Rasheen Ali,RB,BAL,2025,1,0,0,0.0,0,,1,0,0,0.0,0.0,0.0,29,23,0.5,0.64,0.5
00-0039796,Rasheen Ali,RB,BAL,2025,11,0,0,0.0,0,,0,1,1,1,0.04,0.005,30,29,2.5,1.29,2.5
00-0039796,Rasheen Ali,RB,BAL,2025,13,0,0,0.0,0,,4,0,0,0.0,0.0,0.0,22,19,1.7,2.45,1.7
00-0039796,Rasheen Ali,RB,BAL,2025,14,0,0,0.0,0,,1,3,2,11,0.0909,0.0428,40,35,3.3,5.11,3.3
00-0039796,Rasheen Ali,RB,BAL,2025,15,0,0,0.0,0,,0,2,2,-6,0.1667,-0.0465,24,21,11.2,2.96,11.2
00-0039796,Rasheen Ali,RB,BAL,2025,16,0,0,0.0,0,,0,2,2,-13,0.1,-0.076,33,29,2.2,2.85,2.2
00-0039796,Rasheen Ali,RB,BAL,2025,17,0,0,0.0,0,,0,3,2,6,0.15,0.075,53,49,2.8,3.89,2.8
00-0039796,Rasheen Ali,RB,BAL,2025,18,0,0,0.0,0,,1,0,0,0.0,0.0,0.0,27,24,0.0,0.52,0.0
00-0039798,Isaiah Davis,RB,NYJ,2025,1,0,0,0.0,0,,2,0,0,0.0,0.0,0.0,39,29,1.8,1.54,1.8
00-0039798,Isaiah Davis,RB,NYJ,2025,2,0,0,0.0,0,,0,3,1,25,0.1429,0.1453,21,15,1.6,3.87,1.6
00-0039798,Isaiah Davis,RB,NYJ,2025,4,0,0,0.0,0,,3,2,2,9,0.0741,0.0439,28,28,4.7,5.21,4.7
00-0039798,Isaiah Davis,RB,NYJ,2025,5,0,0,0.0,0,,1,4,3,8,0.0909,0.026,22,22,6.3,6.52,6.3
00-0039798,Isaiah Davis,RB,NYJ,2025,6,0,0,0.0,0,,2,1,1,-1,0.0625,-0.0106,31,25,1.1,2.13,1.1
00-0039798,Isaiah Davis,RB,NYJ,2025,7,0,0,0.0,0,,2,4,2,0.0,0.129,0.0,20,17,5.2,6.0,5.2
00-0039798,Isaiah Davis,RB,NYJ,2025,8,0,0,0.0,0,,7,5,5,-1,0.1667,-0.0054,37,32,17.9,12.17,17.9
00-0039798,Isaiah Davis,RB,NYJ,2025,10,0,0,0.0,0,,3,1,1,-8,0.0909,-0.2105,33,26,2.1,2.33,2.1
00-0039798,Isaiah Davis,RB,NYJ,2025,11,0,0,0.0,0,,2,1,0,4,0.0385,0.019,28,18,1.1,2.73,1.1
00-0039798,Isaiah Davis,RB,NYJ,2025,12,0,0,0.0,0,,4,0,0,0.0,0.0,0.0,26,24,0.7,2.07,0.7
00-0039798,Isaiah Davis,RB,NYJ,2025,13,0,0,0.0,0,,0,1,0,6,0.0323,0.0188,28,21,0.0,0.9,0.0
00-0039798,Isaiah Davis,RB,NYJ,2025,14,0,0,0.0,0,,2,0,0,0.0,0.0,0.0,17,16,2.2,0.5,2.2
00-0039798,Isaiah Davis,RB,NYJ,2025,15,0,0,0.0,0,,9,1,1,6,0.0312,0.0282,32,26,13.5,5.51,13.5
00-0039798,Isaiah Davis,RB,NYJ,2025,16,0,0,0.0,0,,3,4,4,-11,0.1176,-0.0675,20,25,10.0,6.9,10.0
00-0039798,Isaiah Davis,RB,NYJ,2025,17,0,0,0.0,0,,3,1,1,-5,0.0312,-0.0333,28,28,3.0,3.3,3.0
00-0039816,Anthony Gould,WR,IND,2025,7,0,0,0.0,0,,0,1,1,3,0.0312,0.009,23,22,1.3,1.17,1.3
00-0039816,Anthony Gould,WR,IND,2025,14,0,0,0.0,0,,0,1,1,-5,0.0278,-0.0216,26,24,1.3,1.38,1.3
00-0039824,Jared Wiley,TE,KC,2025,13,0,0,0.0,0,,0,1,1,-4,0.0312,-0.0167,23,20,1.4,1.52,1.4
00-0039847,Theo Johnson,TE,NYG,2025,1,0,0,0.0,0,,0,3,1,-2,0.0938,-0.0088,23,19,1.5,3.97,1.5
00-0039847,Theo Johnson,TE,NYG,2025,2,0,0,0.0,0,,0,5,4,42,0.125,0.0805,21,24,7.4,8.51,7.4
00-0039847,Theo Johnson,TE,NYG,2025,3,0,0,0.0,0,,0,2,1,7,0.0667,0.0246,27,29,2.0,3.45,2.0
00-0039847,Theo Johnson,TE,NYG,2025,4,0,0,0.0,0,,0,5,3,38,0.25,0.3115,42,34,10.7,10.07,10.7
00-0039847,Theo Johnson,TE,NYG,2025,5,0,0,0.0,0,,0,7,6,40,0.1795,0.122,29,28,21.3,15.88,21.3
00-0039847,Theo Johnson,TE,NYG,2025,6,0,0,0.0,0,,0,4,2,39,0.1538,0.1632,39,28,4.7,5.73,4.7
00-0039847,Theo Johnson,TE,NYG,2025,7,0,0,0.0,0,,0,7,3,32,0.2121,0.0936,32,30,15.6,9.77,15.6
00-0039847,Theo Johnson,TE,NYG,2025,8,0,0,0.0,0,,0,4,3,36,0.1818,0.1532,21,19,5.0,6.19,5.0
00-0039847,Theo Johnson,TE,NYG,2025,9,0,0,0.0,0,,0,6,3,46,0.1875,0.212,21,18,11.7,9.85,11.7
00-0039847,Theo Johnson,TE,NYG,2025,10,0,0,0.0,0,,0,8,7,72,0.25,0.2474,30,26,14.5,13.31,14.5
00-0039847,Theo Johnson,TE,NYG,2025,11,0,0,0.0,0,,0,4,3,34,0.1379,0.1553,38,40,6.6,5.14,6.6
00-0039847,Theo Johnson,TE,NYG,2025,12,0,0,0.0,0,,0,5,3,79,0.1471,0.1932,39,37,10.7,13.91,10.7
00-0039847,Theo Johnson,TE,NYG,2025,13,0,0,0.0,0,,0,8,3,103,0.3333,0.5598,27,26,5.9,11.93,5.9
00-0039847,Theo Johnson,TE,NYG,2025,15,0,0,0.0,0,,0,4,3,43,0.1111,0.1,29,24,10.2,5.97,10.2
00-0039847,Theo Johnson,TE,NYG,2025,16,0,0,0.0,0,,0,2,0,7,0.1538,0.0833,30,30,0.0,3.17,0.0
00-0039849,Marvin Harrison Jr.,WR,ARI,2025,1,0,0,0.0,0,,0,6,5,76,0.2069,0.4578,27,25,18.1,13.28,18.1
00-0039849,Marvin Harrison Jr.,WR,ARI,2025,2,0,0,0.0,0,,0,5,2,27,0.2,0.1688,22,19,4.7,10.39,4.7
00-0039849,Marvin Harrison Jr.,WR,ARI,2025,3,0,0,0.0,0,,0,6,3,90,0.1765,0.5085,28,27,7.4,9.73,7.4
00-0039849,Marvin Harrison Jr.,WR,ARI,2025,4,0,0,0.0,0,,0,10,6,99,0.25,0.416,17,18,18.6,15.94,16.6
00-0039849,Marvin Harrison Jr.,WR,ARI,2025,5,0,0,0.0,0,,0,5,4,95,0.1667,0.4545,29,31,13.8,11.85,13.8
00-0039849,Marvin Harrison Jr.,WR,ARI,2025,6,0,0,0.0,0,,0,2,2,25,0.0513,0.0639,24,24,5.2,3.0,5.2
00-0039849,Marvin Harrison Jr.,WR,ARI,2025,7,0,0,0.0,0,,0,6,2,115,0.1765,0.3686,28,27,7.8,10.09,7.8
00-0039849,Marvin Harrison Jr.,WR,ARI,2025,9,0,0,0.0,0,,0,10,7,108,0.3448,0.4355,29,26,22.6,19.69,22.6
00-0039849,Marvin Harrison Jr.,WR,ARI,2025,10,0,0,0.0,0,,0,12,3,138,0.2727,0.4195,23,21,14.3,24.29,14.3
00-0039849,Marvin Harrison Jr.,WR,ARI,2025,13,0,0,0.0,0,,0,7,6,83,0.1892,0.2872,19,24,12.9,11.56,12.9
00-0039849,Marvin Harrison Jr.,WR,ARI,2025,16,0,0,0.0,0,,0,3,1,79,0.1034,0.3465,23,22,2.4,7.84,2.4
00-0039849,Marvin Harrison Jr.,WR,ARI,2025,17,0,0,0.0,0,,0,1,0,11,0.0286,0.0386,13,17,0.0,1.51,0.0
00-0039851,Drake Maye,QB,NE,2025,1,46,30,-0.326,4,2.388,4,1,1,-8,0.0222,-0.0227,18,21,15.8,21.66,15.78
00-0039851,Drake Maye,QB,NE,2025,2,23,19,14.991,3,13.997,10,0,0,0.0,0.0,0.0,29,27,26.3,18.17,26.3
00-0039851,Drake Maye,QB,NE,2025,3,37,28,1.413,5,7.906,7,0,0,0.0,0.0,0.0,29,28,19.2,20.58,21.22
00-0039851,Drake Maye,QB,NE,2025,4,17,14,19.276,1,20.405,3,0,0,0.0,0.0,0.0,29,25,23.2,17.05,23.22
00-0039851,Drake Maye,QB,NE,2025,5,30,22,9.732,4,13.756,3,0,0,0.0,0.0,0.0,22,24,12.1,17.87,12.12
00-0039851,Drake Maye,QB,NE,2025,6,26,18,17.407,1,10.796,9,0,0,0.0,0.0,0.0,31,23,27.2,16.21,27.24
00-0039851,Drake Maye,QB,NE,2025,7,23,21,9.748,4,24.756,8,0,0,0.0,0.0,0.0,36,27,23.1,17.34,23.08
00-0039851,Drake Maye,QB,NE,2025,8,24,18,6.421,6,18.714,7,0,0,0.0,0.0,0.0,35,27,26.3,17.31,26.28
00-0039851,Drake Maye,QB,NE,2025,9,29,19,0.424,6,5.328,8,0,0,0.0,0.0,0.0,33,30,16.4,19.08,18.36
00-0039851,Drake Maye,QB,NE,2025,10,31,16,6.267,1,-5.858,7,0,0,0.0,0.0,0.0,27,20,18.1,25.05,18.1
00-0039851,Drake Maye,QB,NE,2025,11,34,25,12.246,1,13.54,4,0,0,0.0,0.0,0.0,27,27,15.4,17.67,15.44
00-0039851,Drake Maye,QB,NE,2025,12,35,22,6.774,1,-0.419,5,0,0,0.0,0.0,0.0,31,29,16.0,28.41,15.96
00-0039851,Drake Maye,QB,NE,2025,13,31,24,11.539,3,15.778,6,0,0,0.0,0.0,0.0,29,29,20.5,23.44,20.48
00-0039851,Drake Maye,QB,NE,2025,15,23,14,-3.405,3,-0.532,4,0,0,0.0,0.0,0.0,25,25,20.5,14.93,20.5
00-0039851,Drake Maye,QB,NE,2025,16,44,31,15.801,3,12.497,10,0,0,0.0,0.0,0.0,23,16,23.7,24.51,25.7
00-0039851,Drake Maye,QB,NE,2025,17,21,19,29.203,1,29.301,3,0,0,0.0,0.0,0.0,36,36,32.4,17.92,32.44
00-0039851,Drake Maye,QB,NE,2025,18,18,14,8.704,0,24.38,5,0,0,0.0,0.0,0.0,34,27,15.7,13.77,15.74
00-0039855,Jalen McMillan,WR,TB,2025,15,0,0,0.0,0,,0,2,2,35,0.0625,0.0975,22,23,5.8,5.36,5.8
00-0039855,Jalen McMillan,WR,TB,2025,16,0,0,0.0,0,,1,3,2,11,0.12,0.0728,33,30,3.6,5.18,3.6
00-0039855,Jalen McMillan,WR,TB,2025,17,0,0,0.0,0,,0,9,7,126,0.2045,0.35,16,20,18.4,14.56,18.4
00-0039855,Jalen McMillan,WR,TB,2025,18,0,0,0.0,0,,0,1,1,7,0.0455,0.0493,42,40,2.1,1.26,2.1
00-0039868,Troy Franklin,WR,DEN,2025,1,0,0,0.0,0,,0,6,4,45,0.1622,0.2113,30,27,8.4,9.59,8.4
00-0039868,Troy Franklin,WR,DEN,2025,2,0,0,0.0,0,,1,9,8,60,0.3,0.4082,24,24,24.0,17.27,24.0
00-0039868,Troy Franklin,WR,DEN,2025,3,0,0,0.0,0,,0,4,2,12,0.1739,0.0446,21,17,2.8,7.15,2.8
00-0039868,Troy Franklin,WR,DEN,2025,4,0,0,0.0,0,,0,8,4,114,0.1905,0.4071,38,36,9.5,17.65,9.5
00-0039868,Troy Franklin,WR,DEN,2025,5,0,0,0.0,0,,0,5,3,66,0.1389,0.2075,29,29,8.5,8.5,8.5
00-0039868,Troy Franklin,WR,DEN,2025,6,0,0,0.0,0,,1,4,3,20,0.1538,0.1307,26,21,3.1,6.31,3.1
00-0039868,Troy Franklin,WR,DEN,2025,7,0,0,0.0,0,,0,10,3,172,0.2041,0.4377,24,22,12.9,20.47,12.9
00-0039868,Troy Franklin,WR,DEN,2025,8,0,0,0.0,0,,0,8,6,109,0.2963,0.3645,28,26,26.9,18.99,26.9
00-0039868,Troy Franklin,WR,DEN,2025,9,0,0,0.0,0,,2,10,4,195,0.2941,0.4422,23,25,8.3,19.41,8.3
00-0039868,Troy Franklin,WR,DEN,2025,10,0,0,0.0,0,,0,9,5,153,0.3333,0.6194,27,25,15.0,17.15,15.0
00-0039868,Troy Franklin,WR,DEN,2025,11,0,0,0.0,0,,0,8,4,193,0.2222,0.605,21,22,12.4,13.56,12.4
00-0039868,Troy Franklin,WR,DEN,2025,13,0,0,0.0,0,,0,3,2,19,0.0698,0.1005,23,26,4.1,4.95,4.1
00-0039868,Troy Franklin,WR,DEN,2025,14,0,0,0.0,0,,0,4,3,23,0.1111,0.1065,31,33,4.1,5.55,4.1
00-0039868,Troy Franklin,WR,DEN,2025,15,0,0,0.0,0,,1,6,6,57,0.1875,0.1765,31,22,20.8,11.24,20.8
00-0039868,Troy Franklin,WR,DEN,2025,16,0,0,0.0,0,,0,5,4,66,0.1087,0.147,17,17,10.6,8.23,10.6
00-0039868,Troy Franklin,WR,DEN,2025,17,0,0,0.0,0,,0,4,4,9,0.1081,0.0437,32,26,5.7,4.99,5.7
00-0039868,Troy Franklin,WR,DEN,2025,18,0,0,0.0,0,,0,1,0,8,0.0435,0.3077,31,27,0.0,3.16,0.0
00-0039874,Jaylen Wright,RB,MIA,2025,8,0,0,0.0,0,,9,1,1,-3,0.037,-0.0297,37,44,3.8,5.89,3.8
00-0039874,Jaylen Wright,RB,MIA,2025,10,0,0,0.0,0,,5,0,0,0.0,0.0,0.0,32,34,1.7,2.58,1.7
00-0039874,Jaylen Wright,RB,MIA,2025,11,0,0,0.0,0,,1,0,0,0.0,0.0,0.0,31,36,0.4,0.46,0.4
00-0039874,Jaylen Wright,RB,MIA,2025,13,0,0,0.0,0,,3,0,0,0.0,0.0,0.0,32,28,1.6,1.68,1.6
00-0039874,Jaylen Wright,RB,MIA,2025,14,0,0,0.0,0,,24,3,0,-16,0.1429,-0.1684,41,37,16.7,19.29,16.7
00-0039874,Jaylen Wright,RB,MIA,2025,15,0,0,0.0,0,,1,1,1,0.0,0.0385,0.0,16,22,2.1,1.71,2.1
00-0039874,Jaylen Wright,RB,MIA,2025,16,0,0,0.0,0,,9,2,1,-7,0.069,-0.0268,28,29,12.3,10.21,12.3
00-0039874,Jaylen Wright,RB,MIA,2025,17,0,0,0.0,0,,5,0,0,0.0,0.0,0.0,30,26,5.6,2.52,5.6
00-0039874,Jaylen Wright,RB,MIA,2025,18,0,0,0.0,0,,13,2,2,-8,0.0833,-0.05,25,25,4.0,13.31,4.0
00-0039875,Ray Davis,RB,BUF,2025,1,0,0,0.0,0,,1,1,1,-7,0.0222,-0.0175,31,22,1.1,2.24,1.1
00-0039875,Ray Davis,RB,BUF,2025,2,0,0,0.0,0,,9,0,0,0.0,0.0,0.0,43,33,2.4,4.66,2.4
00-0039875,Ray Davis,RB,BUF,2025,3,0,0,0.0,0,,0,1,0,7,0.037,0.0631,27,26,0.0,1.81,0.0
00-0039875,Ray Davis,RB,BUF,2025,4,0,0,0.0,0,,1,0,0,0.0,0.0,0.0,32,27,0.3,0.51,0.3
00-0039875,Ray Davis,RB,BUF,2025,5,0,0,0.0,0,,2,0,0,0.0,0.0,0.0,29,19,0.1,1.42,0.1
00-0039875,Ray Davis,RB,BUF,2025,6,0,0,0.0,0,,0,2,2,2,0.0769,0.007,24,21,9.9,2.67,9.9
00-0039875,Ray Davis,RB,BUF,2025,8,0,0,0.0,0,,9,1,0,1,0.0435,0.0068,35,32,1.6,9.95,1.6
00-0039875,Ray Davis,RB,BUF,2025,10,0,0,0.0,0,,2,2,1,1,0.0513,0.0025,22,24,0.8,6.62,0.8
00-0039875,Ray Davis,RB,BUF,2025,13,0,0,0.0,0,,9,0,0,0.0,0.0,0.0,51,49,6.2,4.05,6.2
00-0039875,Ray Davis,RB,BUF,2025,15,0,0,0.0,0,,0,1,1,-1,0.0385,-0.0037,37,32,2.3,1.21,2.3
00-0039875,Ray Davis,RB,BUF,2025,16,0,0,0.0,0,,3,2,2,4,0.1111,0.0331,29,25,5.4,4.42,5.4
00-0039875,Ray Davis,RB,BUF,2025,17,0,0,0.0,0,,1,1,1,0.0,0.0303,0.0,33,31,2.6,1.83,2.6
00-0039875,Ray Davis,RB,BUF,2025,18,0,0,0.0,0,,21,2,2,-6,0.0714,-0.0302,43,43,25.4,18.87,25.4
00-0039880,Malik Washington,WR,MIA,2025,1,0,0,0.0,0,,1,5,2,51,0.1613,0.2179,12,13,4.9,8.17,4.9
00-0039880,Malik Washington,WR,MIA,2025,2,0,0,0.0,0,,3,2,1,6,0.0625,0.0239,15,21,9.5,4.98,3.5
00-0039880,Malik Washington,WR,MIA,2025,3,0,0,0.0,0,,2,5,3,17,0.1515,0.0833,25,28,6.2,9.63,6.2
00-0039880,Malik Washington,WR,MIA,2025,4,0,0,0.0,0,,2,3,2,9,0.12,0.0657,31,27,4.1,6.06,4.1
00-0039880,Malik Washington,WR,MIA,2025,5,0,0,0.0,0,,0,5,4,21,0.1471,0.0732,14,19,4.0,8.95,4.0
00-0039880,Malik Washington,WR,MIA,2025,6,0,0,0.0,0,,1,5,4,8,0.1667,0.0383,21,23,6.3,8.32,6.3
00-0039880,Malik Washington,WR,MIA,2025,7,0,0,0.0,0,,0,8,5,34,0.2667,0.1478,22,22,8.0,9.8,8.0
00-0039880,Malik Washington,WR,MIA,2025,8,0,0,0.0,0,,0,5,4,18,0.1852,0.1782,37,44,13.6,8.09,13.6
00-0039880,Malik Washington,WR,MIA,2025,9,0,0,0.0,0,,3,3,3,13,0.0811,0.048,20,23,7.1,6.53,7.1
00-0039880,Malik Washington,WR,MIA,2025,10,0,0,0.0,0,,1,3,2,25,0.1429,0.133,32,34,9.3,7.64,9.3
00-0039880,Malik Washington,WR,MIA,2025,11,0,0,0.0,0,,0,3,3,15,0.15,0.1111,31,36,7.2,4.41,7.2
00-0039880,Malik Washington,WR,MIA,2025,13,0,0,0.0,0,,0,5,4,18,0.25,0.0776,32,28,7.0,8.1,7.0
00-0039880,Malik Washington,WR,MIA,2025,14,0,0,0.0,0,,0,4,3,13,0.1905,0.1368,41,37,4.0,7.87,4.0
00-0039880,Malik Washington,WR,MIA,2025,15,0,0,0.0,0,,0,1,1,1,0.0385,0.0058,16,22,2.0,1.29,2.0
00-0039880,Malik Washington,WR,MIA,2025,16,0,0,0.0,0,,1,1,1,5,0.0345,0.0192,28,29,10.2,2.23,10.2
00-0039880,Malik Washington,WR,MIA,2025,17,0,0,0.0,0,,1,3,1,78,0.1364,0.398,30,26,1.5,6.21,1.5
00-0039880,Malik Washington,WR,MIA,2025,18,0,0,0.0,0,,2,4,3,5,0.1667,0.0312,25,25,11.8,8.63,11.8
00-0039884,Tahj Washington,WR,MIA,2025,9,0,0,0.0,0,,0,2,1,56,0.0541,0.2066,20,23,0.1,3.28,0.1
00-0039884,Tahj Washington,WR,MIA,2025,18,0,0,0.0,0,,0,3,2,68,0.125,0.425,25,25,4.6,5.25,4.6
00-0039890,Adonai Mitchell,WR,IND,2025,1,0,0,0.0,0,,0,2,2,21,0.069,0.1071,40,34,4.1,3.49,4.1
00-0039890,Adonai Mitchell,WR,IND,2025,2,0,0,0.0,0,,0,4,2,107,0.1212,0.3252,32,27,4.0,9.07,4.0
00-0039890,Adonai Mitchell,WR,IND,2025,3,0,0,0.0,0,,0,2,0,-1,0.08,-0.0057,28,23,0.0,2.73,0.0
00-0039890,Adonai Mitchell,WR,IND,2025,4,0,0,0.0,0,,0,4,3,87,0.125,0.278,21,23,10.6,7.42,10.6
00-0039890,Adonai Mitchell,WR,IND,2025,5,0,0,0.0,0,,0,1,0,29,0.0323,0.1086,25,27,0.0,2.22,0.0
00-0039890,Adonai Mitchell,WR,IND,2025,7,0,0,0.0,0,,0,1,1,4,0.0312,0.012,23,22,1.8,1.49,1.8
00-0039890,Adonai Mitchell,WR,IND,2025,8,0,0,0.0,0,,0,1,0,4,0.0357,0.015,18,19,0.0,1.57,0.0
00-0039890,Adonai Mitchell,WR,IND,2025,9,0,0,0.0,0,,0,1,1,7,0.0208,0.0162,19,19,1.7,1.5,1.7
00-0039890,Adonai Mitchell,WR,NYJ,2025,11,0,0,0.0,0,,0,6,1,104,0.2308,0.4929,28,18,2.0,8.97,2.0
00-0039890,Adonai Mitchell,WR,NYJ,2025,12,0,0,0.0,0,,0,7,2,182,0.2593,0.6319,26,24,6.2,12.03,6.2
00-0039890,Adonai Mitchell,WR,NYJ,2025,13,0,0,0.0,0,,0,12,8,173,0.3871,0.5423,28,21,24.2,19.11,24.2
00-0039890,Adonai Mitchell,WR,NYJ,2025,14,0,0,0.0,0,,0,6,1,78,0.1875,0.2699,17,16,3.4,9.59,3.4
00-0039890,Adonai Mitchell,WR,NYJ,2025,15,0,0,0.0,0,,1,9,6,88,0.2812,0.4131,32,26,17.4,13.46,17.4
00-0039890,Adonai Mitchell,WR,NYJ,2025,16,0,0,0.0,0,,0,6,3,72,0.1765,0.4417,20,25,7.3,7.87,7.3
00-0039890,Adonai Mitchell,WR,NYJ,2025,17,0,0,0.0,0,,0,9,3,116,0.2812,0.7733,28,28,5.2,11.89,5.2
00-0039890,Adonai Mitchell,WR,NYJ,2025,18,0,0,0.0,0,,0,3,0,31,0.1364,0.4247,23,20,0.0,3.73,0.0
00-0039893,Brian Thomas Jr.,WR,JAX,2025,1,0,0,0.0,0,,1,7,1,92,0.2414,0.4126,32,29,9.0,14.12,9.0
00-0039893,Brian Thomas Jr.,WR,JAX,2025,2,0,0,0.0,0,,0,12,4,166,0.2927,0.539,27,28,8.9,26.5,8.9
00-0039893,Brian Thomas Jr.,WR,JAX,2025,3,0,0,0.0,0,,0,6,2,64,0.1579,0.2032,24,23,7.5,9.66,7.5
00-0039893,Brian Thomas Jr.,WR,JAX,2025,4,0,0,0.0,0,,1,7,5,68,0.2333,0.3469,32,26,10.6,11.99,10.6
00-0039893,Brian Thomas Jr.,WR,JAX,2025,5,0,0,0.0,0,,0,6,4,92,0.24,0.4402,26,20,12.0,10.62,12.0
00-0039893,Brian Thomas Jr.,WR,JAX,2025,6,0,0,0.0,0,,0,10,8,108,0.2381,0.3375,19,22,23.0,16.19,23.0
00-0039893,Brian Thomas Jr.,WR,JAX,2025,7,0,0,0.0,0,,0,7,3,98,0.1489,0.1877,19,15,6.1,10.69,6.1
00-0039893,Brian Thomas Jr.,WR,JAX,2025,9,0,0,0.0,0,,0,5,3,83,0.1515,0.2872,42,39,8.5,9.66,8.5
00-0039893,Brian Thomas Jr.,WR,JAX,2025,13,0,0,0.0,0,,0,3,2,47,0.12,0.1741,27,22,4.8,4.28,4.8
00-0039893,Brian Thomas Jr.,WR,JAX,2025,14,0,0,0.0,0,,0,6,3,153,0.1935,0.4595,32,25,11.7,13.36,11.7
00-0039893,Brian Thomas Jr.,WR,JAX,2025,15,0,0,0.0,0,,1,7,4,131,0.25,0.3786,27,22,17.1,17.88,17.1
00-0039893,Brian Thomas Jr.,WR,JAX,2025,16,0,0,0.0,0,,0,3,2,23,0.0857,0.0819,27,24,3.8,3.59,3.8
00-0039893,Brian Thomas Jr.,WR,JAX,2025,17,0,0,0.0,0,,0,7,4,108,0.1892,0.2983,29,22,7.9,13.48,7.9
00-0039893,Brian Thomas Jr.,WR,JAX,2025,18,0,0,0.0,0,,0,5,3,82,0.1613,0.278,24,20,7.9,9.17,7.9
00-0039894,Xavier Worthy,WR,KC,2025,1,0,0,0.0,0,,1,1,0,4,0.0263,0.0148,17,14,0.0,1.65,0.0
00-0039894,Xavier Worthy,WR,KC,2025,4,0,0,0.0,0,,2,8,5,136,0.2286,0.5251,32,30,17.1,16.58,17.1
00-0039894,Xavier Worthy,WR,KC,2025,5,0,0,0.0,0,,1,9,6,117,0.225,0.2918,22,22,11.1,18.34,11.1
00-0039894,Xavier Worthy,WR,KC,2025,6,0,0,0.0,0,,1,4,2,50,0.1429,0.3247,29,23,10.6,8.81,10.6
00-0039894,Xavier Worthy,WR,KC,2025,7,0,0,0.0,0,,1,4,3,38,0.1176,0.1836,41,39,7.8,7.89,7.8
00-0039894,Xavier Worthy,WR,KC,2025,8,0,0,0.0,0,,0,7,5,49,0.2188,0.2237,30,25,10.3,11.96,10.3
00-0039894,Xavier Worthy,WR,KC,2025,9,0,0,0.0,0,,1,7,3,126,0.2414,0.2556,20,17,6.0,11.5,6.0
00-0039894,Xavier Worthy,WR,KC,2025,11,0,0,0.0,0,,0,5,3,68,0.1163,0.2099,14,16,5.5,9.04,5.5
00-0039894,Xavier Worthy,WR,KC,2025,12,0,0,0.0,0,,0,8,4,101,0.186,0.2877,41,44,9.9,12.9,9.9
00-0039894,Xavier Worthy,WR,KC,2025,13,0,0,0.0,0,,2,6,4,66,0.1875,0.275,23,20,11.4,12.51,11.4
00-0039894,Xavier Worthy,WR,KC,2025,14,0,0,0.0,0,,0,4,3,47,0.1379,0.1626,29,22,8.5,6.19,8.5
00-0039894,Xavier Worthy,WR,KC,2025,15,0,0,0.0,0,,0,4,2,56,0.1333,0.224,21,20,5.5,6.51,5.5
00-0039894,Xavier Worthy,WR,KC,2025,16,0,0,0.0,0,,1,3,2,48,0.1364,0.4286,15,18,6.1,4.92,6.1
00-0039894,Xavier Worthy,WR,KC,2025,17,0,0,0.0,0,,1,3,0,38,0.15,0.3393,19,19,0.1,4.28,0.1
00-0039901,Keon Coleman,WR,BUF,2025,1,0,0,0.0,0,,0,11,8,132,0.2444,0.33,31,22,25.2,21.29,25.2
00-0039901,Keon Coleman,WR,BUF,2025,2,0,0,0.0,0,,0,3,3,26,0.12,0.1781,43,33,5.6,5.08,5.6
00-0039901,Keon Coleman,WR,BUF,2025,3,0,0,0.0,0,,0,4,3,13,0.1481,0.1171,27,26,5.0,7.29,5.0
00-0039901,Keon Coleman,WR,BUF,2025,4,0,0,0.0,0,,0,4,3,81,0.1818,0.3616,32,27,7.5,6.95,7.5
00-0039901,Keon Coleman,WR,BUF,2025,5,0,0,0.0,0,,0,7,4,76,0.2333,0.3089,29,19,10.3,14.09,10.3
00-0039901,Keon Coleman,WR,BUF,2025,6,0,0,0.0,0,,0,6,3,48,0.2308,0.1672,24,21,4.1,9.1,4.1
00-0039901,Keon Coleman,WR,BUF,2025,8,0,0,0.0,0,,0,4,3,24,0.1739,0.1633,35,32,6.0,6.82,6.0
00-0039901,Keon Coleman,WR,BUF,2025,9,0,0,0.0,0,,0,2,2,10,0.08,0.0752,35,32,3.7,3.1,3.7
00-0039901,Keon Coleman,WR,BUF,2025,10,0,0,0.0,0,,0,8,3,166,0.2051,0.4109,22,24,13.6,14.89,13.6
00-0039901,Keon Coleman,WR,BUF,2025,13,0,0,0.0,0,,0,3,2,6,0.1304,0.1538,51,49,8.9,7.03,8.9
00-0039901,Keon Coleman,WR,BUF,2025,14,0,0,0.0,0,,0,3,2,30,0.1111,0.2326,29,24,3.6,6.16,3.6
00-0039901,Keon Coleman,WR,BUF,2025,18,0,0,0.0,0,,0,4,2,47,0.1429,0.2362,43,43,8.9,12.41,8.9
00-0039910,Jayden Daniels,QB,WAS,2025,1,30,19,1.365,3,-1.289,11,0,0,0.0,0.0,0.0,32,23,20.1,21.65,20.12
00-0039910,Jayden Daniels,QB,WAS,2025,2,42,24,-8.106,4,-7.198,7,0,0,0.0,0.0,0.0,19,14,19.7,18.52,19.7
00-0039910,Jayden Daniels,QB,WAS,2025,5,26,15,14.006,1,-0.753,8,0,0,0.0,0.0,0.0,28,23,17.1,20.89,17.14
00-0039910,Jayden Daniels,QB,WAS,2025,6,26,19,6.435,3,11.147,10,0,0,0.0,0.0,0.0,31,23,21.6,19.05,21.64
00-0039910,Jayden Daniels,QB,WAS,2025,7,22,12,-5.883,2,-9.578,8,0,0,0.0,0.0,0.0,28,21,17.7,18.44,19.74
00-0039910,Jayden Daniels,QB,WAS,2025,9,22,16,-1.33,4,4.002,10,0,0,0.0,0.0,0.0,36,26,15.2,17.28,15.22
00-0039910,Jayden Daniels,QB,WAS,2025,14,20,9,-11.265,1,-17.665,4,0,0,0.0,0.0,0.0,23,18,2.7,13.22,2.72
00-0039912,Ben Sinnott,TE,WAS,2025,2,0,0,0.0,0,,0,1,1,7,0.025,0.0251,19,14,1.7,1.26,1.7
00-0039912,Ben Sinnott,TE,WAS,2025,8,0,0,0.0,0,,0,1,1,2,0.0333,0.0123,20,16,3.2,1.31,3.2
00-0039912,Ben Sinnott,TE,WAS,2025,10,0,0,0.0,0,,0,1,1,2,0.0455,0.0069,27,23,7.4,2.67,7.4
00-0039912,Ben Sinnott,TE,WAS,2025,14,0,0,0.0,0,,0,1,1,0.0,0.05,0.0,23,18,1.8,1.32,1.8
00-0039912,Ben Sinnott,TE,WAS,2025,15,0,0,0.0,0,,0,1,1,22,0.0625,0.0849,37,28,4.6,2.03,4.6
00-0039912,Ben Sinnott,TE,WAS,2025,16,0,0,0.0,0,,0,2,1,26,0.1,0.152,26,27,1.5,2.53,1.5
00-0039912,Ben Sinnott,TE,WAS,2025,17,0,0,0.0,0,,0,4,3,47,0.1905,0.2814,16,15,5.9,6.14,5.9
00-0039912,Ben Sinnott,TE,WAS,2025,18,0,0,0.0,0,,0,2,2,0.0,0.1053,0.0,41,32,2.3,2.67,2.3
00-0039915,Ladd McConkey,WR,LAC,2025,1,0,0,0.0,0,,0,9,6,97,0.2647,0.2836,25,19,13.4,16.92,13.4
00-0039915,Ladd McConkey,WR,LAC,2025,2,0,0,0.0,0,,0,5,5,32,0.1852,0.1311,26,19,9.8,7.32,9.8
00-0039915,Ladd McConkey,WR,LAC,2025,3,0,0,0.0,0,,0,7,4,60,0.1556,0.1399,28,31,8.1,11.64,8.1
00-0039915,Ladd McConkey,WR,LAC,2025,4,0,0,0.0,0,,0,6,1,57,0.1579,0.2151,13,17,2.1,8.02,2.1
00-0039915,Ladd McConkey,WR,LAC,2025,5,0,0,0.0,0,,0,7,5,41,0.2188,0.3228,27,29,14.9,14.65,14.9
00-0039915,Ladd McConkey,WR,LAC,2025,6,0,0,0.0,0,,0,9,7,64,0.2368,0.2909,25,28,23.0,15.75,23.0
00-0039915,Ladd McConkey,WR,LAC,2025,7,0,0,0.0,0,,0,15,9,148,0.2778,0.3282,16,16,15.7,24.98,15.7
00-0039915,Ladd McConkey,WR,LAC,2025,8,0,0,0.0,0,,0,10,6,100,0.4167,0.4854,43,37,20.8,17.74,20.8
00-0039915,Ladd McConkey,WR,LAC,2025,9,0,0,0.0,0,,0,6,4,46,0.2143,0.1479,30,21,9.6,9.77,9.6
00-0039915,Ladd McConkey,WR,LAC,2025,10,0,0,0.0,0,,0,6,4,73,0.1818,0.4679,31,27,20.7,10.4,20.7
00-0039915,Ladd McConkey,WR,LAC,2025,11,0,0,0.0,0,,0,4,3,28,0.1667,0.1522,16,13,4.3,5.91,4.3
00-0039915,Ladd McConkey,WR,LAC,2025,13,0,0,0.0,0,,0,6,4,52,0.2857,0.2613,43,37,13.9,13.4,13.9
00-0039915,Ladd McConkey,WR,LAC,2025,14,0,0,0.0,0,,0,5,1,133,0.2174,0.4926,38,30,2.2,8.01,2.2
00-0039915,Ladd McConkey,WR,LAC,2025,15,0,0,0.0,0,,0,3,2,19,0.1154,0.096,29,29,4.0,3.55,4.0
00-0039915,Ladd McConkey,WR,LAC,2025,16,0,0,0.0,0,,0,6,4,62,0.2143,0.2305,33,26,14.3,12.02,14.3
00-0039915,Ladd McConkey,WR,LAC,2025,17,0,0,0.0,0,,0,2,1,34,0.0645,0.1214,22,23,4.1,4.65,4.1
00-0039916,Ricky Pearsall,WR,SF,2025,1,0,0,0.0,0,,0,7,4,136,0.2059,0.5231,36,41,14.8,13.99,14.8
00-0039916,Ricky Pearsall,WR,SF,2025,2,0,0,0.0,0,,1,6,4,99,0.1579,0.3898,26,26,9.2,10.55,9.2
00-0039916,Ricky Pearsall,WR,SF,2025,3,0,0,0.0,0,,0,11,8,163,0.2895,0.5275,20,29,19.7,19.44,19.7
00-0039916,Ricky Pearsall,WR,SF,2025,4,0,0,0.0,0,,0,5,4,66,0.1351,0.2157,24,28,8.6,8.06,8.6
00-0039916,Ricky Pearsall,WR,SF,2025,11,0,0,0.0,0,,0,2,1,19,0.08,0.1011,25,26,1.0,3.28,1.0
00-0039916,Ricky Pearsall,WR,SF,2025,12,0,0,0.0,0,,1,4,2,49,0.125,0.2513,38,39,2.8,8.45,2.8
00-0039916,Ricky Pearsall,WR,SF,2025,13,0,0,0.0,0,,0,3,2,21,0.1304,0.0789,33,32,3.4,4.62,3.4
00-0039916,Ricky Pearsall,WR,SF,2025,15,0,0,0.0,0,,0,7,6,95,0.25,0.3785,38,32,15.6,12.25,15.6
00-0039916,Ricky Pearsall,WR,SF,2025,17,0,0,0.0,0,,0,8,5,100,0.2424,0.3953,34,32,13.5,14.35,13.5
00-0039917,Michael Penix Jr.,QB,ATL,2025,1,42,27,9.624,1,-5.938,6,0,0,0.0,0.0,0.0,28,28,24.0,22.43,24.02
00-0039917,Michael Penix Jr.,QB,ATL,2025,2,21,13,-3.244,3,-7.45,1,0,0,0.0,0.0,0.0,39,42,5.3,10.65,5.3
00-0039917,Michael Penix Jr.,QB,ATL,2025,3,36,18,-18.805,0,-12.547,2,0,0,0.0,0.0,0.0,23,27,3.8,13.3,3.78
00-0039917,Michael Penix Jr.,QB,ATL,2025,4,26,20,18.288,1,11.44,4,0,0,0.0,0.0,0.0,37,37,18.7,12.83,18.72
00-0039917,Michael Penix Jr.,QB,ATL,2025,6,32,20,-0.419,2,-6.361,2,0,0,0.0,0.0,0.0,32,36,14.6,14.02,14.6
00-0039917,Michael Penix Jr.,QB,ATL,2025,7,38,21,-6.737,2,-5.806,2,0,0,0.0,0.0,0.0,20,24,12.2,12.99,14.24
00-0039917,Michael Penix Jr.,QB,ATL,2025,9,37,22,3.742,1,4.722,2,0,0,0.0,0.0,0.0,16,22,22.7,19.98,22.74
00-0039917,Michael Penix Jr.,QB,ATL,2025,10,28,12,-8.05,3,-16.35,1,0,0,0.0,0.0,0.0,29,30,11.0,13.95,12.98
00-0039917,Michael Penix Jr.,QB,ATL,2025,11,16,13,10.741,0,15.591,1,0,0,0.0,0.0,0.0,28,32,7.9,6.58,7.9
00-0039918,Caleb Williams,QB,CHI,2025,1,35,21,-6.988,2,-6.667,6,0,0,0.0,0.0,0.0,26,21,24.2,19.41,23.76
00-0039918,Caleb Williams,QB,CHI,2025,2,30,19,-0.965,4,-5.64,5,0,0,0.0,0.0,0.0,27,23,17.0,16.23,16.98
00-0039918,Caleb Williams,QB,CHI,2025,3,28,19,17.98,0,3.655,5,0,0,0.0,0.0,0.0,29,23,29.1,18.51,29.12
00-0039918,Caleb Williams,QB,CHI,2025,4,37,22,-1.121,1,-11.366,8,0,0,0.0,0.0,0.0,26,22,11.8,23.98,11.78
00-0039918,Caleb Williams,QB,CHI,2025,6,29,17,3.276,3,-8.219,4,0,0,0.0,0.0,0.0,27,23,20.4,16.99,20.38
00-0039918,Caleb Williams,QB,CHI,2025,7,26,15,2.15,1,-3.229,4,0,0,0.0,0.0,0.0,40,36,4.7,11.25,4.68
00-0039918,Caleb Williams,QB,CHI,2025,8,38,25,1.1,1,7.888,3,0,0,0.0,0.0,0.0,23,20,11.8,24.8,11.8
00-0039918,Caleb Williams,QB,CHI,2025,9,34,20,14.034,2,-0.898,5,2,2,-3,0.0588,-0.0102,37,34,38.7,29.91,38.7
00-0039918,Caleb Williams,QB,CHI,2025,10,36,20,-6.061,0,-8.151,8,0,0,0.0,0.0,0.0,28,25,25.1,21.89,25.1
00-0039918,Caleb Williams,QB,CHI,2025,11,32,16,-0.948,2,-9.485,4,0,0,0.0,0.0,0.0,39,35,10.3,17.75,10.32
00-0039918,Caleb Williams,QB,CHI,2025,12,35,19,0.536,1,-3.924,4,0,0,0.0,0.0,0.0,25,21,21.7,17.06,23.66
00-0039918,Caleb Williams,QB,CHI,2025,13,36,17,-6.029,2,-12.467,5,0,0,0.0,0.0,0.0,47,41,9.5,17.01,9.46
00-0039918,Caleb Williams,QB,CHI,2025,14,35,19,-0.179,1,1.854,4,0,0,0.0,0.0,0.0,32,31,14.9,20.32,14.94
00-0039918,Caleb Williams,QB,CHI,2025,15,28,17,3.287,3,1.437,3,0,0,0.0,0.0,0.0,33,30,19.0,13.91,18.82
00-0039918,Caleb Williams,QB,CHI,2025,16,34,19,5.73,0,0.609,3,0,0,0.0,0.0,0.0,26,27,21.0,18.09,21.0
00-0039918,Caleb Williams,QB,CHI,2025,17,42,25,17.86,0,-2.684,5,0,0,0.0,0.0,0.0,22,22,23.0,23.69,22.64
00-0039918,Caleb Williams,QB,CHI,2025,18,33,20,-1.443,1,0.06,1,0,0,0.0,0.0,0.0,18,18,16.6,17.61,16.58
00-0039919,Rome Odunze,WR,CHI,2025,1,0,0,0.0,0,,0,9,6,55,0.2647,0.2091,26,21,15.7,15.98,13.7
00-0039919,Rome Odunze,WR,CHI,2025,2,0,0,0.0,0,,0,11,7,200,0.3333,0.5935,27,23,31.8,22.72,31.8
00-0039919,Rome Odunze,WR,CHI,2025,3,0,0,0.0,0,,0,7,3,79,0.25,0.316,29,23,15.2,13.06,15.2
00-0039919,Rome Odunze,WR,CHI,2025,4,0,0,0.0,0,,0,8,4,96,0.2222,0.3902,26,22,16.9,17.0,16.9
00-0039919,Rome Odunze,WR,CHI,2025,6,0,0,0.0,0,,0,5,2,98,0.1724,0.3984,27,23,5.2,9.06,5.2
00-0039919,Rome Odunze,WR,CHI,2025,7,0,0,0.0,0,,0,6,2,81,0.24,0.3682,40,36,5.1,8.78,5.1
00-0039919,Rome Odunze,WR,CHI,2025,8,0,0,0.0,0,,0,10,7,147,0.2857,0.4742,23,20,18.4,17.88,18.4
00-0039919,Rome Odunze,WR,CHI,2025,9,0,0,0.0,0,,0,3,0,35,0.0882,0.1186,37,34,0.0,8.11,0.0
00-0039919,Rome Odunze,WR,CHI,2025,10,0,0,0.0,0,,0,10,6,143,0.2778,0.4145,28,25,20.6,20.13,20.6
00-0039919,Rome Odunze,WR,CHI,2025,11,0,0,0.0,0,,0,6,2,144,0.2143,0.374,39,35,6.1,14.23,6.1
00-0039919,Rome Odunze,WR,CHI,2025,12,0,0,0.0,0,,0,9,3,117,0.3,0.3567,25,21,8.3,15.68,8.3
00-0039919,Rome Odunze,WR,CHI,2025,13,0,0,0.0,0,,0,6,2,57,0.1875,0.2262,47,41,2.8,9.83,2.8
00-0039920,Malachi Corley,WR,CLE,2025,5,0,0,0.0,0,,1,0,0,0.0,0.0,0.0,32,33,1.1,0.66,1.1
00-0039920,Malachi Corley,WR,CLE,2025,7,0,0,0.0,0,,0,2,2,2,0.1111,0.0233,33,32,3.7,2.61,3.7
00-0039920,Malachi Corley,WR,CLE,2025,8,0,0,0.0,0,,1,0,0,0.0,0.0,0.0,16,21,3.1,0.68,3.1
00-0039920,Malachi Corley,WR,CLE,2025,10,0,0,0.0,0,,2,1,0,-6,0.0312,-0.03,32,28,3.2,2.19,3.2
00-0039920,Malachi Corley,WR,CLE,2025,11,0,0,0.0,0,,0,2,2,-4,0.08,-0.0241,25,19,2.9,2.69,2.9
00-0039920,Malachi Corley,WR,CLE,2025,12,0,0,0.0,0,,1,1,1,-3,0.0556,-0.0154,27,26,1.2,2.12,1.2
00-0039920,Malachi Corley,WR,CLE,2025,13,0,0,0.0,0,,1,0,0,0.0,0.0,0.0,31,33,0.9,0.65,0.9
00-0039920,Malachi Corley,WR,CLE,2025,14,0,0,0.0,0,,1,0,0,0.0,0.0,0.0,20,24,0.2,3.59,0.2
00-0039920,Malachi Corley,WR,CLE,2025,15,0,0,0.0,0,,0,1,1,4,0.0323,0.0132,16,18,2.0,1.13,2.0
00-0039920,Malachi Corley,WR,CLE,2025,16,0,0,0.0,0,,3,4,2,-5,0.1481,-0.0725,31,32,6.1,7.19,6.1
00-0039920,Malachi Corley,WR,CLE,2025,17,0,0,0.0,0,,0,1,1,4,0.0435,0.0212,25,25,1.4,1.27,1.4
00-0039920,Malachi Corley,WR,CLE,2025,18,0,0,0.0,0,,3,2,2,1,0.0952,0.0051,24,20,5.8,5.43,5.8
00-0039921,Trey Benson,RB,ARI,2025,1,0,0,0.0,0,,8,1,1,-2,0.0345,-0.012,27,25,8.5,6.32,8.5
00-0039921,Trey Benson,RB,ARI,2025,2,0,0,0.0,0,,3,6,4,2,0.24,0.0125,22,19,8.4,11.18,8.4
00-0039921,Trey Benson,RB,ARI,2025,3,0,0,0.0,0,,10,4,3,-12,0.1176,-0.0678,28,27,8.1,12.21,8.1
00-0039921,Trey Benson,RB,ARI,2025,4,0,0,0.0,0,,8,5,5,-10,0.125,-0.042,17,18,10.4,11.08,10.4
00-0039923,J.J. McCarthy,QB,MIN,2025,1,20,13,-9.816,3,-3.261,2,0,0,0.0,0.0,0.0,26,27,22.2,12.61,22.22
00-0039923,J.J. McCarthy,QB,MIN,2025,2,21,11,-17.967,6,-11.11,5,0,0,0.0,0.0,0.0,19,16,2.8,12.52,4.82
00-0039923,J.J. McCarthy,QB,MIN,2025,9,25,14,-7.418,5,-0.123,9,0,0,0.0,0.0,0.0,29,22,18.9,19.36,18.92
00-0039923,J.J. McCarthy,QB,MIN,2025,10,42,20,-9.892,1,-11.628,5,0,0,0.0,0.0,0.0,18,17,14.7,27.4,14.72
00-0039923,J.J. McCarthy,QB,MIN,2025,11,32,16,-13.062,0,-15.244,0,0,0,0.0,0.0,0.0,22,25,6.0,13.57,6.0
00-0039923,J.J. McCarthy,QB,MIN,2025,12,19,12,-16.464,5,-4.204,2,0,0,0.0,0.0,0.0,20,20,0.5,5.08,0.48
00-0039923,J.J. McCarthy,QB,MIN,2025,14,23,16,9.261,4,0.144,6,0,0,0.0,0.0,0.0,34,29,20.4,16.57,20.42
00-0039923,J.J. McCarthy,QB,MIN,2025,15,24,15,12.018,0,1.689,4,0,0,0.0,0.0,0.0,28,25,23.5,25.88,23.5
00-0039923,J.J. McCarthy,QB,MIN,2025,16,14,9,-8.341,3,-3.568,2,0,0,0.0,0.0,0.0,31,29,8.3,6.73,10.32
00-0039923,J.J. McCarthy,QB,MIN,2025,18,23,14,7.575,0,-0.663,2,0,0,0.0,0.0,0.0,31,31,8.0,12.54,7.98
00-0040009,Savion Williams,WR,GB,2025,1,0,0,0.0,0,,0,1,1,-3,0.0455,-0.0119,25,23,1.1,1.73,1.1
00-0040009,Savion Williams,WR,GB,2025,2,0,0,0.0,0,,2,0,0,0.0,0.0,0.0,30,26,2.4,1.37,2.4
00-0040009,Savion Williams,WR,GB,2025,3,0,0,0.0,0,,2,0,0,0.0,0.0,0.0,31,27,-0.1,1.52,-0.1
00-0040009,Savion Williams,WR,GB,2025,4,0,0,0.0,0,,1,3,3,-6,0.0833,-0.0235,35,38,5.3,5.2,5.3
00-0040009,Savion Williams,WR,GB,2025,6,0,0,0.0,0,,1,0,0,0.0,0.0,0.0,33,28,0.3,0.77,0.3
00-0040009,Savion Williams,WR,GB,2025,8,0,0,0.0,0,,1,1,1,-5,0.0286,-0.0258,26,30,7.9,2.27,7.9
00-0040009,Savion Williams,WR,GB,2025,9,0,0,0.0,0,,1,2,2,3,0.0571,0.0092,25,30,1.2,4.28,1.2
00-0040009,Savion Williams,WR,GB,2025,10,0,0,0.0,0,,0,2,2,-5,0.0606,-0.0164,27,28,2.2,2.79,2.2
00-0040009,Savion Williams,WR,GB,2025,11,0,0,0.0,0,,0,1,1,33,0.04,0.1126,23,20,4.3,1.14,4.3
00-0040009,Savion Williams,WR,GB,2025,12,0,0,0.0,0,,1,0,0,0.0,0.0,0.0,42,39,0.0,0.71,0.0
00-0040009,Savion Williams,WR,GB,2025,16,0,0,0.0,0,,2,0,0,0.0,0.0,0.0,44,29,0.9,1.3,0.9
00-0040021,Phil Mafah,RB,DAL,2025,18,0,0,0.0,0,,5,2,2,-11,0.087,-0.0618,30,26,10.9,8.41,10.9
00-0040024,Darius Cooper,WR,PHI,2025,12,0,0,0.0,0,,0,2,2,1,0.0556,0.0034,18,18,2.7,2.8,2.7
00-0040024,Darius Cooper,WR,PHI,2025,14,0,0,0.0,0,,0,1,1,13,0.0263,0.0319,25,22,2.9,1.77,2.9
00-0040024,Darius Cooper,WR,PHI,2025,15,0,0,0.0,0,,0,2,2,24,0.1111,0.1818,47,41,4.9,3.44,4.9
00-0040024,Darius Cooper,WR,PHI,2025,17,0,0,0.0,0,,0,1,1,3,0.0455,0.0116,26,24,1.4,1.34,1.4
00-0040024,Darius Cooper,WR,PHI,2025,18,0,0,0.0,0,,0,5,3,68,0.1471,0.1775,19,21,6.3,8.38,6.3
00-0040039,Amar Johnson,RB,LAC,2025,11,0,0,0.0,0,,2,1,0,-2,0.0417,-0.0109,16,13,0.8,2.32,0.8
00-0040058,Nick Kallerup,TE,SEA,2025,10,0,0,0.0,0,,0,1,0,8,0.0833,0.0625,46,36,0.0,4.21,0.0
00-0040067,Jacardia Wright,RB,SEA,2025,3,0,0,0.0,0,,5,0,0,0.0,0.0,0.0,33,34,2.0,2.19,2.0
00-0040078,Brashard Smith,RB,KC,2025,2,0,0,0.0,0,,1,1,0,0.0,0.0345,0.0,26,21,0.2,1.77,0.2
00-0040078,Brashard Smith,RB,KC,2025,3,0,0,0.0,0,,2,1,0,0.0,0.0286,0.0,28,24,1.3,2.65,1.3
00-0040078,Brashard Smith,RB,KC,2025,4,0,0,0.0,0,,4,4,3,-4,0.1143,-0.0154,32,30,6.6,8.85,6.6
00-0040078,Brashard Smith,RB,KC,2025,5,0,0,0.0,0,,1,3,3,-6,0.075,-0.015,22,22,6.6,5.99,6.6
00-0040078,Brashard Smith,RB,KC,2025,6,0,0,0.0,0,,0,4,3,-6,0.1429,-0.039,29,23,5.1,6.65,5.1
00-0040078,Brashard Smith,RB,KC,2025,7,0,0,0.0,0,,14,5,5,-16,0.1471,-0.0773,41,39,13.1,19.04,13.1
00-0040078,Brashard Smith,RB,KC,2025,8,0,0,0.0,0,,3,0,0,0.0,0.0,0.0,30,25,0.8,1.75,0.8
00-0040078,Brashard Smith,RB,KC,2025,9,0,0,0.0,0,,3,1,0,-2,0.0345,-0.0041,20,17,0.7,3.18,0.7
00-0040078,Brashard Smith,RB,KC,2025,11,0,0,0.0,0,,0,3,2,4,0.0698,0.0123,14,16,2.8,5.62,2.8
00-0040078,Brashard Smith,RB,KC,2025,12,0,0,0.0,0,,1,4,3,9,0.093,0.0256,41,44,6.6,7.24,6.6
00-0040078,Brashard Smith,RB,KC,2025,14,0,0,0.0,0,,1,0,0,0.0,0.0,0.0,29,22,0.7,0.77,0.7
00-0040078,Brashard Smith,RB,KC,2025,15,0,0,0.0,0,,2,0,0,0.0,0.0,0.0,21,20,0.1,1.93,0.1
00-0040078,Brashard Smith,RB,KC,2025,16,0,0,0.0,0,,0,1,1,-2,0.0455,-0.0179,15,18,1.4,1.37,1.4
00-0040078,Brashard Smith,RB,KC,2025,17,0,0,0.0,0,,0,4,3,-16,0.2,-0.1429,19,19,9.5,6.35,9.5
00-0040078,Brashard Smith,RB,KC,2025,18,0,0,0.0,0,,12,4,2,-17,0.1333,-0.0762,23,26,7.8,11.37,7.8
00-0040122,Ashton Jeanty,RB,LV,2025,1,0,0,0.0,0,,19,2,2,-4,0.0606,-0.0114,24,24,12.0,12.9,12.0
00-0040122,Ashton Jeanty,RB,LV,2025,2,0,0,0.0,0,,11,4,3,-27,0.093,-0.0928,19,20,7.4,10.93,7.4
00-0040122,Ashton Jeanty,RB,LV,2025,3,0,0,0.0,0,,17,0,0,0.0,0.0,0.0,28,26,6.3,8.54,6.3
00-0040122,Ashton Jeanty,RB,LV,2025,4,0,0,0.0,0,,21,2,2,7,0.1,0.0722,31,28,33.5,17.44,33.5
00-0040122,Ashton Jeanty,RB,LV,2025,5,0,0,0.0,0,,14,7,5,-5,0.1944,-0.0205,25,26,15.9,16.84,15.9
00-0040122,Ashton Jeanty,RB,LV,2025,6,0,0,0.0,0,,23,4,2,-13,0.1739,-0.2241,32,30,16.6,23.04,16.6
00-0040122,Ashton Jeanty,RB,LV,2025,7,0,0,0.0,0,,6,1,1,-5,0.0588,-0.098,11,11,4.4,4.15,4.4
00-0040122,Ashton Jeanty,RB,LV,2025,9,0,0,0.0,0,,13,5,5,-19,0.1316,-0.1173,19,19,19.9,18.5,19.9
00-0040122,Ashton Jeanty,RB,LV,2025,10,0,0,0.0,0,,19,5,3,-14,0.2,-0.2295,25,24,15.3,15.86,15.3
00-0040122,Ashton Jeanty,RB,LV,2025,11,0,0,0.0,0,,6,8,6,-21,0.2051,-0.0955,12,16,9.4,13.47,9.4
00-0040122,Ashton Jeanty,RB,LV,2025,12,0,0,0.0,0,,17,8,8,-20,0.1905,-0.0554,21,29,24.8,20.34,24.8
00-0040122,Ashton Jeanty,RB,LV,2025,13,0,0,0.0,0,,15,8,6,-27,0.3636,-0.36,18,22,12.1,20.14,12.1
00-0040122,Ashton Jeanty,RB,LV,2025,14,0,0,0.0,0,,10,4,2,19,0.1429,0.0779,12,13,5.8,9.95,5.8
00-0040122,Ashton Jeanty,RB,LV,2025,15,0,0,0.0,0,,9,6,4,4,0.24,0.0377,13,16,8.2,11.32,8.2
00-0040122,Ashton Jeanty,RB,LV,2025,16,0,0,0.0,0,,24,2,1,27,0.0909,0.1421,27,27,31.8,13.63,31.8
00-0040122,Ashton Jeanty,RB,LV,2025,17,0,0,0.0,0,,16,2,2,9,0.0714,0.0539,20,19,9.3,11.7,9.3
00-0040122,Ashton Jeanty,RB,LV,2025,18,0,0,0.0,0,,26,5,3,-15,0.1923,-0.0664,32,31,12.4,20.21,12.4
00-0040124,Tetairoa McMillan,WR,CAR,2025,1,0,0,0.0,0,,0,9,5,104,0.2647,0.3866,25,25,11.8,14.62,11.8
00-0040124,Tetairoa McMillan,WR,CAR,2025,2,0,0,0.0,0,,0,10,6,82,0.1887,0.2187,19,23,16.0,17.06,16.0
00-0040124,Tetairoa McMillan,WR,CAR,2025,3,0,0,0.0,0,,0,8,3,78,0.3333,0.5865,30,30,7.8,15.74,7.8
00-0040124,Tetairoa McMillan,WR,CAR,2025,4,0,0,0.0,0,,0,8,4,106,0.25,0.5327,28,30,10.2,12.54,10.2
00-0040124,Tetairoa McMillan,WR,CAR,2025,5,0,0,0.0,0,,0,8,6,120,0.2963,0.4918,32,31,13.3,11.56,13.3
00-0040124,Tetairoa McMillan,WR,CAR,2025,6,0,0,0.0,0,,0,5,3,52,0.2381,0.3377,38,38,17.9,10.7,17.9
00-0040124,Tetairoa McMillan,WR,CAR,2025,7,0,0,0.0,0,,0,5,3,50,0.1613,0.2146,36,34,6.3,6.73,6.3
00-0040124,Tetairoa McMillan,WR,CAR,2025,8,0,0,0.0,0,,0,10,7,106,0.4348,0.5436,28,24,16.9,17.22,16.9
00-0040124,Tetairoa McMillan,WR,CAR,2025,9,0,0,0.0,0,,0,6,4,61,0.3158,0.488,33,32,8.6,10.58,8.6
00-0040124,Tetairoa McMillan,WR,CAR,2025,10,0,0,0.0,0,,0,8,5,89,0.3478,0.5494,23,25,11.0,11.68,11.0
00-0040124,Tetairoa McMillan,WR,CAR,2025,11,0,0,0.0,0,,0,12,8,118,0.2727,0.4245,25,30,33.0,21.71,33.0
00-0040124,Tetairoa McMillan,WR,CAR,2025,12,0,0,0.0,0,,0,7,2,97,0.2593,0.5673,13,17,11.5,12.19,11.5
00-0040124,Tetairoa McMillan,WR,CAR,2025,13,0,0,0.0,0,,0,2,1,46,0.1,0.2968,40,40,11.3,3.89,11.3
00-0040124,Tetairoa McMillan,WR,CAR,2025,15,0,0,0.0,0,,0,4,2,46,0.2,0.2244,31,26,4.5,6.52,4.5
00-0040124,Tetairoa McMillan,WR,CAR,2025,16,0,0,0.0,0,,0,10,6,117,0.3226,0.457,20,20,19.3,15.22,19.3
00-0040124,Tetairoa McMillan,WR,CAR,2025,17,0,0,0.0,0,,0,4,1,49,0.1905,1.1395,26,22,1.5,6.04,1.5
00-0040124,Tetairoa McMillan,WR,CAR,2025,18,0,0,0.0,0,,0,6,4,89,0.2,0.3518,14,16,12.5,10.28,12.4
00-0040126,Colston Loveland,TE,CHI,2025,1,0,0,0.0,0,,0,2,2,5,0.0588,0.019,26,21,3.2,2.86,3.2
00-0040126,Colston Loveland,TE,CHI,2025,2,0,0,0.0,0,,0,1,0,22,0.0303,0.0653,27,23,0.0,1.86,0.0
00-0040126,Colston Loveland,TE,CHI,2025,3,0,0,0.0,0,,0,3,1,65,0.1071,0.26,29,23,4.1,6.5,4.1
00-0040126,Colston Loveland,TE,CHI,2025,6,0,0,0.0,0,,0,3,2,17,0.1034,0.0691,27,23,3.1,5.12,3.1
00-0040126,Colston Loveland,TE,CHI,2025,7,0,0,0.0,0,,0,4,3,25,0.16,0.1136,40,36,5.4,6.48,5.4
00-0040126,Colston Loveland,TE,CHI,2025,8,0,0,0.0,0,,0,5,3,33,0.1429,0.1065,23,20,6.8,9.58,6.8
00-0040126,Colston Loveland,TE,CHI,2025,9,0,0,0.0,0,,0,7,6,71,0.2059,0.2407,37,34,29.8,16.01,29.8
00-0040126,Colston Loveland,TE,CHI,2025,10,0,0,0.0,0,,0,4,4,42,0.1111,0.1217,28,25,9.5,6.31,9.5
00-0040126,Colston Loveland,TE,CHI,2025,11,0,0,0.0,0,,0,4,3,28,0.1429,0.0727,39,35,7.0,8.04,7.0
00-0040126,Colston Loveland,TE,CHI,2025,12,0,0,0.0,0,,0,5,4,39,0.1667,0.1189,25,21,14.9,8.71,14.9
00-0040126,Colston Loveland,TE,CHI,2025,13,0,0,0.0,0,,0,6,3,69,0.1875,0.2738,47,41,5.8,9.09,5.8
00-0040126,Colston Loveland,TE,CHI,2025,14,0,0,0.0,0,,0,5,4,32,0.1786,0.1074,32,31,12.9,10.62,12.9
00-0040126,Colston Loveland,TE,CHI,2025,15,0,0,0.0,0,,1,5,4,61,0.1852,0.2218,33,30,10.1,9.82,10.1
00-0040126,Colston Loveland,TE,CHI,2025,16,0,0,0.0,0,,0,5,3,40,0.1724,0.1208,26,27,6.0,9.36,6.0
00-0040126,Colston Loveland,TE,CHI,2025,17,0,0,0.0,0,,0,10,6,103,0.2564,0.3399,22,22,21.4,18.34,21.4
00-0040126,Colston Loveland,TE,CHI,2025,18,0,0,0.0,0,,0,13,10,94,0.4483,0.3615,18,18,25.1,24.87,25.1
00-0040128,Tyler Warren,TE,IND,2025,1,0,0,0.0,0,,1,9,7,47,0.3103,0.2398,40,34,14.9,17.08,14.9
00-0040128,Tyler Warren,TE,IND,2025,2,0,0,0.0,0,,1,7,4,55,0.2121,0.1672,32,27,11.9,11.97,11.9
00-0040128,Tyler Warren,TE,IND,2025,3,0,0,0.0,0,,0,5,3,7,0.2,0.04,28,23,6.8,7.43,6.8
00-0040128,Tyler Warren,TE,IND,2025,4,0,0,0.0,0,,2,6,5,59,0.1875,0.1885,21,23,18.3,14.75,18.3
00-0040128,Tyler Warren,TE,IND,2025,5,1,0,-0.465,0,,0,4,4,33,0.129,0.1236,25,27,14.4,10.47,14.4
00-0040128,Tyler Warren,TE,IND,2025,6,0,0,0.0,0,,0,9,6,55,0.3,0.2696,27,27,18.3,18.88,18.3
00-0040128,Tyler Warren,TE,IND,2025,7,0,0,0.0,0,,0,5,4,24,0.1562,0.0719,23,22,16.9,11.93,16.9
00-0040128,Tyler Warren,TE,IND,2025,8,0,0,0.0,0,,0,5,4,33,0.1786,0.1236,18,19,9.3,9.35,9.3
00-0040128,Tyler Warren,TE,IND,2025,9,0,0,0.0,0,,0,7,5,7,0.1458,0.0162,19,19,7.6,17.72,7.6
00-0040128,Tyler Warren,TE,IND,2025,10,0,0,0.0,0,,0,10,8,49,0.3846,0.2344,41,37,17.9,16.12,17.9
00-0040128,Tyler Warren,TE,IND,2025,12,0,0,0.0,0,,0,7,5,16,0.2258,0.1151,19,18,9.5,12.03,9.5
00-0040128,Tyler Warren,TE,IND,2025,13,0,0,0.0,0,,1,4,3,12,0.16,0.0606,23,24,11.2,7.9,11.2
00-0040128,Tyler Warren,TE,IND,2025,14,0,0,0.0,0,,1,6,2,33,0.1667,0.1422,26,24,3.7,15.6,3.7
00-0040128,Tyler Warren,TE,IND,2025,15,0,0,0.0,0,,0,6,3,43,0.2308,0.3028,30,37,4.9,7.48,4.9
00-0040128,Tyler Warren,TE,IND,2025,16,0,0,0.0,0,,0,9,3,69,0.25,0.2047,20,23,6.0,14.54,6.0
00-0040128,Tyler Warren,TE,IND,2025,17,0,0,0.0,0,,0,5,5,23,0.1724,0.0799,22,25,9.3,8.13,9.3
00-0040128,Tyler Warren,TE,IND,2025,18,0,0,0.0,0,,0,8,5,37,0.2424,0.1164,28,28,7.6,12.15,7.6
00-0040129,Emeka Egbuka,WR,TB,2025,1,0,0,0.0,0,,1,6,4,71,0.2,0.2126,23,22,23.6,12.91,23.6
00-0040129,Emeka Egbuka,WR,TB,2025,2,0,0,0.0,0,,0,7,4,81,0.1944,0.2664,30,35,12.9,12.43,12.9
00-0040129,Emeka Egbuka,WR,TB,2025,3,0,0,0.0,0,,0,8,6,92,0.2759,0.3966,34,35,14.5,12.75,14.5
00-0040129,Emeka Egbuka,WR,TB,2025,4,0,0,0.0,0,,1,10,4,148,0.2564,0.4639,26,30,20.1,16.97,20.1
00-0040129,Emeka Egbuka,WR,TB,2025,5,0,0,0.0,0,,0,7,7,131,0.2188,0.5097,24,24,31.3,14.7,31.3
00-0040129,Emeka Egbuka,WR,TB,2025,6,0,0,0.0,0,,0,4,2,46,0.1739,0.1925,26,26,4.4,7.11,4.4
00-0040129,Emeka Egbuka,WR,TB,2025,7,0,0,0.0,0,,0,12,4,175,0.24,0.3661,12,16,9.8,24.3,9.8
00-0040129,Emeka Egbuka,WR,TB,2025,8,0,0,0.0,0,,0,9,3,99,0.375,0.6111,29,31,6.5,19.84,6.5
00-0040129,Emeka Egbuka,WR,TB,2025,10,0,0,0.0,0,,0,13,6,144,0.3023,0.5106,21,25,23.5,25.46,23.5
00-0040129,Emeka Egbuka,WR,TB,2025,11,0,0,0.0,0,,0,9,5,42,0.3333,0.2143,39,33,9.0,14.69,9.0
00-0040129,Emeka Egbuka,WR,TB,2025,12,0,0,0.0,0,,0,8,3,87,0.2581,0.3466,29,24,6.2,15.92,6.2
00-0040129,Emeka Egbuka,WR,TB,2025,13,0,0,0.0,0,,0,8,4,84,0.3077,0.4038,27,26,8.2,14.23,8.2
00-0040129,Emeka Egbuka,WR,TB,2025,14,0,0,0.0,0,,0,9,2,132,0.3214,0.5739,39,36,3.5,14.58,3.5
00-0040129,Emeka Egbuka,WR,TB,2025,15,0,0,0.0,0,,0,7,4,111,0.2188,0.3092,22,23,10.4,14.09,10.4
00-0040129,Emeka Egbuka,WR,TB,2025,16,0,0,0.0,0,,0,2,1,40,0.08,0.2649,33,30,5.0,3.36,5.0
00-0040129,Emeka Egbuka,WR,TB,2025,17,0,0,0.0,0,,0,5,3,61,0.1136,0.1694,16,20,5.0,7.97,5.0
00-0040129,Emeka Egbuka,WR,TB,2025,18,0,0,0.0,0,,0,3,1,28,0.1364,0.1972,42,40,1.8,6.18,1.8
00-0040130,Jayden Higgins,WR,HOU,2025,1,0,0,0.0,0,,0,3,2,52,0.1111,0.3023,27,23,5.2,5.29,5.2
00-0040130,Jayden Higgins,WR,HOU,2025,2,0,0,0.0,0,,0,1,1,4,0.0435,0.0205,19,18,3.8,1.5,3.8
00-0040130,Jayden Higgins,WR,HOU,2025,3,0,0,0.0,0,,0,1,1,5,0.0278,0.0174,19,19,1.5,1.39,1.5
00-0040130,Jayden Higgins,WR,HOU,2025,4,0,0,0.0,0,,0,1,1,24,0.0357,0.1319,35,36,9.4,2.81,9.4
00-0040130,Jayden Higgins,WR,HOU,2025,5,0,0,0.0,0,,0,4,4,25,0.129,0.0965,33,27,7.2,6.56,7.2
00-0040130,Jayden Higgins,WR,HOU,2025,7,0,0,0.0,0,,0,3,0,33,0.0652,0.0778,17,19,0.0,5.39,0.0
00-0040130,Jayden Higgins,WR,HOU,2025,8,0,0,0.0,0,,0,8,4,97,0.2105,0.287,36,36,13.4,16.3,13.4
00-0040130,Jayden Higgins,WR,HOU,2025,9,0,0,0.0,0,,0,1,1,4,0.0256,0.0121,28,24,1.4,1.4,1.4
00-0040130,Jayden Higgins,WR,HOU,2025,10,0,0,0.0,0,,0,7,5,91,0.1591,0.2131,22,22,15.2,13.0,15.2
00-0040130,Jayden Higgins,WR,HOU,2025,11,0,0,0.0,0,,0,7,4,106,0.175,0.3029,23,23,9.5,12.5,9.5
00-0040130,Jayden Higgins,WR,HOU,2025,12,0,0,0.0,0,,0,9,4,117,0.3214,0.5065,26,24,13.8,16.02,13.8
00-0040130,Jayden Higgins,WR,HOU,2025,13,0,0,0.0,0,,0,5,5,47,0.1562,0.1199,34,29,11.5,7.57,11.5
00-0040130,Jayden Higgins,WR,HOU,2025,14,0,0,0.0,0,,0,5,3,72,0.1852,0.2361,31,30,6.4,8.03,6.4
00-0040130,Jayden Higgins,WR,HOU,2025,15,0,0,0.0,0,,0,1,1,4,0.0385,0.0342,33,33,1.4,1.01,1.4
00-0040130,Jayden Higgins,WR,HOU,2025,16,0,0,0.0,0,,0,3,1,45,0.0882,0.1475,26,29,2.7,4.11,2.7
00-0040130,Jayden Higgins,WR,HOU,2025,17,0,0,0.0,0,,0,4,2,70,0.1538,0.2734,34,29,16.8,7.38,16.8
00-0040130,Jayden Higgins,WR,HOU,2025,18,0,0,0.0,0,,0,5,2,43,0.1786,0.2228,32,32,10.3,9.21,10.3
00-0040131,Kyle Williams,WR,NE,2025,1,0,0,0.0,0,,0,1,1,12,0.0222,0.034,18,21,2.2,1.5,2.2
00-0040131,Kyle Williams,WR,NE,2025,3,0,0,0.0,0,,0,1,1,7,0.0278,0.0338,29,28,1.8,1.56,1.8
00-0040131,Kyle Williams,WR,NE,2025,4,0,0,0.0,0,,1,0,0,0.0,0.0,0.0,29,25,-0.2,0.68,-0.2
00-0040131,Kyle Williams,WR,NE,2025,6,0,0,0.0,0,,0,2,0,37,0.0833,0.1303,31,23,0.0,3.81,0.0
00-0040131,Kyle Williams,WR,NE,2025,7,0,0,0.0,0,,0,1,0,17,0.0417,0.0863,36,27,0.0,1.55,0.0
00-0040131,Kyle Williams,WR,NE,2025,9,0,0,0.0,0,,0,1,0,11,0.0357,0.0355,33,30,0.0,1.64,0.0
00-0040131,Kyle Williams,WR,NE,2025,10,0,0,0.0,0,,0,2,1,57,0.069,0.1629,27,20,14.2,3.94,14.2
00-0040131,Kyle Williams,WR,NE,2025,11,0,0,0.0,0,,0,3,0,108,0.0909,0.2707,27,27,0.0,5.49,0.0
00-0040131,Kyle Williams,WR,NE,2025,12,0,0,0.0,0,,0,1,1,5,0.0303,0.0168,31,29,2.8,1.48,2.8
00-0040131,Kyle Williams,WR,NE,2025,13,0,0,0.0,0,,0,1,1,33,0.0333,0.1347,29,29,10.3,2.22,10.3
00-0040131,Kyle Williams,WR,NE,2025,16,0,0,0.0,0,,0,3,2,47,0.0714,0.0992,23,16,12.6,4.64,12.6
00-0040131,Kyle Williams,WR,NE,2025,17,0,0,0.0,0,,0,5,3,66,0.2,0.3,36,36,5.0,7.58,5.0
00-0040131,Kyle Williams,WR,NE,2025,18,0,0,0.0,0,,1,0,0,0.0,0.0,0.0,34,27,0.5,0.87,0.5
00-0040134,Pat Bryant,WR,DEN,2025,2,0,0,0.0,0,,0,3,2,8,0.1,0.0544,24,24,3.8,4.21,3.8
00-0040134,Pat Bryant,WR,DEN,2025,4,0,0,0.0,0,,0,1,0,6,0.0238,0.0214,38,36,0.0,3.59,0.0
00-0040134,Pat Bryant,WR,DEN,2025,6,0,0,0.0,0,,0,2,2,10,0.0769,0.0654,26,21,4.2,2.87,4.2
00-0040134,Pat Bryant,WR,DEN,2025,7,0,0,0.0,0,,0,4,1,18,0.0816,0.0458,24,22,1.6,6.09,1.6
00-0040134,Pat Bryant,WR,DEN,2025,8,0,0,0.0,0,,0,4,2,60,0.1481,0.2007,28,26,12.0,9.08,12.0
00-0040134,Pat Bryant,WR,DEN,2025,9,0,0,0.0,0,,0,3,2,57,0.0882,0.1293,23,25,4.0,5.4,4.0
00-0040134,Pat Bryant,WR,DEN,2025,10,0,0,0.0,0,,0,2,1,22,0.0741,0.0891,27,25,5.3,3.06,5.3
00-0040134,Pat Bryant,WR,DEN,2025,11,0,0,0.0,0,,0,6,5,57,0.1667,0.1787,21,22,13.2,9.46,13.2
00-0040134,Pat Bryant,WR,DEN,2025,13,0,0,0.0,0,,0,7,3,66,0.1628,0.3492,23,26,7.2,10.57,7.2
00-0040134,Pat Bryant,WR,DEN,2025,14,0,0,0.0,0,,0,4,4,20,0.1111,0.0926,31,33,7.2,6.39,7.2
00-0040134,Pat Bryant,WR,DEN,2025,16,0,0,0.0,0,,0,8,5,67,0.1739,0.1492,17,17,9.2,12.33,9.2
00-0040134,Pat Bryant,WR,DEN,2025,18,0,0,0.0,0,,0,5,4,19,0.2174,0.7308,31,27,7.1,8.71,7.1
00-0040138,Jaylin Noel,WR,HOU,2025,1,0,0,0.0,0,,0,2,1,2,0.0741,0.0116,27,23,1.7,2.93,1.7
00-0040138,Jaylin Noel,WR,HOU,2025,3,0,0,0.0,0,,0,1,1,-4,0.0278,-0.0139,19,19,1.4,1.4,1.4
00-0040138,Jaylin Noel,WR,HOU,2025,4,0,0,0.0,0,,1,1,1,-9,0.0357,-0.0495,35,36,1.0,1.92,1.0
00-0040138,Jaylin Noel,WR,HOU,2025,5,0,0,0.0,0,,1,3,2,20,0.0968,0.0772,33,27,9.8,8.3,9.8
00-0040138,Jaylin Noel,WR,HOU,2025,7,0,0,0.0,0,,0,7,4,126,0.1522,0.2972,17,19,11.7,9.49,11.7
00-0040138,Jaylin Noel,WR,HOU,2025,8,0,0,0.0,0,,0,6,5,78,0.1579,0.2308,36,36,11.3,9.91,11.3
00-0040138,Jaylin Noel,WR,HOU,2025,9,0,0,0.0,0,,1,0,0,0.0,0.0,0.0,28,24,-0.3,1.09,-0.3
00-0040138,Jaylin Noel,WR,HOU,2025,10,0,0,0.0,0,,0,4,4,30,0.0909,0.0703,22,22,7.5,5.65,7.5
00-0040138,Jaylin Noel,WR,HOU,2025,11,0,0,0.0,0,,0,1,1,-4,0.025,-0.0114,23,23,2.2,1.3,2.2
00-0040138,Jaylin Noel,WR,HOU,2025,12,0,0,0.0,0,,1,2,1,5,0.0714,0.0216,26,24,1.9,3.96,1.9
00-0040138,Jaylin Noel,WR,HOU,2025,13,0,0,0.0,0,,0,1,0,5,0.0312,0.0128,34,29,0.0,1.7,0.0
00-0040138,Jaylin Noel,WR,HOU,2025,14,0,0,0.0,0,,1,2,2,6,0.0741,0.0197,31,30,3.3,3.39,3.3
00-0040138,Jaylin Noel,WR,HOU,2025,17,0,0,0.0,0,,1,4,3,65,0.1538,0.2539,34,29,14.6,8.15,14.6
00-0040138,Jaylin Noel,WR,HOU,2025,18,0,0,0.0,0,,0,1,1,7,0.0357,0.0363,32,32,2.3,1.57,2.3
00-0040142,Kaleb Johnson,RB,PIT,2025,1,0,0,0.0,0,,1,0,0,0.0,0.0,0.0,20,24,-0.2,0.53,-0.2
00-0040142,Kaleb Johnson,RB,PIT,2025,2,0,0,0.0,0,,1,0,0,0.0,0.0,0.0,21,27,0.1,0.45,0.1
00-0040142,Kaleb Johnson,RB,PIT,2025,4,0,0,0.0,0,,6,1,0,-3,0.0455,-0.0411,29,31,2.2,5.05,2.2
00-0040142,Kaleb Johnson,RB,PIT,2025,6,0,0,0.0,0,,6,0,0,0.0,0.0,0.0,28,31,1.5,2.72,1.5
00-0040142,Kaleb Johnson,RB,PIT,2025,9,0,0,0.0,0,,1,1,1,-5,0.0286,-0.0485,23,27,2.3,2.28,2.3
00-0040142,Kaleb Johnson,RB,PIT,2025,10,0,0,0.0,0,,2,0,0,0.0,0.0,0.0,16,20,0.3,0.89,0.3
00-0040142,Kaleb Johnson,RB,PIT,2025,11,0,0,0.0,0,,5,0,0,0.0,0.0,0.0,28,33,1.5,2.97,1.5
00-0040142,Kaleb Johnson,RB,PIT,2025,13,0,0,0.0,0,,2,0,0,0.0,0.0,0.0,18,21,0.3,1.26,0.3
00-0040142,Kaleb Johnson,RB,PIT,2025,14,0,0,0.0,0,,2,0,0,0.0,0.0,0.0,17,23,0.4,0.9,0.4
00-0040142,Kaleb Johnson,RB,PIT,2025,15,0,0,0.0,0,,2,0,0,0.0,0.0,0.0,32,37,0.4,1.14,0.4
00-0040154,Tai Felton,WR,MIN,2025,3,0,0,0.0,0,,0,1,1,7,0.0417,0.0372,31,30,1.9,1.65,1.9
00-0040154,Tai Felton,WR,MIN,2025,14,0,0,0.0,0,,0,1,1,-2,0.0435,-0.0131,34,29,2.0,1.72,2.0
00-0040154,Tai Felton,WR,MIN,2025,16,0,0,0.0,0,,0,1,1,6,0.0435,0.048,31,29,1.6,1.41,1.6
00-0040162,Dylan Sampson,RB,CLE,2025,1,0,0,0.0,0,,12,8,8,-25,0.1905,-0.0916,24,30,17.3,18.14,17.3
00-0040162,Dylan Sampson,RB,CLE,2025,2,0,0,0.0,0,,4,3,3,7,0.0732,0.0224,22,31,10.9,7.22,10.9
00-0040162,Dylan Sampson,RB,CLE,2025,3,0,0,0.0,0,,1,0,0,0.0,0.0,0.0,19,24,0.2,0.65,0.2
00-0040162,Dylan Sampson,RB,CLE,2025,4,0,0,0.0,0,,1,1,0,-1,0.0294,-0.0029,27,28,-0.2,1.86,-0.2
00-0040162,Dylan Sampson,RB,CLE,2025,5,0,0,0.0,0,,1,2,1,-4,0.0625,-0.0192,32,33,1.2,3.03,1.2
00-0040162,Dylan Sampson,RB,CLE,2025,6,0,0,0.0,0,,3,2,2,0.0,0.0392,0.0,17,24,4.4,3.87,4.4
00-0040162,Dylan Sampson,RB,CLE,2025,7,0,0,0.0,0,,3,1,1,-5,0.0556,-0.0581,33,32,2.7,3.17,2.7
00-0040162,Dylan Sampson,RB,CLE,2025,8,0,0,0.0,0,,3,6,5,1,0.1818,0.0051,16,21,7.9,9.97,7.9
00-0040162,Dylan Sampson,RB,CLE,2025,10,0,0,0.0,0,,2,1,1,1,0.0312,0.005,32,28,0.9,2.17,0.9
00-0040162,Dylan Sampson,RB,CLE,2025,11,0,0,0.0,0,,1,1,0,5,0.04,0.0301,25,19,1.9,1.86,1.9
00-0040162,Dylan Sampson,RB,CLE,2025,12,0,0,0.0,0,,7,3,2,-18,0.1667,-0.0923,27,26,16.2,6.69,16.2
00-0040162,Dylan Sampson,RB,CLE,2025,13,0,0,0.0,0,,4,0,0,0.0,0.0,0.0,31,33,2.3,1.84,2.3
00-0040162,Dylan Sampson,RB,CLE,2025,14,0,0,0.0,0,,2,6,5,-3,0.1579,-0.0098,20,24,9.8,9.68,9.8
00-0040162,Dylan Sampson,RB,CLE,2025,17,0,0,0.0,0,,11,3,3,-13,0.1304,-0.0688,25,25,5.7,9.48,5.7
00-0040162,Dylan Sampson,RB,CLE,2025,18,0,0,0.0,0,,10,3,2,-7,0.1429,-0.0357,24,20,6.4,9.74,6.4
00-0040164,Jaylin Lane,WR,WAS,2025,1,0,0,0.0,0,,0,2,1,20,0.069,0.0717,32,23,2.1,3.44,2.1
00-0040164,Jaylin Lane,WR,WAS,2025,2,0,0,0.0,0,,0,4,1,16,0.1,0.0573,19,14,1.2,5.65,1.2
00-0040164,Jaylin Lane,WR,WAS,2025,3,0,0,0.0,0,,0,2,1,15,0.1111,0.0949,32,24,6.8,4.4,0.8
00-0040164,Jaylin Lane,WR,WAS,2025,4,0,0,0.0,0,,0,3,2,56,0.125,0.1958,22,19,3.8,5.54,3.8
00-0040164,Jaylin Lane,WR,WAS,2025,5,0,0,0.0,0,,0,2,1,30,0.087,0.1255,28,23,2.6,3.48,2.6
00-0040164,Jaylin Lane,WR,WAS,2025,6,0,0,0.0,0,,1,2,1,31,0.0833,0.1462,31,23,5.4,4.18,5.4
00-0040164,Jaylin Lane,WR,WAS,2025,7,0,0,0.0,0,,0,6,3,105,0.1935,0.3323,28,21,9.0,10.77,9.0
00-0040164,Jaylin Lane,WR,WAS,2025,8,0,0,0.0,0,,0,2,1,11,0.0667,0.0679,20,16,1.0,2.9,1.0
00-0040164,Jaylin Lane,WR,WAS,2025,9,0,0,0.0,0,,0,5,3,41,0.2381,0.328,36,26,5.9,6.93,5.9
00-0040164,Jaylin Lane,WR,WAS,2025,10,0,0,0.0,0,,0,1,1,40,0.0455,0.1389,27,23,5.1,2.41,5.1
00-0040164,Jaylin Lane,WR,WAS,2025,11,0,0,0.0,0,,0,1,1,12,0.0345,0.0543,33,32,2.3,1.84,2.3
00-0040164,Jaylin Lane,WR,WAS,2025,13,0,0,0.0,0,,0,1,0,29,0.0222,0.0485,33,23,0.0,1.41,0.0
00-0040164,Jaylin Lane,WR,WAS,2025,15,0,0,0.0,0,,0,1,0,21,0.0625,0.0811,37,28,6.0,2.23,0.0
00-0040170,Elic Ayomanor,WR,TEN,2025,1,0,0,0.0,0,,0,7,2,133,0.28,0.4524,21,21,3.3,10.26,3.3
00-0040170,Elic Ayomanor,WR,TEN,2025,2,0,0,0.0,0,,0,6,4,69,0.1935,0.3209,26,20,15.6,8.72,15.6
00-0040170,Elic Ayomanor,WR,TEN,2025,3,0,0,0.0,0,,0,5,4,39,0.1471,0.2108,23,20,13.8,10.23,13.8
00-0040170,Elic Ayomanor,WR,TEN,2025,4,0,0,0.0,0,,0,7,2,102,0.3043,0.5368,18,18,6.4,10.16,6.4
00-0040170,Elic Ayomanor,WR,TEN,2025,5,0,0,0.0,0,,0,4,2,38,0.1081,0.0903,24,22,3.8,5.52,3.8
00-0040170,Elic Ayomanor,WR,TEN,2025,6,0,0,0.0,0,,0,5,3,84,0.1471,0.332,15,21,5.7,6.71,5.7
00-0040170,Elic Ayomanor,WR,TEN,2025,7,0,0,0.0,0,,0,5,2,37,0.1562,0.1637,12,20,4.9,6.99,4.9
00-0040170,Elic Ayomanor,WR,TEN,2025,8,0,0,0.0,0,,0,8,4,111,0.2162,0.3384,25,26,9.2,14.77,9.2
00-0040170,Elic Ayomanor,WR,TEN,2025,9,0,0,0.0,0,,0,6,3,72,0.2857,0.3934,19,21,7.6,9.37,7.6
00-0040170,Elic Ayomanor,WR,TEN,2025,11,0,0,0.0,0,,0,6,2,75,0.1667,0.2799,17,22,3.1,8.41,3.1
00-0040170,Elic Ayomanor,WR,TEN,2025,13,0,0,0.0,0,,0,5,1,57,0.1429,0.2298,14,19,1.5,7.46,1.5
00-0040170,Elic Ayomanor,WR,TEN,2025,14,0,0,0.0,0,,0,3,1,22,0.12,0.1264,35,35,8.4,4.2,8.4
00-0040170,Elic Ayomanor,WR,TEN,2025,15,0,0,0.0,0,,0,1,1,15,0.037,0.0877,20,21,2.7,1.77,2.7
00-0040170,Elic Ayomanor,WR,TEN,2025,16,0,0,0.0,0,,0,4,3,80,0.1481,0.4908,40,41,8.8,6.58,8.8
00-0040170,Elic Ayomanor,WR,TEN,2025,17,0,0,0.0,0,,0,7,4,70,0.2,0.1877,28,28,13.7,13.73,13.7
00-0040170,Elic Ayomanor,WR,TEN,2025,18,0,0,0.0,0,,0,10,3,122,0.303,0.9606,19,27,8.0,13.93,8.0
00-0040172,Jordan Watkins,WR,SF,2025,8,0,0,0.0,0,,0,2,1,24,0.0645,0.0752,10,11,1.7,3.15,1.7
00-0040172,Jordan Watkins,WR,SF,2025,9,0,0,0.0,0,,0,1,1,19,0.0435,0.1187,39,38,2.9,2.19,2.9
00-0040179,DJ Giddens,RB,IND,2025,1,0,0,0.0,0,,12,0,0,0.0,0.0,0.0,40,34,4.1,9.23,4.1
00-0040179,DJ Giddens,RB,IND,2025,2,0,0,0.0,0,,0,1,0,-6,0.0303,-0.0182,32,27,0.0,1.22,0.0
00-0040179,DJ Giddens,RB,IND,2025,3,0,0,0.0,0,,1,0,0,0.0,0.0,0.0,28,23,0.3,0.37,0.3
00-0040179,DJ Giddens,RB,IND,2025,5,0,0,0.0,0,,5,1,0,0.0,0.0323,0.0,25,27,2.2,3.54,2.2
00-0040179,DJ Giddens,RB,IND,2025,18,0,0,0.0,0,,8,0,0,0.0,0.0,0.0,28,28,3.0,3.9,3.0
00-0040184,KeAndre Lambert-Smith,WR,LAC,2025,1,0,0,0.0,0,,0,1,0,30,0.0294,0.0877,25,19,0.0,2.91,0.0
00-0040184,KeAndre Lambert-Smith,WR,LAC,2025,6,0,0,0.0,0,,0,2,1,17,0.0526,0.0773,25,28,1.1,3.64,1.1
00-0040184,KeAndre Lambert-Smith,WR,LAC,2025,9,0,0,0.0,0,,0,1,0,48,0.0357,0.1543,30,21,0.0,2.82,0.0
00-0040184,KeAndre Lambert-Smith,WR,LAC,2025,15,0,0,0.0,0,,0,1,1,16,0.0385,0.0808,29,29,8.6,2.02,8.6
00-0040184,KeAndre Lambert-Smith,WR,LAC,2025,16,0,0,0.0,0,,0,1,1,4,0.0357,0.0149,33,26,2.0,1.01,2.0
00-0040184,KeAndre Lambert-Smith,WR,LAC,2025,17,0,0,0.0,0,,0,1,0,12,0.0323,0.0429,22,23,0.0,1.59,0.0
00-0040184,KeAndre Lambert-Smith,WR,LAC,2025,18,0,0,0.0,0,,0,5,2,84,0.1316,0.2127,21,16,4.4,6.26,4.4
00-0040187,Mitchell Evans,TE,CAR,2025,2,0,0,0.0,0,,0,1,1,5,0.0189,0.0133,19,23,1.9,1.44,1.9
00-0040187,Mitchell Evans,TE,CAR,2025,3,0,0,0.0,0,,0,1,1,7,0.0417,0.0526,30,30,1.9,1.8,1.9
00-0040187,Mitchell Evans,TE,CAR,2025,4,0,0,0.0,0,,0,4,3,4,0.125,0.0201,28,30,11.3,7.34,11.3
00-0040187,Mitchell Evans,TE,CAR,2025,5,0,0,0.0,0,,0,1,1,2,0.037,0.0082,32,31,7.4,3.81,7.4
00-0040187,Mitchell Evans,TE,CAR,2025,6,0,0,0.0,0,,0,1,1,17,0.0476,0.1104,38,38,3.1,2.32,3.1
00-0040187,Mitchell Evans,TE,CAR,2025,7,0,0,0.0,0,,0,3,2,11,0.0968,0.0472,36,34,4.4,5.44,4.4
00-0040187,Mitchell Evans,TE,CAR,2025,10,0,0,0.0,0,,0,1,0,11,0.0435,0.0679,23,25,0.0,1.65,0.0
00-0040187,Mitchell Evans,TE,CAR,2025,11,0,0,0.0,0,,0,2,2,19,0.0455,0.0683,25,30,4.8,3.46,4.8
00-0040187,Mitchell Evans,TE,CAR,2025,12,0,0,0.0,0,,0,1,0,1,0.037,0.0058,13,17,0.0,4.01,0.0
00-0040187,Mitchell Evans,TE,CAR,2025,13,0,0,0.0,0,,0,3,3,-3,0.15,-0.0194,40,40,5.0,4.15,5.0
00-0040187,Mitchell Evans,TE,CAR,2025,16,0,0,0.0,0,,0,3,3,14,0.0968,0.0547,20,20,5.3,4.64,5.3
00-0040187,Mitchell Evans,TE,CAR,2025,17,0,0,0.0,0,,1,2,1,2,0.0952,0.0465,26,22,1.6,2.45,1.6
00-0040187,Mitchell Evans,TE,CAR,2025,18,0,0,0.0,0,,0,2,1,1,0.0667,0.004,14,16,1.5,2.86,1.5
00-0040189,Oronde Gadsden II,TE,LAC,2025,3,0,0,0.0,0,,0,7,5,58,0.1556,0.1352,28,31,9.6,15.29,9.6
00-0040189,Oronde Gadsden II,TE,LAC,2025,4,0,0,0.0,0,,0,3,2,19,0.0789,0.0717,13,17,3.6,4.1,3.6
00-0040189,Oronde Gadsden II,TE,LAC,2025,5,0,0,0.0,0,,0,1,1,6,0.0312,0.0472,27,29,2.4,1.49,2.4
00-0040189,Oronde Gadsden II,TE,LAC,2025,6,0,0,0.0,0,,0,8,7,43,0.2105,0.1955,25,28,11.8,13.11,11.8
00-0040189,Oronde Gadsden II,TE,LAC,2025,7,0,0,0.0,0,,0,9,7,89,0.1667,0.1973,16,16,29.4,14.65,29.4
00-0040189,Oronde Gadsden II,TE,LAC,2025,8,0,0,0.0,0,,0,5,5,50,0.2083,0.2427,43,37,18.7,9.18,18.7
00-0040189,Oronde Gadsden II,TE,LAC,2025,9,0,0,0.0,0,,0,5,5,47,0.1786,0.1511,30,21,11.8,8.69,11.8
00-0040189,Oronde Gadsden II,TE,LAC,2025,10,0,0,0.0,0,,0,6,3,34,0.1818,0.2179,31,27,4.3,10.54,4.3
00-0040189,Oronde Gadsden II,TE,LAC,2025,11,0,0,0.0,0,,0,5,2,60,0.2083,0.3261,16,13,6.1,7.86,6.1
00-0040189,Oronde Gadsden II,TE,LAC,2025,13,0,0,0.0,0,,0,2,1,33,0.0952,0.1658,43,37,3.7,4.3,3.7
00-0040189,Oronde Gadsden II,TE,LAC,2025,14,0,0,0.0,0,,0,4,1,38,0.1739,0.1407,38,30,1.7,6.08,1.7
00-0040189,Oronde Gadsden II,TE,LAC,2025,15,0,0,0.0,0,,0,5,4,70,0.1923,0.3535,29,29,10.1,8.88,10.1
00-0040189,Oronde Gadsden II,TE,LAC,2025,16,0,0,0.0,0,,0,1,1,4,0.0357,0.0149,33,26,1.7,1.56,1.7
00-0040189,Oronde Gadsden II,TE,LAC,2025,17,0,0,0.0,0,,0,6,3,58,0.1935,0.2071,22,23,12.2,13.52,12.2
00-0040189,Oronde Gadsden II,TE,LAC,2025,18,0,0,0.0,0,,0,2,2,15,0.0526,0.038,21,16,4.3,2.71,4.3
00-0040194,Jackson Hawes,TE,BUF,2025,1,0,0,0.0,0,,0,1,1,26,0.0222,0.065,31,22,3.9,2.32,3.9
00-0040194,Jackson Hawes,TE,BUF,2025,2,0,0,0.0,0,,0,1,1,-2,0.04,-0.0137,43,33,1.5,1.66,1.5
00-0040194,Jackson Hawes,TE,BUF,2025,3,0,0,0.0,0,,0,1,1,5,0.037,0.045,27,26,7.5,4.06,7.5
00-0040194,Jackson Hawes,TE,BUF,2025,4,0,0,0.0,0,,0,1,1,3,0.0455,0.0134,32,27,2.5,1.57,2.5
00-0040194,Jackson Hawes,TE,BUF,2025,8,0,0,0.0,0,,0,3,2,24,0.1304,0.1633,35,32,3.5,5.62,3.5
00-0040194,Jackson Hawes,TE,BUF,2025,9,0,0,0.0,0,,0,2,1,15,0.08,0.1128,35,32,2.8,3.63,2.8
00-0040194,Jackson Hawes,TE,BUF,2025,10,0,0,0.0,0,,0,2,1,48,0.0513,0.1188,22,24,9.6,5.47,9.6
00-0040194,Jackson Hawes,TE,BUF,2025,12,0,0,0.0,0,,0,2,2,6,0.0625,0.0373,24,26,4.6,2.97,4.6
00-0040194,Jackson Hawes,TE,BUF,2025,13,0,0,0.0,0,,0,1,1,0.0,0.0435,0.0,51,49,2.0,1.42,2.0
00-0040194,Jackson Hawes,TE,BUF,2025,14,0,0,0.0,0,,0,1,1,3,0.037,0.0233,29,24,7.3,4.29,7.3
00-0040194,Jackson Hawes,TE,BUF,2025,15,0,0,0.0,0,,0,1,1,3,0.0385,0.0111,37,32,1.9,1.46,1.9
00-0040194,Jackson Hawes,TE,BUF,2025,16,0,0,0.0,0,,0,2,2,8,0.1111,0.0661,29,25,4.6,2.53,4.6
00-0040194,Jackson Hawes,TE,BUF,2025,18,0,0,0.0,0,,0,1,1,0.0,0.0357,0.0,43,43,1.0,1.39,1.0
00-0040198,Ollie Gordon II,RB,MIA,2025,1,0,0,0.0,0,,2,1,1,-5,0.0323,-0.0214,12,13,1.3,2.84,1.3
00-0040198,Ollie Gordon II,RB,MIA,2025,2,0,0,0.0,0,,1,1,1,-3,0.0312,-0.012,15,21,2.3,1.44,2.3
00-0040198,Ollie Gordon II,RB,MIA,2025,3,0,0,0.0,0,,9,0,0,0.0,0.0,0.0,25,28,9.8,8.05,9.8
00-0040198,Ollie Gordon II,RB,MIA,2025,4,0,0,0.0,0,,6,1,0,2,0.04,0.0146,31,27,1.0,5.07,1.0
00-0040198,Ollie Gordon II,RB,MIA,2025,5,0,0,0.0,0,,3,0,0,0.0,0.0,0.0,14,19,-0.2,1.66,-0.2
00-0040198,Ollie Gordon II,RB,MIA,2025,6,0,0,0.0,0,,2,1,1,-3,0.0333,-0.0144,21,23,1.2,2.33,1.2
00-0040198,Ollie Gordon II,RB,MIA,2025,7,0,0,0.0,0,,5,2,1,-1,0.0667,-0.0043,22,22,2.3,4.59,2.3
00-0040198,Ollie Gordon II,RB,MIA,2025,8,0,0,0.0,0,,10,1,1,-2,0.037,-0.0198,37,44,13.6,7.49,13.6
00-0040198,Ollie Gordon II,RB,MIA,2025,9,0,0,0.0,0,,2,1,1,-4,0.027,-0.0148,20,23,1.9,2.58,1.9
00-0040198,Ollie Gordon II,RB,MIA,2025,10,0,0,0.0,0,,1,0,0,0.0,0.0,0.0,32,34,-0.3,0.47,-0.3
00-0040198,Ollie Gordon II,RB,MIA,2025,11,0,0,0.0,0,,9,0,0,0.0,0.0,0.0,31,36,10.5,11.15,10.5
00-0040198,Ollie Gordon II,RB,MIA,2025,13,0,0,0.0,0,,3,0,0,0.0,0.0,0.0,32,28,1.0,1.31,1.0
00-0040198,Ollie Gordon II,RB,MIA,2025,14,0,0,0.0,0,,5,0,0,0.0,0.0,0.0,41,37,7.7,2.5,7.7
00-0040198,Ollie Gordon II,RB,MIA,2025,15,0,0,0.0,0,,2,0,0,0.0,0.0,0.0,16,22,0.0,0.83,0.0
00-0040198,Ollie Gordon II,RB,MIA,2025,16,0,0,0.0,0,,1,0,0,0.0,0.0,0.0,28,29,-0.1,0.38,-0.1
00-0040198,Ollie Gordon II,RB,MIA,2025,18,0,0,0.0,0,,9,1,1,-9,0.0417,-0.0563,25,25,2.1,7.13,2.1
00-0040202,Devin Neal,RB,NO,2025,1,0,0,0.0,0,,2,0,0,0.0,0.0,0.0,22,20,0.9,0.88,0.9
00-0040202,Devin Neal,RB,NO,2025,7,0,0,0.0,0,,1,0,0,0.0,0.0,0.0,17,16,0.1,0.48,0.1
00-0040202,Devin Neal,RB,NO,2025,8,0,0,0.0,0,,0,3,3,-5,0.06,-0.0119,15,11,4.1,4.24,4.1
00-0040202,Devin Neal,RB,NO,2025,9,0,0,0.0,0,,3,1,1,-1,0.0417,-0.0046,14,11,2.2,3.28,2.2
00-0040202,Devin Neal,RB,NO,2025,10,0,0,0.0,0,,4,3,3,-2,0.1154,-0.0078,37,32,6.1,5.8,6.1
00-0040202,Devin Neal,RB,NO,2025,12,0,0,0.0,0,,7,7,5,-25,0.1628,-0.0809,28,17,11.1,12.66,11.1
00-0040202,Devin Neal,RB,NO,2025,13,0,0,0.0,0,,14,3,3,-3,0.0882,-0.0112,27,22,9.9,10.26,9.9
00-0040202,Devin Neal,RB,NO,2025,14,0,0,0.0,0,,19,1,1,-5,0.05,-0.0316,32,25,15.4,11.75,15.4
00-0040202,Devin Neal,RB,NO,2025,15,0,0,0.0,0,,7,1,1,3,0.0323,0.0112,25,18,10.2,5.95,10.2
00-0040205,Kalel Mullings,RB,TEN,2025,15,0,0,0.0,0,,1,0,0,0.0,0.0,0.0,20,21,0.3,0.35,0.3
00-0040205,Kalel Mullings,RB,TEN,2025,16,0,0,0.0,0,,1,0,0,0.0,0.0,0.0,40,41,0.0,0.31,0.0
00-0040205,Kalel Mullings,RB,TEN,2025,17,0,0,0.0,0,,1,0,0,0.0,0.0,0.0,28,28,0.4,0.29,0.4
00-0040206,Riley Leonard,QB,IND,2025,8,2,0,-2.116,0,-74.194,1,0,0,0.0,0.0,0.0,18,19,0.1,1.06,0.1
00-0040206,Riley Leonard,QB,IND,2025,14,29,18,-4.229,1,-1.926,2,0,0,0.0,0.0,0.0,26,24,10.3,15.16,10.3
00-0040206,Riley Leonard,QB,IND,2025,16,1,0,-3.26,0,-78.355,0,0,0,0.0,0.0,0.0,20,23,0.0,0.21,0.0
00-0040206,Riley Leonard,QB,IND,2025,17,1,0,-0.474,0,,0,0,0,0.0,0.0,0.0,22,25,-2.0,0.49,-2.0
00-0040206,Riley Leonard,QB,IND,2025,18,34,21,1.852,1,1.09,3,0,0,0.0,0.0,0.0,28,28,22.6,21.49,25.38
00-0040208,Tahj Brooks,RB,CIN,2025,3,0,0,0.0,0,,5,0,0,0.0,0.0,0.0,21,23,1.7,2.54,1.7
00-0040208,Tahj Brooks,RB,CIN,2025,9,0,0,0.0,0,,1,0,0,0.0,0.0,0.0,15,21,0.1,0.54,0.1
00-0040208,Tahj Brooks,RB,CIN,2025,11,0,0,0.0,0,,1,0,0,0.0,0.0,0.0,22,27,0.5,0.42,0.5
00-0040208,Tahj Brooks,RB,CIN,2025,12,0,0,0.0,0,,2,1,0,-3,0.0294,-0.0089,23,23,0.5,2.46,0.5
00-0040208,Tahj Brooks,RB,CIN,2025,16,0,0,0.0,0,,4,0,0,0.0,0.0,0.0,26,29,0.7,1.78,0.7
00-0040208,Tahj Brooks,RB,CIN,2025,17,0,0,0.0,0,,3,1,1,-2,0.0303,-0.0075,35,33,2.9,3.08,2.9
00-0040218,Jimmy Horn Jr.,WR,CAR,2025,5,0,0,0.0,0,,2,3,2,25,0.1111,0.1025,32,31,5.1,5.54,5.1
00-0040218,Jimmy Horn Jr.,WR,CAR,2025,6,0,0,0.0,0,,1,2,2,23,0.0952,0.1494,38,38,6.7,3.33,6.7
00-0040218,Jimmy Horn Jr.,WR,CAR,2025,7,0,0,0.0,0,,1,2,1,28,0.0645,0.1202,36,34,2.5,3.78,2.5
00-0040218,Jimmy Horn Jr.,WR,CAR,2025,8,0,0,0.0,0,,2,1,0,16,0.0435,0.0821,28,24,0.9,3.0,0.9
00-0040218,Jimmy Horn Jr.,WR,CAR,2025,9,0,0,0.0,0,,1,2,1,-3,0.1053,-0.024,33,32,1.8,3.27,1.8
00-0040218,Jimmy Horn Jr.,WR,CAR,2025,12,0,0,0.0,0,,0,1,1,-6,0.037,-0.0351,13,17,2.1,1.32,2.1
00-0040218,Jimmy Horn Jr.,WR,CAR,2025,15,0,0,0.0,0,,0,1,1,1,0.05,0.0049,31,26,1.7,0.87,1.7
00-0040218,Jimmy Horn Jr.,WR,CAR,2025,16,0,0,0.0,0,,1,0,0,0.0,0.0,0.0,20,20,2.5,0.77,2.5
00-0040218,Jimmy Horn Jr.,WR,CAR,2025,17,0,0,0.0,0,,0,2,2,-8,0.0952,-0.186,26,22,2.9,2.83,2.9
00-0040218,Jimmy Horn Jr.,WR,CAR,2025,18,0,0,0.0,0,,0,1,1,14,0.0333,0.0553,14,16,2.5,1.86,2.5
00-0040234,Quinn Ewers,QB,MIA,2025,7,8,5,-3.04,2,-5.593,1,0,0,0.0,0.0,0.0,22,22,2.1,1.53,2.12
00-0040234,Quinn Ewers,QB,MIA,2025,16,30,20,4.67,0,1.552,2,0,0,0.0,0.0,0.0,28,29,6.9,10.36,6.9
00-0040234,Quinn Ewers,QB,MIA,2025,17,22,14,4.757,2,0.392,4,1,1,-6,0.0455,-0.0306,30,26,15.8,14.53,15.78
00-0040234,Quinn Ewers,QB,MIA,2025,18,23,16,-8.638,4,3.152,1,0,0,0.0,0.0,0.0,25,25,8.4,10.54,8.38
00-0040236,Kyle Monangai,RB,CHI,2025,1,0,0,0.0,0,,0,1,1,5,0.0294,0.019,26,21,2.1,1.62,2.1
00-0040236,Kyle Monangai,RB,CHI,2025,2,0,0,0.0,0,,7,3,1,6,0.0909,0.0178,27,23,4.6,8.03,4.6
00-0040236,Kyle Monangai,RB,CHI,2025,3,0,0,0.0,0,,6,1,1,-2,0.0357,-0.008,29,23,3.0,4.53,3.0
00-0040236,Kyle Monangai,RB,CHI,2025,4,0,0,0.0,0,,4,0,0,0.0,0.0,0.0,26,22,1.8,1.9,1.8
00-0040236,Kyle Monangai,RB,CHI,2025,6,0,0,0.0,0,,5,1,1,-4,0.0345,-0.0163,27,23,5.4,3.9,5.4
00-0040236,Kyle Monangai,RB,CHI,2025,7,0,0,0.0,0,,13,3,2,1,0.12,0.0045,40,36,17.4,14.77,17.4
00-0040236,Kyle Monangai,RB,CHI,2025,8,0,0,0.0,0,,7,0,0,0.0,0.0,0.0,23,20,2.4,5.97,2.4
00-0040236,Kyle Monangai,RB,CHI,2025,9,0,0,0.0,0,,26,5,3,-3,0.1471,-0.0102,37,34,22.8,26.08,22.8
00-0040236,Kyle Monangai,RB,CHI,2025,10,0,0,0.0,0,,7,1,0,5,0.0278,0.0145,28,25,8.8,5.43,8.8
00-0040236,Kyle Monangai,RB,CHI,2025,11,0,0,0.0,0,,12,1,1,-4,0.0357,-0.0104,39,35,10.7,10.77,10.7
00-0040236,Kyle Monangai,RB,CHI,2025,12,0,0,0.0,0,,12,0,0,0.0,0.0,0.0,25,21,10.8,8.94,10.8
00-0040236,Kyle Monangai,RB,CHI,2025,13,0,0,0.0,0,,22,1,0,-8,0.0312,-0.0317,47,41,19.0,12.74,19.0
00-0040236,Kyle Monangai,RB,CHI,2025,14,0,0,0.0,0,,14,2,1,2,0.0714,0.0067,32,31,8.7,10.56,8.7
00-0040236,Kyle Monangai,RB,CHI,2025,15,0,0,0.0,0,,11,2,0,-10,0.0741,-0.0364,33,30,3.3,11.59,3.3
00-0040236,Kyle Monangai,RB,CHI,2025,16,0,0,0.0,0,,9,4,3,11,0.1379,0.0332,26,27,12.3,9.91,12.3
00-0040236,Kyle Monangai,RB,CHI,2025,17,0,0,0.0,0,,8,4,3,-4,0.1026,-0.0132,22,22,7.7,13.46,7.7
00-0040236,Kyle Monangai,RB,CHI,2025,18,0,0,0.0,0,,6,1,1,7,0.0345,0.0269,18,18,5.9,5.39,5.9
00-0040237,Tez Johnson,WR,TB,2025,1,0,0,0.0,0,,0,1,0,5,0.0333,0.015,23,22,0.0,1.51,0.0
00-0040237,Tez Johnson,WR,TB,2025,3,0,0,0.0,0,,0,1,0,41,0.0345,0.1767,34,35,0.0,2.37,0.0
00-0040237,Tez Johnson,WR,TB,2025,4,0,0,0.0,0,,1,1,1,0.0,0.0256,0.0,26,30,2.3,1.92,2.3
00-0040237,Tez Johnson,WR,TB,2025,5,0,0,0.0,0,,0,4,4,28,0.125,0.1089,24,24,9.9,7.12,9.9
00-0040237,Tez Johnson,WR,TB,2025,6,0,0,0.0,0,,0,3,1,87,0.1304,0.364,26,26,11.5,6.82,11.5
00-0040237,Tez Johnson,WR,TB,2025,7,0,0,0.0,0,,0,9,4,100,0.18,0.2092,12,16,15.8,15.2,15.8
00-0040237,Tez Johnson,WR,TB,2025,8,0,0,0.0,0,,0,6,5,45,0.25,0.2778,29,31,9.3,10.97,9.3
00-0040237,Tez Johnson,WR,TB,2025,10,0,0,0.0,0,,0,5,4,49,0.1163,0.1738,21,25,20.2,9.7,20.2
00-0040237,Tez Johnson,WR,TB,2025,11,0,0,0.0,0,,3,3,1,63,0.1111,0.3214,39,33,1.6,7.17,1.6
00-0040237,Tez Johnson,WR,TB,2025,12,0,0,0.0,0,,2,4,3,24,0.129,0.0956,29,24,12.3,9.58,12.3
00-0040237,Tez Johnson,WR,TB,2025,13,0,0,0.0,0,,0,2,1,30,0.0769,0.1442,27,26,1.5,3.59,1.5
00-0040237,Tez Johnson,WR,TB,2025,15,0,0,0.0,0,,0,1,0,17,0.0312,0.0474,22,23,0.0,1.76,0.0
00-0040237,Tez Johnson,WR,TB,2025,16,0,0,0.0,0,,0,1,1,-3,0.04,-0.0199,33,30,0.9,1.49,0.9
00-0040237,Tez Johnson,WR,TB,2025,17,0,0,0.0,0,,0,2,2,14,0.0455,0.0389,16,20,3.9,3.28,3.9
00-0040237,Tez Johnson,WR,TB,2025,18,0,0,0.0,0,,1,1,1,16,0.0455,0.1127,42,40,3.2,2.82,3.2
00-0040238,LeQuint Allen Jr.,RB,JAX,2025,1,0,0,0.0,0,,1,1,1,-4,0.0345,-0.0179,32,29,2.1,2.1,2.1
00-0040238,LeQuint Allen Jr.,RB,JAX,2025,2,0,0,0.0,0,,2,0,0,0.0,0.0,0.0,27,28,1.3,1.32,1.3
00-0040238,LeQuint Allen Jr.,RB,JAX,2025,3,0,0,0.0,0,,0,1,1,3,0.0263,0.0095,24,23,1.9,0.99,1.9
00-0040238,LeQuint Allen Jr.,RB,JAX,2025,4,0,0,0.0,0,,0,1,1,1,0.0333,0.0051,32,26,1.7,1.35,1.7
00-0040238,LeQuint Allen Jr.,RB,JAX,2025,6,0,0,0.0,0,,1,2,1,-4,0.0476,-0.0125,19,22,2.2,2.91,2.2
00-0040238,LeQuint Allen Jr.,RB,JAX,2025,7,0,0,0.0,0,,0,1,1,1,0.0213,0.0019,19,15,1.4,1.65,1.4
00-0040238,LeQuint Allen Jr.,RB,JAX,2025,9,0,0,0.0,0,,1,1,1,1,0.0303,0.0035,42,39,2.1,1.99,2.1
00-0040238,LeQuint Allen Jr.,RB,JAX,2025,10,0,0,0.0,0,,0,1,1,-4,0.0435,-0.0274,27,24,1.6,1.54,1.6
00-0040238,LeQuint Allen Jr.,RB,JAX,2025,11,0,0,0.0,0,,8,0,0,0.0,0.0,0.0,47,42,3.6,2.87,3.6
00-0040238,LeQuint Allen Jr.,RB,JAX,2025,12,0,0,0.0,0,,1,0,0,0.0,0.0,0.0,28,26,0.2,0.57,0.2
00-0040238,LeQuint Allen Jr.,RB,JAX,2025,14,0,0,0.0,0,,0,2,2,-7,0.0645,-0.021,32,25,2.8,3.01,2.8
00-0040238,LeQuint Allen Jr.,RB,JAX,2025,15,0,0,0.0,0,,4,1,1,-2,0.0357,-0.0058,27,22,2.6,3.6,2.6
00-0040238,LeQuint Allen Jr.,RB,JAX,2025,16,0,0,0.0,0,,4,0,0,0.0,0.0,0.0,27,24,1.0,3.52,1.0
00-0040238,LeQuint Allen Jr.,RB,JAX,2025,17,0,0,0.0,0,,1,0,0,0.0,0.0,0.0,29,22,0.3,0.43,0.3
00-0040242,Jacory Croskey-Merritt,RB,WAS,2025,1,0,0,0.0,0,,10,1,0,-5,0.0345,-0.0179,32,23,14.2,7.38,14.2
00-0040242,Jacory Croskey-Merritt,RB,WAS,2025,2,0,0,0.0,0,,4,1,0,6,0.025,0.0215,19,14,1.7,3.47,1.7
00-0040242,Jacory Croskey-Merritt,RB,WAS,2025,3,0,0,0.0,0,,8,1,1,-6,0.0556,-0.038,32,24,10.1,12.0,10.1
00-0040242,Jacory Croskey-Merritt,RB,WAS,2025,4,0,0,0.0,0,,7,2,2,-1,0.0833,-0.0035,22,19,7.7,6.42,7.7
00-0040242,Jacory Croskey-Merritt,RB,WAS,2025,5,0,0,0.0,0,,14,2,2,2,0.087,0.0084,28,23,27.0,11.66,27.0
00-0040242,Jacory Croskey-Merritt,RB,WAS,2025,6,0,0,0.0,0,,17,1,1,5,0.0417,0.0236,31,23,5.8,10.03,5.8
00-0040242,Jacory Croskey-Merritt,RB,WAS,2025,7,0,0,0.0,0,,13,2,1,-10,0.0645,-0.0316,28,21,4.2,9.41,4.2
00-0040242,Jacory Croskey-Merritt,RB,WAS,2025,8,0,0,0.0,0,,9,1,0,-8,0.0333,-0.0494,20,16,2.5,5.24,2.5
00-0040242,Jacory Croskey-Merritt,RB,WAS,2025,9,0,0,0.0,0,,12,1,1,2,0.0476,0.016,36,26,5.1,7.52,5.1
00-0040242,Jacory Croskey-Merritt,RB,WAS,2025,10,0,0,0.0,0,,11,0,0,0.0,0.0,0.0,27,23,3.0,7.45,3.0
00-0040242,Jacory Croskey-Merritt,RB,WAS,2025,11,0,0,0.0,0,,9,1,1,-4,0.0345,-0.0181,33,32,4.3,6.45,4.3
00-0040242,Jacory Croskey-Merritt,RB,WAS,2025,13,0,0,0.0,0,,4,0,0,0.0,0.0,0.0,33,23,2.0,1.87,2.0
00-0040242,Jacory Croskey-Merritt,RB,WAS,2025,14,0,0,0.0,0,,7,0,0,0.0,0.0,0.0,23,18,3.2,3.49,3.2
00-0040242,Jacory Croskey-Merritt,RB,WAS,2025,15,0,0,0.0,0,,18,0,0,0.0,0.0,0.0,37,28,15.6,8.72,15.6
00-0040242,Jacory Croskey-Merritt,RB,WAS,2025,16,0,0,0.0,0,,8,0,0,0.0,0.0,0.0,26,27,8.5,11.36,8.5
00-0040242,Jacory Croskey-Merritt,RB,WAS,2025,17,0,0,0.0,0,,11,0,0,0.0,0.0,0.0,16,15,22.5,7.56,22.5
00-0040242,Jacory Croskey-Merritt,RB,WAS,2025,18,0,0,0.0,0,,13,0,0,0.0,0.0,0.0,41,32,2.9,12.79,2.9
00-0040244,Moliki Matavao,TE,NO,2025,17,0,0,0.0,0,,0,2,2,5,0.0741,0.0177,23,17,3.0,2.77,3.0
00-0040259,Gage Larvadain,WR,CLE,2025,6,0,0,0.0,0,,0,4,2,24,0.0784,0.0764,17,24,4.2,4.66,4.2
00-0040259,Gage Larvadain,WR,CLE,2025,7,0,0,0.0,0,,0,1,0,5,0.0556,0.0581,33,32,0.0,1.61,0.0
00-0040259,Gage Larvadain,WR,CLE,2025,8,0,0,0.0,0,,1,0,0,0.0,0.0,0.0,16,21,0.3,0.81,0.3
00-0040259,Gage Larvadain,WR,CLE,2025,11,0,0,0.0,0,,0,1,0,25,0.04,0.1506,25,19,0.0,1.41,0.0
00-0040259,Gage Larvadain,WR,CLE,2025,13,0,0,0.0,0,,0,3,2,18,0.1304,0.104,31,33,4.3,4.04,4.3
00-0040259,Gage Larvadain,WR,CLE,2025,14,0,0,0.0,0,,0,3,2,35,0.0789,0.1148,20,24,3.8,4.58,3.8
00-0040259,Gage Larvadain,WR,CLE,2025,15,0,0,0.0,0,,0,2,1,18,0.0645,0.0594,16,18,1.8,2.21,1.8
00-0040277,Jahdae Walker,WR,CHI,2025,16,0,0,0.0,0,,0,3,2,44,0.1034,0.1329,26,27,10.1,6.62,10.1
00-0040277,Jahdae Walker,WR,CHI,2025,17,0,0,0.0,0,,0,4,2,39,0.1026,0.1287,22,22,5.0,7.77,5.0
00-0040277,Jahdae Walker,WR,CHI,2025,18,0,0,0.0,0,,0,3,2,47,0.1034,0.1808,18,18,11.6,6.49,11.6
00-0040311,Theo Wease Jr.,WR,MIA,2025,16,0,0,0.0,0,,0,4,2,57,0.1379,0.2184,28,29,5.2,6.95,5.2
00-0040311,Theo Wease Jr.,WR,MIA,2025,17,0,0,0.0,0,,0,1,1,21,0.0455,0.1071,30,26,13.3,1.47,13.3
00-0040311,Theo Wease Jr.,WR,MIA,2025,18,0,0,0.0,0,,0,5,3,59,0.2083,0.3688,25,25,7.4,8.82,7.4
00-0040317,Jacoby Jones,WR,WAS,2025,11,0,0,0.0,0,,0,1,1,3,0.0345,0.0136,33,32,3.5,1.33,3.5
00-0040352,Coleman Owen,WR,IND,2025,16,0,0,0.0,0,,0,1,0,2,0.0278,0.0059,20,23,0.0,1.31,0.0
00-0040363,Keleki Latu,TE,BUF,2025,11,0,0,0.0,0,,0,1,1,4,0.0333,0.0116,23,22,1.4,1.4,1.4
00-0040363,Keleki Latu,TE,BUF,2025,18,0,0,0.0,0,,0,3,3,8,0.1071,0.0402,43,43,6.1,4.35,6.1
00-0040388,Jakobie Keeney-James,WR,GB,2025,18,0,0,0.0,0,,0,2,2,15,0.2,0.5556,35,32,3.5,2.61,3.5
00-0040398,Brady Cook,QB,NYJ,2025,14,30,14,-17.793,6,-18.192,1,0,0,0.0,0.0,0.0,17,16,2.5,9.66,2.52
00-0040398,Brady Cook,QB,NYJ,2025,15,33,22,-7.775,3,3.11,6,0,0,0.0,0.0,0.0,32,26,8.9,13.41,8.94
00-0040398,Brady Cook,QB,NYJ,2025,16,35,22,-21.287,8,-11.823,1,0,0,0.0,0.0,0.0,20,25,3.7,9.36,5.72
00-0040398,Brady Cook,QB,NYJ,2025,17,33,19,-15.156,1,-6.99,2,0,0,0.0,0.0,0.0,28,28,4.2,8.32,4.18
00-0040398,Brady Cook,QB,NYJ,2025,18,22,11,-6.333,1,-19.891,3,0,0,0.0,0.0,0.0,23,20,9.1,6.9,9.1
00-0040406,Quentin Skinner,WR,NYJ,2025,18,0,0,0.0,0,,0,1,1,4,0.0455,0.0548,23,20,4.0,1.84,4.0
00-0040429,Josh Williams,RB,TB,2025,8,0,0,0.0,0,,4,0,0,0.0,0.0,0.0,29,31,1.1,1.97,1.1
00-0040432,Beaux Collins,WR,NYG,2025,5,0,0,0.0,0,,0,3,1,14,0.0769,0.0427,29,28,1.7,3.74,1.7
00-0040432,Beaux Collins,WR,NYG,2025,7,0,0,0.0,0,,0,1,0,37,0.0303,0.1082,32,30,0.0,1.79,0.0
00-0040432,Beaux Collins,WR,NYG,2025,8,0,0,0.0,0,,0,2,1,22,0.0909,0.0936,21,19,2.8,4.95,2.8
00-0040466,Raheim Sanders,RB,CLE,2025,1,0,0,0.0,0,,3,0,0,0.0,0.0,0.0,24,30,6.3,7.84,6.3
00-0040466,Raheim Sanders,RB,CLE,2025,16,0,0,0.0,0,,11,1,1,3,0.037,0.0435,31,32,5.6,11.86,5.6
00-0040466,Raheim Sanders,RB,CLE,2025,17,0,0,0.0,0,,8,2,1,13,0.087,0.0688,25,25,4.1,6.55,4.1
00-0040466,Raheim Sanders,RB,CLE,2025,18,0,0,0.0,0,,5,1,1,-2,0.0476,-0.0102,24,20,4.3,4.12,4.3
00-0040476,Ulysses Bentley IV,RB,IND,2025,1,0,0,0.0,0,,1,0,0,0.0,0.0,0.0,40,34,0.0,0.5,0.0
00-0040488,Carter Runyon,TE,LV,2025,7,0,0,0.0,0,,0,1,1,-3,0.0588,-0.0588,11,11,1.3,1.39,1.3
00-0040494,Max Brosmer,QB,MIN,2025,3,4,2,-3.823,0,-29.87,0,0,0,0.0,0.0,0.0,31,30,1.2,1.47,1.16
00-0040494,Max Brosmer,QB,MIN,2025,5,0,0,0.0,0,,1,0,0,0.0,0.0,0.0,23,21,-0.1,-0.1,-0.1
00-0040494,Max Brosmer,QB,MIN,2025,8,4,3,-0.011,0,-8.13,0,0,0,0.0,0.0,0.0,11,16,0.5,0.83,0.52
00-0040494,Max Brosmer,QB,MIN,2025,13,30,19,-29.144,4,-4.165,1,0,0,0.0,0.0,0.0,16,21,-3.1,8.25,-3.06
00-0040494,Max Brosmer,QB,MIN,2025,16,9,7,-0.543,1,10.702,3,0,0,0.0,0.0,0.0,31,29,1.8,2.33,1.78
00-0040494,Max Brosmer,QB,MIN,2025,17,16,9,-17.561,7,-9.39,2,0,0,0.0,0.0,0.0,28,28,3.6,7.5,3.64
00-0040494,Max Brosmer,QB,MIN,2025,18,8,7,-5.442,2,8.498,0,0,0,0.0,0.0,0.0,31,31,0.3,3.27,2.28
00-0040509,Ben Yurosek,TE,MIN,2025,8,0,0,0.0,0,,0,2,1,6,0.0667,0.0556,11,16,1.5,2.93,1.5
00-0040509,Ben Yurosek,TE,MIN,2025,18,0,0,0.0,0,,0,1,1,5,0.0333,0.0253,31,31,1.9,1.41,1.9
00-0040522,Xavier Restrepo,WR,TEN,2025,12,0,0,0.0,0,,0,6,2,68,0.1579,0.3487,22,24,4.6,9.96,4.6
00-0040522,Xavier Restrepo,WR,TEN,2025,13,0,0,0.0,0,,0,1,1,9,0.0286,0.0363,14,19,2.5,1.65,2.5
00-0040534,Ke'Shawn Williams,WR,CIN,2025,16,0,0,0.0,0,,1,0,0,0.0,0.0,0.0,26,29,0.1,0.5,0.1
00-0040534,Ke'Shawn Williams,WR,CIN,2025,17,0,0,0.0,0,,0,1,1,5,0.0303,0.0187,35,33,1.5,1.75,1.5
00-0040534,Ke'Shawn Williams,WR,CIN,2025,18,0,0,0.0,0,,1,0,0,0.0,0.0,0.0,25,28,0.9,1.09,0.9
00-0040547,Nate Carter,RB,ATL,2025,3,0,0,0.0,0,,7,0,0,0.0,0.0,0.0,23,27,2.6,3.87,2.6
00-0040547,Nate Carter,RB,ATL,2025,8,0,0,0.0,0,,2,0,0,0.0,0.0,0.0,17,20,1.4,0.94,1.4
00-0040556,Corey Kiner,RB,ARI,2025,15,0,0,0.0,0,,2,0,0,0.0,0.0,0.0,21,24,1.1,0.87,1.1
00-0040556,Corey Kiner,RB,ARI,2025,16,0,0,0.0,0,,6,0,0,0.0,0.0,0.0,23,22,3.2,3.04,3.2
00-0040556,Corey Kiner,RB,ARI,2025,17,0,0,0.0,0,,1,0,0,0.0,0.0,0.0,13,17,0.2,0.44,0.2
00-0040556,Corey Kiner,RB,ARI,2025,18,0,0,0.0,0,,3,3,2,11,0.1071,0.0438,15,18,4.8,5.59,4.8
00-0040563,Efton Chism III,WR,NE,2025,17,0,0,0.0,0,,0,2,2,16,0.08,0.0727,36,36,12.0,4.25,12.0
00-0040563,Efton Chism III,WR,NE,2025,18,0,0,0.0,0,,0,1,1,19,0.05,0.0739,34,27,4.5,1.95,4.5
00-0040581,Dont'e Thornton Jr.,WR,LV,2025,1,0,0,0.0,0,,0,4,2,100,0.1212,0.2857,24,24,6.5,7.66,6.5
00-0040581,Dont'e Thornton Jr.,WR,LV,2025,2,0,0,0.0,0,,0,4,1,105,0.093,0.3608,19,20,3.0,8.14,3.0
00-0040581,Dont'e Thornton Jr.,WR,LV,2025,3,0,0,0.0,0,,0,4,2,53,0.1481,0.1738,28,26,4.9,6.37,4.9
00-0040581,Dont'e Thornton Jr.,WR,LV,2025,4,0,0,0.0,0,,0,2,0,22,0.1,0.2268,31,28,0.0,4.11,0.0
00-0040581,Dont'e Thornton Jr.,WR,LV,2025,5,0,0,0.0,0,,0,2,0,34,0.0556,0.1393,25,26,0.0,2.89,0.0
00-0040581,Dont'e Thornton Jr.,WR,LV,2025,7,0,0,0.0,0,,0,3,0,38,0.1765,0.7451,11,11,0.0,4.29,0.0
00-0040581,Dont'e Thornton Jr.,WR,LV,2025,10,0,0,0.0,0,,0,2,1,-7,0.08,-0.1148,25,24,1.4,2.01,1.4
00-0040581,Dont'e Thornton Jr.,WR,LV,2025,12,0,0,0.0,0,,0,2,1,29,0.0476,0.0803,21,29,2.4,3.52,2.4
00-0040581,Dont'e Thornton Jr.,WR,LV,2025,13,0,0,0.0,0,,0,2,1,23,0.0909,0.3067,18,22,2.1,2.76,2.1
00-0040581,Dont'e Thornton Jr.,WR,LV,2025,17,0,0,0.0,0,,0,4,2,57,0.1429,0.3413,20,19,3.2,7.63,3.2
00-0040581,Dont'e Thornton Jr.,WR,LV,2025,18,0,0,0.0,0,,0,1,0,43,0.0385,0.1903,32,31,0.0,2.12,0.0
00-0040582,Arian Smith,WR,NYJ,2025,2,0,0,0.0,0,,1,2,1,22,0.0952,0.1279,21,15,0.8,4.01,0.8
00-0040582,Arian Smith,WR,NYJ,2025,3,0,0,0.0,0,,0,2,2,1,0.0571,0.0062,23,21,2.2,2.72,2.2
00-0040582,Arian Smith,WR,NYJ,2025,5,0,0,0.0,0,,0,1,1,4,0.0227,0.013,22,22,2.4,1.36,2.4
00-0040582,Arian Smith,WR,NYJ,2025,6,0,0,0.0,0,,0,1,0,26,0.0625,0.2766,31,25,0.0,1.02,0.0
00-0040582,Arian Smith,WR,NYJ,2025,7,0,0,0.0,0,,0,3,1,74,0.0968,0.2016,20,17,1.0,5.05,1.0
00-0040582,Arian Smith,WR,NYJ,2025,8,0,0,0.0,0,,0,1,1,21,0.0333,0.1141,37,32,3.3,1.8,3.3
00-0040582,Arian Smith,WR,NYJ,2025,10,0,0,0.0,0,,1,0,0,0.0,0.0,0.0,33,26,1.3,0.64,1.3
00-0040582,Arian Smith,WR,NYJ,2025,12,0,0,0.0,0,,1,0,0,0.0,0.0,0.0,26,24,0.8,0.7,0.8
00-0040582,Arian Smith,WR,NYJ,2025,15,0,0,0.0,0,,0,2,0,27,0.0625,0.1268,32,26,0.0,2.44,0.0
00-0040582,Arian Smith,WR,NYJ,2025,16,0,0,0.0,0,,0,1,0,40,0.0294,0.2454,20,25,0.0,1.55,0.0
00-0040582,Arian Smith,WR,NYJ,2025,17,0,0,0.0,0,,0,1,1,-8,0.0312,-0.0533,28,28,1.5,1.15,1.5
00-0040582,Arian Smith,WR,NYJ,2025,18,0,0,0.0,0,,1,2,0,9,0.0909,0.1233,23,20,0.2,2.83,0.2
00-0040583,Woody Marks,RB,HOU,2025,1,0,0,0.0,0,,3,0,0,0.0,0.0,0.0,27,23,0.3,1.38,0.3
00-0040583,Woody Marks,RB,HOU,2025,2,0,0,0.0,0,,3,1,1,5,0.0435,0.0256,19,18,6.1,2.89,6.1
00-0040583,Woody Marks,RB,HOU,2025,3,0,0,0.0,0,,6,2,1,-1,0.0556,-0.0035,19,19,4.6,5.86,4.6
00-0040583,Woody Marks,RB,HOU,2025,4,0,0,0.0,0,,17,5,4,7,0.1786,0.0385,35,36,27.9,16.79,27.9
00-0040583,Woody Marks,RB,HOU,2025,5,0,0,0.0,0,,7,1,0,0.0,0.0323,0.0,33,27,2.4,6.61,2.4
00-0040583,Woody Marks,RB,HOU,2025,7,0,0,0.0,0,,10,5,3,29,0.1087,0.0684,17,19,12.5,17.47,12.5
00-0040583,Woody Marks,RB,HOU,2025,8,0,0,0.0,0,,11,4,4,-7,0.1053,-0.0207,36,36,15.1,11.89,15.1
00-0040583,Woody Marks,RB,HOU,2025,9,0,0,0.0,0,,10,3,0,16,0.0769,0.0483,28,24,2.7,9.64,2.7
00-0040583,Woody Marks,RB,HOU,2025,10,0,0,0.0,0,,14,3,2,-1,0.0682,-0.0023,22,22,16.1,17.26,16.1
00-0040583,Woody Marks,RB,HOU,2025,11,0,0,0.0,0,,18,1,1,-3,0.025,-0.0086,23,23,6.1,14.18,6.1
00-0040583,Woody Marks,RB,HOU,2025,12,0,0,0.0,0,,16,1,1,-5,0.0357,-0.0216,26,24,7.9,13.06,7.9
00-0040583,Woody Marks,RB,HOU,2025,13,0,0,0.0,0,,19,1,1,-3,0.0312,-0.0077,34,29,7.7,10.29,7.7
00-0040583,Woody Marks,RB,HOU,2025,14,0,0,0.0,0,,26,3,2,13,0.1111,0.0426,31,30,15.6,17.99,15.6
00-0040583,Woody Marks,RB,HOU,2025,15,0,0,0.0,0,,7,1,1,1,0.0385,0.0085,33,33,4.8,9.98,4.8
00-0040583,Woody Marks,RB,HOU,2025,17,0,0,0.0,0,,19,2,1,17,0.0769,0.0664,34,29,8.5,11.77,8.5
00-0040583,Woody Marks,RB,HOU,2025,18,0,0,0.0,0,,10,3,2,9,0.1071,0.0466,32,32,6.8,8.94,6.8
00-0040584,Gunnar Helm,TE,TEN,2025,1,0,0,0.0,0,,0,2,1,32,0.08,0.1088,21,21,2.6,3.9,2.6
00-0040584,Gunnar Helm,TE,TEN,2025,2,0,0,0.0,0,,0,2,2,-1,0.0645,-0.0047,26,20,2.9,2.3,2.9
00-0040584,Gunnar Helm,TE,TEN,2025,3,0,0,0.0,0,,0,3,3,7,0.0882,0.0378,23,20,5.7,4.22,5.7
00-0040584,Gunnar Helm,TE,TEN,2025,4,0,0,0.0,0,,0,1,1,10,0.0435,0.0526,18,18,2.2,1.56,2.2
00-0040584,Gunnar Helm,TE,TEN,2025,5,0,0,0.0,0,,0,5,4,31,0.1351,0.0736,24,22,7.4,6.81,7.4
00-0040584,Gunnar Helm,TE,TEN,2025,6,0,0,0.0,0,,0,3,2,19,0.0882,0.0751,15,21,3.5,5.36,3.5
00-0040584,Gunnar Helm,TE,TEN,2025,7,0,0,0.0,0,,0,5,4,43,0.1562,0.1903,12,20,7.6,7.72,7.6
00-0040584,Gunnar Helm,TE,TEN,2025,8,0,0,0.0,0,,0,3,2,27,0.0811,0.0823,25,26,10.3,8.53,10.3
00-0040584,Gunnar Helm,TE,TEN,2025,9,0,0,0.0,0,,0,1,1,13,0.0476,0.071,19,21,2.5,1.6,2.5
00-0040584,Gunnar Helm,TE,TEN,2025,11,0,0,0.0,0,,0,5,4,15,0.1389,0.056,17,22,6.9,6.85,6.9
00-0040584,Gunnar Helm,TE,TEN,2025,12,0,0,0.0,0,,0,7,6,32,0.1842,0.1641,22,24,11.1,10.29,11.1
00-0040584,Gunnar Helm,TE,TEN,2025,13,0,0,0.0,0,,0,7,6,36,0.2,0.1452,14,19,8.3,11.27,8.3
00-0040584,Gunnar Helm,TE,TEN,2025,14,0,0,0.0,0,,0,2,1,2,0.08,0.0115,35,35,1.8,2.77,1.8
00-0040584,Gunnar Helm,TE,TEN,2025,15,0,0,0.0,0,,0,4,4,22,0.1481,0.1287,20,21,14.9,6.21,14.9
00-0040584,Gunnar Helm,TE,TEN,2025,16,0,0,0.0,0,,0,3,2,16,0.1111,0.0982,40,41,2.9,4.56,2.9
00-0040584,Gunnar Helm,TE,TEN,2025,17,0,0,0.0,0,,0,2,1,-1,0.0571,-0.0027,28,28,1.1,2.55,1.1
00-0040586,Jaydon Blue,RB,DAL,2025,5,0,0,0.0,0,,4,0,0,0.0,0.0,0.0,29,22,0.7,1.84,0.7
00-0040586,Jaydon Blue,RB,DAL,2025,6,0,0,0.0,0,,3,0,0,0.0,0.0,0.0,19,23,0.0,1.35,0.0
00-0040586,Jaydon Blue,RB,DAL,2025,7,0,0,0.0,0,,7,1,1,-5,0.0333,-0.0236,31,29,4.4,4.83,4.4
00-0040586,Jaydon Blue,RB,DAL,2025,8,0,0,0.0,0,,8,0,0,0.0,0.0,0.0,31,25,2.9,3.84,2.9
00-0040586,Jaydon Blue,RB,DAL,2025,18,0,0,0.0,0,,16,0,0,0.0,0.0,0.0,30,26,12.4,12.07,12.4
00-0040590,Konata Mumpfield,WR,LA,2025,6,0,0,0.0,0,,0,2,1,16,0.0769,0.0699,23,20,1.7,3.35,1.7
00-0040590,Konata Mumpfield,WR,LA,2025,7,0,0,0.0,0,,0,1,1,5,0.0303,0.0138,29,27,7.5,4.07,7.5
00-0040590,Konata Mumpfield,WR,LA,2025,10,0,0,0.0,0,,0,2,0,21,0.0588,0.0633,30,29,0.0,2.86,0.0
00-0040590,Konata Mumpfield,WR,LA,2025,12,0,0,0.0,0,,0,2,2,21,0.0588,0.0843,19,20,4.5,3.87,4.5
00-0040590,Konata Mumpfield,WR,LA,2025,14,0,0,0.0,0,,0,1,1,4,0.0323,0.0179,36,36,1.5,1.52,1.5
00-0040590,Konata Mumpfield,WR,LA,2025,15,0,0,0.0,0,,0,1,0,38,0.0263,0.0807,29,27,0.0,2.07,0.0
00-0040590,Konata Mumpfield,WR,LA,2025,16,0,0,0.0,0,,0,8,3,117,0.1667,0.2453,39,41,7.0,12.49,7.0
00-0040590,Konata Mumpfield,WR,LA,2025,17,0,0,0.0,0,,0,5,2,68,0.1389,0.1326,20,23,3.0,8.9,3.0
00-0040590,Konata Mumpfield,WR,LA,2025,18,0,0,0.0,0,,0,1,0,6,0.027,0.0167,31,29,0.0,1.33,0.0
00-0040628,Drake Dabney,TE,GB,2025,18,0,0,0.0,0,,0,2,1,10,0.2,0.3704,35,32,1.3,3.34,1.3
00-0040644,Trevor Etienne,RB,CAR,2025,1,0,0,0.0,0,,1,0,0,0.0,0.0,0.0,25,25,0.4,0.5,0.4
00-0040644,Trevor Etienne,RB,CAR,2025,2,0,0,0.0,0,,0,1,1,-3,0.0189,-0.008,19,23,1.2,1.07,1.2
00-0040644,Trevor Etienne,RB,CAR,2025,4,0,0,0.0,0,,7,0,0,0.0,0.0,0.0,28,30,3.3,7.2,3.3
00-0040644,Trevor Etienne,RB,CAR,2025,5,0,0,0.0,0,,4,1,1,4,0.037,0.0164,32,31,3.9,3.25,3.9
00-0040644,Trevor Etienne,RB,CAR,2025,6,0,0,0.0,0,,3,0,0,0.0,0.0,0.0,38,38,1.7,1.95,1.7
00-0040644,Trevor Etienne,RB,CAR,2025,8,0,0,0.0,0,,4,0,0,0.0,0.0,0.0,28,24,1.6,2.2,1.6
00-0040644,Trevor Etienne,RB,CAR,2025,11,0,0,0.0,0,,1,0,0,0.0,0.0,0.0,25,30,0.2,0.49,0.2
00-0040644,Trevor Etienne,RB,CAR,2025,13,0,0,0.0,0,,0,1,1,1,0.05,0.0065,40,40,1.4,1.34,1.4
00-0040646,Jalen Royals,WR,KC,2025,18,0,0,0.0,0,,0,3,2,22,0.1,0.0987,23,26,2.4,5.47,2.4
00-0040648,Tory Horton,WR,SEA,2025,2,0,0,0.0,0,,0,4,2,79,0.1333,0.2981,29,29,11.2,7.64,11.2
00-0040648,Tory Horton,WR,SEA,2025,3,0,0,0.0,0,,0,4,3,30,0.2,0.1765,33,34,18.2,7.99,12.2
00-0040648,Tory Horton,WR,SEA,2025,4,0,0,0.0,0,,0,2,1,50,0.0833,0.211,35,34,2.0,4.32,2.0
00-0040648,Tory Horton,WR,SEA,2025,5,0,0,0.0,0,,0,4,3,33,0.1176,0.12,20,21,12.9,8.31,12.9
00-0040648,Tory Horton,WR,SEA,2025,6,0,0,0.0,0,,0,1,0,41,0.0417,0.1136,26,24,0.0,2.26,0.0
00-0040648,Tory Horton,WR,SEA,2025,7,0,0,0.0,0,,0,3,0,62,0.1034,0.2214,33,31,0.0,6.9,0.0
00-0040648,Tory Horton,WR,SEA,2025,9,0,0,0.0,0,,0,4,4,42,0.1667,0.2029,24,25,20.8,9.39,20.8
00-0040663,Harold Fannin Jr.,TE,CLE,2025,1,0,0,0.0,0,,1,9,7,65,0.2143,0.2381,24,30,13.6,14.84,13.6
00-0040663,Harold Fannin Jr.,TE,CLE,2025,2,0,0,0.0,0,,0,5,5,27,0.122,0.0865,22,31,9.8,7.7,9.8
00-0040663,Harold Fannin Jr.,TE,CLE,2025,3,0,0,0.0,0,,0,4,3,6,0.1212,0.0236,19,24,5.5,4.45,5.5
00-0040663,Harold Fannin Jr.,TE,CLE,2025,4,0,0,0.0,0,,1,6,2,69,0.1765,0.1988,27,28,4.5,8.21,4.5
00-0040663,Harold Fannin Jr.,TE,CLE,2025,5,0,0,0.0,0,,0,4,4,5,0.125,0.024,32,33,11.3,7.9,11.3
00-0040663,Harold Fannin Jr.,TE,CLE,2025,6,0,0,0.0,0,,0,10,7,70,0.1961,0.2229,17,24,15.1,12.83,15.1
00-0040663,Harold Fannin Jr.,TE,CLE,2025,7,0,0,0.0,0,,0,5,4,19,0.2778,0.2209,33,32,7.6,7.53,7.6
00-0040663,Harold Fannin Jr.,TE,CLE,2025,8,0,0,0.0,0,,1,8,6,50,0.2424,0.2564,16,21,18.4,13.27,18.4
00-0040663,Harold Fannin Jr.,TE,CLE,2025,10,0,0,0.0,0,,0,7,4,45,0.2188,0.225,32,28,8.4,9.74,8.4
00-0040663,Harold Fannin Jr.,TE,CLE,2025,11,0,0,0.0,0,,0,5,2,37,0.2,0.2229,25,19,4.6,6.1,4.6
00-0040663,Harold Fannin Jr.,TE,CLE,2025,12,0,0,0.0,0,,1,6,4,4,0.3333,0.0205,27,26,8.4,8.81,8.4
00-0040663,Harold Fannin Jr.,TE,CLE,2025,13,0,0,0.0,0,,1,5,3,26,0.2174,0.1503,31,33,11.3,6.3,11.3
00-0040663,Harold Fannin Jr.,TE,CLE,2025,14,0,0,0.0,0,,0,11,8,74,0.2895,0.2426,20,24,25.4,15.33,25.4
00-0040663,Harold Fannin Jr.,TE,CLE,2025,15,0,0,0.0,0,,1,14,7,93,0.4516,0.3069,16,18,12.0,20.02,12.0
00-0040663,Harold Fannin Jr.,TE,CLE,2025,16,0,0,0.0,0,,1,6,4,27,0.2222,0.3913,31,32,19.5,11.87,19.5
00-0040663,Harold Fannin Jr.,TE,CLE,2025,17,0,0,0.0,0,,0,2,2,29,0.087,0.1534,25,25,11.0,3.68,11.0
00-0040666,Omarion Hampton,RB,LAC,2025,1,0,0,0.0,0,,15,2,2,-4,0.0588,-0.0117,25,19,8.1,11.55,8.1
00-0040666,Omarion Hampton,RB,LAC,2025,2,0,0,0.0,0,,8,2,1,2,0.0741,0.0082,26,19,3.5,15.4,3.5
00-0040666,Omarion Hampton,RB,LAC,2025,3,0,0,0.0,0,,19,7,6,-5,0.1556,-0.0117,28,31,24.9,21.55,24.9
00-0040666,Omarion Hampton,RB,LAC,2025,4,0,0,0.0,0,,12,5,5,-4,0.1316,-0.0151,13,17,27.5,13.23,27.5
00-0040666,Omarion Hampton,RB,LAC,2025,5,0,0,0.0,0,,12,6,6,-18,0.1875,-0.1417,27,29,13.0,15.64,13.0
00-0040666,Omarion Hampton,RB,LAC,2025,14,0,0,0.0,0,,13,2,2,2,0.087,0.0074,38,30,14.7,13.09,14.7
00-0040666,Omarion Hampton,RB,LAC,2025,15,0,0,0.0,0,,15,1,1,-5,0.0385,-0.0253,29,29,7.5,9.45,7.5
00-0040666,Omarion Hampton,RB,LAC,2025,16,0,0,0.0,0,,16,2,1,4,0.0714,0.0149,33,26,16.5,13.48,16.5
00-0040666,Omarion Hampton,RB,LAC,2025,17,0,0,0.0,0,,14,8,8,-26,0.2581,-0.0929,22,23,20.0,20.2,20.0
00-0040667,Matthew Golden,WR,GB,2025,1,0,0,0.0,0,,0,2,2,10,0.0909,0.0395,25,23,3.6,2.86,3.6
00-0040667,Matthew Golden,WR,GB,2025,2,0,0,0.0,0,,2,2,0,81,0.0741,0.1985,30,26,1.5,7.35,1.5
00-0040667,Matthew Golden,WR,GB,2025,3,0,0,0.0,0,,3,4,4,34,0.16,0.7083,31,27,10.1,7.19,10.1
00-0040667,Matthew Golden,WR,GB,2025,4,0,0,0.0,0,,1,6,5,64,0.1667,0.251,35,38,11.3,12.77,11.3
00-0040667,Matthew Golden,WR,GB,2025,6,0,0,0.0,0,,2,5,3,88,0.1923,0.3577,33,28,13.2,9.14,13.2
00-0040667,Matthew Golden,WR,GB,2025,7,0,0,0.0,0,,0,4,4,14,0.1429,0.0737,23,21,7.7,6.04,7.7
00-0040667,Matthew Golden,WR,GB,2025,8,0,0,0.0,0,,0,3,3,2,0.0857,0.0103,26,30,3.4,4.12,3.4
00-0040667,Matthew Golden,WR,GB,2025,9,0,0,0.0,0,,0,3,2,47,0.0857,0.1446,25,30,2.9,4.89,2.9
00-0040667,Matthew Golden,WR,GB,2025,11,0,0,0.0,0,,0,3,1,64,0.12,0.2184,23,20,3.4,4.76,3.4
00-0040667,Matthew Golden,WR,GB,2025,14,0,0,0.0,0,,0,1,0,16,0.0435,0.0514,26,26,0.0,2.02,0.0
00-0040667,Matthew Golden,WR,GB,2025,15,0,0,0.0,0,,0,4,3,69,0.1111,0.1527,20,19,8.5,6.12,8.5
00-0040667,Matthew Golden,WR,GB,2025,16,0,0,0.0,0,,2,1,0,-3,0.0417,-0.0181,44,29,0.4,3.44,0.4
00-0040667,Matthew Golden,WR,GB,2025,17,0,0,0.0,0,,0,3,1,57,0.12,0.1959,17,10,2.2,4.61,2.2
00-0040667,Matthew Golden,WR,GB,2025,18,0,0,0.0,0,,0,3,1,9,0.3,0.3333,35,32,1.8,3.43,1.8
00-0040668,Shedeur Sanders,QB,CLE,2025,11,16,4,-14.408,2,-34.808,3,0,0,0.0,0.0,0.0,25,19,1.5,5.93,1.48
00-0040668,Shedeur Sanders,QB,CLE,2025,12,20,11,1.982,1,-6.132,1,0,0,0.0,0.0,0.0,27,26,10.3,6.08,10.26
00-0040668,Shedeur Sanders,QB,CLE,2025,13,25,16,-3.944,3,0.311,1,0,0,0.0,0.0,0.0,31,33,10.6,6.38,10.56
00-0040668,Shedeur Sanders,QB,CLE,2025,14,42,23,6.887,2,-4.736,3,0,0,0.0,0.0,0.0,20,24,33.5,18.44,33.46
00-0040668,Shedeur Sanders,QB,CLE,2025,15,35,18,-22.947,5,-4.564,2,0,0,0.0,0.0,0.0,16,18,3.5,11.61,3.48
00-0040668,Shedeur Sanders,QB,CLE,2025,16,29,20,-11.668,2,1.373,4,0,0,0.0,0.0,0.0,31,32,11.2,10.44,10.34
00-0040668,Shedeur Sanders,QB,CLE,2025,17,23,17,-5.504,2,7.933,4,0,0,0.0,0.0,0.0,25,25,9.4,9.58,9.44
00-0040668,Shedeur Sanders,QB,CLE,2025,18,22,11,-9.697,6,-11.78,3,0,0,0.0,0.0,0.0,24,20,5.0,10.7,7.04
00-0040669,Isaac TeSlaa,WR,DET,2025,1,0,0,0.0,0,,0,1,1,13,0.0263,0.0798,22,34,8.3,2.48,8.3
00-0040669,Isaac TeSlaa,WR,DET,2025,2,0,0,0.0,0,,0,1,1,27,0.0357,0.0985,30,30,3.9,1.27,3.9
00-0040669,Isaac TeSlaa,WR,DET,2025,3,0,0,0.0,0,,0,2,0,31,0.0769,0.1469,38,40,0.0,3.26,0.0
00-0040669,Isaac TeSlaa,WR,DET,2025,5,0,0,0.0,0,,0,1,1,12,0.0435,0.1132,33,33,8.2,3.37,8.2
00-0040669,Isaac TeSlaa,WR,DET,2025,7,0,0,0.0,0,,0,1,0,15,0.0357,0.0955,32,35,0.0,3.83,0.0
00-0040669,Isaac TeSlaa,WR,DET,2025,10,0,0,0.0,0,,0,1,1,11,0.0312,0.0636,33,35,2.1,1.71,2.1
00-0040669,Isaac TeSlaa,WR,DET,2025,11,0,0,0.0,0,,0,1,0,14,0.0278,0.0569,21,24,0.0,1.44,0.0
00-0040669,Isaac TeSlaa,WR,DET,2025,12,0,0,0.0,0,,0,1,0,17,0.0263,0.0769,20,34,0.0,1.32,0.0
00-0040669,Isaac TeSlaa,WR,DET,2025,13,0,0,0.0,0,,0,2,2,34,0.0741,0.2,30,33,11.5,5.67,11.5
00-0040669,Isaac TeSlaa,WR,DET,2025,14,0,0,0.0,0,,0,3,2,47,0.0968,0.2052,22,26,10.0,7.27,10.0
00-0040669,Isaac TeSlaa,WR,DET,2025,15,0,0,0.0,0,,0,1,0,4,0.0263,0.0115,20,24,0.0,3.3,0.0
00-0040669,Isaac TeSlaa,WR,DET,2025,16,0,0,0.0,0,,0,7,4,52,0.1346,0.1651,12,21,15.2,16.01,15.2
00-0040669,Isaac TeSlaa,WR,DET,2025,17,0,0,0.0,0,,0,4,3,60,0.1379,0.3015,30,31,13.9,8.47,13.9
00-0040669,Isaac TeSlaa,WR,DET,2025,18,0,0,0.0,0,,0,1,1,15,0.0278,0.06,27,31,2.8,2.04,2.8
00-0040673,Jalen Milroe,QB,SEA,2025,1,0,0,0.0,0,,1,0,0,0.0,0.0,0.0,26,25,0.1,0.51,0.1
00-0040673,Jalen Milroe,QB,SEA,2025,3,0,0,0.0,0,,1,0,0,0.0,0.0,0.0,33,34,0.3,0.69,0.3
00-0040673,Jalen Milroe,QB,SEA,2025,5,0,0,0.0,0,,1,0,0,0.0,0.0,0.0,20,21,-2.0,0.0,-2.0
00-0040676,Cam Ward,QB,TEN,2025,1,28,12,-13.389,6,-12.597,0,0,0,0.0,0.0,0.0,21,21,2.5,7.91,4.48
00-0040676,Cam Ward,QB,TEN,2025,2,33,19,-6.734,5,-4.793,4,0,0,0.0,0.0,0.0,26,20,9.8,13.42,11.8
00-0040676,Cam Ward,QB,TEN,2025,3,38,23,-12.524,4,-1.385,3,0,0,0.0,0.0,0.0,23,20,12.0,15.75,11.96
00-0040676,Cam Ward,QB,TEN,2025,4,26,10,-16.604,2,-24.498,2,0,0,0.0,0.0,0.0,18,18,4.5,7.94,4.52
00-0040676,Cam Ward,QB,TEN,2025,5,39,21,1.598,2,-9.622,5,0,0,0.0,0.0,0.0,24,22,8.0,11.73,8.0
00-0040676,Cam Ward,QB,TEN,2025,6,38,26,-14.681,6,5.55,0,0,0,0.0,0.0,0.0,15,21,6.9,13.25,10.88
00-0040676,Cam Ward,QB,TEN,2025,7,34,25,-11.743,5,6.666,0,0,0,0.0,0.0,0.0,12,20,10.2,9.1,12.2
00-0040676,Cam Ward,QB,TEN,2025,8,38,22,-7.903,4,-7.154,2,0,0,0.0,0.0,0.0,25,26,12.8,18.84,12.76
00-0040676,Cam Ward,QB,TEN,2025,9,21,12,-1.693,4,-11.785,2,0,0,0.0,0.0,0.0,19,21,6.4,8.06,6.4
00-0040676,Cam Ward,QB,TEN,2025,11,37,24,-2.718,3,-1.996,3,0,0,0.0,0.0,0.0,17,22,13.1,13.39,15.06
00-0040676,Cam Ward,QB,TEN,2025,12,42,28,2.12,4,4.873,6,0,0,0.0,0.0,0.0,22,24,23.9,19.94,23.94
00-0040676,Cam Ward,QB,TEN,2025,13,38,24,-20.399,3,-1.673,1,0,0,0.0,0.0,0.0,14,19,6.3,12.42,6.34
00-0040676,Cam Ward,QB,TEN,2025,14,28,14,-8.784,1,-10.567,2,0,0,0.0,0.0,0.0,35,35,11.1,9.58,11.08
00-0040676,Cam Ward,QB,TEN,2025,15,29,18,1.743,0,-2.744,1,0,0,0.0,0.0,0.0,20,21,15.0,12.69,15.0
00-0040676,Cam Ward,QB,TEN,2025,16,28,21,6.769,2,10.437,4,0,0,0.0,0.0,0.0,40,41,18.0,12.17,18.02
00-0040676,Cam Ward,QB,TEN,2025,17,40,21,-8.587,4,-0.292,2,0,0,0.0,0.0,0.0,28,28,17.0,14.77,19.04
00-0040676,Cam Ward,QB,TEN,2025,18,3,3,4.435,0,29.992,2,0,0,0.0,0.0,0.0,19,27,9.2,4.09,9.18
00-0040691,Jaxson Dart,QB,NYG,2025,2,0,0,0.0,0,,1,0,0,0.0,0.0,0.0,21,24,-0.3,0.69,-0.3
00-0040691,Jaxson Dart,QB,NYG,2025,3,0,0,0.0,0,,1,0,0,0.0,0.0,0.0,27,29,0.3,0.72,0.3
00-0040691,Jaxson Dart,QB,NYG,2025,4,20,13,-4.537,5,-0.288,10,0,0,0.0,0.0,0.0,42,34,19.8,19.66,19.84
00-0040691,Jaxson Dart,QB,NYG,2025,5,40,26,-12.649,1,-1.744,7,0,0,0.0,0.0,0.0,29,28,15.6,22.22,17.58
00-0040691,Jaxson Dart,QB,NYG,2025,6,25,17,7.539,2,4.429,13,0,0,0.0,0.0,0.0,39,28,23.6,18.56,23.6
00-0040691,Jaxson Dart,QB,NYG,2025,7,33,15,8.377,4,-16.977,5,0,0,0.0,0.0,0.0,32,30,28.4,18.22,28.42
00-0040691,Jaxson Dart,QB,NYG,2025,8,24,14,3.372,5,1.818,6,0,0,0.0,0.0,0.0,21,19,19.4,17.45,19.42
00-0040691,Jaxson Dart,QB,NYG,2025,9,33,24,1.71,2,3.736,8,0,0,0.0,0.0,0.0,21,18,27.2,21.65,27.24
00-0040691,Jaxson Dart,QB,NYG,2025,10,29,19,3.44,2,8.721,6,0,0,0.0,0.0,0.0,30,26,26.3,20.45,26.28
00-0040691,Jaxson Dart,QB,NYG,2025,13,24,17,-4.815,2,3.516,4,0,0,0.0,0.0,0.0,27,26,13.6,10.0,13.56
00-0040691,Jaxson Dart,QB,NYG,2025,15,36,20,1.279,1,-3.798,9,0,0,0.0,0.0,0.0,29,24,22.1,25.18,22.14
00-0040691,Jaxson Dart,QB,NYG,2025,16,13,7,-17.058,5,-17.343,2,0,0,0.0,0.0,0.0,30,30,0.0,4.57,0.02
00-0040691,Jaxson Dart,QB,NYG,2025,17,30,22,2.983,2,4.9,9,0,0,0.0,0.0,0.0,31,27,25.1,19.25,25.08
00-0040691,Jaxson Dart,QB,NYG,2025,18,32,22,13.778,4,6.335,5,0,0,0.0,0.0,0.0,32,35,20.4,21.35,20.4
00-0040704,Dillon Gabriel,QB,CLE,2025,2,3,3,3.422,0,36.512,0,0,0,0.0,0.0,0.0,22,31,4.8,1.7,4.76
00-0040704,Dillon Gabriel,QB,CLE,2025,4,1,0,-1.213,0,-57.092,0,0,0,0.0,0.0,0.0,27,28,0.0,0.33,0.0
00-0040704,Dillon Gabriel,QB,CLE,2025,5,33,19,-2.28,2,-6.816,2,0,0,0.0,0.0,0.0,32,33,16.1,16.73,16.1
00-0040704,Dillon Gabriel,QB,CLE,2025,6,52,29,-13.878,6,-10.224,0,0,0,0.0,0.0,0.0,17,24,8.8,13.99,8.84
00-0040704,Dillon Gabriel,QB,CLE,2025,7,18,13,0.85,2,0.235,4,0,0,0.0,0.0,0.0,33,32,5.8,7.41,5.84
00-0040704,Dillon Gabriel,QB,CLE,2025,8,35,21,-19.846,1,-5.338,1,0,0,0.0,0.0,0.0,16,21,11.5,15.23,11.54
00-0040704,Dillon Gabriel,QB,CLE,2025,10,32,17,-7.39,6,-16.412,5,0,0,0.0,0.0,0.0,32,28,20.1,14.52,20.08
00-0040704,Dillon Gabriel,QB,CLE,2025,11,10,7,-2.585,1,0.169,2,0,0,0.0,0.0,0.0,25,19,2.9,4.64,2.92
00-0040704,Dillon Gabriel,QB,CLE,2025,13,1,1,-0.571,0,23.69,0,0,0,0.0,0.0,0.0,31,33,0.0,0.19,0.0
00-0040705,Chimere Dike,WR,TEN,2025,1,0,0,0.0,0,,1,1,0,20,0.04,0.068,21,21,0.9,2.79,0.9
00-0040705,Chimere Dike,WR,TEN,2025,2,0,0,0.0,0,,2,5,2,38,0.1613,0.1767,26,20,2.8,9.83,2.8
00-0040705,Chimere Dike,WR,TEN,2025,3,0,0,0.0,0,,2,4,3,-6,0.1176,-0.0324,23,20,3.5,9.71,3.5
00-0040705,Chimere Dike,WR,TEN,2025,4,0,0,0.0,0,,1,0,0,0.0,0.0,0.0,18,18,-0.4,0.66,-0.4
00-0040705,Chimere Dike,WR,TEN,2025,5,0,0,0.0,0,,0,5,2,95,0.1351,0.2257,24,22,3.7,8.09,3.7
00-0040705,Chimere Dike,WR,TEN,2025,6,0,0,0.0,0,,0,3,2,2,0.0882,0.0079,15,21,2.8,4.24,2.8
00-0040705,Chimere Dike,WR,TEN,2025,7,0,0,0.0,0,,1,4,4,57,0.125,0.2522,12,20,16.9,6.99,16.9
00-0040705,Chimere Dike,WR,TEN,2025,8,0,0,0.0,0,,1,8,7,65,0.2162,0.1982,25,26,16.4,12.81,16.4
00-0040705,Chimere Dike,WR,TEN,2025,9,0,0,0.0,0,,0,3,1,6,0.1429,0.0328,19,21,7.5,5.55,1.5
00-0040705,Chimere Dike,WR,TEN,2025,11,0,0,0.0,0,,0,3,2,10,0.0833,0.0373,17,22,3.4,4.04,3.4
00-0040705,Chimere Dike,WR,TEN,2025,12,0,0,0.0,0,,0,7,5,54,0.1842,0.2769,22,24,21.4,12.77,15.4
00-0040705,Chimere Dike,WR,TEN,2025,13,0,0,0.0,0,,1,4,1,35,0.1143,0.1411,14,19,1.9,7.3,1.9
00-0040705,Chimere Dike,WR,TEN,2025,14,0,0,0.0,0,,0,8,5,78,0.32,0.4483,35,35,13.4,12.42,13.4
00-0040705,Chimere Dike,WR,TEN,2025,15,0,0,0.0,0,,1,5,4,1,0.1852,0.0058,20,21,5.0,9.55,5.0
00-0040705,Chimere Dike,WR,TEN,2025,16,0,0,0.0,0,,0,5,3,64,0.1852,0.3926,40,41,13.0,9.53,13.0
00-0040705,Chimere Dike,WR,TEN,2025,17,0,0,0.0,0,,1,5,4,63,0.1429,0.1689,28,28,10.2,8.17,10.2
00-0040705,Chimere Dike,WR,TEN,2025,18,0,0,0.0,0,,0,4,3,17,0.1212,0.1339,19,27,5.7,5.12,5.7
00-0040715,Cam Skattebo,RB,NYG,2025,1,0,0,0.0,0,,2,2,2,1,0.0625,0.0044,23,19,2.9,7.22,2.9
00-0040715,Cam Skattebo,RB,NYG,2025,2,0,0,0.0,0,,11,3,2,8,0.075,0.0153,21,24,13.9,13.4,13.9
00-0040715,Cam Skattebo,RB,NYG,2025,3,0,0,0.0,0,,10,8,6,5,0.2667,0.0176,27,29,24.1,16.29,24.1
00-0040715,Cam Skattebo,RB,NYG,2025,4,0,0,0.0,0,,25,2,2,-11,0.1,-0.0902,42,34,13.0,22.3,13.0
00-0040715,Cam Skattebo,RB,NYG,2025,5,0,0,0.0,0,,15,7,6,-11,0.1795,-0.0335,29,28,14.4,17.48,14.4
00-0040715,Cam Skattebo,RB,NYG,2025,6,0,0,0.0,0,,19,2,2,0.0,0.0769,0.0,39,28,31.0,17.69,31.0
00-0040715,Cam Skattebo,RB,NYG,2025,7,0,0,0.0,0,,16,6,3,-14,0.1818,-0.0409,32,30,18.4,16.02,18.4
00-0040715,Cam Skattebo,RB,NYG,2025,8,0,0,0.0,0,,3,2,1,17,0.0909,0.0723,21,19,10.0,4.8,10.0
00-0040719,Bhayshul Tuten,RB,JAX,2025,1,0,0,0.0,0,,3,0,0,0.0,0.0,0.0,32,29,1.1,1.3,1.1
00-0040719,Bhayshul Tuten,RB,JAX,2025,2,0,0,0.0,0,,8,2,2,-11,0.0488,-0.0357,27,28,15.4,8.12,15.4
00-0040719,Bhayshul Tuten,RB,JAX,2025,3,0,0,0.0,0,,6,1,0,3,0.0263,0.0095,24,23,8.1,7.3,8.1
00-0040719,Bhayshul Tuten,RB,JAX,2025,4,0,0,0.0,0,,4,1,1,1,0.0333,0.0051,32,26,3.2,3.01,3.2
00-0040719,Bhayshul Tuten,RB,JAX,2025,5,0,0,0.0,0,,4,1,1,-5,0.04,-0.0239,26,20,2.1,3.34,2.1
00-0040719,Bhayshul Tuten,RB,JAX,2025,6,0,0,0.0,0,,2,3,2,6,0.0714,0.0187,19,22,4.8,6.07,4.8
00-0040719,Bhayshul Tuten,RB,JAX,2025,7,0,0,0.0,0,,5,0,0,0.0,0.0,0.0,19,15,2.2,2.46,2.2
00-0040719,Bhayshul Tuten,RB,JAX,2025,9,0,0,0.0,0,,9,1,1,-6,0.0303,-0.0208,42,39,9.6,14.01,9.6
00-0040719,Bhayshul Tuten,RB,JAX,2025,10,0,0,0.0,0,,4,2,1,4,0.087,0.0274,27,24,2.0,4.98,2.0
00-0040719,Bhayshul Tuten,RB,JAX,2025,11,0,0,0.0,0,,15,0,0,0.0,0.0,0.0,47,42,13.4,8.92,13.4
00-0040719,Bhayshul Tuten,RB,JAX,2025,12,0,0,0.0,0,,7,1,0,1,0.0333,0.0037,28,26,1.7,4.86,1.7
00-0040719,Bhayshul Tuten,RB,JAX,2025,13,0,0,0.0,0,,8,1,1,2,0.04,0.0074,27,22,8.9,9.77,8.9
00-0040719,Bhayshul Tuten,RB,JAX,2025,14,0,0,0.0,0,,2,0,0,0.0,0.0,0.0,32,25,-1.5,1.13,-1.5
00-0040719,Bhayshul Tuten,RB,JAX,2025,15,0,0,0.0,0,,1,1,1,13,0.0357,0.0376,27,22,9.3,3.0,9.3
00-0040719,Bhayshul Tuten,RB,JAX,2025,18,0,0,0.0,0,,5,0,0,0.0,0.0,0.0,24,20,8.3,4.09,8.3
00-0040727,Tre Harris,WR,LAC,2025,1,0,0,0.0,0,,0,1,1,5,0.0294,0.0146,25,19,2.1,1.49,2.1
00-0040727,Tre Harris,WR,LAC,2025,2,0,0,0.0,0,,0,3,2,32,0.1111,0.1311,26,19,5.4,4.94,5.4
00-0040727,Tre Harris,WR,LAC,2025,3,0,0,0.0,0,,0,1,0,34,0.0222,0.0793,28,31,0.0,1.44,0.0
00-0040727,Tre Harris,WR,LAC,2025,4,0,0,0.0,0,,0,1,0,-5,0.0263,-0.0189,13,17,0.0,1.25,0.0
00-0040727,Tre Harris,WR,LAC,2025,6,0,0,0.0,0,,0,5,4,33,0.1316,0.15,25,28,6.7,8.25,6.7
00-0040727,Tre Harris,WR,LAC,2025,7,0,0,0.0,0,,0,2,2,18,0.037,0.0399,16,16,4.3,3.5,4.3
00-0040727,Tre Harris,WR,LAC,2025,8,0,0,0.0,0,,0,2,2,8,0.0833,0.0388,43,37,8.8,5.59,8.8
00-0040727,Tre Harris,WR,LAC,2025,9,0,0,0.0,0,,0,2,2,12,0.0714,0.0386,30,21,3.8,3.05,3.8
00-0040727,Tre Harris,WR,LAC,2025,10,0,0,0.0,0,,0,2,2,-6,0.0606,-0.0385,31,27,2.4,2.87,2.4
00-0040727,Tre Harris,WR,LAC,2025,11,0,0,0.0,0,,0,1,1,-3,0.0417,-0.0163,16,13,2.2,1.4,2.2
00-0040727,Tre Harris,WR,LAC,2025,13,0,0,0.0,0,,0,4,3,44,0.1905,0.2211,43,37,6.0,6.33,6.0
00-0040727,Tre Harris,WR,LAC,2025,14,0,0,0.0,0,,1,2,1,26,0.087,0.0963,38,30,3.1,3.93,3.1
00-0040727,Tre Harris,WR,LAC,2025,15,0,0,0.0,0,,0,5,3,57,0.1923,0.2879,29,29,7.9,6.91,7.9
00-0040727,Tre Harris,WR,LAC,2025,16,0,0,0.0,0,,0,5,4,36,0.1786,0.1338,33,26,9.4,8.0,9.4
00-0040727,Tre Harris,WR,LAC,2025,17,0,0,0.0,0,,1,1,1,-1,0.0323,-0.0036,22,23,2.5,2.36,2.5
00-0040727,Tre Harris,WR,LAC,2025,18,0,0,0.0,0,,0,6,2,108,0.1579,0.2734,21,16,4.8,8.15,4.8
00-0040729,Jack Bech,WR,LV,2025,1,0,0,0.0,0,,0,1,1,13,0.0303,0.0371,24,24,3.3,1.57,3.3
00-0040729,Jack Bech,WR,LV,2025,3,0,0,0.0,0,,0,1,1,10,0.037,0.0328,28,26,2.0,1.29,2.0
00-0040729,Jack Bech,WR,LV,2025,5,0,0,0.0,0,,0,5,3,47,0.1389,0.1926,25,26,5.7,7.63,5.7
00-0040729,Jack Bech,WR,LV,2025,6,0,0,0.0,0,,0,1,0,0.0,0.0435,0.0,32,30,0.0,0.96,0.0
00-0040729,Jack Bech,WR,LV,2025,7,0,0,0.0,0,,0,2,2,8,0.1176,0.1569,11,11,3.3,2.67,3.3
00-0040729,Jack Bech,WR,LV,2025,10,0,0,0.0,0,,0,1,0,4,0.04,0.0656,25,24,0.0,1.23,0.0
00-0040729,Jack Bech,WR,LV,2025,11,0,0,0.0,0,,0,1,1,2,0.0256,0.0091,12,16,2.9,1.44,2.9
00-0040729,Jack Bech,WR,LV,2025,13,0,0,0.0,0,,0,3,2,14,0.1364,0.1867,18,22,4.2,4.29,4.2
00-0040729,Jack Bech,WR,LV,2025,14,0,0,0.0,0,,0,6,6,47,0.2143,0.1926,12,13,11.0,9.18,11.0
00-0040729,Jack Bech,WR,LV,2025,15,0,0,0.0,0,,0,3,2,37,0.12,0.3491,13,16,3.7,3.41,3.7
00-0040729,Jack Bech,WR,LV,2025,16,0,0,0.0,0,,0,3,2,36,0.1364,0.1895,27,27,6.3,4.36,6.3
00-0040729,Jack Bech,WR,LV,2025,18,0,0,0.0,0,,0,2,0,22,0.0769,0.0973,32,31,0.0,2.83,0.0
00-0040730,RJ Harvey,RB,DEN,2025,1,0,0,0.0,0,,6,1,1,-2,0.027,-0.0094,30,27,7.9,4.62,7.9
00-0040730,RJ Harvey,RB,DEN,2025,2,0,0,0.0,0,,5,2,1,5,0.0667,0.034,24,24,3.4,5.5,3.4
00-0040730,RJ Harvey,RB,DEN,2025,3,0,0,0.0,0,,2,3,3,-6,0.1304,-0.0223,21,17,4.6,5.55,4.6
00-0040730,RJ Harvey,RB,DEN,2025,4,0,0,0.0,0,,14,5,4,15,0.119,0.0536,38,36,19.8,18.42,19.8
00-0040730,RJ Harvey,RB,DEN,2025,5,0,0,0.0,0,,4,3,3,6,0.0833,0.0189,29,29,6.0,6.49,6.0
00-0040730,RJ Harvey,RB,DEN,2025,6,0,0,0.0,0,,2,4,4,-13,0.1538,-0.085,26,21,6.5,6.62,6.5
00-0040730,RJ Harvey,RB,DEN,2025,7,0,0,0.0,0,,4,2,1,18,0.0408,0.0458,24,22,7.2,7.19,7.2
00-0040730,RJ Harvey,RB,DEN,2025,8,0,0,0.0,0,,7,1,1,1,0.037,0.0033,28,26,24.1,9.96,24.1
00-0040730,RJ Harvey,RB,DEN,2025,9,0,0,0.0,0,,2,5,5,7,0.1471,0.0159,23,25,16.6,8.88,16.6
00-0040730,RJ Harvey,RB,DEN,2025,10,0,0,0.0,0,,4,3,2,-1,0.1111,-0.004,27,25,3.8,7.37,3.8
00-0040730,RJ Harvey,RB,DEN,2025,11,1,0,-0.459,0,-77.062,11,3,3,-2,0.0833,-0.0063,21,22,8.0,10.52,8.0
00-0040730,RJ Harvey,RB,DEN,2025,13,0,0,0.0,0,,13,4,3,-3,0.093,-0.0159,23,26,21.2,17.98,21.2
00-0040730,RJ Harvey,RB,DEN,2025,14,0,0,0.0,0,,17,6,6,-9,0.1667,-0.0417,31,33,22.0,20.46,22.0
00-0040730,RJ Harvey,RB,DEN,2025,15,0,0,0.0,0,,19,1,0,5,0.0312,0.0155,31,22,10.5,13.4,10.5
00-0040730,RJ Harvey,RB,DEN,2025,16,0,0,0.0,0,,7,5,4,14,0.1087,0.0312,17,17,22.1,10.66,22.1
00-0040730,RJ Harvey,RB,DEN,2025,17,0,0,0.0,0,,14,6,5,-2,0.1622,-0.0097,32,26,18.6,18.54,18.6
00-0040730,RJ Harvey,RB,DEN,2025,18,0,0,0.0,0,,15,4,1,-5,0.1739,-0.1923,31,27,4.3,16.88,4.3
00-0040734,TreVeyon Henderson,RB,NE,2025,1,0,0,0.0,0,,5,6,6,-19,0.1333,-0.0538,18,21,11.1,11.4,11.1
00-0040734,TreVeyon Henderson,RB,NE,2025,2,0,0,0.0,0,,3,2,2,2,0.087,0.0149,29,27,6.0,4.28,6.0
00-0040734,TreVeyon Henderson,RB,NE,2025,3,0,0,0.0,0,,11,3,3,2,0.0833,0.0097,29,28,7.7,10.05,7.7
00-0040734,TreVeyon Henderson,RB,NE,2025,4,0,0,0.0,0,,7,2,2,-6,0.1176,-0.0397,29,25,12.6,7.0,12.6
00-0040734,TreVeyon Henderson,RB,NE,2025,5,0,0,0.0,0,,6,3,2,-3,0.1071,-0.0141,22,24,4.7,7.49,4.7
00-0040734,TreVeyon Henderson,RB,NE,2025,6,0,0,0.0,0,,9,2,1,-4,0.0833,-0.0141,31,23,4.6,7.56,4.6
00-0040734,TreVeyon Henderson,RB,NE,2025,7,0,0,0.0,0,,2,0,0,0.0,0.0,0.0,36,27,0.5,0.87,0.5
00-0040734,TreVeyon Henderson,RB,NE,2025,8,0,0,0.0,0,,10,0,0,0.0,0.0,0.0,35,27,5.5,6.23,5.5
00-0040734,TreVeyon Henderson,RB,NE,2025,9,0,0,0.0,0,,14,6,4,-6,0.2143,-0.0194,33,30,12.7,16.51,12.7
00-0040734,TreVeyon Henderson,RB,NE,2025,10,0,0,0.0,0,,14,1,1,-5,0.0345,-0.0143,27,20,28.0,14.23,28.0
00-0040734,TreVeyon Henderson,RB,NE,2025,11,0,0,0.0,0,,19,5,5,13,0.1515,0.0326,27,27,32.3,21.29,32.3
00-0040734,TreVeyon Henderson,RB,NE,2025,12,0,0,0.0,0,,18,4,3,7,0.1212,0.0236,31,29,11.1,19.94,11.1
00-0040734,TreVeyon Henderson,RB,NE,2025,13,0,0,0.0,0,,11,4,3,-4,0.1333,-0.0163,29,29,11.6,14.24,11.6
00-0040734,TreVeyon Henderson,RB,NE,2025,15,0,0,0.0,0,,14,3,2,20,0.1364,0.082,25,25,30.1,13.3,30.1
00-0040734,TreVeyon Henderson,RB,NE,2025,16,0,0,0.0,0,,5,1,1,2,0.0238,0.0042,23,16,2.2,4.0,2.2
00-0040734,TreVeyon Henderson,RB,NE,2025,17,0,0,0.0,0,,19,0,0,0.0,0.0,0.0,36,36,8.2,16.42,8.2
00-0040734,TreVeyon Henderson,RB,NE,2025,18,0,0,0.0,0,,13,0,0,0.0,0.0,0.0,34,27,17.3,11.36,17.3
00-0040735,Luther Burden III,WR,CHI,2025,1,0,0,0.0,0,,0,1,1,-5,0.0294,-0.019,26,21,0.7,1.4,0.7
00-0040735,Luther Burden III,WR,CHI,2025,2,0,0,0.0,0,,0,2,1,6,0.0606,0.0178,27,23,1.5,3.42,1.5
00-0040735,Luther Burden III,WR,CHI,2025,3,0,0,0.0,0,,1,3,3,64,0.1071,0.256,29,23,19.8,7.82,19.8
00-0040735,Luther Burden III,WR,CHI,2025,4,0,0,0.0,0,,0,2,2,-7,0.0556,-0.0285,26,22,1.6,2.92,1.6
00-0040735,Luther Burden III,WR,CHI,2025,6,0,0,0.0,0,,0,4,4,15,0.1379,0.061,27,23,9.1,5.85,9.1
00-0040735,Luther Burden III,WR,CHI,2025,7,0,0,0.0,0,,1,2,1,39,0.08,0.1773,40,36,3.1,4.96,3.1
00-0040735,Luther Burden III,WR,CHI,2025,8,0,0,0.0,0,,0,1,1,-3,0.0286,-0.0097,23,20,0.9,1.34,0.9
00-0040735,Luther Burden III,WR,CHI,2025,10,0,0,0.0,0,,0,3,3,34,0.0833,0.0986,28,25,8.1,5.3,8.1
00-0040735,Luther Burden III,WR,CHI,2025,11,0,0,0.0,0,,0,5,3,37,0.1786,0.0961,39,35,5.7,7.84,5.7
00-0040735,Luther Burden III,WR,CHI,2025,12,0,0,0.0,0,,1,5,3,38,0.1667,0.1159,25,21,9.1,8.65,9.1
00-0040735,Luther Burden III,WR,CHI,2025,13,0,0,0.0,0,,1,6,4,32,0.1875,0.127,47,41,7.6,9.95,7.6
00-0040735,Luther Burden III,WR,CHI,2025,14,0,0,0.0,0,,1,6,4,60,0.2143,0.2013,32,31,11.0,9.59,11.0
00-0040735,Luther Burden III,WR,CHI,2025,15,0,0,0.0,0,,0,7,6,50,0.2593,0.1818,33,30,14.4,10.23,14.4
00-0040735,Luther Burden III,WR,CHI,2025,17,0,0,0.0,0,,0,9,8,88,0.2308,0.2904,22,22,27.8,14.5,27.8
00-0040735,Luther Burden III,WR,CHI,2025,18,0,0,0.0,0,,1,4,3,12,0.1379,0.0462,18,18,7.5,6.53,7.5
00-0040736,Mason Taylor,TE,NYJ,2025,1,0,0,0.0,0,,0,1,1,18,0.0476,0.1065,39,29,3.0,2.0,3.0
00-0040736,Mason Taylor,TE,NYJ,2025,2,0,0,0.0,0,,0,2,1,8,0.0952,0.0465,21,15,1.5,2.78,1.5
00-0040736,Mason Taylor,TE,NYJ,2025,3,0,0,0.0,0,,0,6,4,17,0.1714,0.1056,23,21,5.8,7.65,5.8
00-0040736,Mason Taylor,TE,NYJ,2025,4,0,0,0.0,0,,0,7,5,55,0.2593,0.2683,28,28,11.5,9.98,11.5
00-0040736,Mason Taylor,TE,NYJ,2025,5,0,0,0.0,0,,0,12,9,65,0.2727,0.211,22,22,17.7,19.61,17.7
00-0040736,Mason Taylor,TE,NYJ,2025,6,0,0,0.0,0,,0,1,1,2,0.0625,0.0213,31,25,1.2,1.32,1.2
00-0040736,Mason Taylor,TE,NYJ,2025,7,0,0,0.0,0,,0,5,3,19,0.1613,0.0518,20,17,6.1,6.84,6.1
00-0040736,Mason Taylor,TE,NYJ,2025,8,0,0,0.0,0,,0,8,5,49,0.2667,0.2663,37,32,14.4,17.22,14.4
00-0040736,Mason Taylor,TE,NYJ,2025,10,0,0,0.0,0,,0,2,1,9,0.1818,0.2368,33,26,1.4,2.29,1.4
00-0040736,Mason Taylor,TE,NYJ,2025,11,0,0,0.0,0,,0,4,4,25,0.1538,0.1185,28,18,7.0,5.19,7.0
00-0040736,Mason Taylor,TE,NYJ,2025,12,0,0,0.0,0,,0,5,3,27,0.1852,0.0938,26,24,5.1,6.89,5.1
00-0040736,Mason Taylor,TE,NYJ,2025,13,0,0,0.0,0,,0,4,2,41,0.129,0.1285,28,21,4.1,5.97,4.1
00-0040736,Mason Taylor,TE,NYJ,2025,14,0,0,0.0,0,,0,8,5,40,0.25,0.1384,17,16,10.1,10.99,10.1
00-0040737,Terrance Ferguson,TE,LA,2025,5,0,0,0.0,0,,0,1,1,18,0.0217,0.0341,16,23,3.1,1.61,3.1
00-0040737,Terrance Ferguson,TE,LA,2025,6,0,0,0.0,0,,1,0,0,0.0,0.0,0.0,23,20,0.0,2.43,0.0
00-0040737,Terrance Ferguson,TE,LA,2025,7,0,0,0.0,0,,0,3,1,85,0.0909,0.2342,29,27,10.1,8.01,10.1
00-0040737,Terrance Ferguson,TE,LA,2025,9,0,0,0.0,0,,0,3,2,56,0.0968,0.1755,43,38,7.4,6.83,7.4
00-0040737,Terrance Ferguson,TE,LA,2025,10,0,0,0.0,0,,0,4,1,88,0.1176,0.2651,30,29,4.2,8.45,4.2
00-0040737,Terrance Ferguson,TE,LA,2025,12,0,0,0.0,0,,0,1,0,16,0.0294,0.0643,19,20,0.0,2.17,0.0
00-0040737,Terrance Ferguson,TE,LA,2025,13,0,0,0.0,0,,0,2,0,34,0.0741,0.1538,21,20,0.0,5.51,0.0
00-0040737,Terrance Ferguson,TE,LA,2025,14,0,0,0.0,0,,0,1,0,6,0.0323,0.0269,36,36,0.0,4.18,0.0
00-0040737,Terrance Ferguson,TE,LA,2025,15,0,0,0.0,0,,0,2,1,30,0.0526,0.0637,29,27,1.6,4.07,1.6
00-0040737,Terrance Ferguson,TE,LA,2025,16,0,0,0.0,0,,0,4,3,61,0.0833,0.1279,39,41,12.3,8.5,12.3
00-0040737,Terrance Ferguson,TE,LA,2025,17,0,0,0.0,0,,0,4,2,72,0.1111,0.1404,20,23,13.4,7.96,13.4
00-0040739,Elijah Arroyo,TE,SEA,2025,1,0,0,0.0,0,,0,1,1,5,0.0455,0.0254,26,25,1.7,1.64,1.7
00-0040739,Elijah Arroyo,TE,SEA,2025,2,0,0,0.0,0,,0,3,2,6,0.1,0.0226,29,29,5.1,4.68,5.1
00-0040739,Elijah Arroyo,TE,SEA,2025,3,0,0,0.0,0,,0,1,0,10,0.05,0.0588,33,34,0.0,1.29,0.0
00-0040739,Elijah Arroyo,TE,SEA,2025,4,0,0,0.0,0,,0,4,2,47,0.1667,0.1983,35,34,6.4,10.25,6.4
00-0040739,Elijah Arroyo,TE,SEA,2025,5,0,0,0.0,0,,0,1,1,6,0.0294,0.0218,20,21,2.0,1.37,2.0
00-0040739,Elijah Arroyo,TE,SEA,2025,6,0,0,0.0,0,,0,2,1,21,0.0833,0.0582,26,24,1.6,3.35,1.6
00-0040739,Elijah Arroyo,TE,SEA,2025,7,0,0,0.0,0,,0,5,4,25,0.1724,0.0893,33,31,6.2,10.38,6.2
00-0040739,Elijah Arroyo,TE,SEA,2025,9,0,0,0.0,0,,0,2,2,23,0.0833,0.1111,24,25,10.9,5.68,10.9
00-0040739,Elijah Arroyo,TE,SEA,2025,10,0,0,0.0,0,,0,1,1,4,0.0833,0.0312,46,36,1.5,1.48,1.5
00-0040739,Elijah Arroyo,TE,SEA,2025,11,0,0,0.0,0,,0,2,0,23,0.0476,0.0673,35,34,0.0,3.47,0.0
00-0040739,Elijah Arroyo,TE,SEA,2025,12,0,0,0.0,0,,0,1,1,2,0.04,0.0082,20,20,1.5,1.45,1.5
00-0040739,Elijah Arroyo,TE,SEA,2025,13,0,0,0.0,0,,0,2,0,31,0.087,0.3333,32,33,0.0,3.64,0.0
00-0040739,Elijah Arroyo,TE,SEA,2025,14,0,0,0.0,0,,0,1,0,17,0.0333,0.0667,26,20,0.0,2.29,0.0
00-0040743,Tyler Shough,QB,NO,2025,3,2,0,-1.774,0,-52.12,0,0,0,0.0,0.0,0.0,27,28,0.0,0.56,0.0
00-0040743,Tyler Shough,QB,NO,2025,8,30,17,-15.058,2,-13.858,3,0,0,0.0,0.0,0.0,15,11,4.3,11.89,4.32
00-0040743,Tyler Shough,QB,NO,2025,9,24,15,-0.089,1,-2.869,1,0,0,0.0,0.0,0.0,14,11,9.2,7.36,9.24
00-0040743,Tyler Shough,QB,NO,2025,10,27,19,11.777,2,10.371,4,0,0,0.0,0.0,0.0,37,32,19.0,9.18,18.98
00-0040743,Tyler Shough,QB,NO,2025,12,43,30,-10.292,5,0.028,7,0,0,0.0,0.0,0.0,28,17,7.9,25.54,7.92
00-0040743,Tyler Shough,QB,NO,2025,13,38,26,-11.174,4,9.799,6,0,0,0.0,0.0,0.0,27,22,17.4,16.11,19.36
00-0040743,Tyler Shough,QB,NO,2025,14,20,13,1.783,3,-2.251,7,0,0,0.0,0.0,0.0,32,25,21.3,10.84,21.26
00-0040743,Tyler Shough,QB,NO,2025,15,32,24,8.612,5,4.051,8,0,0,0.0,0.0,0.0,25,18,18.1,15.68,18.08
00-0040743,Tyler Shough,QB,NO,2025,16,49,32,2.716,3,-1.516,2,0,0,0.0,0.0,0.0,25,13,17.1,20.59,17.12
00-0040743,Tyler Shough,QB,NO,2025,17,27,22,18.168,2,19.824,4,0,0,0.0,0.0,0.0,23,17,21.9,13.01,21.92
00-0040743,Tyler Shough,QB,NO,2025,18,35,23,-2.61,4,-1.691,3,0,0,0.0,0.0,0.0,26,28,21.8,18.89,21.76
00-0040782,Isaiah Bond,WR,CLE,2025,1,0,0,0.0,0,,0,1,1,-4,0.0238,-0.0147,24,30,1.5,1.35,1.5
00-0040782,Isaiah Bond,WR,CLE,2025,2,0,0,0.0,0,,1,3,1,9,0.0732,0.0288,22,31,2.5,4.63,2.5
00-0040782,Isaiah Bond,WR,CLE,2025,3,0,0,0.0,0,,0,4,2,66,0.1212,0.2598,19,24,3.6,6.62,3.6
00-0040782,Isaiah Bond,WR,CLE,2025,4,0,0,0.0,0,,0,6,3,84,0.1765,0.2421,27,28,8.8,9.17,8.8
00-0040782,Isaiah Bond,WR,CLE,2025,5,0,0,0.0,0,,0,7,2,94,0.2188,0.4519,32,33,4.9,14.22,4.9
00-0040782,Isaiah Bond,WR,CLE,2025,6,0,0,0.0,0,,0,5,2,37,0.098,0.1178,17,24,2.9,6.93,2.9
00-0040782,Isaiah Bond,WR,CLE,2025,8,0,0,0.0,0,,0,4,0,94,0.1212,0.4821,16,21,0.0,6.79,0.0
00-0040782,Isaiah Bond,WR,CLE,2025,11,0,0,0.0,0,,1,1,0,25,0.04,0.1506,25,19,0.8,2.17,0.8
00-0040782,Isaiah Bond,WR,CLE,2025,12,0,0,0.0,0,,0,2,2,50,0.1111,0.2564,27,26,7.8,2.61,7.8
00-0040782,Isaiah Bond,WR,CLE,2025,13,0,0,0.0,0,,1,2,1,58,0.087,0.3353,31,33,3.7,3.46,3.7
00-0040782,Isaiah Bond,WR,CLE,2025,14,0,0,0.0,0,,0,2,0,57,0.0526,0.1869,20,24,0.0,3.32,0.0
00-0040782,Isaiah Bond,WR,CLE,2025,15,0,0,0.0,0,,0,4,2,118,0.129,0.3894,16,18,10.9,5.22,10.9
00-0040782,Isaiah Bond,WR,CLE,2025,16,0,0,0.0,0,,1,0,0,0.0,0.0,0.0,31,32,2.0,0.62,-0.1
00-0040782,Isaiah Bond,WR,CLE,2025,17,0,0,0.0,0,,0,1,1,15,0.0435,0.0794,25,25,2.6,1.4,2.6
00-0040782,Isaiah Bond,WR,CLE,2025,18,0,0,0.0,0,,1,2,1,48,0.0952,0.2449,24,20,2.7,4.35,2.7
00-0040784,Quinshon Judkins,RB,CLE,2025,2,0,0,0.0,0,,10,3,3,2,0.0732,0.0064,22,31,10.1,8.93,10.1
00-0040784,Quinshon Judkins,RB,CLE,2025,3,0,0,0.0,0,,18,2,1,7,0.0606,0.0276,19,24,16.5,14.36,16.5
00-0040784,Quinshon Judkins,RB,CLE,2025,4,0,0,0.0,0,,21,4,4,-1,0.1176,-0.0029,27,28,21.5,22.37,21.5
00-0040784,Quinshon Judkins,RB,CLE,2025,5,0,0,0.0,0,,23,2,1,1,0.0625,0.0048,32,33,13.8,15.59,13.8
00-0040784,Quinshon Judkins,RB,CLE,2025,6,0,0,0.0,0,,12,1,0,0.0,0.0196,0.0,17,24,3.6,6.81,3.6
00-0040784,Quinshon Judkins,RB,CLE,2025,7,0,0,0.0,0,,25,0,0,0.0,0.0,0.0,33,32,26.4,15.7,26.4
00-0040784,Quinshon Judkins,RB,CLE,2025,8,0,0,0.0,0,,9,3,3,-4,0.0909,-0.0205,16,21,4.7,8.05,4.7
00-0040784,Quinshon Judkins,RB,CLE,2025,10,0,0,0.0,0,,22,3,2,3,0.0938,0.015,32,28,10.5,13.78,10.5
00-0040784,Quinshon Judkins,RB,CLE,2025,11,0,0,0.0,0,,17,2,0,-10,0.08,-0.0602,25,19,5.9,12.25,5.9
00-0040784,Quinshon Judkins,RB,CLE,2025,12,0,0,0.0,0,,16,0,0,0.0,0.0,0.0,27,26,16.7,10.42,16.7
00-0040784,Quinshon Judkins,RB,CLE,2025,13,0,0,0.0,0,,23,3,3,-8,0.1304,-0.0462,31,33,15.9,15.33,15.9
00-0040784,Quinshon Judkins,RB,CLE,2025,14,0,0,-0.947,0,,14,3,1,3,0.0789,0.0098,20,24,9.4,13.39,9.4
00-0040784,Quinshon Judkins,RB,CLE,2025,15,0,0,0.0,0,,12,4,3,-7,0.129,-0.0231,16,18,4.7,10.76,4.7
00-0040784,Quinshon Judkins,RB,CLE,2025,16,0,0,0.0,0,,8,6,5,-1,0.2222,-0.0145,31,32,10.1,13.11,10.1
