player_id,name,pos,team,season,week,att,cmp,pass_epa,sacks,cpoe,car,tgt,rec,rec_ay,tgt_share,ay_share,team_car,team_rb_touch,fp_ppr,fp_exp,fp_act
00-0019596,Tom Brady,QB,TB,2021,1,50,32,14.007,0,3.232,0,0,0,0.0,0.0,0.0,14,20,27.2,25.23,27.16
00-0019596,Tom Brady,QB,TB,2021,2,36,24,1.854,3,4.939,1,0,0,0.0,0.0,0.0,21,24,29.6,31.24,31.64
00-0019596,Tom Brady,QB,TB,2021,3,55,41,13.163,3,3.777,3,0,0,0.0,0.0,0.0,13,21,28.7,31.88,28.68
00-0019596,Tom Brady,QB,TB,2021,4,43,22,2.245,1,-10.717,4,0,0,0.0,0.0,0.0,30,29,11.1,24.8,11.06
00-0019596,Tom Brady,QB,TB,2021,5,41,30,28.324,2,13.526,1,0,0,0.0,0.0,0.0,25,28,37.7,26.2,37.74
00-0019596,Tom Brady,QB,TB,2021,6,42,34,13.496,0,12.944,4,0,0,0.0,0.0,0.0,31,36,18.0,21.87,17.98
00-0019596,Tom Brady,QB,TB,2021,7,36,20,9.263,0,-8.54,0,0,0,0.0,0.0,0.0,31,34,24.4,34.4,24.44
00-0019596,Tom Brady,QB,TB,2021,8,40,28,0.963,3,0.408,1,0,0,0.0,0.0,0.0,14,18,25.2,19.68,27.2
00-0019596,Tom Brady,QB,TB,2021,10,34,23,-2.894,0,-1.132,1,0,0,0.0,0.0,0.0,13,21,13.0,16.69,13.0
00-0019596,Tom Brady,QB,TB,2021,11,46,30,6.54,0,-1.09,1,0,0,0.0,0.0,0.0,27,28,19.3,26.82,19.28
00-0019596,Tom Brady,QB,TB,2021,12,34,25,-1.316,2,1.004,2,0,0,0.0,0.0,0.0,27,31,11.2,18.66,11.24
00-0019596,Tom Brady,QB,TB,2021,13,51,38,15.679,0,2.947,1,0,0,0.0,0.0,0.0,17,24,28.6,24.82,28.62
00-0019596,Tom Brady,QB,TB,2021,14,46,31,10.004,2,-2.182,7,0,0,0.0,0.0,0.0,29,26,30.1,28.76,30.12
00-0019596,Tom Brady,QB,TB,2021,15,48,26,-16.391,4,-14.404,1,0,0,0.0,0.0,0.0,21,29,4.8,16.68,4.76
00-0019596,Tom Brady,QB,TB,2021,16,30,18,10.022,0,2.84,1,0,0,0.0,0.0,0.0,31,31,14.4,21.69,14.38
00-0019596,Tom Brady,QB,TB,2021,17,50,34,21.968,1,10.026,0,0,0,0.0,0.0,0.0,21,27,26.4,24.4,26.4
00-0019596,Tom Brady,QB,TB,2021,18,37,29,17.842,1,13.119,0,0,0,0.0,0.0,0.0,20,20,25.0,18.61,25.04
00-0022924,Ben Roethlisberger,QB,PIT,2021,1,32,18,-0.828,2,-10.494,4,0,0,0.0,0.0,0.0,21,17,12.0,14.27,12.02
00-0022924,Ben Roethlisberger,QB,PIT,2021,2,40,27,2.707,2,4.302,0,0,0,0.0,0.0,0.0,14,17,13.8,13.41,13.8
00-0022924,Ben Roethlisberger,QB,PIT,2021,3,58,38,-8.943,4,-5.368,1,0,0,0.0,0.0,0.0,15,28,13.2,20.04,13.22
00-0022924,Ben Roethlisberger,QB,PIT,2021,4,40,26,-10.517,2,1.441,0,0,0,0.0,0.0,0.0,16,22,9.3,13.56,11.28
00-0022924,Ben Roethlisberger,QB,PIT,2021,5,25,15,9.349,1,-7.363,1,0,0,0.0,0.0,0.0,35,34,16.0,9.05,18.02
00-0022924,Ben Roethlisberger,QB,PIT,2021,6,40,29,-1.096,1,5.84,2,0,0,0.0,0.0,0.0,30,32,10.9,16.01,12.86
00-0022924,Ben Roethlisberger,QB,PIT,2021,8,34,22,5.655,2,-1.927,1,0,0,0.0,0.0,0.0,32,32,14.6,19.62,14.64
00-0022924,Ben Roethlisberger,QB,PIT,2021,9,30,21,3.9,4,9.382,2,0,0,0.0,0.0,0.0,32,28,16.2,16.6,16.2
00-0022924,Ben Roethlisberger,QB,PIT,2021,11,44,28,0.524,3,-4.192,0,0,0,0.0,0.0,0.0,18,20,22.9,29.34,22.92
00-0022924,Ben Roethlisberger,QB,PIT,2021,12,41,24,-14.618,3,-5.366,0,0,0,0.0,0.0,0.0,15,20,8.5,12.35,10.52
00-0022924,Ben Roethlisberger,QB,PIT,2021,13,31,21,9.284,1,4.362,1,0,0,0.0,0.0,0.0,25,28,19.3,12.52,19.34
00-0022924,Ben Roethlisberger,QB,PIT,2021,14,40,28,-7.877,5,2.591,1,0,0,0.0,0.0,0.0,24,24,24.8,19.87,24.82
00-0022924,Ben Roethlisberger,QB,PIT,2021,15,25,16,-7.65,3,-7.276,3,0,0,0.0,0.0,0.0,17,14,11.9,17.55,11.44
00-0022924,Ben Roethlisberger,QB,PIT,2021,16,35,23,-10.63,2,-3.754,0,0,0,0.0,0.0,0.0,25,30,6.4,10.79,8.36
00-0022924,Ben Roethlisberger,QB,PIT,2021,17,46,24,-17.463,2,-15.945,1,0,0,0.0,0.0,0.0,31,32,6.8,21.3,6.82
00-0022924,Ben Roethlisberger,QB,PIT,2021,18,44,30,2.885,1,-0.691,3,0,0,0.0,0.0,0.0,30,28,11.4,12.93,11.36
00-0023459,Aaron Rodgers,QB,GB,2021,1,28,15,-15.95,1,-8.026,0,0,0,0.0,0.0,0.0,15,17,1.3,9.65,1.32
00-0023459,Aaron Rodgers,QB,GB,2021,2,27,22,17.57,3,15.814,4,0,0,0.0,0.0,0.0,31,31,26.8,20.7,26.8
00-0023459,Aaron Rodgers,QB,GB,2021,3,33,23,7.612,1,15.732,0,1,1,-4,0.0323,-0.0113,25,29,19.0,24.04,19.04
00-0023459,Aaron Rodgers,QB,GB,2021,4,36,20,3.579,3,-6.736,3,0,0,0.0,0.0,0.0,33,34,24.1,23.02,24.12
00-0023459,Aaron Rodgers,QB,GB,2021,5,39,27,9.053,2,15.069,0,0,0,0.0,0.0,0.0,22,31,19.8,20.04,19.76
00-0023459,Aaron Rodgers,QB,GB,2021,6,23,17,6.792,3,12.779,7,0,0,0.0,0.0,0.0,31,28,23.7,14.84,23.7
00-0023459,Aaron Rodgers,QB,GB,2021,7,35,27,10.893,3,10.261,2,0,0,0.0,0.0,0.0,15,18,24.7,17.99,24.66
00-0023459,Aaron Rodgers,QB,GB,2021,8,37,22,1.43,1,-8.142,2,0,0,0.0,0.0,0.0,34,38,15.7,32.59,15.66
00-0023459,Aaron Rodgers,QB,GB,2021,10,37,23,1.706,1,-5.424,2,0,0,0.0,0.0,0.0,32,36,10.5,15.92,10.48
00-0023459,Aaron Rodgers,QB,GB,2021,11,33,23,23.26,2,7.038,2,0,0,0.0,0.0,0.0,19,21,33.5,15.23,33.5
00-0023459,Aaron Rodgers,QB,GB,2021,12,45,28,8.403,1,0.049,2,0,0,0.0,0.0,0.0,32,35,26.3,29.7,26.28
00-0023459,Aaron Rodgers,QB,GB,2021,14,37,29,15.845,3,17.148,1,0,0,0.0,0.0,0.0,24,23,29.6,20.14,29.64
00-0023459,Aaron Rodgers,QB,GB,2021,15,31,23,19.174,3,13.845,4,0,0,0.0,0.0,0.0,25,23,23.8,22.65,23.82
00-0023459,Aaron Rodgers,QB,GB,2021,16,34,24,5.72,0,3.761,1,0,0,0.0,0.0,0.0,24,29,20.0,18.69,19.98
00-0023459,Aaron Rodgers,QB,GB,2021,17,38,29,10.009,0,8.074,2,0,0,0.0,0.0,0.0,32,35,20.3,22.24,20.32
00-0023459,Aaron Rodgers,QB,GB,2021,18,18,14,3.724,3,6.638,1,0,0,0.0,0.0,0.0,27,28,14.2,11.77,14.22
00-0023682,Ryan Fitzpatrick,QB,WAS,2021,1,6,3,-4.275,1,-17.92,1,0,0,0.0,0.0,0.0,27,26,0.7,2.71,0.72
00-0024243,Marcedes Lewis,TE,GB,2021,1,0,0,0.0,0,,0,1,1,5,0.0303,0.0152,15,17,2.9,1.64,2.9
00-0024243,Marcedes Lewis,TE,GB,2021,4,0,0,0.0,0,,0,2,1,31,0.0571,0.0901,33,34,1.7,3.93,1.7
00-0024243,Marcedes Lewis,TE,GB,2021,5,0,0,0.0,0,,0,2,2,11,0.0571,0.0315,22,31,5.4,3.23,5.4
00-0024243,Marcedes Lewis,TE,GB,2021,6,0,0,0.0,0,,0,2,2,5,0.0952,0.0256,31,28,3.7,3.2,3.7
00-0024243,Marcedes Lewis,TE,GB,2021,7,0,0,0.0,0,,0,3,3,12,0.0882,0.0588,15,18,6.1,5.17,6.1
00-0024243,Marcedes Lewis,TE,GB,2021,8,0,0,0.0,0,,0,1,0,3,0.0286,0.0182,34,38,0.0,3.91,0.0
00-0024243,Marcedes Lewis,TE,GB,2021,9,0,0,0.0,0,,0,1,1,-3,0.0312,-0.0111,25,24,0.9,1.1,0.9
00-0024243,Marcedes Lewis,TE,GB,2021,10,0,0,0.0,0,,0,2,2,6,0.0571,0.0259,32,36,3.0,3.39,3.0
00-0024243,Marcedes Lewis,TE,GB,2021,12,0,0,0.0,0,,0,3,2,-3,0.0682,-0.007,32,35,2.4,4.74,2.4
00-0024243,Marcedes Lewis,TE,GB,2021,14,0,0,0.0,0,,0,4,4,26,0.1143,0.1028,24,23,9.1,7.74,9.1
00-0024243,Marcedes Lewis,TE,GB,2021,15,0,0,0.0,0,,0,3,3,7,0.0968,0.0245,25,23,7.0,5.71,7.0
00-0024243,Marcedes Lewis,TE,GB,2021,16,0,0,0.0,0,,0,3,2,2,0.0882,0.0113,24,29,2.2,6.8,2.2
00-0024243,Marcedes Lewis,TE,GB,2021,18,0,0,0.0,0,,0,1,0,1,0.0286,0.0046,27,28,0.0,3.45,0.0
00-0025394,Adrian Peterson,RB,TEN,2021,9,0,0,0.0,0,,10,1,1,-4,0.0385,-0.0367,26,26,9.6,9.91,9.6
00-0025394,Adrian Peterson,RB,TEN,2021,10,0,0,0.0,0,,8,1,1,-6,0.037,-0.0448,29,27,3.0,8.49,3.0
00-0025394,Adrian Peterson,RB,TEN,2021,11,0,0,0.0,0,,9,2,2,-1,0.0392,-0.0023,25,34,6.4,6.78,6.4
00-0025394,Adrian Peterson,RB,SEA,2021,13,0,0,0.0,0,,11,0,0,0.0,0.0,0.0,27,29,7.6,14.33,7.6
00-0026035,Danny Amendola,WR,HOU,2021,1,0,0,0.0,0,,0,5,5,20,0.1562,0.0629,41,41,14.4,8.38,14.4
00-0026035,Danny Amendola,WR,HOU,2021,2,0,0,0.0,0,,0,1,1,4,0.0357,0.0147,28,29,1.9,1.37,1.9
00-0026035,Danny Amendola,WR,HOU,2021,7,0,0,0.0,0,,0,5,3,20,0.1613,0.1307,15,23,4.7,6.76,4.7
00-0026035,Danny Amendola,WR,HOU,2021,8,0,0,0.0,0,,0,5,2,22,0.1389,0.0837,14,20,2.3,6.91,2.3
00-0026035,Danny Amendola,WR,HOU,2021,9,1,0,-0.362,0,-49.9,0,7,3,89,0.175,0.2438,18,18,7.9,12.54,7.9
00-0026035,Danny Amendola,WR,HOU,2021,11,0,0,0.0,0,,0,1,0,5,0.0435,0.0515,38,35,0.0,1.51,0.0
00-0026035,Danny Amendola,WR,HOU,2021,12,0,0,0.0,0,,0,5,3,43,0.1923,0.1963,24,27,5.3,6.52,5.3
00-0026035,Danny Amendola,WR,HOU,2021,18,0,0,0.0,0,,0,9,7,118,0.2812,0.3164,21,23,32.3,17.97,32.3
00-0026143,Matt Ryan,QB,ATL,2021,1,35,21,-15.975,3,-9.305,2,0,0,0.0,0.0,0.0,26,27,7.4,16.07,7.36
00-0026143,Matt Ryan,QB,ATL,2021,2,46,35,-6.289,1,7.176,2,0,0,0.0,0.0,0.0,20,28,16.3,17.2,16.3
00-0026143,Matt Ryan,QB,ATL,2021,3,36,27,5.152,3,4.188,1,0,0,0.0,0.0,0.0,20,29,15.6,19.74,17.62
00-0026143,Matt Ryan,QB,ATL,2021,4,42,25,12.274,1,-1.814,1,0,0,0.0,0.0,0.0,28,32,29.0,23.95,29.02
00-0026143,Matt Ryan,QB,ATL,2021,5,45,33,21.308,0,6.356,1,0,0,0.0,0.0,0.0,29,37,21.6,19.22,21.58
00-0026143,Matt Ryan,QB,ATL,2021,7,40,25,11.177,1,-3.28,3,0,0,0.0,0.0,0.0,22,21,17.4,17.0,17.44
00-0026143,Matt Ryan,QB,ATL,2021,8,27,20,-8.301,3,5.242,2,0,0,0.0,0.0,0.0,20,28,6.1,9.52,6.14
00-0026143,Matt Ryan,QB,ATL,2021,9,30,23,17.326,2,14.783,5,0,0,0.0,0.0,0.0,25,25,28.5,19.7,28.52
00-0026143,Matt Ryan,QB,ATL,2021,10,21,9,-14.91,2,-23.542,0,0,0,0.0,0.0,0.0,24,25,0.7,7.14,0.68
00-0026143,Matt Ryan,QB,ATL,2021,11,28,19,-12.233,4,-2.851,0,0,0,0.0,0.0,0.0,16,18,2.1,7.09,2.12
00-0026143,Matt Ryan,QB,ATL,2021,12,29,19,4.874,1,-2.062,4,0,0,0.0,0.0,0.0,29,30,10.2,9.72,10.2
00-0026143,Matt Ryan,QB,ATL,2021,13,41,30,-0.683,5,4.758,3,0,0,0.0,0.0,0.0,23,27,12.1,18.75,12.12
00-0026143,Matt Ryan,QB,ATL,2021,14,28,19,5.201,0,8.379,4,0,0,0.0,0.0,0.0,36,39,11.9,12.73,11.9
00-0026143,Matt Ryan,QB,ATL,2021,15,32,19,-6.921,3,3.532,5,0,0,0.0,0.0,0.0,23,21,13.4,26.57,15.44
00-0026143,Matt Ryan,QB,ATL,2021,16,24,18,8.473,3,9.006,4,0,0,0.0,0.0,0.0,18,16,13.1,11.38,13.1
00-0026143,Matt Ryan,QB,ATL,2021,17,23,13,-9.712,5,-0.359,2,0,0,0.0,0.0,0.0,22,23,6.6,12.45,8.58
00-0026143,Matt Ryan,QB,ATL,2021,18,33,20,-4.43,3,1.12,1,0,0,0.0,0.0,0.0,12,15,10.8,14.98,10.84
00-0026158,Joe Flacco,QB,NYJ,2021,10,3,3,5.359,0,36.595,0,0,0,0.0,0.0,0.0,22,33,5.9,0.81,5.88
00-0026158,Joe Flacco,QB,NYJ,2021,11,39,24,0.935,2,2.751,2,0,0,0.0,0.0,0.0,18,19,17.9,18.72,19.94
00-0026189,DeSean Jackson,WR,LA,2021,1,0,0,0.0,0,,0,2,2,16,0.0769,0.0702,23,18,4.1,3.49,4.1
00-0026189,DeSean Jackson,WR,LA,2021,3,0,0,0.0,0,,0,5,3,136,0.1316,0.3788,24,24,21.0,9.99,21.0
00-0026189,DeSean Jackson,WR,LA,2021,4,0,0,0.0,0,,0,3,1,64,0.0732,0.1808,23,22,1.6,6.1,1.6
00-0026189,DeSean Jackson,WR,LA,2021,5,0,0,0.0,0,,0,3,1,86,0.0857,0.1834,29,30,7.8,5.68,7.8
00-0026189,DeSean Jackson,WR,LA,2021,6,0,0,0.0,0,,0,1,1,5,0.0333,0.0212,34,32,1.6,1.54,1.6
00-0026189,DeSean Jackson,WR,LA,2021,7,0,0,0.0,0,,0,1,0,39,0.0244,0.1018,19,20,0.0,2.57,0.0
00-0026189,DeSean Jackson,WR,LV,2021,10,0,0,0.0,0,,0,1,1,35,0.0294,0.1367,14,19,2.8,2.32,2.8
00-0026189,DeSean Jackson,WR,LV,2021,11,0,0,0.0,0,,1,0,0,0.0,0.0,0.0,18,21,0.4,0.69,0.4
00-0026189,DeSean Jackson,WR,LV,2021,12,0,0,0.0,0,,0,4,3,53,0.1053,0.141,35,33,19.2,7.54,19.2
00-0026189,DeSean Jackson,WR,LV,2021,13,0,0,0.0,0,,0,1,1,13,0.0278,0.0364,16,25,2.4,1.75,2.4
00-0026189,DeSean Jackson,WR,LV,2021,14,0,0,0.0,0,,0,2,1,42,0.0465,0.2176,12,20,2.9,3.32,2.9
00-0026189,DeSean Jackson,WR,LV,2021,15,0,0,0.0,0,,0,3,1,65,0.0833,0.1964,25,24,2.1,5.39,2.1
00-0026189,DeSean Jackson,WR,LV,2021,16,0,0,0.0,0,,0,5,4,36,0.2,0.2553,40,36,8.4,7.45,8.4
00-0026189,DeSean Jackson,WR,LV,2021,17,0,0,0.0,0,,0,3,1,57,0.0938,0.1845,27,30,1.5,4.94,1.5
00-0026197,Chad Henne,QB,KC,2021,7,16,11,4.048,0,3.274,1,0,0,0.0,0.0,0.0,13,11,3.7,6.56,3.68
00-0026197,Chad Henne,QB,KC,2021,10,0,0,0.0,0,,2,0,0,0.0,0.0,0.0,25,30,-0.2,-0.2,-0.2
00-0026197,Chad Henne,QB,KC,2021,14,0,0,0.0,0,,3,0,0,0.0,0.0,0.0,30,29,-0.2,-0.3,-0.2
00-0026197,Chad Henne,QB,KC,2021,16,0,0,0.0,0,,2,0,0,0.0,0.0,0.0,35,39,0.0,0.0,0.0
00-0026300,Josh Johnson,QB,NYJ,2021,8,4,2,-1.343,0,-24.128,0,0,0,0.0,0.0,0.0,27,34,0.7,3.4,0.68
00-0026300,Josh Johnson,QB,NYJ,2021,9,41,27,14.43,2,-2.972,4,0,0,0.0,0.0,0.0,21,20,24.5,17.8,23.76
00-0026300,Josh Johnson,QB,BAL,2021,16,40,28,14.301,1,7.338,5,0,0,0.0,0.0,0.0,16,14,19.2,18.48,19.16
00-0026498,Matthew Stafford,QB,LA,2021,1,26,20,18.849,1,8.264,5,0,0,0.0,0.0,0.0,23,18,24.3,19.23,24.34
00-0026498,Matthew Stafford,QB,LA,2021,2,30,19,11.934,1,-4.287,2,0,0,0.0,0.0,0.0,29,26,17.2,14.95,17.22
00-0026498,Matthew Stafford,QB,LA,2021,3,38,27,17.669,1,1.0,2,0,0,0.0,0.0,0.0,24,24,29.5,20.11,29.52
00-0026498,Matthew Stafford,QB,LA,2021,4,41,26,2.385,0,-2.191,6,0,0,0.0,0.0,0.0,23,22,19.3,32.55,19.3
00-0026498,Matthew Stafford,QB,LA,2021,5,37,25,14.056,1,9.665,1,0,0,0.0,0.0,0.0,29,30,16.5,20.94,16.5
00-0026498,Matthew Stafford,QB,LA,2021,6,28,22,18.572,2,11.725,2,0,0,0.0,0.0,0.0,34,32,25.2,19.57,25.24
00-0026498,Matthew Stafford,QB,LA,2021,7,41,28,15.092,1,0.695,2,0,0,0.0,0.0,0.0,19,20,27.2,26.42,27.16
00-0026498,Matthew Stafford,QB,LA,2021,8,32,21,16.189,0,-2.506,0,0,0,0.0,0.0,0.0,31,31,24.2,28.7,24.2
00-0026498,Matthew Stafford,QB,LA,2021,9,48,31,-20.004,5,-7.168,2,0,0,0.0,0.0,0.0,21,23,13.1,24.83,13.06
00-0026498,Matthew Stafford,QB,LA,2021,10,41,26,-8.79,2,-2.126,1,0,0,0.0,0.0,0.0,10,15,9.8,22.73,9.82
00-0026498,Matthew Stafford,QB,LA,2021,12,38,21,-2.325,2,-8.513,1,0,0,0.0,0.0,0.0,20,24,22.0,14.61,23.98
00-0026498,Matthew Stafford,QB,LA,2021,13,38,26,13.036,1,1.928,1,0,0,0.0,0.0,0.0,27,29,24.0,27.94,24.0
00-0026498,Matthew Stafford,QB,LA,2021,14,30,23,14.54,3,8.759,0,0,0,0.0,0.0,0.0,21,20,23.5,20.16,23.48
00-0026498,Matthew Stafford,QB,LA,2021,15,29,21,-2.443,4,-0.25,3,0,0,0.0,0.0,0.0,29,28,15.5,12.02,15.46
00-0026498,Matthew Stafford,QB,LA,2021,16,37,21,-9.772,0,-10.125,3,0,0,0.0,0.0,0.0,33,30,6.7,21.34,6.68
00-0026498,Matthew Stafford,QB,LA,2021,17,35,26,6.035,1,3.866,1,0,0,0.0,0.0,0.0,20,22,14.3,14.92,16.26
00-0026498,Matthew Stafford,QB,LA,2021,18,32,21,12.573,5,-1.976,0,0,0,0.0,0.0,0.0,27,30,17.5,15.9,17.52
00-0026544,Chase Daniel,QB,LAC,2021,14,0,0,0.0,0,,2,0,0,0.0,0.0,0.0,37,35,-0.2,-0.2,-0.2
00-0026625,Brian Hoyer,QB,NE,2021,7,4,3,8.096,0,16.591,3,0,0,0.0,0.0,0.0,32,36,2.9,1.73,2.86
00-0026625,Brian Hoyer,QB,NE,2021,9,0,0,0.0,0,,3,0,0,0.0,0.0,0.0,39,38,-0.3,-0.3,-0.3
00-0026625,Brian Hoyer,QB,NE,2021,10,3,3,7.706,0,36.747,2,0,0,0.0,0.0,0.0,34,36,7.2,1.21,7.2
00-0026625,Brian Hoyer,QB,NE,2021,12,0,0,0.0,0,,1,0,0,0.0,0.0,0.0,24,25,-0.1,-0.1,-0.1
00-0026625,Brian Hoyer,QB,NE,2021,17,4,3,5.075,0,-4.497,2,0,0,0.0,0.0,0.0,36,32,2.6,1.75,2.62
00-0027061,Jared Cook,TE,LAC,2021,1,0,0,0.0,0,,0,8,5,67,0.1739,0.1841,29,25,10.6,16.04,10.6
00-0027061,Jared Cook,TE,LAC,2021,2,0,0,0.0,0,,0,5,3,34,0.125,0.1339,19,25,5.8,8.07,5.8
00-0027061,Jared Cook,TE,LAC,2021,3,0,0,0.0,0,,0,3,2,21,0.0857,0.0901,22,23,4.7,5.09,4.7
00-0027061,Jared Cook,TE,LAC,2021,4,0,0,0.0,0,,0,7,6,65,0.1842,0.209,34,36,19.0,12.57,19.0
00-0027061,Jared Cook,TE,LAC,2021,5,0,0,0.0,0,,0,3,1,32,0.0714,0.078,23,24,3.9,4.3,3.9
00-0027061,Jared Cook,TE,LAC,2021,6,0,0,0.0,0,,0,7,4,54,0.1795,0.2126,12,15,12.5,13.24,12.5
00-0027061,Jared Cook,TE,LAC,2021,8,0,0,0.0,0,,0,5,2,35,0.1471,0.108,20,24,4.5,7.07,4.5
00-0027061,Jared Cook,TE,LAC,2021,9,0,0,0.0,0,,0,4,4,13,0.1081,0.0605,27,25,10.8,7.07,10.8
00-0027061,Jared Cook,TE,LAC,2021,10,0,0,0.0,0,,0,3,1,24,0.0909,0.1263,19,20,2.0,4.38,2.0
00-0027061,Jared Cook,TE,LAC,2021,11,0,0,0.0,0,,0,5,3,35,0.122,0.1598,26,20,5.8,8.26,5.8
00-0027061,Jared Cook,TE,LAC,2021,12,0,0,0.0,0,,0,5,2,52,0.1136,0.1812,17,21,10.5,8.62,10.5
00-0027061,Jared Cook,TE,LAC,2021,13,0,0,0.0,0,,0,4,3,49,0.1143,0.1328,22,27,5.9,6.63,5.9
00-0027061,Jared Cook,TE,LAC,2021,14,0,0,0.0,0,,0,5,2,26,0.1667,0.1083,37,35,8.8,14.29,8.8
00-0027061,Jared Cook,TE,LAC,2021,15,0,0,0.0,0,,0,7,3,43,0.1892,0.1261,39,37,6.2,14.9,6.2
00-0027061,Jared Cook,TE,LAC,2021,16,0,0,0.0,0,,0,5,3,41,0.1471,0.1608,21,25,9.4,8.85,9.4
00-0027061,Jared Cook,TE,LAC,2021,18,0,0,0.0,0,,0,7,4,94,0.1094,0.1494,21,24,12.0,13.8,12.0
00-0027656,Rob Gronkowski,TE,TB,2021,1,0,0,0.0,0,,0,8,8,53,0.1778,0.1188,14,20,29.0,16.84,29.0
00-0027656,Rob Gronkowski,TE,TB,2021,2,0,0,0.0,0,,0,5,4,47,0.1429,0.1354,21,24,19.9,13.1,19.9
00-0027656,Rob Gronkowski,TE,TB,2021,3,0,0,0.0,0,,0,8,4,94,0.1481,0.2461,13,21,9.5,15.82,9.5
00-0027656,Rob Gronkowski,TE,TB,2021,8,0,0,0.0,0,,0,1,0,11,0.0244,0.0324,14,18,0.0,3.94,0.0
00-0027656,Rob Gronkowski,TE,TB,2021,11,0,0,0.0,0,,0,8,6,65,0.1702,0.1857,27,28,13.1,14.01,13.1
00-0027656,Rob Gronkowski,TE,TB,2021,12,0,0,0.0,0,,0,9,7,86,0.2647,0.4479,27,31,19.3,16.3,19.3
00-0027656,Rob Gronkowski,TE,TB,2021,13,0,0,0.0,0,,0,8,4,77,0.1569,0.2377,17,24,21.8,16.35,21.8
00-0027656,Rob Gronkowski,TE,TB,2021,14,0,0,0.0,0,,0,9,5,113,0.1957,0.3256,29,26,11.2,17.29,11.2
00-0027656,Rob Gronkowski,TE,TB,2021,15,0,0,0.0,0,,0,11,2,122,0.2292,0.3058,21,29,4.9,18.48,4.9
00-0027656,Rob Gronkowski,TE,TB,2021,16,0,0,0.0,0,,0,2,1,21,0.069,0.0769,31,31,3.3,5.94,3.3
00-0027656,Rob Gronkowski,TE,TB,2021,17,0,0,0.0,0,,0,10,7,94,0.2041,0.1854,21,27,18.5,17.53,18.5
00-0027656,Rob Gronkowski,TE,TB,2021,18,0,0,0.0,0,,0,10,7,114,0.2632,0.3677,20,20,20.7,17.71,20.7
00-0027685,Emmanuel Sanders,WR,BUF,2021,1,0,0,0.0,0,,0,8,4,149,0.1667,0.306,25,18,9.2,14.58,9.2
00-0027685,Emmanuel Sanders,WR,BUF,2021,2,0,0,0.0,0,,0,6,2,94,0.2069,0.2994,30,27,6.8,12.82,6.8
00-0027685,Emmanuel Sanders,WR,BUF,2021,3,0,0,0.0,0,,0,6,5,95,0.1395,0.2334,33,28,26.4,13.39,26.4
00-0027685,Emmanuel Sanders,WR,BUF,2021,4,0,0,0.0,0,,1,6,5,79,0.1935,0.2915,40,31,13.1,13.01,13.1
00-0027685,Emmanuel Sanders,WR,BUF,2021,5,0,0,0.0,0,,0,5,3,79,0.2083,0.2705,28,21,20.4,14.0,20.4
00-0027685,Emmanuel Sanders,WR,BUF,2021,6,0,0,0.0,0,,0,8,5,177,0.1778,0.4597,23,20,14.1,17.61,14.1
00-0027685,Emmanuel Sanders,WR,BUF,2021,8,0,0,0.0,0,,0,4,0,108,0.0976,0.4219,23,22,0.0,8.99,0.0
00-0027685,Emmanuel Sanders,WR,BUF,2021,9,0,0,0.0,0,,0,8,4,107,0.1778,0.3728,14,18,10.5,15.14,10.5
00-0027685,Emmanuel Sanders,WR,BUF,2021,10,0,0,0.0,0,,1,2,2,22,0.0714,0.0608,24,21,7.1,4.44,7.1
00-0027685,Emmanuel Sanders,WR,BUF,2021,11,0,0,0.0,0,,0,5,3,55,0.1282,0.1971,13,16,5.6,7.49,5.6
00-0027685,Emmanuel Sanders,WR,BUF,2021,12,0,0,0.0,0,,0,3,3,19,0.1154,0.1124,32,27,5.8,5.77,5.8
00-0027685,Emmanuel Sanders,WR,BUF,2021,13,0,0,0.0,0,,0,6,3,56,0.2,0.1801,25,22,5.2,8.85,5.2
00-0027685,Emmanuel Sanders,WR,BUF,2021,14,0,0,0.0,0,,0,1,1,21,0.0196,0.0775,19,13,3.5,2.02,3.5
00-0027685,Emmanuel Sanders,WR,BUF,2021,16,0,0,0.0,0,,0,4,2,16,0.093,0.0514,28,22,4.0,8.99,4.0
00-0027688,Colt McCoy,QB,ARI,2021,4,0,0,0.0,0,,2,0,0,0.0,0.0,0.0,40,36,-0.2,-0.2,-0.2
00-0027688,Colt McCoy,QB,ARI,2021,6,0,0,0.0,0,,3,0,0,0.0,0.0,0.0,37,28,-0.3,-0.3,-0.3
00-0027688,Colt McCoy,QB,ARI,2021,7,0,0,0.0,0,,2,0,0,0.0,0.0,0.0,37,29,-0.1,-0.2,-0.1
00-0027688,Colt McCoy,QB,ARI,2021,9,26,22,13.322,2,12.563,7,0,0,0.0,0.0,0.0,39,36,16.3,10.58,16.26
00-0027688,Colt McCoy,QB,ARI,2021,10,20,11,-15.44,2,-12.646,1,0,0,0.0,0.0,0.0,20,19,0.2,6.43,1.82
00-0027688,Colt McCoy,QB,ARI,2021,11,44,35,15.774,2,8.462,6,0,0,0.0,0.0,0.0,33,33,22.9,20.56,22.92
00-0027688,Colt McCoy,QB,ARI,2021,15,9,6,0.657,0,-9.854,1,0,0,0.0,0.0,0.0,21,18,2.5,5.93,2.54
00-0027691,Andre Roberts,WR,HOU,2021,2,0,0,0.0,0,,0,2,1,29,0.0714,0.1066,28,29,4.5,3.31,4.5
00-0027691,Andre Roberts,WR,LAC,2021,9,0,0,0.0,0,,1,0,0,0.0,0.0,0.0,27,25,0.9,0.73,0.9
00-0027691,Andre Roberts,WR,LAC,2021,11,0,0,0.0,0,,1,0,0,0.0,0.0,0.0,26,20,0.4,0.85,0.4
00-0027691,Andre Roberts,WR,LAC,2021,15,0,0,0.0,0,,1,0,0,0.0,0.0,0.0,39,37,0.6,0.64,0.6
00-0027696,Jimmy Graham,TE,CHI,2021,1,0,0,0.0,0,,0,2,1,12,0.05,0.071,26,27,2.1,3.03,2.1
00-0027696,Jimmy Graham,TE,CHI,2021,3,0,0,0.0,0,,0,1,0,-4,0.05,-0.0351,13,12,0.0,0.95,0.0
00-0027696,Jimmy Graham,TE,CHI,2021,9,0,0,0.0,0,,0,3,1,43,0.1034,0.0973,26,19,3.8,5.24,3.8
00-0027696,Jimmy Graham,TE,CHI,2021,11,0,0,0.0,0,,0,3,2,5,0.0909,0.012,20,16,4.5,3.97,4.5
00-0027696,Jimmy Graham,TE,CHI,2021,12,0,0,0.0,0,,0,3,2,42,0.0811,0.1214,29,24,11.4,9.38,11.4
00-0027696,Jimmy Graham,TE,CHI,2021,13,0,0,0.0,0,,0,1,1,0.0,0.025,0.0,27,34,9.1,5.28,9.1
00-0027696,Jimmy Graham,TE,CHI,2021,14,0,0,0.0,0,,0,3,2,8,0.0938,0.0311,23,20,2.9,3.93,2.9
00-0027696,Jimmy Graham,TE,CHI,2021,15,0,0,0.0,0,,0,2,1,20,0.0556,0.068,28,26,2.3,4.27,2.3
00-0027696,Jimmy Graham,TE,CHI,2021,16,0,0,0.0,0,,0,2,2,21,0.0571,0.1061,30,33,11.0,3.52,11.0
00-0027696,Jimmy Graham,TE,CHI,2021,17,0,0,0.0,0,,0,1,0,25,0.0303,0.0906,27,26,0.0,3.07,0.0
00-0027696,Jimmy Graham,TE,CHI,2021,18,0,0,0.0,0,,0,2,2,12,0.0435,0.0361,25,29,3.6,3.0,3.6
00-0027793,Antonio Brown,WR,TB,2021,1,0,0,0.0,0,,1,7,5,144,0.1556,0.3229,14,20,23.7,15.51,23.7
00-0027793,Antonio Brown,WR,TB,2021,2,0,0,0.0,0,,0,3,1,63,0.0857,0.1816,21,24,2.7,7.8,2.7
00-0027793,Antonio Brown,WR,TB,2021,4,0,0,0.0,0,,0,11,7,119,0.2558,0.2593,30,29,13.3,19.08,13.3
00-0027793,Antonio Brown,WR,TB,2021,5,0,0,0.0,0,,0,8,7,84,0.1905,0.1871,25,28,31.4,15.92,31.4
00-0027793,Antonio Brown,WR,TB,2021,6,0,0,0.0,0,,0,13,9,147,0.3095,0.5194,31,36,24.3,26.06,24.3
00-0027793,Antonio Brown,WR,TB,2021,16,0,0,0.0,0,,0,15,10,145,0.5172,0.5311,31,31,20.1,24.63,20.1
00-0027793,Antonio Brown,WR,TB,2021,17,0,0,0.0,0,,0,5,3,32,0.102,0.0631,21,27,5.6,8.35,5.6
00-0027939,Cam Newton,QB,CAR,2021,10,4,3,-0.903,0,-1.735,3,0,0,0.0,0.0,0.0,37,45,11.7,7.7,11.72
00-0027939,Cam Newton,QB,CAR,2021,11,27,21,2.644,1,8.549,10,0,0,0.0,0.0,0.0,21,18,26.2,13.97,26.16
00-0027939,Cam Newton,QB,CAR,2021,12,21,5,-13.059,1,-42.538,3,0,0,0.0,0.0,0.0,18,16,6.2,12.7,6.18
00-0027939,Cam Newton,QB,CAR,2021,14,23,15,-3.534,1,-6.092,10,0,0,0.0,0.0,0.0,26,16,13.8,11.99,13.82
00-0027939,Cam Newton,QB,CAR,2021,15,38,18,-15.164,4,-15.914,15,0,0,0.0,0.0,0.0,29,17,23.3,24.65,23.34
00-0027939,Cam Newton,QB,CAR,2021,16,13,7,-9.712,3,-14.183,5,0,0,0.0,0.0,0.0,15,14,4.6,8.55,4.64
00-0027939,Cam Newton,QB,CAR,2021,17,0,0,0.0,0,,1,0,0,0.0,0.0,0.0,26,30,0.5,0.7,0.5
00-0027942,A.J. Green,WR,ARI,2021,1,0,0,0.0,0,,0,6,2,53,0.1875,0.2023,33,32,4.5,11.18,4.5
00-0027942,A.J. Green,WR,ARI,2021,2,0,0,0.0,0,,0,6,3,52,0.1765,0.1757,21,21,13.4,12.28,13.4
00-0027942,A.J. Green,WR,ARI,2021,3,0,0,0.0,0,,0,6,5,106,0.1765,0.4046,30,30,16.2,12.1,16.2
00-0027942,A.J. Green,WR,ARI,2021,4,0,0,0.0,0,,0,6,5,52,0.2069,0.2261,40,36,17.7,11.29,17.7
00-0027942,A.J. Green,WR,ARI,2021,5,0,0,0.0,0,,0,2,1,14,0.0714,0.0609,27,20,2.3,5.39,2.3
00-0027942,A.J. Green,WR,ARI,2021,6,0,0,0.0,0,,0,6,5,98,0.2143,0.3712,37,28,18.9,12.81,18.9
00-0027942,A.J. Green,WR,ARI,2021,7,0,0,0.0,0,,0,3,3,64,0.1071,0.253,37,29,9.6,6.29,9.6
00-0027942,A.J. Green,WR,ARI,2021,8,0,0,0.0,0,,0,8,5,88,0.2581,0.2895,20,15,10.0,15.52,10.0
00-0027942,A.J. Green,WR,ARI,2021,10,0,0,0.0,0,,0,5,1,44,0.1724,0.1973,20,19,1.4,8.3,1.4
00-0027942,A.J. Green,WR,ARI,2021,11,0,0,0.0,0,,0,7,4,100,0.1591,0.4975,33,33,11.8,11.87,11.8
00-0027942,A.J. Green,WR,ARI,2021,13,0,0,0.0,0,,0,1,1,14,0.0667,0.2414,35,25,2.4,1.76,2.4
00-0027942,A.J. Green,WR,ARI,2021,14,0,0,0.0,0,,0,10,7,124,0.2041,0.2455,22,22,17.2,18.94,17.2
00-0027942,A.J. Green,WR,ARI,2021,15,0,0,0.0,0,,0,8,4,72,0.1667,0.2149,21,18,10.4,17.06,10.4
00-0027942,A.J. Green,WR,ARI,2021,16,0,0,0.0,0,,0,3,1,46,0.0769,0.1691,21,25,4.3,5.46,4.3
00-0027942,A.J. Green,WR,ARI,2021,17,0,0,0.0,0,,0,6,3,99,0.1622,0.2765,32,28,10.4,13.64,10.4
00-0027942,A.J. Green,WR,ARI,2021,18,0,0,0.0,0,,0,9,4,83,0.2308,0.3294,28,33,6.3,16.43,6.3
00-0027944,Julio Jones,WR,TEN,2021,1,0,0,0.0,0,,0,6,3,66,0.1667,0.2409,22,26,5.9,11.09,5.9
00-0027944,Julio Jones,WR,TEN,2021,2,0,0,0.0,0,,0,8,6,121,0.2051,0.301,40,45,18.8,16.33,18.8
00-0027944,Julio Jones,WR,TEN,2021,3,0,0,0.0,0,,0,4,3,55,0.1538,0.3125,37,35,7.7,7.98,7.7
00-0027944,Julio Jones,WR,TEN,2021,6,0,0,0.0,0,,0,5,3,84,0.2,0.3307,22,22,8.9,8.74,8.9
00-0027944,Julio Jones,WR,TEN,2021,7,0,0,0.0,0,,0,4,2,41,0.1481,0.199,35,36,5.8,8.36,5.8
00-0027944,Julio Jones,WR,TEN,2021,9,0,0,0.0,0,,0,4,4,14,0.1538,0.1284,26,26,7.5,6.41,7.5
00-0027944,Julio Jones,WR,TEN,2021,14,0,0,0.0,0,,0,6,4,35,0.2,0.2381,34,29,7.3,9.56,7.3
00-0027944,Julio Jones,WR,TEN,2021,15,0,0,0.0,0,,0,1,0,4,0.0312,0.0181,42,46,0.0,3.6,0.0
00-0027944,Julio Jones,WR,TEN,2021,16,0,0,0.0,0,,0,1,1,4,0.0333,0.0156,24,23,1.7,1.38,1.7
00-0027944,Julio Jones,WR,TEN,2021,18,0,0,0.0,0,,0,9,5,155,0.2812,0.474,32,32,16.8,18.84,16.8
00-0027948,Blaine Gabbert,QB,TB,2021,2,0,0,0.0,0,,3,0,0,0.0,0.0,0.0,21,24,-0.3,-0.3,-0.3
00-0027948,Blaine Gabbert,QB,TB,2021,5,3,3,3.948,0,36.257,3,0,0,0.0,0.0,0.0,25,28,1.5,1.3,1.54
00-0027948,Blaine Gabbert,QB,TB,2021,7,3,2,-0.653,0,-10.22,0,0,0,0.0,0.0,0.0,31,34,0.6,1.03,0.6
00-0027948,Blaine Gabbert,QB,TB,2021,11,2,2,0.147,1,27.13,2,0,0,0.0,0.0,0.0,27,28,0.2,0.49,0.24
00-0027948,Blaine Gabbert,QB,TB,2021,16,1,0,-1.08,0,-47.086,0,0,0,0.0,0.0,0.0,31,31,0.0,0.57,0.0
00-0027948,Blaine Gabbert,QB,TB,2021,18,2,0,-2.169,0,-46.558,1,0,0,0.0,0.0,0.0,20,20,-0.1,1.62,-0.1
00-0027966,Mark Ingram,RB,HOU,2021,1,0,0,0.0,0,,26,1,0,19,0.0312,0.0597,41,41,14.5,21.72,14.5
00-0027966,Mark Ingram,RB,HOU,2021,2,0,0,0.0,0,,14,2,1,6,0.0714,0.0221,28,29,5.0,15.17,5.0
00-0027966,Mark Ingram,RB,HOU,2021,3,0,0,0.0,0,,6,1,1,-2,0.04,-0.0105,17,17,3.0,4.3,3.0
00-0027966,Mark Ingram,RB,HOU,2021,4,0,0,0.0,0,,6,0,0,0.0,0.0,0.0,18,19,2.4,2.93,2.4
00-0027966,Mark Ingram,RB,HOU,2021,5,0,0,0.0,0,,16,0,0,0.0,0.0,0.0,24,28,4.1,7.74,4.1
00-0027966,Mark Ingram,RB,HOU,2021,6,0,0,0.0,0,,18,2,2,-9,0.0476,-0.0323,29,32,10.1,10.92,10.1
00-0027966,Mark Ingram,RB,HOU,2021,7,0,0,0.0,0,,6,3,3,5,0.0968,0.0327,15,23,5.7,6.79,5.7
00-0027966,Mark Ingram,RB,NO,2021,8,0,0,0.0,0,,6,2,2,-7,0.0571,-0.037,32,31,7.2,5.92,7.2
00-0027966,Mark Ingram,RB,NO,2021,9,0,0,0.0,0,,9,5,5,-4,0.119,-0.0121,25,33,11.4,10.97,11.4
00-0027966,Mark Ingram,RB,NO,2021,10,0,0,0.0,0,,14,7,4,2,0.2,0.0061,21,20,20.8,21.47,20.8
00-0027966,Mark Ingram,RB,NO,2021,11,0,0,0.0,0,,16,8,6,-7,0.2222,-0.0256,22,27,15.3,19.95,15.3
00-0027966,Mark Ingram,RB,NO,2021,13,0,0,0.0,0,,10,2,1,-8,0.0488,-0.0274,26,11,3.6,7.64,3.6
00-0027966,Mark Ingram,RB,NO,2021,15,0,0,0.0,0,,9,2,2,4,0.08,0.0165,31,24,3.8,6.43,3.8
00-0027966,Mark Ingram,RB,NO,2021,16,0,0,0.0,0,,4,0,0,0.0,0.0,0.0,23,21,1.7,1.81,1.7
00-0027973,Andy Dalton,QB,CHI,2021,1,38,27,-10.919,3,-5.007,2,0,0,0.0,0.0,0.0,26,27,5.5,13.2,7.54
00-0027973,Andy Dalton,QB,CHI,2021,2,11,9,2.595,1,14.762,2,0,0,0.0,0.0,0.0,34,27,8.7,5.89,8.74
00-0027973,Andy Dalton,QB,CHI,2021,5,1,1,1.592,0,27.814,0,0,0,0.0,0.0,0.0,37,36,0.3,0.26,0.32
00-0027973,Andy Dalton,QB,CHI,2021,11,23,11,5.974,1,-15.272,0,0,0,0.0,0.0,0.0,20,16,16.0,8.28,16.04
00-0027973,Andy Dalton,QB,CHI,2021,12,39,24,11.954,1,-2.301,6,0,0,0.0,0.0,0.0,29,24,15.8,20.86,15.78
00-0027973,Andy Dalton,QB,CHI,2021,13,41,26,-15.302,3,-5.639,2,0,0,0.0,0.0,0.0,27,34,11.8,21.53,11.76
00-0027973,Andy Dalton,QB,CHI,2021,17,35,18,-4.849,2,-9.395,3,0,0,0.0,0.0,0.0,27,26,10.3,19.11,10.32
00-0027973,Andy Dalton,QB,CHI,2021,18,48,33,-21.1,7,0.546,1,0,0,0.0,0.0,0.0,25,29,15.7,22.47,15.7
00-0027981,Kyle Rudolph,TE,NYG,2021,1,0,0,0.0,0,,0,5,2,34,0.1389,0.1111,20,17,2.8,9.5,2.8
00-0027981,Kyle Rudolph,TE,NYG,2021,2,0,0,0.0,0,,0,2,2,23,0.0625,0.0641,28,18,4.5,3.49,4.5
00-0027981,Kyle Rudolph,TE,NYG,2021,4,0,0,0.0,0,,0,3,2,16,0.0833,0.0427,20,20,4.4,6.61,4.4
00-0027981,Kyle Rudolph,TE,NYG,2021,5,0,0,0.0,0,,0,1,1,14,0.027,0.0355,25,21,2.4,1.99,2.4
00-0027981,Kyle Rudolph,TE,NYG,2021,6,0,0,0.0,0,,0,2,1,12,0.0417,0.0343,18,16,3.8,4.04,3.8
00-0027981,Kyle Rudolph,TE,NYG,2021,7,0,0,0.0,0,,0,2,2,0.0,0.0606,0.0,31,16,2.8,6.37,2.8
00-0027981,Kyle Rudolph,TE,NYG,2021,8,0,0,0.0,0,,0,3,2,6,0.0909,0.0476,20,20,9.2,9.28,9.2
00-0027981,Kyle Rudolph,TE,NYG,2021,9,0,0,0.0,0,,0,5,4,13,0.2778,0.1111,31,24,6.0,7.65,6.0
00-0027981,Kyle Rudolph,TE,NYG,2021,11,0,0,0.0,0,,0,1,1,17,0.027,0.0644,13,16,3.8,2.0,3.8
00-0027981,Kyle Rudolph,TE,NYG,2021,13,0,0,0.0,0,,0,4,2,6,0.1053,0.0183,17,27,3.8,5.07,3.8
00-0027981,Kyle Rudolph,TE,NYG,2021,14,0,0,0.0,0,,0,2,2,23,0.0588,0.0747,26,31,8.6,2.64,8.6
00-0027981,Kyle Rudolph,TE,NYG,2021,15,0,0,0.0,0,,0,1,1,9,0.0278,0.0293,24,29,1.9,1.44,1.9
00-0027981,Kyle Rudolph,TE,NYG,2021,16,0,0,0.0,0,,0,1,0,15,0.0244,0.0628,27,26,0.0,1.5,0.0
00-0027981,Kyle Rudolph,TE,NYG,2021,17,0,0,0.0,0,,0,1,0,22,0.0909,0.4,40,41,0.0,1.48,0.0
00-0027981,Kyle Rudolph,TE,NYG,2021,18,0,0,0.0,0,,0,6,4,30,0.2,0.1395,25,24,5.7,7.73,5.7
00-0028002,Randall Cobb,WR,GB,2021,1,0,0,0.0,0,,1,1,1,29,0.0303,0.0881,15,17,4.3,2.42,4.3
00-0028002,Randall Cobb,WR,GB,2021,2,0,0,0.0,0,,0,3,3,25,0.1111,0.0969,31,31,5.6,5.02,5.6
00-0028002,Randall Cobb,WR,GB,2021,3,0,0,0.0,0,,0,1,0,3,0.0323,0.0085,25,29,0.0,3.74,0.0
00-0028002,Randall Cobb,WR,GB,2021,4,0,0,0.0,0,,0,6,5,71,0.1714,0.2064,33,34,23.9,13.16,23.9
00-0028002,Randall Cobb,WR,GB,2021,5,0,0,0.0,0,,0,3,2,31,0.0857,0.0888,22,31,5.0,6.95,5.0
00-0028002,Randall Cobb,WR,GB,2021,7,0,0,0.0,0,,0,4,3,20,0.1176,0.098,15,18,5.2,7.07,5.2
00-0028002,Randall Cobb,WR,GB,2021,8,0,0,0.0,0,,0,5,3,11,0.1429,0.0667,34,38,16.5,18.89,16.5
00-0028002,Randall Cobb,WR,GB,2021,9,0,0,0.0,0,,0,5,3,62,0.1562,0.2288,25,24,8.0,7.57,8.0
00-0028002,Randall Cobb,WR,GB,2021,10,0,0,0.0,0,,0,4,3,8,0.1143,0.0345,32,36,5.1,6.9,5.1
00-0028002,Randall Cobb,WR,GB,2021,11,0,0,0.0,0,,0,2,1,12,0.0645,0.046,19,21,2.5,3.03,2.5
00-0028002,Randall Cobb,WR,GB,2021,12,0,0,0.0,0,,0,5,4,35,0.1136,0.0822,32,35,19.5,10.25,19.5
00-0028042,Luke Stocker,TE,MIN,2021,8,0,0,0.0,0,,0,1,1,1,0.0303,0.0046,24,22,1.7,1.58,1.7
00-0028042,Luke Stocker,TE,MIN,2021,9,0,0,0.0,0,,0,1,1,5,0.0357,0.0219,24,26,1.5,1.68,1.5
00-0028097,Lee Smith,TE,ATL,2021,2,0,0,0.0,0,,0,1,1,6,0.0208,0.0323,20,28,1.9,1.66,1.9
00-0028097,Lee Smith,TE,ATL,2021,3,0,0,0.0,0,,0,3,3,2,0.0833,0.0135,20,29,9.7,6.85,9.7
00-0028097,Lee Smith,TE,ATL,2021,5,0,0,0.0,0,,0,3,3,18,0.0667,0.0508,29,37,6.0,4.85,6.0
00-0028097,Lee Smith,TE,ATL,2021,7,0,0,0.0,0,,0,2,1,9,0.0513,0.0245,22,21,1.7,3.37,1.7
00-0028097,Lee Smith,TE,ATL,2021,14,0,0,0.0,0,,0,1,1,2,0.037,0.0094,36,39,2.2,1.49,2.2
00-0028097,Lee Smith,TE,ATL,2021,15,0,0,0.0,0,,0,1,0,1,0.0333,0.0039,23,21,0.0,4.4,0.0
00-0028118,Tyrod Taylor,QB,HOU,2021,1,33,21,14.054,1,1.718,4,0,0,0.0,0.0,0.0,41,41,23.6,25.78,23.64
00-0028118,Tyrod Taylor,QB,HOU,2021,2,11,10,8.903,0,19.013,1,0,0,0.0,0.0,0.0,28,29,16.5,4.31,16.5
00-0028118,Tyrod Taylor,QB,HOU,2021,9,43,24,-14.547,5,-3.396,3,0,0,0.0,0.0,0.0,18,18,5.9,21.31,5.9
00-0028118,Tyrod Taylor,QB,HOU,2021,11,24,14,-0.297,0,-8.935,6,0,0,0.0,0.0,0.0,38,35,19.1,17.6,19.08
00-0028118,Tyrod Taylor,QB,HOU,2021,12,26,17,-12.88,5,-1.892,2,0,0,0.0,0.0,0.0,24,27,15.3,9.05,15.32
00-0028118,Tyrod Taylor,QB,HOU,2021,13,13,5,-10.108,2,-30.703,3,0,0,0.0,0.0,0.0,19,15,1.3,5.17,1.3
00-0028237,Chris Hogan,WR,NO,2021,1,0,0,0.0,0,,0,1,1,10,0.05,0.0658,39,35,8.0,3.38,8.0
00-0028237,Chris Hogan,WR,NO,2021,2,0,0,0.0,0,,0,3,1,2,0.1429,0.0126,17,15,2.6,3.33,2.6
00-0028237,Chris Hogan,WR,NO,2021,3,0,0,0.0,0,,0,1,0,13,0.05,0.064,38,32,0.0,1.62,0.0
00-0028237,Chris Hogan,WR,NO,2021,4,0,0,0.0,0,,0,2,2,11,0.0769,0.057,39,33,3.5,3.24,3.5
00-0028237,Chris Hogan,WR,NO,2021,5,0,0,0.0,0,,0,1,0,13,0.0357,0.0356,23,21,0.0,1.67,0.0
00-0028986,Case Keenum,QB,CLE,2021,3,0,0,0.0,0,,3,0,0,0.0,0.0,0.0,42,42,0.0,0.23,0.0
00-0028986,Case Keenum,QB,CLE,2021,6,3,1,-3.926,0,-38.031,0,0,0,0.0,0.0,0.0,19,22,0.2,0.66,0.24
00-0028986,Case Keenum,QB,CLE,2021,7,33,21,4.764,1,-1.416,4,0,0,0.0,0.0,0.0,33,34,12.7,17.13,12.66
00-0028986,Case Keenum,QB,CLE,2021,10,12,8,-4.334,3,4.092,0,0,0,0.0,0.0,0.0,20,27,3.2,4.33,3.24
00-0028986,Case Keenum,QB,CLE,2021,18,24,17,-4.781,1,2.857,5,0,0,0.0,0.0,0.0,41,39,12.5,14.1,14.54
00-0029000,Cole Beasley,WR,BUF,2021,1,0,0,0.0,0,,0,13,8,78,0.2708,0.1602,25,18,14.0,20.66,14.0
00-0029000,Cole Beasley,WR,BUF,2021,2,0,0,0.0,0,,0,4,4,11,0.1379,0.035,30,27,7.6,6.64,7.6
00-0029000,Cole Beasley,WR,BUF,2021,3,0,0,0.0,0,,0,13,11,78,0.3023,0.1916,33,28,20.8,23.6,20.8
00-0029000,Cole Beasley,WR,BUF,2021,4,0,0,0.0,0,,0,2,2,3,0.0645,0.0111,40,31,3.6,2.98,3.6
00-0029000,Cole Beasley,WR,BUF,2021,5,0,0,0.0,0,,0,2,1,13,0.0833,0.0445,28,21,1.5,3.43,1.5
00-0029000,Cole Beasley,WR,BUF,2021,6,0,0,0.0,0,,0,9,7,60,0.2,0.1558,23,20,21.8,16.07,21.8
00-0029000,Cole Beasley,WR,BUF,2021,8,1,0,-0.478,0,-33.298,0,13,10,75,0.3171,0.293,23,22,21.0,22.54,21.0
00-0029000,Cole Beasley,WR,BUF,2021,9,0,0,0.0,0,,0,11,8,64,0.2444,0.223,14,18,11.3,19.29,11.3
00-0029000,Cole Beasley,WR,BUF,2021,10,0,0,0.0,0,,0,2,2,2,0.0714,0.0055,24,21,3.5,2.91,3.5
00-0029000,Cole Beasley,WR,BUF,2021,11,0,0,0.0,0,,0,5,4,25,0.1282,0.0896,13,16,6.3,7.38,6.3
00-0029000,Cole Beasley,WR,BUF,2021,12,0,0,0.0,0,,0,5,5,33,0.1923,0.1953,32,27,9.6,8.03,9.6
00-0029000,Cole Beasley,WR,BUF,2021,13,0,0,0.0,0,,0,3,1,13,0.1,0.0418,25,22,2.1,3.54,2.1
00-0029000,Cole Beasley,WR,BUF,2021,14,0,0,0.0,0,,0,11,9,43,0.2157,0.1587,19,13,15.4,15.55,15.4
00-0029000,Cole Beasley,WR,BUF,2021,15,0,0,0.0,0,,0,8,4,45,0.2581,0.1505,27,24,7.5,11.65,7.5
00-0029000,Cole Beasley,WR,BUF,2021,17,0,0,0.0,0,,0,6,2,61,0.25,0.2596,44,28,6.2,12.13,6.2
00-0029000,Cole Beasley,WR,BUF,2021,18,0,0,0.0,0,,0,5,4,26,0.1111,0.0621,33,28,7.1,6.93,7.1
00-0029119,Derek Carrier,TE,LV,2021,2,0,0,0.0,0,,0,2,2,7,0.0541,0.0231,25,25,3.3,2.91,3.3
00-0029239,Brandon Bolden,RB,NE,2021,1,0,0,0.0,0,,1,0,0,0.0,0.0,0.0,30,38,0.5,0.46,0.5
00-0029239,Brandon Bolden,RB,NE,2021,3,0,0,0.0,0,,3,4,3,22,0.0784,0.0348,17,18,5.2,8.76,5.2
00-0029239,Brandon Bolden,RB,NE,2021,4,0,0,0.0,0,,1,6,6,-14,0.1429,-0.0645,8,15,11.1,10.08,11.1
00-0029239,Brandon Bolden,RB,NE,2021,5,0,0,0.0,0,,2,4,4,-5,0.1429,-0.0213,30,31,7.1,7.43,7.1
00-0029239,Brandon Bolden,RB,NE,2021,6,0,0,0.0,0,,1,1,1,3,0.0476,0.0174,27,29,1.2,1.75,1.2
00-0029239,Brandon Bolden,RB,NE,2021,7,0,0,0.0,0,,2,7,6,-6,0.175,-0.0176,32,36,19.9,13.03,19.9
00-0029239,Brandon Bolden,RB,NE,2021,8,0,0,0.0,0,,4,0,0,0.0,0.0,0.0,39,37,2.6,1.83,2.6
00-0029239,Brandon Bolden,RB,NE,2021,9,0,0,0.0,0,,8,2,2,19,0.1111,0.1881,39,38,10.1,6.81,10.1
00-0029239,Brandon Bolden,RB,NE,2021,10,0,0,0.0,0,,3,3,3,-6,0.12,-0.0335,34,36,10.0,6.39,10.0
00-0029239,Brandon Bolden,RB,NE,2021,11,0,0,0.0,0,,1,2,2,1,0.0769,0.0062,30,27,3.6,3.89,3.6
00-0029239,Brandon Bolden,RB,NE,2021,12,0,0,0.0,0,,0,4,4,-6,0.125,-0.0252,24,25,9.4,5.72,9.4
00-0029239,Brandon Bolden,RB,NE,2021,13,0,0,0.0,0,,4,1,1,-3,0.3333,-0.2,46,39,6.5,4.86,6.5
00-0029239,Brandon Bolden,RB,NE,2021,15,0,0,0.0,0,,4,5,3,3,0.1136,0.0063,19,18,7.4,10.89,7.4
00-0029239,Brandon Bolden,RB,NE,2021,16,0,0,0.0,0,,2,5,2,17,0.1613,0.0541,27,23,4.4,7.71,4.4
00-0029239,Brandon Bolden,RB,NE,2021,17,0,0,0.0,0,,1,3,2,-6,0.0909,-0.0242,36,32,4.5,5.05,4.5
00-0029239,Brandon Bolden,RB,NE,2021,18,0,0,0.0,0,,7,2,2,-5,0.0667,-0.0206,27,29,20.6,6.23,20.6
00-0029263,Russell Wilson,QB,SEA,2021,1,23,18,12.115,3,19.51,5,0,0,0.0,0.0,0.0,27,23,27.1,16.16,27.06
00-0029263,Russell Wilson,QB,SEA,2021,2,31,22,8.28,3,6.518,3,0,0,0.0,0.0,0.0,18,16,23.3,16.17,23.32
00-0029263,Russell Wilson,QB,SEA,2021,3,32,23,0.711,2,13.777,3,0,0,0.0,0.0,0.0,18,19,16.6,17.45,16.62
00-0029263,Russell Wilson,QB,SEA,2021,4,23,16,-4.567,3,4.335,4,0,0,0.0,0.0,0.0,28,27,22.6,10.66,22.56
00-0029263,Russell Wilson,QB,SEA,2021,5,16,11,-2.174,2,7.978,2,0,0,0.0,0.0,0.0,25,25,9.1,7.64,9.08
00-0029263,Russell Wilson,QB,SEA,2021,10,40,20,-20.467,3,-9.241,5,0,0,0.0,0.0,0.0,16,15,5.6,22.54,5.64
00-0029263,Russell Wilson,QB,SEA,2021,11,26,14,-4.868,4,-5.585,2,0,0,0.0,0.0,0.0,19,18,8.5,12.76,8.48
00-0029263,Russell Wilson,QB,SEA,2021,12,31,20,3.768,2,0.892,2,0,0,0.0,0.0,0.0,12,16,19.5,14.82,19.48
00-0029263,Russell Wilson,QB,SEA,2021,13,37,30,-0.127,4,14.154,3,0,0,0.0,0.0,0.0,27,29,16.7,20.35,16.74
00-0029263,Russell Wilson,QB,SEA,2021,14,28,17,15.856,0,-0.672,2,0,0,0.0,0.0,0.0,29,27,21.2,17.32,21.2
00-0029263,Russell Wilson,QB,SEA,2021,15,31,17,-11.613,3,-3.262,0,0,0,0.0,0.0,0.0,19,24,4.2,12.23,4.24
00-0029263,Russell Wilson,QB,SEA,2021,16,27,16,1.835,2,-3.624,2,0,0,0.0,0.0,0.0,24,25,16.5,13.43,16.54
00-0029263,Russell Wilson,QB,SEA,2021,17,29,20,15.237,1,5.382,6,0,0,0.0,0.0,0.0,41,34,27.8,20.49,27.84
00-0029263,Russell Wilson,QB,SEA,2021,18,26,15,2.625,1,0.385,4,0,0,0.0,0.0,0.0,30,26,24.0,17.5,26.02
00-0029269,Travis Benjamin,WR,SF,2021,5,0,0,0.0,0,,0,3,0,60,0.1071,0.2299,28,12,0.0,5.93,0.0
00-0029269,Travis Benjamin,WR,SF,2021,14,0,0,0.0,0,,0,1,0,52,0.027,0.144,23,16,0.0,1.62,0.0
00-0029269,Travis Benjamin,WR,SF,2021,18,0,0,0.0,0,,0,1,0,29,0.0312,0.099,31,24,0.0,2.19,0.0
00-0029293,Marvin Jones,WR,JAX,2021,1,0,0,0.0,0,,0,9,5,108,0.18,0.2596,16,19,18.7,18.8,18.7
00-0029293,Marvin Jones,WR,JAX,2021,2,0,0,0.0,0,,0,11,6,175,0.3333,0.4321,16,16,17.5,18.31,17.5
00-0029293,Marvin Jones,WR,JAX,2021,3,0,0,0.0,0,,0,8,6,60,0.25,0.2206,29,29,12.2,13.22,12.2
00-0029293,Marvin Jones,WR,JAX,2021,4,0,0,0.0,0,,0,3,3,20,0.1364,0.0926,30,21,5.4,4.72,5.4
00-0029293,Marvin Jones,WR,JAX,2021,5,0,0,0.0,0,,0,6,1,91,0.1818,0.3625,31,25,3.5,12.36,3.5
00-0029293,Marvin Jones,WR,JAX,2021,6,0,0,0.0,0,,0,10,7,129,0.25,0.4216,19,20,23.0,15.48,23.0
00-0029293,Marvin Jones,WR,JAX,2021,8,0,0,0.0,0,,0,8,5,63,0.1538,0.2258,19,23,8.5,13.04,8.5
00-0029293,Marvin Jones,WR,JAX,2021,9,0,0,0.0,0,,0,5,3,53,0.1852,0.2585,27,24,5.1,9.52,5.1
00-0029293,Marvin Jones,WR,JAX,2021,10,0,0,0.0,0,,0,6,2,113,0.1714,0.3373,24,19,5.5,9.32,5.5
00-0029293,Marvin Jones,WR,JAX,2021,11,0,0,0.0,0,,0,6,4,83,0.25,0.4346,16,14,9.2,9.4,9.2
00-0029293,Marvin Jones,WR,JAX,2021,12,0,0,0.0,0,,0,7,4,101,0.1707,0.2405,28,26,8.3,12.11,8.3
00-0029293,Marvin Jones,WR,JAX,2021,13,0,0,0.0,0,,0,3,2,25,0.1071,0.2137,25,19,3.1,3.87,3.1
00-0029293,Marvin Jones,WR,JAX,2021,14,0,0,0.0,0,,0,7,6,56,0.1892,0.1667,8,10,13.0,10.13,13.0
00-0029293,Marvin Jones,WR,JAX,2021,15,0,0,0.0,0,,0,4,2,56,0.1111,0.2137,25,23,3.4,8.31,3.4
00-0029293,Marvin Jones,WR,JAX,2021,16,0,0,0.0,0,,0,13,8,147,0.3714,0.392,31,23,15.4,24.27,15.4
00-0029293,Marvin Jones,WR,JAX,2021,17,0,0,0.0,0,,0,6,2,76,0.2308,0.3918,17,18,6.6,9.65,6.6
00-0029293,Marvin Jones,WR,JAX,2021,18,0,0,0.0,0,,0,8,7,82,0.25,0.4432,31,26,21.8,18.0,21.8
00-0029567,Nick Foles,QB,CHI,2021,16,35,24,5.539,4,2.478,4,0,0,0.0,0.0,0.0,30,33,16.8,18.76,16.8
00-0029604,Kirk Cousins,QB,MIN,2021,1,49,36,10.873,3,6.755,0,0,0,0.0,0.0,0.0,22,31,22.0,15.95,22.04
00-0029604,Kirk Cousins,QB,MIN,2021,2,32,22,6.98,1,-1.524,2,0,0,0.0,0.0,0.0,27,28,25.3,14.84,25.26
00-0029604,Kirk Cousins,QB,MIN,2021,3,38,30,19.217,1,6.371,1,0,0,0.0,0.0,0.0,34,37,25.1,22.0,25.12
00-0029604,Kirk Cousins,QB,MIN,2021,4,38,20,-9.819,2,-11.322,2,0,0,0.0,0.0,0.0,23,22,10.1,15.05,10.12
00-0029604,Kirk Cousins,QB,MIN,2021,5,34,25,5.684,2,6.464,1,0,0,0.0,0.0,0.0,28,33,13.4,14.59,13.4
00-0029604,Kirk Cousins,QB,MIN,2021,6,48,33,13.884,0,9.551,2,0,0,0.0,0.0,0.0,36,34,28.5,29.1,28.52
00-0029604,Kirk Cousins,QB,MIN,2021,8,35,23,-9.926,1,-2.685,3,0,0,0.0,0.0,0.0,24,22,13.2,14.76,13.16
00-0029604,Kirk Cousins,QB,MIN,2021,9,28,17,7.667,0,-2.212,1,0,0,0.0,0.0,0.0,24,26,21.6,16.94,21.58
00-0029604,Kirk Cousins,QB,MIN,2021,10,37,25,6.642,2,3.093,4,0,0,0.0,0.0,0.0,33,32,17.5,21.35,19.46
00-0029604,Kirk Cousins,QB,MIN,2021,11,35,24,20.693,2,5.005,2,0,0,0.0,0.0,0.0,29,28,25.2,18.77,25.24
00-0029604,Kirk Cousins,QB,MIN,2021,12,32,20,-1.374,1,-2.486,0,0,0,0.0,0.0,0.0,18,26,15.5,20.01,15.52
00-0029604,Kirk Cousins,QB,MIN,2021,13,40,30,4.44,3,6.855,2,0,0,0.0,0.0,0.0,27,29,20.2,24.58,22.2
00-0029604,Kirk Cousins,QB,MIN,2021,14,31,14,-9.677,0,-18.474,2,0,0,0.0,0.0,0.0,36,34,14.0,20.0,14.04
00-0029604,Kirk Cousins,QB,MIN,2021,15,24,12,-6.696,4,-3.923,2,0,0,0.0,0.0,0.0,33,33,10.5,15.07,10.48
00-0029604,Kirk Cousins,QB,MIN,2021,16,38,27,2.084,3,6.912,4,0,0,0.0,0.0,0.0,22,23,16.3,19.48,16.3
00-0029604,Kirk Cousins,QB,MIN,2021,18,22,14,8.122,3,4.183,1,0,0,0.0,0.0,0.0,22,22,21.9,9.5,21.9
00-0029608,T.Y. Hilton,WR,IND,2021,6,0,0,0.0,0,,0,4,4,67,0.2222,0.2746,26,25,12.0,6.53,12.0
00-0029608,T.Y. Hilton,WR,IND,2021,8,0,0,0.0,0,,0,5,2,87,0.1042,0.1719,20,24,3.6,10.72,3.6
00-0029608,T.Y. Hilton,WR,IND,2021,10,0,0,0.0,0,,0,5,1,60,0.1515,0.3614,27,31,1.5,7.92,1.5
00-0029608,T.Y. Hilton,WR,IND,2021,11,0,0,0.0,0,,0,2,2,11,0.1,0.094,46,45,4.6,2.5,4.6
00-0029608,T.Y. Hilton,WR,IND,2021,12,0,0,0.0,0,,0,5,4,25,0.1163,0.0613,20,24,12.8,10.35,12.8
00-0029608,T.Y. Hilton,WR,IND,2021,13,0,0,0.0,0,,0,2,2,20,0.0909,0.1299,48,44,4.2,3.63,4.2
00-0029608,T.Y. Hilton,WR,IND,2021,15,0,0,0.0,0,,0,1,1,5,0.0833,0.0446,39,30,2.9,1.5,2.9
00-0029608,T.Y. Hilton,WR,IND,2021,16,0,0,0.0,0,,0,5,4,61,0.1786,0.3211,33,31,15.1,10.92,15.1
00-0029608,T.Y. Hilton,WR,IND,2021,17,0,0,0.0,0,,0,3,1,71,0.125,0.4494,26,28,11.5,6.35,11.5
00-0029608,T.Y. Hilton,WR,IND,2021,18,0,0,0.0,0,,0,5,2,69,0.1724,0.2308,18,20,5.9,8.11,5.9
00-0029632,Mohamed Sanu,WR,SF,2021,1,0,0,0.0,0,,0,1,1,5,0.0435,0.0303,28,23,1.7,2.06,1.7
00-0029632,Mohamed Sanu,WR,SF,2021,2,0,0,0.0,0,,0,1,0,12,0.0333,0.1008,38,30,0.0,1.02,0.0
00-0029632,Mohamed Sanu,WR,SF,2021,3,0,0,0.0,0,,0,6,3,48,0.1579,0.1839,21,12,6.6,8.76,6.6
00-0029632,Mohamed Sanu,WR,SF,2021,4,0,0,0.0,0,,0,5,4,27,0.1282,0.0767,29,21,7.5,7.31,7.5
00-0029632,Mohamed Sanu,WR,SF,2021,5,0,0,0.0,0,,0,3,2,34,0.1071,0.1303,28,12,3.9,4.67,3.9
00-0029632,Mohamed Sanu,WR,SF,2021,7,0,0,0.0,0,,0,1,1,13,0.037,0.0549,24,24,2.6,1.78,2.6
00-0029632,Mohamed Sanu,WR,SF,2021,8,0,0,0.0,0,,0,4,3,53,0.1481,0.2137,26,23,8.9,7.07,8.9
00-0029632,Mohamed Sanu,WR,SF,2021,9,0,0,0.0,0,,0,3,1,35,0.0769,0.0986,11,17,1.5,5.08,1.5
00-0029664,Josh Gordon,WR,KC,2021,5,0,0,0.0,0,,0,1,1,11,0.02,0.0303,23,19,2.1,1.35,2.1
00-0029664,Josh Gordon,WR,KC,2021,7,0,0,0.0,0,,0,1,0,21,0.0208,0.0561,13,11,0.0,2.0,0.0
00-0029664,Josh Gordon,WR,KC,2021,8,0,0,0.0,0,,0,1,0,5,0.0233,0.0151,27,30,0.0,3.57,0.0
00-0029664,Josh Gordon,WR,KC,2021,9,0,0,0.0,0,,0,1,0,16,0.0278,0.0483,25,29,0.0,2.0,0.0
00-0029664,Josh Gordon,WR,KC,2021,11,0,0,0.0,0,,0,2,1,10,0.0606,0.0505,26,20,1.7,3.36,1.7
00-0029664,Josh Gordon,WR,KC,2021,14,0,0,0.0,0,,0,3,2,12,0.1364,0.0845,30,29,8.9,7.29,8.9
00-0029664,Josh Gordon,WR,KC,2021,16,0,0,0.0,0,,0,3,0,58,0.1034,0.2283,35,39,0.0,6.39,0.0
00-0029664,Josh Gordon,WR,KC,2021,17,0,0,0.0,0,,0,1,1,5,0.0294,0.0168,23,21,1.5,1.45,1.5
00-0029664,Josh Gordon,WR,KC,2021,18,0,0,0.0,0,,0,1,0,15,0.0238,0.054,29,25,0.0,1.72,0.0
00-0029701,Ryan Tannehill,QB,TEN,2021,1,35,21,-19.696,6,-6.563,2,0,0,0.0,0.0,0.0,22,26,14.2,20.25,18.18
00-0029701,Ryan Tannehill,QB,TEN,2021,2,40,27,7.436,3,5.375,4,0,0,0.0,0.0,0.0,40,45,14.6,21.2,16.58
00-0029701,Ryan Tannehill,QB,TEN,2021,3,27,18,3.295,1,1.169,5,0,0,0.0,0.0,0.0,37,35,21.5,17.07,21.48
00-0029701,Ryan Tannehill,QB,TEN,2021,4,49,30,0.258,7,-2.352,3,0,0,0.0,0.0,0.0,37,44,18.8,24.34,18.82
00-0029701,Ryan Tannehill,QB,TEN,2021,5,22,14,6.579,3,0.214,3,0,0,0.0,0.0,0.0,36,32,14.0,12.67,13.98
00-0029701,Ryan Tannehill,QB,TEN,2021,6,29,18,7.008,0,2.606,2,0,0,0.0,0.0,0.0,22,22,12.9,13.81,12.94
00-0029701,Ryan Tannehill,QB,TEN,2021,7,27,21,14.039,1,14.949,2,0,0,0.0,0.0,0.0,35,36,19.4,20.75,19.4
00-0029701,Ryan Tannehill,QB,TEN,2021,8,33,23,7.834,3,2.531,2,0,0,0.0,0.0,0.0,31,31,21.2,16.43,21.2
00-0029701,Ryan Tannehill,QB,TEN,2021,9,27,19,-4.239,3,0.418,2,0,0,0.0,0.0,0.0,26,26,14.0,17.94,14.02
00-0029701,Ryan Tannehill,QB,TEN,2021,10,27,19,2.438,2,2.648,5,0,0,0.0,0.0,0.0,29,27,18.6,21.2,18.62
00-0029701,Ryan Tannehill,QB,TEN,2021,11,52,35,-9.989,2,3.791,2,0,0,0.0,0.0,0.0,25,34,9.2,20.93,9.22
00-0029701,Ryan Tannehill,QB,TEN,2021,12,21,11,-9.411,2,-13.227,5,0,0,0.0,0.0,0.0,39,33,8.1,12.88,8.12
00-0029701,Ryan Tannehill,QB,TEN,2021,14,31,20,0.757,4,-3.091,4,0,0,0.0,0.0,0.0,34,29,16.5,18.81,16.54
00-0029701,Ryan Tannehill,QB,TEN,2021,15,32,23,-8.647,4,5.22,5,0,0,0.0,0.0,0.0,42,46,9.9,23.19,9.92
00-0029701,Ryan Tannehill,QB,TEN,2021,16,29,22,7.757,4,11.919,3,0,0,0.0,0.0,0.0,24,23,14.6,13.4,14.56
00-0029701,Ryan Tannehill,QB,TEN,2021,17,18,13,1.508,1,6.767,4,0,0,0.0,0.0,0.0,40,39,13.5,12.48,13.5
00-0029701,Ryan Tannehill,QB,TEN,2021,18,32,23,18.736,1,7.872,2,0,0,0.0,0.0,0.0,32,32,27.3,17.47,27.28
00-0029738,Darren Fells,TE,DET,2021,1,0,0,0.0,0,,0,1,1,0.0,0.0179,0.0,24,36,1.2,1.42,1.2
00-0029738,Darren Fells,TE,DET,2021,3,0,0,0.0,0,,0,3,2,22,0.1071,0.1667,27,35,5.5,4.17,5.5
00-0029738,Darren Fells,TE,DET,2021,7,0,0,0.0,0,,0,1,1,2,0.0312,0.0142,28,33,1.6,1.53,1.6
00-0030035,Adam Thielen,WR,MIN,2021,1,0,0,0.0,0,,0,10,9,73,0.2128,0.2325,22,31,30.2,17.56,30.2
00-0030035,Adam Thielen,WR,MIN,2021,2,0,0,0.0,0,,0,7,6,28,0.2188,0.1379,27,28,15.9,13.67,15.9
00-0030035,Adam Thielen,WR,MIN,2021,3,0,0,0.0,0,,0,9,6,59,0.2368,0.3122,34,37,17.0,19.61,17.0
00-0030035,Adam Thielen,WR,MIN,2021,4,0,0,0.0,0,,0,8,3,124,0.2222,0.3875,23,22,7.6,13.74,7.6
00-0030035,Adam Thielen,WR,MIN,2021,5,0,0,0.0,0,,0,3,2,52,0.0968,0.2047,28,33,6.0,5.93,6.0
00-0030035,Adam Thielen,WR,MIN,2021,6,0,0,0.0,0,,1,13,11,122,0.2889,0.3271,36,34,29.8,24.47,29.8
00-0030035,Adam Thielen,WR,MIN,2021,8,0,0,0.0,0,,0,9,6,78,0.2727,0.3562,24,22,19.8,15.85,19.8
00-0030035,Adam Thielen,WR,MIN,2021,9,0,0,0.0,0,,0,7,2,73,0.25,0.3202,24,26,8.6,14.64,8.6
00-0030035,Adam Thielen,WR,MIN,2021,10,0,0,0.0,0,,0,7,5,59,0.2,0.2235,33,32,11.5,12.77,11.5
00-0030035,Adam Thielen,WR,MIN,2021,11,0,0,0.0,0,,0,10,8,110,0.2941,0.2709,29,28,22.2,17.55,22.2
00-0030035,Adam Thielen,WR,MIN,2021,12,0,0,0.0,0,,0,7,5,73,0.2188,0.3274,18,26,23.2,16.03,23.2
00-0030035,Adam Thielen,WR,MIN,2021,13,0,0,0.0,0,,0,2,1,25,0.0488,0.0742,27,29,1.0,3.26,1.0
00-0030035,Adam Thielen,WR,MIN,2021,16,0,0,0.0,0,,0,3,3,27,0.0857,0.0763,22,23,7.0,5.4,7.0
00-0030061,Zach Ertz,TE,PHI,2021,1,0,0,0.0,0,,0,2,2,31,0.0625,0.2422,31,30,5.4,3.33,5.4
00-0030061,Zach Ertz,TE,PHI,2021,2,0,0,0.0,0,,0,2,1,7,0.0833,0.0207,29,22,1.6,6.13,1.6
00-0030061,Zach Ertz,TE,PHI,2021,3,0,0,0.0,0,,0,7,4,50,0.1842,0.1805,12,11,15.3,13.5,15.3
00-0030061,Zach Ertz,TE,PHI,2021,4,0,0,0.0,0,,0,8,6,59,0.1818,0.1715,19,19,12.0,15.07,12.0
00-0030061,Zach Ertz,TE,PHI,2021,5,0,0,0.0,0,,0,6,1,72,0.1765,0.2474,22,19,1.7,8.9,1.7
00-0030061,Zach Ertz,TE,PHI,2021,6,0,0,0.0,0,,0,6,4,30,0.25,0.1056,19,12,12.9,11.86,12.9
00-0030061,Zach Ertz,TE,ARI,2021,7,0,0,0.0,0,,1,5,3,63,0.1786,0.249,37,29,16.0,12.96,16.0
00-0030061,Zach Ertz,TE,ARI,2021,8,0,0,0.0,0,,0,4,4,19,0.129,0.0625,20,15,8.2,6.28,8.2
00-0030061,Zach Ertz,TE,ARI,2021,9,0,0,0.0,0,,0,5,3,3,0.1923,0.025,39,36,5.7,7.4,5.7
00-0030061,Zach Ertz,TE,ARI,2021,10,0,0,0.0,0,,0,6,4,60,0.2069,0.2691,20,19,8.6,8.98,8.6
00-0030061,Zach Ertz,TE,ARI,2021,11,0,0,0.0,0,,0,9,8,50,0.2045,0.2488,33,33,28.8,19.36,28.8
00-0030061,Zach Ertz,TE,ARI,2021,13,0,0,0.0,0,,0,2,1,15,0.1333,0.2586,35,25,2.0,3.5,2.0
00-0030061,Zach Ertz,TE,ARI,2021,14,0,0,0.0,0,,0,7,5,41,0.1429,0.0812,22,22,9.2,15.53,9.2
00-0030061,Zach Ertz,TE,ARI,2021,15,0,0,0.0,0,,0,11,6,102,0.2292,0.3045,21,18,13.4,19.13,13.4
00-0030061,Zach Ertz,TE,ARI,2021,16,0,0,0.0,0,,0,13,8,80,0.3333,0.2941,21,25,13.4,20.98,13.4
00-0030061,Zach Ertz,TE,ARI,2021,17,0,0,0.0,0,,0,9,7,48,0.2432,0.1341,32,28,11.1,17.43,11.1
00-0030061,Zach Ertz,TE,ARI,2021,18,0,0,0.0,0,,0,10,7,114,0.2564,0.4524,28,33,15.4,18.55,15.4
00-0030068,Marquise Goodwin,WR,CHI,2021,1,0,0,0.0,0,,1,4,4,28,0.1,0.1657,26,27,8.3,7.11,8.3
00-0030068,Marquise Goodwin,WR,CHI,2021,2,0,0,0.0,0,,0,3,1,30,0.1304,0.1714,34,27,2.0,4.88,2.0
00-0030068,Marquise Goodwin,WR,CHI,2021,3,0,0,0.0,0,,0,1,0,14,0.05,0.1228,13,12,0.0,1.23,0.0
00-0030068,Marquise Goodwin,WR,CHI,2021,4,0,0,0.0,0,,1,2,0,7,0.1176,0.0302,39,36,0.1,5.53,0.1
00-0030068,Marquise Goodwin,WR,CHI,2021,5,0,0,0.0,0,,0,2,1,38,0.1,0.19,37,36,1.8,3.57,1.8
00-0030068,Marquise Goodwin,WR,CHI,2021,6,0,0,0.0,0,,0,1,1,10,0.04,0.0306,26,21,2.2,1.4,2.2
00-0030068,Marquise Goodwin,WR,CHI,2021,7,0,0,0.0,0,,0,4,2,20,0.129,0.0971,29,28,3.6,5.96,3.6
00-0030068,Marquise Goodwin,WR,CHI,2021,8,0,0,0.0,0,,0,3,2,33,0.1111,0.1196,36,28,5.2,5.17,5.2
00-0030068,Marquise Goodwin,WR,CHI,2021,9,0,0,0.0,0,,0,4,1,102,0.1379,0.2308,26,19,6.0,6.38,6.0
00-0030068,Marquise Goodwin,WR,CHI,2021,11,0,0,0.0,0,,0,8,4,118,0.2424,0.283,20,16,20.4,11.84,20.4
00-0030068,Marquise Goodwin,WR,CHI,2021,12,0,0,0.0,0,,0,1,0,23,0.027,0.0665,29,24,0.0,2.87,0.0
00-0030068,Marquise Goodwin,WR,CHI,2021,16,0,0,0.0,0,,0,2,2,14,0.0571,0.0707,30,33,4.3,2.92,4.3
00-0030068,Marquise Goodwin,WR,CHI,2021,17,0,0,0.0,0,,0,2,0,13,0.0606,0.0471,27,26,0.0,6.22,0.0
00-0030068,Marquise Goodwin,WR,CHI,2021,18,0,0,0.0,0,,0,3,2,25,0.0652,0.0753,25,29,3.3,4.99,3.3
00-0030085,Kenny Stills,WR,NO,2021,3,0,0,0.0,0,,0,3,1,85,0.15,0.4187,38,32,2.7,6.91,2.7
00-0030085,Kenny Stills,WR,NO,2021,4,0,0,0.0,0,,0,1,0,3,0.0385,0.0155,39,33,0.0,1.46,0.0
00-0030085,Kenny Stills,WR,NO,2021,5,0,0,0.0,0,,1,5,2,80,0.1786,0.2192,23,21,3.8,9.34,3.8
00-0030085,Kenny Stills,WR,NO,2021,7,0,0,0.0,0,,0,3,0,106,0.0938,0.3569,31,33,0.0,6.72,0.0
00-0030085,Kenny Stills,WR,NO,2021,9,0,0,0.0,0,,0,5,2,103,0.119,0.3112,25,33,11.0,11.21,11.0
00-0030085,Kenny Stills,WR,NO,2021,13,0,0,0.0,0,,0,5,0,49,0.122,0.1678,26,11,0.0,7.58,0.0
00-0030085,Kenny Stills,WR,NO,2021,16,0,0,0.0,0,,0,1,1,4,0.0556,0.0526,23,21,1.4,1.29,1.4
00-0030108,Ryan Griffin,TE,NYJ,2021,1,0,0,0.0,0,,0,6,3,24,0.1667,0.0667,17,19,5.2,8.44,5.2
00-0030108,Ryan Griffin,TE,NYJ,2021,2,0,0,0.0,0,,0,2,2,6,0.0606,0.0199,31,30,3.0,2.93,3.0
00-0030108,Ryan Griffin,TE,NYJ,2021,3,0,0,0.0,0,,0,1,1,4,0.0303,0.0148,13,15,1.5,1.4,1.5
00-0030108,Ryan Griffin,TE,NYJ,2021,4,0,0,0.0,0,,0,4,1,29,0.1176,0.0909,25,25,1.8,9.42,1.8
00-0030108,Ryan Griffin,TE,NYJ,2021,5,0,0,0.0,0,,0,2,1,4,0.0645,0.0145,18,22,1.4,2.93,1.4
00-0030108,Ryan Griffin,TE,NYJ,2021,7,0,0,0.0,0,,0,2,1,39,0.0488,0.15,17,30,2.5,3.78,2.5
00-0030108,Ryan Griffin,TE,NYJ,2021,8,0,0,0.0,0,,0,1,1,6,0.0204,0.0351,27,34,1.7,1.61,1.7
00-0030108,Ryan Griffin,TE,NYJ,2021,9,0,0,0.0,0,,0,7,4,34,0.1346,0.0783,21,20,12.8,11.43,12.8
00-0030108,Ryan Griffin,TE,NYJ,2021,10,0,0,0.0,0,,0,2,1,16,0.0435,0.0489,22,33,3.1,3.06,3.1
00-0030108,Ryan Griffin,TE,NYJ,2021,11,0,0,0.0,0,,0,4,3,6,0.1143,0.0197,18,19,6.9,5.62,6.9
00-0030108,Ryan Griffin,TE,NYJ,2021,12,0,0,0.0,0,,0,4,3,24,0.1739,0.233,34,33,5.0,6.78,5.0
00-0030108,Ryan Griffin,TE,NYJ,2021,13,0,0,0.0,0,,0,2,2,14,0.0556,0.0453,17,20,9.5,5.62,9.5
00-0030108,Ryan Griffin,TE,NYJ,2021,14,0,0,0.0,0,,0,3,2,8,0.075,0.0262,17,17,4.8,3.94,4.8
00-0030108,Ryan Griffin,TE,NYJ,2021,15,0,0,0.0,0,,0,2,2,9,0.0909,0.0667,24,19,5.9,2.92,5.9
00-0030155,Demetrius Harris,TE,ARI,2021,1,0,0,0.0,0,,0,3,0,25,0.0938,0.0954,33,32,0.0,7.49,0.0
00-0030155,Demetrius Harris,TE,ARI,2021,13,0,0,0.0,0,,0,2,2,-3,0.1333,-0.0517,35,25,2.7,2.98,2.7
00-0030155,Demetrius Harris,TE,ARI,2021,16,0,0,0.0,0,,0,1,1,0.0,0.0256,0.0,21,25,1.3,1.35,1.3
00-0030181,Jack Doyle,TE,IND,2021,1,0,0,0.0,0,,0,4,3,16,0.1143,0.0769,30,38,5.1,5.8,5.1
00-0030181,Jack Doyle,TE,IND,2021,2,0,0,0.0,0,,0,8,5,44,0.2286,0.1497,26,23,13.4,15.41,13.4
00-0030181,Jack Doyle,TE,IND,2021,3,0,0,0.0,0,,0,2,1,12,0.0588,0.0606,18,22,2.0,3.03,2.0
00-0030181,Jack Doyle,TE,IND,2021,4,0,0,0.0,0,,0,1,1,24,0.0312,0.0851,33,34,3.4,1.35,3.4
00-0030181,Jack Doyle,TE,IND,2021,5,0,0,0.0,0,,0,1,1,4,0.0294,0.0196,26,28,1.4,1.47,1.4
00-0030181,Jack Doyle,TE,IND,2021,6,0,0,0.0,0,,0,1,0,4,0.0556,0.0164,26,25,0.0,1.58,0.0
00-0030181,Jack Doyle,TE,IND,2021,7,0,0,0.0,0,,0,1,0,1,0.0385,0.0052,33,33,0.0,5.43,0.0
00-0030181,Jack Doyle,TE,IND,2021,8,0,0,0.0,0,,0,2,2,6,0.0417,0.0119,20,24,9.2,4.87,9.2
00-0030181,Jack Doyle,TE,IND,2021,9,0,0,0.0,0,,0,2,1,18,0.069,0.0669,30,31,7.1,8.74,7.1
00-0030181,Jack Doyle,TE,IND,2021,10,0,0,0.0,0,,0,5,3,31,0.1515,0.1867,27,31,6.1,8.27,6.1
00-0030181,Jack Doyle,TE,IND,2021,11,0,0,0.0,0,,0,5,3,40,0.25,0.3419,46,45,6.0,8.88,6.0
00-0030181,Jack Doyle,TE,IND,2021,12,0,0,0.0,0,,0,7,6,79,0.1628,0.1936,20,24,20.1,14.51,20.1
00-0030181,Jack Doyle,TE,IND,2021,13,0,0,0.0,0,,0,1,1,6,0.0455,0.039,48,44,2.3,1.66,2.3
00-0030181,Jack Doyle,TE,IND,2021,15,0,0,0.0,0,,0,1,1,0.0,0.0833,0.0,39,30,1.0,1.52,1.0
00-0030181,Jack Doyle,TE,IND,2021,18,0,0,0.0,0,,0,2,1,0.0,0.069,0.0,18,20,2.1,2.93,2.1
00-0030279,Keenan Allen,WR,LAC,2021,1,0,0,0.0,0,,0,13,9,112,0.2826,0.3077,29,25,19.0,21.46,19.0
00-0030279,Keenan Allen,WR,LAC,2021,2,0,0,0.0,0,,0,8,4,109,0.2,0.4291,19,25,14.8,14.88,14.8
00-0030279,Keenan Allen,WR,LAC,2021,3,0,0,0.0,0,,0,12,8,53,0.3429,0.2275,22,23,19.0,21.64,19.0
00-0030279,Keenan Allen,WR,LAC,2021,4,0,0,0.0,0,,0,11,7,96,0.2895,0.3087,34,36,10.6,18.7,10.6
00-0030279,Keenan Allen,WR,LAC,2021,5,0,0,0.0,0,,0,9,6,77,0.2143,0.1878,23,24,13.5,14.24,13.5
00-0030279,Keenan Allen,WR,LAC,2021,6,0,0,0.0,0,,0,5,5,26,0.1282,0.1024,12,15,10.0,7.43,10.0
00-0030279,Keenan Allen,WR,LAC,2021,8,0,0,0.0,0,,0,11,6,97,0.3235,0.2994,20,24,19.7,20.69,19.7
00-0030279,Keenan Allen,WR,LAC,2021,9,0,0,0.0,0,,0,13,12,83,0.3514,0.386,27,25,22.4,23.5,22.4
00-0030279,Keenan Allen,WR,LAC,2021,10,0,0,0.0,0,,0,11,8,101,0.3333,0.5316,19,20,17.8,18.26,17.8
00-0030279,Keenan Allen,WR,LAC,2021,11,0,0,0.0,0,,0,13,9,89,0.3171,0.4064,26,20,20.2,21.76,20.2
00-0030279,Keenan Allen,WR,LAC,2021,12,0,0,0.0,0,,0,10,7,75,0.2273,0.2613,17,21,15.5,16.14,15.5
00-0030279,Keenan Allen,WR,LAC,2021,13,0,0,1.053,0,,0,8,5,75,0.2286,0.2033,22,27,22.4,19.82,22.4
00-0030279,Keenan Allen,WR,LAC,2021,15,1,0,-0.493,0,-51.522,0,10,6,133,0.2703,0.39,39,37,19.8,23.28,19.8
00-0030279,Keenan Allen,WR,LAC,2021,16,0,0,0.0,0,,0,6,4,43,0.1765,0.1686,21,25,7.5,9.34,7.5
00-0030279,Keenan Allen,WR,LAC,2021,17,0,0,0.0,0,,0,9,4,89,0.3,0.4759,35,35,14.4,21.3,14.4
00-0030279,Keenan Allen,WR,LAC,2021,18,0,0,0.0,0,,0,8,6,48,0.125,0.0763,21,24,11.2,12.3,11.2
00-0030288,Rex Burkhead,RB,HOU,2021,1,0,0,0.0,0,,0,2,1,-4,0.0625,-0.0126,41,41,1.6,3.1,1.6
00-0030288,Rex Burkhead,RB,HOU,2021,3,0,0,0.0,0,,0,1,1,1,0.04,0.0053,17,17,1.5,1.43,1.5
00-0030288,Rex Burkhead,RB,HOU,2021,4,0,0,0.0,0,,1,0,0,0.0,0.0,0.0,18,19,-0.1,0.42,-0.1
00-0030288,Rex Burkhead,RB,HOU,2021,6,0,0,0.0,0,,0,1,0,1,0.0238,0.0036,29,32,0.0,1.28,0.0
00-0030288,Rex Burkhead,RB,HOU,2021,8,1,0,-0.493,0,,4,4,3,11,0.1111,0.0418,14,20,13.8,11.85,13.8
00-0030288,Rex Burkhead,RB,HOU,2021,9,0,0,0.0,0,,2,0,0,0.0,0.0,0.0,18,18,0.9,2.0,0.9
00-0030288,Rex Burkhead,RB,HOU,2021,11,0,0,0.0,0,,18,0,0,0.0,0.0,0.0,38,35,4.0,9.0,4.0
00-0030288,Rex Burkhead,RB,HOU,2021,12,0,0,0.0,0,,12,3,3,7,0.1154,0.032,24,27,8.4,9.66,8.4
00-0030288,Rex Burkhead,RB,HOU,2021,13,0,0,0.0,0,,8,2,1,-3,0.0769,-0.0208,19,15,5.5,7.26,5.5
00-0030288,Rex Burkhead,RB,HOU,2021,14,0,0,0.0,0,,11,4,4,3,0.0833,0.0114,25,32,10.6,10.6,10.6
00-0030288,Rex Burkhead,RB,HOU,2021,15,0,0,0.0,0,,16,3,1,7,0.1,0.0332,26,27,5.7,11.0,5.7
00-0030288,Rex Burkhead,RB,HOU,2021,16,0,0,0.0,0,,22,2,2,-1,0.0741,-0.0048,36,36,28.9,20.66,28.9
00-0030288,Rex Burkhead,RB,HOU,2021,17,0,0,0.0,0,,16,6,6,8,0.2,0.0412,27,34,13.9,15.99,13.9
00-0030288,Rex Burkhead,RB,HOU,2021,18,0,0,0.0,0,,12,4,3,20,0.125,0.0536,21,23,9.6,13.32,9.6
00-0030431,Robert Woods,WR,LA,2021,1,0,0,0.0,0,,1,4,3,23,0.1538,0.1009,23,18,12.4,12.71,12.4
00-0030431,Robert Woods,WR,LA,2021,2,0,0,0.0,0,,2,9,5,95,0.3103,0.4358,29,26,12.0,17.78,12.0
00-0030431,Robert Woods,WR,LA,2021,3,0,0,0.0,0,,1,6,3,59,0.1579,0.1643,24,24,6.8,11.46,6.8
00-0030431,Robert Woods,WR,LA,2021,4,0,0,0.0,0,,0,6,4,62,0.1463,0.1751,23,22,14.8,11.87,14.8
00-0030431,Robert Woods,WR,LA,2021,5,0,0,0.0,0,,0,14,12,142,0.4,0.3028,29,30,27.0,25.45,27.0
00-0030431,Robert Woods,WR,LA,2021,6,0,0,0.0,0,,0,5,2,46,0.1667,0.1949,34,32,11.1,8.98,11.1
00-0030431,Robert Woods,WR,LA,2021,7,0,0,0.0,0,,0,6,6,35,0.1463,0.0914,19,20,15.0,11.94,15.0
00-0030431,Robert Woods,WR,LA,2021,8,0,0,0.0,0,,3,9,3,43,0.2647,0.1982,31,31,20.7,25.96,20.7
00-0030431,Robert Woods,WR,LA,2021,9,0,0,0.0,0,,1,10,7,58,0.2128,0.2377,21,23,17.4,16.86,17.4
00-0030456,Giovani Bernard,RB,TB,2021,1,0,0,0.0,0,,0,3,2,19,0.0667,0.0426,14,20,3.2,4.76,3.2
00-0030456,Giovani Bernard,RB,TB,2021,2,0,0,0.0,0,,0,2,2,1,0.0571,0.0029,21,24,3.6,3.54,3.6
00-0030456,Giovani Bernard,RB,TB,2021,3,0,0,0.0,0,,0,10,9,-11,0.1852,-0.0288,13,21,20.1,20.5,20.1
00-0030456,Giovani Bernard,RB,TB,2021,5,0,0,0.0,0,,4,2,2,0.0,0.0476,0.0,25,28,11.5,5.81,11.5
00-0030456,Giovani Bernard,RB,TB,2021,6,0,0,0.0,0,,0,2,2,-6,0.0476,-0.0212,31,36,2.4,3.05,2.4
00-0030456,Giovani Bernard,RB,TB,2021,7,0,0,0.0,0,,0,3,2,7,0.0769,0.0243,31,34,2.5,4.85,2.5
00-0030456,Giovani Bernard,RB,TB,2021,8,0,0,0.0,0,,2,1,1,2,0.0244,0.0059,14,18,10.7,3.87,10.7
00-0030456,Giovani Bernard,RB,TB,2021,10,0,0,0.0,0,,1,3,1,13,0.0909,0.0657,13,21,1.8,8.01,1.8
00-0030456,Giovani Bernard,RB,TB,2021,11,0,0,0.0,0,,0,1,1,0.0,0.0213,0.0,27,28,1.3,1.44,1.3
00-0030456,Giovani Bernard,RB,TB,2021,13,0,0,0.0,0,,1,2,1,5,0.0392,0.0154,17,24,2.0,3.38,2.0
00-0030465,Kenjon Barner,RB,TB,2021,18,0,0,0.0,0,,4,0,0,0.0,0.0,0.0,20,20,0.0,1.63,0.0
00-0030496,Le'Veon Bell,RB,BAL,2021,4,0,0,0.0,0,,4,1,0,-2,0.0286,-0.0048,30,24,1.1,3.41,1.1
00-0030496,Le'Veon Bell,RB,BAL,2021,6,0,0,0.0,0,,8,0,0,0.0,0.0,0.0,38,28,7.8,7.32,7.8
00-0030496,Le'Veon Bell,RB,BAL,2021,7,0,0,0.0,0,,5,2,1,2,0.0488,0.0034,24,17,1.4,5.65,1.4
00-0030496,Le'Veon Bell,RB,BAL,2021,9,0,0,0.0,0,,11,0,0,0.0,0.0,0.0,45,29,10.8,7.11,10.8
00-0030496,Le'Veon Bell,RB,BAL,2021,10,0,0,0.0,0,,3,0,0,0.0,0.0,0.0,23,16,0.1,1.56,0.1
00-0030496,Le'Veon Bell,RB,TB,2021,16,0,0,0.0,0,,2,0,0,0.0,0.0,0.0,31,31,-0.1,1.09,-0.1
00-0030496,Le'Veon Bell,RB,TB,2021,17,0,0,0.0,0,,3,3,3,5,0.0612,0.0099,21,27,8.5,6.62,8.5
00-0030496,Le'Veon Bell,RB,TB,2021,18,0,0,0.0,0,,3,1,1,0.0,0.0263,0.0,20,20,8.5,7.08,8.5
00-0030506,Travis Kelce,TE,KC,2021,1,0,0,0.0,0,,0,7,6,54,0.2059,0.1612,23,18,25.6,13.46,25.6
00-0030506,Travis Kelce,TE,KC,2021,2,0,0,0.0,0,,0,8,7,29,0.2667,0.1184,18,17,23.9,12.13,23.9
00-0030506,Travis Kelce,TE,KC,2021,3,0,0,0.0,0,,0,11,7,143,0.275,0.3695,30,28,17.4,18.5,17.4
00-0030506,Travis Kelce,TE,KC,2021,4,0,0,0.0,0,,0,6,4,23,0.2,0.105,32,28,6.3,9.98,6.3
00-0030506,Travis Kelce,TE,KC,2021,5,0,0,0.0,0,,0,10,6,104,0.2,0.2865,23,19,17.7,20.14,17.7
00-0030506,Travis Kelce,TE,KC,2021,6,0,0,0.0,0,,0,11,8,63,0.2391,0.18,28,28,17.9,17.68,17.9
00-0030506,Travis Kelce,TE,KC,2021,7,0,0,0.0,0,,0,12,7,110,0.25,0.2941,13,11,13.5,20.98,13.5
00-0030506,Travis Kelce,TE,KC,2021,8,0,0,0.0,0,,0,6,4,39,0.1395,0.1175,27,30,4.7,10.74,4.7
00-0030506,Travis Kelce,TE,KC,2021,9,0,0,0.0,0,,0,8,5,70,0.2222,0.2115,25,29,17.8,16.97,17.8
00-0030506,Travis Kelce,TE,KC,2021,10,0,0,0.0,0,,0,10,8,53,0.2083,0.1293,25,30,19.9,17.03,19.9
00-0030506,Travis Kelce,TE,KC,2021,11,0,0,0.0,0,,1,8,5,54,0.2424,0.2727,26,20,18.8,15.92,18.8
00-0030506,Travis Kelce,TE,KC,2021,13,0,0,0.0,0,,0,8,3,61,0.2963,0.404,24,25,5.7,13.33,5.7
00-0030506,Travis Kelce,TE,KC,2021,14,0,0,0.0,0,,0,4,3,21,0.1818,0.1479,30,29,5.7,6.6,5.7
00-0030506,Travis Kelce,TE,KC,2021,15,0,0,0.0,0,,0,13,10,105,0.2889,0.3512,20,16,41.1,27.49,41.1
00-0030506,Travis Kelce,TE,KC,2021,17,0,0,0.0,0,,1,7,5,35,0.2059,0.1178,23,21,13.4,17.91,13.4
00-0030506,Travis Kelce,TE,KC,2021,18,0,0,0.0,0,,0,5,4,30,0.119,0.1079,29,25,13.4,10.25,13.4
00-0030513,Latavius Murray,RB,BAL,2021,1,0,0,0.0,0,,10,0,0,0.0,0.0,0.0,34,26,8.8,5.54,8.8
00-0030513,Latavius Murray,RB,BAL,2021,2,0,0,0.0,0,,9,0,0,0.0,0.0,0.0,41,27,9.6,4.72,9.6
00-0030513,Latavius Murray,RB,BAL,2021,3,0,0,0.0,0,,7,0,0,0.0,0.0,0.0,22,15,2.8,3.8,2.8
00-0030513,Latavius Murray,RB,BAL,2021,4,0,0,0.0,0,,18,0,0,0.0,0.0,0.0,30,24,11.9,9.51,11.9
00-0030513,Latavius Murray,RB,BAL,2021,5,0,0,0.0,0,,6,3,2,2,0.0698,0.0065,25,18,5.0,8.4,5.0
00-0030513,Latavius Murray,RB,BAL,2021,6,0,0,0.0,0,,9,2,2,-5,0.0741,-0.0279,38,28,13.6,8.16,13.6
00-0030513,Latavius Murray,RB,BAL,2021,11,0,0,0.0,0,,10,2,2,-1,0.0556,-0.0055,34,35,5.3,7.98,5.3
00-0030513,Latavius Murray,RB,BAL,2021,12,0,0,0.0,0,,8,0,0,0.0,0.0,0.0,43,27,1.4,7.85,1.4
00-0030513,Latavius Murray,RB,BAL,2021,13,0,0,0.0,0,,2,2,2,7,0.0541,0.0286,25,25,5.5,3.94,5.5
00-0030513,Latavius Murray,RB,BAL,2021,14,0,0,0.0,0,,1,0,0,0.0,0.0,0.0,23,19,6.1,3.54,6.1
00-0030513,Latavius Murray,RB,BAL,2021,15,0,0,0.0,0,,7,3,1,-5,0.0769,-0.0206,26,15,6.1,10.69,6.1
00-0030513,Latavius Murray,RB,BAL,2021,16,0,0,0.0,0,,5,1,1,3,0.027,0.0107,16,14,3.4,4.51,3.4
00-0030513,Latavius Murray,RB,BAL,2021,17,0,0,0.0,0,,11,0,0,0.0,0.0,0.0,32,26,3.1,8.44,3.1
00-0030513,Latavius Murray,RB,BAL,2021,18,0,0,0.0,0,,16,0,0,0.0,0.0,0.0,36,24,21.0,8.01,21.0
00-0030520,Mike Glennon,QB,NYG,2021,5,25,16,-2.858,0,4.602,2,0,0,0.0,0.0,0.0,25,21,8.0,18.23,8.04
00-0030520,Mike Glennon,QB,NYG,2021,13,44,23,-12.706,3,-4.33,0,0,0,0.0,0.0,0.0,17,27,5.5,13.5,5.48
00-0030520,Mike Glennon,QB,NYG,2021,14,36,17,-11.39,2,-16.152,1,0,0,0.0,0.0,0.0,26,31,18.3,14.93,20.34
00-0030520,Mike Glennon,QB,NYG,2021,15,24,13,-14.415,0,-12.253,1,0,0,0.0,0.0,0.0,24,29,-2.0,8.05,-2.04
00-0030520,Mike Glennon,QB,NYG,2021,16,27,17,-4.854,0,-0.257,2,0,0,0.0,0.0,0.0,27,26,6.8,9.47,6.82
00-0030520,Mike Glennon,QB,NYG,2021,17,11,4,-35.565,4,-29.181,1,0,0,0.0,0.0,0.0,40,41,-5.7,2.71,-1.74
00-0030525,Tavon Austin,WR,JAX,2021,4,0,0,0.0,0,,0,3,1,23,0.1364,0.1065,30,21,1.8,4.73,1.8
00-0030525,Tavon Austin,WR,JAX,2021,5,0,0,0.0,0,,0,5,5,40,0.1515,0.1594,31,25,10.4,8.04,10.4
00-0030525,Tavon Austin,WR,JAX,2021,6,0,0,0.0,0,,0,1,0,13,0.025,0.0425,19,20,0.0,1.83,0.0
00-0030525,Tavon Austin,WR,JAX,2021,8,0,0,0.0,0,,0,3,1,43,0.0577,0.1541,19,23,1.5,5.02,1.5
00-0030525,Tavon Austin,WR,JAX,2021,11,0,0,0.0,0,,0,2,1,22,0.0833,0.1152,16,14,2.8,3.28,2.8
00-0030525,Tavon Austin,WR,JAX,2021,12,0,0,0.0,0,,0,2,2,12,0.0488,0.0286,28,26,10.1,4.57,10.1
00-0030525,Tavon Austin,WR,JAX,2021,13,0,0,0.0,0,,0,2,1,3,0.0714,0.0256,25,19,1.9,2.9,1.9
00-0030525,Tavon Austin,WR,JAX,2021,14,0,0,0.0,0,,0,5,3,37,0.1351,0.1101,8,10,4.7,6.61,4.7
00-0030525,Tavon Austin,WR,JAX,2021,15,0,0,0.0,0,,0,3,1,34,0.0833,0.1298,25,23,2.1,4.62,2.1
00-0030525,Tavon Austin,WR,JAX,2021,16,0,0,0.0,0,,3,7,6,91,0.2,0.2427,31,23,14.9,13.57,14.9
00-0030525,Tavon Austin,WR,JAX,2021,17,0,0,0.0,0,,0,4,3,2,0.1538,0.0103,17,18,3.2,5.07,3.2
00-0030564,DeAndre Hopkins,WR,ARI,2021,1,0,0,0.0,0,,0,8,6,90,0.25,0.3435,33,32,26.3,14.65,26.3
00-0030564,DeAndre Hopkins,WR,ARI,2021,2,0,0,0.0,0,,0,4,4,41,0.1176,0.1385,21,21,15.4,7.95,15.4
00-0030564,DeAndre Hopkins,WR,ARI,2021,3,0,0,0.0,0,,0,6,3,36,0.1765,0.1374,30,30,5.1,10.12,5.1
00-0030564,DeAndre Hopkins,WR,ARI,2021,4,0,0,0.0,0,,0,7,4,92,0.2414,0.4,40,36,10.7,15.38,10.7
00-0030564,DeAndre Hopkins,WR,ARI,2021,5,0,0,0.0,0,,0,9,6,164,0.3214,0.713,27,20,20.7,20.42,20.7
00-0030564,DeAndre Hopkins,WR,ARI,2021,6,0,0,0.0,0,,0,4,3,49,0.1429,0.1856,37,28,20.5,10.0,20.5
00-0030564,DeAndre Hopkins,WR,ARI,2021,7,0,0,0.0,0,,0,9,7,77,0.3214,0.3043,37,29,18.3,18.2,18.3
00-0030564,DeAndre Hopkins,WR,ARI,2021,8,0,0,0.0,0,,0,2,2,42,0.0645,0.1382,20,15,8.6,3.6,8.6
00-0030564,DeAndre Hopkins,WR,ARI,2021,13,0,0,0.0,0,,0,2,2,28,0.1333,0.4828,35,25,11.2,4.96,11.2
00-0030564,DeAndre Hopkins,WR,ARI,2021,14,0,0,0.0,0,,0,13,5,169,0.2653,0.3347,22,22,10.4,26.27,10.4
00-0030565,Geno Smith,QB,SEA,2021,5,17,10,4.38,0,0.68,3,0,0,0.0,0.0,0.0,25,25,9.5,11.03,9.54
00-0030565,Geno Smith,QB,SEA,2021,6,32,23,-7.984,5,0.511,1,0,0,0.0,0.0,0.0,27,33,10.3,9.57,12.26
00-0030565,Geno Smith,QB,SEA,2021,7,22,12,-3.941,5,-1.387,3,0,0,0.0,0.0,0.0,28,24,11.9,7.4,11.88
00-0030565,Geno Smith,QB,SEA,2021,8,24,20,6.308,3,26.003,2,0,0,0.0,0.0,0.0,25,23,22.6,19.4,22.6
00-0030578,Cordarrelle Patterson,RB,ATL,2021,1,0,0,0.0,0,,7,2,2,5,0.0606,0.0279,26,27,8.7,6.6,8.7
00-0030578,Cordarrelle Patterson,RB,ATL,2021,2,0,0,0.0,0,,7,7,5,-18,0.1458,-0.0968,20,28,23.9,12.84,23.9
00-0030578,Cordarrelle Patterson,RB,ATL,2021,3,0,0,0.0,0,,7,7,6,-6,0.1944,-0.0405,20,29,16.2,13.26,16.2
00-0030578,Cordarrelle Patterson,RB,ATL,2021,4,0,0,0.0,0,,6,6,5,55,0.15,0.125,28,32,34.6,13.7,34.6
00-0030578,Cordarrelle Patterson,RB,ATL,2021,5,1,0,-0.6,0,,14,9,7,44,0.2,0.1243,29,37,18.4,22.82,18.4
00-0030578,Cordarrelle Patterson,RB,ATL,2021,7,0,0,0.0,0,,14,5,2,4,0.1282,0.0109,22,21,14.1,15.99,14.1
00-0030578,Cordarrelle Patterson,RB,ATL,2021,8,0,0,0.0,0,,9,5,5,15,0.1852,0.0773,20,28,18.2,12.34,18.2
00-0030578,Cordarrelle Patterson,RB,ATL,2021,9,0,0,0.0,0,,9,6,6,60,0.2,0.229,25,25,19.6,14.95,19.6
00-0030578,Cordarrelle Patterson,RB,ATL,2021,10,0,0,0.0,0,,4,2,1,18,0.0741,0.0714,24,25,4.9,5.08,4.9
00-0030578,Cordarrelle Patterson,RB,ATL,2021,12,0,0,0.0,0,,16,3,2,9,0.1071,0.0687,29,30,27.5,12.37,27.5
00-0030578,Cordarrelle Patterson,RB,ATL,2021,13,0,0,0.0,0,,13,5,3,14,0.125,0.0553,23,27,12.6,14.85,12.6
00-0030578,Cordarrelle Patterson,RB,ATL,2021,14,0,0,0.0,0,,16,5,2,26,0.1852,0.1226,36,39,13.9,16.16,13.9
00-0030578,Cordarrelle Patterson,RB,ATL,2021,15,0,0,0.0,0,,11,2,2,0.0,0.0667,0.0,23,21,4.3,15.21,4.3
00-0030578,Cordarrelle Patterson,RB,ATL,2021,16,0,0,0.0,0,,7,2,1,0.0,0.0909,0.0,18,16,8.3,7.68,8.3
00-0030578,Cordarrelle Patterson,RB,ATL,2021,17,0,0,0.0,0,,9,2,2,-8,0.1,-0.0398,22,23,7.2,8.92,7.2
00-0030578,Cordarrelle Patterson,RB,ATL,2021,18,0,0,0.0,0,,4,1,1,-4,0.0323,-0.0117,12,15,2.2,3.01,2.2
00-0030663,Willie Snead,WR,LV,2021,1,0,0,0.0,0,,0,1,0,5,0.0192,0.0091,21,22,0.0,2.8,0.0
00-0030663,Willie Snead,WR,LV,2021,2,0,0,0.0,0,,0,1,1,7,0.027,0.0231,25,25,2.4,1.46,2.4
00-0030663,Willie Snead,WR,LV,2021,4,0,0,0.0,0,,0,1,1,15,0.0312,0.051,18,20,2.5,1.41,2.5
00-0030663,Willie Snead,WR,LV,2021,5,0,0,0.0,0,,0,1,1,3,0.0286,0.0094,22,22,1.3,2.68,1.3
00-0030663,Willie Snead,WR,LV,2021,6,0,0,0.0,0,,0,1,0,6,0.04,0.0187,23,25,0.0,1.28,0.0
00-0030663,Willie Snead,WR,CAR,2021,9,0,0,0.0,0,,0,2,1,11,0.069,0.0601,23,27,1.6,2.6,1.6
00-0030663,Willie Snead,WR,CAR,2021,15,0,0,0.0,0,,0,1,0,20,0.0278,0.068,29,17,0.0,1.53,0.0
00-0030669,Albert Wilson,WR,MIA,2021,1,0,0,0.0,0,,0,2,0,30,0.0741,0.1195,23,24,0.0,3.52,0.0
00-0030669,Albert Wilson,WR,MIA,2021,2,0,0,0.0,0,,0,6,4,20,0.1429,0.0943,20,20,6.0,8.55,6.0
00-0030669,Albert Wilson,WR,MIA,2021,4,0,0,0.0,0,,0,2,1,20,0.0667,0.087,16,16,2.1,2.92,2.1
00-0030669,Albert Wilson,WR,MIA,2021,6,0,0,0.0,0,,0,2,2,8,0.0426,0.0205,20,21,3.4,2.48,3.4
00-0030669,Albert Wilson,WR,MIA,2021,9,0,0,0.0,0,,0,2,1,15,0.05,0.0379,25,30,2.1,3.21,2.1
00-0030669,Albert Wilson,WR,MIA,2021,10,0,0,-1.056,1,,2,5,4,40,0.1471,0.1299,22,19,14.6,8.44,14.6
00-0030669,Albert Wilson,WR,MIA,2021,11,1,0,-0.998,0,-41.742,1,4,3,5,0.1176,0.0278,33,32,4.5,7.83,4.5
00-0030669,Albert Wilson,WR,MIA,2021,12,0,0,0.0,0,,0,6,5,-6,0.1935,-0.0517,39,36,6.7,8.24,6.7
00-0030669,Albert Wilson,WR,MIA,2021,13,0,0,0.0,0,,0,8,4,29,0.1951,0.1036,25,25,6.6,11.58,6.6
00-0030669,Albert Wilson,WR,MIA,2021,15,0,0,0.0,0,,1,2,1,49,0.0769,0.1937,42,33,2.0,3.59,2.0
00-0030874,Damien Williams,RB,CHI,2021,1,0,0,0.0,0,,6,5,4,0.0,0.125,0.0,26,27,8.0,10.66,8.0
00-0030874,Damien Williams,RB,CHI,2021,2,0,0,0.0,0,,2,3,2,1,0.1304,0.0057,34,27,2.4,5.11,2.4
00-0030874,Damien Williams,RB,CHI,2021,4,0,0,0.0,0,,8,2,2,-11,0.1176,-0.0474,39,36,15.0,8.59,15.0
00-0030874,Damien Williams,RB,CHI,2021,5,0,0,0.0,0,,16,3,2,-1,0.15,-0.005,37,36,16.4,15.28,16.4
00-0030874,Damien Williams,RB,CHI,2021,7,0,0,0.0,0,,3,1,1,2,0.0323,0.0097,29,28,1.8,2.84,1.8
00-0030874,Damien Williams,RB,CHI,2021,8,0,0,0.0,0,,2,0,0,0.0,0.0,0.0,36,28,-0.3,0.95,-0.3
00-0030874,Damien Williams,RB,CHI,2021,14,0,0,0.0,0,,2,1,1,0.0,0.0312,0.0,23,20,2.7,2.14,2.7
00-0030874,Damien Williams,RB,CHI,2021,16,0,0,0.0,0,,1,2,1,24,0.0571,0.1212,30,33,2.4,3.58,2.4
00-0030874,Damien Williams,RB,CHI,2021,17,0,0,0.0,0,,0,1,0,5,0.0303,0.0181,27,26,0.0,0.96,0.0
00-0030874,Damien Williams,RB,CHI,2021,18,0,0,0.0,0,,0,5,3,21,0.1087,0.0633,25,29,12.3,8.66,12.3
00-0031045,Carlos Hyde,RB,JAX,2021,1,0,0,0.0,0,,9,2,2,-2,0.04,-0.0048,16,19,7.8,6.92,7.8
00-0031045,Carlos Hyde,RB,JAX,2021,2,0,0,0.0,0,,2,2,0,8,0.0606,0.0198,16,16,0.7,3.82,0.7
00-0031045,Carlos Hyde,RB,JAX,2021,3,0,0,0.0,0,,8,0,0,0.0,0.0,0.0,29,29,4.4,3.87,4.4
00-0031045,Carlos Hyde,RB,JAX,2021,5,0,0,0.0,0,,5,0,0,0.0,0.0,0.0,31,25,1.3,6.83,1.3
00-0031045,Carlos Hyde,RB,JAX,2021,8,0,0,0.0,0,,9,8,6,-2,0.1538,-0.0072,19,23,13.2,15.92,13.2
00-0031045,Carlos Hyde,RB,JAX,2021,9,0,0,0.0,0,,21,2,1,26,0.0741,0.1268,27,24,6.3,16.09,6.3
00-0031045,Carlos Hyde,RB,JAX,2021,10,0,0,0.0,0,,2,2,1,3,0.0571,0.009,24,19,1.4,3.02,1.4
00-0031045,Carlos Hyde,RB,JAX,2021,11,0,0,0.0,0,,0,1,0,1,0.0417,0.0052,16,14,0.0,0.97,0.0
00-0031045,Carlos Hyde,RB,JAX,2021,12,0,0,0.0,0,,6,1,0,0.0,0.0244,0.0,28,26,1.6,4.1,1.6
00-0031045,Carlos Hyde,RB,JAX,2021,13,0,0,0.0,0,,9,1,1,-5,0.0357,-0.0427,25,19,7.3,8.7,7.3
00-0031045,Carlos Hyde,RB,JAX,2021,14,0,0,0.0,0,,1,2,1,2,0.0541,0.006,8,10,1.8,3.46,1.8
00-0031051,John Brown,WR,DEN,2021,7,0,0,0.0,0,,0,1,0,31,0.0312,0.1782,14,20,0.0,2.02,0.0
00-0031051,John Brown,WR,JAX,2021,11,0,0,0.0,0,,0,1,0,32,0.0417,0.1675,16,14,0.0,1.62,0.0
00-0031051,John Brown,WR,JAX,2021,12,0,0,0.0,0,,0,1,0,30,0.0244,0.0714,28,26,0.0,1.7,0.0
00-0031062,James White,RB,NE,2021,1,0,0,0.0,0,,4,7,6,29,0.1842,0.1213,30,38,12.1,11.45,12.1
00-0031062,James White,RB,NE,2021,2,0,0,0.0,0,,5,6,6,-2,0.2143,-0.0143,24,30,18.5,12.39,18.5
00-0031062,James White,RB,NE,2021,3,0,0,0.0,0,,1,1,0,24,0.0196,0.0379,17,18,0.6,2.07,0.6
00-0031235,Odell Beckham Jr.,WR,CLE,2021,3,0,0,0.0,0,,1,9,5,149,0.3103,0.4869,42,42,13.7,18.62,13.7
00-0031235,Odell Beckham Jr.,WR,CLE,2021,4,0,0,0.0,0,,1,7,2,144,0.2258,0.4162,38,40,5.1,18.08,5.1
00-0031235,Odell Beckham Jr.,WR,CLE,2021,5,0,0,0.0,0,,0,3,2,20,0.1034,0.0606,35,39,4.0,4.84,4.0
00-0031235,Odell Beckham Jr.,WR,CLE,2021,6,0,0,0.0,0,,0,8,5,82,0.2581,0.3402,19,22,12.9,12.44,12.9
00-0031235,Odell Beckham Jr.,WR,CLE,2021,7,0,0,0.0,0,,0,6,2,81,0.1875,0.3553,33,34,4.3,11.5,4.3
00-0031235,Odell Beckham Jr.,WR,CLE,2021,8,0,0,0.0,0,,0,1,1,-2,0.0323,-0.0088,23,24,1.6,1.42,1.6
00-0031235,Odell Beckham Jr.,WR,LA,2021,10,0,0,0.0,0,,0,3,2,68,0.0714,0.2024,10,15,3.8,6.24,3.8
00-0031235,Odell Beckham Jr.,WR,LA,2021,12,0,0,0.0,0,,0,10,5,120,0.2564,0.2771,20,24,19.1,15.68,19.1
00-0031235,Odell Beckham Jr.,WR,LA,2021,13,0,0,0.0,0,,0,5,2,114,0.1351,0.3229,27,29,10.8,14.63,10.8
00-0031235,Odell Beckham Jr.,WR,LA,2021,14,0,0,0.0,0,,0,7,6,37,0.2333,0.148,21,20,19.7,13.93,19.7
00-0031235,Odell Beckham Jr.,WR,LA,2021,15,0,0,0.0,0,,0,3,1,47,0.1034,0.2043,29,28,1.7,4.88,1.7
00-0031235,Odell Beckham Jr.,WR,LA,2021,16,0,0,0.0,0,,0,8,4,89,0.2162,0.2997,33,30,13.7,18.8,13.7
00-0031235,Odell Beckham Jr.,WR,LA,2021,17,0,0,0.0,0,,0,7,5,74,0.2,0.2972,20,22,14.9,15.07,14.9
00-0031235,Odell Beckham Jr.,WR,LA,2021,18,0,0,0.0,0,,0,5,2,69,0.1562,0.2482,27,30,3.8,7.07,3.8
00-0031236,Brandin Cooks,WR,HOU,2021,1,0,0,0.0,0,,0,7,5,132,0.2188,0.4151,41,41,18.2,13.78,18.2
00-0031236,Brandin Cooks,WR,HOU,2021,2,0,0,0.0,0,,0,14,9,171,0.5,0.6287,28,29,22.8,24.55,22.8
00-0031236,Brandin Cooks,WR,HOU,2021,3,0,0,0.0,0,,1,11,9,125,0.44,0.6579,17,17,20.7,17.89,20.7
00-0031236,Brandin Cooks,WR,HOU,2021,4,0,0,0.0,0,,0,7,5,91,0.35,0.5056,18,19,9.7,11.25,9.7
00-0031236,Brandin Cooks,WR,HOU,2021,5,0,0,0.0,0,,0,5,3,56,0.1852,0.2105,24,28,5.3,7.22,5.3
00-0031236,Brandin Cooks,WR,HOU,2021,6,0,0,0.0,0,,0,13,9,163,0.3095,0.5842,29,32,17.9,20.49,17.9
00-0031236,Brandin Cooks,WR,HOU,2021,7,0,0,0.0,0,,0,7,5,46,0.2258,0.3007,15,23,7.1,10.21,7.1
00-0031236,Brandin Cooks,WR,HOU,2021,8,0,0,0.0,0,,0,6,6,53,0.1667,0.2015,14,20,20.3,8.76,20.3
00-0031236,Brandin Cooks,WR,HOU,2021,9,0,0,0.0,0,,0,14,6,121,0.35,0.3315,18,18,11.6,23.73,11.4
00-0031236,Brandin Cooks,WR,HOU,2021,11,0,0,0.0,0,,0,3,2,15,0.1304,0.1546,38,35,3.8,4.16,3.8
00-0031236,Brandin Cooks,WR,HOU,2021,12,0,0,0.0,0,,0,5,3,94,0.1923,0.4292,24,27,13.5,8.18,13.5
00-0031236,Brandin Cooks,WR,HOU,2021,13,0,0,0.0,0,,1,6,3,38,0.2308,0.2639,19,15,8.4,8.5,8.4
00-0031236,Brandin Cooks,WR,HOU,2021,14,0,0,0.0,0,,0,11,8,76,0.2292,0.2879,25,32,18.1,16.72,18.1
00-0031236,Brandin Cooks,WR,HOU,2021,15,0,0,0.0,0,,0,10,7,91,0.3333,0.4313,26,27,29.2,16.53,29.2
00-0031236,Brandin Cooks,WR,HOU,2021,17,0,0,0.0,0,,0,11,7,110,0.3667,0.567,27,34,19.6,17.28,19.6
00-0031236,Brandin Cooks,WR,HOU,2021,18,0,0,0.0,0,,0,4,3,41,0.125,0.1099,21,23,5.6,5.85,5.6
00-0031237,Teddy Bridgewater,QB,DEN,2021,1,36,28,23.348,2,15.42,3,0,0,0.0,0.0,0.0,28,29,20.5,23.12,20.46
00-0031237,Teddy Bridgewater,QB,DEN,2021,2,34,26,8.952,3,14.666,4,0,0,0.0,0.0,0.0,30,29,21.2,15.47,21.22
00-0031237,Teddy Bridgewater,QB,DEN,2021,3,25,19,11.934,2,12.745,4,0,0,0.0,0.0,0.0,37,37,11.8,13.29,11.8
00-0031237,Teddy Bridgewater,QB,DEN,2021,4,16,7,-6.994,2,-17.705,1,0,0,0.0,0.0,0.0,17,21,6.8,7.5,6.8
00-0031237,Teddy Bridgewater,QB,DEN,2021,5,38,24,7.272,2,6.299,1,0,0,0.0,0.0,0.0,18,22,18.6,21.67,18.62
00-0031237,Teddy Bridgewater,QB,DEN,2021,6,49,35,3.861,5,10.124,2,0,0,0.0,0.0,0.0,23,28,18.3,20.4,18.26
00-0031237,Teddy Bridgewater,QB,DEN,2021,7,33,23,6.327,2,4.986,2,0,0,0.0,0.0,0.0,14,20,13.8,11.94,13.78
00-0031237,Teddy Bridgewater,QB,DEN,2021,8,26,19,3.607,4,5.234,1,0,0,0.0,0.0,0.0,21,24,12.6,9.52,12.62
00-0031237,Teddy Bridgewater,QB,DEN,2021,9,28,19,9.056,4,7.362,3,0,0,0.0,0.0,0.0,41,40,21.9,18.38,21.86
00-0031237,Teddy Bridgewater,QB,DEN,2021,10,36,22,-5.265,1,-4.506,0,0,0,0.0,0.0,0.0,18,20,9.0,14.95,9.04
00-0031237,Teddy Bridgewater,QB,DEN,2021,12,18,11,7.754,0,-4.313,2,0,0,0.0,0.0,0.0,33,35,16.2,10.03,16.16
00-0031237,Teddy Bridgewater,QB,DEN,2021,13,40,22,-10.93,1,-9.189,4,0,0,0.0,0.0,0.0,31,34,12.0,17.61,11.98
00-0031237,Teddy Bridgewater,QB,DEN,2021,14,25,18,8.902,1,4.455,0,0,0,0.0,0.0,0.0,39,40,15.2,10.75,15.16
00-0031237,Teddy Bridgewater,QB,DEN,2021,15,22,12,-10.708,2,-10.236,3,0,0,0.0,0.0,0.0,34,35,4.9,8.6,4.92
00-0031260,Logan Thomas,TE,WAS,2021,1,0,0,0.0,0,,0,3,3,27,0.15,0.225,27,26,12.0,6.04,12.0
00-0031260,Logan Thomas,TE,WAS,2021,2,0,0,0.0,0,,0,7,5,74,0.1591,0.212,22,24,9.5,11.08,9.5
00-0031260,Logan Thomas,TE,WAS,2021,3,0,0,0.0,0,,0,4,4,19,0.1667,0.1152,25,18,12.2,7.7,12.2
00-0031260,Logan Thomas,TE,WAS,2021,12,0,0,0.0,0,,0,6,3,56,0.1765,0.2963,43,49,6.1,12.6,6.1
00-0031260,Logan Thomas,TE,WAS,2021,13,0,0,0.0,0,,0,5,3,73,0.1667,0.3614,30,32,13.8,10.91,13.8
00-0031273,Cameron Brate,TE,TB,2021,2,0,0,0.0,0,,0,1,1,7,0.0286,0.0202,21,24,1.8,1.85,1.8
00-0031273,Cameron Brate,TE,TB,2021,3,0,0,0.0,0,,0,5,4,32,0.0926,0.0838,13,21,7.5,7.79,7.5
00-0031273,Cameron Brate,TE,TB,2021,4,0,0,0.0,0,,0,6,2,84,0.1395,0.183,30,29,4.9,10.97,4.9
00-0031273,Cameron Brate,TE,TB,2021,5,0,0,0.0,0,,0,1,1,10,0.0238,0.0223,25,28,2.2,1.62,2.2
00-0031273,Cameron Brate,TE,TB,2021,6,0,0,0.0,0,,0,4,3,18,0.0952,0.0636,31,36,5.6,6.24,5.6
00-0031273,Cameron Brate,TE,TB,2021,7,0,0,0.0,0,,0,4,0,29,0.1026,0.1007,31,34,0.0,13.61,0.0
00-0031273,Cameron Brate,TE,TB,2021,8,0,0,0.0,0,,0,4,2,32,0.0976,0.0941,14,18,3.5,6.74,3.5
00-0031273,Cameron Brate,TE,TB,2021,10,0,0,0.0,0,,0,3,1,27,0.0909,0.1364,13,21,7.6,8.16,7.6
00-0031273,Cameron Brate,TE,TB,2021,11,0,0,0.0,0,,0,6,2,58,0.1277,0.1657,27,28,4.7,14.48,4.7
00-0031273,Cameron Brate,TE,TB,2021,12,0,0,0.0,0,,0,4,3,17,0.1176,0.0885,27,31,5.3,6.9,5.3
00-0031273,Cameron Brate,TE,TB,2021,13,0,0,0.0,0,,0,1,1,3,0.0196,0.0093,17,24,7.3,4.04,7.3
00-0031273,Cameron Brate,TE,TB,2021,14,0,0,0.0,0,,0,4,2,20,0.087,0.0576,29,26,3.1,7.5,3.1
00-0031273,Cameron Brate,TE,TB,2021,15,0,0,0.0,0,,0,4,2,40,0.0833,0.1003,21,29,4.2,6.82,4.2
00-0031273,Cameron Brate,TE,TB,2021,16,0,0,0.0,0,,0,4,2,42,0.1379,0.1538,31,31,9.1,10.06,9.1
00-0031273,Cameron Brate,TE,TB,2021,17,0,0,0.0,0,,0,3,2,4,0.0612,0.0079,21,27,8.5,6.53,8.5
00-0031273,Cameron Brate,TE,TB,2021,18,0,0,0.0,0,,0,3,2,11,0.0789,0.0355,20,20,3.2,4.2,3.2
00-0031280,Derek Carr,QB,LV,2021,1,56,34,9.616,3,-3.39,4,0,0,0.0,0.0,0.0,21,22,24.0,28.84,24.0
00-0031280,Derek Carr,QB,LV,2021,2,37,28,20.623,2,9.812,4,0,0,0.0,0.0,0.0,25,25,24.2,15.64,24.18
00-0031280,Derek Carr,QB,LV,2021,3,43,26,6.625,3,-1.766,2,0,0,0.0,0.0,0.0,35,37,21.2,18.61,21.24
00-0031280,Derek Carr,QB,LV,2021,4,34,21,-7.575,4,-2.357,3,0,0,0.0,0.0,0.0,18,20,14.4,17.2,14.44
00-0031280,Derek Carr,QB,LV,2021,5,35,22,-9.296,3,-6.848,3,0,0,0.0,0.0,0.0,22,22,7.2,19.96,7.24
00-0031280,Derek Carr,QB,LV,2021,6,27,18,16.494,2,9.725,2,0,0,0.0,0.0,0.0,23,25,21.5,11.1,21.54
00-0031280,Derek Carr,QB,LV,2021,7,34,31,18.343,0,17.778,2,0,0,0.0,0.0,0.0,29,33,19.0,20.71,19.02
00-0031280,Derek Carr,QB,LV,2021,9,46,30,-7.34,1,-3.163,2,0,0,0.0,0.0,0.0,20,29,10.3,29.55,12.34
00-0031280,Derek Carr,QB,LV,2021,10,35,25,-0.019,2,1.352,3,0,0,0.0,0.0,0.0,14,19,18.2,16.62,18.24
00-0031280,Derek Carr,QB,LV,2021,11,27,19,-8.895,2,3.26,0,0,0,0.0,0.0,0.0,18,21,8.6,12.23,10.6
00-0031280,Derek Carr,QB,LV,2021,12,39,24,7.771,3,-2.248,2,0,0,0.0,0.0,0.0,35,33,21.0,19.04,21.02
00-0031280,Derek Carr,QB,LV,2021,13,38,28,-0.605,2,6.173,2,0,0,0.0,0.0,0.0,16,25,12.4,19.11,12.36
00-0031280,Derek Carr,QB,LV,2021,14,45,33,-3.004,4,5.154,0,0,0,0.0,0.0,0.0,12,20,10.5,14.52,12.52
00-0031280,Derek Carr,QB,LV,2021,15,38,25,-0.517,2,2.298,3,0,0,0.0,0.0,0.0,25,24,10.1,22.21,12.14
00-0031280,Derek Carr,QB,LV,2021,16,25,20,-5.208,2,5.259,7,0,0,0.0,0.0,0.0,40,36,8.5,10.41,10.54
00-0031280,Derek Carr,QB,LV,2021,17,31,24,5.657,2,9.978,0,0,0,0.0,0.0,0.0,27,30,10.2,11.04,10.2
00-0031280,Derek Carr,QB,LV,2021,18,36,20,-5.209,3,-5.998,1,0,0,0.0,0.0,0.0,34,32,15.3,22.51,15.34
00-0031285,Devonta Freeman,RB,BAL,2021,2,0,0,0.0,0,,2,0,0,0.0,0.0,0.0,41,27,2.9,1.03,2.9
00-0031285,Devonta Freeman,RB,BAL,2021,3,0,0,0.0,0,,3,0,0,0.0,0.0,0.0,22,15,0.8,1.95,0.8
00-0031285,Devonta Freeman,RB,BAL,2021,4,0,0,0.0,0,,1,0,0,0.0,0.0,0.0,30,24,0.4,0.47,0.4
00-0031285,Devonta Freeman,RB,BAL,2021,5,0,0,0.0,0,,1,4,3,22,0.093,0.0714,25,18,6.5,6.05,6.5
00-0031285,Devonta Freeman,RB,BAL,2021,6,0,0,0.0,0,,9,2,0,-3,0.0741,-0.0168,38,28,11.3,8.9,11.3
00-0031285,Devonta Freeman,RB,BAL,2021,7,0,0,0.0,0,,4,3,3,7,0.0732,0.012,24,17,12.9,11.08,12.9
00-0031285,Devonta Freeman,RB,BAL,2021,9,0,0,0.0,0,,13,3,2,2,0.0732,0.0062,45,29,16.3,13.36,16.3
00-0031285,Devonta Freeman,RB,BAL,2021,10,0,0,0.0,0,,10,4,3,12,0.0976,0.0387,23,16,8.8,12.74,8.8
00-0031285,Devonta Freeman,RB,BAL,2021,11,0,0,0.0,0,,16,6,6,-1,0.1667,-0.0055,34,35,20.0,18.29,20.0
00-0031285,Devonta Freeman,RB,BAL,2021,12,0,0,0.0,0,,16,1,1,-1,0.0312,-0.0036,43,27,7.0,11.43,7.0
00-0031285,Devonta Freeman,RB,BAL,2021,13,0,0,0.0,0,,14,8,5,6,0.2162,0.0245,25,25,20.7,21.03,20.7
00-0031285,Devonta Freeman,RB,BAL,2021,14,0,0,0.0,0,,13,5,5,3,0.125,0.0098,23,19,12.2,13.13,12.2
00-0031285,Devonta Freeman,RB,BAL,2021,15,0,0,0.0,0,,6,1,1,1,0.0256,0.0041,26,15,3.4,5.15,3.4
00-0031285,Devonta Freeman,RB,BAL,2021,16,0,0,0.0,0,,6,2,2,-1,0.0541,-0.0036,16,14,10.0,7.67,10.0
00-0031285,Devonta Freeman,RB,BAL,2021,17,0,0,0.0,0,,14,1,1,-5,0.0345,-0.0179,32,26,8.7,8.54,8.7
00-0031285,Devonta Freeman,RB,BAL,2021,18,0,0,0.0,0,,5,2,2,-6,0.0625,-0.0216,36,24,4.7,6.51,4.7
00-0031319,Diontae Spencer,WR,DEN,2021,3,0,0,0.0,0,,0,1,1,-3,0.0417,-0.015,37,37,0.7,1.56,0.7
00-0031319,Diontae Spencer,WR,DEN,2021,4,0,0,0.0,0,,0,1,0,0.0,0.027,0.0,17,21,0.0,0.81,0.0
00-0031319,Diontae Spencer,WR,DEN,2021,5,0,0,0.0,0,,0,1,0,3,0.0286,0.0089,18,22,0.0,2.78,0.0
00-0031319,Diontae Spencer,WR,DEN,2021,14,0,0,0.0,0,,0,1,0,9,0.04,0.0484,39,40,0.0,1.63,0.0
00-0031325,Sammy Watkins,WR,BAL,2021,1,0,0,0.0,0,,0,8,4,85,0.2759,0.3586,34,26,13.6,12.76,13.6
00-0031325,Sammy Watkins,WR,BAL,2021,2,0,0,0.0,0,,0,7,4,69,0.28,0.2794,41,27,8.4,12.55,8.4
00-0031325,Sammy Watkins,WR,BAL,2021,3,0,0,0.0,0,,0,7,4,142,0.2593,0.2684,22,15,10.8,16.03,10.8
00-0031325,Sammy Watkins,WR,BAL,2021,4,0,0,0.0,0,,0,7,4,96,0.2,0.2286,30,24,8.9,11.48,8.9
00-0031325,Sammy Watkins,WR,BAL,2021,5,0,0,0.0,0,,0,3,2,29,0.0698,0.0942,25,18,5.5,4.85,5.5
00-0031325,Sammy Watkins,WR,BAL,2021,10,0,0,0.0,0,,0,3,1,64,0.0732,0.2065,23,16,-0.3,5.94,-0.3
00-0031325,Sammy Watkins,WR,BAL,2021,11,0,0,0.0,0,,0,4,3,42,0.1111,0.2295,34,35,7.8,5.57,7.8
00-0031325,Sammy Watkins,WR,BAL,2021,12,0,0,0.0,0,,0,1,1,8,0.0312,0.0288,43,27,1.8,1.06,1.8
00-0031325,Sammy Watkins,WR,BAL,2021,13,0,0,0.0,0,,0,6,4,43,0.1622,0.1755,25,25,13.9,11.45,13.9
00-0031325,Sammy Watkins,WR,BAL,2021,14,0,0,0.0,0,,0,2,0,44,0.05,0.1433,23,19,0.0,3.05,0.0
00-0031325,Sammy Watkins,WR,BAL,2021,18,0,0,0.0,0,,0,1,0,8,0.0312,0.0288,36,24,0.0,1.6,0.0
00-0031345,Jimmy Garoppolo,QB,SF,2021,1,25,17,20.324,1,6.228,3,0,0,0.0,0.0,0.0,28,23,14.8,10.97,14.76
00-0031345,Jimmy Garoppolo,QB,SF,2021,2,30,22,6.493,0,0.065,11,0,0,0.0,0.0,0.0,38,30,19.6,18.23,19.56
00-0031345,Jimmy Garoppolo,QB,SF,2021,3,40,25,0.668,4,-2.12,1,0,0,0.0,0.0,0.0,21,12,14.7,19.76,16.28
00-0031345,Jimmy Garoppolo,QB,SF,2021,4,23,14,-1.235,1,-2.142,0,0,0,0.0,0.0,0.0,29,21,8.6,10.01,8.6
00-0031345,Jimmy Garoppolo,QB,SF,2021,7,27,16,-10.674,2,-5.681,2,0,0,0.0,0.0,0.0,24,24,5.2,11.43,7.24
00-0031345,Jimmy Garoppolo,QB,SF,2021,8,28,17,15.708,0,-4.724,5,0,0,0.0,0.0,0.0,26,23,27.3,19.2,27.28
00-0031345,Jimmy Garoppolo,QB,SF,2021,9,40,28,5.566,5,4.837,1,0,0,0.0,0.0,0.0,11,17,19.3,17.07,19.34
00-0031345,Jimmy Garoppolo,QB,SF,2021,10,19,15,15.41,1,8.034,2,0,0,0.0,0.0,0.0,44,37,15.4,7.94,15.38
00-0031345,Jimmy Garoppolo,QB,SF,2021,11,22,16,10.038,2,16.253,2,0,0,0.0,0.0,0.0,42,31,15.6,20.19,15.64
00-0031345,Jimmy Garoppolo,QB,SF,2021,12,26,17,3.257,2,-0.087,3,0,0,0.0,0.0,0.0,39,35,11.2,12.09,11.2
00-0031345,Jimmy Garoppolo,QB,SF,2021,13,30,20,1.746,1,-2.306,2,0,0,0.0,0.0,0.0,25,25,16.0,13.83,15.96
00-0031345,Jimmy Garoppolo,QB,SF,2021,14,41,27,6.743,5,7.46,1,0,0,0.0,0.0,0.0,23,16,20.1,19.3,20.14
00-0031345,Jimmy Garoppolo,QB,SF,2021,15,23,18,12.071,0,11.751,3,0,0,0.0,0.0,0.0,32,25,13.8,10.91,13.8
00-0031345,Jimmy Garoppolo,QB,SF,2021,16,35,26,3.374,2,3.138,1,0,0,0.0,0.0,0.0,21,21,13.2,15.7,13.18
00-0031345,Jimmy Garoppolo,QB,SF,2021,18,32,23,3.693,3,4.382,1,0,0,0.0,0.0,0.0,31,24,12.7,12.46,12.42
00-0031376,Jerick McKinnon,RB,KC,2021,2,0,0,0.0,0,,0,1,1,2,0.0333,0.0082,18,17,2.4,1.56,2.4
00-0031376,Jerick McKinnon,RB,KC,2021,5,0,0,0.0,0,,1,2,2,-5,0.04,-0.0138,23,19,3.5,3.63,3.5
00-0031376,Jerick McKinnon,RB,KC,2021,6,0,0,0.0,0,,3,4,1,-6,0.087,-0.0171,28,28,2.5,6.93,2.5
00-0031376,Jerick McKinnon,RB,KC,2021,7,0,0,0.0,0,,0,4,2,-3,0.0833,-0.008,13,11,3.7,5.5,2.8
00-0031376,Jerick McKinnon,RB,KC,2021,9,0,0,0.0,0,,0,3,3,-5,0.0833,-0.0151,25,29,5.6,4.55,5.6
00-0031376,Jerick McKinnon,RB,KC,2021,10,0,0,0.0,0,,3,3,1,22,0.0625,0.0537,25,30,4.2,7.99,4.2
00-0031376,Jerick McKinnon,RB,KC,2021,18,0,0,0.0,0,,5,3,3,-14,0.0714,-0.0504,29,25,14.0,7.19,14.0
00-0031381,Davante Adams,WR,GB,2021,1,0,0,0.0,0,,0,7,5,51,0.2121,0.155,15,17,10.6,10.57,10.6
00-0031381,Davante Adams,WR,GB,2021,2,0,0,0.0,0,,0,9,8,102,0.3333,0.3953,31,31,20.1,16.62,20.1
00-0031381,Davante Adams,WR,GB,2021,3,0,0,0.0,0,,0,18,12,253,0.5806,0.7147,25,29,31.2,37.48,31.2
00-0031381,Davante Adams,WR,GB,2021,4,0,0,0.0,0,,0,11,6,83,0.3143,0.2413,33,34,12.4,17.37,12.4
00-0031381,Davante Adams,WR,GB,2021,5,0,0,0.0,0,,0,16,11,246,0.4571,0.7049,22,31,37.6,33.68,37.6
00-0031381,Davante Adams,WR,GB,2021,6,0,0,0.0,0,,0,5,4,71,0.2381,0.3641,31,28,12.9,8.99,12.9
00-0031381,Davante Adams,WR,GB,2021,7,0,0,0.0,0,,0,7,6,58,0.2059,0.2843,15,18,19.6,11.59,19.6
00-0031381,Davante Adams,WR,GB,2021,9,0,0,0.0,0,,0,14,6,162,0.4375,0.5978,25,24,10.2,19.83,10.2
00-0031381,Davante Adams,WR,GB,2021,10,0,0,0.0,0,,0,11,7,56,0.3143,0.2414,32,36,14.8,18.62,14.8
00-0031381,Davante Adams,WR,GB,2021,11,0,0,0.0,0,,0,8,7,73,0.2581,0.2797,19,21,30.5,15.47,30.5
00-0031381,Davante Adams,WR,GB,2021,12,0,0,0.0,0,,0,9,8,77,0.2045,0.1808,32,35,18.4,15.96,18.4
00-0031381,Davante Adams,WR,GB,2021,14,0,0,0.0,0,,0,13,10,91,0.3714,0.3597,24,23,34.1,23.13,34.1
00-0031381,Davante Adams,WR,GB,2021,15,0,0,0.0,0,,0,7,6,37,0.2258,0.1294,25,23,16.4,13.23,16.4
00-0031381,Davante Adams,WR,GB,2021,16,0,0,0.0,0,,0,13,10,95,0.3824,0.5367,24,29,33.4,24.14,33.4
00-0031381,Davante Adams,WR,GB,2021,17,0,0,0.0,0,,0,14,11,114,0.3333,0.4419,32,35,30.6,25.07,30.6
00-0031381,Davante Adams,WR,GB,2021,18,0,0,0.0,0,,0,7,6,45,0.2,0.2083,27,28,11.5,11.14,11.5
00-0031382,Jarvis Landry,WR,CLE,2021,1,0,0,0.0,0,,2,5,5,16,0.1852,0.0563,26,26,19.4,10.19,19.4
00-0031382,Jarvis Landry,WR,CLE,2021,2,0,0,0.0,0,,0,1,1,-2,0.0476,-0.0153,34,28,1.9,1.43,1.9
00-0031382,Jarvis Landry,WR,CLE,2021,7,0,0,0.0,0,,0,8,5,61,0.25,0.2675,33,34,8.7,12.69,8.7
00-0031382,Jarvis Landry,WR,CLE,2021,8,0,0,0.0,0,,1,10,5,127,0.3226,0.557,23,24,10.0,17.93,10.0
00-0031382,Jarvis Landry,WR,CLE,2021,9,0,0,0.0,0,,1,5,3,32,0.2632,0.1488,23,25,4.1,11.3,4.1
00-0031382,Jarvis Landry,WR,CLE,2021,10,0,0,0.0,0,,0,5,4,7,0.1613,0.0299,20,27,6.6,6.57,6.6
00-0031382,Jarvis Landry,WR,CLE,2021,11,0,0,0.0,0,,1,8,4,100,0.2857,0.361,36,32,14.2,14.23,14.2
00-0031382,Jarvis Landry,WR,CLE,2021,12,0,0,-4.688,1,,0,10,6,111,0.2941,0.3144,17,17,15.1,15.89,17.1
00-0031382,Jarvis Landry,WR,CLE,2021,14,0,0,0.0,0,,0,10,5,71,0.3226,0.3498,29,29,15.1,16.44,15.1
00-0031382,Jarvis Landry,WR,CLE,2021,16,0,0,0.0,0,,0,7,4,67,0.1944,0.2006,25,25,9.5,11.62,9.5
00-0031382,Jarvis Landry,WR,CLE,2021,17,0,0,0.0,0,,1,10,4,54,0.2778,0.2053,20,18,8.9,15.1,8.9
00-0031382,Jarvis Landry,WR,CLE,2021,18,0,0,0.0,0,,0,8,6,52,0.3333,0.4906,41,39,19.5,13.02,19.5
00-0031384,Richard Rodgers,TE,PHI,2021,18,0,0,0.0,0,,0,2,2,1,0.0588,0.0045,33,29,3.1,5.6,3.1
00-0031387,Eric Ebron,TE,PIT,2021,1,0,0,0.0,0,,0,2,1,23,0.0625,0.1173,21,17,2.9,4.69,2.9
00-0031387,Eric Ebron,TE,PIT,2021,2,0,0,0.0,0,,0,2,0,14,0.05,0.0361,14,17,0.0,2.24,0.0
00-0031387,Eric Ebron,TE,PIT,2021,3,0,0,0.0,0,,0,3,0,33,0.0517,0.1051,15,28,0.0,5.71,0.0
00-0031387,Eric Ebron,TE,PIT,2021,4,0,0,0.0,0,,0,2,2,6,0.0513,0.0204,16,22,2.8,2.8,2.8
00-0031387,Eric Ebron,TE,PIT,2021,5,0,0,0.0,0,,0,2,2,8,0.08,0.0415,35,34,3.0,2.9,3.0
00-0031387,Eric Ebron,TE,PIT,2021,6,0,0,0.0,0,,1,2,2,9,0.0513,0.033,30,32,9.1,6.06,9.1
00-0031387,Eric Ebron,TE,PIT,2021,10,0,0,0.0,0,,0,2,2,7,0.0408,0.0212,31,31,3.3,2.88,3.3
00-0031387,Eric Ebron,TE,PIT,2021,11,0,0,0.0,0,,0,3,3,16,0.0682,0.0492,18,20,11.4,6.83,11.4
00-0031395,Garrett Gilbert,QB,WAS,2021,15,31,20,-2.75,2,0.76,0,0,0,0.0,0.0,0.0,21,26,7.8,10.03,7.76
00-0031408,Mike Evans,WR,TB,2021,1,0,0,0.0,0,,0,6,3,46,0.1333,0.1031,14,20,5.4,9.96,5.4
00-0031408,Mike Evans,WR,TB,2021,2,0,0,0.0,0,,0,9,5,161,0.2571,0.464,21,24,24.5,26.43,24.5
00-0031408,Mike Evans,WR,TB,2021,3,0,0,0.0,0,,0,10,8,135,0.1852,0.3534,13,21,18.6,18.04,18.6
00-0031408,Mike Evans,WR,TB,2021,4,0,0,0.0,0,,0,12,7,129,0.2791,0.281,30,29,14.5,22.27,14.5
00-0031408,Mike Evans,WR,TB,2021,5,0,0,0.0,0,,0,8,6,165,0.1905,0.3675,25,28,29.3,18.24,29.3
00-0031408,Mike Evans,WR,TB,2021,6,0,0,0.0,0,,0,4,2,76,0.0952,0.2686,31,36,4.7,7.97,4.7
00-0031408,Mike Evans,WR,TB,2021,7,0,0,0.0,0,,0,10,6,99,0.2564,0.3438,31,34,31.6,27.37,31.6
00-0031408,Mike Evans,WR,TB,2021,8,0,0,0.0,0,,0,4,2,114,0.0976,0.3353,14,18,12.8,10.93,12.8
00-0031408,Mike Evans,WR,TB,2021,10,0,0,0.0,0,,0,3,2,42,0.0909,0.2121,13,21,14.2,5.74,14.2
00-0031408,Mike Evans,WR,TB,2021,11,0,0,0.0,0,,1,11,6,91,0.234,0.26,27,28,20.3,21.74,20.3
00-0031408,Mike Evans,WR,TB,2021,12,0,0,0.0,0,,0,6,3,18,0.1765,0.0938,27,31,4.6,13.01,4.6
00-0031408,Mike Evans,WR,TB,2021,13,0,0,0.0,0,,0,10,7,133,0.1961,0.4105,17,24,16.9,17.8,16.9
00-0031408,Mike Evans,WR,TB,2021,14,0,0,0.0,0,,0,6,6,81,0.1304,0.2334,29,26,21.1,13.57,21.1
00-0031408,Mike Evans,WR,TB,2021,15,0,0,0.0,0,,0,1,1,14,0.0208,0.0351,21,29,2.4,1.94,2.4
00-0031408,Mike Evans,WR,TB,2021,17,0,0,0.0,0,,0,7,4,137,0.1429,0.2702,21,27,14.7,13.83,14.7
00-0031408,Mike Evans,WR,TB,2021,18,0,0,0.0,0,,0,7,6,56,0.1842,0.1806,20,20,26.9,14.11,26.9
00-0031428,Allen Robinson,WR,CHI,2021,1,0,0,0.0,0,,0,11,6,42,0.275,0.2485,26,27,9.5,15.65,9.5
00-0031428,Allen Robinson,WR,CHI,2021,2,0,0,0.0,0,,0,4,2,59,0.1739,0.3371,34,27,10.4,10.13,10.4
00-0031428,Allen Robinson,WR,CHI,2021,3,0,0,0.0,0,,0,6,2,48,0.3,0.4211,13,12,4.7,8.53,4.7
00-0031428,Allen Robinson,WR,CHI,2021,4,0,0,0.0,0,,0,3,3,55,0.1765,0.2371,39,36,9.3,6.39,9.3
00-0031428,Allen Robinson,WR,CHI,2021,5,0,0,0.0,0,,0,5,4,42,0.25,0.21,37,36,7.2,6.91,7.2
00-0031428,Allen Robinson,WR,CHI,2021,6,0,0,0.0,0,,0,7,4,161,0.28,0.4924,26,21,9.3,13.18,9.3
00-0031428,Allen Robinson,WR,CHI,2021,7,0,0,0.0,0,,0,4,2,70,0.129,0.3398,29,28,3.6,5.0,3.6
00-0031428,Allen Robinson,WR,CHI,2021,8,0,0,0.0,0,,0,4,3,30,0.1481,0.1087,36,28,5.1,6.12,5.1
00-0031428,Allen Robinson,WR,CHI,2021,9,0,0,0.0,0,,0,6,4,87,0.2069,0.1968,26,19,10.8,8.76,10.8
00-0031428,Allen Robinson,WR,CHI,2021,14,0,0,0.0,0,,0,6,2,71,0.1875,0.2763,23,20,3.4,7.79,3.4
00-0031428,Allen Robinson,WR,CHI,2021,17,0,0,0.0,0,,0,6,4,46,0.1818,0.1667,27,26,7.5,9.15,7.5
00-0031428,Allen Robinson,WR,CHI,2021,18,0,0,0.0,0,,0,4,2,44,0.087,0.1325,25,29,6.2,8.12,6.2
00-0031484,Chris Manhertz,TE,JAX,2021,1,0,0,0.0,0,,0,1,1,18,0.02,0.0433,16,19,9.2,2.5,9.2
00-0031484,Chris Manhertz,TE,JAX,2021,2,0,0,0.0,0,,0,1,0,9,0.0303,0.0222,16,16,0.0,1.35,0.0
00-0031484,Chris Manhertz,TE,JAX,2021,4,0,0,0.0,0,,0,1,1,4,0.0455,0.0185,30,21,1.7,1.5,1.7
00-0031484,Chris Manhertz,TE,JAX,2021,6,0,0,0.0,0,,0,1,1,11,0.025,0.0359,19,20,2.1,1.93,2.1
00-0031484,Chris Manhertz,TE,JAX,2021,9,0,0,0.0,0,,0,1,1,3,0.037,0.0146,27,24,1.9,1.49,1.9
00-0031484,Chris Manhertz,TE,JAX,2021,12,0,0,0.0,0,,0,2,1,15,0.0488,0.0357,28,26,2.1,3.34,2.1
00-0031484,Chris Manhertz,TE,JAX,2021,15,0,0,0.0,0,,0,1,1,3,0.0278,0.0115,25,23,2.1,1.59,2.1
00-0031484,Chris Manhertz,TE,JAX,2021,17,0,0,0.0,0,,0,1,0,5,0.0385,0.0258,17,18,0.0,1.34,0.0
00-0031503,Jameis Winston,QB,NO,2021,1,20,14,16.497,0,10.629,6,0,0,0.0,0.0,0.0,39,35,29.6,18.38,29.62
00-0031503,Jameis Winston,QB,NO,2021,2,22,11,-18.645,4,-10.57,3,0,0,0.0,0.0,0.0,17,15,8.3,8.85,8.34
00-0031503,Jameis Winston,QB,NO,2021,3,21,13,5.267,3,2.981,5,0,0,0.0,0.0,0.0,38,32,13.5,11.22,13.52
00-0031503,Jameis Winston,QB,NO,2021,4,23,17,10.946,0,-0.938,0,0,0,0.0,0.0,0.0,39,33,13.0,8.5,13.04
00-0031503,Jameis Winston,QB,NO,2021,5,30,15,7.178,2,-4.662,6,0,0,0.0,0.0,0.0,23,21,25.8,14.75,27.76
00-0031503,Jameis Winston,QB,NO,2021,7,35,19,-0.306,2,-6.903,8,0,0,0.0,0.0,0.0,31,33,16.9,19.9,16.88
00-0031503,Jameis Winston,QB,NO,2021,8,10,6,0.873,0,-14.661,4,0,0,0.0,0.0,0.0,32,31,10.2,6.41,10.24
00-0031544,Amari Cooper,WR,DAL,2021,1,0,0,0.0,0,,0,17,13,124,0.2982,0.3246,18,20,38.9,28.38,38.9
00-0031544,Amari Cooper,WR,DAL,2021,2,0,0,0.0,0,,0,5,3,43,0.1852,0.3139,31,34,5.4,10.85,5.4
00-0031544,Amari Cooper,WR,DAL,2021,3,0,0,0.0,0,,0,4,3,41,0.16,0.1687,41,35,5.6,7.45,5.6
00-0031544,Amari Cooper,WR,DAL,2021,4,0,0,0.0,0,,0,3,3,53,0.1364,0.3376,34,30,15.9,6.43,15.9
00-0031544,Amari Cooper,WR,DAL,2021,5,0,0,0.0,0,,0,6,3,99,0.1875,0.3345,39,41,15.0,14.91,15.0
00-0031544,Amari Cooper,WR,DAL,2021,6,0,0,0.0,0,,0,8,5,133,0.1633,0.2904,31,37,10.5,14.35,10.5
00-0031544,Amari Cooper,WR,DAL,2021,8,0,0,0.0,0,,0,13,8,180,0.3171,0.4147,24,28,26.2,23.04,26.2
00-0031544,Amari Cooper,WR,DAL,2021,9,0,0,0.0,0,,0,5,2,78,0.1282,0.1663,16,18,5.7,8.62,5.7
00-0031544,Amari Cooper,WR,DAL,2021,10,0,0,0.0,0,,0,4,4,32,0.1212,0.1739,37,41,9.1,7.69,9.1
00-0031544,Amari Cooper,WR,DAL,2021,13,0,0,0.0,0,,0,2,2,20,0.05,0.0593,24,24,6.1,2.75,6.1
00-0031544,Amari Cooper,WR,DAL,2021,14,0,0,0.0,0,,0,7,5,43,0.1795,0.177,35,28,16.1,13.88,16.1
00-0031544,Amari Cooper,WR,DAL,2021,15,0,0,0.0,0,,0,5,2,30,0.1351,0.1322,30,34,2.8,7.86,2.8
00-0031544,Amari Cooper,WR,DAL,2021,16,0,0,0.0,0,,0,11,7,166,0.2683,0.379,28,24,21.5,21.78,21.5
00-0031544,Amari Cooper,WR,DAL,2021,17,0,0,0.0,0,,0,7,3,46,0.1842,0.2289,17,16,10.8,14.36,10.8
00-0031544,Amari Cooper,WR,DAL,2021,18,0,0,0.0,0,,0,7,5,64,0.25,0.2735,32,34,12.9,15.39,12.9
00-0031545,Kevin White,WR,NO,2021,7,0,0,0.0,0,,0,2,0,65,0.0625,0.2189,31,33,0.0,4.07,0.0
00-0031545,Kevin White,WR,NO,2021,8,0,0,0.0,0,,0,1,1,29,0.0286,0.1534,32,31,4.8,2.06,4.8
00-0031545,Kevin White,WR,NO,2021,10,0,0,0.0,0,,0,2,0,64,0.0571,0.1951,21,20,0.0,3.41,0.0
00-0031547,DeVante Parker,WR,MIA,2021,1,0,0,0.0,0,,0,7,4,84,0.2593,0.3347,23,24,12.1,11.44,12.1
00-0031547,DeVante Parker,WR,MIA,2021,2,0,0,0.0,0,,0,9,5,94,0.2143,0.4434,20,20,9.2,13.51,9.2
00-0031547,DeVante Parker,WR,MIA,2021,3,0,0,0.0,0,,0,7,4,121,0.1489,0.3095,27,23,8.2,12.18,8.2
00-0031547,DeVante Parker,WR,MIA,2021,4,0,0,0.0,0,,0,9,4,115,0.3,0.5,16,16,17.7,18.28,17.7
00-0031547,DeVante Parker,WR,MIA,2021,8,0,0,0.0,0,,0,11,8,97,0.3056,0.3579,23,24,16.5,15.77,16.5
00-0031547,DeVante Parker,WR,MIA,2021,13,0,0,0.0,0,,0,5,5,59,0.122,0.2107,25,25,11.2,8.25,11.2
00-0031547,DeVante Parker,WR,MIA,2021,15,0,0,0.0,0,,0,8,4,92,0.3077,0.3636,42,33,16.8,14.76,16.8
00-0031547,DeVante Parker,WR,MIA,2021,17,0,0,0.0,0,,0,13,4,156,0.3421,0.4116,16,17,8.6,19.91,8.6
00-0031547,DeVante Parker,WR,MIA,2021,18,0,0,0.0,0,,0,4,2,38,0.1905,0.3065,43,41,3.2,7.45,3.2
00-0031549,Nelson Agholor,WR,NE,2021,1,0,0,0.0,0,,0,7,5,71,0.1842,0.2971,30,38,18.2,11.27,18.2
00-0031549,Nelson Agholor,WR,NE,2021,2,0,0,0.0,0,,0,3,3,19,0.1071,0.1357,24,30,5.1,4.55,5.1
00-0031549,Nelson Agholor,WR,NE,2021,3,0,0,0.0,0,,0,8,2,180,0.1569,0.2844,17,18,3.7,14.01,3.7
00-0031549,Nelson Agholor,WR,NE,2021,4,0,0,0.0,0,,1,5,3,69,0.119,0.318,8,15,8.9,8.47,8.9
00-0031549,Nelson Agholor,WR,NE,2021,5,0,0,0.0,0,,0,4,3,39,0.1429,0.166,30,31,6.2,6.28,6.2
00-0031549,Nelson Agholor,WR,NE,2021,6,0,0,0.0,0,,1,4,1,55,0.1905,0.3198,27,29,3.8,7.33,3.8
00-0031549,Nelson Agholor,WR,NE,2021,7,0,0,0.0,0,,0,5,2,99,0.125,0.2912,32,36,13.1,11.94,13.1
00-0031549,Nelson Agholor,WR,NE,2021,8,0,0,0.0,0,,0,6,3,131,0.1765,0.3922,39,37,9.0,12.31,9.0
00-0031549,Nelson Agholor,WR,NE,2021,10,0,0,0.0,0,,0,4,2,58,0.16,0.324,34,36,4.1,7.43,4.1
00-0031549,Nelson Agholor,WR,NE,2021,11,0,0,0.0,0,,0,5,5,20,0.1923,0.1235,30,27,15.0,7.58,15.0
00-0031549,Nelson Agholor,WR,NE,2021,12,0,0,0.0,0,,0,3,3,19,0.0938,0.0798,24,25,5.0,4.33,5.0
00-0031549,Nelson Agholor,WR,NE,2021,13,0,0,0.0,0,,1,1,0,8,0.3333,0.5333,46,39,0.6,2.12,0.6
00-0031549,Nelson Agholor,WR,NE,2021,15,0,0,0.0,0,,0,6,4,86,0.1364,0.1799,19,18,7.4,9.13,7.4
00-0031549,Nelson Agholor,WR,NE,2021,18,0,0,0.0,0,,0,3,1,60,0.1,0.2469,27,29,3.3,4.99,3.3
00-0031558,Maxx Williams,TE,ARI,2021,1,0,0,0.0,0,,0,1,0,22,0.0312,0.084,33,32,0.0,1.97,0.0
00-0031558,Maxx Williams,TE,ARI,2021,2,0,0,0.0,0,,0,7,7,37,0.2059,0.125,21,21,16.4,11.18,16.4
00-0031558,Maxx Williams,TE,ARI,2021,3,0,0,0.0,0,,0,3,3,12,0.0882,0.0458,30,30,4.9,4.67,4.9
00-0031558,Maxx Williams,TE,ARI,2021,4,0,0,0.0,0,,0,5,5,19,0.1724,0.0826,40,36,17.6,9.97,17.6
00-0031558,Maxx Williams,TE,ARI,2021,5,0,0,0.0,0,,0,1,1,0.0,0.0357,0.0,27,20,2.4,1.37,2.4
00-0031585,MyCole Pruitt,TE,TEN,2021,2,0,0,0.0,0,,0,3,3,27,0.0769,0.0672,40,45,7.3,5.15,7.3
00-0031585,MyCole Pruitt,TE,TEN,2021,3,0,0,0.0,0,,0,1,1,7,0.0385,0.0398,37,35,1.7,1.63,1.7
00-0031585,MyCole Pruitt,TE,TEN,2021,4,0,0,0.0,0,,0,1,1,-6,0.0204,-0.0153,37,44,4.4,2.68,4.4
00-0031585,MyCole Pruitt,TE,TEN,2021,5,0,0,0.0,0,,0,1,1,9,0.0476,0.0542,36,32,8.4,2.21,8.4
00-0031585,MyCole Pruitt,TE,TEN,2021,7,0,0,0.0,0,,0,3,2,25,0.1111,0.1214,35,36,10.7,7.61,10.7
00-0031585,MyCole Pruitt,TE,TEN,2021,8,0,0,0.0,0,,0,2,2,10,0.0625,0.0424,31,31,4.2,3.1,4.2
00-0031585,MyCole Pruitt,TE,TEN,2021,10,0,0,0.0,0,,0,1,1,2,0.037,0.0149,29,27,7.2,4.18,7.2
00-0031585,MyCole Pruitt,TE,TEN,2021,12,0,0,0.0,0,,0,2,1,13,0.0952,0.1016,39,33,2.0,4.89,2.0
00-0031585,MyCole Pruitt,TE,TEN,2021,14,0,0,0.0,0,,0,3,1,30,0.1,0.2041,34,29,1.5,7.33,1.5
00-0031585,MyCole Pruitt,TE,TEN,2021,15,0,0,0.0,0,,0,1,1,1,0.0312,0.0045,42,46,1.1,1.48,1.1
00-0031588,Stefon Diggs,WR,BUF,2021,1,0,0,0.0,0,,0,13,9,127,0.2708,0.2608,25,18,15.9,22.75,15.9
00-0031588,Stefon Diggs,WR,BUF,2021,2,0,0,0.0,0,,0,8,4,108,0.2759,0.3439,30,27,16.0,15.93,16.0
00-0031588,Stefon Diggs,WR,BUF,2021,3,0,0,0.0,0,,0,10,6,151,0.2326,0.371,33,28,12.2,17.99,12.2
00-0031588,Stefon Diggs,WR,BUF,2021,4,0,0,0.0,0,,0,11,7,137,0.3548,0.5055,40,31,18.4,20.76,18.4
00-0031588,Stefon Diggs,WR,BUF,2021,5,0,0,0.0,0,,0,5,2,90,0.2083,0.3082,28,21,8.9,11.45,8.9
00-0031588,Stefon Diggs,WR,BUF,2021,6,0,0,0.0,0,,0,11,9,93,0.2444,0.2416,23,20,23.9,21.14,23.9
00-0031588,Stefon Diggs,WR,BUF,2021,8,0,0,0.0,0,,0,7,5,33,0.1707,0.1289,23,22,15.0,10.65,15.0
00-0031588,Stefon Diggs,WR,BUF,2021,9,0,0,0.0,0,,0,8,6,72,0.1778,0.2509,14,18,14.5,12.97,14.5
00-0031588,Stefon Diggs,WR,BUF,2021,10,0,0,0.0,0,,0,13,8,208,0.4643,0.5746,24,21,30.2,26.78,30.2
00-0031588,Stefon Diggs,WR,BUF,2021,11,0,0,0.0,0,,0,6,4,52,0.1538,0.1864,13,16,18.3,13.67,18.3
00-0031588,Stefon Diggs,WR,BUF,2021,12,0,0,0.0,0,,0,9,7,80,0.3462,0.4734,32,27,20.4,18.03,20.4
00-0031588,Stefon Diggs,WR,BUF,2021,13,0,0,0.0,0,,0,7,4,108,0.2333,0.3473,25,22,9.1,12.48,9.1
00-0031588,Stefon Diggs,WR,BUF,2021,14,0,0,0.0,0,,0,13,7,151,0.2549,0.5572,19,13,14.4,21.73,14.4
00-0031588,Stefon Diggs,WR,BUF,2021,15,0,0,0.0,0,,0,7,4,70,0.2258,0.2341,27,24,13.5,11.86,13.5
00-0031588,Stefon Diggs,WR,BUF,2021,16,0,0,0.0,0,,0,13,7,119,0.3023,0.3826,28,22,21.5,26.42,21.5
00-0031588,Stefon Diggs,WR,BUF,2021,17,0,0,-0.836,1,,0,9,5,110,0.375,0.4681,44,28,10.2,19.55,10.2
00-0031588,Stefon Diggs,WR,BUF,2021,18,0,0,0.0,0,,0,14,9,118,0.3111,0.2816,33,28,23.1,23.37,23.1
00-0031598,Nick Boyle,TE,BAL,2021,11,0,0,0.0,0,,0,1,0,1,0.0278,0.0055,34,35,0.0,1.31,0.0
00-0031598,Nick Boyle,TE,BAL,2021,17,0,0,0.0,0,,0,1,1,2,0.0345,0.0071,32,26,1.2,2.19,1.2
00-0031610,Darren Waller,TE,LV,2021,1,0,0,0.0,0,,0,19,10,203,0.3654,0.3691,21,22,26.5,32.67,26.5
00-0031610,Darren Waller,TE,LV,2021,2,0,0,0.0,0,,0,7,5,66,0.1892,0.2178,25,25,11.5,11.74,11.5
00-0031610,Darren Waller,TE,LV,2021,3,0,0,0.0,0,,0,7,5,81,0.175,0.203,35,37,10.4,12.98,10.4
00-0031610,Darren Waller,TE,LV,2021,4,0,0,0.0,0,,0,7,4,67,0.2188,0.2279,18,20,15.0,13.49,15.0
00-0031610,Darren Waller,TE,LV,2021,5,0,0,0.0,0,,0,8,4,75,0.2286,0.2351,22,22,8.5,14.71,8.5
00-0031610,Darren Waller,TE,LV,2021,6,0,0,0.0,0,,0,5,5,51,0.2,0.1594,23,25,10.9,8.0,10.9
00-0031610,Darren Waller,TE,LV,2021,9,0,0,0.0,0,,0,11,7,99,0.2391,0.3722,20,29,16.2,22.97,16.2
00-0031610,Darren Waller,TE,LV,2021,10,0,0,0.0,0,,0,7,4,47,0.2059,0.1836,14,19,6.4,10.87,6.4
00-0031610,Darren Waller,TE,LV,2021,11,0,0,0.0,0,,0,8,7,85,0.32,0.3664,18,21,18.6,15.65,18.6
00-0031610,Darren Waller,TE,LV,2021,12,0,0,0.0,0,,0,5,2,76,0.1316,0.2021,35,33,5.3,9.1,5.3
00-0031610,Darren Waller,TE,LV,2021,18,0,0,0.0,0,,0,9,2,68,0.2727,0.2464,34,32,4.2,17.43,4.2
00-0031687,Raheem Mostert,RB,SF,2021,1,0,0,0.0,0,,2,0,0,0.0,0.0,0.0,28,23,2.0,1.11,2.0
00-0031690,Eric Tomlinson,TE,BAL,2021,9,0,0,0.0,0,,0,1,1,3,0.0244,0.0093,45,29,1.7,1.38,1.7
00-0031763,DeAndre Carter,WR,WAS,2021,2,0,0,0.0,0,,1,0,0,0.0,0.0,0.0,22,24,0.2,0.57,0.2
00-0031763,DeAndre Carter,WR,WAS,2021,4,0,0,0.0,0,,0,1,1,18,0.0303,0.061,28,31,9.4,2.03,3.4
00-0031763,DeAndre Carter,WR,WAS,2021,5,0,0,0.0,0,,1,8,4,117,0.1951,0.294,33,29,11.3,13.6,11.3
00-0031763,DeAndre Carter,WR,WAS,2021,6,0,0,0.0,0,,0,1,0,-3,0.0256,-0.0109,19,30,0.0,1.1,0.0
00-0031763,DeAndre Carter,WR,WAS,2021,7,0,0,0.0,0,,1,1,1,4,0.0278,0.0156,29,24,4.1,2.1,4.1
00-0031763,DeAndre Carter,WR,WAS,2021,8,0,0,0.0,0,,0,6,3,94,0.1622,0.3298,24,33,14.1,9.8,14.1
00-0031763,DeAndre Carter,WR,WAS,2021,10,0,0,0.0,0,,1,6,3,93,0.1875,0.4026,34,36,15.0,11.68,15.0
00-0031763,DeAndre Carter,WR,WAS,2021,11,0,0,0.0,0,,1,3,2,32,0.15,0.1328,40,34,9.9,7.71,9.9
00-0031763,DeAndre Carter,WR,WAS,2021,12,0,0,0.0,0,,1,5,4,44,0.1471,0.2328,43,49,8.6,9.23,8.6
00-0031763,DeAndre Carter,WR,WAS,2021,13,0,0,0.0,0,,0,1,1,5,0.0333,0.0248,30,32,1.6,1.52,1.6
00-0031763,DeAndre Carter,WR,WAS,2021,14,0,0,0.0,0,,0,6,2,69,0.1818,0.1983,23,22,3.2,9.3,3.2
00-0031763,DeAndre Carter,WR,WAS,2021,15,0,0,0.0,0,,1,3,2,6,0.1,0.0305,21,26,4.4,4.34,4.4
00-0031763,DeAndre Carter,WR,WAS,2021,16,0,0,0.0,0,,1,2,1,10,0.0667,0.0412,20,21,3.0,3.59,3.0
00-0031763,DeAndre Carter,WR,WAS,2021,17,0,0,0.0,0,,1,0,0,0.0,0.0,0.0,22,27,0.6,0.67,0.6
00-0031763,DeAndre Carter,WR,WAS,2021,18,0,0,0.0,0,,1,1,0,-4,0.0588,-0.0278,37,37,1.1,1.91,1.1
00-0031787,Jake Kumerow,WR,BUF,2021,2,0,0,0.0,0,,0,1,0,11,0.0345,0.035,30,27,0.0,3.27,0.0
00-0031787,Jake Kumerow,WR,BUF,2021,6,0,0,0.0,0,,0,1,0,30,0.0222,0.0779,23,20,0.0,1.86,0.0
00-0031787,Jake Kumerow,WR,BUF,2021,16,0,0,0.0,0,,0,3,1,33,0.0698,0.1061,28,22,2.3,7.56,2.3
00-0031787,Jake Kumerow,WR,BUF,2021,18,0,0,0.0,0,,0,1,1,12,0.0222,0.0286,33,28,2.5,1.93,2.5
00-0031800,Taylor Heinicke,QB,WAS,2021,1,15,11,4.827,0,17.982,3,0,0,0.0,0.0,0.0,27,26,10.6,8.44,10.58
00-0031800,Taylor Heinicke,QB,WAS,2021,2,46,34,0.9,1,7.709,4,0,0,0.0,0.0,0.0,22,24,20.0,22.24,20.04
00-0031800,Taylor Heinicke,QB,WAS,2021,3,24,14,4.85,1,-6.328,8,1,1,-4,0.0417,-0.0242,25,18,21.4,20.02,21.38
00-0031800,Taylor Heinicke,QB,WAS,2021,4,33,23,18.078,1,3.525,5,0,0,0.0,0.0,0.0,28,31,27.9,20.09,27.9
00-0031800,Taylor Heinicke,QB,WAS,2021,5,41,20,-13.309,2,-12.052,5,0,0,0.0,0.0,0.0,33,29,9.9,25.85,9.92
00-0031800,Taylor Heinicke,QB,WAS,2021,6,39,24,-5.716,0,-6.754,0,0,0,0.0,0.0,0.0,19,30,9.3,13.52,9.28
00-0031800,Taylor Heinicke,QB,WAS,2021,7,37,25,-10.545,4,3.789,10,0,0,0.0,0.0,0.0,29,24,20.2,31.79,22.22
00-0031800,Taylor Heinicke,QB,WAS,2021,8,39,24,-2.634,5,-4.155,1,0,0,0.0,0.0,0.0,24,33,11.8,15.32,11.8
00-0031800,Taylor Heinicke,QB,WAS,2021,10,32,26,8.66,5,12.284,3,0,0,0.0,0.0,0.0,34,36,15.7,15.27,15.74
00-0031800,Taylor Heinicke,QB,WAS,2021,11,22,16,13.535,3,23.248,6,0,0,0.0,0.0,0.0,40,34,23.1,14.53,23.14
00-0031800,Taylor Heinicke,QB,WAS,2021,12,35,27,6.289,1,7.294,4,0,0,0.0,0.0,0.0,43,49,11.2,18.35,11.22
00-0031800,Taylor Heinicke,QB,WAS,2021,13,30,23,5.53,1,7.501,3,0,0,0.0,0.0,0.0,30,32,14.8,16.1,14.84
00-0031800,Taylor Heinicke,QB,WAS,2021,14,25,11,-23.942,4,-17.627,3,0,0,0.0,0.0,0.0,23,22,7.7,10.36,9.68
00-0031800,Taylor Heinicke,QB,WAS,2021,16,22,7,-22.931,4,-30.885,1,0,0,0.0,0.0,0.0,20,21,4.7,7.27,4.74
00-0031800,Taylor Heinicke,QB,WAS,2021,17,36,27,-4.651,3,7.001,2,0,0,0.0,0.0,0.0,22,27,9.3,13.1,9.28
00-0031800,Taylor Heinicke,QB,WAS,2021,18,18,9,-8.297,3,-8.704,2,0,0,0.0,0.0,0.0,37,37,5.1,10.48,5.1
00-0031806,Malcolm Brown,RB,MIA,2021,1,0,0,0.0,0,,5,0,0,0.0,0.0,0.0,23,24,1.6,2.51,1.6
00-0031806,Malcolm Brown,RB,MIA,2021,2,0,0,0.0,0,,5,0,0,0.0,0.0,0.0,20,20,2.1,2.53,2.1
00-0031806,Malcolm Brown,RB,MIA,2021,3,0,0,0.0,0,,7,2,0,-4,0.0426,-0.0102,27,23,9.1,11.05,9.1
00-0031806,Malcolm Brown,RB,MIA,2021,4,0,0,0.0,0,,8,1,1,0.0,0.0333,0.0,16,16,3.7,11.71,3.7
00-0031806,Malcolm Brown,RB,MIA,2021,6,0,0,0.0,0,,5,1,1,3,0.0213,0.0077,20,21,4.1,3.65,4.1
00-0031806,Malcolm Brown,RB,MIA,2021,7,0,0,0.0,0,,3,1,1,-1,0.025,-0.0041,29,32,1.9,2.92,1.9
00-0031868,Damiere Byrd,WR,CHI,2021,1,0,0,0.0,0,,0,3,3,13,0.075,0.0769,26,27,4.9,4.2,4.9
00-0031868,Damiere Byrd,WR,CHI,2021,6,0,0,0.0,0,,0,1,0,0.0,0.04,0.0,26,21,0.0,1.3,0.0
00-0031868,Damiere Byrd,WR,CHI,2021,7,0,0,0.0,0,,0,1,1,2,0.0323,0.0097,29,28,2.0,1.28,2.0
00-0031868,Damiere Byrd,WR,CHI,2021,11,0,0,0.0,0,,0,2,1,39,0.0606,0.0935,20,16,1.3,3.85,1.3
00-0031868,Damiere Byrd,WR,CHI,2021,12,0,0,0.0,0,,0,5,4,61,0.1351,0.1763,29,24,8.2,9.32,8.2
00-0031868,Damiere Byrd,WR,CHI,2021,13,0,0,0.0,0,,0,7,3,68,0.175,0.2906,27,34,6.6,11.29,6.6
00-0031868,Damiere Byrd,WR,CHI,2021,14,0,0,0.0,0,,0,2,2,27,0.0625,0.1051,23,20,15.6,2.97,15.6
00-0031868,Damiere Byrd,WR,CHI,2021,15,0,0,0.0,0,,0,6,5,50,0.1667,0.1701,28,26,11.2,9.07,11.2
00-0031868,Damiere Byrd,WR,CHI,2021,16,0,0,0.0,0,,0,3,1,14,0.0857,0.0707,30,33,4.1,6.02,4.1
00-0031868,Damiere Byrd,WR,CHI,2021,17,0,0,0.0,0,,0,2,1,15,0.0606,0.0543,27,26,3.3,3.43,3.3
00-0031868,Damiere Byrd,WR,CHI,2021,18,0,0,0.0,0,,0,6,5,36,0.1304,0.1084,25,29,9.7,8.87,9.7
00-0031934,Devin Smith,WR,JAX,2021,1,0,0,0.0,0,,0,1,0,19,0.02,0.0457,16,19,0.0,1.83,0.0
00-0031941,Jamison Crowder,WR,NYJ,2021,4,0,0,0.0,0,,0,9,7,53,0.2647,0.1661,25,25,19.1,15.97,19.1
00-0031941,Jamison Crowder,WR,NYJ,2021,5,0,0,0.0,0,,0,6,4,21,0.1935,0.0761,18,22,8.4,9.38,8.4
00-0031941,Jamison Crowder,WR,NYJ,2021,7,0,0,0.0,0,,0,6,4,30,0.1463,0.1154,17,30,7.4,7.79,7.4
00-0031941,Jamison Crowder,WR,NYJ,2021,8,0,0,1.053,0,,0,9,8,55,0.1837,0.3216,27,34,16.4,14.77,16.4
00-0031941,Jamison Crowder,WR,NYJ,2021,9,0,0,0.0,0,,0,7,5,30,0.1346,0.0691,21,20,8.8,8.87,8.8
00-0031941,Jamison Crowder,WR,NYJ,2021,10,0,0,0.0,0,,0,5,3,45,0.1087,0.1376,22,33,5.0,7.94,5.0
00-0031941,Jamison Crowder,WR,NYJ,2021,11,0,0,0.0,0,,0,7,6,43,0.2,0.141,18,19,16.4,11.48,16.4
00-0031941,Jamison Crowder,WR,NYJ,2021,12,0,0,0.0,0,,0,1,1,4,0.0435,0.0388,34,33,1.5,1.38,1.5
00-0031941,Jamison Crowder,WR,NYJ,2021,13,0,0,0.0,0,,0,6,4,51,0.1667,0.165,17,20,10.2,10.62,10.2
00-0031941,Jamison Crowder,WR,NYJ,2021,14,0,0,0.0,0,,0,6,3,50,0.15,0.1639,17,17,4.9,8.71,4.9
00-0031941,Jamison Crowder,WR,NYJ,2021,15,0,0,0.0,0,,0,8,5,50,0.3636,0.3704,24,19,9.0,11.58,9.0
00-0031941,Jamison Crowder,WR,NYJ,2021,18,0,0,-1.351,1,,0,1,1,16,0.0526,0.1176,17,15,2.6,2.06,2.6
00-0031951,James O'Shaughnessy,TE,JAX,2021,1,0,0,0.0,0,,0,8,6,39,0.16,0.0938,16,19,10.8,11.9,10.8
00-0031951,James O'Shaughnessy,TE,JAX,2021,2,0,0,0.0,0,,0,1,1,20,0.0303,0.0494,16,16,3.4,1.78,3.4
00-0031951,James O'Shaughnessy,TE,JAX,2021,12,0,0,0.0,0,,0,5,3,45,0.122,0.1071,28,26,7.9,9.09,7.9
00-0031951,James O'Shaughnessy,TE,JAX,2021,13,0,0,0.0,0,,0,6,2,36,0.2143,0.3077,25,19,3.3,9.21,3.3
00-0031951,James O'Shaughnessy,TE,JAX,2021,14,0,0,0.0,0,,0,6,4,21,0.1622,0.0625,8,10,6.1,9.03,6.1
00-0031951,James O'Shaughnessy,TE,JAX,2021,15,0,0,0.0,0,,0,4,4,29,0.1111,0.1107,25,23,10.0,5.72,10.0
00-0031951,James O'Shaughnessy,TE,JAX,2021,16,0,0,0.0,0,,0,4,4,36,0.1143,0.096,31,23,8.9,6.02,8.9
00-0032009,Adam Humphries,WR,WAS,2021,1,0,0,0.0,0,,0,2,2,3,0.1,0.025,27,26,3.0,2.99,3.0
00-0032009,Adam Humphries,WR,WAS,2021,2,0,0,0.0,0,,0,8,7,17,0.1818,0.0487,22,24,11.4,11.03,11.4
00-0032009,Adam Humphries,WR,WAS,2021,3,0,0,0.0,0,,0,4,1,36,0.1667,0.2182,25,18,1.7,6.02,1.7
00-0032009,Adam Humphries,WR,WAS,2021,4,0,0,0.0,0,,0,1,1,11,0.0303,0.0373,28,31,2.9,1.51,2.9
00-0032009,Adam Humphries,WR,WAS,2021,5,0,0,0.0,0,,0,5,3,43,0.122,0.108,33,29,10.3,7.41,10.3
00-0032009,Adam Humphries,WR,WAS,2021,6,0,0,0.0,0,,0,2,1,17,0.0513,0.0618,19,30,0.6,3.26,0.6
00-0032009,Adam Humphries,WR,WAS,2021,7,0,0,0.0,0,,0,4,3,44,0.1111,0.1712,29,24,6.6,6.59,6.6
00-0032009,Adam Humphries,WR,WAS,2021,8,0,0,0.0,0,,0,3,2,45,0.0811,0.1579,24,33,5.5,4.48,5.5
00-0032009,Adam Humphries,WR,WAS,2021,10,0,0,0.0,0,,0,1,1,5,0.0312,0.0216,34,36,1.5,1.45,1.5
00-0032009,Adam Humphries,WR,WAS,2021,11,0,0,0.0,0,,0,2,2,21,0.1,0.0871,40,34,5.0,3.06,5.0
00-0032009,Adam Humphries,WR,WAS,2021,12,0,0,0.0,0,,0,2,2,10,0.0588,0.0529,43,49,3.4,3.02,3.4
00-0032009,Adam Humphries,WR,WAS,2021,13,0,0,0.0,0,,0,5,4,38,0.1667,0.1881,30,32,7.8,7.54,7.8
00-0032009,Adam Humphries,WR,WAS,2021,14,0,0,0.0,0,,0,7,4,48,0.2121,0.1379,23,22,7.4,10.26,7.4
00-0032009,Adam Humphries,WR,WAS,2021,15,0,0,0.0,0,,0,6,3,22,0.2,0.1117,21,26,5.3,9.02,5.3
00-0032009,Adam Humphries,WR,WAS,2021,16,0,0,0.0,0,,0,6,2,29,0.2,0.1193,20,21,2.4,9.35,2.4
00-0032009,Adam Humphries,WR,WAS,2021,17,0,0,0.0,0,,0,2,2,8,0.0588,0.0442,22,27,3.2,2.82,3.2
00-0032009,Adam Humphries,WR,WAS,2021,18,0,0,0.0,0,,0,2,1,14,0.1176,0.0972,37,37,1.3,2.79,1.3
00-0032054,Breshad Perriman,WR,TB,2021,11,0,0,0.0,0,,1,4,2,69,0.0851,0.1971,27,28,3.6,8.63,3.6
00-0032054,Breshad Perriman,WR,TB,2021,13,0,0,0.0,0,,0,3,1,12,0.0588,0.037,17,24,1.5,4.61,1.5
00-0032054,Breshad Perriman,WR,TB,2021,14,0,0,0.0,0,,0,2,1,13,0.0435,0.0375,29,26,12.8,3.17,12.8
00-0032054,Breshad Perriman,WR,TB,2021,17,0,0,0.0,0,,0,3,2,32,0.0612,0.0631,21,27,6.1,6.14,6.1
00-0032054,Breshad Perriman,WR,TB,2021,18,0,0,0.0,0,,0,6,5,43,0.1579,0.1387,20,20,9.4,9.67,9.4
00-0032058,Tevin Coleman,RB,NYJ,2021,1,0,0,0.0,0,,9,0,0,0.0,0.0,0.0,17,19,2.4,3.71,2.4
00-0032058,Tevin Coleman,RB,NYJ,2021,2,0,0,0.0,0,,5,0,0,0.0,0.0,0.0,31,30,2.4,2.44,2.4
00-0032058,Tevin Coleman,RB,NYJ,2021,4,0,0,0.0,0,,4,2,2,-11,0.0588,-0.0345,25,25,5.1,5.15,5.1
00-0032058,Tevin Coleman,RB,NYJ,2021,5,0,0,0.0,0,,3,1,0,-4,0.0323,-0.0145,18,22,1.1,2.95,1.1
00-0032058,Tevin Coleman,RB,NYJ,2021,10,0,0,0.0,0,,4,3,2,-12,0.0652,-0.0367,22,33,5.3,5.81,5.3
00-0032058,Tevin Coleman,RB,NYJ,2021,11,0,0,0.0,0,,5,1,1,-1,0.0286,-0.0033,18,19,2.8,3.74,2.8
00-0032058,Tevin Coleman,RB,NYJ,2021,12,0,0,0.0,0,,16,3,2,-8,0.1304,-0.0777,34,33,9.0,11.64,9.0
00-0032058,Tevin Coleman,RB,NYJ,2021,13,0,0,0.0,0,,11,4,3,-7,0.1111,-0.0227,17,20,10.7,14.59,10.7
00-0032058,Tevin Coleman,RB,NYJ,2021,15,0,0,0.0,0,,8,0,0,0.0,0.0,0.0,24,19,5.0,4.73,5.0
00-0032058,Tevin Coleman,RB,NYJ,2021,16,0,0,0.0,0,,14,1,1,0.0,0.0476,0.0,36,33,7.1,14.39,7.1
00-0032058,Tevin Coleman,RB,NYJ,2021,18,0,0,0.0,0,,5,1,0,20,0.0526,0.1471,17,15,0.6,4.9,0.6
00-0032062,Blake Bell,TE,KC,2021,1,0,0,0.0,0,,1,1,1,1,0.0294,0.003,23,18,1.5,1.73,1.5
00-0032062,Blake Bell,TE,KC,2021,2,0,0,0.0,0,,0,1,1,-3,0.0333,-0.0122,18,17,3.0,1.67,3.0
00-0032062,Blake Bell,TE,KC,2021,3,0,0,0.0,0,,0,1,1,-1,0.025,-0.0026,30,28,1.6,1.52,1.6
00-0032062,Blake Bell,TE,KC,2021,5,0,0,0.0,0,,0,1,1,3,0.02,0.0083,23,19,1.4,1.44,1.4
00-0032062,Blake Bell,TE,KC,2021,8,0,0,0.0,0,,0,2,0,11,0.0465,0.0331,27,30,0.0,3.27,0.0
00-0032062,Blake Bell,TE,KC,2021,9,0,0,0.0,0,,0,1,0,0.0,0.0278,0.0,25,29,0.0,1.42,0.0
00-0032062,Blake Bell,TE,KC,2021,10,0,0,0.0,0,,1,0,0,0.0,0.0,0.0,25,30,0.3,0.64,0.3
00-0032062,Blake Bell,TE,KC,2021,11,0,0,0.0,0,,0,1,1,-3,0.0303,-0.0152,26,20,1.8,1.8,1.8
00-0032062,Blake Bell,TE,KC,2021,15,0,0,0.0,0,,1,1,0,0.0,0.0222,0.0,20,16,0.3,1.82,0.3
00-0032062,Blake Bell,TE,KC,2021,16,0,0,0.0,0,,0,1,1,10,0.0345,0.0394,35,39,2.1,1.61,2.1
00-0032062,Blake Bell,TE,KC,2021,17,0,0,0.0,0,,1,3,3,13,0.0882,0.0438,23,21,6.7,6.72,6.7
00-0032063,Mike Davis,RB,ATL,2021,1,0,0,0.0,0,,15,6,3,-3,0.1818,-0.0168,26,27,10.2,20.01,10.2
00-0032063,Mike Davis,RB,ATL,2021,2,0,0,0.0,0,,9,7,7,-11,0.1458,-0.0591,20,28,13.3,14.59,13.3
00-0032063,Mike Davis,RB,ATL,2021,3,0,0,0.0,0,,12,4,4,-10,0.1111,-0.0676,20,29,11.0,14.3,11.0
00-0032063,Mike Davis,RB,ATL,2021,4,0,0,0.0,0,,13,2,2,-8,0.05,-0.0182,28,32,10.6,11.5,10.6
00-0032063,Mike Davis,RB,ATL,2021,5,0,0,0.0,0,,13,5,2,-9,0.1111,-0.0254,29,37,12.1,16.35,12.1
00-0032063,Mike Davis,RB,ATL,2021,7,0,0,0.0,0,,4,0,0,0.0,0.0,0.0,22,21,1.0,1.83,1.0
00-0032063,Mike Davis,RB,ATL,2021,8,0,0,0.0,0,,9,6,5,-17,0.2222,-0.0876,20,28,11.6,13.36,11.6
00-0032063,Mike Davis,RB,ATL,2021,9,0,0,0.0,0,,9,2,1,2,0.0667,0.0076,25,25,2.8,5.95,2.8
00-0032063,Mike Davis,RB,ATL,2021,10,0,0,0.0,0,,4,1,0,2,0.037,0.0079,24,25,1.8,3.51,1.8
00-0032063,Mike Davis,RB,ATL,2021,11,0,0,0.0,0,,3,4,3,-2,0.129,-0.0106,16,18,5.1,6.84,5.1
00-0032063,Mike Davis,RB,ATL,2021,12,0,0,0.0,0,,5,4,3,1,0.1429,0.0076,29,30,7.1,7.71,7.1
00-0032063,Mike Davis,RB,ATL,2021,13,0,0,0.0,0,,4,4,4,-3,0.1,-0.0119,23,27,16.9,8.08,16.9
00-0032063,Mike Davis,RB,ATL,2021,14,0,0,0.0,0,,11,6,5,16,0.2222,0.0755,36,39,13.6,13.4,13.6
00-0032063,Mike Davis,RB,ATL,2021,15,0,0,0.0,0,,6,1,0,1,0.0333,0.0039,23,21,2.1,6.23,2.1
00-0032063,Mike Davis,RB,ATL,2021,16,0,0,0.0,0,,7,1,1,-4,0.0455,-0.0223,18,16,4.5,5.07,4.5
00-0032063,Mike Davis,RB,ATL,2021,17,0,0,0.0,0,,8,2,1,1,0.1,0.005,22,23,12.7,9.92,12.7
00-0032063,Mike Davis,RB,ATL,2021,18,0,0,0.0,0,,6,3,3,-8,0.0968,-0.0235,12,15,1.8,8.17,1.8
00-0032098,Daniel Brown,TE,NYJ,2021,17,0,0,0.0,0,,0,2,2,7,0.0667,0.0295,26,26,4.9,2.81,4.9
00-0032104,Ameer Abdullah,RB,MIN,2021,1,0,0,0.0,0,,1,2,2,2,0.0426,0.0064,22,31,3.9,3.58,3.9
00-0032104,Ameer Abdullah,RB,MIN,2021,2,0,0,0.0,0,,0,1,0,4,0.0312,0.0197,27,28,0.0,1.55,0.0
00-0032104,Ameer Abdullah,RB,MIN,2021,3,0,0,0.0,0,,5,0,0,0.0,0.0,0.0,34,37,2.4,2.35,2.4
00-0032104,Ameer Abdullah,RB,MIN,2021,4,0,0,0.0,0,,0,1,1,-4,0.0278,-0.0125,23,22,1.2,1.52,1.2
00-0032104,Ameer Abdullah,RB,MIN,2021,5,0,0,0.0,0,,1,0,0,0.0,0.0,0.0,28,33,0.2,0.7,0.2
00-0032104,Ameer Abdullah,RB,CAR,2021,8,0,0,0.0,0,,8,5,3,7,0.2083,0.0574,47,42,9.6,11.14,9.6
00-0032104,Ameer Abdullah,RB,CAR,2021,9,0,0,0.0,0,,1,5,4,13,0.1724,0.071,23,27,7.0,7.66,7.0
00-0032104,Ameer Abdullah,RB,CAR,2021,10,0,0,0.0,0,,9,4,4,-5,0.125,-0.0403,37,45,9.1,11.57,9.1
00-0032104,Ameer Abdullah,RB,CAR,2021,11,0,0,0.0,0,,1,0,0,0.0,0.0,0.0,21,18,0.6,0.47,0.6
00-0032104,Ameer Abdullah,RB,CAR,2021,12,0,0,0.0,0,,2,6,2,6,0.1935,0.0189,18,16,4.4,8.9,4.4
00-0032104,Ameer Abdullah,RB,CAR,2021,14,0,0,0.0,0,,4,4,2,-1,0.1143,-0.0033,26,16,5.3,8.38,5.3
00-0032104,Ameer Abdullah,RB,CAR,2021,15,0,0,0.0,0,,4,4,4,17,0.1111,0.0578,29,17,15.5,7.54,15.5
00-0032104,Ameer Abdullah,RB,CAR,2021,16,0,0,0.0,0,,2,6,3,25,0.1395,0.0644,15,14,3.9,13.11,3.9
00-0032104,Ameer Abdullah,RB,CAR,2021,17,0,0,0.0,0,,6,4,4,-14,0.1667,-0.1429,26,30,9.2,7.7,9.2
00-0032104,Ameer Abdullah,RB,CAR,2021,18,0,0,0.0,0,,7,11,9,-7,0.2619,-0.0247,26,27,17.2,19.04,17.2
00-0032128,Chris Conley,WR,HOU,2021,1,0,0,0.0,0,,0,2,2,20,0.0625,0.0629,41,41,4.7,3.67,4.7
00-0032128,Chris Conley,WR,HOU,2021,2,0,0,0.0,0,,0,2,1,12,0.0714,0.0441,28,29,2.3,2.89,2.3
00-0032128,Chris Conley,WR,HOU,2021,3,0,0,0.0,0,,0,1,0,16,0.04,0.0842,17,17,0.0,1.84,0.0
00-0032128,Chris Conley,WR,HOU,2021,4,0,0,0.0,0,,0,1,0,19,0.05,0.1056,18,19,0.0,2.08,0.0
00-0032128,Chris Conley,WR,HOU,2021,5,0,0,0.0,0,,0,4,3,76,0.1481,0.2857,24,28,15.4,7.71,15.4
00-0032128,Chris Conley,WR,HOU,2021,6,0,0,0.0,0,,0,2,1,9,0.0476,0.0323,29,32,2.0,2.73,2.0
00-0032128,Chris Conley,WR,HOU,2021,8,0,0,0.0,0,,0,2,1,47,0.0556,0.1787,14,20,3.4,3.48,3.4
00-0032128,Chris Conley,WR,HOU,2021,9,0,0,0.0,0,,0,3,2,17,0.075,0.0466,18,18,5.8,4.55,5.8
00-0032128,Chris Conley,WR,HOU,2021,11,0,0,0.0,0,,0,5,4,36,0.2174,0.3711,38,35,7.7,7.57,7.7
00-0032128,Chris Conley,WR,HOU,2021,13,0,0,0.0,0,,0,4,0,38,0.1538,0.2639,19,15,0.0,5.71,0.0
00-0032128,Chris Conley,WR,HOU,2021,14,0,0,0.0,0,,0,2,2,-5,0.0417,-0.0189,25,32,4.0,2.72,4.0
00-0032128,Chris Conley,WR,HOU,2021,15,0,0,0.0,0,,0,4,2,7,0.1333,0.0332,26,27,3.2,5.24,3.2
00-0032128,Chris Conley,WR,HOU,2021,16,0,0,0.0,0,,0,3,3,45,0.1111,0.2153,36,36,15.0,5.24,15.0
00-0032128,Chris Conley,WR,HOU,2021,17,0,0,0.0,0,,1,2,1,3,0.0667,0.0155,27,34,1.1,3.51,1.1
00-0032134,C.J. Uzomah,TE,CIN,2021,1,0,0,0.0,0,,0,2,2,15,0.0769,0.0682,36,39,5.5,3.23,5.5
00-0032134,C.J. Uzomah,TE,CIN,2021,2,0,0,0.0,0,,0,2,2,-1,0.069,-0.0044,20,22,2.4,2.86,2.4
00-0032134,C.J. Uzomah,TE,CIN,2021,3,0,0,0.0,0,,0,1,0,3,0.0556,0.0187,24,23,0.0,1.34,0.0
00-0032134,C.J. Uzomah,TE,CIN,2021,4,0,0,0.0,0,,0,6,5,36,0.1875,0.1532,22,21,26.5,8.87,26.5
00-0032134,C.J. Uzomah,TE,CIN,2021,5,0,0,0.0,0,,0,2,2,6,0.0541,0.0196,24,28,3.6,2.98,3.6
00-0032134,C.J. Uzomah,TE,CIN,2021,6,0,0,0.0,0,,0,3,3,11,0.1034,0.0509,36,36,10.5,7.85,10.5
00-0032134,C.J. Uzomah,TE,CIN,2021,7,0,0,0.0,0,,0,3,3,50,0.0833,0.1285,24,24,24.1,5.13,24.1
00-0032134,C.J. Uzomah,TE,CIN,2021,8,0,0,0.0,0,,0,4,4,7,0.1176,0.034,16,20,7.3,5.69,7.3
00-0032134,C.J. Uzomah,TE,CIN,2021,9,0,0,0.0,0,,0,5,4,19,0.122,0.05,23,26,6.4,8.48,6.4
00-0032134,C.J. Uzomah,TE,CIN,2021,11,0,0,0.0,0,,0,3,2,9,0.1071,0.0409,38,36,2.9,4.61,2.9
00-0032134,C.J. Uzomah,TE,CIN,2021,12,0,0,0.0,0,,0,3,3,5,0.125,0.0275,38,42,3.9,4.23,3.9
00-0032134,C.J. Uzomah,TE,CIN,2021,13,0,0,0.0,0,,0,6,3,37,0.1579,0.0939,25,26,5.0,9.18,5.0
00-0032134,C.J. Uzomah,TE,CIN,2021,14,0,0,0.0,0,,0,6,4,21,0.1765,0.0722,26,28,9.6,7.97,9.6
00-0032134,C.J. Uzomah,TE,CIN,2021,15,0,0,0.0,0,,0,4,3,15,0.1905,0.0932,26,24,4.8,5.5,4.8
00-0032134,C.J. Uzomah,TE,CIN,2021,16,0,0,0.0,0,,0,7,5,18,0.1522,0.047,21,27,8.6,13.71,8.6
00-0032134,C.J. Uzomah,TE,CIN,2021,17,0,0,0.0,0,,0,6,4,23,0.1579,0.0875,19,21,7.2,8.09,7.2
00-0032135,Jesse James,TE,CHI,2021,7,0,0,0.0,0,,0,3,3,10,0.0968,0.0485,29,28,5.0,4.08,5.0
00-0032135,Jesse James,TE,CHI,2021,8,0,0,0.0,0,,0,3,3,31,0.1111,0.1123,36,28,12.8,7.28,12.8
00-0032135,Jesse James,TE,CHI,2021,12,0,0,0.0,0,,0,1,0,10,0.027,0.0289,29,24,0.0,2.59,0.0
00-0032135,Jesse James,TE,CHI,2021,17,0,0,0.0,0,,0,1,1,3,0.0303,0.0109,27,26,1.4,0.84,1.4
00-0032141,Geoff Swaim,TE,TEN,2021,1,0,0,0.0,0,,0,1,0,11,0.0278,0.0401,22,26,0.0,3.35,0.0
00-0032141,Geoff Swaim,TE,TEN,2021,2,0,0,0.0,0,,0,2,2,10,0.0513,0.0249,40,45,3.0,2.66,3.0
00-0032141,Geoff Swaim,TE,TEN,2021,3,0,0,0.0,0,,0,4,3,7,0.1538,0.0398,37,35,5.7,6.94,5.7
00-0032141,Geoff Swaim,TE,TEN,2021,4,0,0,0.0,0,,0,1,0,14,0.0204,0.0356,37,44,0.0,1.28,0.0
00-0032141,Geoff Swaim,TE,TEN,2021,5,0,0,0.0,0,,0,1,0,8,0.0476,0.0482,36,32,0.0,1.83,0.0
00-0032141,Geoff Swaim,TE,TEN,2021,6,0,0,0.0,0,,0,2,1,5,0.08,0.0197,22,22,1.8,3.27,1.8
00-0032141,Geoff Swaim,TE,TEN,2021,7,0,0,0.0,0,,0,1,1,5,0.037,0.0243,35,36,1.8,1.74,1.8
00-0032141,Geoff Swaim,TE,TEN,2021,8,0,0,0.0,0,,0,5,4,18,0.1562,0.0763,31,31,12.3,9.66,12.3
00-0032141,Geoff Swaim,TE,TEN,2021,9,0,0,0.0,0,,0,4,4,4,0.1538,0.0367,26,26,12.9,9.01,12.9
00-0032141,Geoff Swaim,TE,TEN,2021,10,0,0,0.0,0,,0,5,4,31,0.1852,0.2313,29,27,6.6,8.17,6.6
00-0032141,Geoff Swaim,TE,TEN,2021,12,0,0,0.0,0,,0,1,1,4,0.0476,0.0312,39,33,1.8,1.29,1.8
00-0032141,Geoff Swaim,TE,TEN,2021,14,0,0,0.0,0,,0,4,3,13,0.1333,0.0884,34,29,7.5,7.96,7.5
00-0032141,Geoff Swaim,TE,TEN,2021,15,0,0,0.0,0,,0,2,1,13,0.0625,0.0588,42,46,1.5,3.95,1.5
00-0032141,Geoff Swaim,TE,TEN,2021,16,0,0,0.0,0,,0,3,3,6,0.1,0.0233,24,23,4.0,4.3,4.0
00-0032141,Geoff Swaim,TE,TEN,2021,17,0,0,0.0,0,,0,3,3,-1,0.1667,-0.0075,40,39,9.9,7.44,9.9
00-0032141,Geoff Swaim,TE,TEN,2021,18,0,0,0.0,0,,0,1,1,-2,0.0312,-0.0061,32,32,1.2,1.52,1.2
00-0032144,Melvin Gordon,RB,DEN,2021,1,0,0,0.0,0,,11,3,3,-2,0.0857,-0.0064,28,29,20.8,10.13,20.8
00-0032144,Melvin Gordon,RB,DEN,2021,2,0,0,0.0,0,,13,2,2,10,0.0588,0.0257,30,29,8.9,9.42,8.9
00-0032144,Melvin Gordon,RB,DEN,2021,3,0,0,0.0,0,,18,2,1,-10,0.0833,-0.05,37,37,15.1,20.27,15.1
00-0032144,Melvin Gordon,RB,DEN,2021,4,0,0,0.0,0,,9,4,2,-3,0.1081,-0.0085,17,21,8.7,10.83,8.7
00-0032144,Melvin Gordon,RB,DEN,2021,5,0,0,0.0,0,,9,2,2,9,0.0571,0.0268,18,22,6.3,7.24,6.3
00-0032144,Melvin Gordon,RB,DEN,2021,6,0,0,0.0,0,,10,3,3,0.0,0.0625,0.0,23,28,10.3,9.21,10.3
00-0032144,Melvin Gordon,RB,DEN,2021,7,0,0,0.0,0,,8,3,2,4,0.0938,0.023,14,20,11.2,8.7,11.2
00-0032144,Melvin Gordon,RB,DEN,2021,8,0,0,0.0,0,,10,3,3,3,0.12,0.0162,21,24,19.2,10.84,19.2
00-0032144,Melvin Gordon,RB,DEN,2021,9,0,0,0.0,0,,21,2,2,10,0.0833,0.0444,41,40,17.5,19.11,17.5
00-0032144,Melvin Gordon,RB,DEN,2021,10,0,0,0.0,0,,9,4,1,-3,0.1176,-0.0144,18,20,9.3,13.56,9.3
00-0032144,Melvin Gordon,RB,DEN,2021,12,0,0,0.0,0,,17,2,1,-1,0.087,-0.0068,33,35,9.8,14.71,9.8
00-0032144,Melvin Gordon,RB,DEN,2021,14,0,0,0.0,0,,24,0,0,0.0,0.0,0.0,39,40,23.1,20.79,23.1
00-0032144,Melvin Gordon,RB,DEN,2021,15,0,0,0.0,0,,15,1,1,3,0.0312,0.0089,34,35,7.1,9.1,7.1
00-0032144,Melvin Gordon,RB,DEN,2021,16,0,0,0.0,0,,7,1,1,-5,0.0455,-0.0203,16,17,1.0,4.51,1.0
00-0032144,Melvin Gordon,RB,DEN,2021,17,0,0,0.0,0,,10,4,3,10,0.1481,0.0457,27,28,10.2,10.29,10.2
00-0032144,Melvin Gordon,RB,DEN,2021,18,0,0,0.0,0,,12,2,1,-13,0.0833,-0.0476,28,27,16.6,8.37,16.6
00-0032156,Trevor Siemian,QB,NO,2021,8,29,16,-0.751,1,-4.081,2,0,0,0.0,0.0,0.0,32,31,10.6,22.25,10.56
00-0032156,Trevor Siemian,QB,NO,2021,9,41,25,-5.931,1,-5.27,0,0,0,0.0,0.0,0.0,25,33,16.0,20.87,17.96
00-0032156,Trevor Siemian,QB,NO,2021,10,34,19,5.746,4,-4.48,0,0,0,0.0,0.0,0.0,21,20,19.9,16.31,19.92
00-0032156,Trevor Siemian,QB,NO,2021,11,40,22,-8.255,0,-4.548,2,0,0,0.0,0.0,0.0,22,27,24.2,16.43,24.16
00-0032156,Trevor Siemian,QB,NO,2021,12,29,17,-5.105,2,-8.653,3,0,0,0.0,0.0,0.0,25,16,8.8,10.32,8.82
00-0032156,Trevor Siemian,QB,NO,2021,18,15,9,3.803,1,2.267,2,0,0,0.0,0.0,0.0,46,39,10.7,13.02,10.74
00-0032160,Tyrell Williams,WR,DET,2021,1,0,0,0.0,0,,0,3,2,13,0.0536,0.037,24,36,3.4,4.16,3.4
00-0032187,David Johnson,RB,HOU,2021,1,0,0,0.0,0,,3,4,3,9,0.125,0.0283,41,41,11.8,11.27,11.8
00-0032187,David Johnson,RB,HOU,2021,2,0,0,0.0,0,,6,2,2,-6,0.0714,-0.0221,28,29,6.7,6.33,6.7
00-0032187,David Johnson,RB,HOU,2021,3,0,0,0.0,0,,2,0,0,0.0,0.0,0.0,17,17,1.1,1.26,1.1
00-0032187,David Johnson,RB,HOU,2021,4,0,0,0.0,0,,5,4,3,5,0.2,0.0278,18,19,7.8,9.99,7.8
00-0032187,David Johnson,RB,HOU,2021,5,0,0,0.0,0,,2,6,5,44,0.2222,0.1654,24,28,10.1,10.24,10.1
00-0032187,David Johnson,RB,HOU,2021,6,0,0,0.0,0,,2,2,1,7,0.0476,0.0251,29,32,1.1,3.69,1.1
00-0032187,David Johnson,RB,HOU,2021,7,0,0,0.0,0,,7,6,5,7,0.1935,0.0458,15,23,10.2,11.5,10.2
00-0032187,David Johnson,RB,HOU,2021,8,0,0,0.0,0,,2,1,1,-1,0.0278,-0.0038,14,20,1.3,2.5,1.3
00-0032187,David Johnson,RB,HOU,2021,9,0,0,0.0,0,,4,5,3,24,0.125,0.0658,18,18,7.0,11.63,7.0
00-0032187,David Johnson,RB,HOU,2021,11,0,0,0.0,0,,13,4,3,-6,0.1739,-0.0619,38,35,6.4,11.91,6.4
00-0032187,David Johnson,RB,HOU,2021,12,0,0,0.0,0,,10,3,2,-14,0.1154,-0.0639,24,27,7.5,9.27,7.5
00-0032187,David Johnson,RB,HOU,2021,15,0,0,0.0,0,,6,1,1,3,0.0333,0.0142,26,27,3.7,3.76,3.7
00-0032187,David Johnson,RB,HOU,2021,18,0,0,0.0,0,,5,4,3,15,0.125,0.0402,21,23,6.6,8.9,6.6
00-0032200,Ty Montgomery,WR,NO,2021,1,0,0,0.0,0,,0,1,1,0.0,0.05,0.0,39,35,1.5,2.26,1.5
00-0032200,Ty Montgomery,WR,NO,2021,2,0,0,0.0,0,,0,1,1,1,0.0476,0.0063,17,15,1.3,2.09,1.3
00-0032200,Ty Montgomery,WR,NO,2021,4,0,0,0.0,0,,2,3,3,30,0.1154,0.1554,39,33,7.9,5.81,7.9
00-0032200,Ty Montgomery,WR,NO,2021,7,0,0,0.0,0,,1,1,0,0.0,0.0312,0.0,31,33,0.4,1.77,0.4
00-0032200,Ty Montgomery,WR,NO,2021,8,0,0,0.0,0,,0,2,1,0.0,0.0571,0.0,32,31,1.4,2.84,1.4
00-0032200,Ty Montgomery,WR,NO,2021,10,0,0,0.0,0,,1,0,0,0.0,0.0,0.0,21,20,0.2,0.63,0.2
00-0032200,Ty Montgomery,WR,NO,2021,12,0,0,0.0,0,,6,7,5,-19,0.25,-0.1067,25,16,9.5,12.69,9.5
00-0032200,Ty Montgomery,WR,NO,2021,13,0,0,0.0,0,,4,7,4,-11,0.1707,-0.0377,26,11,7.0,11.54,7.0
00-0032200,Ty Montgomery,WR,NO,2021,15,0,0,0.0,0,,0,2,0,20,0.08,0.0826,31,24,0.0,3.19,0.0
00-0032200,Ty Montgomery,WR,NO,2021,17,0,0,0.0,0,,1,0,0,0.0,0.0,0.0,28,19,-0.4,0.75,-0.4
00-0032200,Ty Montgomery,WR,NO,2021,18,0,0,0.0,0,,0,2,1,25,0.087,0.1295,46,39,1.1,4.19,1.1
00-0032208,Phillip Dorsett,WR,JAX,2021,3,0,0,0.0,0,,0,1,0,22,0.0312,0.0809,29,29,0.0,1.88,0.0
00-0032208,Phillip Dorsett,WR,SEA,2021,6,0,0,0.0,0,,0,1,1,-2,0.0323,-0.0202,27,33,1.3,1.83,1.3
00-0032208,Phillip Dorsett,WR,HOU,2021,14,0,0,0.0,0,,1,3,1,54,0.0625,0.2045,25,32,1.9,5.23,1.9
00-0032208,Phillip Dorsett,WR,HOU,2021,15,0,0,0.0,0,,0,3,2,37,0.1,0.1754,26,27,6.3,4.25,6.3
00-0032208,Phillip Dorsett,WR,HOU,2021,16,0,0,0.0,0,,0,6,3,99,0.2222,0.4737,36,36,8.5,11.7,8.5
00-0032211,Tyler Lockett,WR,SEA,2021,1,0,0,0.0,0,,0,5,4,108,0.2381,0.4675,27,23,26.0,10.53,26.0
00-0032211,Tyler Lockett,WR,SEA,2021,2,0,0,0.0,0,,0,11,8,162,0.3548,0.5226,18,16,31.8,21.17,31.8
00-0032211,Tyler Lockett,WR,SEA,2021,3,0,0,0.0,0,,0,4,4,13,0.1429,0.0461,18,19,7.1,6.31,7.1
00-0032211,Tyler Lockett,WR,SEA,2021,4,0,0,0.0,0,,0,5,4,29,0.2273,0.232,28,27,6.4,7.74,6.4
00-0032211,Tyler Lockett,WR,SEA,2021,5,0,0,0.0,0,,0,10,5,159,0.3125,0.4663,25,25,10.7,18.43,10.7
00-0032211,Tyler Lockett,WR,SEA,2021,6,0,0,0.0,0,,0,7,2,43,0.2258,0.4343,27,33,5.5,9.93,5.5
00-0032211,Tyler Lockett,WR,SEA,2021,7,0,0,0.0,0,,0,3,2,46,0.1579,0.21,28,24,3.2,5.08,3.2
00-0032211,Tyler Lockett,WR,SEA,2021,8,0,0,0.0,0,,0,13,12,134,0.5909,0.6837,25,23,26.2,22.54,26.2
00-0032211,Tyler Lockett,WR,SEA,2021,10,0,0,0.0,0,,0,8,2,183,0.2105,0.3927,16,15,4.3,14.89,4.3
00-0032211,Tyler Lockett,WR,SEA,2021,11,0,0,0.0,0,,0,5,4,103,0.2,0.3652,19,18,15.5,7.81,15.5
00-0032211,Tyler Lockett,WR,SEA,2021,12,0,0,0.0,0,,0,5,3,91,0.1613,0.3262,12,16,12.6,9.62,12.6
00-0032211,Tyler Lockett,WR,SEA,2021,13,0,0,0.0,0,,0,8,7,89,0.2162,0.345,27,29,19.8,14.09,19.8
00-0032211,Tyler Lockett,WR,SEA,2021,14,0,0,0.0,0,,0,9,5,234,0.3214,0.6518,29,27,27.2,17.43,27.2
00-0032211,Tyler Lockett,WR,SEA,2021,16,0,0,0.0,0,,0,6,3,78,0.2222,0.3421,24,25,6.0,9.61,6.0
00-0032211,Tyler Lockett,WR,SEA,2021,17,0,0,0.0,0,,1,3,3,13,0.1071,0.0599,41,34,12.1,8.45,12.1
00-0032211,Tyler Lockett,WR,SEA,2021,18,0,0,0.0,0,,1,5,5,77,0.1923,0.2421,30,26,27.0,10.95,27.0
00-0032214,Tyler Kroft,TE,NYJ,2021,1,0,0,0.0,0,,0,5,3,16,0.1389,0.0444,17,19,5.6,7.07,5.6
00-0032214,Tyler Kroft,TE,NYJ,2021,2,0,0,0.0,0,,0,2,1,15,0.0606,0.0498,31,30,1.8,3.08,1.8
00-0032214,Tyler Kroft,TE,NYJ,2021,3,0,0,0.0,0,,0,2,2,11,0.0606,0.0407,13,15,3.2,2.63,3.2
00-0032214,Tyler Kroft,TE,NYJ,2021,4,0,0,0.0,0,,0,1,0,13,0.0294,0.0408,25,25,0.0,1.82,0.0
00-0032214,Tyler Kroft,TE,NYJ,2021,8,0,0,0.0,0,,0,2,2,19,0.0408,0.1111,27,34,10.0,4.87,10.0
00-0032214,Tyler Kroft,TE,NYJ,2021,9,0,0,0.0,0,,0,3,2,39,0.0577,0.0899,21,20,5.8,4.91,5.8
00-0032214,Tyler Kroft,TE,NYJ,2021,15,0,0,0.0,0,,0,2,2,-1,0.0909,-0.0074,24,19,5.5,2.72,5.5
00-0032214,Tyler Kroft,TE,NYJ,2021,16,0,0,0.0,0,,0,5,3,22,0.2381,0.2178,36,33,5.9,9.82,5.9
00-0032214,Tyler Kroft,TE,NYJ,2021,18,0,0,0.0,0,,0,3,1,10,0.1579,0.0735,17,15,1.5,4.22,1.5
00-0032245,Sean Mannion,QB,MIN,2021,17,36,22,-10.912,2,-5.388,2,0,0,0.0,0.0,0.0,11,16,13.0,10.21,12.96
00-0032257,Duke Johnson,RB,MIA,2021,11,0,0,0.0,0,,4,0,0,0.0,0.0,0.0,33,32,1.8,1.92,1.8
00-0032257,Duke Johnson,RB,MIA,2021,15,0,0,0.0,0,,22,1,1,-8,0.0385,-0.0316,42,33,25.7,19.88,25.7
00-0032257,Duke Johnson,RB,MIA,2021,16,0,0,0.0,0,,13,0,0,0.0,0.0,0.0,30,30,3.9,9.34,3.9
00-0032257,Duke Johnson,RB,MIA,2021,17,0,0,0.0,0,,7,3,2,5,0.0789,0.0132,16,17,8.5,7.51,8.5
00-0032257,Duke Johnson,RB,MIA,2021,18,0,0,0.0,0,,25,1,1,-5,0.0476,-0.0403,43,41,19.2,17.53,19.2
00-0032268,Marcus Mariota,QB,LV,2021,1,0,0,0.0,0,,1,0,0,0.0,0.0,0.0,21,22,3.1,0.46,3.1
00-0032268,Marcus Mariota,QB,LV,2021,7,0,0,0.0,0,,1,0,0,0.0,0.0,0.0,29,33,0.4,0.59,0.4
00-0032268,Marcus Mariota,QB,LV,2021,9,0,0,0.0,0,,1,0,0,0.0,0.0,0.0,20,29,0.6,0.76,0.6
00-0032268,Marcus Mariota,QB,LV,2021,12,0,0,0.0,0,,2,0,0,0.0,0.0,0.0,35,33,6.4,4.6,6.4
00-0032268,Marcus Mariota,QB,LV,2021,15,0,0,0.0,0,,1,0,0,0.0,0.0,0.0,25,24,0.3,0.49,0.3
00-0032268,Marcus Mariota,QB,LV,2021,17,1,0,-0.561,0,-36.16,3,0,0,0.0,0.0,0.0,27,30,1.6,3.78,1.6
00-0032268,Marcus Mariota,QB,LV,2021,18,1,1,-0.159,0,15.277,4,0,0,0.0,0.0,0.0,34,32,2.5,6.23,2.46
00-0032355,Chester Rogers,WR,TEN,2021,1,0,0,0.0,0,,0,6,4,61,0.1667,0.2226,22,26,10.2,9.49,10.2
00-0032355,Chester Rogers,WR,TEN,2021,2,0,0,0.0,0,,0,5,2,48,0.1282,0.1194,40,45,4.2,8.99,4.2
00-0032355,Chester Rogers,WR,TEN,2021,3,0,0,0.0,0,,0,2,1,11,0.0769,0.0625,37,35,7.6,5.09,7.6
00-0032355,Chester Rogers,WR,TEN,2021,4,0,0,0.0,0,,0,6,5,55,0.1224,0.1399,37,44,11.3,9.11,11.3
00-0032355,Chester Rogers,WR,TEN,2021,5,0,0,0.0,0,,1,1,1,20,0.0476,0.1205,36,32,4.5,2.71,4.5
00-0032355,Chester Rogers,WR,TEN,2021,6,0,0,0.0,0,,0,1,1,-2,0.04,-0.0079,22,22,1.7,1.46,1.7
00-0032355,Chester Rogers,WR,TEN,2021,8,0,0,0.0,0,,0,1,0,2,0.0312,0.0085,31,31,0.0,1.34,0.0
00-0032355,Chester Rogers,WR,TEN,2021,9,0,0,0.0,0,,0,1,0,2,0.0385,0.0183,26,26,0.0,1.58,0.0
00-0032355,Chester Rogers,WR,TEN,2021,10,0,0,0.0,0,,0,1,1,7,0.037,0.0522,29,27,1.9,1.73,1.9
00-0032355,Chester Rogers,WR,TEN,2021,11,0,0,0.0,0,,0,6,4,82,0.1176,0.1859,25,34,8.1,10.73,8.1
00-0032355,Chester Rogers,WR,TEN,2021,12,0,0,0.0,0,,0,3,1,22,0.1429,0.1719,39,33,1.2,4.47,1.2
00-0032355,Chester Rogers,WR,TEN,2021,14,0,0,0.0,0,,0,1,1,7,0.0333,0.0476,34,29,2.3,1.77,2.3
00-0032355,Chester Rogers,WR,TEN,2021,15,0,0,0.0,0,,0,4,4,10,0.125,0.0452,42,46,7.0,6.02,7.0
00-0032355,Chester Rogers,WR,TEN,2021,16,0,0,0.0,0,,0,1,1,-3,0.0333,-0.0117,24,23,1.3,1.41,1.3
00-0032355,Chester Rogers,WR,TEN,2021,17,0,0,0.0,0,,0,2,2,4,0.1111,0.0299,40,39,3.3,2.98,3.3
00-0032355,Chester Rogers,WR,TEN,2021,18,0,0,0.0,0,,0,2,2,-3,0.0625,-0.0092,32,32,2.4,4.05,2.4
00-0032385,Sterling Shepard,WR,NYG,2021,1,0,0,0.0,0,,0,9,7,94,0.25,0.3072,20,17,24.3,14.19,24.3
00-0032385,Sterling Shepard,WR,NYG,2021,2,0,0,0.0,0,,1,10,9,84,0.3125,0.234,28,18,17.5,17.46,17.5
00-0032385,Sterling Shepard,WR,NYG,2021,3,0,0,0.0,0,,0,3,2,16,0.0857,0.0672,27,23,3.6,4.77,3.6
00-0032385,Sterling Shepard,WR,NYG,2021,6,0,0,0.0,0,,0,14,10,98,0.2917,0.28,18,16,17.6,20.24,17.6
00-0032385,Sterling Shepard,WR,NYG,2021,8,0,0,0.0,0,,0,7,4,19,0.2121,0.1508,20,20,6.5,13.54,6.5
00-0032385,Sterling Shepard,WR,NYG,2021,14,0,0,0.0,0,,0,4,2,34,0.1176,0.1104,26,31,4.7,6.19,4.7
00-0032385,Sterling Shepard,WR,NYG,2021,15,0,0,0.0,0,,0,6,2,59,0.1667,0.1922,24,29,3.5,8.53,3.5
00-0032392,Austin Hooper,TE,CLE,2021,1,0,0,0.0,0,,0,3,3,16,0.1111,0.0563,26,26,5.7,4.68,5.7
00-0032392,Austin Hooper,TE,CLE,2021,2,0,0,0.0,0,,0,5,5,17,0.2381,0.1298,34,28,9.0,10.43,9.0
00-0032392,Austin Hooper,TE,CLE,2021,3,0,0,0.0,0,,0,3,2,23,0.1034,0.0752,42,42,9.9,6.36,9.9
00-0032392,Austin Hooper,TE,CLE,2021,4,0,0,0.0,0,,0,5,1,15,0.1613,0.0434,38,40,2.1,11.2,2.1
00-0032392,Austin Hooper,TE,CLE,2021,6,0,0,0.0,0,,0,3,1,10,0.0968,0.0415,19,22,1.4,4.62,1.4
00-0032392,Austin Hooper,TE,CLE,2021,7,0,0,0.0,0,,0,3,2,3,0.0938,0.0132,33,34,6.2,3.87,6.2
00-0032392,Austin Hooper,TE,CLE,2021,8,0,0,0.0,0,,0,6,4,29,0.1935,0.1272,23,24,6.6,10.8,6.6
00-0032392,Austin Hooper,TE,CLE,2021,9,0,0,0.0,0,,0,2,2,9,0.1053,0.0419,23,25,3.4,3.16,3.4
00-0032392,Austin Hooper,TE,CLE,2021,10,0,0,0.0,0,,0,5,4,21,0.1613,0.0897,20,27,12.5,9.74,12.5
00-0032392,Austin Hooper,TE,CLE,2021,11,0,0,0.0,0,,0,7,4,42,0.25,0.1516,36,32,9.3,12.11,9.3
00-0032392,Austin Hooper,TE,CLE,2021,12,0,0,0.0,0,,0,3,0,44,0.0882,0.1246,17,17,0.0,4.55,0.0
00-0032392,Austin Hooper,TE,CLE,2021,14,0,0,0.0,0,,0,6,5,19,0.1935,0.0936,29,29,14.0,12.62,14.0
00-0032392,Austin Hooper,TE,CLE,2021,16,0,0,0.0,0,,0,5,3,42,0.1389,0.1257,25,25,5.6,8.15,5.6
00-0032392,Austin Hooper,TE,CLE,2021,17,0,0,0.0,0,,0,5,2,38,0.1389,0.1445,20,18,4.8,7.9,4.8
00-0032394,Nick Vannett,TE,NO,2021,11,0,0,0.0,0,,0,1,1,17,0.0278,0.0623,22,27,3.0,1.97,3.0
00-0032394,Nick Vannett,TE,NO,2021,12,0,0,0.0,0,,0,1,1,11,0.0357,0.0618,25,16,8.1,2.57,8.1
00-0032394,Nick Vannett,TE,NO,2021,13,0,0,0.0,0,,0,4,3,15,0.0976,0.0514,26,11,7.8,5.44,7.8
00-0032394,Nick Vannett,TE,NO,2021,14,0,0,0.0,0,,0,6,3,20,0.2857,0.2174,44,38,7.4,9.23,7.4
00-0032394,Nick Vannett,TE,NO,2021,15,0,0,0.0,0,,0,1,0,22,0.04,0.0909,31,24,0.0,2.05,0.0
00-0032394,Nick Vannett,TE,NO,2021,16,0,0,0.0,0,,0,1,0,3,0.0556,0.0395,23,21,0.0,1.44,0.0
00-0032394,Nick Vannett,TE,NO,2021,18,0,0,0.0,0,,0,1,1,-5,0.0435,-0.0259,46,39,2.0,1.42,2.0
00-0032398,Chris Moore,WR,HOU,2021,5,0,0,0.0,0,,0,5,5,36,0.1852,0.1353,24,28,21.9,7.05,21.9
00-0032398,Chris Moore,WR,HOU,2021,6,0,0,0.0,0,,0,5,4,11,0.119,0.0394,29,32,5.4,6.71,5.4
00-0032398,Chris Moore,WR,HOU,2021,8,0,0,0.0,0,,0,2,2,10,0.0556,0.038,14,20,3.6,2.56,3.6
00-0032398,Chris Moore,WR,HOU,2021,9,0,0,0.0,0,,0,1,1,1,0.025,0.0027,18,18,1.4,1.29,1.4
00-0032398,Chris Moore,WR,HOU,2021,11,0,0,0.0,0,,0,1,1,-4,0.0435,-0.0412,38,35,2.0,1.31,2.0
00-0032398,Chris Moore,WR,HOU,2021,12,0,0,0.0,0,,0,1,1,-4,0.0385,-0.0183,24,27,0.6,1.43,0.6
00-0032398,Chris Moore,WR,HOU,2021,16,0,0,0.0,0,,0,4,4,8,0.1481,0.0383,36,36,8.0,6.42,8.0
00-0032398,Chris Moore,WR,HOU,2021,18,0,0,0.0,0,,0,3,3,32,0.0938,0.0858,21,23,12.8,5.71,12.8
00-0032426,Alex Collins,RB,SEA,2021,2,0,0,0.0,0,,1,0,0,0.0,0.0,0.0,18,16,2.5,0.66,2.5
00-0032426,Alex Collins,RB,SEA,2021,3,0,0,0.0,0,,2,0,0,0.0,0.0,0.0,18,19,0.8,1.06,0.8
00-0032426,Alex Collins,RB,SEA,2021,4,0,0,0.0,0,,10,2,2,8,0.0909,0.064,28,27,15.8,8.03,15.8
00-0032426,Alex Collins,RB,SEA,2021,5,0,0,0.0,0,,15,3,2,0.0,0.0938,0.0,25,25,9.2,11.19,9.2
00-0032426,Alex Collins,RB,SEA,2021,6,0,0,0.0,0,,20,1,1,-6,0.0323,-0.0606,27,33,16.8,17.87,16.8
00-0032426,Alex Collins,RB,SEA,2021,7,0,0,0.0,0,,16,1,1,1,0.0526,0.0046,28,24,5.4,9.01,5.4
00-0032426,Alex Collins,RB,SEA,2021,8,0,0,0.0,0,,10,0,0,0.0,0.0,0.0,25,23,4.4,8.74,4.4
00-0032426,Alex Collins,RB,SEA,2021,10,0,0,0.0,0,,10,1,1,-5,0.0263,-0.0107,16,15,5.9,6.01,5.9
00-0032426,Alex Collins,RB,SEA,2021,11,0,0,0.0,0,,10,0,0,0.0,0.0,0.0,19,18,3.6,4.67,3.6
00-0032426,Alex Collins,RB,SEA,2021,12,0,0,0.0,0,,7,1,1,4,0.0323,0.0143,12,16,1.7,5.04,1.7
00-0032426,Alex Collins,RB,SEA,2021,14,0,0,0.0,0,,7,1,1,0.0,0.0357,0.0,29,27,2.7,4.69,2.7
00-0032434,Brandon Allen,QB,CIN,2021,6,1,1,1.677,0,31.532,3,0,0,0.0,0.0,0.0,36,36,4.0,1.46,3.98
00-0032434,Brandon Allen,QB,CIN,2021,9,2,1,-0.483,0,-29.714,1,0,0,0.0,0.0,0.0,23,26,0.2,0.38,0.24
00-0032434,Brandon Allen,QB,CIN,2021,12,1,0,-1.089,0,-68.454,1,0,0,0.0,0.0,0.0,38,42,-0.1,0.75,-0.1
00-0032434,Brandon Allen,QB,CIN,2021,17,1,0,-0.437,0,,1,0,0,0.0,0.0,0.0,19,21,0.0,-0.1,0.0
00-0032434,Brandon Allen,QB,CIN,2021,18,29,15,-11.261,4,-16.513,1,0,0,0.0,0.0,0.0,18,21,9.7,10.43,9.74
00-0032450,Dwayne Washington,RB,NO,2021,4,0,0,0.0,0,,1,1,1,2,0.0385,0.0104,39,33,2.1,1.99,2.1
00-0032450,Dwayne Washington,RB,NO,2021,10,0,0,0.0,0,,2,0,0,0.0,0.0,0.0,21,20,0.8,0.88,0.8
00-0032450,Dwayne Washington,RB,NO,2021,11,0,0,0.0,0,,1,1,1,0.0,0.0278,0.0,22,27,1.9,1.87,1.9
00-0032464,Kalif Raymond,WR,DET,2021,1,0,0,0.0,0,,1,4,3,53,0.0714,0.151,24,36,8.9,7.28,8.9
00-0032464,Kalif Raymond,WR,DET,2021,2,0,0,0.0,0,,0,2,2,9,0.0571,0.0385,19,22,3.8,2.96,3.8
00-0032464,Kalif Raymond,WR,DET,2021,3,0,0,0.0,0,,0,10,6,109,0.3571,0.8258,27,35,12.8,16.81,12.8
00-0032464,Kalif Raymond,WR,DET,2021,4,0,0,0.0,0,,0,6,3,91,0.1622,0.2791,25,26,19.6,13.94,19.6
00-0032464,Kalif Raymond,WR,DET,2021,5,0,0,0.0,0,,0,2,0,73,0.0645,0.3216,24,32,0.0,5.06,0.0
00-0032464,Kalif Raymond,WR,DET,2021,6,0,0,0.0,0,,0,7,6,39,0.1795,0.1455,18,23,9.7,10.26,9.7
00-0032464,Kalif Raymond,WR,DET,2021,7,0,0,0.0,0,,1,8,6,64,0.25,0.4539,28,33,17.6,13.97,17.6
00-0032464,Kalif Raymond,WR,DET,2021,8,0,0,0.0,0,,0,1,0,7,0.0312,0.0352,18,29,0.0,1.48,0.0
00-0032464,Kalif Raymond,WR,DET,2021,10,0,0,0.0,0,,0,6,4,65,0.25,0.4851,39,41,6.9,9.61,6.9
00-0032464,Kalif Raymond,WR,DET,2021,11,0,0,0.0,0,,0,1,0,14,0.0435,0.1321,23,25,0.0,1.24,0.0
00-0032464,Kalif Raymond,WR,DET,2021,12,0,0,0.0,0,,0,4,3,7,0.16,0.0432,19,27,4.6,5.63,4.6
00-0032464,Kalif Raymond,WR,DET,2021,13,0,0,0.0,0,,0,2,2,25,0.0526,0.0758,27,26,5.3,3.43,5.3
00-0032464,Kalif Raymond,WR,DET,2021,14,0,0,0.0,0,,0,5,4,49,0.1316,0.1763,21,21,13.1,8.4,13.1
00-0032464,Kalif Raymond,WR,DET,2021,15,0,0,0.0,0,,0,3,2,27,0.1154,0.1776,34,36,4.0,5.22,4.0
00-0032464,Kalif Raymond,WR,DET,2021,16,0,0,0.0,0,,1,5,3,36,0.1429,0.1488,33,33,4.7,8.65,4.7
00-0032464,Kalif Raymond,WR,DET,2021,18,0,0,0.0,0,,1,5,4,57,0.1724,0.2298,26,28,21.4,8.74,21.4
00-0032543,Alex Erickson,WR,CAR,2021,3,0,0,0.0,0,,0,1,1,11,0.0303,0.0409,33,29,3.5,1.69,3.5
00-0032543,Alex Erickson,WR,CAR,2021,6,0,0,0.0,0,,0,1,1,7,0.0256,0.0165,23,18,2.7,1.62,2.7
00-0032543,Alex Erickson,WR,CAR,2021,12,0,0,0.0,0,,0,1,1,7,0.0323,0.022,18,16,2.3,1.56,2.3
00-0032543,Alex Erickson,WR,CAR,2021,16,0,0,0.0,0,,0,1,0,8,0.0233,0.0206,15,14,0.0,1.5,0.0
00-0032602,J.D. McKissic,RB,WAS,2021,1,0,0,0.0,0,,1,1,0,-9,0.05,-0.075,27,26,0.8,1.38,0.8
00-0032602,J.D. McKissic,RB,WAS,2021,2,0,0,0.0,0,,4,6,5,39,0.1364,0.1117,22,24,20.3,12.8,20.3
00-0032602,J.D. McKissic,RB,WAS,2021,3,0,0,0.0,0,,3,2,2,4,0.0833,0.0242,25,18,5.8,4.23,5.8
00-0032602,J.D. McKissic,RB,WAS,2021,4,0,0,0.0,0,,7,5,5,-1,0.1515,-0.0034,28,31,16.9,13.22,16.9
00-0032602,J.D. McKissic,RB,WAS,2021,5,0,0,0.0,0,,2,4,1,13,0.0976,0.0327,33,29,1.7,8.18,1.7
00-0032602,J.D. McKissic,RB,WAS,2021,6,0,0,0.0,0,,8,10,8,-2,0.2564,-0.0073,19,30,19.0,19.51,19.0
00-0032602,J.D. McKissic,RB,WAS,2021,7,0,0,0.0,0,,4,6,4,1,0.1667,0.0039,29,24,9.6,10.64,9.6
00-0032602,J.D. McKissic,RB,WAS,2021,8,0,0,0.0,0,,3,8,8,-8,0.2162,-0.0281,24,33,17.3,12.44,17.3
00-0032602,J.D. McKissic,RB,WAS,2021,10,0,0,0.0,0,,2,4,4,2,0.125,0.0087,34,36,7.9,7.49,7.9
00-0032602,J.D. McKissic,RB,WAS,2021,11,0,0,0.0,0,,7,2,1,2,0.1,0.0083,40,34,6.0,6.2,6.0
00-0032602,J.D. McKissic,RB,WAS,2021,12,0,0,0.0,0,,7,5,5,-10,0.1471,-0.0529,43,49,22.6,13.73,22.6
00-0032626,Geronimo Allison,WR,DET,2021,7,0,0,0.0,0,,0,2,0,20,0.0625,0.1418,28,33,0.0,2.95,0.0
00-0032688,Robbie Chosen,WR,CAR,2021,1,0,0,0.0,0,,0,3,1,92,0.0909,0.337,27,32,12.7,6.56,12.7
00-0032688,Robbie Chosen,WR,CAR,2021,2,0,0,0.0,0,,0,6,3,97,0.1667,0.3619,33,37,6.8,13.18,6.8
00-0032688,Robbie Chosen,WR,CAR,2021,3,0,0,0.0,0,,0,2,1,6,0.0606,0.0223,33,29,1.8,2.75,1.8
00-0032688,Robbie Chosen,WR,CAR,2021,4,0,0,0.0,0,,1,11,5,141,0.2821,0.4172,24,23,9.9,18.41,9.9
00-0032688,Robbie Chosen,WR,CAR,2021,5,0,0,0.0,0,,0,7,2,106,0.2059,0.3655,30,33,5.0,13.91,5.0
00-0032688,Robbie Chosen,WR,CAR,2021,6,0,0,0.0,0,,0,11,3,79,0.2821,0.1868,23,18,10.1,19.6,10.1
00-0032688,Robbie Chosen,WR,CAR,2021,7,0,0,0.0,0,,0,9,3,77,0.2368,0.2655,17,20,4.4,13.67,4.4
00-0032688,Robbie Chosen,WR,CAR,2021,8,0,0,0.0,0,,0,1,0,21,0.0417,0.1721,47,42,0.0,2.08,0.0
00-0032688,Robbie Chosen,WR,CAR,2021,9,0,0,0.0,0,,0,3,1,11,0.1034,0.0601,23,27,1.2,3.75,1.2
00-0032688,Robbie Chosen,WR,CAR,2021,10,0,0,0.0,0,,0,6,4,19,0.1875,0.1532,37,45,13.7,12.07,13.7
00-0032688,Robbie Chosen,WR,CAR,2021,11,0,0,0.0,0,,0,6,5,20,0.2222,0.1333,21,18,8.0,7.91,8.0
00-0032688,Robbie Chosen,WR,CAR,2021,12,0,0,0.0,0,,0,4,1,60,0.129,0.1887,18,16,2.5,5.31,2.5
00-0032688,Robbie Chosen,WR,CAR,2021,14,0,0,0.0,0,,0,12,7,149,0.3429,0.4869,26,16,21.4,19.22,21.4
00-0032688,Robbie Chosen,WR,CAR,2021,15,0,0,0.0,0,,2,8,3,52,0.2222,0.1769,29,17,9.2,13.71,9.2
00-0032688,Robbie Chosen,WR,CAR,2021,16,0,0,0.0,0,,0,10,5,131,0.2326,0.3376,15,14,10.8,15.76,10.8
00-0032688,Robbie Chosen,WR,CAR,2021,17,0,0,0.0,0,,0,2,2,12,0.0833,0.1224,26,30,3.0,2.19,3.0
00-0032688,Robbie Chosen,WR,CAR,2021,18,0,0,0.0,0,,0,9,7,83,0.2143,0.2933,26,27,18.0,13.44,18.0
00-0032725,Stephen Anderson,TE,LAC,2021,1,0,0,0.0,0,,0,2,1,15,0.0435,0.0412,29,25,1.1,4.19,1.1
00-0032725,Stephen Anderson,TE,LAC,2021,2,0,0,0.0,0,,0,2,2,3,0.05,0.0118,19,25,2.9,2.95,2.9
00-0032725,Stephen Anderson,TE,LAC,2021,4,0,0,0.0,0,,0,1,1,12,0.0263,0.0386,34,36,4.4,2.13,4.4
00-0032725,Stephen Anderson,TE,LAC,2021,5,0,0,0.0,0,,0,1,0,1,0.0238,0.0024,23,24,0.0,1.16,0.0
00-0032725,Stephen Anderson,TE,LAC,2021,6,0,0,0.0,0,,0,2,1,-3,0.0513,-0.0118,12,15,0.9,2.83,0.9
00-0032725,Stephen Anderson,TE,LAC,2021,9,0,0,0.0,0,,0,4,4,-3,0.1081,-0.014,27,25,13.9,8.79,13.9
00-0032725,Stephen Anderson,TE,LAC,2021,12,0,0,0.0,0,,0,2,2,11,0.0455,0.0383,17,21,3.8,3.2,3.8
00-0032725,Stephen Anderson,TE,LAC,2021,14,0,0,0.0,0,,0,1,1,1,0.0333,0.0042,37,35,2.1,1.47,2.1
00-0032725,Stephen Anderson,TE,LAC,2021,15,0,0,0.0,0,,0,1,1,12,0.027,0.0352,39,37,2.2,1.63,2.2
00-0032725,Stephen Anderson,TE,LAC,2021,16,0,0,0.0,0,,0,2,2,22,0.0588,0.0863,21,25,5.4,3.27,5.4
00-0032725,Stephen Anderson,TE,LAC,2021,17,0,0,0.0,0,,0,1,1,-4,0.0333,-0.0214,35,35,1.8,1.72,1.8
00-0032741,Peyton Barber,RB,LV,2021,2,0,0,0.0,0,,13,0,0,0.0,0.0,0.0,25,25,3.2,5.44,3.2
00-0032741,Peyton Barber,RB,LV,2021,3,0,0,0.0,0,,23,5,3,18,0.125,0.0451,35,37,23.2,22.8,23.2
00-0032741,Peyton Barber,RB,LV,2021,4,0,0,0.0,0,,1,0,0,0.0,0.0,0.0,18,20,0.0,0.46,0.0
00-0032741,Peyton Barber,RB,LV,2021,11,0,0,0.0,0,,1,0,0,0.0,0.0,0.0,18,21,0.3,0.63,0.3
00-0032741,Peyton Barber,RB,LV,2021,13,0,0,0.0,0,,0,1,1,-2,0.0278,-0.0056,16,25,1.2,1.67,1.2
00-0032741,Peyton Barber,RB,LV,2021,14,0,0,0.0,0,,1,3,2,-2,0.0698,-0.0104,12,20,4.0,4.78,4.0
00-0032741,Peyton Barber,RB,LV,2021,15,0,0,0.0,0,,5,1,1,6,0.0278,0.0181,25,24,5.6,4.54,5.6
00-0032741,Peyton Barber,RB,LV,2021,16,0,0,0.0,0,,5,1,1,-5,0.04,-0.0355,40,36,9.2,4.78,9.2
00-0032741,Peyton Barber,RB,LV,2021,17,0,0,0.0,0,,6,2,2,5,0.0625,0.0162,27,30,3.2,5.5,3.2
00-0032764,Derrick Henry,RB,TEN,2021,1,0,0,0.0,0,,17,4,3,6,0.1111,0.0219,22,26,10.7,20.51,10.7
00-0032764,Derrick Henry,RB,TEN,2021,2,0,0,0.0,0,,35,6,6,12,0.1538,0.0299,40,45,47.7,31.09,47.7
00-0032764,Derrick Henry,RB,TEN,2021,3,0,0,0.0,0,,28,3,3,-5,0.1154,-0.0284,37,35,19.4,19.64,19.4
00-0032764,Derrick Henry,RB,TEN,2021,4,0,0,0.0,0,,33,2,2,5,0.0408,0.0127,37,44,25.7,22.44,25.7
00-0032764,Derrick Henry,RB,TEN,2021,5,0,0,0.0,0,,29,0,0,0.0,0.0,0.0,36,32,31.0,22.38,31.0
00-0032764,Derrick Henry,RB,TEN,2021,6,0,0,0.0,0,,20,3,2,-12,0.12,-0.0472,22,22,35.6,16.37,35.6
00-0032764,Derrick Henry,RB,TEN,2021,7,1,1,1.032,0,57.495,29,2,2,-9,0.0741,-0.0437,35,36,16.4,22.82,16.4
00-0032764,Derrick Henry,RB,TEN,2021,8,0,0,0.0,0,,28,0,0,0.0,0.0,0.0,31,31,6.8,14.19,6.8
00-0032775,Demarcus Robinson,WR,KC,2021,1,0,0,0.0,0,,0,2,1,33,0.0588,0.0985,23,18,1.9,4.35,1.9
00-0032775,Demarcus Robinson,WR,KC,2021,2,0,0,0.0,0,,0,4,3,55,0.1333,0.2245,18,17,13.6,7.84,13.6
00-0032775,Demarcus Robinson,WR,KC,2021,3,0,0,0.0,0,,0,2,2,10,0.05,0.0258,30,28,3.7,3.43,3.7
00-0032775,Demarcus Robinson,WR,KC,2021,5,0,0,0.0,0,,0,2,1,37,0.04,0.1019,23,19,1.8,3.0,1.8
00-0032775,Demarcus Robinson,WR,KC,2021,6,0,0,0.0,0,,0,6,3,89,0.1304,0.2543,28,28,13.6,12.28,13.6
00-0032775,Demarcus Robinson,WR,KC,2021,7,0,0,0.0,0,,0,4,1,22,0.0833,0.0588,13,11,1.7,5.43,1.7
00-0032775,Demarcus Robinson,WR,KC,2021,8,0,0,0.0,0,,0,1,1,15,0.0233,0.0452,27,30,2.8,1.88,2.8
00-0032775,Demarcus Robinson,WR,KC,2021,9,0,0,0.0,0,,0,1,1,1,0.0278,0.003,25,29,1.2,2.03,1.2
00-0032775,Demarcus Robinson,WR,KC,2021,10,0,0,0.0,0,,0,4,3,26,0.0833,0.0634,25,30,5.3,7.34,5.3
00-0032775,Demarcus Robinson,WR,KC,2021,13,0,0,0.0,0,,0,2,2,7,0.0741,0.0464,24,25,4.1,3.0,4.1
00-0032775,Demarcus Robinson,WR,KC,2021,15,0,0,0.0,0,,0,3,0,26,0.0667,0.087,20,16,0.0,5.19,0.0
00-0032775,Demarcus Robinson,WR,KC,2021,16,0,0,0.0,0,,0,2,2,13,0.069,0.0512,35,39,3.5,2.96,3.5
00-0032775,Demarcus Robinson,WR,KC,2021,17,0,0,0.0,0,,0,2,2,32,0.0588,0.1077,23,21,11.3,4.26,11.3
00-0032775,Demarcus Robinson,WR,KC,2021,18,0,0,0.0,0,,0,6,3,61,0.1429,0.2194,29,25,4.9,10.36,4.9
00-0032778,Tajae Sharpe,WR,ATL,2021,2,0,0,0.0,0,,0,2,1,20,0.0417,0.1075,20,28,1.8,3.18,1.8
00-0032778,Tajae Sharpe,WR,ATL,2021,3,0,0,0.0,0,,0,1,1,5,0.0278,0.0338,20,29,1.6,1.34,1.6
00-0032778,Tajae Sharpe,WR,ATL,2021,4,0,0,0.0,0,,0,2,2,14,0.05,0.0318,28,32,3.5,3.32,3.5
00-0032778,Tajae Sharpe,WR,ATL,2021,5,0,0,0.0,0,,0,5,4,42,0.1111,0.1186,29,37,9.3,7.75,9.3
00-0032778,Tajae Sharpe,WR,ATL,2021,7,0,0,0.0,0,,0,2,2,9,0.0513,0.0245,22,21,3.8,2.95,3.8
00-0032778,Tajae Sharpe,WR,ATL,2021,8,0,0,0.0,0,,0,6,5,83,0.2222,0.4278,20,28,10.8,9.61,10.8
00-0032778,Tajae Sharpe,WR,ATL,2021,9,0,0,0.0,0,,0,1,1,8,0.0333,0.0305,25,25,2.2,1.36,2.2
00-0032778,Tajae Sharpe,WR,ATL,2021,10,0,0,0.0,0,,0,1,1,0.0,0.037,0.0,24,25,1.0,1.36,1.0
00-0032778,Tajae Sharpe,WR,ATL,2021,11,0,0,0.0,0,,0,4,2,43,0.129,0.2275,16,18,4.1,6.27,4.1
00-0032778,Tajae Sharpe,WR,ATL,2021,12,0,0,0.0,0,,0,3,2,27,0.1071,0.2061,29,30,4.2,4.97,4.2
00-0032778,Tajae Sharpe,WR,ATL,2021,13,0,0,0.0,0,,0,5,3,25,0.125,0.0988,23,27,4.0,9.1,4.0
00-0032778,Tajae Sharpe,WR,ATL,2021,14,0,0,0.0,0,,0,2,1,36,0.0741,0.1698,36,39,1.7,2.72,1.7
00-0032778,Tajae Sharpe,WR,ATL,2021,15,0,0,0.0,0,,0,1,0,4,0.0333,0.0157,23,21,0.0,2.23,0.0
00-0032778,Tajae Sharpe,WR,ATL,2021,18,0,0,0.0,0,,0,2,0,31,0.0645,0.0909,12,15,0.0,4.15,0.0
00-0032780,Jordan Howard,RB,PHI,2021,8,0,0,0.0,0,,12,0,0,0.0,0.0,0.0,46,37,17.7,12.39,17.7
00-0032780,Jordan Howard,RB,PHI,2021,9,0,0,0.0,0,,17,0,0,0.0,0.0,0.0,39,29,13.1,10.67,13.1
00-0032780,Jordan Howard,RB,PHI,2021,10,0,0,0.0,0,,12,0,0,0.0,0.0,0.0,39,28,8.3,7.08,8.3
00-0032780,Jordan Howard,RB,PHI,2021,11,0,0,0.0,0,,10,0,0,0.0,0.0,0.0,50,34,6.3,5.25,6.3
00-0032780,Jordan Howard,RB,PHI,2021,15,0,0,0.0,0,,15,0,0,0.0,0.0,0.0,41,35,6.9,8.85,6.9
00-0032780,Jordan Howard,RB,PHI,2021,16,0,0,0.0,0,,9,4,2,-1,0.1429,-0.0044,30,32,7.6,12.17,7.6
00-0032780,Jordan Howard,RB,PHI,2021,17,0,0,0.0,0,,11,1,0,10,0.04,0.0379,34,30,2.6,10.57,2.6
00-0032782,Wendell Smallwood,RB,WAS,2021,13,0,0,0.0,0,,1,2,2,6,0.0667,0.0297,30,32,4.5,3.19,4.5
00-0032782,Wendell Smallwood,RB,WAS,2021,17,0,0,0.0,0,,4,3,2,-3,0.0882,-0.0166,22,27,4.2,6.39,4.2
00-0032791,Jakeem Grant,WR,MIA,2021,2,0,0,0.0,0,,0,1,1,5,0.0238,0.0236,20,20,-1.0,1.9,-1.0
00-0032791,Jakeem Grant,WR,MIA,2021,4,0,0,0.0,0,,0,1,1,-4,0.0333,-0.0174,16,16,0.3,1.3,0.3
00-0032791,Jakeem Grant,WR,CHI,2021,11,0,0,0.0,0,,1,1,1,5,0.0303,0.012,20,16,2.7,2.17,2.7
00-0032791,Jakeem Grant,WR,CHI,2021,12,0,0,0.0,0,,1,4,2,13,0.1081,0.0376,29,24,4.5,6.69,4.5
00-0032791,Jakeem Grant,WR,CHI,2021,13,0,0,0.0,0,,0,7,5,40,0.175,0.1709,27,34,17.2,10.38,17.2
00-0032791,Jakeem Grant,WR,CHI,2021,14,0,0,0.0,0,,1,3,1,21,0.0938,0.0817,23,20,18.1,4.9,12.1
00-0032791,Jakeem Grant,WR,CHI,2021,15,0,0,0.0,0,,2,0,0,0.0,0.0,0.0,28,26,1.7,1.39,1.7
00-0032881,Tommylee Lewis,WR,MIA,2021,16,0,0,0.0,0,,0,2,1,6,0.0769,0.0305,30,30,1.7,2.83,1.7
00-0032950,Carson Wentz,QB,IND,2021,1,38,25,0.303,3,1.081,4,0,0,0.0,0.0,0.0,30,38,18.3,16.6,18.34
00-0032950,Carson Wentz,QB,IND,2021,2,31,20,-1.272,3,0.165,5,0,0,0.0,0.0,0.0,26,23,17.6,19.26,17.58
00-0032950,Carson Wentz,QB,IND,2021,3,37,19,-8.56,2,-7.692,0,0,0,0.0,0.0,0.0,18,22,7.8,15.29,7.76
00-0032950,Carson Wentz,QB,IND,2021,4,32,24,9.915,2,13.501,5,0,0,0.0,0.0,0.0,33,34,17.9,18.15,17.92
00-0032950,Carson Wentz,QB,IND,2021,5,35,25,16.519,2,4.168,2,0,0,0.0,0.0,0.0,26,28,22.6,13.2,24.58
00-0032950,Carson Wentz,QB,IND,2021,6,20,11,6.662,2,-1.069,2,0,0,0.0,0.0,0.0,26,25,17.0,10.44,17.02
00-0032950,Carson Wentz,QB,IND,2021,7,26,17,-4.174,1,-0.512,4,0,0,0.0,0.0,0.0,33,33,20.3,17.49,22.3
00-0032950,Carson Wentz,QB,IND,2021,8,51,27,-13.008,1,-9.481,3,0,0,0.0,0.0,0.0,20,24,18.3,33.77,18.34
00-0032950,Carson Wentz,QB,IND,2021,9,30,22,15.912,1,7.568,4,0,0,0.0,0.0,0.0,30,31,24.2,25.49,24.18
00-0032950,Carson Wentz,QB,IND,2021,10,34,22,-3.167,1,-5.703,4,0,0,0.0,0.0,0.0,27,31,7.1,12.86,7.1
00-0032950,Carson Wentz,QB,IND,2021,11,20,11,5.545,0,-14.312,2,0,0,0.0,0.0,0.0,46,45,10.0,9.69,10.04
00-0032950,Carson Wentz,QB,IND,2021,12,44,27,0.988,3,-5.041,3,0,0,0.0,0.0,0.0,20,24,20.3,24.92,22.34
00-0032950,Carson Wentz,QB,IND,2021,13,22,16,2.609,1,5.408,3,0,0,0.0,0.0,0.0,48,44,11.1,17.31,11.12
00-0032950,Carson Wentz,QB,IND,2021,15,12,5,-7.869,1,-25.482,8,0,0,0.0,0.0,0.0,39,30,6.0,9.75,5.98
00-0032950,Carson Wentz,QB,IND,2021,16,28,18,8.961,2,-2.766,2,0,0,0.0,0.0,0.0,33,31,17.4,12.85,17.4
00-0032950,Carson Wentz,QB,IND,2021,17,27,16,-5.403,1,-1.968,3,0,0,0.0,0.0,0.0,26,28,10.9,13.28,10.92
00-0032950,Carson Wentz,QB,IND,2021,18,29,17,-10.903,6,-4.763,3,0,0,0.0,0.0,0.0,18,20,11.1,13.13,13.1
00-0032951,Laquon Treadwell,WR,JAX,2021,2,0,0,0.0,0,,0,1,0,32,0.0303,0.079,16,16,0.0,3.37,0.0
00-0032951,Laquon Treadwell,WR,JAX,2021,6,0,0,0.0,0,,0,1,0,9,0.025,0.0294,19,20,0.0,4.17,0.0
00-0032951,Laquon Treadwell,WR,JAX,2021,9,0,0,0.0,0,,0,1,0,8,0.037,0.039,27,24,0.0,1.68,0.0
00-0032951,Laquon Treadwell,WR,JAX,2021,10,0,0,0.0,0,,0,1,1,17,0.0286,0.0507,24,19,2.8,1.94,2.8
00-0032951,Laquon Treadwell,WR,JAX,2021,11,0,0,0.0,0,,0,3,1,36,0.125,0.1885,16,14,2.1,4.06,2.1
00-0032951,Laquon Treadwell,WR,JAX,2021,12,0,0,0.0,0,,0,8,4,108,0.1951,0.2571,28,26,9.3,13.86,9.3
00-0032951,Laquon Treadwell,WR,JAX,2021,13,0,0,0.0,0,,0,5,4,25,0.1786,0.2137,25,19,10.2,7.6,10.2
00-0032951,Laquon Treadwell,WR,JAX,2021,14,0,0,0.0,0,,0,6,4,88,0.1622,0.2619,8,10,10.8,9.64,10.8
00-0032951,Laquon Treadwell,WR,JAX,2021,15,0,0,0.0,0,,0,9,6,75,0.25,0.2863,25,23,11.7,13.41,11.7
00-0032951,Laquon Treadwell,WR,JAX,2021,16,0,0,0.0,0,,0,5,4,84,0.1429,0.224,31,23,9.4,10.41,9.4
00-0032951,Laquon Treadwell,WR,JAX,2021,17,0,0,0.0,0,,0,6,6,76,0.2308,0.3918,17,18,14.7,8.93,14.7
00-0032951,Laquon Treadwell,WR,JAX,2021,18,0,0,0.0,0,,0,5,3,55,0.1562,0.2973,31,26,11.4,11.86,11.4
00-0032972,Devontae Booker,RB,NYG,2021,1,0,0,0.0,0,,4,1,1,2,0.0278,0.0065,20,17,2.3,3.63,2.3
00-0032972,Devontae Booker,RB,NYG,2021,2,0,0,0.0,0,,2,1,1,0.0,0.0312,0.0,28,18,2.1,2.27,2.1
00-0032972,Devontae Booker,RB,NYG,2021,4,0,0,0.0,0,,1,1,1,-5,0.0278,-0.0133,20,20,2.2,1.94,2.2
00-0032972,Devontae Booker,RB,NYG,2021,5,0,0,0.0,0,,16,4,3,-7,0.1081,-0.0178,25,21,20.8,24.87,20.8
00-0032972,Devontae Booker,RB,NYG,2021,6,0,0,0.0,0,,12,4,4,-4,0.0833,-0.0114,18,16,10.9,11.5,10.9
00-0032972,Devontae Booker,RB,NYG,2021,7,0,0,0.0,0,,14,3,2,9,0.0909,0.0398,31,16,14.6,18.06,14.6
00-0032972,Devontae Booker,RB,NYG,2021,8,0,0,0.0,0,,15,6,5,-1,0.1818,-0.0079,20,20,17.5,16.87,17.5
00-0032972,Devontae Booker,RB,NYG,2021,9,0,0,0.0,0,,21,3,3,-7,0.1667,-0.0598,31,24,15.2,13.77,15.2
00-0032972,Devontae Booker,RB,NYG,2021,11,0,0,0.0,0,,3,1,1,0.0,0.027,0.0,13,16,3.0,2.57,3.0
00-0032972,Devontae Booker,RB,NYG,2021,12,0,0,0.0,0,,3,1,1,-4,0.0345,-0.0255,27,21,3.7,2.76,3.7
00-0032972,Devontae Booker,RB,NYG,2021,13,0,0,0.0,0,,6,4,4,-3,0.1053,-0.0092,17,27,9.4,8.29,9.4
00-0032972,Devontae Booker,RB,NYG,2021,14,0,0,0.0,0,,8,5,4,5,0.1471,0.0162,26,31,12.4,11.37,12.4
00-0032972,Devontae Booker,RB,NYG,2021,15,0,0,0.0,0,,8,2,2,6,0.0556,0.0195,24,29,10.2,6.8,10.2
00-0032972,Devontae Booker,RB,NYG,2021,16,0,0,0.0,0,,6,4,4,5,0.0976,0.0209,27,26,8.6,7.91,8.6
00-0032972,Devontae Booker,RB,NYG,2021,17,0,0,0.0,0,,18,3,2,-1,0.2727,-0.0182,40,41,6.6,10.86,6.6
00-0032972,Devontae Booker,RB,NYG,2021,18,0,0,0.0,0,,8,2,2,-7,0.0667,-0.0326,25,24,4.6,6.58,4.6
00-0032975,Jonathan Williams,RB,WAS,2021,14,0,0,0.0,0,,4,1,1,2,0.0303,0.0057,23,22,10.5,8.91,10.5
00-0032975,Jonathan Williams,RB,WAS,2021,15,0,0,0.0,0,,1,0,0,0.0,0.0,0.0,21,26,0.5,0.43,0.5
00-0032975,Jonathan Williams,RB,WAS,2021,16,0,0,0.0,0,,3,2,1,-8,0.0667,-0.0329,20,21,2.1,4.47,2.1
00-0032975,Jonathan Williams,RB,WAS,2021,17,0,0,0.0,0,,2,3,2,-8,0.0882,-0.0442,22,27,3.1,5.35,3.1
00-0032975,Jonathan Williams,RB,WAS,2021,18,0,0,0.0,0,,7,0,0,0.0,0.0,0.0,37,37,4.5,3.7,4.5
00-0032977,Rashard Higgins,WR,CLE,2021,2,0,0,0.0,0,,0,2,2,24,0.0952,0.1832,34,28,4.7,3.62,4.7
00-0032977,Rashard Higgins,WR,CLE,2021,3,0,0,0.0,0,,0,2,2,19,0.069,0.0621,42,42,4.4,3.04,4.4
00-0032977,Rashard Higgins,WR,CLE,2021,4,0,0,0.0,0,,0,7,4,88,0.2258,0.2543,38,40,10.3,13.56,10.3
00-0032977,Rashard Higgins,WR,CLE,2021,5,0,0,0.0,0,,0,5,3,87,0.1724,0.2636,35,39,11.9,10.14,11.9
00-0032977,Rashard Higgins,WR,CLE,2021,6,0,0,0.0,0,,0,3,0,23,0.0968,0.0954,19,22,0.0,4.79,0.0
00-0032977,Rashard Higgins,WR,CLE,2021,7,0,0,0.0,0,,0,2,1,10,0.0625,0.0439,33,34,0.8,2.62,0.8
00-0032977,Rashard Higgins,WR,CLE,2021,8,0,0,0.0,0,,0,4,2,39,0.129,0.1711,23,24,4.7,6.01,4.7
00-0032977,Rashard Higgins,WR,CLE,2021,10,0,0,0.0,0,,0,1,0,44,0.0323,0.188,20,27,0.0,1.82,0.0
00-0032977,Rashard Higgins,WR,CLE,2021,11,0,0,0.0,0,,0,5,1,66,0.1786,0.2383,36,32,2.7,7.61,2.7
00-0032977,Rashard Higgins,WR,CLE,2021,15,0,0,0.0,0,,0,5,3,37,0.1724,0.1737,24,32,5.4,6.56,5.4
00-0032977,Rashard Higgins,WR,CLE,2021,16,0,0,0.0,0,,0,6,5,54,0.1667,0.1617,25,25,10.8,9.61,10.8
00-0032977,Rashard Higgins,WR,CLE,2021,17,0,0,0.0,0,,0,5,1,55,0.1389,0.2091,20,18,1.8,7.57,1.8
00-0032980,Marcus Johnson,WR,TEN,2021,5,0,0,0.0,0,,0,5,3,31,0.2381,0.1867,36,32,8.2,8.01,8.2
00-0032980,Marcus Johnson,WR,TEN,2021,6,0,0,0.0,0,,0,1,0,12,0.04,0.0472,22,22,0.0,1.5,0.0
00-0032980,Marcus Johnson,WR,TEN,2021,7,0,0,0.0,0,,1,1,0,17,0.037,0.0825,35,36,0.5,6.22,0.5
00-0032980,Marcus Johnson,WR,TEN,2021,8,0,0,0.0,0,,0,5,1,61,0.1562,0.2585,31,31,1.8,8.99,1.8
00-0032980,Marcus Johnson,WR,TEN,2021,9,0,0,0.0,0,,1,0,0,0.0,0.0,0.0,26,26,-0.7,0.73,-0.7
00-0032980,Marcus Johnson,WR,TEN,2021,10,0,0,0.0,0,,0,6,5,32,0.2222,0.2388,29,27,15.0,9.14,15.0
00-0032980,Marcus Johnson,WR,TEN,2021,11,0,0,0.0,0,,0,1,0,18,0.0196,0.0408,25,34,0.0,3.44,0.0
00-0033006,Jaydon Mickens,WR,JAX,2021,13,0,0,0.0,0,,0,2,2,7,0.0714,0.0598,25,19,3.0,2.72,3.0
00-0033006,Jaydon Mickens,WR,JAX,2021,14,0,0,0.0,0,,0,1,0,51,0.027,0.1518,8,10,0.0,1.9,0.0
00-0033009,Tyler Boyd,WR,CIN,2021,1,0,0,0.0,0,,0,4,3,24,0.1538,0.1091,36,39,6.2,6.01,6.2
00-0033009,Tyler Boyd,WR,CIN,2021,2,0,0,0.0,0,,0,9,7,40,0.3103,0.1762,20,22,14.3,12.08,14.3
00-0033009,Tyler Boyd,WR,CIN,2021,3,0,0,0.0,0,,0,6,4,66,0.3333,0.4125,24,23,13.6,9.2,13.6
00-0033009,Tyler Boyd,WR,CIN,2021,4,0,0,0.0,0,,0,11,9,81,0.3438,0.3447,22,21,20.8,16.28,20.8
00-0033009,Tyler Boyd,WR,CIN,2021,5,0,0,0.0,0,,0,5,4,14,0.1351,0.0458,24,28,6.4,7.79,6.4
00-0033009,Tyler Boyd,WR,CIN,2021,6,0,0,0.0,0,,0,3,1,19,0.1034,0.088,36,36,1.7,4.65,1.7
00-0033009,Tyler Boyd,WR,CIN,2021,7,0,0,0.0,0,,0,7,4,44,0.1944,0.1131,24,24,7.9,11.09,7.9
00-0033009,Tyler Boyd,WR,CIN,2021,8,1,1,3.192,0,12.374,0,8,5,72,0.2353,0.3495,16,20,19.7,15.66,19.74
00-0033009,Tyler Boyd,WR,CIN,2021,9,0,0,0.0,0,,0,2,1,32,0.0488,0.0842,23,26,2.1,3.76,2.1
00-0033009,Tyler Boyd,WR,CIN,2021,11,0,0,0.0,0,,1,8,6,56,0.2857,0.2545,38,36,12.3,15.75,12.3
00-0033009,Tyler Boyd,WR,CIN,2021,12,0,0,0.0,0,,0,2,2,12,0.0833,0.0659,38,42,3.3,3.09,3.3
00-0033009,Tyler Boyd,WR,CIN,2021,13,0,0,0.0,0,,0,7,5,87,0.1842,0.2208,25,26,13.5,11.34,13.5
00-0033009,Tyler Boyd,WR,CIN,2021,14,0,0,0.0,0,,1,5,4,40,0.1471,0.1375,26,28,10.3,8.51,10.3
00-0033009,Tyler Boyd,WR,CIN,2021,15,0,0,0.0,0,,0,6,5,64,0.2857,0.3975,26,24,20.6,11.2,20.6
00-0033009,Tyler Boyd,WR,CIN,2021,16,0,0,0.0,0,,0,5,3,59,0.1087,0.154,21,27,17.5,8.76,17.5
00-0033009,Tyler Boyd,WR,CIN,2021,17,0,0,0.0,0,,0,6,4,34,0.1579,0.1293,19,21,13.6,11.47,13.6
00-0033025,Jalen Richard,RB,LV,2021,5,0,0,0.0,0,,0,1,1,-5,0.0286,-0.0157,22,22,1.4,1.37,1.4
00-0033025,Jalen Richard,RB,LV,2021,6,0,0,0.0,0,,1,1,1,1,0.04,0.0031,23,25,1.3,1.96,1.3
00-0033025,Jalen Richard,RB,LV,2021,7,0,0,0.0,0,,4,4,3,11,0.1176,0.057,29,33,5.5,9.67,5.5
00-0033025,Jalen Richard,RB,LV,2021,9,0,0,0.0,0,,0,3,2,7,0.0652,0.0263,20,29,3.8,4.59,3.8
00-0033025,Jalen Richard,RB,LV,2021,10,0,0,0.0,0,,0,1,1,-3,0.0294,-0.0117,14,19,1.3,1.55,1.3
00-0033025,Jalen Richard,RB,LV,2021,16,0,0,0.0,0,,1,1,1,2,0.04,0.0142,40,36,1.9,1.87,1.9
00-0033025,Jalen Richard,RB,LV,2021,17,0,0,0.0,0,,1,1,1,2,0.0312,0.0065,27,30,3.3,1.88,3.3
00-0033025,Jalen Richard,RB,LV,2021,18,0,0,0.0,0,,2,2,2,-8,0.0606,-0.029,34,32,4.7,4.11,4.7
00-0033040,Tyreek Hill,WR,KC,2021,1,0,0,0.0,0,,1,15,11,231,0.4412,0.6896,23,18,37.1,29.09,37.1
00-0033040,Tyreek Hill,WR,KC,2021,2,0,0,0.0,0,,1,4,3,17,0.1333,0.0694,18,17,5.9,7.06,5.9
00-0033040,Tyreek Hill,WR,KC,2021,3,0,0,0.0,0,,1,7,5,86,0.175,0.2222,30,28,9.7,13.02,9.7
00-0033040,Tyreek Hill,WR,KC,2021,4,0,0,0.0,0,,0,12,11,163,0.4,0.7443,32,28,47.6,28.19,47.6
00-0033040,Tyreek Hill,WR,KC,2021,5,0,0,0.0,0,,1,13,7,77,0.26,0.2121,23,19,14.8,22.12,14.8
00-0033040,Tyreek Hill,WR,KC,2021,6,0,0,0.0,0,,0,12,9,74,0.2609,0.2114,28,28,22.6,23.28,22.6
00-0033040,Tyreek Hill,WR,KC,2021,7,0,0,0.0,0,,1,9,6,64,0.1875,0.1711,13,11,12.7,14.74,12.7
00-0033040,Tyreek Hill,WR,KC,2021,8,0,0,0.0,0,,0,18,12,182,0.4186,0.5482,27,30,27.4,35.99,27.4
00-0033040,Tyreek Hill,WR,KC,2021,9,0,0,0.0,0,,1,11,4,199,0.3056,0.6012,25,29,7.3,19.66,7.3
00-0033040,Tyreek Hill,WR,KC,2021,10,0,0,0.0,0,,1,10,7,130,0.2083,0.3171,25,30,27.5,25.28,27.5
00-0033040,Tyreek Hill,WR,KC,2021,11,0,0,0.0,0,,1,11,9,51,0.3333,0.2576,26,20,20.0,17.91,20.0
00-0033040,Tyreek Hill,WR,KC,2021,13,0,0,0.0,0,,0,5,2,47,0.1852,0.3113,24,25,4.2,8.63,4.2
00-0033040,Tyreek Hill,WR,KC,2021,14,0,0,0.0,0,,0,4,4,62,0.1818,0.4366,30,29,11.6,6.98,11.6
00-0033040,Tyreek Hill,WR,KC,2021,15,0,0,0.0,0,,0,13,12,95,0.2889,0.3177,20,16,32.8,24.1,32.8
00-0033040,Tyreek Hill,WR,KC,2021,16,0,0,0.0,0,,0,2,2,14,0.069,0.0551,35,39,3.9,2.75,3.9
00-0033040,Tyreek Hill,WR,KC,2021,17,0,0,0.0,0,,1,10,6,125,0.2941,0.4209,23,21,10.2,21.05,10.2
00-0033040,Tyreek Hill,WR,KC,2021,18,0,0,0.0,0,,0,3,1,30,0.0714,0.1079,29,25,1.2,6.75,1.2
00-0033045,Ezekiel Elliott,RB,DAL,2021,1,0,0,0.0,0,,11,2,2,0.0,0.0351,0.0,18,20,5.9,11.78,5.9
00-0033045,Ezekiel Elliott,RB,DAL,2021,2,0,0,0.0,0,,16,2,2,1,0.0741,0.0073,31,34,17.7,11.94,16.3
00-0033045,Ezekiel Elliott,RB,DAL,2021,3,0,0,0.0,0,,17,3,3,1,0.12,0.0041,41,35,26.6,20.39,26.6
00-0033045,Ezekiel Elliott,RB,DAL,2021,4,0,0,0.0,0,,20,1,0,3,0.0455,0.0191,34,30,20.3,13.88,20.3
00-0033045,Ezekiel Elliott,RB,DAL,2021,5,0,0,0.0,0,,21,3,2,-12,0.0938,-0.0405,39,41,25.2,23.69,25.2
00-0033045,Ezekiel Elliott,RB,DAL,2021,6,0,0,0.0,0,,17,9,7,4,0.1837,0.0087,31,37,18.9,27.51,18.9
00-0033045,Ezekiel Elliott,RB,DAL,2021,8,0,0,0.0,0,,16,6,4,-6,0.1463,-0.0138,24,28,11.3,16.03,11.3
00-0033045,Ezekiel Elliott,RB,DAL,2021,9,0,0,0.0,0,,10,3,3,-7,0.0769,-0.0149,16,18,12.6,10.15,12.6
00-0033045,Ezekiel Elliott,RB,DAL,2021,10,1,1,-0.793,0,17.162,14,3,3,-9,0.0909,-0.0489,37,41,20.8,23.61,20.76
00-0033045,Ezekiel Elliott,RB,DAL,2021,11,0,0,0.0,0,,9,6,6,3,0.1429,0.0092,16,24,12.8,13.71,12.8
00-0033045,Ezekiel Elliott,RB,DAL,2021,12,0,0,0.0,0,,9,8,6,0.0,0.1702,0.0,20,29,16.9,19.02,16.9
00-0033045,Ezekiel Elliott,RB,DAL,2021,13,0,0,0.0,0,,13,3,2,9,0.075,0.0267,24,24,6.7,11.18,6.7
00-0033045,Ezekiel Elliott,RB,DAL,2021,14,0,0,0.0,0,,12,6,1,32,0.1538,0.1317,35,28,9.0,19.15,9.0
00-0033045,Ezekiel Elliott,RB,DAL,2021,15,0,0,0.0,0,,16,4,3,-2,0.1081,-0.0088,30,34,16.2,18.48,16.2
00-0033045,Ezekiel Elliott,RB,DAL,2021,16,0,0,0.0,0,,9,1,1,2,0.0244,0.0046,28,24,17.2,9.56,17.2
00-0033045,Ezekiel Elliott,RB,DAL,2021,17,0,0,0.0,0,,9,2,1,2,0.0526,0.01,17,16,4.0,7.13,4.0
00-0033045,Ezekiel Elliott,RB,DAL,2021,18,0,0,0.0,0,,18,3,1,1,0.1071,0.0043,32,34,10.0,13.38,10.0
00-0033077,Dak Prescott,QB,DAL,2021,1,58,42,14.206,1,6.468,4,0,0,0.0,0.0,0.0,18,20,27.4,29.94,27.42
00-0033077,Dak Prescott,QB,DAL,2021,2,27,23,-1.668,2,12.981,0,0,0,0.0,0.0,0.0,31,34,7.5,12.48,6.92
00-0033077,Dak Prescott,QB,DAL,2021,3,26,21,11.572,4,16.842,9,0,0,0.0,0.0,0.0,41,35,20.1,28.52,22.12
00-0033077,Dak Prescott,QB,DAL,2021,4,22,14,6.621,0,-6.23,4,0,0,0.0,0.0,0.0,34,30,27.0,15.68,25.52
00-0033077,Dak Prescott,QB,DAL,2021,5,32,22,10.344,2,3.61,2,0,0,0.0,0.0,0.0,39,41,20.7,22.55,20.68
00-0033077,Dak Prescott,QB,DAL,2021,6,51,36,22.496,0,10.074,3,0,0,0.0,0.0,0.0,31,37,26.8,38.06,26.8
00-0033077,Dak Prescott,QB,DAL,2021,9,39,19,-8.322,2,-13.953,2,0,0,0.0,0.0,0.0,16,18,18.9,22.53,18.88
00-0033077,Dak Prescott,QB,DAL,2021,10,31,24,22.659,0,10.656,2,0,0,0.0,0.0,0.0,37,41,26.3,24.49,26.34
00-0033077,Dak Prescott,QB,DAL,2021,11,43,28,-15.437,5,1.622,0,0,0,0.0,0.0,0.0,16,24,2.6,16.98,4.64
00-0033077,Dak Prescott,QB,DAL,2021,12,47,32,8.096,1,-1.901,1,0,0,0.0,0.0,0.0,20,29,25.3,20.42,25.3
00-0033077,Dak Prescott,QB,DAL,2021,13,40,26,-8.356,1,-2.622,3,0,0,0.0,0.0,0.0,24,24,11.2,16.2,11.22
00-0033077,Dak Prescott,QB,DAL,2021,14,39,22,-11.266,4,-13.422,7,0,0,0.0,0.0,0.0,35,28,9.9,22.37,9.94
00-0033077,Dak Prescott,QB,DAL,2021,15,37,28,0.354,3,7.003,2,0,0,0.0,0.0,0.0,30,34,10.6,15.9,12.58
00-0033077,Dak Prescott,QB,DAL,2021,16,39,28,18.803,3,7.479,4,0,0,0.0,0.0,0.0,28,24,31.3,26.96,31.3
00-0033077,Dak Prescott,QB,DAL,2021,17,38,24,12.987,1,-8.261,5,0,0,0.0,0.0,0.0,17,16,23.0,22.64,23.04
00-0033077,Dak Prescott,QB,DAL,2021,18,27,21,25.244,1,14.607,0,0,0,0.0,0.0,0.0,32,34,31.8,20.34,31.8
00-0033090,Hunter Henry,TE,NE,2021,1,0,0,0.0,0,,0,3,3,24,0.0789,0.1004,30,38,6.1,4.13,6.1
00-0033090,Hunter Henry,TE,NE,2021,2,0,0,0.0,0,,0,4,2,38,0.1429,0.2714,24,30,6.2,7.01,6.2
00-0033090,Hunter Henry,TE,NE,2021,3,0,0,0.0,0,,0,6,5,40,0.1176,0.0632,17,18,8.6,7.94,8.6
00-0033090,Hunter Henry,TE,NE,2021,4,0,0,0.0,0,,0,5,4,32,0.119,0.1475,8,15,13.2,8.98,13.2
00-0033090,Hunter Henry,TE,NE,2021,5,0,0,0.0,0,,0,8,6,81,0.2857,0.3447,30,31,19.5,13.68,19.5
00-0033090,Hunter Henry,TE,NE,2021,6,0,0,0.0,0,,0,2,2,23,0.0952,0.1337,27,29,10.5,5.19,10.5
00-0033090,Hunter Henry,TE,NE,2021,7,0,0,0.0,0,,0,4,2,43,0.1,0.1265,32,36,10.3,9.31,10.3
00-0033090,Hunter Henry,TE,NE,2021,8,0,0,0.0,0,,0,3,1,23,0.0882,0.0689,39,37,4.3,9.64,4.3
00-0033090,Hunter Henry,TE,NE,2021,9,0,0,0.0,0,,0,3,2,34,0.1667,0.3366,39,38,9.9,8.25,9.9
00-0033090,Hunter Henry,TE,NE,2021,10,0,0,0.0,0,,0,4,4,35,0.16,0.1955,34,36,19.7,10.95,19.7
00-0033090,Hunter Henry,TE,NE,2021,11,0,0,0.0,0,,0,3,2,35,0.1154,0.216,30,27,4.5,6.57,4.5
00-0033090,Hunter Henry,TE,NE,2021,12,0,0,0.0,0,,0,5,2,48,0.1562,0.2017,24,25,3.6,10.4,3.6
00-0033090,Hunter Henry,TE,NE,2021,15,0,0,0.0,0,,0,8,6,78,0.1818,0.1632,19,18,25.7,17.32,25.7
00-0033090,Hunter Henry,TE,NE,2021,16,0,0,0.0,0,,0,6,1,75,0.1935,0.2389,27,23,1.9,8.99,1.9
00-0033090,Hunter Henry,TE,NE,2021,17,0,0,0.0,0,,0,5,3,44,0.1515,0.1774,36,32,6.7,8.16,6.7
00-0033090,Hunter Henry,TE,NE,2021,18,0,0,0.0,0,,0,6,5,73,0.2,0.3004,27,29,13.6,8.91,13.6
00-0033094,Marvin Hall,WR,ATL,2021,16,0,0,0.0,0,,0,1,1,5,0.0455,0.0279,18,16,2.0,1.56,2.0
00-0033095,Garrett Griffin,TE,NO,2021,8,0,0,0.0,0,,0,3,3,9,0.0857,0.0476,32,31,6.0,4.36,6.0
00-0033095,Garrett Griffin,TE,NO,2021,13,0,0,0.0,0,,0,1,1,3,0.0244,0.0103,26,11,1.9,1.51,1.9
00-0033106,Jared Goff,QB,DET,2021,1,57,38,-6.849,3,-3.691,3,0,0,0.0,0.0,0.0,24,36,28.9,24.16,28.92
00-0033106,Jared Goff,QB,DET,2021,2,36,26,-0.568,1,8.651,4,0,0,0.0,0.0,0.0,19,22,18.4,17.37,18.44
00-0033106,Jared Goff,QB,DET,2021,3,30,22,3.139,2,4.892,1,0,0,0.0,0.0,0.0,27,35,9.1,12.79,9.08
00-0033106,Jared Goff,QB,DET,2021,4,38,24,4.784,4,0.985,3,0,0,0.0,0.0,0.0,25,26,16.8,20.73,18.76
00-0033106,Jared Goff,QB,DET,2021,5,35,21,-14.082,4,-1.671,0,0,0,0.0,0.0,0.0,24,32,6.1,14.13,8.12
00-0033106,Jared Goff,QB,DET,2021,6,42,28,-7.012,1,-2.789,1,0,0,0.0,0.0,0.0,18,23,8.2,14.63,8.18
00-0033106,Jared Goff,QB,DET,2021,7,36,22,-1.557,2,-4.721,1,0,0,0.0,0.0,0.0,28,33,11.0,11.6,11.02
00-0033106,Jared Goff,QB,DET,2021,8,34,25,-11.528,5,7.861,0,0,0,0.0,0.0,0.0,18,29,8.9,13.16,8.88
00-0033106,Jared Goff,QB,DET,2021,10,25,14,-12.157,4,-13.728,0,0,0,0.0,0.0,0.0,39,41,4.6,7.26,4.16
00-0033106,Jared Goff,QB,DET,2021,12,25,21,0.962,1,11.183,0,0,0,0.0,0.0,0.0,19,27,12.8,8.66,14.84
00-0033106,Jared Goff,QB,DET,2021,13,41,25,3.678,3,-3.424,2,0,0,0.0,0.0,0.0,27,26,19.9,20.38,21.94
00-0033106,Jared Goff,QB,DET,2021,14,39,24,-8.549,2,-4.088,2,0,0,0.0,0.0,0.0,21,21,11.6,18.29,11.6
00-0033106,Jared Goff,QB,DET,2021,15,26,21,13.538,2,6.934,0,0,0,0.0,0.0,0.0,34,36,20.6,10.8,20.64
00-0033106,Jared Goff,QB,DET,2021,18,30,21,10.67,1,7.377,0,0,0,0.0,0.0,0.0,26,28,17.5,14.04,17.52
00-0033110,Tyler Higbee,TE,LA,2021,1,0,0,0.0,0,,0,6,5,28,0.2308,0.1228,23,18,11.8,12.38,11.8
00-0033110,Tyler Higbee,TE,LA,2021,2,0,0,0.0,0,,0,1,1,5,0.0345,0.0229,29,26,1.8,1.43,1.8
00-0033110,Tyler Higbee,TE,LA,2021,3,0,0,0.0,0,,0,5,5,3,0.1316,0.0084,24,24,15.0,9.39,15.0
00-0033110,Tyler Higbee,TE,LA,2021,4,0,0,0.0,0,,0,6,4,46,0.1463,0.1299,23,22,7.6,13.78,7.6
00-0033110,Tyler Higbee,TE,LA,2021,5,0,0,0.0,0,,0,2,2,12,0.0571,0.0256,29,30,9.4,5.16,9.4
00-0033110,Tyler Higbee,TE,LA,2021,6,0,0,0.0,0,,0,5,5,21,0.1667,0.089,34,32,8.6,12.37,8.6
00-0033110,Tyler Higbee,TE,LA,2021,7,0,0,0.0,0,,0,8,5,37,0.1951,0.0966,19,20,9.6,14.12,9.6
00-0033110,Tyler Higbee,TE,LA,2021,8,0,0,0.0,0,,0,3,3,1,0.0882,0.0046,31,31,5.5,4.68,5.5
00-0033110,Tyler Higbee,TE,LA,2021,9,0,0,0.0,0,,0,10,5,74,0.2128,0.3033,21,23,10.1,19.66,10.1
00-0033110,Tyler Higbee,TE,LA,2021,10,0,0,0.0,0,,0,5,3,21,0.119,0.0625,10,15,11.0,9.02,11.0
00-0033110,Tyler Higbee,TE,LA,2021,12,0,0,0.0,0,,0,5,1,51,0.1282,0.1178,20,24,1.3,8.33,1.3
00-0033110,Tyler Higbee,TE,LA,2021,13,0,0,0.0,0,,0,6,5,41,0.1622,0.1161,27,29,9.8,11.22,9.8
00-0033110,Tyler Higbee,TE,LA,2021,16,0,0,0.0,0,,0,6,5,14,0.1622,0.0471,33,30,9.1,9.4,9.1
00-0033110,Tyler Higbee,TE,LA,2021,17,0,0,0.0,0,,0,9,6,55,0.2571,0.2209,20,22,12.9,14.41,12.9
00-0033110,Tyler Higbee,TE,LA,2021,18,0,0,0.0,0,,0,8,6,49,0.25,0.1763,27,30,23.5,17.13,23.5
00-0033111,Pharoh Cooper,WR,NYG,2021,12,0,0,0.0,0,,1,2,1,12,0.069,0.0764,27,21,1.9,3.36,1.9
00-0033111,Pharoh Cooper,WR,NYG,2021,13,0,0,0.0,0,,0,3,2,24,0.0789,0.0734,17,27,4.1,3.6,4.1
00-0033111,Pharoh Cooper,WR,NYG,2021,14,0,0,0.0,0,,0,1,1,6,0.0294,0.0195,26,31,1.6,1.43,1.6
00-0033111,Pharoh Cooper,WR,NYG,2021,15,0,0,0.0,0,,0,2,0,13,0.0556,0.0423,24,29,0.0,3.33,0.0
00-0033111,Pharoh Cooper,WR,NYG,2021,16,0,0,0.0,0,,0,1,0,9,0.0244,0.0377,27,26,0.0,1.58,0.0
00-0033111,Pharoh Cooper,WR,NYG,2021,17,0,0,0.0,0,,0,2,0,15,0.1818,0.2727,40,41,0.0,2.63,0.0
00-0033114,Mike Thomas,WR,CIN,2021,1,0,0,0.0,0,,0,3,1,28,0.1154,0.1273,36,39,1.5,5.43,1.5
00-0033114,Mike Thomas,WR,CIN,2021,3,0,0,0.0,0,,0,1,1,11,0.0556,0.0688,24,23,2.9,1.7,2.9
00-0033114,Mike Thomas,WR,CIN,2021,4,0,0,0.0,0,,0,1,1,0.0,0.0312,0.0,22,21,1.0,1.31,1.0
00-0033114,Mike Thomas,WR,CIN,2021,9,0,0,0.0,0,,0,1,1,16,0.0244,0.0421,23,26,2.6,1.93,2.6
00-0033114,Mike Thomas,WR,CIN,2021,11,0,0,0.0,0,,0,1,1,9,0.0357,0.0409,38,36,2.2,1.69,2.2
00-0033114,Mike Thomas,WR,CIN,2021,12,0,0,0.0,0,,0,1,0,6,0.0417,0.033,38,42,0.0,1.49,0.0
00-0033114,Mike Thomas,WR,CIN,2021,18,0,0,0.0,0,,0,3,0,39,0.1034,0.2378,18,21,0.0,4.55,0.0
00-0033118,Kenyan Drake,RB,LV,2021,1,0,0,0.0,0,,6,5,5,13,0.0962,0.0236,21,22,12.0,10.64,12.0
00-0033118,Kenyan Drake,RB,LV,2021,2,0,0,0.0,0,,7,6,5,13,0.1622,0.0429,25,25,10.5,13.14,10.5
00-0033118,Kenyan Drake,RB,LV,2021,3,0,0,0.0,0,,8,6,3,21,0.15,0.0526,35,37,8.7,12.83,8.7
00-0033118,Kenyan Drake,RB,LV,2021,4,0,0,0.0,0,,1,0,0,0.0,0.0,0.0,18,20,0.2,0.65,0.2
00-0033118,Kenyan Drake,RB,LV,2021,5,0,0,0.0,0,,2,1,0,21,0.0286,0.0658,22,22,1.1,3.34,1.1
00-0033118,Kenyan Drake,RB,LV,2021,6,0,0,0.0,0,,4,2,2,24,0.08,0.075,23,25,21.3,5.16,21.3
00-0033118,Kenyan Drake,RB,LV,2021,7,0,0,0.0,0,,14,3,3,-4,0.0882,-0.0207,29,33,16.9,12.34,16.9
00-0033118,Kenyan Drake,RB,LV,2021,9,0,0,0.0,0,,4,8,6,-12,0.1739,-0.0451,20,29,16.0,14.29,16.0
00-0033118,Kenyan Drake,RB,LV,2021,10,0,0,0.0,0,,4,3,2,5,0.0882,0.0195,14,19,5.1,6.58,5.1
00-0033118,Kenyan Drake,RB,LV,2021,11,0,0,0.0,0,,5,2,1,-2,0.08,-0.0086,18,21,3.9,5.81,3.9
00-0033118,Kenyan Drake,RB,LV,2021,12,0,0,0.0,0,,7,2,2,-4,0.0526,-0.0106,35,33,5.0,6.6,5.0
00-0033118,Kenyan Drake,RB,LV,2021,13,0,0,0.0,0,,1,2,1,-4,0.0556,-0.0112,16,25,1.8,3.27,1.8
00-0033119,Jacoby Brissett,QB,MIA,2021,1,0,0,0.0,0,,2,0,0,0.0,0.0,0.0,23,24,0.4,0.35,0.4
00-0033119,Jacoby Brissett,QB,MIA,2021,2,40,24,-14.2,4,-9.042,4,0,0,0.0,0.0,0.0,20,20,5.6,13.59,5.56
00-0033119,Jacoby Brissett,QB,MIA,2021,3,49,32,-2.297,2,-3.733,7,0,0,0.0,0.0,0.0,27,23,20.3,25.73,20.3
00-0033119,Jacoby Brissett,QB,MIA,2021,4,30,20,-0.559,3,1.053,3,0,0,0.0,0.0,0.0,16,16,14.8,19.96,16.76
00-0033119,Jacoby Brissett,QB,MIA,2021,5,39,27,-1.071,3,1.08,0,0,0,0.0,0.0,0.0,9,19,15.0,15.82,17.0
00-0033119,Jacoby Brissett,QB,MIA,2021,6,1,1,2.228,0,52.594,0,0,0,0.0,0.0,0.0,20,21,1.0,0.84,1.0
00-0033119,Jacoby Brissett,QB,MIA,2021,9,43,26,-3.209,4,1.056,1,0,0,0.0,0.0,0.0,25,30,8.5,22.08,10.46
00-0033119,Jacoby Brissett,QB,MIA,2021,10,23,11,-1.995,2,-5.763,1,0,0,0.0,0.0,0.0,22,19,6.6,12.29,6.64
00-0033119,Jacoby Brissett,QB,MIA,2021,15,0,0,0.0,0,,1,0,0,0.0,0.0,0.0,42,33,0.2,0.25,0.2
00-0033127,Will Fuller,WR,MIA,2021,3,0,0,0.0,0,,0,6,3,121,0.1277,0.3095,27,23,7.0,12.18,7.0
00-0033127,Will Fuller,WR,MIA,2021,4,0,0,0.0,0,,0,2,1,10,0.0667,0.0435,16,16,1.6,2.62,1.6
00-0033215,Cyril Grayson,WR,TB,2021,8,0,0,0.0,0,,0,1,1,35,0.0244,0.1029,14,18,12.0,2.06,12.0
00-0033215,Cyril Grayson,WR,TB,2021,16,0,0,0.0,0,,1,3,3,38,0.1034,0.1392,31,31,12.5,5.98,12.5
00-0033215,Cyril Grayson,WR,TB,2021,17,0,0,0.0,0,,0,8,6,112,0.1633,0.2209,21,27,20.1,12.34,20.1
00-0033217,Mo Alie-Cox,TE,IND,2021,1,0,0,0.0,0,,0,2,0,29,0.0571,0.1394,30,38,0.0,2.54,0.0
00-0033217,Mo Alie-Cox,TE,IND,2021,2,0,0,0.0,0,,0,2,1,7,0.0571,0.0238,26,23,2.8,2.83,2.8
00-0033217,Mo Alie-Cox,TE,IND,2021,3,0,0,0.0,0,,0,2,2,-7,0.0588,-0.0354,18,22,3.4,2.84,3.4
00-0033217,Mo Alie-Cox,TE,IND,2021,4,0,0,0.0,0,,0,5,3,61,0.1562,0.2163,33,34,19.2,12.52,19.2
00-0033217,Mo Alie-Cox,TE,IND,2021,5,0,0,0.0,0,,0,4,3,44,0.1176,0.2157,26,28,8.0,6.4,8.0
00-0033217,Mo Alie-Cox,TE,IND,2021,6,0,0,0.0,0,,0,3,1,56,0.1667,0.2295,26,25,9.8,7.51,9.8
00-0033217,Mo Alie-Cox,TE,IND,2021,7,0,0,0.0,0,,0,3,3,9,0.1154,0.0471,33,33,11.5,4.31,11.5
00-0033217,Mo Alie-Cox,TE,IND,2021,8,0,0,0.0,0,,0,4,0,89,0.0833,0.1759,20,24,0.0,7.66,0.0
00-0033217,Mo Alie-Cox,TE,IND,2021,9,0,0,0.0,0,,0,1,1,3,0.0345,0.0112,30,31,3.8,1.69,3.8
00-0033217,Mo Alie-Cox,TE,IND,2021,10,0,0,0.0,0,,0,2,1,10,0.0606,0.0602,27,31,1.6,5.62,1.6
00-0033217,Mo Alie-Cox,TE,IND,2021,11,0,0,0.0,0,,0,1,0,17,0.05,0.1453,46,45,0.0,3.25,0.0
00-0033217,Mo Alie-Cox,TE,IND,2021,12,0,0,0.0,0,,0,2,1,38,0.0465,0.0931,20,24,1.8,3.94,1.8
00-0033217,Mo Alie-Cox,TE,IND,2021,13,0,0,0.0,0,,0,1,1,-1,0.0455,-0.0065,48,44,1.0,4.97,1.0
00-0033217,Mo Alie-Cox,TE,IND,2021,15,0,0,0.0,0,,0,1,0,7,0.0833,0.0625,39,30,0.0,3.68,0.0
00-0033217,Mo Alie-Cox,TE,IND,2021,16,0,0,0.0,0,,0,4,2,9,0.1429,0.0474,33,31,6.2,5.83,6.2
00-0033217,Mo Alie-Cox,TE,IND,2021,17,0,0,0.0,0,,0,5,3,35,0.2083,0.2215,26,28,5.8,7.3,5.8
00-0033217,Mo Alie-Cox,TE,IND,2021,18,0,0,0.0,0,,0,3,2,36,0.1034,0.1204,18,20,4.7,5.34,4.7
00-0033246,Johnny Mundt,TE,LA,2021,4,0,0,0.0,0,,0,1,1,7,0.0244,0.0198,23,22,1.9,1.06,1.9
00-0033251,Zach Pascal,WR,IND,2021,1,0,0,0.0,0,,0,5,4,42,0.1429,0.2019,30,38,20.3,10.8,20.3
00-0033251,Zach Pascal,WR,IND,2021,2,0,0,0.0,0,,0,6,5,27,0.1714,0.0918,26,23,14.8,9.9,14.8
00-0033251,Zach Pascal,WR,IND,2021,3,0,0,0.0,0,,0,7,2,70,0.2059,0.3535,18,22,5.1,15.16,5.1
00-0033251,Zach Pascal,WR,IND,2021,4,0,0,0.0,0,,0,5,4,28,0.1562,0.0993,33,34,8.4,10.46,8.4
00-0033251,Zach Pascal,WR,IND,2021,5,0,0,0.0,0,,0,5,3,27,0.1471,0.1324,26,28,7.8,8.1,7.8
00-0033251,Zach Pascal,WR,IND,2021,6,0,0,0.0,0,,0,1,0,5,0.0556,0.0205,26,25,0.0,1.6,0.0
00-0033251,Zach Pascal,WR,IND,2021,7,0,0,0.0,0,,0,6,3,37,0.2308,0.1937,33,33,4.4,8.88,4.4
00-0033251,Zach Pascal,WR,IND,2021,8,0,0,0.0,0,,0,8,5,81,0.1667,0.1601,20,24,9.3,13.34,9.3
00-0033251,Zach Pascal,WR,IND,2021,9,0,0,0.0,0,,0,7,4,142,0.2414,0.5279,30,31,9.8,13.47,9.8
00-0033251,Zach Pascal,WR,IND,2021,10,0,0,0.0,0,,0,2,2,0.0,0.0606,0.0,27,31,2.9,3.06,2.9
00-0033251,Zach Pascal,WR,IND,2021,11,0,0,0.0,0,,1,1,0,3,0.05,0.0256,46,45,0.9,2.08,0.9
00-0033251,Zach Pascal,WR,IND,2021,12,0,0,0.0,0,,0,7,2,62,0.1628,0.152,20,24,1.2,12.84,1.2
00-0033251,Zach Pascal,WR,IND,2021,13,0,0,0.0,0,,1,3,1,19,0.1364,0.1234,48,44,2.8,7.29,2.8
00-0033251,Zach Pascal,WR,IND,2021,15,0,0,0.0,0,,0,2,1,28,0.1667,0.25,39,30,3.3,3.85,3.3
00-0033251,Zach Pascal,WR,IND,2021,17,0,0,0.0,0,,0,2,1,25,0.0833,0.1582,26,28,1.8,3.35,1.8
00-0033251,Zach Pascal,WR,IND,2021,18,0,0,0.0,0,,0,2,1,12,0.069,0.0401,18,20,1.7,3.12,1.7
00-0033258,Darrell Daniels,TE,ARI,2021,6,0,0,0.0,0,,0,1,0,0.0,0.0357,0.0,37,28,0.0,1.57,0.0
00-0033258,Darrell Daniels,TE,ARI,2021,9,0,0,0.0,0,,0,2,1,25,0.0769,0.2083,39,36,1.0,2.55,1.0
00-0033258,Darrell Daniels,TE,ARI,2021,11,0,0,0.0,0,,0,1,0,-3,0.0227,-0.0149,33,33,0.0,1.39,0.0
00-0033275,PJ Walker,QB,CAR,2021,7,14,3,-13.29,3,-39.012,1,0,0,0.0,0.0,0.0,17,20,2.6,5.01,2.62
00-0033275,PJ Walker,QB,CAR,2021,8,1,0,-0.258,0,-62.398,1,0,0,0.0,0.0,0.0,47,42,-0.1,2.28,-0.1
00-0033275,PJ Walker,QB,CAR,2021,10,29,22,5.428,0,3.947,3,0,0,0.0,0.0,0.0,37,45,5.3,11.86,5.28
00-0033275,PJ Walker,QB,CAR,2021,12,10,5,-5.332,4,0.101,0,0,0,0.0,0.0,0.0,18,16,1.5,3.27,1.48
00-0033275,PJ Walker,QB,CAR,2021,14,12,6,-0.997,0,-8.439,2,0,0,0.0,0.0,0.0,26,16,4.5,5.14,4.5
00-0033280,Christian McCaffrey,RB,CAR,2021,1,0,0,0.0,0,,21,9,9,5,0.2727,0.0183,27,32,27.7,25.22,27.7
00-0033280,Christian McCaffrey,RB,CAR,2021,2,0,0,0.0,0,,24,6,5,13,0.1667,0.0485,33,37,24.7,26.54,24.7
00-0033280,Christian McCaffrey,RB,CAR,2021,3,0,0,0.0,0,,7,2,2,-6,0.0606,-0.0223,33,29,6.0,7.41,6.0
00-0033280,Christian McCaffrey,RB,CAR,2021,9,0,0,0.0,0,,14,5,4,10,0.1724,0.0546,23,27,14.6,13.09,14.6
00-0033280,Christian McCaffrey,RB,CAR,2021,10,0,0,0.0,0,,13,10,10,28,0.3125,0.2258,37,45,26.1,24.38,26.1
00-0033280,Christian McCaffrey,RB,CAR,2021,11,0,0,0.0,0,,10,8,7,39,0.2963,0.26,21,18,24.9,17.07,24.9
00-0033280,Christian McCaffrey,RB,CAR,2021,12,0,0,0.0,0,,10,1,0,2,0.0323,0.0063,18,16,3.5,6.45,3.5
00-0033282,Curtis Samuel,WR,WAS,2021,4,0,0,0.0,0,,0,4,4,-5,0.1212,-0.0169,28,31,5.9,5.15,5.9
00-0033282,Curtis Samuel,WR,WAS,2021,5,0,0,0.0,0,,1,1,0,14,0.0244,0.0352,33,29,0.8,3.12,0.8
00-0033282,Curtis Samuel,WR,WAS,2021,12,0,0,0.0,0,,1,1,1,-3,0.0294,-0.0159,43,49,2.3,2.03,2.3
00-0033282,Curtis Samuel,WR,WAS,2021,13,0,0,0.0,0,,2,1,1,-5,0.0333,-0.0248,30,32,0.8,2.52,0.8
00-0033282,Curtis Samuel,WR,WAS,2021,14,0,0,0.0,0,,0,2,0,20,0.0606,0.0575,23,22,0.0,2.81,0.0
00-0033288,George Kittle,TE,SF,2021,1,0,0,0.0,0,,0,5,4,28,0.2174,0.1697,28,23,11.8,8.72,11.8
00-0033288,George Kittle,TE,SF,2021,2,0,0,0.0,0,,0,4,4,-6,0.1333,-0.0504,38,30,5.7,5.83,5.7
00-0033288,George Kittle,TE,SF,2021,3,0,0,0.0,0,,1,9,7,82,0.2368,0.3142,21,12,17.1,15.04,17.1
00-0033288,George Kittle,TE,SF,2021,4,0,0,0.0,0,,0,10,4,92,0.2564,0.2614,29,21,8.0,17.85,8.0
00-0033288,George Kittle,TE,SF,2021,9,0,0,0.0,0,,0,8,6,116,0.2051,0.3268,11,17,20.1,15.88,20.1
00-0033288,George Kittle,TE,SF,2021,10,0,0,0.0,0,,0,7,5,45,0.3684,0.36,44,37,16.0,12.67,16.0
00-0033288,George Kittle,TE,SF,2021,11,0,0,0.0,0,,0,4,4,23,0.2,0.1631,42,31,13.4,9.4,13.4
00-0033288,George Kittle,TE,SF,2021,12,0,0,0.0,0,,0,2,1,3,0.0769,0.0132,39,35,2.3,2.94,2.3
00-0033288,George Kittle,TE,SF,2021,13,0,0,0.0,0,,1,12,9,103,0.4,0.4725,25,25,39.6,20.76,39.6
00-0033288,George Kittle,TE,SF,2021,14,0,0,0.0,0,,0,15,13,138,0.4054,0.3823,23,16,34.1,27.55,34.1
00-0033288,George Kittle,TE,SF,2021,15,0,0,0.0,0,,0,6,6,50,0.25,0.3401,32,25,15.3,10.31,15.3
00-0033288,George Kittle,TE,SF,2021,16,0,0,0.0,0,,0,3,2,24,0.0857,0.1062,21,21,4.1,7.1,4.1
00-0033288,George Kittle,TE,SF,2021,17,0,0,0.0,0,,1,2,1,49,0.087,0.1835,37,24,4.5,4.93,4.5
00-0033288,George Kittle,TE,SF,2021,18,0,0,0.0,0,,0,7,5,30,0.2188,0.1024,31,24,6.0,11.9,6.0
00-0033292,Trent Taylor,WR,CIN,2021,18,0,0,0.0,0,,0,3,2,39,0.1034,0.2378,18,21,6.1,5.24,6.1
00-0033293,Aaron Jones,RB,GB,2021,1,0,0,0.0,0,,5,2,2,-1,0.0606,-0.003,15,17,4.2,5.06,4.2
00-0033293,Aaron Jones,RB,GB,2021,2,0,0,0.0,0,,17,6,6,-3,0.2222,-0.0116,31,31,41.5,30.22,41.5
00-0033293,Aaron Jones,RB,GB,2021,3,0,0,0.0,0,,19,2,2,-3,0.0645,-0.0085,25,29,17.6,16.51,17.6
00-0033293,Aaron Jones,RB,GB,2021,4,0,0,0.0,0,,15,4,3,18,0.1143,0.0523,33,34,10.9,17.55,10.9
00-0033293,Aaron Jones,RB,GB,2021,5,0,0,0.0,0,,14,5,4,7,0.1429,0.0201,22,31,14.9,14.37,14.9
00-0033293,Aaron Jones,RB,GB,2021,6,0,0,0.0,0,,13,4,4,-8,0.1905,-0.041,31,28,21.0,14.37,21.0
00-0033293,Aaron Jones,RB,GB,2021,7,0,0,0.0,0,,6,5,5,-12,0.1471,-0.0588,15,18,8.9,10.59,8.9
00-0033293,Aaron Jones,RB,GB,2021,8,0,0,0.0,0,,15,11,7,33,0.3143,0.2,34,38,24.0,32.72,24.0
00-0033293,Aaron Jones,RB,GB,2021,9,0,0,0.0,0,,12,2,0,2,0.0625,0.0074,25,24,5.3,8.76,5.3
00-0033293,Aaron Jones,RB,GB,2021,10,0,0,0.0,0,,7,6,4,5,0.1714,0.0216,32,36,12.6,12.96,12.6
00-0033293,Aaron Jones,RB,GB,2021,12,0,0,0.0,0,,10,1,0,1,0.0227,0.0023,32,35,2.3,6.39,2.3
00-0033293,Aaron Jones,RB,GB,2021,14,0,0,0.0,0,,5,3,3,16,0.0857,0.0632,24,23,21.5,8.37,21.5
00-0033293,Aaron Jones,RB,GB,2021,15,0,0,0.0,0,,13,2,2,9,0.0645,0.0315,25,23,15.0,11.47,15.0
00-0033293,Aaron Jones,RB,GB,2021,16,0,0,0.0,0,,12,6,5,-2,0.1765,-0.0113,24,29,13.7,14.86,13.7
00-0033293,Aaron Jones,RB,GB,2021,17,0,0,0.0,0,,8,6,5,-6,0.1429,-0.0233,32,35,15.6,13.99,15.6
00-0033296,Alex Armah,RB,NO,2021,3,0,0,0.0,0,,1,0,0,0.0,0.0,0.0,38,32,0.5,0.41,0.5
00-0033296,Alex Armah,RB,NO,2021,4,0,0,0.0,0,,1,0,0,0.0,0.0,0.0,39,33,0.2,0.44,0.2
00-0033296,Alex Armah,RB,NO,2021,7,0,0,0.0,0,,1,0,0,0.0,0.0,0.0,31,33,0.2,0.39,0.2
00-0033296,Alex Armah,RB,NO,2021,8,0,0,0.0,0,,0,1,1,0.0,0.0286,0.0,32,31,7.1,4.9,7.1
00-0033296,Alex Armah,RB,NO,2021,9,0,0,0.0,0,,2,0,0,0.0,0.0,0.0,25,33,1.2,1.02,1.2
00-0033307,Kendrick Bourne,WR,NE,2021,1,0,0,0.0,0,,0,3,1,16,0.0789,0.0669,30,38,2.7,4.08,2.7
00-0033307,Kendrick Bourne,WR,NE,2021,2,0,0,0.0,0,,1,3,2,10,0.1071,0.0714,24,30,4.6,5.2,4.6
00-0033307,Kendrick Bourne,WR,NE,2021,3,0,0,0.0,0,,0,8,6,145,0.1569,0.2291,17,18,21.6,14.11,21.6
00-0033307,Kendrick Bourne,WR,NE,2021,4,0,0,0.0,0,,0,5,5,45,0.119,0.2074,8,15,10.8,8.28,10.8
00-0033307,Kendrick Bourne,WR,NE,2021,5,0,0,0.0,0,,1,3,3,13,0.1071,0.0553,30,31,6.8,5.27,6.8
00-0033307,Kendrick Bourne,WR,NE,2021,6,0,0,0.0,0,,0,2,1,37,0.0952,0.2151,27,29,14.5,3.47,14.5
00-0033307,Kendrick Bourne,WR,NE,2021,7,1,1,2.348,0,64.895,0,4,4,41,0.1,0.1206,32,36,15.8,8.11,15.8
00-0033307,Kendrick Bourne,WR,NE,2021,8,0,0,0.0,0,,0,7,4,64,0.2059,0.1916,39,37,5.8,13.07,5.8
00-0033307,Kendrick Bourne,WR,NE,2021,9,0,0,0.0,0,,0,4,3,23,0.2222,0.2277,39,38,6.4,5.92,6.4
00-0033307,Kendrick Bourne,WR,NE,2021,10,0,0,0.0,0,,3,4,4,43,0.16,0.2402,34,36,24.1,10.8,24.1
00-0033307,Kendrick Bourne,WR,NE,2021,11,0,0,0.0,0,,1,4,4,16,0.1538,0.0988,30,27,8.9,7.49,8.9
00-0033307,Kendrick Bourne,WR,NE,2021,12,0,0,0.0,0,,0,6,5,20,0.1875,0.084,24,25,23.1,10.68,23.1
00-0033307,Kendrick Bourne,WR,NE,2021,13,0,0,0.0,0,,1,0,0,0.0,0.0,0.0,46,39,0.3,0.6,0.3
00-0033307,Kendrick Bourne,WR,NE,2021,15,0,0,0.0,0,,2,3,3,41,0.0682,0.0858,19,18,9.3,7.02,9.3
00-0033307,Kendrick Bourne,WR,NE,2021,16,0,0,0.0,0,,0,4,2,53,0.129,0.1688,27,23,5.3,6.83,5.3
00-0033307,Kendrick Bourne,WR,NE,2021,17,0,0,0.0,0,,2,6,5,19,0.1818,0.0766,36,32,14.3,11.64,14.3
00-0033307,Kendrick Bourne,WR,NE,2021,18,0,0,0.0,0,,1,4,3,6,0.1333,0.0247,27,29,6.2,6.3,6.2
00-0033308,Matt Breida,RB,BUF,2021,1,0,0,0.0,0,,4,0,0,0.0,0.0,0.0,25,18,0.4,1.99,0.4
00-0033308,Matt Breida,RB,BUF,2021,10,0,0,0.0,0,,3,3,3,8,0.1071,0.0221,24,21,18.0,8.64,18.0
00-0033308,Matt Breida,RB,BUF,2021,11,0,0,0.0,0,,5,2,1,-6,0.0513,-0.0215,13,16,7.7,6.03,7.7
00-0033308,Matt Breida,RB,BUF,2021,12,0,0,0.0,0,,9,2,2,2,0.0769,0.0118,32,27,13.5,9.9,13.5
00-0033308,Matt Breida,RB,BUF,2021,13,0,0,0.0,0,,1,1,1,4,0.0333,0.0129,25,22,1.8,1.88,1.8
00-0033308,Matt Breida,RB,BUF,2021,14,0,0,0.0,0,,3,1,0,0.0,0.0196,0.0,19,13,1.2,2.9,1.2
00-0033308,Matt Breida,RB,BUF,2021,15,0,0,0.0,0,,1,0,0,0.0,0.0,0.0,27,24,0.1,0.6,0.1
00-0033319,Nick Mullens,QB,CLE,2021,15,30,20,2.165,0,4.744,0,0,0,0.0,0.0,0.0,24,32,9.9,10.0,9.88
00-0033338,Cethan Carter,TE,MIA,2021,2,0,0,0.0,0,,0,1,1,7,0.0238,0.033,20,20,1.8,1.54,1.8
00-0033338,Cethan Carter,TE,MIA,2021,6,0,0,0.0,0,,0,1,1,1,0.0213,0.0026,20,21,1.8,1.32,1.8
00-0033357,Taysom Hill,TE,NO,2021,1,1,1,0.371,0,32.706,2,0,0,0.0,0.0,0.0,39,35,0.2,4.81,0.22
00-0033357,Taysom Hill,TE,NO,2021,2,0,0,0.0,0,,2,0,0,0.0,0.0,0.0,17,15,1.6,2.08,1.6
00-0033357,Taysom Hill,TE,NO,2021,3,0,0,0.0,0,,6,0,0,0.0,0.0,0.0,38,32,9.2,5.87,9.2
00-0033357,Taysom Hill,TE,NO,2021,4,3,2,-2.297,0,1.23,6,2,2,-4,0.0769,-0.0207,39,33,17.8,11.85,17.76
00-0033357,Taysom Hill,TE,NO,2021,5,0,0,0.0,0,,0,2,1,15,0.0714,0.0411,23,21,2.1,2.47,2.1
00-0033357,Taysom Hill,TE,NO,2021,9,2,2,2.596,0,36.1,1,0,0,0.0,0.0,0.0,25,33,1.7,2.63,1.72
00-0033357,Taysom Hill,TE,NO,2021,10,2,2,0.403,0,20.869,3,2,1,8,0.0571,0.0244,21,20,5.2,5.92,5.24
00-0033357,Taysom Hill,TE,NO,2021,13,41,19,-22.099,2,-23.646,11,0,0,0.0,0.0,0.0,26,11,20.7,20.32,20.66
00-0033357,Taysom Hill,TE,NO,2021,14,21,15,3.794,3,-1.344,11,0,0,0.0,0.0,0.0,44,38,26.3,18.03,26.3
00-0033357,Taysom Hill,TE,NO,2021,15,27,13,-3.701,2,-12.974,11,0,0,0.0,0.0,0.0,31,24,9.5,16.62,9.46
00-0033357,Taysom Hill,TE,NO,2021,17,28,17,0.859,2,5.678,12,0,0,0.0,0.0,0.0,28,19,17.4,15.27,17.38
00-0033357,Taysom Hill,TE,NO,2021,18,9,7,8.64,0,15.548,5,0,0,0.0,0.0,0.0,46,39,10.1,9.87,10.08
00-0033367,C.J. Board,WR,NYG,2021,1,0,0,0.0,0,,0,1,1,6,0.0278,0.0196,20,17,1.6,1.63,1.6
00-0033367,C.J. Board,WR,NYG,2021,2,0,0,0.0,0,,1,0,0,0.0,0.0,0.0,28,18,0.6,0.89,0.6
00-0033367,C.J. Board,WR,NYG,2021,3,0,0,0.0,0,,0,2,1,46,0.0571,0.1933,27,23,4.8,3.86,4.8
00-0033367,C.J. Board,WR,NYG,2021,5,0,0,0.0,0,,0,3,2,50,0.0811,0.1269,25,21,2.7,6.58,2.7
00-0033375,Tim Patrick,WR,DEN,2021,1,0,0,0.0,0,,0,4,4,34,0.1143,0.109,28,29,13.9,8.75,13.9
00-0033375,Tim Patrick,WR,DEN,2021,2,0,0,0.0,0,,0,4,3,28,0.1176,0.072,30,29,12.7,5.78,12.7
00-0033375,Tim Patrick,WR,DEN,2021,3,0,0,0.0,0,,0,5,5,85,0.2083,0.425,37,37,14.8,9.24,14.8
00-0033375,Tim Patrick,WR,DEN,2021,4,0,0,0.0,0,,0,6,3,74,0.1622,0.2085,17,21,6.9,9.16,6.9
00-0033375,Tim Patrick,WR,DEN,2021,5,0,0,0.0,0,,0,9,7,71,0.2571,0.2113,18,22,15.9,14.23,15.9
00-0033375,Tim Patrick,WR,DEN,2021,6,0,0,0.0,0,,0,6,3,90,0.125,0.1833,23,28,13.2,8.89,13.2
00-0033375,Tim Patrick,WR,DEN,2021,7,0,0,0.0,0,,0,5,2,61,0.1562,0.3506,14,20,3.6,8.63,3.6
00-0033375,Tim Patrick,WR,DEN,2021,8,0,0,0.0,0,,0,3,3,43,0.12,0.2324,21,24,9.4,5.36,9.4
00-0033375,Tim Patrick,WR,DEN,2021,9,0,0,0.0,0,,0,5,4,91,0.2083,0.4044,41,40,18.5,10.06,18.5
00-0033375,Tim Patrick,WR,DEN,2021,10,0,0,0.0,0,,0,6,3,29,0.1765,0.1394,18,20,4.4,10.87,4.4
00-0033375,Tim Patrick,WR,DEN,2021,12,0,0,0.0,0,,0,3,2,29,0.1304,0.1986,33,35,4.6,7.31,4.6
00-0033375,Tim Patrick,WR,DEN,2021,13,0,0,0.0,0,,0,5,1,50,0.1389,0.1859,31,34,1.9,7.95,1.9
00-0033375,Tim Patrick,WR,DEN,2021,14,0,0,0.0,0,,0,5,2,42,0.2,0.2258,39,40,4.1,7.57,4.1
00-0033375,Tim Patrick,WR,DEN,2021,15,0,0,0.0,0,,0,5,3,93,0.1562,0.2751,34,35,13.2,9.51,13.2
00-0033375,Tim Patrick,WR,DEN,2021,16,0,0,0.0,0,,0,4,2,55,0.1818,0.2236,16,17,3.8,6.33,3.8
00-0033375,Tim Patrick,WR,DEN,2021,18,0,0,0.0,0,,0,10,6,120,0.4167,0.4396,28,27,15.5,17.03,15.5
00-0033376,Patrick Ricard,RB,BAL,2021,1,0,0,0.0,0,,0,3,2,10,0.1034,0.0422,34,26,3.5,4.75,3.5
00-0033376,Patrick Ricard,RB,BAL,2021,2,0,0,0.0,0,,1,0,0,0.0,0.0,0.0,41,27,0.2,0.32,0.2
00-0033376,Patrick Ricard,RB,BAL,2021,4,0,0,0.0,0,,0,1,1,4,0.0286,0.0095,30,24,1.4,1.61,1.4
00-0033376,Patrick Ricard,RB,BAL,2021,9,0,0,0.0,0,,0,5,3,5,0.122,0.0155,45,29,12.5,9.36,12.5
00-0033376,Patrick Ricard,RB,BAL,2021,11,0,0,0.0,0,,1,1,0,-1,0.0278,-0.0055,34,35,0.2,1.89,0.2
00-0033376,Patrick Ricard,RB,BAL,2021,12,0,0,0.0,0,,0,2,1,-4,0.0625,-0.0144,43,27,1.0,5.74,1.0
00-0033376,Patrick Ricard,RB,BAL,2021,13,0,0,0.0,0,,0,1,1,0.0,0.027,0.0,25,25,1.9,1.3,1.9
00-0033386,Cody Hollister,WR,TEN,2021,12,0,0,0.0,0,,0,4,2,15,0.1905,0.1172,39,33,4.2,7.63,4.2
00-0033386,Cody Hollister,WR,TEN,2021,14,0,0,0.0,0,,0,1,1,4,0.0333,0.0272,34,29,1.6,1.46,1.6
00-0033386,Cody Hollister,WR,TEN,2021,15,0,0,0.0,0,,0,2,1,53,0.0625,0.2398,42,46,1.5,3.68,1.5
00-0033387,Jacob Hollister,TE,JAX,2021,3,0,0,0.0,0,,0,6,2,59,0.1875,0.2169,29,29,3.5,10.0,3.5
00-0033387,Jacob Hollister,TE,JAX,2021,4,0,0,0.0,0,,0,1,1,3,0.0455,0.0139,30,21,1.5,1.36,1.5
00-0033387,Jacob Hollister,TE,JAX,2021,5,0,0,0.0,0,,0,1,1,1,0.0303,0.004,31,25,7.1,3.81,7.1
00-0033387,Jacob Hollister,TE,JAX,2021,6,0,0,0.0,0,,0,1,0,-5,0.025,-0.0163,19,20,0.0,1.36,0.0
00-0033387,Jacob Hollister,TE,JAX,2021,16,0,0,0.0,0,,0,2,2,1,0.0571,0.0027,31,23,4.0,3.95,4.0
00-0033387,Jacob Hollister,TE,JAX,2021,18,0,0,0.0,0,,0,3,3,7,0.0938,0.0378,31,26,4.4,5.42,4.4
00-0033421,Antony Auclair,TE,HOU,2021,5,0,0,0.0,0,,0,1,1,11,0.037,0.0414,24,28,8.1,3.68,8.1
00-0033421,Antony Auclair,TE,HOU,2021,9,0,0,0.0,0,,0,2,2,11,0.05,0.0301,18,18,4.3,3.02,4.3
00-0033421,Antony Auclair,TE,HOU,2021,14,0,0,0.0,0,,0,1,1,0.0,0.0208,0.0,25,32,1.6,1.48,1.6
00-0033421,Antony Auclair,TE,HOU,2021,18,0,0,0.0,0,,0,1,1,0.0,0.0312,0.0,21,23,1.7,1.37,1.7
00-0033439,Pharaoh Brown,TE,HOU,2021,1,0,0,0.0,0,,0,5,4,66,0.1562,0.2075,41,41,10.7,7.96,10.7
00-0033439,Pharaoh Brown,TE,HOU,2021,2,0,0,0.0,0,,0,1,0,4,0.0357,0.0147,28,29,0.0,1.45,0.0
00-0033439,Pharaoh Brown,TE,HOU,2021,4,0,0,0.0,0,,0,2,1,9,0.1,0.05,18,19,1.6,2.97,1.6
00-0033439,Pharaoh Brown,TE,HOU,2021,5,0,0,0.0,0,,0,4,2,10,0.1481,0.0376,24,28,4.2,6.24,4.2
00-0033439,Pharaoh Brown,TE,HOU,2021,6,0,0,0.0,0,,0,3,2,13,0.0714,0.0466,29,32,2.8,4.56,2.8
00-0033439,Pharaoh Brown,TE,HOU,2021,7,0,0,0.0,0,,0,3,3,1,0.0968,0.0065,15,23,4.1,3.88,4.1
00-0033439,Pharaoh Brown,TE,HOU,2021,11,0,0,0.0,0,,0,4,2,7,0.1739,0.0722,38,35,3.0,5.06,3.0
00-0033439,Pharaoh Brown,TE,HOU,2021,12,0,0,0.0,0,,0,1,0,8,0.0385,0.0365,24,27,0.0,1.63,0.0
00-0033439,Pharaoh Brown,TE,HOU,2021,13,0,0,0.0,0,,0,5,4,5,0.1923,0.0347,19,15,4.3,6.03,4.3
00-0033439,Pharaoh Brown,TE,HOU,2021,15,0,0,0.0,0,,0,2,2,1,0.0667,0.0047,26,27,2.5,2.79,2.5
00-0033439,Pharaoh Brown,TE,HOU,2021,16,0,0,0.0,0,,0,3,2,18,0.1111,0.0861,36,36,3.0,4.39,3.0
00-0033439,Pharaoh Brown,TE,HOU,2021,17,0,0,0.0,0,,0,1,1,4,0.0333,0.0206,27,34,1.9,1.45,1.9
00-0033455,Anthony Firkser,TE,TEN,2021,1,0,0,0.0,0,,0,4,3,17,0.1111,0.062,22,26,4.9,5.72,4.9
00-0033455,Anthony Firkser,TE,TEN,2021,4,0,0,0.0,0,,0,5,3,36,0.102,0.0916,37,44,5.3,8.79,5.3
00-0033455,Anthony Firkser,TE,TEN,2021,5,0,0,0.0,0,,0,4,3,32,0.1905,0.1928,36,32,6.3,7.96,6.3
00-0033455,Anthony Firkser,TE,TEN,2021,6,0,0,0.0,0,,0,1,1,2,0.04,0.0079,22,22,2.1,1.37,2.1
00-0033455,Anthony Firkser,TE,TEN,2021,7,0,0,0.0,0,,0,1,1,8,0.037,0.0388,35,36,1.9,1.45,1.9
00-0033455,Anthony Firkser,TE,TEN,2021,8,0,0,0.0,0,,0,2,1,11,0.0625,0.0466,31,31,1.8,2.75,-0.2
00-0033455,Anthony Firkser,TE,TEN,2021,9,0,0,0.0,0,,0,1,1,-1,0.0385,-0.0092,26,26,1.7,1.58,1.7
00-0033455,Anthony Firkser,TE,TEN,2021,10,0,0,0.0,0,,0,2,1,-6,0.0741,-0.0448,29,27,1.2,2.5,1.2
00-0033455,Anthony Firkser,TE,TEN,2021,11,0,0,0.0,0,,0,7,5,46,0.1373,0.1043,25,34,7.6,9.88,7.6
00-0033455,Anthony Firkser,TE,TEN,2021,12,0,0,0.0,0,,0,1,1,2,0.0476,0.0156,39,33,1.7,1.31,1.7
00-0033455,Anthony Firkser,TE,TEN,2021,14,0,0,0.0,0,,0,5,4,22,0.1667,0.1497,34,29,7.4,7.54,7.4
00-0033455,Anthony Firkser,TE,TEN,2021,15,0,0,0.0,0,,0,2,2,15,0.0625,0.0679,42,46,1.9,2.89,1.9
00-0033455,Anthony Firkser,TE,TEN,2021,16,0,0,0.0,0,,0,1,1,3,0.0333,0.0117,24,23,2.3,1.52,2.3
00-0033455,Anthony Firkser,TE,TEN,2021,17,0,0,0.0,0,,0,3,3,21,0.1667,0.1567,40,39,11.4,6.82,11.4
00-0033455,Anthony Firkser,TE,TEN,2021,18,0,0,0.0,0,,0,4,4,42,0.125,0.1284,32,32,15.6,9.0,15.6
00-0033460,John Ross,WR,NYG,2021,4,0,0,0.0,0,,0,4,3,74,0.1111,0.1973,20,20,16.7,7.35,16.7
00-0033460,John Ross,WR,NYG,2021,5,0,0,0.0,0,,0,5,1,95,0.1351,0.2411,25,21,2.3,11.06,2.3
00-0033460,John Ross,WR,NYG,2021,6,0,0,0.0,0,,0,2,0,27,0.0417,0.0771,18,16,0.0,3.24,0.0
00-0033460,John Ross,WR,NYG,2021,7,0,0,0.0,0,,0,2,2,19,0.0606,0.0841,31,16,4.7,3.47,4.7
00-0033460,John Ross,WR,NYG,2021,8,0,0,0.0,0,,0,3,2,73,0.0909,0.5794,20,20,9.2,5.74,9.2
00-0033460,John Ross,WR,NYG,2021,11,0,0,0.0,0,,1,0,0,0.0,0.0,0.0,13,16,1.6,0.64,1.6
00-0033460,John Ross,WR,NYG,2021,12,0,0,0.0,0,,0,2,2,14,0.069,0.0892,27,21,4.8,2.54,4.8
00-0033460,John Ross,WR,NYG,2021,13,0,0,0.0,0,,0,1,0,8,0.0263,0.0245,17,27,0.0,1.36,0.0
00-0033460,John Ross,WR,NYG,2021,14,0,0,0.0,0,,0,1,1,4,0.0294,0.013,26,31,1.7,1.36,1.7
00-0033466,Isaiah McKenzie,WR,BUF,2021,1,0,0,0.0,0,,1,0,0,0.0,0.0,0.0,25,18,-0.3,0.8,-0.3
00-0033466,Isaiah McKenzie,WR,BUF,2021,2,0,0,0.0,0,,0,2,1,15,0.069,0.0478,30,27,1.1,3.71,1.1
00-0033466,Isaiah McKenzie,WR,BUF,2021,3,0,0,0.0,0,,1,0,0,0.0,0.0,0.0,33,28,0.8,0.8,0.8
00-0033466,Isaiah McKenzie,WR,BUF,2021,6,0,0,0.0,0,,1,1,1,0.0,0.0222,0.0,23,20,1.8,2.2,1.8
00-0033466,Isaiah McKenzie,WR,BUF,2021,9,0,0,0.0,0,,0,2,2,6,0.0444,0.0209,14,18,3.0,3.04,3.0
00-0033466,Isaiah McKenzie,WR,BUF,2021,10,0,0,0.0,0,,2,3,1,24,0.1071,0.0663,24,21,9.9,8.24,9.9
00-0033466,Isaiah McKenzie,WR,BUF,2021,14,0,0,0.0,0,,0,1,1,-4,0.0196,-0.0148,19,13,1.5,1.38,1.5
00-0033466,Isaiah McKenzie,WR,BUF,2021,15,0,0,0.0,0,,1,2,1,-1,0.0645,-0.0033,27,24,2.5,3.51,2.5
00-0033466,Isaiah McKenzie,WR,BUF,2021,16,0,0,0.0,0,,1,12,11,105,0.2791,0.3376,28,22,29.4,22.57,29.4
00-0033466,Isaiah McKenzie,WR,BUF,2021,17,0,0,0.0,0,,1,2,1,6,0.0833,0.0255,44,28,1.9,5.61,1.9
00-0033466,Isaiah McKenzie,WR,BUF,2021,18,0,0,0.0,0,,1,1,1,6,0.0222,0.0143,33,28,2.9,2.19,2.9
00-0033471,Isaiah Ford,WR,MIA,2021,5,0,0,0.0,0,,0,1,1,3,0.0256,0.012,9,19,1.3,1.34,1.3
00-0033471,Isaiah Ford,WR,MIA,2021,6,0,0,0.0,0,,0,1,0,6,0.0213,0.0153,20,21,0.0,1.66,0.0
00-0033471,Isaiah Ford,WR,MIA,2021,7,0,0,0.0,0,,0,1,1,5,0.025,0.0207,29,32,8.0,2.05,8.0
00-0033471,Isaiah Ford,WR,MIA,2021,8,0,0,0.0,0,,0,1,0,4,0.0278,0.0148,23,24,0.0,1.4,0.0
00-0033471,Isaiah Ford,WR,MIA,2021,9,0,0,0.0,0,,0,1,0,6,0.025,0.0152,25,30,0.0,1.29,0.0
00-0033471,Isaiah Ford,WR,MIA,2021,10,0,0,0.0,0,,0,4,4,49,0.1176,0.1591,22,19,12.4,5.92,12.4
00-0033471,Isaiah Ford,WR,MIA,2021,12,0,0,0.0,0,,0,2,1,20,0.0645,0.1724,39,36,2.1,4.61,2.1
00-0033471,Isaiah Ford,WR,MIA,2021,13,0,0,0.0,0,,0,1,1,2,0.0244,0.0071,25,25,7.2,3.97,7.2
00-0033471,Isaiah Ford,WR,MIA,2021,15,0,0,0.0,0,,0,3,3,40,0.1154,0.1581,42,33,8.1,4.33,8.1
00-0033471,Isaiah Ford,WR,MIA,2021,17,0,0,0.0,0,,0,2,1,9,0.0526,0.0237,16,17,1.0,2.92,1.0
00-0033481,Marcus Kemp,WR,KC,2021,3,0,0,0.0,0,,0,1,0,26,0.025,0.0672,30,28,0.0,4.01,0.0
00-0033481,Marcus Kemp,WR,KC,2021,7,0,0,0.0,0,,0,1,1,5,0.0208,0.0134,13,11,1.8,1.67,1.8
00-0033481,Marcus Kemp,WR,KC,2021,10,0,0,0.0,0,,0,1,1,11,0.0208,0.0268,25,30,2.6,1.92,2.6
00-0033481,Marcus Kemp,WR,KC,2021,13,0,0,0.0,0,,0,1,0,4,0.037,0.0265,24,25,0.0,1.47,0.0
00-0033481,Marcus Kemp,WR,KC,2021,17,0,0,0.0,0,,0,1,0,16,0.0294,0.0539,23,21,0.0,1.99,0.0
00-0033526,Samaje Perine,RB,CIN,2021,1,0,0,0.0,0,,5,1,1,-3,0.0385,-0.0136,36,39,3.9,3.55,3.9
00-0033526,Samaje Perine,RB,CIN,2021,2,0,0,0.0,0,,0,1,0,0.0,0.0345,0.0,20,22,0.0,1.42,0.0
00-0033526,Samaje Perine,RB,CIN,2021,3,0,0,0.0,0,,1,1,1,4,0.0556,0.025,24,23,1.7,1.98,1.7
00-0033526,Samaje Perine,RB,CIN,2021,4,0,0,0.0,0,,3,1,1,3,0.0312,0.0128,22,21,3.2,2.91,3.2
00-0033526,Samaje Perine,RB,CIN,2021,5,0,0,0.0,0,,11,5,4,6,0.1351,0.0196,24,28,18.3,15.33,18.3
00-0033526,Samaje Perine,RB,CIN,2021,7,0,0,0.0,0,,11,1,1,4,0.0278,0.0103,24,24,14.5,6.09,14.5
00-0033526,Samaje Perine,RB,CIN,2021,8,0,0,0.0,0,,0,2,2,0.0,0.0588,0.0,16,20,3.6,3.23,3.6
00-0033526,Samaje Perine,RB,CIN,2021,9,0,0,0.0,0,,5,3,2,2,0.0732,0.0053,23,26,5.7,6.86,5.7
00-0033526,Samaje Perine,RB,CIN,2021,11,0,0,0.0,0,,2,3,3,-2,0.1071,-0.0091,38,36,5.1,5.73,5.1
00-0033526,Samaje Perine,RB,CIN,2021,12,0,0,0.0,0,,3,1,1,0.0,0.0417,0.0,38,42,2.5,2.88,2.5
00-0033526,Samaje Perine,RB,CIN,2021,13,0,0,0.0,0,,5,2,2,1,0.0526,0.0025,25,26,6.1,5.02,6.1
00-0033526,Samaje Perine,RB,CIN,2021,14,0,0,0.0,0,,4,5,4,-1,0.1471,-0.0034,26,28,7.3,9.5,7.3
00-0033526,Samaje Perine,RB,CIN,2021,15,0,0,0.0,0,,4,2,2,-5,0.0952,-0.0311,26,24,6.3,4.35,6.3
00-0033526,Samaje Perine,RB,CIN,2021,16,0,0,0.0,0,,0,2,2,-4,0.0435,-0.0104,21,27,2.6,2.82,2.6
00-0033526,Samaje Perine,RB,CIN,2021,17,0,0,0.0,0,,1,1,1,2,0.0263,0.0076,19,21,2.4,1.96,2.4
00-0033528,Jeremy Sprinkle,TE,DAL,2021,15,0,0,0.0,0,,0,2,2,6,0.0541,0.0264,30,34,4.1,3.54,4.1
00-0033528,Jeremy Sprinkle,TE,DAL,2021,18,0,0,0.0,0,,0,1,1,6,0.0357,0.0256,32,34,2.0,2.19,2.0
00-0033536,Mike Williams,WR,LAC,2021,1,0,0,0.0,0,,0,12,8,118,0.2609,0.3242,29,25,22.2,21.76,22.2
00-0033536,Mike Williams,WR,LAC,2021,2,0,0,0.0,0,,0,10,7,86,0.25,0.3386,19,25,22.1,21.73,22.1
00-0033536,Mike Williams,WR,LAC,2021,3,0,0,0.0,0,,0,9,7,83,0.2571,0.3562,22,23,33.2,18.75,33.2
00-0033536,Mike Williams,WR,LAC,2021,4,0,0,0.0,0,,0,4,1,71,0.1053,0.2283,34,36,2.1,7.48,2.1
00-0033536,Mike Williams,WR,LAC,2021,5,0,0,0.0,0,,0,16,8,231,0.381,0.5634,23,24,36.5,27.79,36.5
00-0033536,Mike Williams,WR,LAC,2021,6,0,0,0.0,0,,0,5,2,78,0.1282,0.3071,12,15,4.7,9.91,4.7
00-0033536,Mike Williams,WR,LAC,2021,8,0,0,0.0,0,,0,5,2,58,0.1471,0.179,20,24,3.9,7.38,3.9
00-0033536,Mike Williams,WR,LAC,2021,9,0,0,0.0,0,,0,5,2,64,0.1351,0.2977,27,25,7.8,16.04,7.8
00-0033536,Mike Williams,WR,LAC,2021,10,0,0,0.0,0,,0,6,4,10,0.1818,0.0526,19,20,7.3,13.19,7.3
00-0033536,Mike Williams,WR,LAC,2021,11,0,0,0.0,0,,0,6,5,54,0.1463,0.2466,26,20,20.7,10.32,20.7
00-0033536,Mike Williams,WR,LAC,2021,12,0,0,0.0,0,,0,8,4,80,0.1818,0.2787,17,21,7.9,12.22,7.9
00-0033536,Mike Williams,WR,LAC,2021,13,0,0,0.0,0,,0,7,5,101,0.2,0.2737,22,27,16.0,14.33,16.0
00-0033536,Mike Williams,WR,LAC,2021,14,0,0,0.0,0,,0,6,6,19,0.2,0.0792,37,35,12.1,9.07,12.1
00-0033536,Mike Williams,WR,LAC,2021,15,0,0,0.0,0,,0,9,3,104,0.2432,0.305,39,37,7.9,23.75,7.9
00-0033536,Mike Williams,WR,LAC,2021,17,0,0,0.0,0,,0,4,3,68,0.1333,0.3636,35,35,15.3,8.51,15.3
00-0033536,Mike Williams,WR,LAC,2021,18,0,0,0.0,0,,0,17,9,272,0.2656,0.4324,21,24,26.9,30.43,26.9
00-0033550,Davis Webb,QB,BUF,2021,10,0,0,0.0,0,,2,0,0,0.0,0.0,0.0,24,21,-0.3,-0.2,-0.3
00-0033553,James Conner,RB,ARI,2021,1,0,0,0.0,0,,16,0,0,0.0,0.0,0.0,33,32,5.3,9.19,5.3
00-0033553,James Conner,RB,ARI,2021,2,0,0,0.0,0,,8,0,0,0.0,0.0,0.0,21,21,2.6,4.55,2.6
00-0033553,James Conner,RB,ARI,2021,3,0,0,0.0,0,,11,1,1,2,0.0294,0.0076,30,30,18.3,12.69,18.3
00-0033553,James Conner,RB,ARI,2021,4,0,0,0.0,0,,18,2,2,4,0.069,0.0174,40,36,20.6,22.06,20.6
00-0033553,James Conner,RB,ARI,2021,5,0,0,0.0,0,,10,1,1,-1,0.0357,-0.0043,27,20,10.7,10.14,10.7
00-0033553,James Conner,RB,ARI,2021,6,0,0,0.0,0,,16,1,1,-1,0.0357,-0.0038,37,28,8.1,10.29,8.1
00-0033553,James Conner,RB,ARI,2021,7,0,0,0.0,0,,10,0,0,0.0,0.0,0.0,37,29,12.4,5.18,12.4
00-0033553,James Conner,RB,ARI,2021,8,0,0,0.0,0,,5,0,0,0.0,0.0,0.0,20,15,14.2,4.53,14.2
00-0033553,James Conner,RB,ARI,2021,9,0,0,0.0,0,,21,5,5,-4,0.1923,-0.0333,39,36,40.3,20.62,40.3
00-0033553,James Conner,RB,ARI,2021,10,0,0,0.0,0,,10,4,3,7,0.1379,0.0314,20,19,15.4,11.53,14.5
00-0033553,James Conner,RB,ARI,2021,11,0,0,0.0,0,,21,6,5,4,0.1364,0.0199,33,33,20.9,26.68,20.9
00-0033553,James Conner,RB,ARI,2021,13,0,0,0.0,0,,20,2,2,-1,0.1333,-0.0172,35,25,19.1,22.48,19.1
00-0033553,James Conner,RB,ARI,2021,14,0,0,0.0,0,,13,9,9,15,0.1837,0.0297,22,22,33.5,26.45,33.5
00-0033553,James Conner,RB,ARI,2021,15,0,0,0.0,0,,8,2,2,-5,0.0417,-0.0149,21,18,9.0,7.25,9.0
00-0033553,James Conner,RB,ARI,2021,18,0,0,0.0,0,,15,6,6,-9,0.1538,-0.0357,28,33,27.3,22.58,27.3
00-0033555,Mack Hollins,WR,MIA,2021,5,0,0,0.0,0,,0,2,1,20,0.0513,0.08,9,19,2.0,3.42,2.0
00-0033555,Mack Hollins,WR,MIA,2021,6,0,0,0.0,0,,0,5,4,85,0.1064,0.2174,20,21,10.1,10.22,10.1
00-0033555,Mack Hollins,WR,MIA,2021,7,0,0,0.0,0,,0,3,2,30,0.075,0.124,29,32,9.3,7.18,9.3
00-0033555,Mack Hollins,WR,MIA,2021,8,0,0,0.0,0,,0,1,0,15,0.0278,0.0554,23,24,0.0,1.62,0.0
00-0033555,Mack Hollins,WR,MIA,2021,9,0,0,0.0,0,,0,6,3,84,0.15,0.2121,25,30,11.2,11.55,11.2
00-0033555,Mack Hollins,WR,MIA,2021,10,0,0,0.0,0,,0,1,0,11,0.0294,0.0357,22,19,0.0,3.96,0.0
00-0033555,Mack Hollins,WR,MIA,2021,11,0,0,0.0,0,,0,3,2,55,0.0882,0.3056,33,32,15.2,5.91,15.2
00-0033555,Mack Hollins,WR,MIA,2021,12,0,0,0.0,0,,0,1,0,5,0.0323,0.0431,39,36,0.0,4.6,0.0
00-0033555,Mack Hollins,WR,MIA,2021,13,0,0,0.0,0,,0,1,1,5,0.0244,0.0179,25,25,7.5,3.38,7.5
00-0033555,Mack Hollins,WR,MIA,2021,15,0,0,0.0,0,,0,1,0,6,0.0385,0.0237,42,33,0.0,3.27,0.0
00-0033555,Mack Hollins,WR,MIA,2021,16,0,0,0.0,0,,0,2,1,76,0.0769,0.3858,30,30,5.0,3.65,5.0
00-0033555,Mack Hollins,WR,MIA,2021,17,0,0,0.0,0,,0,1,0,15,0.0263,0.0396,16,17,0.0,1.36,0.0
00-0033555,Mack Hollins,WR,MIA,2021,18,0,0,0.0,0,,0,1,0,18,0.0476,0.1452,43,41,0.0,1.6,0.0
00-0033572,Jamal Agnew,WR,JAX,2021,4,0,0,0.0,0,,1,1,1,27,0.0455,0.125,30,21,4.8,2.5,4.8
00-0033572,Jamal Agnew,WR,JAX,2021,5,0,0,0.0,0,,1,7,6,26,0.2121,0.1036,31,25,10.9,11.5,10.9
00-0033572,Jamal Agnew,WR,JAX,2021,6,0,0,0.0,0,,0,6,5,51,0.15,0.1667,19,20,12.8,8.85,12.8
00-0033572,Jamal Agnew,WR,JAX,2021,8,0,0,0.0,0,,0,12,6,73,0.2308,0.2616,19,23,15.8,18.67,15.8
00-0033572,Jamal Agnew,WR,JAX,2021,9,0,0,0.0,0,,1,5,3,26,0.1852,0.1268,27,24,6.8,8.13,6.8
00-0033572,Jamal Agnew,WR,JAX,2021,10,0,0,0.0,0,,3,5,0,78,0.1429,0.2328,24,19,13.9,8.27,13.9
00-0033572,Jamal Agnew,WR,JAX,2021,11,0,0,0.0,0,,1,3,3,10,0.125,0.0524,16,14,5.0,4.5,5.0
00-0033576,Eric Saubert,TE,DEN,2021,1,0,0,0.0,0,,0,2,1,0.0,0.0571,0.0,28,29,1.7,2.94,1.7
00-0033576,Eric Saubert,TE,DEN,2021,2,0,0,0.0,0,,0,1,1,0.0,0.0294,0.0,30,29,1.7,1.41,1.7
00-0033576,Eric Saubert,TE,DEN,2021,6,0,0,0.0,0,,0,5,3,27,0.1042,0.055,23,28,5.3,7.64,5.3
00-0033576,Eric Saubert,TE,DEN,2021,7,0,0,0.0,0,,0,1,1,2,0.0312,0.0115,14,20,1.3,1.27,1.3
00-0033576,Eric Saubert,TE,DEN,2021,9,0,0,0.0,0,,0,1,1,1,0.0417,0.0044,41,40,1.6,1.45,1.6
00-0033576,Eric Saubert,TE,DEN,2021,12,0,0,0.0,0,,0,1,1,1,0.0435,0.0068,33,35,7.1,4.61,7.1
00-0033576,Eric Saubert,TE,DEN,2021,17,0,0,0.0,0,,0,1,0,9,0.037,0.0411,27,28,0.0,1.63,0.0
00-0033589,David Moore,WR,DEN,2021,5,0,0,0.0,0,,0,2,0,28,0.0571,0.0833,18,22,0.0,3.54,0.0
00-0033591,Noah Brown,WR,DAL,2021,3,0,0,0.0,0,,0,1,1,9,0.04,0.037,41,35,1.9,1.68,1.9
00-0033591,Noah Brown,WR,DAL,2021,5,0,0,0.0,0,,0,4,3,44,0.125,0.1486,39,41,6.6,7.49,6.6
00-0033591,Noah Brown,WR,DAL,2021,6,0,0,0.0,0,,0,2,2,21,0.0408,0.0459,31,37,6.7,3.41,6.7
00-0033591,Noah Brown,WR,DAL,2021,8,0,0,0.0,0,,0,2,1,35,0.0488,0.0806,24,28,1.7,2.84,1.7
00-0033591,Noah Brown,WR,DAL,2021,9,0,0,0.0,0,,0,1,0,15,0.0256,0.032,16,18,0.0,2.17,0.0
00-0033591,Noah Brown,WR,DAL,2021,10,0,0,0.0,0,,0,1,1,4,0.0303,0.0217,37,41,2.8,1.67,2.8
00-0033591,Noah Brown,WR,DAL,2021,11,0,0,0.0,0,,0,2,0,30,0.0476,0.0923,16,24,0.0,3.82,0.0
00-0033591,Noah Brown,WR,DAL,2021,12,0,0,0.0,0,,0,9,6,47,0.1915,0.1339,20,29,11.3,13.96,11.3
00-0033591,Noah Brown,WR,DAL,2021,13,0,0,0.0,0,,0,3,2,22,0.075,0.0653,24,24,3.4,4.35,3.4
00-0033594,Chris Carson,RB,SEA,2021,1,0,0,0.0,0,,16,3,3,-3,0.1429,-0.013,27,23,12.7,12.96,12.7
00-0033594,Chris Carson,RB,SEA,2021,2,0,0,0.0,0,,13,0,0,0.0,0.0,0.0,18,16,15.1,12.56,15.1
00-0033594,Chris Carson,RB,SEA,2021,3,0,0,0.0,0,,12,2,2,-5,0.0714,-0.0177,18,19,16.2,8.99,16.2
00-0033594,Chris Carson,RB,SEA,2021,4,0,0,0.0,0,,13,1,1,-5,0.0455,-0.04,28,27,4.1,7.71,4.1
00-0033611,Ricky Seals-Jones,TE,WAS,2021,2,0,0,0.0,0,,0,1,1,19,0.0227,0.0544,22,24,8.9,2.81,8.9
00-0033611,Ricky Seals-Jones,TE,WAS,2021,4,0,0,0.0,0,,0,4,2,31,0.1212,0.1051,28,31,3.9,7.51,3.9
00-0033611,Ricky Seals-Jones,TE,WAS,2021,5,0,0,0.0,0,,0,9,5,39,0.2195,0.098,33,29,9.1,19.82,9.1
00-0033611,Ricky Seals-Jones,TE,WAS,2021,6,0,0,0.0,0,,0,6,4,31,0.1538,0.1127,19,30,15.8,9.26,15.8
00-0033611,Ricky Seals-Jones,TE,WAS,2021,7,0,0,0.0,0,,0,7,6,29,0.1944,0.1128,29,24,11.1,12.45,11.1
00-0033611,Ricky Seals-Jones,TE,WAS,2021,8,0,0,0.0,0,,0,4,2,9,0.1081,0.0316,24,33,3.2,5.86,3.2
00-0033611,Ricky Seals-Jones,TE,WAS,2021,10,0,0,0.0,0,,0,4,3,22,0.125,0.0952,34,36,6.0,6.22,6.0
00-0033611,Ricky Seals-Jones,TE,WAS,2021,14,0,0,0.0,0,,0,4,1,17,0.1212,0.0489,23,22,1.8,6.4,1.8
00-0033611,Ricky Seals-Jones,TE,WAS,2021,15,0,0,0.0,0,,0,7,4,49,0.2333,0.2487,21,26,6.9,10.73,6.9
00-0033611,Ricky Seals-Jones,TE,WAS,2021,16,0,0,0.0,0,,0,1,1,-4,0.0333,-0.0165,20,21,0.6,0.97,0.6
00-0033611,Ricky Seals-Jones,TE,WAS,2021,17,0,0,0.0,0,,0,2,1,26,0.0588,0.1436,22,27,1.8,3.73,1.8
00-0033658,Blake Jarwin,TE,DAL,2021,1,0,0,0.0,0,,0,3,3,15,0.0526,0.0393,18,20,5.0,4.89,5.0
00-0033658,Blake Jarwin,TE,DAL,2021,2,0,0,0.0,0,,0,4,3,34,0.1481,0.2482,31,34,6.7,8.4,6.7
00-0033658,Blake Jarwin,TE,DAL,2021,3,0,0,0.0,0,,0,2,2,5,0.08,0.0206,41,35,3.4,3.19,3.4
00-0033658,Blake Jarwin,TE,DAL,2021,4,0,0,0.0,0,,0,3,1,23,0.1364,0.1465,34,30,8.8,4.74,8.8
00-0033658,Blake Jarwin,TE,DAL,2021,6,0,0,0.0,0,,0,2,1,17,0.0408,0.0371,31,37,7.1,7.67,7.1
00-0033658,Blake Jarwin,TE,DAL,2021,8,0,0,0.0,0,,0,1,0,19,0.0244,0.0438,24,28,0.0,2.2,0.0
00-0033658,Blake Jarwin,TE,DAL,2021,18,0,0,0.0,0,,0,2,1,15,0.0714,0.0641,32,34,1.6,5.08,1.6
00-0033662,Cooper Rush,QB,DAL,2021,8,40,24,2.222,3,-5.418,1,0,0,0.0,0.0,0.0,24,28,17.2,16.38,19.2
00-0033662,Cooper Rush,QB,DAL,2021,10,3,3,-1.07,0,21.119,3,0,0,0.0,0.0,0.0,37,41,0.1,0.74,0.08
00-0033662,Cooper Rush,QB,DAL,2021,16,3,2,6.139,0,-10.586,2,0,0,0.0,0.0,0.0,28,24,6.8,2.13,6.8
00-0033662,Cooper Rush,QB,DAL,2021,18,1,1,0.735,0,22.218,3,0,0,0.0,0.0,0.0,32,34,0.0,0.4,0.0
00-0033681,Keelan Cole,WR,NYJ,2021,3,0,0,0.0,0,,0,2,2,29,0.0606,0.1074,13,15,5.0,3.03,5.0
00-0033681,Keelan Cole,WR,NYJ,2021,4,0,0,0.0,0,,0,4,3,94,0.1176,0.2947,25,25,12.2,7.1,12.2
00-0033681,Keelan Cole,WR,NYJ,2021,5,0,0,0.0,0,,0,3,2,57,0.0968,0.2065,18,22,5.8,5.2,5.8
00-0033681,Keelan Cole,WR,NYJ,2021,7,0,0,0.0,0,,0,2,1,11,0.0488,0.0423,17,30,1.6,2.84,1.6
00-0033681,Keelan Cole,WR,NYJ,2021,8,0,0,0.0,0,,0,5,3,34,0.102,0.1988,27,34,5.5,9.35,5.5
00-0033681,Keelan Cole,WR,NYJ,2021,9,0,0,0.0,0,,0,8,5,88,0.1538,0.2028,21,20,11.6,14.61,11.6
00-0033681,Keelan Cole,WR,NYJ,2021,10,0,0,0.0,0,,0,6,1,82,0.1304,0.2508,22,33,2.8,10.27,2.8
00-0033681,Keelan Cole,WR,NYJ,2021,11,0,0,0.0,0,,0,1,0,15,0.0286,0.0492,18,19,0.0,2.0,0.0
00-0033681,Keelan Cole,WR,NYJ,2021,12,0,0,0.0,0,,0,2,2,20,0.087,0.1942,34,33,4.4,3.47,4.4
00-0033681,Keelan Cole,WR,NYJ,2021,14,0,0,0.0,0,,0,6,1,108,0.15,0.3541,17,17,3.7,8.99,3.7
00-0033681,Keelan Cole,WR,NYJ,2021,15,1,0,-0.741,0,-30.431,0,2,1,20,0.0909,0.1481,24,19,1.9,4.09,1.9
00-0033681,Keelan Cole,WR,NYJ,2021,16,0,0,0.0,0,,0,2,2,16,0.0952,0.1584,36,33,4.5,2.98,4.5
00-0033681,Keelan Cole,WR,NYJ,2021,17,0,0,0.0,0,,0,5,2,90,0.1667,0.3797,26,26,5.5,9.66,5.5
00-0033681,Keelan Cole,WR,NYJ,2021,18,0,0,0.0,0,,0,3,3,22,0.1579,0.1618,17,15,14.4,4.53,14.4
00-0033699,Austin Ekeler,RB,LAC,2021,1,0,0,0.0,0,,15,0,0,0.0,0.0,0.0,29,25,11.7,11.61,11.7
00-0033699,Austin Ekeler,RB,LAC,2021,2,0,0,0.0,0,,9,9,9,10,0.225,0.0394,19,25,22.5,19.39,22.5
00-0033699,Austin Ekeler,RB,LAC,2021,3,0,0,0.0,0,,11,6,6,-2,0.1714,-0.0086,22,23,22.7,14.75,22.7
00-0033699,Austin Ekeler,RB,LAC,2021,4,0,0,0.0,0,,15,5,3,24,0.1316,0.0772,34,36,29.5,17.83,29.5
00-0033699,Austin Ekeler,RB,LAC,2021,5,0,0,0.0,0,,17,5,5,-17,0.119,-0.0415,23,24,32.9,19.13,32.9
00-0033699,Austin Ekeler,RB,LAC,2021,6,0,0,0.0,0,,6,7,4,-5,0.1795,-0.0197,12,15,9.5,12.57,9.5
00-0033699,Austin Ekeler,RB,LAC,2021,8,0,0,0.0,0,,11,10,6,53,0.2941,0.1636,20,24,24.4,23.19,24.4
00-0033699,Austin Ekeler,RB,LAC,2021,9,0,0,0.0,0,,17,3,3,-6,0.0811,-0.0279,27,25,11.2,17.07,11.2
00-0033699,Austin Ekeler,RB,LAC,2021,10,0,0,0.0,0,,11,6,3,26,0.1818,0.1368,19,20,14.9,19.01,14.9
00-0033699,Austin Ekeler,RB,LAC,2021,11,0,0,0.0,0,,11,7,6,10,0.1707,0.0457,26,20,41.5,20.57,41.5
00-0033699,Austin Ekeler,RB,LAC,2021,12,0,0,0.0,0,,12,8,6,28,0.1818,0.0976,17,21,21.9,17.5,21.9
00-0033699,Austin Ekeler,RB,LAC,2021,13,0,0,0.0,0,,14,5,5,-15,0.1429,-0.0407,22,27,17.4,17.05,17.4
00-0033699,Austin Ekeler,RB,LAC,2021,14,0,0,0.0,0,,12,4,2,42,0.1333,0.175,37,35,16.4,18.15,16.4
00-0033699,Austin Ekeler,RB,LAC,2021,15,0,0,0.0,0,,12,4,4,-1,0.1081,-0.0029,39,37,18.2,16.99,18.2
00-0033699,Austin Ekeler,RB,LAC,2021,17,0,0,0.0,0,,17,3,3,-10,0.1,-0.0535,35,35,20.2,19.19,20.2
00-0033699,Austin Ekeler,RB,LAC,2021,18,0,0,0.0,0,,16,12,5,34,0.1875,0.0541,21,24,28.9,26.66,28.9
00-0033720,Colin Thompson,TE,CAR,2021,7,0,0,0.0,0,,0,1,0,5,0.0263,0.0172,17,20,0.0,1.7,0.0
00-0033725,Corey Clement,RB,DAL,2021,3,0,0,0.0,0,,3,0,0,0.0,0.0,0.0,41,35,0.0,1.32,0.0
00-0033725,Corey Clement,RB,DAL,2021,10,0,0,0.0,0,,6,1,1,0.0,0.0303,0.0,37,41,3.5,4.14,3.5
00-0033725,Corey Clement,RB,DAL,2021,14,0,0,0.0,0,,13,2,1,1,0.0513,0.0041,35,28,5.6,11.18,5.6
00-0033725,Corey Clement,RB,DAL,2021,16,0,0,0.0,0,,4,0,0,0.0,0.0,0.0,28,24,1.8,1.56,1.8
00-0033725,Corey Clement,RB,DAL,2021,18,0,0,0.0,0,,7,4,4,11,0.1429,0.047,32,34,18.0,11.35,18.0
00-0033733,Greg Ward,WR,PHI,2021,2,1,0,-2.804,0,-42.848,0,0,0,0.0,0.0,0.0,29,22,0.0,1.95,0.0
00-0033733,Greg Ward,WR,PHI,2021,3,0,0,0.0,0,,0,1,1,15,0.0263,0.0542,12,11,8.5,2.77,8.5
00-0033733,Greg Ward,WR,PHI,2021,4,0,0,0.0,0,,0,2,1,18,0.0455,0.0523,19,19,8.5,6.45,8.5
00-0033733,Greg Ward,WR,PHI,2021,12,0,0,0.0,0,,0,1,0,2,0.0345,0.0067,33,30,0.0,3.48,0.0
00-0033733,Greg Ward,WR,PHI,2021,15,0,0,0.0,0,,0,3,2,17,0.1154,0.0723,41,35,10.8,8.44,10.8
00-0033733,Greg Ward,WR,PHI,2021,17,0,0,0.0,0,,0,2,2,32,0.08,0.1212,34,30,5.5,3.04,5.5
00-0033733,Greg Ward,WR,PHI,2021,18,1,1,-0.55,0,15.63,0,2,1,1,0.0588,0.0045,33,29,1.3,4.69,1.28
00-0033757,Robert Tonyan,TE,GB,2021,1,0,0,0.0,0,,0,4,2,2,0.1212,0.0061,15,17,2.8,5.98,2.8
00-0033757,Robert Tonyan,TE,GB,2021,2,0,0,0.0,0,,0,3,3,15,0.1111,0.0581,31,31,14.2,6.27,14.2
00-0033757,Robert Tonyan,TE,GB,2021,3,0,0,0.0,0,,0,1,1,-1,0.0323,-0.0028,25,29,1.6,2.27,1.6
00-0033757,Robert Tonyan,TE,GB,2021,4,0,0,0.0,0,,0,7,2,83,0.2,0.2413,33,34,2.8,13.88,2.8
00-0033757,Robert Tonyan,TE,GB,2021,5,0,0,0.0,0,,0,2,1,50,0.0571,0.1433,22,31,1.8,2.67,1.8
00-0033757,Robert Tonyan,TE,GB,2021,6,0,0,0.0,0,,0,3,2,32,0.1429,0.1641,31,28,3.0,4.98,3.0
00-0033757,Robert Tonyan,TE,GB,2021,7,0,0,0.0,0,,0,5,4,40,0.1471,0.1961,15,18,16.3,9.8,16.3
00-0033757,Robert Tonyan,TE,GB,2021,8,0,0,0.0,0,,0,4,3,41,0.1143,0.2485,34,38,7.9,9.57,7.9
00-0033839,Dede Westbrook,WR,MIN,2021,1,0,0,0.0,0,,0,1,1,7,0.0213,0.0223,22,31,2.1,1.75,2.1
00-0033839,Dede Westbrook,WR,MIN,2021,4,0,0,0.0,0,,0,1,1,16,0.0278,0.05,23,22,2.7,2.04,2.7
00-0033839,Dede Westbrook,WR,MIN,2021,5,0,0,0.0,0,,0,4,3,36,0.129,0.1417,28,33,4.8,7.95,4.8
00-0033839,Dede Westbrook,WR,MIN,2021,6,0,0,0.0,0,,0,3,2,12,0.0667,0.0322,36,34,3.3,4.29,3.3
00-0033839,Dede Westbrook,WR,MIN,2021,9,0,0,0.0,0,,0,1,0,4,0.0357,0.0175,24,26,0.0,1.4,0.0
00-0033839,Dede Westbrook,WR,MIN,2021,11,0,0,0.0,0,,0,2,1,9,0.0588,0.0222,29,28,1.7,2.96,1.7
00-0033839,Dede Westbrook,WR,MIN,2021,13,0,0,0.0,0,,0,2,1,24,0.0488,0.0712,27,29,0.8,3.25,0.8
00-0033839,Dede Westbrook,WR,MIN,2021,17,0,0,0.0,0,,0,1,1,2,0.027,0.0086,11,16,1.4,1.29,1.4
00-0033854,Dare Ogunbowale,RB,JAX,2021,4,0,0,0.0,0,,2,0,0,0.0,0.0,0.0,30,21,0.3,1.17,0.3
00-0033854,Dare Ogunbowale,RB,JAX,2021,5,0,0,0.0,0,,0,1,1,2,0.0303,0.008,31,25,2.9,1.48,2.9
00-0033854,Dare Ogunbowale,RB,JAX,2021,8,0,0,0.0,0,,2,1,1,3,0.0192,0.0108,19,23,2.8,2.05,2.8
00-0033854,Dare Ogunbowale,RB,JAX,2021,9,0,0,0.0,0,,1,1,1,4,0.037,0.0195,27,24,1.5,1.97,1.5
00-0033854,Dare Ogunbowale,RB,JAX,2021,12,0,0,0.0,0,,0,1,0,7,0.0244,0.0167,28,26,0.0,1.81,0.0
00-0033854,Dare Ogunbowale,RB,JAX,2021,14,0,0,0.0,0,,0,3,2,-3,0.0811,-0.0089,8,10,2.5,3.75,2.5
00-0033854,Dare Ogunbowale,RB,JAX,2021,15,0,0,0.0,0,,1,2,1,7,0.0556,0.0267,25,23,1.6,3.34,1.6
00-0033854,Dare Ogunbowale,RB,JAX,2021,16,0,0,0.0,0,,17,4,2,5,0.1143,0.0133,31,23,15.2,18.85,15.2
00-0033854,Dare Ogunbowale,RB,JAX,2021,17,0,0,0.0,0,,9,2,2,-7,0.0769,-0.0361,17,18,14.8,6.66,14.8
00-0033854,Dare Ogunbowale,RB,JAX,2021,18,0,0,0.0,0,,11,6,3,13,0.1875,0.0703,31,26,8.5,14.96,8.5
00-0033856,Leonard Fournette,RB,TB,2021,1,0,0,0.0,0,,9,7,5,-4,0.1556,-0.009,14,20,10.9,16.04,10.9
00-0033856,Leonard Fournette,RB,TB,2021,2,0,0,0.0,0,,11,4,4,-6,0.1143,-0.0173,21,24,11.6,13.86,11.6
00-0033856,Leonard Fournette,RB,TB,2021,3,0,0,0.0,0,,4,3,3,8,0.0556,0.0209,13,21,6.4,6.64,6.4
00-0033856,Leonard Fournette,RB,TB,2021,4,0,0,0.0,0,,20,5,3,-7,0.1163,-0.0153,30,29,16.9,19.99,16.9
00-0033856,Leonard Fournette,RB,TB,2021,5,0,0,0.0,0,,12,5,4,39,0.119,0.0869,25,28,21.0,17.63,21.0
00-0033856,Leonard Fournette,RB,TB,2021,6,0,0,0.0,0,,22,6,6,1,0.1429,0.0035,31,36,30.7,32.29,30.7
00-0033856,Leonard Fournette,RB,TB,2021,7,0,0,0.0,0,,15,4,2,8,0.1026,0.0278,31,34,17.0,23.73,17.0
00-0033856,Leonard Fournette,RB,TB,2021,8,1,0,-0.663,0,-64.326,8,5,3,8,0.122,0.0235,14,18,7.3,12.07,7.3
00-0033856,Leonard Fournette,RB,TB,2021,10,0,0,0.0,0,,11,9,8,18,0.2727,0.0909,13,21,17.2,21.14,17.2
00-0033856,Leonard Fournette,RB,TB,2021,11,0,0,0.0,0,,10,6,6,-7,0.1277,-0.02,27,28,13.4,16.33,13.4
00-0033856,Leonard Fournette,RB,TB,2021,12,0,0,0.0,0,,17,8,7,-3,0.2353,-0.0156,27,31,44.1,33.57,44.1
00-0033856,Leonard Fournette,RB,TB,2021,13,0,0,0.0,0,,13,8,7,4,0.1569,0.0123,17,24,22.2,22.51,22.2
00-0033856,Leonard Fournette,RB,TB,2021,14,0,0,0.0,0,,19,7,4,0.0,0.1522,0.0,29,26,23.2,24.29,23.2
00-0033856,Leonard Fournette,RB,TB,2021,15,0,0,0.0,0,,9,7,7,-2,0.1458,-0.005,21,29,13.7,14.49,13.7
00-0033857,JuJu Smith-Schuster,WR,PIT,2021,1,0,0,0.0,0,,0,8,4,50,0.25,0.2551,21,17,9.2,12.0,9.2
00-0033857,JuJu Smith-Schuster,WR,PIT,2021,2,0,0,0.0,0,,1,7,6,17,0.175,0.0438,14,17,16.4,12.26,16.4
00-0033857,JuJu Smith-Schuster,WR,PIT,2021,3,0,0,0.0,0,,0,4,3,10,0.069,0.0318,15,28,5.5,5.83,5.5
00-0033857,JuJu Smith-Schuster,WR,PIT,2021,4,0,0,0.0,0,,0,8,2,95,0.2051,0.3231,16,22,3.1,11.79,3.1
00-0033857,JuJu Smith-Schuster,WR,PIT,2021,5,0,0,0.0,0,,2,1,0,11,0.04,0.057,35,34,0.6,3.05,0.6
00-0033858,Jonnu Smith,TE,NE,2021,1,0,0,0.0,0,,1,5,5,18,0.1316,0.0753,30,38,9.8,8.24,9.8
00-0033858,Jonnu Smith,TE,NE,2021,2,0,0,0.0,0,,0,5,4,7,0.1786,0.05,24,30,6.8,7.59,6.8
00-0033858,Jonnu Smith,TE,NE,2021,3,0,0,0.0,0,,0,6,1,50,0.1176,0.079,17,18,1.4,8.93,1.4
00-0033858,Jonnu Smith,TE,NE,2021,4,0,0,0.0,0,,0,5,3,2,0.119,0.0092,8,15,10.4,13.21,10.4
00-0033858,Jonnu Smith,TE,NE,2021,5,0,0,0.0,0,,1,2,2,19,0.0714,0.0809,30,31,5.2,5.21,5.2
00-0033858,Jonnu Smith,TE,NE,2021,6,0,0,0.0,0,,0,2,1,1,0.0952,0.0058,27,29,1.9,4.38,1.9
00-0033858,Jonnu Smith,TE,NE,2021,7,0,0,0.0,0,,1,5,2,54,0.125,0.1588,32,36,7.7,10.74,7.7
00-0033858,Jonnu Smith,TE,NE,2021,8,0,0,0.0,0,,0,2,2,-3,0.0588,-0.009,39,37,3.3,2.49,3.3
00-0033858,Jonnu Smith,TE,NE,2021,9,0,0,0.0,0,,1,2,1,0.0,0.1111,0.0,39,38,1.8,3.62,1.8
00-0033858,Jonnu Smith,TE,NE,2021,11,0,0,0.0,0,,0,2,1,25,0.0769,0.1543,30,27,2.7,3.95,2.7
00-0033858,Jonnu Smith,TE,NE,2021,12,0,0,0.0,0,,1,4,3,27,0.125,0.1134,24,25,8.8,6.87,8.8
00-0033858,Jonnu Smith,TE,NE,2021,13,0,0,0.0,0,,1,1,1,10,0.3333,0.6667,46,39,2.1,2.36,2.1
00-0033858,Jonnu Smith,TE,NE,2021,15,0,0,0.0,0,,1,3,1,42,0.0682,0.0879,19,18,1.5,6.77,1.5
00-0033858,Jonnu Smith,TE,NE,2021,17,0,0,0.0,0,,1,1,1,-3,0.0303,-0.0121,36,32,3.5,2.24,3.5
00-0033858,Jonnu Smith,TE,NE,2021,18,0,0,0.0,0,,1,0,0,0.0,0.0,0.0,27,29,0.5,0.71,0.5
00-0033869,Mitchell Trubisky,QB,BUF,2021,2,0,0,0.0,0,,2,0,0,0.0,0.0,0.0,30,27,-0.2,-0.2,-0.2
00-0033869,Mitchell Trubisky,QB,BUF,2021,3,1,1,-0.256,0,18.487,4,0,0,0.0,0.0,0.0,33,28,1.9,0.63,1.94
00-0033869,Mitchell Trubisky,QB,BUF,2021,4,1,1,0.511,0,20.606,4,0,0,0.0,0.0,0.0,40,31,7.3,4.04,7.32
00-0033869,Mitchell Trubisky,QB,BUF,2021,11,5,3,-3.285,0,-13.419,0,0,0,0.0,0.0,0.0,13,16,-1.2,1.34,-1.24
00-0033869,Mitchell Trubisky,QB,BUF,2021,18,1,1,1.369,0,40.234,3,0,0,0.0,0.0,0.0,33,28,0.3,0.19,0.3
00-0033871,Corey Davis,WR,NYJ,2021,1,0,0,0.0,0,,0,7,5,118,0.1944,0.3278,17,19,26.7,13.43,26.7
00-0033871,Corey Davis,WR,NYJ,2021,2,0,0,0.0,0,,0,5,2,37,0.1515,0.1229,31,30,2.8,7.64,2.8
00-0033871,Corey Davis,WR,NYJ,2021,3,0,0,0.0,0,,0,10,5,108,0.303,0.4,13,15,9.1,14.38,9.1
00-0033871,Corey Davis,WR,NYJ,2021,4,0,0,0.0,0,,0,7,4,138,0.2059,0.4326,25,25,21.1,14.39,21.1
00-0033871,Corey Davis,WR,NYJ,2021,5,0,0,0.0,0,,0,7,4,105,0.2258,0.3804,18,22,8.5,11.71,8.5
00-0033871,Corey Davis,WR,NYJ,2021,7,0,0,0.0,0,,0,6,4,66,0.1463,0.2538,17,30,14.7,11.0,14.7
00-0033871,Corey Davis,WR,NYJ,2021,10,0,0,0.0,0,,0,7,5,84,0.1522,0.2569,22,33,12.3,11.63,12.3
00-0033871,Corey Davis,WR,NYJ,2021,11,0,0,0.0,0,,0,7,3,93,0.2,0.3049,18,19,6.5,11.38,6.5
00-0033871,Corey Davis,WR,NYJ,2021,13,0,0,0.0,0,,0,3,2,16,0.0833,0.0518,17,20,3.5,4.55,3.5
00-0033873,Patrick Mahomes,QB,KC,2021,1,36,27,19.4,2,15.947,5,0,0,0.0,0.0,0.0,23,18,33.3,25.16,33.28
00-0033873,Patrick Mahomes,QB,KC,2021,2,31,24,17.198,0,10.414,1,0,0,0.0,0.0,0.0,18,17,24.0,13.46,24.02
00-0033873,Patrick Mahomes,QB,KC,2021,3,44,27,11.102,2,1.187,4,0,0,0.0,0.0,0.0,30,28,22.9,24.39,22.9
00-0033873,Patrick Mahomes,QB,KC,2021,4,30,24,22.733,1,17.037,5,0,0,0.0,0.0,0.0,32,28,31.7,26.49,31.72
00-0033873,Patrick Mahomes,QB,KC,2021,5,54,33,-9.875,2,-3.648,8,0,0,0.0,0.0,0.0,23,19,19.0,29.22,18.98
00-0033873,Patrick Mahomes,QB,KC,2021,6,47,32,12.334,3,5.134,3,0,0,0.0,0.0,0.0,28,28,23.0,25.93,22.98
00-0033873,Patrick Mahomes,QB,KC,2021,7,35,20,-6.785,4,-5.326,6,0,0,0.0,0.0,0.0,13,11,7.7,15.79,7.38
00-0033873,Patrick Mahomes,QB,KC,2021,8,48,29,2.695,2,-0.759,3,0,0,0.0,0.0,0.0,27,30,14.0,25.8,14.0
00-0033873,Patrick Mahomes,QB,KC,2021,9,37,20,-8.952,1,-11.351,2,0,0,0.0,0.0,0.0,25,29,10.4,20.76,10.44
00-0033873,Patrick Mahomes,QB,KC,2021,10,50,35,24.893,0,5.238,0,0,0,0.0,0.0,0.0,25,30,36.2,37.05,36.24
00-0033873,Patrick Mahomes,QB,KC,2021,11,37,23,-7.571,3,-1.862,7,0,0,0.0,0.0,0.0,26,20,7.5,18.92,9.5
00-0033873,Patrick Mahomes,QB,KC,2021,13,29,15,-2.585,1,-16.951,4,0,0,0.0,0.0,0.0,24,25,12.6,12.87,12.56
00-0033873,Patrick Mahomes,QB,KC,2021,14,24,20,15.499,3,18.569,4,0,0,0.0,0.0,0.0,30,29,20.3,15.96,20.32
00-0033873,Patrick Mahomes,QB,KC,2021,15,47,31,9.333,1,-0.999,3,0,0,0.0,0.0,0.0,20,16,29.6,29.42,29.6
00-0033873,Patrick Mahomes,QB,KC,2021,16,30,23,15.893,2,15.115,0,0,0,0.0,0.0,0.0,35,39,22.3,18.43,22.32
00-0033873,Patrick Mahomes,QB,KC,2021,17,35,26,11.343,0,12.122,2,0,0,0.0,0.0,0.0,23,21,20.9,22.33,20.86
00-0033873,Patrick Mahomes,QB,KC,2021,18,44,27,12.133,1,-3.056,9,0,0,0.0,0.0,0.0,29,25,26.2,27.85,26.2
00-0033879,O.J. Howard,TE,TB,2021,2,0,0,0.0,0,,0,1,1,19,0.0286,0.0548,21,24,3.1,2.71,3.1
00-0033879,O.J. Howard,TE,TB,2021,3,0,0,0.0,0,,0,1,1,4,0.0185,0.0105,13,21,2.1,1.58,2.1
00-0033879,O.J. Howard,TE,TB,2021,4,0,0,0.0,0,,0,1,0,4,0.0233,0.0087,30,29,0.0,1.51,0.0
00-0033879,O.J. Howard,TE,TB,2021,5,0,0,0.0,0,,0,3,2,25,0.0714,0.0557,25,28,3.9,5.31,3.9
00-0033879,O.J. Howard,TE,TB,2021,6,0,0,0.0,0,,0,7,6,27,0.1667,0.0954,31,36,16.9,15.4,16.9
00-0033879,O.J. Howard,TE,TB,2021,7,0,0,0.0,0,,0,3,1,23,0.0769,0.0799,31,34,1.9,6.1,1.9
00-0033879,O.J. Howard,TE,TB,2021,8,0,0,0.0,0,,0,3,2,17,0.0732,0.05,14,18,3.6,4.88,3.6
00-0033879,O.J. Howard,TE,TB,2021,11,0,0,0.0,0,,0,1,1,4,0.0213,0.0114,27,28,2.0,1.68,2.0
00-0033879,O.J. Howard,TE,TB,2021,15,0,0,0.0,0,,0,1,0,13,0.0208,0.0326,21,29,0.0,1.86,0.0
00-0033881,Evan Engram,TE,NYG,2021,3,0,0,0.0,0,,0,6,2,40,0.1714,0.1681,27,23,2.1,10.96,2.1
00-0033881,Evan Engram,TE,NYG,2021,4,0,0,0.0,0,,1,6,5,18,0.1667,0.048,20,20,7.4,11.54,7.4
00-0033881,Evan Engram,TE,NYG,2021,5,0,0,0.0,0,,0,4,4,41,0.1081,0.1041,25,21,9.5,7.52,9.5
00-0033881,Evan Engram,TE,NYG,2021,6,0,0,0.0,0,,0,5,3,23,0.1042,0.0657,18,16,5.4,7.93,5.4
00-0033881,Evan Engram,TE,NYG,2021,7,0,0,0.0,0,,0,8,6,3,0.2424,0.0133,31,16,10.4,14.28,10.4
00-0033881,Evan Engram,TE,NYG,2021,8,0,0,0.0,0,,0,4,3,3,0.1212,0.0238,20,20,10.5,7.82,10.5
00-0033881,Evan Engram,TE,NYG,2021,9,0,0,0.0,0,,0,3,3,34,0.1667,0.2906,31,24,12.8,6.87,12.8
00-0033881,Evan Engram,TE,NYG,2021,11,0,0,0.0,0,,0,5,2,15,0.1351,0.0568,13,16,3.2,6.45,3.2
00-0033881,Evan Engram,TE,NYG,2021,12,0,0,0.0,0,,0,6,3,8,0.2069,0.051,27,21,6.7,8.12,6.7
00-0033881,Evan Engram,TE,NYG,2021,13,0,0,0.0,0,,0,5,4,70,0.1316,0.2141,17,27,10.1,7.35,10.1
00-0033881,Evan Engram,TE,NYG,2021,14,0,0,0.0,0,,0,4,1,49,0.1176,0.1591,26,31,1.8,6.0,1.8
00-0033881,Evan Engram,TE,NYG,2021,15,0,0,0.0,0,,0,5,4,35,0.1389,0.114,24,29,7.3,7.57,7.3
00-0033881,Evan Engram,TE,NYG,2021,16,0,0,0.0,0,,0,5,4,18,0.122,0.0753,27,26,11.7,7.16,11.7
00-0033881,Evan Engram,TE,NYG,2021,17,0,0,0.0,0,,0,2,1,3,0.1818,0.0545,40,41,2.2,2.56,2.2
00-0033881,Evan Engram,TE,NYG,2021,18,0,0,0.0,0,,0,5,1,6,0.1667,0.0279,25,24,1.4,6.13,1.4
00-0033885,David Njoku,TE,CLE,2021,1,0,0,0.0,0,,0,5,3,102,0.1852,0.3592,26,26,10.6,9.15,10.6
00-0033885,David Njoku,TE,CLE,2021,2,0,0,0.0,0,,0,3,2,29,0.1429,0.2214,34,28,3.8,5.57,3.8
00-0033885,David Njoku,TE,CLE,2021,4,0,0,0.0,0,,0,2,2,0.0,0.0645,0.0,38,40,3.7,3.11,3.7
00-0033885,David Njoku,TE,CLE,2021,5,0,0,0.0,0,,0,7,7,42,0.2414,0.1273,35,39,27.9,11.64,27.9
00-0033885,David Njoku,TE,CLE,2021,6,0,0,0.0,0,,0,2,1,6,0.0645,0.0249,19,22,1.6,2.82,1.6
00-0033885,David Njoku,TE,CLE,2021,7,0,0,0.0,0,,0,2,2,0.0,0.0625,0.0,33,34,3.8,2.78,3.8
00-0033885,David Njoku,TE,CLE,2021,8,0,0,0.0,0,,0,3,3,24,0.0968,0.1053,23,24,6.9,4.83,6.9
00-0033885,David Njoku,TE,CLE,2021,9,0,0,0.0,0,,0,3,1,25,0.1579,0.1163,23,25,8.8,10.61,8.8
00-0033885,David Njoku,TE,CLE,2021,10,0,0,0.0,0,,0,4,1,34,0.129,0.1453,20,27,2.1,9.07,2.1
00-0033885,David Njoku,TE,CLE,2021,11,0,0,0.0,0,,1,4,2,18,0.1429,0.065,36,32,4.1,7.0,4.1
00-0033885,David Njoku,TE,CLE,2021,12,0,0,0.0,0,,0,5,3,59,0.1471,0.1671,17,17,12.5,9.74,12.5
00-0033885,David Njoku,TE,CLE,2021,15,0,0,0.0,0,,0,5,3,38,0.1724,0.1784,24,32,5.9,7.78,5.9
00-0033885,David Njoku,TE,CLE,2021,16,0,0,0.0,0,,0,2,0,24,0.0556,0.0719,25,25,0.0,2.6,0.0
00-0033885,David Njoku,TE,CLE,2021,17,0,0,0.0,0,,0,4,4,22,0.1111,0.0837,20,18,12.8,7.55,12.8
00-0033885,David Njoku,TE,CLE,2021,18,0,0,0.0,0,,0,2,2,9,0.0833,0.0849,41,39,3.1,2.8,3.1
00-0033891,Zay Jones,WR,LV,2021,1,0,0,0.0,0,,0,2,2,41,0.0385,0.0745,21,22,12.6,3.99,12.6
00-0033891,Zay Jones,WR,LV,2021,3,0,0,0.0,0,,0,1,1,1,0.025,0.0025,35,37,2.5,0.91,2.5
00-0033891,Zay Jones,WR,LV,2021,4,0,0,0.0,0,,0,1,1,-5,0.0312,-0.017,18,20,1.5,1.32,1.5
00-0033891,Zay Jones,WR,LV,2021,5,0,0,0.0,0,,0,2,1,33,0.0571,0.1034,22,22,1.6,3.07,1.6
00-0033891,Zay Jones,WR,LV,2021,7,0,0,0.0,0,,0,1,1,43,0.0294,0.2228,29,33,5.3,1.97,5.3
00-0033891,Zay Jones,WR,LV,2021,9,0,0,0.0,0,,0,4,1,73,0.087,0.2744,20,29,3.0,9.12,3.0
00-0033891,Zay Jones,WR,LV,2021,10,0,0,0.0,0,,0,3,1,53,0.0882,0.207,14,19,3.2,5.16,3.2
00-0033891,Zay Jones,WR,LV,2021,11,0,0,0.0,0,,0,2,1,74,0.08,0.319,18,21,3.0,4.64,3.0
00-0033891,Zay Jones,WR,LV,2021,12,0,0,0.0,0,,1,7,5,95,0.1842,0.2527,35,33,11.3,13.46,11.3
00-0033891,Zay Jones,WR,LV,2021,13,0,0,0.0,0,,0,5,3,95,0.1389,0.2661,16,25,5.1,10.39,5.1
00-0033891,Zay Jones,WR,LV,2021,14,0,0,0.0,0,,0,7,5,38,0.1628,0.1969,12,20,5.5,9.31,5.5
00-0033891,Zay Jones,WR,LV,2021,15,0,0,0.0,0,,0,9,6,170,0.25,0.5136,25,24,12.7,16.15,12.7
00-0033891,Zay Jones,WR,LV,2021,16,0,0,0.0,0,,0,8,6,48,0.32,0.3404,40,36,11.0,12.3,11.0
00-0033891,Zay Jones,WR,LV,2021,17,0,0,0.0,0,,1,10,8,122,0.3125,0.3948,27,30,19.9,17.3,19.9
00-0033891,Zay Jones,WR,LV,2021,18,0,0,0.0,0,,0,8,5,98,0.2424,0.3551,34,32,7.7,13.93,7.7
00-0033893,Dalvin Cook,RB,MIN,2021,1,0,0,0.0,0,,20,7,6,-9,0.1489,-0.0287,22,31,20.4,22.1,20.4
00-0033893,Dalvin Cook,RB,MIN,2021,2,0,0,0.0,0,,22,3,2,-5,0.0938,-0.0246,27,28,16.8,15.26,16.8
00-0033893,Dalvin Cook,RB,MIN,2021,4,0,0,0.0,0,,9,6,2,-11,0.1667,-0.0344,23,22,6.4,13.54,6.4
00-0033893,Dalvin Cook,RB,MIN,2021,6,0,0,0.0,0,,29,2,2,-12,0.0444,-0.0322,36,34,22.3,19.37,22.3
00-0033893,Dalvin Cook,RB,MIN,2021,8,0,0,0.0,0,,18,2,0,-1,0.0606,-0.0046,24,22,7.8,13.55,7.8
00-0033893,Dalvin Cook,RB,MIN,2021,9,0,0,0.0,0,,17,3,3,-2,0.1071,-0.0088,24,26,15.2,19.81,15.2
00-0033893,Dalvin Cook,RB,MIN,2021,10,0,0,0.0,0,,24,5,3,-24,0.1429,-0.0909,33,32,20.8,28.72,20.8
00-0033893,Dalvin Cook,RB,MIN,2021,11,0,0,0.0,0,,22,4,3,3,0.1176,0.0074,29,28,22.5,21.69,22.5
00-0033893,Dalvin Cook,RB,MIN,2021,12,0,0,0.0,0,,10,7,6,-17,0.2188,-0.0762,18,26,14.3,17.1,14.3
00-0033893,Dalvin Cook,RB,MIN,2021,14,0,0,0.0,0,,27,3,1,13,0.0968,0.0375,36,34,35.2,21.86,35.2
00-0033893,Dalvin Cook,RB,MIN,2021,15,0,0,0.0,0,,28,3,2,-9,0.1364,-0.0318,33,33,11.1,20.96,11.1
00-0033893,Dalvin Cook,RB,MIN,2021,17,0,0,0.0,0,,9,3,3,-8,0.0811,-0.0343,11,16,4.3,8.01,4.3
00-0033893,Dalvin Cook,RB,MIN,2021,18,0,0,0.0,0,,14,1,1,3,0.0476,0.0102,22,22,9.2,8.25,9.2
00-0033895,Gerald Everett,TE,SEA,2021,1,0,0,0.0,0,,0,2,2,0.0,0.0952,0.0,27,23,10.0,3.46,10.0
00-0033895,Gerald Everett,TE,SEA,2021,2,0,0,0.0,0,,0,2,1,13,0.0645,0.0419,18,16,1.3,2.77,1.3
00-0033895,Gerald Everett,TE,SEA,2021,3,0,0,0.0,0,,0,5,5,17,0.1786,0.0603,18,19,10.4,7.86,10.4
00-0033895,Gerald Everett,TE,SEA,2021,6,0,0,0.0,0,,0,3,2,10,0.0968,0.101,27,33,6.0,4.72,6.0
00-0033895,Gerald Everett,TE,SEA,2021,7,0,0,0.0,0,,1,3,3,2,0.1579,0.0091,28,24,5.3,4.77,5.3
00-0033895,Gerald Everett,TE,SEA,2021,8,0,0,0.0,0,,1,2,1,12,0.0909,0.0612,25,23,1.2,5.86,1.2
00-0033895,Gerald Everett,TE,SEA,2021,10,0,0,0.0,0,,0,8,8,23,0.2105,0.0494,16,15,14.3,11.56,14.3
00-0033895,Gerald Everett,TE,SEA,2021,11,0,0,0.0,0,,0,4,3,25,0.16,0.0887,19,18,6.7,7.86,6.7
00-0033895,Gerald Everett,TE,SEA,2021,12,0,0,0.0,0,,0,9,5,37,0.2903,0.1326,12,16,14.7,14.39,14.7
00-0033895,Gerald Everett,TE,SEA,2021,13,0,0,0.0,0,,0,6,4,5,0.1622,0.0194,27,29,0.7,13.77,0.7
00-0033895,Gerald Everett,TE,SEA,2021,14,0,0,0.0,0,,1,2,2,10,0.0714,0.0279,29,27,10.8,7.07,10.8
00-0033895,Gerald Everett,TE,SEA,2021,15,0,0,0.0,0,,0,4,4,50,0.1429,0.1222,19,24,10.0,6.63,10.0
00-0033895,Gerald Everett,TE,SEA,2021,16,0,0,0.0,0,,0,5,4,46,0.1852,0.2018,24,25,16.8,7.77,16.8
00-0033895,Gerald Everett,TE,SEA,2021,17,0,0,0.0,0,,0,5,3,46,0.1786,0.212,41,34,6.6,8.5,6.6
00-0033895,Gerald Everett,TE,SEA,2021,18,0,0,0.0,0,,0,3,1,34,0.1154,0.1069,30,26,3.0,5.64,3.0
00-0033896,Adam Shaheen,TE,MIA,2021,4,0,0,0.0,0,,0,1,0,11,0.0333,0.0478,16,16,0.0,1.87,0.0
00-0033896,Adam Shaheen,TE,MIA,2021,5,0,0,0.0,0,,0,2,2,10,0.0513,0.04,9,19,3.5,2.89,3.5
00-0033896,Adam Shaheen,TE,MIA,2021,7,0,0,0.0,0,,0,5,4,20,0.125,0.0826,29,32,6.3,6.75,6.3
00-0033896,Adam Shaheen,TE,MIA,2021,8,0,0,0.0,0,,0,1,1,6,0.0278,0.0221,23,24,1.8,1.46,1.8
00-0033896,Adam Shaheen,TE,MIA,2021,9,0,0,0.0,0,,0,2,1,8,0.05,0.0202,25,30,2.1,5.24,2.1
00-0033896,Adam Shaheen,TE,MIA,2021,10,0,0,0.0,0,,0,4,3,31,0.1176,0.1006,22,19,6.4,9.66,6.4
00-0033896,Adam Shaheen,TE,MIA,2021,11,0,0,0.0,0,,0,1,1,6,0.0294,0.0333,33,32,2.9,1.9,2.9
00-0033897,Joe Mixon,RB,CIN,2021,1,0,0,0.0,0,,29,4,4,1,0.1538,0.0045,36,39,25.0,24.78,25.0
00-0033897,Joe Mixon,RB,CIN,2021,2,0,0,0.0,0,,20,2,1,0.0,0.069,0.0,20,22,8.1,12.23,8.1
00-0033897,Joe Mixon,RB,CIN,2021,3,0,0,0.0,0,,18,1,1,-1,0.0556,-0.0063,24,23,10.4,10.16,10.4
00-0033897,Joe Mixon,RB,CIN,2021,4,0,0,0.0,0,,16,2,1,-10,0.0625,-0.0426,22,21,13.7,15.67,13.7
00-0033897,Joe Mixon,RB,CIN,2021,5,0,0,0.0,0,,10,1,1,1,0.027,0.0033,24,28,10.5,6.74,10.5
00-0033897,Joe Mixon,RB,CIN,2021,6,0,0,0.0,0,,18,6,5,-10,0.2069,-0.0463,36,36,26.3,19.62,26.3
00-0033897,Joe Mixon,RB,CIN,2021,7,0,0,0.0,0,,12,0,0,0.0,0.0,0.0,24,24,11.9,5.56,11.9
00-0033897,Joe Mixon,RB,CIN,2021,8,0,0,0.0,0,,14,5,4,4,0.1471,0.0194,16,20,25.1,29.96,25.1
00-0033897,Joe Mixon,RB,CIN,2021,9,0,0,0.0,0,,13,5,5,-11,0.122,-0.0289,23,26,28.0,16.75,28.0
00-0033897,Joe Mixon,RB,CIN,2021,11,0,0,0.0,0,,30,0,0,0.0,0.0,0.0,38,36,24.3,15.16,24.3
00-0033897,Joe Mixon,RB,CIN,2021,12,0,0,0.0,0,,28,4,4,-16,0.1667,-0.0879,38,42,32.3,30.52,32.3
00-0033897,Joe Mixon,RB,CIN,2021,13,0,0,0.0,0,,19,1,0,5,0.0263,0.0127,25,26,9.4,11.58,9.4
00-0033897,Joe Mixon,RB,CIN,2021,14,0,0,0.0,0,,18,2,2,-2,0.0588,-0.0069,26,28,8.8,11.45,8.8
00-0033897,Joe Mixon,RB,CIN,2021,15,0,0,0.0,0,,17,1,1,0.0,0.0476,0.0,26,24,7.0,9.35,7.0
00-0033897,Joe Mixon,RB,CIN,2021,16,0,0,0.0,0,,18,6,6,40,0.1304,0.1044,21,27,31.5,27.14,31.5
00-0033897,Joe Mixon,RB,CIN,2021,17,0,0,0.0,0,,12,8,7,-9,0.2105,-0.0342,19,21,15.6,22.84,15.6
00-0033906,Alvin Kamara,RB,NO,2021,1,0,0,0.0,0,,20,4,3,-4,0.2,-0.0263,39,35,18.1,20.39,18.1
00-0033906,Alvin Kamara,RB,NO,2021,2,0,0,0.0,0,,8,6,4,6,0.2857,0.0377,17,15,7.0,15.8,7.0
00-0033906,Alvin Kamara,RB,NO,2021,3,0,0,0.0,0,,24,4,3,1,0.2,0.0049,38,32,20.8,17.34,20.8
00-0033906,Alvin Kamara,RB,NO,2021,4,0,0,0.0,0,,26,0,0,0.0,0.0,0.0,39,33,12.0,13.52,12.0
00-0033906,Alvin Kamara,RB,NO,2021,5,0,0,0.0,0,,16,8,5,11,0.2857,0.0301,23,21,29.2,19.44,29.2
00-0033906,Alvin Kamara,RB,NO,2021,7,0,0,0.0,0,,20,11,10,7,0.3438,0.0236,31,33,33.9,29.59,33.9
00-0033906,Alvin Kamara,RB,NO,2021,8,0,0,0.0,0,,19,4,3,10,0.1143,0.0529,32,31,16.6,24.28,16.6
00-0033906,Alvin Kamara,RB,NO,2021,9,0,0,0.0,0,,13,7,4,-2,0.1667,-0.006,25,33,20.4,18.86,20.4
00-0033906,Alvin Kamara,RB,NO,2021,14,0,0,0.0,0,,27,5,4,28,0.2381,0.3043,44,38,24.5,27.0,24.5
00-0033906,Alvin Kamara,RB,NO,2021,15,0,0,0.0,0,,11,6,2,35,0.24,0.1446,31,24,5.1,14.06,5.1
00-0033906,Alvin Kamara,RB,NO,2021,16,0,0,0.0,0,,13,4,2,-11,0.2222,-0.1447,23,21,7.9,11.53,7.9
00-0033906,Alvin Kamara,RB,NO,2021,17,0,0,0.0,0,,13,6,5,8,0.2609,0.044,28,19,21.0,16.73,21.0
00-0033906,Alvin Kamara,RB,NO,2021,18,0,0,0.0,0,,30,2,2,-12,0.087,-0.0622,46,39,18.2,24.39,18.2
00-0033908,Cooper Kupp,WR,LA,2021,1,0,0,0.0,0,,0,10,7,71,0.3846,0.3114,23,18,23.8,18.72,23.8
00-0033908,Cooper Kupp,WR,LA,2021,2,0,0,0.0,0,,1,11,9,91,0.3793,0.4174,29,26,36.8,21.85,36.8
00-0033908,Cooper Kupp,WR,LA,2021,3,0,0,0.0,0,,0,12,9,107,0.3158,0.2981,24,24,30.6,24.71,30.6
00-0033908,Cooper Kupp,WR,LA,2021,4,0,0,0.0,0,,0,13,5,114,0.3171,0.322,23,22,11.4,25.87,11.4
00-0033908,Cooper Kupp,WR,LA,2021,5,0,0,0.0,0,,0,10,7,124,0.2857,0.2644,29,30,16.2,18.31,16.2
00-0033908,Cooper Kupp,WR,LA,2021,6,0,0,0.0,0,,0,12,9,122,0.4,0.5169,34,32,34.0,23.82,34.0
00-0033908,Cooper Kupp,WR,LA,2021,7,0,0,0.0,0,,0,13,10,136,0.3171,0.3551,19,20,37.6,27.63,37.6
00-0033908,Cooper Kupp,WR,LA,2021,8,0,0,0.0,0,,0,9,7,83,0.2647,0.3825,31,31,24.5,20.25,24.5
00-0033908,Cooper Kupp,WR,LA,2021,9,0,0,0.0,0,,0,13,11,54,0.2766,0.2213,21,23,20.5,20.31,20.5
00-0033908,Cooper Kupp,WR,LA,2021,10,0,0,0.0,0,,0,13,11,108,0.3095,0.3214,10,15,23.2,20.5,23.2
00-0033908,Cooper Kupp,WR,LA,2021,12,1,0,-0.402,0,-28.751,0,10,7,91,0.2564,0.2102,20,24,18.6,16.9,18.6
00-0033908,Cooper Kupp,WR,LA,2021,13,0,0,0.0,0,,0,10,8,99,0.2703,0.2805,27,29,26.9,19.92,26.9
00-0033908,Cooper Kupp,WR,LA,2021,14,0,0,0.0,0,,0,15,13,119,0.5,0.476,21,20,31.3,31.06,31.3
00-0033908,Cooper Kupp,WR,LA,2021,15,0,0,0.0,0,,1,13,9,131,0.4483,0.5696,29,28,34.7,26.03,34.7
00-0033908,Cooper Kupp,WR,LA,2021,16,0,0,0.0,0,,1,13,10,76,0.3514,0.2559,33,30,21.3,23.51,21.3
00-0033908,Cooper Kupp,WR,LA,2021,17,0,0,0.0,0,,0,7,6,37,0.2,0.1486,20,22,21.5,11.32,21.5
00-0033908,Cooper Kupp,WR,LA,2021,18,0,0,0.0,0,,1,7,7,78,0.2188,0.2806,27,30,26.6,13.6,26.6
00-0033921,Chris Godwin Jr.,WR,TB,2021,1,0,0,0.0,0,,0,13,9,111,0.2889,0.2489,14,20,23.5,25.27,23.5
00-0033921,Chris Godwin Jr.,WR,TB,2021,2,0,0,0.0,0,,0,5,4,53,0.1429,0.1527,21,24,16.2,11.16,16.2
00-0033921,Chris Godwin Jr.,WR,TB,2021,3,0,0,0.0,0,,1,7,6,35,0.1296,0.0916,13,21,19.6,14.49,19.6
00-0033921,Chris Godwin Jr.,WR,TB,2021,4,0,0,0.0,0,,0,5,3,79,0.1163,0.1721,30,29,8.5,9.46,8.5
00-0033921,Chris Godwin Jr.,WR,TB,2021,5,0,0,0.0,0,,0,11,7,100,0.2619,0.2227,25,28,14.0,24.5,14.0
00-0033921,Chris Godwin Jr.,WR,TB,2021,6,0,0,0.0,0,,0,5,5,24,0.119,0.0848,31,36,9.3,9.67,9.3
00-0033921,Chris Godwin Jr.,WR,TB,2021,7,0,0,0.0,0,,0,11,8,114,0.2821,0.3958,31,34,25.1,25.58,25.1
00-0033921,Chris Godwin Jr.,WR,TB,2021,8,0,0,0.0,0,,0,12,8,65,0.2927,0.1912,14,18,28.0,19.82,28.0
00-0033921,Chris Godwin Jr.,WR,TB,2021,10,0,0,0.0,0,,0,8,7,35,0.2424,0.1768,13,21,12.7,13.41,12.7
00-0033921,Chris Godwin Jr.,WR,TB,2021,11,0,0,0.0,0,,1,6,6,31,0.1277,0.0886,27,28,19.2,12.2,19.2
00-0033921,Chris Godwin Jr.,WR,TB,2021,12,0,0,0.0,0,,1,5,4,25,0.1471,0.1302,27,31,4.7,8.57,4.7
00-0033921,Chris Godwin Jr.,WR,TB,2021,13,0,0,0.0,0,,1,17,15,91,0.3333,0.2809,17,24,30.2,29.99,30.2
00-0033921,Chris Godwin Jr.,WR,TB,2021,14,0,0,0.0,0,,0,15,10,116,0.3261,0.3343,29,26,20.5,27.83,20.5
00-0033921,Chris Godwin Jr.,WR,TB,2021,15,0,0,0.0,0,,0,7,6,52,0.1458,0.1303,21,29,10.9,10.84,10.9
00-0033923,Kareem Hunt,RB,CLE,2021,1,0,0,0.0,0,,6,3,3,-2,0.1111,-0.007,26,26,17.1,12.0,16.9
00-0033923,Kareem Hunt,RB,CLE,2021,2,0,0,0.0,0,,13,1,1,2,0.0476,0.0153,34,28,6.3,9.61,6.3
00-0033923,Kareem Hunt,RB,CLE,2021,3,0,0,0.0,0,,10,7,6,-6,0.2414,-0.0196,42,42,27.5,15.45,27.5
00-0033923,Kareem Hunt,RB,CLE,2021,4,0,0,0.0,0,,14,4,2,6,0.129,0.0173,38,40,16.6,21.48,16.6
00-0033923,Kareem Hunt,RB,CLE,2021,5,0,0,0.0,0,,12,6,5,-3,0.2069,-0.0091,35,39,25.9,18.04,25.9
00-0033923,Kareem Hunt,RB,CLE,2021,6,0,0,0.0,0,,14,3,3,2,0.0968,0.0083,19,22,10.8,11.93,10.8
00-0033923,Kareem Hunt,RB,CLE,2021,12,0,0,0.0,0,,7,1,0,-5,0.0294,-0.0142,17,17,2.0,4.62,2.0
00-0033923,Kareem Hunt,RB,CLE,2021,14,0,0,0.0,0,,2,2,2,10,0.0645,0.0493,29,29,3.8,3.77,3.8
00-0033925,D'Onta Foreman,RB,TEN,2021,9,0,0,0.0,0,,5,0,0,0.0,0.0,0.0,26,26,2.9,2.87,2.9
00-0033925,D'Onta Foreman,RB,TEN,2021,10,0,0,0.0,0,,11,2,2,0.0,0.0741,0.0,29,27,9.8,10.72,9.8
00-0033925,D'Onta Foreman,RB,TEN,2021,11,0,0,0.0,0,,7,1,1,-3,0.0196,-0.0068,25,34,5.0,4.79,5.0
00-0033925,D'Onta Foreman,RB,TEN,2021,12,0,0,0.0,0,,19,1,1,-3,0.0476,-0.0234,39,33,10.2,14.45,10.2
00-0033925,D'Onta Foreman,RB,TEN,2021,14,0,0,0.0,0,,13,2,2,1,0.0667,0.0068,34,29,14.2,11.77,14.2
00-0033925,D'Onta Foreman,RB,TEN,2021,15,0,0,0.0,0,,22,3,2,-1,0.0938,-0.0045,42,46,15.5,15.53,15.5
00-0033925,D'Onta Foreman,RB,TEN,2021,16,0,0,0.0,0,,9,0,0,0.0,0.0,0.0,24,23,7.7,5.74,7.7
00-0033925,D'Onta Foreman,RB,TEN,2021,17,0,0,0.0,0,,26,0,0,0.0,0.0,0.0,40,39,19.2,13.7,19.2
00-0033925,D'Onta Foreman,RB,TEN,2021,18,0,0,0.0,0,,21,2,1,5,0.0625,0.0153,32,32,9.4,14.32,9.4
00-0033932,Kenny Golladay,WR,NYG,2021,1,0,0,0.0,0,,0,6,4,90,0.1667,0.2941,20,17,10.4,12.68,10.4
00-0033932,Kenny Golladay,WR,NYG,2021,2,0,0,0.0,0,,0,8,3,123,0.25,0.3426,28,18,6.8,14.11,6.8
00-0033932,Kenny Golladay,WR,NYG,2021,3,0,0,0.0,0,,0,5,4,52,0.1429,0.2185,27,23,10.4,7.77,10.4
00-0033932,Kenny Golladay,WR,NYG,2021,4,0,0,0.0,0,,0,7,6,96,0.1944,0.256,20,20,17.6,11.46,17.6
00-0033932,Kenny Golladay,WR,NYG,2021,5,0,0,0.0,0,,0,3,0,41,0.0811,0.1041,25,21,0.0,4.85,0.0
00-0033932,Kenny Golladay,WR,NYG,2021,9,0,0,0.0,0,,0,3,2,50,0.1667,0.4274,31,24,4.8,4.37,4.8
00-0033932,Kenny Golladay,WR,NYG,2021,11,0,0,0.0,0,,0,2,1,18,0.0541,0.0682,13,16,2.2,3.26,2.2
00-0033932,Kenny Golladay,WR,NYG,2021,12,0,0,0.0,0,,0,7,3,76,0.2414,0.4841,27,21,8.0,14.74,8.0
00-0033932,Kenny Golladay,WR,NYG,2021,13,0,0,0.0,0,,0,5,3,58,0.1316,0.1774,17,27,6.7,8.56,6.7
00-0033932,Kenny Golladay,WR,NYG,2021,14,0,0,0.0,0,,0,8,2,128,0.2353,0.4156,26,31,3.5,12.89,3.5
00-0033932,Kenny Golladay,WR,NYG,2021,15,0,0,0.0,0,,0,8,3,124,0.2222,0.4039,24,29,8.3,14.47,8.3
00-0033932,Kenny Golladay,WR,NYG,2021,16,0,0,0.0,0,,0,8,3,110,0.1951,0.4603,27,26,5.2,12.07,5.2
00-0033932,Kenny Golladay,WR,NYG,2021,17,0,0,0.0,0,,0,1,0,10,0.0909,0.1818,40,41,0.0,1.5,0.0
00-0033932,Kenny Golladay,WR,NYG,2021,18,0,0,0.0,0,,0,5,3,74,0.1667,0.3442,25,24,5.2,5.88,5.2
00-0033936,C.J. Beathard,QB,JAX,2021,9,2,2,1.829,0,39.272,0,0,0,0.0,0.0,0.0,27,24,1.3,0.64,1.32
00-0033936,C.J. Beathard,QB,JAX,2021,13,0,0,0.0,0,,1,0,0,0.0,0.0,0.0,25,19,0.2,0.31,0.2
00-0033943,Josh Reynolds,WR,TEN,2021,4,0,0,0.0,0,,0,9,6,137,0.1837,0.3486,37,44,11.9,16.23,11.9
00-0033943,Josh Reynolds,WR,TEN,2021,5,0,0,0.0,0,,0,1,1,2,0.0476,0.012,36,32,1.8,1.36,1.8
00-0033943,Josh Reynolds,WR,TEN,2021,7,0,0,0.0,0,,0,3,3,5,0.1111,0.0243,35,36,5.3,4.63,5.3
00-0033943,Josh Reynolds,WR,DET,2021,11,0,0,0.0,0,,0,3,0,62,0.1304,0.5849,23,25,0.0,4.87,0.0
00-0033943,Josh Reynolds,WR,DET,2021,12,0,0,0.0,0,,0,5,3,118,0.2,0.7284,19,27,16.0,9.44,16.0
00-0033943,Josh Reynolds,WR,DET,2021,13,0,0,0.0,0,,0,7,4,70,0.1842,0.2121,27,26,10.9,12.39,10.9
00-0033943,Josh Reynolds,WR,DET,2021,14,0,0,0.0,0,,0,5,3,95,0.1316,0.3417,21,21,8.2,8.39,8.2
00-0033943,Josh Reynolds,WR,DET,2021,15,0,0,0.0,0,,0,6,6,57,0.2308,0.375,34,36,18.8,10.53,18.8
00-0033943,Josh Reynolds,WR,DET,2021,16,0,0,0.0,0,,0,7,2,88,0.2,0.3636,33,33,5.6,11.62,5.6
00-0033943,Josh Reynolds,WR,DET,2021,18,0,0,0.0,0,,0,3,1,34,0.1034,0.1371,26,28,2.1,7.59,2.1
00-0033948,Jamaal Williams,RB,DET,2021,1,0,0,0.0,0,,9,9,8,2,0.1607,0.0057,24,36,25.0,19.46,25.0
00-0033948,Jamaal Williams,RB,DET,2021,2,0,0,0.0,0,,7,3,3,2,0.0857,0.0085,19,22,6.7,7.24,6.7
00-0033948,Jamaal Williams,RB,DET,2021,3,0,0,0.0,0,,12,2,2,-3,0.0714,-0.0227,27,35,14.7,11.41,14.7
00-0033948,Jamaal Williams,RB,DET,2021,4,0,0,0.0,0,,14,0,0,0.0,0.0,0.0,25,26,6.6,7.39,6.6
00-0033948,Jamaal Williams,RB,DET,2021,5,0,0,0.0,0,,13,2,2,-1,0.0645,-0.0044,24,32,8.5,8.89,8.5
00-0033948,Jamaal Williams,RB,DET,2021,6,0,0,0.0,0,,4,2,1,2,0.0513,0.0075,18,23,1.9,4.58,1.9
00-0033948,Jamaal Williams,RB,DET,2021,7,0,0,0.0,0,,12,0,0,0.0,0.0,0.0,28,33,5.7,5.07,5.7
00-0033948,Jamaal Williams,RB,DET,2021,11,0,0,0.0,0,,7,0,0,0.0,0.0,0.0,23,25,1.1,2.85,1.1
00-0033948,Jamaal Williams,RB,DET,2021,12,0,0,0.0,0,,15,5,5,2,0.2,0.0123,19,27,13.3,14.07,13.3
00-0033948,Jamaal Williams,RB,DET,2021,13,0,0,0.0,0,,17,1,1,4,0.0263,0.0121,27,26,9.0,10.17,9.0
00-0033948,Jamaal Williams,RB,DET,2021,16,0,0,0.0,0,,19,0,0,0.0,0.0,0.0,33,33,7.7,9.42,7.7
00-0033948,Jamaal Williams,RB,DET,2021,17,0,0,0.0,0,,11,3,3,0.0,0.0811,0.0,22,25,13.4,16.93,13.4
00-0033948,Jamaal Williams,RB,DET,2021,18,0,0,0.0,0,,13,1,1,2,0.0345,0.0081,26,28,6.2,7.37,6.2
00-0033950,Wayne Gallman,RB,ATL,2021,4,0,0,0.0,0,,6,1,0,4,0.025,0.0091,28,32,2.9,4.17,2.9
00-0033950,Wayne Gallman,RB,ATL,2021,5,0,0,0.0,0,,1,0,0,0.0,0.0,0.0,29,37,0.2,0.6,0.2
00-0033950,Wayne Gallman,RB,ATL,2021,7,0,0,0.0,0,,1,0,0,0.0,0.0,0.0,22,21,0.2,0.55,0.2
00-0033950,Wayne Gallman,RB,ATL,2021,10,0,0,0.0,0,,15,2,1,1,0.0741,0.004,24,25,8.6,10.03,8.6
00-0033950,Wayne Gallman,RB,ATL,2021,11,0,0,0.0,0,,1,0,0,0.0,0.0,0.0,16,18,-0.3,0.47,-0.3
00-0033950,Wayne Gallman,RB,ATL,2021,12,0,0,0.0,0,,4,0,0,0.0,0.0,0.0,29,30,1.9,2.42,1.9
00-0033951,Marlon Mack,RB,IND,2021,2,0,0,0.0,0,,5,1,0,0.0,0.0286,0.0,26,23,1.6,3.89,1.6
00-0033951,Marlon Mack,RB,IND,2021,4,0,0,0.0,0,,10,2,1,15,0.0625,0.0532,33,34,3.3,7.4,3.3
00-0033951,Marlon Mack,RB,IND,2021,5,0,0,0.0,0,,5,2,1,1,0.0588,0.0049,26,28,6.4,5.58,6.4
00-0033951,Marlon Mack,RB,IND,2021,6,0,0,0.0,0,,5,0,0,0.0,0.0,0.0,26,25,1.2,2.3,1.2
00-0033951,Marlon Mack,RB,IND,2021,7,0,0,0.0,0,,3,0,0,0.0,0.0,0.0,33,33,0.4,1.54,0.4
00-0033955,Jeremy McNichols,RB,TEN,2021,1,0,0,0.0,0,,2,4,3,10,0.1111,0.0365,22,26,6.3,6.59,6.3
00-0033955,Jeremy McNichols,RB,TEN,2021,2,0,0,0.0,0,,1,3,3,9,0.0769,0.0224,40,45,5.9,6.13,5.9
00-0033955,Jeremy McNichols,RB,TEN,2021,3,0,0,0.0,0,,2,2,1,6,0.0769,0.0341,37,35,8.6,4.03,8.6
00-0033955,Jeremy McNichols,RB,TEN,2021,4,0,0,0.0,0,,1,12,8,-32,0.2449,-0.0814,37,44,16.5,16.13,16.5
00-0033955,Jeremy McNichols,RB,TEN,2021,5,0,0,0.0,0,,1,2,2,0.0,0.0952,0.0,36,32,5.5,3.77,5.5
00-0033955,Jeremy McNichols,RB,TEN,2021,7,0,0,0.0,0,,0,1,1,-3,0.037,-0.0146,35,36,2.0,1.58,2.0
00-0033955,Jeremy McNichols,RB,TEN,2021,8,0,0,0.0,0,,0,3,3,4,0.0938,0.0169,31,31,6.3,4.72,6.3
00-0033955,Jeremy McNichols,RB,TEN,2021,9,0,0,0.0,0,,7,3,3,-10,0.1154,-0.0917,26,26,6.5,10.8,6.5
00-0033955,Jeremy McNichols,RB,TEN,2021,10,0,0,0.0,0,,4,3,1,14,0.1111,0.1045,29,27,1.8,7.38,1.8
00-0033955,Jeremy McNichols,RB,TEN,2021,14,0,0,0.0,0,,8,1,0,2,0.0333,0.0136,34,29,1.6,5.4,1.6
00-0033955,Jeremy McNichols,RB,TEN,2021,15,0,0,0.0,0,,6,3,3,1,0.0938,0.0045,42,46,8.1,7.7,8.1
00-0033955,Jeremy McNichols,RB,TEN,2021,16,0,0,0.0,0,,7,1,0,-3,0.0333,-0.0117,24,23,3.1,4.99,3.1
00-0033955,Jeremy McNichols,RB,TEN,2021,17,0,0,0.0,0,,2,0,0,0.0,0.0,0.0,40,39,1.4,1.13,1.4
00-0033957,Rodney Adams,WR,CHI,2021,13,0,0,0.0,0,,0,1,0,15,0.025,0.0641,27,34,0.0,1.84,0.0
00-0033958,Nathan Peterman,QB,LV,2021,5,0,0,0.0,0,,2,0,0,0.0,0.0,0.0,22,22,0.2,0.95,0.2
00-0034011,Dan Arnold,TE,CAR,2021,1,0,0,0.0,0,,0,3,2,15,0.0909,0.0549,27,32,2.6,3.71,2.6
00-0034011,Dan Arnold,TE,CAR,2021,2,0,0,0.0,0,,0,4,3,47,0.1111,0.1754,33,37,8.5,7.5,8.5
00-0034011,Dan Arnold,TE,CAR,2021,3,0,0,0.0,0,,0,4,2,39,0.1212,0.145,33,29,4.3,7.12,4.3
00-0034011,Dan Arnold,TE,JAX,2021,4,0,0,0.0,0,,0,2,2,0.0,0.0909,0.0,30,21,4.9,2.64,4.9
00-0034011,Dan Arnold,TE,JAX,2021,5,0,0,0.0,0,,0,8,6,63,0.2424,0.251,31,25,10.4,14.64,10.4
00-0034011,Dan Arnold,TE,JAX,2021,6,0,0,0.0,0,,0,5,2,20,0.125,0.0654,19,20,4.7,6.86,4.7
00-0034011,Dan Arnold,TE,JAX,2021,8,0,0,0.0,0,,0,10,8,37,0.1923,0.1326,19,23,14.8,13.14,14.8
00-0034011,Dan Arnold,TE,JAX,2021,9,0,0,0.0,0,,0,7,4,51,0.2593,0.2488,27,24,10.0,12.37,10.0
00-0034011,Dan Arnold,TE,JAX,2021,10,0,0,0.0,0,,0,8,5,64,0.2286,0.191,24,19,13.7,12.38,13.7
00-0034011,Dan Arnold,TE,JAX,2021,12,0,0,0.0,0,,0,1,1,4,0.0244,0.0095,28,26,1.9,1.44,1.9
00-0034052,Brandon Zylstra,WR,CAR,2021,2,0,0,0.0,0,,0,3,3,29,0.0833,0.1082,33,37,13.4,5.93,13.4
00-0034052,Brandon Zylstra,WR,CAR,2021,4,0,0,0.0,0,,0,2,2,18,0.0513,0.0533,24,23,8.3,3.38,8.3
00-0034052,Brandon Zylstra,WR,CAR,2021,6,0,0,0.0,0,,0,3,3,24,0.0769,0.0567,23,18,6.2,4.61,6.2
00-0034052,Brandon Zylstra,WR,CAR,2021,10,0,0,0.0,0,,0,2,2,8,0.0625,0.0645,37,45,3.8,3.11,3.8
00-0034052,Brandon Zylstra,WR,CAR,2021,11,0,0,0.0,0,,0,2,1,2,0.0741,0.0133,21,18,1.7,2.61,1.7
00-0034052,Brandon Zylstra,WR,CAR,2021,12,0,0,0.0,0,,0,2,1,45,0.0645,0.1415,18,16,3.4,3.93,3.4
00-0034052,Brandon Zylstra,WR,CAR,2021,14,0,0,0.0,0,,0,5,4,40,0.1429,0.1307,26,16,8.5,6.83,8.5
00-0034052,Brandon Zylstra,WR,CAR,2021,15,0,0,0.0,0,,0,4,2,33,0.1111,0.1122,29,17,3.7,5.23,3.7
00-0034052,Brandon Zylstra,WR,CAR,2021,18,1,0,-1.317,0,-54.664,0,2,0,63,0.0476,0.2226,26,27,0.0,3.8,0.0
00-0034073,Ross Dwelley,TE,SF,2021,4,0,0,0.0,0,,0,1,1,21,0.0256,0.0597,29,21,9.1,2.83,9.1
00-0034073,Ross Dwelley,TE,SF,2021,5,0,0,0.0,0,,0,2,2,21,0.0714,0.0805,28,12,4.5,3.49,4.5
00-0034073,Ross Dwelley,TE,SF,2021,7,0,0,0.0,0,,0,2,1,17,0.0741,0.0717,24,24,1.5,2.9,1.5
00-0034104,Cam Sims,WR,WAS,2021,1,0,0,0.0,0,,0,1,1,17,0.05,0.1417,27,26,2.7,1.64,2.7
00-0034104,Cam Sims,WR,WAS,2021,3,0,0,0.0,0,,1,2,1,13,0.0833,0.0788,25,18,3.2,3.44,3.2
00-0034104,Cam Sims,WR,WAS,2021,8,0,0,0.0,0,,0,2,1,19,0.0541,0.0667,24,33,3.0,3.7,3.0
00-0034104,Cam Sims,WR,WAS,2021,10,0,0,0.0,0,,0,2,2,5,0.0625,0.0216,34,36,3.0,3.38,3.0
00-0034104,Cam Sims,WR,WAS,2021,11,0,0,0.0,0,,0,2,2,18,0.1,0.0747,40,34,9.9,5.5,9.9
00-0034104,Cam Sims,WR,WAS,2021,14,0,0,0.0,0,,0,4,3,86,0.1212,0.2471,23,22,15.9,7.41,15.9
00-0034104,Cam Sims,WR,WAS,2021,15,0,0,0.0,0,,0,1,1,13,0.0333,0.066,21,26,2.3,0.99,2.3
00-0034104,Cam Sims,WR,WAS,2021,16,0,0,0.0,0,,0,3,0,31,0.1,0.1276,20,21,0.0,4.3,0.0
00-0034104,Cam Sims,WR,WAS,2021,17,0,0,0.0,0,,0,5,4,60,0.1471,0.3315,22,27,8.8,8.42,8.8
00-0034104,Cam Sims,WR,WAS,2021,18,0,0,0.0,0,,0,1,0,5,0.0588,0.0347,37,37,0.0,3.65,0.0
00-0034109,Phillip Lindsay,RB,HOU,2021,1,0,0,0.0,0,,8,1,0,-3,0.0312,-0.0094,41,41,8.5,10.39,8.5
00-0034109,Phillip Lindsay,RB,HOU,2021,2,0,0,0.0,0,,5,1,1,-4,0.0357,-0.0147,28,29,9.4,3.9,9.4
00-0034109,Phillip Lindsay,RB,HOU,2021,3,0,0,0.0,0,,7,0,0,0.0,0.0,0.0,17,17,0.5,3.28,0.5
00-0034109,Phillip Lindsay,RB,HOU,2021,4,0,0,0.0,0,,4,0,0,0.0,0.0,0.0,18,19,-0.1,1.83,-0.1
00-0034109,Phillip Lindsay,RB,HOU,2021,5,0,0,0.0,0,,5,0,0,0.0,0.0,0.0,24,28,1.9,2.23,1.9
00-0034109,Phillip Lindsay,RB,HOU,2021,6,0,0,0.0,0,,7,2,2,-3,0.0476,-0.0108,29,32,7.4,5.96,7.4
00-0034109,Phillip Lindsay,RB,HOU,2021,7,0,0,0.0,0,,2,0,0,0.0,0.0,0.0,15,23,0.8,0.79,0.8
00-0034109,Phillip Lindsay,RB,HOU,2021,8,0,0,0.0,0,,3,0,0,0.0,0.0,0.0,14,20,0.8,1.48,0.8
00-0034109,Phillip Lindsay,RB,HOU,2021,9,0,0,0.0,0,,8,0,0,0.0,0.0,0.0,18,18,2.8,3.61,2.8
00-0034109,Phillip Lindsay,RB,HOU,2021,11,0,0,0.0,0,,1,0,0,0.0,0.0,0.0,38,35,-0.3,1.51,-0.3
00-0034109,Phillip Lindsay,RB,MIA,2021,12,0,0,0.0,0,,12,0,0,0.0,0.0,0.0,39,36,4.2,6.45,4.2
00-0034109,Phillip Lindsay,RB,MIA,2021,16,0,0,0.0,0,,13,0,0,0.0,0.0,0.0,30,30,3.6,8.05,3.6
00-0034109,Phillip Lindsay,RB,MIA,2021,17,0,0,0.0,0,,2,1,1,-1,0.0263,-0.0026,16,17,1.9,2.22,1.9
00-0034109,Phillip Lindsay,RB,MIA,2021,18,0,0,0.0,0,,11,0,0,0.0,0.0,0.0,43,41,4.0,5.81,4.0
00-0034115,Jeff Wilson,RB,SF,2021,10,0,0,0.0,0,,10,0,0,0.0,0.0,0.0,44,37,2.8,5.15,2.8
00-0034115,Jeff Wilson,RB,SF,2021,11,0,0,0.0,0,,19,2,1,10,0.1,0.0709,42,31,6.8,19.07,6.8
00-0034115,Jeff Wilson,RB,SF,2021,12,0,0,0.0,0,,2,1,1,-4,0.0385,-0.0176,39,35,1.7,2.44,1.7
00-0034115,Jeff Wilson,RB,SF,2021,14,0,0,0.0,0,,13,0,0,0.0,0.0,0.0,23,16,5.6,6.15,5.6
00-0034115,Jeff Wilson,RB,SF,2021,15,0,0,0.0,0,,21,2,2,-5,0.0833,-0.034,32,25,19.9,16.2,19.9
00-0034115,Jeff Wilson,RB,SF,2021,16,0,0,0.0,0,,14,3,3,-11,0.0857,-0.0487,21,21,14.7,14.63,14.7
00-0034131,Kurt Benkert,QB,GB,2021,14,0,0,0.0,0,,2,0,0,0.0,0.0,0.0,24,23,-0.1,-0.2,-0.1
00-0034132,Christian Blake,WR,ATL,2021,2,0,0,0.0,0,,0,1,1,8,0.0208,0.043,20,28,1.8,1.41,1.8
00-0034132,Christian Blake,WR,ATL,2021,5,0,0,0.0,0,,0,4,2,35,0.0889,0.0989,29,37,3.2,5.76,3.2
00-0034132,Christian Blake,WR,ATL,2021,10,0,0,0.0,0,,0,1,0,17,0.037,0.0675,24,25,0.0,2.04,0.0
00-0034132,Christian Blake,WR,ATL,2021,15,0,0,0.0,0,,0,1,0,1,0.0333,0.0039,23,21,0.0,3.76,0.0
00-0034132,Christian Blake,WR,ATL,2021,16,0,0,0.0,0,,0,1,1,4,0.0455,0.0223,18,16,1.5,1.43,1.5
00-0034132,Christian Blake,WR,ATL,2021,18,0,0,0.0,0,,0,1,0,-7,0.0323,-0.0205,12,15,0.0,1.07,0.0
00-0034159,Will Dissly,TE,SEA,2021,1,0,0,0.0,0,,0,3,3,20,0.1429,0.0866,27,23,6.7,5.08,6.7
00-0034159,Will Dissly,TE,SEA,2021,3,0,0,0.0,0,,0,1,1,9,0.0357,0.0319,18,19,4.9,1.85,4.9
00-0034159,Will Dissly,TE,SEA,2021,4,0,0,0.0,0,,0,2,2,-7,0.0909,-0.056,28,27,2.5,2.84,2.5
00-0034159,Will Dissly,TE,SEA,2021,5,0,0,0.0,0,,0,4,2,30,0.125,0.088,25,25,4.9,6.87,4.9
00-0034159,Will Dissly,TE,SEA,2021,6,0,0,0.0,0,,0,2,2,3,0.0645,0.0303,27,33,8.8,5.41,8.8
00-0034159,Will Dissly,TE,SEA,2021,10,0,0,0.0,0,,0,2,2,-2,0.0526,-0.0043,16,15,4.2,2.75,4.2
00-0034159,Will Dissly,TE,SEA,2021,11,0,0,0.0,0,,0,3,1,10,0.12,0.0355,19,18,2.6,3.67,2.6
00-0034159,Will Dissly,TE,SEA,2021,12,0,0,0.0,0,,0,2,2,10,0.0645,0.0358,12,16,3.9,3.11,3.9
00-0034159,Will Dissly,TE,SEA,2021,13,0,0,0.0,0,,0,2,2,2,0.0541,0.0078,27,29,2.7,2.83,2.7
00-0034159,Will Dissly,TE,SEA,2021,14,0,0,0.0,0,,0,3,2,27,0.1071,0.0752,29,27,5.8,4.97,5.8
00-0034159,Will Dissly,TE,SEA,2021,15,0,0,0.0,0,,0,1,1,2,0.0357,0.0049,19,24,1.3,1.34,1.3
00-0034159,Will Dissly,TE,SEA,2021,17,0,0,0.0,0,,0,1,1,8,0.0357,0.0369,41,34,1.8,1.61,1.8
00-0034164,Trenton Cannon,RB,BAL,2021,1,0,0,0.0,0,,2,0,0,0.0,0.0,0.0,34,26,0.5,1.16,0.5
00-0034164,Trenton Cannon,RB,SF,2021,2,0,0,0.0,0,,1,0,0,0.0,0.0,0.0,38,30,-0.1,0.43,-0.1
00-0034177,Tim Boyle,QB,DET,2021,11,23,15,-12.219,0,-7.246,0,0,0,0.0,0.0,0.0,23,25,-0.9,5.24,-0.92
00-0034177,Tim Boyle,QB,DET,2021,16,34,24,0.976,0,1.156,0,0,0,0.0,0.0,0.0,33,33,9.5,11.83,9.48
00-0034177,Tim Boyle,QB,DET,2021,17,37,22,7.397,0,-5.487,1,0,0,0.0,0.0,0.0,22,25,15.9,16.8,15.88
00-0034177,Tim Boyle,QB,DET,2021,18,0,0,0.0,0,,1,0,0,0.0,0.0,0.0,26,28,-0.1,-0.1,-0.1
00-0034193,Kevin Rader,TE,PIT,2021,9,0,0,0.0,0,,0,1,1,-2,0.037,-0.0132,32,28,1.1,1.47,1.1
00-0034193,Kevin Rader,TE,PIT,2021,16,0,0,0.0,0,,0,2,1,10,0.0476,0.0455,25,30,1.7,2.91,1.7
00-0034208,Mike Boone,RB,DEN,2021,6,0,0,0.0,0,,0,1,1,-4,0.0208,-0.0081,23,28,1.3,1.4,1.3
00-0034208,Mike Boone,RB,DEN,2021,13,0,0,0.0,0,,4,1,1,2,0.0278,0.0074,31,34,6.4,3.32,6.4
00-0034253,Dontrell Hilliard,RB,TEN,2021,11,0,0,0.0,0,,7,10,8,3,0.1961,0.0068,25,34,16.2,17.75,16.2
00-0034253,Dontrell Hilliard,RB,TEN,2021,12,0,0,0.0,0,,12,2,1,3,0.0952,0.0234,39,33,18.3,11.26,18.3
00-0034253,Dontrell Hilliard,RB,TEN,2021,14,0,0,0.0,0,,6,2,0,-7,0.0667,-0.0476,34,29,1.3,5.51,1.3
00-0034253,Dontrell Hilliard,RB,TEN,2021,15,0,0,0.0,0,,9,6,4,7,0.1875,0.0317,42,46,9.9,14.14,9.9
00-0034253,Dontrell Hilliard,RB,TEN,2021,16,0,0,0.0,0,,5,2,2,-13,0.0667,-0.0506,24,23,3.4,5.15,3.4
00-0034253,Dontrell Hilliard,RB,TEN,2021,17,0,0,0.0,0,,8,3,3,-11,0.1667,-0.0821,40,39,16.8,7.87,16.8
00-0034253,Dontrell Hilliard,RB,TEN,2021,18,0,0,0.0,0,,9,1,1,-5,0.0312,-0.0153,32,32,6.8,6.57,6.8
00-0034270,Tyler Conklin,TE,MIN,2021,1,0,0,0.0,0,,0,4,4,31,0.0851,0.0987,22,31,8.1,6.3,8.1
00-0034270,Tyler Conklin,TE,MIN,2021,2,0,0,0.0,0,,0,4,2,7,0.125,0.0345,27,28,3.5,5.55,3.5
00-0034270,Tyler Conklin,TE,MIN,2021,3,0,0,0.0,0,,0,8,7,36,0.2105,0.1905,34,37,20.0,17.05,20.0
00-0034270,Tyler Conklin,TE,MIN,2021,4,0,0,0.0,0,,0,6,4,3,0.1667,0.0094,23,22,5.8,8.64,5.8
00-0034270,Tyler Conklin,TE,MIN,2021,5,0,0,0.0,0,,0,3,2,25,0.0968,0.0984,28,33,4.5,5.83,4.5
00-0034270,Tyler Conklin,TE,MIN,2021,6,0,0,0.0,0,,0,5,3,47,0.1111,0.126,36,34,10.1,10.86,10.1
00-0034270,Tyler Conklin,TE,MIN,2021,8,0,0,0.0,0,,0,7,5,34,0.2121,0.1553,24,22,10.7,10.4,10.7
00-0034270,Tyler Conklin,TE,MIN,2021,9,0,0,0.0,0,,0,7,5,25,0.25,0.1096,24,26,9.5,11.09,9.5
00-0034270,Tyler Conklin,TE,MIN,2021,10,0,0,0.0,0,,0,5,3,50,0.1429,0.1894,33,32,16.1,15.5,16.1
00-0034270,Tyler Conklin,TE,MIN,2021,11,0,0,0.0,0,,0,3,3,22,0.0882,0.0542,29,28,6.5,5.68,6.5
00-0034270,Tyler Conklin,TE,MIN,2021,12,0,0,0.0,0,,0,3,2,16,0.0938,0.0717,18,26,4.5,6.96,4.5
00-0034270,Tyler Conklin,TE,MIN,2021,13,0,0,0.0,0,,0,9,7,46,0.2195,0.1365,27,29,12.6,16.08,12.6
00-0034270,Tyler Conklin,TE,MIN,2021,14,0,0,0.0,0,,0,2,2,7,0.0645,0.0202,36,34,4.0,3.34,4.0
00-0034270,Tyler Conklin,TE,MIN,2021,15,0,0,0.0,0,,0,3,1,53,0.1364,0.1873,33,33,1.7,7.7,1.7
00-0034270,Tyler Conklin,TE,MIN,2021,16,0,0,0.0,0,,0,5,4,18,0.1429,0.0508,22,23,8.4,7.94,8.4
00-0034270,Tyler Conklin,TE,MIN,2021,17,0,0,0.0,0,,0,9,5,31,0.2432,0.133,11,16,9.7,11.94,9.7
00-0034270,Tyler Conklin,TE,MIN,2021,18,0,0,0.0,0,,0,4,2,13,0.1905,0.0441,22,22,2.6,5.85,2.6
00-0034272,Marquez Valdes-Scantling,WR,GB,2021,1,0,0,0.0,0,,0,8,3,156,0.2424,0.4742,15,17,4.7,14.0,4.7
00-0034272,Marquez Valdes-Scantling,WR,GB,2021,2,0,0,0.0,0,,0,4,0,112,0.1481,0.4341,31,31,0.0,10.43,0.0
00-0034272,Marquez Valdes-Scantling,WR,GB,2021,3,0,0,0.0,0,,0,4,3,81,0.129,0.2288,25,29,14.9,8.98,14.9
00-0034272,Marquez Valdes-Scantling,WR,GB,2021,9,0,0,0.0,0,,0,2,2,18,0.0625,0.0664,25,24,3.9,3.3,3.9
00-0034272,Marquez Valdes-Scantling,WR,GB,2021,10,0,0,0.0,0,,0,2,1,66,0.0571,0.2845,32,36,5.1,3.64,5.1
00-0034272,Marquez Valdes-Scantling,WR,GB,2021,11,0,0,0.0,0,,0,10,4,153,0.3226,0.5862,19,21,22.3,16.01,22.3
00-0034272,Marquez Valdes-Scantling,WR,GB,2021,12,0,0,0.0,0,,0,9,4,170,0.2045,0.3991,32,35,9.0,17.97,9.0
00-0034272,Marquez Valdes-Scantling,WR,GB,2021,14,0,0,0.0,0,,0,5,3,36,0.1429,0.1423,24,23,5.0,10.14,5.0
00-0034272,Marquez Valdes-Scantling,WR,GB,2021,15,0,0,0.0,0,,0,7,5,154,0.2258,0.5385,25,23,20.8,14.74,20.8
00-0034272,Marquez Valdes-Scantling,WR,GB,2021,17,0,0,0.0,0,,0,3,1,32,0.0714,0.124,32,35,1.3,5.96,1.3
00-0034272,Marquez Valdes-Scantling,WR,GB,2021,18,0,0,0.0,0,,0,1,0,7,0.0286,0.0324,27,28,0.0,1.69,0.0
00-0034279,Equanimeous St. Brown,WR,GB,2021,2,0,0,0.0,0,,0,1,1,-1,0.037,-0.0039,31,31,1.0,1.71,1.0
00-0034279,Equanimeous St. Brown,WR,GB,2021,4,0,0,0.0,0,,0,1,0,6,0.0286,0.0174,33,34,0.0,1.54,0.0
00-0034279,Equanimeous St. Brown,WR,GB,2021,7,0,0,0.0,0,,1,1,0,28,0.0294,0.1373,15,18,1.3,2.76,1.3
00-0034279,Equanimeous St. Brown,WR,GB,2021,8,0,0,0.0,0,,0,3,2,5,0.0857,0.0303,34,38,3.2,7.44,3.2
00-0034279,Equanimeous St. Brown,WR,GB,2021,11,0,0,0.0,0,,1,2,2,6,0.0645,0.023,19,21,7.4,4.06,7.4
00-0034279,Equanimeous St. Brown,WR,GB,2021,12,0,0,0.0,0,,0,2,1,51,0.0455,0.1197,32,35,1.7,3.58,1.7
00-0034279,Equanimeous St. Brown,WR,GB,2021,16,0,0,0.0,0,,1,0,0,0.0,0.0,0.0,24,29,-1.0,0.74,-1.0
00-0034279,Equanimeous St. Brown,WR,GB,2021,17,0,0,0.0,0,,0,2,1,11,0.0476,0.0426,32,35,2.4,3.41,2.4
00-0034279,Equanimeous St. Brown,WR,GB,2021,18,0,0,0.0,0,,0,5,2,69,0.1429,0.3194,27,28,4.2,7.71,4.2
00-0034297,Byron Pringle,WR,KC,2021,1,0,0,0.0,0,,0,2,1,3,0.0588,0.009,23,18,1.6,2.93,1.6
00-0034297,Byron Pringle,WR,KC,2021,2,0,0,0.0,0,,0,2,2,22,0.0667,0.0898,18,17,14.3,3.9,14.3
00-0034297,Byron Pringle,WR,KC,2021,3,0,0,0.0,0,,0,6,2,70,0.15,0.1809,30,28,3.2,8.63,3.2
00-0034297,Byron Pringle,WR,KC,2021,4,0,0,0.0,0,,0,2,2,19,0.0667,0.0868,32,28,4.3,2.95,4.3
00-0034297,Byron Pringle,WR,KC,2021,5,0,0,0.0,0,,0,2,2,8,0.04,0.022,23,19,9.1,5.63,9.1
00-0034297,Byron Pringle,WR,KC,2021,6,0,0,0.0,0,,0,3,3,47,0.0652,0.1343,28,28,8.5,5.5,8.5
00-0034297,Byron Pringle,WR,KC,2021,7,0,0,0.0,0,,0,6,5,121,0.125,0.3235,13,11,12.3,12.03,12.3
00-0034297,Byron Pringle,WR,KC,2021,8,0,0,0.0,0,,0,2,1,22,0.0465,0.0663,27,30,2.2,3.9,2.2
00-0034297,Byron Pringle,WR,KC,2021,10,0,0,0.0,0,,0,5,4,73,0.1042,0.178,25,30,14.6,10.6,14.6
00-0034297,Byron Pringle,WR,KC,2021,11,0,0,0.0,0,,0,2,1,34,0.0606,0.1717,26,20,4.7,3.87,4.7
00-0034297,Byron Pringle,WR,KC,2021,13,0,0,0.0,0,,0,4,1,24,0.1481,0.1589,24,25,2.4,6.54,2.4
00-0034297,Byron Pringle,WR,KC,2021,14,0,0,0.0,0,,0,1,1,11,0.0455,0.0775,30,29,3.8,1.72,3.8
00-0034297,Byron Pringle,WR,KC,2021,15,0,0,0.0,0,,0,4,3,11,0.0889,0.0368,20,16,5.2,6.12,5.2
00-0034297,Byron Pringle,WR,KC,2021,16,0,0,0.0,0,,0,7,6,72,0.2414,0.2835,35,39,25.5,14.12,25.5
00-0034297,Byron Pringle,WR,KC,2021,17,0,0,0.0,0,,0,4,3,37,0.1176,0.1246,23,21,6.5,6.16,6.5
00-0034297,Byron Pringle,WR,KC,2021,18,0,0,0.0,0,,0,8,5,67,0.1905,0.241,29,25,10.6,13.77,10.6
00-0034301,Darrel Williams,RB,KC,2021,1,0,0,0.0,0,,1,0,0,0.0,0.0,0.0,23,18,0.4,0.55,0.4
00-0034301,Darrel Williams,RB,KC,2021,2,0,0,0.0,0,,3,0,0,0.0,0.0,0.0,18,17,5.8,4.23,5.8
00-0034301,Darrel Williams,RB,KC,2021,3,0,0,0.0,0,,7,3,2,2,0.075,0.0052,30,28,5.9,8.44,5.9
00-0034301,Darrel Williams,RB,KC,2021,4,0,0,0.0,0,,10,2,2,-5,0.0667,-0.0228,32,28,13.8,13.2,13.8
00-0034301,Darrel Williams,RB,KC,2021,5,0,0,0.0,0,,5,5,3,8,0.1,0.022,23,19,7.5,10.76,7.5
00-0034301,Darrel Williams,RB,KC,2021,6,0,0,0.0,0,,21,4,3,-5,0.087,-0.0143,28,28,23.9,20.83,23.9
00-0034301,Darrel Williams,RB,KC,2021,7,0,0,0.0,0,,5,4,3,-2,0.0833,-0.0053,13,11,8.0,8.43,8.0
00-0034301,Darrel Williams,RB,KC,2021,8,0,0,0.0,0,,13,6,6,-4,0.1395,-0.012,27,30,17.0,15.46,17.0
00-0034301,Darrel Williams,RB,KC,2021,9,0,0,0.0,0,,19,4,3,4,0.1111,0.0121,25,29,10.7,26.68,10.7
00-0034301,Darrel Williams,RB,KC,2021,10,0,0,0.0,0,,11,9,9,26,0.1875,0.0634,25,30,29.4,25.63,29.4
00-0034301,Darrel Williams,RB,KC,2021,11,0,0,0.0,0,,5,3,1,21,0.0909,0.1061,26,20,3.6,7.9,3.6
00-0034301,Darrel Williams,RB,KC,2021,13,0,0,0.0,0,,5,3,3,19,0.1111,0.1258,24,25,11.0,7.98,11.0
00-0034301,Darrel Williams,RB,KC,2021,14,0,0,0.0,0,,2,3,3,-2,0.1364,-0.0141,30,29,12.9,8.47,12.9
00-0034301,Darrel Williams,RB,KC,2021,15,0,0,0.0,0,,5,1,0,11,0.0222,0.0368,20,16,1.2,10.67,1.2
00-0034301,Darrel Williams,RB,KC,2021,16,0,0,0.0,0,,11,3,3,-2,0.1034,-0.0079,35,39,11.5,14.84,11.5
00-0034301,Darrel Williams,RB,KC,2021,17,0,0,0.0,0,,14,3,3,-1,0.0882,-0.0034,23,21,25.7,18.06,25.7
00-0034301,Darrel Williams,RB,KC,2021,18,0,0,0.0,0,,7,4,3,12,0.0952,0.0432,29,25,7.7,11.22,7.7
00-0034311,Johnny Stanton,RB,CLE,2021,6,0,0,0.0,0,,0,1,1,2,0.0323,0.0083,19,22,1.6,1.35,1.6
00-0034311,Johnny Stanton,RB,CLE,2021,7,0,0,0.0,0,,2,1,1,1,0.0312,0.0044,33,34,7.6,4.91,7.6
00-0034311,Johnny Stanton,RB,CLE,2021,10,0,0,0.0,0,,1,0,0,0.0,0.0,0.0,20,27,0.0,2.56,0.0
00-0034317,Keith Kirkwood,WR,CAR,2021,7,0,0,0.0,0,,0,5,3,49,0.1316,0.169,17,20,4.7,7.82,4.7
00-0034317,Keith Kirkwood,WR,CAR,2021,8,0,0,0.0,0,,0,1,0,1,0.0417,0.0082,47,42,0.0,4.26,0.0
00-0034317,Keith Kirkwood,WR,CAR,2021,18,0,0,0.0,0,,0,1,0,5,0.0238,0.0177,26,27,0.0,1.44,0.0
00-0034319,Deon Yelder,TE,TB,2021,7,0,0,0.0,0,,0,1,1,-2,0.0256,-0.0069,31,34,1.0,1.64,1.0
00-0034331,Jaylen Samuels,RB,HOU,2021,13,0,0,0.0,0,,2,1,0,-1,0.0385,-0.0069,19,15,0.2,2.47,0.2
00-0034331,Jaylen Samuels,RB,HOU,2021,17,0,0,0.0,0,,3,3,3,-3,0.1,-0.0155,27,34,5.1,5.09,5.1
00-0034343,Josh Rosen,QB,ATL,2021,2,2,0,-2.841,0,-62.492,0,0,0,0.0,0.0,0.0,20,28,0.0,0.64,0.0
00-0034343,Josh Rosen,QB,ATL,2021,10,6,1,-7.658,0,-42.291,0,0,0,0.0,0.0,0.0,24,25,-1.4,2.59,-1.44
00-0034343,Josh Rosen,QB,ATL,2021,11,3,1,-8.206,0,-26.746,0,0,0,0.0,0.0,0.0,16,18,-1.8,0.83,-1.8
00-0034348,Courtland Sutton,WR,DEN,2021,1,0,0,0.0,0,,0,3,1,51,0.0857,0.1635,28,29,2.4,5.12,2.4
00-0034348,Courtland Sutton,WR,DEN,2021,2,0,0,0.0,0,,0,12,9,258,0.3529,0.6632,30,29,24.9,24.18,24.9
00-0034348,Courtland Sutton,WR,DEN,2021,3,0,0,0.0,0,,0,5,5,26,0.2083,0.13,37,37,8.7,10.18,8.7
00-0034348,Courtland Sutton,WR,DEN,2021,4,0,0,0.0,0,,0,8,3,158,0.2162,0.4451,17,21,7.7,15.0,7.7
00-0034348,Courtland Sutton,WR,DEN,2021,5,0,0,0.0,0,,0,11,7,151,0.3143,0.4494,18,22,25.0,19.5,25.0
00-0034348,Courtland Sutton,WR,DEN,2021,6,0,0,0.0,0,,0,14,8,243,0.2917,0.4949,23,28,23.4,23.41,23.4
00-0034348,Courtland Sutton,WR,DEN,2021,7,0,0,0.0,0,,0,5,5,61,0.1562,0.3506,14,20,11.8,7.69,11.8
00-0034348,Courtland Sutton,WR,DEN,2021,8,0,0,0.0,0,,0,4,2,58,0.16,0.3135,21,24,6.0,6.93,6.0
00-0034348,Courtland Sutton,WR,DEN,2021,9,0,0,0.0,0,,0,2,1,25,0.0833,0.1111,41,40,3.9,5.47,3.9
00-0034348,Courtland Sutton,WR,DEN,2021,10,0,0,0.0,0,,0,3,2,33,0.0882,0.1587,18,20,4.9,5.86,4.9
00-0034348,Courtland Sutton,WR,DEN,2021,12,0,0,0.0,0,,0,3,2,21,0.1304,0.1438,33,35,3.7,4.73,3.7
00-0034348,Courtland Sutton,WR,DEN,2021,13,0,0,0.0,0,,0,6,2,111,0.1667,0.4126,31,34,3.5,10.38,3.5
00-0034348,Courtland Sutton,WR,DEN,2021,14,0,0,0.0,0,,0,2,1,31,0.08,0.1667,39,40,1.9,3.1,1.9
00-0034348,Courtland Sutton,WR,DEN,2021,15,0,0,0.0,0,,0,7,2,120,0.2188,0.355,34,35,3.2,12.18,3.2
00-0034348,Courtland Sutton,WR,DEN,2021,16,0,0,0.0,0,,0,5,4,59,0.2273,0.2398,16,17,7.3,8.28,7.3
00-0034348,Courtland Sutton,WR,DEN,2021,17,0,0,0.0,0,,0,5,3,84,0.1852,0.3836,27,28,9.0,8.53,9.0
00-0034348,Courtland Sutton,WR,DEN,2021,18,1,1,1.002,0,44.029,0,3,1,19,0.125,0.0696,28,27,2.9,4.61,2.94
00-0034351,Dallas Goedert,TE,PHI,2021,1,0,0,0.0,0,,0,5,4,34,0.1562,0.2656,31,30,14.2,9.34,14.2
00-0034351,Dallas Goedert,TE,PHI,2021,2,0,0,0.0,0,,0,2,2,6,0.0833,0.0178,29,22,4.4,3.03,4.4
00-0034351,Dallas Goedert,TE,PHI,2021,3,0,0,0.0,0,,0,4,2,29,0.1053,0.1047,12,11,8.6,6.43,8.6
00-0034351,Dallas Goedert,TE,PHI,2021,4,0,0,0.0,0,,0,5,5,30,0.1136,0.0872,19,19,16.6,9.86,16.6
00-0034351,Dallas Goedert,TE,PHI,2021,5,0,0,0.0,0,,0,3,2,21,0.0882,0.0722,22,19,4.8,5.87,4.8
00-0034351,Dallas Goedert,TE,PHI,2021,7,0,0,0.0,0,,0,5,3,99,0.1613,0.2444,32,24,12.0,10.24,12.0
00-0034351,Dallas Goedert,TE,PHI,2021,8,0,0,0.0,0,,0,7,6,47,0.4375,0.3406,46,37,13.2,12.42,13.2
00-0034351,Dallas Goedert,TE,PHI,2021,9,0,0,0.0,0,,0,6,3,67,0.375,0.3252,39,29,7.3,9.54,7.3
00-0034351,Dallas Goedert,TE,PHI,2021,10,0,0,0.0,0,,0,2,2,21,0.0909,0.0882,39,28,4.8,2.94,4.8
00-0034351,Dallas Goedert,TE,PHI,2021,11,0,0,0.0,0,,0,8,5,56,0.3478,0.2772,50,34,11.2,11.89,11.2
00-0034351,Dallas Goedert,TE,PHI,2021,12,0,0,0.0,0,,0,3,1,13,0.1034,0.0435,33,30,1.0,3.77,1.0
00-0034351,Dallas Goedert,TE,PHI,2021,13,0,0,0.0,0,,0,6,6,45,0.2727,0.3333,41,44,28.5,10.07,28.5
00-0034351,Dallas Goedert,TE,PHI,2021,15,0,0,0.0,0,,0,9,7,100,0.3462,0.4255,41,35,20.5,14.13,20.5
00-0034351,Dallas Goedert,TE,PHI,2021,16,0,0,0.0,0,,0,4,2,9,0.1429,0.0398,30,32,4.8,5.7,4.8
00-0034351,Dallas Goedert,TE,PHI,2021,17,0,0,0.0,0,,0,7,6,66,0.28,0.25,34,30,13.1,11.56,13.1
00-0034353,Anthony Miller,WR,HOU,2021,3,0,0,0.0,0,,0,6,4,28,0.24,0.1474,17,17,12.0,10.29,12.0
00-0034353,Anthony Miller,WR,HOU,2021,4,0,0,0.0,0,,0,5,1,46,0.25,0.2556,18,19,1.3,7.96,1.3
00-0034353,Anthony Miller,WR,PIT,2021,12,0,0,0.0,0,,0,1,1,2,0.0256,0.0068,15,20,1.2,1.25,1.2
00-0034364,Jordan Akins,TE,HOU,2021,1,0,0,0.0,0,,0,2,0,19,0.0625,0.0597,41,41,0.0,6.32,0.0
00-0034364,Jordan Akins,TE,HOU,2021,2,0,0,0.0,0,,0,2,1,24,0.0714,0.0882,28,29,2.7,3.39,2.7
00-0034364,Jordan Akins,TE,HOU,2021,3,0,0,0.0,0,,0,5,4,22,0.2,0.1158,17,17,7.2,6.85,7.2
00-0034364,Jordan Akins,TE,HOU,2021,4,0,0,0.0,0,,1,1,1,5,0.05,0.0278,18,19,-0.3,1.7,-0.3
00-0034364,Jordan Akins,TE,HOU,2021,5,0,0,0.0,0,,0,2,2,5,0.0741,0.0188,24,28,3.7,2.69,3.7
00-0034364,Jordan Akins,TE,HOU,2021,6,0,0,0.0,0,,0,6,4,38,0.1429,0.1362,29,32,8.1,8.66,8.1
00-0034364,Jordan Akins,TE,HOU,2021,7,0,0,0.0,0,,0,2,2,7,0.0645,0.0458,15,23,3.3,2.83,3.3
00-0034364,Jordan Akins,TE,HOU,2021,8,0,0,0.0,0,,0,5,5,27,0.1389,0.1027,14,20,10.3,7.57,10.3
00-0034364,Jordan Akins,TE,HOU,2021,9,0,0,0.0,0,,0,3,2,21,0.075,0.0575,18,18,0.7,6.24,0.7
00-0034364,Jordan Akins,TE,HOU,2021,14,0,0,0.0,0,,0,1,1,5,0.0208,0.0189,25,32,1.6,1.28,1.6
00-0034364,Jordan Akins,TE,HOU,2021,15,0,0,0.0,0,,0,3,2,32,0.1,0.1517,26,27,4.4,4.84,4.4
00-0034364,Jordan Akins,TE,HOU,2021,16,0,0,0.0,0,,0,1,0,2,0.037,0.0096,36,36,0.0,2.26,0.0
00-0034365,Ian Thomas,TE,CAR,2021,1,0,0,0.0,0,,0,2,1,15,0.0606,0.0549,27,32,2.7,5.34,2.7
00-0034365,Ian Thomas,TE,CAR,2021,2,0,0,0.0,0,,0,2,1,-5,0.0556,-0.0187,33,37,1.7,3.23,1.7
00-0034365,Ian Thomas,TE,CAR,2021,4,0,0,0.0,0,,0,3,3,-1,0.0769,-0.003,24,23,4.5,5.07,4.5
00-0034365,Ian Thomas,TE,CAR,2021,5,0,0,0.0,0,,0,5,4,36,0.1471,0.1241,30,33,8.0,7.9,8.0
00-0034365,Ian Thomas,TE,CAR,2021,6,0,0,0.0,0,,0,2,1,43,0.0513,0.1017,23,18,5.1,3.11,5.1
00-0034365,Ian Thomas,TE,CAR,2021,7,0,0,0.0,0,,0,2,0,32,0.0526,0.1103,17,20,0.0,3.52,0.0
00-0034365,Ian Thomas,TE,CAR,2021,8,0,0,0.0,0,,0,1,1,5,0.0417,0.041,47,42,2.0,1.53,2.0
00-0034365,Ian Thomas,TE,CAR,2021,9,0,0,0.0,0,,0,2,1,9,0.069,0.0492,23,27,1.9,3.02,1.9
00-0034365,Ian Thomas,TE,CAR,2021,11,0,0,0.0,0,,0,1,1,3,0.037,0.02,21,18,1.7,0.79,1.7
00-0034365,Ian Thomas,TE,CAR,2021,12,0,0,0.0,0,,0,3,0,16,0.0968,0.0503,18,16,0.0,3.07,0.0
00-0034365,Ian Thomas,TE,CAR,2021,14,0,0,0.0,0,,0,2,0,10,0.0571,0.0327,26,16,0.0,2.92,0.0
00-0034365,Ian Thomas,TE,CAR,2021,15,0,0,0.0,0,,0,1,1,4,0.0278,0.0136,29,17,1.5,1.31,1.5
00-0034365,Ian Thomas,TE,CAR,2021,16,0,0,0.0,0,,0,1,1,3,0.0233,0.0077,15,14,1.4,1.33,1.4
00-0034365,Ian Thomas,TE,CAR,2021,17,0,0,0.0,0,,0,3,3,13,0.125,0.1327,26,30,6.3,4.19,6.3
00-0034366,Keke Coutee,WR,IND,2021,7,0,0,0.0,0,,0,1,1,5,0.0385,0.0262,33,33,1.5,1.5,1.5
00-0034367,Nyheim Hines,RB,IND,2021,1,0,0,0.0,0,,9,8,6,-2,0.2286,-0.0096,30,38,14.2,16.19,14.2
00-0034367,Nyheim Hines,RB,IND,2021,2,0,0,0.0,0,,1,2,1,6,0.0571,0.0204,26,23,3.2,3.02,2.2
00-0034367,Nyheim Hines,RB,IND,2021,3,0,0,0.0,0,,6,6,5,0.0,0.1765,0.0,18,22,18.9,11.43,18.9
00-0034367,Nyheim Hines,RB,IND,2021,4,0,0,0.0,0,,2,2,2,2,0.0625,0.0071,33,34,3.1,4.52,3.1
00-0034367,Nyheim Hines,RB,IND,2021,5,0,0,0.0,0,,4,1,0,-1,0.0294,-0.0049,26,28,1.8,3.18,1.8
00-0034367,Nyheim Hines,RB,IND,2021,6,0,0,0.0,0,,4,2,1,4,0.1111,0.0164,26,25,3.2,4.77,3.2
00-0034367,Nyheim Hines,RB,IND,2021,7,0,0,0.0,0,,8,3,1,0.0,0.1154,0.0,33,33,2.2,7.4,2.2
00-0034367,Nyheim Hines,RB,IND,2021,8,0,0,0.0,0,,1,5,4,3,0.1042,0.0059,20,24,6.4,8.24,6.4
00-0034367,Nyheim Hines,RB,IND,2021,9,0,0,0.0,0,,6,6,4,21,0.2069,0.0781,30,31,20.8,14.74,20.8
00-0034367,Nyheim Hines,RB,IND,2021,10,0,0,0.0,0,,2,4,2,14,0.1212,0.0843,27,31,4.9,7.12,4.9
00-0034367,Nyheim Hines,RB,IND,2021,11,0,0,0.0,0,,4,0,0,0.0,0.0,0.0,46,45,3.1,1.77,3.1
00-0034367,Nyheim Hines,RB,IND,2021,12,0,0,0.0,0,,1,4,3,3,0.093,0.0074,20,24,5.9,7.43,5.9
00-0034367,Nyheim Hines,RB,IND,2021,13,0,0,0.0,0,,3,4,3,40,0.1818,0.2597,48,44,8.6,8.2,8.6
00-0034367,Nyheim Hines,RB,IND,2021,15,0,0,0.0,0,,0,2,1,-1,0.1667,-0.0089,39,30,7.8,3.94,7.8
00-0034367,Nyheim Hines,RB,IND,2021,16,0,0,0.0,0,,3,1,1,7,0.0357,0.0368,33,31,2.8,2.77,2.8
00-0034367,Nyheim Hines,RB,IND,2021,17,0,0,0.0,0,,2,4,4,3,0.1667,0.019,26,28,5.8,6.91,5.8
00-0034367,Nyheim Hines,RB,IND,2021,18,0,0,0.0,0,,0,3,2,14,0.1034,0.0468,18,20,3.9,5.21,3.9
00-0034378,Ito Smith,RB,DAL,2021,18,0,0,0.0,0,,1,0,0,0.0,0.0,0.0,32,34,6.4,1.85,6.4
00-0034383,Dalton Schultz,TE,DAL,2021,1,0,0,0.0,0,,0,6,6,14,0.1053,0.0366,18,20,10.5,8.94,10.5
00-0034383,Dalton Schultz,TE,DAL,2021,2,0,0,0.0,0,,0,2,2,9,0.0741,0.0657,31,34,3.8,2.76,3.8
00-0034383,Dalton Schultz,TE,DAL,2021,3,0,0,0.0,0,,0,7,6,65,0.28,0.2675,41,35,26.0,15.33,26.0
00-0034383,Dalton Schultz,TE,DAL,2021,4,0,0,0.0,0,,0,8,6,14,0.3636,0.0892,34,30,17.8,18.7,17.8
00-0034383,Dalton Schultz,TE,DAL,2021,5,0,0,0.0,0,,0,8,6,76,0.25,0.2568,39,41,13.9,16.09,13.9
00-0034383,Dalton Schultz,TE,DAL,2021,6,0,0,0.0,0,,0,6,5,44,0.1224,0.0961,31,37,12.9,10.16,12.9
00-0034383,Dalton Schultz,TE,DAL,2021,8,0,0,0.0,0,,0,7,2,70,0.1707,0.1613,24,28,3.1,11.09,3.1
00-0034383,Dalton Schultz,TE,DAL,2021,9,0,0,0.0,0,,0,5,4,46,0.1282,0.0981,16,18,9.4,7.87,9.4
00-0034383,Dalton Schultz,TE,DAL,2021,10,0,0,0.0,0,,0,2,1,19,0.0606,0.1033,37,41,2.4,5.99,2.4
00-0034383,Dalton Schultz,TE,DAL,2021,11,0,0,0.0,0,,0,8,6,65,0.1905,0.2,16,24,11.3,12.19,11.3
00-0034383,Dalton Schultz,TE,DAL,2021,12,0,0,0.0,0,,0,7,3,85,0.1489,0.2422,20,29,15.6,13.54,15.6
00-0034383,Dalton Schultz,TE,DAL,2021,13,0,0,0.0,0,,0,5,5,31,0.125,0.092,24,24,9.3,7.97,9.3
00-0034383,Dalton Schultz,TE,DAL,2021,14,0,0,0.0,0,,0,3,1,15,0.0769,0.0617,35,28,1.4,5.9,1.4
00-0034383,Dalton Schultz,TE,DAL,2021,15,0,0,0.0,0,,0,8,8,52,0.2162,0.2291,30,34,20.7,15.31,20.7
00-0034383,Dalton Schultz,TE,DAL,2021,16,0,0,0.0,0,,0,9,8,70,0.2195,0.1598,28,24,22.2,17.39,22.2
00-0034383,Dalton Schultz,TE,DAL,2021,17,0,0,0.0,0,,0,10,6,46,0.2632,0.2289,17,16,11.4,16.74,11.4
00-0034383,Dalton Schultz,TE,DAL,2021,18,0,0,0.0,0,,0,3,3,20,0.1071,0.0855,32,34,17.1,9.46,17.1
00-0034401,Mike White,QB,NYJ,2021,7,32,20,-0.19,1,-6.507,0,0,0,0.0,0.0,0.0,17,30,8.1,9.69,8.08
00-0034401,Mike White,QB,NYJ,2021,8,45,37,8.044,2,9.537,5,0,0,0.0,0.0,0.0,27,34,26.1,17.58,26.1
00-0034401,Mike White,QB,NYJ,2021,9,11,7,6.341,0,-0.474,0,0,0,0.0,0.0,0.0,21,20,7.8,4.14,7.8
00-0034401,Mike White,QB,NYJ,2021,10,44,24,-12.203,1,-11.391,0,0,0,0.0,0.0,0.0,22,33,2.0,13.88,2.04
00-0034407,Ray-Ray McCloud,WR,PIT,2021,3,0,0,0.0,0,,0,4,3,26,0.069,0.0828,15,28,6.3,5.58,6.3
00-0034407,Ray-Ray McCloud,WR,PIT,2021,4,0,0,0.0,0,,0,1,1,-2,0.0256,-0.0068,16,22,1.2,1.36,1.2
00-0034407,Ray-Ray McCloud,WR,PIT,2021,5,0,0,0.0,0,,0,2,1,23,0.08,0.1192,35,34,1.1,2.76,1.1
00-0034407,Ray-Ray McCloud,WR,PIT,2021,6,0,0,0.0,0,,0,2,2,5,0.0513,0.0183,30,32,3.8,2.7,3.8
00-0034407,Ray-Ray McCloud,WR,PIT,2021,8,0,0,0.0,0,,1,0,0,0.0,0.0,0.0,32,32,1.0,0.96,1.0
00-0034407,Ray-Ray McCloud,WR,PIT,2021,9,0,0,0.0,0,,0,1,1,2,0.037,0.0132,32,28,2.2,1.22,2.2
00-0034407,Ray-Ray McCloud,WR,PIT,2021,10,0,0,0.0,0,,0,12,9,81,0.2449,0.2455,31,31,15.3,19.94,15.3
00-0034407,Ray-Ray McCloud,WR,PIT,2021,11,0,0,0.0,0,,1,2,2,9,0.0455,0.0277,18,20,3.7,3.35,3.7
00-0034407,Ray-Ray McCloud,WR,PIT,2021,13,0,0,0.0,0,,0,4,1,49,0.1333,0.1885,25,28,1.7,5.78,1.7
00-0034407,Ray-Ray McCloud,WR,PIT,2021,14,0,0,0.0,0,,0,8,6,22,0.2051,0.0751,24,24,9.2,11.36,9.2
00-0034407,Ray-Ray McCloud,WR,PIT,2021,15,0,0,0.0,0,,0,3,1,14,0.12,0.1186,17,14,1.0,5.3,1.0
00-0034407,Ray-Ray McCloud,WR,PIT,2021,16,0,0,0.0,0,,0,8,4,52,0.1905,0.2364,25,30,6.5,11.2,6.5
00-0034407,Ray-Ray McCloud,WR,PIT,2021,17,0,0,0.0,0,,0,10,4,33,0.2174,0.1166,31,32,7.5,16.36,7.5
00-0034407,Ray-Ray McCloud,WR,PIT,2021,18,0,0,0.0,0,,0,9,4,107,0.2045,0.3781,30,28,7.7,14.0,7.7
00-0034411,Russell Gage,WR,ATL,2021,1,0,0,0.0,0,,0,2,0,12,0.0606,0.067,26,27,0.0,5.63,0.0
00-0034411,Russell Gage,WR,ATL,2021,2,0,0,0.0,0,,0,7,5,6,0.1458,0.0323,20,28,7.8,9.9,7.8
00-0034411,Russell Gage,WR,ATL,2021,7,0,0,0.0,0,,0,6,4,80,0.1538,0.2174,22,21,16.7,10.65,16.7
00-0034411,Russell Gage,WR,ATL,2021,9,0,0,0.0,0,,0,8,7,65,0.2667,0.2481,25,25,13.4,12.95,13.4
00-0034411,Russell Gage,WR,ATL,2021,10,0,0,0.0,0,,0,3,0,38,0.1111,0.1508,24,25,0.0,5.17,0.0
00-0034411,Russell Gage,WR,ATL,2021,11,0,0,0.0,0,,0,8,5,56,0.2581,0.2963,16,18,9.9,11.49,9.9
00-0034411,Russell Gage,WR,ATL,2021,12,0,0,0.0,0,,0,7,6,34,0.25,0.2595,29,30,18.2,11.27,18.2
00-0034411,Russell Gage,WR,ATL,2021,13,0,0,0.0,0,,0,12,11,93,0.3,0.3676,23,27,22.0,20.14,22.1
00-0034411,Russell Gage,WR,ATL,2021,14,0,0,0.0,0,,0,6,4,69,0.2222,0.3255,36,39,10.4,8.3,10.4
00-0034411,Russell Gage,WR,ATL,2021,15,0,0,0.0,0,,0,12,8,112,0.4,0.4409,23,21,23.1,19.49,23.1
00-0034411,Russell Gage,WR,ATL,2021,16,0,0,0.0,0,,0,5,4,40,0.2273,0.2235,18,16,5.9,8.4,5.9
00-0034411,Russell Gage,WR,ATL,2021,17,0,0,0.0,0,,0,5,3,74,0.25,0.3682,22,23,8.0,8.46,8.0
00-0034411,Russell Gage,WR,ATL,2021,18,0,0,0.0,0,,0,13,9,203,0.4194,0.5953,12,15,27.6,23.23,27.6
00-0034414,Boston Scott,RB,PHI,2021,3,0,0,0.0,0,,0,2,2,-13,0.0526,-0.0469,12,11,2.5,2.95,2.5
00-0034414,Boston Scott,RB,PHI,2021,7,0,0,0.0,0,,7,2,1,5,0.0645,0.0123,32,24,9.9,11.33,9.9
00-0034414,Boston Scott,RB,PHI,2021,8,0,0,0.0,0,,12,1,0,0.0,0.0625,0.0,46,37,18.0,13.03,18.0
00-0034414,Boston Scott,RB,PHI,2021,9,0,0,0.0,0,,10,0,0,0.0,0.0,0.0,39,29,4.0,5.84,4.0
00-0034414,Boston Scott,RB,PHI,2021,10,0,0,0.0,0,,11,2,2,-6,0.0909,-0.0252,39,28,12.5,7.66,12.5
00-0034414,Boston Scott,RB,PHI,2021,11,0,0,0.0,0,,6,2,2,-2,0.087,-0.0099,50,34,3.8,6.38,3.8
00-0034414,Boston Scott,RB,PHI,2021,12,0,0,0.0,0,,15,3,2,3,0.1034,0.01,33,30,13.2,19.25,13.2
00-0034414,Boston Scott,RB,PHI,2021,16,0,0,0.0,0,,12,0,0,0.0,0.0,0.0,30,32,10.1,10.02,10.1
00-0034414,Boston Scott,RB,PHI,2021,17,0,0,0.0,0,,14,4,4,4,0.16,0.0152,34,30,24.6,21.3,24.6
00-0034418,Cedrick Wilson Jr.,WR,DAL,2021,1,0,0,0.0,0,,0,3,3,24,0.0526,0.0628,18,20,5.4,4.9,5.4
00-0034418,Cedrick Wilson Jr.,WR,DAL,2021,2,0,0,0.0,0,,1,2,2,-2,0.0741,-0.0146,31,34,4.5,3.56,4.5
00-0034418,Cedrick Wilson Jr.,WR,DAL,2021,3,0,0,0.0,0,,0,4,2,65,0.16,0.2675,41,35,9.7,10.0,9.7
00-0034418,Cedrick Wilson Jr.,WR,DAL,2021,4,0,0,0.0,0,,0,2,2,13,0.0909,0.0828,34,30,11.0,3.5,11.0
00-0034418,Cedrick Wilson Jr.,WR,DAL,2021,5,1,1,1.257,0,35.092,1,1,1,35,0.0312,0.1182,39,41,6.0,4.85,5.98
00-0034418,Cedrick Wilson Jr.,WR,DAL,2021,6,0,0,0.0,0,,0,7,4,59,0.1429,0.1288,31,37,8.2,13.06,8.2
00-0034418,Cedrick Wilson Jr.,WR,DAL,2021,8,1,1,2.578,0,64.076,0,3,3,27,0.0732,0.0622,24,28,18.8,5.44,18.8
00-0034418,Cedrick Wilson Jr.,WR,DAL,2021,9,0,0,0.0,0,,0,5,2,53,0.1282,0.113,16,18,4.8,7.59,4.8
00-0034418,Cedrick Wilson Jr.,WR,DAL,2021,11,0,0,0.0,0,,0,7,4,76,0.1667,0.2338,16,24,7.6,11.94,7.6
00-0034418,Cedrick Wilson Jr.,WR,DAL,2021,12,0,0,0.0,0,,0,10,7,96,0.2128,0.2735,20,29,17.4,16.6,17.4
00-0034418,Cedrick Wilson Jr.,WR,DAL,2021,14,0,0,0.0,0,,0,2,2,9,0.0513,0.037,35,28,3.8,2.94,3.8
00-0034418,Cedrick Wilson Jr.,WR,DAL,2021,16,0,0,0.0,0,,0,3,2,33,0.0732,0.0753,28,24,3.0,5.75,3.0
00-0034418,Cedrick Wilson Jr.,WR,DAL,2021,17,1,1,1.915,0,37.256,0,6,6,16,0.1579,0.0796,17,16,18.7,13.25,18.74
00-0034418,Cedrick Wilson Jr.,WR,DAL,2021,18,0,0,0.0,0,,0,6,5,91,0.2143,0.3889,32,34,28.9,12.22,28.9
00-0034419,Braxton Berrios,WR,NYJ,2021,1,0,0,0.0,0,,0,7,5,39,0.1944,0.1083,17,19,10.1,10.18,10.1
00-0034419,Braxton Berrios,WR,NYJ,2021,2,0,0,0.0,0,,0,11,7,79,0.3333,0.2625,31,30,14.3,14.81,14.3
00-0034419,Braxton Berrios,WR,NYJ,2021,3,0,0,0.0,0,,0,3,2,46,0.0909,0.1704,13,15,4.6,3.86,4.6
00-0034419,Braxton Berrios,WR,NYJ,2021,4,0,0,0.0,0,,2,1,1,-6,0.0294,-0.0188,25,25,2.5,2.77,2.5
00-0034419,Braxton Berrios,WR,NYJ,2021,5,0,0,0.0,0,,0,1,1,-4,0.0323,-0.0145,18,22,1.6,1.46,1.6
00-0034419,Braxton Berrios,WR,NYJ,2021,8,0,0,0.0,0,,0,2,2,10,0.0408,0.0585,27,34,9.3,3.81,9.3
00-0034419,Braxton Berrios,WR,NYJ,2021,9,0,0,0.0,0,,0,3,2,16,0.0577,0.0369,21,20,2.5,4.28,2.5
00-0034419,Braxton Berrios,WR,NYJ,2021,10,0,0,0.0,0,,0,3,3,16,0.0652,0.0489,22,33,4.9,4.19,4.9
00-0034419,Braxton Berrios,WR,NYJ,2021,11,0,0,0.0,0,,0,1,0,2,0.0286,0.0066,18,19,0.0,2.83,0.0
00-0034419,Braxton Berrios,WR,NYJ,2021,12,0,0,0.0,0,,0,3,2,6,0.1304,0.0583,34,33,6.7,4.16,6.7
00-0034419,Braxton Berrios,WR,NYJ,2021,13,0,0,0.0,0,,0,1,1,11,0.0278,0.0356,17,20,2.1,1.49,2.1
00-0034419,Braxton Berrios,WR,NYJ,2021,14,0,0,0.0,0,,0,10,6,39,0.25,0.1279,17,17,11.2,13.72,11.2
00-0034419,Braxton Berrios,WR,NYJ,2021,15,0,0,0.0,0,,2,1,1,-5,0.0455,-0.037,24,19,10.6,6.86,8.4
00-0034419,Braxton Berrios,WR,NYJ,2021,16,0,0,0.0,0,,1,6,5,14,0.2857,0.1386,36,33,15.0,9.03,9.0
00-0034419,Braxton Berrios,WR,NYJ,2021,17,0,0,0.0,0,,2,12,8,69,0.4,0.2911,26,26,25.7,25.34,25.7
00-0034433,Nick Bawden,RB,NYJ,2021,11,0,0,0.0,0,,0,1,1,9,0.0286,0.0295,18,19,3.0,1.55,3.0
00-0034438,Logan Woodside,QB,TEN,2021,7,0,0,0.0,0,,1,0,0,0.0,0.0,0.0,35,36,-0.1,-0.1,-0.1
00-0034438,Logan Woodside,QB,TEN,2021,8,0,0,0.0,0,,1,0,0,0.0,0.0,0.0,31,31,-0.1,-0.1,-0.1
00-0034438,Logan Woodside,QB,TEN,2021,9,0,0,0.0,0,,1,0,0,0.0,0.0,0.0,26,26,-0.1,-0.1,-0.1
00-0034438,Logan Woodside,QB,TEN,2021,14,0,0,0.0,0,,3,0,0,0.0,0.0,0.0,34,29,-0.3,-0.3,-0.3
00-0034440,Justin Jackson,RB,LAC,2021,1,0,0,0.0,0,,1,1,1,-2,0.0217,-0.0055,29,25,1.7,1.96,1.7
00-0034440,Justin Jackson,RB,LAC,2021,2,0,0,0.0,0,,4,1,1,2,0.025,0.0079,19,25,3.9,3.84,3.9
00-0034440,Justin Jackson,RB,LAC,2021,3,0,0,0.0,0,,2,0,0,0.0,0.0,0.0,22,23,0.0,0.94,0.0
00-0034440,Justin Jackson,RB,LAC,2021,4,0,0,0.0,0,,3,4,4,-6,0.1053,-0.0193,34,36,5.3,10.09,5.3
00-0034440,Justin Jackson,RB,LAC,2021,6,0,0,0.0,0,,0,1,1,3,0.0256,0.0118,12,15,1.7,1.54,1.7
00-0034440,Justin Jackson,RB,LAC,2021,8,0,0,0.0,0,,3,0,0,0.0,0.0,0.0,20,24,7.9,1.62,7.9
00-0034440,Justin Jackson,RB,LAC,2021,11,0,0,0.0,0,,1,1,0,3,0.0244,0.0137,26,20,0.2,2.08,0.2
00-0034440,Justin Jackson,RB,LAC,2021,13,0,0,0.0,0,,6,2,2,-1,0.0571,-0.0027,22,27,4.1,5.48,4.1
00-0034440,Justin Jackson,RB,LAC,2021,14,0,0,0.0,0,,9,1,1,-9,0.0333,-0.0375,37,35,5.2,10.16,5.2
00-0034440,Justin Jackson,RB,LAC,2021,15,0,0,0.0,0,,13,1,1,5,0.027,0.0147,39,37,10.9,8.17,10.9
00-0034440,Justin Jackson,RB,LAC,2021,16,0,0,0.0,0,,11,9,8,17,0.2647,0.0667,21,25,34.2,20.46,34.2
00-0034440,Justin Jackson,RB,LAC,2021,17,0,0,0.0,0,,12,3,3,4,0.1,0.0214,35,35,9.1,13.62,9.1
00-0034440,Justin Jackson,RB,LAC,2021,18,0,0,0.0,0,,3,1,0,4,0.0156,0.0064,21,24,2.0,2.95,2.0
00-0034449,Buddy Howell,RB,LA,2021,8,0,0,0.0,0,,5,0,0,0.0,0.0,0.0,31,31,1.1,2.34,1.1
00-0034487,Trent Sherfield,WR,SF,2021,1,0,0,0.0,0,,0,3,2,28,0.1304,0.1697,28,23,10.3,7.24,10.3
00-0034487,Trent Sherfield,WR,SF,2021,2,0,0,0.0,0,,0,3,1,36,0.1,0.3025,38,30,1.9,5.54,1.9
00-0034487,Trent Sherfield,WR,SF,2021,4,0,0,0.0,0,,0,2,0,24,0.0513,0.0682,29,21,0.0,3.47,0.0
00-0034487,Trent Sherfield,WR,SF,2021,7,0,0,0.0,0,,0,2,1,28,0.0741,0.1181,24,24,1.9,3.6,1.9
00-0034487,Trent Sherfield,WR,SF,2021,12,0,0,0.0,0,,0,1,1,5,0.0385,0.022,39,35,1.5,1.09,1.5
00-0034487,Trent Sherfield,WR,SF,2021,13,0,0,0.0,0,,0,5,2,18,0.1667,0.0826,25,25,3.6,11.74,3.6
00-0034487,Trent Sherfield,WR,SF,2021,15,0,0,0.0,0,,0,1,0,8,0.0417,0.0544,32,25,0.0,1.96,0.0
00-0034487,Trent Sherfield,WR,SF,2021,17,0,0,0.0,0,,0,2,1,20,0.087,0.0749,37,24,2.2,3.59,2.2
00-0034487,Trent Sherfield,WR,SF,2021,18,0,0,0.0,0,,0,1,1,7,0.0312,0.0239,31,24,2.3,1.61,2.3
00-0034521,Allen Lazard,WR,GB,2021,1,0,0,0.0,0,,0,4,2,41,0.1212,0.1246,15,17,3.6,6.77,3.6
00-0034521,Allen Lazard,WR,GB,2021,3,0,0,0.0,0,,0,1,1,23,0.0323,0.065,25,29,5.2,1.54,5.2
00-0034521,Allen Lazard,WR,GB,2021,4,0,0,0.0,0,,0,3,2,27,0.0857,0.0785,33,34,5.3,6.69,5.3
00-0034521,Allen Lazard,WR,GB,2021,5,0,0,0.0,0,,0,2,2,4,0.0571,0.0115,22,31,2.6,3.11,2.6
00-0034521,Allen Lazard,WR,GB,2021,6,0,0,0.0,0,,0,5,3,62,0.2381,0.3179,31,28,11.7,12.12,11.7
00-0034521,Allen Lazard,WR,GB,2021,7,0,0,0.0,0,,0,6,5,48,0.1765,0.2353,15,18,17.0,11.56,17.0
00-0034521,Allen Lazard,WR,GB,2021,9,0,0,0.0,0,,0,1,1,12,0.0312,0.0443,25,24,9.0,1.54,9.0
00-0034521,Allen Lazard,WR,GB,2021,10,0,0,0.0,0,,0,4,1,75,0.1143,0.3233,32,36,1.6,6.67,1.6
00-0034521,Allen Lazard,WR,GB,2021,12,0,0,0.0,0,,0,6,2,75,0.1364,0.1761,32,35,3.3,12.26,3.3
00-0034521,Allen Lazard,WR,GB,2021,14,0,0,0.0,0,,1,7,6,71,0.2,0.2806,24,23,20.9,13.73,20.9
00-0034521,Allen Lazard,WR,GB,2021,15,0,0,0.0,0,,1,4,2,41,0.129,0.1434,25,23,4.8,10.47,4.8
00-0034521,Allen Lazard,WR,GB,2021,16,0,0,0.0,0,,1,5,2,59,0.1471,0.3333,24,29,13.8,10.86,13.8
00-0034521,Allen Lazard,WR,GB,2021,17,0,0,0.0,0,,0,6,6,57,0.1429,0.2209,32,35,19.2,11.43,19.2
00-0034521,Allen Lazard,WR,GB,2021,18,0,0,0.0,0,,0,6,5,52,0.1714,0.2407,27,28,24.5,14.27,24.5
00-0034577,Kyle Allen,QB,WAS,2021,14,9,4,-4.531,1,-16.863,2,0,0,0.0,0.0,0.0,23,22,1.2,8.61,3.22
00-0034577,Kyle Allen,QB,WAS,2021,16,10,8,4.923,1,7.163,0,0,0,0.0,0.0,0.0,20,21,6.7,2.73,6.68
00-0034578,Reggie Bonnafon,RB,CAR,2021,16,0,0,0.0,0,,1,2,2,3,0.0465,0.0077,15,14,3.6,3.36,3.6
00-0034597,Ryan Nall,RB,CHI,2021,7,0,0,0.0,0,,0,1,1,4,0.0323,0.0194,29,28,1.4,1.52,1.4
00-0034597,Ryan Nall,RB,CHI,2021,8,0,0,0.0,0,,1,0,0,0.0,0.0,0.0,36,28,0.4,0.48,0.4
00-0034614,Godwin Igwebuike,RB,DET,2021,8,0,0,0.0,0,,3,3,3,8,0.0938,0.0402,18,29,8.8,6.32,8.8
00-0034614,Godwin Igwebuike,RB,DET,2021,10,0,0,0.0,0,,2,0,0,0.0,0.0,0.0,39,41,11.6,0.9,11.6
00-0034614,Godwin Igwebuike,RB,DET,2021,11,0,0,0.0,0,,0,1,1,-6,0.0435,-0.0566,23,25,0.6,1.44,0.6
00-0034614,Godwin Igwebuike,RB,DET,2021,12,0,0,0.0,0,,1,1,0,4,0.04,0.0247,19,27,1.1,1.93,1.1
00-0034614,Godwin Igwebuike,RB,DET,2021,13,0,0,0.0,0,,2,2,1,6,0.0526,0.0182,27,26,3.1,3.55,3.1
00-0034614,Godwin Igwebuike,RB,DET,2021,14,0,0,0.0,0,,8,0,0,0.0,0.0,0.0,21,21,0.5,4.67,0.5
00-0034614,Godwin Igwebuike,RB,DET,2021,15,0,0,0.0,0,,2,2,2,-10,0.0769,-0.0658,34,36,1.1,4.15,1.1
00-0034614,Godwin Igwebuike,RB,DET,2021,18,0,0,0.0,0,,0,1,0,13,0.0345,0.0524,26,28,0.0,1.61,0.0
00-0034631,Vyncint Smith,WR,NYJ,2021,14,0,0,0.0,0,,0,1,0,18,0.025,0.059,17,17,0.0,2.37,0.0
00-0034652,Cameron Batson,WR,TEN,2021,3,0,0,0.0,0,,0,1,1,13,0.0385,0.0739,37,35,2.3,1.98,2.3
00-0034652,Cameron Batson,WR,TEN,2021,4,0,0,0.0,0,,0,4,1,71,0.0816,0.1807,37,44,7.2,11.13,7.2
00-0034652,Cameron Batson,WR,TEN,2021,5,0,0,0.0,0,,2,0,0,0.0,0.0,0.0,36,32,1.5,1.57,1.5
00-0034672,Ethan Wolf,TE,NO,2021,16,0,0,0.0,0,,0,2,2,2,0.1111,0.0263,23,21,2.8,2.51,2.8
00-0034676,James Washington,WR,PIT,2021,1,0,0,0.0,0,,0,2,2,-5,0.0625,-0.0255,21,17,3.0,2.97,3.0
00-0034676,James Washington,WR,PIT,2021,2,0,0,0.0,0,,0,1,0,4,0.025,0.0103,14,17,0.0,1.35,0.0
00-0034676,James Washington,WR,PIT,2021,3,0,0,0.0,0,,0,5,3,76,0.0862,0.242,15,28,5.0,6.62,5.0
00-0034676,James Washington,WR,PIT,2021,4,0,0,0.0,0,,0,5,4,48,0.1282,0.1633,16,22,10.9,7.53,10.9
00-0034676,James Washington,WR,PIT,2021,6,0,0,0.0,0,,0,1,1,5,0.0256,0.0183,30,32,1.9,1.47,1.9
00-0034676,James Washington,WR,PIT,2021,8,0,0,0.0,0,,0,1,1,0.0,0.0286,0.0,32,32,1.4,1.3,1.4
00-0034676,James Washington,WR,PIT,2021,9,0,0,0.0,0,,2,3,1,55,0.1111,0.3642,32,28,6.5,7.23,6.5
00-0034676,James Washington,WR,PIT,2021,10,0,0,0.0,0,,0,6,2,66,0.1224,0.2,31,31,9.5,12.83,9.5
00-0034676,James Washington,WR,PIT,2021,11,0,0,0.0,0,,0,3,2,15,0.0682,0.0462,18,20,3.2,4.43,3.2
00-0034676,James Washington,WR,PIT,2021,12,0,0,0.0,0,,0,2,1,6,0.0513,0.0203,15,20,1.3,2.64,1.3
00-0034676,James Washington,WR,PIT,2021,13,0,0,0.0,0,,0,1,0,20,0.0333,0.0769,25,28,0.0,1.78,0.0
00-0034676,James Washington,WR,PIT,2021,14,0,0,0.0,0,,0,6,4,95,0.1538,0.3242,24,24,16.5,10.61,16.5
00-0034676,James Washington,WR,PIT,2021,15,0,0,0.0,0,,0,5,3,72,0.2,0.6102,17,14,6.6,9.35,6.6
00-0034676,James Washington,WR,PIT,2021,16,0,0,0.0,0,,0,2,0,21,0.0476,0.0955,25,30,0.0,2.43,0.0
00-0034676,James Washington,WR,PIT,2021,17,0,0,0.0,0,,0,1,0,36,0.0217,0.1272,31,32,0.0,2.33,0.0
00-0034681,Chase Edmonds,RB,ARI,2021,1,0,0,0.0,0,,12,4,4,-12,0.125,-0.0458,33,32,14.6,12.88,14.6
00-0034681,Chase Edmonds,RB,ARI,2021,2,0,0,0.0,0,,8,5,5,17,0.1471,0.0574,21,21,12.5,11.68,12.5
00-0034681,Chase Edmonds,RB,ARI,2021,3,0,0,0.0,0,,11,8,7,6,0.2353,0.0229,30,30,14.5,21.49,14.5
00-0034681,Chase Edmonds,RB,ARI,2021,4,0,0,0.0,0,,12,5,4,28,0.1724,0.1217,40,36,17.9,16.98,17.9
00-0034681,Chase Edmonds,RB,ARI,2021,5,0,0,0.0,0,,6,4,3,-5,0.1429,-0.0217,27,20,4.4,9.51,4.4
00-0034681,Chase Edmonds,RB,ARI,2021,6,0,0,0.0,0,,4,4,3,-8,0.1429,-0.0303,37,28,8.0,8.89,8.0
00-0034681,Chase Edmonds,RB,ARI,2021,7,0,0,0.0,0,,15,3,1,-14,0.1071,-0.0553,37,29,10.0,13.49,10.0
00-0034681,Chase Edmonds,RB,ARI,2021,8,0,0,0.0,0,,7,4,3,7,0.129,0.023,20,15,15.9,11.44,15.9
00-0034681,Chase Edmonds,RB,ARI,2021,9,0,0,0.0,0,,1,0,0,0.0,0.0,0.0,39,36,0.3,0.43,0.3
00-0034681,Chase Edmonds,RB,ARI,2021,15,0,0,0.0,0,,6,1,0,3,0.0208,0.009,21,18,5.3,4.87,5.3
00-0034681,Chase Edmonds,RB,ARI,2021,16,0,0,0.0,0,,16,9,8,9,0.2308,0.0331,21,25,26.7,27.18,26.7
00-0034681,Chase Edmonds,RB,ARI,2021,17,0,0,0.0,0,,18,6,5,-8,0.1622,-0.0223,32,28,13.2,21.39,13.2
00-0034686,Auden Tate,WR,CIN,2021,3,0,0,0.0,0,,0,1,1,8,0.0556,0.05,24,23,2.4,1.57,2.4
00-0034686,Auden Tate,WR,CIN,2021,4,0,0,0.0,0,,0,1,1,10,0.0312,0.0426,22,21,2.8,1.76,2.8
00-0034686,Auden Tate,WR,CIN,2021,5,0,0,0.0,0,,0,1,0,27,0.027,0.0882,24,28,0.0,2.31,0.0
00-0034686,Auden Tate,WR,CIN,2021,6,0,0,0.0,0,,0,1,1,0.0,0.0345,0.0,36,36,7.7,3.63,7.7
00-0034735,Codey McElroy,TE,TB,2021,4,0,0,0.0,0,,0,1,0,11,0.0233,0.024,30,29,0.0,4.04,0.0
00-0034750,Rashaad Penny,RB,SEA,2021,1,0,0,0.0,0,,2,0,0,0.0,0.0,0.0,27,23,0.8,1.31,0.8
00-0034750,Rashaad Penny,RB,SEA,2021,7,0,0,0.0,0,,6,0,0,0.0,0.0,0.0,28,24,0.9,2.72,0.9
00-0034750,Rashaad Penny,RB,SEA,2021,8,0,0,0.0,0,,7,0,0,0.0,0.0,0.0,25,23,0.7,10.41,0.7
00-0034750,Rashaad Penny,RB,SEA,2021,11,0,0,0.0,0,,2,0,0,0.0,0.0,0.0,19,18,1.9,0.91,1.9
00-0034750,Rashaad Penny,RB,SEA,2021,13,0,0,0.0,0,,10,1,1,-2,0.027,-0.0078,27,29,7.2,6.8,7.2
00-0034750,Rashaad Penny,RB,SEA,2021,14,0,0,0.0,0,,16,1,1,-1,0.0357,-0.0028,29,27,26.8,10.58,26.8
00-0034750,Rashaad Penny,RB,SEA,2021,15,0,0,0.0,0,,11,2,2,-7,0.0714,-0.0171,19,24,6.4,7.97,6.4
00-0034750,Rashaad Penny,RB,SEA,2021,16,0,0,0.0,0,,17,1,0,0.0,0.037,0.0,24,25,19.5,11.35,19.5
00-0034750,Rashaad Penny,RB,SEA,2021,17,0,0,0.0,0,,25,3,2,-6,0.1071,-0.0276,41,34,32.5,18.75,32.5
00-0034750,Rashaad Penny,RB,SEA,2021,18,0,0,0.0,0,,23,0,0,0.0,0.0,0.0,30,26,25.0,11.8,25.0
00-0034753,Mark Andrews,TE,BAL,2021,1,0,0,0.0,0,,0,5,3,38,0.1724,0.1603,34,26,5.0,7.71,5.0
00-0034753,Mark Andrews,TE,BAL,2021,2,0,0,0.0,0,,0,5,5,30,0.2,0.1215,41,27,10.7,8.87,10.7
00-0034753,Mark Andrews,TE,BAL,2021,3,0,0,0.0,0,,0,7,5,122,0.2593,0.2306,22,15,15.9,14.86,15.9
00-0034753,Mark Andrews,TE,BAL,2021,4,0,0,0.0,0,,0,8,5,69,0.2286,0.1643,30,24,11.7,12.92,11.7
00-0034753,Mark Andrews,TE,BAL,2021,5,0,0,0.0,0,,0,13,11,108,0.3023,0.3506,25,18,41.7,27.03,41.7
00-0034753,Mark Andrews,TE,BAL,2021,6,0,0,0.0,0,,0,6,5,73,0.2222,0.4078,38,28,17.8,13.41,17.8
00-0034753,Mark Andrews,TE,BAL,2021,7,0,0,0.0,0,,0,7,3,82,0.1707,0.1404,24,17,7.8,11.68,7.8
00-0034753,Mark Andrews,TE,BAL,2021,9,0,0,0.0,0,,0,10,5,110,0.2439,0.3406,45,29,9.4,18.75,9.4
00-0034753,Mark Andrews,TE,BAL,2021,10,0,0,0.0,0,,0,8,6,60,0.1951,0.1935,23,16,18.3,15.86,18.3
00-0034753,Mark Andrews,TE,BAL,2021,11,0,0,0.0,0,,0,10,8,61,0.2778,0.3333,34,35,15.3,15.25,15.3
00-0034753,Mark Andrews,TE,BAL,2021,12,0,0,0.0,0,,0,10,4,161,0.3125,0.5791,43,27,16.5,19.97,16.5
00-0034753,Mark Andrews,TE,BAL,2021,13,0,0,0.0,0,,0,9,4,112,0.2432,0.4571,25,25,9.0,17.5,9.0
00-0034753,Mark Andrews,TE,BAL,2021,14,0,0,0.0,0,,0,11,11,66,0.275,0.215,23,19,28.5,17.5,28.5
00-0034753,Mark Andrews,TE,BAL,2021,15,0,0,0.0,0,,0,13,10,129,0.3333,0.5309,26,15,35.6,25.68,35.6
00-0034753,Mark Andrews,TE,BAL,2021,16,0,0,0.0,0,,0,10,8,108,0.2703,0.3843,16,14,26.5,15.02,26.5
00-0034753,Mark Andrews,TE,BAL,2021,17,0,0,0.0,0,,0,6,6,59,0.2069,0.2107,32,26,14.9,10.31,14.9
00-0034753,Mark Andrews,TE,BAL,2021,18,0,0,0.0,0,,1,15,8,186,0.4688,0.6691,36,24,16.5,26.4,16.5
00-0034764,Michael Gallup,WR,DAL,2021,1,0,0,0.0,0,,0,7,4,42,0.1228,0.1099,18,20,7.6,11.98,7.6
00-0034764,Michael Gallup,WR,DAL,2021,10,0,0,0.0,0,,0,5,3,57,0.1515,0.3098,37,41,7.2,10.73,7.2
00-0034764,Michael Gallup,WR,DAL,2021,11,0,0,0.0,0,,0,10,5,104,0.2381,0.32,16,24,9.4,19.04,9.4
00-0034764,Michael Gallup,WR,DAL,2021,12,0,0,0.0,0,,0,8,5,120,0.1702,0.3419,20,29,15.6,15.36,15.6
00-0034764,Michael Gallup,WR,DAL,2021,13,0,0,0.0,0,,0,9,5,119,0.225,0.3531,24,24,14.6,18.44,14.6
00-0034764,Michael Gallup,WR,DAL,2021,14,0,0,0.0,0,,0,9,5,83,0.2308,0.3416,35,28,11.0,16.54,11.0
00-0034764,Michael Gallup,WR,DAL,2021,15,0,0,0.0,0,,0,5,3,86,0.1351,0.3789,30,34,6.2,9.6,6.2
00-0034764,Michael Gallup,WR,DAL,2021,16,0,0,0.0,0,,0,5,2,90,0.122,0.2055,28,24,7.3,12.55,7.3
00-0034764,Michael Gallup,WR,DAL,2021,17,0,0,0.0,0,,0,4,3,21,0.1053,0.1045,17,16,12.6,6.84,12.6
00-0034765,Tre'Quan Smith,WR,NO,2021,7,0,0,0.0,0,,0,3,1,43,0.0938,0.1448,31,33,2.1,5.03,2.1
00-0034765,Tre'Quan Smith,WR,NO,2021,8,0,0,0.0,0,,0,3,3,21,0.0857,0.1111,32,31,12.3,8.51,12.3
00-0034765,Tre'Quan Smith,WR,NO,2021,9,0,0,0.0,0,,0,4,3,53,0.0952,0.1601,25,33,8.3,7.11,8.3
00-0034765,Tre'Quan Smith,WR,NO,2021,10,0,0,0.0,0,,0,7,4,43,0.2,0.1311,21,20,14.4,15.09,14.4
00-0034765,Tre'Quan Smith,WR,NO,2021,11,0,0,0.0,0,,0,8,5,92,0.2222,0.337,22,27,11.4,12.82,11.4
00-0034765,Tre'Quan Smith,WR,NO,2021,12,0,0,0.0,0,,0,5,4,47,0.1786,0.264,25,16,7.1,7.73,7.1
00-0034765,Tre'Quan Smith,WR,NO,2021,13,0,0,0.0,0,,0,7,2,84,0.1707,0.2877,26,11,3.5,11.98,3.5
00-0034765,Tre'Quan Smith,WR,NO,2021,14,0,0,0.0,0,,0,3,3,19,0.1429,0.2065,44,38,6.3,4.28,6.3
00-0034765,Tre'Quan Smith,WR,NO,2021,15,0,0,0.0,0,,0,3,2,22,0.12,0.0909,31,24,3.7,4.44,3.7
00-0034765,Tre'Quan Smith,WR,NO,2021,18,0,0,0.0,0,,0,7,5,56,0.3043,0.2902,46,39,18.6,15.91,18.6
00-0034766,Chris Herndon,TE,MIN,2021,1,0,0,0.0,0,,0,2,0,13,0.0426,0.0414,22,31,0.0,3.36,0.0
00-0034766,Chris Herndon,TE,MIN,2021,6,0,0,0.0,0,,0,1,1,-1,0.0222,-0.0027,36,34,7.2,4.86,7.2
00-0034766,Chris Herndon,TE,MIN,2021,8,0,0,0.0,0,,0,1,1,-2,0.0303,-0.0091,24,22,1.7,1.5,1.7
00-0034766,Chris Herndon,TE,MIN,2021,10,0,0,0.0,0,,0,2,1,9,0.0571,0.0341,33,32,2.4,3.23,2.4
00-0034766,Chris Herndon,TE,MIN,2021,14,0,0,0.0,0,,0,1,1,10,0.0323,0.0288,36,34,2.7,1.64,2.7
00-0034771,Mason Rudolph,QB,PIT,2021,10,50,30,-6.439,0,-6.982,4,0,0,0.0,0.0,0.0,31,31,15.3,24.1,15.28
00-0034771,Mason Rudolph,QB,PIT,2021,16,8,5,-2.314,0,-0.214,1,0,0,0.0,0.0,0.0,25,30,3.1,2.35,3.1
00-0034775,Christian Kirk,WR,ARI,2021,1,0,0,0.0,0,,0,5,5,60,0.1562,0.229,33,32,24.0,11.19,24.0
00-0034775,Christian Kirk,WR,ARI,2021,2,0,0,0.0,0,,0,4,3,95,0.1176,0.3209,21,21,9.5,9.85,9.5
00-0034775,Christian Kirk,WR,ARI,2021,3,0,0,0.0,0,,0,8,7,110,0.2353,0.4198,30,30,17.4,15.9,17.4
00-0034775,Christian Kirk,WR,ARI,2021,4,0,0,0.0,0,,0,1,1,4,0.0345,0.0174,40,36,1.5,1.46,1.5
00-0034775,Christian Kirk,WR,ARI,2021,5,0,0,0.0,0,,1,5,5,27,0.1786,0.1174,27,20,10.0,9.32,10.0
00-0034775,Christian Kirk,WR,ARI,2021,6,0,0,0.0,0,,0,8,5,113,0.2857,0.428,37,28,18.5,14.78,18.5
00-0034775,Christian Kirk,WR,ARI,2021,7,0,0,0.0,0,,0,5,4,65,0.1786,0.2569,37,29,15.0,11.71,15.0
00-0034775,Christian Kirk,WR,ARI,2021,8,0,0,0.0,0,,0,6,4,81,0.1935,0.2664,20,15,8.6,10.74,8.6
00-0034775,Christian Kirk,WR,ARI,2021,9,1,1,3.031,0,70.779,0,6,6,56,0.2308,0.4667,39,36,16.4,11.3,16.42
00-0034775,Christian Kirk,WR,ARI,2021,10,0,0,0.0,0,,0,8,7,52,0.2759,0.2332,20,19,12.8,10.57,12.8
00-0034775,Christian Kirk,WR,ARI,2021,11,0,0,0.0,0,,0,5,2,27,0.1136,0.1343,33,33,4.5,9.45,4.5
00-0034775,Christian Kirk,WR,ARI,2021,13,0,0,0.0,0,,0,3,1,17,0.2,0.2931,35,25,1.4,6.56,1.4
00-0034775,Christian Kirk,WR,ARI,2021,14,0,0,0.0,0,,0,6,3,135,0.1224,0.2673,22,22,11.6,11.48,11.6
00-0034775,Christian Kirk,WR,ARI,2021,15,0,0,0.0,0,,0,12,9,104,0.25,0.3104,21,18,24.4,21.14,24.4
00-0034775,Christian Kirk,WR,ARI,2021,16,0,0,0.0,0,,0,9,7,91,0.2308,0.3346,21,25,11.8,15.17,11.8
00-0034775,Christian Kirk,WR,ARI,2021,17,0,0,0.0,0,,0,9,6,112,0.2432,0.3128,32,28,13.9,15.98,13.9
00-0034775,Christian Kirk,WR,ARI,2021,18,0,0,0.0,0,,0,3,2,52,0.0769,0.2063,28,33,6.3,6.13,6.3
00-0034777,DJ Chark,WR,JAX,2021,1,0,0,0.0,0,,0,12,3,199,0.24,0.4784,16,19,17.6,20.82,17.6
00-0034777,DJ Chark,WR,JAX,2021,2,0,0,0.0,0,,0,4,1,62,0.1212,0.1531,16,16,2.9,7.04,2.9
00-0034777,DJ Chark,WR,JAX,2021,3,0,0,0.0,0,,0,6,3,98,0.1875,0.3603,29,29,13.9,10.68,13.9
00-0034791,Nick Chubb,RB,CLE,2021,1,0,0,0.0,0,,15,2,2,-4,0.0741,-0.0141,26,26,22.1,14.65,22.1
00-0034791,Nick Chubb,RB,CLE,2021,2,0,0,0.0,0,,11,1,1,-5,0.0476,-0.0382,34,28,16.8,10.0,16.8
00-0034791,Nick Chubb,RB,CLE,2021,3,0,0,0.0,0,,22,0,0,0.0,0.0,0.0,42,42,8.4,11.02,8.4
00-0034791,Nick Chubb,RB,CLE,2021,4,0,0,0.0,0,,21,1,1,4,0.0323,0.0116,38,40,11.5,15.31,11.5
00-0034791,Nick Chubb,RB,CLE,2021,5,0,0,0.0,0,,21,1,1,-2,0.0345,-0.0061,35,39,24.0,14.81,24.0
00-0034791,Nick Chubb,RB,CLE,2021,8,0,0,0.0,0,,16,1,1,-7,0.0323,-0.0307,23,24,7.9,10.17,7.9
00-0034791,Nick Chubb,RB,CLE,2021,9,0,0,0.0,0,,14,2,2,20,0.1053,0.093,23,25,30.3,14.6,30.3
00-0034791,Nick Chubb,RB,CLE,2021,11,0,0,0.0,0,,22,2,2,-3,0.0714,-0.0108,36,32,22.4,16.61,22.4
00-0034791,Nick Chubb,RB,CLE,2021,12,0,0,0.0,0,,8,4,2,15,0.1176,0.0425,17,17,5.9,9.53,5.9
00-0034791,Nick Chubb,RB,CLE,2021,14,0,0,0.0,0,,17,4,3,-3,0.129,-0.0148,29,29,9.5,16.32,9.5
00-0034791,Nick Chubb,RB,CLE,2021,15,0,0,0.0,0,,23,1,1,0.0,0.0345,0.0,24,32,16.3,14.43,16.3
00-0034791,Nick Chubb,RB,CLE,2021,16,0,0,0.0,0,,17,4,3,0.0,0.1111,0.0,25,25,27.4,17.44,27.4
00-0034791,Nick Chubb,RB,CLE,2021,17,0,0,0.0,0,,12,1,0,4,0.0278,0.0152,20,18,5.8,8.93,5.8
00-0034791,Nick Chubb,RB,CLE,2021,18,0,0,0.0,0,,9,1,1,-5,0.0417,-0.0472,41,39,7.0,7.06,7.0
00-0034796,Lamar Jackson,QB,BAL,2021,1,30,19,2.355,3,-4.228,12,0,0,0.0,0.0,0.0,34,26,18.0,19.93,20.0
00-0034796,Lamar Jackson,QB,BAL,2021,2,26,18,-1.219,1,4.489,16,0,0,0.0,0.0,0.0,41,27,32.3,33.9,32.26
00-0034796,Lamar Jackson,QB,BAL,2021,3,31,16,7.337,4,5.487,7,0,0,0.0,0.0,0.0,22,15,19.3,26.95,19.28
00-0034796,Lamar Jackson,QB,BAL,2021,4,37,22,10.419,3,0.788,7,0,0,0.0,0.0,0.0,30,24,19.4,22.5,19.44
00-0034796,Lamar Jackson,QB,BAL,2021,5,43,37,32.474,2,17.772,14,0,0,0.0,0.0,0.0,25,18,41.9,42.4,41.88
00-0034796,Lamar Jackson,QB,BAL,2021,6,27,19,-3.386,3,5.375,8,0,0,0.0,0.0,0.0,38,28,11.8,17.45,11.78
00-0034796,Lamar Jackson,QB,BAL,2021,7,31,15,-9.332,5,-13.065,12,0,0,0.0,0.0,0.0,24,17,23.1,23.9,23.08
00-0034796,Lamar Jackson,QB,BAL,2021,9,41,27,-1.769,3,-0.2,21,0,0,0.0,0.0,0.0,45,29,30.6,37.82,30.64
00-0034796,Lamar Jackson,QB,BAL,2021,10,43,26,-8.59,4,-3.918,9,0,0,0.0,0.0,0.0,23,16,15.4,23.22,15.42
00-0034796,Lamar Jackson,QB,BAL,2021,12,32,20,-10.955,2,-5.182,17,0,0,0.0,0.0,0.0,43,27,9.4,24.49,9.4
00-0034796,Lamar Jackson,QB,BAL,2021,13,37,23,2.605,7,-5.913,8,0,0,0.0,0.0,0.0,25,25,17.6,24.05,17.62
00-0034796,Lamar Jackson,QB,BAL,2021,14,4,4,-1.501,1,30.712,2,0,0,0.0,0.0,0.0,23,19,1.2,2.58,1.18
00-0034798,Durham Smythe,TE,MIA,2021,1,0,0,0.0,0,,0,2,1,7,0.0741,0.0279,23,24,1.9,2.38,1.9
00-0034798,Durham Smythe,TE,MIA,2021,3,0,0,0.0,0,,0,1,0,-3,0.0213,-0.0077,27,23,0.0,1.13,0.0
00-0034798,Durham Smythe,TE,MIA,2021,4,0,0,0.0,0,,0,2,2,-1,0.0667,-0.0043,16,16,2.6,2.87,2.6
00-0034798,Durham Smythe,TE,MIA,2021,5,0,0,0.0,0,,0,3,2,20,0.0769,0.08,9,19,4.3,6.34,4.3
00-0034798,Durham Smythe,TE,MIA,2021,6,0,0,0.0,0,,0,6,5,74,0.1277,0.1893,20,21,10.9,12.13,10.9
00-0034798,Durham Smythe,TE,MIA,2021,7,0,0,0.0,0,,0,4,3,48,0.1,0.1983,29,32,6.7,8.11,6.7
00-0034798,Durham Smythe,TE,MIA,2021,9,0,0,0.0,0,,0,2,2,18,0.05,0.0455,25,30,4.7,3.07,4.7
00-0034798,Durham Smythe,TE,MIA,2021,10,0,0,0.0,0,,0,1,1,2,0.0294,0.0065,22,19,3.3,1.5,3.3
00-0034798,Durham Smythe,TE,MIA,2021,11,0,0,0.0,0,,0,5,4,30,0.1471,0.1667,33,32,7.7,8.31,7.7
00-0034798,Durham Smythe,TE,MIA,2021,12,0,0,0.0,0,,2,5,5,7,0.1613,0.0603,39,36,8.5,9.44,8.5
00-0034798,Durham Smythe,TE,MIA,2021,13,0,0,0.0,0,,0,1,0,11,0.0244,0.0393,25,25,0.0,1.6,0.0
00-0034798,Durham Smythe,TE,MIA,2021,15,0,0,0.0,0,,0,1,1,4,0.0385,0.0158,42,33,1.4,2.12,1.4
00-0034798,Durham Smythe,TE,MIA,2021,16,0,0,0.0,0,,0,3,3,17,0.1154,0.0863,30,30,6.1,4.53,6.1
00-0034798,Durham Smythe,TE,MIA,2021,17,0,0,0.0,0,,0,3,3,14,0.0789,0.0369,16,17,6.7,4.39,6.7
00-0034798,Durham Smythe,TE,MIA,2021,18,0,0,0.0,0,,0,2,2,12,0.0952,0.0968,43,41,5.2,3.17,5.2
00-0034799,Kalen Ballage,RB,PIT,2021,5,0,0,0.0,0,,4,1,0,-1,0.04,-0.0052,35,34,0.0,3.68,0.0
00-0034799,Kalen Ballage,RB,PIT,2021,6,0,0,0.0,0,,2,0,0,0.0,0.0,0.0,30,32,1.5,1.03,1.5
00-0034799,Kalen Ballage,RB,PIT,2021,8,0,0,0.0,0,,1,0,0,0.0,0.0,0.0,32,32,-0.3,0.48,-0.3
00-0034799,Kalen Ballage,RB,PIT,2021,9,0,0,0.0,0,,0,1,1,-4,0.037,-0.0265,32,28,1.2,1.54,1.2
00-0034799,Kalen Ballage,RB,PIT,2021,10,0,0,0.0,0,,0,2,0,4,0.0408,0.0121,31,31,0.0,3.01,0.0
00-0034799,Kalen Ballage,RB,PIT,2021,11,0,0,0.0,0,,1,1,0,3,0.0227,0.0092,18,20,0.3,4.49,0.3
00-0034799,Kalen Ballage,RB,PIT,2021,12,0,0,0.0,0,,3,2,1,0.0,0.0513,0.0,15,20,3.7,4.34,3.7
00-0034799,Kalen Ballage,RB,PIT,2021,18,0,0,0.0,0,,1,0,0,0.0,0.0,0.0,30,28,0.0,0.44,0.0
00-0034808,John Kelly,RB,CLE,2021,7,0,0,0.0,0,,2,0,0,0.0,0.0,0.0,33,34,1.3,1.02,1.3
00-0034816,Ronald Jones,RB,TB,2021,1,0,0,0.0,0,,4,0,0,0.0,0.0,0.0,14,20,-0.6,2.05,-0.6
00-0034816,Ronald Jones,RB,TB,2021,2,0,0,0.0,0,,6,3,1,1,0.0857,0.0029,21,24,4.6,7.96,4.6
00-0034816,Ronald Jones,RB,TB,2021,3,0,0,0.0,0,,5,0,0,0.0,0.0,0.0,13,21,1.1,2.8,1.1
00-0034816,Ronald Jones,RB,TB,2021,4,0,0,0.0,0,,6,0,0,0.0,0.0,0.0,30,29,8.5,3.97,8.5
00-0034816,Ronald Jones,RB,TB,2021,5,0,0,0.0,0,,5,1,1,-1,0.0238,-0.0022,25,28,4.6,4.85,4.6
00-0034816,Ronald Jones,RB,TB,2021,6,0,0,0.0,0,,5,1,1,-4,0.0238,-0.0141,31,36,3.9,4.07,3.9
00-0034816,Ronald Jones,RB,TB,2021,7,0,0,0.0,0,,10,0,0,0.0,0.0,0.0,31,34,4.3,11.34,4.3
00-0034816,Ronald Jones,RB,TB,2021,8,0,0,0.0,0,,3,1,1,-2,0.0244,-0.0059,14,18,2.9,2.98,2.9
00-0034816,Ronald Jones,RB,TB,2021,11,0,0,0.0,0,,8,0,0,0.0,0.0,0.0,27,28,9.3,5.18,9.3
00-0034816,Ronald Jones,RB,TB,2021,12,0,0,0.0,0,,7,0,0,0.0,0.0,0.0,27,31,9.7,6.85,9.7
00-0034816,Ronald Jones,RB,TB,2021,13,0,0,0.0,0,,1,1,1,-6,0.0196,-0.0185,17,24,1.2,2.06,1.2
00-0034816,Ronald Jones,RB,TB,2021,14,0,0,0.0,0,,3,0,0,0.0,0.0,0.0,29,26,0.8,1.51,0.8
00-0034816,Ronald Jones,RB,TB,2021,15,0,0,0.0,0,,8,2,2,-4,0.0417,-0.01,21,29,9.1,7.27,9.1
00-0034816,Ronald Jones,RB,TB,2021,16,0,0,0.0,0,,20,3,2,0.0,0.1034,0.0,31,31,16.1,20.56,16.1
00-0034816,Ronald Jones,RB,TB,2021,17,0,0,0.0,0,,10,1,1,1,0.0204,0.002,21,27,3.7,6.71,3.7
00-0034827,DJ Moore,WR,CAR,2021,1,0,0,0.0,0,,1,8,6,94,0.2424,0.3443,27,32,15.4,13.85,15.4
00-0034827,DJ Moore,WR,CAR,2021,2,0,0,0.0,0,,0,11,8,85,0.3056,0.3172,33,37,21.9,21.05,21.9
00-0034827,DJ Moore,WR,CAR,2021,3,0,0,0.0,0,,1,12,8,151,0.3636,0.5613,33,29,20.5,20.82,20.5
00-0034827,DJ Moore,WR,CAR,2021,4,0,0,0.0,0,,1,12,8,107,0.3077,0.3166,24,23,31.9,23.57,31.9
00-0034827,DJ Moore,WR,CAR,2021,5,0,0,0.0,0,,1,7,5,66,0.2059,0.2276,30,33,8.8,11.57,8.8
00-0034827,DJ Moore,WR,CAR,2021,6,0,0,0.0,0,,1,13,5,222,0.3333,0.5248,23,18,10.9,22.66,10.9
00-0034827,DJ Moore,WR,CAR,2021,7,0,0,0.0,0,,0,10,6,104,0.2632,0.3586,17,20,13.3,15.72,13.3
00-0034827,DJ Moore,WR,CAR,2021,8,0,0,0.0,0,,0,8,4,64,0.3333,0.5246,47,42,9.9,15.98,9.9
00-0034827,DJ Moore,WR,CAR,2021,9,0,0,0.0,0,,2,7,3,95,0.2414,0.5191,23,27,7.6,13.2,7.6
00-0034827,DJ Moore,WR,CAR,2021,10,0,0,0.0,0,,0,7,4,36,0.2188,0.2903,37,45,6.4,10.39,6.4
00-0034827,DJ Moore,WR,CAR,2021,11,0,0,0.0,0,,0,7,5,53,0.2593,0.3533,21,18,16.0,12.33,16.0
00-0034827,DJ Moore,WR,CAR,2021,12,0,0,0.0,0,,0,10,4,151,0.3226,0.4748,18,16,14.3,15.13,14.3
00-0034827,DJ Moore,WR,CAR,2021,14,0,0,0.0,0,,0,10,6,97,0.2857,0.317,26,16,14.4,15.04,14.4
00-0034827,DJ Moore,WR,CAR,2021,15,0,0,0.0,0,,0,11,6,111,0.3056,0.3776,29,17,12.8,16.43,12.8
00-0034827,DJ Moore,WR,CAR,2021,16,0,0,0.0,0,,0,12,5,121,0.2791,0.3119,15,14,10.5,18.51,10.5
00-0034827,DJ Moore,WR,CAR,2021,17,0,0,0.0,0,,0,8,3,74,0.3333,0.7551,26,30,5.9,10.87,5.9
00-0034827,DJ Moore,WR,CAR,2021,18,0,0,0.0,0,,1,10,7,103,0.2381,0.364,26,27,17.0,16.65,17.0
00-0034829,Mike Gesicki,TE,MIA,2021,1,0,0,0.0,0,,0,3,0,45,0.1111,0.1793,23,24,0.0,5.43,0.0
00-0034829,Mike Gesicki,TE,MIA,2021,2,0,0,0.0,0,,0,6,3,64,0.1429,0.3019,20,20,7.1,9.79,7.1
00-0034829,Mike Gesicki,TE,MIA,2021,3,0,0,0.0,0,,0,12,10,98,0.2553,0.2506,27,23,18.6,18.56,18.6
00-0034829,Mike Gesicki,TE,MIA,2021,4,0,0,0.0,0,,0,6,5,57,0.2,0.2478,16,16,16.7,12.49,16.7
00-0034829,Mike Gesicki,TE,MIA,2021,5,0,0,0.0,0,,0,7,4,71,0.1795,0.284,9,19,8.3,10.93,8.3
00-0034829,Mike Gesicki,TE,MIA,2021,6,0,0,0.0,0,,0,9,8,88,0.1915,0.2251,20,21,19.5,14.22,19.5
00-0034829,Mike Gesicki,TE,MIA,2021,7,0,0,0.0,0,,0,8,7,82,0.2,0.3388,29,32,21.5,15.16,21.5
00-0034829,Mike Gesicki,TE,MIA,2021,8,0,0,0.0,0,,0,4,3,44,0.1111,0.1624,23,24,9.8,6.63,9.8
00-0034829,Mike Gesicki,TE,MIA,2021,9,0,0,0.0,0,,0,8,4,98,0.2,0.2475,25,30,9.4,14.48,9.4
00-0034829,Mike Gesicki,TE,MIA,2021,10,0,0,0.0,0,,0,7,0,76,0.2059,0.2468,22,19,0.0,14.3,0.0
00-0034829,Mike Gesicki,TE,MIA,2021,11,0,0,0.0,0,,0,6,5,22,0.1765,0.1222,33,32,10.0,9.23,10.0
00-0034829,Mike Gesicki,TE,MIA,2021,12,0,0,0.0,0,,0,3,3,11,0.0968,0.0948,39,36,4.7,4.23,4.7
00-0034829,Mike Gesicki,TE,MIA,2021,13,0,0,0.0,0,,0,11,7,87,0.2683,0.3107,25,25,11.6,18.19,11.6
00-0034829,Mike Gesicki,TE,MIA,2021,15,0,0,0.0,0,,0,8,5,67,0.3077,0.2648,42,33,9.3,14.29,9.3
00-0034829,Mike Gesicki,TE,MIA,2021,16,0,0,0.0,0,,0,4,3,23,0.1538,0.1168,30,30,5.2,6.68,5.2
00-0034829,Mike Gesicki,TE,MIA,2021,17,1,0,-0.586,0,-36.197,0,7,4,92,0.1842,0.2427,16,17,9.1,11.65,9.1
00-0034829,Mike Gesicki,TE,MIA,2021,18,0,0,0.0,0,,0,3,2,23,0.1429,0.1855,43,41,4.2,4.92,4.2
00-0034830,Hayden Hurst,TE,ATL,2021,1,0,0,0.0,0,,0,4,4,10,0.1212,0.0559,26,27,6.8,6.76,6.8
00-0034830,Hayden Hurst,TE,ATL,2021,2,0,0,0.0,0,,0,1,1,6,0.0208,0.0323,20,28,1.6,1.52,1.6
00-0034830,Hayden Hurst,TE,ATL,2021,3,0,0,0.0,0,,0,1,0,5,0.0278,0.0338,20,29,0.0,1.63,0.0
00-0034830,Hayden Hurst,TE,ATL,2021,4,0,0,0.0,0,,0,4,4,15,0.1,0.0341,28,32,6.9,6.08,6.9
00-0034830,Hayden Hurst,TE,ATL,2021,5,0,0,0.0,0,,0,5,4,67,0.1111,0.1893,29,37,12.0,8.92,12.0
00-0034830,Hayden Hurst,TE,ATL,2021,7,0,0,0.0,0,,0,4,3,29,0.1026,0.0788,22,21,6.5,6.63,6.5
00-0034830,Hayden Hurst,TE,ATL,2021,8,0,0,0.0,0,,0,3,2,12,0.1111,0.0619,20,28,2.4,4.26,2.4
00-0034830,Hayden Hurst,TE,ATL,2021,9,0,0,0.0,0,,0,3,2,8,0.1,0.0305,25,25,3.6,5.02,3.6
00-0034830,Hayden Hurst,TE,ATL,2021,14,0,0,0.0,0,,0,1,1,3,0.037,0.0142,36,39,7.3,3.82,7.3
00-0034830,Hayden Hurst,TE,ATL,2021,15,0,0,0.0,0,,0,2,2,0.0,0.0667,0.0,23,21,2.6,2.55,2.6
00-0034830,Hayden Hurst,TE,ATL,2021,16,0,0,0.0,0,,0,2,2,17,0.0909,0.095,18,16,10.1,4.98,10.1
00-0034830,Hayden Hurst,TE,ATL,2021,18,0,0,0.0,0,,0,1,1,33,0.0323,0.0968,12,15,4.3,1.64,4.3
00-0034837,Calvin Ridley,WR,ATL,2021,1,0,0,0.0,0,,0,8,5,92,0.2424,0.514,26,27,10.1,13.27,10.1
00-0034837,Calvin Ridley,WR,ATL,2021,2,0,0,0.0,0,,0,10,7,106,0.2083,0.5699,20,28,19.3,17.64,19.3
00-0034837,Calvin Ridley,WR,ATL,2021,3,0,0,0.0,0,,0,11,8,57,0.3056,0.3851,20,29,14.1,21.14,14.1
00-0034837,Calvin Ridley,WR,ATL,2021,4,0,0,0.0,0,,0,13,7,198,0.325,0.45,28,32,15.0,23.44,15.0
00-0034837,Calvin Ridley,WR,ATL,2021,7,0,0,0.0,0,,0,10,4,68,0.2564,0.1848,22,21,12.6,18.1,12.6
00-0034838,Royce Freeman,RB,CAR,2021,3,0,0,0.0,0,,5,1,1,5,0.0303,0.0186,33,29,3.5,7.24,3.5
00-0034838,Royce Freeman,RB,CAR,2021,4,0,0,0.0,0,,3,0,0,0.0,0.0,0.0,24,23,1.2,1.42,1.2
00-0034838,Royce Freeman,RB,CAR,2021,5,0,0,0.0,0,,3,2,1,-1,0.0588,-0.0034,30,33,1.8,3.84,1.8
00-0034838,Royce Freeman,RB,CAR,2021,6,0,0,0.0,0,,1,0,0,0.0,0.0,0.0,23,18,0.3,0.43,0.3
00-0034838,Royce Freeman,RB,CAR,2021,7,0,0,0.0,0,,3,2,1,-11,0.0526,-0.0379,17,20,2.9,4.07,2.9
00-0034838,Royce Freeman,RB,CAR,2021,8,0,0,0.0,0,,6,1,0,-1,0.0417,-0.0082,47,42,2.5,4.32,2.5
00-0034838,Royce Freeman,RB,HOU,2021,13,0,0,0.0,0,,3,1,1,0.0,0.0385,0.0,19,15,3.1,2.78,3.1
00-0034838,Royce Freeman,RB,HOU,2021,14,0,0,0.0,0,,11,8,6,2,0.1667,0.0076,25,32,12.6,15.82,12.6
00-0034838,Royce Freeman,RB,HOU,2021,15,0,0,0.0,0,,3,0,0,0.0,0.0,0.0,26,27,0.8,1.58,0.8
00-0034838,Royce Freeman,RB,HOU,2021,16,0,0,0.0,0,,12,0,0,0.0,0.0,0.0,36,36,3.4,6.02,3.4
00-0034838,Royce Freeman,RB,HOU,2021,17,0,0,0.0,0,,6,1,0,0.0,0.0333,0.0,27,34,2.5,3.91,2.5
00-0034844,Saquon Barkley,RB,NYG,2021,1,0,0,0.0,0,,10,3,1,5,0.0833,0.0163,20,17,3.7,10.99,3.7
00-0034844,Saquon Barkley,RB,NYG,2021,2,0,0,0.0,0,,13,3,2,0.0,0.0938,0.0,28,18,8.9,10.53,8.9
00-0034844,Saquon Barkley,RB,NYG,2021,3,0,0,0.0,0,,16,7,6,-17,0.2,-0.0714,27,23,21.4,20.85,21.4
00-0034844,Saquon Barkley,RB,NYG,2021,4,0,0,0.0,0,,13,6,5,21,0.1667,0.056,20,20,29.6,16.21,29.6
00-0034844,Saquon Barkley,RB,NYG,2021,5,0,0,0.0,0,,2,1,0,10,0.027,0.0254,25,21,0.9,2.51,0.9
00-0034844,Saquon Barkley,RB,NYG,2021,11,0,0,0.0,0,,6,6,6,-4,0.1622,-0.0152,13,16,11.6,11.51,11.6
00-0034844,Saquon Barkley,RB,NYG,2021,12,0,0,0.0,0,,13,5,4,-4,0.1724,-0.0255,27,21,9.3,13.83,9.3
00-0034844,Saquon Barkley,RB,NYG,2021,13,0,0,0.0,0,,11,9,6,10,0.2368,0.0306,17,27,13.4,16.61,13.4
00-0034844,Saquon Barkley,RB,NYG,2021,14,0,0,0.0,0,,16,3,3,10,0.0882,0.0325,26,31,18.5,13.76,18.5
00-0034844,Saquon Barkley,RB,NYG,2021,15,0,0,0.0,0,,15,8,4,-13,0.2222,-0.0423,24,29,9.4,17.97,9.4
00-0034844,Saquon Barkley,RB,NYG,2021,16,0,0,0.0,0,,15,1,1,-7,0.0244,-0.0293,27,26,3.8,8.02,3.8
00-0034844,Saquon Barkley,RB,NYG,2021,17,0,0,0.0,0,,21,1,0,-6,0.0909,-0.1091,40,41,10.2,10.99,10.2
00-0034844,Saquon Barkley,RB,NYG,2021,18,0,0,0.0,0,,11,4,3,25,0.1333,0.1163,25,24,7.9,9.55,7.9
00-0034845,Sony Michel,RB,LA,2021,1,0,0,0.0,0,,1,0,0,0.0,0.0,0.0,23,18,0.2,0.48,0.2
00-0034845,Sony Michel,RB,LA,2021,2,0,0,0.0,0,,10,0,0,0.0,0.0,0.0,29,26,4.6,4.39,4.6
00-0034845,Sony Michel,RB,LA,2021,3,0,0,0.0,0,,20,4,3,-4,0.1053,-0.0111,24,24,10.9,16.99,10.9
00-0034845,Sony Michel,RB,LA,2021,4,0,0,0.0,0,,3,0,0,0.0,0.0,0.0,23,22,-0.9,1.55,-0.9
00-0034845,Sony Michel,RB,LA,2021,5,0,0,0.0,0,,11,1,1,6,0.0286,0.0128,29,30,11.5,8.76,11.5
00-0034845,Sony Michel,RB,LA,2021,6,0,0,0.0,0,,9,0,0,0.0,0.0,0.0,34,32,4.2,5.54,4.2
00-0034845,Sony Michel,RB,LA,2021,7,0,0,0.0,0,,2,0,0,0.0,0.0,0.0,19,20,0.4,1.02,0.4
00-0034845,Sony Michel,RB,LA,2021,8,0,0,0.0,0,,9,2,2,-3,0.0588,-0.0138,31,31,7.6,8.9,7.6
00-0034845,Sony Michel,RB,LA,2021,9,0,0,0.0,0,,7,3,2,-3,0.0638,-0.0123,21,23,10.6,12.93,10.6
00-0034845,Sony Michel,RB,LA,2021,10,0,0,0.0,0,,4,2,2,5,0.0476,0.0149,10,15,5.1,5.08,5.1
00-0034845,Sony Michel,RB,LA,2021,12,0,0,0.0,0,,3,1,1,3,0.0256,0.0069,20,24,3.5,2.87,3.5
00-0034845,Sony Michel,RB,LA,2021,13,0,0,0.0,0,,24,4,3,-11,0.1081,-0.0312,27,29,21.9,28.8,21.9
00-0034845,Sony Michel,RB,LA,2021,14,0,0,0.0,0,,20,1,0,-3,0.0333,-0.012,21,20,7.9,12.45,7.9
00-0034845,Sony Michel,RB,LA,2021,15,0,0,0.0,0,,18,2,2,-7,0.069,-0.0304,29,28,13.5,12.9,13.5
00-0034845,Sony Michel,RB,LA,2021,16,0,0,0.0,0,,27,4,1,2,0.1081,0.0067,33,30,20.5,24.51,20.5
00-0034845,Sony Michel,RB,LA,2021,17,0,0,0.0,0,,19,5,3,4,0.1429,0.0161,20,22,18.9,21.21,18.9
00-0034845,Sony Michel,RB,LA,2021,18,0,0,0.0,0,,21,4,1,-3,0.125,-0.0108,27,30,5.9,16.51,5.9
00-0034854,KhaDarel Hodge,WR,DET,2021,3,0,0,0.0,0,,0,1,1,9,0.0357,0.0682,27,35,1.9,2.07,1.9
00-0034854,KhaDarel Hodge,WR,DET,2021,4,0,0,0.0,0,,0,1,1,13,0.027,0.0399,25,26,2.3,1.82,2.3
00-0034854,KhaDarel Hodge,WR,DET,2021,5,0,0,0.0,0,,0,5,1,77,0.1613,0.3392,24,32,4.7,9.67,4.7
00-0034854,KhaDarel Hodge,WR,DET,2021,6,0,0,0.0,0,,0,4,2,33,0.1026,0.1231,18,23,2.9,6.66,2.9
00-0034854,KhaDarel Hodge,WR,DET,2021,7,0,0,0.0,0,,0,1,1,-1,0.0312,-0.0071,28,33,1.3,1.54,1.3
00-0034854,KhaDarel Hodge,WR,DET,2021,8,0,0,0.0,0,,0,2,0,33,0.0625,0.1658,18,29,0.0,4.65,0.0
00-0034854,KhaDarel Hodge,WR,DET,2021,13,0,0,0.0,0,,0,1,1,9,0.0263,0.0273,27,26,1.9,1.47,1.9
00-0034854,KhaDarel Hodge,WR,DET,2021,14,0,0,0.0,0,,0,1,0,33,0.0263,0.1187,21,21,0.0,0.97,0.0
00-0034854,KhaDarel Hodge,WR,DET,2021,16,0,0,0.0,0,,0,1,1,8,0.0286,0.0331,33,33,3.1,1.42,3.1
00-0034854,KhaDarel Hodge,WR,DET,2021,17,0,0,0.0,0,,0,10,5,90,0.2703,0.3557,22,25,12.6,15.34,12.6
00-0034855,Baker Mayfield,QB,CLE,2021,1,28,21,10.77,2,14.247,1,0,0,0.0,0.0,0.0,26,26,12.6,11.99,11.02
00-0034855,Baker Mayfield,QB,CLE,2021,2,21,19,7.975,2,19.582,8,0,0,0.0,0.0,0.0,34,28,17.5,18.11,17.52
00-0034855,Baker Mayfield,QB,CLE,2021,3,31,19,-2.287,5,0.553,4,0,0,0.0,0.0,0.0,42,42,16.9,17.29,16.94
00-0034855,Baker Mayfield,QB,CLE,2021,4,33,15,-6.063,3,-18.151,2,0,0,0.0,0.0,0.0,38,40,9.3,24.51,9.3
00-0034855,Baker Mayfield,QB,CLE,2021,5,32,23,10.915,1,9.51,2,0,0,0.0,0.0,0.0,35,39,23.0,16.56,23.0
00-0034855,Baker Mayfield,QB,CLE,2021,6,28,19,-6.054,5,0.708,3,0,0,0.0,0.0,0.0,19,22,12.2,12.48,16.16
00-0034855,Baker Mayfield,QB,CLE,2021,8,31,20,2.916,4,-3.046,1,0,0,0.0,0.0,0.0,23,24,9.5,11.49,9.5
00-0034855,Baker Mayfield,QB,CLE,2021,9,21,14,10.441,2,14.439,0,0,0,0.0,0.0,0.0,23,25,16.7,15.3,16.72
00-0034855,Baker Mayfield,QB,CLE,2021,10,21,11,-5.178,2,-10.989,0,0,0,0.0,0.0,0.0,20,27,4.9,12.14,4.92
00-0034855,Baker Mayfield,QB,CLE,2021,11,29,15,-7.142,1,-11.798,4,0,0,0.0,0.0,0.0,36,32,7.9,13.38,7.94
00-0034855,Baker Mayfield,QB,CLE,2021,12,37,18,-2.224,2,-11.145,2,0,0,0.0,0.0,0.0,17,17,12.3,14.59,14.28
00-0034855,Baker Mayfield,QB,CLE,2021,14,32,22,-1.869,0,2.967,6,0,0,0.0,0.0,0.0,29,29,15.0,16.22,15.0
00-0034855,Baker Mayfield,QB,CLE,2021,16,36,21,-1.851,5,-6.901,2,0,0,0.0,0.0,0.0,25,25,10.0,17.71,9.98
00-0034855,Baker Mayfield,QB,CLE,2021,17,38,16,-15.746,9,-20.187,2,0,0,0.0,0.0,0.0,20,18,13.0,16.65,13.0
00-0034857,Josh Allen,QB,BUF,2021,1,51,30,-6.092,3,-3.39,9,0,0,0.0,0.0,0.0,25,18,17.2,30.8,19.2
00-0034857,Josh Allen,QB,BUF,2021,2,33,17,3.83,1,-2.485,5,0,0,0.0,0.0,0.0,30,27,16.7,26.16,16.66
00-0034857,Josh Allen,QB,BUF,2021,3,43,32,17.332,0,13.867,4,0,0,0.0,0.0,0.0,33,28,37.2,33.88,37.22
00-0034857,Josh Allen,QB,BUF,2021,4,30,20,1.956,1,4.981,6,0,0,0.0,0.0,0.0,40,31,20.0,28.35,20.02
00-0034857,Josh Allen,QB,BUF,2021,5,26,15,14.435,0,3.477,11,0,0,0.0,0.0,0.0,28,21,36.5,25.84,36.5
00-0034857,Josh Allen,QB,BUF,2021,6,47,35,13.957,3,13.915,9,0,0,0.0,0.0,0.0,23,20,28.7,40.96,28.72
00-0034857,Josh Allen,QB,BUF,2021,8,42,29,5.605,0,1.805,8,0,0,0.0,0.0,0.0,23,22,29.5,22.68,29.46
00-0034857,Josh Allen,QB,BUF,2021,9,47,31,-8.697,4,-0.37,5,0,0,0.0,0.0,0.0,14,18,9.6,22.24,9.56
00-0034857,Josh Allen,QB,BUF,2021,10,28,21,18.956,2,16.768,2,0,0,0.0,0.0,0.0,24,21,20.9,19.83,20.94
00-0034857,Josh Allen,QB,BUF,2021,11,35,21,-1.273,1,-3.373,2,0,0,0.0,0.0,0.0,13,16,16.2,18.48,16.16
00-0034857,Josh Allen,QB,BUF,2021,12,28,23,11.416,2,15.622,8,0,0,0.0,0.0,0.0,32,27,26.7,20.63,26.7
00-0034857,Josh Allen,QB,BUF,2021,13,30,15,-7.057,2,-8.72,6,0,0,0.0,0.0,0.0,25,22,11.7,19.02,11.7
00-0034857,Josh Allen,QB,BUF,2021,14,54,36,-3.402,3,3.282,12,0,0,0.0,0.0,0.0,19,13,35.2,32.37,35.22
00-0034857,Josh Allen,QB,BUF,2021,15,34,19,6.891,4,-3.63,3,0,0,0.0,0.0,0.0,27,24,20.8,17.51,20.8
00-0034857,Josh Allen,QB,BUF,2021,16,47,30,20.626,0,4.664,12,0,0,0.0,0.0,0.0,28,22,31.0,40.53,30.96
00-0034857,Josh Allen,QB,BUF,2021,17,26,11,-6.797,0,-14.019,15,0,0,0.0,0.0,0.0,44,28,20.9,32.72,20.9
00-0034857,Josh Allen,QB,BUF,2021,18,45,24,-1.693,0,-8.923,5,0,0,0.0,0.0,0.0,33,28,23.9,30.74,23.86
00-0034860,Dante Pettis,WR,NYG,2021,6,0,0,0.0,0,,0,11,5,90,0.2292,0.2571,18,16,9.8,17.36,9.8
00-0034860,Dante Pettis,WR,NYG,2021,7,1,1,0.981,0,36.363,0,5,5,13,0.1515,0.0575,31,16,15.5,8.85,15.54
00-0034867,Malik Turner,WR,DAL,2021,6,0,0,0.0,0,,0,1,0,35,0.0204,0.0764,31,37,0.0,1.78,0.0
00-0034867,Malik Turner,WR,DAL,2021,9,0,0,0.0,0,,0,7,5,57,0.1795,0.1215,16,18,20.3,15.43,20.3
00-0034867,Malik Turner,WR,DAL,2021,10,0,0,0.0,0,,0,1,1,7,0.0303,0.038,37,41,1.7,1.93,1.7
00-0034867,Malik Turner,WR,DAL,2021,11,0,0,0.0,0,,0,2,1,22,0.0476,0.0677,16,24,2.1,3.45,2.1
00-0034867,Malik Turner,WR,DAL,2021,13,0,0,0.0,0,,0,1,1,9,0.025,0.0267,24,24,2.0,1.65,2.0
00-0034867,Malik Turner,WR,DAL,2021,15,0,0,0.0,0,,0,1,1,5,0.027,0.022,30,34,1.6,1.56,1.6
00-0034867,Malik Turner,WR,DAL,2021,16,0,0,0.0,0,,0,3,3,14,0.0732,0.032,28,24,17.2,6.05,17.2
00-0034869,Sam Darnold,QB,CAR,2021,1,35,24,2.872,1,10.442,5,0,0,0.0,0.0,0.0,27,32,19.1,19.06,19.06
00-0034869,Sam Darnold,QB,CAR,2021,2,38,26,10.916,2,2.834,1,0,0,0.0,0.0,0.0,33,37,18.9,20.57,18.9
00-0034869,Sam Darnold,QB,CAR,2021,3,34,23,11.996,3,-0.281,8,0,0,0.0,0.0,0.0,33,29,25.3,22.87,25.26
00-0034869,Sam Darnold,QB,CAR,2021,4,39,26,-1.577,5,-0.254,6,0,0,0.0,0.0,0.0,24,23,31.5,24.1,31.54
00-0034869,Sam Darnold,QB,CAR,2021,5,37,21,-17.95,3,-4.7,2,0,0,0.0,0.0,0.0,30,33,6.1,17.08,6.08
00-0034869,Sam Darnold,QB,CAR,2021,6,41,17,-16.064,4,-20.31,4,0,0,0.0,0.0,0.0,23,18,15.1,20.0,17.08
00-0034869,Sam Darnold,QB,CAR,2021,7,25,16,-10.541,3,-5.8,0,0,0,0.0,0.0,0.0,17,20,2.5,7.31,2.48
00-0034869,Sam Darnold,QB,CAR,2021,8,24,13,1.323,0,-13.859,8,0,0,0.0,0.0,0.0,47,42,11.8,17.84,11.76
00-0034869,Sam Darnold,QB,CAR,2021,9,33,16,-24.503,1,-14.503,3,0,0,0.0,0.0,0.0,23,27,1.8,12.52,1.78
00-0034869,Sam Darnold,QB,CAR,2021,16,32,15,-11.507,4,-14.364,1,0,0,0.0,0.0,0.0,15,14,8.7,13.3,8.7
00-0034869,Sam Darnold,QB,CAR,2021,17,26,17,-16.22,7,-4.742,2,0,0,0.0,0.0,0.0,26,30,2.0,6.71,3.98
00-0034869,Sam Darnold,QB,CAR,2021,18,42,29,-5.459,2,1.801,8,0,0,0.0,0.0,0.0,26,27,14.7,22.09,14.66
00-0034899,John Wolford,QB,LA,2021,6,2,0,-3.588,0,-70.161,2,0,0,0.0,0.0,0.0,34,32,-2.1,1.45,-2.1
00-0034899,John Wolford,QB,LA,2021,8,2,1,-2.772,1,-36.61,0,0,0,0.0,0.0,0.0,31,31,0.2,0.57,0.2
00-0034930,Trinity Benson,WR,DET,2021,1,0,0,0.0,0,,0,6,3,55,0.1071,0.1567,24,36,4.9,8.7,4.9
00-0034930,Trinity Benson,WR,DET,2021,2,0,0,0.0,0,,0,3,1,46,0.0857,0.1966,19,22,3.4,4.49,3.4
00-0034930,Trinity Benson,WR,DET,2021,3,0,0,0.0,0,,0,1,0,-2,0.0357,-0.0152,27,35,0.0,1.48,0.0
00-0034930,Trinity Benson,WR,DET,2021,4,0,0,0.0,0,,0,3,2,20,0.0811,0.0613,25,26,3.2,4.93,3.2
00-0034930,Trinity Benson,WR,DET,2021,5,0,0,0.0,0,,0,2,0,9,0.0645,0.0396,24,32,0.0,2.43,0.0
00-0034930,Trinity Benson,WR,DET,2021,10,0,0,0.0,0,,0,3,2,17,0.125,0.1269,39,41,3.7,4.24,2.9
00-0034930,Trinity Benson,WR,DET,2021,17,0,0,0.0,0,,0,4,2,30,0.1081,0.1186,22,25,5.1,6.01,5.1
00-0034955,Brett Rypien,QB,DEN,2021,17,2,0,-2.059,0,-54.719,0,0,0,0.0,0.0,0.0,27,28,0.0,0.5,0.0
00-0034960,Jakobi Meyers,WR,NE,2021,1,0,0,0.0,0,,0,9,6,63,0.2368,0.2636,30,38,10.4,12.07,10.4
00-0034960,Jakobi Meyers,WR,NE,2021,2,0,0,0.0,0,,0,6,4,57,0.2143,0.4071,24,30,7.8,9.13,7.8
00-0034960,Jakobi Meyers,WR,NE,2021,3,0,0,0.0,0,,0,14,9,173,0.2745,0.2733,17,18,18.4,20.67,18.4
00-0034960,Jakobi Meyers,WR,NE,2021,4,2,2,1.787,0,41.687,0,12,8,68,0.2857,0.3134,8,15,16.8,17.92,16.8
00-0034960,Jakobi Meyers,WR,NE,2021,5,0,0,0.0,0,,0,5,4,59,0.1786,0.2511,30,31,9.6,8.32,9.6
00-0034960,Jakobi Meyers,WR,NE,2021,6,0,0,0.0,0,,0,6,5,48,0.2857,0.2791,27,29,11.4,10.23,11.4
00-0034960,Jakobi Meyers,WR,NE,2021,7,0,0,0.0,0,,0,7,5,66,0.175,0.1941,32,36,9.4,11.22,9.4
00-0034960,Jakobi Meyers,WR,NE,2021,8,0,0,0.0,0,,0,9,4,85,0.2647,0.2545,39,37,9.6,17.77,9.6
00-0034960,Jakobi Meyers,WR,NE,2021,9,0,0,0.0,0,,0,4,1,33,0.2222,0.3267,39,38,1.8,7.08,1.8
00-0034960,Jakobi Meyers,WR,NE,2021,10,0,0,0.0,0,,0,4,4,34,0.16,0.1899,34,36,14.9,6.45,14.9
00-0034960,Jakobi Meyers,WR,NE,2021,11,0,0,0.0,0,,0,6,4,54,0.2308,0.3333,30,27,7.9,9.45,7.9
00-0034960,Jakobi Meyers,WR,NE,2021,12,0,0,0.0,0,,0,8,5,121,0.25,0.5084,24,25,14.8,13.63,14.8
00-0034960,Jakobi Meyers,WR,NE,2021,15,0,0,0.0,0,,1,12,6,122,0.2727,0.2552,19,18,11.3,22.46,11.3
00-0034960,Jakobi Meyers,WR,NE,2021,16,0,0,0.0,0,,0,8,6,90,0.2581,0.2866,27,23,11.9,13.51,11.9
00-0034960,Jakobi Meyers,WR,NE,2021,17,0,0,0.0,0,,0,8,8,60,0.2424,0.2419,36,32,21.3,14.59,21.3
00-0034960,Jakobi Meyers,WR,NE,2021,18,0,0,0.0,0,,0,8,4,88,0.2667,0.3621,27,29,9.0,11.35,9.0
00-0034972,Alexander Mattison,RB,MIN,2021,1,0,0,0.0,0,,1,1,1,-3,0.0213,-0.0096,22,31,1.6,2.09,1.6
00-0034972,Alexander Mattison,RB,MIN,2021,2,0,0,0.0,0,,3,1,1,-2,0.0312,-0.0099,27,28,3.8,3.07,3.8
00-0034972,Alexander Mattison,RB,MIN,2021,3,0,0,0.0,0,,26,8,6,-2,0.2105,-0.0106,34,37,23.1,27.94,23.1
00-0034972,Alexander Mattison,RB,MIN,2021,4,0,0,0.0,0,,10,0,0,0.0,0.0,0.0,23,22,2.0,5.25,2.0
00-0034972,Alexander Mattison,RB,MIN,2021,5,0,0,0.0,0,,25,7,7,14,0.2258,0.0551,28,33,26.3,24.8,26.3
00-0034972,Alexander Mattison,RB,MIN,2021,6,0,0,0.0,0,,3,0,0,0.0,0.0,0.0,36,34,1.0,1.88,1.0
00-0034972,Alexander Mattison,RB,MIN,2021,8,0,0,0.0,0,,2,2,2,-8,0.0606,-0.0365,24,22,2.0,5.94,2.0
00-0034972,Alexander Mattison,RB,MIN,2021,9,0,0,0.0,0,,4,1,1,2,0.0357,0.0088,24,26,1.3,3.39,1.3
00-0034972,Alexander Mattison,RB,MIN,2021,10,0,0,0.0,0,,4,1,1,1,0.0286,0.0038,33,32,5.0,3.44,5.0
00-0034972,Alexander Mattison,RB,MIN,2021,11,0,0,0.0,0,,3,1,0,-1,0.0294,-0.0025,29,28,0.5,3.98,0.5
00-0034972,Alexander Mattison,RB,MIN,2021,12,0,0,0.0,0,,7,3,2,-1,0.0938,-0.0045,18,26,10.8,9.92,10.8
00-0034972,Alexander Mattison,RB,MIN,2021,13,0,0,0.0,0,,22,3,3,4,0.0732,0.0119,27,29,21.4,19.88,21.4
00-0034972,Alexander Mattison,RB,MIN,2021,14,0,0,0.0,0,,6,1,0,4,0.0323,0.0115,36,34,2.7,4.5,2.7
00-0034972,Alexander Mattison,RB,MIN,2021,16,0,0,0.0,0,,13,4,3,-8,0.1143,-0.0226,22,23,16.0,15.55,16.0
00-0034972,Alexander Mattison,RB,MIN,2021,17,0,0,0.0,0,,0,5,4,0.0,0.1351,0.0,11,16,5.3,6.26,5.3
00-0034972,Alexander Mattison,RB,MIN,2021,18,0,0,0.0,0,,5,1,1,3,0.0476,0.0102,22,22,3.1,3.83,3.1
00-0034981,Foster Moreau,TE,LV,2021,2,0,0,0.0,0,,0,3,2,35,0.0811,0.1155,25,25,11.4,6.05,11.4
00-0034981,Foster Moreau,TE,LV,2021,3,0,0,0.0,0,,0,2,1,9,0.05,0.0226,35,37,1.8,2.7,1.8
00-0034981,Foster Moreau,TE,LV,2021,6,0,0,0.0,0,,0,1,1,11,0.04,0.0344,23,25,2.1,1.65,2.1
00-0034981,Foster Moreau,TE,LV,2021,7,0,0,0.0,0,,0,6,6,37,0.1765,0.1917,29,33,18.0,12.05,18.0
00-0034981,Foster Moreau,TE,LV,2021,11,0,0,0.0,0,,0,2,1,34,0.08,0.1466,18,21,8.9,5.03,8.9
00-0034981,Foster Moreau,TE,LV,2021,12,0,0,0.0,0,,0,5,1,35,0.1316,0.0931,35,33,1.3,8.64,1.3
00-0034981,Foster Moreau,TE,LV,2021,13,0,0,0.0,0,,0,3,1,60,0.0833,0.1681,16,25,4.4,7.66,4.4
00-0034981,Foster Moreau,TE,LV,2021,14,0,0,0.0,0,,0,6,3,33,0.1395,0.171,12,20,4.3,9.58,4.3
00-0034981,Foster Moreau,TE,LV,2021,15,0,0,0.0,0,,0,9,7,23,0.25,0.0695,25,24,13.5,13.26,13.5
00-0034981,Foster Moreau,TE,LV,2021,16,0,0,0.0,0,,0,4,4,36,0.16,0.2553,40,36,10.7,6.93,10.7
00-0034981,Foster Moreau,TE,LV,2021,17,0,0,0.0,0,,0,1,1,4,0.0312,0.0129,27,30,1.9,1.43,1.9
00-0034981,Foster Moreau,TE,LV,2021,18,0,0,0.0,0,,0,2,2,8,0.0606,0.029,34,32,7.0,2.99,7.0
00-0034983,Hunter Renfrow,WR,LV,2021,1,0,0,0.0,0,,0,9,6,62,0.1731,0.1127,21,22,13.0,15.52,13.0
00-0034983,Hunter Renfrow,WR,LV,2021,2,0,0,0.0,0,,0,7,5,56,0.1892,0.1848,25,25,10.7,10.49,10.7
00-0034983,Hunter Renfrow,WR,LV,2021,3,0,0,0.0,0,,0,6,5,57,0.15,0.1429,35,37,18.7,9.49,18.7
00-0034983,Hunter Renfrow,WR,LV,2021,4,0,0,0.0,0,,0,8,6,43,0.25,0.1463,18,20,16.5,13.22,16.5
00-0034983,Hunter Renfrow,WR,LV,2021,5,0,0,0.0,0,,0,8,6,49,0.2286,0.1536,22,22,11.6,12.06,11.6
00-0034983,Hunter Renfrow,WR,LV,2021,6,0,0,0.0,0,,0,5,3,37,0.2,0.1156,23,25,6.6,7.82,6.6
00-0034983,Hunter Renfrow,WR,LV,2021,7,0,0,0.0,0,,0,8,7,32,0.2353,0.1658,29,33,12.8,14.42,12.8
00-0034983,Hunter Renfrow,WR,LV,2021,9,0,0,0.0,0,,0,9,7,24,0.1957,0.0902,20,29,17.9,17.27,17.9
00-0034983,Hunter Renfrow,WR,LV,2021,10,0,0,0.0,0,,0,9,7,33,0.2647,0.1289,14,19,17.6,15.9,17.6
00-0034983,Hunter Renfrow,WR,LV,2021,11,0,0,0.0,0,,1,4,4,15,0.16,0.0647,18,21,7.5,6.55,7.5
00-0034983,Hunter Renfrow,WR,LV,2021,12,0,0,0.0,0,,1,9,8,99,0.2368,0.2633,35,33,21.6,16.92,21.6
00-0034983,Hunter Renfrow,WR,LV,2021,13,0,0,0.0,0,,0,10,9,75,0.2778,0.2101,16,25,19.2,15.98,19.2
00-0034983,Hunter Renfrow,WR,LV,2021,14,0,0,0.0,0,,0,14,13,54,0.3256,0.2798,12,20,28.7,20.86,28.7
00-0034983,Hunter Renfrow,WR,LV,2021,15,0,0,0.0,0,,0,5,3,29,0.1389,0.0876,25,24,6.2,10.62,6.2
00-0034983,Hunter Renfrow,WR,LV,2021,16,0,0,0.0,0,,0,3,3,38,0.12,0.2695,40,36,13.0,7.02,13.0
00-0034983,Hunter Renfrow,WR,LV,2021,17,0,0,0.0,0,,0,9,7,101,0.2812,0.3269,27,30,20.6,14.11,20.6
00-0034983,Hunter Renfrow,WR,LV,2021,18,0,0,0.0,0,,1,5,4,24,0.1515,0.087,34,32,16.9,14.47,16.9
00-0034988,Kaden Smith,TE,NYG,2021,2,0,0,0.0,0,,0,2,2,17,0.0625,0.0474,28,18,4.4,2.55,4.4
00-0034988,Kaden Smith,TE,NYG,2021,3,0,0,0.0,0,,0,1,1,5,0.0286,0.021,27,23,1.9,1.66,1.9
00-0035021,Ashton Dulin,WR,IND,2021,2,0,0,0.0,0,,0,2,1,24,0.0571,0.0816,26,23,2.0,3.5,2.0
00-0035021,Ashton Dulin,WR,IND,2021,3,0,0,0.0,0,,1,0,0,0.0,0.0,0.0,18,22,-0.7,0.67,-0.7
00-0035021,Ashton Dulin,WR,IND,2021,4,0,0,0.0,0,,0,1,1,16,0.0312,0.0567,33,34,2.7,2.05,2.7
00-0035021,Ashton Dulin,WR,IND,2021,5,0,0,0.0,0,,0,2,2,10,0.0588,0.049,26,28,3.3,3.17,3.3
00-0035021,Ashton Dulin,WR,IND,2021,6,0,0,0.0,0,,0,1,1,4,0.0556,0.0164,26,25,1.7,1.42,1.7
00-0035021,Ashton Dulin,WR,IND,2021,7,0,0,0.0,0,,0,4,2,45,0.1538,0.2356,33,33,2.0,6.15,2.0
00-0035021,Ashton Dulin,WR,IND,2021,8,0,0,0.0,0,,0,4,0,96,0.0833,0.1897,20,24,0.0,8.37,0.0
00-0035021,Ashton Dulin,WR,IND,2021,9,0,0,0.0,0,,0,2,2,23,0.069,0.0855,30,31,4.3,3.5,4.3
00-0035021,Ashton Dulin,WR,IND,2021,10,0,0,0.0,0,,0,1,1,3,0.0303,0.0181,27,31,2.6,1.48,2.6
00-0035021,Ashton Dulin,WR,IND,2021,12,0,0,0.0,0,,0,1,1,52,0.0233,0.1275,20,24,13.2,3.52,13.2
00-0035021,Ashton Dulin,WR,IND,2021,13,0,0,0.0,0,,0,1,1,2,0.0455,0.013,48,44,7.2,3.93,7.2
00-0035021,Ashton Dulin,WR,IND,2021,15,0,0,0.0,0,,2,0,0,0.0,0.0,0.0,39,30,3.9,1.25,3.9
00-0035021,Ashton Dulin,WR,IND,2021,16,0,0,0.0,0,,0,2,1,28,0.0714,0.1474,33,31,3.3,3.09,3.3
00-0035021,Ashton Dulin,WR,IND,2021,17,0,0,0.0,0,,0,1,0,1,0.0417,0.0063,26,28,0.0,2.42,0.0
00-0035022,Penny Hart,WR,SEA,2021,3,0,0,0.0,0,,0,2,1,39,0.0714,0.1383,18,19,1.7,3.36,1.7
00-0035022,Penny Hart,WR,SEA,2021,5,0,0,0.0,0,,0,2,2,1,0.0625,0.0029,25,25,3.9,2.94,3.9
00-0035022,Penny Hart,WR,SEA,2021,6,0,0,0.0,0,,0,1,1,12,0.0323,0.1212,27,33,2.2,1.09,2.2
00-0035022,Penny Hart,WR,SEA,2021,7,0,0,0.0,0,,0,1,0,6,0.0526,0.0274,28,24,0.0,1.54,0.0
00-0035022,Penny Hart,WR,SEA,2021,10,0,0,0.0,0,,0,2,0,32,0.0526,0.0687,16,15,0.0,4.37,0.0
00-0035022,Penny Hart,WR,SEA,2021,11,0,0,0.0,0,,0,1,0,9,0.04,0.0319,19,18,0.0,1.42,0.0
00-0035022,Penny Hart,WR,SEA,2021,13,0,0,0.0,0,,0,1,1,-1,0.027,-0.0039,27,29,0.9,1.37,0.9
00-0035022,Penny Hart,WR,SEA,2021,14,0,0,0.0,0,,0,1,1,7,0.0357,0.0195,29,27,2.6,1.61,2.6
00-0035022,Penny Hart,WR,SEA,2021,17,0,0,0.0,0,,0,1,1,3,0.0357,0.0138,41,34,1.6,1.44,1.6
00-0035040,David Blough,QB,DET,2021,8,0,0,-0.931,1,,1,0,0,0.0,0.0,0.0,18,29,0.6,0.8,0.6
00-0035045,D.J. Montgomery,WR,NYJ,2021,14,0,0,0.0,0,,0,6,3,39,0.15,0.1279,17,17,6.6,8.82,6.6
00-0035101,Davion Davis,WR,HOU,2021,13,0,0,0.0,0,,0,2,0,10,0.0769,0.0694,19,15,0.0,2.65,0.0
00-0035101,Davion Davis,WR,HOU,2021,14,0,0,0.0,0,,0,1,1,4,0.0208,0.0152,25,32,2.7,1.18,2.7
00-0035126,Antoine Wesley,WR,ARI,2021,8,0,0,0.0,0,,0,3,1,51,0.0968,0.1678,20,15,1.7,5.29,1.7
00-0035126,Antoine Wesley,WR,ARI,2021,9,0,0,0.0,0,,0,3,3,45,0.1154,0.375,39,36,9.2,7.16,9.2
00-0035126,Antoine Wesley,WR,ARI,2021,10,0,0,0.0,0,,0,1,0,18,0.0345,0.0807,20,19,0.0,2.45,0.0
00-0035126,Antoine Wesley,WR,ARI,2021,11,0,0,0.0,0,,0,4,4,27,0.0909,0.1343,33,33,8.4,6.31,8.4
00-0035126,Antoine Wesley,WR,ARI,2021,15,0,0,0.0,0,,0,8,3,46,0.1667,0.1373,21,18,4.9,15.77,4.9
00-0035126,Antoine Wesley,WR,ARI,2021,16,0,0,0.0,0,,0,4,2,47,0.1026,0.1728,21,25,10.9,8.84,10.9
00-0035126,Antoine Wesley,WR,ARI,2021,17,0,0,0.0,0,,0,5,4,51,0.1351,0.1425,32,28,19.0,12.36,19.0
00-0035126,Antoine Wesley,WR,ARI,2021,18,0,0,0.0,0,,0,4,2,32,0.1026,0.127,28,33,3.7,6.28,3.7
00-0035140,Mecole Hardman,WR,KC,2021,1,0,0,0.0,0,,0,3,3,1,0.0882,0.003,23,18,4.9,4.35,4.9
00-0035140,Mecole Hardman,WR,KC,2021,2,0,0,0.0,0,,0,8,5,132,0.2667,0.5388,18,17,10.5,16.32,10.5
00-0035140,Mecole Hardman,WR,KC,2021,3,0,0,0.0,0,,1,4,3,-3,0.1,-0.0078,30,28,12.5,7.39,12.5
00-0035140,Mecole Hardman,WR,KC,2021,4,0,0,0.0,0,,2,3,2,11,0.1,0.0502,32,28,6.1,6.84,6.1
00-0035140,Mecole Hardman,WR,KC,2021,5,0,0,0.0,0,,0,12,9,74,0.24,0.2039,23,19,16.6,19.53,16.6
00-0035140,Mecole Hardman,WR,KC,2021,6,0,0,0.0,0,,1,5,4,56,0.1087,0.16,28,28,8.8,11.36,8.8
00-0035140,Mecole Hardman,WR,KC,2021,7,0,0,0.0,0,,0,5,4,11,0.1042,0.0294,13,11,4.8,7.34,4.8
00-0035140,Mecole Hardman,WR,KC,2021,8,0,0,0.0,0,,0,7,5,41,0.1628,0.1235,27,30,11.3,11.68,11.3
00-0035140,Mecole Hardman,WR,KC,2021,9,0,0,0.0,0,,0,6,3,47,0.1667,0.142,25,29,5.0,13.83,5.0
00-0035140,Mecole Hardman,WR,KC,2021,10,0,0,0.0,0,,1,3,2,35,0.0625,0.0854,25,30,5.0,9.87,5.0
00-0035140,Mecole Hardman,WR,KC,2021,11,0,0,0.0,0,,0,3,2,5,0.0909,0.0253,26,20,4.5,5.14,4.5
00-0035140,Mecole Hardman,WR,KC,2021,13,0,0,0.0,0,,0,1,1,-4,0.037,-0.0265,24,25,2.2,1.39,2.2
00-0035140,Mecole Hardman,WR,KC,2021,14,0,0,0.0,0,,1,2,2,44,0.0909,0.3099,30,29,7.9,4.67,7.9
00-0035140,Mecole Hardman,WR,KC,2021,15,0,0,0.0,0,,1,4,2,43,0.0889,0.1438,20,16,3.1,10.12,3.1
00-0035140,Mecole Hardman,WR,KC,2021,16,0,0,0.0,0,,0,5,3,37,0.1724,0.1457,35,39,12.1,9.16,12.1
00-0035140,Mecole Hardman,WR,KC,2021,17,0,0,0.0,0,,0,1,1,35,0.0294,0.1178,23,21,6.3,1.71,6.3
00-0035140,Mecole Hardman,WR,KC,2021,18,0,0,0.0,0,,1,11,8,47,0.2619,0.1691,29,25,19.3,19.22,19.3
00-0035184,Devine Ozigbo,RB,NO,2021,7,0,0,0.0,0,,1,1,1,4,0.0312,0.0135,31,33,1.4,2.04,1.4
00-0035187,Austin Walter,RB,NYJ,2021,12,0,0,0.0,0,,9,1,0,-5,0.0435,-0.0485,34,33,9.8,8.87,9.8
00-0035187,Austin Walter,RB,NYJ,2021,13,0,0,0.0,0,,1,2,2,-4,0.0556,-0.0129,17,20,3.1,3.14,3.1
00-0035187,Austin Walter,RB,NYJ,2021,15,0,0,0.0,0,,2,0,0,0.0,0.0,0.0,24,19,1.2,1.0,1.2
00-0035187,Austin Walter,RB,NYJ,2021,17,0,0,0.0,0,,14,0,0,0.0,0.0,0.0,26,26,4.9,6.97,4.9
00-0035208,Olamide Zaccheaus,WR,ATL,2021,2,0,0,0.0,0,,0,4,2,19,0.0833,0.1022,20,28,4.2,5.82,4.2
00-0035208,Olamide Zaccheaus,WR,ATL,2021,3,0,0,0.0,0,,0,6,3,63,0.1667,0.4257,20,29,12.2,12.24,12.2
00-0035208,Olamide Zaccheaus,WR,ATL,2021,4,0,0,0.0,0,,0,3,1,40,0.075,0.0909,28,32,2.5,8.22,2.5
00-0035208,Olamide Zaccheaus,WR,ATL,2021,5,0,0,0.0,0,,0,4,2,33,0.0889,0.0932,29,37,4.0,5.63,4.0
00-0035208,Olamide Zaccheaus,WR,ATL,2021,7,0,0,0.0,0,,0,1,1,10,0.0256,0.0272,22,21,2.3,1.63,2.3
00-0035208,Olamide Zaccheaus,WR,ATL,2021,8,0,0,0.0,0,,0,1,1,12,0.037,0.0619,20,28,2.2,2.02,2.2
00-0035208,Olamide Zaccheaus,WR,ATL,2021,9,0,0,0.0,0,,0,3,3,43,0.1,0.1641,25,25,20.8,7.94,20.8
00-0035208,Olamide Zaccheaus,WR,ATL,2021,10,0,0,0.0,0,,0,7,2,49,0.2593,0.1944,24,25,4.2,10.54,4.2
00-0035208,Olamide Zaccheaus,WR,ATL,2021,11,0,0,0.0,0,,0,5,3,23,0.1613,0.1217,16,18,5.3,6.8,5.3
00-0035208,Olamide Zaccheaus,WR,ATL,2021,12,0,0,0.0,0,,0,2,1,-1,0.0714,-0.0076,29,30,1.5,2.83,1.5
00-0035208,Olamide Zaccheaus,WR,ATL,2021,13,0,0,0.0,0,,1,5,3,53,0.125,0.2095,23,27,7.6,9.44,7.6
00-0035208,Olamide Zaccheaus,WR,ATL,2021,15,0,0,0.0,0,,0,2,2,48,0.0667,0.189,23,21,7.3,3.45,7.3
00-0035208,Olamide Zaccheaus,WR,ATL,2021,16,0,0,0.0,0,,0,4,2,26,0.1818,0.1453,18,16,5.2,6.06,5.2
00-0035208,Olamide Zaccheaus,WR,ATL,2021,17,0,0,0.0,0,,0,3,2,20,0.15,0.0995,22,23,2.8,4.23,2.8
00-0035208,Olamide Zaccheaus,WR,ATL,2021,18,0,0,0.0,0,,0,3,3,39,0.0968,0.1144,12,15,7.7,3.65,7.7
00-0035215,Deonte Harty,WR,NO,2021,1,0,0,0.0,0,,0,2,2,66,0.1,0.4342,39,35,15.2,5.39,15.2
00-0035215,Deonte Harty,WR,NO,2021,2,0,0,0.0,0,,1,2,1,37,0.0952,0.2327,17,15,2.0,4.1,2.0
00-0035215,Deonte Harty,WR,NO,2021,3,0,0,0.0,0,,0,3,3,29,0.15,0.1429,38,32,6.1,4.47,6.1
00-0035215,Deonte Harty,WR,NO,2021,4,0,0,0.0,0,,0,8,5,69,0.3077,0.3575,39,33,10.2,13.16,10.2
00-0035215,Deonte Harty,WR,NO,2021,5,0,0,0.0,0,,0,1,1,47,0.0357,0.1288,23,21,14.2,2.32,14.2
00-0035215,Deonte Harty,WR,NO,2021,8,0,0,0.0,0,,1,7,3,27,0.2,0.1429,32,31,8.7,10.61,8.7
00-0035215,Deonte Harty,WR,NO,2021,9,0,0,0.0,0,,0,8,6,47,0.1905,0.142,25,33,11.2,12.47,11.2
00-0035215,Deonte Harty,WR,NO,2021,10,0,0,0.0,0,,1,4,3,53,0.1143,0.1616,21,20,12.0,6.64,12.0
00-0035215,Deonte Harty,WR,NO,2021,11,0,0,0.0,0,,0,5,2,54,0.1389,0.1978,22,27,3.1,6.87,3.1
00-0035215,Deonte Harty,WR,NO,2021,12,0,0,0.0,0,,0,5,1,37,0.1786,0.2079,25,16,1.9,7.07,1.9
00-0035215,Deonte Harty,WR,NO,2021,13,0,0,0.0,0,,1,8,4,49,0.1951,0.1678,26,11,19.9,12.62,19.9
00-0035215,Deonte Harty,WR,NO,2021,17,0,0,0.0,0,,0,2,2,18,0.087,0.0989,28,19,4.3,2.24,4.3
00-0035215,Deonte Harty,WR,NO,2021,18,0,0,0.0,0,,1,4,3,52,0.1739,0.2694,46,39,6.3,8.57,6.3
00-0035216,Diontae Johnson,WR,PIT,2021,1,0,0,0.0,0,,0,10,5,51,0.3125,0.2602,21,17,14.6,16.72,14.6
00-0035216,Diontae Johnson,WR,PIT,2021,2,0,0,0.0,0,,0,12,9,135,0.3,0.3479,14,17,19.5,18.59,19.5
00-0035216,Diontae Johnson,WR,PIT,2021,4,0,0,0.0,0,,0,13,9,141,0.3333,0.4796,16,22,24.2,20.05,24.2
00-0035216,Diontae Johnson,WR,PIT,2021,5,0,0,0.0,0,,0,2,2,39,0.08,0.2021,35,34,15.2,3.1,15.2
00-0035216,Diontae Johnson,WR,PIT,2021,6,0,0,0.0,0,,1,13,9,147,0.3333,0.5385,30,32,18.6,21.77,18.6
00-0035216,Diontae Johnson,WR,PIT,2021,8,0,0,0.0,0,,0,13,6,105,0.3714,0.473,32,32,15.8,23.73,15.8
00-0035216,Diontae Johnson,WR,PIT,2021,9,0,0,0.0,0,,2,6,5,38,0.2222,0.2517,32,28,11.7,10.57,11.7
00-0035216,Diontae Johnson,WR,PIT,2021,10,0,0,0.0,0,,0,13,7,112,0.2653,0.3394,31,31,13.3,19.13,13.3
00-0035216,Diontae Johnson,WR,PIT,2021,11,0,0,0.0,0,,0,13,7,137,0.2955,0.4215,18,20,23.1,24.55,23.1
00-0035216,Diontae Johnson,WR,PIT,2021,12,0,0,0.0,0,,0,14,9,118,0.359,0.3986,15,20,18.5,19.35,18.5
00-0035216,Diontae Johnson,WR,PIT,2021,13,0,0,0.0,0,,0,11,8,112,0.3667,0.4308,25,28,30.5,19.1,30.5
00-0035216,Diontae Johnson,WR,PIT,2021,14,0,0,0.0,0,,1,10,5,71,0.2564,0.2423,24,24,15.3,20.63,15.3
00-0035216,Diontae Johnson,WR,PIT,2021,15,0,0,0.0,0,,1,5,5,8,0.2,0.0678,17,14,9.8,7.98,9.8
00-0035216,Diontae Johnson,WR,PIT,2021,16,0,0,0.0,0,,0,9,6,52,0.2143,0.2364,25,30,15.1,13.21,15.1
00-0035216,Diontae Johnson,WR,PIT,2021,17,0,0,0.0,0,,0,15,8,118,0.3261,0.417,31,32,17.1,25.01,17.1
00-0035216,Diontae Johnson,WR,PIT,2021,18,0,0,0.0,0,,0,10,7,56,0.2273,0.1979,30,28,12.1,14.74,12.1
00-0035217,Benny Snell,RB,PIT,2021,2,0,0,0.0,0,,2,0,0,0.0,0.0,0.0,14,17,0.1,0.95,0.1
00-0035217,Benny Snell,RB,PIT,2021,4,0,0,0.0,0,,1,1,0,0.0,0.0256,0.0,16,22,0.0,1.87,0.0
00-0035217,Benny Snell,RB,PIT,2021,5,0,0,0.0,0,,5,1,0,3,0.04,0.0155,35,34,2.0,3.79,2.0
00-0035217,Benny Snell,RB,PIT,2021,8,0,0,0.0,0,,0,1,1,-3,0.0286,-0.0135,32,32,1.7,1.38,1.7
00-0035217,Benny Snell,RB,PIT,2021,9,0,0,0.0,0,,2,0,0,0.0,0.0,0.0,32,28,0.6,1.19,0.6
00-0035217,Benny Snell,RB,PIT,2021,10,0,0,0.0,0,,1,0,0,0.0,0.0,0.0,31,31,0.4,0.63,0.4
00-0035217,Benny Snell,RB,PIT,2021,11,0,0,0.0,0,,2,0,0,0.0,0.0,0.0,18,20,0.7,0.86,0.7
00-0035217,Benny Snell,RB,PIT,2021,12,0,0,0.0,0,,2,0,0,0.0,0.0,0.0,15,20,0.5,0.87,0.5
00-0035217,Benny Snell,RB,PIT,2021,13,0,0,0.0,0,,2,0,0,0.0,0.0,0.0,25,28,1.3,0.84,1.3
00-0035217,Benny Snell,RB,PIT,2021,14,0,0,0.0,0,,1,0,0,0.0,0.0,0.0,24,24,-0.2,0.46,-0.2
00-0035217,Benny Snell,RB,PIT,2021,16,0,0,0.0,0,,5,1,1,-4,0.0238,-0.0182,25,30,3.6,3.84,3.6
00-0035217,Benny Snell,RB,PIT,2021,17,0,0,0.0,0,,1,0,0,0.0,0.0,0.0,31,32,0.2,0.43,0.2
00-0035217,Benny Snell,RB,PIT,2021,18,0,0,0.0,0,,12,0,0,0.0,0.0,0.0,30,28,2.2,5.27,2.2
00-0035222,Zach Gentry,TE,PIT,2021,1,0,0,0.0,0,,0,1,1,-2,0.0312,-0.0102,21,17,0.8,1.37,0.8
00-0035222,Zach Gentry,TE,PIT,2021,4,0,0,0.0,0,,0,1,1,6,0.0256,0.0204,16,22,2.0,1.6,2.0
00-0035222,Zach Gentry,TE,PIT,2021,5,0,0,0.0,0,,0,2,1,-4,0.08,-0.0207,35,34,2.3,2.81,2.3
00-0035222,Zach Gentry,TE,PIT,2021,8,0,0,0.0,0,,0,5,3,37,0.1429,0.1667,32,32,6.9,10.18,6.9
00-0035222,Zach Gentry,TE,PIT,2021,12,0,0,0.0,0,,0,2,1,7,0.0513,0.0236,15,20,2.0,2.69,2.0
00-0035222,Zach Gentry,TE,PIT,2021,13,0,0,0.0,0,,0,2,2,3,0.0667,0.0115,25,28,3.0,3.53,3.0
00-0035222,Zach Gentry,TE,PIT,2021,15,0,0,0.0,0,,0,1,1,-3,0.04,-0.0254,17,14,2.7,1.12,2.7
00-0035222,Zach Gentry,TE,PIT,2021,16,0,0,0.0,0,,0,4,4,16,0.0952,0.0727,25,30,7.1,5.63,7.1
00-0035222,Zach Gentry,TE,PIT,2021,17,0,0,0.0,0,,0,2,1,1,0.0435,0.0035,31,32,1.0,5.06,1.0
00-0035222,Zach Gentry,TE,PIT,2021,18,0,0,0.0,0,,0,5,4,14,0.1136,0.0495,30,28,7.9,7.28,7.9
00-0035228,Kyler Murray,QB,ARI,2021,1,32,21,11.812,2,5.082,5,0,0,0.0,0.0,0.0,33,32,33.6,26.2,33.56
00-0035228,Kyler Murray,QB,ARI,2021,2,36,29,4.578,3,14.586,5,0,0,0.0,0.0,0.0,21,21,33.1,22.79,33.1
00-0035228,Kyler Murray,QB,ARI,2021,3,34,28,11.865,0,14.001,7,0,0,0.0,0.0,0.0,30,30,18.5,25.18,18.54
00-0035228,Kyler Murray,QB,ARI,2021,4,32,24,13.926,3,10.477,6,0,0,0.0,0.0,0.0,40,36,22.6,26.3,22.62
00-0035228,Kyler Murray,QB,ARI,2021,5,31,22,4.364,2,10.798,7,0,0,0.0,0.0,0.0,27,20,13.7,17.76,13.66
00-0035228,Kyler Murray,QB,ARI,2021,6,30,20,14.577,2,9.545,7,0,0,0.0,0.0,0.0,37,28,25.8,21.45,25.76
00-0035228,Kyler Murray,QB,ARI,2021,7,28,20,8.627,4,2.485,6,0,0,0.0,0.0,0.0,37,29,21.4,21.51,21.44
00-0035228,Kyler Murray,QB,ARI,2021,8,33,22,0.638,2,1.275,6,0,0,0.0,0.0,0.0,20,15,9.1,19.36,9.06
00-0035228,Kyler Murray,QB,ARI,2021,13,15,11,7.654,1,1.596,10,0,0,0.0,0.0,0.0,35,25,30.8,19.77,30.82
00-0035228,Kyler Murray,QB,ARI,2021,14,49,32,-1.302,4,0.226,7,0,0,0.0,0.0,0.0,22,22,17.4,32.58,17.42
00-0035228,Kyler Murray,QB,ARI,2021,15,41,23,-14.395,2,-11.049,4,0,0,0.0,0.0,0.0,21,18,12.6,23.73,12.58
00-0035228,Kyler Murray,QB,ARI,2021,16,43,27,-3.767,0,-1.446,4,0,0,0.0,0.0,0.0,21,25,21.9,19.97,20.92
00-0035228,Kyler Murray,QB,ARI,2021,17,38,26,9.421,1,6.964,9,0,0,0.0,0.0,0.0,32,28,22.9,28.08,22.92
00-0035228,Kyler Murray,QB,ARI,2021,18,39,28,-3.556,5,0.692,5,0,0,0.0,0.0,0.0,28,33,17.1,20.13,17.1
00-0035229,T.J. Hockenson,TE,DET,2021,1,0,0,0.0,0,,0,11,8,70,0.1964,0.1994,24,36,25.7,18.93,25.7
00-0035229,T.J. Hockenson,TE,DET,2021,2,0,0,0.0,0,,0,9,8,73,0.2571,0.312,19,22,20.6,16.38,20.6
00-0035229,T.J. Hockenson,TE,DET,2021,3,0,0,0.0,0,,0,2,2,8,0.0714,0.0606,27,35,3.0,3.08,3.0
00-0035229,T.J. Hockenson,TE,DET,2021,4,0,0,0.0,0,,0,8,4,68,0.2162,0.2086,25,26,8.2,11.61,8.2
00-0035229,T.J. Hockenson,TE,DET,2021,5,0,0,0.0,0,,0,3,2,28,0.0968,0.1233,24,32,4.2,4.79,4.2
00-0035229,T.J. Hockenson,TE,DET,2021,6,0,0,0.0,0,,0,11,8,90,0.2821,0.3358,18,23,15.4,17.13,15.4
00-0035229,T.J. Hockenson,TE,DET,2021,7,0,0,0.0,0,,0,9,6,55,0.2812,0.3901,28,33,10.8,14.08,10.8
00-0035229,T.J. Hockenson,TE,DET,2021,8,0,0,0.0,0,,0,11,10,66,0.3438,0.3317,18,29,18.9,16.66,18.9
00-0035229,T.J. Hockenson,TE,DET,2021,10,0,0,0.0,0,,0,1,0,-2,0.0417,-0.0149,39,41,0.0,1.84,0.0
00-0035229,T.J. Hockenson,TE,DET,2021,11,0,0,0.0,0,,0,8,6,41,0.3478,0.3868,23,25,11.1,10.65,11.1
00-0035229,T.J. Hockenson,TE,DET,2021,12,0,0,0.0,0,,0,3,3,31,0.12,0.1914,19,27,12.5,6.27,12.5
00-0035229,T.J. Hockenson,TE,DET,2021,13,0,0,0.0,0,,0,8,4,88,0.2105,0.2667,27,26,14.9,16.04,14.9
00-0035243,Miles Sanders,RB,PHI,2021,1,0,0,0.0,0,,15,5,4,-10,0.1562,-0.0781,31,30,17.3,15.77,17.3
00-0035243,Miles Sanders,RB,PHI,2021,2,0,0,0.0,0,,13,2,1,6,0.0833,0.0178,29,22,6.9,12.43,6.9
00-0035243,Miles Sanders,RB,PHI,2021,3,0,0,0.0,0,,2,4,3,-17,0.1053,-0.0614,12,11,8.5,7.11,8.5
00-0035243,Miles Sanders,RB,PHI,2021,4,0,0,0.0,0,,7,3,3,1,0.0682,0.0029,19,19,7.7,10.14,7.7
00-0035243,Miles Sanders,RB,PHI,2021,5,0,0,0.0,0,,11,5,5,-31,0.1471,-0.1065,22,19,10.1,11.88,10.1
00-0035243,Miles Sanders,RB,PHI,2021,6,0,0,0.0,0,,9,4,2,3,0.1667,0.0106,19,12,8.6,14.8,8.6
00-0035243,Miles Sanders,RB,PHI,2021,7,0,0,0.0,0,,6,1,1,-5,0.0323,-0.0123,32,24,3.7,4.53,3.7
00-0035243,Miles Sanders,RB,PHI,2021,11,0,0,0.0,0,,16,1,0,29,0.0435,0.1436,50,34,7.4,11.03,7.4
00-0035243,Miles Sanders,RB,PHI,2021,12,0,0,0.0,0,,9,1,1,0.0,0.0345,0.0,33,30,7.4,5.52,7.4
00-0035243,Miles Sanders,RB,PHI,2021,13,0,0,0.0,0,,24,3,3,-3,0.1364,-0.0222,41,44,17.2,17.11,17.2
00-0035243,Miles Sanders,RB,PHI,2021,15,0,0,0.0,0,,18,2,2,-3,0.0769,-0.0128,41,35,16.6,15.08,16.6
00-0035243,Miles Sanders,RB,PHI,2021,16,0,0,0.0,0,,7,3,1,12,0.1071,0.0531,30,32,5.8,9.81,5.8
00-0035246,J.J. Arcega-Whiteside,WR,PHI,2021,11,0,0,0.0,0,,0,1,1,5,0.0435,0.0248,50,34,3.3,1.49,3.3
00-0035246,J.J. Arcega-Whiteside,WR,PHI,2021,12,0,0,0.0,0,,0,1,1,2,0.0345,0.0067,33,30,2.3,1.4,2.3
00-0035246,J.J. Arcega-Whiteside,WR,PHI,2021,18,0,0,0.0,0,,0,3,0,34,0.0882,0.1545,33,29,0.0,5.44,0.0
00-0035249,Josh Oliver,TE,BAL,2021,1,0,0,0.0,0,,0,1,0,14,0.0345,0.0591,34,26,0.0,4.08,0.0
00-0035249,Josh Oliver,TE,BAL,2021,2,0,0,0.0,0,,0,1,1,5,0.04,0.0202,41,27,1.9,2.18,1.9
00-0035249,Josh Oliver,TE,BAL,2021,3,0,0,0.0,0,,0,1,1,4,0.037,0.0076,22,15,1.6,1.57,1.6
00-0035249,Josh Oliver,TE,BAL,2021,4,0,0,0.0,0,,0,1,0,19,0.0286,0.0452,30,24,0.0,1.84,0.0
00-0035249,Josh Oliver,TE,BAL,2021,5,0,0,0.0,0,,0,2,2,4,0.0465,0.013,25,18,3.3,2.6,3.3
00-0035249,Josh Oliver,TE,BAL,2021,6,0,0,0.0,0,,0,1,1,1,0.037,0.0056,38,28,1.2,1.42,1.2
00-0035249,Josh Oliver,TE,BAL,2021,7,0,0,0.0,0,,0,5,2,74,0.122,0.1267,24,17,4.9,8.02,4.9
00-0035249,Josh Oliver,TE,BAL,2021,10,0,0,0.0,0,,0,1,0,-1,0.0244,-0.0032,23,16,0.0,1.39,0.0
00-0035249,Josh Oliver,TE,BAL,2021,14,0,0,0.0,0,,0,1,1,6,0.025,0.0195,23,19,1.6,1.56,1.6
00-0035249,Josh Oliver,TE,BAL,2021,18,0,0,0.0,0,,0,1,1,0.0,0.0312,0.0,36,24,1.1,1.28,1.1
00-0035250,Devin Singletary,RB,BUF,2021,1,0,0,0.0,0,,11,5,3,5,0.1042,0.0103,25,18,11.0,14.39,11.0
00-0035250,Devin Singletary,RB,BUF,2021,2,0,0,0.0,0,,13,3,2,10,0.1034,0.0318,30,27,17.1,12.51,17.1
00-0035250,Devin Singletary,RB,BUF,2021,3,0,0,0.0,0,,11,2,1,-1,0.0465,-0.0025,33,28,3.6,10.9,3.6
00-0035250,Devin Singletary,RB,BUF,2021,4,0,0,0.0,0,,14,1,1,0.0,0.0323,0.0,40,31,9.6,9.02,9.6
00-0035250,Devin Singletary,RB,BUF,2021,5,0,0,0.0,0,,6,2,1,-6,0.0833,-0.0205,28,21,3.3,6.42,3.3
00-0035250,Devin Singletary,RB,BUF,2021,6,0,0,0.0,0,,5,5,5,-4,0.1111,-0.0104,23,20,9.3,11.6,9.3
00-0035250,Devin Singletary,RB,BUF,2021,8,0,0,0.0,0,,7,1,1,-3,0.0244,-0.0117,23,22,3.9,5.62,3.9
00-0035250,Devin Singletary,RB,BUF,2021,9,0,0,0.0,0,,6,8,7,11,0.1778,0.0383,14,18,12.9,14.19,12.9
00-0035250,Devin Singletary,RB,BUF,2021,10,0,0,0.0,0,,7,1,1,-3,0.0357,-0.0083,24,21,11.9,8.49,11.9
00-0035250,Devin Singletary,RB,BUF,2021,11,0,0,0.0,0,,3,4,3,5,0.1026,0.0179,13,16,7.3,7.34,7.3
00-0035250,Devin Singletary,RB,BUF,2021,12,0,0,0.0,0,,15,1,1,1,0.0385,0.0059,32,27,5.8,11.54,5.8
00-0035250,Devin Singletary,RB,BUF,2021,13,0,0,0.0,0,,10,0,0,0.0,0.0,0.0,25,22,3.6,4.81,3.6
00-0035250,Devin Singletary,RB,BUF,2021,14,0,0,0.0,0,,4,7,6,-11,0.1373,-0.0406,19,13,14.9,12.75,14.9
00-0035250,Devin Singletary,RB,BUF,2021,15,0,0,0.0,0,,22,1,1,2,0.0323,0.0067,27,24,16.6,13.52,16.6
00-0035250,Devin Singletary,RB,BUF,2021,16,0,0,0.0,0,,12,6,5,3,0.1395,0.0096,28,22,18.8,19.1,18.8
00-0035250,Devin Singletary,RB,BUF,2021,17,0,0,0.0,0,,23,1,0,2,0.0417,0.0085,44,28,23.0,18.22,23.0
00-0035250,Devin Singletary,RB,BUF,2021,18,0,0,0.0,0,,19,2,2,-7,0.0444,-0.0167,33,28,25.2,23.46,25.2
00-0035259,Trevon Wesco,TE,NYJ,2021,4,0,0,0.0,0,,0,1,0,0.0,0.0294,0.0,25,25,0.0,1.44,0.0
00-0035259,Trevon Wesco,TE,NYJ,2021,7,0,0,0.0,0,,0,1,0,-3,0.0244,-0.0115,17,30,0.0,1.31,0.0
00-0035259,Trevon Wesco,TE,NYJ,2021,9,0,0,0.0,0,,0,2,2,3,0.0385,0.0069,21,20,3.6,2.5,3.6
00-0035259,Trevon Wesco,TE,NYJ,2021,15,0,0,0.0,0,,0,1,1,3,0.0455,0.0222,24,19,2.9,1.44,2.9
00-0035261,Tony Pollard,RB,DAL,2021,1,0,0,0.0,0,,3,4,4,-9,0.0702,-0.0236,18,20,8.3,7.84,8.3
00-0035261,Tony Pollard,RB,DAL,2021,2,0,0,0.0,0,,13,3,3,-9,0.1111,-0.0657,31,34,23.0,12.67,23.0
00-0035261,Tony Pollard,RB,DAL,2021,3,0,0,0.0,0,,11,1,1,-3,0.04,-0.0123,41,35,7.5,6.83,7.5
00-0035261,Tony Pollard,RB,DAL,2021,4,0,0,0.0,0,,10,0,0,0.0,0.0,0.0,34,30,6.7,6.27,6.7
00-0035261,Tony Pollard,RB,DAL,2021,5,0,0,0.0,0,,14,4,4,-1,0.125,-0.0034,39,41,14.3,13.49,14.3
00-0035261,Tony Pollard,RB,DAL,2021,6,0,0,0.0,0,,10,3,3,6,0.0612,0.0131,31,37,9.3,11.2,9.3
00-0035261,Tony Pollard,RB,DAL,2021,8,0,0,0.0,0,,7,1,1,1,0.0244,0.0023,24,28,3.7,4.9,3.7
00-0035261,Tony Pollard,RB,DAL,2021,9,0,0,0.0,0,,4,2,1,5,0.0513,0.0107,16,18,5.3,4.67,5.3
00-0035261,Tony Pollard,RB,DAL,2021,10,0,0,0.0,0,,11,7,6,8,0.2121,0.0435,37,41,15.8,19.16,15.8
00-0035261,Tony Pollard,RB,DAL,2021,11,0,0,0.0,0,,7,2,2,-4,0.0476,-0.0123,16,24,9.0,6.57,9.0
00-0035261,Tony Pollard,RB,DAL,2021,12,0,0,0.0,0,,10,4,4,0.0,0.0851,0.0,20,29,16.8,10.98,10.8
00-0035261,Tony Pollard,RB,DAL,2021,13,0,0,0.0,0,,7,4,2,-2,0.1,-0.0059,24,24,15.4,9.2,15.4
00-0035261,Tony Pollard,RB,DAL,2021,15,0,0,0.0,0,,12,3,3,-9,0.0811,-0.0396,30,34,11.7,10.04,11.7
00-0035261,Tony Pollard,RB,DAL,2021,16,0,0,0.0,0,,8,3,2,6,0.0732,0.0137,28,24,7.0,10.27,7.0
00-0035261,Tony Pollard,RB,DAL,2021,17,0,0,0.0,0,,3,5,3,19,0.1316,0.0945,17,16,8.8,8.94,8.8
00-0035268,Ryquell Armstead,RB,JAX,2021,17,0,0,0.0,0,,6,2,1,7,0.0769,0.0361,17,18,4.4,5.42,4.4
00-0035268,Ryquell Armstead,RB,JAX,2021,18,0,0,0.0,0,,9,2,2,-7,0.0625,-0.0378,31,26,8.2,8.21,8.2
00-0035273,Qadree Ollison,RB,ATL,2021,11,0,0,0.0,0,,9,3,2,-5,0.0968,-0.0265,16,18,5.4,7.98,5.4
00-0035273,Qadree Ollison,RB,ATL,2021,13,0,0,0.0,0,,2,1,1,4,0.025,0.0158,23,27,2.5,2.75,2.5
00-0035273,Qadree Ollison,RB,ATL,2021,14,0,0,0.0,0,,5,0,0,0.0,0.0,0.0,36,39,0.3,2.49,0.3
00-0035273,Qadree Ollison,RB,ATL,2021,15,0,0,0.0,0,,1,1,1,3,0.0333,0.0118,23,21,1.7,2.91,1.7
00-0035273,Qadree Ollison,RB,ATL,2021,17,0,0,0.0,0,,3,0,0,0.0,0.0,0.0,22,23,1.9,1.33,1.9
00-0035273,Qadree Ollison,RB,ATL,2021,18,0,0,0.0,0,,1,1,0,-2,0.0323,-0.0059,12,15,7.9,3.12,7.9
00-0035289,Gardner Minshew,QB,PHI,2021,8,2,2,-0.673,0,12.794,0,0,0,0.0,0.0,0.0,46,37,0.4,0.63,0.44
00-0035289,Gardner Minshew,QB,PHI,2021,13,25,20,14.201,2,21.181,4,0,0,0.0,0.0,0.0,41,44,18.8,10.8,18.78
00-0035289,Gardner Minshew,QB,PHI,2021,18,33,19,2.354,3,-9.438,5,0,0,0.0,0.0,0.0,33,29,14.4,16.14,14.44
00-0035291,Trayveon Williams,RB,CIN,2021,6,0,0,0.0,0,,6,0,0,0.0,0.0,0.0,36,36,1.3,2.76,1.3
00-0035291,Trayveon Williams,RB,CIN,2021,18,0,0,0.0,0,,9,2,1,-7,0.069,-0.0427,18,21,5.2,6.42,5.2
00-0035298,Scott Miller,WR,TB,2021,3,0,0,0.0,0,,0,3,2,18,0.0556,0.0471,13,21,3.1,4.88,3.1
00-0035298,Scott Miller,WR,TB,2021,12,0,0,0.0,0,,0,1,0,44,0.0294,0.2292,27,31,0.0,2.83,0.0
00-0035298,Scott Miller,WR,TB,2021,15,0,0,0.0,0,,0,3,2,26,0.0625,0.0652,21,29,3.8,4.08,3.8
00-0035298,Scott Miller,WR,TB,2021,16,0,0,0.0,0,,0,1,0,19,0.0345,0.0696,31,31,0.0,2.07,0.0
00-0035298,Scott Miller,WR,TB,2021,18,0,0,0.0,0,,2,1,1,10,0.0263,0.0323,20,20,12.2,2.81,12.2
00-0035308,Tommy Sweeney,TE,BUF,2021,3,0,0,0.0,0,,0,2,2,1,0.0465,0.0025,33,28,2.2,2.87,2.2
00-0035308,Tommy Sweeney,TE,BUF,2021,5,0,0,0.0,0,,0,1,1,1,0.0417,0.0034,28,21,1.1,1.51,1.1
00-0035308,Tommy Sweeney,TE,BUF,2021,6,0,0,0.0,0,,0,1,1,1,0.0222,0.0026,23,20,7.1,4.55,7.1
00-0035308,Tommy Sweeney,TE,BUF,2021,8,0,0,0.0,0,,0,4,3,35,0.0976,0.1367,23,22,6.0,6.12,6.0
00-0035308,Tommy Sweeney,TE,BUF,2021,9,0,0,0.0,0,,0,2,2,7,0.0444,0.0244,14,18,3.0,2.93,3.0
00-0035308,Tommy Sweeney,TE,BUF,2021,11,0,0,0.0,0,,0,1,0,12,0.0256,0.043,13,16,0.0,1.63,0.0
00-0035308,Tommy Sweeney,TE,BUF,2021,15,0,0,0.0,0,,0,1,0,12,0.0323,0.0401,27,24,0.0,1.82,0.0
00-0035311,Myles Gaskin,RB,MIA,2021,1,0,0,0.0,0,,9,5,5,5,0.1852,0.0199,23,24,12.6,11.53,12.6
00-0035311,Myles Gaskin,RB,MIA,2021,2,0,0,0.0,0,,5,5,4,-9,0.119,-0.0425,20,20,8.6,9.23,8.6
00-0035311,Myles Gaskin,RB,MIA,2021,3,0,0,0.0,0,,13,6,3,-7,0.1277,-0.0179,27,23,10.4,15.33,10.4
00-0035311,Myles Gaskin,RB,MIA,2021,4,0,0,0.0,0,,2,0,0,0.0,0.0,0.0,16,16,0.3,0.9,0.3
00-0035311,Myles Gaskin,RB,MIA,2021,5,0,0,0.0,0,,5,10,10,5,0.2564,0.02,9,19,31.9,21.56,31.9
00-0035311,Myles Gaskin,RB,MIA,2021,6,0,0,0.0,0,,5,6,2,11,0.1277,0.0281,20,21,3.4,14.4,3.4
00-0035311,Myles Gaskin,RB,MIA,2021,7,0,0,0.0,0,,15,4,4,-9,0.1,-0.0372,29,32,17.7,15.0,17.7
00-0035311,Myles Gaskin,RB,MIA,2021,8,0,0,0.0,0,,12,4,3,8,0.1111,0.0295,23,24,8.5,10.74,8.5
00-0035311,Myles Gaskin,RB,MIA,2021,9,0,0,0.0,0,,20,6,6,-3,0.15,-0.0076,25,30,15.7,20.24,15.7
00-0035311,Myles Gaskin,RB,MIA,2021,10,0,0,0.0,0,,14,2,1,-4,0.0588,-0.013,22,19,5.5,13.03,5.5
00-0035311,Myles Gaskin,RB,MIA,2021,11,0,0,0.0,0,,23,4,3,1,0.1176,0.0056,33,32,18.6,24.92,18.6
00-0035311,Myles Gaskin,RB,MIA,2021,12,0,0,0.0,0,,16,2,2,1,0.0645,0.0086,39,36,19.2,15.71,19.2
00-0035311,Myles Gaskin,RB,MIA,2021,13,0,0,0.0,0,,15,2,2,-4,0.0488,-0.0143,25,25,6.9,12.03,6.9
00-0035311,Myles Gaskin,RB,MIA,2021,15,0,0,0.0,0,,10,0,0,0.0,0.0,0.0,42,33,5.4,4.75,5.4
00-0035311,Myles Gaskin,RB,MIA,2021,16,0,0,0.0,0,,3,3,1,6,0.1154,0.0305,30,30,2.6,5.37,2.6
00-0035311,Myles Gaskin,RB,MIA,2021,17,0,0,0.0,0,,5,1,0,28,0.0263,0.0739,16,17,2.3,3.94,2.3
00-0035311,Myles Gaskin,RB,MIA,2021,18,0,0,0.0,0,,1,3,3,3,0.1429,0.0242,43,41,4.0,4.95,4.0
00-0035329,Donald Parham,TE,LAC,2021,1,0,0,0.0,0,,0,1,0,3,0.0217,0.0082,29,25,0.0,3.7,0.0
00-0035329,Donald Parham,TE,LAC,2021,3,0,0,0.0,0,,0,1,1,12,0.0286,0.0515,22,23,2.9,1.87,2.9
00-0035329,Donald Parham,TE,LAC,2021,4,0,0,0.0,0,,0,3,2,8,0.0789,0.0257,34,36,9.7,6.81,9.7
00-0035329,Donald Parham,TE,LAC,2021,5,0,0,0.0,0,,0,2,2,5,0.0476,0.0122,23,24,12.9,3.99,12.9
00-0035329,Donald Parham,TE,LAC,2021,6,0,0,0.0,0,,0,2,2,3,0.0513,0.0118,12,15,3.0,2.96,3.0
00-0035329,Donald Parham,TE,LAC,2021,9,0,0,0.0,0,,0,3,3,20,0.0811,0.093,27,25,12.9,6.65,12.9
00-0035329,Donald Parham,TE,LAC,2021,10,0,0,0.0,0,,0,2,1,2,0.0606,0.0105,19,20,2.7,5.96,2.7
00-0035329,Donald Parham,TE,LAC,2021,11,0,0,0.0,0,,0,5,4,15,0.122,0.0685,26,20,7.8,7.86,7.8
00-0035329,Donald Parham,TE,LAC,2021,12,0,0,0.0,0,,0,1,1,1,0.0227,0.0035,17,21,1.5,1.17,1.5
00-0035329,Donald Parham,TE,LAC,2021,13,0,0,0.0,0,,0,4,2,38,0.1143,0.103,22,27,2.3,9.58,2.3
00-0035329,Donald Parham,TE,LAC,2021,14,0,0,0.0,0,,0,2,2,9,0.0667,0.0375,37,35,3.3,3.5,3.3
00-0035329,Donald Parham,TE,LAC,2021,15,0,0,0.0,0,,0,1,0,5,0.027,0.0147,39,37,0.0,3.69,0.0
00-0035341,Trenton Irwin,WR,CIN,2021,4,0,0,0.0,0,,0,1,1,23,0.0312,0.0979,22,21,3.5,1.78,3.5
00-0035341,Trenton Irwin,WR,CIN,2021,18,0,0,0.0,0,,0,4,1,63,0.1379,0.3841,18,21,1.9,6.4,1.9
00-0035342,Patrick Laird,RB,MIA,2021,8,0,0,0.0,0,,0,1,1,-1,0.0278,-0.0037,23,24,2.0,1.05,2.0
00-0035342,Patrick Laird,RB,MIA,2021,10,0,0,0.0,0,,0,1,1,-2,0.0294,-0.0065,22,19,1.2,1.53,1.2
00-0035342,Patrick Laird,RB,MIA,2021,11,0,0,0.0,0,,1,1,1,0.0,0.0294,0.0,33,32,1.9,3.4,1.9
00-0035345,Chris Myarick,TE,NYG,2021,11,0,0,0.0,0,,0,1,0,-1,0.027,-0.0038,13,16,0.0,1.02,0.0
00-0035345,Chris Myarick,TE,NYG,2021,12,0,0,0.0,0,,0,2,2,5,0.069,0.0318,27,21,9.1,6.32,9.1
00-0035345,Chris Myarick,TE,NYG,2021,14,0,0,0.0,0,,0,1,0,0.0,0.0294,0.0,26,31,0.0,1.39,0.0
00-0035345,Chris Myarick,TE,NYG,2021,16,0,0,0.0,0,,0,2,1,9,0.0488,0.0377,27,26,1.6,2.62,1.6
00-0035350,Preston Williams,WR,MIA,2021,2,0,0,0.0,0,,0,3,1,5,0.0714,0.0236,20,20,1.2,4.18,1.2
00-0035350,Preston Williams,WR,MIA,2021,5,0,0,0.0,0,,1,5,3,88,0.1282,0.352,9,19,9.7,8.49,9.7
00-0035350,Preston Williams,WR,MIA,2021,7,0,0,0.0,0,,0,4,1,25,0.1,0.1033,29,32,1.5,7.65,1.5
00-0035350,Preston Williams,WR,MIA,2021,10,0,0,0.0,0,,0,2,0,17,0.0588,0.0552,22,19,0.0,5.29,0.0
00-0035350,Preston Williams,WR,MIA,2021,11,0,0,0.0,0,,0,1,0,5,0.0294,0.0278,33,32,0.0,3.47,0.0
00-0035350,Preston Williams,WR,MIA,2021,12,0,0,0.0,0,,0,1,1,-3,0.0323,-0.0259,39,36,1.4,1.31,1.4
00-0035356,Tyree Jackson,TE,PHI,2021,11,0,0,0.0,0,,0,1,0,14,0.0435,0.0693,50,34,0.0,2.0,0.0
00-0035356,Tyree Jackson,TE,PHI,2021,16,0,0,0.0,0,,0,1,0,17,0.0357,0.0752,30,32,0.0,1.32,0.0
00-0035356,Tyree Jackson,TE,PHI,2021,18,0,0,0.0,0,,0,5,3,38,0.1471,0.1727,33,29,11.2,11.05,11.2
00-0035359,David Sills,WR,NYG,2021,7,0,0,0.0,0,,0,1,0,9,0.0303,0.0398,31,16,0.0,1.51,0.0
00-0035359,David Sills,WR,NYG,2021,16,0,0,0.0,0,,0,1,1,3,0.0244,0.0126,27,26,1.5,1.2,1.5
00-0035359,David Sills,WR,NYG,2021,17,0,0,0.0,0,,0,1,1,12,0.0909,0.2182,40,41,2.2,1.06,2.2
00-0035359,David Sills,WR,NYG,2021,18,0,0,0.0,0,,0,3,0,34,0.1,0.1581,25,24,0.0,5.14,0.0
00-0035399,Stanley Morgan,WR,CIN,2021,11,0,0,0.0,0,,0,1,1,-9,0.0357,-0.0409,38,36,1.3,1.19,1.3
00-0035399,Stanley Morgan,WR,CIN,2021,12,0,0,0.0,0,,0,1,0,39,0.0417,0.2143,38,42,0.0,1.92,0.0
00-0035399,Stanley Morgan,WR,CIN,2021,18,0,0,0.0,0,,1,2,1,2,0.069,0.0122,18,21,2.1,3.63,2.1
00-0035406,Lil'Jordan Humphrey,WR,NO,2021,2,0,0,0.0,0,,0,2,1,36,0.0952,0.2264,17,15,3.7,3.29,3.7
00-0035406,Lil'Jordan Humphrey,WR,NO,2021,11,0,0,0.0,0,,0,1,1,4,0.0278,0.0147,22,27,7.4,2.95,7.4
00-0035406,Lil'Jordan Humphrey,WR,NO,2021,12,0,0,0.0,0,,0,5,3,51,0.1786,0.2865,25,16,7.7,8.73,7.7
00-0035406,Lil'Jordan Humphrey,WR,NO,2021,13,0,0,0.0,0,,0,2,2,31,0.0488,0.1062,26,11,12.9,3.73,12.9
00-0035406,Lil'Jordan Humphrey,WR,NO,2021,16,0,0,0.0,0,,0,5,3,32,0.2778,0.4211,23,21,10.0,6.12,10.0
00-0035406,Lil'Jordan Humphrey,WR,NO,2021,17,0,0,0.0,0,,0,2,2,21,0.087,0.1154,28,19,4.6,2.62,4.6
00-0035406,Lil'Jordan Humphrey,WR,NO,2021,18,0,0,0.0,0,,0,1,1,17,0.0435,0.0881,46,39,3.6,2.02,3.6
00-0035414,Jalen Guyton,WR,LAC,2021,1,0,0,0.0,0,,0,5,3,22,0.1087,0.0604,29,25,7.9,9.74,7.9
00-0035414,Jalen Guyton,WR,LAC,2021,2,0,0,0.0,0,,1,2,2,8,0.05,0.0315,19,25,4.2,4.12,4.2
00-0035414,Jalen Guyton,WR,LAC,2021,3,0,0,0.0,0,,1,1,0,49,0.0286,0.2103,22,23,0.3,3.6,0.3
00-0035414,Jalen Guyton,WR,LAC,2021,4,0,0,0.0,0,,2,2,1,25,0.0526,0.0804,34,36,3.9,5.15,3.9
00-0035414,Jalen Guyton,WR,LAC,2021,5,0,0,0.0,0,,0,3,2,25,0.0714,0.061,23,24,5.5,4.62,5.5
00-0035414,Jalen Guyton,WR,LAC,2021,6,0,0,0.0,0,,0,5,1,64,0.1282,0.252,12,15,2.5,7.94,2.5
00-0035414,Jalen Guyton,WR,LAC,2021,8,0,0,0.0,0,,0,2,1,42,0.0588,0.1296,20,24,2.8,3.2,2.8
00-0035414,Jalen Guyton,WR,LAC,2021,9,0,0,0.0,0,,0,2,1,18,0.0541,0.0837,27,25,2.9,2.93,2.9
00-0035414,Jalen Guyton,WR,LAC,2021,10,0,0,0.0,0,,0,1,0,5,0.0303,0.0263,19,20,0.0,1.5,0.0
00-0035414,Jalen Guyton,WR,LAC,2021,11,0,0,0.0,0,,1,2,1,7,0.0488,0.032,26,20,3.0,3.78,3.0
00-0035414,Jalen Guyton,WR,LAC,2021,12,0,0,0.0,0,,0,3,2,23,0.0682,0.0801,17,21,4.3,4.79,4.3
00-0035414,Jalen Guyton,WR,LAC,2021,13,0,0,0.0,0,,1,4,4,70,0.1143,0.1897,22,27,18.9,8.58,18.9
00-0035414,Jalen Guyton,WR,LAC,2021,14,0,0,0.0,0,,0,3,3,74,0.1,0.3083,37,35,17.7,5.75,17.7
00-0035414,Jalen Guyton,WR,LAC,2021,15,0,0,0.0,0,,0,2,2,10,0.0541,0.0293,39,37,9.0,4.97,9.0
00-0035414,Jalen Guyton,WR,LAC,2021,17,0,0,0.0,0,,1,2,2,7,0.0667,0.0374,35,35,3.1,5.08,3.1
00-0035414,Jalen Guyton,WR,LAC,2021,18,0,0,0.0,0,,0,9,6,54,0.1406,0.0859,21,24,11.2,13.07,11.2
00-0035428,Daniel Helm,TE,LV,2021,12,0,0,0.0,0,,0,1,0,4,0.0263,0.0106,35,33,0.0,3.77,0.0
00-0035428,Daniel Helm,TE,LV,2021,15,0,0,0.0,0,,0,1,1,-3,0.0278,-0.0091,25,24,0.9,1.53,0.9
00-0035432,Jason Moore,WR,LAC,2021,16,0,0,0.0,0,,0,4,3,60,0.1176,0.2353,21,25,8.6,8.59,8.6
00-0035448,Damarea Crockett,RB,DEN,2021,3,0,0,0.0,0,,3,0,0,0.0,0.0,0.0,37,37,0.7,1.18,0.7
00-0035457,Tyron Johnson,WR,JAX,2021,1,0,0,0.0,0,,0,1,1,-3,0.02,-0.0072,16,19,1.6,1.38,1.6
00-0035457,Tyron Johnson,WR,JAX,2021,2,0,0,0.0,0,,0,1,0,44,0.0303,0.1086,16,16,0.0,1.98,0.0
00-0035457,Tyron Johnson,WR,JAX,2021,4,0,0,0.0,0,,0,1,0,30,0.0455,0.1389,30,21,0.0,1.79,0.0
00-0035457,Tyron Johnson,WR,JAX,2021,8,0,0,0.0,0,,0,2,1,31,0.0385,0.1111,19,23,2.0,3.33,2.0
00-0035480,Malik Taylor,WR,GB,2021,1,0,0,0.0,0,,0,3,2,30,0.0909,0.0912,15,17,3.4,5.1,3.4
00-0035500,Greg Dortch,WR,ARI,2021,17,0,0,0.0,0,,1,1,1,-4,0.027,-0.0112,32,28,4.4,2.3,4.4
00-0035500,Greg Dortch,WR,ARI,2021,18,0,0,0.0,0,,0,2,2,-12,0.0513,-0.0476,28,33,2.5,2.65,2.5
00-0035510,Jeff Smith,WR,NYJ,2021,1,0,0,0.0,0,,0,1,0,12,0.0278,0.0333,17,19,0.0,1.66,0.0
00-0035510,Jeff Smith,WR,NYJ,2021,2,0,0,0.0,0,,0,2,1,46,0.0606,0.1528,31,30,4.5,2.97,4.5
00-0035510,Jeff Smith,WR,NYJ,2021,3,0,0,0.0,0,,0,1,1,13,0.0303,0.0481,13,15,2.3,1.56,2.3
00-0035510,Jeff Smith,WR,NYJ,2021,8,0,0,0.0,0,,1,1,1,10,0.0204,0.0585,27,34,1.9,2.39,1.9
00-0035510,Jeff Smith,WR,NYJ,2021,9,0,0,0.0,0,,0,4,3,68,0.0769,0.1567,21,20,7.0,6.42,7.0
00-0035510,Jeff Smith,WR,NYJ,2021,16,0,0,0.0,0,,0,1,0,15,0.0476,0.1485,36,33,0.0,1.89,0.0
00-0035510,Jeff Smith,WR,NYJ,2021,17,0,0,0.0,0,,0,4,1,26,0.1333,0.1097,26,26,2.3,6.51,2.3
00-0035510,Jeff Smith,WR,NYJ,2021,18,0,0,0.0,0,,0,3,1,2,0.1579,0.0147,17,15,1.2,3.72,1.2
00-0035527,Andy Isabella,WR,ARI,2021,15,0,0,0.0,0,,0,1,1,6,0.0208,0.0179,21,18,2.3,1.43,2.3
00-0035535,Darius Slayton,WR,NYG,2021,1,0,0,0.0,0,,0,7,3,83,0.1944,0.2712,20,17,9.5,10.03,9.5
00-0035535,Darius Slayton,WR,NYG,2021,2,0,0,0.0,0,,0,6,3,112,0.1875,0.312,28,18,14.4,10.83,14.4
00-0035535,Darius Slayton,WR,NYG,2021,3,0,0,0.0,0,,0,1,1,7,0.0286,0.0294,27,23,1.8,1.56,1.8
00-0035535,Darius Slayton,WR,NYG,2021,7,0,0,0.0,0,,0,9,5,134,0.2727,0.5929,31,16,11.3,16.1,11.3
00-0035535,Darius Slayton,WR,NYG,2021,8,0,0,0.0,0,,0,2,0,7,0.0606,0.0556,20,20,0.0,2.78,0.0
00-0035535,Darius Slayton,WR,NYG,2021,9,0,0,0.0,0,,0,1,0,7,0.0556,0.0598,31,24,0.0,1.53,0.0
00-0035535,Darius Slayton,WR,NYG,2021,11,0,0,0.0,0,,0,7,4,97,0.1892,0.3674,13,16,5.7,11.0,5.7
00-0035535,Darius Slayton,WR,NYG,2021,12,0,0,0.0,0,,1,4,3,30,0.1379,0.1911,27,21,5.7,7.23,5.7
00-0035535,Darius Slayton,WR,NYG,2021,13,0,0,0.0,0,,0,7,2,110,0.1842,0.3364,17,27,3.3,12.23,3.3
00-0035535,Darius Slayton,WR,NYG,2021,14,0,0,0.0,0,,0,3,0,41,0.0882,0.1331,26,31,0.0,3.6,0.0
00-0035535,Darius Slayton,WR,NYG,2021,15,0,0,0.0,0,,0,3,2,61,0.0833,0.1987,24,29,4.3,5.31,4.3
00-0035535,Darius Slayton,WR,NYG,2021,16,0,0,0.0,0,,0,5,1,47,0.122,0.1967,27,26,1.7,7.36,1.7
00-0035535,Darius Slayton,WR,NYG,2021,18,0,0,0.0,0,,0,3,2,37,0.1,0.1721,25,24,10.9,4.91,10.9
00-0035537,Ty Johnson,RB,NYJ,2021,1,0,0,0.0,0,,4,3,1,29,0.0833,0.0806,17,19,3.6,6.29,3.6
00-0035537,Ty Johnson,RB,NYJ,2021,2,0,0,0.0,0,,12,0,0,0.0,0.0,0.0,31,30,5.0,7.76,5.0
00-0035537,Ty Johnson,RB,NYJ,2021,3,0,0,0.0,0,,3,5,1,30,0.1515,0.1111,13,15,3.3,8.8,3.3
00-0035537,Ty Johnson,RB,NYJ,2021,4,0,0,0.0,0,,3,2,2,5,0.0588,0.0157,25,25,3.3,5.37,3.3
00-0035537,Ty Johnson,RB,NYJ,2021,5,0,0,0.0,0,,4,3,2,11,0.0968,0.0399,18,22,11.4,11.12,11.4
00-0035537,Ty Johnson,RB,NYJ,2021,7,0,0,0.0,0,,5,7,6,13,0.1707,0.05,17,30,13.1,13.93,13.1
00-0035537,Ty Johnson,RB,NYJ,2021,8,0,0,0.0,0,,4,6,5,-7,0.1224,-0.0409,27,34,19.6,10.65,19.6
00-0035537,Ty Johnson,RB,NYJ,2021,9,0,0,0.0,0,,4,3,2,9,0.0577,0.0207,21,20,12.1,6.24,12.1
00-0035537,Ty Johnson,RB,NYJ,2021,10,0,0,0.0,0,,2,8,5,1,0.1739,0.0031,22,33,8.8,11.24,8.8
00-0035537,Ty Johnson,RB,NYJ,2021,11,0,0,0.0,0,,1,1,1,-1,0.0286,-0.0033,18,19,2.3,2.01,2.3
00-0035537,Ty Johnson,RB,NYJ,2021,12,0,0,0.0,0,,6,1,0,6,0.0435,0.0583,34,33,4.2,5.25,4.2
00-0035537,Ty Johnson,RB,NYJ,2021,13,0,0,0.0,0,,1,4,2,15,0.1111,0.0485,17,20,3.5,6.37,3.5
00-0035537,Ty Johnson,RB,NYJ,2021,14,0,0,0.0,0,,6,7,4,24,0.175,0.0787,17,17,9.7,12.85,9.7
00-0035537,Ty Johnson,RB,NYJ,2021,17,0,0,0.0,0,,5,4,3,-16,0.1333,-0.0675,26,26,17.2,10.91,17.2
00-0035537,Ty Johnson,RB,NYJ,2021,18,0,0,0.0,0,,1,1,0,12,0.0526,0.0882,17,15,-0.1,1.7,-0.1
00-0035544,Tom Kennedy,WR,DET,2021,6,0,0,0.0,0,,0,1,1,4,0.0256,0.0149,18,23,2.5,1.46,2.5
00-0035544,Tom Kennedy,WR,DET,2021,8,0,0,0.0,0,,0,1,0,23,0.0312,0.1156,18,29,0.0,2.61,0.0
00-0035544,Tom Kennedy,WR,DET,2021,14,0,0,0.0,0,,0,1,1,4,0.0263,0.0144,21,21,1.7,1.43,1.7
00-0035544,Tom Kennedy,WR,DET,2021,16,0,0,0.0,0,,0,2,2,14,0.0571,0.0579,33,33,3.6,2.8,3.6
00-0035544,Tom Kennedy,WR,DET,2021,17,0,0,0.0,0,,0,3,0,17,0.0811,0.0672,22,25,0.0,4.33,0.0
00-0035544,Tom Kennedy,WR,DET,2021,18,1,1,5.07,0,50.085,0,2,2,15,0.069,0.0605,26,28,10.6,3.78,10.6
00-0035547,Joseph Fortson,TE,KC,2021,2,0,0,0.0,0,,0,1,1,7,0.0333,0.0286,18,17,2.1,1.84,2.1
00-0035547,Joseph Fortson,TE,KC,2021,3,0,0,0.0,0,,0,2,2,6,0.05,0.0155,30,28,8.7,5.72,8.7
00-0035547,Joseph Fortson,TE,KC,2021,4,0,0,0.0,0,,0,1,1,1,0.0333,0.0046,32,28,7.2,4.85,7.2
00-0035547,Joseph Fortson,TE,KC,2021,6,0,0,0.0,0,,0,1,1,24,0.0217,0.0686,28,28,3.7,2.94,3.7
00-0035562,Jesper Horsted,TE,CHI,2021,5,0,0,0.0,0,,0,1,1,2,0.05,0.01,37,36,7.2,2.86,7.2
00-0035562,Jesper Horsted,TE,CHI,2021,7,0,0,0.0,0,,0,1,0,10,0.0323,0.0485,29,28,0.0,2.21,0.0
00-0035562,Jesper Horsted,TE,CHI,2021,15,0,0,0.0,0,,0,1,1,19,0.0278,0.0646,28,26,8.9,2.3,8.9
00-0035567,Craig Reynolds,RB,DET,2021,14,0,0,0.0,0,,11,2,2,6,0.0526,0.0216,21,21,11.9,7.4,11.9
00-0035567,Craig Reynolds,RB,DET,2021,15,0,0,0.0,0,,26,1,1,0.0,0.0385,0.0,34,36,12.7,14.25,12.7
00-0035567,Craig Reynolds,RB,DET,2021,16,0,0,0.0,0,,11,4,3,1,0.1143,0.0041,33,33,8.1,11.74,8.1
00-0035567,Craig Reynolds,RB,DET,2021,17,0,0,0.0,0,,4,1,1,-2,0.027,-0.0079,22,25,2.3,3.03,2.3
00-0035567,Craig Reynolds,RB,DET,2021,18,0,0,0.0,0,,3,0,0,0.0,0.0,0.0,26,28,0.2,4.54,0.2
00-0035572,Parker Hesse,TE,ATL,2021,2,0,0,0.0,0,,0,1,0,0.0,0.0208,0.0,20,28,0.0,1.42,0.0
00-0035572,Parker Hesse,TE,ATL,2021,11,0,0,0.0,0,,0,1,1,5,0.0323,0.0265,16,18,1.5,1.47,1.5
00-0035572,Parker Hesse,TE,ATL,2021,12,0,0,0.0,0,,0,1,1,4,0.0357,0.0305,29,30,1.7,1.51,1.7
00-0035572,Parker Hesse,TE,ATL,2021,17,0,0,0.0,0,,0,3,3,13,0.15,0.0647,22,23,6.1,4.31,6.1
00-0035593,Juwann Winfree,WR,GB,2021,8,0,0,0.0,0,,0,6,4,24,0.1714,0.1455,34,38,7.0,11.46,7.0
00-0035593,Juwann Winfree,WR,GB,2021,15,0,0,0.0,0,,0,1,0,10,0.0323,0.035,25,23,0.0,1.56,0.0
00-0035593,Juwann Winfree,WR,GB,2021,16,0,0,0.0,0,,0,1,0,17,0.0294,0.096,24,29,0.0,2.03,0.0
00-0035593,Juwann Winfree,WR,GB,2021,17,0,0,0.0,0,,0,2,1,15,0.0476,0.0581,32,35,2.2,3.45,2.2
00-0035593,Juwann Winfree,WR,GB,2021,18,0,0,0.0,0,,0,3,3,9,0.0857,0.0417,27,28,2.6,4.28,2.6
00-0035594,Travis Homer,RB,SEA,2021,2,0,0,0.0,0,,0,2,2,3,0.0645,0.0097,18,16,3.4,3.11,3.4
00-0035594,Travis Homer,RB,SEA,2021,3,0,0,0.0,0,,0,3,3,-2,0.1071,-0.0071,18,19,7.8,4.93,7.8
00-0035594,Travis Homer,RB,SEA,2021,4,0,0,0.0,0,,1,0,0,0.0,0.0,0.0,28,27,0.5,0.53,0.5
00-0035594,Travis Homer,RB,SEA,2021,5,0,0,0.0,0,,1,1,1,3,0.0312,0.0088,25,25,2.8,2.24,2.8
00-0035594,Travis Homer,RB,SEA,2021,6,0,0,0.0,0,,2,1,1,2,0.0323,0.0202,27,33,6.4,2.53,6.4
00-0035594,Travis Homer,RB,SEA,2021,7,0,0,0.0,0,,1,0,0,0.0,0.0,0.0,28,24,1.4,0.66,1.4
00-0035594,Travis Homer,RB,SEA,2021,8,0,0,0.0,0,,4,1,1,1,0.0455,0.0051,25,23,8.2,3.64,2.2
00-0035594,Travis Homer,RB,SEA,2021,10,0,0,0.0,0,,1,4,3,14,0.1053,0.03,16,15,5.5,6.71,5.5
00-0035594,Travis Homer,RB,SEA,2021,11,0,0,0.0,0,,1,0,0,0.0,0.0,0.0,19,18,0.4,0.66,0.4
00-0035594,Travis Homer,RB,SEA,2021,13,0,0,0.0,0,,3,5,4,7,0.1351,0.0271,27,29,19.0,10.27,19.0
00-0035594,Travis Homer,RB,SEA,2021,17,0,0,0.0,0,,6,0,0,0.0,0.0,0.0,41,34,2.7,3.55,2.7
00-0035594,Travis Homer,RB,SEA,2021,18,0,0,0.0,0,,1,3,1,20,0.1154,0.0629,30,26,3.7,3.96,3.7
00-0035602,Alex Bachman,WR,NYG,2021,18,0,0,0.0,0,,1,0,0,0.0,0.0,0.0,25,24,-0.3,0.79,-0.3
00-0035603,Kendall Blanton,TE,LA,2021,10,0,0,0.0,0,,0,1,1,-4,0.0238,-0.0119,10,15,1.2,1.08,1.2
00-0035603,Kendall Blanton,TE,LA,2021,13,0,0,0.0,0,,0,2,1,14,0.0541,0.0397,27,29,1.6,5.09,1.6
00-0035603,Kendall Blanton,TE,LA,2021,14,0,0,0.0,0,,0,3,2,28,0.1,0.112,21,20,4.9,4.81,4.9
00-0035603,Kendall Blanton,TE,LA,2021,15,0,0,0.0,0,,0,1,0,5,0.0345,0.0217,29,28,0.0,1.58,0.0
00-0035624,N'Keal Harry,TE,NE,2021,4,0,0,0.0,0,,0,1,1,10,0.0238,0.0461,8,15,2.0,1.64,2.0
00-0035624,N'Keal Harry,TE,NE,2021,5,0,0,0.0,0,,0,2,1,21,0.0714,0.0894,30,31,1.9,3.38,1.9
00-0035624,N'Keal Harry,TE,NE,2021,7,0,0,0.0,0,,0,2,1,35,0.05,0.1029,32,36,3.8,3.98,3.8
00-0035624,N'Keal Harry,TE,NE,2021,8,0,0,0.0,0,,0,2,2,30,0.0588,0.0898,39,37,5.0,4.2,5.0
00-0035624,N'Keal Harry,TE,NE,2021,10,0,0,0.0,0,,0,1,1,24,0.04,0.1341,34,36,3.6,1.73,3.6
00-0035624,N'Keal Harry,TE,NE,2021,11,0,0,0.0,0,,0,2,2,11,0.0769,0.0679,30,27,3.4,3.15,3.4
00-0035624,N'Keal Harry,TE,NE,2021,15,0,0,0.0,0,,0,5,2,86,0.1136,0.1799,19,18,7.2,9.97,7.2
00-0035624,N'Keal Harry,TE,NE,2021,16,0,0,0.0,0,,0,6,2,88,0.1935,0.2803,27,23,3.5,11.05,3.5
00-0035624,N'Keal Harry,TE,NE,2021,18,0,0,0.0,0,,0,1,0,22,0.0333,0.0905,27,29,0.0,1.97,0.0
00-0035628,D'Ernest Johnson,RB,CLE,2021,3,0,0,0.0,0,,2,0,0,0.0,0.0,0.0,42,42,0.9,0.8,0.9
00-0035628,D'Ernest Johnson,RB,CLE,2021,6,0,0,0.0,0,,1,1,1,6,0.0323,0.0249,19,22,1.9,2.01,1.9
00-0035628,D'Ernest Johnson,RB,CLE,2021,7,0,0,0.0,0,,22,2,2,-2,0.0625,-0.0088,33,34,24.8,15.46,24.8
00-0035628,D'Ernest Johnson,RB,CLE,2021,8,0,0,0.0,0,,4,3,1,3,0.0968,0.0132,23,24,9.9,7.35,9.9
00-0035628,D'Ernest Johnson,RB,CLE,2021,9,0,0,0.0,0,,8,0,0,0.0,0.0,0.0,23,25,1.6,4.19,1.6
00-0035628,D'Ernest Johnson,RB,CLE,2021,10,0,0,0.0,0,,19,8,7,10,0.2581,0.0427,20,27,22.7,20.42,22.7
00-0035628,D'Ernest Johnson,RB,CLE,2021,11,0,0,0.0,0,,5,0,0,0.0,0.0,0.0,36,32,2.6,2.66,2.6
00-0035628,D'Ernest Johnson,RB,CLE,2021,14,0,0,0.0,0,,4,1,1,-2,0.0323,-0.0099,29,29,3.9,3.88,3.9
00-0035628,D'Ernest Johnson,RB,CLE,2021,15,0,0,0.0,0,,1,4,4,-4,0.1379,-0.0188,24,32,5.5,6.26,5.5
00-0035628,D'Ernest Johnson,RB,CLE,2021,16,0,0,0.0,0,,4,2,1,1,0.0556,0.003,25,25,7.6,4.88,7.6
00-0035628,D'Ernest Johnson,RB,CLE,2021,17,0,0,0.0,0,,5,3,1,-4,0.0833,-0.0152,20,18,2.4,7.11,2.4
00-0035628,D'Ernest Johnson,RB,CLE,2021,18,0,0,0.0,0,,25,1,1,-2,0.0417,-0.0189,41,39,20.3,15.51,20.3
00-0035631,Drew Sample,TE,CIN,2021,5,0,0,0.0,0,,0,4,2,11,0.1081,0.0359,24,28,2.9,5.95,2.9
00-0035631,Drew Sample,TE,CIN,2021,6,0,0,0.0,0,,0,1,0,18,0.0345,0.0833,36,36,0.0,2.82,0.0
00-0035631,Drew Sample,TE,CIN,2021,9,0,0,0.0,0,,0,3,3,5,0.0732,0.0132,23,26,6.6,3.74,6.6
00-0035631,Drew Sample,TE,CIN,2021,11,0,0,0.0,0,,0,2,1,2,0.0714,0.0091,38,36,1.3,3.27,1.3
00-0035631,Drew Sample,TE,CIN,2021,14,0,0,0.0,0,,0,1,1,1,0.0294,0.0034,26,28,2.4,1.46,2.4
00-0035631,Drew Sample,TE,CIN,2021,15,0,0,0.0,0,,0,1,1,-2,0.0476,-0.0124,26,24,1.2,1.38,1.2
00-0035631,Drew Sample,TE,CIN,2021,16,0,0,0.0,0,,0,2,2,4,0.0435,0.0104,21,27,2.9,2.95,2.9
00-0035631,Drew Sample,TE,CIN,2021,18,0,0,0.0,0,,0,1,1,-4,0.0345,-0.0244,18,21,1.8,0.78,1.8
00-0035639,Parris Campbell,WR,IND,2021,1,0,0,0.0,0,,0,3,1,50,0.0857,0.2404,30,38,3.4,5.11,3.4
00-0035639,Parris Campbell,WR,IND,2021,3,0,0,0.0,0,,0,4,2,17,0.1176,0.0859,18,22,2.9,5.11,2.9
00-0035639,Parris Campbell,WR,IND,2021,4,0,0,0.0,0,,0,3,2,55,0.0938,0.195,33,34,4.2,4.82,4.2
00-0035639,Parris Campbell,WR,IND,2021,5,0,0,0.0,0,,0,6,4,62,0.1765,0.3039,26,28,9.6,9.15,9.6
00-0035639,Parris Campbell,WR,IND,2021,6,0,0,0.0,0,,0,1,1,47,0.0556,0.1926,26,25,12.1,2.87,12.1
00-0035639,Parris Campbell,WR,IND,2021,18,0,0,0.0,0,,0,3,0,103,0.1034,0.3445,18,20,0.0,4.66,0.0
00-0035640,DK Metcalf,WR,SEA,2021,1,0,0,0.0,0,,0,5,4,77,0.2381,0.3333,27,23,16.0,11.21,16.0
00-0035640,DK Metcalf,WR,SEA,2021,2,0,0,0.0,0,,0,11,6,97,0.3548,0.3129,18,16,11.3,19.97,11.3
00-0035640,DK Metcalf,WR,SEA,2021,3,0,0,0.0,0,,0,9,6,144,0.3214,0.5106,18,19,22.7,17.74,22.7
00-0035640,DK Metcalf,WR,SEA,2021,4,0,0,0.0,0,,0,8,4,87,0.3636,0.696,28,27,16.5,13.87,16.5
00-0035640,DK Metcalf,WR,SEA,2021,5,0,0,0.0,0,,0,5,5,79,0.1562,0.2317,25,25,26.8,10.53,26.8
00-0035640,DK Metcalf,WR,SEA,2021,6,0,0,0.0,0,,0,7,6,36,0.2258,0.3636,27,33,11.8,9.69,11.8
00-0035640,DK Metcalf,WR,SEA,2021,7,0,0,0.0,0,,0,5,2,78,0.2632,0.3562,28,24,17.6,8.38,17.6
00-0035640,DK Metcalf,WR,SEA,2021,8,0,0,0.0,0,,0,6,6,34,0.2727,0.1735,25,23,22.3,12.91,22.3
00-0035640,DK Metcalf,WR,SEA,2021,10,0,0,0.0,0,,0,8,3,112,0.2105,0.2403,16,15,5.6,14.38,5.6
00-0035640,DK Metcalf,WR,SEA,2021,11,0,0,0.0,0,,0,8,4,120,0.32,0.4255,19,18,7.1,15.01,7.1
00-0035640,DK Metcalf,WR,SEA,2021,12,0,0,0.0,0,,0,4,1,89,0.129,0.319,12,16,2.3,5.75,2.3
00-0035640,DK Metcalf,WR,SEA,2021,13,0,0,0.0,0,,0,8,5,130,0.2162,0.5039,27,29,11.0,14.0,11.0
00-0035640,DK Metcalf,WR,SEA,2021,14,0,0,0.0,0,,0,8,4,81,0.2857,0.2256,29,27,8.3,14.94,8.3
00-0035640,DK Metcalf,WR,SEA,2021,15,0,0,0.0,0,,0,12,6,174,0.4286,0.4254,19,24,11.2,17.92,11.2
00-0035640,DK Metcalf,WR,SEA,2021,16,0,0,0.0,0,,0,5,2,70,0.1852,0.307,24,25,12.1,7.19,12.1
00-0035640,DK Metcalf,WR,SEA,2021,17,0,0,0.0,0,,1,9,6,85,0.3214,0.3917,41,34,30.9,20.65,30.9
00-0035640,DK Metcalf,WR,SEA,2021,18,0,0,0.0,0,,0,11,5,143,0.4231,0.4497,30,26,10.8,17.88,10.8
00-0035644,Noah Fant,TE,DEN,2021,1,0,0,0.0,0,,0,8,6,55,0.2286,0.1763,28,29,12.2,13.47,12.2
00-0035644,Noah Fant,TE,DEN,2021,2,0,0,0.0,0,,0,6,4,24,0.1765,0.0617,30,29,13.3,8.84,13.3
00-0035644,Noah Fant,TE,DEN,2021,3,0,0,0.0,0,,0,3,2,23,0.125,0.115,37,37,3.5,4.87,3.5
00-0035644,Noah Fant,TE,DEN,2021,4,0,0,0.0,0,,0,10,6,53,0.2703,0.1493,17,21,16.6,16.7,16.6
00-0035644,Noah Fant,TE,DEN,2021,5,0,0,0.0,0,,0,4,3,20,0.1143,0.0595,18,22,5.0,5.47,5.0
00-0035644,Noah Fant,TE,DEN,2021,6,0,0,0.0,0,,0,11,9,93,0.2292,0.1894,23,28,24.7,19.55,24.7
00-0035644,Noah Fant,TE,DEN,2021,7,0,0,0.0,0,,0,7,5,22,0.2188,0.1264,14,20,8.9,9.08,8.9
00-0035644,Noah Fant,TE,DEN,2021,8,0,0,0.0,0,,0,4,2,17,0.16,0.0919,21,24,2.8,6.65,2.8
00-0035644,Noah Fant,TE,DEN,2021,10,0,0,0.0,0,,0,6,5,33,0.1765,0.1587,18,20,10.9,9.3,10.9
00-0035644,Noah Fant,TE,DEN,2021,12,0,0,0.0,0,,0,4,3,33,0.1739,0.226,33,35,4.2,5.74,4.2
00-0035644,Noah Fant,TE,DEN,2021,13,0,0,0.0,0,,0,4,4,16,0.1111,0.0595,31,34,7.3,6.96,7.3
00-0035644,Noah Fant,TE,DEN,2021,14,0,0,0.0,0,,0,4,4,42,0.16,0.2258,39,40,9.1,6.14,9.1
00-0035644,Noah Fant,TE,DEN,2021,15,0,0,0.0,0,,0,6,5,16,0.1875,0.0473,34,35,10.7,8.86,10.7
00-0035644,Noah Fant,TE,DEN,2021,16,0,0,0.0,0,,0,4,3,28,0.1818,0.1138,16,17,6.0,5.74,6.0
00-0035644,Noah Fant,TE,DEN,2021,17,0,0,0.0,0,,0,7,6,37,0.2593,0.1689,27,28,21.2,12.19,21.2
00-0035644,Noah Fant,TE,DEN,2021,18,0,0,0.0,0,,0,2,1,28,0.0833,0.1026,28,27,2.6,4.73,2.6
00-0035645,Gunner Olszewski,WR,NE,2021,7,0,0,0.0,0,,0,1,1,13,0.025,0.0382,32,36,3.2,1.69,3.2
00-0035645,Gunner Olszewski,WR,NE,2021,15,0,0,0.0,0,,0,1,0,12,0.0227,0.0251,19,18,0.0,1.47,0.0
00-0035645,Gunner Olszewski,WR,NE,2021,16,0,0,0.0,0,,1,0,0,0.0,0.0,0.0,27,23,0.9,0.75,0.9
00-0035645,Gunner Olszewski,WR,NE,2021,17,0,0,0.0,0,,0,1,1,4,0.0303,0.0161,36,32,1.9,1.74,1.9
00-0035657,Damien Harris,RB,NE,2021,1,0,0,0.0,0,,23,3,2,5,0.0789,0.0209,30,38,11.7,15.55,11.7
00-0035657,Damien Harris,RB,NE,2021,2,0,0,0.0,0,,16,1,1,2,0.0357,0.0143,24,30,13.4,13.82,13.4
00-0035657,Damien Harris,RB,NE,2021,3,0,0,0.0,0,,6,2,2,-3,0.0392,-0.0047,17,18,3.1,5.6,3.1
00-0035657,Damien Harris,RB,NE,2021,4,0,0,0.0,0,,4,2,2,7,0.0476,0.0323,8,15,4.6,4.85,4.6
00-0035657,Damien Harris,RB,NE,2021,5,0,0,0.0,0,,14,0,0,0.0,0.0,0.0,30,31,9.8,11.0,9.8
00-0035657,Damien Harris,RB,NE,2021,6,0,0,0.0,0,,18,1,1,-4,0.0476,-0.0233,27,29,17.8,14.04,17.8
00-0035657,Damien Harris,RB,NE,2021,7,0,0,0.0,0,,14,2,2,-1,0.05,-0.0029,32,36,25.3,16.09,25.3
00-0035657,Damien Harris,RB,NE,2021,8,0,0,0.0,0,,23,1,0,0.0,0.0294,0.0,39,37,14.0,16.81,14.0
00-0035657,Damien Harris,RB,NE,2021,9,0,0,0.0,0,,15,1,1,-3,0.0556,-0.0297,39,38,10.3,10.98,10.3
00-0035657,Damien Harris,RB,NE,2021,11,0,0,0.0,0,,10,1,1,3,0.0385,0.0185,30,27,7.5,6.68,7.5
00-0035657,Damien Harris,RB,NE,2021,12,0,0,0.0,0,,11,1,1,-2,0.0312,-0.0084,24,25,12.2,8.98,12.2
00-0035657,Damien Harris,RB,NE,2021,13,0,0,0.0,0,,10,0,0,0.0,0.0,0.0,46,39,17.1,4.7,17.1
00-0035657,Damien Harris,RB,NE,2021,16,0,0,0.0,0,,18,1,0,-9,0.0323,-0.0287,27,23,28.3,14.87,28.3
00-0035657,Damien Harris,RB,NE,2021,17,0,0,0.0,0,,9,1,1,-3,0.0303,-0.0121,36,32,17.7,11.12,17.7
00-0035657,Damien Harris,RB,NE,2021,18,0,0,0.0,0,,11,4,4,1,0.1333,0.0041,27,29,17.3,14.1,17.3
00-0035659,Terry McLaurin,WR,WAS,2021,1,0,0,0.0,0,,0,4,4,43,0.2,0.3583,27,26,10.2,6.31,10.2
00-0035659,Terry McLaurin,WR,WAS,2021,2,0,0,0.0,0,,0,14,11,109,0.3182,0.3123,22,24,27.7,23.8,27.7
00-0035659,Terry McLaurin,WR,WAS,2021,3,0,0,0.0,0,,0,7,4,56,0.2917,0.3394,25,18,10.2,10.64,10.2
00-0035659,Terry McLaurin,WR,WAS,2021,4,0,0,0.0,0,,0,13,6,217,0.3939,0.7356,28,31,30.3,26.13,30.3
00-0035659,Terry McLaurin,WR,WAS,2021,5,0,0,0.0,0,,0,11,4,163,0.2683,0.4095,33,29,8.6,16.31,8.6
00-0035659,Terry McLaurin,WR,WAS,2021,6,0,0,0.0,0,,0,8,4,159,0.2051,0.5782,19,30,6.8,14.46,6.8
00-0035659,Terry McLaurin,WR,WAS,2021,7,0,0,0.0,0,,0,12,7,153,0.3333,0.5953,29,24,25.2,21.72,25.2
00-0035659,Terry McLaurin,WR,WAS,2021,8,0,0,0.0,0,,1,7,3,57,0.1892,0.2,24,33,6.5,12.65,6.5
00-0035659,Terry McLaurin,WR,WAS,2021,10,0,0,0.0,0,,0,8,6,58,0.25,0.2511,34,36,11.9,13.13,11.9
00-0035659,Terry McLaurin,WR,WAS,2021,11,0,0,0.0,0,,0,7,5,153,0.35,0.6349,40,34,21.3,13.4,21.3
00-0035659,Terry McLaurin,WR,WAS,2021,12,0,0,0.0,0,,0,7,4,92,0.2059,0.4868,43,49,9.1,11.57,9.1
00-0035659,Terry McLaurin,WR,WAS,2021,13,0,0,0.0,0,,0,5,3,53,0.1667,0.2624,30,32,5.2,7.56,5.2
00-0035659,Terry McLaurin,WR,WAS,2021,14,0,0,0.0,0,,0,3,0,80,0.0909,0.2299,23,22,0.0,5.51,0.0
00-0035659,Terry McLaurin,WR,WAS,2021,15,0,0,0.0,0,,0,4,2,96,0.1333,0.4873,21,26,7.1,5.63,7.1
00-0035659,Terry McLaurin,WR,WAS,2021,16,0,0,0.0,0,,0,6,3,114,0.2,0.4691,20,21,7.0,9.71,7.0
00-0035659,Terry McLaurin,WR,WAS,2021,17,0,0,0.0,0,,0,8,7,21,0.2353,0.116,22,27,13.1,11.34,13.1
00-0035659,Terry McLaurin,WR,WAS,2021,18,0,0,0.0,0,,0,6,4,83,0.3529,0.5764,37,37,13.3,9.05,13.3
00-0035662,Marquise Brown,WR,BAL,2021,1,0,0,0.0,0,,1,6,6,48,0.2069,0.2025,34,26,19.4,12.21,19.4
00-0035662,Marquise Brown,WR,BAL,2021,2,0,0,0.0,0,,0,10,6,140,0.4,0.5668,41,27,23.3,22.07,23.3
00-0035662,Marquise Brown,WR,BAL,2021,3,0,0,0.0,0,,0,7,3,161,0.2593,0.3043,22,15,8.3,15.22,8.3
00-0035662,Marquise Brown,WR,BAL,2021,4,0,0,0.0,0,,0,5,4,96,0.1429,0.2286,30,24,19.1,9.22,19.1
00-0035662,Marquise Brown,WR,BAL,2021,5,0,0,0.0,0,,0,10,9,100,0.2326,0.3247,25,18,33.5,20.15,33.5
00-0035662,Marquise Brown,WR,BAL,2021,6,0,0,0.0,0,,0,5,4,42,0.1852,0.2346,38,28,7.5,9.72,7.5
00-0035662,Marquise Brown,WR,BAL,2021,7,0,0,0.0,0,,0,14,5,321,0.3415,0.5497,24,17,19.0,28.66,19.0
00-0035662,Marquise Brown,WR,BAL,2021,9,0,0,0.0,0,,0,12,9,91,0.2927,0.2817,45,29,20.6,20.14,20.6
00-0035662,Marquise Brown,WR,BAL,2021,10,0,0,0.0,0,,0,13,6,101,0.3171,0.3258,23,16,9.7,19.49,9.7
00-0035662,Marquise Brown,WR,BAL,2021,12,0,0,0.0,0,,0,10,8,68,0.3125,0.2446,43,27,13.1,16.16,13.1
00-0035662,Marquise Brown,WR,BAL,2021,13,0,0,0.0,0,,0,7,5,67,0.1892,0.2735,25,25,10.5,13.64,10.5
00-0035662,Marquise Brown,WR,BAL,2021,14,0,0,0.0,0,,0,8,5,98,0.2,0.3192,23,19,9.1,11.68,9.1
00-0035662,Marquise Brown,WR,BAL,2021,15,0,0,0.0,0,,0,14,10,60,0.359,0.2469,26,15,14.3,22.13,14.3
00-0035662,Marquise Brown,WR,BAL,2021,16,0,0,0.0,0,,0,9,5,65,0.2432,0.2313,16,14,9.4,14.18,9.4
00-0035662,Marquise Brown,WR,BAL,2021,17,0,0,0.0,0,,0,8,3,104,0.2759,0.3714,32,26,5.8,12.93,5.8
00-0035662,Marquise Brown,WR,BAL,2021,18,0,0,0.0,0,,0,8,3,60,0.25,0.2158,36,24,5.7,12.78,5.7
00-0035664,Darrell Henderson,RB,LA,2021,1,0,0,0.0,0,,16,1,1,3,0.0385,0.0132,23,18,15.7,16.68,15.7
00-0035664,Darrell Henderson,RB,LA,2021,2,0,0,0.0,0,,13,5,3,-5,0.1724,-0.0229,29,26,17.2,17.05,17.2
00-0035664,Darrell Henderson,RB,LA,2021,4,0,0,0.0,0,,14,6,5,-8,0.1463,-0.0226,23,22,16.6,15.21,16.6
00-0035664,Darrell Henderson,RB,LA,2021,5,0,0,0.0,0,,17,1,1,-5,0.0286,-0.0107,29,30,16.9,10.51,16.9
00-0035664,Darrell Henderson,RB,LA,2021,6,0,0,0.0,0,,21,3,2,29,0.1,0.1229,34,32,24.7,23.37,24.7
00-0035664,Darrell Henderson,RB,LA,2021,7,0,0,0.0,0,,15,6,3,29,0.1463,0.0757,19,20,9.4,19.28,9.4
00-0035664,Darrell Henderson,RB,LA,2021,8,0,0,0.0,0,,14,2,1,2,0.0588,0.0092,31,31,22.3,23.57,22.3
00-0035664,Darrell Henderson,RB,LA,2021,9,0,0,0.0,0,,11,4,3,-11,0.0851,-0.0451,21,23,8.8,11.48,8.8
00-0035664,Darrell Henderson,RB,LA,2021,10,0,0,0.0,0,,5,6,4,-1,0.1429,-0.003,10,15,8.1,11.94,8.1
00-0035664,Darrell Henderson,RB,LA,2021,12,0,0,0.0,0,,16,4,4,4,0.1026,0.0092,20,24,17.3,15.67,17.3
00-0035664,Darrell Henderson,RB,LA,2021,15,0,0,0.0,0,,6,2,2,0.0,0.069,0.0,29,28,4.7,5.71,4.7
00-0035664,Darrell Henderson,RB,LA,2021,16,0,0,0.0,0,,1,0,0,0.0,0.0,0.0,33,30,1.7,0.64,1.7
00-0035676,A.J. Brown,WR,TEN,2021,1,0,0,0.0,0,,0,8,4,83,0.2222,0.3029,22,26,14.9,14.83,14.9
00-0035676,A.J. Brown,WR,TEN,2021,2,0,0,0.0,0,,0,9,3,172,0.2308,0.4279,40,45,7.3,18.67,7.3
00-0035676,A.J. Brown,WR,TEN,2021,3,0,0,0.0,0,,1,2,0,34,0.0769,0.1932,37,35,0.3,4.38,0.3
00-0035676,A.J. Brown,WR,TEN,2021,5,0,0,0.0,0,,0,6,3,48,0.2857,0.2892,36,32,6.8,10.46,6.8
00-0035676,A.J. Brown,WR,TEN,2021,6,0,0,0.0,0,,0,9,7,86,0.36,0.3386,22,22,16.1,17.81,16.1
00-0035676,A.J. Brown,WR,TEN,2021,7,0,0,0.0,0,,0,9,8,121,0.3333,0.5874,35,36,27.3,20.16,27.3
00-0035676,A.J. Brown,WR,TEN,2021,8,1,0,-0.51,0,,0,11,10,102,0.3438,0.4322,31,31,31.5,19.28,31.5
00-0035676,A.J. Brown,WR,TEN,2021,9,0,0,0.0,0,,0,11,5,84,0.4231,0.7706,26,26,9.2,21.67,9.2
00-0035676,A.J. Brown,WR,TEN,2021,10,0,0,0.0,0,,1,4,1,51,0.1481,0.3806,29,27,3.3,9.55,3.3
00-0035676,A.J. Brown,WR,TEN,2021,11,0,0,0.0,0,,0,9,5,86,0.1765,0.195,25,34,9.8,14.43,9.8
00-0035676,A.J. Brown,WR,TEN,2021,16,1,0,-0.742,0,-37.631,0,16,11,201,0.5333,0.7821,24,23,31.5,28.21,31.5
00-0035676,A.J. Brown,WR,TEN,2021,17,0,0,0.0,0,,0,5,2,88,0.2778,0.6567,40,39,6.1,10.68,6.1
00-0035676,A.J. Brown,WR,TEN,2021,18,0,0,0.0,0,,0,6,4,62,0.1875,0.1896,32,32,16.8,9.61,16.8
00-0035685,David Montgomery,RB,CHI,2021,1,0,0,0.0,0,,16,1,1,0.0,0.025,0.0,26,27,18.8,10.31,18.8
00-0035685,David Montgomery,RB,CHI,2021,2,0,0,0.0,0,,20,4,3,-1,0.1739,-0.0057,34,27,10.9,17.38,10.9
00-0035685,David Montgomery,RB,CHI,2021,3,0,0,0.0,0,,10,4,2,3,0.2,0.0263,13,12,7.5,10.73,7.5
00-0035685,David Montgomery,RB,CHI,2021,4,0,0,0.0,0,,23,0,0,0.0,0.0,0.0,39,36,22.6,14.68,22.6
00-0035685,David Montgomery,RB,CHI,2021,9,0,0,0.0,0,,13,2,2,1,0.069,0.0023,26,19,10.0,8.92,10.0
00-0035685,David Montgomery,RB,CHI,2021,11,0,0,0.0,0,,14,1,1,0.0,0.0303,0.0,20,16,7.7,8.41,7.7
00-0035685,David Montgomery,RB,CHI,2021,12,0,0,0.0,0,,17,3,3,-5,0.0811,-0.0145,29,24,10.4,12.19,10.4
00-0035685,David Montgomery,RB,CHI,2021,13,0,0,0.0,0,,21,9,8,-7,0.225,-0.0299,27,34,28.1,27.02,27.8
00-0035685,David Montgomery,RB,CHI,2021,14,0,0,0.0,0,,10,7,6,14,0.2188,0.0545,23,20,14.1,14.97,14.1
00-0035685,David Montgomery,RB,CHI,2021,15,0,0,0.0,0,,18,6,5,25,0.1667,0.085,28,26,11.3,18.5,11.3
00-0035685,David Montgomery,RB,CHI,2021,16,0,0,0.0,0,,21,9,7,7,0.2571,0.0354,30,33,23.6,36.87,23.6
00-0035685,David Montgomery,RB,CHI,2021,17,1,0,-3.177,0,-45.828,22,2,2,6,0.0606,0.0217,27,26,20.1,21.8,20.1
00-0035685,David Montgomery,RB,CHI,2021,18,0,0,0.0,0,,20,3,2,2,0.0652,0.006,25,29,9.9,14.27,9.9
00-0035689,Dawson Knox,TE,BUF,2021,1,0,0,0.0,0,,0,4,4,23,0.0833,0.0472,25,18,8.1,6.18,8.1
00-0035689,Dawson Knox,TE,BUF,2021,2,0,0,0.0,0,,0,3,2,13,0.1034,0.0414,30,27,9.7,6.18,9.7
00-0035689,Dawson Knox,TE,BUF,2021,3,0,0,0.0,0,,0,5,4,43,0.1163,0.1057,33,28,14.9,10.16,14.9
00-0035689,Dawson Knox,TE,BUF,2021,4,0,0,0.0,0,,0,8,5,41,0.2581,0.1513,40,31,20.7,18.54,20.7
00-0035689,Dawson Knox,TE,BUF,2021,5,0,0,0.0,0,,0,4,3,106,0.1667,0.363,28,21,20.7,10.72,20.7
00-0035689,Dawson Knox,TE,BUF,2021,6,0,0,1.053,0,,0,3,3,4,0.0667,0.0104,23,20,7.5,5.2,7.5
00-0035689,Dawson Knox,TE,BUF,2021,10,0,0,0.0,0,,0,1,1,2,0.0357,0.0055,24,21,2.7,1.59,2.7
00-0035689,Dawson Knox,TE,BUF,2021,11,0,0,0.0,0,,0,10,6,68,0.2564,0.2437,13,16,14.0,16.85,14.0
00-0035689,Dawson Knox,TE,BUF,2021,12,0,0,0.0,0,,0,3,3,10,0.1154,0.0592,32,27,18.2,6.69,18.2
00-0035689,Dawson Knox,TE,BUF,2021,13,0,0,0.0,0,,0,6,2,66,0.2,0.2122,25,22,3.4,10.11,3.4
00-0035689,Dawson Knox,TE,BUF,2021,14,0,0,0.0,0,,0,9,7,32,0.1765,0.1181,19,13,19.0,14.2,19.0
00-0035689,Dawson Knox,TE,BUF,2021,15,0,0,0.0,0,,0,5,4,52,0.1613,0.1739,27,24,7.8,8.65,7.8
00-0035689,Dawson Knox,TE,BUF,2021,16,0,0,0.0,0,,0,3,2,6,0.0698,0.0193,28,22,9.1,9.07,9.1
00-0035689,Dawson Knox,TE,BUF,2021,17,0,0,0.0,0,,0,2,0,20,0.0833,0.0851,44,28,0.0,3.31,0.0
00-0035689,Dawson Knox,TE,BUF,2021,18,0,0,0.0,0,,0,5,3,38,0.1111,0.0907,33,28,8.3,10.46,7.9
00-0035700,Josh Jacobs,RB,LV,2021,1,0,0,0.0,0,,10,2,1,8,0.0385,0.0145,21,22,17.0,9.68,17.0
00-0035700,Josh Jacobs,RB,LV,2021,4,0,0,0.0,0,,13,5,5,-5,0.1562,-0.017,18,20,10.7,13.33,10.7
00-0035700,Josh Jacobs,RB,LV,2021,5,0,0,0.0,0,,15,5,4,-6,0.1429,-0.0188,22,22,16.7,18.0,16.7
00-0035700,Josh Jacobs,RB,LV,2021,6,0,0,0.0,0,,16,1,1,-3,0.04,-0.0094,23,25,15.2,11.9,15.2
00-0035700,Josh Jacobs,RB,LV,2021,7,0,0,0.0,0,,6,3,3,-4,0.0882,-0.0207,29,33,15.8,8.34,15.8
00-0035700,Josh Jacobs,RB,LV,2021,9,0,0,0.0,0,,13,4,4,-3,0.087,-0.0113,20,29,13.5,13.97,13.5
00-0035700,Josh Jacobs,RB,LV,2021,10,0,0,0.0,0,,7,5,5,-6,0.1471,-0.0234,14,19,8.6,13.37,8.6
00-0035700,Josh Jacobs,RB,LV,2021,11,0,0,0.0,0,,9,7,5,5,0.28,0.0216,18,21,11.1,14.87,11.1
00-0035700,Josh Jacobs,RB,LV,2021,12,0,0,0.0,0,,22,4,2,10,0.1053,0.0266,35,33,19.2,19.9,19.2
00-0035700,Josh Jacobs,RB,LV,2021,13,0,0,0.0,0,,13,9,9,-15,0.25,-0.042,16,25,24.0,22.37,24.0
00-0035700,Josh Jacobs,RB,LV,2021,14,0,0,0.0,0,,9,6,5,-6,0.1395,-0.0311,12,20,10.0,12.84,10.0
00-0035700,Josh Jacobs,RB,LV,2021,15,0,0,0.0,0,,15,4,3,17,0.1111,0.0514,25,24,12.4,13.43,12.4
00-0035700,Josh Jacobs,RB,LV,2021,16,0,0,0.0,0,,27,3,1,-14,0.12,-0.0993,40,36,11.4,17.01,11.4
00-0035700,Josh Jacobs,RB,LV,2021,17,0,0,0.0,0,,16,4,4,-3,0.125,-0.0097,27,30,18.0,14.89,18.0
00-0035700,Josh Jacobs,RB,LV,2021,18,0,0,0.0,0,,26,2,2,-2,0.0606,-0.0072,34,32,22.4,24.49,22.4
00-0035703,Miles Boykin,WR,BAL,2021,6,0,0,0.0,0,,0,1,1,6,0.037,0.0335,38,28,1.6,1.72,1.6
00-0035704,Drew Lock,QB,DEN,2021,4,21,12,-9.433,3,-8.125,0,0,0,0.0,0.0,0.0,17,21,2.5,8.32,2.52
00-0035704,Drew Lock,QB,DEN,2021,12,7,4,-5.196,1,-4.896,0,0,0,0.0,0.0,0.0,33,35,-1.0,3.34,-0.96
00-0035704,Drew Lock,QB,DEN,2021,15,12,6,2.612,1,-6.343,1,0,0,0.0,0.0,0.0,34,35,5.3,6.03,5.32
00-0035704,Drew Lock,QB,DEN,2021,16,22,15,-2.267,2,2.001,2,0,0,0.0,0.0,0.0,16,17,7.1,8.53,7.12
00-0035704,Drew Lock,QB,DEN,2021,17,25,18,2.244,1,2.747,3,1,1,-5,0.037,-0.0228,27,28,15.9,16.26,15.9
00-0035704,Drew Lock,QB,DEN,2021,18,24,12,2.821,1,-8.577,4,0,0,0.0,0.0,0.0,28,27,22.0,14.55,21.98
00-0035710,Daniel Jones,QB,NYG,2021,1,37,22,-1.683,2,-3.499,6,0,0,0.0,0.0,0.0,20,17,21.4,21.38,21.38
00-0035710,Daniel Jones,QB,NYG,2021,2,32,22,2.821,4,4.384,9,0,0,0.0,0.0,0.0,28,18,29.5,18.86,29.46
00-0035710,Daniel Jones,QB,NYG,2021,3,35,24,7.624,2,0.302,8,0,0,0.0,0.0,0.0,27,23,16.5,18.67,16.54
00-0035710,Daniel Jones,QB,NYG,2021,4,40,28,16.379,0,8.726,4,0,0,0.0,0.0,0.0,20,20,26.8,18.91,26.78
00-0035710,Daniel Jones,QB,NYG,2021,5,13,5,0.887,0,-17.905,3,0,0,0.0,0.0,0.0,25,21,4.8,11.23,4.82
00-0035710,Daniel Jones,QB,NYG,2021,6,51,29,-14.702,4,-9.593,3,0,0,0.0,0.0,0.0,18,16,4.1,19.51,6.08
00-0035710,Daniel Jones,QB,NYG,2021,7,33,23,-2.001,2,1.129,8,1,1,13,0.0303,0.0575,31,16,17.5,21.21,17.52
00-0035710,Daniel Jones,QB,NYG,2021,8,32,22,-1.744,3,-1.707,5,0,0,0.0,0.0,0.0,20,20,16.1,19.68,16.08
00-0035710,Daniel Jones,QB,NYG,2021,9,20,15,-1.195,2,12.803,4,0,0,0.0,0.0,0.0,31,24,8.1,10.07,10.1
00-0035710,Daniel Jones,QB,NYG,2021,11,38,23,-21.362,2,-1.685,3,0,0,0.0,0.0,0.0,13,16,7.7,15.4,7.68
00-0035710,Daniel Jones,QB,NYG,2021,12,30,19,3.576,1,-3.1,9,0,0,0.0,0.0,0.0,27,21,15.1,18.74,15.08
00-0035715,Derrick Gore,RB,KC,2021,7,0,0,0.0,0,,0,1,1,-1,0.0208,-0.0027,13,11,1.7,1.61,1.7
00-0035715,Derrick Gore,RB,KC,2021,8,0,0,0.0,0,,11,0,0,0.0,0.0,0.0,27,30,10.8,9.59,10.8
00-0035715,Derrick Gore,RB,KC,2021,9,0,0,0.0,0,,3,1,1,-1,0.0278,-0.003,25,29,2.9,3.06,2.9
00-0035715,Derrick Gore,RB,KC,2021,10,0,0,0.0,0,,6,0,0,0.0,0.0,0.0,25,30,1.9,3.1,1.9
00-0035715,Derrick Gore,RB,KC,2021,14,0,0,0.0,0,,9,2,2,-6,0.0909,-0.0423,30,29,16.9,8.03,16.9
00-0035715,Derrick Gore,RB,KC,2021,16,0,0,0.0,0,,12,3,3,27,0.1034,0.1063,35,39,13.4,13.08,13.4
00-0035715,Derrick Gore,RB,KC,2021,17,0,0,0.0,0,,3,1,1,-4,0.0294,-0.0135,23,21,5.5,3.47,5.5
00-0035715,Derrick Gore,RB,KC,2021,18,0,0,0.0,0,,7,1,0,-4,0.0238,-0.0144,29,25,3.0,5.25,3.0
00-0035719,Deebo Samuel Sr.,WR,SF,2021,1,0,0,0.0,0,,0,12,9,100,0.5217,0.6061,28,23,31.9,21.79,31.9
00-0035719,Deebo Samuel Sr.,WR,SF,2021,2,0,0,0.0,0,,2,8,6,48,0.2667,0.4034,38,30,16.1,14.43,16.1
00-0035719,Deebo Samuel Sr.,WR,SF,2021,3,0,0,0.0,0,,2,10,5,61,0.2632,0.2337,21,12,10.2,16.05,10.2
00-0035719,Deebo Samuel Sr.,WR,SF,2021,4,0,0,0.0,0,,1,13,8,121,0.3333,0.3438,29,21,35.7,22.84,35.7
00-0035719,Deebo Samuel Sr.,WR,SF,2021,5,0,0,0.0,0,,1,9,3,72,0.3214,0.2759,28,12,16.1,16.23,16.1
00-0035719,Deebo Samuel Sr.,WR,SF,2021,7,0,0,0.0,0,,0,11,7,86,0.4074,0.3629,24,24,21.0,19.08,21.0
00-0035719,Deebo Samuel Sr.,WR,SF,2021,8,0,0,0.0,0,,0,9,6,89,0.3333,0.3589,26,23,23.1,15.89,23.1
00-0035719,Deebo Samuel Sr.,WR,SF,2021,9,0,0,0.0,0,,0,9,5,81,0.2308,0.2282,11,17,11.3,13.4,11.3
00-0035719,Deebo Samuel Sr.,WR,SF,2021,10,0,0,0.0,0,,5,5,5,41,0.2632,0.328,44,37,30.3,13.26,30.3
00-0035719,Deebo Samuel Sr.,WR,SF,2021,11,0,0,0.0,0,,8,2,1,30,0.1,0.2128,42,31,16.4,9.74,16.4
00-0035719,Deebo Samuel Sr.,WR,SF,2021,12,0,0,0.0,0,,6,4,1,69,0.1538,0.304,39,35,20.8,14.82,20.8
00-0035719,Deebo Samuel Sr.,WR,SF,2021,14,0,0,0.0,0,,8,1,1,18,0.027,0.0499,23,16,12.9,8.98,12.9
00-0035719,Deebo Samuel Sr.,WR,SF,2021,15,1,0,-0.458,0,-33.479,6,5,4,24,0.2083,0.1633,32,25,18.9,14.64,18.9
00-0035719,Deebo Samuel Sr.,WR,SF,2021,16,0,0,0.0,0,,5,11,9,68,0.3143,0.3009,21,21,28.1,21.81,28.1
00-0035719,Deebo Samuel Sr.,WR,SF,2021,17,0,0,0.0,0,,7,6,3,68,0.2609,0.2547,37,24,17.2,17.31,17.2
00-0035719,Deebo Samuel Sr.,WR,SF,2021,18,1,1,2.476,0,72.447,8,6,4,53,0.1875,0.1809,31,24,29.0,16.38,28.16
00-0035726,Jakob Johnson,RB,NE,2021,7,0,0,0.0,0,,0,2,2,5,0.05,0.0147,32,36,5.2,3.16,5.2
00-0035726,Jakob Johnson,RB,NE,2021,8,0,0,0.0,0,,0,2,1,1,0.0588,0.003,39,37,1.2,5.7,1.2
00-0035726,Jakob Johnson,RB,NE,2021,16,0,0,0.0,0,,0,1,1,4,0.0323,0.0127,27,23,1.9,1.59,1.9
00-0035752,Chris Streveler,QB,ARI,2021,9,0,0,0.0,0,,1,0,0,0.0,0.0,0.0,39,36,0.2,0.47,0.2
00-0035752,Chris Streveler,QB,ARI,2021,10,9,6,-4.257,2,-8.501,2,0,0,0.0,0.0,0.0,20,19,1.8,4.21,1.84
00-0035760,Jacques Patrick,RB,SF,2021,4,0,0,0.0,0,,2,0,0,0.0,0.0,0.0,29,21,1.2,0.95,1.2
00-0035771,Mitchell Wilcox,TE,CIN,2021,18,0,0,0.0,0,,0,5,3,19,0.1724,0.1159,18,21,4.6,6.66,4.6
00-0035806,JaMycal Hasty,RB,SF,2021,1,0,0,0.0,0,,1,1,1,0.0,0.0435,0.0,28,23,8.8,3.01,8.8
00-0035806,JaMycal Hasty,RB,SF,2021,2,0,0,0.0,0,,5,5,4,-1,0.1667,-0.0084,38,30,9.9,13.77,9.9
00-0035806,JaMycal Hasty,RB,SF,2021,7,0,0,0.0,0,,3,6,3,34,0.2222,0.1435,24,24,4.6,10.09,4.6
00-0035806,JaMycal Hasty,RB,SF,2021,8,0,0,0.0,0,,3,2,2,7,0.0741,0.0282,26,23,5.3,4.23,5.3
00-0035806,JaMycal Hasty,RB,SF,2021,9,0,0,0.0,0,,1,4,3,-1,0.1026,-0.0028,11,17,4.3,7.55,4.3
00-0035806,JaMycal Hasty,RB,SF,2021,14,0,0,0.0,0,,0,3,3,6,0.0811,0.0166,23,16,4.0,4.6,4.0
00-0035806,JaMycal Hasty,RB,SF,2021,15,0,0,0.0,0,,1,1,1,0.0,0.0417,0.0,32,25,2.6,1.98,2.6
00-0035806,JaMycal Hasty,RB,SF,2021,16,0,0,0.0,0,,1,3,3,4,0.0857,0.0177,21,21,5.9,5.15,5.9
00-0035806,JaMycal Hasty,RB,SF,2021,17,0,0,0.0,0,,0,1,1,1,0.0435,0.0037,37,24,1.6,1.67,1.6
00-0035806,JaMycal Hasty,RB,SF,2021,18,0,0,0.0,0,,1,3,2,20,0.0938,0.0683,31,24,4.5,4.21,4.5
00-0035823,Ben Ellefson,TE,MIN,2021,5,0,0,0.0,0,,0,1,0,7,0.0323,0.0276,28,33,0.0,1.89,0.0
00-0035831,James Robinson,RB,JAX,2021,1,0,0,0.0,0,,5,6,3,17,0.12,0.0409,16,19,8.4,10.41,8.4
00-0035831,James Robinson,RB,JAX,2021,2,0,0,0.0,0,,11,3,3,-7,0.0909,-0.0173,16,16,9.4,9.58,9.4
00-0035831,James Robinson,RB,JAX,2021,3,0,0,0.0,0,,15,6,6,6,0.1875,0.0221,29,29,25.4,17.86,25.4
00-0035831,James Robinson,RB,JAX,2021,4,0,0,0.0,0,,18,2,1,-9,0.0909,-0.0417,30,21,20.6,14.23,20.6
00-0035831,James Robinson,RB,JAX,2021,5,0,0,0.0,0,,18,1,1,-5,0.0303,-0.0199,31,25,21.7,17.06,21.7
00-0035831,James Robinson,RB,JAX,2021,6,0,0,0.0,0,,17,4,3,6,0.1,0.0196,19,20,19.1,17.02,19.1
00-0035831,James Robinson,RB,JAX,2021,8,0,0,0.0,0,,4,2,1,-4,0.0385,-0.0143,19,23,4.9,4.91,4.9
00-0035831,James Robinson,RB,JAX,2021,10,0,0,0.0,0,,12,5,4,-5,0.1429,-0.0149,24,19,18.4,18.02,18.4
00-0035831,James Robinson,RB,JAX,2021,11,0,0,0.0,0,,12,3,2,2,0.125,0.0105,16,14,11.8,13.19,11.8
00-0035831,James Robinson,RB,JAX,2021,12,0,0,0.0,0,,17,4,3,9,0.0976,0.0214,28,26,12.5,13.43,12.5
00-0035831,James Robinson,RB,JAX,2021,13,0,0,0.0,0,,8,4,1,14,0.1429,0.1197,25,19,2.5,9.58,2.5
00-0035831,James Robinson,RB,JAX,2021,14,0,0,0.0,0,,6,0,0,0.0,0.0,0.0,8,10,0.4,2.68,0.4
00-0035831,James Robinson,RB,JAX,2021,15,0,0,0.0,0,,18,6,3,16,0.1667,0.0611,25,23,17.8,21.65,17.8
00-0035831,James Robinson,RB,JAX,2021,16,0,0,0.0,0,,3,0,0,0.0,0.0,0.0,31,23,1.0,3.27,1.0
00-0035835,Nathan Cottrell,RB,JAX,2021,16,0,0,0.0,0,,1,0,0,0.0,0.0,0.0,31,23,0.3,0.51,0.3
00-0035844,Kirk Merritt,WR,MIA,2021,9,0,0,0.0,0,,0,3,1,56,0.075,0.1414,25,30,2.3,5.86,2.3
00-0035860,Tony Jones,RB,NO,2021,1,0,0,0.0,0,,11,1,1,0.0,0.05,0.0,39,35,6.3,8.28,6.3
00-0035860,Tony Jones,RB,NO,2021,2,0,0,0.0,0,,3,0,0,0.0,0.0,0.0,17,15,0.7,1.7,0.7
00-0035860,Tony Jones,RB,NO,2021,3,0,0,0.0,0,,2,2,2,8,0.1,0.0394,38,32,4.2,3.9,4.2
00-0035860,Tony Jones,RB,NO,2021,4,0,0,0.0,0,,3,3,1,-3,0.1154,-0.0155,39,33,1.5,6.21,1.5
00-0035860,Tony Jones,RB,NO,2021,11,0,0,0.0,0,,3,0,0,0.0,0.0,0.0,22,27,0.2,1.32,0.2
00-0035860,Tony Jones,RB,NO,2021,12,0,0,0.0,0,,16,0,0,0.0,0.0,0.0,25,16,2.7,8.17,2.7
00-0035860,Tony Jones,RB,NO,2021,14,0,0,0.0,0,,6,1,1,-4,0.0476,-0.0435,44,38,3.9,6.79,3.9
00-0035860,Tony Jones,RB,NO,2021,16,0,0,0.0,0,,2,0,0,0.0,0.0,0.0,23,21,0.6,1.07,0.6
00-0035860,Tony Jones,RB,NO,2021,17,0,0,0.0,0,,1,0,0,0.0,0.0,0.0,28,19,-0.2,0.5,-0.2
00-0035860,Tony Jones,RB,NO,2021,18,0,0,0.0,0,,7,1,0,0.0,0.0435,0.0,46,39,2.2,5.3,2.2
00-0035864,Kendall Hinton,WR,DEN,2021,2,0,0,0.0,0,,0,1,1,9,0.0294,0.0231,30,29,2.5,1.6,2.5
00-0035864,Kendall Hinton,WR,DEN,2021,4,0,0,0.0,0,,0,3,1,26,0.0811,0.0732,17,21,2.3,4.78,2.3
00-0035864,Kendall Hinton,WR,DEN,2021,5,0,0,0.0,0,,0,3,2,23,0.0857,0.0685,18,22,10.5,6.03,10.5
00-0035864,Kendall Hinton,WR,DEN,2021,6,0,0,0.0,0,,0,5,5,33,0.1042,0.0672,23,28,8.7,7.35,8.7
00-0035864,Kendall Hinton,WR,DEN,2021,7,0,0,0.0,0,,0,2,2,9,0.0625,0.0517,14,20,3.5,2.72,3.5
00-0035864,Kendall Hinton,WR,DEN,2021,9,0,0,0.0,0,,0,1,1,14,0.0417,0.0622,41,40,5.0,1.81,5.0
00-0035864,Kendall Hinton,WR,DEN,2021,12,0,0,0.0,0,,0,1,0,0.0,0.0435,0.0,33,35,0.0,1.29,0.0
00-0035864,Kendall Hinton,WR,DEN,2021,13,0,0,0.0,0,,0,1,1,5,0.0278,0.0186,31,34,1.7,1.38,1.7
00-0035864,Kendall Hinton,WR,DEN,2021,15,0,0,0.0,0,,0,1,0,4,0.0312,0.0118,34,35,0.0,1.32,0.0
00-0035864,Kendall Hinton,WR,DEN,2021,17,1,1,-3.131,0,43.769,0,5,2,62,0.1852,0.2831,27,28,4.3,9.49,4.34
00-0035883,Maurice Ffrench,WR,LAC,2021,16,0,0,0.0,0,,1,0,0,0.0,0.0,0.0,21,25,0.3,0.84,0.3
00-0035891,Cody White,WR,PIT,2021,3,0,0,0.0,0,,0,2,2,13,0.0345,0.0414,15,28,3.7,2.57,3.7
00-0035891,Cody White,WR,PIT,2021,5,0,0,0.0,0,,0,1,0,19,0.04,0.0984,35,34,0.0,2.15,0.0
00-0035891,Cody White,WR,PIT,2021,16,0,0,0.0,0,,0,3,3,6,0.0714,0.0273,25,30,4.6,3.63,4.6
00-0035898,Darius Bradwell,RB,LAC,2021,12,0,0,0.0,0,,0,1,0,1,0.0227,0.0035,17,21,0.0,1.48,0.0
00-0035924,Jonathan Ward,RB,ARI,2021,6,0,0,0.0,0,,4,0,0,0.0,0.0,0.0,37,28,1.4,1.68,1.4
00-0035924,Jonathan Ward,RB,ARI,2021,7,0,0,0.0,0,,1,0,0,0.0,0.0,0.0,37,29,0.7,0.43,0.7
00-0035924,Jonathan Ward,RB,ARI,2021,15,0,0,0.0,0,,1,2,1,-1,0.0417,-0.003,21,18,2.5,3.52,2.5
00-0035924,Jonathan Ward,RB,ARI,2021,16,0,0,0.0,0,,1,0,0,0.0,0.0,0.0,21,25,0.3,0.3,0.3
00-0035924,Jonathan Ward,RB,ARI,2021,17,0,0,0.0,0,,2,1,1,19,0.027,0.0531,32,28,3.6,3.41,3.6
00-0035924,Jonathan Ward,RB,ARI,2021,18,0,0,0.0,0,,0,1,1,-5,0.0256,-0.0198,28,33,1.2,1.44,1.2
00-0035956,Giovanni Ricci,TE,CAR,2021,15,0,0,0.0,0,,0,1,0,17,0.0278,0.0578,29,17,0.0,2.06,0.0
00-0035956,Giovanni Ricci,TE,CAR,2021,16,0,0,0.0,0,,0,1,0,6,0.0233,0.0155,15,14,0.0,2.67,0.0
00-0035957,Rodney Smith,RB,CAR,2021,4,0,0,0.0,0,,0,5,5,16,0.1282,0.0473,24,23,9.8,7.6,9.8
00-0035973,Patrick Taylor,RB,GB,2021,10,0,0,0.0,0,,2,0,0,0.0,0.0,0.0,32,36,0.7,1.77,0.7
00-0035973,Patrick Taylor,RB,GB,2021,11,0,0,0.0,0,,4,0,0,0.0,0.0,0.0,19,21,1.1,2.23,1.1
00-0035973,Patrick Taylor,RB,GB,2021,17,0,0,0.0,0,,6,0,0,0.0,0.0,0.0,32,35,1.8,2.83,1.8
00-0035973,Patrick Taylor,RB,GB,2021,18,0,0,0.0,0,,11,2,2,-2,0.0571,-0.0093,27,28,13.6,14.83,13.6
00-0035993,Tyler Huntley,QB,BAL,2021,6,0,0,0.0,0,,3,0,0,0.0,0.0,0.0,38,28,1.0,0.24,1.0
00-0035993,Tyler Huntley,QB,BAL,2021,7,11,5,-4.219,0,-21.148,0,0,0,0.0,0.0,0.0,24,17,1.6,3.42,1.56
00-0035993,Tyler Huntley,QB,BAL,2021,11,36,26,-6.94,6,-0.847,7,0,0,0.0,0.0,0.0,34,35,10.8,15.44,10.76
00-0035993,Tyler Huntley,QB,BAL,2021,14,38,27,-4.755,3,8.677,6,0,0,0.0,0.0,0.0,23,19,15.3,16.75,19.3
00-0035993,Tyler Huntley,QB,BAL,2021,15,40,28,3.848,1,3.362,13,0,0,0.0,0.0,0.0,26,15,35.9,34.69,35.9
00-0035993,Tyler Huntley,QB,BAL,2021,17,32,20,-3.937,5,0.674,6,0,0,0.0,0.0,0.0,32,26,11.3,16.2,11.28
00-0035993,Tyler Huntley,QB,BAL,2021,18,31,16,-14.695,3,-12.632,12,0,0,0.0,0.0,0.0,36,24,6.8,19.96,6.84
00-0036020,Salvon Ahmed,RB,MIA,2021,1,0,0,0.0,0,,3,3,2,31,0.1111,0.1235,23,24,4.8,5.82,4.8
00-0036020,Salvon Ahmed,RB,MIA,2021,2,0,0,0.0,0,,6,3,0,7,0.0714,0.033,20,20,1.7,7.06,1.7
00-0036020,Salvon Ahmed,RB,MIA,2021,4,0,0,0.0,0,,3,2,2,4,0.0667,0.0174,16,16,3.3,4.28,3.3
00-0036020,Salvon Ahmed,RB,MIA,2021,5,0,0,0.0,0,,2,3,2,4,0.0769,0.016,9,19,4.1,4.86,4.1
00-0036020,Salvon Ahmed,RB,MIA,2021,6,0,0,0.0,0,,7,2,1,3,0.0426,0.0077,20,21,4.7,6.83,4.7
00-0036020,Salvon Ahmed,RB,MIA,2021,7,0,0,0.0,0,,7,2,2,-11,0.05,-0.0455,29,32,7.2,6.33,7.2
00-0036020,Salvon Ahmed,RB,MIA,2021,8,0,0,0.0,0,,7,2,1,1,0.0556,0.0037,23,24,3.8,5.84,3.8
00-0036020,Salvon Ahmed,RB,MIA,2021,9,0,0,0.0,0,,4,0,0,0.0,0.0,0.0,25,30,0.6,2.09,0.6
00-0036020,Salvon Ahmed,RB,MIA,2021,10,0,0,0.0,0,,2,1,1,3,0.0294,0.0097,22,19,2.5,2.32,2.5
00-0036020,Salvon Ahmed,RB,MIA,2021,12,0,0,0.0,0,,5,1,1,-1,0.0323,-0.0086,39,36,3.6,4.39,3.6
00-0036020,Salvon Ahmed,RB,MIA,2021,13,0,0,0.0,0,,8,0,0,0.0,0.0,0.0,25,25,2.3,4.08,2.3
00-0036032,Sean McKeon,TE,DAL,2021,9,0,0,0.0,0,,0,2,0,10,0.0513,0.0213,16,18,0.0,3.14,0.0
00-0036032,Sean McKeon,TE,DAL,2021,10,0,0,0.0,0,,0,2,2,13,0.0606,0.0707,37,41,3.5,3.4,3.5
00-0036032,Sean McKeon,TE,DAL,2021,11,0,0,0.0,0,,0,1,1,1,0.0238,0.0031,16,24,1.2,1.48,1.2
00-0036032,Sean McKeon,TE,DAL,2021,12,0,0,0.0,0,,0,1,1,3,0.0213,0.0085,20,29,8.0,2.7,8.0
00-0036040,Juwan Johnson,TE,NO,2021,1,0,0,0.0,0,,0,3,3,4,0.15,0.0263,39,35,17.1,8.85,17.1
00-0036040,Juwan Johnson,TE,NO,2021,2,0,0,0.0,0,,0,3,1,59,0.1429,0.3711,17,15,3.3,4.67,3.3
00-0036040,Juwan Johnson,TE,NO,2021,3,0,0,0.0,0,,0,1,0,25,0.05,0.1232,38,32,0.0,1.87,0.0
00-0036040,Juwan Johnson,TE,NO,2021,4,0,0,0.0,0,,0,3,2,20,0.1154,0.1036,39,33,10.0,5.5,10.0
00-0036040,Juwan Johnson,TE,NO,2021,5,0,0,0.0,0,,0,1,0,7,0.0357,0.0192,23,21,0.0,1.73,0.0
00-0036040,Juwan Johnson,TE,NO,2021,7,0,0,0.0,0,,0,1,1,7,0.0312,0.0236,31,33,1.8,1.47,1.8
00-0036040,Juwan Johnson,TE,NO,2021,8,0,0,0.0,0,,0,1,0,26,0.0286,0.1376,32,31,0.0,2.14,0.0
00-0036040,Juwan Johnson,TE,NO,2021,10,0,0,0.0,0,,0,3,2,35,0.0857,0.1067,21,20,5.6,4.95,5.6
00-0036040,Juwan Johnson,TE,NO,2021,13,0,0,0.0,0,,0,1,1,25,0.0244,0.0856,26,11,3.7,1.94,3.7
00-0036040,Juwan Johnson,TE,NO,2021,14,0,0,0.0,0,,0,1,1,6,0.0476,0.0652,44,38,2.5,1.48,2.5
00-0036040,Juwan Johnson,TE,NO,2021,17,0,0,0.0,0,,0,2,1,6,0.087,0.033,28,19,1.4,2.98,1.4
00-0036040,Juwan Johnson,TE,NO,2021,18,0,0,0.0,0,,0,2,1,20,0.087,0.1036,46,39,7.5,6.08,7.5
00-0036069,Scottie Phillips,RB,HOU,2021,8,0,0,0.0,0,,5,3,2,2,0.0833,0.0076,14,20,4.0,6.8,4.0
00-0036069,Scottie Phillips,RB,HOU,2021,9,0,0,0.0,0,,1,0,0,0.0,0.0,0.0,18,18,0.2,0.44,0.2
00-0036080,Easop Winston,WR,NO,2021,14,0,0,0.0,0,,0,1,1,-4,0.0476,-0.0435,44,38,1.5,1.68,1.5
00-0036096,J.J. Taylor,RB,NE,2021,2,0,0,0.0,0,,2,0,0,0.0,0.0,0.0,24,30,0.3,1.35,0.3
00-0036096,J.J. Taylor,RB,NE,2021,3,0,0,0.0,0,,1,2,2,2,0.0392,0.0032,17,18,2.5,3.6,2.5
00-0036096,J.J. Taylor,RB,NE,2021,4,0,0,0.0,0,,1,1,1,-2,0.0238,-0.0092,8,15,-1.0,2.04,-1.0
00-0036096,J.J. Taylor,RB,NE,2021,7,0,0,0.0,0,,9,1,1,-2,0.025,-0.0059,32,36,15.6,14.35,15.6
00-0036096,J.J. Taylor,RB,NE,2021,10,0,0,0.0,0,,6,0,0,0.0,0.0,0.0,34,36,1.1,2.98,1.1
00-0036110,Ja'Marcus Bradley,WR,CLE,2021,11,0,0,0.0,0,,0,2,2,40,0.0714,0.1444,36,32,6.6,3.39,6.6
00-0036110,Ja'Marcus Bradley,WR,CLE,2021,12,0,0,0.0,0,,0,2,2,8,0.0588,0.0227,17,17,3.8,2.79,3.8
00-0036133,James Proche,WR,BAL,2021,3,0,0,0.0,0,,0,1,1,29,0.037,0.0548,22,15,3.9,1.99,3.9
00-0036133,James Proche,WR,BAL,2021,4,0,0,0.0,0,,0,6,5,48,0.1714,0.1143,30,24,12.4,9.57,12.4
00-0036133,James Proche,WR,BAL,2021,5,0,0,0.0,0,,0,2,2,12,0.0465,0.039,25,18,3.5,3.05,3.5
00-0036133,James Proche,WR,BAL,2021,6,0,0,0.0,0,,0,1,0,21,0.037,0.1173,38,28,0.0,1.8,0.0
00-0036133,James Proche,WR,BAL,2021,7,0,0,0.0,0,,0,1,0,4,0.0244,0.0068,24,17,0.0,1.47,0.0
00-0036133,James Proche,WR,BAL,2021,15,0,0,0.0,0,,0,1,1,8,0.0256,0.0329,26,15,1.8,1.58,1.8
00-0036133,James Proche,WR,BAL,2021,16,0,0,0.0,0,,0,8,7,70,0.2162,0.2491,16,14,14.6,12.29,14.6
00-0036173,Tommy Hudson,TE,TEN,2021,2,0,0,0.0,0,,0,2,1,2,0.0513,0.005,40,45,2.4,2.31,2.4
00-0036173,Tommy Hudson,TE,TEN,2021,3,0,0,0.0,0,,0,2,1,-3,0.0769,-0.017,37,35,1.3,2.93,1.3
00-0036173,Tommy Hudson,TE,TEN,2021,4,0,0,0.0,0,,0,1,1,12,0.0204,0.0305,37,44,2.4,1.78,2.4
00-0036173,Tommy Hudson,TE,TEN,2021,11,0,0,0.0,0,,0,1,0,19,0.0196,0.0431,25,34,0.0,1.75,0.0
00-0036182,Nick Westbrook-Ikhine,WR,TEN,2021,1,0,0,0.0,0,,0,2,1,16,0.0556,0.0584,22,26,2.0,3.59,2.0
00-0036182,Nick Westbrook-Ikhine,WR,TEN,2021,2,0,0,0.0,0,,0,1,1,5,0.0256,0.0124,40,45,1.6,1.54,1.6
00-0036182,Nick Westbrook-Ikhine,WR,TEN,2021,3,0,0,0.0,0,,0,4,4,32,0.1538,0.1818,37,35,13.3,6.82,13.3
00-0036182,Nick Westbrook-Ikhine,WR,TEN,2021,4,0,0,0.0,0,,0,8,3,101,0.1633,0.257,37,44,5.9,13.95,5.9
00-0036182,Nick Westbrook-Ikhine,WR,TEN,2021,6,0,0,0.0,0,,0,3,3,16,0.12,0.063,22,22,5.7,4.59,5.7
00-0036182,Nick Westbrook-Ikhine,WR,TEN,2021,8,0,0,0.0,0,,0,3,2,16,0.0938,0.0678,31,31,9.6,7.13,9.6
00-0036182,Nick Westbrook-Ikhine,WR,TEN,2021,9,0,0,0.0,0,,0,1,1,8,0.0385,0.0734,26,26,2.4,1.79,2.4
00-0036182,Nick Westbrook-Ikhine,WR,TEN,2021,10,0,0,0.0,0,,0,1,1,10,0.037,0.0746,29,27,2.0,1.06,2.0
00-0036182,Nick Westbrook-Ikhine,WR,TEN,2021,11,0,0,0.0,0,,0,8,7,81,0.1569,0.1837,25,34,17.7,11.3,17.7
00-0036182,Nick Westbrook-Ikhine,WR,TEN,2021,12,0,0,0.0,0,,0,6,2,58,0.2857,0.4531,39,33,10.5,10.97,10.5
00-0036182,Nick Westbrook-Ikhine,WR,TEN,2021,14,0,0,0.0,0,,0,3,3,13,0.1,0.0884,34,29,6.1,4.6,6.1
00-0036182,Nick Westbrook-Ikhine,WR,TEN,2021,15,0,0,0.0,0,,0,7,4,115,0.2188,0.5204,42,46,7.2,14.61,7.2
00-0036182,Nick Westbrook-Ikhine,WR,TEN,2021,16,0,0,0.0,0,,0,3,2,38,0.1,0.1479,24,23,5.8,5.06,5.8
00-0036182,Nick Westbrook-Ikhine,WR,TEN,2021,17,0,0,0.0,0,,0,2,0,33,0.1111,0.2463,40,39,0.0,2.97,0.0
00-0036182,Nick Westbrook-Ikhine,WR,TEN,2021,18,0,0,0.0,0,,0,5,4,64,0.1562,0.1957,32,32,17.8,9.48,17.8
00-0036183,Kristian Wilkerson,WR,NE,2021,17,0,0,0.0,0,,0,8,4,132,0.2424,0.5323,36,32,20.2,19.63,20.2
00-0036187,Reggie Gilliam,RB,BUF,2021,2,0,0,0.0,0,,2,0,0,0.0,0.0,0.0,30,27,0.2,0.96,0.2
00-0036187,Reggie Gilliam,RB,BUF,2021,3,0,0,0.0,0,,0,1,0,17,0.0233,0.0418,33,28,0.0,3.17,0.0
00-0036187,Reggie Gilliam,RB,BUF,2021,4,0,0,0.0,0,,1,1,1,2,0.0323,0.0074,40,31,1.9,2.14,1.9
00-0036187,Reggie Gilliam,RB,BUF,2021,11,0,0,0.0,0,,0,1,1,0.0,0.0256,0.0,13,16,1.7,1.43,1.7
00-0036187,Reggie Gilliam,RB,BUF,2021,16,0,0,0.0,0,,0,1,1,-1,0.0233,-0.0032,28,22,1.8,1.48,1.8
00-0036187,Reggie Gilliam,RB,BUF,2021,18,0,0,0.0,0,,0,1,0,3,0.0222,0.0072,33,28,0.0,1.55,0.0
00-0036196,Gabe Davis,WR,BUF,2021,1,0,0,0.0,0,,0,5,2,74,0.1042,0.152,25,18,12.0,9.62,12.0
00-0036196,Gabe Davis,WR,BUF,2021,3,0,0,0.0,0,,0,1,1,19,0.0233,0.0467,33,28,3.3,1.56,3.3
00-0036196,Gabe Davis,WR,BUF,2021,4,0,0,0.0,0,,0,1,0,7,0.0323,0.0258,40,31,0.0,3.6,0.0
00-0036196,Gabe Davis,WR,BUF,2021,5,0,0,0.0,0,,0,1,1,13,0.0417,0.0445,28,21,2.6,2.25,2.6
00-0036196,Gabe Davis,WR,BUF,2021,6,0,0,0.0,0,,0,2,2,13,0.0444,0.0338,23,20,4.5,2.85,4.5
00-0036196,Gabe Davis,WR,BUF,2021,8,0,0,0.0,0,,0,5,4,31,0.122,0.1211,23,22,12.9,11.08,12.9
00-0036196,Gabe Davis,WR,BUF,2021,9,0,0,0.0,0,,0,2,0,11,0.0444,0.0383,14,18,0.0,2.38,0.0
00-0036196,Gabe Davis,WR,BUF,2021,10,0,0,0.0,0,,0,3,3,99,0.1071,0.2735,24,21,13.5,9.97,13.5
00-0036196,Gabe Davis,WR,BUF,2021,11,0,0,0.0,0,,0,4,2,66,0.1026,0.2366,13,16,4.7,7.04,4.7
00-0036196,Gabe Davis,WR,BUF,2021,12,0,0,0.0,0,,0,3,2,31,0.1154,0.1834,32,27,6.7,5.48,6.7
00-0036196,Gabe Davis,WR,BUF,2021,13,0,0,0.0,0,,0,4,2,51,0.1333,0.164,25,22,11.0,9.97,11.0
00-0036196,Gabe Davis,WR,BUF,2021,14,0,0,0.0,0,,0,8,5,43,0.1569,0.1587,19,13,15.3,17.94,15.3
00-0036196,Gabe Davis,WR,BUF,2021,15,0,0,0.0,0,,0,7,5,135,0.2258,0.4515,27,24,25.5,17.98,25.5
00-0036196,Gabe Davis,WR,BUF,2021,17,0,0,0.0,0,,0,3,3,31,0.125,0.1319,44,28,7.0,4.85,7.0
00-0036196,Gabe Davis,WR,BUF,2021,18,0,0,0.0,0,,0,14,3,222,0.3111,0.5298,33,28,6.9,29.29,6.9
00-0036197,Jake Fromm,QB,NYG,2021,15,12,6,-0.625,1,-5.284,0,0,0,0.0,0.0,0.0,24,29,3.3,5.58,3.28
00-0036197,Jake Fromm,QB,NYG,2021,16,17,6,-15.25,2,-32.491,3,0,0,0.0,0.0,0.0,27,26,0.2,6.13,0.2
00-0036197,Jake Fromm,QB,NYG,2021,18,31,15,-19.282,3,-16.412,5,0,0,0.0,0.0,0.0,25,24,7.4,10.48,9.42
00-0036212,Tua Tagovailoa,QB,MIA,2021,1,27,16,1.342,2,-4.562,4,0,0,0.0,0.0,0.0,23,24,16.2,13.86,16.18
00-0036212,Tua Tagovailoa,QB,MIA,2021,2,4,1,-7.603,2,-38.062,0,0,0,0.0,0.0,0.0,20,20,0.5,0.72,0.52
00-0036212,Tua Tagovailoa,QB,MIA,2021,6,47,33,8.575,0,5.544,3,0,0,0.0,0.0,0.0,20,21,21.4,26.24,21.36
00-0036212,Tua Tagovailoa,QB,MIA,2021,7,40,32,5.602,1,12.371,4,0,0,0.0,0.0,0.0,29,32,26.5,22.64,26.54
00-0036212,Tua Tagovailoa,QB,MIA,2021,8,39,21,-1.588,2,-9.259,4,0,0,0.0,0.0,0.0,23,24,15.2,19.42,13.2
00-0036212,Tua Tagovailoa,QB,MIA,2021,10,13,8,2.261,1,4.837,3,0,0,0.0,0.0,0.0,22,19,12.3,11.85,12.32
00-0036212,Tua Tagovailoa,QB,MIA,2021,11,33,27,16.52,0,12.413,3,0,0,0.0,0.0,0.0,33,32,17.5,14.43,17.52
00-0036212,Tua Tagovailoa,QB,MIA,2021,12,31,27,6.4,2,13.823,4,0,0,0.0,0.0,0.0,39,36,13.2,17.2,11.2
00-0036212,Tua Tagovailoa,QB,MIA,2021,13,41,30,4.146,2,4.333,2,0,0,0.0,0.0,0.0,25,25,17.9,18.65,17.86
00-0036212,Tua Tagovailoa,QB,MIA,2021,15,27,16,-1.759,1,1.639,7,0,0,0.0,0.0,0.0,42,33,13.7,17.84,13.74
00-0036212,Tua Tagovailoa,QB,MIA,2021,16,26,19,4.913,2,2.996,1,0,0,0.0,0.0,0.0,30,30,10.0,11.49,10.02
00-0036212,Tua Tagovailoa,QB,MIA,2021,17,38,18,-15.093,4,-18.285,2,0,0,0.0,0.0,0.0,16,17,4.3,12.27,6.3
00-0036212,Tua Tagovailoa,QB,MIA,2021,18,22,15,-2.753,1,1.421,5,0,0,0.0,0.0,0.0,43,41,12.2,12.22,12.16
00-0036219,Marquez Callaway,WR,NO,2021,1,0,0,0.0,0,,0,2,1,39,0.1,0.2566,39,35,2.4,4.0,2.4
00-0036219,Marquez Callaway,WR,NO,2021,2,0,0,0.0,0,,0,4,2,25,0.1905,0.1572,17,15,2.8,4.75,2.8
00-0036219,Marquez Callaway,WR,NO,2021,3,0,0,0.0,0,,0,5,4,40,0.25,0.197,38,32,14.1,9.08,14.1
00-0036219,Marquez Callaway,WR,NO,2021,4,0,0,0.0,0,,0,2,2,64,0.0769,0.3316,39,33,9.4,4.45,9.4
00-0036219,Marquez Callaway,WR,NO,2021,5,0,0,0.0,0,,0,8,4,143,0.2857,0.3918,23,21,24.5,12.94,24.5
00-0036219,Marquez Callaway,WR,NO,2021,7,0,0,0.0,0,,0,7,3,57,0.2188,0.1919,31,33,6.2,14.35,6.2
00-0036219,Marquez Callaway,WR,NO,2021,8,0,0,0.0,0,,0,5,3,51,0.1429,0.2698,32,31,6.0,8.47,6.0
00-0036219,Marquez Callaway,WR,NO,2021,9,0,0,0.0,0,,0,6,3,73,0.1429,0.2205,25,33,11.5,11.7,11.5
00-0036219,Marquez Callaway,WR,NO,2021,10,0,0,0.0,0,,0,4,2,93,0.1143,0.2835,21,20,11.7,7.12,11.7
00-0036219,Marquez Callaway,WR,NO,2021,11,0,0,0.0,0,,0,4,1,64,0.1111,0.2344,22,27,9.6,6.67,9.6
00-0036219,Marquez Callaway,WR,NO,2021,12,0,0,0.0,0,,0,4,2,50,0.1429,0.2809,25,16,4.4,5.7,4.4
00-0036219,Marquez Callaway,WR,NO,2021,13,0,0,0.0,0,,0,4,1,55,0.0976,0.1884,26,11,2.3,5.73,2.3
00-0036219,Marquez Callaway,WR,NO,2021,14,0,0,0.0,0,,0,4,2,27,0.1905,0.2935,44,38,5.4,6.28,5.4
00-0036219,Marquez Callaway,WR,NO,2021,15,0,0,0.0,0,,0,9,6,95,0.36,0.3926,31,24,17.2,13.71,17.2
00-0036219,Marquez Callaway,WR,NO,2021,16,0,0,0.0,0,,0,5,4,46,0.2778,0.6053,23,21,8.6,6.88,8.6
00-0036219,Marquez Callaway,WR,NO,2021,17,0,0,0.0,0,,0,10,6,122,0.4348,0.6703,28,19,15.7,14.46,15.7
00-0036219,Marquez Callaway,WR,NO,2021,18,0,0,0.0,0,,0,1,0,16,0.0435,0.0829,46,39,0.0,2.66,0.0
00-0036223,Jonathan Taylor,RB,IND,2021,1,0,0,0.0,0,,17,7,6,-8,0.2,-0.0385,30,38,17.6,23.07,17.6
00-0036223,Jonathan Taylor,RB,IND,2021,2,0,0,0.0,0,,15,1,1,-1,0.0286,-0.0034,26,23,6.3,21.32,6.3
00-0036223,Jonathan Taylor,RB,IND,2021,3,0,0,0.0,0,,10,1,1,-4,0.0294,-0.0202,18,22,8.2,5.54,8.2
00-0036223,Jonathan Taylor,RB,IND,2021,4,0,0,0.0,0,,16,3,3,-6,0.0938,-0.0213,33,34,20.4,14.86,20.4
00-0036223,Jonathan Taylor,RB,IND,2021,5,0,0,0.0,0,,15,4,3,0.0,0.1176,0.0,26,28,31.9,16.59,31.9
00-0036223,Jonathan Taylor,RB,IND,2021,6,0,0,0.0,0,,14,2,1,1,0.1111,0.0041,26,25,28.8,14.78,28.8
00-0036223,Jonathan Taylor,RB,IND,2021,7,0,0,0.0,0,,18,3,3,-14,0.1154,-0.0733,33,33,18.0,18.47,18.0
00-0036223,Jonathan Taylor,RB,IND,2021,8,0,0,0.0,0,,16,4,3,-2,0.0833,-0.004,20,24,21.2,17.81,21.2
00-0036223,Jonathan Taylor,RB,IND,2021,9,0,0,0.0,0,,19,2,2,-3,0.069,-0.0112,30,31,34.0,19.46,34.0
00-0036223,Jonathan Taylor,RB,IND,2021,10,0,0,0.0,0,,21,8,6,-7,0.2424,-0.0422,27,31,24.6,26.2,24.6
00-0036223,Jonathan Taylor,RB,IND,2021,11,0,0,0.0,0,,32,3,3,1,0.15,0.0085,46,45,53.4,27.31,53.4
00-0036223,Jonathan Taylor,RB,IND,2021,12,0,0,0.0,0,,16,5,4,-5,0.1163,-0.0123,20,24,19.7,16.42,19.7
00-0036223,Jonathan Taylor,RB,IND,2021,13,0,0,0.0,0,,32,0,0,0.0,0.0,0.0,48,44,24.3,24.87,24.3
00-0036223,Jonathan Taylor,RB,IND,2021,15,0,0,0.0,0,,29,0,0,0.0,0.0,0.0,39,30,23.0,15.42,23.0
00-0036223,Jonathan Taylor,RB,IND,2021,16,0,0,0.0,0,,27,2,0,1,0.0714,0.0053,33,31,10.8,18.36,10.8
00-0036223,Jonathan Taylor,RB,IND,2021,17,0,0,0.0,0,,20,2,1,0.0,0.0833,0.0,26,28,18.4,14.89,18.4
00-0036223,Jonathan Taylor,RB,IND,2021,18,0,0,0.0,0,,15,4,3,2,0.1379,0.0067,18,20,12.5,17.83,12.5
00-0036226,Jacob Eason,QB,IND,2021,2,5,2,-3.103,0,-24.655,0,0,0,0.0,0.0,0.0,26,23,-1.0,1.34,-1.4
00-0036228,Dezmon Patmon,WR,IND,2021,9,0,0,0.0,0,,0,1,1,4,0.0345,0.0149,30,31,1.7,1.49,1.7
00-0036228,Dezmon Patmon,WR,IND,2021,11,0,0,0.0,0,,0,1,0,6,0.05,0.0513,46,45,0.0,1.76,0.0
00-0036228,Dezmon Patmon,WR,IND,2021,16,0,0,0.0,0,,0,1,1,14,0.0357,0.0737,33,31,8.4,2.89,8.4
00-0036228,Dezmon Patmon,WR,IND,2021,17,0,0,0.0,0,,0,1,0,12,0.0417,0.0759,26,28,0.0,1.71,0.0
00-0036232,Harrison Bryant,TE,CLE,2021,1,0,0,0.0,0,,0,2,1,12,0.0741,0.0423,26,26,2.7,2.6,2.7
00-0036232,Harrison Bryant,TE,CLE,2021,2,0,0,0.0,0,,0,4,4,38,0.1905,0.2901,34,28,8.9,7.48,8.9
00-0036232,Harrison Bryant,TE,CLE,2021,3,0,0,0.0,0,,0,2,0,46,0.069,0.1503,42,42,0.0,4.31,0.0
00-0036232,Harrison Bryant,TE,CLE,2021,4,0,0,0.0,0,,0,2,1,29,0.0645,0.0838,38,40,1.3,3.69,1.3
00-0036232,Harrison Bryant,TE,CLE,2021,7,0,0,0.0,0,,0,2,1,13,0.0625,0.057,33,34,2.5,3.47,2.5
00-0036232,Harrison Bryant,TE,CLE,2021,8,0,0,0.0,0,,0,2,2,19,0.0645,0.0833,23,24,5.3,3.25,5.3
00-0036232,Harrison Bryant,TE,CLE,2021,9,0,0,0.0,0,,0,2,2,24,0.1053,0.1116,23,25,4.6,3.87,4.6
00-0036232,Harrison Bryant,TE,CLE,2021,10,0,0,0.0,0,,0,2,2,7,0.0645,0.0299,20,27,3.8,3.17,3.8
00-0036232,Harrison Bryant,TE,CLE,2021,12,0,0,0.0,0,,0,3,3,30,0.0882,0.085,17,17,8.0,5.04,8.0
00-0036232,Harrison Bryant,TE,CLE,2021,15,0,0,0.0,0,,0,2,2,11,0.069,0.0516,24,32,9.1,4.53,9.1
00-0036232,Harrison Bryant,TE,CLE,2021,16,0,0,0.0,0,,0,1,1,1,0.0278,0.003,25,25,7.1,3.95,7.1
00-0036232,Harrison Bryant,TE,CLE,2021,17,0,0,0.0,0,,0,1,1,1,0.0278,0.0038,20,18,7.1,3.81,7.1
00-0036232,Harrison Bryant,TE,CLE,2021,18,0,0,0.0,0,,0,3,1,27,0.125,0.2547,41,39,1.9,7.03,1.9
00-0036233,Donovan Peoples-Jones,WR,CLE,2021,1,0,0,0.0,0,,0,1,1,3,0.037,0.0106,26,26,1.4,1.37,1.4
00-0036233,Donovan Peoples-Jones,WR,CLE,2021,2,0,0,0.0,0,,0,1,1,15,0.0476,0.1145,34,28,0.4,2.12,0.4
00-0036233,Donovan Peoples-Jones,WR,CLE,2021,3,0,0,0.0,0,,0,2,2,39,0.069,0.1275,42,42,5.9,3.33,5.9
00-0036233,Donovan Peoples-Jones,WR,CLE,2021,5,0,0,0.0,0,,0,6,5,82,0.2069,0.2485,35,39,12.0,9.92,12.0
00-0036233,Donovan Peoples-Jones,WR,CLE,2021,6,0,0,0.0,0,,0,5,4,100,0.1613,0.4149,19,22,26.1,8.36,26.1
00-0036233,Donovan Peoples-Jones,WR,CLE,2021,9,0,0,0.0,0,,0,3,2,84,0.1579,0.3907,23,25,16.6,6.44,16.6
00-0036233,Donovan Peoples-Jones,WR,CLE,2021,10,0,0,0.0,0,,0,5,1,71,0.1613,0.3034,20,27,2.6,10.25,2.6
00-0036233,Donovan Peoples-Jones,WR,CLE,2021,12,0,0,0.0,0,,0,5,2,60,0.1471,0.17,17,17,3.0,8.71,3.0
00-0036233,Donovan Peoples-Jones,WR,CLE,2021,14,0,0,0.0,0,,0,7,5,107,0.2258,0.5271,29,29,14.0,12.98,14.0
00-0036233,Donovan Peoples-Jones,WR,CLE,2021,15,0,0,0.0,0,,0,8,4,120,0.2759,0.5634,24,32,8.8,11.28,8.8
00-0036233,Donovan Peoples-Jones,WR,CLE,2021,16,0,0,0.0,0,,0,6,1,136,0.1667,0.4072,25,25,1.5,12.59,1.5
00-0036233,Donovan Peoples-Jones,WR,CLE,2021,17,0,0,0.0,0,,0,5,3,82,0.1389,0.3118,20,18,10.6,8.26,10.6
00-0036233,Donovan Peoples-Jones,WR,CLE,2021,18,0,0,0.0,0,,0,4,3,5,0.1667,0.0472,41,39,6.8,7.72,6.8
00-0036244,Colby Parkinson,TE,SEA,2021,5,0,0,0.0,0,,0,2,1,-2,0.0625,-0.0059,25,25,1.1,2.91,1.1
00-0036244,Colby Parkinson,TE,SEA,2021,11,0,0,0.0,0,,0,1,1,2,0.04,0.0071,19,18,1.6,1.3,1.6
00-0036244,Colby Parkinson,TE,SEA,2021,16,0,0,0.0,0,,0,1,0,17,0.037,0.0746,24,25,0.0,2.97,0.0
00-0036244,Colby Parkinson,TE,SEA,2021,17,0,0,0.0,0,,0,1,1,5,0.0357,0.023,41,34,2.2,1.44,2.2
00-0036244,Colby Parkinson,TE,SEA,2021,18,0,0,0.0,0,,0,3,2,25,0.1154,0.0786,30,26,3.4,6.22,3.4
00-0036247,Freddie Swain,WR,SEA,2021,1,0,0,0.0,0,,1,1,0,3,0.0476,0.013,27,23,0.5,2.06,0.5
00-0036247,Freddie Swain,WR,SEA,2021,2,0,0,0.0,0,,1,5,5,35,0.1613,0.1129,18,16,21.0,8.43,21.0
00-0036247,Freddie Swain,WR,SEA,2021,3,0,0,0.0,0,,1,2,1,20,0.0714,0.0709,18,19,3.1,3.66,3.1
00-0036247,Freddie Swain,WR,SEA,2021,4,0,0,0.0,0,,0,4,3,13,0.1818,0.104,28,27,11.0,7.78,11.0
00-0036247,Freddie Swain,WR,SEA,2021,5,0,0,0.0,0,,0,3,1,46,0.0938,0.1349,25,25,1.9,5.88,1.9
00-0036247,Freddie Swain,WR,SEA,2021,6,0,0,0.0,0,,0,3,2,-7,0.0968,-0.0707,27,33,1.6,3.91,1.6
00-0036247,Freddie Swain,WR,SEA,2021,7,0,0,0.0,0,,1,6,4,56,0.3158,0.2557,28,24,8.7,8.97,8.7
00-0036247,Freddie Swain,WR,SEA,2021,10,0,0,0.0,0,,0,3,0,65,0.0789,0.1395,16,15,0.0,6.92,0.0
00-0036247,Freddie Swain,WR,SEA,2021,11,0,0,0.0,0,,0,1,0,6,0.04,0.0213,19,18,0.0,1.88,0.0
00-0036247,Freddie Swain,WR,SEA,2021,12,0,0,0.0,0,,0,2,1,28,0.0645,0.1004,12,16,10.2,4.43,10.2
00-0036247,Freddie Swain,WR,SEA,2021,13,0,0,0.0,0,,0,3,3,1,0.0811,0.0039,27,29,4.8,4.17,4.8
00-0036247,Freddie Swain,WR,SEA,2021,14,0,0,0.0,0,,1,1,0,5,0.0357,0.0139,29,27,0.3,2.22,0.3
00-0036247,Freddie Swain,WR,SEA,2021,15,0,0,0.0,0,,0,1,1,5,0.0357,0.0122,19,24,3.5,1.47,3.5
00-0036247,Freddie Swain,WR,SEA,2021,16,0,0,0.0,0,,0,2,1,12,0.0741,0.0526,24,25,1.9,3.17,1.9
00-0036247,Freddie Swain,WR,SEA,2021,17,0,0,0.0,0,,0,2,2,17,0.0714,0.0783,41,34,8.5,3.3,8.5
00-0036247,Freddie Swain,WR,SEA,2021,18,0,0,0.0,0,,0,1,1,19,0.0385,0.0597,30,26,9.5,2.49,9.5
00-0036250,Tyler Davis,TE,GB,2021,10,0,0,0.0,0,,0,1,1,2,0.0286,0.0086,32,36,1.4,1.47,1.4
00-0036250,Tyler Davis,TE,GB,2021,15,0,0,0.0,0,,0,1,1,18,0.0323,0.0629,25,23,3.2,2.23,3.2
00-0036250,Tyler Davis,TE,GB,2021,17,0,0,0.0,0,,0,2,2,2,0.0476,0.0078,32,35,2.9,2.89,2.9
00-0036250,Tyler Davis,TE,GB,2021,18,0,0,0.0,0,,0,1,0,16,0.0286,0.0741,27,28,0.0,3.17,0.0
00-0036251,Zack Moss,RB,BUF,2021,2,0,0,0.0,0,,8,2,2,-3,0.069,-0.0096,30,27,15.4,11.58,15.4
00-0036251,Zack Moss,RB,BUF,2021,3,0,0,0.0,0,,13,3,3,1,0.0698,0.0025,33,28,18.1,15.23,18.1
00-0036251,Zack Moss,RB,BUF,2021,4,0,0,0.0,0,,14,1,0,2,0.0323,0.0074,40,31,12.1,17.33,12.1
00-0036251,Zack Moss,RB,BUF,2021,5,0,0,0.0,0,,11,4,3,2,0.1667,0.0068,28,21,12.2,13.51,12.2
00-0036251,Zack Moss,RB,BUF,2021,6,0,0,0.0,0,,8,4,2,11,0.0889,0.0286,23,20,5.9,11.28,5.9
00-0036251,Zack Moss,RB,BUF,2021,8,0,0,0.0,0,,8,7,6,-16,0.1707,-0.0625,23,22,11.8,15.44,11.8
00-0036251,Zack Moss,RB,BUF,2021,9,0,0,0.0,0,,3,4,2,10,0.0889,0.0348,14,18,4.4,12.27,4.4
00-0036251,Zack Moss,RB,BUF,2021,10,0,0,0.0,0,,7,0,0,0.0,0.0,0.0,24,21,8.7,7.78,8.7
00-0036251,Zack Moss,RB,BUF,2021,11,0,0,0.0,0,,3,1,0,3,0.0256,0.0108,13,16,0.5,2.43,0.5
00-0036251,Zack Moss,RB,BUF,2021,13,0,0,0.0,0,,8,3,2,13,0.1,0.0418,25,22,5.3,8.88,5.3
00-0036251,Zack Moss,RB,BUF,2021,16,0,0,0.0,0,,3,1,1,2,0.0233,0.0064,28,22,3.5,3.28,3.5
00-0036251,Zack Moss,RB,BUF,2021,17,0,0,0.0,0,,5,0,0,0.0,0.0,0.0,44,28,3.9,2.72,3.9
00-0036251,Zack Moss,RB,BUF,2021,18,0,0,0.0,0,,5,2,2,1,0.0444,0.0024,33,28,3.4,5.29,3.4
00-0036252,Michael Pittman,WR,IND,2021,1,0,0,0.0,0,,0,4,3,30,0.1143,0.1442,30,38,5.9,5.98,5.9
00-0036252,Michael Pittman,WR,IND,2021,2,0,0,0.0,0,,0,12,8,147,0.3429,0.5,26,23,20.3,18.9,20.3
00-0036252,Michael Pittman,WR,IND,2021,3,0,0,0.0,0,,1,12,6,125,0.3529,0.6313,18,22,13.3,20.75,13.3
00-0036252,Michael Pittman,WR,IND,2021,4,0,0,0.0,0,,0,8,6,82,0.25,0.2908,33,34,11.9,13.29,11.9
00-0036252,Michael Pittman,WR,IND,2021,5,0,0,0.0,0,,0,7,6,44,0.2059,0.2157,26,28,20.9,9.88,20.9
00-0036252,Michael Pittman,WR,IND,2021,6,0,0,0.0,0,,1,3,2,47,0.1667,0.1926,26,25,5.8,5.73,5.8
00-0036252,Michael Pittman,WR,IND,2021,7,0,0,0.0,0,,0,4,4,91,0.1538,0.4764,33,33,20.5,6.1,20.5
00-0036252,Michael Pittman,WR,IND,2021,8,0,0,0.0,0,,0,15,10,147,0.3125,0.2905,20,24,30.6,31.96,30.6
00-0036252,Michael Pittman,WR,IND,2021,9,0,0,0.0,0,,0,6,5,24,0.2069,0.0892,30,31,17.4,9.76,17.4
00-0036252,Michael Pittman,WR,IND,2021,10,0,0,0.0,0,,0,5,5,52,0.1515,0.3133,27,31,12.1,7.55,12.1
00-0036252,Michael Pittman,WR,IND,2021,11,0,0,0.0,0,,0,5,2,38,0.25,0.3248,46,45,4.3,8.17,4.3
00-0036252,Michael Pittman,WR,IND,2021,12,0,0,0.0,0,,0,10,4,152,0.2326,0.3725,20,24,9.3,18.0,9.3
00-0036252,Michael Pittman,WR,IND,2021,13,0,0,0.0,0,,2,8,6,55,0.3636,0.3571,48,44,17.0,16.96,17.0
00-0036252,Michael Pittman,WR,IND,2021,15,0,0,0.0,0,,0,5,1,73,0.4167,0.6518,39,30,1.7,9.01,1.7
00-0036252,Michael Pittman,WR,IND,2021,16,0,0,0.0,0,,1,12,8,64,0.4286,0.3368,33,31,16.5,18.83,16.5
00-0036252,Michael Pittman,WR,IND,2021,17,0,0,0.0,0,,0,6,6,19,0.25,0.1203,26,28,10.7,9.5,10.7
00-0036252,Michael Pittman,WR,IND,2021,18,0,0,0.0,0,,0,7,6,63,0.2414,0.2107,18,20,20.4,11.16,20.4
00-0036254,Collin Johnson,WR,NYG,2021,3,0,0,0.0,0,,0,7,5,80,0.2,0.3361,27,23,10.1,11.24,10.1
00-0036254,Collin Johnson,WR,NYG,2021,5,0,0,0.0,0,,0,3,0,23,0.0811,0.0584,25,21,0.0,4.17,0.0
00-0036254,Collin Johnson,WR,NYG,2021,6,0,0,0.0,0,,0,5,2,37,0.1042,0.1057,18,16,4.1,9.1,4.1
00-0036254,Collin Johnson,WR,NYG,2021,7,0,0,0.0,0,,0,2,1,12,0.0606,0.0531,31,16,1.7,2.59,1.7
00-0036254,Collin Johnson,WR,NYG,2021,8,0,0,0.0,0,,0,2,2,8,0.0606,0.0635,20,20,3.0,2.88,3.0
00-0036254,Collin Johnson,WR,NYG,2021,11,0,0,0.0,0,,0,1,0,5,0.027,0.0189,13,16,0.0,1.62,0.0
00-0036254,Collin Johnson,WR,NYG,2021,15,0,0,0.0,0,,0,1,1,13,0.0278,0.0423,24,29,2.6,1.78,2.6
00-0036255,Denzel Mims,WR,NYJ,2021,1,0,0,0.0,0,,0,1,1,30,0.0278,0.0833,17,19,5.0,1.11,5.0
00-0036255,Denzel Mims,WR,NYJ,2021,5,0,0,0.0,0,,0,3,2,39,0.0968,0.1413,18,22,5.3,5.34,5.3
00-0036255,Denzel Mims,WR,NYJ,2021,7,0,0,0.0,0,,0,2,1,31,0.0488,0.1192,17,30,1.6,2.44,1.6
00-0036255,Denzel Mims,WR,NYJ,2021,8,0,0,0.0,0,,0,3,2,9,0.0612,0.0526,27,34,5.0,6.68,5.0
00-0036255,Denzel Mims,WR,NYJ,2021,9,0,0,0.0,0,,0,5,1,61,0.0962,0.1406,21,20,3.0,7.7,3.0
00-0036255,Denzel Mims,WR,NYJ,2021,13,0,0,0.0,0,,0,1,1,4,0.0278,0.0129,17,20,1.4,1.34,1.4
00-0036255,Denzel Mims,WR,NYJ,2021,14,0,0,0.0,0,,0,1,0,12,0.025,0.0393,17,17,0.0,1.69,0.0
00-0036255,Denzel Mims,WR,NYJ,2021,15,0,0,0.0,0,,0,3,0,31,0.1364,0.2296,24,19,0.0,4.26,0.0
00-0036255,Denzel Mims,WR,NYJ,2021,16,0,0,0.0,0,,0,2,0,23,0.0952,0.2277,36,33,0.0,5.58,0.0
00-0036255,Denzel Mims,WR,NYJ,2021,18,0,0,0.0,0,,0,2,0,28,0.1053,0.2059,17,15,0.0,2.69,0.0
00-0036259,Jauan Jennings,WR,SF,2021,2,0,0,0.0,0,,0,2,2,3,0.0667,0.0252,38,30,9.7,3.31,9.7
00-0036259,Jauan Jennings,WR,SF,2021,4,0,0,0.0,0,,0,1,1,14,0.0256,0.0398,29,21,2.4,2.27,2.4
00-0036259,Jauan Jennings,WR,SF,2021,7,0,0,0.0,0,,0,2,0,25,0.0741,0.1055,24,24,0.0,3.25,0.0
00-0036259,Jauan Jennings,WR,SF,2021,8,0,0,0.0,0,,0,1,0,-5,0.037,-0.0202,26,23,0.0,1.27,0.0
00-0036259,Jauan Jennings,WR,SF,2021,10,0,0,0.0,0,,0,2,1,17,0.1053,0.136,44,37,1.3,3.3,1.3
00-0036259,Jauan Jennings,WR,SF,2021,11,0,0,0.0,0,,0,1,1,2,0.05,0.0142,42,31,1.4,3.06,1.4
00-0036259,Jauan Jennings,WR,SF,2021,12,0,0,0.0,0,,0,3,2,33,0.1154,0.1454,39,35,10.4,7.69,10.4
00-0036259,Jauan Jennings,WR,SF,2021,13,0,0,0.0,0,,0,1,1,3,0.0333,0.0138,25,25,1.8,1.37,1.8
00-0036259,Jauan Jennings,WR,SF,2021,14,0,0,0.0,0,,0,5,3,40,0.1351,0.1108,23,16,7.6,6.99,7.6
00-0036259,Jauan Jennings,WR,SF,2021,15,0,0,0.0,0,,0,6,3,40,0.25,0.2721,32,25,11.8,11.37,11.8
00-0036259,Jauan Jennings,WR,SF,2021,16,0,0,0.0,0,,0,5,2,87,0.1429,0.385,21,21,3.9,8.65,3.9
00-0036259,Jauan Jennings,WR,SF,2021,17,0,0,0.0,0,,0,2,2,25,0.087,0.0936,37,24,4.5,3.6,4.5
00-0036259,Jauan Jennings,WR,SF,2021,18,0,0,0.0,0,,0,7,6,71,0.2188,0.2423,31,24,27.4,11.8,27.4
00-0036261,Brandon Aiyuk,WR,SF,2021,2,0,0,0.0,0,,0,2,1,26,0.0667,0.2185,38,30,1.6,2.8,1.6
00-0036261,Brandon Aiyuk,WR,SF,2021,3,0,0,0.0,0,,1,6,4,44,0.1579,0.1686,21,12,14.5,15.55,14.5
00-0036261,Brandon Aiyuk,WR,SF,2021,4,0,0,0.0,0,,0,3,1,46,0.0769,0.1307,29,21,2.5,5.19,2.5
00-0036261,Brandon Aiyuk,WR,SF,2021,5,0,0,0.0,0,,0,4,2,24,0.1429,0.092,28,12,5.2,6.19,5.2
00-0036261,Brandon Aiyuk,WR,SF,2021,7,0,0,0.0,0,,1,1,1,6,0.037,0.0253,24,24,1.9,3.39,1.9
00-0036261,Brandon Aiyuk,WR,SF,2021,8,0,0,0.0,0,,0,7,4,67,0.2593,0.2702,26,23,10.5,13.84,10.5
00-0036261,Brandon Aiyuk,WR,SF,2021,9,0,0,0.0,0,,1,8,6,101,0.2051,0.2845,11,17,18.7,14.96,18.7
00-0036261,Brandon Aiyuk,WR,SF,2021,10,0,0,0.0,0,,0,4,3,16,0.2105,0.128,44,37,5.6,6.13,5.6
00-0036261,Brandon Aiyuk,WR,SF,2021,11,0,0,0.0,0,,0,7,7,50,0.35,0.3546,42,31,21.5,13.27,21.5
00-0036261,Brandon Aiyuk,WR,SF,2021,12,0,0,0.0,0,,1,6,3,89,0.2308,0.3921,39,35,12.5,11.37,12.5
00-0036261,Brandon Aiyuk,WR,SF,2021,13,0,0,0.0,0,,0,6,3,61,0.2,0.2798,25,25,8.5,9.95,8.5
00-0036261,Brandon Aiyuk,WR,SF,2021,14,0,0,0.0,0,,1,10,6,66,0.2703,0.1828,23,16,18.6,18.77,18.6
00-0036261,Brandon Aiyuk,WR,SF,2021,15,0,0,0.0,0,,0,2,1,25,0.0833,0.1701,32,25,4.6,4.96,4.6
00-0036261,Brandon Aiyuk,WR,SF,2021,16,0,0,0.0,0,,0,5,4,12,0.1429,0.0531,21,21,14.0,9.72,14.0
00-0036261,Brandon Aiyuk,WR,SF,2021,17,0,0,0.0,0,,0,6,4,96,0.2609,0.3596,37,24,13.4,11.22,13.4
00-0036261,Brandon Aiyuk,WR,SF,2021,18,0,0,0.0,0,,0,7,6,84,0.2188,0.2867,31,24,16.7,12.54,16.7
00-0036264,Jordan Love,QB,GB,2021,1,7,5,-1.91,1,15.528,0,0,0,0.0,0.0,0.0,15,17,0.7,2.97,2.72
00-0036264,Jordan Love,QB,GB,2021,2,0,0,0.0,0,,3,0,0,0.0,0.0,0.0,31,31,-0.3,-0.3,-0.3
00-0036264,Jordan Love,QB,GB,2021,9,34,19,-0.797,1,-3.591,5,0,0,0.0,0.0,0.0,25,24,11.9,13.18,11.9
00-0036264,Jordan Love,QB,GB,2021,11,0,0,0.0,0,,1,0,0,0.0,0.0,0.0,19,21,-0.1,-0.1,-0.1
00-0036264,Jordan Love,QB,GB,2021,17,4,2,-0.147,0,-21.002,2,0,0,0.0,0.0,0.0,32,35,1.7,2.08,1.66
00-0036264,Jordan Love,QB,GB,2021,18,17,10,-4.216,1,-14.157,1,0,0,0.0,0.0,0.0,27,28,7.3,8.84,7.26
00-0036265,AJ Dillon,RB,GB,2021,1,0,0,0.0,0,,4,2,1,-2,0.0606,-0.0061,15,17,3.6,4.85,3.6
00-0036265,AJ Dillon,RB,GB,2021,2,0,0,0.0,0,,5,1,1,8,0.037,0.031,31,31,3.6,4.17,3.6
00-0036265,AJ Dillon,RB,GB,2021,3,0,0,0.0,0,,6,2,2,2,0.0645,0.0056,25,29,4.6,5.69,4.6
00-0036265,AJ Dillon,RB,GB,2021,4,0,0,0.0,0,,15,1,1,3,0.0286,0.0087,33,34,10.7,8.97,10.7
00-0036265,AJ Dillon,RB,GB,2021,5,0,0,0.0,0,,8,4,4,-1,0.1143,-0.0029,22,31,17.9,12.23,17.9
00-0036265,AJ Dillon,RB,GB,2021,6,0,0,0.0,0,,11,0,0,0.0,0.0,0.0,31,28,5.9,5.19,5.9
00-0036265,AJ Dillon,RB,GB,2021,7,0,0,0.0,0,,3,2,1,5,0.0588,0.0245,15,18,-0.2,4.7,-0.2
00-0036265,AJ Dillon,RB,GB,2021,8,0,0,0.0,0,,16,0,0,0.0,0.0,0.0,34,38,7.8,7.91,7.8
00-0036265,AJ Dillon,RB,GB,2021,9,0,0,0.0,0,,8,4,4,7,0.125,0.0258,25,24,13.0,9.36,13.0
00-0036265,AJ Dillon,RB,GB,2021,10,0,0,0.0,0,,21,2,2,-1,0.0571,-0.0043,32,36,26.8,20.52,26.8
00-0036265,AJ Dillon,RB,GB,2021,11,0,0,0.0,0,,11,6,6,-13,0.1935,-0.0498,19,21,15.7,14.41,15.7
00-0036265,AJ Dillon,RB,GB,2021,12,0,0,0.0,0,,20,5,5,-7,0.1136,-0.0164,32,35,20.0,21.7,20.0
00-0036265,AJ Dillon,RB,GB,2021,14,0,0,0.0,0,,15,0,0,0.0,0.0,0.0,24,23,7.1,12.42,7.1
00-0036265,AJ Dillon,RB,GB,2021,15,0,0,0.0,0,,7,1,1,0.0,0.0323,0.0,25,23,10.5,9.81,10.5
00-0036265,AJ Dillon,RB,GB,2021,16,0,0,0.0,0,,9,3,3,-4,0.0882,-0.0226,24,29,8.6,9.04,8.6
00-0036265,AJ Dillon,RB,GB,2021,17,0,0,0.0,0,,14,3,2,16,0.0714,0.062,32,35,22.3,14.28,22.3
00-0036265,AJ Dillon,RB,GB,2021,18,0,0,0.0,0,,14,1,1,1,0.0286,0.0046,27,28,7.7,8.27,7.7
00-0036268,Laviska Shenault Jr.,WR,JAX,2021,1,0,0,0.0,0,,1,10,7,28,0.2,0.0673,16,19,12.9,14.62,12.9
00-0036268,Laviska Shenault Jr.,WR,JAX,2021,2,0,0,0.0,0,,1,7,2,38,0.2121,0.0938,16,16,1.7,11.14,1.7
00-0036268,Laviska Shenault Jr.,WR,JAX,2021,3,0,0,0.0,0,,0,4,4,26,0.125,0.0956,29,29,8.8,5.85,8.8
00-0036268,Laviska Shenault Jr.,WR,JAX,2021,4,0,0,0.0,0,,1,7,6,95,0.3182,0.4398,30,21,17.0,13.44,17.0
00-0036268,Laviska Shenault Jr.,WR,JAX,2021,5,0,0,0.0,0,,0,3,1,29,0.0909,0.1155,31,25,6.8,8.43,6.8
00-0036268,Laviska Shenault Jr.,WR,JAX,2021,6,0,0,0.0,0,,0,10,6,49,0.25,0.1601,19,20,11.4,15.08,11.4
00-0036268,Laviska Shenault Jr.,WR,JAX,2021,8,0,0,0.0,0,,1,4,2,19,0.0769,0.0681,19,23,4.1,6.66,4.1
00-0036268,Laviska Shenault Jr.,WR,JAX,2021,9,0,0,0.0,0,,1,4,4,7,0.1481,0.0341,27,24,6.0,6.97,6.0
00-0036268,Laviska Shenault Jr.,WR,JAX,2021,10,0,0,0.0,0,,2,8,3,65,0.2286,0.194,24,19,5.1,12.66,5.1
00-0036268,Laviska Shenault Jr.,WR,JAX,2021,11,0,0,0.0,0,,0,5,5,5,0.2083,0.0262,16,14,8.0,7.03,8.0
00-0036268,Laviska Shenault Jr.,WR,JAX,2021,12,0,0,0.0,0,,0,9,5,69,0.2195,0.1643,28,26,8.3,14.9,8.3
00-0036268,Laviska Shenault Jr.,WR,JAX,2021,13,0,0,0.0,0,,3,5,3,12,0.1786,0.1026,25,19,6.1,8.52,6.1
00-0036268,Laviska Shenault Jr.,WR,JAX,2021,14,0,0,0.0,0,,0,7,4,47,0.1892,0.1399,8,10,7.4,9.28,7.4
00-0036268,Laviska Shenault Jr.,WR,JAX,2021,15,0,0,0.0,0,,1,7,4,17,0.1944,0.0649,25,23,8.9,10.35,8.9
00-0036268,Laviska Shenault Jr.,WR,JAX,2021,17,0,0,0.0,0,,0,3,2,5,0.1154,0.0258,17,18,3.3,3.87,3.3
00-0036268,Laviska Shenault Jr.,WR,JAX,2021,18,0,0,0.0,0,,0,7,5,39,0.2188,0.2108,31,26,11.2,12.86,11.2
00-0036269,La'Mical Perine,RB,NYJ,2021,8,0,0,0.0,0,,1,0,0,0.0,0.0,0.0,27,34,0.3,0.48,0.3
00-0036269,La'Mical Perine,RB,NYJ,2021,14,0,0,0.0,0,,7,0,0,0.0,0.0,0.0,17,17,2.8,3.31,2.8
00-0036271,Quez Watkins,WR,PHI,2021,1,0,0,0.0,0,,0,3,3,-7,0.0938,-0.0547,31,30,5.3,4.11,5.3
00-0036271,Quez Watkins,WR,PHI,2021,2,0,0,0.0,0,,0,2,2,59,0.0833,0.1746,29,22,13.7,3.66,13.7
00-0036271,Quez Watkins,WR,PHI,2021,3,0,0,0.0,0,,0,2,2,41,0.0526,0.148,12,11,6.6,2.99,6.6
00-0036271,Quez Watkins,WR,PHI,2021,4,0,0,0.0,0,,0,7,3,47,0.1591,0.1366,19,19,6.3,10.88,6.3
00-0036271,Quez Watkins,WR,PHI,2021,5,0,0,0.0,0,,0,3,3,35,0.0882,0.1203,22,19,7.8,4.67,7.8
00-0036271,Quez Watkins,WR,PHI,2021,6,0,0,0.0,0,,0,5,3,97,0.2083,0.3415,19,12,9.4,11.88,9.4
00-0036271,Quez Watkins,WR,PHI,2021,7,0,0,0.0,0,,0,4,2,94,0.129,0.2321,32,24,5.7,7.92,5.7
00-0036271,Quez Watkins,WR,PHI,2021,8,0,0,0.0,0,,0,2,2,12,0.125,0.087,46,37,3.8,3.97,3.8
00-0036271,Quez Watkins,WR,PHI,2021,9,0,0,0.0,0,,0,3,2,36,0.1875,0.1748,39,29,2.9,4.62,2.9
00-0036271,Quez Watkins,WR,PHI,2021,10,0,0,0.0,0,,0,6,4,69,0.2727,0.2899,39,28,7.3,10.34,7.3
00-0036271,Quez Watkins,WR,PHI,2021,11,0,0,0.0,0,,0,1,0,7,0.0435,0.0347,50,34,0.0,1.04,0.0
00-0036271,Quez Watkins,WR,PHI,2021,12,0,0,0.0,0,,1,5,2,69,0.1724,0.2308,33,30,4.6,9.21,4.6
00-0036271,Quez Watkins,WR,PHI,2021,13,0,0,0.0,0,,0,3,3,41,0.1364,0.3037,41,44,9.0,4.79,9.0
00-0036271,Quez Watkins,WR,PHI,2021,15,0,0,0.0,0,,0,2,2,13,0.0769,0.0553,41,35,3.4,2.75,3.4
00-0036271,Quez Watkins,WR,PHI,2021,16,0,0,0.0,0,,0,3,3,42,0.1071,0.1858,30,32,7.3,6.58,7.3
00-0036271,Quez Watkins,WR,PHI,2021,17,0,0,0.0,0,,0,4,2,27,0.16,0.1023,34,30,3.5,6.26,3.5
00-0036271,Quez Watkins,WR,PHI,2021,18,0,0,0.0,0,,0,7,5,64,0.2059,0.2909,33,29,19.4,10.22,19.4
00-0036275,D'Andre Swift,RB,DET,2021,1,0,0,0.0,0,,11,11,8,7,0.1964,0.0199,24,36,24.4,22.13,24.4
00-0036275,D'Andre Swift,RB,DET,2021,2,0,0,0.0,0,,8,5,4,-12,0.1429,-0.0513,19,22,11.8,11.23,11.8
00-0036275,D'Andre Swift,RB,DET,2021,3,1,0,-0.913,0,,14,7,7,-13,0.25,-0.0985,27,35,23.7,23.28,23.7
00-0036275,D'Andre Swift,RB,DET,2021,4,0,0,0.0,0,,8,6,4,5,0.1622,0.0153,25,26,8.9,15.82,8.9
00-0036275,D'Andre Swift,RB,DET,2021,5,0,0,0.0,0,,11,6,6,-3,0.1935,-0.0132,24,32,22.4,14.42,22.4
00-0036275,D'Andre Swift,RB,DET,2021,6,0,0,0.0,0,,13,7,5,18,0.1795,0.0672,18,23,17.7,19.68,17.7
00-0036275,D'Andre Swift,RB,DET,2021,7,0,0,0.0,0,,13,10,8,-8,0.3125,-0.0567,28,33,28.4,20.39,28.4
00-0036275,D'Andre Swift,RB,DET,2021,8,0,0,0.0,0,,12,5,5,12,0.1562,0.0603,18,29,8.1,12.87,8.1
00-0036275,D'Andre Swift,RB,DET,2021,10,0,0,0.0,0,,33,6,3,-5,0.25,-0.0373,39,41,16.5,26.09,16.3
00-0036275,D'Andre Swift,RB,DET,2021,11,0,0,0.0,0,,14,4,3,-10,0.1739,-0.0943,23,25,22.6,11.99,22.6
00-0036275,D'Andre Swift,RB,DET,2021,12,0,0,0.0,0,,3,3,3,-3,0.12,-0.0185,19,27,3.9,5.15,3.9
00-0036275,D'Andre Swift,RB,DET,2021,17,0,0,0.0,0,,4,3,2,14,0.0811,0.0553,22,25,5.9,9.52,5.9
00-0036275,D'Andre Swift,RB,DET,2021,18,0,0,0.0,0,,7,5,4,-3,0.1724,-0.0121,26,28,14.6,11.09,14.6
00-0036277,Quintez Cephus,WR,DET,2021,1,0,0,0.0,0,,0,6,3,97,0.1071,0.2764,24,36,12.2,12.63,12.2
00-0036277,Quintez Cephus,WR,DET,2021,2,0,0,0.0,0,,0,7,4,76,0.2,0.3248,19,22,16.3,13.42,16.3
00-0036277,Quintez Cephus,WR,DET,2021,3,0,0,0.0,0,,0,1,1,4,0.0357,0.0303,27,35,1.8,1.48,1.8
00-0036277,Quintez Cephus,WR,DET,2021,4,0,0,0.0,0,,0,5,4,59,0.1351,0.181,25,26,12.3,8.53,12.3
00-0036277,Quintez Cephus,WR,DET,2021,5,0,0,0.0,0,,0,3,3,15,0.0968,0.0661,24,32,6.8,4.24,6.8
00-0036278,Jason Huntley,RB,PHI,2021,18,0,0,0.0,0,,13,1,0,0.0,0.0294,0.0,33,29,5.1,8.11,5.1
00-0036290,Cole Kmet,TE,CHI,2021,1,0,0,0.0,0,,0,7,5,31,0.175,0.1834,26,27,9.2,10.22,9.2
00-0036290,Cole Kmet,TE,CHI,2021,2,0,0,0.0,0,,0,1,1,0.0,0.0435,0.0,34,27,1.0,1.37,1.0
00-0036290,Cole Kmet,TE,CHI,2021,3,0,0,0.0,0,,0,4,1,24,0.2,0.2105,13,12,2.1,6.03,2.1
00-0036290,Cole Kmet,TE,CHI,2021,4,0,0,0.0,0,,0,3,1,63,0.1765,0.2716,39,36,1.6,6.34,1.6
00-0036290,Cole Kmet,TE,CHI,2021,5,0,0,0.0,0,,0,4,2,75,0.2,0.375,37,36,4.2,7.91,4.2
00-0036290,Cole Kmet,TE,CHI,2021,6,0,0,0.0,0,,1,5,4,34,0.2,0.104,26,21,8.9,12.16,8.9
00-0036290,Cole Kmet,TE,CHI,2021,7,0,0,0.0,0,,0,6,5,29,0.1935,0.1408,29,28,9.3,8.69,9.3
00-0036290,Cole Kmet,TE,CHI,2021,8,0,0,0.0,0,,0,6,3,31,0.2222,0.1123,36,28,5.4,11.4,5.4
00-0036290,Cole Kmet,TE,CHI,2021,9,0,0,0.0,0,,0,8,6,116,0.2759,0.2624,26,19,14.7,12.46,14.7
00-0036290,Cole Kmet,TE,CHI,2021,11,0,0,0.0,0,,0,2,1,18,0.0606,0.0432,20,16,2.2,3.45,2.2
00-0036290,Cole Kmet,TE,CHI,2021,12,0,0,0.0,0,,0,11,8,55,0.2973,0.159,29,24,14.5,15.57,14.5
00-0036290,Cole Kmet,TE,CHI,2021,13,0,0,0.0,0,,0,7,3,67,0.175,0.2863,27,34,7.1,10.61,7.1
00-0036290,Cole Kmet,TE,CHI,2021,14,0,0,0.0,0,,0,5,3,19,0.1562,0.0739,23,20,4.7,8.64,4.7
00-0036290,Cole Kmet,TE,CHI,2021,15,0,0,0.0,0,,0,9,6,60,0.25,0.2041,28,26,13.1,15.57,13.1
00-0036290,Cole Kmet,TE,CHI,2021,16,0,0,0.0,0,,0,5,4,35,0.1429,0.1768,30,33,8.9,7.81,8.9
00-0036290,Cole Kmet,TE,CHI,2021,17,0,0,0.0,0,,0,5,3,16,0.1515,0.058,27,26,5.5,9.33,5.5
00-0036290,Cole Kmet,TE,CHI,2021,18,0,0,0.0,0,,0,5,4,48,0.1087,0.1446,25,29,8.8,8.46,8.8
00-0036297,Darrynton Evans,RB,TEN,2021,7,0,0,0.0,0,,2,2,2,-4,0.0741,-0.0194,35,36,3.8,4.44,3.8
00-0036308,Isaiah Coulter,WR,CHI,2021,12,0,0,0.0,0,,0,1,0,22,0.027,0.0636,29,24,0.0,1.8,0.0
00-0036309,Darnell Mooney,WR,CHI,2021,1,0,0,0.0,0,,0,7,5,43,0.175,0.2544,26,27,7.6,11.82,7.6
00-0036309,Darnell Mooney,WR,CHI,2021,2,0,0,0.0,0,,0,8,6,86,0.3478,0.4914,34,27,12.6,15.46,12.6
00-0036309,Darnell Mooney,WR,CHI,2021,3,0,0,0.0,0,,0,4,1,29,0.2,0.2544,13,12,1.9,5.41,1.9
00-0036309,Darnell Mooney,WR,CHI,2021,4,0,0,0.0,0,,1,7,5,118,0.4118,0.5086,39,36,18.5,12.24,18.5
00-0036309,Darnell Mooney,WR,CHI,2021,5,0,0,0.0,0,,0,5,3,44,0.25,0.22,37,36,6.5,8.25,6.5
00-0036309,Darnell Mooney,WR,CHI,2021,6,0,0,0.0,0,,0,8,5,70,0.32,0.2141,26,21,15.5,14.13,15.5
00-0036309,Darnell Mooney,WR,CHI,2021,7,0,0,0.0,0,,0,5,2,59,0.1613,0.2864,29,28,5.9,7.85,5.9
00-0036309,Darnell Mooney,WR,CHI,2021,8,0,0,0.0,0,,0,9,6,157,0.3333,0.5688,36,28,12.4,13.75,12.4
00-0036309,Darnell Mooney,WR,CHI,2021,9,0,0,0.0,0,,1,6,3,93,0.2069,0.2104,26,19,20.6,11.22,20.6
00-0036309,Darnell Mooney,WR,CHI,2021,11,0,0,0.0,0,,0,16,5,221,0.4848,0.53,20,16,23.1,25.69,23.1
00-0036309,Darnell Mooney,WR,CHI,2021,12,0,0,0.0,0,,1,8,5,116,0.2162,0.3353,29,24,17.5,14.62,17.5
00-0036309,Darnell Mooney,WR,CHI,2021,13,0,0,0.0,0,,0,7,5,38,0.175,0.1624,27,34,7.7,11.48,7.7
00-0036309,Darnell Mooney,WR,CHI,2021,14,0,0,0.0,0,,0,5,1,87,0.1562,0.3385,23,20,2.9,7.15,2.9
00-0036309,Darnell Mooney,WR,CHI,2021,15,0,0,0.0,0,,1,7,5,71,0.1944,0.2415,28,26,11.6,13.88,11.6
00-0036309,Darnell Mooney,WR,CHI,2021,16,0,0,0.0,0,,2,9,5,79,0.2571,0.399,30,33,10.9,16.24,10.9
00-0036309,Darnell Mooney,WR,CHI,2021,17,0,0,0.0,0,,0,13,7,139,0.3939,0.5036,27,26,19.9,22.17,19.9
00-0036309,Darnell Mooney,WR,CHI,2021,18,0,0,0.0,0,,0,16,12,106,0.3478,0.3193,25,29,24.6,25.77,24.6
00-0036322,Justin Jefferson,WR,MIN,2021,1,1,1,0.723,0,55.423,0,9,5,113,0.1915,0.3599,22,31,12.5,15.45,12.54
00-0036322,Justin Jefferson,WR,MIN,2021,2,0,0,0.0,0,,0,10,6,124,0.3125,0.6108,27,28,18.5,17.88,18.5
00-0036322,Justin Jefferson,WR,MIN,2021,3,0,0,0.0,0,,0,11,9,85,0.2895,0.4497,34,37,26.8,20.56,26.8
00-0036322,Justin Jefferson,WR,MIN,2021,4,0,0,0.0,0,,0,7,6,95,0.1944,0.2969,23,22,20.4,12.81,20.4
00-0036322,Justin Jefferson,WR,MIN,2021,5,0,0,0.0,0,,0,8,7,100,0.2581,0.3937,28,33,19.4,14.21,19.4
00-0036322,Justin Jefferson,WR,MIN,2021,6,0,0,0.0,0,,0,14,8,134,0.3111,0.3592,36,34,14.0,26.11,14.0
00-0036322,Justin Jefferson,WR,MIN,2021,8,1,0,-0.747,0,-32.281,0,4,2,56,0.1212,0.2557,24,22,4.1,8.72,4.1
00-0036322,Justin Jefferson,WR,MIN,2021,9,0,0,0.0,0,,1,5,3,79,0.1786,0.3465,24,26,17.0,8.89,17.0
00-0036322,Justin Jefferson,WR,MIN,2021,10,0,0,0.0,0,,1,11,9,128,0.3143,0.4848,33,32,22.9,23.25,22.9
00-0036322,Justin Jefferson,WR,MIN,2021,11,0,0,0.0,0,,1,10,8,146,0.2941,0.3596,29,28,37.2,19.76,37.2
00-0036322,Justin Jefferson,WR,MIN,2021,12,1,1,1.73,0,12.966,0,9,4,116,0.2812,0.5202,18,26,13.3,20.49,13.26
00-0036322,Justin Jefferson,WR,MIN,2021,13,1,0,-0.452,0,-59.014,1,14,11,181,0.3415,0.5371,27,29,35.6,30.56,35.6
00-0036322,Justin Jefferson,WR,MIN,2021,14,0,0,0.0,0,,1,15,7,188,0.4839,0.5418,36,34,20.5,34.13,20.5
00-0036322,Justin Jefferson,WR,MIN,2021,15,0,0,0.0,0,,0,10,4,153,0.4545,0.5406,33,33,14.7,17.95,14.7
00-0036322,Justin Jefferson,WR,MIN,2021,16,0,0,0.0,0,,0,12,8,156,0.3429,0.4407,22,23,19.6,20.16,19.6
00-0036322,Justin Jefferson,WR,MIN,2021,17,0,0,0.0,0,,0,11,6,108,0.2973,0.4635,11,16,11.8,15.6,11.8
00-0036322,Justin Jefferson,WR,MIN,2021,18,0,0,0.0,0,,1,7,5,101,0.3333,0.3424,22,22,22.1,12.6,22.1
00-0036326,Chase Claypool,WR,PIT,2021,1,0,0,0.0,0,,1,5,3,61,0.1562,0.3112,21,17,10.0,8.19,10.0
00-0036326,Chase Claypool,WR,PIT,2021,2,0,0,0.0,0,,1,9,3,194,0.225,0.5,14,17,9.7,16.44,9.7
00-0036326,Chase Claypool,WR,PIT,2021,3,0,0,0.0,0,,0,15,9,108,0.2586,0.3439,15,28,18.6,21.11,18.6
00-0036326,Chase Claypool,WR,PIT,2021,5,0,0,0.0,0,,0,6,5,75,0.24,0.3886,35,34,24.0,11.24,24.0
00-0036326,Chase Claypool,WR,PIT,2021,6,0,0,0.0,0,,0,7,2,61,0.1795,0.2234,30,32,3.7,12.23,3.7
00-0036326,Chase Claypool,WR,PIT,2021,8,0,0,0.0,0,,2,5,4,58,0.1429,0.2613,32,32,10.1,10.18,10.1
00-0036326,Chase Claypool,WR,PIT,2021,9,0,0,0.0,0,,2,5,3,36,0.1852,0.2384,32,28,7.3,12.88,7.3
00-0036326,Chase Claypool,WR,PIT,2021,11,0,0,0.0,0,,2,9,5,128,0.2045,0.3938,18,20,14.4,25.11,14.4
00-0036326,Chase Claypool,WR,PIT,2021,12,0,0,0.0,0,,0,8,3,145,0.2051,0.4899,15,20,11.2,12.88,11.2
00-0036326,Chase Claypool,WR,PIT,2021,13,0,0,0.0,0,,1,3,2,50,0.1,0.1923,25,28,7.4,5.82,7.4
00-0036326,Chase Claypool,WR,PIT,2021,14,0,0,0.0,0,,1,9,8,76,0.2308,0.2594,24,24,17.5,13.86,17.5
00-0036326,Chase Claypool,WR,PIT,2021,15,0,0,0.0,0,,1,2,0,15,0.08,0.1271,17,14,1.9,3.78,0.7
00-0036326,Chase Claypool,WR,PIT,2021,16,0,0,0.0,0,,0,6,4,63,0.1429,0.2864,25,30,8.1,9.03,8.1
00-0036326,Chase Claypool,WR,PIT,2021,17,0,0,0.0,0,,0,9,3,84,0.1957,0.2968,31,32,4.7,17.16,4.7
00-0036326,Chase Claypool,WR,PIT,2021,18,0,0,0.0,0,,3,7,5,48,0.1591,0.1696,30,28,18.0,12.98,18.0
00-0036328,Antonio Gibson,RB,WAS,2021,1,0,0,0.0,0,,20,5,3,3,0.25,0.025,27,26,11.8,16.25,11.8
00-0036328,Antonio Gibson,RB,WAS,2021,2,0,0,0.0,0,,13,2,2,0.0,0.0455,0.0,22,24,9.3,9.23,9.3
00-0036328,Antonio Gibson,RB,WAS,2021,3,0,0,0.0,0,,12,2,1,-3,0.0833,-0.0182,25,18,17.4,10.76,17.4
00-0036328,Antonio Gibson,RB,WAS,2021,4,0,0,0.0,0,,14,2,2,-7,0.0606,-0.0237,28,31,15.5,12.13,15.5
00-0036328,Antonio Gibson,RB,WAS,2021,5,0,0,0.0,0,,20,2,2,3,0.0488,0.0075,33,29,21.2,17.71,21.2
00-0036328,Antonio Gibson,RB,WAS,2021,6,0,0,0.0,0,,10,3,2,-10,0.0769,-0.0364,19,30,4.4,8.71,4.4
00-0036328,Antonio Gibson,RB,WAS,2021,7,0,0,0.0,0,,14,2,2,-12,0.0556,-0.0467,29,24,7.6,11.45,7.6
00-0036328,Antonio Gibson,RB,WAS,2021,8,0,0,0.0,0,,8,3,3,-2,0.0811,-0.007,24,33,8.4,8.24,8.4
00-0036328,Antonio Gibson,RB,WAS,2021,10,0,0,0.0,0,,24,2,2,12,0.0625,0.0519,34,36,21.8,22.71,21.8
00-0036328,Antonio Gibson,RB,WAS,2021,11,0,0,0.0,0,,19,0,0,0.0,0.0,0.0,40,34,7.5,11.29,7.5
00-0036328,Antonio Gibson,RB,WAS,2021,12,0,0,0.0,0,,29,7,7,-15,0.2059,-0.0794,43,49,23.6,28.64,23.6
00-0036328,Antonio Gibson,RB,WAS,2021,13,0,0,0.0,0,,23,6,5,4,0.2,0.0198,30,32,22.1,25.93,22.1
00-0036328,Antonio Gibson,RB,WAS,2021,14,0,0,0.0,0,,10,2,2,-4,0.0606,-0.0115,23,22,4.1,7.41,4.1
00-0036328,Antonio Gibson,RB,WAS,2021,15,0,0,0.0,0,,15,7,6,-13,0.2333,-0.066,21,26,18.5,21.75,18.5
00-0036328,Antonio Gibson,RB,WAS,2021,16,0,0,0.0,0,,6,4,2,10,0.1333,0.0412,20,21,13.8,9.16,13.8
00-0036328,Antonio Gibson,RB,WAS,2021,18,0,0,0.0,0,,21,3,1,25,0.1765,0.1736,37,37,22.1,20.28,22.1
00-0036331,Devin Duvernay,WR,BAL,2021,1,0,0,0.0,0,,0,2,1,32,0.069,0.135,34,26,1.6,3.7,1.6
00-0036331,Devin Duvernay,WR,BAL,2021,3,0,0,0.0,0,,0,3,2,34,0.1111,0.0643,22,15,10.2,6.72,10.2
00-0036331,Devin Duvernay,WR,BAL,2021,4,0,0,0.0,0,,0,6,3,76,0.1714,0.181,30,24,6.1,11.58,6.1
00-0036331,Devin Duvernay,WR,BAL,2021,5,0,0,0.0,0,,0,4,4,26,0.093,0.0844,25,18,8.5,6.32,8.5
00-0036331,Devin Duvernay,WR,BAL,2021,6,0,0,0.0,0,,1,3,2,4,0.1111,0.0223,38,28,4.6,5.25,4.6
00-0036331,Devin Duvernay,WR,BAL,2021,7,0,0,0.0,0,,1,1,1,11,0.0244,0.0188,24,17,1.9,2.36,1.9
00-0036331,Devin Duvernay,WR,BAL,2021,9,0,0,0.0,0,,0,2,2,1,0.0488,0.0031,45,29,8.8,5.95,8.8
00-0036331,Devin Duvernay,WR,BAL,2021,10,0,0,0.0,0,,1,4,4,7,0.0976,0.0226,23,16,8.7,6.49,8.7
00-0036331,Devin Duvernay,WR,BAL,2021,11,0,0,0.0,0,,0,6,4,38,0.1667,0.2077,34,35,7.7,8.84,7.7
00-0036331,Devin Duvernay,WR,BAL,2021,12,0,0,0.0,0,,1,2,1,5,0.0625,0.018,43,27,2.5,3.34,2.5
00-0036331,Devin Duvernay,WR,BAL,2021,13,0,0,0.0,0,,0,3,2,10,0.0811,0.0408,25,25,4.1,4.05,4.1
00-0036331,Devin Duvernay,WR,BAL,2021,14,0,0,0.0,0,,1,5,2,19,0.125,0.0619,23,19,3.7,7.54,3.7
00-0036331,Devin Duvernay,WR,BAL,2021,15,0,0,0.0,0,,0,3,3,5,0.0769,0.0206,26,15,4.3,4.72,4.3
00-0036331,Devin Duvernay,WR,BAL,2021,17,0,0,0.0,0,,1,3,2,16,0.1034,0.0571,32,26,4.3,7.65,4.3
00-0036331,Devin Duvernay,WR,BAL,2021,18,0,0,0.0,0,,1,0,0,0.0,0.0,0.0,36,24,0.2,0.84,0.2
00-0036332,Josiah Deguara,TE,GB,2021,3,0,0,0.0,0,,0,1,1,0.0,0.0323,0.0,25,29,1.4,1.47,1.4
00-0036332,Josiah Deguara,TE,GB,2021,6,0,0,0.0,0,,0,1,1,3,0.0476,0.0154,31,28,1.4,1.49,1.4
00-0036332,Josiah Deguara,TE,GB,2021,8,0,0,0.0,0,,0,2,2,-6,0.0571,-0.0364,34,38,4.0,3.24,4.0
00-0036332,Josiah Deguara,TE,GB,2021,9,0,0,0.0,0,,0,2,2,5,0.0625,0.0185,25,24,3.6,2.84,3.6
00-0036332,Josiah Deguara,TE,GB,2021,10,0,0,0.0,0,,0,3,2,15,0.0857,0.0647,32,36,2.9,5.45,2.9
00-0036332,Josiah Deguara,TE,GB,2021,11,0,0,0.0,0,,0,2,2,29,0.0645,0.1111,19,21,11.7,3.74,11.7
00-0036332,Josiah Deguara,TE,GB,2021,12,0,0,0.0,0,,0,4,2,23,0.0909,0.054,32,35,3.3,6.73,3.3
00-0036332,Josiah Deguara,TE,GB,2021,14,0,0,0.0,0,,0,3,3,9,0.0857,0.0356,24,23,7.4,3.99,7.4
00-0036332,Josiah Deguara,TE,GB,2021,15,0,0,0.0,0,,0,5,3,10,0.1613,0.035,25,23,4.6,10.49,4.6
00-0036332,Josiah Deguara,TE,GB,2021,16,0,0,0.0,0,,0,3,2,10,0.0882,0.0565,24,29,2.5,5.47,2.5
00-0036332,Josiah Deguara,TE,GB,2021,17,0,0,0.0,0,,0,3,2,18,0.0714,0.0698,32,35,3.1,6.76,3.1
00-0036332,Josiah Deguara,TE,GB,2021,18,0,0,0.0,0,,0,4,3,-2,0.1143,-0.0093,27,28,15.6,5.65,15.6
00-0036336,Anthony McFarland,RB,PIT,2021,8,0,0,0.0,0,,1,0,0,0.0,0.0,0.0,32,32,0.1,0.44,0.1
00-0036336,Anthony McFarland,RB,PIT,2021,12,0,0,0.0,0,,2,1,1,0.0,0.0256,0.0,15,20,2.3,2.41,2.3
00-0036345,K.J. Osborn,WR,MIN,2021,1,0,0,0.0,0,,0,9,7,77,0.1915,0.2452,22,31,14.6,13.68,14.6
00-0036345,K.J. Osborn,WR,MIN,2021,2,0,0,0.0,0,,0,6,5,47,0.1875,0.2315,27,28,20.1,9.71,20.1
00-0036345,K.J. Osborn,WR,MIN,2021,3,0,0,0.0,0,,0,2,2,11,0.0526,0.0582,34,37,4.6,2.73,4.6
00-0036345,K.J. Osborn,WR,MIN,2021,4,0,0,0.0,0,,1,7,3,70,0.1944,0.2188,23,22,6.6,11.54,6.6
00-0036345,K.J. Osborn,WR,MIN,2021,5,0,0,0.0,0,,0,4,3,9,0.129,0.0354,28,33,4.4,6.44,4.4
00-0036345,K.J. Osborn,WR,MIN,2021,6,0,0,0.0,0,,0,7,6,61,0.1556,0.1635,36,34,19.8,12.18,19.8
00-0036345,K.J. Osborn,WR,MIN,2021,8,0,0,0.0,0,,0,3,2,14,0.0909,0.0639,24,22,3.0,3.9,3.0
00-0036345,K.J. Osborn,WR,MIN,2021,9,0,0,0.0,0,,0,2,1,17,0.0714,0.0746,24,26,3.0,3.03,3.0
00-0036345,K.J. Osborn,WR,MIN,2021,10,0,0,0.0,0,,0,1,0,8,0.0286,0.0303,33,32,0.0,1.34,0.0
00-0036345,K.J. Osborn,WR,MIN,2021,11,0,0,0.0,0,,0,4,1,99,0.1176,0.2438,29,28,2.9,8.93,2.9
00-0036345,K.J. Osborn,WR,MIN,2021,12,0,0,0.0,0,,0,2,1,17,0.0625,0.0762,18,26,1.5,2.84,1.5
00-0036345,K.J. Osborn,WR,MIN,2021,13,0,0,0.0,0,,0,7,4,42,0.1707,0.1246,27,29,14.7,14.78,14.7
00-0036345,K.J. Osborn,WR,MIN,2021,14,0,0,0.0,0,,0,9,3,125,0.2903,0.3602,36,34,17.3,17.05,17.3
00-0036345,K.J. Osborn,WR,MIN,2021,15,0,0,0.0,0,,0,3,3,15,0.1364,0.053,33,33,5.1,4.46,5.1
00-0036345,K.J. Osborn,WR,MIN,2021,16,0,0,0.0,0,,0,7,5,99,0.2,0.2797,22,23,17.8,15.14,17.8
00-0036345,K.J. Osborn,WR,MIN,2021,17,0,0,0.0,0,,0,5,3,81,0.1351,0.3476,11,16,14.0,7.3,14.0
00-0036345,K.J. Osborn,WR,MIN,2021,18,0,0,0.0,0,,0,4,1,69,0.1905,0.2339,22,22,9.1,7.74,9.1
00-0036355,Justin Herbert,QB,LAC,2021,1,47,31,10.384,2,3.578,4,0,0,0.0,0.0,0.0,29,25,13.4,25.96,15.38
00-0036355,Justin Herbert,QB,LAC,2021,2,41,31,3.622,2,7.443,4,0,0,0.0,0.0,0.0,19,25,14.7,22.3,14.72
00-0036355,Justin Herbert,QB,LAC,2021,3,38,26,16.22,1,7.955,4,0,0,0.0,0.0,0.0,22,23,30.8,23.69,30.84
00-0036355,Justin Herbert,QB,LAC,2021,4,38,25,5.055,2,0.12,3,0,0,0.0,0.0,0.0,34,36,21.3,20.93,21.28
00-0036355,Justin Herbert,QB,LAC,2021,5,43,26,17.258,2,-6.023,4,0,0,0.0,0.0,0.0,23,24,42.8,20.94,42.82
00-0036355,Justin Herbert,QB,LAC,2021,6,39,22,-14.143,2,-12.393,2,0,0,0.0,0.0,0.0,12,15,11.0,15.22,11.0
00-0036355,Justin Herbert,QB,LAC,2021,8,35,18,-7.735,3,-15.137,2,0,0,0.0,0.0,0.0,20,24,13.8,14.87,13.82
00-0036355,Justin Herbert,QB,LAC,2021,9,38,32,22.863,0,16.777,5,0,0,0.0,0.0,0.0,27,25,31.6,28.78,31.64
00-0036355,Justin Herbert,QB,LAC,2021,10,34,20,-6.698,2,-10.624,2,0,0,0.0,0.0,0.0,19,20,12.0,20.09,12.0
00-0036355,Justin Herbert,QB,LAC,2021,11,41,30,15.115,2,-1.867,9,0,0,0.0,0.0,0.0,26,20,34.3,20.22,34.28
00-0036355,Justin Herbert,QB,LAC,2021,12,44,28,-1.96,3,-3.436,4,0,0,0.0,0.0,0.0,17,21,19.7,19.48,19.72
00-0036355,Justin Herbert,QB,LAC,2021,13,35,26,11.112,4,13.987,1,0,0,0.0,0.0,0.0,22,27,25.3,24.68,25.28
00-0036355,Justin Herbert,QB,LAC,2021,14,31,23,14.339,2,8.219,4,0,0,0.0,0.0,0.0,37,35,24.9,25.03,24.9
00-0036355,Justin Herbert,QB,LAC,2021,15,38,22,-3.721,0,-5.835,5,0,0,0.0,0.0,0.0,39,37,23.0,41.83,23.04
00-0036355,Justin Herbert,QB,LAC,2021,16,35,27,9.069,1,8.031,4,0,0,0.0,0.0,0.0,21,25,16.9,23.0,16.94
00-0036355,Justin Herbert,QB,LAC,2021,17,31,22,14.882,0,2.494,4,0,0,0.0,0.0,0.0,35,35,17.7,22.04,17.68
00-0036355,Justin Herbert,QB,LAC,2021,18,64,34,15.891,3,-12.733,2,0,0,0.0,0.0,0.0,21,24,27.4,28.16,27.42
00-0036357,Henry Ruggs III,WR,LV,2021,1,0,0,0.0,0,,0,5,2,99,0.0962,0.18,21,22,6.6,8.76,6.6
00-0036357,Henry Ruggs III,WR,LV,2021,2,0,0,0.0,0,,1,7,5,79,0.1892,0.2607,25,25,22.5,12.74,22.5
00-0036357,Henry Ruggs III,WR,LV,2021,3,0,0,0.0,0,,1,7,4,131,0.175,0.3283,35,37,12.5,13.52,12.5
00-0036357,Henry Ruggs III,WR,LV,2021,4,0,0,0.0,0,,0,6,3,137,0.1875,0.466,18,20,9.0,10.91,9.0
00-0036357,Henry Ruggs III,WR,LV,2021,5,0,0,0.0,0,,0,3,3,45,0.0857,0.1411,22,22,8.1,5.48,8.1
00-0036357,Henry Ruggs III,WR,LV,2021,6,0,0,0.0,0,,0,4,3,98,0.16,0.3063,23,25,18.7,7.89,18.7
00-0036357,Henry Ruggs III,WR,LV,2021,7,0,0,0.0,0,,1,4,4,19,0.1176,0.0984,29,33,7.1,6.85,7.1
00-0036358,CeeDee Lamb,WR,DAL,2021,1,0,0,0.0,0,,0,15,7,159,0.2632,0.4162,18,20,23.4,26.75,23.4
00-0036358,CeeDee Lamb,WR,DAL,2021,2,0,0,0.0,0,,1,9,8,61,0.3333,0.4453,31,34,17.4,16.07,17.4
00-0036358,CeeDee Lamb,WR,DAL,2021,3,0,0,0.0,0,,1,3,3,55,0.12,0.2263,41,35,9.5,11.97,9.5
00-0036358,CeeDee Lamb,WR,DAL,2021,4,0,0,0.0,0,,0,5,2,51,0.2273,0.3248,34,30,3.3,10.25,3.3
00-0036358,CeeDee Lamb,WR,DAL,2021,5,0,0,0.0,0,,1,6,4,46,0.1875,0.1554,39,41,18.8,13.33,18.8
00-0036358,CeeDee Lamb,WR,DAL,2021,6,0,0,0.0,0,,1,11,9,117,0.2245,0.2555,31,37,36.1,22.66,36.1
00-0036358,CeeDee Lamb,WR,DAL,2021,8,0,0,0.0,0,,0,8,6,108,0.1951,0.2488,24,28,17.2,14.19,17.2
00-0036358,CeeDee Lamb,WR,DAL,2021,9,0,0,0.0,0,,0,9,2,212,0.2308,0.452,16,18,4.3,19.11,4.3
00-0036358,CeeDee Lamb,WR,DAL,2021,10,0,0,0.0,0,,1,7,6,31,0.2121,0.1685,37,41,28.6,14.12,28.6
00-0036358,CeeDee Lamb,WR,DAL,2021,11,0,0,0.0,0,,0,4,3,30,0.0952,0.0923,16,24,4.4,6.46,4.4
00-0036358,CeeDee Lamb,WR,DAL,2021,13,0,0,0.0,0,,1,13,7,129,0.325,0.3828,24,24,19.2,22.95,19.2
00-0036358,CeeDee Lamb,WR,DAL,2021,14,0,0,0.0,0,,2,10,7,60,0.2564,0.2469,35,28,14.6,19.09,14.6
00-0036358,CeeDee Lamb,WR,DAL,2021,15,0,0,0.0,0,,0,9,6,59,0.2432,0.2599,30,34,11.0,14.55,11.0
00-0036358,CeeDee Lamb,WR,DAL,2021,16,0,0,0.0,0,,1,5,4,56,0.122,0.1279,28,24,10.4,9.98,10.4
00-0036358,CeeDee Lamb,WR,DAL,2021,17,0,0,0.0,0,,0,4,3,33,0.1053,0.1642,17,16,8.1,7.14,8.1
00-0036358,CeeDee Lamb,WR,DAL,2021,18,0,0,0.0,0,,0,2,2,26,0.0714,0.1111,32,34,6.5,3.89,6.5
00-0036360,Clyde Edwards-Helaire,RB,KC,2021,1,0,0,0.0,0,,14,3,3,-4,0.0882,-0.0119,23,18,10.2,12.79,10.2
00-0036360,Clyde Edwards-Helaire,RB,KC,2021,2,0,0,0.0,0,,13,0,0,0.0,0.0,0.0,18,17,2.6,7.27,2.6
00-0036360,Clyde Edwards-Helaire,RB,KC,2021,3,0,0,0.0,0,,17,2,2,-5,0.05,-0.0129,30,28,16.9,12.75,16.9
00-0036360,Clyde Edwards-Helaire,RB,KC,2021,4,0,0,0.0,0,,14,3,2,1,0.1,0.0046,32,28,19.4,15.81,19.4
00-0036360,Clyde Edwards-Helaire,RB,KC,2021,5,0,0,0.0,0,,7,2,1,-10,0.04,-0.0275,23,19,3.4,6.7,3.4
00-0036360,Clyde Edwards-Helaire,RB,KC,2021,11,0,0,0.0,0,,12,2,2,-4,0.0606,-0.0202,26,20,15.6,12.09,15.6
00-0036360,Clyde Edwards-Helaire,RB,KC,2021,13,0,0,0.0,0,,14,3,3,-8,0.1111,-0.053,24,25,11.2,11.92,11.2
00-0036360,Clyde Edwards-Helaire,RB,KC,2021,14,0,0,0.0,0,,10,3,3,-12,0.1364,-0.0845,30,29,19.2,13.24,19.2
00-0036360,Clyde Edwards-Helaire,RB,KC,2021,15,0,0,0.0,0,,9,4,2,-7,0.0889,-0.0234,20,16,9.0,11.61,7.0
00-0036360,Clyde Edwards-Helaire,RB,KC,2021,16,0,0,0.0,0,,9,1,1,-4,0.0345,-0.0157,35,39,10.1,10.67,10.1
00-0036365,Bryan Edwards,WR,LV,2021,1,0,0,0.0,0,,0,5,4,97,0.0962,0.1764,21,22,12.1,10.45,12.1
00-0036365,Bryan Edwards,WR,LV,2021,2,0,0,0.0,0,,0,3,3,23,0.0811,0.0759,25,25,7.0,5.03,7.0
00-0036365,Bryan Edwards,WR,LV,2021,3,0,0,0.0,0,,0,5,3,85,0.125,0.213,35,37,11.9,8.96,11.9
00-0036365,Bryan Edwards,WR,LV,2021,4,0,0,0.0,0,,0,4,1,38,0.125,0.1293,18,20,1.4,5.75,1.4
00-0036365,Bryan Edwards,WR,LV,2021,5,0,0,0.0,0,,0,6,2,104,0.1714,0.326,22,22,4.2,14.5,4.2
00-0036365,Bryan Edwards,WR,LV,2021,6,0,0,0.0,0,,0,4,2,75,0.16,0.2344,23,25,8.7,7.24,8.7
00-0036365,Bryan Edwards,WR,LV,2021,7,0,0,0.0,0,,0,4,3,39,0.1176,0.2021,29,33,13.3,12.97,13.3
00-0036365,Bryan Edwards,WR,LV,2021,9,0,0,0.0,0,,0,4,0,73,0.087,0.2744,20,29,0.0,11.4,0.0
00-0036365,Bryan Edwards,WR,LV,2021,10,0,0,0.0,0,,0,4,3,88,0.1176,0.3438,14,19,17.8,8.11,17.8
00-0036365,Bryan Edwards,WR,LV,2021,11,0,0,0.0,0,,1,0,0,0.0,0.0,0.0,18,21,0.0,0.68,0.0
00-0036365,Bryan Edwards,WR,LV,2021,12,0,0,0.0,0,,0,1,1,3,0.0263,0.008,35,33,2.2,1.46,2.2
00-0036365,Bryan Edwards,WR,LV,2021,13,0,0,0.0,0,,0,5,3,76,0.1389,0.2129,16,25,6.0,10.07,6.0
00-0036365,Bryan Edwards,WR,LV,2021,14,0,0,0.0,0,,0,3,2,36,0.0698,0.1865,12,20,4.4,5.06,4.4
00-0036365,Bryan Edwards,WR,LV,2021,15,0,0,0.0,0,,0,4,3,18,0.1111,0.0544,25,24,9.8,7.59,9.8
00-0036365,Bryan Edwards,WR,LV,2021,17,0,0,0.0,0,,0,2,0,21,0.0625,0.068,27,30,0.0,3.14,0.0
00-0036365,Bryan Edwards,WR,LV,2021,18,0,0,0.0,0,,0,5,4,51,0.1515,0.1848,34,32,10.3,10.21,10.3
00-0036370,Joshua Kelley,RB,LAC,2021,5,0,0,0.0,0,,2,0,0,0.0,0.0,0.0,23,24,1.7,0.9,1.7
00-0036370,Joshua Kelley,RB,LAC,2021,6,0,0,0.0,0,,4,0,0,0.0,0.0,0.0,12,15,0.7,1.94,0.7
00-0036370,Joshua Kelley,RB,LAC,2021,9,0,0,0.0,0,,3,1,1,4,0.027,0.0186,27,25,2.0,2.92,2.0
00-0036370,Joshua Kelley,RB,LAC,2021,10,0,0,0.0,0,,1,0,0,0.0,0.0,0.0,19,20,0.6,0.58,0.6
00-0036370,Joshua Kelley,RB,LAC,2021,12,0,0,0.0,0,,1,3,2,-1,0.0682,-0.0035,17,21,4.0,4.78,4.0
00-0036370,Joshua Kelley,RB,LAC,2021,14,0,0,0.0,0,,10,1,1,5,0.0333,0.0208,37,35,4.8,7.68,4.8
00-0036370,Joshua Kelley,RB,LAC,2021,15,0,0,0.0,0,,7,0,0,0.0,0.0,0.0,39,37,0.1,7.91,0.1
00-0036370,Joshua Kelley,RB,LAC,2021,16,0,0,0.0,0,,5,1,1,5,0.0294,0.0196,21,25,3.1,5.15,3.1
00-0036382,K.J. Hill,WR,LAC,2021,1,0,0,0.0,0,,0,3,3,18,0.0652,0.0495,29,25,6.0,4.7,6.0
00-0036383,Eno Benjamin,RB,ARI,2021,7,0,0,0.0,0,,2,0,0,0.0,0.0,0.0,37,29,0.7,0.93,0.7
00-0036383,Eno Benjamin,RB,ARI,2021,9,0,0,0.0,0,,9,0,0,0.0,0.0,0.0,39,36,9.9,4.25,9.9
00-0036383,Eno Benjamin,RB,ARI,2021,10,0,0,0.0,0,,6,1,0,3,0.0345,0.0135,20,19,2.2,4.5,2.2
00-0036383,Eno Benjamin,RB,ARI,2021,11,0,0,0.0,0,,6,1,1,5,0.0227,0.0249,33,33,3.0,4.28,3.0
00-0036383,Eno Benjamin,RB,ARI,2021,13,0,0,0.0,0,,2,1,1,-6,0.0667,-0.1034,35,25,2.3,2.85,2.3
00-0036383,Eno Benjamin,RB,ARI,2021,17,0,0,0.0,0,,2,0,0,0.0,0.0,0.0,32,28,0.3,1.04,0.3
00-0036383,Eno Benjamin,RB,ARI,2021,18,0,0,0.0,0,,7,4,4,-3,0.1026,-0.0119,28,33,9.6,10.21,9.6
00-0036387,Jalen Reagor,WR,PHI,2021,1,0,0,0.0,0,,0,6,6,6,0.1875,0.0469,31,30,16.9,8.65,16.9
00-0036387,Jalen Reagor,WR,PHI,2021,2,0,0,0.0,0,,0,5,2,92,0.2083,0.2722,29,22,2.5,9.37,2.5
00-0036387,Jalen Reagor,WR,PHI,2021,3,0,0,0.0,0,,0,8,5,84,0.2105,0.3032,12,11,10.3,13.77,10.3
00-0036387,Jalen Reagor,WR,PHI,2021,4,0,0,0.0,0,,1,1,1,-2,0.0227,-0.0058,19,19,3.1,2.21,3.1
00-0036387,Jalen Reagor,WR,PHI,2021,5,0,0,0.0,0,,0,5,3,29,0.1471,0.0997,22,19,5.4,7.54,5.4
00-0036387,Jalen Reagor,WR,PHI,2021,6,0,0,0.0,0,,0,3,0,32,0.125,0.1127,19,12,0.0,4.89,0.0
00-0036387,Jalen Reagor,WR,PHI,2021,7,0,0,0.0,0,,1,2,2,20,0.0645,0.0494,32,24,10.5,3.52,10.5
00-0036387,Jalen Reagor,WR,PHI,2021,8,0,0,0.0,0,,2,2,1,21,0.125,0.1522,46,37,3.1,7.64,3.1
00-0036387,Jalen Reagor,WR,PHI,2021,9,0,0,0.0,0,,0,1,1,-2,0.0625,-0.0097,39,29,0.4,1.44,0.4
00-0036387,Jalen Reagor,WR,PHI,2021,10,0,0,0.0,0,,1,2,1,24,0.0909,0.1008,39,28,1.4,4.61,1.4
00-0036387,Jalen Reagor,WR,PHI,2021,11,0,0,0.0,0,,0,3,1,18,0.1304,0.0891,50,34,0.9,4.32,0.9
00-0036387,Jalen Reagor,WR,PHI,2021,12,0,0,0.0,0,,0,7,2,155,0.2414,0.5184,33,30,5.1,13.23,5.1
00-0036387,Jalen Reagor,WR,PHI,2021,13,0,0,0.0,0,,1,1,1,4,0.0455,0.0296,41,44,1.7,2.13,1.7
00-0036387,Jalen Reagor,WR,PHI,2021,15,0,0,0.0,0,,0,3,3,14,0.1154,0.0596,41,35,8.7,5.12,8.7
00-0036387,Jalen Reagor,WR,PHI,2021,16,0,0,0.0,0,,0,4,2,24,0.1429,0.1062,30,32,3.5,4.87,3.5
00-0036387,Jalen Reagor,WR,PHI,2021,17,0,0,0.0,0,,1,1,0,14,0.04,0.053,34,30,-0.3,2.58,-0.3
00-0036387,Jalen Reagor,WR,PHI,2021,18,0,0,0.0,0,,3,3,2,16,0.0882,0.0727,33,29,4.9,6.19,4.9
00-0036389,Jalen Hurts,QB,PHI,2021,1,35,27,11.975,1,11.623,7,0,0,0.0,0.0,0.0,31,30,28.8,17.45,28.76
00-0036389,Jalen Hurts,QB,PHI,2021,2,23,12,0.682,2,-5.628,10,1,0,3,0.0417,0.0089,29,22,21.8,29.86,21.8
00-0036389,Jalen Hurts,QB,PHI,2021,3,39,25,-6.228,2,-3.828,9,0,0,0.0,0.0,0.0,12,11,20.5,23.5,20.54
00-0036389,Jalen Hurts,QB,PHI,2021,4,48,32,13.82,3,8.68,8,0,0,0.0,0.0,0.0,19,19,28.2,30.28,28.18
00-0036389,Jalen Hurts,QB,PHI,2021,5,37,22,-9.481,2,-4.926,9,0,0,0.0,0.0,0.0,22,19,22.9,22.43,22.92
00-0036389,Jalen Hurts,QB,PHI,2021,6,26,12,-6.576,2,-11.025,10,0,0,0.0,0.0,0.0,19,12,25.0,25.42,25.0
00-0036389,Jalen Hurts,QB,PHI,2021,7,34,18,4.161,2,-7.158,13,0,0,0.0,0.0,0.0,32,24,23.5,25.82,23.54
00-0036389,Jalen Hurts,QB,PHI,2021,8,14,9,2.145,0,-1.636,7,0,0,0.0,0.0,0.0,46,37,11.2,18.37,11.22
00-0036389,Jalen Hurts,QB,PHI,2021,9,17,11,5.613,1,9.566,10,0,0,0.0,0.0,0.0,39,29,16.7,16.94,16.68
00-0036389,Jalen Hurts,QB,PHI,2021,10,23,16,5.072,2,12.886,13,0,0,0.0,0.0,0.0,39,28,18.6,19.3,18.62
00-0036389,Jalen Hurts,QB,PHI,2021,11,24,13,0.529,3,-5.519,18,0,0,0.0,0.0,0.0,50,34,30.8,27.03,30.78
00-0036389,Jalen Hurts,QB,PHI,2021,12,31,14,-17.632,1,-14.275,8,0,0,0.0,0.0,0.0,33,30,6.9,22.51,6.86
00-0036389,Jalen Hurts,QB,PHI,2021,15,26,20,6.013,3,11.265,8,0,0,0.0,0.0,0.0,41,35,27.6,28.92,29.64
00-0036389,Jalen Hurts,QB,PHI,2021,16,29,17,1.305,1,-3.943,2,0,0,0.0,0.0,0.0,30,32,16.7,17.35,16.66
00-0036389,Jalen Hurts,QB,PHI,2021,17,26,17,7.549,1,6.68,7,0,0,0.0,0.0,0.0,34,30,13.0,15.17,12.96
00-0036407,Jerry Jeudy,WR,DEN,2021,1,0,0,0.0,0,,0,7,6,83,0.2,0.266,28,29,13.2,10.91,13.2
00-0036407,Jerry Jeudy,WR,DEN,2021,8,0,0,0.0,0,,1,4,4,36,0.16,0.1946,21,24,7.9,7.4,7.9
00-0036407,Jerry Jeudy,WR,DEN,2021,9,0,0,0.0,0,,0,8,6,45,0.3333,0.2,41,40,12.9,13.71,12.9
00-0036407,Jerry Jeudy,WR,DEN,2021,10,0,0,0.0,0,,1,9,6,89,0.2647,0.4279,18,20,11.1,15.36,11.1
00-0036407,Jerry Jeudy,WR,DEN,2021,12,0,0,0.0,0,,0,3,2,16,0.1304,0.1096,33,35,4.5,4.39,4.5
00-0036407,Jerry Jeudy,WR,DEN,2021,13,0,0,0.0,0,,0,6,4,50,0.1667,0.1859,31,34,11.7,9.8,11.7
00-0036407,Jerry Jeudy,WR,DEN,2021,14,0,0,0.0,0,,0,6,5,35,0.24,0.1882,39,40,9.7,8.7,9.7
00-0036407,Jerry Jeudy,WR,DEN,2021,15,0,0,0.0,0,,0,4,0,70,0.125,0.2071,34,35,0.0,6.61,0.0
00-0036407,Jerry Jeudy,WR,DEN,2021,16,0,0,0.0,0,,0,4,3,49,0.1818,0.1992,16,17,9.0,6.56,9.0
00-0036407,Jerry Jeudy,WR,DEN,2021,18,0,0,0.0,0,,0,5,2,122,0.2083,0.4469,28,27,5.0,8.63,5.0
00-0036410,Tee Higgins,WR,CIN,2021,1,0,0,0.0,0,,0,5,4,41,0.1923,0.1864,36,39,15.8,9.89,15.8
00-0036410,Tee Higgins,WR,CIN,2021,2,0,0,0.0,0,,0,10,6,97,0.3448,0.4273,20,22,16.0,15.92,16.0
00-0036410,Tee Higgins,WR,CIN,2021,5,0,0,0.0,0,,0,7,5,45,0.1892,0.1471,24,28,10.2,11.46,10.2
00-0036410,Tee Higgins,WR,CIN,2021,6,0,0,0.0,0,,0,6,3,50,0.2069,0.2315,36,36,7.4,10.27,7.4
00-0036410,Tee Higgins,WR,CIN,2021,7,0,0,0.0,0,,0,15,7,174,0.4167,0.4473,24,24,13.2,24.9,13.2
00-0036410,Tee Higgins,WR,CIN,2021,8,0,0,0.0,0,,0,6,4,101,0.1765,0.4903,16,20,13.7,14.11,13.7
00-0036410,Tee Higgins,WR,CIN,2021,9,0,0,0.0,0,,0,8,6,129,0.1951,0.3395,23,26,13.8,14.81,13.8
00-0036410,Tee Higgins,WR,CIN,2021,11,0,0,0.0,0,,0,3,2,16,0.1071,0.0727,38,36,3.5,4.63,3.5
00-0036410,Tee Higgins,WR,CIN,2021,12,0,0,0.0,0,,0,8,6,133,0.3333,0.7308,38,42,23.4,15.17,23.4
00-0036410,Tee Higgins,WR,CIN,2021,13,0,0,0.0,0,,0,14,9,183,0.3684,0.4645,25,26,28.8,25.25,28.8
00-0036410,Tee Higgins,WR,CIN,2021,14,0,0,0.0,0,,0,7,5,114,0.2059,0.3918,26,28,16.4,12.69,16.4
00-0036410,Tee Higgins,WR,CIN,2021,15,0,0,0.0,0,,0,3,2,15,0.1429,0.0932,26,24,4.3,4.54,4.3
00-0036410,Tee Higgins,WR,CIN,2021,16,0,0,0.0,0,,0,13,12,158,0.2826,0.4125,21,27,43.4,27.25,43.4
00-0036410,Tee Higgins,WR,CIN,2021,17,0,0,0.0,0,,0,5,3,67,0.1316,0.2548,19,21,9.2,8.19,9.2
00-0036412,KJ Hamler,WR,DEN,2021,1,0,0,0.0,0,,0,4,3,86,0.1143,0.2756,28,29,7.1,8.02,7.1
00-0036412,KJ Hamler,WR,DEN,2021,2,0,0,0.0,0,,0,3,1,54,0.0882,0.1388,30,29,1.5,4.99,1.5
00-0036412,KJ Hamler,WR,DEN,2021,3,0,0,0.0,0,,0,3,1,61,0.125,0.305,37,37,3.8,5.29,3.8
00-0036414,Cam Akers,RB,LA,2021,18,0,0,0.0,0,,5,3,3,6,0.0938,0.0216,27,30,4.3,8.72,4.3
00-0036415,Van Jefferson,WR,LA,2021,1,0,0,0.0,0,,0,3,2,87,0.1154,0.3816,23,18,16.0,7.52,16.0
00-0036415,Van Jefferson,WR,LA,2021,2,0,0,0.0,0,,0,3,1,34,0.1034,0.156,29,26,2.4,5.31,2.4
00-0036415,Van Jefferson,WR,LA,2021,3,0,0,0.0,0,,0,6,4,58,0.1579,0.1616,24,24,8.2,11.66,8.2
00-0036415,Van Jefferson,WR,LA,2021,4,0,0,0.0,0,,0,6,6,69,0.1463,0.1949,23,22,21.0,11.68,21.0
00-0036415,Van Jefferson,WR,LA,2021,5,0,0,0.0,0,,0,4,1,79,0.1143,0.1684,29,30,2.6,9.34,2.6
00-0036415,Van Jefferson,WR,LA,2021,6,0,0,0.0,0,,0,4,3,13,0.1333,0.0551,34,32,4.9,6.67,4.9
00-0036415,Van Jefferson,WR,LA,2021,7,0,0,0.0,0,,0,7,4,107,0.1707,0.2794,19,20,14.3,15.16,14.3
00-0036415,Van Jefferson,WR,LA,2021,8,0,0,0.0,0,,0,6,3,79,0.1765,0.3641,31,31,11.8,14.26,11.8
00-0036415,Van Jefferson,WR,LA,2021,9,0,0,0.0,0,,0,7,3,74,0.1489,0.3033,21,23,7.1,15.25,7.1
00-0036415,Van Jefferson,WR,LA,2021,10,0,0,0.0,0,,0,7,3,85,0.1667,0.253,10,15,8.4,14.76,8.4
00-0036415,Van Jefferson,WR,LA,2021,12,0,0,0.0,0,,0,9,3,164,0.2308,0.3788,20,24,18.3,15.56,18.3
00-0036415,Van Jefferson,WR,LA,2021,13,0,0,0.0,0,,0,8,6,57,0.2162,0.1615,27,29,16.1,16.46,16.1
00-0036415,Van Jefferson,WR,LA,2021,14,0,0,0.0,0,,1,3,2,55,0.1,0.22,21,20,14.8,10.04,14.8
00-0036415,Van Jefferson,WR,LA,2021,15,0,0,0.0,0,,1,2,2,22,0.069,0.0957,29,28,5.3,4.23,5.3
00-0036415,Van Jefferson,WR,LA,2021,16,0,0,0.0,0,,0,6,1,116,0.1622,0.3906,33,30,1.6,11.44,1.6
00-0036415,Van Jefferson,WR,LA,2021,17,0,0,0.0,0,,0,5,4,66,0.1429,0.2651,20,22,10.3,8.56,10.3
00-0036415,Van Jefferson,WR,LA,2021,18,0,0,0.0,0,,0,3,2,30,0.0938,0.1079,27,30,5.1,4.36,5.1
00-0036422,Adam Trautman,TE,NO,2021,1,0,0,0.0,0,,0,6,3,31,0.3,0.2039,39,35,4.8,10.09,4.8
00-0036422,Adam Trautman,TE,NO,2021,3,0,0,0.0,0,,0,1,0,4,0.05,0.0197,38,32,0.0,1.6,0.0
00-0036422,Adam Trautman,TE,NO,2021,4,0,0,0.0,0,,0,1,1,1,0.0385,0.0052,39,33,1.3,1.56,1.3
00-0036422,Adam Trautman,TE,NO,2021,5,0,0,0.0,0,,0,2,2,26,0.0714,0.0712,23,21,6.3,3.35,6.3
00-0036422,Adam Trautman,TE,NO,2021,7,0,0,0.0,0,,0,3,3,9,0.0938,0.0303,31,33,4.6,4.54,4.6
00-0036422,Adam Trautman,TE,NO,2021,8,0,0,0.0,0,,0,6,2,23,0.1714,0.1217,32,31,2.4,13.62,2.4
00-0036422,Adam Trautman,TE,NO,2021,9,0,0,0.0,0,,0,7,4,61,0.1667,0.1843,25,33,8.7,15.26,8.7
00-0036422,Adam Trautman,TE,NO,2021,10,0,0,0.0,0,,0,6,5,12,0.1714,0.0366,21,20,8.2,8.62,8.2
00-0036422,Adam Trautman,TE,NO,2021,11,0,0,0.0,0,,0,8,5,38,0.2222,0.1392,22,27,16.8,11.27,16.8
00-0036422,Adam Trautman,TE,NO,2021,15,0,0,0.0,0,,0,2,1,26,0.08,0.1074,31,24,1.4,3.07,1.4
00-0036422,Adam Trautman,TE,NO,2021,18,0,0,0.0,0,,0,1,1,14,0.0435,0.0725,46,39,8.8,2.97,8.8
00-0036423,Albert Okwuegbunam,TE,DEN,2021,1,0,0,0.0,0,,0,3,3,2,0.0857,0.0064,28,29,8.6,8.35,8.6
00-0036423,Albert Okwuegbunam,TE,DEN,2021,2,0,0,0.0,0,,0,4,4,9,0.1176,0.0231,30,29,6.4,5.99,6.4
00-0036423,Albert Okwuegbunam,TE,DEN,2021,3,0,0,0.0,0,,0,1,1,3,0.0417,0.015,37,37,1.6,1.37,1.6
00-0036423,Albert Okwuegbunam,TE,DEN,2021,4,0,0,0.0,0,,0,2,1,42,0.0541,0.1183,17,21,2.1,3.68,2.1
00-0036423,Albert Okwuegbunam,TE,DEN,2021,8,0,0,0.0,0,,0,3,3,16,0.12,0.0865,21,24,6.4,4.49,6.4
00-0036423,Albert Okwuegbunam,TE,DEN,2021,9,0,0,0.0,0,,0,5,4,4,0.2083,0.0178,41,40,6.5,7.88,6.5
00-0036423,Albert Okwuegbunam,TE,DEN,2021,10,0,0,0.0,0,,0,3,3,16,0.0882,0.0769,18,20,10.7,4.68,10.7
00-0036423,Albert Okwuegbunam,TE,DEN,2021,12,0,0,0.0,0,,0,2,1,21,0.087,0.1438,33,35,2.2,3.49,2.2
00-0036423,Albert Okwuegbunam,TE,DEN,2021,13,0,0,0.0,0,,0,4,3,15,0.1111,0.0558,31,34,5.1,6.15,5.1
00-0036423,Albert Okwuegbunam,TE,DEN,2021,14,0,0,0.0,0,,0,5,5,12,0.2,0.0645,39,40,15.1,11.44,15.1
00-0036423,Albert Okwuegbunam,TE,DEN,2021,15,0,0,0.0,0,,0,4,3,24,0.125,0.071,34,35,8.8,6.09,8.8
00-0036423,Albert Okwuegbunam,TE,DEN,2021,16,0,0,0.0,0,,0,2,0,64,0.0909,0.2602,16,17,0.0,3.39,0.0
00-0036423,Albert Okwuegbunam,TE,DEN,2021,17,0,0,0.0,0,,0,2,2,-2,0.0741,-0.0091,27,28,2.5,5.95,2.5
00-0036424,Brycen Hopkins,TE,LA,2021,15,0,0,0.0,0,,0,1,1,3,0.0345,0.013,29,28,1.9,1.35,1.9
00-0036425,DeeJay Dallas,RB,SEA,2021,1,0,0,0.0,0,,1,1,1,-3,0.0476,-0.013,27,23,2.0,2.15,2.0
00-0036425,DeeJay Dallas,RB,SEA,2021,5,0,0,0.0,0,,4,2,2,20,0.0625,0.0587,25,25,5.9,5.18,5.9
00-0036425,DeeJay Dallas,RB,SEA,2021,6,0,0,0.0,0,,4,5,5,8,0.1613,0.0808,27,33,10.0,9.28,10.0
00-0036425,DeeJay Dallas,RB,SEA,2021,8,0,0,0.0,0,,1,0,0,0.0,0.0,0.0,25,23,0.6,0.6,0.6
00-0036425,DeeJay Dallas,RB,SEA,2021,11,0,0,0.0,0,,4,2,1,-2,0.08,-0.0071,19,18,9.7,7.37,9.7
00-0036425,DeeJay Dallas,RB,SEA,2021,12,0,0,0.0,0,,3,5,5,5,0.1613,0.0179,12,16,8.1,9.34,8.1
00-0036425,DeeJay Dallas,RB,SEA,2021,14,0,0,0.0,0,,2,0,0,0.0,0.0,0.0,29,27,1.6,1.21,1.6
00-0036425,DeeJay Dallas,RB,SEA,2021,15,0,0,0.0,0,,8,4,3,18,0.1429,0.044,19,24,14.2,10.62,14.2
00-0036425,DeeJay Dallas,RB,SEA,2021,16,0,0,0.0,0,,4,4,4,-7,0.1481,-0.0307,24,25,7.8,7.99,7.8
00-0036425,DeeJay Dallas,RB,SEA,2021,17,0,0,0.0,0,,1,0,0,0.0,0.0,0.0,41,34,0.1,0.52,0.1
00-0036425,DeeJay Dallas,RB,SEA,2021,18,0,0,0.0,0,,1,0,0,0.0,0.0,0.0,30,26,0.1,0.43,0.1
00-0036427,Tyler Johnson,WR,TB,2021,1,0,0,0.0,0,,0,1,0,10,0.0222,0.0224,14,20,0.0,1.01,0.0
00-0036427,Tyler Johnson,WR,TB,2021,2,0,0,0.0,0,,0,2,1,4,0.0571,0.0115,21,24,1.5,3.38,1.5
00-0036427,Tyler Johnson,WR,TB,2021,3,0,0,0.0,0,,0,6,3,71,0.1111,0.1859,13,21,9.3,11.93,9.3
00-0036427,Tyler Johnson,WR,TB,2021,4,0,0,0.0,0,,0,2,0,40,0.0465,0.0871,30,29,0.0,5.08,0.0
00-0036427,Tyler Johnson,WR,TB,2021,5,0,0,0.0,0,,0,3,3,27,0.0714,0.0601,25,28,7.2,6.21,7.2
00-0036427,Tyler Johnson,WR,TB,2021,7,0,0,0.0,0,,0,2,2,-3,0.0513,-0.0104,31,34,3.6,3.07,3.6
00-0036427,Tyler Johnson,WR,TB,2021,8,0,0,0.0,0,,0,6,5,61,0.1463,0.1794,14,18,11.5,10.04,11.5
00-0036427,Tyler Johnson,WR,TB,2021,10,0,0,0.0,0,,0,5,3,28,0.1515,0.1414,13,21,4.7,7.01,4.7
00-0036427,Tyler Johnson,WR,TB,2021,11,0,0,0.0,0,,0,3,1,36,0.0638,0.1029,27,28,1.8,6.26,1.8
00-0036427,Tyler Johnson,WR,TB,2021,12,0,0,0.0,0,,0,1,1,5,0.0294,0.026,27,31,1.9,1.66,1.9
00-0036427,Tyler Johnson,WR,TB,2021,13,0,0,0.0,0,,0,1,1,5,0.0196,0.0154,17,24,1.5,1.63,1.5
00-0036427,Tyler Johnson,WR,TB,2021,14,0,0,0.0,0,,0,3,3,4,0.0652,0.0115,29,26,4.7,4.42,4.7
00-0036427,Tyler Johnson,WR,TB,2021,15,0,0,0.0,0,,0,7,4,36,0.1458,0.0902,21,29,8.1,9.67,8.1
00-0036427,Tyler Johnson,WR,TB,2021,17,0,0,0.0,0,,0,6,4,81,0.1224,0.1598,21,27,9.0,11.27,9.0
00-0036427,Tyler Johnson,WR,TB,2021,18,0,0,0.0,0,,0,7,5,27,0.1842,0.0871,20,20,7.2,10.59,7.2
00-0036429,Charlie Woerner,TE,SF,2021,5,0,0,0.0,0,,0,1,1,3,0.0357,0.0115,28,12,1.4,1.45,1.4
00-0036429,Charlie Woerner,TE,SF,2021,7,0,0,0.0,0,,0,2,2,28,0.0741,0.1181,24,24,5.0,3.21,5.0
00-0036429,Charlie Woerner,TE,SF,2021,8,0,0,0.0,0,,0,2,1,14,0.0741,0.0565,26,23,1.7,2.98,1.7
00-0036429,Charlie Woerner,TE,SF,2021,12,0,0,0.0,0,,0,1,1,7,0.0385,0.0308,39,35,2.1,1.55,2.1
00-0036438,Stephen Sullivan,TE,CAR,2021,16,0,0,0.0,0,,0,1,0,-2,0.0233,-0.0052,15,14,0.0,1.47,0.0
00-0036439,Tyrie Cleveland,WR,DEN,2021,7,0,0,0.0,0,,0,1,0,5,0.0312,0.0287,14,20,0.0,1.38,0.0
00-0036442,Joe Burrow,QB,CIN,2021,1,27,20,4.165,5,11.101,1,0,0,0.0,0.0,0.0,36,39,18.6,11.32,18.64
00-0036442,Joe Burrow,QB,CIN,2021,2,30,19,-8.972,5,-0.091,0,0,0,0.0,0.0,0.0,20,22,10.3,9.23,10.28
00-0036442,Joe Burrow,QB,CIN,2021,3,18,14,8.304,0,12.104,5,0,0,0.0,0.0,0.0,24,23,17.6,9.24,17.58
00-0036442,Joe Burrow,QB,CIN,2021,4,32,25,17.59,1,10.652,3,0,0,0.0,0.0,0.0,22,21,22.3,15.39,22.32
00-0036442,Joe Burrow,QB,CIN,2021,5,38,26,2.4,3,2.502,3,0,0,0.0,0.0,0.0,24,28,18.3,17.85,18.34
00-0036442,Joe Burrow,QB,CIN,2021,6,29,19,10.48,2,-2.794,5,0,0,0.0,0.0,0.0,36,36,22.8,18.47,22.84
00-0036442,Joe Burrow,QB,CIN,2021,7,38,23,19.763,1,3.764,1,0,0,0.0,0.0,0.0,24,24,26.6,15.99,26.64
00-0036442,Joe Burrow,QB,CIN,2021,8,34,21,-0.317,3,2.584,1,0,0,0.0,0.0,0.0,16,20,20.3,27.36,20.26
00-0036442,Joe Burrow,QB,CIN,2021,9,40,28,-14.341,5,9.324,2,0,0,0.0,0.0,0.0,23,26,7.4,19.85,7.38
00-0036442,Joe Burrow,QB,CIN,2021,11,29,20,2.787,3,1.926,3,0,0,0.0,0.0,0.0,38,36,9.0,16.3,11.02
00-0036442,Joe Burrow,QB,CIN,2021,12,24,20,2.284,2,20.286,1,0,0,0.0,0.0,0.0,38,42,16.4,11.71,16.4
00-0036442,Joe Burrow,QB,CIN,2021,13,40,24,-5.992,6,0.75,1,0,0,0.0,0.0,0.0,25,26,16.6,17.59,18.6
00-0036442,Joe Burrow,QB,CIN,2021,14,34,25,10.852,5,5.469,2,0,0,0.0,0.0,0.0,26,28,22.2,13.22,22.22
00-0036442,Joe Burrow,QB,CIN,2021,15,22,15,-5.724,3,1.649,5,0,0,0.0,0.0,0.0,26,24,12.8,12.2,12.78
00-0036442,Joe Burrow,QB,CIN,2021,16,46,37,32.462,3,14.205,2,0,0,0.0,0.0,0.0,21,27,38.1,26.5,38.1
00-0036442,Joe Burrow,QB,CIN,2021,17,39,30,23.909,4,12.988,5,0,0,0.0,0.0,0.0,19,21,34.8,24.85,34.84
00-0036450,Ke'Shawn Vaughn,RB,TB,2021,7,0,0,0.0,0,,5,0,0,0.0,0.0,0.0,31,34,2.7,2.0,2.7
00-0036450,Ke'Shawn Vaughn,RB,TB,2021,11,0,0,0.0,0,,3,0,0,0.0,0.0,0.0,27,28,0.4,1.26,0.4
00-0036450,Ke'Shawn Vaughn,RB,TB,2021,15,0,0,0.0,0,,3,2,0,3,0.0417,0.0075,21,29,1.9,4.67,1.9
00-0036450,Ke'Shawn Vaughn,RB,TB,2021,16,0,0,0.0,0,,7,1,0,0.0,0.0345,0.0,31,31,13.0,6.3,13.0
00-0036450,Ke'Shawn Vaughn,RB,TB,2021,17,0,0,0.0,0,,8,3,2,9,0.0612,0.0178,21,27,6.5,9.93,6.5
00-0036450,Ke'Shawn Vaughn,RB,TB,2021,18,0,0,0.0,0,,10,2,2,1,0.0526,0.0032,20,20,12.1,10.36,12.1
00-0036456,Dominique Dafney,TE,GB,2021,9,0,0,0.0,0,,0,1,0,8,0.0312,0.0295,25,24,0.0,1.64,0.0
00-0036456,Dominique Dafney,TE,GB,2021,11,0,0,0.0,0,,0,1,1,4,0.0323,0.0153,19,21,1.8,1.34,1.8
00-0036456,Dominique Dafney,TE,GB,2021,17,0,0,0.0,0,,0,1,0,-1,0.0238,-0.0039,32,35,0.0,1.49,0.0
00-0036456,Dominique Dafney,TE,GB,2021,18,0,0,0.0,0,,0,1,1,-1,0.0286,-0.0046,27,28,3.6,1.57,3.6
00-0036457,Ty'Son Williams,RB,BAL,2021,1,0,0,0.0,0,,9,4,3,0.0,0.1379,0.0,34,26,18.4,11.38,18.4
00-0036457,Ty'Son Williams,RB,BAL,2021,2,0,0,0.0,0,,13,2,2,3,0.08,0.0121,41,27,11.3,11.37,11.3
00-0036457,Ty'Son Williams,RB,BAL,2021,3,0,0,0.0,0,,5,1,0,18,0.037,0.034,22,15,2.2,4.89,2.2
00-0036457,Ty'Son Williams,RB,BAL,2021,5,0,0,0.0,0,,4,2,2,5,0.0465,0.0162,25,18,4.1,5.11,4.1
00-0036457,Ty'Son Williams,RB,BAL,2021,7,0,0,0.0,0,,2,2,2,7,0.0488,0.012,24,17,5.4,4.07,5.4
00-0036457,Ty'Son Williams,RB,BAL,2021,12,0,0,0.0,0,,1,1,0,-3,0.0312,-0.0108,43,27,0.1,2.0,0.1
00-0036457,Ty'Son Williams,RB,BAL,2021,18,0,0,0.0,0,,1,0,0,0.0,0.0,0.0,36,24,0.4,0.7,0.4
00-0036482,Mike Strachan,WR,IND,2021,1,0,0,0.0,0,,0,2,2,26,0.0571,0.125,30,38,4.6,3.1,4.6
00-0036482,Mike Strachan,WR,IND,2021,2,0,0,0.0,0,,0,1,0,28,0.0286,0.0952,26,23,0.0,1.76,0.0
00-0036491,Tarik Black,WR,NYJ,2021,18,0,0,0.0,0,,0,2,1,18,0.1053,0.1324,17,15,2.0,2.61,2.0
00-0036493,Deon Jackson,RB,IND,2021,11,0,0,0.0,0,,6,0,0,0.0,0.0,0.0,46,45,1.2,2.44,1.2
00-0036493,Deon Jackson,RB,IND,2021,13,0,0,0.0,0,,6,0,0,0.0,0.0,0.0,48,44,7.9,4.86,7.9
00-0036493,Deon Jackson,RB,IND,2021,17,0,0,0.0,0,,1,0,0,0.0,0.0,0.0,26,28,0.0,0.32,0.0
00-0036510,Kenny Yeboah,TE,NYJ,2021,13,0,0,0.0,0,,0,1,0,15,0.0278,0.0485,17,20,0.0,1.91,0.0
00-0036510,Kenny Yeboah,TE,NYJ,2021,17,0,0,0.0,0,,0,2,2,33,0.0667,0.1392,26,26,5.6,3.87,5.6
00-0036523,Trey Ragas,RB,LV,2021,14,0,0,0.0,0,,1,2,2,-7,0.0465,-0.0363,12,20,3.5,3.33,3.5
00-0036534,Shane Zylstra,TE,DET,2021,14,0,0,0.0,0,,0,6,2,27,0.1579,0.0971,21,21,3.8,9.27,3.8
00-0036534,Shane Zylstra,TE,DET,2021,15,0,0,0.0,0,,0,1,1,11,0.0385,0.0724,34,36,2.6,1.9,2.6
00-0036550,Rashod Bateman,WR,BAL,2021,6,0,0,0.0,0,,0,6,4,40,0.2222,0.2235,38,28,6.9,9.12,6.9
00-0036550,Rashod Bateman,WR,BAL,2021,7,0,0,0.0,0,,0,6,3,69,0.1463,0.1182,24,17,11.0,10.35,11.0
00-0036550,Rashod Bateman,WR,BAL,2021,9,0,0,0.0,0,,0,8,5,111,0.1951,0.3437,45,29,10.2,14.53,10.2
00-0036550,Rashod Bateman,WR,BAL,2021,10,0,0,0.0,0,,0,8,6,67,0.1951,0.2161,23,16,14.0,12.43,14.0
00-0036550,Rashod Bateman,WR,BAL,2021,11,0,0,0.0,0,,0,6,3,44,0.1667,0.2404,34,35,5.9,8.65,5.9
00-0036550,Rashod Bateman,WR,BAL,2021,12,0,0,0.0,0,,0,4,4,25,0.125,0.0899,43,27,7.1,6.15,7.1
00-0036550,Rashod Bateman,WR,BAL,2021,13,0,0,0.0,0,,0,1,0,0.0,0.027,0.0,25,25,0.0,1.32,0.0
00-0036550,Rashod Bateman,WR,BAL,2021,14,0,0,0.0,0,,0,8,7,71,0.2,0.2313,23,19,17.3,10.67,17.3
00-0036550,Rashod Bateman,WR,BAL,2021,15,0,0,0.0,0,,0,2,1,44,0.0513,0.1811,26,15,1.5,3.87,1.5
00-0036550,Rashod Bateman,WR,BAL,2021,16,0,0,0.0,0,,0,5,4,21,0.1351,0.0747,16,14,12.6,9.18,12.6
00-0036550,Rashod Bateman,WR,BAL,2021,17,0,0,0.0,0,,0,10,7,94,0.3448,0.3357,32,26,12.8,15.62,10.8
00-0036550,Rashod Bateman,WR,BAL,2021,18,0,0,0.0,0,,0,4,2,20,0.125,0.0719,36,24,4.2,5.3,4.2
00-0036554,Nico Collins,WR,HOU,2021,1,0,0,0.0,0,,0,3,1,19,0.0938,0.0597,41,41,1.7,6.36,1.7
00-0036554,Nico Collins,WR,HOU,2021,2,0,0,0.0,0,,0,1,1,11,0.0357,0.0404,28,29,4.2,1.1,4.2
00-0036554,Nico Collins,WR,HOU,2021,6,0,0,0.0,0,,0,6,4,54,0.1429,0.1935,29,32,8.4,9.26,8.4
00-0036554,Nico Collins,WR,HOU,2021,7,0,0,0.0,0,,0,5,2,67,0.1613,0.4379,15,23,4.8,8.07,4.8
00-0036554,Nico Collins,WR,HOU,2021,8,0,0,0.0,0,,0,4,4,39,0.1111,0.1483,14,20,9.5,6.09,9.5
00-0036554,Nico Collins,WR,HOU,2021,9,0,0,0.0,0,,0,3,3,15,0.075,0.0411,18,18,5.5,4.34,5.7
00-0036554,Nico Collins,WR,HOU,2021,11,0,0,0.0,0,,0,2,1,15,0.087,0.1546,38,35,1.9,4.57,1.9
00-0036554,Nico Collins,WR,HOU,2021,12,0,0,0.0,0,,0,5,2,79,0.1923,0.3607,24,27,4.8,8.81,4.8
00-0036554,Nico Collins,WR,HOU,2021,13,0,0,0.0,0,,0,1,0,7,0.0385,0.0486,19,15,0.0,1.39,0.0
00-0036554,Nico Collins,WR,HOU,2021,14,0,0,0.0,0,,0,10,5,87,0.2083,0.3295,25,32,11.9,19.21,11.9
00-0036554,Nico Collins,WR,HOU,2021,15,0,0,0.0,0,,0,4,2,33,0.1333,0.1564,26,27,3.4,7.48,3.4
00-0036554,Nico Collins,WR,HOU,2021,16,0,0,0.0,0,,0,4,3,20,0.1481,0.0957,36,36,12.3,6.64,12.3
00-0036554,Nico Collins,WR,HOU,2021,17,0,0,0.0,0,,0,5,2,48,0.1667,0.2474,27,34,5.5,7.01,5.5
00-0036554,Nico Collins,WR,HOU,2021,18,0,0,0.0,0,,0,7,3,143,0.2188,0.3834,21,23,9.7,12.53,9.7
00-0036555,Chuba Hubbard,RB,CAR,2021,1,0,0,0.0,0,,0,2,2,0.0,0.0606,0.0,27,32,2.4,2.48,2.4
00-0036555,Chuba Hubbard,RB,CAR,2021,2,0,0,0.0,0,,8,1,0,-2,0.0278,-0.0075,33,37,1.0,4.82,1.0
00-0036555,Chuba Hubbard,RB,CAR,2021,3,0,0,0.0,0,,11,5,3,7,0.1515,0.026,33,29,10.9,17.96,10.9
00-0036555,Chuba Hubbard,RB,CAR,2021,4,0,0,0.0,0,,13,2,2,-6,0.0513,-0.0178,24,23,9.1,9.18,9.1
00-0036555,Chuba Hubbard,RB,CAR,2021,5,0,0,0.0,0,,24,6,5,6,0.1765,0.0207,30,33,18.4,21.84,18.4
00-0036555,Chuba Hubbard,RB,CAR,2021,6,0,0,0.0,0,,16,3,1,6,0.0769,0.0142,23,18,13.5,13.77,13.5
00-0036555,Chuba Hubbard,RB,CAR,2021,7,0,0,0.0,0,,12,5,4,3,0.1316,0.0103,17,20,9.6,12.53,9.6
00-0036555,Chuba Hubbard,RB,CAR,2021,8,0,0,0.0,0,,24,2,1,-2,0.0833,-0.0164,47,42,14.1,17.23,14.1
00-0036555,Chuba Hubbard,RB,CAR,2021,9,0,0,0.0,0,,3,2,1,10,0.069,0.0546,23,27,4.6,4.59,4.6
00-0036555,Chuba Hubbard,RB,CAR,2021,10,0,0,0.0,0,,9,0,0,0.0,0.0,0.0,37,45,8.7,7.01,8.7
00-0036555,Chuba Hubbard,RB,CAR,2021,12,0,0,0.0,0,,2,1,0,1,0.0323,0.0031,18,16,0.6,2.46,0.6
00-0036555,Chuba Hubbard,RB,CAR,2021,14,0,0,0.0,0,,10,0,0,0.0,0.0,0.0,26,16,9.3,5.16,9.3
00-0036555,Chuba Hubbard,RB,CAR,2021,15,0,0,0.0,0,,8,1,1,-7,0.0278,-0.0238,29,17,5.1,4.57,5.1
00-0036555,Chuba Hubbard,RB,CAR,2021,16,0,0,0.0,0,,6,1,0,-3,0.0233,-0.0077,15,14,0.9,4.01,0.9
00-0036555,Chuba Hubbard,RB,CAR,2021,17,0,0,0.0,0,,17,4,3,-9,0.1667,-0.0918,26,30,15.8,13.03,15.8
00-0036555,Chuba Hubbard,RB,CAR,2021,18,0,0,0.0,0,,9,2,2,-2,0.0476,-0.0071,26,27,13.6,9.16,13.6
00-0036556,Brevin Jordan,TE,HOU,2021,8,0,0,0.0,0,,0,4,3,31,0.1111,0.1179,14,20,13.1,7.06,13.1
00-0036556,Brevin Jordan,TE,HOU,2021,9,0,0,0.0,0,,0,2,2,4,0.05,0.011,18,18,2.9,2.69,2.9
00-0036556,Brevin Jordan,TE,HOU,2021,11,0,0,0.0,0,,0,3,1,24,0.1304,0.2474,38,35,1.7,4.31,1.7
00-0036556,Brevin Jordan,TE,HOU,2021,12,0,0,0.0,0,,0,3,3,6,0.1154,0.0274,24,27,11.3,4.54,11.3
00-0036556,Brevin Jordan,TE,HOU,2021,13,0,0,0.0,0,,0,4,2,35,0.1538,0.2431,19,15,2.7,6.08,2.7
00-0036556,Brevin Jordan,TE,HOU,2021,14,0,0,0.0,0,,0,7,4,38,0.1458,0.1439,25,32,12.6,12.28,12.6
00-0036556,Brevin Jordan,TE,HOU,2021,16,0,0,0.0,0,,0,4,4,18,0.1481,0.0861,36,36,9.6,5.98,9.6
00-0036556,Brevin Jordan,TE,HOU,2021,17,0,0,0.0,0,,0,1,1,3,0.0333,0.0155,27,34,1.9,1.38,1.9
00-0036567,Elijah Mitchell,RB,SF,2021,1,0,0,0.0,0,,19,0,0,0.0,0.0,0.0,28,23,16.4,11.84,16.4
00-0036567,Elijah Mitchell,RB,SF,2021,2,0,0,0.0,0,,17,2,2,-8,0.0667,-0.0672,38,30,7.3,13.24,7.3
00-0036567,Elijah Mitchell,RB,SF,2021,5,0,0,0.0,0,,9,2,2,-3,0.0714,-0.0115,28,12,8.2,7.04,8.2
00-0036567,Elijah Mitchell,RB,SF,2021,7,0,0,0.0,0,,18,0,0,0.0,0.0,0.0,24,24,16.7,9.29,16.7
00-0036567,Elijah Mitchell,RB,SF,2021,8,0,0,0.0,0,,18,0,0,0.0,0.0,0.0,26,23,19.7,10.42,19.7
00-0036567,Elijah Mitchell,RB,SF,2021,9,0,0,0.0,0,,8,5,5,1,0.1282,0.0028,11,17,12.9,11.11,12.9
00-0036567,Elijah Mitchell,RB,SF,2021,10,0,0,0.0,0,,27,0,0,0.0,0.0,0.0,44,37,9.1,13.56,9.1
00-0036567,Elijah Mitchell,RB,SF,2021,12,0,0,0.0,0,,27,6,5,1,0.2308,0.0044,39,35,27.8,23.76,27.8
00-0036567,Elijah Mitchell,RB,SF,2021,13,0,0,0.0,0,,22,3,3,-7,0.1,-0.0321,25,25,17.4,18.98,17.4
00-0036567,Elijah Mitchell,RB,SF,2021,17,0,0,0.0,0,,21,2,2,4,0.087,0.015,37,24,21.0,13.85,21.0
00-0036567,Elijah Mitchell,RB,SF,2021,18,0,0,0.0,0,,21,0,0,0.0,0.0,0.0,31,24,8.5,10.96,8.5
00-0036569,Gary Brightwell,RB,NYG,2021,1,0,0,0.0,0,,0,1,1,1,0.0278,0.0033,20,17,1.6,1.33,1.6
00-0036569,Gary Brightwell,RB,NYG,2021,3,0,0,0.0,0,,1,0,0,0.0,0.0,0.0,27,23,0.4,0.44,0.4
00-0036572,Shi Smith,WR,CAR,2021,6,0,0,0.0,0,,0,2,2,-8,0.0513,-0.0189,23,18,4.0,2.97,4.0
00-0036572,Shi Smith,WR,CAR,2021,7,0,0,0.0,0,,1,2,0,27,0.0526,0.0931,17,20,-0.3,4.08,-0.3
00-0036572,Shi Smith,WR,CAR,2021,8,0,0,0.0,0,,0,1,1,-3,0.0417,-0.0246,47,42,0.8,1.37,0.8
00-0036572,Shi Smith,WR,CAR,2021,16,0,0,0.0,0,,0,5,3,60,0.1163,0.1546,15,14,11.6,7.87,11.6
00-0036572,Shi Smith,WR,CAR,2021,17,0,0,0.0,0,,0,1,0,-2,0.0417,-0.0204,26,30,0.0,1.26,0.0
00-0036582,Nate McCrary,RB,BAL,2021,13,0,0,0.0,0,,1,0,0,0.0,0.0,0.0,25,25,-0.1,0.51,-0.1
00-0036613,Jaylen Waddle,WR,MIA,2021,1,0,0,0.0,0,,0,5,4,49,0.1852,0.1952,23,24,16.1,10.27,16.1
00-0036613,Jaylen Waddle,WR,MIA,2021,2,0,0,0.0,0,,0,8,6,19,0.1905,0.0896,20,20,10.8,10.79,10.8
00-0036613,Jaylen Waddle,WR,MIA,2021,3,0,0,0.0,0,,0,13,12,40,0.2766,0.1023,27,23,17.8,19.01,17.8
00-0036613,Jaylen Waddle,WR,MIA,2021,4,0,0,0.0,0,,0,4,3,18,0.1333,0.0783,16,16,6.3,5.47,6.3
00-0036613,Jaylen Waddle,WR,MIA,2021,5,0,0,0.0,0,,1,6,2,29,0.1538,0.116,9,19,5.3,9.71,5.3
00-0036613,Jaylen Waddle,WR,MIA,2021,6,0,0,0.0,0,,0,13,10,110,0.2766,0.2813,20,21,29.0,26.18,29.0
00-0036613,Jaylen Waddle,WR,MIA,2021,7,0,0,0.0,0,,0,8,7,53,0.2,0.219,29,32,15.3,11.86,15.3
00-0036613,Jaylen Waddle,WR,MIA,2021,8,0,0,0.0,0,,0,11,4,100,0.3056,0.369,23,24,6.9,16.8,6.9
00-0036613,Jaylen Waddle,WR,MIA,2021,9,0,0,0.0,0,,0,10,8,103,0.25,0.2601,25,30,16.3,16.52,16.3
00-0036613,Jaylen Waddle,WR,MIA,2021,10,0,0,0.0,0,,0,6,4,85,0.1765,0.276,22,19,10.1,8.98,10.1
00-0036613,Jaylen Waddle,WR,MIA,2021,11,0,0,0.0,0,,1,9,8,56,0.2647,0.3111,33,32,20.6,17.53,20.6
00-0036613,Jaylen Waddle,WR,MIA,2021,12,0,0,0.0,0,,0,10,9,82,0.3226,0.7069,39,36,28.7,17.65,28.7
00-0036613,Jaylen Waddle,WR,MIA,2021,13,0,0,0.0,0,,0,11,9,87,0.2683,0.3107,25,25,18.0,17.17,18.0
00-0036613,Jaylen Waddle,WR,MIA,2021,16,0,0,0.0,0,,0,12,10,69,0.4615,0.3503,30,30,25.2,20.76,25.2
00-0036613,Jaylen Waddle,WR,MIA,2021,17,0,0,0.0,0,,0,7,3,63,0.1842,0.1662,16,17,7.7,10.33,7.7
00-0036613,Jaylen Waddle,WR,MIA,2021,18,0,0,0.0,0,,0,7,5,30,0.3333,0.2419,43,41,13.7,12.18,13.7
00-0036620,Dee Eskridge,WR,SEA,2021,1,0,0,0.0,0,,2,1,1,6,0.0476,0.026,27,23,3.8,2.88,3.8
00-0036620,Dee Eskridge,WR,SEA,2021,10,0,0,0.0,0,,0,2,1,32,0.0526,0.0687,16,15,0.6,3.6,0.6
00-0036620,Dee Eskridge,WR,SEA,2021,12,0,0,0.0,0,,0,3,2,15,0.0968,0.0538,12,16,3.0,4.44,3.0
00-0036620,Dee Eskridge,WR,SEA,2021,13,0,0,0.0,0,,0,3,3,27,0.0811,0.1047,27,29,12.5,5.02,12.5
00-0036620,Dee Eskridge,WR,SEA,2021,14,0,0,0.0,0,,0,1,0,-4,0.0357,-0.0111,29,27,0.0,1.4,0.0
00-0036620,Dee Eskridge,WR,SEA,2021,15,0,0,0.0,0,,0,4,0,132,0.1429,0.3227,19,24,0.0,8.99,0.0
00-0036620,Dee Eskridge,WR,SEA,2021,16,0,0,0.0,0,,1,3,2,12,0.1111,0.0526,24,25,3.7,5.38,3.7
00-0036620,Dee Eskridge,WR,SEA,2021,17,0,0,0.0,0,,1,3,1,32,0.1071,0.1475,41,34,4.7,5.98,4.7
00-0036626,Dyami Brown,WR,WAS,2021,1,0,0,0.0,0,,0,4,1,39,0.2,0.325,27,26,0.8,6.11,0.8
00-0036626,Dyami Brown,WR,WAS,2021,2,0,0,0.0,0,,0,6,3,87,0.1364,0.2493,22,24,6.4,11.72,6.4
00-0036626,Dyami Brown,WR,WAS,2021,3,0,0,0.0,0,,1,2,0,44,0.0833,0.2667,25,18,-0.4,4.17,-0.4
00-0036626,Dyami Brown,WR,WAS,2021,4,0,0,0.0,0,,0,2,1,29,0.0606,0.0983,28,31,2.9,5.42,2.9
00-0036626,Dyami Brown,WR,WAS,2021,6,0,0,0.0,0,,0,6,3,80,0.1538,0.2909,19,30,6.0,10.51,6.0
00-0036626,Dyami Brown,WR,WAS,2021,13,0,0,0.0,0,,0,1,1,-1,0.0333,-0.005,30,32,1.6,1.79,1.6
00-0036626,Dyami Brown,WR,WAS,2021,14,0,0,0.0,0,,0,1,0,34,0.0303,0.0977,23,22,0.0,1.56,0.0
00-0036626,Dyami Brown,WR,WAS,2021,16,0,0,0.0,0,,0,2,2,49,0.0667,0.2016,20,21,7.3,3.84,7.3
00-0036626,Dyami Brown,WR,WAS,2021,17,0,0,0.0,0,,0,1,1,20,0.0294,0.1105,22,27,3.5,2.0,3.5
00-0036627,Dez Fitzpatrick,WR,TEN,2021,10,0,0,0.0,0,,0,1,1,-1,0.037,-0.0075,29,27,1.0,2.33,1.0
00-0036627,Dez Fitzpatrick,WR,TEN,2021,11,0,0,0.0,0,,0,6,3,96,0.1176,0.2177,25,34,12.5,12.01,12.5
00-0036627,Dez Fitzpatrick,WR,TEN,2021,12,0,0,0.0,0,,0,1,1,14,0.0476,0.1094,39,33,2.4,1.8,2.4
00-0036628,John Bates,TE,WAS,2021,6,0,0,0.0,0,,0,1,1,2,0.0256,0.0073,19,30,1.7,1.52,1.7
00-0036628,John Bates,TE,WAS,2021,8,0,0,0.0,0,,0,1,1,2,0.027,0.007,24,33,1.4,1.33,1.4
00-0036628,John Bates,TE,WAS,2021,10,0,0,0.0,0,,0,3,3,18,0.0938,0.0779,34,36,5.5,4.9,5.5
00-0036628,John Bates,TE,WAS,2021,11,0,0,0.0,0,,0,3,3,10,0.15,0.0415,40,34,5.3,3.88,5.3
00-0036628,John Bates,TE,WAS,2021,12,0,0,0.0,0,,0,1,1,5,0.0294,0.0265,43,49,2.5,1.65,2.5
00-0036628,John Bates,TE,WAS,2021,13,0,0,0.0,0,,0,4,3,29,0.1333,0.1436,30,32,7.2,6.77,7.2
00-0036628,John Bates,TE,WAS,2021,14,0,0,0.0,0,,0,2,1,0.0,0.0606,0.0,23,22,2.9,2.85,2.9
00-0036628,John Bates,TE,WAS,2021,15,0,0,0.0,0,,0,1,1,15,0.0333,0.0761,21,26,3.9,1.98,3.9
00-0036628,John Bates,TE,WAS,2021,16,0,0,0.0,0,,0,3,2,13,0.1,0.0535,20,21,12.5,4.22,12.5
00-0036628,John Bates,TE,WAS,2021,17,0,0,0.0,0,,0,4,3,39,0.1176,0.2155,22,27,6.5,7.48,6.5
00-0036628,John Bates,TE,WAS,2021,18,0,0,0.0,0,,0,2,1,16,0.1176,0.1111,37,37,1.5,3.59,1.5
00-0036630,Tylan Wallace,WR,BAL,2021,12,0,0,0.0,0,,0,1,0,19,0.0312,0.0683,43,27,0.0,2.04,0.0
00-0036630,Tylan Wallace,WR,BAL,2021,15,0,0,0.0,0,,0,2,1,1,0.0513,0.0041,26,15,1.5,2.85,1.5
00-0036630,Tylan Wallace,WR,BAL,2021,16,0,0,0.0,0,,0,2,1,8,0.0541,0.0285,16,14,2.8,2.61,2.8
00-0036630,Tylan Wallace,WR,BAL,2021,18,0,0,0.0,0,,0,1,0,10,0.0312,0.036,36,24,0.0,1.7,0.0
00-0036635,Ihmir Smith-Marsette,WR,MIN,2021,8,0,0,0.0,0,,0,1,1,4,0.0303,0.0183,24,22,1.6,1.55,1.6
00-0036635,Ihmir Smith-Marsette,WR,MIN,2021,15,0,0,0.0,0,,0,2,1,36,0.0909,0.1272,33,33,7.7,5.38,7.7
00-0036635,Ihmir Smith-Marsette,WR,MIN,2021,18,0,0,0.0,0,,0,3,3,88,0.1429,0.2983,22,22,19.3,5.38,19.3
00-0036637,Noah Gray,TE,KC,2021,3,0,0,0.0,0,,0,1,1,-3,0.025,-0.0078,30,28,1.5,1.58,1.5
00-0036637,Noah Gray,TE,KC,2021,4,0,0,0.0,0,,0,1,0,6,0.0333,0.0274,32,28,0.0,4.2,0.0
00-0036637,Noah Gray,TE,KC,2021,7,0,0,0.0,0,,0,1,1,3,0.0208,0.008,13,11,1.4,1.53,1.4
00-0036637,Noah Gray,TE,KC,2021,10,0,0,0.0,0,,0,3,1,0.0,0.0625,0.0,25,30,7.1,9.59,7.1
00-0036637,Noah Gray,TE,KC,2021,11,0,0,0.0,0,,0,1,1,3,0.0303,0.0152,26,20,1.8,1.73,1.8
00-0036637,Noah Gray,TE,KC,2021,16,0,0,0.0,0,,0,2,2,10,0.069,0.0394,35,39,3.2,4.41,3.2
00-0036637,Noah Gray,TE,KC,2021,17,0,0,0.0,0,,0,1,1,4,0.0294,0.0135,23,21,1.6,1.48,1.6
00-0036650,Larry Rountree III,RB,LAC,2021,1,0,0,0.0,0,,8,0,0,0.0,0.0,0.0,29,25,2.7,4.04,2.7
00-0036650,Larry Rountree III,RB,LAC,2021,2,0,0,0.0,0,,1,1,1,-1,0.025,-0.0039,19,25,0.8,2.08,0.8
00-0036650,Larry Rountree III,RB,LAC,2021,3,0,0,0.0,0,,4,1,0,0.0,0.0286,0.0,22,23,0.3,5.85,0.3
00-0036650,Larry Rountree III,RB,LAC,2021,4,0,0,0.0,0,,11,0,0,0.0,0.0,0.0,34,36,3.1,5.98,3.1
00-0036650,Larry Rountree III,RB,LAC,2021,8,0,0,0.0,0,,4,0,0,0.0,0.0,0.0,20,24,1.1,2.06,1.1
00-0036650,Larry Rountree III,RB,LAC,2021,9,0,0,0.0,0,,1,0,0,0.0,0.0,0.0,27,25,0.1,0.66,0.1
00-0036650,Larry Rountree III,RB,LAC,2021,10,0,0,0.0,0,,5,0,0,0.0,0.0,0.0,19,20,7.0,4.94,7.0
00-0036650,Larry Rountree III,RB,LAC,2021,11,0,0,0.0,0,,2,0,0,0.0,0.0,0.0,26,20,0.5,1.02,0.5
00-0036652,Racey McMath,WR,TEN,2021,3,0,0,0.0,0,,0,1,0,13,0.0385,0.0739,37,35,0.0,2.32,0.0
00-0036652,Racey McMath,WR,TEN,2021,14,0,0,0.0,0,,0,2,1,18,0.0667,0.1224,34,29,1.9,3.13,1.9
00-0036652,Racey McMath,WR,TEN,2021,15,0,0,0.0,0,,0,1,1,3,0.0312,0.0136,42,46,-1.1,1.4,-1.1
00-0036652,Racey McMath,WR,TEN,2021,16,0,0,0.0,0,,0,1,0,27,0.0333,0.1051,24,23,0.0,1.86,0.0
00-0036652,Racey McMath,WR,TEN,2021,18,0,0,0.0,0,,0,1,0,6,0.0312,0.0183,32,32,0.0,1.58,0.0
00-0036654,Demetric Felton,RB,CLE,2021,2,0,0,0.0,0,,0,2,2,-3,0.0952,-0.0229,34,28,13.1,2.96,13.1
00-0036654,Demetric Felton,RB,CLE,2021,3,0,0,0.0,0,,0,3,2,20,0.1034,0.0654,42,42,3.3,4.81,3.3
00-0036654,Demetric Felton,RB,CLE,2021,4,0,0,0.0,0,,0,2,2,-3,0.0645,-0.0087,38,40,3.2,2.87,3.2
00-0036654,Demetric Felton,RB,CLE,2021,6,0,0,0.0,0,,0,2,2,-8,0.0645,-0.0332,19,22,3.4,2.87,3.4
00-0036654,Demetric Felton,RB,CLE,2021,7,0,0,0.0,0,,2,3,3,-8,0.0938,-0.0351,33,34,6.4,5.74,6.4
00-0036654,Demetric Felton,RB,CLE,2021,8,0,0,0.0,0,,1,1,1,-4,0.0323,-0.0175,23,24,2.7,1.96,2.7
00-0036654,Demetric Felton,RB,CLE,2021,9,0,0,0.0,0,,0,1,1,6,0.0526,0.0279,23,25,3.2,1.49,3.2
00-0036654,Demetric Felton,RB,CLE,2021,11,0,0,0.0,0,,3,0,0,0.0,0.0,0.0,36,32,0.2,1.54,0.2
00-0036654,Demetric Felton,RB,CLE,2021,12,0,0,0.0,0,,0,1,0,6,0.0294,0.017,17,17,0.0,1.41,0.0
00-0036654,Demetric Felton,RB,CLE,2021,15,0,0,0.0,0,,0,4,3,11,0.1379,0.0516,24,32,4.6,5.72,4.6
00-0036654,Demetric Felton,RB,CLE,2021,18,0,0,0.0,0,,1,2,2,-8,0.0833,-0.0755,41,39,10.4,3.73,10.4
00-0036657,Seth Williams,WR,DEN,2021,17,0,0,0.0,0,,0,1,1,30,0.037,0.137,27,28,4.4,1.72,4.4
00-0036669,Kylin Hill,RB,GB,2021,1,0,0,0.0,0,,5,0,0,0.0,0.0,0.0,15,17,1.4,2.86,1.4
00-0036669,Kylin Hill,RB,GB,2021,2,0,0,0.0,0,,2,0,0,0.0,0.0,0.0,31,31,0.8,0.83,0.8
00-0036669,Kylin Hill,RB,GB,2021,5,0,0,0.0,0,,0,1,1,-2,0.0286,-0.0057,22,31,1.5,1.51,1.5
00-0036669,Kylin Hill,RB,GB,2021,7,0,0,0.0,0,,3,1,0,-1,0.0294,-0.0049,15,18,0.2,3.06,0.2
00-0036670,Jermar Jefferson,RB,DET,2021,8,0,0,0.0,0,,2,4,4,2,0.125,0.0101,18,29,12.9,7.3,12.9
00-0036670,Jermar Jefferson,RB,DET,2021,10,0,0,0.0,0,,3,0,0,0.0,0.0,0.0,39,41,10.1,1.24,10.1
00-0036670,Jermar Jefferson,RB,DET,2021,13,0,0,0.0,0,,5,1,0,-1,0.0263,-0.003,27,26,1.8,4.79,1.8
00-0036670,Jermar Jefferson,RB,DET,2021,15,0,0,0.0,0,,5,0,0,0.0,0.0,0.0,34,36,0.9,2.28,0.9
00-0036671,Dax Milne,WR,WAS,2021,5,0,0,0.0,0,,0,1,1,6,0.0244,0.0151,33,29,1.6,1.44,1.6
00-0036671,Dax Milne,WR,WAS,2021,6,0,0,0.0,0,,0,1,0,5,0.0256,0.0182,19,30,0.0,1.07,0.0
00-0036671,Dax Milne,WR,WAS,2021,7,0,0,0.0,0,,0,4,2,38,0.1111,0.1479,29,24,3.6,7.54,3.6
00-0036671,Dax Milne,WR,WAS,2021,8,0,0,0.0,0,,0,2,1,27,0.0541,0.0947,24,33,3.2,3.65,3.2
00-0036671,Dax Milne,WR,WAS,2021,10,0,0,0.0,0,,0,2,2,16,0.0625,0.0693,34,36,2.2,3.53,2.2
00-0036671,Dax Milne,WR,WAS,2021,11,0,0,0.0,0,,0,1,1,4,0.05,0.0166,40,34,1.5,1.35,1.5
00-0036671,Dax Milne,WR,WAS,2021,15,0,0,0.0,0,,0,1,1,-2,0.0333,-0.0102,21,26,0.8,0.82,0.8
00-0036671,Dax Milne,WR,WAS,2021,16,0,0,0.0,0,,0,1,1,4,0.0333,0.0165,20,21,2.4,0.94,2.4
00-0036671,Dax Milne,WR,WAS,2021,17,0,0,0.0,0,,1,1,0,4,0.0294,0.0221,22,27,0.1,2.35,0.1
00-0036698,Mekhi Sargent,RB,TEN,2021,1,0,0,0.0,0,,1,0,0,0.0,0.0,0.0,22,26,0.2,0.62,0.2
00-0036698,Mekhi Sargent,RB,TEN,2021,3,0,0,0.0,0,,1,0,0,0.0,0.0,0.0,37,35,0.2,0.52,0.2
00-0036698,Mekhi Sargent,RB,LA,2021,13,0,0,0.0,0,,2,0,0,0.0,0.0,0.0,27,29,0.5,0.88,0.5
00-0036698,Mekhi Sargent,RB,JAX,2021,18,0,0,0.0,0,,1,1,0,-4,0.0312,-0.0216,31,26,0.2,2.28,0.2
00-0036741,Jack Stoll,TE,PHI,2021,8,0,0,0.0,0,,0,1,1,-6,0.0625,-0.0435,46,37,1.9,1.63,1.9
00-0036741,Jack Stoll,TE,PHI,2021,10,0,0,0.0,0,,0,3,2,16,0.1364,0.0672,39,28,2.6,5.04,2.6
00-0036741,Jack Stoll,TE,PHI,2021,15,0,0,0.0,0,,0,1,1,4,0.0385,0.017,41,35,1.7,1.45,1.7
00-0036754,Brock Wright,TE,DET,2021,10,0,0,0.0,0,,0,2,1,1,0.0833,0.0075,39,41,1.2,2.18,1.2
00-0036754,Brock Wright,TE,DET,2021,11,0,0,0.0,0,,0,1,1,2,0.0435,0.0189,23,25,2.2,1.39,2.2
00-0036754,Brock Wright,TE,DET,2021,13,0,0,0.0,0,,0,3,2,30,0.0789,0.0909,27,26,10.8,6.64,10.8
00-0036754,Brock Wright,TE,DET,2021,14,0,0,0.0,0,,0,5,3,12,0.1316,0.0432,21,21,5.0,8.18,5.0
00-0036754,Brock Wright,TE,DET,2021,15,0,0,0.0,0,,0,1,0,2,0.0385,0.0132,34,36,0.0,1.58,0.0
00-0036754,Brock Wright,TE,DET,2021,16,0,0,0.0,0,,0,3,3,0.0,0.0857,0.0,33,33,3.4,4.17,3.4
00-0036754,Brock Wright,TE,DET,2021,18,0,0,0.0,0,,0,2,2,23,0.069,0.0927,26,28,13.1,3.32,13.1
00-0036755,Jaret Patterson,RB,WAS,2021,1,0,0,0.0,0,,2,0,0,0.0,0.0,0.0,27,26,0.9,0.98,0.9
00-0036755,Jaret Patterson,RB,WAS,2021,4,0,0,0.0,0,,2,1,1,2,0.0303,0.0068,28,31,2.2,2.43,2.2
00-0036755,Jaret Patterson,RB,WAS,2021,5,0,0,0.0,0,,4,0,0,0.0,0.0,0.0,33,29,1.3,2.02,1.3
00-0036755,Jaret Patterson,RB,WAS,2021,6,0,0,0.0,0,,1,1,1,-4,0.0256,-0.0145,19,30,1.3,2.26,1.3
00-0036755,Jaret Patterson,RB,WAS,2021,8,0,0,0.0,0,,11,1,0,-1,0.027,-0.0035,24,33,4.6,6.41,4.6
00-0036755,Jaret Patterson,RB,WAS,2021,10,0,0,0.0,0,,4,0,0,0.0,0.0,0.0,34,36,0.7,1.96,0.7
00-0036755,Jaret Patterson,RB,WAS,2021,11,0,0,0.0,0,,7,0,0,0.0,0.0,0.0,40,34,2.3,3.16,2.3
00-0036755,Jaret Patterson,RB,WAS,2021,12,0,0,0.0,0,,1,0,0,0.0,0.0,0.0,43,49,0.0,0.44,0.0
00-0036755,Jaret Patterson,RB,WAS,2021,13,0,0,0.0,0,,1,0,0,0.0,0.0,0.0,30,32,0.2,0.44,0.2
00-0036755,Jaret Patterson,RB,WAS,2021,14,0,0,0.0,0,,4,1,1,-2,0.0303,-0.0057,23,22,4.8,3.51,4.8
00-0036755,Jaret Patterson,RB,WAS,2021,15,0,0,0.0,0,,4,0,0,0.0,0.0,0.0,21,26,8.0,5.66,8.0
00-0036755,Jaret Patterson,RB,WAS,2021,16,0,0,0.0,0,,9,0,0,0.0,0.0,0.0,20,21,3.3,4.43,3.3
00-0036755,Jaret Patterson,RB,WAS,2021,17,0,0,0.0,0,,12,5,5,-3,0.1471,-0.0166,22,27,20.8,14.09,20.8
00-0036755,Jaret Patterson,RB,WAS,2021,18,0,0,0.0,0,,6,2,2,5,0.1176,0.0347,37,37,5.5,5.59,5.5
00-0036768,JaQuan Hardy,RB,DAL,2021,14,0,0,0.0,0,,1,0,0,0.0,0.0,0.0,35,28,0.3,0.6,0.3
00-0036768,JaQuan Hardy,RB,DAL,2021,18,0,0,0.0,0,,3,0,0,0.0,0.0,0.0,32,34,8.6,1.72,8.6
00-0036825,Feleipe Franks,TE,ATL,2021,4,0,0,0.0,0,,1,0,0,0.0,0.0,0.0,28,32,0.3,0.7,0.3
00-0036825,Feleipe Franks,TE,ATL,2021,9,0,0,0.0,0,,2,0,0,0.0,0.0,0.0,25,25,0.3,1.22,0.3
00-0036825,Feleipe Franks,TE,ATL,2021,11,1,0,-3.84,0,-83.253,0,0,0,0.0,0.0,0.0,16,18,-2.0,0.19,-2.0
00-0036842,Kene Nwangwu,RB,MIN,2021,9,0,0,0.0,0,,1,0,0,0.0,0.0,0.0,24,26,6.9,0.48,0.9
00-0036842,Kene Nwangwu,RB,MIN,2021,12,0,0,0.0,0,,1,0,0,0.0,0.0,0.0,18,26,6.7,0.51,0.7
00-0036842,Kene Nwangwu,RB,MIN,2021,13,0,0,0.0,0,,2,3,2,1,0.0732,0.003,27,29,2.4,6.73,2.4
00-0036842,Kene Nwangwu,RB,MIN,2021,15,0,0,0.0,0,,3,0,0,0.0,0.0,0.0,33,33,3.3,1.85,3.3
00-0036842,Kene Nwangwu,RB,MIN,2021,16,0,0,0.0,0,,5,2,2,-7,0.0571,-0.0198,22,23,3.3,7.22,3.3
00-0036842,Kene Nwangwu,RB,MIN,2021,18,0,0,0.0,0,,1,0,0,0.0,0.0,0.0,22,22,0.4,0.54,0.4
00-0036857,Chris Evans,RB,CIN,2021,2,0,0,0.0,0,,0,1,1,4,0.0345,0.0176,20,22,2.4,1.54,2.4
00-0036857,Chris Evans,RB,CIN,2021,3,0,0,0.0,0,,0,2,2,1,0.1111,0.0063,24,23,4.6,2.93,4.6
00-0036857,Chris Evans,RB,CIN,2021,5,0,0,0.0,0,,0,2,2,9,0.0541,0.0294,24,28,3.5,2.86,3.5
00-0036857,Chris Evans,RB,CIN,2021,6,0,0,0.0,0,,4,3,3,26,0.1034,0.1204,36,36,15.7,8.65,15.7
00-0036857,Chris Evans,RB,CIN,2021,9,0,0,0.0,0,,0,1,1,5,0.0244,0.0132,23,26,2.1,1.55,2.1
00-0036857,Chris Evans,RB,CIN,2021,11,0,0,0.0,0,,0,1,1,4,0.0357,0.0182,38,36,1.7,1.67,1.7
00-0036857,Chris Evans,RB,CIN,2021,12,0,0,0.0,0,,5,1,1,-4,0.0417,-0.022,38,42,3.8,3.76,3.8
00-0036857,Chris Evans,RB,CIN,2021,16,0,0,0.0,0,,1,1,0,12,0.0217,0.0313,21,27,0.1,4.65,0.1
00-0036857,Chris Evans,RB,CIN,2021,18,0,0,0.0,0,,7,5,4,-7,0.1724,-0.0427,18,21,15.9,11.01,15.9
00-0036860,Jake Funk,RB,LA,2021,3,0,0,0.0,0,,1,0,0,0.0,0.0,0.0,24,24,0.6,0.47,0.6
00-0036860,Jake Funk,RB,LA,2021,16,0,0,0.0,0,,1,0,0,0.0,0.0,0.0,33,30,-0.1,0.55,-0.1
00-0036862,Ben Skowronek,WR,LA,2021,8,0,0,0.0,0,,0,3,3,12,0.0882,0.0553,31,31,6.0,5.33,6.0
00-0036862,Ben Skowronek,WR,LA,2021,10,0,0,0.0,0,,0,5,1,54,0.119,0.1607,10,15,1.8,9.84,1.8
00-0036862,Ben Skowronek,WR,LA,2021,13,0,0,0.0,0,,0,2,1,39,0.0541,0.1105,27,29,4.5,4.06,4.5
00-0036862,Ben Skowronek,WR,LA,2021,14,0,0,0.0,0,,0,1,0,14,0.0333,0.056,21,20,0.0,1.86,0.0
00-0036862,Ben Skowronek,WR,LA,2021,15,0,0,0.0,0,,0,5,4,29,0.1724,0.1261,29,28,8.2,8.01,8.2
00-0036862,Ben Skowronek,WR,LA,2021,17,0,0,0.0,0,,0,2,2,13,0.0571,0.0522,20,22,3.8,2.84,3.8
00-0036862,Ben Skowronek,WR,LA,2021,18,0,0,0.0,0,,0,2,0,49,0.0625,0.1763,27,30,0.0,4.13,0.0
00-0036875,Rhamondre Stevenson,RB,NE,2021,1,0,0,0.0,0,,1,1,1,-1,0.0263,-0.0042,30,38,0.1,1.96,0.1
00-0036875,Rhamondre Stevenson,RB,NE,2021,5,0,0,0.0,0,,11,0,0,0.0,0.0,0.0,30,31,2.3,5.53,2.3
00-0036875,Rhamondre Stevenson,RB,NE,2021,6,0,0,0.0,0,,5,3,3,9,0.1429,0.0523,27,29,15.2,9.53,15.2
00-0036875,Rhamondre Stevenson,RB,NE,2021,8,0,0,0.0,0,,8,2,1,-3,0.0588,-0.009,39,37,4.1,7.01,4.1
00-0036875,Rhamondre Stevenson,RB,NE,2021,9,0,0,0.0,0,,10,2,2,-5,0.1111,-0.0495,39,38,12.6,8.07,12.6
00-0036875,Rhamondre Stevenson,RB,NE,2021,10,0,0,0.0,0,,20,5,4,-6,0.2,-0.0335,34,36,27.4,28.37,27.4
00-0036875,Rhamondre Stevenson,RB,NE,2021,11,0,0,0.0,0,,12,1,1,-3,0.0385,-0.0185,30,27,8.5,8.58,8.5
00-0036875,Rhamondre Stevenson,RB,NE,2021,12,0,0,0.0,0,,9,1,0,11,0.0312,0.0462,24,25,4.6,7.57,4.6
00-0036875,Rhamondre Stevenson,RB,NE,2021,13,0,0,0.0,0,,24,0,0,0.0,0.0,0.0,46,39,7.8,12.29,7.8
00-0036875,Rhamondre Stevenson,RB,NE,2021,15,0,0,0.0,0,,10,1,1,-5,0.0227,-0.0105,19,18,5.0,5.91,5.0
00-0036875,Rhamondre Stevenson,RB,NE,2021,17,0,0,0.0,0,,19,0,0,0.0,0.0,0.0,36,32,22.7,14.86,22.7
00-0036875,Rhamondre Stevenson,RB,NE,2021,18,0,0,0.0,0,,4,2,1,-2,0.0667,-0.0082,27,29,4.6,4.63,4.6
00-0036876,Kylen Granson,TE,IND,2021,4,0,0,0.0,0,,0,2,1,5,0.0625,0.0177,33,34,1.3,2.71,1.3
00-0036876,Kylen Granson,TE,IND,2021,5,0,0,0.0,0,,0,2,2,9,0.0588,0.0441,26,28,3.9,3.16,3.9
00-0036876,Kylen Granson,TE,IND,2021,7,0,0,0.0,0,,0,1,0,17,0.0385,0.089,33,33,0.0,1.88,0.0
00-0036876,Kylen Granson,TE,IND,2021,8,0,0,0.0,0,,0,1,1,-4,0.0208,-0.0079,20,24,1.0,4.94,1.0
00-0036876,Kylen Granson,TE,IND,2021,9,0,0,0.0,0,,0,1,1,2,0.0345,0.0074,30,31,3.7,1.51,3.7
00-0036876,Kylen Granson,TE,IND,2021,10,0,0,0.0,0,,0,1,1,4,0.0303,0.0241,27,31,2.5,1.39,2.5
00-0036876,Kylen Granson,TE,IND,2021,11,0,0,0.0,0,,0,2,1,1,0.1,0.0085,46,45,1.8,3.67,1.8
00-0036876,Kylen Granson,TE,IND,2021,12,0,0,0.0,0,,0,2,2,6,0.0465,0.0147,20,24,4.2,2.97,4.2
00-0036876,Kylen Granson,TE,IND,2021,13,0,0,0.0,0,,0,2,1,13,0.0909,0.0844,48,44,1.6,4.29,1.6
00-0036876,Kylen Granson,TE,IND,2021,16,0,0,0.0,0,,0,1,1,6,0.0357,0.0316,33,31,1.6,1.62,1.6
00-0036877,Jaelon Darden,WR,TB,2021,3,0,0,0.0,0,,0,1,1,-1,0.0185,-0.0026,13,21,1.0,1.55,1.0
00-0036877,Jaelon Darden,WR,TB,2021,7,0,0,0.0,0,,1,1,0,13,0.0256,0.0451,31,34,1.1,2.52,1.1
00-0036877,Jaelon Darden,WR,TB,2021,8,0,0,0.0,0,,0,3,3,-3,0.0732,-0.0088,14,18,4.1,4.27,4.1
00-0036877,Jaelon Darden,WR,TB,2021,10,0,0,0.0,0,,0,2,1,28,0.0606,0.1414,13,21,3.9,3.28,3.9
00-0036877,Jaelon Darden,WR,TB,2021,11,0,0,0.0,0,,0,1,1,-2,0.0213,-0.0057,27,28,1.3,1.64,1.3
00-0036877,Jaelon Darden,WR,TB,2021,15,0,0,0.0,0,,0,3,0,99,0.0625,0.2481,21,29,0.0,5.52,0.0
00-0036877,Jaelon Darden,WR,TB,2021,18,0,0,0.0,0,,0,1,0,22,0.0263,0.071,20,20,0.0,2.67,0.0
00-0036879,Sam Ehlinger,QB,IND,2021,9,0,0,0.0,0,,1,0,0,0.0,0.0,0.0,30,31,0.1,3.18,0.1
00-0036879,Sam Ehlinger,QB,IND,2021,11,0,0,0.0,0,,1,0,0,0.0,0.0,0.0,46,45,0.9,0.62,0.9
00-0036879,Sam Ehlinger,QB,IND,2021,13,0,0,0.0,0,,1,0,0,0.0,0.0,0.0,48,44,-0.1,-0.1,-0.1
00-0036887,Luke Farrell,TE,JAX,2021,2,0,0,0.0,0,,0,2,1,24,0.0606,0.0593,16,16,1.6,3.39,1.6
00-0036887,Luke Farrell,TE,JAX,2021,3,0,0,0.0,0,,0,1,1,3,0.0312,0.011,29,29,0.9,0.95,0.9
00-0036887,Luke Farrell,TE,JAX,2021,4,0,0,0.0,0,,0,1,1,4,0.0455,0.0185,30,21,1.7,1.7,1.7
00-0036887,Luke Farrell,TE,JAX,2021,5,0,0,0.0,0,,0,1,1,4,0.0303,0.0159,31,25,2.3,1.56,2.3
00-0036887,Luke Farrell,TE,JAX,2021,6,0,0,0.0,0,,0,1,1,13,0.025,0.0425,19,20,3.1,1.81,3.1
00-0036887,Luke Farrell,TE,JAX,2021,8,0,0,0.0,0,,0,2,1,5,0.0385,0.0179,19,23,1.3,2.49,1.3
00-0036887,Luke Farrell,TE,JAX,2021,9,0,0,0.0,0,,0,1,0,15,0.037,0.0732,27,24,0.0,1.85,0.0
00-0036887,Luke Farrell,TE,JAX,2021,17,0,0,0.0,0,,0,2,1,5,0.0769,0.0258,17,18,1.7,2.54,1.7
00-0036893,Najee Harris,RB,PIT,2021,1,0,0,0.0,0,,16,3,1,3,0.0938,0.0153,21,17,5.9,14.3,5.9
00-0036893,Najee Harris,RB,PIT,2021,2,0,0,0.0,0,,10,5,5,2,0.125,0.0052,14,17,19.1,12.14,19.1
00-0036893,Najee Harris,RB,PIT,2021,3,0,0,0.0,0,,14,19,14,1,0.3276,0.0032,15,28,28.2,34.61,28.2
00-0036893,Najee Harris,RB,PIT,2021,4,0,0,0.0,0,,15,7,6,-16,0.1795,-0.0544,16,22,21.1,19.25,21.1
00-0036893,Najee Harris,RB,PIT,2021,5,0,0,0.0,0,,23,5,2,13,0.2,0.0674,35,34,22.2,24.27,22.2
00-0036893,Najee Harris,RB,PIT,2021,6,0,0,0.0,0,,24,7,6,10,0.1795,0.0366,30,32,24.7,28.25,24.7
00-0036893,Najee Harris,RB,PIT,2021,8,0,0,0.0,0,,26,3,3,-8,0.0857,-0.036,32,32,21.0,18.79,21.0
00-0036893,Najee Harris,RB,PIT,2021,9,0,0,0.0,0,,22,3,3,-5,0.1111,-0.0331,32,28,16.8,15.44,16.8
00-0036893,Najee Harris,RB,PIT,2021,10,0,0,0.0,0,,26,4,4,-2,0.0816,-0.0061,31,31,17.3,19.44,17.3
00-0036893,Najee Harris,RB,PIT,2021,11,0,0,0.0,0,,12,6,5,2,0.1364,0.0062,18,20,16.9,21.73,16.9
00-0036893,Najee Harris,RB,PIT,2021,12,0,0,0.0,0,,8,5,3,-5,0.1282,-0.0169,15,20,6.7,10.52,6.7
00-0036893,Najee Harris,RB,PIT,2021,13,0,0,0.0,0,,21,5,5,-7,0.1667,-0.0269,25,28,15.7,16.36,15.7
00-0036893,Najee Harris,RB,PIT,2021,14,0,0,0.0,0,,20,3,3,2,0.0769,0.0068,24,24,25.4,18.9,25.4
00-0036893,Najee Harris,RB,PIT,2021,15,0,0,0.0,0,,12,5,2,-9,0.2,-0.0763,17,14,4.6,16.12,4.6
00-0036893,Najee Harris,RB,PIT,2021,16,0,0,0.0,0,,19,7,5,4,0.1667,0.0182,25,30,16.0,19.1,16.0
00-0036893,Najee Harris,RB,PIT,2021,17,0,0,0.0,0,,28,3,3,0.0,0.0652,0.0,31,32,29.6,17.93,29.6
00-0036893,Najee Harris,RB,PIT,2021,18,0,0,0.0,0,,11,4,4,2,0.0909,0.0071,30,28,9.5,10.42,9.5
00-0036894,Pat Freiermuth,TE,PIT,2021,1,0,0,0.0,0,,0,1,1,15,0.0312,0.0765,21,17,3.4,1.97,3.4
00-0036894,Pat Freiermuth,TE,PIT,2021,2,0,0,0.0,0,,0,4,4,22,0.1,0.0567,14,17,7.6,5.41,7.6
00-0036894,Pat Freiermuth,TE,PIT,2021,3,0,0,0.0,0,,0,5,3,47,0.0862,0.1497,15,28,11.2,10.49,11.2
00-0036894,Pat Freiermuth,TE,PIT,2021,4,0,0,0.0,0,,0,1,1,10,0.0256,0.034,16,22,2.1,1.65,2.1
00-0036894,Pat Freiermuth,TE,PIT,2021,5,0,0,0.0,0,,0,2,2,7,0.08,0.0363,35,34,2.7,2.72,2.7
00-0036894,Pat Freiermuth,TE,PIT,2021,6,0,0,0.0,0,,0,7,7,36,0.1795,0.1319,30,32,12.8,10.68,12.8
00-0036894,Pat Freiermuth,TE,PIT,2021,8,0,0,0.0,0,,0,7,4,33,0.2,0.1486,32,32,14.4,14.65,14.4
00-0036894,Pat Freiermuth,TE,PIT,2021,9,0,0,0.0,0,,0,6,5,28,0.2222,0.1854,32,28,21.3,12.4,21.3
00-0036894,Pat Freiermuth,TE,PIT,2021,10,0,0,0.0,0,,0,9,5,57,0.1837,0.1727,31,31,6.1,15.89,6.1
00-0036894,Pat Freiermuth,TE,PIT,2021,11,0,0,0.0,0,,0,7,4,15,0.1591,0.0462,18,20,11.1,15.69,11.1
00-0036894,Pat Freiermuth,TE,PIT,2021,12,0,0,0.0,0,,0,4,4,26,0.1026,0.0878,15,20,14.0,7.06,14.0
00-0036894,Pat Freiermuth,TE,PIT,2021,13,0,0,0.0,0,,0,4,3,21,0.1333,0.0808,25,28,7.6,6.85,7.6
00-0036894,Pat Freiermuth,TE,PIT,2021,14,0,0,0.0,0,,0,3,2,27,0.0769,0.0922,24,24,11.2,5.08,11.2
00-0036894,Pat Freiermuth,TE,PIT,2021,15,0,0,0.0,0,,0,4,4,21,0.16,0.178,17,14,7.7,6.28,7.7
00-0036894,Pat Freiermuth,TE,PIT,2021,17,0,0,0.0,0,,0,6,5,11,0.1304,0.0389,31,32,7.2,8.64,7.2
00-0036894,Pat Freiermuth,TE,PIT,2021,18,0,0,0.0,0,,0,9,6,56,0.2045,0.1979,30,28,11.3,12.37,11.3
00-0036898,Davis Mills,QB,HOU,2021,2,18,8,0.449,1,-16.889,2,0,0,0.0,0.0,0.0,28,29,6.0,9.76,5.98
00-0036898,Davis Mills,QB,HOU,2021,3,28,19,-7.626,4,6.144,1,0,0,0.0,0.0,0.0,17,17,10.7,9.55,10.72
00-0036898,Davis Mills,QB,HOU,2021,4,21,11,-22.929,3,-15.856,1,0,0,0.0,0.0,0.0,18,19,-4.3,7.97,-4.32
00-0036898,Davis Mills,QB,HOU,2021,5,29,21,17.912,3,9.292,1,0,0,0.0,0.0,0.0,24,28,24.7,11.5,24.68
00-0036898,Davis Mills,QB,HOU,2021,6,43,29,-8.999,2,-1.981,2,0,0,0.0,0.0,0.0,29,32,6.2,14.01,6.22
00-0036898,Davis Mills,QB,HOU,2021,7,32,23,-16.396,2,0.118,0,0,0,0.0,0.0,0.0,15,23,3.4,7.99,5.4
00-0036898,Davis Mills,QB,HOU,2021,8,38,29,-6.869,5,8.36,0,0,0,0.0,0.0,0.0,14,20,20.4,13.88,20.4
00-0036898,Davis Mills,QB,HOU,2021,13,14,6,-12.274,2,-25.432,2,0,0,0.0,0.0,0.0,19,15,3.1,4.83,3.06
00-0036898,Davis Mills,QB,HOU,2021,14,49,33,-2.11,2,-3.523,2,0,0,0.0,0.0,0.0,25,32,18.0,19.5,18.04
00-0036898,Davis Mills,QB,HOU,2021,15,30,19,3.503,1,-2.166,1,0,0,0.0,0.0,0.0,26,27,14.6,11.96,14.56
00-0036898,Davis Mills,QB,HOU,2021,16,27,21,16.025,1,7.64,1,0,0,0.0,0.0,0.0,36,36,18.1,10.99,18.06
00-0036898,Davis Mills,QB,HOU,2021,17,32,21,-16.037,3,1.218,1,0,0,0.0,0.0,0.0,27,34,8.9,10.58,8.92
00-0036898,Davis Mills,QB,HOU,2021,18,33,23,10.669,2,6.787,4,0,0,0.0,0.0,0.0,21,23,27.2,17.58,27.24
00-0036900,Ja'Marr Chase,WR,CIN,2021,1,0,0,0.0,0,,1,7,5,114,0.2692,0.5182,36,39,20.9,13.22,20.9
00-0036900,Ja'Marr Chase,WR,CIN,2021,2,0,0,0.0,0,,0,4,2,82,0.1379,0.3612,20,22,13.4,6.02,13.4
00-0036900,Ja'Marr Chase,WR,CIN,2021,3,0,0,0.0,0,,0,5,4,68,0.2778,0.425,24,23,22.5,10.77,22.5
00-0036900,Ja'Marr Chase,WR,CIN,2021,4,0,0,0.0,0,,0,9,6,92,0.2812,0.3915,22,21,13.7,14.41,13.7
00-0036900,Ja'Marr Chase,WR,CIN,2021,5,0,0,0.0,0,,0,10,6,185,0.2703,0.6046,24,28,27.9,17.86,27.9
00-0036900,Ja'Marr Chase,WR,CIN,2021,6,0,0,0.0,0,,0,6,4,102,0.2069,0.4722,36,36,13.7,10.93,13.7
00-0036900,Ja'Marr Chase,WR,CIN,2021,7,0,0,0.0,0,,0,10,8,117,0.2778,0.3008,24,24,34.1,17.24,34.1
00-0036900,Ja'Marr Chase,WR,CIN,2021,8,0,0,0.0,0,,1,9,3,29,0.2647,0.1408,16,20,13.1,21.68,13.1
00-0036900,Ja'Marr Chase,WR,CIN,2021,9,0,0,0.0,0,,2,13,6,172,0.3171,0.4526,23,26,8.9,27.99,8.9
00-0036900,Ja'Marr Chase,WR,CIN,2021,11,0,0,0.0,0,,2,6,3,125,0.2143,0.5682,38,36,13.0,15.84,13.0
00-0036900,Ja'Marr Chase,WR,CIN,2021,12,0,0,0.0,0,,0,3,3,7,0.125,0.0385,38,42,6.9,4.83,6.9
00-0036900,Ja'Marr Chase,WR,CIN,2021,13,0,0,0.0,0,,0,8,5,81,0.2105,0.2056,25,26,10.2,12.19,10.2
00-0036900,Ja'Marr Chase,WR,CIN,2021,14,0,0,0.0,0,,1,8,5,118,0.2353,0.4055,26,28,25.3,15.64,25.3
00-0036900,Ja'Marr Chase,WR,CIN,2021,15,0,0,0.0,0,,0,4,1,63,0.1905,0.3913,26,24,1.3,7.62,1.3
00-0036900,Ja'Marr Chase,WR,CIN,2021,16,0,0,0.0,0,,0,10,7,96,0.2174,0.2507,21,27,19.5,16.71,19.5
00-0036900,Ja'Marr Chase,WR,CIN,2021,17,0,0,0.0,0,,0,12,11,146,0.3158,0.5551,19,21,55.6,21.51,55.6
00-0036900,Ja'Marr Chase,WR,CIN,2021,18,0,0,0.0,0,,0,4,2,20,0.1379,0.122,18,21,4.6,5.24,4.6
00-0036906,Khalil Herbert,RB,CHI,2021,4,0,0,0.0,0,,3,0,0,0.0,0.0,0.0,39,36,0.7,1.27,0.7
00-0036906,Khalil Herbert,RB,CHI,2021,5,0,0,0.0,0,,18,0,0,0.0,0.0,0.0,37,36,7.5,9.8,7.5
00-0036906,Khalil Herbert,RB,CHI,2021,6,0,0,0.0,0,,19,3,2,-11,0.12,-0.0336,26,21,19.2,17.21,19.2
00-0036906,Khalil Herbert,RB,CHI,2021,7,0,0,0.0,0,,18,5,5,-10,0.1613,-0.0485,29,28,18.3,14.73,18.3
00-0036906,Khalil Herbert,RB,CHI,2021,8,0,0,0.0,0,,23,2,2,-6,0.0741,-0.0217,36,28,8.8,15.57,8.8
00-0036906,Khalil Herbert,RB,CHI,2021,9,0,0,0.0,0,,4,0,0,0.0,0.0,0.0,26,19,1.3,1.67,1.3
00-0036906,Khalil Herbert,RB,CHI,2021,11,0,0,0.0,0,,1,0,0,0.0,0.0,0.0,20,16,0.0,0.51,0.0
00-0036906,Khalil Herbert,RB,CHI,2021,12,0,0,0.0,0,,4,0,0,0.0,0.0,0.0,29,24,0.9,2.03,0.9
00-0036906,Khalil Herbert,RB,CHI,2021,13,0,0,0.0,0,,4,1,1,4,0.025,0.0171,27,34,3.7,3.54,3.7
00-0036906,Khalil Herbert,RB,CHI,2021,14,0,0,0.0,0,,1,0,0,0.0,0.0,0.0,23,20,0.3,0.43,0.3
00-0036906,Khalil Herbert,RB,CHI,2021,15,0,0,0.0,0,,0,4,3,20,0.1111,0.068,28,26,6.4,6.13,6.4
00-0036906,Khalil Herbert,RB,CHI,2021,16,0,0,0.0,0,,2,1,1,-2,0.0286,-0.0101,30,33,9.8,2.0,9.8
00-0036906,Khalil Herbert,RB,CHI,2021,17,0,0,0.0,0,,2,0,0,0.0,0.0,0.0,27,26,0.9,1.34,0.9
00-0036906,Khalil Herbert,RB,CHI,2021,18,0,0,0.0,0,,4,0,0,0.0,0.0,0.0,25,29,1.1,1.96,1.1
00-0036907,Dazz Newsome,WR,CHI,2021,15,0,0,0.0,0,,0,1,0,10,0.0278,0.034,28,26,0.0,1.46,0.0
00-0036907,Dazz Newsome,WR,CHI,2021,16,0,0,0.0,0,,0,2,1,6,0.0571,0.0303,30,33,2.0,2.09,2.0
00-0036907,Dazz Newsome,WR,CHI,2021,18,0,0,0.0,0,,0,2,1,20,0.0435,0.0602,25,29,2.3,2.82,2.3
00-0036910,C.J. Saunders,WR,CAR,2021,18,0,0,0.0,0,,0,2,2,11,0.0476,0.0389,26,27,3.1,2.8,3.1
00-0036912,DeVonta Smith,WR,PHI,2021,1,0,0,0.0,0,,0,8,6,56,0.25,0.4375,31,30,19.1,13.29,19.1
00-0036912,DeVonta Smith,WR,PHI,2021,2,0,0,0.0,0,,0,7,2,168,0.2917,0.497,29,22,3.6,14.88,3.6
00-0036912,DeVonta Smith,WR,PHI,2021,3,0,0,0.0,0,,0,6,3,77,0.1579,0.278,12,11,5.8,9.73,5.8
00-0036912,DeVonta Smith,WR,PHI,2021,4,0,0,0.0,0,,0,10,7,159,0.2273,0.4622,19,19,19.2,16.63,19.2
00-0036912,DeVonta Smith,WR,PHI,2021,5,0,0,0.0,0,,0,9,7,65,0.2647,0.2234,22,19,14.7,15.33,14.7
00-0036912,DeVonta Smith,WR,PHI,2021,6,0,0,0.0,0,,0,4,2,70,0.1667,0.2465,19,12,5.1,6.82,5.1
00-0036912,DeVonta Smith,WR,PHI,2021,7,0,0,0.0,0,,0,9,5,108,0.2903,0.2667,32,24,11.1,16.08,11.1
00-0036912,DeVonta Smith,WR,PHI,2021,8,0,0,0.0,0,,0,3,1,64,0.1875,0.4638,46,37,2.5,5.65,2.5
00-0036912,DeVonta Smith,WR,PHI,2021,9,0,0,0.0,0,,0,6,5,105,0.375,0.5097,39,29,22.6,13.32,22.6
00-0036912,DeVonta Smith,WR,PHI,2021,10,0,0,0.0,0,,0,6,4,98,0.2727,0.4118,39,28,22.6,12.54,22.6
00-0036912,DeVonta Smith,WR,PHI,2021,11,0,0,0.0,0,,0,6,4,69,0.2609,0.3416,50,34,10.1,11.86,10.1
00-0036912,DeVonta Smith,WR,PHI,2021,12,0,0,0.0,0,,0,4,2,41,0.1379,0.1371,33,30,4.2,6.77,4.2
00-0036912,DeVonta Smith,WR,PHI,2021,13,0,0,0.0,0,,0,4,2,46,0.1818,0.3407,41,44,3.5,7.09,3.5
00-0036912,DeVonta Smith,WR,PHI,2021,15,0,0,0.0,0,,0,5,3,90,0.1923,0.383,41,35,7.0,11.17,7.0
00-0036912,DeVonta Smith,WR,PHI,2021,16,0,0,0.0,0,,0,7,5,88,0.25,0.3894,30,32,19.0,14.42,19.0
00-0036912,DeVonta Smith,WR,PHI,2021,17,0,0,0.0,0,,0,6,3,107,0.24,0.4053,34,30,8.4,13.13,8.4
00-0036912,DeVonta Smith,WR,PHI,2021,18,0,0,0.0,0,,0,4,3,65,0.1176,0.2955,33,29,7.1,5.7,7.1
00-0036913,Kadarius Toney,WR,NYG,2021,1,0,0,0.0,0,,0,2,2,-10,0.0556,-0.0327,20,17,1.8,2.61,1.8
00-0036913,Kadarius Toney,WR,NYG,2021,3,0,0,0.0,0,,0,3,2,9,0.0857,0.0378,27,23,3.6,4.51,3.6
00-0036913,Kadarius Toney,WR,NYG,2021,4,0,0,0.0,0,,1,9,6,72,0.25,0.192,20,20,13.9,14.3,13.9
00-0036913,Kadarius Toney,WR,NYG,2021,5,1,0,-0.747,0,-89.496,1,13,10,124,0.3514,0.3147,25,21,29.6,24.31,29.6
00-0036913,Kadarius Toney,WR,NYG,2021,6,0,0,0.0,0,,0,3,3,22,0.0625,0.0629,18,16,6.6,4.74,6.6
00-0036913,Kadarius Toney,WR,NYG,2021,8,1,1,1.276,0,38.494,0,5,4,11,0.1515,0.0873,20,20,7.4,7.41,7.36
00-0036913,Kadarius Toney,WR,NYG,2021,9,0,0,-0.865,1,,1,1,1,5,0.0556,0.0427,31,24,1.7,1.39,1.7
00-0036913,Kadarius Toney,WR,NYG,2021,11,1,0,-0.493,0,-29.081,0,12,7,106,0.3243,0.4015,13,16,11.0,18.92,11.0
00-0036913,Kadarius Toney,WR,NYG,2021,16,0,0,0.0,0,,0,9,4,28,0.2195,0.1172,27,26,6.8,11.79,6.8
00-0036919,Kenny Gainwell,RB,PHI,2021,1,0,0,0.0,0,,9,3,2,-3,0.0938,-0.0234,31,30,12.3,8.6,12.3
00-0036919,Kenny Gainwell,RB,PHI,2021,2,0,0,0.0,0,,6,3,2,-3,0.125,-0.0089,29,22,7.2,7.96,7.2
00-0036919,Kenny Gainwell,RB,PHI,2021,3,0,0,0.0,0,,1,4,3,-13,0.1053,-0.0469,12,11,6.4,6.19,6.4
00-0036919,Kenny Gainwell,RB,PHI,2021,4,0,0,0.0,0,,3,8,6,19,0.1818,0.0552,19,19,20.9,14.22,20.9
00-0036919,Kenny Gainwell,RB,PHI,2021,5,0,0,0.0,0,,2,3,1,24,0.0882,0.0825,22,19,3.4,5.34,3.4
00-0036919,Kenny Gainwell,RB,PHI,2021,6,0,0,0.0,0,,0,2,1,35,0.0833,0.1232,19,12,1.1,2.61,1.1
00-0036919,Kenny Gainwell,RB,PHI,2021,7,0,0,0.0,0,,5,8,4,14,0.2581,0.0346,32,24,14.1,14.71,14.1
00-0036919,Kenny Gainwell,RB,PHI,2021,8,0,0,0.0,0,,13,0,0,0.0,0.0,0.0,46,37,2.7,6.43,2.7
00-0036919,Kenny Gainwell,RB,PHI,2021,9,0,0,0.0,0,,2,0,0,0.0,0.0,0.0,39,29,6.3,5.55,6.3
00-0036919,Kenny Gainwell,RB,PHI,2021,10,0,0,0.0,0,,2,1,1,6,0.0455,0.0252,39,28,2.4,3.94,2.4
00-0036919,Kenny Gainwell,RB,PHI,2021,12,0,0,0.0,0,,0,4,3,7,0.1379,0.0234,33,30,6.2,5.49,6.2
00-0036919,Kenny Gainwell,RB,PHI,2021,13,0,0,0.0,0,,12,5,5,1,0.2273,0.0074,41,44,19.7,13.74,19.7
00-0036919,Kenny Gainwell,RB,PHI,2021,15,0,0,0.0,0,,0,1,0,0.0,0.0385,0.0,41,35,0.0,1.34,0.0
00-0036919,Kenny Gainwell,RB,PHI,2021,16,0,0,0.0,0,,0,1,1,5,0.0357,0.0221,30,32,1.6,1.56,1.6
00-0036919,Kenny Gainwell,RB,PHI,2021,17,0,0,0.0,0,,1,0,0,0.0,0.0,0.0,34,30,0.4,0.37,0.4
00-0036919,Kenny Gainwell,RB,PHI,2021,18,0,0,0.0,0,,12,7,4,1,0.2059,0.0045,33,29,18.7,17.69,18.7
00-0036924,Michael Carter,RB,NYJ,2021,1,0,0,0.0,0,,4,2,1,0.0,0.0556,0.0,17,19,3.0,4.84,3.0
00-0036924,Michael Carter,RB,NYJ,2021,2,0,0,0.0,0,,11,3,2,5,0.0909,0.0166,31,30,10.8,10.75,10.8
00-0036924,Michael Carter,RB,NYJ,2021,3,0,0,0.0,0,,9,3,2,-1,0.0909,-0.0037,13,15,4.9,7.92,4.9
00-0036924,Michael Carter,RB,NYJ,2021,4,0,0,0.0,0,,13,3,1,4,0.0882,0.0125,25,25,10.4,12.43,10.4
00-0036924,Michael Carter,RB,NYJ,2021,5,0,0,0.0,0,,10,3,3,-4,0.0968,-0.0145,18,22,14.8,10.78,14.8
00-0036924,Michael Carter,RB,NYJ,2021,7,0,0,0.0,0,,11,9,8,10,0.2195,0.0385,17,30,16.4,18.93,16.4
00-0036924,Michael Carter,RB,NYJ,2021,8,0,0,0.0,0,,15,14,9,1,0.2857,0.0058,27,34,32.2,31.04,32.2
00-0036924,Michael Carter,RB,NYJ,2021,9,0,0,0.0,0,,13,2,1,-1,0.0385,-0.0023,21,20,9.6,8.75,7.8
00-0036924,Michael Carter,RB,NYJ,2021,10,0,0,0.0,0,,16,6,4,15,0.1304,0.0459,22,33,18.2,20.69,18.2
00-0036924,Michael Carter,RB,NYJ,2021,11,0,0,0.0,0,,9,1,1,1,0.0286,0.0033,18,19,7.5,9.09,7.5
00-0036924,Michael Carter,RB,NYJ,2021,15,0,0,0.0,0,,8,2,1,-4,0.0909,-0.0296,24,19,3.0,6.58,3.0
00-0036924,Michael Carter,RB,NYJ,2021,16,0,0,0.0,0,,16,3,2,8,0.1429,0.0792,36,33,14.4,16.82,14.4
00-0036924,Michael Carter,RB,NYJ,2021,17,0,0,0.0,0,,3,1,1,2,0.0333,0.0084,26,26,7.3,5.2,7.3
00-0036924,Michael Carter,RB,NYJ,2021,18,0,0,0.0,0,,9,3,0,-3,0.1579,-0.0221,17,15,1.9,7.81,1.9
00-0036929,Ian Book,QB,NO,2021,16,20,12,-29.73,8,-7.278,3,0,0,0.0,0.0,0.0,23,21,2.0,5.8,2.0
00-0036936,Rondale Moore,WR,ARI,2021,1,0,0,0.0,0,,0,5,4,24,0.1562,0.0916,33,32,10.8,9.23,10.8
00-0036936,Rondale Moore,WR,ARI,2021,2,0,0,0.0,0,,0,8,7,29,0.2353,0.098,21,21,24.4,14.33,24.4
00-0036936,Rondale Moore,WR,ARI,2021,3,0,0,0.0,0,,1,2,2,-10,0.0588,-0.0382,30,30,2.4,6.05,2.4
00-0036936,Rondale Moore,WR,ARI,2021,4,0,0,0.0,0,,2,3,3,-3,0.1034,-0.013,40,36,6.7,6.59,6.7
00-0036936,Rondale Moore,WR,ARI,2021,5,0,0,0.0,0,,3,6,5,30,0.2143,0.1304,27,20,14.7,12.41,14.7
00-0036936,Rondale Moore,WR,ARI,2021,6,0,0,0.0,0,,3,4,3,0.0,0.1429,0.0,37,28,5.6,8.23,5.6
00-0036936,Rondale Moore,WR,ARI,2021,7,0,0,0.0,0,,0,3,2,-2,0.1071,-0.0079,37,29,3.7,4.14,3.7
00-0036936,Rondale Moore,WR,ARI,2021,8,0,0,0.0,0,,2,4,3,-5,0.129,-0.0164,20,15,5.5,7.89,5.5
00-0036936,Rondale Moore,WR,ARI,2021,9,0,0,0.0,0,,0,5,5,-5,0.1923,-0.0417,39,36,7.5,7.24,7.5
00-0036936,Rondale Moore,WR,ARI,2021,10,0,0,0.0,0,,1,4,2,39,0.1379,0.1749,20,19,3.1,6.74,3.1
00-0036936,Rondale Moore,WR,ARI,2021,11,0,0,0.0,0,,0,11,11,-9,0.25,-0.0448,33,33,16.1,15.45,16.1
00-0036936,Rondale Moore,WR,ARI,2021,13,0,0,0.0,0,,3,2,1,-6,0.1333,-0.1034,35,25,2.0,5.34,2.0
00-0036936,Rondale Moore,WR,ARI,2021,14,0,0,0.0,0,,2,4,3,21,0.0816,0.0416,22,22,4.6,7.79,4.6
00-0036936,Rondale Moore,WR,ARI,2021,15,0,0,0.0,0,,1,3,3,-11,0.0625,-0.0328,21,18,4.0,6.19,4.0
00-0036945,Justin Fields,QB,CHI,2021,1,2,2,0.397,0,24.826,1,0,0,0.0,0.0,0.0,26,27,6.7,4.34,6.7
00-0036945,Justin Fields,QB,CHI,2021,2,13,6,-9.653,2,-8.256,10,0,0,0.0,0.0,0.0,34,27,3.5,15.3,3.5
00-0036945,Justin Fields,QB,CHI,2021,3,20,6,-21.839,9,-38.761,3,0,0,0.0,0.0,0.0,13,12,3.9,6.74,3.92
00-0036945,Justin Fields,QB,CHI,2021,4,17,11,3.215,1,9.237,3,0,0,0.0,0.0,0.0,39,36,7.3,8.76,7.26
00-0036945,Justin Fields,QB,CHI,2021,5,20,12,4.612,2,-0.892,3,0,0,0.0,0.0,0.0,37,36,8.8,9.72,8.84
00-0036945,Justin Fields,QB,CHI,2021,6,27,16,-4.225,4,-0.345,6,0,0,0.0,0.0,0.0,26,21,13.3,15.3,13.26
00-0036945,Justin Fields,QB,CHI,2021,7,32,22,-25.489,4,2.367,8,0,0,0.0,0.0,0.0,29,28,1.2,15.39,5.16
00-0036945,Justin Fields,QB,CHI,2021,8,27,19,2.715,4,4.782,10,0,0,0.0,0.0,0.0,36,28,25.3,19.75,25.3
00-0036945,Justin Fields,QB,CHI,2021,9,29,17,4.491,3,6.151,8,0,0,0.0,0.0,0.0,26,19,18.1,17.97,18.14
00-0036945,Justin Fields,QB,CHI,2021,11,11,4,-4.914,2,-16.801,4,0,0,0.0,0.0,0.0,20,16,3.5,6.91,5.46
00-0036945,Justin Fields,QB,CHI,2021,14,33,18,-11.288,2,-7.298,9,0,0,0.0,0.0,0.0,23,20,18.4,19.85,20.36
00-0036945,Justin Fields,QB,CHI,2021,15,39,26,-2.952,3,5.905,7,0,0,0.0,0.0,0.0,28,26,16.9,22.1,16.9
00-0036946,Kellen Mond,QB,MIN,2021,17,3,2,-1.758,0,-6.224,0,0,0,0.0,0.0,0.0,11,16,0.2,0.53,0.2
00-0036951,Frank Darby,WR,ATL,2021,10,0,0,0.0,0,,0,3,1,50,0.1111,0.1984,24,25,2.4,5.03,2.4
00-0036951,Frank Darby,WR,ATL,2021,17,0,0,0.0,0,,0,1,0,33,0.05,0.1642,22,23,0.0,1.5,0.0
00-0036955,Terrace Marshall Jr.,WR,CAR,2021,1,0,0,0.0,0,,0,6,3,52,0.1818,0.1905,27,32,5.6,11.12,5.6
00-0036955,Terrace Marshall Jr.,WR,CAR,2021,2,0,0,0.0,0,,0,3,3,-1,0.0833,-0.0037,33,37,4.7,4.15,4.7
00-0036955,Terrace Marshall Jr.,WR,CAR,2021,3,0,0,0.0,0,,0,5,4,33,0.1515,0.1227,33,29,8.8,8.1,8.8
00-0036955,Terrace Marshall Jr.,WR,CAR,2021,4,0,0,0.0,0,,0,3,1,24,0.0769,0.071,24,23,1.2,4.87,1.2
00-0036955,Terrace Marshall Jr.,WR,CAR,2021,5,0,0,0.0,0,,0,3,2,20,0.0882,0.069,30,33,3.4,4.85,3.4
00-0036955,Terrace Marshall Jr.,WR,CAR,2021,6,0,0,0.0,0,,0,2,1,17,0.0513,0.0402,23,18,1.9,3.35,1.9
00-0036955,Terrace Marshall Jr.,WR,CAR,2021,9,0,0,0.0,0,,0,1,0,-2,0.0345,-0.0109,23,27,0.0,1.33,0.0
00-0036955,Terrace Marshall Jr.,WR,CAR,2021,10,0,0,0.0,0,,0,2,0,38,0.0625,0.3065,37,45,2.0,4.89,2.0
00-0036955,Terrace Marshall Jr.,WR,CAR,2021,11,0,0,0.0,0,,0,1,0,5,0.037,0.0333,21,18,0.0,1.4,0.0
00-0036955,Terrace Marshall Jr.,WR,CAR,2021,15,0,0,0.0,0,,0,1,0,8,0.0278,0.0272,29,17,0.0,1.36,0.0
00-0036955,Terrace Marshall Jr.,WR,CAR,2021,16,0,0,0.0,0,,0,1,1,3,0.0233,0.0077,15,14,1.6,1.27,1.6
00-0036955,Terrace Marshall Jr.,WR,CAR,2021,17,0,0,0.0,0,,0,2,2,14,0.0833,0.1429,26,30,3.6,2.69,3.6
00-0036963,Amon-Ra St. Brown,WR,DET,2021,1,0,0,0.0,0,,0,4,2,51,0.0714,0.1453,24,36,4.3,6.58,4.3
00-0036963,Amon-Ra St. Brown,WR,DET,2021,2,0,0,0.0,0,,0,5,3,46,0.1429,0.1966,19,22,4.8,7.41,4.8
00-0036963,Amon-Ra St. Brown,WR,DET,2021,3,0,0,0.0,0,,0,1,1,-4,0.0357,-0.0303,27,35,1.2,3.52,1.2
00-0036963,Amon-Ra St. Brown,WR,DET,2021,4,0,0,0.0,0,,0,8,6,70,0.2162,0.2147,25,26,13.0,11.56,13.0
00-0036963,Amon-Ra St. Brown,WR,DET,2021,5,0,0,0.0,0,,0,8,7,33,0.2581,0.1454,24,32,13.5,14.03,13.5
00-0036963,Amon-Ra St. Brown,WR,DET,2021,6,0,0,0.0,0,,0,7,5,65,0.1795,0.2425,18,23,9.6,10.74,9.6
00-0036963,Amon-Ra St. Brown,WR,DET,2021,8,0,0,0.0,0,,0,5,3,38,0.1562,0.191,18,29,7.6,7.76,7.6
00-0036963,Amon-Ra St. Brown,WR,DET,2021,10,0,0,0.0,0,,0,6,4,48,0.25,0.3582,39,41,10.1,9.34,10.1
00-0036963,Amon-Ra St. Brown,WR,DET,2021,11,0,0,0.0,0,,0,4,4,9,0.1739,0.0849,23,25,5.8,5.24,5.8
00-0036963,Amon-Ra St. Brown,WR,DET,2021,12,0,0,0.0,0,,0,4,4,3,0.16,0.0185,19,27,6.3,5.71,6.3
00-0036963,Amon-Ra St. Brown,WR,DET,2021,13,0,0,0.0,0,,1,12,10,90,0.3158,0.2727,27,26,24.8,20.44,24.8
00-0036963,Amon-Ra St. Brown,WR,DET,2021,14,0,0,0.0,0,,0,12,8,56,0.3158,0.2014,21,21,15.3,16.16,15.3
00-0036963,Amon-Ra St. Brown,WR,DET,2021,15,0,0,0.0,0,,1,11,8,62,0.4231,0.4079,34,36,23.5,17.44,23.5
00-0036963,Amon-Ra St. Brown,WR,DET,2021,16,0,0,0.0,0,,2,11,9,90,0.3143,0.3719,33,33,26.0,17.42,26.0
00-0036963,Amon-Ra St. Brown,WR,DET,2021,17,0,0,0.0,0,,2,11,8,93,0.2973,0.3676,22,25,35.4,19.03,35.4
00-0036963,Amon-Ra St. Brown,WR,DET,2021,18,0,0,0.0,0,,1,10,8,81,0.3448,0.3266,26,28,26.1,19.87,26.1
00-0036970,Kyle Pitts,TE,ATL,2021,1,0,0,0.0,0,,0,8,4,60,0.2424,0.3352,26,27,7.1,13.2,7.1
00-0036970,Kyle Pitts,TE,ATL,2021,2,0,0,0.0,0,,0,6,5,41,0.125,0.2204,20,28,12.3,9.7,12.3
00-0036970,Kyle Pitts,TE,ATL,2021,3,0,0,0.0,0,,0,3,2,32,0.0833,0.2162,20,29,5.5,6.73,5.5
00-0036970,Kyle Pitts,TE,ATL,2021,4,0,0,0.0,0,,0,9,4,86,0.225,0.1955,28,32,9.0,17.81,9.0
00-0036970,Kyle Pitts,TE,ATL,2021,5,0,0,0.0,0,,0,10,9,106,0.2222,0.2994,29,37,26.9,20.65,26.9
00-0036970,Kyle Pitts,TE,ATL,2021,7,0,0,0.0,0,,0,8,7,148,0.2051,0.4022,22,21,23.3,14.65,23.3
00-0036970,Kyle Pitts,TE,ATL,2021,8,0,0,0.0,0,,0,6,2,89,0.2222,0.4588,20,28,3.3,9.42,3.3
00-0036970,Kyle Pitts,TE,ATL,2021,9,0,0,0.0,0,,0,7,3,76,0.2333,0.2901,25,25,9.2,12.04,9.2
00-0036970,Kyle Pitts,TE,ATL,2021,10,0,0,0.0,0,,0,7,4,77,0.2593,0.3056,24,25,10.0,12.55,10.0
00-0036970,Kyle Pitts,TE,ATL,2021,11,0,0,0.0,0,,0,5,3,57,0.1613,0.3016,16,18,5.9,7.65,5.9
00-0036970,Kyle Pitts,TE,ATL,2021,12,0,0,0.0,0,,0,6,2,48,0.2143,0.3664,29,30,4.6,9.4,4.6
00-0036970,Kyle Pitts,TE,ATL,2021,13,0,0,0.0,0,,0,7,4,66,0.175,0.2609,23,27,8.8,12.48,8.8
00-0036970,Kyle Pitts,TE,ATL,2021,14,0,0,0.0,0,,0,6,5,62,0.2222,0.2925,36,39,11.1,8.23,11.1
00-0036970,Kyle Pitts,TE,ATL,2021,15,0,0,0.0,0,,0,7,4,89,0.2333,0.3504,23,21,11.7,12.93,11.7
00-0036970,Kyle Pitts,TE,ATL,2021,16,0,0,0.0,0,,0,6,6,77,0.2727,0.4302,18,16,16.2,9.96,16.2
00-0036970,Kyle Pitts,TE,ATL,2021,17,0,0,0.0,0,,0,4,2,41,0.2,0.204,22,23,8.9,5.96,8.9
00-0036970,Kyle Pitts,TE,ATL,2021,18,0,0,0.0,0,,0,5,2,38,0.1613,0.1114,12,15,2.8,7.54,2.8
00-0036971,Trevor Lawrence,QB,JAX,2021,1,51,28,-3.838,1,-11.994,1,0,0,0.0,0.0,0.0,16,19,19.1,19.88,19.08
00-0036971,Trevor Lawrence,QB,JAX,2021,2,33,14,-14.179,1,-18.215,2,0,0,0.0,0.0,0.0,16,16,6.8,15.37,6.82
00-0036971,Trevor Lawrence,QB,JAX,2021,3,34,22,-13.067,3,2.815,6,0,0,0.0,0.0,0.0,29,29,7.5,16.68,11.46
00-0036971,Trevor Lawrence,QB,JAX,2021,4,24,17,6.406,1,11.046,8,0,0,0.0,0.0,0.0,30,21,17.8,21.75,17.76
00-0036971,Trevor Lawrence,QB,JAX,2021,5,33,23,-1.567,2,4.987,7,0,0,0.0,0.0,0.0,31,25,21.7,28.99,21.72
00-0036971,Trevor Lawrence,QB,JAX,2021,6,41,25,9.386,2,-5.383,2,0,0,0.0,0.0,0.0,19,20,15.9,15.61,17.86
00-0036971,Trevor Lawrence,QB,JAX,2021,8,54,32,-7.7,1,-6.36,3,0,0,0.0,0.0,0.0,19,23,12.6,19.33,12.62
00-0036971,Trevor Lawrence,QB,JAX,2021,9,26,15,-3.913,2,-7.177,3,0,0,0.0,0.0,0.0,27,24,5.1,12.98,5.12
00-0036971,Trevor Lawrence,QB,JAX,2021,10,35,16,-6.555,3,-18.287,5,0,0,0.0,0.0,0.0,24,19,9.8,14.16,11.78
00-0036971,Trevor Lawrence,QB,JAX,2021,11,25,16,1.828,3,-0.788,3,0,0,0.0,0.0,0.0,16,14,8.6,9.27,8.62
00-0036971,Trevor Lawrence,QB,JAX,2021,12,42,23,-2.04,1,-5.491,5,0,0,0.0,0.0,0.0,28,26,17.0,23.08,17.02
00-0036971,Trevor Lawrence,QB,JAX,2021,13,28,16,-2.921,2,-19.668,4,0,0,0.0,0.0,0.0,25,19,6.8,9.92,6.8
00-0036971,Trevor Lawrence,QB,JAX,2021,14,40,24,-16.266,3,-1.792,1,0,0,0.0,0.0,0.0,8,10,1.0,11.56,1.04
00-0036971,Trevor Lawrence,QB,JAX,2021,15,38,22,-5.299,3,-7.784,5,0,0,0.0,0.0,0.0,25,23,10.5,16.77,10.5
00-0036971,Trevor Lawrence,QB,JAX,2021,16,39,26,2.939,1,11.123,6,0,0,0.0,0.0,0.0,31,23,12.9,28.0,14.9
00-0036971,Trevor Lawrence,QB,JAX,2021,17,27,17,-12.075,2,-4.293,2,0,0,0.0,0.0,0.0,17,18,7.3,8.92,7.32
00-0036971,Trevor Lawrence,QB,JAX,2021,18,32,23,8.112,1,4.482,10,0,0,0.0,0.0,0.0,31,26,18.6,24.24,18.62
00-0036972,Mac Jones,QB,NE,2021,1,39,29,12.533,1,7.572,0,0,0,0.0,0.0,0.0,30,38,15.2,12.41,15.24
00-0036972,Mac Jones,QB,NE,2021,2,30,22,-4.378,3,5.423,0,0,0,0.0,0.0,0.0,24,30,7.4,9.55,7.44
00-0036972,Mac Jones,QB,NE,2021,3,51,30,-16.882,2,-1.02,6,0,0,0.0,0.0,0.0,17,18,11.6,20.91,11.6
00-0036972,Mac Jones,QB,NE,2021,4,40,31,2.518,4,7.702,1,0,0,0.0,0.0,0.0,8,15,16.9,17.42,16.9
00-0036972,Mac Jones,QB,NE,2021,5,30,23,8.841,1,12.932,1,0,0,0.0,0.0,0.0,30,31,11.5,12.11,11.54
00-0036972,Mac Jones,QB,NE,2021,6,21,15,-3.245,2,6.943,2,0,0,0.0,0.0,0.0,27,29,14.8,10.45,16.76
00-0036972,Mac Jones,QB,NE,2021,7,36,24,15.443,1,-0.617,3,0,0,0.0,0.0,0.0,32,36,22.2,19.83,22.18
00-0036972,Mac Jones,QB,NE,2021,8,35,18,-1.093,1,-10.95,4,0,0,0.0,0.0,0.0,39,37,11.7,28.09,11.68
00-0036972,Mac Jones,QB,NE,2021,9,18,12,-3.611,2,-1.287,2,0,0,0.0,0.0,0.0,39,38,6.0,10.06,7.96
00-0036972,Mac Jones,QB,NE,2021,10,23,19,16.185,2,18.757,0,0,0,0.0,0.0,0.0,34,36,19.9,15.04,19.92
00-0036972,Mac Jones,QB,NE,2021,11,26,22,-2.648,3,12.217,6,0,0,0.0,0.0,0.0,30,27,10.4,12.25,10.38
00-0036972,Mac Jones,QB,NE,2021,12,32,23,14.342,2,8.335,2,0,0,0.0,0.0,0.0,24,25,21.5,16.24,21.5
00-0036972,Mac Jones,QB,NE,2021,13,3,2,0.036,0,-5.49,5,0,0,0.0,0.0,0.0,46,39,0.5,1.4,0.46
00-0036972,Mac Jones,QB,NE,2021,15,45,26,-0.757,1,-4.482,1,0,0,0.0,0.0,0.0,19,18,17.2,23.56,17.16
00-0036972,Mac Jones,QB,NE,2021,16,32,14,-3.097,1,-18.909,6,0,0,0.0,0.0,0.0,27,23,5.1,14.17,5.1
00-0036972,Mac Jones,QB,NE,2021,17,30,22,17.212,0,9.98,2,0,0,0.0,0.0,0.0,36,32,22.3,17.77,22.28
00-0036972,Mac Jones,QB,NE,2021,18,30,20,1.48,2,-1.838,3,0,0,0.0,0.0,0.0,27,29,10.8,9.83,10.84
00-0036980,Elijah Moore,WR,NYJ,2021,1,0,0,0.0,0,,0,4,1,92,0.1111,0.2556,17,19,0.7,7.07,0.7
00-0036980,Elijah Moore,WR,NYJ,2021,2,0,0,0.0,0,,0,8,4,113,0.2424,0.3754,31,30,8.7,12.02,8.7
00-0036980,Elijah Moore,WR,NYJ,2021,3,0,0,0.0,0,,0,6,3,30,0.1818,0.1111,13,15,5.2,7.26,5.2
00-0036980,Elijah Moore,WR,NYJ,2021,5,0,0,0.0,0,,0,2,0,47,0.0645,0.1703,18,22,0.0,3.04,0.0
00-0036980,Elijah Moore,WR,NYJ,2021,7,0,0,0.0,0,,1,6,1,65,0.1463,0.25,17,30,10.2,9.26,10.2
00-0036980,Elijah Moore,WR,NYJ,2021,8,0,0,0.0,0,,1,6,6,34,0.1224,0.1988,27,34,13.1,10.06,13.1
00-0036980,Elijah Moore,WR,NYJ,2021,9,0,0,0.0,0,,0,8,7,87,0.1538,0.2005,21,20,27.4,13.19,27.4
00-0036980,Elijah Moore,WR,NYJ,2021,10,0,0,0.0,0,,0,6,3,79,0.1304,0.2416,22,33,13.4,8.02,13.4
00-0036980,Elijah Moore,WR,NYJ,2021,11,0,0,0.0,0,,1,11,8,101,0.3143,0.3311,18,19,29.6,17.48,29.6
00-0036980,Elijah Moore,WR,NYJ,2021,12,0,0,0.0,0,,1,8,4,50,0.3478,0.4854,34,33,9.3,13.93,9.3
00-0036980,Elijah Moore,WR,NYJ,2021,13,0,0,0.0,0,,1,12,6,201,0.3333,0.6505,17,20,20.6,26.0,20.6
00-0036984,Trey Sermon,RB,SF,2021,2,0,0,0.0,0,,1,0,0,0.0,0.0,0.0,38,30,0.8,0.52,0.8
00-0036984,Trey Sermon,RB,SF,2021,3,0,0,0.0,0,,10,3,2,1,0.0789,0.0038,21,12,11.4,11.8,11.4
00-0036984,Trey Sermon,RB,SF,2021,4,0,0,0.0,0,,19,0,0,0.0,0.0,0.0,29,21,8.9,9.63,8.9
00-0036984,Trey Sermon,RB,SF,2021,5,0,0,0.0,0,,1,0,0,0.0,0.0,0.0,28,12,0.7,0.5,0.7
00-0036984,Trey Sermon,RB,SF,2021,11,0,0,0.0,0,,10,1,1,9,0.05,0.0638,42,31,6.5,6.67,6.5
00-0036988,Josh Palmer,WR,LAC,2021,1,0,0,0.0,0,,0,1,1,17,0.0217,0.0467,29,25,2.7,2.09,2.7
00-0036988,Josh Palmer,WR,LAC,2021,2,0,0,0.0,0,,0,2,2,8,0.05,0.0315,19,25,4.1,3.0,4.1
00-0036988,Josh Palmer,WR,LAC,2021,5,0,0,0.0,0,,0,3,2,24,0.0714,0.0585,23,24,3.2,4.73,3.2
00-0036988,Josh Palmer,WR,LAC,2021,6,0,0,0.0,0,,0,4,1,29,0.1026,0.1142,12,15,1.8,5.66,1.8
00-0036988,Josh Palmer,WR,LAC,2021,8,0,0,0.0,0,,0,1,1,24,0.0294,0.0741,20,24,9.4,2.07,9.4
00-0036988,Josh Palmer,WR,LAC,2021,9,0,0,0.0,0,,0,2,2,22,0.0541,0.1023,27,25,4.2,3.4,4.2
00-0036988,Josh Palmer,WR,LAC,2021,10,0,0,0.0,0,,0,4,3,18,0.1212,0.0947,19,20,5.2,6.33,5.2
00-0036988,Josh Palmer,WR,LAC,2021,11,0,0,0.0,0,,1,1,1,8,0.0244,0.0365,26,20,3.3,2.43,3.3
00-0036988,Josh Palmer,WR,LAC,2021,12,0,0,0.0,0,,0,2,2,12,0.0455,0.0418,17,21,4.5,2.9,4.5
00-0036988,Josh Palmer,WR,LAC,2021,13,0,0,0.0,0,,0,1,0,52,0.0286,0.1409,22,27,0.0,2.83,0.0
00-0036988,Josh Palmer,WR,LAC,2021,14,0,0,0.0,0,,0,7,5,61,0.2333,0.2542,37,35,17.6,14.59,17.6
00-0036988,Josh Palmer,WR,LAC,2021,15,0,0,0.0,0,,0,1,1,13,0.027,0.0381,39,37,2.5,1.92,2.5
00-0036988,Josh Palmer,WR,LAC,2021,16,0,0,0.0,0,,0,6,5,62,0.1765,0.2431,21,25,15.3,13.36,15.3
00-0036988,Josh Palmer,WR,LAC,2021,17,0,0,0.0,0,,0,5,3,18,0.1667,0.0963,35,35,4.6,10.99,4.6
00-0036988,Josh Palmer,WR,LAC,2021,18,0,0,0.0,0,,0,9,4,121,0.1406,0.1924,21,24,14.5,13.72,14.5
00-0036991,Amari Rodgers,WR,GB,2021,1,0,0,0.0,0,,0,1,1,14,0.0303,0.0426,15,17,2.9,1.63,2.9
00-0036991,Amari Rodgers,WR,GB,2021,6,0,0,0.0,0,,0,1,1,1,0.0476,0.0051,31,28,2.4,1.36,2.4
00-0036991,Amari Rodgers,WR,GB,2021,8,0,0,0.0,0,,1,3,1,4,0.0857,0.0242,34,38,2.8,5.97,2.8
00-0036991,Amari Rodgers,WR,GB,2021,18,0,0,0.0,0,,0,3,1,21,0.0857,0.0972,27,28,1.5,5.79,1.5
00-0036997,Javonte Williams,RB,DEN,2021,1,0,0,0.0,0,,14,1,1,-8,0.0286,-0.0256,28,29,5.1,7.99,5.1
00-0036997,Javonte Williams,RB,DEN,2021,2,0,0,0.0,0,,13,1,1,-3,0.0294,-0.0077,30,29,8.4,7.91,8.4
00-0036997,Javonte Williams,RB,DEN,2021,3,0,0,0.0,0,,12,4,3,4,0.1667,0.02,37,37,13.2,22.89,13.2
00-0036997,Javonte Williams,RB,DEN,2021,4,0,0,0.0,0,,7,3,3,5,0.0811,0.0141,17,21,8.9,7.83,8.9
00-0036997,Javonte Williams,RB,DEN,2021,5,0,0,0.0,0,,8,3,3,7,0.0857,0.0208,18,22,11.6,8.26,11.6
00-0036997,Javonte Williams,RB,DEN,2021,6,0,0,0.0,0,,11,3,3,1,0.0625,0.002,23,28,9.8,9.99,9.8
00-0036997,Javonte Williams,RB,DEN,2021,7,0,0,0.0,0,,4,7,6,-21,0.2188,-0.1207,14,20,17.2,11.76,17.2
00-0036997,Javonte Williams,RB,DEN,2021,8,0,0,0.0,0,,9,4,2,3,0.16,0.0162,21,24,6.8,10.71,6.8
00-0036997,Javonte Williams,RB,DEN,2021,9,0,0,0.0,0,,17,0,0,0.0,0.0,0.0,41,40,11.1,12.95,11.1
00-0036997,Javonte Williams,RB,DEN,2021,10,0,0,0.0,0,,8,3,2,-2,0.0882,-0.0096,18,20,6.9,10.32,6.9
00-0036997,Javonte Williams,RB,DEN,2021,12,0,0,0.0,0,,14,4,3,-3,0.1739,-0.0205,33,35,20.1,14.72,20.1
00-0036997,Javonte Williams,RB,DEN,2021,13,0,0,0.0,0,,23,9,6,4,0.25,0.0149,31,34,29.8,24.4,29.8
00-0036997,Javonte Williams,RB,DEN,2021,14,0,0,0.0,0,,15,2,1,15,0.08,0.0806,39,40,21.3,12.24,21.3
00-0036997,Javonte Williams,RB,DEN,2021,15,0,0,0.0,0,,15,4,4,0.0,0.125,0.0,34,35,12.1,13.23,12.1
00-0036997,Javonte Williams,RB,DEN,2021,16,0,0,0.0,0,,7,2,2,-4,0.0909,-0.0163,16,17,10.0,9.1,10.0
00-0036997,Javonte Williams,RB,DEN,2021,17,0,0,0.0,0,,14,1,1,-2,0.037,-0.0091,27,28,4.2,12.02,4.2
00-0036997,Javonte Williams,RB,DEN,2021,18,0,0,0.0,0,,12,2,2,-8,0.0833,-0.0293,28,27,8.4,9.2,8.4
00-0036999,Anthony Schwartz,WR,CLE,2021,1,0,0,0.0,0,,1,5,3,126,0.1852,0.4437,26,26,11.6,10.73,11.6
00-0036999,Anthony Schwartz,WR,CLE,2021,2,0,0,0.0,0,,0,1,0,16,0.0476,0.1221,34,28,0.0,2.16,0.0
00-0036999,Anthony Schwartz,WR,CLE,2021,3,0,0,0.0,0,,0,1,0,13,0.0345,0.0425,42,42,0.0,1.77,0.0
00-0036999,Anthony Schwartz,WR,CLE,2021,4,0,0,0.0,0,,0,1,0,37,0.0323,0.1069,38,40,0.0,3.28,0.0
00-0036999,Anthony Schwartz,WR,CLE,2021,5,0,0,0.0,0,,0,1,0,37,0.0345,0.1121,35,39,0.0,1.96,0.0
00-0036999,Anthony Schwartz,WR,CLE,2021,6,0,0,0.0,0,,1,3,2,18,0.0968,0.0747,19,22,2.8,5.12,2.8
00-0036999,Anthony Schwartz,WR,CLE,2021,7,0,0,0.0,0,,1,3,2,69,0.0938,0.3026,33,34,4.0,6.68,4.0
00-0036999,Anthony Schwartz,WR,CLE,2021,9,0,0,0.0,0,,0,1,1,13,0.0526,0.0605,23,25,2.5,1.96,2.5
00-0036999,Anthony Schwartz,WR,CLE,2021,10,0,0,0.0,0,,0,1,0,26,0.0323,0.1111,20,27,0.0,1.59,0.0
00-0036999,Anthony Schwartz,WR,CLE,2021,16,0,0,0.0,0,,2,1,1,5,0.0278,0.015,25,25,9.9,4.52,9.9
00-0036999,Anthony Schwartz,WR,CLE,2021,17,0,0,0.0,0,,0,2,0,8,0.0556,0.0304,20,18,0.0,3.01,0.0
00-0036999,Anthony Schwartz,WR,CLE,2021,18,0,0,0.0,0,,1,3,1,28,0.125,0.2642,41,39,2.6,5.42,2.6
00-0037004,Hunter Long,TE,MIA,2021,6,0,0,0.0,0,,0,1,0,2,0.0213,0.0051,20,21,0.0,1.41,0.0
00-0037004,Hunter Long,TE,MIA,2021,13,0,0,0.0,0,,0,1,1,4,0.0244,0.0143,25,25,1.8,1.55,1.8
00-0037004,Hunter Long,TE,MIA,2021,15,0,0,0.0,0,,0,1,0,4,0.0385,0.0158,42,33,0.0,1.41,0.0
00-0037005,Tommy Tremble,TE,CAR,2021,3,0,0,0.0,0,,1,1,1,25,0.0303,0.0929,33,29,10.7,4.04,10.7
00-0037005,Tommy Tremble,TE,CAR,2021,4,0,0,0.0,0,,0,1,0,39,0.0256,0.1154,24,23,0.0,2.41,0.0
00-0037005,Tommy Tremble,TE,CAR,2021,5,0,0,0.0,0,,0,4,2,17,0.1176,0.0586,30,33,9.2,7.45,9.2
00-0037005,Tommy Tremble,TE,CAR,2021,6,0,0,0.0,0,,1,2,0,28,0.0513,0.0662,23,18,2.0,7.22,2.0
00-0037005,Tommy Tremble,TE,CAR,2021,7,0,0,0.0,0,,0,2,2,7,0.0526,0.0241,17,20,3.2,2.69,3.2
00-0037005,Tommy Tremble,TE,CAR,2021,8,0,0,0.0,0,,0,4,3,35,0.1667,0.2869,47,42,4.8,8.04,4.8
00-0037005,Tommy Tremble,TE,CAR,2021,9,0,0,0.0,0,,0,2,1,2,0.069,0.0109,23,27,1.6,2.77,1.6
00-0037005,Tommy Tremble,TE,CAR,2021,10,0,0,0.0,0,,0,1,1,0.0,0.0312,0.0,37,45,1.3,2.35,1.3
00-0037005,Tommy Tremble,TE,CAR,2021,11,0,0,0.0,0,,0,2,2,28,0.0741,0.1867,21,18,5.5,3.53,5.5
00-0037005,Tommy Tremble,TE,CAR,2021,12,0,0,0.0,0,,0,3,1,30,0.0968,0.0943,18,16,1.4,3.75,1.4
00-0037005,Tommy Tremble,TE,CAR,2021,14,0,0,0.0,0,,0,2,2,11,0.0571,0.0359,26,16,4.3,2.89,4.3
00-0037005,Tommy Tremble,TE,CAR,2021,15,0,0,0.0,0,,0,4,1,31,0.1111,0.1054,29,17,1.8,5.73,1.8
00-0037005,Tommy Tremble,TE,CAR,2021,16,0,0,0.0,0,,0,2,2,7,0.0465,0.018,15,14,4.2,2.74,4.2
00-0037005,Tommy Tremble,TE,CAR,2021,18,0,0,0.0,0,,1,5,2,27,0.119,0.0954,26,27,3.1,10.56,3.1
00-0037011,Tre' McKitty,TE,LAC,2021,11,0,0,0.0,0,,0,1,1,-2,0.0244,-0.0091,26,20,1.7,1.51,1.7
00-0037011,Tre' McKitty,TE,LAC,2021,12,0,0,0.0,0,,0,1,0,5,0.0227,0.0174,17,21,0.0,1.51,0.0
00-0037011,Tre' McKitty,TE,LAC,2021,15,0,0,0.0,0,,0,1,1,4,0.027,0.0117,39,37,1.4,1.62,1.4
00-0037011,Tre' McKitty,TE,LAC,2021,16,0,0,0.0,0,,0,1,1,2,0.0294,0.0078,21,25,2.2,1.31,2.2
00-0037011,Tre' McKitty,TE,LAC,2021,17,0,0,0.0,0,,0,3,3,7,0.1,0.0374,35,35,5.2,4.65,5.2
00-0037011,Tre' McKitty,TE,LAC,2021,18,0,0,0.0,0,,0,1,0,2,0.0156,0.0032,21,24,0.0,1.58,0.0
00-0037012,Trey Lance,QB,SF,2021,1,1,1,1.153,0,35.503,3,0,0,0.0,0.0,0.0,28,23,4.4,3.93,4.4
00-0037012,Trey Lance,QB,SF,2021,3,0,0,0.0,0,,1,0,0,0.0,0.0,0.0,21,12,6.1,3.93,6.1
00-0037012,Trey Lance,QB,SF,2021,4,18,9,7.876,1,-12.807,7,0,0,0.0,0.0,0.0,29,21,20.4,12.99,20.38
00-0037012,Trey Lance,QB,SF,2021,5,29,15,-6.802,2,-10.719,16,0,0,0.0,0.0,0.0,28,12,14.6,24.3,14.58
00-0037012,Trey Lance,QB,SF,2021,11,0,0,0.0,0,,3,0,0,0.0,0.0,0.0,42,31,0.4,0.47,0.4
00-0037012,Trey Lance,QB,SF,2021,17,23,16,8.458,1,8.539,8,0,0,0.0,0.0,0.0,37,24,19.1,16.8,19.06
00-0037013,Zach Wilson,QB,NYJ,2021,1,37,20,-7.698,6,-9.881,0,0,0,0.0,0.0,0.0,17,19,18.3,14.31,18.32
00-0037013,Zach Wilson,QB,NYJ,2021,2,33,19,-23.702,4,-7.357,3,0,0,0.0,0.0,0.0,31,30,2.3,10.39,2.3
00-0037013,Zach Wilson,QB,NYJ,2021,3,35,19,-24.105,5,-8.855,1,0,0,0.0,0.0,0.0,13,15,2.6,8.44,2.6
00-0037013,Zach Wilson,QB,NYJ,2021,4,34,21,9.091,1,-4.09,3,0,0,0.0,0.0,0.0,25,25,17.7,22.14,17.68
00-0037013,Zach Wilson,QB,NYJ,2021,5,32,19,-4.802,2,-4.122,1,0,0,0.0,0.0,0.0,18,22,8.0,11.65,7.98
00-0037013,Zach Wilson,QB,NYJ,2021,7,10,6,0.292,1,-3.825,0,0,0,0.0,0.0,0.0,17,30,2.0,2.14,2.04
00-0037013,Zach Wilson,QB,NYJ,2021,12,24,14,-9.378,4,-13.482,2,0,0,0.0,0.0,0.0,34,33,10.1,12.65,10.1
00-0037013,Zach Wilson,QB,NYJ,2021,13,38,23,1.006,2,-3.401,3,0,0,0.0,0.0,0.0,17,20,21.0,26.61,21.04
00-0037013,Zach Wilson,QB,NYJ,2021,14,42,19,-15.405,3,-20.982,4,0,0,0.0,0.0,0.0,17,17,11.4,16.33,11.38
00-0037013,Zach Wilson,QB,NYJ,2021,15,23,13,-11.64,6,-12.858,4,1,0,8,0.0455,0.0593,24,19,12.0,16.94,13.12
00-0037013,Zach Wilson,QB,NYJ,2021,16,22,14,-0.761,1,-2.996,4,0,0,0.0,0.0,0.0,36,33,23.2,18.31,23.18
00-0037013,Zach Wilson,QB,NYJ,2021,17,33,19,8.402,1,-4.623,2,0,0,0.0,0.0,0.0,26,26,13.4,17.47,13.36
00-0037013,Zach Wilson,QB,NYJ,2021,18,20,7,-16.873,8,-31.189,2,0,0,0.0,0.0,0.0,17,15,9.9,7.87,9.88
