player_id,name,pos,team,season,games,gp14,att_pg,car_pg,tgt_pg,tgt_share,ay_share,wopr,att,cmp_pct,ypa,pass_td_rate,int_rate,sack_rate,epa_db,cpoe,pacr,pass_fd_rate,pass_expl_rate,car,ypc,rush_td_rate,epa_car,rush_fd_rate,rush_expl_rate,tgt,rec,catch_rate,ypt,ypr,adot,racr,yac_rec,epa_tgt,rec_td_rate,rec_fd_rate,rec_expl_rate,fum_lost,fp_ppr,fp_exp,fp_act,fp_diff,fp_exp_pg,exp_share,pass_fp_exp,rush_fp_exp,rec_fp_exp,td_exp,td_act,td_diff
00-0034857,Josh Allen,QB,BUF,2020,16,13,35.75,6.38,0.06,0.0014,-0.0009,0.0014,572,0.6923,7.94,0.0647,0.0175,0.0435,0.2825,6.585,0.936,0.3986,0.1084,102,4.13,0.0784,0.0012,0.3725,0.1569,1,1,1.0,12.0,12.0,-5.0,-2.4,17.0,2.2947,1.0,1.0,0.0,4,396.1,405.4,400.1,-5.4,25.34,0.2893,316.0,87.6,1.8,48.12,46.0,-2.12
00-0023459,Aaron Rodgers,QB,GB,2020,16,13,32.88,2.38,0.06,0.0021,-0.0009,0.0025,526,0.7072,8.17,0.0913,0.0095,0.0366,0.3411,7.112,1.04,0.4106,0.1084,38,3.92,0.0789,0.0774,0.3947,0.1053,1,1,1.0,-6.0,-6.0,-4.0,1.5,-2.0,-1.3552,0.0,0.0,0.0,1,383.3,331.8,385.3,53.4,20.74,0.2562,303.0,27.3,1.5,41.95,51.0,9.05
00-0035228,Kyler Murray,QB,ARI,2020,16,13,34.88,8.31,0.0,0.0,0.0,0.0,558,0.672,7.12,0.0466,0.0215,0.0462,0.0545,2.132,0.912,0.3674,0.0789,133,6.16,0.0827,0.3232,0.391,0.2406,0,0,,,,,,,,,,,0,378.7,388.0,386.7,-1.3,24.25,0.2818,264.0,124.0,0.0,36.13,37.0,0.87
00-0033873,Patrick Mahomes,QB,KC,2020,15,13,39.2,4.13,0.13,0.003,0.0047,0.0078,588,0.6633,8.06,0.0646,0.0102,0.0361,0.305,2.817,0.964,0.4048,0.1139,62,4.97,0.0323,0.2832,0.3548,0.1774,2,0,0.0,0.0,,12.5,0.0,,-1.1921,0.0,0.0,0.0,0,374.4,378.5,384.4,5.9,25.24,0.273,322.0,47.3,9.3,41.55,41.0,-0.55
00-0033537,Deshaun Watson,QB,HOU,2020,16,13,34.0,5.62,0.0,0.0,0.0,0.0,544,0.7022,8.87,0.0607,0.0129,0.0826,0.222,6.518,0.996,0.4062,0.1268,90,4.93,0.0333,0.1592,0.3444,0.1778,0,0,,,,,,,,,,,1,369.3,357.2,372.4,15.3,22.32,0.2903,284.4,72.7,0.0,37.36,36.0,-1.36
00-0029263,Russell Wilson,QB,SEA,2020,16,13,34.88,5.19,0.0,0.0,0.0,0.0,558,0.6882,7.55,0.0717,0.0233,0.0777,0.1295,6.773,0.876,0.3817,0.0806,83,6.18,0.0241,0.0243,0.3012,0.253,0,0,,,,,,,,,,,2,359.8,365.8,363.8,-2.1,22.87,0.2744,313.7,52.1,0.0,42.19,42.0,-0.19
00-0029701,Ryan Tannehill,QB,TEN,2020,16,13,30.06,2.69,0.06,0.0019,0.0,0.0028,481,0.6549,7.94,0.0686,0.0146,0.0475,0.25,2.665,0.949,0.42,0.0915,43,6.19,0.1628,0.6393,0.5116,0.2558,1,1,1.0,0.0,0.0,0.0,,0.0,-1.4737,0.0,0.0,0.0,0,344.4,287.6,346.4,58.8,17.97,0.2332,245.0,41.1,1.5,31.79,40.0,8.21
00-0019596,Tom Brady,QB,TB,2020,16,13,38.12,1.88,0.0,0.0,0.0,0.0,610,0.6574,7.6,0.0656,0.0197,0.0333,0.2083,3.663,0.837,0.382,0.1033,30,0.2,0.1,-0.6062,0.2,0.0,0,0,,,,,,,,,,,1,337.9,350.6,337.9,-12.6,21.91,0.2513,334.4,16.2,0.0,43.97,43.0,-0.97
00-0036355,Justin Herbert,QB,LAC,2020,15,12,39.67,3.67,0.0,0.0,0.0,0.0,595,0.6655,7.29,0.0521,0.0168,0.051,0.1446,0.02,0.993,0.363,0.0857,55,4.25,0.0909,-0.0051,0.3636,0.1636,0,0,,,,,,,,,,,0,332.8,329.7,334.8,5.2,21.98,0.2528,272.3,57.4,0.0,35.46,36.0,0.54
00-0034796,Lamar Jackson,QB,BAL,2020,15,12,25.07,10.6,0.0,0.0,0.0,0.0,376,0.6436,7.33,0.0691,0.0239,0.0716,0.1416,0.998,0.849,0.367,0.0984,159,6.32,0.044,0.2514,0.3522,0.2013,0,0,,,,,,,,,,,2,332.8,334.0,336.8,2.8,22.27,0.3035,204.9,129.1,0.0,32.1,33.0,0.9
00-0029604,Kirk Cousins,QB,MIN,2020,16,13,32.25,2.0,0.0,0.0,0.0,0.0,516,0.6764,8.27,0.0678,0.0252,0.0703,0.1713,4.564,1.039,0.4109,0.1124,32,4.88,0.0312,0.0219,0.5,0.2812,0,0,,,,,,,,,,,1,306.2,300.1,312.2,12.1,18.76,0.2336,276.5,23.6,0.0,34.41,36.0,1.59
00-0026143,Matt Ryan,QB,ATL,2020,16,13,39.12,1.81,0.0,0.0,0.0,0.0,626,0.6502,7.32,0.0415,0.0176,0.0615,0.1013,1.195,0.858,0.3866,0.0927,29,3.17,0.069,0.0284,0.2759,0.1379,0,0,,,,,,,,,,,1,282.4,337.6,286.4,-51.2,21.1,0.2411,318.9,18.7,0.0,36.55,28.0,-8.55
00-0031280,Derek Carr,QB,LV,2020,16,13,32.31,2.44,0.0,0.0,0.0,0.0,517,0.6731,7.94,0.0522,0.0174,0.0479,0.1128,2.639,0.981,0.3733,0.1044,39,3.59,0.0769,0.2006,0.4103,0.1282,0,0,,,,,,,,,,,1,272.1,302.6,286.1,-16.5,18.91,0.232,271.3,31.3,0.0,35.5,30.0,-5.5
00-0022924,Ben Roethlisberger,QB,PIT,2020,15,13,40.53,1.67,0.0,0.0,0.0,0.0,608,0.6562,6.25,0.0543,0.0164,0.0209,0.0891,-1.054,0.9,0.3174,0.0707,25,0.44,0.0,-0.7851,0.12,0.04,0,0,,,,,,,,,,,1,267.2,273.0,266.7,-6.4,18.2,0.2159,269.3,3.7,0.0,30.93,33.0,2.07
00-0027939,Cam Newton,QB,NE,2020,15,12,24.53,9.13,0.13,0.0047,0.0063,0.0114,368,0.6576,7.22,0.0217,0.0272,0.0777,-0.0088,-1.009,1.065,0.3614,0.0842,137,4.32,0.0876,0.1343,0.4015,0.1241,2,2,1.0,17.5,17.5,8.5,2.059,9.0,1.8728,0.5,1.0,1.0,1,261.0,287.3,261.0,-26.3,19.15,0.289,142.4,141.4,3.5,25.84,21.0,-4.84
00-0026498,Matthew Stafford,QB,DET,2020,16,13,33.0,1.81,0.06,0.0015,0.0027,0.0041,528,0.642,7.73,0.0492,0.0189,0.0671,0.099,-0.959,0.886,0.3883,0.1023,29,3.86,0.0,0.1442,0.4138,0.1724,1,0,0.0,0.0,,15.0,0.0,,-0.4682,0.0,0.0,0.0,0,260.6,274.3,260.6,-13.7,17.14,0.2151,253.2,17.6,3.5,27.47,26.0,-1.47
00-0034855,Baker Mayfield,QB,CLE,2020,16,13,30.38,3.38,0.06,0.002,0.0015,0.004,486,0.6276,7.33,0.0535,0.0165,0.0508,0.1734,2.97,0.862,0.3868,0.0885,54,3.06,0.0185,-0.1298,0.3333,0.0556,1,1,1.0,6.0,6.0,5.0,1.2,1.0,1.7706,0.0,1.0,0.0,1,248.6,297.5,254.6,-42.8,18.59,0.2381,262.7,33.5,1.2,34.83,27.0,-7.83
00-0031237,Teddy Bridgewater,QB,CAR,2020,15,12,32.8,3.53,0.0,0.0,0.0,0.0,492,0.6911,7.59,0.0305,0.0224,0.0593,0.0643,4.058,1.064,0.3537,0.0996,53,5.26,0.0943,0.2176,0.3396,0.2075,0,0,,,,,,,,,,,1,241.2,255.8,245.1,-10.7,17.05,0.2289,202.6,53.1,0.0,23.42,20.0,-3.42
00-0033106,Jared Goff,QB,LA,2020,15,13,36.8,3.4,0.0,0.0,0.0,0.0,552,0.6703,7.16,0.0362,0.0236,0.04,0.045,0.899,1.104,0.3514,0.0851,51,1.94,0.0784,-0.119,0.2353,0.0392,0,0,,,,,,,,,,,1,240.0,266.2,245.8,-20.4,17.75,0.2129,228.5,37.7,0.0,24.59,24.0,-0.59
00-0022942,Philip Rivers,QB,IND,2020,16,13,33.94,1.12,0.0,0.0,0.0,0.0,543,0.6796,7.68,0.0442,0.0203,0.0338,0.1858,0.661,1.072,0.3683,0.1031,18,-0.44,0.0,-0.5621,0.0,0.0,0,0,,,,,,,,,,,0,240.0,251.3,242.0,-9.4,15.71,0.1966,252.1,-0.7,0.0,26.2,24.0,-2.2
00-0020531,Drew Brees,QB,NO,2020,12,9,32.5,1.5,0.0,0.0,0.0,0.0,390,0.7051,7.54,0.0615,0.0154,0.0323,0.1707,1.637,1.246,0.3821,0.0795,18,-0.11,0.1111,-0.242,0.2222,0.0,0,0,,,,,,,,,,,0,209.5,196.2,213.5,17.3,16.35,0.1994,186.2,10.0,0.0,21.92,26.0,4.08
00-0032950,Carson Wentz,QB,PHI,2020,12,12,36.42,4.33,0.0,0.0,0.0,0.0,437,0.5744,6.0,0.0366,0.0343,0.1027,-0.1698,-3.525,0.677,0.2975,0.0618,52,5.31,0.0962,0.1706,0.4808,0.1346,0,0,,,,,,,,,,,1,198.4,227.2,204.4,-22.8,18.94,0.2478,179.7,47.6,0.0,20.97,21.0,0.03
00-0035704,Drew Lock,QB,DEN,2020,13,10,34.08,3.38,0.0,0.0,0.0,0.0,443,0.5734,6.62,0.0361,0.0339,0.0411,-0.0769,-5.566,0.751,0.3273,0.0858,44,3.64,0.0682,0.031,0.2955,0.1136,0,0,,,,,,,,,,,0,181.3,229.8,187.3,-42.5,17.68,0.2278,192.5,37.3,0.0,23.42,19.0,-4.42
00-0035710,Daniel Jones,QB,NYG,2020,14,12,32.0,4.64,0.0,0.0,0.0,0.0,448,0.625,6.57,0.0246,0.0223,0.0913,-0.0493,-2.157,0.865,0.3527,0.0692,65,6.51,0.0154,-0.0118,0.2615,0.2,0,0,,,,,,,,,,,2,180.0,210.4,188.0,-22.4,15.03,0.2206,173.8,36.7,0.0,16.69,12.0,-4.69
00-0036442,Joe Burrow,QB,CIN,2020,10,10,40.4,3.7,0.0,0.0,0.0,0.0,404,0.6535,6.65,0.0322,0.0124,0.0734,0.1123,2.113,0.784,0.3713,0.0569,37,3.84,0.0811,-0.0038,0.3784,0.1351,0,0,,,,,,,,,,,1,173.7,218.5,179.7,-38.8,21.85,0.251,181.8,36.8,0.0,24.35,16.0,-8.35
00-0035289,Gardner Minshew,QB,JAX,2020,9,8,36.33,3.22,0.11,0.0025,-0.0021,0.0023,327,0.6606,6.91,0.0489,0.0153,0.0763,0.0474,4.237,0.883,0.3578,0.0826,29,5.28,0.0345,0.2629,0.3448,0.2414,1,1,1.0,0.0,0.0,-8.0,-0.0,8.0,-0.7197,0.0,0.0,0.0,0,160.7,182.0,168.7,-13.3,20.22,0.2548,159.4,21.4,1.2,20.4,17.0,-3.4
00-0033869,Mitchell Trubisky,QB,CHI,2020,10,7,29.7,3.3,0.0,0.0,0.0,0.0,297,0.67,6.92,0.0539,0.0269,0.0571,0.091,1.102,0.884,0.4175,0.0606,33,5.91,0.0303,0.2793,0.3636,0.1515,0,0,,,,,,,,,,,0,153.7,178.3,157.7,-20.6,17.83,0.2124,147.2,31.0,0.0,19.92,17.0,-2.92
00-0023682,Ryan Fitzpatrick,QB,MIA,2020,9,8,29.67,3.33,0.11,0.0056,-0.0031,0.0062,267,0.6854,7.83,0.0487,0.03,0.0498,0.1733,3.492,1.005,0.397,0.0899,30,5.03,0.0667,0.1631,0.4,0.2667,1,1,1.0,0.0,0.0,-4.0,-0.0,4.0,-1.5316,0.0,0.0,0.0,0,153.7,164.1,153.7,-10.3,18.23,0.2328,134.0,28.6,1.5,18.05,15.0,-3.05
00-0027973,Andy Dalton,QB,DAL,2020,11,8,30.27,2.55,0.09,0.0029,-0.0031,0.0022,333,0.6486,6.52,0.042,0.024,0.0672,-0.0314,-0.494,0.948,0.3483,0.0601,28,4.07,0.0,0.0801,0.3929,0.1071,1,1,1.0,-3.0,-3.0,-7.0,0.429,4.0,-1.7065,0.0,0.0,0.0,1,136.9,174.3,136.9,-37.4,15.85,0.1899,154.1,19.0,1.2,19.07,14.0,-5.07
00-0033077,Dak Prescott,QB,DAL,2020,5,5,44.4,3.6,0.2,0.0061,0.0084,0.015,222,0.6802,8.36,0.0405,0.018,0.0431,0.1385,0.282,1.053,0.4189,0.1126,18,5.17,0.1667,0.5504,0.4444,0.2222,1,1,1.0,11.0,11.0,10.0,1.1,1.0,2.6684,1.0,1.0,0.0,0,135.6,128.4,141.6,13.2,25.68,0.2392,100.0,25.1,3.3,11.81,13.0,1.19
00-0036212,Tua Tagovailoa,QB,MIA,2020,10,7,29.0,3.6,0.0,0.0,0.0,0.0,290,0.6414,6.26,0.0379,0.0172,0.0645,-0.0463,-1.121,0.834,0.3448,0.0517,36,3.03,0.0833,0.0621,0.3611,0.0556,0,0,,,,,,,,,,,0,135.5,164.1,135.5,-28.6,16.41,0.2088,133.2,30.9,0.0,17.26,14.0,-3.26
00-0034869,Sam Darnold,QB,NYJ,2020,12,9,30.33,3.08,0.0,0.0,0.0,0.0,364,0.5962,6.07,0.0247,0.0302,0.0877,-0.1926,-1.841,0.79,0.2995,0.0742,37,5.86,0.0541,0.3398,0.3514,0.1351,0,0,,,,,,,,,,,0,134.0,155.7,138.0,-17.7,12.97,0.2087,132.4,23.3,0.0,12.65,11.0,-1.65
00-0033319,Nick Mullens,QB,SF,2020,10,9,32.6,0.9,0.0,0.0,0.0,0.0,326,0.6472,7.48,0.0368,0.0368,0.0551,0.0091,-2.604,1.187,0.3681,0.1012,9,0.89,0.0,-0.2828,0.1111,0.0,0,0,,,,,,,,,,,0,116.3,137.6,124.2,-13.5,13.76,0.1673,135.2,2.4,0.0,13.22,12.0,-1.22
00-0036389,Jalen Hurts,QB,PHI,2020,14,11,10.57,4.5,0.07,0.0018,-0.0012,0.0019,148,0.5203,7.17,0.0405,0.027,0.0807,-0.0346,-8.174,0.784,0.3041,0.1081,63,5.62,0.0476,0.014,0.3968,0.2063,1,1,1.0,3.0,3.0,-6.0,-0.5,9.0,-0.1703,0.0,0.0,0.0,2,109.1,110.8,109.1,-1.7,7.92,0.1036,60.6,48.9,1.3,7.76,9.0,1.24
00-0029567,Nick Foles,QB,CHI,2020,9,8,34.67,1.78,0.0,0.0,0.0,0.0,312,0.6474,5.94,0.0321,0.0256,0.0545,-0.1049,1.785,0.74,0.2981,0.0769,16,0.06,0.0625,-0.4162,0.125,0.0,0,0,,,,,,,,,,,0,104.2,124.2,104.2,-20.0,13.8,0.1728,118.2,6.0,0.0,13.43,11.0,-2.43
00-0023436,Alex Smith,QB,WAS,2020,8,7,31.5,1.25,0.0,0.0,0.0,0.0,252,0.6667,6.28,0.0238,0.0317,0.0803,-0.1193,-0.79,1.23,0.2937,0.0635,10,0.3,0.0,-0.6434,0.0,0.0,0,0,,,,,,,,,,,0,71.6,86.2,71.6,-14.6,10.77,0.154,84.6,1.5,0.0,7.13,6.0,-1.13
00-0035232,Dwayne Haskins,QB,WAS,2020,7,5,34.43,2.86,0.0,0.0,0.0,0.0,241,0.6141,5.97,0.0207,0.029,0.0766,-0.1552,-5.387,0.887,0.3029,0.0581,20,2.3,0.05,0.0015,0.3,0.1,0,0,,,,,,,,,,,0,68.2,101.6,74.2,-27.5,14.52,0.1819,85.1,16.5,0.0,9.53,6.0,-3.53
00-0031345,Jimmy Garoppolo,QB,SF,2020,6,6,23.33,1.67,0.0,0.0,0.0,0.0,140,0.6714,7.83,0.05,0.0357,0.0728,0.1647,0.205,1.247,0.3929,0.0714,10,2.5,0.0,0.1893,0.3,0.0,0,0,,,,,,,,,,,0,64.3,63.5,64.3,0.8,10.59,0.1481,60.4,3.1,0.0,6.02,7.0,0.98
00-0030520,Mike Glennon,QB,JAX,2020,5,3,35.8,1.2,0.0,0.0,0.0,0.0,179,0.6201,5.99,0.0391,0.0279,0.0479,-0.0991,-3.719,0.753,0.3184,0.0726,6,2.83,0.0,-0.6353,0.3333,0.0,0,0,,,,,,,,,,,1,60.6,78.9,62.6,-16.3,15.78,0.1895,75.3,3.6,0.0,6.39,7.0,0.61
00-0026158,Joe Flacco,QB,NYJ,2020,5,5,26.8,1.2,0.0,0.0,0.0,0.0,134,0.5522,6.45,0.0448,0.0224,0.0496,-0.065,-2.553,0.606,0.2687,0.0821,6,3.67,0.0,-0.0385,0.5,0.0,0,0,,,,,,,,,,,0,54.8,56.8,54.8,-2.1,11.37,0.1657,52.7,4.1,0.0,5.78,6.0,0.22
00-0033936,C.J. Beathard,QB,SF,2020,6,3,17.33,1.0,0.0,0.0,0.0,0.0,104,0.6346,7.57,0.0577,0.0,0.0796,0.0816,-0.017,0.925,0.4038,0.1154,6,4.67,0.0,-0.321,0.1667,0.1667,0,0,,,,,,,,,,,0,52.3,47.0,58.3,11.3,7.83,0.1032,43.9,3.1,0.0,4.62,6.0,1.38
00-0032434,Brandon Allen,QB,CIN,2020,5,3,28.4,2.6,0.2,0.0074,0.0099,0.018,142,0.6338,6.51,0.0352,0.0282,0.047,-0.0638,-3.902,0.984,0.2958,0.0704,13,2.08,0.0,0.1895,0.3846,0.0,1,0,0.0,0.0,,8.0,0.0,,-0.5002,0.0,0.0,0.0,0,49.7,60.6,51.7,-8.9,12.12,0.2042,53.4,5.7,1.6,5.35,5.0,-0.35
00-0034577,Kyle Allen,QB,WAS,2020,4,4,21.75,1.75,0.0,0.0,0.0,0.0,87,0.6897,7.01,0.046,0.0115,0.0745,0.0616,7.979,1.166,0.3448,0.0805,7,3.71,0.1429,0.1742,0.4286,0.1429,0,0,,,,,,,,,,,0,45.0,45.6,47.0,1.4,11.4,0.1712,37.1,8.5,0.0,4.68,5.0,0.32
00-0032436,Jeff Driskel,QB,DEN,2020,3,3,21.33,2.0,0.0,0.0,0.0,0.0,64,0.5469,6.75,0.0469,0.0312,0.1467,-0.1805,-5.924,0.677,0.2812,0.0938,6,4.67,0.0,0.5855,0.5,0.0,0,0,,,,,,,,,,,0,30.1,24.5,30.1,5.6,8.16,0.1219,20.8,3.6,0.0,1.68,3.0,1.32
00-0036312,Jake Luton,QB,JAX,2020,3,3,36.67,0.33,0.0,0.0,0.0,0.0,110,0.5455,5.67,0.0182,0.0545,0.0598,-0.3088,-10.668,0.712,0.2818,0.0455,1,13.0,1.0,2.3046,1.0,1.0,0,0,,,,,,,,,,,0,28.3,36.2,28.3,-7.9,12.06,0.179,34.7,1.4,0.0,1.86,3.0,1.14
00-0032268,Marcus Mariota,QB,LV,2020,1,0,28.0,9.0,0.0,0.0,0.0,0.0,28,0.6071,8.07,0.0357,0.0357,0.0,0.3009,-2.654,0.828,0.3929,0.1429,9,9.78,0.1111,1.2494,0.8889,0.4444,0,0,,,,,,,,,,,0,25.8,25.4,25.8,0.4,25.45,0.2644,16.2,9.2,0.0,2.53,2.0,-0.53
00-0026197,Chad Henne,QB,KC,2020,3,2,12.67,2.33,0.0,0.0,0.0,0.0,38,0.7368,6.53,0.0526,0.0,0.05,0.3489,4.425,1.57,0.3947,0.0526,7,-0.29,0.1429,-0.2273,0.1429,0.0,0,0,,,,,,,,,,,0,23.7,25.1,23.7,-1.4,8.38,0.1135,16.4,8.8,0.0,3.57,3.0,-0.57
00-0033119,Jacoby Brissett,QB,IND,2020,10,7,0.8,1.7,0.0,0.0,0.0,0.0,8,0.25,2.12,0.0,0.0,0.2,-0.8439,-33.386,0.262,0.125,0.0,17,1.12,0.1765,0.3363,0.5294,0.0,0,0,,,,,,,,,,,0,20.6,17.8,20.6,2.8,1.78,0.0222,4.1,13.8,0.0,2.36,3.0,0.64
00-0035652,Ryan Finley,QB,CIN,2020,4,3,8.0,2.75,0.0,0.0,0.0,0.0,32,0.5312,5.12,0.0312,0.0625,0.2195,-0.5887,-6.035,0.49,0.25,0.0625,11,6.0,0.0909,0.3073,0.3636,0.1818,0,0,,,,,,,,,,,0,19.2,16.8,19.2,2.3,4.2,0.0665,9.0,7.8,0.0,0.81,2.0,1.19
00-0034771,Mason Rudolph,QB,PIT,2020,4,3,10.75,1.75,0.0,0.0,0.0,0.0,43,0.5814,7.53,0.0465,0.0233,0.0227,0.2101,-1.299,0.75,0.3023,0.1163,7,-0.86,0.0,-1.0854,0.0,0.0,0,0,,,,,,,,,,,0,18.4,16.5,18.4,1.9,4.13,0.0498,16.3,0.2,0.0,1.53,2.0,0.47
00-0027688,Colt McCoy,QB,NYG,2020,4,3,16.5,2.25,0.0,0.0,0.0,0.0,66,0.6061,5.68,0.0152,0.0152,0.0704,-0.1213,-1.442,0.636,0.2879,0.0758,9,1.33,0.0,-0.5355,0.0,0.0,0,0,,,,,,,,,,,0,18.2,33.5,20.2,-13.3,8.38,0.1283,29.7,3.9,0.0,3.26,1.0,-2.26
00-0027948,Blaine Gabbert,QB,TB,2020,4,3,4.0,2.25,0.0,0.0,0.0,0.0,16,0.5625,8.94,0.125,0.0,0.0588,-0.0347,-14.445,1.324,0.3125,0.25,9,1.78,0.0,-0.4471,0.0,0.1111,0,0,,,,,,,,,,,0,15.3,10.8,15.3,4.6,2.69,0.0298,10.0,0.7,0.0,1.09,2.0,0.91
00-0031395,Garrett Gilbert,QB,DAL,2020,1,1,38.0,3.0,0.0,0.0,0.0,0.0,38,0.5526,6.39,0.0263,0.0263,0.05,-0.129,-6.426,0.698,0.2632,0.1053,3,9.33,0.0,0.5317,0.6667,0.6667,0,0,,,,,,,,,,,0,14.5,18.0,14.5,-3.4,17.96,0.2292,15.8,2.1,0.0,1.85,1.0,-0.85
00-0035264,Jarrett Stidham,QB,NE,2020,5,4,8.8,1.4,0.0,0.0,0.0,0.0,44,0.5,5.82,0.0455,0.0682,0.0833,-0.3973,-11.719,0.955,0.2727,0.0909,7,1.0,0.0,-0.6398,0.4286,0.0,0,0,,,,,,,,,,,0,12.9,17.9,12.9,-4.9,3.57,0.0571,15.7,2.2,0.0,1.4,2.0,0.6
00-0034899,John Wolford,QB,LA,2020,1,0,38.0,6.0,0.0,0.0,0.0,0.0,38,0.5789,6.08,0.0,0.0263,0.05,-0.0837,-5.845,0.645,0.3158,0.0789,6,9.33,0.0,1.18,0.6667,0.5,0,0,,,,,,,,,,,0,12.8,25.4,12.8,-12.6,25.43,0.2898,16.9,8.6,0.0,2.62,0.0,-2.62
00-0026544,Chase Daniel,QB,DET,2020,4,2,10.75,0.5,0.0,0.0,0.0,0.0,43,0.6744,6.14,0.0233,0.0465,0.0652,-0.3252,-1.179,0.96,0.3256,0.0698,2,8.0,0.0,0.4341,0.5,0.5,0,0,,,,,,,,,,,0,12.2,16.4,12.2,-4.3,4.11,0.0514,14.9,1.5,0.0,1.19,1.0,-0.19
00-0031800,Taylor Heinicke,QB,WAS,2020,1,0,19.0,3.0,0.0,0.0,0.0,0.0,19,0.6316,7.21,0.0526,0.0,0.05,0.1187,1.578,0.537,0.3158,0.1053,3,7.33,0.0,1.0685,0.6667,0.3333,0,0,,,,,,,,,,,0,11.7,9.8,11.7,1.9,9.8,0.1218,7.2,2.6,0.0,0.95,1.0,0.05
00-0034955,Brett Rypien,QB,DEN,2020,2,2,20.0,2.5,0.0,0.0,0.0,0.0,40,0.675,7.38,0.05,0.1,0.0244,-0.0411,8.005,0.853,0.3,0.125,5,-1.0,0.0,-0.8784,0.0,0.0,0,0,,,,,,,,,,,0,11.3,14.9,11.3,-3.6,7.46,0.1159,15.4,-0.5,0.0,1.64,2.0,0.36
00-0030533,Matt Barkley,QB,BUF,2020,3,1,7.0,2.0,0.0,0.0,0.0,0.0,21,0.5238,9.38,0.0476,0.0476,0.0455,0.0065,-11.756,0.785,0.4286,0.1429,6,-1.0,0.0,-0.2526,0.0,0.0,0,0,,,,,,,,,,,0,9.3,9.0,9.3,0.3,2.98,0.0323,9.6,-0.6,0.0,0.66,1.0,0.34
00-0035146,Trace McSorley,QB,BAL,2020,2,2,5.0,2.5,0.0,0.0,0.0,0.0,10,0.3,9.0,0.1,0.0,0.0,0.2185,-33.696,1.011,0.2,0.1,5,3.4,0.0,0.0249,0.4,0.0,0,0,,,,,,,,,,,0,9.3,5.5,9.3,3.8,2.75,0.0515,2.5,3.0,0.0,0.04,1.0,0.96
00-0028118,Tyrod Taylor,QB,LAC,2020,1,1,30.0,6.0,0.0,0.0,0.0,0.0,30,0.5333,6.93,0.0,0.0,0.0625,-0.006,-2.469,0.621,0.3333,0.1,6,1.17,0.0,-1.0786,0.1667,0.0,0,0,,,,,,,,,,,0,9.0,18.5,9.0,-9.5,18.5,0.1083,15.0,3.5,0.0,1.84,0.0,-1.84
00-0033275,PJ Walker,QB,CAR,2020,4,3,14.0,1.25,0.25,0.0071,0.0064,0.0152,56,0.5714,6.57,0.0179,0.0893,0.0667,-0.3741,-5.094,0.631,0.3036,0.0893,5,-0.4,0.0,-0.4798,0.0,0.0,1,0,0.0,0.0,,6.0,0.0,,-0.4085,0.0,0.0,0.0,0,8.5,27.4,8.4,-19.0,6.85,0.1009,23.8,1.9,1.7,2.98,1.0,-1.98
00-0035752,Chris Streveler,QB,ARI,2020,2,1,8.0,2.0,0.0,0.0,0.0,0.0,16,0.6875,6.56,0.0625,0.0625,0.1111,-0.7455,-2.857,0.991,0.3125,0.0,4,3.75,0.0,0.2421,0.5,0.25,0,0,,,,,,,,,,,0,7.7,5.9,7.7,1.8,2.96,0.0444,4.9,1.1,0.0,0.27,1.0,0.73
00-0036384,Ben DiNucci,QB,DAL,2020,2,2,21.5,3.0,0.0,0.0,0.0,0.0,43,0.5349,5.09,0.0,0.0,0.14,-0.5516,-9.955,0.628,0.2558,0.0233,6,3.67,0.0,0.086,0.3333,0.1667,0,0,,,,,,,,,,,0,7.0,13.8,11.0,-2.8,6.9,0.1152,10.6,3.2,0.0,0.52,0.0,-0.52
00-0035993,Tyler Huntley,QB,BAL,2020,2,0,2.5,5.0,0.0,0.0,0.0,0.0,5,0.6,3.0,0.0,0.0,0.0,-0.7066,-0.618,0.242,0.0,0.0,10,2.3,0.0,-0.5943,0.1,0.1,0,0,,,,,,,,,,,0,2.9,6.9,2.8,-4.1,3.46,0.0431,3.0,3.9,0.0,0.49,0.0,-0.49
00-0029665,Robert Griffin III,QB,BAL,2020,4,4,3.5,3.0,0.0,0.0,0.0,0.0,14,0.5714,3.0,0.0,0.1429,0.1765,-1.1959,-8.575,0.341,0.0714,0.0,12,5.75,0.0,-0.1578,0.3333,0.1667,0,0,,,,,,,,,,,1,2.6,10.0,2.6,-7.4,2.5,0.0361,4.8,5.3,0.0,0.71,0.0,-0.71
00-0036433,Tommy Stevens,QB,CAR,2020,1,0,0.0,4.0,0.0,0.0,0.0,0.0,0,,,,,,,,,,,4,6.0,0.0,0.4328,0.5,0.25,0,0,,,,,,,,,,,0,2.4,2.2,2.4,0.2,2.2,0.0287,0.0,2.2,0.0,0.02,0.0,-0.02
00-0031503,Jameis Winston,QB,NO,2020,3,2,3.67,2.67,0.0,0.0,0.0,0.0,11,0.6364,6.82,0.0,0.0,0.1538,0.0615,-6.886,1.471,0.4545,0.0,8,-0.75,0.0,-0.3865,0.0,0.0,0,0,,,,,,,,,,,0,2.4,9.7,2.4,-7.3,3.22,0.0411,7.6,2.0,0.0,1.6,0.0,-1.6
00-0033949,Joshua Dobbs,QB,PIT,2020,1,0,5.0,2.0,0.0,0.0,0.0,0.0,5,0.8,0.4,0.0,0.0,0.0,-0.5246,17.833,,0.0,0.0,2,10.0,0.0,0.3306,0.5,0.5,0,0,,,,,,,,,,,0,2.1,4.4,2.1,-2.3,4.36,0.0554,3.0,1.4,0.0,0.58,0.0,-0.58
00-0026625,Brian Hoyer,QB,NE,2020,1,1,24.0,1.0,0.0,0.0,0.0,0.0,24,0.625,5.42,0.0,0.0417,0.0769,-0.3557,-1.337,0.663,0.3333,0.0417,1,8.0,0.0,1.7023,1.0,0.0,0,0,,,,,,,,,,,0,2.0,9.6,4.0,-5.6,9.64,0.1188,8.6,1.0,0.0,0.4,0.0,-0.4
00-0033958,Nathan Peterman,QB,LV,2020,1,1,5.0,1.0,0.0,0.0,0.0,0.0,5,0.6,5.0,0.0,0.0,0.2857,-0.5037,-20.998,2.778,0.2,0.0,1,9.0,0.0,1.3306,1.0,0.0,0,0,,,,,,,,,,,0,1.9,2.1,1.9,-0.2,2.12,0.0259,1.2,0.9,0.0,0.01,0.0,-0.01
00-0028986,Case Keenum,QB,CLE,2020,1,1,10.0,0.0,0.0,0.0,0.0,0.0,10,0.5,4.6,0.0,0.0,0.0,-0.4157,-19.234,1.704,0.2,0.1,0,,,,,,0,0,,,,,,,,,,,0,1.8,2.4,1.8,-0.5,2.37,0.0449,2.4,0.0,0.0,0.04,0.0,-0.04
00-0035040,David Blough,QB,DET,2020,1,0,10.0,1.0,0.0,0.0,0.0,0.0,10,0.6,4.9,0.0,0.1,0.0909,-0.8843,0.588,0.598,0.1,0.1,1,18.0,0.0,1.8705,1.0,1.0,0,0,,,,,,,,,,,0,1.8,4.1,1.8,-2.3,4.07,0.0761,3.3,0.8,0.0,0.29,0.0,-0.29
00-0034438,Logan Woodside,QB,TEN,2020,5,3,0.6,1.4,0.0,0.0,0.0,0.0,3,0.3333,2.33,0.0,0.0,0.0,0.5116,-36.259,0.412,0.3333,0.0,7,1.43,0.0,-0.5078,0.1429,0.1429,0,0,,,,,,,,,,,0,1.3,0.9,1.3,0.4,0.18,0.0024,0.9,0.0,0.0,0.03,0.0,-0.03
00-0030565,Geno Smith,QB,SEA,2020,1,1,5.0,2.0,0.0,0.0,0.0,0.0,5,0.8,6.6,0.0,0.0,0.1667,0.1065,9.432,1.32,0.6,0.0,2,-1.0,0.0,-1.5042,0.0,0.0,0,0,,,,,,,,,,,0,1.1,3.7,1.1,-2.6,3.7,0.0424,2.2,1.5,0.0,0.39,0.0,-0.39
00-0031288,AJ McCarron,QB,HOU,2020,1,0,1.0,0.0,0.0,0.0,0.0,0.0,1,1.0,20.0,0.0,0.0,0.5,-0.6245,46.14,1.111,1.0,1.0,0,,,,,,0,0,,,,,,,,,,,0,0.8,0.6,0.8,0.2,0.61,0.0062,0.6,0.0,0.0,0.04,0.0,-0.04
00-0030151,Tyler Bray,QB,CHI,2020,1,1,5.0,0.0,0.0,0.0,0.0,0.0,5,0.2,3.6,0.0,0.0,0.0,-0.2251,-32.68,0.419,0.2,0.0,0,,,,,,0,0,,,,,,,,,,,0,0.7,0.8,0.7,-0.1,0.83,0.0152,0.8,0.0,0.0,0.01,0.0,-0.01
00-0035282,Easton Stick,QB,LAC,2020,1,1,1.0,1.0,0.0,0.0,0.0,0.0,1,1.0,4.0,0.0,0.0,0.0,-0.239,21.721,,0.0,0.0,1,-2.0,0.0,-1.0789,0.0,0.0,0,0,,,,,,,,,,,0,-0.0,0.9,-0.0,-1.0,0.95,0.009,0.2,0.7,0.0,0.0,0.0,0.0
00-0022787,Matt Schaub,QB,ATL,2020,1,1,0.0,3.0,0.0,0.0,0.0,0.0,0,,,,,,,,,,,3,-1.33,0.0,0.0,0.0,0.0,0,0,,,,,,,,,,,0,-0.4,-0.3,-0.4,-0.1,-0.3,-0.0031,0.0,-0.3,0.0,0.0,0.0,0.0
00-0034177,Tim Boyle,QB,GB,2020,7,6,0.0,1.86,0.0,0.0,0.0,0.0,0,,,,,1.0,-2.0614,,,,,13,-0.69,0.0,-0.4856,0.0,0.0,0,0,,,,,,,,,,,0,-0.9,-1.3,-0.9,0.4,-0.19,-0.0022,0.0,-1.3,0.0,0.0,0.0,0.0
00-0032792,Nate Sudfeld,QB,PHI,2020,1,0,12.0,2.0,0.0,0.0,0.0,0.0,12,0.4167,2.67,0.0,0.0833,0.1429,-0.3375,-10.593,0.271,0.0833,0.0,2,6.0,0.0,-2.9878,0.5,0.5,0,0,,,,,,,,,,,1,-1.5,3.5,-1.5,-5.0,3.46,0.0479,2.5,1.0,0.0,0.05,0.0,-0.05
00-0033906,Alvin Kamara,RB,NO,2020,15,13,0.0,12.47,7.13,0.2167,0.0088,0.3313,0,,,,,,,,,,,187,4.98,0.0856,0.0483,0.3102,0.1444,107,83,0.7757,7.07,9.11,0.56,12.6,8.81,0.0763,0.0467,0.3271,0.1215,0,377.8,313.0,377.8,64.8,20.86,0.2613,0.0,140.1,172.8,13.97,21.0,7.03
00-0033893,Dalvin Cook,RB,MIN,2020,14,12,0.0,22.29,3.86,0.1331,-0.0583,0.1588,0,,,,,,,,,,,312,4.99,0.0513,0.0518,0.2917,0.1474,54,44,0.8148,6.69,8.2,-1.78,-3.76,9.95,-0.0388,0.0185,0.3148,0.0926,3,337.8,298.8,337.8,39.1,21.34,0.2753,0.0,217.9,80.8,15.05,17.0,1.95
00-0032764,Derrick Henry,RB,TEN,2020,16,13,0.0,23.62,1.94,0.0668,-0.0111,0.0924,0,,,,,,,,,,,378,5.36,0.045,0.0893,0.2593,0.127,31,19,0.6129,3.68,6.0,-0.94,-3.931,6.68,-0.2206,0.0,0.129,0.0323,2,333.1,296.5,333.1,36.6,18.53,0.2404,0.0,247.0,49.5,13.43,17.0,3.57
00-0035685,David Montgomery,RB,CHI,2020,15,12,0.0,16.47,4.53,0.1194,0.0129,0.1881,0,,,,,,,,,,,247,4.33,0.0324,-0.0365,0.2389,0.0972,68,54,0.7941,6.44,8.11,0.94,6.844,7.33,0.0513,0.0294,0.3676,0.1029,1,264.8,264.0,264.8,0.8,17.6,0.2148,0.0,157.5,106.5,11.06,10.0,-1.06
00-0033293,Aaron Jones,RB,GB,2020,14,11,0.0,14.36,4.5,0.1478,0.0143,0.2316,0,,,,,,,,,,,201,5.49,0.0448,0.0671,0.2587,0.1294,63,47,0.746,5.63,7.55,1.22,4.61,7.77,0.0909,0.0317,0.2381,0.0794,0,258.9,247.2,258.9,11.7,17.66,0.2209,0.0,134.5,112.7,11.45,11.0,-0.45
00-0036223,Jonathan Taylor,RB,IND,2020,15,12,0.0,15.47,2.6,0.0776,-0.0096,0.1098,0,,,,,,,,,,,232,5.04,0.0474,0.0645,0.2974,0.1509,39,36,0.9231,7.67,8.31,-1.13,-6.795,10.06,0.3394,0.0256,0.3077,0.1538,1,252.8,222.2,252.8,30.6,14.81,0.1877,0.0,164.2,57.9,11.32,12.0,0.68
00-0035831,James Robinson,RB,JAX,2020,14,13,0.0,17.14,4.29,0.1197,-0.0131,0.1704,0,,,,,1.0,-4.409,,,,,240,4.46,0.0292,-0.0513,0.225,0.1292,60,49,0.8167,5.73,7.02,-0.82,-7.02,7.82,0.1082,0.05,0.25,0.0833,0,250.4,223.0,252.4,29.4,15.93,0.2048,0.0,128.2,94.8,5.57,10.0,4.43
00-0035700,Josh Jacobs,RB,LV,2020,15,12,0.0,18.2,3.0,0.0947,0.0076,0.1474,0,,,,,,,,,,,273,3.9,0.044,-0.121,0.2234,0.1136,45,33,0.7333,5.29,7.21,0.73,7.212,7.21,0.0058,0.0,0.2,0.0667,2,231.3,248.4,231.3,-17.1,16.56,0.2054,0.0,178.4,70.0,12.18,12.0,-0.18
00-0033045,Ezekiel Elliott,RB,DAL,2020,15,13,0.0,16.27,4.73,0.1147,-0.0005,0.1716,0,,,,,,,,,,,244,4.01,0.0246,-0.1181,0.2541,0.0902,71,52,0.7324,4.76,6.5,-0.24,-19.882,6.92,-0.2443,0.0282,0.2817,0.0423,5,223.7,278.7,223.7,-55.0,18.58,0.2116,0.0,173.8,104.9,13.54,8.0,-5.54
00-0033923,Kareem Hunt,RB,CLE,2020,16,13,0.0,12.38,3.19,0.1074,0.0161,0.1724,0,,,,,,,,,,,198,4.25,0.0303,-0.0837,0.2222,0.1465,51,38,0.7451,5.96,8.0,1.39,4.282,7.37,0.1995,0.098,0.3725,0.0784,0,218.5,218.5,218.5,-0.0,13.66,0.1749,0.0,130.1,88.4,10.66,11.0,0.34
00-0034791,Nick Chubb,RB,CLE,2020,12,9,0.0,15.83,1.5,0.0473,0.0156,0.0818,0,,,,,,,,,,,190,5.62,0.0632,0.0892,0.2895,0.1789,18,16,0.8889,8.33,9.38,2.72,3.061,8.31,0.2699,0.0,0.3333,0.0556,1,207.7,161.2,207.5,46.3,13.44,0.1639,0.0,133.5,27.8,9.0,12.0,3.0
00-0032063,Mike Davis,RB,CAR,2020,14,12,0.0,11.79,5.0,0.1528,-0.0155,0.2184,0,,,,,,,,,,,165,3.89,0.0364,-0.118,0.2303,0.0848,70,59,0.8429,5.33,6.32,-0.56,-9.564,7.15,-0.0937,0.0286,0.2429,0.0857,1,206.5,218.8,206.5,-12.3,15.63,0.2098,0.0,107.4,111.4,9.55,8.0,-1.55
00-0036328,Antonio Gibson,RB,WAS,2020,14,12,0.0,12.14,3.14,0.0946,-0.0133,0.1325,0,,,,,,,,,,,170,4.68,0.0647,0.032,0.2353,0.1235,44,36,0.8182,5.61,6.86,-0.82,-6.861,8.36,-0.1542,0.0,0.2045,0.1136,2,202.2,178.7,202.2,23.5,12.77,0.1722,0.0,115.4,63.3,7.6,11.0,3.4
00-0032144,Melvin Gordon,RB,DEN,2020,15,12,0.0,14.33,2.93,0.0836,-0.0009,0.1248,0,,,,,,,,,,,215,4.59,0.0419,-0.0776,0.214,0.1209,44,32,0.7273,3.59,4.94,0.2,17.556,5.06,-0.4169,0.0227,0.1591,0.0455,4,198.4,189.3,198.4,9.1,12.62,0.1732,0.0,126.8,62.5,6.32,10.0,3.68
00-0034367,Nyheim Hines,RB,IND,2020,16,13,0.0,5.56,4.75,0.1412,0.012,0.2201,0,,,,,,,,,,,89,4.27,0.0337,-0.1165,0.2697,0.191,76,63,0.8289,6.34,7.65,0.68,9.269,7.46,0.1162,0.0526,0.3158,0.0658,0,193.2,183.8,191.2,7.4,11.49,0.1438,0.0,61.2,122.6,6.5,7.0,0.5
00-0033118,Kenyan Drake,RB,ARI,2020,15,12,0.0,15.93,2.07,0.0606,-0.0066,0.0862,0,,,,,,,,,,,239,4.0,0.0418,-0.0305,0.2469,0.1046,31,25,0.8065,4.42,5.48,-0.97,-4.567,6.6,-0.063,0.0,0.1613,0.0323,1,192.2,229.6,192.2,-37.4,15.31,0.1759,0.0,182.6,47.0,14.35,10.0,-4.35
00-0032602,J.D. McKissic,RB,WAS,2020,16,13,0.0,5.31,6.88,0.1832,0.0307,0.2962,0,,,,,,,,,,,85,4.29,0.0118,-0.0732,0.2941,0.1529,110,80,0.7273,5.35,7.36,1.69,3.167,6.29,-0.0863,0.0182,0.2909,0.0273,1,191.4,209.6,191.4,-18.2,13.1,0.1742,0.0,51.4,158.3,4.37,3.0,-1.37
00-0036275,D'Andre Swift,RB,DET,2020,13,10,0.0,8.77,4.38,0.1286,0.0137,0.2025,0,,,,,,,,,,,114,4.57,0.0702,-0.0535,0.2719,0.114,57,46,0.807,6.26,7.76,0.88,7.14,7.63,0.1645,0.0351,0.2632,0.1053,2,189.8,173.1,189.8,16.7,13.32,0.1675,0.0,81.6,91.5,7.64,10.0,2.36
00-0033594,Chris Carson,RB,SEA,2020,12,9,0.0,11.75,3.83,0.1181,0.0104,0.1845,0,,,,,,,,,,,141,4.83,0.0355,0.1195,0.305,0.1348,46,37,0.8043,6.24,7.76,1.33,4.705,6.95,-0.2895,0.087,0.3043,0.087,0,187.8,173.1,187.8,14.7,14.42,0.174,0.0,92.8,80.3,7.3,9.0,1.7
00-0034816,Ronald Jones,RB,TB,2020,14,13,0.0,13.71,3.0,0.0802,0.0086,0.1263,0,,,,,,,,,,,192,5.09,0.0365,0.0252,0.25,0.1094,42,28,0.6667,3.93,5.89,0.88,4.459,5.61,-0.5121,0.0238,0.0476,0.0238,2,186.3,186.4,186.3,-0.1,13.31,0.1566,0.0,118.0,68.3,7.72,8.0,0.28
00-0032187,David Johnson,RB,HOU,2020,12,9,0.0,12.25,3.83,0.1102,0.0446,0.1965,0,,,,,,,,,,,147,4.7,0.0408,-0.0249,0.2585,0.1224,46,33,0.7174,6.83,9.52,3.65,1.869,7.12,0.0291,0.0435,0.3478,0.1304,1,179.5,179.7,179.5,-0.2,14.97,0.1893,0.0,96.6,83.1,9.38,8.0,-1.38
00-0036360,Clyde Edwards-Helaire,RB,KC,2020,13,12,0.0,13.92,4.15,0.1129,0.0037,0.1719,0,,,,,,,,,,,181,4.44,0.0221,-0.0511,0.2155,0.116,54,36,0.6667,5.5,8.25,0.61,9.0,8.19,0.0399,0.0185,0.2222,0.1296,0,176.0,209.9,176.0,-33.9,16.15,0.175,0.0,119.5,90.4,8.69,5.0,-3.69
00-0035243,Miles Sanders,RB,PHI,2020,12,10,0.0,13.67,4.33,0.1237,0.0217,0.2008,0,,,,,,,,,,,164,5.29,0.0366,-0.0068,0.2378,0.0976,52,28,0.5385,3.79,7.04,1.83,2.074,7.54,-0.37,0.0,0.1538,0.0577,2,170.4,178.4,170.4,-8.0,14.86,0.1938,0.0,104.9,73.5,5.52,6.0,0.48
00-0036158,J.K. Dobbins,RB,BAL,2020,15,12,0.0,8.93,1.6,0.0599,-0.0042,0.0869,0,,,,,,,,,,,134,6.01,0.0672,0.2026,0.2836,0.1493,24,18,0.75,5.0,6.67,0.0,,7.17,0.0521,0.0,0.1667,0.0833,0,168.5,141.3,168.5,27.2,9.42,0.1284,0.0,100.7,40.6,6.8,9.0,2.2
00-0034681,Chase Edmonds,RB,ARI,2020,16,13,0.0,6.06,4.19,0.1223,0.0299,0.2044,0,,,,,,,,,,,97,4.62,0.0103,-0.0692,0.2268,0.1134,67,53,0.791,6.0,7.58,2.01,2.978,6.15,0.1356,0.0597,0.3134,0.0746,0,168.0,167.4,168.0,0.6,10.46,0.1216,0.0,56.9,110.5,4.82,5.0,0.18
00-0033699,Austin Ekeler,RB,LAC,2020,10,7,0.0,11.6,6.5,0.1578,-0.0265,0.2181,0,,,,,,,,,,,116,4.57,0.0086,-0.0851,0.2241,0.1293,65,54,0.8308,6.2,7.46,-1.2,-5.167,8.76,0.1958,0.0308,0.3077,0.0615,0,165.3,161.9,165.3,3.4,16.19,0.1971,0.0,64.2,97.8,4.09,3.0,-1.09
00-0033553,James Conner,RB,PIT,2020,13,11,0.0,13.0,3.31,0.0841,-0.003,0.1241,0,,,,,,,,,,,169,4.27,0.0355,0.0056,0.2485,0.1124,43,35,0.814,5.0,6.14,-0.16,-30.714,6.66,-0.0754,0.0,0.2326,0.0233,0,164.6,177.6,164.6,-13.0,13.66,0.1652,0.0,109.0,68.5,7.58,6.0,-1.58
00-0035311,Myles Gaskin,RB,MIA,2020,10,8,0.0,14.2,4.7,0.1505,0.0064,0.2302,0,,,,,,,,,,,142,4.11,0.0211,-0.1719,0.1901,0.0845,47,41,0.8723,8.26,9.46,0.21,38.8,9.46,0.3773,0.0426,0.2553,0.1064,2,164.2,162.8,164.2,1.4,16.28,0.2034,0.0,88.0,74.8,6.85,5.0,-1.85
00-0032241,Todd Gurley,RB,ATL,2020,15,12,0.0,13.0,2.33,0.0611,0.0139,0.1013,0,,,,,,,,,,,195,3.48,0.0462,-0.1015,0.2308,0.0821,35,25,0.7143,4.69,6.56,1.46,3.216,4.92,0.0353,0.0,0.2,0.0571,0,163.2,184.7,163.2,-21.5,12.32,0.1416,0.0,130.6,54.2,8.89,9.0,0.11
00-0030456,Giovani Bernard,RB,CIN,2020,16,13,0.0,7.75,3.69,0.0999,0.0197,0.1637,0,,,,,,,,,,,124,3.35,0.0242,-0.1637,0.1855,0.0726,59,47,0.7966,6.02,7.55,1.31,4.61,7.45,0.1058,0.0508,0.2542,0.1017,1,158.1,159.3,158.1,-1.2,9.96,0.1317,0.0,70.9,88.5,5.07,6.0,0.93
00-0035250,Devin Singletary,RB,BUF,2020,16,13,0.0,9.75,3.12,0.0891,0.0058,0.1377,0,,,,,,,,,,,156,4.4,0.0128,-0.0901,0.2564,0.1346,50,38,0.76,5.38,7.08,1.02,5.275,7.08,0.0098,0.0,0.16,0.04,1,143.6,175.9,143.6,-32.3,11.0,0.1255,0.0,98.6,77.4,5.86,2.0,-3.86
00-0034115,Jeff Wilson,RB,SF,2020,11,8,0.0,11.45,2.55,0.0734,0.0182,0.1229,0,,,,,,,,,,,126,4.76,0.0556,-0.0678,0.246,0.1349,28,13,0.4643,4.75,10.23,1.82,2.608,8.54,0.1429,0.1071,0.2857,0.1429,2,142.3,128.9,142.3,13.4,11.72,0.1526,0.0,84.9,44.0,6.87,10.0,3.13
00-0033950,Wayne Gallman,RB,NYG,2020,14,11,0.0,10.5,1.93,0.0626,0.0003,0.0942,0,,,,,,,,,,,147,4.64,0.0408,0.0157,0.2449,0.1088,27,21,0.7778,4.22,5.43,0.37,11.4,4.76,-0.0656,0.0,0.2222,0.0741,0,136.6,132.7,136.6,3.9,9.48,0.1392,0.0,93.6,39.1,5.86,6.0,0.14
00-0030513,Latavius Murray,RB,NO,2020,15,13,0.0,9.73,1.73,0.0558,-0.0106,0.0763,0,,,,,,,,,,,146,4.49,0.0274,0.0223,0.2466,0.0822,26,23,0.8846,6.77,7.65,-0.96,-7.04,8.61,0.1531,0.0385,0.3077,0.1154,0,136.2,122.7,136.2,13.5,8.18,0.1025,0.0,82.3,40.4,3.91,5.0,1.09
00-0033856,Leonard Fournette,RB,TB,2020,12,9,0.0,8.08,3.92,0.0992,0.001,0.1494,0,,,,,,,,,,,97,3.78,0.0619,-0.0111,0.2165,0.0619,47,36,0.766,4.96,6.47,0.15,33.286,6.53,-0.0393,0.0,0.1915,0.0426,0,132.0,143.2,132.0,-11.2,11.94,0.1314,0.0,67.3,75.9,6.21,6.0,-0.21
00-0035664,Darrell Henderson,RB,LA,2020,15,13,0.0,9.2,1.6,0.047,0.0025,0.0722,0,,,,,,,,,,,138,4.52,0.0362,0.0198,0.2899,0.1449,24,16,0.6667,6.62,9.94,0.67,9.938,10.0,-0.0303,0.0417,0.3333,0.125,0,130.3,140.8,129.9,-10.8,9.38,0.1126,0.0,97.9,42.9,8.51,6.0,-2.51
00-0034184,Gus Edwards,RB,BAL,2020,16,13,0.0,9.0,0.81,0.0317,0.009,0.0539,0,,,,,,,,,,,144,5.02,0.0417,0.124,0.3125,0.1111,13,9,0.6923,9.92,14.33,3.77,2.633,10.33,0.4529,0.0,0.3077,0.2308,1,128.2,125.6,128.2,2.6,7.85,0.1092,0.0,105.4,20.2,7.25,6.0,-1.25
00-0033948,Jamaal Williams,RB,GB,2020,14,12,0.0,8.5,2.5,0.0735,0.0037,0.1127,0,,,,,,,,,,,119,4.24,0.0168,0.0295,0.2437,0.0924,35,31,0.8857,6.74,7.61,0.54,12.421,7.06,0.1061,0.0286,0.3143,0.0571,0,127.1,141.3,127.1,-14.2,10.09,0.1239,0.0,83.0,58.3,6.2,3.0,-3.2
00-0031376,Jerick McKinnon,RB,SF,2020,14,11,0.0,5.79,3.29,0.0972,0.0464,0.1783,0,,,,,,,,,,,81,3.94,0.0617,-0.1289,0.1975,0.1111,46,33,0.7174,5.5,7.67,3.39,1.622,5.39,-0.228,0.0217,0.2609,0.0435,0,126.2,126.3,126.2,-0.1,9.02,0.1207,0.0,56.4,69.9,4.38,6.0,1.62
00-0025394,Adrian Peterson,RB,DET,2020,16,13,0.0,9.75,1.12,0.0305,-0.001,0.045,0,,,,,,,,,,,156,3.87,0.0449,-0.0778,0.2179,0.0833,18,12,0.6667,5.61,8.42,-0.33,-16.833,8.58,0.0957,0.0,0.2222,0.1111,0,124.5,137.1,124.5,-12.6,8.57,0.1075,0.0,109.1,27.9,7.98,7.0,-0.98
00-0035261,Tony Pollard,RB,DAL,2020,16,13,0.0,6.31,2.5,0.0694,-0.0026,0.1023,0,,,,,,,,,,,101,4.31,0.0396,-0.0251,0.2277,0.099,40,28,0.7,4.83,6.89,-0.35,-13.786,8.29,-0.1117,0.025,0.225,0.075,0,120.8,121.3,120.8,-0.5,7.58,0.087,0.0,57.1,64.2,3.52,5.0,1.48
00-0031062,James White,RB,NE,2020,14,11,0.0,2.5,4.43,0.1669,-0.0154,0.2396,0,,,,,,,,,,,35,3.46,0.0571,-0.1917,0.1714,0.0286,62,49,0.7903,6.05,7.65,-0.65,-9.375,8.39,-0.0003,0.0161,0.3226,0.0645,0,116.6,115.2,116.6,1.4,8.23,0.1286,0.0,24.8,90.4,2.54,3.0,0.46
00-0031806,Malcolm Brown,RB,LA,2020,16,13,0.0,6.31,2.06,0.0612,-0.0045,0.0887,0,,,,,,,,,,,101,4.15,0.0495,-0.112,0.2772,0.1188,33,23,0.697,4.91,7.04,-0.15,-32.4,7.74,-0.0878,0.0,0.2727,0.0606,1,109.1,127.3,109.1,-18.2,7.96,0.0951,0.0,77.0,50.3,6.13,5.0,-1.13
00-0030288,Rex Burkhead,RB,NE,2020,10,10,0.0,6.7,3.3,0.1212,0.0342,0.2057,0,,,,,,,,,,,67,4.09,0.0448,0.0614,0.2687,0.0896,33,25,0.7576,5.82,7.68,0.94,6.194,8.04,0.0248,0.0909,0.3333,0.1212,0,107.6,94.3,107.6,13.3,9.43,0.1325,0.0,42.7,51.6,3.79,6.0,2.21
00-0036414,Cam Akers,RB,LA,2020,11,9,0.0,13.18,1.27,0.039,0.0223,0.0742,0,,,,,,,,,,,145,4.31,0.0138,-0.224,0.1793,0.0828,14,11,0.7857,8.79,11.18,4.21,2.085,8.27,0.2568,0.0714,0.2857,0.2857,1,101.8,123.0,101.8,-21.2,11.18,0.1316,0.0,99.1,23.9,7.27,3.0,-4.27
00-0036251,Zack Moss,RB,BUF,2020,13,10,0.0,8.62,1.38,0.0386,0.0077,0.0634,0,,,,,,,,,,,112,4.29,0.0357,-0.0667,0.2679,0.1071,18,14,0.7778,5.28,6.79,1.78,2.969,6.21,0.0258,0.0556,0.2778,0.1111,0,101.6,106.1,101.6,-4.5,8.16,0.0943,0.0,75.7,30.4,5.87,5.0,-0.87
00-0023500,Frank Gore,RB,NYJ,2020,15,13,0.0,12.47,1.27,0.0421,0.0082,0.0689,0,,,,,,,,,,,187,3.49,0.0107,-0.2209,0.1711,0.0695,19,16,0.8421,4.68,5.56,1.79,2.618,4.56,0.0229,0.0,0.1579,0.0,1,100.2,128.1,100.2,-27.9,8.54,0.137,0.0,100.5,27.6,4.09,2.0,-2.09
00-0031687,Raheem Mostert,RB,SF,2020,8,7,0.0,13.0,2.38,0.0692,0.0079,0.1094,0,,,,,,,,,,,104,5.01,0.0192,-0.1022,0.2115,0.1058,19,16,0.8421,8.21,9.75,1.05,7.8,8.5,0.284,0.0526,0.2632,0.0526,1,99.7,89.3,99.7,10.4,11.16,0.1403,0.0,63.7,25.6,3.14,3.0,-0.14
00-0033897,Joe Mixon,RB,CIN,2020,6,6,0.0,19.83,4.33,0.1201,-0.0153,0.1695,0,,,,,,,,,,,119,3.6,0.0252,-0.1788,0.1681,0.0504,26,21,0.8077,5.31,6.57,-1.12,-4.759,8.14,0.1707,0.0385,0.1923,0.0769,1,99.6,111.3,99.6,-11.7,18.55,0.2151,0.0,70.9,40.4,4.43,4.0,-0.43
00-0034414,Boston Scott,RB,PHI,2020,16,13,0.0,5.0,2.25,0.0637,0.0202,0.1097,0,,,,,,,,,,,80,4.67,0.0125,-0.0582,0.2,0.1125,36,25,0.6944,5.89,8.48,2.64,2.232,7.24,-0.0131,0.0278,0.2222,0.0556,0,95.6,100.2,95.6,-4.6,6.26,0.0807,0.0,47.1,53.1,2.81,2.0,-0.81
00-0033567,Brian Hill,RB,ATL,2020,16,13,0.0,6.25,1.88,0.05,0.0075,0.0803,0,,,,,,,,,,,100,4.65,0.01,-0.1416,0.18,0.09,30,25,0.8333,6.63,7.96,1.27,5.237,6.48,0.1013,0.0,0.2333,0.1,1,95.4,98.3,95.4,-2.9,6.15,0.0702,0.0,52.3,46.0,1.64,1.0,-0.64
00-0034799,Kalen Ballage,RB,LAC,2020,11,8,0.0,8.27,3.36,0.0896,-0.0139,0.1247,0,,,,,,,,,,,91,3.33,0.033,-0.0516,0.2747,0.044,37,29,0.7838,4.49,5.72,-0.51,-8.737,7.34,-0.0969,0.0,0.1351,0.0541,0,93.9,119.5,93.9,-25.6,10.86,0.1329,0.0,63.7,55.8,5.15,3.0,-2.15
00-0035657,Damien Harris,RB,NE,2020,10,10,0.0,13.7,0.7,0.027,-0.0032,0.0382,0,,,,,,,,,,,137,5.04,0.0146,0.0443,0.219,0.146,7,5,0.7143,7.43,10.4,-0.43,-17.333,11.0,-1.3168,0.0,0.5714,0.0,0,91.3,88.2,91.3,3.0,8.82,0.1327,0.0,77.3,10.9,3.16,2.0,-1.16
00-0033280,Christian McCaffrey,RB,CAR,2020,3,3,0.0,19.67,6.33,0.1566,0.032,0.2574,0,,,,,,,,,,,59,3.81,0.0847,0.0667,0.2373,0.0678,19,17,0.8947,7.84,8.76,1.42,5.519,7.24,0.469,0.0526,0.4211,0.1053,0,90.4,69.6,90.1,20.5,23.19,0.2707,0.0,41.4,28.2,3.25,6.0,2.75
00-0034972,Alexander Mattison,RB,MIN,2020,13,11,0.0,7.38,1.15,0.0381,0.0106,0.0645,0,,,,,,,,,,,96,4.52,0.0208,-0.0755,0.25,0.125,15,13,0.8667,8.33,9.62,2.73,3.049,8.31,0.5397,0.0667,0.3333,0.0667,0,86.9,84.2,86.9,2.8,6.47,0.0834,0.0,60.9,23.3,3.6,3.0,-0.6
00-0032972,Devontae Booker,RB,LV,2020,15,12,0.0,6.2,1.4,0.0423,0.002,0.0648,0,,,,,,,,,,,93,4.55,0.0323,0.0315,0.2258,0.086,21,17,0.8095,4.0,4.94,0.33,12.0,4.76,-0.6479,0.0,0.0952,0.0476,0,85.7,81.8,85.7,3.9,5.45,0.0674,0.0,47.7,34.1,2.0,3.0,1.0
00-0031045,Carlos Hyde,RB,SEA,2020,10,8,0.0,8.1,2.0,0.0624,0.0272,0.1126,0,,,,,,,,,,,81,4.4,0.0494,0.0082,0.2469,0.1111,20,16,0.8,4.65,5.81,2.35,1.979,6.75,-0.0473,0.0,0.2,0.05,0,84.9,81.4,84.9,3.5,8.14,0.1002,0.0,53.0,28.4,2.99,4.0,1.01
00-0032257,Duke Johnson,RB,HOU,2020,11,11,0.0,7.0,3.18,0.0995,0.0195,0.1629,0,,,,,,,,,,,77,3.05,0.013,-0.3319,0.1429,0.0519,35,28,0.8,7.11,8.89,1.91,3.716,7.86,0.1267,0.0286,0.2286,0.0857,2,84.4,101.0,84.4,-16.6,9.18,0.119,0.0,43.3,57.7,2.64,2.0,-0.64
00-0036370,Joshua Kelley,RB,LAC,2020,13,12,0.0,8.54,1.77,0.0465,-0.0048,0.0664,0,,,,,,,,,,,111,3.19,0.018,-0.2715,0.1802,0.036,23,23,1.0,6.43,6.43,-1.09,-5.92,7.52,0.2735,0.0,0.3913,0.087,2,81.2,100.2,81.2,-19.0,7.71,0.0889,0.0,65.7,34.6,4.0,2.0,-2.0
00-0034845,Sony Michel,RB,NE,2020,8,5,0.0,9.88,1.12,0.0407,-0.0026,0.0593,0,,,,,,,,,,,79,5.68,0.0127,0.0661,0.2405,0.1519,9,7,0.7778,12.67,16.29,-0.22,-57.0,15.71,0.9723,0.1111,0.5556,0.3333,0,75.3,57.8,75.3,17.5,7.22,0.1057,0.0,44.4,13.4,1.7,2.0,0.3
00-0035217,Benny Snell,RB,PIT,2020,15,12,0.0,7.4,0.93,0.0227,-0.008,0.0284,0,,,,,,,,,,,111,3.32,0.036,-0.2693,0.2252,0.0721,14,10,0.7143,4.36,6.1,-1.93,-2.259,8.8,-0.3579,0.0,0.2143,0.0,1,74.9,117.9,74.9,-43.0,7.86,0.0919,0.0,94.0,23.9,9.48,4.0,-5.48
00-0030496,Le'Veon Bell,RB,KC,2020,11,9,0.0,7.45,1.82,0.0457,0.0054,0.0723,0,,,,,,,,,,,82,4.0,0.0244,-0.1931,0.2561,0.122,20,16,0.8,6.9,8.62,0.5,13.8,8.5,0.1856,0.0,0.35,0.1,0,74.6,82.7,67.4,-15.3,7.52,0.0852,0.0,48.9,33.8,2.85,1.0,-1.85
00-0034349,Kerryon Johnson,RB,DET,2020,14,12,0.0,3.71,1.86,0.0523,-0.0009,0.0777,0,,,,,,,,,,,52,3.48,0.0385,-0.1868,0.1731,0.0192,26,19,0.7308,7.19,9.84,-0.12,-62.333,9.63,0.0309,0.0385,0.4231,0.0385,1,71.8,71.2,71.8,0.6,5.08,0.0637,0.0,32.0,39.2,2.02,3.0,0.98
00-0030578,Cordarrelle Patterson,RB,CHI,2020,15,13,0.0,4.27,1.67,0.0462,0.0226,0.0851,0,,,,,,,,,,,64,3.62,0.0156,-0.1413,0.1875,0.0938,25,21,0.84,5.28,6.29,3.6,1.467,5.43,-0.0267,0.0,0.28,0.04,0,69.4,81.9,63.4,-18.5,5.46,0.0688,0.0,46.9,35.0,2.38,1.0,-1.38
00-0036020,Salvon Ahmed,RB,MIA,2020,6,3,0.0,12.5,2.33,0.0673,0.0051,0.1046,0,,,,,,,,,,,75,4.25,0.04,-0.0364,0.24,0.12,14,11,0.7857,4.36,5.55,-0.5,-8.714,6.45,-0.1557,0.0,0.1429,0.0,0,69.0,71.2,69.0,-2.2,11.87,0.1523,0.0,48.5,22.7,3.34,3.0,-0.34
00-0034109,Phillip Lindsay,RB,DEN,2020,11,10,0.0,10.73,1.27,0.0367,-0.0083,0.0493,0,,,,,,,,,,,118,4.25,0.0085,-0.1593,0.161,0.1102,14,7,0.5,2.0,4.0,-0.43,-4.667,5.57,-0.2989,0.0,0.0714,0.0,0,66.0,81.1,64.0,-17.1,7.37,0.1048,0.0,61.4,19.7,1.7,1.0,-0.7
00-0033526,Samaje Perine,RB,CIN,2020,11,8,0.0,5.73,1.09,0.0288,-0.0073,0.0381,0,,,,,,,,,,,63,4.78,0.0476,-0.0168,0.254,0.1429,12,11,0.9167,5.5,6.0,-1.75,-3.143,8.09,0.0504,0.0,0.3333,0.0,0,65.7,56.9,65.7,8.8,5.18,0.0725,0.0,38.2,18.7,2.38,3.0,0.62
00-0034440,Justin Jackson,RB,LAC,2020,8,6,0.0,7.38,3.0,0.083,-0.0212,0.1097,0,,,,,,,,,,,59,4.58,0.0,-0.0442,0.2542,0.1186,24,19,0.7917,7.21,9.11,-1.96,-3.681,11.63,0.2118,0.0,0.2917,0.0833,0,65.3,65.7,65.3,-0.4,8.21,0.101,0.0,29.1,36.5,0.56,0.0,-0.56
00-0035537,Ty Johnson,RB,NYJ,2020,10,7,0.0,5.4,2.1,0.0766,0.0132,0.1241,0,,,,,,,,,,,54,4.7,0.0185,0.0178,0.2037,0.0741,21,16,0.7619,4.71,6.19,2.52,1.868,8.06,-0.148,0.0476,0.2857,0.0476,0,63.3,64.7,63.3,-1.4,6.47,0.0988,0.0,36.3,28.4,2.26,2.0,-0.26
00-0034400,Jordan Wilkins,RB,IND,2020,12,12,0.0,7.0,1.33,0.0386,-0.0048,0.0545,0,,,,,,,,,,,84,3.67,0.0119,-0.2565,0.2024,0.0833,16,12,0.75,6.56,8.75,-0.81,-8.077,11.92,-0.055,0.0,0.1875,0.1875,0,61.3,75.5,61.3,-14.2,6.29,0.079,0.0,49.2,26.2,2.35,1.0,-1.35
00-0028087,Dion Lewis,RB,NYG,2020,16,13,0.0,1.81,1.88,0.0579,0.0181,0.0996,0,,,,,,,,,,,29,3.97,0.069,-0.1292,0.2759,0.1379,30,19,0.6333,4.23,6.68,2.3,1.841,4.21,-0.0278,0.0333,0.2667,0.0333,1,59.2,68.0,59.2,-8.8,4.25,0.0631,0.0,23.5,44.4,2.66,3.0,0.34
00-0034378,Ito Smith,RB,ATL,2020,14,11,0.0,4.5,1.86,0.0464,-0.0009,0.0689,0,,,,,,,,,,,63,4.25,0.0159,-0.0315,0.127,0.0635,26,17,0.6538,2.88,4.41,0.04,75.0,4.76,-0.462,0.0,0.1154,0.0385,0,57.3,81.4,57.3,-24.1,5.82,0.0657,0.0,36.2,45.2,3.13,1.0,-2.13
00-0036425,DeeJay Dallas,RB,SEA,2020,8,8,0.0,4.25,2.5,0.0681,0.0001,0.1023,0,,,,,,,,,,,34,3.18,0.0588,-0.1208,0.2647,0.0588,20,17,0.85,5.55,6.53,0.1,55.5,6.47,0.1217,0.05,0.25,0.0,0,56.9,65.1,56.9,-8.2,8.14,0.0903,0.0,30.8,34.3,3.91,3.0,-0.91
00-0032741,Peyton Barber,RB,WAS,2020,14,11,0.0,6.71,0.5,0.0135,-0.0006,0.0198,0,,,,,,,,,,,94,2.74,0.0426,-0.0578,0.2766,0.0532,7,4,0.5714,1.71,3.0,0.14,12.0,2.75,-0.3965,0.0,0.1429,0.0,0,55.0,74.4,55.0,-19.4,5.31,0.0685,0.0,64.4,10.0,4.69,4.0,-0.69
00-0034301,Darrel Williams,RB,KC,2020,13,10,0.0,3.0,2.0,0.051,-0.0076,0.0712,0,,,,,,,,,,,39,4.33,0.0256,0.0629,0.359,0.1538,26,18,0.6923,4.46,6.44,-0.85,-5.273,8.67,-0.0102,0.0,0.2308,0.0,0,54.5,63.3,54.5,-8.8,4.87,0.0529,0.0,19.8,43.5,1.02,1.0,-0.02
00-0027966,Mark Ingram,RB,BAL,2020,10,9,0.0,7.2,0.8,0.0329,0.0026,0.0511,0,,,,,,,,,,,72,4.15,0.0278,-0.0774,0.1944,0.0694,8,6,0.75,6.25,8.33,1.5,4.167,8.17,0.0053,0.0,0.25,0.25,0,52.9,62.0,52.9,-9.1,6.2,0.0859,0.0,47.8,14.2,2.96,2.0,-0.96
00-0036269,La'Mical Perine,RB,NYJ,2020,9,8,0.0,7.11,1.67,0.0621,0.0119,0.1014,0,,,,,,,,,,,64,3.62,0.0312,-0.1567,0.2812,0.0781,15,11,0.7333,4.2,5.73,1.73,2.423,6.09,0.0523,0.0,0.2,0.0,0,52.5,52.3,52.5,0.2,5.82,0.0928,0.0,31.7,20.6,0.92,2.0,1.08
00-0033025,Jalen Richard,RB,LV,2020,12,10,0.0,1.83,1.92,0.056,0.0167,0.0957,0,,,,,,,,,,,22,5.59,0.0455,0.2523,0.3182,0.1364,23,19,0.8261,6.0,7.26,2.13,2.816,5.11,-0.3881,0.0,0.2174,0.0435,0,51.1,49.2,51.1,1.9,4.1,0.05,0.0,13.9,35.2,0.93,1.0,0.07
00-0033955,Jeremy McNichols,RB,TEN,2020,15,13,0.0,3.13,1.13,0.0356,-0.0015,0.0524,0,,,,,,,,,,,47,4.34,0.0213,-0.154,0.1702,0.1277,17,12,0.7059,3.24,4.58,0.47,6.875,4.25,-0.3973,0.0,0.0,0.0,0,43.9,55.9,43.9,-12.0,3.73,0.0491,0.0,29.1,26.8,1.88,1.0,-0.88
00-0030404,Chris Thompson,RB,JAX,2020,6,6,0.0,1.17,3.83,0.0997,0.0333,0.1728,0,,,,,,,,,,,7,2.86,0.0,-0.2417,0.1429,0.0,23,20,0.8696,6.35,7.3,2.78,2.281,5.35,-0.0236,0.0435,0.2174,0.0,0,42.6,39.8,42.6,2.8,6.63,0.0825,0.0,4.5,35.3,0.72,1.0,0.28
00-0033308,Matt Breida,RB,MIA,2020,10,9,0.0,5.9,1.0,0.0267,-0.0006,0.0397,0,,,,,,,,,,,59,4.31,0.0,-0.0859,0.1864,0.0847,10,9,0.9,9.6,10.67,-0.1,-96.0,10.67,0.3388,0.0,0.5,0.2,1,42.0,45.0,42.0,-3.0,4.5,0.0594,0.0,29.2,15.7,0.62,0.0,-0.62
00-0029141,Alfred Morris,RB,NYG,2020,9,6,0.0,6.11,0.44,0.0156,0.001,0.0241,0,,,,,,,,,,,55,4.33,0.0182,0.0024,0.2364,0.1455,4,3,0.75,4.75,6.33,1.0,4.75,5.67,0.5621,0.25,0.5,0.0,0,40.7,34.2,40.7,6.5,3.8,0.0563,0.0,27.9,6.3,0.95,2.0,1.05
00-0036265,AJ Dillon,RB,GB,2020,9,6,0.0,5.11,0.22,0.0076,0.0028,0.0133,0,,,,,,,,,,,46,5.26,0.0435,0.2124,0.2391,0.1087,2,2,1.0,10.5,10.5,2.5,4.2,8.0,0.9089,0.0,0.5,0.5,0,40.3,28.4,40.3,11.9,3.15,0.039,0.0,25.1,3.2,0.73,2.0,1.27
00-0034838,Royce Freeman,RB,DEN,2020,11,8,0.0,3.18,1.18,0.0332,0.0058,0.0539,0,,,,,,,,,,,35,4.86,0.0,-0.0083,0.2857,0.1429,13,12,0.9231,6.23,6.75,1.69,3.682,5.25,0.2077,0.0,0.3077,0.0769,0,37.1,39.0,37.1,-1.9,3.55,0.0483,0.0,21.1,17.9,1.0,0.0,-1.0
00-0034457,Josh Adams,RB,NYJ,2020,6,5,0.0,4.83,1.33,0.0448,0.0005,0.0676,0,,,,,,,,,,,29,5.41,0.069,0.0101,0.3448,0.1724,8,6,0.75,3.62,4.83,0.12,29.0,4.0,0.2175,0.0,0.25,0.0,0,36.6,35.0,36.6,1.6,5.83,0.0983,0.0,24.4,10.5,2.1,2.0,-0.1
00-0035957,Rodney Smith,RB,CAR,2020,7,4,0.0,5.86,1.57,0.0479,0.0091,0.0782,0,,,,,,,,,,,41,3.8,0.0244,0.0505,0.3415,0.0732,11,9,0.8182,5.36,6.56,1.45,3.688,5.11,-0.1598,0.0,0.0909,0.0,0,36.5,40.1,36.5,-3.6,5.73,0.0768,0.0,23.9,16.2,1.17,1.0,-0.17
00-0031285,Devonta Freeman,RB,NYG,2020,5,5,0.0,10.8,2.0,0.0723,-0.0155,0.0976,0,,,,,,,,,,,54,3.19,0.0185,-0.1682,0.1667,0.037,10,7,0.7,5.8,8.29,-1.4,-4.143,10.0,0.1284,0.0,0.3,0.1,0,36.0,44.6,36.0,-8.6,8.92,0.1438,0.0,27.4,17.2,1.39,1.0,-0.39
00-0035148,Darwin Thompson,RB,KC,2020,5,4,0.0,5.4,2.2,0.0636,-0.0348,0.071,0,,,,,,,,,,,27,3.59,0.037,-0.2985,0.2593,0.1481,11,7,0.6364,5.91,9.29,-2.64,-2.241,12.57,0.0919,0.0909,0.2727,0.0909,1,33.2,32.9,33.2,0.3,6.59,0.0776,0.0,16.8,16.1,1.08,2.0,0.92
00-0035594,Travis Homer,RB,SEA,2020,9,9,0.0,2.78,1.11,0.0305,-0.0002,0.0456,0,,,,,,,,,,,25,3.52,0.0,-0.3957,0.08,0.12,10,9,0.9,9.0,10.0,0.2,45.0,10.22,0.3813,0.1,0.4,0.1,0,32.8,33.2,32.8,-0.4,3.69,0.0414,0.0,16.4,16.8,1.34,1.0,-0.34
00-0035806,JaMycal Hasty,RB,SF,2020,6,6,0.0,6.5,1.33,0.0392,-0.0176,0.0464,0,,,,,,,,,,,39,3.79,0.0256,0.0008,0.1795,0.0513,8,7,0.875,4.12,4.71,-2.38,-1.737,6.71,-0.2548,0.0,0.0,0.125,0,31.1,36.6,31.1,-5.5,6.1,0.0787,0.0,24.7,11.9,1.43,1.0,-0.43
00-0032780,Jordan Howard,RB,MIA,2020,7,6,0.0,5.0,0.14,0.0032,-0.0017,0.0036,0,,,,,,,,,,,35,1.71,0.1143,-0.1978,0.2,0.0286,1,1,1.0,-3.0,-3.0,-4.0,0.75,0.0,-1.0241,0.0,0.0,0.0,0,30.7,39.3,30.7,-8.6,5.62,0.0731,0.0,37.9,1.4,4.41,4.0,-0.41
00-0032104,Ameer Abdullah,RB,MIN,2020,6,4,0.0,1.33,1.5,0.0443,-0.0036,0.064,0,,,,,,,,,,,8,5.25,0.0,0.2374,0.5,0.125,9,8,0.8889,6.44,7.25,-0.56,-11.6,7.88,0.5067,0.2222,0.4444,0.2222,0,30.0,24.3,30.0,5.7,4.05,0.0446,0.0,4.9,19.5,1.43,2.0,0.57
00-0033854,Dare Ogunbowale,RB,JAX,2020,7,4,0.0,4.57,2.86,0.0771,0.0074,0.1208,0,,,,,,,,,,,32,4.53,0.0,-0.1235,0.1875,0.1562,20,10,0.5,2.7,5.4,0.85,3.176,6.3,-0.6998,0.0,0.2,0.0,0,29.9,43.6,29.9,-13.7,6.23,0.0834,0.0,15.8,27.9,0.47,0.0,-0.47
00-0027029,LeSean McCoy,RB,TB,2020,8,6,0.0,1.25,2.38,0.0674,0.0095,0.1078,0,,,,,,,,,,,10,3.1,0.0,-0.1929,0.2,0.2,19,15,0.7895,5.32,6.73,1.0,5.316,6.8,-0.0313,0.0,0.1579,0.0,0,28.2,34.6,28.2,-6.4,4.32,0.0517,0.0,5.2,29.4,0.62,0.0,-0.62
00-0032404,Tyler Ervin,RB,GB,2020,7,7,0.0,1.86,2.14,0.0658,-0.0046,0.0955,0,,,,,,,,,,,13,5.15,0.0,0.0211,0.3077,0.1538,15,11,0.7333,5.6,7.64,-1.0,-5.6,7.64,0.1906,0.0,0.4,0.0667,0,26.1,31.7,26.1,-5.6,4.52,0.0527,0.0,8.9,22.8,0.71,0.0,-0.71
00-0036245,Malcolm Perry,RB,MIA,2020,8,6,0.0,0.38,1.62,0.0486,0.0407,0.1013,0,,,,,,,,,,,3,1.67,0.0,-0.3112,0.3333,0.0,13,9,0.6923,7.08,10.22,8.77,0.807,3.67,0.3968,0.0769,0.3077,0.0769,0,24.7,21.1,24.7,3.6,2.64,0.0337,0.0,1.2,19.9,0.39,1.0,0.61
00-0036450,Ke'Shawn Vaughn,RB,TB,2020,6,4,0.0,4.33,1.67,0.0415,0.0113,0.0701,0,,,,,,,,,,,26,4.19,0.0,-0.0705,0.1923,0.1538,10,5,0.5,3.4,6.8,2.4,1.417,4.6,-0.3435,0.1,0.2,0.0,1,23.3,30.1,23.3,-6.8,5.01,0.059,0.0,13.6,16.5,0.86,1.0,0.14
00-0036336,Anthony McFarland,RB,PIT,2020,11,9,0.0,3.0,0.82,0.0209,0.0065,0.0359,0,,,,,,,,,,,33,3.42,0.0,-0.1534,0.1212,0.0606,9,6,0.6667,6.0,9.0,2.56,2.348,7.83,-0.2115,0.0,0.1111,0.1111,0,22.7,31.2,22.7,-8.5,2.84,0.0333,0.0,17.5,13.7,0.4,0.0,-0.4
00-0035342,Patrick Laird,RB,MIA,2020,9,8,0.0,1.44,1.33,0.0416,0.0182,0.0751,0,,,,,,,,,,,13,5.54,0.0,-0.0318,0.3077,0.1538,12,10,0.8333,5.67,6.8,2.58,2.194,4.0,-0.0164,0.0,0.25,0.0833,1,22.0,24.7,22.0,-2.7,2.75,0.0353,0.0,7.5,17.2,0.2,0.0,-0.2
00-0035291,Trayveon Williams,RB,CIN,2020,6,3,0.0,4.33,0.83,0.0277,-0.0114,0.0335,0,,,,,,,,,,,26,6.04,0.0,-0.5553,0.1923,0.0769,5,5,1.0,6.0,6.0,-2.2,-2.727,8.2,-0.0823,0.0,0.2,0.0,1,21.7,20.8,21.7,0.9,3.46,0.0569,0.0,13.4,7.4,0.19,0.0,-0.19
00-0036188,Antonio Williams,RB,BUF,2020,1,0,0.0,12.0,1.0,0.027,0.0089,0.0467,0,,,,,,,,,,,12,5.25,0.1667,0.186,0.3333,0.1667,1,1,1.0,20.0,20.0,4.0,5.0,16.0,1.4816,0.0,1.0,1.0,0,21.3,11.7,21.3,9.6,11.66,0.1393,0.0,9.8,1.9,0.87,2.0,1.13
00-0032426,Alex Collins,RB,SEA,2020,3,2,0.0,6.0,0.67,0.019,0.01,0.0356,0,,,,,,,,,,,18,4.28,0.1111,0.1095,0.2778,0.0556,2,1,0.5,2.0,4.0,5.5,0.364,1.0,-0.5382,0.0,0.0,0.0,0,21.1,13.9,21.1,7.2,4.65,0.055,0.0,11.3,2.6,0.67,2.0,1.33
00-0035628,D'Ernest Johnson,RB,CLE,2020,8,7,0.0,4.12,0.5,0.017,0.0004,0.0258,0,,,,,,,,,,,33,5.03,0.0,-0.0656,0.2121,0.1212,4,3,0.75,3.5,4.67,0.0,,4.0,-0.235,0.0,0.0,0.0,0,21.0,23.0,21.0,-2.0,2.87,0.0369,0.0,16.4,6.5,0.35,0.0,-0.35
00-0033725,Corey Clement,RB,PHI,2020,8,7,0.0,2.62,0.75,0.0229,-0.0033,0.0321,0,,,,,,,,,,,21,3.57,0.0476,-0.1186,0.1429,0.0,6,5,0.8333,4.17,5.0,-1.67,-2.5,6.4,-0.1375,0.0,0.3333,0.0,0,21.0,20.7,21.0,0.3,2.59,0.0334,0.0,12.3,8.4,0.59,1.0,0.41
00-0034597,Ryan Nall,RB,CHI,2020,6,5,0.0,0.5,1.5,0.0395,0.0112,0.0671,0,,,,,,,,,,,3,0.0,0.0,-0.4378,0.0,0.0,9,8,0.8889,7.44,8.38,2.22,3.35,5.88,0.6388,0.1111,0.5556,0.2222,0,20.7,14.1,20.7,6.6,2.35,0.0298,0.0,1.4,12.7,0.35,1.0,0.65
00-0033164,Troymaine Pope,RB,LAC,2020,4,4,0.0,3.75,2.5,0.057,-0.0138,0.0759,0,,,,,,,,,,,15,5.07,0.0,0.0482,0.2,0.1333,10,8,0.8,4.2,5.25,-1.6,-2.625,5.5,-0.3466,0.0,0.1,0.0,0,19.8,23.4,19.8,-3.6,5.85,0.0564,0.0,7.8,15.6,0.49,0.0,-0.49
00-0033556,Tarik Cohen,RB,CHI,2020,3,3,0.0,4.67,3.0,0.0712,0.0047,0.1101,0,,,,,,,,,,,14,5.29,0.0,0.13,0.2143,0.1429,9,6,0.6667,4.56,6.83,1.67,2.733,10.17,-0.0541,0.0,0.1111,0.1111,0,17.5,20.0,17.5,-2.5,6.67,0.0787,0.0,7.1,12.9,0.33,0.0,-0.33
00-0035726,Jakob Johnson,RB,NE,2020,7,6,0.0,0.0,1.29,0.0526,0.0179,0.0915,0,,,,,,,,,,,0,,,,,,9,8,0.8889,3.89,4.38,1.67,2.333,2.5,0.1849,0.1111,0.3333,0.0,0,17.5,15.7,17.5,1.8,2.25,0.0308,0.0,0.0,15.7,0.57,1.0,0.43
00-0033376,Patrick Ricard,RB,BAL,2020,8,7,0.0,0.12,1.5,0.0596,0.0015,0.0906,0,,,,,,,,,,,1,-1.0,0.0,-5.4246,0.0,0.0,12,9,0.75,3.75,5.0,0.08,45.0,5.0,0.1597,0.0833,0.25,0.0,1,17.4,24.4,17.4,-7.0,3.05,0.0405,0.0,0.7,23.7,1.44,1.0,-0.44
00-0032940,DeAndre Washington,RB,MIA,2020,4,4,0.0,7.75,2.5,0.0642,0.0153,0.107,0,,,,,,,,,,,31,2.94,0.0,-0.2517,0.0645,0.0323,10,5,0.5,3.0,6.0,2.6,1.154,4.6,0.2362,0.0,0.2,0.0,0,17.1,35.4,17.1,-18.3,8.85,0.1103,0.0,19.9,15.5,1.48,0.0,-1.48
00-0033925,D'Onta Foreman,RB,TEN,2020,5,5,0.0,4.4,0.2,0.0074,0.002,0.0125,0,,,,,,,,,,,22,4.32,0.0,-0.1206,0.2727,0.1364,1,1,1.0,5.0,5.0,2.0,2.5,3.0,1.0345,1.0,1.0,0.0,0,17.0,16.2,17.0,0.8,3.24,0.0483,0.0,11.7,4.5,0.75,1.0,0.25
00-0034578,Reggie Bonnafon,RB,CAR,2020,2,2,0.0,6.0,1.0,0.0278,-0.0044,0.0386,0,,,,,,,,,,,12,5.75,0.0,0.1346,0.3333,0.25,2,2,1.0,9.0,9.0,-1.0,-9.0,10.0,1.3858,0.5,1.0,0.0,0,16.7,11.1,16.7,5.6,5.54,0.0729,0.0,5.6,5.4,0.59,1.0,0.41
00-0034331,Jaylen Samuels,RB,PIT,2020,8,7,0.0,1.12,1.75,0.0442,-0.0012,0.0655,0,,,,,,,,,,,9,3.11,0.0,-0.2963,0.1111,0.0,14,9,0.6429,3.29,5.11,-0.21,-15.333,6.22,-0.2188,0.0,0.1429,0.0,0,16.4,25.0,16.4,-8.6,3.13,0.0396,0.0,5.2,19.8,0.25,0.0,-0.25
00-0032209,T.J. Yeldon,RB,BUF,2020,3,3,0.0,3.33,1.33,0.0326,0.0077,0.0543,0,,,,,,,,,,,10,7.0,0.0,0.4305,0.5,0.1,4,1,0.25,5.5,22.0,3.5,1.571,0.0,0.4706,0.25,0.25,0.25,0,16.2,13.3,16.2,2.9,4.42,0.048,0.0,6.3,6.9,0.67,1.0,0.33
00-0036297,Darrynton Evans,RB,TEN,2020,4,2,0.0,3.5,1.0,0.0392,-0.002,0.0574,0,,,,,,,,,,,14,3.86,0.0,-0.0593,0.1429,0.0,4,2,0.5,6.75,13.5,-0.5,-13.5,14.5,0.8773,0.25,0.5,0.25,0,16.1,22.6,16.1,-6.5,5.65,0.0713,0.0,12.9,9.7,2.04,1.0,-1.04
00-0034844,Saquon Barkley,RB,NYG,2020,2,2,0.0,9.5,4.5,0.1154,0.0733,0.2244,0,,,,,,,,,,,19,1.79,0.0,-0.4303,0.0526,0.0526,9,6,0.6667,6.67,10.0,3.78,1.765,9.17,0.4046,0.0,0.3333,0.1111,0,15.4,24.7,15.4,-9.3,12.34,0.1561,0.0,10.6,14.1,0.91,0.0,-0.91
00-0034208,Mike Boone,RB,MIN,2020,5,3,0.0,2.2,0.4,0.0114,-0.0048,0.0138,0,,,,,,,,,,,11,5.36,0.0909,-0.1264,0.1818,0.1818,2,2,1.0,5.0,5.0,-3.5,-1.429,8.5,-0.0852,0.0,0.0,0.0,0,14.9,21.3,14.9,-6.4,4.27,0.0459,0.0,17.8,3.5,2.49,1.0,-1.49
00-0035184,Devine Ozigbo,RB,JAX,2020,4,2,0.0,0.25,2.25,0.0593,-0.0009,0.0884,0,,,,,,,,,,,1,1.0,0.0,-0.391,0.0,0.0,9,9,1.0,4.67,4.67,0.33,14.0,4.33,-0.5639,0.0,0.3333,0.0,0,13.3,13.8,13.3,-0.5,3.45,0.0463,0.0,0.5,13.3,0.09,0.0,-0.09
00-0034975,Justice Hill,RB,BAL,2020,6,4,0.0,2.0,0.83,0.0396,-0.0086,0.0535,0,,,,,,,,,,,12,5.0,0.0,-0.0955,0.1667,0.1667,5,5,1.0,4.0,4.0,-1.4,-2.857,5.4,-0.6032,0.0,0.0,0.0,0,13.0,17.2,13.0,-4.2,2.87,0.0431,0.0,9.3,7.9,0.81,0.0,-0.81
00-0032393,C.J. Prosise,RB,HOU,2020,5,5,0.0,2.0,1.0,0.0341,-0.0057,0.0471,0,,,,,,,,,,,10,1.9,0.0,-0.8857,0.0,0.0,5,5,1.0,3.6,3.6,-1.6,-2.25,5.2,-0.1762,0.2,0.2,0.0,1,12.7,18.8,12.7,-6.0,3.75,0.0556,0.0,8.5,10.2,1.34,1.0,-0.34
00-0032058,Tevin Coleman,RB,SF,2020,6,4,0.0,4.67,0.83,0.0307,0.0139,0.0558,0,,,,,,,,,,,28,1.89,0.0,-0.3016,0.1071,0.0714,5,4,0.8,6.8,8.5,2.6,2.615,5.25,0.1956,0.0,0.4,0.2,0,12.7,25.3,12.7,-12.6,4.22,0.0535,0.0,17.2,8.1,0.96,0.0,-0.96
00-0036096,J.J. Taylor,RB,NE,2020,5,3,0.0,4.6,0.4,0.0177,-0.0126,0.0177,0,,,,,,,,,,,23,4.78,0.0,0.0871,0.2174,0.087,2,1,0.5,2.0,4.0,-3.5,-0.571,8.0,-0.4187,0.0,0.0,0.0,0,12.4,16.3,12.4,-3.9,3.26,0.0475,0.0,13.0,3.3,0.54,0.0,-0.54
00-0030107,Theo Riddick,RB,LV,2020,4,2,0.0,1.5,1.5,0.0411,0.0074,0.0669,0,,,,,,,,,,,6,2.33,0.0,-0.0867,0.1667,0.1667,6,5,0.8333,7.17,8.6,1.67,4.3,6.6,-0.0437,0.0,0.1667,0.0,0,10.7,12.3,10.7,-1.6,3.08,0.0342,0.0,3.2,9.1,0.28,0.0,-0.28
00-0036187,Reggie Gilliam,RB,BUF,2020,2,2,0.0,0.0,1.0,0.0265,0.0127,0.0486,0,,,,,,,,,,,0,,,,,,2,2,1.0,8.0,8.0,4.0,2.0,4.0,0.8127,0.5,1.0,0.0,0,9.6,6.3,9.6,3.3,3.13,0.0374,0.0,0.0,6.3,0.66,1.0,0.34
00-0036208,Artavis Pierce,RB,CHI,2020,3,1,0.0,2.0,0.0,0.0,0.0,0.0,0,,,,,,,,,,,6,5.67,0.1667,0.0978,0.3333,0.1667,0,0,,,,,,,,,,,0,9.4,5.0,9.4,4.4,1.65,0.0211,0.0,5.0,0.0,0.43,1.0,0.57
00-0033951,Marlon Mack,RB,IND,2020,1,1,0.0,4.0,3.0,0.0652,-0.0035,0.0954,0,,,,,,,,,,,4,6.5,0.0,0.2204,0.5,0.25,3,3,1.0,10.0,10.0,-0.33,-30.0,10.33,0.5282,0.0,0.3333,0.3333,0,8.6,6.6,8.6,2.0,6.61,0.0715,0.0,2.2,4.4,0.06,0.0,-0.06
00-0035924,Jonathan Ward,RB,ARI,2020,1,0,0.0,0.0,1.0,0.037,-0.0188,0.0424,0,,,,,,,,,,,0,,,,,,1,1,1.0,11.0,11.0,-4.0,-2.75,15.0,2.2005,1.0,1.0,0.0,0,8.1,2.0,8.1,6.1,1.98,0.0374,0.0,0.0,2.0,0.12,1.0,0.88
00-0034164,Trenton Cannon,RB,CAR,2020,5,5,0.0,2.0,0.6,0.0211,0.0023,0.0332,0,,,,,,,,,,,10,3.3,0.0,-0.2893,0.2,0.2,3,3,1.0,5.33,5.33,1.0,5.333,4.33,-0.5173,0.0,0.3333,0.3333,0,7.9,10.4,7.9,-2.5,2.08,0.0243,0.0,5.0,5.4,0.08,0.0,-0.08
00-0034449,Buddy Howell,RB,HOU,2020,2,1,0.0,8.0,1.0,0.037,0.0482,0.0893,0,,,,,,,,,,,16,4.0,0.0,-0.0328,0.125,0.0,2,1,0.5,1.5,3.0,9.5,0.158,7.0,-0.2343,0.0,0.0,0.0,0,7.7,11.2,7.7,-3.5,5.59,0.0744,0.0,8.1,3.0,0.15,0.0,-0.15
00-0033296,Alex Armah,RB,CAR,2020,12,9,0.0,0.5,0.75,0.0235,-0.0007,0.0348,0,,,,,,,,,,,6,1.5,0.0,-0.1058,0.8333,0.0,9,5,0.5556,2.0,3.6,0.22,9.0,4.0,-1.1111,0.0,0.1111,0.0,0,7.7,18.7,7.7,-11.0,1.55,0.0205,0.0,3.8,14.9,0.91,0.0,-0.91
00-0034253,Dontrell Hilliard,RB,CLE,2020,2,2,0.0,4.5,0.5,0.0192,0.0,0.0288,0,,,,,,,,,,,9,5.33,0.0,-0.1117,0.3333,0.2222,1,1,1.0,2.0,2.0,0.0,,2.0,2.0553,0.0,0.0,0.0,0,6.0,6.9,6.0,-0.9,3.46,0.0491,0.0,5.3,1.6,0.2,0.0,-0.2
00-0032975,Jonathan Williams,RB,DET,2020,1,1,0.0,1.0,4.0,0.0952,-0.0057,0.1388,0,,,,,,,,,,,1,5.0,0.0,-5.3706,0.0,0.0,4,4,1.0,5.25,5.25,-0.5,-10.5,5.75,0.06,0.0,0.5,0.0,1,4.6,6.4,4.6,-1.8,6.37,0.0648,0.0,0.4,5.9,0.01,0.0,-0.01
00-0035187,Austin Walter,RB,SF,2020,1,1,0.0,1.0,1.0,0.0256,-0.0227,0.0226,0,,,,,,,,,,,1,3.0,0.0,-0.2148,0.0,0.0,1,1,1.0,27.0,27.0,-6.0,-4.5,33.0,1.0316,0.0,1.0,1.0,0,4.0,2.0,4.0,2.0,1.96,0.026,0.0,0.6,1.4,0.01,0.0,-0.01
00-0034750,Rashaad Penny,RB,SEA,2020,3,0,0.0,3.67,0.0,0.0,0.0,0.0,0,,,,,,,,,,,11,3.09,0.0,-0.1605,0.0909,0.0,0,0,,,,,,,,,,,0,3.4,5.8,3.4,-2.4,1.93,0.0275,0.0,5.8,0.0,0.16,0.0,-0.16
00-0034432,Bo Scarbrough,RB,SEA,2020,1,1,0.0,6.0,0.0,0.0,0.0,0.0,0,,,,,,,,,,,6,5.17,0.0,0.0134,0.1667,0.1667,0,0,,,,,,,,,,,0,3.1,2.8,3.1,0.3,2.79,0.0424,0.0,2.8,0.0,0.03,0.0,-0.03
00-0036278,Jason Huntley,RB,PHI,2020,3,2,0.0,1.67,0.67,0.0196,-0.0012,0.0286,0,,,,,,,,,,,5,3.8,0.0,0.2002,0.2,0.2,2,1,0.5,0.0,0.0,-0.5,-0.0,1.0,-0.673,0.0,0.0,0.0,0,2.9,5.5,2.9,-2.6,1.83,0.0214,0.0,2.7,2.8,0.04,0.0,-0.04
00-0036069,Scottie Phillips,RB,HOU,2020,1,0,0.0,2.0,1.0,0.0263,0.0096,0.0462,0,,,,,,,,,,,2,4.5,0.0,-0.0043,0.0,0.0,1,1,1.0,7.0,7.0,3.0,2.333,4.0,0.603,0.0,0.0,0.0,0,2.6,2.7,2.6,-0.1,2.71,0.0317,0.0,1.0,1.7,0.07,0.0,-0.07
00-0035912,Levante Bellamy,RB,DEN,2020,2,0,0.0,2.0,0.5,0.0116,0.0,0.0174,0,,,,,,,,,,,4,2.75,0.0,-0.2397,0.0,0.0,1,1,1.0,5.0,5.0,0.0,,5.0,-0.8565,0.0,0.0,0.0,0,2.6,3.2,2.6,-0.6,1.6,0.0169,0.0,1.8,1.4,0.0,0.0,0.0
00-0029615,Lamar Miller,RB,CHI,2020,1,1,0.0,0.0,2.0,0.069,0.0087,0.1095,0,,,,,,,,,,,0,,,,,,2,2,1.0,3.0,3.0,1.0,3.0,2.0,-0.0209,0.0,0.5,0.0,0,2.6,2.9,2.6,-0.3,2.87,0.0525,0.0,0.0,2.9,0.01,0.0,-0.01
00-0036139,Rico Dowdle,RB,DAL,2020,2,1,0.0,3.5,0.0,0.0,0.0,0.0,0,,,,,,,,,,,7,3.43,0.0,-0.3582,0.1429,0.0,0,0,,,,,,,,,,,0,2.4,3.8,2.4,-1.4,1.89,0.0207,0.0,3.8,0.0,0.07,0.0,-0.07
00-0032577,D.J. Foster,RB,ARI,2020,2,1,0.0,1.0,0.5,0.0192,0.008,0.0344,0,,,,,,,,,,,2,1.0,0.0,-0.9769,0.0,0.0,1,1,1.0,7.0,7.0,4.0,1.75,3.0,0.6622,0.0,1.0,0.0,0,1.9,2.3,1.9,-0.4,1.17,0.0128,0.0,0.8,1.5,0.0,0.0,0.0
00-0035567,Craig Reynolds,RB,JAX,2020,1,0,0.0,1.0,1.0,0.0278,0.0042,0.0446,0,,,,,,,,,,,1,4.0,0.0,-0.1851,0.0,0.0,1,1,1.0,3.0,3.0,1.0,3.0,2.0,-1.1314,0.0,0.0,0.0,0,1.7,1.9,1.7,-0.2,1.87,0.0283,0.0,0.5,1.3,0.01,0.0,-0.01
00-0035304,Cullen Gillaspia,RB,HOU,2020,1,1,0.0,0.0,1.0,0.037,-0.007,0.0506,0,,,,,,,,,,,0,,,,,,1,1,1.0,6.0,6.0,-2.0,-3.0,8.0,-0.2235,0.0,0.0,0.0,0,1.6,1.5,1.6,0.1,1.52,0.0271,0.0,0.0,1.5,0.0,0.0,0.0
00-0032450,Dwayne Washington,RB,NO,2020,2,2,0.0,4.0,0.0,0.0,0.0,0.0,0,,,,,,,,,,,8,1.88,0.0,-0.4142,0.0,0.0,0,0,,,,,,,,,,,0,1.5,3.4,1.5,-1.9,1.71,0.0228,0.0,3.4,0.0,0.04,0.0,-0.04
00-0035860,Tony Jones,RB,NO,2020,1,0,0.0,3.0,0.0,0.0,0.0,0.0,0,,,,,,,,,,,3,4.33,0.0,0.1429,0.3333,0.0,0,0,,,,,,,,,,,0,1.3,1.4,1.3,-0.1,1.4,0.018,0.0,1.4,0.0,0.01,0.0,-0.01
00-0031209,Senorise Perry,RB,TEN,2020,1,1,0.0,2.0,0.0,0.0,0.0,0.0,0,,,,,,,,,,,2,4.5,0.0,0.1823,0.5,0.0,0,0,,,,,,,,,,,0,0.9,1.2,0.9,-0.3,1.18,0.0181,0.0,1.2,0.0,0.06,0.0,-0.06
00-0034995,Dexter Williams,RB,GB,2020,1,1,0.0,2.0,0.0,0.0,0.0,0.0,0,,,,,,,,,,,2,4.0,0.0,-0.1313,0.0,0.0,0,0,,,,,,,,,,,0,0.8,1.0,0.8,-0.2,1.02,0.0127,0.0,1.0,0.0,0.01,0.0,-0.01
00-0035551,Tony Brooks-James,RB,ATL,2020,1,1,0.0,3.0,0.0,0.0,0.0,0.0,0,,,,,,,,,,,3,1.33,0.0,-0.7989,0.0,0.0,0,0,,,,,,,,,,,0,0.4,1.5,0.4,-1.1,1.53,0.016,0.0,1.5,0.0,0.03,0.0,-0.03
00-0035273,Qadree Ollison,RB,ATL,2020,1,1,0.0,1.0,0.0,0.0,0.0,0.0,0,,,,,,,,,,,1,3.0,0.0,0.7339,1.0,0.0,0,0,,,,,,,,,,,0,0.3,0.4,0.3,-0.1,0.44,0.0057,0.0,0.4,0.0,0.0,0.0,0.0
00-0030465,Kenjon Barner,RB,TB,2020,1,1,0.0,0.0,1.0,0.0222,0.0069,0.0382,0,,,,,,,,,,,0,,,,,,1,0,0.0,0.0,,3.0,0.0,,1.091,0.0,0.0,0.0,0,0.0,0.8,0.0,-0.8,0.77,0.0081,0.0,0.0,0.8,0.0,0.0,0.0
00-0036000,Adrian Killins Jr.,RB,PHI,2020,1,1,0.0,1.0,1.0,0.0385,-0.0252,0.0401,0,,,,,,,,,,,1,-12.0,0.0,-1.775,0.0,0.0,1,1,1.0,2.0,2.0,-4.0,-0.5,6.0,-0.2689,0.0,0.0,0.0,0,0.0,1.9,0.0,-1.9,1.91,0.0354,0.0,0.5,1.5,0.02,0.0,-0.02
00-0028063,Taiwan Jones,RB,BUF,2020,2,1,0.0,0.0,1.0,0.0243,0.0548,0.0747,0,,,,,,,,,,,0,,,,,,2,0,0.0,0.0,,22.0,0.0,,-0.5137,0.0,0.0,0.0,0,0.0,4.8,0.0,-4.8,2.39,0.0247,0.0,0.0,4.8,0.52,0.0,-0.52
00-0030506,Travis Kelce,TE,KC,2020,15,13,0.13,0.0,9.67,0.2464,0.2465,0.5422,2,0.5,2.0,0.0,0.0,0.0,0.2265,-23.29,-2.0,0.5,0.0,0,,,,,,145,105,0.7241,9.77,13.49,8.57,1.139,5.59,0.5188,0.0759,0.5448,0.2414,1,312.8,276.1,312.8,36.7,18.41,0.1991,3.7,0.0,272.4,9.79,11.0,1.21
00-0031610,Darren Waller,TE,LV,2020,16,13,0.0,0.0,9.06,0.2785,0.2416,0.5868,0,,,,,,,,,,,0,,,,,,145,107,0.7379,8.25,11.18,7.78,1.06,5.35,0.3958,0.0621,0.4759,0.1517,2,278.6,268.3,278.6,10.3,16.77,0.2058,0.0,0.0,268.3,8.18,9.0,0.82
00-0031260,Logan Thomas,TE,WAS,2020,16,13,0.06,0.19,6.88,0.1933,0.2033,0.4323,1,1.0,28.0,0.0,0.0,0.0,1.8634,61.489,1.0,1.0,1.0,3,1.67,0.0,-0.1904,0.6667,0.0,110,72,0.6545,6.09,9.31,7.0,0.87,4.0,0.0619,0.0545,0.3273,0.0909,0,176.6,180.1,176.6,-3.5,11.26,0.1497,0.6,1.9,177.6,4.99,6.0,1.01
00-0033757,Robert Tonyan,TE,GB,2020,15,12,0.0,0.0,3.93,0.126,0.1198,0.2728,0,,,,,,,,,,,0,,,,,,59,52,0.8814,9.93,11.27,7.75,1.282,4.29,0.7423,0.1864,0.5593,0.2203,0,176.6,121.2,176.6,55.4,8.08,0.1025,0.0,0.0,121.2,6.18,11.0,4.82
00-0035229,T.J. Hockenson,TE,DET,2020,16,13,0.0,0.06,6.31,0.1777,0.1529,0.3736,0,,,,,,,,,,,1,0.0,0.0,-4.9929,0.0,0.0,101,67,0.6634,7.16,10.79,7.03,1.018,4.91,0.0979,0.0594,0.396,0.1287,1,175.3,191.8,175.3,-16.5,11.99,0.1504,0.0,1.1,190.7,7.31,6.0,-1.31
00-0034753,Mark Andrews,TE,BAL,2020,14,11,0.0,0.0,6.29,0.2487,0.272,0.5634,0,,,,,,,,,,,0,,,,,,88,58,0.6591,7.97,12.09,10.22,0.78,3.14,0.4174,0.0795,0.4205,0.1364,0,170.1,173.9,170.1,-3.8,12.42,0.1671,0.0,0.0,173.9,7.47,7.0,-0.47
00-0034829,Mike Gesicki,TE,MIA,2020,15,13,0.0,0.0,5.67,0.1617,0.2353,0.4073,0,,,,,,,,,,,0,,,,,,85,53,0.6235,8.27,13.26,11.06,0.748,3.15,0.2403,0.0706,0.4235,0.2235,0,159.3,162.7,159.3,-3.4,10.85,0.1361,0.0,0.0,162.7,6.43,6.0,-0.43
00-0033357,Taysom Hill,TE,NO,2020,16,13,7.56,5.44,0.75,0.0221,0.025,0.0506,121,0.7273,7.67,0.0331,0.0165,0.1037,0.0245,6.673,1.101,0.3719,0.1074,87,5.25,0.092,0.1543,0.3908,0.1609,12,8,0.6667,8.17,12.25,7.58,1.077,4.38,0.0296,0.0833,0.3333,0.25,3,156.6,170.7,160.6,-10.1,10.67,0.1338,55.1,92.1,23.6,15.3,13.0,-2.3
00-0027656,Rob Gronkowski,TE,TB,2020,16,13,0.0,0.0,4.81,0.1289,0.154,0.3012,0,,,,,,,,,,,0,,,,,,77,45,0.5844,8.09,13.84,10.97,0.737,5.47,0.3002,0.0909,0.3766,0.2208,0,149.3,165.0,149.3,-15.7,10.31,0.1183,0.0,0.0,165.0,8.98,7.0,-1.98
00-0035644,Noah Fant,TE,DEN,2020,14,11,0.0,0.0,6.64,0.2013,0.1648,0.4174,0,,,,,,,,,,,0,,,,,,93,62,0.6667,7.24,10.85,6.73,1.075,6.08,0.1247,0.0323,0.3656,0.1398,0,149.3,145.1,149.3,4.2,10.36,0.1414,0.0,0.0,145.1,2.84,3.0,0.16
00-0034830,Hayden Hurst,TE,ATL,2020,16,13,0.0,0.0,5.5,0.1482,0.1172,0.3044,0,,,,,,,,,,,0,,,,,,88,56,0.6364,6.49,10.2,6.75,0.961,4.38,0.1665,0.0682,0.3977,0.1136,0,149.1,165.3,149.1,-16.2,10.33,0.1181,0.0,0.0,165.3,4.99,6.0,1.01
00-0034383,Dalton Schultz,TE,DAL,2020,16,13,0.0,0.0,5.56,0.1458,0.1212,0.3035,0,,,,,,,,,,,0,,,,,,89,63,0.7079,6.91,9.76,6.56,1.053,4.43,0.147,0.0449,0.3708,0.0899,1,146.5,150.8,146.5,-4.3,9.43,0.1082,0.0,0.0,150.8,3.83,4.0,0.17
00-0033090,Hunter Henry,TE,LAC,2020,14,13,0.0,0.0,6.64,0.1785,0.1755,0.3906,0,,,,,,,,,,,0,,,,,,93,60,0.6452,6.59,10.22,7.97,0.827,3.77,0.1952,0.043,0.3763,0.1075,0,145.3,170.0,145.3,-24.7,12.15,0.14,0.0,0.0,170.0,5.56,4.0,-1.56
00-0027696,Jimmy Graham,TE,CHI,2020,16,13,0.0,0.0,4.75,0.1245,0.1043,0.2599,0,,,,,,,,,,,0,,,,,,76,50,0.6579,6.0,9.12,6.83,0.879,3.96,0.1043,0.1053,0.4211,0.1053,0,143.6,144.2,143.6,-0.6,9.01,0.1123,0.0,0.0,144.2,7.44,8.0,0.56
00-0031387,Eric Ebron,TE,PIT,2020,15,13,0.0,0.0,6.07,0.1467,0.162,0.3334,0,,,,,,,,,,,0,,,,,,91,56,0.6154,6.13,9.96,7.23,0.848,3.43,0.0289,0.0549,0.3297,0.1209,1,141.8,161.9,141.8,-20.1,10.79,0.1281,0.0,0.0,161.9,5.7,5.0,-0.7
00-0033881,Evan Engram,TE,NYG,2020,16,13,0.0,0.38,6.81,0.2155,0.2001,0.4633,0,,,,,,,,,,,6,4.33,0.1667,0.177,0.1667,0.0,109,63,0.578,6.0,10.38,7.2,0.833,4.56,-0.1981,0.0092,0.2936,0.0917,1,141.0,181.6,141.0,-40.6,11.35,0.1687,0.0,8.0,173.6,3.77,2.0,-1.77
00-0033858,Jonnu Smith,TE,TEN,2020,14,11,0.0,0.14,4.64,0.1618,0.1066,0.3173,0,,,,,,,,,,,2,2.0,0.5,-0.1071,0.5,0.0,65,41,0.6308,6.89,10.93,5.54,1.244,5.8,0.2422,0.1231,0.3846,0.1231,0,140.2,135.1,140.2,5.1,9.65,0.1264,0.0,4.2,130.9,7.13,9.0,1.87
00-0033110,Tyler Higbee,TE,LA,2020,15,12,0.0,0.07,4.0,0.1152,0.1381,0.2694,0,,,,,,,,,,,1,1.0,0.0,-0.688,0.0,0.0,60,44,0.7333,8.68,11.84,7.98,1.088,5.41,0.5878,0.0833,0.45,0.2,0,128.2,111.0,128.2,17.2,7.4,0.0885,0.0,0.8,110.2,3.31,5.0,1.69
00-0027061,Jared Cook,TE,NO,2020,15,12,0.0,0.0,4.0,0.125,0.2377,0.3539,0,,,,,,,,,,,0,,,,,,60,37,0.6167,8.4,13.62,11.45,0.734,3.35,0.476,0.1167,0.45,0.2,1,127.4,117.3,127.4,10.1,7.82,0.0985,0.0,0.0,117.3,4.96,7.0,2.04
00-0033288,George Kittle,TE,SF,2020,8,6,0.0,0.25,7.88,0.2423,0.2708,0.553,0,,,,,,,,,,,2,8.5,0.0,0.6251,0.5,0.0,63,48,0.7619,10.06,13.21,7.3,1.378,6.19,0.5748,0.0317,0.5079,0.1905,0,125.1,107.2,125.1,17.9,13.4,0.1833,0.0,1.9,105.3,1.64,2.0,0.36
00-0034351,Dallas Goedert,TE,PHI,2020,11,9,0.0,0.0,5.91,0.1683,0.1593,0.3639,0,,,,,,,,,,,0,,,,,,65,46,0.7077,8.06,11.39,8.62,0.936,4.39,0.2289,0.0462,0.4308,0.1692,0,116.4,108.0,116.4,8.4,9.82,0.1264,0.0,0.0,108.0,2.79,3.0,0.21
00-0032392,Austin Hooper,TE,CLE,2020,13,10,0.0,0.0,5.38,0.185,0.1239,0.3642,0,,,,,,,,,,,0,,,,,,70,46,0.6571,6.21,9.46,6.51,0.954,3.67,0.3207,0.0571,0.3857,0.1,0,113.5,129.5,113.5,-16.0,9.96,0.1255,0.0,0.0,129.5,4.73,4.0,-0.73
00-0034970,Irv Smith,TE,MIN,2020,12,9,0.0,0.0,3.58,0.1202,0.1378,0.2767,0,,,,,,,,,,,0,,,,,,43,30,0.6977,8.49,12.17,8.05,1.055,4.2,0.6708,0.1163,0.5116,0.1628,0,98.5,93.3,98.5,5.2,7.77,0.0989,0.0,0.0,93.3,4.86,5.0,0.14
00-0034011,Dan Arnold,TE,ARI,2020,14,11,0.0,0.0,3.21,0.0926,0.142,0.2383,0,,,,,,,,,,,0,,,,,,45,31,0.6889,9.73,14.13,12.56,0.775,5.58,0.5709,0.0889,0.5333,0.2444,1,96.8,86.1,96.8,10.7,6.15,0.0709,0.0,0.0,86.1,2.34,4.0,1.66
00-0033895,Gerald Everett,TE,LA,2020,15,12,0.0,0.07,4.13,0.1132,0.1017,0.2409,0,,,,,,,,,,,1,2.0,1.0,0.8794,1.0,0.0,62,41,0.6613,6.73,10.17,6.21,1.083,5.93,-0.0235,0.0161,0.3871,0.1613,1,92.9,104.4,92.9,-11.5,6.96,0.0829,0.0,4.3,100.1,2.54,2.0,-0.54
00-0034364,Jordan Akins,TE,HOU,2020,13,10,0.0,0.08,3.77,0.118,0.0974,0.2451,0,,,,,,,,,,,1,4.0,0.0,0.7528,1.0,0.0,49,37,0.7551,8.22,10.89,7.53,1.092,4.65,0.3298,0.0204,0.4082,0.1633,0,83.7,86.7,83.7,-3.0,6.67,0.0901,0.0,0.3,86.4,3.04,1.0,-2.04
00-0033455,Anthony Firkser,TE,TEN,2020,15,12,0.0,0.0,3.53,0.1194,0.1035,0.2515,0,,,,,,,,,,,0,,,,,,53,39,0.7358,7.3,9.92,7.0,1.043,3.67,0.3558,0.0189,0.4906,0.0943,0,83.7,91.0,83.7,-7.3,6.07,0.0798,0.0,0.0,91.0,2.45,1.0,-1.45
00-0030710,Trey Burton,TE,IND,2020,11,9,0.0,0.18,4.27,0.1225,0.1155,0.2646,0,,,,,,,,,,,2,1.5,1.0,0.8922,1.0,0.0,47,28,0.5957,5.32,8.93,7.26,0.733,3.11,-0.0834,0.0638,0.2979,0.0638,0,83.3,91.3,83.3,-8.0,8.3,0.1028,0.0,7.9,83.3,4.13,5.0,0.87
00-0030549,Tyler Eifert,TE,JAX,2020,14,11,0.0,0.0,4.29,0.1164,0.1179,0.2572,0,,,,,,,,,,,0,,,,,,60,36,0.6,5.82,9.69,8.38,0.694,2.83,-0.0209,0.0333,0.3667,0.0833,0,82.9,105.0,82.9,-22.1,7.5,0.0972,0.0,0.0,105.0,3.66,2.0,-1.66
00-0033217,Mo Alie-Cox,TE,IND,2020,14,12,0.0,0.0,2.79,0.0875,0.0858,0.1913,0,,,,,,,,,,,0,,,,,,39,31,0.7949,10.1,12.71,6.77,1.492,5.87,0.327,0.0513,0.4872,0.2308,1,80.4,70.0,80.4,10.4,5.0,0.063,0.0,0.0,70.0,1.78,2.0,0.22
00-0035631,Drew Sample,TE,CIN,2020,16,13,0.0,0.0,3.31,0.0966,0.049,0.1792,0,,,,,,,,,,,0,,,,,,53,40,0.7547,6.58,8.72,4.19,1.572,4.95,0.0446,0.0189,0.3019,0.0943,1,78.9,84.8,78.9,-5.8,5.3,0.07,0.0,0.0,84.8,2.34,1.0,-1.34
00-0030061,Zach Ertz,TE,PHI,2020,11,8,0.0,0.0,6.55,0.1857,0.1396,0.3763,0,,,,,,,,,,,0,,,,,,72,36,0.5,4.65,9.31,7.44,0.625,2.44,-0.2529,0.0139,0.2222,0.0694,0,77.5,118.8,77.5,-41.3,10.8,0.1382,0.0,0.3,118.5,2.29,1.0,-1.29
00-0029738,Darren Fells,TE,HOU,2020,12,11,0.0,0.0,2.33,0.0709,0.0521,0.1428,0,,,,,,,,,,,0,,,,,,28,21,0.75,11.14,14.86,7.11,1.568,8.43,0.8132,0.1429,0.5714,0.25,0,76.2,51.4,76.2,24.8,4.29,0.0581,0.0,0.0,51.4,1.76,4.0,2.24
00-0035624,N'Keal Harry,TE,NE,2020,13,10,0.0,0.15,4.38,0.1606,0.1974,0.3791,0,,,,,,,,,,,2,0.0,0.0,-0.6074,0.0,0.0,57,33,0.5789,5.42,9.36,8.02,0.676,3.18,-0.1014,0.0351,0.2632,0.0526,1,73.9,100.6,73.9,-26.7,7.74,0.1151,0.0,1.6,99.0,2.95,2.0,-0.95
00-0034766,Chris Herndon,TE,NYJ,2020,11,8,0.0,0.0,4.09,0.1347,0.1206,0.2865,0,,,,,,,,,,,0,,,,,,45,31,0.6889,6.38,9.26,6.84,0.932,4.13,0.017,0.0667,0.3778,0.0889,2,73.7,74.2,73.7,-0.5,6.75,0.1052,0.0,0.0,74.2,2.22,3.0,0.78
00-0030472,Jordan Reed,TE,SF,2020,10,8,0.0,0.0,4.6,0.1353,0.1742,0.3248,0,,,,,,,,,,,0,,,,,,46,26,0.5652,5.02,8.88,8.04,0.624,3.23,0.0941,0.087,0.3478,0.0652,0,73.1,80.2,73.1,-7.1,8.02,0.1031,0.0,0.0,80.2,2.76,4.0,1.24
00-0031384,Richard Rodgers,TE,PHI,2020,8,8,0.0,0.0,3.88,0.105,0.1276,0.2467,0,,,,,,,,,,,0,,,,,,31,24,0.7742,11.13,14.38,9.84,1.131,3.96,0.697,0.0645,0.5161,0.3871,0,70.5,52.2,70.5,18.3,6.53,0.0831,0.0,0.0,52.2,1.04,2.0,0.96
00-0031273,Cameron Brate,TE,TB,2020,13,10,0.0,0.0,2.62,0.0661,0.0597,0.141,0,,,,,,,,,,,0,,,,,,34,28,0.8235,8.29,10.07,8.56,0.969,2.54,0.6889,0.0588,0.5,0.1471,0,68.2,61.5,68.2,6.7,4.73,0.0529,0.0,0.0,61.5,1.71,2.0,0.29
00-0035689,Dawson Knox,TE,BUF,2020,11,8,0.0,0.0,4.0,0.1041,0.0826,0.2139,0,,,,,,,,,,,0,,,,,,44,24,0.5455,6.55,12.0,8.18,0.8,6.67,-0.004,0.0682,0.3182,0.1136,2,66.8,89.3,66.8,-22.5,8.12,0.0889,0.0,0.0,89.3,4.04,3.0,-1.04
00-0033387,Jacob Hollister,TE,SEA,2020,13,10,0.0,0.0,3.08,0.0913,0.0629,0.181,0,,,,,,,,,,,0,,,,,,40,25,0.625,5.22,8.36,5.92,0.882,3.2,0.1669,0.075,0.35,0.1,0,65.9,78.8,65.9,-12.9,6.06,0.0713,0.0,0.0,78.8,3.48,3.0,-0.48
00-0027981,Kyle Rudolph,TE,MIN,2020,12,12,0.0,0.0,3.08,0.1064,0.0761,0.2129,0,,,,,,,,,,,0,,,,,,37,28,0.7568,9.03,11.93,7.05,1.28,5.86,0.2088,0.027,0.4324,0.2162,1,65.4,68.1,65.4,-2.7,5.68,0.0747,0.0,0.0,68.1,1.89,1.0,-0.89
00-0030181,Jack Doyle,TE,IND,2020,13,10,0.0,0.0,2.54,0.0753,0.0618,0.1562,0,,,,,,,,,,,0,,,,,,33,23,0.697,7.61,10.91,6.94,1.096,3.96,0.3639,0.0909,0.3939,0.1515,1,64.1,63.9,64.1,0.2,4.92,0.0612,0.0,0.0,63.9,2.55,3.0,0.45
00-0036290,Cole Kmet,TE,CHI,2020,13,10,0.0,0.08,3.38,0.0979,0.0821,0.2044,0,,,,,,,,,,,1,-3.0,0.0,-1.0227,0.0,0.0,44,28,0.6364,5.52,8.68,6.55,0.844,4.86,-0.0154,0.0455,0.2727,0.0455,1,62.0,81.3,62.0,-19.3,6.25,0.0726,0.0,4.2,77.0,2.85,2.0,-0.85
00-0036232,Harrison Bryant,TE,CLE,2020,12,10,0.0,0.0,3.17,0.1013,0.0806,0.2085,0,,,,,,,,,,,0,,,,,,38,24,0.6316,6.26,9.92,7.74,0.81,4.88,-0.2699,0.0789,0.3684,0.0526,2,61.8,72.9,61.8,-11.1,6.08,0.077,0.0,0.0,72.9,3.04,3.0,-0.04
00-0034159,Will Dissly,TE,SEA,2020,14,12,0.0,0.0,2.07,0.0589,0.0281,0.108,0,,,,,,,,,,,0,,,,,,29,24,0.8276,8.66,10.46,4.76,1.819,7.04,0.2036,0.069,0.4138,0.2069,0,61.1,55.6,61.1,5.5,3.97,0.0466,0.0,0.0,55.6,2.08,2.0,-0.08
00-0034798,Durham Smythe,TE,MIA,2020,13,10,0.0,0.0,2.23,0.0698,0.0376,0.131,0,,,,,,,,,,,0,,,,,,29,26,0.8966,7.17,8.0,3.93,1.825,4.69,0.4834,0.069,0.4483,0.069,0,58.8,54.9,58.8,3.9,4.22,0.0536,0.0,0.0,54.9,2.37,2.0,-0.37
00-0031951,James O'Shaughnessy,TE,JAX,2020,15,12,0.0,0.0,2.53,0.0696,0.0559,0.1435,0,,,,,,,,,,,0,,,,,,38,28,0.7368,6.89,9.36,7.21,0.956,3.36,0.2447,0.0,0.3158,0.0789,0,54.2,62.3,54.2,-8.1,4.15,0.0536,0.0,0.0,62.3,0.36,0.0,-0.36
00-0025418,Greg Olsen,TE,SEA,2020,11,10,0.0,0.0,3.36,0.0967,0.0807,0.2015,0,,,,,,,,,,,0,,,,,,37,24,0.6486,6.46,9.96,7.81,0.827,2.04,0.0575,0.027,0.4324,0.1081,0,53.9,72.3,53.9,-18.4,6.57,0.0773,0.0,0.0,72.3,3.35,1.0,-2.35
00-0033885,David Njoku,TE,CLE,2020,11,8,0.0,0.0,2.64,0.0853,0.0674,0.1751,0,,,,,,,,,,,0,,,,,,29,19,0.6552,7.34,11.21,7.45,0.986,4.58,0.3925,0.069,0.4483,0.2069,0,52.3,57.4,52.3,-5.1,5.21,0.0656,0.0,0.0,57.4,2.86,2.0,-0.86
00-0034073,Ross Dwelley,TE,SF,2020,10,8,0.0,0.0,2.4,0.0652,0.0714,0.1478,0,,,,,,,,,,,0,,,,,,24,19,0.7917,10.21,12.89,7.58,1.346,5.63,0.6887,0.0417,0.4167,0.25,0,49.5,39.8,49.5,9.7,3.98,0.0492,0.0,0.0,39.8,0.81,1.0,0.19
00-0033896,Adam Shaheen,TE,MIA,2020,13,10,0.0,0.0,1.69,0.0488,0.0299,0.0942,0,,,,,,,,,,,0,,,,,,22,12,0.5455,6.82,12.5,4.32,1.579,8.75,0.3057,0.1364,0.4091,0.1818,0,45.0,50.2,45.0,-5.2,3.86,0.0471,0.0,0.0,50.2,3.41,3.0,-0.41
00-0034270,Tyler Conklin,TE,MIN,2020,7,4,0.0,0.0,3.71,0.1037,0.0617,0.1988,0,,,,,,,,,,,0,,,,,,26,19,0.7308,7.46,10.21,4.38,1.702,6.63,0.3048,0.0385,0.4231,0.1154,0,44.4,42.5,44.4,1.9,6.07,0.0657,0.0,0.0,42.5,0.54,1.0,0.46
00-0035329,Donald Parham,TE,LAC,2020,10,7,0.0,0.0,2.0,0.0552,0.0668,0.1295,0,,,,,,,,,,,0,,,,,,20,10,0.5,7.95,15.9,8.75,0.909,5.6,0.129,0.15,0.4,0.25,0,43.9,43.8,43.9,0.1,4.38,0.052,0.0,0.0,43.8,3.05,3.0,-0.05
00-0033439,Pharaoh Brown,TE,HOU,2020,8,5,0.0,0.0,2.0,0.0564,0.052,0.121,0,,,,,,,,,,,0,,,,,,16,14,0.875,10.19,11.64,7.94,1.283,5.43,0.6826,0.125,0.5625,0.25,0,42.3,30.2,42.3,12.1,3.78,0.0461,0.0,0.0,30.2,1.08,2.0,0.92
00-0032214,Tyler Kroft,TE,BUF,2020,6,6,0.0,0.0,2.67,0.0849,0.073,0.1785,0,,,,,,,,,,,0,,,,,,16,12,0.75,7.44,9.92,7.56,0.983,3.67,0.5342,0.1875,0.5625,0.0625,0,41.9,35.1,41.9,6.8,5.85,0.0729,0.0,0.0,35.1,2.14,3.0,0.86
00-0034365,Ian Thomas,TE,CAR,2020,13,11,0.0,0.0,2.38,0.0721,0.0599,0.1502,0,,,,,,,,,,,0,,,,,,31,20,0.6452,4.68,7.25,6.32,0.74,3.9,-0.1774,0.0323,0.3548,0.0323,0,40.5,51.2,40.5,-10.7,3.94,0.0531,0.0,0.0,51.2,1.24,1.0,-0.24
00-0032135,Jesse James,TE,DET,2020,12,9,0.0,0.0,1.83,0.0545,0.0402,0.1098,0,,,,,,,,,,,0,,,,,,22,14,0.6364,5.86,9.21,5.36,1.093,5.43,-0.1854,0.0909,0.2727,0.0909,0,38.9,41.5,38.9,-2.6,3.46,0.0432,0.0,0.0,41.5,1.82,2.0,0.18
00-0024243,Marcedes Lewis,TE,GB,2020,10,9,0.0,0.0,1.7,0.0558,0.0419,0.113,0,,,,,,,,,,,0,,,,,,17,10,0.5882,6.29,10.7,6.53,0.964,5.7,0.2302,0.1765,0.3529,0.1176,0,38.7,38.7,38.7,0.0,3.87,0.049,0.0,0.0,38.7,2.27,3.0,0.73
00-0036422,Adam Trautman,TE,NO,2020,10,8,0.0,0.0,1.6,0.053,0.0337,0.1031,0,,,,,,,,,,,0,,,,,,16,15,0.9375,10.69,11.4,4.0,2.672,7.8,0.9247,0.0625,0.5625,0.25,0,38.1,28.6,38.1,9.6,2.85,0.0361,0.0,0.0,28.6,0.91,1.0,0.09
00-0033879,O.J. Howard,TE,TB,2020,4,4,0.0,0.0,4.75,0.1267,0.1744,0.312,0,,,,,,,,,,,0,,,,,,19,11,0.5789,7.68,13.27,11.89,0.646,1.55,0.2067,0.1053,0.4211,0.1579,0,37.6,33.2,37.6,4.4,8.31,0.0997,0.0,0.0,33.2,0.81,2.0,1.19
00-0031598,Nick Boyle,TE,BAL,2020,9,9,0.0,0.0,1.89,0.0735,0.0642,0.1552,0,,,,,,,,,,,0,,,,,,17,14,0.8235,6.65,8.07,5.47,1.215,2.43,0.3658,0.1176,0.4706,0.1176,0,37.3,31.9,37.3,5.4,3.55,0.0486,0.0,0.0,31.9,1.25,2.0,0.75
00-0034981,Foster Moreau,TE,LV,2020,7,5,0.0,0.0,1.29,0.0381,0.0624,0.1009,0,,,,,,,,,,,0,,,,,,9,7,0.7778,15.56,20.0,12.11,1.284,7.29,1.1306,0.2222,0.5556,0.4444,0,33.0,18.6,33.0,14.4,2.66,0.0313,0.0,0.0,18.6,0.64,2.0,1.36
00-0022127,Jason Witten,TE,LV,2020,10,9,0.0,0.0,1.7,0.0561,0.0379,0.1107,0,,,,,,,,,,,0,,,,,,17,13,0.7647,4.06,5.31,5.35,0.758,1.54,0.1416,0.1176,0.4706,0.0,0,31.9,38.1,31.9,-6.2,3.81,0.0472,0.0,0.0,38.1,2.52,2.0,-0.52
00-0034439,Ryan Izzo,TE,NE,2020,10,10,0.0,0.0,2.0,0.0746,0.1073,0.1869,0,,,,,,,,,,,0,,,,,,20,13,0.65,9.95,15.31,10.25,0.971,5.23,-0.3267,0.0,0.3,0.25,1,30.9,34.2,30.9,-3.4,3.42,0.0487,0.0,0.0,34.2,0.68,0.0,-0.68
00-0032394,Nick Vannett,TE,DEN,2020,11,10,0.0,0.0,1.91,0.0704,0.0333,0.1289,0,,,,,,,,,,,0,,,,,,21,14,0.6667,4.52,6.79,4.43,1.022,4.57,-0.2254,0.0476,0.2857,0.0476,0,29.5,36.1,29.5,-6.6,3.28,0.0481,0.0,0.0,36.1,1.2,1.0,-0.2
00-0035671,Jace Sternberger,TE,GB,2020,8,8,0.0,0.0,1.88,0.0557,0.0383,0.1104,0,,,,,,,,,,,0,,,,,,15,12,0.8,7.6,9.5,6.87,1.107,5.5,0.2228,0.0667,0.4,0.1333,0,29.4,28.1,29.4,1.3,3.51,0.0406,0.0,0.0,28.1,0.92,1.0,0.08
00-0034988,Kaden Smith,TE,NYG,2020,13,11,0.0,0.0,1.62,0.0567,0.0137,0.0946,0,,,,,,,,,,,0,,,,,,21,18,0.8571,5.33,6.22,1.95,2.732,4.94,0.2907,0.0,0.381,0.0476,0,29.2,32.5,29.2,-3.3,2.5,0.0383,0.0,0.0,32.5,0.64,0.0,-0.64
00-0036423,Albert Okwuegbunam,TE,DEN,2020,4,4,0.0,0.0,3.75,0.1207,0.0806,0.2375,0,,,,,,,,,,,0,,,,,,15,11,0.7333,8.07,11.0,7.73,1.043,6.64,0.501,0.0667,0.4,0.2,0,29.1,29.4,29.1,-0.3,7.36,0.0943,0.0,0.0,29.4,1.92,1.0,-0.92
00-0030470,Vance McDonald,TE,PIT,2020,9,7,0.0,0.0,2.22,0.0565,0.0135,0.0942,0,,,,,,,,,,,0,,,,,,20,15,0.75,4.95,6.6,1.85,2.676,5.27,-0.145,0.0,0.2,0.0,0,24.9,29.9,24.9,-5.0,3.32,0.0398,0.0,0.0,29.9,0.63,0.0,-0.63
00-0031558,Maxx Williams,TE,ARI,2020,6,5,0.0,0.0,1.67,0.0487,0.0243,0.0901,0,,,,,,,,,,,0,,,,,,10,8,0.8,10.2,12.75,3.8,2.684,8.25,0.2243,0.1,0.4,0.2,0,24.2,19.1,24.2,5.1,3.18,0.0368,0.0,0.0,19.1,0.99,1.0,0.01
00-0032141,Geoff Swaim,TE,TEN,2020,6,6,0.0,0.0,2.0,0.0737,0.0589,0.1517,0,,,,,,,,,,,0,,,,,,12,9,0.75,6.92,9.22,6.58,1.051,3.89,0.3543,0.0833,0.5,0.0833,0,23.3,25.0,23.3,-1.7,4.17,0.0524,0.0,0.0,25.0,1.1,1.0,-0.1
00-0033258,Darrell Daniels,TE,ARI,2020,8,6,0.0,0.0,1.38,0.0405,0.0262,0.0792,0,,,,,,,,,,,0,,,,,,11,8,0.7273,8.36,11.5,6.09,1.373,7.12,0.5715,0.0909,0.3636,0.1818,0,23.2,21.2,23.2,2.0,2.65,0.029,0.0,0.0,21.2,0.43,1.0,0.57
00-0032134,C.J. Uzomah,TE,CIN,2020,2,2,0.0,0.0,5.5,0.1223,0.1284,0.2733,0,,,,,,,,,,,0,,,,,,11,8,0.7273,7.91,10.88,8.55,0.926,3.75,0.4773,0.0909,0.5455,0.1818,0,22.7,20.8,22.7,1.9,10.41,0.1091,0.0,0.0,20.8,1.09,1.0,-0.09
00-0032062,Blake Bell,TE,DAL,2020,11,9,0.0,0.09,1.36,0.0349,0.0226,0.0682,0,,,,,,,,,,,1,2.0,0.0,0.7349,1.0,0.0,15,11,0.7333,7.33,10.0,5.13,1.429,4.36,0.1015,0.0,0.4667,0.0667,0,22.2,27.4,22.2,-5.2,2.49,0.0266,0.0,1.5,26.0,0.73,0.0,-0.73
00-0034393,Troy Fumagalli,TE,DEN,2020,7,5,0.0,0.0,2.14,0.0779,0.0569,0.1567,0,,,,,,,,,,,0,,,,,,15,8,0.5333,5.33,10.0,7.33,0.727,7.5,-0.3499,0.0667,0.4,0.0667,0,22.0,30.9,22.0,-8.9,4.42,0.061,0.0,0.0,30.9,2.1,1.0,-1.1
00-0031585,MyCole Pruitt,TE,TEN,2020,5,4,0.0,0.0,1.6,0.0489,0.0449,0.1048,0,,,,,,,,,,,0,,,,,,8,5,0.625,6.12,9.8,8.38,0.731,2.6,0.3797,0.25,0.5,0.125,0,21.9,17.7,21.9,4.2,3.54,0.0406,0.0,0.0,17.7,1.22,2.0,0.78
00-0028097,Lee Smith,TE,BUF,2020,5,3,0.0,0.0,1.2,0.0358,0.0127,0.0626,0,,,,,,,,,,,0,,,,,,6,4,0.6667,5.83,8.75,3.67,1.591,5.0,-0.0227,0.3333,0.5,0.1667,0,19.5,17.8,19.5,1.7,3.57,0.0385,0.0,0.0,17.8,1.83,2.0,0.17
00-0030216,Josh Hill,TE,NO,2020,8,8,0.0,0.0,1.25,0.0359,0.0316,0.0761,0,,,,,,,,,,,0,,,,,,10,8,0.8,4.6,5.75,4.5,1.022,4.62,0.241,0.1,0.4,0.1,0,18.6,20.3,18.6,-1.7,2.54,0.0303,0.0,0.0,20.3,1.02,1.0,-0.02
00-0032725,Stephen Anderson,TE,LAC,2020,3,1,0.0,0.0,3.67,0.1068,0.0619,0.2035,0,,,,,,,,,,,0,,,,,,11,8,0.7273,9.64,13.25,4.0,2.409,10.0,0.4881,0.0,0.6364,0.3636,0,18.6,16.4,18.6,2.2,5.46,0.0668,0.0,0.0,16.4,0.06,0.0,-0.06
00-0030108,Ryan Griffin,TE,NYJ,2020,5,5,0.0,0.0,2.4,0.0814,0.0506,0.1575,0,,,,,,,,,,,0,,,,,,12,9,0.75,7.17,9.56,5.25,1.365,5.44,0.1882,0.0,0.3333,0.1667,0,17.6,17.5,17.6,0.1,3.5,0.0518,0.0,0.0,17.5,0.05,0.0,-0.05
00-0028142,Virgil Green,TE,LAC,2020,4,4,0.0,0.0,1.5,0.0422,0.0516,0.0994,0,,,,,,,,,,,0,,,,,,6,3,0.5,8.33,16.67,11.83,0.704,7.67,0.319,0.1667,0.3333,0.1667,0,14.0,11.8,14.0,2.2,2.95,0.0343,0.0,0.0,11.8,0.41,1.0,0.59
00-0028042,Luke Stocker,TE,ATL,2020,9,6,0.0,0.0,1.22,0.0304,0.0068,0.0503,0,,,,,,,,,,,0,,,,,,11,7,0.6364,5.73,9.0,1.91,3.0,7.43,0.0958,0.0,0.3636,0.0909,0,13.3,20.4,13.3,-7.1,2.26,0.0256,0.0,0.0,20.4,0.7,0.0,-0.7
00-0036194,Devin Asiasi,TE,NE,2020,4,1,0.0,0.0,1.75,0.0736,0.0906,0.1739,0,,,,,,,,,,,0,,,,,,7,2,0.2857,5.57,19.5,9.57,0.582,3.0,-0.4159,0.1429,0.2857,0.1429,0,11.9,12.5,11.9,-0.6,3.12,0.0563,0.0,0.0,12.5,0.31,1.0,0.69
00-0030155,Demetrius Harris,TE,CHI,2020,7,7,0.0,0.0,2.0,0.0512,0.0451,0.1084,0,,,,,,,,,,,0,,,,,,14,7,0.5,3.21,6.43,6.57,0.489,3.57,-0.5578,0.0,0.1429,0.0,0,11.5,23.3,11.5,-11.8,3.32,0.0419,0.0,0.0,23.3,0.71,0.0,-0.71
00-0031484,Chris Manhertz,TE,CAR,2020,7,7,0.0,0.0,1.14,0.0364,0.018,0.0672,0,,,,,,,,,,,0,,,,,,8,6,0.75,6.5,8.67,4.0,1.625,5.5,-0.0879,0.0,0.125,0.125,0,11.2,12.6,11.2,-1.4,1.8,0.0229,0.0,0.0,12.6,0.05,0.0,-0.05
00-0034319,Deon Yelder,TE,KC,2020,6,3,0.0,0.0,1.83,0.0529,0.0635,0.1239,0,,,,,,,,,,,0,,,,,,11,7,0.6364,3.27,5.14,5.18,0.632,4.29,-0.2322,0.0,0.1818,0.0,0,10.6,18.5,10.6,-7.9,3.08,0.033,0.0,0.0,18.5,0.55,0.0,-0.55
00-0036456,Dominique Dafney,TE,GB,2020,2,0,0.0,0.0,1.0,0.0417,0.0462,0.0949,0,,,,,,,,,,,0,,,,,,2,2,1.0,13.0,13.0,8.0,1.625,5.0,1.9795,0.5,1.0,0.0,0,10.6,5.0,10.6,5.6,2.49,0.038,0.0,0.0,5.0,0.42,1.0,0.58
00-0034192,Nick Keizer,TE,KC,2020,7,7,0.0,0.0,1.29,0.0372,0.0321,0.0783,0,,,,,,,,,,,0,,,,,,9,6,0.6667,7.0,10.5,9.0,0.778,6.67,-0.5951,0.0,0.2222,0.1111,1,10.3,16.6,10.3,-6.3,2.37,0.0263,0.0,0.0,16.6,0.44,0.0,-0.44
00-0033338,Cethan Carter,TE,CIN,2020,6,5,0.0,0.0,1.17,0.0406,0.043,0.091,0,,,,,,,,,,,0,,,,,,7,5,0.7143,7.57,10.6,7.71,0.981,2.0,0.2336,0.0,0.4286,0.2857,0,10.3,12.6,10.3,-2.3,2.1,0.0283,0.0,0.0,12.6,0.24,0.0,-0.24
00-0030443,Levine Toilolo,TE,NYG,2020,5,3,0.0,0.0,1.2,0.0352,0.0181,0.0654,0,,,,,,,,,,,0,,,,,,6,5,0.8333,7.67,9.2,4.33,1.769,5.2,0.3237,0.0,0.5,0.0,0,9.6,9.4,9.6,0.2,1.87,0.0261,0.0,0.0,9.4,0.05,0.0,-0.05
00-0033246,Johnny Mundt,TE,LA,2020,2,2,0.0,0.0,2.0,0.064,0.0156,0.1069,0,,,,,,,,,,,0,,,,,,4,4,1.0,13.25,13.25,2.0,6.625,11.25,0.7211,0.0,0.25,0.25,0,9.3,7.1,9.3,2.2,3.56,0.0458,0.0,0.0,7.1,0.19,0.0,-0.19
00-0036040,Juwan Johnson,TE,NO,2020,5,2,0.0,0.0,2.0,0.0583,0.0602,0.1296,0,,,,,,,,,,,0,,,,,,10,4,0.4,3.9,9.75,7.3,0.534,5.0,-0.3975,0.0,0.3,0.1,0,7.9,15.3,7.9,-7.4,3.06,0.0397,0.0,0.0,15.3,0.14,0.0,-0.14
00-0033720,Colin Thompson,TE,CAR,2020,2,2,0.0,0.0,1.0,0.0371,0.0161,0.0669,0,,,,,,,,,,,0,,,,,,2,1,0.5,3.5,7.0,3.0,1.167,0.0,0.4151,0.5,0.5,0.0,0,7.7,5.0,7.7,2.7,2.51,0.0444,0.0,0.0,5.0,0.45,1.0,0.55
00-0033627,Jason Croom,TE,PHI,2020,1,1,0.0,0.0,1.0,0.0256,0.0081,0.0442,0,,,,,,,,,,,0,,,,,,1,1,1.0,3.0,3.0,3.0,1.0,0.0,1.2357,1.0,1.0,0.0,0,7.3,3.4,7.3,3.9,3.35,0.0399,0.0,0.0,3.4,0.46,1.0,0.54
00-0034613,Tanner Hudson,TE,TB,2020,4,3,0.0,0.0,1.75,0.0428,0.069,0.1125,0,,,,,,,,,,,0,,,,,,7,3,0.4286,5.86,13.67,15.43,0.38,4.0,0.0017,0.0,0.4286,0.1429,0,7.1,14.0,7.1,-6.9,3.5,0.0365,0.0,0.0,14.0,0.53,0.0,-0.53
00-0036429,Charlie Woerner,TE,SF,2020,3,2,0.0,0.0,1.33,0.0342,0.0123,0.0599,0,,,,,,,,,,,0,,,,,,4,3,0.75,9.0,12.0,2.5,3.6,8.33,0.1586,0.0,0.5,0.25,0,6.6,6.1,6.6,0.5,2.04,0.0235,0.0,0.0,6.1,0.03,0.0,-0.03
00-0035660,Kahale Warring,TE,HOU,2020,4,2,0.0,0.0,1.75,0.0535,0.0429,0.1103,0,,,,,,,,,,,0,,,,,,7,3,0.4286,5.0,11.67,8.29,0.603,2.67,-0.2587,0.0,0.2857,0.1429,0,6.5,14.1,6.5,-7.6,3.53,0.0455,0.0,0.0,14.1,0.81,0.0,-0.81
00-0034788,Jaeden Graham,TE,ATL,2020,4,4,0.0,0.0,1.25,0.0352,0.0171,0.0648,0,,,,,,,,,,,0,,,,,,5,3,0.6,5.0,8.33,3.6,1.389,4.67,-0.0091,0.0,0.2,0.0,0,5.5,7.8,5.5,-2.3,1.94,0.0247,0.0,0.0,7.8,0.03,0.0,-0.03
00-0036145,Lawrence Cager,TE,NYJ,2020,2,2,0.0,0.0,3.0,0.1002,0.1536,0.2578,0,,,,,,,,,,,0,,,,,,6,2,0.3333,5.83,17.5,14.0,0.417,7.0,-2.1971,0.0,0.3333,0.3333,0,5.5,10.8,5.5,-5.3,5.42,0.0775,0.0,0.0,10.8,0.55,0.0,-0.55
00-0036008,Hunter Bryant,TE,DET,2020,2,0,0.0,0.0,1.5,0.0432,0.0914,0.1287,0,,,,,,,,,,,0,,,,,,3,1,0.3333,14.67,44.0,22.33,0.657,12.0,0.5528,0.0,0.3333,0.3333,0,5.4,7.2,5.4,-1.8,3.58,0.0417,0.0,0.0,7.2,0.5,0.0,-0.5
00-0032098,Daniel Brown,TE,NYJ,2020,2,0,0.0,0.0,1.0,0.033,0.0207,0.064,0,,,,,,,,,,,0,,,,,,2,2,1.0,15.5,15.5,5.0,3.1,10.5,2.1846,0.0,1.0,0.5,0,5.1,2.7,5.1,2.4,1.34,0.0186,0.0,0.0,2.7,0.0,0.0,0.0
00-0033576,Eric Saubert,TE,JAX,2020,4,3,0.0,0.0,1.0,0.025,0.0096,0.0442,0,,,,,,,,,,,0,,,,,,4,3,0.75,4.0,5.33,3.25,1.231,2.33,-1.1851,0.0,0.0,0.0,0,4.6,6.1,4.6,-1.5,1.52,0.0181,0.0,0.0,6.1,0.03,0.0,-0.03
00-0036225,Dalton Keene,TE,NE,2020,3,1,0.0,0.0,1.67,0.064,0.0685,0.144,0,,,,,,,,,,,0,,,,,,5,3,0.6,3.2,5.33,8.8,0.364,0.33,-0.3357,0.0,0.0,0.0,0,4.6,8.4,4.6,-3.8,2.81,0.0491,0.0,0.0,8.4,0.25,0.0,-0.25
00-0035039,Stephen Carlson,TE,CLE,2020,2,2,0.0,0.0,1.0,0.0328,0.0,0.0492,0,,,,,,,,,,,0,,,,,,2,1,0.5,5.5,11.0,0.0,,11.0,-0.5008,0.0,0.5,0.0,0,4.1,2.8,2.1,-0.7,1.42,0.0166,0.0,0.0,2.8,0.05,0.0,-0.05
00-0035823,Ben Ellefson,TE,JAX,2020,2,2,0.0,0.0,2.0,0.0606,0.0662,0.1373,0,,,,,,,,,,,0,,,,,,4,1,0.25,2.5,10.0,11.25,0.222,3.0,-0.5324,0.0,0.25,0.0,0,4.0,7.8,4.0,-3.8,3.88,0.0373,0.0,0.0,7.8,0.01,0.0,-0.01
00-0036244,Colby Parkinson,TE,SEA,2020,1,1,0.0,0.0,2.0,0.0625,0.0485,0.1277,0,,,,,,,,,,,0,,,,,,2,2,1.0,8.0,8.0,5.5,1.455,2.5,1.2104,0.0,1.0,0.0,0,3.6,4.0,3.6,-0.4,3.97,0.0455,0.0,0.0,4.0,0.16,0.0,-0.16
00-0033564,Jake Butt,TE,DEN,2020,3,3,0.0,0.0,1.33,0.0415,0.0084,0.0681,0,,,,,,,,,,,0,,,,,,4,2,0.5,1.25,2.5,1.75,0.714,1.0,-1.376,0.0,0.0,0.0,0,2.5,8.8,2.5,-6.3,2.94,0.0424,0.0,0.0,8.8,0.59,0.0,-0.59
00-0029119,Derek Carrier,TE,LV,2020,1,1,0.0,0.0,1.0,0.0345,-0.0169,0.0399,0,,,,,,,,,,,0,,,,,,1,1,1.0,14.0,14.0,-4.0,-3.5,18.0,0.8329,0.0,1.0,0.0,0,2.4,1.7,2.4,0.7,1.66,0.0195,0.0,0.0,1.7,0.01,0.0,-0.01
00-0036332,Josiah Deguara,TE,GB,2020,1,1,0.0,0.0,2.0,0.0488,0.0614,0.1161,0,,,,,,,,,,,0,,,,,,2,1,0.5,6.0,12.0,12.0,0.5,11.0,0.2198,0.0,0.5,0.0,0,2.2,3.6,2.2,-1.4,3.64,0.0321,0.0,0.0,3.6,0.05,0.0,-0.05
00-0030089,Luke Willson,TE,BAL,2020,2,2,0.0,0.0,1.5,0.085,0.0642,0.1724,0,,,,,,,,,,,0,,,,,,3,1,0.3333,4.0,12.0,4.33,0.923,2.0,-1.5641,0.0,0.0,0.0,0,2.2,6.0,2.2,-3.8,3.0,0.0546,0.0,0.0,6.0,0.45,0.0,-0.45
00-0033658,Blake Jarwin,TE,DAL,2020,1,1,0.0,0.0,1.0,0.027,0.0424,0.0702,0,,,,,,,,,,,0,,,,,,1,1,1.0,12.0,12.0,12.0,1.0,0.0,0.9157,0.0,1.0,0.0,0,2.2,1.9,2.2,0.3,1.86,0.0225,0.0,0.0,1.9,0.0,0.0,0.0
00-0033112,Temarrick Hemingway,TE,WAS,2020,2,2,0.0,0.0,1.0,0.0417,0.022,0.0779,0,,,,,,,,,,,0,,,,,,2,1,0.5,5.0,10.0,3.5,1.429,6.0,-0.0108,0.0,0.5,0.0,0,2.0,2.9,2.0,-0.9,1.45,0.0234,0.0,0.0,2.9,0.0,0.0,0.0
00-0035102,Brandon Dillon,TE,MIN,2020,1,1,0.0,0.0,1.0,0.0233,0.0137,0.0444,0,,,,,,,,,,,0,,,,,,1,1,1.0,6.0,6.0,5.0,1.2,1.0,-0.378,0.0,0.0,0.0,0,1.6,1.6,1.6,0.0,1.57,0.0163,0.0,0.0,1.6,0.0,0.0,0.0
00-0033528,Jeremy Sprinkle,TE,WAS,2020,3,3,0.0,0.0,1.0,0.0393,0.013,0.068,0,,,,,,,,,,,0,,,,,,3,1,0.3333,2.0,6.0,2.0,1.0,3.0,-0.3096,0.0,0.0,0.0,0,1.6,4.7,1.6,-3.1,1.56,0.0248,0.0,0.0,4.7,0.03,0.0,-0.03
00-0035259,Trevon Wesco,TE,NYJ,2020,2,2,0.0,0.5,1.0,0.0399,0.0145,0.07,0,,,,,,,,,,,1,0.0,0.0,-1.0891,0.0,0.0,2,1,0.5,2.5,5.0,3.5,0.714,0.0,-0.1229,0.0,0.0,0.0,0,1.5,3.3,1.5,-1.8,1.66,0.0288,0.0,0.4,2.9,0.04,0.0,-0.04
00-0035539,Isaac Nauta,TE,DET,2020,2,2,0.0,0.0,1.0,0.0312,0.0045,0.05,0,,,,,,,,,,,0,,,,,,2,1,0.5,1.5,3.0,1.5,1.0,0.0,-0.7324,0.0,0.0,0.0,0,1.3,3.0,1.3,-1.7,1.5,0.0218,0.0,0.0,3.0,0.03,0.0,-0.03
00-0034169,Marcus Baugh,TE,WAS,2020,1,1,0.0,0.0,1.0,0.0303,0.0,0.0455,0,,,,,,,,,,,0,,,,,,1,1,1.0,2.0,2.0,0.0,,2.0,-0.295,0.0,0.0,0.0,0,1.2,1.4,1.2,-0.2,1.42,0.0213,0.0,0.0,1.4,0.03,0.0,-0.03
00-0033798,Mason Schreck,TE,CIN,2020,1,1,0.0,0.0,1.0,0.037,0.0123,0.0642,0,,,,,,,,,,,0,,,,,,1,0,0.0,0.0,,2.0,0.0,,-0.7669,0.0,0.0,0.0,0,0.0,1.3,0.0,-1.3,1.27,0.0289,0.0,0.0,1.3,0.0,0.0,0.0
00-0036005,Noah Togiai,TE,IND,2020,1,1,0.0,0.0,1.0,0.04,0.021,0.0747,0,,,,,,,,,,,0,,,,,,1,0,0.0,0.0,,3.0,0.0,,-1.178,0.0,0.0,0.0,0,0.0,1.5,0.0,-1.5,1.49,0.0223,0.0,0.0,1.5,0.0,0.0,0.0
00-0036250,Tyler Davis,TE,JAX,2020,1,1,0.0,0.0,2.0,0.0455,0.0647,0.1135,0,,,,,,,,,,,0,,,,,,2,0,0.0,0.0,,13.5,0.0,,-0.8532,0.0,0.0,0.0,0,0.0,5.1,0.0,-5.1,5.13,0.0593,0.0,0.0,5.1,0.39,0.0,-0.39
00-0033611,Ricky Seals-Jones,TE,KC,2020,1,1,0.0,0.0,1.0,0.0385,0.0435,0.0881,0,,,,,,,,,,,0,,,,,,1,0,0.0,0.0,,7.0,0.0,,-0.5332,0.0,0.0,0.0,0,0.0,1.7,0.0,-1.7,1.7,0.0235,0.0,0.0,1.7,0.0,0.0,0.0
00-0033080,Seth DeValve,TE,ARI,2020,1,0,0.0,0.0,1.0,0.0217,0.0862,0.093,0,,,,,,,,,,,0,,,,,,1,0,0.0,0.0,,35.0,0.0,,-0.5793,0.0,0.0,0.0,0,0.0,2.2,0.0,-2.2,2.18,0.0198,0.0,0.0,2.2,0.02,0.0,-0.02
00-0033421,Antony Auclair,TE,TB,2020,1,1,0.0,0.0,1.0,0.0455,0.0526,0.105,0,,,,,,,,,,,0,,,,,,1,0,0.0,0.0,,12.0,0.0,,-0.6814,0.0,0.0,0.0,0,0.0,2.1,0.0,-2.1,2.13,0.0377,0.0,0.0,2.1,0.01,0.0,-0.01
00-0034193,Kevin Rader,TE,PIT,2020,1,0,0.0,0.0,1.0,0.0238,0.0096,0.0424,0,,,,,,,,,,,0,,,,,,1,0,0.0,0.0,,4.0,0.0,,-1.4396,0.0,0.0,0.0,0,0.0,1.2,0.0,-1.2,1.25,0.0159,0.0,0.0,1.2,0.0,0.0,0.0
00-0031690,Eric Tomlinson,TE,BAL,2020,1,0,0.0,0.0,1.0,0.0385,0.1339,0.1514,0,,,,,,,,,,,0,,,,,,1,0,0.0,0.0,,34.0,0.0,,-2.2975,0.0,0.0,0.0,0,0.0,2.6,0.0,-2.6,2.58,0.0299,0.0,0.0,2.6,0.24,0.0,-0.24
00-0032986,J.P. Holtz,TE,CHI,2020,1,0,0.0,0.0,1.0,0.0476,0.0359,0.0966,0,,,,,,,,,,,0,,,,,,1,0,0.0,0.0,,6.0,0.0,,-5.0679,0.0,0.0,0.0,0,0.0,3.6,0.0,-3.6,3.59,0.049,0.0,0.0,3.6,0.47,0.0,-0.47
00-0031381,Davante Adams,WR,GB,2020,14,11,0.0,0.0,10.64,0.34,0.3834,0.7785,0,,,,,,,,,,,0,,,,,,149,115,0.7718,9.22,11.95,8.93,1.033,5.19,0.5197,0.1208,0.4899,0.1678,1,358.4,296.6,358.4,61.8,21.18,0.2659,0.0,0.0,296.6,13.02,18.0,4.98
00-0033040,Tyreek Hill,WR,KC,2020,15,13,0.0,0.87,9.0,0.2328,0.3478,0.5927,0,,,,,,,,,,,13,9.46,0.1538,0.5678,0.3846,0.3077,135,87,0.6444,9.45,14.67,12.88,0.734,4.99,0.557,0.1111,0.4222,0.2,0,328.9,282.3,328.9,46.6,18.82,0.2036,0.0,12.2,270.1,11.56,17.0,5.44
00-0031588,Stefon Diggs,WR,BUF,2020,16,13,0.0,0.06,10.38,0.2991,0.3391,0.6861,0,,,,,,,,,,,1,1.0,0.0,-0.7309,0.0,0.0,166,127,0.7651,9.25,12.09,10.08,0.917,3.65,0.511,0.0482,0.4398,0.1928,0,328.6,291.2,328.6,37.4,18.2,0.2078,0.0,0.6,290.6,7.32,8.0,0.68
00-0030564,DeAndre Hopkins,WR,ARI,2020,16,13,0.0,0.06,10.0,0.2951,0.3349,0.6772,0,,,,,,,,,,,1,1.0,0.0,0.9934,0.0,0.0,160,115,0.7188,8.79,12.23,8.95,0.983,4.51,0.3298,0.0375,0.4688,0.1625,2,287.8,287.7,287.8,0.1,17.98,0.2089,0.0,0.8,286.9,7.57,6.0,-1.57
00-0034837,Calvin Ridley,WR,ATL,2020,15,12,0.0,0.33,9.53,0.251,0.4,0.6564,0,,,,,,,,,,,5,0.2,0.0,-0.5556,0.2,0.0,143,90,0.6294,9.61,15.27,14.35,0.67,3.06,0.3502,0.0629,0.4545,0.2587,1,281.5,293.4,281.5,-11.9,19.56,0.2229,0.0,4.4,288.9,11.68,9.0,-2.68
00-0036322,Justin Jefferson,WR,MIN,2020,16,13,0.0,0.06,7.81,0.253,0.3699,0.6384,0,,,,,,,,,,,1,2.0,0.0,-0.5604,0.0,0.0,125,88,0.704,11.2,15.91,11.44,0.979,5.15,0.5295,0.056,0.464,0.256,0,274.2,238.5,274.2,35.7,14.9,0.1856,0.0,0.8,237.7,6.88,7.0,0.12
00-0035640,DK Metcalf,WR,SEA,2020,16,13,0.0,0.0,8.06,0.2462,0.3797,0.6351,0,,,,,,,,,,,0,,,,,,129,83,0.6434,10.1,15.7,13.71,0.737,4.37,0.4601,0.0775,0.4884,0.2093,1,271.3,255.5,271.3,15.8,15.97,0.1916,0.0,0.0,255.5,10.08,10.0,-0.08
00-0032211,Tyler Lockett,WR,SEA,2020,16,13,0.0,0.0,8.25,0.243,0.2615,0.5475,0,,,,,,,,,,,0,,,,,,132,100,0.7576,7.98,10.54,9.73,0.82,3.27,0.5579,0.0758,0.4318,0.1515,0,265.4,252.0,265.4,13.4,15.75,0.189,0.0,0.0,252.0,8.89,10.0,1.11
00-0031428,Allen Robinson,WR,CHI,2020,16,13,0.0,0.06,9.44,0.2566,0.3272,0.614,0,,,,,,,,,,,1,-1.0,0.0,-0.9035,0.0,0.0,151,102,0.6755,8.28,12.25,9.6,0.862,3.13,0.2331,0.0397,0.4503,0.2185,0,262.9,253.8,262.9,9.1,15.86,0.1977,0.0,0.8,253.0,7.12,6.0,-1.12
00-0030035,Adam Thielen,WR,MIN,2020,15,12,0.0,0.2,7.2,0.2556,0.3272,0.6125,0,,,,,,,,,,,3,5.0,0.0,-0.0138,0.0,0.0,108,74,0.6852,8.56,12.5,11.47,0.747,3.28,0.4272,0.1296,0.4815,0.1667,0,254.0,224.6,252.0,27.4,14.97,0.189,0.0,2.5,222.1,10.88,14.0,3.12
00-0031408,Mike Evans,WR,TB,2020,16,13,0.0,0.0,6.81,0.1788,0.2291,0.4285,0,,,,,,,,,,,0,,,,,,109,70,0.6422,9.23,14.37,12.11,0.762,3.79,0.4586,0.1193,0.5046,0.2294,0,248.6,224.6,248.6,24.0,14.04,0.161,0.0,0.0,224.6,10.85,13.0,2.15
00-0035676,A.J. Brown,WR,TEN,2020,14,11,0.0,0.0,7.57,0.2723,0.3388,0.6456,0,,,,,,,,,,,0,,,,,,106,70,0.6604,10.14,15.36,10.85,0.935,6.17,0.6186,0.1038,0.5189,0.2075,1,247.5,189.5,241.5,52.0,13.53,0.1761,0.0,0.0,189.5,5.29,11.0,5.71
00-0030279,Keenan Allen,WR,LAC,2020,14,13,0.07,0.07,10.5,0.2669,0.2561,0.5797,1,0.0,0.0,0.0,0.0,0.0,-0.5174,-58.874,0.0,0.0,0.0,1,-1.0,0.0,-1.0522,0.0,0.0,147,100,0.6803,6.75,9.92,7.16,0.943,4.37,0.204,0.0544,0.415,0.1224,2,245.1,245.9,245.1,-0.8,17.56,0.2024,0.5,0.6,244.8,5.98,8.0,2.02
00-0030431,Robert Woods,WR,LA,2020,16,13,0.0,1.5,8.06,0.2333,0.2272,0.509,0,,,,,,,,,,,24,6.46,0.0833,0.0464,0.375,0.1667,129,90,0.6977,7.26,10.4,6.96,1.042,5.49,0.0941,0.0465,0.3566,0.1318,1,245.1,231.3,243.1,11.8,14.46,0.1729,0.0,22.0,209.3,5.1,8.0,2.9
00-0031544,Amari Cooper,WR,DAL,2020,16,13,0.0,0.38,8.12,0.2117,0.249,0.4919,0,,,,,,,,,,,6,2.33,0.0,-0.0284,0.1667,0.1667,130,92,0.7077,8.57,12.11,8.81,0.973,4.49,0.2983,0.0385,0.4154,0.1154,0,236.8,234.4,236.8,2.4,14.65,0.1683,0.0,5.2,229.2,7.01,5.0,-2.01
00-0033857,JuJu Smith-Schuster,WR,PIT,2020,16,13,0.0,0.0,8.0,0.1939,0.1484,0.3948,0,,,,,,,,,,,0,,,,,,128,97,0.7578,6.49,8.57,5.49,1.182,4.22,0.1956,0.0703,0.375,0.125,1,234.1,206.1,234.1,28.0,12.88,0.1534,0.0,0.0,206.1,5.52,9.0,3.48
00-0031236,Brandin Cooks,WR,HOU,2020,15,12,0.0,0.0,7.93,0.2369,0.2919,0.5597,0,,,,,,,,,,,0,,,,,,119,81,0.6807,9.66,14.2,11.83,0.817,4.26,0.4056,0.0504,0.4286,0.2101,0,232.0,219.5,231.3,11.8,14.63,0.1883,0.0,0.0,219.5,6.5,6.0,-0.5
00-0029293,Marvin Jones,WR,DET,2020,16,13,0.0,0.0,7.19,0.2026,0.2784,0.4987,0,,,,,,,,,,,0,,,,,,115,76,0.6609,8.5,12.87,12.7,0.669,2.58,0.2226,0.0783,0.4522,0.2348,0,227.8,213.5,227.8,14.3,13.34,0.1674,0.0,0.0,213.5,6.46,9.0,2.54
00-0032688,Robbie Chosen,WR,CAR,2020,16,13,0.0,0.25,8.5,0.2569,0.3271,0.6143,0,,,,,,,,,,,4,3.75,0.0,-0.2665,0.25,0.25,136,95,0.6985,8.06,11.54,9.69,0.832,5.23,0.2069,0.0221,0.3603,0.1618,1,224.1,227.7,223.8,-3.9,14.23,0.1898,0.0,2.8,224.9,4.73,3.0,-1.73
00-0035659,Terry McLaurin,WR,WAS,2020,15,13,0.0,0.13,8.93,0.2694,0.4455,0.716,0,,,,,,,,,,,2,15.0,0.0,1.2895,1.0,0.5,134,87,0.6493,8.34,12.85,9.7,0.86,5.49,0.2092,0.0299,0.3806,0.1866,1,223.8,223.6,223.8,0.2,14.91,0.1992,0.0,2.0,221.6,5.18,4.0,-1.18
00-0035216,Diontae Johnson,WR,PIT,2020,15,12,0.0,0.2,9.6,0.2219,0.2467,0.5056,0,,,,,,,,,,,3,5.0,0.0,0.1399,0.0,0.0,144,88,0.6111,6.41,10.49,7.92,0.81,4.48,0.1277,0.0486,0.3125,0.1181,0,223.8,230.5,223.8,-6.7,15.37,0.1809,0.0,2.4,228.1,5.7,7.0,1.3
00-0036358,CeeDee Lamb,WR,DAL,2020,16,13,0.0,0.62,6.94,0.1836,0.2225,0.4312,0,,,,,1.0,-1.2371,,,,,10,8.2,0.1,0.8554,0.4,0.3,111,74,0.6667,8.42,12.64,9.29,0.907,4.2,0.148,0.045,0.4144,0.1802,1,217.7,203.8,211.7,7.9,12.74,0.1463,0.0,7.9,195.9,5.66,6.0,0.34
00-0036326,Chase Claypool,WR,PIT,2020,16,13,0.0,0.62,6.81,0.1713,0.3051,0.4705,0,,,,,,,,,,,10,1.6,0.2,-0.016,0.4,0.0,109,62,0.5688,8.01,14.08,13.19,0.607,5.31,0.4042,0.0826,0.367,0.1284,1,214.9,209.9,213.5,3.6,13.12,0.1563,0.0,14.3,195.6,8.91,11.0,2.09
00-0033282,Curtis Samuel,WR,CAR,2020,15,12,0.0,2.73,6.47,0.1941,0.1798,0.417,0,,,,,,,,,,,41,4.88,0.0488,-0.0868,0.2439,0.1463,97,77,0.7938,8.77,11.05,7.33,1.197,4.16,0.3901,0.0309,0.4021,0.2371,0,212.1,188.6,212.1,23.5,12.57,0.1681,0.0,29.5,159.1,4.57,5.0,0.43
00-0034827,DJ Moore,WR,CAR,2020,15,12,0.07,0.13,7.87,0.2458,0.404,0.6515,1,0.0,0.0,0.0,0.0,0.0,-0.4085,-74.807,0.0,0.0,0.0,2,11.0,0.0,0.4845,0.5,0.5,118,66,0.5593,10.11,18.08,13.23,0.764,5.79,0.2244,0.0339,0.4492,0.2458,0,211.5,218.9,211.5,-7.4,14.6,0.1959,0.4,1.6,217.0,6.4,4.0,-2.4
00-0033908,Cooper Kupp,WR,LA,2020,15,13,0.0,0.27,8.27,0.2293,0.2112,0.4918,0,,,,,,,,,,,4,8.25,0.0,0.5464,0.75,0.5,124,92,0.7419,7.85,10.59,6.31,1.246,5.71,0.2286,0.0242,0.3629,0.1452,0,210.7,204.2,210.7,6.5,13.61,0.1633,0.0,2.7,201.5,4.36,3.0,-1.36
00-0029000,Cole Beasley,WR,BUF,2020,15,13,0.07,0.0,7.13,0.1968,0.1738,0.4169,1,1.0,20.0,1.0,0.0,0.0,2.9138,68.221,1.0,1.0,1.0,0,,,,,,107,82,0.7664,9.04,11.79,7.78,1.162,4.33,0.5555,0.0374,0.4953,0.1869,0,207.5,190.2,207.5,17.3,12.68,0.1444,1.6,0.0,188.6,5.28,5.0,-0.28
00-0036410,Tee Higgins,WR,CIN,2020,15,12,0.0,0.33,7.2,0.2177,0.2765,0.5201,0,,,,,,,,,,,5,5.6,0.0,0.2023,0.2,0.2,108,67,0.6204,8.41,13.55,11.49,0.732,4.63,0.4896,0.0556,0.4815,0.1944,1,194.6,187.6,194.6,7.0,12.5,0.1644,0.0,3.5,184.0,5.37,6.0,0.63
00-0033009,Tyler Boyd,WR,CIN,2020,15,13,0.13,0.33,7.33,0.2,0.2251,0.4575,2,0.5,8.0,0.0,0.0,0.0,0.368,-26.426,8.0,0.5,0.0,5,9.8,0.0,0.4256,0.4,0.4,110,79,0.7182,7.65,10.65,8.55,0.895,4.43,0.3421,0.0364,0.3909,0.1182,0,192.6,188.7,192.6,3.9,12.58,0.1672,0.6,4.0,184.0,4.98,4.0,-0.98
00-0033871,Corey Davis,WR,TEN,2020,14,11,0.0,0.0,6.57,0.224,0.3036,0.5486,0,,,,,,,,,,,0,,,,,,92,65,0.7065,10.7,15.14,11.74,0.911,4.48,0.6084,0.0543,0.5326,0.2717,1,191.4,169.3,191.4,22.1,12.09,0.1595,0.0,0.0,169.3,4.56,5.0,0.44
00-0033921,Chris Godwin Jr.,WR,TB,2020,12,9,0.0,0.0,7.0,0.1883,0.1956,0.4194,0,,,,,,,,,,,0,,,,,,84,65,0.7738,10.0,12.92,10.21,0.979,4.31,0.657,0.0833,0.5119,0.1905,0,191.0,162.7,191.0,28.3,13.56,0.1537,0.0,0.0,162.7,5.17,7.0,1.83
00-0033127,Will Fuller,WR,HOU,2020,11,11,0.0,0.09,6.82,0.2178,0.2909,0.5303,0,,,,,,,,,,,1,0.0,0.0,-0.8608,0.0,0.0,75,53,0.7067,11.72,16.58,12.53,0.935,5.49,0.7761,0.1067,0.5067,0.28,0,188.9,145.0,188.9,43.9,13.19,0.1753,0.0,0.7,144.3,4.63,8.0,3.37
00-0031382,Jarvis Landry,WR,CLE,2020,15,13,0.27,0.27,6.73,0.2404,0.2287,0.5207,4,1.0,18.5,0.25,0.0,0.0,1.7901,53.892,1.276,1.0,0.25,4,2.5,0.25,0.2924,0.75,0.0,101,72,0.7129,8.32,11.67,8.18,1.017,4.82,0.4809,0.0297,0.4554,0.1782,0,188.0,188.8,188.0,-0.9,12.59,0.1637,2.5,6.1,180.2,7.02,5.0,-2.02
00-0031549,Nelson Agholor,WR,LV,2020,16,13,0.0,0.0,5.12,0.1539,0.2605,0.4132,0,,,,,,,,,,,0,,,,,,82,48,0.5854,10.93,18.67,15.48,0.706,4.79,0.4505,0.0976,0.4512,0.2439,0,185.6,168.4,185.6,17.2,10.52,0.1291,0.0,0.0,168.4,7.1,8.0,0.9
00-0036261,Brandon Aiyuk,WR,SF,2020,12,10,0.0,0.5,8.0,0.2185,0.3017,0.539,0,,,,,,,,,,,6,12.83,0.3333,1.2285,0.5,0.5,96,60,0.625,7.79,12.47,9.4,0.829,4.82,0.2531,0.0521,0.4479,0.1667,0,184.5,183.2,184.5,1.3,15.27,0.1936,0.0,4.7,178.5,6.18,7.0,0.82
00-0035662,Marquise Brown,WR,BAL,2020,16,13,0.0,0.06,6.25,0.2682,0.3757,0.6653,0,,,,,,,,,,,1,1.0,0.0,-0.6343,0.0,0.0,100,58,0.58,7.69,13.26,12.91,0.596,4.72,0.2696,0.08,0.35,0.18,0,183.0,190.0,183.0,-7.0,11.87,0.1651,0.0,0.8,189.2,7.41,8.0,0.59
00-0034411,Russell Gage,WR,ATL,2020,16,13,0.12,0.12,6.81,0.1785,0.1689,0.386,2,0.5,19.5,0.5,0.0,0.0,1.0682,13.593,0.52,0.5,0.5,2,4.5,0.0,-0.0952,0.5,0.5,109,72,0.6606,7.21,10.92,8.5,0.848,3.9,0.2883,0.0367,0.4587,0.1468,0,181.1,197.5,181.1,-16.5,12.35,0.1411,3.9,2.1,191.6,6.63,5.0,-1.63
00-0034764,Michael Gallup,WR,DAL,2020,16,13,0.0,0.0,6.56,0.1758,0.2597,0.4455,0,,,,,,,,,,,0,,,,,,105,59,0.5619,8.03,14.29,11.78,0.681,4.27,0.2778,0.0476,0.419,0.181,0,173.3,191.2,173.3,-17.9,11.95,0.1372,0.0,0.0,191.2,6.39,5.0,-1.39
00-0031941,Jamison Crowder,WR,NYJ,2020,12,9,0.08,0.08,7.42,0.2464,0.1894,0.5022,1,1.0,43.0,1.0,0.0,0.0,3.8462,63.595,1.593,1.0,1.0,1,14.0,0.0,0.9035,1.0,1.0,89,59,0.6629,7.85,11.85,7.56,1.039,5.54,0.2733,0.0674,0.3596,0.1461,0,172.0,137.8,172.0,34.2,11.48,0.1742,0.8,0.8,136.2,2.81,7.0,4.19
00-0031547,DeVante Parker,WR,MIA,2020,14,13,0.0,0.0,7.36,0.2112,0.2602,0.4989,0,,,,,,,,,,,0,,,,,,103,63,0.6117,7.7,12.59,9.81,0.785,2.75,0.1783,0.0388,0.4369,0.2233,0,166.3,186.2,166.3,-19.9,13.3,0.166,0.0,0.0,186.2,6.37,4.0,-2.37
00-0027685,Emmanuel Sanders,WR,NO,2020,14,11,0.0,0.07,5.86,0.186,0.2343,0.443,0,,,,,,,,,,,1,12.0,0.0,1.1454,1.0,1.0,82,61,0.7439,8.85,11.9,8.82,1.004,2.79,0.3992,0.061,0.4024,0.1707,0,164.8,153.5,164.8,11.3,10.97,0.1384,0.0,0.8,152.7,4.99,5.0,0.01
00-0029608,T.Y. Hilton,WR,IND,2020,15,12,0.0,0.0,6.2,0.1914,0.3265,0.5157,0,,,,,,,,,,,0,,,,,,93,56,0.6022,8.19,13.61,12.54,0.654,3.46,0.317,0.0538,0.4516,0.172,0,164.2,174.8,164.2,-10.6,11.65,0.1461,0.0,0.0,174.8,5.41,5.0,-0.41
00-0032385,Sterling Shepard,WR,NYG,2020,12,9,0.0,0.5,7.5,0.2383,0.2362,0.5228,0,,,,,,,,,,,6,8.17,0.1667,0.7181,0.3333,0.3333,90,66,0.7333,7.29,9.94,8.29,0.879,3.09,0.2885,0.0333,0.4111,0.1556,0,162.5,147.1,162.5,15.4,12.26,0.1768,0.0,4.9,142.2,2.65,4.0,1.35
00-0033375,Tim Patrick,WR,DEN,2020,15,12,0.0,0.0,5.27,0.1722,0.204,0.4011,0,,,,,,,,,,,0,,,,,,79,51,0.6456,9.39,14.55,12.48,0.753,4.67,0.4353,0.0759,0.4177,0.2152,0,161.2,139.4,161.2,21.8,9.29,0.1272,0.0,0.0,139.4,5.12,6.0,0.88
00-0036407,Jerry Jeudy,WR,DEN,2020,16,13,0.0,0.0,7.06,0.203,0.3016,0.5156,0,,,,,,,,,,,0,,,,,,113,52,0.4602,7.58,16.46,13.53,0.56,5.46,-0.006,0.0265,0.3451,0.2035,0,157.6,188.9,157.6,-31.3,11.81,0.1622,0.0,0.0,188.9,3.86,3.0,-0.86
00-0036268,Laviska Shenault Jr.,WR,JAX,2020,14,11,0.0,1.29,5.64,0.1538,0.1302,0.3218,0,,,,,,,,,,,18,5.06,0.0,0.0595,0.3333,0.2222,79,58,0.7342,7.59,10.34,6.24,1.217,5.14,0.2506,0.0633,0.4177,0.1646,0,157.1,139.8,157.1,17.3,9.99,0.1271,0.0,12.0,127.8,3.18,5.0,1.82
00-0033681,Keelan Cole,WR,JAX,2020,16,13,0.0,0.06,5.5,0.1493,0.1933,0.3592,0,,,,,,,,,,,1,2.0,0.0,-0.468,0.0,0.0,88,55,0.625,7.3,11.67,10.88,0.671,3.16,0.2963,0.0568,0.3864,0.1364,0,155.4,156.0,149.4,-6.6,9.75,0.1271,0.0,0.7,155.3,4.86,5.0,0.14
00-0033536,Mike Williams,WR,LAC,2020,14,11,0.0,0.07,6.07,0.1657,0.2971,0.4564,0,,,,,,,,,,,1,1.0,0.0,-0.7492,0.0,0.0,85,48,0.5647,8.89,15.75,14.54,0.612,3.38,0.3508,0.0588,0.4118,0.2118,0,153.7,157.8,153.7,-4.2,11.28,0.1271,0.0,0.7,157.2,6.16,5.0,-1.16
00-0034777,DJ Chark,WR,JAX,2020,13,11,0.0,0.0,7.15,0.2002,0.3264,0.5288,0,,,,,,,,,,,0,,,,,,93,53,0.5699,7.59,13.32,13.98,0.543,3.11,0.1063,0.0538,0.3978,0.2043,0,153.6,164.8,153.6,-11.2,12.67,0.1657,0.0,0.0,164.8,5.03,5.0,-0.03
00-0036309,Darnell Mooney,WR,CHI,2020,16,13,0.0,0.25,6.12,0.1622,0.217,0.3952,0,,,,,,,,,,,4,5.0,0.0,0.0375,0.25,0.25,98,61,0.6224,6.44,10.34,11.51,0.559,4.16,0.1132,0.0408,0.3367,0.1224,0,152.1,163.2,152.1,-11.1,10.2,0.1272,0.0,3.5,159.7,4.19,4.0,-0.19
00-0034775,Christian Kirk,WR,ARI,2020,14,12,0.0,0.14,5.64,0.1637,0.239,0.4128,0,,,,,,,,,,,2,1.5,0.0,0.8783,0.5,0.0,79,48,0.6076,7.86,12.94,11.84,0.664,3.65,0.1418,0.0759,0.3797,0.1266,0,146.4,154.3,146.4,-7.9,11.02,0.1245,0.0,1.4,152.8,6.42,6.0,-0.42
00-0027944,Julio Jones,WR,ATL,2020,9,9,0.0,0.0,7.56,0.2002,0.2423,0.4699,0,,,,,,,,,,,0,,,,,,68,51,0.75,11.34,15.12,11.24,1.009,4.53,0.7857,0.0441,0.5294,0.3382,0,146.1,128.9,146.1,17.2,14.32,0.1614,0.0,0.0,128.9,4.03,3.0,-1.03
00-0034960,Jakobi Meyers,WR,NE,2020,12,9,0.17,0.17,6.75,0.288,0.3788,0.6971,2,1.0,21.5,1.0,0.0,0.0,2.8157,62.157,1.162,1.0,0.5,2,4.5,0.0,0.1197,0.0,0.0,81,59,0.7284,9.0,12.36,10.2,0.883,3.66,0.3163,0.0,0.4568,0.2099,1,142.5,139.2,142.5,3.3,11.6,0.1745,1.4,1.2,136.7,2.44,2.0,-0.44
00-0035535,Darius Slayton,WR,NYG,2020,16,13,0.0,0.12,6.0,0.1935,0.3268,0.519,0,,,,,,,,,,,2,-0.5,0.0,-0.7703,0.0,0.0,96,50,0.5208,7.82,15.02,13.57,0.576,3.18,0.1755,0.0312,0.4167,0.1667,1,141.0,170.3,141.0,-29.3,10.64,0.1581,0.0,2.8,167.5,4.98,3.0,-1.98
00-0034272,Marquez Valdes-Scantling,WR,GB,2020,14,12,0.0,0.29,4.5,0.1405,0.3153,0.4315,0,,,,,,,,,,,4,3.25,0.0,-0.1919,0.25,0.0,63,33,0.5238,10.95,20.91,18.3,0.598,7.3,0.4629,0.0952,0.4286,0.2063,1,137.3,131.9,137.3,5.4,9.42,0.1153,0.0,3.4,128.5,4.3,6.0,1.7
00-0033251,Zach Pascal,WR,IND,2020,16,13,0.06,0.0,4.44,0.137,0.2014,0.3464,1,0.0,0.0,0.0,0.0,0.0,-0.5561,-67.469,0.0,0.0,0.0,0,,,,,,71,44,0.6197,8.86,14.3,10.87,0.815,5.3,0.3053,0.0704,0.4085,0.2535,0,136.9,142.1,136.9,-5.2,8.88,0.1111,0.4,0.0,141.6,5.73,5.0,-0.73
00-0036196,Gabe Davis,WR,BUF,2020,16,13,0.0,0.06,3.88,0.1072,0.1994,0.3004,0,,,,,,,,,,,1,0.0,0.0,-0.7428,0.0,0.0,62,35,0.5645,9.66,17.11,15.24,0.634,3.74,0.2155,0.1129,0.4355,0.1935,0,136.9,135.2,136.9,1.7,8.45,0.0965,0.0,1.3,133.9,6.9,7.0,0.1
00-0033733,Greg Ward,WR,PHI,2020,16,13,0.06,0.12,4.94,0.1456,0.0948,0.2847,1,1.0,15.0,0.0,0.0,0.0,0.8681,55.661,1.0,1.0,0.0,2,-2.0,0.0,-1.4636,0.0,0.0,79,53,0.6709,5.3,7.91,5.62,0.944,3.09,0.1835,0.0759,0.3038,0.0886,0,133.1,122.6,133.1,10.5,7.66,0.0988,0.2,1.6,120.7,2.49,6.0,3.51
00-0034983,Hunter Renfrow,WR,LV,2020,16,13,0.0,0.0,4.81,0.1433,0.1227,0.3009,0,,,,,,,,,,,0,,,,,,77,56,0.7273,8.52,11.71,7.1,1.199,6.04,0.361,0.026,0.4156,0.1688,1,131.6,126.6,131.6,5.0,7.92,0.0971,0.0,0.0,126.6,2.61,2.0,-0.61
00-0035140,Mecole Hardman,WR,KC,2020,16,13,0.0,0.25,3.88,0.0978,0.1132,0.2259,0,,,,,,,,,,,4,7.75,0.0,0.1779,0.5,0.5,62,41,0.6613,9.03,13.66,10.65,0.848,6.95,0.5101,0.0645,0.371,0.1935,1,130.1,119.6,124.1,4.5,7.47,0.0822,0.0,3.4,116.2,2.86,4.0,1.14
00-0033307,Kendrick Bourne,WR,SF,2020,15,12,0.0,0.0,4.93,0.1375,0.2006,0.3466,0,,,,,,,,,,,0,,,,,,74,49,0.6622,9.01,13.61,9.27,0.972,4.47,0.4215,0.027,0.473,0.2568,0,129.7,124.5,129.7,5.2,8.3,0.107,0.0,0.0,124.5,3.26,2.0,-1.26
00-0033943,Josh Reynolds,WR,LA,2020,16,13,0.0,0.06,5.06,0.1417,0.2145,0.3627,0,,,,,,,,,,,1,5.0,0.0,0.1349,0.0,0.0,81,52,0.642,7.63,11.88,10.94,0.698,4.33,0.1209,0.0247,0.3827,0.1728,0,126.3,143.6,126.3,-17.3,8.98,0.1073,0.0,1.2,142.4,3.57,2.0,-1.57
00-0032977,Rashard Higgins,WR,CLE,2020,12,10,0.0,0.0,4.33,0.1513,0.2478,0.4005,0,,,,,,,,,,,0,,,,,,52,37,0.7115,11.52,16.19,14.1,0.817,2.11,0.6946,0.0769,0.5,0.3269,0,120.9,100.0,120.9,20.9,8.34,0.1083,0.0,0.0,100.0,3.5,4.0,0.5
00-0033589,David Moore,WR,SEA,2020,16,13,0.0,0.5,2.94,0.0896,0.0852,0.194,0,,,,,,,,,,,8,7.62,0.0,0.6388,0.5,0.375,47,35,0.7447,8.87,11.91,8.85,1.002,4.83,0.5449,0.1277,0.383,0.2128,0,118.8,100.8,118.8,18.0,6.3,0.0756,0.0,7.3,93.5,5.5,6.0,0.5
00-0027793,Antonio Brown,WR,TB,2020,8,5,0.0,0.25,7.75,0.2033,0.1792,0.4304,0,,,,,,,,,,,2,-1.0,0.0,-0.4091,0.0,0.0,62,45,0.7258,7.79,10.73,8.85,0.88,5.58,0.396,0.0645,0.4355,0.129,0,117.1,113.4,117.1,3.7,14.18,0.1591,0.0,1.3,112.1,3.31,4.0,0.69
00-0035592,Travis Fulgham,WR,PHI,2020,12,9,0.0,0.0,5.58,0.1625,0.2045,0.3869,0,,,,,,,,,,,0,,,,,,67,38,0.5672,8.04,14.18,11.99,0.671,2.63,0.357,0.0597,0.3881,0.209,0,115.9,110.2,115.9,5.8,9.18,0.1214,0.0,0.0,110.2,3.69,4.0,0.31
00-0031868,Damiere Byrd,WR,NE,2020,14,11,0.0,0.14,5.5,0.2037,0.3148,0.526,0,,,,,,,,,,,2,7.5,0.0,0.4642,0.5,0.5,77,47,0.6104,7.84,12.85,11.45,0.685,3.66,0.2098,0.013,0.3766,0.2208,0,114.9,132.5,114.9,-17.6,9.46,0.1379,0.0,1.3,131.1,2.06,1.0,-1.06
00-0027942,A.J. Green,WR,CIN,2020,16,13,0.0,0.0,6.5,0.1802,0.2943,0.4763,0,,,,,,,,,,,0,,,,,,104,47,0.4519,5.03,11.13,13.72,0.367,1.83,-0.1468,0.0192,0.3269,0.0865,0,111.3,182.9,111.3,-71.6,11.43,0.1511,0.0,0.0,182.9,6.08,2.0,-4.08
00-0034353,Anthony Miller,WR,CHI,2020,16,13,0.0,0.12,4.75,0.1258,0.1413,0.2877,0,,,,,,,,,,,2,6.0,0.0,0.3052,0.5,0.0,76,49,0.6447,6.38,9.9,9.67,0.66,3.02,0.0425,0.0263,0.3026,0.1053,1,108.7,125.5,108.7,-16.8,7.84,0.0978,0.0,1.6,123.9,3.82,2.0,-1.82
00-0032775,Demarcus Robinson,WR,KC,2020,15,12,0.0,0.0,3.93,0.1051,0.1327,0.2505,0,,,,,,,,,,,0,,,,,,59,45,0.7627,7.9,10.36,8.9,0.888,3.84,0.3486,0.0508,0.4407,0.1695,1,107.6,106.3,107.6,1.3,7.08,0.0769,0.0,0.0,106.3,3.15,3.0,-0.15
00-0026035,Danny Amendola,WR,DET,2020,14,11,0.0,0.07,4.93,0.1397,0.1357,0.3046,0,,,,,,,,,,,1,2.0,0.0,0.7685,1.0,0.0,69,46,0.6667,8.72,13.09,8.09,1.079,6.3,0.1785,0.0,0.4348,0.2174,0,106.4,114.4,106.4,-8.0,8.17,0.102,0.0,0.6,113.9,1.51,0.0,-1.51
00-0034765,Tre'Quan Smith,WR,NO,2020,13,12,0.0,0.08,3.85,0.1124,0.1655,0.2845,0,,,,,,,,,,,1,3.0,0.0,-0.0427,0.0,0.0,50,34,0.68,8.96,13.18,9.0,0.996,3.97,0.4868,0.08,0.44,0.26,0,103.1,86.1,103.1,17.0,6.62,0.0836,0.0,0.8,85.3,2.44,4.0,1.56
00-0035298,Scott Miller,WR,TB,2020,14,11,0.0,0.21,3.79,0.1015,0.1762,0.2755,0,,,,,,,,,,,3,4.67,0.0,0.0997,0.0,0.0,53,33,0.6226,9.45,15.18,15.85,0.596,3.3,0.265,0.0566,0.3774,0.1698,0,102.5,99.5,102.5,3.0,7.11,0.0811,0.0,2.8,96.7,2.91,3.0,0.09
00-0022921,Larry Fitzgerald,WR,ARI,2020,13,11,0.0,0.0,5.54,0.1595,0.1139,0.319,0,,,,,,,,,,,0,,,,,,72,54,0.75,5.68,7.57,6.0,0.947,3.43,-0.0246,0.0139,0.3472,0.0417,0,100.9,119.9,100.9,-19.0,9.22,0.104,0.0,0.0,119.9,2.18,1.0,-1.18
00-0028002,Randall Cobb,WR,HOU,2020,10,10,0.1,0.0,4.8,0.1461,0.1213,0.3041,1,0.0,0.0,0.0,0.0,0.0,-0.5174,-36.588,0.0,0.0,0.0,0,,,,,,48,38,0.7917,9.19,11.61,6.73,1.365,4.5,0.4994,0.0625,0.4167,0.1875,0,100.1,89.0,100.1,11.1,8.9,0.1176,1.7,0.0,87.3,3.37,3.0,-0.37
00-0033466,Isaiah McKenzie,WR,BUF,2020,15,12,0.07,0.67,2.27,0.0598,0.0234,0.1061,1,1.0,12.0,1.0,0.0,0.0,2.2947,14.757,-2.4,1.0,0.0,10,0.9,0.0,-0.2159,0.2,0.1,34,30,0.8824,8.29,9.4,4.38,1.893,6.33,0.6321,0.1471,0.5,0.1471,0,99.6,71.7,93.6,21.9,4.78,0.0533,0.5,8.4,62.7,3.03,6.0,2.97
00-0034676,James Washington,WR,PIT,2020,16,13,0.0,0.0,3.5,0.0956,0.1624,0.2571,0,,,,,,,,,,,0,,,,,,56,30,0.5357,7.0,13.07,12.48,0.561,4.63,0.1235,0.0893,0.3393,0.1607,0,99.2,96.9,99.2,2.3,6.05,0.0721,0.0,0.0,96.9,3.53,5.0,1.47
00-0032054,Breshad Perriman,WR,NYJ,2020,12,9,0.0,0.08,5.0,0.1819,0.2616,0.456,0,,,,,,,,,,,1,6.0,0.0,0.3008,0.0,0.0,60,30,0.5,8.42,16.83,15.1,0.557,5.33,0.016,0.05,0.3333,0.2333,0,99.1,102.3,99.1,-3.2,8.53,0.1368,0.0,0.8,101.5,3.1,3.0,-0.1
00-0036252,Michael Pittman,WR,IND,2020,13,10,0.0,0.23,4.69,0.1428,0.1506,0.3196,0,,,,,,,,,,,3,8.67,0.0,0.4717,0.3333,0.3333,61,40,0.6557,8.25,12.57,8.36,0.986,7.33,0.3618,0.0164,0.3607,0.1475,0,98.9,107.2,98.9,-8.3,8.24,0.1009,0.0,3.3,103.9,2.21,1.0,-1.21
00-0034521,Allen Lazard,WR,GB,2020,10,7,0.0,0.2,4.6,0.1555,0.1871,0.3642,0,,,,,,,,,,,2,8.5,0.0,0.1976,0.5,0.5,46,33,0.7174,9.8,13.67,9.96,0.985,5.91,0.8303,0.0652,0.5,0.1304,0,97.8,88.0,97.8,9.8,8.8,0.1087,0.0,1.5,86.5,2.77,3.0,0.23
00-0034419,Braxton Berrios,WR,NYJ,2020,13,10,0.0,0.23,4.23,0.1546,0.1472,0.3349,0,,,,,,,,,,,3,9.67,0.0,0.4476,0.3333,0.6667,55,37,0.6727,7.16,10.65,7.56,0.947,5.84,0.0785,0.0545,0.3455,0.1636,0,97.3,86.5,97.3,10.8,6.66,0.1037,0.0,2.0,84.5,1.99,3.0,1.01
00-0035414,Jalen Guyton,WR,LAC,2020,16,13,0.0,0.12,3.44,0.0922,0.1886,0.2703,0,,,,,,,,,,,2,0.0,0.0,-0.7447,0.0,0.0,55,28,0.5091,9.29,18.25,16.27,0.571,6.39,0.1534,0.0545,0.3273,0.1636,0,97.1,104.4,97.1,-7.3,6.52,0.0757,0.0,1.1,103.2,3.75,3.0,-0.75
00-0032128,Chris Conley,WR,JAX,2020,14,11,0.0,0.0,4.5,0.1229,0.161,0.297,0,,,,,,,,,,,0,,,,,,63,40,0.6349,7.48,11.78,10.35,0.722,4.5,0.1922,0.0317,0.381,0.127,1,97.1,103.9,97.1,-6.8,7.42,0.0999,0.0,0.0,103.9,2.93,2.0,-0.93
00-0031051,John Brown,WR,BUF,2020,9,8,0.0,0.0,5.78,0.1621,0.2242,0.4001,0,,,,,,,,,,,0,,,,,,52,33,0.6346,8.81,13.88,12.37,0.712,5.36,0.5313,0.0577,0.4231,0.2115,0,96.8,100.6,96.8,-3.8,11.18,0.1315,0.0,0.0,100.6,3.91,3.0,-0.91
00-0030663,Willie Snead,WR,BAL,2020,13,11,0.0,0.0,3.69,0.143,0.1436,0.315,0,,,,,,,,,,,0,,,,,,48,33,0.6875,9.0,13.09,8.92,1.009,5.67,0.3822,0.0625,0.4792,0.2083,0,94.2,82.9,94.2,11.3,6.37,0.0857,0.0,0.0,82.9,2.16,3.0,0.84
00-0036412,KJ Hamler,WR,DEN,2020,12,10,0.0,0.75,4.67,0.1283,0.1658,0.3085,0,,,,,,,,,,,9,4.44,0.0,-0.1342,0.2222,0.2222,56,30,0.5357,6.8,12.7,10.62,0.64,4.13,0.0029,0.0536,0.3036,0.1607,0,90.1,94.5,90.1,-4.4,7.88,0.1103,0.0,6.4,88.1,1.73,3.0,1.27
00-0034366,Keke Coutee,WR,HOU,2020,8,5,0.0,0.0,5.0,0.1453,0.1339,0.3117,0,,,,,,,,,,,0,,,,,,40,33,0.825,10.0,12.12,9.43,1.061,4.48,0.2924,0.075,0.45,0.175,2,89.0,77.1,89.0,11.9,9.64,0.1238,0.0,0.0,77.1,3.18,3.0,-0.18
00-0031325,Sammy Watkins,WR,KC,2020,10,8,0.1,0.1,5.5,0.1454,0.1474,0.3213,1,0.0,0.0,0.0,1.0,0.0,-1.9587,-34.438,0.0,0.0,0.0,1,3.0,0.0,-0.2154,0.0,0.0,55,37,0.6727,7.65,11.38,8.05,0.95,4.24,0.387,0.0364,0.4909,0.1455,1,87.4,108.3,87.4,-20.9,10.83,0.1126,2.4,0.8,105.0,4.41,2.0,-2.41
00-0032791,Jakeem Grant,WR,MIA,2020,14,13,0.0,0.21,3.86,0.12,0.1465,0.2825,0,,,,,,,,,,,3,6.67,0.0,-0.2448,0.3333,0.3333,54,36,0.6667,6.91,10.36,10.5,0.658,4.78,0.1168,0.0185,0.4074,0.1296,0,87.3,92.4,81.3,-11.1,6.6,0.0847,0.0,2.2,90.2,1.77,1.0,-0.77
00-0036387,Jalen Reagor,WR,PHI,2020,11,8,0.0,0.36,4.91,0.1424,0.192,0.348,0,,,,,,,,,,,4,6.5,0.0,0.1066,0.5,0.5,54,31,0.5741,7.33,12.77,13.06,0.562,5.58,0.0704,0.0185,0.3519,0.1481,0,87.2,99.2,81.2,-18.0,9.02,0.1197,0.0,2.8,96.4,3.15,1.0,-2.15
00-0031235,Odell Beckham Jr.,WR,CLE,2020,7,7,0.14,0.43,6.14,0.22,0.3332,0.5632,1,1.0,18.0,0.0,0.0,0.0,0.5892,40.174,1.059,1.0,0.0,3,24.0,0.3333,1.685,0.6667,0.6667,43,23,0.5349,7.42,13.87,13.58,0.546,2.0,0.05,0.0698,0.3953,0.1628,0,86.8,94.4,86.8,-7.6,13.49,0.181,0.6,2.1,91.7,4.38,4.0,-0.38
00-0027891,Golden Tate,WR,NYG,2020,12,11,0.17,0.0,4.33,0.1404,0.1559,0.3197,2,0.5,9.0,0.0,0.0,0.0,0.9327,19.789,-2.0,0.5,0.0,0,,,,,,52,35,0.6731,7.46,11.09,8.92,0.836,2.14,0.259,0.0385,0.3654,0.1538,0,86.5,82.8,86.5,3.7,6.9,0.104,0.3,0.0,82.5,1.97,2.0,0.03
00-0034104,Cam Sims,WR,WAS,2020,11,8,0.0,0.09,4.36,0.108,0.1752,0.2847,0,,,,,,,,,,,1,5.0,0.0,0.0447,0.0,0.0,48,32,0.6667,9.94,14.91,10.9,0.912,7.78,0.4096,0.0208,0.375,0.2292,0,86.2,75.7,86.2,10.5,6.88,0.0879,0.0,0.7,75.0,1.62,1.0,-0.62
00-0036357,Henry Ruggs III,WR,LV,2020,13,11,0.0,0.69,3.31,0.109,0.234,0.3272,0,,,,,,,,,,,9,5.44,0.0,-0.5097,0.3333,0.3333,43,26,0.6047,10.51,17.38,17.4,0.604,5.58,0.3086,0.0465,0.3023,0.2326,2,84.1,91.1,84.1,-7.0,7.01,0.0865,0.0,6.2,85.0,2.71,2.0,-0.71
00-0032765,Michael Thomas,WR,NO,2020,7,7,0.0,0.14,7.86,0.3016,0.471,0.7822,0,,,,,,,,,,,1,1.0,0.0,-0.5396,0.0,0.0,55,40,0.7273,7.96,10.95,9.6,0.83,2.05,0.2796,0.0,0.4545,0.2,0,83.9,104.1,83.9,-20.2,14.87,0.1959,0.0,0.7,103.4,2.98,0.0,-2.98
00-0035719,Deebo Samuel Sr.,WR,SF,2020,7,7,0.0,1.14,6.29,0.1861,0.0343,0.3031,0,,,,,,,,,,,8,3.25,0.0,-0.2038,0.125,0.125,44,33,0.75,8.89,11.85,2.5,3.555,12.06,0.2304,0.0227,0.4318,0.2045,0,80.7,74.0,80.7,6.8,10.56,0.1341,0.0,7.1,66.9,0.98,1.0,0.02
00-0035457,Tyron Johnson,WR,LAC,2020,11,8,0.0,0.27,2.36,0.0618,0.1706,0.2121,0,,,,,,,,,,,3,5.67,0.0,0.0959,0.0,0.0,26,20,0.7692,15.31,19.9,20.54,0.745,2.95,1.1282,0.1154,0.5769,0.3462,0,79.5,52.7,79.5,26.8,4.79,0.0545,0.0,2.2,50.5,1.55,3.0,1.45
00-0035350,Preston Williams,WR,MIA,2020,8,8,0.0,0.0,4.38,0.1521,0.2781,0.4228,0,,,,,,,,,,,0,,,,,,35,18,0.5143,8.23,16.0,14.51,0.567,2.33,0.1775,0.1143,0.4,0.2,0,74.8,73.2,74.8,1.6,9.15,0.1229,0.0,0.0,73.2,3.46,4.0,0.54
00-0035703,Miles Boykin,WR,BAL,2020,13,10,0.0,0.0,2.54,0.1091,0.1455,0.2655,0,,,,,,,,,,,0,,,,,,33,19,0.5758,8.06,14.0,11.61,0.695,4.21,0.319,0.1212,0.4242,0.0909,0,69.6,66.0,69.6,3.6,5.08,0.0696,0.0,0.0,66.0,3.12,4.0,0.88
00-0034286,Richie James,WR,SF,2020,7,4,0.0,0.0,5.0,0.1385,0.2097,0.3545,0,,,,,,,,,,,0,,,,,,35,23,0.6571,11.26,17.13,10.66,1.056,8.39,0.6761,0.0286,0.4,0.2857,0,68.4,57.9,68.1,10.2,8.27,0.1082,0.0,0.0,57.9,0.56,1.0,0.44
00-0036277,Quintez Cephus,WR,DET,2020,11,8,0.0,0.0,3.18,0.087,0.1278,0.2199,0,,,,,,,,,,,0,,,,,,35,20,0.5714,9.97,17.45,14.54,0.686,4.25,0.4267,0.0571,0.4571,0.2286,0,66.9,68.0,66.9,-1.1,6.18,0.0778,0.0,0.0,68.0,2.12,2.0,-0.12
00-0033932,Kenny Golladay,WR,DET,2020,5,5,0.0,0.0,6.4,0.201,0.3156,0.5224,0,,,,,,,,,,,0,,,,,,32,20,0.625,10.56,16.9,14.56,0.725,1.9,0.677,0.0625,0.5,0.3125,0,65.8,65.3,65.8,0.5,13.06,0.1626,0.0,0.0,65.3,2.42,2.0,-0.42
00-0034370,DaeSean Hamilton,WR,DEN,2020,12,10,0.0,0.0,3.67,0.1061,0.1514,0.2651,0,,,,,,,,,,,0,,,,,,44,23,0.5227,6.66,12.74,13.43,0.496,4.13,-0.1961,0.0455,0.3636,0.1136,1,62.3,73.6,62.3,-11.3,6.14,0.0814,0.0,0.0,73.6,2.28,2.0,-0.28
00-0034928,Steven Sims,WR,WAS,2020,11,8,0.0,0.09,3.36,0.0908,0.0844,0.1953,0,,,,,,,,,,,1,18.0,0.0,1.2188,1.0,1.0,37,27,0.7297,7.16,9.81,7.08,1.011,4.67,0.2947,0.027,0.3514,0.1622,0,61.3,55.9,61.3,5.4,5.08,0.0668,0.0,0.8,55.1,1.0,1.0,0.0
00-0036255,Denzel Mims,WR,NYJ,2020,9,6,0.0,0.0,4.89,0.1945,0.2806,0.4881,0,,,,,,,,,,,0,,,,,,44,23,0.5227,8.11,15.52,15.34,0.529,4.61,0.1071,0.0,0.3409,0.25,0,60.7,74.2,60.7,-13.5,8.24,0.1323,0.0,0.0,74.2,1.86,0.0,-1.86
00-0033094,Marvin Hall,WR,DET,2020,11,10,0.0,0.09,2.91,0.0778,0.1606,0.2291,0,,,,,,,,,,,1,1.0,0.0,-0.521,0.0,0.0,32,18,0.5625,9.44,16.78,17.16,0.55,3.22,0.5318,0.0625,0.3125,0.1875,0,60.3,61.4,60.3,-1.1,5.58,0.0684,0.0,0.7,60.6,1.44,2.0,0.56
00-0036254,Collin Johnson,WR,JAX,2020,10,9,0.0,0.0,3.1,0.0838,0.1185,0.2086,0,,,,,,,,,,,0,,,,,,31,18,0.5806,8.77,15.11,12.1,0.725,3.61,0.36,0.0645,0.3871,0.2258,0,59.2,63.3,59.2,-4.1,6.33,0.0795,0.0,0.0,63.3,2.69,2.0,-0.69
00-0036233,Donovan Peoples-Jones,WR,CLE,2020,7,5,0.0,0.0,2.86,0.0962,0.1683,0.2622,0,,,,,,,,,,,0,,,,,,20,14,0.7,15.2,21.71,17.2,0.884,5.5,0.9984,0.1,0.5,0.45,0,58.4,37.4,58.4,21.0,5.34,0.0695,0.0,0.0,37.4,0.99,2.0,1.01
00-0032009,Adam Humphries,WR,TEN,2020,7,7,0.0,0.0,5.0,0.1497,0.1668,0.3412,0,,,,,1.0,-0.4748,,,,,0,,,,,,35,23,0.6571,6.51,9.91,9.57,0.681,1.96,0.1551,0.0571,0.3143,0.1143,0,57.8,57.2,57.8,0.6,8.17,0.0994,0.0,0.0,57.2,1.55,2.0,0.45
00-0027150,Julian Edelman,WR,NE,2020,6,6,0.33,0.33,6.5,0.2281,0.3556,0.591,2,1.0,19.0,0.0,0.0,0.0,1.7222,17.173,-19.0,1.0,0.5,2,11.0,0.0,0.7437,0.5,0.5,39,21,0.5385,8.08,15.0,10.28,0.786,3.05,-0.0089,0.0,0.4615,0.2308,0,56.2,68.5,56.2,-12.3,11.42,0.1589,0.4,1.5,66.7,1.5,0.0,-1.5
00-0033471,Isaiah Ford,WR,MIA,2020,9,6,0.0,0.0,4.89,0.1322,0.1565,0.3079,0,,,,,,,,,,,0,,,,,,44,28,0.6364,6.27,9.86,9.2,0.681,2.43,0.1058,0.0,0.4091,0.0682,0,55.6,71.4,55.6,-15.8,7.94,0.1002,0.0,0.0,71.4,1.09,0.0,-1.09
00-0035527,Andy Isabella,WR,ARI,2020,11,11,0.0,0.09,3.18,0.0968,0.1269,0.234,0,,,,,,,,,,,1,-6.0,0.0,-1.8032,0.0,0.0,35,21,0.6,6.4,10.67,11.26,0.569,3.9,-0.3872,0.0571,0.2857,0.1143,0,54.8,64.0,54.8,-9.2,5.81,0.0676,0.0,0.7,63.3,2.0,2.0,0.0
00-0036364,Lynn Bowden,WR,MIA,2020,9,6,0.22,1.0,4.11,0.1022,0.0631,0.1975,2,0.5,16.0,0.0,0.0,0.0,0.9253,-13.413,1.882,0.5,0.5,9,3.56,0.0,0.0655,0.3333,0.1111,37,28,0.7568,5.7,7.54,5.0,1.141,4.0,-0.1891,0.0,0.3514,0.0541,0,53.6,61.9,53.6,-8.3,6.88,0.0772,0.7,6.5,54.7,1.13,0.0,-1.13
00-0035208,Olamide Zaccheaus,WR,ATL,2020,9,9,0.0,0.11,3.56,0.0963,0.148,0.248,0,,,,,,,,,,,1,0.0,0.0,-1.8025,0.0,0.0,32,20,0.625,8.56,13.7,13.75,0.623,3.15,0.3856,0.0312,0.5,0.125,0,53.4,59.3,53.4,-5.9,6.59,0.0742,0.0,0.4,58.9,1.46,1.0,-0.46
00-0036331,Devin Duvernay,WR,BAL,2020,14,12,0.0,0.29,1.86,0.0753,0.0484,0.1468,0,,,,,,,,,,,4,17.5,0.0,1.2558,0.75,0.5,26,20,0.7692,7.73,10.05,6.19,1.248,5.9,0.1625,0.0,0.3077,0.1538,0,53.1,44.8,47.1,2.3,3.2,0.0445,0.0,3.5,41.4,0.65,0.0,-0.65
00-0034309,Chad Beebe,WR,MIN,2020,10,8,0.0,0.0,3.0,0.0867,0.0792,0.1855,0,,,,,,,,,,,0,,,,,,30,20,0.6667,6.7,10.05,6.03,1.11,3.65,0.2034,0.0667,0.4,0.1,0,52.1,45.5,52.1,6.6,4.55,0.0538,0.0,0.0,45.5,0.95,2.0,1.05
00-0034418,Cedrick Wilson Jr.,WR,DAL,2020,10,8,0.2,0.3,2.8,0.0628,0.0629,0.1382,2,1.0,11.5,0.5,0.0,0.0,1.4115,41.319,11.5,0.5,0.0,3,-4.0,0.0,-1.9242,0.0,0.0,28,17,0.6071,6.75,11.12,8.71,0.775,6.65,0.1474,0.0714,0.3571,0.1071,0,51.6,54.0,51.6,-2.3,5.4,0.06,1.9,1.9,50.2,2.41,3.0,0.59
00-0035215,Deonte Harty,WR,NO,2020,9,9,0.0,0.67,2.78,0.0886,0.0588,0.174,0,,,,,,,,,,,6,8.5,0.0,0.4082,0.3333,0.3333,25,20,0.8,7.44,9.3,4.04,1.842,6.35,0.4839,0.04,0.4,0.16,0,49.7,46.7,49.7,3.0,5.19,0.0647,0.0,5.7,41.0,1.36,1.0,-0.36
00-0036142,Isaiah Wright,WR,WAS,2020,11,9,0.09,0.27,3.18,0.0781,0.0451,0.1488,1,0.0,0.0,0.0,0.0,0.0,-0.5598,0.0,-0.0,0.0,0.0,3,5.33,0.0,0.0625,0.0,0.0,35,27,0.7714,5.63,7.3,3.89,1.449,5.3,0.0264,0.0,0.2857,0.0286,0,48.3,54.3,48.3,-6.0,4.94,0.0637,0.2,2.1,52.0,0.73,0.0,-0.73
00-0036415,Van Jefferson,WR,LA,2020,13,10,0.0,0.08,2.38,0.0687,0.1183,0.1859,0,,,,,,,,,,,1,-1.0,0.0,-0.7734,0.0,0.0,31,19,0.6129,7.1,11.58,11.32,0.627,2.42,0.0569,0.0323,0.3548,0.0968,0,46.9,54.7,46.9,-7.8,4.21,0.0488,0.0,0.7,54.0,1.26,1.0,-0.26
00-0033840,Chad Hansen,WR,HOU,2020,5,2,0.0,0.0,4.8,0.1437,0.1803,0.3417,0,,,,,,,,,,,0,,,,,,24,17,0.7083,9.83,13.88,12.08,0.814,2.29,0.4209,0.0417,0.5,0.2083,0,46.6,40.3,46.6,6.3,8.06,0.1,0.0,0.0,40.3,0.18,1.0,0.82
00-0028411,Dontrelle Inman,WR,WAS,2020,7,7,0.0,0.0,4.0,0.1144,0.1367,0.2673,0,,,,,,,,,,,0,,,,,,28,18,0.6429,5.82,9.06,8.25,0.706,2.44,0.1834,0.0714,0.3929,0.0357,0,46.3,44.1,46.3,2.2,6.29,0.0863,0.0,0.0,44.1,0.8,2.0,1.2
00-0026189,DeSean Jackson,WR,PHI,2020,5,4,0.0,0.2,5.2,0.1257,0.2128,0.3375,0,,,,,,,,,,,1,12.0,0.0,0.8161,1.0,1.0,26,14,0.5385,9.08,16.86,16.62,0.546,4.64,0.2822,0.0385,0.3846,0.1538,0,44.8,45.3,44.8,-0.5,9.07,0.0991,0.0,0.8,44.5,0.75,1.0,0.25
00-0029632,Mohamed Sanu,WR,DET,2020,7,4,0.0,0.14,3.43,0.0982,0.1245,0.2344,0,,,,,,,,,,,1,3.0,0.0,0.4822,1.0,0.0,24,17,0.7083,7.79,11.0,12.04,0.647,2.18,0.7181,0.0417,0.5417,0.1667,0,44.0,44.0,44.0,0.0,6.28,0.0754,0.0,0.4,43.6,0.75,1.0,0.25
00-0036219,Marquez Callaway,WR,NO,2020,6,4,0.0,0.0,4.5,0.1322,0.171,0.3179,0,,,,,,,,,,,0,,,,,,27,21,0.7778,7.89,10.14,8.37,0.942,2.76,0.394,0.0,0.3704,0.1111,0,42.3,44.4,42.3,-2.1,7.4,0.0845,0.0,0.0,44.4,0.47,0.0,-0.47
00-0034297,Byron Pringle,WR,KC,2020,5,4,0.0,0.0,3.4,0.0941,0.1522,0.2476,0,,,,,,,,,,,0,,,,,,17,13,0.7647,9.41,12.31,10.18,0.925,5.23,0.8876,0.0588,0.5294,0.1765,0,41.0,30.4,35.0,4.6,6.09,0.0688,0.0,0.0,30.4,1.06,1.0,-0.06
00-0036427,Tyler Johnson,WR,TB,2020,10,7,0.0,0.0,1.7,0.0434,0.0467,0.0978,0,,,,,,,,,,,0,,,,,,17,12,0.7059,9.94,14.08,9.94,1.0,6.0,0.68,0.1176,0.5294,0.2941,0,40.9,39.1,40.9,1.8,3.91,0.0427,0.0,0.0,39.1,2.25,2.0,-0.25
00-0036247,Freddie Swain,WR,SEA,2020,12,10,0.0,0.0,1.75,0.0521,0.0567,0.1179,0,,,,,,,,,,,0,,,,,,21,13,0.619,7.57,12.23,10.71,0.707,7.77,0.2171,0.0952,0.2857,0.2381,0,40.9,38.2,40.9,2.7,3.18,0.0377,0.0,0.0,38.2,1.69,2.0,0.31
00-0032980,Marcus Johnson,WR,IND,2020,8,8,0.0,0.0,3.5,0.0958,0.2262,0.3021,0,,,,,,,,,,,0,,,,,,28,14,0.5,9.11,18.21,17.39,0.524,3.5,0.3141,0.0,0.3929,0.25,0,39.5,51.1,39.5,-11.6,6.38,0.079,0.0,0.0,51.1,0.99,0.0,-0.99
00-0033555,Mack Hollins,WR,MIA,2020,9,6,0.0,0.0,2.78,0.0764,0.1053,0.1883,0,,,,,,,,,,,0,,,,,,25,16,0.64,7.04,11.0,9.6,0.733,1.81,-0.0659,0.04,0.28,0.12,1,37.6,43.5,37.6,-5.9,4.84,0.0588,0.0,0.0,43.5,1.07,1.0,-0.07
00-0033891,Zay Jones,WR,LV,2020,11,9,0.09,0.0,1.82,0.0519,0.0435,0.1083,1,1.0,29.0,0.0,0.0,0.0,2.2214,60.271,1.115,1.0,1.0,0,,,,,,20,14,0.7,7.7,11.0,7.1,1.085,4.64,-0.0581,0.05,0.3,0.15,0,36.6,37.7,36.6,-1.1,3.42,0.0405,0.7,0.0,36.9,1.45,1.0,-0.45
00-0036365,Bryan Edwards,WR,LV,2020,9,7,0.0,0.0,1.67,0.0521,0.0502,0.1133,0,,,,,,,,,,,0,,,,,,15,11,0.7333,12.87,17.55,8.47,1.52,7.27,0.7888,0.0667,0.6,0.4,0,36.3,27.9,36.3,8.4,3.1,0.0381,0.0,0.0,27.9,0.89,1.0,0.11
00-0035006,Bisi Johnson,WR,MIN,2020,8,7,0.0,0.0,2.38,0.0776,0.0881,0.178,0,,,,,,,,,,,0,,,,,,19,14,0.7368,9.95,13.5,11.32,0.879,3.5,0.2441,0.0,0.4737,0.3158,0,34.9,33.2,34.9,1.7,4.15,0.0525,0.0,0.0,33.2,0.39,0.0,-0.39
00-0034407,Ray-Ray McCloud,WR,PIT,2020,11,9,0.0,0.36,2.0,0.0481,-0.0098,0.0653,0,,,,,,,,,,,4,16.25,0.0,0.7588,0.25,0.25,22,20,0.9091,3.5,3.85,-1.5,-2.333,5.25,0.0041,0.0,0.1818,0.0,0,34.2,36.8,34.2,-2.5,3.34,0.0386,0.0,5.2,31.5,0.73,0.0,-0.73
00-0035510,Jeff Smith,WR,NYJ,2020,8,8,0.0,0.0,4.62,0.145,0.2002,0.3576,0,,,,,1.0,-1.9229,,,,,0,,,,,,37,17,0.4595,4.51,9.82,12.65,0.357,2.88,-0.291,0.0,0.2432,0.0541,0,33.7,56.1,33.7,-22.4,7.02,0.1138,0.0,0.0,56.1,1.1,0.0,-1.1
00-0035287,KeeSean Johnson,WR,ARI,2020,8,5,0.0,0.0,2.88,0.083,0.0942,0.1904,0,,,,,,,,,,,0,,,,,,23,15,0.6522,7.52,11.53,10.87,0.692,3.33,-0.1082,0.0,0.3043,0.087,0,32.3,42.8,32.3,-10.5,5.36,0.062,0.0,0.0,42.8,1.38,0.0,-1.38
00-0030085,Kenny Stills,WR,HOU,2020,7,7,0.0,0.0,2.71,0.0856,0.1227,0.2143,0,,,,,,,,,,,0,,,,,,19,11,0.5789,7.58,13.09,12.53,0.605,1.55,0.2106,0.0526,0.4211,0.2632,0,31.4,32.7,31.4,-1.3,4.67,0.0653,0.0,0.0,32.7,0.68,1.0,0.32
00-0033572,Jamal Agnew,WR,DET,2020,12,11,0.08,0.5,1.67,0.0498,0.0337,0.0984,1,0.0,0.0,0.0,0.0,0.0,-0.4682,-38.952,0.0,0.0,0.0,6,5.5,0.0,-0.2951,0.5,0.3333,20,13,0.65,4.45,6.85,4.85,0.918,7.77,-0.2662,0.0,0.2,0.1,0,31.2,35.9,25.2,-10.7,2.99,0.0368,1.7,4.2,29.9,1.01,0.0,-1.01
00-0033114,Mike Thomas,WR,CIN,2020,10,9,0.0,0.1,2.1,0.051,0.0541,0.1144,0,,,,,,,,,,,1,1.0,0.0,-0.4427,0.0,0.0,21,13,0.619,6.29,10.15,8.62,0.729,2.15,-0.313,0.0476,0.3333,0.0952,1,30.3,31.8,30.3,-1.5,3.18,0.0371,0.0,0.7,31.1,0.45,1.0,0.55
00-0034652,Cameron Batson,WR,TEN,2020,9,7,0.0,0.44,1.44,0.0491,0.0372,0.0997,0,,,,,,,,,,,4,5.0,0.0,-0.107,0.5,0.25,13,12,0.9231,7.69,8.33,6.15,1.25,3.58,0.8443,0.0769,0.5385,0.0769,0,30.0,25.9,30.0,4.1,2.88,0.0391,0.0,4.9,21.0,1.07,1.0,-0.07
00-0033591,Noah Brown,WR,DAL,2020,9,8,0.0,0.11,2.67,0.064,0.0885,0.158,0,,,,,,,,,,,1,4.0,0.0,-0.1814,0.0,0.0,24,14,0.5833,6.42,11.0,10.29,0.623,3.36,0.2262,0.0,0.25,0.125,0,29.8,40.9,29.8,-11.1,4.54,0.0471,0.0,0.6,40.2,0.53,0.0,-0.53
00-0034646,Brandon Powell,WR,ATL,2020,10,8,0.0,0.2,1.8,0.0467,0.0244,0.0871,0,,,,,,,,,,,2,3.5,0.0,-0.2915,0.0,0.0,18,12,0.6667,3.83,5.75,4.61,0.831,2.83,-0.2486,0.1111,0.2778,0.0,1,29.6,32.3,29.6,-2.7,3.23,0.0391,0.0,1.4,30.9,1.34,2.0,0.66
00-0034854,KhaDarel Hodge,WR,CLE,2020,7,6,0.0,0.0,2.43,0.1064,0.162,0.273,0,,,,,,,,,,,0,,,,,,17,11,0.6471,10.59,16.36,16.35,0.647,2.09,0.6168,0.0,0.6471,0.2353,0,29.0,34.3,29.0,-5.3,4.9,0.067,0.0,0.0,34.3,1.18,0.0,-1.18
00-0034686,Auden Tate,WR,CIN,2020,8,8,0.0,0.0,2.75,0.0755,0.0834,0.1717,0,,,,,,,,,,,0,,,,,,22,14,0.6364,6.82,10.71,9.41,0.725,4.14,0.1129,0.0,0.4091,0.0909,0,29.0,39.3,29.0,-10.3,4.92,0.0614,0.0,0.0,39.3,1.68,0.0,-1.68
00-0036398,John Hightower,WR,PHI,2020,10,9,0.0,0.1,2.9,0.0847,0.1818,0.2543,0,,,,,,,,,,,1,1.0,0.0,-0.5565,0.0,0.0,29,10,0.3448,5.76,16.7,22.59,0.255,5.7,-0.293,0.0,0.1724,0.069,0,28.8,52.8,28.8,-24.0,5.28,0.0688,0.0,0.7,52.1,1.54,0.0,-1.54
00-0032464,Kalif Raymond,WR,TEN,2020,8,7,0.0,0.12,1.88,0.0597,0.119,0.1729,0,,,,,,,,,,,1,-3.0,0.0,-1.2241,0.0,0.0,15,9,0.6,12.47,20.78,17.53,0.711,4.22,0.4541,0.0,0.4667,0.2667,0,27.4,29.6,27.4,-2.2,3.7,0.0473,0.0,1.0,28.6,0.53,0.0,-0.53
00-0034132,Christian Blake,WR,ATL,2020,7,6,0.0,0.0,2.57,0.0714,0.0745,0.1594,0,,,,,,,,,,,0,,,,,,18,13,0.7222,7.83,10.85,9.61,0.815,2.0,0.0751,0.0,0.3333,0.2778,0,27.1,31.5,27.1,-4.4,4.5,0.052,0.0,0.0,31.5,0.43,0.0,-0.43
00-0028237,Chris Hogan,WR,NYJ,2020,5,5,0.0,0.0,5.2,0.1539,0.2301,0.3919,0,,,,,,,,,,,0,,,,,,26,14,0.5385,4.54,8.43,9.96,0.456,2.86,-0.2536,0.0,0.2308,0.0769,0,25.8,41.2,25.8,-15.4,8.24,0.1291,0.0,0.0,41.2,1.27,0.0,-1.27
00-0035645,Gunner Olszewski,WR,NE,2020,6,5,0.0,0.83,0.83,0.0287,0.0239,0.0598,0,,,,,,,,,,,5,4.6,0.0,-0.2805,0.2,0.2,5,5,1.0,12.4,12.4,5.4,2.296,7.0,1.3953,0.2,0.6,0.2,0,25.5,12.1,19.5,7.4,2.02,0.0277,0.0,4.7,7.5,0.36,1.0,0.64
00-0034279,Equanimeous St. Brown,WR,GB,2020,8,6,0.0,0.12,1.62,0.0524,0.077,0.1325,0,,,,,,,,,,,1,7.0,0.0,0.5275,1.0,0.0,13,7,0.5385,9.0,16.71,12.08,0.745,8.43,0.4443,0.0769,0.4615,0.2308,0,25.4,24.0,25.4,1.4,3.0,0.039,0.0,0.8,23.2,0.76,1.0,0.24
00-0032543,Alex Erickson,WR,CIN,2020,9,6,0.11,0.56,1.89,0.0666,0.0579,0.1404,1,0.0,0.0,0.0,0.0,0.0,-0.4891,-41.54,0.0,0.0,0.0,5,1.4,0.0,-1.218,0.0,0.0,17,12,0.7059,8.18,11.58,7.18,1.139,5.58,0.1578,0.0,0.2941,0.1176,1,24.6,28.6,24.6,-4.0,3.17,0.0467,0.3,3.5,24.8,0.26,0.0,-0.26
00-0036271,Quez Watkins,WR,PHI,2020,4,1,0.0,0.0,3.25,0.0998,0.0848,0.2091,0,,,,,,,,,,,0,,,,,,13,7,0.5385,8.15,15.14,9.46,0.862,8.29,0.1412,0.0769,0.3077,0.1538,0,23.6,21.7,23.6,1.9,5.42,0.067,0.0,0.0,21.7,0.55,1.0,0.45
00-0029137,Alshon Jeffery,WR,PHI,2020,7,5,0.0,0.0,1.86,0.0521,0.0807,0.1346,0,,,,,,,,,,,0,,,,,,13,6,0.4615,8.85,19.17,14.46,0.612,4.17,0.3202,0.0769,0.3846,0.2308,0,23.5,21.6,23.5,1.9,3.08,0.0413,0.0,0.0,21.6,0.45,1.0,0.55
00-0032951,Laquon Treadwell,WR,ATL,2020,4,1,0.0,0.0,1.75,0.046,0.0356,0.0939,0,,,,,,,,,,,0,,,,,,7,6,0.8571,7.0,8.17,5.57,1.256,2.17,0.5524,0.2857,0.5714,0.0,0,22.9,16.3,22.9,6.6,4.07,0.0477,0.0,0.0,16.3,1.26,2.0,0.74
00-0027902,Dez Bryant,WR,BAL,2020,4,2,0.0,0.0,2.75,0.1121,0.0686,0.2162,0,,,,,,,,,,,0,,,,,,11,6,0.5455,4.27,7.83,4.73,0.904,5.67,0.1359,0.1818,0.2727,0.0909,0,22.7,19.8,22.7,2.9,4.95,0.0653,0.0,0.0,19.8,0.85,2.0,1.15
00-0035848,De'Michael Harris,WR,IND,2020,6,6,0.0,1.0,1.67,0.0419,0.0136,0.0724,0,,,,,,,,,,,6,7.67,0.0,-0.1061,0.5,0.5,10,10,1.0,7.9,7.9,1.6,4.938,6.3,0.4229,0.0,0.3,0.1,0,22.5,19.3,22.5,3.2,3.21,0.0375,0.0,4.8,14.5,0.23,0.0,-0.23
00-0033367,C.J. Board,WR,NYG,2020,9,8,0.0,0.11,1.78,0.0606,0.0753,0.1436,0,,,,,,,,,,,1,3.0,0.0,-0.0885,0.0,0.0,16,11,0.6875,6.31,9.18,10.0,0.631,3.0,0.1463,0.0,0.375,0.0625,0,21.4,25.4,21.4,-4.0,2.82,0.041,0.0,0.7,24.6,0.16,0.0,-0.16
00-0033292,Trent Taylor,WR,SF,2020,7,7,0.0,0.0,3.0,0.0894,0.0804,0.1903,0,,,,,,,,,,,0,,,,,,21,10,0.4762,4.1,8.6,5.57,0.735,4.3,-0.6152,0.0,0.2381,0.0952,0,18.6,36.5,18.6,-17.9,5.21,0.0671,0.0,0.0,36.5,1.59,0.0,-1.59
00-0035480,Malik Taylor,WR,GB,2020,6,6,0.0,0.17,1.0,0.0298,0.0205,0.0591,0,,,,,,,,,,,1,9.0,0.0,0.7342,0.0,0.0,6,5,0.8333,11.0,13.2,6.67,1.65,9.4,1.2227,0.1667,0.6667,0.3333,0,18.5,13.7,18.5,4.8,2.28,0.0274,0.0,0.6,13.1,0.92,1.0,0.08
00-0034860,Dante Pettis,WR,SF,2020,3,1,0.0,0.0,2.0,0.0615,0.1285,0.1821,0,,,,,,,,,,,0,,,,,,6,4,0.6667,12.67,19.0,18.33,0.691,1.5,0.804,0.1667,0.5,0.3333,0,17.6,12.0,17.6,5.6,3.99,0.0598,0.0,0.0,12.0,0.46,1.0,0.54
00-0034426,Javon Wims,WR,CHI,2020,9,7,0.0,0.11,1.33,0.039,0.0651,0.1041,0,,,,,,,,,,,1,2.0,0.0,-0.3384,0.0,0.0,12,6,0.5,4.0,8.0,14.75,0.271,0.67,-0.1059,0.0833,0.3333,0.0,0,17.0,22.0,17.0,-5.0,2.45,0.0303,0.0,0.8,21.2,0.79,1.0,0.21
00-0034386,Justin Watson,WR,TB,2020,3,3,0.0,0.0,3.67,0.0926,0.1169,0.2208,0,,,,,,,,,,,0,,,,,,11,7,0.6364,8.55,13.43,9.64,0.887,2.71,-1.1726,0.0,0.4545,0.0909,0,16.4,17.9,16.4,-1.5,5.97,0.0717,0.0,0.0,17.9,0.15,0.0,-0.15
00-0035869,Austin Mack,WR,NYG,2020,5,3,0.0,0.0,2.2,0.0712,0.0793,0.1623,0,,,,,,,,,,,0,,,,,,11,7,0.6364,8.27,13.0,8.27,1.0,5.29,0.4486,0.0,0.4545,0.0909,0,16.1,18.6,16.1,-2.5,3.71,0.0588,0.0,0.0,18.6,0.79,0.0,-0.79
00-0032200,Ty Montgomery,WR,NO,2020,4,2,0.0,4.75,1.5,0.0464,0.0085,0.0756,0,,,,,,,,,,,19,5.32,0.0,0.0016,0.2105,0.1579,6,3,0.5,4.5,9.0,1.67,2.7,11.0,-0.3991,0.0,0.1667,0.1667,0,15.8,20.7,15.8,-4.9,5.17,0.0612,0.0,11.2,9.4,0.48,0.0,-0.48
00-0035639,Parris Campbell,WR,IND,2020,2,2,0.0,1.0,4.5,0.0978,0.1851,0.2763,0,,,,,,,,,,,2,8.0,0.0,0.2537,1.0,0.0,9,6,0.6667,7.89,11.83,11.89,0.664,3.0,-0.0605,0.0,0.4444,0.3333,0,14.7,15.3,14.7,-0.6,7.63,0.0913,0.0,1.4,13.9,0.16,0.0,-0.16
00-0035246,J.J. Arcega-Whiteside,WR,PHI,2020,5,4,0.0,0.0,1.6,0.046,0.0743,0.121,0,,,,,,,,,,,0,,,,,,8,4,0.5,10.62,21.25,15.12,0.702,2.75,-0.197,0.0,0.5,0.25,0,14.5,14.0,14.5,0.5,2.79,0.0334,0.0,0.0,14.0,0.52,0.0,-0.52
00-0036382,K.J. Hill,WR,LAC,2020,5,4,0.0,0.0,2.2,0.0563,0.0471,0.1174,0,,,,,,,,,,,0,,,,,,11,7,0.6364,6.64,10.43,7.18,0.924,2.57,0.0058,0.0,0.1818,0.0909,0,14.3,17.1,14.3,-2.8,3.43,0.0405,0.0,0.0,17.1,0.12,0.0,-0.12
00-0035406,Lil'Jordan Humphrey,WR,NO,2020,2,0,0.0,0.0,2.5,0.0778,0.1072,0.1918,0,,,,,,,,,,,0,,,,,,5,3,0.6,9.2,15.33,10.6,0.868,3.33,-0.393,0.2,0.6,0.4,0,13.6,8.8,13.6,4.8,4.42,0.0596,0.0,0.0,8.8,0.32,1.0,0.68
00-0031319,Diontae Spencer,WR,DEN,2020,4,2,0.0,0.75,1.5,0.0411,0.0216,0.0768,0,,,,,,,,,,,3,6.33,0.0,0.4162,0.3333,0.0,6,3,0.5,4.33,8.67,5.5,0.788,4.0,0.1311,0.0,0.1667,0.0,0,13.5,11.0,7.5,-3.5,2.75,0.0337,0.0,2.1,8.9,0.07,0.0,-0.07
00-0033006,Jaydon Mickens,WR,TB,2020,2,2,0.0,0.0,5.0,0.1244,0.0999,0.2565,0,,,,,,,,,,,0,,,,,,10,7,0.7,5.8,8.29,7.3,0.795,4.43,0.4593,0.0,0.6,0.0,0,12.8,16.8,12.8,-4.0,8.38,0.1022,0.0,0.0,16.8,0.4,0.0,-0.4
00-0036439,Tyrie Cleveland,WR,DEN,2020,5,4,0.0,0.0,1.8,0.0484,0.0557,0.1116,0,,,,,,,,,,,0,,,,,,9,6,0.6667,7.0,10.5,8.78,0.797,3.0,0.3239,0.0,0.4444,0.2222,0,12.3,12.8,12.3,-0.5,2.57,0.0315,0.0,0.0,12.8,0.08,0.0,-0.08
00-0033111,Pharoh Cooper,WR,CAR,2020,5,2,0.0,0.0,1.6,0.0454,0.0563,0.1075,0,,,,,,,,,,,0,,,,,,8,5,0.625,9.12,14.6,9.88,0.924,7.0,0.3331,0.0,0.375,0.125,0,12.3,13.0,12.3,-0.7,2.6,0.0339,0.0,0.0,13.0,0.04,0.0,-0.04
00-0033382,Austin Carr,WR,NO,2020,4,2,0.0,0.0,1.0,0.0308,0.0361,0.0714,0,,,,,,,,,,,0,,,,,,4,3,0.75,6.75,9.0,8.0,0.844,3.67,0.6562,0.25,0.75,0.0,0,11.7,10.7,11.7,1.0,2.67,0.0317,0.0,0.0,10.7,0.94,1.0,0.06
00-0036110,Ja'Marcus Bradley,WR,CLE,2020,1,0,0.0,0.0,11.0,0.22,0.3058,0.5441,0,,,,,,,,,,,0,,,,,,11,5,0.4545,5.45,12.0,11.45,0.476,2.2,0.0948,0.0,0.1818,0.1818,0,11.0,17.3,11.0,-6.3,17.3,0.1809,0.0,0.0,17.3,0.24,0.0,-0.24
00-0034081,Steven Mitchell,WR,HOU,2020,3,1,0.0,0.0,2.67,0.0903,0.151,0.2411,0,,,,,,,,,,,0,,,,,,8,5,0.625,7.5,12.0,13.75,0.545,2.0,0.5896,0.0,0.375,0.125,0,11.0,14.6,11.0,-3.6,4.86,0.0609,0.0,0.0,14.6,0.43,0.0,-0.43
00-0034273,Damion Ratley,WR,NYG,2020,5,5,0.0,0.0,2.0,0.0583,0.0888,0.1495,0,,,,,,,,,,,0,,,,,,10,4,0.4,6.3,15.75,10.4,0.606,2.5,-0.3561,0.0,0.2,0.2,0,10.3,17.8,10.3,-7.5,3.55,0.0504,0.0,0.0,17.8,0.71,0.0,-0.71
00-0034054,River Cracraft,WR,SF,2020,3,1,0.0,0.0,3.0,0.0843,0.0796,0.1822,0,,,,,,,,,,,0,,,,,,9,6,0.6667,4.56,6.83,6.44,0.707,1.83,0.0262,0.0,0.2222,0.0,0,10.1,14.4,10.1,-4.3,4.8,0.0585,0.0,0.0,14.4,0.53,0.0,-0.53
00-0034487,Trent Sherfield,WR,ARI,2020,2,1,0.0,0.0,3.5,0.1254,0.187,0.319,0,,,,,,,,,,,0,,,,,,7,5,0.7143,7.14,10.0,11.71,0.61,5.4,-1.0699,0.0,0.2857,0.1429,0,10.0,11.2,10.0,-1.2,5.58,0.0809,0.0,0.0,11.2,0.16,0.0,-0.16
00-0035181,Darrius Shepherd,WR,GB,2020,6,6,0.0,0.0,1.33,0.0409,0.0706,0.1108,0,,,,,,,,,,,0,,,,,,8,5,0.625,5.75,9.2,15.0,0.383,3.6,0.0708,0.0,0.125,0.25,0,9.6,18.9,9.6,-9.3,3.14,0.0371,0.0,0.0,18.9,1.12,0.0,-1.12
00-0034348,Courtland Sutton,WR,DEN,2020,1,1,0.0,0.0,6.0,0.1579,0.2058,0.3809,0,,,,,,,,,,,0,,,,,,6,3,0.5,11.0,22.0,17.67,0.623,2.33,-0.7694,0.0,0.3333,0.3333,0,9.6,9.9,9.6,-0.3,9.86,0.137,0.0,0.0,9.9,0.09,0.0,-0.09
00-0035021,Ashton Dulin,WR,IND,2020,7,5,0.0,0.29,0.86,0.0298,0.018,0.0573,0,,,,,,,,,,,2,5.5,0.0,0.0373,0.0,0.0,6,3,0.5,8.83,17.67,5.17,1.71,9.33,0.3073,0.0,0.3333,0.1667,0,9.4,11.1,9.4,-1.7,1.59,0.0211,0.0,1.4,9.8,0.12,0.0,-0.12
00-0031787,Jake Kumerow,WR,BUF,2020,1,0,0.0,0.0,1.0,0.0263,0.0545,0.0776,0,,,,,,,,,,,0,,,,,,1,1,1.0,22.0,22.0,22.0,1.0,0.0,3.948,1.0,1.0,1.0,0,9.2,3.0,9.2,6.2,3.02,0.0298,0.0,0.0,3.0,0.33,1.0,0.67
00-0036377,Joe Reed,WR,LAC,2020,3,3,0.0,1.67,0.33,0.0081,-0.0097,0.0054,0,,,,,,,,,,,5,5.8,0.2,0.0454,0.2,0.0,1,0,0.0,0.0,,-9.0,-0.0,,-0.9312,0.0,0.0,0.0,0,8.9,5.9,8.9,3.0,1.97,0.0207,0.0,4.7,1.2,0.32,1.0,0.68
00-0036182,Nick Westbrook-Ikhine,WR,TEN,2020,7,5,0.0,0.0,1.14,0.0407,0.0439,0.0918,0,,,,,,,,,,,0,,,,,,8,3,0.375,4.12,11.0,10.25,0.402,1.67,-0.2348,0.0,0.375,0.125,0,8.3,14.7,8.3,-6.4,2.1,0.0232,0.0,0.0,14.7,0.43,0.0,-0.43
00-0035590,Riley Ridley,WR,CHI,2020,2,2,0.0,0.0,2.0,0.044,0.0528,0.103,0,,,,,,,,,,,0,,,,,,4,4,1.0,9.75,9.75,9.0,1.083,0.75,1.1949,0.0,0.75,0.25,0,7.9,6.1,7.9,1.8,3.06,0.0338,0.0,0.0,6.1,0.07,0.0,-0.07
00-0031166,Seth Roberts,WR,CAR,2020,3,3,0.0,0.0,2.0,0.0659,0.0806,0.1553,0,,,,,,,,,,,0,,,,,,6,4,0.6667,5.17,7.75,7.33,0.705,5.5,-0.1726,0.0,0.3333,0.0,0,7.1,10.2,7.1,-3.1,3.39,0.0439,0.0,0.0,10.2,0.05,0.0,-0.05
00-0027691,Andre Roberts,WR,BUF,2020,3,2,0.0,0.33,1.67,0.0428,0.0433,0.0945,0,,,,,,,,,,,1,-3.0,0.0,-1.1336,0.0,0.0,5,4,0.8,6.8,8.5,9.6,0.708,1.25,-0.3248,0.0,0.4,0.2,0,7.1,11.5,7.1,-4.4,3.83,0.0412,0.0,0.8,10.7,0.51,0.0,-0.51
00-0036100,Isaiah Zuber,WR,NE,2020,4,4,0.0,0.5,0.5,0.0201,-0.0019,0.0289,0,,,,,,,,,,,2,10.5,0.0,0.7621,1.0,0.5,2,2,1.0,14.5,14.5,-0.5,-29.0,15.0,0.5322,0.0,0.5,0.5,0,7.0,3.9,7.0,3.1,0.96,0.0141,0.0,1.5,2.3,0.04,0.0,-0.04
00-0025396,Ted Ginn,WR,CHI,2020,3,3,0.0,0.0,2.0,0.0455,0.0833,0.1266,0,,,,,,,,,,,0,,,,,,6,3,0.5,6.67,13.33,20.17,0.331,3.33,-0.1018,0.0,0.1667,0.1667,0,7.0,10.7,7.0,-3.7,3.57,0.0411,0.0,0.0,10.7,0.16,0.0,-0.16
00-0030525,Tavon Austin,WR,GB,2020,3,1,0.0,0.0,1.67,0.0632,-0.0389,0.0675,0,,,,,,,,,,,0,,,,,,5,5,1.0,4.0,4.0,-4.4,-0.909,8.4,-0.0614,0.0,0.2,0.0,0,7.0,7.2,7.0,-0.2,2.42,0.0335,0.0,0.0,7.2,0.07,0.0,-0.07
00-0033859,Josh Malone,WR,NYJ,2020,1,1,0.0,1.0,6.0,0.1875,0.1181,0.3639,0,,,,,,,,,,,1,12.0,0.0,0.4781,1.0,1.0,6,4,0.6667,2.67,4.0,2.83,0.941,2.0,-0.6793,0.0,0.1667,0.0,0,6.8,9.3,6.8,-2.5,9.33,0.158,0.0,0.9,8.4,0.07,0.0,-0.07
00-0034052,Brandon Zylstra,WR,CAR,2020,4,3,0.0,0.25,1.0,0.0278,0.055,0.0801,0,,,,,,,,,,,1,1.0,0.0,-0.3698,0.0,0.0,4,3,0.75,8.75,11.67,13.75,0.636,5.0,1.4429,0.0,0.75,0.25,0,6.6,7.4,6.6,-0.8,1.85,0.0241,0.0,1.1,6.3,0.17,0.0,-0.17
00-0035313,Terry Godwin,WR,JAX,2020,2,1,0.0,0.5,3.0,0.0794,0.1395,0.2168,0,,,,,,,,,,,1,3.0,0.0,-0.4259,0.0,0.0,6,3,0.5,5.33,10.67,11.67,0.457,1.0,-0.3391,0.0,0.3333,0.1667,0,6.5,9.6,6.5,-3.1,4.79,0.0716,0.0,0.7,8.9,0.19,0.0,-0.19
00-0034510,Robert Foster,WR,WAS,2020,3,1,0.0,0.0,2.0,0.0498,0.1087,0.1508,0,,,,,,,,,,,0,,,,,,6,2,0.3333,6.17,18.5,14.0,0.44,16.0,0.2743,0.0,0.3333,0.1667,0,5.7,9.5,5.7,-3.8,3.16,0.0385,0.0,0.0,9.5,0.27,0.0,-0.27
00-0034653,Deontay Burnett,WR,PHI,2020,1,1,0.0,0.0,4.0,0.0909,0.0425,0.1661,0,,,,,,,,,,,0,,,,,,4,3,0.75,4.75,6.33,3.75,1.267,1.33,-0.0976,0.0,0.25,0.0,0,4.9,5.9,4.9,-1.0,5.88,0.0598,0.0,0.0,5.9,0.06,0.0,-0.06
00-0034395,Daurice Fountain,WR,IND,2020,2,2,0.0,0.0,1.5,0.0579,0.0913,0.1507,0,,,,,,,,,,,0,,,,,,3,2,0.6667,7.67,11.5,9.33,0.821,0.0,0.1949,0.0,0.6667,0.0,0,4.3,4.7,4.3,-0.4,2.35,0.0346,0.0,0.0,4.7,0.01,0.0,-0.01
00-0034772,Antonio Callaway,WR,MIA,2020,3,3,0.0,0.0,1.33,0.032,0.0273,0.0672,0,,,,,,,,,,,0,,,,,,4,2,0.5,5.0,10.0,7.0,0.714,1.5,0.2246,0.0,0.25,0.0,0,4.0,5.5,4.0,-1.5,1.84,0.0217,0.0,0.0,5.5,0.0,0.0,0.0
00-0033460,John Ross,WR,CIN,2020,2,2,0.0,0.0,3.5,0.0884,0.1292,0.223,0,,,,,,,,,,,0,,,,,,7,2,0.2857,2.43,8.5,12.0,0.202,1.5,-0.332,0.0,0.1429,0.0,0,3.7,11.5,3.7,-7.8,5.77,0.0605,0.0,0.0,11.5,0.26,0.0,-0.26
00-0036340,Antonio Gandy-Golden,WR,WAS,2020,4,3,0.0,0.25,1.75,0.0437,0.0549,0.1039,0,,,,,,,,,,,1,22.0,0.0,2.0616,1.0,1.0,7,1,0.1429,0.43,3.0,11.29,0.038,1.0,-0.9018,0.0,0.0,0.0,0,3.5,11.8,3.5,-8.3,2.95,0.0392,0.0,0.7,11.1,0.23,0.0,-0.23
00-0035022,Penny Hart,WR,SEA,2020,1,1,0.0,1.0,1.0,0.0312,-0.0044,0.0438,0,,,,,,,,,,,1,19.0,0.0,1.1664,1.0,1.0,1,1,1.0,3.0,3.0,-1.0,-3.0,4.0,-0.2043,0.0,0.0,0.0,0,3.2,2.6,3.2,0.6,2.59,0.0297,0.0,0.9,1.7,0.04,0.0,-0.04
00-0030670,Bennie Fowler,WR,NO,2020,1,1,0.0,0.0,6.0,0.1277,0.1437,0.2921,0,,,,,,,,,,,0,,,,,,6,2,0.3333,1.83,5.5,7.83,0.234,0.5,-1.3375,0.0,0.1667,0.0,0,3.1,9.4,3.1,-6.3,9.37,0.0958,0.0,0.0,9.4,0.02,0.0,-0.02
00-0031339,Donte Moncrief,WR,NE,2020,2,2,0.0,0.5,1.0,0.0263,0.0105,0.0468,0,,,,,,,,,,,1,4.0,0.0,0.9027,1.0,0.0,2,1,0.5,7.5,15.0,2.5,3.0,14.0,0.5516,0.0,0.5,0.0,0,2.9,4.1,2.9,-1.2,2.04,0.0254,0.0,1.1,3.0,0.1,0.0,-0.1
00-0032881,Tommylee Lewis,WR,NO,2020,4,2,0.0,0.5,0.75,0.0204,0.0338,0.0543,0,,,,,,,,,,,2,7.0,0.0,-0.0649,0.5,0.5,3,1,0.3333,1.67,5.0,12.67,0.132,0.0,-0.5608,0.0,0.0,0.0,0,2.9,8.0,2.9,-5.1,2.0,0.0254,0.0,1.6,6.4,0.39,0.0,-0.39
00-0034267,Jaleel Scott,WR,NYJ,2020,1,1,0.0,0.0,1.0,0.0435,0.0531,0.1024,0,,,,,,,,,,,0,,,,,,1,1,1.0,16.0,16.0,13.0,1.231,3.0,1.1559,0.0,1.0,1.0,0,2.6,1.7,2.6,0.9,1.66,0.0338,0.0,0.0,1.7,0.0,0.0,0.0
00-0036133,James Proche,WR,BAL,2020,3,3,0.0,0.0,1.0,0.0432,0.0176,0.0772,0,,,,,,,,,,,0,,,,,,3,1,0.3333,4.67,14.0,4.0,1.167,8.0,-3.787,0.0,0.3333,0.0,0,2.4,3.1,2.4,-0.7,1.05,0.0149,0.0,0.0,3.1,0.0,0.0,0.0
00-0034317,Keith Kirkwood,WR,CAR,2020,1,1,0.0,0.0,2.0,0.0741,0.1231,0.1973,0,,,,,,,,,,,0,,,,,,2,1,0.5,6.5,13.0,16.0,0.406,9.0,-0.4805,0.0,0.0,0.0,0,2.3,3.8,2.3,-1.5,3.83,0.0494,0.0,0.0,3.8,0.25,0.0,-0.25
00-0034631,Vyncint Smith,WR,NYJ,2020,2,1,0.0,0.0,1.5,0.0482,0.0871,0.1332,0,,,,,,,,,,,0,,,,,,3,1,0.3333,4.33,13.0,13.0,0.333,1.0,-0.2566,0.0,0.3333,0.0,0,2.3,5.2,2.3,-2.9,2.59,0.0424,0.0,0.0,5.2,0.21,0.0,-0.21
00-0033386,Cody Hollister,WR,TEN,2020,1,1,0.0,0.0,1.0,0.0357,0.0552,0.0922,0,,,,,,,,,,,0,,,,,,1,1,1.0,12.0,12.0,10.0,1.2,2.0,1.6474,0.0,1.0,0.0,0,2.2,1.6,2.2,0.6,1.6,0.02,0.0,0.0,1.6,0.0,0.0,0.0
00-0033481,Marcus Kemp,WR,KC,2020,1,1,0.0,0.0,1.0,0.0417,0.006,0.0667,0,,,,,,,,,,,0,,,,,,1,1,1.0,11.0,11.0,1.0,11.0,10.0,0.9684,0.0,1.0,0.0,0,2.1,1.4,2.1,0.7,1.39,0.0228,0.0,0.0,1.4,0.02,0.0,-0.02
00-0033474,Gehrig Dieter,WR,KC,2020,1,0,0.0,0.0,2.0,0.0645,0.102,0.1682,0,,,,,,,,,,,0,,,,,,2,1,0.5,5.0,10.0,7.5,0.667,5.0,0.0266,0.0,0.5,0.0,0,2.0,3.7,2.0,-1.7,3.69,0.0543,0.0,0.0,3.7,0.15,0.0,-0.15
00-0031763,DeAndre Carter,WR,HOU,2020,1,1,0.0,0.0,2.0,0.0645,0.0565,0.1364,0,,,,,,,,,,,0,,,,,,2,1,0.5,4.0,8.0,8.0,0.5,4.0,0.5754,0.0,0.0,0.0,0,1.8,3.9,1.8,-2.1,3.93,0.0565,0.0,0.0,3.9,0.13,0.0,-0.13
00-0035341,Trenton Irwin,WR,CIN,2020,1,0,0.0,0.0,2.0,0.0526,0.0365,0.1045,0,,,,,,,,,,,0,,,,,,2,1,0.5,2.5,5.0,6.0,0.417,1.0,-0.4314,0.0,0.0,0.0,0,1.5,3.1,1.5,-1.6,3.08,0.0377,0.0,0.0,3.1,0.06,0.0,-0.06
00-0033839,Dede Westbrook,WR,JAX,2020,1,1,0.0,0.0,1.0,0.0238,0.0128,0.0447,0,,,,,,,,,,,0,,,,,,1,1,1.0,4.0,4.0,4.0,1.0,0.0,-0.0418,0.0,0.0,0.0,0,1.4,2.4,1.4,-1.0,2.38,0.03,0.0,0.0,2.4,0.23,0.0,-0.23
00-0033266,JoJo Natson,WR,CLE,2020,1,1,0.0,1.0,0.0,0.0,0.0,0.0,0,,,,,,,,,,,1,3.0,0.0,-0.1811,0.0,0.0,0,0,,,,,,,,,,,0,0.3,0.7,0.3,-0.4,0.73,0.0127,0.0,0.7,0.0,0.02,0.0,-0.02
00-0033911,Taywan Taylor,WR,CLE,2020,1,1,0.0,0.0,1.0,0.037,0.0638,0.1002,0,,,,,,,,,,,0,,,,,,1,0,0.0,0.0,,15.0,0.0,,-0.4972,0.0,0.0,0.0,0,0.0,2.0,0.0,-2.0,2.0,0.0217,0.0,0.0,2.0,0.01,0.0,-0.01
00-0033215,Cyril Grayson,WR,TB,2020,2,2,0.0,0.0,1.5,0.0513,0.1529,0.184,0,,,,,,,,,,,0,,,,,,3,0,0.0,0.0,,23.67,0.0,,-1.0278,0.0,0.0,0.0,0,0.0,6.4,0.0,-6.4,3.19,0.042,0.0,0.0,6.4,0.19,0.0,-0.19
00-0034660,Rico Gafford,WR,LV,2020,2,2,0.0,0.0,1.0,0.03,0.1073,0.1201,0,,,,,,,,,,,0,,,,,,2,0,0.0,0.0,,32.0,0.0,,-1.1825,0.0,0.0,0.0,0,0.0,5.5,0.0,-5.5,2.75,0.0364,0.0,0.0,5.5,0.43,0.0,-0.43
00-0034207,Jeff Badet,WR,WAS,2020,1,1,0.0,0.0,1.0,0.0192,0.0772,0.0829,0,,,,,,,,,,,0,,,,,,1,0,0.0,0.0,,25.0,0.0,,-0.2289,0.0,0.0,0.0,0,0.0,1.1,0.0,-1.1,1.06,0.0103,0.0,0.0,1.1,0.02,0.0,-0.02
00-0032778,Tajae Sharpe,WR,MIN,2020,3,3,0.0,0.0,1.0,0.0306,0.1346,0.1401,0,,,,,,,,,,,0,,,,,,3,0,0.0,0.0,,37.33,0.0,,-1.622,0.0,0.0,0.0,0,0.0,7.0,0.0,-7.0,2.35,0.0289,0.0,0.0,7.0,0.4,0.0,-0.4
00-0035529,Hakeem Butler,WR,PHI,2020,1,1,0.0,0.0,1.0,0.0244,0.008,0.0422,0,,,,,,,,,,,0,,,,,,1,0,0.0,0.0,,3.0,0.0,,-2.6382,0.0,0.0,0.0,0,0.0,3.4,0.0,-3.4,3.43,0.0342,0.0,0.0,3.4,0.47,0.0,-0.47
00-0035864,Kendall Hinton,WR,DEN,2020,1,1,9.0,2.0,0.0,0.0,0.0,0.0,9,0.1111,1.44,0.0,0.2222,0.1,-1.1931,-36.172,0.097,0.1111,0.0,2,3.5,0.0,-0.7043,0.0,0.0,0,0,,,,,,,,,,,0,-2.8,2.7,-2.8,-5.5,2.7,0.098,1.2,1.5,0.0,0.05,0.0,-0.05
