player_id,name,pos,team,season,games,gp14,att_pg,car_pg,tgt_pg,tgt_share,ay_share,wopr,att,cmp_pct,ypa,pass_td_rate,int_rate,sack_rate,epa_db,cpoe,pacr,pass_fd_rate,pass_expl_rate,car,ypc,rush_td_rate,epa_car,rush_fd_rate,rush_expl_rate,tgt,rec,catch_rate,ypt,ypr,adot,racr,yac_rec,epa_tgt,rec_td_rate,rec_fd_rate,rec_expl_rate,fum_lost,fp_ppr,fp_exp,fp_act,fp_diff,fp_exp_pg,exp_share,pass_fp_exp,rush_fp_exp,rec_fp_exp,td_exp,td_act,td_diff
00-0034857,Josh Allen,QB,BUF,2025,16,13,28.75,7.0,0.0,0.0,0.0,0.0,460,0.6935,7.97,0.0543,0.0217,0.08,0.1427,3.537,1.092,0.3848,0.1217,112,5.17,0.125,0.3462,0.4107,0.1518,0,0,,,,,,,,,,,2,364.6,325.6,364.0,38.4,20.35,0.2789,215.5,110.1,0.0,32.45,39.0,6.55
00-0039851,Drake Maye,QB,NE,2025,17,13,28.94,6.06,0.06,0.0013,-0.0013,0.001,492,0.7195,8.93,0.063,0.0163,0.0872,0.3084,10.737,0.978,0.4126,0.1362,103,4.37,0.0388,0.1089,0.3689,0.1456,1,1,1.0,2.0,2.0,-8.0,-0.25,10.0,-1.3293,0.0,0.0,0.0,0,352.0,331.0,358.0,27.0,19.47,0.2685,253.6,76.3,1.1,35.78,35.0,-0.78
00-0026498,Matthew Stafford,QB,LA,2025,17,13,35.12,1.71,0.0,0.0,0.0,0.0,597,0.6499,7.88,0.0771,0.0134,0.0371,0.2427,1.544,0.851,0.3953,0.1206,29,0.03,0.0,-1.0978,0.0,0.0,0,0,,,,,,,,,,,1,350.4,353.1,354.4,1.3,20.77,0.2462,343.9,9.2,0.0,45.32,46.0,0.68
00-0036971,Trevor Lawrence,QB,JAX,2025,17,13,32.94,4.82,0.0,0.0,0.0,0.0,560,0.6089,7.16,0.0518,0.0214,0.0682,0.0639,-1.8,0.822,0.3464,0.1018,82,4.38,0.1098,0.3274,0.4878,0.1707,0,0,,,,,,,,,,,1,338.2,360.9,342.2,-18.8,21.23,0.2698,272.9,88.0,0.0,38.79,38.0,-0.79
00-0039918,Caleb Williams,QB,CHI,2025,17,13,33.41,4.53,0.12,0.0035,-0.0006,0.0048,568,0.581,6.94,0.0475,0.0123,0.0405,0.0713,-3.419,0.805,0.3292,0.1021,77,5.04,0.039,0.0701,0.3636,0.1818,2,2,1.0,11.0,11.0,-1.5,-7.333,12.5,2.6385,0.5,1.0,0.5,0,318.7,328.4,319.7,-8.7,19.32,0.2462,266.8,56.7,4.9,32.16,31.0,-1.16
00-0033077,Dak Prescott,QB,DAL,2025,17,13,35.29,3.12,0.0,0.0,0.0,0.0,600,0.6733,7.59,0.05,0.0167,0.0491,0.1812,2.198,0.947,0.3667,0.0883,53,3.34,0.0377,-0.1779,0.283,0.0943,0,0,,,,,,,,,,,1,313.8,355.9,315.8,-40.1,20.94,0.2437,322.4,33.6,0.0,43.35,32.0,-11.35
00-0039732,Bo Nix,QB,DEN,2025,17,13,36.0,4.88,0.06,0.0016,0.0004,0.0027,612,0.634,6.42,0.0408,0.018,0.0347,0.0999,-1.133,0.876,0.3203,0.0768,83,4.29,0.0602,0.1014,0.3012,0.1566,1,0,0.0,0.0,,2.0,0.0,,-0.4586,0.0,0.0,0.0,1,304.8,321.2,306.8,-14.4,18.89,0.2463,268.6,51.0,1.6,31.84,30.0,-1.84
00-0036389,Jalen Hurts,QB,PHI,2025,16,13,28.38,6.56,0.0,0.0,0.0,0.0,454,0.6476,7.1,0.0551,0.0132,0.0658,0.0706,3.157,0.792,0.3304,0.0881,105,4.01,0.0762,0.1589,0.381,0.1143,0,0,,,,,,,,,,,2,301.1,295.8,303.1,7.3,18.49,0.2734,196.9,98.9,0.0,27.99,33.0,5.01
00-0033106,Jared Goff,QB,DET,2025,17,13,34.0,1.12,0.0,0.0,0.0,0.0,578,0.6799,7.9,0.0588,0.0138,0.0617,0.1728,1.892,1.229,0.3858,0.1142,19,2.37,0.0,-0.7592,0.2632,0.0526,0,0,,,,,,,,,,,2,297.1,276.4,302.6,26.2,16.26,0.2091,272.5,4.0,0.0,29.66,34.0,4.34
00-0036355,Justin Herbert,QB,LAC,2025,16,13,32.0,5.19,0.0,0.0,0.0,0.0,512,0.6641,7.28,0.0508,0.0254,0.0954,0.0285,1.456,0.929,0.3418,0.084,83,6.0,0.0241,0.1915,0.4096,0.1928,0,0,,,,,,,,,,,1,286.9,300.4,288.9,-11.5,18.77,0.2525,236.7,63.6,0.0,31.66,28.0,-3.66
00-0033873,Patrick Mahomes,QB,KC,2025,14,13,35.86,4.57,0.07,0.0025,-0.002,0.0023,502,0.6275,7.15,0.0438,0.0219,0.0634,0.1273,0.252,0.886,0.3446,0.0976,64,6.59,0.0781,0.4557,0.4219,0.2812,1,1,1.0,-10.0,-10.0,-8.0,1.25,-2.0,-2.5389,0.0,0.0,0.0,0,285.7,297.9,285.7,-12.3,21.28,0.2627,242.2,54.7,1.1,33.16,27.0,-6.16
00-0034855,Baker Mayfield,QB,TB,2025,17,13,31.94,3.24,0.0,0.0,0.0,0.0,543,0.6317,6.8,0.0479,0.0203,0.0622,0.0012,-2.221,0.838,0.3168,0.0994,55,6.95,0.0182,0.6495,0.4909,0.2727,0,0,,,,,,,,,,,0,271.9,287.8,277.9,-9.8,16.93,0.2273,249.2,38.6,0.0,26.34,27.0,0.66
00-0040691,Jaxson Dart,QB,NYG,2025,14,10,24.21,6.14,0.0,0.0,0.0,0.0,339,0.6372,6.7,0.0442,0.0147,0.0936,0.0091,-0.098,0.819,0.3009,0.0737,86,5.66,0.1047,0.4433,0.4419,0.2093,0,0,,,,,,,,,,,1,241.6,220.0,243.6,23.6,15.71,0.2263,140.8,79.2,0.0,21.93,24.0,2.07
00-0034869,Sam Darnold,QB,SEA,2025,17,13,28.06,2.06,0.0,0.0,0.0,0.0,477,0.6771,8.49,0.0524,0.0294,0.0536,0.148,4.961,1.079,0.3732,0.1195,35,2.71,0.0,-0.3706,0.2857,0.0571,0,0,,,,,,,,,,,1,235.4,247.4,245.4,-2.0,14.55,0.2109,233.3,14.1,0.0,26.91,25.0,-1.91
00-0036264,Jordan Love,QB,GB,2025,15,13,29.27,3.13,0.0,0.0,0.0,0.0,439,0.6629,7.7,0.0524,0.0137,0.0457,0.2405,5.691,0.873,0.3622,0.1116,47,4.23,0.0,0.2625,0.2979,0.1489,0,0,,,,,,,,,,,0,235.1,230.0,239.1,9.1,15.33,0.2135,204.7,25.3,0.0,23.28,23.0,-0.28
00-0033119,Jacoby Brissett,QB,ARI,2025,14,10,34.64,2.71,0.0,0.0,0.0,0.0,485,0.6495,6.94,0.0474,0.0165,0.0814,-0.0061,1.773,0.91,0.3402,0.0845,38,4.42,0.0263,0.1964,0.4211,0.1316,0,0,,,,,,,,,,,0,227.4,247.1,235.4,-11.6,17.65,0.2199,216.5,30.6,0.0,27.05,24.0,-3.05
00-0023459,Aaron Rodgers,QB,PIT,2025,16,12,31.12,1.31,0.06,0.0019,-0.0027,0.001,498,0.6566,6.67,0.0482,0.0141,0.055,0.0537,-0.099,1.104,0.2871,0.0763,21,2.9,0.0476,-0.1405,0.1905,0.0952,1,1,1.0,-9.0,-9.0,-9.0,1.0,0.0,-1.534,0.0,0.0,0.0,0,227.1,230.7,229.1,-1.6,14.42,0.2071,212.7,16.9,1.1,26.2,25.0,-1.2
00-0035710,Daniel Jones,QB,IND,2025,13,13,29.54,3.46,0.0,0.0,0.0,0.0,384,0.6797,8.08,0.0495,0.0208,0.0542,0.1607,2.341,1.009,0.388,0.0938,45,3.64,0.1111,0.3595,0.4222,0.1333,0,0,,,,,,,,,,,0,226.4,243.7,231.9,-11.8,18.75,0.2396,193.2,50.5,0.0,25.89,24.0,-1.89
00-0039150,Bryce Young,QB,CAR,2025,16,12,29.88,3.38,0.0,0.0,0.0,0.0,478,0.636,6.3,0.0481,0.023,0.0535,-0.0435,1.179,0.971,0.3201,0.0816,54,4.0,0.037,0.0773,0.2963,0.1296,0,0,,,,,,,,,,,2,218.0,227.6,222.0,-5.6,14.22,0.2207,190.9,36.7,0.0,22.73,25.0,2.27
00-0034796,Lamar Jackson,QB,BAL,2025,13,10,23.23,5.15,0.0,0.0,0.0,0.0,302,0.6358,8.44,0.0695,0.0232,0.1065,0.0537,1.652,0.963,0.3609,0.1258,67,5.21,0.0299,0.3076,0.3582,0.2239,0,0,,,,,,,,,,,0,214.9,209.4,220.9,11.4,16.11,0.254,155.2,54.2,0.0,20.98,23.0,2.02
00-0039163,C.J. Stroud,QB,HOU,2025,14,10,30.21,3.43,0.0,0.0,0.0,0.0,423,0.6454,7.19,0.0449,0.0189,0.0516,0.1069,0.252,0.893,0.3215,0.0922,48,4.35,0.0208,0.3134,0.375,0.1458,0,0,,,,,,,,,,,0,208.5,215.3,208.5,-6.8,15.38,0.2106,186.6,28.7,0.0,21.17,20.0,-1.17
00-0040676,Cam Ward,QB,TEN,2025,17,13,31.76,2.29,0.0,0.0,0.0,0.0,540,0.5981,5.87,0.0278,0.013,0.0924,-0.1834,-2.954,0.812,0.2833,0.0741,39,4.08,0.0513,0.2178,0.3846,0.1538,0,0,,,,,,,,,,,0,186.7,205.1,200.7,-4.4,12.06,0.1931,177.4,27.7,0.0,17.7,17.0,-0.7
00-0037834,Brock Purdy,QB,SF,2025,9,5,31.56,3.67,0.0,0.0,0.0,0.0,284,0.6937,7.63,0.0704,0.0352,0.0373,0.214,7.372,1.004,0.4577,0.1162,33,4.45,0.0909,0.4907,0.4848,0.1515,0,0,,,,,,,,,,,0,177.4,184.8,180.6,-4.2,20.54,0.2589,157.3,27.5,0.0,22.23,23.0,0.77
00-0030565,Geno Smith,QB,LV,2025,15,13,29.87,2.73,0.0,0.0,0.0,0.0,448,0.6741,6.75,0.0424,0.0379,0.1093,-0.145,0.786,1.095,0.3304,0.0737,41,2.66,0.0,-0.0408,0.3171,0.0732,0,0,,,,,,,,,,,0,173.9,195.6,175.9,-19.7,13.04,0.2144,169.6,26.0,0.0,18.87,19.0,0.13
00-0036212,Tua Tagovailoa,QB,MIA,2025,14,13,27.43,1.43,0.0,0.0,0.0,0.0,384,0.6771,6.93,0.0521,0.0391,0.0725,0.0348,2.045,1.018,0.3698,0.0859,20,2.15,0.0,-0.3735,0.05,0.0,0,0,,,,,,,,,,,0,160.7,172.2,162.4,-9.8,12.3,0.1984,163.0,9.2,0.0,16.8,20.0,3.2
00-0040743,Tyler Shough,QB,NO,2025,11,7,29.73,4.09,0.0,0.0,0.0,0.0,327,0.6758,7.29,0.0306,0.0183,0.0866,0.0058,1.685,0.88,0.3272,0.0581,45,4.13,0.0667,0.0227,0.2444,0.1333,0,0,,,,,,,,,,,1,158.0,149.7,160.0,10.3,13.6,0.1957,108.0,41.6,0.0,11.21,13.0,1.79
00-0026158,Joe Flacco,QB,CIN,2025,13,10,32.0,1.62,0.0,0.0,0.0,0.0,416,0.6034,5.96,0.0361,0.024,0.0415,-0.0942,-2.748,0.814,0.2764,0.0601,21,1.67,0.0476,0.2583,0.4286,0.0952,0,0,,,,,,,,,,,0,146.7,170.6,152.0,-18.6,13.12,0.1631,153.1,17.5,0.0,16.16,16.0,-0.16
00-0036945,Justin Fields,QB,NYJ,2025,9,9,22.67,7.89,0.11,0.0043,0.0032,0.0086,204,0.6275,6.17,0.0343,0.0049,0.1169,-0.0972,-1.976,0.913,0.2843,0.0735,71,5.39,0.0563,0.1234,0.3662,0.1408,1,0,0.0,0.0,,6.0,0.0,,-0.8188,0.0,0.0,0.0,2,142.7,131.0,144.2,13.2,14.55,0.2487,71.5,58.1,1.4,8.77,11.0,2.23
00-0036442,Joe Burrow,QB,CIN,2025,8,4,32.38,1.75,0.0,0.0,0.0,0.0,259,0.668,6.98,0.0656,0.0193,0.0616,0.1326,4.69,0.968,0.3861,0.0849,14,2.93,0.0,0.2547,0.3571,0.0,0,0,,,,,,,,,,,0,134.5,141.0,134.2,-6.8,17.62,0.2153,130.3,10.6,0.0,16.62,17.0,0.38
00-0036972,Mac Jones,QB,SF,2025,11,10,26.27,3.27,0.0,0.0,0.0,0.0,289,0.6955,7.44,0.045,0.0208,0.0525,0.1465,3.648,1.013,0.3702,0.0623,36,1.67,0.0,-0.1463,0.3056,0.0833,0,0,,,,,,,,,,,0,130.0,132.2,134.0,1.8,12.02,0.1541,121.3,10.9,0.0,12.3,13.0,0.7
00-0032268,Marcus Mariota,QB,WAS,2025,10,8,22.7,5.0,0.0,0.0,0.0,0.0,227,0.6123,7.47,0.0441,0.0308,0.0658,-0.016,3.286,0.739,0.348,0.0969,50,5.94,0.02,0.1339,0.24,0.18,0,0,,,,,,,,,,,2,125.5,153.4,127.5,-25.9,15.34,0.2247,110.6,42.8,0.0,15.51,11.0,-4.51
00-0039923,J.J. McCarthy,QB,MIN,2025,10,7,24.3,3.7,0.0,0.0,0.0,0.0,243,0.5761,6.72,0.0453,0.0494,0.1,-0.2004,-5.675,0.762,0.3292,0.0823,37,4.89,0.1081,0.1839,0.3243,0.2162,0,0,,,,,,,,,,,0,125.4,152.3,129.4,-22.9,15.23,0.2512,127.4,24.9,0.0,18.06,15.0,-3.06
00-0039917,Michael Penix Jr.,QB,ATL,2025,9,9,30.67,2.33,0.0,0.0,0.0,0.0,276,0.6014,7.18,0.0326,0.0109,0.045,0.0178,-3.688,0.862,0.3587,0.0942,21,3.33,0.0476,0.3387,0.2381,0.0952,0,0,,,,,,,,,,,0,120.3,126.7,124.3,-2.5,14.08,0.1955,113.2,13.6,0.0,10.65,10.0,-0.65
00-0039910,Jayden Daniels,QB,WAS,2025,7,7,26.86,8.29,0.0,0.0,0.0,0.0,188,0.6064,6.71,0.0426,0.016,0.0874,-0.0232,-2.908,0.908,0.3138,0.0745,58,4.79,0.0345,0.0301,0.2414,0.1379,0,0,,,,,,,,,,,1,114.3,129.0,116.3,-12.8,18.44,0.2745,82.5,46.6,0.0,10.57,10.0,-0.57
00-0029604,Kirk Cousins,QB,ATL,2025,10,6,26.9,1.4,0.0,0.0,0.0,0.0,269,0.6171,6.4,0.0372,0.0186,0.0461,-0.0033,-2.654,0.92,0.3197,0.0781,14,0.5,0.0714,-0.178,0.2857,0.0,0,0,,,,,,,,,,,1,103.5,114.9,103.5,-11.4,11.49,0.1656,108.4,6.6,0.0,10.61,11.0,0.39
00-0039376,Spencer Rattler,QB,NO,2025,9,8,28.56,3.44,0.22,0.008,0.0036,0.0146,257,0.677,6.17,0.0311,0.0195,0.0655,-0.0782,2.244,0.781,0.2879,0.0506,31,5.39,0.0,0.2787,0.5484,0.1613,2,1,0.5,0.0,0.0,2.0,0.0,0.0,-2.5462,0.0,0.0,0.0,1,99.1,121.4,101.1,-20.2,13.48,0.1927,96.0,20.9,4.4,10.84,8.0,-2.84
00-0040668,Shedeur Sanders,QB,CLE,2025,8,4,26.5,2.62,0.0,0.0,0.0,0.0,212,0.566,6.6,0.033,0.0472,0.0979,-0.2523,-5.034,0.918,0.2547,0.0802,21,8.05,0.0476,0.4659,0.3333,0.3333,0,0,,,,,,,,,,,0,84.9,79.2,86.1,6.9,9.89,0.1801,61.7,17.5,0.0,5.73,8.0,2.27
00-0035228,Kyler Murray,QB,ARI,2025,5,5,32.2,5.8,0.0,0.0,0.0,0.0,161,0.6832,5.98,0.0373,0.0186,0.0904,0.0323,-0.462,1.022,0.3106,0.0435,29,5.97,0.0345,0.141,0.3448,0.2069,0,0,,,,,,,,,,,1,77.8,96.3,77.8,-18.5,19.26,0.2597,71.1,25.2,0.0,8.94,7.0,-1.94
00-0032950,Carson Wentz,QB,MIN,2025,5,5,33.8,2.2,0.0,0.0,0.0,0.0,169,0.6509,7.2,0.0355,0.0296,0.1011,0.0335,1.143,0.944,0.3432,0.0888,11,5.18,0.0,-0.2953,0.2727,0.2727,0,0,,,,,,,,,,,0,70.3,84.2,70.3,-13.8,16.84,0.2311,74.6,9.6,0.0,9.35,6.0,-3.35
00-0040704,Dillon Gabriel,QB,CLE,2025,9,9,20.56,1.56,0.0,0.0,0.0,0.0,185,0.5946,5.06,0.0378,0.0108,0.0931,-0.2201,-7.495,0.869,0.2432,0.0541,14,6.14,0.0,0.0306,0.2857,0.2143,0,0,,,,,,,,,,,0,70.1,74.7,70.1,-4.7,8.3,0.129,64.5,10.2,0.0,7.58,7.0,-0.58
00-0036898,Davis Mills,QB,HOU,2025,6,5,26.5,2.17,0.0,0.0,0.0,0.0,159,0.5723,5.75,0.0314,0.0063,0.0479,-0.1003,-6.963,0.673,0.3019,0.0566,13,4.62,0.0769,-0.0652,0.1538,0.2308,0,0,,,,,,,,,,,0,68.6,81.8,68.6,-13.2,13.63,0.1673,71.9,9.9,0.0,8.91,6.0,-2.91
00-0028118,Tyrod Taylor,QB,NYJ,2025,6,6,22.33,4.5,0.0,0.0,0.0,0.0,134,0.597,5.81,0.0373,0.0373,0.0946,-0.09,-1.251,0.68,0.306,0.0448,27,5.3,0.037,0.2005,0.3704,0.1852,0,0,,,,,,,,,,,0,59.5,69.7,61.5,-8.2,11.61,0.1947,49.0,20.7,0.0,6.14,6.0,-0.14
00-0038128,Malik Willis,QB,GB,2025,4,2,8.75,5.5,0.0,0.0,0.0,0.0,35,0.8571,12.06,0.0857,0.0,0.0789,0.7391,21.985,1.192,0.5429,0.2571,22,5.59,0.0909,0.0483,0.4091,0.3182,0,0,,,,,,,,,,,1,51.2,34.0,51.2,17.2,8.5,0.1355,18.0,16.0,0.0,3.65,5.0,1.35
00-0029263,Russell Wilson,QB,NYG,2025,6,6,19.83,3.0,0.0,0.0,0.0,0.0,119,0.5798,6.98,0.0252,0.0252,0.0775,-0.1214,-2.132,0.785,0.2689,0.1092,18,5.89,0.0,-0.0715,0.3333,0.2222,0,0,,,,,,,,,,,0,49.8,74.4,49.8,-24.6,12.4,0.1614,54.6,19.8,0.0,8.78,3.0,-5.78
00-0035100,Jake Browning,QB,CIN,2025,5,5,25.0,1.8,0.0,0.0,0.0,0.0,125,0.648,6.17,0.048,0.064,0.0672,-0.2865,0.275,0.804,0.264,0.064,9,4.33,0.1111,0.754,0.5556,0.2222,0,0,,,,,,,,,,,0,48.7,55.3,48.7,-6.6,11.06,0.1674,46.1,9.2,0.0,5.09,7.0,1.91
00-0031503,Jameis Winston,QB,NYG,2025,3,2,22.0,2.33,0.33,0.0098,0.0106,0.0221,66,0.5606,8.59,0.0303,0.0303,0.0435,0.2231,-3.202,0.916,0.3788,0.197,7,3.29,0.1429,0.6126,0.4286,0.2857,1,1,1.0,33.0,33.0,13.0,2.538,20.0,3.2234,1.0,1.0,1.0,0,43.3,41.5,45.3,3.7,13.85,0.1665,33.9,5.7,1.9,5.2,4.0,-1.2
00-0035993,Tyler Huntley,QB,BAL,2025,5,2,13.4,4.8,0.0,0.0,0.0,0.0,67,0.7761,6.36,0.0299,0.0,0.1067,0.0755,12.885,0.993,0.2836,0.0448,24,6.29,0.0,0.452,0.4583,0.25,0,0,,,,,,,,,,,0,40.1,41.0,40.1,-0.8,8.19,0.1358,24.0,17.0,0.0,3.36,2.0,-1.36
00-0040234,Quinn Ewers,QB,MIA,2025,4,1,20.75,2.0,0.25,0.0114,-0.0077,0.0117,83,0.6627,7.49,0.0361,0.0361,0.0879,-0.0247,0.999,0.898,0.3494,0.1205,8,2.38,0.0,-0.5846,0.125,0.0,1,1,1.0,-6.0,-6.0,-6.0,1.0,0.0,-1.5019,0.0,0.0,0.0,0,33.2,37.0,33.2,-3.8,9.24,0.1622,31.8,2.2,2.9,3.24,3.0,-0.24
00-0022942,Philip Rivers,QB,IND,2025,3,0,30.67,0.67,0.0,0.0,0.0,0.0,92,0.6304,5.91,0.0435,0.0326,0.0515,-0.1154,-3.722,0.759,0.3261,0.0217,2,-0.5,0.0,-0.5732,0.0,0.0,0,0,,,,,,,,,,,0,31.7,34.0,31.7,-2.3,11.33,0.1777,34.1,-0.1,0.0,2.86,4.0,1.14
00-0033869,Mitchell Trubisky,QB,BUF,2025,4,3,8.75,2.25,0.0,0.0,0.0,0.0,35,0.7143,8.94,0.1143,0.0,0.0,0.7353,7.944,1.227,0.5429,0.1429,9,0.67,0.0,-0.7551,0.0,0.0,0,0,,,,,,,,,,,0,31.1,28.3,31.1,2.8,7.08,0.085,27.4,1.0,0.0,4.06,4.0,-0.06
00-0040206,Riley Leonard,QB,IND,2025,5,2,13.4,1.2,0.0,0.0,0.0,0.0,67,0.5821,6.19,0.0299,0.0448,0.029,-0.1192,-3.665,0.773,0.2687,0.0896,6,4.5,0.3333,0.8767,0.6667,0.1667,0,0,,,,,,,,,,,0,31.0,38.4,33.8,-4.6,7.68,0.106,29.8,8.6,0.0,5.06,4.0,-1.06
00-0040398,Brady Cook,QB,NYJ,2025,5,1,30.6,2.6,0.0,0.0,0.0,0.0,153,0.5752,4.83,0.0131,0.0458,0.1105,-0.3973,-9.969,0.852,0.2288,0.0392,13,3.77,0.0,-0.3299,0.3077,0.1538,0,0,,,,,,,,,,,0,28.5,47.6,30.5,-17.2,9.53,0.1697,41.2,6.5,0.0,3.37,2.0,-1.37
00-0026300,Josh Johnson,QB,WAS,2025,3,0,18.0,4.0,0.0,0.0,0.0,0.0,54,0.6296,6.89,0.0185,0.037,0.0357,0.0682,2.044,1.188,0.3889,0.0741,12,4.58,0.0833,-0.3999,0.3333,0.1667,0,0,,,,,,,,,,,1,24.4,30.1,24.4,-5.8,10.05,0.164,18.6,11.6,0.0,3.0,2.0,-1.0
00-0034771,Mason Rudolph,QB,PIT,2025,5,5,10.4,1.4,0.0,0.0,0.0,0.0,52,0.7308,5.96,0.0385,0.0385,0.037,0.0464,6.008,1.14,0.3269,0.0577,7,0.86,0.0,0.1916,0.2857,0.0,0,0,,,,,,,,,,,0,15.0,20.9,17.0,-3.9,4.19,0.0649,19.4,1.5,0.0,1.93,2.0,0.07
00-0038400,Tanner McKee,QB,PHI,2025,4,1,10.75,2.0,0.0,0.0,0.0,0.0,43,0.5581,6.37,0.0233,0.0233,0.0652,-0.0535,0.976,0.667,0.3721,0.0465,8,1.0,0.0,-0.6463,0.125,0.0,0,0,,,,,,,,,,,0,13.8,21.8,13.8,-8.1,5.46,0.0742,20.1,1.7,0.0,2.74,1.0,-1.74
00-0037012,Trey Lance,QB,LAC,2025,4,3,14.25,4.25,0.0,0.0,0.0,0.0,57,0.4737,3.96,0.0,0.0175,0.0952,-0.6265,-9.333,0.422,0.1754,0.0351,17,5.0,0.0,0.0737,0.2941,0.2941,0,0,,,,,,,,,,,0,13.5,23.5,15.5,-8.0,5.88,0.0904,14.1,9.4,0.0,1.26,0.0,-1.26
00-0037324,Chris Oladokun,QB,KC,2025,3,0,18.33,1.67,0.0,0.0,0.0,0.0,55,0.6364,4.27,0.0182,0.0,0.127,-0.4781,-3.784,0.848,0.1818,0.0364,5,3.6,0.0,-1.1138,0.0,0.0,0,0,,,,,,,,,,,1,11.2,20.1,13.2,-6.9,6.69,0.1477,15.7,4.3,0.0,1.82,1.0,-0.82
00-0039398,Joe Milton III,QB,DAL,2025,4,2,6.0,1.25,0.0,0.0,0.0,0.0,24,0.625,7.62,0.0417,0.0833,0.0,0.0265,1.276,0.704,0.375,0.125,5,10.0,0.0,-0.4183,0.2,0.4,0,0,,,,,,,,,,,1,10.3,16.2,10.3,-5.9,4.06,0.0499,9.6,6.7,0.0,1.54,1.0,-0.54
00-0027973,Andy Dalton,QB,CAR,2025,4,4,9.25,1.25,0.0,0.0,0.0,0.0,37,0.6757,7.92,0.027,0.027,0.1778,-0.1258,6.518,0.842,0.4595,0.1081,5,-0.4,0.0,-1.7318,0.0,0.0,0,0,,,,,,,,,,,1,9.5,15.8,11.5,-4.2,3.94,0.0606,15.2,0.6,0.0,1.62,1.0,-0.62
00-0038102,Kenny Pickett,QB,LV,2025,6,3,7.5,0.83,0.0,0.0,0.0,0.0,45,0.6222,4.18,0.0222,0.0444,0.1509,-0.5432,-6.095,0.718,0.1778,0.0444,5,4.4,0.0,-0.6438,0.6,0.0,0,0,,,,,,,,,,,1,7.7,13.8,7.7,-6.0,2.29,0.0487,10.9,2.8,0.0,0.93,1.0,0.07
00-0038579,Aidan O'Connell,QB,LV,2025,1,0,22.0,1.0,0.0,0.0,0.0,0.0,22,0.4545,4.64,0.0,0.0,0.0435,-0.2549,-23.572,0.554,0.2273,0.0909,1,7.0,0.0,0.1568,0.0,0.0,0,0,,,,,,,,,,,0,4.8,8.0,4.8,-3.2,8.01,0.1427,7.1,0.9,0.0,0.46,0.0,-0.46
00-0040494,Max Brosmer,QB,MIN,2025,7,4,10.14,1.0,0.0,0.0,0.0,0.0,71,0.662,4.62,0.0,0.0563,0.1647,-0.665,-3.703,1.051,0.2535,0.0423,7,1.57,0.0,-0.0176,0.1429,0.1429,0,0,,,,,,,,,,,0,4.2,23.6,6.2,-17.3,3.36,0.0584,22.7,0.8,0.0,1.57,0.0,-1.57
00-0036679,Shane Buechele,QB,KC,2025,1,0,14.0,1.0,0.0,0.0,0.0,0.0,14,0.5,6.29,0.0,0.0,0.2632,-0.3592,-16.772,0.638,0.2857,0.0714,1,4.0,0.0,-0.8347,0.0,0.0,0,0,,,,,,,,,,,0,3.9,4.6,3.9,-0.7,4.6,0.0835,3.9,0.7,0.0,0.14,0.0,-0.14
00-0031237,Teddy Bridgewater,QB,TB,2025,3,3,5.0,1.0,0.0,0.0,0.0,0.0,15,0.5333,4.13,0.0,0.0,0.1176,-0.7352,-16.294,0.633,0.1333,0.0667,3,1.33,0.0,-0.0063,0.0,0.0,0,0,,,,,,,,,,,0,2.9,6.6,2.9,-3.8,2.22,0.0281,5.8,0.8,0.0,0.52,0.0,-0.52
00-0038416,Tyson Bagent,QB,CHI,2025,2,2,2.0,1.0,0.0,0.0,0.0,0.0,4,0.75,11.75,0.0,0.0,0.0,0.5763,9.569,1.567,0.5,0.5,2,3.5,0.0,-0.1856,0.0,0.0,0,0,,,,,,,,,,,0,2.6,1.8,2.6,0.8,0.91,0.0105,1.1,0.7,0.0,0.02,0.0,-0.02
00-0039164,Anthony Richardson,QB,IND,2025,2,2,1.0,2.0,0.5,0.0161,0.0037,0.0268,2,0.5,4.5,0.0,0.0,0.0,-0.6058,-8.09,0.29,0.5,0.0,4,-0.25,0.0,-0.6075,0.25,0.0,1,1,1.0,9.0,9.0,2.0,4.5,7.0,0.4575,0.0,1.0,0.0,0,2.2,2.7,2.2,-0.5,1.33,0.0166,1.1,-0.0,1.6,0.1,0.0,-0.1
00-0033949,Joshua Dobbs,QB,NE,2025,4,2,2.5,2.5,0.0,0.0,0.0,0.0,10,0.7,6.5,0.0,0.0,0.0,-0.0072,5.946,0.546,0.3,0.2,10,-0.5,0.0,-0.6633,0.0,0.0,0,0,,,,,,,,,,,0,2.1,4.0,2.1,-1.9,1.01,0.0153,4.2,-0.2,0.0,0.26,0.0,-0.26
00-0038582,Clayton Tune,QB,GB,2025,2,0,7.5,2.5,0.0,0.0,0.0,0.0,15,0.4667,2.8,0.0,0.0667,0.25,-0.995,-21.548,0.724,0.1333,0.0,5,4.6,0.0,0.4358,0.4,0.2,0,0,,,,,,,,,,,0,2.0,5.8,2.0,-3.8,2.92,0.0714,3.2,2.6,0.0,0.23,0.0,-0.23
00-0033662,Cooper Rush,QB,BAL,2025,4,4,13.0,1.0,0.0,0.0,0.0,0.0,52,0.6538,5.83,0.0,0.0769,0.0189,-0.3556,-1.766,0.904,0.25,0.0385,4,-1.0,0.0,-1.3953,0.0,0.0,0,0,,,,,,,,,,,1,1.7,13.3,1.7,-11.6,3.33,0.0518,13.6,-0.3,0.0,0.42,0.0,-0.42
00-0037013,Zach Wilson,QB,MIA,2025,4,3,2.75,0.75,0.0,0.0,0.0,0.0,11,0.5455,2.91,0.0,0.0,0.0,-0.6019,-11.173,0.525,0.2727,0.0,3,0.33,0.0,-0.0795,0.0,0.0,0,0,,,,,,,,,,,0,1.4,3.0,1.4,-1.6,0.75,0.0124,2.4,0.6,0.0,0.09,0.0,-0.09
00-0032434,Brandon Allen,QB,TEN,2025,1,0,30.0,0.0,0.0,0.0,0.0,0.0,30,0.5667,2.4,0.0,0.0333,0.0323,-0.7751,-13.082,0.661,0.1,0.0333,0,,,,,,0,0,,,,,,,,,,,0,0.9,6.9,0.9,-6.0,6.88,0.1241,6.9,0.0,0.0,0.15,0.0,-0.15
00-0035704,Drew Lock,QB,SEA,2025,3,3,1.0,2.0,0.0,0.0,0.0,0.0,3,0.6667,5.0,0.0,0.0,0.0,-0.2976,-14.29,3.0,0.3333,0.0,6,-0.83,0.0,-0.1612,0.0,0.0,0,0,,,,,,,,,,,0,0.1,0.6,0.1,-0.5,0.21,0.0032,1.0,-0.4,0.0,0.01,0.0,-0.01
00-0033319,Nick Mullens,QB,JAX,2025,4,2,0.75,3.0,0.0,0.0,0.0,0.0,3,1.0,6.33,0.0,0.0,0.0,0.9666,28.958,4.75,0.6667,0.0,12,-0.67,0.0,-0.205,0.0,0.0,0,0,,,,,,,,,,,0,-0.0,0.7,-0.0,-0.7,0.18,0.0023,1.9,-1.2,0.0,0.31,0.0,-0.31
00-0039577,Kedon Slovis,QB,ARI,2025,2,2,1.0,0.0,0.0,0.0,0.0,0.0,2,0.5,-1.0,0.0,0.0,0.0,-1.0733,-31.812,-0.667,0.0,0.0,0,,,,,,0,0,,,,,,,,,,,0,-0.1,0.5,-0.1,-0.5,0.23,0.0023,0.5,0.0,0.0,0.01,0.0,-0.01
00-0038658,Adrian Martinez,QB,SF,2025,1,1,0.0,1.0,0.0,0.0,0.0,0.0,0,,,,,,,,,,,1,-1.0,0.0,-2.3244,0.0,0.0,0,0,,,,,,,,,,,0,-0.1,-0.1,-0.1,0.0,-0.1,-0.0015,0.0,-0.1,0.0,0.0,0.0,0.0
00-0035264,Jarrett Stidham,QB,DEN,2025,1,1,0.0,1.0,0.0,0.0,0.0,0.0,0,,,,,,,,,,,1,-1.0,0.0,0.0,0.0,0.0,0,0,,,,,,,,,,,0,-0.1,-0.1,-0.1,0.0,-0.1,-0.0011,0.0,-0.1,0.0,0.0,0.0,0.0
00-0034577,Kyle Allen,QB,DET,2025,2,2,1.0,1.5,0.0,0.0,0.0,0.0,2,0.0,0.0,0.0,0.0,0.0,-0.6776,-63.749,0.0,0.0,0.0,3,-1.0,0.0,0.0,0.0,0.0,0,0,,,,,,,,,,,0,-0.3,0.4,-0.3,-0.7,0.2,0.0027,0.7,-0.3,0.0,0.04,0.0,-0.04
00-0035289,Gardner Minshew,QB,KC,2025,4,2,3.25,1.5,0.0,0.0,0.0,0.0,13,0.4615,2.85,0.0,0.0769,0.0,-0.4934,-19.621,0.544,0.1538,0.0,6,0.33,0.0,-0.0952,0.0,0.0,0,0,,,,,,,,,,,0,-0.3,3.1,-0.3,-3.5,0.79,0.0108,2.8,0.4,0.0,0.05,0.0,-0.05
00-0031345,Jimmy Garoppolo,QB,LA,2025,3,2,0.0,3.0,0.0,0.0,0.0,0.0,0,,,,,,,,,,,9,-1.11,0.0,0.0,0.0,0.0,0,0,,,,,,,,,,,0,-1.0,-0.9,-1.0,-0.1,-0.3,-0.0033,0.0,-0.9,0.0,0.0,0.0,0.0
00-0040673,Jalen Milroe,QB,SEA,2025,3,3,0.0,1.0,0.0,0.0,0.0,0.0,0,,,,,,,,,,,3,1.33,0.0,-2.147,0.0,0.0,0,0,,,,,,,,,,,1,-1.6,1.2,-1.6,-2.8,0.4,0.0065,0.0,1.2,0.0,0.01,0.0,-0.01
00-0033280,Christian McCaffrey,RB,SF,2025,17,13,0.06,18.29,7.59,0.2335,0.078,0.4049,1,0.0,0.0,0.0,0.0,0.0,-0.7709,0.0,0.0,0.0,0.0,311,3.86,0.0322,-0.0677,0.2283,0.0868,129,102,0.7907,7.16,9.06,2.6,2.758,7.06,0.3026,0.0543,0.3721,0.1008,0,416.6,433.9,414.6,-19.3,25.52,0.3284,1.5,215.7,216.8,20.99,17.0,-3.99
00-0038542,Bijan Robinson,RB,ATL,2025,17,13,0.0,16.88,6.06,0.1976,0.021,0.3111,0,,,,,,,,,,,287,5.15,0.0244,-0.0427,0.2195,0.1254,103,79,0.767,7.96,10.38,0.98,8.119,10.85,0.2582,0.0388,0.3301,0.1262,3,370.8,327.6,370.8,43.2,19.27,0.2753,0.0,171.3,156.2,9.56,11.0,1.44
00-0039139,Jahmyr Gibbs,RB,DET,2025,17,13,0.0,14.29,5.53,0.1615,0.0147,0.2526,0,,,,,,,,,,,243,5.03,0.0535,-0.011,0.2305,0.1111,94,77,0.8191,6.55,8.0,0.57,11.407,7.99,0.1888,0.0532,0.2979,0.1064,1,366.9,305.5,366.6,61.1,17.97,0.2311,0.0,151.9,153.5,10.68,18.0,7.32
00-0036223,Jonathan Taylor,RB,IND,2025,17,13,0.0,19.0,3.24,0.1098,-0.0112,0.1569,0,,,,,,,,,,,323,4.91,0.0557,0.0581,0.2601,0.1115,55,46,0.8364,6.87,8.22,-0.82,-8.4,9.43,0.1679,0.0364,0.2727,0.1273,1,362.3,305.9,362.3,56.4,17.99,0.2386,0.0,223.5,82.3,15.44,20.0,4.56
00-0039040,De'Von Achane,RB,MIA,2025,16,13,0.0,14.88,5.31,0.1875,0.0107,0.2887,0,,,,,,,,,,,238,5.67,0.0336,0.059,0.2353,0.1681,85,67,0.7882,5.74,7.28,0.41,13.943,8.24,-0.1203,0.0471,0.2706,0.0941,0,322.8,266.0,322.1,56.1,16.63,0.2693,0.0,133.0,133.0,6.57,12.0,5.43
00-0037248,James Cook,RB,BUF,2025,17,13,0.0,18.18,2.35,0.0819,0.0055,0.1266,0,,,,,,,,,,,309,5.25,0.0388,0.018,0.2201,0.1262,40,33,0.825,7.28,8.82,1.4,5.196,8.24,0.2168,0.05,0.275,0.175,3,302.2,250.0,302.2,52.2,14.71,0.1974,0.0,187.2,62.8,10.25,14.0,3.75
00-0038597,Chase Brown,RB,CIN,2025,17,13,0.0,13.65,5.18,0.1432,0.0137,0.2244,0,,,,,,,,,,,232,4.39,0.0259,-0.0183,0.2241,0.1034,88,69,0.7841,4.97,6.33,0.52,9.5,6.52,-0.1174,0.0568,0.2045,0.0682,0,282.6,275.8,280.3,4.5,16.22,0.2123,0.0,139.2,136.6,9.23,11.0,1.77
00-0032764,Derrick Henry,RB,BAL,2025,17,13,0.06,18.06,1.24,0.0488,0.0024,0.0749,1,0.0,0.0,0.0,0.0,0.0,-0.4591,-33.693,0.0,0.0,0.0,307,5.2,0.0521,0.0299,0.2573,0.1173,21,15,0.7143,7.14,10.0,0.57,12.5,9.0,-0.1369,0.0,0.1905,0.0952,3,279.5,252.9,279.5,26.6,14.88,0.2335,1.7,220.4,30.8,15.58,16.0,0.42
00-0037840,Kyren Williams,RB,LA,2025,17,13,0.0,15.24,2.94,0.0808,0.021,0.1358,0,,,,,,,,,,,259,4.83,0.0386,0.019,0.2857,0.1004,50,36,0.72,5.62,7.81,2.5,2.248,4.31,0.1708,0.06,0.24,0.04,2,263.3,247.8,263.3,15.5,14.58,0.1728,0.0,169.6,78.2,12.24,13.0,0.76
00-0036973,Travis Etienne,RB,JAX,2025,17,13,0.0,15.29,3.06,0.0976,-0.0166,0.1348,0,,,,,,,,,,,260,4.26,0.0269,-0.073,0.1846,0.1,52,36,0.6923,5.62,8.11,-1.46,-3.842,9.42,0.1759,0.1154,0.2692,0.0577,0,253.9,241.9,253.9,12.0,14.23,0.1808,0.0,158.1,83.8,10.5,13.0,2.5
00-0040122,Ashton Jeanty,RB,LV,2025,17,13,0.0,15.65,4.29,0.1476,-0.0581,0.1807,0,,,,,,,,,,,266,3.67,0.0188,-0.245,0.1654,0.0902,73,55,0.7534,4.74,6.29,-1.42,-3.327,8.22,-0.1627,0.0685,0.1781,0.0411,1,245.1,249.0,245.1,-3.9,14.64,0.2482,0.0,147.8,101.2,7.48,10.0,2.52
00-0036997,Javonte Williams,RB,DAL,2025,16,13,0.0,15.75,3.19,0.086,-0.0146,0.1187,0,,,,,,,,,,,252,4.77,0.0437,0.0484,0.2659,0.1032,51,35,0.6863,2.69,3.91,-1.31,-2.045,5.89,-0.4458,0.0392,0.1373,0.0,2,242.8,263.0,242.8,-20.2,16.43,0.1891,0.0,172.2,90.8,14.62,13.0,-1.62
00-0035700,Josh Jacobs,RB,GB,2025,15,12,0.0,15.6,2.93,0.1015,-0.0401,0.1243,0,,,,,,,,,,,234,3.97,0.0556,-0.0634,0.235,0.0983,44,36,0.8182,6.41,7.83,-0.89,-7.231,8.44,0.2693,0.0227,0.1818,0.0909,2,237.1,228.1,237.1,9.0,15.21,0.2143,0.0,160.9,67.3,11.39,14.0,2.61
00-0034844,Saquon Barkley,RB,PHI,2025,16,13,0.0,17.5,3.12,0.1205,-0.0069,0.176,0,,,,,,,,,,,280,4.07,0.025,-0.0861,0.1714,0.1,50,37,0.74,5.46,7.38,0.62,8.806,8.0,-0.0994,0.04,0.22,0.06,1,232.3,252.2,232.3,-19.9,15.76,0.2331,0.0,173.0,79.2,9.76,9.0,-0.76
00-0036275,D'Andre Swift,RB,CHI,2025,16,12,0.0,13.94,3.0,0.0935,-0.007,0.1354,0,,,,,,,,,,,223,4.87,0.0404,0.0693,0.278,0.1345,48,34,0.7083,6.23,8.79,-0.52,-11.96,10.5,-0.0327,0.0208,0.2292,0.0625,2,228.6,213.9,227.7,13.8,13.37,0.1732,0.0,143.7,70.2,8.18,10.0,1.82
00-0036919,Kenny Gainwell,RB,PIT,2025,17,13,0.0,6.71,5.0,0.163,-0.0144,0.2345,0,,,,,,,,,,,114,4.71,0.0439,-0.0058,0.2982,0.1316,85,73,0.8588,5.72,6.66,-0.2,-28.588,7.23,0.0463,0.0353,0.2706,0.0706,1,221.3,213.2,221.3,8.1,12.54,0.1796,0.0,85.0,128.2,9.21,8.0,-1.21
00-0037228,Jaylen Warren,RB,PIT,2025,16,12,0.0,13.19,2.81,0.0958,-0.045,0.1122,0,,,,,,,,,,,211,4.54,0.0284,-0.0024,0.2464,0.109,45,40,0.8889,7.4,8.32,-2.51,-2.947,10.97,0.2365,0.0444,0.2889,0.1111,0,217.1,207.9,217.1,9.2,12.99,0.1837,0.0,141.2,66.7,9.83,8.0,-1.83
00-0036139,Rico Dowdle,RB,CAR,2025,17,13,0.0,13.88,2.94,0.1103,-0.0315,0.1433,0,,,,,,,,,,,236,4.56,0.0254,-0.0098,0.2161,0.1017,50,39,0.78,5.94,7.62,-1.04,-5.712,8.97,-0.0181,0.02,0.28,0.08,1,216.3,199.7,216.3,16.6,11.75,0.1842,0.0,128.9,70.8,5.67,7.0,1.33
00-0038120,Breece Hall,RB,NYJ,2025,16,13,0.06,15.19,3.0,0.1059,-0.0075,0.1535,1,1.0,4.0,1.0,0.0,0.0,1.1946,56.875,1.0,1.0,0.0,243,4.38,0.0165,-0.0916,0.2346,0.107,48,36,0.75,7.29,9.72,0.29,25.0,8.92,0.1806,0.0208,0.2708,0.1042,2,207.7,196.3,207.7,11.3,12.27,0.2051,1.9,124.1,70.3,4.99,6.0,1.01
00-0040730,RJ Harvey,RB,DEN,2025,17,13,0.06,8.59,3.41,0.1021,-0.0099,0.1462,1,0.0,0.0,0.0,0.0,0.0,-0.4586,-77.062,0.0,0.0,0.0,146,3.7,0.0479,-0.1568,0.1918,0.0548,58,47,0.8103,6.14,7.57,0.48,12.714,7.66,0.3289,0.0862,0.3103,0.069,1,206.6,189.0,206.6,17.6,11.12,0.1449,0.4,94.0,94.6,8.0,12.0,4.0
00-0040734,TreVeyon Henderson,RB,NE,2025,17,13,0.0,10.59,2.47,0.0839,-0.0003,0.1257,0,,,,,,,,,,,180,5.06,0.05,0.0469,0.25,0.1,42,35,0.8333,5.26,6.31,-0.02,-221.0,6.97,0.0638,0.0238,0.1667,0.0238,1,206.2,186.2,206.2,20.0,10.95,0.151,0.0,118.1,68.0,8.12,10.0,1.88
00-0038134,Kenneth Walker III,RB,SEA,2025,17,13,0.0,13.0,2.12,0.0826,-0.0213,0.109,0,,,,,,,,,,,221,4.65,0.0226,-0.0647,0.2081,0.1493,36,31,0.8611,7.83,9.1,-1.14,-6.878,10.94,0.19,0.0,0.3333,0.1667,0,191.9,193.0,191.9,-1.1,11.35,0.1645,0.0,137.0,56.0,7.01,5.0,-2.01
00-0035261,Tony Pollard,RB,TEN,2025,17,13,0.0,14.24,2.41,0.076,0.0005,0.1143,0,,,,,,,,,,,242,4.47,0.0207,-0.0896,0.1983,0.1116,41,33,0.8049,5.02,6.24,0.29,17.167,6.15,-0.2885,0.0,0.2683,0.0244,3,185.8,184.1,185.8,1.8,10.83,0.1733,0.0,129.4,54.6,4.48,5.0,0.52
00-0039165,Zach Charbonnet,RB,SEA,2025,16,12,0.0,11.5,1.5,0.052,0.0122,0.0866,0,,,,,,,,,,,184,3.97,0.0652,-0.0063,0.2609,0.0652,24,20,0.8333,6.0,7.2,1.67,3.6,6.15,0.0281,0.0,0.2917,0.0417,0,181.4,179.8,181.4,1.6,11.24,0.1618,0.0,140.1,39.8,11.58,12.0,0.42
00-0036875,Rhamondre Stevenson,RB,NE,2025,14,10,0.0,9.29,2.64,0.0984,0.0473,0.1807,0,,,,,,,,,,,130,4.64,0.0538,-0.1406,0.2231,0.1154,37,32,0.8649,9.32,10.78,4.3,2.17,8.22,0.354,0.0541,0.2973,0.1892,3,178.8,151.9,178.8,26.9,10.85,0.1514,0.0,90.4,61.5,7.61,9.0,1.39
00-0040784,Quinshon Judkins,RB,CLE,2025,14,12,0.0,16.43,2.57,0.0828,-0.0074,0.119,0,,,,,,,,,,,230,3.6,0.0304,-0.1091,0.2174,0.0783,36,26,0.7222,4.75,6.58,-0.42,-11.4,7.46,-0.2026,0.0,0.1944,0.1111,0,169.8,180.8,169.8,-11.0,12.92,0.2034,0.9,132.6,47.3,6.3,7.0,0.7
00-0035685,David Montgomery,RB,DET,2025,17,13,0.12,9.29,1.71,0.0543,0.0018,0.0827,2,0.5,1.5,0.5,0.0,0.3333,-0.5816,3.446,0.429,0.5,0.0,158,4.53,0.0506,0.003,0.2595,0.0949,29,24,0.8276,6.62,8.0,0.41,16.0,8.29,0.1079,0.0,0.3793,0.0345,1,166.9,166.2,166.9,0.8,9.77,0.1257,3.9,117.8,44.5,10.18,9.0,-1.18
00-0039384,Tyrone Tracy Jr.,RB,NYG,2025,15,11,0.0,11.73,3.2,0.1078,0.0024,0.1634,0,,,,,,,,,,,176,4.2,0.0114,-0.0556,0.2216,0.108,48,36,0.75,6.0,8.0,0.4,15.158,8.72,0.0008,0.0417,0.2917,0.1042,1,160.8,166.6,160.8,-5.8,11.1,0.1555,0.0,94.9,71.6,4.09,4.0,-0.09
00-0040236,Kyle Monangai,RB,CHI,2025,17,13,0.0,9.94,1.76,0.0572,-0.0002,0.0857,0,,,,,,,,,,,169,4.63,0.0296,0.0217,0.2367,0.0888,30,18,0.6,5.47,9.11,0.07,82.0,9.0,-0.2422,0.0,0.2333,0.0667,0,146.7,155.6,146.7,-8.9,9.15,0.1166,0.0,108.4,47.2,6.71,5.0,-1.71
00-0033923,Kareem Hunt,RB,KC,2025,17,13,0.0,9.59,1.47,0.0438,-0.0001,0.0657,0,,,,,,,,,,,163,3.75,0.0491,0.0593,0.3374,0.0613,25,18,0.72,5.72,7.94,0.0,,8.5,0.0554,0.04,0.32,0.04,1,145.4,146.7,145.4,-1.3,8.63,0.1155,0.0,107.8,38.9,8.4,9.0,0.6
00-0040583,Woody Marks,RB,HOU,2025,16,13,0.0,12.25,2.25,0.0684,0.0175,0.1149,0,,,,,,,,,,,196,3.59,0.0102,-0.1489,0.199,0.0765,36,24,0.6667,5.78,8.67,2.14,2.701,9.29,0.2008,0.0833,0.1944,0.0833,0,145.1,176.0,145.1,-30.9,11.0,0.1461,0.0,119.8,56.2,7.95,5.0,-2.95
00-0037256,Rachaad White,RB,TB,2025,17,13,0.0,7.76,2.65,0.0826,-0.0265,0.1054,0,,,,,,,,,,,132,4.33,0.0303,0.079,0.2803,0.0985,45,40,0.8889,4.84,5.45,-2.27,-2.137,8.22,-0.0403,0.0,0.2222,0.0444,0,143.0,154.7,143.0,-11.7,9.1,0.1222,0.0,85.6,69.0,6.25,4.0,-2.25
00-0040242,Jacory Croskey-Merritt,RB,WAS,2025,17,13,0.0,10.29,0.76,0.0298,-0.0052,0.0411,0,,,,,,,,,,,175,4.6,0.0457,-0.0373,0.2343,0.12,13,9,0.6923,5.23,7.56,-1.46,-3.579,8.56,0.0796,0.0,0.2308,0.0769,2,140.3,132.8,140.3,7.5,7.81,0.1166,0.0,113.8,19.0,6.75,8.0,1.25
00-0039361,Bucky Irving,RB,TB,2025,10,6,0.0,17.3,3.5,0.1071,-0.0206,0.1463,0,,,,,,,,,,,173,3.4,0.0058,-0.2056,0.1561,0.0636,35,30,0.8571,7.91,9.23,-1.6,-4.946,12.0,0.2518,0.0857,0.3143,0.1714,1,138.5,139.2,138.5,-0.7,13.92,0.1892,0.0,88.7,50.4,2.62,4.0,1.38
00-0040666,Omarion Hampton,RB,LAC,2025,9,6,0.0,13.78,3.89,0.118,-0.0298,0.1562,0,,,,,,,,,,,124,4.4,0.0323,-0.0063,0.25,0.1129,35,32,0.9143,5.49,6.0,-1.54,-3.556,7.66,-0.0169,0.0286,0.2,0.0857,0,135.7,133.6,135.7,2.1,14.84,0.2038,0.0,81.4,52.2,5.4,5.0,-0.4
00-0037525,Jordan Mason,RB,MIN,2025,16,13,0.0,9.94,1.0,0.0351,-0.0152,0.0419,0,,,,,,,,,,,159,4.77,0.0377,-0.0363,0.283,0.1384,16,14,0.875,3.19,3.64,-3.25,-0.981,7.29,-0.288,0.0,0.0625,0.0,1,128.9,118.8,128.9,10.2,7.42,0.1165,0.0,97.3,21.4,5.25,6.0,0.75
00-0040715,Cam Skattebo,RB,NYG,2025,8,8,0.0,12.62,4.0,0.1292,-0.0069,0.1889,0,,,,,,,,,,,101,4.06,0.0495,-0.1198,0.2673,0.099,32,24,0.75,6.47,8.62,-0.16,-41.4,8.71,0.1049,0.0625,0.3438,0.0938,1,127.7,115.2,127.7,12.5,14.4,0.1983,0.0,68.6,46.6,5.2,7.0,1.8
00-0036555,Chuba Hubbard,RB,CAR,2025,15,11,0.0,8.93,2.6,0.0882,-0.035,0.1079,0,,,,,,,,,,,134,3.81,0.0075,-0.117,0.2313,0.0597,39,30,0.7692,5.72,7.43,-1.03,-5.575,9.7,0.1174,0.0769,0.3077,0.1026,1,125.4,132.6,125.4,-7.2,8.84,0.1383,0.0,71.0,61.6,3.9,4.0,0.1
00-0037263,Tyler Allgeier,RB,ATL,2025,17,13,0.0,8.41,0.94,0.0321,-0.0067,0.0435,0,,,,,,,,,,,143,3.59,0.0559,-0.0808,0.2517,0.0979,16,14,0.875,6.0,6.86,-1.62,-3.692,8.57,0.1739,0.0,0.1875,0.125,0,123.0,120.9,123.0,2.1,7.11,0.1016,0.0,98.2,22.7,6.77,8.0,1.23
00-0039738,Blake Corum,RB,LA,2025,17,13,0.0,8.53,0.82,0.0226,0.001,0.0346,0,,,,,,,,,,,145,5.14,0.0414,0.1099,0.3034,0.1586,14,8,0.5714,2.57,4.5,1.79,1.44,4.62,-0.4192,0.0,0.1429,0.0,0,122.2,121.8,122.2,0.5,7.16,0.0849,0.0,100.9,20.9,6.9,6.0,-0.9
00-0033293,Aaron Jones,RB,MIN,2025,12,9,0.0,11.0,3.42,0.1414,-0.0125,0.2033,0,,,,,,,,,,,132,4.15,0.0152,-0.018,0.2121,0.0909,41,28,0.6829,4.85,7.11,-0.61,-7.96,8.11,-0.1842,0.0244,0.2195,0.0488,1,118.7,130.8,118.7,-12.1,10.9,0.1936,0.0,67.7,63.1,3.39,3.0,-0.39
00-0039391,Kimani Vidal,RB,LAC,2025,12,9,0.0,12.92,1.83,0.0587,-0.0072,0.083,0,,,,,,,,,,,155,4.15,0.0194,-0.0909,0.2065,0.0839,22,16,0.7273,6.18,8.5,-0.64,-9.714,10.62,0.0336,0.0455,0.2727,0.0455,0,117.9,137.8,117.9,-19.9,11.49,0.1586,0.0,100.6,37.2,6.86,4.0,-2.86
00-0036158,J.K. Dobbins,RB,DEN,2025,10,10,0.0,15.3,1.4,0.0459,-0.0114,0.0608,0,,,,,,,,,,,153,5.05,0.0261,0.0273,0.2418,0.1373,14,11,0.7857,2.64,3.36,-2.14,-1.233,5.09,-0.3561,0.0,0.0,0.0,0,115.9,108.8,115.9,7.1,10.88,0.1431,0.0,87.8,21.0,3.82,4.0,0.18
00-0039032,Tyjae Spears,RB,TEN,2025,13,9,0.0,5.54,3.85,0.1228,-0.0485,0.1503,0,,,,,,,,,,,72,3.93,0.0278,-0.0542,0.2222,0.0833,50,45,0.9,5.28,5.87,-2.3,-2.296,8.02,-0.0329,0.0,0.2,0.08,0,111.7,110.8,111.7,0.9,8.52,0.1342,0.0,40.6,70.2,2.55,2.0,-0.55
00-0035250,Devin Singletary,RB,NYG,2025,17,13,0.0,7.0,1.12,0.04,-0.0055,0.0561,0,,,,,,,,,,,119,3.67,0.042,-0.0232,0.2269,0.0504,19,18,0.9474,7.95,8.39,-0.63,-12.583,9.0,0.1191,0.0,0.2105,0.1579,0,108.8,112.5,108.8,-3.7,6.62,0.092,1.2,82.0,29.2,6.11,5.0,-1.11
00-0033906,Alvin Kamara,RB,NO,2025,11,11,0.0,11.91,3.55,0.1167,0.0077,0.1804,0,,,,,,,,,,,131,3.6,0.0076,-0.2197,0.1603,0.0763,39,33,0.8462,4.77,5.64,0.85,5.636,6.12,-0.2993,0.0,0.1795,0.0513,2,100.7,121.2,100.7,-20.5,11.02,0.1593,0.0,65.5,55.7,2.38,1.0,-1.38
00-0035537,Ty Johnson,RB,BUF,2025,17,13,0.0,2.94,1.94,0.0685,-0.0211,0.0879,0,,,,,,,,,,,50,4.0,0.06,0.0553,0.26,0.04,33,24,0.7273,7.97,10.96,-1.18,-6.744,12.54,0.347,0.0606,0.3333,0.1212,0,100.3,95.9,97.1,1.2,5.64,0.0757,0.0,43.0,52.9,5.09,5.0,-0.09
00-0036924,Michael Carter,RB,ARI,2025,13,9,0.0,7.08,3.46,0.0917,0.0154,0.1484,0,,,,,,,,,,,92,3.62,0.0109,-0.0744,0.2065,0.0543,45,33,0.7333,5.93,8.09,1.67,3.56,7.79,0.0412,0.0,0.2667,0.0444,0,99.0,119.9,99.0,-20.9,9.22,0.114,0.0,51.8,68.1,3.1,1.0,-2.1
00-0038797,Emanuel Wilson,RB,GB,2025,16,12,0.0,7.81,1.06,0.0397,-0.0198,0.0456,0,,,,,,,,,,,125,3.97,0.024,-0.0617,0.256,0.096,17,15,0.8824,5.82,6.6,-1.88,-3.094,8.87,0.0599,0.0,0.2941,0.0588,0,94.5,102.9,94.5,-8.4,6.43,0.096,0.0,76.3,26.6,4.25,3.0,-1.25
00-0037157,Bam Knight,RB,ARI,2025,10,9,0.0,8.2,3.1,0.076,0.0114,0.1219,0,,,,,,,,,,,82,3.28,0.0488,-0.1998,0.2561,0.061,31,22,0.7097,5.16,7.27,1.19,4.324,6.86,0.0453,0.0323,0.3226,0.0323,1,92.9,110.5,92.9,-17.6,11.05,0.1272,0.0,63.1,47.4,6.17,5.0,-1.17
00-0038611,Chris Rodriguez Jr.,RB,WAS,2025,12,10,0.0,9.33,0.33,0.0133,0.0035,0.0224,0,,,,,,,,,,,112,4.46,0.0536,0.0553,0.2857,0.1161,4,3,0.75,7.5,10.0,4.0,1.875,8.67,-0.825,0.0,0.25,0.25,0,92.0,93.1,92.0,-1.1,7.75,0.1118,0.0,88.2,4.9,7.46,6.0,-1.46
00-0038951,Sean Tucker,RB,TB,2025,14,10,0.0,6.14,0.79,0.023,-0.0013,0.0335,0,,,,,,,,,,,86,3.72,0.0814,-0.0425,0.2558,0.0814,11,8,0.7273,3.09,4.25,-0.91,-3.4,6.12,-0.2874,0.0909,0.0909,0.0909,0,91.4,89.4,91.4,2.0,6.39,0.0858,0.0,71.3,18.2,6.89,8.0,1.11
00-0040719,Bhayshul Tuten,RB,JAX,2025,15,13,0.0,5.53,0.93,0.0297,0.0019,0.046,0,,,,,,,,,,,83,3.7,0.0602,-0.1228,0.2771,0.0602,14,10,0.7143,5.64,7.9,0.57,9.875,8.0,0.3925,0.1429,0.2143,0.1429,1,88.6,82.4,88.6,6.2,5.49,0.0703,0.0,59.9,22.5,4.79,7.0,2.21
00-0034791,Nick Chubb,RB,HOU,2025,15,13,0.0,8.13,1.33,0.0396,0.0041,0.0623,0,,,,,,,,,,,122,4.15,0.0246,-0.1116,0.1639,0.0738,20,13,0.65,3.35,5.15,0.75,4.467,4.85,-0.1216,0.0,0.05,0.05,0,88.3,101.1,88.3,-12.8,6.74,0.0907,0.0,72.8,28.3,3.69,3.0,-0.69
00-0040162,Dylan Sampson,RB,CLE,2025,15,13,0.0,4.33,2.67,0.0868,-0.0211,0.1154,0,,,,,,,,,,,65,2.69,0.0,-0.2588,0.1846,0.0462,40,33,0.825,6.78,8.21,-1.55,-4.371,9.64,0.1725,0.05,0.2,0.05,1,87.6,89.4,87.6,-1.8,5.96,0.0932,0.0,32.4,56.9,1.51,2.0,0.49
00-0037197,Isiah Pacheco,RB,KC,2025,13,10,0.0,9.08,2.0,0.068,-0.0061,0.0977,0,,,,,,,,,,,118,3.92,0.0085,-0.1156,0.2288,0.0847,26,19,0.7308,3.88,5.32,-1.04,-3.741,6.37,-0.1799,0.0385,0.1538,0.0385,0,87.3,104.7,87.3,-17.4,8.05,0.1107,0.0,64.9,39.8,2.82,2.0,-0.82
00-0033526,Samaje Perine,RB,CIN,2025,14,10,0.0,6.0,1.5,0.0444,-0.01,0.0595,0,,,,,,,,,,,84,4.55,0.0357,-0.003,0.381,0.1071,21,17,0.8095,4.14,5.12,-1.52,-2.719,6.41,-0.1235,0.0,0.2381,0.0476,2,77.9,82.4,77.9,-4.5,5.89,0.0771,0.0,53.6,28.8,2.95,3.0,0.05
00-0033955,Jeremy McNichols,RB,WAS,2025,16,12,0.0,2.75,1.94,0.0782,-0.0061,0.113,0,,,,,,,,,,,44,5.02,0.0227,0.0328,0.2955,0.1136,31,25,0.8065,6.32,7.84,-0.74,-8.522,8.88,-0.037,0.0,0.3226,0.0968,1,72.7,71.5,72.7,1.2,4.47,0.067,0.0,26.5,45.0,1.15,1.0,-0.15
00-0039798,Isaiah Davis,RB,NYJ,2025,15,12,0.0,2.87,1.87,0.0672,-0.0031,0.0986,0,,,,,,,,,,,43,5.49,0.0233,-0.0752,0.1628,0.1395,28,21,0.75,6.64,8.86,1.14,5.812,9.0,0.1648,0.0,0.2857,0.1071,0,71.2,61.7,71.2,9.5,4.11,0.0693,0.0,23.8,37.9,0.89,1.0,0.11
00-0034975,Justice Hill,RB,BAL,2025,9,9,0.0,2.0,3.0,0.1112,-0.0072,0.1618,0,,,,,,,,,,,18,5.17,0.1111,-0.0697,0.2222,0.0556,27,21,0.7778,6.26,8.05,-0.22,-28.167,8.76,0.0156,0.037,0.2222,0.037,0,65.2,53.7,65.2,11.5,5.97,0.0892,0.0,12.2,41.5,1.02,3.0,1.98
00-0039875,Ray Davis,RB,BUF,2025,13,9,0.0,4.46,1.0,0.0371,0.0047,0.0589,0,,,,,,,,,,,58,4.74,0.0,0.0233,0.2586,0.1552,13,10,0.7692,6.62,8.6,0.08,86.0,9.9,0.362,0.1538,0.5385,0.1538,0,64.1,60.3,58.1,-2.2,4.64,0.0615,0.0,35.3,25.0,2.76,2.0,-0.76
00-0040078,Brashard Smith,RB,KC,2025,15,11,0.0,2.93,2.33,0.0746,-0.0233,0.0955,0,,,,,,,,,,,44,3.43,0.0,-0.2215,0.1136,0.0455,35,25,0.7143,4.91,6.88,-1.6,-3.071,9.28,-0.0176,0.0286,0.2,0.0571,0,63.3,84.5,63.3,-21.2,5.64,0.076,0.0,26.7,57.9,2.84,1.0,-1.84
00-0037746,Brian Robinson,RB,SF,2025,16,12,0.0,5.75,0.75,0.0222,-0.0,0.0332,0,,,,,,,,,,,92,4.35,0.0217,-0.0078,0.2174,0.1087,12,8,0.6667,2.08,3.12,0.0,,4.38,-0.3386,0.0,0.0833,0.0,0,62.5,71.1,62.5,-8.6,4.44,0.0563,0.0,51.4,19.7,2.65,2.0,-0.65
00-0040202,Devin Neal,RB,NO,2025,9,8,0.0,6.33,2.11,0.0611,-0.0152,0.0811,0,,,,,,,,,,,57,3.61,0.0351,-0.138,0.193,0.0526,19,17,0.8947,5.47,6.12,-2.0,-2.737,8.12,-0.1172,0.0,0.2105,0.1053,0,60.0,55.3,60.0,4.7,6.14,0.0904,0.0,29.5,25.8,1.03,2.0,0.97
00-0038705,Emari Demercado,RB,ARI,2025,11,7,0.0,4.0,1.82,0.0472,0.005,0.0742,0,,,,,,,,,,,44,7.09,0.0,-0.1569,0.2045,0.2045,20,13,0.65,5.05,7.77,0.6,8.417,6.46,-0.0794,0.05,0.15,0.1,1,58.3,58.1,58.3,0.2,5.28,0.0662,0.0,25.7,32.4,1.88,1.0,-0.88
00-0038454,Keaton Mitchell,RB,BAL,2025,12,8,0.0,4.92,1.0,0.0456,-0.0161,0.0571,0,,,,,,,,,,,59,5.78,0.0169,0.0444,0.2712,0.1695,12,9,0.75,5.25,7.0,-2.33,-2.25,9.44,-0.4608,0.0,0.1667,0.0833,0,55.4,53.1,55.4,2.3,4.42,0.0708,0.0,36.2,16.8,1.54,1.0,-0.54
00-0040198,Ollie Gordon II,RB,MIA,2025,16,13,0.0,4.38,0.56,0.0193,-0.008,0.0234,0,,,,,,,,,,,70,2.84,0.0429,-0.1367,0.3,0.0714,9,7,0.7778,3.56,4.57,-2.78,-1.28,8.14,-0.3829,0.1111,0.1111,0.1111,0,54.1,59.8,54.1,-5.7,3.74,0.0604,0.0,47.4,12.4,3.77,4.0,0.23
00-0038555,Tank Bigsby,RB,PHI,2025,11,7,0.0,5.73,0.36,0.0158,-0.0017,0.0225,0,,,,,,,,,,,63,5.65,0.0317,0.1151,0.2857,0.2063,4,3,0.75,8.0,10.67,-1.5,-5.333,13.0,-0.1843,0.0,0.25,0.25,0,53.8,53.8,53.8,0.0,4.89,0.0692,0.0,48.1,5.7,3.7,2.0,-1.7
00-0039874,Jaylen Wright,RB,MIA,2025,9,5,0.0,7.78,1.0,0.0412,-0.0305,0.0404,0,,,,,,,,,,,70,4.11,0.0286,-0.0814,0.2429,0.0857,9,5,0.5556,4.89,8.8,-3.78,-1.294,12.0,-0.1858,0.0,0.2222,0.1111,1,48.2,57.7,48.2,-9.5,6.41,0.1085,0.0,44.9,12.8,2.54,2.0,-0.54
00-0039373,Audric Estimé,RB,NO,2025,5,1,0.0,9.2,2.6,0.0732,-0.0012,0.1089,0,,,,,,,,,,,46,4.3,0.0217,0.1019,0.2609,0.0435,13,12,0.9231,7.92,8.58,-0.15,-51.5,9.0,0.2902,0.0,0.2308,0.1538,0,48.1,47.9,48.1,0.2,9.59,0.1398,0.0,29.3,18.7,1.75,1.0,-0.75
00-0037267,Jerome Ford,RB,CLE,2025,13,13,0.0,1.85,2.46,0.0725,-0.0144,0.0987,0,,,,,,,,,,,24,3.04,0.0,-0.1257,0.2083,0.0833,32,26,0.8125,3.22,3.96,-1.53,-2.102,5.92,-0.1746,0.0,0.125,0.0312,0,43.6,60.4,43.6,-16.8,4.64,0.07,0.0,17.4,43.0,1.69,0.0,-1.69
00-0037563,Malik Davis,RB,DAL,2025,9,6,0.0,5.78,0.56,0.0157,0.0067,0.0282,0,,,,,,,,,,,52,4.81,0.0385,0.0156,0.2115,0.0769,5,2,0.4,3.2,8.0,3.6,0.889,3.0,-0.9624,0.0,0.0,0.0,0,40.6,42.3,40.6,-1.7,4.7,0.0527,0.0,35.0,7.3,2.06,2.0,-0.06
00-0038440,Zavier Scott,RB,MIN,2025,9,7,0.0,3.56,1.78,0.0532,-0.0087,0.0737,0,,,,,,,,,,,32,3.56,0.0,-0.2812,0.1875,0.0938,16,14,0.875,6.12,7.0,1.06,5.765,7.5,-0.0477,0.0625,0.4375,0.125,1,39.2,41.3,39.2,-2.1,4.59,0.0686,0.0,17.5,23.8,1.01,1.0,-0.01
00-0032104,Ameer Abdullah,RB,IND,2025,12,8,0.0,1.17,1.42,0.0469,-0.0021,0.0689,0,,,,,,,,,,,14,4.29,0.0714,0.0677,0.2143,0.0714,17,16,0.9412,5.82,6.19,-0.18,-33.0,6.56,0.0479,0.0,0.2353,0.0,0,37.9,35.4,37.9,2.5,2.95,0.0388,0.0,10.4,25.0,1.01,1.0,-0.01
00-0038738,Hunter Luepke,RB,DAL,2025,11,7,0.0,1.45,1.36,0.0425,-0.0033,0.0614,0,,,,,,,,,,,16,4.44,0.0,-0.0999,0.375,0.0,15,13,0.8667,7.27,8.38,-0.2,-36.333,9.15,0.3069,0.0667,0.4,0.0,0,37.0,35.7,37.0,1.3,3.25,0.039,0.0,8.3,27.4,1.24,1.0,-0.24
00-0039921,Trey Benson,RB,ARI,2025,4,4,0.0,7.25,4.0,0.1293,-0.0273,0.1748,0,,,,,,,,,,,29,5.52,0.0,-0.0072,0.1379,0.1379,16,13,0.8125,4.0,4.92,-1.38,-2.909,5.62,-0.5046,0.0,0.125,0.0,0,35.4,40.8,35.4,-5.4,10.2,0.14,0.0,18.2,22.6,1.1,0.0,-1.1
00-0037085,Tyler Badie,RB,DEN,2025,14,11,0.0,0.57,2.21,0.061,-0.0446,0.0602,0,,,,,,,,,,,8,2.88,0.0,-0.4631,0.125,0.0,31,19,0.6129,4.55,7.42,-1.42,-3.205,11.05,0.0395,0.0,0.2903,0.0968,0,35.4,50.5,35.4,-15.1,3.61,0.0457,0.0,6.5,44.0,1.29,0.0,-1.29
00-0038551,Kendre Miller,RB,NO,2025,7,7,0.0,6.71,0.71,0.0213,-0.0012,0.0311,0,,,,,,,,,,,47,4.11,0.0213,-0.0623,0.1915,0.1064,5,5,1.0,6.0,6.0,-1.0,-6.0,7.0,-0.0734,0.0,0.2,0.0,0,33.3,29.6,33.3,3.7,4.22,0.0619,0.0,22.5,7.1,0.4,1.0,0.6
00-0033553,James Conner,RB,ARI,2025,3,3,0.0,10.67,3.0,0.0985,-0.0188,0.1346,0,,,,,,,,,,,32,2.97,0.0312,-0.0869,0.2188,0.0312,9,8,0.8889,4.22,4.75,-1.0,-4.222,8.5,0.2483,0.1111,0.4444,0.1111,0,33.3,40.3,33.3,-7.0,13.43,0.1867,0.0,23.2,17.1,2.53,2.0,-0.53
00-0038685,Chris Brooks,RB,GB,2025,14,10,0.0,1.93,1.21,0.0436,0.0022,0.0669,0,,,,,,,,,,,27,3.93,0.0,-0.18,0.1852,0.1111,17,13,0.7647,5.35,7.0,0.35,15.167,8.15,-0.0657,0.0,0.1765,0.1176,0,32.7,38.2,32.7,-5.5,2.73,0.0398,0.0,13.3,24.9,0.58,0.0,-0.58
00-0038794,Jaleel McLaughlin,RB,DEN,2025,8,4,0.0,4.62,0.75,0.0255,-0.0601,-0.0038,0,,,,,,,,,,,37,5.05,0.027,0.0433,0.2162,0.1351,6,4,0.6667,4.5,6.75,-3.83,-1.174,9.75,-0.3705,0.0,0.3333,0.1667,0,31.4,29.0,31.4,2.4,3.63,0.0479,0.0,20.2,8.9,0.62,1.0,0.38
00-0039405,Jawhar Jordan,RB,HOU,2025,4,0,0.0,10.75,1.75,0.056,-0.0168,0.0723,0,,,,,,,,,,,43,4.49,0.0,-0.2092,0.186,0.1628,7,7,1.0,4.86,4.86,-0.86,-5.667,5.71,0.0476,0.0,0.2857,0.0,0,29.7,35.7,29.7,-6.0,8.93,0.1258,0.0,25.9,9.8,1.01,0.0,-1.01
00-0031687,Raheem Mostert,RB,LV,2025,12,10,0.0,1.83,1.0,0.0349,-0.0076,0.047,0,,,,,,,,,,,22,4.73,0.0,-0.4116,0.2273,0.1364,12,12,1.0,5.83,5.83,-1.33,-4.375,7.17,0.1217,0.0,0.5,0.0833,0,29.4,28.2,29.4,1.2,2.35,0.0415,0.0,12.1,16.1,0.45,0.0,-0.45
00-0035243,Miles Sanders,RB,DAL,2025,4,4,0.0,5.0,2.0,0.0474,-0.0084,0.0652,0,,,,,,,,,,,20,5.85,0.05,-0.0944,0.25,0.05,8,8,1.0,3.75,3.75,-1.75,-2.143,5.5,-0.1894,0.0,0.0,0.0,1,26.7,24.1,26.7,2.6,6.03,0.0661,0.0,12.3,11.8,0.69,1.0,0.31
00-0036755,Jaret Patterson,RB,LAC,2025,6,4,0.0,6.83,0.67,0.0175,-0.0004,0.026,0,,,,,,,,,,,41,3.88,0.0244,-0.0356,0.1707,0.0488,4,3,0.75,2.0,2.67,-0.25,-8.0,2.67,-0.4041,0.0,0.25,0.0,0,25.7,31.3,25.7,-5.6,5.22,0.0715,0.0,26.2,5.1,1.5,1.0,-0.5
00-0040238,LeQuint Allen Jr.,RB,JAX,2025,14,11,0.0,1.64,0.79,0.0241,-0.0046,0.0329,0,,,,,,,,,,,23,4.09,0.0,-0.1406,0.2174,0.087,11,10,0.9091,4.91,5.4,-1.36,-3.6,6.1,-0.351,0.0,0.0,0.0,0,24.8,27.9,24.8,-3.1,1.99,0.0248,0.0,12.4,15.4,0.67,0.0,-0.67
00-0039796,Rasheen Ali,RB,BAL,2025,8,4,0.0,0.88,1.38,0.0684,0.0,0.1027,0,,,,,,,,,,,7,3.43,0.0,-0.5316,0.1429,0.0,11,9,0.8182,6.18,7.56,-0.09,-68.0,9.22,-0.0709,0.0909,0.1818,0.0909,0,24.2,19.7,24.2,4.5,2.46,0.043,0.0,4.2,15.5,0.23,1.0,0.77
00-0033854,Dare Ogunbowale,RB,HOU,2025,9,6,0.0,1.22,1.44,0.0475,0.0193,0.0848,0,,,,,,,,,,,11,2.27,0.0909,-0.3329,0.0909,0.0,13,10,0.7692,5.85,7.6,1.85,3.167,5.6,-0.7098,0.0,0.2308,0.1538,1,24.1,33.3,24.1,-9.2,3.7,0.048,0.0,13.1,20.2,2.09,1.0,-1.09
00-0036328,Antonio Gibson,RB,NE,2025,5,5,0.0,5.0,0.6,0.0203,-0.0093,0.0239,0,,,,,,,,,,,25,4.24,0.04,-0.1881,0.24,0.12,3,2,0.6667,2.0,3.0,-2.0,-1.0,8.0,-0.4117,0.0,0.0,0.0,1,23.2,20.2,17.2,-3.0,4.05,0.0581,0.0,15.8,4.4,1.01,1.0,-0.01
00-0039299,George Holani,RB,SEA,2025,4,4,0.0,5.5,0.5,0.025,-0.0015,0.0365,0,,,,,,,,,,,22,3.32,0.0455,-0.425,0.2273,0.0,2,2,1.0,7.5,7.5,-0.5,-15.0,8.0,-0.0703,0.0,0.5,0.0,1,20.8,14.9,14.8,-0.1,3.74,0.0536,0.0,11.5,3.4,0.45,1.0,0.55
00-0040586,Jaydon Blue,RB,DAL,2025,5,4,0.0,7.6,0.2,0.0067,-0.0047,0.0067,0,,,,,,,,,,,38,3.39,0.0263,-0.197,0.1842,0.1316,1,1,1.0,5.0,5.0,-5.0,-1.0,10.0,-0.1194,0.0,0.0,0.0,0,20.4,23.9,20.4,-3.5,4.79,0.0625,0.0,22.4,1.6,0.88,1.0,0.12
00-0040466,Raheim Sanders,RB,CLE,2025,4,1,0.0,6.75,1.0,0.0429,0.0255,0.0822,0,,,,,,,,,,,27,3.41,0.037,0.0334,0.2593,0.037,4,3,0.75,5.25,7.0,3.5,1.5,4.67,0.2976,0.0,0.0,0.0,0,20.3,30.4,20.3,-10.1,7.59,0.1176,0.0,24.3,6.1,2.41,1.0,-1.41
00-0039746,Will Shipley,RB,PHI,2025,11,8,0.0,1.27,1.09,0.0371,-0.0031,0.0536,0,,,,,,,,,,,14,3.5,0.0,-0.2571,0.2857,0.0714,12,9,0.75,4.67,6.22,-0.83,-5.6,7.0,-0.4239,0.0,0.1667,0.0,0,19.5,25.2,19.5,-5.7,2.29,0.0351,0.0,8.2,17.0,0.26,0.0,-0.26
00-0035291,Trayveon Williams,RB,CLE,2025,5,1,0.0,2.0,1.8,0.0699,-0.0664,0.0584,0,,,,,,,,,,,10,3.6,0.0,0.1575,0.3,0.1,9,8,0.8889,6.11,6.88,-3.78,-1.618,10.38,-0.3595,0.0,0.2222,0.2222,0,17.1,16.4,17.1,0.7,3.28,0.0621,0.0,5.5,10.9,0.24,0.0,-0.24
00-0039794,Braelon Allen,RB,NYJ,2025,4,4,0.0,4.5,0.75,0.0262,0.0124,0.048,0,,,,,,,,,,,18,4.22,0.0556,-0.4833,0.2222,0.0556,3,2,0.6667,5.67,8.5,2.67,2.125,4.5,-0.0715,0.0,0.3333,0.0,1,15.3,18.1,15.3,-2.8,4.51,0.076,0.0,11.3,6.8,1.05,1.0,-0.05
00-0039757,Terrell Jennings,RB,NE,2025,5,5,0.0,4.6,0.2,0.0071,0.0013,0.0116,0,,,,,,,,,,,23,3.17,0.0435,0.104,0.3478,0.087,1,1,1.0,9.0,9.0,2.0,4.5,7.0,0.6563,0.0,0.0,0.0,0,15.2,15.4,15.2,-0.2,3.09,0.0406,0.0,13.9,1.5,0.97,1.0,0.03
00-0040644,Trevor Etienne,RB,CAR,2025,8,8,0.0,2.5,0.38,0.0132,0.0019,0.0212,0,,,,,,,,,,,20,4.7,0.0,-0.0785,0.3,0.15,3,3,1.0,4.33,4.33,0.67,6.5,3.67,-0.1939,0.0,0.3333,0.0,0,13.7,18.0,13.7,-4.3,2.25,0.0319,0.0,14.3,3.7,0.99,0.0,-0.99
00-0033699,Austin Ekeler,RB,WAS,2025,2,2,0.0,7.0,3.5,0.1017,0.0215,0.1676,0,,,,,,,,,,,14,3.07,0.0,-0.0832,0.2143,0.0,7,5,0.7143,5.43,7.6,1.71,3.167,9.8,0.0328,0.0,0.2857,0.0,0,13.1,17.7,13.1,-4.6,8.83,0.1201,0.0,8.0,9.7,0.33,0.0,-0.33
00-0036893,Najee Harris,RB,LAC,2025,3,3,0.0,5.0,1.0,0.0345,0.0117,0.0599,0,,,,,,,,,,,15,4.07,0.0,-0.0226,0.2,0.0,3,3,1.0,8.33,8.33,3.33,2.5,5.0,0.4373,0.0,0.3333,0.0,0,11.6,11.4,11.6,0.2,3.82,0.046,0.0,6.3,5.1,0.09,0.0,-0.09
00-0036842,Kene Nwangwu,RB,NYJ,2025,2,0,0.0,6.5,0.5,0.0227,-0.0411,0.0053,0,,,,,,,,,,,13,3.77,0.0,-0.2448,0.1538,0.0769,1,0,0.0,0.0,,-6.0,-0.0,,-0.8474,0.0,0.0,0.0,0,10.9,12.1,4.9,-7.2,6.03,0.1163,0.0,11.0,1.0,0.9,0.0,-0.9
00-0040021,Phil Mafah,RB,DAL,2025,1,0,0.0,5.0,2.0,0.087,-0.0618,0.0872,0,,,,,,,,,,,5,3.6,0.2,0.2146,0.4,0.0,2,2,1.0,5.5,5.5,-5.5,-1.0,11.0,-0.0695,0.0,0.5,0.0,0,10.9,8.4,10.9,2.5,8.41,0.1197,0.0,5.6,2.8,0.63,1.0,0.37
00-0037617,Hassan Haskins,RB,LAC,2025,5,3,0.0,3.4,0.8,0.0189,0.0019,0.0297,0,,,,,,,,,,,17,2.76,0.0,-0.1698,0.2353,0.0588,4,4,1.0,3.25,3.25,-0.75,-4.333,4.0,-0.3784,0.0,0.0,0.0,0,10.0,13.7,10.0,-3.7,2.74,0.0347,0.0,8.2,5.5,0.17,0.0,-0.17
00-0037329,Brittain Brown,RB,CHI,2025,1,1,0.0,5.0,1.0,0.0294,0.0136,0.0536,0,,,,,,,,,,,5,7.4,0.2,0.5197,0.4,0.2,1,0,0.0,0.0,,4.0,0.0,,-0.1661,0.0,0.0,0.0,0,9.7,4.3,9.7,5.4,4.31,0.0433,0.0,2.9,1.5,0.1,1.0,0.9
00-0040179,DJ Giddens,RB,IND,2025,5,4,0.0,5.2,0.4,0.0125,-0.0036,0.0162,0,,,,,,,,,,,26,3.69,0.0,0.0008,0.1923,0.0769,2,0,0.0,0.0,,-3.0,-0.0,,-0.8289,0.0,0.0,0.0,0,9.6,18.3,9.6,-8.7,3.65,0.0443,0.0,15.6,2.6,0.99,0.0,-0.99
00-0038040,Zamir White,RB,LV,2025,5,3,0.0,2.4,1.2,0.0365,-0.0027,0.0528,0,,,,,,,,,,,12,2.67,0.0,-0.631,0.0833,0.0,6,4,0.6667,4.0,6.0,-0.5,-8.0,6.0,-0.3095,0.0,0.0,0.0,0,9.6,14.8,9.6,-5.2,2.96,0.0458,0.0,6.2,8.7,0.08,0.0,-0.08
00-0040556,Corey Kiner,RB,ARI,2025,4,0,0.0,3.0,0.75,0.0268,0.011,0.0478,0,,,,,,,,,,,12,4.83,0.0,0.1573,0.3333,0.0,3,2,0.6667,5.0,7.5,3.67,1.364,3.0,-0.1441,0.0,0.3333,0.0,0,9.3,9.9,9.3,-0.6,2.48,0.037,0.0,5.8,4.2,0.19,0.0,-0.19
00-0036265,AJ Dillon,RB,PHI,2025,6,5,0.0,2.0,0.5,0.0153,0.0061,0.0272,0,,,,,,,,,,,12,5.0,0.0,-0.0144,0.3333,0.0833,3,3,1.0,7.0,7.0,4.0,1.75,3.0,-1.3948,0.0,0.0,0.0,1,9.1,11.7,9.1,-2.6,1.94,0.0285,0.0,6.6,5.1,0.33,0.0,-0.33
00-0040142,Kaleb Johnson,RB,PIT,2025,10,9,0.0,2.8,0.2,0.0074,-0.009,0.0048,0,,,,,,,,,,,28,2.46,0.0,-0.2756,0.0714,0.0,2,1,0.5,4.5,9.0,-4.0,-1.125,14.0,0.1224,0.0,0.0,0.0,0,8.8,18.2,8.8,-9.4,1.82,0.0276,0.0,14.9,3.3,0.39,0.0,-0.39
00-0037276,Ty Chandler,RB,MIN,2025,2,0,0.0,8.5,2.0,0.0667,-0.0505,0.0646,0,,,,,,,,,,,17,2.76,0.0,-0.3239,0.0588,0.0,4,3,0.75,2.75,3.67,-5.0,-0.55,9.0,-0.2098,0.0,0.25,0.0,0,8.8,18.1,8.8,-9.3,9.04,0.1531,0.0,10.5,7.6,0.94,0.0,-0.94
00-0039603,British Brooks,RB,HOU,2025,3,2,0.0,5.67,0.0,0.0,0.0,0.0,0,,,,,,,,,,,17,4.59,0.0,0.1277,0.2941,0.0588,0,0,,,,,,,,,,,0,7.8,15.6,7.8,-7.8,5.2,0.0651,0.0,15.6,0.0,1.48,0.0,-1.48
00-0036414,Cam Akers,RB,MIN,2025,2,2,0.5,2.5,0.5,0.0208,-0.016,0.0201,1,1.0,32.0,1.0,0.0,0.0,3.26,44.74,2.133,1.0,1.0,5,3.8,0.0,-0.1829,0.2,0.2,1,0,0.0,0.0,,-6.0,-0.0,,-1.4302,0.0,0.0,0.0,0,7.2,4.0,7.2,3.1,2.02,0.0296,0.4,2.0,1.6,0.05,1.0,0.95
00-0036906,Khalil Herbert,RB,NYJ,2025,3,0,0.0,5.33,1.33,0.0511,-0.0403,0.0485,0,,,,,,,,,,,16,3.25,0.0,-0.1416,0.125,0.0,4,1,0.25,1.0,4.0,-3.25,-0.308,9.0,-1.0142,0.0,0.0,0.0,0,6.6,14.0,6.6,-7.4,4.66,0.0843,0.0,8.9,5.1,0.31,0.0,-0.31
00-0038397,Evan Hull,RB,NO,2025,6,2,0.0,3.17,0.17,0.0083,-0.0042,0.0095,0,,,,,,,,,,,19,2.53,0.0,-0.4062,0.1053,0.0,1,1,1.0,6.0,6.0,-4.0,-1.5,10.0,0.1512,0.0,0.0,0.0,0,6.4,10.8,6.4,-4.4,1.8,0.0263,0.0,9.4,1.4,0.17,0.0,-0.17
00-0040208,Tahj Brooks,RB,CIN,2025,6,4,0.0,2.67,0.33,0.01,-0.0027,0.013,0,,,,,,,,,,,16,2.81,0.0,-0.2544,0.0625,0.0,2,1,0.5,4.5,9.0,-2.5,-1.8,11.0,-4.0151,0.0,0.0,0.0,0,6.4,10.8,6.4,-4.4,1.8,0.0237,0.0,7.4,3.4,0.06,0.0,-0.06
00-0039407,Dylan Laube,RB,LV,2025,4,3,0.0,1.75,1.0,0.0356,-0.0173,0.0413,0,,,,,,,,,,,7,1.29,0.0,-0.7668,0.0,0.0,4,3,0.75,4.5,6.0,-1.5,-3.0,8.0,-0.1975,0.0,0.25,0.0,0,5.7,9.1,5.7,-3.4,2.27,0.0443,0.0,3.8,5.3,0.03,0.0,-0.03
00-0037120,Tyler Goodson,RB,IND,2025,7,5,0.0,1.29,0.43,0.0104,-0.0011,0.0148,0,,,,,,,,,,,9,2.67,0.0,-0.3313,0.0,0.0,3,2,0.6667,2.67,4.0,-1.0,-2.667,5.0,-0.3153,0.0,0.0,0.0,0,5.2,11.5,5.2,-6.3,1.65,0.0215,0.0,4.3,7.2,0.57,0.0,-0.57
00-0036187,Reggie Gilliam,RB,BUF,2025,2,1,0.0,1.0,1.0,0.0335,0.0559,0.0893,0,,,,,,,,,,,2,2.0,0.0,-0.1303,0.5,0.0,2,2,1.0,12.0,12.0,11.0,1.091,1.0,-0.0423,0.0,0.5,0.5,0,4.8,8.6,4.8,-3.8,4.29,0.036,0.0,4.1,4.5,0.72,0.0,-0.72
00-0037557,Ronnie Rivers,RB,LA,2025,2,1,0.0,4.5,0.0,0.0,0.0,0.0,0,,,,,,,,,,,9,5.11,0.0,-0.1215,0.3333,0.0,0,0,,,,,,,,,,,0,4.6,4.4,4.6,0.2,2.21,0.0269,0.0,4.4,0.0,0.04,0.0,-0.04
00-0036360,Clyde Edwards-Helaire,RB,KC,2025,2,2,0.0,3.5,1.0,0.0233,-0.0057,0.0309,0,,,,,,,,,,,7,1.86,0.0,-0.3801,0.1429,0.0,2,2,1.0,4.5,4.5,-2.0,-2.25,6.5,0.7787,0.0,0.0,0.0,0,4.2,6.1,4.2,-1.9,3.06,0.0326,0.0,3.5,2.6,0.08,0.0,-0.08
00-0040547,Nate Carter,RB,ATL,2025,2,2,0.0,4.5,0.0,0.0,0.0,0.0,0,,,,,,,,,,,9,6.67,0.0,-0.1814,0.3333,0.2222,0,0,,,,,,,,,,,1,4.0,4.8,4.0,-0.8,2.41,0.0357,0.0,4.8,0.0,0.03,0.0,-0.03
00-0037594,Julius Chestnut,RB,TEN,2025,7,6,0.0,1.57,0.29,0.0101,0.0112,0.0229,0,,,,,,,,,,,11,3.64,0.0,-0.2945,0.3636,0.0909,2,0,0.0,0.0,,11.0,0.0,,-0.7259,0.0,0.0,0.0,0,4.0,9.0,4.0,-5.0,1.29,0.0196,0.0,6.7,2.3,0.48,0.0,-0.48
00-0037258,Dameon Pierce,RB,HOU,2025,3,2,0.0,4.67,0.33,0.0123,-0.0078,0.0131,0,,,,,,,,,,,14,2.57,0.0,-0.277,0.0714,0.0714,1,0,0.0,0.0,,-4.0,-0.0,,-0.6313,0.0,0.0,0.0,0,3.6,7.6,3.6,-4.0,2.54,0.0408,0.0,6.2,1.4,0.07,0.0,-0.07
00-0035628,D'Ernest Johnson,RB,NE,2025,5,3,0.0,2.8,0.0,0.0,0.0,0.0,0,,,,,,,,,,,14,1.79,0.0,-0.3927,0.0,0.0,0,0,,,,,,,,,,,0,2.5,9.2,2.5,-6.7,1.83,0.0243,0.0,9.2,0.0,0.47,0.0,-0.47
00-0033376,Patrick Ricard,RB,BAL,2025,3,2,0.0,0.33,0.67,0.0297,0.0113,0.0525,0,,,,,,,,,,,1,3.0,0.0,0.5103,1.0,0.0,2,1,0.5,4.0,8.0,3.0,1.333,2.0,-0.2474,0.0,0.0,0.0,0,2.1,2.8,2.1,-0.7,0.93,0.0134,0.0,0.3,2.5,0.0,0.0,0.0
00-0036425,DeeJay Dallas,RB,JAX,2025,2,1,0.0,1.5,0.5,0.0135,-0.0014,0.0193,0,,,,,,,,,,,3,7.0,0.0,-0.1858,0.3333,0.3333,1,0,0.0,0.0,,-1.0,-0.0,,-0.5493,0.0,0.0,0.0,0,2.1,3.3,2.1,-1.2,1.64,0.0227,0.0,1.6,1.6,0.06,0.0,-0.06
00-0040067,Jacardia Wright,RB,SEA,2025,1,1,0.0,5.0,0.0,0.0,0.0,0.0,0,,,,,,,,,,,5,4.0,0.0,0.0089,0.2,0.2,0,0,,,,,,,,,,,0,2.0,2.2,2.0,-0.2,2.19,0.0352,0.0,2.2,0.0,0.03,0.0,-0.03
00-0039021,Roschon Johnson,RB,CHI,2025,2,2,0.0,1.0,0.0,0.0,0.0,0.0,0,,,,,,,,,,,2,8.5,0.0,0.6792,0.5,0.5,0,0,,,,,,,,,,,0,1.7,1.0,1.7,0.7,0.51,0.0075,0.0,1.0,0.0,0.02,0.0,-0.02
00-0038896,Jacob Saylors,RB,DET,2025,1,1,0.0,2.0,0.0,0.0,0.0,0.0,0,,,,,,,,,,,2,5.5,0.0,-0.5295,0.5,0.0,0,0,,,,,,,,,,,0,1.1,0.8,1.1,0.3,0.82,0.012,0.0,0.8,0.0,0.01,0.0,-0.01
00-0040429,Josh Williams,RB,TB,2025,1,1,0.0,4.0,0.0,0.0,0.0,0.0,0,,,,,,,,,,,4,2.75,0.0,-0.464,0.0,0.0,0,0,,,,,,,,,,,0,1.1,2.0,1.1,-0.9,1.97,0.0245,0.0,2.0,0.0,0.03,0.0,-0.03
00-0040039,Amar Johnson,RB,LAC,2025,1,1,0.0,2.0,1.0,0.0417,-0.0109,0.0549,0,,,,,,,,,,,2,4.0,0.0,-0.0266,0.0,0.0,1,0,0.0,0.0,,-2.0,-0.0,,-0.7418,0.0,0.0,0.0,0,0.8,2.3,0.8,-1.5,2.32,0.0501,0.0,0.9,1.4,0.01,0.0,-0.01
00-0040205,Kalel Mullings,RB,TEN,2025,3,0,0.0,1.0,0.0,0.0,0.0,0.0,0,,,,,,,,,,,3,2.33,0.0,-0.1794,0.6667,0.0,0,0,,,,,,,,,,,0,0.7,0.9,0.7,-0.2,0.32,0.0048,0.0,0.9,0.0,0.0,0.0,0.0
00-0035311,Myles Gaskin,RB,SEA,2025,1,1,0.0,3.0,0.0,0.0,0.0,0.0,0,,,,,,,,,,,3,2.0,0.0,-0.514,0.0,0.0,0,0,,,,,,,,,,,0,0.6,1.5,0.6,-0.9,1.53,0.026,0.0,1.5,0.0,0.03,0.0,-0.03
00-0038458,Owen Wright,RB,TB,2025,1,1,0.0,3.0,0.0,0.0,0.0,0.0,0,,,,,,,,,,,3,2.0,0.0,-0.3499,0.0,0.0,0,0,,,,,,,,,,,0,0.6,1.7,0.6,-1.1,1.67,0.0232,0.0,1.7,0.0,0.01,0.0,-0.01
00-0035567,Craig Reynolds,RB,DET,2025,1,1,0.0,3.0,0.0,0.0,0.0,0.0,0,,,,,,,,,,,3,1.33,0.0,-0.7861,0.0,0.0,0,0,,,,,,,,,,,0,0.4,1.3,0.4,-0.9,1.26,0.0148,0.0,1.3,0.0,0.01,0.0,-0.01
00-0039364,Sione Vaki,RB,DET,2025,1,1,0.0,1.0,0.0,0.0,0.0,0.0,0,,,,,,,,,,,1,4.0,0.0,-0.8816,0.0,0.0,0,0,,,,,,,,,,,0,0.4,0.6,0.4,-0.2,0.57,0.0066,0.0,0.6,0.0,0.01,0.0,-0.01
00-0039266,Kendall Milton,RB,CIN,2025,1,1,0.0,2.0,0.0,0.0,0.0,0.0,0,,,,,,,,,,,2,1.0,0.0,0.4292,0.0,0.0,0,0,,,,,,,,,,,0,0.2,0.9,0.2,-0.7,0.87,0.0124,0.0,0.9,0.0,0.01,0.0,-0.01
00-0038488,Brady Russell,RB,SEA,2025,1,0,0.0,0.0,1.0,0.0303,0.0,0.0455,0,,,,,,,,,,,0,,,,,,1,0,0.0,0.0,,0.0,,,-0.4472,0.0,0.0,0.0,0,0.0,1.4,0.0,-1.4,1.39,0.0222,0.0,0.0,1.4,0.01,0.0,-0.01
00-0040476,Ulysses Bentley IV,RB,IND,2025,1,1,0.0,1.0,0.0,0.0,0.0,0.0,0,,,,,,,,,,,1,0.0,0.0,-0.7952,0.0,0.0,0,0,,,,,,,,,,,0,0.0,0.5,0.0,-0.5,0.5,0.0055,0.0,0.5,0.0,0.01,0.0,-0.01
00-0036567,Elijah Mitchell,RB,KC,2025,1,1,0.0,0.0,1.0,0.0233,0.0494,0.0695,0,,,,,,,,,,,0,,,,,,1,0,0.0,0.0,,16.0,0.0,,-3.3651,0.0,0.0,0.0,0,0.0,1.8,0.0,-1.8,1.78,0.022,0.0,0.0,1.8,0.11,0.0,-0.11
00-0034367,Nyheim Hines,RB,LAC,2025,1,1,0.0,2.0,0.0,0.0,0.0,0.0,0,,,,,,,,,,,2,-1.0,0.0,-0.7569,0.0,0.0,0,0,,,,,,,,,,,0,-0.2,0.9,-0.2,-1.1,0.89,0.0112,0.0,0.9,0.0,0.03,0.0,-0.03
00-0035594,Travis Homer,RB,CHI,2025,1,1,0.0,1.0,0.0,0.0,0.0,0.0,0,,,,,,,,,,,1,-2.0,0.0,-1.3661,0.0,0.0,0,0,,,,,,,,,,,0,-0.2,0.7,-0.2,-0.9,0.68,0.0082,0.0,0.7,0.0,0.02,0.0,-0.02
00-0037744,Trey McBride,TE,ARI,2025,17,13,0.0,0.0,9.94,0.2789,0.2459,0.5905,0,,,,,,,,,,,0,,,,,,169,126,0.7456,7.33,9.83,6.66,1.1,4.63,0.4303,0.0651,0.3728,0.142,0,315.9,301.9,315.9,14.0,17.76,0.2237,0.0,0.0,301.9,10.87,11.0,0.13
00-0036970,Kyle Pitts,TE,ATL,2025,17,13,0.0,0.0,6.94,0.2268,0.2162,0.4915,0,,,,,,,,,,,0,,,,,,118,88,0.7458,7.86,10.55,7.36,1.068,4.55,0.2083,0.0424,0.4322,0.1441,0,210.8,191.0,210.8,19.8,11.23,0.1605,0.0,0.0,191.0,3.45,5.0,1.55
00-0030506,Travis Kelce,TE,KC,2025,17,13,0.0,0.06,6.35,0.2,0.1811,0.4267,0,,,,,,,,,,,1,1.0,0.0,-1.8752,0.0,0.0,108,76,0.7037,7.88,11.2,6.81,1.158,5.58,0.3742,0.0463,0.4259,0.1481,0,193.2,178.4,193.2,14.8,10.49,0.1405,0.0,1.9,176.5,4.13,5.0,0.87
00-0040128,Tyler Warren,TE,IND,2025,17,13,0.06,0.35,6.59,0.2148,0.1469,0.4251,1,0.0,0.0,0.0,0.0,0.0,-0.4653,0.0,0.0,0.0,0.0,6,1.33,0.1667,-0.7229,0.5,0.0,112,76,0.6786,7.29,10.75,5.38,1.357,6.24,0.1408,0.0357,0.375,0.1429,0,188.5,213.5,188.5,-25.0,12.56,0.1666,1.4,7.3,204.9,8.59,5.0,-3.59
00-0038041,Jake Ferguson,TE,DAL,2025,17,13,0.0,0.06,6.0,0.1648,0.0894,0.3098,0,,,,,,,,,,,1,1.0,0.0,-0.6944,0.0,0.0,102,82,0.8039,5.88,7.32,4.66,1.263,3.74,0.1869,0.0784,0.2941,0.0882,2,188.1,200.9,188.1,-12.8,11.82,0.1375,0.0,0.7,200.2,9.24,8.0,-1.24
00-0040663,Harold Fannin Jr.,TE,CLE,2025,16,13,0.0,0.44,6.69,0.2184,0.1865,0.4582,0,,,,,,,,,,,7,1.86,0.1429,-0.253,0.2857,0.0,107,72,0.6729,6.83,10.15,6.04,1.132,4.89,0.0131,0.0561,0.2991,0.1682,1,186.4,158.6,186.4,27.8,9.91,0.154,0.0,7.0,151.6,3.38,7.0,3.62
00-0034351,Dallas Goedert,TE,PHI,2025,15,12,0.0,0.0,5.47,0.2076,0.152,0.4178,0,,,,,,,,,,,0,,,,,,82,60,0.7317,7.21,9.85,7.11,1.014,3.9,0.4405,0.1341,0.4146,0.1341,0,185.1,148.7,185.1,36.4,9.91,0.1447,0.0,0.0,148.7,5.49,11.0,5.51
00-0036040,Juwan Johnson,TE,NO,2025,17,13,0.0,0.0,6.0,0.1767,0.1554,0.3738,0,,,,,,,,,,,0,,,,,,102,77,0.7549,8.72,11.55,7.58,1.15,4.7,0.3453,0.0294,0.402,0.1667,2,179.9,154.3,179.9,25.6,9.07,0.1317,0.0,0.0,154.3,2.07,3.0,0.93
00-0033090,Hunter Henry,TE,NE,2025,17,13,0.0,0.0,5.12,0.1742,0.1541,0.3692,0,,,,,,,,,,,0,,,,,,87,60,0.6897,8.83,12.8,8.16,1.082,5.58,0.4332,0.0805,0.4828,0.2069,0,178.8,168.7,178.8,10.1,9.92,0.1369,0.0,0.0,168.7,7.24,7.0,-0.24
00-0034383,Dalton Schultz,TE,HOU,2025,17,13,0.0,0.0,6.24,0.1906,0.1522,0.3925,0,,,,,,,,,,,0,,,,,,106,82,0.7736,7.33,9.48,6.22,1.179,4.37,0.3464,0.0283,0.3679,0.1038,0,177.7,173.3,177.7,4.4,10.19,0.1362,0.0,0.0,173.3,4.45,3.0,-1.45
00-0039338,Brock Bowers,TE,LV,2025,12,10,0.0,0.17,7.17,0.2338,0.2503,0.5259,0,,,,,,,,,,,2,1.0,0.0,-0.5772,0.0,0.0,86,64,0.7442,7.91,10.62,6.51,1.214,4.77,0.2715,0.0814,0.4186,0.1628,0,176.2,149.6,176.2,26.7,12.46,0.2047,0.0,1.6,148.0,6.05,7.0,0.95
00-0040126,Colston Loveland,TE,CHI,2025,16,12,0.0,0.06,5.12,0.1661,0.1633,0.3634,0,,,,,,,,,,,1,-2.0,0.0,-0.8725,0.0,0.0,82,58,0.7073,8.7,12.29,9.1,0.956,4.31,0.5793,0.0732,0.439,0.1585,0,165.1,153.6,165.1,11.5,9.6,0.1229,0.0,1.9,151.6,4.98,6.0,1.02
00-0033288,George Kittle,TE,SF,2025,11,8,0.0,0.09,6.27,0.2145,0.1849,0.4513,0,,,,,,,,,,,1,-3.0,0.0,-0.9897,0.0,0.0,69,57,0.8261,9.1,11.02,6.67,1.365,4.42,0.6713,0.1014,0.5507,0.1884,0,161.5,125.5,161.5,36.0,11.41,0.1542,0.0,1.8,123.7,4.78,7.0,2.22
00-0039793,AJ Barner,TE,SEA,2025,17,13,0.0,0.59,4.0,0.138,0.0771,0.261,0,,,,,,,,,,,10,1.4,0.1,0.7233,0.9,0.0,68,52,0.7647,7.63,9.98,4.37,1.747,5.21,0.4109,0.0882,0.3824,0.1029,0,147.3,125.2,147.3,22.1,7.37,0.1067,0.0,6.7,118.5,5.04,7.0,1.96
00-0040189,Oronde Gadsden II,TE,LAC,2025,15,11,0.0,0.0,4.6,0.1442,0.167,0.3332,0,,,,,,,,,,,0,,,,,,69,49,0.7101,9.62,13.55,9.04,1.064,4.51,0.2393,0.0435,0.4058,0.1884,1,131.4,122.0,131.4,9.4,8.13,0.1102,0.0,0.0,122.0,4.21,3.0,-1.21
00-0034753,Mark Andrews,TE,BAL,2025,17,13,0.0,0.59,4.12,0.1707,0.1635,0.3705,0,,,,,,,,,,,10,4.8,0.1,0.6521,0.7,0.1,70,48,0.6857,6.03,8.79,7.26,0.831,2.1,0.0221,0.0714,0.3429,0.1,0,131.0,141.4,131.0,-10.4,8.32,0.1306,0.0,10.7,130.8,7.1,6.0,-1.1
00-0036244,Colby Parkinson,TE,LA,2025,14,10,0.0,0.0,4.0,0.1168,0.0446,0.2064,0,,,,,,,,,,,0,,,,,,56,43,0.7679,7.29,9.49,4.43,1.645,6.3,0.2242,0.1429,0.4286,0.1429,1,129.8,121.0,129.8,8.8,8.64,0.0995,0.0,0.0,121.0,7.14,8.0,0.86
00-0039847,Theo Johnson,TE,NYG,2025,15,13,0.0,0.0,4.93,0.1722,0.166,0.3746,0,,,,,,,,,,,0,,,,,,74,45,0.6081,7.14,11.73,8.32,0.857,4.16,0.1194,0.0676,0.3378,0.1351,0,127.8,126.8,127.8,1.0,8.46,0.1187,0.0,0.0,126.8,4.64,5.0,0.36
00-0030061,Zach Ertz,TE,WAS,2025,13,13,0.0,0.0,5.54,0.1929,0.2031,0.4315,0,,,,,,,,,,,0,,,,,,72,50,0.6944,7.0,10.08,9.11,0.768,2.46,0.1626,0.0556,0.3472,0.0972,0,126.4,125.2,126.4,1.2,9.63,0.1383,0.0,0.0,125.2,3.25,4.0,0.75
00-0038933,Dalton Kincaid,TE,BUF,2025,12,9,0.0,0.0,4.08,0.1493,0.2071,0.3689,0,,,,,,,,,,,0,,,,,,49,39,0.7959,11.65,14.64,9.49,1.228,6.64,0.8038,0.102,0.551,0.3673,0,126.1,94.8,126.1,31.3,7.9,0.1036,0.0,0.0,94.8,3.03,5.0,1.97
00-0037809,Chig Okonkwo,TE,TEN,2025,17,13,0.0,0.0,4.65,0.1498,0.087,0.2856,0,,,,,,,,,,,0,,,,,,79,56,0.7089,7.09,10.0,4.63,1.53,6.11,0.1604,0.0253,0.3038,0.1646,0,124.0,113.4,124.0,10.6,6.67,0.1068,0.0,0.0,113.4,1.13,2.0,0.87
00-0038129,Cade Otton,TE,TB,2025,15,12,0.0,0.0,5.4,0.1739,0.1161,0.3422,0,,,,,,,,,,,0,,,,,,81,59,0.7284,7.06,9.69,5.17,1.365,5.24,0.038,0.0123,0.3086,0.1358,0,122.2,128.7,122.2,-6.5,8.58,0.1157,0.0,0.0,128.7,1.82,1.0,-0.82
00-0038935,Brenton Strange,TE,JAX,2025,12,8,0.0,0.0,5.0,0.1561,0.1233,0.3205,0,,,,,,,,,,,0,,,,,,60,46,0.7667,9.0,11.74,6.9,1.304,5.37,0.5227,0.05,0.4667,0.2333,0,118.0,103.0,118.0,15.0,8.58,0.1105,0.0,0.0,103.0,2.45,3.0,0.55
00-0038996,Tucker Kraft,TE,GB,2025,8,8,0.0,0.12,5.5,0.1896,0.0958,0.3515,0,,,,,,,,,,,1,3.0,0.0,-0.6811,0.0,0.0,44,32,0.7273,11.11,15.28,4.57,2.433,10.75,0.8892,0.1364,0.5,0.2727,0,117.2,71.1,117.2,46.1,8.89,0.1211,0.0,0.7,70.4,1.85,6.0,4.15
00-0036894,Pat Freiermuth,TE,PIT,2025,15,11,0.0,0.0,3.6,0.1129,0.1257,0.2573,0,,,,,,,,,,,0,,,,,,54,41,0.7593,9.0,11.85,5.98,1.505,6.22,0.4317,0.0741,0.3889,0.1852,0,113.6,88.3,113.6,25.3,5.89,0.0818,0.0,0.0,88.3,2.63,4.0,1.37
00-0035229,T.J. Hockenson,TE,MIN,2025,15,13,0.0,0.07,4.4,0.1594,0.102,0.3105,0,,,,,,,,,,,1,0.0,0.0,-1.1068,0.0,0.0,66,51,0.7727,6.64,8.59,4.98,1.331,4.29,0.2136,0.0455,0.3333,0.0606,0,112.8,108.7,112.8,4.1,7.25,0.1151,0.0,0.3,108.4,3.27,3.0,-0.27
00-0039065,Sam LaPorta,TE,DET,2025,9,9,0.0,0.0,5.44,0.1847,0.1748,0.3994,0,,,,,,,,,,,0,,,,,,49,40,0.8163,9.98,12.22,5.65,1.765,6.85,0.7434,0.0612,0.4694,0.1633,0,106.9,80.1,106.9,26.8,8.9,0.1212,0.0,0.0,80.1,1.34,3.0,1.66
00-0035689,Dawson Knox,TE,BUF,2025,16,12,0.0,0.0,3.06,0.1104,0.1235,0.252,0,,,,,,,,,,,0,,,,,,49,36,0.7347,8.51,11.58,6.71,1.267,5.08,0.3567,0.0816,0.4694,0.1837,0,103.7,97.4,103.7,6.3,6.09,0.0812,0.0,0.0,97.4,4.37,4.0,-0.37
00-0033881,Evan Engram,TE,DEN,2025,16,12,0.0,0.06,4.75,0.1369,0.1472,0.3083,0,,,,,,,,,,,1,7.0,0.0,0.2544,0.0,0.0,76,50,0.6579,6.07,9.22,4.36,1.393,6.04,0.0459,0.0132,0.25,0.0789,0,102.8,116.7,102.8,-13.9,7.29,0.0934,0.0,0.7,116.0,1.91,1.0,-0.91
00-0037112,Jake Tonges,TE,SF,2025,9,7,0.0,0.0,5.11,0.1353,0.0874,0.2642,0,,,,,,,,,,,0,,,,,,46,34,0.7391,6.37,8.62,5.07,1.258,4.21,0.309,0.1087,0.4565,0.087,0,93.3,79.4,93.3,13.9,8.83,0.1068,0.0,0.0,79.4,2.77,5.0,2.23
00-0040584,Gunnar Helm,TE,TEN,2025,16,13,0.0,0.0,3.44,0.1065,0.0805,0.2161,0,,,,,,,,,,,0,,,,,,55,44,0.8,6.49,8.11,5.51,1.178,3.61,0.0697,0.0364,0.3091,0.0727,0,91.7,86.5,91.7,5.2,5.41,0.086,0.0,0.0,86.5,2.37,2.0,-0.37
00-0040736,Mason Taylor,TE,NYJ,2025,13,13,0.0,0.0,5.0,0.172,0.1379,0.3546,0,,,,,,,,,,,0,,,,,,65,44,0.6769,5.68,8.39,5.77,0.984,3.02,0.1492,0.0154,0.3538,0.0308,0,88.9,98.7,88.9,-9.8,7.59,0.1277,0.0,0.0,98.7,1.69,1.0,-0.69
00-0031610,Darren Waller,TE,MIA,2025,8,5,0.0,0.12,4.25,0.1645,0.2483,0.4206,0,,,,,,,,,,,1,4.0,0.0,0.3674,1.0,0.0,34,24,0.7059,8.32,11.79,10.56,0.788,3.04,0.8314,0.1765,0.5588,0.1471,0,88.7,68.2,88.7,20.5,8.52,0.1392,0.0,1.2,67.0,3.43,6.0,2.57
00-0033885,David Njoku,TE,CLE,2025,11,11,0.0,0.0,4.36,0.1247,0.0915,0.251,0,,,,,,,,,,,0,,,,,,48,33,0.6875,6.1,8.88,5.27,1.158,4.85,-0.0753,0.0833,0.2292,0.0833,0,86.3,74.2,86.3,12.1,6.75,0.0961,0.0,0.0,74.2,2.09,4.0,1.91
00-0033858,Jonnu Smith,TE,PIT,2025,17,13,0.0,0.53,3.18,0.1061,0.0662,0.2056,0,,,,,,,,,,,9,7.78,0.1111,0.4274,0.3333,0.3333,54,38,0.7037,4.11,5.84,4.33,0.949,4.71,0.01,0.037,0.1852,0.0185,0,85.2,97.1,85.2,-11.9,5.71,0.0817,0.0,7.6,89.5,2.61,3.0,0.39
00-0036290,Cole Kmet,TE,CHI,2025,16,12,0.06,0.0,3.0,0.0958,0.0962,0.2109,1,0.0,0.0,0.0,0.0,0.0,-0.4927,-63.294,0.0,0.0,0.0,0,,,,,,48,30,0.625,7.23,11.57,8.77,0.824,4.97,0.279,0.0417,0.3542,0.1875,0,78.7,84.6,78.7,-5.9,5.29,0.068,0.5,0.0,84.2,2.0,2.0,0.0
00-0035644,Noah Fant,TE,CIN,2025,13,11,0.0,0.0,3.15,0.0915,0.0367,0.163,0,,,,,,,,,,,0,,,,,,41,34,0.8293,7.02,8.47,3.34,2.102,5.12,-0.2874,0.0732,0.3171,0.0976,3,74.8,67.9,74.8,6.9,5.23,0.0662,0.0,0.0,67.9,2.15,3.0,0.85
00-0039066,Michael Mayer,TE,LV,2025,12,9,0.0,0.0,4.17,0.1486,0.1417,0.3221,0,,,,,,,,,,,0,,,,,,50,35,0.7,6.56,9.37,4.8,1.367,5.6,-0.1968,0.02,0.36,0.1,0,73.8,75.5,73.8,-1.8,6.3,0.1021,0.0,0.0,75.5,1.4,1.0,-0.4
00-0038558,Darnell Washington,TE,PIT,2025,13,10,0.0,0.0,3.31,0.112,0.1186,0.2511,0,,,,,,,,,,,0,,,,,,43,31,0.7209,8.47,11.74,5.63,1.504,7.39,0.3405,0.0233,0.3721,0.1395,1,73.4,77.4,73.4,-4.0,5.95,0.0857,0.0,0.0,77.4,2.44,1.0,-1.44
00-0033110,Tyler Higbee,TE,LA,2025,9,8,0.0,0.0,4.0,0.1222,0.0737,0.2349,0,,,,,,,,,,,0,,,,,,36,25,0.6944,7.81,11.24,6.06,1.289,5.6,0.2607,0.0833,0.4722,0.2222,0,71.1,67.8,71.1,3.3,7.53,0.0906,0.0,0.0,67.8,2.44,3.0,0.56
00-0034829,Mike Gesicki,TE,CIN,2025,12,8,0.0,0.0,3.5,0.1034,0.1311,0.2469,0,,,,,,,,,,,0,,,,,,42,28,0.6667,7.31,10.96,9.95,0.734,2.25,0.1044,0.0476,0.4524,0.0714,0,70.7,79.1,70.7,-8.4,6.59,0.0885,0.0,0.0,79.1,3.27,2.0,-1.27
00-0037005,Tommy Tremble,TE,CAR,2025,15,11,0.0,0.0,2.47,0.0914,0.0583,0.1779,0,,,,,,,,,,,0,,,,,,37,27,0.7297,6.73,9.22,4.41,1.528,6.07,0.2229,0.0541,0.2703,0.0811,0,63.9,56.4,63.9,7.5,3.76,0.0577,0.0,0.0,56.4,1.09,2.0,0.91
00-0039074,Davis Allen,TE,LA,2025,15,12,0.0,0.0,2.2,0.0635,0.0274,0.1144,0,,,,,,,,,,,0,,,,,,33,24,0.7273,6.3,8.67,3.94,1.6,5.71,0.1638,0.0909,0.3636,0.0909,0,62.8,63.4,62.8,-0.6,4.23,0.0495,0.0,0.0,63.4,2.78,3.0,0.22
00-0037252,Greg Dulcich,TE,MIA,2025,9,5,0.0,0.11,3.67,0.1542,0.0921,0.2959,0,,,,,,,,,,,1,-7.0,0.0,-1.6295,0.0,0.0,33,26,0.7879,10.15,12.88,4.7,2.161,7.65,0.5306,0.0303,0.4242,0.2727,1,62.8,59.6,62.8,3.2,6.62,0.1104,0.0,2.3,57.3,1.81,1.0,-0.81
00-0037838,Isaiah Likely,TE,BAL,2025,11,9,0.0,0.0,3.27,0.1309,0.1309,0.288,0,,,,,,,,,,,0,,,,,,36,27,0.75,8.53,11.37,7.97,1.07,4.33,0.1499,0.0278,0.3056,0.1111,1,61.7,61.0,61.7,0.7,5.55,0.0829,0.0,0.0,61.0,1.91,1.0,-0.91
00-0038115,Daniel Bellinger,TE,NYG,2025,12,9,0.0,0.0,2.17,0.0681,0.0718,0.1523,0,,,,,,,,,,,0,,,,,,26,19,0.7308,11.0,15.05,9.38,1.172,6.95,0.8691,0.0769,0.5385,0.1923,0,59.6,49.0,59.6,10.6,4.08,0.0534,0.0,0.0,49.0,1.97,2.0,0.03
00-0032392,Austin Hooper,TE,NE,2025,13,10,0.0,0.0,2.0,0.071,0.069,0.1549,0,,,,,,,,,,,0,,,,,,26,21,0.8077,10.12,12.52,9.0,1.124,4.1,0.6461,0.0769,0.5,0.2692,0,59.3,52.1,59.3,7.2,4.01,0.0545,0.0,0.0,52.1,2.21,2.0,-0.21
00-0039041,Elijah Higgins,TE,ARI,2025,15,11,0.0,0.0,2.47,0.0755,0.0395,0.1409,0,,,,,,,,,,,0,,,,,,37,30,0.8108,8.14,10.03,4.0,2.034,6.97,0.0386,0.0,0.4054,0.2162,1,58.1,57.6,58.1,0.5,3.84,0.0491,0.0,0.0,57.6,1.04,0.0,-1.04
00-0035249,Josh Oliver,TE,MIN,2025,12,8,0.0,0.0,1.58,0.0653,0.0371,0.124,0,,,,,,,,,,,0,,,,,,19,15,0.7895,8.42,10.67,3.37,2.5,6.8,0.5544,0.2105,0.4737,0.2105,0,55.0,33.9,55.0,21.1,2.82,0.0444,0.0,0.0,33.9,1.32,4.0,2.68
00-0039356,Ja'Tavion Sanders,TE,CAR,2025,11,9,0.0,0.0,3.09,0.0999,0.0583,0.1906,0,,,,,,,,,,,0,,,,,,34,29,0.8529,5.59,6.55,4.82,1.159,2.97,0.1299,0.0294,0.2353,0.0294,0,54.0,56.4,54.0,-2.4,5.13,0.0774,0.0,0.0,56.4,1.72,1.0,-0.72
00-0040194,Jackson Hawes,TE,BUF,2025,13,10,0.0,0.0,1.46,0.0565,0.0494,0.1194,0,,,,,,,,,,,0,,,,,,19,16,0.8421,9.84,11.69,7.32,1.345,5.69,0.7807,0.1579,0.6842,0.2632,0,52.7,38.4,52.7,14.3,2.95,0.0394,0.0,0.0,38.4,1.75,3.0,1.25
00-0040737,Terrance Ferguson,TE,LA,2025,11,8,0.0,0.09,2.27,0.0645,0.1169,0.1786,0,,,,,,,,,,,1,0.0,0.0,-1.5494,0.0,0.0,25,11,0.44,9.24,21.0,18.64,0.496,3.64,0.2955,0.12,0.36,0.32,0,52.1,59.7,52.1,-7.6,5.43,0.0622,0.0,2.4,57.3,3.45,3.0,-0.45
00-0039144,Luke Musgrave,TE,GB,2025,13,11,0.0,0.0,2.38,0.085,0.0705,0.1768,0,,,,,,,,,,,0,,,,,,31,24,0.7742,8.13,10.5,8.58,0.947,2.88,0.3271,0.0,0.3548,0.1935,0,49.2,48.3,49.2,0.9,3.71,0.0505,0.0,0.0,48.3,0.27,0.0,-0.27
00-0040187,Mitchell Evans,TE,CAR,2025,13,10,0.0,0.08,1.92,0.0694,0.0369,0.1299,0,,,,,,,,,,,1,1.0,0.0,1.7843,1.0,0.0,25,19,0.76,6.84,9.0,3.64,1.879,5.68,0.1277,0.08,0.36,0.12,0,48.2,45.4,48.2,2.8,3.49,0.0532,0.0,0.3,45.1,1.75,2.0,0.25
00-0034613,Tanner Hudson,TE,CIN,2025,10,7,0.0,0.0,2.4,0.0641,0.0376,0.1225,0,,,,,,,,,,,0,,,,,,24,19,0.7917,7.0,8.84,4.96,1.412,4.37,0.0236,0.0833,0.3333,0.0833,0,47.8,41.4,47.8,6.4,4.14,0.0514,0.0,0.0,41.4,1.68,2.0,0.32
00-0037805,Jeremy Ruckert,TE,NYJ,2025,13,10,0.0,0.0,2.23,0.0786,0.0315,0.14,0,,,,,,,,,,,0,,,,,,29,23,0.7931,6.17,7.78,3.52,1.755,4.3,0.1568,0.0345,0.2759,0.0345,0,46.9,42.2,45.8,3.6,3.25,0.053,0.0,0.0,42.2,0.9,1.0,0.1
00-0036422,Adam Trautman,TE,DEN,2025,11,9,0.0,0.0,2.09,0.0562,0.0405,0.1126,0,,,,,,,,,,,0,,,,,,23,20,0.8696,8.48,9.75,4.61,1.84,5.2,0.4692,0.0435,0.4783,0.1304,0,45.5,37.1,45.5,8.4,3.37,0.0429,0.0,0.0,37.1,0.69,1.0,0.31
00-0033357,Taysom Hill,TE,NO,2025,13,9,0.46,4.0,1.23,0.036,0.0119,0.0624,6,0.3333,9.5,0.1667,0.0,0.0,-0.1666,-21.862,1.267,0.3333,0.1667,52,2.19,0.0192,-0.2734,0.3077,0.0192,16,11,0.6875,5.69,8.27,3.38,1.685,7.82,-0.026,0.0,0.125,0.0625,1,41.8,69.6,41.8,-27.8,5.35,0.0793,7.6,37.7,24.3,4.95,2.0,-2.95
00-0036637,Noah Gray,TE,KC,2025,13,11,0.0,0.0,2.85,0.0878,0.0651,0.1773,0,,,,,,,,,,,0,,,,,,37,21,0.5676,4.81,8.48,6.46,0.745,5.1,-0.1853,0.0,0.2432,0.0811,0,38.8,59.1,38.8,-20.3,4.55,0.0601,0.0,0.0,59.1,0.88,0.0,-0.88
00-0040739,Elijah Arroyo,TE,SEA,2025,13,13,0.0,0.0,2.0,0.0786,0.084,0.1767,0,,,,,,,,,,,0,,,,,,26,15,0.5769,6.88,11.93,8.46,0.814,5.2,-0.6246,0.0385,0.2692,0.1538,1,36.9,51.0,36.9,-14.1,3.92,0.057,0.0,0.0,51.0,1.82,1.0,-0.82
00-0036754,Brock Wright,TE,DET,2025,7,7,0.0,0.0,3.14,0.1005,0.0153,0.1615,0,,,,,,,,,,,0,,,,,,22,14,0.6364,4.91,7.71,1.0,4.909,6.14,-0.0877,0.0909,0.3182,0.0455,0,36.8,37.9,36.8,-1.1,5.41,0.0699,0.0,0.0,37.9,0.96,2.0,1.04
00-0038046,Charlie Kolar,TE,BAL,2025,11,9,0.0,0.0,1.36,0.0542,0.044,0.112,0,,,,,,,,,,,0,,,,,,15,10,0.6667,9.47,14.2,7.07,1.34,5.2,0.3436,0.1333,0.6,0.3333,0,36.2,29.4,36.2,6.8,2.67,0.0393,0.0,0.0,29.4,0.83,2.0,1.17
00-0037004,Hunter Long,TE,JAX,2025,7,7,0.0,0.0,2.43,0.0685,0.0356,0.1277,0,,,,,,,,,,,0,,,,,,17,12,0.7059,5.0,7.08,3.88,1.288,2.58,0.457,0.1176,0.2941,0.0,0,32.5,31.6,32.5,0.9,4.51,0.0569,0.0,0.0,31.6,1.64,2.0,0.36
00-0035631,Drew Sample,TE,CIN,2025,11,7,0.0,0.09,1.82,0.0531,0.001,0.0804,0,,,,,,,,,,,1,3.0,0.0,-0.5837,0.0,0.0,20,15,0.75,5.3,7.07,-0.35,-15.143,7.27,0.1326,0.05,0.25,0.1,0,31.9,29.2,31.9,2.7,2.65,0.0345,0.0,0.6,28.6,0.41,1.0,0.59
00-0038720,Julian Hill,TE,MIA,2025,10,7,0.0,0.0,2.0,0.0734,0.0285,0.13,0,,,,,,,,,,,0,,,,,,20,15,0.75,7.0,9.33,3.3,2.121,7.4,0.0598,0.0,0.3,0.15,0,31.0,31.6,31.0,-0.6,3.16,0.0471,0.0,0.0,31.6,0.51,0.0,-0.51
00-0033217,Mo Alie-Cox,TE,IND,2025,11,8,0.0,0.0,1.82,0.0565,0.034,0.1085,0,,,,,,,,,,,0,,,,,,20,13,0.65,5.85,9.0,4.65,1.258,5.92,-0.043,0.05,0.2,0.15,0,30.7,37.4,30.7,-6.7,3.4,0.0426,0.0,0.0,37.4,1.51,1.0,-0.51
00-0036887,Luke Farrell,TE,SF,2025,9,9,0.0,0.0,1.56,0.0461,0.0203,0.0834,0,,,,,,,,,,,0,,,,,,14,11,0.7857,6.07,7.73,2.93,2.073,4.73,0.2533,0.1429,0.4286,0.0,1,29.5,24.9,29.5,4.6,2.76,0.0352,0.0,0.0,24.9,1.01,2.0,0.99
00-0039912,Ben Sinnott,TE,WAS,2025,8,4,0.0,0.0,1.62,0.0765,0.0704,0.164,0,,,,,,,,,,,0,,,,,,13,11,0.8462,8.77,10.36,8.15,1.075,5.73,0.2486,0.0769,0.3846,0.1538,0,28.4,19.9,28.4,8.5,2.49,0.0413,0.0,0.0,19.9,0.34,1.0,0.66
00-0036628,John Bates,TE,WAS,2025,9,6,0.0,0.0,1.78,0.0761,0.0325,0.1369,0,,,,,,,,,,,0,,,,,,16,11,0.6875,6.44,9.36,3.0,2.146,6.18,0.4878,0.0625,0.375,0.125,0,27.3,27.9,27.3,-0.6,3.1,0.0447,0.0,0.0,27.9,0.95,1.0,0.05
00-0038547,Luke Schoonmaker,TE,DAL,2025,14,11,0.0,0.0,1.64,0.0458,0.0404,0.097,0,,,,,,,,,,,0,,,,,,23,14,0.6087,5.74,9.43,7.17,0.8,5.86,0.1583,0.0,0.3043,0.0435,0,27.2,36.5,27.2,-9.3,2.61,0.0298,0.0,0.0,36.5,0.63,0.0,-0.63
00-0037306,John FitzPatrick,TE,GB,2025,10,8,0.0,0.0,1.5,0.0552,0.0164,0.0942,0,,,,,,,,,,,0,,,,,,15,12,0.8,4.8,6.0,1.6,3.0,4.75,0.2508,0.0667,0.2667,0.0,0,25.2,27.5,25.2,-2.3,2.75,0.0404,0.0,0.0,27.5,1.32,1.0,-0.32
00-0034365,Ian Thomas,TE,LV,2025,7,7,0.0,0.0,1.86,0.0558,0.0313,0.1057,0,,,,,,,,,,,0,,,,,,13,13,1.0,8.77,8.77,3.23,2.714,5.54,0.3903,0.0,0.3846,0.0769,0,24.4,17.8,24.4,6.6,2.55,0.0382,0.0,0.0,17.8,0.09,0.0,-0.09
00-0039530,Brevyn Spann-Ford,TE,DAL,2025,10,7,0.0,0.0,1.3,0.0403,0.041,0.0892,0,,,,,,,,,,,0,,,,,,13,9,0.6923,6.92,10.0,8.23,0.841,3.67,-0.0494,0.0769,0.3077,0.1538,0,24.0,24.4,24.0,-0.4,2.44,0.0276,0.0,0.0,24.4,0.71,1.0,0.29
00-0037086,Grant Calcaterra,TE,PHI,2025,8,5,0.0,0.0,1.62,0.0616,0.0438,0.1232,0,,,,,,,,,,,0,,,,,,13,9,0.6923,5.85,8.44,6.54,0.894,3.44,0.0749,0.0769,0.3077,0.0769,0,22.6,22.7,22.6,-0.1,2.84,0.0406,0.0,0.0,22.7,0.9,1.0,0.1
00-0034159,Will Dissly,TE,LAC,2025,8,5,0.0,0.0,2.0,0.0605,0.026,0.109,0,,,,,,,,,,,0,,,,,,16,11,0.6875,6.06,8.82,4.5,1.347,6.0,0.175,0.0,0.3125,0.125,0,20.7,23.1,20.7,-2.4,2.88,0.0381,0.0,0.0,23.1,0.06,0.0,-0.06
00-0033246,Johnny Mundt,TE,JAX,2025,11,9,0.0,0.0,1.73,0.056,0.0333,0.1074,0,,,,,,,,,,,0,,,,,,19,9,0.4737,5.84,12.33,5.26,1.11,8.44,0.2092,0.0,0.3158,0.1579,0,20.1,29.4,20.1,-9.2,2.67,0.0361,0.0,0.0,29.4,0.29,0.0,-0.29
00-0039359,Cade Stover,TE,HOU,2025,6,3,0.0,0.67,2.67,0.0929,0.022,0.1547,0,,,,,,,,,,,4,0.75,0.0,-1.0696,0.5,0.0,16,12,0.75,4.75,6.33,1.94,2.452,4.33,0.1385,0.0,0.25,0.0,0,19.9,27.1,19.9,-7.1,4.51,0.0622,0.0,1.8,25.3,0.66,0.0,-0.66
00-0037348,Tanner Conner,TE,MIA,2025,7,7,0.0,0.0,2.14,0.069,0.0695,0.1522,0,,,,,,,,,,,0,,,,,,15,9,0.6,6.07,10.11,7.93,0.765,4.33,-0.4339,0.0,0.2,0.0667,0,18.1,24.8,18.1,-6.7,3.55,0.0539,0.0,0.0,24.8,0.54,0.0,-0.54
00-0036590,Quintin Morris,TE,JAX,2025,5,2,0.0,0.0,1.8,0.0697,0.0386,0.1316,0,,,,,,,,,,,0,,,,,,9,6,0.6667,6.11,9.17,5.0,1.222,3.5,-0.0687,0.1111,0.4444,0.0,0,17.5,18.3,17.5,-0.8,3.66,0.0476,0.0,0.0,18.3,0.85,1.0,0.15
00-0034270,Tyler Conklin,TE,LAC,2025,6,5,0.0,0.17,1.67,0.0467,0.0348,0.0944,0,,,,,,,,,,,1,2.0,0.0,0.5391,1.0,0.0,10,7,0.7,10.1,14.43,4.5,2.244,8.14,-0.368,0.0,0.3,0.3,0,17.3,15.7,17.3,1.6,2.61,0.0344,0.0,0.3,15.4,0.11,0.0,-0.11
00-0038783,Nate Adkins,TE,DEN,2025,6,5,0.0,0.0,1.83,0.0494,0.0264,0.0925,0,,,,,,,,,,,0,,,,,,11,6,0.5455,4.36,8.0,3.18,1.371,4.33,-0.0571,0.0909,0.2727,0.0909,0,16.8,19.4,16.8,-2.6,3.23,0.0376,0.0,0.0,19.4,0.74,1.0,0.26
00-0036741,Jack Stoll,TE,NO,2025,8,6,0.0,0.0,1.38,0.0392,0.0094,0.0654,0,,,,,,,,,,,0,,,,,,11,6,0.5455,4.18,7.67,3.09,1.353,2.83,-0.4576,0.0909,0.1818,0.0,0,16.6,16.1,16.6,0.5,2.01,0.0274,0.0,0.0,16.1,0.37,1.0,0.63
00-0038589,Josh Whyle,TE,GB,2025,6,4,0.0,0.0,1.0,0.0509,0.0053,0.0801,0,,,,,,,,,,,0,,,,,,6,5,0.8333,6.0,7.2,3.83,1.565,4.2,0.3665,0.1667,0.3333,0.1667,0,14.6,11.7,14.6,2.9,1.95,0.0332,0.0,0.0,11.7,0.61,1.0,0.39
00-0033455,Anthony Firkser,TE,DET,2025,5,2,0.0,0.0,2.0,0.0528,0.0244,0.0963,0,,,,,,,,,,,0,,,,,,10,8,0.8,5.3,6.62,3.5,1.514,1.5,0.1636,0.0,0.4,0.1,0,13.3,16.4,13.3,-3.1,3.28,0.0397,0.0,0.0,16.4,0.41,0.0,-0.41
00-0039648,David Martin-Robinson,TE,TEN,2025,4,2,0.0,0.0,1.5,0.0472,0.0339,0.0946,0,,,,,,,,,,,0,,,,,,6,4,0.6667,5.0,7.5,3.83,1.304,4.0,-0.1628,0.1667,0.5,0.0,0,13.0,10.9,13.0,2.1,2.72,0.0436,0.0,0.0,10.9,0.59,1.0,0.41
00-0034981,Foster Moreau,TE,NO,2025,7,6,0.0,0.0,1.43,0.0467,0.0103,0.0773,0,,,,,,,,,,,0,,,,,,10,7,0.7,5.9,8.43,1.0,5.9,6.29,-0.3736,0.0,0.2,0.1,0,12.9,13.6,12.9,-0.7,1.95,0.0269,0.0,0.0,13.6,0.14,0.0,-0.14
00-0036429,Charlie Woerner,TE,ATL,2025,6,4,0.0,0.0,1.5,0.0534,0.0069,0.0849,0,,,,,,,,,,,0,,,,,,9,8,0.8889,5.33,6.0,1.33,4.0,4.38,-0.0225,0.0,0.2222,0.1111,0,12.8,13.4,12.8,-0.6,2.24,0.0304,0.0,0.0,13.4,0.1,0.0,-0.1
00-0037292,Andrew Ogletree,TE,IND,2025,4,3,0.0,0.0,1.5,0.0489,0.0432,0.1036,0,,,,,,,,,,,0,,,,,,6,4,0.6667,4.5,6.75,7.0,0.643,2.25,0.2185,0.1667,0.3333,0.0,0,12.7,11.7,12.7,1.1,2.91,0.0438,0.0,0.0,11.7,0.5,1.0,0.5
00-0037475,Stone Smartt,TE,NYJ,2025,3,1,0.0,0.0,3.0,0.0907,0.0736,0.1875,0,,,,,,,,,,,0,,,,,,9,7,0.7778,5.78,7.43,4.67,1.238,3.86,0.2653,0.0,0.3333,0.1111,0,12.2,11.8,12.2,0.4,3.92,0.0656,0.0,0.0,11.8,0.02,0.0,-0.02
00-0036332,Josiah Deguara,TE,ARI,2025,4,2,0.0,0.0,1.25,0.0376,0.02,0.0704,0,,,,,,,,,,,0,,,,,,5,3,0.6,4.2,7.0,4.6,0.913,1.67,0.2802,0.2,0.4,0.0,0,11.1,8.4,11.1,2.7,2.09,0.0275,0.0,0.0,8.4,0.31,1.0,0.69
00-0036876,Kylen Granson,TE,PHI,2025,4,3,0.0,0.0,2.25,0.0797,0.0482,0.1533,0,,,,,,,,,,,0,,,,,,9,7,0.7778,4.44,5.71,7.56,0.588,1.86,-0.2072,0.0,0.3333,0.0,0,11.0,13.0,11.0,-2.0,3.25,0.048,0.0,0.0,13.0,0.13,0.0,-0.13
00-0033576,Eric Saubert,TE,SEA,2025,4,1,0.0,0.0,1.75,0.0682,0.0449,0.1337,0,,,,,,,,,,,0,,,,,,7,4,0.5714,4.43,7.75,4.0,1.107,4.0,0.3643,0.0,0.2857,0.0,0,9.1,15.2,9.1,-6.1,3.79,0.0446,0.0,0.0,15.2,0.74,0.0,-0.74
00-0039458,Brenden Bates,TE,CLE,2025,4,1,0.0,0.0,1.25,0.0482,0.0455,0.1041,0,,,,,,,,,,,0,,,,,,5,4,0.8,9.6,12.0,7.8,1.231,2.5,0.6105,0.0,0.6,0.4,0,8.8,9.1,8.8,-0.3,2.27,0.0376,0.0,0.0,9.1,0.3,0.0,-0.3
00-0036423,Albert Okwuegbunam,TE,LV,2025,1,1,0.0,0.0,6.0,0.1667,0.0738,0.3016,0,,,,,,,,,,,0,,,,,,6,5,0.8333,6.0,7.2,3.0,2.0,6.8,0.2694,0.0,0.3333,0.1667,0,8.6,9.8,8.6,-1.2,9.77,0.1376,0.0,0.0,9.8,0.39,0.0,-0.39
00-0039754,Devin Culp,TE,TB,2025,1,0,0.0,0.0,1.0,0.0312,0.0167,0.0586,0,,,,,,,,,,,0,,,,,,1,1,1.0,6.0,6.0,6.0,1.0,0.0,1.714,1.0,1.0,0.0,0,7.6,3.9,7.6,3.7,3.9,0.0457,0.0,0.0,3.9,0.51,1.0,0.49
00-0040363,Keleki Latu,TE,BUF,2025,2,1,0.0,0.0,2.0,0.0702,0.0259,0.1235,0,,,,,,,,,,,0,,,,,,4,4,1.0,8.75,8.75,3.0,2.917,5.75,1.3298,0.0,0.75,0.0,0,7.5,5.8,7.5,1.8,2.88,0.033,0.0,0.0,5.8,0.03,0.0,-0.03
00-0034798,Durham Smythe,TE,CHI,2025,4,3,0.0,0.0,1.5,0.0505,0.0164,0.0871,0,,,,,,,,,,,0,,,,,,6,4,0.6667,4.17,6.25,4.0,1.042,3.75,-0.0423,0.0,0.1667,0.0,0,6.5,9.9,6.5,-3.4,2.48,0.0302,0.0,0.0,9.9,0.06,0.0,-0.06
00-0038809,Ben Sims,TE,MIN,2025,3,1,0.0,0.0,2.0,0.0827,0.1348,0.2184,0,,,,,,,,,,,0,,,,,,6,3,0.5,5.0,10.0,12.17,0.411,1.67,0.1222,0.0,0.3333,0.1667,0,6.0,10.1,6.0,-4.1,3.36,0.0548,0.0,0.0,10.1,0.28,0.0,-0.28
00-0037282,James Mitchell,TE,CAR,2025,2,2,0.0,0.0,1.5,0.0498,0.0171,0.0866,0,,,,,,,,,,,0,,,,,,3,3,1.0,9.33,9.33,2.33,4.0,7.0,0.7481,0.0,0.6667,0.0,0,5.8,4.3,5.8,1.5,2.15,0.031,0.0,0.0,4.3,0.0,0.0,0.0
00-0036534,Shane Zylstra,TE,DET,2025,1,0,0.0,0.0,5.0,0.0962,0.1175,0.2265,0,,,,,,,,,,,0,,,,,,5,3,0.6,4.0,6.67,7.4,0.541,0.67,-0.3672,0.0,0.2,0.0,0,5.0,10.8,5.0,-5.8,10.85,0.0956,0.0,0.0,10.8,0.55,0.0,-0.55
00-0039737,Tip Reiman,TE,ARI,2025,3,3,0.0,0.0,1.67,0.052,0.047,0.1109,0,,,,,,,,,,,0,,,,,,5,3,0.6,3.6,6.0,5.2,0.692,2.33,0.0013,0.0,0.2,0.0,0,4.8,7.6,4.8,-2.8,2.55,0.0332,0.0,0.0,7.6,0.03,0.0,-0.03
00-0037654,Tucker Fisk,TE,LAC,2025,4,4,0.0,0.0,1.0,0.0286,0.0122,0.0515,0,,,,,,,,,,,0,,,,,,4,2,0.5,4.75,9.5,5.5,0.864,10.5,-0.2223,0.0,0.25,0.0,0,3.9,6.1,3.9,-2.2,1.52,0.0193,0.0,0.0,6.1,0.1,0.0,-0.1
00-0039686,Colson Yankoff,TE,WAS,2025,3,3,0.0,0.0,1.0,0.0356,0.0203,0.0676,0,,,,,,,,,,,0,,,,,,3,2,0.6667,6.0,9.0,6.0,1.0,2.0,0.9472,0.0,0.6667,0.0,0,3.8,4.3,3.8,-0.5,1.43,0.0175,0.0,0.0,4.3,0.02,0.0,-0.02
00-0037340,Zaire Mitchell-Paden,TE,BAL,2025,3,3,0.0,0.0,1.0,0.0414,0.0191,0.0754,0,,,,,,,,,,,0,,,,,,3,2,0.6667,5.67,8.5,4.33,1.308,2.5,0.3818,0.0,0.3333,0.0,0,3.7,7.4,3.7,-3.7,2.46,0.0405,0.0,0.0,7.4,0.64,0.0,-0.64
00-0037539,Lucas Krull,TE,DEN,2025,2,2,0.0,0.0,2.0,0.0705,0.0416,0.1349,0,,,,,,,,,,,0,,,,,,4,2,0.5,3.75,7.5,5.0,0.75,2.0,-0.5958,0.0,0.0,0.0,0,3.5,6.1,3.5,-2.6,3.03,0.0459,0.0,0.0,6.1,0.01,0.0,-0.01
00-0040509,Ben Yurosek,TE,MIN,2025,2,1,0.0,0.0,1.5,0.05,0.0404,0.1033,0,,,,,,,,,,,0,,,,,,3,2,0.6667,4.67,7.0,3.67,1.273,4.5,0.1159,0.0,0.3333,0.0,0,3.4,4.3,3.4,-0.9,2.17,0.0341,0.0,0.0,4.3,0.0,0.0,0.0
00-0037015,Sal Cannella,TE,CLE,2025,2,0,0.0,0.0,2.5,0.1108,0.142,0.2656,0,,,,,,,,,,,0,,,,,,5,2,0.4,2.2,5.5,11.0,0.2,2.5,-1.7639,0.0,0.2,0.0,0,3.1,7.3,3.1,-4.2,3.66,0.0762,0.0,0.0,7.3,0.25,0.0,-0.25
00-0040244,Moliki Matavao,TE,NO,2025,1,0,0.0,0.0,2.0,0.0741,0.0177,0.1235,0,,,,,,,,,,,0,,,,,,2,2,1.0,5.0,5.0,2.5,2.0,2.5,0.0932,0.0,0.0,0.0,0,3.0,2.8,3.0,0.2,2.77,0.0532,0.0,0.0,2.8,0.0,0.0,0.0
00-0036232,Harrison Bryant,TE,HOU,2025,4,4,0.0,0.0,1.5,0.0464,0.0546,0.1078,0,,,,,,,,,,,0,,,,,,6,2,0.3333,1.17,3.5,9.67,0.121,0.0,-0.556,0.0,0.1667,0.0,0,2.7,10.3,2.7,-7.6,2.58,0.0326,0.0,0.0,10.3,0.21,0.0,-0.21
00-0039631,Cam Grandy,TE,CIN,2025,2,1,0.0,0.0,1.0,0.0354,-0.0185,0.0401,0,,,,,,,,,,,0,,,,,,2,2,1.0,3.5,3.5,-3.0,-1.167,6.5,-0.1758,0.0,0.0,0.0,0,2.7,3.2,2.7,-0.5,1.59,0.0254,0.0,0.0,3.2,0.06,0.0,-0.06
00-0034073,Ross Dwelley,TE,DET,2025,3,3,0.0,0.0,1.67,0.0582,0.002,0.0887,0,,,,,,,,,,,0,,,,,,5,2,0.4,1.4,3.5,0.2,7.0,3.5,-0.5129,0.0,0.0,0.0,0,2.7,12.2,2.7,-9.5,4.08,0.0538,0.0,0.0,12.2,1.07,0.0,-1.07
00-0038394,Will Mallory,TE,IND,2025,1,0,0.0,0.0,1.0,0.0345,0.0556,0.0906,0,,,,,,,,,,,0,,,,,,1,1,1.0,16.0,16.0,16.0,1.0,0.0,1.5177,0.0,1.0,1.0,0,2.6,2.2,2.6,0.4,2.16,0.0311,0.0,0.0,2.2,0.0,0.0,0.0
00-0038710,Blake Whiteheart,TE,CLE,2025,6,4,0.0,0.0,1.0,0.037,0.029,0.0758,0,,,,,,,,,,,0,,,,,,6,2,0.3333,0.67,2.0,7.17,0.093,0.5,-0.6213,0.0,0.0,0.0,0,2.4,8.7,2.4,-6.3,1.45,0.023,0.0,0.0,8.7,0.04,0.0,-0.04
00-0039050,Payne Durham,TE,TB,2025,4,3,0.0,0.0,1.0,0.0337,0.0252,0.0683,0,,,,,,,,,,,0,,,,,,4,1,0.25,2.75,11.0,4.0,0.688,11.0,-0.2989,0.0,0.25,0.0,0,2.1,7.5,2.1,-5.4,1.88,0.0256,0.0,0.0,7.5,0.45,0.0,-0.45
00-0033439,Pharaoh Brown,TE,ARI,2025,1,0,0.0,0.0,2.0,0.0526,0.0039,0.0817,0,,,,,,,,,,,0,,,,,,2,2,1.0,0.5,0.5,0.5,1.0,0.0,-0.4427,0.0,0.0,0.0,0,2.1,5.5,2.1,-3.4,5.51,0.0693,0.0,0.0,5.5,0.55,0.0,-0.55
00-0031484,Chris Manhertz,TE,NYG,2025,2,1,0.0,0.0,1.0,0.0323,0.0289,0.0687,0,,,,,,,,,,,0,,,,,,2,1,0.5,3.5,7.0,5.5,0.636,6.0,-0.1903,0.0,0.0,0.0,0,1.7,3.5,1.7,-1.8,1.77,0.0234,0.0,0.0,3.5,0.19,0.0,-0.19
00-0037755,Jelani Woods,TE,NYJ,2025,2,0,0.0,0.0,1.5,0.045,0.0192,0.081,0,,,,,,,,,,,0,,,,,,3,1,0.3333,1.33,4.0,2.0,0.667,1.0,-0.8486,0.0,0.0,0.0,0,1.4,4.0,1.4,-2.6,2.02,0.0333,0.0,0.0,4.0,0.05,0.0,-0.05
00-0039824,Jared Wiley,TE,KC,2025,1,1,0.0,0.0,1.0,0.0312,-0.0167,0.0352,0,,,,,,,,,,,0,,,,,,1,1,1.0,4.0,4.0,-4.0,-1.0,8.0,2.5656,0.0,1.0,0.0,0,1.4,1.5,1.4,-0.1,1.52,0.0177,0.0,0.0,1.5,0.01,0.0,-0.01
00-0040628,Drake Dabney,TE,GB,2025,1,0,0.0,0.0,2.0,0.2,0.3704,0.5593,0,,,,,,,,,,,0,,,,,,2,1,0.5,1.5,3.0,5.0,0.3,0.0,-0.4209,0.0,0.0,0.0,0,1.3,3.3,1.3,-2.0,3.34,0.1038,0.0,0.0,3.3,0.18,0.0,-0.18
00-0040488,Carter Runyon,TE,LV,2025,1,1,0.0,0.0,1.0,0.0588,-0.0588,0.0471,0,,,,,,,,,,,0,,,,,,1,1,1.0,3.0,3.0,-3.0,-1.0,6.0,-0.2239,0.0,0.0,0.0,0,1.3,1.4,1.3,-0.1,1.39,0.0482,0.0,0.0,1.4,0.0,0.0,0.0
00-0033757,Robert Tonyan,TE,KC,2025,1,1,0.0,0.0,1.0,0.0233,0.0031,0.037,0,,,,,,,,,,,0,,,,,,1,1,1.0,1.0,1.0,1.0,1.0,0.0,-0.5185,0.0,0.0,0.0,0,1.1,1.4,1.1,-0.3,1.4,0.0173,0.0,0.0,1.4,0.02,0.0,-0.02
00-0039305,Jack Westover,TE,NE,2025,2,1,0.0,0.0,1.0,0.0422,0.0029,0.0654,0,,,,,,,,,,,0,,,,,,2,1,0.5,0.0,0.0,1.0,0.0,0.0,-0.4764,0.0,0.0,0.0,0,1.0,2.6,1.0,-1.6,1.29,0.0176,0.0,0.0,2.6,0.01,0.0,-0.01
00-0036825,Feleipe Franks,TE,ATL,2025,2,2,0.0,1.0,0.0,0.0,0.0,0.0,0,,,,,,,,,,,2,2.0,0.0,0.6363,1.0,0.0,0,0,,,,,,,,,,,0,0.4,0.6,0.4,-0.2,0.32,0.0052,0.0,0.6,0.0,0.0,0.0,0.0
00-0035956,Giovanni Ricci,TE,DET,2025,1,0,0.0,0.0,1.0,0.0345,0.0151,0.0623,0,,,,,,,,,,,0,,,,,,1,0,0.0,0.0,,3.0,0.0,,-0.9019,0.0,0.0,0.0,0,0.0,3.9,0.0,-3.9,3.89,0.0569,0.0,0.0,3.9,0.53,0.0,-0.53
00-0040058,Nick Kallerup,TE,SEA,2025,1,1,0.0,0.0,1.0,0.0833,0.0625,0.1688,0,,,,,,,,,,,0,,,,,,1,0,0.0,0.0,,8.0,0.0,,-0.5554,0.0,0.0,0.0,0,0.0,4.2,0.0,-4.2,4.21,0.0795,0.0,0.0,4.2,0.49,0.0,-0.49
00-0038643,Brayden Willis,TE,SF,2025,1,1,0.0,0.0,1.0,0.0263,0.0079,0.045,0,,,,,,,,,,,0,,,,,,1,0,0.0,0.0,,2.0,0.0,,-0.7294,0.0,0.0,0.0,0,0.0,1.3,0.0,-1.3,1.33,0.0183,0.0,0.0,1.3,0.01,0.0,-0.01
00-0039075,Puka Nacua,WR,LA,2025,16,12,0.0,0.62,10.38,0.3013,0.3187,0.675,0,,,,,,,,,,,10,10.5,0.1,0.9331,0.5,0.4,166,129,0.7771,10.33,13.29,9.43,1.095,5.16,0.697,0.0602,0.4819,0.2108,1,375.0,304.6,375.0,70.4,19.04,0.2257,0.0,8.0,296.6,8.17,11.0,2.83
00-0038543,Jaxon Smith-Njigba,WR,SEA,2025,17,13,0.0,0.41,9.59,0.3677,0.503,0.9037,0,,,,,,,,,,,7,5.14,0.0,0.0067,0.2857,0.4286,163,119,0.7301,11.0,15.07,11.25,0.978,4.44,0.5563,0.0613,0.4847,0.2577,1,359.9,297.1,359.9,62.8,17.48,0.2532,0.0,5.2,291.9,8.03,10.0,1.97
00-0036963,Amon-Ra St. Brown,WR,DET,2025,17,13,0.0,0.18,10.12,0.3166,0.3866,0.7456,0,,,,,,,,,,,3,3.0,0.0,0.1857,0.3333,0.0,172,117,0.6802,8.15,11.97,8.08,1.008,4.87,0.3233,0.064,0.4128,0.1977,0,324.0,327.9,324.0,-3.9,19.29,0.248,0.0,2.6,325.3,11.5,11.0,-0.5
00-0036900,Ja'Marr Chase,WR,CIN,2025,16,12,0.0,0.19,11.56,0.3207,0.3658,0.7371,0,,,,,,,,,,,3,4.67,0.0,0.041,0.0,0.0,185,125,0.6757,7.63,11.3,8.49,0.899,5.12,0.2237,0.0432,0.3946,0.1405,1,313.6,306.5,313.6,7.1,19.16,0.249,0.0,2.2,304.4,6.81,8.0,1.19
00-0037247,George Pickens,WR,DAL,2025,17,13,0.0,0.0,8.06,0.2252,0.3221,0.5632,0,,,,,,,,,,,0,,,,,,137,93,0.6788,10.43,15.37,11.29,0.924,5.15,0.6478,0.0657,0.5328,0.2482,0,291.9,261.7,291.9,30.2,15.39,0.1791,0.0,0.0,261.7,10.29,9.0,-1.29
00-0037239,Chris Olave,WR,NO,2025,16,13,0.06,0.06,9.75,0.2918,0.4099,0.7246,1,0.0,0.0,0.0,1.0,0.0,-3.5951,-55.089,0.0,0.0,0.0,1,-3.0,0.0,-1.2531,0.0,0.0,156,100,0.641,7.46,11.63,11.8,0.632,2.89,0.2284,0.0577,0.3397,0.141,0,268.0,256.3,268.0,11.7,16.02,0.2349,1.5,0.8,254.1,7.2,9.0,1.8
00-0039064,Zay Flowers,WR,BAL,2025,17,13,0.0,0.59,6.94,0.2988,0.3605,0.7006,0,,,,,,,,,,,10,6.2,0.1,0.25,0.3,0.2,118,86,0.7288,10.26,14.08,10.2,1.006,5.33,0.3931,0.0424,0.4068,0.2373,3,243.3,205.1,243.3,38.2,12.06,0.1893,0.0,6.9,198.2,4.03,6.0,1.97
00-0036554,Nico Collins,WR,HOU,2025,15,12,0.0,0.13,8.0,0.2424,0.3507,0.6092,0,,,,,,,,,,,2,7.5,0.5,0.9978,0.5,0.0,120,71,0.5917,9.31,15.73,12.74,0.731,4.56,0.3276,0.05,0.4,0.25,1,226.2,222.3,226.2,3.9,14.82,0.1988,0.0,2.3,219.9,7.83,7.0,-0.83
00-0031381,Davante Adams,WR,LA,2025,14,13,0.0,0.0,8.14,0.2515,0.3565,0.6268,0,,,,,,,,,,,0,,,,,,114,60,0.5263,6.92,13.15,12.67,0.546,1.95,0.2371,0.1228,0.4474,0.1842,0,222.9,256.8,222.9,-33.8,18.34,0.2237,0.0,0.0,256.8,15.57,14.0,-1.57
00-0038559,Michael Wilson,WR,ARI,2025,17,13,0.0,0.0,7.41,0.1922,0.3124,0.507,0,,,,,,,,,,,0,,,,,,126,78,0.619,7.98,12.9,11.92,0.67,3.5,0.2044,0.0556,0.4048,0.1587,0,220.6,216.3,220.6,4.3,12.73,0.1603,0.0,0.0,216.3,6.33,7.0,0.67
00-0035676,A.J. Brown,WR,PHI,2025,15,12,0.0,0.0,8.07,0.2866,0.3552,0.6785,0,,,,,,,,,,,0,,,,,,121,78,0.6446,8.29,12.86,11.78,0.704,3.44,0.2784,0.0579,0.3884,0.2066,0,220.3,207.2,218.3,11.1,13.81,0.2015,0.0,0.0,207.2,5.34,7.0,1.66
00-0037240,Jameson Williams,WR,DET,2025,17,13,0.0,0.35,6.0,0.1862,0.3195,0.5029,0,,,,,,,,,,,6,2.0,0.0,-0.2376,0.0,0.0,102,65,0.6373,10.95,17.18,12.64,0.867,6.78,0.5507,0.0686,0.4804,0.3039,0,219.9,191.2,219.1,27.9,11.25,0.1446,0.0,5.3,185.9,4.48,7.0,2.52
00-0034348,Courtland Sutton,WR,DEN,2025,17,13,0.0,0.0,7.29,0.2107,0.3445,0.5571,0,,,,,1.0,-4.0317,,,,,0,,,,,,124,74,0.5968,8.2,13.74,12.44,0.66,3.0,0.3677,0.0565,0.4194,0.1935,0,219.7,219.6,219.7,0.1,12.92,0.1684,0.0,0.0,219.6,7.71,7.0,-0.71
00-0038117,Wan'Dale Robinson,WR,NYG,2025,16,13,0.0,0.19,8.75,0.3027,0.2845,0.6532,0,,,,,,,,,,,3,1.67,0.0,0.6407,0.3333,0.0,140,92,0.6571,7.24,11.02,8.48,0.854,4.2,0.139,0.0286,0.2786,0.1357,0,217.9,217.0,217.9,0.9,13.56,0.1902,0.0,2.2,214.8,4.32,4.0,-0.32
00-0040124,Tetairoa McMillan,WR,CAR,2025,17,13,0.0,0.0,7.18,0.2574,0.4595,0.7077,0,,,,,,,,,,,0,,,,,,122,70,0.5738,8.31,14.49,11.56,0.719,3.84,0.2073,0.0574,0.4508,0.2213,0,213.4,204.3,213.3,9.0,12.02,0.1884,0.0,0.0,204.3,6.26,7.0,0.74
00-0036410,Tee Higgins,WR,CIN,2025,15,12,0.0,0.0,6.53,0.1826,0.3299,0.5049,0,,,,,,,,,,,0,,,,,,98,59,0.602,8.63,14.34,13.41,0.644,2.81,0.3672,0.1122,0.4184,0.2041,0,211.6,176.7,211.6,34.9,11.78,0.1583,0.0,0.0,176.7,6.38,11.0,4.62
00-0031588,Stefon Diggs,WR,NE,2025,17,13,0.0,0.0,6.0,0.2186,0.2015,0.469,0,,,,,,,,,,,0,,,,,,102,85,0.8333,9.93,11.92,8.54,1.163,4.16,0.6899,0.0392,0.5,0.2255,0,210.3,173.9,210.3,36.4,10.23,0.1411,0.0,0.0,173.9,4.53,4.0,-0.53
00-0036252,Michael Pittman,WR,IND,2025,17,13,0.0,0.0,6.53,0.2065,0.2099,0.4566,0,,,,,,,,,,,0,,,,,,111,80,0.7207,7.06,9.8,8.17,0.864,3.24,0.2011,0.0631,0.4234,0.1261,0,202.4,196.8,203.3,6.6,11.57,0.1535,0.0,0.0,196.8,5.28,7.0,1.72
00-0037238,Drake London,WR,ATL,2025,12,9,0.0,0.0,9.33,0.2971,0.4024,0.7274,0,,,,,,,,,,,0,,,,,,112,68,0.6071,8.21,13.51,10.9,0.753,3.37,0.2213,0.0625,0.4107,0.1696,1,201.9,201.5,201.9,0.4,16.79,0.2351,0.0,0.0,201.5,6.09,7.0,0.91
00-0036912,DeVonta Smith,WR,PHI,2025,17,13,0.0,0.0,6.65,0.2458,0.3213,0.5935,0,,,,,,,,,,,0,,,,,,113,77,0.6814,8.92,13.09,11.99,0.744,3.81,0.4811,0.0354,0.3894,0.2035,0,201.8,193.4,201.8,8.4,11.38,0.1659,0.0,0.0,193.4,4.71,4.0,-0.71
00-0036322,Justin Jefferson,WR,MIN,2025,17,13,0.0,0.12,8.29,0.3067,0.4015,0.7411,0,,,,,,,,,,,2,3.5,0.0,-0.0284,0.0,0.0,141,84,0.5957,7.43,12.48,10.2,0.729,5.37,-0.0981,0.0142,0.3333,0.1773,0,201.5,249.1,201.5,-47.6,14.66,0.2344,0.0,1.4,247.8,8.55,2.0,-6.55
00-0036358,CeeDee Lamb,WR,DAL,2025,13,9,0.0,0.08,9.0,0.251,0.335,0.611,0,,,,,,,,,,,1,2.0,0.0,-0.2479,0.0,0.0,117,75,0.641,9.21,14.36,11.99,0.768,4.31,0.2478,0.0256,0.3675,0.2137,0,200.9,223.3,200.9,-22.4,17.18,0.1982,0.0,0.7,222.6,7.79,3.0,-4.79
00-0040129,Emeka Egbuka,WR,TB,2025,17,13,0.0,0.12,7.47,0.2356,0.3535,0.6009,0,,,,,,,,,,,2,4.5,0.0,-0.8408,0.0,0.0,127,63,0.4961,7.39,14.89,12.38,0.597,5.32,0.0562,0.0472,0.2677,0.189,0,195.7,237.5,195.7,-41.8,13.97,0.1876,0.0,1.9,235.6,6.91,6.0,-0.91
00-0036613,Jaylen Waddle,WR,MIA,2025,16,13,0.06,0.12,6.25,0.2329,0.4271,0.6484,1,1.0,8.0,0.0,0.0,0.0,-0.5924,11.613,-1.6,0.0,0.0,2,14.0,0.0,0.9648,0.5,0.5,100,64,0.64,9.1,14.22,13.06,0.697,3.56,0.3445,0.06,0.48,0.24,0,194.1,178.6,194.1,15.5,11.16,0.1808,0.2,1.5,176.8,4.45,6.0,1.55
00-0035719,Deebo Samuel Sr.,WR,WAS,2025,16,12,0.0,1.06,6.19,0.2537,0.1344,0.4746,0,,,,,,,,,,,17,4.41,0.0588,0.0084,0.2353,0.1176,99,72,0.7273,7.34,10.1,5.32,1.38,6.47,0.178,0.0505,0.3232,0.1818,0,188.2,180.5,188.2,7.7,11.28,0.1699,0.0,14.7,165.7,5.09,6.0,0.91
00-0035640,DK Metcalf,WR,PIT,2025,15,13,0.0,0.13,6.6,0.2241,0.3717,0.5964,0,,,,,,,,,,,2,6.0,0.5,0.8434,0.5,0.0,99,59,0.596,8.59,14.41,10.55,0.814,7.02,0.3326,0.0606,0.3737,0.1919,0,187.2,180.6,187.2,6.6,12.04,0.177,0.0,2.6,178.0,6.59,7.0,0.41
00-0038606,Parker Washington,WR,JAX,2025,15,11,0.0,0.47,6.33,0.1921,0.2581,0.4688,0,,,,,,,,,,,7,0.0,0.0,-0.2032,0.1429,0.0,95,58,0.6105,8.92,14.6,12.49,0.714,4.57,0.3128,0.0526,0.3895,0.2421,0,184.7,177.6,172.7,-4.9,11.84,0.1499,0.0,7.2,170.4,5.56,5.0,-0.56
00-0037664,Alec Pierce,WR,IND,2025,15,11,0.0,0.0,5.6,0.176,0.4059,0.5482,0,,,,,,,,,,,0,,,,,,84,47,0.5595,11.94,21.34,18.96,0.63,3.7,0.664,0.0714,0.4881,0.381,0,183.3,169.7,183.3,13.7,11.31,0.152,0.0,0.0,169.7,5.57,6.0,0.43
00-0030279,Keenan Allen,WR,LAC,2025,17,13,0.0,0.0,7.18,0.2206,0.2278,0.4904,0,,,,,,,,,,,0,,,,,,122,81,0.6639,6.37,9.59,8.42,0.757,2.85,0.2862,0.0328,0.4016,0.082,0,182.7,199.5,182.7,-16.8,11.74,0.1593,0.0,0.0,199.5,6.01,4.0,-2.01
00-0039915,Ladd McConkey,WR,LAC,2025,16,13,0.0,0.0,6.62,0.2108,0.2604,0.4986,0,,,,,,,,,,,0,,,,,,106,66,0.6226,7.44,11.95,9.87,0.754,4.7,0.0683,0.0566,0.3302,0.1415,0,180.9,184.7,180.9,-3.8,11.55,0.1553,0.0,0.0,184.7,6.35,6.0,-0.35
00-0039868,Troy Franklin,WR,DEN,2025,17,13,0.0,0.29,6.12,0.1822,0.28,0.4694,0,,,,,,,,,,,5,2.4,0.0,-0.3443,0.4,0.2,104,65,0.625,6.82,10.91,12.7,0.537,4.34,0.0941,0.0577,0.3077,0.1442,1,177.1,194.2,177.1,-17.1,11.42,0.1489,0.0,3.5,190.7,6.73,6.0,-0.73
00-0034960,Jakobi Meyers,WR,JAX,2025,16,12,0.0,0.31,6.88,0.2287,0.2825,0.5408,0,,,,,,,,,,,5,2.6,0.0,-0.0814,0.2,0.0,110,75,0.6818,7.59,11.13,9.16,0.828,3.76,0.091,0.0273,0.3909,0.1455,1,175.8,198.8,175.8,-23.0,12.43,0.1711,0.0,5.8,193.0,5.85,3.0,-2.85
00-0036259,Jauan Jennings,WR,SF,2025,15,11,0.0,0.0,6.0,0.1992,0.2558,0.4779,0,,,,,,,,,,,0,,,,,,90,55,0.6111,7.14,11.69,10.06,0.71,3.29,-0.0252,0.1,0.4,0.1333,1,173.3,169.9,173.3,3.4,11.33,0.1493,0.0,0.0,169.9,6.49,9.0,2.51
00-0034827,DJ Moore,WR,CHI,2025,17,13,0.06,0.88,5.0,0.1613,0.1988,0.3812,1,1.0,2.0,1.0,0.0,0.0,3.8682,46.214,1.0,1.0,0.0,15,5.27,0.0667,0.2782,0.3333,0.2,85,50,0.5882,8.02,13.64,11.62,0.69,4.44,0.1603,0.0706,0.3765,0.2235,0,172.2,170.1,170.7,0.6,10.01,0.1275,2.1,10.6,157.3,6.82,8.0,1.18
00-0038544,Quentin Johnston,WR,LAC,2025,13,11,0.0,0.15,6.46,0.1997,0.2804,0.4958,0,,,,,,,,,,,2,3.5,0.0,-0.1852,0.0,0.0,84,51,0.6071,8.75,14.41,11.77,0.743,4.33,0.2846,0.0952,0.3214,0.1905,1,171.2,155.6,171.2,15.6,11.97,0.1598,0.0,1.6,153.9,5.53,8.0,2.47
00-0037261,Khalil Shakir,WR,BUF,2025,16,13,0.0,0.06,5.94,0.2114,0.0862,0.3774,0,,,,,,,,,,,1,5.0,0.0,-0.1054,0.0,0.0,95,72,0.7579,7.57,9.99,3.67,2.06,7.51,0.079,0.0421,0.2947,0.1263,1,166.4,148.5,163.1,14.6,9.28,0.1272,0.0,0.7,147.8,2.36,4.0,1.64
00-0037816,Romeo Doubs,WR,GB,2025,16,13,0.0,0.0,5.31,0.1888,0.2804,0.4795,0,,,,,,,,,,,0,,,,,,85,55,0.6471,8.52,13.16,12.76,0.667,2.96,0.4076,0.0706,0.4824,0.2118,0,165.4,165.5,165.4,-0.1,10.34,0.1469,0.0,0.0,165.5,6.61,6.0,-0.61
00-0038563,Tre Tucker,WR,LV,2025,17,13,0.0,0.65,5.41,0.1896,0.264,0.4692,0,,,,,,,,,,,11,4.64,0.0,-0.0427,0.0909,0.0909,92,57,0.6196,7.57,12.21,10.16,0.744,5.11,0.2372,0.0543,0.3478,0.1413,0,161.7,155.1,161.7,6.6,9.13,0.1547,0.0,7.8,147.4,3.81,5.0,1.19
00-0037545,Rashid Shaheed,WR,SEA,2025,18,14,0.0,0.5,5.11,0.1617,0.2243,0.3996,0,,,,,,,,,,,9,7.67,0.0,0.1083,0.3333,0.3333,92,59,0.6413,7.47,11.64,11.45,0.652,3.0,-0.0465,0.0217,0.3152,0.1196,1,156.6,152.8,144.6,-8.2,8.49,0.1233,0.0,6.6,146.2,3.18,2.0,-1.18
00-0039067,Rashee Rice,WR,KC,2025,8,7,0.0,0.62,9.75,0.2903,0.137,0.5314,0,,,,,,,,,,,5,4.0,0.2,0.3725,0.4,0.0,78,53,0.6795,7.32,10.77,4.33,1.689,7.81,0.2054,0.0641,0.359,0.141,0,150.1,144.9,150.1,5.2,18.11,0.219,0.0,8.0,136.9,6.3,6.0,-0.3
00-0039919,Rome Odunze,WR,CHI,2025,12,12,0.0,0.0,7.5,0.2363,0.3533,0.6018,0,,,,,,,,,,,0,,,,,,90,44,0.4889,7.34,15.02,13.91,0.528,4.86,0.2321,0.0667,0.4111,0.2111,0,146.1,172.5,144.1,-28.4,14.37,0.1818,0.0,0.0,172.5,6.05,6.0,-0.05
00-0039893,Brian Thomas Jr.,WR,JAX,2025,14,10,0.0,0.21,6.5,0.1931,0.316,0.5109,0,,,,,,,,,,,3,7.0,0.3333,0.9542,0.6667,0.0,91,48,0.5275,7.77,14.73,14.45,0.538,3.31,0.189,0.022,0.3626,0.1978,0,138.8,171.2,138.8,-32.4,12.23,0.1517,0.0,2.7,168.5,5.15,3.0,-2.15
00-0038997,Josh Downs,WR,IND,2025,16,12,0.0,0.12,5.5,0.1746,0.1678,0.3793,0,,,,,,,,,,,2,-1.0,0.0,-0.7608,0.0,0.0,88,58,0.6591,6.43,9.76,7.49,0.859,2.48,0.0984,0.0455,0.4091,0.1136,0,138.4,135.6,135.7,0.1,8.47,0.1126,0.0,1.4,134.2,2.73,4.0,1.27
00-0035662,Marquise Brown,WR,KC,2025,16,13,0.0,0.0,4.62,0.142,0.1974,0.3511,0,,,,,,,,,,,0,,,,,,74,49,0.6622,7.93,11.98,11.3,0.702,3.88,0.302,0.0676,0.3919,0.1622,0,137.7,126.7,137.7,11.0,7.92,0.1051,0.0,0.0,126.7,4.11,5.0,0.89
00-0038994,Jordan Addison,WR,MIN,2025,14,10,0.0,0.14,5.64,0.1822,0.3298,0.5042,0,,,,,,,,,,,2,40.5,0.5,3.8955,1.0,1.0,79,42,0.5316,7.72,14.52,13.71,0.563,3.31,0.1771,0.038,0.3291,0.1519,0,135.1,142.3,133.1,-9.2,10.17,0.1585,0.0,1.2,141.2,5.23,4.0,-1.23
00-0038124,Christian Watson,WR,GB,2025,10,7,0.0,0.1,5.5,0.2031,0.3475,0.5479,0,,,,,,,,,,,1,3.0,0.0,-0.1851,0.0,0.0,55,35,0.6364,11.11,17.46,17.76,0.625,3.37,0.5868,0.1091,0.5091,0.3091,0,132.4,110.2,132.4,22.2,11.02,0.1594,0.0,1.7,108.5,4.39,6.0,1.61
00-0040130,Jayden Higgins,WR,HOU,2025,17,13,0.0,0.0,4.0,0.1238,0.1766,0.3093,0,,,,,,,,,,,0,,,,,,68,41,0.6029,7.72,12.8,12.34,0.626,3.0,0.2464,0.0882,0.4118,0.1324,0,129.5,119.5,129.5,10.0,7.03,0.0939,0.0,0.0,119.5,3.85,6.0,2.15
00-0040705,Chimere Dike,WR,TEN,2025,17,13,0.0,0.65,4.35,0.139,0.1491,0.3128,0,,,,,,,,,,,11,1.64,0.0,-0.385,0.0,0.0,74,48,0.6486,5.72,8.81,8.09,0.706,4.58,0.0212,0.0541,0.2703,0.1351,0,128.1,129.6,116.1,-13.5,7.62,0.122,0.0,12.5,117.0,4.46,4.0,-0.46
00-0040735,Luther Burden III,WR,CHI,2025,15,12,0.0,0.4,4.0,0.1305,0.1075,0.271,0,,,,,,,,,,,6,6.17,0.0,0.3812,0.5,0.3333,60,47,0.7833,10.87,13.87,7.67,1.417,7.11,0.5012,0.0333,0.45,0.25,0,127.9,100.3,127.9,27.6,6.69,0.0864,0.0,4.4,95.9,1.23,2.0,0.77
00-0039849,Marvin Harrison Jr.,WR,ARI,2025,12,10,0.0,0.0,6.08,0.1805,0.3304,0.5021,0,,,,,,,,,,,0,,,,,,73,41,0.5616,8.33,14.83,12.96,0.643,2.9,0.4262,0.0548,0.411,0.2466,0,127.8,139.2,125.8,-13.4,11.6,0.15,0.0,0.0,139.2,5.39,4.0,-1.39
00-0038608,Kayshon Boutte,WR,NE,2025,14,11,0.0,0.0,3.29,0.1198,0.2153,0.3304,0,,,,,,,,,,,0,,,,,,46,33,0.7174,11.98,16.7,16.98,0.706,1.15,0.8013,0.1304,0.587,0.3696,0,124.1,90.2,124.1,33.9,6.45,0.0906,0.0,0.0,90.2,3.41,6.0,2.59
00-0036407,Jerry Jeudy,WR,CLE,2025,17,13,0.0,0.06,6.24,0.2053,0.3535,0.5554,0,,,,,,,,,,,1,5.0,0.0,2.7334,1.0,0.0,106,50,0.4717,5.68,12.04,12.15,0.467,3.32,-0.3048,0.0189,0.2925,0.0849,1,120.7,157.6,120.7,-36.9,9.27,0.1459,0.0,0.7,156.9,2.85,2.0,-0.85
00-0039880,Malik Washington,WR,MIA,2025,17,13,0.0,1.0,3.82,0.1442,0.1052,0.29,0,,,,,,,,,,,17,6.47,0.0588,0.0069,0.2941,0.1765,65,46,0.7077,4.88,6.89,5.18,0.941,5.5,-0.1512,0.0462,0.2462,0.0769,1,116.7,116.9,110.7,-6.2,6.88,0.1118,0.0,12.5,104.5,3.63,4.0,0.37
00-0040170,Elic Ayomanor,WR,TEN,2025,16,12,0.0,0.0,5.56,0.1848,0.3251,0.5047,0,,,,,,,,,,,0,,,,,,89,41,0.4607,5.79,12.56,12.65,0.457,2.8,-0.1078,0.0449,0.3371,0.1124,0,116.5,138.8,116.5,-22.3,8.68,0.1409,0.0,0.0,138.8,3.3,4.0,0.7
00-0033908,Cooper Kupp,WR,SEA,2025,16,12,0.06,0.0,4.38,0.1599,0.1449,0.3412,1,0.0,0.0,0.0,1.0,0.0,-5.3702,-65.118,0.0,0.0,0.0,0,,,,,,70,47,0.6714,8.47,12.62,7.6,1.115,6.23,0.1091,0.0286,0.3714,0.2,1,116.3,123.1,116.3,-6.8,7.69,0.1112,0.5,0.0,122.6,3.69,2.0,-1.69
00-0035659,Terry McLaurin,WR,WAS,2025,10,6,0.0,0.0,6.0,0.2323,0.3713,0.6085,0,,,,,,,,,,,0,,,,,,60,38,0.6333,9.7,15.32,13.98,0.694,2.45,0.5292,0.05,0.55,0.2,0,114.2,101.0,114.2,13.2,10.1,0.1503,0.0,0.0,101.0,3.1,3.0,-0.1
00-0039410,Ryan Flournoy,WR,DAL,2025,13,10,0.0,0.31,4.31,0.1276,0.1215,0.2764,0,,,,,,,,,,,4,6.25,0.0,0.1182,0.5,0.5,56,40,0.7143,8.48,11.88,8.32,1.019,5.1,0.5113,0.0714,0.5179,0.1429,0,114.0,102.7,114.0,11.3,7.9,0.0925,0.0,3.1,99.7,3.48,4.0,0.52
00-0033555,Mack Hollins,WR,NE,2025,14,12,0.0,0.07,4.64,0.1625,0.2064,0.3882,0,,,,,,,,,,,1,4.0,0.0,-0.2242,0.0,0.0,65,46,0.7077,8.46,11.96,13.09,0.646,2.35,0.4185,0.0308,0.4308,0.2154,0,113.4,116.0,113.4,-2.6,8.29,0.1133,0.0,0.7,115.3,3.07,2.0,-1.07
00-0039894,Xavier Worthy,WR,KC,2025,14,11,0.0,0.79,5.21,0.1606,0.2676,0.4282,0,,,,,,,,,,,11,7.91,0.0,0.3259,0.3636,0.2727,73,42,0.5753,7.29,12.67,12.93,0.564,4.6,0.2031,0.0137,0.3014,0.1507,0,109.9,133.1,109.9,-23.2,9.51,0.1236,0.0,8.0,125.0,3.32,1.0,-2.32
00-0039901,Keon Coleman,WR,BUF,2025,12,11,0.0,0.0,4.92,0.1668,0.2279,0.4098,0,,,,,,,,,,,0,,,,,,59,38,0.6441,6.85,10.63,11.17,0.613,2.32,0.21,0.0678,0.4407,0.1186,1,102.4,114.2,102.4,-11.8,9.52,0.1244,0.0,0.0,114.2,3.99,4.0,0.01
00-0037291,Jalen Nailor,WR,MIN,2025,17,13,0.0,0.12,3.12,0.1165,0.1714,0.2948,0,,,,,,,,,,,2,6.5,0.0,-0.636,0.5,0.5,53,29,0.5472,8.38,15.31,12.38,0.677,3.86,0.2182,0.0755,0.434,0.2642,0,100.7,101.7,100.7,-1.0,5.98,0.0957,0.0,1.6,100.1,4.66,4.0,-0.66
00-0037740,Garrett Wilson,WR,NYJ,2025,7,7,0.0,0.0,8.43,0.3539,0.5626,0.9246,0,,,,,,,,,,,0,,,,,,59,36,0.6102,6.69,10.97,9.07,0.738,2.78,-0.035,0.0678,0.3051,0.1525,0,99.5,89.9,99.5,9.6,12.85,0.2279,0.0,0.0,89.9,1.3,4.0,2.7
00-0035535,Darius Slayton,WR,NYG,2025,14,10,0.0,0.0,4.5,0.1546,0.2497,0.4067,0,,,,,,,,,,,0,,,,,,63,37,0.5873,8.54,14.54,13.38,0.638,5.35,0.2857,0.0159,0.3651,0.254,1,98.8,110.0,98.8,-11.2,7.85,0.1082,0.0,0.0,110.0,3.23,1.0,-2.23
00-0038618,Xavier Hutchinson,WR,HOU,2025,16,12,0.0,0.19,3.56,0.112,0.1319,0.2604,0,,,,,,,,,,,3,7.33,0.0,0.5998,0.6667,0.0,57,35,0.614,7.51,12.23,10.25,0.733,4.17,0.2261,0.0526,0.3333,0.193,0,98.0,100.6,98.0,-2.6,6.29,0.0854,0.0,2.9,97.7,2.82,3.0,0.18
00-0038621,DeMario Douglas,WR,NE,2025,16,12,0.0,0.44,2.88,0.0976,0.1013,0.2174,0,,,,,,,,,,,7,3.0,0.0,-0.1382,0.2857,0.1429,46,31,0.6739,9.72,14.42,9.67,1.004,6.9,0.6118,0.0652,0.3696,0.1739,0,95.8,87.2,95.8,8.6,5.45,0.0743,0.0,5.6,81.6,3.14,3.0,-0.14
00-0038976,Marvin Mims Jr.,WR,DEN,2025,15,11,0.0,0.8,3.4,0.0994,0.0971,0.2171,0,,,,,,,,,,,12,6.5,0.0833,0.4287,0.25,0.1667,51,37,0.7255,6.31,8.7,9.37,0.674,6.24,0.0685,0.0196,0.2745,0.1176,0,95.0,90.7,89.0,-1.7,6.05,0.0773,0.0,9.2,81.5,2.11,2.0,-0.11
00-0040237,Tez Johnson,WR,TB,2025,15,11,0.0,0.47,2.93,0.0916,0.1377,0.2338,0,,,,,,,,,,,7,3.14,0.0,-0.179,0.0,0.0,44,28,0.6364,7.32,11.5,11.73,0.624,3.93,0.3714,0.1136,0.3636,0.1591,0,92.4,85.3,92.4,7.1,5.69,0.0766,0.0,6.0,79.3,2.58,5.0,2.42
00-0033307,Kendrick Bourne,WR,SF,2025,14,10,0.0,0.0,3.79,0.108,0.148,0.2656,0,,,,,,,,,,,0,,,,,,53,37,0.6981,10.4,14.89,11.02,0.943,4.46,0.3877,0.0,0.5094,0.2453,0,92.1,87.0,92.1,5.1,6.22,0.0797,0.0,0.0,87.0,1.16,0.0,-1.16
00-0039491,Jalen Coker,WR,CAR,2025,11,7,0.0,0.0,3.91,0.154,0.1999,0.3709,0,,,,,,,,,,,0,,,,,,43,33,0.7674,9.16,11.94,10.12,0.906,3.09,0.5083,0.0698,0.5116,0.2093,1,90.4,72.6,88.4,15.8,6.6,0.1127,0.0,0.0,72.6,1.54,3.0,1.46
00-0038619,Andrei Iosivas,WR,CIN,2025,15,11,0.0,0.2,3.87,0.102,0.1312,0.2448,0,,,,,,,,,,,3,4.67,0.0,-0.0495,0.0,0.0,58,33,0.569,7.5,13.18,10.45,0.718,3.12,0.2013,0.0345,0.4138,0.1724,0,89.9,103.0,89.9,-13.0,6.86,0.0863,0.0,2.1,100.9,2.77,2.0,-0.77
00-0039342,Xavier Legette,WR,CAR,2025,15,11,0.0,0.07,4.27,0.143,0.1969,0.3523,0,,,,,,,,,,,1,0.0,0.0,-0.5305,0.0,0.0,64,35,0.5469,5.67,10.37,9.89,0.573,2.14,-0.0638,0.0469,0.2812,0.1094,0,89.3,108.0,89.3,-18.7,7.2,0.1142,0.0,0.8,107.2,3.75,3.0,-0.75
00-0039916,Ricky Pearsall,WR,SF,2025,9,7,0.0,0.22,5.89,0.1796,0.3179,0.4919,0,,,,,,,,,,,2,-1.0,0.0,-0.8361,0.0,0.0,53,36,0.6792,9.96,14.67,14.11,0.706,2.06,0.5039,0.0,0.5283,0.2075,0,88.6,95.0,88.6,-6.4,10.55,0.1306,0.0,1.4,93.6,2.09,0.0,-2.09
00-0039890,Adonai Mitchell,WR,IND,2025,16,12,0.0,0.06,4.62,0.1534,0.3029,0.4422,0,,,,,,,,,,,1,-4.0,0.0,-1.1126,0.0,0.0,74,33,0.4459,6.12,13.73,14.89,0.411,2.42,-0.2177,0.027,0.2027,0.1081,1,87.9,116.1,87.9,-28.2,7.26,0.1033,0.0,0.7,115.5,2.9,2.0,-0.9
00-0037837,Calvin Austin III,WR,PIT,2025,14,11,0.0,0.0,3.93,0.1309,0.2545,0.3746,0,,,,,,,,,,,0,,,,,,55,31,0.5636,6.76,12.0,11.0,0.615,4.13,-0.0753,0.0545,0.2727,0.1818,0,86.2,87.4,86.2,-1.2,6.25,0.0884,0.0,0.0,87.4,1.86,3.0,1.14
00-0035208,Olamide Zaccheaus,WR,CHI,2025,14,12,0.0,0.29,4.64,0.147,0.1154,0.3012,0,,,,,,,,,,,4,6.25,0.0,0.1585,0.25,0.25,65,39,0.6,4.82,8.03,7.11,0.677,3.54,-0.0584,0.0308,0.2308,0.0308,0,84.8,110.0,84.8,-25.2,7.85,0.1006,0.0,2.7,107.2,2.66,2.0,-0.66
00-0031408,Mike Evans,WR,TB,2025,8,4,0.0,0.0,7.75,0.2434,0.3479,0.6087,0,,,,,,,,,,,0,,,,,,62,30,0.4839,5.94,12.27,13.29,0.447,1.23,0.0849,0.0484,0.371,0.0968,0,84.8,117.6,84.8,-32.8,14.7,0.191,0.0,0.0,117.6,4.12,3.0,-1.12
00-0037801,KaVontae Turpin,WR,DAL,2025,15,11,0.0,1.13,2.53,0.0693,0.0759,0.1572,0,,,,,,,,,,,17,5.24,0.0,-0.1867,0.1765,0.0588,38,26,0.6842,10.42,15.23,8.92,1.168,8.23,0.44,0.0526,0.4211,0.2368,1,84.5,77.5,84.5,7.0,5.16,0.0589,0.0,11.6,65.9,1.92,2.0,0.08
00-0033921,Chris Godwin Jr.,WR,TB,2025,9,5,0.0,0.0,5.67,0.1791,0.1574,0.3788,0,,,,,,,,,,,0,,,,,,51,33,0.6471,7.06,10.91,7.08,0.997,6.24,0.2882,0.0392,0.4118,0.098,0,83.0,86.2,83.0,-3.2,9.58,0.1298,0.0,0.0,86.2,2.64,2.0,-0.64
00-0036309,Darnell Mooney,WR,ATL,2025,15,11,0.0,0.0,4.8,0.1622,0.2798,0.4391,0,,,,,,,,,,,0,,,,,,72,32,0.4444,6.15,13.84,14.15,0.435,2.28,0.0509,0.0139,0.3472,0.1667,0,82.3,126.1,82.3,-43.8,8.4,0.1229,0.0,0.0,126.1,3.09,1.0,-2.09
00-0032385,Sterling Shepard,WR,TB,2025,13,13,0.0,0.31,4.08,0.1268,0.1337,0.2837,0,,,,,,,,,,,4,4.75,0.0,0.0457,0.25,0.25,53,39,0.7358,7.0,9.51,8.55,0.819,3.82,-0.0533,0.0189,0.3396,0.1509,1,82.0,94.3,82.0,-12.3,7.26,0.0981,0.0,3.3,91.1,2.53,1.0,-1.53
00-0038104,Tyquan Thornton,WR,KC,2025,11,10,0.0,0.0,3.36,0.0985,0.2995,0.3574,0,,,,,,,,,,,0,,,,,,37,19,0.5135,11.84,23.05,26.89,0.44,3.11,0.7094,0.0811,0.4054,0.2973,0,80.8,76.4,80.8,4.4,6.95,0.0859,0.0,0.0,76.4,4.12,3.0,-1.12
00-0040669,Isaac TeSlaa,WR,DET,2025,14,10,0.0,0.0,1.93,0.0572,0.1196,0.1696,0,,,,,,,,,,,0,,,,,,27,16,0.5926,8.85,14.94,13.04,0.679,3.44,0.6604,0.2222,0.5185,0.2593,0,75.9,61.4,75.9,14.5,4.39,0.0551,0.0,0.0,61.4,4.6,6.0,1.4
00-0038393,Dontayvion Wicks,WR,GB,2025,13,10,0.0,0.08,3.54,0.1281,0.1688,0.3104,0,,,,,,,,,,,1,6.0,0.0,0.4941,0.0,0.0,46,30,0.6522,7.22,11.07,11.24,0.642,2.23,0.3078,0.0435,0.4565,0.1739,0,75.8,82.2,75.8,-6.4,6.32,0.0901,0.0,0.7,81.5,2.51,2.0,-0.51
00-0035500,Greg Dortch,WR,ARI,2025,12,12,0.0,0.58,2.75,0.0681,0.0116,0.1103,0,,,,,,,,,,,7,2.14,0.1429,-0.1984,0.1429,0.0,33,29,0.8788,6.24,7.1,1.76,3.552,6.69,0.1288,0.0909,0.303,0.1515,0,75.1,58.4,75.1,16.7,4.86,0.0583,0.0,7.4,51.0,1.62,4.0,2.38
00-0040134,Pat Bryant,WR,DEN,2025,12,10,0.0,0.0,4.08,0.1187,0.1755,0.301,0,,,,,,,,,,,0,,,,,,49,31,0.6327,7.71,12.19,8.37,0.922,4.74,0.2904,0.0204,0.449,0.1224,0,74.8,81.8,74.8,-7.0,6.81,0.0868,0.0,0.0,81.8,1.9,1.0,-0.9
00-0033857,JuJu Smith-Schuster,WR,KC,2025,16,12,0.0,0.0,2.81,0.0917,0.0635,0.182,0,,,,,,,,,,,0,,,,,,45,33,0.7333,7.67,10.45,5.42,1.414,5.79,0.0582,0.0222,0.4222,0.1556,0,73.5,74.2,73.5,-0.7,4.64,0.0624,0.0,0.0,74.2,2.29,1.0,-1.29
00-0037614,John Metchie III,WR,NYJ,2025,12,8,0.0,0.25,4.0,0.1431,0.1134,0.294,0,,,,,,,,,,,3,-1.67,0.0,-1.0105,0.0,0.0,48,33,0.6875,5.71,8.3,5.58,1.022,4.24,-0.0487,0.0417,0.3125,0.125,0,71.9,69.1,71.9,2.8,5.76,0.1011,0.0,2.1,67.0,1.02,2.0,0.98
00-0036415,Van Jefferson,WR,TEN,2025,14,11,0.0,0.0,3.71,0.1204,0.2,0.3206,0,,,,,,,,,,,0,,,,,,52,29,0.5577,6.73,12.07,11.98,0.562,2.86,0.1719,0.0192,0.3269,0.1154,0,70.0,80.8,70.0,-10.8,5.77,0.091,0.0,0.0,80.8,1.33,1.0,-0.33
00-0040667,Matthew Golden,WR,GB,2025,14,10,0.0,0.71,3.14,0.1239,0.1941,0.3217,0,,,,,,,,,,,10,4.9,0.0,0.168,0.3,0.0,44,29,0.6591,8.2,12.45,12.55,0.654,3.48,0.3818,0.0,0.3636,0.2045,0,70.0,78.7,70.0,-8.7,5.62,0.083,0.0,8.2,70.5,1.61,0.0,-1.61
00-0040727,Tre Harris,WR,LAC,2025,16,12,0.0,0.12,2.69,0.0908,0.0892,0.1987,0,,,,,,,,,,,2,5.0,0.0,-0.006,0.0,0.0,43,30,0.6977,7.53,10.8,9.26,0.814,4.63,0.3564,0.0233,0.4186,0.1395,0,69.4,69.5,69.4,-0.1,4.34,0.0589,0.0,1.7,67.8,1.4,1.0,-0.4
00-0040138,Jaylin Noel,WR,HOU,2025,14,12,0.0,0.43,2.5,0.0733,0.0683,0.1578,0,,,,,,,,,,,6,2.0,0.0,-0.5084,0.0,0.0,35,26,0.7429,8.34,11.23,9.34,0.893,3.81,0.405,0.0571,0.3714,0.1714,0,68.4,60.8,68.4,7.6,4.34,0.0576,0.0,4.9,55.9,1.8,2.0,0.2
00-0032211,Tyler Lockett,WR,LV,2025,17,13,0.0,0.0,3.24,0.1111,0.1329,0.2596,0,,,,,,,,,,,0,,,,,,55,32,0.5818,5.29,9.09,7.75,0.683,2.47,-0.1554,0.0182,0.2545,0.0727,0,67.1,79.0,67.1,-11.9,4.64,0.0785,0.0,0.0,79.0,1.13,1.0,-0.13
00-0030564,DeAndre Hopkins,WR,BAL,2025,17,13,0.0,0.0,2.29,0.0988,0.153,0.2553,0,,,,,,,,,,,0,,,,,,39,22,0.5641,8.46,15.0,13.15,0.643,2.95,0.2422,0.0513,0.3846,0.1795,0,67.0,67.5,67.0,-0.5,3.97,0.0623,0.0,0.0,67.5,2.28,2.0,-0.28
00-0032464,Kalif Raymond,WR,DET,2025,12,8,0.0,0.17,2.5,0.0749,0.0623,0.156,0,,,,,,,,,,,2,9.5,0.0,0.7776,0.5,0.5,30,24,0.8,9.63,12.04,5.63,1.71,6.54,0.5068,0.0333,0.4667,0.2,0,66.8,50.6,60.8,10.2,4.22,0.0515,0.0,1.4,49.2,0.57,1.0,0.43
00-0039424,Devaughn Vele,WR,NO,2025,9,8,0.0,0.0,4.33,0.1333,0.1796,0.3257,0,,,,,,,,,,,0,,,,,,39,25,0.641,7.51,11.72,11.08,0.678,1.36,0.4311,0.0513,0.4872,0.0769,0,66.3,66.9,66.3,-0.6,7.43,0.1028,0.0,0.0,66.9,2.13,2.0,-0.13
00-0040648,Tory Horton,WR,SEA,2025,7,7,0.0,0.0,3.14,0.1209,0.1919,0.3157,0,,,,,,,,,,,0,,,,,,22,13,0.5909,7.32,12.38,15.32,0.478,2.54,0.4657,0.2273,0.3182,0.1364,0,65.1,46.8,59.1,12.3,6.69,0.0962,0.0,0.0,46.8,2.84,5.0,2.16
00-0039451,Isaiah Williams,WR,NYJ,2025,9,5,0.11,0.33,4.0,0.1461,0.0825,0.2769,1,0.0,0.0,0.0,0.0,0.0,-0.8188,-61.947,0.0,0.0,0.0,3,11.33,0.0,0.5281,0.3333,0.3333,36,26,0.7222,5.36,7.42,3.39,1.582,4.58,0.0328,0.0,0.2778,0.0278,0,60.7,48.7,48.7,-0.0,5.41,0.0942,0.4,2.3,46.1,0.28,0.0,-0.28
00-0038979,Cedric Tillman,WR,CLE,2025,12,9,0.0,0.0,3.25,0.1051,0.1669,0.2744,0,,,,,,,,,,,0,,,,,,39,21,0.5385,6.92,12.86,11.87,0.583,2.95,0.1674,0.0513,0.3333,0.1795,0,60.0,62.7,60.0,-2.7,5.22,0.0817,0.0,0.0,62.7,1.65,2.0,0.35
00-0032775,Demarcus Robinson,WR,SF,2025,14,10,0.0,0.07,2.5,0.0758,0.1426,0.2135,0,,,,,,,,,,,1,6.0,0.0,0.3164,0.0,0.0,35,22,0.6286,7.89,12.55,13.49,0.585,1.64,0.2163,0.0286,0.4286,0.1714,0,58.2,67.8,58.2,-9.6,4.85,0.0625,0.0,0.8,67.1,2.32,1.0,-1.32
00-0034775,Christian Kirk,WR,HOU,2025,11,8,0.0,0.0,4.73,0.1458,0.1153,0.2994,0,,,,,,,,,,,0,,,,,,52,28,0.5385,4.6,8.54,7.02,0.655,4.11,-0.4071,0.0192,0.2308,0.0577,0,57.9,84.6,57.9,-26.7,7.69,0.1046,0.0,0.0,84.6,2.32,1.0,-1.32
00-0039337,Malik Nabers,WR,NYG,2025,4,4,0.0,0.0,8.75,0.2708,0.4386,0.7133,0,,,,,,,,,,,0,,,,,,35,18,0.5143,7.74,15.06,15.86,0.488,2.89,0.066,0.0571,0.3143,0.1714,0,57.1,63.7,57.1,-6.6,15.93,0.2073,0.0,0.0,63.7,2.47,2.0,-0.47
00-0036550,Rashod Bateman,WR,BAL,2025,13,11,0.0,0.0,2.92,0.1194,0.1746,0.3014,0,,,,,,,,,,,0,,,,,,38,19,0.5,5.89,11.79,12.32,0.479,2.05,-0.0441,0.0526,0.3158,0.1316,0,55.4,69.6,55.4,-14.2,5.36,0.0795,0.0,0.0,69.6,2.41,2.0,-0.41
00-0040782,Isaiah Bond,WR,CLE,2025,15,11,0.0,0.33,2.93,0.0927,0.2141,0.2889,0,,,,,,,,,,,5,5.8,0.0,0.1758,0.2,0.0,44,18,0.4091,7.68,18.78,17.07,0.45,4.39,-0.0183,0.0,0.25,0.2273,0,54.7,72.9,52.6,-20.3,4.86,0.075,0.0,3.0,69.8,2.41,0.0,-2.41
00-0033040,Tyreek Hill,WR,MIA,2025,4,4,0.0,0.0,7.25,0.2388,0.4707,0.6878,0,,,,,,,,,,,0,,,,,,29,21,0.7241,9.14,12.62,13.76,0.664,2.71,0.684,0.0345,0.5862,0.1724,0,53.5,48.4,53.5,5.1,12.09,0.1934,0.0,0.0,48.4,0.94,1.0,0.06
00-0036988,Josh Palmer,WR,BUF,2025,12,8,0.0,0.0,3.08,0.1024,0.1422,0.2531,0,,,,,,,,,,,0,,,,,,37,22,0.5946,8.19,13.77,11.46,0.715,2.45,0.1823,0.0,0.3784,0.1351,0,52.3,68.2,52.3,-15.9,5.68,0.0763,0.0,0.0,68.2,1.79,0.0,-1.79
00-0031236,Brandin Cooks,WR,NO,2025,13,10,0.0,0.0,2.77,0.0879,0.1883,0.2636,0,,,,,,,,,,,0,,,,,,36,24,0.6667,7.75,11.62,14.33,0.541,1.79,0.4454,0.0,0.3889,0.1111,0,51.9,56.3,51.9,-4.4,4.33,0.0637,0.0,0.0,56.3,0.99,0.0,-0.99
00-0033375,Tim Patrick,WR,JAX,2025,13,10,0.0,0.0,1.85,0.062,0.0687,0.1411,0,,,,,,,,,,,0,,,,,,24,15,0.625,7.79,12.47,10.75,0.725,3.6,0.2374,0.125,0.4167,0.2083,0,51.7,50.6,51.7,1.1,3.89,0.05,0.0,0.0,50.6,2.77,3.0,0.23
00-0039355,Luke McCaffrey,WR,WAS,2025,7,7,0.0,0.0,2.14,0.0871,0.1283,0.2205,0,,,,,,,,,,,0,,,,,,15,11,0.7333,13.53,18.45,14.53,0.931,6.27,0.6301,0.2,0.4,0.4,0,51.3,30.5,51.3,20.8,4.35,0.0658,0.0,0.0,30.5,1.09,3.0,1.91
00-0040164,Jaylin Lane,WR,WAS,2025,13,12,0.0,0.08,2.46,0.0953,0.134,0.2367,0,,,,,,,,,,,1,7.0,0.0,0.261,0.0,0.0,32,16,0.5,7.03,14.06,13.34,0.527,2.44,-0.1766,0.0,0.3125,0.1562,0,51.2,55.2,39.2,-16.0,4.24,0.0613,0.0,0.7,54.5,1.36,0.0,-1.36
00-0037741,Jahan Dotson,WR,PHI,2025,14,11,0.0,0.0,2.57,0.0893,0.1481,0.2375,0,,,,,,,,,,,0,,,,,,36,18,0.5,7.28,14.56,15.42,0.472,2.78,-0.4183,0.0278,0.2778,0.1667,0,50.2,60.8,50.2,-10.6,4.34,0.0626,0.0,0.0,60.8,1.6,1.0,-0.6
00-0036626,Dyami Brown,WR,JAX,2025,11,9,0.0,0.55,3.36,0.0986,0.174,0.2697,0,,,,,,,,,,,6,5.0,0.0,-0.1111,0.3333,0.0,37,20,0.5405,6.14,11.35,14.0,0.438,1.55,-0.0563,0.027,0.3514,0.1351,1,49.7,79.8,49.7,-30.1,7.26,0.0905,0.0,5.5,74.3,3.66,1.0,-2.66
00-0040131,Kyle Williams,WR,NE,2025,13,10,0.0,0.15,1.62,0.0543,0.1003,0.1516,0,,,,,,,,,,,2,1.5,0.0,-0.3122,0.0,0.0,21,10,0.4762,9.95,20.9,19.05,0.522,7.9,0.4685,0.1429,0.3333,0.1905,0,49.2,37.0,49.2,12.2,2.84,0.0375,0.0,1.6,35.4,0.82,3.0,2.18
00-0035359,David Sills,WR,ATL,2025,12,8,0.0,0.0,3.0,0.1013,0.1415,0.251,0,,,,,,,,,,,0,,,,,,36,18,0.5,5.31,10.61,11.22,0.473,3.11,-0.0494,0.0556,0.25,0.1111,0,49.1,61.6,49.1,-12.5,5.13,0.0739,0.0,0.0,61.6,1.68,2.0,0.32
00-0039146,Jayden Reed,WR,GB,2025,5,2,0.0,0.6,4.4,0.1706,0.1265,0.3444,0,,,,,,,,,,,3,9.33,0.0,0.4705,0.3333,0.3333,22,19,0.8636,9.41,10.89,8.14,1.156,4.47,0.525,0.0455,0.3636,0.2727,0,48.5,37.5,48.5,11.0,7.51,0.1155,0.0,2.4,35.2,0.77,1.0,0.23
00-0038359,Xavier Smith,WR,LA,2025,10,7,0.0,0.0,2.4,0.0733,0.1227,0.1958,0,,,,,,,,,,,0,,,,,,24,18,0.75,12.62,16.83,16.88,0.748,5.94,0.914,0.0,0.4583,0.25,0,48.3,43.9,48.3,4.4,4.39,0.0504,0.0,0.0,43.9,0.95,0.0,-0.95
00-0034837,Calvin Ridley,WR,TEN,2025,7,7,0.0,0.0,5.14,0.1682,0.2442,0.4232,0,,,,,,,,,,,0,,,,,,36,17,0.4722,8.42,17.82,12.58,0.669,4.94,0.3395,0.0,0.3611,0.2222,0,47.3,55.0,45.3,-9.7,7.85,0.1276,0.0,0.0,55.0,0.71,0.0,-0.71
00-0037666,Jalen Tolbert,WR,DAL,2025,11,9,0.0,0.0,3.09,0.0834,0.1298,0.216,0,,,,,,,,,,,0,,,,,,34,18,0.5294,5.97,11.28,12.0,0.498,2.56,0.1444,0.0294,0.3529,0.1176,0,46.3,63.6,46.3,-17.3,5.78,0.0683,0.0,0.0,63.6,2.38,1.0,-1.38
00-0038679,Tyrell Shavers,WR,BUF,2025,10,8,0.0,0.0,2.3,0.0851,0.1354,0.2224,0,,,,,,,,,,,0,,,,,,23,15,0.6522,10.65,16.33,12.96,0.822,4.27,0.5336,0.0435,0.4783,0.3478,0,45.5,38.9,45.5,6.6,3.89,0.0542,0.0,0.0,38.9,0.62,1.0,0.38
00-0040729,Jack Bech,WR,LV,2025,12,9,0.0,0.0,2.42,0.0931,0.1258,0.2277,0,,,,,,,,,,,0,,,,,,29,20,0.6897,7.72,11.2,8.28,0.933,3.4,-0.07,0.0,0.3793,0.2069,0,42.4,40.9,42.4,1.5,3.4,0.0626,0.0,0.0,40.9,0.39,0.0,-0.39
00-0030035,Adam Thielen,WR,MIN,2025,14,10,0.0,0.0,2.5,0.0768,0.0849,0.1747,0,,,,,,,,,,,0,,,,,,35,19,0.5429,5.31,9.79,8.74,0.608,2.32,0.148,0.0,0.2857,0.0857,0,39.6,55.9,39.6,-16.3,3.99,0.057,0.0,0.0,55.9,0.72,0.0,-0.72
00-0039739,Roman Wilson,WR,PIT,2025,9,9,0.0,0.0,2.33,0.0768,0.1548,0.2236,0,,,,,,,,,,,0,,,,,,21,12,0.5714,7.9,13.83,13.19,0.599,5.5,0.1938,0.0952,0.3333,0.1905,1,38.6,33.6,38.6,5.0,3.74,0.055,0.0,0.0,33.6,0.76,2.0,1.24
00-0032398,Chris Moore,WR,WAS,2025,8,7,0.0,0.12,2.88,0.113,0.1717,0.2896,0,,,,,,,,,,,1,9.0,0.0,0.7251,0.0,0.0,23,11,0.4783,9.0,18.82,14.43,0.623,4.82,0.534,0.0435,0.4348,0.1739,0,38.6,42.1,38.6,-3.5,5.26,0.0789,0.0,0.6,41.5,1.43,1.0,-0.43
00-0036427,Tyler Johnson,WR,NYJ,2025,9,7,0.0,0.0,2.0,0.0785,0.108,0.1933,0,,,,,,,,,,,0,,,,,,18,12,0.6667,10.94,16.42,11.67,0.938,5.33,0.5877,0.0556,0.4444,0.2778,0,37.7,27.4,37.7,10.3,3.05,0.0534,0.0,0.0,27.4,0.46,1.0,0.54
00-0039792,Devontez Walker,WR,BAL,2025,5,4,0.0,0.0,1.6,0.0683,0.1402,0.2006,0,,,,,,,,,,,0,,,,,,8,6,0.75,17.0,22.67,24.5,0.694,3.83,2.2422,0.375,0.625,0.5,0,37.6,18.3,37.6,19.3,3.65,0.0558,0.0,0.0,18.3,1.23,3.0,1.77
00-0039751,Jordan Whittington,WR,LA,2025,13,11,0.0,0.23,1.92,0.0585,0.0433,0.1181,0,,,,,,,,,,,3,4.0,0.0,0.0787,0.0,0.0,25,18,0.72,6.84,9.5,6.84,1.0,4.89,0.1025,0.0,0.28,0.12,0,36.3,41.6,36.3,-5.3,3.2,0.0392,0.0,3.2,38.4,0.64,0.0,-0.64
00-0034983,Hunter Renfrow,WR,CAR,2025,6,6,0.0,0.0,4.33,0.1303,0.1324,0.2882,0,,,,,,,,,,,0,,,,,,26,15,0.5769,3.42,5.93,7.46,0.459,1.6,-0.077,0.0769,0.3077,0.0,0,35.9,43.1,35.9,-7.2,7.18,0.0979,0.0,0.0,43.1,1.55,2.0,0.45
00-0035645,Gunner Olszewski,WR,NYG,2025,5,3,0.4,0.0,2.6,0.0819,0.1269,0.2117,2,0.5,16.5,0.5,0.0,0.0,1.214,-2.36,1.435,0.5,0.5,0,,,,,,13,10,0.7692,11.15,14.5,10.0,1.115,7.4,0.8161,0.0769,0.5385,0.3077,0,35.8,23.8,35.8,12.0,4.76,0.0585,1.4,0.0,22.4,1.09,2.0,0.91
00-0035406,Lil'Jordan Humphrey,WR,DEN,2025,7,4,0.0,0.0,3.57,0.1112,0.1501,0.2719,0,,,,,,,,,,,0,,,,,,25,13,0.52,6.24,12.0,11.08,0.563,2.23,0.3174,0.04,0.36,0.12,0,34.6,42.7,34.6,-8.1,6.1,0.0772,0.0,0.0,42.7,1.73,1.0,-0.73
00-0037231,Kevin Austin Jr.,WR,NO,2025,5,1,0.0,0.0,4.6,0.1399,0.1303,0.301,0,,,,,,,,,,,0,,,,,,23,13,0.5652,6.09,10.77,8.3,0.733,4.31,0.0148,0.0435,0.3043,0.087,0,33.0,36.1,33.0,-3.1,7.23,0.0986,0.0,0.0,36.1,0.66,1.0,0.34
00-0034272,Marquez Valdes-Scantling,WR,PIT,2025,9,5,0.0,0.0,3.22,0.0828,0.1508,0.2297,0,,,,,,,,,,,0,,,,,,29,14,0.4828,4.14,8.57,12.21,0.339,2.0,-0.105,0.0345,0.2069,0.069,0,32.0,49.7,32.0,-17.7,5.52,0.0672,0.0,0.0,49.7,1.76,1.0,-0.76
00-0039920,Malachi Corley,WR,CLE,2025,12,8,0.0,1.08,1.17,0.0498,-0.0066,0.07,0,,,,,,,,,,,13,9.77,0.0,0.5628,0.4615,0.4615,14,11,0.7857,5.64,7.18,-0.5,-11.286,6.18,-0.2303,0.0,0.3571,0.1429,0,31.6,30.2,31.6,1.4,2.52,0.0441,0.0,11.7,18.5,0.86,0.0,-0.86
00-0038839,Mitchell Tinsley,WR,CIN,2025,8,6,0.0,0.0,3.0,0.0832,0.1377,0.2212,0,,,,,,,,,,,0,,,,,,24,8,0.3333,4.83,14.5,14.75,0.328,2.0,0.1095,0.0833,0.25,0.125,0,31.6,44.4,31.6,-12.8,5.56,0.0734,0.0,0.0,44.4,2.11,2.0,-0.11
00-0036849,Tutu Atwell,WR,LA,2025,8,5,0.0,0.0,1.88,0.0495,0.0885,0.1362,0,,,,,,,,,,,0,,,,,,15,6,0.4,12.8,32.0,20.13,0.636,11.17,0.185,0.0667,0.2667,0.2667,0,31.2,28.0,31.2,3.2,3.5,0.0421,0.0,0.0,28.0,0.53,1.0,0.47
00-0036196,Gabe Davis,WR,BUF,2025,6,4,0.0,0.0,3.0,0.1062,0.1736,0.2808,0,,,,,,,,,,,0,,,,,,18,12,0.6667,7.17,10.75,8.83,0.811,2.5,0.574,0.0556,0.4444,0.2222,0,30.9,35.9,30.9,-5.0,5.98,0.0761,0.0,0.0,35.9,2.1,1.0,-1.1
00-0033891,Zay Jones,WR,ARI,2025,6,6,0.0,0.0,3.0,0.0849,0.1422,0.2269,0,,,,,,,,,,,0,,,,,,18,12,0.6667,10.17,15.25,13.39,0.759,3.0,0.3113,0.0,0.3889,0.3333,0,30.3,31.9,30.3,-1.6,5.33,0.0638,0.0,0.0,31.9,0.76,0.0,-0.76
00-0038840,Brycen Tremayne,WR,CAR,2025,8,6,0.0,0.0,2.25,0.069,0.1115,0.1815,0,,,,,,,,,,,0,,,,,,18,14,0.7778,8.89,11.43,8.72,1.019,4.14,0.3955,0.0,0.3889,0.1667,0,30.0,25.8,30.0,4.2,3.22,0.0464,0.0,0.0,25.8,0.13,0.0,-0.13
00-0039855,Jalen McMillan,WR,TB,2025,4,0,0.0,0.25,3.75,0.1081,0.1424,0.2619,0,,,,,,,,,,,1,1.0,0.0,-0.4623,0.0,0.0,15,12,0.8,11.87,14.83,11.93,0.994,4.92,0.8327,0.0,0.5333,0.3333,0,29.9,26.4,29.9,3.5,6.59,0.0867,0.0,1.0,25.4,0.61,0.0,-0.61
00-0037742,Treylon Burks,WR,WAS,2025,8,4,0.0,0.0,2.75,0.1255,0.1736,0.3097,0,,,,,1.0,-0.4984,,,,,0,,,,,,22,10,0.4545,5.91,13.0,13.45,0.439,3.4,-0.4006,0.0455,0.3182,0.0909,0,29.0,41.0,29.0,-12.0,5.13,0.0785,0.0,0.0,41.0,2.06,1.0,-1.06
00-0040218,Jimmy Horn Jr.,WR,CAR,2025,10,6,0.0,0.8,1.5,0.0635,0.0269,0.1141,0,,,,,,,,,,,8,8.62,0.0,0.5431,0.375,0.25,15,11,0.7333,7.2,9.82,6.0,1.2,6.45,0.2306,0.0,0.2667,0.1333,0,28.7,26.6,28.7,2.1,2.66,0.0454,0.0,5.6,20.9,0.3,0.0,-0.3
00-0036980,Elijah Moore,WR,BUF,2025,9,9,0.0,0.67,1.89,0.0677,0.0965,0.1691,0,,,,,,,,,,,6,4.0,0.1667,-0.0025,0.5,0.1667,17,9,0.5294,6.59,12.44,8.35,0.789,6.44,-0.2288,0.0,0.2353,0.1765,0,28.6,35.1,28.6,-6.5,3.9,0.0531,0.0,6.3,28.7,0.63,1.0,0.37
00-0036165,Isaiah Hodgins,WR,NYG,2025,6,3,0.0,0.0,3.17,0.102,0.1304,0.2443,0,,,,,,,,,,,0,,,,,,19,10,0.5263,6.05,11.5,10.89,0.556,1.7,0.2902,0.0526,0.3158,0.1053,0,27.5,34.1,27.5,-6.6,5.69,0.0754,0.0,0.0,34.1,1.82,1.0,-0.82
00-0040277,Jahdae Walker,WR,CHI,2025,3,0,0.0,0.0,3.33,0.1032,0.1475,0.258,0,,,,,,,,,,,0,,,,,,10,6,0.6,8.7,14.5,13.0,0.669,1.33,0.6854,0.2,0.4,0.2,0,26.7,20.9,26.7,5.8,6.96,0.0895,0.0,0.0,20.9,1.23,2.0,0.77
00-0040311,Theo Wease Jr.,WR,MIA,2025,3,0,0.0,0.0,3.33,0.1306,0.2314,0.3579,0,,,,,,,,,,,0,,,,,,10,6,0.6,13.9,23.17,13.7,1.015,10.5,0.2137,0.1,0.6,0.4,0,25.9,17.2,25.9,8.7,5.75,0.0969,0.0,0.0,17.2,0.4,1.0,0.6
00-0040009,Savion Williams,WR,GB,2025,11,10,0.0,1.0,0.91,0.0286,0.004,0.0458,0,,,,,,,,,,,11,3.36,0.0,-0.6357,0.0909,0.0909,10,10,1.0,7.8,7.8,1.7,4.588,6.1,0.4625,0.1,0.3,0.2,1,25.5,23.1,25.5,2.4,2.1,0.0292,0.0,8.4,14.7,0.57,1.0,0.43
00-0040590,Konata Mumpfield,WR,LA,2025,9,5,0.0,0.0,2.56,0.0684,0.0805,0.159,0,,,,,,,,,,,0,,,,,,23,10,0.4348,4.0,9.2,12.87,0.311,2.5,-0.381,0.0435,0.3043,0.0435,0,25.2,40.5,25.2,-15.3,4.5,0.051,0.0,0.0,40.5,1.03,1.0,-0.03
00-0037091,Bo Melton,WR,GB,2025,8,5,0.0,0.62,1.62,0.0651,0.0803,0.1539,0,,,,,,,,,,,5,7.0,0.0,0.1695,0.4,0.4,13,4,0.3077,8.23,26.75,17.08,0.482,1.75,-0.1983,0.0769,0.3077,0.2308,0,24.2,23.7,24.2,0.5,2.96,0.0478,0.0,3.5,20.2,0.32,1.0,0.68
00-0040581,Dont'e Thornton Jr.,WR,LV,2025,11,9,0.0,0.0,2.73,0.0995,0.2487,0.3233,0,,,,,,,,,,,0,,,,,,30,10,0.3333,4.5,13.5,16.57,0.272,3.8,-0.4013,0.0,0.2333,0.1,0,23.5,51.5,23.5,-28.0,4.68,0.0793,0.0,0.0,51.5,1.04,0.0,-1.04
00-0033943,Josh Reynolds,WR,NYJ,2025,5,5,0.0,0.0,4.2,0.1571,0.2151,0.3863,0,,,,,,,,,,,0,,,,,,21,11,0.5238,4.81,9.18,13.14,0.366,1.27,-0.1153,0.0,0.1905,0.0,0,23.1,33.5,23.1,-10.4,6.69,0.1087,0.0,0.0,33.5,0.58,0.0,-0.58
00-0034521,Allen Lazard,WR,NYJ,2025,9,8,0.0,0.0,2.0,0.0632,0.0573,0.1349,0,,,,,,,,,,,0,,,,,,18,10,0.5556,3.89,7.0,7.89,0.493,3.3,-0.5365,0.0556,0.2222,0.0,0,23.0,30.2,23.0,-7.2,3.35,0.0507,0.0,0.0,30.2,1.95,1.0,-0.95
00-0033282,Curtis Samuel,WR,BUF,2025,5,5,0.0,0.0,1.8,0.0646,0.1036,0.1695,0,,,,,,,,,,,0,,,,,,9,7,0.7778,9.0,11.57,16.11,0.559,3.86,0.9784,0.1111,0.5556,0.2222,0,21.1,16.3,21.1,4.8,3.26,0.0449,0.0,0.0,16.3,0.48,1.0,0.52
00-0039379,Jamari Thrash,WR,CLE,2025,8,8,0.0,0.0,1.88,0.0578,0.0766,0.1403,0,,,,,,,,,,,0,,,,,,15,10,0.6667,7.13,10.7,6.8,1.049,3.9,0.1567,0.0,0.3333,0.2,0,20.7,19.6,20.7,1.1,2.45,0.0348,0.0,0.0,19.6,0.07,0.0,-0.07
00-0039623,Mason Tipton,WR,NO,2025,6,4,0.0,0.67,2.83,0.0723,0.0756,0.1613,0,,,,,,,,,,,4,4.5,0.0,-0.3448,0.5,0.5,17,11,0.6471,4.47,6.91,8.76,0.51,3.36,-0.4389,0.0,0.2353,0.0,0,20.4,28.7,20.4,-8.3,4.78,0.061,0.0,2.8,25.9,0.43,0.0,-0.43
00-0035021,Ashton Dulin,WR,IND,2025,7,6,0.0,0.43,1.43,0.0459,0.0826,0.1266,0,,,,,,,,,,,3,14.67,0.0,1.3035,0.6667,0.6667,10,5,0.5,10.6,21.2,15.8,0.671,10.6,0.5759,0.0,0.4,0.3,0,20.0,23.8,20.0,-3.8,3.4,0.0438,0.0,4.4,19.4,0.77,0.0,-0.77
00-0036182,Nick Westbrook-Ikhine,WR,MIA,2025,9,8,0.0,0.0,2.22,0.0745,0.0657,0.1577,0,,,,,,,,,,,0,,,,,,20,11,0.55,4.45,8.09,5.5,0.809,2.55,0.0581,0.0,0.4,0.1,0,19.9,29.9,19.9,-10.0,3.32,0.0551,0.0,0.0,29.9,0.31,0.0,-0.31
00-0034860,Dante Pettis,WR,NO,2025,4,1,0.0,0.0,2.75,0.0849,0.085,0.1869,0,,,,,,,,,,,0,,,,,,11,9,0.8182,11.55,14.11,9.55,1.21,9.56,-0.3666,0.0,0.3636,0.3636,1,19.7,16.5,19.7,3.2,4.13,0.051,0.0,0.0,16.5,0.19,0.0,-0.19
00-0040024,Darius Cooper,WR,PHI,2025,5,2,0.0,0.0,2.2,0.0771,0.0813,0.1725,0,,,,,,,,,,,0,,,,,,11,9,0.8182,8.36,10.22,9.91,0.844,2.44,0.3534,0.0,0.5455,0.2727,0,18.2,17.7,18.2,0.5,3.55,0.0453,0.0,0.0,17.7,0.3,0.0,-0.3
00-0035891,Cody White,WR,SEA,2025,3,3,0.0,0.0,1.33,0.0534,0.0768,0.1338,0,,,,,,,,,,,0,,,,,,4,3,0.75,22.5,30.0,9.75,2.308,19.33,1.2106,0.25,0.5,0.5,0,18.0,7.1,18.0,10.9,2.37,0.0347,0.0,0.0,7.1,0.03,1.0,0.97
00-0039589,Kameron Johnson,WR,TB,2025,5,5,0.0,0.4,1.4,0.0506,0.0654,0.1216,0,,,,,,,,,,,2,6.5,0.0,0.03,0.5,0.5,7,4,0.5714,9.14,16.0,12.57,0.727,5.0,0.0745,0.1429,0.4286,0.2857,0,17.7,13.8,17.7,3.9,2.76,0.0367,0.0,1.6,12.2,0.2,1.0,0.8
00-0036862,Ben Skowronek,WR,PIT,2025,6,6,0.0,0.0,1.0,0.0365,0.0711,0.1046,0,,,,,,,,,,,0,,,,,,6,4,0.6667,11.5,17.25,10.17,1.131,5.75,0.9015,0.1667,0.6667,0.3333,0,16.9,10.4,16.9,6.5,1.74,0.027,0.0,0.0,10.4,0.42,1.0,0.58
00-0040563,Efton Chism III,WR,NE,2025,2,0,0.0,0.0,1.5,0.065,0.0733,0.1488,0,,,,,,,,,,,0,,,,,,3,3,1.0,25.0,25.0,11.67,2.143,13.33,2.26,0.3333,1.0,0.6667,0,16.5,6.2,16.5,10.3,3.1,0.0437,0.0,0.0,6.2,0.39,1.0,0.61
00-0040184,KeAndre Lambert-Smith,WR,LAC,2025,7,3,0.0,0.0,1.71,0.0508,0.0958,0.1433,0,,,,,,,,,,,0,,,,,,12,5,0.4167,4.25,10.2,17.58,0.242,4.2,-0.4097,0.0833,0.25,0.1667,0,16.1,20.2,16.1,-4.1,2.89,0.0405,0.0,0.0,20.2,0.71,1.0,0.29
00-0038891,Shedrick Jackson,WR,LV,2025,3,1,0.0,0.33,1.67,0.0604,0.1402,0.1888,0,,,,,,,,,,,1,3.0,0.0,-0.3548,0.0,0.0,5,4,0.8,11.2,14.0,16.2,0.691,1.0,0.9006,0.2,0.4,0.2,0,15.9,8.6,15.9,7.3,2.85,0.0506,0.0,0.7,7.9,0.3,1.0,0.7
00-0039394,Casey Washington,WR,ATL,2025,5,5,0.0,0.0,2.8,0.0823,0.1861,0.2537,0,,,,,,,,,,,0,,,,,,14,6,0.4286,6.71,15.67,18.71,0.359,2.0,0.2663,0.0,0.4286,0.2857,0,15.4,25.2,15.4,-9.8,5.03,0.0706,0.0,0.0,25.2,0.29,0.0,-0.29
00-0035298,Scott Miller,WR,PIT,2025,5,2,0.0,0.0,2.8,0.0779,0.0756,0.1697,0,,,,,,,,,,,0,,,,,,14,9,0.6429,4.43,6.89,5.29,0.838,3.44,-0.0791,0.0,0.2857,0.0,0,15.2,22.1,15.2,-6.9,4.42,0.0574,0.0,0.0,22.1,0.57,0.0,-0.57
00-0036959,Michael Bandy,WR,DEN,2025,3,1,0.0,0.0,1.33,0.0382,0.0298,0.0782,0,,,,,,,,,,,0,,,,,,4,4,1.0,12.5,12.5,6.0,2.083,6.5,1.815,0.25,0.75,0.5,0,15.0,5.6,15.0,9.4,1.86,0.0247,0.0,0.0,5.6,0.04,1.0,0.96
00-0038090,Skyy Moore,WR,SF,2025,9,7,0.0,0.22,0.78,0.0252,0.0419,0.0671,0,,,,,,,,,,,2,5.5,0.0,0.2655,0.5,0.5,7,5,0.7143,12.43,17.4,15.71,0.791,5.8,0.6739,0.0,0.7143,0.4286,0,14.8,13.7,14.8,1.1,1.52,0.0189,0.0,1.4,12.3,0.11,0.0,-0.11
00-0038465,Malik Heath,WR,GB,2025,5,5,0.0,0.0,1.4,0.0427,0.0394,0.0916,0,,,,,,,,,,,0,,,,,,7,6,0.8571,12.29,14.33,9.29,1.323,4.83,0.9928,0.0,0.5714,0.1429,0,14.6,9.8,14.6,4.8,1.96,0.023,0.0,0.0,9.8,0.05,0.0,-0.05
00-0036630,Tylan Wallace,WR,BAL,2025,6,6,0.0,0.0,1.33,0.0515,0.0845,0.1365,0,,,,,,,,,,,0,,,,,,8,4,0.5,5.62,11.25,13.38,0.421,4.25,0.1889,0.125,0.375,0.0,0,14.5,16.6,14.5,-2.1,2.77,0.0404,0.0,0.0,16.6,1.07,1.0,-0.07
00-0040259,Gage Larvadain,WR,CLE,2025,7,6,0.0,0.14,2.0,0.064,0.0805,0.1523,0,,,,,,,,,,,1,3.0,0.0,-0.8114,0.0,0.0,14,7,0.5,5.07,10.14,8.93,0.568,4.0,-0.3415,0.0,0.2143,0.0,0,14.4,19.3,14.4,-4.9,2.76,0.0462,0.0,0.8,18.5,0.24,0.0,-0.24
00-0034407,Ray-Ray McCloud,WR,ATL,2025,5,5,0.0,0.0,3.0,0.0889,0.0742,0.1852,0,,,,,,,,,,,0,,,,,,15,7,0.4667,4.6,9.86,5.6,0.821,6.57,-0.6301,0.0,0.2667,0.0667,0,13.9,23.3,13.9,-9.4,4.66,0.0641,0.0,0.0,23.3,0.35,0.0,-0.35
00-0039521,Xavier Weaver,WR,ARI,2025,6,4,0.0,0.0,2.17,0.0542,0.1024,0.1531,0,,,,,,,,,,,0,,,,,,13,7,0.5385,5.15,9.57,14.77,0.349,2.86,0.0883,0.0,0.1538,0.0769,0,13.7,24.1,13.7,-10.4,4.02,0.05,0.0,0.0,24.1,0.95,0.0,-0.95
00-0040582,Arian Smith,WR,NYJ,2025,12,8,0.0,0.33,1.33,0.0485,0.0985,0.1416,0,,,,,,,,,,,4,3.25,0.0,0.0247,0.25,0.25,16,7,0.4375,3.25,7.43,13.5,0.241,4.71,-0.3956,0.0,0.25,0.0625,0,13.5,25.3,13.5,-11.8,2.11,0.0364,0.0,2.7,22.6,0.48,0.0,-0.48
00-0033591,Noah Brown,WR,WAS,2025,4,3,0.0,0.0,2.5,0.0915,0.1611,0.25,0,,,,,,,,,,,0,,,,,,10,5,0.5,8.3,16.6,14.5,0.572,2.2,0.2284,0.0,0.3,0.3,0,13.3,18.0,13.3,-4.7,4.5,0.0713,0.0,0.0,18.0,0.56,0.0,-0.56
00-0036133,James Proche,WR,TEN,2025,6,3,0.0,0.0,2.0,0.0596,0.1074,0.1646,0,,,,,,,,,,,0,,,,,,12,6,0.5,5.42,10.83,14.58,0.371,0.33,0.1397,0.0,0.1667,0.0833,0,12.5,16.5,12.5,-4.0,2.76,0.043,0.0,0.0,16.5,0.14,0.0,-0.14
00-0038824,Ryan Miller,WR,TB,2025,4,4,0.0,0.0,1.0,0.0289,0.0576,0.0837,0,,,,,,,,,,,0,,,,,,4,2,0.5,8.5,17.0,17.5,0.486,0.0,-0.1762,0.25,0.25,0.25,0,11.4,8.1,11.4,3.3,2.03,0.0261,0.0,0.0,8.1,0.4,1.0,0.6
00-0038953,Dylan Drummond,WR,ATL,2025,3,3,0.0,0.0,3.67,0.1418,0.1675,0.3299,0,,,,,,,,,,,0,,,,,,11,7,0.6364,3.82,6.0,7.73,0.494,2.0,-0.6421,0.0,0.1818,0.0,0,11.2,19.0,11.2,-7.8,6.34,0.0689,0.0,0.0,19.0,0.74,0.0,-0.74
00-0038647,Ronnie Bell,WR,NO,2025,1,0,0.0,0.0,4.0,0.1176,0.2776,0.3708,0,,,,,,,,,,,0,,,,,,4,2,0.5,5.75,11.5,19.5,0.295,0.5,0.297,0.25,0.25,0.25,0,10.3,8.1,10.3,2.2,8.06,0.1009,0.0,0.0,8.1,0.58,1.0,0.42
00-0032688,Robbie Chosen,WR,WAS,2025,3,3,0.0,0.0,3.0,0.1151,0.152,0.279,0,,,,,,,,,,,0,,,,,,9,5,0.5556,5.89,10.6,14.56,0.405,1.0,-0.0301,0.0,0.2222,0.1111,0,10.3,15.5,10.3,-5.2,5.18,0.0707,0.0,0.0,15.5,0.39,0.0,-0.39
00-0036620,Dee Eskridge,WR,MIA,2025,5,5,0.0,0.0,1.4,0.0446,0.085,0.1263,0,,,,,,,,,,,0,,,,,,7,4,0.5714,8.86,15.5,14.0,0.633,2.25,0.4351,0.0,0.4286,0.1429,0,10.2,9.1,10.2,1.1,1.82,0.0296,0.0,0.0,9.1,0.03,0.0,-0.03
00-0034419,Braxton Berrios,WR,HOU,2025,2,2,0.0,0.0,4.0,0.0984,0.0361,0.1729,0,,,,,,,,,,,0,,,,,,8,6,0.75,4.62,6.17,3.0,1.542,3.0,0.295,0.0,0.375,0.0,0,9.7,11.6,9.7,-1.9,5.8,0.0653,0.0,0.0,11.6,0.07,0.0,-0.07
00-0034418,Cedrick Wilson Jr.,WR,MIA,2025,6,3,0.0,0.0,1.5,0.0621,0.0626,0.1371,0,,,,,,,,,,,0,,,,,,9,5,0.5556,4.89,8.8,8.78,0.557,5.0,-0.246,0.0,0.3333,0.1111,0,9.4,15.9,9.4,-6.5,2.65,0.0423,0.0,0.0,15.9,0.72,0.0,-0.72
00-0038938,Jalin Hyatt,WR,NYG,2025,5,4,0.0,0.0,2.8,0.093,0.1965,0.2771,0,,,,,,,,,,,0,,,,,,14,5,0.3571,2.5,7.0,20.0,0.125,0.4,-0.6489,0.0,0.1429,0.0,0,8.5,23.1,8.5,-14.6,4.62,0.0622,0.0,0.0,23.1,0.63,0.0,-0.63
00-0038640,Jalen Brooks,WR,ARI,2025,2,1,0.0,0.0,3.0,0.0736,0.1115,0.1884,0,,,,,,,,,,,0,,,,,,6,3,0.5,8.5,17.0,11.33,0.75,6.33,0.3064,0.0,0.5,0.3333,0,8.1,8.9,8.1,-0.8,4.44,0.0557,0.0,0.0,8.9,0.04,0.0,-0.04
00-0036841,Austin Trammell,WR,JAX,2025,5,5,0.0,0.0,2.0,0.0799,0.1206,0.2043,0,,,,,,,,,,,0,,,,,,10,3,0.3,4.6,15.33,13.0,0.354,0.67,-0.4971,0.0,0.2,0.1,0,7.6,19.2,7.6,-11.6,3.84,0.0494,0.0,0.0,19.2,0.78,0.0,-0.78
00-0035544,Tom Kennedy,WR,DET,2025,1,1,0.0,0.0,4.0,0.1481,0.1882,0.354,0,,,,,,,,,,,0,,,,,,4,4,1.0,9.0,9.0,8.0,1.125,1.0,1.1257,0.0,0.5,0.25,0,7.6,6.0,7.6,1.5,6.05,0.0926,0.0,0.0,6.0,0.06,0.0,-0.06
00-0040522,Xavier Restrepo,WR,TEN,2025,2,2,0.0,0.0,3.5,0.0932,0.1925,0.2746,0,,,,,,,,,,,0,,,,,,7,3,0.4286,5.86,13.67,11.0,0.532,3.0,0.435,0.0,0.4286,0.0,0,7.1,11.6,7.1,-4.5,5.81,0.0825,0.0,0.0,11.6,0.48,0.0,-0.48
00-0036176,Mason Kinsey,WR,TEN,2025,2,1,0.0,0.0,2.0,0.056,0.1543,0.1919,0,,,,,,,,,,,0,,,,,,4,2,0.5,12.0,24.0,23.0,0.522,1.5,0.8496,0.0,0.5,0.25,0,6.8,7.4,6.8,-0.5,3.68,0.054,0.0,0.0,7.4,0.23,0.0,-0.23
00-0037093,Dareke Young,WR,SEA,2025,3,2,0.0,0.0,1.0,0.0393,0.0884,0.1208,0,,,,,,,,,,,0,,,,,,3,2,0.6667,16.0,24.0,19.0,0.842,0.0,0.6567,0.0,0.6667,0.3333,0,6.8,4.8,6.8,2.0,1.59,0.0227,0.0,0.0,4.8,0.06,0.0,-0.06
00-0037487,Deven Thompkins,WR,ATL,2025,2,2,0.0,0.5,1.5,0.0501,0.0259,0.0933,0,,,,,,,,,,,1,5.0,0.0,0.347,0.0,0.0,3,3,1.0,9.0,9.0,2.33,3.857,6.67,0.3112,0.0,0.3333,0.3333,0,6.2,5.2,6.2,1.0,2.58,0.0371,0.0,0.8,4.4,0.01,0.0,-0.01
00-0034854,KhaDarel Hodge,WR,ATL,2025,3,3,0.0,0.0,3.33,0.1083,0.1777,0.2869,0,,,,,,,,,,,0,,,,,,10,3,0.3,3.1,10.33,15.0,0.207,3.0,-0.2792,0.0,0.2,0.1,0,6.1,16.8,6.1,-10.7,5.61,0.0751,0.0,0.0,16.8,0.27,0.0,-0.27
00-0038576,Charlie Jones,WR,CIN,2025,1,1,0.0,0.0,1.0,0.0294,0.125,0.1316,0,,,,,,,,,,,0,,,,,,1,0,0.0,0.0,,42.0,0.0,,-0.5337,0.0,0.0,0.0,0,6.0,2.7,0.0,-2.7,2.66,0.0392,0.0,0.0,2.7,0.24,0.0,-0.24
00-0034386,Justin Watson,WR,HOU,2025,2,2,0.0,0.0,2.0,0.0805,0.0894,0.1834,0,,,,,,,,,,,0,,,,,,4,3,0.75,7.5,10.0,8.25,0.909,4.67,0.3379,0.0,0.25,0.0,0,6.0,7.1,6.0,-1.1,3.54,0.0629,0.0,0.0,7.1,0.33,0.0,-0.33
00-0040154,Tai Felton,WR,MIN,2025,3,2,0.0,0.0,1.0,0.0429,0.0241,0.0811,0,,,,,,,,,,,0,,,,,,3,3,1.0,8.33,8.33,3.67,2.273,4.67,0.4607,0.0,0.6667,0.0,0,5.5,4.8,5.5,0.7,1.59,0.0262,0.0,0.0,4.8,0.01,0.0,-0.01
00-0034487,Trent Sherfield,WR,DEN,2025,4,4,0.0,0.0,1.25,0.0347,0.0369,0.0778,0,,,,,,,,,,,0,,,,,,5,3,0.6,4.2,7.0,9.0,0.467,4.67,-0.1709,0.0,0.2,0.0,0,5.1,8.8,5.1,-3.7,2.19,0.0289,0.0,0.0,8.8,0.32,0.0,-0.32
00-0039884,Tahj Washington,WR,MIA,2025,2,1,0.0,0.0,2.5,0.0895,0.3158,0.3554,0,,,,,,,,,,,0,,,,,,5,3,0.6,7.4,12.33,24.8,0.298,2.67,-1.0653,0.0,0.2,0.2,1,4.7,8.5,4.7,-3.8,4.26,0.064,0.0,0.0,8.5,0.14,0.0,-0.14
00-0040172,Jordan Watkins,WR,SF,2025,2,2,0.0,0.0,1.5,0.054,0.097,0.1489,0,,,,,,,,,,,0,,,,,,3,2,0.6667,8.67,13.0,14.33,0.605,0.5,0.3307,0.0,0.3333,0.3333,0,4.6,5.3,4.6,-0.7,2.67,0.042,0.0,0.0,5.3,0.03,0.0,-0.03
00-0036331,Devin Duvernay,WR,CHI,2025,3,2,0.0,0.0,1.67,0.049,0.0818,0.1308,0,,,,,,,,,,,0,,,,,,5,2,0.4,5.2,13.0,15.0,0.347,0.0,-0.0618,0.0,0.2,0.2,0,4.6,9.7,4.6,-5.1,3.22,0.0373,0.0,0.0,9.7,0.63,0.0,-0.63
00-0040432,Beaux Collins,WR,NYG,2025,3,3,0.0,0.0,2.0,0.066,0.0815,0.1561,0,,,,,,,,,,,0,,,,,,6,2,0.3333,4.17,12.5,12.17,0.342,3.0,-0.9574,0.0,0.1667,0.1667,0,4.5,10.5,4.5,-6.0,3.49,0.051,0.0,0.0,10.5,0.54,0.0,-0.54
00-0037524,Tay Martin,WR,WAS,2025,2,2,0.0,0.0,1.0,0.0426,0.0328,0.0868,0,,,,,,,,,,,0,,,,,,2,2,1.0,11.5,11.5,9.0,1.278,2.5,1.2662,0.0,0.5,0.0,0,4.3,3.2,4.3,1.1,1.58,0.0252,0.0,0.0,3.2,0.01,0.0,-0.01
00-0038519,Nikko Remigio,WR,KC,2025,2,2,0.0,0.5,0.5,0.0172,0.0291,0.0463,0,,,,,,,,,,,1,11.0,0.0,0.6427,1.0,1.0,1,1,1.0,21.0,21.0,18.0,1.167,3.0,2.1767,0.0,1.0,1.0,0,4.2,2.4,4.2,1.8,1.18,0.0171,0.0,0.8,1.6,0.02,0.0,-0.02
00-0038728,Jared Wayne,WR,HOU,2025,1,1,0.0,0.0,2.0,0.0526,0.0503,0.1142,0,,,,,,,,,,,0,,,,,,2,2,1.0,10.0,10.0,8.5,1.176,1.5,0.2973,0.0,0.5,0.5,0,4.0,3.5,4.0,0.5,3.52,0.0408,0.0,0.0,3.5,0.02,0.0,-0.02
00-0038752,Jake Bobo,WR,SEA,2025,2,2,0.0,0.0,1.0,0.0381,0.0292,0.0776,0,,,,,,,,,,,0,,,,,,2,2,1.0,10.0,10.0,7.0,1.429,3.0,0.5676,0.0,0.5,0.5,0,4.0,3.2,4.0,0.8,1.61,0.0207,0.0,0.0,3.2,0.02,0.0,-0.02
00-0040406,Quentin Skinner,WR,NYJ,2025,1,0,0.0,0.0,1.0,0.0455,0.0548,0.1065,0,,,,,,,,,,,0,,,,,,1,1,1.0,10.0,10.0,4.0,2.5,6.0,2.3123,0.0,1.0,0.0,0,4.0,1.8,4.0,2.2,1.84,0.0466,0.0,0.0,1.8,0.01,0.0,-0.01
00-0037132,Britain Covey,WR,PHI,2025,1,0,0.0,0.0,4.0,0.1176,0.0209,0.1911,0,,,,,,,,,,,0,,,,,,4,2,0.5,5.0,10.0,2.0,2.5,10.0,0.1491,0.0,0.5,0.0,0,4.0,5.1,4.0,-1.1,5.14,0.061,0.0,0.0,5.1,0.03,0.0,-0.03
00-0039062,Jonathan Mingo,WR,DAL,2025,5,1,0.0,0.0,1.0,0.0305,0.0629,0.0898,0,,,,,,,,,,,0,,,,,,5,1,0.2,5.0,25.0,19.4,0.258,4.0,-0.8392,0.0,0.2,0.2,0,3.5,8.8,3.5,-5.3,1.75,0.02,0.0,0.0,8.8,0.09,0.0,-0.09
00-0040317,Jacoby Jones,WR,WAS,2025,1,1,0.0,0.0,1.0,0.0345,0.0136,0.0612,0,,,,,,,,,,,0,,,,,,1,1,1.0,25.0,25.0,3.0,8.333,22.0,1.5626,0.0,1.0,1.0,0,3.5,1.3,3.5,2.2,1.33,0.0169,0.0,0.0,1.3,0.0,0.0,0.0
00-0040388,Jakobie Keeney-James,WR,GB,2025,1,0,0.0,0.0,2.0,0.2,0.5556,0.6889,0,,,,,,,,,,,0,,,,,,2,2,1.0,7.5,7.5,7.5,1.0,0.0,-0.0252,0.0,0.0,0.0,0,3.5,2.6,3.5,0.9,2.61,0.0811,0.0,0.0,2.6,0.0,0.0,0.0
00-0038573,Derius Davis,WR,LAC,2025,5,4,0.0,0.4,0.6,0.0197,0.0316,0.0516,0,,,,,,,,,,,2,2.5,0.0,-0.3107,0.0,0.0,3,2,0.6667,3.33,5.0,11.0,0.303,4.0,-0.3419,0.0,0.0,0.0,0,3.5,6.0,3.5,-2.5,1.2,0.0165,0.0,1.4,4.6,0.21,0.0,-0.21
00-0037745,Velus Jones Jr.,WR,NO,2025,1,1,0.0,4.0,0.0,0.0,0.0,0.0,0,,,,,,,,,,,4,8.0,0.0,0.288,0.25,0.25,0,0,,,,,,,,,,,0,3.2,2.1,3.2,1.1,2.09,0.0263,0.0,2.1,0.0,0.03,0.0,-0.03
00-0035602,Alex Bachman,WR,LV,2025,3,2,0.0,0.0,1.0,0.0345,0.0186,0.0648,0,,,,,,,,,,,0,,,,,,3,2,0.6667,4.0,6.0,4.67,0.857,1.0,0.355,0.0,0.6667,0.0,0,3.2,4.2,3.2,-1.0,1.39,0.0225,0.0,0.0,4.2,0.01,0.0,-0.01
00-0035876,Andre Baccellia,WR,ARI,2025,2,2,0.0,0.0,2.0,0.043,0.0093,0.071,0,,,,,,,,,,,0,,,,,,4,2,0.5,2.0,4.0,1.75,1.143,3.5,-0.4525,0.0,0.0,0.0,0,2.8,6.1,2.8,-3.3,3.05,0.0334,0.0,0.0,6.1,0.11,0.0,-0.11
00-0033589,David Moore,WR,CAR,2025,2,2,0.0,0.5,0.5,0.0208,0.0188,0.0444,0,,,,,,,,,,,1,12.0,0.0,1.0354,1.0,1.0,1,1,1.0,5.0,5.0,5.0,1.0,0.0,-0.3032,0.0,0.0,0.0,0,2.7,2.2,2.7,0.5,1.09,0.0157,0.0,0.7,1.4,0.0,0.0,0.0
00-0039816,Anthony Gould,WR,IND,2025,2,2,0.0,0.0,1.0,0.0295,-0.0063,0.0399,0,,,,,,,,,,,0,,,,,,2,2,1.0,3.0,3.0,-1.0,-3.0,4.0,-0.4949,0.0,0.0,0.0,0,2.6,2.5,2.6,0.1,1.27,0.0165,0.0,0.0,2.5,0.04,0.0,-0.04
00-0038496,Xavier Gipson,WR,PHI,2025,2,2,0.0,0.0,1.0,0.0389,-0.0238,0.0417,0,,,,,,,,,,,0,,,,,,2,2,1.0,3.0,3.0,-4.5,-0.667,7.5,-0.3069,0.0,0.0,0.0,0,2.6,2.9,2.6,-0.3,1.47,0.0212,0.0,0.0,2.9,0.06,0.0,-0.06
00-0036497,Tim Jones,WR,JAX,2025,1,1,0.0,0.0,1.0,0.0303,0.0138,0.0551,0,,,,,,,,,,,0,,,,,,1,1,1.0,15.0,15.0,4.0,3.75,11.0,1.0752,0.0,1.0,0.0,0,2.5,1.5,2.5,1.0,1.46,0.0132,0.0,0.0,1.5,0.0,0.0,0.0
00-0040534,Ke'Shawn Williams,WR,PIT,2025,3,0,0.0,0.67,0.33,0.0101,0.0062,0.0195,0,,,,,,,,,,,2,5.0,0.0,-0.2789,0.0,0.0,1,1,1.0,5.0,5.0,5.0,1.0,0.0,0.0077,0.0,0.0,0.0,0,2.5,3.3,2.5,-0.8,1.11,0.0132,0.0,1.6,1.8,0.09,0.0,-0.09
00-0040646,Jalen Royals,WR,KC,2025,1,0,0.0,0.0,3.0,0.1,0.0987,0.2191,0,,,,,,,,,,,0,,,,,,3,2,0.6667,1.33,2.0,7.33,0.182,2.0,-0.5417,0.0,0.0,0.0,0,2.4,5.5,2.4,-3.1,5.47,0.0992,0.0,0.0,5.5,0.3,0.0,-0.3
00-0039650,Bryce Oliver,WR,TEN,2025,1,1,0.0,0.0,1.0,0.04,0.0204,0.0743,0,,,,,,,,,,,0,,,,,,1,1,1.0,8.0,8.0,6.0,1.333,2.0,0.5179,0.0,0.0,0.0,0,1.8,1.4,1.8,0.4,1.45,0.0288,0.0,0.0,1.4,0.0,0.0,0.0
00-0037098,Samori Toure,WR,NO,2025,1,0,0.0,0.0,3.0,0.0882,0.1068,0.2071,0,,,,,,,,,,,0,,,,,,3,1,0.3333,1.0,3.0,10.0,0.1,0.0,-2.8951,0.0,0.0,0.0,0,1.3,4.6,1.3,-3.3,4.56,0.0571,0.0,0.0,4.6,0.03,0.0,-0.03
00-0038911,Malik Cunningham,WR,DET,2025,1,1,0.0,1.0,0.0,0.0,0.0,0.0,0,,,,,,,,,,,1,1.0,0.0,-0.4975,0.0,0.0,0,0,,,,,,,,,,,0,0.1,0.7,0.1,-0.6,0.69,0.009,0.0,0.7,0.0,0.01,0.0,-0.01
00-0040352,Coleman Owen,WR,IND,2025,1,0,0.0,0.0,1.0,0.0278,0.0059,0.0458,0,,,,,,,,,,,0,,,,,,1,0,0.0,0.0,,2.0,0.0,,-3.2598,0.0,0.0,0.0,0,0.0,1.3,0.0,-1.3,1.31,0.0179,0.0,0.0,1.3,0.0,0.0,0.0
00-0035140,Mecole Hardman,WR,BUF,2025,1,1,0.0,0.0,1.0,0.0333,0.1329,0.1431,0,,,,,,,,,,,0,,,,,,1,0,0.0,0.0,,46.0,0.0,,-0.5084,0.0,0.0,0.0,0,0.0,2.7,0.0,-2.7,2.74,0.0366,0.0,0.0,2.7,0.09,0.0,-0.09
00-0034867,Malik Turner,WR,SF,2025,1,1,0.0,0.0,1.0,0.0208,-0.0172,0.0192,0,,,,,,,,,,,0,,,,,,1,0,0.0,0.0,,-5.0,-0.0,,-0.5653,0.0,0.0,0.0,0,0.0,1.3,0.0,-1.3,1.32,0.013,0.0,0.0,1.3,0.01,0.0,-0.01
00-0038492,Jason Brownlee,WR,KC,2025,1,1,0.0,0.0,1.0,0.0263,0.0332,0.0627,0,,,,,,,,,,,0,,,,,,1,0,0.0,0.0,,9.0,0.0,,-0.7134,0.0,0.0,0.0,0,0.0,2.5,0.0,-2.5,2.48,0.0342,0.0,0.0,2.5,0.32,0.0,-0.32
00-0034928,Steven Sims,WR,ARI,2025,1,0,0.0,0.0,1.0,0.0345,0.0088,0.0579,0,,,,,,,,,,,0,,,,,,1,0,0.0,0.0,,2.0,0.0,,-0.556,0.0,0.0,0.0,0,0.0,1.5,0.0,-1.5,1.5,0.0229,0.0,0.0,1.5,0.0,0.0,0.0
