gsis_id,name,common,pos,birth_date,draft_season,draft_round,draft_pick
00-0038389,Israel Abanikanda,Israel Abanikanda,RB,2002-10-05,2023,5,143
00-0031021,Jared Abbrederis,Jared Abbrederis,WR,1990-12-17,2014,5,176
00-0032104,Ameer Abdullah,Ameer Abdullah,RB,1993-06-13,2015,2,54
00-0000007,Rabih Abdullah,Rabih Abdullah,RB,1975-04-27,,,
ABE498348,Walter Abercrombie,Walter Abercrombie,RB,1959-09-26,1982,1,12
00-0023322,Robert Abiamiri,Rob Abiamiri,TE,1982-12-21,,,
00-0022830,Derek Abney,Derek Abney,WR,1980-12-19,,,
ABR166116,Daniel Abramowicz,Danny Abramowicz,WR,1945-07-13,,,
ABR390978,Josh Abrams,Josh Abrams,RB,1986-01-18,,,
00-0039040,De'Von Achane,Devon Achane,RB,2001-10-13,2023,3,84
00-0041221,Jackson Acker,Jackson Acker,RB,2002-09-17,,,
ADA083058,Michael Adamle,Mike Adamle,RB,1949-10-04,,,
00-0029271,Adam Adams,Joe Adams,WR,1989-11-22,2012,4,104
ADA110744,Anthony Adams,Tony Adams,QB,1950-03-09,,,
00-0021006,Charles Adams,Charlie Adams,WR,1979-10-23,,,
ADA166116,Curtis Adams,Curtis Adams,RB,1962-04-30,1985,8,207
00-0031115,D.J. Adams,D.J. Adams,RB,1990-09-27,,,
00-0028746,Darvin Adams,Darvin Adams,WR,1990-01-05,,,
00-0031381,Davante Adams,Davante Adams,WR,1992-12-24,2014,2,53
ADA229740,David Adams,David Adams,RB,1964-06-24,1987,12,309
00-0000047,George Adams,George Adams,RB,1962-12-22,1985,1,19
ADA324014,Harry Adams,Harry Adams,WR,1989-11-27,,,
00-0032429,Jerell Adams,Jerell Adams,TE,1992-12-31,2016,6,184
00-0034457,Joshua Adams,Josh Adams,RB,1996-10-29,,,
00-0028338,Kristofer Adams,Kris Adams,WR,1987-09-04,,,
00-0028337,Kyle Adams,Kyle Adams,TE,1988-01-19,,,
ADA504348,Michael Adams,Mike Adams,WR,1974-03-24,1997,7,223
ADA553720,Robert Adams,Bob Adams,TE,1946-08-15,,,
00-0033957,Rodney Adams,Rodney Adams,WR,1994-09-15,2017,5,170
00-0028829,Royce Adams,Royce Adams,WR,1988-05-03,,,
ADA775208,Willis Adams,Willis Adams,WR,1956-08-22,,,
00-0024245,Joseph Addai,Joseph Addai,RB,1983-05-03,2006,1,30
00-0032482,Bralon Addison,Bralon Addison,WR,1993-10-12,,,
00-0038994,Jordan Addison,Jordan Addison,WR,2002-01-27,2023,1,23
00-0033366,Quincy Adeboyejo,Quincy Adeboyejo,WR,1995-05-26,,,
00-0027462,Damola Adeniji,Damola Adeniji,WR,1987-06-16,,,
00-0038783,Nathan Adkins,Nate Adkins,TE,1999-07-09,,,
ADK692150,Samuel Adkins,Sam Adkins,QB,1955-05-21,,,
00-0021629,James Adkisson,James Adkisson,WR,1980-01-11,,,
00-0000090,Erik Affholter,Erik Affholter,WR,1966-04-10,1989,4,110
00-0000096,Thomas Agee,Tommie Agee,RB,1964-02-22,1987,5,119
00-0031549,Nelson Agholor,Nelson Agholor,WR,1993-05-24,2015,1,20
00-0033572,Jamal Agnew,Jamal Agnew,WR,1995-04-03,2017,5,165
00-0030653,Raymond Agnew,Ray Agnew,RB,1991-02-26,,,
00-0026540,Robert Agnone,Robert Agnone,TE,1985-10-02,,,
00-0033599,Carlton Agudosi,Carlton Agudosi,WR,1994-02-01,,,
00-0041203,Jose Aguilar,Joey Aguilar,QB,2001-06-16,,,
00-0038749,Holton Ahlers,Holton Ahlers,QB,1999-11-10,,,
00-0036020,Salvon Ahmed,Salvon Ahmed,RB,1998-12-29,,,
00-0028497,Kamar Aiken,Kamar Aiken,WR,1989-05-30,,,
00-0021915,Samuel Aiken,Sam Aiken,WR,1980-12-14,2003,4,127
AIK276861,Carl Aikens,Carl Aikens,WR,1962-06-05,,,
00-0000104,Troy Aikman,Troy Aikman,QB,1966-11-21,1989,1,1
00-0026302,Erik Ainge,Erik Ainge,QB,1986-06-12,2008,5,162
00-0036261,Brandon Aiyuk,Brandon Aiyuk,WR,1998-03-17,2020,1,25
00-0031590,Jonathan Ajayi,Jay Ajayi,RB,1993-06-15,2015,5,149
00-0027581,Oluseyi Ajirotutu,Seyi Ajirotutu,WR,1987-06-12,,,
00-0036414,Cam Akers,Cam Akers,RB,1999-06-22,2020,2,52
00-0036598,Landen Akers,Landen Akers,WR,1997-07-07,,,
00-0029798,Cedric Akins,C.J. Akins,WR,1991-05-10,,,
00-0034364,Jordan Akins,Jordan Akins,TE,1992-04-19,2018,3,98
AKI664464,Karl Akiu,Mike Akiu,WR,1962-02-12,1985,7,170
00-0019857,Troy Albea,Troy Albea,WR,1978-04-30,,,
ALB622935,Ira Albright,Ira Albright,RB,1959-01-02,,,
00-0023911,Zachary Alcorn,Zac Alcorn,TE,1980-08-24,,,
ALD622932,Jerry Aldridge,Jerry Aldridge,RB,1956-09-17,,,
00-0029331,Alvester Alexander,Alvester Alexander,RB,1990-10-17,,,
ALE131142,Charles Alexander,Charles Alexander,RB,1957-07-28,,,
00-0020487,Dan Alexander,Dan Alexander,RB,1978-03-17,2001,6,192
00-0027912,Danario Alexander,Danario Alexander,WR,1988-08-07,,,
00-0034715,Deontez Alexander,Deontez Alexander,WR,1996-07-25,,,
00-0000145,Derrick Alexander,Derrick Alexander,WR,1971-11-06,1994,1,29
00-0000151,Jeffrey Alexander,Jeff Alexander,RB,1965-01-15,,,
00-0000154,Kevin Alexander,Kevin Alexander,WR,1975-01-23,,,
00-0037708,Maurice Alexander,Maurice Alexander,WR,1997-01-10,,,
ALE516693,Michael Alexander,Mike Alexander,WR,1965-03-19,1988,8,199
ALE568282,Robert Alexander,Robert Alexander,RB,1958-04-21,1981,10,269
00-0019647,Shaun Alexander,Shaun Alexander,RB,1977-08-30,2000,1,19
00-0000166,Stephen Alexander,Stephen Alexander,TE,1975-11-07,1998,2,48
ALE655710,Vernest Alexander,Ray Alexander,WR,1962-01-08,,,
ALE699424,Vincent Alexander,Vincent Alexander,RB,1964-03-11,,,
ALE786852,Alton Alexis,Alton Alexis,WR,1957-11-16,1980,11,281
00-0022228,Richard Alexis,Rich Alexis,RB,1981-03-06,,,
00-0000172,Brian Alford,Brian Alford,WR,1975-06-07,1998,3,70
00-0031962,Mario Alford,Mario Alford,WR,1992-02-25,2015,7,238
00-0024763,Charles Ali,Charles Ali,RB,1984-08-23,,,
00-0038149,Josh Ali,Josh Ali,WR,1999-03-03,,,
00-0039796,Rasheen Ali,Rasheen Ali,RB,2001-02-16,2024,5,165
00-0033217,Mohamed Alie-Cox,Mo Alie-Cox,TE,1993-09-19,,,
00-0039814,Erick All,Erick All,TE,2000-09-13,2024,4,115
00-0025618,Michael Allan,Michael Allan,TE,1983-09-08,,,
00-0041565,Drew Allar,Drew Allar,QB,2004-03-08,2026,3,76
00-0028163,Anthony Allen,Anthony Allen,RB,1988-08-06,2011,7,225
ALL057945,Anthony Allen,Anthony Allen,WR,1959-06-29,1983,6,156
00-0028565,Armando Allen,Armando Allen,RB,1989-04-30,,,
00-0037369,Austin Allen,Austin Allen,TE,1998-11-10,,,
00-0021665,Bosley Allen,Bosley Allen,WR,1980-06-07,,,
00-0039794,Braelon Allen,Braelon Allen,RB,2004-01-20,2024,4,134
00-0032434,Brandon Allen,Brandon Allen,QB,1992-09-05,2016,6,201
00-0021311,Brian Allen,Brian Allen,RB,1980-04-20,2002,6,204
00-0037100,Chase Allen,Chase Allen,TE,1997-07-09,,,
00-0040890,Cyrus Allen,Cyrus Allen,WR,2003-02-11,2026,5,176
00-0020058,David Allen,David Allen,RB,1978-02-05,,,
00-0039074,Davis Allen,Davis Allen,TE,2001-02-03,2023,5,175
00-0037039,Devon Allen,Devon Allen,WR,1994-12-12,,,
00-0029689,Dwayne Allen,Dwayne Allen,TE,1990-02-24,2012,3,64
ALL309040,Gary Allen,Gary Allen,RB,1960-04-23,1982,6,148
ALL386300,Gregory Allen,Greg Allen,RB,1963-06-04,1985,2,35
00-0026022,Ijathus Allen,Jake Allen,WR,1985-01-18,,,
00-0000210,James Allen,James Allen,RB,1975-03-28,,,
00-0031577,Javorius Allen,Javorius Allen,RB,1991-08-27,2015,4,125
00-0025796,Jermaine Allen,Jermaine Allen,RB,1983-11-30,,,
00-0034857,Joshua Allen,Josh Allen,QB,1996-05-21,2018,1,7
00-0041096,Kaytron Allen,Kaytron Allen,RB,2003-01-08,2026,6,187
00-0038830,Kazmeir Allen,Kazmeir Allen,WR,2000-02-29,,,
00-0030279,Keenan Allen,Keenan Allen,WR,1992-04-27,2013,3,76
00-0034577,Kyle Allen,Kyle Allen,QB,1996-03-08,,,
00-0040238,LeQuint Allen,LeQuint Allen,RB,2004-08-05,2025,7,236
00-0000220,Marcus Allen,Marcus Allen,RB,1960-03-26,1982,1,10
00-0000226,Marvin Allen,Marvin Allen,RB,1965-11-23,1988,11,294
00-0024493,Marvin Allen,Marvin Allen,WR,1983-03-05,,,
00-0031213,RaShaun Allen,RaShaun Allen,TE,1990-02-25,,,
00-0000228,Reginald Allen,Reggie Allen,WR,1976-09-11,,,
00-0000232,Terry Allen,Terry Allen,RB,1968-02-21,1990,9,241
00-0030914,Torrence Allen,Torrence Allen,WR,1991-03-31,,,
00-0000234,Tremayne Allen,Tremayne Allen,TE,1974-08-09,,,
00-0037263,Tyler Allgeier,Tyler Allgeier,RB,2000-04-15,2022,5,151
00-0025533,Aundrae Allison,Aundrae Allison,WR,1984-06-25,2007,5,146
00-0032626,Geronimo Allison,Geronimo Allison,WR,1994-01-18,,,
00-0000242,John Allred,John Allred,TE,1974-09-09,1997,2,38
ALM553722,Darian Almodobar,Beau Almodobar,WR,1962-10-25,,,
00-0000245,Gerald Alphin,Gerald Alphin,WR,1964-05-21,,,
00-0025822,Anthony Alridge,Anthony Alridge,WR,1984-11-24,,,
00-0020114,Corey Alston,Corey Alston,WR,1979-08-26,,,
ALS207645,Lyneal Alston,Lyneal Alston,WR,1964-07-23,,,
ALS415290,Mack Alston,Mack Alston,TE,1947-04-27,,,
00-0021890,Richard Alston,Richard Alston,WR,1980-11-20,,,
00-0041453,Luke Altmyer,Luke Altmyer,QB,2002-10-22,,,
ALV415290,Steven Alvers,Steve Alvers,TE,1957-04-04,,,
00-0031042,Jace Amaro,Jace Amaro,TE,1992-06-26,2014,2,49
AMB415290,Johnny Ray Ambrose,Johnny Ray Ambrose,WR,1964-04-19,,,
00-0026035,Daniel Amendola,Danny Amendola,WR,1985-11-02,,,
00-0023042,Fred Amey,Otis Amey,WR,1981-12-04,,,
AMS288111,Greg Amsler,Greg Amsler,RB,1967-12-19,,,
AMU553722,George Amundson,George Amundson,RB,1951-03-31,,,
00-0000279,Kimble Anders,Kimble Anders,RB,1966-09-10,,,
00-0000284,Alfred Anderson,Alfred Anderson,RB,1961-08-04,1984,3,67
00-0027906,Andre' Anderson,Andre' Anderson,RB,1988-05-01,,,
AND050645,Anthony Anderson,Anthony Anderson,RB,1956-09-27,,,
00-0000289,Avery Anderson,Avery Anderson,WR,1973-03-16,,,
AND101290,Bradley Anderson,Brad Anderson,WR,1961-01-12,1984,8,212
00-0035467,Bruce Anderson,Bruce Anderson,RB,1997-06-20,,,
00-0000334,Charles Anderson,Neal Anderson,RB,1964-08-14,1986,1,27
00-0029854,Cortrelle Anderson,C.J. Anderson,RB,1991-02-10,,,
00-0022704,Courtney Anderson,Courtney Anderson,TE,1980-11-19,2004,7,245
00-0021048,Damien Anderson,Damien Anderson,RB,1979-07-17,,,
00-0036027,Darius Anderson,Darius Anderson,RB,1997-09-10,,,
00-0024465,David Anderson,David Anderson,WR,1983-07-28,2006,7,251
00-0023645,Derek Anderson,Derek Anderson,QB,1983-06-15,2005,6,213
00-0031504,Dres Anderson,Dres Anderson,WR,1992-07-20,,,
00-0035483,Drew Anderson,Drew Anderson,QB,1995-10-18,,,
AND243096,Garry Anderson,Donny Anderson,RB,1943-05-16,,,
00-0000311,Gary Anderson,Gary Anderson,RB,1961-04-18,1983,1,20
00-0000316,Jamal Anderson,Jamal Anderson,RB,1972-09-30,1994,7,201
00-0022941,Jason Anderson,Jason Anderson,RB,1980-04-29,,,
AND292474,Jerome Anderson,Curtis Anderson,WR,1973-09-29,,,
00-0000318,Jesse Anderson,Jesse Anderson,TE,1966-07-26,1990,4,87
00-0029494,Joseph Anderson,Joe Anderson,WR,1988-11-21,,,
AND324128,Kenneth Anderson,Ken Anderson,QB,1949-02-15,,,
AND354515,Marcus Anderson,Marcus Anderson,WR,1959-06-12,,,
AND374773,Melvin Anderson,Mel Anderson,WR,1965-08-29,,,
00-0019594,Michael Anderson,Mike Anderson,RB,1973-09-21,2000,6,189
00-0036969,Otis Anderson,Otis Anderson,RB,1998-11-12,,,
00-0000335,Ottis Anderson,Ottis Anderson,RB,1957-01-19,,,
AND445676,Rickey Anderson,Rickey Anderson,RB,1953-03-21,,,
AND465934,Robert Anderson,Bobby Anderson,RB,1947-10-11,,,
00-0035299,Rodney Anderson,Rodney Anderson,RB,1996-09-12,2019,6,211
00-0000343,Ronnie Anderson,Ronnie Anderson,WR,1974-02-27,,,
00-0032072,Rory Anderson,Rory Anderson,TE,1992-10-02,2015,7,254
00-0020370,Scott Anderson,Scotty Anderson,WR,1979-11-24,2001,5,148
00-0032725,Stephen Anderson,Stephen Anderson,TE,1993-01-30,,,
00-0000345,Stevie Anderson,Stevie Anderson,WR,1970-05-12,1993,8,215
AND516579,Terry Anderson,Terry Anderson,WR,1955-01-10,,,
AND536837,Vickey Anderson,Vickey Ray Anderson,RB,1956-05-03,,,
AND557095,Warren Anderson,Warren Anderson,WR,1955-07-03,,,
00-0000351,Willie Anderson,Flipper Anderson,WR,1965-03-07,1988,2,46
00-0030789,Antonio Andrews,Antonio Andrews,RB,1992-08-17,,,
00-0034584,Darren Andrews,Darren Andrews,WR,1995-08-05,,,
AND678643,John Andrews,John Andrews,TE,1948-11-02,,,
00-0034753,Mark Andrews,Mark Andrews,TE,1995-09-06,2018,3,86
AND709030,Mitchell Andrews,Mitch Andrews,TE,1964-03-04,,,
AND749546,William Andrews,William Andrews,RB,1955-12-25,,,
00-0021308,Mark Anelli,Mark Anelli,TE,1979-06-05,2002,6,201
00-0022041,Richard Angulo,Richard Angulo,TE,1980-08-13,2003,7,254
ANK415291,Scott Ankrom,Scott Ankrom,WR,1966-01-04,1989,12,308
00-0030707,Blake Annen,Blake Annen,TE,1991-05-28,,,
ANT116036,Edward Anthony,Edward Anthony,RB,1962-03-03,,,
00-0000387,Reidel Anthony,Reidel Anthony,WR,1976-10-20,1997,1,16
00-0000389,Terrence Anthony,Terry Anthony,WR,1968-03-09,1990,11,281
00-0041185,Vinny Anthony,Vinny Anthony,WR,2003-06-27,,,
ANT622932,Glenn Antrum,Glenn Antrum,WR,1966-02-03,,,
00-0000404,Charles Arbuckle,Charles Arbuckle,TE,1968-09-13,1990,5,125
00-0035246,Jose Arcega-Whiteside,J.J. Arcega-Whiteside,WR,1996-12-31,2019,2,57
00-0027920,Emmanuel Arceneaux,Emmanuel Arceneaux,WR,1987-09-17,,,
00-0031392,Adrion Archer,Dri Archer,RB,1991-08-09,2014,3,97
00-0000406,David Archer,David Archer,QB,1962-02-15,,,
00-0027384,Rush Archer,R.J. Archer,QB,1987-08-05,,,
00-0000409,Michael Archie,Mike Archie,RB,1972-10-14,1996,7,218
00-0038702,Daniel Arias,Daniel Arias,WR,1998-09-02,,,
ARI447235,Ikenna Ariguzo,Ike Ariguzo,TE,1990-10-04,,,
00-0041314,Tanner Arkin,Tanner Arkin,TE,2003-07-07,,,
00-0033296,Alexander Armah,Alex Armah,RB,1994-05-17,2017,6,192
00-0000422,Justin Armour,Justin Armour,WR,1973-01-01,1995,4,113
00-0035268,Ryquell Armstead,Ryquell Armstead,RB,1996-10-30,2019,5,140
ARM097714,Adger Armstrong,Adger Armstrong,RB,1957-06-21,,,
00-0040298,Andrew Armstrong,Andrew Armstrong,WR,2000-10-31,,,
00-0026465,Anthony Armstrong,Anthony Armstrong,WR,1983-03-29,,,
00-0021406,Derick Armstrong,Derick Armstrong,WR,1979-04-02,,,
ARM537427,Otis Armstrong,Otis Armstrong,RB,1950-11-15,,,
00-0000441,Tyji Armstrong,Tyji Armstrong,TE,1970-10-03,1992,3,79
00-0027277,Alric Arnett,Alric Arnett,WR,1987-06-26,,,
00-0034011,Daniel Arnold,Dan Arnold,TE,1995-03-15,,,
00-0019716,Gerard Arnold,Gerard Arnold,RB,1977-10-05,,,
00-0000446,Jahine Arnold,Jahine Arnold,WR,1973-06-19,1996,4,132
ARN622935,John Arnold,John Arnold,WR,1955-10-05,,,
ARN761365,Walter Arnold,Walt Arnold,TE,1958-08-31,,,
00-0024447,Gbolahan Aromashodu,Devin Aromashodu,WR,1984-05-23,2006,7,233
00-0026377,Adrian Arrington,Adrian Arrington,WR,1985-11-07,2008,7,237
00-0023479,Jonathan Arrington,J.J. Arrington,RB,1983-01-23,2005,2,44
00-0040739,Elijah Arroyo,Elijah Arroyo,TE,2003-04-05,2025,2,50
00-0021640,Thomas Arth,Tom Arth,QB,1981-05-11,,,
00-0031599,Cameron Artis-Payne,Cameron Artis-Payne,RB,1990-06-23,2015,5,174
00-0029341,Stanley Arukwe,Stanley Arukwe,WR,1989-04-05,,,
ASH369148,Richard Ashe,Richard Ashe,TE,1967-03-14,,,
00-0000466,Jamie Asher,Jamie Asher,TE,1972-10-31,1995,5,137
ASH738296,Joshua Ashton,Josh Ashton,RB,1949-08-24,,,
00-0036194,Devin Asiasi,Devin Asiasi,TE,1997-08-14,2020,3,91
00-0028198,Matthew Asiata,Matt Asiata,RB,1987-07-24,,,
00-0000473,Joe Aska,Joe Aska,RB,1972-07-14,1995,3,86
00-0000474,Chad Askew,Chad Askew,WR,1972-01-27,,,
ASK553722,Bert Askson,Bert Askson,TE,1945-12-16,,,
00-0034946,George Aston,George Aston,RB,1996-02-01,,,
00-0026037,Andrew Atchison,Drew Atchison,TE,1985-04-02,,,
00-0034747,Marcell Ateman,Marcell Ateman,WR,1994-09-16,2018,7,228
ATK103822,David Atkins,Dave Atkins,RB,1949-05-18,,,
ATK467199,Steven Atkins,Steve Atkins,RB,1956-06-22,,,
00-0031158,George Atkinson,George Atkinson,RB,1992-11-29,,,
00-0036849,Chatarius Atwell,Tutu Atwell,WR,1999-10-07,2021,2,57
00-0033421,Antony Auclair,Antony Auclair,TE,1993-05-28,,,
AUG692150,Michael Augustyniak,Mike Augustyniak,RB,1956-07-17,,,
00-0031714,Damarr Aultman,Damarr Aultman,WR,1992-01-13,,,
00-0028179,David Ausberry,David Ausberry,TE,1987-09-25,2011,7,241
00-0037837,Calvin Austin,Calvin Austin,WR,1999-03-24,2022,4,138
AUS103822,Clifford Austin,Cliff Austin,RB,1960-03-02,1983,3,66
00-0037231,Kevin Austin,Kevin Austin,WR,2000-03-30,,,
00-0023921,Miles Austin,Miles Austin,WR,1984-06-30,,,
AUS622932,Richard Austin,Kent Austin,QB,1963-06-25,1986,12,312
00-0030525,Tavon Austin,Tavon Austin,WR,1990-03-15,2013,1,8
00-0027813,Terrence Austin,Terrence Austin,WR,1988-08-25,2010,7,219
00-0000534,Huntington Autry,Darnell Autry,RB,1976-06-19,1997,4,105
00-0024324,Jason Avant,Jason Avant,WR,1983-04-20,2006,4,109
AVE215950,Robert Avellini,Bob Avellini,QB,1953-08-28,,,
00-0026173,Donnie Avery,Donnie Avery,WR,1984-06-12,2008,2,33
00-0000541,John Avery,John Avery,RB,1976-01-11,1998,1,29
00-0000543,Steven Avery,Steve Avery,RB,1966-08-18,,,
00-0000548,Robert Awalt,Rob Awalt,TE,1964-04-09,1987,3,62
00-0000552,Obafemi Ayanbadejo,Obafemi Ayanbadejo,RB,1975-03-05,,,
00-0032365,DeMarcus Ayers,DeMarcus Ayers,WR,1994-07-07,2016,7,229
00-0040170,Elic Ayomanor,Elic Ayomanor,WR,2003-06-03,2025,4,136
00-0020274,William Baber,Billy Baber,TE,1979-01-17,,,
00-0037359,Josh Babicz,Josh Babicz,TE,1999-04-23,,,
00-0035876,Andre Baccellia,Andre Baccellia,WR,1997-01-07,,,
00-0033980,Joseph Bacci,Joe Bacci,RB,1994-04-25,,,
00-0035602,Alex Bachman,Alex Bachman,WR,1996-05-29,,,
00-0031617,Kennard Backman,Kennard Backman,TE,1993-02-26,2015,6,213
BAD332232,Richard Badanjek,Rick Badanjek,RB,1962-03-25,1986,7,186
00-0034207,Jeff Badet,Jeff Badet,WR,1994-08-02,,,
00-0037085,Tyler Badie,Tyler Badie,RB,1999-02-07,2022,6,196
00-0038416,Tyson Bagent,Tyson Bagent,QB,2000-06-08,,,
00-0036549,Kenji Bahar,Kenji Bahar,QB,1997-09-21,,,
00-0000582,Aaron Bailey,Aaron Bailey,WR,1971-10-24,,,
00-0028886,Antwon Bailey,Antwon Bailey,RB,1990-07-16,,,
BAI103821,Clarence Bailey,Clarence Bailey,RB,1963-03-07,,,
BAI276856,Elmer Bailey,Elmer Bailey,WR,1957-12-13,1980,4,100
00-0039311,Emani Bailey,Emani Bailey,RB,2001-11-28,,,
BAI311463,Eric Bailey,Eric Bailey,TE,1963-05-12,,,
BAI346070,George Bailey,Tom Bailey,RB,1949-02-07,,,
BAI380677,Harold Bailey,Harold Bailey,WR,1957-04-12,1980,8,217
00-0000596,Henry Bailey,Henry Bailey,WR,1973-02-28,1995,7,235
00-0000597,Johnny Bailey,Johnny Bailey,RB,1967-03-17,1990,9,228
00-0000598,Karsten Bailey,Karsten Bailey,WR,1977-04-26,1999,3,82
00-0000599,Mario Bailey,Mario Bailey,WR,1970-11-30,,,
00-0031645,Rasheed Bailey,Rasheed Bailey,WR,1993-07-29,,,
00-0034609,Sergio Bailey,Sergio Bailey,WR,1994-08-21,,,
BAI622926,Stacey Bailey,Stacey Bailey,WR,1960-02-10,1982,3,63
00-0030532,Stedman Bailey,Stedman Bailey,WR,1990-11-11,2013,3,92
00-0000605,Thomas Bailey,Thomas Bailey,WR,1971-12-06,,,
00-0000609,Victor Bailey,Victor Bailey,WR,1970-07-03,1993,2,50
00-0023679,William Bajema,Billy Bajema,TE,1982-10-31,2005,7,249
00-0021213,Chris Baker,Chris Baker,TE,1979-11-18,2002,3,88
00-0025614,Dallas Baker,Dallas Baker,WR,1982-11-10,2007,7,227
00-0000626,Donnell Baker,Donnell Baker,WR,1973-12-21,,,
00-0029317,Edwin Baker,Edwin Baker,RB,1991-06-01,2012,7,250
00-0000627,Eugene Baker,Eugene Baker,WR,1976-03-18,1999,5,164
00-0039853,Javon Baker,Javon Baker,WR,2002-02-18,2024,4,110
00-0000630,Jeff Baker,Jeff Baker,QB,1975-03-02,,,
00-0028291,Joshua Baker,Josh Baker,TE,1986-12-25,,,
00-0036939,Kawaan Baker,Kawaan Baker,WR,1998-08-24,2021,7,255
BAK415282,Keith Baker,Keith Baker,WR,1957-06-04,,,
00-0023838,Matthew Baker,Matt Baker,QB,1983-05-11,,,
BAK504271,Melvin Baker,Melvin Baker,WR,1950-08-12,,,
00-0019454,Robert Baker,Robert Baker,WR,1976-05-14,,,
00-0040455,Rushawn Baker,Rushawn Baker,RB,2003-04-17,,,
00-0000644,Shannon Baker,Shannon Baker,WR,1971-07-20,1993,8,205
BAK622923,Stanley Baker,Stan Baker,WR,1962-01-26,,,
00-0000646,Stephen Baker,Stephen Baker,WR,1964-08-30,1987,3,83
00-0019937,Timothy Baker,Tim Baker,WR,1977-10-23,,,
BAK711912,Tony Baker,Tony Baker,RB,1964-06-11,1986,10,252
BAK741575,Vernon Baker,Tony Baker,RB,1945-02-16,,,
00-0038147,Daylen Baldwin,Daylen Baldwin,WR,1999-11-24,,,
00-0028434,Douglas Baldwin,Doug Baldwin,WR,1988-09-21,,,
00-0027964,Jonathan Baldwin,Jon Baldwin,WR,1989-08-10,2011,1,26
00-0000666,Randy Baldwin,Randy Baldwin,RB,1967-08-19,1991,4,92
00-0024725,David Ball,David Ball,WR,1984-06-06,,,
00-0000672,Eric Ball,Eric Ball,RB,1966-07-01,1989,2,35
00-0026432,Lance Ball,Lance Ball,RB,1985-06-19,,,
00-0030522,Montee Ball,Montee Ball,RB,1990-12-05,2013,2,58
00-0025793,Reggie Ball,Reggie Ball,WR,1984-10-06,,,
00-0034799,Kalen Ballage,Kalen Ballage,RB,1995-12-22,2018,4,131
00-0024709,Kendrick Ballantyne,Kendrick Ballantyne,TE,1983-07-07,,,
00-0027259,Jacob Ballard,Jake Ballard,TE,1987-12-21,,,
00-0000683,James Ballard,Jim Ballard,QB,1972-04-16,,,
00-0029547,Vick Ballard,Vick Ballard,RB,1990-07-16,2012,5,170
BAN083058,Peter Banaszak,Pete Banaszak,RB,1944-05-21,,,
00-0036959,Michael Bandy,Michael Bandy,WR,1997-12-05,,,
00-0025688,Alvin Banks,Alvin Banks,RB,1984-08-25,,,
00-0000722,Anthony Banks,Tony Banks,QB,1973-04-05,1996,2,42
00-0027618,Brandon Banks,Brandon Banks,WR,1987-12-21,,,
BAN442976,Charles Banks,Chuck Banks,RB,1964-01-04,1986,12,310
00-0000705,Frederick Banks,Fred Banks,WR,1962-05-26,1985,8,203
00-0026056,Gary Banks,Gary Banks,WR,1981-11-04,,,
BAN553720,Gordon Banks,Gordon Banks,WR,1958-03-12,,,
00-0021103,Mike Banks,Mike Banks,TE,1979-11-05,2002,7,223
BAN609092,Roy Banks,Roy Banks,WR,1965-11-29,1987,5,114
00-0000721,Tavian Banks,Tavian Banks,RB,1974-02-17,1998,4,101
00-0041139,Damon Bankston,Damon Bankston,RB,2003-04-25,,,
BAN692150,Warren Bankston,Warren Bankston,RB,1947-07-22,,,
00-0020361,Alexander Bannister,Alex Bannister,WR,1979-04-23,2001,5,140
00-0000727,Dennis Banta,Brad Banta,TE,1970-12-14,,,
00-0029048,Joseph Banyard,Joe Banyard,RB,1988-11-12,,,
00-0000745,Atiim Barber,Tiki Barber,RB,1975-04-07,1997,2,36
00-0000735,Kantroy Barber,Kantroy Barber,RB,1973-10-04,1996,4,124
00-0032741,Kenneth Barber,Peyton Barber,RB,1994-02-27,,,
00-0023544,Marion Barber,Marion Barber,RB,1983-06-10,2005,4,109
BAR059320,Marion Barber,Marion Barber,RB,1959-12-06,1981,2,30
00-0000739,Michael Barber,Michael Barber,WR,1967-06-19,1989,4,112
BAR066735,Michael Barber,Mike Barber,TE,1953-06-04,,,
00-0023858,Christopher Barclay,Chris Barclay,RB,1983-10-15,,,
00-0028961,Brandon Barden,Brandon Barden,TE,1989-03-15,,,
00-0026902,Ramses Barden,Ramses Barden,WR,1986-01-01,2009,3,85
00-0035975,Jake Bargas,Jake Bargas,RB,1996-11-28,,,
00-0000755,Jay Barker,Jay Barker,QB,1972-04-20,,,
00-0030533,Matthew Barkley,Matt Barkley,QB,1990-09-08,2013,4,98
00-0034844,Saquon Barkley,Saquon Barkley,RB,1997-02-09,2018,1,2
BAR200205,Rodney Barksdale,Rod Barksdale,WR,1962-09-08,,,
BAR207620,Jerome Barkum,Jerome Barkum,TE,1950-07-18,,,
00-0020474,Kevan Barlow,Kevan Barlow,RB,1979-01-07,2001,3,80
00-0000765,Reggie Barlow,Reggie Barlow,WR,1973-01-22,1996,4,110
00-0039793,AJ Barner,A.J. Barner,TE,2002-05-03,2024,4,121
00-0030465,Kenjon Barner,Kenjon Barner,RB,1989-04-28,2013,6,182
00-0033745,Brandon Barnes,Brandon Barnes,TE,1994-05-31,,,
00-0027361,Freddie Barnes,Freddie Barnes,WR,1986-12-06,,,
00-0000777,Johnnie Barnes,Johnnie Barnes,WR,1968-07-21,1992,9,231
BAR318845,Joseph Barnes,Joe Barnes,QB,1951-12-08,,,
BAR326260,Lawrence Barnes,Larry Barnes,RB,1954-07-17,,,
BAR341090,Lew Barnes,Lew Barnes,WR,1962-12-27,1986,5,138
00-0000781,Marlon Barnes,Marlon Barnes,RB,1976-03-13,,,
00-0000785,Patrick Barnes,Pat Barnes,QB,1975-02-23,1997,4,110
BAR400410,Buster Barnett,Buster Barnett,TE,1958-11-24,1981,11,299
BAR407825,Donald Barnett,Dean Barnett,TE,1957-06-06,,,
00-0000800,Fred Barnett,Fred Barnett,WR,1966-06-17,1990,3,77
00-0000807,Tim Barnett,Tim Barnett,WR,1968-04-19,1991,3,77
BAR496805,Milton Barney,Milton Barney,WR,1963-12-23,,,
00-0026281,Gary Barnidge,Gary Barnidge,TE,1985-09-22,2008,5,141
BAR548710,Malcolm Barnwell,Malcolm Barnwell,WR,1958-06-28,1980,7,173
00-0000819,David Barr,Dave Barr,QB,1972-05-09,1995,4,119
00-0000826,Aaron Barrett,Reggie Barrett,WR,1969-08-14,1991,3,58
BAR593200,David Barrett,Dave Barrett,RB,1959-09-09,1982,4,103
00-0034126,Joe Barrett,J.T. Barrett,QB,1995-01-23,,,
BAR719255,Stephen Bartalo,Steve Bartalo,RB,1964-07-15,1987,6,143
00-0025749,Richard Bartel,Richard Bartel,QB,1983-02-03,,,
00-0040215,Gavin Bartholomew,Gavin Bartholomew,TE,2003-04-30,2025,6,202
BAR734085,Steven Bartkowski,Steve Bartkowski,QB,1952-11-12,,,
BAR756330,Richard Bartlewski,Rich Bartlewski,TE,1967-08-15,,,
00-0000849,Michael Bartrum,Mike Bartrum,TE,1970-06-23,,,
00-0023859,Brett Basanez,Brett Basanez,QB,1983-05-11,,,
BAS097714,Brian Baschnagel,Brian Baschnagel,WR,1954-01-08,,,
00-0024013,Henry Baskett,Hank Baskett,WR,1982-09-04,,,
00-0000856,Michael Basnight,Michael Basnight,RB,1977-09-03,,,
BAS390856,Donald Bass,Don Bass,TE,1954-10-17,,,
00-0028170,Baron Batch,Baron Batch,RB,1987-12-21,2011,7,232
00-0000865,Charles Batch,Charlie Batch,QB,1974-12-05,1998,2,60
00-0036550,Rashod Bateman,Rashod Bateman,WR,1999-11-29,2021,1,27
00-0039458,Brenden Bates,Brenden Bates,TE,1999-10-16,,,
00-0000869,D'Wayne Bates,D'Wayne Bates,WR,1975-12-04,1999,3,71
00-0036628,John Bates,John Bates,TE,1997-11-06,2021,4,124
00-0000871,Mario Bates,Mario Bates,RB,1973-01-16,1994,2,44
00-0000872,Michael Bates,Michael Bates,WR,1969-12-19,1992,6,150
BAT138483,Phillip Bates,Phil Bates,WR,1989-09-20,,,
00-0034652,Cameron Batson,Cameron Batson,WR,1995-12-20,,,
00-0000883,Marco Battaglia,Marco Battaglia,TE,1973-01-25,1996,2,39
00-0019164,Patrick Batteaux,Pat Batteaux,WR,1978-04-18,,,
00-0022064,Arnaz Battle,Arnaz Battle,WR,1980-02-22,2003,6,197
00-0025701,Ewart Battle,Jackie Battle,RB,1983-10-01,,,
BAT622932,Ronald Battle,Ron Battle,TE,1959-03-27,1981,7,175
00-0000890,Terrence Battle,Terry Battle,RB,1976-02-07,,,
BAT726754,Robert Batton,Bobby Batton,RB,1957-03-17,1980,7,178
00-0000893,Gregory Baty,Greg Baty,TE,1964-08-28,1986,8,220
BAU059327,Henry Bauer,Hank Bauer,RB,1954-07-15,,,
00-0034169,Marcus Baugh,Marcus Baugh,TE,1994-12-09,,,
00-0030895,Zachary Bauman,Zach Bauman,RB,1992-07-24,,,
00-0000907,Mark Bavaro,Mark Bavaro,TE,1963-04-28,1985,4,100
00-0034433,Charles Bawden,Nick Bawden,RB,1996-06-22,2018,7,237
00-0000911,Frederick Baxter,Fred Baxter,TE,1971-06-14,1993,5,115
00-0021253,Jarrod Baxter,Jarrod Baxter,RB,1979-03-09,2002,5,136
00-0030975,Alex Bayer,Alex Bayer,TE,1990-11-08,,,
00-0025670,Steve Baylark,Steve Baylark,RB,1983-07-28,,,
00-0035947,Omar Bayless,Omar Bayless,WR,1996-12-15,,,
BAY166116,Richard Bayless,Rick Bayless,RB,1964-10-15,,,
00-0033763,Evan Baylis,Evan Baylis,TE,1993-11-18,,,
00-0037115,Benjamin Baylor,B.J. Baylor,RB,1998-09-08,,,
00-0040415,Connor Bazelak,Connor Bazelak,QB,2000-09-22,,,
00-0023912,Arliss Beach,Arliss Beach,RB,1984-03-28,,,
00-0000925,Patrick Beach,Pat Beach,TE,1959-12-28,1982,6,140
00-0000926,Sanjay Beach,Sanjay Beach,WR,1966-02-21,,,
BEA221488,Shawn Beals,Shawn Beals,WR,1966-08-16,,,
BEA332232,Earnest Bean,Bubba Bean,RB,1954-01-26,,,
00-0039575,Jason Bean,Jason Bean,QB,1999-12-03,,,
00-0029000,Cole Beasley,Cole Beasley,WR,1989-04-26,,,
BEA470662,John Beasley,John Beasley,TE,1945-04-06,,,
BEA498348,Terry Beasley,Terry Beasley,WR,1950-02-05,,,
00-0033936,Casey Beathard,C.J. Beathard,QB,1993-11-16,2017,3,104
BEA553720,Peter Beathard,Pete Beathard,QB,1942-03-07,,,
00-0040912,Hank Beatty,Hank Beatty,WR,2003-09-20,,,
BEA747522,Clayton Beauford,Clayton Beauford,WR,1963-03-01,1985,10,258
00-0000969,Brett Bech,Brett Bech,WR,1971-08-20,,,
00-0040729,Jack Bech,Jack Bech,WR,2002-12-18,2025,2,58
00-0019457,Anthony Becht,Anthony Becht,TE,1977-08-08,2000,1,27
00-0041561,Carson Beck,Carson Beck,QB,2001-11-19,2026,3,65
00-0025427,John Beck,John Beck,QB,1981-08-21,2007,2,40
00-0035322,Nathan Becker,Nate Becker,TE,1996-03-24,,,
00-0035914,Ryan Becker,Ryan Becker,TE,1997-12-23,,,
00-0031235,Odell Beckham,Odell Beckham,WR,1992-11-05,2014,1,12
BEC683998,Bradley Beckman,Brad Beckman,TE,1964-12-31,1988,7,183
BEC732855,Edwin Beckman,Ed Beckman,TE,1955-01-02,,,
00-0027070,Travis Beckum,Travis Beckum,TE,1987-01-24,2009,3,100
00-0034309,Chad Beebe,Chad Beebe,WR,1994-06-01,,,
00-0000994,Donald Beebe,Don Beebe,WR,1964-12-18,1989,3,82
BEE226521,Earl Beecham,Earl Beecham,RB,1965-09-08,,,
00-0035750,Reggie Begelton,Reggie Begelton,WR,1993-08-31,,,
00-0028234,Thomas Beiler,Tyler Beiler,WR,1988-11-14,,,
BEI553720,James Beirne,Jim Beirne,WR,1946-10-15,,,
00-0035484,Drew Belcher,Drew Belcher,TE,1996-04-18,,,
BEL130280,Anthony Belk,Rocky Belk,WR,1960-06-20,1983,7,176
BEL146565,Veno Belk,Veno Belk,TE,1963-03-07,,,
BEL179135,Albert Bell,Albert Bell,WR,1964-04-23,,,
00-0032062,Blake Bell,Blake Bell,TE,1991-08-07,2015,4,117
00-0025743,Brian Bell,Brian Bell,TE,1984-04-04,,,
00-0041525,Christopher Bell,Chris Bell,WR,2004-06-07,2026,3,94
00-0001021,Coleman Bell,Coleman Bell,TE,1970-04-22,,,
00-0024652,Dalton Bell,Dalton Bell,QB,1983-03-09,,,
00-0037257,David Bell,David Bell,WR,2000-12-14,2022,3,99
00-0041342,Dillon Bell,Dillon Bell,WR,2003-11-06,,,
BEL309415,Edward Bell,Eddie Bell,WR,1946-09-13,,,
BEL325700,Gerald Bell,Jerry Bell,TE,1959-03-07,1982,3,74
BEL341985,Gordon Bell,Gordon Bell,RB,1953-12-25,,,
00-0037437,Greg Bell,Greg Bell,RB,1998-06-16,,,
BEL358270,Gregory Bell,Greg Bell,RB,1962-08-01,1984,1,26
BEL366412,H. Bell,Nick Bell,RB,1968-08-19,1991,2,43
00-0039420,Jaheim Bell,Jaheim Bell,TE,2001-06-14,2024,7,231
00-0001027,Jamara Bell,Shonn Bell,TE,1974-10-25,,,
00-0027218,Joique Bell,Joique Bell,RB,1986-08-04,,,
00-0026579,Kahlil Bell,Kahlil Bell,RB,1986-12-10,,,
BEL423410,Kenneth Bell,Ken Bell,RB,1964-11-16,,,
00-0032113,Kenny Bell,Kenny Bell,WR,1992-02-25,2015,5,162
00-0001034,Kerwin Bell,Kerwin Bell,QB,1965-06-15,1988,7,180
BEL455980,Kevin Bell,Kevin Bell,WR,1955-03-14,,,
00-0030496,Le'Veon Bell,Le'Veon Bell,RB,1992-02-18,2013,2,48
BEL504835,Mark Bell,Mark Bell,WR,1957-06-14,,,
00-0024011,Michael Bell,Mike Bell,RB,1983-04-23,,,
00-0031529,Reginald Bell,Reggie Bell,WR,1992-05-06,,,
BEL537405,Richard Bell,Richard Bell,RB,1967-05-03,1990,12,319
BEL569975,Richard Bell,Ricky Bell,RB,1960-10-18,,,
BEL582188,Ricky Bell,Ricky Bell,RB,1955-04-08,,,
00-0038647,Ronnie Bell,Ronnie Bell,WR,2000-01-28,2023,7,253
00-0041443,Skyler Bell,Skyler Bell,WR,2002-07-05,2026,4,125
00-0022893,Tatum Bell,Tatum Bell,RB,1981-03-02,2004,2,41
BEL602545,Theopolis Bell,Theo Bell,WR,1953-12-21,,,
00-0029319,Joshua Bellamy,Josh Bellamy,WR,1989-05-18,,,
00-0035912,Levante Bellamy,LeVante Bellamy,RB,1996-11-28,,,
BEL651400,Michael Bellamy,Mike Bellamy,WR,1966-06-28,1990,2,50
00-0021788,Ronald Bellamy,Ronald Bellamy,WR,1981-12-28,,,
00-0038115,Daniel Bellinger,Daniel Bellinger,TE,2000-09-22,2022,4,112
BEL716540,Mark Bellini,Mark Bellini,WR,1964-01-19,1987,7,170
BEL781680,Horace Belton,Horace Belton,RB,1955-07-16,,,
00-0022325,Keith Belton,Thump Belton,RB,1981-06-01,,,
BEL797965,Willie Belton,Willie Belton,RB,1948-12-12,,,
00-0001074,Carey Bender,Carey Bender,RB,1972-01-28,,,
00-0001078,Wes Bender,Wes Bender,RB,1970-08-02,,,
BEN020764,Jesse Bendross,Jesse Bendross,WR,1962-07-19,1984,7,174
00-0001083,Clarence Benford,Clarence Benford,TE,1973-08-18,,,
00-0029001,Timothy Benford,Tim Benford,WR,1989-09-07,,,
BEN041528,Brant Bengen,Brant Bengen,WR,1964-03-30,,,
BEN062292,Eugene Benhart,Gene Benhart,QB,1967-01-04,,,
BEN124584,Anthony Benjamin,Tony Benjamin,RB,1955-10-27,,,
00-0036383,Eno Benjamin,Eno Benjamin,RB,1999-04-13,2020,7,222
BEN145348,Guy Benjamin,Guy Benjamin,QB,1955-06-27,,,
00-0031359,Kelvin Benjamin,Kelvin Benjamin,WR,1991-02-05,2014,1,28
00-0001092,Ryan Benjamin,Ryan Benjamin,RB,1970-04-23,,,
00-0029269,Travis Benjamin,Travis Benjamin,WR,1989-12-29,2012,4,100
00-0034131,Kurt Benkert,Kurt Benkert,QB,1995-07-17,,,
00-0027654,Arrelious Benn,Arrelious Benn,WR,1988-09-08,2010,2,39
BEN212831,Allen Bennett,Ben Bennett,QB,1962-05-05,1984,6,148
00-0019976,Andrew Bennett,Drew Bennett,WR,1978-08-26,,,
00-0001098,Brandon Bennett,Brandon Bennett,RB,1973-02-03,,,
00-0026210,Earl Bennett,Earl Bennett,WR,1987-03-23,2008,3,70
00-0001103,Edgar Bennett,Edgar Bennett,RB,1969-02-15,1992,4,103
BEN373752,Lewis Bennett,Lewis Bennett,WR,1963-08-04,,,
00-0026201,Martellus Bennett,Martellus Bennett,TE,1987-03-10,2008,2,61
00-0020514,Michael Bennett,Michael Bennett,RB,1978-08-13,2001,1,27
00-0032312,Michael Bennett,Michael Bennett,WR,1991-12-19,,,
00-0039107,Stetson Bennett,Stetson Bennett,QB,1997-10-28,2023,4,128
00-0001112,William Bennett,Sean Bennett,RB,1977-03-17,1999,4,112
00-0023439,Cedric Benson,Cedric Benson,RB,1982-12-28,2005,1,4
BEN539864,Clifford Benson,Cliff Benson,TE,1961-08-28,1984,5,132
00-0039656,Luke Benson,Luke Benson,TE,2001-04-06,,,
00-0040894,Malik Benson,Malik Benson,WR,2002-10-17,2026,6,195
BEN602156,Michael Benson,Mike Benson,WR,1963-02-15,,,
00-0039921,Trey Benson,Trey Benson,RB,2002-07-23,2024,3,66
00-0034930,Trinity Benson,Trinity Benson,WR,1997-01-16,,,
00-0001135,Albert Bentley,Albert Bentley,RB,1960-08-15,,,
00-0041133,Dallen Bentley,Dallen Bentley,TE,2000-12-31,2026,7,256
00-0040476,Ulysses Bentley,Ulysses Bentley,RB,2000-12-30,,,
00-0032901,Michael Bercovici,Mike Bercovici,QB,1993-02-09,,,
00-0023217,Adam Bergen,Adam Bergen,TE,1983-09-03,,,
00-0040247,Junior Bergen,Junior Bergen,WR,2002-10-23,2025,7,252
00-0023966,Troy Bergeron,Troy Bergeron,WR,1983-12-03,,,
00-0023158,Brock Berlin,Brock Berlin,QB,1981-07-04,,,
00-0020485,Edward Berlin,Eddie Berlin,WR,1978-01-14,2001,5,159
00-0041489,Germie Bernard,Germie Bernard,WR,2003-12-02,2026,2,47
00-0030456,Giovani Bernard,Giovani Bernard,RB,1991-11-22,2013,2,37
BER226515,Gregory Bernard,Karl Bernard,RB,1964-10-12,,,
BER239728,Yvenson Bernard,Yvenson Bernard,RB,1984-10-25,,,
00-0037580,Jared Bernhardt,Jared Bernhardt,WR,1997-09-12,,,
BER347323,Richard Berns,Rick Berns,RB,1956-02-05,,,
00-0001174,Rod Bernstine,Rod Bernstine,RB,1965-02-08,1987,1,24
BER422828,Timothy Berra,Tim Berra,WR,1951-09-23,,,
00-0022807,Bernard Berrian,Bernard Berrian,WR,1980-12-27,2004,3,78
00-0034419,Braxton Berrios,Braxton Berrios,WR,1995-10-06,2018,6,210
00-0028275,Damien Berry,Damien Berry,RB,1988-10-21,,,
00-0001183,Latin Berry,Latin Berry,RB,1967-01-13,1990,3,78
BER649343,Robert Berry,Bob Berry,QB,1942-03-10,,,
00-0037581,Stanley Berryhill,Stanley Berryhill,WR,1998-06-09,,,
00-0029394,Brenton Bersin,Brenton Bersin,WR,1990-05-09,,,
BER739949,James Bertelsen,Jim Bertelsen,RB,1950-02-26,,,
00-0021636,Sean Berton,Sean Berton,TE,1979-10-31,,,
BES011864,Fred Besana,Fred Besana,QB,1954-03-09,,,
00-0026000,Davone Bess,Davone Bess,WR,1985-09-13,,,
BES474616,Arthur Best,Art Best,RB,1953-03-18,,,
00-0027880,Jahvid Best,Jahvid Best,RB,1989-01-30,2010,1,30
00-0028359,McLeod Bethel-Thompson,McLeod Bethel-Thompson,QB,1988-07-03,,,
BET511128,James Betterson,James Betterson,RB,1954-08-20,,,
BET575019,Michael Bettiga,Mike Bettiga,WR,1950-09-10,,,
00-0001215,Jerome Bettis,Jerome Bettis,RB,1972-02-16,1993,1,10
00-0023923,Josh Betts,Josh Betts,QB,1982-08-25,,,
00-0021184,Ladell Betts,Ladell Betts,RB,1979-08-27,2002,2,56
00-0001218,Stephen Beuerlein,Steve Beuerlein,QB,1965-03-07,1987,4,110
BEV332232,Dwight Beverly,Dwight Beverly,RB,1961-12-05,1984,6,147
00-0001222,Eric Beverly,Eric Beverly,TE,1974-03-28,,,
00-0036718,Shaun Beyer,Shaun Beyer,TE,1996-11-11,,,
00-0001224,Tshimanga Biakabutuka,Tim Biakabutuka,RB,1974-01-24,1996,1,8
BIA207645,Frank Bianchini,Frank Bianchini,RB,1961-05-27,,,
00-0031968,Emmanuel Bibbs,E.J. Bibbs,TE,1991-08-28,,,
00-0031102,Kapri Bibbs,Kapri Bibbs,RB,1993-01-10,,,
00-0041576,Drew Biber,Drew Biber,TE,2002-10-04,,,
00-0022174,Erik Bickerstaff,Erik Bickerstaff,RB,1980-07-25,,,
00-0023867,RaTavious Biddle,Taye Biddle,WR,1983-02-27,,,
00-0024069,Troy Bienemann,Troy Bienemann,TE,1983-02-19,,,
00-0001233,Eric Bieniemy,Eric Bieniemy,RB,1969-08-15,1991,2,39
BIG276860,Keiron Bigby,Keiron Bigby,WR,1966-02-27,,,
00-0038555,Cantavious Bigsby,Tank Bigsby,RB,2002-08-30,2023,3,88
00-0023948,Damarius Bilbo,Damarius Bilbo,WR,1982-12-03,,,
BIL355962,Frederick Biletnikoff,Fred Biletnikoff,WR,1943-02-23,,,
00-0027614,Montez Billings,Montez Billings,WR,1986-06-15,,,
00-0032553,Jace Billingsley,Jace Billingsley,WR,1993-05-17,,,
00-0028400,Armon Binns,Armon Binns,WR,1989-09-08,,,
BIR166116,Steven Bird,Steve Bird,WR,1960-10-20,1983,5,130
00-0001259,LaJourdain Birden,J.J. Birden,WR,1965-06-16,1988,8,216
00-0023249,DeCori Birmingham,DeCori Birmingham,RB,1982-11-22,,,
00-0001268,Harold Bishop,Harold Bishop,TE,1970-04-08,1994,3,69
BIS415290,Keith Bishop,Keith Bishop,QB,1963-05-29,,,
00-0001272,Michael Bishop,Michael Bishop,QB,1976-05-15,1999,7,227
BJO415290,John Bjorklund,Hank Bjorklund,RB,1950-06-05,,,
00-0001281,Eric Bjornson,Eric Bjornson,TE,1971-12-15,1995,4,110
00-0019547,Avion Black,Avion Black,WR,1977-04-24,2000,4,121
BLA069212,James Black,James Black,RB,1962-04-03,,,
00-0041052,Kaelon Black,Kaelon Black,RB,2001-10-17,2026,3,90
00-0021034,Nathan Black,Nathan Black,WR,1978-06-20,,,
00-0036491,Tarik Black,Tarik Black,WR,1998-02-10,,,
BLA190333,Todd Black,Todd Black,WR,1964-04-12,,,
BLA224939,Todd Blackledge,Todd Blackledge,QB,1961-02-25,1983,1,7
00-0001298,Jonathan Blackman,Jon Blackman,TE,1975-10-08,,,
00-0029707,Justin Blackmon,Justin Blackmon,WR,1990-01-09,2012,1,5
00-0034170,Saeed Blacknall,Saeed Blacknall,WR,1996-03-17,,,
00-0037429,Raheem Blackshear,Raheem Blackshear,RB,1998-06-05,,,
BLA328757,Alois Blackwell,Alois Blackwell,RB,1954-11-12,,,
00-0001312,Kelly Blackwell,Kelly Blackwell,TE,1969-02-13,,,
00-0021720,Marquel Blackwell,Marquel Blackwell,QB,1979-07-29,,,
00-0001317,William Blackwell,Will Blackwell,WR,1975-07-06,1997,2,53
00-0001321,Brian Blades,Brian Blades,WR,1965-07-24,1988,2,49
00-0036463,Chris Blair,Chris Blair,WR,1997-10-06,,,
00-0001329,Michaelangelo Blair,Michael Blair,RB,1974-11-26,,,
BLA570999,Thomas Blair,T.C. Blair,TE,1951-08-04,,,
00-0034132,Christian Blake,Christian Blake,WR,1996-06-08,,,
00-0029860,Emory Blake,Emory Blake,WR,1991-07-18,,,
00-0001335,Jeffery Blake,Jeff Blake,QB,1970-12-04,1992,6,166
00-0001337,Ricky Blake,Ricky Blake,RB,1967-07-15,,,
BLA605605,Robert Blakely,Robert Blakely,WR,1959-09-20,,,
00-0031505,Issac Blakeney,Issac Blakeney,WR,1992-11-18,,,
00-0020985,Dwayne Blakley,Dwayne Blakley,TE,1979-08-10,,,
00-0029495,Matt Blanchard,Matt Blanchard,QB,1989-03-21,,,
00-0031194,Robert Blanchflower,Rob Blanchflower,TE,1990-06-08,2014,7,230
00-0001347,Anthony Bland,Tony Bland,WR,1972-12-12,,,
BLA657514,Carl Bland,Carl Bland,WR,1961-08-17,,,
BLA674817,George Blanda,George Blanda,QB,1927-09-17,,,
00-0035603,Kendall Blanton,Kendall Blanton,TE,1995-11-10,,,
00-0020315,Derrick Blaylock,Derrick Blaylock,RB,1979-08-23,2001,5,150
BLE184574,Curtis Bledsoe,Curtis Bledsoe,RB,1957-03-19,,,
00-0001361,Drew Bledsoe,Drew Bledsoe,QB,1972-02-14,1993,1,1
BLE553722,John Bleier,Bob Bleier,QB,1964-06-01,,,
BLE646009,Robert Bleier,Rocky Bleier,RB,1946-03-05,,,
00-0018625,Darrius Blevins,Darrius Blevins,WR,1976-04-21,,,
BLI166116,Dennis Bligen,Dennis Bligen,RB,1962-03-03,,,
00-0022594,Robert Blizzard,Bobby Blizzard,TE,1980-03-22,,,
00-0024361,Jeremy Bloom,Jeremy Bloom,WR,1982-04-02,,,
00-0035040,David Blough,David Blough,QB,1995-07-31,,,
BLO332232,Alvin Blount,Alvin Blount,RB,1965-02-12,1987,9,235
BLO498348,Edward Blount,Ed Blount,QB,1964-02-26,,,
BLO508848,Eric Blount,Eric Blount,WR,1970-09-22,1992,8,202
BLO581406,John Blount,Jeb Blount,QB,1954-07-12,,,
00-0027325,LeGarrette Blount,LeGarrette Blount,RB,1986-12-05,,,
00-0031075,Alfred Blue,Alfred Blue,RB,1991-04-27,2014,6,181
00-0031823,Javess Blue,Javess Blue,WR,1992-12-30,,,
00-0040586,Jaydon Blue,Jaydon Blue,RB,2004-01-08,2025,5,149
BLU355962,Luther Blue,Luther Blue,WR,1954-10-21,,,
00-0001387,Matthew Blundin,Matt Blundin,QB,1969-03-07,1992,2,40
00-0033367,Clarence Board,C.J. Board,WR,1993-12-12,,,
BOA498348,Mack Boatner,Mack Boatner,RB,1958-10-04,1982,9,248
00-0038752,Jake Bobo,Jake Bobo,WR,1998-08-04,,,
BOB566472,Phillip Bobo,Phillip Bobo,WR,1971-12-06,,,
BOD207645,Dominec Boddie,Tony Boddie,RB,1960-11-11,,,
00-0023822,Shaun Bodiford,Shaun Bodiford,WR,1982-05-04,,,
00-0032341,Moritz Boehringer,Moritz Boehringer,TE,1993-10-16,2016,6,180
00-0020583,Marc Boerigter,Marc Boerigter,WR,1978-05-04,,,
00-0041503,Nate Boerkircher,Nate Boerkircher,TE,2001-09-04,2026,2,56
00-0028299,Dontavia Bogan,Dontavia Bogan,WR,1988-10-06,,,
00-0029239,Brandon Bolden,Brandon Bolden,RB,1990-01-26,,,
00-0040493,Silas Bolden,Silas Bolden,WR,2001-11-09,,,
00-0037173,Slade Bolden,Slade Bolden,WR,1999-01-26,,,
00-0033306,Victor Bolden,Victor Bolden,WR,1995-04-04,,,
00-0022084,Anquan Boldin,Anquan Boldin,WR,1980-10-03,2003,2,54
00-0026607,Brock Bolen,Brock Bolen,RB,1985-03-24,,,
00-0001433,Eric Boles,Eric Boles,WR,1970-04-29,,,
BOL332229,Tony Boles,Tony Boles,RB,1967-12-11,,,
00-0022164,Kyle Boller,Kyle Boller,QB,1981-06-17,2003,1,19
00-0001438,Trevor Bollers,Trevor Bollers,RB,1974-09-24,,,
00-0022026,Brooks Bollinger,Brooks Bollinger,QB,1979-11-15,2003,6,200
00-0031088,Theodore Bolser,Ted Bolser,TE,1990-10-22,2014,7,217
BOL599859,Andrew Bolton,Andy Bolton,RB,1954-05-23,,,
BOL738288,Scott Bolton,Scott Bolton,WR,1965-01-04,1988,12,312
00-0026916,Rhett Bomar,Rhett Bomar,QB,1985-07-02,2009,5,151
00-0040782,Isaiah Bond,Isaiah Bond,WR,2004-03-15,,,
00-0041467,Lewis Bond,Lewis Bond,WR,2003-05-29,2026,6,204
00-0034578,Reggie Bonnafon,Reggie Bonnafon,RB,1996-01-04,,,
00-0021748,Cedric Bonner,Cedric Bonner,WR,1978-12-14,,,
BON575019,Glen Bonner,Glen Bonner,RB,1952-05-05,,,
00-0001468,Melvin Bonner,Melvin Bonner,WR,1970-02-18,1993,6,154
00-0030105,Michael Bonner,Alan Bonner,WR,1990-11-05,2013,6,195
00-0001470,Sherdrick Bonner,Sherdrick Bonner,QB,1968-10-19,,,
00-0001471,Steven Bono,Steve Bono,QB,1962-05-11,1985,6,142
00-0036929,Ian Book,Ian Book,QB,1998-03-30,2021,4,133
00-0032972,Devontae Booker,Devontae Booker,RB,1992-05-27,2016,4,136
00-0025458,Lorenzo Booker,Lorenzo Booker,RB,1984-06-14,2007,3,71
00-0001477,Marty Booker,Marty Booker,WR,1976-07-31,1999,3,78
00-0023748,Leo Bookman,Leo Bookman,WR,1982-01-03,,,
BOO276860,Gregory Boone,Greg Boone,RB,1962-01-08,,,
00-0030709,Kadron Boone,Kadron Boone,WR,1991-09-13,,,
00-0034208,Michael Boone,Mike Boone,RB,1995-07-30,,,
00-0041277,Davon Booth,Davon Booth,RB,2002-01-23,,,
00-0026277,John Booty,John David Booty,QB,1985-01-03,,,
00-0020486,Joshua Booty,Josh Booty,QB,1975-04-29,,,
BOO761365,Emerson Boozer,Emerson Boozer,RB,1943-07-04,,,
00-0028588,Diondre Borel,Diondre Borel,WR,1988-12-12,,,
BOR609092,Richard Borresen,Rich Borresen,TE,1964-03-16,,,
00-0031407,Robby Bortles,Blake Bortles,QB,1992-04-28,2014,1,3
BOR775208,Michael Boryla,Mike Boryla,QB,1951-03-06,,,
00-0001522,Casper Boso,Cap Boso,TE,1962-09-10,1986,8,207
00-0025540,Kevin Boss,Kevin Boss,TE,1984-01-11,2007,5,153
00-0001525,James Bostic,James Bostic,RB,1972-03-13,1994,3,83
00-0029601,Brandon Bostick,Brandon Bostick,TE,1989-05-03,,,
00-0001532,David Boston,David Boston,WR,1978-08-19,1999,1,8
00-0041037,Denzel Boston,Denzel Boston,WR,2003-12-06,2026,2,39
00-0001535,Kirk Botkin,Kirk Botkin,TE,1971-03-19,,,
00-0033630,Joel Bouagnon,Joel Bouagnon,RB,1995-03-28,,,
00-0001538,Kevin Bouie,Kevin Bouie,RB,1971-08-18,1995,7,210
00-0001545,Todd Bouman,Todd Bouman,QB,1972-08-01,,,
00-0033307,Kendrick Bourne,Kendrick Bourne,WR,1995-08-04,,,
00-0038608,Kayshon Boutte,Kayshon Boutte,WR,2002-05-07,2023,6,187
00-0001553,Willie Bouyer,Willie Bouyer,WR,1966-09-24,,,
BOU747522,Matthew Bouza,Matt Bouza,WR,1958-04-08,,,
00-0001555,Ellis Bowden,Andre Bowden,RB,1968-04-04,,,
00-0036364,Lynn Bowden,Lynn Bowden,WR,1997-10-14,2020,3,80
00-0025410,Dwayne Bowe,Dwayne Bowe,WR,1984-09-21,2007,1,23
00-0039338,Brock Bowers,Brock Bowers,TE,2002-12-13,2024,1,13
00-0036083,Nicholas Bowers,Nick Bowers,TE,1996-05-26,,,
00-0019826,Raymond Bowers,R.J. Bowers,RB,1974-02-10,,,
BOW207645,Samuel Bowers,Sam Bowers,TE,1957-12-22,,,
00-0001573,Larry Bowie,Larry Bowie,RB,1973-03-21,,,
00-0032515,Braedon Bowman,Braedon Bowman,TE,1994-01-30,,,
BOW581406,Kevin Bowman,Kevin Bowman,WR,1962-02-23,,,
00-0039550,Shawn Bowman,Shawn Bowman,TE,2000-05-16,,,
00-0001582,Fabien Bownes,Fabien Bownes,WR,1972-02-29,,,
00-0030474,Joshua Boyce,Josh Boyce,WR,1991-05-06,2013,4,102
00-0041205,Brady Boyd,Brady Boyd,WR,2002-06-06,,,
00-0030952,Christopher Boyd,Chris Boyd,WR,1991-12-16,,,
00-0024771,Cody Boyd,Cody Boyd,TE,1983-10-22,,,
00-0026378,Cory Boyd,Cory Boyd,RB,1985-08-06,2008,7,238
BOY127780,Elmo Boyd,Elmo Boyd,WR,1954-06-15,,,
00-0030029,Jheranie Boyd,Jheranie Boyd,WR,1989-11-16,,,
00-0019113,Prentice Boyd,LaVell Boyd,WR,1976-09-12,,,
00-0023126,Shane Boyd,Shane Boyd,QB,1982-09-18,,,
00-0001607,Tomie Boyd,Tommie Boyd,WR,1971-12-21,,,
00-0033009,Tyler Boyd,Tyler Boyd,WR,1994-11-15,2016,2,55
00-0001612,Mark Boyer,Mark Boyer,TE,1962-09-16,1985,9,229
BOY543065,Lon Boyett,Lon Boyett,TE,1953-12-24,,,
BOY606955,Gregory Boykin,Greg Boykin,RB,1953-12-08,,,
00-0029051,Jarrett Boykin,Jarrett Boykin,WR,1989-11-04,,,
00-0035703,Miles Boykin,Miles Boykin,WR,1996-10-12,2019,3,93
00-0032462,Trevone Boykin,Trevone Boykin,QB,1993-08-22,,,
00-0031598,Nicholas Boyle,Nick Boyle,TE,1993-02-17,2015,5,171
00-0034177,Timothy Boyle,Tim Boyle,QB,1994-10-03,,,
00-0028451,Brett Brackett,Brett Brackett,TE,1987-12-13,,,
00-0023588,Larry Brackins,Larry Brackins,WR,1982-11-05,,,
00-0001627,Corey Bradford,Corey Bradford,WR,1975-12-08,1998,5,150
00-0026038,Mark Bradford,Mark Bradford,WR,1984-10-07,,,
00-0027854,Samuel Bradford,Sam Bradford,QB,1987-11-08,2010,1,1
00-0039534,Carter Bradley,Carter Bradley,QB,2000-03-09,,,
BRA124584,Charles Bradley,Chuck Bradley,TE,1950-10-13,,,
BRA134966,Daniel Bradley,Danny Bradley,WR,1963-03-02,1985,7,189
00-0001636,Freddie Bradley,Freddie Bradley,RB,1970-06-12,1996,7,231
00-0036110,Ja'Marcus Bradley,Ja'Marcus Bradley,WR,1996-12-11,,,
00-0041176,Jaden Bradley,Jaden Bradley,WR,2003-03-25,,,
00-0041373,Jerand Bradley,Jerand Bradley,TE,2002-10-10,,,
00-0001641,Josh Bradley,Josh Bradley,TE,1974-03-27,,,
00-0023474,Mark Bradley,Mark Bradley,WR,1982-01-29,2005,2,39
00-0028277,Rodney Bradley,Rodney Bradley,WR,1988-09-10,,,
BRA238786,Steven Bradley,Steve Bradley,QB,1963-07-16,1986,12,316
00-0025637,Ahmad Bradshaw,Ahmad Bradshaw,RB,1986-03-19,2007,7,250
BRA290696,Morris Bradshaw,Morris Bradshaw,WR,1952-10-19,,,
BRA301078,Terry Bradshaw,Terry Bradshaw,QB,1948-09-02,,,
BRA321842,William Bradshaw,Craig Bradshaw,QB,1957-08-14,1980,7,182
00-0035898,Darius Bradwell,Darius Bradwell,RB,1997-05-15,,,
00-0001661,Kyle Brady,Kyle Brady,TE,1972-01-14,1995,1,9
00-0001663,Rickey Brady,Rickey Brady,TE,1970-11-19,1994,6,167
00-0019596,Thomas Brady,Tom Brady,QB,1977-08-03,2000,6,199
00-0040977,Cortez Braham,Cortez Braham,WR,2000-03-06,,,
00-0022303,Mike Brake,Mike Brake,TE,1980-05-06,,,
00-0022829,Casey Bramlet,Casey Bramlet,QB,1981-04-02,,,
BRA477572,Mark Brammer,Mark Brammer,TE,1958-05-03,1980,3,67
00-0021192,Anthony Branch,Deion Branch,WR,1979-07-18,2002,2,65
BRA498336,Clifford Branch,Cliff Branch,WR,1948-08-01,,,
00-0024202,Jamaal Branch,Jamaal Branch,RB,1981-01-30,,,
BRA519100,Reginald Branch,Reggie Branch,RB,1962-10-22,,,
00-0041044,Zachariah Branch,Zachariah Branch,WR,2004-03-29,2026,3,79
00-0001682,John Brandes,John Brandes,TE,1964-04-02,,,
00-0027121,Thomas Brandstater,Tom Brandstater,QB,1984-10-21,2009,6,174
00-0026513,Marquez Branson,Marquez Branson,TE,1987-02-14,,,
00-0001692,Christopher Brantley,Chris Brantley,WR,1970-12-12,1994,4,108
BRA654066,Rheugene Branton,Gene Branton,WR,1960-11-23,1983,6,148
00-0031273,Cameron Brate,Cameron Brate,TE,1991-07-03,,,
00-0001704,Jason Bratton,Jason Bratton,RB,1972-10-19,,,
00-0032661,Benjamin Braunecker,Ben Braunecker,TE,1994-02-07,,,
00-0032801,Daniel Braverman,Daniel Braverman,WR,1993-09-28,2016,7,230
BRA747504,James Braxton,Jim Braxton,RB,1949-05-23,,,
00-0031514,JaQuan Bray,Quan Bray,WR,1993-04-28,,,
00-0030151,Tyler Bray,Tyler Bray,QB,1991-12-27,,,
00-0040323,Timothy Brayboy,Chandler Brayboy,WR,2001-08-20,,,
00-0024445,Bennie Brazell,Bennie Brazell,WR,1982-06-02,,,
00-0029548,LaVon Brazill,LaVon Brazill,WR,1989-03-15,2012,6,206
00-0041047,Chris Brazzell,Chris Brazzell,WR,2003-10-23,2026,3,83
00-0001719,Christopher Brazzell,Chris Brazzell,WR,1976-05-22,1998,6,174
00-0025529,Steven Breaston,Steve Breaston,WR,1983-08-20,2007,5,142
00-0041081,Max Bredeson,Max Bredeson,RB,2002-10-04,2026,5,159
00-0020783,Dimitrius Breedlove,Dimitrius Breedlove,WR,1978-06-09,,,
00-0036154,Jacob Breeland,Jacob Breeland,TE,1996-09-20,,,
BRE196713,Adrian Breen,Adrian Breen,QB,1965-01-11,,,
00-0020531,Drew Brees,Drew Brees,QB,1979-01-15,2001,2,32
00-0033308,Matthew Breida,Matt Breida,RB,1995-02-28,,,
00-0001727,Brian Brennan,Brian Brennan,WR,1962-02-15,1984,4,104
00-0026326,Colt Brennan,Colt Brennan,QB,1983-08-16,2008,6,186
00-0001732,Hoby Brenner,Hoby Brenner,TE,1959-06-02,1981,3,71
00-0032926,Keith Brent,K.J. Brent,WR,1993-08-06,,,
00-0023972,C.J. Brewer,C.J. Brewer,WR,1982-05-12,,,
BRE633853,Christopher Brewer,Chris Brewer,RB,1962-01-23,1984,9,245
00-0001743,Dewell Brewer,Dewell Brewer,RB,1970-05-22,,,
00-0020398,Sean Brewer,Sean Brewer,TE,1977-10-05,2001,3,66
00-0023860,Carlton Brewster,Carlton Brewster,WR,1983-02-12,,,
00-0037174,Shemar Bridges,Shemar Bridges,WR,1997-12-26,,,
00-0031237,Theodore Bridgewater,Teddy Bridgewater,QB,1992-11-10,2014,1,32
BRI212465,Walter Briggs,Walter Briggs,QB,1965-08-06,,,
00-0001766,Jeremy Brigham,Jeremy Brigham,TE,1975-03-22,1998,5,127
00-0020520,Anthony Bright,Anthony Bright,WR,1977-03-28,,,
00-0026492,Eugene Bright,Eugene Bright,TE,1985-04-18,,,
BRI289725,Leon Bright,Leon Bright,RB,1955-05-19,,,
00-0036569,Gary Brightwell,Gary Brightwell,RB,1998-02-28,2021,6,196
BRI347670,James Brim,Jim Brim,WR,1963-02-28,,,
00-0040081,Jake Briningstool,Jake Briningstool,TE,2002-12-09,,,
00-0026363,Alex Brink,Alex Brink,QB,1985-06-02,2008,7,223
00-0026745,Curtis Brinkley,Curtis Brinkley,RB,1985-09-20,,,
BRI463560,Dana Brinson,Dana Brinson,WR,1965-04-10,1989,8,204
BRI482875,Lawrence Brinson,Larry Brinson,RB,1954-06-06,,,
00-0001783,Vincent Brisby,Vincent Brisby,WR,1971-01-25,1993,2,56
00-0027789,Dezmon Briscoe,Dezmon Briscoe,WR,1989-08-31,2010,6,191
BRI502190,Marlin Briscoe,Marlin Briscoe,WR,1945-09-10,,,
00-0040970,Michael Briscoe,Michael Briscoe,WR,2002-07-24,,,
00-0033119,Jacoby Brissett,Jacoby Brissett,QB,1992-12-11,2016,3,91
00-0001785,Walter Brister,Bubby Brister,QB,1962-08-15,1986,3,67
BRI540820,Willie Brister,Willie Brister,TE,1952-01-28,,,
BRI683525,James Britt,Ralph Britt,TE,1965-03-18,,,
BRI695340,Jessie Britt,Jessie Britt,WR,1963-03-03,,,
00-0027006,Kenneth Britt,Kenny Britt,WR,1988-09-19,2009,1,30
00-0001790,Eddie Britton,Eddie Britton,WR,1968-12-01,,,
BRO009384,Jerry Broadnax,Jerry Broadnax,TE,1951-08-19,,,
00-0001796,Frederick Brock,Fred Brock,WR,1974-11-15,,,
00-0026699,Kevin Brock,Kevin Brock,TE,1986-04-09,,,
00-0029506,Logan Brock,Logan Brock,TE,1988-10-05,,,
BRO046920,Ralph Brock,Dieter Brock,QB,1951-02-12,,,
00-0027583,Richard Brockel,Richie Brockel,TE,1986-07-24,,,
BRO065688,John Brockington,John Brockington,RB,1948-09-07,,,
00-0041187,Le'Meke Brockington,Le'Meke Brockington,WR,2001-10-08,,,
00-0040053,Tyrone Broden,Tyrone Broden,WR,2001-02-26,,,
00-0028755,Mason Brodine,Mason Brodine,TE,1988-02-18,,,
00-0026196,Brian Brohm,Brian Brohm,QB,1985-09-23,2008,2,56
00-0001810,Jeffery Brohm,Jeff Brohm,QB,1971-04-24,,,
00-0001815,Benjamin Bronson,Ben Bronson,WR,1972-09-09,,,
00-0031405,Demitrius Bronson,Demitrius Bronson,RB,1990-03-06,,,
00-0023218,Johnathon Bronson,John Bronson,TE,1982-07-08,,,
00-0019423,Jason Brookins,Jason Brookins,RB,1976-01-05,,,
BRO112608,Mitchell Brookins,Mitchell Brookins,WR,1960-12-10,1984,4,95
00-0001823,Aaron Brooks,Aaron Brooks,QB,1976-03-24,1999,4,131
00-0001824,Anthony Brooks,Anthony Brooks,WR,1968-08-03,,,
00-0001842,Barry Brooks,Macey Brooks,WR,1975-02-02,1997,4,127
00-0039603,British Brooks,British Brooks,RB,1999-11-18,,,
00-0027524,Christopher Brooks,Chris Brooks,WR,1987-02-05,,,
00-0038685,Christopher Brooks,Christopher Brooks,RB,2000-01-11,,,
00-0040315,Ja'Corey Brooks,Ja'Corey Brooks,WR,2001-10-31,,,
00-0038640,Jalen Brooks,Jalen Brooks,WR,2000-05-07,2023,7,244
00-0001837,James Brooks,James Brooks,RB,1958-12-28,1981,1,24
00-0039344,Jonathon Brooks,Jonathon Brooks,RB,2003-07-21,2024,2,46
00-0029478,Jourdan Brooks,Jourdan Brooks,RB,1988-08-22,,,
00-0037131,Kennedy Brooks,Kennedy Brooks,RB,1998-10-08,,,
BRO160701,Raymond Brooks,Tony Brooks,RB,1969-08-17,1992,4,92
00-0001847,Reginald Brooks,Reggie Brooks,RB,1971-01-19,1993,2,45
00-0001848,Robert Brooks,Robert Brooks,WR,1970-06-23,1992,3,62
00-0001849,Steven Brooks,Steve Brooks,TE,1971-06-02,,,
00-0040208,Tahj Brooks,Tahj Brooks,RB,2002-05-13,2025,6,193
00-0001826,William Brooks,Bill Brooks,WR,1964-04-06,1986,4,86
BRO182988,William Brooks,Billy Brooks,WR,1953-08-20,,,
00-0032808,Zacchaeous Brooks,Zac Brooks,RB,1993-02-01,2016,7,247
00-0035551,Tony Brooks-James,Tony Brooks-James,RB,1994-12-06,,,
00-0040494,Max Brosmer,Max Brosmer,QB,2001-03-28,,,
00-0034961,Nick Brossette,Nick Brossette,RB,1996-03-02,,,
00-0001862,Luther Broughton,Luther Broughton,TE,1974-11-30,1997,5,155
00-0023654,Nehemiah Broughton,Nehemiah Broughton,RB,1982-11-04,2005,7,222
BRO211140,Walter Broughton,Walter Broughton,WR,1962-10-20,,,
00-0022605,Jamall Broussard,Jamall Broussard,WR,1981-08-19,,,
00-0025616,John Broussard,John Broussard,WR,1983-12-18,2007,7,229
00-0001868,Steven Broussard,Steve Broussard,RB,1967-02-22,1990,1,20
00-0024629,Aaron Brown,Aaron Brown,WR,1985-11-27,,,
00-0027129,Aaron Brown,Aaron Brown,RB,1985-10-10,2009,6,192
00-0039511,Ahmarean Brown,Ahmarean Brown,WR,2000-12-19,,,
00-0027094,Andre Brown,Andre Brown,RB,1986-12-15,2009,4,129
BRO253368,Andre Brown,Andre Brown,WR,1966-08-21,,,
00-0037175,Anthony Brown,Anthony Brown,QB,1998-07-27,,,
BRO264628,Anthony Brown,A.B. Brown,RB,1965-12-04,1989,8,209
00-0021425,Antonio Brown,Antonio Brown,WR,1978-03-03,,,
00-0027793,Antonio Brown,Antonio Brown,WR,1988-07-10,2010,6,195
00-0035676,Arthur Brown,A.J. Brown,WR,1997-06-30,2019,2,51
00-0041099,Barion Brown,Barion Brown,WR,2003-12-12,2026,6,190
BRO274733,Boyd Brown,Boyd Brown,TE,1952-05-24,,,
00-0019027,Braynard Brown,Bobby Brown,WR,1977-03-26,,,
00-0033655,Brian Brown,Brian Brown,WR,1994-10-22,,,
00-0037329,Brittain Brown,Brittain Brown,RB,1997-10-10,2022,7,250
00-0029429,Bryce Brown,Bryce Brown,RB,1991-05-14,2012,7,229
00-0040930,Camden Brown,Camden Brown,WR,2004-05-06,,,
BRO290904,Carlos Brown,Carlos Brown,QB,1952-07-31,,,
BRO304980,Charles Brown,Charlie Brown,WR,1958-10-29,1981,8,201
00-0038597,Chase Brown,Chase Brown,RB,2000-03-21,2023,5,163
00-0026434,Chris Brown,Chris Brown,TE,1986-06-23,,,
00-0032702,Chris Brown,Chris Brown,WR,1993-12-08,,,
00-0022092,Christopher Brown,Chris Brown,RB,1981-04-17,2003,3,93
BRO351900,Clayton Brown,Clay Brown,RB,1958-09-20,1981,2,42
00-0020215,Corey Brown,Corey Brown,WR,1978-08-12,,,
00-0031118,Corey Brown,Corey Brown,WR,1991-12-16,,,
00-0001901,Curtis Brown,Curtis Brown,WR,1971-07-18,,,
BRO361284,Curtis Brown,Curtis Brown,RB,1954-12-07,,,
00-0031960,Da'Ron Brown,Da'Ron Brown,WR,1991-09-21,2015,7,233
00-0020376,Dadrian Brown,Dee Brown,RB,1978-05-12,2001,6,175
00-0032098,Daniel Brown,Daniel Brown,TE,1992-05-26,,,
00-0021434,Dante Brown,Dante Brown,RB,1980-07-28,,,
00-0001907,David Brown,Dave Brown,QB,1970-02-25,,,
00-0019312,DeMario Brown,DeMario Brown,RB,1977-03-06,,,
00-0001918,Derek Brown,Derek Brown,RB,1971-04-15,1993,4,109
00-0001919,Derek Brown,Derek Brown,TE,1970-03-31,1992,1,14
00-0027003,Donald Brown,Donald Brown,RB,1987-04-11,2009,1,27
00-0036626,Dyami Brown,Dyami Brown,WR,1999-11-01,2021,3,82
00-0001923,Eddie Brown,Eddie Brown,WR,1962-12-18,1985,1,13
BRO426972,Eric Brown,Eric Brown,WR,1964-09-07,,,
00-0026966,Freddie Brown,Freddie Brown,WR,1986-06-24,,,
00-0033994,Frederick Brown,Fred Brown,WR,1993-12-01,,,
00-0001938,Gary Brown,Gary Brown,RB,1969-07-01,1991,8,214
BRO455124,Gordon Brown,Gordon Brown,RB,1963-03-19,,,
00-0001952,Ivory Brown,Ivory Lee Brown,RB,1969-08-17,1991,7,171
00-0027804,Jacob Brown,Levi Brown,QB,1987-03-11,2010,7,209
00-0030300,Jaron Brown,Jaron Brown,WR,1990-01-08,,,
00-0027376,Jarrett Brown,Jarrett Brown,QB,1987-09-21,,,
00-0031051,John Brown,John Brown,WR,1990-04-03,2014,3,91
00-0030466,Justin Brown,Justin Brown,WR,1991-03-10,2013,6,186
00-0035605,Keenen Brown,Keenen Brown,TE,1995-12-22,,,
BRO506736,Kenneth Brown,Ken Brown,WR,1965-03-10,,,
BRO516120,Kenneth Brown,Ken Brown,RB,1945-11-08,,,
00-0028861,LaMark Brown,LaMark Brown,TE,1989-07-05,,,
BRO525504,Laron Brown,Laron Brown,WR,1963-11-10,1987,11,304
00-0001986,Larry Brown,Larry Brown,TE,1976-09-01,,,
BRO542261,Lawrence Brown,Larry Brown,WR,1963-09-04,,,
BRO544942,Lawrence Brown,Larry Brown,RB,1947-09-19,,,
00-0001988,Leon Brown,Leon Brown,RB,1970-05-16,,,
00-0032048,Mack Brown,Mack Brown,RB,1991-09-24,,,
00-0031806,Malcolm Brown,Malcolm Brown,RB,1993-05-15,,,
BRO553656,Marc Brown,Marc Brown,WR,1961-05-07,,,
00-0030400,Marlon Brown,Marlon Brown,WR,1991-04-22,,,
00-0035662,Marquise Brown,Marquise Brown,WR,1997-06-04,2019,1,25
00-0002005,Na Brown,Na Brown,WR,1977-02-22,1999,4,130
00-0033591,Noah Brown,Noah Brown,WR,1996-01-06,2017,7,239
00-0033439,Pharaoh Brown,Pharaoh Brown,TE,1994-05-04,,,
BRO581808,Preston Brown,Preston Brown,WR,1958-03-02,1980,6,160
BRO605268,Raynard Brown,Ray Brown,WR,1965-07-25,1987,10,259
00-0023470,Reggie Brown,Reggie Brown,WR,1981-01-13,2005,2,35
BRO612306,Reginald Brown,Reggie Brown,WR,1970-05-05,,,
BRO614065,Reginald Brown,Reggie Brown,RB,1960-03-12,1982,4,95
00-0019399,Ricky Brown,Ricky Brown,RB,1976-12-06,,,
BRO660870,Ronald Brown,Ron Brown,WR,1961-03-31,1983,2,41
BRO661572,Ronald Brown,Ron Brown,WR,1963-01-11,,,
00-0023437,Ronnie Brown,Ronnie Brown,RB,1981-12-12,2005,1,2
00-0041374,Sincere Brown,Sincere Brown,WR,2001-12-08,,,
00-0036543,Spencer Brown,Spencer Brown,RB,1998-11-13,,,
BRO703800,Theotis Brown,Theotis Brown,RB,1957-04-20,,,
00-0026312,Thomas Brown,Thomas Brown,RB,1986-05-15,2008,6,172
BRO717876,Thomas Brown,Ted Brown,RB,1957-02-15,,,
BRO719961,Thomas Brown,Tom Brown,RB,1964-11-20,,,
BRO727260,Thomas Brown,Tom Brown,WR,1963-12-24,,,
00-0027260,Tim Brown,Tim Brown,WR,1987-11-09,,,
00-0002058,Timothy Brown,Tim Brown,WR,1966-07-22,1988,1,6
00-0036111,Tony Brown,Tony Brown,WR,1997-08-08,,,
00-0019192,Travis Brown,Travis Brown,QB,1977-07-17,,,
BRO738794,Travis Brown,Travis Brown,WR,1986-07-26,,,
00-0002068,Troy Brown,Troy Brown,WR,1971-07-02,1993,8,198
00-0002069,Tyrone Brown,Tyrone Brown,WR,1973-01-03,,,
00-0028020,Vincent Brown,Vincent Brown,WR,1989-01-25,2011,3,82
00-0029155,William Brown,Mike Brown,WR,1989-02-09,,,
00-0033735,William Brown,Billy Brown,TE,1993-03-20,,,
BRO760104,William Brown,Bill Brown,RB,1938-06-29,,,
BRO776526,Willie Brown,Norris Brown,TE,1961-07-10,1983,8,213
00-0029710,Zacchaeus Brown,Zach Brown,RB,1989-02-06,,,
00-0032831,Brandon Brown-Dukes,Brandon Brown-Dukes,RB,1992-04-29,,,
BRO783564,James Browne,Jim Browne,RB,1962-03-16,,,
00-0035100,Jake Browning,Jake Browning,QB,1996-04-11,,,
00-0038492,Jason Brownlee,Jason Brownlee,WR,1999-01-30,,,
00-0029209,Ryan Broyles,Ryan Broyles,WR,1988-04-09,2012,2,54
00-0018996,Arland Bruce,Arland Bruce,WR,1977-11-23,,,
00-0002099,Isaac Bruce,Isaac Bruce,WR,1972-11-10,1994,2,33
BRU122140,Nicholas Bruckner,Nick Bruckner,WR,1961-05-19,,,
00-0002102,Mark Bruener,Mark Bruener,TE,1972-09-16,1995,1,27
BRU244280,Robert Bruer,Bob Bruer,TE,1953-05-22,,,
00-0002110,Mark Brunell,Mark Brunell,QB,1970-09-17,1993,5,118
BRU610700,Robert Brunet,Bob Brunet,RB,1946-07-29,,,
BRU683984,Scott Brunner,Scott Brunner,QB,1957-03-24,1980,6,145
BRU757268,Larry Brunson,Larry Brunson,WR,1949-08-11,,,
00-0002125,Tim Bruton,Tim Bruton,TE,1967-06-14,,,
BRY060559,George Bryan,George Bryan,TE,1989-05-11,,,
00-0021191,Antonio Bryant,Antonio Bryant,WR,1981-03-09,2002,2,63
00-0027902,Desmond Bryant,Dez Bryant,WR,1988-11-04,2010,1,24
00-0036232,Harrison Bryant,Harrison Bryant,TE,1998-04-23,2020,4,115
00-0036008,Hunter Bryant,Hunter Bryant,TE,1998-08-20,,,
BRY490789,Kelvin Bryant,Kelvin Bryant,RB,1960-09-26,1983,7,196
00-0029637,Lamont Bryant,Lamont Bryant,WR,1988-01-06,,,
00-0031373,Martavis Bryant,Martavis Bryant,WR,1991-12-20,2014,4,118
00-0040134,Patrick Bryant,Pat Bryant,WR,2002-12-10,2025,3,74
00-0022563,Ricky Bryant,Ricky Bryant,WR,1981-03-24,,,
00-0022383,Romeo Bryant,Romby Bryant,WR,1979-12-21,,,
BRY566295,Stephen Bryant,Steve Bryant,WR,1959-10-10,1982,4,94
00-0035548,Ventell Bryant,Ventell Bryant,WR,1996-08-24,,,
BRY755060,William Bryant,Cullen Bryant,RB,1951-05-20,,,
00-0002132,Wilson Bryant,Beno Bryant,RB,1971-01-01,,,
00-0002159,Adrian Bryson,Shawn Bryson,RB,1976-11-30,1999,3,86
00-0002167,Richard Buchanan,Richard Buchanan,WR,1969-05-08,,,
00-0023947,William Buchanon,Will Buchanon,WR,1983-04-05,,,
00-0002174,Michael Buck,Mike Buck,QB,1967-04-22,1990,6,156
BUC514163,Donald Buckey,Don Buckey,WR,1953-11-09,,,
00-0020270,Correll Buckhalter,Correll Buckhalter,RB,1978-10-06,2001,4,121
00-0024738,Eldra Buckley,Eldra Buckley,RB,1985-06-23,,,
00-0027207,Tim Buckley,Tim Buckley,WR,1988-08-19,,,
00-0030299,Dan Buckner,Dan Buckner,WR,1990-05-31,,,
00-0036679,Shane Buechele,Shane Buechele,QB,1998-01-08,,,
BUG553722,Daniel Buggs,Danny Buggs,WR,1953-04-22,,,
BUL075507,Norman Bulaich,Norm Bulaich,RB,1946-12-25,,,
00-0019599,Marc Bulger,Marc Bulger,QB,1977-04-05,2000,6,168
BUL226521,John Bull,Scott Bull,QB,1953-06-08,,,
00-0002202,Kendricke Bullard,Kendricke Bullard,WR,1972-04-30,,,
00-0041241,Kentrel Bullock,Kentrel Bullock,RB,2002-03-31,,,
00-0029968,Chad Bumphis,Chad Bumphis,WR,1989-10-18,,,
00-0025892,Michael Bumpus,Michael Bumpus,WR,1985-12-13,,,
00-0032691,Quenton Bundrage,Quenton Bundrage,WR,1991-09-13,,,
00-0033087,Marquis Bundy,Marquis Bundy,WR,1994-08-05,,,
00-0035067,Ian Bunting,Ian Bunting,TE,1996-02-10,,,
BUR009887,Cornell Burbage,Cornell Burbage,WR,1965-02-22,,,
00-0032441,Aaron Burbridge,Aaron Burbridge,WR,1993-12-23,2016,6,213
00-0040735,Luther Burden,Luther Burden,WR,2003-12-12,2025,2,39
00-0021322,Seth Burford,Seth Burford,QB,1979-03-11,,,
00-0039626,Cole Burgess,Cole Burgess,WR,2000-02-11,,,
BUR079096,Fernanza Burgess,Fernanza Burgess,WR,1960-03-06,,,
00-0025986,Rudolph Burgess,Rudy Burgess,WR,1984-09-19,,,
00-0002250,John Burke,John Burke,TE,1971-09-07,1994,4,121
BUR187853,Joseph Burke,Joe Burke,RB,1961-02-09,,,
00-0002254,Paul Burke,Paul Burke,TE,1969-02-16,,,
BUR217514,Randall Burke,Randy Burke,WR,1955-05-26,,,
00-0002258,Christopher Burkett,Chris Burkett,WR,1962-08-21,1985,2,42
00-0030288,Michael Burkhead,Rex Burkhead,RB,1990-07-02,2013,6,190
00-0032844,Brandon Burks,Brandon Burks,RB,1993-11-01,,,
00-0025773,Dan Burks,Dan Burks,RB,1983-08-29,,,
00-0041132,Deion Burks,Deion Burks,WR,2003-01-08,2026,7,254
00-0002266,Dialleo Burks,Dialleo Burks,WR,1974-07-07,,,
BUR286723,Randall Burks,Randy Burks,WR,1953-08-22,,,
BUR316384,Steven Burks,Steve Burks,WR,1953-08-06,,,
00-0037742,Treylon Burks,Treylon Burks,WR,2000-03-23,2022,1,18
00-0002274,Jason Burleson,Jason Burleson,TE,1968-11-09,,,
00-0021999,Nathaniel Burleson,Nate Burleson,WR,1981-08-19,2003,3,71
00-0034653,Deontay Burnett,Deontay Burnett,WR,1997-10-04,,,
BUR514124,Edward Burns,Ed Burns,QB,1954-12-07,,,
00-0002311,Jason Burns,Jason Burns,RB,1972-11-27,,,
00-0020917,Joe Burns,Joe Burns,RB,1979-09-15,,,
00-0038419,Robert Burns,Robert Burns,RB,1998-09-25,,,
BUR543785,Robert Burns,Bob Burns,RB,1952-01-12,,,
00-0029224,Troy Burrell,Troy Burrell,WR,1989-07-12,,,
00-0019642,Plaxico Burress,Plaxico Burress,WR,1977-08-12,2000,1,8
00-0019764,Henry Burris,Henry Burris,QB,1975-06-04,,,
00-0020509,Jonathan Burrough,Jonathan Burrough,TE,1978-08-30,,,
BUR622881,Kenneth Burrough,Ken Burrough,WR,1948-07-14,,,
00-0036442,Joseph Burrow,Joe Burrow,QB,1996-12-10,2020,1,1
BUR682203,Kenneth Burrow,Ken Burrow,WR,1948-03-29,,,
00-0030671,Isaiah Burse,Isaiah Burse,WR,1991-12-08,,,
BUR701977,Tony Burse,Tony Burse,RB,1965-04-04,1987,12,324
00-0036088,Jake Burt,Jake Burt,TE,1996-08-25,,,
00-0039810,Jermaine Burton,Jermaine Burton,WR,2001-06-28,2024,3,80
00-0026268,Keenan Burton,Keenan Burton,WR,1984-10-29,2008,4,128
00-0030710,Lawrence Burton,Trey Burton,TE,1991-10-29,,,
BUR771186,Lawrence Burton,Larry Burton,WR,1951-12-15,,,
00-0028174,Stephen Burton,Stephen Burton,WR,1989-12-11,2011,7,236
BUS146571,Michael Busch,Mike Busch,QB,1962-02-08,,,
00-0025487,Michael Bush,Michael Bush,RB,1984-06-16,2007,4,100
00-0024217,Reginald Bush,Reggie Bush,RB,1985-03-02,2006,1,2
00-0002380,Steven Bush,Steve Bush,RB,1974-07-04,,,
00-0036519,Matt Bushman,Matt Bushman,TE,1995-11-03,,,
BUS732855,Dexter Bussey,Dexter Bussey,RB,1952-03-11,,,
00-0036541,Rico Bussey,Rico Bussey,WR,1998-02-25,,,
00-0030516,Brice Butler,Brice Butler,WR,1990-01-29,2013,7,209
00-0026783,Carson Butler,Carson Butler,TE,1987-08-21,,,
00-0034943,Emmanuel Butler,Emmanuel Butler,WR,1996-08-27,,,
BUT233595,Gary Butler,Gary Butler,TE,1951-01-11,,,
BUT243197,Gerald Butler,Gerald Butler,WR,1954-06-05,,,
00-0035529,Hakeem Butler,Hakeem Butler,WR,1996-05-16,2019,4,103
00-0034870,James Butler,James Butler,RB,1995-02-19,,,
00-0030691,Jeremy Butler,Jeremy Butler,WR,1991-04-22,,,
BUT285505,Jerry Butler,Jerry Butler,RB,1961-12-07,,,
BUT311460,Jerry Butler,Jerry Butler,WR,1957-10-12,,,
00-0026397,Michael Butler,Eric Butler,TE,1984-09-13,,,
00-0034313,Paul Butler,Paul Butler,TE,1993-04-26,,,
BUT519100,Raymond Butler,Ray Butler,WR,1956-06-28,1980,4,88
00-0023716,Terry Butler,Terry Butler,RB,1982-08-02,,,
00-0023317,Vincent Butler,Vincent Butler,WR,1981-05-09,,,
00-0027063,Vincent Butler,Deon Butler,WR,1986-01-04,2009,3,91
BUT622920,William Butler,Bill Butler,RB,1950-08-12,,,
00-0033564,Jonathan Butt,Jake Butt,TE,1995-07-11,2017,5,145
00-0002435,Mark Butterfield,Mark Butterfield,QB,1973-07-14,,,
BUT729730,Derek Buttles,Derek Buttles,TE,1989-09-27,,,
00-0002440,Marion Butts,Marion Butts,RB,1966-08-01,1989,7,183
00-0027780,Nathan Byham,Nate Byham,TE,1988-06-27,2010,6,182
00-0002458,Earnest Byner,Earnest Byner,RB,1962-09-15,1984,10,280
00-0002459,Kenneth Bynum,Kenny Bynum,RB,1974-05-29,1997,5,138
BYN553722,Reginald Bynum,Reggie Bynum,WR,1964-02-10,1986,9,222
00-0038860,Terrell Bynum,Terrell Bynum,WR,1998-08-03,,,
00-0031868,Damiere Byrd,Damiere Byrd,WR,1993-01-27,,,
00-0027146,Demetrius Byrd,Demetrius Byrd,WR,1986-06-30,,,
00-0024308,Dominique Byrd,Dominique Byrd,TE,1984-02-07,2006,3,93
00-0033514,Emanuel Byrd,Emanuel Byrd,TE,1994-12-09,,,
00-0002469,Isaac Byrd,Isaac Byrd,WR,1974-11-16,1997,6,195
00-0029343,LaRon Byrd,LaRon Byrd,WR,1989-08-18,,,
BYR622935,Sylvester Byrd,Sylvester Byrd,TE,1963-05-01,,,
00-0029175,Jacob Byrne,Jake Byrne,TE,1990-01-24,,,
BYR761365,Carl Byrum,Carl Byrum,RB,1963-06-29,1986,5,111
00-0026106,Matt Caddell,Matt Caddell,WR,1984-12-02,,,
00-0029205,Travaris Cadet,Travaris Cadet,RB,1989-02-01,,,
00-0036145,Lawrence Cager,Lawrence Cager,TE,1997-08-20,,,
00-0002500,Victor Cahoon,Victor Cahoon,WR,1968-12-20,,,
00-0034406,Deon Cain,Deon Cain,WR,1996-08-09,2018,6,185
CAI276860,James Cain,J.V. Cain,TE,1951-07-22,,,
CAI553720,Lynn Cain,Lynn Cain,RB,1955-10-16,,,
00-0032716,Devon Cajuste,Devon Cajuste,TE,1993-01-31,,,
00-0036435,Raymond Calais,Raymond Calais,RB,1998-04-02,2020,7,245
00-0037086,Grant Calcaterra,Grant Calcaterra,TE,1998-12-04,2022,6,198
00-0026237,Andre Caldwell,Andre Caldwell,WR,1985-04-15,2008,3,97
CAL193802,Craig Caldwell,Scott Caldwell,RB,1963-02-08,1985,8,202
00-0021176,Donald Caldwell,Reche Caldwell,WR,1979-03-28,2002,2,48
00-0040953,Jeff Caldwell,Jeff Caldwell,WR,2003-03-02,,,
00-0041414,Matthew Caldwell,Matthew Caldwell,QB,2003-05-23,,,
00-0002517,Michael Caldwell,Mike Caldwell,WR,1971-03-28,,,
00-0024289,Brian Calhoun,Brian Calhoun,RB,1984-05-08,2006,3,74
CAL359918,Donald Calhoun,Don Calhoun,RB,1952-04-29,,,
CAL404907,James Calhoun,Rick Calhoun,RB,1963-05-30,1987,9,230
00-0027261,Nathaniel Calhoun,Duke Calhoun,WR,1987-09-01,,,
00-0022087,Tyrone Calico,Tyrone Calico,WR,1980-11-09,2003,2,60
00-0032630,Francis Callahan,Joe Callahan,QB,1993-06-04,,,
00-0034772,Antonio Callaway,Antonio Callaway,WR,1997-01-09,2018,4,105
00-0036219,Marquez Callaway,Marquez Callaway,WR,1998-03-27,,,
CAL636778,Kenneth Callicutt,Ken Callicutt,RB,1955-08-20,,,
00-0002544,Christopher Calloway,Chris Calloway,WR,1968-03-29,1990,4,97
00-0041433,Kadarius Calloway,Kadarius Calloway,RB,2002-02-04,,,
00-0023408,Gregory Camarillo,Greg Camarillo,WR,1982-04-18,,,
00-0040431,Dalen Cambre,Dalen Cambre,WR,2001-04-10,,,
CAM096575,Jack Cameron,Jack Cameron,WR,1961-11-05,,,
00-0028040,Jordan Cameron,Jordan Cameron,TE,1988-08-07,2011,4,102
00-0041100,Josh Cameron,Josh Cameron,WR,2003-03-18,2026,6,191
00-0036858,Jalen Camp,Jalen Camp,WR,1998-07-10,2021,6,209
00-0031025,Michael Campanaro,Michael Campanaro,WR,1991-01-25,2014,7,218
00-0040629,Dalevon Campbell,Dalevon Campbell,WR,2001-12-05,,,
00-0002565,Daniel Campbell,Dan Campbell,TE,1976-04-13,1999,3,79
00-0031506,DiAndre Campbell,DiAndre Campbell,WR,1991-12-19,,,
CAM251095,Earl Campbell,Earl Campbell,RB,1955-03-29,,,
00-0023460,Jason Campbell,Jason Campbell,QB,1981-12-31,2005,1,25
00-0002576,Jeffrey Campbell,Jeff Campbell,WR,1968-03-29,1990,5,118
00-0023306,Lang Campbell,Lang Campbell,QB,1981-09-25,,,
00-0020754,LeVaughn Campbell,Kelly Campbell,WR,1980-07-23,,,
00-0002586,Mark Campbell,Mark Campbell,TE,1975-12-06,,,
00-0028293,Michael Campbell,Michael Campbell,WR,1989-08-12,,,
00-0035639,Parris Campbell,Parris Campbell,WR,1997-07-16,2019,2,59
CAM579450,Richard Campbell,Rich Campbell,QB,1958-12-22,1981,1,6
CAM598765,Robert Campbell,Scott Campbell,QB,1962-04-15,1984,7,191
00-0002589,Russell Campbell,Russ Campbell,TE,1969-04-02,1992,7,179
00-0040324,Cam Camper,Cam Camper,WR,2001-08-21,,,
CAM733970,William Campfield,Billy Campfield,RB,1956-08-20,,,
CAN046143,Lawrence Canada,Larry Canada,RB,1954-12-16,,,
00-0027830,Sean Canfield,Sean Canfield,QB,1986-11-12,2010,7,239
00-0019649,Trung Canidate,Trung Canidate,RB,1977-03-03,2000,1,31
00-0002602,Sheldon Canley,Sheldon Canley,RB,1968-04-19,1991,7,193
00-0037015,Sal Cannella,Sal Cannella,TE,1996-12-02,,,
00-0033309,Ka'Darius Cannon,KD Cannon,WR,1995-11-05,,,
00-0034164,Trenton Cannon,Trenton Cannon,RB,1994-07-23,2018,6,204
00-0034409,Dylan Cantrell,Dylan Cantrell,WR,1994-06-29,2018,6,191
00-0026702,Thomas Cantwell,Hunter Cantwell,QB,1985-12-30,,,
CAP191673,Wayne Capers,Wayne Capers,WR,1961-05-17,1983,2,52
CAP511128,John Cappelletti,John Cappelletti,RB,1952-06-09,,,
CAP715551,Glenn Capriola,Glenn Capriola,RB,1954-09-17,,,
CAR019773,Glenn Carano,Glenn Carano,QB,1955-11-18,,,
CAR032955,Joseph Caravello,Joe Caravello,TE,1963-06-06,,,
CAR079092,Brian Carey,Brian Carey,WR,1963-11-06,,,
00-0031057,Ka'Deem Carey,Ka'Deem Carey,RB,1992-10-30,2014,4,117
CAR118638,Dean Carlson,Dean Carlson,QB,1950-08-01,,,
00-0002644,Jeffrey Carlson,Jeff Carlson,QB,1966-05-23,1989,4,102
00-0026178,John Carlson,John Carlson,TE,1984-05-12,2008,2,38
00-0002642,Matthew Carlson,Cody Carlson,QB,1963-11-05,1987,3,64
00-0035039,Stephen Carlson,Stephen Carlson,TE,1996-12-12,,,
00-0019658,Giovanni Carmazzi,Giovanni Carmazzi,QB,1977-04-14,,,
CAR217503,Lee Carmichael,Harold Carmichael,WR,1949-09-22,,,
00-0002656,Brett Carolan,Brett Carolan,TE,1971-03-16,,,
00-0002662,Chad Carpenter,Chad Carpenter,WR,1973-07-17,,,
00-0002668,Robert Carpenter,Rob Carpenter,WR,1968-08-01,1991,4,109
CAR318015,Robert Carpenter,Rob Carpenter,RB,1955-04-20,,,
00-0026775,Rudy Carpenter,Rudy Carpenter,QB,1986-04-15,,,
00-0033382,Austin Carr,Austin Carr,WR,1993-12-25,,,
00-0020608,David Carr,David Carr,QB,1979-07-21,2002,1,1
00-0031280,Derek Carr,Derek Carr,QB,1991-03-28,2014,2,36
CAR362505,Earl Carr,Earl Carr,RB,1955-01-22,,,
CAR415233,Lydell Carr,Lydell Carr,RB,1965-05-27,1988,4,106
00-0036054,Patrick Carr,Patrick Carr,RB,1995-09-22,,,
CAR435006,Roger Carr,Roger Carr,WR,1952-07-01,,,
00-0029119,Derek Carrier,Derek Carrier,TE,1990-07-25,,,
00-0002687,John Carrier,Mark Carrier,WR,1965-10-28,1987,3,57
CAR527280,Jay Carroll,Jay Carroll,TE,1961-11-08,1984,7,169
00-0002698,Wesley Carroll,Wesley Carroll,WR,1967-09-06,1991,2,42
00-0033060,Leonte Carroo,Leonte Carroo,WR,1994-01-24,2016,3,86
CAR560235,Paul Carruth,Paul Ott Carruth,RB,1961-07-22,,,
00-0002701,Rae Carruth,Rae Carruth,WR,1974-01-20,1997,1,27
CAR566826,Carlos Carson,Carlos Carson,WR,1958-12-28,1980,5,114
00-0033594,Christopher Carson,Chris Carson,RB,1994-09-16,2017,7,249
00-0032540,Latrarion Carson,Tra Carson,RB,1992-10-24,,,
00-0029120,Brandon Carswell,Brandon Carswell,WR,1989-05-22,,,
00-0002712,Anthony Carter,Anthony Carter,WR,1960-09-17,1983,12,334
00-0002713,Antonio Carter,Tony Carter,RB,1972-08-23,,,
00-0033338,Cethan Carter,Cethan Carter,TE,1995-09-05,,,
00-0002721,Christopher Carter,Cris Carter,WR,1965-11-25,,,
00-0031763,DeAndre Carter,DeAndre Carter,WR,1993-04-10,,,
00-0028057,Delone Carter,Delone Carter,RB,1987-06-22,2011,4,119
00-0002727,Dexter Carter,Dexter Carter,RB,1967-09-15,1990,1,25
00-0022879,Drew Carter,Drew Carter,WR,1981-09-05,2004,5,163
00-0031486,Duron Carter,Duron Carter,WR,1991-03-22,,,
CAR652509,Gerald Carter,Gerald Carter,WR,1957-06-19,1980,9,240
00-0023782,Jason Carter,Jason Carter,WR,1982-09-15,,,
00-0020343,Jonathan Carter,Jonathan Carter,WR,1979-03-20,2001,5,162
CAR678873,Joseph Carter,Joe Carter,RB,1962-06-23,1984,4,109
00-0002743,Kenneth Carter,Ki-Jana Carter,RB,1973-09-12,1995,1,1
00-0021747,Kerry Carter,Kerry Carter,RB,1980-12-19,,,
00-0032606,Kyle Carter,Kyle Carter,TE,1992-12-17,,,
00-0020404,Lavonya Carter,Quincy Carter,QB,1977-10-13,2001,2,53
CAR716461,Louis Carter,Louis Carter,RB,1953-02-06,,,
00-0034099,Martez Carter,Martez Carter,RB,1993-03-08,,,
00-0036924,Michael Carter,Michael Carter,RB,1999-05-07,2021,4,107
00-0040547,Nate Carter,Nate Carter,RB,2002-05-22,,,
00-0026402,Patrick Carter,Patrick Carter,WR,1985-02-06,,,
CAR718419,Rodney Carter,Rodney Carter,RB,1964-10-30,1986,7,175
00-0037632,Roger Carter,Roger Carter,TE,1999-03-31,,,
CAR744783,Stephen Carter,Steve Carter,WR,1962-09-12,,,
CAR745881,Terry Carter,Terry Carter,WR,1955-06-18,,,
00-0021174,Timothy Carter,Tim Carter,WR,1979-09-21,2002,2,46
CAR751374,Virgil Carter,Virgil Carter,QB,1945-11-09,,,
CAR771147,Wayne Carter,Allen Carter,RB,1952-12-12,,,
00-0002753,Wendell Carter,Pat Carter,TE,1966-08-01,1988,2,32
00-0022431,Arandric Carthon,Ran Carthon,RB,1981-02-10,,,
00-0002772,Maurice Carthon,Maurice Carthon,RB,1961-04-24,,,
00-0032743,Kivon Cartwright,Kivon Cartwright,TE,1992-03-03,,,
00-0021357,Roderick Cartwright,Rock Cartwright,RB,1979-12-03,2002,7,257
CAR817284,Melvin Carver,Mel Carver,RB,1959-07-14,,,
00-0002787,Stoney Case,Stoney Case,QB,1972-07-07,1995,3,80
00-0027109,James Casey,James Casey,TE,1984-09-22,2009,5,152
00-0020882,Ataveus Cash,Ataveus Cash,WR,1979-05-02,,,
00-0002792,Keith Cash,Keith Cash,TE,1969-08-07,1991,7,188
00-0002793,Kerry Cash,Kerry Cash,TE,1969-08-07,1991,5,125
00-0019794,Aveion Cason,Aveion Cason,RB,1979-07-12,,,
CAS453042,David Casper,Dave Casper,TE,1951-09-26,,,
00-0023662,Matthew Cassel,Matt Cassel,QB,1982-05-17,2005,7,230
CAS604056,Ronald Cassidy,Ron Cassidy,WR,1957-07-23,,,
CAS679563,Richard Caster,Rich Caster,TE,1948-10-16,,,
00-0041486,Anderson Castle,Anderson Castle,RB,2002-01-28,,,
00-0039263,McCallan Castles,McCallan Castles,TE,1999-12-03,,,
CAS805408,Christopher Castor,Chris Castor,WR,1960-08-13,1983,5,123
CAT369148,Michael Caterbone,Mike Caterbone,WR,1962-02-17,,,
00-0026012,Jehuu Caulcrick,Jehuu Caulcrick,RB,1983-08-06,,,
00-0027500,Michael Caussin,Mike Caussin,TE,1987-02-26,,,
00-0002828,Matthew Cavanaugh,Matt Cavanaugh,QB,1956-10-27,,,
CAV474616,James Caver,James Caver,WR,1960-09-28,,,
00-0019350,Kwame Cavil,Kwame Cavil,WR,1979-05-03,,,
00-0002837,Curtis Ceaser,Curtis Ceaser,WR,1972-08-11,1995,7,217
CEF415291,James Cefalo,Jimmy Cefalo,WR,1956-10-06,,,
00-0025549,Brent Celek,Brent Celek,TE,1985-01-25,2007,5,162
00-0028903,Garrett Celek,Garrett Celek,TE,1988-05-29,,,
CEP276861,Frank Cephous,Frank Cephous,RB,1961-07-04,1984,11,283
00-0039552,Joshua Cephus,Joshua Cephus,WR,2001-03-05,,,
00-0036277,Quintez Cephus,Quintez Cephus,WR,1998-04-01,2020,5,166
00-0002850,Matthew Cercone,Matt Cercone,TE,1975-11-30,,,
00-0002856,Jeffrey Chadwick,Jeff Chadwick,WR,1960-12-16,,,
00-0002857,Patrick Chaffey,Pat Chaffey,RB,1967-04-19,1990,5,117
00-0002861,Byron Chamberlain,Byron Chamberlain,TE,1971-10-17,1995,7,222
00-0020446,Chris Chambers,Chris Chambers,WR,1978-08-12,2001,2,52
00-0002873,Robert Chancey,Robert Chancey,RB,1972-09-07,,,
CHA202580,Albert Chandler,Al Chandler,TE,1950-11-18,,,
00-0002876,Christopher Chandler,Chris Chandler,QB,1965-10-12,1988,3,76
CHA303870,Robert Chandler,Bob Chandler,WR,1949-04-24,,,
CHA324128,Thornton Chandler,Thornton Chandler,TE,1963-11-27,1986,6,140
00-0037276,Tykevious Chandler,Ty Chandler,RB,1998-05-12,2022,5,169
CHA344386,Wesley Chandler,Wes Chandler,WR,1956-08-22,,,
00-0025516,William Chandler,Scott Chandler,TE,1985-07-23,2007,4,129
CHA365910,Jermaine Chaney,Jermaine Chaney,RB,1973-04-06,,,
00-0028158,Shaun Chapas,Shaun Chapas,RB,1988-05-02,2011,7,220
00-0019712,Doug Chapman,Doug Chapman,RB,1977-08-22,2000,3,88
CHA425418,Gil Chapman,Gil Chapman,WR,1953-08-23,,,
00-0022640,Robrielle Chapman,Kory Chapman,RB,1980-07-13,,,
00-0039165,Zachariah Charbonnet,Zach Charbonnet,RB,2001-01-08,2023,2,52
00-0034777,Darrell Chark,D.J. Chark,WR,1996-09-23,2018,2,61
00-0023256,Earl Charles,Earl Charles,RB,1982-09-11,,,
00-0037156,Irvin Charles,Irvin Charles,WR,1997-04-13,,,
00-0026213,Jamaal Charles,Jamaal Charles,RB,1986-12-27,2008,3,73
00-0029414,Orson Charles,Orson Charles,TE,1991-01-27,2012,4,116
00-0021258,Terry Charles,Terry Charles,WR,1979-07-08,,,
00-0036900,Ja'Marr Chase,Ja'Marr Chase,WR,2000-03-01,2021,1,5
00-0019997,Antonio Chatman,Antonio Chatman,WR,1979-02-12,,,
CHA729288,Clifford Chatman,Cliff Chatman,RB,1959-03-13,1981,4,85
00-0020820,Jesse Chatman,Jesse Chatman,RB,1979-09-22,,,
CHA790062,Edward Chavis,Eddie Chavis,WR,1963-07-12,,,
CHE016163,Hal Chealander,Hal Chealander,QB,,,,
00-0037360,Davis Cheek,Davis Cheek,QB,1999-02-26,,,
CHE296630,Anthony Cherry,Tony Cherry,RB,1963-02-08,1986,9,240
00-0022229,Matt Cherry,Matt Cherry,WR,1981-12-14,,,
00-0002930,Michael Cherry,Mike Cherry,QB,1973-12-15,1997,6,171
00-0026703,Jason Chery,Jason Chery,WR,1985-05-31,,,
CHE548660,John Chesley,John Chesley,TE,1962-07-02,1984,10,277
00-0033464,Jehu Chesson,Jehu Chesson,WR,1993-12-20,2017,4,139
CHE588410,Wesley Chesson,Wes Chesson,WR,1949-01-15,,,
CHE601910,Raymond Chester,Raymond Chester,TE,1948-06-28,,,
00-0037594,Julius Chestnut,Julius Chestnut,RB,2000-10-26,,,
CHE604056,Joseph Chetti,Joe Chetti,RB,1963-11-19,,,
00-0002942,Darrin Chiaverini,Darrin Chiaverini,WR,1977-10-12,1999,5,148
00-0023732,Matthew Chila,Matthew Chila,TE,1981-09-10,,,
00-0029238,James Childers,Jamie Childers,TE,1988-06-26,,,
00-0023701,Brandon Childress,Brandon Childress,WR,1982-03-31,,,
00-0029573,Gregory Childs,Greg Childs,WR,1990-03-10,2012,4,134
CHI498348,Henry Childs,Henry Childs,TE,1951-04-16,,,
CHI553720,James Childs,Jimmy Childs,WR,1956-08-09,,,
00-0028517,John Chiles,John Chiles,WR,1988-10-09,,,
CHI719836,John Chirico,John Chirico,RB,1965-08-15,,,
00-0035976,Daniel Chisena,Dan Chisena,WR,1997-02-25,,,
00-0040563,Efton Chism,Efton Chism,WR,2001-10-26,,,
00-0002958,Mark Chmura,Mark Chmura,TE,1969-02-22,1992,6,157
00-0035086,Adam Choice,Adam Choice,RB,1995-11-30,,,
00-0026262,Tashard Choice,Tashard Choice,RB,1984-11-20,2008,4,122
00-0032688,Robert Chosen,Robbie Chosen,WR,1993-05-09,,,
00-0002962,Wayne Chrebet,Wayne Chrebet,WR,1973-08-14,,,
CHR207645,Jeffrey Christensen,Jeff Christensen,QB,1960-01-08,1983,5,137
CHR290703,Todd Christensen,Todd Christensen,TE,1956-08-03,,,
00-0019006,Brandon Christenson,Brandon Christenson,TE,1977-05-10,,,
00-0032190,Gerald Christian,Gerald Christian,TE,1991-08-26,2015,7,256
00-0020561,Kenneth Christian,Kenny Christian,WR,1978-07-11,,,
00-0035087,Taryn Christion,Taryn Christion,QB,1997-02-06,,,
00-0002981,Ryan Christopherson,Ryan Christopherson,RB,1972-07-26,1995,5,169
00-0002985,Peter Chryplewicz,Pete Chryplewicz,TE,1974-04-27,1997,5,135
00-0034791,Nicholas Chubb,Nick Chubb,RB,1995-12-27,2018,2,35
00-0034551,Jordan Chunn,Jordan Chunn,RB,1995-01-02,,,
00-0023258,Brad Cieslak,Brad Cieslak,TE,1982-07-01,,,
CIP415291,Lawrence Cipa,Larry Cipa,QB,1951-10-05,,,
CLA019314,Darryl Clack,Darryl Clack,RB,1963-10-29,1986,2,33
00-0041104,Demond Claiborne,Demond Claiborne,RB,2003-10-09,2026,6,198
00-0003006,Robert Claiborne,Robert Claiborne,WR,1967-07-10,1990,12,313
CLA057942,Rickey Claitt,Rickey Claitt,RB,1957-04-12,,,
00-0027340,Matt Clapp,Matt Clapp,RB,1986-12-06,,,
CLA144855,Allan Clark,Allan Clark,RB,1957-06-08,,,
00-0030501,Arceto Clark,Arceto Clark,WR,1989-09-29,,,
00-0023790,Brian Clark,Brian Clark,WR,1983-12-26,,,
CLA231768,Charles Clark,Boobie Clark,RB,1949-11-08,,,
00-0022165,Dallas Clark,Dallas Clark,TE,1979-06-12,2003,1,24
00-0035756,Darion Clark,Darion Clark,TE,1994-04-09,,,
CLA251082,Darryl Clark,Darryl Clark,RB,1961-08-09,,,
00-0003033,Derrick Clark,Derrick Clark,RB,1971-05-04,,,
00-0003035,Desmond Clark,Desmond Clark,TE,1977-04-20,1999,6,179
CLA270396,Dwight Clark,Dwight Clark,WR,1957-01-08,,,
00-0003038,Gary Clark,Gary Clark,WR,1962-05-01,,,
00-0003039,Gregory Clark,Greg Clark,TE,1972-04-07,1997,3,77
00-0040996,Jacob Clark,Jacob Clark,QB,2000-11-01,,,
00-0019890,Kenneth Clark,Kenny Clark,WR,1978-05-14,,,
CLA420079,Kenneth Clark,Ken Clark,RB,1966-06-11,1990,8,206
00-0003050,Louis Clark,Louis Clark,WR,1964-07-03,1987,10,270
00-0029680,Marques Clark,Marques Clark,WR,1984-04-21,,,
00-0033352,Michael Clark,Michael Clark,WR,1995-10-26,,,
CLA473193,Michael Clark,Spark Clark,RB,1965-05-22,,,
CLA487491,Monte Clark,Bryan Clark,QB,1960-07-27,1982,9,251
00-0003061,Robert Clark,Robert Clark,WR,1965-08-06,1987,10,263
CLA598734,Wayne Clark,Wayne Clark,QB,1947-05-30,,,
00-0027659,James Clausen,Jimmy Clausen,QB,1987-09-21,2010,2,48
00-0028112,Charles Clay,Charles Clay,TE,1989-02-13,2011,6,174
00-0003090,Hayward Clay,Hayward Clay,TE,1973-07-05,1996,6,201
00-0028208,John Clay,John Clay,RB,1988-01-04,,,
00-0032115,Kaelin Clay,Kaelin Clay,WR,1992-01-02,2015,6,184
00-0036326,Chase Claypool,Chase Claypool,WR,1998-07-07,2020,2,49
00-0003095,Alonzo Clayton,Alonzo Clayton,WR,1974-10-05,,,
00-0003097,Mark Clayton,Mark Clayton,WR,1961-04-08,1983,8,223
00-0023457,Mark Clayton,Mark Clayton,WR,1982-07-02,2005,1,22
00-0022725,Michael Clayton,Michael Clayton,WR,1982-10-13,2004,1,15
CLA811188,Ralph Clayton,Ralph Clayton,WR,1958-09-29,1980,2,47
00-0025573,Thomas Clayton,Thomas Clayton,RB,1984-04-26,2007,6,186
00-0031774,Cameron Clear,Cameron Clear,TE,1993-02-25,,,
00-0003103,Cameron Cleeland,Cameron Cleeland,TE,1975-08-15,,,
00-0024264,Kellen Clemens,Kellen Clemens,QB,1983-06-06,2006,2,49
00-0033725,Corey Clement,Corey Clement,RB,1994-11-02,,,
00-0003108,Chad Clements,Chuck Clements,QB,1973-09-29,1997,6,191
CLE316408,Thomas Clements,Tom Clements,QB,1953-06-18,,,
00-0019413,Lloyd Clemons,Lloyd Clemons,RB,1976-05-29,,,
CLE435061,Michael Clemons,Mike Clemons,RB,1965-01-15,1987,8,218
CLE484499,Orman Clemons,Topper Clemons,RB,1963-09-16,1986,8,212
00-0029204,Toney Clemons,Toney Clemons,WR,1988-10-11,2012,7,231
00-0030832,Asante-Jabari Cleveland,Asante Cleveland,TE,1992-03-21,,,
00-0036439,Tyrie Cleveland,Tyrie Cleveland,WR,1997-09-20,2020,7,252
00-0041571,Liam Clifford,Liam Clifford,WR,,,,
00-0038391,Sean Clifford,Sean Clifford,QB,1998-07-14,2023,5,149
00-0003124,Gregory Clifton,Greg Clifton,WR,1968-02-06,,,
00-0003128,Anthony Cline,Tony Cline,TE,1971-11-24,1995,4,131
CLI664464,William Clinkscales,Joey Clinkscales,WR,1964-05-21,1987,9,233
00-0026669,Colin Cloherty,Colin Cloherty,TE,1987-09-16,,,
00-0003136,Michael Cloud,Mike Cloud,RB,1975-07-01,1999,2,54
00-0025544,David Clowney,David Clowney,WR,1985-07-07,2007,5,157
CLU415291,Donald Clune,Don Clune,WR,1952-07-31,,,
00-0029633,Daniel Coale,Danny Coale,WR,1988-06-27,2012,5,152
00-0003142,Ben Coates,Ben Coates,TE,1969-08-16,1991,5,124
00-0032166,Sammie Coates,Sammie Coates,WR,1993-03-31,2015,3,87
00-0024607,Daniel Coats,Daniel Coats,TE,1984-04-16,,,
00-0032133,David Cobb,David Cobb,RB,1993-06-03,2015,5,138
00-0023634,DeAndra Cobb,DeAndra Cobb,RB,1981-05-18,2005,6,201
COB302028,Michael Cobb,Mike Cobb,TE,1955-12-10,,,
00-0028002,Randall Cobb,Randall Cobb,WR,1990-08-22,2011,2,64
00-0003150,Reginald Cobb,Reggie Cobb,RB,1968-07-07,1990,2,30
00-0003154,Trevor Cobb,Trevor Cobb,RB,1970-11-20,,,
00-0022361,Zamir Cobb,Zamir Cobb,WR,1981-06-11,,,
COB679563,Eric Cobble,Eric Cobble,RB,1964-04-11,,,
00-0022872,Cedric Cobbs,Cedric Cobbs,RB,1981-01-09,2004,4,128
00-0024172,Patrick Cobbs,Patrick Cobbs,RB,1983-01-31,,,
00-0034068,Simmie Cobbs,Simmie Cobbs,WR,1995-08-25,,,
00-0021528,Avon Cobourne,Avon Cobourne,RB,1979-03-06,,,
00-0028550,Colin Cochart,Colin Cochart,TE,1987-07-07,,,
00-0003175,Macler Cody,Mac Cody,WR,1972-08-07,,,
00-0027048,Glen Coffee,Glen Coffee,RB,1987-05-01,2009,3,74
COF575019,Wayne Coffey,Wayne Coffey,WR,1964-05-30,,,
00-0027069,Chase Coffman,Chase Coffman,TE,1986-11-10,2009,3,98
COF702801,Paul Coffman,Paul Coffman,TE,1956-03-29,,,
00-0033556,Tarik Cohen,Tarik Cohen,RB,1995-07-26,2017,4,119
00-0039491,Jalen Coker,Jalen Coker,WR,2001-10-30,,,
COL041016,Darrell Colbert,Darrell Colbert,WR,1964-11-16,,,
00-0022726,Patrick Colbert,Keary Colbert,WR,1982-05-21,2004,2,62
00-0019661,Charles Cole,Chris Cole,WR,1977-11-12,2000,3,70
00-0033681,Keelan Cole,Keelan Cole,WR,1993-04-20,,,
00-0035838,Matt Cole,Matt Cole,WR,1996-11-07,,,
00-0025702,Alonzo Coleman,Alonzo Coleman,RB,1984-01-27,,,
00-0003209,Andre Coleman,Andre Coleman,WR,1972-09-19,1994,3,70
00-0030801,Brandon Coleman,Brandon Coleman,WR,1992-06-22,,,
00-0029219,Bryon Coleman,B.J. Coleman,QB,1988-09-16,2012,7,243
COL225588,Charles Coleman,Charles Coleman,TE,1963-09-16,,,
00-0019038,Christopher Coleman,Chris Coleman,WR,1977-05-08,,,
00-0021028,Clarence Coleman,Clarence Coleman,WR,1980-06-04,,,
00-0032966,Corey Coleman,Corey Coleman,WR,1994-07-06,2016,1,15
COL276858,Frederick Coleman,Fred Coleman,TE,1953-06-26,,,
00-0003220,Fredrick Coleman,Fred Coleman,WR,1975-01-31,1998,6,160
00-0041496,Jonah Coleman,Jonah Coleman,RB,2003-08-20,2026,4,108
00-0019382,KaRon Coleman,KaRon Coleman,RB,1978-05-22,,,
00-0039901,Keon Coleman,Keon Coleman,WR,2003-05-17,2024,2,33
00-0041529,Kevin Coleman,Kevin Coleman,WR,2003-09-10,2026,5,177
00-0034624,Lavon Coleman,Lavon Coleman,RB,1994-12-10,,,
00-0003234,Patrick Coleman,Pat Coleman,WR,1967-04-08,1990,9,237
COL337878,Ronald Coleman,Ronnie Coleman,RB,1951-07-09,,,
00-0032058,Tevin Coleman,Tevin Coleman,RB,1993-04-16,2015,3,73
00-0018958,Laveranues Coles,Laveranues Coles,WR,1977-12-29,2000,3,78
00-0003246,James Coley,James Coley,TE,1967-04-13,,,
00-0033968,Stacy Coley,Stacy Coley,WR,1994-05-13,2017,7,219
00-0027092,Austin Collie,Austin Collie,WR,1985-11-11,2009,4,127
00-0039244,Chris Collier,Chris Collier,RB,2000-03-24,,,
COL420414,Michael Collier,Mike Collier,RB,1953-09-12,,,
COL430668,Reginald Collier,Reggie Collier,QB,1961-05-14,1983,6,162
00-0032426,Alexander Collins,Alex Collins,RB,1994-08-26,2016,5,171
COL481938,Alfred Collins,Sonny Collins,RB,1953-01-17,,,
COL512700,Anthony Collins,Tony Collins,RB,1959-05-27,1981,2,47
00-0003266,Bobby Collins,Bobby Collins,TE,1976-08-20,1999,4,122
00-0029465,Brandon Collins,Brandon Collins,WR,1989-04-21,,,
00-0040432,C. Collins,Beaux Collins,WR,2002-12-16,,,
00-0003271,Cecil Collins,Cecil Collins,RB,1976-11-19,1999,5,134
COL522954,Clarence Collins,Clarence Collins,WR,1962-02-01,,,
COL530644,Daniel Collins,Larry Collins,RB,1955-08-08,,,
00-0026764,Dobson Collins,Dobson Collins,WR,1987-07-12,,,
COL533208,Dwight Collins,Dwight Collins,WR,1961-08-23,1984,6,154
00-0029971,Jasper Collins,Jasper Collins,WR,1991-11-28,,,
00-0023577,Jerome Collins,Jerome Collins,TE,1982-08-18,2005,5,144
00-0003292,Kerry Collins,Kerry Collins,QB,1972-12-30,1995,1,5
00-0036554,Nico Collins,Nico Collins,WR,1999-03-19,2021,3,89
COL656256,Patrick Collins,Patrick Collins,RB,1966-08-04,1988,8,200
00-0003310,Ryan Collins,Ryan Collins,TE,1975-11-01,,,
00-0003314,Shawn Collins,Shawn Collins,WR,1967-02-20,1989,1,27
00-0003315,Todd Collins,Todd Collins,QB,1971-11-05,1995,2,45
COL717780,Anthony Collinsworth,Cris Collinsworth,WR,1959-01-27,1981,2,37
00-0024466,Marques Colston,Marques Colston,WR,1983-06-05,2006,7,252
00-0030932,Theodis Colter,Kain Colter,WR,1992-05-24,,,
COM118654,Christopher Combs,Chris Combs,TE,1958-03-17,1980,4,106
00-0020424,Derek Combs,Derek Combs,RB,1979-02-28,2001,7,228
00-0023690,Jonathan Combs,Jonathan Combs,RB,1981-08-30,,,
00-0003344,Gregory Comella,Greg Comella,RB,1975-07-29,,,
CON041528,John Concannon,Jack Concannon,QB,1943-02-25,,,
00-0041547,Kevin Concepcion,K.C. Concepcion,WR,2004-09-24,2026,1,24
00-0028792,Kevin Cone,Kevin Cone,WR,1988-03-20,,,
00-0003367,Cary Conklin,Cary Conklin,QB,1968-02-29,1990,4,86
00-0034270,Tyler Conklin,Tyler Conklin,TE,1995-07-30,2018,5,157
00-0032128,Christian Conley,Chris Conley,WR,1992-10-25,2015,3,76
00-0003378,Gene Connell,Albert Connell,WR,1974-05-13,1997,4,115
00-0033553,James Conner,James Conner,RB,1995-05-05,2017,3,105
00-0037265,Jarod Conner,Snoop Conner,RB,2000-08-01,2022,5,154
00-0037348,Tanner Conner,Tanner Conner,TE,1998-03-20,,,
00-0041415,Dean Connors,Dean Connors,RB,2003-08-29,,,
00-0023871,Sean Conover,Sean Conover,TE,1984-07-31,,,
00-0033766,Zach Conque,Zach Conque,TE,1994-04-22,,,
00-0035009,C.J. Conrad,C.J. Conrad,TE,1996-05-09,,,
00-0003396,Curtis Conway,Curtis Conway,WR,1971-01-13,1993,1,7
00-0003400,Ernest Conwell,Ernie Conwell,TE,1972-08-17,1996,2,59
00-0040301,Jalin Conyers,Jalin Conyers,TE,2001-07-25,,,
00-0040398,Brady Cook,Brady Cook,QB,2001-10-12,,,
00-0032893,Connor Cook,Connor Cook,QB,1993-01-29,2016,4,100
00-0033893,Dalvin Cook,Dalvin Cook,RB,1995-08-10,2017,2,41
00-0029834,Jamaine Cook,Jamaine Cook,RB,,,,
00-0020391,Jameel Cook,Jameel Cook,RB,1979-02-08,2001,6,174
00-0037248,James Cook,James Cook,RB,1999-09-25,2022,2,63
00-0027061,Jared Cook,Jared Cook,TE,1987-04-07,2009,3,89
COO173835,Kelly Cook,Kelly Cook,RB,1962-08-20,,,
00-0031992,Kenny Cook,Kenny Cook,WR,1992-05-20,,,
00-0020071,Kerwin Cook,Kerwin Cook,WR,1979-12-21,,,
00-0003418,Marvin Cook,Marv Cook,TE,1966-02-24,1989,3,63
00-0033683,Tim Cook,Tim Cook,RB,1994-04-29,,,
00-0031236,Brandin Cooks,Brandin Cooks,WR,1993-09-25,2014,1,20
00-0038667,Elijah Cooks,Elijah Cooks,WR,1998-10-13,,,
00-0035812,Stephen Cookus,Case Cookus,QB,1995-10-06,,,
00-0022738,Christopher Cooley,Chris Cooley,TE,1982-07-11,2004,3,81
COO405615,Thomas Coombs,Tom Coombs,TE,1959-05-31,1982,7,191
00-0003439,Robert Coons,Robert Coons,TE,1969-09-18,,,
00-0003440,Adrian Cooper,Adrian Cooper,TE,1968-04-27,1991,4,103
00-0031544,Amari Cooper,Amari Cooper,WR,1994-06-17,2015,1,4
00-0003441,Andre Cooper,Andre Cooper,WR,1975-06-21,,,
00-0040024,Darius Cooper,Darius Cooper,WR,2001-11-22,,,
00-0024601,George Cooper,George Cooper,TE,1984-03-19,,,
00-0028930,Joshua Cooper,Josh Cooper,WR,1989-01-08,,,
COO647710,Marion Cooper,Earl Cooper,RB,1957-09-17,1980,1,13
00-0041511,Omar Cooper,Omar Cooper,WR,2003-12-14,2026,1,30
00-0033111,Pharoh Cooper,Pharoh Cooper,WR,1995-03-07,2016,4,117
00-0019725,Rafael Cooper,Rafael Cooper,RB,1975-01-08,,,
00-0027758,Riley Cooper,Riley Cooper,WR,1987-09-09,2010,5,159
00-0030818,Damian Copeland,Damian Copeland,WR,1990-10-17,,,
00-0003467,Horace Copeland,Horace Copeland,WR,1971-01-02,1993,4,104
00-0038843,Jacob Copeland,Jacob Copeland,WR,1999-07-20,,,
00-0003471,Russell Copeland,Russell Copeland,WR,1971-11-04,1993,4,111
00-0022388,Terrance Copper,Terrance Copper,WR,1982-03-12,,,
COR042594,James Corbett,James Corbett,TE,1955-02-22,,,
00-0037410,Jashaun Corbin,Jashaun Corbin,RB,2000-08-20,,,
00-0027565,Jack Corcoran,Jack Corcoran,RB,1987-06-26,,,
00-0032795,Cody Core,Cody Core,WR,1994-04-17,2016,6,199
COR362049,Anthony Corley,Anthony Corley,RB,1960-08-10,,,
COR383346,Christopher Corley,Chris Corley,TE,1963-10-24,,,
00-0039920,Malachi Corley,Malachi Corley,WR,2002-03-21,2024,3,65
00-0024829,Jemalle Cornelius,Jemalle Cornelius,WR,1984-08-10,,,
COR489831,Robert Cornell,Bo Cornell,RB,1949-03-07,,,
COR596316,Frederick Cornwell,Fred Cornwell,TE,1961-08-07,1984,3,81
00-0038132,Matthew Corral,Matt Corral,QB,1999-01-31,2022,3,94
00-0039738,Blake Corum,Blake Corum,RB,2000-11-25,2024,3,83
COS055372,Douglas Cosbie,Doug Cosbie,TE,1956-03-27,,,
00-0028815,DeMarco Cosby,DeMarco Cosby,TE,1988-07-02,,,
00-0026716,Quan Cosby,Quan Cosby,WR,1982-12-23,,,
COS166116,Bruce Coslet,Bruce Coslet,TE,1946-08-05,,,
00-0038651,Chase Cota,Chase Cota,WR,1999-11-09,,,
00-0022811,Jerricho Cotchery,Jerricho Cotchery,WR,1982-06-16,2004,4,108
00-0026435,Anthony Cotrone,Anthony Cotrone,RB,1985-09-14,,,
00-0026216,Bradley Cottam,Brad Cottam,TE,1984-11-28,2008,3,76
00-0032095,Brandon Cottom,Brandon Cottom,TE,1992-12-21,,,
COT302028,Craig Cotton,Craig Cotton,TE,1947-07-07,,,
00-0035901,Jeff Cotton,Jeff Cotton,WR,1997-04-17,,,
00-0003524,Timothy Cotton,Kenyon Cotton,RB,1974-02-23,,,
00-0035835,Nathan Cottrell,Nathan Cottrell,RB,1996-08-02,,,
00-0022632,T.J. Cottrell,T.J. Cottrell,TE,1982-05-03,,,
00-0003535,Timothy Couch,Tim Couch,QB,1977-07-31,1999,1,1
00-0036308,Isaiah Coulter,Isaiah Coulter,WR,1998-09-18,2020,5,171
COU553720,Vincent Courville,Vince Courville,WR,1959-12-05,,,
00-0029604,Kirk Cousins,Kirk Cousins,QB,1988-08-19,2012,4,102
00-0019325,Kenny Coutain,Kenny Coutain,WR,1977-03-12,,,
00-0034366,Key'vantanie Coutee,Keke Coutee,WR,1997-01-14,2018,4,103
00-0037132,Britain Covey,Britain Covey,WR,1997-03-18,,,
COV553722,Jaime Covington,Jaime Covington,RB,1962-12-12,1985,9,227
00-0003557,Scott Covington,Scott Covington,QB,1976-01-17,1999,7,245
00-0003558,Thomas Covington,Tom Covington,TE,1969-05-01,,,
COW207644,Lawrence Cowan,Larry Cowan,RB,1960-07-11,1982,7,192
00-0039365,Jacob Cowing,Jacob Cowing,WR,2001-02-04,2024,4,135
COW545065,Benjamin Cowins,Ben Cowins,RB,1956-04-07,,,
00-0003570,Aaron Cox,Aaron Cox,WR,1965-03-13,1988,1,20
00-0003571,Arthur Cox,Arthur Cox,TE,1961-02-05,,,
00-0030128,Michael Cox,Michael Cox,RB,1988-11-14,2013,7,253
00-0026986,Michael Crabtree,Michael Crabtree,WR,1987-09-14,2009,1,10
00-0026878,Tom Crabtree,Tom Crabtree,TE,1985-11-04,,,
00-0034054,Tanner Cracraft,River Cracraft,WR,1994-11-01,,,
CRA141806,Donald Craft,Donnie Craft,RB,1959-11-19,1982,12,314
00-0024206,Jonas Crafts,Jonas Crafts,TE,1981-12-29,,,
00-0003600,Dameyune Craig,Dameyune Craig,QB,1974-04-19,,,
CRA243096,Francisco Craig,Paco Craig,WR,1965-02-02,1988,10,254
CRA283612,Reginald Craig,Reggie Craig,WR,1953-06-10,,,
00-0003602,Roger Craig,Roger Craig,RB,1960-07-10,1983,2,49
CRA324128,Steven Craig,Steve Craig,TE,1951-03-13,,,
00-0022886,Casey Cramer,Casey Cramer,RB,1982-01-05,2004,7,228
00-0029490,Jared Crank,Jared Crank,RB,1989-01-17,,,
00-0019093,Casey Crawford,Casey Crawford,TE,1977-08-01,,,
CRA546966,Charles Crawford,Charles Crawford,RB,1964-03-08,,,
CRA567224,Derrick Crawford,Derrick Crawford,WR,1960-09-03,,,
CRA709030,Michael Crawford,Mike Crawford,RB,1964-01-03,1986,12,324
CRA729288,Rufus Crawford,Rufus Crawford,RB,1955-05-21,,,
00-0022766,Patrick Crayton,Patrick Crayton,WR,1979-04-07,2004,7,216
00-0021421,Gabriel Crecion,Gabe Crecion,TE,1977-07-09,,,
00-0028885,Lennon Creer,Lennon Creer,RB,1988-10-13,,,
CRI110744,Joe Cribbs,Joe Cribbs,RB,1958-01-05,1980,2,29
00-0023176,Joshua Cribbs,Josh Cribbs,WR,1983-06-09,,,
00-0029702,Juron Criner,Juron Criner,WR,1989-12-12,2012,5,168
00-0003655,Raymond Crittenden,Ray Crittenden,WR,1970-03-01,,,
CRO014320,James Crocicchia,Jim Crocicchia,QB,1964-02-19,,,
00-0035448,Damarea Crockett,Damarea Crockett,RB,1997-12-22,,,
00-0033353,James Crockett,Montay Crockett,WR,1993-12-11,,,
00-0031826,Johnathon Crockett,John Crockett,RB,1992-02-16,,,
00-0034819,Josh Crockett,Josh Crockett,WR,1995-03-13,,,
00-0003663,Zachary Crockett,Zack Crockett,RB,1972-12-02,1995,3,79
00-0027767,Jonathan Crompton,Jonathan Crompton,QB,1987-07-25,2010,5,168
00-0003673,Corey Croom,Corey Croom,RB,1971-05-22,,,
00-0029835,Dominique Croom,Dominique Croom,WR,1991-04-26,,,
00-0033627,Jason Croom,Jason Croom,TE,1994-02-28,,,
00-0022384,Larry Croom,Larry Croom,RB,1981-10-29,,,
CRO386640,Steven Crosby,Steve Crosby,RB,1950-07-03,,,
00-0040242,Jacory Croskey-Merritt,Jacory Croskey-Merritt,RB,2001-04-12,2025,7,245
00-0003681,Howard Cross,Howard Cross,TE,1967-08-08,1989,6,158
00-0032745,William Cross,Alan Cross,TE,1993-07-02,,,
CRO515520,Leon Crosswhite,Leon Crosswhite,RB,1951-04-28,,,
00-0021220,Eric Crouch,Eric Crouch,WR,1978-11-16,,,
CRO587120,Marlon Crouse,Ray Crouse,RB,1959-03-16,,,
00-0031941,Jamison Crowder,Jamison Crowder,WR,1993-06-17,2015,4,105
CRO716000,Larry Crowe,Larry Crowe,RB,1950-01-08,,,
00-0003700,Germane Crowell,Germane Crowell,WR,1976-09-13,1998,2,50
00-0030656,Isaiah Crowell,Isaiah Crowell,RB,1993-01-08,,,
00-0024300,John Croyle,Brodie Croyle,QB,1983-02-06,2006,3,85
00-0020285,Algernon Crumpler,Alge Crumpler,TE,1977-12-23,2001,2,35
00-0003715,Carlester Crumpler,Carlester Crumpler,TE,1971-09-05,1994,7,202
00-0030230,Andy Cruse,Andy Cruse,WR,1990-01-13,,,
CRU727046,Dwayne Crutchfield,Dwayne Crutchfield,RB,1959-09-30,1982,3,79
00-0022564,Ronnie Cruz,Ronnie Cruz,RB,1981-06-11,,,
00-0027265,Victor Cruz,Victor Cruz,WR,1986-11-11,,,
CSO415291,Lawrence Csonka,Larry Csonka,RB,1946-12-25,,,
00-0040887,Josh Cuevas,Josh Cuevas,TE,2002-09-25,2026,5,173
00-0025919,Anthony Cuff,Omar Cuff,RB,1984-09-24,,,
CUL075507,James Culbreath,Jim Culbreath,RB,1952-10-21,,,
00-0033696,Sean Culkin,Sean Culkin,TE,1993-06-11,,,
00-0003736,Derrick Cullors,Derrick Cullors,RB,1972-12-26,,,
00-0039754,Devin Culp,Devin Culp,TE,2000-02-02,2024,7,246
00-0003739,Daunte Culpepper,Daunte Culpepper,QB,1977-01-28,1999,1,11
00-0003741,Willie Culpepper,Willie Culpepper,WR,1967-03-27,,,
00-0003743,Rodney Culver,Rodney Culver,RB,1969-12-23,1992,4,85
00-0027321,Jeffrey Cumberland,Jeff Cumberland,TE,1987-05-02,,,
CUM664464,Mack Cummings,Mack Cummings,WR,1959-03-03,,,
00-0029795,Benjamin Cunningham,Benny Cunningham,RB,1990-07-07,,,
CUN110744,Bennie Cunningham,Bennie Cunningham,TE,1954-12-23,,,
00-0029564,Bryan Cunningham,B.J. Cunningham,WR,1989-05-29,2012,6,183
CUN221488,Douglas Cunningham,Douglas Cunningham,WR,1955-11-14,,,
00-0003758,James Cunningham,Jimmy Cunningham,WR,1973-01-01,,,
00-0031462,Jerome Cunningham,Jerome Cunningham,TE,1991-05-25,,,
CUN498348,Julian Cunningham,Doug Cunningham,RB,1945-09-14,,,
00-0030129,Justice Cunningham,Justice Cunningham,TE,1991-01-14,2013,7,254
00-0038911,Micale Cunningham,Malik Cunningham,WR,1998-10-06,,,
00-0003761,Randall Cunningham,Randall Cunningham,QB,1963-03-27,1985,2,37
CUN775208,Samuel Cunningham,Sam Cunningham,RB,1950-08-15,,,
00-0029745,Sederrik Cunningham,Sederrik Cunningham,WR,1989-07-14,,,
00-0039316,Baylor Cupp,Baylor Cupp,TE,2000-05-10,,,
CUR127780,William Cureton,Will Cureton,QB,1950-12-02,,,
00-0022015,Daniel Curley,Dan Curley,TE,1978-09-25,2003,5,148
CUR223615,Patrick Curran,Pat Curran,TE,1945-09-21,,,
CUR255560,William Curran,Willie Curran,WR,1959-12-30,,,
00-0023574,Airese Currie,Airese Currie,WR,1982-11-16,2005,5,140
00-0027520,Dominique Curry,Dominique Curry,WR,1987-08-16,,,
00-0021337,Ronald Curry,Ronald Curry,WR,1979-05-28,2002,7,235
00-0023179,Anthony Curtis,Tony Curtis,TE,1983-02-11,,,
00-0041237,Chase Curtis,Chase Curtis,TE,1999-11-01,,,
CUR638900,Isaac Curtis,Isaac Curtis,WR,1950-10-20,,,
00-0022001,Kevin Curtis,Kevin Curtis,WR,1978-07-17,2003,3,74
00-0003803,Matthew Cushing,Matt Cushing,TE,1975-07-02,,,
00-0035153,Jamal Custis,Jamal Custis,WR,1995-11-06,,,
00-0003804,Randy Cuthbert,Randy Cuthbert,RB,1970-01-16,,,
00-0024226,Jay Cutler,Jay Cutler,QB,1983-04-29,2006,1,11
DAD207645,David D'Addio,Dave D'Addio,RB,1961-07-13,1984,4,106
00-0003809,Louis D'Agostino,Lou D'Agostino,RB,1973-12-12,,,
00-0040628,Drake Dabney,Drake Dabney,TE,2002-05-14,,,
00-0036456,Dominique Dafney,Dominique Dafney,TE,1997-06-03,,,
00-0003819,Kevin Daft,Kevin Daft,QB,1975-11-19,,,
00-0003824,Anthony Daigle,Anthony Daigle,RB,1970-04-05,1994,6,185
00-0040086,Mac Dalena,Mac Dalena,WR,2001-10-04,,,
00-0036425,DeeJay Dallas,DeeJay Dallas,RB,1998-09-16,2020,4,144
00-0027973,Andrew Dalton,Andy Dalton,QB,1987-10-29,2011,2,35
00-0003858,Tim Daniel,Tim Daniel,WR,1969-09-14,,,
00-0026544,William Daniel,Chase Daniel,QB,1986-10-07,,,
00-0027409,Alex Daniels,Alex Daniels,RB,1986-11-27,,,
00-0030120,Bruce Daniels,B.J. Daniels,WR,1989-10-24,2013,7,237
00-0041399,CJ Daniels,C.J. Daniels,WR,2002-01-04,2026,6,197
00-0019119,Christopher Daniels,Chris Daniels,WR,1977-03-30,,,
00-0033258,Darrell Daniels,Darrell Daniels,TE,1994-11-22,,,
00-0003863,David Daniels,David Daniels,WR,1969-09-16,1991,3,74
00-0041251,Jalon Daniels,Jalon Daniels,QB,2002-10-29,,,
00-0039910,Jayden Daniels,Jayden Daniels,QB,2000-12-18,2024,1,2
00-0033384,LeShun Daniels,LeShun Daniels,RB,1995-06-04,,,
00-0024313,Owen Daniels,Owen Daniels,TE,1982-11-09,2006,4,98
00-0024346,Prince Daniels,P.J. Daniels,RB,1982-12-21,2006,4,132
DAN622935,Gary Danielson,Gary Danielson,QB,1951-09-10,,,
00-0003883,Stacy Danley,Stacy Danley,RB,1968-07-19,,,
00-0020973,Woodrow Dantzler,Woody Dantzler,RB,1979-10-04,,,
00-0003886,Kirby Dar Dar,Kirby Dar Dar,WR,1972-03-27,,,
00-0033937,Amara Darboh,Amara Darboh,WR,1994-02-01,2017,3,106
DAR059327,Alvis Darby,Al Darby,TE,1954-09-14,,,
00-0036951,Frank Darby,Frank Darby,WR,1997-09-08,2021,6,187
00-0025633,Kenneth Darby,Kenneth Darby,RB,1982-12-26,2007,7,246
DAR177981,Paul Darby,Paul Darby,WR,1956-10-22,,,
00-0036877,Jaelon Darden,Jaelon Darden,WR,1999-01-14,2021,4,129
00-0003900,Christopher Darkins,Chris Darkins,RB,1974-04-30,1996,4,123
00-0030860,Orleans Darkwa,Orleans Darkwa,RB,1992-02-28,,,
00-0022739,Devard Darling,Devard Darling,WR,1982-04-16,2004,3,82
00-0034869,Sam Darnold,Sam Darnold,QB,1997-06-05,2018,1,3
DAR652597,Christopher Darrington,Chris Darrington,WR,1964-07-13,,,
00-0040691,Jaxson Dart,Jaxson Dart,QB,2003-05-13,2025,1,25
DAU474616,Ronald Daugherty,Ron Daugherty,WR,1958-03-17,,,
DAU711924,Mitchell Daum,Mitch Daum,TE,1963-11-13,,,
00-0003920,Charles Davenport,Charles Davenport,WR,1968-11-22,1992,4,94
00-0019065,Joe Davenport,Joe Dean Davenport,TE,1976-10-29,,,
00-0021252,Najeh Davenport,Najeh Davenport,RB,1979-02-08,2002,4,135
DAV007482,Ronald Davenport,Ron Davenport,RB,1962-12-22,1985,6,167
00-0021238,Rohan Davey,Rohan Davey,QB,1979-04-14,2002,4,117
DAV052374,Chy Davidson,Chy Davidson,WR,1959-05-09,,,
00-0036640,Zach Davidson,Zach Davidson,TE,1998-07-15,2021,5,168
00-0021175,Andre Davis,Andre Davis,WR,1979-06-12,2002,2,47
00-0031635,Andre Davis,Andre Davis,WR,1993-09-01,,,
00-0028307,Andrew Davis,Drew Davis,WR,1989-01-04,,,
DAV134676,Anthony Davis,Anthony Davis,RB,1952-09-08,,,
00-0028957,Austin Davis,Austin Davis,QB,1989-06-02,,,
DAV172086,Bradford Davis,Brad Davis,RB,1953-02-09,,,
00-0026650,Britt Davis,Britt Davis,WR,1986-04-23,,,
DAV187050,Bruce Davis,Bruce Davis,WR,1963-02-25,1984,2,50
00-0022434,Carey Davis,Carey Davis,RB,1981-03-27,,,
00-0024381,Charles Davis,Charles Davis,TE,1983-03-13,,,
DAV224460,Charles Davis,Charlie Davis,RB,1952-01-06,,,
00-0022375,Chris Davis,Chris Davis,WR,1981-10-09,,,
00-0025794,Chris Davis,Chris Davis,WR,1983-12-01,,,
00-0025515,Christopher Davis,Chris Davis,WR,1984-01-23,2007,4,128
DAV246906,Clarence Davis,Clarence Davis,RB,1949-06-28,,,
00-0036451,Connor Davis,Connor Davis,TE,1994-10-20,,,
00-0033871,Corey Davis,Corey Davis,WR,1995-01-11,2017,1,5
00-0025417,Craig Davis,Craig Davis,WR,1985-10-02,2007,1,30
DAV261870,David Davis,Dave Davis,WR,1948-07-05,,,
00-0035101,Davion Davis,Davion Davis,WR,1996-10-23,,,
00-0038573,Derius Davis,Derius Davis,WR,2000-09-11,2023,4,125
00-0028863,Dominique Davis,Dominique Davis,QB,1989-07-17,,,
DAV299280,Elgin Davis,Elgin Davis,RB,1965-10-23,1987,12,330
00-0035154,Felton Davis,Felton Davis,WR,1997-02-25,,,
00-0026188,Frederick Davis,Fred Davis,TE,1986-01-15,2008,2,48
00-0036196,Gabriel Davis,Gabe Davis,WR,1999-03-01,2020,4,128
DAV336690,Gary Davis,Gary Davis,RB,1954-09-07,,,
00-0031953,Geremy Davis,Geremy Davis,WR,1992-01-10,2015,6,186
DAV374100,Harrison Davis,Harrison Davis,WR,1952-02-20,,,
00-0039798,Isaiah Davis,Isaiah Davis,RB,2002-02-21,2024,5,173
00-0030692,Jace Davis,Jace Davis,WR,1991-08-22,,,
00-0027130,James Davis,James Davis,RB,1986-01-01,2009,6,195
00-0024158,Jason Davis,Jason Davis,RB,1983-11-02,,,
00-0034499,Jawill Davis,Jawill Davis,WR,1995-04-06,,,
00-0040443,Joaquin Davis,Joaquin Davis,WR,2002-08-18,,,
00-0004004,John Davis,John Davis,TE,1973-05-14,,,
DAV486330,Johnny Davis,Johnny Davis,RB,1956-07-17,,,
00-0022482,Josh Davis,Josh Davis,RB,1980-10-11,,,
00-0023160,Joshua Davis,Josh Davis,WR,1980-12-11,,,
00-0033760,Justin Davis,Justin Davis,RB,1995-11-11,,,
00-0037380,Kaden Davis,Kaden Davis,WR,1998-09-25,,,
00-0026298,Kellen Davis,Kellen Davis,TE,1985-10-11,2008,5,158
00-0004009,Kenneth Davis,Kenneth Davis,RB,1962-04-16,1986,2,41
00-0030280,Knile Davis,Knile Davis,RB,1991-10-05,2013,3,96
DAV531222,Lorenzo Davis,Lorenzo Davis,WR,1968-02-12,,,
00-0037563,Malik Davis,Malik Davis,RB,1998-11-26,,,
00-0004020,Michael Davis,Michael Davis,RB,1971-07-07,,,
DAV553668,Michael Davis,Tony Davis,RB,1953-01-21,,,
00-0032063,Mike Davis,Mike Davis,RB,1993-02-19,2015,4,126
00-0041485,Miles Davis,Miles Davis,RB,2002-01-30,,,
00-0027118,Nate Davis,Nate Davis,QB,1987-05-25,2009,5,171
00-0020676,Nick Davis,Nick Davis,WR,1979-10-06,,,
00-0035978,Quartney Davis,Quartney Davis,WR,1998-04-07,,,
00-0034034,Rashard Davis,Rashard Davis,WR,1995-09-14,,,
00-0023429,Rashied Davis,Rashied Davis,WR,1979-07-24,,,
00-0039875,Re'Mahn Davis,Ray Davis,RB,1999-11-20,2024,4,128
00-0018608,Reginald Davis,Reggie Davis,TE,1976-09-03,,,
00-0033815,Reginald Davis,Reggie Davis,WR,1995-11-22,,,
00-0033530,Robert Davis,Robert Davis,WR,1995-04-02,2017,6,209
DAV725754,Russell Davis,Russell Davis,RB,1956-09-15,,,
00-0038902,Shaquan Davis,Shaquan Davis,WR,2000-02-08,,,
00-0019206,Shockmain Davis,Shockmain Davis,WR,1977-08-20,,,
00-0004052,Stephen Davis,Stephen Davis,RB,1974-03-01,1996,4,102
DAV755682,Steven Davis,Steve Davis,RB,1948-11-10,,,
00-0004054,Terrell Davis,Terrell Davis,RB,1972-10-28,1995,6,196
00-0041481,Terrill Davis,Terrill Davis,WR,2003-08-11,,,
00-0004055,Thabiti Davis,Thabiti Davis,WR,1975-03-24,,,
00-0032080,Titus Davis,Titus Davis,WR,1993-01-03,,,
00-0032423,Trevor Davis,Trevor Davis,WR,1993-07-04,2016,5,163
00-0027172,Tristan Davis,Tristan Davis,RB,1986-05-05,,,
00-0004060,Troy Davis,Troy Davis,RB,1975-09-14,1997,3,62
00-0036250,Tyler Davis,Tyler Davis,TE,1997-04-02,2020,6,206
00-0004061,Tyree Davis,Tyree Davis,WR,1970-09-23,1993,7,176
00-0004063,Tyrone Davis,Tyrone Davis,TE,1972-06-30,1995,4,107
00-0024221,Vernon Davis,Vernon Davis,TE,1984-01-31,2006,1,6
00-0004066,Wendell Davis,Wendell Davis,WR,1966-01-03,1988,1,27
00-0004068,Wendell Davis,Wendell Davis,TE,1975-10-24,,,
00-0003944,William Davis,Billy Davis,WR,1972-07-06,,,
00-0004070,Willie Davis,Willie Davis,WR,1967-10-10,,,
00-0004071,Zola Davis,Zola Davis,WR,1975-01-16,,,
00-0037827,Tyrion Davis-Price,Tyrion Davis-Price,RB,2000-10-23,2022,3,93
00-0004072,Jerone Davison,Jerone Davison,RB,1970-09-16,,,
00-0004074,Dale Dawkins,Dale Dawkins,WR,1966-10-30,1990,9,223
00-0034654,Dalyn Dawkins,Dalyn Dawkins,RB,1994-12-26,,,
DAW103822,Joseph Dawkins,Joe Dawkins,RB,1948-01-27,,,
DAW155733,Julius Dawkins,Julius Dawkins,WR,1961-01-04,1983,12,320
00-0004076,Ralph Dawkins,Ralph Dawkins,RB,1970-10-20,,,
00-0004077,Sean Dawkins,Sean Dawkins,WR,1971-02-03,1993,1,16
00-0004079,Lawrence Dawsey,Lawrence Dawsey,WR,1967-11-16,1991,3,66
DAW311466,Stacey Dawsey,Stacey Dawsey,WR,1965-10-24,,,
00-0024698,Clifton Dawson,Clifton Dawson,RB,1983-10-08,,,
00-0019461,JaJuan Dawson,JaJuan Dawson,WR,1977-11-05,2000,3,79
DAW571021,James Dawson,Lin Dawson,TE,1959-06-24,1981,8,212
00-0004088,Lake Dawson,Lake Dawson,WR,1972-01-02,1994,3,92
DAW622932,Leonard Dawson,Len Dawson,QB,1935-06-20,,,
00-0029868,Skye Dawson,Skye Dawson,WR,1990-12-02,,,
00-0023883,Timothy Day,Tim Day,TE,1983-09-03,,,
00-0033596,Matthew Dayes,Matt Dayes,RB,1994-09-03,2017,7,252
00-0019643,Ronald Dayne,Ron Dayne,RB,1978-03-14,2000,1,11
00-0040967,Jacob De Jesus,Jacob De Jesus,WR,2002-03-13,,,
00-0004116,Steven DeBerg,Steve DeBerg,QB,1954-01-19,,,
DEF553720,Christopher DeFrance,Chris DeFrance,WR,1956-09-13,,,
00-0041317,Nick DeGennaro,Nick DeGennaro,WR,2000-12-29,,,
00-0004134,Allen DeGraffenreid,Allen DeGraffenreid,WR,1970-05-01,,,
DEG664464,Jack DeGrenier,Jack DeGrenier,RB,1951-02-25,,,
00-0004172,Gregory DeLong,Greg DeLong,TE,1973-04-03,,,
00-0028294,Daniel DePalma,Dan DePalma,WR,1989-07-21,,,
00-0004211,Lee DeRamus,Lee DeRamus,WR,1972-08-24,1995,6,184
DER604056,Brian DeRoo,Brian DeRoo,WR,1956-04-25,,,
DES359918,Rick DeSimone,Rick DeSimone,TE,1955-10-08,,,
00-0033080,Seth DeValve,Seth DeValve,TE,1993-01-29,2016,4,138
00-0038476,Thomas DeVito,Tommy DeVito,QB,1998-08-07,,,
00-0026103,Tyson DeVree,Tyson DeVree,TE,1984-11-12,,,
00-0004099,Charles Dean,Charlie Dean,TE,1970-07-12,,,
DEA474616,Randolph Dean,Randy Dean,QB,1955-06-10,,,
00-0004109,Walter Dean,Walter Dean,RB,1968-06-01,1991,6,149
00-0004112,James Dearth,James Dearth,TE,1976-01-22,1999,6,191
00-0030026,Alex Debniak,Alex Debniak,RB,1990-01-05,,,
00-0032121,Andre Debose,Andre Debose,WR,1990-09-12,2015,7,221
00-0027690,Eric Decker,Eric Decker,WR,1987-03-15,2010,3,87
DEE138430,Donald Dee,Donnie Dee,TE,1965-03-17,1988,11,297
00-0036332,Josiah Deguara,Josiah Deguara,TE,1997-02-14,2020,3,94
00-0023835,Jonathan Dekker,Jon Dekker,TE,1983-05-15,,,
00-0040656,Hunter Dekkers,Hunter Dekkers,QB,2001-07-04,,,
DEL319450,James Del Gaizo,Jim Del Gaizo,QB,1947-05-31,,,
DEL095835,Jarrod Delaney,Jarrod Delaney,WR,1966-12-01,,,
DEL159725,Joe Delaney,Joe Delaney,RB,1958-10-30,1981,2,41
00-0004161,Jake Delhomme,Jake Delhomme,QB,1975-01-10,,,
00-0028218,Mark Dell,Mark Dell,WR,1989-05-28,,,
00-0038977,Nathaniel Dell,Tank Dell,WR,1999-10-29,2023,3,69
DEL638900,Jack Deloplaine,Jack Deloplaine,RB,1954-04-21,,,
00-0041041,Oscar Delp,Oscar Delp,TE,2003-08-04,2026,3,73
00-0038705,Emari Demercado,Emari Demercado,RB,1999-01-20,,,
DEM498348,John Demory,Bill Demory,QB,1950-12-01,,,
00-0029722,Jeffery Demps,Jeff Demps,RB,1990-01-08,,,
00-0038447,Dontay Demus,Dontay Demus,WR,2000-09-26,,,
00-0031140,Anthony Denham,Anthony Denham,TE,1991-07-21,,,
00-0027162,Clarence Denmark,Clarence Denmark,WR,1985-09-29,,,
DEN127780,Preston Dennard,Preston Dennard,WR,1955-11-28,,,
00-0023873,Chris Denney,Chris Denney,WR,1983-01-25,,,
DEN447230,Glenn Dennison,Glenn Dennison,TE,1961-11-17,1984,2,39
DEN511120,William Dennison,Doug Dennison,RB,1951-12-18,,,
00-0004200,Autry Denson,Autry Denson,RB,1976-12-08,1999,7,233
DEN606955,Keith Denson,Keith Denson,WR,1952-08-30,,,
DEN638900,Moses Denson,Moses Denson,RB,1944-07-06,,,
00-0031609,Alexander Derby,A.J. Derby,TE,1991-09-20,2015,6,202
00-0041376,Gregory Desrosiers,Gregory Desrosiers,RB,2001-03-27,,,
00-0004229,Koy Detmer,Koy Detmer,QB,1973-07-05,1997,7,207
00-0004230,Ty Detmer,Ty Detmer,QB,1967-10-30,1992,9,230
00-0028453,Patrick Devlin,Pat Devlin,QB,1988-04-12,,,
00-0021852,Todd Devoe,Todd Devoe,WR,1980-04-05,,,
00-0028581,Patrick DiMarco,Patrick DiMarco,RB,1989-04-30,,,
00-0036384,Benjamin DiNucci,Ben DiNucci,QB,1996-11-24,2020,7,231
DIR332232,Frederick DiRenzo,Fred DiRenzo,RB,1961-01-28,,,
DIR498348,Robert DiRico,Robert DiRico,RB,1963-11-22,,,
00-0021554,Lorenzo Diamond,Lorenzo Diamond,TE,1978-12-15,,,
DIA622932,Richard Diana,Rich Diana,RB,1960-09-06,1982,5,136
00-0019765,Dave Dickenson,Dave Dickenson,QB,1973-01-11,,,
00-0004265,Bryan Dickerson,Bryan Dickerson,RB,1972-03-22,,,
00-0027819,Dorin Dickerson,Dorin Dickerson,TE,1988-03-31,2010,7,227
00-0004266,Eric Dickerson,Eric Dickerson,RB,1960-09-02,1983,1,2
00-0034795,Garrett Dickerson,Garrett Dickerson,TE,1995-12-30,,,
00-0020798,Kori Dickerson,Kori Dickerson,TE,1978-12-06,,,
00-0004267,Ronald Dickerson,Ron Dickerson,WR,1971-08-31,,,
DIC387604,Clifford Dickey,Lynn Dickey,QB,1949-10-19,,,
DIC442976,Curtis Dickey,Curtis Dickey,RB,1956-11-27,1980,1,5
DIC609092,Parnell Dickinson,Parnell Dickinson,QB,1953-03-14,,,
00-0027675,Edward Dickson,Ed Dickson,TE,1987-07-25,2010,3,70
00-0027341,Richard Dickson,Richard Dickson,TE,1987-11-17,,,
DID276861,Clint Didier,Clint Didier,TE,1959-04-04,1981,12,314
00-0004283,Mark Didio,Mark Didio,WR,1969-02-17,,,
00-0021545,Dahrran Diedrick,Dahrran Diedrick,RB,1979-01-11,,,
DIE484505,Scott Dierking,Scott Dierking,RB,1955-05-24,,,
00-0033474,Gehrig Dieter,Gehrig Dieter,WR,1993-02-24,,,
00-0032370,Reginald Diggs,Reggie Diggs,WR,1993-05-08,,,
DIG207645,Shelton Diggs,Shelton Diggs,WR,1955-04-23,,,
00-0031588,Stefon Diggs,Stefon Diggs,WR,1993-11-29,2015,5,146
00-0040705,Chimere Dike,Chimere Dike,WR,2001-12-14,2025,4,103
00-0004293,Trent Dilfer,Trent Dilfer,QB,1972-03-13,1994,1,6
00-0004294,Kenneth Dilger,Ken Dilger,TE,1971-02-02,1995,2,48
00-0027105,Jarett Dillard,Jarett Dillard,WR,1985-12-21,2009,5,144
00-0036265,Algiers Dillon,A.J. Dillon,RB,1998-05-02,2020,2,62
00-0035102,Brandon Dillon,Brandon Dillon,TE,1997-04-30,,,
00-0004304,Corey Dillon,Corey Dillon,RB,1974-10-24,1997,2,43
00-0035813,Derrick Dillon,Derrick Dillon,WR,1995-10-28,,,
DIL461435,Stephen Dils,Steve Dils,QB,1955-12-08,,,
DIL646009,Anthony Dilweg,Anthony Dilweg,QB,1965-03-28,1989,3,74
00-0004322,Miquel Dingle,Mike Dingle,RB,1969-01-30,1991,8,211
00-0020550,Darnell Dinkins,Darnell Dinkins,TE,1977-01-20,,,
00-0041357,Khalil Dinkins,Khalil Dinkins,TE,2002-05-29,,,
00-0040566,CJ Dippre,C.J. Dippre,TE,2002-04-29,,,
DIR166116,Johnnie Dirden,Johnnie Dirden,WR,1952-03-14,,,
00-0034159,William Dissly,Will Dissly,TE,1996-07-08,2018,4,120
00-0004341,Chris Dittoe,Chris Dittoe,QB,1973-08-01,,,
DIX063891,Albert Dixon,Al Dixon,TE,1954-04-05,,,
00-0027772,Anthony Dixon,Anthony Dixon,RB,1987-09-24,2010,6,173
00-0030898,Chase Dixon,Chase Dixon,TE,1991-05-30,,,
00-0004347,Corey Dixon,Corey Dixon,WR,1972-02-16,,,
00-0037042,Dai'Jean Dixon,Dai'Jean Dixon,WR,1998-10-16,,,
00-0026296,Dennis Dixon,Dennis Dixon,QB,1985-01-11,2008,5,156
DIX127782,Dwayne Dixon,Dwayne Dixon,WR,1962-08-02,,,
00-0004352,Floyd Dixon,Floyd Dixon,WR,1964-04-09,1986,6,154
00-0004356,James Dixon,James Dixon,WR,1967-02-02,,,
00-0035450,Johnnie Dixon,Johnnie Dixon,WR,1994-09-16,,,
00-0032411,Kenneth Dixon,Kenneth Dixon,RB,1994-01-21,2016,4,134
00-0041318,Kyle Dixon,Kyle Dixon,WR,2000-09-14,,,
00-0019662,Ronald Dixon,Ron Dixon,WR,1976-05-28,2000,3,73
00-0004367,Titus Dixon,Titus Dixon,WR,1966-06-15,1989,6,153
DIX766692,Zachary Dixon,Zachary Dixon,RB,1956-03-05,,,
00-0036578,Gerrid Doaks,Gerrid Doaks,RB,1998-06-09,2021,7,244
00-0036158,J.K. Dobbins,J.K. Dobbins,RB,1998-12-17,2020,2,55
00-0033949,Robert Dobbs,Joshua Dobbs,QB,1995-01-26,2017,4,135
00-0030540,Aaron Dobson,Aaron Dobson,WR,1991-07-23,2013,2,59
00-0032760,Joshua Doctson,Josh Doctson,WR,1992-12-03,2016,1,22
DOD166116,Alvin Dodd,Al Dodd,WR,1945-08-21,,,
00-0029772,Seth Doege,Seth Doege,QB,1988-12-18,,,
00-0004386,Christopher Doering,Chris Doering,WR,1973-05-19,1996,6,185
DOL118654,John Dolbin,Jack Dolbin,WR,1948-10-12,,,
00-0035394,Jake Dolegala,Jacob Dolegala,QB,1996-10-07,,,
DOL474616,Anthony Dollinger,Tony Dollinger,RB,1962-10-18,,,
00-0021276,Brandon Doman,Brandon Doman,QB,1976-12-29,,,
00-0020050,Matthew Dominguez,Matt Dominguez,TE,1978-06-27,,,
DOM593270,Martin Domres,Marty Domres,QB,1947-04-17,,,
00-0041326,De'Carlo Donaldson,C.J. Donaldson,RB,2004-07-09,,,
00-0026849,Herb Donaldson,Herb Donaldson,RB,1985-12-13,,,
00-0033990,Steven Donatell,Steve Donatell,TE,1994-03-05,,,
DON287505,Thomas Donchez,Tom Donchez,RB,1952-03-10,,,
DON319450,William Donckers,Billy Donckers,QB,1951-01-08,,,
DON415285,Douglas Donley,Doug Donley,WR,1959-02-06,1981,2,53
00-0028838,Larry Donnell,Larry Donnell,TE,1988-11-01,,,
DON638900,Michael Donohoe,Mike Donohoe,TE,1945-05-06,,,
DON798625,Thomas Donovan,Tom Donovan,WR,1957-01-13,1980,9,230
DOO692150,Daniel Doornink,Dan Doornink,RB,1956-02-01,,,
00-0041319,Cameron Dorner,Cameron Dorner,WR,2004-02-04,,,
00-0020159,Derek Dorris,Derek Dorris,WR,1978-12-01,,,
DOR467199,Anthony Dorsett,Tony Dorsett,RB,1954-04-07,,,
00-0032208,Phillip Dorsett,Phillip Dorsett,WR,1993-01-05,2015,1,29
00-0023806,DeDe Dorsey,DeDe Dorsey,RB,1984-08-01,,,
00-0022039,Kenneth Dorsey,Ken Dorsey,QB,1981-04-22,2003,7,241
00-0030116,Kevin Dorsey,Kevin Dorsey,WR,1990-02-23,2013,7,224
DOR674843,Larry Dorsey,Larry Dorsey,WR,1953-08-15,,,
00-0035500,Greg Dortch,Greg Dortch,WR,1998-05-29,,,
00-0035120,Keelan Doss,Keelan Doss,WR,1996-03-21,,,
00-0031011,Lee Doss,Lee Doss,WR,1991-04-09,,,
00-0028061,Tandon Doss,Tandon Doss,WR,1989-09-22,2011,4,123
00-0038862,Elijah Dotson,Elijah Dotson,RB,1999-01-19,,,
00-0037741,Jahan Dotson,Jahan Dotson,WR,2000-03-22,2022,1,16
00-0037816,Romeo Doubs,Romeo Doubs,WR,2000-04-13,2022,4,132
00-0026221,Early Doucet,Early Doucet,WR,1985-10-28,2008,3,81
DOU094821,Ben Dougherty,Ben Dougherty,QB,1980-04-07,,,
00-0032446,Brandon Doughty,Brandon Doughty,QB,1991-10-06,2016,7,223
DOU173035,Glenn Doughty,Glenn Doughty,WR,1947-01-30,,,
00-0041523,Caleb Douglas,Caleb Douglas,WR,2003-09-09,2026,3,75
00-0022376,Chris Douglas,Chris Douglas,RB,1981-02-13,,,
00-0004463,Dameane Douglas,Dameane Douglas,WR,1976-03-15,1999,4,102
00-0029361,David Douglas,David Douglas,WR,1989-06-27,,,
00-0038621,DeMario Douglas,Demario Douglas,WR,2000-12-08,2023,6,210
00-0004466,Derrick Douglas,Derrick Douglas,RB,1968-08-10,1990,6,141
DOU346070,Freddie Douglas,Freddie Douglas,WR,1954-03-28,,,
00-0026224,Harry Douglas,Harry Douglas,WR,1984-09-16,2008,3,84
00-0004469,Henry Douglas,Henry Douglas,WR,1977-03-03,,,
DOU519105,Leland Douglas,Leland Douglas,WR,1963-09-23,,,
00-0004473,Omar Douglas,Omar Douglas,WR,1972-06-03,,,
00-0023131,Robert Douglas,Robert Douglas,RB,1982-07-25,,,
DOU761354,Robert Douglass,Bobby Douglass,QB,1947-06-22,,,
00-0004479,Talib Douthard,Ty Douthard,RB,1973-05-27,,,
00-0004483,Marcus Dowdell,Marcus Dowdell,WR,1970-05-22,1992,10,276
00-0036139,Rico Dowdle,Rico Dowdle,RB,1998-06-14,,,
00-0038632,Colton Dowell,Colton Dowell,WR,1999-04-19,2023,7,228
DOW507573,Brian Dowling,Brian Dowling,QB,1947-04-01,,,
00-0021496,Christopher Downs,Chris Downs,RB,1979-03-26,,,
00-0004495,Gary Downs,Gary Downs,RB,1972-06-06,1994,3,95
00-0038997,Josh Downs,Josh Downs,WR,2001-08-12,2023,3,79
00-0004497,Todd Doxzon,Todd Doxzon,WR,1975-03-28,,,
00-0030181,John Doyle,Jack Doyle,TE,1990-05-05,,,
00-0004503,William Dozier,D.J. Dozier,RB,1965-09-21,1987,1,14
00-0004508,Scott Dragos,Scott Dragos,RB,1975-10-28,,,
00-0033118,Kenyan Drake,Kenyan Drake,RB,1994-01-26,2016,3,73
00-0028202,Kenneth Draughn,Shaun Draughn,RB,1987-12-07,,,
00-0027825,James Dray,Jim Dray,TE,1986-12-31,2010,7,233
00-0004524,Troy Drayton,Troy Drayton,TE,1970-06-29,1993,2,39
00-0023630,Joel Dreessen,Joel Dreessen,TE,1982-07-26,2005,6,198
00-0004527,Scott Dreisbach,Scott Dreisbach,QB,1975-12-16,,,
00-0004531,Christopher Dressel,Chris Dressel,TE,1961-02-07,1983,3,69
DRE461435,Douglas Dressler,Doug Dressler,RB,1948-08-19,,,
00-0026915,Davon Drew,Davon Drew,TE,1985-12-09,2009,5,149
00-0004534,Willie Drewrey,Willie Drewrey,WR,1963-04-28,1985,11,281
00-0032436,Jeffrey Driskel,Jeff Driskel,QB,1993-04-23,2016,6,207
00-0004540,Michael Dritlein,Michael Dritlein,WR,1974-01-14,,,
00-0004541,Donald Driver,Donald Driver,WR,1975-02-02,1999,7,213
DRI622935,Stacey Driver,Stacey Driver,RB,1964-03-04,,,
00-0040942,Kyron Drones,Kyron Drones,QB,2003-07-24,,,
00-0019610,Reuben Droughns,Reuben Droughns,RB,1978-08-21,2000,3,81
00-0004546,James Druckenmiller,Jim Druckenmiller,QB,1972-09-19,1997,1,26
00-0037564,Dontario Drummond,Dontario Drummond,WR,1997-08-22,,,
00-0038953,Dylan Drummond,Dylan Drummond,WR,2000-01-17,,,
00-0020692,Edward Drummond,Eddie Drummond,WR,1980-04-12,,,
00-0004547,Robert Drummond,Robert Drummond,RB,1967-06-21,1989,3,76
DUB461435,Philip DuBois,Phil DuBois,TE,1956-11-16,,,
DUB553722,Donald DuBose,Doug DuBose,RB,1964-03-14,,,
00-0038507,Grant DuBose,Grant DuBose,WR,2001-06-20,2023,7,256
DUP519110,Billy DuPree,Billy Joe DuPree,TE,1950-03-07,,,
00-0033061,Thomas Duarte,Thomas Duarte,TE,1995-03-30,2016,7,231
DUC237308,Kenneth Duckett,Kenny Duckett,WR,1959-10-01,1982,3,68
00-0021376,Todd Duckett,T.J. Duckett,RB,1981-02-17,2002,1,18
DUC474616,Bobby Duckworth,Bobby Duckworth,WR,1958-11-27,1981,6,162
DUD184574,Joseph Dudek,Joe Dudek,RB,1964-01-22,,,
00-0023231,Lawrence Dudley,Kevin Dudley,RB,1982-01-02,,,
00-0004574,Rickey Dudley,Rickey Dudley,TE,1972-07-15,1996,1,9
DUF276861,Joseph Dufek,Joe Dufek,QB,1961-08-23,,,
00-0022746,Jeffrey Dugan,Jeff Dugan,TE,1981-04-08,2004,7,220
00-0019708,Ronald Dugans,Ron Dugans,WR,1977-04-27,2000,3,66
00-0038637,Max Duggan,Max Duggan,QB,2001-03-12,2023,7,239
00-0035325,Jonathan Duhart,Jonathan Duhart,WR,1996-06-26,,,
00-0033409,Austin Duke,Austin Duke,WR,1993-08-03,,,
00-0023072,Wesley Duke,Wesley Duke,TE,1981-06-21,,,
00-0004595,Chad Dukes,Chad Dukes,RB,1971-12-29,,,
00-0004601,Michael Dulaney,Mike Dulaney,RB,1970-09-09,,,
00-0037252,Gregory Dulcich,Greg Dulcich,TE,2000-03-26,2022,3,80
00-0035021,Ashton Dulin,Ashton Dulin,WR,1997-05-15,,,
DUN021857,Craig Dunaway,Craig Dunaway,TE,1961-03-27,1983,8,218
DUN087428,Allen Dunbar,Jubilee Dunbar,WR,1949-05-17,,,
00-0021930,LaTarence Dunbar,LaTarence Dunbar,WR,1980-08-15,2003,6,196
00-0029004,Lance Dunbar,Lance Dunbar,RB,1990-01-25,,,
00-0034072,Steven Dunbar,Steven Dunbar,WR,1995-12-19,,,
00-0004617,Vaughn Dunbar,Vaughn Dunbar,RB,1968-09-04,1992,1,21
DUN109285,Clyde Duncan,Clyde Duncan,WR,1961-02-05,1984,1,17
00-0004621,Curtis Duncan,Curtis Duncan,WR,1965-01-26,1987,10,258
DUN240427,James Duncan,Brian Duncan,RB,1952-03-31,,,
DUN415283,Kenneth Dunek,Ken Dunek,TE,1957-06-20,,,
00-0035010,Eric Dungey,Eric Dungey,QB,1996-06-12,,,
DUN458997,James Duniven,Tom Duniven,QB,1954-05-20,,,
00-0004633,Damon Dunn,Damon Dunn,WR,1976-03-15,,,
00-0004634,David Dunn,David Dunn,WR,1972-06-10,1995,5,139
00-0004637,Jason Dunn,Jason Dunn,TE,1973-11-15,1996,2,54
DUN590139,Keldrick Dunn,K.D. Dunn,TE,1963-04-28,1985,5,116
00-0029913,Reginald Dunn,Reggie Dunn,WR,1989-01-05,,,
00-0004640,Warrick Dunn,Warrick Dunn,RB,1975-01-05,1997,1,12
00-0029147,Drake Dunsmore,Drake Dunsmore,TE,1988-11-04,2012,7,233
DUN764995,Patrick Dunsmore,Pat Dunsmore,TE,1957-10-02,1983,4,107
00-0004643,Walter Dunson,Walter Dunson,WR,1970-10-24,,,
DUP103822,Jon Dupard,Reggie Dupard,RB,1963-10-30,1986,1,26
00-0004646,Mark Duper,Mark Duper,WR,1959-01-25,1982,2,52
00-0041536,Kyre Duplessis,Kyre Duplessis,WR,2002-07-18,,,
00-0033305,Malachi Dupre,Malachi Dupre,WR,1995-10-12,2017,7,247
DUP622932,Marcus Dupree,Marcus Dupree,RB,1964-05-22,1986,12,327
00-0019066,Terrence Dupree,Terrence Dupree,TE,1977-11-09,,,
00-0033517,Travin Dural,Travin Dural,WR,1993-11-19,,,
00-0038734,John Durden,David Durden,WR,1998-12-26,,,
DUR276861,Darius Durham,Darius Durham,WR,1961-05-27,,,
00-0028045,Kristopher Durham,Kris Durham,WR,1988-03-17,2011,4,107
00-0039050,William Durham,Payne Durham,TE,2000-06-15,2023,5,171
00-0036331,Devin Duvernay,Devin Duvernay,WR,1997-09-12,2020,3,92
00-0034073,Ross Dwelley,Ross Dwelley,TE,1995-01-26,,,
00-0004673,Timothy Dwight,Tim Dwight,WR,1975-07-13,1998,4,114
00-0027786,Jonathan Dwyer,Jonathan Dwyer,RB,1989-07-26,2010,6,188
00-0004675,Michael Dyal,Mike Dyal,TE,1966-05-20,,,
00-0032008,Donteea Dye,Donteea Dye,WR,1993-08-20,,,
00-0019473,Deon Dyer,Deon Dyer,RB,1977-10-02,2000,4,117
00-0004688,Hart Dykes,Hart Lee Dykes,WR,1966-09-02,1989,1,16
00-0030394,Zac Dysert,Zac Dysert,QB,1990-02-08,2013,7,234
00-0004694,Kevin Dyson,Kevin Dyson,WR,1975-06-23,1998,1,16
00-0032705,Lloyd Eagan,Ed Eagan,WR,1993-06-19,,,
00-0023431,Kevin Eakin,Kevin Eakin,QB,1981-06-22,,,
00-0024553,Biren Ealy,Biren Ealy,WR,1984-07-07,,,
00-0037210,Jerrion Ealy,Jerrion Ealy,RB,2000-08-19,,,
EAR263361,Robin Earl,Robin Earl,RB,1955-03-18,,,
EAR276861,James Earley,Jim Earley,RB,1956-01-23,,,
00-0004705,Quinn Early,Quinn Early,WR,1965-04-13,1988,3,60
00-0027708,Marcus Easley,Marcus Easley,WR,1987-11-02,2010,4,107
00-0035353,Nick Easley,Nick Easley,WR,1997-01-14,,,
00-0022464,Arthur Easlick,Doug Easlick,RB,1980-12-04,,,
EAS332232,Charles Eason,Tony Eason,QB,1959-10-08,1983,1,15
00-0036226,Jacob Eason,Jacob Eason,QB,1997-11-17,2020,4,122
00-0021087,Omar Easy,Omar Easy,RB,1977-10-29,2002,4,107
00-0029552,Jeremy Ebert,Jeremy Ebert,WR,1989-04-06,2012,7,235
00-0037087,Trestan Ebner,Trestan Ebner,RB,1999-01-02,2022,6,203
00-0031387,Herman Ebron,Eric Ebron,TE,1993-04-10,2014,1,10
ECC415291,Scott Eccles,Scott Eccles,TE,1963-06-28,1987,9,238
00-0022883,Adimchinobe Echemandu,Adimchinobe Echemandu,RB,1980-11-21,2004,7,208
ECH207645,Donald Echols,Donnie Echols,TE,1957-12-16,,,
00-0023251,Kyle Eckel,Kyle Eckel,RB,1981-12-30,,,
00-0025603,Tyler Ecker,Tyler Ecker,TE,1982-04-18,,,
ECK738296,Jerry Eckwood,Jerry Eckwood,RB,1954-12-26,,,
EDD276861,Floyd Eddings,Floyd Eddings,WR,1957-12-15,,,
00-0027150,Julian Edelman,Julian Edelman,WR,1986-05-22,2009,7,232
00-0027137,Dominique Edison,Dominique Edison,WR,1986-07-16,2009,6,206
00-0019451,Pedro Edison,Pedro Edison,TE,1976-01-28,,,
00-0004739,Bobby Edmonds,Bobby Joe Edmonds,RB,1964-09-26,1986,5,126
00-0034681,Chase Edmonds,Chase Edmonds,RB,1996-04-13,2018,4,134
00-0004742,Ferrell Edmunds,Ferrell Edmunds,TE,1965-04-16,1988,3,73
00-0033838,Ferrell Edmunds,Trey Edmunds,RB,1994-12-30,,,
00-0004743,Albert Edwards,Al Edwards,WR,1967-05-18,1990,11,292
00-0004745,Anthony Edwards,Anthony Edwards,WR,1966-05-26,,,
00-0027692,Armanti Edwards,Armanti Edwards,WR,1988-03-08,2010,3,89
00-0034184,Augustus Edwards,Gus Edwards,RB,1995-04-13,,,
00-0032001,Benjamin Edwards,Ben Edwards,WR,1992-04-10,,,
00-0023438,Braylon Edwards,Braylon Edwards,WR,1983-02-21,2005,1,3
00-0004752,Brian Edwards,Brian Edwards,RB,1976-06-06,,,
00-0036365,Bryan Edwards,Bryan Edwards,WR,1998-11-13,2020,3,81
EDW184572,Cleophus Edwards,Cid Edwards,RB,1943-10-10,,,
00-0040400,Donovan Edwards,Donovan Edwards,RB,2003-02-25,,,
EDW399906,Emmett Edwards,Emmett Edwards,WR,1952-06-06,,,
00-0022385,Eric Edwards,Eric Edwards,TE,1980-08-04,,,
00-0032082,Jahwan Edwards,Jahwan Edwards,RB,1992-07-27,,,
EDW522954,James Edwards,Jimmy Edwards,RB,1952-09-19,,,
EDW553716,Kelvin Edwards,Kelvin Edwards,WR,1964-07-19,1986,4,88
00-0029227,Patrick Edwards,Pat Edwards,WR,1988-10-25,,,
00-0004774,Robert Edwards,Robert Edwards,RB,1974-10-02,1998,1,18
EDW676764,Stanley Edwards,Stan Edwards,RB,1960-05-20,1982,3,72
00-0021437,Terrence Edwards,Terrence Edwards,WR,1979-04-20,,,
00-0025479,Trent Edwards,Trent Edwards,QB,1983-10-30,2007,3,92
00-0004780,Troy Edwards,Troy Edwards,WR,1977-04-07,1999,1,13
00-0040609,Tru Edwards,Tru Edwards,WR,2001-06-09,,,
00-0036360,Clyde Edwards-Helaire,Clyde Edwards-Helaire,RB,1999-04-11,2020,1,32
00-0040129,Emeka Egbuka,Emeka Egbuka,WR,2002-10-14,2025,1,19
EGL415291,Ronald Egloff,Ron Egloff,TE,1955-10-03,,,
00-0029694,Michael Egnew,Michael Egnew,TE,1989-11-01,2012,3,78
00-0004788,Okechukwu Egu,Patrick Egu,RB,1967-02-20,1989,9,230
00-0036879,Samuel Ehlinger,Sam Ehlinger,QB,1998-09-30,2021,6,218
00-0030549,Tyler Eifert,Tyler Eifert,TE,1990-09-08,2013,1,21
00-0019207,Chris Eitzmann,Chris Eitzmann,TE,1977-04-01,,,
00-0033699,Austin Ekeler,Austin Ekeler,RB,1995-05-17,,,
00-0024816,Bradley Ekwerekwu,Brad Ekwerekwu,WR,1985-10-03,,,
00-0027761,William Eldridge,Brody Eldridge,TE,1987-03-31,2010,5,162
ELE276861,Clifton Eley,Clifton Eley,TE,1961-06-21,,,
ELE553722,Monroe Eley,Monroe Eley,RB,1949-04-17,,,
00-0004824,Keith Elias,Keith Elias,RB,1972-02-03,,,
00-0004828,Michael Elkins,Mike Elkins,QB,1966-07-20,1989,2,32
00-0004830,Henry Ellard,Henry Ellard,WR,1961-07-21,1983,2,32
00-0035823,Ben Ellefson,Ben Ellefson,TE,1996-09-01,,,
ELL085188,Richard Ellender,Rich Ellender,RB,1957-06-09,,,
ELL149079,Gary Ellerson,Gary Ellerson,RB,1963-07-17,1985,7,182
00-0030287,Andre Ellington,Andre Ellington,RB,1989-02-03,2013,6,187
00-0031326,Bruce Ellington,Bruce Ellington,WR,1991-08-22,2014,4,106
00-0022595,Blake Elliott,Blake Elliott,WR,1981-02-19,,,
00-0024074,Brett Elliott,Brett Elliott,QB,1982-06-11,,,
00-0033045,Ezekiel Elliott,Ezekiel Elliott,RB,1995-07-22,2016,1,4
00-0021310,Jamin Elliott,Jamin Elliott,WR,1979-10-05,2002,6,203
00-0029055,Kevin Elliott,Kevin Elliott,WR,1988-12-21,,,
ELL340752,Lenvil Elliott,Lenvil Elliott,RB,1951-09-02,,,
00-0032864,Alexander Ellis,Alex Ellis,TE,1993-02-10,,,
ELL447237,Craig Ellis,Craig Ellis,RB,1961-01-26,,,
00-0024044,Devale Ellis,Devale Ellis,WR,1984-04-02,,,
00-0004849,Elbert Ellis,Elbert Ellis,WR,1969-06-23,,,
ELL489831,Gerry Ellis,Gerry Ellis,RB,1957-11-12,1980,7,192
00-0035396,Jordan Ellis,Jordan Ellis,RB,1996-03-22,,,
00-0004866,'Omar Ellison,'Omar Ellison,WR,1971-10-08,1995,5,162
00-0004871,Jerry Ellison,Jerry Ellison,RB,1971-12-20,,,
00-0029587,Rhett Ellison,Rhett Ellison,TE,1988-10-03,2012,4,128
ELL745395,William Ellison,Willie Ellison,RB,1945-11-01,,,
00-0026854,Keith Eloi,Keith Eloi,WR,1984-11-01,,,
00-0004884,John Elway,John Elway,QB,1960-06-28,1983,1,1
00-0004888,Bert Emanuel,Bert Emanuel,WR,1970-10-26,1994,2,45
EMB415290,Jon Embree,Jon Embree,TE,1965-10-15,1987,6,166
EME664464,Larry Emery,Larry Emery,RB,1964-07-13,1987,12,320
EME675714,Chukwuemeka Emezie,Emeka Emezie,WR,,,,
00-0019844,Conrad Emmerich,Conrad Emmerich,RB,1978-04-27,,,
00-0036797,B.J. Emmons,B.J. Emmons,RB,1997-07-03,,,
00-0028098,Nathan Enderle,Nathan Enderle,QB,1988-01-12,2011,5,160
00-0041116,Jack Endries,Jack Endries,TE,2004-03-26,2026,7,221
00-0020924,R.J. English,R.J. English,WR,1979-05-16,,,
00-0033881,Evan Engram,Evan Engram,TE,1994-09-02,2017,1,23
00-0004915,Simon Engram,Bobby Engram,WR,1973-01-07,1996,2,52
00-0004916,Curtis Enis,Curtis Enis,RB,1976-06-15,1998,1,5
00-0031023,Onochee Enunwa,Quincy Enunwa,WR,1992-05-31,2014,6,209
00-0027827,Dedrick Epps,Dedrick Epps,TE,1988-06-19,2010,7,235
EPP415290,Phillip Epps,Phil Epps,WR,1958-11-11,1982,12,321
ERE553722,Richard Erenberg,Rich Erenberg,RB,1962-04-17,1984,9,247
00-0032543,Alex Erickson,Alex Erickson,WR,1992-11-06,,,
00-0004925,Craig Erickson,Craig Erickson,QB,1969-05-17,1992,4,86
00-0034611,Donald Ernsberger,Donnie Ernsberger,TE,1996-10-13,,,
ERN553722,Michael Ernst,Mike Ernst,QB,1950-10-12,,,
00-0030061,Zachary Ertz,Zach Ertz,TE,1990-11-10,2013,2,35
00-0025884,Allen Ervin,Allen Ervin,RB,1985-03-19,,,
00-0032404,Tyler Ervin,Tyler Ervin,RB,1993-10-07,2016,4,119
00-0004931,Richard Ervins,Ricky Ervins,RB,1968-12-07,1991,3,76
00-0030544,Gavin Escobar,Gavin Escobar,TE,1991-02-03,2013,2,47
00-0004937,Norman Esiason,Boomer Esiason,QB,1961-04-17,1984,2,38
00-0036620,D'Wayne Eskridge,D'Wayne Eskridge,WR,1997-03-23,2021,2,56
ESP415290,Alexander Espinoza,Alex Espinoza,QB,1964-05-31,,,
ESP622935,Michael Esposito,Mike Esposito,RB,1953-04-24,,,
00-0024092,Michael Espy,Mike Espy,WR,1982-11-29,,,
00-0023784,Gregory Estandia,Greg Estandia,TE,1982-11-18,,,
EST138430,Richard Estell,Richard Estell,WR,1963-10-12,,,
00-0039373,Audric Estime,Audric Estime,RB,2003-09-06,2024,5,147
00-0033454,Brisly Estime,Brisly Estime,WR,,,,
00-0037454,Drew Estrada,Drew Estrada,WR,1997-07-24,,,
00-0004956,Carlos Etheredge,Carlos Etheredge,TE,1970-08-10,1993,6,157
00-0004959,Raymond Ethridge,Ray Ethridge,WR,1968-12-12,1992,3,63
00-0036973,Travis Etienne,Travis Etienne,RB,1999-01-26,2021,1,25
00-0040644,Trevor Etienne,Trevor Etienne,RB,2004-07-09,2025,4,114
00-0034423,Daniel Etling,Danny Etling,QB,1994-07-22,2018,7,219
00-0033687,Amba Etta-Tawo,Amba Etta-Tawo,WR,1993-11-10,,,
00-0036766,Nick Eubanks,Nick Eubanks,TE,1996-11-21,,,
00-0023769,Bruce Eugene,Bruce Eugene,QB,1982-06-20,,,
00-0022215,Timothy Euhus,Tim Euhus,TE,1980-10-02,2004,4,109
00-0004972,Charles Evans,Chuck Evans,RB,1967-04-16,1992,11,295
00-0036857,Chris Evans,Chris Evans,RB,1997-10-05,2021,6,202
00-0028645,Darren Evans,Darren Evans,RB,1988-11-09,,,
00-0036297,Darrynton Evans,Darrynton Evans,RB,1998-07-09,2020,3,93
00-0004985,Gerald Evans,Jerry Evans,TE,1968-09-28,1991,8,204
EVA226804,Jack Evans,Charlie Evans,RB,1948-01-10,,,
EVA266967,James Evans,James Evans,RB,1963-08-17,1987,10,271
EVA297676,Jerod Evans,Jerod Evans,QB,1994-01-16,,,
EVA400619,John Evans,John Evans,TE,1964-06-13,,,
00-0023181,Jonathan Evans,Jonathan Evans,RB,1981-10-10,,,
00-0022910,Lee Evans,Lee Evans,WR,1981-03-11,2004,1,13
00-0031408,Michael Evans,Mike Evans,WR,1993-08-21,2014,1,7
00-0040187,Mitchell Evans,Mitchell Evans,TE,2003-05-18,2025,5,163
00-0040954,Omari Evans,Omari Evans,WR,2003-12-31,,,
EVA682249,Reginald Evans,Reggie Evans,RB,1959-01-05,,,
EVA771238,Russell Evans,Russell Evans,WR,1965-02-03,,,
00-0031056,Shaquelle Evans,Shaq Evans,WR,1991-03-07,2014,4,115
00-0005010,Vincent Evans,Vince Evans,QB,1955-06-14,,,
00-0039136,Zachary Evans,Zach Evans,RB,2001-05-30,2023,6,215
00-0033895,Gerald Everett,Gerald Everett,TE,1994-06-25,2017,2,44
00-0005015,James Everett,Jim Everett,QB,1963-01-03,1986,1,3
00-0023521,Kevin Everett,Kevin Everett,TE,1982-02-05,2005,3,86
EVE355962,Major Everett,Major Everett,RB,1960-01-04,,,
00-0040234,Quinn Ewers,Quinn Ewers,QB,2003-03-15,2025,7,231
00-0034876,Christopher Ezeala,Christopher Ezeala,RB,1995-09-19,,,
EZO415291,Blake Ezor,Blake Ezor,RB,1966-10-11,,,
00-0038092,Chukwuerika Ezukanma,Erik Ezukanma,WR,2000-01-25,2022,4,125
FAA415291,Sinatausilinuu Faaola,Nuu Faaola,RB,1964-01-15,1986,9,245
00-0040981,Joseph Fagnano,Joe Fagnano,QB,2001-03-31,,,
00-0020224,Carl Fair,Carl Fair,RB,1977-06-08,,,
00-0040046,Rivaldo Fairweather,Rivaldo Fairweather,TE,2002-07-19,,,
FAI679563,Derrick Faison,Derrick Faison,WR,1967-08-24,,,
00-0031076,David Fales,David Fales,QB,1990-10-04,2014,6,183
00-0034412,Luke Falk,Luke Falk,QB,1994-12-28,2018,6,199
00-0005060,Chad Fann,Chad Fann,TE,1970-06-07,,,
00-0040663,Harold Fannin,Harold Fannin,TE,2004-07-20,2025,3,67
00-0028220,Mario Fannin,Mario Fannin,RB,1987-12-04,,,
00-0035644,Noah Fant,Noah Fant,TE,1997-11-20,2019,1,20
00-0038735,Princeton Fant,Princeton Fant,TE,1999-03-11,,,
00-0022093,Justin Fargas,Justin Fargas,RB,1980-01-25,2003,3,96
FAR151014,John Farley,John Farley,RB,1961-08-11,1984,4,92
FAR226521,Clanton Farmer,Teddy Farmer,RB,1953-09-08,,,
00-0019543,Daniel Farmer,Danny Farmer,WR,1977-05-21,2000,4,103
FAR251690,David Farmer,Dave Farmer,RB,1954-05-20,,,
00-0023718,Derek Farmer,Derek Farmer,RB,1982-10-24,,,
00-0031746,George Farmer,George Farmer,RB,1993-07-04,,,
FAR276859,George Farmer,George Farmer,WR,1958-12-05,1980,9,248
FAR302028,George Farmer,George Farmer,WR,1948-04-19,,,
FAR327197,Karl Farmer,Karl Farmer,WR,1954-08-28,,,
FAR352366,Kelvin Farmer,Kelvin Farmer,RB,1964-12-07,,,
00-0021822,Michael Farmer,Kirk Farmer,QB,1979-08-27,,,
00-0005071,Robert Farmer,Robert Farmer,RB,1974-03-04,,,
FAR402704,Roger Farmer,Roger Farmer,WR,1955-11-10,,,
00-0021833,Steve Farmer,Steve Farmer,TE,1980-02-24,,,
00-0027525,Robert Farnham,Buddy Farnham,WR,1987-05-22,,,
00-0005073,John Farquhar,John Farquhar,TE,1972-03-22,,,
FAR453042,Melvin Farr,Mel Farr Jr.,RB,1966-08-12,1988,9,248
00-0005077,Michael Farr,Mike Farr,WR,1967-08-08,,,
00-0036887,Luke Farrell,Luke Farrell,TE,1997-10-14,2021,5,145
00-0019905,James Farris,Jimmy Farris,WR,1978-04-13,,,
00-0032902,Kenneth Farrow,Kenneth Farrow,RB,1993-03-07,,,
00-0021254,Randy Fasani,Randy Fasani,QB,1978-09-18,2002,5,137
00-0024268,Anthony Fasano,Anthony Fasano,TE,1984-04-20,2006,2,53
00-0023547,Ciatrick Fason,Ciatrick Fason,RB,1982-10-29,2005,4,112
00-0005091,Kevin Faulk,Kevin Faulk,RB,1976-06-05,1999,2,46
00-0005092,Marshall Faulk,Marshall Faulk,RB,1973-02-26,1994,1,2
FAU151014,Christopher Faulkner,Chris Faulkner,TE,1960-04-13,1983,4,108
00-0005101,Christian Fauria,Christian Fauria,TE,1971-09-22,1995,2,39
00-0029883,Joseph Fauria,Joseph Fauria,TE,1990-01-16,,,
00-0005106,Brett Favre,Brett Favre,QB,1969-10-10,1991,2,33
00-0028518,Jarred Fayson,Jarred Fayson,WR,1987-10-13,,,
00-0005110,Jermaine Fazande,Jermaine Fazande,RB,1975-01-14,1999,2,60
FAZ415291,Ronald Fazio,Ron Fazio,TE,1962-06-05,,,
FEA069215,Ivory Feacher,Ricky Feacher,WR,1954-02-11,,,
00-0035825,Tavien Feaster,Tavien Feaster,RB,1997-12-31,,,
00-0020305,Adam Feeley,A.J. Feeley,QB,1977-05-16,2001,5,155
00-0036646,Simione Fehoko,Simi Fehoko,WR,1997-11-05,2021,5,179
FEL237308,Todd Feldman,Todd Feldman,WR,1962-08-07,,,
00-0023752,Daniel Fells,Daniel Fells,TE,1983-09-23,,,
00-0029738,Darren Fells,Darren Fells,TE,1986-04-22,,,
00-0040456,Da'Quan Felton,Da'Quan Felton,WR,2001-01-13,,,
00-0036654,Demetric Felton,Demetric Felton,RB,1998-07-16,2021,6,211
00-0040154,Tai Felton,Tai Felton,WR,2003-03-15,2025,3,102
00-0020173,James Fenderson,James Fenderson,RB,1976-10-24,,,
00-0005140,Lawrence Fenerty,Gill Fenerty,RB,1963-08-24,1986,7,173
00-0005141,Derrick Fenner,Derrick Fenner,RB,1967-04-06,1989,10,268
00-0005142,Ricky Fenney,Rick Fenney,RB,1964-12-07,1987,8,211
00-0039687,DeShaun Fenwick,Deshaun Fenwick,RB,1999-12-31,,,
FER030762,Duke Fergerson,Duke Fergerson,WR,1954-04-21,,,
00-0031808,Isiah Ferguson,Isiah Ferguson,WR,1991-01-08,,,
00-0038041,Jake Ferguson,Jake Ferguson,TE,1999-01-18,2022,4,129
00-0035090,Jazmond Ferguson,Jazz Ferguson,WR,1997-01-12,,,
FER184572,Joe Ferguson,Joe Ferguson,QB,1950-04-23,,,
00-0032377,Joshua Ferguson,Josh Ferguson,RB,1993-05-23,,,
FER246096,Kevin Ferguson,Kevin Ferguson,TE,1965-12-04,,,
00-0020428,Robert Ferguson,Robert Ferguson,WR,1979-12-17,2001,2,41
00-0026546,Rodney Ferguson,Rodney Ferguson,RB,1986-08-25,,,
00-0040737,Terrance Ferguson,Terrance Ferguson,TE,2003-03-07,2025,2,46
00-0033799,Tyler Ferguson,Tyler Ferguson,QB,1994-01-07,,,
FER369144,Vasquero Ferguson,Vagas Ferguson,RB,1957-03-06,1980,1,25
FER522954,Mervyn Fernandez,Mervyn Fernandez,WR,1959-12-29,1983,10,277
00-0037394,Ethan Fernea,Ethan Fernea,WR,1998-03-02,,,
FER553716,Vincent Ferragamo,Vince Ferragamo,QB,1954-04-24,,,
FER676764,Earl Ferrell,Earl Ferrell,RB,1958-03-27,1982,5,125
00-0005172,Kerry Ferrell,Kerry Ferrell,WR,1970-07-08,,,
FER707526,Robert Ferrell,Bob Ferrell,RB,1952-11-13,,,
00-0023056,Diamond Ferri,Diamond Ferri,RB,1981-08-06,,,
00-0035883,Maurice Ffrench,Maurice Ffrench,WR,1998-01-01,,,
00-0040225,Thomas Fidone,Thomas Fidone,TE,2002-09-20,2025,7,219
00-0005180,Jay Fiedler,Jay Fiedler,QB,1971-12-29,,,
00-0031302,Colton Fiedorowicz,C.J. Fiedorowicz,TE,1991-10-22,2014,3,65
FIE115782,Amod Field,Amod Field,WR,1967-10-11,,,
00-0019266,Chafie Fields,Chafie Fields,WR,1977-02-04,,,
00-0036945,Justin Fields,Justin Fields,QB,1999-03-05,2021,1,11
00-0034100,Leonsha Fields,Shay Fields,WR,1996-06-22,,,
00-0041042,Steven Fields,Malachi Fields,WR,2003-08-26,2026,3,74
00-0022330,Bradley Fife,Jason Fife,QB,1981-01-23,,,
00-0025461,Yamon Figurs,Yamon Figurs,WR,1982-01-10,2007,3,74
00-0025575,Joel Filani,Joel Filani,WR,1983-12-08,,,
FIN177981,Stephen Finch,Steve Finch,WR,1961-01-02,,,
00-0026272,Derek Fine,Derek Fine,TE,1983-08-24,2008,4,132
00-0035803,Chris Finke,Chris Finke,WR,1996-05-02,,,
00-0041585,Grant Finley,Grant Finley,RB,2003-08-19,,,
00-0028184,Jay Finley,Jay Finley,RB,1988-05-15,2011,7,246
00-0026231,Jermichael Finley,Jermichael Finley,TE,1987-03-26,2008,3,91
00-0025981,Joe Finley,J.J. Finley,TE,1985-01-30,,,
00-0035652,Ryan Finley,Ryan Finley,QB,1994-12-26,2019,4,104
00-0005231,Brian Finneran,Brian Finneran,WR,1976-01-31,,,
00-0025759,Cullen Finnerty,Cullen Finnerty,QB,1982-08-18,,,
00-0033455,Anthony Firkser,Anthony Firkser,TE,1995-02-19,,,
00-0020964,Antoine Fisher,Tony Fisher,RB,1979-10-12,,,
FIS395510,James Fisher,Mike Fisher,WR,1958-04-22,1981,8,198
00-0005251,Luke Fisher,Luke Fisher,TE,1968-11-21,,,
FIS593265,Robert Fisher,Bob Fisher,TE,1958-03-17,1980,12,323
00-0037654,Tucker Fisk,Tucker Fisk,TE,1999-01-19,,,
00-0037306,John FitzPatrick,John FitzPatrick,TE,2000-03-09,2022,6,213
FIT415288,Kevin Fitzgerald,Kevin Fitzgerald,TE,1964-06-30,,,
00-0022921,Larry Fitzgerald,Larry Fitzgerald,WR,1983-08-31,2004,1,3
FIT459699,Marion Fitzgerald,Mickey Fitzgerald,RB,1958-04-10,,,
00-0035471,Nicholas Fitzgerald,Nick Fitzgerald,QB,1996-01-14,,,
00-0005274,Pat Fitzgerald,Pat Fitzgerald,TE,1974-12-04,,,
FIT726754,Scott Fitzkee,Scott Fitzkee,WR,1957-04-08,,,
00-0036627,Dez Fitzpatrick,Dez Fitzpatrick,WR,1997-12-17,2021,4,109
00-0023682,Ryan Fitzpatrick,Ryan Fitzpatrick,QB,1982-11-24,2005,7,250
00-0021525,Casey Fitzsimmons,Casey Fitzsimmons,TE,1980-10-10,,,
00-0026158,Joseph Flacco,Joe Flacco,QB,1985-01-16,2008,1,18
00-0030918,Michael Flacco,Mike Flacco,TE,1987-01-17,,,
FLA051911,Robert Flagler,Terrence Flagler,RB,1964-09-24,1987,1,25
00-0034101,Matthew Flanagan,Matt Flanagan,TE,1995-03-26,,,
00-0022578,Phillip Fleck,P.J. Fleck,WR,1980-11-29,,,
00-0029697,Jacoby Fleener,Coby Fleener,TE,1988-09-20,2012,2,34
00-0005307,Cory Fleming,Cory Fleming,WR,1971-03-19,1994,3,87
00-0040498,Dontae Fleming,Dontae Fleming,WR,2001-11-28,,,
FLE296635,Marvin Fleming,Marv Fleming,TE,1942-01-02,,,
00-0023196,Steve Fleming,Steve Fleming,TE,1981-03-17,,,
00-0022825,Troy Fleming,Troy Fleming,RB,1980-10-01,2004,6,191
00-0019290,Zeron Flemister,Zeron Flemister,TE,1976-09-08,,,
00-0021317,Bryan Fletcher,Bryan Fletcher,TE,1979-03-23,2002,6,210
00-0041252,Kenny Fletcher,Kenny Fletcher,TE,2003-12-04,,,
00-0005324,Terrell Fletcher,Terrell Fletcher,RB,1973-09-14,1995,2,51
FLI207645,Thomas Flick,Tom Flick,QB,1958-08-30,1981,4,90
00-0040617,Luke Floriea,Luke Floriea,WR,2001-10-23,,,
00-0039410,Ryan Flournoy,Ryan Flournoy,WR,1999-10-27,2024,6,216
00-0034225,Dimitri Flowers,Dimitri Flowers,RB,1996-01-20,,,
FLO395510,Kenneth Flowers,Kenny Flowers,RB,1964-03-14,1987,2,31
00-0038904,Malik Flowers,Malik Flowers,WR,1999-06-23,,,
00-0034531,Quinton Flowers,Quinton Flowers,RB,1994-12-02,,,
00-0020395,Richmond Flowers,Richmond Flowers,WR,1978-05-04,,,
00-0039064,Xavien Flowers,Zay Flowers,WR,2000-09-11,2023,1,22
FLO751469,John Floyd,John Floyd,WR,1956-09-10,,,
00-0005355,Malcolm Floyd,Malcolm Floyd,WR,1972-12-19,1994,3,101
00-0022414,Malcom Floyd,Malcom Floyd,WR,1981-09-08,,,
00-0029638,Michael Floyd,Michael Floyd,WR,1989-11-27,2012,1,13
FLO791020,Victor Floyd,Victor Floyd,RB,1966-01-24,1989,11,287
00-0030711,David Fluellen,David Fluellen,RB,1992-01-28,,,
FLU276861,Darren Flutie,Darren Flutie,WR,1966-11-18,,,
00-0005363,Douglas Flutie,Doug Flutie,QB,1962-10-23,1985,11,285
00-0026349,Matthew Flynn,Matt Flynn,QB,1985-06-20,2008,7,209
00-0039599,Kevin Foelsch,Kevin Foelsch,TE,2001-04-13,,,
00-0029567,Nicholas Foles,Nick Foles,QB,1989-01-20,2012,3,88
00-0005379,Glenn Foley,Glenn Foley,QB,1970-10-10,1994,7,208
FOL575019,Brendan Folmar,Brendan Folmar,QB,1964-04-02,,,
FOL638910,Steven Folsom,Steve Folsom,TE,1958-03-21,1981,10,261
00-0005396,Christopher Fontenot,Chris Fontenot,TE,1974-07-11,,,
FON207645,Herman Fontenot,Herman Fontenot,RB,1963-09-12,,,
FOO427291,James Foote,James Foote,QB,1951-09-10,,,
00-0021968,Carl Ford,Carl Ford,WR,1980-10-08,2003,7,256
FOR100676,Christopher Ford,Chris Ford,WR,1967-05-20,,,
00-0033747,Dontez Ford,Dontez Ford,WR,1994-02-03,,,
FOR201352,Herman Ford,Herman Ford,WR,1961-05-11,,,
00-0033471,Isaiah Ford,Isaiah Ford,WR,1996-02-09,2017,7,237
00-0027709,Jacoby Ford,Jacoby Ford,WR,1987-07-27,2010,4,108
00-0037267,Jerome Ford,Jerome Ford,RB,1999-09-12,2022,5,156
FOR251690,John Ford,John Ford,WR,1966-07-31,1989,2,30
00-0029432,Jordan Ford,Chase Ford,TE,1990-07-19,,,
FOR264274,K. Ford,Bernard Ford,WR,1966-02-27,1988,3,65
00-0034509,Keith Ford,Keith Ford,RB,1994-04-18,,,
00-0030134,Michael Ford,Michael Ford,RB,1990-05-27,,,
FOR290028,Michael Ford,Mike Ford,QB,1959-01-30,,,
FOR302028,Moses Ford,Moses Ford,TE,1964-02-09,,,
00-0038477,Bryce Ford-Wheaton,Bryce Ford-Wheaton,WR,2000-03-09,,,
00-0033925,D'Onta Foreman,D'Onta Foreman,RB,1996-04-24,2017,3,89
00-0039536,Jeff Foreman,Jeff Foreman,WR,1999-12-26,,,
FOR402704,Walter Foreman,Chuck Foreman,RB,1950-10-26,,,
00-0036692,Miller Forristall,Miller Forristall,TE,1998-03-11,,,
00-0026373,Justin Forsett,Justin Forsett,RB,1985-10-14,2008,7,233
00-0021938,Brock Forsey,Brock Forsey,RB,1980-02-11,2003,6,206
00-0034932,Austin Fort,Austin Fort,TE,1995-05-14,,,
FOR629225,Donald Forte,Ike Forte,RB,1954-03-08,,,
00-0026184,Matthew Forte,Matt Forte,RB,1985-12-10,2008,2,44
FOR707878,Lawrence Fortner,Larry Fortner,QB,1955-12-24,,,
00-0035547,Joseph Fortson,Joseph Fortson,TE,1995-12-07,,,
FOR780239,Hosea Fortune,Hosea Fortune,WR,1959-03-04,,,
00-0022484,John Foschi,J.P. Foschi,TE,1982-05-19,,,
00-0026796,Arian Foster,Arian Foster,RB,1986-08-24,,,
00-0005452,Barry Foster,Barry Foster,RB,1968-12-08,1990,5,128
00-0027111,Bobby Foster,Brooks Foster,WR,1986-04-09,2009,5,160
00-0032577,Darryll Foster,D.J. Foster,RB,1993-11-22,,,
00-0021164,DeShaun Foster,DeShaun Foster,RB,1980-01-10,2002,2,34
FOS177981,Derrick Foster,Derrick Foster,RB,1963-10-12,,,
00-0030935,Donte Foster,Donte Foster,WR,1990-11-10,,,
FOS237308,Edward Foster,Eddie Foster,WR,1954-06-05,,,
00-0026004,Jayson Foster,Jayson Foster,WR,1985-07-22,,,
00-0019231,Larry Foster,Larry Foster,WR,1976-11-07,,,
00-0040621,Montorie Foster,Montorie Foster,WR,2001-08-03,,,
00-0034510,Robert Foster,Robert Foster,WR,1994-05-07,,,
FOS723789,Sean Foster,Sean Foster,WR,1967-12-22,,,
00-0037506,Cole Fotheringham,Cole Fotheringham,TE,1997-10-11,,,
00-0034395,Daurice Fountain,Daurice Fountain,WR,1995-12-22,2018,5,159
FOU276860,John Fourcade,John Fourcade,QB,1960-10-11,,,
00-0033856,Leonard Fournette,Leonard Fournette,RB,1995-01-18,2017,1,4
FOU692150,Daniel Fouts,Dan Fouts,QB,1951-06-10,,,
00-0030670,Bennie Fowler,Bennie Fowler,WR,1991-06-10,,,
FOW151014,Bobby Fowler,Bobby Fowler,TE,1960-09-11,,,
00-0024840,Eric Fowler,Eric Fowler,WR,1984-10-17,,,
00-0032130,Jalston Fowler,Jalston Fowler,RB,1990-07-26,2015,4,108
FOX118654,Charles Fox,Chas Fox,WR,1963-10-03,1986,4,90
FOX201711,Jeff Fox,Jeff Fox,QB,,,,
00-0032174,Deshon Foxx,Deshon Foxx,WR,1992-11-27,,,
FRA026366,Todd Frain,Todd Frain,TE,1962-01-31,,,
00-0023889,Christopher Francies,Chris Francies,WR,1982-07-26,,,
FRA070446,Bruce Francis,Bruce Francis,WR,1986-01-28,,,
00-0022861,Carlos Francis,Carlos Francis,WR,1981-01-03,2004,4,99
00-0005505,Jeffrey Francis,Jeff Francis,QB,1966-07-07,1989,6,140
FRA145013,Jon Francis,Jon Francis,RB,1964-06-21,1986,7,184
FRA171379,Phillip Francis,Phil Francis,RB,1957-01-10,,,
FRA197745,Russell Francis,Russ Francis,TE,1953-04-03,,,
FRA210928,Wallace Francis,Wally Francis,WR,1951-11-07,,,
00-0005512,Paul Francisco,Paul Francisco,TE,1969-10-14,,,
FRA250477,Michael Franckowiak,Mike Franckowiak,RB,1953-03-25,,,
FRA303209,John Frank,John Frank,TE,1962-04-17,1984,2,56
FRA369124,Andra Franklin,Andra Franklin,RB,1959-08-22,1981,2,56
FRA395490,Arnold Franklin,Arnold Franklin,TE,1963-12-16,1986,11,303
FRA408673,Byron Franklin,Byron Franklin,WR,1958-09-04,1981,2,50
FRA421856,Cleveland Franklin,Cleveland Franklin,RB,1955-04-24,,,
00-0028295,Collin Franklin,Collin Franklin,TE,1988-07-20,,,
FRA431743,David Franklin,P.J. Franklin,WR,1977-09-28,,,
FRA435039,Dennis Franklin,Dennis Franklin,WR,1953-08-24,,,
FRA448222,George Franklin,George Franklin,RB,1954-07-05,,,
00-0041566,Jeremiah Franklin,Jeremiah Franklin,TE,2003-09-10,,,
00-0034705,John Franklin,John Franklin,WR,1994-09-21,,,
00-0030078,Johnathan Franklin,Johnathan Franklin,RB,1989-10-23,2013,4,125
FRA487771,Lawrence Franklin,Larry Franklin,WR,1955-08-02,,,
FRA514137,Patrick Franklin,Pat Franklin,RB,1963-08-16,1986,7,177
00-0039868,Troy Franklin,Troy Franklin,WR,2003-02-06,2024,4,102
00-0026245,William Franklin,Will Franklin,WR,1985-10-13,2008,4,105
00-0019644,Daniel Franks,Bubba Franks,TE,1978-01-06,2000,1,14
00-0036825,Feleipe Franks,Feleipe Franks,TE,1997-12-22,,,
00-0034532,Jordan Franks,Jordan Franks,TE,1996-02-01,,,
FRA632784,Nolan Franz,Nolan Franz,WR,1959-09-11,,,
FRA738248,Daniel Frazier,Paul Frazier,RB,1967-11-12,,,
00-0032488,Mose Frazier,Mose Frazier,WR,1993-08-30,,,
FRA817346,Willie Frazier,Willie Frazier,TE,1942-06-19,,,
00-0005562,Antonio Freeman,Antonio Freeman,WR,1972-05-27,1995,3,90
00-0031285,Devonta Freeman,Devonta Freeman,RB,1992-03-15,2014,4,103
00-0026993,Josh Freeman,Josh Freeman,QB,1988-01-13,2009,1,17
00-0024711,Marcus Freeman,Marcus Freeman,TE,1983-10-24,,,
FRE323001,Phillip Freeman,Phil Freeman,WR,1962-12-09,1985,8,204
00-0034838,Royce Freeman,Royce Freeman,RB,1996-02-24,2018,3,71
00-0036894,Patrick Freiermuth,Pat Freiermuth,TE,1998-10-25,2021,2,55
FRE461430,Jesse Freitas,Jesse Freitas,QB,1951-09-10,,,
00-0005588,Rufus French,Rufus French,TE,1978-03-15,,,
00-0005589,Gustave Frerotte,Gus Frerotte,QB,1971-07-31,1994,7,197
FRI118653,Michael Friede,Mike Friede,WR,1957-09-22,1980,3,62
00-0005600,John Friesz,John Friesz,QB,1967-05-19,1990,6,138
00-0005601,David Frisch,David Frisch,TE,1970-06-22,,,
00-0026969,Devin Frischknecht,Devin Frischknecht,TE,1986-11-06,,,
FRI672367,Stanley Fritts,Stan Fritts,RB,1952-12-18,,,
00-0036197,William Fromm,Jake Fromm,QB,1998-07-30,2020,5,167
00-0032012,Isaac Fruechte,Isaac Fruechte,WR,1991-03-07,,,
00-0005616,Irving Fryar,Irving Fryar,WR,1962-09-28,1984,1,1
00-0023502,Charles Frye,Charlie Frye,QB,1981-08-28,2005,3,67
FRY553722,Philip Frye,Phil Frye,RB,1958-12-20,,,
FRY646009,Brian Fryer,Brian Fryer,WR,1953-07-16,,,
00-0005620,Chris Fuamatu-Ma'afala,Chris Fuamatu-Ma'afala,RB,1977-03-04,1998,6,178
FUG276861,Jean Fugett,Jean Fugett,TE,1951-12-16,,,
00-0019558,Mondriel Fulcher,Mondriel Fulcher,TE,1976-10-15,2000,7,227
00-0035592,Travis Fulgham,Travis Fulgham,WR,1995-09-13,2019,6,184
00-0035987,Aaron Fuller,Aaron Fuller,WR,1997-09-30,,,
00-0030095,Corey Fuller,Corey Fuller,WR,1990-06-23,2013,6,171
00-0032451,Devin Fuller,Devin Fuller,WR,1994-01-29,2016,7,238
00-0005629,Eddie Fuller,Eddie Fuller,RB,1968-06-22,1990,4,100
00-0029103,Jeffrey Fuller,Jeff Fuller,WR,1990-04-20,,,
FUL456819,Stephen Fuller,Steve Fuller,QB,1957-01-05,,,
00-0033127,William Fuller,Will Fuller,WR,1994-04-16,2016,1,21
00-0005641,Brent Fullwood,Brent Fullwood,RB,1963-10-10,1987,1,4
FUL664464,Daniel Fulton,Danny Fulton,WR,1956-09-02,,,
00-0022543,Skyler Fulton,Skyler Fulton,WR,1982-06-17,,,
00-0034393,Troy Fumagalli,Troy Fumagalli,TE,1995-02-17,2018,5,156
00-0032055,Devin Funchess,Devin Funchess,WR,1994-05-21,2015,2,41
00-0036860,Jake Funk,Jake Funk,RB,1998-01-11,2021,7,233
FUQ276861,John Fuqua,John Fuqua,RB,1946-09-12,,,
00-0005656,William Furrer,Will Furrer,QB,1968-02-05,1992,4,107
00-0019281,Michael Furrey,Mike Furrey,WR,1977-03-12,,,
00-0030012,Matt Furstenburg,Matt Furstenburg,TE,1989-06-19,,,
FUS276861,Charles Fusina,Chuck Fusina,QB,1957-05-31,,,
00-0027948,Blaine Gabbert,Blaine Gabbert,QB,1989-10-15,2011,1,10
00-0040704,Dillon Gabriel,Dillon Gabriel,QB,2000-12-28,2025,3,94
00-0022102,Douglas Gabriel,Doug Gabriel,WR,1980-08-27,2003,5,167
GAB616560,Roman Gabriel,Roman Gabriel,QB,1940-08-05,,,
00-0031228,Taylor Gabriel,Taylor Gabriel,WR,1991-02-17,,,
GAD276861,Dennis Gadbois,Dennis Gadbois,WR,1963-09-18,,,
00-0005665,Michael Gaddis,Mike Gaddis,RB,1969-03-04,,,
GAD553722,Robert Gaddis,Robert Gaddis,WR,1952-01-20,,,
00-0023074,Samkon Gado,Samkon Gado,RB,1982-11-13,,,
00-0005668,Oronde Gadsden,Oronde Gadsden,WR,1971-08-20,,,
00-0040189,Oronde Gadsden,Oronde Gadsden,TE,2003-06-25,2025,5,165
00-0021163,Derrick Gaffney,Jabar Gaffney,WR,1980-12-01,2002,2,33
GAF207645,Derrick Gaffney,Derrick Gaffney,WR,1955-05-24,,,
00-0031190,Tyler Gaffney,Tyler Gaffney,RB,1991-04-20,2014,6,204
00-0034660,Marrico Gafford,Rico Gafford,WR,1996-05-23,,,
00-0021982,Justin Gage,Justin Gage,WR,1981-01-24,2003,5,143
00-0034411,Russell Gage,Russell Gage,WR,1996-01-22,2018,6,194
00-0005676,Robert Gagliano,Bob Gagliano,QB,1958-09-05,1981,12,319
GAG593270,David Gagnon,Dave Gagnon,RB,1951-01-17,,,
00-0005680,Derrick Gainer,Derrick Gainer,RB,1966-08-15,1989,8,205
GAI255564,Clark Gaines,Clark Gaines,RB,1954-02-01,,,
GAI383346,Lawrence Gaines,Lawrence Gaines,RB,1953-12-15,,,
00-0022706,Michael Gaines,Michael Gaines,TE,1980-03-30,2004,7,232
GAI447237,Sheldon Gaines,Sheldon Gaines,WR,1964-04-22,,,
GAI454098,Wendall Gaines,Wendall Gaines,TE,1972-01-17,,,
00-0036919,Kenneth Gainwell,Kenneth Gainwell,RB,1999-03-14,2021,5,150
00-0005696,Tony Gaiter,Tony Gaiter,WR,1974-07-15,1997,6,192
00-0036787,Bailey Gaither,Bailey Gaither,WR,1997-01-11,,,
GAJ415291,Howard Gajan,Hokie Gajan,RB,1959-09-06,1981,10,249
00-0005701,Alan Galbraith,Scott Galbraith,TE,1967-01-07,1990,7,178
GAL131142,Anthony Galbreath,Tony Galbreath,RB,1954-01-29,,,
00-0040528,JJ Galbreath,J.J. Galbreath,TE,2001-08-05,,,
00-0028406,Thomas Gallarda,Tommy Gallarda,TE,1988-05-08,,,
00-0033950,Wayne Gallman,Wayne Gallman,RB,1994-10-01,2017,4,140
00-0022113,Ahmaad Galloway,Ahmaad Galloway,RB,1980-03-10,,,
00-0005720,Joseph Galloway,Joey Galloway,WR,1971-11-20,1995,1,8
00-0005721,Mitchell Galloway,Mitchell Galloway,WR,1974-10-08,,,
00-0034764,Michael Gallup,Michael Gallup,WR,1996-03-04,2018,3,81
00-0005727,David Gamble,David Gamble,WR,1971-06-04,,,
00-0027644,Joel Gamble,Joel Gamble,RB,1982-12-25,,,
00-0005728,Kenneth Gamble,Kenny Gamble,RB,1965-03-08,1988,10,251
00-0029427,Terrance Ganaway,Terrance Ganaway,RB,1988-10-07,2012,6,202
00-0036340,Antonio Gandy-Golden,Antonio Gandy-Golden,WR,1998-04-11,2020,4,142
00-0005739,Christopher Gannon,Chris Gannon,TE,1966-01-20,1989,3,73
00-0005741,Richard Gannon,Rich Gannon,QB,1965-12-20,1987,4,98
GAN474616,Earl Gant,Earl Gant,RB,1957-07-06,,,
00-0026896,Edward Gant,Ed Gant,WR,1987-01-24,,,
00-0025831,Horace Gant,Horace Gant,WR,1985-04-07,,,
GAN593270,Reuben Gant,Reuben Gant,TE,1952-04-12,,,
00-0024460,Quinton Ganther,Quinton Ganther,RB,1984-07-15,2006,7,246
00-0037507,Chase Garbers,Chase Garbers,QB,1999-06-06,,,
00-0005755,Jeff Garcia,Jeff Garcia,QB,1970-02-24,,,
GAR109697,Jesse Garcia,Bubba Garcia,WR,1957-10-18,1980,6,147
00-0026345,Pierre Garcon,Pierre Garcon,WR,1986-08-08,2008,6,205
00-0031671,Beau Gardner,Beau Gardner,TE,1989-12-27,,,
00-0005764,Carwell Gardner,Carwell Gardner,RB,1966-11-27,1990,2,42
00-0020525,Roderick Gardner,Rod Gardner,WR,1977-10-26,2001,1,15
00-0022111,Talman Gardner,Talman Gardner,WR,1980-03-10,2003,7,231
00-0005779,Charles Garner,Charlie Garner,RB,1972-02-13,1994,2,42
GAR282078,Dwight Garner,Dwight Garner,RB,1964-10-25,,,
00-0031996,Manasseh Garner,Manasseh Garner,TE,1992-03-11,,,
00-0031345,James Garoppolo,Jimmy Garoppolo,QB,1991-11-02,2014,2,62
00-0021231,David Garrard,David Garrard,QB,1978-02-14,2002,4,108
GAR391775,Alvin Garrett,Alvin Garrett,WR,1956-10-01,,,
GAR407446,Carl Garrett,Carl Garrett,RB,1947-08-31,,,
00-0005794,Jason Garrett,Jason Garrett,QB,1966-03-28,,,
GAR470130,John Garrett,John Garrett,WR,1965-03-02,,,
00-0032995,Keyarris Garrett,Keyarris Garrett,WR,1992-09-26,,,
GAR485801,Leonard Garrett,Len Garrett,TE,1947-12-18,,,
GAR493636,Marcus Garrett,Shane Garrett,WR,1967-11-16,1991,9,241
GAR532814,Reginald Garrett,Reggie Garrett,WR,1951-11-22,,,
GAR595498,Gary Garrison,Gary Garrison,WR,1944-01-21,,,
GAR611169,Walter Garrison,Walt Garrison,RB,1944-07-23,,,
GAR626840,Gregg Garrity,Gregg Garrity,WR,1960-11-24,1983,5,140
GAR673853,Benjamin Garry,Ben Garry,RB,1956-02-11,,,
00-0026726,Michael Garvin,Michael Ray Garvin,WR,1986-09-29,,,
00-0005810,Cleveland Gary,Cleveland Gary,RB,1966-05-04,1989,1,26
00-0005816,Olandis Gary,Olandis Gary,RB,1975-05-18,1999,4,127
GAR799221,Samuel Garza,Sammy Garza,QB,1965-07-10,1987,8,216
00-0035311,Myles Gaskin,Myles Gaskin,RB,1997-02-15,2019,7,234
00-0030039,Kendall Gaskins,Kendall Gaskins,RB,1990-11-04,,,
00-0023726,Michael Gasperson,Michael Gasperson,WR,1982-06-10,,,
00-0021547,Antonio Gates,Antonio Gates,TE,1980-06-18,,,
00-0028049,Edmond Gates,Clyde Gates,WR,1986-06-13,2011,4,111
00-0023668,Lionel Gates,Lionel Gates,RB,1982-03-13,2005,7,236
00-0033054,Ricardo Gathers,Rico Gathers,TE,1994-01-07,2016,6,217
00-0038954,Izaiah Gathings,Izaiah Gathings,WR,2000-09-18,,,
GAU553720,Willie Gault,Willie Gault,WR,1960-09-05,1983,1,18
GAU622935,Steven Gaunty,Steve Gaunty,WR,1957-05-03,,,
00-0019636,Jason Gavadza,Jason Gavadza,TE,1976-01-31,,,
00-0020417,Benjamin Gay,Benjamin Gay,RB,1980-02-28,,,
GAY249174,Everett Gay,Everett Gay,WR,1964-10-23,1987,5,124
GAY498348,Kent Gaydos,Kent Gaydos,TE,1949-09-08,,,
00-0019670,Trevor Gaylor,Trevor Gaylor,WR,1977-11-03,2000,4,111
GAY747522,Ralph Gaynor,Doug Gaynor,QB,1963-07-05,1986,4,99
00-0005854,Cory Geason,Cory Geason,TE,1975-08-12,,,
00-0005860,Christopher Gedney,Chris Gedney,TE,1970-08-09,1993,3,61
00-0027283,Riar Geer,Riar Geer,TE,1986-12-19,,,
00-0041366,Jameson Geers,Jameson Geers,TE,2002-12-05,,,
GEH166116,Mark Gehring,Mark Gehring,TE,1964-04-16,,,
00-0037483,Kaylon Geiger,Kaylon Geiger,WR,1997-11-01,,,
00-0005869,Stanley Gelbaugh,Stan Gelbaugh,QB,1962-12-04,1986,6,150
00-0005876,Dennis Gentry,Dennis Gentry,RB,1959-02-10,1982,4,89
00-0033633,Tanner Gentry,Tanner Gentry,WR,1994-12-18,,,
00-0035222,Zach Gentry,Zach Gentry,TE,1996-09-10,2019,5,141
00-0005883,Edward George,Eddie George,RB,1973-09-24,1996,1,14
00-0005885,Jeffrey George,Jeff George,QB,1967-12-08,1990,1,1
00-0005891,Spencer George,Spencer George,RB,1973-10-28,,,
GEO646009,Timothy George,Tim George,WR,1951-10-04,,,
GER166116,Thomas Geredine,Tom Geredine,WR,1950-06-17,,,
00-0027888,Tobinbo Gerhart,Toby Gerhart,RB,1987-03-28,2010,2,51
00-0005902,Joe Germaine,Joe Germaine,QB,1975-11-16,1999,4,101
00-0005903,Jammi German,Jammi German,WR,1974-07-04,1998,3,74
00-0020320,Reginald Germany,Reggie Germany,WR,1978-03-19,2001,7,214
00-0034829,Michael Gesicki,Mike Gesicki,TE,1995-10-03,2018,2,42
00-0021759,Jason Gesser,Jason Gesser,QB,1979-05-31,,,
00-0021689,Charles Gessner,Chas Gessner,WR,1981-08-17,,,
00-0019944,Joey Getherall,Joey Getherall,WR,1978-11-07,,,
00-0027795,David Gettis,David Gettis,WR,1987-08-27,2010,6,198
00-0022294,Ronnie Ghent,Ronnie Ghent,TE,1980-01-05,,,
GIA166116,Louis Giammona,Louie Giammona,RB,1953-03-03,,,
GIA664464,Nicholas Giaquinto,Nick Giaquinto,RB,1955-04-04,,,
00-0039139,Jahmyr Gibbs,Jahmyr Gibbs,RB,2002-03-20,2023,1,12
GIB276857,James Gibler,Andy Gibler,TE,1961-04-30,,,
00-0036328,Antonio Gibson,Antonio Gibson,RB,1998-06-23,2020,3,66
00-0026937,Brandon Gibson,Brandon Gibson,WR,1987-08-13,2009,6,194
00-0005932,Damon Gibson,Damon Gibson,WR,1975-02-25,,,
00-0023565,Fred Gibson,Fred Gibson,WR,1981-10-26,,,
00-0033573,Shelton Gibson,Shelton Gibson,WR,1995-03-20,2017,5,166
00-0040179,DJ Giddens,D.J. Giddens,RB,2003-08-26,2025,5,151
00-0019500,Sherrod Gideon,Sherrod Gideon,WR,1977-02-21,,,
00-0025992,Samuel Giguere,Samuel Giguere,WR,1985-07-11,,,
00-0005953,Gale Gilbert,Gale Gilbert,QB,1961-12-20,,,
00-0031395,Garrett Gilbert,Garrett Gilbert,QB,1991-07-01,2014,6,214
GIL112240,Lewis Gilbert,Lewis Gilbert,TE,1956-05-24,,,
GIL269376,Jimmie Giles,Jimmie Giles,TE,1954-11-08,,,
00-0026460,Lavarus Giles,Lavarus Giles,RB,1986-02-15,,,
00-0039659,Jaelen Gill,Jaelen Gill,WR,1999-11-17,,,
GIL291824,Owen Gill,Owen Gill,RB,1962-02-19,1985,2,53
00-0035304,Cullen Gillaspia,Cullen Gillaspia,RB,1995-05-12,2019,7,220
GIL404064,Fernandars Gillespie,Fernandars Gillespie,RB,1962-02-26,,,
00-0020630,Robert Gillespie,Robert Gillespie,RB,1979-11-02,,,
GIL426512,Willie Gillespie,Willie Gillespie,WR,1961-10-24,,,
00-0030454,Alex Gillett,Alex Gillett,WR,1991-05-17,,,
GIL493856,Walker Gillette,Walker Gillette,WR,1947-03-16,,,
00-0020030,Dondre Gilliam,Dondre Gilliam,WR,1977-02-09,,,
GIL516304,John Gilliam,John Gilliam,WR,1945-08-07,,,
GIL561200,Joseph Gilliam,Joe Gilliam,QB,1950-12-29,,,
00-0036187,Reggie Gilliam,Reggie Gilliam,RB,1997-08-20,,,
00-0030433,Michael Gillislee,Mike Gillislee,RB,1990-11-01,2013,5,164
00-0030992,Crockett Gillmore,Crockett Gillmore,TE,1991-11-16,2014,3,99
GIL740784,Willie Gillus,Willie Gillus,QB,1963-09-01,,,
00-0019302,Bryan Gilmore,Bryan Gilmore,WR,1978-07-21,,,
00-0021304,John Gilmore,John Gilmore,TE,1979-09-21,2002,6,196
00-0028646,David Gilreath,David Gilreath,WR,1988-12-11,,,
00-0027700,Marshawn Gilyard,Mardy Gilyard,WR,1986-12-02,2010,4,99
00-0038758,Noah Gindorff,Noah Gindorff,TE,1999-02-12,,,
GIN207645,Hubert Ginn,Hubert Ginn,RB,1947-01-04,,,
00-0025396,Theodore Ginn,Ted Ginn,WR,1985-04-12,2007,1,9
00-0038496,Xavier Gipson,Xavier Gipson,WR,2001-03-08,,,
00-0029169,Chris Givens,Chris Givens,WR,1989-01-28,,,
00-0029614,Christopher Givens,Chris Givens,WR,1989-12-06,2012,4,96
00-0021353,David Givens,David Givens,WR,1980-08-16,2002,7,253
00-0006015,Ernest Givins,Ernest Givins,WR,1964-09-03,1986,2,34
GLA188765,Charles Gladman,Charles Gladman,RB,1966-09-02,,,
GLA226518,Anthony Gladney,Tony Gladney,WR,1964-07-20,,,
GLA339777,Brian Glasgow,Brian Glasgow,TE,1961-06-09,,,
GLA415283,Charles Glass,Chip Glass,TE,1947-06-25,,,
00-0031651,Andrew Gleichert,Andrew Gleichert,TE,1992-01-13,,,
00-0006043,Terry Glenn,Terry Glenn,WR,1974-07-23,1996,1,7
00-0030520,Michael Glennon,Mike Glennon,QB,1989-12-12,2013,3,73
00-0006047,Andrew Glover,Andrew Glover,TE,1967-08-12,1991,10,274
00-0033921,Rod Godwin,Chris Godwin,WR,1996-02-27,2017,3,84
00-0035313,Terry Godwin,Terry Godwin,WR,1996-10-23,2019,7,237
00-0006065,Bradley Goebel,Brad Goebel,QB,1967-10-13,,,
00-0034351,Dallas Goedert,Dallas Goedert,TE,1995-01-03,2018,2,49
00-0033106,Jared Goff,Jared Goff,QB,1994-10-14,2016,1,1
00-0006081,Eddie Goines,Eddie Goines,WR,1972-08-16,,,
00-0019831,Nick Goings,Nick Goings,RB,1978-01-26,,,
00-0029336,Brittan Golden,Brittan Golden,WR,1988-07-20,,,
00-0040667,Matthew Golden,Matthew Golden,WR,2003-08-01,2025,1,23
00-0023282,Jonathan Goldsberry,Jon Goldsberry,RB,1981-12-04,,,
00-0033932,Kenneth Golladay,Kenny Golladay,WR,1993-11-03,2017,3,96
GOL693054,Jerry Golsteyn,Jerry Golsteyn,QB,1954-08-06,,,
00-0022230,Mike Gomez,Mike Gomez,TE,1982-04-23,,,
00-0006101,Anthony Gonzalez,Tony Gonzalez,TE,1976-02-27,1997,1,13
00-0025419,Anthony Gonzalez,Anthony Gonzalez,WR,1984-09-18,2007,1,32
00-0006096,Dan Gonzalez,Dan Gonzalez,QB,1974-09-20,,,
GON593270,Leon Gonzalez,Leon Gonzalez,WR,1963-09-21,1985,8,216
GON711924,Noe Gonzalez,Noe Gonzalez,RB,1951-02-05,,,
00-0006100,Pete Gonzalez,Pete Gonzalez,QB,1974-07-04,,,
GOO184568,John Goode,John Goode,TE,1962-11-05,1984,5,136
GOO207639,Kerry Goode,Kerry Goode,RB,1965-07-28,1988,7,167
00-0031747,Antwan Goodley,Antwan Goodley,WR,1991-09-06,,,
GOO299923,Eugene Goodlow,Eugene Goodlow,WR,1958-12-19,1982,3,66
00-0019028,Herbert Goodman,Herbert Goodman,RB,1977-08-31,,,
GOO461420,Leslie Goodman,Les Goodman,RB,1950-09-01,,,
00-0027585,Richard Goodman,Richard Goodman,WR,1987-04-23,,,
GOO471920,Weldon Goodman,Don Goodman,RB,1959-04-23,,,
00-0027080,Michael Goodson,Mike Goodson,RB,1987-05-23,2009,4,111
00-0037120,Tyler Goodson,Tyler Goodson,RB,2000-11-10,,,
00-0006130,Tyrone Goodson,Tyrone Goodson,WR,1974-02-24,,,
00-0019134,Joey Goodspeed,Joey Goodspeed,RB,1978-02-22,,,
00-0028221,D'Andre Goodwin,D'Andre Goodwin,WR,1987-12-26,,,
00-0030068,Marquise Goodwin,Marquise Goodwin,WR,1990-11-19,2013,3,78
00-0006133,Robert Goodwin,Hunter Goodwin,TE,1972-10-10,1996,4,97
00-0034640,DeAndre Goolsby,DeAndre Goolsby,TE,1996-06-12,,,
00-0035988,Anthony Gordon,Anthony Gordon,QB,1997-08-28,,,
00-0029664,Joshua Gordon,Josh Gordon,WR,1991-04-13,,,
00-0021209,Lamar Gordon,Lamar Gordon,RB,1980-01-07,2002,3,84
00-0006155,Lennox Gordon,Lennox Gordon,RB,1978-09-09,,,
00-0032144,Melvin Gordon,Melvin Gordon,RB,1993-04-13,2015,1,15
00-0040198,Ollie Gordon,Ollie Gordon,RB,2004-01-15,2025,6,179
00-0028119,Richard Gordon,Richard Gordon,TE,1987-06-07,2011,6,181
GOR325008,Richard Gordon,Dick Gordon,WR,1944-01-01,,,
00-0040697,Thomas Gordon,Thomas Gordon,TE,2000-09-05,,,
00-0035715,Derrick Gore,Derrick Gore,RB,1994-12-13,,,
00-0023500,Franklin Gore,Frank Gore,RB,1983-05-14,2005,3,65
00-0039471,Franklin Gore,Frank Gore,RB,2002-03-13,,,
00-0040361,Stephen Gosnell,Stephen Gosnell,WR,2001-10-22,,,
GOT207645,Sherrill Gothard,Preston Gothard,TE,1962-02-23,,,
GOT622935,Darren Gottschalk,Darren Gottschalk,TE,1964-12-01,,,
00-0039816,Anthony Gould,Anthony Gould,WR,2001-04-06,2024,5,142
GRA057276,Samuel Graddy,Sam Graddy,WR,1964-02-10,,,
00-0024408,Bruce Gradkowski,Bruce Gradkowski,QB,1983-01-27,2006,6,194
GRA105006,Neil Graff,Neil Graff,QB,1950-01-12,,,
00-0030049,Christopher Gragg,Chris Gragg,TE,1990-06-30,2013,7,222
00-0038957,Alfonzo Graham,Alfonzo Graham,RB,2000-03-20,,,
00-0028469,Cameron Graham,Cameron Graham,TE,1989-02-06,,,
00-0021154,Daniel Graham,Daniel Graham,TE,1978-11-16,2002,1,21
00-0021755,Earnest Graham,Earnest Graham,RB,1980-01-15,,,
00-0027718,Garrett Graham,Garrett Graham,TE,1986-08-04,2010,4,118
00-0006207,Hason Graham,Hason Graham,WR,1971-03-21,,,
00-0006208,Herman Graham,Jay Graham,RB,1975-07-14,1997,3,64
00-0034788,Jaeden Graham,Jaeden Graham,TE,1995-10-10,,,
00-0006220,James Graham,Scottie Graham,RB,1969-03-28,1992,7,188
00-0006209,Jeff Graham,Jeff Graham,QB,1966-02-05,,,
00-0006210,Jeffrey Graham,Jeff Graham,WR,1969-02-14,,,
00-0027696,Jimmy Graham,Jimmy Graham,TE,1986-11-24,2010,3,95
00-0006212,Kent Graham,Kent Graham,QB,1968-11-01,1992,8,211
00-0030233,Raymond Graham,Ray Graham,RB,1990-09-18,,,
00-0006218,Roger Graham,Roger Graham,RB,1972-11-08,,,
00-0029660,Trevor Graham,Trevor Graham,WR,1989-07-27,2012,3,69
00-0006224,John Granby,John Granby,WR,1968-11-11,1992,12,334
GRA276834,Kenneth Grandberry,Ken Grandberry,RB,1952-01-25,,,
00-0039631,Cam Grandy,Cam Grandy,TE,1999-11-19,,,
GRA353202,Norman Granger,Norm Granger,RB,1961-09-14,1984,5,137
GRA362748,David Grannell,Dave Grannell,TE,1952-10-04,,,
00-0036876,Kylen Granson,Kylen Granson,TE,1998-03-27,2021,4,127
00-0027490,Bakari Grant,Bakari Grant,WR,1987-06-24,,,
GRA420024,Frank Grant,Frank Grant,WR,1950-02-15,,,
00-0032791,Jakeem Grant,Jakeem Grant,WR,1992-10-30,2016,6,186
00-0034307,Janarion Grant,Janarion Grant,WR,1993-11-20,,,
GRA467754,Otis Grant,Otis Grant,WR,1961-08-13,1983,5,134
00-0006243,Rupert Grant,Rupert Grant,RB,1973-11-05,,,
00-0022984,Ryan Grant,Ryan Grant,RB,1982-12-09,,,
00-0031068,Ryan Grant,Ryan Grant,WR,1990-12-19,2014,5,142
00-0031731,William Grant,Corey Grant,RB,1991-12-19,,,
00-0034010,Alex Gray,Alex Gray,TE,1991-05-01,,,
00-0029298,Cyrus Gray,Cyrus Gray,RB,1989-11-18,2012,6,182
00-0037828,Danny Gray,Danny Gray,WR,1999-04-01,2022,3,105
00-0033769,Deante' Gray,Deante' Gray,WR,1994-02-27,,,
00-0034141,Devin Gray,Devin Gray,WR,1995-06-15,,,
GRA649128,Earnest Gray,Earnest Gray,WR,1957-03-02,,,
00-0038396,Eric Gray,Eric Gray,RB,1999-11-04,2023,5,172
00-0029104,Jonas Gray,Jonas Gray,RB,1990-06-27,,,
00-0029878,MarQueis Gray,MarQueis Gray,TE,1989-11-07,,,
00-0006282,Melvin Gray,Mel Gray,RB,1961-03-16,,,
GRA744588,Melvin Gray,Mel Gray,WR,1948-09-28,,,
00-0036637,Noah Gray,Noah Gray,TE,1999-04-30,2021,5,162
00-0006285,Oscar Gray,Oscar Gray,RB,1972-09-25,,,
00-0020613,Quinn Gray,Quinn Gray,QB,1979-05-21,,,
00-0033215,Cyril Grayson,Cyril Grayson,WR,1993-12-05,,,
00-0034748,Davon Grayson,Davon Grayson,WR,1995-09-05,,,
00-0032148,Garrett Grayson,Garrett Grayson,QB,1991-05-29,2015,3,75
00-0006299,Anthony Graziani,Tony Graziani,QB,1973-12-23,1997,7,204
00-0006300,Elvis Grbac,Elvis Grbac,QB,1970-08-13,1993,8,219
00-0032672,Aaron Green,Aaron Green,RB,1992-10-15,,,
00-0027942,Adriel Green,A.J. Green,WR,1988-07-31,2011,1,4
00-0006305,Ahman Green,Ahman Green,RB,1977-02-16,1998,3,76
00-0028034,Alexander Green,Alex Green,RB,1988-06-23,2011,3,96
00-0019167,Anthony Green,Anthony Green,RB,1977-08-13,,,
GRE047730,Anthony Green,Tony Green,RB,1956-09-26,,,
00-0038627,Antoine Green,Antoine Green,WR,1999-11-15,2023,7,219
00-0006324,Bernard Green,Eric Green,TE,1967-06-22,1990,1,21
GRE105006,Boyce Green,Boyce Green,RB,1960-06-24,1983,11,288
00-0040383,Bryson Green,Bryson Green,WR,2002-12-30,,,
00-0006331,D'Tanyian Green,Jacquez Green,WR,1976-01-15,1998,2,34
GRE171828,David Green,David Green,RB,1953-09-07,,,
GRE173191,David Green,David Green,RB,1972-04-18,,,
00-0022540,DeJuan Green,DeJuan Green,RB,1980-05-13,,,
00-0006322,Ernest Green,E.G. Green,WR,1975-06-28,1998,3,71
00-0035852,Farrod Green,Farrod Green,TE,1997-06-10,,,
00-0006326,Gaston Green,Gaston Green,RB,1966-08-01,1988,1,14
00-0006328,Harold Green,Harold Green,RB,1968-01-29,1990,2,38
00-0029396,Jared Green,Jared Green,WR,1989-04-01,,,
GRE267288,Jessie Green,Jessie Green,WR,1954-02-21,,,
00-0023591,Justin Green,Justin Green,RB,1982-04-30,2005,5,158
00-0035782,Juwan Green,Juwan Green,WR,1998-07-01,,,
00-0029275,Ladarius Green,Ladarius Green,TE,1990-05-29,2012,4,110
00-0035296,Marcus Green,Marcus Green,WR,1996-08-13,2019,6,203
00-0006340,Mark Green,Mark Green,RB,1967-03-22,1989,5,130
00-0019576,Michael Green,Mike Green,RB,1976-09-02,2000,7,213
00-0006344,Paul Green,Paul Green,TE,1966-10-08,1989,8,208
00-0006346,Robert Green,Robert Green,RB,1970-09-10,,,
00-0006349,Roy Green,Roy Green,WR,1957-06-30,,,
00-0037455,Seth Green,Seth Green,TE,1998-02-14,,,
00-0024340,Skyler Green,Skyler Green,WR,1984-09-12,2006,4,125
00-0029229,Stephfon Green,Stephfon Green,RB,1989-05-28,,,
00-0041092,Taylen Green,Taylen Green,QB,2002-10-18,2026,6,182
00-0033748,Tion Green,Tion Green,RB,1993-12-14,,,
00-0006355,Trent Green,Trent Green,QB,1970-07-09,1993,8,222
00-0028142,Virgil Green,Virgil Green,TE,1988-08-03,2011,7,204
00-0021150,William Green,William Green,RB,1979-12-17,2002,1,16
00-0006358,Willie Green,Willie Green,WR,1966-04-02,1990,8,194
GRE391386,Woodrow Green,Woody Green,RB,1951-06-20,,,
00-0006359,Yatil Green,Yatil Green,WR,1973-11-25,1997,1,15
00-0032218,Dorial Green-Beckham,Dorial Green-Beckham,WR,1993-04-12,2015,2,40
00-0025860,BenJarvus Green-Ellis,BenJarvus Green-Ellis,RB,1985-07-02,,,
00-0023520,David Greene,David Greene,QB,1982-06-22,,,
00-0040419,Garrett Greene,Garrett Greene,WR,2001-10-12,,,
00-0031323,Kevin Greene,Kevin Greene,TE,1990-05-14,,,
00-0032170,Rashad Greene,Rashad Greene,WR,1992-09-23,2015,5,139
00-0006380,Scott Greene,Scott Greene,RB,1972-06-01,1996,6,193
00-0026899,Shonn Greene,Shonn Greene,RB,1985-08-21,2009,3,65
GRE515484,Theodore Greene,Danny Greene,WR,1961-12-26,1985,3,81
00-0006384,Tracy Greene,Tracy Greene,TE,1972-11-05,1994,7,219
GRE666310,Rashaun Greer,Rashaun Greer,WR,1987-02-10,,,
GRE668220,Terry Greer,Terry Greer,WR,1957-09-27,1980,11,304
00-0006410,Christopher Greisen,Chris Greisen,QB,1976-07-02,1999,7,239
00-0027873,Jermaine Gresham,Jermaine Gresham,TE,1988-06-16,2010,1,21
GRE820956,Robert Gresham,Bob Gresham,RB,1948-07-09,,,
00-0030999,Marion Grice,Marion Grice,RB,1991-04-10,2014,6,201
00-0006421,Marrio Grier,Marrio Grier,RB,1971-12-05,1996,6,195
00-0035251,Will Grier,Will Grier,QB,1995-04-03,2019,3,100
00-0006423,Brian Griese,Brian Griese,QB,1975-03-18,1998,3,91
GRI037752,Robert Griese,Bob Griese,QB,1945-02-03,,,
00-0023736,Kelly Griffeth,Kelly Griffeth,TE,1982-04-11,,,
00-0033259,George Griffey,Trey Griffey,WR,1994-01-19,,,
GRI075504,Archie Griffin,Archie Griffin,RB,1954-08-24,,,
00-0006428,Christopher Griffin,Chris Griffin,TE,1974-07-26,,,
00-0006431,Damon Griffin,Damon Griffin,WR,1976-06-14,,,
00-0033095,Garrett Griffin,Garrett Griffin,TE,1994-03-04,,,
00-0028377,John Griffin,John Griffin,RB,1988-12-17,,,
GRI188760,Keith Griffin,Keith Griffin,RB,1961-10-26,1984,10,279
00-0039541,Lideatrick Griffin,Lideatrick Griffin,WR,2001-01-23,,,
00-0022095,Quentin Griffin,Quentin Griffin,RB,1981-01-12,2003,4,108
00-0029665,Robert Griffin,Robert Griffin,QB,1990-02-12,2012,1,2
00-0029857,Ryan Griffin,Ryan Griffin,QB,1989-11-17,,,
00-0030108,Ryan Griffin,Ryan Griffin,TE,1990-01-11,2013,6,201
GRI302016,Stephen Griffin,Steve Griffin,RB,1964-08-14,,,
GRI320892,Steven Griffin,Steve Griffin,RB,1963-12-17,,,
GRI339768,Steven Griffin,Steve Griffin,WR,1964-12-24,,,
00-0035981,Nakia Griffin-Stewart,Nakia Griffin-Stewart,TE,1996-11-12,,,
00-0006456,Howard Griffith,Howard Griffith,RB,1967-11-17,1991,9,236
00-0022011,Justin Griffith,Justin Griffith,RB,1980-07-21,2003,4,121
00-0006458,Richard Griffith,Rich Griffith,TE,1969-07-31,1993,5,138
GRI604032,Perry Griggs,Perry Griggs,WR,1954-09-17,,,
GRI622908,William Griggs,Billy Griggs,TE,1962-08-04,1984,8,203
00-0028455,Nicolas Grigsby,Nic Grigsby,RB,1988-12-26,,,
GRI660660,Robert Grim,Bob Grim,WR,1945-05-08,,,
00-0031035,Xavier Grimble,Xavier Grimble,TE,1992-09-22,,,
00-0029510,Jonathan Grimes,Jonathan Grimes,RB,1989-12-21,,,
00-0041359,Wesley Grimes,Wesley Grimes,WR,2004-03-09,,,
00-0040461,Luke Grimm,Luke Grimm,WR,2001-08-08,,,
00-0032634,David Grinnage,David Grinnage,TE,1994-02-04,,,
00-0026562,William Grisham,Tyler Grisham,WR,1987-06-11,,,
GRI824841,Torrey Grissett,Torrey Grissett,WR,,,,
00-0032347,Darion Griswold,Darion Griswold,TE,1992-12-23,,,
GRO037753,Ronald Groce,Ron Groce,RB,1954-01-07,,,
GRO075506,Steven Grogan,Steve Grogan,QB,1953-07-24,,,
00-0027419,Christopher Gronkowski,Chris Gronkowski,RB,1986-12-26,,,
00-0027157,Daniel Gronkowski,Dan Gronkowski,TE,1985-01-21,2009,7,255
00-0027656,Robert Gronkowski,Rob Gronkowski,TE,1989-05-14,2010,2,42
00-0041156,Mark Gronowski,Mark Gronowski,QB,2001-10-05,,,
00-0036521,Garrett Groshek,Garrett Groshek,RB,1997-08-02,,,
00-0024082,Tyronne Gross,Tyronne Gross,RB,1983-05-14,,,
GRO427867,Kyle Grossart,Kyle Grossart,QB,1955-01-19,,,
GRO528542,Curt Grossman,Randy Grossman,TE,1952-09-20,,,
00-0022121,Rex Grossman,Rex Grossman,QB,1980-08-23,2003,1,22
GRO679554,Jeffrey Groth,Jeff Groth,WR,1957-07-02,,,
GRY553722,Darrell Grymes,Darrell Grymes,WR,1961-12-04,,,
00-0037650,Jarrett Guarantano,Jarrett Guarantano,QB,1997-11-14,,,
00-0023704,Gregg Guenther,Gregg Guenther,TE,1982-01-29,,,
00-0039363,Isaac Guerendo,Isaac Guerendo,RB,2000-06-28,2024,4,129
00-0036454,Pete Guerriero,Pete Guerriero,RB,,,,
00-0006526,Terry Guess,Terry Guess,WR,1974-09-22,1996,5,165
00-0036489,Nick Guggemos,Nick Guggemos,TE,1995-12-17,,,
00-0034358,Derrius Guice,Derrius Guice,RB,1997-06-21,2018,2,59
00-0036136,Stephen Guidry,Stephen Guidry,WR,1997-03-25,,,
00-0028389,Benjamin Guidugli,Ben Guidugli,TE,1987-10-22,,,
00-0040099,Xavier Guillory,Xavier Guillory,WR,2001-07-13,,,
00-0006536,Eric Guliford,Eric Guliford,WR,1969-10-25,,,
GUM415291,Michael Guman,Mike Guman,RB,1958-04-21,1980,6,154
GUN726754,Micheal Gunter,Mike Gunter,RB,1961-02-18,,,
00-0041016,Patrick Gurd,Patrick Gurd,TE,2002-02-18,,,
00-0028596,Norristorius Gurley,Tori Gurley,WR,1987-11-22,,,
00-0032241,Todd Gurley,Todd Gurley,RB,1994-08-03,2015,1,10
GUS553722,James Gustafson,Jim Gustafson,WR,1961-03-16,,,
00-0024824,Matthew Gutierrez,Matt Gutierrez,QB,1984-06-09,,,
00-0027398,Trent Guy,Trent Guy,WR,1987-08-22,,,
00-0035414,Jalen Guyton,Jalen Guyton,WR,1997-06-07,,,
00-0040955,John Michael Gyllenborg,John Michael Gyllenborg,TE,2002-08-07,,,
00-0006575,Andrew Haase,Andy Haase,TE,1974-07-10,,,
00-0006576,Shounton Habersham,Shoun Habersham,WR,1968-12-12,,,
00-0032953,Christian Hackenberg,Christian Hackenberg,QB,1995-02-14,2016,2,51
00-0022701,DeAndre Hackett,D.J. Hackett,WR,1981-07-03,2004,5,157
HAC593270,Joseph Hackett,Joey Hackett,TE,1958-09-29,,,
00-0023943,Darrell Hackney,Darrell Hackney,QB,1983-08-07,,,
00-0019625,Andrew Haddad,Drew Haddad,WR,1978-08-15,2000,7,233
HAD484505,Patrick Haden,Pat Haden,QB,1953-01-23,,,
HAD553720,John Hadl,John Hadl,QB,1940-02-15,,,
HAD761365,James Hadnot,Jim Hadnot,RB,1957-07-11,1980,3,66
00-0038998,Jake Haener,Jake Haener,QB,1999-03-10,2023,4,127
00-0024297,Derek Hagan,Derek Hagan,WR,1984-09-21,2006,3,82
00-0024358,Marques Hagans,Marques Hagans,WR,1982-12-29,2006,5,144
00-0041228,Sahmir Hagans,Sahmir Hagans,WR,2002-12-16,,,
HAG244285,Michael Hagen,Mike Hagen,RB,1959-06-30,,,
00-0027456,Johnathan Haggerty,Johnathan Haggerty,WR,1988-02-05,,,
HAG586284,Steven Haggerty,Steve Haggerty,WR,1953-05-17,,,
HAG635141,Isaac Hagins,Isaac Hagins,WR,1954-03-02,,,
HAI332232,David Haines,Kris Haines,WR,1957-07-23,,,
00-0025595,Justise Hairston,Justise Hairston,RB,1983-06-27,,,
HAI747522,Russell Hairston,Russell Hairston,WR,1964-02-10,,,
00-0037456,Troy Hairston,Troy Hairston,RB,1998-12-08,,,
00-0006626,Chris Hakel,Chris Hakel,QB,1969-08-09,,,
00-0006627,Az-Zahir Hakim,Az-Zahir Hakim,WR,1977-06-03,1998,4,96
00-0029006,Saalim Hakim,Saalim Hakim,WR,1990-02-01,,,
00-0006639,Ronnie Haliburton,Ronnie Haliburton,TE,1968-04-14,1990,6,164
00-0023764,Andre Hall,Andre Hall,RB,1982-08-20,,,
00-0022761,Andrew Hall,Andy Hall,QB,1980-11-26,2004,6,185
00-0038120,Breece Hall,Breece Hall,RB,2001-05-31,2022,2,36
00-0025917,Bruce Hall,Bruce Hall,RB,1985-03-18,,,
00-0027188,Chandler Hall,Chad Hall,WR,1986-05-23,,,
00-0026135,D.J. Hall,D.J. Hall,WR,1986-07-18,,,
00-0019539,Damieon Hall,Dante Hall,WR,1978-09-20,2000,5,153
00-0035043,Darrin Hall,Darrin Hall,RB,1996-09-06,,,
HAL288150,Donald Hall,Dino Hall,RB,1955-12-06,,,
00-0035070,Emanuel Hall,Emanuel Hall,WR,1997-05-21,,,
00-0038714,Hassan Hall,Hassan Hall,RB,2000-08-28,,,
00-0006666,James Hall,Lamont Hall,TE,1974-11-16,,,
00-0038598,Jaren Hall,Jaren Hall,QB,1998-03-24,2023,5,164
00-0020681,Joe Hall,Joe Hall,RB,1979-11-03,,,
00-0025578,Korey Hall,Korey Hall,RB,1983-08-05,2007,6,191
00-0033094,Marvin Hall,Marvin Hall,WR,1993-04-10,,,
00-0027347,Max Hall,Max Hall,QB,1985-10-01,,,
00-0031846,Rannell Hall,Rannell Hall,WR,1993-01-30,,,
00-0006678,Ronald Hall,Ron Hall,TE,1964-03-15,1987,4,87
00-0025556,Roy Hall,Roy Hall,WR,1983-12-08,2007,5,169
00-0006681,Timothy Hall,Tim Hall,RB,1974-02-15,1996,6,183
HAL678000,Shawn Halloran,Shawn Halloran,QB,1964-04-23,,,
00-0023051,Aaron Halterman,Aaron Halterman,TE,1982-03-31,,,
00-0020510,Kenyon Hambrick,Kenyon Hambrick,WR,1978-05-02,,,
00-0019516,Troy Hambrick,Troy Hambrick,RB,1976-11-06,,,
00-0022112,Gibran Hamdan,Gibran Hamdan,QB,1981-02-08,2003,7,232
00-0030290,Cobi Hamilton,Cobi Hamilton,WR,1990-11-13,2013,6,197
00-0034370,DaeSean Hamilton,DaeSean Hamilton,WR,1995-03-10,2018,4,113
00-0022853,Derrick Hamilton,Derrick Hamilton,WR,1981-11-30,2004,3,77
00-0019579,Joseph Hamilton,Joe Hamilton,QB,1977-03-13,2000,7,234
HAM251690,Ladell Hamilton,Andy Hamilton,WR,1950-11-08,,,
00-0021556,Lawrence Hamilton,Lawrence Hamilton,WR,1980-08-31,,,
00-0026121,Lynell Hamilton,Lynell Hamilton,RB,1985-08-05,,,
00-0006725,Millard Hamilton,Millard Hamilton,WR,1967-12-30,,,
00-0031749,Ray Hamilton,Ray Hamilton,TE,1992-10-28,,,
00-0028223,Jamel Hamler,Jamel Hamler,WR,1988-12-07,,,
00-0036412,Kahlee Hamler,K.J. Hamler,WR,1999-07-08,2020,2,46
00-0018560,Tony Hamler,Tony Hamler,WR,1975-08-13,,,
00-0031732,Connor Hamlett,Connor Hamlett,TE,1992-04-12,,,
00-0030805,Je'Ron Hamm,Je'Ron Hamm,TE,1992-06-15,,,
00-0030154,Frankie Hammond,Frankie Hammond,WR,1990-02-17,,,
HAM503380,Gary Hammond,Gary Hammond,WR,1949-07-31,,,
00-0035826,Josh Hammond,Josh Hammond,WR,1998-07-24,,,
HAM578887,Robert Hammond,Bobby Hammond,RB,1952-02-20,,,
00-0019489,Thomas Hamner,Thomas Hamner,RB,1976-12-25,,,
HAM704732,David Hampton,Dave Hampton,RB,1947-05-07,,,
00-0034027,De'Quan Hampton,De'Quan Hampton,WR,1994-04-18,,,
00-0028980,Jewel Hampton,Jewel Hampton,RB,1989-12-23,,,
HAM729901,Kwante Hampton,Kwante Hampton,WR,1963-12-11,,,
HAM755070,Lorenzo Hampton,Lorenzo Hampton,RB,1962-03-12,1985,1,27
00-0040666,Omarion Hampton,Omarion Hampton,RB,2003-03-16,2025,1,22
00-0006759,Rodney Hampton,Rodney Hampton,RB,1969-04-03,1990,1,24
HAN036914,Anthony Hancock,Anthony Hancock,WR,1960-06-10,1982,1,11
HAN055371,Carl Hancock,Mike Hancock,TE,1950-02-25,,,
00-0025970,Caleb Hanie,Caleb Hanie,QB,1985-09-11,,,
00-0041157,Anthony Hankerson,Anthony Hankerson,RB,2004-02-03,,,
00-0028017,Leonard Hankerson,Leonard Hankerson,WR,1989-01-30,2011,3,79
00-0040272,Deion Hankins,Deion Hankins,RB,2000-09-13,,,
00-0029019,Darius Hanks,Darius Hanks,WR,1989-02-23,,,
00-0021460,Cortez Hankton,Cortez Hankton,WR,1981-01-20,,,
00-0006777,Karl Hankton,Karl Hankton,WR,1970-07-24,,,
00-0029634,James Hanna,James Hanna,TE,1989-07-14,2012,6,186
00-0025704,Rodney Hannah,Rodney Hannah,TE,1984-08-09,,,
00-0006786,Travis Hannah,Travis Hannah,WR,1970-01-31,1993,4,102
00-0021282,Ryan Hannam,Ryan Hannam,TE,1980-02-24,2002,5,169
00-0024140,Chris Hannon,Chris Hannon,WR,1984-02-18,,,
00-0023314,Greg Hanoian,Greg Hanoian,RB,1981-12-09,,,
HAN461425,Terrence Hanratty,Terry Hanratty,QB,1948-01-19,,,
00-0032747,Russell Hansbrough,Russell Hansbrough,RB,1993-11-19,,,
HAN516796,Bruce Hansen,Bruce Hansen,RB,1961-09-18,,,
00-0041535,Louis Hansen,Louis Hansen,TE,2002-01-02,,,
00-0033840,Timothy Hansen,Chad Hansen,WR,1995-01-18,2017,4,141
00-0006803,Byron Hanspard,Byron Hanspard,RB,1976-01-23,1997,2,41
00-0006804,Patrick Hape,Patrick Hape,TE,1974-06-06,1997,5,137
00-0006808,James Harbaugh,Jim Harbaugh,QB,1963-12-23,1987,1,26
00-0036685,Tre Harbison,Tre Harbison,RB,1998-07-01,,,
00-0027725,Clayton Harbor,Clay Harbor,TE,1987-07-02,2010,4,125
HAR012909,James Harbour,James Harbour,WR,1962-11-10,1985,7,173
HAR025818,Donald Hardeman,Don Hardeman,RB,1952-08-13,,,
HAR030121,Willie Hardeman,Buddy Hardeman,RB,1954-10-21,,,
HAR038727,Derrick Harden,Derrick Harden,WR,1964-04-21,,,
00-0041281,Tomarion Harden,T.J. Harden,RB,2004-04-23,,,
00-0027666,Montario Hardesty,Montario Hardesty,RB,1987-02-01,2010,2,59
00-0035140,Carey Hardman,Mecole Hardman,WR,1998-03-12,2019,2,56
00-0028843,Andre Hardy,Andre Hardy,TE,1987-03-18,,,
HAR073151,Andre Hardy,Andre Hardy,RB,1961-11-28,1984,5,116
HAR077454,Bruce Hardy,Bruce Hardy,TE,1956-06-01,,,
00-0041327,Cody Hardy,Cody Hardy,TE,2003-11-12,,,
00-0028176,Daniel Hardy,Daniel Hardy,TE,1987-09-07,2011,7,238
00-0036768,JaQuan Hardy,Jaquan Hardy,RB,1997-12-31,,,
00-0026181,James Hardy,James Hardy,WR,1985-12-24,2008,2,41
00-0031570,Justin Hardy,Justin Hardy,WR,1991-12-18,2015,4,107
HAR116181,Larry Hardy,Larry Hardy,TE,1956-07-09,,,
HAR125862,Robert Hardy,Robert Hardy,RB,1967-09-01,,,
00-0006848,Terry Hardy,Terry Hardy,TE,1976-05-31,1998,5,125
00-0006850,Anthony Hargain,Tony Hargain,WR,1967-12-26,1991,8,221
HAR154908,Jimmy Hargrove,Jim Hargrove,RB,1957-11-13,,,
HAR159211,Marvin Hargrove,Marvin Hargrove,WR,1968-04-23,,,
00-0028958,Cory Harkey,Cory Harkey,TE,1990-06-17,,,
00-0037334,Mike Harley,Mike Harley,WR,1997-12-13,,,
00-0024703,Jonathan Harline,Jonny Harline,TE,1982-11-06,,,
HAR189332,Clarence Harmon,Clarence Harmon,RB,1955-11-30,,,
HAR193635,Derrick Harmon,Derrick Harmon,RB,1963-04-26,1984,9,248
00-0027504,Jason Harmon,Jason Harmon,WR,1987-01-27,,,
00-0035297,Kelvin Harmon,Kelvin Harmon,WR,1996-12-15,2019,6,206
HAR206544,Kevin Harmon,Kevin Harmon,RB,1965-10-26,1988,4,101
HAR210847,Michael Harmon,Mike Harmon,WR,1961-07-24,1983,11,301
00-0006874,Ronnie Harmon,Ronnie Harmon,RB,1964-05-07,1986,1,16
00-0029554,Chandler Harnish,Chandler Harnish,QB,1988-07-28,2012,7,253
00-0006877,Alvin Harper,Alvin Harper,WR,1968-07-06,1991,1,12
HAR240968,Bruce Harper,Bruce Harper,RB,1955-06-20,,,
00-0030077,Christopher Harper,Chris Harper,WR,1989-09-10,2013,4,123
00-0031854,Christopher Harper,Chris Harper,WR,1993-12-07,,,
00-0028068,James Harper,Jamie Harper,RB,1989-09-11,2011,4,130
00-0026355,Justin Harper,Justin Harper,WR,1985-02-24,2008,7,215
HAR283998,Michael Harper,Michael Harper,WR,1961-05-11,1984,11,293
00-0026025,Rod Harper,Rod Harper,WR,1985-03-26,,,
HAR292604,Roland Harper,Roland Harper,RB,1953-02-28,,,
00-0035805,Chase Harrell,Chase Harrell,TE,1997-05-16,,,
00-0006902,Gary Harrell,Gary Harrell,WR,1972-01-23,,,
00-0027602,Graham Harrell,Graham Harrell,QB,1985-05-22,,,
HAR316270,Ronnie Harrell,Maurice Harrell,TE,1972-04-10,,,
HAR318422,Samuel Harrell,Sam Harrell,RB,1957-02-07,1980,11,288
HAR322725,Willard Harrell,Willard Harrell,RB,1952-09-16,,,
00-0021141,John Harrington,Joey Harrington,QB,1978-10-21,2002,1,3
HAR327028,LaRue Harrington,LaRue Harrington,RB,1957-06-28,1980,6,151
HAR331331,Perry Harrington,Perry Harrington,RB,1958-03-13,1980,2,53
00-0031830,Alonzo Harris,Alonzo Harris,RB,1992-11-09,,,
00-0021549,Antoineo Harris,Antoineo Harris,RB,1979-07-17,,,
00-0021750,Arlen Harris,Arlen Harris,RB,1980-04-22,,,
00-0021121,Atnaf Harris,Atnaf Harris,WR,1979-02-27,,,
00-0040727,Cleveland Harris,Tre Harris,WR,2002-02-28,2025,2,55
00-0035657,Damien Harris,Damien Harris,RB,1997-02-11,2019,3,87
HAR361452,Darryl Harris,Darryl Harris,RB,1966-02-20,,,
00-0035848,De'Michael Harris,DeMichael Harris,WR,1998-07-12,,,
00-0030155,Demetrius Harris,Demetrius Harris,TE,1991-07-29,,,
00-0028409,DuJuan Harris,DuJuan Harris,RB,1988-09-03,,,
HAR374361,Duriel Harris,Duriel Harris,WR,1954-11-27,,,
00-0028114,Dwayne Harris,Dwayne Harris,WR,1987-09-16,2011,6,176
HAR378664,Elroy Harris,Elroy Harris,RB,1966-08-18,1989,3,71
HAR387270,Franco Harris,Franco Harris,RB,1950-03-07,,,
HAR391573,Frank Harris,Frank Harris,RB,1964-07-01,,,
HAR408785,Herbert Harris,Herbert Harris,WR,1961-05-04,,,
HAR416341,Isiah Harris,Ike Harris,WR,1952-11-27,,,
00-0006949,Jackie Harris,Jackie Harris,TE,1968-01-04,1990,4,102
00-0036918,Jacob Harris,Jacob Harris,WR,1997-04-16,2021,4,141
HAR434603,James Harris,James Harris,QB,1947-07-20,,,
00-0022363,Joseph Harris,Joey Harris,RB,1980-12-18,,,
00-0022800,Josh Harris,Josh Harris,QB,1982-09-09,,,
00-0031450,Joshua Harris,Josh Harris,RB,1991-01-22,,,
00-0038926,Keilahn Harris,Keilahn Harris,WR,2001-01-08,,,
00-0026836,Kenneth Harris,Kenneth Harris,WR,1986-08-10,,,
00-0023159,Kevin Harris,Kay-Jay Harris,RB,1979-03-27,,,
00-0037286,Kevin Harris,Kevin Harris,RB,2000-11-17,2022,6,183
00-0006971,Leonard Harris,Leonard Harris,WR,1960-11-27,,,
HAR469027,Leroy Harris,Leroy Harris,RB,1954-07-03,,,
00-0028627,Marcus Harris,Marcus Harris,WR,1989-08-01,,,
00-0006977,Mark Harris,Mark Harris,WR,1970-04-28,,,
00-0032362,Maurice Harris,Maurice Harris,WR,1992-11-11,,,
HAR490542,Michael Harris,M.L. Harris,TE,1954-01-16,,,
00-0036893,Najee Harris,Najee Harris,RB,1998-03-09,2021,1,24
00-0006996,Onzell Harris,Rudy Harris,RB,1971-09-18,1993,4,91
00-0006989,Raymont Harris,Raymont Harris,RB,1970-12-23,1994,4,114
00-0006992,Roderick Harris,Rod Harris,WR,1966-11-14,1989,4,104
00-0006994,Ronnie Harris,Ronnie Harris,WR,1970-06-04,,,
00-0032029,Ronnie Harris,R.J. Harris,WR,1992-06-03,,,
00-0006930,Sidney Harris,Derrick Harris,RB,1972-09-18,1996,6,175
00-0023260,Steven Harris,Steven Harris,WR,1981-11-10,,,
HAR537875,Steven Harris,Steve Harris,RB,1962-12-12,,,
HAR542178,Timothy Harris,Tim Harris,RB,1961-06-15,,,
HAR574450,William Harris,William Harris,TE,1965-02-10,1987,7,195
00-0007012,Willie Harris,Willie Harris,WR,1970-11-08,,,
HAR580905,Dwight Harrison,Dwight Harrison,WR,1948-10-12,,,
HAR589511,Glynn Harrison,Glynn Harrison,RB,1954-05-25,,,
HAR598117,Hulet Harrison,Jim Harrison,RB,1948-09-10,,,
00-0024359,Jerome Harrison,Jerome Harrison,RB,1983-02-26,2006,5,145
HAR602420,Kenneth Harrison,Kenny Harrison,WR,1953-12-12,,,
00-0030439,Mark Harrison,Mark Harrison,WR,1990-12-11,,,
00-0007024,Marvin Harrison,Marvin Harrison,WR,1972-08-25,1996,1,19
00-0039849,Marvin Harrison,Marvin Harrison,WR,2002-08-11,2024,1,4
HAR619632,Reginald Harrison,Reggie Harrison,RB,1951-01-09,,,
00-0007035,Todd Harrison,Todd Harrison,TE,1969-03-20,1992,5,134
00-0038844,Tre'Shaun Harrison,Tre'Shaun Harrison,WR,2000-06-26,,,
HAR641147,Victor Harrison,Vic Harrison,WR,1961-02-09,,,
00-0007039,Carl Harry,Carl Harry,WR,1967-10-26,,,
00-0007040,Emile Harry,Emile Harry,WR,1963-04-05,1985,4,89
00-0035624,N'Keal Harry,N'Keal Harry,TE,1997-12-17,2019,1,32
HAR671268,Harold Hart,Harold Hart,RB,1952-07-13,,,
HAR679874,James Hart,Jim Hart,QB,1944-04-29,,,
00-0007047,Lawrence Hart,Lawrence Hart,TE,1976-09-19,1998,7,195
00-0026342,Leon Hart,Mike Hart,RB,1986-04-09,2008,6,202
00-0035022,Marjahn Hart,Penny Hart,WR,1996-07-05,,,
00-0007052,Frank Hartley,Frank Hartley,TE,1967-12-15,,,
00-0027077,Brian Hartline,Brian Hartline,WR,1986-11-22,2009,4,108
00-0028647,Michael Hartline,Mike Hartline,QB,1988-06-13,,,
00-0039677,Sam Hartman,Sam Hartman,QB,1999-07-29,,,
00-0007059,Mark Hartsell,Mark Hartsell,QB,1973-12-07,,,
00-0022847,Benjamin Hartsock,Ben Hartsock,TE,1980-07-05,2004,3,68
HAR757328,Malcolm Hartwig,Keith Hartwig,WR,1953-12-10,,,
00-0035215,Deonte Harty,Deonte Harty,WR,1997-12-04,,,
00-0027198,Brandyn Harvey,Brandyn Harvey,WR,1987-11-06,,,
HAR791752,John Harvey,John Harvey,RB,1966-12-28,,,
HAR800358,Marvin Harvey,Marvin Harvey,TE,1959-10-17,1981,3,70
00-0040730,Robert Harvey,R.J. Harvey,RB,2001-02-04,2025,2,60
00-0030182,Travis Harvey,Travis Harvey,WR,1990-05-18,,,
HAR825100,Willie Harvey,Frank Harvey,RB,1971-01-19,1994,7,204
HAR826176,Allen Harvin,Allen Harvin,RB,1959-03-18,,,
00-0026998,Percy Harvin,Percy Harvin,WR,1988-05-28,2009,1,22
00-0031750,Nick Harwell,Nick Harwell,WR,1991-01-21,,,
00-0035232,Dwayne Haskins,Dwayne Haskins,QB,1997-05-03,2019,1,15
00-0037617,Hassan Haskins,Hassan Haskins,RB,1999-11-26,2022,4,131
HAS302028,Clinton Haslerig,Clint Haslerig,WR,1952-04-09,,,
HAS453042,Wilbert Haslip,Wilbert Haslip,RB,1956-12-08,,,
00-0024385,Michael Hass,Mike Hass,WR,1983-01-02,2006,6,171
HAS528549,Donald Hasselbeck,Don Hasselbeck,TE,1955-04-01,,,
00-0007091,Matthew Hasselbeck,Matt Hasselbeck,QB,1975-09-25,1998,6,187
00-0019816,Timothy Hasselbeck,Tim Hasselbeck,QB,1978-04-06,,,
00-0007093,Andre Hastings,Andre Hastings,WR,1971-11-07,1993,3,76
00-0028242,Joseph Hastings,Joe Hastings,WR,1987-05-05,,,
00-0035806,JaMycal Hasty,Jamycal Hasty,RB,1996-09-12,,,
00-0033441,Keon Hatcher,Keon Hatcher,WR,1994-09-11,,,
00-0007103,Matthew Hatchette,Matt Hatchette,WR,1974-05-01,1997,7,235
00-0036746,Jake Hausmann,Jake Hausmann,TE,1997-08-12,,,
HAV711924,Samuel Havrilak,Sam Havrilak,RB,1947-12-13,,,
00-0040194,Jackson Hawes,Jackson Hawes,TE,2000-12-06,2025,5,173
00-0027918,Andrew Hawkins,Andrew Hawkins,WR,1986-03-10,,,
HAW155733,Benjamin Hawkins,Ben Hawkins,WR,1944-03-22,,,
00-0030447,Charles Hawkins,Charles Hawkins,WR,1990-08-30,,,
HAW250555,Charles Hawkins,Joey Hawkins,TE,1981-12-16,,,
HAW311466,Clarence Hawkins,Clarence Hawkins,RB,1956-07-15,,,
00-0007120,Courtney Hawkins,Courtney Hawkins,WR,1969-12-12,1992,2,44
HAW363377,Frank Hawkins,Frank Hawkins,RB,1959-07-03,1981,10,276
00-0036827,Javian Hawkins,Javian Hawkins,RB,1999-11-03,,,
00-0026266,Lavelle Hawkins,Lavelle Hawkins,WR,1986-07-12,2008,4,126
HAW519110,Nathaniel Hawkins,Nate Hawkins,WR,1950-02-08,,,
HAW562021,Robert Hawkins,Robert Hawkins,RB,1956-11-15,,,
00-0007131,Steven Hawkins,Steve Hawkins,WR,1971-03-16,1994,6,166
00-0007136,Kurt Haws,Kurt Haws,TE,1969-09-25,1994,4,105
00-0026472,C.J. Hawthorne,C.J. Hawthorne,WR,1983-12-15,,,
HAW778665,Gregory Hawthorne,Greg Hawthorne,RB,1956-09-05,,,
00-0007141,Aaron Hayden,Aaron Hayden,RB,1973-04-13,1995,4,104
00-0041506,Brandon Hayes,Brandon Hayes,WR,2001-11-07,,,
00-0007144,Donald Hayes,Donald Hayes,WR,1975-07-13,1998,4,106
00-0007147,Jarius Hayes,Jarius Hayes,TE,1973-03-27,1996,7,212
HAY227412,Joe Hayes,Joe Hayes,RB,1960-09-15,1984,7,172
00-0007151,Jonathan Hayes,Jonathan Hayes,TE,1962-08-11,1985,2,41
00-0007155,Mercury Hayes,Mercury Hayes,WR,1973-01-01,1996,5,136
HAY415275,Robert Hayes,Bob Hayes,WR,1942-12-20,,,
HAY454825,Wendell Hayes,Wendell Hayes,RB,1940-08-05,,,
00-0019481,Windrell Hayes,Windrell Hayes,WR,1976-12-14,2000,5,143
00-0021093,Herbert Haygood,Herb Haygood,WR,1977-12-30,2002,5,144
HAY533925,Gary Hayman,Gary Hayman,RB,1951-09-08,,,
00-0031493,Jarryd Hayne,Jarryd Hayne,RB,1988-02-15,,,
00-0023714,Alexander Haynes,Alex Haynes,RB,1982-02-13,,,
00-0041244,Jamal Haynes,Jamal Haynes,RB,2002-10-05,,,
00-0007163,Michael Haynes,Michael Haynes,WR,1965-12-24,1988,7,166
HAY711900,Reginold Haynes,Reggie Haynes,TE,1954-09-15,,,
00-0026026,Joseph Haynos,Joey Haynos,TE,1984-08-28,,,
HAY791000,Alfred Haywood,Al Haywood,RB,1948-08-06,,,
00-0031315,Matthew Hazel,Matt Hazel,WR,1992-01-23,2014,6,190
00-0036782,Damon Hazelton,Damon Hazelton,WR,1997-02-28,,,
00-0028584,Vidal Hazelton,Vidal Hazelton,WR,1988-01-29,,,
00-0020516,Todd Heap,Todd Heap,TE,1980-03-16,2001,1,31
00-0032073,Jake Heaps,Jake Heaps,QB,1991-06-19,,,
HEA341999,Herman Heard,Herman Heard,RB,1961-11-24,1984,3,61
00-0007180,Gerald Hearst,Garrison Hearst,RB,1971-01-04,1993,1,3
HEA537427,Larry Heater,Larry Heater,RB,1958-01-09,1980,6,164
HEA635141,Clayton Heath,Clayton Heath,RB,1951-02-15,,,
00-0038465,Malik Heath,Malik Heath,WR,2000-03-31,,,
00-0007190,Bobby Hebert,Bobby Hebert,QB,1960-08-19,,,
00-0038760,Griffin Hebert,Griffin Hebert,WR,1999-04-02,,,
00-0007193,Vaughn Hebron,Vaughn Hebron,RB,1970-10-07,,,
00-0026787,Kole Heckendorf,Kole Heckendorf,WR,1985-11-20,,,
00-0007197,Johnny Hector,Johnny Hector,RB,1960-11-26,1983,2,51
HED415291,Randy Hedberg,Randy Hedberg,QB,1954-12-27,,,
HEF553720,Vincent Heflin,Vince Heflin,WR,1959-07-07,,,
00-0007213,Steve Heiden,Steve Heiden,TE,1976-09-21,1999,3,69
00-0041490,Eli Heidenreich,Eli Heidenreich,RB,2003-07-28,2026,7,230
HEI415290,Lakei Heimuli,Lakei Heimuli,RB,1965-06-24,1987,9,249
00-0031800,Taylor Heinicke,Taylor Heinicke,QB,1993-03-15,,,
00-0021287,Keith Heinrich,Keith Heinrich,TE,1979-03-19,2002,6,174
00-0029534,Cooper Helfet,Cooper Helfet,TE,1989-06-02,,,
00-0007225,Ronald Heller,Ron Heller,TE,1963-09-18,,,
00-0021756,Will Heller,Will Heller,TE,1981-02-28,,,
00-0035428,Daniel Helm,Daniel Helm,TE,1995-04-20,,,
00-0040584,Gunnar Helm,Gunnar Helm,TE,2002-09-06,2025,4,120
00-0028043,Roy Helu,Roy Helu,RB,1988-12-07,2011,4,105
00-0040998,Roman Hemby,Roman Hemby,RB,2002-08-16,,,
00-0029311,Kenneth Hemingway,Junior Hemingway,WR,1988-12-27,2012,7,238
00-0033112,Temarrick Hemingway,Temarrick Hemingway,TE,1993-07-30,2016,6,177
00-0037569,Peyton Hendershot,Peyton Hendershot,TE,1999-04-23,,,
HEN032810,Al-Jay Henderson,Al-Jay Henderson,RB,,,,
00-0033919,Carlos Henderson,Carlos Henderson,WR,1994-12-19,2017,3,82
00-0035664,Darrell Henderson,Darrell Henderson,RB,1997-08-19,2019,3,70
00-0033581,De'Angelo Henderson,De'Angelo Sr. Henderson,RB,1992-11-24,2017,6,203
00-0022929,Devery Henderson,Devery Henderson,WR,1982-03-26,2004,2,50
00-0040895,Emmanuel Henderson,Emmanuel Henderson,WR,2003-03-21,2026,6,199
00-0007245,Keith Henderson,Keith Henderson,RB,1966-08-04,1989,3,84
00-0034206,Quadree Henderson,Quadree Henderson,WR,1996-09-12,,,
00-0024010,Taurean Henderson,Taurean Henderson,RB,1983-01-20,,,
00-0040734,TreVeyon Henderson,TreVeyon Henderson,RB,2002-10-22,2025,2,38
00-0007264,Steven Hendrickson,Steve Hendrickson,TE,1966-08-30,1989,6,167
HEN376104,Timothy Hendrix,Tim Hendrix,TE,1965-02-24,,,
00-0007271,Brian Henesey,Brian Henesey,RB,1969-12-10,,,
00-0040330,Seth Henigan,Seth Henigan,QB,2003-03-10,,,
00-0007276,Charles Henley,June Henley,RB,1975-09-04,1997,5,163
HEN485801,Thomas Henley,Thomas Henley,WR,1965-07-28,1987,6,152
00-0026197,Chad Henne,Chad Henne,QB,1985-07-02,2008,2,57
00-0037494,Thomas Hennigan,Thomas Hennigan,WR,1998-08-18,,,
00-0040302,Antiwan Henning,A.J. Henning,WR,2001-09-09,,,
HEN595498,Bernard Henry,Bernard Henry,WR,1960-04-09,,,
00-0031831,Charles Henry,Mitchell Henry,TE,1992-12-11,,,
HEN599415,Charles Henry,Charles Henry,TE,1964-04-18,,,
00-0023518,Christopher Henry,Chris Henry,WR,1983-05-17,2005,3,83
00-0025437,Christopher Henry,Chris Henry,RB,1985-06-06,2007,2,50
00-0032764,Derrick Henry,Derrick Henry,RB,1994-01-04,2016,2,45
00-0033090,Hunter Henry,Hunter Henry,TE,1994-12-07,2016,2,35
00-0021343,Leonard Henry,Leonard Henry,RB,1978-01-05,2002,7,241
00-0026311,Marcus Henry,Marcus Henry,WR,1986-02-21,2008,6,171
00-0035031,Marquavius Henry,Malik Henry,WR,1997-04-16,,,
00-0041599,Matthew Henry,Matthew Henry,WR,,,,
00-0037362,Ra'Shaun Henry,Ra'Shaun Henry,WR,1998-02-04,,,
00-0041178,Robert Henry,Robert Henry,RB,2001-12-31,,,
00-0020471,Travis Henry,Travis Henry,RB,1978-10-29,2001,2,58
HEN689524,Wallace Henry,Wally Henry,WR,1954-10-30,,,
00-0022181,Drew Henson,Drew Henson,QB,1980-02-13,2003,6,192
HEN767879,Harold Henson,Champ Henson,RB,1953-06-01,,,
00-0035025,Hale Hentges,Hale Hentges,TE,1996-08-19,,,
00-0036355,Justin Herbert,Justin Herbert,QB,1998-03-10,2020,1,6
00-0036906,Khalil Herbert,Khalil Herbert,RB,1998-04-21,2021,6,217
00-0040331,Patrick Herbert,Patrick Herbert,TE,2000-10-18,,,
00-0030204,Greg Herd,Greg Herd,WR,1991-02-15,,,
00-0035109,Cole Herdman,Cole Herdman,TE,1995-06-27,,,
00-0029242,Brad Herman,Brad Herman,TE,1989-12-29,,,
00-0041436,David Herman,D.J. Herman,RB,2002-03-17,,,
00-0027713,Aaron Hernandez,Aaron Hernandez,TE,1989-11-06,2010,4,113
00-0034766,Christopher Herndon,Christopher Herndon,TE,1996-02-23,2018,4,107
00-0030920,Javontee Herndon,Javontee Herndon,WR,1991-06-29,,,
00-0024684,Zac Herold,Zac Herold,TE,1983-12-19,,,
HER578887,Donald Herrmann,Don Herrmann,WR,1947-06-05,,,
00-0007340,Mark Herrmann,Mark Herrmann,QB,1959-01-08,1981,4,98
00-0029588,Daniel Herron,Dan Herron,RB,1989-03-21,2012,6,191
HER704732,Mack Herron,Mack Herron,RB,1948-07-24,,,
00-0023676,Noah Herron,Noah Herron,RB,1982-04-03,2005,7,244
00-0031187,Robert Herron,Robert Herron,WR,1992-06-02,2014,6,185
HER755070,Robert Hertel,Rob Hertel,QB,1955-02-21,,,
00-0007347,Edward Hervey,Edward Hervey,WR,1973-05-04,,,
00-0020760,Adam Herzing,Adam Herzing,WR,1980-09-23,,,
00-0035572,Parker Hesse,Parker Hesse,TE,1995-05-26,,,
00-0024272,Devin Hester,Devin Hester,WR,1982-11-04,2006,2,57
00-0026209,Jacob Hester,Jacob Hester,RB,1985-05-08,2008,3,69
00-0007353,Jessie Hester,Jessie Hester,WR,1963-01-21,1985,1,23
00-0032227,Jeffrey Heuerman,Jeff Heuerman,TE,1992-11-24,2015,3,92
00-0020436,Josh Heupel,Josh Heupel,QB,1978-03-22,,,
00-0030780,Ryan Hewitt,Ryan Hewitt,TE,1991-01-24,,,
HEW415290,Robert Hewko,Bob Hewko,QB,1960-06-08,,,
00-0007363,Craig Heyward,Craig Heyward,RB,1966-09-26,1988,1,24
00-0026983,Darrius Heyward-Bey,Darrius Heyward-Bey,WR,1987-02-26,2009,1,7
00-0040879,Matthew Hibner,Matthew Hibner,TE,2002-03-09,2026,4,133
00-0007369,Kevin Hickman,Kevin Hickman,TE,1971-08-20,1995,6,186
00-0007389,Brian Hicks,Skip Hicks,RB,1974-10-13,1998,3,69
HIC435061,Edward Hicks,Eddie Hicks,RB,1955-07-26,,,
00-0039329,Julian Hicks,Julian Hicks,WR,1999-09-29,,,
00-0021848,Kenneth Hicks,Dwone Hicks,RB,1981-04-25,,,
00-0020797,Maurice Hicks,Maurice Hicks,RB,1978-07-22,,,
00-0007382,Michael Hicks,Michael Hicks,RB,1973-02-01,1996,7,253
HIC751469,Victor Hicks,Victor Hicks,TE,1957-01-19,,,
00-0033110,Tyler Higbee,Tyler Higbee,TE,1993-01-01,2016,4,110
HIG055372,Alexander Higdon,Alex Higdon,TE,1966-09-09,1988,3,56
00-0035454,Karan Higdon,Karan Higdon,RB,1996-09-08,,,
00-0039041,Elijah Higgins,Elijah Higgins,TE,2000-10-27,2023,6,197
00-0040130,Jayden Higgins,Jayden Higgins,WR,2002-12-15,2025,2,34
00-0028522,John Higgins,Mike Higgins,TE,1987-12-07,,,
00-0025486,Johnnie Lee Higgins,Johnnie Lee Higgins,WR,1983-09-08,2007,3,99
00-0032977,Rashard Higgins,Rashard Higgins,WR,1994-10-07,2016,5,172
00-0036410,Tamurice Higgins,Tee Higgins,WR,1999-01-18,2020,2,33
00-0007404,Mark Higgs,Mark Higgs,RB,1966-04-11,1988,8,205
00-0007405,Alonzo Highsmith,Alonzo Highsmith,RB,1965-02-26,1987,1,3
00-0036398,John Hightower,John Hightower,WR,1996-05-31,2020,5,168
00-0026289,Timothy Hightower,Tim Hightower,RB,1986-05-23,2008,5,149
00-0033315,Cole Hikutini,Cole Hikutini,TE,1994-06-11,,,
00-0007413,Russell Hilger,Rusty Hilger,QB,1962-05-09,1985,6,143
00-0007431,Andrew Hill,Drew Hill,WR,1956-10-05,,,
00-0026908,Anthony Hill,Anthony Hill,TE,1985-01-02,2009,4,122
00-0032101,Austin Hill,Austin Hill,WR,1991-07-17,,,
00-0033567,Brian Hill,Brian Hill,RB,1995-11-09,2017,5,156
00-0032298,Bronson Hill,Bronson Hill,RB,1993-01-02,,,
00-0007423,Bruce Hill,Bruce Hill,WR,1964-02-29,1987,4,106
HIL118648,Calvin Hill,Calvin Hill,RB,1947-01-02,,,
00-0026809,Darius Hill,Darius Hill,TE,1985-08-26,,,
00-0021329,Darrell Hill,Darrell Hill,WR,1979-06-19,2002,7,225
HIL148310,David Hill,David Hill,TE,1954-01-01,,,
HIL177972,Derek Hill,Derek Hill,WR,1967-11-04,1989,3,61
HIL207634,Eddie Hill,Eddie Hill,RB,1957-05-13,,,
00-0023262,Efrem Hill,Efrem Hill,WR,1983-07-23,,,
00-0007436,Gregory Hill,Greg Hill,RB,1972-02-23,1994,1,25
00-0007438,James Hill,James Hill,TE,1974-10-25,,,
HIL358062,James Hill,J.D. Hill,WR,1948-10-30,,,
00-0025463,Jason Hill,Jason Hill,WR,1985-02-20,2007,3,76
00-0007439,Jefferey Hill,Jeff Hill,WR,1972-09-24,,,
00-0031301,Jeremy Hill,Jeremy Hill,RB,1992-10-20,2014,2,55
00-0030216,Joshua Hill,Josh Hill,TE,1990-05-21,,,
00-0038720,Julian Hill,Julian Hill,TE,2000-07-09,,,
00-0034975,Justice Hill,Justice Hill,RB,1997-11-14,2019,4,113
00-0036382,K.J. Hill,K.J. Hill,WR,1997-09-15,2020,7,220
00-0021097,Kahlil Hill,Kahlil Hill,WR,1979-03-18,2002,6,184
00-0034237,Khalid Hill,Khalid Hill,RB,1995-06-04,,,
00-0036669,Kylin Hill,Kylin Hill,RB,1998-08-18,2021,7,256
HIL489423,Leroy Hill,Tony Hill,WR,1956-06-23,,,
HIL504254,Lonzell Hill,Lonzell Hill,WR,1965-09-25,1987,2,40
00-0007447,Madre Hill,Madre Hill,RB,1976-01-02,1999,7,207
00-0030320,Michael Hill,Michael Hill,RB,1989-05-14,,,
00-0026838,P.J. Hill,P.J. Hill,RB,1987-01-03,,,
00-0007451,Randal Hill,Randal Hill,WR,1969-09-21,1991,1,23
00-0020679,Shaun Hill,Shaun Hill,QB,1980-01-09,,,
00-0028995,Stephen Hill,Stephen Hill,WR,1991-04-25,2012,2,43
HIL608071,Talmadge Hill,Ike Hill,WR,1947-04-15,,,
00-0033357,Taysom Hill,Taysom Hill,TE,1990-08-23,,,
00-0033040,Tyreek Hill,Tyreek Hill,WR,1994-03-01,2016,5,165
HIL667395,Ira Hillary,Ira Hillary,WR,1962-11-13,1985,8,210
00-0007467,Dalton Hilliard,Dalton Hilliard,RB,1964-01-21,1986,2,31
00-0034253,Dontrell Hilliard,Dontrell Hilliard,RB,1995-02-26,,,
00-0007468,Isaac Hilliard,Ike Hilliard,WR,1976-04-05,1997,1,7
00-0031625,Kendrick Hilliard,Kenny Hilliard,RB,1991-10-03,2015,7,235
00-0035013,Jonathan Hilliman,Jon Hilliman,RB,1995-11-14,,,
00-0026367,Peyton Hillis,Peyton Hillis,RB,1986-01-21,2008,7,227
00-0029683,Ronnie Hillman,Ronnie Hillman,RB,1991-09-14,2012,3,67
00-0035489,Wes Hills,Wes Hills,RB,1995-06-05,,,
HIL771212,Carl Hilton,Carl Hilton,TE,1964-02-28,1986,7,179
00-0041179,Chris Hilton,Chris Hilton,WR,2002-10-11,,,
00-0029608,Eugene Hilton,T.Y. Hilton,WR,1989-11-14,2012,3,92
00-0028915,Justin Hilton,Justin Hilton,WR,1988-12-08,,,
00-0021712,Zachary Hilton,Zach Hilton,TE,1980-07-02,,,
00-0034367,Nyheim Hines,Nyheim Hines,RB,1996-11-12,2018,4,104
00-0029993,Quentin Hines,Quentin Hines,RB,1990-10-08,,,
00-0007494,Michael Hinnant,Mike Hinnant,TE,1966-09-08,1988,8,211
HIN699424,Edward Hinton,Eddie Hinton,WR,1947-06-26,,,
00-0035864,Kendall Hinton,Kendall Hinton,WR,1997-02-19,,,
00-0007499,Marcus Hinton,Marcus Hinton,TE,1971-12-27,,,
HIP166116,Isiah Hipp,I.M. Hipp,RB,1956-02-15,1980,4,104
HIP498348,Eric Hipple,Eric Hipple,QB,1957-09-16,1980,4,85
00-0024345,Domenik Hixon,Domenik Hixon,WR,1984-10-08,2006,4,130
00-0021963,Ryan Hoag,Ryan Hoag,WR,1979-11-23,,,
00-0007520,Leroy Hoard,Leroy Hoard,RB,1968-05-15,1990,2,45
00-0007524,Daryl Hobbs,Daryl Hobbs,WR,1968-05-23,,,
00-0007527,Stephen Hobbs,Stephen Hobbs,WR,1965-11-14,,,
00-0007530,Billy Joe Hobert,Billy Joe Hobert,QB,1971-01-08,1993,3,58
00-0035229,Thomas Hockenson,T.J. Hockenson,TE,1997-07-03,2019,1,8
00-0019338,Damon Hodge,Damon Hodge,WR,1977-02-16,,,
HOD184574,Floyd Hodge,Floyd Hodge,WR,1959-07-18,,,
00-0034854,KhaDarel Hodge,KhaDarel Hodge,WR,1994-01-03,,,
00-0019388,Leroy Hodge,Leroy Hodge,WR,1977-02-05,,,
00-0027617,Shay Hodge,Shay Hodge,WR,1987-10-18,,,
00-0037164,Curtis Hodges,Curtis Hodges,TE,1999-07-03,,,
00-0035577,Devlin Hodges,Devlin Hodges,QB,1996-04-12,,,
HOD369148,Eric Hodges,Eric Hodges,WR,1964-06-03,,,
00-0033966,Temuchin Hodges,Temuchin Hodges,TE,1995-08-08,2017,6,201
00-0036165,Isaiah Hodgins,Isaiah Hodgins,WR,1998-10-21,2020,6,207
00-0007546,James Hodgins,James Hodgins,RB,1977-04-30,,,
00-0007547,Thomas Hodson,Tom Hodson,QB,1967-01-28,1990,3,59
HOF083058,Paul Hofer,Paul Hofer,RB,1952-05-13,,,
00-0028237,Christopher Hogan,Chris Hogan,WR,1987-10-24,,,
00-0032784,Kevin Hogan,Kevin Hogan,QB,1992-10-20,2016,5,162
00-0033604,Krishawn Hogan,Krishawn Hogan,WR,1995-05-12,,,
HOG035326,Michael Hogan,Mike Hogan,RB,1954-11-01,,,
HOG484505,Gary Hogeboom,Gary Hogeboom,QB,1958-08-21,1980,5,133
HOH207645,Michael Hohensee,Mike Hohensee,QB,1961-02-22,,,
00-0035807,Josh Hokit,Josh Hokit,RB,1997-11-12,,,
00-0039299,George Holani,George Holani,RB,1999-12-16,,,
00-0007576,Bryan Holcomb,Kelly Holcomb,QB,1973-07-09,,,
HOL024792,James Hold,Mike Hold,QB,1963-03-16,,,
HOL049584,Steven Holden,Steve Holden,WR,1951-08-02,,,
00-0040048,Traeshon Holden,Traeshon Holden,WR,2001-09-12,,,
00-0023222,Carlyle Holiday,Carlyle Holiday,WR,1981-10-04,,,
00-0040120,Jimmy Holiday,Jimmy Holiday,WR,2001-12-16,,,
HOL099168,Johnathan Holifield,John Holifield,RB,1964-07-14,1987,12,328
00-0039613,Dallin Holker,Dallin Holker,TE,2000-04-07,,,
00-0007591,Jamie Holland,Jamie Holland,WR,1964-02-01,1987,7,173
HOL136356,John Holland,John Holland,WR,1952-02-28,,,
00-0025641,Jonathan Holland,Jonathan Holland,WR,1985-06-18,2007,7,254
00-0007601,Donald Hollas,Donald Hollas,QB,1967-11-22,1991,4,99
00-0024560,Sam Hollenbach,Sam Hollenbach,QB,1983-09-09,,,
00-0031252,Caleb Holley,Caleb Holley,WR,1990-12-26,,,
00-0024609,Jesse Holley,Jesse Holley,WR,1984-01-08,,,
00-0007608,Corey Holliday,Corey Holliday,WR,1971-01-31,,,
00-0007609,Marcus Holliday,Marcus Holliday,RB,1973-07-16,,,
00-0027606,Trindon Holliday,Trindon Holliday,WR,1986-04-27,2010,6,197
00-0022116,Tony Hollings,Tony Hollings,RB,1981-12-01,,,
00-0035104,Alexander Hollins,Alexander Hollins,WR,1996-11-24,,,
00-0033555,Mackenzie Hollins,Mack Hollins,WR,1993-09-16,2017,4,118
00-0033386,Cody Hollister,Cody Hollister,WR,1993-11-18,,,
00-0033387,Evan Hollister,Jacob Hollister,TE,1993-11-18,,,
HOL347088,Derek Holloway,Derek Holloway,WR,1961-01-17,,,
00-0020373,Jabari Holloway,Jabari Holloway,TE,1978-12-18,2001,4,119
HOL409068,Steven Holloway,Steve Holloway,TE,1964-08-23,,,
HOL421464,Robert Holly,Bob Holly,QB,1960-06-01,1982,11,291
00-0007637,Rodney Holman,Rodney Holman,TE,1960-04-20,1982,3,82
HOL458652,Scott Holman,Scott Holman,WR,1962-09-27,,,
HOL471048,Walter Holman,Walter Holman,RB,1959-04-06,,,
00-0028263,Andre Holmes,Andre Holmes,WR,1988-06-16,,,
00-0007647,Darick Holmes,Darick Holmes,RB,1971-07-01,1995,7,244
HOL533028,Donald Holmes,Don Holmes,WR,1961-04-01,1984,12,318
00-0031884,Gabrison Holmes,Gabe Holmes,TE,1991-03-29,,,
HOL582612,John Holmes,Jack Holmes,RB,1953-06-20,,,
00-0023163,Michael Holmes,Alex Holmes,TE,1981-08-22,,,
00-0007661,Priest Holmes,Priest Holmes,RB,1973-10-07,,,
HOL632196,Robert Holmes,Robert Holmes,RB,1945-10-05,,,
00-0024240,Santonio Holmes,Santonio Holmes,WR,1984-03-03,2006,1,25
00-0035725,Valentine Holmes,Valentine Holmes,RB,1995-06-24,,,
00-0007666,Peter Holohan,Pete Holohan,TE,1959-07-25,1981,7,189
HOL706572,Michael Holston,Mike Holston,WR,1958-01-08,1981,3,79
00-0024174,Glenn Holt,Glenn Holt,WR,1984-07-31,,,
HOL718968,Harry Holt,Harry Holt,TE,1957-12-29,,,
HOL768552,Robert Holt,Robert Holt,WR,1959-10-04,1981,6,161
00-0007681,Torry Holt,Torry Holt,WR,1976-06-05,1999,1,6
00-0032935,Johnny Holton,Johnny Holton,WR,1991-08-22,,,
00-0032986,John Holtz,J.P. Holtz,TE,1993-08-28,,,
00-0035442,Elijah Holyfield,Elijah Holyfield,RB,1997-11-30,,,
00-0035594,Travis Homer,Travis Homer,RB,1998-08-07,2019,6,204
HON553722,Todd Hons,Todd Hons,QB,1961-09-05,,,
00-0033975,Elijah Hood,Elijah Hood,RB,1996-04-22,2017,7,242
00-0019099,Kerry Hood,Kerry Hood,WR,1976-12-16,,,
00-0038550,Alan Hooker,Hendon Hooker,QB,1998-01-13,2023,3,68
HOO296635,Fair Hooker,Fair Hooker,WR,1947-05-22,,,
HOO355962,Alvin Hooks,Alvin Hooks,WR,1957-05-07,,,
HOO415289,James Hooks,Jim Hooks,RB,1950-10-23,,,
HOO474616,Roland Hooks,Roland Hooks,RB,1953-01-02,,,
00-0027732,Michael Hoomanawanui,Michael Hoomanawanui,TE,1988-07-04,2010,5,132
00-0032392,Austin Hooper,Austin Hooper,TE,1994-10-29,2016,3,81
HOO771251,Melvin Hoover,Melvin Hoover,WR,1959-09-21,1981,6,145
00-0036424,Brycen Hopkins,Brycen Hopkins,TE,1997-03-27,2020,4,136
00-0028751,Christian Hopkins,Chris Hopkins,TE,1985-02-26,,,
00-0030564,DeAndre Hopkins,DeAndre Hopkins,WR,1992-06-06,2013,1,27
00-0021424,Christopher Horn,Chris Horn,WR,1977-07-13,,,
HOR118652,Donald Horn,Don Horn,QB,1945-03-09,,,
00-0040218,Jimmy Horn,Jimmy Horn,WR,2002-09-12,2025,6,208
00-0007744,Joseph Horn,Joe Horn,WR,1972-01-16,1996,5,135
HOR148315,Martin Horn,Marty Horn,QB,1963-03-27,,,
00-0007749,Antonio Horne,Tony Horne,WR,1976-03-21,,,
00-0027308,Jeremy Horne,Jeremy Horne,WR,1986-10-25,,,
00-0020176,Albert Horsey,Albert Horsey,WR,1979-01-02,,,
00-0035562,Jesper Horsted,Jesper Horsted,TE,1997-02-27,,,
00-0041229,E.J. Horton,E.J. Horton,WR,2000-08-31,,,
00-0007753,Ethan Horton,Ethan Horton,TE,1962-12-19,1985,1,15
00-0040648,Tory Horton,Tory Horton,WR,2002-11-29,2025,5,166
00-0040387,Zach Horton,Zach Horton,TE,2002-12-02,,,
00-0037331,Alexander Horvath,Zander Horvath,RB,1998-12-10,2022,7,260
00-0022637,Aaron Hosack,Aaron Hosack,WR,1981-11-28,,,
00-0030865,Harold Hoskins,Gator Hoskins,TE,1991-12-19,,,
00-0007765,William Hostetler,Jeff Hostetler,QB,1961-04-22,1984,3,59
HOU259555,Kevin House,Kevin House,WR,1957-12-20,1980,2,49
00-0020438,Touraj Houshmandzadeh,T.J. Houshmandzadeh,WR,1977-09-26,2001,7,204
00-0028007,Robert Housler,Rob Housler,TE,1988-03-17,2011,3,69
00-0023615,Cedric Houston,Cedric Houston,RB,1982-06-28,2005,6,182
00-0037570,Dennis Houston,Dennis Houston,WR,1999-04-24,,,
00-0030685,Stephen Houston,Stephen Houston,RB,1991-10-28,,,
HOU778665,William Houston,Bill Houston,WR,1951-08-22,,,
HOW062292,Bobby Howard,Bobby Howard,RB,1964-06-01,1986,12,325
00-0007795,Christopher Howard,Chris Howard,RB,1975-05-02,1998,5,153
00-0007798,Desmond Howard,Desmond Howard,WR,1970-05-15,1992,1,4
00-0033261,Johnathan Howard,Bug Howard,WR,1994-11-28,,,
00-0032780,Jordan Howard,Jordan Howard,RB,1994-11-02,2016,5,150
00-0033879,O'Terrius Howard,O.J. Howard,TE,1994-11-18,2017,1,19
HOW332224,Percy Howard,Percy Howard,WR,1952-01-21,,,
HOW394516,Ronald Howard,Ron Howard,TE,1951-03-03,,,
00-0040203,Will Howard,Will Howard,QB,2001-09-24,2025,6,185
HOW477572,William Howard,William Howard,RB,1964-06-02,1988,5,113
00-0034449,Gregory Howell,Buddy Howell,RB,1996-03-27,,,
00-0037077,Sam Howell,Sam Howell,QB,2000-09-16,2022,5,144
00-0037631,J.J. Howland,J.J. Howland,TE,1997-10-15,,,
00-0022032,Keenan Howry,Keenan Howry,WR,1981-06-17,2003,7,221
00-0026625,Brian Hoyer,Brian Hoyer,QB,1985-10-13,,,
00-0007832,Robert Hoying,Bobby Hoying,QB,1972-09-20,1996,3,85
00-0007834,Brock Huard,Brock Huard,QB,1976-04-15,1999,3,77
00-0007835,Damon Huard,Damon Huard,QB,1973-07-09,,,
00-0036555,Chuba Hubbard,Chuba Hubbard,RB,1999-06-11,2021,4,126
HUB276861,Marvin Hubbard,Marv Hubbard,RB,1946-05-07,,,
00-0026331,Paul Hubbard,Paul Hubbard,WR,1985-06-12,2008,6,191
00-0032815,Christopher Hubert,Chris Hubert,WR,1993-05-08,,,
HUC415291,Harlan Huckleby,Harlan Huckleby,RB,1957-12-30,,,
HUD237805,Benjamin Hudson,Doug Hudson,QB,1964-09-11,1987,7,186
HUD259555,Craig Hudson,Craig Hudson,TE,1967-05-01,,,
HUD363377,Gordon Hudson,Gordon Hudson,TE,1962-06-22,,,
00-0040934,Jordan Hudson,Jordan Hudson,WR,2003-11-22,,,
00-0041407,Kyron Hudson,Kyron Hudson,WR,2002-05-16,,,
HUD674843,Robert Hudson,Bob Hudson,RB,1948-03-21,,,
00-0034613,Tanner Hudson,Tanner Hudson,TE,1994-11-12,,,
00-0036173,Tommy Hudson,Tommy Hudson,TE,1997-02-22,,,
00-0033195,Jacob Huesman,Jacob Huesman,RB,1993-02-27,,,
HUF155733,Gary Huff,Gary Huff,QB,1951-04-27,,,
00-0030990,Joshua Huff,Josh Huff,WR,1991-10-14,2014,3,86
00-0007873,Darvell Huffman,Darvell Huffman,WR,1967-05-05,1990,9,232
HUF778665,John Hufnagel,John Hufnagel,QB,1951-09-13,,,
HUG075506,Keith Hugger,Keith Hugger,WR,1961-05-18,,,
00-0024132,Felton Huggins,Felton Huggins,WR,1983-02-15,,,
00-0018976,Johnny Huggins,J.J. Huggins,TE,1976-03-29,,,
00-0026819,Kareem Huggins,Kareem Huggins,RB,1986-05-24,,,
HUG264271,David Hughes,David Hughes,RB,1959-06-01,1981,2,31
00-0026100,Nate Hughes,Nate Hughes,WR,1985-01-18,,,
00-0007883,Robert Hughes,Danan Hughes,WR,1970-12-11,1993,7,186
00-0028345,Robert Hughes,Robert Hughes,RB,1989-06-21,,,
00-0038397,Evan Hull,Evan Hull,RB,2000-10-26,2023,5,176
HUL207644,Michael Hull,Mike Hull,RB,1945-01-02,,,
00-0041577,Connor Hulstein,Connor Hulstein,TE,2002-02-04,,,
00-0024454,Cedric Humes,Cedric Humes,RB,1983-08-07,,,
HUM166116,David Humm,David Humm,QB,1952-04-02,,,
00-0007909,Bobby Humphrey,Bobby Humphrey,RB,1966-10-11,,,
00-0035406,Lil'Jordan Humphrey,Lil'Jordan Humphrey,WR,1998-04-19,,,
00-0007915,Ronald Humphrey,Ronald Humphrey,RB,1969-03-03,1992,8,212
00-0023210,Tory Humphrey,Tory Humphrey,TE,1983-01-20,,,
00-0032009,Adam Humphries,Adam Humphries,WR,1993-06-24,,,
00-0007921,William Humphries,Stan Humphries,QB,1965-04-14,1988,6,159
00-0031589,Brett Hundley,Brett Hundley,QB,1993-06-15,2015,5,147
00-0007924,James Hundon,James Hundon,WR,1971-04-09,,,
00-0031743,Akeem Hunt,Akeem Hunt,RB,1993-02-22,,,
00-0025477,Antonio Hunt,Tony Hunt,RB,1985-11-24,2007,3,90
00-0033923,Kareem Hunt,Kareem Hunt,RB,1995-08-06,2017,3,86
HUN384902,Robert Hunt,Bob Hunt,RB,1951-09-03,,,
HUN445676,Alfonse Hunter,Al Hunter,RB,1955-02-21,,,
HUN465934,Anthony Hunter,Tony Hunter,RB,1963-02-24,,,
00-0007941,Brice Hunter,Brice Hunter,WR,1974-04-21,1996,7,251
00-0020865,Dameon Hunter,Dameon Hunter,RB,1979-02-18,,,
HUN536837,Earnest Hunter,Earnest Hunter,RB,1970-12-21,,,
HUN546966,Edward Hunter,Eddie Hunter,RB,1965-01-20,1987,8,196
HUN587482,Herman Hunter,Herman Hunter,RB,1961-02-14,1985,11,289
00-0007948,Ivy Hunter,Ivy Joe Hunter,RB,1966-11-16,1989,7,182
HUN668514,James Hunter,Scott Hunter,QB,1947-11-11,,,
00-0040692,Jarquez Hunter,Jarquez Hunter,RB,2002-12-29,2025,4,117
00-0021313,Javin Hunter,Javin Hunter,WR,1980-05-09,2002,6,206
00-0030521,Justin Hunter,Justin Hunter,WR,1991-05-20,2013,2,34
00-0028053,Kendall Hunter,Kendall Hunter,RB,1988-09-16,2011,4,115
HUN810320,Stanford Hunter,Stan Hunter,WR,1963-11-29,,,
HUN812853,Tony Hunter,Tony Hunter,TE,1960-05-22,1983,1,12
00-0036829,Caleb Huntley,Caleb Huntley,RB,1998-09-15,,,
00-0036278,Jason Huntley,Jason Huntley,RB,1998-04-20,2020,5,172
00-0007968,Kevin Huntley,Kevin Huntley,WR,1976-07-31,,,
00-0007969,Richard Huntley,Richard Huntley,RB,1972-09-18,1996,4,117
00-0035993,Tyler Huntley,Tyler Huntley,QB,1998-02-03,,,
00-0034971,Jalen Hurd,Jalen Hurd,WR,1996-01-23,2019,3,67
00-0023953,Samuel Hurd,Sam Hurd,WR,1985-04-24,,,
00-0040618,Max Hurleman,Max Hurleman,RB,2001-10-19,,,
00-0030821,Allen Hurns,Allen Hurns,WR,1991-11-12,,,
00-0034830,Hayden Hurst,Hayden Hurst,TE,1993-08-24,2018,1,25
00-0036104,John Hurst,John Hurst,WR,1996-11-02,,,
00-0041048,Ted Hurst,Ted Hurst,WR,2004-07-02,2026,3,84
00-0036389,Jalen Hurts,Jalen Hurts,QB,1998-08-07,2020,2,53
00-0019622,Todd Husak,Todd Husak,QB,1978-07-06,2000,6,202
00-0020562,Chad Hutchinson,Chad Hutchinson,QB,1977-02-21,,,
00-0038618,Xavier Hutchinson,Xavier Hutchinson,WR,2000-06-01,2023,6,205
HUT332232,Anthony Hutchison,Anthony Hutchison,RB,1961-02-04,1983,10,256
00-0038938,Jalin Hyatt,Jalin Hyatt,WR,2001-09-25,2023,3,73
00-0021592,Nate Hybl,Nate Hybl,QB,1980-05-01,,,
00-0031045,Carlos Hyde,Carlos Hyde,RB,1990-09-20,2014,2,57
00-0034922,Ishmael Hyman,Ishmael Hyman,WR,1995-08-23,,,
00-0020984,Randy Hymes,Randy Hymes,WR,1979-08-07,,,
HYN553722,Henry Hynoski,Henry Hynoski,RB,1953-05-30,,,
00-0038656,Mohamed Ibrahim,Mohamed Ibrahim,RB,1999-09-08,,,
00-0026904,Juaquin Iglesias,Juaquin Iglesias,WR,1987-08-22,2009,3,99
00-0034614,Godwin Igwebuike,Godwin Igwebuike,RB,1994-09-10,,,
00-0029440,Uchechukwu Igwenagu,Emil Igwenagu,TE,1989-03-27,,,
00-0036496,Josh Imatorbhebhe,Josh Imatorbhebhe,WR,1998-04-12,,,
00-0008017,Rene Ingoglia,Rene Ingoglia,RB,1972-05-23,,,
00-0026917,Cornelius Ingram,Cornelius Ingram,TE,1985-06-10,2009,5,153
00-0008020,Darryl Ingram,Darryl Ingram,TE,1966-05-02,1989,4,108
00-0037299,Keaontay Ingram,Keaontay Ingram,RB,1999-10-26,2022,6,201
ING581406,Kevin Ingram,Kevin Ingram,QB,1962-04-26,,,
00-0008024,Mark Ingram,Mark Ingram,WR,1965-08-23,1987,1,28
00-0027966,Mark Ingram,Mark Ingram,RB,1989-12-21,2011,1,28
ING700275,Kendrick Ings,Kendrick Ings,WR,1990-06-17,,,
00-0028411,Dontrelle Inman,Dontrelle Inman,WR,1989-01-31,,,
00-0008030,Doudow Innocent,Dou Innocent,RB,1972-07-09,,,
00-0019054,Trevor Insley,Trevor Insley,WR,1977-12-25,,,
INV415291,Glenn Inverso,Glenn Inverso,QB,1958-06-24,,,
00-0038619,Andrei Iosivas,Andrei Iosivas,WR,1999-10-15,2023,6,206
00-0025436,Kenny Irons,Kenny Irons,RB,1983-09-15,,,
00-0023248,Paul Irons,Paul Irons,TE,1983-12-23,,,
00-0008044,Michael Irvin,Michael Irvin,WR,1966-03-05,1988,1,11
00-0008046,Sedrick Irvin,Sedrick Irvin,RB,1978-03-30,1999,4,103
00-0039361,Mar'Keise Irving,Bucky Irving,RB,2002-08-19,2024,4,125
00-0035341,Trenton Irwin,Trenton Irwin,WR,1995-12-10,,,
00-0035527,Andy Isabella,Andy Isabella,WR,1996-11-18,2019,2,62
00-0034087,Steven Ishmael,Steve Ishmael,WR,1995-07-18,,,
ISL177981,Carlin Isles,Carlin Isles,RB,1989-11-21,,,
00-0039843,Qadir Ismail,Qadir Ismail,TE,2000-02-17,,,
00-0008059,Qadry Ismail,Qadry Ismail,WR,1970-11-08,1993,2,52
00-0008060,Raghib Ismail,Raghib Ismail,WR,1969-11-18,,,
00-0020073,Jasen Isom,Jasen Isom,RB,1977-01-07,,,
ISO553722,Rickey Isom,Rickey Isom,RB,1963-11-30,1986,12,329
IVE553722,Eddie Ivery,Eddie Lee Ivery,RB,1957-07-30,,,
00-0035074,Thomas Ives,Thomas Ives,WR,1996-06-25,,,
00-0008071,John Ivlow,John Ivlow,RB,1970-01-26,,,
00-0027531,Christopher Ivory,Chris Ivory,RB,1988-03-22,,,
IVO276861,Horace Ivory,Horace Ivory,RB,1954-08-08,,,
IWA415291,Mark Iwanowski,Mark Iwanowski,TE,1955-09-08,,,
00-0034439,Ryan Izzo,Ryan Izzo,TE,1995-12-21,2018,7,250
JAC018056,Alfred Jackson,Alfred Jackson,WR,1955-08-03,,,
JAC036112,Andrew Jackson,Andrew Jackson,RB,1964-05-06,,,
00-0020018,Arnold Jackson,Arnold Jackson,WR,1977-04-09,,,
JAC048751,Billy Jackson,Billy Jackson,RB,1959-09-13,1981,7,180
00-0034864,Blake Jackson,Blake Jackson,WR,1994-03-07,,,
00-0025450,Brandon Jackson,Brandon Jackson,RB,1985-10-02,2007,2,63
00-0037221,Calvin Jackson,Calvin Jackson,WR,1997-05-07,,,
00-0008101,Cedric Jackson,Cedric Jackson,RB,1968-01-13,1991,8,205
00-0024251,Chad Jackson,Chad Jackson,WR,1985-03-06,2006,2,36
00-0008109,Christopher Jackson,Chris Jackson,WR,1975-02-26,,,
JAC090280,Clarence Jackson,Jazz Jackson,RB,1952-03-05,,,
JAC099308,Cleveland Jackson,Cleveland Jackson,TE,1956-10-01,,,
00-0040445,Courtney Jackson,Courtney Jackson,WR,2001-03-13,,,
00-0019255,Curtis Jackson,Curtis Jackson,WR,1973-09-22,,,
00-0033049,Darius Jackson,Darius Jackson,RB,1993-12-01,2016,6,216
00-0019663,Darrell Jackson,Darrell Jackson,WR,1978-12-06,2000,3,80
JAC126392,David Jackson,David Jackson,WR,1965-01-02,,,
00-0026189,DeSean Jackson,DeSean Jackson,WR,1986-12-01,2008,2,49
00-0036493,Deon Jackson,Deon Jackson,RB,1999-02-18,,,
00-0026198,Dexter Jackson,Dexter Jackson,WR,1986-08-05,2008,2,58
00-0032636,Don Jackson,Don Jackson,RB,1993-09-07,,,
00-0038181,Dontavian Jackson,Lucky Jackson,WR,1997-07-17,,,
JAC157295,Earnest Jackson,Earnest Jackson,RB,1959-12-18,1983,8,202
00-0008132,Elliot Jackson,Jack Jackson,WR,1972-11-11,1995,4,116
00-0024204,Fredrick Jackson,Fred Jackson,RB,1981-02-20,,,
00-0020780,Frisman Jackson,Frisman Jackson,WR,1979-06-12,,,
JAC198616,Harold Jackson,Harold Jackson,WR,1946-01-06,,,
00-0040332,Ja'Quinden Jackson,Ja'Quinden Jackson,RB,2001-09-12,,,
00-0039722,JaQuae Jackson,JaQuae Jackson,WR,2000-01-30,,,
00-0039554,Jalen Jackson,Jalen Jackson,RB,2000-06-26,,,
00-0020430,James Jackson,James Jackson,RB,1976-08-04,2001,3,65
00-0019682,Jarious Jackson,Jarious Jackson,QB,1977-05-03,2000,7,214
00-0039614,Jermaine Jackson,Jermaine Jackson,WR,2000-06-02,,,
00-0029511,Jerrell Jackson,Jerrell Jackson,WR,1990-02-06,,,
00-0039392,Jha'Quan Jackson,Jha'Quan Jackson,WR,2000-05-15,2024,6,182
00-0008141,John Jackson,John Jackson,WR,1967-01-02,,,
00-0039760,John Jackson,John Jackson,WR,1999-08-23,,,
00-0034440,Justin Jackson,Justin Jackson,RB,1996-04-22,2018,7,251
00-0038969,Kearis Jackson,Kearis Jackson,WR,1999-12-09,,,
00-0008146,Keith Jackson,Keith Jackson,TE,1965-04-19,1988,1,13
JAC293424,Kenneth Jackson,Kenny Jackson,WR,1962-02-15,1984,1,4
00-0034796,Lamar Jackson,Lamar Jackson,QB,1997-01-07,2018,1,32
00-0008156,Lenzie Jackson,Lenzie Jackson,WR,1977-06-17,,,
JAC370148,Louis Jackson,Louis Jackson,RB,1958-01-27,1981,7,168
00-0028853,Marcus Jackson,Marcus Jackson,WR,1989-05-20,,,
00-0008163,Mark Jackson,Mark Jackson,WR,1963-07-23,1986,6,161
00-0019153,Marlion Jackson,Marlion Jackson,RB,1977-10-11,,,
00-0008166,Michael Jackson,Michael Jackson,WR,1969-04-12,1991,6,141
00-0020617,Nathan Jackson,Nate Jackson,TE,1979-06-04,,,
JAC460428,Randy Jackson,Randy Jackson,RB,1948-11-13,,,
00-0027401,Rashawn Jackson,Rashawn Jackson,RB,1987-01-15,,,
00-0021423,Ray Jackson,Ray Jackson,RB,1978-08-01,,,
00-0008188,Sean Jackson,Sean Jackson,RB,1971-02-06,,,
00-0038891,Shedrick Jackson,Shedrick Jackson,WR,1999-10-20,,,
00-0008190,Sheldon Jackson,Sheldon Jackson,TE,1976-07-24,1999,7,230
00-0022736,Steven Jackson,Steven Jackson,RB,1983-07-22,2004,1,24
00-0023852,Steven Jackson,Steven Jackson,RB,1984-05-11,,,
00-0024279,Tarvaris Jackson,Tarvaris Jackson,QB,1983-04-21,2006,2,64
00-0008196,Terrance Jackson,Terry Jackson,RB,1976-01-10,1999,5,157
00-0023628,Tony Jackson,Tony Jackson,RB,1982-07-05,,,
00-0035934,Trishton Jackson,Trishton Jackson,WR,1998-03-09,,,
00-0035356,Tyree Jackson,Tyree Jackson,TE,1997-11-07,,,
00-0008203,Vershan Jackson,Vershan Jackson,RB,1975-02-27,,,
00-0023496,Vincent Jackson,Vincent Jackson,WR,1983-01-14,2005,2,61
JAC631960,Vincent Jackson,Bo Jackson,RB,1962-11-30,1987,7,183
00-0036721,Warren Jackson,Warren Jackson,WR,1999-06-16,,,
JAC640988,Wilbur Jackson,Wilbur Jackson,RB,1951-11-19,,,
00-0008210,Willie Jackson,Willie Jackson,WR,1971-08-16,1994,4,109
00-0023545,Brandon Jacobs,Brandon Jacobs,RB,1982-07-06,2005,4,110
00-0030034,Chuck Jacobs,Chuck Jacobs,WR,1990-05-11,,,
00-0035700,Joshua Jacobs,Josh Jacobs,RB,1998-02-11,2019,1,24
00-0030806,Nicholas Jacobs,Nic Jacobs,TE,1991-10-13,,,
00-0024378,Omar Jacobs,Omar Jacobs,QB,1984-03-03,,,
00-0022124,Taylor Jacobs,Taylor Jacobs,WR,1981-05-30,2003,2,44
00-0037022,Michael Jacobson,Michael Jacobson,TE,1997-04-04,,,
00-0008224,Mitchel Jacoby,Mitch Jacoby,TE,1973-12-08,,,
00-0008229,Nathaniel Jacquet,Nate Jacquet,WR,1975-09-02,1997,5,150
JAM099669,Arrike James,Arrike James,RB,1964-12-31,,,
00-0027470,Brandon James,Brandon James,WR,1987-12-21,,,
00-0020484,Cedric James,Cedric James,WR,1979-03-19,2001,4,131
00-0024727,Drisan James,Drisan James,WR,1985-01-01,,,
00-0008241,Edgerrin James,Edgerrin James,RB,1978-08-01,1999,1,4
JAM199338,Garry James,Garry James,RB,1963-09-04,1986,2,29
00-0027467,Javarris James,Javarris James,RB,1987-09-18,,,
00-0032135,Jesse James,Jesse James,TE,1994-06-04,2015,5,160
JAM232561,Jesse James,Craig James,RB,1961-01-02,1983,7,187
00-0040177,Jordan James,Jordan James,RB,2004-03-29,2025,5,147
00-0029260,LaMichael James,LaMichael James,RB,1989-10-22,2012,2,61
JAM332230,Lionel James,Lionel James,RB,1962-05-25,1984,5,118
00-0008254,Lynn James,Lynn James,WR,1965-01-25,1990,5,122
00-0030391,Michael James,Mike James,RB,1991-04-13,2013,6,189
00-0034286,Richard James,Richie James,WR,1995-09-05,2018,7,240
JAM564791,Ronald James,Po James,RB,1949-03-19,,,
00-0030415,Jawan Jamison,Jawan Jamison,RB,1991-11-23,2013,7,228
00-0008270,Ronald Janes,Ron Janes,RB,1975-02-14,,,
00-0031001,Jeffrey Janis,Jeff Janis,WR,1991-06-24,2014,7,236
JAN439601,Jaxon Janke,Jaxon Janke,WR,1999-11-10,,,
00-0025432,Dwayne Jarrett,Dwayne Jarrett,WR,1986-09-11,2007,2,45
00-0038821,Rakim Jarrett,Rakim Jarrett,WR,2001-01-24,,,
JAR622932,Leon Jarvis,Ray Jarvis,WR,1949-02-02,,,
00-0033658,Blake Jarwin,Blake Jarwin,TE,1994-07-16,,,
JAW553722,Ronald Jaworski,Ron Jaworski,QB,1951-03-23,,,
JAY276861,Craig Jay,Craig Jay,TE,1963-02-05,,,
JAY553722,David Jaynes,David Jaynes,QB,1952-12-12,,,
00-0028542,Lestar Jean,Lestar Jean,WR,1988-02-05,,,
JEA415291,Garland Jean-Batiste,Garland Jean-Batiste,RB,1965-04-02,,,
00-0035443,Damion Jeanpiere,Damion Jeanpiere,WR,1996-12-08,,,
00-0040122,Ashton Jeanty,Ashton Jeanty,RB,2003-12-02,2025,1,6
00-0008300,Patrick Jeffers,Patrick Jeffers,WR,1973-02-02,1996,5,159
00-0036670,Jermar Jefferson,Jermar Jefferson,RB,2000-04-15,2021,7,257
JEF259555,John Jefferson,John Jefferson,WR,1956-02-03,,,
00-0036322,Justin Jefferson,Justin Jefferson,WR,1999-06-16,2020,1,22
00-0030291,Lequan Jefferson,D.C. Jefferson,TE,1989-05-07,2013,7,219
00-0025706,Mike Jefferson,Mike Jefferson,WR,1982-12-28,,,
JEF363377,Roy Jefferson,Roy Jefferson,WR,1943-11-09,,,
00-0008313,Vanchi Jefferson,Shawn Jefferson,WR,1969-02-22,1991,9,240
00-0036415,Vanchii Jefferson,Van Jefferson,WR,1996-07-26,2020,2,57
00-0029137,Alshon Jeffery,Alshon Jeffery,WR,1990-02-14,2012,2,45
JEF519110,Tony Jeffery,Tony Jeffery,RB,1964-07-08,1988,2,38
00-0008319,Haywood Jeffires,Haywood Jeffires,WR,1964-12-12,1987,1,20
JEF622932,James Jeffrey,Neal Jeffrey,QB,1953-07-23,,,
JEF674843,Curtis Jeffries,Curtis Jeffries,TE,1964-10-26,,,
00-0008329,Dietrich Jells,Dietrich Jells,WR,1972-04-11,1996,6,176
00-0029654,Alfred Jenkins,A.J. Jenkins,WR,1989-09-08,2012,1,30
JEN129775,Alfred Jenkins,Alfred Jenkins,WR,1952-01-25,,,
00-0026414,Darnell Jenkins,Darnell Jenkins,WR,1982-12-31,,,
00-0038498,E.J. Jenkins,E.J. Jenkins,TE,1998-11-03,,,
JEN181685,Eddie Jenkins,Ed Jenkins,RB,1950-08-31,,,
00-0030370,Gregory Jenkins,Greg Jenkins,WR,1989-08-23,,,
00-0008346,James Jenkins,James Jenkins,TE,1967-08-17,,,
00-0038671,Jaray Jenkins,Jaray Jenkins,WR,2000-01-04,,,
00-0022296,Justin Jenkins,Justin Jenkins,WR,1980-12-10,,,
JEN311460,Kenneth Jenkins,Ken Jenkins,RB,1959-05-08,,,
JEN337415,Keyvan Jenkins,Keyvan Jenkins,RB,1961-01-06,,,
00-0008357,MarTay Jenkins,MarTay Jenkins,WR,1975-02-28,1999,6,193
00-0008360,Michael Jenkins,Mike Jenkins,WR,1974-08-25,,,
00-0022781,Michael Jenkins,Michael Jenkins,WR,1982-06-18,2004,1,29
00-0019025,Ronney Jenkins,Ronney Jenkins,RB,1977-05-25,,,
00-0024398,Adam Jennings,Adam Jennings,WR,1982-11-17,2006,6,184
00-0036259,Bennie Jennings,Jauan Jennings,WR,1997-07-10,2020,7,217
00-0008370,Bryan Jennings,Bryan Jennings,TE,1975-01-22,,,
00-0027167,Chris Jennings,Chris Jennings,RB,1985-12-12,,,
00-0031972,Darius Jennings,Darius Jennings,WR,1992-06-28,,,
00-0035589,Gary Jennings,Gary Jennings,WR,1997-03-07,2019,4,120
00-0024267,Gregory Jennings,Greg Jennings,WR,1983-09-21,2006,2,52
00-0008376,Keith Jennings,Keith Jennings,TE,1966-05-19,1989,5,113
00-0021129,Michael Jennings,Mike Jennings,WR,1979-09-07,,,
00-0027155,Rashad Jennings,Rashad Jennings,RB,1985-03-26,2009,7,250
JEN596965,Richard Jennings,Rick Jennings,RB,1953-04-17,,,
00-0008377,Stanford Jennings,Stanford Jennings,RB,1962-03-12,1984,3,65
00-0039757,Terrell Jennings,Terrell Jennings,RB,2001-01-03,,,
JEN648875,Derrick Jensen,Derrick Jensen,RB,1956-04-27,,,
00-0022748,Erik Jensen,Erik Jensen,TE,1980-10-11,,,
00-0008385,James Jensen,Jim Jensen,WR,1958-11-14,1981,11,291
JEN726740,James Jensen,Jim Jensen,RB,1953-11-28,,,
00-0030822,Marcel Jensen,Marcel Jensen,TE,1990-02-12,,,
JEN778650,Russell Jensen,Russ Jensen,QB,1961-07-13,,,
00-0028021,Jerrel Jernigan,Jerrel Jernigan,WR,1989-06-14,2011,3,83
00-0008391,Travis Jervey,Travis Jervey,RB,1972-05-05,1995,5,170
00-0008393,Brandon Jessie,Brandon Jessie,TE,1974-05-20,,,
JES332232,Ronald Jessie,Ron Jessie,WR,1948-02-04,,,
JES498348,Timothy Jessie,Tim Jessie,RB,1963-03-01,1987,11,305
00-0008400,James Jett,James Jett,WR,1970-12-28,,,
00-0036407,Jerry Jeudy,Jerry Jeudy,WR,1999-04-24,2020,1,15
00-0039505,John Jiles,John Jiles,WR,2000-07-08,,,
JOA415291,William Joachim,Steve Joachim,QB,1952-03-27,,,
JOD415291,James Jodat,Jim Jodat,RB,1954-03-03,,,
00-0023746,Branden Joe,Branden Joe,RB,1981-10-12,,,
00-0035991,Rysen John,Rysen John,TE,1997-12-20,,,
JOH009714,Freeman Johns,Freeman Johns,WR,1953-12-20,,,
JOH019428,Paul Johns,Paul Johns,WR,1958-11-14,,,
00-0022368,Adam Johnson,Adam Johnson,TE,1979-11-11,,,
00-0019745,Albert Johnson,Albert Johnson,WR,1977-11-11,,,
00-0021260,Albert Johnson,Kyle Johnson,RB,1978-12-15,2002,5,145
JOH038856,Albert Johnson,Al Johnson,RB,1950-06-17,,,
00-0008422,Alex Johnson,Alex Johnson,WR,1968-08-18,1991,12,325
00-0008425,Alonzo Johnson,Alonzo Johnson,WR,1973-04-18,,,
00-0040039,Amar Johnson,Amar Johnson,RB,2003-01-31,,,
JOH053427,Anderson Johnson,Andy Johnson,RB,1952-10-18,,,
00-0022044,Andre Johnson,Andre Johnson,WR,1981-07-11,2003,1,3
00-0008430,Anthony Johnson,Anthony Johnson,RB,1967-10-25,1990,2,36
00-0035474,Anthony Johnson,Anthony Johnson,WR,1995-01-29,,,
JOH065569,Barry Johnson,Barry Johnson,WR,1968-02-01,,,
00-0021993,Bethel Johnson,Bethel Johnson,WR,1979-02-11,2003,2,45
00-0033496,Bill Johnson,B.J. Johnson,WR,1993-02-22,,,
JOH077712,Bobby Johnson,Bobby Johnson,WR,1961-12-14,,,
00-0022614,Brandon Johnson,B.J. Johnson,WR,1982-08-04,,,
00-0037382,Brandon Johnson,Brandon Johnson,WR,1998-07-26,,,
00-0022156,Bryant Johnson,Bryant Johnson,WR,1981-03-07,2003,1,17
00-0036810,Cade Johnson,Cade Johnson,WR,1998-04-10,,,
00-0025389,Calvin Johnson,Calvin Johnson,WR,1985-09-29,2007,1,2
00-0039525,Cam Johnson,Cam Johnson,WR,1999-04-12,,,
00-0038805,Cephus Johnson,Cephus Johnson,WR,1999-09-21,,,
00-0020397,Chad Johnson,Chad Johnson,WR,1978-01-09,2001,2,36
00-0008454,Charles Johnson,Charles Johnson,WR,1972-01-03,1994,1,17
00-0030113,Charles Johnson,Charles D. Johnson,WR,1989-02-27,2013,7,216
JOH121425,Charles Johnson,Charley Johnson,QB,1938-11-22,,,
00-0026164,Christopher Johnson,Chris Johnson,RB,1985-09-23,2008,1,24
00-0036254,Collin Johnson,Collin Johnson,WR,1997-09-23,2020,5,165
00-0039437,Cornelius Johnson,Cornelius Johnson,WR,2000-11-29,2024,7,253
00-0035628,D'Ernest Johnson,D'Ernest Johnson,RB,1996-02-27,,,
00-0029435,Damaris Johnson,Damaris Johnson,WR,1989-11-22,,,
JOH155424,Damone Johnson,Damone Johnson,TE,1962-03-02,1985,6,162
JOH165138,Daniel Johnson,Dan Johnson,TE,1960-05-17,1982,7,170
00-0023797,Darcy Johnson,Darcy Johnson,TE,1983-02-11,,,
00-0029778,Darius Johnson,Darius Johnson,WR,1991-02-22,,,
00-0026957,David Johnson,David Johnson,TE,1987-08-26,2009,7,241
00-0032187,David Johnson,David Johnson,RB,1991-12-16,2015,3,86
00-0030236,Dennis Johnson,Dennis Johnson,RB,1990-02-24,,,
JOH186994,Dennis Johnson,Dennis Johnson,WR,1967-08-22,,,
JOH194280,Dennis Johnson,Dennis Johnson,RB,1956-02-26,,,
00-0032996,Devon Johnson,Devon Johnson,RB,1993-07-28,,,
00-0039647,Dillon Johnson,Dillon Johnson,RB,2001-06-15,,,
00-0035216,Diontae Johnson,Diontae Johnson,WR,1996-07-05,2019,3,66
00-0019087,Douglas Johnson,Doug Johnson,QB,1977-10-27,,,
00-0008488,Dustin Johnson,Dustin Johnson,RB,1973-08-05,1998,6,183
00-0041013,Emmett Johnson,Emmett Johnson,RB,2003-10-10,2026,5,161
00-0020455,Eric Johnson,Eric Johnson,TE,1979-09-15,2001,7,224
JOH233136,Essex Johnson,Essex Johnson,RB,1946-10-15,,,
JOH252564,Fulton Johnson,Flip Johnson,WR,1963-07-13,,,
00-0027098,Gartrell Johnson,Gartrell Johnson,RB,1986-06-21,2009,4,134
JOH271992,Gilvanni Johnson,Gilvanni Johnson,WR,1963-09-12,,,
JOH310848,Herbert Johnson,Herbert Johnson,WR,1963-10-13,,,
00-0026584,Ian Johnson,Ian Johnson,RB,1985-09-25,,,
00-0035726,Jakob Johnson,Jakob Johnson,RB,1994-12-15,,,
00-0032325,Jamel Johnson,Jamel Johnson,WR,1991-07-09,,,
00-0008442,James Johnson,Brad Johnson,QB,1968-09-13,1992,9,227
00-0008529,James Johnson,J.J. Johnson,RB,1974-04-20,1999,2,39
00-0025913,James Johnson,James Johnson,RB,1984-09-06,,,
JOH339990,Jason Johnson,Jason Johnson,WR,1965-11-08,,,
00-0039664,Jaylen Johnson,Jaylen Johnson,WR,2000-05-26,,,
00-0026333,Jaymar Johnson,Jaymar Johnson,WR,1984-07-10,2008,6,193
00-0026799,Jeremiah Johnson,Jeremiah Johnson,RB,1987-02-15,,,
00-0026598,Jerome Johnson,Jerome Johnson,RB,1985-01-19,,,
00-0028370,Jerrod Johnson,Jerrod Johnson,QB,1988-07-27,,,
00-0008538,Jimmie Johnson,Jimmie Johnson,TE,1966-10-06,1989,12,316
JOH382488,Johnathon Johnson,Johnathon Johnson,WR,1996-11-30,,,
00-0008546,Johnny Johnson,Johnny Johnson,RB,1968-06-11,1990,7,169
00-0008547,Johnny Johnson,Johnny Johnson,QB,1973-01-21,,,
00-0037460,Johnny Johnson,Johnny Johnson,WR,1999-05-14,,,
00-0035417,Jon'Vea Johnson,Jon'Vea Johnson,WR,1995-12-23,,,
JOH398667,Joseph Johnson,Joe Johnson,WR,1962-12-21,,,
00-0036799,Josh Johnson,Josh Johnson,RB,1997-12-26,,,
00-0037442,Josh Johnson,Joshua Johnson,WR,1999-08-10,,,
00-0026300,Joshua Johnson,Josh Johnson,QB,1986-05-15,2008,5,160
00-0035092,Julian Johnson,Justin Johnson,TE,1996-11-08,,,
00-0036040,Juwan Johnson,Juwan Johnson,TE,1996-09-13,,,
00-0040142,Kaleb Johnson,Kaleb Johnson,RB,2003-08-14,2025,3,83
00-0039589,Kameron Johnson,Kameron Johnson,WR,2002-03-17,,,
00-0035287,KeeSean Johnson,KeeSean Johnson,WR,1996-10-09,2019,6,174
00-0033714,Keeon Johnson,Keeon Johnson,WR,1994-12-31,,,
JOH398958,Kelley Johnson,Kelley Johnson,WR,1962-06-03,,,
JOH399016,Kenneth Johnson,Ken Johnson,QB,1951-01-05,,,
JOH399133,Kennith Johnson,Ken Johnson,RB,1956-11-27,,,
JOH399246,Kermit Johnson,Kermit Johnson,RB,1952-02-22,,,
00-0023353,Kerry Johnson,Kerry Johnson,WR,1982-03-06,,,
00-0034349,Kerryon Johnson,Kerryon Johnson,RB,1997-06-30,2018,2,43
00-0008560,Kevin Johnson,Kevin Johnson,WR,1976-07-15,1999,2,32
00-0040237,Keyonteze Johnson,Tez Johnson,WR,2002-05-18,2025,7,235
00-0008561,Keyshawn Johnson,Keyshawn Johnson,WR,1972-07-22,1996,1,1
00-0040616,Kisean Johnson,Kisean Johnson,WR,2002-01-28,,,
00-0031885,Landon Johnson,Gus Johnson,RB,1993-08-10,,,
00-0021976,Larry Johnson,Larry Johnson,RB,1979-11-19,2003,1,27
00-0008570,LeShon Johnson,LeShon Johnson,RB,1971-01-15,1994,3,84
00-0008572,Lonnie Johnson,Lonnie Johnson,TE,1971-02-14,1994,2,61
00-0008575,Malcolm Johnson,Malcolm Johnson,WR,1977-08-27,1999,5,166
00-0032068,Malcolm Johnson,Malcolm Johnson,RB,1992-08-11,2015,6,195
00-0027149,Manuel Johnson,Manuel Johnson,WR,1986-10-14,2009,7,229
00-0032980,Marcus Johnson,Marcus Johnson,WR,1994-08-05,,,
JOH499318,Marshall Johnson,Marshall Johnson,RB,1952-11-01,,,
00-0008580,Maurice Johnson,Maurice Johnson,TE,1967-01-09,,,
JOH519699,Michael Johnson,Butch Johnson,WR,1954-05-28,,,
00-0040028,Montrell Johnson,Montrell Johnson,RB,2002-10-13,,,
JOH543984,Nathaniel Johnson,Nate Johnson,WR,1957-05-12,1980,7,193
JOH551269,Nathaniel Johnson,Nate Johnson,RB,1963-10-25,,,
00-0039782,Neal Johnson,Neal Johnson,TE,2001-08-03,,,
00-0029186,Nick Johnson,Nick Johnson,WR,1989-08-16,,,
00-0035006,Olabisi Johnson,Olabisi Johnson,WR,1997-03-17,2019,7,247
00-0008598,Patrick Johnson,Pat Johnson,WR,1976-08-10,1998,2,42
JOH573126,Pete Johnson,Pete Johnson,RB,1954-03-02,,,
JOH588817,Randolph Johnson,Randy Johnson,QB,1944-06-17,,,
00-0032257,Randy Johnson,Duke Johnson,RB,1993-09-23,2015,3,77
00-0008604,Reginald Johnson,Reggie Johnson,TE,1968-01-27,1991,2,30
JOH624124,Richard Johnson,Richard Johnson,WR,1961-10-19,,,
00-0008612,Rob Johnson,Rob Johnson,QB,1973-03-18,1995,4,99
00-0021405,Robert Johnson,Rob Johnson,WR,1979-04-20,,,
00-0021868,Robert Johnson,Robert Johnson,TE,1980-06-20,,,
00-0021242,Ron Johnson,Ron Johnson,WR,1980-05-23,2002,4,123
00-0028120,Ronald Johnson,Ronald Johnson,WR,1988-08-03,2011,6,182
JOH645981,Ronald Johnson,Ron Johnson,WR,1958-09-21,1981,7,170
JOH650838,Ronald Johnson,Ron Johnson,RB,1947-10-17,,,
00-0039021,Roschon Johnson,Roschon Johnson,RB,2001-01-31,2023,4,115
00-0020407,Rudi Johnson,Rudi Johnson,RB,1979-10-01,2001,4,100
JOH660552,Samuel Johnson,Samuel Johnson,WR,1964-09-07,,,
JOH665409,Samuel Johnson,Sammy Johnson,RB,1952-09-22,,,
00-0027328,Stafon Johnson,Stafon Johnson,RB,1988-02-06,,,
00-0026364,Steven Johnson,Steve Johnson,WR,1986-07-22,2008,7,224
JOH675123,Steven Johnson,Steve Johnson,TE,1965-06-22,1988,6,154
00-0026874,Taurus Johnson,Taurus Johnson,WR,1986-04-13,,,
00-0027310,Tervaris Johnson,Tervaris Johnson,RB,1988-06-14,,,
00-0022051,Teyo Johnson,Teyo Johnson,TE,1981-11-29,2003,2,63
00-0039847,Theodore Johnson,Theo Johnson,TE,2001-02-26,2024,4,107
00-0008637,Tony Johnson,Tony Johnson,TE,1972-02-05,1996,6,197
00-0008638,Tracy Johnson,Tracy Johnson,RB,1966-11-29,1989,10,271
JOH704265,Troy Johnson,Troy Johnson,WR,1962-10-20,,,
JOH709122,Trumaine Johnson,Trumaine Johnson,WR,1960-11-16,1983,6,141
00-0035537,Ty Johnson,Ty Johnson,RB,1997-09-17,2019,6,186
00-0036427,Tyler Johnson,Tyler Johnson,WR,1998-08-25,2020,5,161
00-0035457,Tyron Johnson,Tyron Johnson,WR,1996-01-08,,,
00-0008645,Tyrone Johnson,Tyrone Johnson,WR,1971-09-04,,,
00-0008646,Undra Johnson,Undra Johnson,RB,1966-01-08,1989,7,172
00-0008648,Vance Johnson,Vance Johnson,WR,1963-03-13,1985,2,31
JOH747978,Wayne Johnson,Wayne Johnson,QB,1966-04-13,,,
00-0031243,Westleigh Johnson,Storm Johnson,RB,1992-07-10,2014,7,222
00-0008568,William Johnson,Leon Johnson,RB,1974-07-13,1997,4,104
00-0028841,William Johnson,Will Johnson,RB,1988-11-14,,,
JOH757692,William Johnson,Billy Johnson,WR,1952-01-27,,,
JOH781977,William Johnson,Bill Johnson,RB,1960-10-31,,,
00-0037641,Willie Johnson,Willie Johnson,WR,1996-12-23,,,
00-0039473,Xavier Johnson,Xavier Johnson,WR,1999-05-11,,,
00-0008660,Daryl Johnston,Daryl Johnston,RB,1966-02-10,1989,2,39
00-0038544,Quentin Johnston,Quentin Johnston,WR,2001-09-06,2023,1,21
JOI207645,Charles Joiner,Charlie Joiner,WR,1947-10-14,,,
JOI622935,Vernon Joines,Vernon Joines,WR,1965-06-20,1989,5,116
00-0021183,Doug Jolley,Doug Jolley,TE,1979-01-02,2002,2,55
00-0041077,Justin Joly,Justin Joly,TE,2004-07-09,2026,5,152
00-0033293,Aaron Jones,Aaron Jones,RB,1994-12-02,2017,5,182
00-0032707,Adrian Jones,Andy Jones,WR,1994-06-28,,,
JON033220,Andrew Jones,Andrew Jones,RB,1951-10-23,,,
00-0008884,Anthony Jones,Tony Jones,WR,1965-12-30,1990,6,153
JON039864,Anthony Jones,Anthony Jones,TE,1960-05-16,1984,11,306
JON053152,Anthony Jones,A.J. Jones,RB,1959-05-30,1982,8,202
JON066440,Arrington Jones,Arrington Jones,RB,1959-12-16,1981,5,122
JON086372,Bertram Jones,Bert Jones,QB,1951-09-07,,,
00-0024675,Braden Jones,Braden Jones,TE,1983-04-20,,,
00-0023531,Brandon Jones,Brandon Jones,WR,1982-10-06,2005,3,96
00-0008691,Brent Jones,Brent Jones,TE,1963-02-12,1986,5,135
00-0022232,Brian Jones,Brian Jones,TE,1981-08-23,,,
JON147829,Calvin Jones,Calvin Jones,RB,1970-11-27,1994,3,80
00-0033098,Cardale Jones,Cardale Jones,QB,1992-09-29,2016,4,139
00-0041191,Cashion Jones,Cash Jones,RB,2000-04-05,,,
00-0032963,Cayleb Jones,Cayleb Jones,WR,1993-03-21,,,
JON152812,Cedric Jones,Cedric Jones,WR,1960-06-01,1982,3,56
JON157260,Chandler Jones,Chandler Jones,WR,1991-11-28,,,
00-0035553,Charles Jones,Charles Jones,TE,1996-08-05,,,
00-0008704,Charlie Jones,Charlie Jones,WR,1972-12-01,1996,4,114
00-0038576,Charlie Jones,Charlie Jones,WR,1998-10-29,2023,4,131
00-0008709,Christopher Jones,Chris T. Jones,WR,1971-08-07,,,
00-0023339,Christopher Jones,Chris Jones,WR,1982-07-17,,,
00-0021605,Clinton Jones,C.J. Jones,WR,1980-09-20,,,
00-0008723,Damon Jones,Damon Jones,TE,1974-09-18,1997,5,147
00-0035710,Daniel Jones,Daniel Jones,QB,1997-05-27,2019,1,6
00-0021330,Daryl Jones,Daryl Jones,WR,1979-02-02,2002,7,226
00-0008729,David Jones,David Jones,WR,1968-11-09,,,
00-0028762,Derrick Jones,Derrick Jones,WR,1986-01-23,,,
00-0028994,Dominique Jones,Dominique Jones,TE,1987-08-15,,,
00-0027518,Donald Jones,Donald Jones,WR,1987-12-17,,,
00-0019381,Dwaune Jones,Dwaune Jones,WR,1977-07-11,,,
00-0029513,Dwight Jones,Dwight Jones,WR,1989-01-01,,,
JON249150,Earnest Jones,E.J. Jones,RB,1962-02-01,,,
00-0039331,Emory Jones,Emory Jones,QB,2000-04-29,,,
JON298980,Ernest Jones,Ernie Jones,WR,1964-12-15,1988,7,179
00-0026162,Felix Jones,Felix Jones,RB,1987-05-08,2008,1,22
00-0008749,Freddie Jones,Freddie Jones,TE,1974-09-16,1997,2,45
00-0008748,Frederick Jones,Fred Jones,WR,1967-03-06,1990,4,96
00-0008751,George Jones,George Jones,RB,1973-12-31,1997,5,154
JON345488,Gordon Jones,Gordon Jones,WR,1957-07-25,,,
00-0008759,Hassan Jones,Hassan Jones,WR,1964-07-02,1986,5,120
00-0008763,Isaac Jones,Isaac Jones,WR,1975-12-07,,,
00-0033891,Isaiah Jones,Zay Jones,WR,1995-03-30,2017,2,37
00-0034560,JaNardreon Jones,J.J. Jones,WR,1992-12-06,,,
00-0025460,Jacoby Jones,Jacoby Jones,WR,1984-07-11,2007,3,73
00-0040317,Jacoby Jones,Jacoby Jones,WR,2001-07-18,,,
00-0033003,Jamaal Jones,Jamaal Jones,WR,1993-01-31,,,
00-0022307,Jamal Jones,Jamal Jones,WR,1981-04-24,,,
00-0008765,James Jones,James Jones,RB,1961-03-21,1983,1,13
00-0025465,James Jones,James Jones,WR,1984-03-31,2007,3,78
JON438504,James Jones,James Jones,RB,1958-12-06,1980,3,80
00-0039710,Jeshaun Jones,Jeshaun Jones,WR,1999-12-22,,,
JON467178,Jimmie Jones,Jimmie Jones,RB,1950-06-15,,,
00-0019404,John Jones,John Jones,TE,1975-04-04,,,
JON485012,John Jones,John Jones,QB,1952-04-16,,,
JON491656,John Jones,Lam Jones,WR,1958-04-04,1980,1,2
JON498300,Joseph Jones,Joe Jones,TE,1962-06-26,1985,10,270
JON504944,Joseph Jones,Joey Jones,WR,1962-10-29,,,
00-0022840,Julius Jones,Julius Jones,RB,1981-08-14,2004,2,43
JON518232,June Jones,June Jones,QB,1953-02-19,,,
00-0030686,Justin Jones,Justin Jones,TE,1991-09-25,,,
00-0041588,Justin Jones,Justin Jones,RB,2001-06-04,,,
JON518647,Keith Jones,Keith Jones,RB,1966-02-05,,,
JON519062,Keith Jones,Keith Jones,RB,1966-03-20,,,
00-0022782,Kevin Jones,Kevin Jones,RB,1982-08-21,2004,1,30
JON520593,Khalil Jones,Khalil Jones,WR,1985-12-10,,,
JON520723,Kim Jones,Kim Jones,RB,1952-01-19,,,
00-0008807,Lawrence Jones,Larry Jones,RB,1971-02-16,,,
00-0022882,Mark Jones,Mark Jones,WR,1980-11-03,2004,7,206
00-0029293,Marvin Jones,Marvin Jones,WR,1990-03-12,2012,5,166
00-0023456,Matthew Jones,Matt Jones,WR,1983-04-22,2005,1,21
00-0030524,Matthew Jones,Landry Jones,QB,1989-04-04,2013,4,115
00-0031939,Matthew Jones,Matt Jones,RB,1993-03-07,2015,3,95
00-0008830,Michael Jones,Mike Jones,TE,1966-11-10,1990,3,54
00-0026841,Michael Jones,Michael Jones,WR,1986-09-09,,,
00-0036972,Michael Jones,Mac Jones,QB,1998-09-05,2021,1,15
JON624536,Michael Jones,Mike Jones,WR,1960-04-14,1983,6,159
00-0025946,Nathaniel Jones,Nate Jones,WR,1985-12-30,,,
JON636993,Nolton Jones,Kirk Jones,RB,1965-01-05,,,
00-0024645,Onrea Jones,Onrea Jones,WR,1983-12-22,,,
00-0008839,Preston Jones,Preston Jones,QB,1970-07-03,,,
00-0027944,Quintorres Jones,Julio Jones,WR,1989-02-08,2011,1,6
00-0008841,Reginald Lee Jones,Reggie Jones,WR,1971-05-08,,,
JON677688,Robert Jones,Bobby Jones,WR,1955-07-12,,,
JON690976,Roderick Jones,Rod Jones,TE,1964-03-03,1987,8,223
00-0041403,Rohan Jones,Rohan Jones,TE,2001-10-07,,,
00-0034816,Ronald Jones,Ronald Jones,RB,1997-08-03,2018,2,38
00-0038480,Ryan Jones,Ryan Jones,TE,1999-08-20,,,
00-0030807,Seantavius Jones,Seantavius Jones,WR,1992-08-09,,,
JON730840,Steven Jones,Steve Jones,RB,1951-03-06,,,
00-0031189,Tai-ler Jones,T.J. Jones,WR,1992-07-19,2014,6,189
00-0028063,Taiwan Jones,Taiwan Jones,RB,1988-07-26,2011,4,125
00-0021268,Terry Jones,Terry Jones,TE,1979-12-03,2002,5,155
00-0032728,Tevin Jones,Tevin Jones,WR,1992-12-26,,,
00-0019641,Thomas Jones,Thomas Jones,RB,1978-08-19,2000,1,7
00-0036497,Tim Jones,Tim Jones,WR,1998-05-15,,,
00-0035860,Tony Jones,Tony Jones,RB,1997-11-24,,,
00-0037745,Velus Jones,Velus Jones,WR,1997-05-11,2022,3,71
JON793958,Victor Jones,Victor Jones,RB,1967-12-05,,,
JON813890,William Jones,Bill Jones,RB,1966-09-10,1989,12,311
00-0036078,Xavier Jones,Xavier Jones,RB,1997-08-24,,,
00-0024275,Maurice Jones-Drew,Maurice Jones-Drew,RB,1985-03-23,2006,2,60
00-0036047,Travis Jonsen,Travis Jonsen,WR,1996-10-16,,,
00-0022082,Benjamin Joppru,Bennie Joppru,TE,1980-01-05,2003,2,41
00-0008903,Andrew Jordan,Andrew Jordan,TE,1972-06-21,1994,6,179
JOR030487,Anthony Jordan,Tony Jordan,RB,1965-05-08,1988,5,132
00-0036556,Brevin Jordan,Brevin Jordan,TE,2000-07-16,2021,5,147
00-0008907,Charles Jordan,Charles Jordan,WR,1969-10-09,,,
JOR180560,Donald Jordan,Donald Jordan,RB,1962-02-09,1984,12,330
JOR252784,Homer Jordan,Homer Jordan,QB,1960-03-21,,,
00-0020062,James Jordan,James Jordan,WR,1978-06-11,,,
00-0039405,Jawhar Jordan,Jawhar Jordan,RB,1999-08-18,2024,6,205
00-0008918,Kevin Jordan,Kevin Jordan,WR,1972-12-14,,,
00-0020462,LaMont Jordan,LaMont Jordan,RB,1978-11-11,2001,2,49
00-0008906,Paul Jordan,Buford Jordan,RB,1962-06-26,,,
00-0008921,Randy Jordan,Randy Jordan,RB,1970-06-06,,,
00-0030823,Reggie Jordan,Reggie Jordan,TE,1991-07-03,,,
00-0008927,Steven Jordan,Steve Jordan,TE,1961-01-10,1982,7,179
00-0008933,Timothy Jorden,Tim Jorden,TE,1966-10-30,,,
00-0019889,Elvis Joseph,Elvis Joseph,RB,1978-08-30,,,
00-0008940,James Joseph,James Joseph,RB,1967-10-28,1991,7,187
00-0023297,Keith Joseph,Keith Joseph,RB,1981-12-09,,,
JOS498348,Lester Josephson,Les Josephson,RB,1942-07-29,,,
00-0031106,Henry Josey,Henry Josey,RB,1991-09-25,,,
00-0008946,Yonel Jourdain,Yonel Jourdain,RB,1971-04-20,,,
00-0020564,Delvin Joyce,Delvin Joyce,RB,1978-09-21,,,
JOY711924,Willie Joyner,Willie Joyner,RB,1962-04-02,1984,7,170
00-0033800,Akeem Judd,Akeem Judd,RB,1992-12-11,,,
00-0040784,Quinshon Judkins,Quinshon Judkins,RB,2003-10-29,2025,2,36
00-0020988,Jarmar Julien,Jarmar Julien,RB,1979-12-11,,,
JUM415291,Kevin Juma,Kevin Juma,WR,1962-07-30,,,
00-0008961,Abner Junkin,Trey Junkin,TE,1961-01-23,1983,4,93
00-0008962,Joe Jurevicius,Joe Jurevicius,WR,1974-12-23,1998,2,55
JUR118654,Christian Jurgensen,Sonny Jurgensen,QB,1934-08-23,,,
00-0027298,Kevin Jurovich,Kevin Jurovich,WR,1986-06-30,,,
00-0008970,Paul Justin,Paul Justin,QB,1968-05-19,1991,7,190
00-0033585,Bradley Kaaya,Brad Kaaya,QB,1995-09-03,2017,6,215
KAB276861,Vyto Kab,Vyto Kab,TE,1959-12-23,1982,3,78
00-0041524,Will Kacmarek,Will Kacmarek,TE,2003-02-12,2026,3,87
00-0027974,Colin Kaepernick,Colin Kaepernick,QB,1987-11-03,2011,2,36
00-0027722,Michael Kafka,Mike Kafka,QB,1987-07-25,2010,4,122
00-0041117,Athan Kaliakmanis,Athan Kaliakmanis,QB,2003-08-20,2026,7,223
00-0037031,Nikola Kalinic,Nikola Kalinic,TE,1997-01-21,,,
00-0040058,Nick Kallerup,Nick Kallerup,TE,2001-03-27,,,
KAM118654,John Kamana,John Kamana,RB,1961-12-03,,,
00-0033906,Alvin Kamara,Alvin Kamara,RB,1995-07-25,2017,3,67
00-0036779,Hunter Kampmoyer,Hunter Kampmoyer,TE,1998-02-06,,,
00-0040901,Jaren Kanak,Jaren Kanak,TE,2004-02-10,2026,7,225
KAN184574,Richard Kane,Rick Kane,RB,1954-11-12,,,
00-0009006,Tommy Kane,Tommy Kane,WR,1964-01-14,1988,3,75
00-0009007,Daniel Kanell,Danny Kanell,QB,1973-11-21,1996,4,130
00-0034478,Charles Kanoff,Chad Kanoff,QB,1994-10-06,,,
00-0026078,Kolomona Kapanui,Kolo Kapanui,TE,1983-11-13,,,
KAR197755,Kenneth Karcher,Ken Karcher,QB,1963-07-01,,,
00-0027779,Deji Karim,Deji Karim,RB,1986-11-18,2010,6,180
00-0030512,Nicholas Kasa,Nick Kasa,TE,1990-11-05,2013,6,172
00-0020256,Kevin Kasper,Kevin Kasper,WR,1977-12-23,2001,6,190
00-0037501,Kevin Kassis,Kevin Kassis,WR,1997-09-19,,,
00-0041292,Kolbe Katsis,Kolbe Katsis,WR,2001-12-28,,,
00-0009033,John Kattus,Eric Kattus,TE,1963-03-04,1986,4,91
00-0041246,Josh Kattus,Josh Kattus,TE,2004-03-07,,,
00-0030040,Brandon Kaufman,Brandon Kaufman,WR,1990-10-26,,,
00-0009038,Napoleon Kaufman,Napoleon Kaufman,RB,1973-06-07,1995,1,18
00-0033117,Bronson Kaufusi,Bronson Kaufusi,TE,1991-07-06,2016,3,70
00-0009045,Clarence Kay,Clarence Kay,TE,1961-07-30,1984,7,186
00-0029159,Jermaine Kearse,Jermaine Kearse,WR,1990-02-06,,,
KEA528549,Timothy Kearse,Tim Kearse,WR,1959-10-24,1983,11,303
00-0019466,Curtis Keaton,Curtis Keaton,RB,1976-10-18,2000,4,97
KEE332232,Mark Keel,Mark Keel,TE,1961-10-01,1983,9,240
00-0019295,Sean Keenan,Sean Keenan,QB,1977-01-02,,,
00-0036225,Dalton Keene,Dalton Keene,TE,1999-04-14,2020,3,101
00-0040388,Jakobie Keeney-James,Jakobie Keeney-James,WR,2000-09-26,,,
00-0028986,Casey Keenum,Case Keenum,QB,1988-02-17,,,
00-0009079,Craig Keith,Craig Keith,TE,1971-04-27,1993,7,189
00-0022206,Kenton Keith,Kenton Keith,RB,1980-07-14,,,
KEI415291,Gary Keithley,Gary Keithley,QB,1951-01-11,,,
00-0034192,Nick Keizer,Nick Keizer,TE,1995-05-02,,,
00-0030506,Travis Kelce,Travis Kelce,TE,1989-10-05,2013,3,63
KEL049833,Mark Kellar,Mark Kellar,RB,1952-07-17,,,
KEL083055,William Kellar,Bill Kellar,WR,1956-02-08,,,
00-0026170,Dustin Keller,Dustin Keller,TE,1984-09-25,2008,1,30
KEL199332,Christopher Kelley,Chris Kelley,TE,1964-11-13,1987,7,178
00-0036370,Joshua Kelley,Joshua Kelley,RB,1997-11-20,2020,4,112
KEL298998,Michael Kelley,Mike Kelley,QB,1959-12-31,1982,6,149
00-0032371,Robert Kelley,Rob Kelley,RB,1992-10-03,,,
00-0033597,Chad Kelly,Chad Kelly,QB,1994-03-26,2017,7,253
00-0009111,James Kelly,Jim Kelly,QB,1960-02-14,1983,1,14
KEL614607,James Kelly,Jim Kelly,TE,1951-08-07,,,
00-0021334,Jeff Kelly,Jeff Kelly,QB,1979-09-07,2002,7,232
00-0034808,John Kelly,John Kelly,RB,1996-10-04,2018,6,176
00-0040049,Josh Kelly,Josh Kelly,WR,2001-07-01,,,
00-0026191,Malcolm Kelly,Malcolm Kelly,WR,1986-12-30,2008,2,51
00-0041168,Omari Kelly,Omari Kelly,WR,2003-10-23,,,
00-0009117,Patrick Kelly,Pat Kelly,TE,1965-10-29,1988,7,174
KEL730884,Paul Kelly,Paul Kelly,QB,1964-03-20,,,
00-0009119,Reginald Kelly,Reggie Kelly,TE,1977-02-22,1999,2,42
00-0029009,Donavon Kemp,Donavon Kemp,WR,1988-12-29,,,
00-0009131,Jeffrey Kemp,Jeff Kemp,QB,1959-07-11,,,
00-0033481,Marcus Kemp,Marcus Kemp,WR,1995-08-14,,,
00-0009132,Perry Kemp,Perry Kemp,WR,1961-12-31,,,
KEN099669,Vincent Kendrick,Vince Kendrick,RB,1952-03-18,,,
00-0027985,Lance Kendricks,Lance Kendricks,TE,1988-01-30,2011,2,47
KEN398676,James Kennedy,Jimmie Kennedy,TE,1952-07-30,,,
00-0035544,Tom Kennedy,Tom Kennedy,WR,1996-07-29,,,
KEN697683,William Kenney,Bill Kenney,QB,1955-01-20,,,
00-0009163,Eddie Kennison,Eddie Kennison,WR,1973-01-20,1996,1,18
00-0025597,Jordan Kent,Jordan Kent,WR,1984-07-24,2007,6,210
00-0009165,Joseph Kent,Joey Kent,WR,1974-04-23,1997,2,46
00-0021018,Rashod Kent,Rashod Kent,TE,1980-06-07,,,
00-0028091,Jeremy Kerley,Jeremy Kerley,WR,1988-11-08,2011,5,153
KER349712,Donald Kern,Don Kern,TE,1962-08-25,1984,6,150
KER611996,Michael Kerrigan,Mike Kerrigan,QB,1960-04-27,,,
KES415291,Robert Keseday,Bob Keseday,TE,1965-01-09,,,
00-0033104,Cody Kessler,Cody Kessler,QB,1993-05-11,2016,3,93
00-0009187,Joshua Keur,Joshua Keur,TE,1976-09-04,,,
00-0041293,Dane Key,Dane Key,WR,2003-07-01,,,
00-0039543,Ramel Keyton,Ramel Keyton,WR,2000-09-14,,,
KEY738296,Jonathan Keyworth,Jon Keyworth,RB,1950-12-15,,,
00-0041322,Jimmy Kibble,Jimmy Kibble,WR,2003-12-22,,,
00-0039617,Jacob Kibodi,Jacob Kibodi,RB,1998-10-04,,,
KID207645,Keith Kidd,Keith Kidd,WR,1962-09-10,1984,9,235
00-0034710,Darvin Kidsy,Darvin Kidsy,WR,1995-03-19,,,
00-0037311,Ko Kieft,Ko Kieft,TE,1998-01-20,2022,6,218
00-0009209,Blair Kiel,Blair Kiel,QB,1961-11-29,1984,11,281
00-0022308,Kelvin Kight,Kelvin Kight,WR,1982-07-02,,,
KII553722,James Kiick,Jim Kiick,RB,1946-08-09,,,
00-0036000,Adrian Killins,Adrian Killins,RB,1998-01-02,,,
KIL638910,William Kilmer,Billy Kilmer,QB,1939-09-05,,,
KIM138430,Robert Kimball,Bobby Kimball,WR,1957-03-12,,,
00-0023985,Eric Kimble,Eric Kimble,WR,1983-06-08,,,
00-0009230,Antonius Kimbrough,Tony Kimbrough,WR,1970-09-17,1993,7,182
KIM484505,John Kimbrough,John Kimbrough,WR,1954-08-12,,,
00-0023426,Keylon Kincade,Keylon Kincade,RB,1982-08-20,,,
00-0038933,Dalton Kincaid,Dalton Kincaid,TE,1999-10-18,2023,1,25
00-0009237,Brian Kinchen,Brian Kinchen,TE,1965-08-06,1988,12,320
00-0009238,Todd Kinchen,Todd Kinchen,WR,1969-01-07,1992,3,60
00-0009239,Randolph Kinder,Randy Kinder,RB,1975-04-04,,,
KIN202414,Donald Kindt,Don Kindt,TE,1961-03-09,,,
00-0040556,Corey Kiner,Corey Kiner,RB,2002-01-21,,,
00-0020415,Andre King,Andre King,WR,1973-11-26,2001,7,245
KIN332222,Bruce King,Bruce King,RB,1963-01-07,1985,5,126
00-0028822,Caleb King,Caleb King,RB,1988-01-10,,,
00-0009247,Carlos King,Carlos King,RB,1973-11-25,1998,4,123
00-0032500,Chris King,Chris King,WR,1993-12-13,,,
00-0037201,D'Eriq King,D'Eriq King,QB,1997-08-24,,,
00-0041149,Haynes King,Haynes King,QB,2001-01-09,,,
KIN528535,Horace King,Horace King,RB,1953-03-05,,,
00-0024369,Jeffrey King,Jeff King,TE,1983-02-19,2006,5,155
KIN558737,Kenneth King,Kenny King,RB,1957-03-07,,,
00-0009266,Shaun King,Shaun King,QB,1977-05-29,1999,2,50
00-0030091,Tavarres King,Tavarres King,WR,1990-07-14,2013,5,161
00-0022224,Varick King,Vick King,RB,1980-02-04,,,
00-0022027,Kliff Kingsbury,Kliff Kingsbury,QB,1979-08-09,2003,6,201
KIN694646,Douglas Kingsriter,Doug Kingsriter,TE,1950-01-29,,,
00-0029041,Gary Kinne,G.J. Kinne,QB,1988-12-01,,,
KIN724848,Lawrence Kinnebrew,Larry Kinnebrew,RB,1959-06-11,1983,6,165
00-0019659,Erron Kinney,Erron Kinney,TE,1977-07-28,2000,3,68
KIN755050,Jeffrey Kinney,Jeff Kinney,RB,1949-11-01,,,
KIN785252,Vincent Kinney,Vince Kinney,WR,1956-03-17,,,
00-0025802,Noriaki Kinoshita,Noriaki Kinoshita,WR,1982-12-29,,,
00-0036176,Mason Kinsey,Mason Kinsey,WR,1998-08-29,,,
00-0009286,Charles Kirby,Charles Kirby,RB,1974-11-27,,,
00-0009288,Terry Kirby,Terry Kirby,RB,1970-01-20,1993,3,78
00-0021973,David Kircus,David Kircus,WR,1980-02-19,2003,6,175
00-0034775,Christian Kirk,Christian Kirk,WR,1996-11-18,2018,2,47
00-0028475,James Kirkendoll,James Kirkendoll,WR,1989-08-14,,,
KIR524568,Michael Kirkland,Mike Kirkland,QB,1954-06-29,,,
00-0037553,Jontre Kirklin,Jontre Kirklin,WR,1998-10-09,,,
00-0034317,Keith Kirkwood,Keith Kirkwood,WR,1994-12-26,,,
00-0024377,David Kirtman,David Kirtman,RB,1983-02-12,2006,5,163
00-0019680,Desmond Kitchings,Desmond Kitchings,WR,1978-07-19,,,
00-0009311,Jon Kitna,Jon Kitna,QB,1972-09-21,,,
00-0033288,George Kittle,George Kittle,TE,1993-10-09,2017,5,146
00-0021271,Kurt Kittner,Kurt Kittner,QB,1980-01-23,2002,5,158
00-0009314,James Kitts,Jim Kitts,RB,1972-12-28,,,
00-0033899,DeShone Kizer,DeShone Kizer,QB,1996-01-03,2017,2,52
00-0041510,Max Klare,Max Klare,TE,2003-07-08,2026,2,61
00-0041472,Marlin Klein,Marlin Klein,TE,2002-09-17,2026,2,59
00-0009321,Perry Klein,Perry Klein,QB,1971-03-25,1994,4,111
KLE415290,Robert Klein,Bob Klein,TE,1947-07-27,,,
00-0009323,James Kleinsasser,Jimmy Kleinsasser,TE,1977-01-31,1999,2,44
00-0019946,Dave Klemic,Dave Klemic,WR,1978-06-16,,,
KLE553720,Victor Klever,Rocky Klever,RB,1959-07-10,1982,9,247
00-0009331,David Klingler,David Klingler,QB,1969-02-17,1992,1,6
00-0024261,Joseph Klopfenstein,Joe Klopfenstein,TE,1983-11-09,2006,2,46
00-0041056,Cade Klubnik,Cade Klubnik,QB,2003-10-10,2026,4,110
00-0036290,Cole Kmet,Cole Kmet,TE,1999-03-10,2020,2,43
KNA355962,Gregory Knafelc,Greg Knafelc,QB,1959-02-20,,,
KNA474616,Kenneth Knapczyk,Ken Knapczyk,WR,1963-04-21,,,
KNA711924,Jeffrey Knapple,Jeff Knapple,QB,1956-08-27,,,
KNI249174,David Knight,David Knight,WR,1951-02-01,,,
00-0018981,Marcus Knight,Marcus Knight,WR,1978-06-19,,,
00-0033607,Trevor Knight,Trevor Knight,QB,1993-10-03,,,
00-0037157,Zonovan Knight,Bam Knight,RB,2001-04-11,,,
00-0038806,Malik Knowles,Malik Knowles,WR,2000-08-17,,,
00-0035689,Dawson Knox,Dawson Knox,TE,1996-11-14,2019,3,96
00-0026913,Johnny Knox,Johnny Knox,WR,1986-11-03,2009,5,140
00-0009374,Kevin Knox,Kevin Knox,WR,1971-01-30,1994,6,192
00-0039592,Tanner Knue,Tanner Knue,WR,1999-11-26,,,
00-0037495,Bryant Koback,Bryant Koback,RB,1998-04-06,,,
KOF415291,Matthew Kofler,Matt Kofler,QB,1959-08-30,1982,2,48
00-0038046,Charlie Kolar,Charlie Kolar,TE,1999-02-10,2022,4,128
00-0025423,Kevin Kolb,Kevin Kolb,QB,1984-08-24,2007,2,36
KOL738296,Christopher Kolodziejski,Chris Kolodziejski,TE,1961-02-05,1984,2,52
00-0027352,Max Komar,Max Komar,WR,1987-04-30,,,
KOM415290,William Komlo,Jeff Komlo,QB,1956-07-30,,,
KON276861,Mark Konecny,Mark Konecny,RB,1963-04-02,,,
00-0027836,Jameson Konz,Jameson Konz,TE,1986-07-02,2010,7,245
00-0009427,Bernie Kosar,Bernie Kosar,QB,1963-11-25,,,
KOS302028,Gary Kosins,Gary Kosins,RB,1949-01-21,,,
00-0035935,J.J. Koski,J.J. Koski,WR,1996-12-27,,,
KOS377535,Stein Koss,Stein Koss,TE,1963-08-21,,,
KOT332232,Douglas Kotar,Doug Kotar,RB,1951-06-11,,,
00-0009437,Paul Kovell,Paul Kovell,TE,1968-04-28,,,
00-0024170,Joseph Kowalewski,Joe Kowalewski,TE,1982-11-15,,,
KOW692150,Nicholas Kowgios,Nick Kowgios,RB,1962-11-19,,,
KOY553722,James Koy,Ted Koy,RB,1947-09-15,,,
00-0032139,Benjamin Koyack,Ben Koyack,TE,1993-04-09,2015,7,229
00-0041084,Tanner Koziol,Tanner Koziol,TE,2004-01-28,2026,5,164
00-0009443,Brian Kozlowski,Brian Kozlowski,TE,1970-10-04,,,
00-0009444,Glen Kozlowski,Glen Kozlowski,WR,1962-12-31,1986,11,305
00-0041595,Barika Kpeenu,Barika Kpeenu,RB,2002-12-05,,,
00-0038996,Tucker Kraft,Tucker Kraft,TE,2000-11-03,2023,3,78
KRA402704,Kent Kramer,Kent Kramer,TE,1944-07-21,,,
KRA478211,Thomas Kramer,Tommy Kramer,QB,1955-03-07,,,
00-0009451,William Kramer,Erik Kramer,QB,1964-11-06,,,
00-0022219,Matthew Kranchick,Matt Kranchick,TE,1979-12-13,2004,6,194
00-0030659,Jonathan Krause,Jonathan Krause,WR,1992-01-18,,,
KRA654394,Larry Krause,Larry Krause,RB,1948-04-22,,,
00-0022759,Ryan Krause,Ryan Krause,TE,1981-06-16,2004,6,169
KRE118654,Steven Kreider,Steve Kreider,WR,1958-05-12,,,
KRE474616,Mitchell Krenk,Mitch Krenk,TE,1959-11-19,,,
00-0022818,Craig Krenzel,Craig Krenzel,QB,1981-07-01,2004,5,148
KRE593270,Keith Krepfle,Keith Krepfle,TE,1952-02-04,,,
00-0009471,Eric Kresser,Eric Kresser,QB,1973-02-06,,,
00-0009475,David Krieg,Dave Krieg,QB,1958-10-20,,,
00-0032523,Henry Krieger-Coble,Henry Krieger-Coble,TE,1992-06-12,,,
00-0032214,Tyler Kroft,Tyler Kroft,TE,1992-10-15,2015,3,85
KRU063891,Michael Kruczek,Mike Kruczek,QB,1953-03-15,,,
KRU447237,Todd Krueger,Todd Krueger,QB,1957-09-10,,,
00-0037539,Lucas Krull,Lucas Krull,TE,1998-07-11,,,
00-0009490,Gary Kubiak,Gary Kubiak,QB,1961-08-15,1983,8,197
00-0026406,Scott Kuhn,Scott Kuhn,TE,1986-04-16,,,
00-0031787,Jake Kumerow,Jake Kumerow,WR,1992-02-17,,,
00-0038406,Zackary Kuntz,Zack Kuntz,TE,1999-06-09,2023,7,220
KUN622935,Terry Kunz,Terry Kunz,RB,1952-10-26,,,
00-0033908,Cooper Kupp,Cooper Kupp,WR,1993-06-15,2017,3,69
KUP540972,Craig Kupp,Craig Kupp,QB,1967-04-14,1990,5,135
KUR276860,James Kurisko,Jamie Kurisko,TE,1963-12-22,,,
KWA415291,Thaddeus Kwalick,Ted Kwalick,TE,1947-04-15,,,
00-0009531,Troy Kyles,Troy Kyles,WR,1968-08-13,,,
00-0009540,Sean LaChapelle,Sean LaChapelle,WR,1970-07-29,1993,5,122
00-0031744,Matthew LaCosse,Matt LaCosse,TE,1992-09-21,,,
00-0027681,Brandon LaFell,Brandon LaFell,WR,1986-11-04,2010,3,78
00-0009550,David LaFleur,David LaFleur,TE,1974-01-29,1997,1,22
LAF355962,Gregory LaFleur,Greg LaFleur,TE,1958-09-16,1981,3,82
LAG664464,James LaGrand,Morris LaGrand,RB,1953-02-09,,,
LAP519110,Ronald LaPointe,Ron LaPointe,TE,1957-02-28,,,
00-0039065,Sam LaPorta,Sam LaPorta,TE,2001-01-12,2023,2,34
00-0036808,Bruno Labelle,Bruno Labelle,TE,1997-06-03,,,
00-0031145,Travis Labhart,Travis Labhart,WR,1991-01-20,,,
00-0040250,Luke Lachey,Luke Lachey,TE,2001-06-29,2025,7,255
00-0041199,Caullin Lacy,Caullin Lacy,WR,2001-12-22,,,
00-0034593,Christopher Lacy,Chris Lacy,WR,1996-01-28,,,
00-0030485,Eddie Lacy,Eddie Lacy,RB,1990-06-02,2013,2,61
LAC711924,Kenneth Lacy,Ken Lacy,RB,1960-11-01,,,
00-0009546,Anthony Ladd,Anthony Ladd,WR,1973-12-23,,,
LAF711924,William Lafreniere,Bill Lafreniere,WR,1959-01-09,,,
LAI166116,Robert Laidlaw,Scott Laidlaw,RB,1953-02-17,,,
00-0009558,Aaron Laing,Aaron Laing,TE,1971-07-19,1994,5,137
00-0035342,Patrick Laird,Patrick Laird,RB,1995-08-17,,,
00-0009566,Bradley Lamb,Brad Lamb,WR,1967-10-07,1991,8,222
00-0036358,Cedarian Lamb,CeeDee Lamb,WR,1999-04-08,2020,1,17
00-0040184,KeAndre Lambert-Smith,KeAndre Lambert-Smith,WR,2001-10-16,2025,5,158
LAM732855,Daryle Lamonica,Daryle Lamonica,QB,1941-07-17,,,
00-0040567,Brock Lampe,Brock Lampe,RB,2003-03-31,,,
00-0033021,Jacob Lampman,Jake Lampman,WR,1993-06-11,,,
00-0041067,Bryce Lance,Bryce Lance,WR,2002-08-20,2026,4,136
00-0037012,Trey Lance,Trey Lance,QB,2000-05-09,2021,1,3
00-0038762,Matt Landers,Matt Landers,WR,1999-06-16,,,
LAN088355,Walter Landers,Walt Landers,RB,1953-07-04,,,
LAN123697,Michael Landrum,Mike Landrum,TE,1961-11-06,,,
LAN141368,Anthony Landry,Anthony Landry,RB,1966-10-28,,,
LAN159039,Gregory Landry,Greg Landry,QB,1946-12-18,,,
00-0031382,Jarvis Landry,Jarvis Landry,WR,1992-11-28,2014,2,63
LAN225305,Eric Lane,Eric Lane,RB,1974-03-17,,,
LAN229723,Eric Lane,Eric Lane,RB,1959-01-06,1981,8,196
00-0009599,Freddie Lane,Fred Lane,RB,1975-09-06,,,
00-0040870,Ja'Kobi Lane,Ja'Kobi Lane,WR,2004-08-05,2026,3,80
00-0040164,Joshua Lane,Jaylin Lane,WR,2002-05-01,2025,4,128
LAN353420,MacArthur Lane,MacArthur Lane,RB,1942-03-16,,,
00-0019297,Randall Lane,Randall Lane,WR,1976-10-15,,,
00-0009610,David Lang,David Lang,RB,1968-03-28,1990,12,328
LAN424104,Gene Lang,Gene Lang,RB,1962-03-15,1984,11,298
00-0040060,Marshall Lang,Marshall Lang,TE,2001-10-15,,,
00-0031569,Jeremy Langford,Jeremy Langford,RB,1991-12-06,2015,4,106
00-0009621,Reginald Langhorne,Reggie Langhorne,WR,1963-04-07,1985,7,175
00-0033552,Brendan Langley,Brendan Langley,WR,1994-10-16,2017,3,101
00-0030868,Ryan Lankford,Ryan Lankford,WR,1991-12-09,,,
00-0041170,Hayden Large,Hayden Large,TE,2002-03-27,,,
LAR118653,Stephen Largent,Steve Largent,WR,1954-09-28,,,
00-0040568,Lan Larison,Lan Larison,RB,2001-10-11,,,
00-0009641,Gordon Laro,Gordon Laro,RB,1972-04-17,,,
LAR751469,William Larson,Bill Larson,TE,1953-10-07,,,
00-0040259,Gage Larvadain,Gage Larvadain,WR,2003-01-03,,,
00-0032804,Daniel Lasco,Daniel Lasco,RB,1992-10-09,2016,7,237
LAS127782,James Lash,Jim Lash,WR,1951-11-12,,,
00-0034271,Jordan Lasley,Jordan Lasley,WR,1996-11-13,2018,5,162
00-0009658,Derrick Lassic,Derrick Lassic,RB,1970-01-26,1993,4,94
00-0037420,Kwamie Lassiter,Kwamie Lassiter,WR,1998-01-21,,,
LAT063891,Gregory Lathan,Greg Lathan,WR,1964-09-02,,,
00-0031344,Cody Latimer,Cody Latimer,WR,1992-10-10,2014,2,56
LAT447237,Jerry Latin,Jerry Latin,RB,1953-08-25,,,
00-0024659,Billy Latsko,Billy Latsko,RB,1984-02-16,,,
LAT638910,Gregory Latta,Greg Latta,TE,1952-10-13,,,
00-0009670,Brian Lattimore,Brian Lattimore,RB,1966-10-29,,,
00-0026048,Keon Lattimore,Keon Lattimore,RB,1984-07-06,,,
00-0030497,Marcus Lattimore,Marcus Lattimore,RB,1991-10-29,2013,4,131
00-0038564,Cameron Latu,Cameron Latu,TE,2000-02-24,2023,3,101
00-0040363,Keleki Latu,Keleki Latu,TE,2002-08-13,,,
00-0039407,Dylan Laube,Dylan Laube,RB,1999-12-14,2024,6,208
LAU276860,Hugh Laufenberg,Babe Laufenberg,QB,1959-12-05,1983,6,168
LAU553720,James Laughton,Jim Laughton,TE,1960-01-18,,,
00-0034369,Kyle Lauletta,Kyle Lauletta,QB,1995-03-17,2018,4,108
00-0041001,Matt Lauter,Matt Lauter,TE,2002-09-20,,,
LAV553720,Robert Lavette,Robert Lavette,RB,1963-09-08,1985,4,103
00-0041446,Kendrick Law,Kendrick Law,WR,2004-06-13,2026,5,168
LAW108336,Raymond Law,Dennis Law,WR,1955-04-04,,,
00-0032453,Kenneth Lawler,Kenny Lawler,WR,1994-06-25,2016,7,243
LAW216672,Amos Lawrence,Amos Lawrence,RB,1958-01-09,1981,4,103
LAW433344,Larry Lawrence,Larry Lawrence,QB,1949-04-11,,,
00-0026132,Matt Lawrence,Matt Lawrence,RB,1985-05-05,,,
00-0031009,Rashad Lawrence,Rashad Lawrence,WR,1992-06-10,,,
00-0009696,Reginald Lawrence,Reggie Lawrence,WR,1969-09-04,,,
00-0036971,William Lawrence,Trevor Lawrence,QB,1999-10-06,2021,1,1
00-0022907,Nathan Lawrie,Nate Lawrie,TE,1981-10-07,2004,6,181
LAW650016,Jamie Lawson,Jamie Lawson,RB,1965-10-02,1989,5,117
00-0030304,Javone Lawson,Javone Lawson,WR,1990-02-17,,,
LAW722240,Odell Lawson,Odell Lawson,RB,1948-12-20,,,
00-0020479,George Layne,George Layne,RB,1978-10-09,2001,4,108
00-0034521,Allen Lazard,Allen Lazard,WR,1995-12-11,,,
00-0009726,Brian LeBel,Harper LeBel,TE,1963-07-14,1985,12,321
LEB622932,Michael LeBlanc,Michael LeBlanc,RB,1962-05-05,,,
LEC726754,Terry LeCount,Terry LeCount,WR,1956-07-09,,,
00-0027605,Daniel LeFevour,Dan LeFevour,QB,1987-03-19,2010,6,181
00-0023555,Stefan LeFors,Stefan LeFors,QB,1981-06-07,,,
00-0036117,Benjamin LeMay,Benny LeMay,RB,1997-10-18,,,
LEV581406,Jerry LeVias,Jerry LeVias,WR,1946-09-05,,,
00-0009715,Ryan Leaf,Ryan Leaf,QB,1976-05-15,1998,1,2
00-0024512,C.J. Leak,C.J. Leak,TE,1982-01-01,,,
LEA453699,Curtis Leak,Curtis Leak,WR,1953-12-16,,,
00-0032349,Marcus Leak,Marcus Leak,WR,1992-11-19,,,
00-0035868,Javon Leake,Javon Leake,RB,1998-08-01,,,
00-0039801,Devin Leary,Devin Leary,QB,1999-09-10,2024,6,218
00-0009738,Anthonia Lee,Amp Lee,RB,1971-10-01,1992,2,45
00-0019505,Charles Lee,Charles Lee,WR,1977-11-19,2000,7,242
LEE131142,Danzell Lee,Danzell Lee,TE,1963-03-16,1985,6,163
00-0021929,Donald Lee,Donald Lee,TE,1980-08-31,2003,5,156
LEE196713,Edward Lee,Edward Lee,WR,1959-12-08,1982,11,292
LEE240427,Gary Lee,Gary Lee,WR,1965-02-12,1987,12,315
00-0023949,Gregory Lee,Greg Lee,WR,1984-10-19,,,
LEE327855,Jeffrey Lee,Jeff Lee,WR,1955-05-23,,,
00-0032559,Jonathon Lee,Jay Lee,WR,1993-06-29,,,
00-0009761,Kevin Lee,Kevin Lee,WR,1971-01-01,1994,2,35
00-0031922,Khari Lee,Khari Lee,TE,1992-01-16,,,
00-0031431,Marqise Lee,Marqise Lee,WR,1991-11-25,2014,2,39
00-0021673,ReShard Lee,ReShard Lee,RB,1980-10-12,,,
LEE590139,Robert Lee,Bob Lee,QB,1945-08-07,,,
LEE644781,Ronnell Lee,Ron Lee,RB,1953-09-17,,,
00-0034416,Tanner Lee,Tanner Lee,QB,1995-02-14,2018,6,203
LEF166116,William Lefear,Billy Lefear,RB,1950-02-12,,,
00-0022177,Byron Leftwich,Byron Leftwich,QB,1980-01-14,2003,1,7
00-0039342,Anthony Legette,Xavier Legette,WR,2001-01-29,2024,1,32
00-0009785,Burnie Legette,Burnie Legette,RB,1970-12-05,,,
00-0033953,Jordan Leggett,Jordan Leggett,TE,1995-01-31,2017,5,150
00-0026081,Lance Leggett,Lance Leggett,WR,1985-02-11,,,
LEI276860,Charles Leigh,Charlie Leigh,RB,1945-10-29,,,
00-0024225,Matthew Leinart,Matt Leinart,QB,1983-05-11,2006,1,10
00-0021152,Ashley Lelie,Ashley Lelie,WR,1980-02-16,2002,1,19
00-0030239,Alec Lemon,Alec Lemon,WR,1991-07-01,,,
00-0020565,Cleotha Lemon,Cleo Lemon,QB,1979-08-16,,,
00-0040867,Makai Lemon,Makai Lemon,WR,2004-06-02,2026,1,20
00-0031788,Matthew Lengel,Matt Lengel,TE,1990-12-27,,,
00-0033992,Lance Lenoir,Lance Lenoir,WR,1995-02-09,,,
00-0030135,Joshua Lenz,Josh Lenz,WR,1990-09-22,,,
00-0025439,Brian Leonard,Brian Leonard,RB,1984-02-03,2007,2,52
00-0040206,Riley Leonard,Riley Leonard,QB,2002-09-13,2025,6,189
00-0029755,Brian Leonhardt,Brian Leonhardt,TE,1990-04-02,,,
00-0009814,Ronald Leshinski,Ron Leshinski,TE,1974-03-06,,,
00-0027995,Mikel Leshoure,Mikel Leshoure,RB,1990-03-30,2011,2,57
00-0031801,Jordan Leslie,Jordan Leslie,WR,1991-10-31,,,
00-0009815,Fred Lester,Fred Lester,RB,1971-08-01,,,
LES553720,Keith Lester,Keith Lester,TE,1962-05-28,1985,6,154
00-0009819,Timothy Lester,Tim Lester,RB,1968-06-15,1992,10,255
00-0009829,Herbert Levens,Dorsey Levens,RB,1970-05-21,1994,5,149
LEV415290,Michael Levenseller,Mike Levenseller,WR,1956-02-21,,,
00-0039152,Will Levis,Will Levis,QB,1999-06-27,2023,2,33
00-0009834,Chad Levitt,Chad Levitt,RB,1975-11-21,1997,4,123
00-0034196,Andre Levrone,Andre Levrone,WR,1995-03-09,,,
00-0009835,Charles Levy,Chuck Levy,RB,1972-01-07,1994,2,38
00-0036092,Brian Lewerke,Brian Lewerke,QB,1996-10-24,,,
00-0009842,Chad Lewis,Chad Lewis,TE,1971-10-05,,,
00-0009847,Darren Lewis,Darren Lewis,RB,1968-11-07,1991,6,161
LEW155727,Darryl Lewis,Darryl Lewis,TE,1961-04-16,1983,5,128
LEW207636,David Lewis,David Lewis,TE,1961-06-08,1984,1,20
00-0020735,Derrick Lewis,Derrick Lewis,WR,1975-10-30,,,
00-0020755,Devin Lewis,Devin Lewis,WR,1979-07-22,,,
00-0032070,Dezmin Lewis,Dezmin Lewis,WR,1992-12-05,2015,7,234
00-0028087,Dion Lewis,Dion Lewis,RB,1990-09-27,2011,5,149
LEW259545,Frank Lewis,Frank Lewis,WR,1947-07-04,,,
LEW328757,Gary Lewis,Gary Lewis,TE,1958-12-30,1981,2,35
00-0009864,Gregory Lewis,Greg Lewis,RB,1969-08-10,1991,5,115
00-0021508,Gregory Lewis,Greg Lewis,WR,1980-02-12,,,
00-0028974,Henry Lewis,Lance Lewis,WR,1988-11-01,,,
00-0019693,Jamal Lewis,Jamal Lewis,RB,1979-08-26,2000,1,5
00-0009868,Jeffrey Lewis,Jeff Lewis,QB,1973-04-17,1996,4,100
00-0009869,Jermaine Lewis,Jermaine Lewis,WR,1974-10-16,1996,5,153
00-0021472,John Lewis,John Lewis,WR,1980-05-30,,,
00-0019238,Jonas Lewis,Jonas Lewis,RB,1976-12-27,,,
LEW432575,Kenneth Lewis,Kenny Lewis,RB,1957-10-02,1980,5,125
00-0009879,Leo Lewis,Leo Lewis,WR,1956-09-17,,,
00-0033402,Malcolm Lewis,Malcolm Lewis,WR,1993-10-27,,,
00-0024243,Marcedes Lewis,Marcedes Lewis,TE,1984-05-19,2006,1,28
LEW501787,Mark Lewis,Mark Lewis,TE,1961-05-05,1985,6,155
LEW519090,Marvin Lewis,Marvin Lewis,RB,1960-01-15,1982,6,142
00-0019600,Michael Lewis,Michael L. Lewis,WR,1971-11-14,,,
00-0009887,Nathaniel Lewis,Nate Lewis,WR,1966-10-19,1990,7,187
00-0009893,Roderick Lewis,Roderick Lewis,TE,1971-06-09,1994,5,157
00-0032659,Roger Lewis,Roger Lewis,WR,1993-11-27,,,
00-0009898,Ronald Lewis,Ron Lewis,WR,1968-03-25,1990,3,68
00-0027253,Thaddeus Lewis,Thad Lewis,QB,1987-11-19,,,
00-0009903,Thomas Lewis,Thomas Lewis,WR,1972-01-10,1994,1,24
00-0032881,Tommylee Lewis,Tommylee Lewis,WR,1992-10-24,,,
00-0019194,Jon Liddiard,Brody Liddiard,TE,1977-06-12,,,
00-0034038,Justice Liggins,Justice Liggins,WR,1994-12-14,,,
00-0032318,Dan Light,Dan Light,TE,1993-05-05,,,
00-0037838,Isaiah Likely,Isaiah Likely,TE,2000-04-18,2022,4,139
00-0009931,Garrett Limbrick,Garrett Limbrick,RB,1965-11-06,,,
LIN200480,David Lindley,David Lindley,QB,1964-12-21,,,
00-0029531,Ryan Lindley,Ryan Lindley,QB,1989-06-22,2012,6,185
00-0027331,Dominique Lindsay,Dominique Lindsay,RB,1986-12-08,,,
00-0034109,Phillip Lindsay,Phillip Lindsay,RB,1994-07-24,,,
00-0038763,Tyjon Lindsey,Tyjon Lindsey,WR,1999-01-07,,,
LIN744640,Larry Linne,Larry Linne,WR,1962-07-20,,,
00-0009963,Louis Lipps,Louis Lipps,WR,1962-08-09,1984,1,23
00-0035887,Kalija Lipscomb,Kalija Lipscomb,WR,1997-10-06,,,
LIS237308,Russell Lisch,Rusty Lisch,QB,1956-12-21,1980,4,89
00-0032957,Kolby Listenbee,Kolby Listenbee,WR,1994-01-25,2016,6,192
00-0026455,Bradley Listorti,Brad Listorti,TE,1984-10-11,,,
00-0023856,Brent Little,Brent Little,WR,1983-04-03,,,
00-0009967,David Little,Dave Little,TE,1961-04-18,,,
LIT355962,Floyd Little,Floyd Little,RB,1942-07-04,,,
00-0027997,Gregory Little,Greg Little,WR,1989-05-30,2011,2,59
00-0025922,Rafael Little,Rafael Little,RB,1986-09-23,,,
00-0034291,Chase Litton,Chase Litton,QB,1995-10-05,,,
00-0028456,Phillip Livas,Phillip Livas,WR,1989-04-24,,,
LIV484505,Michael Livingston,Mike Livingston,QB,1945-11-14,,,
00-0022097,Brandon Lloyd,Brandon Lloyd,WR,1981-07-05,2003,4,124
LLO343482,Douglas Lloyd,Doug Lloyd,RB,1965-08-31,1989,6,156
00-0039811,MarShawn Lloyd,MarShawn Lloyd,RB,2001-01-05,2024,3,88
00-0030846,Seth Lobato,Seth Lobato,QB,1990-12-05,,,
00-0035704,Paul Lock,Drew Lock,QB,1996-11-10,2019,2,42
00-0027946,Jacob Locker,Jake Locker,QB,1988-06-15,2011,1,8
LOC083058,Charles Lockett,Charles Lockett,WR,1965-10-01,1987,3,66
00-0030783,Colin Lockett,Colin Lockett,WR,1991-04-05,,,
LOC249174,Frank Lockett,Frank Lockett,WR,1957-06-01,,,
00-0010007,Kevin Lockett,Kevin Lockett,WR,1974-09-08,1997,2,47
LOC415290,Milton Lockett,Wade Lockett,WR,1964-02-13,,,
00-0032211,Tyler Lockett,Tyler Lockett,WR,1992-09-28,2015,3,69
00-0028442,Ricardo Lockette,Ricardo Lockette,WR,1986-05-21,,,
LOC747522,Kerry Locklin,Kerry Locklin,TE,1959-09-09,1982,6,145
00-0010018,Scott Lockwood,Scott Lockwood,RB,1968-03-23,1992,8,204
00-0035475,DaMarkus Lodge,DaMarkus Lodge,WR,1997-05-12,,,
00-0010023,James Lofton,James Lofton,WR,1956-07-05,,,
LOG302028,David Logan,Dave Logan,WR,1954-02-02,,,
00-0010030,Marc Logan,Marc Logan,RB,1965-05-09,1987,5,130
LOG757974,Robert Logan,Tony Logan,WR,,,,
00-0026491,Stefan Logan,Stefan Logan,WR,1981-06-02,,,
00-0033789,Tyrone Logan,T.J. Logan,RB,1994-09-03,2017,5,179
00-0040240,Caleb Lohner,Caleb Lohner,TE,2001-10-01,2025,7,241
LOM138430,Thomas Lomack,Tony Lomack,WR,1968-04-27,1990,9,245
LOM692150,Neil Lomax,Neil Lomax,QB,1959-02-17,1981,2,33
00-0024681,Brandon London,Brandon London,WR,1984-10-16,,,
00-0037238,Drake London,Drake London,WR,2001-07-24,2022,1,8
00-0010054,Charles Long,Chuck Long,QB,1963-02-18,1986,1,12
LON224480,Darren Long,Darren Long,TE,1959-07-12,,,
00-0032035,Deon Long,Deon Long,WR,1991-06-14,,,
00-0037004,Hunter Long,Hunter Long,TE,1998-08-19,2021,3,81
LON381616,Kevin Long,Kevin Long,RB,1955-01-20,,,
00-0025934,Lance Long,Lance Long,WR,1985-05-04,,,
LON695888,Howard Longley,Clint Longley,QB,1952-07-28,,,
00-0019242,Dane Looker,Dane Looker,WR,1976-05-05,,,
00-0021777,Thomas Lopienski,Tom Lopienski,RB,1979-06-12,,,
00-0022590,Jared Lorenzen,Jared Lorenzen,QB,1981-02-14,,,
00-0026611,Tyler Lorenzen,Tyler Lorenzen,TE,1985-12-24,,,
00-0022912,Jonathan Losman,J.P. Losman,QB,1981-03-12,2004,1,22
LOT622932,Thomas Lott,Thomas Lott,RB,1957-08-01,,,
00-0010092,Kamil Loud,Kamil Loud,WR,1976-06-25,1998,7,238
00-0033079,Ricardo Louis,Ricardo Louis,WR,1994-03-23,2016,4,114
00-0031476,Corbin Louks,Corbin Louks,WR,1989-04-10,,,
00-0020377,Arther Love,Arther Love,TE,1977-09-18,,,
00-0041027,Jeremiyah Love,Jeremiyah Love,RB,2005-05-31,2026,1,3
00-0035256,Jonathan Love,Bryce Love,RB,1997-07-08,2019,4,112
00-0036264,Jordan Love,Jordan Love,QB,1998-11-02,2020,1,26
LOV131275,Josh Love,Josh Love,QB,1996-11-28,,,
LOV191673,Randy Love,Randy Love,RB,1956-09-30,,,
LOV447237,Edwin Lovelady,Edwin Lovelady,WR,1963-04-23,,,
00-0040126,Colston Loveland,Colston Loveland,TE,2004-04-09,2025,1,10
00-0040241,Dominic Lovett,Dominic Lovett,WR,2002-11-08,2025,7,244
00-0037234,John Lovett,John Lovett,RB,1999-08-28,,,
00-0010107,Derek Loville,Derek Loville,RB,1968-07-04,,,
LOV702801,Warren Loving,Warren Loving,RB,1960-11-12,,,
00-0024528,Todd Lowber,Todd Lowber,WR,1982-01-26,,,
LOY276861,Charles Loyd,Mike Loyd,QB,1956-05-06,,,
00-0041020,Xavier Loyd,Xavier Loyd,WR,2003-03-11,,,
00-0019730,Anthony Lucas,Anthony Lucas,WR,1976-11-20,,,
00-0022240,Chad Lucas,Chad Lucas,WR,1981-11-07,,,
00-0031121,Marcus Lucas,Marcus Lucas,TE,1992-03-01,,,
00-0010137,Ray Lucas,Ray Lucas,QB,1972-08-06,,,
00-0017896,James Luchey,Nicolas Luchey,RB,1977-03-30,1999,5,135
00-0032447,Devin Lucien,Devin Lucien,WR,1993-06-26,2016,7,225
00-0029668,Andrew Luck,Andrew Luck,QB,1989-09-12,2012,1,1
LUC533943,Oliver Luck,Oliver Luck,QB,1960-04-05,1982,2,44
LUC593270,Terry Luck,Terry Luck,QB,1952-12-14,,,
00-0031998,Donatella Luckett,Donatella Luckett,WR,1991-02-01,,,
00-0010146,Michael Lucky,Mike Lucky,TE,1975-11-23,1999,7,229
00-0038738,Hunter Luepke,Hunter Luepke,RB,2000-02-28,,,
00-0022674,Triandos Luke,Triandos Luke,WR,1981-12-24,2004,6,171
00-0023899,Travis Lulay,Travis Lulay,QB,1983-09-27,,,
00-0038913,Johnny Lumpkin,Johnny Lumpkin,TE,1997-09-03,,,
00-0026029,Kregg Lumpkin,Kregg Lumpkin,RB,1984-05-15,,,
00-0010156,Dennis Lundy,Dennis Lundy,RB,1972-07-06,,,
00-0031973,Luke Lundy,Luke Lundy,RB,1988-08-23,,,
00-0024384,Wali Lundy,Wali Lundy,RB,1983-09-08,2006,6,170
00-0025800,Iiro Luoto,Iiro Luoto,TE,1984-09-08,,,
00-0010164,Hendrick Lusk,Henry Lusk,TE,1972-05-08,1996,7,246
LUS474616,Herbert Lusk,Herb Lusk,RB,1953-02-19,,,
LUT276861,Edward Luther,Ed Luther,QB,1957-01-02,1980,4,101
00-0038502,T.J. Luther,T.J. Luther,WR,2000-05-13,,,
00-0031802,Gavin Lutman,Gavin Lutman,WR,1991-03-27,,,
00-0036312,Jake Luton,Jake Luton,QB,1996-04-11,2020,6,189
00-0021090,Christopher Luzar,Chris Luzar,TE,1979-02-12,2002,4,118
00-0023552,Chase Lyman,Chase Lyman,WR,1982-09-04,,,
00-0019464,Dustin Lyman,Dustin Lyman,TE,1976-08-05,2000,3,87
00-0031286,Arthur Lynch,Arthur Lynch,TE,1990-06-17,2014,5,155
00-0010186,Eric Lynch,Eric Lynch,RB,1970-05-16,,,
LYN166116,Francis Lynch,Fran Lynch,RB,1945-12-03,,,
00-0021638,James Lynch,James Lynch,RB,1982-06-17,,,
00-0025399,Marshawn Lynch,Marshawn Lynch,RB,1986-04-22,2007,1,12
00-0033108,Paxton Lynch,Paxton Lynch,QB,1994-02-12,2016,1,26
00-0010194,Anthony Lynn,Anthony Lynn,RB,1968-12-21,,,
00-0010202,Mitchell Lyons,Mitch Lyons,TE,1970-05-13,1993,6,151
00-0010206,Matthew Lytle,Matt Lytle,QB,1975-09-04,,,
LYT415291,Robert Lytle,Rob Lytle,RB,1954-11-12,,,
00-0033802,KeVonn Mabon,KeVonn Mabon,WR,1993-10-02,,,
00-0036059,Tyler Mabry,Tyler Mabry,TE,1996-11-21,,,
MAC038839,Kenneth MacAfee,Ken MacAfee,TE,1956-01-09,,,
MAC240427,Michael Machurek,Mike Machurek,QB,1960-07-22,1982,6,154
00-0010224,Miles Macik,Miles Macik,WR,1973-09-15,,,
00-0035309,Alize Mack,Alize Mack,TE,1997-03-29,2019,7,231
00-0035869,Austin Mack,Austin Mack,WR,1997-08-31,,,
00-0010233,James Mack,Kevin Mack,RB,1962-08-09,,,
00-0033951,Marlon Mack,Marlon Mack,RB,1996-03-07,2017,4,143
00-0010240,Stacey Mack,Stacey Mack,RB,1975-06-26,,,
00-0010246,Chad Mackey,Chad Mackey,WR,1974-03-21,,,
MAC546425,Kyle Mackey,Kyle Mackey,QB,1962-03-02,1984,11,296
00-0041272,Ja'Mori Maclin,Ja'Mori Maclin,WR,2001-09-22,,,
00-0026995,Jeremy Maclin,Jeremy Maclin,WR,1988-05-11,2009,1,19
00-0021563,Nick Maddox,Nick Maddox,RB,1980-12-11,,,
00-0010261,Thomas Maddox,Tommy Maddox,QB,1971-09-02,1992,1,25
00-0021921,Adrian Madise,Adrian Madise,WR,1980-03-23,2003,5,158
00-0023897,John Madsen,John Madsen,TE,1983-05-09,,,
00-0028574,Mossis Madu,Mossis Madu,RB,1987-11-04,,,
00-0028543,Jeffrey Maehl,Jeff Maehl,WR,1989-03-16,,,
00-0040021,Phil Mafah,Phil Mafah,RB,2002-10-24,2025,7,239
MAG127782,Calvin Magee,Calvin Magee,TE,1963-04-23,,,
00-0031768,Terrence Magee,Terrence Magee,RB,1993-03-16,,,
00-0028486,Ryan Mahaffey,Ryan Mahaffey,RB,1987-11-28,,,
00-0021509,Sateki Mahe,Reno Mahe,RB,1980-06-03,,,
00-0033873,Patrick Mahomes,Patrick Mahomes,QB,1995-09-17,2017,1,10
00-0010284,Donald Majkowski,Don Majkowski,QB,1964-02-25,1987,10,255
00-0030958,Ben Malena,Ben Malena,RB,1992-05-29,,,
MAL158204,William Malinchak,Bill Malinchak,WR,1944-04-02,,,
00-0032650,Ryan Malleck,Ryan Malleck,TE,1993-07-22,,,
00-0027182,Martell Mallett,Martell Mallett,RB,1986-05-13,,,
00-0028012,Ryan Mallett,Ryan Mallett,QB,1988-06-05,2011,3,74
00-0038394,Will Mallory,Will Mallory,TE,1999-06-22,2023,5,162
MAL553714,Arthur Malone,Art Malone,RB,1948-03-20,,,
MAL593265,Ben Malone,Benny Malone,RB,1952-02-03,,,
00-0033859,Joshua Malone,Josh Malone,WR,1996-03-21,2017,4,128
MAL711918,Mark Malone,Mark Malone,QB,1958-11-22,1980,1,28
00-0010310,Toderick Malone,Toderick Malone,WR,1974-11-11,,,
00-0038928,Xavier Malone,Xavier Malone,WR,2000-03-06,,,
00-0023834,Chris Manderino,Chris Manderino,RB,1982-12-22,,,
MAN143748,James Mandich,Jim Mandich,TE,1948-07-30,,,
MAN159720,William Mandley,Pete Mandley,WR,1961-07-29,1984,2,47
00-0027567,Steven Maneri,Steve Maneri,TE,1988-03-20,,,
MAN175692,James Maness,James Maness,WR,1963-05-01,1985,3,78
00-0040253,Maximilian Mang,Maximilian Mang,TE,2000-03-13,,,
MAN207636,Mark Manges,Mark Manges,QB,1956-01-10,,,
00-0010333,Kris Mangum,Kris Mangum,TE,1973-08-15,1997,7,228
00-0031484,Christopher Manhertz,Chris Manhertz,TE,1992-04-10,,,
00-0041294,Joseph Manjack,Joseph Manjack,WR,2002-11-15,,,
00-0022819,Maurice Mann,Maurice Mann,WR,1982-09-14,2004,5,149
00-0010345,Brian Manning,Brian Manning,WR,1975-04-22,1997,6,170
00-0022803,Elisha Manning,Eli Manning,QB,1981-01-03,2004,1,1
MAN479160,Elisha Manning,Archie Manning,QB,1949-05-19,,,
00-0010346,Peyton Manning,Peyton Manning,QB,1976-03-24,1998,1,1
MAN543048,Wade Manning,Wade Manning,WR,1955-07-25,,,
00-0026235,Mario Manningham,Mario Manningham,WR,1986-05-25,2008,3,95
00-0032245,Sean Mannion,Sean Mannion,QB,1992-04-25,2015,3,89
00-0010350,Timote Manoa,Tim Manoa,RB,1964-09-09,1987,3,80
MAN734712,Daniel Manucci,Dan Manucci,QB,1957-09-03,,,
00-0030526,Erik Manuel,EJ Manuel,QB,1990-03-19,2013,1,16
MAN750684,Lionel Manuel,Lionel Manuel,WR,1962-04-13,1984,7,171
00-0010364,Sandor Manuel,Sean Manuel,TE,1973-12-01,1996,7,239
00-0020342,Brandon Manumaleuna,Brandon Manumaleuna,TE,1980-01-04,2001,4,129
00-0031409,Johnathan Manziel,Johnny Manziel,QB,1992-12-06,2014,1,22
00-0036706,Torrance Marable,C.J. Marable,RB,1997-02-02,,,
MAR007099,Gary Marangi,Gary Marangi,QB,1952-07-29,,,
00-0028062,Owen Marecic,Owen Marecic,RB,1988-10-04,2011,4,124
MAR127782,Kenneth Margerum,Ken Margerum,WR,1958-10-05,1981,3,67
00-0027816,Marc Mariani,Marc Mariani,WR,1987-05-02,2010,7,222
MAR141980,Edward Marinaro,Ed Marinaro,RB,1950-03-31,,,
00-0010379,Daniel Marino,Dan Marino,QB,1961-09-15,1983,1,27
MAR159727,Todd Marinovich,Todd Marinovich,QB,1969-07-04,1991,1,24
00-0026688,Brennan Marion,Brennan Marion,WR,1987-08-25,,,
00-0041266,Keelan Marion,Keelan Marion,WR,2000-06-22,,,
00-0032268,Marcus Mariota,Marcus Mariota,QB,1993-10-30,2015,1,2
MAR227168,Jeffrey Markland,Jeff Markland,TE,1965-11-16,,,
00-0040583,Jo'Quavious Marks,Woody Marks,RB,2000-12-29,2025,4,116
MAR262663,Steven Marks,Steve Marks,WR,1964-07-05,,,
00-0035817,Kyle Markway,Kyle Markway,TE,1997-03-04,,,
00-0024236,Laurence Maroney,Laurence Maroney,RB,1985-02-05,2006,1,21
00-0031818,Bradley Marquez,Bradley Marquez,WR,1992-12-14,,,
00-0010404,Vincent Marrow,Vince Marrow,TE,1968-08-17,1992,11,307
00-0010407,Curtis Marsh,Curtis Marsh,WR,1970-11-24,1995,7,219
MAR347851,Douglas Marsh,Doug Marsh,TE,1958-06-18,1980,2,33
00-0040260,Ahmani Marshall,Ahmani Marshall,RB,2002-03-21,,,
MAR362049,Albert Marshall,Al Marshall,WR,1951-01-07,,,
00-0010414,Arthur Marshall,Arthur Marshall,WR,1969-04-29,,,
00-0024334,Brandon Marshall,Brandon Marshall,WR,1984-03-23,2006,4,119
00-0032964,Byron Marshall,Byron Marshall,RB,1994-02-13,,,
00-0029977,Cameron Marshall,Cameron Marshall,RB,1991-10-14,,,
MAR397544,Edward Marshall,Ed Marshall,WR,1947-09-23,,,
MAR411742,Henry Marshall,Henry Marshall,WR,1954-08-09,,,
00-0032694,Jalin Marshall,Jalin Marshall,WR,1995-07-21,,,
00-0032806,Keith Marshall,Keith Marshall,RB,1994-02-16,2016,7,242
00-0035209,Marcus Marshall,Marcus Marshall,RB,1997-02-23,,,
00-0010424,Marvin Marshall,Marvin Marshall,WR,1972-06-21,,,
00-0023607,Rasheed Marshall,Rasheed Marshall,WR,1981-07-11,2005,5,174
00-0036955,Terrace Marshall,Terrace Marshall,WR,2000-06-09,2021,2,59
MAR468534,Warren Marshall,Warren Marshall,RB,1964-07-24,1987,6,167
00-0010436,Cecil Martin,Cecil Martin,RB,1975-07-08,1999,6,172
00-0026753,Charly Martin,Charly Martin,WR,1984-03-20,,,
00-0010442,Curtis Martin,Curtis Martin,RB,1973-05-01,1995,3,74
00-0020332,David Martin,David Martin,TE,1979-03-13,2001,6,198
00-0037524,Davontavean Martin,Tay Martin,WR,1997-12-14,,,
00-0029613,Douglas Martin,Doug Martin,RB,1989-01-13,2012,1,31
00-0010452,Eric Martin,Eric Martin,WR,1961-11-08,1985,7,179
00-0024362,Harry Martin,Ingle Martin,QB,1982-08-15,2006,5,148
00-0021387,Jamar Martin,Jamar Martin,RB,1980-04-12,2002,4,129
00-0010455,Jamie Martin,Jamie Martin,QB,1970-02-08,,,
00-0010460,Kelvin Martin,Kelvin Martin,WR,1965-05-14,1987,4,95
00-0029415,Keshawn Martin,Keshawn Martin,WR,1990-03-15,2012,4,121
MAR681504,Michael Martin,Mike Martin,WR,1960-11-18,1983,8,221
MAR688603,Robbie Martin,Robbie Martin,WR,1958-12-03,1981,4,100
00-0034708,Robert Martin,Robert Martin,RB,1995-09-04,,,
00-0022421,Ruvell Martin,Ruvell Martin,WR,1982-08-10,,,
00-0010470,Samson Martin,Sammy Martin,WR,1965-08-21,1988,4,97
00-0019633,Tamaurice Martin,Tee Martin,QB,1978-07-25,2000,5,163
00-0010477,Tony Martin,Tony Martin,WR,1965-09-05,1989,5,126
MAR745395,Tracy Martin,Tracy Martin,WR,1964-12-04,1987,6,161
00-0039648,David Martin-Robinson,David Martin-Robinson,TE,1999-12-26,,,
00-0029364,Joe Martinek,Joe Martinek,RB,1988-02-10,,,
00-0038658,Adrian Martinez,Adrian Martinez,QB,2000-01-07,,,
00-0040651,Damien Martinez,Damien Martinez,RB,2004-01-31,2025,7,223
00-0022613,Glenn Martinez,Glenn Martinez,WR,1981-11-30,,,
MAR780890,Richard Martini,Rich Martini,WR,1955-11-19,,,
00-0030737,Freddie Martino,Freddie Martino,WR,1991-09-07,,,
00-0036565,Ben Mason,Ben Mason,TE,1999-05-25,2021,5,184
00-0010500,Derrick Mason,Derrick Mason,WR,1974-01-17,1997,4,98
00-0037525,Jordan Mason,Jordan Mason,RB,1999-05-24,,,
00-0040974,Lance Mason,Lance Mason,TE,2003-09-19,,,
MAS151012,Larry Mason,Larry Mason,RB,1961-03-21,,,
00-0024561,Marcus Mason,Marcus Mason,RB,1984-06-23,,,
00-0031391,Trence Mason,Tre Mason,RB,1993-08-06,2014,3,75
00-0024458,Arnold Massaquoi,Tim Massaquoi,TE,1982-07-08,2006,7,244
00-0027026,Mohamed Massaquoi,Mohamed Massaquoi,WR,1986-11-24,2009,2,50
MAS453036,Richard Massie,Rick Massie,WR,1960-01-16,,,
MAS604048,William Masters,Billy Masters,TE,1944-03-15,,,
00-0010522,Le'Shai Maston,Le'Shai Maston,RB,1970-10-07,,,
00-0027445,Jeron Mastrud,Jeron Mastrud,TE,1987-12-17,,,
00-0040244,Moliki Matavao,Moliki Matavao,TE,2003-03-17,2025,7,248
00-0033691,I'Tavius Mathers,I'Tavius Mathers,RB,1993-11-19,,,
00-0027365,Gregory Mathews,Greg Mathews,WR,1988-01-28,,,
00-0030738,Jeff Mathews,Jeff Mathews,QB,1991-08-25,,,
00-0032817,Mitch Mathews,Mitch Mathews,WR,1991-04-15,,,
00-0027864,Ryan Mathews,Ryan Mathews,RB,1987-10-10,2010,1,12
00-0023549,Jerome Mathis,Jerome Mathis,WR,1983-07-26,2005,4,114
00-0010539,Terance Mathis,Terance Mathis,WR,1967-06-07,1990,6,140
00-0023777,Wendell Mathis,Wendell Mathis,RB,1983-09-28,,,
MAT266407,Bruce Mathison,Bruce Mathison,QB,1959-04-25,1983,10,272
MAT485801,Allama Matthews,Allama Matthews,TE,1961-08-24,1983,12,322
00-0010547,Aubrey Matthews,Aubrey Matthews,WR,1962-09-15,,,
00-0028702,Christopher Matthews,Chris Matthews,WR,1989-10-06,,,
MAT564156,Ira Matthews,Ira Matthews,RB,1957-08-23,,,
00-0038726,Jesse Matthews,Jesse Matthews,WR,1999-08-12,,,
00-0026665,John Matthews,John Matthews,WR,1986-07-19,,,
00-0031299,Jordan Matthews,Jordan Matthews,TE,1992-07-16,2014,2,42
00-0010560,Michael Matthews,Shane Matthews,QB,1970-06-01,,,
00-0024682,Michael Matthews,Michael Matthews,TE,1983-10-09,,,
00-0029580,Rishard Matthews,Rishard Matthews,WR,1989-10-12,2012,7,227
00-0010561,Stephen Matthews,Steve Matthews,QB,1970-10-13,1994,7,199
00-0023033,William Matthews,Will Matthews,RB,1981-04-30,,,
MAT642511,William Matthews,Bo Matthews,RB,1951-11-15,,,
00-0034972,Alexander Mattison,Alexander Mattison,RB,1998-06-19,2019,3,102
00-0021565,Grant Mattos,Grant Mattos,WR,1981-03-12,,,
00-0022768,Matthew Mauck,Matt Mauck,QB,1979-02-12,2004,7,225
MAU711924,Richard Mauti,Rich Mauti,WR,1954-05-25,,,
MAX311466,Alvin Maxson,Alvin Maxson,RB,1951-11-12,,,
00-0030727,Jacob Maxwell,Jacob Maxwell,TE,1991-01-04,,,
00-0023655,Marcus Maxwell,Marcus Maxwell,WR,1983-07-08,2005,7,223
00-0010589,Bert May,Deems May,TE,1969-03-06,1992,7,174
00-0010587,Chad May,Chad May,QB,1971-09-28,,,
MAY050338,Dean May,Dean May,QB,1962-05-26,1984,5,138
MAY100676,Marc May,Marc May,TE,1956-01-01,,,
00-0010592,Sherriden May,Sherriden May,RB,1973-08-10,,,
MAY276859,James Mayberry,James Mayberry,RB,1957-11-05,,,
00-0039851,Drake Maye,Drake Maye,QB,2002-08-30,2024,1,3
00-0032653,Kelvin Maye,K.J. Maye,WR,1994-02-25,,,
00-0039066,Michael Mayer,Michael Mayer,TE,2001-07-06,2023,2,35
00-0010598,Alonzo Mayes,Alonzo Mayes,TE,1975-06-04,1998,4,94
00-0010599,Derrick Mayes,Derrick Mayes,WR,1974-01-28,1996,2,56
00-0010602,Rueben Mayes,Rueben Mayes,RB,1963-06-06,1986,3,57
00-0034855,Baker Mayfield,Baker Mayfield,QB,1995-04-14,2018,1,1
00-0024803,Scott Mayle,Scott Mayle,WR,1983-10-14,,,
00-0032188,Vincent Mayle,Vince Mayle,TE,1991-06-12,2015,4,123
MAY654394,Ronald Mayo,Ron Mayo,TE,1950-10-11,,,
00-0010617,Damon Mays,Damon Mays,WR,1968-05-20,1991,9,235
MAY729901,David Mays,Dave Mays,QB,1949-06-20,,,
00-0033304,Devante Mays,Devante Mays,RB,1994-05-26,2017,7,238
MAY780239,Jerry Mays,Jerry Mays,RB,1967-12-08,,,
00-0021309,Lee Mays,Lee Mays,WR,1978-09-18,2002,6,202
00-0030144,Miguel Maysonet,Miguel Maysonet,RB,1989-12-13,,,
00-0021094,Jason McAddley,Jason McAddley,WR,1979-07-28,2002,5,149
MCA276860,Derrick McAdoo,Derrick McAdoo,RB,1965-04-02,,,
00-0010632,Fred McAfee,Fred McAfee,RB,1968-06-20,1991,6,154
MCA553720,James McAlister,James McAlister,RB,1951-09-05,,,
00-0020527,Dulymus McAllister,Deuce McAllister,RB,1978-12-27,2001,1,23
00-0037450,Tyreik McAllister,Tyreik McAllister,WR,1998-04-07,,,
00-0039046,DeWayne McBride,DeWayne McBride,RB,2001-07-08,2023,7,222
00-0032123,Douglas McBride,Tre McBride,WR,1992-12-01,2015,7,245
MCB722424,Oscar McBride,Oscar McBride,TE,1972-07-23,,,
MCB732924,Richard McBride,Adrian McBride,WR,1963-03-23,,,
00-0026076,Shaheer McBride,Shaheer McBride,WR,1985-02-06,,,
00-0037744,Trey McBride,Trey McBride,TE,1999-11-22,2022,2,55
00-0033280,Christian McCaffrey,Christian McCaffrey,RB,1996-06-07,2017,1,8
00-0010650,Edward McCaffrey,Ed McCaffrey,WR,1968-08-17,1991,3,83
00-0039355,Luke McCaffrey,Luke McCaffrey,WR,2001-04-02,2024,3,100
00-0032937,Max McCaffrey,Max McCaffrey,WR,1994-05-17,,,
MCC074745,Joseph McCall,Joe McCall,RB,1962-02-17,1984,3,84
MCC083050,Reese McCall,Reese McCall,TE,1956-06-16,,,
MCC116270,Napoleon McCallum,Napoleon McCallum,RB,1963-10-06,1986,4,108
00-0020464,Darnerien McCants,Darnerien McCants,WR,1978-08-01,2001,5,154
00-0010668,Keenan McCardell,Keenan McCardell,WR,1970-01-06,1991,12,326
00-0020381,Justin McCareins,Justin McCareins,WR,1978-12-01,2001,4,124
00-0031288,Raymond McCarron,AJ McCarron,QB,1990-09-13,2014,5,164
00-0033773,Riley McCarron,Riley McCarron,WR,1993-06-16,,,
MCC199320,John McCarthy,John McCarthy,QB,1961-01-31,,,
00-0039923,Jonathan McCarthy,J.J. McCarthy,QB,2003-01-20,2024,1,10
MCC249150,Donald McCauley,Don McCauley,RB,1949-05-12,,,
00-0041267,Malik McClain,Malik McClain,WR,2002-10-08,,,
MCC357115,Brent McClanahan,Brent McClanahan,RB,1951-09-21,,,
00-0039393,Jase McClellan,Jase McClellan,RB,2002-06-25,2024,6,186
00-0024660,Julius McClellan,Julius McClellan,WR,1983-04-18,,,
MCC398640,Willie McClendon,Willie McClendon,RB,1957-09-13,,,
00-0010702,Lee McClinton,Lee McClinton,RB,1972-08-02,,,
MCC415250,Michael McCloskey,Mike McCloskey,TE,1961-02-02,1983,4,88
00-0034407,Raymond McCloud,Ray-Ray McCloud,WR,1996-10-15,2018,6,187
MCC440165,Brian McClure,Brian McClure,QB,1963-12-28,1986,12,313
MCC465080,David McCluskey,David McCluskey,RB,1963-11-05,1987,10,269
00-0027651,Dexter McCluster,Dexter McCluster,WR,1988-08-25,2010,2,36
00-0039915,Andrew McConkey,Ladd McConkey,WR,2001-11-11,2024,2,34
MCC514910,Philip McConkey,Phil McConkey,WR,1957-02-24,,,
00-0020793,Eric McCoo,Eric McCoo,RB,1980-09-06,,,
00-0020340,John McCord,Quentin McCord,WR,1978-06-26,2001,7,236
00-0040014,Kyle McCord,Kyle McCord,QB,2002-09-19,2025,6,181
00-0037509,Sincere McCormick,Sincere McCormick,RB,2000-09-10,,,
00-0010736,Kezarrick McCorvey,Kez McCorvey,WR,1972-01-23,1995,5,156
00-0021206,Joshua McCown,Josh McCown,QB,1979-07-04,2002,3,81
00-0022864,Luke McCown,Luke McCown,QB,1981-07-12,2004,4,106
00-0027688,Daniel McCoy,Colt McCoy,QB,1986-09-05,2010,3,85
00-0027306,Jamie McCoy,Jamie McCoy,TE,1987-07-21,,,
00-0023658,LeRon McCoy,LeRon McCoy,WR,1982-01-24,2005,7,226
00-0027029,LeSean McCoy,LeSean McCoy,RB,1988-07-12,2009,2,53
00-0010743,Mike McCoy,Mike McCoy,QB,1972-04-01,,,
00-0027783,Robert McCoy,Anthony McCoy,TE,1987-12-28,2010,6,185
00-0010747,Freddy McCrary,Fred McCrary,RB,1972-09-19,1995,6,208
MCC647790,Gregory McCrary,Greg McCrary,TE,1952-03-24,,,
00-0036582,Nate McCrary,Nate McCrary,RB,1999-04-09,,,
00-0020044,Scott McCready,Scott McCready,WR,1977-02-01,,,
MCC689315,Loaird McCreary,Loaird McCreary,TE,1953-03-15,,,
00-0041158,Donaven McCulley,Donaven McCulley,WR,2003-01-15,,,
MCC747450,Earl McCullouch,Earl McCullouch,WR,1946-01-10,,,
00-0010762,Antwone McCullough,Andy McCullough,WR,1975-11-11,1998,7,204
00-0010764,Deland McCullough,Deland McCullough,RB,1972-12-01,,,
00-0021581,Sultan McCullough,Sultan McCullough,RB,1980-02-20,,,
00-0023863,Justin McCullum,Justin McCullum,WR,1982-10-05,,,
MCC788975,Samuel McCullum,Sam McCullum,WR,1952-11-30,,,
00-0037055,Lance McCutcheon,Lance McCutcheon,WR,1999-02-28,,,
00-0010786,Jeremy McDaniel,Jeremy McDaniel,WR,1976-05-02,,,
MCD059325,Johnnie McDaniel,Johnnie McDaniel,WR,1951-09-23,,,
00-0024547,Marquay McDaniel,Marquay McDaniel,WR,1984-04-20,,,
MCD098875,Orlando McDaniel,Orlando McDaniel,WR,1960-12-01,1982,2,50
00-0020293,Sean McDermott,Sean McDermott,TE,1976-12-05,,,
MCD217525,Mardye McDole,Mardye McDole,WR,1959-05-01,1981,2,39
00-0040615,Cade McDonald,Cade McDonald,WR,2001-05-07,,,
00-0010796,Darnell McDonald,Darnell McDonald,WR,1976-05-26,1999,7,240
MCD316400,Dwight McDonald,Dwight McDonald,WR,1951-05-24,,,
MCD375725,James McDonald,James McDonald,TE,1961-03-29,,,
MCD494375,Paul McDonald,Paul McDonald,QB,1958-02-23,1980,4,109
MCD548312,Roderick McDonald,Keith McDonald,WR,1963-11-07,,,
00-0021981,Shaun McDonald,Shaun McDonald,WR,1981-06-30,2003,4,106
00-0030470,Vance McDonald,Vance McDonald,TE,1990-06-13,2013,2,55
00-0020185,Brady McDonnell,Brady McDonnell,TE,1977-07-24,,,
00-0019268,Kevin McDougal,Kevin McDougal,RB,1977-05-18,,,
00-0010824,Otis McDuffie,O.J. McDuffie,WR,1969-12-02,1993,1,25
00-0034735,Codey McElroy,Codey McElroy,TE,1992-12-13,,,
00-0028146,Gregory McElroy,Greg McElroy,QB,1988-05-10,2011,7,208
00-0010827,Leeland McElroy,Leeland McElroy,RB,1974-06-25,1996,2,32
00-0032475,Tanner McEvoy,Tanner McEvoy,WR,1993-01-26,,,
00-0010833,Craig McEwen,Craig McEwen,TE,1965-12-16,,,
00-0026144,Darren McFadden,Darren McFadden,RB,1987-08-27,2008,1,4
MCF369148,Thaddeus McFadden,Thad McFadden,WR,1962-08-14,,,
00-0036336,Anthony McFarland,Anthony McFarland,RB,1999-03-04,2020,4,124
MCF553722,James McFarland,Jim McFarland,TE,1947-10-04,,,
00-0033042,M.J. McFarland,M.J. McFarland,TE,1992-07-25,,,
00-0031924,Michael McFarland,Mike McFarland,TE,1991-11-15,,,
00-0024542,Christopher McFoy,Chris McFoy,WR,1983-08-14,,,
00-0027510,Chris McGaha,Chris McGaha,WR,1986-10-21,,,
00-0022178,Willis McGahee,Willis McGahee,RB,1981-10-21,2003,1,23
00-0010843,Wane McGarity,Wane McGarity,WR,1976-09-30,1999,4,118
00-0010849,Buford McGee,Buford McGee,RB,1960-08-16,1984,11,286
00-0028766,Edward McGee,Eddie McGee,WR,1988-01-23,,,
00-0032997,Jacob McGee,Jake McGee,TE,1991-09-19,,,
00-0010856,Reggie McGee,Reggie McGee,WR,1969-11-08,,,
00-0027071,Stephen McGee,Stephen McGee,QB,1985-09-27,2009,4,101
MCG207636,Sylvester McGee,Molly McGee,RB,1952-08-26,,,
00-0010857,Timothy McGee,Tim McGee,WR,1964-08-07,1986,1,21
00-0010859,Tony McGee,Tony McGee,TE,1971-04-21,1993,2,37
MCG271524,Willie McGee,Willie McGee,WR,1950-05-14,,,
00-0020119,Philip McGeoghan,Phil McGeoghan,WR,1979-07-08,,,
MCG319440,Richard McGeorge,Rich McGeorge,TE,1948-09-14,,,
MCG367356,Edward McGill,Eddie McGill,TE,1960-07-05,1982,10,259
00-0030419,Matthew McGloin,Matt McGloin,QB,1989-12-02,,,
00-0010876,Joseph McGonnigal,Bruce McGonnigal,TE,1968-05-01,1991,9,238
00-0034732,Alexander McGough,Alex McGough,QB,1995-11-19,2018,7,220
00-0037172,Kyric McGowan,Kyric McGowan,WR,1999-11-01,,,
MCG543048,Reginald McGowan,Reggie McGowan,WR,1964-09-25,,,
00-0041125,Seth McGowan,Seth McGowan,RB,2001-10-23,2026,7,237
00-0035658,Taj McGowan,Taj McGowan,RB,1996-12-30,,,
MCG606936,Mark McGrath,Mark McGrath,WR,1957-12-17,,,
00-0029391,Sean McGrath,Sean McGrath,TE,1987-12-03,,,
MCG670824,Keli McGregor,Keli McGregor,TE,1963-01-23,1985,4,110
00-0023349,Michael McGrew,Michael McGrew,WR,1982-05-17,,,
MCG750684,Lee McGriff,Lee McGriff,WR,1953-10-03,,,
00-0010892,William McGriff,Travis McGriff,WR,1976-06-24,1999,3,93
00-0022311,Dustin McGrorty,Dusty McGrorty,RB,1981-05-09,,,
00-0029757,Samuel McGuffie,Sam McGuffie,WR,1989-10-16,,,
00-0033295,Elijah McGuire,Elijah McGuire,RB,1994-06-01,2017,6,188
MCG798600,Monte McGuire,Monte McGuire,QB,1964-05-07,,,
00-0010898,Roy McGuire,Kaipo McGuire,WR,1974-01-16,,,
00-0010904,Daniel McGwire,Dan McGwire,QB,1967-12-18,1991,1,16
00-0022724,Sean McHugh,Sean McHugh,TE,1982-05-27,2004,7,241
MCI498348,Joseph McIntosh,Joe McIntosh,RB,1962-12-09,1985,5,118
00-0038636,Kenneth McIntosh,Kenny McIntosh,RB,2000-03-03,2023,7,237
MCI553720,Bruce McIntyre,Bruce McIntyre,RB,1965-05-19,,,
MCI719836,Secdrick McIntyre,Secdrick McIntyre,RB,1954-06-02,,,
MCI775208,Richard McIvor,Rick McIvor,QB,1960-09-26,1984,3,80
MCK059326,John McKay,John McKay,WR,1953-03-28,,,
00-0032351,Mekale McKay,Mekale McKay,WR,1993-08-04,,,
00-0010927,Orlando McKay,Orlando McKay,WR,1969-10-02,,,
00-0038400,Tanner McKee,Tanner McKee,QB,2000-04-27,2023,6,188
00-0010934,James McKeehan,James McKeehan,TE,1973-08-09,,,
00-0010936,Terrell McKeller,Keith McKeller,TE,1964-07-09,1987,9,227
00-0033466,Isaiah McKenzie,Isaiah McKenzie,WR,1995-04-09,2017,5,172
00-0010942,Kevin McKenzie,Kevin McKenzie,WR,1975-09-20,,,
00-0036032,Sean McKeon,Sean McKeon,TE,1997-12-28,,,
00-0034322,Pharoah McKever,Pharoah McKever,TE,1994-02-04,,,
00-0020805,Jason McKie,Jason McKie,RB,1980-05-22,,,
00-0010951,Dennis McKinley,Dennis McKinley,RB,1976-11-03,1999,6,206
00-0036750,Javon McKinley,Javon McKinley,WR,1998-04-10,,,
00-0027102,Kenny McKinley,Kenny McKinley,WR,1987-01-31,2009,5,141
MCK563597,Zion McKinney,Zion McKinney,WR,1958-02-10,,,
MCK593260,Hugh McKinnis,Hugh McKinnis,RB,1948-06-09,,,
MCK622923,Dennis McKinnon,Dennis McKinnon,WR,1961-08-22,,,
00-0031376,Jerick McKinnon,Jerick McKinnon,RB,1992-05-03,2014,3,96
00-0032602,Joshua McKissic,J.D. McKissic,RB,1993-08-15,,,
00-0037011,Tre' McKitty,Tre' McKitty,TE,1999-01-12,2021,3,97
00-0010974,James McKnight,James McKnight,WR,1972-06-17,,,
00-0027712,Joseph McKnight,Joe McKnight,RB,1988-04-16,2010,4,112
00-0034949,Kelvin McKnight,Kelvin McKnight,WR,1997-04-25,,,
00-0028165,Scotty McKnight,Scotty McKnight,WR,1988-02-11,2011,7,227
MCK741575,Theodore McKnight,Ted McKnight,RB,1954-02-26,,,
00-0036531,Isaiah McKoy,Isaiah McKoy,WR,2000-01-23,,,
00-0039399,Tanner McLachlan,Tanner McLachlan,TE,1999-03-15,2024,6,194
00-0038794,Jaleel McLaughlin,Jaleel McLaughlin,RB,2000-09-13,,,
00-0035659,Terry McLaurin,Terry McLaurin,WR,1995-09-15,2019,3,76
MCL480854,Christopher McLemore,Chris McLemore,RB,1963-12-31,1987,11,288
MCL524568,Dana McLemore,Dana McLemore,RB,1960-07-01,1982,10,269
00-0010994,Kevin McLeod,Kevin McLeod,RB,1974-10-17,1998,6,182
00-0024469,Kevin McMahan,Kevin McMahan,WR,1983-03-02,,,
00-0010997,James McMahon,Jim McMahon,QB,1959-08-21,1982,1,5
00-0020308,Michael McMahon,Mike McMahon,QB,1979-02-08,2001,5,149
MCM199338,John McMakin,John McMakin,TE,1950-09-24,,,
MCM232561,Daniel McManus,Danny McManus,QB,1965-06-17,,,
00-0036652,Racey McMath,Racey McMath,WR,1999-06-14,2021,6,205
00-0021236,Randy McMichael,Randy McMichael,TE,1979-06-28,2002,4,114
00-0040984,Donnie McMillan,Dontae McMillan,RB,2001-08-04,,,
00-0039855,Jalen McMillan,Jalen McMillan,WR,2001-12-07,2024,3,92
MCM498345,Lewis McMillan,Randy McMillan,RB,1958-12-17,1981,1,12
00-0040124,Tetairoa McMillan,Tetairoa McMillan,WR,2003-04-05,2025,1,8
00-0018997,Kirk McMullen,Kirk McMullen,TE,1977-07-19,,,
00-0022135,Wilbur McMullen,Billy McMullen,WR,1980-03-08,2003,3,95
00-0011020,Gregory McMurtry,Greg McMurtry,WR,1967-10-15,1990,3,80
00-0011021,Dexter McNabb,Dexter McNabb,RB,1969-07-09,1992,5,119
00-0011022,Donovan McNabb,Donovan McNabb,QB,1976-11-25,1999,1,2
00-0011024,Steve McNair,Steve McNair,QB,1973-02-14,1995,1,3
00-0011025,Todd McNair,Todd McNair,RB,1965-10-07,1989,8,220
00-0024407,Reginald McNeal,Reggie McNeal,WR,1983-09-20,2006,6,193
00-0027589,Shawnbrey McNeal,Shawnbrey McNeal,RB,1988-10-17,,,
00-0011031,Travis McNeal,Travis McNeal,TE,1967-01-10,1989,4,101
00-0031487,Douglas McNeil,Douglas McNeil,WR,1988-07-22,,,
00-0011035,Freeman McNeil,Freeman McNeil,RB,1959-04-22,1981,1,3
MCN553712,Gerald McNeil,Gerald McNeil,WR,1962-03-27,,,
MCN588319,Patrick McNeil,Pat McNeil,RB,1954-02-28,,,
00-0028651,Michael McNeill,Mike McNeill,TE,1988-03-07,,,
MCN682252,Rodney McNeill,Rod McNeill,RB,1951-03-26,,,
00-0033955,Jeremy McNichols,Jeremy McNichols,RB,1995-12-26,2017,5,162
00-0011044,Cade McNown,Cade McNown,QB,1977-01-12,1999,1,12
00-0029424,Marvin McNutt,Marvin McNutt,WR,1989-07-04,2012,6,194
00-0011045,Jerris McPhail,Jerris McPhail,RB,1972-06-26,1996,5,134
00-0023585,Adrian McPherson,Adrian McPherson,QB,1983-05-08,,,
MCP519110,Donald McPherson,Don McPherson,QB,1965-04-02,,,
MCQ553720,Leon McQuay,Leon McQuay,RB,1950-03-19,,,
MCQ692150,Kim McQuilken,Kim McQuilken,QB,1951-02-26,,,
00-0027254,Brandon McRae,Brandon McRae,WR,1986-03-05,,,
MCR355962,Jerrold McRae,Jerrold McRae,WR,1955-04-09,,,
00-0041263,Lake McRee,Lake McRee,TE,2002-09-04,,,
00-0032679,Paul McRoberts,Paul McRoberts,WR,1992-11-15,,,
00-0035146,Richard McSorley,Trace McSorley,QB,1995-08-23,2019,6,197
MCS498348,Anthony McSwain,Chuck McSwain,RB,1961-02-21,1983,5,135
00-0011068,Johnny McWilliams,Johnny McWilliams,TE,1972-12-14,1996,3,64
00-0025414,Robert Meachem,Robert Meachem,WR,1984-09-28,2007,1,27
MEA191673,Michael Meade,Mike Meade,RB,1960-02-12,1982,5,126
00-0019534,Rondell Mealey,Rondell Mealey,RB,1977-02-24,2000,7,252
00-0039386,Jerrod Means,Bub Means,WR,2001-01-10,2024,5,170
00-0011081,Natrone Means,Natrone Means,RB,1972-04-26,1993,2,41
00-0028798,Richard Medlin,Richard Medlin,RB,1987-03-04,,,
MEE138430,Gregory Meehan,Greg Meehan,WR,1963-04-27,,,
00-0040390,Jackson Meeks,Jackson Meeks,WR,2003-03-24,,,
00-0011095,David Meggett,Dave Meggett,RB,1966-04-30,1989,5,132
00-0029517,Davin Meggett,Davin Meggett,RB,1990-03-22,,,
00-0035367,Carson Meier,Carson Meier,TE,1995-06-29,,,
00-0027764,Kerry Meier,Kerry Meier,WR,1986-11-12,2010,5,165
00-0020476,Shadley Meier,Shad Meier,TE,1978-06-07,2001,3,90
00-0041542,Malick Meiga,Malick Meiga,WR,2001-03-25,,,
00-0029896,Aaron Mellette,Aaron Mellette,WR,1989-12-28,2013,7,238
00-0040220,Tommy Mellott,Tommy Mellott,WR,2001-10-16,2025,6,213
00-0037091,Miles Melton,Bo Melton,WR,1999-05-18,2022,7,229
00-0026163,Rashard Mendenhall,Rashard Mendenhall,RB,1987-06-19,2008,1,23
00-0041562,Fernando Mendoza,Fernando Mendoza,QB,2003-10-01,2026,1,1
00-0031912,Cameron Meredith,Cameron Meredith,WR,1992-09-21,,,
MER326293,Guido Merkens,Guido Merkens,WR,1955-08-14,,,
00-0019510,Ahmad Merritt,Ahmad Merritt,WR,1977-02-05,,,
00-0035844,Kirk Merritt,Kirk Merritt,WR,1997-01-05,,,
00-0026379,Mike Merritt,Mike Merritt,TE,1984-09-03,2008,7,239
00-0038965,Ellis Merriweather,Ellis Merriweather,RB,1999-04-07,,,
00-0040211,Graham Mertz,Graham Mertz,QB,2000-12-06,2025,6,197
00-0041264,Chamon Metayer,Chamon Metayer,TE,2002-12-02,,,
00-0035640,DeKaylin Metcalf,DK Metcalf,WR,1997-12-14,2019,2,64
00-0011151,Eric Metcalf,Eric Metcalf,WR,1968-01-23,1989,1,13
MET355962,Terrance Metcalf,Terry Metcalf,WR,1951-09-24,,,
00-0037614,John Metchie,John Metchie,WR,2000-07-18,2022,2,44
00-0031266,Zachary Mettenberger,Zach Mettenberger,QB,1991-07-16,2014,6,178
00-0011156,Peter Metzelaars,Pete Metzelaars,TE,1960-05-24,1982,3,75
00-0040785,Dohnte Meyers,Dohnte Meyers,WR,2000-07-06,,,
00-0034960,Jakobi Meyers,Jakobi Meyers,WR,1996-11-09,,,
MIA207645,Lawrence Mialik,Larry Mialik,TE,1950-05-15,,,
00-0030432,Christine Michael,Christine Michael,RB,1990-11-09,2013,2,62
00-0032609,Marken Michel,Marken Michel,WR,1993-04-06,,,
00-0034845,Sony Michel,Sony Michel,RB,1995-02-17,2018,1,31
MIC635141,Robert Micho,Bobby Micho,TE,1962-03-07,1984,10,272
00-0011183,Arnold Mickens,Arnold Mickens,RB,1972-10-12,,,
00-0033006,Jaydon Mickens,Jaydon Mickens,WR,1994-04-21,,,
00-0011187,Terry Mickens,Terry Mickens,WR,1971-02-21,1994,5,146
00-0011188,Joey Mickey,Joey Mickey,TE,1970-11-29,1993,7,190
00-0011189,Joseph Mickles,Joe Mickles,RB,1965-12-25,1989,12,317
MID166116,Oren Middlebrook,Oren Middlebrook,WR,1953-01-23,,,
00-0022403,Brandon Middleton,Brandon Middleton,WR,1981-01-02,,,
MID332232,Franklin Middleton,Frank Middleton,RB,1960-10-28,,,
00-0011197,Ronald Middleton,Ron Middleton,TE,1965-07-17,,,
MID664464,Terdell Middleton,Terdell Middleton,RB,1955-04-08,,,
MIK249174,Russell Mikeska,Russ Mikeska,TE,1955-09-10,,,
MIL016446,Donald Milan,Don Milan,QB,1949-01-12,,,
00-0011210,Scott Milanovich,Scott Milanovich,QB,1973-01-25,,,
00-0011213,Glyn Milburn,Glyn Milburn,WR,1971-02-19,1993,2,43
00-0011222,Ostell Miles,Ostell Miles,RB,1970-08-06,1992,9,226
00-0011224,Itula Mili,Itula Mili,TE,1973-04-20,1997,6,174
00-0011230,Hugh Millen,Hugh Millen,QB,1963-11-22,1986,3,71
00-0037448,Andre Miller,Dre Miller,WR,1998-04-18,,,
00-0028889,Anthony Miller,Anthony Miller,TE,1990-01-22,,,
00-0034353,Anthony Miller,Anthony Miller,WR,1994-10-09,2018,2,51
00-0020781,Ben Miller,Ben Miller,RB,1979-08-18,,,
00-0011236,Billy Miller,Billy Miller,TE,1977-04-24,1999,7,218
00-0033069,Braxton Miller,Braxton Miller,WR,1992-11-30,2016,3,85
00-0040222,Cam Miller,Cam Miller,QB,2001-06-18,2025,6,215
00-0011244,Christopher Miller,Chris Miller,QB,1965-08-09,1987,1,13
MIL197352,Cleophus Miller,Cleo Miller,RB,1952-09-05,,,
00-0039230,Dante Miller,Dante Miller,RB,1999-05-14,,,
00-0023961,Derek Miller,Derek Miller,TE,1983-06-10,,,
00-0034524,Dorren Miller,Dorren Miller,WR,1994-08-03,,,
00-0023465,Earl Miller,Heath Miller,TE,1982-10-22,2005,1,30
00-0011263,Edward Miller,Eddie Miller,WR,1969-06-20,1992,9,225
00-0041129,Jamarion Miller,Jam Miller,RB,2004-04-29,2026,7,245
00-0011276,James Miller,Jim Miller,QB,1971-02-09,,,
00-0038551,Kendre Miller,Kendre Miller,RB,2002-06-11,2023,3,71
MIL370035,Kevin Miller,Kevin Miller,WR,1955-03-21,,,
00-0028415,Kyle Miller,Kyle Miller,TE,1988-04-18,,,
00-0029615,Lamar Miller,Lamar Miller,RB,1991-04-25,2012,4,97
00-0011233,Lawrence Miller,Anthony Miller,WR,1965-04-15,1988,1,15
MIL378258,Lawrence Miller,Larry Miller,QB,1962-02-08,,,
00-0027423,Lonyae Miller,Lonyae Miller,RB,1988-04-29,,,
MIL411150,Mark Miller,Mark Miller,QB,1962-11-06,,,
MIL419373,Mark Miller,Mark Miller,QB,1956-08-13,,,
00-0032352,Michael Miller,Michael Miller,TE,1991-09-23,,,
MIL441986,Michael Miller,Mike Miller,WR,1959-12-29,1983,4,104
00-0026536,Nick Miller,Nick Miller,WR,1987-03-29,,,
MIL509826,Robert Miller,Robert Miller,RB,1953-01-09,,,
00-0020246,Romaro Miller,Romaro Miller,QB,1978-09-12,,,
00-0038824,Ryan Miller,Ryan Miller,WR,2000-02-20,,,
00-0011310,Scott Miller,Scott Miller,WR,1968-10-20,1991,9,246
00-0035298,Scott Miller,Scott Miller,WR,1997-07-31,2019,6,208
MIL550941,Selvia Miller,Junior Miller,TE,1957-11-26,1980,1,7
MIL567387,Solomon Miller,Solomon Miller,WR,1964-12-06,1986,6,157
00-0029885,Steven Miller,Steven Miller,RB,1991-03-23,,,
MIL575610,Terry Miller,Terry Miller,RB,1956-01-07,,,
MIL624948,Willie Miller,Willie Miller,WR,1947-04-26,,,
00-0027125,Zach Miller,Zach Miller,TE,1984-10-04,2009,6,180
00-0025425,Zachary Miller,Zach Miller,TE,1985-12-11,2007,2,38
00-0011323,James Milling,James Milling,WR,1965-02-14,1988,11,278
00-0036898,Davis Mills,Davis Mills,QB,1998-10-21,2021,3,67
00-0011328,Ernest Mills,Ernie Mills,WR,1968-10-28,1991,3,73
00-0011333,John Mills,John Henry Mills,RB,1969-10-31,1993,5,131
00-0024321,Michael Mills,Garrett Mills,TE,1983-10-12,2006,4,106
00-0020220,Shawn Mills,Shawn Mills,WR,1977-02-10,,,
00-0011341,Brian Milne,Brian Milne,RB,1973-01-07,1996,4,115
00-0036671,Dax Milne,Dax Milne,WR,1999-06-23,2021,7,258
00-0025520,Martrez Milner,Martrez Milner,TE,1984-08-08,2007,4,133
00-0021275,Freddie Milons,Freddie Milons,WR,1980-06-27,,,
00-0040673,Jalen Milroe,Jalen Milroe,QB,2002-12-13,2025,3,92
00-0039398,Joe Milton,Joe Milton,QB,2000-03-06,2024,6,193
00-0039266,Kendall Milton,Kendall Milton,RB,2002-02-10,,,
00-0011351,David Mims,David Mims,WR,1970-07-07,,,
00-0036255,Denzel Mims,Denzel Mims,WR,1997-10-10,2020,2,59
00-0038678,Jordan Mims,Jordan Mims,RB,1999-06-16,,,
00-0038976,Marvin Mims,Marvin Mims,WR,2002-03-19,2023,2,63
00-0024769,Fontel Mines,Fontel Mines,TE,1985-02-26,,,
00-0039062,Jonathan Mingo,Jonathan Mingo,WR,2001-04-20,2023,2,39
00-0020272,Marvin Minnis,Snoop Minnis,WR,1977-02-06,2001,3,77
00-0027367,Brandon Minor,Brandon Minor,RB,1988-07-24,,,
00-0020448,Travis Minor,Travis Minor,RB,1979-06-30,2001,3,85
00-0035289,Gardner Minshew,Gardner Minshew,QB,1996-05-16,2019,6,178
MIN635141,Cedric Minter,Cedric Minter,RB,1958-11-13,,,
00-0011374,Frank Miotke,Frank Miotke,WR,1965-12-22,,,
00-0022773,Brandon Miree,Brandon Miree,RB,1981-04-14,2004,7,247
00-0011378,Rick Mirer,Rick Mirer,QB,1970-03-19,1993,1,2
MIS664464,John Mistler,John Mistler,WR,1958-10-28,1981,3,59
00-0039890,Adonai Mitchell,Adonai Mitchell,WR,2002-10-08,2024,2,52
00-0011392,Basil Mitchell,Basil Mitchell,RB,1975-09-07,,,
00-0011399,Brian Mitchell,Brian Mitchell,RB,1968-08-18,1990,5,130
00-0034901,Bryant Mitchell,Bryant Mitchell,WR,1992-08-16,,,
00-0027776,Carlton Mitchell,Carlton Mitchell,WR,1988-04-06,2010,6,177
00-0011405,Derrell Mitchell,Derrell Mitchell,WR,1971-09-16,1994,6,176
00-0035002,Dillon Mitchell,Dillon Mitchell,WR,1997-05-16,2019,7,239
00-0036567,Elijah Mitchell,Elijah Mitchell,RB,1998-05-02,2021,6,194
00-0020497,Freddie Mitchell,Freddie Mitchell,WR,1978-11-28,2001,1,25
00-0037282,James Mitchell,James Mitchell,TE,1999-08-11,2022,5,177
MIT359168,James Mitchell,Jim Mitchell,TE,1947-10-19,,,
00-0022995,Jason Mitchell,Jason Mitchell,WR,1981-07-19,,,
00-0011412,Johnnie Mitchell,Johnny Mitchell,TE,1971-01-20,1992,1,15
00-0038454,Keaton Mitchell,Keaton Mitchell,RB,2002-01-17,,,
00-0019243,Lonny Mitchell,Lonny Mitchell,WR,1977-01-14,,,
MIT448960,Lydell Mitchell,Lydell Mitchell,RB,1949-05-30,,,
00-0011437,Lyvonia Mitchell,Stump Mitchell,RB,1959-03-15,1981,9,226
00-0032400,Malcolm Mitchell,Malcolm Mitchell,WR,1992-07-20,2016,4,112
00-0026959,Marko Mitchell,Marko Mitchell,WR,1985-03-11,2009,7,243
00-0036815,Myron Mitchell,Myron Mitchell,WR,1998-06-17,,,
00-0036773,Osirus Mitchell,Osirus Mitchell,WR,1997-09-15,,,
00-0011425,Peter Mitchell,Pete Mitchell,TE,1971-10-09,1995,4,122
00-0011435,Shannon Mitchell,Shannon Mitchell,TE,1972-03-28,,,
00-0034081,Steven Mitchell,Steven Mitchell,WR,1994-05-02,,,
MIT740784,Thomas Mitchell,Tom Mitchell,TE,1944-08-22,,,
00-0011439,Tywan Mitchell,Tywan Mitchell,TE,1975-12-10,,,
00-0011434,William Mitchell,Scott Mitchell,QB,1968-01-02,1990,4,93
00-0037340,Zaire Mitchell-Paden,Zaire Mitchell-Paden,TE,1999-08-20,,,
00-0023928,Anthony Mix,Anthony Mix,WR,1983-01-20,,,
00-0033897,Joe Mixon,Joe Mixon,RB,1996-07-24,2017,2,48
00-0033373,Taquan Mizzell,Taquan Mizzell,RB,1993-10-21,,,
00-0022468,Ben Moa,Ben Moa,RB,1981-04-22,,,
00-0023512,Ryan Moats,Ryan Moats,RB,1982-12-17,2005,3,77
MOB276861,Orson Mobley,Orson Mobley,TE,1963-03-04,1986,6,151
MOB553722,Stacey Mobley,Stacey Mobley,WR,1965-09-15,,,
MOD207645,Jeffrey Modesitt,Jeff Modesitt,TE,1964-01-01,,,
00-0035114,Sean Modster,Sean Modster,WR,1995-11-13,,,
00-0029995,T.J. Moe,T.J. Moe,WR,1990-10-14,,,
00-0027695,Antony Moeaki,Tony Moeaki,TE,1987-06-08,2010,3,93
MOF276861,Timothy Moffett,Tim Moffett,WR,1962-02-08,1985,3,79
MOF553722,Michael Moffitt,Mike Moffitt,TE,1963-07-28,,,
00-0029740,Ifeanyi Momah,Ifeanyi Momah,TE,1989-10-23,,,
00-0032283,Kevin Monangai,Kevin Monangai,RB,1993-03-04,,,
00-0040236,Kyle Monangai,Kyle Monangai,RB,2002-06-06,2025,7,233
00-0031339,Donte Moncrief,Donte Moncrief,WR,1993-08-06,2014,3,90
00-0036946,Kellen Mond,Kellen Mond,QB,1999-06-22,2021,3,66
00-0011483,James Monk,Art Monk,WR,1957-12-05,1980,1,18
00-0026388,Marcus Monk,Marcus Monk,WR,1986-04-26,2008,7,248
MON276852,Carl Monroe,Carl Monroe,RB,1960-02-20,,,
00-0011488,Rodrick Monroe,Rod Monroe,TE,1976-07-30,1998,7,237
MON346065,David Montagne,David Montagne,WR,1964-04-18,,,
00-0011492,Denis Montana,Denis Montana,WR,1972-01-06,,,
00-0011493,Joseph Montana,Joe Montana,QB,1956-06-11,,,
00-0011496,Alfred Montez,Alfred Montez,QB,1972-10-18,,,
00-0036022,Steven Montez,Steven Montez,QB,1997-01-14,,,
MON461420,Cleotha Montgomery,Cleo Montgomery,WR,1955-07-01,,,
00-0035045,D.J. Montgomery,D.J. Montgomery,WR,1996-11-17,,,
00-0035685,David Montgomery,David Montgomery,RB,1997-06-07,2019,3,73
MON576775,James Montgomery,Mike Montgomery,RB,1949-07-10,,,
00-0011506,Joe Montgomery,Joe Montgomery,RB,1976-06-08,1999,2,49
00-0041323,Myles Montgomery,Myles Montgomery,RB,2003-04-04,,,
00-0019109,Scottie Montgomery,Scottie Montgomery,WR,1978-05-26,,,
00-0032200,Ty Montgomery,Ty Montgomery,WR,1993-01-22,2015,3,94
00-0040919,Tyren Montgomery,Tyren Montgomery,WR,2001-07-03,,,
00-0011509,Tyrone Montgomery,Tyrone Montgomery,WR,1970-08-03,,,
MON692130,Wilbert Montgomery,Wilbert Montgomery,RB,1954-09-16,,,
00-0011524,Harold Moon,Warren Moon,QB,1956-11-18,,,
00-0028876,Collin Mooney,Collin Mooney,RB,1986-04-03,,,
00-0036309,Darnell Mooney,Darnell Mooney,WR,1997-10-29,2020,5,173
MOO173025,Alvin Moore,Alvin Moore,RB,1959-05-03,1983,7,169
MOO196095,Booker Moore,Booker Moore,RB,1959-06-23,1981,1,28
00-0036696,Briley Moore,Briley Moore,TE,1998-01-13,,,
00-0022151,Casey Moore,Casey Moore,RB,1980-07-26,,,
00-0032398,Christopher Moore,Chris Moore,WR,1993-06-16,2016,4,107
00-0022826,Clarence Moore,Clarence Moore,WR,1982-09-24,2004,6,199
00-0029823,Dan Moore,Dan Moore,RB,1990-02-01,,,
00-0011551,David Moore,Dave Moore,TE,1969-11-11,1992,7,191
00-0033589,David Moore,David Moore,WR,1995-01-15,2017,7,226
00-0028086,Denarius Moore,Denarius Moore,WR,1988-12-09,2011,5,148
00-0034827,Denniston Moore,DJ Moore,WR,1997-04-14,2018,1,24
00-0011556,Derrick Moore,Derrick Moore,RB,1967-10-13,1992,8,216
00-0026620,Devin Moore,Devin Moore,RB,1985-11-06,,,
00-0024126,Dontrell Moore,Dontrell Moore,RB,1982-09-25,,,
00-0036980,Elijah Moore,Elijah Moore,WR,2000-03-27,2021,2,34
00-0026123,Evan Moore,Evan Moore,TE,1985-01-03,,,
00-0011568,Herman Moore,Herman Moore,WR,1969-10-20,1991,1,10
00-0034268,J'Mon Moore,J'Mon Moore,WR,1995-05-23,2018,4,133
00-0035505,Jalin Moore,Jalin Moore,RB,1995-11-28,,,
00-0035432,Jason Moore,Jason Moore,WR,1995-06-23,,,
00-0036125,Jaylon Moore,Jaylon Moore,WR,1997-07-01,,,
MOO392190,Jeffrey Moore,Jeff Moore,WR,1957-03-02,,,
MOO403725,Jeffrey Moore,Jeff Moore,RB,1956-08-20,,,
00-0011573,Jerald Moore,Jerald Moore,RB,1974-11-20,1996,3,83
00-0040375,Jordan Moore,Jordan Moore,WR,2002-04-18,,,
00-0028918,Kashif Moore,Kashif Moore,WR,1988-11-21,,,
00-0029234,Kellen Moore,Kellen Moore,QB,1988-07-05,,,
00-0026276,Kenneth Moore,Kenny Moore,WR,1985-02-19,2008,5,136
MOO464283,Kenneth Moore,Ken Moore,TE,1954-07-25,,,
00-0026520,Kestahn Moore,Kestahn Moore,RB,1987-04-13,,,
00-0023310,Lance Moore,Lance Moore,WR,1983-08-31,,,
MOO472935,Leonard Moore,Leonard Moore,RB,1963-01-27,,,
MOO519075,Malcolm Moore,Malcolm Moore,WR,1961-06-24,,,
MOO530610,Manfred Moore,Manfred Moore,RB,1950-12-22,,,
00-0027356,Marlon Moore,Marlon Moore,WR,1987-09-03,,,
00-0025708,Matthew Moore,Matt Moore,QB,1984-08-09,,,
00-0022217,Mewelde Moore,Mewelde Moore,RB,1982-07-24,2004,4,119
00-0027342,Michael Moore,Michael Moore,WR,1986-04-06,2000,4,129
00-0019568,Muneer Moore,Muneer Moore,WR,1977-03-15,,,
MOO565215,Nathaniel Moore,Nat Moore,WR,1951-09-19,,,
00-0026588,Nick Moore,Nick Moore,WR,1986-06-25,,,
00-0041180,Quentin Moore,Quentin Moore,TE,2000-08-26,,,
MOO622890,Ricky Moore,Ricky Moore,RB,1963-04-07,1985,3,75
00-0011601,Robert Moore,Rob Moore,WR,1968-09-27,,,
MOO657495,Robert Moore,Bob Moore,WR,1949-02-12,,,
00-0011608,Ronald Moore,Ronald Moore,RB,1970-01-26,1993,4,87
00-0036936,Rondale Moore,Rondale Moore,WR,2000-06-09,2021,2,49
00-0011611,Shawn Moore,Shawn Moore,QB,1968-04-04,1991,11,284
00-0038090,Skyy Moore,Skyy Moore,WR,2000-09-10,2022,2,54
00-0041570,Tyler Moore,Tyler Moore,TE,2000-07-01,,,
00-0011620,Will Moore,Will Moore,WR,1970-02-21,,,
00-0021780,Aaron Moorehead,Aaron Moorehead,WR,1980-11-05,,,
MOO784380,Emery Moorehead,Emery Moorehead,TE,1954-03-22,,,
00-0022873,Jonathan Morant,Johnnie Morant,WR,1981-12-07,2004,5,134
00-0039699,Tanner Mordecai,Tanner Mordecai,QB,1999-11-08,,,
00-0034981,Foster Moreau,Foster Moreau,TE,1997-05-06,2019,4,137
00-0019471,Frank Moreau,Frank Moreau,RB,1976-09-09,2000,4,115
00-0019062,Jacob Moreland,Jake Moreland,TE,1977-01-18,,,
00-0023508,Vernand Morency,Vernand Morency,RB,1980-02-04,2005,3,73
00-0026988,Knowshon Moreno,Knowshon Moreno,RB,1987-07-16,2009,1,12
00-0011640,Moses Moreno,Moses Moreno,QB,1975-09-05,1998,7,232
00-0038740,Jalen Moreno-Cropper,Jalen Moreno-Cropper,WR,2001-05-03,,,
00-0011641,Sean Morey,Sean Morey,WR,1976-02-26,1999,7,241
MOR135600,Arnold Morgado,Arnold Morgado,RB,1952-03-27,,,
00-0011643,Anthony Morgan,Anthony Morgan,WR,1967-11-15,1991,5,134
00-0032430,David Morgan,David Morgan,TE,1993-05-19,2016,6,188
MOR161025,Dennis Morgan,Dennis Morgan,RB,1952-06-26,,,
00-0022951,Donovan Morgan,Donovan Morgan,WR,1981-07-29,,,
00-0033407,Drew Morgan,Drew Morgan,WR,1994-12-02,,,
00-0036301,James Morgan,James Morgan,QB,1997-02-28,2020,4,125
00-0028532,Joseph Morgan,Joseph Morgan,WR,1988-03-23,,,
00-0026314,Joshua Morgan,Josh Morgan,WR,1985-06-20,2008,6,174
MOR194925,Michael Morgan,Mike Morgan,RB,1956-01-19,,,
00-0020427,Quincy Morgan,Quincy Morgan,WR,1977-09-23,2001,2,33
00-0035399,Stanley Morgan,Stanley Morgan,WR,1996-09-07,,,
MOR220350,Stanley Morgan,Stanley Morgan,WR,1955-02-17,,,
00-0038744,Tanner Morgan,Tanner Morgan,QB,1999-04-17,,,
MOR237300,Larry Moriarty,Larry Moriarty,RB,1958-04-24,1983,5,114
MOR245775,Patrick Moriarty,Pat Moriarty,RB,1955-05-19,,,
MOR262725,Milton Morin,Milt Morin,TE,1942-10-15,,,
MOR296625,Michael Moroski,Mike Moroski,QB,1957-09-04,,,
00-0026963,Cameron Morrah,Cameron Morrah,TE,1987-03-18,2009,7,248
MOR305100,Earl Morrall,Earl Morrall,QB,1934-05-17,,,
00-0029141,Alfred Morris,Alfred Morris,RB,1988-12-12,2012,6,173
00-0011675,Byron Morris,Bam Morris,RB,1972-01-13,1994,3,91
MOR322050,Calvin Morris,Larry Morris,RB,1962-02-27,,,
MOR347475,Donnie Morris,Donnie Joe Morris,RB,1950-02-16,,,
MOR364425,Eugene Morris,Mercury Morris,RB,1947-01-05,,,
MOR415275,James Morris,Jamie Morris,RB,1965-06-06,1988,4,109
00-0011685,Joseph Morris,Joe Morris,RB,1960-09-15,1982,2,45
MOR466125,Lee Morris,Lee Morris,WR,1964-07-14,,,
00-0021182,Maurice Morris,Maurice Morris,RB,1979-12-01,2002,2,54
00-0026693,Phillip Morris,Phillip Morris,WR,1986-07-02,,,
00-0036590,Quintin Morris,Quintin Morris,TE,1999-01-21,,,
MOR491550,Randall Morris,Randall Morris,RB,1961-04-22,1984,10,270
00-0033062,Romar Morris,Romar Morris,RB,1992-10-21,,,
00-0011696,Ronald Morris,Ron Morris,WR,1964-11-04,1987,2,54
00-0019484,Samuel Morris,Sammy Morris,RB,1977-03-23,2000,5,156
00-0030825,Stephen Morris,Stephen Morris,QB,1992-08-27,,,
00-0019726,Sylvester Morris,Sylvester Morris,WR,1977-10-06,2000,1,21
MOR559350,Wayne Morris,Wayne Morris,RB,1954-05-03,,,
MOR576300,Dennis Morrison,Dennis Morrison,QB,1951-05-18,,,
00-0020544,Alvin Morrow,Alvin Morrow,TE,1978-04-28,,,
00-0011721,Robert Morse,Bobby Morse,RB,1965-10-03,1987,12,316
MOR745800,Steven Morse,Steve Morse,RB,1963-05-28,,,
MOR766987,Fred Mortensen,Fred Mortensen,QB,1954-03-24,,,
00-0041123,Behren Morton,Behren Morton,QB,2002-01-17,2026,7,234
00-0019590,Chad Morton,Chad Morton,RB,1977-04-04,2000,5,166
00-0011727,Johnnie Morton,Johnnie Morton,WR,1971-10-07,1994,1,21
MOR805125,Larry Morton,Craig Morton,QB,1943-02-05,,,
MOR813600,Michael Morton,Michael Morton,RB,1960-02-06,1982,12,325
MOS148315,Richard Moser,Rick Moser,RB,1956-12-18,,,
MOS266967,Haven Moses,Haven Moses,WR,1946-07-27,,,
00-0019779,Jerry Moses,J.J. Moses,WR,1979-09-12,,,
MOS355956,Anthony Mosley,Anthony Mosley,RB,1965-06-17,,,
00-0022481,Kendrick Mosley,Kendrick Mosley,WR,1981-07-21,,,
MOS415282,Michael Mosley,Mike Mosley,WR,1958-06-06,1981,3,76
MOS504271,Wayne Mosley,Wayne Mosley,RB,1952-10-06,,,
00-0011750,Brent Moss,Brent Moss,RB,1972-01-30,,,
00-0028992,Dale Moss,Dale Moss,WR,1988-09-24,,,
MOS533934,Eddie Moss,Eddie Moss,RB,1948-09-27,,,
00-0041172,Miller Moss,Miller Moss,QB,2002-03-19,,,
00-0011754,Randy Moss,Randy Moss,WR,1977-02-13,1998,1,21
00-0020494,Santana Moss,Santana Moss,WR,1979-06-01,2001,1,16
00-0024259,Sinorice Moss,Sinorice Moss,WR,1983-12-28,2006,2,44
00-0036023,Thaddeus Moss,Thaddeus Moss,TE,1998-05-14,,,
00-0036251,Zaccheus Moss,Zack Moss,RB,1997-12-15,2020,3,86
00-0031687,Dominique Mostert,Raheem Mostert,RB,1992-04-09,,,
00-0027436,Jeff Moturi,Jeff Moturi,WR,1986-04-04,,,
00-0011770,Eric Moulds,Eric Moulds,WR,1973-07-17,1996,1,24
00-0011774,Ezekiel Mowatt,Zeke Mowatt,TE,1961-03-05,,,
00-0029108,Derek Moye,Derek Moye,WR,1988-08-12,,,
00-0011783,Robert Mrosko,Bob Mrosko,TE,1965-11-13,1989,9,244
MUC622935,Larry Mucker,Larry Mucker,WR,1954-12-15,,,
00-0011790,Jamie Mueller,Jamie Mueller,RB,1964-10-04,1987,3,78
MUE553720,Vance Mueller,Vance Mueller,RB,1964-05-05,1986,4,103
MUH415290,Calvin Muhammad,Calvin Muhammad,WR,1958-12-10,1980,12,322
00-0033797,Khalfani Muhammad,Khalfani Muhammad,RB,1994-09-26,2017,7,241
00-0011795,Muhsin Muhammad,Muhsin Muhammad,WR,1973-05-05,1996,2,43
MUL158204,Herbert Mul-key,Herb Mul-key,RB,1949-11-15,,,
00-0011799,Michael Mularkey,Mike Mularkey,TE,1961-11-19,1983,9,229
MUL197755,Thomas Mullady,Tom Mullady,WR,1957-01-30,,,
MUL316408,Gary Mullen,Gary Mullen,WR,1963-02-01,,,
00-0033319,Nicholas Mullens,Nick Mullens,QB,1995-03-21,,,
00-0026008,Matthew Mulligan,Matthew Mulligan,TE,1985-01-18,,,
00-0040205,Kalel Mullings,Kalel Mullings,RB,2002-10-04,2025,6,188
MUL672367,Eric Mullins,Eric Mullins,WR,1962-07-30,1984,6,161
MUM138430,Anthony Mumford,Tony Mumford,RB,1963-06-14,1985,12,328
00-0040590,Konata Mumpfield,Konata Mumpfield,WR,2002-10-24,2025,7,242
00-0031600,Keith Mumphery,Keith Mumphery,WR,1992-06-05,2015,5,175
MUN151014,Harry Muncie,Chuck Muncie,RB,1953-03-17,,,
00-0033246,John Mundt,Johnny Mundt,TE,1994-11-23,,,
00-0020700,James Mungro,James Mungro,RB,1978-02-13,,,
MUN755070,William Munson,Bill Munson,QB,1941-08-11,,,
00-0028476,Orenthal Murdock,O.J. Murdock,WR,1987-02-15,,,
00-0019487,Franklin Murphy,Frank Murphy,WR,1977-02-11,2000,6,170
00-0031165,Jacob Murphy,Jake Murphy,TE,1989-09-21,,,
MUR263354,James Murphy,James Murphy,WR,1959-10-10,1981,10,266
00-0011843,Jim Murphy,Jim Murphy,QB,1975-02-23,,,
00-0011854,Llewellyan Murphy,Yo Murphy,WR,1973-05-11,,,
00-0027089,Louis Murphy,Louis Murphy,WR,1987-05-11,2009,4,124
00-0031959,Marcus Murphy,Marcus Murphy,RB,1991-10-03,2015,7,230
00-0021352,Matthew Murphy,Matt Murphy,TE,1980-02-23,2002,7,252
MUR519744,Mike Murphy,Mike Murphy,WR,1967-09-20,,,
00-0028416,Richard Murphy,Richard Murphy,RB,1986-09-18,,,
00-0023493,Terrence Murphy,Terrence Murphy,WR,1982-12-15,2005,2,58
00-0031816,Tyler Murphy,Tyler Murphy,WR,1992-01-12,,,
00-0030343,William Murphy,Will Murphy,WR,1990-05-15,,,
00-0031287,Aaron Murray,Aaron Murray,QB,1990-11-10,2014,5,163
00-0022423,Calvin Murray,Cal Murray,RB,1981-04-19,,,
00-0028009,DeMarco Murray,DeMarco Murray,RB,1988-02-12,2011,3,71
00-0038999,Jordan Murray,Jordan Murray,TE,2000-04-20,,,
00-0035228,Kyler Murray,Kyler Murray,QB,1997-08-07,2019,1,1
00-0030513,Latavius Murray,Latavius Murray,RB,1990-01-18,2013,6,181
MUR673578,Leon Murray,Calvin Murray,RB,1958-10-18,1981,4,110
MUR709030,Walter Murray,Walter Murray,WR,1962-12-13,1986,2,45
00-0011869,Adrian Murrell,Adrian Murrell,RB,1970-10-16,1993,5,120
MUR729288,William Murrell,Bill Murrell,TE,1956-06-14,,,
00-0039231,Patrick Murtagh,Patrick Murtagh,TE,2000-02-11,,,
00-0037317,Nicholas Muse,Nick Muse,TE,1998-11-25,2022,7,227
00-0039144,Luke Musgrave,Luke Musgrave,TE,2000-09-02,2023,2,42
00-0011873,William Musgrave,Bill Musgrave,QB,1967-11-11,1991,4,106
MUS593270,John Musso,Johnny Musso,RB,1950-03-06,,,
00-0021403,Chad Mustard,Chad Mustard,TE,1977-10-08,,,
00-0035345,Christopher Myarick,Chris Myarick,TE,1995-10-06,,,
MYE059327,Steven Myer,Steve Myer,QB,1954-07-17,,,
00-0027135,Brandon Myers,Brandon Myers,TE,1985-09-04,2009,6,202
MYE474616,Philip Myers,Chip Myers,WR,1945-08-09,,,
00-0026655,Robert Myers,Rob Myers,TE,1986-04-09,,,
00-0011890,Shannon Myers,Shannon Myers,WR,1973-06-16,,,
MYL553722,Jesse Myles,Jesse Myles,RB,1960-09-28,,,
00-0025559,Legedu Naanee,Legedu Naanee,WR,1983-09-16,2007,5,172
00-0039337,Malik Nabers,Malik Nabers,WR,2003-07-28,2024,1,6
00-0039075,Puka Nacua,Puka Nacua,WR,2001-05-29,2023,5,177
NAF415291,Dana Nafziger,Dana Nafziger,TE,1953-10-26,,,
00-0011907,Browning Nagle,Browning Nagle,QB,1968-04-29,1991,2,34
00-0037291,Jalen Nailor,Jalen Nailor,WR,1999-03-02,2022,6,191
00-0030961,Jordan Najvar,Jordan Najvar,TE,1991-01-08,,,
00-0026923,Johnathan Nalbone,Johnathan Nalbone,TE,1986-05-14,2009,5,161
00-0021277,Craig Nall,Craig Nall,QB,1979-04-21,2002,5,164
00-0034597,Ryan Nall,Ryan Nall,RB,1995-12-27,,,
NAM415291,Joseph Namath,Joe Namath,QB,1943-05-31,,,
00-0027201,Dimitri Nance,Dimitri Nance,RB,1988-02-18,,,
00-0023981,Martin Nance,Martin Nance,WR,1983-05-26,,,
00-0023576,Damien Nash,Damien Nash,RB,1982-04-14,2005,5,142
00-0040551,Kenneth Nash,Nick Nash,WR,1999-07-08,,,
NAS276860,Kenneth Nash,Kenny Nash,WR,1962-10-28,,,
00-0011932,Marcus Nash,Marcus Nash,WR,1976-02-01,1998,1,30
00-0030586,Ryan Nassib,Ryan Nassib,QB,1990-03-10,2013,4,110
NAT207645,Tony Nathan,Tony Nathan,RB,1956-12-14,,,
00-0020090,Brian Natkin,Brian Natkin,TE,1978-01-03,,,
00-0033266,Bruce Natson,JoJo Natson,WR,1994-02-01,,,
00-0011939,Ricky Nattiel,Ricky Nattiel,WR,1966-01-25,1987,1,27
00-0035539,Isaac Nauta,Isaac Nauta,TE,1997-05-21,2019,7,224
00-0022827,John Navarre,John Navarre,QB,1980-09-09,2004,7,202
00-0022036,Spencer Nead,Spencer Nead,TE,1977-11-03,2003,7,234
00-0040202,Devin Neal,Devin Neal,RB,2003-08-12,2025,6,184
NEA166116,Frankie Neal,Frankie Neal,WR,1965-10-01,1987,3,71
00-0011957,Leon Neal,Leon Neal,RB,1972-09-11,1996,6,196
NEA249174,Louis Neal,Louis Neal,WR,1951-01-10,,,
00-0030756,Rajion Neal,Rajion Neal,RB,1992-03-28,,,
00-0011965,Ray Nealy,Ray Nealy,RB,1975-04-30,,,
00-0011968,Derrick Ned,Derrick Ned,RB,1969-01-05,,,
00-0021305,Larry Ned,Larry Ned,RB,1978-08-23,2002,6,197
NEE426541,Robert Neely,Bobby Neely,TE,1974-03-22,,,
NEH415291,Renaldo Nehemiah,Renaldo Nehemiah,WR,1959-03-24,,,
00-0021834,Benjamin Nelson,Ben Nelson,WR,1979-08-21,,,
NEL221488,Darrell Nelson,Darrell Nelson,TE,1961-10-27,,,
00-0011997,Darrin Nelson,Darrin Nelson,RB,1959-01-02,1982,1,7
00-0027322,David Nelson,David Nelson,WR,1986-11-07,,,
NEL276860,David Nelson,David Nelson,RB,1963-11-23,,,
00-0032112,Jamarcus Nelson,J.J. Nelson,WR,1992-04-24,2015,5,159
00-0026176,Jordy Nelson,Jordy Nelson,WR,1985-05-31,2008,2,36
NEL609092,Ralph Nelson,Ralph Nelson,RB,1954-01-23,,,
00-0027088,Shawn Nelson,Shawn Nelson,TE,1985-10-05,2009,4,121
NEL747522,Terry Nelson,Terry Nelson,TE,1951-05-20,,,
00-0040504,Bryson Nesbit,Bryson Nesbit,TE,2002-09-25,,,
00-0028508,Joshua Nesbitt,Joshua Nesbitt,QB,1988-04-15,,,
00-0012034,Keith Neubert,Keith Neubert,TE,1964-09-13,1988,8,203
NEU332232,Richard Neuheisel,Rick Neuheisel,QB,1961-02-07,,,
00-0021560,Reginald Newhouse,Reggie Newhouse,WR,1981-02-16,,,
NEW241137,Robert Newhouse,Robert Newhouse,RB,1950-01-09,,,
NEW294723,Robert Newland,Bob Newland,WR,1948-10-27,,,
00-0012061,Edward Newman,Pat Newman,WR,1968-09-10,1990,10,249
NEW482274,Timothy Newman,Tim Newman,RB,1964-06-11,,,
00-0036907,Dazz Newsome,Dazz Newsome,WR,1999-05-15,2021,6,221
00-0028417,Jamar Newsome,Jamar Newsome,WR,1987-11-05,,,
00-0034565,Jermine Newsome,Detrez Newsome,RB,1994-03-06,,,
NEW589446,Ozzie Newsome,Ozzie Newsome,TE,1956-03-15,,,
00-0021102,Kendall Newson,Kendall Newson,WR,1980-03-05,2002,7,222
00-0027939,Cameron Newton,Cam Newton,QB,1989-05-11,2011,1,1
00-0024594,Joe Newton,Joe Newton,TE,1983-10-15,,,
NEW776997,Thomas Newton,Tom Newton,RB,1954-03-08,,,
00-0040558,Isaiah Neyor,Isaiah Neyor,WR,2001-06-07,,,
00-0038484,Joseph Ngata,Joseph Ngata,WR,2001-01-09,,,
NIC114560,Calvin Nicholas,Calvin Nicholas,WR,1964-06-11,1987,11,301
00-0038409,Lew Nichols,Lew Nichols,RB,2001-08-16,2023,7,235
NIC315040,Mark Nichols,Mark Nichols,WR,1959-10-29,1981,1,16
NIC400960,Ricky Nichols,Ricky Nichols,WR,1962-07-27,1985,8,200
00-0027005,Hakeem Nicks,Hakeem Nicks,WR,1988-01-14,2009,1,29
NIE376848,Stanley Nielsen,Gifford Nielsen,QB,1954-10-25,,,
00-0039679,Ben Nikkel,Ben Nikkel,WR,1999-09-24,,,
00-0031044,Troy Niklas,Troy Niklas,TE,1992-09-18,2014,2,52
00-0020670,John Niklos,J.R. Niklos,RB,1979-06-19,,,
00-0028856,Adam Nissley,Adam Nissley,TE,1988-05-06,,,
00-0039732,Bo Nix,Bo Nix,QB,2000-02-25,2024,1,12
NIX581406,Frederick Nixon,Fred Nixon,WR,1958-09-22,1980,4,87
00-0040946,Jaden Nixon,Jaden Nixon,RB,2002-09-19,,,
00-0036536,Tre Nixon,Tre Nixon,WR,1998-01-26,2021,7,242
NIZ415291,Robert Niziolek,Bob Niziolek,TE,1958-06-30,1981,8,211
00-0033885,Chief Njoku,David Njoku,TE,1996-07-10,2017,1,29
00-0029183,Daniel Noble,Danny Noble,TE,1989-03-30,,,
NOB415290,Donald Noble,Don Noble,TE,1965-10-11,,,
NOB581406,James Noble,James Noble,WR,1963-08-14,,,
00-0040138,Jaylin Noel,Jaylin Noel,WR,2002-09-04,2025,3,79
NOR234728,Benjamin Norman,Ben Norman,RB,1955-12-16,,,
00-0020828,Joshua Norman,Josh Norman,TE,1980-07-27,,,
NOR397232,David Norrie,David Norrie,QB,1963-11-30,1986,11,291
NOR541680,Ulysses Norris,Ulysses Norris,TE,1957-01-15,,,
00-0012188,Michael Norseth,Mike Norseth,QB,1964-08-22,1986,7,174
00-0032681,Marquez North,Marquez North,WR,1995-04-21,,,
00-0019650,Dennis Northcutt,Dennis Northcutt,WR,1977-12-22,2000,2,32
00-0024294,Jerious Norwood,Jerious Norwood,RB,1983-07-29,2006,3,79
00-0026739,Jordan Norwood,Jordan Norwood,WR,1986-09-28,,,
00-0031327,Kevin Norwood,Kevin Norwood,WR,1989-09-23,2014,4,123
NOT415290,Wesley Nott,Mike Nott,QB,1952-05-19,,,
NOT622935,Don Nottingham,Don Nottingham,RB,1949-06-28,,,
00-0012208,Jay Novacek,Jay Novacek,TE,1962-10-24,1985,6,158
NOV207644,Clarence Novak,Jack Novak,TE,1953-06-06,,,
00-0012213,Brent Novoselsky,Brent Novoselsky,TE,1966-01-08,,,
NUG664464,Terence Nugent,Terry Nugent,QB,1961-12-05,1984,6,158
00-0027131,Keith Null,Keith Null,QB,1985-09-24,2009,6,196
00-0026497,Terrence Nunn,Terrence Nunn,WR,1986-07-25,,,
00-0012226,Douglas Nussmeier,Doug Nussmeier,QB,1970-12-11,1994,4,116
00-0040906,Garrett Nussmeier,Garrett Nussmeier,QB,2002-02-06,2026,7,249
00-0030240,Uzoma Nwachukwu,Uzoma Nwachukwu,WR,1990-12-15,,,
00-0036842,Kene Nwangwu,Kene Nwangwu,RB,1998-02-09,2021,4,119
00-0012246,Kenneth O'Brien,Ken O'Brien,QB,1960-11-27,1983,1,24
OCA415291,John O'Callaghan,John O'Callaghan,TE,1964-05-15,,,
00-0038579,Aidan O'Connell,Aidan O'Connell,QB,1998-09-01,2023,4,135
00-0027154,Jake O'Connell,Jake O'Connell,TE,1985-11-06,2009,7,237
00-0026234,Kevin O'Connell,Kevin O'Connell,QB,1985-05-25,2008,3,94
00-0012261,Neil O'Donnell,Neil O'Donnell,QB,1966-07-03,1990,3,70
00-0012264,Patrick O'Hara,Pat O'Hara,QB,1968-09-27,,,
00-0020326,Daniel O'Leary,Dan O'Leary,TE,1977-09-01,2001,6,195
00-0032117,Nicklaus O'Leary,Nick O'Leary,TE,1992-08-31,2015,6,194
00-0032932,Ryan O'Malley,Ryan O'Malley,TE,1993-07-24,,,
00-0012271,Brian O'Neal,Brian O'Neal,RB,1970-02-25,,,
00-0032838,Cedric O'Neal,Cedric O'Neal,RB,1994-01-29,,,
ONE118654,Kenneth O'Neal,Ken O'Neal,TE,1962-06-21,,,
00-0031951,James O'Shaughnessy,James O'Shaughnessy,TE,1992-01-14,2015,5,173
OSH415291,Terence O'Shea,Terry O'Shea,TE,1966-12-03,,,
00-0021296,John O'Sullivan,J.T. O'Sullivan,QB,1979-08-25,2002,6,186
OAT498348,Victor Oatis,Victor Oatis,WR,1959-01-06,1983,6,147
00-0012292,Terry Obee,Terry Obee,WR,1968-06-15,,,
00-0024463,Benjamin Obomanu,Ben Obomanu,WR,1983-10-30,2006,7,249
OBR110744,James Obradovich,Jim Obradovich,TE,1953-04-02,,,
00-0023373,Craig Ochs,Craig Ochs,QB,1981-08-20,,,
ODE498348,McDonald Oden,McDonald Oden,TE,1958-03-28,,,
ODO127782,Henry Odom,Henry Odom,RB,1959-02-12,1983,8,199
ODO319455,Stephen Odom,Steve Odom,WR,1952-09-05,,,
ODO447237,Riley Odoms,Riley Odoms,TE,1950-03-01,,,
00-0038145,Thomas Odukoya,Thomas Odukoya,TE,1997-05-05,,,
00-0039919,Rome Odunze,Rome Odunze,WR,2002-06-03,2024,1,9
00-0012317,Anselm Ofodile,A.J. Ofodile,TE,1973-10-09,1994,5,158
00-0027140,Christopher Ogbonnaya,Chris Ogbonnaya,RB,1986-05-20,2009,7,211
00-0029866,Okwuchukwu Ogbuehi,Emmanuel Ogbuehi,TE,1990-08-17,,,
00-0012321,Jeffrey Ogden,Jeff Ogden,WR,1975-02-22,,,
00-0037292,Andrew Ogletree,Andrew Ogletree,TE,1998-07-28,2022,6,192
00-0026780,Kevin Ogletree,Kevin Ogletree,WR,1987-08-05,,,
00-0033854,Oluwadare Ogunbowale,Dare Ogunbowale,RB,1994-05-04,,,
00-0020390,Onome Ojo,Onome Ojo,WR,1977-06-03,,,
00-0037809,Chigoziem Okonkwo,Chigoziem Okonkwo,TE,1999-09-08,2022,4,143
00-0012335,Christian Okoye,Christian Okoye,RB,1961-08-16,1987,2,35
00-0036423,Albert Okwuegbunam,Albert Okwuegbunam,TE,1998-04-25,2020,4,118
00-0037324,Chris Oladokun,Chris Oladokun,QB,1997-09-03,2022,7,241
OLA415291,Clifford Olander,Cliff Olander,QB,1955-05-15,,,
00-0039914,Praise Olatoke,Praise Olatoke,WR,2000-06-23,,,
00-0037239,Chris Olave,Chris Olave,WR,2000-06-27,2022,1,11
00-0029492,Jamize Olawale,Jamize Olawale,RB,1989-04-17,,,
OLD711924,William Olds,Bill Olds,RB,1951-02-21,,,
00-0012347,Michael Oliphant,Mike Oliphant,RB,1963-05-19,1988,3,66
00-0012348,Bobby Olive,Bobby Olive,WR,1969-04-22,1991,11,300
00-0031277,Branden Oliver,Branden Oliver,RB,1991-05-07,,,
00-0039650,Bryce Oliver,Bryce Oliver,WR,2000-05-19,,,
OLI259555,Darryl Oliver,Darryl Oliver,RB,1964-07-13,1987,11,297
OLI363377,Gregory Oliver,Greg Oliver,RB,1949-01-15,,,
OLI415288,Hubert Oliver,Hubie Oliver,RB,1957-11-12,1981,10,275
00-0012357,Jimmy Oliver,Jimmy Oliver,WR,1973-01-30,,,
00-0035249,Josh Oliver,Josh Oliver,TE,1997-03-21,2019,3,69
00-0012368,Winslow Oliver,Winslow Oliver,RB,1973-03-03,1996,3,73
00-0012370,Brock Olivo,Brock Olivo,RB,1976-06-24,,,
00-0035273,Qadree Ollison,Qadree Ollison,RB,1996-09-08,2019,5,152
00-0036033,Sewo Olonilua,Sewo Olonilua,RB,1997-11-27,,,
00-0025418,Greg Olsen,Greg Olsen,TE,1985-03-11,2007,1,31
00-0024149,Drew Olson,Drew Olson,QB,1983-04-06,,,
00-0035645,Gunner Olszewski,Gunner Olszewski,WR,1996-11-26,,,
00-0026319,Archibong Omon,Xavier Omon,RB,1985-02-15,2008,6,179
00-0027769,Fendi Onobun,Fendi Onobun,TE,1986-11-17,2010,6,170
00-0028395,Schuylar Oordt,Schuylar Oordt,TE,1987-05-26,,,
00-0030429,Tobenuchukwu Opurum,Toben Opurum,RB,1990-11-18,,,
ORD415291,Joseph Orduna,Joe Orduna,RB,1948-11-06,,,
00-0023578,Daniel Orlovsky,Dan Orlovsky,QB,1983-08-18,2005,5,145
00-0033240,Scott Orndoff,Scott Orndoff,TE,1993-12-16,,,
00-0024386,Jonathan Orr,Jonathan Orr,WR,1983-03-20,,,
00-0012409,Terrance Orr,Terry Orr,TE,1961-09-27,1985,10,263
00-0023788,Rafael Ortega,Buck Ortega,TE,1981-11-22,,,
ORT276860,Bryant Ortego,Keith Ortego,WR,1963-08-30,,,
00-0012415,Chris Ortiz,Chris Ortiz,WR,1974-09-25,,,
00-0033374,Richard Ortiz,Ricky Ortiz,RB,1994-04-15,,,
00-0023803,Robert Ortiz,Robert Ortiz,WR,1983-05-30,,,
00-0026722,Gregory Orton,Greg Orton,WR,1986-12-17,,,
00-0023541,Kyle Orton,Kyle Orton,QB,1982-11-14,2005,4,106
OSB083058,David Osborn,Dave Osborn,RB,1943-03-18,,,
00-0036345,K.J. Osborn,K.J. Osborn,WR,1997-06-10,2020,5,176
OSB581406,Richard Osborne,Richard Osborne,TE,1953-10-31,,,
00-0019261,Scot Osborne,Scot Osborne,TE,1977-10-30,,,
00-0021570,Kassim Osgood,Kassim Osgood,WR,1980-05-20,,,
OSI415291,Stanley Osiecki,Sandy Osiecki,QB,1960-05-18,,,
00-0029682,Brock Osweiler,Brock Osweiler,QB,1990-11-22,2012,2,57
OTI415291,James Otis,Jim Otis,RB,1948-04-29,,,
00-0024210,Jeffrey Otis,Jeff Otis,QB,1983-01-30,,,
00-0012443,Scott Otis,Scott Otis,QB,1972-09-28,,,
00-0040959,Jaydn Ott,Jaydn Ott,RB,2002-12-16,,,
00-0029951,Ryan Otten,Ryan Otten,TE,1990-04-07,,,
00-0038129,Cade Otton,Cade Otton,TE,1999-04-15,2022,4,106
00-0019862,John Ours,Wes Ours,RB,1977-12-30,,,
00-0040649,Robbie Ouzts,Robbie Ouzts,RB,2002-09-06,2025,5,175
00-0027287,Nathan Overbay,Nathan Overbay,TE,1987-01-04,,,
OVE332232,David Overstreet,David Overstreet,RB,1958-09-20,1981,1,13
00-0012455,Donald Overton,Don Overton,RB,1967-09-24,,,
00-0040352,Coleman Owen,Coleman Owen,WR,2001-03-23,,,
OWE132892,Willis Owen,Tom Owen,QB,1952-09-01,,,
OWE166115,Arthur Owens,Artie Owens,WR,1953-01-14,,,
00-0023618,Chad Owens,Chad Owens,WR,1982-04-03,2005,6,185
OWE265784,Charles Owens,Tinker Owens,WR,1954-10-03,,,
00-0012464,Darrick Owens,Darrick Owens,WR,1970-11-05,,,
OWE498345,James Owens,James Owens,RB,1955-07-05,,,
00-0021255,John Owens,John Owens,TE,1980-01-10,2002,5,138
OWE564791,Loren Owens,Steve Owens,RB,1947-12-09,,,
OWE631237,Marvin Owens,Marv Owens,WR,1950-06-16,,,
00-0024103,Montell Owens,Montell Owens,RB,1984-05-04,,,
OWE697683,Morris Owens,Morris Owens,WR,1953-02-14,,,
00-0022582,Richard Owens,Richard Owens,TE,1980-11-04,,,
00-0039701,Terique Owens,Terique Owens,WR,1999-09-25,,,
00-0012478,Terrell Owens,Terrell Owens,WR,1973-12-07,1996,3,89
00-0028905,Christopher Owusu,Chris Owusu,WR,1990-01-06,,,
00-0033411,Francis Owusu,Francis Owusu,WR,1994-12-27,,,
00-0027726,Akwasi Owusu-Ansah,Akwasi Owusu-Ansah,WR,1988-04-10,2010,4,126
00-0012480,Ken Oxendine,Ken Oxendine,RB,1975-10-04,1998,7,201
00-0035184,Devine Ozigbo,Devine Ozigbo,RB,1996-10-02,,,
00-0037197,Isiah Pacheco,Isiah Pacheco,RB,1999-03-02,2022,7,251
00-0012489,John Paci,John Paci,QB,1972-07-19,,,
PAG166116,Frederick Pagac,Fred Pagac,TE,1952-04-26,,,
00-0029098,Eric Page,Eric Page,WR,1991-09-23,,,
PAG498348,Michael Pagel,Mike Pagel,QB,1960-09-13,1982,4,84
00-0012505,Stephone Paige,Stephone Paige,WR,1961-10-15,,,
PAI692150,Carl Painter,Carl Painter,RB,1964-05-10,1988,6,142
00-0027134,Curtis Painter,Curtis Painter,QB,1985-06-24,2009,6,201
00-0024812,Tyler Palko,Tyler Palko,QB,1983-08-09,,,
00-0021429,Carson Palmer,Carson Palmer,QB,1979-12-27,2003,1,1
00-0012515,David Palmer,David Palmer,RB,1972-11-19,1994,2,40
00-0020483,Jesse Palmer,Jesse Palmer,QB,1978-10-05,2001,4,125
00-0025592,Jordan Palmer,Jordan Palmer,QB,1984-05-30,2007,6,205
00-0036988,Joshua Palmer,Josh Palmer,WR,1999-09-22,2021,3,77
00-0027202,Michael Palmer,Michael Palmer,TE,1988-01-18,,,
00-0028906,Nathan Palmer,Nathan Palmer,WR,1989-04-14,,,
PAL571021,Paul Palmer,Paul Palmer,RB,1964-10-14,1987,1,19
00-0012522,Randy Palmer,Randy Palmer,TE,1975-11-12,,,
00-0039397,Tejhaun Palmer,Tejhaun Palmer,WR,2000-05-19,2024,6,191
00-0029952,Tobais Palmer,Tobais Palmer,WR,1990-02-20,,,
00-0039052,Trey Palmer,Trey Palmer,WR,2001-04-02,2023,6,191
00-0040337,Eli Pancol,Eli Pancol,WR,2000-07-07,,,
PAN415290,Michael Panepinto,Mike Panepinto,RB,1965-11-17,,,
00-0030171,Christopher Pantale,Chris Pantale,TE,1990-03-22,,,
PAP355962,Vincent Papale,Vince Papale,WR,1946-02-09,,,
PAR040848,Curtis Pardridge,Curt Pardridge,WR,1964-03-12,1986,6,155
00-0035329,Donald Parham,Donald Parham,TE,1997-08-16,,,
00-0037386,Dylan Parham,Dylan Parham,TE,1998-05-31,,,
00-0038638,Derek Parish,Derek Parish,RB,1999-01-04,2023,7,240
PAR122544,Kaulana Park,Kaulana Park,RB,1962-06-16,,,
00-0036034,Aaron Parker,Aaron Parker,WR,1998-05-21,,,
PAR136160,Andrew Parker,Andy Parker,TE,1961-09-08,1984,5,127
00-0032089,Brian Parker,Brian Parker,TE,1992-05-30,,,
PAR177008,Carl Parker,Carl Parker,WR,1965-02-05,1988,12,307
00-0012552,Christopher Parker,Chris Parker,RB,1972-12-31,,,
00-0012556,De'Monn Parker,De'Mond Parker,RB,1976-12-24,1999,5,159
00-0031547,DeVante Parker,DeVante Parker,WR,1993-01-20,2015,1,14
00-0020904,Eric Parker,Eric Parker,WR,1979-04-14,,,
PAR258704,Fred Parker,Fred Parker,RB,1962-07-06,,,
00-0012564,Jeffrey Parker,Jeff Parker,WR,1969-07-16,,,
PAR326784,Joseph Parker,Joel Parker,WR,1952-04-23,,,
00-0012569,Larry Parker,Larry Parker,WR,1976-07-14,1999,4,108
00-0012573,Orlando Parker,Orlando Parker,WR,1972-03-07,1994,4,117
00-0027450,Preston Parker,Preston Parker,WR,1987-02-13,,,
PAR381248,Robert Parker,Robert Parker,RB,1963-01-07,,,
PAR394864,Rodney Parker,Rod Parker,WR,1953-07-18,,,
00-0022754,Samie Parker,Samie Parker,WR,1981-03-25,2004,4,105
00-0012582,Sirr Parker,Sirr Parker,WR,1977-10-31,,,
00-0022250,Willie Parker,Willie Parker,RB,1980-11-11,,,
00-0036244,Colby Parkinson,Colby Parkinson,TE,1999-01-07,2020,4,133
00-0032645,Dennis Parks,Dennis Parks,WR,1994-07-27,,,
PAR531024,Jeffrey Parks,Jeff Parks,TE,1964-09-14,1986,5,114
PAR558256,Richard Parks,Rickey Parks,WR,1964-02-19,,,
PAR571872,William Parks,Billy Parks,WR,1948-01-01,,,
00-0012603,Bernard Parmalee,Bernie Parmalee,RB,1967-09-16,,,
00-0026316,Justin Parmele,Jalen Parmele,RB,1985-12-30,2008,6,176
PAR639952,Gary Parris,Gary Parris,TE,1950-06-13,,,
00-0023490,Roscoe Parrish,Roscoe Parrish,WR,1982-07-16,2005,2,55
PAR694416,Rick Parros,Rick Parros,RB,1958-06-14,1980,4,107
00-0023303,Richard Parson,Rich Parson,WR,1980-05-16,,,
00-0021062,Preston Parsons,Preston Parsons,QB,1979-02-19,,,
00-0033251,Zachary Pascal,Zach Pascal,WR,1994-12-18,,,
PAS055372,Douglas Paschal,Doug Paschal,RB,1958-03-05,1980,5,121
00-0026931,McKenna Pascoe,Bear Pascoe,TE,1986-02-23,2009,6,184
00-0041452,Johnny Pascuzzi,Johnny Pascuzzi,TE,2002-05-17,,,
PAS276860,Keith Paskett,Keith Paskett,WR,1964-12-07,,,
00-0019533,Patrick Pass,Patrick Pass,RB,1977-12-31,2000,7,239
PAS719836,Dante Pastorini,Dan Pastorini,QB,1949-05-26,,,
00-0021338,John Pate,Wes Pate,QB,1979-03-24,,,
00-0012636,Greg Paterra,Greg Paterra,RB,1967-05-12,1989,11,286
00-0012637,Jerome Pathon,Jerome Pathon,WR,1975-12-16,1998,2,32
00-0036228,Dezmon Patmon,Dezmon Patmon,WR,1998-08-06,2020,6,212
00-0026380,Allen Patrick,Allen Patrick,RB,1984-02-15,2008,7,240
00-0025602,Ben Patrick,Ben Patrick,TE,1984-08-23,2007,7,215
00-0035760,Jacques Patrick,Jacques Patrick,RB,1997-01-07,,,
00-0033375,Timothy Patrick,Tim Patrick,WR,1993-11-23,,,
00-0012642,David Patten,David Patten,WR,1974-08-19,,,
00-0041215,Ben Patterson,Ben Patterson,WR,2003-06-25,,,
00-0030578,Cordarrelle Patterson,Cordarrelle Patterson,RB,1991-03-17,2013,1,29
00-0034698,Damoun Patterson,Damoun Patterson,WR,1994-09-16,,,
00-0041435,Dean Patterson,Dean Patterson,WR,2002-05-20,,,
00-0036755,Jaret Patterson,Jaret Patterson,RB,1999-12-23,,,
PAT571010,Mark Pattison,Mark Pattison,WR,1961-12-13,1985,7,188
00-0033705,Andre Patton,Andre Patton,WR,1994-05-28,,,
00-0030450,Quinton Patton,Quinton Patton,WR,1990-08-09,2013,4,128
PAT726740,Ricky Patton,Ricky Patton,RB,1954-04-06,,,
00-0030839,Solomon Patton,Solomon Patton,WR,1990-10-17,,,
00-0028093,Niles Paul,Niles Paul,TE,1989-08-09,2011,5,155
00-0041361,Will Pauling,Will Pauling,WR,2003-03-04,,,
00-0012675,Jeffery Paulk,Jeff Paulk,RB,1976-04-26,1999,3,92
00-0027215,James Paulsen,Logan Paulsen,TE,1987-02-26,,,
00-0029218,David Paulson,David Paulson,TE,1989-02-22,2012,7,240
00-0012682,Michael Pawlawski,Mike Pawlawski,QB,1969-07-18,,,
PAY092287,John Paye,John Paye,QB,1965-03-30,,,
PAY369148,Kenneth Payne,Ken Payne,WR,1950-10-06,,,
00-0024595,Neil Payne,Logan Payne,WR,1985-01-21,,,
PAY461435,William Payne,Russell Payne,RB,1965-03-21,,,
00-0040891,Cole Payton,Cole Payton,QB,2002-10-26,2026,5,178
PAY553722,Edward Payton,Eddie Payton,RB,1951-08-03,,,
00-0022255,Jarrett Payton,Jarrett Payton,RB,1980-12-26,,,
00-0032974,Jordan Payton,Jordan Payton,WR,1993-09-01,2016,5,154
PAY646009,Patrick Payton,Sean Payton,QB,1963-12-29,,,
PAY738296,Walter Payton,Walter Payton,RB,1954-07-25,,,
00-0030729,Andrew Peacock,Andrew Peacock,WR,1991-01-14,,,
PEA103821,Elvis Peacock,Elvis Peacock,RB,1956-11-07,,,
00-0029626,Isaiah Pead,Isaiah Pead,RB,1989-12-14,2012,2,50
00-0032959,Charone Peake,Charone Peake,WR,1992-10-16,2016,7,241
00-0023561,Francis Pearman,Alvin Pearman,RB,1982-08-10,2005,4,127
00-0039916,Ricky Pearsall,Ricky Pearsall,WR,2000-09-09,2024,1,31
PEA334534,Barry Pearson,Barry Pearson,WR,1950-02-04,,,
00-0033983,Colby Pearson,Colby Pearson,WR,1995-01-19,,,
PEA380677,Dennis Pearson,Dennis Pearson,WR,1955-02-09,,,
PEA415284,Drew Pearson,Drew Pearson,WR,1951-01-12,,,
00-0038468,Henry Pearson,Henry Pearson,TE,1999-11-23,,,
00-0036107,Josh Pearson,Josh Pearson,WR,1997-06-13,,,
PEA588319,Preston Pearson,Preston Pearson,RB,1945-01-17,,,
PEA657533,Brent Pease,Brent Pease,QB,1964-10-08,1987,11,295
00-0012726,Douglas Pederson,Doug Pederson,QB,1968-01-31,,,
00-0036674,Josh Pederson,Josh Pederson,TE,1997-09-22,,,
00-0012729,Daniel Peebles,Danny Peebles,WR,1966-05-30,1989,2,33
00-0021227,Justin Peelle,Justin Peelle,TE,1979-03-15,2002,4,103
00-0026932,Cedric Peerman,Cedric Peerman,RB,1986-10-10,2009,6,185
00-0012732,Rodney Peete,Rodney Peete,QB,1966-03-16,1989,6,141
PEE664464,Brian Peets,Brian Peets,TE,1956-07-15,,,
00-0012735,Erric Pegram,Erric Pegram,RB,1969-01-07,1991,6,145
00-0012748,Steven Pelluer,Steve Pelluer,QB,1962-07-29,1984,5,113
00-0041216,Trebor Pena,Trebor Pena,WR,2002-02-21,,,
PEN127782,Jairo Penaranda,Jairo Penaranda,RB,1958-06-15,1981,12,328
00-0020669,Jon Pendergrass,Jon Pendergrass,WR,1978-10-07,,,
00-0039917,Michael Penix,Michael Penix,QB,2000-05-08,2024,1,8
00-0012764,Christopher Penn,Chris Penn,WR,1971-04-20,1994,3,96
00-0019559,James Pennington,Chad Pennington,QB,1976-06-26,2000,1,18
00-0039581,Trent Pennix,Trent Pennix,RB,1999-12-10,,,
00-0034750,Rashaad Penny,Rashaad Penny,RB,1996-02-02,2018,1,27
PEN511128,Carlos Pennywell,Carlos Pennywell,WR,1956-03-18,,,
PEN638910,Craig Penrose,Craig Penrose,QB,1953-07-25,,,
PEO276861,George Peoples,George Peoples,RB,1960-08-25,1982,8,216
00-0036233,Donovan Peoples-Jones,Donovan Peoples-Jones,WR,1999-02-19,2020,6,187
00-0019079,Joe Perez,Joe Perez,WR,1977-05-21,,,
00-0034737,Luis Perez,Luis Perez,QB,1994-08-26,,,
PER042375,Michael Perez,Mike Perez,QB,1965-03-07,,,
00-0030758,Justin Perillo,Justin Perillo,TE,1991-01-05,,,
00-0036269,La'Mical Perine,La'Mical Perine,RB,1998-01-30,2020,4,120
00-0033526,Samaje Perine,Samaje Perine,RB,1995-09-16,2017,4,114
00-0012789,Bruce Perkins,Bruce Perkins,RB,1967-08-14,,,
00-0035939,Bryce Perkins,Bryce Perkins,QB,1996-12-20,,,
PER220350,John Perkins,Johnny Perkins,WR,1953-04-21,,,
00-0032599,Joshua Perkins,Joshua Perkins,TE,1993-08-05,,,
00-0030759,LaDarius Perkins,LaDarius Perkins,RB,1990-09-18,,,
00-0032417,Paul Perkins,Paul Perkins,RB,1994-11-16,2016,5,149
00-0023089,Ray Perkins,Ray Perkins,RB,1982-11-06,,,
00-0026589,Vinny Perretta,Vinny Perretta,WR,1985-10-14,,,
00-0027931,Ryan Perrilloux,Ryan Perrilloux,QB,1987-01-01,,,
00-0032054,Breshad Perriman,Breshad Perriman,WR,1993-09-10,2015,1,26
00-0012803,Brett Perriman,Brett Perriman,WR,1965-10-10,1988,2,52
PER508500,William Perrin,Lonnie Perrin,RB,1952-02-03,,,
00-0038612,Atorian Perry,A.T. Perry,WR,1999-10-26,2023,6,195
00-0022733,Bruce Perry,Bruce Perry,RB,1981-03-22,2004,7,242
00-0012809,Edwin Perry,Ed Perry,TE,1974-09-01,1997,6,177
00-0037068,Ernest Perry,E.J. Perry,QB,1998-08-16,,,
PER622800,Leon Perry,Leon Perry,RB,1957-08-14,,,
00-0036245,Malcolm Perry,Malcolm Perry,RB,1997-04-19,2020,7,246
00-0022926,Raymond Perry,Chris Perry,RB,1981-12-27,2004,1,26
PER703425,Romauro Perry,Mario Perry,TE,1963-12-20,1987,11,294
00-0031209,Senorise Perry,Senorise Perry,RB,1991-09-19,,,
00-0023623,Tab Perry,Tab Perry,WR,1982-01-20,2005,6,190
00-0012832,Wilmont Perry,Wilmont Perry,RB,1975-02-24,1998,5,132
00-0012833,Robert Perryman,Bob Perryman,RB,1964-10-16,1987,3,79
00-0037182,Ricky Person,Ricky Person,RB,1999-11-12,,,
00-0026555,Eric Peterman,Eric Peterman,WR,1986-11-18,,,
00-0033958,Nathan Peterman,Nathan Peterman,QB,1994-05-04,2017,5,171
00-0021306,Adrian Peterson,Adrian Peterson,RB,1979-07-01,2002,6,199
00-0025394,Adrian Peterson,Adrian Peterson,RB,1985-03-21,2007,1,7
PET285093,Daunta Peterson,Daunta Peterson,WR,1983-01-02,,,
00-0028868,Deangelo Peterson,Deangelo Peterson,TE,1989-01-11,,,
00-0023800,James Petrowski,Jamie Petrowski,TE,1982-07-12,,,
00-0026996,Brandon Pettigrew,Brandon Pettigrew,TE,1985-02-23,2009,1,20
00-0028016,Austin Pettis,Austin Pettis,WR,1988-02-08,2011,3,78
00-0034860,Dante Pettis,Dante Pettis,WR,1995-10-23,2018,2,44
00-0037724,La'Michael Pettway,La'Michael Pettway,TE,1997-03-20,,,
00-0031568,Bryce Petty,Bryce Petty,QB,1991-05-31,2015,4,103
00-0040986,Ty Pezza,Ty Pezza,TE,2002-09-18,,,
00-0012910,Todd Philcox,Todd Philcox,QB,1966-09-25,,,
00-0037273,Kyle Philips,Kyle Philips,WR,1999-06-17,2022,5,163
00-0012915,Bobby Phillips,Bobby Phillips,RB,1969-12-08,,,
00-0034512,Cameron Phillips,Cam Phillips,WR,1995-12-16,,,
00-0012922,Jason Phillips,Jason Phillips,WR,1966-10-11,1989,10,253
PHI319450,Jess Phillips,Jess Phillips,RB,1947-02-28,,,
00-0027139,John Phillips,John Phillips,TE,1987-06-11,2009,6,208
PHI392340,Joseph Phillips,Joe Phillips,WR,1963-05-12,,,
PHI447230,Kirk Phillips,Kirk Phillips,WR,1960-07-31,,,
00-0012931,Lawrence Phillips,Lawrence Phillips,RB,1975-05-12,1996,1,6
PHI638900,Rodney Phillips,Rod Phillips,RB,1952-12-23,,,
00-0036069,Scott Phillips,Scottie Phillips,RB,1997-10-06,,,
00-0032100,Shakim Phillips,Shakim Phillips,WR,1992-03-19,,,
00-0012946,Delvic Philyaw,Dino Philyaw,RB,1970-10-30,1995,6,195
00-0019488,Mareno Philyaw,Mareno Philyaw,WR,1977-12-19,2000,6,172
00-0036817,Mister Philyor,Whop Philyor,WR,1998-07-31,,,
PHI798625,Michael Phipps,Mike Phipps,QB,1947-11-19,,,
00-0028509,Zack Pianalto,Zack Pianalto,TE,1989-05-27,,,
PIC083058,Robert Picard,Bob Picard,WR,1949-11-24,,,
PIC332232,Louis Piccone,Lou Piccone,WR,1949-07-17,,,
PIC415290,Robert Pickard,Bob Pickard,WR,1952-09-03,,,
00-0012953,Carl Pickens,Carl Pickens,WR,1970-03-23,1992,2,31
00-0037247,George Pickens,George Pickens,WR,2001-03-04,2022,2,52
PIC747522,Clay Pickering,Clay Pickering,WR,1961-06-02,,,
00-0022731,Cody Pickett,Cody Pickett,QB,1980-06-30,2004,7,217
00-0038102,Kenneth Pickett,Kenny Pickett,QB,1998-06-06,2022,1,20
00-0012971,Aaron Pierce,Aaron Pierce,TE,1969-09-06,1992,3,69
00-0037664,Alec Pierce,Alec Pierce,WR,2000-05-02,2022,2,53
00-0036208,Artavis Pierce,Artavis Pierce,RB,1996-05-17,,,
00-0029264,Bernard Pierce,Bernard Pierce,RB,1991-05-10,2012,3,84
00-0022447,Brett Pierce,Brett Pierce,TE,1981-01-07,,,
00-0031660,Casey Pierce,Casey Pierce,TE,1991-08-12,,,
00-0037556,Christopher Pierce,Chris Pierce,TE,1998-11-02,,,
00-0037258,Dameon Pierce,Dameon Pierce,RB,2000-02-19,2022,4,107
PIE447237,Stephen Pierce,Steve Pierce,WR,1963-12-12,,,
00-0040292,Bryce Pierre,Bryce Pierre,TE,2001-01-25,,,
00-0034103,De'Mornay Pierson-El,De'Mornay Pierson-El,WR,1995-12-26,,,
00-0027801,Anthony Pike,Tony Pike,QB,1986-03-10,2010,6,204
00-0028070,Kealoha Pilares,Kealoha Pilares,WR,1988-02-20,2011,5,132
PIL692150,William Pillow,Frank Pillow,WR,1965-03-11,1988,11,279
00-0037443,Kalil Pimpleton,Kalil Pimpleton,WR,1998-12-09,,,
00-0039500,Sam Pinckney,Sam Pinckney,WR,1999-10-25,,,
00-0031834,Larry Pinkard,Larry Pinkard,WR,1992-02-25,,,
00-0012997,Allen Pinkett,Allen Pinkett,RB,1964-01-25,1986,3,61
00-0035787,Jared Pinkney,Jared Pinkney,TE,1997-08-21,,,
00-0012998,Lovell Pinkney,Lovell Pinkney,WR,1972-08-18,1995,4,115
00-0019606,Antarral Pinkston,Todd Pinkston,WR,1977-04-23,2000,2,36
00-0022006,Artose Pinner,Artose Pinner,RB,1978-01-05,2003,4,99
00-0021936,Andrew Pinnock,Andrew Pinnock,RB,1980-03-12,2003,7,229
PIP207645,Scott Piper,Scott Piper,WR,1954-06-18,,,
PIP622935,A. Pippens,Woodie Pippens,RB,1963-02-07,,,
PIS276861,Joseph Pisarcik,Joe Pisarcik,QB,1952-07-02,,,
PIS553722,Stephen Pisarkiewicz,Steve Pisarkiewicz,QB,1953-11-10,,,
00-0041307,Joshua Pitsenberger,Josh Pitsenberger,RB,2003-10-12,,,
00-0027714,Dennis Pitta,Dennis Pitta,TE,1985-06-29,2010,4,114
00-0025494,Antonio Pittman,Antonio Pittman,RB,1985-12-19,2007,4,107
PIT166116,Danny Pittman,Danny Pittman,WR,1958-04-03,1980,4,90
00-0013013,Michael Pittman,Michael Pittman,RB,1975-08-14,1998,4,95
00-0036252,Michael Pittman,Michael Pittman,WR,1997-10-05,2020,2,34
00-0020032,DeRonnie Pitts,DeRonnie Pitts,WR,1978-04-05,,,
PIT387604,Frank Pitts,Frank Pitts,WR,1943-11-12,,,
00-0036970,Kyle Pitts,Kyle Pitts,TE,2000-10-06,2021,1,4
00-0038427,Thyrick Pitts,Thyrick Pitts,WR,2001-04-08,,,
00-0027927,Casmir Piurowski,Caz Piurowski,TE,1987-10-11,,,
00-0026657,Chris Pizzotti,Chris Pizzotti,QB,1986-06-29,,,
00-0013023,Josef Planansky,Joe Planansky,TE,1971-10-21,,,
00-0036449,Sandro Platzgummer,Sandro Platzgummer,RB,1997-03-10,,,
PLE332232,Marquis Pleasant,Marquis Pleasant,WR,1965-06-28,,,
PLE498348,Michael Pleasant,Mike Pleasant,WR,1955-08-16,,,
00-0039702,Mason Pline,Mason Pline,TE,2000-02-05,,,
00-0038137,Steven Plitt,Drew Plitt,QB,1998-01-09,,,
00-0039456,John Plumlee,John Rhys Plumlee,WR,2001-01-02,,,
00-0013040,Chad Plummer,Chad Plummer,WR,1975-11-30,1999,6,204
00-0039501,Jack Plummer,Jack Plummer,QB,1999-10-21,,,
00-0013042,Jason Plummer,Jake Plummer,QB,1974-12-19,1997,2,42
PLU604056,James Plunkett,Jim Plunkett,QB,1947-12-05,,,
00-0024364,Jason Pociask,Jason Pociask,TE,1983-02-09,2006,5,150
POD415290,Edward Podolak,Ed Podolak,RB,1947-09-01,,,
00-0035035,Shawn Poindexter,Shawn Poindexter,WR,1995-12-13,,,
POK415291,Frank Pokorny,Frank Pokorny,WR,1963-05-13,,,
00-0036583,Tony Poljan,Tony Poljan,TE,1997-04-25,,,
00-0029438,Christopher Polk,Chris Polk,RB,1989-12-16,,,
00-0039907,Ja'Lynn Polk,Ja'Lynn Polk,WR,2002-04-11,2024,2,37
00-0037183,Makai Polk,Makai Polk,WR,2001-08-04,,,
POL332232,Frank Pollard,Frank Pollard,RB,1957-06-15,1980,11,305
00-0013080,Marcus Pollard,Marcus Pollard,TE,1972-02-08,,,
00-0029149,Royce Pollard,Royce Pollard,WR,1989-06-03,,,
00-0035261,Tony Pollard,Tony Pollard,RB,1997-04-30,2019,4,128
00-0027950,Christian Ponder,Christian Ponder,QB,1988-02-25,2011,1,12
00-0021923,Willie Ponder,Willie Ponder,WR,1980-02-14,2003,6,199
00-0013097,Keith Poole,Keith Poole,WR,1974-06-18,1997,4,116
POO383346,Larry Poole,Larry Poole,RB,1952-07-31,,,
00-0020021,Nathan Poole,Nate Poole,WR,1977-02-01,,,
POO447237,Nathan Poole,Nathan Poole,RB,1956-12-17,,,
POO702801,Shelley Poole,Shelley Poole,RB,1964-12-03,,,
00-0029401,Tauren Poole,Tauren Poole,RB,1989-10-19,,,
00-0024287,Leonard Pope,Leonard Pope,TE,1983-09-10,2006,3,72
00-0033164,Troymaine Pope,Troymaine Pope,RB,1993-11-29,,,
00-0023881,William Pope,P.J. Pope,RB,1984-02-26,,,
00-0013117,Theodore Popson,Ted Popson,TE,1966-09-10,1991,11,306
00-0019703,Jerry Porter,Jerry Porter,WR,1978-07-14,2000,2,47
00-0027437,Quinn Porter,Quinn Porter,RB,1986-02-02,,,
00-0024059,Quinton Porter,Quinton Porter,QB,1982-12-28,,,
POR383346,Richard Porter,Ricky Porter,RB,1960-01-14,1982,12,319
POR638910,Tracy Porter,Tracy Porter,WR,1959-06-01,1981,4,99
00-0021179,Clinton Portis,Clinton Portis,RB,1981-09-01,2002,2,51
00-0028446,Joshua Portis,Josh Portis,QB,1987-07-14,,,
00-0029673,DeVier Posey,DeVier Posey,WR,1990-03-15,2012,3,68
00-0026658,Zach Potter,Zach Potter,TE,1986-05-04,,,
POU415291,Ernest Pough,Ernest Pough,WR,1952-05-17,,,
00-0024694,Ryan Powdrell,Ryan Powdrell,RB,1983-12-20,,,
00-0032656,Darius Powe,Darius Powe,WR,1994-03-15,,,
POW039551,Karl Powe,Karl Powe,WR,1962-01-17,1985,7,178
00-0028064,Bilal Powell,Bilal Powell,RB,1988-10-27,2011,4,126
00-0034646,Brandon Powell,Brandon Powell,WR,1995-09-12,,,
00-0036647,Cornell Powell,Cornell Powell,WR,1997-10-30,2021,5,181
POW227556,Damond Powell,Damond Powell,WR,1992-10-31,,,
POW237306,Darnell Powell,Darnell Powell,RB,1954-05-31,,,
POW276857,Jeffrey Powell,Jeff Powell,RB,1963-05-27,1986,6,166
00-0013173,Marvin Powell,Marvin Powell,RB,1976-06-06,,,
00-0013176,Ronnie Powell,Ronnie Powell,WR,1974-11-03,,,
POW553714,Steven Powell,Steve Powell,RB,1956-01-02,,,
00-0031268,Walter Powell,Walt Powell,WR,1991-11-23,2014,6,196
00-0028736,William Powell,William Powell,RB,1988-03-09,,,
00-0013182,Richard Powers,Ricky Powers,RB,1970-11-30,,,
00-0013186,Ronald Powlus,Ron Powlus,QB,1974-07-16,,,
00-0025679,Evan Prall,Evan Prall,WR,,,,
00-0032178,Kyle Prater,Kyle Prater,WR,1992-06-21,,,
00-0040239,Kaden Prather,Kaden Prather,WR,2002-09-06,2025,7,240
00-0039238,Michael Pratt,Michael Pratt,QB,2001-09-30,2024,7,245
00-0030718,Quron Pratt,Quron Pratt,WR,1991-04-25,,,
00-0041152,Kobe Prentice,Kobe Prentice,WR,2004-03-10,,,
00-0019609,Travis Prentice,Travis Prentice,RB,1976-12-08,2000,3,63
00-0033077,Rayne Prescott,Dak Prescott,QB,1993-07-29,2016,4,135
00-0013203,Andre President,Andre President,TE,1971-06-16,,,
00-0040597,Brennan Presley,Brennan Presley,WR,2002-02-02,,,
00-0029463,De'Andre Presley,De'Andre Presley,WR,1990-01-10,,,
00-0040366,Hal Presley,Hal Presley,WR,2002-01-22,,,
00-0032611,Jhurrell Pressley,Jhurrell Pressley,RB,1992-05-20,,,
00-0028362,Michael Preston,Michael Preston,WR,1989-06-01,,,
PRE719836,Richard Preston,Dave Preston,RB,1955-05-29,,,
00-0013214,Roell Preston,Roell Preston,WR,1972-06-23,1995,5,145
00-0037400,D'vonte Price,D'vonte Price,RB,1999-06-02,,,
00-0013223,Derek Price,Derek Price,TE,1972-08-17,,,
00-0041512,Jadarian Price,Jadarian Price,RB,2003-10-09,2026,1,32
PRI209046,James Price,Jim Price,TE,1966-10-02,,,
00-0033332,Josiah Price,Josiah Price,TE,1993-07-19,,,
00-0024819,Maurice Price,Maurice Price,WR,1985-09-11,,,
00-0040506,Myles Price,Myles Price,WR,2001-12-16,,,
00-0013232,Peerless Price,Peerless Price,WR,1976-10-27,1999,2,53
00-0027693,Taylor Price,Taylor Price,WR,1987-10-08,2010,3,90
00-0040392,Caden Prieskorn,Caden Prieskorn,TE,1999-09-21,,,
00-0013243,Raymond Priester,Raymond Priester,RB,1975-02-03,,,
00-0013246,Gregory Primus,Greg Primus,WR,1970-10-20,,,
PRI467190,James Primus,James Primus,RB,1964-05-18,1988,9,222
00-0038518,Deneric Prince,Deneric Prince,RB,2000-04-11,,,
00-0037233,Gerrit Prince,Gerrit Prince,TE,1997-08-25,,,
00-0019913,Ryan Prince,Ryan Prince,TE,1977-05-16,,,
00-0034297,Byron Pringle,Byron Pringle,WR,1993-11-17,,,
PRI571010,Michael Pringle,Mike Pringle,RB,1967-10-01,1990,6,139
00-0023739,Casey Printers,Casey Printers,QB,1981-05-16,,,
00-0013258,Michael Pritchard,Mike Pritchard,WR,1969-10-25,1991,1,13
PRI778650,Billy Pritchett,Billy Pritchett,RB,1951-02-22,,,
00-0040405,Jamaal Pritchett,Jamaal Pritchett,WR,2003-06-10,,,
00-0013262,Stanley Pritchett,Stanley Pritchett,RB,1973-12-22,1996,4,118
00-0036133,James Proche,James Proche,WR,1996-09-20,2020,6,201
00-0034442,Austin Proehl,Austin Proehl,WR,1995-10-11,2018,7,255
00-0036818,Christian Proehl,Blake Proehl,WR,1999-01-12,,,
00-0013268,Richard Proehl,Ricky Proehl,WR,1968-03-07,1990,3,58
00-0032393,Calvin Prosise,C.J. Prosise,RB,1994-05-20,2016,3,90
PRU355962,Gregory Pruitt,Greg Pruitt,RB,1951-08-18,,,
00-0013278,James Pruitt,James Pruitt,WR,1964-01-29,1986,4,107
00-0027173,Julius Pruitt,Julius Pruitt,WR,1985-12-30,,,
PRU593270,Michael Pruitt,Mike Pruitt,RB,1954-04-03,,,
00-0031585,MyCole Pruitt,MyCole Pruitt,TE,1992-03-24,2015,5,143
00-0037422,Kendric Pryor,Kendric Pryor,WR,1998-01-06,,,
00-0040792,Layne Pryor,Layne Pryor,TE,2002-12-09,,,
PRY456541,Layne Pryor,Layne Pryor,TE,2002-12-09,,,
00-0029953,Lonnie Pryor,Lonnie Pryor,RB,1990-02-22,,,
00-0028825,Terrelle Pryor,Terrelle Pryor,WR,1989-06-20,,,
00-0025663,Anthony Pudewell,Anthony Pudewell,TE,1983-04-06,,,
00-0033561,Donnel Pumphrey,Donnel Pumphrey,RB,1994-12-06,2017,4,132
00-0013298,Alfred Pupunu,Alfred Pupunu,TE,1969-10-17,,,
00-0037834,Brock Purdy,Brock Purdy,QB,1999-12-27,2022,7,262
00-0026396,Maurice Purify,Maurice Purify,WR,1986-01-17,,,
00-0013308,Lovett Purnell,Lovett Purnell,TE,1972-04-07,1996,7,216
00-0026804,Ryan Purvis,Ryan Purvis,TE,1986-05-08,,,
00-0021100,Jebediah Putzier,Jeb Putzier,TE,1979-01-20,2002,6,191
00-0021969,Bradley Pyatt,Brad Pyatt,WR,1980-04-16,,,
QUA355962,Bernard Quarles,Bernard Quarles,QB,1960-01-04,,,
00-0027753,Andrew Quarless,Andrew Quarless,TE,1988-10-06,2010,5,154
QUE276861,Jeffrey Queen,Jeff Queen,RB,1946-08-15,,,
00-0013325,Jeffrey Query,Jeff Query,WR,1967-03-07,1989,5,124
00-0036453,Paul Quessenberry,Paul Quessenberry,TE,1992-01-08,,,
00-0029640,Brian Quick,Brian Quick,WR,1989-06-05,2012,2,33
QUI166116,Michael Quick,Mike Quick,WR,1959-05-14,1982,1,20
00-0025409,Brayden Quinn,Brady Quinn,QB,1984-10-27,2007,1,22
00-0034339,David Quinn,Trey Quinn,WR,1995-12-07,2018,7,256
QUI581406,Jeffrey Quinn,Jeff Quinn,QB,1958-02-16,,,
00-0013338,Jonathan Quinn,Jonathan Quinn,QB,1975-02-27,1998,3,86
00-0013341,Michael Quinn,Mike Quinn,QB,1974-04-15,,,
00-0027040,Richard Quinn,Richard Quinn,TE,1986-09-06,2009,2,64
00-0037277,Teagan Quitoriano,Teagan Quitoriano,TE,2000-03-15,2022,5,170
RAB166116,Robert Raba,Bob Raba,TE,1955-04-23,,,
00-0025711,Jerard Rabb,Jerard Rabb,WR,1984-08-19,,,
00-0024749,Germaine Race,Germaine Race,RB,1985-04-07,,,
00-0013352,Latario Rachal,Latario Rachal,WR,1973-01-31,,,
RAC553722,David Rackley,David Rackley,WR,1961-02-02,,,
00-0033268,Brandon Radcliff,Brandon Radcliff,RB,1993-03-18,,,
RAD310135,James Rader,Dave Rader,QB,1957-03-09,,,
00-0022483,Jason Rader,Jason Rader,TE,1981-04-12,,,
00-0034193,Kevin Rader,Kevin Rader,TE,1995-04-26,,,
00-0028668,Raymond Radway,Raymond Radway,WR,1987-07-05,,,
RAE276861,Michael Rae,Mike Rae,QB,1951-07-26,,,
00-0036523,Trey Ragas,Trey Ragas,RB,1996-11-07,,,
RAG276860,Floyd Raglin,Floyd Raglin,WR,1961-02-10,,,
00-0022091,David Ragone,Dave Ragone,QB,1979-10-03,2003,3,88
RAG415290,George Ragsdale,George Ragsdale,RB,1952-12-04,,,
00-0034927,T.J. Rahming,T.J. Rahming,WR,1997-01-10,,,
RAI118654,Steven Raible,Steve Raible,WR,1954-06-02,,,
00-0036837,John Raine,John Raine,TE,1998-03-27,,,
00-0029384,Bobby Rainey,Bobby Rainey,RB,1987-10-16,,,
00-0029140,Christopher Rainey,Chris Rainey,RB,1988-03-02,2012,5,159
00-0037366,Charleston Rambo,Charleston Rambo,WR,1999-08-10,,,
00-0020425,Ken-Yon Rambo,Ken-Yon Rambo,WR,1978-10-04,2001,7,229
RAM207644,Derrick Ramsey,Derrick Ramsey,TE,1956-12-23,,,
00-0021379,Patrick Ramsey,Patrick Ramsey,QB,1979-02-14,2002,1,32
RAM674843,Stephen Ramsey,Steve Ramsey,QB,1947-04-22,,,
RAM726754,Thomas Ramsey,Tom Ramsey,QB,1961-07-09,1983,10,267
RAM778665,Eason Ramson,Eason Ramson,TE,1956-04-30,,,
00-0040888,Adam Randall,Adam Randall,RB,2004-07-14,2026,5,174
00-0023237,Bryan Randall,Bryan Randall,QB,1983-08-16,,,
00-0023021,Jason Randall,Jason Randall,TE,1982-12-26,,,
00-0023145,Marcus Randall,Marcus Randall,QB,1982-03-14,,,
00-0029933,Bradley Randle,Bradley Randle,RB,1990-09-17,,,
00-0030388,Joseph Randle,Joseph Randle,RB,1991-12-29,2013,5,151
00-0029262,Rueben Randle,Rueben Randle,WR,1991-05-07,2012,2,63
00-0021190,Antwaan Randle El,Antwaan Randle El,WR,1979-08-17,2002,2,62
00-0025841,Louis Rankin,Louis Rankin,RB,1985-05-04,,,
RAN706336,Bill Ransdell,Bill Ransdell,QB,1963-04-15,,,
RAN719836,Brian Ransom,Brian Ransom,QB,1960-07-09,,,
00-0013417,Dennis Ransom,Dennis Ransom,TE,1967-10-16,,,
00-0041395,Elijah Raridon,Eli Raridon,TE,2004-02-12,2026,3,95
00-0013422,Walter Rasby,Walter Rasby,TE,1972-09-07,,,
RAS249174,Ahmad Rashad,Ahmad Rashad,WR,1949-11-19,,,
00-0013425,Dawud Rasheed,Dawud Rasheed,RB,1977-01-22,,,
00-0013427,Kenyon Rasheed,Kenyon Rasheed,RB,1970-08-23,,,
RAT249174,David Rather,Bo Rather,WR,1950-10-07,,,
00-0013432,Thomas Rathman,Tom Rathman,RB,1962-10-07,1986,3,56
00-0038156,Clint Ratkovich,Clint Ratkovich,RB,1997-09-16,,,
00-0034273,Damion Ratley,Damion Ratley,WR,1995-04-16,2018,6,175
00-0025694,Brett Ratliff,Brett Ratliff,QB,1985-08-08,,,
00-0035520,Anthony Ratliff-Williams,Anthony Ratliff-Williams,WR,1997-06-17,,,
00-0019623,Timothy Rattay,Tim Rattay,QB,1977-03-15,2000,7,212
00-0039376,Spencer Rattler,Spencer Rattler,QB,2000-09-28,2024,5,150
00-0031897,Thomas Rawls,Thomas Rawls,RB,1993-08-03,,,
RAY332232,Edward Ray,Eddie Ray,RB,1947-04-05,,,
00-0020511,Ricky Ray,Ricky Ray,QB,1979-10-22,,,
RAY573156,James Raye,Jimmy Raye,WR,1968-11-24,,,
RAY664464,Frederick Rayhle,Fred Rayhle,TE,1954-04-09,,,
00-0035058,Dax Raymond,Dax Raymond,TE,1994-11-30,,,
00-0032464,Kalif Raymond,Kalif Raymond,WR,1994-08-08,,,
00-0026017,Paul Raymond,Paul Raymond,WR,1986-05-05,,,
00-0023653,Richard Razzano,Rick Razzano,RB,1981-01-28,,,
00-0013467,Jamieson Reader,Jamie Reader,RB,1974-05-04,,,
00-0036387,Jalen Reagor,Jalen Reagor,WR,1999-01-02,2020,1,21
REA442976,Thomas Reamon,Tommy Reamon,RB,1952-03-12,,,
00-0031123,Darrin Reaves,Darrin Reaves,RB,1993-04-17,,,
REA705993,Thomas Reaves,John Reaves,QB,1950-03-02,,,
REA719836,Willard Reaves,Willard Reaves,RB,1959-08-17,,,
00-0020778,Pete Rebstock,Pete Rebstock,WR,1978-08-10,,,
00-0041451,Brock Rechsteiner,Brock Rechsteiner,WR,2002-08-21,,,
00-0023188,Jamaica Rector,Jamaica Rector,WR,1981-08-10,,,
00-0031008,Silas Redd,Silas Redd,RB,1992-03-01,,,
RED319455,Barry Redden,Barry Redden,RB,1960-07-21,1982,1,14
00-0034647,Teo Redding,Teo Redding,WR,1994-12-08,,,
RED383346,Cornelius Redick,Corn Redick,WR,1964-01-07,1986,7,169
00-0019709,Chris Redman,Chris Redman,QB,1977-07-07,2000,3,75
00-0026566,Isaac Redman,Isaac Redman,RB,1984-11-10,,,
00-0040598,Mark Redman,Mark Redman,TE,2002-01-20,,,
00-0020871,Tellis Redmon,Tellis Redmon,RB,1978-12-19,,,
00-0019975,James Redmond,Jimmy Redmond,WR,1977-08-18,,,
00-0019722,Joseph Redmond,J.R. Redmond,RB,1977-09-28,2000,3,76
RED766692,Jarvis Redwine,Jarvis Redwine,RB,1957-05-16,1981,2,52
00-0013498,Travis Reece,Travis Reece,RB,1975-04-03,,,
REE101290,Alvin Reed,Alvin Reed,TE,1944-08-01,,,
00-0013499,Andre Reed,Andre Reed,WR,1964-01-29,1985,4,86
REE141806,Anthony Reed,Tony Reed,RB,1955-03-30,,,
00-0039464,Austin Reed,Austin Reed,QB,2000-02-22,,,
00-0028934,Bert Reed,Bert Reed,WR,1988-06-01,,,
00-0027755,Brandon Reed,David Reed,WR,1987-03-22,2010,5,156
00-0040265,Ja'Seem Reed,Ja'seem Reed,WR,2003-03-21,,,
00-0039146,Jayden Reed,Jayden Reed,WR,2000-04-28,2023,2,50
00-0030472,Jordan Reed,Jordan Reed,TE,1990-07-03,2013,3,85
00-0036377,Joseph Reed,Joe Reed,WR,1998-01-04,2020,5,151
REE303870,Joseph Reed,Joe Reed,QB,1948-01-08,,,
00-0021166,Joshua Reed,Josh Reed,WR,1980-05-01,2002,2,36
00-0024639,Kerry Reed,Kerry Reed,WR,1984-12-24,,,
REE344386,Mark Reed,Mark Reed,QB,1959-02-21,1981,8,207
REE349450,Michael Reed,Mike Reed,RB,1975-01-06,,,
REE364644,Oscar Reed,Oscar Reed,RB,1944-03-24,,,
00-0013523,Robert Reed,Robert Reed,WR,1975-01-14,,,
00-0013512,Willie Reed,Jake Reed,WR,1967-09-28,1991,3,68
REE465934,Daniel Reeder,Dan Reeder,RB,1961-03-18,1985,5,135
00-0030743,Bernard Reedy,Bernard Reedy,WR,1991-12-31,,,
00-0039228,Louis Rees-Zammit,Louis Rees-Zammit,RB,2001-02-02,,,
REE635498,Jerry Reese,Jerry Reese,WR,1973-03-18,,,
00-0020893,Jonathan Reese,Jonathan Reese,RB,1980-04-15,,,
00-0031002,Tevin Reese,Tevin Reese,WR,1991-01-02,2014,7,240
00-0013543,Bryan Reeves,Bryan Reeves,WR,1970-07-10,,,
00-0013551,Walter Reeves,Walter Reeves,TE,1965-12-16,1989,2,40
00-0013553,Moses Regular,Moses Regular,TE,1971-10-30,,,
00-0013558,Frank Reich,Frank Reich,QB,1961-12-04,1985,3,57
REI214344,Alan Reid,Alan Reid,RB,1960-09-06,,,
REI241137,Andrew Reid,Andy Reid,RB,1954-02-26,,,
00-0021813,Gabriel Reid,Gabe Reid,TE,1977-05-28,,,
00-0024310,Willie Reid,Willie Reid,WR,1982-09-19,2006,3,95
00-0033620,Brandon Reilly,Brandon Reilly,WR,1993-09-24,,,
REI482274,Dameon Reilly,Dameon Reilly,WR,1963-05-10,,,
00-0026567,Michael Reilly,Mike Reilly,QB,1985-01-01,,,
00-0039737,Tip Reiman,Tip Reiman,TE,2001-09-17,2024,3,82
00-0028267,Allen Reisner,Allen Reisner,TE,1988-09-29,,,
00-0013584,Reginald Rembert,Reggie Rembert,WR,1966-12-25,1990,2,28
00-0038519,Nikko Remigio,Nikko Remigio,WR,1999-11-04,,,
00-0031803,Blake Renaud,Blake Renaud,RB,1992-10-06,,,
00-0030569,Sean Renfree,Sean Renfree,QB,1990-04-28,2013,7,249
REN244285,Michael Renfro,Mike Renfro,WR,1955-06-19,,,
REN341999,Gilbert Renfroe,Gilbert Renfroe,QB,1963-02-18,,,
00-0034983,Hunter Renfrow,Hunter Renfrow,WR,1995-12-21,2019,5,149
00-0030673,Bryn Renner,Bryn Renner,QB,1990-01-22,,,
REN781712,Thomas Rentzel,Lance Rentzel,WR,1943-10-14,,,
REP207645,Jay Repko,Jay Repko,TE,1958-06-12,,,
00-0040522,Xavier Restrepo,Xavier Restrepo,WR,2002-04-12,,,
00-0028238,Konrad Reuland,Konrad Reuland,TE,1987-04-04,,,
REU415290,Randy Reutershan,Randy Reutershan,WR,1955-06-30,,,
00-0036474,Sammis Reyes,Sammis Reyes,TE,1995-10-19,,,
00-0025951,Darius Reynaud,Darius Reynaud,RB,1984-12-29,,,
00-0028795,Chase Reynolds,Chase Reynolds,RB,1987-10-22,,,
00-0035567,Craig Reynolds,Craig Reynolds,RB,1996-06-15,,,
00-0021431,Joffrey Reynolds,Joffrey Reynolds,RB,1979-11-26,,,
00-0033943,Joshua Reynolds,Josh Reynolds,WR,1995-02-16,2017,4,117
00-0033078,Keenan Reynolds,Keenan Reynolds,WR,1993-12-13,2016,6,182
REY586284,Raoul Reynolds,Tom Reynolds,WR,1949-04-11,,,
00-0027388,Aaron Rhea,Aaron Rhea,WR,,,,
00-0013621,Steve Rhem,Steve Rhem,WR,1971-11-09,,,
00-0013622,Errict Rhett,Errict Rhett,RB,1970-12-11,1994,2,34
00-0013625,David Rhodes,David Rhodes,WR,1972-03-15,,,
00-0019863,Dominic Rhodes,Dominic Rhodes,RB,1979-01-17,,,
RHY415291,George Rhymes,Buster Rhymes,WR,1962-01-27,1985,4,85
00-0018588,Alan Ricard,Alan Ricard,RB,1977-01-17,,,
00-0025664,Lester Ricard,Lester Ricard,QB,1983-12-11,,,
00-0033376,Patrick Ricard,Patrick Ricard,RB,1994-05-27,,,
00-0035956,Giovanni Ricci,Giovanni Ricci,TE,1996-10-16,,,
00-0013635,Allen Rice,Allen Rice,RB,1962-04-05,1984,5,140
00-0039415,Brenden Rice,Brenden Rice,WR,2002-03-18,2024,7,225
RIC071600,Daniel Rice,Dan Rice,RB,1963-11-09,,,
00-0020133,Frank Rice,Frank Rice,WR,1978-02-02,,,
00-0013639,Jerry Rice,Jerry Rice,WR,1962-10-13,1985,1,16
00-0031429,Jerry Rice,Jerry Rice,WR,1991-07-27,,,
00-0039067,Rashee Rice,Rashee Rice,WR,2000-04-22,2023,2,55
00-0026195,Raymell Rice,Ray Rice,RB,1987-01-22,2008,2,55
00-0025431,Sidney Rice,Sidney Rice,WR,1986-09-01,2007,2,44
00-0033025,Jalen Richard,Jalen Richard,RB,1993-10-15,,,
00-0013657,Curvin Richards,Curvin Richards,RB,1968-12-26,1991,4,97
RIC286400,John Richards,Golden Richards,WR,1950-12-31,,,
00-0035491,A.J. Richardson,A.J. Richardson,WR,1995-06-02,,,
00-0039164,Anthony Richardson,Anthony Richardson,QB,2002-05-22,2023,1,4
RIC400960,Darryl Richardson,Darryl Richardson,RB,1964-03-27,,,
00-0029612,Daryl Richardson,Daryl Richardson,RB,1990-04-12,2012,7,252
00-0040937,Dominic Richardson,Dominic Richardson,RB,2001-04-12,,,
RIC429600,Eric Richardson,Eric Richardson,WR,1962-04-18,1984,2,41
RIC443920,Ernest Richardson,Ernie Richardson,TE,1950-07-17,,,
RIC458240,Gloster Richardson,Gloster Richardson,WR,1942-07-18,,,
RIC472560,Grady Richardson,Grady Richardson,TE,1952-04-02,,,
RIC486880,Gregory Richardson,Greg Richardson,WR,1964-10-06,1987,6,156
00-0040275,JP Richardson,J.P. Richardson,WR,2002-03-23,,,
00-0013671,John Richardson,Bucky Richardson,QB,1969-02-07,1992,8,220
00-0013688,Paul Richardson,Paul Richardson,WR,1969-02-25,,,
00-0031257,Paul Richardson,Paul Richardson,WR,1992-04-13,2014,2,45
00-0030162,Rico Richardson,Rico Richardson,WR,1991-07-01,,,
00-0013692,Terry Richardson,Terry Richardson,RB,1971-10-08,,,
00-0029675,Trenton Richardson,Trent Richardson,RB,1990-07-10,2012,1,3
00-0013695,Wallace Richardson,Wally Richardson,QB,1974-02-11,1997,7,234
RIC801920,Harold Ricks,Harold Ricks,RB,1962-12-26,,,
RIC816240,Lawrence Ricks,Lawrence Ricks,RB,1961-06-04,1983,8,220
00-0013712,Mikhael Ricks,Mikhael Ricks,TE,1974-11-14,1998,2,59
00-0038122,Desmond Ridder,Desmond Ridder,QB,1999-08-31,2022,3,74
RID184574,Robbert Riddick,Robb Riddick,RB,1957-04-26,1981,9,241
00-0030107,Theodore Riddick,Theo Riddick,RB,1991-05-04,2013,6,199
00-0023379,Brandon Rideau,Brandon Rideau,WR,1982-10-18,,,
00-0023625,Dante Ridgeway,Dante Ridgeway,WR,1984-04-18,2005,6,192
00-0034837,Calvin Ridley,Calvin Ridley,WR,1994-12-20,2018,1,26
00-0035590,Cavin Ridley,Riley Ridley,WR,1996-07-21,2019,4,126
00-0028011,Stevan Ridley,Stevan Ridley,RB,1989-01-27,2011,3,73
00-0013728,Allen Riemersma,Jay Riemersma,TE,1973-05-17,1996,7,244
00-0037424,Justin Rigg,Justin Rigg,TE,1998-03-13,,,
RIG207644,Robert Riggins,John Riggins,RB,1949-08-04,,,
00-0013738,Gerald Riggs,Gerald Riggs,RB,1960-11-06,1982,1,9
00-0013739,James Riggs,Jim Riggs,TE,1963-09-23,1987,4,103
RIL166116,Eric Riley,Eric Riley,TE,1964-10-10,,,
00-0026860,Eron Riley,Eron Riley,WR,1987-08-05,,,
00-0039286,Marcus Riley,Marcus Riley,WR,1999-05-09,,,
00-0013751,Milton Riley,Eugene Riley,TE,1966-10-09,,,
00-0013757,Phillip Riley,Phillip Riley,WR,1972-09-24,1996,6,199
RIL609092,Robert Riley,Bobby Riley,WR,1964-10-17,,,
RIN332232,William Ring,Bill Ring,RB,1956-12-13,,,
00-0027120,Javon Ringer,Javon Ringer,RB,1987-02-02,2009,5,173
RIO622935,Timothy Riordan,Tim Riordan,QB,1960-07-15,,,
RIS103822,Alan Risher,Alan Risher,QB,1961-05-06,,,
00-0013770,Andre Rison,Andre Rison,WR,1967-03-18,1989,1,22
00-0013772,James Ritchey,James Ritchey,QB,1973-07-10,,,
00-0030514,Mychal Rivera,Mychal Rivera,TE,1990-09-08,2013,6,184
RIV369148,Steven Rivera,Steve Rivera,WR,1954-08-05,,,
00-0019957,David Rivers,David Rivers,QB,1977-09-01,,,
00-0041257,Eric Rivers,Eric Rivers,WR,2002-09-17,,,
00-0020187,Marcellus Rivers,Marcellus Rivers,TE,1978-10-26,,,
RIV646009,Nathaniel Rivers,Nate Rivers,WR,1955-08-31,1980,5,135
00-0022942,Philip Rivers,Philip Rivers,QB,1981-12-08,2004,1,4
00-0013784,Reginald Rivers,Reggie Rivers,RB,1968-02-22,,,
00-0013785,Ronald Rivers,Ron Rivers,RB,1971-11-13,,,
00-0037557,Ronnie Rivers,Ronnie Rivers,RB,1999-01-31,,,
ROA593270,Carl Roaches,Carl Roaches,WR,1953-10-02,,,
00-0013792,Michael Roan,Michael Roan,TE,1972-08-29,1995,4,101
ROA711924,Oscar Roan,Oscar Roan,WR,1951-10-17,,,
00-0039516,Aidan Robbins,Aidan Robbins,RB,2000-12-22,,,
00-0020345,Michael Roberg,Mike Roberg,TE,1977-09-18,2001,7,227
00-0013803,Brian Roberson,Brian Roberson,WR,1974-01-08,,,
00-0029843,Cordell Roberson,Cordell Roberson,WR,1990-12-03,,,
00-0037574,Jaquarii Roberson,Jaquarii Roberson,WR,1998-07-29,,,
00-0037604,Reginald Roberson,Reggie Roberson,WR,1998-10-14,,,
00-0013809,Alfredo Roberts,Alfredo Roberts,TE,1965-03-01,1988,8,197
00-0027691,Andre Roberts,Andre Roberts,WR,1988-01-09,2010,3,88
00-0034784,Austin Roberts,Austin Roberts,TE,1995-12-03,,,
00-0041004,Chase Roberts,Chase Roberts,WR,2001-01-21,,,
00-0033559,Michael Roberts,Michael Roberts,TE,1994-05-07,2017,4,127
00-0031166,Seth Roberts,Seth Roberts,WR,1991-02-22,,,
00-0022956,Chris Robertson,Chris Robertson,RB,1980-04-30,,,
00-0020587,Jamal Robertson,Jamal Robertson,RB,1977-01-10,,,
ROB359803,Rob Robertson,Rob Robertson,RB,1975-11-06,,,
00-0040393,Kye Robichaux,Kye Robichaux,RB,2002-10-06,,,
00-0029281,Adrien Robinson,Adrien Robinson,TE,1988-09-23,2012,4,127
00-0028116,Aldrick Robinson,Aldrick Robinson,WR,1988-09-24,2011,6,178
00-0031428,Allen Robinson,Allen Robinson,WR,1993-08-24,2014,2,61
00-0027368,Antonio Robinson,Antonio Robinson,WR,1985-11-30,,,
00-0038542,Bijan Robinson,Bijan Robinson,RB,2002-01-30,2023,1,8
00-0037746,Brian Robinson,Brian Robinson,RB,1999-03-22,2022,3,98
00-0032775,Demarcus Robinson,Demarcus Robinson,WR,1994-09-21,2016,4,126
00-0030547,Denard Robinson,Denard Robinson,RB,1990-09-22,2013,5,135
00-0024529,Gijon Robinson,Gijon Robinson,TE,1984-10-12,,,
00-0013867,Greg Robinson,Greg Robinson,RB,1969-08-07,1993,8,208
ROB514596,Jacque Robinson,Jacque Robinson,RB,1963-03-05,1985,8,197
00-0032524,Jamal Robinson,Jamal Robinson,WR,1993-01-13,,,
00-0027166,James Robinson,James Robinson,WR,1982-12-06,,,
00-0035831,James Robinson,James Robinson,RB,1998-08-09,,,
ROB523624,James Robinson,Jimmy Robinson,WR,1953-01-03,,,
00-0034057,Jevoni Robinson,Jevoni Robinson,TE,1992-11-16,,,
00-0031611,Joshua Robinson,Josh Robinson,RB,1992-08-24,2015,6,205
00-0039385,Keilan Robinson,Keilan Robinson,RB,2000-02-16,2024,5,167
00-0026322,Kevin Robinson,Kevin Robinson,WR,1984-12-19,2008,6,182
ROB595848,Kevin Robinson,Tony Robinson,QB,1964-01-22,,,
00-0030348,Khiry Robinson,Khiry Robinson,RB,1989-12-28,,,
00-0020490,Koren Robinson,Koren Robinson,WR,1980-03-19,2001,1,9
00-0028892,La'Diviosia Robinson,Gerell Robinson,TE,1989-10-13,,,
00-0025462,Laurent Robinson,Laurent Robinson,WR,1985-05-20,2007,3,75
00-0013888,Marcus Robinson,Marcus Robinson,WR,1975-02-27,1997,4,108
ROB640988,Matthew Robinson,Matt Robinson,QB,1955-06-28,,,
ROB650016,Melvin Robinson,Bo Robinson,RB,1956-05-27,,,
00-0013895,Patrick Robinson,Patrick Robinson,WR,1969-10-03,1993,7,187
00-0013901,Roderick Robinson,Rod Robinson,QB,1976-05-17,,,
00-0023225,Roger Robinson,Roger Robinson,RB,1982-04-22,,,
00-0025505,Ryne Robinson,Ryne Robinson,WR,1984-11-04,2007,4,118
ROB704184,Stacy Robinson,Stacy Robinson,WR,1962-02-19,1985,2,46
00-0038117,Wan'Dale Robinson,Wan'Dale Robinson,WR,2001-01-05,2022,2,43
00-0027841,Zac Robinson,Zac Robinson,QB,1986-09-29,2010,7,250
00-0027012,Brian Robiskie,Brian Robiskie,WR,1987-12-03,2009,2,36
ROB740296,Terry Robiskie,Terry Robiskie,RB,1954-11-12,,,
00-0023503,Courtney Roby,Courtney Roby,WR,1983-01-10,2005,3,68
00-0013919,Brian Roche,Brian Roche,TE,1973-05-05,1996,3,81
00-0041476,Rashad Rochelle,Rashad Rochelle,WR,2004-04-11,,,
ROD110744,Jeffrey Rodenberger,Jeff Rodenberger,RB,1959-11-03,,,
00-0023459,Aaron Rodgers,Aaron Rodgers,QB,1983-12-02,2005,1,24
00-0036991,Amari Rodgers,Amari Rodgers,WR,1999-09-23,2021,3,85
00-0013933,Anthony Rodgers,Anthony Rodgers,WR,1973-12-11,,,
00-0024319,Dacor Rodgers,Cory Rodgers,WR,1983-02-22,,,
00-0028083,Jacquizz Rodgers,Jacquizz Rodgers,RB,1990-02-06,2011,5,145
00-0028852,James Rodgers,James Rodgers,WR,1988-12-20,,,
ROD387604,John Rodgers,John Rodgers,TE,1960-02-07,,,
ROD442976,John Rodgers,Johnny Rodgers,WR,1951-07-05,,,
00-0029956,Jordan Rodgers,Jordan Rodgers,QB,1988-08-30,,,
00-0031384,Richard Rodgers,Richard Rodgers,TE,1992-01-22,2014,3,98
ROD498348,Roderick Rodgers,Del Rodgers,RB,1960-06-22,1982,3,71
ROD609092,Willie Rodgers,Willie Rodgers,RB,1949-02-08,,,
00-0038611,Chris Rodriguez,Chris Rodriguez,RB,1999-09-26,2023,6,193
00-0029276,Evan Rodriguez,Evan Rodriguez,TE,1988-09-21,2012,4,111
00-0013951,James Roe,James Roe,WR,1973-08-23,1996,6,186
00-0026623,Tyler Roehl,Tyler Roehl,RB,1986-01-26,,,
00-0022924,Benjamin Roethlisberger,Ben Roethlisberger,QB,1982-03-02,2004,1,11
00-0037168,Armani Rogers,Armani Rogers,TE,1997-12-04,,,
00-0022072,Charles Rogers,Charles Rogers,WR,1981-05-23,2003,1,2
00-0032355,Chester Rogers,Chester Rogers,WR,1994-01-12,,,
00-0040938,DJ Rogers,D.J. Rogers,TE,2001-11-10,,,
00-0030043,Da'Rick Rogers,Da'Rick Rogers,WR,1991-06-18,,,
00-0033739,Darreus Rogers,Darreus Rogers,WR,1993-09-03,,,
00-0031782,Eli Rogers,Eli Rogers,WR,1992-12-23,,,
00-0030202,Eric Rogers,Eric Rogers,WR,1991-02-12,,,
ROG325008,George Rogers,George Rogers,RB,1958-12-08,1981,1,1
ROG397232,James Rogers,Jimmy Rogers,RB,1955-06-29,,,
00-0013972,Joe Rogers,Joe Rogers,WR,1971-05-23,,,
00-0013958,John Rogers,Charlie Rogers,RB,1976-06-19,1999,5,152
ROG613904,Steven Rogers,Steve Rogers,RB,1953-08-26,,,
00-0028919,Taveon Rogers,Taveon Rogers,WR,1990-08-17,,,
00-0013992,Donald Rolle,Butch Rolle,TE,1964-08-19,1986,7,180
ROM369144,David Romasko,Dave Romasko,RB,1963-11-03,,,
ROM461430,Anthony Rome,Tag Rome,WR,1961-08-13,,,
ROM507573,Stanford Rome,Stan Rome,WR,1956-06-04,,,
00-0021678,Antonio Romo,Tony Romo,QB,1980-04-21,,,
00-0014013,Andre Rone,Andre Rone,WR,1976-04-14,,,
00-0027220,Naaman Roosevelt,Naaman Roosevelt,WR,1987-12-24,,,
00-0025542,Dante Rosario,Dante Rosario,TE,1984-10-25,2007,5,155
00-0029059,Nelson Rosario,Nelson Rosario,TE,1989-12-24,,,
00-0036819,Asim Rose,A.J. Rose,RB,1997-10-14,,,
00-0014030,Barry Rose,Barry Rose,WR,1968-07-28,1992,10,279
ROS237300,Joseph Rose,Joe Rose,TE,1957-06-24,1980,7,185
00-0039683,Marcus Rosemy-Jacksaint,Marcus Rosemy-Jacksaint,WR,2002-01-08,,,
00-0034343,Joshua Rosen,Josh Rosen,QB,1997-02-10,2018,1,10
00-0014043,Timm Rosenbach,Timm Rosenbach,QB,1966-10-27,,,
00-0020480,Sage Rosenfels,Sage Rosenfels,QB,1978-03-06,2001,4,109
00-0014046,Robert Rosenstiel,Bob Rosenstiel,TE,1974-02-07,,,
ROS545790,Alvin Ross,Alvin Ross,RB,1963-05-03,,,
00-0041299,Cameron Ross,Cam Ross,WR,2001-08-16,,,
00-0024148,Cory Ross,Cory Ross,RB,1982-09-22,,,
ROS569520,Daniel Ross,Dan Ross,TE,1957-02-09,,,
00-0024189,Derrick Ross,Derrick Ross,RB,1983-12-29,,,
00-0034667,Devin Ross,Devin Ross,WR,1995-08-12,,,
00-0041380,Devonte Ross,Devonte Ross,WR,2002-09-09,,,
00-0014054,Dominique Ross,Dominique Ross,RB,1972-01-12,,,
ROS598758,Draylen Ross,Draylen Ross,TE,1988-03-21,,,
00-0033412,Frederick Ross,Fred Ross,WR,1995-05-19,,,
00-0028249,Jeremy Ross,Jeremy Ross,WR,1988-03-16,,,
00-0014060,Jermaine Ross,Jermaine Ross,WR,1971-04-27,,,
00-0033460,John Ross,John Ross,WR,1995-11-27,2017,1,9
00-0037216,Justyn Ross,Justyn Ross,WR,1999-12-15,,,
00-0020542,Micah Ross,Micah Ross,WR,1976-01-13,,,
ROS664440,Oliver Ross,Oliver Ross,RB,1949-09-18,,,
00-0030187,Rashad Ross,Rashad Ross,WR,1990-02-02,,,
00-0023843,Richard Ross,Richie Ross,WR,1982-08-28,,,
ROT311466,Peter Roth,Pete Roth,RB,1962-01-12,,,
00-0034016,Joshua Rounds,Josh Rounds,RB,1993-10-11,,,
ROU166116,Raymond Roundtree,Ray Roundtree,WR,1966-04-19,1988,3,58
00-0036650,Larry Rountree,Larry Rountree,RB,1999-02-13,2021,6,198
00-0040589,Kurtis Rourke,Kurtis Rourke,QB,2000-10-25,2025,7,227
00-0038150,Nathan Rourke,Nathan Rourke,QB,1998-05-24,,,
00-0014091,James Rouse,James Rouse,RB,1966-12-18,1990,8,200
00-0041558,Sam Roush,Sam Roush,TE,2003-09-06,2026,3,69
00-0014094,Cecil Rouson,Lee Rouson,RB,1962-10-18,1985,8,213
00-0040633,Kyrese Rowan,Kyrese Rowan,WR,2001-01-25,,,
00-0025538,Jeff Rowe,Jeff Rowe,QB,1984-03-21,2007,5,151
00-0014100,Patrick Rowe,Patrick Rowe,WR,1969-02-17,1992,2,52
00-0014101,Raymond Rowe,Ray Rowe,TE,1969-07-28,1992,6,168
ROW533943,Eugene Rowell,Eugene Rowell,WR,1968-06-12,1990,9,240
00-0035789,Chris Rowland,Chris Rowland,WR,1997-12-19,,,
00-0021273,Robert Royal,Robert Royal,TE,1979-05-15,2002,5,160
00-0026182,William Royal,Eddie Royal,WR,1986-05-21,2008,2,42
00-0040646,Jalen Royals,Jalen Royals,WR,2003-02-18,2025,4,133
00-0041087,Joe Royer,Joe Royer,TE,2002-02-25,2026,5,170
00-0028115,Evan Royster,Evan Royster,RB,1987-11-26,2011,6,177
00-0014119,Mazio Royster,Mazio Royster,RB,1970-08-03,1992,11,284
00-0014120,Michael Rozier,Mike Rozier,RB,1961-03-01,,,
RUB118654,Edward Rubbert,Ed Rubbert,QB,1964-05-28,,,
RUB355962,Robin Rubick,Rob Rubick,TE,1960-09-27,1982,12,326
00-0014129,Theron Rubley,T.J. Rubley,QB,1968-11-29,1992,9,228
00-0039489,Hayden Rucci,Hayden Rucci,TE,2001-01-27,,,
RUC498348,Conrad Rucker,Conrad Rucker,TE,1954-11-15,,,
00-0041005,Corey Rucker,Corey Rucker,WR,2002-06-09,,,
00-0026251,Martin Rucker,Martin Rucker,TE,1985-05-04,2008,4,111
00-0025851,Micah Rucker,Micah Rucker,WR,1985-01-04,,,
RUC664464,Reginald Rucker,Reggie Rucker,WR,1947-09-21,,,
00-0037805,Jeremy Ruckert,Jeremy Ruckert,TE,2000-08-11,2022,3,101
00-0032431,Jacob Rudock,Jake Rudock,QB,1993-01-21,2016,6,191
00-0034771,Brett Rudolph,Mason Rudolph,QB,1995-07-17,2018,3,76
00-0027981,Kyle Rudolph,Kyle Rudolph,TE,1989-11-09,2011,2,43
00-0033717,Travis Rudolph,Travis Rudolph,WR,1995-09-15,,,
00-0041475,Trayvon Rudolph,Trayvon Rudolph,WR,2002-05-15,,,
00-0021796,Joshua Rue,Josh Rue,RB,1979-08-19,,,
00-0036357,Henry Ruggs,Henry Ruggs,WR,1999-01-24,2020,1,12
00-0024409,James Runnels,J.D. Runnels,RB,1984-06-19,2006,6,195
00-0040488,Carter Runyon,Carter Runyon,TE,2001-07-23,,,
00-0033662,Cooper Rush,Cooper Rush,QB,1993-11-21,,,
00-0014174,Tyrone Rush,Tyrone Rush,RB,1971-02-05,,,
00-0032550,Alonzo Russell,Alonzo Russell,WR,1992-09-29,,,
RUS380677,Booker Russell,Booker Russell,RB,1956-02-28,,,
00-0038488,Brady Russell,Brady Russell,RB,1998-08-31,,,
00-0023973,Calvin Russell,Calvin Russell,WR,1983-06-14,,,
00-0021212,Clifford Russell,Cliff Russell,WR,1979-02-08,2002,3,87
00-0014187,Derek Russell,Derek Russell,WR,1969-06-22,1991,4,89
00-0022469,Fred Russell,Fred Russell,RB,1980-09-14,,,
00-0024846,Gary Russell,Gary Russell,RB,1986-09-06,,,
00-0025388,JaMarcus Russell,JaMarcus Russell,QB,1985-08-09,2007,1,1
00-0023685,Jeremiah Russell,J.R. Russell,WR,1981-12-05,,,
00-0014191,Leonard Russell,Leonard Russell,RB,1969-11-17,1991,1,14
RUS761354,Wade Russell,Wade Russell,TE,1963-08-16,,,
00-0022373,Roderick Rutherford,Rod Rutherford,QB,1980-12-12,,,
00-0014208,Jeffrey Rutledge,Jeff Rutledge,QB,1957-01-22,,,
00-0014211,Rodrick Rutledge,Rod Rutledge,TE,1975-08-12,1998,2,54
00-0041131,Carsen Ryan,Carsen Ryan,TE,2003-08-21,2026,7,248
00-0026143,Matthew Ryan,Matt Ryan,QB,1985-05-17,2008,1,3
00-0014225,Patrick Ryan,Pat Ryan,QB,1955-09-16,,,
00-0022817,Sean Ryan,Sean Ryan,TE,1980-03-27,2004,5,144
00-0038455,Sean Ryan,Sean Ryan,WR,1999-01-21,,,
00-0033843,Shakeir Ryan,Shakeir Ryan,WR,1995-08-11,,,
00-0024837,Titus Ryan,Titus Ryan,WR,1984-05-19,,,
00-0014230,Larry Ryans,Larry Ryans,WR,1971-07-28,,,
RYC332232,William Ryckman,Billy Ryckman,WR,1955-02-28,,,
00-0034955,Brett Rypien,Brett Rypien,QB,1996-07-09,,,
00-0014234,Mark Rypien,Mark Rypien,QB,1962-10-02,1986,6,146
SAC090322,Anthony Sacca,Tony Sacca,QB,1970-04-17,1992,2,46
00-0041032,Kenyon Sadiq,Kenyon Sadiq,TE,2005-03-04,2026,1,16
00-0014244,Troy Sadowski,Troy Sadowski,TE,1965-12-08,1989,6,145
SAG415290,Kenneth Sager,Ken Sager,TE,1963-10-15,,,
00-0028602,Brandon Saine,Brandon Saine,RB,1988-12-14,,,
00-0014256,Rashaan Salaam,Rashaan Salaam,RB,1974-10-08,1995,1,21
00-0028050,Gregory Salas,Greg Salas,WR,1988-08-25,2011,4,112
SAL221488,John Saldi,Jay Saldi,TE,1954-10-08,,,
00-0014270,Richard Salisbury,Sean Salisbury,QB,1963-03-09,,,
SAL609092,Brian Salonen,Brian Salonen,TE,1961-07-29,1984,10,278
SAL776196,Tavonn Salter,Tavonn Salter,WR,1996-03-01,,,
00-0014282,Lee Saltz,Lee Saltz,QB,1963-09-25,,,
00-0025827,Lorne Sam,Lorne Sam,WR,1984-12-05,,,
00-0022741,Phillip Sam,P.K. Sam,WR,1983-02-26,2004,5,164
00-0029036,Jabin Sambrano,Jabin Sambrano,WR,1990-03-15,,,
00-0022983,Chris Samp,Chris Samp,WR,1980-07-12,,,
00-0035631,Drew Sample,Drew Sample,TE,1996-04-16,2019,2,52
SAM191673,Lawrence Sampleton,Lawrence Sampleton,TE,1959-09-25,1982,2,47
SAM319455,Clinton Sampson,Clint Sampson,WR,1961-01-04,1983,3,60
00-0028187,DeMarco Sampson,DeMarco Sampson,WR,1985-12-19,2011,7,249
00-0040162,Dylan Sampson,Dylan Sampson,RB,2004-09-14,2025,4,126
00-0029828,Emmanuel Sampson,Lanear Sampson,WR,1990-07-17,,,
00-0024162,Bill Sampy,Bill Sampy,WR,1983-05-10,,,
00-0022449,Bradley Sams,B.J. Sams,RB,1980-10-29,,,
00-0033282,Curtis Samuel,Curtis Samuel,WR,1996-08-11,2017,2,40
00-0035719,Tyshun Samuel,Deebo Samuel,WR,1996-01-15,2019,2,36
SAM702801,Andre Samuels,Tony Samuels,TE,1954-12-30,,,
SAM706551,Christopher Samuels,Chris Samuels,RB,1969-05-16,1991,12,317
00-0034331,Jaylen Samuels,Jaylen Samuels,RB,1996-07-20,2018,5,165
00-0014302,Terrance Samuels,Terry Samuels,RB,1970-09-27,1994,6,172
00-0026898,Mark Sanchez,Mark Sanchez,QB,1986-11-11,2009,1,5
00-0014313,Barry Sanders,Barry Sanders,RB,1968-07-16,1989,1,3
SAN212052,Charles Sanders,Charlie Sanders,TE,1946-08-25,,,
SAN229723,Charles Sanders,Chuck Sanders,RB,1964-04-24,1986,11,293
00-0014319,Christopher Sanders,Chris Sanders,WR,1972-05-08,1995,3,67
SAN232483,Christopher Sanders,Chris Sanders,TE,1973-04-22,,,
00-0021241,Darnell Sanders,Darnell Sanders,TE,1979-03-16,2002,4,122
00-0027685,Emmanuel Sanders,Emmanuel Sanders,WR,1987-03-17,2010,3,82
00-0014328,Frank Sanders,Frank Sanders,WR,1973-02-17,1995,2,47
00-0039356,Ja'Tavion Sanders,Ja'Tavion Sanders,TE,2003-03-27,2024,4,101
00-0037355,Jontavious Sanders,Braylon Sanders,WR,1999-01-21,,,
00-0041352,Marcus Sanders,Marcus Sanders,WR,2004-07-14,,,
00-0035243,Miles Sanders,Miles Sanders,RB,1997-05-01,2019,2,53
00-0040466,Raheim Sanders,Raheim Sanders,RB,2002-06-08,,,
00-0014333,Ricky Wayne Sanders,Ricky Sanders,WR,1962-08-30,,,
00-0040668,Shedeur Sanders,Shedeur Sanders,QB,2002-02-07,2025,5,144
00-0023991,Steven Sanders,Steve Sanders,WR,1982-12-23,,,
00-0014337,Thomas Sanders,Thomas Sanders,RB,1962-01-04,1985,9,250
00-0030550,Tracy Sanders,Ace Sanders,WR,1991-11-11,2013,4,101
00-0032900,Beau Sandland,Beau Sandland,TE,1993-02-23,2016,7,252
00-0014344,Kiota Sanford,Kio Sanford,WR,1975-01-08,,,
00-0014348,Sulecio Sanford,Sulecio Sanford,WR,1976-03-23,,,
00-0031413,Bishop Sankey,Bishop Sankey,RB,1992-09-15,2014,2,54
00-0026336,Michael Santi,Tom Santi,TE,1985-11-22,2008,6,196
00-0014350,Otis Santiago,O.J. Santiago,TE,1974-03-04,1997,3,70
SAN804030,Todd Santos,Todd Santos,QB,1964-02-12,,,
00-0029632,Mohamed Sanu,Mohamed Sanu,WR,1989-08-22,2012,3,83
00-0028352,Dane Sanzenbacher,Dane Sanzenbacher,WR,1988-10-13,,,
00-0021845,Cecil Sapp,Cecil Sapp,RB,1978-12-23,,,
SAR383346,Broderick Sargent,Broderick Sargent,RB,1962-09-16,,,
00-0036698,Mekhi Sargent,Mekhi Sargent,RB,1997-10-08,,,
00-0040876,Elijah Sarratt,Elijah Sarratt,WR,2003-05-28,2026,4,115
SAR702801,Martin Sartin,Martin Sartin,RB,1963-03-09,,,
SAT622935,Howard Satterwhite,Howard Satterwhite,WR,1953-05-24,,,
00-0033576,Eric Saubert,Eric Saubert,TE,1994-05-09,2017,5,174
00-0036910,C.J. Saunders,C.J. Saunders,WR,1996-09-15,,,
00-0014381,Cedric Saunders,Cedric Saunders,TE,1972-09-30,,,
00-0031053,Jalen Saunders,Jalen Saunders,WR,1992-09-30,2014,4,104
00-0041308,Treyvhon Saunders,Treyvhon Saunders,WR,2004-05-07,,,
00-0028270,Weslye Saunders,Weslye Saunders,TE,1989-01-16,,,
00-0014384,Cory Sauter,Cory Sauter,QB,1974-11-21,,,
00-0019437,Damon Savage,Damon Savage,WR,1976-02-01,,,
00-0026453,Dantrell Savage,Dantrell Savage,RB,1985-02-15,,,
00-0031064,Thomas Savage,Tom Savage,QB,1990-04-26,2014,4,135
00-0014394,Nicky Savoie,Nicky Savoie,TE,1973-09-21,,,
00-0014395,Phil Savoy,Phil Savoy,WR,1975-02-16,,,
SAW276860,John Sawyer,John Sawyer,TE,1953-07-26,,,
00-0014403,James Saxon,James Saxon,RB,1966-03-23,1988,6,139
00-0014405,Paul Saxton,Brian Saxton,TE,1972-03-13,,,
00-0031864,William Saxton,Wes Saxton,TE,1993-08-13,,,
00-0038896,Jacob Saylors,Jacob Saylors,RB,2000-03-08,,,
00-0023612,Oliver Scaife,Bo Scaife,TE,1981-01-06,2005,6,179
SCA146571,Dwight Scales,Dwight Scales,WR,1953-05-30,,,
00-0014412,Gregory Scales,Greg Scales,TE,1966-05-09,1988,5,112
SCA537427,Sam Scarber,Sam Scarber,RB,1949-06-24,,,
00-0034432,Kelvington Scarbrough,Bo Scarbrough,RB,1996-09-29,2018,7,236
00-0035119,Charles Scarff,Charles Scarff,TE,1996-05-03,,,
00-0035275,Jordan Scarlett,Jordan Scarlett,RB,1995-07-08,2019,5,154
00-0022787,Matthew Schaub,Matt Schaub,QB,1981-06-25,2004,3,90
00-0024276,Anthony Scheffler,Tony Scheffler,TE,1983-02-15,2006,2,61
SCH115552,Edward Schenk,Ed Schenk,TE,1960-12-20,,,
00-0032582,Steven Scheu,Steven Scheu,TE,1992-07-07,,,
00-0031783,Ross Scheuerman,Ross Scheuerman,WR,1993-03-05,,,
00-0021264,Vernon Schifino,Jake Schifino,WR,1979-11-15,2002,5,151
00-0026366,Chazerny Schilens,Chaz Schilens,WR,1985-11-07,2008,7,226
SCH180550,Andrew Schillinger,Andy Schillinger,WR,1964-11-22,1988,10,260
00-0030510,Adam Schiltz,Adam Schiltz,TE,1990-06-27,,,
SCH223882,Arthur Schlichter,Art Schlichter,QB,1960-04-25,1982,1,4
SCH375544,Steven Schnarr,Steve Schnarr,RB,1952-07-30,,,
00-0035587,Spencer Schnell,Spencer Schnell,WR,1994-12-07,,,
00-0021084,Matthew Schobel,Matt Schobel,TE,1978-11-04,2002,3,67
00-0035960,Dalton Schoen,Dalton Schoen,WR,1996-10-13,,,
SCH469430,Turk Schonert,Turk Schonert,QB,1957-01-15,1980,9,242
00-0038547,Luke Schoonmaker,Luke Schoonmaker,TE,1998-09-28,2023,2,58
00-0025609,Derek Schouman,Derek Schouman,TE,1985-03-11,2007,7,222
00-0039703,Cody Schrader,Cody Schrader,RB,1999-09-08,,,
00-0033798,Mason Schreck,Mason Schreck,TE,1993-11-04,2017,7,251
SCH505540,Lawrence Schreiber,Larry Schreiber,RB,1947-08-11,,,
00-0014490,Jay Schroeder,Jay Schroeder,QB,1961-06-28,1984,3,83
00-0014489,William Schroeder,Bill Schroeder,WR,1971-01-09,,,
SCH556094,Steven Schubert,Steve Schubert,WR,1951-03-15,,,
00-0034383,Dalton Schultz,Dalton Schultz,TE,1996-07-11,2018,4,137
SCH657202,John Schultz,John Schultz,WR,1953-06-10,,,
00-0036999,Anthony Schwartz,Anthony Schwartz,WR,2000-09-05,2021,3,91
SCH801642,Scott Schwedes,Scott Schwedes,WR,1965-06-30,1987,2,56
00-0021098,Josh Scobey,Josh Scobey,RB,1979-12-11,2002,6,185
00-0034340,Christian Scotland-Williamson,Christian Scotland-Williamson,TE,1993-07-05,,,
00-0026941,Anthony Scott,Bernard Scott,RB,1984-02-10,2009,6,209
00-0033706,Artavis Scott,Artavis Scott,WR,1994-10-12,,,
SCO099035,Arthur Scott,Ronald Scott,RB,1963-03-03,,,
SCO369140,Bernard Scott,James Scott,WR,1952-03-28,,,
00-0034414,Boston Scott,Boston Scott,RB,1995-04-27,2018,6,201
00-0034243,Caleb Scott,Caleb Scott,WR,1996-01-08,,,
00-0032621,Carl Scott,Rashawn Scott,WR,1992-01-29,,,
00-0027797,Charles Scott,Charles Scott,RB,1988-08-08,,,
SCO137156,Charles Scott,Chuck Scott,WR,1963-05-24,1985,2,50
00-0034256,Da'Mari Scott,Da'Mari Scott,WR,1995-08-08,,,
00-0028159,Da'Rel Scott,Da'Rel Scott,RB,1988-05-26,2011,7,221
00-0014544,Darnay Scott,Darnay Scott,WR,1972-07-07,1994,2,30
SCO295312,Fred Scott,Freddie Scott,WR,1952-08-05,,,
00-0014550,Freddie Scott,Freddie Scott,WR,1974-08-26,,,
00-0019468,Gari Scott,Gari Scott,WR,1978-06-02,2000,4,99
00-0040571,Gee Scott,Gee Scott,TE,2000-12-28,,,
00-0034267,Jaleel Scott,Jaleel Scott,WR,1995-02-23,2018,4,132
00-0037629,Jared Scott,Jared Scott,TE,1999-05-10,,,
SCO442968,Kevin Scott,Kevin Scott,RB,1963-10-24,,,
SCO498339,Lindsay Scott,Lindsay Scott,WR,1960-12-06,1982,1,13
00-0040637,Lucas Scott,Lucas Scott,RB,2003-08-25,,,
SCO516796,Malcolm Scott,Malcolm Scott,TE,1961-07-10,1983,5,124
00-0029957,Matt Scott,Matt Scott,QB,1990-11-09,,,
SCO535253,Patrick Scott,Patrick Scott,WR,1964-09-13,1987,11,282
SCO627538,Robert Scott,Bobby Scott,QB,1949-04-02,,,
SCO634288,Robert Scott,Bo Scott,RB,1943-03-30,,,
00-0041200,Sam Scott,Sam Scott,RB,2002-12-24,,,
00-0038941,Tyler Scott,Tyler Scott,WR,2001-10-12,2023,4,133
SCO775194,Willie Scott,Willie Scott,TE,1959-02-13,1981,1,14
00-0038440,Zavier Scott,Zavier Scott,RB,1999-07-17,,,
SCR415290,Robert Scribner,Rob Scribner,RB,1951-04-09,,,
00-0029308,Gregory Scruggs,Greg Scruggs,TE,1990-08-17,2012,7,232
SEA174856,Paul Seal,Paul Seal,TE,1952-02-27,,,
00-0033639,Jhajuan Seales,Jhajuan Seales,WR,1993-11-26,,,
00-0033611,Roderick Seals-Jones,Ricky Seals-Jones,TE,1995-03-15,,,
00-0035478,Isaiah Searight,Isaiah Searight,TE,,,,
00-0031078,Lache Seastrunk,Lache Seastrunk,RB,1991-07-29,2014,6,186
00-0014623,Mark Seay,Mark Seay,WR,1967-04-11,,,
SEA786852,Virgil Seay,Virgil Seay,WR,1958-01-01,1980,10,270
00-0014630,Thomas Secules,Scott Secules,QB,1964-11-08,1988,6,151
00-0031418,Austin Seferian-Jenkins,Austin Seferian-Jenkins,TE,1992-09-29,2014,2,38
00-0022129,Michael Seidman,Mike Seidman,TE,1981-02-11,2003,3,76
00-0037020,Bernhard Seikovits,Bernhard Seikovits,TE,1997-07-24,,,
SEI679563,Lawrence Seiple,Larry Seiple,TE,1945-02-14,,,
SEI755070,Warren Seitz,Warren Seitz,RB,1962-09-29,1986,10,260
00-0014652,Donald Sellers,Donald Sellers,WR,1974-12-30,,,
00-0014655,Mike Sellers,Mike Sellers,TE,1975-07-21,,,
00-0032006,Timothy Semisch,Tim Semisch,TE,1991-09-18,,,
SEN593270,Joseph Senser,Joe Senser,TE,1956-08-18,,,
00-0036984,Trey Sermon,Trey Sermon,RB,1999-01-30,2021,3,88
00-0029486,Travionte Session,Tray Session,WR,1989-07-18,,,
00-0014678,John Settle,John Settle,RB,1965-06-02,,,
SEU415291,Frank Seurer,Frank Seurer,QB,1962-08-16,,,
00-0032537,Canaan Severin,Canaan Severin,WR,1993-03-16,,,
00-0014688,Steven Sewell,Steve Sewell,RB,1963-04-02,1985,1,26
00-0036471,Mathew Sexton,Mathew Sexton,WR,1997-10-17,,,
SEY553720,Paul Seymour,Paul Seymour,TE,1950-02-06,,,
00-0037545,Rashid Shaheed,Rashid Shaheed,WR,1998-08-31,,,
00-0033896,Adam Shaheen,Adam Shaheen,TE,1994-10-24,2017,2,45
SHA106485,Stanley Shakespeare,Stanley Shakespeare,WR,1963-02-05,,,
00-0037261,Khalil Shakir,Khalil Shakir,WR,2000-02-03,2022,5,148
00-0037609,Aaron Shampklin,Aaron Shampklin,RB,1999-10-18,,,
SHA149079,Ronnie Shanklin,Ron Shanklin,WR,1948-01-21,,,
00-0014712,Larry Shannon,Larry Shannon,WR,1975-02-02,1998,3,82
00-0024105,Charles Sharon,Charles Sharon,WR,1983-04-04,,,
00-0041094,Bauer Sharp,Bauer Sharp,TE,2003-05-03,2026,6,185
SHA383346,Daniel Sharp,Dan Sharp,TE,1962-02-05,1985,8,223
00-0032839,Hunter Sharp,Hunter Sharp,WR,1994-04-25,,,
00-0041233,Raylen Sharpe,Raylen Sharpe,WR,2002-03-27,,,
00-0014722,Shannon Sharpe,Shannon Sharpe,TE,1968-06-26,1990,7,192
00-0014723,Sterling Sharpe,Sterling Sharpe,WR,1965-04-06,1988,1,7
00-0032778,Tajae Sharpe,Tajae Sharpe,WR,1994-12-23,2016,5,140
00-0038679,Tyrell Shavers,Tyrell Shavers,WR,1999-08-18,,,
00-0014728,Tyrone Shavers,Tyrone Shavers,WR,1967-07-14,1990,6,142
00-0014729,Bobby Shaw,Bobby Shaw,WR,1973-04-23,1998,6,169
00-0030661,Connor Shaw,Connor Shaw,QB,1991-09-19,,,
SHA553722,Dennis Shaw,Dennis Shaw,QB,1947-03-03,,,
00-0029734,James Shaw,James Shaw,WR,1989-02-27,,,
00-0030662,Kenny Shaw,Kenny Shaw,WR,1992-01-15,,,
00-0014742,Sedrick Shaw,Sedrick Shaw,RB,1973-11-16,1997,3,61
00-0019564,Aaron Shea,Aaron Shea,TE,1976-12-05,2000,4,110
00-0014753,Kendrick Shedd,Kenny Shedd,WR,1971-02-14,1993,5,129
00-0026769,Kory Sheets,Kory Sheets,RB,1985-03-31,,,
00-0041201,DT Sheffield,D.T. Sheffield,WR,2001-02-24,,,
00-0014759,Rashaan Shehee,Rashaan Shehee,RB,1975-06-20,1998,3,88
SHE247394,Willie Shelby,Willie Shelby,RB,1953-07-24,,,
00-0023226,Harlan Sheldon,Dan Sheldon,WR,1982-05-23,,,
00-0023489,Eric Shelton,Eric Shelton,RB,1983-06-23,2005,2,54
00-0024019,Matt Shelton,Matt Shelton,WR,1982-04-01,,,
00-0033334,Rodney Shelton,R.J. Shelton,WR,1994-05-06,,,
00-0024706,Trent Shelton,Trent Shelton,WR,1984-09-21,,,
00-0036268,Laviska Shenault,Laviska Shenault,WR,1998-10-05,2020,2,42
00-0038920,John Shenker,John Samuel Shenker,TE,1998-09-02,,,
00-0014781,Derrick Shepard,Derrick Shepard,WR,1964-01-22,,,
00-0030147,Russell Shepard,Russell Shepard,WR,1990-09-17,,,
00-0032385,Sterling Shepard,Sterling Shepard,WR,1993-02-10,2016,2,40
00-0035181,Darrius Shepherd,Darrius Shepherd,WR,1995-11-01,,,
00-0020794,Edell Shepherd,Edell Shepherd,WR,1980-05-18,,,
SHE512459,Johnny Shepherd,Johnny Shepherd,RB,1957-04-24,,,
00-0014790,Leslie Shepherd,Leslie Shepherd,WR,1969-11-03,,,
00-0030018,Gerrard Sheppard,Gerrard Sheppard,WR,1990-11-16,,,
00-0040753,William Sheppard,Will Sheppard,WR,2002-02-11,,,
00-0034487,Trent Sherfield,Trent Sherfield,WR,1996-02-26,,,
00-0014798,Heath Sherman,Heath Sherman,RB,1967-03-27,1989,6,162
00-0014800,Michael Sherrard,Mike Sherrard,WR,1963-06-21,1986,1,18
00-0024513,Anthony Sherrell,Anthony Sherrell,RB,1983-08-13,,,
00-0025916,Dezmond Sherrod,Dezmond Sherrod,TE,1985-05-11,,,
00-0026347,Matt Sherry,Matt Sherry,TE,1984-12-11,2008,6,207
SHE795195,Timothy Sherwin,Tim Sherwin,TE,1958-05-04,1981,4,94
00-0022054,Visanthe Shiancoe,Visanthe Shiancoe,TE,1980-06-18,2003,3,91
SHI037753,James Shibest,James Shibest,WR,1964-10-31,,,
SHI075506,Joseph Shield,Joe Shield,QB,1962-06-26,1985,11,294
00-0026265,Arman Shields,Arman Shields,WR,1985-07-10,2008,4,125
00-0014809,Paul Shields,Paul Shields,RB,1976-01-31,,,
00-0032328,Ronnie Shields,Ronnie Shields,TE,1991-12-15,,,
SHI264271,Richard Shiner,Dick Shiner,QB,1942-07-18,,,
00-0031710,Jaxon Shipley,Jaxon Shipley,WR,1992-07-17,,,
00-0027687,Jordan Shipley,Jordan Shipley,WR,1985-12-23,2010,3,84
00-0039746,William Shipley,Will Shipley,RB,2002-08-29,2024,4,127
SHI453036,Joseph Shipp,Joseph Shipp,TE,1955-07-25,,,
00-0020022,Marcel Shipp,Marcel Shipp,RB,1978-08-08,,,
00-0032625,Brandon Shippen,Brandon Shippen,WR,1994-05-17,,,
SHI604048,Gary Shirk,Gary Shirk,TE,1950-02-23,,,
00-0021148,Jeremy Shockey,Jeremy Shockey,TE,1980-08-18,2002,1,14
00-0024437,Donald Shockley,D.J. Shockley,QB,1983-03-23,,,
00-0023951,Alexander Shor,Alex Shor,TE,1983-01-29,,,
00-0038590,Justin Shorter,Justin Shorter,TE,2000-04-17,2023,5,150
SHO692145,George Shorthose,George Shorthose,WR,1961-12-22,1985,6,145
00-0028052,Cecil Shorts,Cecil Shorts,WR,1987-12-22,2011,4,114
00-0033622,Daikiel Shorts,Daikiel Shorts,WR,1994-10-06,,,
00-0040743,Tyler Shough,Tyler Shough,QB,1999-09-28,2025,2,40
SHU166116,David Shula,Dave Shula,WR,1959-05-28,,,
SHU276860,Michael Shula,Mike Shula,QB,1965-06-03,,,
00-0014843,Joseph Shuler,Heath Shuler,QB,1971-12-31,1994,1,3
00-0014844,Mickey Shuler,Mickey Shuler,TE,1956-08-21,,,
00-0027809,Mickey Shuler,Mickey Shuler,TE,1986-10-09,2010,7,214
SHU498348,Michael Shumann,Mike Shumann,WR,1955-10-13,,,
00-0035163,Kyle Shurmur,Kyle Shurmur,QB,1996-11-06,,,
SIA207645,Michael Siani,Mike Siani,WR,1950-05-27,,,
SIA622935,Michael Siano,Mike Siano,WR,1963-11-29,,,
00-0032156,Trevor Siemian,Trevor Siemian,QB,1991-12-26,2015,7,250
SIE771251,Eric Sievers,Eric Sievers,TE,1957-11-09,1981,4,107
00-0014872,Vai Sikahema,Vai Sikahema,RB,1962-08-29,1986,10,254
00-0020182,Mukala Sikyala,Mukala Sikyala,RB,1978-09-20,,,
SIL355962,Richard Siler,Rich Siler,TE,1963-11-01,,,
00-0035359,David Sills,David Sills,WR,1995-05-29,,,
00-0014879,Nilo Silvan,Nilo Silvan,WR,1973-10-02,1996,6,180
SIM118647,Cleo Simmons,Cleo Simmons,TE,1960-10-21,,,
00-0026843,Jack Simmons,Jack Simmons,TE,1986-02-21,,,
00-0033035,Jalen Simmons,Jalen Simmons,RB,1992-04-01,,,
SIM183243,Jamarko Simmons,Jamarko Simmons,WR,1986-09-23,,,
SIM197745,Jeffery Simmons,Jeff Simmons,WR,1960-07-06,1983,7,171
SIM210928,Jerry Simmons,Jerry Simmons,WR,1942-11-14,,,
00-0024033,Mark Simmons,Mark Simmons,WR,1984-01-16,,,
00-0021283,Samuel Simmons,Sam Simmons,WR,1979-11-25,2002,5,170
SIM303209,Stacey Simmons,Stacey Simmons,WR,1968-08-05,1990,4,83
00-0014918,Tony Simmons,Tony Simmons,WR,1974-12-08,1998,2,52
00-0036070,Tyler Simmons,Tyler Simmons,TE,1997-12-30,,,
00-0022005,Christopher Simms,Chris Simms,QB,1980-08-29,2003,3,97
00-0035701,Marcus Simms,Marcus Simms,WR,1997-12-18,,,
00-0029151,Matthew Simms,Matt Simms,QB,1988-09-27,,,
00-0014922,Phillip Simms,Phil Simms,QB,1954-11-03,,,
00-0021031,John Simon,John Simon,RB,1978-12-11,,,
00-0040552,Joshua Simon,Joshua Simon,TE,2000-11-27,,,
00-0026885,Matt Simon,Matt Simon,WR,1985-12-04,,,
00-0031167,Scott Simonson,Scott Simonson,TE,1992-04-13,,,
00-0020786,Kenneth Simonton,Ken Simonton,RB,1979-06-07,,,
00-0025997,Chad Simpson,Chad Simpson,RB,1985-08-22,,,
00-0026186,Jerome Simpson,Jerome Simpson,WR,1986-02-04,2008,2,46
SIM580052,Nathan Simpson,Nate Simpson,RB,1954-11-30,,,
SIM593235,Orenthal Simpson,O.J. Simpson,RB,1947-07-09,,,
00-0041568,Tyler Simpson,Ty Simpson,QB,2002-12-21,2026,1,13
00-0038809,Ben Sims,Ben Sims,TE,2000-05-16,,,
SIM659150,Billy Sims,Billy Sims,RB,1955-09-18,1980,1,1
00-0033193,Blake Sims,Blake Sims,RB,1992-01-03,,,
00-0034104,Cameron Sims,Cam Sims,WR,1996-01-06,,,
00-0031390,Charles Sims,Charles Sims,RB,1990-09-19,2014,3,69
SIM685516,David Sims,David Sims,RB,1955-10-26,,,
00-0030422,Dion Sims,Dion Sims,TE,1991-02-18,2013,4,106
00-0023829,James Sims,James Sims,RB,1983-02-14,,,
00-0030554,Quentin Sims,Quentin Sims,WR,1990-07-11,,,
SIM790980,Reginald Sims,Reggie Sims,TE,1962-07-30,,,
00-0034928,Steven Sims,Steven Sims,WR,1997-03-31,,,
00-0025466,Michael Sims-Walker,Mike Sims-Walker,WR,1984-11-21,2007,3,79
00-0014977,Kaseem Sinceno,Kaseem Sinceno,TE,1976-03-26,,,
00-0031711,Gannon Sinclair,Gannon Sinclair,TE,1993-02-05,,,
00-0035250,Devin Singletary,Devin Singletary,RB,1997-09-03,2019,3,74
00-0014994,Nathaniel Singleton,Nate Singleton,WR,1968-07-05,1992,11,292
00-0040886,Nicholas Singleton,Nicholas Singleton,RB,2004-01-06,2026,5,165
00-0036052,Reid Sinnett,Reid Sinnett,QB,1997-02-05,,,
00-0039912,Ben Sinnott,Ben Sinnott,TE,2002-06-14,2024,2,53
SIP415291,Brian Sipe,Brian Sipe,QB,1949-08-08,,,
00-0022691,Robert Sippio,Bobby Sippio,WR,1980-12-04,,,
00-0019902,Justin Skaggs,Justin Skaggs,WR,1979-04-22,,,
00-0015011,Paul Skansi,Paul Skansi,WR,1960-01-11,1983,5,133
00-0040715,Cameron Skattebo,Cam Skattebo,RB,2002-02-05,2025,4,105
00-0027754,John Skelton,John Skelton,QB,1988-03-17,2010,5,155
00-0028728,Stephen Skelton,Steve Skelton,TE,1989-08-06,,,
SKI207645,John Skibinski,John Skibinski,RB,1955-04-27,,,
00-0040406,Quentin Skinner,Quentin Skinner,WR,2001-12-24,,,
00-0040553,Quincy Skinner,Quincy Skinner,WR,2003-02-28,,,
00-0036862,Bennett Skowronek,Ben Skowronek,WR,1997-06-27,2021,7,249
00-0015028,Reginald Slack,Reggie Slack,QB,1968-05-02,,,
00-0027848,Cody Slate,Cody Slate,TE,1987-08-14,,,
00-0026293,Matthew Slater,Matt Slater,WR,1985-09-09,2008,5,153
00-0026229,Steven Slaton,Steve Slaton,RB,1986-01-04,2008,3,89
00-0031150,Nathan Slaughter,Nathan Slaughter,WR,1992-08-21,,,
00-0015042,Webster Slaughter,Webster Slaughter,WR,1964-10-19,1986,2,43
00-0031819,Tyler Slavin,Tyler Slavin,WR,1992-01-29,,,
SLA778665,Stephen Slayden,Steve Slayden,QB,1966-01-22,,,
00-0035535,Darius Slayton,Darius Slayton,WR,1997-01-12,2019,5,171
00-0015048,David Sloan,David Sloan,TE,1972-06-08,1995,3,70
SLO281988,Taylor Sloat,Taylor Sloat,TE,,,,
00-0033672,Kyle Sloter,Kyle Sloter,QB,1994-02-07,,,
00-0039577,Kedon Slovis,Kedon Slovis,QB,2001-04-11,,,
00-0021388,Robert Slowikowski,Bob Slowikowski,TE,1979-10-30,,,
00-0015053,Scott Slutzker,Scott Slutzker,TE,1972-12-20,1996,3,82
00-0039652,Jabari Small,Jabari Small,RB,2002-01-31,,,
00-0023151,Ozell Small,O.J. Small,WR,1982-08-18,,,
00-0027390,Ray Small,Ray Small,WR,1987-03-25,,,
00-0015063,Torrance Small,Torrance Small,WR,1970-09-04,1992,5,138
00-0034330,Jordan Smallwood,Jordan Smallwood,WR,1995-01-18,,,
00-0032782,Wendell Smallwood,Wendell Smallwood,RB,1994-01-20,2016,5,153
00-0021810,Ian Smart,Ian Smart,RB,1980-02-28,,,
00-0019453,Tarrold Smart,Rod Smart,RB,1977-01-09,,,
00-0037475,Stone Smartt,Stone Smartt,TE,1998-10-04,,,
00-0029315,Brad Smelley,Brad Smelley,TE,1989-04-20,2012,7,247
00-0032064,DeAndre Smelter,DeAndre Smelter,WR,1991-12-03,2015,4,132
00-0039747,Ainias Smith,Ainias Smith,WR,2001-05-31,2024,5,152
00-0023436,Alexander Smith,Alex Smith,QB,1984-05-07,2005,1,1
00-0027346,Alfonso Smith,Alfonso Smith,RB,1987-01-23,,,
00-0028353,Andre Smith,Andre Smith,TE,1988-09-26,,,
00-0015325,Anthony Smith,Tony Smith,WR,1969-10-02,,,
00-0040900,Anthony Smith,Anthony Smith,WR,2002-03-01,2026,7,218
00-0026855,Antone Smith,Antone Smith,RB,1985-09-17,,,
00-0015091,Antowain Smith,Antowain Smith,RB,1972-03-14,1997,1,23
00-0040582,Arian Smith,Arian Smith,WR,2001-10-11,2025,4,110
00-0028706,Armond Smith,Armond Smith,RB,1986-05-07,,,
SMI046400,Barrett Smith,Barry Smith,WR,1951-01-15,,,
SMI051040,Barton Smith,Barty Smith,RB,1952-04-23,,,
00-0024318,Bradley Smith,Brad Smith,WR,1983-12-12,2006,4,103
00-0036775,Brandon Smith,Brandon Smith,WR,1998-12-10,,,
00-0040078,Brashard Smith,Brashard Smith,RB,2003-04-11,2025,7,228
SMI125280,Charles Smith,Charlie Smith,WR,1950-07-26,,,
SMI134560,Charles Smith,Charlie Smith,RB,1946-01-18,,,
SMI143840,Christopher Smith,Chris Smith,RB,1963-06-01,,,
00-0026113,Clifton Smith,Clifton Smith,RB,1985-07-04,,,
00-0022110,Darrell Smith,Trent Smith,TE,1979-09-15,2003,7,223
00-0033413,De'Veon Smith,De'Veon Smith,RB,1994-11-08,,,
00-0036912,DeVonta Smith,DeVonta Smith,WR,1998-11-14,2021,1,10
SMI197200,Dennis Smith,Dennis Smith,TE,1967-02-14,,,
00-0015152,Detron Smith,Detron Smith,RB,1974-02-25,1996,3,65
00-0031934,Devin Smith,Devin Smith,WR,1992-03-03,2015,2,37
00-0015153,Devon Smith,Devon Smith,TE,1976-01-17,,,
00-0015156,Donald Smith,Don Smith,RB,1963-10-30,1987,2,51
00-0032090,Dreamius Smith,Dreamius Smith,RB,1992-09-08,,,
00-0015161,Edward Smith,Ed Smith,TE,1969-06-05,,,
00-0023506,Edwin Smith,Alex Smith,TE,1982-05-22,2005,3,71
00-0019499,Emanuel Smith,Emanuel Smith,WR,1976-02-03,2000,6,196
00-0015165,Emmitt Smith,Emmitt Smith,RB,1969-05-15,1990,1,17
00-0040964,Emmitt Smith,E.J. Smith,RB,2002-05-15,,,
00-0015170,Eric Smith,Eric Smith,WR,1971-09-15,,,
00-0030565,Eugene Smith,Geno Smith,QB,1990-10-10,2013,2,39
SMI300440,Gerald Smith,Jerry Smith,TE,1943-07-19,,,
00-0028689,Gregory Smith,Greg Smith,TE,1988-01-13,,,
00-0028842,Hayden Smith,Hayden Smith,TE,1985-04-10,,,
SMI329440,Holden Smith,Holden Smith,WR,1958-11-05,1981,11,288
00-0034970,Irv Smith,Irv Smith,TE,1998-08-09,2019,2,50
00-0015195,Irvin Smith,Irv Smith,TE,1971-10-13,1993,1,20
SMI344578,Jackie Smith,Jackie Smith,TE,1940-02-23,,,
00-0040769,Jaden Smith,Jaden Smith,WR,2001-12-13,,,
00-0027996,James Smith,Torrey Smith,WR,1989-01-26,2011,2,58
SMI345796,James Smith,Jim Smith,WR,1955-07-20,,,
SMI368104,James Smith,Jimmy Smith,RB,1960-09-25,1984,4,102
SMI389836,James Smith,Waddell Smith,WR,1955-08-24,,,
00-0035121,Jaylen Smith,Jaylen Smith,WR,1997-08-01,,,
SMI392080,Jeff Smith,Jeff Smith,RB,1962-03-22,1985,10,267
00-0035510,Jeffrey Smith,Jeff Smith,WR,1997-04-21,,,
SMI395643,Jeffrey Smith,Jeff Smith,TE,1962-12-28,,,
00-0030746,Jerome Smith,Jerome Smith,RB,1991-04-06,,,
SMI410176,Jewel Smith,J.J. Smith,RB,1972-10-14,,,
00-0015218,Jimmy Smith,Jimmy Smith,WR,1969-02-09,1992,2,36
00-0015221,Joey Smith,Joey Smith,WR,1969-05-30,,,
00-0022126,John Smith,L.J. Smith,TE,1980-05-13,2003,2,61
SMI431520,John Smith,John Smith,WR,1956-01-27,,,
SMI441960,John Smith,J.T. Smith,WR,1955-10-29,,,
00-0022664,Jonathan Smith,Jonathan Smith,WR,1981-11-28,2004,7,214
00-0033858,Jonnu Smith,Jonnu Smith,TE,1995-08-22,2017,3,100
00-0021466,Joseph Smith,Joe Smith,RB,1979-08-26,,,
00-0028097,Joseph Smith,Lee Smith,TE,1987-11-21,2011,5,159
SMI443120,Joseph Smith,Joseph Smith,WR,1959-06-10,,,
00-0015082,Kabisa Smith,Akili Smith,QB,1975-08-21,1999,1,3
00-0034988,Kaden Smith,Kaden Smith,TE,1997-04-24,2019,6,176
SMI454720,Kendal Smith,Kendal Smith,WR,1965-11-23,1989,7,194
00-0023946,Kent Smith,Kent Smith,QB,1983-09-05,,,
00-0015237,Kevin Smith,Kevin Smith,TE,1969-07-25,,,
00-0026204,Kevin Smith,Kevin Smith,RB,1986-12-17,2008,3,64
00-0031320,Kevin Smith,Kevin Smith,WR,1991-12-21,,,
00-0025535,Kolby Smith,Kolby Smith,RB,1984-12-15,2007,5,148
00-0015242,Lamar Smith,Lamar Smith,RB,1970-11-29,1994,3,73
SMI473280,Laverne Smith,Laverne Smith,RB,1954-09-12,,,
00-0026246,Marcus Smith,Marcus Smith,WR,1985-01-11,2008,4,106
00-0015256,Marquette Smith,Marquette Smith,RB,1972-07-14,,,
00-0018977,Maurice Smith,Maurice Smith,RB,1976-09-07,,,
00-0015260,Michael Smith,Michael Smith,WR,1970-11-21,,,
00-0029145,Michael Smith,Michael Smith,RB,1988-08-09,2012,7,212
SMI515040,Michael Smith,Mike Smith,WR,1958-04-28,1980,7,172
00-0022130,Musa Smith,Musa Smith,RB,1982-05-31,2003,3,77
00-0040989,Octavian Smith,Octavian Smith,WR,2003-05-12,,,
SMI552160,Ollie Smith,Ollie Smith,WR,1949-03-08,,,
00-0022138,Onterrio Smith,Onterrio Smith,RB,1980-12-08,2003,4,105
SMI559120,Orwin Smith,Orwin Smith,RB,1991-02-27,,,
SMI561440,Oscar Smith,Oscar Smith,RB,1963-04-05,1986,5,119
00-0019673,Paul Smith,Paul Smith,RB,1978-01-31,2000,5,132
00-0026443,Paul Smith,Paul Smith,QB,1984-07-02,,,
SMI575360,Phillip Smith,Phil Smith,WR,1960-04-28,1983,4,85
00-0015275,Quintin Smith,Quintin Smith,WR,1968-08-17,,,
00-0024826,Quinton Smith,Quinton Smith,RB,1984-01-14,,,
SMI607840,Reginald Smith,Reggie Smith,WR,1956-07-15,,,
00-0022561,Richard Smith,Richard Smith,WR,1980-07-16,,,
SMI634367,Rico Smith,Rico Smith,WR,1969-01-14,1992,6,143
00-0015286,Robert Smith,Robert Smith,RB,1972-03-04,1993,1,21
00-0015290,Roderick Smith,Rod Smith,WR,1970-05-15,,,
00-0031900,Roderick Smith,Rod Smith,RB,1992-01-10,,,
00-0029934,Rodney Smith,Rodney Smith,WR,1990-03-11,,,
00-0035957,Rodney Smith,Rodney Smith,RB,1996-02-28,,,
00-0034378,Romarius Smith,Ito Smith,RB,1995-09-11,2018,4,126
SMI684400,Ronnie Smith,Ron Smith,WR,1956-11-20,,,
00-0027775,Russell Smith,Rusty Smith,QB,1987-01-28,2010,6,176
00-0015295,Sammie Smith,Sammie Smith,RB,1967-05-16,1989,1,9
00-0024844,Shaine Smith,Shaine Smith,WR,1983-12-25,,,
00-0015301,Sherman Smith,Sherman Smith,WR,1970-11-28,,,
SMI714560,Sherman Smith,Sherman Smith,RB,1954-11-01,,,
00-0036572,Shiyun Smith,Shi Smith,WR,1998-10-26,2021,6,204
00-0025438,Steven Smith,Steve Smith,WR,1985-05-06,2007,2,51
00-0020337,Stevonne Smith,Steve Smith,WR,1979-05-12,2001,3,74
00-0035218,Sutton Smith,Sutton Smith,RB,1996-03-22,2019,6,175
00-0026032,Taj Smith,Taj Smith,WR,1983-09-30,,,
00-0015309,Tarik Smith,Tarik Smith,RB,1975-04-16,,,
SMI739116,Terrance Smith,Terrance Smith,WR,1987-02-19,,,
00-0015313,Terry Smith,Terry Smith,WR,1971-04-20,,,
00-0032358,Tevaun Smith,Tevaun Smith,WR,1993-01-30,,,
SMI751680,Timothy Smith,Tim Smith,WR,1957-03-20,1980,3,79
SMI754000,Timothy Smith,Timmy Smith,RB,1964-01-24,1987,5,117
00-0015326,Tony Smith,Tony Smith,RB,1970-06-29,,,
00-0034765,Tre'Quan Smith,Tre'Quan Smith,WR,1996-01-07,2018,3,91
00-0015331,Troy Smith,Troy Smith,WR,1977-07-30,1999,6,201
00-0025561,Troy Smith,Troy Smith,QB,1984-07-20,2007,5,174
00-0034631,Vyncint Smith,Vyncint Smith,WR,1996-06-09,,,
SMI798080,Wesley Smith,Wes Smith,WR,1963-06-24,1986,10,255
SMI812000,William Smith,Larry Smith,RB,1947-09-02,,,
SMI816640,Willie Smith,Willie Smith,TE,1964-08-06,1986,10,265
00-0038359,Xavier Smith,Xavier Smith,WR,1997-09-21,,,
00-0022024,Zuriel Smith,Zuriel Smith,WR,1980-01-15,2003,6,186
00-0036635,Ihmir Smith-Marsette,Ihmir Smith-Marsette,WR,1999-08-29,2021,5,157
00-0038543,Jaxon Smith-Njigba,Jaxon Smith-Njigba,WR,2002-02-14,2023,1,20
00-0033857,John Smith-Schuster,JuJu Smith-Schuster,WR,1996-11-22,2017,2,62
00-0028604,Antoine Smithson,Shaky Smithson,WR,1987-08-23,,,
00-0022765,Jeffrey Smoker,Jeff Smoker,QB,1981-06-13,,,
00-0024077,Isaac Smolko,Isaac Smolko,TE,1983-02-28,,,
00-0034798,Durham Smythe,Durham Smythe,TE,1995-08-09,2018,4,123
SNE103822,Norman Snead,Norm Snead,QB,1939-07-31,,,
00-0030663,Willie Snead,Willie Snead,WR,1992-10-17,,,
00-0035217,Benjamin Snell,Benny Snell,RB,1998-02-27,2019,4,122
SNE311466,Donald Snell,Donald Snell,WR,1965-03-13,,,
00-0019978,Robby Snelling,Robby Snelling,TE,1978-08-14,,,
00-0015362,Matthew Snider,Matt Snider,RB,1976-01-26,,,
00-0015369,Carlos Snow,Carlos Snow,RB,1968-10-24,,,
SNO355962,Jack Snow,Jack Snow,WR,1943-01-25,,,
SNY461435,Loren Snyder,Loren Snyder,QB,1963-11-28,,,
00-0041309,Daniel Sobkowicz,Daniel Sobkowicz,WR,2002-09-16,,,
00-0026399,Olaniyi Sobomehin,Olaniyi Sobomehin,RB,1984-10-11,,,
00-0036540,Dylan Soehner,Dylan Soehner,TE,1997-11-08,,,
SOH622935,Kurt Sohn,Kurt Sohn,WR,1957-06-26,,,
00-0035436,Matt Sokol,Matt Sokol,TE,1995-11-09,,,
00-0021063,Jacob Soliday,Jake Soliday,WR,1978-11-16,,,
SOL176699,Fred Solomon,Freddie Solomon,WR,1953-01-11,,,
00-0015390,Freddie Solomon,Freddie Solomon,WR,1972-08-15,,,
00-0019894,Mike Solwold,Mike Solwold,TE,1977-09-30,,,
00-0032668,Joseph Sommers,Joe Sommers,TE,1993-03-03,,,
00-0030292,Brad Sorensen,Brad Sorensen,QB,1988-03-13,2013,7,221
00-0022744,James Sorgi,Jim Sorgi,QB,1980-12-03,2004,6,193
SOU664464,Thomas Southard,Tommy Southard,WR,1955-06-29,,,
00-0019604,Rodney Soward,R.Jay Soward,WR,1978-01-16,2000,1,29
00-0029091,Bradley Sowell,Bradley Sowell,TE,1989-06-06,,,
00-0023108,Stephen Spach,Stephen Spach,TE,1982-07-18,,,
00-0030175,Ryan Spadola,Ryan Spadola,WR,1991-02-15,,,
00-0025464,Matthew Spaeth,Matt Spaeth,TE,1983-11-24,2007,3,77
SPA177981,John Spagnola,John Spagnola,TE,1957-08-01,,,
00-0028656,Chad Spann,Chad Spann,RB,1988-08-04,,,
00-0039530,Brevyn Spann-Ford,Brevyn Spann-Ford,TE,1999-12-27,,,
00-0032022,Harold Spears,Harold Spears,TE,1992-03-09,,,
00-0039032,Tyjae Spears,Tyjae Spears,RB,2001-06-15,2023,3,81
SPE325008,Jeffrey Spek,Jeff Spek,TE,1960-10-01,,,
00-0015452,Blake Spence,Blake Spence,TE,1975-06-20,1998,5,146
00-0015455,Darryl Spencer,Darryl Spencer,WR,1970-03-21,,,
00-0031319,Diontae Spencer,Diontae Spencer,WR,1992-03-19,,,
00-0031954,Evan Spencer,Evan Spencer,WR,1993-05-26,2015,6,187
00-0028477,Owen Spencer,Owen Spencer,WR,1987-11-02,,,
SPE650016,Timothy Spencer,Tim Spencer,RB,1960-12-10,1983,11,307
SPE686128,Todd Spencer,Todd Spencer,RB,1962-07-26,,,
00-0019750,Willie Spencer,Willie Spencer,WR,1977-04-04,,,
SPE722240,Willie Spencer,Willie Spencer,RB,1953-01-28,,,
00-0026757,Kory Sperry,Kory Sperry,TE,1985-04-10,,,
SPE794464,Charles Speyrer,Cotton Speyrer,WR,1949-04-29,,,
00-0015472,Irving Spikes,Irving Spikes,RB,1970-12-21,,,
00-0027861,Clifford Spiller,C.J. Spiller,RB,1987-08-05,2010,1,9
00-0038045,Isaiah Spiller,Isaiah Spiller,RB,2001-08-09,2022,4,123
00-0022649,Bryson Spinner,Bryson Spinner,QB,1980-11-07,,,
SPI778665,Sebron Spivey,Sebron Spivey,WR,1964-08-02,,,
SPR369148,Ronald Springs,Ron Springs,RB,1956-11-04,,,
00-0033528,Jeremy Sprinkle,Jeremy Sprinkle,TE,1994-08-10,2017,5,154
00-0023564,Darren Sproles,Darren Sproles,RB,1983-06-20,2005,4,130
SPR738296,Dennis Sproul,Dennis Sproul,QB,1956-07-17,,,
00-0032685,Nelson Spruce,Nelson Spruce,WR,1992-12-05,,,
00-0023968,Micheal Spurlock,Micheal Spurlock,WR,1983-01-31,,,
SPU415291,Steven Spurrier,Steve Spurrier,QB,1945-04-20,,,
00-0036963,Amon-Ra St. Brown,Amon-Ra St. Brown,WR,1999-10-24,2021,4,112
00-0034279,Equanimeous St. Brown,Equanimeous St. Brown,WR,1996-09-30,2018,6,207
00-0022101,Brian St. Pierre,Brian St. Pierre,QB,1979-11-28,2003,5,163
00-0015507,Brian Stablein,Brian Stablein,WR,1970-04-14,1993,8,210
STA013616,Kenneth Stabler,Ken Stabler,QB,1945-12-25,,,
00-0019598,David Stachelski,Dave Stachelski,TE,1977-03-01,2000,5,141
00-0020849,Charles Stackhouse,Charles Stackhouse,RB,1980-04-11,,,
00-0015514,Siran Stacy,Siran Stacy,RB,1968-08-06,1992,2,48
00-0030536,Zachary Stacy,Zac Stacy,RB,1991-04-09,2013,5,160
00-0026498,John Stafford,Matthew Stafford,QB,1988-02-07,2009,1,1
STA149776,Jonathan Staggers,Jon Staggers,WR,1948-12-14,,,
00-0015523,Duce Staley,Duce Staley,RB,1975-02-27,1997,3,71
00-0021320,Luke Staley,Luke Staley,RB,1980-09-16,,,
STA258704,Robert Stallings,Robert Stallings,TE,1964-01-23,,,
00-0021147,Donte' Stallworth,Donte' Stallworth,WR,1980-11-10,2002,1,13
STA285936,Johnny Stallworth,John Stallworth,WR,1952-07-15,,,
STA313168,Timothy Stallworth,Tim Stallworth,WR,1966-08-26,1990,6,161
00-0019359,Philip Stambaugh,Phil Stambaugh,QB,1978-08-10,,,
STA326784,Sylvester Stamps,Sylvester Stamps,RB,1961-02-24,,,
STA367632,Haskel Stanback,Haskel Stanback,RB,1952-03-19,,,
00-0025490,Isaiah Stanback,Isaiah Stanback,WR,1984-08-16,2007,4,103
00-0022277,John Standeford,John Standeford,WR,1982-04-15,,,
00-0031679,Joshua Stangby,Joshua Stangby,WR,1990-09-24,,,
STA435712,Leo Stankavage,Scott Stankavage,QB,1962-07-05,,,
00-0025636,Derek Stanley,Derek Stanley,WR,1985-08-27,2007,7,249
STA449328,John Stanley,Jack Stanley,QB,1964-04-26,,,
00-0020644,Matthew Stanley,Matt Stanley,RB,1979-04-27,,,
00-0036279,Nathan Stanley,Nate Stanley,QB,1997-08-26,2020,7,244
00-0015557,Walter Stanley,Walter Stanley,WR,1962-11-05,1985,4,98
00-0020903,Edmund Stansbury,Ed Stansbury,RB,1979-05-03,,,
00-0025430,Drew Stanton,Drew Stanton,QB,1984-05-07,2007,2,43
00-0034311,Johnny Stanton,Johnny Stanton,RB,1994-09-07,,,
00-0028073,Richard Stanzi,Ricky Stanzi,QB,1987-09-03,2011,5,135
STA503792,Kenneth Starch,Ken Starch,RB,1954-03-05,,,
STA531024,Chad Stark,Chad Stark,RB,1965-04-04,1987,12,329
00-0015571,Jon Stark,Jon Stark,QB,1973-02-22,,,
00-0027791,James Starks,James Starks,RB,1986-02-25,2010,6,193
STA585488,Kevin Starks,Kevin Starks,TE,1963-09-04,,,
00-0022603,Kendrick Starling,Kendrick Starling,WR,1979-12-27,,,
STA680800,Stephen Starring,Stephen Starring,WR,1961-07-30,1983,3,74
00-0015588,Raymond Staten,Ray Staten,WR,1969-03-05,,,
00-0015589,Robert Staten,Robert Staten,RB,1969-01-23,,,
STA762496,Roger Staubach,Roger Staubach,QB,1942-02-05,,,
STA776112,Scott Stauch,Scott Stauch,RB,1959-01-03,,,
00-0032614,Joel Stave,Joel Stave,QB,1992-05-16,,,
00-0015596,Larry Stayner,Larry Stayner,TE,1969-06-04,,,
00-0015598,Derrick Steagall,Derrick Steagall,WR,1974-01-21,,,
00-0015601,Aaron Stecker,Aaron Stecker,RB,1975-11-13,,,
00-0019907,Benjamin Steele,Ben Steele,TE,1978-05-27,,,
00-0039325,Carson Steele,Carson Steele,RB,2002-10-21,,,
00-0027564,Curtis Steele,Curtis Steele,RB,1987-03-24,,,
STE066066,Robert Steele,Robert Steele,WR,1956-08-02,,,
STE075504,William Steels,Anthony Steels,RB,1959-01-08,,,
00-0015615,Milt Stegall,Milt Stegall,WR,1970-01-25,,,
00-0015627,Stephan Stenstrom,Steve Stenstrom,QB,1971-12-23,1995,4,134
STE358644,Bruce Stephens,Bruce Stephens,WR,1956-10-31,,,
STE364345,Frank Stephens,Frank Stephens,WR,1995-10-23,,,
00-0038741,John Stephens,John Stephens,TE,1999-09-23,,,
STE401115,John Stephens,John Stephens,RB,1966-02-23,1988,1,17
00-0019035,Leonard Stephens,Leonard Stephens,TE,1978-07-09,,,
00-0029133,Nick Stephens,Nick Stephens,QB,1987-05-19,,,
STE453024,Stephen Stephens,Steve Stephens,TE,1957-03-04,,,
00-0021386,Travis Stephens,Travis Stephens,RB,1978-06-26,2002,4,119
00-0015655,Tremayne Stephens,Tremayne Stephens,RB,1976-04-16,,,
00-0026956,LaRod Stephens-Howling,LaRod Stephens-Howling,RB,1987-04-26,2009,7,240
STE537966,Jack Steptoe,Jack Steptoe,WR,1956-01-21,,,
00-0025621,Syndric Steptoe,Syndric Steptoe,WR,1984-12-06,2007,7,234
STE547404,John Sterling,John Sterling,RB,1964-09-15,,,
00-0032120,Neal Sterling,Neal Sterling,TE,1992-01-14,2015,7,220
00-0035671,Jace Sternberger,Jace Sternberger,TE,1996-06-26,2019,3,75
00-0037486,Jerreth Sterns,Jerreth Sterns,WR,1999-07-01,,,
00-0026225,Craig Stevens,Craig Stevens,TE,1984-09-01,2008,3,85
00-0029768,Eric Stevens,Eric Stevens,RB,1989-10-01,,,
STE613470,Howard Stevens,Howard Stevens,RB,1950-02-09,,,
00-0021159,Jerramy Stevens,Jerramy Stevens,TE,1979-11-13,2002,1,28
STE622908,Mark Stevens,Mark Stevens,QB,1962-02-19,,,
STE632346,Matthew Stevens,Matt Stevens,QB,1964-07-30,,,
00-0036433,Tommy Stevens,Tommy Stevens,QB,1996-12-15,2020,7,240
00-0036571,Marquez Stevenson,Marquez Stevenson,WR,1998-03-26,2021,6,203
00-0036875,Rhamondre Stevenson,Rhamondre Stevenson,RB,1998-02-23,2021,4,120
00-0033916,ArDarius Stewart,ArDarius Stewart,WR,1993-12-08,2017,3,79
STE755040,Curtis Stewart,Curtis Stewart,RB,1963-06-04,,,
00-0032755,Dezmeawn Stewart,Dez Stewart,WR,1993-04-18,,,
00-0015697,James Stewart,James Stewart,RB,1971-12-08,,,
00-0015698,James Stewart,James Stewart,RB,1971-12-27,,,
00-0029441,Jeremy Stewart,Jeremy Stewart,RB,1989-02-17,,,
00-0026153,Jonathan Stewart,Jonathan Stewart,RB,1987-03-21,2008,1,13
STE773916,Joseph Stewart,Joe Stewart,WR,1955-11-18,,,
00-0030796,Josh Stewart,Josh Stewart,WR,1992-10-22,,,
00-0015700,Kordell Stewart,Kordell Stewart,QB,1972-10-16,1995,2,60
00-0020208,Russell Stewart,Russell Stewart,TE,1977-09-25,,,
00-0015713,Tony Stewart,Tony Stewart,RB,1968-01-30,,,
00-0020268,Tony Stewart,Tony Stewart,TE,1979-08-09,2001,5,147
00-0040526,Tre Stewart,Tre Stewart,RB,2002-12-14,,,
STE821106,Wayne Stewart,Wayne Stewart,TE,1947-08-18,,,
00-0035282,Easton Stick,Easton Stick,QB,1995-09-09,2019,5,166
00-0035264,Jarrett Stidham,Jarrett Stidham,QB,1996-08-08,2019,4,133
00-0015723,Bryan Still,Bryan Still,WR,1974-06-03,1996,2,41
00-0030085,Kenneth Stills,Kenny Stills,WR,1992-04-22,2013,5,144
STI581406,Darryl Stingley,Darryl Stingley,WR,1951-09-18,,,
00-0018971,Shyrone Stith,Shyrone Stith,RB,1978-04-02,2000,7,243
00-0015738,Mark Stock,Mark Stock,WR,1966-04-27,1989,6,144
STO084750,Ralph Stockemer,Ralph Stockemer,RB,1962-12-20,,,
00-0028042,Lucas Stocker,Luke Stocker,TE,1988-07-17,2011,4,104
00-0034890,Justin Stockton,Justin Stockton,RB,1995-07-06,,,
00-0015740,Eric Stocz,Eric Stocz,TE,1974-05-25,,,
00-0019442,Clinton Stoerner,Clint Stoerner,QB,1977-12-29,,,
00-0015751,Jerel Stokes,J.J. Stokes,WR,1972-10-06,1995,1,10
00-0015754,Brandon Stokley,Brandon Stokley,WR,1976-06-23,1999,4,105
00-0036741,Jack Stoll,Jack Stoll,TE,1998-01-28,,,
00-0015759,Dwight Stone,Dwight Stone,WR,1964-01-28,,,
00-0020770,John Stone,John Stone,WR,1979-07-07,,,
00-0030272,Jacob Stoneburner,Jake Stoneburner,TE,1989-08-25,,,
00-0036526,Dillon Stoner,Dillon Stoner,WR,1998-02-06,,,
00-0039773,Drake Stoops,Drake Stoops,WR,1999-06-16,,,
00-0024625,Byron Storer,Byron Storer,RB,1984-05-01,,,
00-0015777,Clifford Stoudt,Cliff Stoudt,QB,1955-03-27,,,
00-0015778,Kelly Stouffer,Kelly Stouffer,QB,1964-07-06,1987,1,6
00-0024305,Maurice Stovall,Maurice Stovall,WR,1985-02-21,2006,3,90
00-0039359,Cade Stover,Cade Stover,TE,2000-06-12,2024,4,123
STO788482,Otto Stowe,Otto Stowe,WR,1949-02-25,,,
00-0041483,Eli Stowers,Eli Stowers,TE,2003-04-15,2026,2,54
00-0015790,Tommie Stowers,Tommie Stowers,TE,1966-11-18,1990,11,283
00-0036482,Michael Strachan,Mike Strachan,WR,1997-08-13,2021,7,229
STR014077,Michael Strachan,Michael Strachan,RB,1953-05-24,,,
STR028154,Stephen Strachan,Steve Strachan,RB,1963-03-22,1985,11,303
STR056308,Timothy Stracka,Tim Stracka,TE,1959-09-27,1983,6,145
STR070385,John Strada,John Strada,TE,1952-11-13,,,
00-0015794,Troy Stradford,Troy Stradford,RB,1964-09-11,1987,4,99
00-0041194,Jack Strand,Jack Strand,QB,2004-06-23,,,
00-0038935,Brenton Strange,Brenton Strange,TE,2000-12-27,2023,2,61
STR281540,Leslie Strayhorn,Les Strayhorn,RB,1951-09-01,,,
STR295617,Eric Streater,Eric Streater,WR,1964-03-21,,,
00-0029129,Rod Streater,Rod Streater,WR,1988-02-09,,,
00-0031310,Devin Street,Devin Street,WR,1991-03-30,2014,5,146
00-0029300,Tommy Streeter,Tommy Streeter,WR,1989-10-07,2012,6,198
00-0015811,Tai Streets,Tai Streets,WR,1977-04-20,1999,6,171
00-0035752,Christopher Streveler,Chris Streveler,QB,1995-01-06,,,
00-0041035,De'Zhaun-Ryan Stribling,De'Zhaun Stribling,WR,2002-12-18,2026,2,33
00-0021700,Dan Stricker,Dan Stricker,WR,1979-09-25,,,
00-0026977,Andy Strickland,Andy Strickland,WR,1987-09-02,,,
00-0033417,Damore'ea Stringfellow,Damore'ea Stringfellow,WR,1994-10-18,,,
STR534926,Donald Strock,Don Strock,QB,1950-11-27,,,
00-0015827,Richard Strom,Rick Strom,QB,1965-03-11,,,
00-0037139,Carson Strong,Carson Strong,QB,1999-09-14,,,
00-0025843,Darrell Strong,Darrell Strong,TE,1986-05-21,,,
00-0031560,Jaelen Strong,Jaelen Strong,WR,1994-01-25,2015,3,70
00-0015829,Jasper Strong,Jasper Strong,WR,1972-08-28,,,
00-0038098,Pierre Strong,Pierre Strong,RB,1998-12-10,2022,4,127
STR647542,Raymond Strong,Ray Strong,RB,1956-05-07,,,
00-0027572,Trey Stross,Trey Stross,WR,1987-06-29,,,
00-0015835,Deonshawn Strother,Deon Strother,RB,1972-04-12,,,
00-0039163,Coleridge Stroud,C.J. Stroud,QB,2001-10-03,2023,1,2
STR717927,Morris Stroud,Morris Stroud,TE,1946-05-17,,,
00-0026953,Sammie Stroughter,Sammie Stroughter,WR,1986-01-03,2009,7,233
STR746081,Wilbur Strozier,Wilbur Strozier,TE,1964-11-12,1987,7,194
00-0025622,Chansi Stuckey,Chansi Stuckey,WR,1983-10-04,2007,7,235
00-0015858,Michael Stuewe,Michael Stuewe,WR,1974-06-20,,,
00-0025864,Jonathan Stupar,Jonathan Stupar,TE,1984-07-24,,,
00-0040948,J. Michael Sturdivant,J.Michael Sturdivant,WR,2002-09-06,,,
00-0015871,Nicky Sualua,Nicky Sualua,RB,1975-04-16,1997,4,129
00-0022235,Allen Suber,Allen Suber,WR,1981-10-21,,,
00-0019433,Nick Sudano,Nick Sudano,RB,1977-03-19,,,
00-0032792,Nathan Sudfeld,Nate Sudfeld,QB,1993-10-07,2016,6,187
00-0029999,Zachary Sudfeld,Zach Sudfeld,TE,1989-04-18,,,
00-0022180,Lee Suggs,Lee Suggs,RB,1980-08-11,2003,4,115
SUH276861,Matthew Suhey,Matt Suhey,RB,1958-07-07,1980,2,46
SUL197755,David Sullivan,Dave Sullivan,WR,1951-01-31,,,
SUL593265,Patrick Sullivan,Pat Sullivan,QB,1950-01-18,,,
00-0036438,Stephen Sullivan,Stephen Sullivan,TE,1996-11-28,2020,7,251
SUL711918,Thomas Sullivan,Tom Sullivan,RB,1950-03-05,,,
SUM255564,Carl Summerell,Carl Summerell,QB,1951-12-06,,,
00-0029339,Chris Summers,Chris Summers,WR,1989-07-10,,,
SUM383346,Donald Summers,Don Summers,TE,1961-02-22,,,
00-0033613,James Summers,James Summers,RB,1994-06-12,,,
00-0028987,Phillip Supernaw,Phillip Supernaw,TE,1990-01-30,,,
00-0030666,Darryl Surgent,Darryl Surgent,WR,1992-05-13,,,
00-0036753,Sage Surratt,Sage Surratt,WR,1998-04-13,,,
00-0024504,Justin Surrency,Justin Surrency,WR,1984-01-09,,,
00-0020273,Vincent Sutherland,Vinny Sutherland,WR,1978-04-22,2001,5,136
00-0034348,Courtland Sutton,Courtland Sutton,WR,1995-10-10,2018,2,40
00-0026790,Tyrell Sutton,Tyrell Sutton,RB,1986-12-19,,,
00-0041384,Evan Svoboda,Evan Svoboda,TE,2003-03-31,,,
00-0032141,Geoffrey Swaim,Geoff Swaim,TE,1993-09-16,2015,7,246
00-0026357,Brett Swain,Brett Swain,WR,1985-06-21,2008,7,217
00-0033004,Chris Swain,Chris Swain,RB,1992-11-17,,,
00-0036247,Freddie Swain,Freddie Swain,WR,1998-08-04,2020,6,214
00-0015946,Charles Swann,Charles Swann,WR,1970-10-29,1992,12,323
SWA332232,Lynn Swann,Lynn Swann,WR,1952-03-07,,,
SWA387604,Eric Swanson,Eric Swanson,WR,1963-08-25,1986,7,170
SWA498348,Shane Swanson,Shane Swanson,WR,1962-10-04,1985,12,315
SWA609092,George Swarn,George Swarn,RB,1964-02-15,1987,5,118
00-0015956,Chris Swartz,Chris Swartz,QB,1968-03-24,,,
00-0015959,Kevin Swayne,Kevin Swayne,WR,1975-01-17,,,
00-0026193,Limas Sweed,Limas Sweed,WR,1984-12-25,2008,2,53
SWE059327,Calvin Sweeney,Calvin Sweeney,WR,1955-01-12,,,
SWE237308,Kevin Sweeney,Kevin Sweeney,QB,1963-11-16,1987,7,180
00-0035308,Thomas Sweeney,Tommy Sweeney,TE,1995-07-01,2019,7,228
SWE462616,Anthony Sweet,Tony Sweet,TE,1963-12-13,,,
SWE533943,Joseph Sweet,Joe Sweet,WR,1948-07-05,,,
00-0036275,D'Andre Swift,D'Andre Swift,RB,1999-01-14,2020,2,35
00-0015970,Justin Swift,Justin Swift,WR,1975-08-14,1999,7,238
00-0026525,Nathan Swift,Nate Swift,WR,1985-08-24,,,
00-0039275,Messiah Swinson,Messiah Swinson,TE,2000-04-20,,,
SWI554193,James Swinton,James Swinton,WR,1986-08-20,,,
00-0015980,Reginald Swinton,Reggie Swinton,WR,1975-07-24,,,
00-0033562,Ryan Switzer,Ryan Switzer,WR,1994-11-04,2017,4,133
00-0030854,Erik Swoope,Erik Swoope,TE,1992-05-08,,,
00-0033742,Alphonso Swoopes,Tyrone Swoopes,TE,1994-11-14,,,
00-0015987,Jeffrey Sydner,Jeff Sydner,WR,1969-11-11,1992,6,160
SYD553722,George Sydnor,Willie Sydnor,WR,1959-03-21,,,
00-0024605,Rudy Sylvan,Rudy Sylvan,TE,1984-12-23,,,
00-0028229,Austin Sylvester,Austin Sylvester,RB,1988-04-15,,,
00-0022720,Brian Symons,B.J. Symons,QB,1980-11-19,,,
00-0024380,Quinn Sypniewski,Quinn Sypniewski,TE,1982-04-14,2006,5,166
00-0029015,Andrew Szczerba,Andrew Szczerba,TE,1988-07-16,,,
00-0035735,Jordan Ta'amu-Perifanos,Jordan Ta'amu-Perifanos,QB,1997-12-10,,,
00-0032021,Jack Tabb,Jack Tabb,TE,1992-07-29,,,
TAG276861,Jerry Tagge,Jerry Tagge,QB,1950-04-12,,,
TAG553722,John Tagliaferri,John Tagliaferri,RB,1964-04-13,,,
00-0036212,Tuanigamanuolepola Tagovailoa,Tua Tagovailoa,QB,1998-03-02,2020,1,5
00-0031066,Lorenzo Taliaferro,Lorenzo Taliaferro,RB,1991-12-23,2014,4,138
00-0016030,John Talley,John Talley,WR,1964-12-19,,,
00-0029367,Julian Talley,Julian Talley,WR,1989-06-09,,,
TAL771251,Kenneth Talton,Ken Talton,RB,1956-06-25,,,
00-0026267,Jacob Tamme,Jacob Tamme,TE,1985-03-15,2008,4,127
00-0029701,Ryan Tannehill,Ryan Tannehill,QB,1988-07-27,2012,1,8
00-0027616,Andy Tanner,Andy Tanner,WR,1988-05-16,,,
00-0028613,Phillip Tanner,Phillip Tanner,RB,1988-08-08,,,
00-0029623,Alex Tanney,Alex Tanney,QB,1987-11-11,,,
00-0019486,Jay Tant,Jay Tant,TE,1977-12-04,2000,5,164
00-0022797,Thomas Tapeh,Thomas Tapeh,RB,1980-03-28,2004,5,162
TAR369148,Francis Tarkenton,Fran Tarkenton,QB,1940-02-03,,,
TAR738296,John Tarver,John Tarver,RB,1949-01-01,,,
00-0016055,Steven Tasker,Steve Tasker,WR,1962-04-10,1985,9,226
00-0020615,Adam Tate,Adam Tate,RB,1978-05-22,,,
00-0034686,Auden Tate,Auden Tate,WR,1997-02-03,2018,7,253
00-0027890,Benjamin Tate,Ben Tate,RB,1988-08-21,2010,2,58
00-0027057,Brandon Tate,Brandon Tate,WR,1987-10-05,2009,3,83
00-0041438,Carnell Tate,Carnell Tate,WR,2005-01-19,2026,1,4
00-0027891,Golden Tate,Golden Tate,WR,1988-08-02,2010,2,60
TAT377535,Lars Tate,Lars Tate,RB,1966-02-02,1988,2,53
TAT453042,Rodney Tate,Rodney Tate,RB,1959-02-14,1982,4,110
00-0016065,Will Tate,Will Tate,WR,1971-02-05,,,
00-0016066,William Tate,Willy Tate,TE,1972-09-07,,,
TAT755070,Mosiula Tatupu,Mosi Tatupu,RB,1955-04-26,,,
00-0040991,Elijah Tau-Tolliver,Elijah Tau-Tolliver,RB,2003-05-16,,,
00-0028511,Vailala Taua,Vai Taua,RB,1988-10-11,,,
00-0038828,Tanner Taula,Tanner Taula,TE,1998-12-06,,,
00-0036140,Charles Taumoepeau,Charlie Taumoepeau,TE,1998-03-25,,,
TAU415290,Taivale Tautalatasi,Junior Tautalatasi,RB,1962-03-24,1986,10,261
TAY016950,Altie Taylor,Altie Taylor,RB,1947-09-29,,,
00-0028592,Brady Taylor,Brad Taylor,TE,1987-11-10,,,
TAY101700,Charles Taylor,Charley Taylor,WR,1941-09-28,,,
00-0021314,Chester Taylor,Chester Taylor,RB,1979-09-22,2002,6,207
00-0023844,Christopher Taylor,Chris Taylor,RB,1983-11-07,,,
TAY118650,Clifton Taylor,Cliff Taylor,RB,1952-05-10,,,
00-0025584,Courtney Taylor,Courtney Taylor,WR,1984-04-07,2007,6,197
00-0016086,Craig Taylor,Craig Taylor,RB,1966-01-03,1989,6,166
TAY199162,Eugene Taylor,Gene Taylor,WR,1962-11-12,1987,6,163
00-0016098,Frederick Taylor,Fred Taylor,RB,1976-01-27,1998,1,9
00-0016105,Greg Taylor,Greg Taylor,WR,1968-01-27,,,
TAY237300,Gregory Taylor,Greg Taylor,WR,1958-10-23,1982,12,308
00-0022679,Henry Taylor,Jamaar Taylor,WR,1981-02-25,2004,6,168
00-0041217,J'Mari Taylor,J'mari Taylor,RB,2002-03-15,,,
00-0036096,J.J. Taylor,J.J. Taylor,RB,1998-01-04,,,
TAY328800,James Taylor,Jim Bob Taylor,QB,1959-09-09,1983,11,280
00-0016118,John Taylor,John Taylor,WR,1962-03-31,1986,3,76
00-0036223,Jonathan Taylor,Jonathan Taylor,RB,1999-01-19,2020,2,41
00-0031697,Jordan Taylor,Jordan Taylor,WR,1992-02-18,,,
00-0032440,Kelvin Taylor,Kelvin Taylor,RB,1993-09-28,2016,6,211
TAY476625,Kent Taylor,Kent Taylor,TE,,,,
00-0028606,Kerry Taylor,Kerry Taylor,WR,1989-02-20,,,
00-0016126,Kitrick Taylor,Kitrick Taylor,WR,1964-07-22,1987,5,128
00-0027176,Larry Taylor,Larry Taylor,WR,1985-05-30,,,
00-0038673,Leonard Taylor,Leonard Taylor,TE,1999-08-26,,,
TAY525450,Leonard Taylor,Lenny Taylor,WR,1961-02-15,1984,12,313
00-0035480,Malik Taylor,Malik Taylor,WR,1995-12-21,,,
00-0040736,Mason Taylor,Mason Taylor,TE,2004-05-08,2025,2,42
TAY610200,Otis Taylor,Otis Taylor,WR,1942-08-11,,,
00-0035973,Patrick Taylor,Patrick Taylor,RB,1998-04-29,,,
00-0027496,Rendrick Taylor,Rendrick Taylor,RB,1987-04-03,,,
00-0040531,Roc Taylor,Roc Taylor,WR,2001-09-26,,,
00-0028156,Ryan Taylor,Ryan Taylor,TE,1987-11-16,2011,7,218
00-0030282,Stepfan Taylor,Stepfan Taylor,RB,1991-06-09,2013,5,140
00-0033911,Taywan Taylor,Taywan Taylor,WR,1995-03-02,2017,3,72
00-0020112,Tony Taylor,Tony Taylor,RB,1978-03-09,,,
00-0019721,Travis Taylor,Travis Taylor,WR,1979-03-30,2000,1,10
00-0033292,Trent Taylor,Trent Taylor,WR,1994-04-30,2017,5,177
00-0016151,Troy Taylor,Troy Taylor,QB,1968-04-05,1990,4,84
00-0028118,Tyrod Taylor,Tyrod Taylor,QB,1989-08-03,2011,6,180
TAY779700,William Taylor,Billy Taylor,RB,1956-07-06,,,
TAY796650,Willie Taylor,Willie Taylor,WR,1955-12-09,,,
00-0040669,Isaac TeSlaa,Isaac TeSlaa,WR,2002-02-20,2025,3,70
00-0037111,Master Teague,Master Teague,RB,2000-05-19,,,
TEA519110,Jimmy Teal,Jimmy Teal,WR,1962-08-18,1985,5,130
00-0027876,Timothy Tebow,Tim Tebow,QB,1987-08-14,2010,1,25
00-0041598,Alex Tecza,Alex Tecza,RB,,,,
00-0026927,Mike Teel,Mike Teel,QB,1986-01-06,2009,6,178
00-0031533,Randall Telfer,Randall Telfer,TE,1992-05-16,2015,6,198
00-0016173,Derek Tennell,Derek Tennell,WR,1964-02-12,1987,7,185
00-0020513,David Terrell,David Terrell,WR,1979-03-13,2001,1,8
00-0025665,D.D. Terry,D.D. Terry,RB,1984-02-16,,,
00-0040457,Jermaine Terry,Jermaine Terry,TE,2003-05-06,,,
00-0016190,Ryan Terry,Ryan Terry,RB,1971-09-20,,,
00-0016193,Vincent Testaverde,Vinny Testaverde,QB,1963-11-13,1987,1,1
TES622935,Donald Testerman,Don Testerman,RB,1952-11-07,,,
THA519110,James Thaxton,Jim Thaxton,TE,1949-01-11,,,
THE276861,Joseph Theismann,Joe Theismann,QB,1949-09-09,,,
00-0016205,Ryan Thelwell,Ryan Thelwell,WR,1973-04-06,1998,7,215
00-0030035,Adam Thielen,Adam Thielen,WR,1990-08-22,,,
00-0026577,Marcus Thigpen,Marcus Thigpen,WR,1986-05-15,,,
00-0025604,Tyler Thigpen,Tyler Thigpen,QB,1984-04-14,2007,7,217
00-0016214,Yancey Thigpen,Yancey Thigpen,WR,1969-08-15,1991,4,90
THO024248,Andre Thomas,Andre Thomas,RB,1960-11-28,,,
00-0020403,Anthony Thomas,Anthony Thomas,RB,1977-11-07,2001,2,38
00-0016223,Blair Thomas,Blair Thomas,RB,1967-10-07,1990,1,2
00-0039893,Brian Thomas,Brian Thomas,WR,2002-10-08,2024,1,23
THO060620,Calvin Thomas,Calvin Thomas,RB,1960-01-07,,,
00-0024813,Charles Thomas,Pierre Thomas,RB,1984-12-18,,,
THO085684,Charles Thomas,Charlie Thomas,RB,1948-11-27,,,
00-0016232,Chris Thomas,Chris Thomas,WR,1971-07-16,,,
00-0016235,Corey Thomas,Corey Thomas,WR,1975-06-06,,,
THO090930,Curtland Thomas,Curtland Thomas,WR,1962-02-19,1984,12,335
THO091687,Damon Thomas,Damon Thomas,WR,1970-12-15,,,
00-0028000,Daniel Thomas,Daniel Thomas,RB,1987-10-29,2011,2,62
00-0031060,De'Anthony Thomas,De'Anthony Thomas,WR,1993-01-05,2014,4,124
00-0027874,Demaryius Thomas,Demaryius Thomas,WR,1987-12-25,2010,1,22
THO096992,Derrick Thomas,Derrick Thomas,RB,1965-03-08,,,
00-0026174,Devin Thomas,Devin Thomas,WR,1986-11-15,2008,2,34
00-0016251,Douglas Thomas,Doug Thomas,WR,1969-09-18,1991,2,51
THO121240,Duane Thomas,Duane Thomas,RB,1947-06-21,,,
THO127302,Earl Thomas,Earl Thomas,TE,1948-10-04,,,
THO140183,Edward Thomas,Ed Thomas,TE,1966-05-04,,,
00-0030651,Eric Thomas,Eric Thomas,WR,1991-11-11,,,
00-0016267,George Thomas,George Thomas,WR,1964-07-11,1988,6,138
00-0034365,Ian Thomas,Ian Thomas,TE,1996-06-06,2018,4,101
00-0033664,Jahad Thomas,Jahad Thomas,RB,1995-11-06,,,
THO230356,Jewerl Thomas,Jewerl Thomas,RB,1957-09-10,1980,3,58
00-0024301,John Thomas,David Thomas,TE,1983-07-05,2006,3,86
00-0016282,Johnny Thomas,J.T. Thomas,WR,1971-07-11,1995,7,240
THO263697,Joseph Thomas,Joe Thomas,WR,1963-03-25,1986,9,244
00-0028067,Julius Thomas,Julius Thomas,TE,1988-06-27,2011,4,129
00-0033846,Justin Thomas,Justin Thomas,WR,1994-03-15,,,
THO272790,Kenneth Thomas,Ken Thomas,RB,1960-02-11,1983,7,173
00-0029856,Lamaar Thomas,Lamaar Thomas,WR,1990-04-23,,,
00-0016289,Lamar Thomas,Lamar Thomas,WR,1970-02-12,1993,3,60
THO284914,Lavale Thomas,Lavale Thomas,RB,1963-12-12,,,
00-0023204,Levon Thomas,Levon Thomas,WR,1983-07-07,,,
00-0031260,Logan Thomas,Logan Thomas,TE,1991-07-01,2014,4,120
THO297038,Louis Thomas,Speedy Thomas,WR,1947-04-13,,,
THO303100,Malcolm Thomas,Mike Thomas,RB,1953-07-17,,,
00-0024798,Marco Thomas,Marco Thomas,WR,1983-11-27,,,
00-0026306,Marcus Thomas,Marcus Thomas,RB,1984-05-28,2008,5,166
00-0016296,Mark Thomas,Mark Thomas,TE,1976-04-26,,,
00-0016297,Markus Thomas,Markus Thomas,RB,1970-07-12,,,
00-0027076,Michael Thomas,Mike Thomas,WR,1987-06-04,2009,4,107
00-0032765,Michael Thomas,Michael Thomas,WR,1993-03-03,2016,2,47
00-0033114,Michael Thomas,Mike Thomas,WR,1994-08-16,2016,6,206
00-0041248,Noah Thomas,Noah Thomas,WR,2004-01-13,,,
00-0033755,Noel Thomas,Noel Thomas,WR,1994-09-18,,,
00-0034221,Racean Thomas,Roc Thomas,RB,1995-09-02,,,
00-0016314,Robb Thomas,Robb Thomas,WR,1966-03-29,1989,6,143
THO345534,Robert Thomas,Bob Thomas,RB,1948-08-23,,,
00-0016321,Rodney Thomas,Rodney Thomas,RB,1973-03-30,1995,3,89
00-0022686,Sloan Thomas,Sloan Thomas,WR,1981-12-22,2004,7,211
00-0038810,Thayer Thomas,Thayer Thomas,WR,1998-05-20,,,
00-0016331,Thurman Thomas,Thurman Thomas,RB,1966-05-16,1988,2,40
THO406154,William Thomas,Bill Thomas,RB,1949-08-07,,,
THO412216,Zachary Thomas,Zach Thomas,WR,1960-09-08,,,
00-0041051,Zavion Thomas,Zavion Thomas,WR,2004-02-14,2026,3,89
THO418278,Richard Thomaselli,Rich Thomaselli,RB,1957-02-26,,,
00-0016347,Jeffrey Thomason,Jeff Thomason,TE,1969-12-30,,,
00-0037487,Deven Thompkins,Deven Thompkins,WR,1999-12-23,,,
00-0030000,Kenbrell Thompkins,Kenbrell Thompkins,WR,1988-07-29,,,
THO448588,Alexander Thompson,Woody Thompson,RB,1952-08-20,,,
THO469805,Anthony Thompson,Anthony Thompson,RB,1967-04-08,,,
THO478898,Aundra Thompson,Aundra Thompson,WR,1953-01-02,,,
THO491022,Bobby Thompson,Bobby Thompson,RB,1947-01-16,,,
00-0041550,Brenen Thompson,Brenen Thompson,WR,2003-07-25,2026,4,105
00-0038680,Bryan Thompson,Bryan Thompson,WR,1999-04-07,,,
00-0030404,Christopher Thompson,Chris Thompson,RB,1990-10-20,2013,5,154
00-0033855,Christopher Thompson,Chris Thompson,WR,1994-05-09,,,
00-0035164,Cody Thompson,Cody Thompson,WR,1996-01-11,,,
00-0033720,Colin Thompson,Colin Thompson,TE,1993-12-15,,,
00-0016366,Craig Thompson,Craig Thompson,TE,1969-01-13,1992,5,115
00-0016368,Darrell Thompson,Darrell Thompson,RB,1967-11-23,1990,1,19
00-0035148,Darwin Thompson,Darwin Thompson,RB,1997-02-12,2019,6,214
00-0016371,David Thompson,David Thompson,RB,1975-01-13,,,
THO527394,Delbert Thompson,Del Thompson,RB,1958-02-21,1982,5,130
00-0029388,Deonte Thompson,Deonte Thompson,WR,1989-02-14,,,
00-0016373,Derrius Thompson,Derrius Thompson,WR,1977-07-05,,,
00-0023039,Dominique Thompson,Dominique Thompson,WR,1982-12-28,,,
00-0031510,Dylan Thompson,Dylan Thompson,QB,1991-10-25,,,
00-0016378,Ernie Thompson,Ernie Thompson,RB,1969-10-25,1991,12,312
00-0019408,Germany Thompson,Germany Thompson,WR,1976-01-31,,,
THO566797,Glenn Thompson,Marty Thompson,TE,1969-12-09,,,
THO575890,Jack Thompson,Jack Thompson,QB,1956-05-19,,,
THO581952,James Thompson,James Thompson,WR,1953-01-09,,,
THO594076,Jesse Thompson,Jesse Thompson,WR,1956-03-12,,,
THO606200,John Thompson,John Thompson,TE,1957-01-18,,,
00-0031275,Jonathan Thompson,Ian Thompson,TE,1990-09-14,,,
00-0030647,Jordan Thompson,Jordan Thompson,TE,1989-07-12,,,
00-0030705,Juwan Thompson,Juwan Thompson,RB,1992-05-13,,,
00-0033143,Kendal Thompson,Kendal Thompson,WR,1992-05-14,,,
THO612262,Kenneth Thompson,Ken Thompson,WR,1958-12-06,,,
00-0019278,Kevin Thompson,Kevin Thompson,QB,1977-07-27,,,
THO624386,Leonard Thompson,Leonard Thompson,WR,1952-07-28,,,
00-0034200,Mark Thompson,Mark Thompson,RB,1994-12-09,,,
00-0025766,Paul Thompson,Paul Thompson,QB,1983-11-23,,,
THO654696,Ricky Thompson,Ricky Thompson,WR,1954-05-15,,,
THO678569,Robert Thompson,Bob Thompson,WR,1962-09-09,1986,6,142
00-0038910,SaRodorick Thompson,SaRodorick Thompson,RB,1999-10-01,,,
00-0037327,Skylar Thompson,Skylar Thompson,QB,1997-06-04,2022,7,247
00-0029590,Taylor Thompson,Taylor Thompson,TE,1989-10-19,2012,5,145
THO709254,Thomas Thompson,Tommy Thompson,RB,1951-09-22,,,
00-0035438,Trevion Thompson,Trevion Thompson,WR,1995-11-14,,,
00-0023192,Tyson Thompson,Tyson Thompson,RB,1981-05-21,,,
00-0016395,Ulys Thompson,Leroy Thompson,RB,1968-02-03,1991,6,158
THO721378,Vincent Thompson,Vince Thompson,RB,1957-02-21,,,
THO739564,Willis Thompson,Weegie Thompson,WR,1961-03-21,1984,4,108
00-0038583,Dorian Thompson-Robinson,Dorian Thompson-Robinson,QB,1999-11-14,2023,5,140
00-0023110,Andrew Thorn,Andy Thorn,TE,1982-02-04,,,
00-0040581,Dont'e Thornton,Dont'e Thornton,WR,2002-11-30,2025,4,108
00-0016428,James Thornton,Jim Thornton,TE,1965-02-08,1988,4,105
00-0016434,Reginald Thornton,Reggie Thornton,WR,1967-09-26,1990,5,116
THO794122,Sidney Thornton,Sidney Thornton,RB,1954-09-02,,,
00-0038104,Tyquan Thornton,Tyquan Thornton,WR,2000-08-07,2022,2,50
00-0023551,Craphonso Thorpe,Craphonso Thorpe,WR,1983-06-27,2005,4,116
00-0035283,Clayton Thorson,Clayton Thorson,QB,1995-06-15,2019,5,167
00-0039379,Jamari Thrash,Jamari Thrash,WR,2000-12-19,2024,5,156
00-0016440,James Thrash,James Thrash,WR,1975-04-28,,,
00-0022621,D'Andrae Thurman,Andrae Thurman,WR,1980-10-25,,,
00-0016456,John Tice,John Tice,TE,1960-06-22,1983,3,65
00-0016457,Michael Tice,Mike Tice,TE,1959-02-02,,,
00-0033762,Lenard Tillery,Lenard Tillery,RB,1993-12-09,,,
TIL296635,Patrick Tilley,Pat Tilley,WR,1953-02-15,,,
TIL355962,Andre Tillman,Andre Tillman,TE,1952-11-01,,,
00-0016472,Cedric Tillman,Cedric Tillman,WR,1970-07-22,1992,11,305
00-0038979,Cedric Tillman,Cedric Tillman,WR,2000-04-19,2023,3,74
00-0016476,Lawyer Tillman,Lawyer Tillman,TE,1966-05-20,1989,2,31
00-0016478,Lewis Tillman,Lewis Tillman,RB,1966-04-16,1989,4,93
00-0016480,Spencer Tillman,Spencer Tillman,RB,1964-04-21,1987,5,133
TIM600220,Tyrone Timmons,Tyrone Timmons,WR,1984-07-07,,,
00-0016487,Michael Timpson,Michael Timpson,WR,1967-06-06,1989,4,100
TIN184574,Gerald Tinker,Gerald Tinker,WR,1951-01-19,,,
TIN461435,Keith Tinsley,Keith Tinsley,WR,1965-03-31,,,
00-0038839,Mitchell Tinsley,Mitch Tinsley,WR,1999-09-15,,,
TIN646009,Scott Tinsley,Scott Tinsley,QB,1959-11-14,,,
TIP519110,Gregg Tipton,Gregg Tipton,QB,1964-06-12,,,
00-0039623,Mason Tipton,Mason Tipton,WR,2000-09-27,,,
00-0030855,Zurlon Tipton,Zurlon Tipton,RB,1989-04-27,,,
TIU415291,Casey Tiumalu,Casey Tiumalu,RB,1961-06-19,,,
00-0040758,Lawrance Toafili,Lawrance Toafili,RB,2001-11-30,,,
TOD166116,Carl Todd,Richard Todd,QB,1953-11-19,,,
00-0028121,Jordan Todman,Jordan Todman,RB,1990-02-24,2011,6,183
00-0022057,LaBrandon Toefield,LaBrandon Toefield,RB,1980-09-24,2003,4,132
00-0036005,Noah Togiai,Noah Togiai,TE,1997-07-06,,,
00-0030443,Levine Toilolo,Levine Toilolo,TE,1991-07-30,2013,4,133
00-0036931,Travis Toivonen,Travis Toivonen,WR,1998-04-22,,,
00-0037666,Jalen Tolbert,Jalen Tolbert,WR,1999-02-27,2022,3,88
00-0024088,Burl Toler,Burl Toler,WR,1983-04-07,,,
TOL302028,Kenneth Toler,Kenneth Toler,WR,1959-04-09,,,
00-0021038,Ryan Tolhurst,Ryan Tolhurst,WR,1979-07-10,,,
00-0028548,Terrence Toliver,Terrence Toliver,WR,1988-05-07,,,
00-0016534,Billy Tolliver,Billy Joe Tolliver,QB,1966-02-07,1989,2,51
00-0034489,Jalen Tolliver,Jalen Tolliver,WR,1995-12-30,,,
TOL770172,David Toloumu,David Toloumu,RB,1960-03-03,,,
00-0022148,Gregory Tolver,J.R. Tolver,WR,1980-01-13,,,
00-0028595,Scott Tolzien,Scott Tolzien,QB,1987-09-04,,,
00-0041274,Max Tomczak,Max Tomczak,WR,2003-03-22,,,
00-0016538,Michael Tomczak,Mike Tomczak,QB,1962-10-23,,,
00-0031690,Eric Tomlinson,Eric Tomlinson,TE,1992-04-22,,,
00-0020536,LaDainian Tomlinson,LaDainian Tomlinson,RB,1979-06-23,2001,1,5
00-0016542,Edward Toner,Ed Toner,RB,1968-03-22,,,
TON553722,Anthony Toney,Anthony Toney,RB,1962-09-23,1986,2,37
00-0036913,Kadarius Toney,Kadarius Toney,WR,1999-01-27,2021,1,20
00-0037112,Jake Tonges,Jake Tonges,TE,1999-07-08,,,
00-0033757,Robert Tonyan,Robert Tonyan,TE,1994-04-30,,,
00-0016550,Amani Toomer,Amani Toomer,WR,1974-09-08,1996,2,34
00-0016552,Albert Toon,Al Toon,WR,1963-04-30,1985,1,10
00-0029667,Nicholas Toon,Nick Toon,WR,1988-11-04,2012,4,122
00-0027846,Timothy Toone,Tim Toone,WR,1985-02-14,2010,7,255
00-0026279,Ryan Torain,Ryan Torain,RB,1986-08-10,2008,5,139
00-0033238,Alek Torgersen,Alek Torgersen,QB,1995-01-13,,,
TOR474616,Eric Torkelson,Eric Torkelson,RB,1952-03-23,,,
00-0016560,Gino Torretta,Gino Torretta,QB,1970-08-10,1993,7,192
TOR711924,Robert Torrey,Bob Torrey,RB,1957-01-30,,,
00-0027257,Roderick Toston,Keith Toston,RB,1987-05-06,,,
TOT622935,Willie Totten,Willie Totten,QB,1962-07-04,,,
00-0031965,Abou Toure,Abou Toure,RB,1991-02-24,,,
00-0037098,Samori Toure,Samori Toure,WR,1998-03-24,2022,7,258
00-0031332,Fitzgerald Toussaint,Fitzgerald Toussaint,RB,1990-05-04,,,
00-0027428,Nick Tow-Arnett,Nick Tow-Arnett,TE,1984-09-07,,,
00-0033623,Keith Towbridge,Keith Towbridge,TE,1995-05-21,,,
00-0027897,Derrick Townsel,Derrick Townsel,WR,1988-07-12,,,
00-0016574,Joseph Townsell,Jo-Jo Townsell,WR,1960-11-04,1983,3,78
00-0040853,Carson Towt,Carson Towt,TE,2001-06-01,,,
00-0039384,Tyrone Tracy,Tyrone Tracy,RB,1999-11-23,2024,5,166
00-0021409,Rodney Trafford,Rod Trafford,TE,1978-11-29,,,
TRA207644,John Trahan,John Trahan,WR,1961-04-19,,,
00-0036841,Stephen Trammell,Austin Trammell,WR,1998-07-04,,,
00-0025684,Matthew Trannon,Matt Trannon,WR,1983-07-22,,,
00-0041579,Seydou Traore,Seydou Traore,TE,2002-08-12,2026,5,180
00-0036928,Kyle Trask,Kyle Trask,QB,1998-03-06,2021,2,64
00-0036422,Adam Trautman,Adam Trautman,TE,1997-02-05,2020,3,105
00-0039797,Jordan Travis,Jordan Travis,QB,2000-05-02,2024,5,171
00-0032319,Ross Travis,Ross Travis,TE,1993-01-09,,,
00-0041239,DeaMonte Trayanum,Chip Trayanum,RB,2002-01-02,,,
00-0033043,Austin Traylor,Austin Traylor,TE,1993-09-03,,,
00-0032951,Laquon Treadwell,Laquon Treadwell,WR,1995-06-14,2016,1,23
00-0016604,Brian Treggs,Brian Treggs,WR,1970-06-11,,,
00-0032724,Bryce Treggs,Bryce Treggs,WR,1994-04-30,,,
00-0020094,Stephen Trejo,Stephen Trejo,RB,1977-11-20,,,
00-0038840,Brycen Tremayne,Brycen Tremayne,WR,1999-11-18,,,
00-0037005,Tommy Tremble,Tommy Tremble,TE,2000-06-02,2021,3,83
00-0040939,Michael Trigg,Michael Trigg,TE,2002-06-27,,,
TRO103822,Richard Trocano,Rick Trocano,QB,1959-04-04,1981,11,292
00-0027246,Joe Tronzo,Joe Tronzo,RB,1987-06-10,,,
TRO519110,Paul Troup,Bill Troup,QB,1951-04-02,,,
00-0022916,Benjamin Troupe,Ben Troupe,TE,1982-09-01,2004,2,40
00-0033869,Mitchell Trubisky,Mitchell Trubisky,QB,1994-08-20,2017,1,2
00-0016628,Jack Trudeau,Jack Trudeau,QB,1962-09-09,1986,2,47
00-0033149,Nicholas Truesdell,Nick Truesdell,TE,1990-03-14,,,
TRU461435,David Truitt,Dave Truitt,TE,1964-02-18,,,
00-0016634,Olanda Truitt,Olanda Truitt,WR,1971-01-04,1993,5,125
TRU646009,Robert Trumpy,Bob Trumpy,TE,1945-03-06,,,
00-0022666,Landon Trusty,Landon Trusty,TE,1981-10-09,,,
TRU738296,Eric Truvillion,Eric Truvillion,WR,1959-06-18,,,
00-0036597,Carl Tucker,Carl Tucker,TE,1997-02-06,,,
00-0016654,Jason Tucker,Jason Tucker,WR,1976-06-24,1998,6,167
00-0032832,Marcus Tucker,Marcus Tucker,WR,1992-06-24,,,
00-0030150,Matthew Tucker,Matthew Tucker,RB,1991-05-24,,,
TUC276861,Robert Tucker,Bob Tucker,TE,1945-06-08,,,
00-0038951,Sean Tucker,Sean Tucker,RB,2001-10-25,,,
00-0016661,Syii Tucker,Syii Tucker,TE,1973-07-31,,,
TUC369148,Travis Tucker,Travis Tucker,TE,1963-09-19,1985,11,287
00-0038563,Tre Tucker,Tre Tucker,WR,2001-03-08,2023,3,100
00-0027429,Verran Tucker,Verran Tucker,WR,1988-06-26,,,
00-0030024,Jeffrey Tuel,Jeff Tuel,QB,1991-02-12,,,
TUG622935,John Tuggle,John Tuggle,RB,1961-01-13,1983,12,335
00-0020405,Marques Tuiasosopo,Marques Tuiasosopo,QB,1979-03-22,2001,2,59
00-0023002,Zachary Tuiasosopo,Zach Tuiasosopo,RB,1981-12-19,,,
00-0029161,Lavasier Tuinei,Lavasier Tuinei,WR,1990-09-29,,,
00-0016675,Peter Tuipulotu,Peter Tuipulotu,RB,1969-02-20,,,
TUL166116,Walter Tullis,Walter Tullis,WR,1953-04-12,,,
00-0016677,Jerame Tuman,Jerame Tuman,TE,1976-03-24,1999,5,136
00-0038582,Clayton Tune,Clayton Tune,QB,1999-03-23,2023,5,139
00-0029273,Robert Turbin,Robert Turbin,RB,1989-12-02,2012,4,106
00-0036527,Darryl Turner,D.J. Turner,WR,1997-01-18,,,
TUR252784,Daryl Turner,Daryl Turner,WR,1961-12-15,1984,2,49
TUR270840,David Turner,Deacon Turner,RB,1955-01-02,,,
00-0034201,De'Lance Turner,De'Lance Turner,RB,1995-08-23,,,
00-0016708,Elbert Turner,Elbert Turner,WR,1968-03-19,,,
00-0016711,Floyd Turner,Floyd Turner,WR,1966-05-29,1989,6,159
00-0016716,Jim Turner,Jim Turner,WR,1975-11-13,,,
00-0034867,Malik Turner,Malik Turner,WR,1996-01-30,,,
TUR595848,Maurice Turner,Maurice Turner,RB,1960-09-10,1983,12,325
00-0022821,Michael Turner,Michael Turner,RB,1982-02-13,2004,5,154
00-0016731,Nathaniel Turner,Nate Turner,TE,1969-05-28,1992,6,167
00-0020226,Nathaniel Turner,Nate Turner,WR,1978-05-26,,,
00-0037078,Nicolas Turner,Cole Turner,TE,2000-03-16,2022,5,149
00-0016732,Odessa Turner,Odessa Turner,WR,1964-10-12,1987,4,112
00-0027059,Patrick Turner,Patrick Turner,WR,1987-05-19,2009,3,87
00-0032841,Paul Turner,Paul Turner,WR,1993-05-10,,,
TUR659016,Ricky Turner,Ricky Turner,QB,1962-05-14,,,
TUR668072,Robert Turner,Robert Turner,RB,1954-03-06,,,
00-0016743,Vernon Turner,Vernon Turner,WR,1967-01-06,,,
00-0035494,Xavier Turner,Xavier Turner,RB,1994-12-24,,,
00-0037801,KaVontae Turpin,Kavontae Turpin,WR,1996-08-02,,,
TUR812520,Willie Turral,Willie Turral,RB,1964-02-01,,,
00-0032045,Andrew Turzilli,Andrew Turzilli,WR,1991-10-13,,,
00-0040719,Bhayshul Tuten,Bhayshul Tuten,RB,2002-02-14,2025,4,104
00-0024137,Stacy Tutt,Stacy Tutt,RB,1982-08-08,,,
TUT692150,Perry Tuttle,Perry Tuttle,WR,1959-08-02,1982,1,19
TWE553722,Rodney Tweet,Rodney Tweet,WR,1964-02-20,,,
TWI415291,Howard Twilley,Howard Twilley,WR,1943-12-25,,,
00-0016762,Gunnard Twynner,Gunnard Twynner,WR,1973-07-14,,,
00-0032004,William Tye,Will Tye,TE,1991-11-04,,,
TYL118654,Andre Tyler,Andre Tyler,WR,1959-07-17,1982,6,158
00-0029190,Marc Tyler,Marc Tyler,RB,1988-09-27,,,
TYL474616,Robert Tyler,Robert Tyler,TE,1965-10-12,1988,8,215
TYL593270,Toussaint Tyler,Toussaint Tyler,RB,1959-03-19,1981,9,222
TYL711924,Wendell Tyler,Wendell Tyler,RB,1955-05-20,,,
00-0028984,Brian Tyms,Brian Tyms,WR,1989-02-21,,,
00-0021927,David Tyree,David Tyree,WR,1980-01-03,2003,6,211
TYR664464,Timothy Tyrrell,Tim Tyrrell,RB,1961-02-19,,,
00-0041029,Jordyn Tyson,Jordyn Tyson,WR,2004-08-12,2026,1,8
00-0040394,Anthony Tyus,Anthony Tyus,RB,2003-03-20,,,
00-0040464,DJ Uiagalelei,D.J. Uiagalelei,QB,2001-04-17,,,
00-0032230,Emughedi Umodu,Ify Umodu,WR,1992-07-22,,,
00-0027156,Tiquan Underwood,Tiquan Underwood,WR,1987-02-17,2009,7,253
00-0027851,Harvey Unga,Harvey Unga,RB,1987-01-18,,,
UPC415291,Richard Upchurch,Rick Upchurch,WR,1952-05-20,,,
00-0024664,Chad Upshaw,Chad Upshaw,TE,1984-06-23,,,
00-0021647,Jerheme Urban,Jerheme Urban,WR,1980-11-26,,,
00-0026386,Mario Urrutia,Mario Urrutia,WR,1986-01-18,2008,7,246
00-0035597,John Ursua,John Ursua,WR,1994-01-17,2019,7,236
USH207645,Darryl Usher,Darryl Usher,WR,1965-01-03,1988,7,181
00-0022555,Benjamin Utecht,Ben Utecht,TE,1981-06-30,,,
00-0016811,Iheanyi Uwaezuoke,Iheanyi Uwaezuoke,WR,1973-07-24,1996,5,160
00-0032134,Christopher Uzomah,C.J. Uzomah,TE,1993-01-14,2015,5,157
00-0027143,Taufui Vakapuna,Fui Vakapuna,RB,1984-03-09,2009,7,215
00-0039364,Sione Vaki,Sione Vaki,RB,2001-07-30,2024,4,132
00-0034272,Marquez Valdes-Scantling,Marquez Valdes-Scantling,WR,1994-10-10,2018,5,174
VAL332232,Ira Valentine,Ira Valentine,RB,1963-06-04,1987,12,314
00-0038727,Xazavian Valladay,Xazavian Valladay,RB,1998-07-03,,,
00-0032508,Hakeem Valles,Hakeem Valles,TE,1992-11-23,,,
00-0016821,Franklin Van Dyke,Alex Van Dyke,WR,1974-07-24,1996,2,31
VAN583648,William Van Heusen,Billy Van Heusen,WR,1946-08-27,,,
00-0022774,Bradlee Van Pelt,Bradlee Van Pelt,QB,1980-07-03,2004,7,250
00-0016838,Gregory Van Pelt,Alex Van Pelt,QB,1970-05-01,1993,8,216
VAN718336,Jeffrey Van Raaphorst,Jeff Van Raaphorst,QB,1963-12-07,,,
VAN793162,Peter Van Valkenburg,Pete Van Valkenburg,RB,1950-05-19,,,
00-0040702,Mitch Van Vooren,Mitchell Van Vooren,TE,2001-01-13,,,
00-0038489,Ben VanSumeren,Ben VanSumeren,RB,2000-05-05,,,
00-0032689,Jason Vander Laan,Jason Vander Laan,TE,1992-09-22,,,
00-0023734,LaDaris Vann,LaDaris Vann,WR,1980-10-07,,,
VAN628544,Norwood Vann,Norwood Vann,TE,1962-02-18,1984,10,253
00-0032394,Nicholas Vannett,Nick Vannett,TE,1993-03-06,2016,3,94
00-0016837,Tamarick Vanover,Tamarick Vanover,WR,1974-02-25,1995,3,81
VAR166116,Michael Varajon,Mike Varajon,RB,1964-07-12,,,
00-0036776,Tariq Vasher,T.J. Vasher,WR,1998-08-29,,,
VAT276861,Randel Vataha,Randy Vataha,WR,1948-12-04,,,
00-0030970,Dustin Vaughan,Dustin Vaughan,QB,1991-01-27,,,
00-0026644,Josh Vaughan,Josh Vaughan,RB,1986-12-03,,,
00-0038622,Christopher Vaughn,Deuce Vaughn,RB,2001-11-02,2023,6,212
00-0016853,Damian Vaughn,Damian Vaughn,TE,1975-06-14,,,
00-0016855,Jonathan Vaughn,Jon Vaughn,RB,1970-03-12,1991,5,112
00-0036450,Ke'Shawn Vaughn,Ke'Shawn Vaughn,RB,1997-05-04,2020,3,76
00-0030614,Rahsaan Vaughn,Rahsaan Vaughn,WR,1990-12-22,,,
00-0036495,Tyler Vaughns,Tyler Vaughns,WR,1997-06-01,,,
VEA415290,Elton Veals,Elton Veals,RB,1961-03-26,1984,11,303
00-0034669,Jordan Veasy,Jordan Veasy,WR,1995-06-23,,,
00-0029063,Matthew Veldman,Matt Veldman,TE,1988-08-12,,,
00-0039424,Devaughn Vele,Devaughn Vele,WR,1997-12-12,2024,7,235
00-0041195,Jack Velling,Jack Velling,TE,2003-10-29,,,
00-0030467,Justin Veltung,Justin Veltung,WR,1991-03-30,,,
VEN542472,Jason Venuto,Jay Venuto,QB,1958-02-05,,,
00-0016880,Clarence Verdin,Clarence Verdin,WR,1963-06-14,,,
00-0027994,Shane Vereen,Shane Vereen,RB,1989-03-02,2011,2,56
VER461435,Christopher Verhulst,Chris Verhulst,TE,1966-05-16,1988,5,130
00-0029761,Conner Vernon,Conner Vernon,WR,1990-08-18,,,
VER646009,David Verser,David Verser,WR,1958-03-01,1981,1,10
00-0024179,Marcus Vick,Marcus Vick,WR,1984-03-20,,,
00-0020245,Michael Vick,Michael Vick,QB,1980-06-26,2001,1,1
VIC622935,Roger Vick,Roger Vick,RB,1964-08-11,1987,1,21
00-0024067,James Vickers,Lee Vickers,TE,1981-03-13,,,
00-0035819,Binjimen Victor,Binjimen Victor,WR,1997-01-15,,,
00-0034007,Darius Victor,Darius Victor,RB,1994-03-18,,,
00-0039391,Kimani Vidal,Kimani Vidal,RB,2001-08-28,2024,6,181
VIG415291,Thomas Vigorito,Tommy Vigorito,RB,1959-10-23,1981,5,138
00-0041422,Daniel Villari,Dan Villari,TE,2002-06-29,,,
00-0024532,Justin Vincent,Justin Vincent,RB,1983-01-25,,,
00-0021530,Scott Vines,Scott Vines,WR,1979-04-17,,,
00-0016931,Anthony Vinson,Tony Vinson,RB,1971-03-13,1994,5,160
00-0037387,Jalen Virgil,Jalen Virgil,WR,1998-07-13,,,
00-0041070,Reggie Virgil,Reggie Virgil,WR,2004-05-14,2026,5,143
VIT276861,Lionel Vital,Lionel Vital,RB,1963-07-15,1985,7,185
VIT313230,Mark Vital,Mark Vital,TE,1996-11-07,,,
00-0032794,Dan Vitale,Dan Vitale,RB,1993-10-26,2016,6,197
00-0016942,Mark Vlasic,Mark Vlasic,QB,1963-10-25,1987,4,88
VOG669650,Brian Vogler,Brian Vogler,TE,1992-03-07,,,
VOI207645,Michael Voight,Mike Voight,RB,1954-02-28,,,
VOI622935,Stuart Voigt,Stu Voigt,TE,1948-08-12,,,
00-0038456,Travis Vokolek,Travis Vokolek,TE,1998-06-04,,,
00-0019041,John Volek,Billy Volek,QB,1976-04-28,,,
00-0034491,Andrew Vollert,Andrew Vollert,TE,1995-03-15,,,
00-0016963,Kyle Wachholtz,Kyle Wachholtz,TE,1972-05-17,,,
WAD069558,Charles Waddell,Charles Waddell,TE,1953-02-18,,,
00-0016966,Gregory Waddle,Tom Waddle,WR,1967-02-20,,,
00-0036613,Jaylen Waddle,Jaylen Waddle,WR,1998-11-25,2021,1,6
WAD261174,William Waddy,Billy Waddy,WR,1954-02-19,,,
WAD332232,Charles Wade,Charlie Wade,WR,1950-02-23,,,
00-0035728,Christian Wade,Christian Wade,RB,1991-05-15,,,
00-0039259,Dayton Wade,Dayton Wade,WR,2000-09-08,,,
WAD498348,Michael Wade,Michael Wade,WR,1961-02-04,,,
00-0022144,Robert Wade,Bobby Wade,WR,1981-02-25,2003,5,139
00-0019008,John Waerig,John Waerig,TE,1976-04-08,,,
00-0016980,Barry Wagner,Barry Wagner,WR,1967-11-24,,,
00-0016993,Frank Wainright,Frank Wainright,TE,1967-10-10,1991,8,210
WAK177981,Mark Wakefield,Mark Wakefield,WR,1950-07-03,,,
00-0016999,Mark Walczak,Mark Walczak,TE,1962-04-26,,,
00-0017006,Craig Walendy,Craig Walendy,RB,1977-07-11,,,
00-0032256,Clive Walford,Clive Walford,TE,1991-10-01,2015,3,68
00-0022060,Aaron Walker,Aaron Walker,TE,1980-03-14,2003,5,161
00-0017008,Adam Walker,Adam Walker,RB,1968-06-07,,,
WAL067881,Adam Walker,Adam Walker,RB,1963-04-09,,,
WAL087846,Byron Walker,Byron Walker,WR,1960-07-28,,,
00-0017022,Corey Walker,Corey Walker,RB,1973-06-04,,,
00-0024850,Darius Walker,Darius Walker,RB,1985-10-21,,,
00-0017027,Derrick Walker,Derrick Walker,TE,1967-06-22,1990,6,163
00-0039792,Devontez Walker,Devontez Walker,WR,2001-06-19,2024,4,113
WAL135762,Dwight Walker,Dwight Walker,RB,1959-01-10,1982,4,87
WAL143748,Elliott Walker,Elliott Walker,RB,1956-09-10,,,
00-0024026,Gerran Walker,Gerran Walker,WR,1983-10-02,,,
00-0024389,Hubert Walker,Delanie Walker,TE,1984-08-12,2006,6,175
00-0040277,Jahdae Walker,Jahdae Walker,WR,2002-07-05,,,
00-0021153,Javon Walker,Javon Walker,WR,1978-10-14,2002,1,20
WAL223608,Jewell Walker,Jay Walker,QB,1972-01-24,1994,7,198
00-0038134,Kenneth Walker,Kenneth Walker,RB,2000-10-20,2022,2,41
WAL259545,LaQuentin Walker,Quentin Walker,RB,1961-08-27,1984,7,185
00-0021211,Marquise Walker,Marquise Walker,WR,1978-12-11,,,
00-0035374,Michael Walker,Michael Walker,WR,1996-10-29,,,
00-0033275,Phillip Walker,P.J. Walker,QB,1995-02-26,,,
WAL311454,Richard Walker,Rick Walker,TE,1955-05-28,,,
00-0017060,Robert Walker,Robert Walker,RB,1972-06-26,,,
WAL319440,Ronald Walker,Wayne Walker,WR,1966-12-27,,,
00-0026973,Sean Walker,Sean Walker,WR,1986-08-15,,,
00-0030352,Tyrone Walker,Ty Walker,WR,1990-08-25,,,
WAL367356,Wesley Walker,Wesley Walker,WR,1955-05-26,,,
00-0017078,Anthony Wallace,Anthony Wallace,RB,1969-07-08,,,
00-0026901,Burnell Wallace,Mike Wallace,WR,1986-08-01,2009,3,84
00-0023878,Cooper Wallace,Cooper Wallace,TE,1982-04-26,,,
00-0033137,Eric Wallace,Eric Wallace,TE,1988-12-13,,,
00-0022584,Franklin Wallace,Butchie Wallace,RB,1980-12-24,,,
00-0041368,Harrison Wallace,Harrison Wallace,WR,2003-04-23,,,
00-0021948,Lawrence Wallace,Taco Wallace,WR,1981-04-14,2003,7,224
WAL471174,Raymond Wallace,Ray Wallace,RB,1963-12-03,1986,6,145
00-0027358,Roberto Wallace,Roberto Wallace,WR,1986-05-10,,,
WAL495132,Roger Wallace,Roger Wallace,WR,1952-07-22,,,
00-0022055,Seneca Wallace,Seneca Wallace,QB,1980-08-06,2003,4,110
00-0036630,Tylan Wallace,Tylan Wallace,WR,1999-05-13,2021,4,131
00-0031610,Darren Waller,Darren Waller,TE,1992-09-13,2015,6,204
00-0017109,Charles Walls,Wesley Walls,TE,1966-02-26,1989,2,56
WAL559020,McCurey Walls,Herkie Walls,WR,1961-07-18,1983,7,170
00-0017110,Christopher Walsh,Chris Walsh,WR,1968-12-12,1992,9,251
WAL598950,James Walsh,Jim Walsh,RB,1956-12-17,,,
00-0017115,John Walsh,John Walsh,QB,1972-12-12,,,
00-0017121,Steven Walsh,Steve Walsh,QB,1966-12-01,,,
00-0023504,Andrew Walter,Andrew Walter,QB,1982-05-11,2005,3,69
00-0035187,Austin Walter,Austin Walter,RB,1996-08-17,,,
WAL638880,David Walter,Dave Walter,QB,1964-12-09,1987,11,307
00-0021931,Kevin Walter,Kevin Walter,WR,1981-08-04,2003,7,255
00-0027595,Bryan Walters,Bryan Walters,WR,1987-11-04,,,
WAL686796,Joseph Walters,Joey Walters,WR,1954-10-29,,,
00-0019552,Troy Walters,Troy Walters,WR,1976-12-15,2000,5,165
WAL790614,Johnnie Walton,John Walton,QB,1947-10-04,,,
WAL806586,Larry Walton,Larry Walton,WR,1947-02-08,,,
00-0034679,Mark Walton,Mark Walton,RB,1997-03-29,2018,4,112
WAL814572,Riley Walton,Riley Walton,TE,1962-08-06,,,
00-0040676,Cameron Ward,Cameron Ward,QB,2002-05-25,2025,1,1
00-0017160,Dedric Ward,Dedric Ward,WR,1974-09-29,1997,3,88
00-0022770,Derrick Ward,Derrick Ward,RB,1980-08-30,2004,7,235
00-0030798,Eric Ward,Eric Ward,WR,1990-07-24,,,
00-0033733,Gregory Ward,Greg Ward,WR,1995-07-12,,,
00-0017162,Hines Ward,Hines Ward,WR,1976-03-08,1998,3,92
00-0035924,Jonathan Ward,Jonathan Ward,RB,1997-09-30,,,
00-0036019,Joseph Ward,JoJo Ward,WR,1997-12-09,,,
00-0021588,LaShaun Ward,LaShaun Ward,WR,1980-09-22,,,
00-0031682,Terron Ward,Terron Ward,RB,1992-02-15,,,
00-0035716,Aca'Cedric Ware,Aca'Cedric Ware,RB,1997-06-29,,,
00-0017178,Andre Ware,Andre Ware,QB,1968-07-31,1990,1,7
00-0024559,Danny Ware,D.J. Ware,RB,1985-02-18,,,
00-0017182,Derek Ware,Derek Ware,TE,1967-09-17,1992,7,175
00-0021586,Kevin Ware,Kevin Ware,TE,1980-09-30,,,
00-0019319,Lenny Ware,Lenny Ware,WR,1977-05-05,,,
00-0030414,Spencer Ware,Spencer Ware,RB,1991-11-23,2013,6,194
WAR371569,Timothy Ware,Timmie Ware,WR,1962-04-02,,,
WAR393426,Paul Warfield,Paul Warfield,WR,1942-11-28,,,
WAR480854,Curtis Warner,Curt Warner,RB,1961-03-18,1983,1,3
00-0017200,Kurtis Warner,Kurt Warner,QB,1971-06-22,,,
00-0017209,Christopher Warren,Chris Warren,RB,1968-01-24,1990,4,89
00-0034315,Christopher Warren,Chris Warren,RB,1996-06-06,,,
00-0037228,Derrell Warren,Jaylen Warren,RB,1998-11-01,,,
00-0017212,Donald Warren,Don Warren,TE,1956-05-05,,,
00-0017218,Lamont Warren,Lamont Warren,RB,1973-01-04,1994,6,164
00-0036006,Michael Warren,Michael Warren,RB,1998-11-12,,,
00-0023747,Mike Warren,Mike Warren,RB,1982-01-06,,,
00-0023657,Paris Warren,Paris Warren,WR,1982-09-06,2005,7,225
00-0017221,Terrence Warren,Terrence Warren,WR,1969-08-02,1993,5,114
00-0040128,Tyler Warren,Tyler Warren,TE,2002-05-24,2025,1,14
WAR721281,Vincent Warren,Vince Warren,WR,1963-02-18,1986,5,130
00-0019455,Peter Warrick,Peter Warrick,WR,1977-06-19,2000,1,4
00-0035660,Kahale Warring,Kahale Warring,TE,1997-03-23,2019,3,86
00-0038930,Carlos Washington,Carlos Washington,RB,1998-12-26,,,
00-0039394,Casey Washington,Casey Washington,WR,2001-03-06,2024,6,187
00-0026353,Chauncey Washington,Chauncey Washington,RB,1985-04-29,2008,7,213
00-0038606,Christopher Washington,Parker Washington,WR,2002-03-21,2023,6,185
00-0030897,Corey Washington,Corey Washington,WR,1991-12-29,,,
00-0017239,Damon Washington,Damon Washington,RB,1977-02-20,,,
00-0038558,Darnell Washington,Darnell Washington,TE,2001-08-17,2023,3,93
00-0032940,DeAndre Washington,DeAndre Washington,RB,1993-02-22,2016,5,143
00-0032450,Dwayne Washington,Dwayne Washington,RB,1994-04-24,2016,7,236
WAS276861,Eugene Washington,Gene Washington,WR,1953-06-06,,,
WAS340752,Gene Washington,Gene Washington,WR,1947-01-14,,,
WAS383346,Harry Washington,Harry Washington,WR,1956-07-30,,,
00-0022171,James Washington,Kelley Washington,WR,1979-08-21,2003,3,65
00-0034676,James Washington,James Washington,WR,1996-04-02,2018,2,60
WAS440487,Joe Washington,Joe Washington,RB,1953-09-24,,,
00-0024144,John Washington,John David Washington,RB,1984-07-28,,,
WAS443862,John Washington,John Washington,WR,1974-07-08,,,
00-0030971,L'Damian Washington,L'Damian Washington,WR,1991-05-10,,,
00-0024332,Leon Washington,Leon Washington,RB,1982-08-29,2006,4,117
00-0039880,Malik Washington,Malik Washington,WR,2000-10-20,2024,6,184
00-0030856,Michael Washington,Tony Washington,WR,1990-10-18,,,
00-0040878,Michael Washington,Mike Washington,RB,2003-07-03,2026,4,122
00-0037272,Montrell Washington,Montrell Washington,WR,1999-03-14,2022,5,162
00-0023367,Nathaniel Washington,Nate Washington,WR,1983-08-28,,,
00-0035769,Scotty Washington,Scotty Washington,TE,1996-07-26,,,
00-0039884,Tahj Washington,Tahj Washington,WR,2001-05-16,2024,7,241
WAS787989,Victor Washington,Vic Washington,RB,1946-03-23,,,
00-0040601,Jordan Waters,Jordan Waters,RB,2000-12-18,,,
WAT131142,Robert Waters,Mike Waters,RB,1962-03-15,1985,9,235
00-0033146,David Watford,David Watford,WR,1993-06-16,,,
00-0036676,Austin Watkins,Austin Watkins,WR,1998-02-16,,,
00-0040172,Jordan Watkins,Jordan Watkins,WR,2002-02-15,2025,4,138
00-0017293,Kendell Watkins,Kendell Watkins,TE,1973-03-08,1995,2,59
WAT240427,Lawrence Watkins,Larry Watkins,RB,1946-10-05,,,
00-0031325,Samuel Watkins,Sammy Watkins,WR,1993-06-14,2014,1,4
00-0036271,Terrance Watkins,Quez Watkins,WR,1998-06-09,2020,6,200
00-0024432,Todd Watkins,Todd Watkins,WR,1983-06-22,2006,7,218
00-0022943,Benjamin Watson,Benjamin Watson,TE,1980-12-18,2004,1,32
00-0039573,Blake Watson,Blake Watson,RB,1999-10-14,,,
00-0038124,Christian Watson,Christian Watson,WR,1999-05-12,2022,2,34
00-0021817,Derek Watson,Derek Watson,RB,1981-05-01,,,
00-0033537,Derrick Watson,Deshaun Watson,QB,1995-09-14,2017,1,12
00-0017301,Edwin Watson,Edwin Watson,RB,1976-09-29,,,
00-0017303,Justin Watson,Justin Watson,RB,1975-01-07,,,
00-0034386,Justin Watson,Justin Watson,WR,1996-04-04,2018,5,144
00-0019808,Kenneth Watson,Kenny Watson,RB,1978-03-13,,,
WAT458997,Louis Watson,Louis Watson,WR,1963-01-11,,,
WAT480854,Remi Watson,Remi Watson,WR,1964-08-08,,,
WAT546425,Stephen Watson,Steve Watson,WR,1957-05-28,,,
00-0031793,Terrell Watson,Terrell Watson,RB,1993-08-22,,,
00-0040094,Tre Watson,Tre Watson,TE,2002-10-12,,,
00-0017322,Richard Watters,Ricky Watters,RB,1969-04-07,1991,2,45
00-0022751,Darius Watts,Darius Watts,WR,1981-12-19,2004,2,54
00-0030985,Julius Watts,Trey Watts,RB,1991-02-13,,,
00-0038472,Natorian Watts,Duece Watts,WR,1999-12-23,,,
WAT764995,Rickey Watts,Rickey Watts,WR,1957-05-16,,,
00-0038681,Jalen Wayne,Jalen Wayne,WR,1999-05-13,,,
00-0038728,Jared Wayne,Jared Wayne,WR,2000-10-07,,,
00-0020498,Reginald Wayne,Reggie Wayne,WR,1978-11-17,2001,1,30
00-0034633,Jester Weah,Jester Weah,WR,1995-02-07,,,
00-0040311,Theo Wease,Theo Wease,WR,2001-06-25,,,
00-0017343,Clarence Weathers,Clarence Weathers,WR,1962-01-10,,,
WEA395510,Robert Weathers,Robert Weathers,RB,1960-09-13,1982,2,40
00-0017349,Johnny Weatherspoon,Chuck Weatherspoon,RB,1968-07-31,1991,9,242
00-0017356,Timothy Weaver,Jed Weaver,TE,1976-08-11,1999,7,208
00-0039521,Xavier Weaver,Xavier Weaver,WR,2000-10-12,,,
00-0033550,Davis Webb,Davis Webb,QB,1995-01-22,2017,3,87
00-0024404,Jeffrey Webb,Jeff Webb,WR,1982-01-31,2006,6,190
00-0040570,Jeremiah Webb,Jeremiah Webb,WR,2001-05-17,,,
00-0027796,Joseph Webb,Joe Webb,QB,1986-11-14,2010,6,199
00-0028426,Martell Webb,Martell Webb,TE,1989-11-10,,,
00-0037185,Raleigh Webb,Raleigh Webb,WR,1997-12-28,,,
00-0034596,Rapheal Webb,Ralph Webb,RB,1994-11-21,,,
00-0030276,Ronald Webb,R.J. Webb,WR,1987-08-24,,,
00-0028308,Raymond Webber,Raymond Webber,WR,1989-06-01,,,
00-0028230,Adam Weber,Adam Weber,QB,1987-08-03,,,
00-0035303,Mike Weber,Mike Weber,RB,1997-08-27,2019,7,218
00-0035621,Nsimba Webster,Nsimba Webster,WR,1996-01-27,,,
00-0036804,Connor Wedington,Connor Wedington,WR,1999-05-28,,,
00-0029677,Brandon Weeden,Brandon Weeden,QB,1983-10-14,2012,1,22
00-0023064,Marquis Weeks,Marquis Weeks,RB,1980-10-02,,,
00-0024535,Eric Weems,Eric Weems,WR,1985-07-04,,,
WEE664464,Norris Weese,Norris Weese,QB,1951-08-12,,,
00-0031875,Brandon Wegher,Brandon Wegher,RB,1990-12-09,,,
WEI072224,Lee Weigel,Lee Weigel,RB,1963-11-15,,,
00-0025837,Russ Weil,Russ Weil,RB,1985-07-03,,,
00-0041575,Jeff Weimer,Jeff Weimer,WR,2000-06-01,,,
00-0017398,Joachim Weinberg,Joe Weinberg,WR,1967-10-17,,,
00-0020434,Christopher Weinke,Chris Weinke,QB,1972-07-31,2001,4,106
00-0017402,Eric Weir,Eric Weir,WR,1970-07-15,,,
00-0039518,Treyton Welch,Treyton Welch,TE,2001-01-10,,,
00-0017415,William Weldon,Casey Weldon,QB,1969-02-03,1992,4,102
00-0022427,Wesley Welker,Wes Welker,WR,1981-05-01,,,
00-0017416,Gary Wellman,Gary Wellman,WR,1967-08-09,1991,5,129
00-0040438,Antwane Wells,Antwane Wells,WR,2001-04-02,,,
WEL332232,Arthur Wells,Arthur Wells,TE,1963-02-01,1987,11,290
00-0029237,Austin Wells,Austin Wells,TE,1989-03-28,,,
00-0027007,Chris Wells,Chris Wells,RB,1988-08-07,2009,1,31
00-0034575,David Wells,David Wells,TE,1995-05-02,,,
00-0021223,Jonathan Wells,Jonathan Wells,RB,1979-07-21,2002,4,99
WEL492348,Michael Wells,Mike Wells,TE,1962-01-22,,,
WEL498348,Michael Wells,Mike Wells,QB,1951-06-18,,,
WEL609092,Terrence Wells,Terry Wells,RB,1951-04-20,,,
00-0017432,Douglas Wellsandt,Doug Wellsandt,TE,1967-02-09,1990,8,204
WEN059327,Jack Wender,Jack Wender,RB,1954-05-31,,,
00-0030998,Keith Wenning,Keith Wenning,QB,1991-02-14,2014,6,194
00-0032950,Carson Wentz,Carson Wentz,QB,1992-12-30,2016,1,2
00-0040976,Levi Wentz,Levi Wentz,WR,2002-04-25,,,
WER415288,Gregory Werner,Greg Werner,TE,1966-10-21,,,
00-0035259,Trevon Wesco,Trevon Wesco,TE,1995-09-12,2019,4,121
00-0035018,Alex Wesley,Alex Wesley,WR,1995-10-27,,,
00-0035126,Antoine Wesley,Antoine Wesley,WR,1997-10-22,,,
WES083058,Ricky Wesson,Ricky Wesson,WR,1955-06-29,,,
00-0030668,Charcandrick West,Charcandrick West,RB,1991-06-02,,,
00-0027441,Chastin West,Chastin West,WR,1987-05-01,,,
00-0017452,Edward West,Ed West,TE,1961-08-02,,,
00-0023111,Isaac West,Isaac West,WR,1982-04-05,,,
00-0026053,Joe West,Joe West,WR,1984-02-01,,,
WES359918,Robert West,Bob West,WR,1950-10-03,,,
00-0017463,Ronnie West,Ronnie West,WR,1968-06-23,1992,9,237
00-0031375,Terrance West,Terrance West,RB,1991-01-28,2014,3,94
00-0021216,Brian Westbrook,Brian Westbrook,RB,1979-09-02,2002,3,91
00-0033839,Decrick Westbrook,Dede Westbrook,WR,1993-11-21,2017,4,110
WES553720,Donald Westbrook,Donald Westbrook,WR,1952-11-01,,,
00-0017470,Michael Westbrook,Michael Westbrook,WR,1972-07-07,1995,1,4
00-0032185,Tevin Westbrook,Tevin Westbrook,TE,1993-01-17,,,
00-0036182,Nick Westbrook-Ikhine,Nick Westbrook-Ikhine,WR,1997-03-21,,,
WES636778,Cleveland Wester,Cleve Wester,RB,1964-06-14,,,
00-0040075,LaJohntay Wester,LaJohntay Wester,WR,2002-03-29,2025,6,203
00-0037343,Isaiah Weston,Isaiah Weston,WR,1997-10-25,,,
00-0039305,Jack Westover,Jack Westover,TE,1999-06-09,,,
00-0041397,Kaden Wetjen,Kaden Wetjen,WR,2002-03-09,2026,4,121
00-0017480,Ryan Wetnight,Ryan Wetnight,TE,1970-11-05,,,
WET711924,Ronald Wetzel,Ron Wetzel,TE,1960-11-10,1983,4,92
00-0029033,Griffith Whalen,Griff Whalen,WR,1990-03-01,,,
00-0019569,James Whalen,James Whalen,TE,1977-12-11,2000,5,157
00-0028105,Ryan Whalen,Ryan Whalen,WR,1989-07-26,2011,6,167
00-0019589,Austin Wheatley,Austin Wheatley,TE,1977-11-16,2000,5,158
00-0017486,Tyrone Wheatley,Tyrone Wheatley,RB,1972-01-19,1995,1,17
00-0030460,Markus Wheaton,Markus Wheaton,WR,1991-02-07,2013,3,79
00-0039466,Ian Wheeler,Ian Wheeler,RB,2001-09-15,,,
WHE415290,Mark Wheeler,Mark Wheeler,TE,1964-06-15,,,
WHE484505,Ronald Wheeler,Ron Wheeler,TE,1958-09-05,,,
WHE622935,Wayne Wheeler,Wayne Wheeler,WR,1950-03-28,,,
00-0026410,Ernest Wheelwright,Ernie Wheelwright,WR,1984-07-10,,,
00-0017497,Craig Whelihan,Craig Whelihan,QB,1971-04-15,1995,6,197
00-0017502,Kenneth Whisenhunt,Ken Whisenhunt,TE,1962-02-28,1985,12,313
00-0017504,Danta Whitaker,Danta Whitaker,TE,1964-03-14,1988,7,186
00-0018980,Anthony White,Anthony White,RB,1977-05-01,,,
00-0024260,Anthony White,LenDale White,RB,1984-12-20,2006,2,45
00-0027477,Blair White,Blair White,WR,1987-02-20,,,
WHI121316,Charles White,Charlie White,RB,1953-08-31,,,
WHI130648,Charles White,Charles White,RB,1958-01-22,1980,1,27
00-0035891,Cody White,Cody White,WR,1998-11-28,,,
00-0025752,Corey White,Corey White,RB,1985-10-01,,,
WHI149312,Craig White,Craig White,WR,1961-10-08,1984,11,299
00-0039562,David White,David White,WR,2000-07-18,,,
00-0031511,DeAndrew White,DeAndrew White,WR,1991-10-16,,,
00-0019660,Edward White,Dez White,WR,1979-08-23,2000,3,69
WHI214636,Gerald White,Gerald White,RB,1964-12-09,,,
00-0019057,Jamel White,Jamel White,RB,1978-02-11,,,
00-0031062,James White,James White,RB,1992-02-03,2014,4,130
00-0028071,Johnny White,Johnny White,RB,1988-02-03,2011,5,133
00-0029642,Jordan White,Jordan White,WR,1988-06-04,2012,7,244
00-0031545,Kevin White,Kevin White,WR,1992-06-25,2015,1,7
WHI317288,Lawrence White,Lawrence White,WR,1963-06-03,,,
00-0017552,Lorenzo White,Lorenzo White,RB,1966-04-12,1988,1,22
00-0023554,Manuel White,Manuel White,RB,1982-07-02,,,
WHI363948,Marsh White,Marsh White,RB,1953-04-01,,,
00-0034401,Michael White,Mike White,QB,1995-03-25,2018,5,171
00-0030274,Myles White,Myles White,WR,1990-03-30,,,
00-0035376,Papi White,Papi White,WR,1996-07-19,,,
00-0027020,Patrick White,Pat White,QB,1986-02-25,2009,2,44
00-0037256,Rachaad White,Rachaad White,RB,1999-01-12,2022,3,91
00-0035019,Reggie White,Reggie Jr. White,WR,1996-03-10,,,
00-0020125,Reginald White,Reggie White,RB,1979-07-11,,,
00-0040653,Ricky White,Ricky White,WR,2002-02-06,2025,7,238
00-0017570,Russell White,Russell White,RB,1970-12-15,1993,3,73
WHI494596,Samuel White,Sammy White,WR,1954-03-16,,,
00-0023462,Sharod White,Roddy White,WR,1981-11-02,2005,1,27
00-0017575,Stanley White,Stan White,QB,1971-08-14,,,
00-0018589,Theodore White,Ted White,QB,1976-05-29,,,
00-0033379,Timothy White,Tim White,WR,1994-07-15,,,
WHI550588,Walter White,Walter White,TE,1951-07-19,,,
WHI578584,Wilford White,Danny White,QB,1952-02-09,,,
00-0037357,ZaQuandre White,Zaquandre White,RB,1998-12-21,,,
00-0038040,Zamir White,Zamir White,RB,1999-09-18,2022,4,122
00-0031757,Rodney Whitehead,Lucky Whitehead,WR,1992-06-02,,,
00-0024049,Terrence Whitehead,Terrence Whitehead,RB,1983-05-31,,,
00-0038710,Blake Whiteheart,Blake Whiteheart,TE,2000-03-22,,,
WHI643908,Charles Whitehurst,David Whitehurst,QB,1955-04-27,,,
00-0024296,Charlie Whitehurst,Charlie Whitehurst,QB,1982-08-06,2006,3,81
00-0033641,Levonte Whitfield,Kermit Whitfield,WR,1993-10-08,,,
00-0024678,Arkee Whitlock,Arkee Whitlock,RB,1984-05-10,,,
00-0019825,Joshua Whitman,Josh Whitman,TE,1978-08-05,,,
00-0033449,Isaac Whitney,Isaac Whitney,WR,1994-06-22,,,
00-0029731,Foswhitt Whittaker,Fozzy Whittaker,RB,1989-02-02,,,
00-0017611,Alvis Whitted,Alvis Whitted,WR,1974-09-04,1998,7,192
WHI746560,Phillip Whitten,Todd Whitten,QB,1965-02-16,,,
WHI793220,Arthur Whittington,Art Whittington,RB,1955-09-04,,,
00-0039751,Jordan Whittington,Jordan Whittington,WR,2000-10-01,2024,6,213
00-0041312,Noah Whittington,Noah Whittington,RB,2001-12-13,,,
00-0017622,Ricky Whittle,Ricky Whittle,RB,1971-12-21,1996,4,103
00-0038589,Josh Whyle,Josh Whyle,TE,1999-09-08,2023,5,147
00-0035596,Kerrith Whyte,Kerrith Whyte,RB,1996-10-31,2019,7,222
00-0032562,Cole Wick,Cole Wick,TE,1993-11-30,,,
00-0038393,Dontayvion Wicks,Dontayvion Wicks,WR,2001-06-16,2023,5,159
WIC664464,Robert Wicks,Bob Wicks,WR,1950-07-24,,,
00-0028399,Eddie Wide,Eddie Wide,RB,1988-11-19,,,
00-0036122,Nate Wieting,Nate Wieting,TE,1997-02-20,,,
00-0017643,Brian Wiggins,Brian Wiggins,WR,1968-06-14,,,
00-0017644,Jermaine Wiggins,Jermaine Wiggins,TE,1975-01-18,,,
00-0039771,Sam Wiglusz,Sam Wiglusz,WR,1999-07-24,,,
00-0020127,Daniel Wilcox,Daniel Wilcox,TE,1977-03-23,,,
00-0017662,Joshua Wilcox,Josh Wilcox,TE,1974-06-05,,,
00-0035771,Mitchell Wilcox,Mitchell Wilcox,TE,1996-11-07,,,
00-0030786,James Wilder,James Wilder,RB,1992-04-14,,,
WIL045234,James Wilder,James Wilder,RB,1958-05-12,1981,2,34
00-0032593,Brandon Wilds,Brandon Wilds,RB,1993-07-22,,,
00-0039824,Jared Wiley,Jared Wiley,TE,2000-11-02,2024,4,131
00-0019614,Michael Wiley,Michael Wiley,RB,1978-01-05,2000,5,144
00-0039684,Michael Wiley,Michael Wiley,RB,2001-11-10,,,
00-0022901,Ernest Wilford,Ernest Wilford,WR,1979-01-14,2004,4,120
00-0017673,Erik Wilhelm,Erik Wilhelm,QB,1965-11-19,1989,3,83
WIL077544,Eric Wilkerson,Eric Wilkerson,RB,1966-12-19,,,
00-0036183,Kristian Wilkerson,Kristian Wilkerson,WR,1997-01-10,,,
00-0017692,Gary Wilkins,Gary Wilkins,RB,1963-11-23,,,
00-0034400,Jordan Wilkins,Jordan Wilkins,RB,1994-07-18,2018,5,169
00-0035077,Manny Wilkins,Manny Wilkins,QB,1995-11-05,,,
00-0017697,Terrence Wilkins,Terrence Wilkins,WR,1975-07-29,,,
WIL113085,Kenneth Willard,Ken Willard,RB,1943-07-14,,,
WIL126009,Gerald Willhite,Gerald Willhite,RB,1959-05-30,1982,1,21
WIL129240,Kevin Willhite,Kevin Willhite,RB,1963-05-11,,,
00-0017713,Allen Williams,Allen Williams,RB,1972-09-17,,,
WIL138933,Alonzo Williams,Alonzo Williams,RB,1963-08-09,1987,12,326
WIL142164,Alphonso Williams,Al Williams,WR,1961-10-05,,,
00-0031055,Andre Williams,Andre Williams,RB,1992-08-28,2014,4,113
00-0036734,Anthony Williams,Pooka Williams,RB,1999-06-19,,,
00-0036188,Antonio Williams,Antonio Williams,RB,1997-10-22,,,
00-0041040,Antonio Williams,Antonio Williams,WR,2004-07-14,2026,3,71
00-0036950,Avery Williams,Avery Williams,RB,1998-07-15,2021,5,183
00-0017726,Billy Williams,Billy Williams,WR,1971-06-07,1995,7,212
00-0026974,Bobby Williams,Bobby Williams,WR,1985-11-26,,,
00-0024299,Brandon Williams,Brandon Williams,WR,1984-02-24,2006,3,84
00-0029793,Brandon Williams,Brandon Williams,TE,1987-10-12,,,
WIL164781,Brian Williams,Brian Williams,TE,1957-10-14,1981,12,320
00-0032583,Bryce Williams,Bryce Williams,TE,1993-02-24,,,
WIL174474,Byron Williams,Byron Williams,WR,1960-10-31,1983,10,253
00-0039918,Caleb Williams,Caleb Williams,QB,2001-11-18,2024,1,1
00-0017741,Calvin Williams,Calvin Williams,WR,1967-03-03,1990,5,133
00-0023440,Carnell Williams,Cadillac Williams,RB,1982-04-21,2005,1,5
00-0033933,Chad Williams,Chad Williams,WR,1994-10-19,2017,3,98
00-0025620,Chandler Williams,Chandler Williams,WR,1985-08-09,,,
00-0023121,Chaz Williams,Chaz Williams,RB,1982-07-09,,,
00-0041106,Christian Williams,C.J. Williams,WR,2002-10-23,2026,6,203
00-0017755,Clarence Williams,Clarence Williams,TE,1969-08-07,1993,7,169
00-0017756,Clarence Williams,Clarence Williams,RB,1975-01-20,,,
00-0018568,Clarence Williams,Clarence Williams,RB,1977-05-16,,,
WIL190629,Clarence Williams,Clarence Williams,RB,1955-01-25,,,
00-0032945,D'haquille Williams,Duke Williams,WR,1993-05-13,,,
00-0039595,D.J. Williams,D.J. Williams,RB,1999-11-15,,,
00-0027893,Damian Williams,Damian Williams,WR,1988-05-26,2010,3,77
00-0030874,Damien Williams,Damien Williams,RB,1992-04-03,,,
00-0034035,Daniel Williams,Daniel Williams,WR,1995-08-06,,,
00-0022987,Darius Williams,Darius Williams,TE,1982-03-16,,,
00-0034301,Darrel Williams,Darrel Williams,RB,1995-04-15,,,
WIL208399,Darryl Williams,Dokie Williams,WR,1960-08-25,1983,5,138
00-0028079,David Williams,D.J. Williams,TE,1988-09-10,2011,5,141
00-0034427,David Williams,Dave Williams,RB,1994-06-17,2018,7,226
WIL213246,David Williams,David Williams,WR,1963-06-10,1986,3,82
WIL218239,David Williams,Dave Williams,RB,1954-03-10,,,
00-0024242,DeAngelo Williams,DeAngelo Williams,RB,1983-04-25,2006,1,27
WIL226170,Delvin Williams,Delvin Williams,RB,1951-04-17,,,
00-0024326,Demetrius Williams,Demetrius Williams,WR,1983-03-28,2006,4,111
00-0027056,Derrick Williams,Derrick Williams,WR,1986-07-06,2009,3,82
WIL232632,Derwin Williams,Derwin Williams,WR,1961-05-06,1984,7,192
00-0034995,Dexter Williams,Dexter Williams,RB,1997-01-06,2019,6,194
00-0021979,Domanick Williams,Domanick Williams,RB,1980-10-01,2003,4,101
00-0030944,Dominique Williams,Dominique Williams,RB,1990-09-02,,,
00-0032915,Dominique Williams,Dom Williams,WR,1992-12-11,,,
WIL246363,Douglas Williams,Lawrence Williams,WR,1953-09-03,,,
WIL247171,Douglas Williams,Doug Williams,QB,1955-08-09,,,
00-0020171,Eddie Williams,Boo Williams,TE,1979-06-22,,,
00-0026947,Eddie Williams,Eddie Williams,RB,1987-08-22,2009,7,221
00-0041011,Eddie Williams,E.J. Williams,WR,2001-11-14,,,
WIL248787,Edmund Williams,Scott Williams,RB,1962-07-21,1985,9,244
00-0025926,Edward Williams,Edward Williams,WR,1982-11-24,,,
00-0032287,Edward Williams,Ed Williams,WR,1991-03-14,,,
WIL255249,Edward Williams,Ed Williams,RB,1950-06-19,,,
00-0017915,Errick Williams,Ricky Williams,RB,1977-05-21,1999,1,5
00-0030622,Fred Williams,Fred Williams,WR,1988-04-15,,,
WIL294021,Gary Williams,Gary Williams,WR,1959-09-04,1983,11,304
WIL295636,George Williams,Van Williams,RB,1959-03-15,1982,4,93
00-0023672,Harry Williams,Harry Williams,WR,1982-08-10,2005,7,240
00-0017807,Harvey Williams,Harvey Williams,RB,1967-04-22,1991,1,21
WIL311791,Henry Williams,Henry Williams,WR,1962-05-31,,,
00-0026864,Isaiah Williams,Isaiah Williams,WR,1987-01-30,,,
00-0039451,Isaiah Williams,Isaiah Williams,WR,2001-01-29,,,
00-0033948,Jamaal Williams,Jamaal Williams,RB,1995-04-03,2017,4,134
00-0019491,James Williams,James Williams,WR,1978-03-06,2000,6,175
00-0034113,James Williams,Jimmy Williams,WR,1995-02-24,,,
WIL332647,James Williams,Jim Williams,RB,1963-11-22,,,
00-0037240,Jameson Williams,Jameson Williams,WR,2001-03-26,2022,1,12
00-0017823,Jamie Williams,Jamie Williams,TE,1960-02-25,1983,3,63
00-0033348,Jarveon Williams,Jarveon Williams,RB,1995-01-03,,,
00-0027141,Javarris Williams,Javarris Williams,RB,1986-04-08,2009,7,212
00-0036997,Javonte Williams,Javonte Williams,RB,2000-04-25,2021,2,35
00-0027596,Jeremy Williams,Jeremy Williams,WR,1987-01-23,,,
00-0017829,Jermaine Williams,Jermaine Williams,RB,1972-07-03,,,
WIL369949,Joel Williams,Joel Williams,TE,1965-03-16,1987,8,210
WIL374796,John Williams,John Williams,RB,1960-10-26,,,
00-0032975,Jonathan Williams,Jonathan Williams,RB,1994-02-02,2016,5,156
WIL384560,Jonathan Williams,Jon Williams,RB,1961-06-01,1984,3,70
00-0033286,Joseph Williams,Joe Williams,RB,1993-09-04,2017,4,121
00-0040429,Josh Williams,Josh Williams,RB,2000-06-09,,,
00-0034894,Julian Williams,Julian Williams,WR,1996-06-09,,,
00-0017847,Karl Williams,Karl Williams,WR,1971-04-10,,,
00-0032152,Karlos Williams,Karlos Williams,RB,1993-05-04,2015,5,155
00-0032250,Kasen Williams,Kasen Williams,WR,1992-12-05,,,
00-0040534,Ke'Shawn Williams,Ke'Shawn Williams,WR,2001-12-27,,,
00-0027214,Keiland Williams,Keiland Williams,RB,1986-08-14,,,
WIL403875,Keith Williams,Keith Williams,RB,1964-09-30,1986,6,159
00-0030117,Kerwynn Williams,Kerwynn Williams,RB,1991-06-09,2013,7,230
00-0017860,Kevin Williams,Kevin R. Williams,WR,1971-01-25,,,
WIL407427,Kevin Williams,Kevin Williams,RB,1970-02-17,,,
WIL413568,Kevin Williams,Kevin Williams,WR,1958-01-07,1981,7,167
WIL415183,Kim Williams,Brooks Williams,TE,1954-12-07,,,
00-0027608,Kyle Williams,Kyle Williams,WR,1988-07-19,2010,6,206
00-0040131,Kyle Williams,Kyle Williams,WR,2002-11-13,2025,3,69
00-0037840,Kyren Williams,Kyren Williams,RB,2000-08-26,2022,5,164
00-0028288,LaQuan Williams,LaQuan Williams,WR,1988-06-27,,,
WIL426492,Leonard Williams,Leonard Williams,RB,1960-06-27,,,
00-0019860,Marcus Williams,Marcus Williams,TE,1977-12-12,,,
00-0040603,Mario Williams,Mario Williams,WR,2003-01-21,,,
00-0028232,Marshall Williams,Marshall Williams,WR,1988-02-15,,,
WIL432954,Marvin Williams,Marvin Williams,TE,1963-10-11,,,
00-0017892,Maurece Williams,Moe Williams,RB,1974-07-26,1996,3,75
00-0031558,Maxx Williams,Maxx Williams,TE,1994-04-12,2015,2,55
00-0017890,Michael Williams,Mike Williams,WR,1966-10-09,1989,10,269
00-0023452,Michael Williams,Mike Williams,WR,1984-01-04,2005,1,10
00-0027702,Michael Williams,Mike Williams,WR,1987-05-18,2010,4,101
00-0030110,Michael Williams,Michael Williams,TE,1990-09-08,2013,7,211
00-0033536,Michael Williams,Mike Williams,WR,1994-10-04,2017,1,7
WIL439416,Michael Williams,Mike Williams,TE,1959-08-27,1982,5,133
WIL439791,Michael Williams,Michael Williams,RB,1961-07-16,1983,4,89
WIL455571,Newton Williams,Newton Williams,RB,1959-05-10,1982,5,139
00-0029848,Nick Williams,Nick Williams,WR,1990-11-23,,,
WIL458802,Oliver Williams,Oliver Williams,WR,1960-10-17,1983,12,313
00-0026792,Patrick Williams,Pat Williams,WR,1986-01-13,,,
00-0025467,Paul Williams,Paul Williams,WR,1983-12-02,2007,3,80
WIL465264,Perry Williams,Perry Williams,RB,1946-12-11,,,
00-0035350,Preston Williams,Preston Williams,WR,1997-03-27,,,
00-0019919,Randal Williams,Randal Williams,TE,1978-05-21,,,
WIL478188,Raymond Williams,Ray Williams,RB,1958-09-22,1980,12,307
00-0017912,Reggie Williams,Reggie Williams,WR,1966-02-08,,,
00-0022889,Reginald Williams,Reggie Williams,WR,1983-05-17,2004,1,9
WIL491112,Richard Williams,Richard Williams,WR,1952-01-30,,,
WIL491919,Richard Williams,Richard Williams,RB,1960-08-13,1983,2,56
00-0020739,Ricky Williams,Ricky Williams,RB,1978-08-29,,,
WIL494343,Ricky Williams,Ricky Williams,RB,1960-04-27,1983,9,233
00-0017919,Robert Williams,Robert Williams,TE,1972-02-01,,,
00-0017922,Rodney Williams,Rodney A. Williams,WR,1973-08-15,,,
00-0037451,Rodney Williams,Rod Williams,TE,2000-04-10,,,
00-0017924,Roland Williams,Roland Williams,TE,1975-04-27,1998,4,98
00-0017925,Ronald Williams,Ronald Williams,RB,1972-05-19,,,
00-0017926,Ronald Williams,Ronnie Williams,TE,1966-01-19,,,
00-0022909,Roy Williams,Roy Williams,WR,1981-12-20,2004,1,7
00-0023570,Roydell Williams,Roydell Williams,WR,1981-03-14,2005,4,136
00-0041572,Roydell Williams,Roydell Williams,RB,2001-12-08,,,
00-0027976,Ryan Williams,Ryan Williams,RB,1990-04-09,2011,2,38
00-0040009,Savion Williams,Savion Williams,WR,2001-11-22,2025,3,87
00-0036657,Seth Williams,Seth Williams,WR,2000-04-10,2021,6,219
00-0022538,Shaud Williams,Shaud Williams,RB,1980-10-02,,,
00-0017932,Sherman Williams,Sherman Williams,RB,1973-08-13,1995,2,46
00-0017934,Stepfret Williams,Stepfret Williams,WR,1973-06-14,1996,3,94
00-0027349,Stephen Williams,Stephen Williams,WR,1986-06-29,,,
00-0024416,T.J. Williams,T.J. Williams,TE,1982-09-24,,,
00-0030542,Terrance Williams,Terrance Williams,WR,1989-09-18,2013,3,74
00-0019191,Travis Williams,Travis Williams,WR,1978-05-22,,,
00-0035291,Trayveon Williams,Trayveon Williams,RB,1997-10-18,2019,6,182
00-0031531,Trey Williams,Trey Williams,RB,1992-12-11,,,
00-0036457,Ty'Son Williams,Ty'Son Williams,RB,1996-09-04,,,
00-0032160,Tyrell Williams,Tyrell Williams,WR,1992-02-12,,,
00-0017946,Tyrone Williams,Tyrone Williams,WR,1970-03-26,1992,9,239
WIL555732,Vincent Williams,Vince Williams,RB,1959-10-24,1982,6,151
00-0026691,Wallace Williams,Chris Williams,WR,1987-09-16,,,
00-0020046,Walter Williams,Walter Williams,RB,1977-09-08,,,
00-0017956,Warren Williams,Warren Williams,RB,1965-07-29,1988,6,155
00-0032739,Wendall Williams,Wendall Williams,WR,1990-09-18,,,
00-0032876,Jordan Williams-Lambert,Jordan Williams-Lambert,WR,1994-05-09,,,
WIL592204,Lee Williamson,Lee Williamson,QB,1968-08-10,,,
00-0023442,Troy Williamson,Troy Williamson,WR,1983-04-30,2005,1,7
00-0029464,Michael Willie,Mike Willie,WR,1990-06-17,,,
00-0034258,Derrick Willies,Derrick Willies,WR,1994-10-17,,,
00-0038643,Brayden Willis,Brayden Willis,TE,1999-11-11,2023,7,247
WIL597735,Chester Willis,Chester Willis,RB,1958-05-02,1981,11,304
00-0035401,Damion Willis,Damion Willis,WR,1997-06-20,,,
WIL600966,Frederick Willis,Fred Willis,RB,1947-12-09,,,
00-0017974,Jamalsikou Willis,Jamal Willis,RB,1972-12-12,,,
00-0021646,Jason Willis,Jason Willis,WR,1980-07-26,,,
00-0022400,Keith Willis,Keith Willis,TE,1980-12-14,,,
WIL613890,Leonard Willis,Leonard Willis,WR,1953-03-04,,,
00-0038128,Malik Willis,Malik Willis,QB,1999-05-25,2022,3,86
00-0024756,Matthew Willis,Matt Willis,WR,1984-04-13,,,
00-0017984,Peter Willis,Peter Tom Willis,QB,1967-01-04,1990,3,63
00-0037028,Ryan Willis,Ryan Willis,QB,1996-09-28,,,
00-0030089,Luke Willson,Luke Willson,TE,1990-01-15,2013,5,158
00-0026865,Drew Willy,Drew Willy,QB,1986-11-13,,,
00-0017995,Jeffrey Wilner,Jeff Wilner,TE,1971-12-31,,,
00-0017996,Abu Wilson,Abu Wilson,RB,1973-01-02,,,
00-0030669,Albert Wilson,Albert Wilson,WR,1992-07-12,,,
WIL655893,Brett Wilson,Brett Wilson,RB,1960-12-29,,,
00-0035320,Caleb Wilson,Caleb Wilson,TE,1996-07-15,2019,7,254
00-0020452,Cedrick Wilson,Cedrick Wilson,WR,1978-12-17,2001,6,169
00-0034418,Cedrick Wilson,Cedrick Wilson Jr.,WR,1995-11-20,2018,6,208
00-0018008,Charles Wilson,Charles Wilson,WR,1968-07-01,1990,5,132
00-0018073,Charles Wilson,Wade Wilson,QB,1959-02-01,1981,8,210
00-0030007,Cody Wilson,Cody Wilson,WR,1991-03-05,,,
WIL668817,Darryal Wilson,Darryal Wilson,WR,1960-09-19,1983,2,47
00-0029251,David Wilson,David Wilson,RB,1991-06-15,2012,1,32
WIL672048,David Wilson,Dave Wilson,QB,1959-04-27,,,
00-0018043,Edmond Wilson,Marcus Wilson,RB,1968-04-16,1990,6,149
00-0038797,Emanuel Wilson,Emanuel Wilson,RB,1999-05-08,,,
00-0030973,Evan Wilson,Evan Wilson,TE,1992-02-13,,,
WIL691434,Frank Wilson,Frank Wilson,TE,1958-10-11,1981,8,209
00-0037740,Garrett Wilson,Garrett Wilson,WR,2000-07-22,2022,1,10
00-0030632,Greg Wilson,Greg Wilson,WR,1990-09-14,,,
00-0030568,James Wilson,Tyler Wilson,QB,1989-08-16,2013,4,112
00-0034115,Jeffery Wilson,Jeffery Wilson,RB,1995-11-16,,,
00-0033434,Jesus Wilson,Bobo Wilson,WR,1995-01-25,,,
00-0039023,Joel Wilson,Joel Wilson,TE,2000-06-21,,,
00-0026505,John Wilson,John Parker Wilson,QB,1985-10-17,,,
00-0039236,Johnny Wilson,Johnny Wilson,WR,2001-04-03,2024,6,185
WIL736668,Joseph Wilson,Joe Wilson,RB,1950-08-11,,,
00-0041287,Kole Wilson,Kole Wilson,WR,2003-12-16,,,
00-0022714,Kristopher Wilson,Kris Wilson,TE,1981-08-22,2004,2,61
WIL749592,Marc Wilson,Marc Wilson,QB,1957-02-15,1980,1,15
00-0030047,Marquess Wilson,Marquess Wilson,WR,1992-09-14,2013,7,236
00-0038559,Michael Wilson,Michael Wilson,WR,2000-02-23,2023,3,94
WIL755838,Michael Wilson,Mike Wilson,WR,1958-12-19,1981,9,246
00-0022801,Quincy Wilson,Quincy Wilson,RB,1981-04-26,2004,7,219
00-0018056,Robert Wilson,Robert Wilson,WR,1974-06-23,,,
WIL777512,Robert Wilson,Robert Wilson,RB,1969-01-13,1991,3,80
00-0039739,Roman Wilson,Roman Wilson,WR,2001-06-19,2024,3,84
00-0029263,Russell Wilson,Russell Wilson,QB,1988-11-29,2012,3,75
00-0034621,Shaun Wilson,Shaun Wilson,RB,1995-12-02,,,
WIL778543,Sheddrick Wilson,Sheddrick Wilson,WR,1973-11-23,,,
00-0018062,Sir Mawn Wilson,Sir Mawn Wilson,WR,1973-06-04,,,
WIL781902,Stanley Wilson,Stanley Wilson,RB,1961-08-23,1983,9,248
WIL794826,Ted Wilson,Ted Wilson,WR,1964-07-14,1987,10,274
WIL801288,Timothy Wilson,Tim Wilson,RB,1954-01-14,,,
00-0024293,Travis Wilson,Travis Wilson,WR,1984-02-11,2006,3,78
00-0033208,Travis Wilson,Travis Wilson,TE,1993-12-14,,,
00-0018074,Walter Wilson,Walter Wilson,WR,1966-10-06,1990,3,67
WIL814212,Wayne Wilson,Wayne Wilson,RB,1957-09-04,,,
00-0037013,Zachary Wilson,Zach Wilson,QB,1999-08-03,2021,1,2
00-0034426,Javon Wims,Javon Wims,WR,1994-09-11,2018,7,224
00-0018084,Tydus Winans,Tydus Winans,WR,1972-07-26,1994,3,68
WIN096575,Sammy Winder,Sammy Winder,RB,1959-07-15,1982,5,131
WIN135205,Robert Windsor,Bob Windsor,TE,1942-12-19,,,
00-0027923,Rod Windsor,Rod Windsor,WR,1985-04-24,,,
00-0035593,Juwann Winfree,Juwann Winfree,WR,1996-09-04,2019,6,187
WIN193150,Stanley Winfrey,Stan Winfrey,RB,1953-02-20,,,
00-0029791,Ronnie Wingo,Ronnie Wingo,RB,1991-02-18,,,
00-0038385,Dresser Winn,Dresser Winn,QB,1998-11-11,,,
00-0030247,George Winn,George Winn,RB,1990-11-10,,,
WIN482875,Charles Winslow,Doug Winslow,WR,1951-07-19,,,
00-0022922,Kellen Winslow,Kellen Winslow,TE,1983-07-21,2004,1,6
WIN521505,Kellen Winslow,Kellen Winslow,TE,1957-11-05,,,
00-0038883,Isaiah Winstead,Isaiah Winstead,WR,1999-08-09,,,
00-0036080,Easop Winston,Easop Winston,WR,1996-12-17,,,
00-0031459,Glenn Winston,Glenn Winston,RB,1989-04-29,,,
00-0031503,Jameis Winston,Jameis Winston,QB,1994-01-06,2015,1,1
WIN753285,Chester Winters,Chet Winters,RB,1960-10-22,,,
00-0028335,Ryan Winterswyk,Ryan Winterswyk,TE,1987-02-10,,,
00-0018135,Derrick Witherspoon,Derrick Witherspoon,RB,1971-02-14,,,
00-0020181,Terry Witherspoon,Terry Witherspoon,RB,1977-08-22,,,
WIT259555,John Witkowski,John Witkowski,QB,1962-06-18,1984,6,160
WIT467199,Mark Witte,Mark Witte,TE,1959-12-03,1983,11,297
00-0022127,Christopher Witten,Jason Witten,TE,1982-05-06,2003,3,69
00-0036429,Charles Woerner,Charlie Woerner,TE,1997-10-16,2020,6,190
00-0020206,James Wofford,James Wofford,RB,1978-06-06,,,
WOL063891,Alan Wolden,Al Wolden,RB,1965-04-11,,,
00-0036129,Elijah Wolf,Eli Wolf,TE,1997-03-11,,,
00-0034672,Ethan Wolf,Ethan Wolf,TE,1995-11-07,,,
00-0025480,Garrett Wolfe,Garrett Wolfe,RB,1984-08-17,2007,3,93
00-0018159,Ronald Wolfley,Ron Wolfley,RB,1962-10-14,1985,4,104
00-0034899,John Wolford,John Wolford,QB,1995-10-16,,,
00-0021339,Antwoine Womack,Antwoine Womack,RB,1978-03-20,,,
WOM332232,Jeffrey Womack,Jeff Womack,RB,1963-06-26,,,
WON332232,George Wonsley,George Wonsley,RB,1960-11-23,1984,4,103
WON498348,Nathan Wonsley,Nathan Wonsley,RB,1963-12-07,,,
WON664464,Otis Wonsley,Otis Wonsley,RB,1957-08-13,1980,9,229
00-0030248,Cierre Wood,Cierre Wood,RB,1991-02-21,,,
WOO189423,Frank Woodall,Al Woodall,QB,1945-12-07,,,
00-0020126,Tory Woodbury,Tory Woodbury,QB,1978-07-12,,,
00-0020190,Patrick Woodcock,Pat Woodcock,WR,1977-04-27,,,
00-0026019,Danny Woodhead,Danny Woodhead,RB,1985-01-25,,,
WOO320562,David Woodley,David Woodley,QB,1958-10-25,1980,8,214
WOO356989,Anthony Woodruff,Tony Woodruff,WR,1958-11-12,1982,9,244
00-0032658,Joshua Woodrum,Josh Woodrum,QB,1992-11-07,,,
WOO422559,Carl Woods,Carl Woods,RB,1964-10-22,,,
WOO437130,Christopher Woods,Chris Woods,WR,1962-07-19,,,
00-0025666,D'Juan Woods,D'Juan Woods,WR,1984-06-11,,,
WOO469914,Donald Woods,Don Woods,RB,1951-02-17,,,
00-0018210,Elbert Woods,Ickey Woods,RB,1966-02-28,1988,2,31
00-0037755,Jelani Woods,Jelani Woods,TE,1998-10-09,2022,3,73
00-0037300,Miuchael Woods,Mike Woods,WR,2000-03-19,2022,6,202
WOO547869,Peter Woods,Pete Woods,QB,1955-11-29,2026,1,29
00-0022892,Rashaun Woods,Rashaun Woods,WR,1980-10-17,2004,1,31
00-0030431,Robert Woods,Robert Woods,WR,1992-04-10,2013,2,41
WOO568269,Robert Woods,Robert Woods,WR,1955-07-03,,,
00-0018223,Keith Woodside,Keith Woodside,RB,1964-07-29,1988,3,61
00-0034438,Logan Woodside,Logan Woodside,QB,1995-01-27,2018,7,249
00-0026338,Andre Woodson,Andre Woodson,QB,1984-04-25,2008,6,198
WOO713979,Rodney Woolf,Scott Woolf,QB,1961-12-26,,,
WOO728550,Harold Woolfolk,Butch Woolfolk,RB,1960-03-01,1982,1,18
00-0018247,Barry Word,Barry Word,RB,1963-01-17,1986,3,62
00-0018252,Vincent Workman,Vince Workman,RB,1968-05-09,1989,5,127
WOR632160,Justin Worley,Justin Worley,QB,1992-11-20,,,
00-0018255,Timothy Worley,Tim Worley,RB,1966-09-24,1989,1,7
00-0041220,Michael Wortham,Michael Wortham,WR,2002-06-27,,,
WOR702801,Nasrallah Worthen,Naz Worthen,WR,1966-03-27,1989,3,60
00-0031932,Chandler Worthy,Chandler Worthy,WR,1993-09-15,,,
00-0031772,John Worthy,Cam Worthy,WR,1992-04-06,,,
00-0039894,Xavier Worthy,Xavier Worthy,WR,2003-04-27,2024,1,28
00-0032887,Jimmy Worton,J.J. Worton,WR,1992-01-07,,,
00-0021980,George Wrighster,George Wrighster,TE,1981-04-01,2003,4,104
00-0020142,Adam Wright,Adam Wright,RB,1977-12-18,,,
WRI025169,Adrian Wright,Adrian Wright,RB,1961-10-13,,,
00-0018270,Alexander Wright,Alexander Wright,WR,1967-07-19,1990,2,26
00-0018272,Anthony Wright,Anthony Wright,QB,1976-02-14,,,
WRI113260,Bradley Wright,Brad Wright,QB,1959-05-15,,,
00-0036754,Brock Wright,Brock Wright,TE,1998-11-27,,,
00-0040927,Dae'Quan Wright,Dae'Quan Wright,TE,2003-09-21,,,
WRI151014,Dana Wright,Dana Wright,RB,1963-06-02,1987,9,251
00-0025498,Darylwin Wright,Dwayne Wright,RB,1983-06-02,2007,4,111
00-0037368,Derek Wright,Derek Wright,WR,1998-08-13,,,
00-0019140,Destry Wright,Destry Wright,RB,1977-07-09,,,
WRI176183,Elmo Wright,Elmo Wright,WR,1949-07-03,,,
00-0018295,Eric Wright,Eric Wright,WR,1969-08-04,,,
00-0036142,Isaiah Wright,Isaiah Wright,WR,1997-01-13,,,
00-0040067,Jacardia Wright,Jacardia Wright,RB,2000-09-26,,,
00-0031291,James Wright,James Wright,WR,1991-12-31,2014,7,239
WRI384285,James Wright,James Wright,TE,1956-09-01,,,
00-0029572,Jarius Wright,Jarius Wright,WR,1989-11-25,2012,4,118
00-0022288,Jason Wright,Jason Wright,RB,1982-07-12,,,
00-0039874,Jaylen Wright,Jaylen Wright,RB,2003-04-01,2024,4,120
00-0030266,Jeremy Wright,Jeremy Wright,RB,1991-01-28,,,
WRI453042,John Wright,Johnnie Wright,RB,1958-09-13,1982,12,307
00-0029708,Kendall Wright,Kendall Wright,WR,1989-11-12,2012,1,20
00-0038458,Owen Wright,Owen Wright,RB,1999-02-28,,,
WRI629225,Randall Wright,Randy Wright,QB,1961-01-12,1984,6,153
00-0021349,Rodney Wright,Rodney Wright,WR,1979-11-28,,,
00-0035097,Terry Wright,Terry Wright,WR,1997-01-28,,,
00-0029910,Timothy Wright,Timothy Wright,TE,1990-04-07,,,
00-0024171,Wallace Wright,Wallace Wright,WR,1984-02-01,,,
WRI755070,William Wright,Keith Wright,WR,1956-01-30,,,
WRI780239,Timothy Wrightman,Tim Wrightman,TE,1960-03-27,1982,3,62
00-0018333,Daniel Wuerffel,Danny Wuerffel,QB,1974-05-27,1997,4,99
00-0018336,Antwuan Wyatt,Antwuan Wyatt,WR,1975-07-18,1997,6,190
WYC166116,Samuel Wyche,Sam Wyche,QB,1945-01-05,,,
00-0018343,Frank Wycheck,Frank Wycheck,TE,1971-10-14,1993,6,160
00-0037436,Jalen Wydermyer,Jalen Wydermyer,TE,2000-12-20,,,
00-0029274,Devon Wylie,Devon Wylie,WR,1988-09-02,2012,4,107
00-0025615,DeShawn Wynn,DeShawn Wynn,RB,1983-10-09,2007,7,228
00-0020387,Milton Wynn,Milton Wynn,WR,1978-09-21,2001,4,116
00-0031684,Shane Wynn,Shane Wynn,WR,1992-11-15,,,
00-0019553,Spergon Wynn,Spergon Wynn,QB,1978-08-10,2000,6,183
00-0019021,Bashir Yamini,Bashir Yamini,WR,1977-09-10,,,
00-0033291,DeAngelo Yancey,DeAngelo Yancey,WR,1994-11-18,2017,5,175
00-0039686,Colson Yankoff,Colson Yankoff,TE,2000-03-01,,,
YAR103822,Eric Yarber,Eric Yarber,WR,1963-09-22,1986,12,323
00-0018369,Ryan Yarborough,Ryan Yarborough,WR,1971-04-26,1994,2,41
00-0039936,Thomas Yassmin,Thomas Yassmin,TE,1999-10-21,,,
00-0028090,Taylor Yates,T.J. Yates,QB,1987-05-28,2011,5,152
00-0018382,Craig Yeast,Craig Yeast,WR,1976-11-20,1999,4,98
00-0036510,Kenneth Yeboah,Kenny Yeboah,TE,1998-10-30,,,
00-0034319,Deon Yelder,Deon Yelder,TE,1995-03-06,,,
00-0032209,Timothy Yeldon,T.J. Yeldon,RB,1993-10-02,2015,2,36
00-0019127,Todd Yoder,Todd Yoder,TE,1978-03-18,,,
00-0018953,Adam Young,Adam Young,TE,1977-04-15,,,
00-0025955,Albert Young,Albert Young,RB,1985-02-25,,,
YOU116568,Benjamin Young,Ben Young,TE,1960-01-13,,,
00-0039150,Bryce Young,Bryce Young,QB,2001-07-25,2023,1,1
YOU131139,Charle Young,Charle Young,TE,1951-02-05,,,
00-0018407,Charles Young,Charlie Young,RB,1968-08-21,,,
YOU145710,Charles Young,Charley Young,RB,1952-10-13,,,
00-0041069,Colbie Young,Colbie Young,WR,2002-07-24,2026,4,140
00-0018412,Curtis Young,Duane Young,TE,1968-05-29,1991,5,123
00-0037093,Dareke Young,Dareke Young,WR,1999-06-04,2022,7,233
YOU174852,David Young,Dave Young,TE,1959-02-09,1981,2,32
YOU218565,Glen Young,Glen Young,WR,1960-10-11,1983,3,62
00-0018441,Jon Young,Steve Young,QB,1961-10-11,,,
00-0018428,Michael Young,Mike Young,WR,1962-02-21,1985,6,161
00-0018445,Michael Young,Todd Young,TE,1967-02-02,,,
00-0037409,Michael Young,Michael Young,WR,1999-02-11,,,
YOU509985,Rickey Young,Rickey Young,RB,1953-12-07,,,
00-0024549,Selvin Young,Selvin Young,RB,1983-10-01,,,
YOU597411,Theo Young,Theo Young,TE,1965-04-25,1987,12,317
00-0027982,Titus Young,Titus Young,WR,1989-08-21,2011,2,44
YOU611982,Tyrone Young,Tyrone Young,WR,1960-04-29,,,
00-0024218,Vincent Young,Vince Young,QB,1983-05-18,2006,1,3
00-0021886,Walter Young,Walter Young,WR,1979-12-07,2003,7,226
00-0022952,Kevin Youngblood,Kevin Youngblood,WR,1980-11-22,,,
00-0034725,Ryan Yurachek,Ryan Yurachek,RB,1996-08-27,,,
00-0040509,Benjamin Yurosek,Ben Yurosek,TE,2002-03-17,,,
00-0024836,Jared Zabransky,Jared Zabransky,QB,1983-12-04,,,
00-0035208,Olamide Zaccheaus,Olamide Zaccheaus,WR,1997-07-23,,,
ZAC276861,Kenneth Zachary,Ken Zachary,RB,1963-11-19,,,
00-0028489,Parrish Zachery,Terrell Zachery,WR,1987-08-02,,,
00-0038108,Bailey Zappe,Bailey Zappe,QB,1999-04-26,2022,4,137
00-0018483,Eric Zeier,Eric Zeier,QB,1972-09-06,1995,3,84
00-0024687,Dominique Zeigler,Dominique Zeigler,WR,1984-10-11,,,
00-0018488,Raymond Zellars,Ray Zellars,RB,1973-03-25,1995,2,44
00-0031665,Zachary Zenner,Zach Zenner,RB,1991-09-13,,,
00-0018501,Amos Zereoue,Amos Zereoue,RB,1976-10-08,1999,3,95
00-0029962,Michael Zimmer,Mike Zimmer,RB,1990-09-23,,,
ZIM092287,Eugene Zimmerlink,Geno Zimmerlink,TE,1963-03-26,,,
ZIM276861,Donald Zimmerman,Don Zimmerman,WR,1949-11-22,,,
00-0026372,Keith Zinger,Keith Zinger,TE,1984-10-09,2008,7,232
ZOF415291,Michael Zofko,Mickey Zofko,RB,1949-06-08,,,
00-0018518,Scott Zolak,Scott Zolak,QB,1967-12-13,1991,4,84
ZOR622935,James Zorn,Jim Zorn,QB,1953-05-10,,,
00-0036100,Willie Zuber,Isaiah Zuber,WR,1997-04-15,,,
00-0034052,Brandon Zylstra,Brandon Zylstra,WR,1993-03-25,,,
00-0036534,Shane Zylstra,Shane Zylstra,TE,1996-11-16,,,
00-0000003,Abdul-Karim al-Jabbar,Abdul-Karim al-Jabbar,RB,1974-06-28,,,
VAN516304,Mark van Eeghen,Mark van Eeghen,RB,1952-04-19,,,
