player_id,name,pos,team,season,week,att,cmp,pass_epa,sacks,cpoe,car,tgt,rec,rec_ay,tgt_share,ay_share,team_car,team_rb_touch,fp_ppr,fp_exp,fp_act
00-0000003,Abdul-Karim al-Jabbar,RB,MIA,1999,1,0,0,0.0,0,,16,1,1,0.0,0.0455,,33,31,13.7,,
00-0000003,Abdul-Karim al-Jabbar,RB,MIA,1999,2,0,0,0.0,0,,9,4,3,0.0,0.1176,0.0,31,31,8.1,,
00-0000003,Abdul-Karim al-Jabbar,RB,MIA,1999,4,0,0,0.0,0,,3,1,0,0.0,0.0238,0.0,24,28,0.2,,
00-0000003,Abdul-Karim al-Jabbar,RB,CLE,1999,7,0,0,0.0,0,,6,2,2,0.0,0.05,0.0,15,20,5.5,,
00-0000003,Abdul-Karim al-Jabbar,RB,CLE,1999,8,0,0,0.0,0,,13,0,0,0.0,0.0,,21,20,3.9,,
00-0000003,Abdul-Karim al-Jabbar,RB,CLE,1999,9,0,0,0.0,0,,9,2,1,0.0,0.0625,0.0,20,21,3.5,,
00-0000003,Abdul-Karim al-Jabbar,RB,CLE,1999,10,0,0,0.0,0,,18,1,1,0.0,0.0357,0.0,21,22,7.3,,
00-0000003,Abdul-Karim al-Jabbar,RB,CLE,1999,11,0,0,0.0,0,,7,3,2,0.0,0.0682,0.0,19,24,3.3,,
00-0000003,Abdul-Karim al-Jabbar,RB,CLE,1999,12,0,0,0.0,0,,15,1,1,0.0,0.0286,,24,24,4.6,,
00-0000003,Abdul-Karim al-Jabbar,RB,CLE,1999,13,0,0,0.0,0,,10,1,1,0.0,0.0345,0.0,16,20,6.0,,
00-0000003,Abdul-Karim al-Jabbar,RB,CLE,1999,14,0,0,0.0,0,,5,2,2,0.0,0.0526,0.0,11,12,9.7,,
00-0000003,Abdul-Karim al-Jabbar,RB,CLE,1999,15,0,0,0.0,0,,13,1,1,0.0,0.025,,20,20,5.0,,
00-0000003,Abdul-Karim al-Jabbar,RB,CLE,1999,16,0,0,0.0,0,,19,3,2,0.0,0.1154,,26,27,11.1,,
00-0000007,Rabih Abdullah,RB,TB,1999,1,0,0,0.0,0,,1,0,0,0.0,0.0,0.0,27,19,0.0,,
00-0000007,Rabih Abdullah,RB,TB,1999,8,0,0,0.0,0,,0,2,1,0.0,0.0465,,22,21,1.8,,
00-0000007,Rabih Abdullah,RB,TB,1999,13,0,0,0.0,0,,0,1,1,0.0,0.0526,0.0,27,1,1.3,,
00-0000007,Rabih Abdullah,RB,TB,1999,15,0,0,0.0,0,,4,0,0,0.0,0.0,0.0,19,17,1.2,,
00-0000104,Troy Aikman,QB,DAL,1999,1,49,28,12.899,1,,2,0,0,0.0,0.0,0.0,34,37,28.9,,
00-0000104,Troy Aikman,QB,DAL,1999,2,22,10,-9.173,2,,1,0,0,0.0,0.0,0.0,37,37,0.6,,
00-0000104,Troy Aikman,QB,DAL,1999,4,21,15,12.639,0,,2,0,0,0.0,0.0,,39,36,15.8,,
00-0000104,Troy Aikman,QB,DAL,1999,5,39,21,-6.641,1,,1,0,0,0.0,0.0,0.0,32,37,7.0,,
00-0000104,Troy Aikman,QB,DAL,1999,6,33,20,9.325,3,,1,0,0,0.0,0.0,0.0,25,26,8.6,,
00-0000104,Troy Aikman,QB,DAL,1999,7,32,20,18.277,0,,1,0,0,0.0,0.0,,34,36,23.9,,
00-0000104,Troy Aikman,QB,DAL,1999,8,24,19,-7.357,4,,1,0,0,0.0,0.0,,26,31,4.5,,
00-0000104,Troy Aikman,QB,DAL,1999,9,24,14,-0.418,2,,1,0,0,0.0,0.0,0.0,24,26,5.2,,
00-0000104,Troy Aikman,QB,DAL,1999,12,29,16,4.606,1,,2,0,0,0.0,0.0,,34,32,13.2,,
00-0000104,Troy Aikman,QB,DAL,1999,13,29,20,-5.223,3,,2,0,0,0.0,0.0,,23,24,6.3,,
00-0000104,Troy Aikman,QB,DAL,1999,14,40,22,0.874,1,,4,0,0,0.0,0.0,,31,30,14.3,,
00-0000104,Troy Aikman,QB,DAL,1999,15,28,12,-6.156,1,,0,0,0,0.0,0.0,0.0,31,29,6.3,,
00-0000104,Troy Aikman,QB,DAL,1999,16,39,23,-3.553,0,,0,0,0,0.0,0.0,0.0,26,26,13.8,,
00-0000104,Troy Aikman,QB,DAL,1999,17,32,23,16.144,0,,3,0,0,0.0,0.0,,29,30,19.3,,
00-0000145,Derrick Alexander,WR,KC,1999,1,0,0,0.0,0,,0,10,6,0.0,0.2439,0.0,17,18,27.4,,
00-0000145,Derrick Alexander,WR,KC,1999,2,0,0,0.0,0,,0,7,6,0.0,0.4118,-0.0,41,39,17.7,,
00-0000145,Derrick Alexander,WR,KC,1999,3,0,0,0.0,0,,0,6,3,0.0,0.2069,,35,21,9.9,,
00-0000145,Derrick Alexander,WR,KC,1999,4,0,0,0.0,0,,1,8,1,68,0.2162,0.8395,38,23,2.4,,
00-0000145,Derrick Alexander,WR,KC,1999,5,0,0,0.0,0,,0,5,2,0.0,0.2,0.0,42,20,4.5,,
00-0000145,Derrick Alexander,WR,KC,1999,7,0,0,0.0,0,,0,3,0,0.0,0.1875,,35,21,0.0,,
00-0000145,Derrick Alexander,WR,KC,1999,8,0,0,0.0,0,,0,2,2,0.0,0.1333,,39,20,19.3,,
00-0000145,Derrick Alexander,WR,KC,1999,9,0,0,0.0,0,,0,6,3,0.0,0.1875,,29,15,7.2,,
00-0000145,Derrick Alexander,WR,KC,1999,10,0,0,0.0,0,,0,9,7,0.0,0.2432,0.0,22,13,11.1,,
00-0000145,Derrick Alexander,WR,KC,1999,11,0,0,0.0,0,,0,13,8,4,0.3171,0.0889,25,12,18.1,,
00-0000145,Derrick Alexander,WR,KC,1999,12,0,0,0.0,0,,0,7,3,0.0,0.2593,0.0,28,15,5.6,,
00-0000145,Derrick Alexander,WR,KC,1999,13,0,0,0.0,0,,0,5,3,0.0,0.1724,0.0,38,12,5.9,,
00-0000145,Derrick Alexander,WR,KC,1999,14,0,0,0.0,0,,0,5,3,0.0,0.1724,,40,14,5.1,,
00-0000145,Derrick Alexander,WR,KC,1999,15,0,0,0.0,0,,1,3,2,0.0,0.1429,,32,20,18.2,,
00-0000145,Derrick Alexander,WR,KC,1999,16,0,0,0.0,0,,0,8,4,12,0.1905,0.2609,22,8,8.2,,
00-0000145,Derrick Alexander,WR,KC,1999,17,0,0,0.0,0,,0,8,1,0.0,0.2162,,38,11,2.8,,
00-0000166,Stephen Alexander,TE,WAS,1999,1,0,0,0.0,0,,0,1,1,0.0,0.0303,,30,29,1.5,,
00-0000166,Stephen Alexander,TE,WAS,1999,2,0,0,0.0,0,,0,7,5,0.0,0.25,,41,35,25.6,,
00-0000166,Stephen Alexander,TE,WAS,1999,3,0,0,0.0,0,,0,5,4,0.0,0.1786,,29,29,10.2,,
00-0000166,Stephen Alexander,TE,WAS,1999,4,0,0,0.0,0,,0,2,1,0.0,0.0625,,31,26,1.5,,
00-0000166,Stephen Alexander,TE,WAS,1999,6,0,0,0.0,0,,0,3,2,0.0,0.0769,0.0,34,31,9.8,,
00-0000166,Stephen Alexander,TE,WAS,1999,7,0,0,0.0,0,,0,4,3,0.0,0.1143,,16,22,5.4,,
00-0000166,Stephen Alexander,TE,WAS,1999,8,0,0,0.0,0,,0,2,1,0.0,0.0667,0.0,24,26,1.4,,
00-0000166,Stephen Alexander,TE,WAS,1999,9,0,0,0.0,0,,0,4,2,0.0,0.1111,0.0,13,17,2.9,,
00-0000166,Stephen Alexander,TE,WAS,1999,10,0,0,0.0,0,,0,3,3,0.0,0.0938,0.0,27,28,5.3,,
00-0000166,Stephen Alexander,TE,WAS,1999,11,0,0,0.0,0,,0,3,0,0.0,0.1071,0.0,40,42,0.0,,
00-0000166,Stephen Alexander,TE,WAS,1999,12,0,0,0.0,0,,0,1,1,0.0,0.0278,0.0,32,29,1.4,,
00-0000166,Stephen Alexander,TE,WAS,1999,14,0,0,0.0,0,,0,1,1,0.0,0.0385,0.0,46,44,2.4,,
00-0000166,Stephen Alexander,TE,WAS,1999,15,0,0,0.0,0,,0,2,1,0.0,0.0667,,32,36,3.5,,
00-0000166,Stephen Alexander,TE,WAS,1999,16,0,0,0.0,0,,0,5,2,0.0,0.1064,0.0,17,21,2.7,,
00-0000166,Stephen Alexander,TE,WAS,1999,17,0,0,0.0,0,,0,4,2,0.0,0.2,,30,28,5.8,,
00-0000172,Brian Alford,WR,NYG,1999,15,0,0,0.0,0,,0,1,0,0.0,0.027,0.0,19,22,0.0,,
00-0000172,Brian Alford,WR,NYG,1999,17,0,0,0.0,0,,0,4,1,0.0,0.0889,0.0,18,35,7.7,,
00-0000210,James Allen,RB,CHI,1999,4,0,0,0.0,0,,1,0,0,0.0,0.0,0.0,28,28,0.4,,
00-0000210,James Allen,RB,CHI,1999,5,0,0,0.0,0,,1,0,0,0.0,0.0,,33,33,0.1,,
00-0000210,James Allen,RB,CHI,1999,9,0,0,0.0,0,,4,0,0,0.0,0.0,0.0,29,27,1.7,,
00-0000210,James Allen,RB,CHI,1999,10,0,0,0.0,0,,1,1,1,-2,0.0208,-0.0068,22,27,1.4,,
00-0000210,James Allen,RB,CHI,1999,11,0,0,0.0,0,,5,0,0,0.0,0.0,,28,27,2.1,,
00-0000210,James Allen,RB,CHI,1999,12,0,0,0.0,0,,2,0,0,0.0,0.0,0.0,12,15,0.1,,
00-0000210,James Allen,RB,CHI,1999,16,0,0,0.0,0,,6,5,5,0.0,0.0926,,17,18,14.3,,
00-0000210,James Allen,RB,CHI,1999,17,0,0,0.0,0,,12,5,3,0.0,0.122,0.0,18,15,9.9,,
00-0000232,Terry Allen,RB,NE,1999,1,0,0,0.0,0,,15,1,1,0.0,0.0333,0.0,27,28,11.9,,
00-0000232,Terry Allen,RB,NE,1999,2,0,0,0.0,0,,15,3,2,0.0,0.0667,,27,32,16.2,,
00-0000232,Terry Allen,RB,NE,1999,3,0,0,0.0,0,,20,1,1,0.0,0.037,,29,30,12.0,,
00-0000232,Terry Allen,RB,NE,1999,4,0,0,0.0,0,,21,1,0,0.0,0.0244,,35,32,12.8,,
00-0000232,Terry Allen,RB,NE,1999,5,0,0,0.0,0,,11,3,3,0.0,0.0714,0.0,19,22,10.2,,
00-0000232,Terry Allen,RB,NE,1999,6,0,0,0.0,0,,10,2,2,0.0,0.0556,0.0,14,18,3.7,,
00-0000232,Terry Allen,RB,NE,1999,7,0,0,0.0,0,,17,1,0,0.0,0.0476,,28,30,22.6,,
00-0000232,Terry Allen,RB,NE,1999,8,0,0,0.0,0,,21,1,1,0.0,0.0476,0.0,43,45,13.6,,
00-0000232,Terry Allen,RB,NE,1999,10,0,0,0.0,0,,14,1,1,0.0,0.0286,0.0,20,21,5.1,,
00-0000232,Terry Allen,RB,NE,1999,11,0,0,0.0,0,,13,1,1,0.0,0.0323,0.0,19,22,12.0,,
00-0000232,Terry Allen,RB,NE,1999,12,0,0,0.0,0,,13,0,0,0.0,0.0,0.0,25,29,4.7,,
00-0000232,Terry Allen,RB,NE,1999,13,0,0,0.0,0,,18,0,0,0.0,0.0,0.0,36,32,11.3,,
00-0000232,Terry Allen,RB,NE,1999,14,0,0,0.0,0,,12,0,0,0.0,0.0,0.0,20,22,2.3,,
00-0000232,Terry Allen,RB,NE,1999,15,0,0,0.0,0,,14,2,2,0.0,0.0455,0.0,27,33,4.5,,
00-0000232,Terry Allen,RB,NE,1999,16,0,0,0.0,0,,27,1,0,0.0,0.05,,34,29,16.6,,
00-0000232,Terry Allen,RB,NE,1999,17,0,0,0.0,0,,13,1,0,0.0,0.0385,0.0,22,18,2.6,,
00-0000242,John Allred,TE,CHI,1999,1,0,0,0.0,0,,0,1,1,0.0,0.0217,,28,27,7.1,,
00-0000242,John Allred,TE,CHI,1999,2,0,0,0.0,0,,0,2,2,0.0,0.0455,,30,29,3.7,,
00-0000242,John Allred,TE,CHI,1999,3,0,0,0.0,0,,0,1,1,0.0,0.0286,0.0,16,19,1.3,,
00-0000242,John Allred,TE,CHI,1999,5,0,0,0.0,0,,0,2,2,0.0,0.0476,,33,33,3.6,,
00-0000242,John Allred,TE,CHI,1999,6,0,0,0.0,0,,0,1,1,3,0.0303,0.0088,29,27,1.3,,
00-0000242,John Allred,TE,CHI,1999,7,0,0,0.0,0,,0,2,1,0.0,0.0465,0.0,24,23,1.2,,
00-0000242,John Allred,TE,CHI,1999,8,0,0,0.0,0,,0,2,1,0.0,0.0351,0.0,26,29,1.8,,
00-0000242,John Allred,TE,CHI,1999,9,0,0,0.0,0,,0,2,1,0.0,0.0588,0.0,29,27,1.6,,
00-0000242,John Allred,TE,CHI,1999,10,0,0,0.0,0,,0,1,0,0.0,0.0208,0.0,22,27,0.0,,
00-0000242,John Allred,TE,CHI,1999,15,0,0,0.0,0,,0,1,1,2,0.0278,0.0071,32,23,2.2,,
00-0000242,John Allred,TE,CHI,1999,16,0,0,0.0,0,,0,2,2,0.0,0.037,,17,18,5.4,,
00-0000279,Kimble Anders,RB,KC,1999,1,0,0,0.0,0,,10,5,2,0.0,0.122,0.0,17,18,7.3,,
00-0000279,Kimble Anders,RB,KC,1999,2,0,0,0.0,0,,22,0,0,0.0,0.0,-0.0,41,39,14.2,,
00-0000316,Jamal Anderson,RB,ATL,1999,1,0,0,0.0,0,,16,2,2,0.0,0.0645,,23,21,10.4,,
00-0000316,Jamal Anderson,RB,ATL,1999,2,0,0,0.0,0,,3,0,0,0.0,0.0,0.0,24,23,0.9,,
00-0000387,Reidel Anthony,WR,TB,1999,1,0,0,0.0,0,,0,4,2,0.0,0.1026,0.0,27,19,3.0,,
00-0000387,Reidel Anthony,WR,TB,1999,3,0,0,0.0,0,,1,2,2,0.0,0.1053,,42,17,4.0,,
00-0000387,Reidel Anthony,WR,TB,1999,4,0,0,0.0,0,,0,9,7,0.0,0.2368,0.0,24,20,22.4,,
00-0000387,Reidel Anthony,WR,TB,1999,5,0,0,0.0,0,,0,5,3,34,0.2,0.4928,32,20,5.3,,
00-0000387,Reidel Anthony,WR,TB,1999,7,0,0,0.0,0,,0,10,5,0.0,0.3704,,28,14,9.7,,
00-0000387,Reidel Anthony,WR,TB,1999,8,0,0,0.0,0,,0,4,2,0.0,0.093,,22,21,3.4,,
00-0000387,Reidel Anthony,WR,TB,1999,9,0,0,0.0,0,,0,5,2,0.0,0.25,0.0,40,15,3.4,,
00-0000387,Reidel Anthony,WR,TB,1999,10,0,0,0.0,0,,0,8,3,20,0.3077,1.0,37,20,5.8,,
00-0000387,Reidel Anthony,WR,TB,1999,12,0,0,0.0,0,,0,4,2,0.0,0.2222,,37,16,3.0,,
00-0000387,Reidel Anthony,WR,TB,1999,13,0,0,0.0,0,,0,1,0,0.0,0.0526,0.0,27,1,0.0,,
00-0000387,Reidel Anthony,WR,TB,1999,14,0,0,0.0,0,,0,3,1,0.0,0.0882,0.0,19,15,4.0,,
00-0000387,Reidel Anthony,WR,TB,1999,15,0,0,0.0,0,,0,2,0,0.0,0.0714,0.0,19,17,0.0,,
00-0000387,Reidel Anthony,WR,TB,1999,16,0,0,0.0,0,,0,3,1,20,0.0968,1.0,37,19,1.8,,
00-0000422,Justin Armour,WR,BAL,1999,2,0,0,0.0,0,,0,3,2,0.0,0.0968,0.0,29,27,6.3,,
00-0000422,Justin Armour,WR,BAL,1999,3,0,0,0.0,0,,0,4,1,19,0.1818,0.5135,37,30,2.6,,
00-0000422,Justin Armour,WR,BAL,1999,4,0,0,0.0,0,,0,1,1,0.0,0.037,,34,28,12.4,,
00-0000422,Justin Armour,WR,BAL,1999,5,0,0,0.0,0,,0,5,2,0.0,0.1389,,26,25,5.5,,
00-0000422,Justin Armour,WR,BAL,1999,7,0,0,0.0,0,,0,13,6,26,0.2653,0.8966,27,25,13.0,,
00-0000422,Justin Armour,WR,BAL,1999,8,0,0,0.0,0,,0,10,3,0.0,0.3125,0.0,27,30,12.5,,
00-0000422,Justin Armour,WR,BAL,1999,9,0,0,0.0,0,,0,8,5,0.0,0.32,,38,34,8.8,,
00-0000422,Justin Armour,WR,BAL,1999,10,0,0,0.0,0,,0,2,2,0.0,0.0625,-0.0,24,24,6.4,,
00-0000422,Justin Armour,WR,BAL,1999,12,0,0,0.0,0,,0,5,2,0.0,0.1471,-0.0,22,27,4.7,,
00-0000422,Justin Armour,WR,BAL,1999,13,0,0,0.0,0,,0,8,3,0.0,0.2667,,22,21,11.8,,
00-0000422,Justin Armour,WR,BAL,1999,14,0,0,0.0,0,,0,7,0,0.0,0.2692,,25,20,0.0,,
00-0000422,Justin Armour,WR,BAL,1999,15,0,0,0.0,0,,0,5,4,0.0,0.1389,0.0,24,30,15.0,,
00-0000422,Justin Armour,WR,BAL,1999,16,0,0,0.0,0,,0,2,0,0.0,0.0625,0.0,32,32,0.0,,
00-0000422,Justin Armour,WR,BAL,1999,17,0,0,0.0,0,,0,5,2,23,0.125,0.6765,23,30,4.2,,
00-0000541,John Avery,RB,MIA,1999,1,0,0,0.0,0,,0,2,0,0.0,0.0909,,33,31,0.0,,
00-0000541,John Avery,RB,DEN,1999,6,0,0,0.0,0,,2,2,1,0.0,0.069,0.0,51,50,2.7,,
00-0000541,John Avery,RB,DEN,1999,7,0,0,0.0,0,,2,4,3,0.0,0.1053,,27,30,5.6,,
00-0000541,John Avery,RB,DEN,1999,9,0,0,0.0,0,,0,1,0,0.0,0.0435,,31,35,0.0,,
00-0000541,John Avery,RB,DEN,1999,10,0,0,0.0,0,,1,0,0,0.0,0.0,0.0,31,32,0.2,,
00-0000552,Obafemi Ayanbadejo,RB,BAL,1999,10,0,0,0.0,0,,0,1,1,0.0,0.0312,-0.0,24,24,1.2,,
00-0000627,Eugene Baker,WR,ATL,1999,15,0,0,0.0,0,,0,8,5,30,0.1905,0.6,19,16,11.6,,
00-0000627,Eugene Baker,WR,ATL,1999,16,0,0,0.0,0,,0,5,2,0.0,0.2174,,39,28,7.2,,
00-0000627,Eugene Baker,WR,ATL,1999,17,0,0,0.0,0,,0,1,0,0.0,0.0278,,21,18,0.0,,
00-0000721,Tavian Banks,RB,JAX,1999,1,0,0,0.0,0,,2,0,0,0.0,0.0,,34,32,-0.2,,
00-0000721,Tavian Banks,RB,JAX,1999,2,0,0,0.0,0,,8,1,1,0.0,0.0333,,46,42,5.9,,
00-0000721,Tavian Banks,RB,JAX,1999,3,0,0,0.0,0,,1,1,1,0.0,0.025,0.0,33,29,1.7,,
00-0000721,Tavian Banks,RB,JAX,1999,4,0,0,0.0,0,,1,1,1,0.0,0.0417,0.0,35,32,1.5,,
00-0000721,Tavian Banks,RB,JAX,1999,5,0,0,0.0,0,,3,5,3,0.0,0.1613,,34,37,7.0,,
00-0000721,Tavian Banks,RB,JAX,1999,6,0,0,0.0,0,,1,6,5,0.0,0.1818,-0.0,33,35,9.1,,
00-0000721,Tavian Banks,RB,JAX,1999,8,0,0,0.0,0,,6,4,2,0.0,0.1429,,34,35,8.2,,
00-0000721,Tavian Banks,RB,JAX,1999,9,0,0,0.0,0,,1,1,1,0.0,0.0294,,34,33,2.7,,
00-0000722,Tony Banks,QB,BAL,1999,7,14,8,-2.068,0,,2,0,0,0.0,0.0,0.0,27,25,3.4,,
00-0000722,Tony Banks,QB,BAL,1999,8,34,13,-14.098,3,,1,0,0,0.0,0.0,0.0,27,30,5.5,,
00-0000722,Tony Banks,QB,BAL,1999,9,25,14,4.165,2,,4,0,0,0.0,0.0,,38,34,11.5,,
00-0000722,Tony Banks,QB,BAL,1999,10,21,10,-10.742,4,,3,0,0,0.0,0.0,-0.0,24,24,5.1,,
00-0000722,Tony Banks,QB,BAL,1999,11,40,24,-2.044,7,,2,0,0,0.0,0.0,0.0,26,29,16.7,,
00-0000722,Tony Banks,QB,BAL,1999,12,34,17,-10.202,3,,0,0,0,0.0,0.0,-0.0,22,27,10.6,,
00-0000722,Tony Banks,QB,BAL,1999,13,31,18,19.992,1,,1,0,0,0.0,0.0,,22,21,28.1,,
00-0000722,Tony Banks,QB,BAL,1999,14,26,8,10.186,4,,6,0,0,0.0,0.0,,25,20,22.7,,
00-0000722,Tony Banks,QB,BAL,1999,15,36,24,-7.872,4,,1,0,0,0.0,0.0,0.0,24,30,18.5,,
00-0000722,Tony Banks,QB,BAL,1999,16,33,15,-7.343,1,,2,0,0,0.0,0.0,0.0,32,32,9.6,,
00-0000722,Tony Banks,QB,BAL,1999,17,26,18,-11.067,4,,2,0,0,0.0,0.0,0.0,23,30,3.2,,
00-0000745,Tiki Barber,RB,NYG,1999,1,0,0,0.0,0,,0,1,0,0.0,0.0435,,25,14,0.0,,
00-0000745,Tiki Barber,RB,NYG,1999,2,0,0,0.0,0,,0,3,1,0.0,0.0789,0.0,17,16,1.4,,
00-0000745,Tiki Barber,RB,NYG,1999,3,0,0,0.0,0,,1,6,5,0.0,0.1667,,26,20,15.9,,
00-0000745,Tiki Barber,RB,NYG,1999,4,0,0,0.0,0,,0,2,2,0.0,0.05,0.0,38,31,2.6,,
00-0000745,Tiki Barber,RB,NYG,1999,5,0,0,0.0,0,,1,4,4,0.0,0.1081,0.0,28,24,7.0,,
00-0000745,Tiki Barber,RB,NYG,1999,6,0,0,0.0,0,,10,6,5,0.0,0.2857,,30,25,21.8,,
00-0000745,Tiki Barber,RB,NYG,1999,7,0,0,0.0,0,,1,1,1,0.0,0.037,0.0,37,36,2.6,,
00-0000745,Tiki Barber,RB,NYG,1999,8,0,0,0.0,0,,1,5,4,0.0,0.125,,25,23,8.7,,
00-0000745,Tiki Barber,RB,NYG,1999,10,0,0,0.0,0,,9,6,4,0.0,0.1224,0.0,24,21,11.2,,
00-0000745,Tiki Barber,RB,NYG,1999,11,0,0,0.0,0,,10,5,4,0.0,0.1613,0.0,24,16,13.0,,
00-0000745,Tiki Barber,RB,NYG,1999,12,0,0,0.0,0,,10,7,3,-8,0.1628,-0.6667,20,23,19.1,,
00-0000745,Tiki Barber,RB,NYG,1999,13,0,0,0.0,0,,4,4,1,0.0,0.1379,,45,44,1.2,,
00-0000745,Tiki Barber,RB,NYG,1999,14,0,0,0.0,0,,4,11,8,0.0,0.2619,-0.0,28,33,17.6,,
00-0000745,Tiki Barber,RB,NYG,1999,15,0,0,0.0,0,,5,4,3,0.0,0.1081,0.0,19,22,10.6,,
00-0000745,Tiki Barber,RB,NYG,1999,16,0,0,0.0,0,,5,12,8,0.0,0.2353,0.0,27,32,14.7,,
00-0000745,Tiki Barber,RB,NYG,1999,17,0,0,0.0,0,,1,14,13,0.0,0.3111,0.0,18,35,23.3,,
00-0000765,Reggie Barlow,WR,JAX,1999,1,0,0,0.0,0,,0,3,2,0.0,0.0968,,34,32,6.1,,
00-0000765,Reggie Barlow,WR,JAX,1999,2,0,0,0.0,0,,0,2,1,0.0,0.0667,,46,42,1.1,,
00-0000765,Reggie Barlow,WR,JAX,1999,3,0,0,0.0,0,,0,2,0,10,0.05,0.2941,33,29,0.0,,
00-0000765,Reggie Barlow,WR,JAX,1999,5,0,0,0.0,0,,0,2,1,0.0,0.0645,,34,37,4.1,,
00-0000765,Reggie Barlow,WR,JAX,1999,8,0,0,0.0,0,,0,1,1,0.0,0.0357,,34,35,2.1,,
00-0000765,Reggie Barlow,WR,JAX,1999,9,0,0,0.0,0,,0,1,1,0.0,0.0294,,34,33,3.0,,
00-0000765,Reggie Barlow,WR,JAX,1999,10,0,0,0.0,0,,0,2,1,0.0,0.069,,26,28,1.7,,
00-0000765,Reggie Barlow,WR,JAX,1999,11,0,0,0.0,0,,0,3,2,0.0,0.0938,0.0,27,27,11.0,,
00-0000765,Reggie Barlow,WR,JAX,1999,12,0,0,0.0,0,,0,3,1,7,0.0638,0.3182,25,23,2.1,,
00-0000765,Reggie Barlow,WR,JAX,1999,13,0,0,0.0,0,,0,5,4,0.0,0.1351,,34,33,5.1,,
00-0000765,Reggie Barlow,WR,JAX,1999,14,0,0,0.0,0,,0,4,2,0.0,0.16,,32,27,3.9,,
00-0000849,Mike Bartrum,TE,NE,1999,17,0,0,0.0,0,,0,1,1,0.0,0.0385,0.0,22,18,7.1,,
00-0000856,Michael Basnight,RB,CIN,1999,4,0,0,0.0,0,,6,1,1,0.0,0.025,0.0,26,23,4.3,,
00-0000856,Michael Basnight,RB,CIN,1999,5,0,0,0.0,0,,5,0,0,0.0,0.0,,36,35,3.8,,
00-0000856,Michael Basnight,RB,CIN,1999,6,0,0,0.0,0,,1,0,0,0.0,0.0,-0.0,20,19,-0.1,,
00-0000856,Michael Basnight,RB,CIN,1999,7,0,0,0.0,0,,11,0,0,0.0,0.0,,26,24,2.6,,
00-0000856,Michael Basnight,RB,CIN,1999,8,0,0,0.0,0,,4,4,3,0.0,0.1143,0.0,23,24,8.8,,
00-0000856,Michael Basnight,RB,CIN,1999,9,0,0,0.0,0,,1,4,2,0.0,0.1081,-0.0,23,21,2.8,,
00-0000856,Michael Basnight,RB,CIN,1999,11,0,0,0.0,0,,1,1,1,0.0,0.0278,0.0,23,18,2.9,,
00-0000856,Michael Basnight,RB,CIN,1999,12,0,0,0.0,0,,1,2,2,0.0,0.0714,0.0,35,32,7.7,,
00-0000856,Michael Basnight,RB,CIN,1999,13,0,0,0.0,0,,0,1,1,0.0,0.0345,,28,31,1.5,,
00-0000856,Michael Basnight,RB,CIN,1999,14,0,0,0.0,0,,12,1,1,0.0,0.0455,,53,46,5.8,,
00-0000856,Michael Basnight,RB,CIN,1999,16,0,0,0.0,0,,10,2,2,0.0,0.0556,0.0,25,27,6.5,,
00-0000856,Michael Basnight,RB,CIN,1999,17,0,0,0.0,0,,10,3,3,0.0,0.1304,0.0,18,18,17.4,,
00-0000865,Charlie Batch,QB,DET,1999,1,26,16,-3.818,5,,3,0,0,0.0,0.0,0.0,36,28,18.3,,
00-0000865,Charlie Batch,QB,DET,1999,2,16,9,-2.657,4,,3,0,0,0.0,0.0,0.0,32,23,19.7,,
00-0000865,Charlie Batch,QB,DET,1999,3,34,16,-1.438,4,,4,0,0,0.0,0.0,0.0,22,20,15.7,,
00-0000865,Charlie Batch,QB,DET,1999,5,38,21,-10.798,6,,5,0,0,0.0,0.0,0.0,24,26,13.2,,
00-0000865,Charlie Batch,QB,DET,1999,6,16,9,-3.251,1,,0,0,0,0.0,0.0,,25,25,2.8,,
00-0000865,Charlie Batch,QB,DET,1999,7,27,16,10.141,0,,5,0,0,0.0,0.0,-0.0,27,25,15.7,,
00-0000865,Charlie Batch,QB,DET,1999,8,19,10,-7.718,3,,5,0,0,0.0,0.0,,24,20,6.6,,
00-0000865,Charlie Batch,QB,DET,1999,9,20,10,1.346,3,,0,0,0,0.0,0.0,,20,19,9.9,,
00-0000865,Charlie Batch,QB,DET,1999,15,10,6,-1.559,2,,1,0,0,0.0,0.0,0.0,19,19,11.0,,
00-0000865,Charlie Batch,QB,DET,1999,16,39,21,-4.473,5,,2,0,0,0.0,0.0,,12,10,15.6,,
00-0000865,Charlie Batch,QB,DET,1999,17,24,17,5.918,3,,0,0,0,0.0,0.0,0.0,14,16,8.4,,
00-0000869,D'Wayne Bates,WR,CHI,1999,6,0,0,0.0,0,,0,1,0,-3,0.0303,-0.0088,29,27,0.0,,
00-0000869,D'Wayne Bates,WR,CHI,1999,8,0,0,0.0,0,,0,1,1,0.0,0.0175,0.0,26,29,2.1,,
00-0000869,D'Wayne Bates,WR,CHI,1999,9,0,0,0.0,0,,0,2,1,0.0,0.0588,0.0,29,27,1.8,,
00-0000869,D'Wayne Bates,WR,CHI,1999,16,0,0,0.0,0,,0,3,0,0.0,0.0556,,17,18,0.0,,
00-0000871,Mario Bates,RB,ARI,1999,1,0,0,0.0,0,,4,0,0,0.0,0.0,0.0,36,35,6.6,,
00-0000871,Mario Bates,RB,ARI,1999,3,0,0,0.0,0,,1,0,0,0.0,0.0,0.0,29,25,6.1,,
00-0000871,Mario Bates,RB,ARI,1999,5,0,0,0.0,0,,1,0,0,0.0,0.0,,27,25,0.0,,
00-0000871,Mario Bates,RB,ARI,1999,10,0,0,0.0,0,,1,0,0,0.0,0.0,,32,29,6.3,,
00-0000871,Mario Bates,RB,ARI,1999,11,0,0,0.0,0,,6,0,0,0.0,0.0,0.0,30,26,2.0,,
00-0000871,Mario Bates,RB,ARI,1999,12,0,0,0.0,0,,16,0,0,0.0,0.0,,34,36,9.7,,
00-0000871,Mario Bates,RB,ARI,1999,13,0,0,0.0,0,,4,1,1,0.0,0.027,0.0,19,18,1.9,,
00-0000871,Mario Bates,RB,ARI,1999,15,0,0,0.0,0,,8,1,0,0.0,0.0357,0.0,21,21,14.4,,
00-0000871,Mario Bates,RB,ARI,1999,16,0,0,0.0,0,,14,2,1,0.0,0.0833,0.0,24,18,16.7,,
00-0000871,Mario Bates,RB,ARI,1999,17,0,0,0.0,0,,17,3,3,0.0,0.0536,0.0,24,30,18.9,,
00-0000872,Michael Bates,WR,CAR,1999,1,0,0,0.0,0,,0,1,1,0.0,0.0333,0.0,16,17,1.2,,
00-0000872,Michael Bates,WR,CAR,1999,9,0,0,0.0,0,,2,0,0,0.0,0.0,,36,30,1.4,,
00-0000872,Michael Bates,WR,CAR,1999,13,0,0,0.0,0,,1,0,0,0.0,0.0,0.0,16,15,-0.2,,
00-0000883,Marco Battaglia,TE,CIN,1999,3,0,0,0.0,0,,0,5,1,0.0,0.1163,0.0,28,26,1.7,,
00-0000883,Marco Battaglia,TE,CIN,1999,4,0,0,0.0,0,,0,4,3,0.0,0.1,0.0,26,23,6.0,,
00-0000883,Marco Battaglia,TE,CIN,1999,6,0,0,0.0,0,,0,4,2,0.0,0.1143,-0.0,20,19,3.5,,
00-0000883,Marco Battaglia,TE,CIN,1999,7,0,0,0.0,0,,0,2,2,0.0,0.0645,,26,24,3.5,,
00-0000883,Marco Battaglia,TE,CIN,1999,8,0,0,0.0,0,,0,1,1,0.0,0.0286,0.0,23,24,3.3,,
00-0000883,Marco Battaglia,TE,CIN,1999,9,0,0,0.0,0,,0,3,3,0.0,0.0811,-0.0,23,21,5.4,,
00-0000883,Marco Battaglia,TE,CIN,1999,10,0,0,0.0,0,,0,2,0,0.0,0.0625,,19,17,0.0,,
00-0000883,Marco Battaglia,TE,CIN,1999,11,0,0,0.0,0,,0,1,0,0.0,0.0278,0.0,23,18,0.0,,
00-0000883,Marco Battaglia,TE,CIN,1999,12,0,0,0.0,0,,0,3,0,0.0,0.1071,0.0,35,32,0.0,,
00-0000883,Marco Battaglia,TE,CIN,1999,13,0,0,0.0,0,,0,1,1,0.0,0.0345,,28,31,4.0,,
00-0000883,Marco Battaglia,TE,CIN,1999,17,0,0,0.0,0,,0,1,1,0.0,0.0435,0.0,18,18,1.9,,
00-0000911,Fred Baxter,TE,NYJ,1999,1,0,0,0.0,0,,0,1,1,0.0,0.0303,0.0,24,24,7.7,,
00-0000911,Fred Baxter,TE,NYJ,1999,2,0,0,0.0,0,,0,1,1,0.0,0.037,,18,11,1.2,,
00-0000911,Fred Baxter,TE,NYJ,1999,6,0,0,0.0,0,,0,1,1,0.0,0.0333,0.0,29,28,1.3,,
00-0000911,Fred Baxter,TE,NYJ,1999,9,0,0,0.0,0,,0,2,1,0.0,0.1111,,46,43,3.4,,
00-0000911,Fred Baxter,TE,NYJ,1999,10,0,0,0.0,0,,0,2,2,0.0,0.0667,0.0,43,34,9.0,,
00-0000911,Fred Baxter,TE,NYJ,1999,12,0,0,0.0,0,,0,1,0,0.0,0.0435,,26,24,0.0,,
00-0000911,Fred Baxter,TE,NYJ,1999,13,0,0,0.0,0,,0,1,0,0.0,0.0213,,12,17,0.0,,
00-0000911,Fred Baxter,TE,NYJ,1999,14,0,0,0.0,0,,0,2,1,0.0,0.0541,,28,26,1.6,,
00-0000911,Fred Baxter,TE,NYJ,1999,15,0,0,0.0,0,,0,2,0,0.0,0.0571,0.0,35,30,0.0,,
00-0000911,Fred Baxter,TE,NYJ,1999,16,0,0,0.0,0,,0,4,1,0.0,0.1739,,25,23,2.4,,
00-0000969,Brett Bech,WR,NO,1999,4,0,0,0.0,0,,0,1,0,0.0,0.0357,,35,33,0.0,,
00-0000969,Brett Bech,WR,NO,1999,5,0,0,0.0,0,,0,2,2,0.0,0.0526,0.0,24,26,11.7,,
00-0000969,Brett Bech,WR,NO,1999,6,0,0,0.0,0,,0,1,1,7,0.0227,0.0242,21,21,4.5,,
00-0000969,Brett Bech,WR,NO,1999,7,0,0,0.0,0,,0,2,0,0.0,0.0625,0.0,27,27,0.0,,
00-0000969,Brett Bech,WR,NO,1999,8,0,0,0.0,0,,0,1,0,0.0,0.0357,0.0,50,48,0.0,,
00-0000969,Brett Bech,WR,NO,1999,9,0,0,0.0,0,,0,1,1,0.0,0.0286,0.0,23,24,2.3,,
00-0001103,Edgar Bennett,RB,CHI,1999,1,0,0,0.0,0,,0,1,0,0.0,0.0217,,28,27,0.0,,
00-0001103,Edgar Bennett,RB,CHI,1999,2,0,0,0.0,0,,1,0,0,0.0,0.0,,30,29,0.4,,
00-0001103,Edgar Bennett,RB,CHI,1999,4,0,0,0.0,0,,0,3,3,0.0,0.0698,0.0,28,28,3.7,,
00-0001103,Edgar Bennett,RB,CHI,1999,5,0,0,0.0,0,,1,2,1,0.0,0.0476,,33,33,3.2,,
00-0001103,Edgar Bennett,RB,CHI,1999,6,0,0,0.0,0,,0,3,3,11,0.0909,0.0324,29,27,5.2,,
00-0001103,Edgar Bennett,RB,CHI,1999,7,0,0,0.0,0,,0,2,0,0.0,0.0465,0.0,24,23,0.0,,
00-0001103,Edgar Bennett,RB,CHI,1999,8,0,0,0.0,0,,2,3,2,0.0,0.0526,0.0,26,29,3.6,,
00-0001103,Edgar Bennett,RB,CHI,1999,9,0,0,0.0,0,,1,1,1,0.0,0.0294,0.0,29,27,1.6,,
00-0001103,Edgar Bennett,RB,CHI,1999,10,0,0,0.0,0,,0,2,2,11,0.0417,0.0375,22,27,5.6,,
00-0001103,Edgar Bennett,RB,CHI,1999,12,0,0,0.0,0,,1,2,2,0.0,0.0513,0.0,12,15,3.1,,
00-0001103,Edgar Bennett,RB,CHI,1999,13,0,0,0.0,0,,0,1,0,0.0,0.0256,0.0,24,26,0.0,,
00-0001103,Edgar Bennett,RB,CHI,1999,16,0,0,0.0,0,,0,1,0,0.0,0.0185,,17,18,0.0,,
00-0001112,Sean Bennett,RB,NYG,1999,1,0,0,0.0,0,,13,2,1,0.0,0.087,,25,14,4.1,,
00-0001112,Sean Bennett,RB,NYG,1999,2,0,0,0.0,0,,4,4,2,0.0,0.1053,0.0,17,16,7.9,,
00-0001112,Sean Bennett,RB,NYG,1999,3,0,0,0.0,0,,1,0,0,0.0,0.0,,26,20,0.1,,
00-0001112,Sean Bennett,RB,NYG,1999,10,0,0,0.0,0,,1,0,0,0.0,0.0,0.0,24,21,0.3,,
00-0001112,Sean Bennett,RB,NYG,1999,11,0,0,0.0,0,,0,1,0,0.0,0.0323,0.0,24,16,0.0,,
00-0001112,Sean Bennett,RB,NYG,1999,12,0,0,0.0,0,,5,1,1,0.0,0.0233,0.0,20,23,9.2,,
00-0001112,Sean Bennett,RB,NYG,1999,13,0,0,0.0,0,,1,0,0,0.0,0.0,,45,44,0.4,,
00-0001112,Sean Bennett,RB,NYG,1999,17,0,0,0.0,0,,4,0,0,0.0,0.0,0.0,18,35,3.3,,
00-0001215,Jerome Bettis,RB,PIT,1999,1,0,0,0.0,0,,18,1,1,0.0,0.0312,,57,52,10.1,,
00-0001215,Jerome Bettis,RB,PIT,1999,2,0,0,0.0,0,,16,0,0,0.0,0.0,,36,28,4.6,,
00-0001215,Jerome Bettis,RB,PIT,1999,3,0,0,0.0,0,,11,2,2,0.0,0.05,0.0,19,21,6.8,,
00-0001215,Jerome Bettis,RB,PIT,1999,4,0,0,0.0,0,,20,4,4,0.0,0.125,0.0,31,30,12.5,,
00-0001215,Jerome Bettis,RB,PIT,1999,5,0,0,0.0,0,,13,2,2,-11,0.069,-0.0514,23,23,11.4,,
00-0001215,Jerome Bettis,RB,PIT,1999,6,0,0,0.0,0,,26,2,1,0.0,0.0714,,37,33,24.5,,
00-0001215,Jerome Bettis,RB,PIT,1999,7,0,0,0.0,0,,23,3,2,0.0,0.1429,,35,28,9.4,,
00-0001215,Jerome Bettis,RB,PIT,1999,9,0,0,0.0,0,,18,0,0,0.0,0.0,,31,25,17.3,,
00-0001215,Jerome Bettis,RB,PIT,1999,10,0,0,0.0,0,,26,1,1,0.0,0.0312,0.0,37,32,11.6,,
00-0001215,Jerome Bettis,RB,PIT,1999,11,0,0,0.0,0,,14,0,0,0.0,0.0,-0.0,20,19,8.8,,
00-0001215,Jerome Bettis,RB,PIT,1999,12,0,0,0.0,0,,22,1,1,0.0,0.0222,0.0,31,31,9.7,,
00-0001215,Jerome Bettis,RB,PIT,1999,13,0,0,0.0,0,,12,2,1,0.0,0.0526,,15,15,4.7,,
00-0001215,Jerome Bettis,RB,PIT,1999,14,1,1,2.988,0,,13,5,4,0.0,0.1163,,22,25,13.8,,
00-0001215,Jerome Bettis,RB,PIT,1999,15,0,0,0.0,0,,19,3,1,0.0,0.0714,0.0,28,29,8.2,,
00-0001215,Jerome Bettis,RB,PIT,1999,16,0,0,0.0,0,,33,1,1,0.0,0.0435,0.0,44,43,20.4,,
00-0001215,Jerome Bettis,RB,PIT,1999,17,0,0,0.0,0,,15,1,0,0.0,0.0256,0.0,29,27,12.1,,
00-0001218,Steve Beuerlein,QB,CAR,1999,1,32,16,-17.287,7,,1,0,0,0.0,0.0,0.0,16,17,9.1,,
00-0001218,Steve Beuerlein,QB,CAR,1999,2,26,16,6.994,4,,1,0,0,0.0,0.0,0.0,18,18,18.7,,
00-0001218,Steve Beuerlein,QB,CAR,1999,3,23,17,9.933,1,,3,0,0,0.0,0.0,,18,16,12.2,,
00-0001218,Steve Beuerlein,QB,CAR,1999,4,47,23,4.939,2,,0,0,0,0.0,0.0,0.0,19,20,15.4,,
00-0001218,Steve Beuerlein,QB,CAR,1999,6,36,23,5.84,2,,1,0,0,0.0,0.0,0.0,27,25,22.4,,
00-0001218,Steve Beuerlein,QB,CAR,1999,7,47,26,-5.298,4,,2,0,0,0.0,0.0,0.0,21,23,9.6,,
00-0001218,Steve Beuerlein,QB,CAR,1999,8,35,21,-5.729,6,,3,0,0,0.0,0.0,0.0,18,22,7.0,,
00-0001218,Steve Beuerlein,QB,CAR,1999,9,34,21,16.481,2,,1,0,0,0.0,0.0,,36,30,23.8,,
00-0001218,Steve Beuerlein,QB,CAR,1999,10,37,24,-6.793,6,,3,0,0,0.0,0.0,0.0,23,18,13.4,,
00-0001218,Steve Beuerlein,QB,CAR,1999,11,27,21,17.07,1,,1,0,0,0.0,0.0,,31,26,16.4,,
00-0001218,Steve Beuerlein,QB,CAR,1999,12,27,18,17.302,2,,2,0,0,0.0,0.0,,38,36,20.4,,
00-0001218,Steve Beuerlein,QB,CAR,1999,13,42,21,-5.521,4,,1,0,0,0.0,0.0,0.0,16,15,17.8,,
00-0001218,Steve Beuerlein,QB,CAR,1999,14,42,29,18.182,1,,4,0,0,0.0,0.0,,13,13,29.7,,
00-0001218,Steve Beuerlein,QB,CAR,1999,15,38,27,13.559,1,,2,0,0,0.0,0.0,,26,22,32.7,,
00-0001218,Steve Beuerlein,QB,CAR,1999,16,35,18,6.728,1,,1,0,0,0.0,0.0,0.0,20,20,17.9,,
00-0001218,Steve Beuerlein,QB,CAR,1999,17,41,22,6.809,6,,1,0,0,0.0,0.0,,14,16,31.3,,
00-0001224,Tim Biakabutuka,RB,CAR,1999,1,0,0,0.0,0,,8,2,1,0.0,0.0667,0.0,16,17,6.0,,
00-0001224,Tim Biakabutuka,RB,CAR,1999,2,0,0,0.0,0,,6,1,1,0.0,0.04,0.0,18,18,5.9,,
00-0001224,Tim Biakabutuka,RB,CAR,1999,3,0,0,0.0,0,,8,1,1,0.0,0.0455,,18,16,26.6,,
00-0001224,Tim Biakabutuka,RB,CAR,1999,4,0,0,0.0,0,,12,1,1,0.0,0.0217,0.0,19,20,34.4,,
00-0001224,Tim Biakabutuka,RB,CAR,1999,6,0,0,0.0,0,,20,3,1,-3,0.0833,-0.0157,27,25,7.3,,
00-0001224,Tim Biakabutuka,RB,CAR,1999,7,0,0,0.0,0,,9,2,2,0.0,0.0426,0.0,21,23,6.5,,
00-0001224,Tim Biakabutuka,RB,CAR,1999,11,0,0,0.0,0,,17,3,3,0.0,0.1,,31,26,16.5,,
00-0001224,Tim Biakabutuka,RB,CAR,1999,12,0,0,0.0,0,,31,3,3,0.0,0.1111,,38,36,20.9,,
00-0001224,Tim Biakabutuka,RB,CAR,1999,13,0,0,0.0,0,,11,5,3,0.0,0.119,0.0,16,15,8.9,,
00-0001224,Tim Biakabutuka,RB,CAR,1999,14,0,0,0.0,0,,8,4,3,0.0,0.0952,,13,13,6.2,,
00-0001224,Tim Biakabutuka,RB,CAR,1999,17,0,0,0.0,0,,8,4,4,0.0,0.0976,,14,16,8.5,,
00-0001233,Eric Bieniemy,RB,PHI,1999,10,0,0,0.0,0,,5,0,0,0.0,0.0,,42,34,8.7,,
00-0001233,Eric Bieniemy,RB,PHI,1999,11,0,0,0.0,0,,1,1,1,0.0,0.0278,0.0,20,22,1.4,,
00-0001233,Eric Bieniemy,RB,PHI,1999,12,0,0,0.0,0,,1,1,1,0.0,0.037,,28,28,6.5,,
00-0001233,Eric Bieniemy,RB,PHI,1999,13,0,0,0.0,0,,2,0,0,0.0,0.0,0.0,37,34,0.5,,
00-0001233,Eric Bieniemy,RB,PHI,1999,15,0,0,0.0,0,,3,0,0,0.0,0.0,0.0,37,36,1.2,,
00-0001281,Eric Bjornson,TE,DAL,1999,1,0,0,0.0,0,,0,1,1,0.0,0.0204,0.0,34,37,2.3,,
00-0001281,Eric Bjornson,TE,DAL,1999,2,0,0,0.0,0,,0,1,1,0.0,0.0476,0.0,37,37,2.8,,
00-0001281,Eric Bjornson,TE,DAL,1999,7,0,0,0.0,0,,0,1,0,0.0,0.0312,,34,36,0.0,,
00-0001281,Eric Bjornson,TE,DAL,1999,10,0,0,0.0,0,,0,2,1,0.0,0.087,0.0,34,34,4.2,,
00-0001281,Eric Bjornson,TE,DAL,1999,11,0,0,0.0,0,,0,1,1,0.0,0.037,,34,35,1.7,,
00-0001281,Eric Bjornson,TE,DAL,1999,12,0,0,0.0,0,,0,1,1,0.0,0.037,,34,32,2.0,,
00-0001281,Eric Bjornson,TE,DAL,1999,14,0,0,0.0,0,,0,4,2,0.0,0.1,,31,30,4.5,,
00-0001281,Eric Bjornson,TE,DAL,1999,15,0,0,0.0,0,,1,4,1,23,0.1429,0.4792,31,29,9.4,,
00-0001281,Eric Bjornson,TE,DAL,1999,16,0,0,0.0,0,,0,4,2,0.0,0.1053,0.0,26,26,4.2,,
00-0001317,Will Blackwell,WR,PIT,1999,1,0,0,0.0,0,,0,2,2,0.0,0.0625,,57,52,3.8,,
00-0001317,Will Blackwell,WR,PIT,1999,3,0,0,0.0,0,,0,5,0,1,0.125,0.0119,19,21,0.0,,
00-0001317,Will Blackwell,WR,PIT,1999,4,0,0,0.0,0,,0,4,2,0.0,0.125,0.0,31,30,3.8,,
00-0001317,Will Blackwell,WR,PIT,1999,5,0,0,0.0,0,,0,2,1,51,0.069,0.2383,23,23,2.0,,
00-0001317,Will Blackwell,WR,PIT,1999,6,0,0,0.0,0,,0,4,3,0.0,0.1429,,37,33,5.4,,
00-0001317,Will Blackwell,WR,PIT,1999,7,0,0,0.0,0,,0,3,3,0.0,0.1429,,35,28,7.6,,
00-0001317,Will Blackwell,WR,PIT,1999,9,0,0,0.0,0,,0,3,2,0.0,0.1154,,31,25,2.6,,
00-0001317,Will Blackwell,WR,PIT,1999,10,0,0,0.0,0,,0,3,1,0.0,0.0938,0.0,37,32,1.4,,
00-0001317,Will Blackwell,WR,PIT,1999,11,0,0,0.0,0,,0,5,4,0.0,0.1786,-0.0,20,19,8.1,,
00-0001317,Will Blackwell,WR,PIT,1999,12,0,0,0.0,0,,0,5,2,15,0.1111,0.6818,31,31,3.9,,
00-0001335,Jeff Blake,QB,CIN,1999,1,31,18,10.701,1,,11,0,0,0.0,0.0,0.0,42,33,24.3,,
00-0001335,Jeff Blake,QB,CIN,1999,2,16,7,-9.57,1,,3,0,0,0.0,0.0,0.0,17,16,3.3,,
00-0001335,Jeff Blake,QB,CIN,1999,3,43,24,-3.072,3,,4,0,0,0.0,0.0,0.0,28,26,8.9,,
00-0001335,Jeff Blake,QB,CIN,1999,4,23,12,-7.188,3,,2,0,0,0.0,0.0,0.0,26,23,6.0,,
00-0001335,Jeff Blake,QB,CIN,1999,7,7,5,2.35,0,,1,0,0,0.0,0.0,,26,24,7.3,,
00-0001335,Jeff Blake,QB,CIN,1999,8,23,13,5.503,0,,2,0,0,0.0,0.0,0.0,23,24,11.2,,
00-0001335,Jeff Blake,QB,CIN,1999,9,35,18,-2.758,1,,5,0,0,0.0,0.0,-0.0,23,21,20.9,,
00-0001335,Jeff Blake,QB,CIN,1999,10,32,18,-14.09,7,,5,0,0,0.0,0.0,,19,17,12.8,,
00-0001335,Jeff Blake,QB,CIN,1999,11,39,20,0.463,0,,5,0,0,0.0,0.0,0.0,23,18,20.5,,
00-0001335,Jeff Blake,QB,CIN,1999,12,28,15,-0.646,2,,11,0,0,0.0,0.0,0.0,35,32,20.1,,
00-0001335,Jeff Blake,QB,CIN,1999,13,30,21,20.626,2,,3,0,0,0.0,0.0,,28,31,31.2,,
00-0001335,Jeff Blake,QB,CIN,1999,14,22,11,10.389,0,,4,0,0,0.0,0.0,,53,46,13.8,,
00-0001335,Jeff Blake,QB,CIN,1999,16,37,20,-17.406,7,,4,0,0,0.0,0.0,0.0,25,27,3.7,,
00-0001335,Jeff Blake,QB,CIN,1999,17,23,13,-11.637,3,,3,0,0,0.0,0.0,0.0,18,18,1.9,,
00-0001361,Drew Bledsoe,QB,NE,1999,1,30,21,6.823,2,,1,0,0,0.0,0.0,0.0,27,28,13.5,,
00-0001361,Drew Bledsoe,QB,NE,1999,2,45,27,9.915,1,,3,0,0,0.0,0.0,,27,32,28.7,,
00-0001361,Drew Bledsoe,QB,NE,1999,3,28,20,6.842,1,,3,0,0,0.0,0.0,,29,30,9.3,,
00-0001361,Drew Bledsoe,QB,NE,1999,4,43,29,18.261,4,,4,0,0,0.0,0.0,,35,32,19.6,,
00-0001361,Drew Bledsoe,QB,NE,1999,5,45,23,8.332,3,,2,0,0,0.0,0.0,0.0,19,22,15.5,,
00-0001361,Drew Bledsoe,QB,NE,1999,6,36,17,-2.749,2,,1,0,0,0.0,0.0,0.0,14,18,11.6,,
00-0001361,Drew Bledsoe,QB,NE,1999,7,22,13,0.124,4,,3,0,0,0.0,0.0,,28,30,8.4,,
00-0001361,Drew Bledsoe,QB,NE,1999,8,22,14,11.111,5,,0,0,0,0.0,0.0,0.0,43,45,27.0,,
00-0001361,Drew Bledsoe,QB,NE,1999,10,36,15,-14.202,3,,3,0,0,0.0,0.0,0.0,20,21,11.3,,
00-0001361,Drew Bledsoe,QB,NE,1999,11,34,15,-19.437,4,,1,0,0,0.0,0.0,0.0,19,22,1.9,,
00-0001361,Drew Bledsoe,QB,NE,1999,12,34,18,-5.838,6,,2,0,0,0.0,0.0,0.0,25,29,10.8,,
00-0001361,Drew Bledsoe,QB,NE,1999,13,25,14,-4.6,1,,7,0,0,0.0,0.0,0.0,36,32,4.0,,
00-0001361,Drew Bledsoe,QB,NE,1999,14,44,31,5.482,5,,4,0,0,0.0,0.0,0.0,20,22,19.0,,
00-0001361,Drew Bledsoe,QB,NE,1999,15,48,23,-25.586,6,,2,0,0,0.0,0.0,0.0,27,33,3.9,,
00-0001361,Drew Bledsoe,QB,NE,1999,16,20,10,-14.003,6,,3,0,0,0.0,0.0,,34,29,6.6,,
00-0001361,Drew Bledsoe,QB,NE,1999,17,25,15,-8.445,2,,3,0,0,0.0,0.0,0.0,22,18,6.3,,
00-0001471,Steve Bono,QB,,1999,9,1,0,-0.876,0,,2,0,0,0.0,,,0,0,-0.2,,
00-0001477,Marty Booker,WR,CHI,1999,7,0,0,0.0,0,,0,1,0,0.0,0.0233,0.0,24,23,0.0,,
00-0001477,Marty Booker,WR,CHI,1999,10,0,0,0.0,0,,0,8,7,58,0.1667,0.198,22,27,32.4,,
00-0001477,Marty Booker,WR,CHI,1999,11,0,0,0.0,0,,1,2,1,0.0,0.0513,,28,27,2.1,,
00-0001477,Marty Booker,WR,CHI,1999,12,0,0,0.0,0,,0,4,3,0.0,0.1026,0.0,12,15,12.3,,
00-0001477,Marty Booker,WR,CHI,1999,13,0,0,0.0,0,,0,1,1,0.0,0.0256,0.0,24,26,1.4,,
00-0001477,Marty Booker,WR,CHI,1999,15,0,0,0.0,0,,0,4,2,-39,0.1111,-0.1383,32,23,2.8,,
00-0001477,Marty Booker,WR,CHI,1999,16,0,0,0.0,0,,0,6,1,0.0,0.1111,,17,18,1.8,,
00-0001477,Marty Booker,WR,CHI,1999,17,0,0,0.0,0,,0,7,4,0.0,0.1707,0.0,18,15,6.9,,
00-0001525,James Bostic,RB,PHI,1999,3,0,0,0.0,0,,0,6,4,0.0,0.1622,,12,18,4.2,,
00-0001525,James Bostic,RB,PHI,1999,4,0,0,0.0,0,,1,1,1,0.0,0.0476,0.0,26,24,2.1,,
00-0001525,James Bostic,RB,PHI,1999,5,0,0,0.0,0,,1,0,0,0.0,0.0,0.0,27,27,0.4,,
00-0001525,James Bostic,RB,PHI,1999,8,0,0,0.0,0,,1,0,0,0.0,0.0,-0.0,31,30,0.2,,
00-0001525,James Bostic,RB,PHI,1999,9,0,0,0.0,0,,2,0,0,0.0,0.0,0.0,23,21,-1.2,,
00-0001532,David Boston,WR,ARI,1999,1,0,0,0.0,0,,1,6,4,0.0,0.1277,0.0,36,35,6.2,,
00-0001532,David Boston,WR,ARI,1999,2,0,0,0.0,0,,1,2,1,0.0,0.0714,0.0,28,27,1.7,,
00-0001532,David Boston,WR,ARI,1999,3,0,0,0.0,0,,0,5,0,0.0,0.1724,0.0,29,25,0.0,,
00-0001532,David Boston,WR,ARI,1999,4,0,0,0.0,0,,0,4,2,0.0,0.1026,0.0,21,25,3.1,,
00-0001532,David Boston,WR,ARI,1999,5,0,0,0.0,0,,0,12,8,0.0,0.4444,,27,25,24.1,,
00-0001532,David Boston,WR,ARI,1999,6,0,0,0.0,0,,1,4,3,0.0,0.1,0.0,20,26,6.6,,
00-0001532,David Boston,WR,ARI,1999,8,0,0,0.0,0,,0,10,2,0.0,0.2564,,19,21,3.4,,
00-0001532,David Boston,WR,ARI,1999,10,0,0,0.0,0,,0,4,4,0.0,0.1379,,32,29,9.3,,
00-0001532,David Boston,WR,ARI,1999,11,0,0,0.0,0,,1,7,3,11,0.28,0.25,30,26,8.4,,
00-0001532,David Boston,WR,ARI,1999,12,0,0,0.0,0,,0,1,1,0.0,0.0286,,34,36,1.9,,
00-0001532,David Boston,WR,ARI,1999,13,0,0,0.0,0,,0,5,3,0.0,0.1351,0.0,19,18,11.8,,
00-0001532,David Boston,WR,ARI,1999,14,0,0,0.0,0,,1,4,1,0.0,0.1333,0.0,14,17,5.1,,
00-0001532,David Boston,WR,ARI,1999,15,0,0,0.0,0,,0,3,1,0.0,0.1071,0.0,21,21,2.3,,
00-0001532,David Boston,WR,ARI,1999,16,0,0,0.0,0,,0,5,3,0.0,0.2083,0.0,24,18,6.2,,
00-0001532,David Boston,WR,ARI,1999,17,0,0,0.0,0,,0,9,4,22,0.1607,0.7857,24,30,9.2,,
00-0001582,Fabien Bownes,WR,SEA,1999,1,0,0,0.0,0,,0,1,1,0.0,0.0345,,16,17,1.9,,
00-0001582,Fabien Bownes,WR,SEA,1999,2,0,0,0.0,0,,0,3,2,0.0,0.1,,28,26,13.4,,
00-0001582,Fabien Bownes,WR,SEA,1999,3,0,0,0.0,0,,1,0,0,0.0,0.0,,34,31,-1.4,,
00-0001582,Fabien Bownes,WR,SEA,1999,14,0,0,0.0,0,,0,2,1,0.0,0.0526,0.0,21,22,1.5,,
00-0001627,Corey Bradford,WR,GB,1999,1,0,0,0.0,0,,0,3,2,9,0.0714,0.3913,20,24,10.7,,
00-0001627,Corey Bradford,WR,GB,1999,2,0,0,0.0,0,,0,6,3,0.0,0.1463,0.0,31,33,5.5,,
00-0001627,Corey Bradford,WR,GB,1999,3,0,0,0.0,0,,0,8,4,0.0,0.2162,,22,27,17.2,,
00-0001627,Corey Bradford,WR,GB,1999,5,0,0,0.0,0,,0,4,1,0.0,0.1026,,23,27,0.9,,
00-0001627,Corey Bradford,WR,GB,1999,6,0,0,0.0,0,,0,2,1,0.0,0.1053,0.0,11,11,6.4,,
00-0001627,Corey Bradford,WR,GB,1999,7,0,0,0.0,0,,0,3,0,0.0,0.12,0.0,28,27,0.0,,
00-0001627,Corey Bradford,WR,GB,1999,8,0,0,0.0,0,,0,9,3,36,0.2368,0.4865,29,29,19.6,,
00-0001627,Corey Bradford,WR,GB,1999,9,0,0,0.0,0,,0,5,3,0.0,0.125,0.0,29,30,8.3,,
00-0001627,Corey Bradford,WR,GB,1999,10,0,0,0.0,0,,0,11,3,0.0,0.2292,0.0,17,23,6.5,,
00-0001627,Corey Bradford,WR,GB,1999,11,0,0,0.0,0,,0,8,6,0.0,0.2051,,27,35,23.4,,
00-0001627,Corey Bradford,WR,GB,1999,12,0,0,0.0,0,,0,6,2,0.0,0.1714,,22,24,10.5,,
00-0001627,Corey Bradford,WR,GB,1999,13,0,0,0.0,0,,0,1,0,0.0,0.0417,0.0,35,33,0.0,,
00-0001627,Corey Bradford,WR,GB,1999,14,0,0,0.0,0,,0,3,1,0.0,0.0811,0.0,24,23,2.5,,
00-0001627,Corey Bradford,WR,GB,1999,15,0,0,0.0,0,,0,7,3,0.0,0.1892,0.0,28,30,7.3,,
00-0001627,Corey Bradford,WR,GB,1999,16,0,0,0.0,0,,0,8,2,0.0,0.1667,0.0,12,19,4.8,,
00-0001627,Corey Bradford,WR,GB,1999,17,0,0,0.0,0,,0,6,3,0.0,0.1765,0.0,28,30,7.1,,
00-0001661,Kyle Brady,TE,JAX,1999,1,0,0,0.0,0,,0,3,2,0.0,0.0968,,34,32,3.3,,
00-0001661,Kyle Brady,TE,JAX,1999,2,0,0,0.0,0,,0,3,3,0.0,0.1,,46,42,5.2,,
00-0001661,Kyle Brady,TE,JAX,1999,3,0,0,0.0,0,,0,5,2,0.0,0.125,0.0,33,29,3.2,,
00-0001661,Kyle Brady,TE,JAX,1999,4,0,0,0.0,0,,0,5,2,0.0,0.2083,0.0,35,32,4.0,,
00-0001661,Kyle Brady,TE,JAX,1999,5,0,0,0.0,0,,0,5,5,0.0,0.1613,,34,37,9.2,,
00-0001661,Kyle Brady,TE,JAX,1999,6,0,0,0.0,0,,0,2,2,0.0,0.0606,-0.0,33,35,12.1,,
00-0001661,Kyle Brady,TE,JAX,1999,8,0,0,0.0,0,,0,3,2,0.0,0.1071,,34,35,4.9,,
00-0001661,Kyle Brady,TE,JAX,1999,9,0,0,0.0,0,,0,4,1,0.0,0.1176,,34,33,2.1,,
00-0001661,Kyle Brady,TE,JAX,1999,10,0,0,0.0,0,,0,3,2,0.0,0.1034,,26,28,3.7,,
00-0001661,Kyle Brady,TE,JAX,1999,11,0,0,0.0,0,,0,2,1,0.0,0.0625,0.0,27,27,4.0,,
00-0001661,Kyle Brady,TE,JAX,1999,12,0,0,0.0,0,,0,7,4,0.0,0.1489,0.0,25,23,10.5,,
00-0001661,Kyle Brady,TE,JAX,1999,16,0,0,0.0,0,,0,5,3,0.0,0.1562,0.0,18,17,6.2,,
00-0001661,Kyle Brady,TE,JAX,1999,17,0,0,0.0,0,,0,4,3,0.0,0.1053,,36,35,6.2,,
00-0001719,Chris Brazzell,WR,DAL,1999,14,0,0,0.0,0,,0,2,1,0.0,0.05,,31,30,2.2,,
00-0001719,Chris Brazzell,WR,DAL,1999,15,0,0,0.0,0,,0,4,2,0.0,0.1429,0.0,31,29,8.2,,
00-0001719,Chris Brazzell,WR,DAL,1999,16,0,0,0.0,0,,0,4,1,12,0.1053,0.6667,26,26,3.1,,
00-0001719,Chris Brazzell,WR,DAL,1999,17,0,0,0.0,0,,0,1,1,0.0,0.0303,,29,30,2.9,,
00-0001766,Jeremy Brigham,TE,LV,1999,1,0,0,0.0,0,,0,2,1,0.0,0.0714,0.0,32,35,1.4,,
00-0001766,Jeremy Brigham,TE,LV,1999,2,0,0,0.0,0,,0,2,2,0.0,0.0606,,33,32,5.9,,
00-0001766,Jeremy Brigham,TE,LV,1999,3,0,0,0.0,0,,0,2,2,0.0,0.0588,,26,25,3.5,,
00-0001766,Jeremy Brigham,TE,LV,1999,4,0,0,0.0,0,,0,2,0,0.0,0.0625,0.0,32,37,0.0,,
00-0001766,Jeremy Brigham,TE,LV,1999,5,0,0,0.0,0,,0,2,1,0.0,0.0556,0.0,24,27,2.2,,
00-0001766,Jeremy Brigham,TE,LV,1999,7,0,0,0.0,0,,0,3,1,0.0,0.0588,0.0,23,20,1.9,,
00-0001766,Jeremy Brigham,TE,LV,1999,11,0,0,0.0,0,,0,1,1,0.0,0.0312,0.0,29,27,3.9,,
00-0001766,Jeremy Brigham,TE,LV,1999,14,0,0,0.0,0,,0,1,0,0.0,0.0357,0.0,22,26,0.0,,
00-0001766,Jeremy Brigham,TE,LV,1999,16,0,0,0.0,0,,0,1,0,0.0,0.0303,0.0,24,22,0.0,,
00-0001783,Vincent Brisby,WR,NE,1999,4,0,0,0.0,0,,0,2,2,0.0,0.0488,,35,32,4.7,,
00-0001783,Vincent Brisby,WR,NE,1999,6,0,0,0.0,0,,0,4,3,9,0.1111,1.0,14,18,9.8,,
00-0001783,Vincent Brisby,WR,NE,1999,7,0,0,0.0,0,,0,1,1,0.0,0.0476,,28,30,3.7,,
00-0001783,Vincent Brisby,WR,NE,1999,8,0,0,0.0,0,,0,3,2,0.0,0.1429,0.0,43,45,6.1,,
00-0001783,Vincent Brisby,WR,NE,1999,10,0,0,0.0,0,,0,1,0,0.0,0.0286,0.0,20,21,0.0,,
00-0001783,Vincent Brisby,WR,NE,1999,11,0,0,0.0,0,,0,4,1,0.0,0.129,0.0,19,22,1.7,,
00-0001783,Vincent Brisby,WR,NE,1999,13,0,0,0.0,0,,0,3,1,0.0,0.12,0.0,36,32,1.7,,
00-0001783,Vincent Brisby,WR,NE,1999,14,0,0,0.0,0,,0,4,2,8,0.0909,1.0,20,22,4.5,,
00-0001783,Vincent Brisby,WR,NE,1999,15,0,0,0.0,0,,0,2,1,0.0,0.0455,0.0,27,33,1.9,,
00-0001783,Vincent Brisby,WR,NE,1999,16,0,0,0.0,0,,0,6,4,0.0,0.3,,34,29,8.5,,
00-0001783,Vincent Brisby,WR,NE,1999,17,0,0,0.0,0,,0,3,1,0.0,0.1154,0.0,22,18,2.0,,
00-0001785,Bubby Brister,QB,DEN,1999,2,15,9,-3.308,0,,1,0,0,0.0,0.0,0.0,26,32,0.6,,
00-0001785,Bubby Brister,QB,DEN,1999,4,5,3,-4.083,0,,1,0,0,0.0,0.0,0.0,29,30,-1.4,,
00-0001842,Macey Brooks,WR,CHI,1999,1,0,0,0.0,0,,0,3,2,0.0,0.0652,,28,27,4.8,,
00-0001842,Macey Brooks,WR,CHI,1999,2,0,0,0.0,0,,0,1,1,0.0,0.0227,,30,29,2.5,,
00-0001842,Macey Brooks,WR,CHI,1999,3,0,0,0.0,0,,0,4,3,4,0.1143,1.0,16,19,8.1,,
00-0001842,Macey Brooks,WR,CHI,1999,4,0,0,0.0,0,,0,4,1,4,0.093,0.1667,28,28,1.4,,
00-0001842,Macey Brooks,WR,CHI,1999,5,0,0,0.0,0,,0,2,1,0.0,0.0476,,33,33,1.6,,
00-0001842,Macey Brooks,WR,CHI,1999,6,0,0,0.0,0,,0,2,0,40,0.0606,0.118,29,27,0.0,,
00-0001842,Macey Brooks,WR,CHI,1999,7,0,0,0.0,0,,1,4,3,0.0,0.093,0.0,24,23,6.0,,
00-0001842,Macey Brooks,WR,CHI,1999,8,0,0,0.0,0,,0,5,2,0.0,0.0877,0.0,26,29,4.3,,
00-0001842,Macey Brooks,WR,CHI,1999,9,0,0,0.0,0,,0,2,1,27,0.0588,0.3,29,27,2.0,,
00-0001862,Luther Broughton,TE,PHI,1999,1,0,0,0.0,0,,0,5,3,0.0,0.1923,0.0,26,24,11.9,,
00-0001862,Luther Broughton,TE,PHI,1999,2,0,0,0.0,0,,0,3,2,0.0,0.1071,0.0,20,15,3.9,,
00-0001862,Luther Broughton,TE,PHI,1999,3,0,0,0.0,0,,0,4,3,0.0,0.1081,,12,18,8.2,,
00-0001862,Luther Broughton,TE,PHI,1999,4,0,0,0.0,0,,0,2,1,0.0,0.0952,0.0,26,24,4.2,,
00-0001862,Luther Broughton,TE,PHI,1999,5,0,0,0.0,0,,0,3,1,0.0,0.1111,0.0,27,27,2.1,,
00-0001862,Luther Broughton,TE,PHI,1999,6,0,0,0.0,0,,0,3,2,7,0.0789,0.0268,26,30,9.8,,
00-0001862,Luther Broughton,TE,PHI,1999,7,0,0,0.0,0,,0,1,0,0.0,0.0435,0.0,22,21,0.0,,
00-0001862,Luther Broughton,TE,PHI,1999,8,0,0,0.0,0,,0,2,2,0.0,0.069,-0.0,31,30,2.8,,
00-0001862,Luther Broughton,TE,PHI,1999,9,0,0,0.0,0,,0,4,1,0.0,0.1429,0.0,23,21,1.6,,
00-0001862,Luther Broughton,TE,PHI,1999,10,0,0,0.0,0,,0,2,1,0.0,0.0952,,42,34,1.2,,
00-0001862,Luther Broughton,TE,PHI,1999,11,0,0,0.0,0,,0,5,4,25,0.1389,0.6944,20,22,10.5,,
00-0001862,Luther Broughton,TE,PHI,1999,12,0,0,0.0,0,,0,4,3,0.0,0.1481,,28,28,18.8,,
00-0001862,Luther Broughton,TE,PHI,1999,13,0,0,0.0,0,,0,2,1,0.0,0.0645,0.0,37,34,1.5,,
00-0001862,Luther Broughton,TE,PHI,1999,14,0,0,0.0,0,,0,2,1,0.0,0.0741,0.0,24,23,1.4,,
00-0001862,Luther Broughton,TE,PHI,1999,15,0,0,0.0,0,,0,1,0,0.0,0.0385,0.0,37,36,0.0,,
00-0001862,Luther Broughton,TE,PHI,1999,17,0,0,0.0,0,,0,3,1,0.0,0.0968,0.0,23,21,1.6,,
00-0001907,Dave Brown,QB,ARI,1999,4,6,4,1.049,0,,0,0,0,0.0,0.0,0.0,21,25,-0.8,,
00-0001907,Dave Brown,QB,ARI,1999,5,8,4,-2.322,1,,0,0,0,0.0,0.0,,27,25,1.6,,
00-0001907,Dave Brown,QB,ARI,1999,6,20,8,1.365,0,,1,0,0,0.0,0.0,0.0,20,26,7.3,,
00-0001907,Dave Brown,QB,ARI,1999,8,33,12,-18.809,3,,0,0,0,0.0,0.0,,19,21,0.3,,
00-0001907,Dave Brown,QB,ARI,1999,9,26,16,-3.816,6,,1,0,0,0.0,0.0,,18,21,8.3,,
00-0001907,Dave Brown,QB,ARI,1999,10,30,16,-4.659,3,,6,0,0,0.0,0.0,,32,29,10.3,,
00-0001907,Dave Brown,QB,ARI,1999,11,29,13,-9.349,2,,4,0,0,0.0,0.0,0.0,30,26,6.3,,
00-0001907,Dave Brown,QB,ARI,1999,12,17,11,-4.008,3,,1,0,0,0.0,0.0,,34,36,3.4,,
00-0001919,Derek Brown,TE,ARI,1999,5,0,0,0.0,0,,0,1,0,0.0,0.037,,27,25,0.0,,
00-0001938,Gary Brown,RB,NYG,1999,4,0,0,0.0,0,,27,1,1,0.0,0.025,0.0,38,31,9.8,,
00-0001938,Gary Brown,RB,NYG,1999,5,0,0,0.0,0,,18,1,1,0.0,0.027,0.0,28,24,7.8,,
00-0001938,Gary Brown,RB,NYG,1999,6,0,0,0.0,0,,10,0,0,0.0,0.0,,30,25,2.3,,
00-0002005,Na Brown,WR,PHI,1999,2,0,0,0.0,0,,0,1,0,0.0,0.0357,0.0,20,15,0.0,,
00-0002005,Na Brown,WR,PHI,1999,6,0,0,0.0,0,,0,2,1,16,0.0526,0.0613,26,30,2.2,,
00-0002005,Na Brown,WR,PHI,1999,11,0,0,0.0,0,,0,4,2,0.0,0.1111,0.0,20,22,2.9,,
00-0002005,Na Brown,WR,PHI,1999,12,0,0,0.0,0,,0,3,2,0.0,0.1111,,28,28,3.5,,
00-0002005,Na Brown,WR,PHI,1999,13,0,0,0.0,0,,0,8,4,0.0,0.2581,0.0,37,34,6.9,,
00-0002005,Na Brown,WR,PHI,1999,14,0,0,0.0,0,,0,7,3,0.0,0.2593,0.0,24,23,12.7,,
00-0002005,Na Brown,WR,PHI,1999,15,0,0,0.0,0,,0,6,3,0.0,0.2308,0.0,37,36,9.0,,
00-0002005,Na Brown,WR,PHI,1999,17,0,0,0.0,0,,0,5,3,0.0,0.1613,0.0,23,21,5.6,,
00-0002058,Tim Brown,WR,LV,1999,1,0,0,0.0,0,,0,7,4,0.0,0.25,0.0,32,35,9.1,,
00-0002058,Tim Brown,WR,LV,1999,2,0,0,0.0,0,,0,12,9,0.0,0.3636,,33,32,17.6,,
00-0002058,Tim Brown,WR,LV,1999,3,0,0,0.0,0,,0,12,9,0.0,0.3529,,26,25,27.1,,
00-0002058,Tim Brown,WR,LV,1999,4,0,0,0.0,0,,0,5,4,0.0,0.1562,0.0,32,37,15.6,,
00-0002058,Tim Brown,WR,LV,1999,5,0,0,0.0,0,,0,12,6,10,0.3333,0.5,24,27,11.1,,
00-0002058,Tim Brown,WR,LV,1999,6,0,0,0.0,0,,0,6,3,53,0.2727,0.3955,48,47,7.7,,
00-0002058,Tim Brown,WR,LV,1999,7,0,0,0.0,0,,0,13,11,13,0.2549,1.0,23,20,36.0,,
00-0002058,Tim Brown,WR,LV,1999,8,0,0,0.0,0,,0,16,7,0.0,0.5161,0.0,19,20,18.3,,
00-0002058,Tim Brown,WR,LV,1999,10,0,0,0.0,0,,1,8,7,0.0,0.3478,,43,37,19.1,,
00-0002058,Tim Brown,WR,LV,1999,11,0,0,0.0,0,,0,5,3,0.0,0.1562,0.0,29,27,7.6,,
00-0002058,Tim Brown,WR,LV,1999,12,0,0,0.0,0,,0,10,5,0.0,0.3448,0.0,25,22,13.3,,
00-0002058,Tim Brown,WR,LV,1999,13,0,0,0.0,0,,0,8,6,0.0,0.3333,0.0,41,38,25.5,,
00-0002058,Tim Brown,WR,LV,1999,14,0,0,0.0,0,,0,5,3,0.0,0.1786,0.0,22,26,6.0,,
00-0002058,Tim Brown,WR,LV,1999,15,0,0,0.0,0,,0,7,4,0.0,0.25,,37,38,14.7,,
00-0002058,Tim Brown,WR,LV,1999,16,0,0,0.0,0,,0,6,3,14,0.1818,1.0,24,22,13.9,,
00-0002058,Tim Brown,WR,LV,1999,17,0,0,0.0,0,,0,13,6,20,0.3023,1.0,30,37,18.2,,
00-0002068,Troy Brown,WR,NE,1999,1,0,0,0.0,0,,0,5,2,7,0.1667,1.0,27,28,5.3,,
00-0002068,Troy Brown,WR,NE,1999,2,0,0,0.0,0,,0,4,2,0.0,0.0889,,27,32,5.7,,
00-0002068,Troy Brown,WR,NE,1999,3,0,0,0.0,0,,0,4,4,0.0,0.1481,,29,30,9.0,,
00-0002068,Troy Brown,WR,NE,1999,4,0,0,0.0,0,,0,4,4,0.0,0.0976,,35,32,9.9,,
00-0002068,Troy Brown,WR,NE,1999,10,0,0,0.0,0,,0,4,2,0.0,0.1143,0.0,20,21,12.1,,
00-0002068,Troy Brown,WR,NE,1999,11,0,0,0.0,0,,0,4,3,0.0,0.129,0.0,19,22,5.6,,
00-0002068,Troy Brown,WR,NE,1999,12,0,0,0.0,0,,0,5,1,18,0.1667,0.8182,25,29,2.1,,
00-0002068,Troy Brown,WR,NE,1999,13,0,0,0.0,0,,0,4,4,0.0,0.16,0.0,36,32,8.0,,
00-0002068,Troy Brown,WR,NE,1999,14,0,0,0.0,0,,0,5,3,0.0,0.1136,0.0,20,22,8.3,,
00-0002068,Troy Brown,WR,NE,1999,15,0,0,0.0,0,,0,10,5,0.0,0.2273,0.0,27,33,15.5,,
00-0002068,Troy Brown,WR,NE,1999,16,0,0,0.0,0,,0,2,1,0.0,0.1,,34,29,0.7,,
00-0002068,Troy Brown,WR,NE,1999,17,1,0,-0.368,0,,0,5,5,0.0,0.1923,0.0,22,18,6.9,,
00-0002099,Isaac Bruce,WR,LA,1999,3,0,0,0.0,0,,1,7,3,0.0,0.28,,34,28,16.9,,
00-0002099,Isaac Bruce,WR,LA,1999,4,0,0,0.0,0,,0,8,6,0.0,0.3636,,28,22,21.2,,
00-0002099,Isaac Bruce,WR,LA,1999,5,0,0,0.0,0,,0,6,5,33,0.2609,1.0,28,24,42.4,,
00-0002099,Isaac Bruce,WR,LA,1999,6,0,0,0.0,0,,0,8,6,16,0.4,1.0,28,24,16.8,,
00-0002099,Isaac Bruce,WR,LA,1999,7,0,0,0.0,0,,1,6,4,0.0,0.1765,,29,36,15.0,,
00-0002099,Isaac Bruce,WR,LA,1999,8,0,0,0.0,0,,0,9,6,0.0,0.2045,,19,24,17.3,,
00-0002099,Isaac Bruce,WR,LA,1999,9,0,0,0.0,0,,0,7,2,26,0.1628,0.7027,16,22,7.4,,
00-0002099,Isaac Bruce,WR,LA,1999,10,0,0,0.0,0,,0,7,5,26,0.2414,1.0,20,19,17.9,,
00-0002099,Isaac Bruce,WR,LA,1999,11,0,0,0.0,0,,1,12,11,0.0,0.3243,0.0,30,25,26.7,,
00-0002099,Isaac Bruce,WR,LA,1999,12,0,0,0.0,0,,0,13,5,0.0,0.4815,,27,23,13.1,,
00-0002099,Isaac Bruce,WR,LA,1999,13,0,0,0.0,0,,0,7,6,16,0.2188,0.5714,33,28,17.1,,
00-0002099,Isaac Bruce,WR,LA,1999,14,0,0,0.0,0,,0,8,4,76,0.2581,0.3918,34,34,14.2,,
00-0002099,Isaac Bruce,WR,LA,1999,15,0,0,0.0,0,,0,3,2,0.0,0.0938,,27,23,5.9,,
00-0002099,Isaac Bruce,WR,LA,1999,16,0,0,0.0,0,,2,5,4,0.0,0.122,0.0,27,33,15.6,,
00-0002099,Isaac Bruce,WR,LA,1999,17,0,0,0.0,0,,0,3,0,0.0,0.0789,0.0,26,14,0.0,,
00-0002102,Mark Bruener,TE,PIT,1999,1,0,0,0.0,0,,0,1,0,0.0,0.0312,,57,52,0.0,,
00-0002102,Mark Bruener,TE,PIT,1999,2,0,0,0.0,0,,0,3,2,0.0,0.1111,,36,28,2.4,,
00-0002102,Mark Bruener,TE,PIT,1999,3,0,0,0.0,0,,0,5,3,0.0,0.125,0.0,19,21,5.5,,
00-0002102,Mark Bruener,TE,PIT,1999,4,0,0,0.0,0,,0,1,1,0.0,0.0312,0.0,31,30,1.5,,
00-0002102,Mark Bruener,TE,PIT,1999,5,0,0,0.0,0,,0,2,1,8,0.069,0.0374,23,23,1.5,,
00-0002102,Mark Bruener,TE,PIT,1999,7,0,0,0.0,0,,0,1,0,0.0,0.0476,,35,28,0.0,,
00-0002102,Mark Bruener,TE,PIT,1999,9,0,0,0.0,0,,0,3,1,0.0,0.1154,,31,25,1.0,,
00-0002102,Mark Bruener,TE,PIT,1999,10,0,0,0.0,0,,0,4,2,0.0,0.125,0.0,37,32,4.0,,
00-0002102,Mark Bruener,TE,PIT,1999,11,0,0,0.0,0,,0,2,0,0.0,0.0714,-0.0,20,19,0.0,,
00-0002102,Mark Bruener,TE,PIT,1999,12,0,0,0.0,0,,0,3,2,0.0,0.0667,0.0,31,31,7.1,,
00-0002102,Mark Bruener,TE,PIT,1999,13,0,0,0.0,0,,0,4,3,0.0,0.1053,,15,15,5.7,,
00-0002102,Mark Bruener,TE,PIT,1999,14,0,0,0.0,0,,0,4,2,0.0,0.093,,22,25,5.3,,
00-0002102,Mark Bruener,TE,PIT,1999,15,0,0,0.0,0,,0,1,1,0.0,0.0238,0.0,28,29,1.6,,
00-0002110,Mark Brunell,QB,JAX,1999,1,30,22,7.167,2,,2,0,0,0.0,0.0,,34,32,17.8,,
00-0002110,Mark Brunell,QB,JAX,1999,2,32,20,6.599,2,,6,0,0,0.0,0.0,,46,42,8.6,,
00-0002110,Mark Brunell,QB,JAX,1999,3,42,22,-7.781,0,,6,0,0,0.0,0.0,0.0,33,29,10.6,,
00-0002110,Mark Brunell,QB,JAX,1999,4,25,10,-8.008,1,,5,0,0,0.0,0.0,0.0,35,32,7.5,,
00-0002110,Mark Brunell,QB,JAX,1999,5,35,21,0.34,2,,2,0,0,0.0,0.0,,34,37,9.2,,
00-0002110,Mark Brunell,QB,JAX,1999,6,19,12,0.967,0,,2,0,0,0.0,0.0,-0.0,33,35,5.2,,
00-0002110,Mark Brunell,QB,JAX,1999,8,19,11,10.708,1,,2,0,0,0.0,0.0,,34,35,14.9,,
00-0002110,Mark Brunell,QB,JAX,1999,9,27,14,9.267,2,,2,0,0,0.0,0.0,,34,33,20.8,,
00-0002110,Mark Brunell,QB,JAX,1999,10,29,20,-5.824,6,,1,0,0,0.0,0.0,,26,28,5.7,,
00-0002110,Mark Brunell,QB,JAX,1999,11,30,19,12.188,3,,3,0,0,0.0,0.0,0.0,27,27,22.7,,
00-0002110,Mark Brunell,QB,JAX,1999,12,47,27,16.728,3,,4,0,0,0.0,0.0,0.0,25,23,22.0,,
00-0002110,Mark Brunell,QB,JAX,1999,13,37,25,9.669,2,,3,0,0,0.0,0.0,,34,33,17.3,,
00-0002110,Mark Brunell,QB,JAX,1999,14,25,11,-7.728,3,,5,0,0,0.0,0.0,,32,27,5.4,,
00-0002110,Mark Brunell,QB,JAX,1999,15,33,21,15.328,1,,3,0,0,0.0,0.0,0.0,33,32,20.3,,
00-0002110,Mark Brunell,QB,JAX,1999,16,11,4,0.704,1,,1,0,0,0.0,0.0,0.0,18,17,3.2,,
00-0002380,Steve Bush,RB,CIN,1999,5,0,0,0.0,0,,0,1,1,0.0,0.0256,,36,35,1.4,,
00-0002459,Kenny Bynum,RB,LAC,1999,2,0,0,0.0,0,,3,0,0,0.0,0.0,,35,38,0.4,,
00-0002459,Kenny Bynum,RB,LAC,1999,4,0,0,0.0,0,,1,1,1,0.0,0.037,0.0,17,24,8.8,,
00-0002459,Kenny Bynum,RB,LAC,1999,5,0,0,0.0,0,,9,2,2,0.0,0.0588,0.0,24,32,4.9,,
00-0002459,Kenny Bynum,RB,LAC,1999,6,0,0,0.0,0,,2,0,0,0.0,0.0,0.0,21,33,1.6,,
00-0002459,Kenny Bynum,RB,LAC,1999,7,0,0,0.0,0,,6,3,1,0.0,0.0556,0.0,27,30,4.8,,
00-0002459,Kenny Bynum,RB,LAC,1999,8,0,0,0.0,0,,12,3,3,0.0,0.0968,0.0,20,26,11.1,,
00-0002459,Kenny Bynum,RB,LAC,1999,9,0,0,0.0,0,,11,7,3,0.0,0.1892,0.0,19,27,6.4,,
00-0002459,Kenny Bynum,RB,LAC,1999,10,0,0,0.0,0,,0,1,1,0.0,0.0323,,16,19,2.6,,
00-0002459,Kenny Bynum,RB,LAC,1999,11,0,0,0.0,0,,1,0,0,0.0,0.0,,27,35,0.5,,
00-0002459,Kenny Bynum,RB,LAC,1999,12,0,0,0.0,0,,8,2,2,0.0,0.0513,0.0,20,26,19.6,,
00-0002459,Kenny Bynum,RB,LAC,1999,13,0,0,0.0,0,,17,1,0,0.0,0.0476,,44,42,12.0,,
00-0002459,Kenny Bynum,RB,LAC,1999,14,0,0,0.0,0,,15,1,1,0.0,0.0294,0.0,39,44,4.5,,
00-0002459,Kenny Bynum,RB,LAC,1999,15,0,0,0.0,0,,5,1,1,0.0,0.0278,,21,31,2.3,,
00-0002459,Kenny Bynum,RB,LAC,1999,17,0,0,0.0,0,,2,1,1,0.0,0.0435,0.0,34,39,2.1,,
00-0002469,Isaac Byrd,WR,TEN,1999,5,0,0,0.0,0,,0,3,3,0.0,0.0857,,24,27,5.2,,
00-0002469,Isaac Byrd,WR,TEN,1999,6,0,0,0.0,0,,0,1,1,4,0.04,0.037,35,30,1.4,,
00-0002469,Isaac Byrd,WR,TEN,1999,9,0,0,0.0,0,,0,2,0,10,0.0513,0.2174,23,20,0.0,,
00-0002469,Isaac Byrd,WR,TEN,1999,10,0,0,0.0,0,,0,2,1,0.0,0.08,,37,31,2.2,,
00-0002469,Isaac Byrd,WR,TEN,1999,11,0,0,0.0,0,,0,3,0,44,0.12,1.0,32,23,0.0,,
00-0002469,Isaac Byrd,WR,TEN,1999,12,0,0,0.0,0,,0,1,0,0.0,0.0278,,33,29,0.0,,
00-0002469,Isaac Byrd,WR,TEN,1999,13,0,0,0.0,0,,0,4,2,0.0,0.08,0.0,14,16,5.2,,
00-0002469,Isaac Byrd,WR,TEN,1999,14,0,0,0.0,0,,0,2,1,0.0,0.1053,0.0,33,34,2.1,,
00-0002469,Isaac Byrd,WR,TEN,1999,15,0,0,0.0,0,,0,2,2,0.0,0.0667,,28,24,16.4,,
00-0002469,Isaac Byrd,WR,TEN,1999,16,0,0,0.0,0,,0,3,2,0.0,0.0789,,37,33,15.1,,
00-0002469,Isaac Byrd,WR,TEN,1999,17,0,0,0.0,0,,0,2,2,0.0,0.0909,0.0,33,29,2.5,,
00-0002544,Chris Calloway,WR,ATL,1999,1,0,0,0.0,0,,0,7,5,0.0,0.2258,,23,21,19.4,,
00-0002544,Chris Calloway,WR,ATL,1999,2,0,0,0.0,0,,0,9,3,2,0.2647,0.1176,24,23,8.2,,
00-0002544,Chris Calloway,WR,ATL,1999,3,0,0,0.0,0,,0,3,2,0.0,0.0968,0.0,22,21,4.1,,
00-0002544,Chris Calloway,WR,ATL,1999,4,0,0,0.0,0,,0,11,4,0.0,0.2558,,26,29,9.3,,
00-0002544,Chris Calloway,WR,ATL,1999,5,0,0,0.0,0,,0,1,1,0.0,0.0526,,33,32,1.9,,
00-0002544,Chris Calloway,WR,ATL,1999,6,0,0,0.0,0,,0,4,2,0.0,0.1176,0.0,19,17,3.9,,
00-0002544,Chris Calloway,WR,ATL,1999,7,0,0,0.0,0,,0,1,1,0.0,0.0323,0.0,25,18,2.0,,
00-0002544,Chris Calloway,WR,ATL,1999,8,0,0,0.0,0,,0,3,1,0.0,0.1429,,32,34,2.1,,
00-0002544,Chris Calloway,WR,ATL,1999,12,0,0,0.0,0,,0,2,2,0.0,0.05,,15,13,5.3,,
00-0002544,Chris Calloway,WR,ATL,1999,13,0,0,0.0,0,,0,1,1,0.0,0.0476,0.0,28,23,3.2,,
00-0002544,Chris Calloway,WR,ATL,1999,14,0,0,0.0,0,,0,1,0,0.0,0.037,0.0,12,10,0.0,,
00-0002565,Dan Campbell,TE,NYG,1999,2,0,0,0.0,0,,0,1,0,0.0,0.0263,0.0,17,16,0.0,,
00-0002586,Mark Campbell,TE,CLE,1999,2,0,0,0.0,0,,0,3,2,0.0,0.125,,16,15,4.8,,
00-0002586,Mark Campbell,TE,CLE,1999,3,0,0,0.0,0,,0,1,0,0.0,0.0333,0.0,24,25,0.0,,
00-0002586,Mark Campbell,TE,CLE,1999,4,0,0,0.0,0,,0,2,0,0.0,0.0741,,20,20,0.0,,
00-0002586,Mark Campbell,TE,CLE,1999,5,0,0,0.0,0,,0,1,0,0.0,0.037,0.0,23,25,0.0,,
00-0002586,Mark Campbell,TE,CLE,1999,10,0,0,0.0,0,,0,1,1,0.0,0.0357,0.0,21,22,2.2,,
00-0002586,Mark Campbell,TE,CLE,1999,11,0,0,0.0,0,,0,1,1,0.0,0.0227,0.0,19,24,3.1,,
00-0002586,Mark Campbell,TE,CLE,1999,12,0,0,0.0,0,,0,2,2,0.0,0.0571,,24,24,4.5,,
00-0002586,Mark Campbell,TE,CLE,1999,13,0,0,0.0,0,,0,1,1,0.0,0.0345,0.0,16,20,2.2,,
00-0002586,Mark Campbell,TE,CLE,1999,14,0,0,0.0,0,,0,3,2,0.0,0.0789,0.0,11,12,5.3,,
00-0002701,Rae Carruth,WR,CAR,1999,1,0,0,0.0,0,,0,8,5,0.0,0.2667,0.0,16,17,11.3,,
00-0002701,Rae Carruth,WR,CAR,1999,2,0,0,0.0,0,,0,5,2,45,0.2,1.0,18,18,4.7,,
00-0002701,Rae Carruth,WR,CAR,1999,3,0,0,0.0,0,,0,3,3,0.0,0.1364,,18,16,6.5,,
00-0002701,Rae Carruth,WR,CAR,1999,4,0,0,0.0,0,,1,8,3,0.0,0.1739,0.0,19,20,9.6,,
00-0002701,Rae Carruth,WR,CAR,1999,6,0,0,0.0,0,,0,2,1,26,0.0556,0.1361,27,25,2.3,,
00-0002713,Tony Carter,RB,NE,1999,2,0,0,0.0,0,,0,6,4,0.0,0.1333,,27,32,6.4,,
00-0002713,Tony Carter,RB,NE,1999,3,0,0,0.0,0,,2,2,2,0.0,0.0741,,29,30,3.8,,
00-0002713,Tony Carter,RB,NE,1999,4,0,0,0.0,0,,1,4,3,0.0,0.0976,,35,32,4.7,,
00-0002713,Tony Carter,RB,NE,1999,5,0,0,0.0,0,,0,2,1,0.0,0.0476,0.0,19,22,1.5,,
00-0002713,Tony Carter,RB,NE,1999,7,0,0,0.0,0,,1,2,2,0.0,0.0952,,28,30,5.7,,
00-0002713,Tony Carter,RB,NE,1999,8,0,0,0.0,0,,2,4,2,3,0.1905,1.0,43,45,3.4,,
00-0002713,Tony Carter,RB,NE,1999,11,0,0,0.0,0,,0,1,1,0.0,0.0323,0.0,19,22,1.2,,
00-0002713,Tony Carter,RB,NE,1999,12,0,0,0.0,0,,0,3,2,0.0,0.1,0.0,25,29,2.9,,
00-0002713,Tony Carter,RB,NE,1999,13,0,0,0.0,0,,0,3,0,-1,0.12,-0.0526,36,32,0.0,,
00-0002713,Tony Carter,RB,NE,1999,14,0,0,0.0,0,,0,3,2,0.0,0.0682,0.0,20,22,2.4,,
00-0002713,Tony Carter,RB,NE,1999,17,0,0,0.0,0,,0,1,1,0.0,0.0385,0.0,22,18,1.4,,
00-0002721,Cris Carter,WR,MIN,1999,1,0,0,0.0,0,,0,10,7,0.0,0.3125,,32,33,20.0,,
00-0002721,Cris Carter,WR,MIN,1999,2,0,0,0.0,0,,0,6,5,0.0,0.1622,0.0,15,16,12.0,,
00-0002721,Cris Carter,WR,MIN,1999,3,0,0,0.0,0,,0,7,4,0.0,0.2333,0.0,29,31,12.5,,
00-0002721,Cris Carter,WR,MIN,1999,4,0,0,0.0,0,,0,9,6,11,0.2571,1.0,23,31,10.1,,
00-0002721,Cris Carter,WR,MIN,1999,5,0,0,0.0,0,,0,12,5,0.0,0.2727,0.0,20,19,11.2,,
00-0002721,Cris Carter,WR,MIN,1999,6,0,0,0.0,0,,0,6,4,5,0.2308,0.1064,19,20,14.5,,
00-0002721,Cris Carter,WR,MIN,1999,7,0,0,0.0,0,,0,9,7,0.0,0.3214,0.0,31,25,21.4,,
00-0002721,Cris Carter,WR,MIN,1999,8,0,0,0.0,0,,0,11,8,0.0,0.3929,,24,23,34.4,,
00-0002721,Cris Carter,WR,MIN,1999,9,0,0,0.0,0,,0,10,9,0.0,0.3448,0.0,32,27,26.6,,
00-0002721,Cris Carter,WR,MIN,1999,10,0,0,0.0,0,,0,12,9,94,0.2727,0.2781,28,29,41.1,,
00-0002721,Cris Carter,WR,MIN,1999,12,0,0,0.0,0,,0,17,11,0.0,0.4048,0.0,29,30,36.6,,
00-0002721,Cris Carter,WR,MIN,1999,13,0,0,0.0,0,,0,14,6,-6,0.3256,-0.3158,24,34,16.2,,
00-0002721,Cris Carter,WR,MIN,1999,14,0,0,0.0,0,,0,2,1,0.0,0.0952,,35,34,3.2,,
00-0002721,Cris Carter,WR,MIN,1999,16,0,0,0.0,0,,0,6,5,0.0,0.3,0.0,25,25,24.1,,
00-0002721,Cris Carter,WR,MIN,1999,17,0,0,0.0,0,,0,5,3,0.0,0.2273,0.0,30,31,8.2,,
00-0002743,Ki-Jana Carter,RB,CIN,1999,1,0,0,0.0,0,,6,2,1,0.0,0.0606,0.0,42,33,9.6,,
00-0002743,Ki-Jana Carter,RB,CIN,1999,2,0,0,0.0,0,,0,3,2,0.0,0.1,0.0,17,16,3.3,,
00-0002743,Ki-Jana Carter,RB,CIN,1999,3,0,0,0.0,0,,0,1,0,0.0,0.0233,0.0,28,26,0.0,,
00-0002787,Stoney Case,QB,BAL,1999,2,15,7,0.349,1,,1,0,0,0.0,0.0,0.0,29,27,8.0,,
00-0002787,Stoney Case,QB,BAL,1999,3,25,12,-7.629,4,,11,0,0,0.0,0.0,0.0,37,30,18.3,,
00-0002787,Stoney Case,QB,BAL,1999,4,27,13,1.527,5,,5,0,0,0.0,0.0,,34,28,16.0,,
00-0002787,Stoney Case,QB,BAL,1999,5,36,15,-4.538,3,,3,0,0,0.0,0.0,,26,25,6.5,,
00-0002787,Stoney Case,QB,BAL,1999,7,37,15,-34.674,0,,5,0,0,0.0,0.0,0.0,27,25,1.9,,
00-0002787,Stoney Case,QB,BAL,1999,9,0,0,0.0,0,,4,0,0,0.0,0.0,,38,34,7.7,,
00-0002787,Stoney Case,QB,BAL,1999,10,12,7,5.585,0,,2,0,0,0.0,0.0,-0.0,24,24,5.7,,
00-0002787,Stoney Case,QB,BAL,1999,13,0,0,0.0,0,,3,0,0,0.0,0.0,,22,21,-0.4,,
00-0002787,Stoney Case,QB,BAL,1999,15,3,0,-4.817,1,,1,0,0,0.0,0.0,0.0,24,30,-2.1,,
00-0002787,Stoney Case,QB,BAL,1999,17,14,8,-4.857,3,,1,0,0,0.0,0.0,0.0,23,30,2.0,,
00-0002861,Byron Chamberlain,TE,DEN,1999,1,0,0,0.0,0,,0,6,4,0.0,0.1538,,26,28,9.2,,
00-0002861,Byron Chamberlain,TE,DEN,1999,2,0,0,0.0,0,,0,1,1,0.0,0.0345,0.0,26,32,2.7,,
00-0002861,Byron Chamberlain,TE,DEN,1999,4,0,0,0.0,0,,0,1,1,0.0,0.0303,0.0,29,30,2.3,,
00-0002861,Byron Chamberlain,TE,DEN,1999,5,0,0,0.0,0,,0,4,3,0.0,0.1333,0.0,28,23,7.0,,
00-0002861,Byron Chamberlain,TE,DEN,1999,6,0,0,0.0,0,,0,6,3,0.0,0.2069,0.0,51,50,15.3,,
00-0002861,Byron Chamberlain,TE,DEN,1999,7,0,0,0.0,0,,0,6,4,0.0,0.1579,,27,30,8.6,,
00-0002861,Byron Chamberlain,TE,DEN,1999,8,0,0,0.0,0,,0,9,5,0.0,0.25,0.0,30,24,15.2,,
00-0002861,Byron Chamberlain,TE,DEN,1999,10,0,0,0.0,0,,0,3,1,0.0,0.1,0.0,31,32,1.2,,
00-0002861,Byron Chamberlain,TE,DEN,1999,11,0,0,0.0,0,,0,3,1,0.0,0.0769,,30,25,2.1,,
00-0002861,Byron Chamberlain,TE,DEN,1999,13,0,0,0.0,0,,0,1,0,0.0,0.0294,0.0,18,25,0.0,,
00-0002861,Byron Chamberlain,TE,DEN,1999,14,0,0,0.0,0,,0,4,3,0.0,0.1212,0.0,27,27,16.5,,
00-0002861,Byron Chamberlain,TE,DEN,1999,15,0,0,0.0,0,,0,5,1,0.0,0.1282,0.0,33,36,1.1,,
00-0002861,Byron Chamberlain,TE,DEN,1999,16,0,0,0.0,0,,0,4,4,0.0,0.1379,0.0,36,34,9.2,,
00-0002861,Byron Chamberlain,TE,DEN,1999,17,0,0,0.0,0,,0,4,1,0.0,0.0909,,22,25,2.4,,
00-0002873,Robert Chancey,RB,DAL,1999,10,0,0,0.0,0,,14,0,0,0.0,0.0,0.0,34,34,5.7,,
00-0002876,Chris Chandler,QB,ATL,1999,1,30,17,12.008,2,,3,0,0,0.0,0.0,,23,21,14.4,,
00-0002876,Chris Chandler,QB,ATL,1999,3,9,5,-6.502,1,,1,0,0,0.0,0.0,0.0,22,21,-0.9,,
00-0002876,Chris Chandler,QB,ATL,1999,6,18,10,-9.468,2,,1,0,0,0.0,0.0,0.0,19,17,9.1,,
00-0002876,Chris Chandler,QB,ATL,1999,7,34,20,-4.825,7,,2,0,0,0.0,0.0,0.0,25,18,11.8,,
00-0002876,Chris Chandler,QB,ATL,1999,8,21,14,0.89,3,,1,0,0,0.0,0.0,,32,34,15.9,,
00-0002876,Chris Chandler,QB,ATL,1999,9,25,14,-16.758,8,,0,0,0,0.0,0.0,0.0,11,15,6.5,,
00-0002876,Chris Chandler,QB,ATL,1999,11,25,14,-12.233,2,,2,0,0,0.0,0.0,0.0,24,23,0.7,,
00-0002876,Chris Chandler,QB,ATL,1999,12,42,24,12.303,4,,1,0,0,0.0,0.0,,15,13,27.7,,
00-0002876,Chris Chandler,QB,ATL,1999,13,25,15,1.531,0,,1,0,0,0.0,0.0,0.0,28,23,17.4,,
00-0002876,Chris Chandler,QB,ATL,1999,14,18,8,-9.257,3,,1,0,0,0.0,0.0,0.0,12,10,2.9,,
00-0002876,Chris Chandler,QB,ATL,1999,16,23,14,12.064,0,,1,0,0,0.0,0.0,,39,28,13.2,,
00-0002876,Chris Chandler,QB,ATL,1999,17,36,19,14.673,0,,2,0,0,0.0,0.0,,21,18,24.4,,
00-0002942,Darrin Chiaverini,WR,CLE,1999,2,0,0,0.0,0,,0,2,0,0.0,0.0833,,16,15,0.0,,
00-0002942,Darrin Chiaverini,WR,CLE,1999,4,0,0,0.0,0,,0,4,2,0.0,0.1481,,20,20,4.3,,
00-0002942,Darrin Chiaverini,WR,CLE,1999,5,0,0,0.0,0,,0,2,1,0.0,0.0741,0.0,23,25,2.0,,
00-0002942,Darrin Chiaverini,WR,CLE,1999,6,0,0,0.0,0,,0,7,5,5,0.3182,0.2778,28,27,9.5,,
00-0002942,Darrin Chiaverini,WR,CLE,1999,8,0,0,0.0,0,,0,1,0,0.0,0.0526,,21,20,0.0,,
00-0002942,Darrin Chiaverini,WR,CLE,1999,9,0,0,0.0,0,,0,4,0,0.0,0.125,0.0,20,21,0.0,,
00-0002942,Darrin Chiaverini,WR,CLE,1999,10,0,0,0.0,0,,0,5,3,0.0,0.1786,0.0,21,22,7.4,,
00-0002942,Darrin Chiaverini,WR,CLE,1999,11,0,0,0.0,0,,0,10,8,0.0,0.2273,0.0,19,24,21.2,,
00-0002942,Darrin Chiaverini,WR,CLE,1999,12,0,0,0.0,0,,0,9,4,0.0,0.2571,,24,24,9.1,,
00-0002942,Darrin Chiaverini,WR,CLE,1999,13,0,0,0.0,0,,0,7,4,0.0,0.2414,0.0,16,20,8.6,,
00-0002942,Darrin Chiaverini,WR,CLE,1999,14,0,0,0.0,0,,0,8,4,0.0,0.2105,0.0,11,12,14.8,,
00-0002942,Darrin Chiaverini,WR,CLE,1999,15,0,0,0.0,0,,0,11,10,0.0,0.275,,20,20,26.8,,
00-0002942,Darrin Chiaverini,WR,CLE,1999,16,0,0,0.0,0,,0,6,3,0.0,0.2308,,26,27,13.0,,
00-0002958,Mark Chmura,TE,GB,1999,1,0,0,0.0,0,,0,7,4,10,0.1667,0.4348,20,24,8.4,,
00-0002958,Mark Chmura,TE,GB,1999,2,0,0,0.0,0,,0,2,1,0.0,0.0488,0.0,31,33,2.1,,
00-0002962,Wayne Chrebet,WR,NYJ,1999,6,0,0,0.0,0,,0,12,5,0.0,0.4,0.0,29,28,10.1,,
00-0002962,Wayne Chrebet,WR,NYJ,1999,7,0,0,0.0,0,,0,4,2,28,0.1905,0.4375,34,29,6.9,,
00-0002962,Wayne Chrebet,WR,NYJ,1999,9,0,0,0.0,0,,0,3,2,0.0,0.1667,,46,43,3.9,,
00-0002962,Wayne Chrebet,WR,NYJ,1999,10,0,0,0.0,0,,0,10,7,9,0.3333,0.6429,43,34,14.0,,
00-0002962,Wayne Chrebet,WR,NYJ,1999,11,0,0,0.0,0,,0,5,3,0.0,0.2381,,35,32,6.7,,
00-0002962,Wayne Chrebet,WR,NYJ,1999,12,0,0,0.0,0,,0,4,3,0.0,0.1739,,26,24,5.1,,
00-0002962,Wayne Chrebet,WR,NYJ,1999,13,0,0,0.0,0,,0,11,7,0.0,0.234,,12,17,27.4,,
00-0002962,Wayne Chrebet,WR,NYJ,1999,14,0,0,0.0,0,,0,7,3,0.0,0.1892,,28,26,7.2,,
00-0002962,Wayne Chrebet,WR,NYJ,1999,15,0,0,0.0,0,,0,13,8,0.0,0.3714,0.0,35,30,18.8,,
00-0002962,Wayne Chrebet,WR,NYJ,1999,16,0,0,0.0,0,,0,4,3,0.0,0.1739,,25,23,15.2,,
00-0002962,Wayne Chrebet,WR,NYJ,1999,17,0,0,0.0,0,,0,8,5,0.0,0.32,0.0,41,39,13.8,,
00-0002985,Pete Chryplewicz,TE,DET,1999,9,0,0,0.0,0,,0,2,2,0.0,0.0571,,20,19,3.8,,
00-0003035,Desmond Clark,TE,DEN,1999,6,0,0,0.0,0,,0,1,1,0.0,0.0345,0.0,51,50,1.5,,
00-0003039,Greg Clark,TE,SF,1999,4,0,0,0.0,0,,0,4,3,0.0,0.1212,,26,20,5.9,,
00-0003039,Greg Clark,TE,SF,1999,5,0,0,0.0,0,,0,4,0,20,0.1111,0.625,21,24,0.0,,
00-0003039,Greg Clark,TE,SF,1999,6,0,0,0.0,0,,0,7,5,35,0.1591,0.3241,24,22,9.3,,
00-0003039,Greg Clark,TE,SF,1999,7,0,0,0.0,0,,0,8,3,5,0.2286,-0.7143,21,16,5.7,,
00-0003039,Greg Clark,TE,SF,1999,10,0,0,0.0,0,,0,3,1,0.0,0.0968,0.0,19,14,1.8,,
00-0003039,Greg Clark,TE,SF,1999,11,0,0,0.0,0,,0,3,2,5,0.1111,0.1087,25,16,4.2,,
00-0003039,Greg Clark,TE,SF,1999,12,0,0,0.0,0,,0,3,3,0.0,0.0857,0.0,23,21,7.4,,
00-0003039,Greg Clark,TE,SF,1999,13,0,0,0.0,0,,0,5,3,0.0,0.1111,-0.0,23,23,5.4,,
00-0003039,Greg Clark,TE,SF,1999,14,0,0,0.0,0,,0,4,4,0.0,0.16,,44,38,8.6,,
00-0003039,Greg Clark,TE,SF,1999,15,0,0,0.0,0,,0,5,5,0.0,0.1163,0.0,18,23,9.0,,
00-0003039,Greg Clark,TE,SF,1999,16,0,0,0.0,0,,0,8,4,25,0.2667,1.0,37,24,8.6,,
00-0003039,Greg Clark,TE,SF,1999,17,0,0,0.0,0,,0,1,1,0.0,0.0303,,24,21,2.8,,
00-0003103,Cameron Cleeland,TE,NO,1999,2,0,0,0.0,0,,0,4,2,0.0,0.1081,0.0,30,27,5.2,,
00-0003103,Cameron Cleeland,TE,NO,1999,4,0,0,0.0,0,,0,3,1,0.0,0.1071,,35,33,2.3,,
00-0003103,Cameron Cleeland,TE,NO,1999,5,0,0,0.0,0,,0,6,5,0.0,0.1579,0.0,24,26,11.9,,
00-0003103,Cameron Cleeland,TE,NO,1999,6,0,0,0.0,0,,0,7,7,69,0.1591,0.2388,21,21,15.4,,
00-0003103,Cameron Cleeland,TE,NO,1999,8,0,0,0.0,0,,0,3,1,26,0.1071,1.04,50,48,1.8,,
00-0003103,Cameron Cleeland,TE,NO,1999,9,0,0,0.0,0,,0,7,2,8,0.2,0.1538,23,24,5.9,,
00-0003103,Cameron Cleeland,TE,NO,1999,12,0,0,0.0,0,,0,7,5,0.0,0.1522,0.0,28,30,11.2,,
00-0003103,Cameron Cleeland,TE,NO,1999,13,0,0,0.0,0,,0,4,0,0.0,0.1081,0.0,26,31,0.0,,
00-0003103,Cameron Cleeland,TE,NO,1999,14,0,0,0.0,0,,0,2,1,2,0.0741,0.0114,18,20,7.2,,
00-0003103,Cameron Cleeland,TE,NO,1999,15,0,0,0.0,0,,0,2,1,0.0,0.0426,0.0,16,18,4.1,,
00-0003103,Cameron Cleeland,TE,NO,1999,16,0,0,0.0,0,,0,2,1,0.0,0.0741,0.0,29,26,1.5,,
00-0003128,Tony Cline,TE,SF,1999,4,0,0,0.0,0,,0,2,2,0.0,0.0606,,26,20,5.9,,
00-0003128,Tony Cline,TE,SF,1999,7,0,0,0.0,0,,0,1,1,0.0,0.0286,-0.0,21,16,1.3,,
00-0003128,Tony Cline,TE,SF,1999,9,0,0,0.0,0,,0,2,1,0.0,0.0606,0.0,34,28,1.3,,
00-0003136,Mike Cloud,RB,KC,1999,8,0,0,0.0,0,,7,1,1,0.0,0.0667,,39,20,3.7,,
00-0003136,Mike Cloud,RB,KC,1999,11,0,0,0.0,0,,1,0,0,0.0,0.0,0.0,25,12,0.3,,
00-0003136,Mike Cloud,RB,KC,1999,12,0,0,0.0,0,,11,1,1,0.0,0.037,0.0,28,15,7.5,,
00-0003136,Mike Cloud,RB,KC,1999,13,0,0,0.0,0,,4,0,0,0.0,0.0,0.0,38,12,1.3,,
00-0003136,Mike Cloud,RB,KC,1999,14,0,0,0.0,0,,8,0,0,0.0,0.0,,40,14,2.6,,
00-0003136,Mike Cloud,RB,KC,1999,15,0,0,0.0,0,,1,1,1,0.0,0.0476,,32,20,2.2,,
00-0003136,Mike Cloud,RB,KC,1999,16,0,0,0.0,0,,2,0,0,0.0,0.0,0.0,22,8,0.6,,
00-0003136,Mike Cloud,RB,KC,1999,17,0,0,0.0,0,,1,0,0,0.0,0.0,,38,11,0.1,,
00-0003142,Ben Coates,TE,NE,1999,1,0,0,0.0,0,,0,4,3,0.0,0.1333,0.0,27,28,8.1,,
00-0003142,Ben Coates,TE,NE,1999,2,0,0,0.0,0,,0,9,4,0.0,0.2,,27,32,19.4,,
00-0003142,Ben Coates,TE,NE,1999,3,0,0,0.0,0,,0,5,3,0.0,0.1852,,29,30,6.3,,
00-0003142,Ben Coates,TE,NE,1999,4,0,0,0.0,0,,0,1,0,0.0,0.0244,,35,32,0.0,,
00-0003142,Ben Coates,TE,NE,1999,5,0,0,0.0,0,,0,2,1,0.0,0.0476,0.0,19,22,2.8,,
00-0003142,Ben Coates,TE,NE,1999,6,0,0,0.0,0,,0,6,2,0.0,0.1667,0.0,14,18,2.8,,
00-0003142,Ben Coates,TE,NE,1999,7,0,0,0.0,0,,0,6,3,0.0,0.2857,,28,30,7.0,,
00-0003142,Ben Coates,TE,NE,1999,8,0,0,0.0,0,,0,2,0,0.0,0.0952,0.0,43,45,0.0,,
00-0003142,Ben Coates,TE,NE,1999,10,0,0,0.0,0,,0,4,2,0.0,0.1143,0.0,20,21,3.4,,
00-0003142,Ben Coates,TE,NE,1999,11,0,0,0.0,0,,0,6,2,29,0.1935,0.7632,19,22,4.7,,
00-0003142,Ben Coates,TE,NE,1999,12,0,0,0.0,0,,0,4,2,0.0,0.1333,0.0,25,29,3.4,,
00-0003142,Ben Coates,TE,NE,1999,14,0,0,0.0,0,,0,6,4,0.0,0.1364,0.0,20,22,7.4,,
00-0003142,Ben Coates,TE,NE,1999,15,0,0,0.0,0,,0,3,2,0.0,0.0682,0.0,27,33,6.2,,
00-0003142,Ben Coates,TE,NE,1999,16,0,0,0.0,0,,0,1,1,0.0,0.05,,34,29,3.0,,
00-0003142,Ben Coates,TE,NE,1999,17,0,0,0.0,0,,0,4,3,0.0,0.1538,0.0,22,18,6.5,,
00-0003175,Mac Cody,WR,ARI,1999,4,0,0,0.0,0,,0,3,1,6,0.0769,0.1,21,25,2.1,,
00-0003175,Mac Cody,WR,ARI,1999,5,0,0,0.0,0,,0,1,0,0.0,0.037,,27,25,0.0,,
00-0003175,Mac Cody,WR,ARI,1999,6,0,0,0.0,0,,0,2,1,0.0,0.05,0.0,20,26,2.6,,
00-0003175,Mac Cody,WR,ARI,1999,12,0,0,0.0,0,,0,1,1,0.0,0.0286,,34,36,1.5,,
00-0003175,Mac Cody,WR,ARI,1999,13,0,0,0.0,0,,0,3,2,0.0,0.0811,0.0,19,18,3.9,,
00-0003175,Mac Cody,WR,ARI,1999,17,0,0,0.0,0,,0,1,1,0.0,0.0179,0.0,24,30,7.9,,
00-0003266,Bobby Collins,TE,BUF,1999,2,0,0,0.0,0,,0,1,0,0.0,0.0417,,47,30,0.0,,
00-0003266,Bobby Collins,TE,BUF,1999,7,0,0,0.0,0,,0,4,1,9,0.08,0.2647,25,10,3.2,,
00-0003266,Bobby Collins,TE,BUF,1999,9,0,0,0.0,0,,0,1,1,0.0,0.0455,,49,20,7.6,,
00-0003266,Bobby Collins,TE,BUF,1999,10,0,0,0.0,0,,0,1,0,0.0,0.0526,,48,34,0.0,,
00-0003266,Bobby Collins,TE,BUF,1999,11,0,0,0.0,0,,0,3,1,2,0.0769,-0.6667,17,2,2.2,,
00-0003266,Bobby Collins,TE,BUF,1999,12,0,0,0.0,0,,0,1,1,0.0,0.0667,,35,13,5.5,,
00-0003266,Bobby Collins,TE,BUF,1999,14,0,0,0.0,0,,0,4,2,0.0,0.125,0.0,28,16,4.0,,
00-0003266,Bobby Collins,TE,BUF,1999,16,0,0,0.0,0,,0,2,1,0.0,0.0571,,41,15,2.1,,
00-0003266,Bobby Collins,TE,BUF,1999,17,0,0,0.0,0,,0,3,2,0.0,0.0938,,31,6,8.8,,
00-0003271,Cecil Collins,RB,MIA,1999,2,0,0,0.0,0,,15,0,0,0.0,0.0,0.0,31,31,4.5,,
00-0003271,Cecil Collins,RB,MIA,1999,4,0,0,0.0,0,,16,2,2,0.0,0.0476,0.0,24,28,7.2,,
00-0003271,Cecil Collins,RB,MIA,1999,5,0,0,0.0,0,,21,1,0,0.0,0.0263,,28,27,13.6,,
00-0003271,Cecil Collins,RB,MIA,1999,6,0,0,0.0,0,,20,2,1,0.0,0.0476,0.0,32,34,7.4,,
00-0003271,Cecil Collins,RB,MIA,1999,7,0,0,0.0,0,,26,1,1,0.0,0.05,0.0,39,35,9.3,,
00-0003271,Cecil Collins,RB,MIA,1999,8,0,0,0.0,0,,15,2,2,0.0,0.0645,,42,42,14.5,,
00-0003271,Cecil Collins,RB,MIA,1999,9,0,0,0.0,0,,14,0,0,0.0,0.0,,27,28,4.1,,
00-0003271,Cecil Collins,RB,MIA,1999,10,0,0,0.0,0,,4,0,0,0.0,0.0,0.0,19,20,0.0,,
00-0003292,Kerry Collins,QB,NYG,1999,2,7,3,-0.753,0,,0,0,0,0.0,0.0,0.0,17,16,-0.2,,
00-0003292,Kerry Collins,QB,NYG,1999,4,12,6,-5.865,1,,2,0,0,0.0,0.0,0.0,38,31,1.2,,
00-0003292,Kerry Collins,QB,NYG,1999,5,38,24,-5.145,3,,4,0,0,0.0,0.0,0.0,28,24,6.4,,
00-0003292,Kerry Collins,QB,NYG,1999,11,21,13,-2.85,1,,4,0,0,0.0,0.0,0.0,24,16,2.5,,
00-0003292,Kerry Collins,QB,NYG,1999,12,45,22,-16.792,2,,1,0,0,0.0,0.0,0.0,20,23,14.0,,
00-0003292,Kerry Collins,QB,NYG,1999,13,29,17,27.422,1,,1,0,0,0.0,0.0,,45,44,31.7,,
00-0003292,Kerry Collins,QB,NYG,1999,14,44,23,-1.12,0,,2,0,0,0.0,0.0,-0.0,28,33,10.3,,
00-0003292,Kerry Collins,QB,NYG,1999,15,37,21,-10.152,2,,1,0,0,0.0,0.0,0.0,19,22,10.8,,
00-0003292,Kerry Collins,QB,NYG,1999,16,51,31,-2.025,5,,3,0,0,0.0,0.0,0.0,27,32,16.9,,
00-0003292,Kerry Collins,QB,NYG,1999,17,47,30,10.144,1,,1,0,0,0.0,0.0,0.0,18,35,14.6,,
00-0003310,Ryan Collins,TE,BAL,1999,13,0,0,0.0,0,,0,1,0,0.0,0.0333,,22,21,0.0,,
00-0003310,Ryan Collins,TE,BAL,1999,14,0,0,0.0,0,,0,1,0,0.0,0.0385,,25,20,0.0,,
00-0003310,Ryan Collins,TE,BAL,1999,15,0,0,0.0,0,,0,2,1,0.0,0.0556,0.0,24,30,3.1,,
00-0003310,Ryan Collins,TE,BAL,1999,16,0,0,0.0,0,,0,5,3,0.0,0.1562,0.0,32,32,7.1,,
00-0003344,Greg Comella,RB,NYG,1999,12,0,0,0.0,0,,0,1,1,0.0,0.0233,0.0,20,23,1.1,,
00-0003344,Greg Comella,RB,NYG,1999,14,0,0,0.0,0,,1,1,0,0.0,0.0238,-0.0,28,33,0.0,,
00-0003344,Greg Comella,RB,NYG,1999,15,0,0,0.0,0,,0,3,2,-4,0.0811,-0.1818,19,22,2.1,,
00-0003344,Greg Comella,RB,NYG,1999,17,0,0,0.0,0,,0,5,5,0.0,0.1111,0.0,18,35,8.7,,
00-0003378,Albert Connell,WR,WAS,1999,1,0,0,0.0,0,,1,5,4,0.0,0.1515,,30,29,24.5,,
00-0003378,Albert Connell,WR,WAS,1999,2,0,0,0.0,0,,0,8,4,0.0,0.2857,,41,35,6.9,,
00-0003378,Albert Connell,WR,WAS,1999,3,0,0,0.0,0,,0,7,5,0.0,0.25,,29,29,12.5,,
00-0003378,Albert Connell,WR,WAS,1999,4,0,0,0.0,0,,0,10,5,0.0,0.3125,,31,26,30.4,,
00-0003378,Albert Connell,WR,WAS,1999,6,0,0,0.0,0,,0,14,8,23,0.359,0.6053,34,31,19.0,,
00-0003378,Albert Connell,WR,WAS,1999,7,0,0,0.0,0,,0,7,2,0.0,0.2,,16,22,13.2,,
00-0003378,Albert Connell,WR,WAS,1999,8,0,0,0.0,0,,0,4,2,0.0,0.1333,0.0,24,26,6.6,,
00-0003378,Albert Connell,WR,WAS,1999,9,0,0,0.0,0,,0,12,4,0.0,0.3333,0.0,13,17,18.4,,
00-0003378,Albert Connell,WR,WAS,1999,10,0,0,0.0,0,,0,12,6,2,0.375,0.1333,27,28,18.8,,
00-0003378,Albert Connell,WR,WAS,1999,11,0,0,0.0,0,,0,4,1,37,0.1429,1.0,40,42,2.6,,
00-0003378,Albert Connell,WR,WAS,1999,12,0,0,0.0,0,,0,9,6,0.0,0.25,0.0,32,29,12.9,,
00-0003378,Albert Connell,WR,WAS,1999,13,0,0,0.0,0,,0,8,3,0.0,0.2,0.0,21,27,6.5,,
00-0003378,Albert Connell,WR,WAS,1999,14,0,0,0.0,0,,0,5,3,0.0,0.1923,0.0,46,44,8.4,,
00-0003378,Albert Connell,WR,WAS,1999,15,0,0,0.0,0,,0,8,4,0.0,0.2667,,32,36,19.7,,
00-0003378,Albert Connell,WR,WAS,1999,16,0,0,0.0,0,,0,8,5,5,0.1702,1.0,17,21,15.6,,
00-0003396,Curtis Conway,WR,CHI,1999,1,0,0,0.0,0,,0,12,9,0.0,0.2609,,28,27,17.8,,
00-0003396,Curtis Conway,WR,CHI,1999,2,0,0,0.0,0,,1,7,3,0.0,0.1591,,30,29,5.4,,
00-0003396,Curtis Conway,WR,CHI,1999,3,0,0,0.0,0,,0,11,4,0.0,0.3143,0.0,16,19,11.3,,
00-0003396,Curtis Conway,WR,CHI,1999,4,0,0,0.0,0,,0,12,8,20,0.2791,0.8333,28,28,30.3,,
00-0003396,Curtis Conway,WR,CHI,1999,5,0,0,0.0,0,,0,9,5,0.0,0.2143,,33,33,17.0,,
00-0003396,Curtis Conway,WR,CHI,1999,11,0,0,0.0,0,,0,8,4,0.0,0.2051,,28,27,6.4,,
00-0003396,Curtis Conway,WR,CHI,1999,12,0,0,0.0,0,,0,9,5,0.0,0.2308,0.0,12,15,8.1,,
00-0003396,Curtis Conway,WR,CHI,1999,13,0,0,0.0,0,,0,8,5,0.0,0.2051,0.0,24,26,10.7,,
00-0003396,Curtis Conway,WR,CHI,1999,15,0,0,0.0,0,,0,3,1,67,0.0833,0.2376,32,23,1.4,,
00-0003400,Ernie Conwell,TE,LA,1999,16,0,0,0.0,0,,0,1,0,0.0,0.0244,0.0,27,33,0.0,,
00-0003400,Ernie Conwell,TE,LA,1999,17,0,0,0.0,0,,0,2,1,0.0,0.0526,0.0,26,14,2.1,,
00-0003441,Andre Cooper,WR,DEN,1999,2,0,0,0.0,0,,0,1,0,0.0,0.0345,0.0,26,32,0.0,,
00-0003441,Andre Cooper,WR,DEN,1999,3,0,0,0.0,0,,0,2,1,0.0,0.0741,0.0,20,21,3.1,,
00-0003441,Andre Cooper,WR,DEN,1999,4,0,0,0.0,0,,0,2,0,14,0.0606,0.1505,29,30,0.0,,
00-0003441,Andre Cooper,WR,DEN,1999,6,0,0,0.0,0,,0,1,0,0.0,0.0345,0.0,51,50,0.0,,
00-0003441,Andre Cooper,WR,DEN,1999,7,0,0,0.0,0,,0,2,2,0.0,0.0526,,27,30,4.1,,
00-0003441,Andre Cooper,WR,DEN,1999,8,0,0,0.0,0,,0,4,4,0.0,0.1111,0.0,30,24,7.8,,
00-0003441,Andre Cooper,WR,DEN,1999,9,0,0,0.0,0,,0,5,2,0.0,0.2174,,31,35,3.8,,
00-0003535,Tim Couch,QB,CLE,1999,1,3,0,-9.704,1,,0,0,0,0.0,0.0,0.0,9,8,-4.0,,
00-0003535,Tim Couch,QB,CLE,1999,2,24,12,-6.95,7,,5,0,0,0.0,0.0,,16,15,11.4,,
00-0003535,Tim Couch,QB,CLE,1999,3,31,13,-19.146,4,,6,0,0,0.0,0.0,0.0,24,25,9.8,,
00-0003535,Tim Couch,QB,CLE,1999,4,28,13,-5.812,4,,3,0,0,0.0,0.0,,20,20,13.1,,
00-0003535,Tim Couch,QB,CLE,1999,5,27,15,-6.755,3,,1,0,0,0.0,0.0,0.0,23,25,5.1,,
00-0003535,Tim Couch,QB,CLE,1999,6,23,18,5.981,4,,2,0,0,0.0,0.0,0.0,28,27,14.0,,
00-0003535,Tim Couch,QB,CLE,1999,7,40,22,-10.522,1,,2,0,0,0.0,0.0,0.0,15,20,8.4,,
00-0003535,Tim Couch,QB,CLE,1999,8,19,11,7.346,2,,2,0,0,0.0,0.0,,21,20,20.2,,
00-0003535,Tim Couch,QB,CLE,1999,9,21,9,-19.46,3,,4,0,0,0.0,0.0,0.0,20,21,1.0,,
00-0003535,Tim Couch,QB,CLE,1999,10,28,18,-2.457,6,,2,0,0,0.0,0.0,0.0,21,22,13.5,,
00-0003535,Tim Couch,QB,CLE,1999,11,45,29,-0.044,1,,6,0,0,0.0,0.0,0.0,19,24,12.0,,
00-0003535,Tim Couch,QB,CLE,1999,12,35,19,3.269,7,,5,0,0,0.0,0.0,,24,24,25.4,,
00-0003535,Tim Couch,QB,CLE,1999,13,29,18,-5.009,6,,1,0,0,0.0,0.0,0.0,16,20,7.8,,
00-0003535,Tim Couch,QB,CLE,1999,14,28,16,1.792,3,,0,0,0,0.0,0.0,0.0,11,12,15.6,,
00-0003535,Tim Couch,QB,CLE,1999,15,16,10,-4.594,4,,1,0,0,0.0,0.0,,20,20,1.4,,
00-0003557,Scott Covington,QB,CIN,1999,1,1,1,-0.141,0,,0,0,0,0.0,0.0,0.0,42,33,0.2,,
00-0003557,Scott Covington,QB,CIN,1999,9,3,2,-0.314,0,,0,0,0,0.0,0.0,-0.0,23,21,0.6,,
00-0003557,Scott Covington,QB,CIN,1999,14,1,1,-0.437,0,,2,0,0,0.0,0.0,,53,46,-0.2,,
00-0003663,Zack Crockett,RB,LV,1999,4,0,0,0.0,0,,3,0,0,0.0,0.0,0.0,32,37,1.1,,
00-0003663,Zack Crockett,RB,LV,1999,5,0,0,0.0,0,,6,4,4,0.0,0.1111,0.0,24,27,7.3,,
00-0003663,Zack Crockett,RB,LV,1999,6,0,0,0.0,0,,7,0,0,0.0,0.0,0.0,48,47,0.4,,
00-0003663,Zack Crockett,RB,LV,1999,7,0,0,0.0,0,,3,2,0,0.0,0.0392,0.0,23,20,6.6,,
00-0003663,Zack Crockett,RB,LV,1999,10,0,0,0.0,0,,1,0,0,0.0,0.0,,43,37,0.2,,
00-0003663,Zack Crockett,RB,LV,1999,12,0,0,0.0,0,,2,1,1,0.0,0.0345,0.0,25,22,2.1,,
00-0003663,Zack Crockett,RB,LV,1999,13,0,0,0.0,0,,6,0,0,0.0,0.0,0.0,41,38,6.4,,
00-0003663,Zack Crockett,RB,LV,1999,14,0,0,0.0,0,,3,0,0,0.0,0.0,0.0,22,26,6.8,,
00-0003663,Zack Crockett,RB,LV,1999,15,0,0,0.0,0,,8,2,1,0.0,0.0714,,37,38,4.9,,
00-0003663,Zack Crockett,RB,LV,1999,16,0,0,0.0,0,,2,1,0,0.0,0.0303,0.0,24,22,6.3,,
00-0003663,Zack Crockett,RB,LV,1999,17,0,0,0.0,0,,4,2,2,0.0,0.0465,0.0,30,37,10.6,,
00-0003681,Howard Cross,TE,NYG,1999,1,0,0,0.0,0,,0,1,0,0.0,0.0435,,25,14,0.0,,
00-0003681,Howard Cross,TE,NYG,1999,2,0,0,0.0,0,,0,1,0,0.0,0.0263,0.0,17,16,0.0,,
00-0003681,Howard Cross,TE,NYG,1999,3,0,0,0.0,0,,0,1,1,0.0,0.0278,,26,20,1.6,,
00-0003681,Howard Cross,TE,NYG,1999,4,0,0,0.0,0,,0,1,1,0.0,0.025,0.0,38,31,1.3,,
00-0003681,Howard Cross,TE,NYG,1999,5,0,0,0.0,0,,0,1,1,0.0,0.027,0.0,28,24,1.9,,
00-0003681,Howard Cross,TE,NYG,1999,7,0,0,0.0,0,,0,1,1,0.0,0.037,0.0,37,36,1.2,,
00-0003681,Howard Cross,TE,NYG,1999,8,0,0,0.0,0,,0,3,3,0.0,0.075,,25,23,6.1,,
00-0003681,Howard Cross,TE,NYG,1999,11,0,0,0.0,0,,0,1,0,0.0,0.0323,0.0,24,16,0.0,,
00-0003681,Howard Cross,TE,NYG,1999,13,0,0,0.0,0,,0,1,0,0.0,0.0345,,45,44,0.0,,
00-0003681,Howard Cross,TE,NYG,1999,14,0,0,0.0,0,,0,1,0,0.0,0.0238,-0.0,28,33,0.0,,
00-0003681,Howard Cross,TE,NYG,1999,15,0,0,0.0,0,,0,1,0,0.0,0.027,0.0,19,22,0.0,,
00-0003681,Howard Cross,TE,NYG,1999,16,0,0,0.0,0,,0,2,2,0.0,0.0392,0.0,27,32,2.4,,
00-0003681,Howard Cross,TE,NYG,1999,17,0,0,0.0,0,,0,3,0,0.0,0.0667,0.0,18,35,0.0,,
00-0003700,Germane Crowell,WR,DET,1999,1,0,0,0.0,0,,0,11,7,0.0,0.4231,0.0,36,28,33.1,,
00-0003700,Germane Crowell,WR,DET,1999,2,0,0,0.0,0,,0,4,1,0.0,0.2667,0.0,32,23,1.3,,
00-0003700,Germane Crowell,WR,DET,1999,3,0,0,0.0,0,,1,3,2,0.0,0.1,0.0,22,20,8.8,,
00-0003700,Germane Crowell,WR,DET,1999,5,0,0,0.0,0,,0,16,6,0.0,0.4324,0.0,24,26,21.9,,
00-0003700,Germane Crowell,WR,DET,1999,6,0,0,0.0,0,,1,9,8,0.0,0.25,,25,25,14.3,,
00-0003700,Germane Crowell,WR,DET,1999,7,0,0,0.0,0,,0,6,3,0.0,0.2222,-0.0,27,25,7.5,,
00-0003700,Germane Crowell,WR,DET,1999,8,0,0,0.0,0,,0,3,1,0.0,0.1579,,24,20,1.8,,
00-0003700,Germane Crowell,WR,DET,1999,9,0,0,0.0,0,,0,13,8,0.0,0.3714,,20,19,32.3,,
00-0003700,Germane Crowell,WR,DET,1999,10,0,0,0.0,0,,0,10,5,0.0,0.2564,,14,18,23.2,,
00-0003700,Germane Crowell,WR,DET,1999,11,0,0,0.0,0,,1,14,8,35,0.4,0.6604,23,21,25.6,,
00-0003700,Germane Crowell,WR,DET,1999,12,0,0,0.0,0,,0,12,7,0.0,0.2857,,29,27,22.1,,
00-0003700,Germane Crowell,WR,DET,1999,13,0,0,0.0,0,,1,8,5,0.0,0.25,,15,14,17.6,,
00-0003700,Germane Crowell,WR,DET,1999,14,0,0,0.0,0,,0,9,4,37,0.2045,1.0,20,16,8.7,,
00-0003700,Germane Crowell,WR,DET,1999,15,0,0,0.0,0,,0,7,3,81,0.175,0.2596,19,19,7.1,,
00-0003700,Germane Crowell,WR,DET,1999,16,0,0,0.0,0,,1,9,5,0.0,0.2308,,12,10,15.3,,
00-0003700,Germane Crowell,WR,DET,1999,17,0,0,0.0,0,,0,13,8,16,0.2826,1.0,14,16,20.0,,
00-0003715,Carlester Crumpler,TE,MIN,1999,1,0,0,0.0,0,,0,1,1,0.0,0.0312,,32,33,1.4,,
00-0003715,Carlester Crumpler,TE,MIN,1999,2,0,0,0.0,0,,0,2,1,0.0,0.0541,0.0,15,16,10.1,,
00-0003715,Carlester Crumpler,TE,MIN,1999,12,0,0,0.0,0,,0,1,0,0.0,0.0238,0.0,29,30,0.0,,
00-0003739,Daunte Culpepper,QB,MIN,1999,7,0,0,0.0,0,,3,0,0,0.0,0.0,0.0,31,25,0.6,,
00-0003761,Randall Cunningham,QB,MIN,1999,1,33,22,7.398,0,,3,0,0,0.0,0.0,,32,33,12.6,,
00-0003761,Randall Cunningham,QB,MIN,1999,2,39,23,4.904,6,,1,0,0,0.0,0.0,0.0,15,16,16.6,,
00-0003761,Randall Cunningham,QB,MIN,1999,3,32,18,0.761,2,,2,0,0,0.0,0.0,0.0,29,31,9.9,,
00-0003761,Randall Cunningham,QB,MIN,1999,4,34,26,10.123,0,,1,0,0,0.0,0.0,0.0,23,31,22.1,,
00-0003761,Randall Cunningham,QB,MIN,1999,5,46,25,-8.679,4,,3,0,0,0.0,0.0,0.0,20,19,14.6,,
00-0003761,Randall Cunningham,QB,MIN,1999,6,15,10,-12.64,3,,0,0,0,0.0,0.0,0.0,19,20,-0.9,,
00-0003803,Matt Cushing,TE,PIT,1999,15,0,0,0.0,0,,0,1,0,0.0,0.0238,0.0,28,29,0.0,,
00-0003803,Matt Cushing,TE,PIT,1999,16,0,0,0.0,0,,0,3,0,10,0.1304,1.0,44,43,0.0,,
00-0003803,Matt Cushing,TE,PIT,1999,17,0,0,0.0,0,,0,2,2,0.0,0.0513,0.0,29,27,4.9,,
00-0003944,Billy Davis,WR,BAL,1999,4,0,0,0.0,0,,0,2,1,0.0,0.0741,,34,28,1.8,,
00-0003944,Billy Davis,WR,BAL,1999,10,0,0,0.0,0,,0,5,1,-9,0.1562,1.0,24,24,2.1,,
00-0003944,Billy Davis,WR,BAL,1999,11,0,0,0.0,0,,0,2,2,0.0,0.0526,0.0,26,29,10.6,,
00-0003944,Billy Davis,WR,BAL,1999,13,0,0,0.0,0,,0,1,1,0.0,0.0333,,22,21,1.9,,
00-0003944,Billy Davis,WR,BAL,1999,14,0,0,0.0,0,,0,3,1,0.0,0.1154,,25,20,1.7,,
00-0003944,Billy Davis,WR,BAL,1999,16,0,0,0.0,0,,0,1,0,0.0,0.0312,0.0,32,32,0.0,,
00-0003944,Billy Davis,WR,BAL,1999,17,0,0,0.0,0,,0,1,0,0.0,0.025,0.0,23,30,0.0,,
00-0004004,John Davis,TE,TB,1999,9,0,0,0.0,0,,0,1,1,0.0,0.05,0.0,40,15,7.1,,
00-0004004,John Davis,TE,TB,1999,11,0,0,0.0,0,,0,1,1,0.0,0.0323,0.0,27,13,1.6,,
00-0004052,Stephen Davis,RB,WAS,1999,1,0,0,0.0,0,,24,2,1,0.0,0.0606,,30,29,24.4,,
00-0004052,Stephen Davis,RB,WAS,1999,2,0,0,0.0,0,,23,2,1,0.0,0.0714,,41,35,32.1,,
00-0004052,Stephen Davis,RB,WAS,1999,3,0,0,0.0,0,,24,1,1,0.0,0.0357,,29,29,29.1,,
00-0004052,Stephen Davis,RB,WAS,1999,4,0,0,0.0,0,,21,0,0,0.0,0.0,,31,26,13.2,,
00-0004052,Stephen Davis,RB,WAS,1999,6,0,0,0.0,0,,18,2,1,0.0,0.0513,0.0,34,31,10.3,,
00-0004052,Stephen Davis,RB,WAS,1999,7,0,0,0.0,0,,14,5,5,0.0,0.1429,,16,22,13.2,,
00-0004052,Stephen Davis,RB,WAS,1999,8,0,0,0.0,0,,12,2,2,0.0,0.0667,0.0,24,26,30.9,,
00-0004052,Stephen Davis,RB,WAS,1999,9,0,0,0.0,0,,9,3,2,0.0,0.0833,0.0,13,17,14.0,,
00-0004052,Stephen Davis,RB,WAS,1999,10,0,0,0.0,0,,25,1,1,0.0,0.0312,0.0,27,28,26.0,,
00-0004052,Stephen Davis,RB,WAS,1999,11,0,0,0.0,0,,33,3,3,0.0,0.1071,0.0,40,42,27.8,,
00-0004052,Stephen Davis,RB,WAS,1999,12,0,0,0.0,0,,24,1,1,0.0,0.0278,0.0,32,29,12.8,,
00-0004052,Stephen Davis,RB,WAS,1999,13,0,0,0.0,0,,12,6,5,0.0,0.15,0.0,21,27,10.9,,
00-0004052,Stephen Davis,RB,WAS,1999,14,0,0,0.0,0,,37,0,0,0.0,0.0,0.0,46,44,24.9,,
00-0004052,Stephen Davis,RB,WAS,1999,15,0,0,0.0,0,,14,0,0,0.0,0.0,,32,36,7.0,,
00-0004054,Terrell Davis,RB,DEN,1999,1,0,0,0.0,0,,19,1,1,0.0,0.0256,,26,28,7.9,,
00-0004054,Terrell Davis,RB,DEN,1999,2,0,0,0.0,0,,21,2,2,0.0,0.069,0.0,26,32,15.7,,
00-0004054,Terrell Davis,RB,DEN,1999,3,0,0,0.0,0,,19,0,0,0.0,0.0,0.0,20,21,5.3,,
00-0004054,Terrell Davis,RB,DEN,1999,4,0,0,0.0,0,,8,0,0,0.0,0.0,0.0,29,30,7.8,,
00-0004060,Troy Davis,RB,NO,1999,1,0,0,0.0,0,,9,0,0,0.0,0.0,,41,33,1.8,,
00-0004060,Troy Davis,RB,NO,1999,11,0,0,0.0,0,,1,0,0,0.0,0.0,0.0,29,26,0.0,,
00-0004060,Troy Davis,RB,NO,1999,12,0,0,0.0,0,,1,2,0,0.0,0.0435,0.0,28,30,0.3,,
00-0004060,Troy Davis,RB,NO,1999,13,0,0,0.0,0,,7,6,4,0.0,0.1622,0.0,26,31,6.7,,
00-0004060,Troy Davis,RB,NO,1999,14,0,0,0.0,0,,1,3,1,2,0.1111,0.0114,18,20,3.2,,
00-0004060,Troy Davis,RB,NO,1999,15,0,0,0.0,0,,1,4,2,0.0,0.0851,0.0,16,18,3.5,,
00-0004063,Tyrone Davis,TE,GB,1999,1,0,0,0.0,0,,0,2,2,0.0,0.0476,0.0,20,24,7.0,,
00-0004063,Tyrone Davis,TE,GB,1999,2,0,0,0.0,0,,0,3,2,0.0,0.0732,0.0,31,33,4.7,,
00-0004063,Tyrone Davis,TE,GB,1999,3,0,0,0.0,0,,0,1,0,0.0,0.027,,22,27,0.0,,
00-0004063,Tyrone Davis,TE,GB,1999,5,0,0,0.0,0,,0,1,0,0.0,0.0256,,23,27,0.0,,
00-0004063,Tyrone Davis,TE,GB,1999,6,0,0,0.0,0,,0,1,1,0.0,0.0526,0.0,11,11,2.6,,
00-0004063,Tyrone Davis,TE,GB,1999,7,0,0,0.0,0,,0,1,1,0.0,0.04,0.0,28,27,2.4,,
00-0004063,Tyrone Davis,TE,GB,1999,8,0,0,0.0,0,,0,7,1,0.0,0.1842,0.0,29,29,2.0,,
00-0004063,Tyrone Davis,TE,GB,1999,9,0,0,0.0,0,,0,7,3,15,0.175,1.0,29,30,11.4,,
00-0004063,Tyrone Davis,TE,GB,1999,10,0,0,0.0,0,,0,5,3,0.0,0.1042,0.0,17,23,3.9,,
00-0004063,Tyrone Davis,TE,GB,1999,11,0,0,0.0,0,,0,3,1,0.0,0.0769,,27,35,1.7,,
00-0004063,Tyrone Davis,TE,GB,1999,12,0,0,0.0,0,,0,6,3,0.0,0.1714,,22,24,11.0,,
00-0004063,Tyrone Davis,TE,GB,1999,13,0,0,0.0,0,,0,2,1,14,0.0833,0.6087,35,33,1.5,,
00-0004063,Tyrone Davis,TE,GB,1999,14,0,0,0.0,0,,0,3,2,0.0,0.0811,0.0,24,23,4.2,,
00-0004063,Tyrone Davis,TE,GB,1999,15,0,0,0.0,0,,0,2,0,0.0,0.0541,0.0,28,30,0.0,,
00-0004063,Tyrone Davis,TE,GB,1999,16,0,0,0.0,0,,0,1,0,0.0,0.0208,0.0,12,19,0.0,,
00-0004071,Zola Davis,WR,CLE,1999,12,0,0,0.0,0,,0,1,0,0.0,0.0286,,24,24,0.0,,
00-0004071,Zola Davis,WR,CLE,1999,14,0,0,0.0,0,,0,2,0,36,0.0526,0.9,11,12,0.0,,
00-0004071,Zola Davis,WR,CLE,1999,15,0,0,0.0,0,,0,3,1,0.0,0.075,,20,20,3.5,,
00-0004071,Zola Davis,WR,CLE,1999,16,0,0,0.0,0,,0,2,1,0.0,0.0769,,26,27,2.3,,
00-0004077,Sean Dawkins,WR,SEA,1999,1,0,0,0.0,0,,0,9,7,0.0,0.3103,,16,17,25.5,,
00-0004077,Sean Dawkins,WR,SEA,1999,2,0,0,0.0,0,,0,5,1,0.0,0.1667,,28,26,1.7,,
00-0004077,Sean Dawkins,WR,SEA,1999,3,0,0,0.0,0,,0,7,5,0.0,0.2414,,34,31,15.5,,
00-0004077,Sean Dawkins,WR,SEA,1999,4,0,0,0.0,0,,0,4,1,0.0,0.1333,0.0,26,29,2.7,,
00-0004077,Sean Dawkins,WR,SEA,1999,6,0,0,0.0,0,,0,1,1,0.0,0.037,0.0,27,23,2.3,,
00-0004077,Sean Dawkins,WR,SEA,1999,7,0,0,0.0,0,,0,10,4,0.0,0.3333,,32,26,13.1,,
00-0004077,Sean Dawkins,WR,SEA,1999,8,0,0,0.0,0,,0,5,3,0.0,0.2632,,36,32,11.3,,
00-0004077,Sean Dawkins,WR,SEA,1999,9,0,0,0.0,0,,0,7,3,44,0.2917,0.898,37,37,8.2,,
00-0004077,Sean Dawkins,WR,SEA,1999,10,0,0,0.0,0,,0,8,5,0.0,0.2581,0.0,21,20,20.1,,
00-0004077,Sean Dawkins,WR,SEA,1999,11,0,0,0.0,0,,0,9,5,0.0,0.3,0.0,32,29,22.4,,
00-0004077,Sean Dawkins,WR,SEA,1999,12,0,0,0.0,0,,0,6,4,0.0,0.1765,0.0,22,21,12.7,,
00-0004077,Sean Dawkins,WR,SEA,1999,13,0,0,0.0,0,,0,6,2,23,0.1579,0.4694,19,20,10.4,,
00-0004077,Sean Dawkins,WR,SEA,1999,14,0,0,0.0,0,,0,7,4,0.0,0.1842,0.0,21,22,9.9,,
00-0004077,Sean Dawkins,WR,SEA,1999,15,0,0,0.0,0,,0,11,5,0.0,0.2683,,17,19,13.8,,
00-0004077,Sean Dawkins,WR,SEA,1999,16,0,0,0.0,0,,0,8,4,0.0,0.2759,,28,27,17.0,,
00-0004077,Sean Dawkins,WR,SEA,1999,17,0,0,0.0,0,,0,11,4,34,0.2558,0.6939,12,12,10.6,,
00-0004079,Lawrence Dawsey,WR,NO,1999,2,0,0,0.0,0,,0,4,3,0.0,0.1081,0.0,30,27,12.4,,
00-0004079,Lawrence Dawsey,WR,NO,1999,7,0,0,0.0,0,,0,5,2,0.0,0.1562,0.0,27,27,3.8,,
00-0004079,Lawrence Dawsey,WR,NO,1999,8,0,0,0.0,0,,0,3,1,0.0,0.1071,0.0,50,48,2.1,,
00-0004079,Lawrence Dawsey,WR,NO,1999,11,0,0,0.0,0,,0,3,1,3,0.1111,1.0,29,26,2.3,,
00-0004079,Lawrence Dawsey,WR,NO,1999,13,0,0,0.0,0,,0,2,1,0.0,0.0541,0.0,26,31,2.5,,
00-0004079,Lawrence Dawsey,WR,NO,1999,15,0,0,0.0,0,,0,7,3,0.0,0.1489,0.0,16,18,10.3,,
00-0004079,Lawrence Dawsey,WR,NO,1999,16,0,0,0.0,0,,0,1,0,0.0,0.037,0.0,29,26,0.0,,
00-0004079,Lawrence Dawsey,WR,NO,1999,17,0,0,0.0,0,,0,8,5,8,0.1702,0.1429,25,20,8.2,,
00-0004161,Jake Delhomme,QB,NO,1999,16,27,16,2.975,3,,3,0,0,0.0,0.0,0.0,29,26,20.5,,
00-0004161,Jake Delhomme,QB,NO,1999,17,49,26,-19.536,3,,8,0,0,0.0,0.0,0.0,25,20,19.5,,
00-0004172,Greg DeLong,TE,BAL,1999,2,0,0,0.0,0,,0,1,1,0.0,0.0323,0.0,29,27,1.5,,
00-0004172,Greg DeLong,TE,BAL,1999,4,0,0,0.0,0,,0,1,1,0.0,0.037,,34,28,1.3,,
00-0004172,Greg DeLong,TE,BAL,1999,5,0,0,0.0,0,,0,1,0,0.0,0.0278,,26,25,0.0,,
00-0004172,Greg DeLong,TE,BAL,1999,7,0,0,0.0,0,,0,4,2,0.0,0.0816,0.0,27,25,2.5,,
00-0004172,Greg DeLong,TE,BAL,1999,10,0,0,0.0,0,,0,1,1,0.0,0.0312,-0.0,24,24,1.4,,
00-0004172,Greg DeLong,TE,BAL,1999,11,0,0,0.0,0,,0,4,4,0.0,0.1053,0.0,26,29,12.3,,
00-0004172,Greg DeLong,TE,BAL,1999,12,0,0,0.0,0,,0,3,2,0.0,0.0882,-0.0,22,27,3.1,,
00-0004172,Greg DeLong,TE,BAL,1999,14,0,0,0.0,0,,0,1,0,0.0,0.0385,,25,20,0.0,,
00-0004172,Greg DeLong,TE,BAL,1999,15,0,0,0.0,0,,0,2,1,0.0,0.0556,0.0,24,30,0.6,,
00-0004172,Greg DeLong,TE,BAL,1999,16,0,0,0.0,0,,0,2,0,0.0,0.0625,0.0,32,32,0.0,,
00-0004200,Autry Denson,RB,MIA,1999,14,0,0,0.0,0,,2,1,0,0.0,0.0217,0.0,19,26,0.5,,
00-0004200,Autry Denson,RB,MIA,1999,15,0,0,0.0,0,,5,1,1,0.0,0.0294,,23,24,2.5,,
00-0004200,Autry Denson,RB,MIA,1999,17,0,0,0.0,0,,21,4,3,0.0,0.08,0.0,26,29,13.6,,
00-0004229,Koy Detmer,QB,PHI,1999,15,29,10,-3.047,0,,2,0,0,0.0,0.0,0.0,37,36,15.0,,
00-0004230,Ty Detmer,QB,CLE,1999,1,13,6,-10.887,2,,1,0,0,0.0,0.0,0.0,9,8,-0.0,,
00-0004230,Ty Detmer,QB,CLE,1999,9,15,7,-5.801,0,,1,0,0,0.0,0.0,0.0,20,21,5.9,,
00-0004230,Ty Detmer,QB,CLE,1999,14,13,6,6.153,0,,1,0,0,0.0,0.0,0.0,11,12,7.8,,
00-0004230,Ty Detmer,QB,CLE,1999,15,24,13,2.013,2,,2,0,0,0.0,0.0,,20,20,12.3,,
00-0004230,Ty Detmer,QB,CLE,1999,16,26,15,5.523,0,,1,0,0,0.0,0.0,,26,27,17.7,,
00-0004293,Trent Dilfer,QB,TB,1999,1,31,15,-19.559,2,,1,0,0,0.0,0.0,0.0,27,19,3.4,,
00-0004293,Trent Dilfer,QB,TB,1999,2,14,7,-2.516,2,,5,0,0,0.0,0.0,0.0,44,24,8.6,,
00-0004293,Trent Dilfer,QB,TB,1999,3,18,15,-6.908,7,,8,0,0,0.0,0.0,,42,17,7.1,,
00-0004293,Trent Dilfer,QB,TB,1999,4,39,25,4.377,3,,2,0,0,0.0,0.0,0.0,24,20,16.3,,
00-0004293,Trent Dilfer,QB,TB,1999,5,26,16,-6.015,2,,4,0,0,0.0,0.0,0.0,32,20,5.1,,
00-0004293,Trent Dilfer,QB,TB,1999,7,27,16,-10.904,2,,5,0,0,0.0,0.0,,28,14,7.9,,
00-0004293,Trent Dilfer,QB,TB,1999,9,20,15,15.898,1,,2,0,0,0.0,0.0,0.0,40,15,19.3,,
00-0004293,Trent Dilfer,QB,TB,1999,10,27,17,13.253,0,,3,0,0,0.0,0.0,0.0,37,20,14.9,,
00-0004293,Trent Dilfer,QB,TB,1999,11,31,15,-15.075,3,,3,0,0,0.0,0.0,0.0,27,13,6.6,,
00-0004293,Trent Dilfer,QB,TB,1999,12,11,5,-7.495,4,,2,0,0,0.0,0.0,,37,16,2.0,,
00-0004294,Ken Dilger,TE,IND,1999,1,0,0,0.0,0,,0,2,2,0.0,0.0625,0.0,29,30,3.9,,
00-0004294,Ken Dilger,TE,IND,1999,2,0,0,0.0,0,,0,2,0,15,0.0667,0.3488,33,34,0.0,,
00-0004294,Ken Dilger,TE,IND,1999,3,0,0,0.0,0,,0,5,3,0.0,0.0943,0.0,22,20,6.6,,
00-0004294,Ken Dilger,TE,IND,1999,5,0,0,0.0,0,,0,2,2,0.0,0.0833,0.0,24,25,4.2,,
00-0004294,Ken Dilger,TE,IND,1999,6,0,0,0.0,0,,0,4,4,0.0,0.1143,0.0,28,31,9.9,,
00-0004294,Ken Dilger,TE,IND,1999,7,0,0,0.0,0,,0,5,3,0.0,0.1515,0.0,28,27,11.5,,
00-0004294,Ken Dilger,TE,IND,1999,8,0,0,0.0,0,,0,2,2,0.0,0.0588,,28,34,4.2,,
00-0004294,Ken Dilger,TE,IND,1999,9,0,0,0.0,0,,0,3,1,-4,0.0909,1.0,23,28,4.0,,
00-0004294,Ken Dilger,TE,IND,1999,10,0,0,0.0,0,,0,3,3,0.0,0.0857,0.0,19,21,5.6,,
00-0004294,Ken Dilger,TE,IND,1999,12,0,0,0.0,0,,0,2,2,0.0,0.069,0.0,27,31,2.7,,
00-0004294,Ken Dilger,TE,IND,1999,13,0,0,0.0,0,,0,5,5,0.0,0.1724,0.0,25,26,13.0,,
00-0004294,Ken Dilger,TE,IND,1999,14,0,0,0.0,0,,0,1,1,0.0,0.037,,25,22,2.0,,
00-0004294,Ken Dilger,TE,IND,1999,15,0,0,0.0,0,,0,3,3,0.0,0.0811,0.0,23,26,12.5,,
00-0004294,Ken Dilger,TE,IND,1999,16,0,0,0.0,0,,0,5,4,0.0,0.119,,30,31,9.6,,
00-0004294,Ken Dilger,TE,IND,1999,17,0,0,0.0,0,,0,7,5,0.0,0.2,0.0,19,25,10.2,,
00-0004304,Corey Dillon,RB,CIN,1999,1,0,0,0.0,0,,21,3,2,0.0,0.0909,0.0,42,33,15.7,,
00-0004304,Corey Dillon,RB,CIN,1999,2,0,0,0.0,0,,12,1,0,0.0,0.0333,0.0,17,16,3.7,,
00-0004304,Corey Dillon,RB,CIN,1999,3,0,0,0.0,0,,20,4,3,0.0,0.093,0.0,28,26,16.7,,
00-0004304,Corey Dillon,RB,CIN,1999,4,0,0,0.0,0,,15,2,1,0.0,0.05,0.0,26,23,4.9,,
00-0004304,Corey Dillon,RB,CIN,1999,5,0,0,0.0,0,,28,3,1,0.0,0.0769,,36,35,17.9,,
00-0004304,Corey Dillon,RB,CIN,1999,6,0,0,0.0,0,,16,3,2,0.0,0.0857,-0.0,20,19,12.2,,
00-0004304,Corey Dillon,RB,CIN,1999,7,0,0,0.0,0,,6,2,1,0.0,0.0645,,26,24,2.3,,
00-0004304,Corey Dillon,RB,CIN,1999,8,0,0,0.0,0,,14,3,2,0.0,0.0857,0.0,23,24,5.7,,
00-0004304,Corey Dillon,RB,CIN,1999,9,0,0,0.0,0,,16,2,0,3,0.0541,-1.5,23,21,8.1,,
00-0004304,Corey Dillon,RB,CIN,1999,10,0,0,0.0,0,,14,4,3,0.0,0.125,,19,17,10.0,,
00-0004304,Corey Dillon,RB,CIN,1999,11,0,0,0.0,0,,15,3,1,0.0,0.0833,0.0,23,18,9.9,,
00-0004304,Corey Dillon,RB,CIN,1999,12,0,0,0.0,0,,23,3,3,0.0,0.1071,0.0,35,32,17.0,,
00-0004304,Corey Dillon,RB,CIN,1999,13,0,0,0.0,0,,25,5,5,0.0,0.1724,,28,31,38.0,,
00-0004304,Corey Dillon,RB,CIN,1999,14,0,0,0.0,0,,28,4,2,0.0,0.1818,,53,46,39.2,,
00-0004304,Corey Dillon,RB,CIN,1999,16,0,0,0.0,0,,10,7,5,0.0,0.1944,0.0,25,27,10.7,,
00-0004386,Chris Doering,WR,DEN,1999,1,0,0,0.0,0,,0,3,3,0.0,0.0769,,26,28,5.2,,
00-0004386,Chris Doering,WR,DEN,1999,2,0,0,0.0,0,,0,1,0,0.0,0.0345,0.0,26,32,0.0,,
00-0004386,Chris Doering,WR,DEN,1999,3,0,0,0.0,0,,0,1,0,0.0,0.037,0.0,20,21,0.0,,
00-0004463,Dameane Douglas,WR,PHI,1999,2,0,0,0.0,0,,0,4,3,0.0,0.1429,0.0,20,15,4.5,,
00-0004463,Dameane Douglas,WR,PHI,1999,3,0,0,0.0,0,,0,2,1,0.0,0.0541,,12,18,1.8,,
00-0004463,Dameane Douglas,WR,PHI,1999,5,0,0,0.0,0,,0,1,0,0.0,0.037,0.0,27,27,0.0,,
00-0004463,Dameane Douglas,WR,PHI,1999,11,0,0,0.0,0,,0,1,0,0.0,0.0278,0.0,20,22,0.0,,
00-0004463,Dameane Douglas,WR,PHI,1999,12,0,0,0.0,0,,0,2,1,0.0,0.0741,,28,28,1.9,,
00-0004463,Dameane Douglas,WR,PHI,1999,13,0,0,0.0,0,,0,4,3,0.0,0.129,0.0,37,34,13.7,,
00-0004463,Dameane Douglas,WR,PHI,1999,14,0,0,0.0,0,,0,1,0,0.0,0.037,0.0,24,23,0.0,,
00-0004463,Dameane Douglas,WR,PHI,1999,17,0,0,0.0,0,,0,1,0,0.0,0.0323,0.0,23,21,0.0,,
00-0004524,Troy Drayton,TE,MIA,1999,1,0,0,0.0,0,,0,3,2,0.0,0.1364,,33,31,4.1,,
00-0004524,Troy Drayton,TE,MIA,1999,2,0,0,0.0,0,,0,7,5,0.0,0.2059,0.0,31,31,16.0,,
00-0004524,Troy Drayton,TE,MIA,1999,4,0,0,0.0,0,,0,5,3,11,0.119,0.2558,24,28,5.9,,
00-0004524,Troy Drayton,TE,MIA,1999,5,0,0,0.0,0,,0,1,1,0.0,0.0263,,28,27,2.1,,
00-0004524,Troy Drayton,TE,MIA,1999,6,0,0,0.0,0,,0,5,4,0.0,0.119,0.0,32,34,8.9,,
00-0004524,Troy Drayton,TE,MIA,1999,7,0,0,0.0,0,,0,4,4,0.0,0.2,0.0,39,35,7.8,,
00-0004524,Troy Drayton,TE,MIA,1999,8,0,0,0.0,0,,0,3,0,0.0,0.0968,,42,42,0.0,,
00-0004524,Troy Drayton,TE,MIA,1999,11,0,0,0.0,0,,0,7,4,0.0,0.2188,,36,34,6.5,,
00-0004524,Troy Drayton,TE,MIA,1999,12,0,0,0.0,0,,0,3,2,0.0,0.075,0.0,20,25,4.0,,
00-0004524,Troy Drayton,TE,MIA,1999,13,0,0,0.0,0,,0,4,1,0.0,0.1111,0.0,22,28,1.9,,
00-0004524,Troy Drayton,TE,MIA,1999,14,0,0,0.0,0,,0,5,4,0.0,0.1087,0.0,19,26,7.3,,
00-0004524,Troy Drayton,TE,MIA,1999,15,0,0,0.0,0,,0,3,2,0.0,0.0882,,23,24,3.4,,
00-0004541,Donald Driver,WR,GB,1999,10,0,0,0.0,0,,0,1,0,0.0,0.0208,0.0,17,23,0.0,,
00-0004541,Donald Driver,WR,GB,1999,11,0,0,0.0,0,,0,1,0,0.0,0.0256,,27,35,0.0,,
00-0004541,Donald Driver,WR,GB,1999,14,0,0,0.0,0,,0,3,3,0.0,0.0811,0.0,24,23,12.1,,
00-0004541,Donald Driver,WR,GB,1999,17,0,0,0.0,0,,0,2,0,0.0,0.0588,0.0,28,30,0.0,,
00-0004574,Rickey Dudley,TE,LV,1999,1,0,0,0.0,0,,0,1,0,0.0,0.0357,0.0,32,35,0.0,,
00-0004574,Rickey Dudley,TE,LV,1999,2,0,0,0.0,0,,0,4,2,0.0,0.1212,,33,32,6.9,,
00-0004574,Rickey Dudley,TE,LV,1999,3,0,0,0.0,0,,0,3,3,0.0,0.0882,,26,25,12.5,,
00-0004574,Rickey Dudley,TE,LV,1999,4,0,0,0.0,0,,0,6,4,20,0.1875,1.0,32,37,14.0,,
00-0004574,Rickey Dudley,TE,LV,1999,5,0,0,0.0,0,,0,2,2,0.0,0.0556,0.0,24,27,4.5,,
00-0004574,Rickey Dudley,TE,LV,1999,6,0,0,0.0,0,,0,1,0,7,0.0455,0.0522,48,47,0.0,,
00-0004574,Rickey Dudley,TE,LV,1999,7,0,0,0.0,0,,0,3,2,0.0,0.0588,0.0,23,20,5.6,,
00-0004574,Rickey Dudley,TE,LV,1999,8,0,0,0.0,0,,0,4,0,0.0,0.129,0.0,19,20,0.0,,
00-0004574,Rickey Dudley,TE,LV,1999,10,0,0,0.0,0,,0,3,2,0.0,0.1304,,43,37,15.4,,
00-0004574,Rickey Dudley,TE,LV,1999,11,0,0,0.0,0,,0,4,4,0.0,0.125,0.0,29,27,17.2,,
00-0004574,Rickey Dudley,TE,LV,1999,12,0,0,0.0,0,,0,5,4,12,0.1724,0.7059,25,22,22.2,,
00-0004574,Rickey Dudley,TE,LV,1999,13,0,0,0.0,0,,0,5,4,8,0.2083,1.0,41,38,9.4,,
00-0004574,Rickey Dudley,TE,LV,1999,14,0,0,0.0,0,,0,4,4,0.0,0.1429,0.0,22,26,14.4,,
00-0004574,Rickey Dudley,TE,LV,1999,15,0,0,0.0,0,,0,4,2,0.0,0.1429,,37,38,5.0,,
00-0004574,Rickey Dudley,TE,LV,1999,16,0,0,0.0,0,,0,8,4,0.0,0.2424,0.0,24,22,14.3,,
00-0004574,Rickey Dudley,TE,LV,1999,17,0,0,0.0,0,,0,2,2,0.0,0.0465,0.0,30,37,7.1,,
00-0004634,David Dunn,WR,CLE,1999,6,0,0,0.0,0,,0,1,1,0.0,0.0455,0.0,28,27,1.4,,
00-0004634,David Dunn,WR,CLE,1999,7,0,0,0.0,0,,0,1,0,0.0,0.025,0.0,15,20,0.0,,
00-0004640,Warrick Dunn,RB,TB,1999,1,0,0,0.0,0,,15,5,3,0.0,0.1282,0.0,27,19,10.2,,
00-0004640,Warrick Dunn,RB,TB,1999,2,0,0,0.0,0,,24,0,0,0.0,0.0,0.0,44,24,8.2,,
00-0004640,Warrick Dunn,RB,TB,1999,3,0,0,0.0,0,,8,11,9,0.0,0.5789,,42,17,18.7,,
00-0004640,Warrick Dunn,RB,TB,1999,4,0,0,0.0,0,,16,7,4,11,0.1842,1.0,24,20,14.1,,
00-0004640,Warrick Dunn,RB,TB,1999,5,0,0,0.0,0,,14,6,6,0.0,0.24,0.0,32,20,20.0,,
00-0004640,Warrick Dunn,RB,TB,1999,7,0,0,0.0,0,,9,7,5,0.0,0.2593,,28,14,9.8,,
00-0004640,Warrick Dunn,RB,TB,1999,8,0,0,0.0,0,,9,12,11,0.0,0.2791,,22,21,22.0,,
00-0004640,Warrick Dunn,RB,TB,1999,9,0,0,0.0,0,,12,3,3,0.0,0.15,0.0,40,15,10.6,,
00-0004640,Warrick Dunn,RB,TB,1999,10,0,0,0.0,0,,18,3,2,0.0,0.1154,0.0,37,20,7.7,,
00-0004640,Warrick Dunn,RB,TB,1999,11,0,0,0.0,0,,11,5,2,8,0.1613,1.0,27,13,7.2,,
00-0004640,Warrick Dunn,RB,TB,1999,12,0,0,0.0,0,,15,2,1,0.0,0.1111,,37,16,7.6,,
00-0004640,Warrick Dunn,RB,TB,1999,14,0,0,0.0,0,,8,7,6,0.0,0.2059,0.0,19,15,18.1,,
00-0004640,Warrick Dunn,RB,TB,1999,15,0,0,0.0,0,,7,6,5,0.0,0.2143,0.0,19,17,9.7,,
00-0004640,Warrick Dunn,RB,TB,1999,16,0,0,0.0,0,,13,7,6,0.0,0.2258,0.0,37,19,19.3,,
00-0004640,Warrick Dunn,RB,TB,1999,17,0,0,0.0,0,,16,1,1,0.0,0.0417,,40,17,9.3,,
00-0004673,Tim Dwight,WR,ATL,1999,2,0,0,0.0,0,,0,1,1,0.0,0.0294,0.0,24,23,11.5,,
00-0004673,Tim Dwight,WR,ATL,1999,6,0,0,0.0,0,,1,3,2,0.0,0.0882,0.0,19,17,8.5,,
00-0004673,Tim Dwight,WR,ATL,1999,7,0,0,0.0,0,,2,7,3,0.0,0.2258,0.0,25,18,8.2,,
00-0004673,Tim Dwight,WR,ATL,1999,8,0,0,0.0,0,,0,4,3,0.0,0.1905,,32,34,21.1,,
00-0004673,Tim Dwight,WR,ATL,1999,9,0,0,0.0,0,,0,4,2,0.0,0.1538,0.0,11,15,12.7,,
00-0004673,Tim Dwight,WR,ATL,1999,11,0,0,0.0,0,,1,6,4,0.0,0.24,0.0,24,23,12.8,,
00-0004673,Tim Dwight,WR,ATL,1999,12,0,0,0.0,0,,1,9,5,0.0,0.225,,15,13,15.5,,
00-0004673,Tim Dwight,WR,ATL,1999,13,0,0,0.0,0,,0,3,2,0.0,0.1429,0.0,28,23,16.0,,
00-0004673,Tim Dwight,WR,ATL,1999,16,0,0,0.0,0,,0,4,3,0.0,0.1739,,39,28,8.2,,
00-0004673,Tim Dwight,WR,ATL,1999,17,0,0,0.0,0,,0,9,7,0.0,0.25,,21,18,41.2,,
00-0004694,Kevin Dyson,WR,TEN,1999,1,0,0,0.0,0,,0,13,9,15,0.4062,1.0,18,15,37.2,,
00-0004694,Kevin Dyson,WR,TEN,1999,2,0,0,0.0,0,,0,7,5,0.0,0.175,,34,38,10.2,,
00-0004694,Kevin Dyson,WR,TEN,1999,3,0,0,0.0,0,,0,10,6,0.0,0.3125,0.0,26,25,13.9,,
00-0004694,Kevin Dyson,WR,TEN,1999,4,0,0,0.0,0,,0,8,2,0.0,0.2,0.0,21,23,4.5,,
00-0004694,Kevin Dyson,WR,TEN,1999,5,0,0,0.0,0,,0,6,4,0.0,0.1714,,24,27,7.4,,
00-0004694,Kevin Dyson,WR,TEN,1999,6,0,0,0.0,0,,1,6,3,52,0.24,0.4815,35,30,13.4,,
00-0004694,Kevin Dyson,WR,TEN,1999,8,0,0,0.0,0,,0,6,2,0.0,0.2069,,31,22,3.9,,
00-0004694,Kevin Dyson,WR,TEN,1999,9,0,0,0.0,0,,0,7,3,0.0,0.1795,0.0,23,20,6.2,,
00-0004694,Kevin Dyson,WR,TEN,1999,10,0,0,0.0,0,,0,9,4,0.0,0.36,,37,31,7.9,,
00-0004694,Kevin Dyson,WR,TEN,1999,11,0,0,0.0,0,,0,2,2,0.0,0.08,0.0,32,23,4.7,,
00-0004694,Kevin Dyson,WR,TEN,1999,12,0,0,0.0,0,,0,10,4,0.0,0.2778,,33,29,8.2,,
00-0004694,Kevin Dyson,WR,TEN,1999,13,0,0,0.0,0,,0,5,1,48,0.1,1.0,14,16,1.6,,
00-0004694,Kevin Dyson,WR,TEN,1999,14,0,0,0.0,0,,0,1,1,0.0,0.0526,0.0,33,34,1.4,,
00-0004694,Kevin Dyson,WR,TEN,1999,15,0,0,0.0,0,,0,3,1,0.0,0.1,,28,24,1.4,,
00-0004694,Kevin Dyson,WR,TEN,1999,16,0,0,0.0,0,,0,6,5,0.0,0.1579,,37,33,16.8,,
00-0004694,Kevin Dyson,WR,TEN,1999,17,0,0,0.0,0,,0,4,2,0.0,0.1818,0.0,33,29,5.4,,
00-0004705,Quinn Early,WR,NYJ,1999,1,0,0,0.0,0,,0,2,0,0.0,0.0606,0.0,24,24,0.0,,
00-0004705,Quinn Early,WR,NYJ,1999,2,0,0,0.0,0,,0,4,1,0.0,0.1481,,18,11,2.3,,
00-0004705,Quinn Early,WR,NYJ,1999,3,0,0,0.0,0,,0,3,2,0.0,0.1,0.0,31,33,5.9,,
00-0004705,Quinn Early,WR,NYJ,1999,4,0,0,0.0,0,,0,1,0,0.0,0.0385,0.0,35,36,0.0,,
00-0004705,Quinn Early,WR,NYJ,1999,5,0,0,0.0,0,,0,3,1,0.0,0.0857,0.0,24,26,2.7,,
00-0004705,Quinn Early,WR,NYJ,1999,6,0,0,0.0,0,,0,1,1,0.0,0.0333,0.0,29,28,1.9,,
00-0004705,Quinn Early,WR,NYJ,1999,10,0,0,0.0,0,,0,1,0,0.0,0.0333,0.0,43,34,0.0,,
00-0004705,Quinn Early,WR,NYJ,1999,14,0,0,0.0,0,,0,1,1,0.0,0.027,,28,26,1.5,,
00-0004705,Quinn Early,WR,NYJ,1999,16,0,0,0.0,0,,0,1,0,0.0,0.0435,,25,23,0.0,,
00-0004780,Troy Edwards,WR,PIT,1999,1,0,0,0.0,0,,0,5,4,0.0,0.1562,,57,52,8.5,,
00-0004780,Troy Edwards,WR,PIT,1999,2,0,0,0.0,0,,0,7,5,0.0,0.2593,,36,28,8.8,,
00-0004780,Troy Edwards,WR,PIT,1999,3,0,0,0.0,0,,0,11,6,18,0.275,0.2143,19,21,19.2,,
00-0004780,Troy Edwards,WR,PIT,1999,4,0,0,0.0,0,,0,3,2,0.0,0.0938,0.0,31,30,4.2,,
00-0004780,Troy Edwards,WR,PIT,1999,5,0,0,0.0,0,,0,7,4,95,0.2414,0.4439,23,23,15.0,,
00-0004780,Troy Edwards,WR,PIT,1999,6,0,0,0.0,0,,0,9,4,0.0,0.3214,,37,33,9.8,,
00-0004780,Troy Edwards,WR,PIT,1999,7,0,0,0.0,0,,0,2,0,0.0,0.0952,,35,28,0.0,,
00-0004780,Troy Edwards,WR,PIT,1999,9,0,0,0.0,0,,0,9,6,0.0,0.3462,,31,25,13.6,,
00-0004780,Troy Edwards,WR,PIT,1999,10,0,0,0.0,0,,0,6,2,8,0.1875,1.0,37,32,4.9,,
00-0004780,Troy Edwards,WR,PIT,1999,11,0,0,0.0,0,,0,6,2,0.0,0.2143,-0.0,20,19,10.4,,
00-0004780,Troy Edwards,WR,PIT,1999,12,0,0,0.0,0,,0,12,7,0.0,0.2667,0.0,31,31,15.6,,
00-0004780,Troy Edwards,WR,PIT,1999,13,0,0,0.0,0,,0,11,2,0.0,0.2895,,15,15,4.9,,
00-0004780,Troy Edwards,WR,PIT,1999,14,0,0,0.0,0,,0,10,6,0.0,0.2326,,22,25,18.4,,
00-0004780,Troy Edwards,WR,PIT,1999,15,0,0,0.0,0,,0,11,5,0.0,0.2619,0.0,28,29,16.8,,
00-0004780,Troy Edwards,WR,PIT,1999,16,0,0,0.0,0,,0,4,3,0.0,0.1739,0.0,44,43,6.6,,
00-0004780,Troy Edwards,WR,PIT,1999,17,0,0,0.0,0,,0,5,3,0.0,0.1282,0.0,29,27,5.7,,
00-0004824,Keith Elias,RB,IND,1999,11,0,0,0.0,0,,12,2,2,0.0,0.0667,-0.0,36,42,6.2,,
00-0004824,Keith Elias,RB,IND,1999,17,0,0,0.0,0,,1,3,2,0.0,0.0857,0.0,19,25,2.2,,
00-0004871,Jerry Ellison,RB,NE,1999,8,0,0,0.0,0,,1,0,0,0.0,0.0,0.0,43,45,0.8,,
00-0004871,Jerry Ellison,RB,NE,1999,15,0,0,0.0,0,,1,4,4,0.0,0.0909,0.0,27,33,9.2,,
00-0004888,Bert Emanuel,WR,TB,1999,1,0,0,0.0,0,,0,12,3,25,0.3077,0.5814,27,19,8.3,,
00-0004888,Bert Emanuel,WR,TB,1999,2,0,0,0.0,0,,0,2,1,0.0,0.1429,0.0,44,24,8.9,,
00-0004888,Bert Emanuel,WR,TB,1999,3,0,0,0.0,0,,0,2,1,0.0,0.1053,,42,17,2.4,,
00-0004888,Bert Emanuel,WR,TB,1999,5,0,0,0.0,0,,0,5,2,30,0.2,0.4348,32,20,2.8,,
00-0004888,Bert Emanuel,WR,TB,1999,11,0,0,0.0,0,,0,5,3,0.0,0.1613,0.0,27,13,6.0,,
00-0004888,Bert Emanuel,WR,TB,1999,12,0,0,0.0,0,,0,3,0,0.0,0.1667,,37,16,0.0,,
00-0004888,Bert Emanuel,WR,TB,1999,13,0,0,0.0,0,,0,5,2,0.0,0.2632,0.0,27,1,3.2,,
00-0004888,Bert Emanuel,WR,TB,1999,14,0,0,0.0,0,,0,7,4,0.0,0.2059,0.0,19,15,8.6,,
00-0004888,Bert Emanuel,WR,TB,1999,15,0,0,0.0,0,,0,3,1,0.0,0.1071,0.0,19,17,2.0,,
00-0004888,Bert Emanuel,WR,TB,1999,16,0,0,0.0,0,,0,6,4,0.0,0.1935,0.0,37,19,6.4,,
00-0004888,Bert Emanuel,WR,TB,1999,17,0,0,0.0,0,,0,2,1,0.0,0.0833,,40,17,3.2,,
00-0004915,Bobby Engram,WR,CHI,1999,1,0,0,0.0,0,,1,8,6,0.0,0.1739,,28,27,12.2,,
00-0004915,Bobby Engram,WR,CHI,1999,2,0,0,0.0,0,,0,8,3,0.0,0.1818,,30,29,6.3,,
00-0004915,Bobby Engram,WR,CHI,1999,3,0,0,0.0,0,,0,5,3,0.0,0.1429,0.0,16,19,7.2,,
00-0004915,Bobby Engram,WR,CHI,1999,4,0,0,0.0,0,,0,7,4,0.0,0.1628,0.0,28,28,7.3,,
00-0004915,Bobby Engram,WR,CHI,1999,5,0,0,0.0,0,,0,5,3,0.0,0.119,,33,33,4.7,,
00-0004915,Bobby Engram,WR,CHI,1999,6,0,0,0.0,0,,0,12,6,80,0.3636,0.236,29,27,11.9,,
00-0004915,Bobby Engram,WR,CHI,1999,7,0,0,0.0,0,,0,11,4,0.0,0.2558,0.0,24,23,10.4,,
00-0004915,Bobby Engram,WR,CHI,1999,8,0,0,0.0,0,,1,12,7,9,0.2105,0.1636,26,29,13.7,,
00-0004915,Bobby Engram,WR,CHI,1999,9,0,0,0.0,0,,0,10,6,55,0.2941,0.6111,29,27,16.8,,
00-0004915,Bobby Engram,WR,CHI,1999,10,0,0,0.0,0,,0,12,6,71,0.25,0.2423,22,27,10.2,,
00-0004915,Bobby Engram,WR,CHI,1999,11,0,0,0.0,0,,0,11,8,0.0,0.2821,,28,27,20.1,,
00-0004915,Bobby Engram,WR,CHI,1999,12,0,0,0.0,0,,0,6,4,10,0.1538,1.0,12,15,8.1,,
00-0004915,Bobby Engram,WR,CHI,1999,13,0,0,0.0,0,,0,5,2,11,0.1282,1.0,24,26,8.0,,
00-0004915,Bobby Engram,WR,CHI,1999,15,0,0,0.0,0,,0,10,10,60,0.2778,0.2128,32,23,25.4,,
00-0004915,Bobby Engram,WR,CHI,1999,16,0,0,0.0,0,,0,17,13,5,0.3148,inf,17,18,39.3,,
00-0004915,Bobby Engram,WR,CHI,1999,17,0,0,0.0,0,,0,9,3,7,0.2195,1.0,18,15,6.2,,
00-0004916,Curtis Enis,RB,CHI,1999,1,0,0,0.0,0,,22,8,5,0.0,0.1739,,28,27,24.3,,
00-0004916,Curtis Enis,RB,CHI,1999,2,0,0,0.0,0,,25,7,3,0.0,0.1591,,30,29,19.3,,
00-0004916,Curtis Enis,RB,CHI,1999,3,0,0,0.0,0,,15,4,4,0.0,0.1143,0.0,16,19,17.2,,
00-0004916,Curtis Enis,RB,CHI,1999,4,0,0,0.0,0,,23,3,1,0.0,0.0698,0.0,28,28,7.5,,
00-0004916,Curtis Enis,RB,CHI,1999,5,0,0,0.0,0,,27,4,3,0.0,0.0952,,33,33,12.8,,
00-0004916,Curtis Enis,RB,CHI,1999,6,0,0,0.0,0,,24,0,0,0.0,0.0,0.0,29,27,8.6,,
00-0004916,Curtis Enis,RB,CHI,1999,7,0,0,0.0,0,,20,6,3,0.0,0.1395,0.0,24,23,10.9,,
00-0004916,Curtis Enis,RB,CHI,1999,8,0,0,0.0,0,,19,8,6,0.0,0.1404,0.0,26,29,15.5,,
00-0004916,Curtis Enis,RB,CHI,1999,9,0,0,0.0,0,,20,2,1,0.0,0.0588,0.0,29,27,8.6,,
00-0004916,Curtis Enis,RB,CHI,1999,10,0,0,0.0,0,,19,4,4,-8,0.0833,-0.0273,22,27,12.0,,
00-0004916,Curtis Enis,RB,CHI,1999,11,0,0,0.0,0,,19,3,3,0.0,0.0769,,28,27,13.8,,
00-0004916,Curtis Enis,RB,CHI,1999,12,0,0,0.0,0,,6,4,4,0.0,0.1026,0.0,12,15,5.7,,
00-0004916,Curtis Enis,RB,CHI,1999,13,0,0,0.0,0,,19,11,7,0.0,0.2821,0.0,24,26,25.8,,
00-0004916,Curtis Enis,RB,CHI,1999,15,0,0,0.0,0,,22,2,1,-1,0.0556,-0.0035,32,23,8.5,,
00-0004916,Curtis Enis,RB,CHI,1999,16,0,0,0.0,0,,7,2,0,-5,0.037,-inf,17,18,2.1,,
00-0004972,Chuck Evans,RB,BAL,1999,2,0,0,0.0,0,,4,1,0,0.0,0.0323,0.0,29,27,1.3,,
00-0004972,Chuck Evans,RB,BAL,1999,3,0,0,0.0,0,,3,3,2,0.0,0.1364,0.0,37,30,7.0,,
00-0004972,Chuck Evans,RB,BAL,1999,4,0,0,0.0,0,,1,2,0,0.0,0.0741,,34,28,0.4,,
00-0004972,Chuck Evans,RB,BAL,1999,5,0,0,0.0,0,,2,3,2,0.0,0.0833,,26,25,3.7,,
00-0004972,Chuck Evans,RB,BAL,1999,7,0,0,0.0,0,,0,4,4,0.0,0.0816,0.0,27,25,7.3,,
00-0004972,Chuck Evans,RB,BAL,1999,8,0,0,0.0,0,,2,4,3,0.0,0.125,0.0,27,30,6.2,,
00-0004972,Chuck Evans,RB,BAL,1999,9,0,0,0.0,0,,3,1,0,0.0,0.04,,38,34,0.6,,
00-0004972,Chuck Evans,RB,BAL,1999,10,0,0,0.0,0,,0,3,2,0.0,0.0938,-0.0,24,24,5.3,,
00-0004972,Chuck Evans,RB,BAL,1999,11,0,0,0.0,0,,0,4,3,0.0,0.1053,0.0,26,29,6.2,,
00-0004972,Chuck Evans,RB,BAL,1999,12,0,0,0.0,0,,8,6,3,0.0,0.1765,-0.0,22,27,14.0,,
00-0004972,Chuck Evans,RB,BAL,1999,13,0,0,0.0,0,,5,1,1,0.0,0.0333,,22,21,2.8,,
00-0004972,Chuck Evans,RB,BAL,1999,14,0,0,0.0,0,,1,1,1,0.0,0.0385,,25,20,1.5,,
00-0004972,Chuck Evans,RB,BAL,1999,15,0,0,0.0,0,,1,3,1,0.0,0.0833,0.0,24,30,2.4,,
00-0004972,Chuck Evans,RB,BAL,1999,16,0,0,0.0,0,,3,2,2,0.0,0.0625,0.0,32,32,3.3,,
00-0004972,Chuck Evans,RB,BAL,1999,17,0,0,0.0,0,,2,4,4,0.0,0.1,0.0,23,30,7.4,,
00-0005060,Chad Fann,TE,SF,1999,1,0,0,0.0,0,,0,2,0,0.0,0.0606,0.0,20,17,0.0,,
00-0005060,Chad Fann,TE,SF,1999,2,0,0,0.0,0,,0,1,0,0.0,0.0286,0.0,23,24,0.0,,
00-0005060,Chad Fann,TE,SF,1999,3,0,0,0.0,0,,0,1,0,0.0,0.0357,-0.0,36,36,0.0,,
00-0005060,Chad Fann,TE,SF,1999,4,0,0,0.0,0,,0,1,0,0.0,0.0303,,26,20,0.0,,
00-0005060,Chad Fann,TE,SF,1999,6,0,0,0.0,0,,0,1,1,0.0,0.0227,0.0,24,22,-0.4,,
00-0005060,Chad Fann,TE,SF,1999,12,0,0,0.0,0,,0,1,0,0.0,0.0286,0.0,23,21,0.0,,
00-0005060,Chad Fann,TE,SF,1999,13,0,0,0.0,0,,0,1,1,0.0,0.0222,-0.0,23,23,1.2,,
00-0005091,Kevin Faulk,RB,NE,1999,1,0,0,0.0,0,,10,2,1,0.0,0.0667,0.0,27,28,3.5,,
00-0005091,Kevin Faulk,RB,NE,1999,2,0,0,0.0,0,,5,2,1,0.0,0.0444,,27,32,0.0,,
00-0005091,Kevin Faulk,RB,NE,1999,5,0,0,0.0,0,,3,1,0,0.0,0.0238,0.0,19,22,0.2,,
00-0005091,Kevin Faulk,RB,NE,1999,6,0,0,0.0,0,,2,0,0,0.0,0.0,0.0,14,18,0.3,,
00-0005091,Kevin Faulk,RB,NE,1999,7,0,0,0.0,0,,5,1,1,0.0,0.0476,,28,30,9.8,,
00-0005091,Kevin Faulk,RB,NE,1999,8,0,0,0.0,0,,17,0,0,0.0,0.0,0.0,43,45,4.2,,
00-0005091,Kevin Faulk,RB,NE,1999,10,0,0,0.0,0,,2,3,2,0.0,0.0857,0.0,20,21,10.8,,
00-0005091,Kevin Faulk,RB,NE,1999,11,0,0,0.0,0,,5,3,2,0.0,0.0968,0.0,19,22,8.7,,
00-0005091,Kevin Faulk,RB,NE,1999,12,0,0,0.0,0,,7,2,2,0.0,0.0667,0.0,25,29,3.7,,
00-0005091,Kevin Faulk,RB,NE,1999,13,0,0,0.0,0,,9,4,3,0.0,0.16,0.0,36,32,10.9,,
00-0005091,Kevin Faulk,RB,NE,1999,14,0,0,0.0,0,,2,1,0,0.0,0.0227,0.0,20,22,0.4,,
00-0005092,Marshall Faulk,RB,LA,1999,3,0,0,0.0,0,,17,5,5,0.0,0.2,,34,28,28.2,,
00-0005092,Marshall Faulk,RB,LA,1999,4,0,0,0.0,0,,11,3,3,0.0,0.1364,,28,22,7.0,,
00-0005092,Marshall Faulk,RB,LA,1999,5,0,0,0.0,0,,7,4,4,0.0,0.1739,0.0,28,24,8.4,,
00-0005092,Marshall Faulk,RB,LA,1999,6,0,0,0.0,0,,18,4,3,0.0,0.2,0.0,28,24,30.3,,
00-0005092,Marshall Faulk,RB,LA,1999,7,0,0,0.0,0,,16,9,9,0.0,0.2647,,29,36,35.0,,
00-0005092,Marshall Faulk,RB,LA,1999,8,0,0,0.0,0,,16,6,6,0.0,0.1364,,19,24,28.4,,
00-0005092,Marshall Faulk,RB,LA,1999,9,1,0,-1.922,0,,11,11,10,0.0,0.2558,0.0,16,22,19.3,,
00-0005092,Marshall Faulk,RB,LA,1999,10,0,0,0.0,0,,16,2,2,0.0,0.069,0.0,20,19,21.7,,
00-0005092,Marshall Faulk,RB,LA,1999,11,0,0,0.0,0,,21,9,4,21,0.2432,1.0,30,25,20.9,,
00-0005092,Marshall Faulk,RB,LA,1999,12,0,0,0.0,0,,18,2,2,0.0,0.0741,,27,23,27.5,,
00-0005092,Marshall Faulk,RB,LA,1999,13,0,0,0.0,0,,22,7,6,0.0,0.2188,0.0,33,28,25.7,,
00-0005092,Marshall Faulk,RB,LA,1999,14,0,0,0.0,0,,29,6,5,10,0.1935,0.0515,34,34,36.0,,
00-0005092,Marshall Faulk,RB,LA,1999,15,0,0,0.0,0,,16,9,6,0.0,0.2812,,27,23,22.5,,
00-0005092,Marshall Faulk,RB,LA,1999,16,0,0,0.0,0,,10,13,12,0.0,0.3171,0.0,27,33,43.8,,
00-0005092,Marshall Faulk,RB,LA,1999,17,0,0,0.0,0,,6,4,3,8,0.1053,0.1739,26,14,25.6,,
00-0005101,Christian Fauria,TE,SEA,1999,1,0,0,0.0,0,,0,1,0,0.0,0.0345,,16,17,0.0,,
00-0005101,Christian Fauria,TE,SEA,1999,3,0,0,0.0,0,,0,2,2,0.0,0.069,,34,31,5.0,,
00-0005101,Christian Fauria,TE,SEA,1999,4,0,0,0.0,0,,0,5,2,21,0.1667,1.0,26,29,3.7,,
00-0005101,Christian Fauria,TE,SEA,1999,6,0,0,0.0,0,,0,5,4,0.0,0.1852,0.0,27,23,10.0,,
00-0005101,Christian Fauria,TE,SEA,1999,7,0,0,0.0,0,,0,5,3,0.0,0.1667,,32,26,7.2,,
00-0005101,Christian Fauria,TE,SEA,1999,8,0,0,0.0,0,,0,2,2,0.0,0.1053,,36,32,3.1,,
00-0005101,Christian Fauria,TE,SEA,1999,9,0,0,0.0,0,,0,1,1,0.0,0.0417,0.0,37,37,2.4,,
00-0005101,Christian Fauria,TE,SEA,1999,10,0,0,0.0,0,,0,3,1,0.0,0.0968,0.0,21,20,1.6,,
00-0005101,Christian Fauria,TE,SEA,1999,11,0,0,0.0,0,,0,2,2,0.0,0.0667,0.0,32,29,4.0,,
00-0005101,Christian Fauria,TE,SEA,1999,12,0,0,0.0,0,,0,6,3,0.0,0.1765,0.0,22,21,4.5,,
00-0005101,Christian Fauria,TE,SEA,1999,13,0,0,0.0,0,,0,1,1,0.0,0.0263,0.0,19,20,1.7,,
00-0005101,Christian Fauria,TE,SEA,1999,14,0,0,0.0,0,,0,4,4,0.0,0.1053,0.0,21,22,7.5,,
00-0005101,Christian Fauria,TE,SEA,1999,15,0,0,0.0,0,,0,2,1,0.0,0.0488,,17,19,2.1,,
00-0005101,Christian Fauria,TE,SEA,1999,16,0,0,0.0,0,,0,6,6,0.0,0.2069,,28,27,14.4,,
00-0005101,Christian Fauria,TE,SEA,1999,17,0,0,0.0,0,,0,6,3,0.0,0.1395,0.0,12,12,5.4,,
00-0005106,Brett Favre,QB,GB,1999,1,47,28,8.027,3,,2,0,0,0.0,0.0,0.0,20,24,24.6,,
00-0005106,Brett Favre,QB,GB,1999,2,41,20,-2.88,1,,2,0,0,0.0,0.0,0.0,31,33,7.6,,
00-0005106,Brett Favre,QB,GB,1999,3,38,24,13.439,2,,3,0,0,0.0,0.0,,22,27,17.5,,
00-0005106,Brett Favre,QB,GB,1999,5,40,22,9.977,5,,1,0,0,0.0,0.0,,23,27,23.5,,
00-0005106,Brett Favre,QB,GB,1999,6,23,7,-16.235,1,,1,0,0,0.0,0.0,0.0,11,11,-0.3,,
00-0005106,Brett Favre,QB,GB,1999,7,22,12,9.691,1,,0,0,0,0.0,0.0,0.0,28,27,16.9,,
00-0005106,Brett Favre,QB,GB,1999,8,35,14,-21.93,3,,3,0,0,0.0,0.0,0.0,29,29,0.8,,
00-0005106,Brett Favre,QB,GB,1999,9,40,27,5.743,3,,2,0,0,0.0,0.0,0.0,29,30,13.5,,
00-0005106,Brett Favre,QB,GB,1999,10,50,26,-10.417,3,,2,0,0,0.0,0.0,0.0,17,23,11.3,,
00-0005106,Brett Favre,QB,GB,1999,11,40,26,9.325,1,,1,0,0,0.0,0.0,,27,35,18.3,,
00-0005106,Brett Favre,QB,GB,1999,12,35,24,7.255,1,,0,0,0,0.0,0.0,,22,24,17.4,,
00-0005106,Brett Favre,QB,GB,1999,13,24,17,-1.349,2,,1,0,0,0.0,0.0,0.0,35,33,7.2,,
00-0005106,Brett Favre,QB,GB,1999,14,38,26,13.084,2,,5,0,0,0.0,0.0,0.0,24,23,21.0,,
00-0005106,Brett Favre,QB,GB,1999,15,39,22,-7.93,4,,2,0,0,0.0,0.0,0.0,28,30,4.0,,
00-0005106,Brett Favre,QB,GB,1999,16,48,25,-6.298,1,,2,0,0,0.0,0.0,0.0,12,19,10.2,,
00-0005106,Brett Favre,QB,GB,1999,17,34,21,9.714,2,,1,0,0,0.0,0.0,0.0,28,30,20.4,,
00-0005110,Jermaine Fazande,RB,LAC,1999,10,0,0,0.0,0,,13,0,0,0.0,0.0,,16,19,2.9,,
00-0005110,Jermaine Fazande,RB,LAC,1999,11,0,0,0.0,0,,18,0,0,0.0,0.0,,27,35,5.0,,
00-0005110,Jermaine Fazande,RB,LAC,1999,12,0,0,0.0,0,,3,0,0,0.0,0.0,0.0,20,26,1.5,,
00-0005110,Jermaine Fazande,RB,LAC,1999,13,0,0,0.0,0,,12,0,0,0.0,0.0,,44,42,10.2,,
00-0005110,Jermaine Fazande,RB,LAC,1999,14,0,0,0.0,0,,1,0,0,0.0,0.0,0.0,39,44,0.2,,
00-0005110,Jermaine Fazande,RB,LAC,1999,16,0,0,0.0,0,,14,0,0,0.0,0.0,0.0,21,23,4.4,,
00-0005110,Jermaine Fazande,RB,LAC,1999,17,0,0,0.0,0,,30,0,0,0.0,0.0,0.0,34,39,20.3,,
00-0005180,Jay Fiedler,QB,JAX,1999,1,1,0,-2.258,0,,2,0,0,0.0,0.0,,34,32,-0.2,,
00-0005180,Jay Fiedler,QB,JAX,1999,6,14,12,10.854,0,,3,0,0,0.0,0.0,-0.0,33,35,13.2,,
00-0005180,Jay Fiedler,QB,JAX,1999,8,9,6,1.395,1,,1,0,0,0.0,0.0,,34,35,2.8,,
00-0005180,Jay Fiedler,QB,JAX,1999,9,7,5,-1.665,1,,2,0,0,0.0,0.0,,34,33,1.2,,
00-0005180,Jay Fiedler,QB,JAX,1999,11,2,2,1.993,0,,2,0,0,0.0,0.0,0.0,27,27,0.6,,
00-0005180,Jay Fiedler,QB,JAX,1999,16,22,8,-12.873,3,,1,0,0,0.0,0.0,0.0,18,17,0.7,,
00-0005180,Jay Fiedler,QB,JAX,1999,17,39,28,17.575,2,,2,0,0,0.0,0.0,,36,35,16.5,,
00-0005231,Brian Finneran,WR,PHI,1999,1,0,0,0.0,0,,0,3,1,26,0.1154,0.4127,26,24,2.0,,
00-0005231,Brian Finneran,WR,PHI,1999,3,0,0,0.0,0,,0,1,1,0.0,0.027,,12,18,2.1,,
00-0005324,Terrell Fletcher,RB,LAC,1999,2,0,0,0.0,0,,3,3,2,0.0,0.1,,35,38,3.5,,
00-0005324,Terrell Fletcher,RB,LAC,1999,3,0,0,0.0,0,,2,2,0,0.0,0.0588,0.0,25,23,1.4,,
00-0005324,Terrell Fletcher,RB,LAC,1999,4,0,0,0.0,0,,1,5,3,0.0,0.1852,0.0,17,24,4.4,,
00-0005324,Terrell Fletcher,RB,LAC,1999,5,0,0,0.0,0,,11,5,3,0.0,0.1471,0.0,24,32,10.5,,
00-0005324,Terrell Fletcher,RB,LAC,1999,6,0,0,0.0,0,,2,8,6,-1,0.186,-0.0294,21,33,11.5,,
00-0005324,Terrell Fletcher,RB,LAC,1999,7,0,0,0.0,0,,1,5,3,0.0,0.0926,0.0,27,30,6.3,,
00-0005324,Terrell Fletcher,RB,LAC,1999,8,0,0,0.0,0,,3,3,2,0.0,0.0968,0.0,20,26,4.6,,
00-0005324,Terrell Fletcher,RB,LAC,1999,9,0,0,0.0,0,,3,0,0,0.0,0.0,0.0,19,27,0.8,,
00-0005324,Terrell Fletcher,RB,LAC,1999,11,0,0,0.0,0,,1,1,1,0.0,0.0222,,27,35,1.4,,
00-0005324,Terrell Fletcher,RB,LAC,1999,12,0,0,0.0,0,,0,5,3,0.0,0.1282,0.0,20,26,4.1,,
00-0005324,Terrell Fletcher,RB,LAC,1999,13,0,0,0.0,0,,9,0,0,0.0,0.0,,44,42,2.8,,
00-0005324,Terrell Fletcher,RB,LAC,1999,14,0,0,0.0,0,,6,5,5,0.0,0.1471,0.0,39,44,12.3,,
00-0005324,Terrell Fletcher,RB,LAC,1999,15,0,0,0.0,0,,5,13,9,0.0,0.3611,,21,31,16.8,,
00-0005324,Terrell Fletcher,RB,LAC,1999,16,0,0,0.0,0,,0,9,7,0.0,0.25,0.0,21,23,11.5,,
00-0005324,Terrell Fletcher,RB,LAC,1999,17,0,0,0.0,0,,1,1,1,0.0,0.0435,0.0,34,39,1.7,,
00-0005363,Doug Flutie,QB,BUF,1999,1,42,22,-10.926,5,,4,0,0,0.0,0.0,0.0,15,7,12.4,,
00-0005363,Doug Flutie,QB,BUF,1999,2,25,15,2.744,0,,7,0,0,0.0,0.0,,47,30,19.1,,
00-0005363,Doug Flutie,QB,BUF,1999,3,26,18,5.867,0,,5,0,0,0.0,0.0,0.0,40,16,12.2,,
00-0005363,Doug Flutie,QB,BUF,1999,4,25,12,1.978,1,,9,0,0,0.0,0.0,,27,12,14.3,,
00-0005363,Doug Flutie,QB,BUF,1999,5,32,21,12.316,2,,7,0,0,0.0,0.0,0.0,33,11,26.3,,
00-0005363,Doug Flutie,QB,BUF,1999,6,41,19,-7.346,1,,3,0,0,0.0,0.0,0.0,13,5,8.7,,
00-0005363,Doug Flutie,QB,BUF,1999,7,50,24,-9.394,3,,6,0,0,0.0,0.0,0.0,25,10,18.1,,
00-0005363,Doug Flutie,QB,BUF,1999,8,40,18,-13.947,3,,8,0,0,0.0,0.0,0.0,29,6,9.2,,
00-0005363,Doug Flutie,QB,BUF,1999,9,22,16,17.895,1,,5,0,0,0.0,0.0,,49,20,20.4,,
00-0005363,Doug Flutie,QB,BUF,1999,10,20,10,7.422,0,,7,0,0,0.0,0.0,,48,34,11.1,,
00-0005363,Doug Flutie,QB,BUF,1999,11,40,22,-13.261,2,,3,0,0,0.0,0.0,-0.0,17,2,10.2,,
00-0005363,Doug Flutie,QB,BUF,1999,12,16,9,10.507,0,,5,0,0,0.0,0.0,,35,13,15.6,,
00-0005363,Doug Flutie,QB,BUF,1999,14,32,15,-4.024,3,,6,0,0,0.0,0.0,0.0,28,16,9.9,,
00-0005363,Doug Flutie,QB,BUF,1999,15,32,21,6.934,2,,7,0,0,0.0,0.0,0.0,41,14,16.1,,
00-0005363,Doug Flutie,QB,BUF,1999,16,35,22,4.709,3,,6,0,0,0.0,0.0,,41,15,12.9,,
00-0005379,Glenn Foley,QB,SEA,1999,2,30,18,10.587,6,,3,0,0,0.0,0.0,,28,26,17.2,,
00-0005562,Antonio Freeman,WR,GB,1999,1,0,0,0.0,0,,0,9,7,0.0,0.2143,0.0,20,24,24.1,,
00-0005562,Antonio Freeman,WR,GB,1999,2,0,0,0.0,0,,0,17,6,26,0.4146,1.0,31,33,14.5,,
00-0005562,Antonio Freeman,WR,GB,1999,3,0,0,0.0,0,,0,5,4,0.0,0.1351,,22,27,9.6,,
00-0005562,Antonio Freeman,WR,GB,1999,5,0,0,0.0,0,,0,13,7,0.0,0.3333,,23,27,34.2,,
00-0005562,Antonio Freeman,WR,GB,1999,6,0,0,0.0,0,,0,8,1,0.0,0.4211,0.0,11,11,1.9,,
00-0005562,Antonio Freeman,WR,GB,1999,7,0,0,0.0,0,,0,9,5,0.0,0.36,0.0,28,27,19.2,,
00-0005562,Antonio Freeman,WR,GB,1999,8,0,0,0.0,0,,0,6,2,0.0,0.1579,0.0,29,29,3.0,,
00-0005562,Antonio Freeman,WR,GB,1999,9,0,0,0.0,0,,1,11,8,0.0,0.275,0.0,29,30,14.9,,
00-0005562,Antonio Freeman,WR,GB,1999,10,0,0,0.0,0,,0,10,6,20,0.2083,0.7692,17,23,23.0,,
00-0005562,Antonio Freeman,WR,GB,1999,11,0,0,0.0,0,,0,2,0,0.0,0.0513,,27,35,0.0,,
00-0005562,Antonio Freeman,WR,GB,1999,12,0,0,0.0,0,,0,9,7,0.0,0.2571,,22,24,14.3,,
00-0005562,Antonio Freeman,WR,GB,1999,13,0,0,0.0,0,,0,7,6,0.0,0.2917,0.0,35,33,15.7,,
00-0005562,Antonio Freeman,WR,GB,1999,14,0,0,0.0,0,,0,9,4,0.0,0.2432,0.0,24,23,14.6,,
00-0005562,Antonio Freeman,WR,GB,1999,15,0,0,0.0,0,,0,7,5,37,0.1892,0.5781,28,30,10.4,,
00-0005562,Antonio Freeman,WR,GB,1999,16,0,0,0.0,0,,0,9,5,22,0.1875,0.5641,12,19,12.2,,
00-0005562,Antonio Freeman,WR,GB,1999,17,0,0,0.0,0,,0,1,1,0.0,0.0294,0.0,28,30,5.6,,
00-0005589,Gus Frerotte,QB,DET,1999,6,24,15,1.147,3,,1,0,0,0.0,0.0,,25,25,6.0,,
00-0005589,Gus Frerotte,QB,DET,1999,9,16,12,11.245,4,,5,0,0,0.0,0.0,,20,19,19.2,,
00-0005589,Gus Frerotte,QB,DET,1999,10,39,24,7.145,5,,0,0,0,0.0,0.0,,14,18,23.0,,
00-0005589,Gus Frerotte,QB,DET,1999,11,39,20,-0.98,0,,1,0,0,0.0,0.0,0.0,23,21,9.7,,
00-0005589,Gus Frerotte,QB,DET,1999,12,42,29,10.252,2,,4,0,0,0.0,0.0,,29,27,20.9,,
00-0005589,Gus Frerotte,QB,DET,1999,13,32,21,-1.085,5,,1,0,0,0.0,0.0,,15,14,15.3,,
00-0005589,Gus Frerotte,QB,DET,1999,14,44,23,-1.634,4,,2,0,0,0.0,0.0,0.0,20,16,8.0,,
00-0005589,Gus Frerotte,QB,DET,1999,15,30,17,-8.18,1,,1,0,0,0.0,0.0,0.0,19,19,0.7,,
00-0005589,Gus Frerotte,QB,DET,1999,17,22,14,-1.403,4,,0,0,0,0.0,0.0,0.0,14,16,9.2,,
00-0005600,John Friesz,QB,NE,1999,8,0,0,0.0,0,,2,0,0,0.0,0.0,0.0,43,45,-0.2,,
00-0005616,Irving Fryar,WR,WAS,1999,1,0,0,0.0,0,,0,4,3,0.0,0.1212,,30,29,6.4,,
00-0005616,Irving Fryar,WR,WAS,1999,2,0,0,0.0,0,,0,2,1,0.0,0.0714,,41,35,2.0,,
00-0005616,Irving Fryar,WR,WAS,1999,3,0,0,0.0,0,,0,1,0,0.0,0.0357,,29,29,0.0,,
00-0005616,Irving Fryar,WR,WAS,1999,4,0,0,0.0,0,,0,3,2,0.0,0.0938,,31,26,4.3,,
00-0005616,Irving Fryar,WR,WAS,1999,6,0,0,0.0,0,,0,3,2,0.0,0.0769,0.0,34,31,4.0,,
00-0005616,Irving Fryar,WR,WAS,1999,7,0,0,0.0,0,,0,4,2,0.0,0.1143,,16,22,2.8,,
00-0005616,Irving Fryar,WR,WAS,1999,8,0,0,0.0,0,,0,6,1,16,0.2,1.0,24,26,1.6,,
00-0005616,Irving Fryar,WR,WAS,1999,10,0,0,0.0,0,,0,2,0,0.0,0.0625,0.0,27,28,0.0,,
00-0005616,Irving Fryar,WR,WAS,1999,11,0,0,0.0,0,,0,3,3,0.0,0.1071,0.0,40,42,4.0,,
00-0005616,Irving Fryar,WR,WAS,1999,12,0,0,0.0,0,,0,3,2,0.0,0.0833,0.0,32,29,3.1,,
00-0005616,Irving Fryar,WR,WAS,1999,14,0,0,0.0,0,,0,5,3,0.0,0.1923,0.0,46,44,10.9,,
00-0005616,Irving Fryar,WR,WAS,1999,15,0,0,0.0,0,,0,3,2,0.0,0.1,,32,36,4.3,,
00-0005616,Irving Fryar,WR,WAS,1999,16,0,0,0.0,0,,0,5,4,0.0,0.1064,0.0,17,21,10.0,,
00-0005616,Irving Fryar,WR,WAS,1999,17,0,0,0.0,0,,0,2,1,0.0,0.1,,30,28,10.0,,
00-0005620,Chris Fuamatu-Ma'afala,RB,PIT,1999,12,0,0,0.0,0,,1,0,0,0.0,0.0,0.0,31,31,0.4,,
00-0005668,Oronde Gadsden,WR,MIA,1999,2,0,0,0.0,0,,0,2,2,0.0,0.0588,0.0,31,31,3.1,,
00-0005668,Oronde Gadsden,WR,MIA,1999,4,0,0,0.0,0,,0,8,3,0.0,0.1905,0.0,24,28,7.6,,
00-0005668,Oronde Gadsden,WR,MIA,1999,5,0,0,0.0,0,,0,6,4,0.0,0.1579,,28,27,22.3,,
00-0005668,Oronde Gadsden,WR,MIA,1999,6,0,0,0.0,0,,0,5,1,0.0,0.119,0.0,32,34,1.4,,
00-0005668,Oronde Gadsden,WR,MIA,1999,7,0,0,0.0,0,,0,3,1,0.0,0.15,0.0,39,35,2.7,,
00-0005668,Oronde Gadsden,WR,MIA,1999,8,0,0,0.0,0,,0,6,3,0.0,0.1935,,42,42,10.0,,
00-0005668,Oronde Gadsden,WR,MIA,1999,9,0,0,0.0,0,,0,4,2,0.0,0.1667,,27,28,6.7,,
00-0005668,Oronde Gadsden,WR,MIA,1999,10,0,0,0.0,0,,0,1,0,0.0,0.04,0.0,19,20,0.0,,
00-0005668,Oronde Gadsden,WR,MIA,1999,11,0,0,0.0,0,,0,6,4,0.0,0.1875,,36,34,19.6,,
00-0005668,Oronde Gadsden,WR,MIA,1999,12,0,0,0.0,0,,0,5,3,19,0.125,0.2375,20,25,6.9,,
00-0005668,Oronde Gadsden,WR,MIA,1999,13,0,0,0.0,0,,0,7,6,0.0,0.1944,0.0,22,28,22.3,,
00-0005668,Oronde Gadsden,WR,MIA,1999,14,0,0,0.0,0,,0,8,4,9,0.1739,0.5625,19,26,15.7,,
00-0005668,Oronde Gadsden,WR,MIA,1999,15,0,0,0.0,0,,0,7,4,0.0,0.2059,,23,24,12.3,,
00-0005668,Oronde Gadsden,WR,MIA,1999,16,0,0,0.0,0,,0,8,2,48,0.1538,0.9412,24,28,7.3,,
00-0005668,Oronde Gadsden,WR,MIA,1999,17,0,0,0.0,0,,0,13,9,0.0,0.26,0.0,26,29,26.4,,
00-0005720,Joey Galloway,WR,SEA,1999,10,0,0,0.0,0,,0,6,4,0.0,0.1935,0.0,21,20,12.8,,
00-0005720,Joey Galloway,WR,SEA,1999,11,0,0,0.0,0,,0,4,1,0.0,0.1333,0.0,32,29,2.8,,
00-0005720,Joey Galloway,WR,SEA,1999,12,0,0,0.0,0,,0,3,1,0.0,0.0882,0.0,22,21,2.8,,
00-0005720,Joey Galloway,WR,SEA,1999,13,0,0,0.0,0,,0,10,4,26,0.2632,0.5306,19,20,16.8,,
00-0005720,Joey Galloway,WR,SEA,1999,14,0,0,0.0,0,,0,10,6,6,0.2632,1.0,21,22,14.5,,
00-0005720,Joey Galloway,WR,SEA,1999,15,0,0,0.0,0,,1,8,3,0.0,0.1951,,17,19,6.3,,
00-0005720,Joey Galloway,WR,SEA,1999,16,0,0,0.0,0,,0,5,2,0.0,0.1724,,28,27,2.7,,
00-0005720,Joey Galloway,WR,SEA,1999,17,0,0,0.0,0,,0,6,1,0.0,0.1395,0.0,12,12,2.7,,
00-0005741,Rich Gannon,QB,LV,1999,1,31,16,4.355,4,,1,0,0,0.0,0.0,0.0,32,35,7.7,,
00-0005741,Rich Gannon,QB,LV,1999,2,33,21,4.431,1,,5,0,0,0.0,0.0,,33,32,24.7,,
00-0005741,Rich Gannon,QB,LV,1999,3,35,26,14.248,4,,5,0,0,0.0,0.0,,26,25,22.5,,
00-0005741,Rich Gannon,QB,LV,1999,4,34,19,5.607,2,,2,0,0,0.0,0.0,0.0,32,37,16.1,,
00-0005741,Rich Gannon,QB,LV,1999,5,36,25,-4.922,6,,4,1,1,0.0,0.0278,0.0,24,27,11.4,,
00-0005741,Rich Gannon,QB,LV,1999,6,22,15,5.645,2,,4,0,0,0.0,0.0,0.0,48,47,8.4,,
00-0005741,Rich Gannon,QB,LV,1999,7,51,26,6.972,2,,5,0,0,0.0,0.0,0.0,23,20,24.1,,
00-0005741,Rich Gannon,QB,LV,1999,8,28,7,-16.239,5,,0,0,0,0.0,0.0,0.0,19,20,3.2,,
00-0005741,Rich Gannon,QB,LV,1999,10,24,18,22.55,1,,7,0,0,0.0,0.0,,43,37,30.5,,
00-0005741,Rich Gannon,QB,LV,1999,11,34,17,-2.19,5,,2,0,0,0.0,0.0,0.0,29,27,15.3,,
00-0005741,Rich Gannon,QB,LV,1999,12,29,19,-6.775,5,,4,0,0,0.0,0.0,0.0,25,22,22.3,,
00-0005741,Rich Gannon,QB,LV,1999,13,24,19,16.281,0,,3,0,0,0.0,0.0,0.0,41,38,15.8,,
00-0005741,Rich Gannon,QB,LV,1999,14,28,20,5.921,4,,1,0,0,0.0,0.0,0.0,22,26,11.2,,
00-0005741,Rich Gannon,QB,LV,1999,15,26,15,3.446,1,,0,0,0,0.0,0.0,,37,38,9.6,,
00-0005741,Rich Gannon,QB,LV,1999,16,33,16,11.295,3,,3,0,0,0.0,0.0,0.0,24,22,14.3,,
00-0005741,Rich Gannon,QB,LV,1999,17,47,25,0.95,4,,0,0,0,0.0,0.0,0.0,30,37,21.0,,
00-0005755,Jeff Garcia,QB,SF,1999,1,9,5,-10.563,2,,0,0,0,0.0,0.0,0.0,20,17,-0.2,,
00-0005755,Jeff Garcia,QB,SF,1999,3,6,5,-0.866,0,,3,0,0,0.0,0.0,-0.0,36,36,2.1,,
00-0005755,Jeff Garcia,QB,SF,1999,4,33,21,14.222,1,,8,0,0,0.0,0.0,,26,20,24.5,,
00-0005755,Jeff Garcia,QB,SF,1999,5,36,22,-5.356,0,,1,0,0,0.0,0.0,0.0,21,24,3.8,,
00-0005755,Jeff Garcia,QB,SF,1999,6,45,22,-0.139,2,,4,0,0,0.0,0.0,0.0,24,22,15.8,,
00-0005755,Jeff Garcia,QB,SF,1999,7,31,14,-6.241,2,,5,0,0,0.0,0.0,-0.0,21,16,7.0,,
00-0005755,Jeff Garcia,QB,SF,1999,9,18,7,-13.304,0,,4,0,0,0.0,0.0,0.0,34,28,4.1,,
00-0005755,Jeff Garcia,QB,SF,1999,11,15,8,-7.659,3,,4,0,0,0.0,0.0,0.0,25,16,-1.1,,
00-0005755,Jeff Garcia,QB,SF,1999,13,48,33,19.375,0,,1,0,0,0.0,0.0,-0.0,23,23,28.7,,
00-0005755,Jeff Garcia,QB,SF,1999,14,24,16,-0.185,2,,3,0,0,0.0,0.0,,44,38,8.2,,
00-0005755,Jeff Garcia,QB,SF,1999,15,46,29,10.076,2,,2,0,0,0.0,0.0,0.0,18,23,18.7,,
00-0005755,Jeff Garcia,QB,SF,1999,16,29,17,4.625,0,,4,0,0,0.0,0.0,0.0,37,24,12.7,,
00-0005755,Jeff Garcia,QB,SF,1999,17,33,26,22.306,1,,6,0,0,0.0,0.0,,24,21,32.5,,
00-0005779,Charlie Garner,RB,SF,1999,1,0,0,0.0,0,,11,3,1,0.0,0.0909,0.0,20,17,8.5,,
00-0005779,Charlie Garner,RB,SF,1999,2,0,0,0.0,0,,12,5,5,0.0,0.1429,0.0,23,24,21.0,,
00-0005779,Charlie Garner,RB,SF,1999,3,0,0,0.0,0,,21,3,3,0.0,0.1071,-0.0,36,36,16.5,,
00-0005779,Charlie Garner,RB,SF,1999,4,0,0,0.0,0,,12,4,4,0.0,0.1212,,26,20,21.6,,
00-0005779,Charlie Garner,RB,SF,1999,5,0,0,0.0,0,,13,5,5,0.0,0.1389,0.0,21,24,15.9,,
00-0005779,Charlie Garner,RB,SF,1999,6,0,0,-3.567,1,,16,4,3,3,0.0909,0.0278,24,22,11.9,,
00-0005779,Charlie Garner,RB,SF,1999,7,0,0,0.0,0,,10,5,2,-12,0.1429,1.7143,21,16,6.0,,
00-0005779,Charlie Garner,RB,SF,1999,9,0,0,0.0,0,,20,7,3,0.0,0.2121,0.0,34,28,20.9,,
00-0005779,Charlie Garner,RB,SF,1999,10,0,0,0.0,0,,12,3,2,0.0,0.0968,0.0,19,14,8.8,,
00-0005779,Charlie Garner,RB,SF,1999,11,0,0,0.0,0,,16,1,0,0.0,0.037,0.0,25,16,7.7,,
00-0005779,Charlie Garner,RB,SF,1999,12,0,0,0.0,0,,15,11,6,0.0,0.3143,0.0,23,21,18.6,,
00-0005779,Charlie Garner,RB,SF,1999,13,0,0,0.0,0,,18,5,5,0.0,0.1111,-0.0,23,23,25.3,,
00-0005779,Charlie Garner,RB,SF,1999,14,0,0,0.0,0,,26,6,5,0.0,0.24,,44,38,27.9,,
00-0005779,Charlie Garner,RB,SF,1999,15,0,0,0.0,0,,14,10,9,0.0,0.2326,0.0,18,23,25.1,,
00-0005779,Charlie Garner,RB,SF,1999,16,0,0,0.0,0,,16,4,3,0.0,0.1333,0.0,37,24,25.8,,
00-0005779,Charlie Garner,RB,SF,1999,17,0,0,0.0,0,,9,0,0,0.0,0.0,,24,21,2.9,,
00-0005794,Jason Garrett,QB,DAL,1999,4,0,0,0.0,0,,2,0,0,0.0,0.0,,39,36,-0.2,,
00-0005794,Jason Garrett,QB,DAL,1999,8,1,0,-2.122,1,,0,0,0,0.0,0.0,,26,31,0.0,,
00-0005794,Jason Garrett,QB,DAL,1999,9,11,3,-10.995,0,,2,0,0,0.0,0.0,0.0,24,26,-0.7,,
00-0005794,Jason Garrett,QB,DAL,1999,10,23,13,8.588,2,,0,0,0,0.0,0.0,0.0,34,34,16.0,,
00-0005794,Jason Garrett,QB,DAL,1999,11,29,16,-9.673,2,,2,0,0,0.0,0.0,,34,35,8.7,,
00-0005816,Olandis Gary,RB,DEN,1999,5,0,0,0.0,0,,20,1,1,0.0,0.0333,0.0,28,23,8.4,,
00-0005816,Olandis Gary,RB,DEN,1999,6,0,0,0.0,0,,37,3,2,1,0.1034,1.0,51,50,23.0,,
00-0005816,Olandis Gary,RB,DEN,1999,7,0,0,0.0,0,,19,4,4,0.0,0.1053,,27,30,16.9,,
00-0005816,Olandis Gary,RB,DEN,1999,8,0,0,0.0,0,,19,0,0,0.0,0.0,0.0,30,24,9.9,,
00-0005816,Olandis Gary,RB,DEN,1999,9,0,0,0.0,0,,30,2,2,0.0,0.087,,31,35,25.9,,
00-0005816,Olandis Gary,RB,DEN,1999,10,0,0,0.0,0,,26,4,3,0.0,0.1333,0.0,31,32,11.5,,
00-0005816,Olandis Gary,RB,DEN,1999,11,0,0,0.0,0,,22,4,1,0.0,0.1026,,30,25,15.1,,
00-0005816,Olandis Gary,RB,DEN,1999,13,0,0,0.0,0,,14,2,2,0.0,0.0588,0.0,18,25,15.6,,
00-0005816,Olandis Gary,RB,DEN,1999,14,0,0,0.0,0,,20,1,1,0.0,0.0303,0.0,27,27,14.2,,
00-0005816,Olandis Gary,RB,DEN,1999,15,0,0,0.0,0,,22,3,2,0.0,0.0769,0.0,33,36,21.9,,
00-0005816,Olandis Gary,RB,DEN,1999,16,0,0,0.0,0,,29,0,0,0.0,0.0,0.0,36,34,24.5,,
00-0005816,Olandis Gary,RB,DEN,1999,17,0,0,0.0,0,,18,5,3,0.0,0.1136,,22,25,5.9,,
00-0005883,Eddie George,RB,TEN,1999,1,0,0,0.0,0,,12,4,3,0.0,0.125,0.0,18,15,14.9,,
00-0005883,Eddie George,RB,TEN,1999,2,0,0,0.0,0,,31,4,4,0.0,0.1,,34,38,28.4,,
00-0005883,Eddie George,RB,TEN,1999,3,0,0,0.0,0,,18,4,4,0.0,0.125,0.0,26,25,17.3,,
00-0005883,Eddie George,RB,TEN,1999,4,0,0,0.0,0,,15,5,3,0.0,0.125,0.0,21,23,19.7,,
00-0005883,Eddie George,RB,TEN,1999,5,0,0,0.0,0,,20,5,5,0.0,0.1429,,24,27,12.8,,
00-0005883,Eddie George,RB,TEN,1999,6,0,0,0.0,0,,28,2,1,0.0,0.08,0.0,35,30,17.7,,
00-0005883,Eddie George,RB,TEN,1999,8,0,0,0.0,0,,17,4,3,0.0,0.1379,,31,22,19.3,,
00-0005883,Eddie George,RB,TEN,1999,9,0,0,0.0,0,,14,3,2,0.0,0.0769,0.0,23,20,10.5,,
00-0005883,Eddie George,RB,TEN,1999,10,0,0,0.0,0,,29,1,0,0.0,0.04,,37,31,22.3,,
00-0005883,Eddie George,RB,TEN,1999,11,0,0,0.0,0,,21,1,1,0.0,0.04,0.0,32,23,10.2,,
00-0005883,Eddie George,RB,TEN,1999,12,0,0,0.0,0,,26,5,3,0.0,0.1389,,33,29,26.4,,
00-0005883,Eddie George,RB,TEN,1999,13,0,0,0.0,0,,8,8,5,0.0,0.16,0.0,14,16,18.6,,
00-0005883,Eddie George,RB,TEN,1999,14,0,0,0.0,0,,28,8,6,0.0,0.4211,0.0,33,34,42.9,,
00-0005883,Eddie George,RB,TEN,1999,15,0,0,0.0,0,,19,5,4,0.0,0.1667,,28,24,12.1,,
00-0005883,Eddie George,RB,TEN,1999,16,0,0,0.0,0,,26,5,3,0.0,0.1316,,37,33,16.9,,
00-0005883,Eddie George,RB,TEN,1999,17,0,0,0.0,0,,8,0,0,0.0,0.0,0.0,33,29,3.2,,
00-0005885,Jeff George,QB,MIN,1999,4,1,0,-1.211,0,,0,0,0,0.0,0.0,0.0,23,31,0.0,,
00-0005885,Jeff George,QB,MIN,1999,6,12,10,11.779,2,,0,0,0,0.0,0.0,0.0,19,20,12.6,,
00-0005885,Jeff George,QB,MIN,1999,7,28,15,9.67,1,,0,0,0,0.0,0.0,0.0,31,25,20.0,,
00-0005885,Jeff George,QB,MIN,1999,8,29,17,7.547,2,,1,0,0,0.0,0.0,,24,23,16.7,,
00-0005885,Jeff George,QB,MIN,1999,9,30,17,3.791,4,,5,0,0,0.0,0.0,0.0,32,27,19.8,,
00-0005885,Jeff George,QB,MIN,1999,10,44,25,0.374,3,,1,0,0,0.0,0.0,0.0,28,29,20.9,,
00-0005885,Jeff George,QB,MIN,1999,12,43,28,6.09,1,,3,0,0,0.0,0.0,0.0,29,30,26.2,,
00-0005885,Jeff George,QB,MIN,1999,13,45,26,-1.471,4,,1,0,0,0.0,0.0,0.0,24,34,11.5,,
00-0005885,Jeff George,QB,MIN,1999,14,22,13,0.44,4,,2,0,0,0.0,0.0,,35,34,12.3,,
00-0005885,Jeff George,QB,MIN,1999,15,29,16,8.739,1,,1,0,0,0.0,0.0,,26,27,20.0,,
00-0005885,Jeff George,QB,MIN,1999,16,21,10,0.516,1,,1,0,0,0.0,0.0,0.0,25,25,3.8,,
00-0005885,Jeff George,QB,MIN,1999,17,24,14,2.573,5,,1,0,0,0.0,0.0,0.0,30,31,10.9,,
00-0005902,Joe Germaine,QB,LA,1999,7,0,0,0.0,0,,2,0,0,0.0,0.0,,29,36,-0.2,,
00-0005902,Joe Germaine,QB,LA,1999,17,16,9,-6.76,3,,1,0,0,0.0,0.0,0.0,26,14,3.6,,
00-0005903,Jammi German,WR,ATL,1999,4,0,0,0.0,0,,0,3,3,0.0,0.0698,,26,29,13.8,,
00-0005903,Jammi German,WR,ATL,1999,5,0,0,0.0,0,,0,2,1,0.0,0.1053,,33,32,7.2,,
00-0005903,Jammi German,WR,ATL,1999,9,0,0,0.0,0,,0,1,1,0.0,0.0385,0.0,11,15,3.3,,
00-0005903,Jammi German,WR,ATL,1999,11,0,0,0.0,0,,0,2,1,0.0,0.08,0.0,24,23,2.0,,
00-0005903,Jammi German,WR,ATL,1999,14,0,0,0.0,0,,0,4,2,0.0,0.1481,0.0,12,10,4.4,,
00-0005903,Jammi German,WR,ATL,1999,15,0,0,0.0,0,,0,5,3,0.0,0.119,0.0,19,16,18.5,,
00-0005903,Jammi German,WR,ATL,1999,17,0,0,0.0,0,,0,3,1,0.0,0.0833,,21,18,2.7,,
00-0006043,Terry Glenn,WR,NE,1999,1,0,0,0.0,0,,0,7,7,0.0,0.2333,0.0,27,28,18.3,,
00-0006043,Terry Glenn,WR,NE,1999,2,0,0,0.0,0,,0,10,7,0.0,0.2222,,27,32,19.2,,
00-0006043,Terry Glenn,WR,NE,1999,3,0,0,0.0,0,,0,9,5,0.0,0.3333,,29,30,14.5,,
00-0006043,Terry Glenn,WR,NE,1999,4,0,0,0.0,0,,0,18,13,0.0,0.439,,35,32,36.4,,
00-0006043,Terry Glenn,WR,NE,1999,5,0,0,0.0,0,,0,10,5,0.0,0.2381,0.0,19,22,20.2,,
00-0006043,Terry Glenn,WR,NE,1999,6,0,0,0.0,0,,0,5,0,0.0,0.1389,0.0,14,18,0.0,,
00-0006043,Terry Glenn,WR,NE,1999,7,0,0,0.0,0,,0,4,2,0.0,0.1905,,28,30,10.0,,
00-0006043,Terry Glenn,WR,NE,1999,8,0,0,0.0,0,,0,4,4,0.0,0.1905,0.0,43,45,16.3,,
00-0006043,Terry Glenn,WR,NE,1999,10,0,0,0.0,0,,0,9,4,41,0.2571,0.4659,20,21,9.8,,
00-0006043,Terry Glenn,WR,NE,1999,11,0,0,0.0,0,,0,7,3,0.0,0.2258,0.0,19,22,6.9,,
00-0006043,Terry Glenn,WR,NE,1999,12,0,0,0.0,0,,0,5,3,0.0,0.1667,0.0,25,29,15.9,,
00-0006043,Terry Glenn,WR,NE,1999,13,0,0,0.0,0,,0,3,3,0.0,0.12,0.0,36,32,5.7,,
00-0006043,Terry Glenn,WR,NE,1999,14,0,0,0.0,0,,0,12,9,0.0,0.2727,0.0,20,22,23.8,,
00-0006043,Terry Glenn,WR,NE,1999,15,0,0,0.0,0,,0,12,4,0.0,0.2727,0.0,27,33,6.7,,
00-0006047,Andrew Glover,TE,MIN,1999,1,0,0,0.0,0,,0,3,3,0.0,0.0938,,32,33,6.7,,
00-0006047,Andrew Glover,TE,MIN,1999,2,0,0,0.0,0,,0,9,4,0.0,0.2432,0.0,15,16,10.0,,
00-0006047,Andrew Glover,TE,MIN,1999,3,0,0,0.0,0,,0,4,2,0.0,0.1333,0.0,29,31,3.3,,
00-0006047,Andrew Glover,TE,MIN,1999,4,0,0,0.0,0,,0,2,2,0.0,0.0571,0.0,23,31,11.7,,
00-0006047,Andrew Glover,TE,MIN,1999,5,0,0,0.0,0,,0,8,5,0.0,0.1818,0.0,20,19,9.8,,
00-0006047,Andrew Glover,TE,MIN,1999,6,0,0,0.0,0,,0,3,2,0.0,0.1154,0.0,19,20,6.2,,
00-0006047,Andrew Glover,TE,MIN,1999,7,0,0,0.0,0,,0,3,1,0.0,0.1071,0.0,31,25,1.5,,
00-0006047,Andrew Glover,TE,MIN,1999,8,0,0,0.0,0,,0,3,2,0.0,0.1071,,24,23,3.1,,
00-0006047,Andrew Glover,TE,MIN,1999,9,0,0,0.0,0,,0,2,1,33,0.069,1.0,32,27,1.2,,
00-0006047,Andrew Glover,TE,MIN,1999,10,0,0,0.0,0,,0,3,1,3,0.0682,0.0089,28,29,1.2,,
00-0006047,Andrew Glover,TE,MIN,1999,12,0,0,0.0,0,,0,2,1,19,0.0476,0.2714,29,30,2.4,,
00-0006047,Andrew Glover,TE,MIN,1999,13,0,0,0.0,0,,0,1,1,0.0,0.0233,0.0,24,34,1.5,,
00-0006047,Andrew Glover,TE,MIN,1999,16,0,0,0.0,0,,0,4,2,0.0,0.2,0.0,25,25,4.8,,
00-0006047,Andrew Glover,TE,MIN,1999,17,0,0,0.0,0,,0,3,1,2,0.1364,0.0556,30,31,3.3,,
00-0006100,Pete Gonzalez,QB,PIT,1999,1,1,1,0.048,0,,2,0,0,0.0,0.0,,57,52,0.0,,
00-0006101,Tony Gonzalez,TE,KC,1999,2,0,0,0.0,0,,0,2,2,0.0,0.1176,-0.0,41,39,4.7,,
00-0006101,Tony Gonzalez,TE,KC,1999,3,0,0,0.0,0,,0,9,7,0.0,0.3103,,35,21,20.2,,
00-0006101,Tony Gonzalez,TE,KC,1999,4,0,0,0.0,0,,0,10,7,0.0,0.2703,0.0,38,23,19.8,,
00-0006101,Tony Gonzalez,TE,KC,1999,5,0,0,0.0,0,,0,4,3,0.0,0.16,0.0,42,20,5.0,,
00-0006101,Tony Gonzalez,TE,KC,1999,7,0,0,0.0,0,,0,4,4,0.0,0.25,,35,21,21.4,,
00-0006101,Tony Gonzalez,TE,KC,1999,8,0,0,0.0,0,,0,2,1,0.0,0.1333,,39,20,1.4,,
00-0006101,Tony Gonzalez,TE,KC,1999,9,0,0,0.0,0,,0,5,3,0.0,0.1562,,29,15,6.7,,
00-0006101,Tony Gonzalez,TE,KC,1999,10,0,0,0.0,0,,0,11,6,13,0.2973,1.0,22,13,12.2,,
00-0006101,Tony Gonzalez,TE,KC,1999,11,0,0,0.0,0,,0,9,8,0.0,0.2195,0.0,25,12,14.2,,
00-0006101,Tony Gonzalez,TE,KC,1999,12,0,0,0.0,0,,0,4,3,2,0.1481,0.25,28,15,18.0,,
00-0006101,Tony Gonzalez,TE,KC,1999,13,0,0,0.0,0,,0,7,5,0.0,0.2414,0.0,38,12,14.5,,
00-0006101,Tony Gonzalez,TE,KC,1999,14,0,0,0.0,0,,0,9,6,0.0,0.3103,,40,14,24.3,,
00-0006101,Tony Gonzalez,TE,KC,1999,15,0,0,0.0,0,,0,8,6,0.0,0.381,,32,20,27.3,,
00-0006101,Tony Gonzalez,TE,KC,1999,16,0,0,0.0,0,,0,14,9,0.0,0.3333,0.0,22,8,17.6,,
00-0006101,Tony Gonzalez,TE,KC,1999,17,0,0,0.0,0,,0,10,6,0.0,0.2703,,38,11,17.6,,
00-0006133,Hunter Goodwin,TE,MIA,1999,2,0,0,0.0,0,,0,1,1,0.0,0.0294,0.0,31,31,1.1,,
00-0006133,Hunter Goodwin,TE,MIA,1999,7,0,0,0.0,0,,0,1,1,0.0,0.05,0.0,39,35,2.4,,
00-0006133,Hunter Goodwin,TE,MIA,1999,9,0,0,0.0,0,,0,1,0,0.0,0.0417,,27,28,0.0,,
00-0006133,Hunter Goodwin,TE,MIA,1999,15,0,0,0.0,0,,0,2,2,0.0,0.0588,,23,24,1.7,,
00-0006133,Hunter Goodwin,TE,MIA,1999,16,0,0,0.0,0,,0,3,3,0.0,0.0577,0.0,24,28,4.4,,
00-0006133,Hunter Goodwin,TE,MIA,1999,17,0,0,0.0,0,,0,2,1,0.0,0.04,0.0,26,29,1.9,,
00-0006155,Lennox Gordon,RB,BUF,1999,10,0,0,0.0,0,,5,0,0,0.0,0.0,,48,34,1.5,,
00-0006155,Lennox Gordon,RB,BUF,1999,12,0,0,0.0,0,,3,0,0,0.0,0.0,,35,13,1.8,,
00-0006155,Lennox Gordon,RB,BUF,1999,17,0,0,0.0,0,,3,0,0,0.0,0.0,,31,6,0.5,,
00-0006210,Jeff Graham,WR,LAC,1999,2,0,0,0.0,0,,0,3,2,0.0,0.1,,35,38,12.5,,
00-0006210,Jeff Graham,WR,LAC,1999,3,0,0,0.0,0,,0,11,4,0.0,0.3235,0.0,25,23,8.8,,
00-0006210,Jeff Graham,WR,LAC,1999,4,0,0,0.0,0,,0,5,0,0.0,0.1852,0.0,17,24,0.0,,
00-0006210,Jeff Graham,WR,LAC,1999,5,0,0,0.0,0,,0,2,0,0.0,0.0588,0.0,24,32,0.0,,
00-0006210,Jeff Graham,WR,LAC,1999,6,0,0,0.0,0,,0,8,6,21,0.186,0.6176,21,33,15.2,,
00-0006210,Jeff Graham,WR,LAC,1999,7,0,0,0.0,0,,0,13,2,41,0.2407,0.4316,27,30,5.9,,
00-0006210,Jeff Graham,WR,LAC,1999,8,0,0,0.0,0,,0,6,3,0.0,0.1935,0.0,20,26,5.6,,
00-0006210,Jeff Graham,WR,LAC,1999,9,0,0,0.0,0,,0,5,2,0.0,0.1351,0.0,19,27,3.1,,
00-0006210,Jeff Graham,WR,LAC,1999,10,0,0,0.0,0,,0,7,3,0.0,0.2258,,16,19,9.6,,
00-0006210,Jeff Graham,WR,LAC,1999,11,0,0,0.0,0,,0,8,5,0.0,0.1778,,27,35,13.3,,
00-0006210,Jeff Graham,WR,LAC,1999,12,0,0,0.0,0,,0,8,6,0.0,0.2051,0.0,20,26,20.1,,
00-0006210,Jeff Graham,WR,LAC,1999,13,0,0,0.0,0,,0,5,5,0.0,0.2381,,44,42,13.2,,
00-0006210,Jeff Graham,WR,LAC,1999,14,0,0,0.0,0,,0,13,9,0.0,0.3824,0.0,39,44,20.4,,
00-0006210,Jeff Graham,WR,LAC,1999,15,0,0,0.0,0,,0,5,1,0.0,0.1389,,21,31,1.6,,
00-0006210,Jeff Graham,WR,LAC,1999,16,0,0,0.0,0,,0,6,3,8,0.1667,1.0,21,23,20.3,,
00-0006210,Jeff Graham,WR,LAC,1999,17,0,0,0.0,0,,0,9,6,0.0,0.3913,0.0,34,39,16.2,,
00-0006212,Kent Graham,QB,NYG,1999,1,24,12,-7.561,2,,6,0,0,0.0,0.0,,25,14,3.8,,
00-0006212,Kent Graham,QB,NYG,1999,2,31,20,-1.84,2,,2,0,0,0.0,0.0,0.0,17,16,13.2,,
00-0006212,Kent Graham,QB,NYG,1999,3,36,23,12.104,1,,6,0,0,0.0,0.0,,26,20,17.8,,
00-0006212,Kent Graham,QB,NYG,1999,4,29,15,-5.537,1,,3,0,0,0.0,0.0,0.0,38,31,7.1,,
00-0006212,Kent Graham,QB,NYG,1999,6,21,15,-0.051,5,,7,0,0,0.0,0.0,,30,25,8.3,,
00-0006212,Kent Graham,QB,NYG,1999,7,29,19,11.102,4,,3,0,0,0.0,0.0,0.0,37,36,22.5,,
00-0006212,Kent Graham,QB,NYG,1999,8,41,26,-2.85,5,,5,1,1,0.0,0.025,,25,23,18.6,,
00-0006212,Kent Graham,QB,NYG,1999,10,50,27,-1.096,3,,3,0,0,0.0,0.0,0.0,24,21,17.1,,
00-0006212,Kent Graham,QB,NYG,1999,11,10,3,-11.381,3,,0,0,0,0.0,0.0,0.0,24,16,-2.6,,
00-0006299,Tony Graziani,QB,ATL,1999,1,1,1,0.027,0,,0,0,0,0.0,0.0,,23,21,1.3,,
00-0006299,Tony Graziani,QB,ATL,1999,2,16,7,-9.867,1,,1,0,0,0.0,0.0,0.0,24,23,-0.4,,
00-0006299,Tony Graziani,QB,ATL,1999,3,22,14,4.433,1,,1,0,0,0.0,0.0,0.0,22,21,11.0,,
00-0006299,Tony Graziani,QB,ATL,1999,4,13,9,1.697,1,,0,0,0,0.0,0.0,,26,29,0.9,,
00-0006299,Tony Graziani,QB,ATL,1999,5,20,11,0.279,3,,2,0,0,0.0,0.0,,33,32,9.9,,
00-0006299,Tony Graziani,QB,ATL,1999,6,18,10,-2.467,2,,0,0,0,0.0,0.0,0.0,19,17,3.0,,
00-0006299,Tony Graziani,QB,ATL,1999,9,5,3,1.011,1,,0,0,0,0.0,0.0,0.0,11,15,-0.4,,
00-0006299,Tony Graziani,QB,ATL,1999,13,0,0,0.0,0,,2,0,0,0.0,0.0,0.0,28,23,-0.2,,
00-0006299,Tony Graziani,QB,ATL,1999,14,9,1,-6.373,2,,0,0,0,0.0,0.0,0.0,12,10,0.4,,
00-0006299,Tony Graziani,QB,ATL,1999,15,14,6,-6.336,1,,1,0,0,0.0,0.0,0.0,19,16,0.0,,
00-0006299,Tony Graziani,QB,ATL,1999,16,0,0,0.0,0,,2,0,0,0.0,0.0,,39,28,-0.1,,
00-0006300,Elvis Grbac,QB,KC,1999,1,42,20,4.221,1,,0,0,0,0.0,0.0,0.0,17,18,13.3,,
00-0006300,Elvis Grbac,QB,KC,1999,2,20,15,0.0,1,,1,0,0,0.0,0.0,-0.0,41,39,5.2,,
00-0006300,Elvis Grbac,QB,KC,1999,3,29,20,12.035,1,,2,0,0,0.0,0.0,,35,21,18.0,,
00-0006300,Elvis Grbac,QB,KC,1999,4,40,19,-1.913,1,,1,0,0,0.0,0.0,0.0,38,23,8.1,,
00-0006300,Elvis Grbac,QB,KC,1999,5,26,18,4.877,2,,2,0,0,0.0,0.0,0.0,42,20,5.9,,
00-0006300,Elvis Grbac,QB,KC,1999,7,16,9,8.468,1,,2,0,0,0.0,0.0,,35,21,13.2,,
00-0006300,Elvis Grbac,QB,KC,1999,8,15,11,13.408,1,,1,0,0,0.0,0.0,,39,20,15.7,,
00-0006300,Elvis Grbac,QB,KC,1999,9,31,18,9.04,1,,1,0,0,0.0,0.0,,29,15,12.0,,
00-0006300,Elvis Grbac,QB,KC,1999,10,38,23,-8.48,2,,1,0,0,0.0,0.0,0.0,22,13,8.4,,
00-0006300,Elvis Grbac,QB,KC,1999,11,49,30,0.707,2,,0,0,0,0.0,0.0,0.0,25,12,10.8,,
00-0006300,Elvis Grbac,QB,KC,1999,12,27,18,-9.829,4,,2,0,0,0.0,0.0,0.0,28,15,6.4,,
00-0006300,Elvis Grbac,QB,KC,1999,13,34,20,2.214,1,,2,0,0,0.0,0.0,0.0,38,12,9.1,,
00-0006300,Elvis Grbac,QB,KC,1999,14,29,19,11.798,2,,2,0,0,0.0,0.0,,40,14,14.8,,
00-0006300,Elvis Grbac,QB,KC,1999,15,22,12,2.013,1,,1,0,0,0.0,0.0,,32,20,13.9,,
00-0006300,Elvis Grbac,QB,KC,1999,16,42,22,-5.518,4,,1,0,0,0.0,0.0,0.0,22,8,12.1,,
00-0006300,Elvis Grbac,QB,KC,1999,17,39,20,2.805,1,,0,0,0,0.0,0.0,,38,11,21.7,,
00-0006305,Ahman Green,RB,SEA,1999,7,0,0,0.0,0,,3,2,0,0.0,0.0667,,32,26,2.9,,
00-0006305,Ahman Green,RB,SEA,1999,9,0,0,0.0,0,,9,0,0,0.0,0.0,0.0,37,37,4.0,,
00-0006305,Ahman Green,RB,SEA,1999,10,0,0,0.0,0,,2,0,0,0.0,0.0,0.0,21,20,1.3,,
00-0006305,Ahman Green,RB,SEA,1999,11,0,0,0.0,0,,1,0,0,0.0,0.0,0.0,32,29,1.2,,
00-0006305,Ahman Green,RB,SEA,1999,12,0,0,0.0,0,,2,0,0,0.0,0.0,0.0,22,21,0.5,,
00-0006305,Ahman Green,RB,SEA,1999,13,0,0,0.0,0,,1,0,0,0.0,0.0,0.0,19,20,2.1,,
00-0006305,Ahman Green,RB,SEA,1999,16,0,0,0.0,0,,7,0,0,0.0,0.0,,28,27,-0.4,,
00-0006305,Ahman Green,RB,SEA,1999,17,0,0,0.0,0,,1,0,0,0.0,0.0,0.0,12,12,0.4,,
00-0006322,E.G. Green,WR,IND,1999,1,0,0,0.0,0,,0,8,5,0.0,0.25,0.0,29,30,17.4,,
00-0006322,E.G. Green,WR,IND,1999,2,0,0,0.0,0,,0,9,5,28,0.3,0.6512,33,34,11.1,,
00-0006322,E.G. Green,WR,IND,1999,3,0,0,0.0,0,,0,7,3,0.0,0.1321,0.0,22,20,5.9,,
00-0006322,E.G. Green,WR,IND,1999,6,0,0,0.0,0,,0,1,0,30,0.0286,0.5263,28,31,0.0,,
00-0006322,E.G. Green,WR,IND,1999,7,0,0,0.0,0,,0,1,0,10,0.0303,1.0,28,27,0.0,,
00-0006322,E.G. Green,WR,IND,1999,12,0,0,0.0,0,,0,3,2,0.0,0.1034,0.0,27,31,4.9,,
00-0006322,E.G. Green,WR,IND,1999,13,0,0,0.0,0,,0,4,2,0.0,0.1379,0.0,25,26,2.9,,
00-0006322,E.G. Green,WR,IND,1999,14,0,0,0.0,0,,0,1,0,0.0,0.037,,25,22,0.0,,
00-0006322,E.G. Green,WR,IND,1999,15,0,0,0.0,0,,0,3,2,0.0,0.0811,0.0,23,26,3.9,,
00-0006322,E.G. Green,WR,IND,1999,16,0,0,0.0,0,,0,4,1,0.0,0.0952,,30,31,2.2,,
00-0006322,E.G. Green,WR,IND,1999,17,0,0,0.0,0,,0,3,1,0.0,0.0857,0.0,19,25,1.4,,
00-0006324,Eric Green,TE,NYJ,1999,1,0,0,0.0,0,,0,2,1,0.0,0.0606,0.0,24,24,1.3,,
00-0006324,Eric Green,TE,NYJ,1999,3,0,0,0.0,0,,0,1,1,0.0,0.0333,0.0,31,33,1.2,,
00-0006324,Eric Green,TE,NYJ,1999,4,0,0,0.0,0,,0,1,0,0.0,0.0385,0.0,35,36,0.0,,
00-0006324,Eric Green,TE,NYJ,1999,5,0,0,0.0,0,,0,1,0,0.0,0.0286,0.0,24,26,0.0,,
00-0006324,Eric Green,TE,NYJ,1999,7,0,0,0.0,0,,0,2,2,0.0,0.0952,0.0,34,29,8.7,,
00-0006324,Eric Green,TE,NYJ,1999,13,0,0,0.0,0,,0,2,2,0.0,0.0426,,12,17,9.7,,
00-0006324,Eric Green,TE,NYJ,1999,14,0,0,0.0,0,,0,1,1,0.0,0.027,,28,26,1.8,,
00-0006331,Jacquez Green,WR,TB,1999,1,0,0,0.0,0,,1,7,3,6,0.1795,0.1395,27,19,7.2,,
00-0006331,Jacquez Green,WR,TB,1999,2,0,0,0.0,0,,0,2,1,44,0.1429,0.5,44,24,2.4,,
00-0006331,Jacquez Green,WR,TB,1999,3,0,0,0.0,0,,0,1,1,0.0,0.0526,,42,17,1.7,,
00-0006331,Jacquez Green,WR,TB,1999,4,0,0,0.0,0,,0,5,4,0.0,0.1316,0.0,24,20,8.9,,
00-0006331,Jacquez Green,WR,TB,1999,5,0,0,0.0,0,,0,1,1,0.0,0.04,0.0,32,20,2.2,,
00-0006331,Jacquez Green,WR,TB,1999,7,0,0,0.0,0,,0,2,1,0.0,0.0741,,28,14,2.4,,
00-0006331,Jacquez Green,WR,TB,1999,8,0,0,0.0,0,,0,12,7,0.0,0.2791,,22,21,16.6,,
00-0006331,Jacquez Green,WR,TB,1999,9,0,0,0.0,0,,1,6,4,0.0,0.3,0.0,40,15,18.4,,
00-0006331,Jacquez Green,WR,TB,1999,10,0,0,0.0,0,,0,9,7,0.0,0.3462,0.0,37,20,29.4,,
00-0006331,Jacquez Green,WR,TB,1999,11,0,0,0.0,0,,1,12,5,0.0,0.3871,0.0,27,13,12.3,,
00-0006331,Jacquez Green,WR,TB,1999,12,0,0,0.0,0,,0,4,1,0.0,0.2222,,37,16,1.6,,
00-0006331,Jacquez Green,WR,TB,1999,13,0,0,0.0,0,,0,9,5,28,0.4737,1.0,27,1,18.0,,
00-0006331,Jacquez Green,WR,TB,1999,14,0,0,0.0,0,,0,6,3,0.0,0.1765,0.0,19,15,5.2,,
00-0006331,Jacquez Green,WR,TB,1999,15,0,0,0.0,0,,0,4,2,0.0,0.1429,0.0,19,17,4.0,,
00-0006331,Jacquez Green,WR,TB,1999,16,0,0,0.0,0,,0,6,1,0.0,0.1935,0.0,37,19,2.3,,
00-0006331,Jacquez Green,WR,TB,1999,17,0,0,0.0,0,,0,14,10,0.0,0.5833,,40,17,21.3,,
00-0006359,Yatil Green,WR,MIA,1999,1,0,0,0.0,0,,0,1,1,0.0,0.0455,,33,31,1.6,,
00-0006359,Yatil Green,WR,MIA,1999,2,0,0,0.0,0,,0,1,1,0.0,0.0294,0.0,31,31,1.7,,
00-0006359,Yatil Green,WR,MIA,1999,12,0,0,0.0,0,,0,4,3,0.0,0.1,0.0,20,25,7.7,,
00-0006359,Yatil Green,WR,MIA,1999,13,0,0,0.0,0,,0,8,5,0.0,0.2222,0.0,22,28,11.4,,
00-0006359,Yatil Green,WR,MIA,1999,14,0,0,0.0,0,,0,10,4,0.0,0.2174,0.0,19,26,11.3,,
00-0006359,Yatil Green,WR,MIA,1999,15,0,0,0.0,0,,0,2,1,0.0,0.0588,,23,24,1.7,,
00-0006359,Yatil Green,WR,MIA,1999,16,0,0,0.0,0,,0,4,2,0.0,0.0769,0.0,24,28,3.7,,
00-0006359,Yatil Green,WR,MIA,1999,17,0,0,0.0,0,,0,10,1,0.0,0.2,0.0,26,29,2.3,,
00-0006380,Scott Greene,RB,IND,1999,2,0,0,0.0,0,,0,1,1,0.0,0.0333,0.0,33,34,1.4,,
00-0006410,Chris Greisen,QB,ARI,1999,8,6,1,-3.664,0,,0,0,0,0.0,0.0,,19,21,0.2,,
00-0006423,Brian Griese,QB,DEN,1999,1,40,24,7.879,2,,2,0,0,0.0,0.0,,26,28,21.2,,
00-0006423,Brian Griese,QB,DEN,1999,2,16,11,-6.296,2,,2,0,0,0.0,0.0,0.0,26,32,0.3,,
00-0006423,Brian Griese,QB,DEN,1999,3,29,14,-9.876,2,,1,0,0,0.0,0.0,0.0,20,21,7.3,,
00-0006423,Brian Griese,QB,DEN,1999,4,31,15,-10.348,1,,4,0,0,0.0,0.0,0.0,29,30,2.1,,
00-0006423,Brian Griese,QB,DEN,1999,5,29,17,4.314,2,,7,0,0,0.0,0.0,0.0,28,23,13.0,,
00-0006423,Brian Griese,QB,DEN,1999,6,31,19,17.643,0,,5,0,0,0.0,0.0,0.0,51,50,26.1,,
00-0006423,Brian Griese,QB,DEN,1999,7,38,25,9.524,3,,3,0,0,0.0,0.0,,27,30,24.9,,
00-0006423,Brian Griese,QB,DEN,1999,8,39,24,1.877,4,,7,0,0,0.0,0.0,0.0,30,24,10.0,,
00-0006423,Brian Griese,QB,DEN,1999,11,14,6,-2.091,1,,2,0,0,0.0,0.0,,30,25,2.5,,
00-0006423,Brian Griese,QB,DEN,1999,13,36,20,-14.14,2,,1,0,0,0.0,0.0,0.0,18,25,7.2,,
00-0006423,Brian Griese,QB,DEN,1999,14,33,21,14.722,1,,3,0,0,0.0,0.0,0.0,27,27,16.3,,
00-0006423,Brian Griese,QB,DEN,1999,15,39,20,-0.194,2,,4,0,0,0.0,0.0,0.0,33,36,16.4,,
00-0006423,Brian Griese,QB,DEN,1999,16,30,22,-0.133,1,,3,0,0,0.0,0.0,0.0,36,34,9.0,,
00-0006423,Brian Griese,QB,DEN,1999,17,44,23,-6.831,4,,2,0,0,0.0,0.0,,22,25,8.8,,
00-0006431,Damon Griffin,WR,CIN,1999,3,0,0,0.0,0,,0,2,1,0.0,0.0465,0.0,28,26,1.7,,
00-0006431,Damon Griffin,WR,CIN,1999,4,0,0,0.0,0,,0,4,3,0.0,0.1,0.0,26,23,6.4,,
00-0006431,Damon Griffin,WR,CIN,1999,5,0,0,0.0,0,,0,6,2,0.0,0.1538,,36,35,3.0,,
00-0006431,Damon Griffin,WR,CIN,1999,6,0,0,0.0,0,,0,7,4,0.0,0.2,-0.0,20,19,8.6,,
00-0006431,Damon Griffin,WR,CIN,1999,7,0,0,0.0,0,,0,1,1,0.0,0.0323,,26,24,1.7,,
00-0006431,Damon Griffin,WR,CIN,1999,14,0,0,0.0,0,,0,1,1,0.0,0.0455,,53,46,1.8,,
00-0006456,Howard Griffith,RB,DEN,1999,1,0,0,0.0,0,,0,3,2,0.0,0.0769,,26,28,4.1,,
00-0006456,Howard Griffith,RB,DEN,1999,2,0,0,0.0,0,,1,4,4,0.0,0.1379,0.0,26,32,6.2,,
00-0006456,Howard Griffith,RB,DEN,1999,3,0,0,0.0,0,,0,4,2,0.0,0.1481,0.0,20,21,2.5,,
00-0006456,Howard Griffith,RB,DEN,1999,4,0,0,0.0,0,,0,3,3,0.0,0.0909,0.0,29,30,4.3,,
00-0006456,Howard Griffith,RB,DEN,1999,5,0,0,0.0,0,,0,2,1,0.0,0.0667,0.0,28,23,2.7,,
00-0006456,Howard Griffith,RB,DEN,1999,6,0,0,0.0,0,,7,2,1,0.0,0.069,0.0,51,50,4.3,,
00-0006456,Howard Griffith,RB,DEN,1999,7,0,0,0.0,0,,2,2,0,0.0,0.0526,,27,30,0.7,,
00-0006456,Howard Griffith,RB,DEN,1999,8,0,0,0.0,0,,0,1,1,0.0,0.0278,0.0,30,24,1.9,,
00-0006456,Howard Griffith,RB,DEN,1999,9,0,0,0.0,0,,1,3,2,0.0,0.1304,,31,35,4.9,,
00-0006456,Howard Griffith,RB,DEN,1999,10,0,0,0.0,0,,0,2,2,0.0,0.0667,0.0,31,32,10.1,,
00-0006456,Howard Griffith,RB,DEN,1999,11,0,0,0.0,0,,2,1,0,0.0,0.0256,,30,25,6.4,,
00-0006456,Howard Griffith,RB,DEN,1999,13,0,0,0.0,0,,2,4,4,0.0,0.1176,0.0,18,25,8.5,,
00-0006456,Howard Griffith,RB,DEN,1999,14,0,0,0.0,0,,1,4,2,0.0,0.1212,0.0,27,27,4.1,,
00-0006456,Howard Griffith,RB,DEN,1999,15,0,0,0.0,0,,0,1,1,0.0,0.0256,0.0,33,36,1.8,,
00-0006456,Howard Griffith,RB,DEN,1999,16,0,0,0.0,0,,0,1,0,0.0,0.0345,0.0,36,34,0.0,,
00-0006456,Howard Griffith,RB,DEN,1999,17,0,0,0.0,0,,1,2,1,0.0,0.0455,,22,25,1.3,,
00-0006627,Az-Zahir Hakim,WR,LA,1999,3,0,0,0.0,0,,0,2,2,0.0,0.08,,34,28,3.7,,
00-0006627,Az-Zahir Hakim,WR,LA,1999,4,0,0,0.0,0,,0,5,3,0.0,0.2273,,28,22,34.8,,
00-0006627,Az-Zahir Hakim,WR,LA,1999,5,0,0,0.0,0,,0,2,2,0.0,0.087,0.0,28,24,4.2,,
00-0006627,Az-Zahir Hakim,WR,LA,1999,8,0,0,0.0,0,,1,8,5,0.0,0.1818,,19,24,12.8,,
00-0006627,Az-Zahir Hakim,WR,LA,1999,9,0,0,0.0,0,,0,6,2,0.0,0.1395,0.0,16,22,17.4,,
00-0006627,Az-Zahir Hakim,WR,LA,1999,10,0,0,0.0,0,,1,2,1,0.0,0.069,0.0,20,19,1.5,,
00-0006627,Az-Zahir Hakim,WR,LA,1999,11,0,0,0.0,0,,0,4,2,0.0,0.1081,0.0,30,25,5.2,,
00-0006627,Az-Zahir Hakim,WR,LA,1999,12,0,0,0.0,0,,0,3,2,0.0,0.1111,,27,23,4.2,,
00-0006627,Az-Zahir Hakim,WR,LA,1999,13,0,0,0.0,0,,1,5,4,0.0,0.1562,0.0,33,28,27.9,,
00-0006627,Az-Zahir Hakim,WR,LA,1999,14,0,0,0.0,0,,0,2,1,3,0.0645,0.0155,34,34,3.5,,
00-0006627,Az-Zahir Hakim,WR,LA,1999,15,0,0,0.0,0,,0,6,3,0.0,0.1875,,27,23,22.9,,
00-0006627,Az-Zahir Hakim,WR,LA,1999,16,0,0,0.0,0,,0,2,2,0.0,0.0488,0.0,27,33,6.0,,
00-0006627,Az-Zahir Hakim,WR,LA,1999,17,0,0,0.0,0,,1,3,2,0.0,0.0789,0.0,26,14,6.7,,
00-0006666,Lamont Hall,TE,GB,1999,8,0,0,0.0,0,,0,1,1,0.0,0.0263,0.0,29,29,2.3,,
00-0006666,Lamont Hall,TE,GB,1999,13,0,0,0.0,0,,0,1,1,0.0,0.0417,0.0,35,33,1.9,,
00-0006666,Lamont Hall,TE,GB,1999,15,0,0,0.0,0,,0,1,1,0.0,0.027,0.0,28,30,2.1,,
00-0006803,Byron Hanspard,RB,ATL,1999,1,0,0,0.0,0,,3,0,0,0.0,0.0,,23,21,0.9,,
00-0006803,Byron Hanspard,RB,ATL,1999,2,0,0,0.0,0,,19,5,1,0.0,0.1471,0.0,24,23,9.3,,
00-0006803,Byron Hanspard,RB,ATL,1999,3,0,0,0.0,0,,17,5,2,0.0,0.1613,0.0,22,21,11.0,,
00-0006803,Byron Hanspard,RB,ATL,1999,4,0,0,0.0,0,,14,2,2,0.0,0.0465,,26,29,3.4,,
00-0006803,Byron Hanspard,RB,ATL,1999,5,0,0,0.0,0,,10,0,0,0.0,0.0,,33,32,3.2,,
00-0006803,Byron Hanspard,RB,ATL,1999,6,0,0,0.0,0,,5,1,1,0.0,0.0294,0.0,19,17,3.6,,
00-0006803,Byron Hanspard,RB,ATL,1999,7,0,0,0.0,0,,4,0,0,0.0,0.0,0.0,25,18,0.6,,
00-0006803,Byron Hanspard,RB,ATL,1999,8,0,0,0.0,0,,14,1,1,0.0,0.0476,,32,34,5.2,,
00-0006803,Byron Hanspard,RB,ATL,1999,9,0,0,0.0,0,,4,2,2,0.0,0.0769,0.0,11,15,3.8,,
00-0006803,Byron Hanspard,RB,ATL,1999,11,0,0,0.0,0,,4,0,0,0.0,0.0,0.0,24,23,0.3,,
00-0006803,Byron Hanspard,RB,ATL,1999,16,0,0,0.0,0,,26,0,0,0.0,0.0,,39,28,16.2,,
00-0006803,Byron Hanspard,RB,ATL,1999,17,0,0,0.0,0,,16,2,1,0.0,0.0556,,21,18,4.1,,
00-0006804,Patrick Hape,TE,TB,1999,1,0,0,0.0,0,,0,1,0,0.0,0.0256,0.0,27,19,0.0,,
00-0006804,Patrick Hape,TE,TB,1999,8,0,0,0.0,0,,0,2,2,0.0,0.0465,,22,21,2.6,,
00-0006804,Patrick Hape,TE,TB,1999,10,0,0,0.0,0,,0,1,1,0.0,0.0385,0.0,37,20,1.4,,
00-0006804,Patrick Hape,TE,TB,1999,12,0,0,0.0,0,,0,1,1,0.0,0.0556,,37,16,7.2,,
00-0006804,Patrick Hape,TE,TB,1999,16,0,0,0.0,0,,0,1,1,0.0,0.0323,0.0,37,19,1.0,,
00-0006808,Jim Harbaugh,QB,LAC,1999,2,27,15,0.248,4,,1,0,0,0.0,0.0,,35,38,16.4,,
00-0006808,Jim Harbaugh,QB,LAC,1999,3,37,15,-5.159,3,,4,0,0,0.0,0.0,0.0,25,23,7.7,,
00-0006808,Jim Harbaugh,QB,LAC,1999,4,9,6,-6.812,1,,0,0,0,0.0,0.0,0.0,17,24,-0.5,,
00-0006808,Jim Harbaugh,QB,LAC,1999,7,18,7,-7.251,2,,0,0,0,0.0,0.0,0.0,27,30,-2.9,,
00-0006808,Jim Harbaugh,QB,LAC,1999,8,34,18,-9.102,4,,3,0,0,0.0,0.0,0.0,20,26,3.8,,
00-0006808,Jim Harbaugh,QB,LAC,1999,9,39,25,-2.936,4,,2,0,0,0.0,0.0,0.0,19,27,14.8,,
00-0006808,Jim Harbaugh,QB,LAC,1999,10,32,18,3.368,2,,1,0,0,0.0,0.0,,16,19,12.5,,
00-0006808,Jim Harbaugh,QB,LAC,1999,11,46,29,0.699,1,,2,0,0,0.0,0.0,,27,35,17.4,,
00-0006808,Jim Harbaugh,QB,LAC,1999,12,39,25,9.473,1,,3,0,0,0.0,0.0,0.0,20,26,18.2,,
00-0006808,Jim Harbaugh,QB,LAC,1999,13,23,16,-1.944,3,,6,0,0,0.0,0.0,,44,42,7.9,,
00-0006808,Jim Harbaugh,QB,LAC,1999,14,35,20,2.17,1,,3,0,0,0.0,0.0,0.0,39,44,9.5,,
00-0006808,Jim Harbaugh,QB,LAC,1999,15,40,20,-13.995,5,,2,0,0,0.0,0.0,,21,31,5.7,,
00-0006808,Jim Harbaugh,QB,LAC,1999,16,36,23,5.663,4,,6,0,0,0.0,0.0,0.0,21,23,19.5,,
00-0006808,Jim Harbaugh,QB,LAC,1999,17,19,12,-3.744,2,,1,0,0,0.0,0.0,0.0,34,39,1.1,,
00-0006848,Terry Hardy,TE,ARI,1999,1,0,0,0.0,0,,0,6,5,7,0.1277,0.2188,36,35,9.9,,
00-0006848,Terry Hardy,TE,ARI,1999,3,0,0,0.0,0,,0,5,4,0.0,0.1724,0.0,29,25,7.1,,
00-0006848,Terry Hardy,TE,ARI,1999,4,0,0,0.0,0,,0,7,5,0.0,0.1795,0.0,21,25,6.7,,
00-0006848,Terry Hardy,TE,ARI,1999,5,0,0,0.0,0,,0,2,2,0.0,0.0741,,27,25,5.1,,
00-0006848,Terry Hardy,TE,ARI,1999,6,0,0,0.0,0,,0,3,1,0.0,0.075,0.0,20,26,1.7,,
00-0006848,Terry Hardy,TE,ARI,1999,8,0,0,0.0,0,,0,3,1,0.0,0.0769,,19,21,1.3,,
00-0006848,Terry Hardy,TE,ARI,1999,9,0,0,0.0,0,,0,1,0,0.0,0.0385,,18,21,0.0,,
00-0006848,Terry Hardy,TE,ARI,1999,11,0,0,0.0,0,,0,1,1,0.0,0.04,0.0,30,26,1.9,,
00-0006848,Terry Hardy,TE,ARI,1999,12,0,0,0.0,0,,0,1,1,0.0,0.0286,,34,36,1.2,,
00-0006848,Terry Hardy,TE,ARI,1999,13,0,0,0.0,0,,0,2,1,0.0,0.0541,0.0,19,18,1.4,,
00-0006848,Terry Hardy,TE,ARI,1999,14,0,0,0.0,0,,0,2,1,0.0,0.0667,0.0,14,17,1.7,,
00-0006848,Terry Hardy,TE,ARI,1999,15,0,0,0.0,0,,0,3,2,0.0,0.1071,0.0,21,21,2.6,,
00-0006848,Terry Hardy,TE,ARI,1999,16,0,0,0.0,0,,0,4,4,0.0,0.1667,0.0,24,18,7.8,,
00-0006848,Terry Hardy,TE,ARI,1999,17,0,0,0.0,0,,0,5,2,0.0,0.0893,0.0,24,30,3.8,,
00-0006877,Alvin Harper,WR,DAL,1999,7,0,0,0.0,0,,0,1,0,0.0,0.0312,,34,36,0.0,,
00-0006877,Alvin Harper,WR,DAL,1999,8,0,0,0.0,0,,0,1,0,0.0,0.04,,26,31,0.0,,
00-0006949,Jackie Harris,TE,TEN,1999,2,0,0,0.0,0,,0,3,2,0.0,0.075,,34,38,3.6,,
00-0006949,Jackie Harris,TE,TEN,1999,8,0,0,0.0,0,,0,5,3,0.0,0.1724,,31,22,7.4,,
00-0006949,Jackie Harris,TE,TEN,1999,9,0,0,0.0,0,,0,5,5,0.0,0.1282,0.0,23,20,8.2,,
00-0006949,Jackie Harris,TE,TEN,1999,10,0,0,0.0,0,,0,5,3,0.0,0.2,,37,31,5.1,,
00-0006949,Jackie Harris,TE,TEN,1999,11,0,0,0.0,0,,0,3,3,0.0,0.12,0.0,32,23,4.6,,
00-0006949,Jackie Harris,TE,TEN,1999,12,0,0,0.0,0,,0,5,3,0.0,0.1389,,33,29,7.4,,
00-0006949,Jackie Harris,TE,TEN,1999,13,0,0,0.0,0,,0,4,4,0.0,0.08,0.0,14,16,11.2,,
00-0006949,Jackie Harris,TE,TEN,1999,14,0,0,0.0,0,,0,1,0,0.0,0.0526,0.0,33,34,0.0,,
00-0006949,Jackie Harris,TE,TEN,1999,16,0,0,0.0,0,,0,3,3,0.0,0.0789,,37,33,16.2,,
00-0006977,Mark Harris,WR,SF,1999,1,0,0,0.0,0,,0,1,1,0.0,0.0303,0.0,20,17,1.4,,
00-0006977,Mark Harris,WR,SF,1999,2,0,0,0.0,0,,0,1,0,0.0,0.0286,0.0,23,24,0.0,,
00-0006977,Mark Harris,WR,SF,1999,3,0,0,0.0,0,,0,1,1,0.0,0.0357,-0.0,36,36,1.7,,
00-0006977,Mark Harris,WR,SF,1999,4,0,0,0.0,0,,0,3,0,0.0,0.0909,,26,20,0.0,,
00-0006977,Mark Harris,WR,SF,1999,6,0,0,0.0,0,,0,3,1,0.0,0.0682,0.0,24,22,1.5,,
00-0006977,Mark Harris,WR,SF,1999,7,0,0,0.0,0,,0,1,1,0.0,0.0286,-0.0,21,16,4.3,,
00-0006977,Mark Harris,WR,SF,1999,10,0,0,0.0,0,,0,1,0,0.0,0.0323,0.0,19,14,0.0,,
00-0006977,Mark Harris,WR,SF,1999,11,0,0,0.0,0,,0,1,0,31,0.037,0.6739,25,16,0.0,,
00-0006977,Mark Harris,WR,SF,1999,14,0,0,0.0,0,,0,1,1,0.0,0.04,,44,38,1.9,,
00-0006977,Mark Harris,WR,SF,1999,15,0,0,0.0,0,,0,1,1,0.0,0.0233,0.0,18,23,1.8,,
00-0006994,Ronnie Harris,WR,ATL,1999,1,0,0,0.0,0,,0,4,3,0.0,0.129,,23,21,7.3,,
00-0006994,Ronnie Harris,WR,ATL,1999,2,0,0,0.0,0,,0,4,3,0.0,0.1176,0.0,24,23,7.6,,
00-0006994,Ronnie Harris,WR,ATL,1999,3,0,0,0.0,0,,0,2,0,0.0,0.0645,0.0,22,21,0.0,,
00-0006994,Ronnie Harris,WR,ATL,1999,4,0,0,0.0,0,,0,5,1,0.0,0.1163,,26,29,2.0,,
00-0006994,Ronnie Harris,WR,ATL,1999,15,0,0,0.0,0,,0,4,3,23,0.0952,0.46,19,16,7.5,,
00-0007024,Marvin Harrison,WR,IND,1999,1,0,0,0.0,0,,0,13,8,0.0,0.4062,0.0,29,30,32.1,,
00-0007024,Marvin Harrison,WR,IND,1999,2,0,0,0.0,0,,0,11,7,0.0,0.3667,0.0,33,34,35.5,,
00-0007024,Marvin Harrison,WR,IND,1999,3,0,0,0.0,0,,1,21,13,26,0.3962,1.0,22,20,39.0,,
00-0007024,Marvin Harrison,WR,IND,1999,5,0,0,0.0,0,,0,8,3,18,0.3333,1.0,24,25,18.1,,
00-0007024,Marvin Harrison,WR,IND,1999,6,0,0,0.0,0,,0,10,6,3,0.2857,0.0526,28,31,10.0,,
00-0007024,Marvin Harrison,WR,IND,1999,7,0,0,0.0,0,,0,16,8,0.0,0.4848,0.0,28,27,29.6,,
00-0007024,Marvin Harrison,WR,IND,1999,8,0,0,0.0,0,,0,11,6,0.0,0.3235,,28,34,22.5,,
00-0007024,Marvin Harrison,WR,IND,1999,9,0,0,0.0,0,,0,12,7,0.0,0.3636,-0.0,23,28,16.3,,
00-0007024,Marvin Harrison,WR,IND,1999,10,0,0,0.0,0,,0,16,6,37,0.4571,1.0,19,21,28.9,,
00-0007024,Marvin Harrison,WR,IND,1999,11,0,0,0.0,0,,0,7,5,0.0,0.2333,-0.0,36,42,17.0,,
00-0007024,Marvin Harrison,WR,IND,1999,12,0,0,0.0,0,,0,7,5,10,0.2414,0.9091,27,31,10.8,,
00-0007024,Marvin Harrison,WR,IND,1999,13,0,0,0.0,0,,0,10,8,16,0.3448,0.8421,25,26,20.5,,
00-0007024,Marvin Harrison,WR,IND,1999,14,0,0,0.0,0,,0,10,6,0.0,0.3704,,25,22,17.8,,
00-0007024,Marvin Harrison,WR,IND,1999,15,0,0,0.0,0,,0,18,9,0.0,0.4865,0.0,23,26,18.7,,
00-0007024,Marvin Harrison,WR,IND,1999,16,0,0,0.0,0,,0,18,14,0.0,0.4286,,30,31,27.8,,
00-0007024,Marvin Harrison,WR,IND,1999,17,0,0,0.0,0,,0,5,4,0.0,0.1429,0.0,19,25,9.1,,
00-0007091,Matt Hasselbeck,QB,GB,1999,7,3,0,-2.688,0,,2,0,0,0.0,0.0,0.0,28,27,1.2,,
00-0007091,Matt Hasselbeck,QB,GB,1999,8,6,2,-4.472,1,,0,0,0,0.0,0.0,0.0,29,29,1.3,,
00-0007091,Matt Hasselbeck,QB,GB,1999,12,0,0,0.0,0,,3,0,0,0.0,0.0,,22,24,0.3,,
00-0007091,Matt Hasselbeck,QB,GB,1999,15,1,1,4.1,0,,0,0,0,0.0,0.0,0.0,28,30,4.4,,
00-0007091,Matt Hasselbeck,QB,GB,1999,17,0,0,0.0,0,,1,0,0,0.0,0.0,0.0,28,30,0.0,,
00-0007093,Andre Hastings,WR,NO,1999,1,0,0,0.0,0,,0,1,1,0.0,0.0476,,41,33,2.2,,
00-0007093,Andre Hastings,WR,NO,1999,2,0,0,0.0,0,,0,3,2,0.0,0.0811,0.0,30,27,4.3,,
00-0007093,Andre Hastings,WR,NO,1999,4,0,0,0.0,0,,0,2,2,0.0,0.0714,,35,33,3.5,,
00-0007093,Andre Hastings,WR,NO,1999,5,0,0,0.0,0,,0,4,1,0.0,0.1053,0.0,24,26,1.5,,
00-0007093,Andre Hastings,WR,NO,1999,6,0,0,0.0,0,,0,2,1,43,0.0455,0.1488,21,21,5.2,,
00-0007093,Andre Hastings,WR,NO,1999,7,0,0,0.0,0,,0,6,1,0.0,0.1875,0.0,27,27,3.4,,
00-0007093,Andre Hastings,WR,NO,1999,9,0,0,0.0,0,,0,2,2,0.0,0.0571,0.0,23,24,6.5,,
00-0007093,Andre Hastings,WR,NO,1999,10,0,0,0.0,0,,0,2,2,0.0,0.1333,,39,37,13.3,,
00-0007093,Andre Hastings,WR,NO,1999,11,0,0,0.0,0,,0,5,5,0.0,0.1852,0.0,29,26,10.8,,
00-0007093,Andre Hastings,WR,NO,1999,12,0,0,0.0,0,,0,12,9,11,0.2609,0.5789,28,30,20.3,,
00-0007093,Andre Hastings,WR,NO,1999,13,0,0,0.0,0,,0,8,5,0.0,0.2162,0.0,26,31,9.6,,
00-0007093,Andre Hastings,WR,NO,1999,14,0,0,0.0,0,,1,2,2,40,0.0741,0.2273,18,20,6.9,,
00-0007093,Andre Hastings,WR,NO,1999,15,0,0,0.0,0,,0,6,3,14,0.1277,0.1918,16,18,3.9,,
00-0007093,Andre Hastings,WR,NO,1999,16,0,0,0.0,0,,0,2,1,0.0,0.0741,0.0,29,26,3.4,,
00-0007093,Andre Hastings,WR,NO,1999,17,0,0,0.0,0,,0,7,3,0.0,0.1489,0.0,25,20,8.0,,
00-0007103,Matt Hatchette,WR,MIN,1999,3,0,0,0.0,0,,0,1,0,61,0.0333,0.7531,29,31,0.0,,
00-0007103,Matt Hatchette,WR,MIN,1999,5,0,0,0.0,0,,0,2,1,0.0,0.0455,0.0,20,19,3.2,,
00-0007103,Matt Hatchette,WR,MIN,1999,7,0,0,0.0,0,,0,2,2,0.0,0.0714,0.0,31,25,16.8,,
00-0007103,Matt Hatchette,WR,MIN,1999,9,0,0,0.0,0,,0,1,0,0.0,0.0345,0.0,32,27,0.0,,
00-0007103,Matt Hatchette,WR,MIN,1999,10,0,0,0.0,0,,0,2,0,12,0.0455,0.0355,28,29,0.0,,
00-0007103,Matt Hatchette,WR,MIN,1999,13,0,0,0.0,0,,0,2,0,0.0,0.0465,0.0,24,34,0.0,,
00-0007103,Matt Hatchette,WR,MIN,1999,14,0,0,0.0,0,,0,2,2,0.0,0.0952,,35,34,11.0,,
00-0007103,Matt Hatchette,WR,MIN,1999,15,0,0,0.0,0,,0,5,4,0.0,0.1724,,26,27,8.0,,
00-0007103,Matt Hatchette,WR,MIN,1999,16,0,0,0.0,0,,0,2,0,10,0.1,0.3704,25,25,0.0,,
00-0007120,Courtney Hawkins,WR,PIT,1999,1,0,0,0.0,0,,0,5,3,0.0,0.1562,,57,52,5.7,,
00-0007120,Courtney Hawkins,WR,PIT,1999,2,0,0,0.0,0,,0,8,6,0.0,0.2963,,36,28,11.4,,
00-0007120,Courtney Hawkins,WR,PIT,1999,3,0,0,0.0,0,,0,9,5,26,0.225,0.3095,19,21,11.3,,
00-0007120,Courtney Hawkins,WR,PIT,1999,4,0,0,0.0,0,,0,7,1,4,0.2188,1.0,31,30,2.9,,
00-0007120,Courtney Hawkins,WR,PIT,1999,5,0,0,0.0,0,,0,3,2,13,0.1034,0.0607,23,23,3.1,,
00-0007120,Courtney Hawkins,WR,PIT,1999,6,0,0,0.0,0,,0,5,3,0.0,0.1786,,37,33,4.7,,
00-0007120,Courtney Hawkins,WR,PIT,1999,7,0,0,0.0,0,,0,6,3,0.0,0.2857,,35,28,5.7,,
00-0007120,Courtney Hawkins,WR,PIT,1999,9,0,0,0.0,0,,0,3,2,0.0,0.1154,,31,25,4.6,,
00-0007120,Courtney Hawkins,WR,PIT,1999,10,0,0,0.0,0,,0,5,3,0.0,0.1562,0.0,37,32,5.9,,
00-0007120,Courtney Hawkins,WR,PIT,1999,11,0,0,0.0,0,,0,3,2,0.0,0.1071,-0.0,20,19,3.2,,
00-0007120,Courtney Hawkins,WR,PIT,1999,12,0,0,0.0,0,,0,1,0,0.0,0.0222,0.0,31,31,0.0,,
00-0007144,Donald Hayes,WR,CAR,1999,1,0,0,0.0,0,,0,1,0,0.0,0.0333,0.0,16,17,0.0,,
00-0007144,Donald Hayes,WR,CAR,1999,7,0,0,0.0,0,,0,3,1,0.0,0.0638,0.0,21,23,1.7,,
00-0007144,Donald Hayes,WR,CAR,1999,8,0,0,0.0,0,,0,2,2,0.0,0.0625,0.0,18,22,8.0,,
00-0007144,Donald Hayes,WR,CAR,1999,9,0,0,0.0,0,,0,1,0,0.0,0.0294,,36,30,0.0,,
00-0007144,Donald Hayes,WR,CAR,1999,10,0,0,0.0,0,,0,3,1,0.0,0.0811,0.0,23,18,3.4,,
00-0007144,Donald Hayes,WR,CAR,1999,11,0,0,0.0,0,,0,1,0,0.0,0.0333,,31,26,0.0,,
00-0007144,Donald Hayes,WR,CAR,1999,12,0,0,0.0,0,,0,5,5,0.0,0.1852,,38,36,24.3,,
00-0007144,Donald Hayes,WR,CAR,1999,13,0,0,0.0,0,,0,3,1,0.0,0.0714,0.0,16,15,10.6,,
00-0007144,Donald Hayes,WR,CAR,1999,14,0,0,0.0,0,,0,1,0,0.0,0.0238,,13,13,0.0,,
00-0007144,Donald Hayes,WR,CAR,1999,15,0,0,0.0,0,,0,2,1,0.0,0.0526,,26,22,2.0,,
00-0007144,Donald Hayes,WR,CAR,1999,16,0,0,0.0,0,,0,5,0,0.0,0.1429,0.0,20,20,0.0,,
00-0007144,Donald Hayes,WR,CAR,1999,17,0,0,0.0,0,,0,2,0,0.0,0.0488,,14,16,0.0,,
00-0007389,Skip Hicks,RB,WAS,1999,1,0,0,0.0,0,,1,0,0,0.0,0.0,,30,29,0.4,,
00-0007389,Skip Hicks,RB,WAS,1999,2,0,0,0.0,0,,8,0,0,0.0,0.0,,41,35,2.2,,
00-0007389,Skip Hicks,RB,WAS,1999,6,0,0,0.0,0,,9,2,1,0.0,0.0513,0.0,34,31,12.8,,
00-0007389,Skip Hicks,RB,WAS,1999,8,0,0,0.0,0,,7,2,2,0.0,0.0667,0.0,24,26,5.0,,
00-0007389,Skip Hicks,RB,WAS,1999,11,0,0,0.0,0,,5,0,0,0.0,0.0,0.0,40,42,1.4,,
00-0007389,Skip Hicks,RB,WAS,1999,14,0,0,0.0,0,,2,0,0,0.0,0.0,0.0,46,44,7.0,,
00-0007389,Skip Hicks,RB,WAS,1999,15,0,0,0.0,0,,11,0,0,0.0,0.0,,32,36,3.9,,
00-0007389,Skip Hicks,RB,WAS,1999,16,0,0,0.0,0,,13,5,4,0.0,0.1064,0.0,17,21,14.0,,
00-0007389,Skip Hicks,RB,WAS,1999,17,0,0,0.0,0,,22,1,1,0.0,0.05,,30,28,12.2,,
00-0007436,Greg Hill,RB,DET,1999,1,0,0,0.0,0,,7,0,0,0.0,0.0,0.0,36,28,2.4,,
00-0007436,Greg Hill,RB,DET,1999,2,0,0,0.0,0,,3,1,1,0.0,0.0667,0.0,32,23,1.8,,
00-0007436,Greg Hill,RB,DET,1999,5,0,0,0.0,0,,3,0,0,0.0,0.0,0.0,24,26,-0.3,,
00-0007436,Greg Hill,RB,DET,1999,6,0,0,0.0,0,,11,2,2,0.0,0.0556,,25,25,10.2,,
00-0007436,Greg Hill,RB,DET,1999,7,0,0,0.0,0,,16,3,1,-5,0.1111,1.0,27,25,8.5,,
00-0007436,Greg Hill,RB,DET,1999,8,0,0,0.0,0,,16,1,0,0.0,0.0526,,24,20,12.3,,
00-0007436,Greg Hill,RB,DET,1999,9,0,0,0.0,0,,11,1,0,0.0,0.0286,,20,19,0.3,,
00-0007436,Greg Hill,RB,DET,1999,10,0,0,0.0,0,,10,3,1,0.0,0.0769,,14,18,3.8,,
00-0007436,Greg Hill,RB,DET,1999,11,0,0,0.0,0,,10,0,0,0.0,0.0,0.0,23,21,3.2,,
00-0007436,Greg Hill,RB,DET,1999,12,0,0,0.0,0,,19,3,3,0.0,0.0714,,29,27,19.0,,
00-0007436,Greg Hill,RB,DET,1999,13,0,0,0.0,0,,11,1,1,0.0,0.0312,,15,14,3.4,,
00-0007436,Greg Hill,RB,DET,1999,14,0,0,0.0,0,,10,6,3,0.0,0.1364,0.0,20,16,12.4,,
00-0007436,Greg Hill,RB,DET,1999,15,0,0,0.0,0,,13,2,1,-1,0.05,-0.0032,19,19,7.2,,
00-0007436,Greg Hill,RB,DET,1999,16,0,0,0.0,0,,4,0,0,0.0,0.0,,12,10,0.7,,
00-0007468,Ike Hilliard,WR,NYG,1999,1,0,0,0.0,0,,0,3,2,0.0,0.1304,,25,14,3.8,,
00-0007468,Ike Hilliard,WR,NYG,1999,2,0,0,0.0,0,,0,10,8,0.0,0.2632,0.0,17,16,25.4,,
00-0007468,Ike Hilliard,WR,NYG,1999,3,0,0,0.0,0,,0,8,4,0.0,0.2222,,26,20,8.7,,
00-0007468,Ike Hilliard,WR,NYG,1999,4,0,0,0.0,0,,0,8,4,0.0,0.2,0.0,38,31,16.4,,
00-0007468,Ike Hilliard,WR,NYG,1999,5,0,0,0.0,0,,0,7,5,0.0,0.1892,0.0,28,24,12.8,,
00-0007468,Ike Hilliard,WR,NYG,1999,6,0,0,0.0,0,,0,2,2,0.0,0.0952,,30,25,6.1,,
00-0007468,Ike Hilliard,WR,NYG,1999,7,0,0,0.0,0,,1,6,3,0.0,0.2222,0.0,37,36,7.1,,
00-0007468,Ike Hilliard,WR,NYG,1999,8,0,0,0.0,0,,0,5,3,0.0,0.125,,25,23,6.3,,
00-0007468,Ike Hilliard,WR,NYG,1999,10,0,0,0.0,0,,1,9,6,23,0.1837,0.4182,24,21,13.6,,
00-0007468,Ike Hilliard,WR,NYG,1999,11,0,0,0.0,0,,0,5,4,0.0,0.1613,0.0,24,16,14.1,,
00-0007468,Ike Hilliard,WR,NYG,1999,12,0,0,0.0,0,,0,12,4,14,0.2791,1.1667,20,23,11.2,,
00-0007468,Ike Hilliard,WR,NYG,1999,13,0,0,0.0,0,,0,9,6,0.0,0.3103,,45,44,18.1,,
00-0007468,Ike Hilliard,WR,NYG,1999,14,0,0,0.0,0,,0,9,6,0.0,0.2143,-0.0,28,33,12.2,,
00-0007468,Ike Hilliard,WR,NYG,1999,15,0,0,0.0,0,,1,12,5,26,0.3243,1.1818,19,22,15.5,,
00-0007468,Ike Hilliard,WR,NYG,1999,16,0,0,0.0,0,,0,10,5,0.0,0.1961,0.0,27,32,11.2,,
00-0007468,Ike Hilliard,WR,NYG,1999,17,0,0,0.0,0,,0,6,5,12,0.1333,1.0,18,35,8.7,,
00-0007520,Leroy Hoard,RB,MIN,1999,1,0,0,0.0,0,,12,2,2,0.0,0.0625,,32,33,15.4,,
00-0007520,Leroy Hoard,RB,MIN,1999,2,0,0,0.0,0,,2,1,1,0.0,0.027,0.0,15,16,1.1,,
00-0007520,Leroy Hoard,RB,MIN,1999,3,0,0,0.0,0,,4,0,0,0.0,0.0,0.0,29,31,6.1,,
00-0007520,Leroy Hoard,RB,MIN,1999,5,0,0,0.0,0,,5,1,1,0.0,0.0227,0.0,20,19,5.6,,
00-0007520,Leroy Hoard,RB,MIN,1999,6,0,0,0.0,0,,13,0,0,0.0,0.0,0.0,19,20,8.5,,
00-0007520,Leroy Hoard,RB,MIN,1999,7,0,0,0.0,0,,17,0,0,0.0,0.0,0.0,31,25,14.5,,
00-0007520,Leroy Hoard,RB,MIN,1999,8,0,0,0.0,0,,18,1,1,0.0,0.0357,,24,23,10.0,,
00-0007520,Leroy Hoard,RB,MIN,1999,9,0,0,0.0,0,,21,1,0,0.0,0.0345,0.0,32,27,8.7,,
00-0007520,Leroy Hoard,RB,MIN,1999,10,0,0,0.0,0,,7,0,0,0.0,0.0,0.0,28,29,2.8,,
00-0007520,Leroy Hoard,RB,MIN,1999,12,0,0,0.0,0,,6,4,3,0.0,0.0952,0.0,29,30,14.2,,
00-0007520,Leroy Hoard,RB,MIN,1999,13,0,0,0.0,0,,3,7,6,0.0,0.1628,0.0,24,34,17.0,,
00-0007520,Leroy Hoard,RB,MIN,1999,14,0,0,0.0,0,,11,0,0,0.0,0.0,,35,34,3.5,,
00-0007520,Leroy Hoard,RB,MIN,1999,15,0,0,0.0,0,,6,2,2,0.0,0.069,,26,27,9.9,,
00-0007520,Leroy Hoard,RB,MIN,1999,16,0,0,0.0,0,,6,0,0,0.0,0.0,0.0,25,25,14.1,,
00-0007520,Leroy Hoard,RB,MIN,1999,17,0,0,0.0,0,,7,1,1,0.0,0.0455,0.0,30,31,11.7,,
00-0007530,Billy Joe Hobert,QB,NO,1999,1,22,11,-5.975,4,,4,0,0,0.0,0.0,,41,33,10.0,,
00-0007530,Billy Joe Hobert,QB,NO,1999,2,37,20,15.636,0,,2,0,0,0.0,0.0,0.0,30,27,15.1,,
00-0007530,Billy Joe Hobert,QB,NO,1999,4,13,8,0.607,2,,1,0,0,0.0,0.0,,35,33,9.2,,
00-0007530,Billy Joe Hobert,QB,NO,1999,5,14,9,5.738,1,,0,0,0,0.0,0.0,0.0,24,26,10.1,,
00-0007530,Billy Joe Hobert,QB,NO,1999,8,9,4,-8.064,0,,1,0,0,0.0,0.0,0.0,50,48,4.0,,
00-0007530,Billy Joe Hobert,QB,NO,1999,11,13,8,0.139,0,,2,0,0,0.0,0.0,0.0,29,26,3.3,,
00-0007530,Billy Joe Hobert,QB,NO,1999,12,41,23,-1.325,2,,2,0,0,0.0,0.0,0.0,28,30,7.3,,
00-0007530,Billy Joe Hobert,QB,NO,1999,13,7,2,-7.339,2,,0,0,0,0.0,0.0,0.0,26,31,0.5,,
00-0007530,Billy Joe Hobert,QB,NO,1999,15,3,0,-2.277,0,,0,0,0,0.0,0.0,0.0,16,18,0.0,,
00-0007546,James Hodgins,RB,LA,1999,4,0,0,0.0,0,,2,0,0,0.0,0.0,,28,22,0.3,,
00-0007546,James Hodgins,RB,LA,1999,5,0,0,0.0,0,,1,1,1,0.0,0.0435,0.0,28,24,2.2,,
00-0007546,James Hodgins,RB,LA,1999,7,0,0,0.0,0,,0,2,2,0.0,0.0588,,29,36,3.4,,
00-0007546,James Hodgins,RB,LA,1999,8,0,0,0.0,0,,0,1,1,0.0,0.0227,,19,24,1.0,,
00-0007546,James Hodgins,RB,LA,1999,12,0,0,0.0,0,,3,0,0,0.0,0.0,,27,23,6.3,,
00-0007546,James Hodgins,RB,LA,1999,15,0,0,0.0,0,,1,0,0,0.0,0.0,,27,23,0.2,,
00-0007546,James Hodgins,RB,LA,1999,17,0,0,0.0,0,,0,2,2,0.0,0.0526,0.0,26,14,3.1,,
00-0007661,Priest Holmes,RB,BAL,1999,2,0,0,0.0,0,,1,0,0,0.0,0.0,0.0,29,27,0.2,,
00-0007661,Priest Holmes,RB,BAL,1999,9,0,0,0.0,0,,10,0,0,0.0,0.0,,38,34,4.0,,
00-0007661,Priest Holmes,RB,BAL,1999,13,0,0,0.0,0,,9,2,1,0.0,0.0667,,22,21,12.3,,
00-0007661,Priest Holmes,RB,BAL,1999,14,0,0,0.0,0,,18,0,0,0.0,0.0,,25,20,19.0,,
00-0007661,Priest Holmes,RB,BAL,1999,15,0,0,0.0,0,,10,3,3,0.0,0.0833,0.0,24,30,16.2,,
00-0007661,Priest Holmes,RB,BAL,1999,16,0,0,0.0,0,,13,1,1,0.0,0.0312,0.0,32,32,7.0,,
00-0007661,Priest Holmes,RB,BAL,1999,17,0,0,0.0,0,,16,8,6,0.0,0.2,0.0,23,30,19.8,,
00-0007681,Torry Holt,WR,LA,1999,3,0,0,0.0,0,,0,3,2,0.0,0.12,,34,28,12.7,,
00-0007681,Torry Holt,WR,LA,1999,4,0,0,0.0,0,,1,4,4,0.0,0.1818,,28,22,9.2,,
00-0007681,Torry Holt,WR,LA,1999,5,0,0,0.0,0,,0,4,3,0.0,0.1739,0.0,28,24,9.7,,
00-0007681,Torry Holt,WR,LA,1999,6,0,0,0.0,0,,0,4,0,0.0,0.2,0.0,28,24,0.0,,
00-0007681,Torry Holt,WR,LA,1999,7,0,0,0.0,0,,1,2,2,0.0,0.0588,,29,36,4.9,,
00-0007681,Torry Holt,WR,LA,1999,8,0,0,0.0,0,,0,13,5,0.0,0.2955,,19,24,10.5,,
00-0007681,Torry Holt,WR,LA,1999,9,0,0,0.0,0,,0,5,3,11,0.1163,0.2973,16,22,6.1,,
00-0007681,Torry Holt,WR,LA,1999,10,0,0,0.0,0,,0,6,2,0.0,0.2069,0.0,20,19,3.6,,
00-0007681,Torry Holt,WR,LA,1999,11,0,0,0.0,0,,1,8,3,0.0,0.2162,0.0,30,25,6.1,,
00-0007681,Torry Holt,WR,LA,1999,12,0,0,0.0,0,,0,6,5,0.0,0.2222,,27,23,25.7,,
00-0007681,Torry Holt,WR,LA,1999,13,0,0,0.0,0,,0,3,1,0.0,0.0938,0.0,33,28,1.4,,
00-0007681,Torry Holt,WR,LA,1999,14,0,0,0.0,0,,0,9,6,78,0.2903,0.4021,34,34,17.3,,
00-0007681,Torry Holt,WR,LA,1999,15,0,0,0.0,0,,0,8,5,0.0,0.25,,27,23,10.0,,
00-0007681,Torry Holt,WR,LA,1999,16,0,0,0.0,0,,0,9,3,0.0,0.2195,0.0,27,33,6.3,,
00-0007681,Torry Holt,WR,LA,1999,17,0,0,0.0,0,,0,7,5,0.0,0.1842,0.0,26,14,29.2,,
00-0007744,Joe Horn,WR,KC,1999,1,0,0,0.0,0,,0,1,1,0.0,0.0244,0.0,17,18,2.0,,
00-0007744,Joe Horn,WR,KC,1999,3,0,0,0.0,0,,0,2,2,0.0,0.069,,35,21,11.5,,
00-0007744,Joe Horn,WR,KC,1999,4,0,0,0.0,0,,0,3,2,0.0,0.0811,0.0,38,23,12.1,,
00-0007744,Joe Horn,WR,KC,1999,5,0,0,0.0,0,,0,5,4,0.0,0.2,0.0,42,20,11.5,,
00-0007744,Joe Horn,WR,KC,1999,7,0,0,0.0,0,,0,1,1,0.0,0.0625,,35,21,2.7,,
00-0007744,Joe Horn,WR,KC,1999,8,0,0,0.0,0,,0,4,3,0.0,0.2667,,39,20,11.6,,
00-0007744,Joe Horn,WR,KC,1999,9,0,0,0.0,0,,0,5,2,0.0,0.1562,,29,15,4.0,,
00-0007744,Joe Horn,WR,KC,1999,10,0,0,0.0,0,,0,8,3,0.0,0.2162,0.0,22,13,15.3,,
00-0007744,Joe Horn,WR,KC,1999,11,0,0,0.0,0,,0,3,2,0.0,0.0732,0.0,25,12,3.0,,
00-0007744,Joe Horn,WR,KC,1999,12,0,0,0.0,0,,0,2,1,0.0,0.0741,0.0,28,15,2.1,,
00-0007744,Joe Horn,WR,KC,1999,13,0,0,0.0,0,,1,4,2,0.0,0.1379,0.0,38,12,6.2,,
00-0007744,Joe Horn,WR,KC,1999,14,0,0,0.0,0,,0,6,4,0.0,0.2069,,40,14,10.5,,
00-0007744,Joe Horn,WR,KC,1999,15,0,0,0.0,0,,1,2,1,0.0,0.0952,,32,20,4.2,,
00-0007744,Joe Horn,WR,KC,1999,16,0,0,0.0,0,,0,6,3,34,0.1429,0.7391,22,8,18.2,,
00-0007744,Joe Horn,WR,KC,1999,17,0,0,0.0,0,,0,7,4,0.0,0.1892,,38,11,16.2,,
00-0007749,Tony Horne,WR,LA,1999,16,0,0,0.0,0,,0,1,0,0.0,0.0244,0.0,27,33,0.0,,
00-0007795,Chris Howard,RB,JAX,1999,5,0,0,0.0,0,,3,1,0,0.0,0.0323,,34,37,0.9,,
00-0007795,Chris Howard,RB,JAX,1999,6,0,0,0.0,0,,3,0,0,0.0,0.0,-0.0,33,35,0.7,,
00-0007795,Chris Howard,RB,JAX,1999,13,0,0,0.0,0,,0,1,1,0.0,0.027,,34,33,1.8,,
00-0007795,Chris Howard,RB,JAX,1999,14,0,0,0.0,0,,0,2,0,0.0,0.08,,32,27,0.0,,
00-0007795,Chris Howard,RB,JAX,1999,15,0,0,0.0,0,,4,0,0,0.0,0.0,0.0,33,32,2.9,,
00-0007795,Chris Howard,RB,JAX,1999,17,0,0,0.0,0,,3,0,0,0.0,0.0,,36,35,1.0,,
00-0007798,Desmond Howard,WR,GB,1999,7,0,0,0.0,0,,0,1,0,0.0,0.04,0.0,28,27,0.0,,
00-0007832,Bobby Hoying,QB,LV,1999,8,3,2,-0.673,0,,0,0,0,0.0,0.0,0.0,19,20,0.4,,
00-0007832,Bobby Hoying,QB,LV,1999,15,2,0,-1.844,0,,2,0,0,0.0,0.0,,37,38,-0.3,,
00-0007835,Damon Huard,QB,MIA,1999,6,42,24,-3.263,9,,6,0,0,0.0,0.0,0.0,32,34,21.0,,
00-0007835,Damon Huard,QB,MIA,1999,7,21,15,-11.438,1,,6,0,0,0.0,0.0,0.0,39,35,4.9,,
00-0007835,Damon Huard,QB,MIA,1999,8,32,16,-0.163,5,,6,1,1,0.0,0.0323,,42,42,10.4,,
00-0007835,Damon Huard,QB,MIA,1999,9,25,15,8.478,4,,2,0,0,0.0,0.0,,27,28,16.6,,
00-0007835,Damon Huard,QB,MIA,1999,10,25,9,-17.629,3,,2,0,0,0.0,0.0,0.0,19,20,1.5,,
00-0007835,Damon Huard,QB,MIA,1999,11,30,18,-0.954,2,,3,0,0,0.0,0.0,,36,34,12.5,,
00-0007835,Damon Huard,QB,MIA,1999,12,5,4,0.035,1,,1,0,0,0.0,0.0,0.0,20,25,2.4,,
00-0007835,Damon Huard,QB,MIA,1999,14,7,6,6.275,0,,0,0,0,0.0,0.0,0.0,19,26,7.0,,
00-0007835,Damon Huard,QB,MIA,1999,17,29,18,0.158,3,,2,0,0,0.0,0.0,0.0,26,29,8.7,,
00-0007924,James Hundon,WR,CIN,1999,17,0,0,0.0,0,,0,2,1,49,0.087,0.7538,18,18,1.5,,
00-0007969,Richard Huntley,RB,PIT,1999,1,0,0,0.0,0,,10,6,5,0.0,0.1875,,57,52,33.8,,
00-0007969,Richard Huntley,RB,PIT,1999,2,0,0,0.0,0,,10,3,2,0.0,0.1111,,36,28,13.9,,
00-0007969,Richard Huntley,RB,PIT,1999,3,0,0,0.0,0,,5,2,2,0.0,0.05,0.0,19,21,6.9,,
00-0007969,Richard Huntley,RB,PIT,1999,4,0,0,0.0,0,,5,1,1,0.0,0.0312,0.0,31,30,2.7,,
00-0007969,Richard Huntley,RB,PIT,1999,5,0,0,0.0,0,,5,3,3,-4,0.1034,-0.0187,23,23,7.8,,
00-0007969,Richard Huntley,RB,PIT,1999,6,0,0,0.0,0,,4,2,2,0.0,0.0714,,37,33,4.6,,
00-0007969,Richard Huntley,RB,PIT,1999,7,0,0,0.0,0,,1,2,2,0.0,0.0952,,35,28,9.5,,
00-0007969,Richard Huntley,RB,PIT,1999,9,0,0,0.0,0,,7,2,0,0.0,0.0769,,31,25,8.3,,
00-0007969,Richard Huntley,RB,PIT,1999,10,0,0,0.0,0,,4,1,1,0.0,0.0312,0.0,37,32,8.9,,
00-0007969,Richard Huntley,RB,PIT,1999,11,0,0,0.0,0,,3,3,2,0.0,0.1071,-0.0,20,19,5.2,,
00-0007969,Richard Huntley,RB,PIT,1999,12,0,0,0.0,0,,5,3,1,0.0,0.0667,0.0,31,31,0.8,,
00-0007969,Richard Huntley,RB,PIT,1999,13,0,0,0.0,0,,2,1,0,0.0,0.0263,,15,15,3.7,,
00-0007969,Richard Huntley,RB,PIT,1999,14,0,0,0.0,0,,8,3,0,0.0,0.0698,,22,25,6.8,,
00-0007969,Richard Huntley,RB,PIT,1999,15,0,0,0.0,0,,6,3,3,0.0,0.0714,0.0,28,29,10.0,,
00-0007969,Richard Huntley,RB,PIT,1999,16,0,0,0.0,0,,7,2,2,0.0,0.087,0.0,44,43,16.2,,
00-0007969,Richard Huntley,RB,PIT,1999,17,0,0,0.0,0,,11,2,1,0.0,0.0513,0.0,29,27,13.9,,
00-0008044,Michael Irvin,WR,DAL,1999,1,0,0,0.0,0,,0,11,5,0.0,0.2245,0.0,34,37,29.2,,
00-0008044,Michael Irvin,WR,DAL,1999,2,0,0,0.0,0,,0,5,2,0.0,0.2381,0.0,37,37,3.3,,
00-0008044,Michael Irvin,WR,DAL,1999,4,0,0,0.0,0,,0,2,2,0.0,0.1,,39,36,10.4,,
00-0008044,Michael Irvin,WR,DAL,1999,5,0,0,0.0,0,,0,1,1,0.0,0.0256,0.0,32,37,1.8,,
00-0008046,Sedrick Irvin,RB,DET,1999,1,0,0,0.0,0,,0,1,1,0.0,0.0385,0.0,36,28,1.0,,
00-0008046,Sedrick Irvin,RB,DET,1999,2,0,0,0.0,0,,1,0,0,0.0,0.0,0.0,32,23,0.1,,
00-0008046,Sedrick Irvin,RB,DET,1999,3,0,0,0.0,0,,3,2,1,0.0,0.0667,0.0,22,20,11.1,,
00-0008046,Sedrick Irvin,RB,DET,1999,5,0,0,0.0,0,,1,0,0,0.0,0.0,0.0,24,26,-2.5,,
00-0008046,Sedrick Irvin,RB,DET,1999,7,0,0,0.0,0,,5,2,2,0.0,0.0741,-0.0,27,25,11.7,,
00-0008046,Sedrick Irvin,RB,DET,1999,8,0,0,0.0,0,,2,3,2,0.0,0.1579,,24,20,10.4,,
00-0008046,Sedrick Irvin,RB,DET,1999,9,0,0,0.0,0,,4,4,4,0.0,0.1143,,20,19,11.5,,
00-0008046,Sedrick Irvin,RB,DET,1999,10,0,0,0.0,0,,4,4,3,0.0,0.1026,,14,18,6.5,,
00-0008046,Sedrick Irvin,RB,DET,1999,11,0,0,0.0,0,,8,3,3,0.0,0.0857,0.0,23,21,17.1,,
00-0008046,Sedrick Irvin,RB,DET,1999,12,0,0,0.0,0,,2,3,3,0.0,0.0714,,29,27,5.3,,
00-0008046,Sedrick Irvin,RB,DET,1999,15,0,0,0.0,0,,1,4,4,-2,0.1,-0.0064,19,19,7.7,,
00-0008046,Sedrick Irvin,RB,DET,1999,16,0,0,0.0,0,,5,4,1,0.0,0.1026,,12,10,2.0,,
00-0008046,Sedrick Irvin,RB,DET,1999,17,0,0,0.0,0,,0,2,1,0.0,0.0435,0.0,14,16,1.7,,
00-0008059,Qadry Ismail,WR,BAL,1999,2,0,0,0.0,0,,0,12,4,0.0,0.3871,0.0,29,27,15.3,,
00-0008059,Qadry Ismail,WR,BAL,1999,3,0,0,0.0,0,,0,6,2,0.0,0.2727,0.0,37,30,6.9,,
00-0008059,Qadry Ismail,WR,BAL,1999,4,0,0,0.0,0,,0,9,6,0.0,0.3333,,34,28,12.5,,
00-0008059,Qadry Ismail,WR,BAL,1999,5,0,0,0.0,0,,0,9,3,0.0,0.25,,26,25,7.7,,
00-0008059,Qadry Ismail,WR,BAL,1999,7,0,0,0.0,0,,0,10,3,0.0,0.2041,0.0,27,25,5.5,,
00-0008059,Qadry Ismail,WR,BAL,1999,8,0,0,0.0,0,,0,12,5,0.0,0.375,0.0,27,30,10.4,,
00-0008059,Qadry Ismail,WR,BAL,1999,9,0,0,0.0,0,,0,7,2,0.0,0.28,,38,34,12.3,,
00-0008059,Qadry Ismail,WR,BAL,1999,10,0,0,0.0,0,,0,5,3,0.0,0.1562,-0.0,24,24,6.3,,
00-0008059,Qadry Ismail,WR,BAL,1999,11,0,0,0.0,0,,0,6,3,0.0,0.1579,0.0,26,29,5.6,,
00-0008059,Qadry Ismail,WR,BAL,1999,12,0,0,0.0,0,,1,11,5,0.0,0.3235,-0.0,22,27,13.0,,
00-0008059,Qadry Ismail,WR,BAL,1999,13,0,0,0.0,0,,0,9,5,0.0,0.3,,22,21,16.3,,
00-0008059,Qadry Ismail,WR,BAL,1999,14,0,0,0.0,0,,0,11,6,0.0,0.4231,,25,20,49.8,,
00-0008059,Qadry Ismail,WR,BAL,1999,15,0,0,0.0,0,,0,8,7,0.0,0.2222,0.0,24,30,24.5,,
00-0008059,Qadry Ismail,WR,BAL,1999,16,0,0,0.0,0,,0,9,5,0.0,0.2812,0.0,32,32,10.2,,
00-0008059,Qadry Ismail,WR,BAL,1999,17,0,0,0.0,0,,0,9,5,0.0,0.225,0.0,23,30,10.0,,
00-0008060,Raghib Ismail,WR,DAL,1999,1,0,0,0.0,0,,1,14,8,14,0.2857,0.359,34,37,30.4,,
00-0008060,Raghib Ismail,WR,DAL,1999,2,0,0,0.0,0,,0,3,1,0.0,0.1429,0.0,37,37,4.8,,
00-0008060,Raghib Ismail,WR,DAL,1999,4,0,0,0.0,0,,2,6,4,0.0,0.3,,39,36,21.5,,
00-0008060,Raghib Ismail,WR,DAL,1999,5,0,0,0.0,0,,1,11,7,24,0.2821,0.8571,32,37,17.5,,
00-0008060,Raghib Ismail,WR,DAL,1999,6,0,0,0.0,0,,1,7,4,0.0,0.2188,0.0,25,26,10.7,,
00-0008060,Raghib Ismail,WR,DAL,1999,7,0,0,0.0,0,,1,7,6,0.0,0.2188,,34,36,19.5,,
00-0008060,Raghib Ismail,WR,DAL,1999,8,0,0,0.0,0,,0,6,4,0.0,0.24,,26,31,7.1,,
00-0008060,Raghib Ismail,WR,DAL,1999,9,0,0,0.0,0,,1,12,7,0.0,0.3429,0.0,24,26,13.5,,
00-0008060,Raghib Ismail,WR,DAL,1999,10,0,0,0.0,0,,1,10,6,0.0,0.4348,0.0,34,34,21.3,,
00-0008060,Raghib Ismail,WR,DAL,1999,11,0,0,0.0,0,,1,8,5,0.0,0.2963,,34,35,10.9,,
00-0008060,Raghib Ismail,WR,DAL,1999,12,0,0,0.0,0,,0,6,5,0.0,0.2222,,34,32,23.5,,
00-0008060,Raghib Ismail,WR,DAL,1999,13,0,0,0.0,0,,1,12,8,0.0,0.4138,,23,24,13.0,,
00-0008060,Raghib Ismail,WR,DAL,1999,14,0,0,0.0,0,,1,10,4,0.0,0.25,,31,30,10.4,,
00-0008060,Raghib Ismail,WR,DAL,1999,15,0,0,0.0,0,,2,5,1,0.0,0.1786,0.0,31,29,11.6,,
00-0008060,Raghib Ismail,WR,DAL,1999,16,0,0,0.0,0,,0,4,3,0.0,0.1053,0.0,26,26,5.8,,
00-0008060,Raghib Ismail,WR,DAL,1999,17,0,0,0.0,0,,0,10,7,0.0,0.303,,29,30,19.2,,
00-0008156,Lenzie Jackson,WR,JAX,1999,11,0,0,0.0,0,,0,1,0,0.0,0.0312,0.0,27,27,0.0,,
00-0008156,Lenzie Jackson,WR,JAX,1999,16,0,0,0.0,0,,0,1,0,0.0,0.0312,0.0,18,17,0.0,,
00-0008190,Sheldon Jackson,TE,BUF,1999,3,0,0,0.0,0,,0,1,1,0.0,0.0345,0.0,40,16,1.5,,
00-0008190,Sheldon Jackson,TE,BUF,1999,5,0,0,0.0,0,,0,2,1,3,0.0625,0.0103,33,11,1.7,,
00-0008190,Sheldon Jackson,TE,BUF,1999,7,0,0,0.0,0,,0,1,0,0.0,0.02,0.0,25,10,0.0,,
00-0008190,Sheldon Jackson,TE,BUF,1999,14,0,0,0.0,0,,0,1,0,0.0,0.0312,0.0,28,16,0.0,,
00-0008190,Sheldon Jackson,TE,BUF,1999,17,0,0,0.0,0,,0,3,2,0.0,0.0938,,31,6,4.2,,
00-0008196,Terry Jackson,RB,SF,1999,1,0,0,0.0,0,,0,1,1,0.0,0.0303,0.0,20,17,1.3,,
00-0008196,Terry Jackson,RB,SF,1999,14,0,0,0.0,0,,5,0,0,0.0,0.0,,44,38,2.4,,
00-0008196,Terry Jackson,RB,SF,1999,16,0,0,0.0,0,,5,0,0,0.0,0.0,0.0,37,24,-0.4,,
00-0008196,Terry Jackson,RB,SF,1999,17,0,0,0.0,0,,5,2,2,0.0,0.0606,,24,21,5.8,,
00-0008210,Willie Jackson,WR,CIN,1999,1,0,0,0.0,0,,0,9,5,29,0.2727,1.0,42,33,19.0,,
00-0008210,Willie Jackson,WR,CIN,1999,2,0,0,0.0,0,,0,2,1,0.0,0.0667,0.0,17,16,1.5,,
00-0008210,Willie Jackson,WR,CIN,1999,3,0,0,0.0,0,,0,4,3,12,0.093,1.0,28,26,6.3,,
00-0008210,Willie Jackson,WR,CIN,1999,4,0,0,0.0,0,,0,3,1,0.0,0.075,0.0,26,23,2.3,,
00-0008210,Willie Jackson,WR,CIN,1999,5,0,0,0.0,0,,0,2,0,0.0,0.0513,,36,35,0.0,,
00-0008210,Willie Jackson,WR,CIN,1999,6,0,0,0.0,0,,0,5,3,0.0,0.1429,-0.0,20,19,6.9,,
00-0008210,Willie Jackson,WR,CIN,1999,7,0,0,0.0,0,,0,6,2,0.0,0.1935,,26,24,4.7,,
00-0008210,Willie Jackson,WR,CIN,1999,8,0,0,0.0,0,,0,3,2,3,0.0857,0.0882,23,24,10.2,,
00-0008210,Willie Jackson,WR,CIN,1999,9,0,0,0.0,0,,0,6,4,0.0,0.1622,-0.0,23,21,11.5,,
00-0008210,Willie Jackson,WR,CIN,1999,10,0,0,0.0,0,,0,5,2,0.0,0.1562,,19,17,3.7,,
00-0008210,Willie Jackson,WR,CIN,1999,11,0,0,0.0,0,,0,5,4,0.0,0.1389,0.0,23,18,8.7,,
00-0008210,Willie Jackson,WR,CIN,1999,12,0,0,0.0,0,,0,2,1,0.0,0.0714,0.0,35,32,1.8,,
00-0008210,Willie Jackson,WR,CIN,1999,13,0,0,0.0,0,,0,5,1,0.0,0.1724,,28,31,2.1,,
00-0008210,Willie Jackson,WR,CIN,1999,16,0,0,0.0,0,,0,3,1,20,0.0833,0.6897,25,27,1.5,,
00-0008210,Willie Jackson,WR,CIN,1999,17,0,0,0.0,0,,0,3,1,0.0,0.1304,0.0,18,18,1.7,,
00-0008224,Mitch Jacoby,TE,KC,1999,8,0,0,0.0,0,,0,1,1,0.0,0.0667,,39,20,1.6,,
00-0008229,Nate Jacquet,WR,MIA,1999,10,0,0,0.0,0,,0,1,0,0.0,0.04,0.0,19,20,0.0,,
00-0008229,Nate Jacquet,WR,MIA,1999,12,0,0,0.0,0,,0,1,0,9,0.025,0.1125,20,25,0.0,,
00-0008229,Nate Jacquet,WR,MIA,1999,14,0,0,0.0,0,,0,1,1,0.0,0.0217,0.0,19,26,2.8,,
00-0008229,Nate Jacquet,WR,MIA,1999,15,0,0,0.0,0,,1,0,0,0.0,0.0,,23,24,0.4,,
00-0008229,Nate Jacquet,WR,MIA,1999,17,0,0,0.0,0,,0,2,0,0.0,0.04,0.0,26,29,0.0,,
00-0008241,Edgerrin James,RB,IND,1999,1,0,0,0.0,0,,26,4,4,0.0,0.125,0.0,29,30,20.6,,
00-0008241,Edgerrin James,RB,IND,1999,2,0,0,0.0,0,,32,2,1,0.0,0.0667,0.0,33,34,17.7,,
00-0008241,Edgerrin James,RB,IND,1999,3,0,0,0.0,0,,17,7,3,0.0,0.1321,0.0,22,20,11.2,,
00-0008241,Edgerrin James,RB,IND,1999,5,0,0,0.0,0,,22,2,2,0.0,0.0833,0.0,24,25,8.2,,
00-0008241,Edgerrin James,RB,IND,1999,6,0,0,0.0,0,,26,5,4,0.0,0.1429,0.0,28,31,17.1,,
00-0008241,Edgerrin James,RB,IND,1999,7,0,0,0.0,0,,26,4,1,0.0,0.1212,0.0,28,27,21.5,,
00-0008241,Edgerrin James,RB,IND,1999,8,0,0,0.0,0,,27,12,7,0.0,0.3529,,28,34,33.9,,
00-0008241,Edgerrin James,RB,IND,1999,9,0,0,0.0,0,,20,8,7,0.0,0.2424,-0.0,23,28,32.9,,
00-0008241,Edgerrin James,RB,IND,1999,10,0,0,0.0,0,,16,5,5,0.0,0.1429,0.0,19,21,23.0,,
00-0008241,Edgerrin James,RB,IND,1999,11,0,0,0.0,0,,22,6,5,0.0,0.2,-0.0,36,42,42.9,,
00-0008241,Edgerrin James,RB,IND,1999,12,0,0,0.0,0,,24,8,7,1,0.2759,0.0909,27,31,17.7,,
00-0008241,Edgerrin James,RB,IND,1999,13,0,0,0.0,0,,23,3,3,0.0,0.1034,0.0,25,26,28.1,,
00-0008241,Edgerrin James,RB,IND,1999,14,0,0,0.0,0,,20,5,2,0.0,0.1852,,25,22,18.9,,
00-0008241,Edgerrin James,RB,IND,1999,15,0,0,0.0,0,,22,5,4,0.0,0.1351,0.0,23,26,30.8,,
00-0008241,Edgerrin James,RB,IND,1999,16,0,0,0.0,0,,28,4,3,0.0,0.0952,,30,31,33.1,,
00-0008241,Edgerrin James,RB,IND,1999,17,0,0,0.0,0,,18,6,4,0.0,0.1714,0.0,19,25,12.3,,
00-0008300,Patrick Jeffers,WR,CAR,1999,1,0,0,0.0,0,,0,1,0,0.0,0.0333,0.0,16,17,0.0,,
00-0008300,Patrick Jeffers,WR,CAR,1999,3,0,0,0.0,0,,0,2,1,0.0,0.0909,,18,16,2.7,,
00-0008300,Patrick Jeffers,WR,CAR,1999,4,0,0,0.0,0,,0,7,5,0.0,0.1522,0.0,19,20,10.7,,
00-0008300,Patrick Jeffers,WR,CAR,1999,6,0,0,0.0,0,,0,10,6,55,0.2778,0.288,27,25,27.3,,
00-0008300,Patrick Jeffers,WR,CAR,1999,7,0,0,0.0,0,,0,7,5,0.0,0.1489,0.0,21,23,11.0,,
00-0008300,Patrick Jeffers,WR,CAR,1999,9,0,0,0.0,0,,0,4,2,0.0,0.1176,,36,30,11.0,,
00-0008300,Patrick Jeffers,WR,CAR,1999,10,0,0,0.0,0,,0,9,3,3,0.2432,0.1,23,18,7.3,,
00-0008300,Patrick Jeffers,WR,CAR,1999,11,0,0,0.0,0,,0,3,3,0.0,0.1,,31,26,6.4,,
00-0008300,Patrick Jeffers,WR,CAR,1999,12,0,0,0.0,0,,0,6,3,0.0,0.2222,,38,36,12.1,,
00-0008300,Patrick Jeffers,WR,CAR,1999,13,0,0,0.0,0,,0,9,7,0.0,0.2143,0.0,16,15,23.7,,
00-0008300,Patrick Jeffers,WR,CAR,1999,14,0,0,0.0,0,,0,9,8,0.0,0.2143,,13,13,34.7,,
00-0008300,Patrick Jeffers,WR,CAR,1999,15,0,0,0.0,0,,1,11,8,0.0,0.2895,,26,22,27.1,,
00-0008300,Patrick Jeffers,WR,CAR,1999,16,0,0,0.0,0,,0,8,5,0.0,0.2286,0.0,20,20,33.0,,
00-0008300,Patrick Jeffers,WR,CAR,1999,17,0,0,0.0,0,,1,14,7,0.0,0.3415,,14,16,37.8,,
00-0008313,Shawn Jefferson,WR,NE,1999,1,0,0,0.0,0,,0,6,4,0.0,0.2,0.0,27,28,10.7,,
00-0008313,Shawn Jefferson,WR,NE,1999,2,0,0,0.0,0,,0,5,3,0.0,0.1111,,27,32,12.4,,
00-0008313,Shawn Jefferson,WR,NE,1999,3,0,0,0.0,0,,0,5,4,0.0,0.1852,,29,30,7.5,,
00-0008313,Shawn Jefferson,WR,NE,1999,4,0,0,0.0,0,,0,3,1,0.0,0.0732,,35,32,4.2,,
00-0008313,Shawn Jefferson,WR,NE,1999,5,0,0,0.0,0,,0,7,2,0.0,0.1667,0.0,19,22,11.5,,
00-0008313,Shawn Jefferson,WR,NE,1999,6,0,0,0.0,0,,0,6,4,0.0,0.1667,0.0,14,18,10.5,,
00-0008313,Shawn Jefferson,WR,NE,1999,7,0,0,0.0,0,,0,2,2,0.0,0.0952,,28,30,3.1,,
00-0008313,Shawn Jefferson,WR,NE,1999,8,0,0,0.0,0,,0,3,3,0.0,0.1429,0.0,43,45,26.3,,
00-0008313,Shawn Jefferson,WR,NE,1999,10,0,0,0.0,0,,0,7,1,47,0.2,0.5341,20,21,2.1,,
00-0008313,Shawn Jefferson,WR,NE,1999,11,0,0,0.0,0,,0,2,2,0.0,0.0645,0.0,19,22,16.6,,
00-0008313,Shawn Jefferson,WR,NE,1999,12,0,0,0.0,0,,0,5,3,0.0,0.1667,0.0,25,29,6.6,,
00-0008313,Shawn Jefferson,WR,NE,1999,13,0,0,0.0,0,,0,3,2,0.0,0.12,0.0,36,32,6.6,,
00-0008313,Shawn Jefferson,WR,NE,1999,14,0,0,0.0,0,,0,9,7,0.0,0.2045,0.0,20,22,20.6,,
00-0008313,Shawn Jefferson,WR,NE,1999,15,0,0,0.0,0,,0,7,1,23,0.1591,0.4423,27,33,5.1,,
00-0008313,Shawn Jefferson,WR,NE,1999,16,0,0,0.0,0,,0,2,0,0.0,0.1,,34,29,0.0,,
00-0008313,Shawn Jefferson,WR,NE,1999,17,0,0,0.0,0,,0,4,1,42,0.1538,1.0,22,18,2.0,,
00-0008329,Dietrich Jells,WR,PHI,1999,1,0,0,0.0,0,,0,2,2,0.0,0.0769,0.0,26,24,2.9,,
00-0008329,Dietrich Jells,WR,PHI,1999,2,0,0,0.0,0,,0,3,0,7,0.1071,1.0,20,15,0.0,,
00-0008329,Dietrich Jells,WR,PHI,1999,3,0,0,0.0,0,,0,3,0,0.0,0.0811,,12,18,0.0,,
00-0008329,Dietrich Jells,WR,PHI,1999,4,0,0,0.0,0,,0,1,1,0.0,0.0476,0.0,26,24,2.3,,
00-0008329,Dietrich Jells,WR,PHI,1999,5,0,0,0.0,0,,0,3,0,0.0,0.1111,0.0,27,27,0.0,,
00-0008329,Dietrich Jells,WR,PHI,1999,6,0,0,0.0,0,,0,3,2,45,0.0789,0.1724,26,30,14.9,,
00-0008329,Dietrich Jells,WR,PHI,1999,7,0,0,0.0,0,,0,2,1,0.0,0.087,0.0,22,21,1.8,,
00-0008329,Dietrich Jells,WR,PHI,1999,8,0,0,0.0,0,,0,2,1,0.0,0.069,-0.0,31,30,1.8,,
00-0008329,Dietrich Jells,WR,PHI,1999,9,0,0,0.0,0,,0,2,0,0.0,0.0714,0.0,23,21,0.0,,
00-0008329,Dietrich Jells,WR,PHI,1999,12,0,0,0.0,0,,0,1,0,0.0,0.037,,28,28,0.0,,
00-0008329,Dietrich Jells,WR,PHI,1999,13,0,0,0.0,0,,0,2,0,0.0,0.0645,0.0,37,34,0.0,,
00-0008329,Dietrich Jells,WR,PHI,1999,14,0,0,0.0,0,,0,2,2,0.0,0.0741,0.0,24,23,4.9,,
00-0008329,Dietrich Jells,WR,PHI,1999,15,0,0,0.0,0,,0,1,1,0.0,0.0385,0.0,37,36,11.4,,
00-0008329,Dietrich Jells,WR,PHI,1999,17,0,0,0.0,0,,0,1,0,0.0,0.0323,0.0,23,21,0.0,,
00-0008346,James Jenkins,TE,WAS,1999,1,0,0,0.0,0,,0,1,0,0.0,0.0303,,30,29,0.0,,
00-0008346,James Jenkins,TE,WAS,1999,11,0,0,0.0,0,,0,2,1,0.0,0.0714,0.0,40,42,4.0,,
00-0008346,James Jenkins,TE,WAS,1999,16,0,0,0.0,0,,0,1,0,0.0,0.0213,0.0,17,21,0.0,,
00-0008391,Travis Jervey,RB,SF,1999,14,0,0,0.0,0,,2,0,0,0.0,0.0,,44,38,0.6,,
00-0008391,Travis Jervey,RB,SF,1999,17,0,0,0.0,0,,4,1,1,0.0,0.0303,,24,21,11.5,,
00-0008400,James Jett,WR,LV,1999,1,0,0,0.0,0,,0,8,3,20,0.2857,1.0,32,35,11.8,,
00-0008400,James Jett,WR,LV,1999,2,0,0,0.0,0,,0,4,2,0.0,0.1212,,33,32,12.0,,
00-0008400,James Jett,WR,LV,1999,3,0,0,0.0,0,,0,4,2,0.0,0.1176,,26,25,4.9,,
00-0008400,James Jett,WR,LV,1999,4,0,0,0.0,0,,0,4,2,0.0,0.125,0.0,32,37,3.7,,
00-0008400,James Jett,WR,LV,1999,5,0,0,0.0,0,,0,4,1,0.0,0.1111,0.0,24,27,2.9,,
00-0008400,James Jett,WR,LV,1999,6,0,0,0.0,0,,0,6,4,50,0.2727,0.3731,48,47,7.7,,
00-0008400,James Jett,WR,LV,1999,7,0,0,0.0,0,,0,10,4,0.0,0.1961,0.0,23,20,15.8,,
00-0008400,James Jett,WR,LV,1999,8,0,0,0.0,0,,0,3,1,0.0,0.0968,0.0,19,20,1.7,,
00-0008400,James Jett,WR,LV,1999,10,0,0,0.0,0,,0,4,3,0.0,0.1739,,43,37,8.2,,
00-0008400,James Jett,WR,LV,1999,11,0,0,0.0,0,,0,7,2,0.0,0.2188,0.0,29,27,5.3,,
00-0008400,James Jett,WR,LV,1999,12,0,0,0.0,0,,0,3,1,0.0,0.1034,0.0,25,22,1.5,,
00-0008400,James Jett,WR,LV,1999,13,0,0,0.0,0,,0,3,3,0.0,0.125,0.0,41,38,8.6,,
00-0008400,James Jett,WR,LV,1999,14,0,0,0.0,0,,0,5,3,0.0,0.1786,0.0,22,26,7.4,,
00-0008400,James Jett,WR,LV,1999,15,0,0,0.0,0,,0,5,4,0.0,0.1786,,37,38,8.2,,
00-0008400,James Jett,WR,LV,1999,16,0,0,0.0,0,,0,8,4,0.0,0.2424,0.0,24,22,8.5,,
00-0008400,James Jett,WR,LV,1999,17,0,0,0.0,0,,0,1,0,0.0,0.0233,0.0,30,37,0.0,,
00-0008430,Anthony Johnson,RB,CAR,1999,2,0,0,0.0,0,,1,1,1,0.0,0.04,0.0,18,18,1.2,,
00-0008430,Anthony Johnson,RB,CAR,1999,3,0,0,0.0,0,,0,1,0,0.0,0.0455,,18,16,0.0,,
00-0008430,Anthony Johnson,RB,CAR,1999,4,0,0,0.0,0,,0,2,2,0.0,0.0435,0.0,19,20,2.9,,
00-0008430,Anthony Johnson,RB,CAR,1999,7,0,0,0.0,0,,0,4,4,0.0,0.0851,0.0,21,23,8.1,,
00-0008430,Anthony Johnson,RB,CAR,1999,8,0,0,0.0,0,,0,3,3,0.0,0.0938,0.0,18,22,6.1,,
00-0008430,Anthony Johnson,RB,CAR,1999,9,0,0,0.0,0,,7,2,1,0.0,0.0588,,36,30,2.5,,
00-0008430,Anthony Johnson,RB,CAR,1999,10,0,0,0.0,0,,2,1,0,0.0,0.027,0.0,23,18,2.9,,
00-0008430,Anthony Johnson,RB,CAR,1999,11,0,0,0.0,0,,1,2,2,0.0,0.0667,,31,26,3.7,,
00-0008430,Anthony Johnson,RB,CAR,1999,12,0,0,0.0,0,,2,0,0,0.0,0.0,,38,36,1.0,,
00-0008430,Anthony Johnson,RB,CAR,1999,14,0,0,0.0,0,,0,1,0,0.0,0.0238,,13,13,0.0,,
00-0008430,Anthony Johnson,RB,CAR,1999,15,0,0,0.0,0,,9,0,0,0.0,0.0,,26,22,1.0,,
00-0008430,Anthony Johnson,RB,CAR,1999,16,0,0,0.0,0,,3,1,0,0.0,0.0286,0.0,20,20,-0.9,,
00-0008442,Brad Johnson,QB,WAS,1999,1,33,20,12.433,2,,0,0,0,0.0,0.0,,30,29,21.3,,
00-0008442,Brad Johnson,QB,WAS,1999,2,28,20,19.032,0,,2,0,0,0.0,0.0,,41,35,22.3,,
00-0008442,Brad Johnson,QB,WAS,1999,3,28,17,5.53,1,,3,0,0,0.0,0.0,,29,29,9.7,,
00-0008442,Brad Johnson,QB,WAS,1999,4,33,20,12.476,3,,4,0,0,0.0,0.0,,31,26,30.6,,
00-0008442,Brad Johnson,QB,WAS,1999,6,40,24,4.692,1,,2,0,0,0.0,0.0,0.0,34,31,10.1,,
00-0008442,Brad Johnson,QB,WAS,1999,7,35,23,3.864,1,,1,0,0,0.0,0.0,,16,22,16.6,,
00-0008442,Brad Johnson,QB,WAS,1999,8,25,15,11.45,0,,1,0,0,0.0,0.0,0.0,24,26,22.3,,
00-0008442,Brad Johnson,QB,WAS,1999,9,37,19,-3.68,2,,0,0,0,0.0,0.0,0.0,13,17,9.3,,
00-0008442,Brad Johnson,QB,WAS,1999,10,33,18,-7.982,4,,1,0,0,0.0,0.0,0.0,27,28,10.4,,
00-0008442,Brad Johnson,QB,WAS,1999,11,29,17,-7.322,1,,2,0,0,0.0,0.0,0.0,40,42,3.2,,
00-0008442,Brad Johnson,QB,WAS,1999,12,36,25,3.011,0,,3,0,0,0.0,0.0,0.0,32,29,10.8,,
00-0008442,Brad Johnson,QB,WAS,1999,13,43,26,-9.372,5,,1,0,0,0.0,0.0,0.0,21,27,7.9,,
00-0008442,Brad Johnson,QB,WAS,1999,14,31,17,1.35,2,,2,0,0,0.0,0.0,0.0,46,44,11.4,,
00-0008442,Brad Johnson,QB,WAS,1999,15,30,16,1.49,4,,2,0,0,0.0,0.0,,32,36,15.5,,
00-0008442,Brad Johnson,QB,WAS,1999,16,47,32,14.438,3,,2,0,0,0.0,0.0,0.0,17,21,30.8,,
00-0008442,Brad Johnson,QB,WAS,1999,17,11,7,2.819,0,,0,0,0,0.0,0.0,,30,28,3.0,,
00-0008454,Charles Johnson,WR,PHI,1999,1,0,0,0.0,0,,0,6,3,0.0,0.2308,0.0,26,24,5.4,,
00-0008454,Charles Johnson,WR,PHI,1999,2,0,0,0.0,0,,0,6,3,0.0,0.2143,0.0,20,15,6.8,,
00-0008454,Charles Johnson,WR,PHI,1999,3,0,0,0.0,0,,0,6,4,0.0,0.1622,,12,18,8.5,,
00-0008454,Charles Johnson,WR,PHI,1999,4,0,0,0.0,0,,0,7,3,23,0.3333,0.5227,26,24,6.8,,
00-0008454,Charles Johnson,WR,PHI,1999,5,0,0,0.0,0,,0,6,2,38,0.2222,1.0,27,27,14.4,,
00-0008454,Charles Johnson,WR,PHI,1999,6,0,0,0.0,0,,0,9,4,72,0.2368,0.2759,26,30,7.0,,
00-0008454,Charles Johnson,WR,PHI,1999,7,0,0,0.0,0,,0,10,4,0.0,0.4348,0.0,22,21,9.9,,
00-0008454,Charles Johnson,WR,PHI,1999,8,0,0,0.0,0,,0,10,8,0.0,0.3448,-0.0,31,30,16.4,,
00-0008454,Charles Johnson,WR,PHI,1999,9,0,0,0.0,0,,0,6,3,0.0,0.2143,0.0,23,21,6.2,,
00-0008454,Charles Johnson,WR,PHI,1999,10,0,0,0.0,0,,0,4,0,0.0,0.1905,,42,34,0.0,,
00-0008454,Charles Johnson,WR,PHI,1999,11,0,0,0.0,0,,0,2,0,0.0,0.0556,0.0,20,22,0.0,,
00-0008529,J.J. Johnson,RB,MIA,1999,1,0,0,0.0,0,,14,0,0,0.0,0.0,,33,31,10.5,,
00-0008529,J.J. Johnson,RB,MIA,1999,2,0,0,0.0,0,,3,2,1,0.0,0.0588,0.0,31,31,1.9,,
00-0008529,J.J. Johnson,RB,MIA,1999,4,0,0,0.0,0,,4,2,1,0.0,0.0476,0.0,24,28,2.4,,
00-0008529,J.J. Johnson,RB,MIA,1999,5,0,0,0.0,0,,3,0,0,0.0,0.0,,28,27,0.6,,
00-0008529,J.J. Johnson,RB,MIA,1999,6,0,0,0.0,0,,2,2,2,0.0,0.0476,0.0,32,34,3.4,,
00-0008529,J.J. Johnson,RB,MIA,1999,7,0,0,0.0,0,,5,0,0,0.0,0.0,0.0,39,35,9.5,,
00-0008529,J.J. Johnson,RB,MIA,1999,8,0,0,0.0,0,,21,1,1,0.0,0.0323,,42,42,11.3,,
00-0008529,J.J. Johnson,RB,MIA,1999,9,0,0,0.0,0,,11,2,1,0.0,0.0833,,27,28,2.3,,
00-0008529,J.J. Johnson,RB,MIA,1999,10,0,0,0.0,0,,12,5,3,0.0,0.2,0.0,19,20,9.1,,
00-0008529,J.J. Johnson,RB,MIA,1999,11,0,0,0.0,0,,31,1,1,0.0,0.0312,,36,34,18.2,,
00-0008529,J.J. Johnson,RB,MIA,1999,12,0,0,0.0,0,,19,2,1,0.0,0.05,0.0,20,25,7.6,,
00-0008529,J.J. Johnson,RB,MIA,1999,13,0,0,0.0,0,,21,5,3,0.0,0.1389,0.0,22,28,9.8,,
00-0008529,J.J. Johnson,RB,MIA,1999,16,0,0,0.0,0,,18,1,1,0.0,0.0192,0.0,24,28,16.2,,
00-0008560,Kevin Johnson,WR,CLE,1999,1,0,0,0.0,0,,0,5,2,0.0,0.3846,0.0,9,8,3.3,,
00-0008560,Kevin Johnson,WR,CLE,1999,2,0,0,0.0,0,,0,4,4,0.0,0.1667,,16,15,16.2,,
00-0008560,Kevin Johnson,WR,CLE,1999,3,0,0,0.0,0,,0,8,2,39,0.2667,1.0,24,25,9.8,,
00-0008560,Kevin Johnson,WR,CLE,1999,4,0,0,0.0,0,,0,9,6,0.0,0.3333,,20,20,25.1,,
00-0008560,Kevin Johnson,WR,CLE,1999,5,0,0,0.0,0,,0,13,5,33,0.4815,1.0,23,25,12.3,,
00-0008560,Kevin Johnson,WR,CLE,1999,6,0,0,0.0,0,,0,4,3,10,0.1818,0.5556,28,27,6.8,,
00-0008560,Kevin Johnson,WR,CLE,1999,7,0,0,0.0,0,,0,8,3,37,0.2,1.0,15,20,6.5,,
00-0008560,Kevin Johnson,WR,CLE,1999,8,0,0,0.0,0,,0,6,4,0.0,0.3158,,21,20,25.6,,
00-0008560,Kevin Johnson,WR,CLE,1999,9,0,0,0.0,0,,0,7,3,0.0,0.2188,0.0,20,21,7.3,,
00-0008560,Kevin Johnson,WR,CLE,1999,10,0,0,0.0,0,,0,7,5,0.0,0.25,0.0,21,22,18.3,,
00-0008560,Kevin Johnson,WR,CLE,1999,11,0,0,0.0,0,,0,14,5,10,0.3182,0.5,19,24,10.5,,
00-0008560,Kevin Johnson,WR,CLE,1999,12,0,0,0.0,0,,0,12,6,0.0,0.3429,,24,24,21.0,,
00-0008560,Kevin Johnson,WR,CLE,1999,13,1,0,-0.44,0,,0,10,5,15,0.3448,1.0,16,20,15.1,,
00-0008560,Kevin Johnson,WR,CLE,1999,14,0,0,0.0,0,,1,12,7,0.0,0.3158,0.0,11,12,19.9,,
00-0008560,Kevin Johnson,WR,CLE,1999,15,0,0,0.0,0,,0,10,4,0.0,0.25,,20,20,9.4,,
00-0008560,Kevin Johnson,WR,CLE,1999,16,0,0,0.0,0,,0,7,2,0.0,0.2692,,26,27,4.9,,
00-0008561,Keyshawn Johnson,WR,NYJ,1999,1,0,0,0.0,0,,1,14,8,4,0.4242,0.0784,24,24,33.4,,
00-0008561,Keyshawn Johnson,WR,NYJ,1999,2,0,0,0.0,0,,0,7,3,0.0,0.2593,,18,11,7.7,,
00-0008561,Keyshawn Johnson,WR,NYJ,1999,3,0,0,0.0,0,,0,9,3,0.0,0.3,0.0,31,33,5.7,,
00-0008561,Keyshawn Johnson,WR,NYJ,1999,4,0,0,0.0,0,,1,10,8,0.0,0.3846,0.0,35,36,23.7,,
00-0008561,Keyshawn Johnson,WR,NYJ,1999,5,0,0,0.0,0,,0,13,8,16,0.3714,0.2133,24,26,17.4,,
00-0008561,Keyshawn Johnson,WR,NYJ,1999,6,0,0,0.0,0,,0,11,5,24,0.3667,1.0,29,28,9.5,,
00-0008561,Keyshawn Johnson,WR,NYJ,1999,7,0,0,0.0,0,,0,9,5,0.0,0.4286,0.0,34,29,12.2,,
00-0008561,Keyshawn Johnson,WR,NYJ,1999,9,0,0,0.0,0,,1,2,2,0.0,0.1111,,46,43,14.3,,
00-0008561,Keyshawn Johnson,WR,NYJ,1999,10,0,0,0.0,0,,1,10,6,5,0.3333,0.3571,43,34,18.0,,
00-0008561,Keyshawn Johnson,WR,NYJ,1999,11,1,0,-0.466,0,,0,5,4,0.0,0.2381,,35,32,8.2,,
00-0008561,Keyshawn Johnson,WR,NYJ,1999,12,0,0,0.0,0,,0,6,4,0.0,0.2609,,26,24,9.6,,
00-0008561,Keyshawn Johnson,WR,NYJ,1999,13,0,0,0.0,0,,0,14,10,0.0,0.2979,,12,17,25.8,,
00-0008561,Keyshawn Johnson,WR,NYJ,1999,14,0,0,0.0,0,,0,16,11,0.0,0.4324,,28,26,37.4,,
00-0008561,Keyshawn Johnson,WR,NYJ,1999,15,0,0,0.0,0,,1,9,6,0.0,0.2571,0.0,35,30,14.8,,
00-0008561,Keyshawn Johnson,WR,NYJ,1999,16,0,0,0.0,0,,0,5,3,0.0,0.2174,,25,23,11.9,,
00-0008561,Keyshawn Johnson,WR,NYJ,1999,17,0,0,-1.194,1,,0,7,3,35,0.28,1.0,41,39,5.0,,
00-0008568,Leon Johnson,RB,NYJ,1999,1,0,0,0.0,0,,1,0,0,0.0,0.0,0.0,24,24,0.2,,
00-0008570,LeShon Johnson,RB,NYG,1999,2,0,0,0.0,0,,8,1,1,0.0,0.0263,0.0,17,16,7.6,,
00-0008570,LeShon Johnson,RB,NYG,1999,3,0,0,0.0,0,,10,3,3,0.0,0.0833,,26,20,12.6,,
00-0008570,LeShon Johnson,RB,NYG,1999,4,0,0,0.0,0,,1,0,0,0.0,0.0,0.0,38,31,0.1,,
00-0008570,LeShon Johnson,RB,NYG,1999,7,0,0,0.0,0,,18,3,2,0.0,0.1111,0.0,37,36,7.2,,
00-0008570,LeShon Johnson,RB,NYG,1999,8,0,0,0.0,0,,14,5,4,0.0,0.125,,25,23,16.6,,
00-0008570,LeShon Johnson,RB,NYG,1999,10,0,0,0.0,0,,5,2,2,0.0,0.0408,0.0,24,21,4.5,,
00-0008570,LeShon Johnson,RB,NYG,1999,11,0,0,0.0,0,,2,1,0,0.0,0.0323,0.0,24,16,0.5,,
00-0008570,LeShon Johnson,RB,NYG,1999,12,0,0,0.0,0,,3,0,0,0.0,0.0,0.0,20,23,-0.2,,
00-0008572,Lonnie Johnson,TE,KC,1999,1,0,0,0.0,0,,0,4,3,0.0,0.0976,0.0,17,18,7.1,,
00-0008572,Lonnie Johnson,TE,KC,1999,4,0,0,0.0,0,,0,3,0,13,0.0811,0.1605,38,23,0.0,,
00-0008572,Lonnie Johnson,TE,KC,1999,5,0,0,0.0,0,,0,1,0,0.0,0.04,0.0,42,20,0.0,,
00-0008572,Lonnie Johnson,TE,KC,1999,7,0,0,0.0,0,,0,2,1,0.0,0.125,,35,21,1.6,,
00-0008572,Lonnie Johnson,TE,KC,1999,9,0,0,0.0,0,,0,3,3,0.0,0.0938,,29,15,6.3,,
00-0008572,Lonnie Johnson,TE,KC,1999,14,0,0,0.0,0,,0,1,0,0.0,0.0345,,40,14,0.0,,
00-0008572,Lonnie Johnson,TE,KC,1999,16,0,0,0.0,0,,0,5,3,0.0,0.119,0.0,22,8,10.8,,
00-0008572,Lonnie Johnson,TE,KC,1999,17,0,0,0.0,0,,0,1,0,0.0,0.027,,38,11,0.0,,
00-0008575,Malcolm Johnson,WR,PIT,1999,14,0,0,0.0,0,,0,1,1,0.0,0.0233,,22,25,2.8,,
00-0008575,Malcolm Johnson,WR,PIT,1999,15,0,0,0.0,0,,0,5,0,0.0,0.119,0.0,28,29,0.0,,
00-0008575,Malcolm Johnson,WR,PIT,1999,17,0,0,0.0,0,,0,3,1,0.0,0.0769,0.0,29,27,1.5,,
00-0008598,Pat Johnson,WR,BAL,1999,2,0,0,0.0,0,,0,2,0,12,0.0645,0.1967,29,27,0.0,,
00-0008598,Pat Johnson,WR,BAL,1999,4,0,0,0.0,0,,0,1,1,0.0,0.037,,34,28,12.2,,
00-0008598,Pat Johnson,WR,BAL,1999,5,0,0,0.0,0,,0,9,4,0.0,0.25,,26,25,9.7,,
00-0008598,Pat Johnson,WR,BAL,1999,9,0,0,0.0,0,,0,3,1,0.0,0.12,,38,34,2.0,,
00-0008598,Pat Johnson,WR,BAL,1999,11,0,0,0.0,0,,0,11,6,0.0,0.2895,0.0,26,29,19.3,,
00-0008598,Pat Johnson,WR,BAL,1999,12,0,0,0.0,0,,0,2,1,0.0,0.0588,-0.0,22,27,2.9,,
00-0008598,Pat Johnson,WR,BAL,1999,13,0,0,0.0,0,,0,1,1,0.0,0.0333,,22,21,14.6,,
00-0008598,Pat Johnson,WR,BAL,1999,15,0,0,0.0,0,,0,9,3,53,0.25,0.7794,24,30,7.3,,
00-0008598,Pat Johnson,WR,BAL,1999,16,0,0,0.0,0,,1,9,3,0.0,0.2812,0.0,32,32,12.4,,
00-0008598,Pat Johnson,WR,BAL,1999,17,0,0,0.0,0,,0,11,9,0.0,0.275,0.0,23,30,18.4,,
00-0008612,Rob Johnson,QB,BUF,1999,3,2,1,-0.918,1,,1,0,0,0.0,0.0,0.0,40,16,2.9,,
00-0008612,Rob Johnson,QB,BUF,1999,17,32,24,18.715,0,,7,0,0,0.0,0.0,,31,6,23.1,,
00-0008660,Daryl Johnston,RB,DAL,1999,1,0,0,0.0,0,,0,2,1,0.0,0.0408,0.0,34,37,1.4,,
00-0008704,Charlie Jones,WR,LAC,1999,8,0,0,0.0,0,,0,4,2,0.0,0.129,0.0,20,26,2.5,,
00-0008704,Charlie Jones,WR,LAC,1999,9,0,0,0.0,0,,0,2,2,0.0,0.0541,0.0,19,27,13.3,,
00-0008704,Charlie Jones,WR,LAC,1999,10,0,0,0.0,0,,1,5,3,0.0,0.1613,,16,19,3.9,,
00-0008704,Charlie Jones,WR,LAC,1999,11,0,0,0.0,0,,0,3,0,0.0,0.0667,,27,35,0.0,,
00-0008704,Charlie Jones,WR,LAC,1999,16,0,0,0.0,0,,0,1,1,0.0,0.0278,0.0,21,23,1.9,,
00-0008704,Charlie Jones,WR,LAC,1999,17,0,0,0.0,0,,0,3,2,0.0,0.1304,0.0,34,39,2.6,,
00-0008723,Damon Jones,TE,JAX,1999,1,0,0,0.0,0,,0,2,1,0.0,0.0645,,34,32,7.4,,
00-0008723,Damon Jones,TE,JAX,1999,2,0,0,0.0,0,,0,2,1,0.0,0.0667,,46,42,4.1,,
00-0008723,Damon Jones,TE,JAX,1999,3,0,0,0.0,0,,0,2,2,0.0,0.05,0.0,33,29,3.5,,
00-0008723,Damon Jones,TE,JAX,1999,5,0,0,0.0,0,,0,1,1,0.0,0.0323,,34,37,2.0,,
00-0008723,Damon Jones,TE,JAX,1999,8,0,0,0.0,0,,0,1,1,0.0,0.0357,,34,35,2.1,,
00-0008723,Damon Jones,TE,JAX,1999,9,0,0,0.0,0,,0,1,1,0.0,0.0294,,34,33,7.9,,
00-0008723,Damon Jones,TE,JAX,1999,10,0,0,0.0,0,,0,4,2,0.0,0.1379,,26,28,2.9,,
00-0008723,Damon Jones,TE,JAX,1999,11,0,0,0.0,0,,0,2,2,0.0,0.0625,0.0,27,27,10.0,,
00-0008723,Damon Jones,TE,JAX,1999,12,0,0,0.0,0,,0,1,1,0.0,0.0213,0.0,25,23,2.8,,
00-0008723,Damon Jones,TE,JAX,1999,13,0,0,0.0,0,,0,3,1,0.0,0.0811,,34,33,3.4,,
00-0008723,Damon Jones,TE,JAX,1999,14,0,0,0.0,0,,0,5,1,0.0,0.2,,32,27,3.1,,
00-0008723,Damon Jones,TE,JAX,1999,15,0,0,0.0,0,,0,4,2,0.0,0.1212,0.0,33,32,9.6,,
00-0008723,Damon Jones,TE,JAX,1999,16,0,0,0.0,0,,0,5,2,0.0,0.1562,0.0,18,17,4.0,,
00-0008723,Damon Jones,TE,JAX,1999,17,0,0,0.0,0,,0,1,1,0.0,0.0263,,36,35,2.3,,
00-0008749,Freddie Jones,TE,LAC,1999,2,0,0,0.0,0,,0,5,1,0.0,0.1667,,35,38,1.3,,
00-0008749,Freddie Jones,TE,LAC,1999,3,0,0,0.0,0,,0,8,5,0.0,0.2353,0.0,25,23,9.5,,
00-0008749,Freddie Jones,TE,LAC,1999,4,0,0,0.0,0,,0,4,4,0.0,0.1481,0.0,17,24,8.8,,
00-0008749,Freddie Jones,TE,LAC,1999,5,0,0,0.0,0,,0,3,2,0.0,0.0882,0.0,24,32,2.9,,
00-0008749,Freddie Jones,TE,LAC,1999,6,0,0,0.0,0,,0,9,5,0.0,0.2093,0.0,21,33,12.4,,
00-0008749,Freddie Jones,TE,LAC,1999,7,0,0,0.0,0,,0,11,7,7,0.2037,0.0737,27,30,15.7,,
00-0008749,Freddie Jones,TE,LAC,1999,8,0,0,0.0,0,,0,5,4,0.0,0.1613,0.0,20,26,9.7,,
00-0008749,Freddie Jones,TE,LAC,1999,9,0,0,0.0,0,,0,6,4,0.0,0.1622,0.0,19,27,16.5,,
00-0008749,Freddie Jones,TE,LAC,1999,10,0,0,0.0,0,,0,8,5,0.0,0.2581,,16,19,17.5,,
00-0008749,Freddie Jones,TE,LAC,1999,11,0,0,0.0,0,,0,6,4,0.0,0.1333,,27,35,7.6,,
00-0008749,Freddie Jones,TE,LAC,1999,12,0,0,0.0,0,,0,5,1,15,0.1282,1.0,20,26,1.7,,
00-0008749,Freddie Jones,TE,LAC,1999,13,0,0,0.0,0,,0,5,4,0.0,0.2381,,44,42,8.2,,
00-0008749,Freddie Jones,TE,LAC,1999,14,0,0,0.0,0,,0,5,2,0.0,0.1471,0.0,39,44,5.0,,
00-0008749,Freddie Jones,TE,LAC,1999,15,0,0,0.0,0,,0,3,2,0.0,0.0833,,21,31,3.0,,
00-0008749,Freddie Jones,TE,LAC,1999,16,0,0,0.0,0,,0,7,5,0.0,0.1944,0.0,21,23,13.1,,
00-0008749,Freddie Jones,TE,LAC,1999,17,0,0,0.0,0,,0,1,1,0.0,0.0435,0.0,34,39,2.1,,
00-0008751,George Jones,RB,CLE,1999,4,0,0,0.0,0,,1,0,0,0.0,0.0,,20,20,0.2,,
00-0008751,George Jones,RB,CLE,1999,5,0,0,0.0,0,,6,0,0,0.0,0.0,0.0,23,25,1.4,,
00-0008751,George Jones,RB,CLE,1999,6,0,0,0.0,0,,1,0,0,0.0,0.0,0.0,28,27,-0.1,,
00-0008763,Isaac Jones,WR,IND,1999,11,0,0,0.0,0,,0,3,1,0.0,0.1,-0.0,36,42,1.8,,
00-0008903,Andrew Jordan,TE,MIN,1999,7,0,0,0.0,0,,0,1,1,0.0,0.0357,0.0,31,25,7.7,,
00-0008903,Andrew Jordan,TE,MIN,1999,8,0,0,0.0,0,,0,1,0,0.0,0.0357,,24,23,0.0,,
00-0008903,Andrew Jordan,TE,MIN,1999,9,0,0,0.0,0,,0,2,1,0.0,0.069,0.0,32,27,1.9,,
00-0008903,Andrew Jordan,TE,MIN,1999,10,0,0,0.0,0,,0,1,1,2,0.0227,0.0059,28,29,2.1,,
00-0008903,Andrew Jordan,TE,MIN,1999,17,0,0,0.0,0,,0,2,2,0.0,0.0909,0.0,30,31,3.3,,
00-0008907,Charles Jordan,WR,SEA,1999,9,0,0,0.0,0,,0,2,1,0.0,0.0833,0.0,37,37,1.6,,
00-0008907,Charles Jordan,WR,SEA,1999,13,0,0,0.0,0,,0,1,0,0.0,0.0263,0.0,19,20,0.0,,
00-0008907,Charles Jordan,WR,GB,1999,16,0,0,0.0,0,,0,2,0,17,0.0417,0.4359,12,19,0.0,,
00-0008907,Charles Jordan,WR,GB,1999,17,0,0,0.0,0,,0,5,2,20,0.1471,1.0,28,30,7.4,,
00-0008921,Randy Jordan,RB,LV,1999,1,0,0,0.0,0,,3,3,3,0.0,0.1071,0.0,32,35,20.2,,
00-0008921,Randy Jordan,RB,LV,1999,2,0,0,0.0,0,,1,4,2,0.0,0.1212,,33,32,3.2,,
00-0008921,Randy Jordan,RB,LV,1999,3,0,0,0.0,0,,2,2,1,0.0,0.0588,,26,25,-0.3,,
00-0008921,Randy Jordan,RB,LV,1999,4,0,0,0.0,0,,0,2,1,0.0,0.0625,0.0,32,37,1.9,,
00-0008921,Randy Jordan,RB,LV,1999,7,0,0,0.0,0,,0,3,1,0.0,0.0588,0.0,23,20,1.9,,
00-0008921,Randy Jordan,RB,LV,1999,8,0,0,0.0,0,,3,1,0,0.0,0.0323,0.0,19,20,2.5,,
00-0008921,Randy Jordan,RB,LV,1999,11,0,0,0.0,0,,0,1,0,0.0,0.0312,0.0,29,27,0.0,,
00-0008962,Joe Jurevicius,WR,NYG,1999,1,0,0,0.0,0,,0,3,1,0.0,0.1304,,25,14,1.4,,
00-0008962,Joe Jurevicius,WR,NYG,1999,2,0,0,0.0,0,,0,4,3,0.0,0.1053,0.0,17,16,6.6,,
00-0008962,Joe Jurevicius,WR,NYG,1999,4,0,0,0.0,0,,0,5,1,21,0.125,0.6176,38,31,1.6,,
00-0008962,Joe Jurevicius,WR,NYG,1999,5,0,0,0.0,0,,0,1,0,0.0,0.027,0.0,28,24,0.0,,
00-0008962,Joe Jurevicius,WR,NYG,1999,6,0,0,0.0,0,,0,2,1,0.0,0.0952,,30,25,2.1,,
00-0008962,Joe Jurevicius,WR,NYG,1999,7,0,0,0.0,0,,0,3,2,0.0,0.1111,0.0,37,36,14.3,,
00-0008962,Joe Jurevicius,WR,NYG,1999,8,0,0,0.0,0,,0,3,1,0.0,0.075,,25,23,2.2,,
00-0008962,Joe Jurevicius,WR,NYG,1999,10,0,0,0.0,0,,0,3,1,32,0.0612,0.5818,24,21,2.8,,
00-0008962,Joe Jurevicius,WR,NYG,1999,11,0,0,0.0,0,,0,5,1,7,0.1613,0.1167,24,16,2.1,,
00-0008962,Joe Jurevicius,WR,NYG,1999,14,0,0,0.0,0,,0,1,1,0.0,0.0238,-0.0,28,33,2.2,,
00-0008962,Joe Jurevicius,WR,NYG,1999,15,0,0,0.0,0,,0,2,0,0.0,0.0541,0.0,19,22,0.0,,
00-0008962,Joe Jurevicius,WR,NYG,1999,16,0,0,0.0,0,,0,4,3,0.0,0.0784,0.0,27,32,6.9,,
00-0008962,Joe Jurevicius,WR,NYG,1999,17,0,0,0.0,0,,0,4,3,0.0,0.0889,0.0,18,35,11.6,,
00-0008970,Paul Justin,QB,LA,1999,4,1,1,3.63,0,,0,0,0,0.0,0.0,,28,22,1.1,,
00-0008970,Paul Justin,QB,LA,1999,5,0,0,0.0,0,,2,0,0,0.0,0.0,0.0,28,24,-0.2,,
00-0008970,Paul Justin,QB,LA,1999,7,5,4,-0.349,1,,0,0,0,0.0,0.0,,29,36,1.0,,
00-0008970,Paul Justin,QB,LA,1999,13,1,1,0.794,0,,0,0,0,0.0,0.0,0.0,33,28,0.5,,
00-0008970,Paul Justin,QB,LA,1999,14,0,0,0.0,0,,2,0,0,0.0,0.0,0.0,34,34,-0.2,,
00-0008970,Paul Justin,QB,LA,1999,16,7,3,-1.929,0,,1,0,0,0.0,0.0,0.0,27,33,1.4,,
00-0009007,Danny Kanell,QB,ATL,1999,2,22,9,-7.854,3,,0,0,0,0.0,0.0,0.0,24,23,6.9,,
00-0009007,Danny Kanell,QB,ATL,1999,4,33,15,0.359,1,,0,0,0,0.0,0.0,,26,29,11.4,,
00-0009007,Danny Kanell,QB,ATL,1999,15,29,18,12.339,1,,0,0,0,0.0,0.0,0.0,19,16,13.5,,
00-0009038,Napoleon Kaufman,RB,LV,1999,1,0,0,0.0,0,,11,1,1,0.0,0.0357,0.0,32,35,10.3,,
00-0009038,Napoleon Kaufman,RB,LV,1999,2,0,0,0.0,0,,9,2,1,0.0,0.0606,,33,32,4.4,,
00-0009038,Napoleon Kaufman,RB,LV,1999,3,0,0,0.0,0,,10,2,2,0.0,0.0588,,26,25,4.0,,
00-0009038,Napoleon Kaufman,RB,LV,1999,4,0,0,0.0,0,,7,5,5,0.0,0.1562,0.0,32,37,13.3,,
00-0009038,Napoleon Kaufman,RB,LV,1999,5,0,0,0.0,0,,3,1,1,0.0,0.0278,0.0,24,27,3.3,,
00-0009038,Napoleon Kaufman,RB,LV,1999,6,0,0,0.0,0,,12,1,1,0.0,0.0455,0.0,48,47,8.3,,
00-0009038,Napoleon Kaufman,RB,LV,1999,7,0,0,0.0,0,,7,2,0,0.0,0.0392,0.0,23,20,3.3,,
00-0009038,Napoleon Kaufman,RB,LV,1999,8,0,0,0.0,0,,8,0,0,0.0,0.0,0.0,19,20,3.9,,
00-0009038,Napoleon Kaufman,RB,LV,1999,10,0,0,0.0,0,,12,0,0,0.0,0.0,,43,37,6.5,,
00-0009038,Napoleon Kaufman,RB,LV,1999,11,0,0,0.0,0,,11,1,0,0.0,0.0312,0.0,29,27,2.2,,
00-0009038,Napoleon Kaufman,RB,LV,1999,12,0,0,0.0,0,,7,0,0,0.0,0.0,0.0,25,22,2.2,,
00-0009038,Napoleon Kaufman,RB,LV,1999,13,0,0,0.0,0,,10,2,1,0.0,0.0833,0.0,41,38,9.4,,
00-0009038,Napoleon Kaufman,RB,LV,1999,14,0,0,0.0,0,,7,3,3,0.0,0.1071,0.0,22,26,14.3,,
00-0009038,Napoleon Kaufman,RB,LV,1999,15,0,0,0.0,0,,8,2,1,0.0,0.0714,,37,38,25.3,,
00-0009038,Napoleon Kaufman,RB,LV,1999,16,0,0,0.0,0,,7,0,0,0.0,0.0,0.0,24,22,1.3,,
00-0009038,Napoleon Kaufman,RB,LV,1999,17,0,0,0.0,0,,9,3,2,0.0,0.0698,0.0,30,37,11.5,,
00-0009119,Reggie Kelly,TE,ATL,1999,5,0,0,0.0,0,,0,1,1,0.0,0.0526,,33,32,2.6,,
00-0009119,Reggie Kelly,TE,ATL,1999,6,0,0,0.0,0,,0,4,3,0.0,0.1176,0.0,19,17,10.0,,
00-0009119,Reggie Kelly,TE,ATL,1999,11,0,0,0.0,0,,0,1,0,0.0,0.04,0.0,24,23,0.0,,
00-0009119,Reggie Kelly,TE,ATL,1999,12,0,0,0.0,0,,0,1,1,0.0,0.025,,15,13,3.2,,
00-0009119,Reggie Kelly,TE,ATL,1999,13,0,0,0.0,0,,0,3,2,0.0,0.1429,0.0,28,23,2.9,,
00-0009119,Reggie Kelly,TE,ATL,1999,16,0,0,0.0,0,,0,3,1,0.0,0.1304,,39,28,3.9,,
00-0009163,Eddie Kennison,WR,NO,1999,1,0,0,0.0,0,,0,4,2,0.0,0.1905,,41,33,3.1,,
00-0009163,Eddie Kennison,WR,NO,1999,2,0,0,0.0,0,,0,12,5,26,0.3243,0.321,30,27,15.6,,
00-0009163,Eddie Kennison,WR,NO,1999,4,0,0,0.0,0,,0,8,4,0.0,0.2857,,35,33,9.5,,
00-0009163,Eddie Kennison,WR,NO,1999,5,0,0,0.0,0,,0,7,4,0.0,0.1842,0.0,24,26,23.8,,
00-0009163,Eddie Kennison,WR,NO,1999,6,0,0,0.0,0,,0,13,7,92,0.2955,0.3183,21,21,16.4,,
00-0009163,Eddie Kennison,WR,NO,1999,7,0,0,0.0,0,,0,8,5,0.0,0.25,0.0,27,27,11.2,,
00-0009163,Eddie Kennison,WR,NO,1999,8,0,0,0.0,0,,0,5,2,0.0,0.1786,0.0,50,48,4.7,,
00-0009163,Eddie Kennison,WR,NO,1999,9,0,0,0.0,0,,1,5,2,0.0,0.1429,0.0,23,24,6.6,,
00-0009163,Eddie Kennison,WR,NO,1999,10,0,0,0.0,0,,0,5,3,0.0,0.3333,,39,37,7.1,,
00-0009163,Eddie Kennison,WR,NO,1999,11,0,0,0.0,0,,1,5,2,0.0,0.1852,0.0,29,26,5.9,,
00-0009163,Eddie Kennison,WR,NO,1999,12,0,0,0.0,0,,1,10,5,8,0.2174,0.4211,28,30,9.8,,
00-0009163,Eddie Kennison,WR,NO,1999,13,0,0,0.0,0,,0,9,4,59,0.2432,1.0,26,31,6.3,,
00-0009163,Eddie Kennison,WR,NO,1999,14,0,0,0.0,0,,0,7,2,3,0.2593,0.017,18,20,5.9,,
00-0009163,Eddie Kennison,WR,NO,1999,15,0,0,0.0,0,,0,13,5,0.0,0.2766,0.0,16,18,11.7,,
00-0009163,Eddie Kennison,WR,NO,1999,16,0,0,0.0,0,,0,8,3,0.0,0.2963,0.0,29,26,18.5,,
00-0009163,Eddie Kennison,WR,NO,1999,17,0,0,0.0,0,,0,8,6,0.0,0.1702,0.0,25,20,16.4,,
00-0009165,Joey Kent,WR,TEN,1999,11,0,0,0.0,0,,0,3,1,0.0,0.12,0.0,32,23,3.5,,
00-0009165,Joey Kent,WR,TEN,1999,12,0,0,0.0,0,,0,2,2,0.0,0.0556,,33,29,3.7,,
00-0009165,Joey Kent,WR,TEN,1999,14,0,0,0.0,0,,0,1,0,0.0,0.0526,0.0,33,34,0.0,,
00-0009237,Brian Kinchen,TE,CAR,1999,3,0,0,0.0,0,,0,1,0,0.0,0.0455,,18,16,0.0,,
00-0009237,Brian Kinchen,TE,CAR,1999,7,0,0,0.0,0,,0,1,1,0.0,0.0213,0.0,21,23,1.8,,
00-0009237,Brian Kinchen,TE,CAR,1999,10,0,0,0.0,0,,0,1,0,0.0,0.027,0.0,23,18,0.0,,
00-0009237,Brian Kinchen,TE,CAR,1999,11,0,0,0.0,0,,0,2,2,0.0,0.0667,,31,26,8.2,,
00-0009237,Brian Kinchen,TE,CAR,1999,12,0,0,0.0,0,,0,2,1,0.0,0.0741,,38,36,1.9,,
00-0009237,Brian Kinchen,TE,CAR,1999,13,0,0,0.0,0,,0,1,0,0.0,0.0238,0.0,16,15,0.0,,
00-0009237,Brian Kinchen,TE,CAR,1999,14,0,0,0.0,0,,0,1,1,0.0,0.0238,,13,13,9.6,,
00-0009237,Brian Kinchen,TE,CAR,1999,16,0,0,0.0,0,,0,1,0,0.0,0.0286,0.0,20,20,0.0,,
00-0009266,Shaun King,QB,TB,1999,12,7,3,-1.032,1,,3,0,0,0.0,0.0,,37,16,5.2,,
00-0009266,Shaun King,QB,TB,1999,13,19,11,-3.48,2,,4,0,0,0.0,0.0,0.0,27,1,8.5,,
00-0009266,Shaun King,QB,TB,1999,14,37,23,4.65,3,,3,0,0,0.0,0.0,0.0,19,15,16.6,,
00-0009266,Shaun King,QB,TB,1999,15,29,17,-19.408,4,,1,0,0,0.0,0.0,0.0,19,17,2.2,,
00-0009266,Shaun King,QB,TB,1999,16,30,17,-4.486,0,,5,0,0,0.0,0.0,0.0,37,19,9.3,,
00-0009266,Shaun King,QB,TB,1999,17,24,18,9.147,1,,2,0,0,0.0,0.0,,40,17,11.0,,
00-0009288,Terry Kirby,RB,CLE,1999,1,0,0,0.0,0,,5,3,1,0.0,0.2308,0.0,9,8,2.2,,
00-0009288,Terry Kirby,RB,CLE,1999,2,0,0,0.0,0,,10,5,2,0.0,0.2083,,16,15,8.7,,
00-0009288,Terry Kirby,RB,CLE,1999,3,0,0,0.0,0,,18,8,7,0.0,0.2667,0.0,24,25,19.6,,
00-0009288,Terry Kirby,RB,CLE,1999,4,0,0,0.0,0,,15,7,4,0.0,0.2593,,20,20,15.0,,
00-0009288,Terry Kirby,RB,CLE,1999,5,0,0,0.0,0,,15,4,4,0.0,0.1481,0.0,23,25,18.7,,
00-0009288,Terry Kirby,RB,CLE,1999,6,0,0,0.0,0,,22,3,3,0.0,0.1364,0.0,28,27,16.2,,
00-0009288,Terry Kirby,RB,CLE,1999,7,0,0,0.0,0,,6,8,6,0.0,0.2,0.0,15,20,9.0,,
00-0009288,Terry Kirby,RB,CLE,1999,8,0,0,0.0,0,,6,1,1,0.0,0.0526,,21,20,3.6,,
00-0009288,Terry Kirby,RB,CLE,1999,9,0,0,0.0,0,,6,6,5,0.0,0.1875,0.0,20,21,18.1,,
00-0009288,Terry Kirby,RB,CLE,1999,10,0,0,0.0,0,,1,3,2,0.0,0.1071,0.0,21,22,3.3,,
00-0009288,Terry Kirby,RB,CLE,1999,11,0,0,0.0,0,,6,11,9,0.0,0.25,0.0,19,24,25.1,,
00-0009288,Terry Kirby,RB,CLE,1999,12,0,0,0.0,0,,4,6,4,0.0,0.1714,,24,24,20.5,,
00-0009288,Terry Kirby,RB,CLE,1999,13,0,0,0.0,0,,4,5,5,0.0,0.1724,0.0,16,20,11.4,,
00-0009288,Terry Kirby,RB,CLE,1999,14,0,0,0.0,0,,3,3,2,0.0,0.0789,0.0,11,12,10.9,,
00-0009288,Terry Kirby,RB,CLE,1999,15,1,1,-0.322,0,,4,3,2,0.0,0.075,,20,20,9.9,,
00-0009288,Terry Kirby,RB,CLE,1999,16,0,0,0.0,0,,5,1,1,0.0,0.0385,,26,27,15.9,,
00-0009311,Jon Kitna,QB,SEA,1999,1,30,20,-1.493,6,,1,0,0,0.0,0.0,,16,17,16.8,,
00-0009311,Jon Kitna,QB,SEA,1999,3,29,18,6.308,1,,3,0,0,0.0,0.0,,34,31,8.3,,
00-0009311,Jon Kitna,QB,SEA,1999,4,30,15,0.126,2,,1,0,0,0.0,0.0,0.0,26,29,14.5,,
00-0009311,Jon Kitna,QB,SEA,1999,6,29,17,-6.521,3,,1,0,0,0.0,0.0,0.0,27,23,8.0,,
00-0009311,Jon Kitna,QB,SEA,1999,7,30,17,12.325,1,,6,0,0,0.0,0.0,,32,26,19.4,,
00-0009311,Jon Kitna,QB,SEA,1999,8,19,12,2.217,2,,3,0,0,0.0,0.0,,36,32,12.7,,
00-0009311,Jon Kitna,QB,SEA,1999,9,24,14,7.647,2,,1,0,0,0.0,0.0,0.0,37,37,16.1,,
00-0009311,Jon Kitna,QB,SEA,1999,10,31,16,7.74,1,,2,0,0,0.0,0.0,0.0,21,20,15.3,,
00-0009311,Jon Kitna,QB,SEA,1999,11,33,14,10.714,0,,7,0,0,0.0,0.0,0.0,32,29,14.8,,
00-0009311,Jon Kitna,QB,SEA,1999,12,44,19,-34.263,3,,2,0,0,0.0,0.0,0.0,22,21,-2.5,,
00-0009311,Jon Kitna,QB,SEA,1999,13,39,22,8.297,1,,3,0,0,0.0,0.0,0.0,19,20,15.3,,
00-0009311,Jon Kitna,QB,SEA,1999,14,40,25,-2.456,3,,1,0,0,0.0,0.0,0.0,21,22,13.5,,
00-0009311,Jon Kitna,QB,SEA,1999,15,42,22,-4.28,3,,0,0,0,0.0,0.0,,17,19,15.1,,
00-0009311,Jon Kitna,QB,SEA,1999,16,30,18,0.902,3,,3,0,0,0.0,0.0,,28,27,16.7,,
00-0009311,Jon Kitna,QB,SEA,1999,17,45,21,-2.283,1,,1,0,0,0.0,0.0,0.0,12,12,5.4,,
00-0009323,Jimmy Kleinsasser,TE,MIN,1999,2,0,0,0.0,0,,0,1,1,0.0,0.027,0.0,15,16,1.6,,
00-0009323,Jimmy Kleinsasser,TE,MIN,1999,4,0,0,0.0,0,,0,2,2,0.0,0.0571,0.0,23,31,2.9,,
00-0009323,Jimmy Kleinsasser,TE,MIN,1999,5,0,0,0.0,0,,0,3,2,0.0,0.0682,0.0,20,19,-3.3,,
00-0009323,Jimmy Kleinsasser,TE,MIN,1999,9,0,0,0.0,0,,0,1,0,0.0,0.0345,0.0,32,27,0.0,,
00-0009323,Jimmy Kleinsasser,TE,MIN,1999,10,0,0,0.0,0,,0,2,0,4,0.0455,0.0118,28,29,0.0,,
00-0009323,Jimmy Kleinsasser,TE,MIN,1999,12,0,0,0.0,0,,0,1,1,0.0,0.0238,0.0,29,30,2.1,,
00-0009323,Jimmy Kleinsasser,TE,MIN,1999,13,0,0,0.0,0,,0,1,0,0.0,0.0233,0.0,24,34,0.0,,
00-0009443,Brian Kozlowski,TE,ATL,1999,1,0,0,0.0,0,,0,1,1,0.0,0.0323,,23,21,1.2,,
00-0009443,Brian Kozlowski,TE,ATL,1999,2,0,0,0.0,0,,0,1,1,0.0,0.0294,0.0,24,23,2.4,,
00-0009443,Brian Kozlowski,TE,ATL,1999,3,0,0,0.0,0,,0,2,2,0.0,0.0645,0.0,22,21,8.2,,
00-0009443,Brian Kozlowski,TE,ATL,1999,5,0,0,0.0,0,,0,1,0,0.0,0.0526,,33,32,0.0,,
00-0009443,Brian Kozlowski,TE,ATL,1999,6,0,0,0.0,0,,0,2,0,0.0,0.0588,0.0,19,17,0.0,,
00-0009443,Brian Kozlowski,TE,ATL,1999,8,0,0,0.0,0,,0,1,0,0.0,0.0476,,32,34,0.0,,
00-0009443,Brian Kozlowski,TE,ATL,1999,9,0,0,0.0,0,,0,3,3,0.0,0.1154,0.0,11,15,7.9,,
00-0009443,Brian Kozlowski,TE,ATL,1999,12,0,0,0.0,0,,0,3,3,0.0,0.075,,15,13,11.9,,
00-0009443,Brian Kozlowski,TE,ATL,1999,13,0,0,0.0,0,,0,1,1,0.0,0.0476,0.0,28,23,3.6,,
00-0009443,Brian Kozlowski,TE,ATL,1999,16,0,0,0.0,0,,0,1,0,0.0,0.0435,,39,28,0.0,,
00-0009451,Erik Kramer,QB,LAC,1999,2,4,3,3.733,0,,1,0,0,0.0,0.0,,35,38,1.6,,
00-0009451,Erik Kramer,QB,LAC,1999,4,20,8,-6.486,1,,0,0,0,0.0,0.0,0.0,17,24,8.9,,
00-0009451,Erik Kramer,QB,LAC,1999,5,34,20,0.544,2,,1,0,0,0.0,0.0,0.0,24,32,6.2,,
00-0009451,Erik Kramer,QB,LAC,1999,6,44,27,-8.507,2,,0,0,0,0.0,0.0,0.0,21,33,3.8,,
00-0009451,Erik Kramer,QB,LAC,1999,7,36,18,-11.336,1,,3,0,0,0.0,0.0,0.0,27,30,0.7,,
00-0009451,Erik Kramer,QB,LAC,1999,8,3,2,-9.384,1,,0,0,0,0.0,0.0,0.0,20,26,-3.6,,
00-0009550,David LaFleur,TE,DAL,1999,1,0,0,0.0,0,,0,7,4,0.0,0.1429,0.0,34,37,20.1,,
00-0009550,David LaFleur,TE,DAL,1999,2,0,0,0.0,0,,0,2,1,0.0,0.0952,0.0,37,37,1.9,,
00-0009550,David LaFleur,TE,DAL,1999,4,0,0,0.0,0,,0,1,0,0.0,0.05,,39,36,0.0,,
00-0009550,David LaFleur,TE,DAL,1999,5,0,0,0.0,0,,0,3,3,0.0,0.0769,0.0,32,37,5.2,,
00-0009550,David LaFleur,TE,DAL,1999,6,0,0,0.0,0,,0,3,2,0.0,0.0938,0.0,25,26,3.5,,
00-0009550,David LaFleur,TE,DAL,1999,7,0,0,0.0,0,,0,6,4,0.0,0.1875,,34,36,13.4,,
00-0009550,David LaFleur,TE,DAL,1999,8,0,0,0.0,0,,0,3,2,0.0,0.12,,26,31,5.1,,
00-0009550,David LaFleur,TE,DAL,1999,9,0,0,0.0,0,,0,1,0,0.0,0.0286,0.0,24,26,0.0,,
00-0009550,David LaFleur,TE,DAL,1999,10,0,0,0.0,0,,0,2,2,0.0,0.087,0.0,34,34,9.6,,
00-0009550,David LaFleur,TE,DAL,1999,11,0,0,0.0,0,,0,2,1,0.0,0.0741,,34,35,8.1,,
00-0009550,David LaFleur,TE,DAL,1999,12,0,0,0.0,0,,0,2,1,0.0,0.0741,,34,32,2.3,,
00-0009550,David LaFleur,TE,DAL,1999,13,0,0,0.0,0,,0,4,2,0.0,0.1379,,23,24,4.1,,
00-0009550,David LaFleur,TE,DAL,1999,14,0,0,0.0,0,,0,6,4,0.0,0.15,,31,30,14.4,,
00-0009550,David LaFleur,TE,DAL,1999,15,0,0,0.0,0,,0,2,2,0.0,0.0714,0.0,31,29,3.8,,
00-0009550,David LaFleur,TE,DAL,1999,16,0,0,0.0,0,,0,5,4,6,0.1316,0.3333,26,26,13.0,,
00-0009550,David LaFleur,TE,DAL,1999,17,0,0,0.0,0,,0,4,3,0.0,0.1212,,29,30,4.7,,
00-0009599,Fred Lane,RB,CAR,1999,1,0,0,0.0,0,,6,2,2,0.0,0.0667,0.0,16,17,8.6,,
00-0009599,Fred Lane,RB,CAR,1999,2,0,0,0.0,0,,8,2,1,0.0,0.08,0.0,18,18,6.0,,
00-0009599,Fred Lane,RB,CAR,1999,3,0,0,0.0,0,,5,2,2,0.0,0.0909,,18,16,4.4,,
00-0009599,Fred Lane,RB,CAR,1999,4,0,0,0.0,0,,4,1,1,0.0,0.0217,0.0,19,20,2.4,,
00-0009599,Fred Lane,RB,CAR,1999,6,0,0,0.0,0,,4,0,0,0.0,0.0,0.0,27,25,1.1,,
00-0009599,Fred Lane,RB,CAR,1999,7,0,0,0.0,0,,6,3,2,0.0,0.0638,0.0,21,23,4.3,,
00-0009599,Fred Lane,RB,CAR,1999,8,0,0,0.0,0,,15,4,4,0.0,0.125,0.0,18,22,11.2,,
00-0009599,Fred Lane,RB,CAR,1999,9,0,0,0.0,0,,20,2,2,0.0,0.0588,,36,30,11.4,,
00-0009599,Fred Lane,RB,CAR,1999,10,0,0,0.0,0,,13,3,3,0.0,0.0811,0.0,23,18,9.3,,
00-0009599,Fred Lane,RB,CAR,1999,11,0,0,0.0,0,,3,0,0,0.0,0.0,,31,26,1.2,,
00-0009599,Fred Lane,RB,CAR,1999,13,0,0,0.0,0,,1,1,0,0.0,0.0238,0.0,16,15,0.2,,
00-0009599,Fred Lane,RB,CAR,1999,14,0,0,0.0,0,,1,2,1,0.0,0.0476,,13,13,1.2,,
00-0009599,Fred Lane,RB,CAR,1999,15,0,0,0.0,0,,10,6,3,0.0,0.1579,,26,22,12.9,,
00-0009599,Fred Lane,RB,CAR,1999,16,0,0,0.0,0,,15,2,2,0.0,0.0571,0.0,20,20,15.0,,
00-0009599,Fred Lane,RB,CAR,1999,17,0,0,0.0,0,,4,0,0,0.0,0.0,,14,16,1.6,,
00-0009738,Amp Lee,RB,LA,1999,6,0,0,0.0,0,,3,0,0,0.0,0.0,0.0,28,24,0.3,,
00-0009738,Amp Lee,RB,LA,1999,8,0,0,0.0,0,,0,1,1,0.0,0.0227,,19,24,8.5,,
00-0009738,Amp Lee,RB,LA,1999,9,0,0,0.0,0,,0,1,1,0.0,0.0233,0.0,16,22,1.9,,
00-0009738,Amp Lee,RB,LA,1999,10,0,0,0.0,0,,0,1,1,0.0,0.0345,0.0,20,19,0.8,,
00-0009738,Amp Lee,RB,LA,1999,13,0,0,0.0,0,,0,1,0,0.0,0.0312,0.0,33,28,0.0,,
00-0009819,Tim Lester,RB,DAL,1999,4,0,0,0.0,0,,0,1,1,0.0,0.05,,39,36,1.3,,
00-0009819,Tim Lester,RB,DAL,1999,5,0,0,0.0,0,,0,1,0,0.0,0.0256,0.0,32,37,0.0,,
00-0009819,Tim Lester,RB,DAL,1999,6,0,0,0.0,0,,0,1,0,0.0,0.0312,0.0,25,26,0.0,,
00-0009819,Tim Lester,RB,DAL,1999,7,0,0,0.0,0,,0,1,1,0.0,0.0312,,34,36,1.6,,
00-0009829,Dorsey Levens,RB,GB,1999,1,0,0,0.0,0,,18,10,6,4,0.2381,0.1739,20,24,16.4,,
00-0009829,Dorsey Levens,RB,GB,1999,2,0,0,0.0,0,,29,4,4,0.0,0.0976,0.0,31,33,28.6,,
00-0009829,Dorsey Levens,RB,GB,1999,3,0,0,0.0,0,,18,11,9,0.0,0.2973,,22,27,22.3,,
00-0009829,Dorsey Levens,RB,GB,1999,5,0,0,0.0,0,,22,7,5,0.0,0.1795,,23,27,20.6,,
00-0009829,Dorsey Levens,RB,GB,1999,6,0,0,0.0,0,,10,3,1,0.0,0.1579,0.0,11,11,8.2,,
00-0009829,Dorsey Levens,RB,GB,1999,7,0,0,0.0,0,,21,2,1,0.0,0.08,0.0,28,27,15.2,,
00-0009829,Dorsey Levens,RB,GB,1999,8,0,0,0.0,0,,24,4,3,0.0,0.1053,0.0,29,29,13.6,,
00-0009829,Dorsey Levens,RB,GB,1999,9,0,0,0.0,0,,26,6,4,0.0,0.15,0.0,29,30,14.4,,
00-0009829,Dorsey Levens,RB,GB,1999,10,0,0,0.0,0,,15,11,8,0.0,0.2292,0.0,17,23,15.1,,
00-0009829,Dorsey Levens,RB,GB,1999,11,0,0,0.0,0,,23,11,10,0.0,0.2821,,27,35,30.6,,
00-0009829,Dorsey Levens,RB,GB,1999,12,0,0,0.0,0,,13,4,4,0.0,0.1143,,22,24,12.7,,
00-0009829,Dorsey Levens,RB,GB,1999,15,0,0,0.0,0,,26,5,4,0.0,0.1351,0.0,28,30,22.0,,
00-0009829,Dorsey Levens,RB,GB,1999,16,0,0,0.0,0,,10,10,9,0.0,0.2083,0.0,12,19,18.1,,
00-0009829,Dorsey Levens,RB,GB,1999,17,0,0,0.0,0,,24,4,3,0.0,0.1176,0.0,28,30,43.9,,
00-0009842,Chad Lewis,TE,PHI,1999,11,0,0,0.0,0,,0,3,2,0.0,0.0833,0.0,20,22,9.6,,
00-0009842,Chad Lewis,TE,PHI,1999,12,0,0,0.0,0,,0,2,0,0.0,0.0741,,28,28,0.0,,
00-0009842,Chad Lewis,TE,PHI,1999,13,0,0,0.0,0,,0,1,1,0.0,0.0323,0.0,37,34,8.1,,
00-0009842,Chad Lewis,TE,PHI,1999,14,0,0,0.0,0,,0,4,1,14,0.1481,1.0,24,23,2.9,,
00-0009842,Chad Lewis,TE,PHI,1999,15,0,0,0.0,0,,0,2,1,0.0,0.0769,0.0,37,36,1.4,,
00-0009842,Chad Lewis,TE,PHI,1999,17,0,0,0.0,0,,0,4,2,11,0.129,0.5238,23,21,10.6,,
00-0009868,Jeff Lewis,QB,CAR,1999,11,3,2,-2.185,1,,2,0,0,0.0,0.0,,31,26,0.7,,
00-0009868,Jeff Lewis,QB,CAR,1999,15,0,0,0.0,0,,2,0,0,0.0,0.0,,26,22,-0.2,,
00-0009869,Jermaine Lewis,WR,BAL,1999,2,0,0,0.0,0,,0,6,3,49,0.1935,0.8033,29,27,7.8,,
00-0009869,Jermaine Lewis,WR,BAL,1999,3,0,0,0.0,0,,1,5,3,0.0,0.2273,0.0,37,30,5.4,,
00-0009869,Jermaine Lewis,WR,BAL,1999,4,0,0,0.0,0,,1,6,2,0.0,0.2222,,34,28,2.7,,
00-0009869,Jermaine Lewis,WR,BAL,1999,5,0,0,0.0,0,,0,7,4,0.0,0.1944,,26,25,9.8,,
00-0009869,Jermaine Lewis,WR,BAL,1999,7,0,0,0.0,0,,1,6,2,0.0,0.1224,0.0,27,25,2.6,,
00-0009869,Jermaine Lewis,WR,BAL,1999,8,0,0,0.0,0,,0,4,1,0.0,0.125,0.0,27,30,1.6,,
00-0009869,Jermaine Lewis,WR,BAL,1999,10,0,0,0.0,0,,0,9,3,0.0,0.2812,-0.0,24,24,4.3,,
00-0009869,Jermaine Lewis,WR,BAL,1999,11,0,0,0.0,0,,1,3,1,0.0,0.0789,0.0,26,29,1.8,,
00-0009869,Jermaine Lewis,WR,BAL,1999,12,0,0,0.0,0,,0,3,1,0.0,0.0882,-0.0,22,27,5.6,,
00-0009869,Jermaine Lewis,WR,BAL,1999,13,0,0,0.0,0,,0,5,5,0.0,0.1667,,22,21,24.2,,
00-0009869,Jermaine Lewis,WR,BAL,1999,16,0,0,0.0,0,,1,0,0,0.0,0.0,0.0,32,32,0.4,,
00-0010007,Kevin Lockett,WR,KC,1999,1,0,0,0.0,0,,0,4,1,0.0,0.0976,0.0,17,18,1.8,,
00-0010007,Kevin Lockett,WR,KC,1999,2,0,0,0.0,0,,0,1,1,0.0,0.0588,-0.0,41,39,1.5,,
00-0010007,Kevin Lockett,WR,KC,1999,3,0,0,0.0,0,,0,5,4,0.0,0.1724,,35,21,7.6,,
00-0010007,Kevin Lockett,WR,KC,1999,4,0,0,0.0,0,,0,5,4,0.0,0.1351,0.0,38,23,7.3,,
00-0010007,Kevin Lockett,WR,KC,1999,5,0,0,0.0,0,,0,5,4,0.0,0.2,0.0,42,20,8.0,,
00-0010007,Kevin Lockett,WR,KC,1999,7,0,0,0.0,0,,0,4,2,0.0,0.25,,35,21,5.1,,
00-0010007,Kevin Lockett,WR,KC,1999,8,0,0,0.0,0,,0,3,2,0.0,0.2,,39,20,6.0,,
00-0010007,Kevin Lockett,WR,KC,1999,9,0,0,0.0,0,,0,4,3,0.0,0.125,,29,15,14.4,,
00-0010007,Kevin Lockett,WR,KC,1999,10,0,0,0.0,0,,0,3,2,0.0,0.0811,0.0,22,13,4.6,,
00-0010007,Kevin Lockett,WR,KC,1999,11,0,0,0.0,0,,0,1,1,0.0,0.0244,0.0,25,12,1.3,,
00-0010007,Kevin Lockett,WR,KC,1999,12,0,0,0.0,0,,0,4,1,6,0.1481,0.75,28,15,3.0,,
00-0010007,Kevin Lockett,WR,KC,1999,13,0,0,0.0,0,,0,5,3,0.0,0.1724,0.0,38,12,5.5,,
00-0010007,Kevin Lockett,WR,KC,1999,14,0,0,0.0,0,,0,4,3,0.0,0.1379,,40,14,6.6,,
00-0010007,Kevin Lockett,WR,KC,1999,15,0,0,0.0,0,,0,1,0,0.0,0.0476,,32,20,0.0,,
00-0010007,Kevin Lockett,WR,KC,1999,16,0,0,0.0,0,,0,4,0,0.0,0.0952,0.0,22,8,0.0,,
00-0010007,Kevin Lockett,WR,KC,1999,17,0,0,0.0,0,,0,3,3,0.0,0.0811,,38,11,15.9,,
00-0010092,Kamil Loud,WR,BUF,1999,3,0,0,0.0,0,,0,2,1,0.0,0.069,0.0,40,16,2.1,,
00-0010092,Kamil Loud,WR,BUF,1999,7,0,0,0.0,0,,0,6,5,0.0,0.12,0.0,25,10,10.5,,
00-0010092,Kamil Loud,WR,BUF,1999,8,0,0,0.0,0,,0,1,0,0.0,0.025,0.0,29,6,0.0,,
00-0010107,Derek Loville,RB,DEN,1999,1,0,0,0.0,0,,5,1,1,0.0,0.0256,,26,28,7.3,,
00-0010107,Derek Loville,RB,DEN,1999,2,0,0,0.0,0,,0,1,1,0.0,0.0345,0.0,26,32,1.5,,
00-0010107,Derek Loville,RB,DEN,1999,4,0,0,0.0,0,,16,4,3,0.0,0.1212,0.0,29,30,10.2,,
00-0010107,Derek Loville,RB,DEN,1999,8,0,0,0.0,0,,3,0,0,0.0,0.0,0.0,30,24,10.5,,
00-0010107,Derek Loville,RB,DEN,1999,13,0,0,0.0,0,,1,3,2,0.0,0.0882,0.0,18,25,3.1,,
00-0010107,Derek Loville,RB,DEN,1999,14,0,0,0.0,0,,3,1,0,0.0,0.0303,0.0,27,27,0.9,,
00-0010107,Derek Loville,RB,DEN,1999,15,0,0,0.0,0,,7,3,2,0.0,0.0769,0.0,33,36,5.2,,
00-0010107,Derek Loville,RB,DEN,1999,16,0,0,0.0,0,,4,2,1,0.0,0.069,0.0,36,34,2.2,,
00-0010107,Derek Loville,RB,DEN,1999,17,0,0,0.0,0,,1,1,1,0.0,0.0227,,22,25,1.4,,
00-0010137,Ray Lucas,QB,NYJ,1999,6,30,16,-7.676,1,,3,0,0,0.0,0.0,0.0,29,28,6.9,,
00-0010137,Ray Lucas,QB,NYJ,1999,10,31,18,3.585,0,,6,0,0,0.0,0.0,0.0,43,34,11.6,,
00-0010137,Ray Lucas,QB,NYJ,1999,11,20,16,-2.782,4,,9,0,0,0.0,0.0,,35,32,14.0,,
00-0010137,Ray Lucas,QB,NYJ,1999,12,22,12,-5.854,2,,3,0,0,0.0,0.0,,26,24,6.9,,
00-0010137,Ray Lucas,QB,NYJ,1999,13,48,31,14.155,2,,5,0,0,0.0,0.0,,12,17,29.4,,
00-0010137,Ray Lucas,QB,NYJ,1999,14,37,22,4.159,1,,4,0,0,0.0,0.0,,28,26,19.2,,
00-0010137,Ray Lucas,QB,NYJ,1999,15,34,20,3.402,0,,5,0,0,0.0,0.0,0.0,35,30,14.2,,
00-0010137,Ray Lucas,QB,NYJ,1999,16,23,11,11.454,1,,2,0,0,0.0,0.0,,25,23,19.8,,
00-0010137,Ray Lucas,QB,NYJ,1999,17,25,15,7.266,0,,4,0,0,0.0,0.0,0.0,41,39,5.6,,
00-0010146,Mike Lucky,TE,DAL,1999,4,0,0,0.0,0,,0,1,1,0.0,0.05,,39,36,1.2,,
00-0010146,Mike Lucky,TE,DAL,1999,7,0,0,0.0,0,,0,1,1,0.0,0.0312,,34,36,1.5,,
00-0010146,Mike Lucky,TE,DAL,1999,12,0,0,0.0,0,,0,2,2,0.0,0.0741,,34,32,3.5,,
00-0010146,Mike Lucky,TE,DAL,1999,17,0,0,0.0,0,,0,1,1,0.0,0.0303,,29,30,1.3,,
00-0010194,Anthony Lynn,RB,DEN,1999,5,0,0,0.0,0,,1,0,0,0.0,0.0,0.0,28,23,0.1,,
00-0010194,Anthony Lynn,RB,DEN,1999,8,0,0,0.0,0,,1,0,0,0.0,0.0,0.0,30,24,0.1,,
00-0010202,Mitch Lyons,TE,PIT,1999,4,0,0,0.0,0,,0,2,1,0.0,0.0625,0.0,31,30,2.3,,
00-0010202,Mitch Lyons,TE,PIT,1999,5,0,0,0.0,0,,0,3,2,24,0.1034,0.1121,23,23,5.1,,
00-0010202,Mitch Lyons,TE,PIT,1999,9,0,0,0.0,0,,0,1,0,0.0,0.0385,,31,25,0.0,,
00-0010202,Mitch Lyons,TE,PIT,1999,11,0,0,0.0,0,,0,1,1,0.0,0.0357,-0.0,20,19,1.7,,
00-0010202,Mitch Lyons,TE,PIT,1999,12,0,0,0.0,0,,0,1,1,0.0,0.0222,0.0,31,31,1.7,,
00-0010202,Mitch Lyons,TE,PIT,1999,13,0,0,0.0,0,,0,2,1,0.0,0.0526,,15,15,1.7,,
00-0010202,Mitch Lyons,TE,PIT,1999,15,0,0,0.0,0,,0,3,2,0.0,0.0714,0.0,28,29,3.6,,
00-0010240,Stacey Mack,RB,JAX,1999,11,0,0,0.0,0,,6,0,0,0.0,0.0,0.0,27,27,2.7,,
00-0010240,Stacey Mack,RB,JAX,1999,13,0,0,0.0,0,,1,0,0,0.0,0.0,,34,33,1.3,,
00-0010333,Kris Mangum,TE,CAR,1999,8,0,0,0.0,0,,0,1,1,0.0,0.0312,0.0,18,22,1.6,,
00-0010333,Kris Mangum,TE,CAR,1999,13,0,0,0.0,0,,0,1,0,0.0,0.0238,0.0,16,15,0.0,,
00-0010346,Peyton Manning,QB,IND,1999,1,33,21,12.51,0,,3,0,0,0.0,0.0,0.0,29,30,15.1,,
00-0010346,Peyton Manning,QB,IND,1999,2,30,18,9.208,0,,1,0,0,0.0,0.0,0.0,33,34,17.2,,
00-0010346,Peyton Manning,QB,IND,1999,3,53,29,23.042,0,,4,0,0,0.0,0.0,0.0,22,20,29.6,,
00-0010346,Peyton Manning,QB,IND,1999,5,24,17,14.343,2,,2,0,0,0.0,0.0,0.0,24,25,19.7,,
00-0010346,Peyton Manning,QB,IND,1999,6,35,21,1.44,0,,2,0,0,0.0,0.0,0.0,28,31,10.1,,
00-0010346,Peyton Manning,QB,IND,1999,7,33,17,8.193,1,,2,0,0,0.0,0.0,0.0,28,27,17.9,,
00-0010346,Peyton Manning,QB,IND,1999,8,34,22,8.046,1,,0,0,0,0.0,0.0,,28,34,18.5,,
00-0010346,Peyton Manning,QB,IND,1999,9,33,21,-0.875,3,,3,0,0,0.0,0.0,-0.0,23,28,18.6,,
00-0010346,Peyton Manning,QB,IND,1999,10,35,20,7.329,0,,3,0,0,0.0,0.0,0.0,19,21,15.2,,
00-0010346,Peyton Manning,QB,IND,1999,11,26,16,8.65,1,,2,0,0,0.0,0.0,-0.0,36,42,22.8,,
00-0010346,Peyton Manning,QB,IND,1999,12,31,23,-1.327,2,,3,0,0,0.0,0.0,0.0,27,31,10.5,,
00-0010346,Peyton Manning,QB,IND,1999,13,29,23,-2.212,2,,2,0,0,0.0,0.0,0.0,25,26,10.3,,
00-0010346,Peyton Manning,QB,IND,1999,14,27,15,6.269,1,,5,0,0,0.0,0.0,,25,22,14.2,,
00-0010346,Peyton Manning,QB,IND,1999,15,37,23,7.515,1,,1,0,0,0.0,0.0,0.0,23,26,15.8,,
00-0010346,Peyton Manning,QB,IND,1999,16,43,27,11.315,0,,2,0,0,0.0,0.0,,30,31,12.7,,
00-0010346,Peyton Manning,QB,IND,1999,17,29,18,2.42,0,,0,0,0,0.0,0.0,0.0,19,25,6.5,,
00-0010379,Dan Marino,QB,MIA,1999,1,23,15,13.063,0,,1,0,0,0.0,0.0,,33,31,16.5,,
00-0010379,Dan Marino,QB,MIA,1999,2,35,21,-4.486,0,,1,0,0,0.0,0.0,0.0,31,31,8.6,,
00-0010379,Dan Marino,QB,MIA,1999,4,44,22,-23.959,2,,0,0,0,0.0,0.0,0.0,24,28,8.0,,
00-0010379,Dan Marino,QB,MIA,1999,5,38,25,26.778,0,,1,0,0,0.0,0.0,,28,27,23.6,,
00-0010379,Dan Marino,QB,MIA,1999,6,3,1,-8.546,0,,0,0,0,0.0,0.0,0.0,32,34,-1.7,,
00-0010379,Dan Marino,QB,MIA,1999,12,36,15,-19.895,1,,0,0,0,0.0,0.0,0.0,20,25,-2.9,,
00-0010379,Dan Marino,QB,MIA,1999,13,38,24,6.4,2,,0,0,0,0.0,0.0,0.0,22,28,20.5,,
00-0010379,Dan Marino,QB,MIA,1999,14,40,19,-12.682,2,,0,0,0,0.0,0.0,0.0,19,26,3.5,,
00-0010379,Dan Marino,QB,MIA,1999,15,36,22,-3.499,2,,2,0,0,0.0,0.0,,23,24,7.4,,
00-0010379,Dan Marino,QB,MIA,1999,16,52,29,2.095,0,,1,0,0,0.0,0.0,0.0,24,28,18.9,,
00-0010379,Dan Marino,QB,MIA,1999,17,24,11,-3.601,0,,0,0,0,0.0,0.0,0.0,26,29,2.7,,
00-0010436,Cecil Martin,RB,PHI,1999,4,0,0,0.0,0,,1,3,0,0.0,0.1429,0.0,26,24,0.1,,
00-0010436,Cecil Martin,RB,PHI,1999,6,0,0,0.0,0,,1,2,2,-2,0.0526,-0.0077,26,30,2.1,,
00-0010436,Cecil Martin,RB,PHI,1999,11,0,0,0.0,0,,0,2,2,0.0,0.0556,0.0,20,22,1.8,,
00-0010436,Cecil Martin,RB,PHI,1999,12,0,0,0.0,0,,0,3,3,0.0,0.1111,,28,28,3.9,,
00-0010436,Cecil Martin,RB,PHI,1999,13,0,0,0.0,0,,1,1,1,0.0,0.0323,0.0,37,34,1.7,,
00-0010436,Cecil Martin,RB,PHI,1999,14,0,0,0.0,0,,0,1,1,0.0,0.037,0.0,24,23,1.3,,
00-0010436,Cecil Martin,RB,PHI,1999,15,0,0,0.0,0,,0,3,1,0.0,0.1154,0.0,37,36,0.7,,
00-0010436,Cecil Martin,RB,PHI,1999,17,0,0,0.0,0,,0,1,1,0.0,0.0323,0.0,23,21,1.9,,
00-0010442,Curtis Martin,RB,NYJ,1999,1,0,0,0.0,0,,19,5,4,0.0,0.1515,0.0,24,24,13.7,,
00-0010442,Curtis Martin,RB,NYJ,1999,2,0,0,0.0,0,,9,1,1,0.0,0.037,,18,11,5.9,,
00-0010442,Curtis Martin,RB,NYJ,1999,3,0,0,0.0,0,,20,4,2,0.0,0.1333,0.0,31,33,16.6,,
00-0010442,Curtis Martin,RB,NYJ,1999,4,0,0,0.0,0,,31,4,3,3,0.1538,0.1304,35,36,21.3,,
00-0010442,Curtis Martin,RB,NYJ,1999,5,0,0,0.0,0,,18,4,3,0.0,0.1143,0.0,24,26,10.4,,
00-0010442,Curtis Martin,RB,NYJ,1999,6,0,0,0.0,0,,23,1,1,0.0,0.0333,0.0,29,28,14.6,,
00-0010442,Curtis Martin,RB,NYJ,1999,7,0,0,0.0,0,,26,2,2,0.0,0.0952,0.0,34,29,15.7,,
00-0010442,Curtis Martin,RB,NYJ,1999,9,0,0,0.0,0,,38,5,4,0.0,0.2778,,46,43,17.3,,
00-0010442,Curtis Martin,RB,NYJ,1999,10,0,0,0.0,0,,31,3,2,0.0,0.1,0.0,43,34,23.7,,
00-0010442,Curtis Martin,RB,NYJ,1999,11,0,0,0.0,0,,23,7,7,0.0,0.3333,,35,32,17.6,,
00-0010442,Curtis Martin,RB,NYJ,1999,12,0,0,0.0,0,,19,6,3,0.0,0.2609,,26,24,12.5,,
00-0010442,Curtis Martin,RB,NYJ,1999,13,0,0,0.0,0,,6,8,6,0.0,0.1702,,12,17,8.8,,
00-0010442,Curtis Martin,RB,NYJ,1999,14,0,0,0.0,0,,24,2,1,0.0,0.0541,,28,26,9.3,,
00-0010442,Curtis Martin,RB,NYJ,1999,15,0,0,0.0,0,,26,4,1,4,0.1143,1.0,35,30,12.9,,
00-0010442,Curtis Martin,RB,NYJ,1999,16,0,0,0.0,0,,20,2,2,0.0,0.087,,25,23,17.7,,
00-0010442,Curtis Martin,RB,NYJ,1999,17,0,0,0.0,0,,34,3,3,0.0,0.12,0.0,41,39,29.3,,
00-0010477,Tony Martin,WR,MIA,1999,1,0,0,0.0,0,,0,5,4,0.0,0.2273,,33,31,14.1,,
00-0010477,Tony Martin,WR,MIA,1999,2,0,0,0.0,0,,0,3,2,0.0,0.0882,0.0,31,31,5.2,,
00-0010477,Tony Martin,WR,MIA,1999,4,0,0,0.0,0,,0,4,2,0.0,0.0952,0.0,24,28,5.8,,
00-0010477,Tony Martin,WR,MIA,1999,5,0,0,0.0,0,,1,15,10,0.0,0.3947,,28,27,32.0,,
00-0010477,Tony Martin,WR,MIA,1999,6,0,0,0.0,0,,0,15,7,17,0.3571,1.0,32,34,24.8,,
00-0010477,Tony Martin,WR,MIA,1999,7,0,0,0.0,0,,0,6,3,0.0,0.3,0.0,39,35,5.6,,
00-0010477,Tony Martin,WR,MIA,1999,8,0,0,0.0,0,,0,6,3,0.0,0.1935,,42,42,6.4,,
00-0010477,Tony Martin,WR,MIA,1999,9,0,0,0.0,0,,0,6,5,0.0,0.25,,27,28,20.5,,
00-0010477,Tony Martin,WR,MIA,1999,10,0,0,0.0,0,,0,7,2,0.0,0.28,0.0,19,20,4.7,,
00-0010477,Tony Martin,WR,MIA,1999,11,0,0,0.0,0,,0,10,4,0.0,0.3125,,36,34,8.4,,
00-0010477,Tony Martin,WR,MIA,1999,12,0,0,0.0,0,,0,8,3,33,0.2,0.4125,20,25,7.7,,
00-0010477,Tony Martin,WR,MIA,1999,13,0,0,0.0,0,,0,8,6,0.0,0.2222,0.0,22,28,22.9,,
00-0010477,Tony Martin,WR,MIA,1999,14,0,0,0.0,0,,0,4,2,7,0.087,0.4375,19,26,3.2,,
00-0010477,Tony Martin,WR,MIA,1999,15,0,0,0.0,0,,0,10,8,0.0,0.2941,,23,24,16.6,,
00-0010477,Tony Martin,WR,MIA,1999,16,0,0,0.0,0,,0,10,6,0.0,0.1923,0.0,24,28,22.2,,
00-0010500,Derrick Mason,WR,TEN,1999,4,0,0,0.0,0,,0,1,0,11,0.025,1.0,21,23,0.0,,
00-0010500,Derrick Mason,WR,TEN,1999,5,0,0,0.0,0,,0,1,1,0.0,0.0286,,24,27,1.4,,
00-0010500,Derrick Mason,WR,TEN,1999,6,0,0,0.0,0,,0,1,1,29,0.04,0.2685,35,30,4.1,,
00-0010500,Derrick Mason,WR,TEN,1999,11,0,0,0.0,0,,0,1,0,0.0,0.04,0.0,32,23,0.0,,
00-0010500,Derrick Mason,WR,TEN,1999,12,0,0,0.0,0,,0,6,3,0.0,0.1667,,33,29,11.8,,
00-0010500,Derrick Mason,WR,TEN,1999,13,0,0,0.0,0,,0,6,2,0.0,0.12,0.0,14,16,3.8,,
00-0010500,Derrick Mason,WR,TEN,1999,15,0,0,0.0,0,,0,3,1,0.0,0.1,,28,24,1.8,,
00-0010539,Terance Mathis,WR,ATL,1999,1,0,0,0.0,0,,0,9,4,0.0,0.2903,,23,21,8.0,,
00-0010539,Terance Mathis,WR,ATL,1999,2,0,0,0.0,0,,1,9,4,24,0.2647,1.4118,24,23,11.3,,
00-0010539,Terance Mathis,WR,ATL,1999,3,0,0,0.0,0,,0,7,4,33,0.2258,1.0,22,21,9.1,,
00-0010539,Terance Mathis,WR,ATL,1999,4,0,0,0.0,0,,0,11,7,0.0,0.2558,,26,29,13.6,,
00-0010539,Terance Mathis,WR,ATL,1999,5,0,0,0.0,0,,0,10,5,0.0,0.5263,,33,32,17.7,,
00-0010539,Terance Mathis,WR,ATL,1999,6,0,0,0.0,0,,0,9,7,0.0,0.2647,0.0,19,17,14.5,,
00-0010539,Terance Mathis,WR,ATL,1999,7,0,0,0.0,0,,0,17,12,17,0.5484,1.0,25,18,34.6,,
00-0010539,Terance Mathis,WR,ATL,1999,8,0,0,0.0,0,,0,6,4,0.0,0.2857,,32,34,9.3,,
00-0010539,Terance Mathis,WR,ATL,1999,9,0,0,0.0,0,,0,8,3,45,0.3077,0.7895,11,15,5.8,,
00-0010539,Terance Mathis,WR,ATL,1999,11,0,0,0.0,0,,0,4,1,25,0.16,0.7576,24,23,1.6,,
00-0010539,Terance Mathis,WR,ATL,1999,12,0,0,0.0,0,,0,18,9,0.0,0.45,,15,13,24.8,,
00-0010539,Terance Mathis,WR,ATL,1999,13,0,0,0.0,0,,0,5,3,0.0,0.2381,0.0,28,23,13.6,,
00-0010539,Terance Mathis,WR,ATL,1999,14,0,0,0.0,0,,0,13,4,8,0.4815,1.0,12,10,9.8,,
00-0010539,Terance Mathis,WR,ATL,1999,15,0,0,0.0,0,,0,12,5,0.0,0.2857,0.0,19,16,12.9,,
00-0010539,Terance Mathis,WR,ATL,1999,16,0,0,0.0,0,,0,4,4,0.0,0.1739,,39,28,14.1,,
00-0010539,Terance Mathis,WR,ATL,1999,17,0,0,0.0,0,,0,11,5,0.0,0.3056,,21,18,17.9,,
00-0010560,Shane Matthews,QB,CHI,1999,1,38,25,-8.994,1,,3,0,0,0.0,0.0,,28,27,15.5,,
00-0010560,Shane Matthews,QB,CHI,1999,2,42,22,-2.186,3,,1,0,0,0.0,0.0,,30,29,8.4,,
00-0010560,Shane Matthews,QB,CHI,1999,3,30,20,1.533,2,,1,0,0,0.0,0.0,0.0,16,19,11.0,,
00-0010560,Shane Matthews,QB,CHI,1999,4,39,25,-2.657,3,,3,0,0,0.0,0.0,0.0,28,28,13.3,,
00-0010560,Shane Matthews,QB,CHI,1999,5,28,19,10.727,0,,1,0,0,0.0,0.0,,33,33,16.0,,
00-0010560,Shane Matthews,QB,CHI,1999,8,23,13,-7.666,1,,1,0,0,0.0,0.0,0.0,26,29,2.5,,
00-0010560,Shane Matthews,QB,CHI,1999,13,36,20,-2.754,3,,3,0,0,0.0,0.0,0.0,24,26,7.6,,
00-0010560,Shane Matthews,QB,CHI,1999,16,39,23,-2.303,0,,1,0,0,0.0,0.0,,17,18,16.6,,
00-0010598,Alonzo Mayes,TE,CHI,1999,1,0,0,0.0,0,,0,1,0,0.0,0.0217,,28,27,0.0,,
00-0010598,Alonzo Mayes,TE,CHI,1999,2,0,0,0.0,0,,0,2,1,0.0,0.0455,,30,29,2.1,,
00-0010598,Alonzo Mayes,TE,CHI,1999,4,0,0,0.0,0,,0,2,1,0.0,0.0465,0.0,28,28,1.3,,
00-0010598,Alonzo Mayes,TE,CHI,1999,5,0,0,0.0,0,,0,1,1,0.0,0.0238,,33,33,2.2,,
00-0010598,Alonzo Mayes,TE,CHI,1999,6,0,0,0.0,0,,0,1,1,10,0.0303,0.0295,29,27,2.6,,
00-0010598,Alonzo Mayes,TE,CHI,1999,11,0,0,0.0,0,,0,5,2,0.0,0.1282,,28,27,3.3,,
00-0010598,Alonzo Mayes,TE,CHI,1999,12,0,0,0.0,0,,0,1,1,0.0,0.0256,0.0,12,15,7.3,,
00-0010598,Alonzo Mayes,TE,CHI,1999,13,0,0,0.0,0,,0,1,0,0.0,0.0256,0.0,24,26,0.0,,
00-0010598,Alonzo Mayes,TE,CHI,1999,16,0,0,0.0,0,,0,1,1,0.0,0.0185,,17,18,3.4,,
00-0010599,Derrick Mayes,WR,SEA,1999,1,0,0,0.0,0,,0,8,3,0.0,0.2759,,16,17,8.4,,
00-0010599,Derrick Mayes,WR,SEA,1999,2,0,0,0.0,0,,0,11,7,0.0,0.3667,,28,26,26.7,,
00-0010599,Derrick Mayes,WR,SEA,1999,3,0,0,0.0,0,,0,5,3,0.0,0.1724,,34,31,5.8,,
00-0010599,Derrick Mayes,WR,SEA,1999,4,0,0,0.0,0,,0,4,2,0.0,0.1333,0.0,26,29,11.6,,
00-0010599,Derrick Mayes,WR,SEA,1999,6,0,0,0.0,0,,0,8,4,0.0,0.2963,0.0,27,23,7.2,,
00-0010599,Derrick Mayes,WR,SEA,1999,7,0,0,0.0,0,,0,7,6,0.0,0.2333,,32,26,28.5,,
00-0010599,Derrick Mayes,WR,SEA,1999,8,0,0,0.0,0,,0,7,4,0.0,0.3684,,36,32,13.6,,
00-0010599,Derrick Mayes,WR,SEA,1999,9,0,0,0.0,0,,0,5,5,0.0,0.2083,0.0,37,37,17.1,,
00-0010599,Derrick Mayes,WR,SEA,1999,10,0,0,0.0,0,,0,8,4,22,0.2581,1.0,21,20,13.9,,
00-0010599,Derrick Mayes,WR,SEA,1999,11,0,0,0.0,0,,0,3,0,23,0.1,1.0,32,29,0.0,,
00-0010599,Derrick Mayes,WR,SEA,1999,12,0,0,0.0,0,,0,5,3,0.0,0.1471,0.0,22,21,6.5,,
00-0010599,Derrick Mayes,WR,SEA,1999,13,0,0,0.0,0,,0,6,5,0.0,0.1579,0.0,19,20,10.6,,
00-0010599,Derrick Mayes,WR,SEA,1999,14,0,0,0.0,0,,0,9,5,0.0,0.2368,0.0,21,22,16.8,,
00-0010599,Derrick Mayes,WR,SEA,1999,15,0,0,0.0,0,,0,7,4,0.0,0.1707,,17,19,17.0,,
00-0010599,Derrick Mayes,WR,SEA,1999,16,0,0,0.0,0,,0,2,2,0.0,0.069,,28,27,9.8,,
00-0010599,Derrick Mayes,WR,SEA,1999,17,0,0,0.0,0,,0,8,5,0.0,0.186,0.0,12,12,11.4,,
00-0010650,Ed McCaffrey,WR,DEN,1999,1,0,0,0.0,0,,0,11,6,0.0,0.2821,,26,28,34.5,,
00-0010650,Ed McCaffrey,WR,DEN,1999,2,0,0,0.0,0,,0,9,4,0.0,0.3103,0.0,26,32,8.4,,
00-0010650,Ed McCaffrey,WR,DEN,1999,3,0,0,0.0,0,,0,4,3,0.0,0.1481,0.0,20,21,11.6,,
00-0010650,Ed McCaffrey,WR,DEN,1999,4,0,0,0.0,0,,0,5,3,0.0,0.1515,0.0,29,30,4.7,,
00-0010650,Ed McCaffrey,WR,DEN,1999,5,0,0,0.0,0,,0,9,5,17,0.3,1.0,28,23,13.8,,
00-0010650,Ed McCaffrey,WR,DEN,1999,6,0,0,0.0,0,,0,5,5,0.0,0.1724,0.0,51,50,28.6,,
00-0010650,Ed McCaffrey,WR,DEN,1999,7,0,0,0.0,0,,0,8,5,0.0,0.2105,,27,30,16.1,,
00-0010650,Ed McCaffrey,WR,DEN,1999,8,0,0,0.0,0,,0,4,2,0.0,0.1111,0.0,30,24,3.8,,
00-0010650,Ed McCaffrey,WR,DEN,1999,10,0,0,0.0,0,,0,9,6,13,0.3,0.7647,31,32,24.5,,
00-0010650,Ed McCaffrey,WR,DEN,1999,11,0,0,0.0,0,,0,13,7,0.0,0.3333,,30,25,15.2,,
00-0010650,Ed McCaffrey,WR,DEN,1999,13,0,0,0.0,0,,0,7,3,0.0,0.2059,0.0,18,25,9.6,,
00-0010650,Ed McCaffrey,WR,DEN,1999,14,0,0,0.0,0,,0,8,6,4,0.2424,0.2857,27,27,12.1,,
00-0010650,Ed McCaffrey,WR,DEN,1999,15,0,0,0.0,0,,0,7,3,25,0.1795,1.0,33,36,7.0,,
00-0010650,Ed McCaffrey,WR,DEN,1999,16,0,0,0.0,0,,0,11,7,0.0,0.3793,0.0,36,34,13.5,,
00-0010650,Ed McCaffrey,WR,DEN,1999,17,0,0,0.0,0,,0,13,6,0.0,0.2955,,22,25,11.4,,
00-0010668,Keenan McCardell,WR,JAX,1999,1,0,0,0.0,0,,0,10,8,0.0,0.3226,,34,32,15.8,,
00-0010668,Keenan McCardell,WR,JAX,1999,2,0,0,0.0,0,,0,6,2,0.0,0.2,,46,42,4.2,,
00-0010668,Keenan McCardell,WR,JAX,1999,3,0,0,0.0,0,,0,10,4,3,0.25,0.0882,33,29,9.5,,
00-0010668,Keenan McCardell,WR,JAX,1999,4,0,0,0.0,0,,0,10,3,0.0,0.4167,0.0,35,32,11.4,,
00-0010668,Keenan McCardell,WR,JAX,1999,5,0,0,0.0,0,,0,8,4,0.0,0.2581,,34,37,10.0,,
00-0010668,Keenan McCardell,WR,JAX,1999,6,0,0,0.0,0,,0,8,7,0.0,0.2424,-0.0,33,35,14.6,,
00-0010668,Keenan McCardell,WR,JAX,1999,8,0,0,0.0,0,,0,6,1,0.0,0.2143,,34,35,9.3,,
00-0010668,Keenan McCardell,WR,JAX,1999,9,0,0,0.0,0,,0,17,9,0.0,0.5,,34,33,21.2,,
00-0010668,Keenan McCardell,WR,JAX,1999,10,0,0,0.0,0,,0,6,4,0.0,0.2069,,26,28,5.8,,
00-0010668,Keenan McCardell,WR,JAX,1999,11,0,0,0.0,0,,0,6,2,6,0.1875,1.0,27,27,3.9,,
00-0010668,Keenan McCardell,WR,JAX,1999,12,0,0,0.0,0,,0,13,8,0.0,0.2766,0.0,25,23,26.2,,
00-0010668,Keenan McCardell,WR,JAX,1999,13,0,0,0.0,0,,0,10,5,0.0,0.2703,,34,33,16.3,,
00-0010668,Keenan McCardell,WR,JAX,1999,14,0,0,0.0,0,,0,5,2,0.0,0.2,,32,27,3.3,,
00-0010668,Keenan McCardell,WR,JAX,1999,15,0,0,0.0,0,,0,12,8,0.0,0.3636,0.0,33,32,17.6,,
00-0010668,Keenan McCardell,WR,JAX,1999,16,0,0,0.0,0,,0,7,2,38,0.2188,0.4419,18,17,4.2,,
00-0010668,Keenan McCardell,WR,JAX,1999,17,0,0,0.0,0,,0,13,9,0.0,0.3421,,36,35,25.8,,
00-0010747,Fred McCrary,RB,LAC,1999,2,0,0,0.0,0,,0,1,1,0.0,0.0333,,35,38,1.5,,
00-0010747,Fred McCrary,RB,LAC,1999,4,0,0,0.0,0,,0,4,2,0.0,0.1481,0.0,17,24,3.5,,
00-0010747,Fred McCrary,RB,LAC,1999,5,0,0,0.0,0,,0,4,4,0.0,0.1176,0.0,24,32,5.7,,
00-0010747,Fred McCrary,RB,LAC,1999,6,0,0,0.0,0,,0,1,1,0.0,0.0233,0.0,21,33,1.5,,
00-0010747,Fred McCrary,RB,LAC,1999,7,0,0,0.0,0,,0,2,1,0.0,0.037,0.0,27,30,0.9,,
00-0010747,Fred McCrary,RB,LAC,1999,8,0,0,0.0,0,,0,6,4,0.0,0.1935,0.0,20,26,6.5,,
00-0010747,Fred McCrary,RB,LAC,1999,9,0,0,0.0,0,,0,4,4,0.0,0.1081,0.0,19,27,4.4,,
00-0010747,Fred McCrary,RB,LAC,1999,10,0,0,0.0,0,,0,2,2,0.0,0.0645,,16,19,3.4,,
00-0010747,Fred McCrary,RB,LAC,1999,11,0,0,0.0,0,,0,6,2,0.0,0.1333,,27,35,3.3,,
00-0010747,Fred McCrary,RB,LAC,1999,12,0,0,0.0,0,,0,4,4,0.0,0.1026,0.0,20,26,6.1,,
00-0010747,Fred McCrary,RB,LAC,1999,13,0,0,0.0,0,,0,5,4,0.0,0.2381,,44,42,5.8,,
00-0010747,Fred McCrary,RB,LAC,1999,14,0,0,0.0,0,,0,3,1,0.0,0.0882,0.0,39,44,1.1,,
00-0010747,Fred McCrary,RB,LAC,1999,15,0,0,0.0,0,,0,2,2,0.0,0.0556,,21,31,2.4,,
00-0010747,Fred McCrary,RB,LAC,1999,16,0,0,0.0,0,,0,3,2,0.0,0.0833,0.0,21,23,10.1,,
00-0010747,Fred McCrary,RB,LAC,1999,17,0,0,0.0,0,,0,3,3,0.0,0.1304,0.0,34,39,6.9,,
00-0010762,Andy McCullough,WR,ARI,1999,3,0,0,0.0,0,,0,4,2,0.0,0.1379,0.0,29,25,6.3,,
00-0010762,Andy McCullough,WR,ARI,1999,4,0,0,0.0,0,,0,2,1,12,0.0513,0.2,21,25,1.2,,
00-0010796,Darnell McDonald,WR,TB,1999,1,0,0,0.0,0,,0,1,1,0.0,0.0256,0.0,27,19,1.6,,
00-0010796,Darnell McDonald,WR,TB,1999,4,0,0,0.0,0,,0,1,0,0.0,0.0263,0.0,24,20,0.0,,
00-0010796,Darnell McDonald,WR,TB,1999,7,0,0,0.0,0,,0,4,3,0.0,0.1481,,28,14,4.7,,
00-0010796,Darnell McDonald,WR,TB,1999,8,0,0,0.0,0,,0,4,1,0.0,0.093,,22,21,2.1,,
00-0010796,Darnell McDonald,WR,TB,1999,9,0,0,0.0,0,,0,3,3,9,0.15,1.0,40,15,13.7,,
00-0010796,Darnell McDonald,WR,TB,1999,10,0,0,0.0,0,,0,1,0,0.0,0.0385,0.0,37,20,0.0,,
00-0010796,Darnell McDonald,WR,TB,1999,17,0,0,0.0,0,,0,1,1,0.0,0.0417,,40,17,2.5,,
00-0010824,O.J. McDuffie,WR,MIA,1999,1,0,0,0.0,0,,0,7,4,0.0,0.3182,,33,31,15.4,,
00-0010824,O.J. McDuffie,WR,MIA,1999,2,0,0,0.0,0,,0,9,4,0.0,0.2647,0.0,31,31,10.5,,
00-0010824,O.J. McDuffie,WR,MIA,1999,4,0,0,0.0,0,,0,14,7,0.0,0.3333,0.0,24,28,19.4,,
00-0010824,O.J. McDuffie,WR,MIA,1999,5,0,0,0.0,0,,0,5,4,0.0,0.1316,,28,27,8.2,,
00-0010824,O.J. McDuffie,WR,MIA,1999,6,0,0,0.0,0,,0,5,3,0.0,0.119,0.0,32,34,5.0,,
00-0010824,O.J. McDuffie,WR,MIA,1999,7,0,0,0.0,0,,0,4,4,0.0,0.2,0.0,39,35,8.1,,
00-0010824,O.J. McDuffie,WR,MIA,1999,8,0,0,0.0,0,,0,6,2,0.0,0.1935,,42,42,7.4,,
00-0010824,O.J. McDuffie,WR,MIA,1999,9,0,0,0.0,0,,0,6,4,0.0,0.25,,27,28,8.1,,
00-0010824,O.J. McDuffie,WR,MIA,1999,10,0,0,0.0,0,,0,7,2,6,0.28,1.0,19,20,4.1,,
00-0010824,O.J. McDuffie,WR,MIA,1999,11,0,0,0.0,0,,0,2,1,0.0,0.0625,,36,34,1.5,,
00-0010824,O.J. McDuffie,WR,MIA,1999,15,0,0,0.0,0,,0,3,1,0.0,0.0882,,23,24,2.0,,
00-0010824,O.J. McDuffie,WR,MIA,1999,16,0,0,0.0,0,,0,12,7,2,0.2308,0.0392,24,28,14.9,,
00-0010843,Wane McGarity,WR,DAL,1999,1,0,0,0.0,0,,0,2,0,8,0.0408,0.2051,34,37,0.0,,
00-0010843,Wane McGarity,WR,DAL,1999,2,0,0,0.0,0,,0,3,0,0.0,0.1429,0.0,37,37,0.0,,
00-0010843,Wane McGarity,WR,DAL,1999,6,0,0,0.0,0,,0,6,3,9,0.1875,1.0,25,26,6.6,,
00-0010843,Wane McGarity,WR,DAL,1999,12,0,0,0.0,0,,0,4,1,0.0,0.1481,,34,32,1.3,,
00-0010843,Wane McGarity,WR,DAL,1999,13,0,0,0.0,0,,0,4,3,0.0,0.1379,,23,24,6.1,,
00-0010859,Tony McGee,TE,CIN,1999,1,0,0,0.0,0,,0,2,2,0.0,0.0606,0.0,42,33,9.4,,
00-0010859,Tony McGee,TE,CIN,1999,2,0,0,0.0,0,,0,3,2,0.0,0.1,0.0,17,16,11.2,,
00-0010859,Tony McGee,TE,CIN,1999,3,0,0,0.0,0,,0,3,1,0.0,0.0698,0.0,28,26,3.4,,
00-0010859,Tony McGee,TE,CIN,1999,4,0,0,0.0,0,,0,4,1,0.0,0.1,0.0,26,23,2.5,,
00-0010859,Tony McGee,TE,CIN,1999,5,0,0,0.0,0,,0,3,3,0.0,0.0769,,36,35,6.3,,
00-0010859,Tony McGee,TE,CIN,1999,6,0,0,0.0,0,,0,3,1,0.0,0.0857,-0.0,20,19,1.7,,
00-0010859,Tony McGee,TE,CIN,1999,7,0,0,0.0,0,,0,2,0,0.0,0.0645,,26,24,0.0,,
00-0010859,Tony McGee,TE,CIN,1999,8,0,0,0.0,0,,0,5,2,0.0,0.1429,0.0,23,24,3.8,,
00-0010859,Tony McGee,TE,CIN,1999,9,0,0,0.0,0,,0,8,5,0.0,0.2162,-0.0,23,21,12.7,,
00-0010859,Tony McGee,TE,CIN,1999,10,0,0,0.0,0,,0,2,2,0.0,0.0625,,19,17,6.9,,
00-0010859,Tony McGee,TE,CIN,1999,11,0,0,0.0,0,,0,4,2,0.0,0.1111,0.0,23,18,3.8,,
00-0010859,Tony McGee,TE,CIN,1999,12,0,0,0.0,0,,0,1,0,11,0.0357,1.0,35,32,0.0,,
00-0010859,Tony McGee,TE,CIN,1999,13,0,0,0.0,0,,0,2,1,0.0,0.069,,28,31,2.2,,
00-0010859,Tony McGee,TE,CIN,1999,14,0,0,0.0,0,,0,4,3,0.0,0.1818,,53,46,5.7,,
00-0010859,Tony McGee,TE,CIN,1999,16,0,0,0.0,0,,0,1,1,0.0,0.0278,0.0,25,27,2.8,,
00-0010859,Tony McGee,TE,CIN,1999,17,0,0,0.0,0,,0,2,0,0.0,0.087,0.0,18,18,0.0,,
00-0010892,Travis McGriff,WR,DEN,1999,5,0,0,0.0,0,,0,1,0,0.0,0.0333,0.0,28,23,0.0,,
00-0010892,Travis McGriff,WR,DEN,1999,8,0,0,0.0,0,,0,2,1,0.0,0.0556,0.0,30,24,2.5,,
00-0010892,Travis McGriff,WR,DEN,1999,11,0,0,0.0,0,,0,2,1,0.0,0.0513,,30,25,1.9,,
00-0010892,Travis McGriff,WR,DEN,1999,15,0,0,0.0,0,,0,1,0,0.0,0.0256,0.0,33,36,0.0,,
00-0010892,Travis McGriff,WR,DEN,1999,17,0,0,0.0,0,,0,1,1,0.0,0.0227,,22,25,2.3,,
00-0010942,Kevin McKenzie,WR,MIA,1999,17,0,0,0.0,0,,0,3,2,7,0.06,0.1373,26,29,1.8,,
00-0010951,Dennis McKinley,RB,ARI,1999,8,0,0,0.0,0,,0,1,1,0.0,0.0256,,19,21,1.4,,
00-0010951,Dennis McKinley,RB,ARI,1999,13,0,0,0.0,0,,0,1,0,0.0,0.027,0.0,19,18,0.0,,
00-0010994,Kevin McLeod,RB,TB,1999,14,0,0,0.0,0,,0,1,1,0.0,0.0294,0.0,19,15,7.3,,
00-0010994,Kevin McLeod,RB,TB,1999,15,0,0,0.0,0,,0,2,1,0.0,0.0714,0.0,19,17,1.2,,
00-0011022,Donovan McNabb,QB,PHI,1999,2,11,4,-12.175,6,,5,0,0,0.0,0.0,0.0,20,15,4.8,,
00-0011022,Donovan McNabb,QB,PHI,1999,3,11,6,-2.556,0,,1,0,0,0.0,0.0,,12,18,2.4,,
00-0011022,Donovan McNabb,QB,PHI,1999,4,7,3,-3.689,4,,1,0,0,0.0,0.0,0.0,26,24,2.8,,
00-0011022,Donovan McNabb,QB,PHI,1999,8,2,1,-1.846,0,,0,0,0,0.0,0.0,-0.0,31,30,0.0,,
00-0011022,Donovan McNabb,QB,PHI,1999,9,20,8,-11.328,2,,3,0,0,0.0,0.0,0.0,23,21,0.8,,
00-0011022,Donovan McNabb,QB,PHI,1999,10,21,8,-7.541,3,,9,0,0,0.0,0.0,,42,34,11.3,,
00-0011022,Donovan McNabb,QB,PHI,1999,11,36,19,-19.678,4,,3,0,0,0.0,0.0,0.0,20,22,1.9,,
00-0011022,Donovan McNabb,QB,PHI,1999,12,28,16,5.827,2,,8,0,0,0.0,0.0,,28,28,22.0,,
00-0011022,Donovan McNabb,QB,PHI,1999,13,31,19,-8.164,1,,9,1,1,0.0,0.0323,0.0,37,34,17.4,,
00-0011022,Donovan McNabb,QB,PHI,1999,14,17,7,-14.37,3,,3,0,0,0.0,0.0,0.0,24,23,0.4,,
00-0011022,Donovan McNabb,QB,PHI,1999,17,32,15,-4.732,3,,5,0,0,0.0,0.0,0.0,23,21,15.9,,
00-0011024,Steve McNair,QB,TEN,1999,1,32,21,10.763,2,,6,0,0,0.0,0.0,0.0,18,15,30.3,,
00-0011024,Steve McNair,QB,TEN,1999,8,29,13,-1.622,1,,12,0,0,0.0,0.0,,31,22,25.0,,
00-0011024,Steve McNair,QB,TEN,1999,9,42,22,-14.841,4,,7,0,0,0.0,0.0,0.0,23,20,5.5,,
00-0011024,Steve McNair,QB,TEN,1999,10,25,12,-4.5,1,,5,0,0,0.0,0.0,,37,31,11.5,,
00-0011024,Steve McNair,QB,TEN,1999,11,26,14,-2.061,0,,10,0,0,0.0,0.0,0.0,32,23,18.0,,
00-0011024,Steve McNair,QB,TEN,1999,12,36,18,2.946,0,,7,0,0,0.0,0.0,,33,29,17.7,,
00-0011024,Steve McNair,QB,TEN,1999,13,48,28,-7.453,4,,6,0,0,0.0,0.0,0.0,14,16,12.8,,
00-0011024,Steve McNair,QB,TEN,1999,14,20,12,-4.472,2,,4,0,0,0.0,0.0,0.0,33,34,9.1,,
00-0011024,Steve McNair,QB,TEN,1999,15,29,15,2.556,2,,9,0,0,0.0,0.0,,28,24,26.2,,
00-0011024,Steve McNair,QB,TEN,1999,16,33,23,22.127,0,,4,0,0,0.0,0.0,,37,33,35.0,,
00-0011024,Steve McNair,QB,TEN,1999,17,11,9,6.894,0,,2,0,0,0.0,0.0,0.0,33,29,9.7,,
00-0011044,Cade McNown,QB,CHI,1999,1,9,6,4.992,0,,0,0,0,0.0,0.0,,28,27,3.1,,
00-0011044,Cade McNown,QB,CHI,1999,2,2,1,-1.596,0,,0,0,0,0.0,0.0,,30,29,0.2,,
00-0011044,Cade McNown,QB,CHI,1999,3,5,3,-0.244,1,,0,0,0,0.0,0.0,0.0,16,19,1.5,,
00-0011044,Cade McNown,QB,CHI,1999,4,4,0,-3.624,0,,1,0,0,0.0,0.0,0.0,28,28,0.2,,
00-0011044,Cade McNown,QB,CHI,1999,5,14,9,2.432,1,,2,0,0,0.0,0.0,,33,33,5.6,,
00-0011044,Cade McNown,QB,CHI,1999,6,33,17,-7.716,4,,4,0,0,0.0,0.0,0.0,29,27,12.5,,
00-0011044,Cade McNown,QB,CHI,1999,7,23,9,-9.601,2,,3,0,0,0.0,0.0,0.0,24,23,2.3,,
00-0011044,Cade McNown,QB,CHI,1999,8,40,23,9.118,2,,2,0,0,0.0,0.0,0.0,26,29,17.9,,
00-0011044,Cade McNown,QB,CHI,1999,9,5,2,-1.213,0,,1,0,0,0.0,0.0,0.0,29,27,0.6,,
00-0011044,Cade McNown,QB,CHI,1999,11,1,0,-0.788,0,,0,0,0,0.0,0.0,,28,27,0.0,,
00-0011044,Cade McNown,QB,CHI,1999,12,2,0,-1.151,0,,1,0,0,0.0,0.0,0.0,12,15,0.9,,
00-0011044,Cade McNown,QB,CHI,1999,13,3,1,-3.001,0,,1,0,0,0.0,0.0,0.0,24,26,0.7,,
00-0011044,Cade McNown,QB,CHI,1999,15,36,27,12.159,2,,9,0,0,0.0,0.0,0.0,32,23,27.6,,
00-0011044,Cade McNown,QB,CHI,1999,16,16,9,-7.034,4,,3,0,0,0.0,0.0,,17,18,2.8,,
00-0011044,Cade McNown,QB,CHI,1999,17,42,20,-13.065,2,,5,0,0,0.0,0.0,0.0,18,15,6.7,,
00-0011068,Johnny McWilliams,TE,ARI,1999,3,0,0,0.0,0,,0,2,1,0.0,0.069,0.0,29,25,1.7,,
00-0011068,Johnny McWilliams,TE,ARI,1999,4,0,0,0.0,0,,0,2,1,0.0,0.0513,0.0,21,25,1.3,,
00-0011068,Johnny McWilliams,TE,ARI,1999,8,0,0,0.0,0,,0,1,0,0.0,0.0256,,19,21,0.0,,
00-0011068,Johnny McWilliams,TE,ARI,1999,9,0,0,0.0,0,,0,2,2,0.0,0.0769,,18,21,3.2,,
00-0011068,Johnny McWilliams,TE,ARI,1999,10,0,0,0.0,0,,0,2,1,0.0,0.069,,32,29,1.3,,
00-0011068,Johnny McWilliams,TE,ARI,1999,11,0,0,0.0,0,,0,1,1,0.0,0.04,0.0,30,26,1.3,,
00-0011068,Johnny McWilliams,TE,ARI,1999,12,0,0,0.0,0,,0,4,1,0.0,0.1143,,34,36,7.9,,
00-0011068,Johnny McWilliams,TE,ARI,1999,13,0,0,0.0,0,,0,2,2,0.0,0.0541,0.0,19,18,3.6,,
00-0011068,Johnny McWilliams,TE,ARI,1999,14,0,0,0.0,0,,0,1,0,0.0,0.0333,0.0,14,17,0.0,,
00-0011068,Johnny McWilliams,TE,ARI,1999,16,0,0,0.0,0,,0,1,1,0.0,0.0417,0.0,24,18,2.1,,
00-0011068,Johnny McWilliams,TE,ARI,1999,17,0,0,0.0,0,,0,2,1,0.0,0.0357,0.0,24,30,1.7,,
00-0011081,Natrone Means,RB,LAC,1999,2,0,0,0.0,0,,27,2,2,0.0,0.0667,,35,38,17.3,,
00-0011081,Natrone Means,RB,LAC,1999,3,0,0,0.0,0,,19,5,2,0.0,0.1471,0.0,25,23,15.5,,
00-0011081,Natrone Means,RB,LAC,1999,4,0,0,0.0,0,,14,2,2,0.0,0.0741,0.0,17,24,11.1,,
00-0011081,Natrone Means,RB,LAC,1999,6,0,0,0.0,0,,17,3,2,0.0,0.0698,0.0,21,33,12.2,,
00-0011081,Natrone Means,RB,LAC,1999,7,0,0,0.0,0,,12,0,0,0.0,0.0,0.0,27,30,2.8,,
00-0011081,Natrone Means,RB,LAC,1999,14,0,0,0.0,0,,14,1,1,0.0,0.0294,0.0,39,44,12.1,,
00-0011081,Natrone Means,RB,LAC,1999,15,0,0,0.0,0,,9,0,0,0.0,0.0,,21,31,0.8,,
00-0011151,Eric Metcalf,WR,CAR,1999,4,0,0,0.0,0,,0,1,1,0.0,0.0217,0.0,19,20,2.9,,
00-0011151,Eric Metcalf,WR,CAR,1999,6,0,0,0.0,0,,0,7,3,36,0.1944,0.1885,27,25,4.9,,
00-0011151,Eric Metcalf,WR,CAR,1999,7,0,0,0.0,0,,1,1,0,0.0,0.0213,0.0,21,23,1.7,,
00-0011151,Eric Metcalf,WR,CAR,1999,8,0,0,0.0,0,,0,6,3,0.0,0.1875,0.0,18,22,6.2,,
00-0011151,Eric Metcalf,WR,CAR,1999,9,0,0,0.0,0,,0,2,2,0.0,0.0588,,36,30,6.8,,
00-0011151,Eric Metcalf,WR,CAR,1999,11,0,0,0.0,0,,1,0,0,0.0,0.0,,31,26,0.3,,
00-0011151,Eric Metcalf,WR,CAR,1999,12,0,0,0.0,0,,0,1,1,0.0,0.037,,38,36,1.7,,
00-0011151,Eric Metcalf,WR,CAR,1999,13,0,0,0.0,0,,0,2,1,0.0,0.0476,0.0,16,15,1.8,,
00-0011151,Eric Metcalf,WR,CAR,1999,15,0,0,0.0,0,,0,1,0,0.0,0.0263,,26,22,0.0,,
00-0011151,Eric Metcalf,WR,CAR,1999,17,0,0,0.0,0,,0,1,0,0.0,0.0244,,14,16,0.0,,
00-0011187,Terry Mickens,WR,LV,1999,1,0,0,0.0,0,,0,1,0,0.0,0.0357,0.0,32,35,0.0,,
00-0011187,Terry Mickens,WR,LV,1999,2,0,0,0.0,0,,0,3,1,0.0,0.0909,,33,32,2.2,,
00-0011187,Terry Mickens,WR,LV,1999,3,0,0,0.0,0,,0,2,1,0.0,0.0588,,26,25,2.5,,
00-0011187,Terry Mickens,WR,LV,1999,4,0,0,0.0,0,,0,3,1,0.0,0.0938,0.0,32,37,4.0,,
00-0011187,Terry Mickens,WR,LV,1999,5,0,0,0.0,0,,0,3,2,10,0.0833,0.5,24,27,4.2,,
00-0011187,Terry Mickens,WR,LV,1999,6,0,0,0.0,0,,0,1,1,10,0.0455,0.0746,48,47,2.2,,
00-0011187,Terry Mickens,WR,LV,1999,7,0,0,0.0,0,,0,6,4,0.0,0.1176,0.0,23,20,8.2,,
00-0011187,Terry Mickens,WR,LV,1999,8,0,0,0.0,0,,0,4,0,10,0.129,1.0,19,20,0.0,,
00-0011187,Terry Mickens,WR,LV,1999,11,0,0,0.0,0,,0,2,1,0.0,0.0625,0.0,29,27,-0.1,,
00-0011187,Terry Mickens,WR,LV,1999,13,0,0,0.0,0,,0,3,2,0.0,0.125,0.0,41,38,5.3,,
00-0011187,Terry Mickens,WR,LV,1999,14,0,0,0.0,0,,0,3,2,0.0,0.1071,0.0,22,26,4.5,,
00-0011187,Terry Mickens,WR,LV,1999,15,0,0,0.0,0,,0,2,1,0.0,0.0714,,37,38,1.9,,
00-0011187,Terry Mickens,WR,LV,1999,16,0,0,0.0,0,,0,4,2,0.0,0.1212,0.0,24,22,4.6,,
00-0011187,Terry Mickens,WR,LV,1999,17,0,0,0.0,0,,0,3,2,0.0,0.0698,0.0,30,37,4.6,,
00-0011213,Glyn Milburn,WR,CHI,1999,1,0,0,0.0,0,,2,3,1,0.0,0.0652,,28,27,2.9,,
00-0011213,Glyn Milburn,WR,CHI,1999,2,0,0,0.0,0,,2,4,2,0.0,0.0909,,30,29,5.8,,
00-0011213,Glyn Milburn,WR,CHI,1999,3,0,0,0.0,0,,0,2,2,0.0,0.0571,0.0,16,19,2.9,,
00-0011213,Glyn Milburn,WR,CHI,1999,5,0,0,0.0,0,,1,3,2,0.0,0.0714,,33,33,3.1,,
00-0011213,Glyn Milburn,WR,CHI,1999,6,0,0,0.0,0,,1,0,0,0.0,0.0,0.0,29,27,0.4,,
00-0011213,Glyn Milburn,WR,CHI,1999,8,0,0,0.0,0,,1,7,6,0.0,0.1228,0.0,26,29,11.9,,
00-0011213,Glyn Milburn,WR,CHI,1999,9,0,0,0.0,0,,3,2,2,0.0,0.0588,0.0,29,27,13.5,,
00-0011213,Glyn Milburn,WR,CHI,1999,10,0,0,0.0,0,,2,2,2,4,0.0417,0.0137,22,27,1.9,,
00-0011213,Glyn Milburn,WR,CHI,1999,11,0,0,0.0,0,,1,0,0,0.0,0.0,,28,27,-0.4,,
00-0011213,Glyn Milburn,WR,CHI,1999,12,0,0,0.0,0,,1,2,1,0.0,0.0513,0.0,12,15,5.0,,
00-0011213,Glyn Milburn,WR,CHI,1999,13,0,0,0.0,0,,0,3,2,0.0,0.0769,0.0,24,26,4.5,,
00-0011213,Glyn Milburn,WR,CHI,1999,15,0,0,0.0,0,,1,0,0,0.0,0.0,0.0,32,23,-0.1,,
00-0011213,Glyn Milburn,WR,CHI,1999,16,0,0,0.0,0,,0,1,0,0.0,0.0185,,17,18,0.0,,
00-0011213,Glyn Milburn,WR,CHI,1999,17,0,0,0.0,0,,1,1,0,0.0,0.0244,0.0,18,15,-0.1,,
00-0011224,Itula Mili,TE,SEA,1999,2,0,0,0.0,0,,0,2,1,0.0,0.0667,,28,26,-0.6,,
00-0011224,Itula Mili,TE,SEA,1999,4,0,0,0.0,0,,0,2,1,0.0,0.0667,0.0,26,29,1.8,,
00-0011224,Itula Mili,TE,SEA,1999,6,0,0,0.0,0,,0,1,1,0.0,0.037,0.0,27,23,7.1,,
00-0011224,Itula Mili,TE,SEA,1999,8,0,0,0.0,0,,0,1,1,0.0,0.0526,,36,32,1.7,,
00-0011224,Itula Mili,TE,SEA,1999,11,0,0,0.0,0,,0,1,0,0.0,0.0333,0.0,32,29,0.0,,
00-0011224,Itula Mili,TE,SEA,1999,15,0,0,0.0,0,,0,2,1,0.0,0.0488,,17,19,1.8,,
00-0011224,Itula Mili,TE,SEA,1999,17,0,0,0.0,0,,0,1,0,15,0.0233,0.3061,12,12,0.0,,
00-0011236,Billy Miller,TE,DEN,1999,7,0,0,0.0,0,,0,1,1,0.0,0.0263,,27,30,2.1,,
00-0011236,Billy Miller,TE,DEN,1999,8,0,0,0.0,0,,0,1,1,0.0,0.0278,0.0,30,24,1.4,,
00-0011236,Billy Miller,TE,DEN,1999,9,0,0,0.0,0,,0,4,2,0.0,0.1739,,31,35,5.6,,
00-0011236,Billy Miller,TE,DEN,1999,10,0,0,0.0,0,,0,1,0,0.0,0.0333,0.0,31,32,0.0,,
00-0011236,Billy Miller,TE,DEN,1999,11,0,0,0.0,0,,0,2,1,0.0,0.0513,,30,25,1.8,,
00-0011236,Billy Miller,TE,DEN,1999,13,0,0,0.0,0,,0,1,0,0.0,0.0294,0.0,18,25,0.0,,
00-0011244,Chris Miller,QB,DEN,1999,9,24,14,-2.043,5,,0,0,0,0.0,0.0,,31,35,6.6,,
00-0011244,Chris Miller,QB,DEN,1999,10,30,20,3.081,1,,4,0,0,0.0,0.0,0.0,31,32,17.6,,
00-0011244,Chris Miller,QB,DEN,1999,11,27,12,-6.924,1,,4,0,0,0.0,0.0,,30,25,6.9,,
00-0011276,Jim Miller,QB,CHI,1999,7,22,10,2.425,0,,0,0,0,0.0,0.0,0.0,24,23,2.7,,
00-0011276,Jim Miller,QB,CHI,1999,9,29,16,-0.384,1,,0,0,0,0.0,0.0,0.0,29,27,3.7,,
00-0011276,Jim Miller,QB,CHI,1999,10,48,34,9.72,3,,0,0,0,0.0,0.0,0.0,22,27,24.9,,
00-0011276,Jim Miller,QB,CHI,1999,11,38,25,16.892,1,,2,0,0,0.0,0.0,,28,27,19.2,,
00-0011276,Jim Miller,QB,CHI,1999,12,37,25,-6.307,2,,1,0,0,0.0,0.0,0.0,12,15,14.2,,
00-0011328,Ernie Mills,WR,DAL,1999,1,0,0,0.0,0,,0,4,3,0.0,0.0816,0.0,34,37,5.4,,
00-0011328,Ernie Mills,WR,DAL,1999,2,0,0,0.0,0,,0,2,1,0.0,0.0952,0.0,37,37,1.8,,
00-0011328,Ernie Mills,WR,DAL,1999,4,0,0,0.0,0,,0,4,2,0.0,0.2,,39,36,4.3,,
00-0011328,Ernie Mills,WR,DAL,1999,5,0,0,0.0,0,,0,7,2,0.0,0.1795,0.0,32,37,3.6,,
00-0011328,Ernie Mills,WR,DAL,1999,6,0,0,0.0,0,,0,7,6,0.0,0.2188,0.0,25,26,13.6,,
00-0011328,Ernie Mills,WR,DAL,1999,7,0,0,0.0,0,,0,4,3,0.0,0.125,,34,36,5.4,,
00-0011328,Ernie Mills,WR,DAL,1999,8,0,0,0.0,0,,0,4,4,0.0,0.16,,26,31,7.7,,
00-0011328,Ernie Mills,WR,DAL,1999,9,0,0,0.0,0,,0,5,3,0.0,0.1429,0.0,24,26,6.1,,
00-0011328,Ernie Mills,WR,DAL,1999,10,0,0,0.0,0,,0,5,2,39,0.2174,1.0,34,34,6.9,,
00-0011328,Ernie Mills,WR,DAL,1999,11,0,0,0.0,0,,0,6,3,0.0,0.2222,,34,35,5.6,,
00-0011328,Ernie Mills,WR,DAL,1999,12,0,0,0.0,0,,1,5,1,0.0,0.1852,,34,32,2.0,,
00-0011333,John Henry Mills,RB,MIN,1999,6,0,0,0.0,0,,0,1,1,0.0,0.0385,0.0,19,20,2.4,,
00-0011333,John Henry Mills,RB,MIN,1999,10,0,0,0.0,0,,0,2,2,-1,0.0455,-0.003,28,29,3.6,,
00-0011341,Brian Milne,RB,CIN,1999,1,0,0,0.0,0,,3,0,0,0.0,0.0,0.0,42,33,5.0,,
00-0011378,Rick Mirer,QB,NYJ,1999,1,11,4,-8.125,1,,0,0,0,0.0,0.0,0.0,24,24,-2.9,,
00-0011378,Rick Mirer,QB,NYJ,1999,2,28,13,-6.642,2,,3,0,0,0.0,0.0,,18,11,6.4,,
00-0011378,Rick Mirer,QB,NYJ,1999,3,31,17,-0.661,6,,1,0,0,0.0,0.0,0.0,31,33,9.7,,
00-0011378,Rick Mirer,QB,NYJ,1999,4,28,17,0.601,4,,2,0,0,0.0,0.0,0.0,35,36,13.5,,
00-0011378,Rick Mirer,QB,NYJ,1999,5,38,19,-16.072,4,,2,0,0,0.0,0.0,0.0,24,26,4.0,,
00-0011378,Rick Mirer,QB,NYJ,1999,7,22,13,6.419,2,,6,0,0,0.0,0.0,0.0,34,29,13.7,,
00-0011378,Rick Mirer,QB,NYJ,1999,9,18,12,1.532,3,,7,0,0,0.0,0.0,,46,43,13.0,,
00-0011392,Basil Mitchell,RB,GB,1999,7,0,0,0.0,0,,1,0,0,0.0,0.0,0.0,28,27,0.5,,
00-0011392,Basil Mitchell,RB,GB,1999,8,0,0,0.0,0,,2,0,0,0.0,0.0,0.0,29,29,0.5,,
00-0011392,Basil Mitchell,RB,GB,1999,12,0,0,0.0,0,,1,0,0,0.0,0.0,,22,24,0.1,,
00-0011392,Basil Mitchell,RB,GB,1999,13,0,0,0.0,0,,11,4,1,0.0,0.1667,0.0,35,33,5.7,,
00-0011392,Basil Mitchell,RB,GB,1999,14,0,0,0.0,0,,12,4,4,0.0,0.1081,0.0,24,23,12.8,,
00-0011392,Basil Mitchell,RB,GB,1999,17,0,0,0.0,0,,2,1,1,0.0,0.0294,0.0,28,30,8.9,,
00-0011399,Brian Mitchell,RB,WAS,1999,1,0,0,0.0,0,,3,1,0,0.0,0.0303,,30,29,1.2,,
00-0011399,Brian Mitchell,RB,WAS,1999,2,0,0,0.0,0,,3,0,0,0.0,0.0,,41,35,1.3,,
00-0011399,Brian Mitchell,RB,WAS,1999,3,0,0,0.0,0,,2,3,2,0.0,0.1071,,29,29,3.7,,
00-0011399,Brian Mitchell,RB,WAS,1999,4,0,0,0.0,0,,5,0,0,0.0,0.0,,31,26,1.5,,
00-0011399,Brian Mitchell,RB,WAS,1999,6,0,0,0.0,0,,1,2,1,0.0,0.0513,0.0,34,31,2.8,,
00-0011399,Brian Mitchell,RB,WAS,1999,7,0,0,0.0,0,,0,5,3,0.0,0.1429,,16,22,4.7,,
00-0011399,Brian Mitchell,RB,WAS,1999,8,0,0,0.0,0,,2,1,1,0.0,0.0333,0.0,24,26,1.4,,
00-0011399,Brian Mitchell,RB,WAS,1999,9,0,0,0.0,0,,2,5,4,0.0,0.1389,0.0,13,17,9.1,,
00-0011399,Brian Mitchell,RB,WAS,1999,10,0,0,0.0,0,,0,3,2,0.0,0.0938,0.0,27,28,2.9,,
00-0011399,Brian Mitchell,RB,WAS,1999,11,0,0,0.0,0,,0,1,1,0.0,0.0357,0.0,40,42,1.2,,
00-0011399,Brian Mitchell,RB,WAS,1999,12,0,0,0.0,0,,3,1,1,0.0,0.0278,0.0,32,29,4.3,,
00-0011399,Brian Mitchell,RB,WAS,1999,13,0,0,0.0,0,,6,4,4,0.0,0.1,0.0,21,27,14.1,,
00-0011399,Brian Mitchell,RB,WAS,1999,14,0,0,0.0,0,,3,3,2,0.0,0.1154,0.0,46,44,5.3,,
00-0011399,Brian Mitchell,RB,WAS,1999,15,0,0,0.0,0,,5,7,6,0.0,0.2333,,32,36,22.3,,
00-0011399,Brian Mitchell,RB,WAS,1999,16,0,0,0.0,0,,1,3,3,0.0,0.0638,0.0,17,21,8.2,,
00-0011399,Brian Mitchell,RB,WAS,1999,17,0,0,0.0,0,,4,1,1,0.0,0.05,,30,28,5.5,,
00-0011425,Pete Mitchell,TE,NYG,1999,1,0,0,0.0,0,,0,4,3,0.0,0.1739,,25,14,5.5,,
00-0011425,Pete Mitchell,TE,NYG,1999,2,0,0,0.0,0,,0,4,2,13,0.1053,1.625,17,16,4.8,,
00-0011425,Pete Mitchell,TE,NYG,1999,3,0,0,0.0,0,,0,5,3,0.0,0.1389,,26,20,6.0,,
00-0011425,Pete Mitchell,TE,NYG,1999,4,0,0,0.0,0,,0,5,2,8,0.125,0.2353,38,31,4.0,,
00-0011425,Pete Mitchell,TE,NYG,1999,5,0,0,0.0,0,,0,6,4,0.0,0.1622,0.0,28,24,7.0,,
00-0011425,Pete Mitchell,TE,NYG,1999,6,0,0,0.0,0,,0,3,2,0.0,0.1429,,30,25,3.4,,
00-0011425,Pete Mitchell,TE,NYG,1999,7,0,0,0.0,0,,0,5,5,0.0,0.1852,0.0,37,36,11.9,,
00-0011425,Pete Mitchell,TE,NYG,1999,8,0,0,0.0,0,,0,9,6,0.0,0.225,,25,23,16.1,,
00-0011425,Pete Mitchell,TE,NYG,1999,10,0,0,0.0,0,,0,13,9,0.0,0.2653,0.0,24,21,19.2,,
00-0011425,Pete Mitchell,TE,NYG,1999,11,0,0,0.0,0,,0,5,3,10,0.1613,0.1667,24,16,6.0,,
00-0011425,Pete Mitchell,TE,NYG,1999,12,0,0,0.0,0,,0,7,5,0.0,0.1628,0.0,20,23,9.7,,
00-0011425,Pete Mitchell,TE,NYG,1999,13,0,0,0.0,0,,0,6,4,0.0,0.2069,,45,44,8.6,,
00-0011425,Pete Mitchell,TE,NYG,1999,14,0,0,0.0,0,,0,11,5,0.0,0.2619,-0.0,28,33,9.1,,
00-0011425,Pete Mitchell,TE,NYG,1999,15,0,0,0.0,0,,0,4,2,0.0,0.1081,0.0,19,22,3.6,,
00-0011425,Pete Mitchell,TE,NYG,1999,16,0,0,0.0,0,,0,4,3,0.0,0.0784,0.0,27,32,11.1,,
00-0011434,Scott Mitchell,QB,BAL,1999,2,16,7,-6.241,1,,1,0,0,0.0,0.0,0.0,29,27,-2.0,,
00-0011488,Rod Monroe,TE,ATL,1999,14,0,0,0.0,0,,0,1,1,0.0,0.037,0.0,12,10,1.8,,
00-0011506,Joe Montgomery,RB,NYG,1999,7,0,0,0.0,0,,14,0,0,0.0,0.0,0.0,37,36,6.8,,
00-0011506,Joe Montgomery,RB,NYG,1999,13,0,0,0.0,0,,38,0,0,0.0,0.0,,45,44,15.1,,
00-0011506,Joe Montgomery,RB,NYG,1999,14,0,0,0.0,0,,20,1,0,0.0,0.0238,-0.0,28,33,7.7,,
00-0011506,Joe Montgomery,RB,NYG,1999,15,0,0,0.0,0,,12,0,0,0.0,0.0,0.0,19,22,4.1,,
00-0011506,Joe Montgomery,RB,NYG,1999,16,0,0,0.0,0,,19,0,0,0.0,0.0,0.0,27,32,5.5,,
00-0011506,Joe Montgomery,RB,NYG,1999,17,0,0,0.0,0,,12,0,0,0.0,0.0,0.0,18,35,11.6,,
00-0011524,Warren Moon,QB,KC,1999,9,3,1,-0.141,0,,0,0,0,0.0,0.0,,29,15,0.8,,
00-0011551,Dave Moore,TE,TB,1999,1,0,0,0.0,0,,0,3,2,12,0.0769,0.2791,27,19,10.7,,
00-0011551,Dave Moore,TE,TB,1999,2,0,0,0.0,0,,0,5,2,0.0,0.3571,0.0,44,24,4.3,,
00-0011551,Dave Moore,TE,TB,1999,3,0,0,0.0,0,,0,1,0,0.0,0.0526,,42,17,0.0,,
00-0011551,Dave Moore,TE,TB,1999,4,0,0,0.0,0,,0,5,4,0.0,0.1316,0.0,24,20,15.8,,
00-0011551,Dave Moore,TE,TB,1999,5,0,0,0.0,0,,0,1,1,0.0,0.04,0.0,32,20,1.3,,
00-0011551,Dave Moore,TE,TB,1999,7,0,0,0.0,0,,0,2,1,0.0,0.0741,,28,14,1.7,,
00-0011551,Dave Moore,TE,TB,1999,8,0,0,0.0,0,,0,1,0,0.0,0.0233,,22,21,0.0,,
00-0011551,Dave Moore,TE,TB,1999,9,0,0,0.0,0,,0,1,1,0.0,0.05,0.0,40,15,1.7,,
00-0011551,Dave Moore,TE,TB,1999,10,0,0,0.0,0,,0,3,3,0.0,0.1154,0.0,37,20,14.6,,
00-0011551,Dave Moore,TE,TB,1999,11,0,0,0.0,0,,0,4,0,0.0,0.129,0.0,27,13,0.0,,
00-0011551,Dave Moore,TE,TB,1999,12,0,0,0.0,0,,0,2,2,0.0,0.1111,,37,16,5.1,,
00-0011551,Dave Moore,TE,TB,1999,13,0,0,0.0,0,,0,1,1,0.0,0.0526,0.0,27,1,7.1,,
00-0011551,Dave Moore,TE,TB,1999,14,0,0,0.0,0,,0,1,1,0.0,0.0294,0.0,19,15,2.1,,
00-0011551,Dave Moore,TE,TB,1999,15,0,0,0.0,0,,0,3,3,0.0,0.1071,0.0,19,17,5.6,,
00-0011551,Dave Moore,TE,TB,1999,16,0,0,0.0,0,,0,3,1,0.0,0.0968,0.0,37,19,3.0,,
00-0011551,Dave Moore,TE,TB,1999,17,0,0,0.0,0,,0,1,1,0.0,0.0417,,40,17,7.6,,
00-0011568,Herman Moore,WR,DET,1999,12,0,0,0.0,0,,0,3,2,0.0,0.0714,,29,27,4.6,,
00-0011568,Herman Moore,WR,DET,1999,13,0,0,0.0,0,,0,7,4,0.0,0.2188,,15,14,14.7,,
00-0011568,Herman Moore,WR,DET,1999,14,0,0,0.0,0,,0,6,2,0.0,0.1364,0.0,20,16,4.2,,
00-0011568,Herman Moore,WR,DET,1999,15,0,0,0.0,0,,0,7,2,64,0.175,0.2051,19,19,4.4,,
00-0011568,Herman Moore,WR,DET,1999,16,0,0,0.0,0,,0,6,4,0.0,0.1538,,12,10,16.2,,
00-0011568,Herman Moore,WR,DET,1999,17,0,0,0.0,0,,0,2,2,0.0,0.0435,0.0,14,16,3.6,,
00-0011601,Rob Moore,WR,ARI,1999,1,0,0,0.0,0,,0,8,3,10,0.1702,0.3125,36,35,16.7,,
00-0011601,Rob Moore,WR,ARI,1999,2,0,0,0.0,0,,0,10,2,56,0.3571,0.7368,28,27,6.8,,
00-0011601,Rob Moore,WR,ARI,1999,6,0,0,0.0,0,,0,9,1,82,0.225,0.9111,20,26,8.0,,
00-0011601,Rob Moore,WR,ARI,1999,8,0,0,0.0,0,,0,5,2,0.0,0.1282,,19,21,4.7,,
00-0011601,Rob Moore,WR,ARI,1999,9,0,0,0.0,0,,0,8,3,0.0,0.3077,,18,21,12.8,,
00-0011601,Rob Moore,WR,ARI,1999,10,0,0,0.0,0,,0,7,3,0.0,0.2414,,32,29,5.4,,
00-0011601,Rob Moore,WR,ARI,1999,11,0,0,0.0,0,,0,7,1,0.0,0.28,0.0,30,26,9.1,,
00-0011601,Rob Moore,WR,ARI,1999,12,0,0,0.0,0,,0,9,7,0.0,0.2571,,34,36,23.2,,
00-0011601,Rob Moore,WR,ARI,1999,13,0,0,0.0,0,,0,4,0,6,0.1081,1.0,19,18,0.0,,
00-0011601,Rob Moore,WR,ARI,1999,14,0,0,0.0,0,,0,6,4,29,0.2,0.4531,14,17,6.4,,
00-0011601,Rob Moore,WR,ARI,1999,15,0,0,0.0,0,,0,8,2,0.0,0.2857,0.0,21,21,11.8,,
00-0011601,Rob Moore,WR,ARI,1999,16,0,0,0.0,0,,0,6,3,0.0,0.25,0.0,24,18,6.2,,
00-0011601,Rob Moore,WR,ARI,1999,17,0,0,0.0,0,,0,9,6,0.0,0.1607,0.0,24,30,18.0,,
00-0011640,Moses Moreno,QB,LAC,1999,17,7,5,1.474,1,,0,0,0,0.0,0.0,0.0,34,39,3.1,,
00-0011675,Bam Morris,RB,KC,1999,2,0,0,0.0,0,,11,0,0,0.0,0.0,-0.0,41,39,9.2,,
00-0011675,Bam Morris,RB,KC,1999,3,0,0,0.0,0,,7,0,0,0.0,0.0,,35,21,1.6,,
00-0011675,Bam Morris,RB,KC,1999,5,0,0,0.0,0,,15,0,0,0.0,0.0,0.0,42,20,4.5,,
00-0011675,Bam Morris,RB,KC,1999,7,0,0,0.0,0,,16,0,0,0.0,0.0,,35,21,13.0,,
00-0011675,Bam Morris,RB,KC,1999,8,0,0,0.0,0,,11,1,1,0.0,0.0667,,39,20,3.4,,
00-0011675,Bam Morris,RB,KC,1999,9,0,0,0.0,0,,13,3,2,0.0,0.0938,,29,15,7.0,,
00-0011675,Bam Morris,RB,KC,1999,12,0,0,0.0,0,,3,0,0,0.0,0.0,0.0,28,15,0.4,,
00-0011675,Bam Morris,RB,KC,1999,13,0,0,0.0,0,,6,2,2,0.0,0.069,0.0,38,12,4.6,,
00-0011675,Bam Morris,RB,KC,1999,14,0,0,0.0,0,,6,0,0,0.0,0.0,,40,14,3.3,,
00-0011675,Bam Morris,RB,KC,1999,15,0,0,0.0,0,,17,2,1,0.0,0.0952,,32,20,14.5,,
00-0011675,Bam Morris,RB,KC,1999,16,0,0,0.0,0,,6,1,0,0.0,0.0238,0.0,22,8,3.3,,
00-0011675,Bam Morris,RB,KC,1999,17,0,0,0.0,0,,9,2,1,0.0,0.0541,,38,11,3.3,,
00-0011727,Johnnie Morton,WR,DET,1999,1,0,0,0.0,0,,0,2,0,0.0,0.0769,0.0,36,28,0.0,,
00-0011727,Johnnie Morton,WR,DET,1999,2,0,0,0.0,0,,0,6,4,25,0.4,0.5952,32,23,21.8,,
00-0011727,Johnnie Morton,WR,DET,1999,3,0,0,0.0,0,,0,9,2,37,0.3,0.6981,22,20,5.1,,
00-0011727,Johnnie Morton,WR,DET,1999,5,0,0,0.0,0,,0,10,6,0.0,0.2703,0.0,24,26,12.8,,
00-0011727,Johnnie Morton,WR,DET,1999,6,0,0,0.0,0,,0,11,8,0.0,0.3056,,25,25,15.4,,
00-0011727,Johnnie Morton,WR,DET,1999,7,0,0,0.0,0,,0,5,5,0.0,0.1852,-0.0,27,25,11.6,,
00-0011727,Johnnie Morton,WR,DET,1999,8,0,0,0.0,0,,0,4,3,0.0,0.2105,,24,20,8.4,,
00-0011727,Johnnie Morton,WR,DET,1999,9,0,0,0.0,0,,0,9,4,0.0,0.2571,,20,19,15.9,,
00-0011727,Johnnie Morton,WR,DET,1999,10,0,0,0.0,0,,0,6,4,0.0,0.1538,,14,18,15.0,,
00-0011727,Johnnie Morton,WR,DET,1999,11,0,0,0.0,0,,0,9,5,0.0,0.2571,0.0,23,21,11.4,,
00-0011727,Johnnie Morton,WR,DET,1999,12,0,0,0.0,0,,0,8,5,0.0,0.1905,,29,27,16.9,,
00-0011727,Johnnie Morton,WR,DET,1999,13,0,0,0.0,0,,0,6,5,0.0,0.1875,,15,14,9.4,,
00-0011727,Johnnie Morton,WR,DET,1999,14,0,0,0.0,0,,0,10,7,0.0,0.2273,0.0,20,16,17.7,,
00-0011727,Johnnie Morton,WR,DET,1999,15,0,0,0.0,0,,0,13,8,147,0.325,0.4712,19,19,18.0,,
00-0011727,Johnnie Morton,WR,DET,1999,16,0,0,0.0,0,,0,10,4,0.0,0.2564,,12,10,8.7,,
00-0011727,Johnnie Morton,WR,DET,1999,17,0,0,0.0,0,,0,14,10,0.0,0.3043,0.0,14,16,34.8,,
00-0011754,Randy Moss,WR,MIN,1999,1,0,0,0.0,0,,1,5,3,0.0,0.1562,,32,33,6.0,,
00-0011754,Randy Moss,WR,MIN,1999,2,0,0,0.0,0,,1,7,4,0.0,0.1892,0.0,15,16,13.7,,
00-0011754,Randy Moss,WR,MIN,1999,3,0,0,0.0,0,,0,5,2,20,0.1667,0.2469,29,31,9.3,,
00-0011754,Randy Moss,WR,MIN,1999,4,0,0,0.0,0,,0,7,4,0.0,0.2,0.0,23,31,28.0,,
00-0011754,Randy Moss,WR,MIN,1999,5,0,0,0.0,0,,0,11,8,76,0.25,0.9744,20,19,20.2,,
00-0011754,Randy Moss,WR,MIN,1999,6,0,0,0.0,0,,0,13,10,0.0,0.5,0.0,19,20,28.5,,
00-0011754,Randy Moss,WR,MIN,1999,7,0,0,0.0,0,,1,4,1,17,0.1429,1.0,31,25,4.5,,
00-0011754,Randy Moss,WR,MIN,1999,8,0,0,0.0,0,,0,5,3,0.0,0.1786,,24,23,6.9,,
00-0011754,Randy Moss,WR,MIN,1999,9,0,0,0.0,0,,0,10,6,0.0,0.3448,0.0,32,27,27.1,,
00-0011754,Randy Moss,WR,MIN,1999,10,0,0,0.0,0,,0,21,12,209,0.4773,0.6183,28,29,32.4,,
00-0011754,Randy Moss,WR,MIN,1999,12,0,0,0.0,0,,0,11,7,51,0.2619,0.7286,29,30,25.7,,
00-0011754,Randy Moss,WR,MIN,1999,13,0,0,0.0,0,,0,5,2,25,0.1163,1.3158,24,34,5.2,,
00-0011754,Randy Moss,WR,MIN,1999,14,0,0,0.0,0,,1,9,5,0.0,0.4286,,35,34,24.1,,
00-0011754,Randy Moss,WR,MIN,1999,15,0,0,0.0,0,,0,9,5,0.0,0.3103,,26,27,30.1,,
00-0011754,Randy Moss,WR,MIN,1999,16,1,1,3.339,0,,0,7,3,0.0,0.35,0.0,25,25,12.5,,
00-0011754,Randy Moss,WR,MIN,1999,17,0,0,0.0,0,,0,8,5,34,0.3636,0.9444,30,31,26.5,,
00-0011770,Eric Moulds,WR,BUF,1999,1,0,0,0.0,0,,0,16,10,0.0,0.381,0.0,15,7,24.7,,
00-0011770,Eric Moulds,WR,BUF,1999,2,0,0,0.0,0,,0,6,3,0.0,0.25,,47,30,6.8,,
00-0011770,Eric Moulds,WR,BUF,1999,3,0,0,0.0,0,,1,7,3,0.0,0.2414,0.0,40,16,6.8,,
00-0011770,Eric Moulds,WR,BUF,1999,4,0,0,0.0,0,,0,7,4,0.0,0.28,,27,12,16.0,,
00-0011770,Eric Moulds,WR,BUF,1999,5,0,0,0.0,0,,0,9,6,144,0.2812,0.4948,33,11,24.2,,
00-0011770,Eric Moulds,WR,BUF,1999,6,0,0,0.0,0,,0,8,3,159,0.2,0.3272,13,5,14.4,,
00-0011770,Eric Moulds,WR,BUF,1999,9,0,0,0.0,0,,0,7,5,0.0,0.3182,,49,20,17.1,,
00-0011770,Eric Moulds,WR,BUF,1999,10,0,0,0.0,0,,0,4,1,0.0,0.2105,,48,34,12.3,,
00-0011770,Eric Moulds,WR,BUF,1999,11,0,0,0.0,0,,0,14,8,0.0,0.359,-0.0,17,2,15.7,,
00-0011770,Eric Moulds,WR,BUF,1999,12,0,0,0.0,0,,0,3,1,0.0,0.2,,35,13,12.4,,
00-0011770,Eric Moulds,WR,BUF,1999,14,0,0,0.0,0,,0,6,3,0.0,0.1875,0.0,28,16,8.5,,
00-0011770,Eric Moulds,WR,BUF,1999,15,0,0,0.0,0,,0,11,6,0.0,0.3667,0.0,41,14,19.3,,
00-0011770,Eric Moulds,WR,BUF,1999,16,0,0,0.0,0,,0,6,4,0.0,0.1714,,41,15,7.3,,
00-0011770,Eric Moulds,WR,BUF,1999,17,0,0,0.0,0,,0,11,8,0.0,0.3438,,31,6,19.0,,
00-0011795,Muhsin Muhammad,WR,CAR,1999,1,0,0,0.0,0,,0,9,4,0.0,0.3,0.0,16,17,10.4,,
00-0011795,Muhsin Muhammad,WR,CAR,1999,2,0,0,0.0,0,,0,8,4,0.0,0.32,0.0,18,18,20.3,,
00-0011795,Muhsin Muhammad,WR,CAR,1999,3,0,0,0.0,0,,0,9,8,0.0,0.4091,,18,16,19.7,,
00-0011795,Muhsin Muhammad,WR,CAR,1999,4,0,0,0.0,0,,0,14,8,0.0,0.3043,0.0,19,20,23.1,,
00-0011795,Muhsin Muhammad,WR,CAR,1999,6,0,0,0.0,0,,0,7,6,35,0.1944,0.1832,27,25,21.6,,
00-0011795,Muhsin Muhammad,WR,CAR,1999,7,0,0,0.0,0,,0,12,4,4,0.2553,1.0,21,23,10.2,,
00-0011795,Muhsin Muhammad,WR,CAR,1999,8,0,0,0.0,0,,0,10,5,16,0.3125,0.4103,18,22,11.2,,
00-0011795,Muhsin Muhammad,WR,CAR,1999,9,0,0,0.0,0,,0,11,8,0.0,0.3235,,36,30,28.8,,
00-0011795,Muhsin Muhammad,WR,CAR,1999,10,0,0,0.0,0,,0,11,9,27,0.2973,0.9,23,18,21.5,,
00-0011795,Muhsin Muhammad,WR,CAR,1999,11,0,0,0.0,0,,0,10,7,0.0,0.3333,,31,26,12.2,,
00-0011795,Muhsin Muhammad,WR,CAR,1999,13,0,0,0.0,0,,0,11,4,23,0.2619,1.0,16,15,8.6,,
00-0011795,Muhsin Muhammad,WR,CAR,1999,14,0,0,0.0,0,,0,13,8,0.0,0.3095,,13,13,13.1,,
00-0011795,Muhsin Muhammad,WR,CAR,1999,15,0,0,0.0,0,,0,11,11,0.0,0.2895,,26,22,41.6,,
00-0011795,Muhsin Muhammad,WR,CAR,1999,16,0,0,0.0,0,,0,8,4,24,0.2286,1.0,20,20,8.5,,
00-0011795,Muhsin Muhammad,WR,CAR,1999,17,0,0,0.0,0,,0,12,6,0.0,0.2927,,14,16,16.5,,
00-0011854,Yo Murphy,WR,TB,1999,2,0,0,0.0,0,,0,2,0,44,0.1429,0.5,44,24,0.0,,
00-0011854,Yo Murphy,WR,TB,1999,4,0,0,0.0,0,,0,1,0,0.0,0.0263,0.0,24,20,0.0,,
00-0011854,Yo Murphy,WR,TB,1999,8,0,0,0.0,0,,0,5,4,0.0,0.1163,,22,21,6.8,,
00-0011869,Adrian Murrell,RB,ARI,1999,1,0,0,0.0,0,,24,5,5,0.0,0.1064,0.0,36,35,15.0,,
00-0011869,Adrian Murrell,RB,ARI,1999,2,0,0,0.0,0,,20,3,2,0.0,0.1071,0.0,28,27,8.8,,
00-0011869,Adrian Murrell,RB,ARI,1999,3,0,0,0.0,0,,16,2,1,0.0,0.069,0.0,29,25,6.2,,
00-0011869,Adrian Murrell,RB,ARI,1999,4,0,0,0.0,0,,14,3,3,0.0,0.0769,0.0,21,25,8.5,,
00-0011869,Adrian Murrell,RB,ARI,1999,5,0,0,0.0,0,,14,1,1,0.0,0.037,,27,25,2.5,,
00-0011869,Adrian Murrell,RB,ARI,1999,6,0,0,0.0,0,,15,9,7,0.0,0.225,0.0,20,26,14.1,,
00-0011869,Adrian Murrell,RB,ARI,1999,8,0,0,0.0,0,,13,4,3,0.0,0.1026,,19,21,10.6,,
00-0011869,Adrian Murrell,RB,ARI,1999,9,0,0,0.0,0,,7,3,3,0.0,0.1154,,18,21,3.9,,
00-0011869,Adrian Murrell,RB,ARI,1999,10,0,0,0.0,0,,2,1,1,0.0,0.0345,,32,29,1.3,,
00-0011869,Adrian Murrell,RB,ARI,1999,11,0,0,0.0,0,,17,5,3,0.0,0.2,0.0,30,26,11.1,,
00-0011869,Adrian Murrell,RB,ARI,1999,12,0,0,0.0,0,,15,10,5,0.0,0.2857,,34,36,12.8,,
00-0011869,Adrian Murrell,RB,ARI,1999,13,0,0,0.0,0,,8,10,5,0.0,0.2703,0.0,19,18,11.3,,
00-0011869,Adrian Murrell,RB,ARI,1999,14,0,0,0.0,0,,8,6,4,0.0,0.2,0.0,14,17,10.5,,
00-0011869,Adrian Murrell,RB,ARI,1999,15,0,0,0.0,0,,12,1,1,0.0,0.0357,0.0,21,21,6.2,,
00-0011869,Adrian Murrell,RB,ARI,1999,16,0,0,0.0,0,,3,1,0,0.0,0.0417,0.0,24,18,1.0,,
00-0011869,Adrian Murrell,RB,ARI,1999,17,0,0,0.0,0,,5,7,5,0.0,0.125,0.0,24,30,10.0,,
00-0011932,Marcus Nash,WR,DEN,1999,2,0,0,0.0,0,,0,1,0,0.0,0.0345,0.0,26,32,0.0,,
00-0011932,Marcus Nash,WR,BAL,1999,14,0,0,0.0,0,,0,2,0,0.0,0.0769,,25,20,0.0,,
00-0012261,Neil O'Donnell,QB,TEN,1999,2,40,31,17.059,0,,2,0,0,0.0,0.0,,34,38,16.3,,
00-0012261,Neil O'Donnell,QB,TEN,1999,3,32,17,-0.959,2,,6,0,0,0.0,0.0,0.0,26,25,14.3,,
00-0012261,Neil O'Donnell,QB,TEN,1999,4,40,20,13.142,3,,1,0,0,0.0,0.0,0.0,21,23,20.3,,
00-0012261,Neil O'Donnell,QB,TEN,1999,5,35,24,3.56,0,,1,0,0,0.0,0.0,,24,27,12.5,,
00-0012261,Neil O'Donnell,QB,TEN,1999,6,25,12,-9.02,1,,5,0,0,0.0,0.0,0.0,35,30,7.4,,
00-0012261,Neil O'Donnell,QB,TEN,1999,13,5,3,-1.23,1,,0,0,0,0.0,0.0,0.0,14,16,1.1,,
00-0012261,Neil O'Donnell,QB,TEN,1999,16,6,3,-0.224,0,,2,0,0,0.0,0.0,,37,33,1.3,,
00-0012261,Neil O'Donnell,QB,TEN,1999,17,12,6,-6.381,2,,2,0,0,0.0,0.0,0.0,33,29,8.3,,
00-0012317,A.J. Ofodile,TE,BAL,1999,5,0,0,0.0,0,,0,2,0,0.0,0.0556,,26,25,0.0,,
00-0012317,A.J. Ofodile,TE,BAL,1999,7,0,0,0.0,0,,0,2,2,0.0,0.0408,0.0,27,25,3.3,,
00-0012317,A.J. Ofodile,TE,BAL,1999,10,0,0,0.0,0,,0,1,1,0.0,0.0312,-0.0,24,24,1.9,,
00-0012317,A.J. Ofodile,TE,BAL,1999,11,0,0,0.0,0,,0,2,1,0.0,0.0526,0.0,26,29,1.3,,
00-0012317,A.J. Ofodile,TE,BAL,1999,17,0,0,0.0,0,,0,2,0,11,0.05,0.3235,23,30,0.0,,
00-0012321,Jeff Ogden,WR,DAL,1999,1,0,0,0.0,0,,0,2,1,17,0.0408,0.4359,34,37,1.8,,
00-0012321,Jeff Ogden,WR,DAL,1999,2,0,0,0.0,0,,0,2,2,0.0,0.0952,0.0,37,37,3.8,,
00-0012321,Jeff Ogden,WR,DAL,1999,4,0,0,0.0,0,,0,1,1,0.0,0.05,,39,36,2.0,,
00-0012321,Jeff Ogden,WR,DAL,1999,5,0,0,0.0,0,,0,3,0,4,0.0769,0.1429,32,37,0.0,,
00-0012321,Jeff Ogden,WR,DAL,1999,7,0,0,0.0,0,,0,2,1,0.0,0.0625,,34,36,3.5,,
00-0012321,Jeff Ogden,WR,DAL,1999,8,0,0,0.0,0,,0,3,2,0.0,0.12,,26,31,4.5,,
00-0012321,Jeff Ogden,WR,DAL,1999,9,0,0,0.0,0,,0,4,0,0.0,0.1143,0.0,24,26,0.0,,
00-0012321,Jeff Ogden,WR,DAL,1999,10,0,0,0.0,0,,0,1,0,0.0,0.0435,0.0,34,34,0.0,,
00-0012321,Jeff Ogden,WR,DAL,1999,11,0,0,0.0,0,,0,2,0,0.0,0.0741,,34,35,0.0,,
00-0012321,Jeff Ogden,WR,DAL,1999,13,0,0,0.0,0,,0,2,2,0.0,0.069,,23,24,4.1,,
00-0012321,Jeff Ogden,WR,DAL,1999,15,0,0,0.0,0,,0,1,1,0.0,0.0357,0.0,31,29,1.9,,
00-0012321,Jeff Ogden,WR,DAL,1999,16,0,0,0.0,0,,0,2,0,0.0,0.0526,0.0,26,26,0.0,,
00-0012321,Jeff Ogden,WR,DAL,1999,17,0,0,0.0,0,,0,2,2,0.0,0.0606,,29,30,4.8,,
00-0012368,Winslow Oliver,RB,ATL,1999,9,0,0,0.0,0,,1,0,0,0.0,0.0,0.0,11,15,1.0,,
00-0012368,Winslow Oliver,RB,ATL,1999,11,0,0,0.0,0,,0,7,4,8,0.28,0.2424,24,23,7.3,,
00-0012368,Winslow Oliver,RB,ATL,1999,12,0,0,0.0,0,,1,0,0,0.0,0.0,,15,13,0.3,,
00-0012368,Winslow Oliver,RB,ATL,1999,13,0,0,0.0,0,,0,2,2,0.0,0.0952,0.0,28,23,4.1,,
00-0012368,Winslow Oliver,RB,ATL,1999,14,0,0,0.0,0,,2,1,0,0.0,0.037,0.0,12,10,6.7,,
00-0012368,Winslow Oliver,RB,ATL,1999,15,0,0,0.0,0,,3,0,0,0.0,0.0,0.0,19,16,-1.6,,
00-0012368,Winslow Oliver,RB,ATL,1999,16,0,0,0.0,0,,1,1,1,0.0,0.0435,,39,28,2.8,,
00-0012368,Winslow Oliver,RB,ATL,1999,17,0,0,0.0,0,,0,2,1,0.0,0.0556,,21,18,2.0,,
00-0012370,Brock Olivo,RB,DET,1999,13,0,0,0.0,0,,0,4,2,0.0,0.125,,15,14,3.0,,
00-0012370,Brock Olivo,RB,DET,1999,14,0,0,0.0,0,,1,4,2,0.0,0.0909,0.0,20,16,3.5,,
00-0012478,Terrell Owens,WR,SF,1999,1,0,0,0.0,0,,0,8,5,3,0.2424,0.1071,20,17,12.6,,
00-0012478,Terrell Owens,WR,SF,1999,2,0,0,0.0,0,,0,8,5,0.0,0.2286,0.0,23,24,21.9,,
00-0012478,Terrell Owens,WR,SF,1999,3,0,0,0.0,0,,0,5,4,0.0,0.1786,-0.0,36,36,9.9,,
00-0012478,Terrell Owens,WR,SF,1999,4,0,0,0.0,0,,0,4,3,0.0,0.1212,,26,20,12.3,,
00-0012478,Terrell Owens,WR,SF,1999,5,0,0,0.0,0,,0,7,6,0.0,0.1944,0.0,21,24,12.0,,
00-0012478,Terrell Owens,WR,SF,1999,9,0,0,0.0,0,,0,10,2,25,0.303,0.9615,34,28,3.5,,
00-0012478,Terrell Owens,WR,SF,1999,10,0,0,0.0,0,,0,9,5,0.0,0.2903,0.0,19,14,10.6,,
00-0012478,Terrell Owens,WR,SF,1999,11,0,0,0.0,0,,0,8,6,0.0,0.2963,0.0,25,16,16.0,,
00-0012478,Terrell Owens,WR,SF,1999,12,0,0,0.0,0,,0,2,2,0.0,0.0571,0.0,23,21,4.1,,
00-0012478,Terrell Owens,WR,SF,1999,13,0,0,0.0,0,,0,11,9,0.0,0.2444,-0.0,23,23,23.5,,
00-0012478,Terrell Owens,WR,SF,1999,14,0,0,0.0,0,,0,4,2,0.0,0.16,,44,38,4.1,,
00-0012478,Terrell Owens,WR,SF,1999,15,0,0,0.0,0,,0,10,5,30,0.2326,1.0,18,23,11.6,,
00-0012478,Terrell Owens,WR,SF,1999,16,0,0,0.0,0,,0,6,1,0.0,0.2,0.0,37,24,1.2,,
00-0012478,Terrell Owens,WR,SF,1999,17,0,0,0.0,0,,0,5,5,0.0,0.1515,,24,21,14.1,,
00-0012480,Ken Oxendine,RB,ATL,1999,3,0,0,0.0,0,,2,0,0,0.0,0.0,0.0,22,21,0.6,,
00-0012480,Ken Oxendine,RB,ATL,1999,4,0,0,0.0,0,,11,2,2,0.0,0.0465,,26,29,7.1,,
00-0012480,Ken Oxendine,RB,ATL,1999,5,0,0,0.0,0,,20,3,2,0.0,0.1579,,33,32,6.1,,
00-0012480,Ken Oxendine,RB,ATL,1999,6,0,0,0.0,0,,9,4,2,0.0,0.1176,0.0,19,17,5.2,,
00-0012480,Ken Oxendine,RB,ATL,1999,7,0,0,0.0,0,,14,1,0,0.0,0.0323,0.0,25,18,3.0,,
00-0012480,Ken Oxendine,RB,ATL,1999,8,0,0,0.0,0,,17,2,2,0.0,0.0952,,32,34,18.2,,
00-0012480,Ken Oxendine,RB,ATL,1999,9,0,0,0.0,0,,5,3,3,0.0,0.1154,0.0,11,15,8.0,,
00-0012480,Ken Oxendine,RB,ATL,1999,11,0,0,0.0,0,,14,1,1,0.0,0.04,0.0,24,23,6.2,,
00-0012480,Ken Oxendine,RB,ATL,1999,12,0,0,0.0,0,,11,1,1,0.0,0.025,,15,13,11.1,,
00-0012480,Ken Oxendine,RB,ATL,1999,13,0,0,0.0,0,,19,2,2,0.0,0.0952,0.0,28,23,12.0,,
00-0012480,Ken Oxendine,RB,ATL,1999,14,0,0,0.0,0,,7,1,1,0.0,0.037,0.0,12,10,3.8,,
00-0012480,Ken Oxendine,RB,ATL,1999,15,0,0,0.0,0,,12,2,1,0.0,0.0476,0.0,19,16,2.1,,
00-0012515,David Palmer,RB,MIN,1999,1,0,0,0.0,0,,0,1,0,0.0,0.0312,,32,33,0.0,,
00-0012515,David Palmer,RB,MIN,1999,2,0,0,0.0,0,,0,1,1,0.0,0.027,0.0,15,16,1.3,,
00-0012515,David Palmer,RB,MIN,1999,3,0,0,0.0,0,,0,2,1,0.0,0.0667,0.0,29,31,1.6,,
00-0012515,David Palmer,RB,MIN,1999,4,0,0,0.0,0,,1,2,2,0.0,0.0571,0.0,23,31,4.1,,
00-0012515,David Palmer,RB,MIN,1999,7,0,0,0.0,0,,2,0,0,0.0,0.0,0.0,31,25,0.7,,
00-0012515,David Palmer,RB,MIN,1999,8,0,0,0.0,0,,0,1,0,0.0,0.0357,,24,23,0.0,,
00-0012556,De'Mond Parker,RB,GB,1999,7,0,0,0.0,0,,4,0,0,0.0,0.0,0.0,28,27,3.5,,
00-0012556,De'Mond Parker,RB,GB,1999,11,0,0,0.0,0,,2,0,0,0.0,0.0,,27,35,1.7,,
00-0012556,De'Mond Parker,RB,GB,1999,12,0,0,0.0,0,,5,1,1,0.0,0.0286,,22,24,3.1,,
00-0012556,De'Mond Parker,RB,GB,1999,13,0,0,0.0,0,,19,2,2,0.0,0.0833,0.0,35,33,25.9,,
00-0012556,De'Mond Parker,RB,GB,1999,14,0,0,0.0,0,,6,2,1,0.0,0.0541,0.0,24,23,1.7,,
00-0012603,Bernie Parmalee,RB,NYJ,1999,2,0,0,0.0,0,,0,1,1,0.0,0.037,,18,11,1.1,,
00-0012603,Bernie Parmalee,RB,NYJ,1999,3,0,0,0.0,0,,10,1,1,0.0,0.0333,0.0,31,33,7.5,,
00-0012603,Bernie Parmalee,RB,NYJ,1999,4,0,0,0.0,0,,1,1,1,0.0,0.0385,0.0,35,36,5.1,,
00-0012603,Bernie Parmalee,RB,NYJ,1999,5,0,0,0.0,0,,4,2,1,0.0,0.0571,0.0,24,26,3.4,,
00-0012603,Bernie Parmalee,RB,NYJ,1999,6,0,0,0.0,0,,3,2,1,0.0,0.0667,0.0,29,28,2.2,,
00-0012603,Bernie Parmalee,RB,NYJ,1999,7,0,0,0.0,0,,0,1,1,0.0,0.0476,0.0,34,29,1.7,,
00-0012603,Bernie Parmalee,RB,NYJ,1999,9,0,0,0.0,0,,0,1,1,0.0,0.0556,,46,43,1.8,,
00-0012603,Bernie Parmalee,RB,NYJ,1999,10,0,0,0.0,0,,1,0,0,0.0,0.0,0.0,43,34,0.0,,
00-0012603,Bernie Parmalee,RB,NYJ,1999,11,0,0,0.0,0,,2,0,0,0.0,0.0,,35,32,0.8,,
00-0012603,Bernie Parmalee,RB,NYJ,1999,12,0,0,0.0,0,,2,0,0,0.0,0.0,,26,24,0.3,,
00-0012603,Bernie Parmalee,RB,NYJ,1999,13,0,0,0.0,0,,0,5,5,0.0,0.1064,,12,17,10.2,,
00-0012603,Bernie Parmalee,RB,NYJ,1999,14,0,0,0.0,0,,0,2,1,0.0,0.0541,,28,26,0.6,,
00-0012603,Bernie Parmalee,RB,NYJ,1999,15,0,0,0.0,0,,1,3,2,0.0,0.0857,0.0,35,30,3.2,,
00-0012603,Bernie Parmalee,RB,NYJ,1999,16,0,0,0.0,0,,1,0,0,0.0,0.0,,25,23,1.2,,
00-0012603,Bernie Parmalee,RB,NYJ,1999,17,0,0,0.0,0,,2,0,0,0.0,0.0,0.0,41,39,0.5,,
00-0012637,Jerome Pathon,WR,IND,1999,1,0,0,0.0,0,,0,5,2,60,0.1562,1.0,29,30,2.6,,
00-0012637,Jerome Pathon,WR,IND,1999,3,0,0,0.0,0,,0,9,4,0.0,0.1698,0.0,22,20,9.5,,
00-0012637,Jerome Pathon,WR,IND,1999,5,0,0,0.0,0,,0,2,1,0.0,0.0833,0.0,24,25,2.2,,
00-0012637,Jerome Pathon,WR,IND,1999,6,0,0,0.0,0,,0,9,4,0.0,0.2571,0.0,28,31,8.2,,
00-0012637,Jerome Pathon,WR,IND,1999,8,0,0,0.0,0,,0,1,1,0.0,0.0294,,28,34,4.8,,
00-0012637,Jerome Pathon,WR,IND,1999,9,0,0,0.0,0,,0,3,0,0.0,0.0909,-0.0,23,28,0.0,,
00-0012637,Jerome Pathon,WR,IND,1999,10,0,0,0.0,0,,0,3,2,0.0,0.0857,0.0,19,21,3.0,,
00-0012642,David Patten,WR,NYG,1999,1,0,0,0.0,0,,0,1,0,0.0,0.0435,,25,14,0.0,,
00-0012642,David Patten,WR,NYG,1999,2,0,0,0.0,0,,0,3,1,0.0,0.0789,0.0,17,16,1.3,,
00-0012642,David Patten,WR,NYG,1999,3,0,0,0.0,0,,0,2,0,0.0,0.0556,,26,20,0.0,,
00-0012642,David Patten,WR,NYG,1999,4,0,0,0.0,0,,0,1,0,0.0,0.025,0.0,38,31,0.0,,
00-0012642,David Patten,WR,NYG,1999,5,0,0,0.0,0,,0,2,1,0.0,0.0541,0.0,28,24,2.0,,
00-0012642,David Patten,WR,NYG,1999,6,0,0,0.0,0,,0,1,0,0.0,0.0476,,30,25,0.0,,
00-0012642,David Patten,WR,NYG,1999,7,0,0,0.0,0,,0,1,0,0.0,0.037,0.0,37,36,0.0,,
00-0012642,David Patten,WR,NYG,1999,11,0,0,0.0,0,,0,4,3,0.0,0.129,0.0,24,16,8.1,,
00-0012642,David Patten,WR,NYG,1999,12,0,0,0.0,0,,0,5,2,0.0,0.1163,0.0,20,23,4.1,,
00-0012642,David Patten,WR,NYG,1999,13,0,0,0.0,0,,1,0,0,0.0,0.0,,45,44,2.7,,
00-0012642,David Patten,WR,NYG,1999,14,0,0,0.0,0,,0,1,0,0.0,0.0238,-0.0,28,33,0.0,,
00-0012642,David Patten,WR,NYG,1999,16,0,0,0.0,0,,0,4,1,0.0,0.0784,0.0,27,32,2.6,,
00-0012642,David Patten,WR,NYG,1999,17,0,0,0.0,0,,0,3,1,0.0,0.0667,0.0,18,35,2.4,,
00-0012726,Doug Pederson,QB,PHI,1999,1,26,12,-14.891,3,,2,0,0,0.0,0.0,0.0,26,24,7.7,,
00-0012726,Doug Pederson,QB,PHI,1999,2,19,12,-5.559,3,,1,0,0,0.0,0.0,0.0,20,15,2.2,,
00-0012726,Doug Pederson,QB,PHI,1999,3,26,14,-14.878,2,,1,0,0,0.0,0.0,,12,18,2.1,,
00-0012726,Doug Pederson,QB,PHI,1999,4,15,6,-4.251,1,,2,0,0,0.0,0.0,0.0,26,24,-0.7,,
00-0012726,Doug Pederson,QB,PHI,1999,5,29,11,-4.893,2,,4,0,0,0.0,0.0,0.0,27,27,6.9,,
00-0012726,Doug Pederson,QB,PHI,1999,6,38,22,-0.557,1,,2,0,0,0.0,0.0,0.0,26,30,14.9,,
00-0012726,Doug Pederson,QB,PHI,1999,7,25,13,-11.179,4,,3,0,0,0.0,0.0,0.0,22,21,2.3,,
00-0012726,Doug Pederson,QB,PHI,1999,8,28,18,-4.233,3,,2,0,0,0.0,0.0,-0.0,31,30,10.8,,
00-0012726,Doug Pederson,QB,PHI,1999,9,9,3,-2.497,1,,1,0,0,0.0,0.0,0.0,23,21,1.0,,
00-0012726,Doug Pederson,QB,PHI,1999,14,12,8,9.151,0,,2,0,0,0.0,0.0,0.0,24,23,5.0,,
00-0012732,Rodney Peete,QB,WAS,1999,8,8,2,-7.429,0,,2,0,0,0.0,0.0,0.0,24,26,-1.8,,
00-0012732,Rodney Peete,QB,WAS,1999,17,9,6,4.177,2,,0,0,0,0.0,0.0,,30,28,12.0,,
00-0012764,Chris Penn,WR,LAC,1999,2,0,0,0.0,0,,0,1,0,0.0,0.0333,,35,38,0.0,,
00-0012764,Chris Penn,WR,LAC,1999,3,0,0,0.0,0,,0,1,0,17,0.0294,1.0,25,23,0.0,,
00-0012764,Chris Penn,WR,LAC,1999,4,0,0,0.0,0,,0,2,1,0.0,0.0741,0.0,17,24,8.1,,
00-0012764,Chris Penn,WR,LAC,1999,5,0,0,0.0,0,,0,10,7,0.0,0.2941,0.0,24,32,14.9,,
00-0012764,Chris Penn,WR,LAC,1999,6,0,0,0.0,0,,0,3,1,0.0,0.0698,0.0,21,33,2.6,,
00-0012764,Chris Penn,WR,LAC,1999,7,0,0,0.0,0,,0,6,2,0.0,0.1111,0.0,27,30,4.3,,
00-0012764,Chris Penn,WR,LAC,1999,8,0,0,0.0,0,,0,3,1,0.0,0.0968,0.0,20,26,2.6,,
00-0012764,Chris Penn,WR,LAC,1999,9,0,0,0.0,0,,0,2,2,0.0,0.0541,0.0,19,27,1.3,,
00-0012764,Chris Penn,WR,LAC,1999,10,0,0,0.0,0,,0,1,0,0.0,0.0323,,16,19,0.0,,
00-0012764,Chris Penn,WR,LAC,1999,11,0,0,0.0,0,,0,2,1,0.0,0.0444,,27,35,5.3,,
00-0012764,Chris Penn,WR,LAC,1999,12,0,0,0.0,0,,0,1,1,0.0,0.0256,0.0,20,26,4.2,,
00-0012764,Chris Penn,WR,LAC,1999,15,0,0,0.0,0,,0,5,1,0.0,0.1389,,21,31,3.4,,
00-0012764,Chris Penn,WR,LAC,1999,16,0,0,0.0,0,,0,1,0,0.0,0.0278,0.0,21,23,0.0,,
00-0012809,Ed Perry,TE,MIA,1999,16,0,0,0.0,0,,0,4,3,0.0,0.0769,0.0,24,28,9.8,,
00-0012832,Wilmont Perry,RB,NO,1999,12,0,0,0.0,0,,6,3,1,0.0,0.0652,0.0,28,30,4.0,,
00-0012832,Wilmont Perry,RB,NO,1999,13,0,0,0.0,0,,16,4,1,0.0,0.1081,0.0,26,31,10.9,,
00-0012832,Wilmont Perry,RB,NO,1999,14,0,0,0.0,0,,14,1,1,0.0,0.037,0.0,18,20,6.8,,
00-0012832,Wilmont Perry,RB,NO,1999,15,0,0,0.0,0,,11,1,1,0.0,0.0213,0.0,16,18,2.6,,
00-0012832,Wilmont Perry,RB,NO,1999,17,0,0,0.0,0,,1,0,0,0.0,0.0,0.0,25,20,0.3,,
00-0012931,Lawrence Phillips,RB,SF,1999,1,0,0,0.0,0,,3,1,1,0.0,0.0303,0.0,20,17,2.3,,
00-0012931,Lawrence Phillips,RB,SF,1999,2,0,0,0.0,0,,2,6,5,0.0,0.1714,0.0,23,24,11.3,,
00-0012931,Lawrence Phillips,RB,SF,1999,3,0,0,0.0,0,,9,4,3,0.0,0.1429,-0.0,36,36,20.7,,
00-0012931,Lawrence Phillips,RB,SF,1999,4,0,0,0.0,0,,4,1,0,0.0,0.0303,,26,20,0.5,,
00-0012931,Lawrence Phillips,RB,SF,1999,5,0,0,0.0,0,,4,2,2,0.0,0.0556,0.0,21,24,10.0,,
00-0012931,Lawrence Phillips,RB,SF,1999,6,0,0,0.0,0,,3,1,0,0.0,0.0227,0.0,24,22,1.8,,
00-0012931,Lawrence Phillips,RB,SF,1999,7,0,0,0.0,0,,1,4,3,0.0,0.1143,-0.0,21,16,7.9,,
00-0012931,Lawrence Phillips,RB,SF,1999,9,0,0,0.0,0,,4,1,1,0.0,0.0303,0.0,34,28,2.1,,
00-0012946,Dino Philyaw,RB,NO,1999,13,0,0,0.0,0,,2,0,0,0.0,0.0,0.0,26,31,2.0,,
00-0012946,Dino Philyaw,RB,NO,1999,14,0,0,0.0,0,,1,0,0,0.0,0.0,0.0,18,20,0.0,,
00-0012946,Dino Philyaw,RB,NO,1999,15,0,0,0.0,0,,1,5,2,0.0,0.1064,0.0,16,18,3.9,,
00-0012953,Carl Pickens,WR,CIN,1999,1,0,0,0.0,0,,0,4,3,0.0,0.1212,0.0,42,33,5.1,,
00-0012953,Carl Pickens,WR,CIN,1999,2,0,0,0.0,0,,0,5,2,13,0.1667,1.0,17,16,3.0,,
00-0012953,Carl Pickens,WR,CIN,1999,3,0,0,0.0,0,,0,7,5,0.0,0.1628,0.0,28,26,10.8,,
00-0012953,Carl Pickens,WR,CIN,1999,4,0,0,0.0,0,,0,7,2,0.0,0.175,0.0,26,23,5.0,,
00-0012953,Carl Pickens,WR,CIN,1999,5,0,0,0.0,0,,0,8,7,0.0,0.2051,,36,35,22.8,,
00-0012953,Carl Pickens,WR,CIN,1999,6,0,0,0.0,0,,0,8,4,-2,0.2286,1.0,20,19,9.4,,
00-0012953,Carl Pickens,WR,CIN,1999,7,0,0,0.0,0,,0,8,3,0.0,0.2581,,26,24,7.6,,
00-0012953,Carl Pickens,WR,CIN,1999,8,1,1,1.247,0,,0,4,2,0.0,0.1143,0.0,23,24,5.3,,
00-0012953,Carl Pickens,WR,CIN,1999,9,0,0,0.0,0,,0,10,4,0.0,0.2703,-0.0,23,21,20.4,,
00-0012953,Carl Pickens,WR,CIN,1999,10,0,0,0.0,0,,0,7,4,0.0,0.2188,,19,17,4.8,,
00-0012953,Carl Pickens,WR,CIN,1999,11,0,0,0.0,0,,0,5,2,0.0,0.1389,0.0,23,18,13.4,,
00-0012953,Carl Pickens,WR,CIN,1999,12,0,0,0.0,0,,0,8,2,0.0,0.2857,0.0,35,32,6.1,,
00-0012953,Carl Pickens,WR,CIN,1999,13,0,0,0.0,0,,0,8,7,0.0,0.2759,,28,31,29.7,,
00-0012953,Carl Pickens,WR,CIN,1999,14,0,0,0.0,0,,0,4,3,0.0,0.1818,,53,46,7.6,,
00-0012953,Carl Pickens,WR,CIN,1999,16,0,0,0.0,0,,0,8,4,9,0.2222,0.3103,25,27,7.8,,
00-0012953,Carl Pickens,WR,CIN,1999,17,0,0,0.0,0,,0,6,3,16,0.2609,0.2462,18,18,6.1,,
00-0012971,Aaron Pierce,TE,BAL,1999,2,0,0,0.0,0,,0,2,2,0.0,0.0645,0.0,29,27,3.9,,
00-0012971,Aaron Pierce,TE,BAL,1999,3,0,0,0.0,0,,0,1,1,0.0,0.0455,0.0,37,30,2.3,,
00-0012971,Aaron Pierce,TE,BAL,1999,4,0,0,0.0,0,,0,3,1,0.0,0.1111,,34,28,1.4,,
00-0012971,Aaron Pierce,TE,BAL,1999,7,0,0,0.0,0,,0,5,2,0.0,0.102,0.0,27,25,5.5,,
00-0012971,Aaron Pierce,TE,BAL,1999,8,0,0,0.0,0,,0,1,0,0.0,0.0312,0.0,27,30,0.0,,
00-0012971,Aaron Pierce,TE,BAL,1999,9,0,0,0.0,0,,0,2,2,0.0,0.08,,38,34,3.7,,
00-0012971,Aaron Pierce,TE,BAL,1999,10,0,0,0.0,0,,0,2,1,0.0,0.0625,-0.0,24,24,-0.3,,
00-0012971,Aaron Pierce,TE,BAL,1999,11,0,0,0.0,0,,0,1,1,0.0,0.0263,0.0,26,29,1.4,,
00-0013013,Michael Pittman,RB,ARI,1999,1,0,0,0.0,0,,0,4,2,0.0,0.0851,0.0,36,35,4.6,,
00-0013013,Michael Pittman,RB,ARI,1999,2,1,1,1.891,0,,5,2,0,0.0,0.0714,0.0,28,27,0.9,,
00-0013013,Michael Pittman,RB,ARI,1999,3,0,0,0.0,0,,6,2,1,0.0,0.069,0.0,29,25,5.6,,
00-0013013,Michael Pittman,RB,ARI,1999,4,0,0,0.0,0,,4,5,4,0.0,0.1282,0.0,21,25,9.1,,
00-0013013,Michael Pittman,RB,ARI,1999,5,0,0,0.0,0,,8,1,1,0.0,0.037,,27,25,5.1,,
00-0013013,Michael Pittman,RB,ARI,1999,6,0,0,0.0,0,,2,2,2,0.0,0.05,0.0,20,26,6.8,,
00-0013013,Michael Pittman,RB,ARI,1999,8,0,0,0.0,0,,4,2,0,0.0,0.0513,,19,21,2.9,,
00-0013013,Michael Pittman,RB,ARI,1999,9,0,0,0.0,0,,9,3,2,0.0,0.1154,,18,21,13.2,,
00-0013013,Michael Pittman,RB,ARI,1999,10,0,0,0.0,0,,23,3,2,0.0,0.1034,,32,29,23.7,,
00-0013013,Michael Pittman,RB,ARI,1999,14,0,0,0.0,0,,3,3,2,0.0,0.1,0.0,14,17,3.6,,
00-0013042,Jake Plummer,QB,ARI,1999,1,48,25,-1.911,1,,6,0,0,0.0,0.0,0.0,36,35,11.5,,
00-0013042,Jake Plummer,QB,ARI,1999,2,27,11,-18.312,2,,2,0,0,0.0,0.0,0.0,28,27,-3.1,,
00-0013042,Jake Plummer,QB,ARI,1999,3,31,16,-10.625,5,,5,0,0,0.0,0.0,0.0,29,25,5.0,,
00-0013042,Jake Plummer,QB,ARI,1999,4,33,16,-11.91,1,,3,0,0,0.0,0.0,0.0,21,25,4.2,,
00-0013042,Jake Plummer,QB,ARI,1999,5,19,13,4.387,3,,3,0,0,0.0,0.0,,27,25,16.5,,
00-0013042,Jake Plummer,QB,ARI,1999,6,23,12,-13.118,2,,0,0,0,0.0,0.0,0.0,20,26,-0.0,,
00-0013042,Jake Plummer,QB,ARI,1999,12,18,12,5.874,1,,2,0,0,0.0,0.0,,34,36,13.0,,
00-0013042,Jake Plummer,QB,ARI,1999,13,37,20,0.449,1,,7,0,0,0.0,0.0,0.0,19,18,17.4,,
00-0013042,Jake Plummer,QB,ARI,1999,14,32,15,-13.587,5,,2,0,0,0.0,0.0,0.0,14,17,0.5,,
00-0013042,Jake Plummer,QB,ARI,1999,15,30,11,-5.006,2,,1,0,0,0.0,0.0,0.0,21,21,6.7,,
00-0013042,Jake Plummer,QB,ARI,1999,16,26,15,-5.284,1,,6,0,0,0.0,0.0,0.0,24,18,6.8,,
00-0013042,Jake Plummer,QB,ARI,1999,17,57,35,3.375,3,,2,0,0,0.0,0.0,0.0,24,30,16.1,,
00-0013080,Marcus Pollard,TE,IND,1999,2,0,0,0.0,0,,0,5,4,0.0,0.1667,0.0,33,34,6.4,,
00-0013080,Marcus Pollard,TE,IND,1999,3,0,0,0.0,0,,0,2,1,0.0,0.0377,0.0,22,20,2.5,,
00-0013080,Marcus Pollard,TE,IND,1999,5,0,0,0.0,0,,0,5,4,0.0,0.2083,0.0,24,25,22.4,,
00-0013080,Marcus Pollard,TE,IND,1999,6,0,0,0.0,0,,0,2,0,0.0,0.0571,0.0,28,31,0.0,,
00-0013080,Marcus Pollard,TE,IND,1999,7,0,0,0.0,0,,0,2,2,0.0,0.0606,0.0,28,27,3.6,,
00-0013080,Marcus Pollard,TE,IND,1999,8,0,0,0.0,0,,0,1,1,0.0,0.0294,,28,34,2.6,,
00-0013080,Marcus Pollard,TE,IND,1999,9,0,0,0.0,0,,0,2,2,0.0,0.0606,-0.0,23,28,5.0,,
00-0013080,Marcus Pollard,TE,IND,1999,10,0,0,0.0,0,,0,3,3,0.0,0.0857,0.0,19,21,4.7,,
00-0013080,Marcus Pollard,TE,IND,1999,11,0,0,0.0,0,,0,4,2,0.0,0.1333,-0.0,36,42,2.5,,
00-0013080,Marcus Pollard,TE,IND,1999,12,0,0,0.0,0,,0,2,2,0.0,0.069,0.0,27,31,9.2,,
00-0013080,Marcus Pollard,TE,IND,1999,13,0,0,0.0,0,,0,3,3,0.0,0.1034,0.0,25,26,5.0,,
00-0013080,Marcus Pollard,TE,IND,1999,14,0,0,0.0,0,,0,4,3,0.0,0.1481,,25,22,12.2,,
00-0013080,Marcus Pollard,TE,IND,1999,15,0,0,0.0,0,,0,5,3,16,0.1351,1.0,23,26,8.0,,
00-0013080,Marcus Pollard,TE,IND,1999,16,0,0,0.0,0,,0,4,2,0.0,0.0952,,30,31,4.4,,
00-0013080,Marcus Pollard,TE,IND,1999,17,0,0,0.0,0,,0,3,2,0.0,0.0857,0.0,19,25,2.9,,
00-0013097,Keith Poole,WR,NO,1999,1,0,0,0.0,0,,0,6,3,0.0,0.2857,,41,33,17.9,,
00-0013097,Keith Poole,WR,NO,1999,2,0,0,0.0,0,,0,3,2,55,0.0811,0.679,30,27,14.9,,
00-0013097,Keith Poole,WR,NO,1999,4,0,0,0.0,0,,0,6,2,0.0,0.2143,,35,33,6.5,,
00-0013097,Keith Poole,WR,NO,1999,5,0,0,0.0,0,,0,5,3,0.0,0.1316,0.0,24,26,8.0,,
00-0013097,Keith Poole,WR,NO,1999,6,0,0,0.0,0,,0,5,2,23,0.1136,0.0796,21,21,4.5,,
00-0013097,Keith Poole,WR,NO,1999,8,0,0,0.0,0,,0,3,3,0.0,0.1071,0.0,50,48,11.3,,
00-0013097,Keith Poole,WR,NO,1999,9,0,0,0.0,0,,0,8,3,44,0.2286,0.8462,23,24,11.3,,
00-0013097,Keith Poole,WR,NO,1999,10,0,0,0.0,0,,0,3,2,0.0,0.2,,39,37,9.4,,
00-0013097,Keith Poole,WR,NO,1999,11,0,0,0.0,0,,0,4,3,0.0,0.1481,0.0,29,26,7.4,,
00-0013097,Keith Poole,WR,NO,1999,12,0,0,0.0,0,,0,5,1,0.0,0.1087,0.0,28,30,2.8,,
00-0013097,Keith Poole,WR,NO,1999,13,0,0,0.0,0,,0,3,1,0.0,0.0811,0.0,26,31,1.8,,
00-0013097,Keith Poole,WR,NO,1999,14,0,0,0.0,0,,0,8,3,129,0.2963,0.733,18,20,11.3,,
00-0013097,Keith Poole,WR,NO,1999,15,0,0,0.0,0,,0,8,4,49,0.1702,0.6712,16,18,15.1,,
00-0013097,Keith Poole,WR,NO,1999,16,0,0,0.0,0,,0,6,4,0.0,0.2222,0.0,29,26,19.0,,
00-0013097,Keith Poole,WR,NO,1999,17,0,0,0.0,0,,1,13,6,11,0.2766,0.1964,25,20,17.8,,
00-0013173,Marvin Powell,RB,NO,1999,7,0,0,0.0,0,,1,0,0,0.0,0.0,0.0,27,27,0.1,,
00-0013173,Marvin Powell,RB,NO,1999,8,0,0,0.0,0,,0,1,0,0.0,0.0357,0.0,50,48,0.0,,
00-0013176,Ronnie Powell,WR,CLE,1999,4,0,0,0.0,0,,1,0,0,0.0,0.0,,20,20,-1.4,,
00-0013176,Ronnie Powell,WR,CLE,1999,14,0,0,0.0,0,,0,1,1,0.0,0.0263,0.0,11,12,5.5,,
00-0013232,Peerless Price,WR,BUF,1999,1,0,0,0.0,0,,0,3,3,0.0,0.0714,0.0,15,7,8.1,,
00-0013232,Peerless Price,WR,BUF,1999,2,0,0,0.0,0,,0,2,0,0.0,0.0833,,47,30,0.0,,
00-0013232,Peerless Price,WR,BUF,1999,3,0,0,0.0,0,,0,3,1,39,0.1034,1.0,40,16,1.9,,
00-0013232,Peerless Price,WR,BUF,1999,4,0,0,0.0,0,,0,1,0,0.0,0.04,,27,12,0.0,,
00-0013232,Peerless Price,WR,BUF,1999,5,0,0,0.0,0,,0,2,0,23,0.0625,0.079,33,11,0.0,,
00-0013232,Peerless Price,WR,BUF,1999,6,0,0,0.0,0,,0,6,2,72,0.15,0.1481,13,5,5.0,,
00-0013232,Peerless Price,WR,BUF,1999,7,0,0,0.0,0,,0,10,5,25,0.2,0.7353,25,10,21.6,,
00-0013232,Peerless Price,WR,BUF,1999,8,0,0,0.0,0,,0,7,3,0.0,0.175,0.0,29,6,5.6,,
00-0013232,Peerless Price,WR,BUF,1999,10,0,0,0.0,0,,0,1,1,0.0,0.0526,,48,34,1.9,,
00-0013232,Peerless Price,WR,BUF,1999,11,0,0,0.0,0,,0,7,3,0.0,0.1795,-0.0,17,2,10.2,,
00-0013232,Peerless Price,WR,BUF,1999,12,0,0,0.0,0,,1,5,1,0.0,0.3333,,35,13,1.0,,
00-0013232,Peerless Price,WR,BUF,1999,14,0,0,0.0,0,,0,8,2,53,0.25,1.0,28,16,3.6,,
00-0013232,Peerless Price,WR,BUF,1999,15,0,0,0.0,0,,0,4,3,0.0,0.1333,0.0,41,14,6.4,,
00-0013232,Peerless Price,WR,BUF,1999,16,0,0,0.0,0,,0,8,5,0.0,0.2286,,41,15,11.2,,
00-0013232,Peerless Price,WR,BUF,1999,17,0,0,0.0,0,,0,2,2,0.0,0.0625,,31,6,11.1,,
00-0013258,Mike Pritchard,WR,SEA,1999,2,0,0,0.0,0,,0,2,1,0.0,0.0667,,28,26,3.1,,
00-0013258,Mike Pritchard,WR,SEA,1999,3,0,0,0.0,0,,0,10,6,0.0,0.3448,,34,31,15.0,,
00-0013258,Mike Pritchard,WR,SEA,1999,4,0,0,0.0,0,,0,9,3,0.0,0.3,0.0,26,29,8.9,,
00-0013258,Mike Pritchard,WR,SEA,1999,6,0,0,0.0,0,,0,5,3,18,0.1852,1.0,27,23,5.4,,
00-0013258,Mike Pritchard,WR,SEA,1999,8,0,0,0.0,0,,0,2,1,0.0,0.1053,,36,32,2.1,,
00-0013258,Mike Pritchard,WR,SEA,1999,9,0,0,0.0,0,,0,5,3,0.0,0.2083,0.0,37,37,15.1,,
00-0013258,Mike Pritchard,WR,SEA,1999,10,0,0,0.0,0,,0,1,0,0.0,0.0323,0.0,21,20,0.0,,
00-0013258,Mike Pritchard,WR,SEA,1999,11,0,0,0.0,0,,0,4,1,0.0,0.1333,0.0,32,29,2.2,,
00-0013258,Mike Pritchard,WR,SEA,1999,12,0,0,0.0,0,,0,1,1,0.0,0.0294,0.0,22,21,2.1,,
00-0013258,Mike Pritchard,WR,SEA,1999,13,0,0,0.0,0,,0,3,2,0.0,0.0789,0.0,19,20,4.6,,
00-0013258,Mike Pritchard,WR,SEA,1999,14,0,0,0.0,0,,0,2,2,0.0,0.0526,0.0,21,22,4.1,,
00-0013258,Mike Pritchard,WR,SEA,1999,15,0,0,0.0,0,,0,3,2,0.0,0.0732,,17,19,10.7,,
00-0013258,Mike Pritchard,WR,SEA,1999,17,0,0,0.0,0,,0,1,1,0.0,0.0233,0.0,12,12,2.2,,
00-0013262,Stanley Pritchett,RB,MIA,1999,4,0,0,0.0,0,,1,2,1,0.0,0.0476,0.0,24,28,2.7,,
00-0013262,Stanley Pritchett,RB,MIA,1999,5,0,0,0.0,0,,1,3,2,0.0,0.0789,,28,27,3.9,,
00-0013262,Stanley Pritchett,RB,MIA,1999,6,0,0,0.0,0,,3,7,6,0.0,0.1667,0.0,32,34,16.1,,
00-0013262,Stanley Pritchett,RB,MIA,1999,7,0,0,0.0,0,,2,1,1,0.0,0.05,0.0,39,35,1.5,,
00-0013262,Stanley Pritchett,RB,MIA,1999,8,0,0,0.0,0,,0,4,3,0.0,0.129,,42,42,4.9,,
00-0013262,Stanley Pritchett,RB,MIA,1999,9,0,0,0.0,0,,0,2,2,0.0,0.0833,,27,28,9.5,,
00-0013262,Stanley Pritchett,RB,MIA,1999,10,0,0,0.0,0,,0,1,1,0.0,0.04,0.0,19,20,1.4,,
00-0013262,Stanley Pritchett,RB,MIA,1999,11,0,0,0.0,0,,0,2,2,0.0,0.0625,,36,34,3.3,,
00-0013262,Stanley Pritchett,RB,MIA,1999,12,0,0,0.0,0,,0,9,5,14,0.225,0.175,20,25,10.9,,
00-0013262,Stanley Pritchett,RB,MIA,1999,13,0,0,0.0,0,,1,3,3,0.0,0.0833,0.0,22,28,9.9,,
00-0013262,Stanley Pritchett,RB,MIA,1999,14,0,0,0.0,0,,17,9,7,0.0,0.1957,0.0,19,26,23.9,,
00-0013262,Stanley Pritchett,RB,MIA,1999,15,0,0,0.0,0,,15,4,3,0.0,0.1176,,23,24,9.0,,
00-0013262,Stanley Pritchett,RB,MIA,1999,16,0,0,0.0,0,,5,7,4,1,0.1346,0.0196,24,28,15.3,,
00-0013262,Stanley Pritchett,RB,MIA,1999,17,0,0,0.0,0,,2,4,3,0.0,0.08,0.0,26,29,7.7,,
00-0013268,Ricky Proehl,WR,LA,1999,3,0,0,0.0,0,,0,2,0,0.0,0.08,,34,28,0.0,,
00-0013268,Ricky Proehl,WR,LA,1999,4,0,0,0.0,0,,0,1,1,0.0,0.0455,,28,22,3.7,,
00-0013268,Ricky Proehl,WR,LA,1999,5,0,0,0.0,0,,0,1,1,0.0,0.0435,0.0,28,24,1.6,,
00-0013268,Ricky Proehl,WR,LA,1999,7,0,0,0.0,0,,0,8,5,0.0,0.2353,,29,36,7.9,,
00-0013268,Ricky Proehl,WR,LA,1999,8,0,0,0.0,0,,0,4,4,0.0,0.0909,,19,24,8.5,,
00-0013268,Ricky Proehl,WR,LA,1999,9,0,0,0.0,0,,0,7,4,0.0,0.1628,0.0,16,22,7.6,,
00-0013268,Ricky Proehl,WR,LA,1999,10,0,0,0.0,0,,0,3,2,0.0,0.1034,0.0,20,19,3.8,,
00-0013268,Ricky Proehl,WR,LA,1999,11,0,0,0.0,0,,0,1,0,0.0,0.027,0.0,30,25,0.0,,
00-0013268,Ricky Proehl,WR,LA,1999,13,0,0,0.0,0,,0,4,4,0.0,0.125,0.0,33,28,7.1,,
00-0013268,Ricky Proehl,WR,LA,1999,14,0,0,0.0,0,,0,2,2,22,0.0645,0.1134,34,34,4.3,,
00-0013268,Ricky Proehl,WR,LA,1999,15,0,0,0.0,0,,0,1,1,0.0,0.0312,,27,23,4.0,,
00-0013268,Ricky Proehl,WR,LA,1999,16,0,0,0.0,0,,0,4,2,0.0,0.0976,0.0,27,33,3.9,,
00-0013268,Ricky Proehl,WR,LA,1999,17,0,0,0.0,0,,0,6,5,0.0,0.1579,0.0,26,14,11.1,,
00-0013298,Alfred Pupunu,TE,LAC,1999,2,0,0,0.0,0,,0,2,2,0.0,0.0667,,35,38,3.0,,
00-0013298,Alfred Pupunu,TE,LAC,1999,4,0,0,0.0,0,,0,1,1,0.0,0.037,0.0,17,24,1.6,,
00-0013298,Alfred Pupunu,TE,LAC,1999,6,0,0,0.0,0,,0,2,1,4,0.0465,0.1176,21,33,1.1,,
00-0013308,Lovett Purnell,TE,BAL,1999,2,0,0,0.0,0,,0,3,2,0.0,0.0968,0.0,29,27,3.0,,
00-0013422,Walter Rasby,TE,DET,1999,3,0,0,0.0,0,,0,1,1,0.0,0.0333,0.0,22,20,7.3,,
00-0013422,Walter Rasby,TE,DET,1999,6,0,0,0.0,0,,0,1,0,0.0,0.0278,,25,25,0.0,,
00-0013422,Walter Rasby,TE,DET,1999,11,0,0,0.0,0,,0,1,0,0.0,0.0286,0.0,23,21,0.0,,
00-0013422,Walter Rasby,TE,DET,1999,12,0,0,0.0,0,,0,2,2,0.0,0.0476,,29,27,3.6,,
00-0013499,Andre Reed,WR,BUF,1999,1,0,0,0.0,0,,0,9,4,0.0,0.2143,0.0,15,7,13.9,,
00-0013499,Andre Reed,WR,BUF,1999,2,0,0,0.0,0,,0,5,4,0.0,0.2083,,47,30,7.5,,
00-0013499,Andre Reed,WR,BUF,1999,3,0,0,0.0,0,,0,3,3,0.0,0.1034,0.0,40,16,7.1,,
00-0013499,Andre Reed,WR,BUF,1999,4,0,0,0.0,0,,0,5,0,0.0,0.2,,27,12,0.0,,
00-0013499,Andre Reed,WR,BUF,1999,5,0,0,0.0,0,,0,6,6,56,0.1875,0.1924,33,11,12.8,,
00-0013499,Andre Reed,WR,BUF,1999,6,0,0,0.0,0,,0,10,2,124,0.25,0.2551,13,5,4.3,,
00-0013499,Andre Reed,WR,BUF,1999,7,0,0,0.0,0,,0,12,4,0.0,0.24,0.0,25,10,7.1,,
00-0013499,Andre Reed,WR,BUF,1999,8,0,0,0.0,0,,0,14,7,38,0.35,1.0,29,6,14.6,,
00-0013499,Andre Reed,WR,BUF,1999,9,0,0,0.0,0,,0,5,4,0.0,0.2273,,49,20,9.1,,
00-0013499,Andre Reed,WR,BUF,1999,10,0,0,0.0,0,,0,2,2,0.0,0.1053,,48,34,4.3,,
00-0013499,Andre Reed,WR,BUF,1999,11,0,0,0.0,0,,0,4,4,0.0,0.1026,-0.0,17,2,7.4,,
00-0013499,Andre Reed,WR,BUF,1999,12,0,0,0.0,0,,0,1,1,0.0,0.0667,,35,13,2.0,,
00-0013499,Andre Reed,WR,BUF,1999,14,0,0,0.0,0,,0,7,3,0.0,0.2188,0.0,28,16,7.0,,
00-0013499,Andre Reed,WR,BUF,1999,15,0,0,0.0,0,,0,3,3,0.0,0.1,0.0,41,14,7.2,,
00-0013499,Andre Reed,WR,BUF,1999,16,0,0,0.0,0,,0,1,0,0.0,0.0286,,41,15,0.0,,
00-0013499,Andre Reed,WR,BUF,1999,17,0,0,0.0,0,,0,6,5,0.0,0.1875,,31,6,7.3,,
00-0013512,Jake Reed,WR,MIN,1999,1,0,0,0.0,0,,0,4,2,0.0,0.125,,32,33,3.3,,
00-0013512,Jake Reed,WR,MIN,1999,2,0,0,0.0,0,,0,8,5,50,0.2162,0.9615,15,16,21.0,,
00-0013512,Jake Reed,WR,MIN,1999,3,0,0,0.0,0,,0,8,6,0.0,0.2667,0.0,29,31,16.8,,
00-0013512,Jake Reed,WR,MIN,1999,4,0,0,0.0,0,,0,4,2,0.0,0.1143,0.0,23,31,5.7,,
00-0013512,Jake Reed,WR,MIN,1999,5,0,0,0.0,0,,0,4,1,0.0,0.0909,0.0,20,19,3.3,,
00-0013512,Jake Reed,WR,MIN,1999,6,0,0,0.0,0,,0,3,3,0.0,0.1154,0.0,19,20,9.6,,
00-0013512,Jake Reed,WR,MIN,1999,7,0,0,0.0,0,,0,6,3,0.0,0.2143,0.0,31,25,7.2,,
00-0013512,Jake Reed,WR,MIN,1999,8,0,0,0.0,0,,0,6,3,0.0,0.2143,,24,23,4.8,,
00-0013512,Jake Reed,WR,MIN,1999,9,0,0,0.0,0,,0,2,0,0.0,0.069,0.0,32,27,0.0,,
00-0013512,Jake Reed,WR,MIN,1999,10,0,0,0.0,0,,0,1,0,15,0.0227,0.0444,28,29,0.0,,
00-0013512,Jake Reed,WR,MIN,1999,12,0,0,0.0,0,,0,5,4,0.0,0.119,0.0,29,30,14.6,,
00-0013512,Jake Reed,WR,MIN,1999,13,0,0,0.0,0,,0,8,6,0.0,0.186,0.0,24,34,12.3,,
00-0013512,Jake Reed,WR,MIN,1999,14,0,0,0.0,0,,0,6,3,0.0,0.2857,,35,34,7.1,,
00-0013512,Jake Reed,WR,MIN,1999,15,0,0,0.0,0,,0,10,5,0.0,0.3448,,26,27,12.3,,
00-0013512,Jake Reed,WR,MIN,1999,17,0,0,0.0,0,,0,2,1,0.0,0.0909,0.0,30,31,2.3,,
00-0013523,Robert Reed,WR,LAC,1999,13,0,0,-1.407,1,,0,1,1,0.0,0.0476,,44,42,-0.9,,
00-0013622,Errict Rhett,RB,BAL,1999,2,0,0,0.0,0,,22,1,0,0.0,0.0323,0.0,29,27,16.1,,
00-0013622,Errict Rhett,RB,BAL,1999,3,0,0,0.0,0,,22,3,3,0.0,0.1364,0.0,37,30,17.0,,
00-0013622,Errict Rhett,RB,BAL,1999,4,0,0,0.0,0,,27,2,0,0.0,0.0741,,34,28,13.6,,
00-0013622,Errict Rhett,RB,BAL,1999,5,0,0,0.0,0,,21,0,0,0.0,0.0,,26,25,5.9,,
00-0013622,Errict Rhett,RB,BAL,1999,7,0,0,0.0,0,,19,2,2,0.0,0.0408,0.0,27,25,14.6,,
00-0013622,Errict Rhett,RB,BAL,1999,8,0,0,0.0,0,,24,1,1,0.0,0.0312,0.0,27,30,9.1,,
00-0013622,Errict Rhett,RB,BAL,1999,9,0,0,0.0,0,,17,4,4,0.0,0.16,,38,34,29.8,,
00-0013622,Errict Rhett,RB,BAL,1999,10,0,0,0.0,0,,19,3,2,0.0,0.0938,-0.0,24,24,9.0,,
00-0013622,Errict Rhett,RB,BAL,1999,11,0,0,0.0,0,,23,5,3,0.0,0.1316,0.0,26,29,14.8,,
00-0013622,Errict Rhett,RB,BAL,1999,12,0,0,0.0,0,,13,4,3,-5,0.1176,1.0,22,27,15.2,,
00-0013622,Errict Rhett,RB,BAL,1999,13,0,0,0.0,0,,4,2,1,0.0,0.0667,,22,21,2.5,,
00-0013622,Errict Rhett,RB,BAL,1999,15,0,0,0.0,0,,11,4,4,0.0,0.1111,0.0,24,30,8.3,,
00-0013622,Errict Rhett,RB,BAL,1999,16,0,0,0.0,0,,12,1,1,0.0,0.0312,0.0,32,32,12.2,,
00-0013622,Errict Rhett,RB,BAL,1999,17,0,0,0.0,0,,2,0,0,0.0,0.0,0.0,23,30,0.0,,
00-0013639,Jerry Rice,WR,SF,1999,1,0,0,0.0,0,,0,9,2,0.0,0.2727,0.0,20,17,3.7,,
00-0013639,Jerry Rice,WR,SF,1999,2,0,0,0.0,0,,0,9,5,13,0.2571,1.0,23,24,9.7,,
00-0013639,Jerry Rice,WR,SF,1999,3,0,0,0.0,0,,0,10,3,0.0,0.3571,-0.0,36,36,11.8,,
00-0013639,Jerry Rice,WR,SF,1999,4,0,0,0.0,0,,0,8,6,0.0,0.2424,,26,20,11.6,,
00-0013639,Jerry Rice,WR,SF,1999,5,0,0,0.0,0,,1,7,4,0.0,0.1944,0.0,21,24,8.4,,
00-0013639,Jerry Rice,WR,SF,1999,6,0,0,0.0,0,,0,12,5,37,0.2727,0.3426,24,22,16.9,,
00-0013639,Jerry Rice,WR,SF,1999,7,0,0,0.0,0,,0,7,5,0.0,0.2,-0.0,21,16,9.5,,
00-0013639,Jerry Rice,WR,SF,1999,9,0,0,0.0,0,,0,4,2,1,0.1212,0.0385,34,28,2.2,,
00-0013639,Jerry Rice,WR,SF,1999,10,0,0,0.0,0,,0,5,4,0.0,0.1613,0.0,19,14,7.1,,
00-0013639,Jerry Rice,WR,SF,1999,11,0,0,0.0,0,,0,7,3,10,0.2593,0.2174,25,16,5.3,,
00-0013639,Jerry Rice,WR,SF,1999,12,0,0,0.0,0,,0,8,4,0.0,0.2286,0.0,23,21,10.3,,
00-0013639,Jerry Rice,WR,SF,1999,13,0,0,0.0,0,,0,15,9,0.0,0.3333,-0.0,23,23,36.7,,
00-0013639,Jerry Rice,WR,SF,1999,14,0,0,0.0,0,,0,3,2,0.0,0.12,,44,38,3.7,,
00-0013639,Jerry Rice,WR,SF,1999,15,0,0,0.0,0,,1,6,2,0.0,0.1395,0.0,18,23,14.7,,
00-0013639,Jerry Rice,WR,SF,1999,16,1,0,-0.669,0,,0,5,5,0.0,0.1667,0.0,37,24,9.4,,
00-0013639,Jerry Rice,WR,SF,1999,17,0,0,0.0,0,,0,9,6,0.0,0.2727,,24,21,20.3,,
00-0013712,Mikhael Ricks,TE,LAC,1999,2,0,0,0.0,0,,0,5,4,0.0,0.1667,,35,38,14.6,,
00-0013712,Mikhael Ricks,TE,LAC,1999,3,0,0,0.0,0,,0,2,1,0.0,0.0588,0.0,25,23,1.9,,
00-0013712,Mikhael Ricks,TE,LAC,1999,4,0,0,0.0,0,,1,3,0,0.0,0.1111,0.0,17,24,0.7,,
00-0013712,Mikhael Ricks,TE,LAC,1999,5,0,0,0.0,0,,0,1,0,0.0,0.0294,0.0,24,32,0.0,,
00-0013712,Mikhael Ricks,TE,LAC,1999,6,1,0,-0.347,0,,0,5,2,0.0,0.1163,0.0,21,33,4.2,,
00-0013712,Mikhael Ricks,TE,LAC,1999,7,0,0,0.0,0,,1,9,6,47,0.1667,0.4947,27,30,10.6,,
00-0013712,Mikhael Ricks,TE,LAC,1999,8,0,0,0.0,0,,0,1,1,0.0,0.0323,0.0,20,26,1.9,,
00-0013712,Mikhael Ricks,TE,LAC,1999,9,0,0,0.0,0,,0,8,5,0.0,0.2162,0.0,19,27,9.1,,
00-0013712,Mikhael Ricks,TE,LAC,1999,10,0,0,0.0,0,,0,4,2,0.0,0.129,,16,19,3.2,,
00-0013712,Mikhael Ricks,TE,LAC,1999,11,0,0,0.0,0,,0,4,2,0.0,0.0889,,27,35,3.9,,
00-0013712,Mikhael Ricks,TE,LAC,1999,12,0,0,0.0,0,,0,7,5,0.0,0.1795,0.0,20,26,11.4,,
00-0013712,Mikhael Ricks,TE,LAC,1999,13,0,0,0.0,0,,0,3,2,0.0,0.1429,,44,42,3.8,,
00-0013712,Mikhael Ricks,TE,LAC,1999,14,0,0,0.0,0,,0,6,1,0.0,0.1765,0.0,39,44,1.7,,
00-0013712,Mikhael Ricks,TE,LAC,1999,15,0,0,0.0,0,,0,6,3,0.0,0.1667,,21,31,5.9,,
00-0013712,Mikhael Ricks,TE,LAC,1999,16,0,0,0.0,0,,0,6,4,0.0,0.1667,0.0,21,23,9.1,,
00-0013712,Mikhael Ricks,TE,LAC,1999,17,0,0,0.0,0,,0,4,2,0.0,0.1739,0.0,34,39,4.0,,
00-0013728,Jay Riemersma,TE,BUF,1999,1,0,0,0.0,0,,0,4,0,20,0.0952,1.0,15,7,0.0,,
00-0013728,Jay Riemersma,TE,BUF,1999,2,0,0,0.0,0,,0,2,2,0.0,0.0833,,47,30,4.9,,
00-0013728,Jay Riemersma,TE,BUF,1999,3,0,0,0.0,0,,0,2,2,0.0,0.069,0.0,40,16,10.2,,
00-0013728,Jay Riemersma,TE,BUF,1999,4,0,0,0.0,0,,0,5,4,0.0,0.2,,27,12,12.5,,
00-0013728,Jay Riemersma,TE,BUF,1999,5,0,0,0.0,0,,0,9,4,64,0.2812,0.2199,33,11,13.5,,
00-0013728,Jay Riemersma,TE,BUF,1999,6,0,0,0.0,0,,0,4,2,42,0.1,0.0864,13,5,4.6,,
00-0013728,Jay Riemersma,TE,BUF,1999,7,0,0,0.0,0,,0,1,1,0.0,0.02,0.0,25,10,7.1,,
00-0013728,Jay Riemersma,TE,BUF,1999,8,0,0,0.0,0,,0,3,1,0.0,0.075,0.0,29,6,1.7,,
00-0013728,Jay Riemersma,TE,BUF,1999,9,0,0,0.0,0,,0,6,4,0.0,0.2727,,49,20,12.6,,
00-0013728,Jay Riemersma,TE,BUF,1999,10,0,0,0.0,0,,0,6,2,0.0,0.3158,,48,34,5.5,,
00-0013728,Jay Riemersma,TE,BUF,1999,11,0,0,0.0,0,,0,4,2,0.0,0.1026,-0.0,17,2,6.1,,
00-0013728,Jay Riemersma,TE,BUF,1999,15,0,0,0.0,0,,0,7,5,0.0,0.2333,0.0,41,14,17.2,,
00-0013728,Jay Riemersma,TE,BUF,1999,16,0,0,0.0,0,,0,9,6,0.0,0.2571,,41,15,9.9,,
00-0013728,Jay Riemersma,TE,BUF,1999,17,0,0,0.0,0,,0,3,2,0.0,0.0938,,31,6,4.8,,
00-0013770,Andre Rison,WR,KC,1999,1,0,0,0.0,0,,0,9,1,0.0,0.2195,0.0,17,18,2.2,,
00-0013770,Andre Rison,WR,KC,1999,2,0,0,0.0,0,,0,2,2,0.0,0.1176,-0.0,41,39,4.4,,
00-0013770,Andre Rison,WR,KC,1999,3,0,0,0.0,0,,0,3,1,0.0,0.1034,,35,21,1.8,,
00-0013770,Andre Rison,WR,KC,1999,4,0,0,0.0,0,,0,4,2,0.0,0.1081,0.0,38,23,4.5,,
00-0013770,Andre Rison,WR,KC,1999,5,0,0,0.0,0,,0,1,1,0.0,0.04,0.0,42,20,1.6,,
00-0013770,Andre Rison,WR,KC,1999,7,0,0,0.0,0,,0,1,0,0.0,0.0625,,35,21,0.0,,
00-0013770,Andre Rison,WR,KC,1999,9,0,0,0.0,0,,0,3,1,0.0,0.0938,,29,15,2.1,,
00-0013770,Andre Rison,WR,KC,1999,10,0,0,0.0,0,,0,1,0,0.0,0.027,0.0,22,13,0.0,,
00-0013770,Andre Rison,WR,KC,1999,11,0,0,0.0,0,,0,6,4,0.0,0.1463,0.0,25,12,8.2,,
00-0013770,Andre Rison,WR,KC,1999,12,0,0,0.0,0,,0,1,1,0.0,0.037,0.0,28,15,2.2,,
00-0013770,Andre Rison,WR,KC,1999,13,0,0,0.0,0,,0,4,3,0.0,0.1379,0.0,38,12,6.0,,
00-0013770,Andre Rison,WR,KC,1999,14,0,0,0.0,0,,0,3,2,0.0,0.1034,,40,14,4.1,,
00-0013770,Andre Rison,WR,KC,1999,15,0,0,0.0,0,,0,3,0,0.0,0.1429,,32,20,0.0,,
00-0013770,Andre Rison,WR,KC,1999,16,0,0,0.0,0,,0,1,1,0.0,0.0238,0.0,22,8,1.7,,
00-0013770,Andre Rison,WR,KC,1999,17,0,0,0.0,0,,0,3,2,0.0,0.0811,,38,11,4.0,,
00-0013785,Ron Rivers,RB,DET,1999,1,0,0,0.0,0,,16,4,4,0.0,0.1538,0.0,36,28,17.5,,
00-0013785,Ron Rivers,RB,DET,1999,2,0,0,0.0,0,,17,2,1,17,0.1333,0.4048,32,23,7.5,,
00-0013785,Ron Rivers,RB,DET,1999,3,0,0,0.0,0,,13,3,3,0.0,0.1,0.0,22,20,20.2,,
00-0013785,Ron Rivers,RB,DET,1999,5,0,0,0.0,0,,13,9,9,0.0,0.2432,0.0,24,26,18.3,,
00-0013785,Ron Rivers,RB,DET,1999,6,0,0,0.0,0,,11,2,1,0.0,0.0556,,25,25,6.1,,
00-0013785,Ron Rivers,RB,DET,1999,7,0,0,0.0,0,,1,0,0,0.0,0.0,-0.0,27,25,-0.2,,
00-0013785,Ron Rivers,RB,DET,1999,17,0,0,0.0,0,,11,4,4,0.0,0.087,0.0,14,16,5.4,,
00-0013792,Michael Roan,TE,TEN,1999,2,0,0,0.0,0,,0,3,1,0.0,0.075,,34,38,1.9,,
00-0013792,Michael Roan,TE,TEN,1999,3,0,0,0.0,0,,0,3,1,1,0.0938,1.0,26,25,8.2,,
00-0013792,Michael Roan,TE,TEN,1999,4,0,0,0.0,0,,0,5,3,0.0,0.125,0.0,21,23,5.4,,
00-0013792,Michael Roan,TE,TEN,1999,5,0,0,0.0,0,,0,2,1,0.0,0.0571,,24,27,1.7,,
00-0013792,Michael Roan,TE,TEN,1999,6,0,0,0.0,0,,0,1,0,0.0,0.04,0.0,35,30,0.0,,
00-0013792,Michael Roan,TE,TEN,1999,13,0,0,0.0,0,,0,1,0,0.0,0.02,0.0,14,16,0.0,,
00-0013792,Michael Roan,TE,TEN,1999,14,0,0,0.0,0,,0,1,1,0.0,0.0526,0.0,33,34,2.3,,
00-0013792,Michael Roan,TE,TEN,1999,16,0,0,0.0,0,,0,3,1,0.0,0.0789,,37,33,7.4,,
00-0013792,Michael Roan,TE,TEN,1999,17,0,0,0.0,0,,0,1,1,0.0,0.0455,0.0,33,29,9.4,,
00-0013888,Marcus Robinson,WR,CHI,1999,1,0,0,0.0,0,,0,4,4,0.0,0.087,,28,27,8.7,,
00-0013888,Marcus Robinson,WR,CHI,1999,2,0,0,0.0,0,,0,6,3,0.0,0.1364,,30,29,7.2,,
00-0013888,Marcus Robinson,WR,CHI,1999,3,0,0,0.0,0,,0,4,2,0.0,0.1143,0.0,16,19,4.9,,
00-0013888,Marcus Robinson,WR,CHI,1999,4,0,0,0.0,0,,0,5,1,0.0,0.1163,0.0,28,28,1.5,,
00-0013888,Marcus Robinson,WR,CHI,1999,5,0,0,0.0,0,,0,11,8,0.0,0.2619,,33,33,23.0,,
00-0013888,Marcus Robinson,WR,CHI,1999,6,0,0,0.0,0,,0,11,4,179,0.3333,0.528,29,27,23.6,,
00-0013888,Marcus Robinson,WR,CHI,1999,7,0,0,0.0,0,,0,11,5,0.0,0.2558,0.0,24,23,13.0,,
00-0013888,Marcus Robinson,WR,CHI,1999,8,0,0,0.0,0,,0,14,9,0.0,0.2456,0.0,26,29,37.1,,
00-0013888,Marcus Robinson,WR,CHI,1999,9,0,0,0.0,0,,0,9,4,8,0.2647,0.0889,29,27,10.6,,
00-0013888,Marcus Robinson,WR,CHI,1999,10,0,0,0.0,0,,0,12,7,134,0.25,0.4573,22,27,27.8,,
00-0013888,Marcus Robinson,WR,CHI,1999,11,0,0,0.0,0,,0,7,6,0.0,0.1795,,28,27,28.3,,
00-0013888,Marcus Robinson,WR,CHI,1999,12,0,0,0.0,0,,0,8,4,0.0,0.2051,0.0,12,15,10.1,,
00-0013888,Marcus Robinson,WR,CHI,1999,13,0,0,0.0,0,,0,7,3,0.0,0.1795,0.0,24,26,5.5,,
00-0013888,Marcus Robinson,WR,CHI,1999,15,0,0,0.0,0,,0,15,11,193,0.4167,0.6844,32,23,46.0,,
00-0013888,Marcus Robinson,WR,CHI,1999,16,0,0,0.0,0,,0,12,6,0.0,0.2222,,17,18,15.3,,
00-0013888,Marcus Robinson,WR,CHI,1999,17,0,0,0.0,0,,0,13,7,0.0,0.3171,0.0,18,15,15.4,,
00-0014211,Rod Rutledge,TE,NE,1999,1,0,0,0.0,0,,0,1,1,0.0,0.0333,0.0,27,28,1.9,,
00-0014211,Rod Rutledge,TE,NE,1999,2,0,0,0.0,0,,0,2,1,0.0,0.0444,,27,32,1.7,,
00-0014211,Rod Rutledge,TE,NE,1999,5,0,0,0.0,0,,0,1,1,0.0,0.0238,0.0,19,22,1.8,,
00-0014211,Rod Rutledge,TE,NE,1999,6,0,0,0.0,0,,0,1,0,0.0,0.0278,0.0,14,18,0.0,,
00-0014211,Rod Rutledge,TE,NE,1999,8,0,0,0.0,0,,0,1,1,0.0,0.0476,0.0,43,45,2.0,,
00-0014211,Rod Rutledge,TE,NE,1999,10,0,0,0.0,0,,0,2,1,0.0,0.0571,0.0,20,21,2.3,,
00-0014211,Rod Rutledge,TE,NE,1999,12,0,0,0.0,0,,0,1,1,0.0,0.0333,0.0,25,29,1.7,,
00-0014211,Rod Rutledge,TE,NE,1999,13,0,0,0.0,0,,0,2,0,20,0.08,1.0526,36,32,0.0,,
00-0014211,Rod Rutledge,TE,NE,1999,15,0,0,0.0,0,,0,1,1,0.0,0.0227,0.0,27,33,2.2,,
00-0014256,Rashaan Salaam,RB,CLE,1999,6,0,0,0.0,0,,1,0,0,0.0,0.0,0.0,28,27,0.2,,
00-0014319,Chris Sanders,WR,TEN,1999,1,0,0,0.0,0,,0,3,2,0.0,0.0938,0.0,18,15,3.7,,
00-0014319,Chris Sanders,WR,TEN,1999,2,0,0,0.0,0,,0,2,2,0.0,0.05,,34,38,4.7,,
00-0014319,Chris Sanders,WR,TEN,1999,3,0,0,0.0,0,,0,1,0,0.0,0.0312,0.0,26,25,0.0,,
00-0014319,Chris Sanders,WR,TEN,1999,4,0,0,0.0,0,,0,1,1,0.0,0.025,0.0,21,23,4.2,,
00-0014319,Chris Sanders,WR,TEN,1999,5,0,0,0.0,0,,0,3,0,0.0,0.0857,,24,27,0.0,,
00-0014319,Chris Sanders,WR,TEN,1999,6,0,0,0.0,0,,0,7,2,17,0.28,0.1574,35,30,3.6,,
00-0014319,Chris Sanders,WR,TEN,1999,8,0,0,0.0,0,,0,1,0,0.0,0.0345,,31,22,0.0,,
00-0014319,Chris Sanders,WR,TEN,1999,9,0,0,0.0,0,,0,3,1,0.0,0.0769,0.0,23,20,5.0,,
00-0014319,Chris Sanders,WR,TEN,1999,11,0,0,0.0,0,,0,2,1,0.0,0.08,0.0,32,23,5.6,,
00-0014319,Chris Sanders,WR,TEN,1999,12,0,0,0.0,0,,0,1,0,0.0,0.0278,,33,29,0.0,,
00-0014319,Chris Sanders,WR,TEN,1999,13,0,0,0.0,0,,0,7,4,0.0,0.14,0.0,14,16,9.0,,
00-0014319,Chris Sanders,WR,TEN,1999,14,0,0,0.0,0,,0,1,0,0.0,0.0526,0.0,33,34,0.0,,
00-0014319,Chris Sanders,WR,TEN,1999,15,0,0,0.0,0,,0,10,5,0.0,0.3333,,28,24,21.0,,
00-0014319,Chris Sanders,WR,TEN,1999,16,0,0,0.0,0,,0,3,1,0.0,0.0789,,37,33,1.5,,
00-0014319,Chris Sanders,WR,TEN,1999,17,0,0,0.0,0,,0,3,1,0.0,0.1364,0.0,33,29,1.3,,
00-0014328,Frank Sanders,WR,ARI,1999,1,0,0,0.0,0,,0,16,5,15,0.3404,0.4688,36,35,10.0,,
00-0014328,Frank Sanders,WR,ARI,1999,2,0,0,0.0,0,,0,11,7,20,0.3929,0.2632,28,27,14.6,,
00-0014328,Frank Sanders,WR,ARI,1999,3,0,0,0.0,0,,0,9,7,0.0,0.3103,0.0,29,25,12.4,,
00-0014328,Frank Sanders,WR,ARI,1999,4,0,0,0.0,0,,0,11,2,42,0.2821,0.7,21,25,6.2,,
00-0014328,Frank Sanders,WR,ARI,1999,5,0,0,0.0,0,,0,8,5,0.0,0.2963,,27,25,8.7,,
00-0014328,Frank Sanders,WR,ARI,1999,6,0,0,0.0,0,,0,8,3,0.0,0.2,0.0,20,26,9.8,,
00-0014328,Frank Sanders,WR,ARI,1999,8,0,0,0.0,0,,0,12,4,0.0,0.3077,,19,21,7.4,,
00-0014328,Frank Sanders,WR,ARI,1999,9,0,0,0.0,0,,0,8,5,0.0,0.3077,,18,21,9.4,,
00-0014328,Frank Sanders,WR,ARI,1999,10,0,0,0.0,0,,0,10,5,0.0,0.3448,,32,29,13.6,,
00-0014328,Frank Sanders,WR,ARI,1999,11,0,0,0.0,0,,0,3,3,0.0,0.12,0.0,30,26,4.7,,
00-0014328,Frank Sanders,WR,ARI,1999,12,0,0,0.0,0,,0,8,6,0.0,0.2286,,34,36,13.3,,
00-0014328,Frank Sanders,WR,ARI,1999,13,1,0,-1.063,0,,0,9,6,0.0,0.2432,0.0,19,18,11.2,,
00-0014328,Frank Sanders,WR,ARI,1999,14,0,0,0.0,0,,0,4,0,0.0,0.1333,0.0,14,17,0.0,,
00-0014328,Frank Sanders,WR,ARI,1999,15,0,0,0.0,0,,0,12,5,0.0,0.4286,0.0,21,21,10.7,,
00-0014328,Frank Sanders,WR,ARI,1999,16,0,0,0.0,0,,0,4,3,0.0,0.1667,0.0,24,18,13.6,,
00-0014328,Frank Sanders,WR,ARI,1999,17,0,0,0.0,0,,0,20,13,6,0.3571,0.2143,24,30,30.8,,
00-0014350,O.J. Santiago,TE,ATL,1999,1,0,0,0.0,0,,0,6,2,0.0,0.1935,,23,21,7.3,,
00-0014350,O.J. Santiago,TE,ATL,1999,2,0,0,0.0,0,,0,4,2,0.0,0.1176,0.0,24,23,3.7,,
00-0014350,O.J. Santiago,TE,ATL,1999,3,0,0,0.0,0,,0,5,4,0.0,0.1613,0.0,22,21,6.9,,
00-0014350,O.J. Santiago,TE,ATL,1999,4,0,0,0.0,0,,0,3,1,0.0,0.0698,,26,29,1.9,,
00-0014350,O.J. Santiago,TE,ATL,1999,6,0,0,0.0,0,,0,1,0,0.0,0.0294,0.0,19,17,0.0,,
00-0014350,O.J. Santiago,TE,ATL,1999,8,0,0,0.0,0,,0,1,0,0.0,0.0476,,32,34,0.0,,
00-0014350,O.J. Santiago,TE,ATL,1999,9,0,0,0.0,0,,0,1,1,0.0,0.0385,0.0,11,15,1.2,,
00-0014350,O.J. Santiago,TE,ATL,1999,12,0,0,0.0,0,,0,3,1,0.0,0.075,,15,13,1.7,,
00-0014350,O.J. Santiago,TE,ATL,1999,15,0,0,0.0,0,,0,2,1,0.0,0.0476,0.0,19,16,3.0,,
00-0014350,O.J. Santiago,TE,ATL,1999,17,0,0,0.0,0,,0,4,3,0.0,0.1111,,21,18,6.7,,
00-0014489,Bill Schroeder,WR,GB,1999,1,0,0,0.0,0,,0,7,4,0.0,0.1667,0.0,20,24,14.2,,
00-0014489,Bill Schroeder,WR,GB,1999,2,0,0,0.0,0,,0,8,4,0.0,0.1951,0.0,31,33,12.7,,
00-0014489,Bill Schroeder,WR,GB,1999,3,0,0,0.0,0,,0,9,5,0.0,0.2432,,22,27,13.5,,
00-0014489,Bill Schroeder,WR,GB,1999,5,0,0,0.0,0,,0,10,7,0.0,0.2564,,23,27,22.8,,
00-0014489,Bill Schroeder,WR,GB,1999,6,0,0,0.0,0,,0,5,3,0.0,0.2632,0.0,11,11,7.1,,
00-0014489,Bill Schroeder,WR,GB,1999,7,0,0,0.0,0,,0,6,4,22,0.24,1.0,28,27,14.5,,
00-0014489,Bill Schroeder,WR,GB,1999,8,0,0,0.0,0,,0,7,3,0.0,0.1842,0.0,29,29,5.1,,
00-0014489,Bill Schroeder,WR,GB,1999,9,0,0,0.0,0,,0,4,4,0.0,0.1,0.0,29,30,9.7,,
00-0014489,Bill Schroeder,WR,GB,1999,10,0,0,0.0,0,,0,7,4,0.0,0.1458,0.0,17,23,10.1,,
00-0014489,Bill Schroeder,WR,GB,1999,11,0,0,0.0,0,,0,7,4,0.0,0.1795,,27,35,10.9,,
00-0014489,Bill Schroeder,WR,GB,1999,12,0,0,0.0,0,,0,6,4,0.0,0.1714,,22,24,9.8,,
00-0014489,Bill Schroeder,WR,GB,1999,13,0,0,0.0,0,,0,5,4,9,0.2083,0.3913,35,33,12.5,,
00-0014489,Bill Schroeder,WR,GB,1999,14,0,0,0.0,0,,0,8,6,14,0.2162,1.0,24,23,14.4,,
00-0014489,Bill Schroeder,WR,GB,1999,15,0,0,0.0,0,,0,11,6,0.0,0.2973,0.0,28,30,13.1,,
00-0014489,Bill Schroeder,WR,GB,1999,16,0,0,0.0,0,,0,15,6,0.0,0.3125,0.0,12,19,9.4,,
00-0014489,Bill Schroeder,WR,GB,1999,17,0,0,0.0,0,,0,8,6,0.0,0.2353,0.0,28,30,27.3,,
00-0014544,Darnay Scott,WR,CIN,1999,1,0,0,0.0,0,,0,12,7,0.0,0.3636,0.0,42,33,15.0,,
00-0014544,Darnay Scott,WR,CIN,1999,2,0,0,0.0,0,,0,12,6,0.0,0.4,0.0,17,16,14.8,,
00-0014544,Darnay Scott,WR,CIN,1999,3,0,0,0.0,0,,0,12,7,0.0,0.2791,0.0,28,26,14.8,,
00-0014544,Darnay Scott,WR,CIN,1999,4,0,0,0.0,0,,0,11,6,22,0.275,1.0,26,23,12.1,,
00-0014544,Darnay Scott,WR,CIN,1999,5,0,0,0.0,0,,0,12,8,0.0,0.3077,,36,35,19.0,,
00-0014544,Darnay Scott,WR,CIN,1999,6,0,0,0.0,0,,0,2,1,0.0,0.0571,-0.0,20,19,2.1,,
00-0014544,Darnay Scott,WR,CIN,1999,7,0,0,0.0,0,,0,6,5,0.0,0.1935,,26,24,15.9,,
00-0014544,Darnay Scott,WR,CIN,1999,8,0,0,0.0,0,,0,7,2,31,0.2,0.9118,23,24,3.1,,
00-0014544,Darnay Scott,WR,CIN,1999,9,0,0,0.0,0,,0,1,0,0.0,0.027,-0.0,23,21,0.0,,
00-0014544,Darnay Scott,WR,CIN,1999,10,0,0,0.0,0,,0,8,5,0.0,0.25,,19,17,19.5,,
00-0014544,Darnay Scott,WR,CIN,1999,11,0,0,0.0,0,,0,8,5,0.0,0.2222,0.0,23,18,23.7,,
00-0014544,Darnay Scott,WR,CIN,1999,12,0,0,0.0,0,,0,6,4,0.0,0.2143,0.0,35,32,22.3,,
00-0014544,Darnay Scott,WR,CIN,1999,13,0,0,0.0,0,,0,5,3,0.0,0.1724,,28,31,17.0,,
00-0014544,Darnay Scott,WR,CIN,1999,14,0,0,0.0,0,,0,7,2,0.0,0.3182,,53,46,15.5,,
00-0014544,Darnay Scott,WR,CIN,1999,16,0,0,0.0,0,,0,10,5,0.0,0.2778,0.0,25,27,13.3,,
00-0014544,Darnay Scott,WR,CIN,1999,17,0,0,0.0,0,,0,4,2,0.0,0.1739,0.0,18,18,4.1,,
00-0014655,Mike Sellers,TE,WAS,1999,2,0,0,0.0,0,,0,1,1,0.0,0.0357,,41,35,1.3,,
00-0014655,Mike Sellers,TE,WAS,1999,3,0,0,0.0,0,,0,1,0,0.0,0.0357,,29,29,0.0,,
00-0014655,Mike Sellers,TE,WAS,1999,6,0,0,0.0,0,,0,2,1,15,0.0513,0.3947,34,31,2.7,,
00-0014655,Mike Sellers,TE,WAS,1999,7,0,0,0.0,0,,0,2,2,0.0,0.0571,,16,22,11.9,,
00-0014655,Mike Sellers,TE,WAS,1999,10,0,0,0.0,0,,0,2,1,4,0.0625,0.2667,27,28,4.2,,
00-0014655,Mike Sellers,TE,WAS,1999,12,0,0,0.0,0,,0,1,1,0.0,0.0278,0.0,32,29,7.6,,
00-0014655,Mike Sellers,TE,WAS,1999,13,0,0,0.0,0,,0,2,1,0.0,0.05,0.0,21,27,1.8,,
00-0014655,Mike Sellers,TE,WAS,1999,16,0,0,0.0,0,,0,1,0,0.0,0.0213,0.0,17,21,0.0,,
00-0014722,Shannon Sharpe,TE,DEN,1999,1,0,0,0.0,0,,0,11,7,0.0,0.2821,,26,28,11.7,,
00-0014722,Shannon Sharpe,TE,DEN,1999,2,0,0,0.0,0,,0,7,6,0.0,0.2414,0.0,26,32,11.2,,
00-0014722,Shannon Sharpe,TE,DEN,1999,3,0,0,0.0,0,,0,7,5,4,0.2593,1.0,20,21,8.9,,
00-0014722,Shannon Sharpe,TE,DEN,1999,4,0,0,0.0,0,,0,9,5,15,0.2727,0.1613,29,30,13.6,,
00-0014722,Shannon Sharpe,TE,DEN,1999,5,0,0,0.0,0,,0,3,0,0.0,0.1,0.0,28,23,0.0,,
00-0014729,Bobby Shaw,WR,PIT,1999,1,0,0,0.0,0,,0,3,3,0.0,0.0938,,57,52,5.6,,
00-0014729,Bobby Shaw,WR,PIT,1999,10,0,0,0.0,0,,0,2,0,0.0,0.0625,0.0,37,32,0.0,,
00-0014729,Bobby Shaw,WR,PIT,1999,11,0,0,0.0,0,,0,3,3,0.0,0.1071,-0.0,20,19,6.8,,
00-0014729,Bobby Shaw,WR,PIT,1999,12,0,0,0.0,0,,0,7,3,0.0,0.1556,0.0,31,31,12.6,,
00-0014729,Bobby Shaw,WR,PIT,1999,13,0,0,0.0,0,,0,5,4,0.0,0.1316,,15,15,9.2,,
00-0014729,Bobby Shaw,WR,PIT,1999,14,0,0,0.0,0,,0,8,4,0.0,0.186,,22,25,7.0,,
00-0014729,Bobby Shaw,WR,PIT,1999,15,0,0,0.0,0,,0,4,3,0.0,0.0952,0.0,28,29,15.9,,
00-0014729,Bobby Shaw,WR,PIT,1999,16,0,0,0.0,0,,0,1,1,0.0,0.0435,0.0,44,43,1.5,,
00-0014729,Bobby Shaw,WR,PIT,1999,17,0,0,0.0,0,,0,10,7,8,0.2564,1.0,29,27,26.1,,
00-0014742,Sedrick Shaw,RB,CLE,1999,1,0,0,0.0,0,,2,0,0,0.0,0.0,0.0,9,8,-0.1,,
00-0014742,Sedrick Shaw,RB,CLE,1999,2,0,0,0.0,0,,1,2,2,0.0,0.0833,,16,15,3.1,,
00-0014742,Sedrick Shaw,RB,CIN,1999,17,0,0,0.0,0,,4,1,1,0.0,0.0435,0.0,18,18,8.6,,
00-0014753,Kenny Shedd,WR,LV,1999,15,0,0,0.0,0,,0,1,0,0.0,0.0357,,37,38,0.0,,
00-0014753,Kenny Shedd,WR,LV,1999,17,0,0,0.0,0,,0,1,0,0.0,0.0233,0.0,30,37,6.0,,
00-0014759,Rashaan Shehee,RB,KC,1999,1,0,0,0.0,0,,4,3,2,0.0,0.0732,0.0,17,18,5.3,,
00-0014759,Rashaan Shehee,RB,KC,1999,2,0,0,0.0,0,,3,4,3,0.0,0.2353,-0.0,41,39,4.4,,
00-0014759,Rashaan Shehee,RB,KC,1999,3,0,0,0.0,0,,11,3,3,0.0,0.1034,,35,21,15.1,,
00-0014759,Rashaan Shehee,RB,KC,1999,4,0,0,0.0,0,,22,2,1,0.0,0.0541,0.0,38,23,10.9,,
00-0014759,Rashaan Shehee,RB,KC,1999,5,0,0,0.0,0,,5,0,0,0.0,0.0,0.0,42,20,2.8,,
00-0014759,Rashaan Shehee,RB,KC,1999,7,0,0,0.0,0,,5,0,0,0.0,0.0,,35,21,-0.5,,
00-0014759,Rashaan Shehee,RB,KC,1999,10,0,0,0.0,0,,10,3,3,0.0,0.0811,0.0,22,13,9.2,,
00-0014759,Rashaan Shehee,RB,KC,1999,11,0,0,0.0,0,,5,6,6,0.0,0.1463,0.0,25,12,12.2,,
00-0014790,Leslie Shepherd,WR,CLE,1999,1,0,0,0.0,0,,0,4,2,0.0,0.3077,0.0,9,8,5.2,,
00-0014790,Leslie Shepherd,WR,CLE,1999,2,0,0,0.0,0,,0,6,1,0.0,0.25,,16,15,1.7,,
00-0014790,Leslie Shepherd,WR,CLE,1999,3,0,0,0.0,0,,0,8,1,0.0,0.2667,0.0,24,25,2.4,,
00-0014790,Leslie Shepherd,WR,CLE,1999,4,0,0,0.0,0,,0,5,1,0.0,0.1852,,20,20,1.8,,
00-0014790,Leslie Shepherd,WR,CLE,1999,5,0,0,0.0,0,,0,4,3,0.0,0.1481,0.0,23,25,5.2,,
00-0014790,Leslie Shepherd,WR,CLE,1999,7,0,0,0.0,0,,1,12,6,0.0,0.3,0.0,15,20,15.0,,
00-0014790,Leslie Shepherd,WR,CLE,1999,8,0,0,0.0,0,,0,8,4,0.0,0.4211,,21,20,9.2,,
00-0014790,Leslie Shepherd,WR,CLE,1999,9,0,0,0.0,0,,0,6,3,0.0,0.1875,0.0,20,21,5.3,,
00-0014790,Leslie Shepherd,WR,CLE,1999,10,0,0,0.0,0,,0,5,2,20,0.1786,1.0,21,22,5.1,,
00-0014809,Paul Shields,RB,IND,1999,5,0,0,0.0,0,,0,1,1,0.0,0.0417,0.0,24,25,1.3,,
00-0014809,Paul Shields,RB,IND,1999,6,0,0,0.0,0,,0,2,1,2,0.0571,0.0351,28,31,1.9,,
00-0014809,Paul Shields,RB,IND,1999,7,0,0,0.0,0,,0,1,0,0.0,0.0303,0.0,28,27,0.0,,
00-0014809,Paul Shields,RB,IND,1999,9,0,0,0.0,0,,0,1,1,0.0,0.0303,-0.0,23,28,3.1,,
00-0014809,Paul Shields,RB,IND,1999,11,0,0,0.0,0,,0,2,1,0.0,0.0667,-0.0,36,42,1.4,,
00-0014809,Paul Shields,RB,IND,1999,15,0,0,0.0,0,,0,1,0,0.0,0.027,0.0,23,26,0.0,,
00-0014918,Tony Simmons,WR,NE,1999,1,0,0,0.0,0,,0,2,1,0.0,0.0667,0.0,27,28,12.8,,
00-0014918,Tony Simmons,WR,NE,1999,2,0,0,0.0,0,,0,2,2,0.0,0.0444,,27,32,3.6,,
00-0014918,Tony Simmons,WR,NE,1999,4,0,0,0.0,0,,0,5,4,0.0,0.122,,35,32,6.9,,
00-0014918,Tony Simmons,WR,NE,1999,5,0,0,0.0,0,,0,10,7,0.0,0.2381,0.0,19,22,17.7,,
00-0014918,Tony Simmons,WR,NE,1999,6,0,0,0.0,0,,0,7,3,0.0,0.1944,0.0,14,18,13.9,,
00-0014918,Tony Simmons,WR,NE,1999,8,0,0,0.0,0,,0,1,0,0.0,0.0476,0.0,43,45,0.0,,
00-0014918,Tony Simmons,WR,NE,1999,10,0,0,0.0,0,,0,3,1,0.0,0.0857,0.0,20,21,1.7,,
00-0014918,Tony Simmons,WR,NE,1999,11,0,0,0.0,0,,0,1,0,12,0.0323,0.3158,19,22,0.0,,
00-0014918,Tony Simmons,WR,NE,1999,12,0,0,0.0,0,,0,1,1,0.0,0.0333,0.0,25,29,2.0,,
00-0014918,Tony Simmons,WR,NE,1999,13,0,0,0.0,0,,0,1,0,0.0,0.04,0.0,36,32,0.0,,
00-0015048,David Sloan,TE,DET,1999,1,0,0,0.0,0,,0,3,3,0.0,0.1154,0.0,36,28,12.1,,
00-0015048,David Sloan,TE,DET,1999,2,0,0,0.0,0,,0,1,1,0.0,0.0667,0.0,32,23,14.4,,
00-0015048,David Sloan,TE,DET,1999,3,0,0,0.0,0,,0,5,4,0.0,0.1667,0.0,22,20,7.1,,
00-0015048,David Sloan,TE,DET,1999,5,0,0,0.0,0,,0,1,0,8,0.027,1.0,24,26,0.0,,
00-0015048,David Sloan,TE,DET,1999,6,0,0,0.0,0,,0,6,3,0.0,0.1667,,25,25,6.0,,
00-0015048,David Sloan,TE,DET,1999,7,0,0,0.0,0,,0,7,2,0.0,0.2593,-0.0,27,25,11.9,,
00-0015048,David Sloan,TE,DET,1999,8,0,0,0.0,0,,0,3,2,0.0,0.1579,,24,20,5.6,,
00-0015048,David Sloan,TE,DET,1999,9,0,0,0.0,0,,0,1,1,0.0,0.0286,,20,19,1.1,,
00-0015048,David Sloan,TE,DET,1999,10,0,0,0.0,0,,0,10,7,0.0,0.2564,,14,18,21.8,,
00-0015048,David Sloan,TE,DET,1999,11,0,0,0.0,0,,0,8,4,18,0.2286,0.3396,23,21,7.0,,
00-0015048,David Sloan,TE,DET,1999,12,0,0,0.0,0,,0,4,3,0.0,0.0952,,29,27,6.4,,
00-0015048,David Sloan,TE,DET,1999,13,0,0,0.0,0,,0,4,3,0.0,0.125,,15,14,7.4,,
00-0015048,David Sloan,TE,DET,1999,14,0,0,0.0,0,,0,3,1,0.0,0.0682,0.0,20,16,2.4,,
00-0015048,David Sloan,TE,DET,1999,15,0,0,0.0,0,,0,6,5,14,0.15,0.0449,19,19,9.9,,
00-0015048,David Sloan,TE,DET,1999,16,0,0,0.0,0,,0,8,5,0.0,0.2051,,12,10,10.0,,
00-0015048,David Sloan,TE,DET,1999,17,0,0,0.0,0,,0,6,3,0.0,0.1304,0.0,14,16,7.0,,
00-0015053,Scott Slutzker,TE,NO,1999,1,0,0,0.0,0,,0,2,0,0.0,0.0952,,41,33,0.0,,
00-0015053,Scott Slutzker,TE,NO,1999,4,0,0,0.0,0,,0,1,1,0.0,0.0357,,35,33,2.2,,
00-0015053,Scott Slutzker,TE,NO,1999,5,0,0,0.0,0,,0,4,2,7,0.1053,0.2414,24,26,3.4,,
00-0015053,Scott Slutzker,TE,NO,1999,6,0,0,0.0,0,,0,5,4,41,0.1136,0.1419,21,21,16.3,,
00-0015053,Scott Slutzker,TE,NO,1999,10,0,0,0.0,0,,0,1,1,0.0,0.0667,,39,37,2.1,,
00-0015053,Scott Slutzker,TE,NO,1999,11,0,0,0.0,0,,0,3,3,0.0,0.1111,0.0,29,26,9.4,,
00-0015053,Scott Slutzker,TE,NO,1999,12,0,0,0.0,0,,0,2,0,0.0,0.0435,0.0,28,30,0.0,,
00-0015063,Torrance Small,WR,PHI,1999,1,0,0,0.0,0,,0,1,0,37,0.0385,0.5873,26,24,0.0,,
00-0015063,Torrance Small,WR,PHI,1999,3,0,0,0.0,0,,0,4,1,0.0,0.1081,,12,18,2.2,,
00-0015063,Torrance Small,WR,PHI,1999,4,0,0,0.0,0,,0,4,2,21,0.1905,0.4773,26,24,3.5,,
00-0015063,Torrance Small,WR,PHI,1999,5,1,0,-0.162,0,,0,6,3,0.0,0.2222,0.0,27,27,7.8,,
00-0015063,Torrance Small,WR,PHI,1999,6,1,0,-0.48,0,,0,12,6,93,0.3158,0.3563,26,30,11.0,,
00-0015063,Torrance Small,WR,PHI,1999,7,0,0,0.0,0,,0,2,1,0.0,0.087,0.0,22,21,2.0,,
00-0015063,Torrance Small,WR,PHI,1999,8,0,0,0.0,0,,0,8,4,-2,0.2759,0.1538,31,30,21.9,,
00-0015063,Torrance Small,WR,PHI,1999,9,0,0,0.0,0,,0,10,4,11,0.3571,1.0,23,21,7.9,,
00-0015063,Torrance Small,WR,PHI,1999,10,0,0,0.0,0,,0,5,4,0.0,0.2381,,42,34,7.0,,
00-0015063,Torrance Small,WR,PHI,1999,11,0,0,0.0,0,,0,10,6,11,0.2778,0.3056,20,22,11.9,,
00-0015063,Torrance Small,WR,PHI,1999,12,0,0,0.0,0,,0,4,2,0.0,0.1481,,28,28,5.5,,
00-0015063,Torrance Small,WR,PHI,1999,13,0,0,0.0,0,,0,6,3,7,0.1935,1.0,37,34,5.4,,
00-0015063,Torrance Small,WR,PHI,1999,14,0,0,0.0,0,,0,5,4,0.0,0.1852,0.0,24,23,9.4,,
00-0015063,Torrance Small,WR,PHI,1999,15,0,0,0.0,0,,0,10,3,22,0.3846,0.9565,37,36,21.2,,
00-0015063,Torrance Small,WR,PHI,1999,17,0,0,0.0,0,,0,12,6,0.0,0.3871,0.0,23,21,21.8,,
00-0015082,Akili Smith,QB,CIN,1999,1,2,1,-0.13,0,,1,0,0,0.0,0.0,0.0,42,33,0.4,,
00-0015082,Akili Smith,QB,CIN,1999,2,17,10,-8.061,2,,2,0,0,0.0,0.0,0.0,17,16,2.4,,
00-0015082,Akili Smith,QB,CIN,1999,4,18,7,1.53,0,,3,0,0,0.0,0.0,0.0,26,23,8.3,,
00-0015082,Akili Smith,QB,CIN,1999,5,41,25,-3.789,4,,3,0,0,0.0,0.0,,36,35,17.7,,
00-0015082,Akili Smith,QB,CIN,1999,6,38,19,-9.294,4,,3,0,0,0.0,0.0,-0.0,20,19,5.0,,
00-0015082,Akili Smith,QB,CIN,1999,7,24,12,-10.092,5,,4,0,0,0.0,0.0,,26,24,9.1,,
00-0015082,Akili Smith,QB,CIN,1999,8,12,6,-11.586,4,,3,1,1,0.0,0.0286,0.0,23,24,4.3,,
00-0015091,Antowain Smith,RB,BUF,1999,1,0,0,0.0,0,,6,1,1,0.0,0.0238,0.0,15,7,2.6,,
00-0015091,Antowain Smith,RB,BUF,1999,2,0,0,0.0,0,,30,0,0,0.0,0.0,,47,30,15.3,,
00-0015091,Antowain Smith,RB,BUF,1999,3,0,0,0.0,0,,16,0,0,0.0,0.0,0.0,40,16,12.4,,
00-0015091,Antowain Smith,RB,BUF,1999,4,0,0,0.0,0,,12,0,0,0.0,0.0,,27,12,3.6,,
00-0015091,Antowain Smith,RB,BUF,1999,5,0,0,0.0,0,,11,0,0,0.0,0.0,0.0,33,11,0.7,,
00-0015091,Antowain Smith,RB,BUF,1999,6,0,0,0.0,0,,5,0,0,0.0,0.0,0.0,13,5,11.7,,
00-0015091,Antowain Smith,RB,BUF,1999,7,0,0,0.0,0,,10,0,0,0.0,0.0,0.0,25,10,3.4,,
00-0015091,Antowain Smith,RB,BUF,1999,8,0,0,0.0,0,,6,0,0,0.0,0.0,0.0,29,6,0.5,,
00-0015091,Antowain Smith,RB,BUF,1999,9,0,0,0.0,0,,20,0,0,0.0,0.0,,49,20,18.8,,
00-0015091,Antowain Smith,RB,BUF,1999,10,0,0,0.0,0,,29,0,0,0.0,0.0,,48,34,12.6,,
00-0015091,Antowain Smith,RB,BUF,1999,11,0,0,0.0,0,,2,0,0,0.0,0.0,-0.0,17,2,0.6,,
00-0015091,Antowain Smith,RB,BUF,1999,12,0,0,0.0,0,,9,1,1,0.0,0.0667,,35,13,5.4,,
00-0015091,Antowain Smith,RB,BUF,1999,14,0,0,0.0,0,,6,0,0,0.0,0.0,0.0,28,16,1.9,,
00-0015091,Antowain Smith,RB,BUF,1999,17,0,0,0.0,0,,3,0,0,0.0,0.0,,31,6,9.1,,
00-0015152,Detron Smith,RB,DEN,1999,2,0,0,0.0,0,,1,2,2,0.0,0.069,0.0,26,32,4.3,,
00-0015152,Detron Smith,RB,DEN,1999,15,0,0,0.0,0,,0,3,2,0.0,0.0769,0.0,33,36,2.7,,
00-0015161,Ed Smith,TE,PHI,1999,8,0,0,0.0,0,,0,1,0,0.0,0.0345,-0.0,31,30,0.0,,
00-0015161,Ed Smith,TE,PHI,1999,10,0,0,0.0,0,,0,1,0,0.0,0.0476,,42,34,0.0,,
00-0015165,Emmitt Smith,RB,DAL,1999,1,0,0,0.0,0,,23,4,4,0.0,0.0816,0.0,34,37,20.6,,
00-0015165,Emmitt Smith,RB,DAL,1999,2,0,0,0.0,0,,29,1,1,0.0,0.0476,0.0,37,37,24.0,,
00-0015165,Emmitt Smith,RB,DAL,1999,4,0,0,0.0,0,,22,0,0,0.0,0.0,,39,36,11.7,,
00-0015165,Emmitt Smith,RB,DAL,1999,5,0,0,0.0,0,,30,6,5,0.0,0.1538,0.0,32,37,23.5,,
00-0015165,Emmitt Smith,RB,DAL,1999,6,0,0,0.0,0,,22,2,0,0.0,0.0625,0.0,25,26,8.6,,
00-0015165,Emmitt Smith,RB,DAL,1999,7,0,0,0.0,0,,24,1,1,0.0,0.0312,,34,36,15.1,,
00-0015165,Emmitt Smith,RB,DAL,1999,8,0,0,0.0,0,,22,3,3,0.0,0.12,,26,31,24.9,,
00-0015165,Emmitt Smith,RB,DAL,1999,9,0,0,0.0,0,,13,2,1,0.0,0.0571,0.0,24,26,27.9,,
00-0015165,Emmitt Smith,RB,DAL,1999,11,0,0,0.0,0,,29,1,1,0.0,0.037,,34,35,14.3,,
00-0015165,Emmitt Smith,RB,DAL,1999,12,0,0,0.0,0,,31,0,0,0.0,0.0,,34,32,10.3,,
00-0015165,Emmitt Smith,RB,DAL,1999,13,0,0,0.0,0,,19,3,3,0.0,0.1034,,23,24,11.5,,
00-0015165,Emmitt Smith,RB,DAL,1999,14,0,0,0.0,0,,1,0,0,0.0,0.0,,31,30,0.2,,
00-0015165,Emmitt Smith,RB,DAL,1999,15,0,0,0.0,0,,19,4,3,0.0,0.1429,0.0,31,29,23.6,,
00-0015165,Emmitt Smith,RB,DAL,1999,16,0,0,0.0,0,,23,3,3,0.0,0.0789,0.0,26,26,18.3,,
00-0015165,Emmitt Smith,RB,DAL,1999,17,0,0,0.0,0,,22,2,2,0.0,0.0606,,29,30,16.1,,
00-0015195,Irv Smith,TE,CLE,1999,2,0,0,0.0,0,,0,2,1,0.0,0.0833,,16,15,1.2,,
00-0015195,Irv Smith,TE,CLE,1999,6,0,0,0.0,0,,0,3,3,0.0,0.1364,0.0,28,27,4.8,,
00-0015195,Irv Smith,TE,CLE,1999,7,0,0,0.0,0,,0,6,3,0.0,0.15,0.0,15,20,6.1,,
00-0015195,Irv Smith,TE,CLE,1999,9,0,0,0.0,0,,0,4,2,0.0,0.125,0.0,20,21,2.9,,
00-0015195,Irv Smith,TE,CLE,1999,10,0,0,0.0,0,,0,2,0,0.0,0.0714,0.0,21,22,0.0,,
00-0015195,Irv Smith,TE,CLE,1999,11,0,0,0.0,0,,0,3,2,10,0.0682,0.5,19,24,4.6,,
00-0015195,Irv Smith,TE,CLE,1999,12,0,0,0.0,0,,0,2,1,0.0,0.0571,,24,24,1.3,,
00-0015195,Irv Smith,TE,CLE,1999,13,0,0,0.0,0,,0,2,1,0.0,0.069,0.0,16,20,2.6,,
00-0015195,Irv Smith,TE,CLE,1999,14,0,0,0.0,0,,0,5,3,0.0,0.1316,0.0,11,12,12.3,,
00-0015195,Irv Smith,TE,CLE,1999,15,0,0,0.0,0,,0,8,4,0.0,0.2,,20,20,7.6,,
00-0015195,Irv Smith,TE,CLE,1999,16,0,0,0.0,0,,0,5,4,0.0,0.1923,,26,27,8.8,,
00-0015218,Jimmy Smith,WR,JAX,1999,1,0,0,0.0,0,,0,9,6,0.0,0.2903,,34,32,19.9,,
00-0015218,Jimmy Smith,WR,JAX,1999,2,0,0,0.0,0,,0,14,10,0.0,0.4667,,46,42,21.5,,
00-0015218,Jimmy Smith,WR,JAX,1999,3,0,0,0.0,0,,0,16,10,21,0.4,0.6176,33,29,28.9,,
00-0015218,Jimmy Smith,WR,JAX,1999,4,0,0,0.0,0,,0,4,2,20,0.1667,1.0,35,32,3.8,,
00-0015218,Jimmy Smith,WR,JAX,1999,5,0,0,0.0,0,,0,4,3,0.0,0.129,,34,37,5.1,,
00-0015218,Jimmy Smith,WR,JAX,1999,6,0,0,0.0,0,,0,13,6,0.0,0.3939,-0.0,33,35,12.2,,
00-0015218,Jimmy Smith,WR,JAX,1999,8,0,0,0.0,0,,0,11,8,0.0,0.3929,,34,35,22.9,,
00-0015218,Jimmy Smith,WR,JAX,1999,9,0,0,0.0,0,,0,7,4,0.0,0.2059,,34,33,17.7,,
00-0015218,Jimmy Smith,WR,JAX,1999,10,0,0,0.0,0,,0,9,7,0.0,0.3103,,26,28,12.2,,
00-0015218,Jimmy Smith,WR,JAX,1999,11,0,0,0.0,0,,0,11,9,0.0,0.3438,0.0,27,27,37.0,,
00-0015218,Jimmy Smith,WR,JAX,1999,12,0,0,0.0,0,,0,18,10,15,0.383,0.6818,25,23,31.2,,
00-0015218,Jimmy Smith,WR,JAX,1999,13,0,0,0.0,0,,0,13,10,0.0,0.3514,,34,33,28.4,,
00-0015218,Jimmy Smith,WR,JAX,1999,14,0,0,0.0,0,,0,7,5,0.0,0.28,,32,27,10.5,,
00-0015218,Jimmy Smith,WR,JAX,1999,15,0,0,0.0,0,,0,12,8,0.0,0.3636,0.0,33,32,19.4,,
00-0015218,Jimmy Smith,WR,JAX,1999,16,0,0,0.0,0,,0,10,4,9,0.3125,0.1047,18,17,14.4,,
00-0015218,Jimmy Smith,WR,JAX,1999,17,0,0,0.0,0,,0,19,14,0.0,0.5,,36,35,30.5,,
00-0015242,Lamar Smith,RB,NO,1999,1,0,0,0.0,0,,13,2,1,0.0,0.0952,,41,33,7.3,,
00-0015242,Lamar Smith,RB,NO,1999,2,0,0,0.0,0,,2,0,0,0.0,0.0,0.0,30,27,1.1,,
00-0015242,Lamar Smith,RB,NO,1999,4,0,0,0.0,0,,10,2,1,0.0,0.0714,,35,33,4.5,,
00-0015242,Lamar Smith,RB,NO,1999,5,0,0,0.0,0,,2,5,2,0.0,0.1316,0.0,24,26,3.8,,
00-0015242,Lamar Smith,RB,NO,1999,6,0,0,0.0,0,,2,4,2,4,0.0909,0.0138,21,21,10.5,,
00-0015242,Lamar Smith,RB,NO,1999,7,1,0,-1.337,0,,1,0,0,0.0,0.0,0.0,27,27,-0.5,,
00-0015242,Lamar Smith,RB,NO,1999,8,0,0,0.0,0,,4,1,1,0.0,0.0357,0.0,50,48,3.8,,
00-0015242,Lamar Smith,RB,NO,1999,9,0,0,0.0,0,,2,4,4,0.0,0.1143,0.0,23,24,8.9,,
00-0015242,Lamar Smith,RB,NO,1999,10,0,0,0.0,0,,3,1,1,0.0,0.0667,,39,37,2.4,,
00-0015242,Lamar Smith,RB,NO,1999,11,0,0,0.0,0,,3,1,1,0.0,0.037,0.0,29,26,0.2,,
00-0015242,Lamar Smith,RB,NO,1999,12,0,0,0.0,0,,18,5,4,0.0,0.1087,0.0,28,30,13.0,,
00-0015242,Lamar Smith,RB,NO,1999,13,0,0,0.0,0,,0,1,1,0.0,0.027,0.0,26,31,3.1,,
00-0015242,Lamar Smith,RB,NO,1999,14,0,0,0.0,0,,0,4,2,0.0,0.1481,0.0,18,20,3.5,,
00-0015286,Robert Smith,RB,MIN,1999,1,0,0,0.0,0,,16,4,3,0.0,0.125,,32,33,8.3,,
00-0015286,Robert Smith,RB,MIN,1999,2,0,0,0.0,0,,11,2,1,0.0,0.0541,0.0,15,16,4.0,,
00-0015286,Robert Smith,RB,MIN,1999,3,0,0,0.0,0,,21,3,3,0.0,0.1,0.0,29,31,13.4,,
00-0015286,Robert Smith,RB,MIN,1999,4,0,0,0.0,0,,19,7,6,0.0,0.2,0.0,23,31,14.0,,
00-0015286,Robert Smith,RB,MIN,1999,5,0,0,0.0,0,,12,2,1,0.0,0.0455,0.0,20,19,11.5,,
00-0015286,Robert Smith,RB,MIN,1999,6,0,0,0.0,0,,4,0,0,0.0,0.0,0.0,19,20,1.4,,
00-0015286,Robert Smith,RB,MIN,1999,10,0,0,0.0,0,,20,0,0,0.0,0.0,0.0,28,29,8.3,,
00-0015286,Robert Smith,RB,MIN,1999,12,0,0,0.0,0,,20,1,1,0.0,0.0238,0.0,29,30,11.9,,
00-0015286,Robert Smith,RB,MIN,1999,13,0,0,0.0,0,,20,5,5,0.0,0.1163,0.0,24,34,19.5,,
00-0015286,Robert Smith,RB,MIN,1999,14,0,0,0.0,0,,21,2,2,0.0,0.0952,,35,34,15.9,,
00-0015286,Robert Smith,RB,MIN,1999,15,0,0,0.0,0,,19,2,0,0.0,0.069,,26,27,5.4,,
00-0015286,Robert Smith,RB,MIN,1999,16,0,0,0.0,0,,16,1,1,0.0,0.05,0.0,25,25,22.5,,
00-0015286,Robert Smith,RB,MIN,1999,17,0,0,0.0,0,,22,1,1,0.0,0.0455,0.0,30,31,16.0,,
00-0015290,Rod Smith,WR,DEN,1999,1,0,0,0.0,0,,0,2,0,0.0,0.0513,,26,28,0.0,,
00-0015290,Rod Smith,WR,DEN,1999,3,0,0,0.0,0,,0,7,2,0.0,0.2593,0.0,20,21,4.4,,
00-0015290,Rod Smith,WR,DEN,1999,4,0,0,0.0,0,,0,8,3,26,0.2424,0.2796,29,30,12.0,,
00-0015290,Rod Smith,WR,DEN,1999,5,1,0,-0.683,0,,0,10,7,0.0,0.3333,0.0,28,23,18.9,,
00-0015290,Rod Smith,WR,DEN,1999,6,0,0,0.0,0,,0,7,4,0.0,0.2414,0.0,51,50,9.7,,
00-0015290,Rod Smith,WR,DEN,1999,7,0,0,0.0,0,,0,8,3,0.0,0.2105,,27,30,13.4,,
00-0015290,Rod Smith,WR,DEN,1999,8,0,0,0.0,0,,0,11,7,13,0.3056,0.5417,30,24,18.7,,
00-0015290,Rod Smith,WR,DEN,1999,9,0,0,0.0,0,,0,7,5,0.0,0.3043,,31,35,12.0,,
00-0015290,Rod Smith,WR,DEN,1999,10,0,0,0.0,0,,0,9,7,4,0.3,0.2353,31,32,13.3,,
00-0015290,Rod Smith,WR,DEN,1999,11,0,0,0.0,0,,0,14,7,0.0,0.359,,30,25,13.6,,
00-0015290,Rod Smith,WR,DEN,1999,13,0,0,0.0,0,,0,15,8,23,0.4412,1.0,18,25,18.6,,
00-0015290,Rod Smith,WR,DEN,1999,14,0,0,0.0,0,,0,10,6,10,0.303,0.7143,27,27,21.2,,
00-0015290,Rod Smith,WR,DEN,1999,15,0,0,0.0,0,,0,11,7,0.0,0.2821,0.0,33,36,21.2,,
00-0015290,Rod Smith,WR,DEN,1999,16,0,0,0.0,0,,0,4,4,0.0,0.1379,0.0,36,34,6.4,,
00-0015290,Rod Smith,WR,DEN,1999,17,0,0,0.0,0,,0,14,9,0.0,0.3182,,22,25,19.6,,
00-0015331,Troy Smith,WR,PHI,1999,15,0,0,0.0,0,,0,1,1,0.0,0.0385,0.0,37,36,2.4,,
00-0015452,Blake Spence,TE,NYJ,1999,2,0,0,0.0,0,,0,2,2,0.0,0.0741,,18,11,3.3,,
00-0015452,Blake Spence,TE,NYJ,1999,5,0,0,0.0,0,,0,2,0,0.0,0.0571,0.0,24,26,0.0,,
00-0015452,Blake Spence,TE,NYJ,1999,15,0,0,0.0,0,,0,1,1,0.0,0.0286,0.0,35,30,7.2,,
00-0015452,Blake Spence,TE,NYJ,1999,17,0,0,0.0,0,,0,1,0,0.0,0.04,0.0,41,39,0.0,,
00-0015507,Brian Stablein,WR,DET,1999,1,0,0,0.0,0,,0,3,0,3,0.1154,1.0,36,28,0.0,,
00-0015507,Brian Stablein,WR,DET,1999,2,0,0,0.0,0,,0,1,1,0.0,0.0667,0.0,32,23,2.3,,
00-0015507,Brian Stablein,WR,DET,1999,3,0,0,0.0,0,,0,2,0,0.0,0.0667,0.0,22,20,2.0,,
00-0015507,Brian Stablein,WR,DET,1999,6,0,0,0.0,0,,0,3,2,0.0,0.0833,,25,25,4.4,,
00-0015507,Brian Stablein,WR,DET,1999,7,0,0,0.0,0,,0,3,2,0.0,0.1111,-0.0,27,25,8.7,,
00-0015507,Brian Stablein,WR,DET,1999,8,0,0,0.0,0,,0,4,1,0.0,0.2105,,24,20,1.2,,
00-0015507,Brian Stablein,WR,DET,1999,9,0,0,0.0,0,,0,4,2,0.0,0.1143,,20,19,6.8,,
00-0015507,Brian Stablein,WR,DET,1999,10,0,0,0.0,0,,0,2,0,0.0,0.0513,,14,18,0.0,,
00-0015507,Brian Stablein,WR,DET,1999,12,0,0,0.0,0,,0,2,1,0.0,0.0476,,29,27,1.4,,
00-0015507,Brian Stablein,WR,DET,1999,14,0,0,0.0,0,,0,1,1,0.0,0.0227,0.0,20,16,1.9,,
00-0015507,Brian Stablein,WR,DET,1999,17,0,0,0.0,0,,0,1,1,0.0,0.0217,0.0,14,16,2.2,,
00-0015523,Duce Staley,RB,PHI,1999,1,0,0,-1.835,1,,21,8,3,0.0,0.3077,0.0,26,24,26.0,,
00-0015523,Duce Staley,RB,PHI,1999,2,0,0,0.0,0,,13,3,2,0.0,0.1071,0.0,20,15,8.4,,
00-0015523,Duce Staley,RB,PHI,1999,3,0,0,0.0,0,,10,7,4,0.0,0.1892,,12,18,6.5,,
00-0015523,Duce Staley,RB,PHI,1999,4,0,0,0.0,0,,21,0,0,0.0,0.0,0.0,26,24,4.2,,
00-0015523,Duce Staley,RB,PHI,1999,5,0,0,0.0,0,,22,7,4,0.0,0.2593,0.0,27,27,16.9,,
00-0015523,Duce Staley,RB,PHI,1999,6,0,0,0.0,0,,23,6,4,30,0.1579,0.1149,26,30,15.8,,
00-0015523,Duce Staley,RB,PHI,1999,7,0,0,0.0,0,,19,2,2,0.0,0.087,0.0,22,21,9.4,,
00-0015523,Duce Staley,RB,PHI,1999,8,0,0,0.0,0,,26,3,3,0.0,0.1034,-0.0,31,30,19.9,,
00-0015523,Duce Staley,RB,PHI,1999,9,0,0,0.0,0,,17,3,2,0.0,0.1071,0.0,23,21,23.1,,
00-0015523,Duce Staley,RB,PHI,1999,10,0,0,0.0,0,,28,2,1,0.0,0.0952,,42,34,20.3,,
00-0015523,Duce Staley,RB,PHI,1999,11,0,0,0.0,0,,16,3,2,0.0,0.0833,0.0,20,22,11.5,,
00-0015523,Duce Staley,RB,PHI,1999,12,0,0,0.0,0,,19,7,4,0.0,0.2593,,28,28,12.3,,
00-0015523,Duce Staley,RB,PHI,1999,13,0,0,0.0,0,,25,5,5,0.0,0.1613,0.0,37,34,16.4,,
00-0015523,Duce Staley,RB,PHI,1999,14,0,0,0.0,0,,18,5,3,0.0,0.1852,0.0,24,23,11.9,,
00-0015523,Duce Staley,RB,PHI,1999,15,0,0,0.0,0,,29,2,0,1,0.0769,0.0435,37,36,9.3,,
00-0015523,Duce Staley,RB,PHI,1999,17,0,0,0.0,0,,18,3,2,0.0,0.0968,0.0,23,21,13.8,,
00-0015627,Steve Stenstrom,QB,SF,1999,7,4,4,-1.659,1,,0,0,0,0.0,0.0,-0.0,21,16,0.5,,
00-0015627,Steve Stenstrom,QB,SF,1999,9,15,5,-5.665,1,,1,1,1,0.0,0.0303,0.0,34,28,2.8,,
00-0015627,Steve Stenstrom,QB,SF,1999,10,32,18,-10.917,2,,1,0,0,0.0,0.0,0.0,19,14,5.1,,
00-0015627,Steve Stenstrom,QB,SF,1999,11,12,7,-9.853,4,,1,0,0,0.0,0.0,0.0,25,16,2.3,,
00-0015627,Steve Stenstrom,QB,SF,1999,12,35,19,-8.425,2,,0,0,0,0.0,0.0,0.0,23,21,5.8,,
00-0015627,Steve Stenstrom,QB,SF,1999,14,2,1,-0.817,0,,0,0,0,0.0,0.0,,44,38,0.4,,
00-0015655,Tremayne Stephens,RB,LAC,1999,5,0,0,0.0,0,,3,0,0,0.0,0.0,0.0,24,32,6.4,,
00-0015655,Tremayne Stephens,RB,LAC,1999,6,0,0,0.0,0,,0,4,3,0.0,0.093,0.0,21,33,5.2,,
00-0015655,Tremayne Stephens,RB,LAC,1999,7,0,0,0.0,0,,4,3,2,0.0,0.0556,0.0,27,30,3.7,,
00-0015655,Tremayne Stephens,RB,LAC,1999,8,0,0,0.0,0,,2,0,0,0.0,0.0,0.0,20,26,0.2,,
00-0015655,Tremayne Stephens,RB,LAC,1999,9,0,0,0.0,0,,3,3,3,0.0,0.0811,0.0,19,27,8.1,,
00-0015655,Tremayne Stephens,RB,LAC,1999,10,0,0,0.0,0,,1,3,2,0.0,0.0968,,16,19,4.3,,
00-0015655,Tremayne Stephens,RB,LAC,1999,11,0,0,0.0,0,,5,7,7,0.0,0.1556,,27,35,20.1,,
00-0015655,Tremayne Stephens,RB,LAC,1999,12,0,0,0.0,0,,6,2,0,0.0,0.0513,0.0,20,26,10.1,,
00-0015655,Tremayne Stephens,RB,LAC,1999,17,0,0,0.0,0,,0,1,1,0.0,0.0435,0.0,34,39,1.3,,
00-0015698,James Stewart,RB,JAX,1999,1,0,0,0.0,0,,4,0,0,0.0,0.0,,34,32,7.5,,
00-0015698,James Stewart,RB,JAX,1999,2,0,0,0.0,0,,27,1,1,0.0,0.0333,,46,42,26.5,,
00-0015698,James Stewart,RB,JAX,1999,3,0,0,0.0,0,,25,3,2,0.0,0.075,0.0,33,29,9.9,,
00-0015698,James Stewart,RB,JAX,1999,4,0,0,0.0,0,,21,2,1,0.0,0.0833,0.0,35,32,9.0,,
00-0015698,James Stewart,RB,JAX,1999,5,0,0,0.0,0,,26,3,2,0.0,0.0968,,34,37,16.7,,
00-0015698,James Stewart,RB,JAX,1999,6,0,0,0.0,0,,23,3,3,-4,0.0909,1.0,33,35,16.0,,
00-0015698,James Stewart,RB,JAX,1999,8,0,0,0.0,0,,10,1,1,0.0,0.0357,,34,35,16.0,,
00-0015698,James Stewart,RB,JAX,1999,9,0,0,0.0,0,,2,0,0,0.0,0.0,,34,33,1.1,,
00-0015698,James Stewart,RB,JAX,1999,10,0,0,0.0,0,,18,3,2,0.0,0.1034,,26,28,5.1,,
00-0015698,James Stewart,RB,JAX,1999,11,0,0,0.0,0,,16,5,5,0.0,0.1562,0.0,27,27,31.0,,
00-0015698,James Stewart,RB,JAX,1999,12,0,0,0.0,0,,20,5,3,0.0,0.1064,0.0,25,23,14.6,,
00-0015698,James Stewart,RB,JAX,1999,13,0,0,0.0,0,,30,1,1,0.0,0.027,,34,33,21.4,,
00-0015698,James Stewart,RB,JAX,1999,14,0,0,0.0,0,,18,0,0,0.0,0.0,,32,27,19.9,,
00-0015698,James Stewart,RB,JAX,1999,17,0,0,0.0,0,,9,0,0,0.0,0.0,,36,35,2.2,,
00-0015700,Kordell Stewart,QB,PIT,1999,1,23,15,8.743,1,,7,0,0,0.0,0.0,,57,52,20.4,,
00-0015700,Kordell Stewart,QB,PIT,1999,2,27,18,-7.938,3,,8,0,0,0.0,0.0,,36,28,16.6,,
00-0015700,Kordell Stewart,QB,PIT,1999,3,14,7,-19.108,2,,2,0,0,0.0,0.0,0.0,19,21,-3.3,,
00-0015700,Kordell Stewart,QB,PIT,1999,4,32,15,-13.708,4,,6,0,0,0.0,0.0,0.0,31,30,5.1,,
00-0015700,Kordell Stewart,QB,PIT,1999,5,29,21,4.495,2,,3,0,0,0.0,0.0,0.0,23,23,15.7,,
00-0015700,Kordell Stewart,QB,PIT,1999,6,29,17,-4.379,2,,7,0,0,0.0,0.0,,37,33,5.5,,
00-0015700,Kordell Stewart,QB,PIT,1999,7,21,13,1.636,1,,10,0,0,0.0,0.0,,35,28,12.8,,
00-0015700,Kordell Stewart,QB,PIT,1999,9,26,15,0.29,1,,3,0,0,0.0,0.0,,31,25,10.4,,
00-0015700,Kordell Stewart,QB,PIT,1999,10,32,15,-14.295,1,,6,0,0,0.0,0.0,0.0,37,32,6.7,,
00-0015700,Kordell Stewart,QB,PIT,1999,11,30,18,-1.323,5,,3,0,0,0.0,0.0,-0.0,20,19,10.5,,
00-0015700,Kordell Stewart,QB,PIT,1999,12,11,5,-12.633,0,,0,0,0,0.0,0.0,0.0,31,31,-2.6,,
00-0015700,Kordell Stewart,QB,PIT,1999,13,0,0,0.0,0,,0,4,3,0.0,0.1053,,15,15,5.1,,
00-0015700,Kordell Stewart,QB,PIT,1999,14,1,1,-0.426,0,,0,6,4,0.0,0.1395,,22,25,17.1,,
00-0015700,Kordell Stewart,QB,PIT,1999,15,0,0,0.0,0,,1,4,2,0.0,0.0952,0.0,28,29,4.6,,
00-0015700,Kordell Stewart,QB,PIT,1999,16,0,0,0.0,0,,0,2,0,0.0,0.087,0.0,44,43,0.0,,
00-0015723,Bryan Still,WR,LAC,1999,2,0,0,0.0,0,,0,7,4,0.0,0.2333,,35,38,7.2,,
00-0015723,Bryan Still,WR,LAC,1999,3,0,0,0.0,0,,0,3,2,0.0,0.0882,0.0,25,23,4.4,,
00-0015723,Bryan Still,WR,LAC,1999,5,0,0,0.0,0,,0,7,2,23,0.2059,1.0,24,32,6.0,,
00-0015723,Bryan Still,WR,ATL,1999,13,0,0,0.0,0,,0,4,2,0.0,0.1905,0.0,28,23,3.4,,
00-0015723,Bryan Still,WR,ATL,1999,14,0,0,0.0,0,,0,4,0,0.0,0.1481,0.0,12,10,0.0,,
00-0015751,J.J. Stokes,WR,SF,1999,1,0,0,0.0,0,,0,4,1,25,0.1212,0.8929,20,17,1.5,,
00-0015751,J.J. Stokes,WR,SF,1999,2,0,0,0.0,0,,0,3,2,0.0,0.0857,0.0,23,24,3.2,,
00-0015751,J.J. Stokes,WR,SF,1999,3,0,0,0.0,0,,0,2,2,0.0,0.0714,-0.0,36,36,2.4,,
00-0015751,J.J. Stokes,WR,SF,1999,4,0,0,0.0,0,,0,2,1,0.0,0.0606,,26,20,2.2,,
00-0015751,J.J. Stokes,WR,SF,1999,5,0,0,0.0,0,,0,9,4,12,0.25,0.375,21,24,9.4,,
00-0015751,J.J. Stokes,WR,SF,1999,6,0,0,0.0,0,,0,9,3,23,0.2045,0.213,24,22,8.3,,
00-0015751,J.J. Stokes,WR,SF,1999,7,0,0,0.0,0,,0,7,2,0.0,0.2,-0.0,21,16,4.7,,
00-0015751,J.J. Stokes,WR,SF,1999,9,0,0,0.0,0,,0,6,1,0.0,0.1818,0.0,34,28,2.1,,
00-0015751,J.J. Stokes,WR,SF,1999,10,0,0,0.0,0,,0,7,4,14,0.2258,1.0,19,14,7.5,,
00-0015751,J.J. Stokes,WR,SF,1999,11,0,0,0.0,0,,0,3,1,0.0,0.1111,0.0,25,16,1.7,,
00-0015751,J.J. Stokes,WR,SF,1999,12,0,0,0.0,0,,0,4,1,22,0.1143,1.0,23,21,1.5,,
00-0015751,J.J. Stokes,WR,SF,1999,13,0,0,0.0,0,,0,6,4,0.0,0.1333,-0.0,23,23,13.8,,
00-0015751,J.J. Stokes,WR,SF,1999,14,0,0,0.0,0,,0,4,0,0.0,0.16,,44,38,0.0,,
00-0015751,J.J. Stokes,WR,SF,1999,15,0,0,0.0,0,,0,1,1,0.0,0.0233,0.0,18,23,1.5,,
00-0015751,J.J. Stokes,WR,SF,1999,16,0,0,0.0,0,,0,3,2,0.0,0.1,0.0,37,24,11.1,,
00-0015751,J.J. Stokes,WR,SF,1999,17,0,0,0.0,0,,0,7,5,0.0,0.2121,,24,21,26.0,,
00-0015754,Brandon Stokley,WR,BAL,1999,7,0,0,0.0,0,,0,3,0,0.0,0.0612,0.0,27,25,0.0,,
00-0015759,Dwight Stone,WR,NYJ,1999,2,0,0,0.0,0,,0,1,0,0.0,0.037,,18,11,0.0,,
00-0015759,Dwight Stone,WR,NYJ,1999,3,0,0,0.0,0,,0,2,0,35,0.0667,1.0,31,33,0.0,,
00-0015759,Dwight Stone,WR,NYJ,1999,5,0,0,0.0,0,,0,2,0,0.0,0.0571,0.0,24,26,0.0,,
00-0015759,Dwight Stone,WR,NYJ,1999,7,0,0,0.0,0,,1,0,0,0.0,0.0,0.0,34,29,3.6,,
00-0015759,Dwight Stone,WR,NYJ,1999,13,0,0,0.0,0,,1,0,0,0.0,0.0,,12,17,-0.9,,
00-0015811,Tai Streets,WR,SF,1999,17,0,0,0.0,0,,0,3,2,0.0,0.0909,,24,21,4.5,,
00-0016098,Fred Taylor,RB,JAX,1999,1,0,0,0.0,0,,24,2,2,0.0,0.0645,,34,32,8.7,,
00-0016098,Fred Taylor,RB,JAX,1999,2,0,0,0.0,0,,5,0,0,0.0,0.0,,46,42,2.7,,
00-0016098,Fred Taylor,RB,JAX,1999,4,0,0,0.0,0,,8,1,0,0.0,0.0417,0.0,35,32,2.8,,
00-0016098,Fred Taylor,RB,JAX,1999,8,0,0,0.0,0,,15,1,1,0.0,0.0357,,34,35,20.1,,
00-0016098,Fred Taylor,RB,JAX,1999,9,0,0,0.0,0,,27,2,2,0.0,0.0588,,34,33,19.8,,
00-0016098,Fred Taylor,RB,JAX,1999,10,0,0,0.0,0,,7,1,1,0.0,0.0345,,26,28,2.5,,
00-0016098,Fred Taylor,RB,JAX,1999,14,0,0,0.0,0,,9,1,0,0.0,0.04,,32,27,13.4,,
00-0016098,Fred Taylor,RB,JAX,1999,15,0,0,0.0,0,,26,3,2,0.0,0.0909,0.0,33,32,22.9,,
00-0016098,Fred Taylor,RB,JAX,1999,16,0,0,0.0,0,,16,3,1,0.0,0.0938,0.0,18,17,13.2,,
00-0016098,Fred Taylor,RB,JAX,1999,17,0,0,0.0,0,,22,1,1,0.0,0.0263,,36,35,21.4,,
00-0016193,Vinny Testaverde,QB,NYJ,1999,1,15,10,4.7,0,,0,0,0,0.0,0.0,0.0,24,24,5.8,,
00-0016214,Yancey Thigpen,WR,TEN,1999,1,0,0,0.0,0,,0,7,4,0.0,0.2188,0.0,18,15,9.4,,
00-0016214,Yancey Thigpen,WR,TEN,1999,2,0,0,0.0,0,,0,9,6,0.0,0.225,,34,38,20.4,,
00-0016214,Yancey Thigpen,WR,TEN,1999,3,0,0,0.0,0,,0,7,2,0.0,0.2188,0.0,26,25,6.2,,
00-0016214,Yancey Thigpen,WR,TEN,1999,4,0,0,0.0,0,,0,11,6,0.0,0.275,0.0,21,23,26.3,,
00-0016214,Yancey Thigpen,WR,TEN,1999,5,0,0,0.0,0,,0,7,5,0.0,0.2,,24,27,20.9,,
00-0016214,Yancey Thigpen,WR,TEN,1999,8,0,0,0.0,0,,0,4,2,0.0,0.1379,,31,22,6.9,,
00-0016214,Yancey Thigpen,WR,TEN,1999,9,0,0,0.0,0,,0,10,5,17,0.2564,0.3696,23,20,11.0,,
00-0016214,Yancey Thigpen,WR,TEN,1999,10,0,0,0.0,0,,0,5,2,0.0,0.2,,37,31,5.0,,
00-0016214,Yancey Thigpen,WR,TEN,1999,16,0,0,0.0,0,,0,3,2,0.0,0.0789,,37,33,9.7,,
00-0016214,Yancey Thigpen,WR,TEN,1999,17,0,0,0.0,0,,0,5,4,0.0,0.2273,0.0,33,29,9.0,,
00-0016232,Chris Thomas,WR,LA,1999,11,0,0,0.0,0,,0,1,1,0.0,0.027,0.0,30,25,1.6,,
00-0016296,Mark Thomas,TE,NYG,1999,17,0,0,0.0,0,,0,1,0,0.0,0.0222,0.0,18,35,0.0,,
00-0016321,Rodney Thomas,RB,TEN,1999,2,0,0,0.0,0,,1,2,2,0.0,0.05,,34,38,4.1,,
00-0016321,Rodney Thomas,RB,TEN,1999,3,0,0,0.0,0,,2,1,1,0.0,0.0312,0.0,26,25,0.4,,
00-0016321,Rodney Thomas,RB,TEN,1999,4,0,0,0.0,0,,5,1,0,0.0,0.025,0.0,21,23,2.8,,
00-0016321,Rodney Thomas,RB,TEN,1999,5,0,0,0.0,0,,2,0,0,0.0,0.0,,24,27,0.1,,
00-0016321,Rodney Thomas,RB,TEN,1999,6,0,0,0.0,0,,1,0,0,0.0,0.0,0.0,35,30,0.3,,
00-0016321,Rodney Thomas,RB,TEN,1999,8,0,0,0.0,0,,2,0,0,0.0,0.0,,31,22,-0.1,,
00-0016321,Rodney Thomas,RB,TEN,1999,9,0,0,0.0,0,,2,2,2,0.0,0.0513,0.0,23,20,2.9,,
00-0016321,Rodney Thomas,RB,TEN,1999,10,0,0,0.0,0,,2,0,0,0.0,0.0,,37,31,1.2,,
00-0016321,Rodney Thomas,RB,TEN,1999,11,0,0,0.0,0,,1,0,0,0.0,0.0,0.0,32,23,0.9,,
00-0016321,Rodney Thomas,RB,TEN,1999,12,0,0,0.0,0,,0,1,0,0.0,0.0278,,33,29,0.0,,
00-0016321,Rodney Thomas,RB,TEN,1999,13,0,0,0.0,0,,0,3,3,0.0,0.06,0.0,14,16,5.6,,
00-0016321,Rodney Thomas,RB,TEN,1999,15,0,0,0.0,0,,0,1,1,0.0,0.0333,,28,24,3.6,,
00-0016321,Rodney Thomas,RB,TEN,1999,16,0,0,0.0,0,,4,0,0,0.0,0.0,,37,33,1.3,,
00-0016321,Rodney Thomas,RB,TEN,1999,17,0,0,0.0,0,,21,0,0,0.0,0.0,0.0,33,29,15.5,,
00-0016331,Thurman Thomas,RB,BUF,1999,1,0,0,0.0,0,,0,1,0,0.0,0.0238,0.0,15,7,0.0,,
00-0016331,Thurman Thomas,RB,BUF,1999,14,0,0,0.0,0,,8,2,2,0.0,0.0625,0.0,28,16,13.0,,
00-0016331,Thurman Thomas,RB,BUF,1999,15,0,0,0.0,0,,13,1,1,0.0,0.0333,0.0,41,14,6.5,,
00-0016331,Thurman Thomas,RB,BUF,1999,16,0,0,0.0,0,,15,1,0,0.0,0.0286,,41,15,8.4,,
00-0016347,Jeff Thomason,TE,GB,1999,1,0,0,0.0,0,,0,1,1,0.0,0.0238,0.0,20,24,7.1,,
00-0016347,Jeff Thomason,TE,GB,1999,5,0,0,0.0,0,,0,1,0,0.0,0.0256,,23,27,0.0,,
00-0016347,Jeff Thomason,TE,GB,1999,7,0,0,0.0,0,,0,1,0,0.0,0.04,0.0,28,27,0.0,,
00-0016347,Jeff Thomason,TE,GB,1999,9,0,0,0.0,0,,0,3,2,0.0,0.075,0.0,29,30,3.2,,
00-0016347,Jeff Thomason,TE,GB,1999,10,0,0,0.0,0,,0,1,0,6,0.0208,0.2308,17,23,0.0,,
00-0016347,Jeff Thomason,TE,GB,1999,11,0,0,0.0,0,,0,1,1,0.0,0.0256,,27,35,2.2,,
00-0016347,Jeff Thomason,TE,GB,1999,12,0,0,0.0,0,,0,1,1,0.0,0.0286,,22,24,1.7,,
00-0016347,Jeff Thomason,TE,GB,1999,15,0,0,0.0,0,,0,2,2,0.0,0.0541,0.0,28,30,11.1,,
00-0016347,Jeff Thomason,TE,GB,1999,16,0,0,0.0,0,,0,3,3,0.0,0.0625,0.0,12,19,6.3,,
00-0016347,Jeff Thomason,TE,GB,1999,17,0,0,0.0,0,,0,6,4,0.0,0.1765,0.0,28,30,8.4,,
00-0016440,James Thrash,WR,WAS,1999,11,0,0,0.0,0,,0,1,1,0.0,0.0357,0.0,40,42,3.5,,
00-0016440,James Thrash,WR,WAS,1999,13,0,0,0.0,0,,0,1,1,0.0,0.025,0.0,21,27,7.2,,
00-0016440,James Thrash,WR,WAS,1999,15,0,0,0.0,0,,0,1,0,0.0,0.0333,,32,36,0.0,,
00-0016440,James Thrash,WR,WAS,1999,16,0,0,0.0,0,,0,2,0,0.0,0.0426,0.0,17,21,0.0,,
00-0016440,James Thrash,WR,WAS,1999,17,0,0,0.0,0,,1,3,1,0.0,0.15,,30,28,6.4,,
00-0016534,Billy Joe Tolliver,QB,NO,1999,4,15,7,-4.509,2,,2,0,0,0.0,0.0,,35,33,7.3,,
00-0016534,Billy Joe Tolliver,QB,NO,1999,5,26,13,-3.876,2,,3,0,0,0.0,0.0,0.0,24,26,8.3,,
00-0016534,Billy Joe Tolliver,QB,NO,1999,6,45,28,12.285,0,,2,0,0,0.0,0.0,0.0,21,21,18.6,,
00-0016534,Billy Joe Tolliver,QB,NO,1999,7,33,14,-16.409,2,,0,0,0,0.0,0.0,0.0,27,27,1.0,,
00-0016534,Billy Joe Tolliver,QB,NO,1999,8,20,9,-0.348,0,,4,0,0,0.0,0.0,0.0,50,48,2.1,,
00-0016534,Billy Joe Tolliver,QB,NO,1999,9,37,18,-3.198,1,,5,0,0,0.0,0.0,0.0,23,24,11.2,,
00-0016534,Billy Joe Tolliver,QB,NO,1999,10,15,12,18.406,2,,6,0,0,0.0,0.0,,39,37,29.3,,
00-0016534,Billy Joe Tolliver,QB,NO,1999,11,14,10,7.734,2,,1,0,0,0.0,0.0,0.0,29,26,12.5,,
00-0016534,Billy Joe Tolliver,QB,NO,1999,14,27,12,-10.28,6,,1,0,0,0.0,0.0,0.0,18,20,8.1,,
00-0016534,Billy Joe Tolliver,QB,NO,1999,15,35,16,-16.883,2,,2,0,0,0.0,0.0,0.0,16,18,8.5,,
00-0016538,Mike Tomczak,QB,PIT,1999,1,8,8,10.336,0,,0,0,0,0.0,0.0,,57,52,11.1,,
00-0016538,Mike Tomczak,QB,PIT,1999,3,27,14,-3.364,0,,1,0,0,0.0,0.0,0.0,19,21,6.8,,
00-0016538,Mike Tomczak,QB,PIT,1999,9,0,0,0.0,0,,3,0,0,0.0,0.0,,31,25,-0.3,,
00-0016538,Mike Tomczak,QB,PIT,1999,12,35,19,9.292,2,,2,0,0,0.0,0.0,0.0,31,31,19.6,,
00-0016538,Mike Tomczak,QB,PIT,1999,13,39,19,-7.773,3,,1,0,0,0.0,0.0,,15,15,8.1,,
00-0016538,Mike Tomczak,QB,PIT,1999,14,41,22,2.643,5,,1,0,0,0.0,0.0,,22,25,18.2,,
00-0016538,Mike Tomczak,QB,PIT,1999,15,46,23,-5.195,2,,2,0,0,0.0,0.0,0.0,28,29,11.3,,
00-0016538,Mike Tomczak,QB,PIT,1999,16,23,13,-8.759,1,,4,0,0,0.0,0.0,0.0,44,43,6.0,,
00-0016538,Mike Tomczak,QB,PIT,1999,17,39,21,-0.773,2,,2,0,0,0.0,0.0,0.0,29,27,16.3,,
00-0016550,Amani Toomer,WR,NYG,1999,1,0,0,0.0,0,,0,7,4,0.0,0.3043,,25,14,7.6,,
00-0016550,Amani Toomer,WR,NYG,1999,2,0,0,0.0,0,,0,6,5,0.0,0.1579,0.0,17,16,15.5,,
00-0016550,Amani Toomer,WR,NYG,1999,3,0,0,0.0,0,,0,10,7,0.0,0.2778,,26,20,13.9,,
00-0016550,Amani Toomer,WR,NYG,1999,4,0,0,0.0,0,,0,13,8,0.0,0.325,0.0,38,31,20.3,,
00-0016550,Amani Toomer,WR,NYG,1999,5,0,0,0.0,0,,0,12,5,0.0,0.3243,0.0,28,24,8.4,,
00-0016550,Amani Toomer,WR,NYG,1999,6,0,0,0.0,0,,0,5,5,0.0,0.2381,,30,25,9.4,,
00-0016550,Amani Toomer,WR,NYG,1999,7,0,0,0.0,0,,0,4,3,0.0,0.1481,0.0,37,36,14.9,,
00-0016550,Amani Toomer,WR,NYG,1999,8,0,0,0.0,0,,0,5,1,0.0,0.125,,25,23,3.5,,
00-0016550,Amani Toomer,WR,NYG,1999,10,0,0,0.0,0,,0,16,5,0.0,0.3265,0.0,24,21,18.1,,
00-0016550,Amani Toomer,WR,NYG,1999,11,0,0,0.0,0,,0,4,1,43,0.129,0.7167,24,16,2.8,,
00-0016550,Amani Toomer,WR,NYG,1999,12,0,0,0.0,0,,0,9,6,0.0,0.2093,0.0,20,23,14.7,,
00-0016550,Amani Toomer,WR,NYG,1999,13,0,0,0.0,0,,0,9,6,0.0,0.3103,,45,44,42.1,,
00-0016550,Amani Toomer,WR,NYG,1999,14,0,0,0.0,0,,1,6,3,0.0,0.1429,-0.0,28,33,12.9,,
00-0016550,Amani Toomer,WR,NYG,1999,15,0,0,0.0,0,,0,10,9,0.0,0.2703,0.0,19,22,25.2,,
00-0016550,Amani Toomer,WR,NYG,1999,16,0,0,0.0,0,,0,15,9,20,0.2941,1.0,27,32,18.9,,
00-0016550,Amani Toomer,WR,NYG,1999,17,0,0,0.0,0,,0,5,2,0.0,0.1111,0.0,18,35,5.5,,
00-0016654,Jason Tucker,WR,DAL,1999,2,0,0,0.0,0,,1,1,0,31,0.0476,0.7209,37,37,0.8,,
00-0016654,Jason Tucker,WR,DAL,1999,5,0,0,0.0,0,,0,4,1,0.0,0.1026,0.0,32,37,1.6,,
00-0016654,Jason Tucker,WR,DAL,1999,6,0,0,0.0,0,,0,2,2,0.0,0.0625,0.0,25,26,4.5,,
00-0016654,Jason Tucker,WR,DAL,1999,7,0,0,0.0,0,,0,1,1,0.0,0.0312,,34,36,6.2,,
00-0016654,Jason Tucker,WR,DAL,1999,8,0,0,0.0,0,,0,1,0,0.0,0.04,,26,31,0.0,,
00-0016654,Jason Tucker,WR,DAL,1999,9,0,0,0.0,0,,0,3,1,7,0.0857,1.0,24,26,1.1,,
00-0016654,Jason Tucker,WR,DAL,1999,10,0,0,0.0,0,,0,1,1,0.0,0.0435,0.0,34,34,2.1,,
00-0016654,Jason Tucker,WR,DAL,1999,11,0,0,0.0,0,,0,1,0,0.0,0.037,,34,35,0.0,,
00-0016654,Jason Tucker,WR,DAL,1999,12,0,0,0.0,0,,0,4,2,0.0,0.1481,,34,32,5.5,,
00-0016654,Jason Tucker,WR,DAL,1999,13,0,0,0.0,0,,0,2,1,0.0,0.069,,23,24,3.2,,
00-0016654,Jason Tucker,WR,DAL,1999,14,0,0,0.0,0,,0,6,3,0.0,0.15,,31,30,6.7,,
00-0016654,Jason Tucker,WR,DAL,1999,15,0,0,0.0,0,,0,1,0,0.0,0.0357,0.0,31,29,0.0,,
00-0016654,Jason Tucker,WR,DAL,1999,16,0,0,0.0,0,,0,11,7,0.0,0.2895,0.0,26,26,25.8,,
00-0016654,Jason Tucker,WR,DAL,1999,17,0,0,0.0,0,,0,8,4,0.0,0.2424,,29,30,22.2,,
00-0016677,Jerame Tuman,TE,PIT,1999,4,0,0,0.0,0,,0,1,0,0.0,0.0312,0.0,31,30,0.0,,
00-0016811,Iheanyi Uwaezuoke,WR,DET,1999,3,0,0,0.0,0,,0,1,0,0.0,0.0333,0.0,22,20,0.0,,
00-0016811,Iheanyi Uwaezuoke,WR,DET,1999,10,0,0,0.0,0,,0,1,1,0.0,0.0256,,14,18,1.5,,
00-0016821,Alex Van Dyke,WR,PHI,1999,10,0,0,0.0,0,,0,2,0,0.0,0.0952,,42,34,0.0,,
00-0016838,Alex Van Pelt,QB,BUF,1999,3,1,1,-0.154,0,,1,0,0,0.0,0.0,0.0,40,16,0.3,,
00-0017027,Derrick Walker,TE,LV,1999,4,0,0,0.0,0,,0,1,0,0.0,0.0312,0.0,32,37,0.0,,
00-0017027,Derrick Walker,TE,LV,1999,5,0,0,0.0,0,,0,1,1,0.0,0.0278,0.0,24,27,9.1,,
00-0017027,Derrick Walker,TE,LV,1999,6,0,0,0.0,0,,0,2,2,8,0.0909,0.0597,48,47,3.7,,
00-0017027,Derrick Walker,TE,LV,1999,10,0,0,0.0,0,,0,1,0,0.0,0.0435,,43,37,0.0,,
00-0017027,Derrick Walker,TE,LV,1999,11,0,0,0.0,0,,0,2,2,0.0,0.0625,0.0,29,27,3.2,,
00-0017027,Derrick Walker,TE,LV,1999,12,0,0,0.0,0,,0,2,2,0.0,0.069,0.0,25,22,2.1,,
00-0017109,Wesley Walls,TE,CAR,1999,1,0,0,0.0,0,,0,6,3,0.0,0.2,0.0,16,17,12.7,,
00-0017109,Wesley Walls,TE,CAR,1999,2,0,0,0.0,0,,0,6,5,0.0,0.24,0.0,18,18,22.3,,
00-0017109,Wesley Walls,TE,CAR,1999,3,0,0,0.0,0,,0,2,1,0.0,0.0909,,18,16,7.4,,
00-0017109,Wesley Walls,TE,CAR,1999,4,0,0,0.0,0,,0,11,2,34,0.2391,1.0,19,20,9.9,,
00-0017109,Wesley Walls,TE,CAR,1999,6,0,0,0.0,0,,0,6,5,42,0.1667,0.2199,27,25,18.0,,
00-0017109,Wesley Walls,TE,CAR,1999,7,0,0,0.0,0,,0,13,7,0.0,0.2766,0.0,21,23,15.3,,
00-0017109,Wesley Walls,TE,CAR,1999,8,0,0,0.0,0,,0,6,3,0.0,0.1875,0.0,18,22,7.8,,
00-0017109,Wesley Walls,TE,CAR,1999,9,0,0,0.0,0,,0,9,5,0.0,0.2647,,36,30,12.0,,
00-0017109,Wesley Walls,TE,CAR,1999,10,0,0,0.0,0,,0,6,5,0.0,0.1622,0.0,23,18,14.4,,
00-0017109,Wesley Walls,TE,CAR,1999,11,0,0,0.0,0,,0,5,4,0.0,0.1667,,31,26,13.9,,
00-0017109,Wesley Walls,TE,CAR,1999,12,0,0,0.0,0,,0,6,3,0.0,0.2222,,38,36,12.3,,
00-0017109,Wesley Walls,TE,CAR,1999,13,0,0,0.0,0,,0,7,4,0.0,0.1667,0.0,16,15,14.5,,
00-0017109,Wesley Walls,TE,CAR,1999,14,0,0,0.0,0,,0,8,6,0.0,0.1905,,13,13,15.6,,
00-0017109,Wesley Walls,TE,CAR,1999,15,0,0,0.0,0,,0,6,3,0.0,0.1579,,26,22,8.7,,
00-0017109,Wesley Walls,TE,CAR,1999,16,0,0,0.0,0,,0,5,3,0.0,0.1429,0.0,20,20,5.6,,
00-0017109,Wesley Walls,TE,CAR,1999,17,0,0,0.0,0,,0,6,4,0.0,0.1463,,14,16,24.8,,
00-0017110,Chris Walsh,WR,MIN,1999,1,0,0,0.0,0,,0,1,1,0.0,0.0312,,32,33,1.6,,
00-0017110,Chris Walsh,WR,MIN,1999,5,0,0,0.0,0,,0,1,1,0.0,0.0227,0.0,20,19,8.8,,
00-0017110,Chris Walsh,WR,MIN,1999,15,0,0,0.0,0,,0,1,0,0.0,0.0345,,26,27,0.0,,
00-0017121,Steve Walsh,QB,IND,1999,11,5,4,-5.172,0,,0,0,0,0.0,0.0,-0.0,36,42,-0.9,,
00-0017121,Steve Walsh,QB,IND,1999,17,8,3,-7.394,0,,0,0,0,0.0,0.0,0.0,19,25,-1.2,,
00-0017160,Dedric Ward,WR,NYJ,1999,1,0,0,0.0,0,,0,8,5,47,0.2424,0.9216,24,24,9.1,,
00-0017160,Dedric Ward,WR,NYJ,1999,2,0,0,0.0,0,,1,5,1,0.0,0.1852,,18,11,1.0,,
00-0017160,Dedric Ward,WR,NYJ,1999,3,0,0,0.0,0,,0,5,3,0.0,0.1667,0.0,31,33,16.3,,
00-0017160,Dedric Ward,WR,NYJ,1999,4,0,0,0.0,0,,0,6,4,20,0.2308,0.8696,35,36,18.4,,
00-0017160,Dedric Ward,WR,NYJ,1999,5,0,0,0.0,0,,0,3,2,0.0,0.0857,0.0,24,26,3.6,,
00-0017160,Dedric Ward,WR,NYJ,1999,6,0,0,0.0,0,,0,1,1,0.0,0.0333,0.0,29,28,1.5,,
00-0017160,Dedric Ward,WR,NYJ,1999,7,0,0,0.0,0,,0,1,0,0.0,0.0476,0.0,34,29,0.0,,
00-0017160,Dedric Ward,WR,NYJ,1999,9,0,0,0.0,0,,0,3,1,0.0,0.1667,,46,43,2.1,,
00-0017160,Dedric Ward,WR,NYJ,1999,10,0,0,0.0,0,,0,1,0,0.0,0.0333,0.0,43,34,0.0,,
00-0017160,Dedric Ward,WR,NYJ,1999,11,0,0,0.0,0,,0,1,0,0.0,0.0476,,35,32,0.0,,
00-0017160,Dedric Ward,WR,NYJ,1999,12,0,0,0.0,0,,0,3,0,0.0,0.1304,,26,24,0.0,,
00-0017160,Dedric Ward,WR,NYJ,1999,13,0,0,0.0,0,,0,5,0,0.0,0.1064,,12,17,0.0,,
00-0017160,Dedric Ward,WR,NYJ,1999,14,0,0,0.0,0,,0,5,2,0.0,0.1351,,28,26,3.3,,
00-0017160,Dedric Ward,WR,NYJ,1999,15,0,0,0.0,0,,0,2,1,0.0,0.0571,0.0,35,30,2.0,,
00-0017160,Dedric Ward,WR,NYJ,1999,16,0,0,0.0,0,,0,4,1,0.0,0.1739,,25,23,12.6,,
00-0017160,Dedric Ward,WR,NYJ,1999,17,0,0,0.0,0,,0,1,1,0.0,0.04,0.0,41,39,2.5,,
00-0017162,Hines Ward,WR,PIT,1999,1,0,0,0.0,0,,0,4,3,0.0,0.125,,57,52,14.1,,
00-0017162,Hines Ward,WR,PIT,1999,2,0,0,0.0,0,,1,5,2,0.0,0.1852,,36,28,5.4,,
00-0017162,Hines Ward,WR,PIT,1999,3,0,0,0.0,0,,0,5,2,18,0.125,0.2143,19,21,3.8,,
00-0017162,Hines Ward,WR,PIT,1999,4,0,0,0.0,0,,0,7,2,0.0,0.2188,0.0,31,30,3.9,,
00-0017162,Hines Ward,WR,PIT,1999,5,0,0,0.0,0,,1,6,6,35,0.2069,0.1636,23,23,18.2,,
00-0017162,Hines Ward,WR,PIT,1999,6,0,0,0.0,0,,0,5,3,0.0,0.1786,,37,33,4.8,,
00-0017162,Hines Ward,WR,PIT,1999,7,0,0,0.0,0,,0,4,3,0.0,0.1905,,35,28,5.8,,
00-0017162,Hines Ward,WR,PIT,1999,9,0,0,0.0,0,,0,4,4,0.0,0.1538,,31,25,13.1,,
00-0017162,Hines Ward,WR,PIT,1999,10,0,0,0.0,0,,0,9,4,0.0,0.2812,0.0,37,32,7.9,,
00-0017162,Hines Ward,WR,PIT,1999,11,0,0,0.0,0,,0,4,3,0.0,0.1429,-0.0,20,19,5.0,,
00-0017162,Hines Ward,WR,PIT,1999,12,0,0,0.0,0,,0,11,7,0.0,0.2444,0.0,31,31,21.9,,
00-0017162,Hines Ward,WR,PIT,1999,13,0,0,0.0,0,,0,6,4,0.0,0.1579,,15,15,7.5,,
00-0017162,Hines Ward,WR,PIT,1999,14,0,0,0.0,0,,0,5,3,0.0,0.1163,,22,25,13.3,,
00-0017162,Hines Ward,WR,PIT,1999,15,0,0,0.0,0,,0,5,4,0.0,0.119,0.0,28,29,8.1,,
00-0017162,Hines Ward,WR,PIT,1999,16,0,0,0.0,0,,0,8,5,0.0,0.3478,0.0,44,43,15.0,,
00-0017162,Hines Ward,WR,PIT,1999,17,0,0,0.0,0,,0,13,6,0.0,0.3333,0.0,29,27,20.8,,
00-0017200,Kurt Warner,QB,LA,1999,3,25,17,19.389,0,,2,0,0,0.0,0.0,,34,28,29.7,,
00-0017200,Kurt Warner,QB,LA,1999,4,21,17,26.552,2,,1,0,0,0.0,0.0,,28,22,22.4,,
00-0017200,Kurt Warner,QB,LA,1999,5,23,20,17.892,1,,1,0,0,0.0,0.0,0.0,28,24,29.9,,
00-0017200,Kurt Warner,QB,LA,1999,6,20,13,-1.457,2,,2,0,0,0.0,0.0,0.0,28,24,8.7,,
00-0017200,Kurt Warner,QB,LA,1999,7,29,23,12.51,1,,0,0,0,0.0,0.0,,29,36,20.1,,
00-0017200,Kurt Warner,QB,LA,1999,8,46,29,3.982,6,,2,0,0,0.0,0.0,,19,24,23.3,,
00-0017200,Kurt Warner,QB,LA,1999,9,42,25,5.323,4,,3,0,0,0.0,0.0,0.0,16,22,24.8,,
00-0017200,Kurt Warner,QB,LA,1999,10,29,19,14.166,0,,1,0,0,0.0,0.0,0.0,20,19,17.6,,
00-0017200,Kurt Warner,QB,LA,1999,11,40,22,-5.539,3,,2,0,0,0.0,0.0,0.0,30,25,11.2,,
00-0017200,Kurt Warner,QB,LA,1999,12,27,15,5.88,2,,2,0,0,0.0,0.0,,27,23,16.5,,
00-0017200,Kurt Warner,QB,LA,1999,13,31,22,18.358,1,,2,0,0,0.0,0.0,0.0,33,28,21.7,,
00-0017200,Kurt Warner,QB,LA,1999,14,31,21,21.394,1,,2,0,0,0.0,0.0,0.0,34,34,20.2,,
00-0017200,Kurt Warner,QB,LA,1999,15,32,18,15.63,1,,2,0,0,0.0,0.0,,27,23,21.8,,
00-0017200,Kurt Warner,QB,LA,1999,16,35,24,14.318,0,,0,0,0,0.0,0.0,0.0,27,33,23.4,,
00-0017200,Kurt Warner,QB,LA,1999,17,24,12,-5.387,2,,0,0,0,0.0,0.0,0.0,26,14,9.6,,
00-0017209,Chris Warren,RB,DAL,1999,1,0,0,0.0,0,,8,2,1,0.0,0.0408,0.0,34,37,7.2,,
00-0017209,Chris Warren,RB,DAL,1999,2,0,0,0.0,0,,6,1,1,0.0,0.0476,0.0,37,37,2.9,,
00-0017209,Chris Warren,RB,DAL,1999,4,0,0,0.0,0,,11,2,2,0.0,0.1,,39,36,5.4,,
00-0017209,Chris Warren,RB,DAL,1999,5,0,0,0.0,0,,0,3,2,0.0,0.0769,0.0,32,37,2.6,,
00-0017209,Chris Warren,RB,DAL,1999,6,0,0,0.0,0,,1,3,3,0.0,0.0938,0.0,25,26,7.5,,
00-0017209,Chris Warren,RB,DAL,1999,7,0,0,0.0,0,,8,7,2,0.0,0.2188,,34,36,4.9,,
00-0017209,Chris Warren,RB,DAL,1999,8,0,0,0.0,0,,3,3,3,0.0,0.12,,26,31,11.9,,
00-0017209,Chris Warren,RB,DAL,1999,9,0,0,0.0,0,,7,6,5,0.0,0.1714,0.0,24,26,13.1,,
00-0017209,Chris Warren,RB,DAL,1999,10,0,0,0.0,0,,19,2,1,0.0,0.087,0.0,34,34,6.0,,
00-0017209,Chris Warren,RB,DAL,1999,11,0,0,0.0,0,,2,3,3,0.0,0.1111,,34,35,5.0,,
00-0017209,Chris Warren,RB,DAL,1999,12,0,0,0.0,0,,0,1,1,0.0,0.037,,34,32,1.8,,
00-0017209,Chris Warren,RB,DAL,1999,13,0,0,0.0,0,,1,2,1,0.0,0.069,,23,24,0.4,,
00-0017209,Chris Warren,RB,DAL,1999,14,0,0,0.0,0,,25,5,4,0.0,0.125,,31,30,21.8,,
00-0017209,Chris Warren,RB,DAL,1999,15,0,0,0.0,0,,5,3,2,0.0,0.1071,0.0,31,29,4.6,,
00-0017209,Chris Warren,RB,DAL,1999,17,0,0,0.0,0,,3,3,3,0.0,0.0909,,29,30,7.6,,
00-0017218,Lamont Warren,RB,NE,1999,1,0,0,0.0,0,,0,2,1,0.0,0.0667,0.0,27,28,1.6,,
00-0017218,Lamont Warren,RB,NE,1999,2,0,0,0.0,0,,4,2,1,0.0,0.0444,,27,32,4.4,,
00-0017218,Lamont Warren,RB,NE,1999,3,0,0,0.0,0,,4,1,1,0.0,0.037,,29,30,2.9,,
00-0017218,Lamont Warren,RB,NE,1999,4,0,0,0.0,0,,6,2,1,0.0,0.0488,,35,32,2.8,,
00-0017218,Lamont Warren,RB,NE,1999,5,0,0,0.0,0,,2,4,2,0.0,0.0952,0.0,19,22,5.0,,
00-0017218,Lamont Warren,RB,NE,1999,6,0,0,0.0,0,,1,5,3,0.0,0.1389,0.0,14,18,6.5,,
00-0017218,Lamont Warren,RB,NE,1999,7,0,0,0.0,0,,2,4,2,0.0,0.1905,,28,30,4.0,,
00-0017218,Lamont Warren,RB,NE,1999,8,0,0,0.0,0,,0,2,1,0.0,0.0952,0.0,43,45,7.3,,
00-0017218,Lamont Warren,RB,NE,1999,10,0,0,0.0,0,,1,1,1,0.0,0.0286,0.0,20,21,2.1,,
00-0017218,Lamont Warren,RB,NE,1999,11,0,0,-2.049,1,,0,2,0,0.0,0.0645,0.0,19,22,0.0,,
00-0017218,Lamont Warren,RB,NE,1999,12,0,0,0.0,0,,2,3,3,0.0,0.1,0.0,25,29,6.9,,
00-0017218,Lamont Warren,RB,NE,1999,13,0,0,0.0,0,,1,2,1,0.0,0.08,0.0,36,32,3.0,,
00-0017218,Lamont Warren,RB,NE,1999,14,0,0,0.0,0,,2,4,4,0.0,0.0909,0.0,20,22,9.1,,
00-0017218,Lamont Warren,RB,NE,1999,15,0,0,0.0,0,,9,3,3,0.0,0.0682,0.0,27,33,8.3,,
00-0017218,Lamont Warren,RB,NE,1999,16,0,0,0.0,0,,0,5,2,0.0,0.25,,34,29,2.8,,
00-0017218,Lamont Warren,RB,NE,1999,17,0,0,0.0,0,,1,6,3,0.0,0.2308,0.0,22,18,6.5,,
00-0017301,Edwin Watson,RB,PHI,1999,14,0,0,0.0,0,,1,0,0,0.0,0.0,0.0,24,23,0.6,,
00-0017301,Edwin Watson,RB,PHI,1999,15,0,0,0.0,0,,3,0,0,0.0,0.0,0.0,37,36,1.1,,
00-0017303,Justin Watson,RB,LA,1999,3,0,0,0.0,0,,6,0,0,0.0,0.0,,34,28,2.0,,
00-0017303,Justin Watson,RB,LA,1999,4,0,0,0.0,0,,6,0,0,0.0,0.0,,28,22,1.3,,
00-0017303,Justin Watson,RB,LA,1999,5,0,0,0.0,0,,11,0,0,0.0,0.0,0.0,28,24,4.6,,
00-0017303,Justin Watson,RB,LA,1999,7,0,0,0.0,0,,9,2,0,0.0,0.0588,,29,36,6.9,,
00-0017303,Justin Watson,RB,LA,1999,16,0,0,0.0,0,,11,1,0,0.0,0.0244,0.0,27,33,2.3,,
00-0017303,Justin Watson,RB,LA,1999,17,0,0,0.0,0,,3,2,0,0.0,0.0526,0.0,26,14,-1.7,,
00-0017322,Ricky Watters,RB,SEA,1999,1,0,0,0.0,0,,13,4,4,0.0,0.1379,,16,17,9.0,,
00-0017322,Ricky Watters,RB,SEA,1999,2,0,0,0.0,0,,23,3,3,0.0,0.1,,28,26,16.3,,
00-0017322,Ricky Watters,RB,SEA,1999,3,0,0,0.0,0,,29,3,2,0.0,0.1034,,34,31,11.0,,
00-0017322,Ricky Watters,RB,SEA,1999,4,0,0,0.0,0,,24,5,5,0.0,0.1667,0.0,26,29,17.6,,
00-0017322,Ricky Watters,RB,SEA,1999,6,0,0,0.0,0,,21,5,2,0.0,0.1852,0.0,27,23,8.6,,
00-0017322,Ricky Watters,RB,SEA,1999,7,0,0,0.0,0,,22,2,1,0.0,0.0667,,32,26,8.6,,
00-0017322,Ricky Watters,RB,SEA,1999,8,0,0,0.0,0,,31,1,1,0.0,0.0526,,36,32,15.6,,
00-0017322,Ricky Watters,RB,SEA,1999,9,0,0,0.0,0,,27,4,1,5,0.1667,0.102,37,37,27.1,,
00-0017322,Ricky Watters,RB,SEA,1999,10,0,0,0.0,0,,17,3,1,0.0,0.0968,0.0,21,20,4.5,,
00-0017322,Ricky Watters,RB,SEA,1999,11,0,0,0.0,0,,24,6,4,0.0,0.2,0.0,32,29,39.4,,
00-0017322,Ricky Watters,RB,SEA,1999,12,0,0,0.0,0,,17,6,2,0.0,0.1765,0.0,22,21,9.1,,
00-0017322,Ricky Watters,RB,SEA,1999,13,0,0,0.0,0,,14,6,5,0.0,0.1579,0.0,19,20,17.4,,
00-0017322,Ricky Watters,RB,SEA,1999,14,0,0,0.0,0,,20,3,2,0.0,0.0789,0.0,21,22,9.2,,
00-0017322,Ricky Watters,RB,SEA,1999,15,0,0,0.0,0,,16,4,3,0.0,0.0976,,17,19,22.5,,
00-0017322,Ricky Watters,RB,SEA,1999,16,0,0,0.0,0,,18,4,2,0.0,0.1379,,28,27,10.4,,
00-0017322,Ricky Watters,RB,SEA,1999,17,0,0,0.0,0,,9,3,2,0.0,0.0698,0.0,12,12,7.4,,
00-0017356,Jed Weaver,TE,PHI,1999,1,0,0,0.0,0,,0,1,0,0.0,0.0385,0.0,26,24,0.0,,
00-0017356,Jed Weaver,TE,PHI,1999,2,0,0,0.0,0,,0,1,0,0.0,0.0357,0.0,20,15,0.0,,
00-0017356,Jed Weaver,TE,PHI,1999,3,0,0,0.0,0,,0,4,2,0.0,0.1081,,12,18,4.2,,
00-0017356,Jed Weaver,TE,PHI,1999,4,0,0,0.0,0,,0,3,1,0.0,0.1429,0.0,26,24,1.9,,
00-0017356,Jed Weaver,TE,PHI,1999,5,0,0,0.0,0,,0,1,1,0.0,0.037,0.0,27,27,1.3,,
00-0017356,Jed Weaver,TE,PHI,1999,6,0,0,0.0,0,,0,1,1,0.0,0.0263,0.0,26,30,2.1,,
00-0017356,Jed Weaver,TE,PHI,1999,7,0,0,0.0,0,,0,5,4,0.0,0.2174,0.0,22,21,6.7,,
00-0017356,Jed Weaver,TE,PHI,1999,8,0,0,0.0,0,,0,2,0,0.0,0.069,-0.0,31,30,0.0,,
00-0017356,Jed Weaver,TE,PHI,1999,9,0,0,0.0,0,,0,2,1,0.0,0.0714,0.0,23,21,1.8,,
00-0017356,Jed Weaver,TE,PHI,1999,10,0,0,0.0,0,,0,2,1,0.0,0.0952,,42,34,4.1,,
00-0017356,Jed Weaver,TE,PHI,1999,11,0,0,0.0,0,,0,4,0,0.0,0.1111,0.0,20,22,0.0,,
00-0017356,Jed Weaver,TE,PHI,1999,13,0,0,0.0,0,,0,1,0,0.0,0.0323,0.0,37,34,0.0,,
00-0017356,Jed Weaver,TE,PHI,1999,17,0,0,0.0,0,,0,1,0,0.0,0.0323,0.0,23,21,0.0,,
00-0017415,Casey Weldon,QB,WAS,1999,2,0,0,0.0,0,,3,0,0,0.0,0.0,,41,35,-0.2,,
00-0017415,Casey Weldon,QB,WAS,1999,17,0,0,0.0,0,,2,0,0,0.0,0.0,,30,28,-0.2,,
00-0017470,Michael Westbrook,WR,WAS,1999,1,0,0,0.0,0,,0,7,5,0.0,0.2121,,30,29,26.9,,
00-0017470,Michael Westbrook,WR,WAS,1999,2,0,0,0.0,0,,1,4,4,0.0,0.1429,,41,35,15.5,,
00-0017470,Michael Westbrook,WR,WAS,1999,3,0,0,0.0,0,,0,8,4,0.0,0.2857,,29,29,12.4,,
00-0017470,Michael Westbrook,WR,WAS,1999,4,0,0,0.0,0,,1,12,8,0.0,0.375,,31,26,35.2,,
00-0017470,Michael Westbrook,WR,WAS,1999,6,0,0,0.0,0,,1,6,3,0.0,0.1538,0.0,34,31,5.7,,
00-0017470,Michael Westbrook,WR,WAS,1999,7,0,0,0.0,0,,0,4,3,0.0,0.1143,,16,22,6.8,,
00-0017470,Michael Westbrook,WR,WAS,1999,8,0,0,0.0,0,,0,7,5,0.0,0.2333,0.0,24,26,19.5,,
00-0017470,Michael Westbrook,WR,WAS,1999,9,0,0,0.0,0,,2,7,4,0.0,0.1944,0.0,13,17,12.4,,
00-0017470,Michael Westbrook,WR,WAS,1999,10,0,0,0.0,0,,1,8,4,9,0.25,0.6,27,28,26.1,,
00-0017470,Michael Westbrook,WR,WAS,1999,11,0,0,0.0,0,,0,4,1,0.0,0.1429,0.0,40,42,1.1,,
00-0017470,Michael Westbrook,WR,WAS,1999,12,0,0,0.0,0,,0,10,4,44,0.2778,1.0,32,29,9.1,,
00-0017470,Michael Westbrook,WR,WAS,1999,13,0,0,0.0,0,,1,9,5,0.0,0.225,0.0,21,27,20.2,,
00-0017470,Michael Westbrook,WR,WAS,1999,14,0,0,0.0,0,,0,8,4,0.0,0.3077,0.0,46,44,15.2,,
00-0017470,Michael Westbrook,WR,WAS,1999,15,0,0,0.0,0,,0,5,1,0.0,0.1667,,32,36,4.5,,
00-0017470,Michael Westbrook,WR,WAS,1999,16,0,0,0.0,0,,0,10,7,0.0,0.2128,0.0,17,21,25.5,,
00-0017470,Michael Westbrook,WR,WAS,1999,17,0,0,0.0,0,,0,5,3,0.0,0.25,,30,28,5.5,,
00-0017480,Ryan Wetnight,TE,CHI,1999,1,0,0,0.0,0,,0,3,2,0.0,0.0652,,28,27,4.5,,
00-0017480,Ryan Wetnight,TE,CHI,1999,2,0,0,0.0,0,,0,4,3,0.0,0.0909,,30,29,4.7,,
00-0017480,Ryan Wetnight,TE,CHI,1999,3,0,0,0.0,0,,0,3,3,0.0,0.0857,0.0,16,19,3.9,,
00-0017480,Ryan Wetnight,TE,CHI,1999,4,0,0,0.0,0,,0,7,6,0.0,0.1628,0.0,28,28,10.7,,
00-0017480,Ryan Wetnight,TE,CHI,1999,5,0,0,0.0,0,,0,3,2,0.0,0.0714,,33,33,4.6,,
00-0017480,Ryan Wetnight,TE,CHI,1999,6,0,0,0.0,0,,0,2,2,19,0.0606,0.056,29,27,3.9,,
00-0017480,Ryan Wetnight,TE,CHI,1999,7,0,0,0.0,0,,0,6,3,6,0.1395,0.3,24,23,5.0,,
00-0017480,Ryan Wetnight,TE,CHI,1999,8,0,0,0.0,0,,0,5,2,0.0,0.0877,0.0,26,29,8.9,,
00-0017480,Ryan Wetnight,TE,CHI,1999,9,0,0,0.0,0,,0,4,1,0.0,0.1176,0.0,29,27,1.5,,
00-0017480,Ryan Wetnight,TE,CHI,1999,10,0,0,0.0,0,,0,5,4,25,0.1042,0.0853,22,27,6.7,,
00-0017480,Ryan Wetnight,TE,CHI,1999,11,0,0,0.0,0,,0,3,1,0.0,0.0769,,28,27,1.6,,
00-0017480,Ryan Wetnight,TE,CHI,1999,12,0,0,0.0,0,,0,3,1,0.0,0.0769,0.0,12,15,1.9,,
00-0017480,Ryan Wetnight,TE,CHI,1999,13,0,0,0.0,0,,0,1,0,0.0,0.0256,0.0,24,26,0.0,,
00-0017480,Ryan Wetnight,TE,CHI,1999,15,0,0,0.0,0,,0,1,1,0.0,0.0278,0.0,32,23,1.7,,
00-0017480,Ryan Wetnight,TE,CHI,1999,16,0,0,0.0,0,,0,4,4,0.0,0.0741,,17,18,6.6,,
00-0017480,Ryan Wetnight,TE,CHI,1999,17,0,0,0.0,0,,0,6,3,0.0,0.1463,0.0,18,15,5.5,,
00-0017486,Tyrone Wheatley,RB,LV,1999,1,0,0,0.0,0,,15,2,2,0.0,0.0714,0.0,32,35,14.2,,
00-0017486,Tyrone Wheatley,RB,LV,1999,2,0,0,0.0,0,,18,1,1,0.0,0.0303,,33,32,7.5,,
00-0017486,Tyrone Wheatley,RB,LV,1999,3,0,0,0.0,0,,8,3,2,0.0,0.0882,,26,25,13.5,,
00-0017486,Tyrone Wheatley,RB,LV,1999,4,0,0,0.0,0,,20,2,1,0.0,0.0625,0.0,32,37,17.8,,
00-0017486,Tyrone Wheatley,RB,LV,1999,5,0,0,0.0,0,,11,2,2,0.0,0.0556,0.0,24,27,6.5,,
00-0017486,Tyrone Wheatley,RB,LV,1999,6,0,0,0.0,0,,25,3,2,0.0,0.1364,0.0,48,47,25.8,,
00-0017486,Tyrone Wheatley,RB,LV,1999,7,0,0,0.0,0,,8,4,1,0.0,0.0784,0.0,23,20,-1.3,,
00-0017486,Tyrone Wheatley,RB,LV,1999,8,0,0,0.0,0,,8,0,0,0.0,0.0,0.0,19,20,1.6,,
00-0017486,Tyrone Wheatley,RB,LV,1999,10,0,0,0.0,0,,22,2,2,0.0,0.087,,43,37,23.2,,
00-0017486,Tyrone Wheatley,RB,LV,1999,11,0,0,0.0,0,,16,4,0,0.0,0.125,0.0,29,27,5.3,,
00-0017486,Tyrone Wheatley,RB,LV,1999,12,0,0,0.0,0,,11,3,1,5,0.1034,0.2941,25,22,6.5,,
00-0017486,Tyrone Wheatley,RB,LV,1999,13,0,0,0.0,0,,21,0,0,0.0,0.0,0.0,41,38,8.0,,
00-0017486,Tyrone Wheatley,RB,LV,1999,14,0,0,0.0,0,,11,2,2,0.0,0.0714,0.0,22,26,9.5,,
00-0017486,Tyrone Wheatley,RB,LV,1999,15,0,0,0.0,0,,19,2,1,0.0,0.0714,,37,38,24.2,,
00-0017486,Tyrone Wheatley,RB,LV,1999,16,0,0,0.0,0,,12,1,1,0.0,0.0303,0.0,24,22,4.9,,
00-0017486,Tyrone Wheatley,RB,LV,1999,17,0,0,0.0,0,,17,7,3,0.0,0.1628,0.0,30,37,27.0,,
00-0017611,Alvis Whitted,WR,JAX,1999,1,0,0,0.0,0,,0,1,0,0.0,0.0323,,34,32,0.0,,
00-0017611,Alvis Whitted,WR,JAX,1999,9,0,0,0.0,0,,0,1,0,0.0,0.0294,,34,33,0.0,,
00-0017611,Alvis Whitted,WR,JAX,1999,12,0,0,0.0,0,,1,0,0,0.0,0.0,0.0,25,23,0.9,,
00-0017611,Alvis Whitted,WR,JAX,1999,15,0,0,0.0,0,,0,1,0,31,0.0303,1.0,33,32,0.0,,
00-0017611,Alvis Whitted,WR,JAX,1999,16,0,0,0.0,0,,0,1,0,0.0,0.0312,0.0,18,17,6.0,,
00-0017662,Josh Wilcox,TE,NO,1999,7,0,0,0.0,0,,0,2,2,0.0,0.0625,0.0,27,27,5.0,,
00-0017662,Josh Wilcox,TE,NO,1999,8,0,0,0.0,0,,0,1,0,0.0,0.0357,0.0,50,48,0.0,,
00-0017662,Josh Wilcox,TE,NO,1999,11,0,0,0.0,0,,0,1,1,0.0,0.037,0.0,29,26,1.3,,
00-0017662,Josh Wilcox,TE,NO,1999,16,0,0,0.0,0,,0,3,3,0.0,0.1111,0.0,29,26,5.8,,
00-0017697,Terrence Wilkins,WR,IND,1999,3,0,0,0.0,0,,0,2,2,0.0,0.0377,0.0,22,20,11.7,,
00-0017697,Terrence Wilkins,WR,IND,1999,5,0,0,0.0,0,,0,4,4,0.0,0.1667,0.0,24,25,18.1,,
00-0017697,Terrence Wilkins,WR,IND,1999,6,0,0,0.0,0,,0,2,2,22,0.0571,0.386,28,31,12.0,,
00-0017697,Terrence Wilkins,WR,IND,1999,7,0,0,0.0,0,,0,4,3,0.0,0.1212,0.0,28,27,8.4,,
00-0017697,Terrence Wilkins,WR,IND,1999,8,0,0,0.0,0,,1,7,5,0.0,0.2059,,28,34,11.2,,
00-0017697,Terrence Wilkins,WR,IND,1999,9,0,0,0.0,0,,0,4,3,0.0,0.1212,-0.0,23,28,5.6,,
00-0017697,Terrence Wilkins,WR,IND,1999,10,0,0,0.0,0,,0,5,1,0.0,0.1429,0.0,19,21,7.3,,
00-0017697,Terrence Wilkins,WR,IND,1999,11,0,0,0.0,0,,0,6,4,0.0,0.2,-0.0,36,42,19.1,,
00-0017697,Terrence Wilkins,WR,IND,1999,12,0,0,0.0,0,,0,7,5,0.0,0.2414,0.0,27,31,8.9,,
00-0017697,Terrence Wilkins,WR,IND,1999,13,0,0,0.0,0,,0,4,2,3,0.1379,0.1579,25,26,10.5,,
00-0017697,Terrence Wilkins,WR,IND,1999,14,0,0,0.0,0,,0,6,3,0.0,0.2222,,25,22,4.8,,
00-0017697,Terrence Wilkins,WR,IND,1999,15,0,0,0.0,0,,0,2,2,0.0,0.0541,0.0,23,26,3.8,,
00-0017697,Terrence Wilkins,WR,IND,1999,16,0,0,0.0,0,,0,7,3,0.0,0.1667,,30,31,5.8,,
00-0017697,Terrence Wilkins,WR,IND,1999,17,0,0,0.0,0,,0,8,3,17,0.2286,1.0,19,25,5.5,,
00-0017829,Jermaine Williams,RB,LV,1999,7,0,0,0.0,0,,0,1,0,0.0,0.0196,0.0,23,20,0.0,,
00-0017829,Jermaine Williams,RB,LV,1999,8,0,0,0.0,0,,0,1,1,0.0,0.0323,0.0,19,20,3.0,,
00-0017847,Karl Williams,WR,TB,1999,1,0,0,0.0,0,,0,3,2,0.0,0.0769,0.0,27,19,3.4,,
00-0017847,Karl Williams,WR,TB,1999,3,0,0,0.0,0,,0,1,1,0.0,0.0526,,42,17,1.9,,
00-0017847,Karl Williams,WR,TB,1999,4,0,0,0.0,0,,0,7,3,0.0,0.1842,0.0,24,20,5.6,,
00-0017847,Karl Williams,WR,TB,1999,5,0,0,0.0,0,,0,3,1,0.0,0.12,0.0,32,20,1.7,,
00-0017847,Karl Williams,WR,TB,1999,7,0,0,0.0,0,,0,2,1,0.0,0.0741,,28,14,1.9,,
00-0017847,Karl Williams,WR,TB,1999,11,0,0,0.0,0,,0,2,2,0.0,0.0645,0.0,27,13,3.4,,
00-0017847,Karl Williams,WR,TB,1999,12,0,0,0.0,0,,0,1,0,0.0,0.0556,,37,16,0.0,,
00-0017847,Karl Williams,WR,TB,1999,13,0,0,0.0,0,,0,1,1,0.0,0.0526,0.0,27,1,1.5,,
00-0017847,Karl Williams,WR,TB,1999,14,0,0,0.0,0,,0,5,4,0.0,0.1471,0.0,19,15,7.1,,
00-0017847,Karl Williams,WR,TB,1999,15,0,0,0.0,0,,0,6,4,9,0.2143,1.0,19,17,8.4,,
00-0017847,Karl Williams,WR,TB,1999,16,0,0,0.0,0,,0,2,2,0.0,0.0645,0.0,37,19,3.7,,
00-0017860,Kevin R. Williams,WR,BUF,1999,1,0,0,0.0,0,,0,1,0,0.0,0.0238,0.0,15,7,0.0,,
00-0017860,Kevin R. Williams,WR,BUF,1999,2,0,0,0.0,0,,0,3,3,0.0,0.125,,47,30,7.0,,
00-0017860,Kevin R. Williams,WR,BUF,1999,3,0,0,0.0,0,,1,3,2,0.0,0.1034,0.0,40,16,4.7,,
00-0017860,Kevin R. Williams,WR,BUF,1999,4,0,0,0.0,0,,0,4,2,0.0,0.16,,27,12,4.6,,
00-0017860,Kevin R. Williams,WR,BUF,1999,6,0,0,0.0,0,,0,6,4,90,0.15,0.1852,13,5,10.3,,
00-0017860,Kevin R. Williams,WR,BUF,1999,7,0,0,0.0,0,,0,9,4,0.0,0.18,0.0,25,10,9.2,,
00-0017860,Kevin R. Williams,WR,BUF,1999,8,0,0,0.0,0,,0,8,4,0.0,0.2,0.0,29,6,7.5,,
00-0017860,Kevin R. Williams,WR,BUF,1999,10,0,0,0.0,0,,0,3,2,0.0,0.1579,,48,34,3.5,,
00-0017860,Kevin R. Williams,WR,BUF,1999,11,0,0,0.0,0,,0,3,2,0.0,0.0769,-0.0,17,2,5.0,,
00-0017860,Kevin R. Williams,WR,BUF,1999,14,0,0,0.0,0,,0,2,2,0.0,0.0625,0.0,28,16,3.0,,
00-0017860,Kevin R. Williams,WR,BUF,1999,15,0,0,0.0,0,,0,3,2,0.0,0.1,0.0,41,14,3.9,,
00-0017860,Kevin R. Williams,WR,BUF,1999,16,0,0,0.0,0,,0,3,2,0.0,0.0857,,41,15,4.4,,
00-0017860,Kevin R. Williams,WR,BUF,1999,17,0,0,0.0,0,,0,3,2,0.0,0.0938,,31,6,7.3,,
00-0017892,Moe Williams,RB,MIN,1999,3,0,0,0.0,0,,2,0,0,0.0,0.0,0.0,29,31,1.0,,
00-0017892,Moe Williams,RB,MIN,1999,4,0,0,0.0,0,,2,1,1,0.0,0.0286,0.0,23,31,2.3,,
00-0017892,Moe Williams,RB,MIN,1999,6,0,0,0.0,0,,2,0,0,0.0,0.0,0.0,19,20,0.1,,
00-0017892,Moe Williams,RB,MIN,1999,7,0,0,0.0,0,,6,2,0,0.0,0.0714,0.0,31,25,8.5,,
00-0017892,Moe Williams,RB,MIN,1999,8,0,0,0.0,0,,4,0,0,0.0,0.0,,24,23,0.9,,
00-0017892,Moe Williams,RB,MIN,1999,9,0,0,0.0,0,,6,0,0,0.0,0.0,0.0,32,27,2.0,,
00-0017892,Moe Williams,RB,MIN,1999,16,0,0,0.0,0,,2,0,0,0.0,0.0,0.0,25,25,6.3,,
00-0017896,Nicolas Luchey,RB,CIN,1999,2,0,0,0.0,0,,0,2,2,0.0,0.0667,0.0,17,16,3.7,,
00-0017896,Nicolas Luchey,RB,CIN,1999,3,0,0,0.0,0,,3,1,0,0.0,0.0233,0.0,28,26,0.4,,
00-0017896,Nicolas Luchey,RB,CIN,1999,7,0,0,0.0,0,,4,2,2,0.0,0.0645,,26,24,5.9,,
00-0017896,Nicolas Luchey,RB,CIN,1999,8,0,0,0.0,0,,0,2,1,0.0,0.0571,0.0,23,24,2.6,,
00-0017896,Nicolas Luchey,RB,CIN,1999,9,0,0,0.0,0,,0,2,2,0.0,0.0541,-0.0,23,21,3.5,,
00-0017896,Nicolas Luchey,RB,CIN,1999,12,0,0,0.0,0,,0,3,3,0.0,0.1071,0.0,35,32,5.7,,
00-0017896,Nicolas Luchey,RB,CIN,1999,14,0,0,0.0,0,,3,0,0,0.0,0.0,,53,46,0.8,,
00-0017915,Ricky Williams,RB,NO,1999,1,0,0,0.0,0,,10,0,0,0.0,0.0,,41,33,4.0,,
00-0017915,Ricky Williams,RB,NO,1999,2,0,0,0.0,0,,22,5,3,0.0,0.1351,0.0,30,27,11.5,,
00-0017915,Ricky Williams,RB,NO,1999,4,0,0,0.0,0,,21,1,1,0.0,0.0357,,35,33,10.4,,
00-0017915,Ricky Williams,RB,NO,1999,5,0,0,0.0,0,,19,4,3,0.0,0.1053,0.0,24,26,9.9,,
00-0017915,Ricky Williams,RB,NO,1999,6,0,0,0.0,0,,17,0,0,0.0,0.0,0.0,21,21,1.5,,
00-0017915,Ricky Williams,RB,NO,1999,7,0,0,0.0,0,,24,2,1,-2,0.0625,-0.0588,27,27,11.2,,
00-0017915,Ricky Williams,RB,NO,1999,8,0,0,0.0,0,,40,3,3,0.0,0.1071,0.0,50,48,17.7,,
00-0017915,Ricky Williams,RB,NO,1999,9,0,0,0.0,0,,14,6,4,0.0,0.1714,0.0,23,24,10.3,,
00-0017915,Ricky Williams,RB,NO,1999,10,0,0,0.0,0,,30,3,3,0.0,0.2,,39,37,18.6,,
00-0017915,Ricky Williams,RB,NO,1999,11,0,0,0.0,0,,19,5,2,0.0,0.1852,0.0,29,26,26.1,,
00-0017915,Ricky Williams,RB,NO,1999,16,1,0,-0.344,0,,23,4,3,0.0,0.1481,0.0,29,26,12.2,,
00-0017915,Ricky Williams,RB,NO,1999,17,0,0,0.0,0,,14,7,5,0.0,0.1489,0.0,25,20,6.2,,
00-0017922,Rodney A. Williams,WR,LV,1999,11,0,0,0.0,0,,0,1,0,0.0,0.0312,0.0,29,27,0.0,,
00-0017924,Roland Williams,TE,LA,1999,3,0,0,0.0,0,,0,3,2,0.0,0.12,,34,28,5.1,,
00-0017924,Roland Williams,TE,LA,1999,6,0,0,0.0,0,,0,2,2,0.0,0.1,0.0,28,24,3.7,,
00-0017924,Roland Williams,TE,LA,1999,7,0,0,0.0,0,,0,5,5,0.0,0.1471,,29,36,22.0,,
00-0017924,Roland Williams,TE,LA,1999,8,0,0,0.0,0,,0,1,1,0.0,0.0227,,19,24,1.4,,
00-0017924,Roland Williams,TE,LA,1999,9,0,0,0.0,0,,0,2,1,0.0,0.0465,0.0,16,22,2.5,,
00-0017924,Roland Williams,TE,LA,1999,10,0,0,0.0,0,,0,5,3,0.0,0.1724,0.0,20,19,12.8,,
00-0017924,Roland Williams,TE,LA,1999,11,0,0,0.0,0,,0,2,1,0.0,0.0541,0.0,30,25,1.2,,
00-0017924,Roland Williams,TE,LA,1999,13,0,0,0.0,0,,0,4,2,12,0.125,0.4286,33,28,9.6,,
00-0017924,Roland Williams,TE,LA,1999,14,0,0,0.0,0,,0,3,2,5,0.0968,0.0258,34,34,4.6,,
00-0017924,Roland Williams,TE,LA,1999,15,0,0,0.0,0,,0,3,1,0.0,0.0938,,27,23,1.4,,
00-0017924,Roland Williams,TE,LA,1999,16,0,0,0.0,0,,0,2,2,0.0,0.0488,0.0,27,33,8.4,,
00-0017924,Roland Williams,TE,LA,1999,17,0,0,0.0,0,,0,1,1,0.0,0.0263,0.0,26,14,1.9,,
00-0018333,Danny Wuerffel,QB,NO,1999,7,1,0,-2.613,0,,1,0,0,0.0,0.0,0.0,27,27,0.0,,
00-0018333,Danny Wuerffel,QB,NO,1999,12,6,2,-1.181,0,,0,0,0,0.0,0.0,0.0,28,30,0.8,,
00-0018333,Danny Wuerffel,QB,NO,1999,13,30,15,-16.671,5,,1,0,0,0.0,0.0,0.0,26,31,10.0,,
00-0018333,Danny Wuerffel,QB,NO,1999,15,11,5,-7.76,0,,0,0,0,0.0,0.0,0.0,16,18,-0.2,,
00-0018343,Frank Wycheck,TE,TEN,1999,1,0,0,0.0,0,,0,4,3,0.0,0.125,0.0,18,15,8.1,,
00-0018343,Frank Wycheck,TE,TEN,1999,2,0,0,0.0,0,,0,10,9,0.0,0.25,,34,38,17.0,,
00-0018343,Frank Wycheck,TE,TEN,1999,3,0,0,0.0,0,,0,6,3,0.0,0.1875,0.0,26,25,6.4,,
00-0018343,Frank Wycheck,TE,TEN,1999,4,0,0,0.0,0,,0,8,5,0.0,0.2,0.0,21,23,10.0,,
00-0018343,Frank Wycheck,TE,TEN,1999,5,0,0,0.0,0,,0,7,4,0.0,0.2,,24,27,5.9,,
00-0018343,Frank Wycheck,TE,TEN,1999,6,0,0,0.0,0,,0,3,1,0.0,0.12,0.0,35,30,1.5,,
00-0018343,Frank Wycheck,TE,TEN,1999,8,0,0,0.0,0,,0,8,2,0.0,0.2759,,31,22,5.8,,
00-0018343,Frank Wycheck,TE,TEN,1999,9,0,0,0.0,0,,0,6,3,0.0,0.1538,0.0,23,20,4.5,,
00-0018343,Frank Wycheck,TE,TEN,1999,10,0,0,0.0,0,,0,2,2,0.0,0.08,,37,31,2.1,,
00-0018343,Frank Wycheck,TE,TEN,1999,11,0,0,0.0,0,,0,9,5,0.0,0.36,0.0,32,23,7.5,,
00-0018343,Frank Wycheck,TE,TEN,1999,12,0,0,0.0,0,,0,5,3,0.0,0.1389,,33,29,5.7,,
00-0018343,Frank Wycheck,TE,TEN,1999,13,0,0,0.0,0,,0,12,10,0.0,0.24,0.0,14,16,18.7,,
00-0018343,Frank Wycheck,TE,TEN,1999,14,0,0,0.0,0,,0,4,3,0.0,0.2105,0.0,33,34,6.6,,
00-0018343,Frank Wycheck,TE,TEN,1999,15,1,1,5.553,0,,0,5,2,0.0,0.1667,,28,24,11.3,,
00-0018343,Frank Wycheck,TE,TEN,1999,16,0,0,0.0,0,,0,12,9,0.0,0.3158,,37,33,15.4,,
00-0018343,Frank Wycheck,TE,TEN,1999,17,0,0,0.0,0,,0,7,5,0.0,0.3182,0.0,33,29,25.0,,
00-0018382,Craig Yeast,WR,CIN,1999,1,0,0,0.0,0,,0,1,0,0.0,0.0303,0.0,42,33,0.0,,
00-0018382,Craig Yeast,WR,CIN,1999,8,0,0,0.0,0,,0,4,3,0.0,0.1143,0.0,23,24,5.0,,
00-0018382,Craig Yeast,WR,CIN,1999,9,0,0,0.0,0,,1,0,0,0.0,0.0,-0.0,23,21,-1.3,,
00-0018382,Craig Yeast,WR,CIN,1999,11,0,0,0.0,0,,0,2,0,0.0,0.0556,0.0,23,18,6.0,,
00-0018382,Craig Yeast,WR,CIN,1999,14,0,0,0.0,0,,1,0,0,0.0,0.0,,53,46,5.7,,
00-0018382,Craig Yeast,WR,CIN,1999,16,0,0,0.0,0,,0,1,0,0.0,0.0278,0.0,25,27,0.0,,
00-0018441,Steve Young,QB,SF,1999,1,25,9,-17.566,2,,6,0,0,0.0,0.0,0.0,20,17,0.3,,
00-0018441,Steve Young,QB,SF,1999,2,35,23,0.877,5,,3,0,0,0.0,0.0,0.0,23,24,17.6,,
00-0018441,Steve Young,QB,SF,1999,3,23,13,-6.116,1,,2,0,0,0.0,0.0,-0.0,36,36,7.6,,
00-0018483,Eric Zeier,QB,TB,1999,1,11,3,-7.898,0,,0,0,0,0.0,0.0,0.0,27,19,-1.4,,
00-0018483,Eric Zeier,QB,TB,1999,8,43,29,-9.29,5,,3,0,0,0.0,0.0,,22,21,8.9,,
00-0018501,Amos Zereoue,RB,PIT,1999,1,0,0,0.0,0,,17,1,1,0.0,0.0312,,57,52,6.8,,
00-0018501,Amos Zereoue,RB,PIT,1999,3,0,0,0.0,0,,0,1,1,0.0,0.025,0.0,19,21,1.3,,
00-0018501,Amos Zereoue,RB,PIT,1999,12,0,0,0.0,0,,1,0,0,0.0,0.0,0.0,31,31,0.4,,
00-0018518,Scott Zolak,QB,MIA,1999,11,4,0,-3.567,0,,2,0,0,0.0,0.0,,36,34,-0.2,,
00-0018608,Reggie Davis,TE,LAC,1999,3,0,0,0.0,0,,0,1,1,0.0,0.0294,0.0,25,23,5.6,,
00-0018608,Reggie Davis,TE,LAC,1999,7,0,0,0.0,0,,0,2,1,0.0,0.037,0.0,27,30,1.2,,
00-0018608,Reggie Davis,TE,LAC,1999,11,0,0,0.0,0,,0,7,6,0.0,0.1556,,27,35,14.6,,
00-0018608,Reggie Davis,TE,LAC,1999,12,0,0,0.0,0,,0,4,2,0.0,0.1026,0.0,20,26,5.2,,
00-0018608,Reggie Davis,TE,LAC,1999,13,0,0,0.0,0,,0,1,0,0.0,0.0476,,44,42,0.0,,
00-0018608,Reggie Davis,TE,LAC,1999,15,0,0,0.0,0,,0,1,1,0.0,0.0278,,21,31,3.6,,
00-0018608,Reggie Davis,TE,LAC,1999,16,0,0,0.0,0,,0,3,1,0.0,0.0833,0.0,21,23,1.5,,
