player_id,name,pos,team,season,week,att,cmp,pass_epa,sacks,cpoe,car,tgt,rec,rec_ay,tgt_share,ay_share,team_car,team_rb_touch,fp_ppr,fp_exp,fp_act
00-0000007,Rabih Abdullah,RB,TB,2001,15,0,0,0.0,0,,3,0,0,0.0,0.0,,39,20,0.6,,
00-0000007,Rabih Abdullah,RB,TB,2001,17,0,0,0.0,0,,8,2,2,0.0,0.0645,0.0,25,30,8.0,,
00-0000145,Derrick Alexander,WR,KC,2001,1,0,0,0.0,0,,0,6,0,0.0,0.1667,0.0,17,9,0.0,,
00-0000145,Derrick Alexander,WR,KC,2001,3,0,0,0.0,0,,1,5,3,0.0,0.1667,,38,28,9.3,,
00-0000145,Derrick Alexander,WR,KC,2001,4,0,0,0.0,0,,0,8,4,6,0.2051,0.0706,17,24,7.3,,
00-0000145,Derrick Alexander,WR,KC,2001,5,0,0,0.0,0,,0,8,1,0.0,0.25,0.0,24,25,2.0,,
00-0000145,Derrick Alexander,WR,KC,2001,6,0,0,0.0,0,,0,9,4,0.0,0.2195,0.0,20,18,19.9,,
00-0000145,Derrick Alexander,WR,KC,2001,9,0,0,0.0,0,,0,3,1,0.0,0.1,0.0,26,21,3.5,,
00-0000145,Derrick Alexander,WR,KC,2001,11,0,0,0.0,0,,0,3,2,0.0,0.12,,44,34,7.6,,
00-0000145,Derrick Alexander,WR,KC,2001,12,0,0,0.0,0,,0,5,4,0.0,0.1429,0.0,20,26,13.9,,
00-0000145,Derrick Alexander,WR,KC,2001,13,0,0,0.0,0,,1,8,2,0.0,0.25,0.0,36,34,9.5,,
00-0000145,Derrick Alexander,WR,KC,2001,14,0,0,0.0,0,,0,5,4,25,0.25,1.0,33,30,17.2,,
00-0000145,Derrick Alexander,WR,KC,2001,15,0,0,0.0,0,,0,2,1,38,0.0741,0.5067,32,26,1.9,,
00-0000145,Derrick Alexander,WR,KC,2001,16,0,0,0.0,0,,0,2,0,0.0,0.0282,0.0,57,58,0.0,,
00-0000145,Derrick Alexander,WR,KC,2001,17,0,0,0.0,0,,0,4,1,0.0,0.125,0.0,28,29,1.5,,
00-0000166,Stephen Alexander,TE,WAS,2001,1,0,0,0.0,0,,0,6,2,0.0,0.1875,0.0,19,18,4.3,,
00-0000166,Stephen Alexander,TE,WAS,2001,2,0,0,0.0,0,,0,5,2,0.0,0.2083,0.0,15,16,3.7,,
00-0000166,Stephen Alexander,TE,WAS,2001,3,0,0,0.0,0,,0,3,0,0.0,0.1154,0.0,20,17,0.0,,
00-0000166,Stephen Alexander,TE,WAS,2001,4,0,0,0.0,0,,0,9,5,0.0,0.3,0.0,17,13,9.5,,
00-0000210,James Allen,RB,CHI,2001,1,0,0,0.0,0,,21,9,8,0.0,0.2308,0.0,28,32,15.5,,
00-0000210,James Allen,RB,CHI,2001,2,0,0,0.0,0,,15,4,2,0.0,0.1053,0.0,19,18,7.9,,
00-0000210,James Allen,RB,CHI,2001,4,0,0,0.0,0,,12,3,2,0.0,0.1111,0.0,24,25,5.6,,
00-0000210,James Allen,RB,CHI,2001,5,0,0,0.0,0,,18,2,2,0.0,0.0952,0.0,32,31,16.6,,
00-0000210,James Allen,RB,CHI,2001,6,0,0,0.0,0,,7,2,2,0.0,0.0667,,32,31,4.3,,
00-0000210,James Allen,RB,CHI,2001,7,0,0,0.0,0,,1,3,3,0.0,0.0652,0.0,30,33,6.8,,
00-0000210,James Allen,RB,CHI,2001,8,0,0,0.0,0,,1,5,5,0.0,0.1,0.0,32,43,17.8,,
00-0000210,James Allen,RB,CHI,2001,9,0,0,0.0,0,,1,3,2,0.0,0.0638,,24,30,3.7,,
00-0000210,James Allen,RB,CHI,2001,10,0,0,0.0,0,,2,0,0,0.0,0.0,0.0,29,26,1.2,,
00-0000210,James Allen,RB,CHI,2001,11,0,0,0.0,0,,27,3,1,0.0,0.1429,,30,30,12.2,,
00-0000210,James Allen,RB,CHI,2001,12,0,0,0.0,0,,25,3,2,0.0,0.0882,0.0,34,33,12.0,,
00-0000210,James Allen,RB,CHI,2001,13,0,0,0.0,0,,0,2,0,0.0,0.0606,0.0,19,21,0.7,,
00-0000210,James Allen,RB,CHI,2001,14,0,0,0.0,0,,2,0,0,0.0,0.0,0.0,40,37,0.9,,
00-0000210,James Allen,RB,CHI,2001,15,0,0,0.0,0,,2,1,0,0.0,0.04,,32,29,0.6,,
00-0000210,James Allen,RB,CHI,2001,16,0,0,0.0,0,,1,0,0,0.0,0.0,,30,27,1.1,,
00-0000210,James Allen,RB,CHI,2001,17,0,0,0.0,0,,0,2,1,0.0,0.069,,40,41,2.3,,
00-0000232,Terry Allen,RB,BAL,2001,1,0,0,0.0,0,,20,1,1,0.0,0.0345,,30,26,9.3,,
00-0000232,Terry Allen,RB,BAL,2001,2,0,0,0.0,0,,17,6,5,0.0,0.0968,0.0,20,29,11.8,,
00-0000232,Terry Allen,RB,BAL,2001,3,0,0,0.0,0,,19,1,1,0.0,0.0385,,34,32,8.4,,
00-0000232,Terry Allen,RB,BAL,2001,4,0,0,0.0,0,,22,2,2,0.0,0.069,,40,42,20.0,,
00-0000232,Terry Allen,RB,BAL,2001,5,0,0,0.0,0,,18,2,1,0.0,0.0645,0.0,34,31,8.5,,
00-0000232,Terry Allen,RB,BAL,2001,6,0,0,0.0,0,,3,0,0,0.0,0.0,0.0,27,34,1.2,,
00-0000232,Terry Allen,RB,BAL,2001,9,0,0,0.0,0,,1,0,0,0.0,0.0,0.0,24,22,-0.1,,
00-0000232,Terry Allen,RB,BAL,2001,14,0,0,0.0,0,,3,2,2,0.0,0.0541,0.0,13,16,3.3,,
00-0000232,Terry Allen,RB,BAL,2001,15,0,0,0.0,0,,22,1,1,0.0,0.0345,,35,33,16.4,,
00-0000232,Terry Allen,RB,BAL,2001,16,0,0,0.0,0,,20,5,4,0.0,0.1351,0.0,27,31,13.5,,
00-0000232,Terry Allen,RB,BAL,2001,17,0,0,0.0,0,,23,0,0,0.0,0.0,,42,41,13.3,,
00-0000316,Jamal Anderson,RB,ATL,2001,1,0,0,0.0,0,,26,2,1,0.0,0.0909,,31,27,16.4,,
00-0000316,Jamal Anderson,RB,ATL,2001,2,0,0,0.0,0,,25,1,1,0.0,0.0667,0.0,28,26,24.2,,
00-0000316,Jamal Anderson,RB,ATL,2001,3,0,0,0.0,0,,4,1,1,0.0,0.037,,34,31,2.5,,
00-0000387,Reidel Anthony,WR,TB,2001,4,0,0,0.0,0,,0,3,3,0.0,0.1071,,19,7,7.0,,
00-0000387,Reidel Anthony,WR,TB,2001,5,0,0,0.0,0,,0,2,0,0.0,0.0417,0.0,17,17,0.0,,
00-0000387,Reidel Anthony,WR,TB,2001,6,0,0,0.0,0,,0,3,1,0.0,0.075,0.0,19,15,1.2,,
00-0000387,Reidel Anthony,WR,TB,2001,7,0,0,0.0,0,,1,4,2,0.0,0.1481,,43,12,5.7,,
00-0000387,Reidel Anthony,WR,TB,2001,8,0,0,0.0,0,,0,4,1,0.0,0.1333,,24,10,2.4,,
00-0000387,Reidel Anthony,WR,TB,2001,9,0,0,0.0,0,,0,8,2,0.0,0.2162,,25,22,3.9,,
00-0000387,Reidel Anthony,WR,TB,2001,10,0,0,0.0,0,,0,7,3,0.0,0.125,0.0,15,21,8.7,,
00-0000387,Reidel Anthony,WR,TB,2001,11,0,0,0.0,0,,0,3,1,0.0,0.0882,0.0,31,20,1.9,,
00-0000387,Reidel Anthony,WR,TB,2001,15,0,0,0.0,0,,1,0,0,0.0,0.0,,39,20,0.9,,
00-0000387,Reidel Anthony,WR,TB,2001,16,0,0,0.0,0,,1,0,0,0.0,0.0,,31,15,-0.3,,
00-0000552,Obafemi Ayanbadejo,RB,BAL,2001,1,0,0,0.0,0,,2,2,2,0.0,0.069,,30,26,3.5,,
00-0000552,Obafemi Ayanbadejo,RB,BAL,2001,2,0,0,0.0,0,,2,3,2,0.0,0.0484,0.0,20,29,3.4,,
00-0000552,Obafemi Ayanbadejo,RB,BAL,2001,3,0,0,0.0,0,,4,2,1,0.0,0.0769,,34,32,2.7,,
00-0000552,Obafemi Ayanbadejo,RB,BAL,2001,4,0,0,0.0,0,,2,0,0,0.0,0.0,,40,42,1.7,,
00-0000552,Obafemi Ayanbadejo,RB,BAL,2001,5,0,0,0.0,0,,2,1,0,0.0,0.0323,0.0,34,31,-1.1,,
00-0000552,Obafemi Ayanbadejo,RB,BAL,2001,6,0,0,0.0,0,,9,8,5,0.0,0.1951,0.0,27,34,11.8,,
00-0000552,Obafemi Ayanbadejo,RB,BAL,2001,7,0,0,0.0,0,,6,2,2,0.0,0.0645,0.0,32,30,4.4,,
00-0000552,Obafemi Ayanbadejo,RB,BAL,2001,8,0,0,0.0,0,,5,4,4,0.0,0.1818,0.0,26,25,6.9,,
00-0000552,Obafemi Ayanbadejo,RB,BAL,2001,9,0,0,0.0,0,,6,1,1,0.0,0.0357,0.0,24,22,1.5,,
00-0000552,Obafemi Ayanbadejo,RB,BAL,2001,10,0,0,0.0,0,,0,1,1,0.0,0.0233,0.0,27,28,1.2,,
00-0000552,Obafemi Ayanbadejo,RB,BAL,2001,12,0,0,0.0,0,,3,4,4,0.0,0.1026,0.0,31,34,20.9,,
00-0000552,Obafemi Ayanbadejo,RB,BAL,2001,14,0,0,0.0,0,,3,4,1,0.0,0.1081,0.0,13,16,3.7,,
00-0000552,Obafemi Ayanbadejo,RB,BAL,2001,15,0,0,0.0,0,,1,1,1,0.0,0.0345,,35,33,2.0,,
00-0000552,Obafemi Ayanbadejo,RB,BAL,2001,17,0,0,0.0,0,,1,0,0,0.0,0.0,,42,41,0.8,,
00-0000722,Tony Banks,QB,WAS,2001,1,14,7,-3.785,0,,1,0,0,0.0,0.0,0.0,19,18,2.1,,
00-0000722,Tony Banks,QB,WAS,2001,3,27,11,-5.866,1,,3,0,0,0.0,0.0,0.0,20,17,8.5,,
00-0000722,Tony Banks,QB,WAS,2001,4,31,13,-26.404,4,,2,0,0,0.0,0.0,0.0,17,13,0.0,,
00-0000722,Tony Banks,QB,WAS,2001,5,18,10,0.256,2,,3,0,0,0.0,0.0,,26,26,9.7,,
00-0000722,Tony Banks,QB,WAS,2001,6,30,17,8.23,1,,2,0,0,0.0,0.0,0.0,28,29,15.7,,
00-0000722,Tony Banks,QB,WAS,2001,7,19,11,7.043,4,,4,0,0,0.0,0.0,,35,33,18.6,,
00-0000722,Tony Banks,QB,WAS,2001,8,23,15,3.77,1,,4,0,0,0.0,0.0,0.0,46,46,14.8,,
00-0000722,Tony Banks,QB,WAS,2001,10,13,4,-6.299,1,,2,0,0,0.0,0.0,,32,28,-1.9,,
00-0000722,Tony Banks,QB,WAS,2001,11,18,12,2.809,2,,5,0,0,0.0,0.0,,45,42,5.8,,
00-0000722,Tony Banks,QB,WAS,2001,12,32,17,-2.079,3,,4,0,0,0.0,0.0,0.0,22,22,19.1,,
00-0000722,Tony Banks,QB,WAS,2001,13,26,19,10.631,1,,3,0,0,0.0,0.0,,35,31,12.6,,
00-0000722,Tony Banks,QB,WAS,2001,14,36,17,-15.226,1,,3,0,0,0.0,0.0,0.0,29,28,6.0,,
00-0000722,Tony Banks,QB,WAS,2001,15,43,23,-5.864,6,,1,0,0,0.0,0.0,,28,30,7.8,,
00-0000722,Tony Banks,QB,WAS,2001,16,15,9,-0.293,2,,5,0,0,0.0,0.0,0.0,44,38,8.7,,
00-0000722,Tony Banks,QB,WAS,2001,17,25,13,-5.718,0,,5,0,0,0.0,0.0,0.0,49,43,9.0,,
00-0000727,Brad Banta,TE,DET,2001,6,0,0,0.0,0,,0,1,0,9,0.025,1.0,19,18,0.0,,
00-0000745,Tiki Barber,RB,NYG,2001,1,0,0,0.0,0,,10,4,3,0.0,0.1212,,19,21,11.1,,
00-0000745,Tiki Barber,RB,NYG,2001,2,0,0,0.0,0,,11,5,4,0.0,0.1613,0.0,31,34,11.2,,
00-0000745,Tiki Barber,RB,NYG,2001,3,0,0,0.0,0,,3,2,1,0.0,0.1111,,28,28,10.0,,
00-0000745,Tiki Barber,RB,NYG,2001,6,0,0,0.0,0,,13,7,5,0.0,0.2188,,31,38,13.0,,
00-0000745,Tiki Barber,RB,NYG,2001,7,0,0,0.0,0,,7,14,9,0.0,0.2692,0.0,19,29,17.8,,
00-0000745,Tiki Barber,RB,NYG,2001,8,0,0,0.0,0,,7,10,8,0.0,0.2941,0.0,26,35,17.0,,
00-0000745,Tiki Barber,RB,NYG,2001,9,0,0,0.0,0,,17,2,2,0.0,0.087,0.0,41,41,14.6,,
00-0000745,Tiki Barber,RB,NYG,2001,10,0,0,0.0,0,,8,5,4,0.0,0.1351,0.0,15,16,20.7,,
00-0000745,Tiki Barber,RB,NYG,2001,11,0,0,0.0,0,,19,6,5,0.0,0.1667,,27,34,27.5,,
00-0000745,Tiki Barber,RB,NYG,2001,13,0,0,0.0,0,,18,4,4,0.0,0.16,0.0,24,26,17.6,,
00-0000745,Tiki Barber,RB,NYG,2001,14,0,0,0.0,0,,16,9,5,0.0,0.2903,,25,26,17.0,,
00-0000745,Tiki Barber,RB,NYG,2001,15,0,0,0.0,0,,12,9,6,0.0,0.1957,,21,29,13.1,,
00-0000745,Tiki Barber,RB,NYG,2001,16,0,0,0.0,0,,16,13,10,0.0,0.3333,,26,36,25.8,,
00-0000745,Tiki Barber,RB,NYG,2001,17,0,0,0.0,0,,9,8,6,0.0,0.1404,0.0,21,33,23.8,,
00-0000849,Mike Bartrum,TE,PHI,2001,9,0,0,0.0,0,,0,1,1,0.0,0.0345,,35,35,7.4,,
00-0000849,Mike Bartrum,TE,PHI,2001,12,0,0,0.0,0,,0,1,0,0.0,0.0385,0.0,36,32,0.0,,
00-0000865,Charlie Batch,QB,DET,2001,1,39,20,-11.253,7,,2,0,0,0.0,0.0,0.0,20,24,5.9,,
00-0000865,Charlie Batch,QB,DET,2001,4,16,11,-11.072,3,,1,0,0,0.0,0.0,0.0,18,20,1.2,,
00-0000865,Charlie Batch,QB,DET,2001,5,41,31,13.199,4,,1,0,0,0.0,0.0,,20,23,23.8,,
00-0000865,Charlie Batch,QB,DET,2001,6,42,25,3.518,4,,2,0,0,0.0,0.0,0.0,19,18,23.8,,
00-0000865,Charlie Batch,QB,DET,2001,7,35,20,-13.457,4,,1,0,0,0.0,0.0,0.0,21,18,14.8,,
00-0000865,Charlie Batch,QB,DET,2001,8,20,8,-2.685,2,,1,0,0,0.0,0.0,,21,14,2.9,,
00-0000865,Charlie Batch,QB,DET,2001,9,39,21,-8.152,5,,1,0,0,0.0,0.0,0.0,23,21,9.9,,
00-0000865,Charlie Batch,QB,DET,2001,10,62,36,13.866,1,,0,0,0,0.0,0.0,0.0,22,27,23.4,,
00-0000865,Charlie Batch,QB,DET,2001,11,19,8,-9.075,1,,0,0,0,0.0,0.0,0.0,25,19,2.7,,
00-0000865,Charlie Batch,QB,DET,2001,12,28,18,8.187,2,,3,0,0,0.0,0.0,,23,23,9.8,,
00-0000869,D'Wayne Bates,WR,CHI,2001,8,0,0,0.0,0,,0,1,1,0.0,0.02,0.0,32,43,1.3,,
00-0000869,D'Wayne Bates,WR,CHI,2001,9,0,0,0.0,0,,0,1,0,0.0,0.0213,,24,30,0.0,,
00-0000869,D'Wayne Bates,WR,CHI,2001,16,0,0,0.0,0,,0,6,4,0.0,0.2,,30,27,20.7,,
00-0000869,D'Wayne Bates,WR,CHI,2001,17,0,0,0.0,0,,0,6,4,0.0,0.2069,,40,41,9.0,,
00-0000883,Marco Battaglia,TE,CIN,2001,2,0,0,0.0,0,,0,4,2,0.0,0.1333,,23,26,4.0,,
00-0000883,Marco Battaglia,TE,CIN,2001,3,0,0,0.0,0,,0,2,1,0.0,0.0714,0.0,26,25,1.2,,
00-0000883,Marco Battaglia,TE,CIN,2001,4,0,0,0.0,0,,0,4,1,0.0,0.1176,0.0,21,20,1.3,,
00-0000883,Marco Battaglia,TE,CIN,2001,5,0,0,0.0,0,,0,2,1,0.0,0.0526,,42,43,1.3,,
00-0000883,Marco Battaglia,TE,CIN,2001,6,0,0,0.0,0,,0,6,4,0.0,0.1304,0.0,21,20,9.7,,
00-0000883,Marco Battaglia,TE,CIN,2001,9,0,0,0.0,0,,0,5,4,0.0,0.0625,0.0,48,48,7.3,,
00-0000883,Marco Battaglia,TE,WAS,2001,17,0,0,0.0,0,,0,1,1,0.0,0.0417,0.0,49,43,1.9,,
00-0000911,Fred Baxter,TE,CHI,2001,1,0,0,0.0,0,,0,2,2,0.0,0.0513,0.0,28,32,2.4,,
00-0000911,Fred Baxter,TE,CHI,2001,2,0,0,0.0,0,,0,1,0,0.0,0.0263,0.0,19,18,0.0,,
00-0000911,Fred Baxter,TE,CHI,2001,6,0,0,0.0,0,,0,1,1,0.0,0.0333,,32,31,7.1,,
00-0000911,Fred Baxter,TE,CHI,2001,7,0,0,0.0,0,,0,5,3,7,0.1087,0.5833,30,33,5.9,,
00-0000911,Fred Baxter,TE,CHI,2001,8,0,0,0.0,0,,0,5,1,0.0,0.1,0.0,32,43,1.6,,
00-0000911,Fred Baxter,TE,CHI,2001,9,0,0,0.0,0,,0,5,2,0.0,0.1064,,24,30,3.5,,
00-0000911,Fred Baxter,TE,CHI,2001,10,0,0,0.0,0,,0,4,2,0.0,0.16,0.0,29,26,3.3,,
00-0000911,Fred Baxter,TE,CHI,2001,11,0,0,0.0,0,,0,1,0,0.0,0.0476,,30,30,0.0,,
00-0000911,Fred Baxter,TE,CHI,2001,12,0,0,0.0,0,,0,1,1,0.0,0.0294,0.0,34,33,1.7,,
00-0000911,Fred Baxter,TE,CHI,2001,13,0,0,0.0,0,,0,9,5,0.0,0.2727,0.0,19,21,8.6,,
00-0000911,Fred Baxter,TE,CHI,2001,14,0,0,0.0,0,,0,4,2,0.0,0.1429,0.0,40,37,10.8,,
00-0000911,Fred Baxter,TE,CHI,2001,16,0,0,0.0,0,,0,4,2,0.0,0.1333,,30,27,3.0,,
00-0000911,Fred Baxter,TE,CHI,2001,17,0,0,0.0,0,,0,2,1,0.0,0.069,,40,41,0.9,,
00-0001098,Brandon Bennett,RB,CIN,2001,1,0,0,0.0,0,,6,0,0,0.0,0.0,,33,34,4.3,,
00-0001098,Brandon Bennett,RB,CIN,2001,2,0,0,0.0,0,,3,2,1,0.0,0.0667,,23,26,1.7,,
00-0001098,Brandon Bennett,RB,CIN,2001,3,0,0,0.0,0,,2,3,3,0.0,0.1071,0.0,26,25,5.8,,
00-0001098,Brandon Bennett,RB,CIN,2001,5,0,0,0.0,0,,7,2,2,0.0,0.0526,,42,43,7.9,,
00-0001098,Brandon Bennett,RB,CIN,2001,6,0,0,0.0,0,,2,1,1,0.0,0.0217,0.0,21,20,2.0,,
00-0001098,Brandon Bennett,RB,CIN,2001,7,0,0,0.0,0,,4,0,0,0.0,0.0,0.0,37,34,0.8,,
00-0001098,Brandon Bennett,RB,CIN,2001,9,0,0,0.0,0,,3,2,2,0.0,0.025,0.0,48,48,5.3,,
00-0001098,Brandon Bennett,RB,CIN,2001,10,0,0,0.0,0,,2,3,2,0.0,0.075,0.0,21,23,3.5,,
00-0001098,Brandon Bennett,RB,CIN,2001,11,0,0,0.0,0,,2,1,0,0.0,0.0303,0.0,24,23,1.7,,
00-0001098,Brandon Bennett,RB,CIN,2001,12,0,0,0.0,0,,1,3,3,0.0,0.0833,0.0,24,29,6.0,,
00-0001098,Brandon Bennett,RB,CIN,2001,13,0,0,0.0,0,,1,2,1,0.0,0.0667,0.0,27,29,1.9,,
00-0001098,Brandon Bennett,RB,CIN,2001,14,0,0,0.0,0,,3,2,1,0.0,0.087,0.0,33,30,3.4,,
00-0001098,Brandon Bennett,RB,CIN,2001,15,0,0,0.0,0,,5,0,0,0.0,0.0,0.0,30,31,2.2,,
00-0001098,Brandon Bennett,RB,CIN,2001,16,0,0,0.0,0,,6,3,2,0.0,0.0455,0.0,29,29,7.5,,
00-0001098,Brandon Bennett,RB,CIN,2001,17,0,0,0.0,0,,3,2,2,0.0,0.0426,0.0,27,30,4.2,,
00-0001215,Jerome Bettis,RB,PIT,2001,1,0,0,0.0,0,,12,1,1,0.0,0.0164,0.0,57,51,4.0,,
00-0001215,Jerome Bettis,RB,PIT,2001,3,0,0,0.0,0,,22,0,0,0.0,0.0,,31,29,11.4,,
00-0001215,Jerome Bettis,RB,PIT,2001,4,0,0,0.0,0,,23,1,1,0.0,0.0417,,40,33,17.0,,
00-0001215,Jerome Bettis,RB,PIT,2001,5,0,0,0.0,0,,19,2,1,0.0,0.0833,,35,30,12.7,,
00-0001215,Jerome Bettis,RB,PIT,2001,6,1,1,4.429,0,,17,1,1,0.0,0.0588,0.0,35,27,27.4,,
00-0001215,Jerome Bettis,RB,PIT,2001,7,0,0,0.0,0,,19,1,0,0.0,0.0417,,39,29,18.2,,
00-0001215,Jerome Bettis,RB,PIT,2001,8,0,0,0.0,0,,23,1,1,0.0,0.0278,,35,29,10.9,,
00-0001215,Jerome Bettis,RB,PIT,2001,9,0,0,0.0,0,,29,1,1,0.0,0.0312,,41,38,17.3,,
00-0001215,Jerome Bettis,RB,PIT,2001,10,0,0,0.0,0,,21,0,0,0.0,0.0,,34,29,5.2,,
00-0001215,Jerome Bettis,RB,PIT,2001,11,1,0,-0.505,0,,21,1,1,0.0,0.0312,,31,25,8.5,,
00-0001215,Jerome Bettis,RB,PIT,2001,12,0,0,0.0,0,,19,1,1,0.0,0.0526,0.0,46,38,16.7,,
00-0001224,Tim Biakabutuka,RB,CAR,2001,1,0,0,0.0,0,,5,2,2,0.0,0.0952,0.0,38,32,1.9,,
00-0001224,Tim Biakabutuka,RB,CAR,2001,2,0,0,0.0,0,,5,2,1,0.0,0.05,,21,23,1.7,,
00-0001224,Tim Biakabutuka,RB,CAR,2001,4,0,0,0.0,0,,10,4,2,0.0,0.0851,0.0,16,16,8.7,,
00-0001224,Tim Biakabutuka,RB,CAR,2001,5,0,0,0.0,0,,13,5,3,0.0,0.1282,0.0,20,20,11.8,,
00-0001224,Tim Biakabutuka,RB,CAR,2001,6,0,0,0.0,0,,20,4,4,0.0,0.129,0.0,25,24,25.0,,
00-0001317,Will Blackwell,WR,PIT,2001,1,0,0,0.0,0,,0,1,1,0.0,0.0164,0.0,57,51,1.8,,
00-0001335,Jeff Blake,QB,NO,2001,17,1,0,-0.483,0,,1,0,0,0.0,0.0,0.0,17,16,-0.1,,
00-0001361,Drew Bledsoe,QB,NE,2001,1,38,22,5.992,4,,3,0,0,0.0,0.0,,21,18,18.6,,
00-0001361,Drew Bledsoe,QB,NE,2001,2,28,18,-9.832,1,,2,0,0,0.0,0.0,0.0,26,20,3.2,,
00-0001477,Marty Booker,WR,CHI,2001,1,0,0,0.0,0,,0,11,9,12,0.2821,0.3333,28,32,13.9,,
00-0001477,Marty Booker,WR,CHI,2001,2,0,0,0.0,0,,1,10,9,0.0,0.2632,0.0,19,18,24.9,,
00-0001477,Marty Booker,WR,CHI,2001,4,1,1,4.487,0,,1,4,1,0.0,0.1481,0.0,24,25,18.2,,
00-0001477,Marty Booker,WR,CHI,2001,5,0,0,0.0,0,,0,7,5,0.0,0.3333,0.0,32,31,9.8,,
00-0001477,Marty Booker,WR,CHI,2001,6,0,0,0.0,0,,0,7,6,0.0,0.2333,,32,31,17.6,,
00-0001477,Marty Booker,WR,CHI,2001,7,0,0,0.0,0,,0,14,9,5,0.3043,0.4167,30,33,15.7,,
00-0001477,Marty Booker,WR,CHI,2001,8,0,0,0.0,0,,0,13,7,0.0,0.26,0.0,32,43,21.5,,
00-0001477,Marty Booker,WR,CHI,2001,9,0,0,0.0,0,,1,11,8,0.0,0.234,,24,30,15.7,,
00-0001477,Marty Booker,WR,CHI,2001,10,0,0,0.0,0,,0,9,7,0.0,0.36,0.0,29,26,41.5,,
00-0001477,Marty Booker,WR,CHI,2001,11,0,0,0.0,0,,0,5,3,0.0,0.2381,,30,30,3.9,,
00-0001477,Marty Booker,WR,CHI,2001,12,0,0,0.0,0,,0,19,9,4,0.5588,1.0,34,33,16.4,,
00-0001477,Marty Booker,WR,CHI,2001,13,0,0,0.0,0,,0,4,2,24,0.1212,1.0,19,21,3.4,,
00-0001477,Marty Booker,WR,CHI,2001,14,0,0,0.0,0,,1,9,3,0.0,0.3214,0.0,40,37,12.2,,
00-0001477,Marty Booker,WR,CHI,2001,15,0,0,0.0,0,,0,13,7,0.0,0.52,,32,29,14.4,,
00-0001477,Marty Booker,WR,CHI,2001,16,0,0,0.0,0,,0,11,9,0.0,0.3667,,30,27,20.5,,
00-0001477,Marty Booker,WR,CHI,2001,17,1,0,-0.438,0,,0,10,6,0.0,0.3448,,40,41,9.7,,
00-0001532,David Boston,WR,ARI,2001,2,0,0,0.0,0,,0,11,8,0.0,0.4074,0.0,18,18,22.5,,
00-0001532,David Boston,WR,ARI,2001,3,0,0,0.0,0,,1,9,4,18,0.2571,0.7826,15,22,10.6,,
00-0001532,David Boston,WR,ARI,2001,4,0,0,0.0,0,,0,9,4,0.0,0.3103,0.0,28,29,11.1,,
00-0001532,David Boston,WR,ARI,2001,5,0,0,0.0,0,,1,11,6,0.0,0.2973,,25,29,15.6,,
00-0001532,David Boston,WR,ARI,2001,6,0,0,0.0,0,,0,9,7,0.0,0.36,,37,37,26.1,,
00-0001532,David Boston,WR,ARI,2001,7,0,0,0.0,0,,1,11,9,0.0,0.275,0.0,22,23,21.0,,
00-0001532,David Boston,WR,ARI,2001,8,0,0,0.0,0,,0,13,8,40,0.3171,1.0,24,29,21.8,,
00-0001532,David Boston,WR,ARI,2001,9,0,0,0.0,0,,0,13,9,38,0.5,1.0,25,24,26.7,,
00-0001532,David Boston,WR,ARI,2001,10,0,0,0.0,0,,0,9,5,18,0.2812,1.0,26,29,25.0,,
00-0001532,David Boston,WR,ARI,2001,11,0,0,0.0,0,,0,9,6,0.0,0.2903,0.0,24,26,24.1,,
00-0001532,David Boston,WR,ARI,2001,12,0,0,0.0,0,,1,11,6,0.0,0.3056,,34,33,22.2,,
00-0001532,David Boston,WR,ARI,2001,13,0,0,0.0,0,,0,12,6,-3,0.3636,1.0,22,21,19.2,,
00-0001532,David Boston,WR,ARI,2001,14,0,0,0.0,0,,0,16,8,0.0,0.3556,,30,34,16.4,,
00-0001532,David Boston,WR,ARI,2001,15,0,0,0.0,0,,1,11,3,0.0,0.3548,,20,21,5.5,,
00-0001532,David Boston,WR,ARI,2001,16,0,0,0.0,0,,0,14,7,0.0,0.6087,,33,32,31.7,,
00-0001532,David Boston,WR,ARI,2001,17,0,0,0.0,0,,0,7,2,0.0,0.3182,-0.0,17,19,7.8,,
00-0001545,Todd Bouman,QB,MIN,2001,7,2,1,-4.745,2,,1,0,0,0.0,0.0,0.0,18,8,0.1,,
00-0001545,Todd Bouman,QB,MIN,2001,12,15,11,8.159,0,,1,0,0,0.0,0.0,0.0,16,18,14.4,,
00-0001545,Todd Bouman,QB,MIN,2001,13,31,21,19.292,0,,4,0,0,0.0,0.0,0.0,25,23,30.6,,
00-0001545,Todd Bouman,QB,MIN,2001,14,38,18,-5.907,2,,3,0,0,0.0,0.0,0.0,17,17,16.8,,
00-0001545,Todd Bouman,QB,MIN,2001,15,3,0,-2.704,0,,0,0,0,0.0,0.0,0.0,14,15,0.0,,
00-0001627,Corey Bradford,WR,GB,2001,1,0,0,0.0,0,,0,2,2,0.0,0.0741,,29,30,4.0,,
00-0001627,Corey Bradford,WR,GB,2001,2,0,0,0.0,0,,0,4,3,0.0,0.129,0.0,40,42,6.6,,
00-0001627,Corey Bradford,WR,GB,2001,3,0,0,0.0,0,,0,5,4,0.0,0.1316,0.0,31,35,14.9,,
00-0001627,Corey Bradford,WR,GB,2001,4,0,0,0.0,0,,0,4,1,48,0.1176,0.8,22,26,1.9,,
00-0001627,Corey Bradford,WR,GB,2001,5,0,0,0.0,0,,0,1,1,0.0,0.0294,,24,28,5.7,,
00-0001627,Corey Bradford,WR,GB,2001,6,0,0,0.0,0,,0,8,4,10,0.2353,1.0,15,19,7.2,,
00-0001627,Corey Bradford,WR,GB,2001,8,0,0,0.0,0,,0,4,0,0.0,0.1481,0.0,29,31,0.0,,
00-0001627,Corey Bradford,WR,GB,2001,9,0,0,0.0,0,,0,1,0,0.0,0.0312,0.0,23,24,0.0,,
00-0001627,Corey Bradford,WR,GB,2001,10,0,0,0.0,0,,0,3,3,0.0,0.1034,0.0,19,25,14.7,,
00-0001627,Corey Bradford,WR,GB,2001,11,0,0,0.0,0,,0,3,2,0.0,0.1154,,27,31,3.4,,
00-0001627,Corey Bradford,WR,GB,2001,12,0,0,0.0,0,,0,5,2,0.0,0.0581,0.0,44,51,3.6,,
00-0001627,Corey Bradford,WR,GB,2001,13,0,0,0.0,0,,0,4,2,0.0,0.1481,0.0,36,37,5.0,,
00-0001627,Corey Bradford,WR,GB,2001,14,0,0,0.0,0,,0,3,1,0.0,0.0833,-0.0,15,13,2.2,,
00-0001627,Corey Bradford,WR,GB,2001,15,0,0,0.0,0,,0,1,1,0.0,0.0357,,33,35,2.1,,
00-0001627,Corey Bradford,WR,GB,2001,16,0,0,0.0,0,,0,5,2,0.0,0.1724,,20,21,4.2,,
00-0001627,Corey Bradford,WR,GB,2001,17,0,0,0.0,0,,0,5,3,0.0,0.1724,,26,26,20.1,,
00-0001661,Kyle Brady,TE,PIT,2001,1,0,0,0.0,0,,0,7,3,0.0,0.1148,0.0,57,51,6.9,,
00-0001661,Kyle Brady,TE,TEN,2001,2,0,0,0.0,0,,0,1,0,0.0,0.0159,,52,53,0.0,,
00-0001661,Kyle Brady,TE,CLE,2001,3,0,0,0.0,0,,0,1,1,0.0,0.0141,0.0,55,59,2.4,,
00-0001661,Kyle Brady,TE,JAX,2001,4,0,0,0.0,0,,0,5,1,0.0,0.1316,,21,24,1.8,,
00-0001661,Kyle Brady,TE,BUF,2001,6,0,0,0.0,0,,0,4,3,11,0.0727,0.3143,56,48,12.6,,
00-0001661,Kyle Brady,TE,JAX,2001,7,0,0,0.0,0,,0,3,3,0.0,0.0811,,15,14,5.9,,
00-0001661,Kyle Brady,TE,JAX,2001,8,0,0,0.0,0,,0,4,2,0.0,0.1333,0.0,17,18,9.5,,
00-0001661,Kyle Brady,TE,JAX,2001,10,0,0,0.0,0,,0,6,2,0.0,0.1935,,16,13,3.7,,
00-0001661,Kyle Brady,TE,BAL,2001,11,0,0,0.0,0,,0,5,3,0.0,0.0769,0.0,61,69,7.5,,
00-0001661,Kyle Brady,TE,GB,2001,12,0,0,0.0,0,,0,6,4,0.0,0.0698,0.0,44,51,7.6,,
00-0001661,Kyle Brady,TE,JAX,2001,13,0,0,0.0,0,,0,4,2,0.0,0.129,0.0,25,23,3.4,,
00-0001661,Kyle Brady,TE,JAX,2001,14,0,0,0.0,0,,0,4,3,0.0,0.1143,0.0,33,31,7.4,,
00-0001661,Kyle Brady,TE,JAX,2001,15,0,0,0.0,0,,0,4,3,0.0,0.1667,,37,37,5.9,,
00-0001661,Kyle Brady,TE,KC,2001,16,0,0,0.0,0,,0,7,5,0.0,0.0986,0.0,57,58,10.1,,
00-0001661,Kyle Brady,TE,JAX,2001,17,0,0,0.0,0,,0,2,1,0.0,0.0556,0.0,16,16,1.9,,
00-0001766,Jeremy Brigham,TE,LV,2001,3,0,0,0.0,0,,0,1,1,0.0,0.0312,,25,27,1.7,,
00-0001766,Jeremy Brigham,TE,LV,2001,4,0,0,0.0,0,,0,1,1,0.0,0.0357,,34,29,1.6,,
00-0001766,Jeremy Brigham,TE,LV,2001,5,0,0,0.0,0,,0,1,0,0.0,0.0312,,30,28,0.0,,
00-0001766,Jeremy Brigham,TE,LV,2001,7,0,0,0.0,0,,0,1,1,0.0,0.0385,,47,47,1.1,,
00-0001766,Jeremy Brigham,TE,LV,2001,8,0,0,0.0,0,,0,1,0,0.0,0.0303,,30,26,0.0,,
00-0001766,Jeremy Brigham,TE,LV,2001,10,0,0,0.0,0,,0,1,1,0.0,0.0263,0.0,28,32,1.0,,
00-0001766,Jeremy Brigham,TE,LV,2001,12,0,0,0.0,0,,0,1,1,0.0,0.0222,0.0,32,32,1.6,,
00-0001766,Jeremy Brigham,TE,LV,2001,13,0,0,0.0,0,,0,3,3,0.0,0.125,0.0,26,21,6.0,,
00-0001766,Jeremy Brigham,TE,LV,2001,14,0,0,0.0,0,,0,2,1,0.0,0.0714,0.0,27,29,2.2,,
00-0001766,Jeremy Brigham,TE,LV,2001,15,0,0,0.0,0,,0,1,0,21,0.0217,1.0,21,29,0.0,,
00-0001766,Jeremy Brigham,TE,LV,2001,16,0,0,0.0,0,,0,4,3,0.0,0.0851,0.0,16,25,11.3,,
00-0001823,Aaron Brooks,QB,NO,2001,1,29,18,7.773,2,,5,0,0,0.0,0.0,,26,20,21.4,,
00-0001823,Aaron Brooks,QB,NO,2001,3,54,28,-5.286,4,,4,0,0,0.0,0.0,0.0,22,21,15.3,,
00-0001823,Aaron Brooks,QB,NO,2001,4,30,15,0.118,0,,6,0,0,0.0,0.0,0.0,37,35,8.8,,
00-0001823,Aaron Brooks,QB,NO,2001,5,40,14,-3.913,2,,7,0,0,0.0,0.0,0.0,39,36,18.1,,
00-0001823,Aaron Brooks,QB,NO,2001,6,39,23,-8.147,5,,3,0,0,0.0,0.0,0.0,24,31,13.2,,
00-0001823,Aaron Brooks,QB,NO,2001,7,31,20,6.246,4,,7,0,0,0.0,0.0,,26,21,22.3,,
00-0001823,Aaron Brooks,QB,NO,2001,8,28,12,-9.225,6,,8,1,0,0.0,0.0357,0.0,27,20,5.6,,
00-0001823,Aaron Brooks,QB,NO,2001,9,37,22,20.115,1,,4,0,0,0.0,0.0,,32,32,25.5,,
00-0001823,Aaron Brooks,QB,NO,2001,10,22,19,7.756,4,,4,0,0,0.0,0.0,,37,38,26.6,,
00-0001823,Aaron Brooks,QB,NO,2001,11,39,16,8.231,1,,7,0,0,0.0,0.0,0.0,22,18,18.8,,
00-0001823,Aaron Brooks,QB,NO,2001,12,40,26,13.4,3,,5,0,0,0.0,0.0,0.0,34,33,23.0,,
00-0001823,Aaron Brooks,QB,NO,2001,13,30,20,13.131,3,,5,0,0,0.0,0.0,,21,22,17.1,,
00-0001823,Aaron Brooks,QB,NO,2001,14,40,23,-4.346,5,,3,0,0,0.0,0.0,0.0,19,24,19.4,,
00-0001823,Aaron Brooks,QB,NO,2001,15,38,21,-5.469,3,,3,0,0,0.0,0.0,0.0,13,15,15.4,,
00-0001823,Aaron Brooks,QB,NO,2001,16,28,14,-12.277,4,,5,0,0,0.0,0.0,0.0,23,23,5.5,,
00-0001823,Aaron Brooks,QB,NO,2001,17,33,21,-17.422,3,,4,0,0,0.0,0.0,0.0,17,16,-2.6,,
00-0001862,Luther Broughton,TE,CAR,2001,2,0,0,0.0,0,,0,2,1,0.0,0.05,,21,23,1.9,,
00-0001862,Luther Broughton,TE,CAR,2001,4,0,0,0.0,0,,0,1,1,0.0,0.0213,0.0,16,16,2.3,,
00-0001862,Luther Broughton,TE,CAR,2001,16,0,0,0.0,0,,0,1,0,0.0,0.0161,0.0,20,17,0.0,,
00-0002005,Na Brown,WR,PHI,2001,1,0,0,0.0,0,,0,2,2,0.0,0.0426,0.0,18,26,5.6,,
00-0002005,Na Brown,WR,PHI,2001,2,0,0,0.0,0,,0,2,1,0.0,0.0541,,31,33,2.2,,
00-0002005,Na Brown,WR,PHI,2001,3,0,0,0.0,0,,0,1,0,0.0,0.037,,30,29,0.0,,
00-0002005,Na Brown,WR,PHI,2001,4,0,0,0.0,0,,0,4,2,0.0,0.1429,0.0,30,30,3.8,,
00-0002005,Na Brown,WR,PHI,2001,6,0,0,0.0,0,,0,2,0,0.0,0.0769,0.0,20,18,0.0,,
00-0002005,Na Brown,WR,PHI,2001,7,0,0,0.0,0,,0,3,2,0.0,0.1111,,16,14,4.9,,
00-0002005,Na Brown,WR,PHI,2001,14,0,0,0.0,0,,0,1,0,11,0.0312,0.9167,23,25,0.0,,
00-0002005,Na Brown,WR,PHI,2001,17,0,0,0.0,0,,0,2,0,0.0,0.0741,0.0,25,28,0.0,,
00-0002058,Tim Brown,WR,LV,2001,1,0,0,0.0,0,,1,10,8,0.0,0.2439,0.0,28,35,27.7,,
00-0002058,Tim Brown,WR,LV,2001,2,0,0,0.0,0,,0,4,3,0.0,0.16,,26,32,5.0,,
00-0002058,Tim Brown,WR,LV,2001,3,0,0,0.0,0,,0,7,3,0.0,0.2188,,25,27,7.7,,
00-0002058,Tim Brown,WR,LV,2001,4,0,0,0.0,0,,0,10,7,0.0,0.3571,,34,29,18.4,,
00-0002058,Tim Brown,WR,LV,2001,5,0,0,0.0,0,,0,11,7,0.0,0.3438,,30,28,21.5,,
00-0002058,Tim Brown,WR,LV,2001,7,0,0,0.0,0,,0,6,3,0.0,0.2308,,47,47,7.3,,
00-0002058,Tim Brown,WR,LV,2001,8,0,0,0.0,0,,1,14,9,0.0,0.4242,,30,26,31.5,,
00-0002058,Tim Brown,WR,LV,2001,9,0,0,0.0,0,,0,12,7,0.0,0.3333,,18,22,21.6,,
00-0002058,Tim Brown,WR,LV,2001,10,0,0,0.0,0,,0,11,6,32,0.2895,1.0,28,32,18.2,,
00-0002058,Tim Brown,WR,LV,2001,11,0,0,0.0,0,,0,7,6,0.0,0.35,,32,32,29.7,,
00-0002058,Tim Brown,WR,LV,2001,12,0,0,0.0,0,,1,9,5,0.0,0.2,0.0,32,32,25.2,,
00-0002058,Tim Brown,WR,LV,2001,13,0,0,0.0,0,,0,5,4,0.0,0.2083,0.0,26,21,13.5,,
00-0002058,Tim Brown,WR,LV,2001,14,0,0,0.0,0,,0,7,5,0.0,0.25,0.0,27,29,9.7,,
00-0002058,Tim Brown,WR,LV,2001,15,0,0,0.0,0,,0,10,5,0.0,0.2174,0.0,21,29,7.9,,
00-0002058,Tim Brown,WR,LV,2001,16,0,0,0.0,0,,1,10,7,0.0,0.2128,0.0,16,25,14.8,,
00-0002058,Tim Brown,WR,LV,2001,17,0,0,0.0,0,,0,7,6,0.0,0.1892,,30,37,11.7,,
00-0002068,Troy Brown,WR,NE,2001,1,0,0,0.0,0,,0,7,7,0.0,0.1842,,21,18,23.6,,
00-0002068,Troy Brown,WR,NE,2001,2,0,0,0.0,0,,0,8,5,34,0.2162,0.8095,26,20,13.2,,
00-0002068,Troy Brown,WR,NE,2001,3,0,0,0.0,0,,2,4,3,0.0,0.1739,,39,36,6.2,,
00-0002068,Troy Brown,WR,NE,2001,4,0,0,0.0,0,,0,11,5,0.0,0.4583,,23,21,9.7,,
00-0002068,Troy Brown,WR,NE,2001,5,0,0,0.0,0,,0,15,11,0.0,0.2778,,24,23,22.7,,
00-0002068,Troy Brown,WR,NE,2001,6,0,0,0.0,0,,1,10,8,0.0,0.4762,,30,23,26.9,,
00-0002068,Troy Brown,WR,NE,2001,7,0,0,0.0,0,,1,15,9,8,0.4054,0.0748,24,25,26.7,,
00-0002068,Troy Brown,WR,NE,2001,8,0,0,0.0,0,,1,6,5,0.0,0.1935,,34,32,21.4,,
00-0002068,Troy Brown,WR,NE,2001,9,0,0,0.0,0,,1,4,2,0.0,0.2,0.0,31,29,6.2,,
00-0002068,Troy Brown,WR,NE,2001,10,0,0,0.0,0,,0,10,8,0.0,0.3704,0.0,20,21,17.1,,
00-0002068,Troy Brown,WR,NE,2001,11,0,0,0.0,0,,0,8,7,0.0,0.3077,,38,34,22.1,,
00-0002068,Troy Brown,WR,NE,2001,12,0,0,0.0,0,,0,8,8,0.0,0.2857,,23,21,13.9,,
00-0002068,Troy Brown,WR,NE,2001,13,0,0,0.0,0,,1,8,7,0.0,0.2963,0.0,33,27,21.7,,
00-0002068,Troy Brown,WR,NE,2001,14,0,0,0.0,0,,1,8,5,0.0,0.2353,0.0,27,28,12.1,,
00-0002068,Troy Brown,WR,NE,2001,15,0,0,0.0,0,,2,8,5,0.0,0.4211,,44,40,11.6,,
00-0002068,Troy Brown,WR,NE,2001,17,0,0,0.0,0,,1,12,6,17,0.4138,0.4474,36,34,16.9,,
00-0002099,Isaac Bruce,WR,LA,2001,1,0,0,0.0,0,,0,5,4,0.0,0.119,0.0,23,29,12.9,,
00-0002099,Isaac Bruce,WR,LA,2001,2,0,0,0.0,0,,0,11,8,0.0,0.3143,0.0,25,28,26.4,,
00-0002099,Isaac Bruce,WR,LA,2001,3,0,0,0.0,0,,0,5,3,0.0,0.1613,,27,30,6.6,,
00-0002099,Isaac Bruce,WR,LA,2001,4,0,0,0.0,0,,1,11,6,0.0,0.3056,,21,25,13.6,,
00-0002099,Isaac Bruce,WR,LA,2001,5,0,0,0.0,0,,0,12,4,37,0.2609,1.0,16,21,8.9,,
00-0002099,Isaac Bruce,WR,LA,2001,6,0,0,0.0,0,,1,5,2,0.0,0.1852,,34,27,6.0,,
00-0002099,Isaac Bruce,WR,LA,2001,7,0,0,0.0,0,,0,10,7,0.0,0.2083,0.0,16,22,30.9,,
00-0002099,Isaac Bruce,WR,LA,2001,9,0,0,0.0,0,,0,3,2,0.0,0.1364,0.0,41,37,11.9,,
00-0002099,Isaac Bruce,WR,LA,2001,10,0,0,0.0,0,,0,7,7,0.0,0.1707,0.0,28,29,20.0,,
00-0002099,Isaac Bruce,WR,LA,2001,11,0,0,0.0,0,,1,9,3,8,0.2368,0.2759,19,16,8.5,,
00-0002099,Isaac Bruce,WR,LA,2001,12,0,0,0.0,0,,0,3,3,0.0,0.1304,,20,25,7.7,,
00-0002099,Isaac Bruce,WR,LA,2001,13,0,0,0.0,0,,1,4,3,0.0,0.0976,0.0,30,32,8.2,,
00-0002099,Isaac Bruce,WR,LA,2001,14,0,0,0.0,0,,0,9,5,0.0,0.2903,,25,30,31.6,,
00-0002099,Isaac Bruce,WR,LA,2001,15,0,0,0.0,0,,0,2,1,0.0,0.0833,0.0,33,33,1.7,,
00-0002099,Isaac Bruce,WR,LA,2001,16,0,0,0.0,0,,0,6,5,0.0,0.2,-0.0,29,33,12.5,,
00-0002099,Isaac Bruce,WR,LA,2001,17,0,0,0.0,0,,0,1,1,0.0,0.0333,0.0,29,28,1.5,,
00-0002102,Mark Bruener,TE,PIT,2001,1,0,0,0.0,0,,0,4,2,0.0,0.0656,0.0,57,51,2.4,,
00-0002102,Mark Bruener,TE,PIT,2001,4,0,0,0.0,0,,0,1,1,0.0,0.0417,,40,33,2.5,,
00-0002102,Mark Bruener,TE,PIT,2001,5,0,0,0.0,0,,0,1,1,0.0,0.0417,,35,30,1.6,,
00-0002102,Mark Bruener,TE,PIT,2001,6,0,0,0.0,0,,0,3,1,0.0,0.1765,0.0,35,27,1.2,,
00-0002102,Mark Bruener,TE,PIT,2001,7,0,0,0.0,0,,0,4,3,0.0,0.1667,,39,29,6.6,,
00-0002102,Mark Bruener,TE,PIT,2001,8,0,0,0.0,0,,0,2,1,0.0,0.0556,,35,29,2.8,,
00-0002102,Mark Bruener,TE,PIT,2001,9,0,0,0.0,0,,0,2,1,0.0,0.0625,,41,38,1.3,,
00-0002102,Mark Bruener,TE,PIT,2001,10,0,0,0.0,0,,0,2,2,0.0,0.0625,,34,29,3.4,,
00-0002110,Mark Brunell,QB,PIT,2001,1,26,15,-32.483,1,,3,0,0,0.0,0.0,0.0,57,51,20.6,,
00-0002110,Mark Brunell,QB,TEN,2001,2,27,17,4.396,3,,6,0,0,0.0,0.0,,52,53,11.3,,
00-0002110,Mark Brunell,QB,CLE,2001,3,7,4,-7.69,1,,0,0,0,0.0,0.0,0.0,55,59,-0.6,,
00-0002110,Mark Brunell,QB,JAX,2001,4,39,21,-0.187,3,,1,0,0,0.0,0.0,,21,24,13.4,,
00-0002110,Mark Brunell,QB,BUF,2001,6,26,16,-20.992,4,,4,0,0,0.0,0.0,0.0,56,48,8.7,,
00-0002110,Mark Brunell,QB,JAX,2001,7,37,25,8.256,3,,4,0,0,0.0,0.0,,15,14,25.7,,
00-0002110,Mark Brunell,QB,JAX,2001,8,32,21,3.975,5,,2,0,0,0.0,0.0,0.0,17,18,14.5,,
00-0002110,Mark Brunell,QB,CIN,2001,9,32,20,-24.753,3,,1,0,0,0.0,0.0,0.0,48,48,15.7,,
00-0002110,Mark Brunell,QB,BAL,2001,11,38,23,-9.877,4,,1,0,0,0.0,0.0,0.0,61,69,14.7,,
00-0002110,Mark Brunell,QB,GB,2001,12,45,26,-13.758,5,,3,0,0,0.0,0.0,0.0,44,51,14.7,,
00-0002110,Mark Brunell,QB,JAX,2001,13,32,23,6.102,8,,5,0,0,0.0,0.0,0.0,25,23,17.8,,
00-0002110,Mark Brunell,QB,JAX,2001,14,35,20,-10.433,8,,5,0,0,0.0,0.0,0.0,33,31,7.4,,
00-0002110,Mark Brunell,QB,JAX,2001,15,24,17,11.583,1,,0,0,0,0.0,0.0,,37,37,12.7,,
00-0002110,Mark Brunell,QB,KC,2001,16,37,22,-24.023,4,,3,0,0,0.0,0.0,0.0,57,58,20.0,,
00-0002110,Mark Brunell,QB,JAX,2001,17,36,19,-15.54,4,,1,0,0,0.0,0.0,0.0,16,16,10.2,,
00-0002159,Shawn Bryson,RB,BUF,2001,2,0,0,0.0,0,,1,0,0,0.0,0.0,0.0,22,17,0.1,,
00-0002159,Shawn Bryson,RB,BUF,2001,8,0,0,0.0,0,,3,0,0,0.0,0.0,,21,16,1.5,,
00-0002159,Shawn Bryson,RB,BUF,2001,10,0,0,0.0,0,,2,1,1,0.0,0.025,,22,21,3.0,,
00-0002159,Shawn Bryson,RB,BUF,2001,11,0,0,0.0,0,,4,1,1,0.0,0.0312,0.0,26,26,4.2,,
00-0002159,Shawn Bryson,RB,BUF,2001,14,0,0,0.0,0,,14,3,3,0.0,0.0682,0.0,28,31,8.0,,
00-0002159,Shawn Bryson,RB,BUF,2001,15,0,0,0.0,0,,16,4,3,0.0,0.1333,,21,21,31.1,,
00-0002159,Shawn Bryson,RB,BUF,2001,16,0,0,0.0,0,,28,1,0,0.0,0.0385,,40,33,10.7,,
00-0002159,Shawn Bryson,RB,BUF,2001,17,0,0,0.0,0,,12,1,1,0.0,0.0263,0.0,17,15,2.4,,
00-0002380,Steve Bush,RB,ARI,2001,10,0,0,0.0,0,,0,4,3,0.0,0.125,0.0,26,29,5.3,,
00-0002380,Steve Bush,RB,ARI,2001,11,0,0,0.0,0,,0,2,1,11,0.0645,0.8462,24,26,2.1,,
00-0002380,Steve Bush,RB,ARI,2001,12,0,0,0.0,0,,0,1,0,0.0,0.0278,,34,33,0.0,,
00-0002380,Steve Bush,RB,ARI,2001,14,0,0,0.0,0,,0,2,1,0.0,0.0444,,30,34,2.6,,
00-0002380,Steve Bush,RB,ARI,2001,17,0,0,0.0,0,,0,3,3,0.0,0.1364,-0.0,17,19,6.0,,
00-0002469,Isaac Byrd,WR,CAR,2001,1,0,0,0.0,0,,0,2,1,0.0,0.0952,0.0,38,32,4.1,,
00-0002469,Isaac Byrd,WR,CAR,2001,2,0,0,0.0,0,,0,4,3,0.0,0.1,,21,23,7.1,,
00-0002469,Isaac Byrd,WR,CAR,2001,3,0,0,0.0,0,,0,2,1,0.0,0.069,0.0,17,14,0.9,,
00-0002469,Isaac Byrd,WR,CAR,2001,4,0,0,0.0,0,,1,3,2,0.0,0.0638,0.0,16,16,3.7,,
00-0002469,Isaac Byrd,WR,CAR,2001,5,0,0,0.0,0,,0,4,1,0.0,0.1026,0.0,20,20,1.6,,
00-0002469,Isaac Byrd,WR,CAR,2001,6,0,0,0.0,0,,0,5,5,0.0,0.1613,0.0,25,24,12.3,,
00-0002469,Isaac Byrd,WR,CAR,2001,7,0,0,0.0,0,,0,6,2,0.0,0.1765,0.0,21,16,3.7,,
00-0002469,Isaac Byrd,WR,CAR,2001,8,0,0,0.0,0,,0,4,3,0.0,0.125,0.0,20,14,11.0,,
00-0002469,Isaac Byrd,WR,CAR,2001,9,0,0,0.0,0,,0,2,0,0.0,0.08,0.0,19,19,0.0,,
00-0002469,Isaac Byrd,WR,CAR,2001,10,0,0,0.0,0,,0,6,4,0.0,0.1463,,16,18,7.1,,
00-0002469,Isaac Byrd,WR,CAR,2001,11,0,0,0.0,0,,0,8,5,0.0,0.2667,0.0,28,20,11.9,,
00-0002469,Isaac Byrd,WR,CAR,2001,12,0,0,0.0,0,,0,2,1,0.0,0.0952,0.0,19,19,3.8,,
00-0002469,Isaac Byrd,WR,CAR,2001,13,0,0,0.0,0,,0,2,0,0.0,0.0667,0.0,27,26,0.0,,
00-0002469,Isaac Byrd,WR,CAR,2001,15,0,0,0.0,0,,0,5,2,0.0,0.098,,21,19,11.8,,
00-0002469,Isaac Byrd,WR,CAR,2001,16,0,0,0.0,0,,0,16,7,0.0,0.2581,0.0,20,17,13.0,,
00-0002565,Dan Campbell,TE,NYG,2001,2,0,0,0.0,0,,0,2,1,0.0,0.0645,0.0,31,34,3.2,,
00-0002565,Dan Campbell,TE,NYG,2001,4,0,0,0.0,0,,0,1,1,0.0,0.0345,0.0,46,47,7.1,,
00-0002565,Dan Campbell,TE,NYG,2001,6,0,0,0.0,0,,0,1,0,0.0,0.0312,,31,38,0.0,,
00-0002565,Dan Campbell,TE,NYG,2001,8,0,0,0.0,0,,0,1,0,6,0.0294,0.6,26,35,0.0,,
00-0002565,Dan Campbell,TE,NYG,2001,9,0,0,0.0,0,,0,2,1,0.0,0.087,0.0,41,41,2.1,,
00-0002565,Dan Campbell,TE,NYG,2001,10,0,0,0.0,0,,0,2,2,0.0,0.0541,0.0,15,16,4.9,,
00-0002565,Dan Campbell,TE,NYG,2001,11,0,0,0.0,0,,0,1,1,0.0,0.0278,,27,34,1.8,,
00-0002565,Dan Campbell,TE,NYG,2001,13,0,0,0.0,0,,0,5,2,0.0,0.2,0.0,24,26,2.8,,
00-0002565,Dan Campbell,TE,NYG,2001,14,0,0,0.0,0,,0,2,1,0.0,0.0645,,25,26,2.3,,
00-0002565,Dan Campbell,TE,NYG,2001,15,0,0,0.0,0,,0,1,1,0.0,0.0217,,21,29,2.6,,
00-0002565,Dan Campbell,TE,NYG,2001,16,0,0,0.0,0,,0,4,2,0.0,0.1026,,26,36,5.1,,
00-0002565,Dan Campbell,TE,NYG,2001,17,0,0,0.0,0,,0,3,1,0.0,0.0526,0.0,21,33,1.9,,
00-0002713,Tony Carter,RB,DEN,2001,5,0,0,0.0,0,,0,2,2,0.0,0.0556,0.0,20,22,3.4,,
00-0002713,Tony Carter,RB,DEN,2001,8,0,0,0.0,0,,0,1,1,0.0,0.027,0.0,23,25,1.3,,
00-0002713,Tony Carter,RB,DEN,2001,9,0,0,0.0,0,,0,2,2,0.0,0.0645,,42,44,4.8,,
00-0002713,Tony Carter,RB,DEN,2001,10,0,0,0.0,0,,0,1,0,0.0,0.0333,,27,24,0.0,,
00-0002713,Tony Carter,RB,DEN,2001,12,0,0,0.0,0,,1,1,0,0.0,0.0303,-0.0,32,35,0.4,,
00-0002713,Tony Carter,RB,DEN,2001,13,0,0,0.0,0,,0,1,1,0.0,0.0286,0.0,28,27,2.0,,
00-0002713,Tony Carter,RB,DEN,2001,14,0,0,0.0,0,,0,3,3,0.0,0.0909,,34,26,1.3,,
00-0002713,Tony Carter,RB,DEN,2001,16,0,0,0.0,0,,0,1,1,0.0,0.0385,,25,25,2.7,,
00-0002713,Tony Carter,RB,DEN,2001,17,0,0,0.0,0,,0,4,1,10,0.125,0.3571,25,25,1.8,,
00-0002721,Cris Carter,WR,MIN,2001,1,0,0,0.0,0,,0,6,5,0.0,0.1622,0.0,26,17,15.4,,
00-0002721,Cris Carter,WR,MIN,2001,2,0,0,0.0,0,,0,5,1,0.0,0.1351,,25,21,2.3,,
00-0002721,Cris Carter,WR,MIN,2001,3,0,0,0.0,0,,0,11,5,1,0.25,0.25,24,23,17.2,,
00-0002721,Cris Carter,WR,MIN,2001,4,0,0,0.0,0,,0,8,4,22,0.2424,1.0,11,13,10.4,,
00-0002721,Cris Carter,WR,MIN,2001,5,0,0,0.0,0,,0,9,8,0.0,0.3333,0.0,27,21,25.1,,
00-0002721,Cris Carter,WR,MIN,2001,6,0,0,0.0,0,,0,6,3,0.0,0.2222,,36,24,15.0,,
00-0002721,Cris Carter,WR,MIN,2001,7,0,0,0.0,0,,0,8,4,16,0.3333,1.0,18,8,9.5,,
00-0002721,Cris Carter,WR,MIN,2001,9,0,0,0.0,0,,0,7,5,0.0,0.2,0.0,21,13,19.1,,
00-0002721,Cris Carter,WR,MIN,2001,10,0,0,0.0,0,,0,13,10,0.0,0.3611,0.0,28,14,20.6,,
00-0002721,Cris Carter,WR,MIN,2001,11,0,0,0.0,0,,0,12,5,-7,0.2727,1.0,23,18,9.5,,
00-0002721,Cris Carter,WR,MIN,2001,12,0,0,0.0,0,,0,5,4,19,0.1562,0.4524,16,18,7.5,,
00-0002721,Cris Carter,WR,MIN,2001,13,0,0,0.0,0,,0,4,3,0.0,0.1333,0.0,25,23,7.6,,
00-0002721,Cris Carter,WR,MIN,2001,14,0,0,0.0,0,,0,8,3,0.0,0.2222,0.0,17,17,6.0,,
00-0002721,Cris Carter,WR,MIN,2001,15,0,0,0.0,0,,0,12,7,12,0.3077,1.0,14,15,15.8,,
00-0002721,Cris Carter,WR,MIN,2001,16,0,0,0.0,0,,1,9,1,19,0.3,0.5135,44,34,2.5,,
00-0002721,Cris Carter,WR,MIN,2001,17,0,0,0.0,0,,0,7,5,0.0,0.2333,0.0,21,16,9.0,,
00-0002743,Ki-Jana Carter,RB,WAS,2001,3,0,0,0.0,0,,2,0,0,0.0,0.0,0.0,20,17,0.3,,
00-0002743,Ki-Jana Carter,RB,WAS,2001,5,0,0,0.0,0,,0,3,3,0.0,0.1667,,26,26,5.6,,
00-0002743,Ki-Jana Carter,RB,WAS,2001,6,0,0,0.0,0,,0,1,1,0.0,0.0357,0.0,28,29,0.7,,
00-0002743,Ki-Jana Carter,RB,WAS,2001,7,0,0,0.0,0,,2,2,0,0.0,0.1,,35,33,4.0,,
00-0002743,Ki-Jana Carter,RB,WAS,2001,8,0,0,0.0,0,,10,2,2,0.0,0.0909,0.0,46,46,8.8,,
00-0002743,Ki-Jana Carter,RB,WAS,2001,10,0,0,0.0,0,,2,1,1,0.0,0.0323,,32,28,3.1,,
00-0002743,Ki-Jana Carter,RB,WAS,2001,11,0,0,0.0,0,,18,3,2,0.0,0.1667,,45,42,14.5,,
00-0002743,Ki-Jana Carter,RB,WAS,2001,12,0,0,0.0,0,,1,3,2,13,0.0968,1.0,22,22,4.1,,
00-0002743,Ki-Jana Carter,RB,WAS,2001,13,0,0,0.0,0,,4,1,0,0.0,0.04,,35,31,1.5,,
00-0002743,Ki-Jana Carter,RB,WAS,2001,14,0,0,0.0,0,,1,0,0,0.0,0.0,0.0,29,28,1.5,,
00-0002743,Ki-Jana Carter,RB,WAS,2001,15,0,0,0.0,0,,5,2,1,0.0,0.0488,,28,30,4.7,,
00-0002743,Ki-Jana Carter,RB,WAS,2001,16,0,0,0.0,0,,15,0,0,0.0,0.0,0.0,44,38,17.1,,
00-0002743,Ki-Jana Carter,RB,WAS,2001,17,0,0,0.0,0,,3,3,1,0.0,0.125,0.0,49,43,4.2,,
00-0002861,Byron Chamberlain,TE,MIN,2001,1,0,0,0.0,0,,0,10,7,0.0,0.2703,0.0,26,17,15.3,,
00-0002861,Byron Chamberlain,TE,MIN,2001,2,0,0,0.0,0,,0,6,5,0.0,0.1622,,25,21,8.0,,
00-0002861,Byron Chamberlain,TE,MIN,2001,3,0,0,0.0,0,,0,5,4,3,0.1136,0.75,24,23,12.8,,
00-0002861,Byron Chamberlain,TE,MIN,2001,4,0,0,0.0,0,,0,5,2,0.0,0.1515,0.0,11,13,12.8,,
00-0002861,Byron Chamberlain,TE,MIN,2001,5,0,0,0.0,0,,0,2,2,0.0,0.0741,0.0,27,21,4.0,,
00-0002861,Byron Chamberlain,TE,MIN,2001,6,0,0,0.0,0,,0,3,3,0.0,0.1111,,36,24,5.6,,
00-0002861,Byron Chamberlain,TE,MIN,2001,7,0,0,0.0,0,,0,1,0,0.0,0.0417,0.0,18,8,0.0,,
00-0002861,Byron Chamberlain,TE,MIN,2001,9,0,0,0.0,0,,0,4,2,0.0,0.1143,0.0,21,13,4.3,,
00-0002861,Byron Chamberlain,TE,MIN,2001,10,0,0,0.0,0,,0,6,4,0.0,0.1667,0.0,28,14,8.1,,
00-0002861,Byron Chamberlain,TE,MIN,2001,11,0,0,0.0,0,,0,9,7,0.0,0.2045,-0.0,23,18,12.6,,
00-0002861,Byron Chamberlain,TE,MIN,2001,12,0,0,0.0,0,,0,4,2,0.0,0.125,0.0,16,18,4.5,,
00-0002861,Byron Chamberlain,TE,MIN,2001,13,0,0,0.0,0,,0,4,4,0.0,0.1333,0.0,25,23,14.5,,
00-0002861,Byron Chamberlain,TE,MIN,2001,14,0,0,0.0,0,,0,3,2,0.0,0.0833,0.0,17,17,3.4,,
00-0002861,Byron Chamberlain,TE,MIN,2001,15,0,0,0.0,0,,0,7,7,0.0,0.1795,0.0,14,15,13.0,,
00-0002861,Byron Chamberlain,TE,MIN,2001,16,0,0,0.0,0,,0,4,3,0.0,0.1333,0.0,44,34,15.6,,
00-0002861,Byron Chamberlain,TE,MIN,2001,17,0,0,0.0,0,,0,7,3,0.0,0.2333,0.0,21,16,5.1,,
00-0002876,Chris Chandler,QB,ATL,2001,1,18,11,-1.941,2,,3,0,0,0.0,0.0,,31,27,6.4,,
00-0002876,Chris Chandler,QB,ATL,2001,2,14,11,16.287,1,,0,0,0,0.0,0.0,0.0,28,26,15.8,,
00-0002876,Chris Chandler,QB,ATL,2001,3,28,20,18.658,2,,0,0,0,0.0,0.0,,34,31,23.4,,
00-0002876,Chris Chandler,QB,ATL,2001,4,12,7,-9.674,1,,1,0,0,0.0,0.0,0.0,25,19,-2.8,,
00-0002876,Chris Chandler,QB,ATL,2001,5,36,19,11.048,2,,2,0,0,0.0,0.0,0.0,24,22,20.9,,
00-0002876,Chris Chandler,QB,ATL,2001,6,20,14,4.775,2,,3,0,0,0.0,0.0,0.0,30,26,14.4,,
00-0002876,Chris Chandler,QB,ATL,2001,8,20,8,-15.187,6,,1,0,0,0.0,0.0,0.0,19,16,6.4,,
00-0002876,Chris Chandler,QB,ATL,2001,10,50,29,6.757,3,,2,0,0,0.0,0.0,0.0,25,23,18.0,,
00-0002876,Chris Chandler,QB,ATL,2001,11,27,14,-5.44,4,,5,0,0,0.0,0.0,,33,25,5.9,,
00-0002876,Chris Chandler,QB,ATL,2001,12,18,14,-7.823,1,,3,0,0,0.0,0.0,0.0,30,21,5.0,,
00-0002876,Chris Chandler,QB,ATL,2001,13,32,18,-6.947,9,,3,0,0,0.0,0.0,0.0,21,13,7.6,,
00-0002876,Chris Chandler,QB,ATL,2001,14,39,23,1.414,6,,1,0,0,0.0,0.0,,19,14,16.0,,
00-0002876,Chris Chandler,QB,ATL,2001,15,40,28,14.122,1,,1,0,0,0.0,0.0,,29,28,21.2,,
00-0002876,Chris Chandler,QB,ATL,2001,16,11,7,-6.345,1,,0,0,0,0.0,0.0,0.0,37,23,0.0,,
00-0002942,Darrin Chiaverini,WR,DAL,2001,3,0,0,0.0,0,,0,4,1,0.0,0.1333,0.0,30,32,3.1,,
00-0002942,Darrin Chiaverini,WR,DAL,2001,4,0,0,0.0,0,,0,3,2,0.0,0.1154,,30,24,9.2,,
00-0002942,Darrin Chiaverini,WR,DAL,2001,5,0,0,0.0,0,,1,3,2,0.0,0.1154,0.0,45,39,4.8,,
00-0002942,Darrin Chiaverini,WR,DAL,2001,8,0,0,0.0,0,,0,2,0,18,0.0645,0.2903,32,33,0.0,,
00-0002942,Darrin Chiaverini,WR,DAL,2001,9,0,0,0.0,0,,0,2,2,0.0,0.1,0.0,33,29,4.0,,
00-0002942,Darrin Chiaverini,WR,DAL,2001,10,0,0,0.0,0,,0,2,0,10,0.0833,0.5263,23,22,0.0,,
00-0002942,Darrin Chiaverini,WR,DAL,2001,11,0,0,0.0,0,,0,5,0,0.0,0.1562,,16,19,0.0,,
00-0002942,Darrin Chiaverini,WR,DAL,2001,12,0,0,0.0,0,,0,3,1,24,0.2308,1.0,45,38,2.0,,
00-0002942,Darrin Chiaverini,WR,DAL,2001,14,0,0,0.0,0,,0,4,1,0.0,0.1212,0.0,21,14,2.7,,
00-0002942,Darrin Chiaverini,WR,DAL,2001,15,0,0,0.0,0,,0,1,0,0.0,0.0385,0.0,40,38,0.0,,
00-0002942,Darrin Chiaverini,WR,DAL,2001,16,0,0,0.0,0,,0,1,1,0.0,0.04,,44,37,7.2,,
00-0002942,Darrin Chiaverini,WR,DAL,2001,17,0,0,0.0,0,,0,2,0,0.0,0.0769,0.0,27,24,0.0,,
00-0002962,Wayne Chrebet,WR,NYJ,2001,1,0,0,0.0,0,,0,2,1,0.0,0.0667,,29,29,3.0,,
00-0002962,Wayne Chrebet,WR,NYJ,2001,2,0,0,0.0,0,,0,6,5,0.0,0.24,,27,27,10.3,,
00-0002962,Wayne Chrebet,WR,NYJ,2001,3,0,0,0.0,0,,0,4,3,0.0,0.16,,23,22,9.4,,
00-0002962,Wayne Chrebet,WR,NYJ,2001,4,0,0,0.0,0,,0,4,2,0.0,0.16,,32,31,6.9,,
00-0002962,Wayne Chrebet,WR,NYJ,2001,5,0,0,0.0,0,,0,5,3,0.0,0.2273,,25,24,6.4,,
00-0002962,Wayne Chrebet,WR,NYJ,2001,6,0,0,0.0,0,,0,1,1,0.0,0.0385,0.0,24,23,1.6,,
00-0002962,Wayne Chrebet,WR,NYJ,2001,8,0,0,0.0,0,,0,6,4,0.0,0.2857,0.0,34,29,9.5,,
00-0002962,Wayne Chrebet,WR,NYJ,2001,9,0,0,0.0,0,,0,9,6,0.0,0.3214,0.0,37,32,12.7,,
00-0002962,Wayne Chrebet,WR,NYJ,2001,10,0,0,0.0,0,,0,3,0,0.0,0.1429,,28,26,0.0,,
00-0002962,Wayne Chrebet,WR,NYJ,2001,12,0,0,0.0,0,,0,8,5,0.0,0.25,0.0,28,26,9.8,,
00-0002962,Wayne Chrebet,WR,NYJ,2001,13,0,0,0.0,0,,0,8,5,0.0,0.2963,,19,22,17.3,,
00-0002962,Wayne Chrebet,WR,NYJ,2001,14,0,0,0.0,0,,0,6,4,0.0,0.2143,,29,28,9.2,,
00-0002962,Wayne Chrebet,WR,NYJ,2001,15,0,0,0.0,0,,0,15,8,0.0,0.3191,0.0,31,32,19.8,,
00-0002962,Wayne Chrebet,WR,NYJ,2001,16,0,0,0.0,0,,0,8,4,0.0,0.2286,0.0,23,26,7.8,,
00-0002962,Wayne Chrebet,WR,NYJ,2001,17,0,0,0.0,0,,0,7,5,0.0,0.2414,0.0,22,20,13.3,,
00-0003035,Desmond Clark,TE,DEN,2001,1,0,0,0.0,0,,0,2,2,0.0,0.069,,36,28,7.5,,
00-0003035,Desmond Clark,TE,DEN,2001,2,0,0,0.0,0,,0,4,3,0.0,0.1379,,37,33,6.4,,
00-0003035,Desmond Clark,TE,DEN,2001,3,0,0,0.0,0,,0,7,5,0.0,0.2121,0.0,24,19,9.7,,
00-0003035,Desmond Clark,TE,DEN,2001,5,0,0,0.0,0,,0,3,2,0.0,0.0833,0.0,20,22,3.7,,
00-0003035,Desmond Clark,TE,DEN,2001,6,0,0,0.0,0,,0,9,6,0.0,0.2308,0.0,21,19,17.4,,
00-0003035,Desmond Clark,TE,DEN,2001,7,0,0,0.0,0,,0,8,6,0.0,0.3077,0.0,29,24,15.4,,
00-0003035,Desmond Clark,TE,DEN,2001,8,0,0,0.0,0,,0,8,7,0.0,0.2162,0.0,23,25,20.4,,
00-0003035,Desmond Clark,TE,DEN,2001,9,0,0,0.0,0,,0,6,5,0.0,0.1935,,42,44,15.7,,
00-0003035,Desmond Clark,TE,DEN,2001,10,0,0,0.0,0,,0,6,3,0.0,0.2,,27,24,2.7,,
00-0003035,Desmond Clark,TE,DEN,2001,11,0,0,0.0,0,,0,5,2,0.0,0.1724,0.0,39,38,5.9,,
00-0003035,Desmond Clark,TE,DEN,2001,12,0,0,0.0,0,,0,6,4,0.0,0.1818,-0.0,32,35,13.1,,
00-0003035,Desmond Clark,TE,DEN,2001,13,0,0,0.0,0,,0,5,2,0.0,0.1429,0.0,28,27,9.7,,
00-0003035,Desmond Clark,TE,DEN,2001,16,0,0,0.0,0,,0,1,0,0.0,0.0385,,25,25,0.0,,
00-0003035,Desmond Clark,TE,DEN,2001,17,0,0,0.0,0,,0,7,4,8,0.2188,0.2857,25,25,12.0,,
00-0003103,Cameron Cleeland,TE,NO,2001,1,0,0,0.0,0,,0,3,2,0.0,0.1034,,26,20,9.4,,
00-0003103,Cameron Cleeland,TE,NO,2001,3,0,0,0.0,0,,0,1,1,0.0,0.02,0.0,22,21,1.3,,
00-0003103,Cameron Cleeland,TE,NO,2001,4,0,0,0.0,0,,0,2,0,0.0,0.0667,0.0,37,35,0.0,,
00-0003103,Cameron Cleeland,TE,NO,2001,5,0,0,0.0,0,,0,4,3,0.0,0.1111,0.0,39,36,18.8,,
00-0003103,Cameron Cleeland,TE,NO,2001,6,0,0,0.0,0,,0,2,1,0.0,0.0541,0.0,24,31,8.9,,
00-0003103,Cameron Cleeland,TE,NO,2001,7,0,0,0.0,0,,0,4,4,0.0,0.129,,26,21,6.3,,
00-0003103,Cameron Cleeland,TE,NO,2001,13,0,0,0.0,0,,0,1,0,0.0,0.0345,,21,22,0.0,,
00-0003103,Cameron Cleeland,TE,NO,2001,14,0,0,0.0,0,,0,5,2,14,0.125,1.0769,19,24,4.1,,
00-0003136,Mike Cloud,RB,KC,2001,5,0,0,0.0,0,,1,0,0,0.0,0.0,0.0,24,25,0.3,,
00-0003136,Mike Cloud,RB,KC,2001,11,0,0,0.0,0,,5,0,0,0.0,0.0,,44,34,9.5,,
00-0003136,Mike Cloud,RB,KC,2001,13,0,0,0.0,0,,1,0,0,0.0,0.0,0.0,36,34,1.6,,
00-0003220,Fred Coleman,WR,NE,2001,12,0,0,0.0,0,,0,1,1,0.0,0.0357,,23,21,5.6,,
00-0003220,Fred Coleman,WR,NE,2001,17,0,0,0.0,0,,0,3,1,21,0.1034,0.5526,36,34,1.4,,
00-0003266,Bobby Collins,TE,GB,2001,3,0,0,0.0,0,,0,1,1,0.0,0.0263,0.0,31,35,1.3,,
00-0003292,Kerry Collins,QB,NYG,2001,1,34,19,13.185,3,,3,1,1,0.0,0.0303,,19,21,23.6,,
00-0003292,Kerry Collins,QB,NYG,2001,2,34,20,3.182,1,,3,0,0,0.0,0.0,0.0,31,34,3.3,,
00-0003292,Kerry Collins,QB,NYG,2001,3,18,9,0.394,5,,3,0,0,0.0,0.0,,28,28,8.4,,
00-0003292,Kerry Collins,QB,NYG,2001,4,29,15,-3.487,1,,2,0,0,0.0,0.0,0.0,46,47,6.9,,
00-0003292,Kerry Collins,QB,NYG,2001,5,32,17,-4.342,3,,2,0,0,0.0,0.0,0.0,24,28,10.8,,
00-0003292,Kerry Collins,QB,NYG,2001,6,33,21,-8.755,3,,2,0,0,0.0,0.0,,31,38,5.4,,
00-0003292,Kerry Collins,QB,NYG,2001,7,52,32,7.342,1,,4,0,0,0.0,0.0,0.0,19,29,22.7,,
00-0003292,Kerry Collins,QB,NYG,2001,8,34,24,-8.599,4,,2,0,0,0.0,0.0,0.0,26,35,18.3,,
00-0003292,Kerry Collins,QB,NYG,2001,9,24,15,0.574,2,,4,0,0,0.0,0.0,0.0,41,41,8.0,,
00-0003292,Kerry Collins,QB,NYG,2001,10,37,21,1.744,4,,3,0,0,0.0,0.0,0.0,15,16,9.7,,
00-0003292,Kerry Collins,QB,NYG,2001,11,38,19,-9.286,3,,2,0,0,0.0,0.0,,27,34,7.7,,
00-0003292,Kerry Collins,QB,NYG,2001,13,26,13,-5.863,1,,1,0,0,0.0,0.0,0.0,24,26,6.9,,
00-0003292,Kerry Collins,QB,NYG,2001,14,32,14,3.006,1,,2,0,0,0.0,0.0,,25,26,14.1,,
00-0003292,Kerry Collins,QB,NYG,2001,15,47,30,2.386,1,,2,0,0,0.0,0.0,,21,29,15.4,,
00-0003292,Kerry Collins,QB,NYG,2001,16,39,22,2.548,2,,2,0,0,0.0,0.0,,26,36,16.0,,
00-0003292,Kerry Collins,QB,NYG,2001,17,59,36,2.801,1,,2,0,0,0.0,0.0,0.0,21,33,13.4,,
00-0003315,Todd Collins,QB,KC,2001,3,4,3,1.636,0,,2,0,0,0.0,0.0,,38,28,2.2,,
00-0003344,Greg Comella,RB,NYG,2001,1,0,0,0.0,0,,0,5,2,0.0,0.1515,,19,21,3.3,,
00-0003344,Greg Comella,RB,NYG,2001,2,0,0,0.0,0,,0,4,3,0.0,0.129,0.0,31,34,4.5,,
00-0003344,Greg Comella,RB,NYG,2001,3,0,0,0.0,0,,1,3,1,0.0,0.1667,,28,28,1.9,,
00-0003344,Greg Comella,RB,NYG,2001,4,0,0,0.0,0,,2,5,3,10,0.1724,0.2941,46,47,6.6,,
00-0003344,Greg Comella,RB,NYG,2001,5,0,0,0.0,0,,0,3,3,0.0,0.0938,0.0,24,28,5.3,,
00-0003344,Greg Comella,RB,NYG,2001,6,0,0,0.0,0,,0,2,2,0.0,0.0625,,31,38,2.1,,
00-0003344,Greg Comella,RB,NYG,2001,7,0,0,0.0,0,,0,5,5,0.0,0.0962,0.0,19,29,13.9,,
00-0003344,Greg Comella,RB,NYG,2001,8,0,0,0.0,0,,0,1,1,0.0,0.0294,0.0,26,35,1.8,,
00-0003344,Greg Comella,RB,NYG,2001,9,0,0,0.0,0,,0,2,2,0.0,0.087,0.0,41,41,4.3,,
00-0003344,Greg Comella,RB,NYG,2001,11,0,0,0.0,0,,0,4,4,0.0,0.1111,,27,34,6.6,,
00-0003344,Greg Comella,RB,NYG,2001,14,0,0,0.0,0,,1,1,0,0.0,0.0323,,25,26,0.0,,
00-0003344,Greg Comella,RB,NYG,2001,15,0,0,0.0,0,,0,6,4,0.0,0.1304,,21,29,5.7,,
00-0003344,Greg Comella,RB,NYG,2001,16,0,0,0.0,0,,0,5,2,0.0,0.1282,,26,36,2.9,,
00-0003344,Greg Comella,RB,NYG,2001,17,0,0,0.0,0,,0,9,7,0.0,0.1579,0.0,21,33,12.9,,
00-0003378,Albert Connell,WR,NO,2001,1,0,0,0.0,0,,0,4,3,0.0,0.1379,,26,20,17.9,,
00-0003378,Albert Connell,WR,NO,2001,3,0,0,0.0,0,,0,7,4,0.0,0.14,0.0,22,21,6.5,,
00-0003378,Albert Connell,WR,NO,2001,4,0,0,0.0,0,,0,2,1,0.0,0.0667,0.0,37,35,1.9,,
00-0003378,Albert Connell,WR,NO,2001,5,0,0,0.0,0,,0,2,0,0.0,0.0556,0.0,39,36,0.0,,
00-0003378,Albert Connell,WR,NO,2001,6,0,0,0.0,0,,0,4,1,12,0.1081,1.0,24,31,1.5,,
00-0003378,Albert Connell,WR,NO,2001,7,0,0,0.0,0,,0,1,0,0.0,0.0323,,26,21,0.0,,
00-0003378,Albert Connell,WR,NO,2001,8,0,0,0.0,0,,0,1,0,0.0,0.0357,0.0,27,20,0.0,,
00-0003378,Albert Connell,WR,NO,2001,9,0,0,0.0,0,,0,2,0,0.0,0.0571,,32,32,0.0,,
00-0003378,Albert Connell,WR,NO,2001,10,0,0,0.0,0,,1,0,0,0.0,0.0,,37,38,0.6,,
00-0003378,Albert Connell,WR,NO,2001,11,0,0,0.0,0,,0,4,2,0.0,0.1053,0.0,22,18,6.9,,
00-0003378,Albert Connell,WR,NO,2001,12,0,0,0.0,0,,0,1,1,0.0,0.025,0.0,34,33,8.4,,
00-0003396,Curtis Conway,WR,LAC,2001,1,0,0,0.0,0,,1,4,3,0.0,0.2222,0.0,46,45,6.2,,
00-0003396,Curtis Conway,WR,LAC,2001,2,0,0,0.0,0,,0,5,4,0.0,0.1351,,38,35,16.8,,
00-0003396,Curtis Conway,WR,LAC,2001,3,0,0,0.0,0,,0,7,4,0.0,0.3684,,35,34,14.9,,
00-0003396,Curtis Conway,WR,LAC,2001,4,0,0,0.0,0,,2,8,3,0.0,0.2222,,26,25,6.9,,
00-0003396,Curtis Conway,WR,LAC,2001,5,0,0,0.0,0,,0,7,4,0.0,0.2188,,28,31,15.7,,
00-0003396,Curtis Conway,WR,LAC,2001,6,0,0,0.0,0,,1,4,2,0.0,0.125,0.0,32,32,7.7,,
00-0003396,Curtis Conway,WR,LAC,2001,7,0,0,0.0,0,,0,11,9,0.0,0.3438,,20,23,21.0,,
00-0003396,Curtis Conway,WR,LAC,2001,8,0,0,0.0,0,,1,10,5,0.0,0.2381,0.0,20,22,11.8,,
00-0003396,Curtis Conway,WR,LAC,2001,9,0,0,0.0,0,,0,7,3,67,0.2333,0.8072,17,20,20.1,,
00-0003396,Curtis Conway,WR,LAC,2001,10,0,0,0.0,0,,1,5,2,0.0,0.1923,0.0,29,30,17.9,,
00-0003396,Curtis Conway,WR,LAC,2001,11,0,0,0.0,0,,0,8,5,0.0,0.1818,,23,37,16.5,,
00-0003396,Curtis Conway,WR,LAC,2001,12,0,0,0.0,0,,0,7,3,13,0.2121,0.4333,27,30,6.4,,
00-0003396,Curtis Conway,WR,LAC,2001,13,0,0,0.0,0,,0,10,3,0.0,0.2273,0.0,27,24,8.4,,
00-0003396,Curtis Conway,WR,LAC,2001,14,0,0,0.0,0,,1,10,6,11,0.2778,1.1,22,24,16.5,,
00-0003396,Curtis Conway,WR,LAC,2001,15,0,0,0.0,0,,0,8,4,0.0,0.3077,,29,30,15.7,,
00-0003396,Curtis Conway,WR,LAC,2001,16,0,0,0.0,0,,0,15,11,0.0,0.283,0.0,16,25,32.6,,
00-0003400,Ernie Conwell,TE,LA,2001,1,0,0,0.0,0,,1,6,5,0.0,0.1429,0.0,23,29,16.3,,
00-0003400,Ernie Conwell,TE,LA,2001,2,0,0,0.0,0,,0,1,1,0.0,0.0286,0.0,25,28,4.1,,
00-0003400,Ernie Conwell,TE,LA,2001,3,0,0,0.0,0,,0,4,3,0.0,0.129,,27,30,5.7,,
00-0003400,Ernie Conwell,TE,LA,2001,4,0,0,0.0,0,,0,4,4,0.0,0.1111,,21,25,12.2,,
00-0003400,Ernie Conwell,TE,LA,2001,5,0,0,0.0,0,,0,2,1,0.0,0.0435,0.0,16,21,2.0,,
00-0003400,Ernie Conwell,TE,LA,2001,6,0,0,0.0,0,,0,2,1,0.0,0.0741,,34,27,0.6,,
00-0003400,Ernie Conwell,TE,LA,2001,7,0,0,0.0,0,,1,6,6,0.0,0.125,0.0,16,22,16.6,,
00-0003400,Ernie Conwell,TE,LA,2001,9,0,0,0.0,0,,1,1,1,0.0,0.0455,0.0,41,37,2.8,,
00-0003400,Ernie Conwell,TE,LA,2001,10,0,0,0.0,0,,1,3,1,0.0,0.0732,0.0,28,29,2.1,,
00-0003400,Ernie Conwell,TE,LA,2001,11,0,0,0.0,0,,1,4,2,0.0,0.1053,0.0,19,16,6.1,,
00-0003400,Ernie Conwell,TE,LA,2001,12,0,0,0.0,0,,0,1,0,0.0,0.0435,,20,25,0.0,,
00-0003400,Ernie Conwell,TE,LA,2001,13,0,0,0.0,0,,0,5,2,0.0,0.122,0.0,30,32,3.4,,
00-0003400,Ernie Conwell,TE,LA,2001,14,0,0,0.0,0,,0,3,3,0.0,0.0968,,25,30,7.3,,
00-0003400,Ernie Conwell,TE,LA,2001,15,0,0,0.0,0,,0,3,3,0.0,0.125,0.0,33,33,11.5,,
00-0003400,Ernie Conwell,TE,LA,2001,16,0,0,0.0,0,,2,1,0,-1,0.0333,1.0,29,33,0.7,,
00-0003400,Ernie Conwell,TE,LA,2001,17,0,0,0.0,0,,0,6,5,0.0,0.2,0.0,29,28,18.5,,
00-0003535,Tim Couch,QB,CLE,2001,1,33,17,-8.701,3,,1,0,0,0.0,0.0,0.0,25,27,5.1,,
00-0003535,Tim Couch,QB,CLE,2001,2,20,12,-7.724,3,,3,0,0,0.0,0.0,0.0,37,35,13.5,,
00-0003535,Tim Couch,QB,CLE,2001,3,34,24,4.028,3,,3,0,0,0.0,0.0,0.0,55,59,7.3,,
00-0003535,Tim Couch,QB,CLE,2001,4,27,14,2.33,4,,2,0,0,0.0,0.0,,31,29,14.5,,
00-0003535,Tim Couch,QB,CLE,2001,5,28,14,2.98,3,,2,0,0,0.0,0.0,,19,20,13.7,,
00-0003535,Tim Couch,QB,CLE,2001,6,18,11,3.885,2,,4,0,0,0.0,0.0,,29,28,15.0,,
00-0003535,Tim Couch,QB,CLE,2001,8,23,14,-0.834,3,,1,0,0,0.0,0.0,-0.0,23,24,14.3,,
00-0003535,Tim Couch,QB,CLE,2001,9,33,18,-6.788,7,,3,0,0,0.0,0.0,,23,21,11.9,,
00-0003535,Tim Couch,QB,CLE,2001,10,30,19,-9.377,1,,2,1,1,0.0,0.0333,0.0,30,32,-0.4,,
00-0003535,Tim Couch,QB,CLE,2001,11,27,16,-5.476,3,,5,0,0,0.0,0.0,0.0,39,33,7.6,,
00-0003535,Tim Couch,QB,CLE,2001,12,26,17,-7.497,2,,2,0,0,0.0,0.0,0.0,17,14,8.2,,
00-0003535,Tim Couch,QB,CLE,2001,13,39,20,-9.426,3,,1,0,0,0.0,0.0,0.0,19,23,4.7,,
00-0003535,Tim Couch,QB,CLE,2001,14,30,21,-7.58,3,,2,0,0,0.0,0.0,0.0,15,21,6.1,,
00-0003535,Tim Couch,QB,CLE,2001,15,33,22,-17.268,4,,5,0,0,0.0,0.0,0.0,26,30,7.8,,
00-0003535,Tim Couch,QB,CLE,2001,16,27,20,20.197,3,,1,0,0,0.0,0.0,0.0,29,32,23.3,,
00-0003535,Tim Couch,QB,CLE,2001,17,26,13,-11.861,4,,1,0,0,0.0,0.0,0.0,19,19,1.9,,
00-0003600,Dameyune Craig,QB,CAR,2001,8,8,4,-3.989,1,,3,0,0,0.0,0.0,0.0,20,14,3.4,,
00-0003663,Zack Crockett,RB,LV,2001,1,0,0,0.0,0,,0,2,2,0.0,0.0488,0.0,28,35,3.0,,
00-0003663,Zack Crockett,RB,LV,2001,2,0,0,0.0,0,,1,0,0,0.0,0.0,,26,32,0.8,,
00-0003663,Zack Crockett,RB,LV,2001,4,0,0,0.0,0,,1,0,0,0.0,0.0,,34,29,6.3,,
00-0003663,Zack Crockett,RB,LV,2001,7,0,0,0.0,0,,17,0,0,0.0,0.0,,47,47,10.7,,
00-0003663,Zack Crockett,RB,LV,2001,8,0,0,0.0,0,,6,0,0,0.0,0.0,,30,26,13.0,,
00-0003663,Zack Crockett,RB,LV,2001,9,0,0,0.0,0,,1,0,0,0.0,0.0,,18,22,-2.0,,
00-0003663,Zack Crockett,RB,LV,2001,10,0,0,0.0,0,,7,0,0,0.0,0.0,0.0,28,32,1.6,,
00-0003663,Zack Crockett,RB,LV,2001,11,0,0,0.0,0,,10,0,0,0.0,0.0,,32,32,8.5,,
00-0003663,Zack Crockett,RB,LV,2001,12,0,0,0.0,0,,4,0,0,0.0,0.0,0.0,32,32,7.6,,
00-0003663,Zack Crockett,RB,LV,2001,13,0,0,0.0,0,,0,1,0,0.0,0.0417,0.0,26,21,0.0,,
00-0003663,Zack Crockett,RB,LV,2001,14,0,0,0.0,0,,3,0,0,0.0,0.0,0.0,27,29,0.8,,
00-0003663,Zack Crockett,RB,LV,2001,15,0,0,0.0,0,,5,0,0,0.0,0.0,0.0,21,29,0.6,,
00-0003663,Zack Crockett,RB,LV,2001,16,0,0,0.0,0,,1,0,0,0.0,0.0,0.0,16,25,0.5,,
00-0003663,Zack Crockett,RB,LV,2001,17,0,0,0.0,0,,1,0,0,0.0,0.0,,30,37,0.1,,
00-0003681,Howard Cross,TE,NYG,2001,3,0,0,0.0,0,,0,1,0,0.0,0.0556,,28,28,0.0,,
00-0003681,Howard Cross,TE,NYG,2001,4,0,0,0.0,0,,0,1,0,0.0,0.0345,0.0,46,47,0.0,,
00-0003681,Howard Cross,TE,NYG,2001,9,0,0,0.0,0,,0,1,1,0.0,0.0435,0.0,41,41,1.5,,
00-0003700,Germane Crowell,WR,DET,2001,1,0,0,0.0,0,,0,2,0,0.0,0.0513,0.0,20,24,0.0,,
00-0003700,Germane Crowell,WR,DET,2001,2,0,0,0.0,0,,1,8,4,34,0.2051,0.165,20,21,8.0,,
00-0003700,Germane Crowell,WR,DET,2001,4,0,0,0.0,0,,0,8,5,39,0.2353,1.0,18,20,11.5,,
00-0003700,Germane Crowell,WR,DET,2001,5,0,0,0.0,0,,0,11,9,0.0,0.2821,,20,23,27.5,,
00-0003700,Germane Crowell,WR,DET,2001,6,0,0,0.0,0,,0,9,4,0.0,0.225,0.0,19,18,16.5,,
00-0003739,Daunte Culpepper,QB,MIN,2001,1,38,22,-6.705,1,,12,0,0,0.0,0.0,0.0,26,17,17.1,,
00-0003739,Daunte Culpepper,QB,MIN,2001,2,36,24,1.816,3,,8,0,0,0.0,0.0,,25,21,15.5,,
00-0003739,Daunte Culpepper,QB,MIN,2001,3,44,30,10.099,1,,5,0,0,0.0,0.0,0.0,24,23,20.9,,
00-0003739,Daunte Culpepper,QB,MIN,2001,4,34,23,-0.049,6,,0,0,0,0.0,0.0,0.0,11,13,19.3,,
00-0003739,Daunte Culpepper,QB,MIN,2001,5,27,20,3.812,6,,7,0,0,0.0,0.0,0.0,27,21,32.1,,
00-0003739,Daunte Culpepper,QB,MIN,2001,6,27,18,6.196,2,,8,0,0,0.0,0.0,,36,24,24.9,,
00-0003739,Daunte Culpepper,QB,MIN,2001,7,24,13,-7.122,2,,9,1,1,0.0,0.0417,0.0,18,8,15.9,,
00-0003739,Daunte Culpepper,QB,MIN,2001,9,35,21,-0.714,6,,6,0,0,0.0,0.0,0.0,21,13,15.5,,
00-0003739,Daunte Culpepper,QB,MIN,2001,10,38,26,9.545,3,,9,0,0,0.0,0.0,0.0,28,14,23.7,,
00-0003739,Daunte Culpepper,QB,MIN,2001,11,46,26,-14.74,3,,7,0,0,0.0,0.0,-0.0,23,18,10.7,,
00-0003739,Daunte Culpepper,QB,MIN,2001,12,17,12,1.597,0,,0,0,0,0.0,0.0,0.0,16,18,3.6,,
00-0003761,Randall Cunningham,QB,BAL,2001,2,1,1,-0.325,0,,0,0,0,0.0,0.0,0.0,20,29,0.1,,
00-0003761,Randall Cunningham,QB,BAL,2001,5,10,5,1.13,0,,4,0,0,0.0,0.0,0.0,34,31,12.8,,
00-0003761,Randall Cunningham,QB,BAL,2001,6,25,11,-1.416,4,,1,0,0,0.0,0.0,0.0,27,34,11.3,,
00-0003761,Randall Cunningham,QB,BAL,2001,7,31,23,1.351,5,,5,0,0,0.0,0.0,0.0,32,30,10.6,,
00-0003761,Randall Cunningham,QB,BAL,2001,8,22,14,0.951,3,,4,0,0,0.0,0.0,0.0,26,25,8.1,,
00-0003803,Matt Cushing,TE,PIT,2001,13,0,0,0.0,0,,0,2,1,0.0,0.0571,,39,29,1.9,,
00-0003803,Matt Cushing,TE,PIT,2001,14,0,0,0.0,0,,0,1,1,0.0,0.0323,,39,27,1.3,,
00-0003803,Matt Cushing,TE,PIT,2001,15,0,0,0.0,0,,0,2,2,0.0,0.0769,,43,37,8.7,,
00-0003803,Matt Cushing,TE,PIT,2001,17,0,0,0.0,0,,0,1,1,0.0,0.0417,0.0,36,31,1.5,,
00-0004004,John Davis,TE,CHI,2001,2,0,0,0.0,0,,0,2,0,0.0,0.0526,0.0,19,18,0.0,,
00-0004004,John Davis,TE,CHI,2001,4,0,0,0.0,0,,0,2,2,0.0,0.0741,0.0,24,25,2.9,,
00-0004004,John Davis,TE,CHI,2001,5,0,0,0.0,0,,0,4,3,0.0,0.1905,0.0,32,31,5.6,,
00-0004004,John Davis,TE,CHI,2001,6,0,0,0.0,0,,0,1,1,0.0,0.0333,,32,31,1.3,,
00-0004004,John Davis,TE,CHI,2001,7,0,0,0.0,0,,0,2,2,0.0,0.0435,0.0,30,33,3.1,,
00-0004004,John Davis,TE,CHI,2001,9,0,0,0.0,0,,0,1,1,0.0,0.0213,,24,30,1.6,,
00-0004004,John Davis,TE,CHI,2001,10,0,0,0.0,0,,0,2,0,0.0,0.08,0.0,29,26,0.0,,
00-0004004,John Davis,TE,CHI,2001,14,0,0,0.0,0,,0,1,1,0.0,0.0357,0.0,40,37,1.8,,
00-0004004,John Davis,TE,CHI,2001,15,0,0,0.0,0,,0,1,0,0.0,0.04,,32,29,0.0,,
00-0004004,John Davis,TE,CHI,2001,17,0,0,0.0,0,,0,1,1,0.0,0.0345,,40,41,1.5,,
00-0004052,Stephen Davis,RB,WAS,2001,1,0,0,0.0,0,,14,5,4,0.0,0.1562,0.0,19,18,8.6,,
00-0004052,Stephen Davis,RB,WAS,2001,2,0,0,0.0,0,,13,4,3,0.0,0.1667,0.0,15,16,10.2,,
00-0004052,Stephen Davis,RB,WAS,2001,3,0,0,0.0,0,,13,2,2,0.0,0.0769,0.0,20,17,11.1,,
00-0004052,Stephen Davis,RB,WAS,2001,4,0,0,0.0,0,,12,1,1,0.0,0.0333,0.0,17,13,4.9,,
00-0004052,Stephen Davis,RB,WAS,2001,5,0,0,0.0,0,,23,0,0,0.0,0.0,,26,26,7.9,,
00-0004052,Stephen Davis,RB,WAS,2001,6,0,0,0.0,0,,26,2,2,0.0,0.0714,0.0,28,29,11.9,,
00-0004052,Stephen Davis,RB,WAS,2001,7,0,0,0.0,0,,29,2,2,0.0,0.1,,35,33,13.6,,
00-0004052,Stephen Davis,RB,WAS,2001,8,0,0,0.0,0,,32,2,2,0.0,0.0909,0.0,46,46,24.4,,
00-0004052,Stephen Davis,RB,WAS,2001,10,0,0,0.0,0,,24,1,1,0.0,0.0323,,32,28,10.9,,
00-0004052,Stephen Davis,RB,WAS,2001,11,0,0,0.0,0,,22,1,0,0.0,0.0556,,45,42,7.9,,
00-0004052,Stephen Davis,RB,WAS,2001,12,0,0,0.0,0,,17,4,2,0.0,0.129,0.0,22,22,10.5,,
00-0004052,Stephen Davis,RB,WAS,2001,13,0,0,0.0,0,,26,1,1,0.0,0.04,,35,31,18.6,,
00-0004052,Stephen Davis,RB,WAS,2001,14,0,0,0.0,0,,24,5,3,0.0,0.1471,0.0,29,28,17.6,,
00-0004052,Stephen Davis,RB,WAS,2001,15,0,0,0.0,0,,22,3,2,0.0,0.0732,,28,30,14.6,,
00-0004052,Stephen Davis,RB,WAS,2001,16,0,0,0.0,0,,21,2,2,0.0,0.1333,0.0,44,38,20.2,,
00-0004052,Stephen Davis,RB,WAS,2001,17,0,0,0.0,0,,38,2,1,0.0,0.0833,0.0,49,43,24.8,,
00-0004054,Terrell Davis,RB,DEN,2001,1,0,0,0.0,0,,21,2,1,0.0,0.069,,36,28,11.5,,
00-0004054,Terrell Davis,RB,DEN,2001,8,0,0,0.0,0,,17,1,1,0.0,0.027,0.0,23,25,9.6,,
00-0004054,Terrell Davis,RB,DEN,2001,9,0,0,0.0,0,,33,6,5,0.0,0.1935,,42,44,16.9,,
00-0004054,Terrell Davis,RB,DEN,2001,12,0,0,0.0,0,,20,3,2,-4,0.0909,1.0,32,35,11.7,,
00-0004054,Terrell Davis,RB,DEN,2001,13,0,0,0.0,0,,19,5,2,0.0,0.1429,0.0,28,27,13.7,,
00-0004054,Terrell Davis,RB,DEN,2001,14,0,0,0.0,0,,21,2,1,0.0,0.0606,,34,26,8.5,,
00-0004054,Terrell Davis,RB,DEN,2001,16,0,0,0.0,0,,18,1,0,0.0,0.0385,,25,25,8.9,,
00-0004054,Terrell Davis,RB,DEN,2001,17,0,0,0.0,0,,18,1,0,0.0,0.0312,0.0,25,25,8.2,,
00-0004055,Thabiti Davis,WR,NYG,2001,1,0,0,0.0,0,,0,3,1,0.0,0.0909,,19,21,3.0,,
00-0004055,Thabiti Davis,WR,NYG,2001,2,0,0,0.0,0,,0,1,0,0.0,0.0323,0.0,31,34,0.0,,
00-0004055,Thabiti Davis,WR,NYG,2001,5,0,0,0.0,0,,0,1,0,0.0,0.0312,0.0,24,28,0.0,,
00-0004055,Thabiti Davis,WR,NYG,2001,13,0,0,0.0,0,,0,1,0,0.0,0.04,0.0,24,26,0.0,,
00-0004055,Thabiti Davis,WR,NYG,2001,17,0,0,0.0,0,,0,2,2,0.0,0.0351,0.0,21,33,3.4,,
00-0004063,Tyrone Davis,TE,GB,2001,15,0,0,0.0,0,,0,4,3,0.0,0.1429,,33,35,4.4,,
00-0004063,Tyrone Davis,TE,GB,2001,16,0,0,0.0,0,,0,1,0,0.0,0.0345,,20,21,0.0,,
00-0004077,Sean Dawkins,WR,PIT,2001,1,0,0,0.0,0,,0,2,0,0.0,0.0328,0.0,57,51,0.0,,
00-0004077,Sean Dawkins,WR,TEN,2001,2,0,0,0.0,0,,0,2,1,0.0,0.0317,,52,53,2.6,,
00-0004077,Sean Dawkins,WR,CLE,2001,3,0,0,0.0,0,,0,7,2,0.0,0.0986,0.0,55,59,2.8,,
00-0004077,Sean Dawkins,WR,JAX,2001,4,0,0,0.0,0,,0,4,2,0.0,0.1053,,21,24,3.2,,
00-0004077,Sean Dawkins,WR,BUF,2001,6,0,0,0.0,0,,0,1,1,0.0,0.0182,0.0,56,48,1.7,,
00-0004077,Sean Dawkins,WR,JAX,2001,7,0,0,0.0,0,,0,1,1,0.0,0.027,,15,14,2.5,,
00-0004077,Sean Dawkins,WR,JAX,2001,8,0,0,0.0,0,,0,3,2,0.0,0.1,0.0,17,18,5.6,,
00-0004077,Sean Dawkins,WR,CIN,2001,9,0,0,0.0,0,,0,7,4,0.0,0.0875,0.0,48,48,8.2,,
00-0004077,Sean Dawkins,WR,JAX,2001,10,0,0,0.0,0,,0,4,1,0.0,0.129,,16,13,3.6,,
00-0004077,Sean Dawkins,WR,BAL,2001,11,0,0,0.0,0,,0,3,2,0.0,0.0462,0.0,61,69,4.9,,
00-0004077,Sean Dawkins,WR,GB,2001,12,0,0,0.0,0,,0,6,1,0.0,0.0698,0.0,44,51,3.1,,
00-0004077,Sean Dawkins,WR,JAX,2001,14,0,0,0.0,0,,0,5,1,0.0,0.1429,0.0,33,31,1.9,,
00-0004077,Sean Dawkins,WR,JAX,2001,15,0,0,0.0,0,,0,1,0,0.0,0.0417,,37,37,0.0,,
00-0004077,Sean Dawkins,WR,KC,2001,16,0,0,0.0,0,,0,3,2,0.0,0.0423,0.0,57,58,3.3,,
00-0004112,James Dearth,TE,NYJ,2001,5,0,0,0.0,0,,0,1,0,0.0,0.0455,,25,24,0.0,,
00-0004112,James Dearth,TE,NYJ,2001,9,0,0,0.0,0,,0,1,1,0.0,0.0357,0.0,37,32,1.9,,
00-0004112,James Dearth,TE,NYJ,2001,12,0,0,0.0,0,,0,1,1,0.0,0.0312,0.0,28,26,1.0,,
00-0004112,James Dearth,TE,NYJ,2001,14,0,0,0.0,0,,0,1,1,0.0,0.0357,,29,28,7.1,,
00-0004200,Autry Denson,RB,CHI,2001,12,0,0,0.0,0,,1,0,0,0.0,0.0,0.0,34,33,0.4,,
00-0004229,Koy Detmer,QB,PHI,2001,3,0,0,0.0,0,,1,0,0,0.0,0.0,,30,29,-0.1,,
00-0004229,Koy Detmer,QB,PHI,2001,9,0,0,0.0,0,,2,0,0,0.0,0.0,,35,35,-0.3,,
00-0004229,Koy Detmer,QB,PHI,2001,10,0,0,0.0,0,,2,0,0,0.0,0.0,0.0,35,35,-0.2,,
00-0004229,Koy Detmer,QB,PHI,2001,13,0,0,0.0,0,,1,0,0,0.0,0.0,0.0,24,23,-0.1,,
00-0004229,Koy Detmer,QB,PHI,2001,17,14,5,-8.556,1,,2,0,0,0.0,0.0,0.0,25,28,1.3,,
00-0004230,Ty Detmer,QB,DET,2001,2,42,22,-12.972,3,,2,0,0,0.0,0.0,0.0,20,21,-1.0,,
00-0004230,Ty Detmer,QB,DET,2001,4,18,15,-10.589,3,,1,0,0,0.0,0.0,0.0,18,20,3.9,,
00-0004230,Ty Detmer,QB,DET,2001,16,51,31,-18.791,6,,2,0,0,0.0,0.0,0.0,14,11,7.9,,
00-0004230,Ty Detmer,QB,DET,2001,17,40,24,5.68,0,,4,0,0,0.0,0.0,,28,27,18.1,,
00-0004293,Trent Dilfer,QB,SEA,2001,3,2,2,4.956,0,,0,0,0,0.0,0.0,-0.0,16,23,2.0,,
00-0004293,Trent Dilfer,QB,SEA,2001,4,23,15,5.647,2,,5,0,0,0.0,0.0,0.0,36,33,11.7,,
00-0004293,Trent Dilfer,QB,SEA,2001,5,18,12,0.43,2,,1,0,0,0.0,0.0,,40,37,5.0,,
00-0004293,Trent Dilfer,QB,SEA,2001,8,18,8,-3.724,2,,0,1,1,0.0,0.0345,0.0,14,17,7.3,,
00-0004293,Trent Dilfer,QB,SEA,2001,16,23,14,11.871,3,,2,0,0,0.0,0.0,,25,25,24.9,,
00-0004293,Trent Dilfer,QB,SEA,2001,17,38,22,3.622,1,,3,0,0,0.0,0.0,0.0,33,34,13.9,,
00-0004294,Ken Dilger,TE,IND,2001,1,0,0,0.0,0,,0,4,2,0.0,0.1379,0.0,30,30,4.8,,
00-0004294,Ken Dilger,TE,IND,2001,2,0,0,0.0,0,,0,3,2,0.0,0.1034,0.0,30,27,5.1,,
00-0004294,Ken Dilger,TE,IND,2001,3,0,0,0.0,0,,0,5,1,11,0.1163,0.2973,24,28,2.1,,
00-0004294,Ken Dilger,TE,IND,2001,5,0,0,0.0,0,,0,1,1,0.0,0.0244,0.0,27,32,2.1,,
00-0004294,Ken Dilger,TE,IND,2001,6,0,0,0.0,0,,0,3,2,0.0,0.0882,,34,36,7.2,,
00-0004294,Ken Dilger,TE,IND,2001,7,0,0,0.0,0,,0,2,2,0.0,0.0667,,33,33,4.0,,
00-0004294,Ken Dilger,TE,IND,2001,8,0,0,0.0,0,,0,2,0,0.0,0.0769,,37,38,0.0,,
00-0004294,Ken Dilger,TE,IND,2001,9,0,0,0.0,0,,0,1,0,0.0,0.0303,0.0,25,24,0.0,,
00-0004294,Ken Dilger,TE,IND,2001,10,0,0,0.0,0,,0,4,2,9,0.1481,1.0,23,21,3.5,,
00-0004294,Ken Dilger,TE,IND,2001,11,0,0,0.0,0,,0,4,3,0.0,0.0816,0.0,32,37,5.8,,
00-0004294,Ken Dilger,TE,IND,2001,12,0,0,0.0,0,,0,4,3,0.0,0.0889,0.0,17,22,6.2,,
00-0004294,Ken Dilger,TE,IND,2001,13,0,0,0.0,0,,0,5,4,0.0,0.1667,0.0,18,21,5.2,,
00-0004294,Ken Dilger,TE,IND,2001,14,0,0,0.0,0,,0,3,2,0.0,0.0857,0.0,33,32,9.6,,
00-0004294,Ken Dilger,TE,IND,2001,15,1,1,5.49,0,,0,6,4,0.0,0.1714,,18,21,13.4,,
00-0004294,Ken Dilger,TE,IND,2001,16,0,0,0.0,0,,0,6,3,0.0,0.2222,0.0,22,23,5.4,,
00-0004294,Ken Dilger,TE,IND,2001,17,0,0,0.0,0,,0,1,1,0.0,0.0333,0.0,35,35,1.5,,
00-0004304,Corey Dillon,RB,CIN,2001,1,0,0,0.0,0,,24,4,4,0.0,0.1481,,33,34,23.6,,
00-0004304,Corey Dillon,RB,CIN,2001,2,0,0,0.0,0,,18,4,4,0.0,0.1333,,23,26,15.8,,
00-0004304,Corey Dillon,RB,CIN,2001,3,0,0,0.0,0,,15,2,2,0.0,0.0714,0.0,26,25,6.4,,
00-0004304,Corey Dillon,RB,CIN,2001,4,0,0,0.0,0,,19,4,1,0.0,0.1176,0.0,21,20,7.2,,
00-0004304,Corey Dillon,RB,CIN,2001,5,0,0,0.0,0,,31,3,3,0.0,0.0789,,42,43,24.6,,
00-0004304,Corey Dillon,RB,CIN,2001,6,0,0,0.0,0,,16,4,0,0.0,0.087,0.0,21,20,3.0,,
00-0004304,Corey Dillon,RB,CIN,2001,7,0,0,0.0,0,,27,6,3,0.0,0.24,0.0,37,34,41.2,,
00-0004304,Corey Dillon,RB,CIN,2001,9,0,0,0.0,0,,17,5,2,0.0,0.0625,0.0,48,48,15.1,,
00-0004304,Corey Dillon,RB,CIN,2001,10,0,0,0.0,0,,17,2,2,0.0,0.05,0.0,21,23,8.1,,
00-0004304,Corey Dillon,RB,CIN,2001,11,0,0,0.0,0,,20,4,1,0.0,0.1212,0.0,24,23,7.9,,
00-0004304,Corey Dillon,RB,CIN,2001,12,0,0,0.0,0,,23,3,2,0.0,0.0833,0.0,24,29,14.7,,
00-0004304,Corey Dillon,RB,CIN,2001,13,0,0,0.0,0,,24,4,2,0.0,0.1333,0.0,27,29,16.6,,
00-0004304,Corey Dillon,RB,CIN,2001,14,0,0,0.0,0,,22,4,3,0.0,0.1739,0.0,33,30,26.7,,
00-0004304,Corey Dillon,RB,CIN,2001,15,0,0,0.0,0,,24,5,2,0.0,0.1351,0.0,30,31,15.9,,
00-0004304,Corey Dillon,RB,CIN,2001,16,0,0,0.0,0,,21,0,0,0.0,0.0,0.0,29,29,7.1,,
00-0004304,Corey Dillon,RB,CIN,2001,17,1,0,-4.668,0,,22,7,3,0.0,0.1489,0.0,27,30,24.4,,
00-0004463,Dameane Douglas,WR,PHI,2001,17,0,0,0.0,0,,0,8,5,0.0,0.2963,0.0,25,28,24.7,,
00-0004541,Donald Driver,WR,GB,2001,2,0,0,0.0,0,,1,2,1,0.0,0.0645,0.0,40,42,3.3,,
00-0004541,Donald Driver,WR,GB,2001,4,0,0,0.0,0,,0,1,0,0.0,0.0294,0.0,22,26,0.0,,
00-0004541,Donald Driver,WR,GB,2001,5,0,0,0.0,0,,0,4,3,0.0,0.1176,,24,28,9.9,,
00-0004541,Donald Driver,WR,GB,2001,6,0,0,0.0,0,,0,3,2,0.0,0.0882,0.0,15,19,3.7,,
00-0004541,Donald Driver,WR,GB,2001,8,0,0,0.0,0,,0,2,2,0.0,0.0741,0.0,29,31,3.1,,
00-0004541,Donald Driver,WR,GB,2001,12,0,0,0.0,0,,0,2,1,0.0,0.0233,0.0,44,51,2.0,,
00-0004541,Donald Driver,WR,GB,2001,13,0,0,0.0,0,,1,0,0,0.0,0.0,0.0,36,37,0.8,,
00-0004541,Donald Driver,WR,GB,2001,14,0,0,0.0,0,,0,2,2,0.0,0.0556,-0.0,15,13,9.7,,
00-0004541,Donald Driver,WR,GB,2001,16,0,0,0.0,0,,1,0,0,0.0,0.0,,20,21,9.1,,
00-0004541,Donald Driver,WR,GB,2001,17,0,0,0.0,0,,0,3,2,0.0,0.1034,,26,26,3.9,,
00-0004574,Rickey Dudley,TE,CLE,2001,1,0,0,0.0,0,,0,4,1,0.0,0.1212,0.0,25,27,1.5,,
00-0004574,Rickey Dudley,TE,CLE,2001,2,0,0,0.0,0,,0,2,2,0.0,0.1053,0.0,37,35,5.7,,
00-0004574,Rickey Dudley,TE,CLE,2001,3,0,0,0.0,0,,0,6,3,0.0,0.0845,0.0,55,59,4.0,,
00-0004574,Rickey Dudley,TE,CLE,2001,4,0,0,0.0,0,,0,4,3,0.0,0.1538,,31,29,9.3,,
00-0004634,David Dunn,WR,LV,2001,1,0,0,0.0,0,,0,1,1,0.0,0.0244,0.0,28,35,1.8,,
00-0004637,Jason Dunn,TE,KC,2001,1,0,0,0.0,0,,0,3,1,0.0,0.0833,0.0,17,9,1.6,,
00-0004637,Jason Dunn,TE,KC,2001,2,0,0,0.0,0,,0,2,0,4,0.0606,1.0,20,11,0.0,,
00-0004637,Jason Dunn,TE,KC,2001,3,0,0,0.0,0,,0,1,0,0.0,0.0333,,38,28,0.0,,
00-0004637,Jason Dunn,TE,KC,2001,7,0,0,0.0,0,,0,2,1,0.0,0.0476,0.0,23,18,3.8,,
00-0004637,Jason Dunn,TE,KC,2001,11,0,0,0.0,0,,0,1,0,0.0,0.04,,44,34,0.0,,
00-0004637,Jason Dunn,TE,KC,2001,13,0,0,0.0,0,,0,1,0,0.0,0.0312,0.0,36,34,0.0,,
00-0004637,Jason Dunn,TE,KC,2001,15,0,0,0.0,0,,0,3,2,0.0,0.1111,0.0,32,26,10.0,,
00-0004640,Warrick Dunn,RB,TB,2001,1,0,0,0.0,0,,22,7,4,0.0,0.2121,0.0,33,29,9.7,,
00-0004640,Warrick Dunn,RB,TB,2001,3,0,0,0.0,0,,11,6,5,0.0,0.1818,0.0,16,19,20.9,,
00-0004640,Warrick Dunn,RB,TB,2001,5,0,0,0.0,0,,10,12,7,0.0,0.25,0.0,17,17,27.1,,
00-0004640,Warrick Dunn,RB,TB,2001,6,0,0,0.0,0,,13,2,2,0.0,0.05,0.0,19,15,6.7,,
00-0004640,Warrick Dunn,RB,TB,2001,8,0,0,0.0,0,,3,5,5,0.0,0.1667,,24,10,8.5,,
00-0004640,Warrick Dunn,RB,TB,2001,9,0,0,0.0,0,,17,8,5,0.0,0.2162,,25,22,22.1,,
00-0004640,Warrick Dunn,RB,TB,2001,10,0,0,0.0,0,,8,13,12,0.0,0.2321,0.0,15,21,25.0,,
00-0004640,Warrick Dunn,RB,TB,2001,11,0,0,0.0,0,,14,8,5,0.0,0.2353,0.0,31,20,21.6,,
00-0004640,Warrick Dunn,RB,TB,2001,12,0,0,0.0,0,,21,3,3,0.0,0.0909,,30,25,7.7,,
00-0004640,Warrick Dunn,RB,TB,2001,13,0,0,0.0,0,,6,11,9,0.0,0.2115,0.0,22,16,14.7,,
00-0004640,Warrick Dunn,RB,TB,2001,14,0,0,0.0,0,,10,10,4,0.0,0.25,0.0,18,14,9.5,,
00-0004640,Warrick Dunn,RB,TB,2001,15,0,0,0.0,0,,10,8,5,0.0,0.2581,,39,20,18.8,,
00-0004640,Warrick Dunn,RB,TB,2001,16,0,0,0.0,0,,13,4,2,0.0,0.1379,,31,15,8.1,,
00-0004673,Tim Dwight,WR,LAC,2001,1,0,0,0.0,0,,0,5,2,12,0.2778,0.1967,46,45,11.1,,
00-0004673,Tim Dwight,WR,LAC,2001,2,0,0,0.0,0,,1,5,2,0.0,0.1351,,38,35,18.4,,
00-0004673,Tim Dwight,WR,LAC,2001,3,0,0,0.0,0,,0,3,1,0.0,0.1579,,35,34,1.7,,
00-0004673,Tim Dwight,WR,LAC,2001,4,0,0,0.0,0,,1,1,1,0.0,0.0278,,26,25,2.6,,
00-0004673,Tim Dwight,WR,LAC,2001,5,0,0,0.0,0,,0,6,3,0.0,0.1875,,28,31,8.4,,
00-0004673,Tim Dwight,WR,LAC,2001,6,0,0,0.0,0,,0,5,3,0.0,0.1562,0.0,32,32,6.3,,
00-0004673,Tim Dwight,WR,LAC,2001,7,0,0,0.0,0,,0,2,2,0.0,0.0625,,20,23,5.2,,
00-0004673,Tim Dwight,WR,LAC,2001,8,0,0,0.0,0,,0,8,2,2,0.1905,1.0,20,22,6.3,,
00-0004673,Tim Dwight,WR,LAC,2001,12,0,0,0.0,0,,0,5,5,0.0,0.1515,0.0,27,30,10.9,,
00-0004673,Tim Dwight,WR,LAC,2001,13,0,0,0.0,0,,0,10,4,18,0.2273,0.3273,27,24,9.1,,
00-0004694,Kevin Dyson,WR,TEN,2001,1,0,0,0.0,0,,0,10,4,18,0.2564,0.3158,25,20,9.1,,
00-0004694,Kevin Dyson,WR,TEN,2001,2,0,0,0.0,0,,0,9,4,0.0,0.1429,,52,53,7.8,,
00-0004694,Kevin Dyson,WR,TEN,2001,4,0,0,0.0,0,,0,5,1,25,0.1562,0.8065,17,20,1.7,,
00-0004694,Kevin Dyson,WR,TEN,2001,5,0,0,0.0,0,,0,4,2,0.0,0.1538,0.0,41,37,11.3,,
00-0004694,Kevin Dyson,WR,TEN,2001,6,0,0,0.0,0,,0,5,2,0.0,0.1429,0.0,33,28,3.7,,
00-0004694,Kevin Dyson,WR,TEN,2001,7,0,0,0.0,0,,0,8,2,18,0.3478,1.0,24,22,4.2,,
00-0004694,Kevin Dyson,WR,TEN,2001,8,0,0,0.0,0,,0,7,4,0.0,0.2059,,33,30,16.2,,
00-0004694,Kevin Dyson,WR,TEN,2001,9,0,0,0.0,0,,0,13,6,0.0,0.2766,0.0,28,25,18.8,,
00-0004694,Kevin Dyson,WR,TEN,2001,10,0,0,0.0,0,,0,4,4,0.0,0.16,0.0,31,29,15.5,,
00-0004694,Kevin Dyson,WR,TEN,2001,11,0,0,0.0,0,,0,9,4,0.0,0.2432,0.0,21,18,21.2,,
00-0004694,Kevin Dyson,WR,TEN,2001,12,0,0,0.0,0,,0,8,6,0.0,0.4211,,39,33,17.0,,
00-0004694,Kevin Dyson,WR,TEN,2001,13,0,0,0.0,0,,0,6,4,0.0,0.1714,,29,28,9.0,,
00-0004694,Kevin Dyson,WR,TEN,2001,14,0,0,0.0,0,,0,5,3,0.0,0.1429,,34,39,7.3,,
00-0004694,Kevin Dyson,WR,TEN,2001,15,0,0,0.0,0,,0,4,1,0.0,0.1481,0.0,33,32,10.0,,
00-0004694,Kevin Dyson,WR,TEN,2001,16,0,0,0.0,0,,0,5,3,0.0,0.2174,0.0,35,32,18.2,,
00-0004694,Kevin Dyson,WR,TEN,2001,17,0,0,0.0,0,,0,10,4,0.0,0.3125,,23,22,9.5,,
00-0004780,Troy Edwards,WR,PIT,2001,1,0,0,0.0,0,,0,3,1,0.0,0.0492,0.0,57,51,2.7,,
00-0004780,Troy Edwards,WR,PIT,2001,3,0,0,0.0,0,,0,2,2,0.0,0.0909,,31,29,2.7,,
00-0004780,Troy Edwards,WR,PIT,2001,5,0,0,0.0,0,,1,1,1,0.0,0.0417,,35,30,1.0,,
00-0004780,Troy Edwards,WR,PIT,2001,6,0,0,0.0,0,,1,1,1,0.0,0.0588,0.0,35,27,3.8,,
00-0004780,Troy Edwards,WR,PIT,2001,7,0,0,0.0,0,,0,3,1,0.0,0.125,,39,29,6.7,,
00-0004780,Troy Edwards,WR,PIT,2001,8,0,0,0.0,0,,1,3,1,0.0,0.0833,,35,29,-0.2,,
00-0004780,Troy Edwards,WR,PIT,2001,9,0,0,0.0,0,,0,2,0,0.0,0.0625,,41,38,0.0,,
00-0004780,Troy Edwards,WR,PIT,2001,10,0,0,0.0,0,,0,5,3,0.0,0.1562,,34,29,6.5,,
00-0004780,Troy Edwards,WR,PIT,2001,11,0,0,0.0,0,,0,1,1,0.0,0.0312,,31,25,2.2,,
00-0004780,Troy Edwards,WR,PIT,2001,12,0,0,0.0,0,,1,0,0,0.0,0.0,0.0,46,38,7.2,,
00-0004780,Troy Edwards,WR,PIT,2001,13,0,0,0.0,0,,1,3,1,0.0,0.0857,,39,29,2.3,,
00-0004780,Troy Edwards,WR,PIT,2001,14,0,0,0.0,0,,0,2,2,0.0,0.0645,,39,27,5.3,,
00-0004780,Troy Edwards,WR,PIT,2001,15,0,0,0.0,0,,0,2,2,0.0,0.0769,,43,37,6.3,,
00-0004780,Troy Edwards,WR,PIT,2001,16,0,0,0.0,0,,0,3,2,0.0,0.0909,0.0,27,30,4.5,,
00-0004780,Troy Edwards,WR,PIT,2001,17,0,0,0.0,0,,0,4,1,18,0.1667,0.5,36,31,3.1,,
00-0004888,Bert Emanuel,WR,NE,2001,1,0,0,0.0,0,,0,9,4,0.0,0.2368,,21,18,6.5,,
00-0004888,Bert Emanuel,WR,NE,2001,2,0,0,0.0,0,,0,2,0,0.0,0.0541,0.0,26,20,0.0,,
00-0004888,Bert Emanuel,WR,DET,2001,8,0,0,0.0,0,,0,2,1,0.0,0.08,,21,14,2.1,,
00-0004888,Bert Emanuel,WR,DET,2001,9,0,0,0.0,0,,0,9,4,24,0.2432,0.8889,23,21,7.5,,
00-0004888,Bert Emanuel,WR,DET,2001,10,0,0,0.0,0,,0,7,5,0.0,0.1228,0.0,22,27,13.0,,
00-0004888,Bert Emanuel,WR,DET,2001,15,0,0,0.0,0,,0,7,3,29,0.2593,1.0,18,14,6.5,,
00-0004888,Bert Emanuel,WR,DET,2001,16,0,0,0.0,0,,0,6,2,20,0.1176,0.4762,14,11,4.7,,
00-0004888,Bert Emanuel,WR,DET,2001,17,0,0,0.0,0,,0,3,2,0.0,0.0769,,28,27,5.3,,
00-0004915,Bobby Engram,WR,SEA,2001,1,0,0,0.0,0,,0,3,2,0.0,0.0882,0.0,27,22,3.8,,
00-0004915,Bobby Engram,WR,SEA,2001,2,0,0,0.0,0,,0,3,2,0.0,0.125,,26,21,4.8,,
00-0004915,Bobby Engram,WR,SEA,2001,3,0,0,0.0,0,,0,6,2,0.0,0.1304,-0.0,16,23,4.6,,
00-0004915,Bobby Engram,WR,SEA,2001,4,0,0,0.0,0,,0,5,5,0.0,0.2273,0.0,36,33,12.1,,
00-0004915,Bobby Engram,WR,SEA,2001,5,0,0,0.0,0,,0,1,1,0.0,0.0588,,40,37,1.6,,
00-0004915,Bobby Engram,WR,SEA,2001,7,0,0,0.0,0,,0,7,3,0.0,0.25,,30,25,5.8,,
00-0004915,Bobby Engram,WR,SEA,2001,8,0,0,0.0,0,,0,3,2,0.0,0.1034,0.0,14,17,7.3,,
00-0004915,Bobby Engram,WR,SEA,2001,9,0,0,0.0,0,,0,1,1,0.0,0.0435,,42,38,3.8,,
00-0004915,Bobby Engram,WR,SEA,2001,10,0,0,0.0,0,,0,1,1,0.0,0.0455,,32,30,3.1,,
00-0004915,Bobby Engram,WR,SEA,2001,11,0,0,0.0,0,,0,1,1,0.0,0.0435,,17,19,1.1,,
00-0004915,Bobby Engram,WR,SEA,2001,12,0,0,0.0,0,,0,3,3,0.0,0.0857,,36,33,7.4,,
00-0004915,Bobby Engram,WR,SEA,2001,13,0,0,0.0,0,,0,4,2,15,0.1143,0.8333,21,22,4.6,,
00-0004915,Bobby Engram,WR,SEA,2001,14,0,0,0.0,0,,0,2,0,0.0,0.0769,,44,40,0.0,,
00-0004915,Bobby Engram,WR,SEA,2001,15,0,0,0.0,0,,0,2,0,0.0,0.08,0.0,30,31,0.0,,
00-0004915,Bobby Engram,WR,SEA,2001,16,0,0,0.0,0,,0,4,2,0.0,0.1739,,25,25,5.0,,
00-0004915,Bobby Engram,WR,SEA,2001,17,0,0,0.0,0,,0,5,2,0.0,0.1282,0.0,33,34,4.0,,
00-0005091,Kevin Faulk,RB,NE,2001,2,0,0,0.0,0,,3,0,0,0.0,0.0,0.0,26,20,1.9,,
00-0005091,Kevin Faulk,RB,NE,2001,3,0,0,0.0,0,,9,2,2,0.0,0.087,,39,36,16.6,,
00-0005091,Kevin Faulk,RB,NE,2001,4,0,0,0.0,0,,4,4,2,0.0,0.1667,,23,21,4.5,,
00-0005091,Kevin Faulk,RB,NE,2001,5,0,0,0.0,0,,2,3,2,0.0,0.0556,,24,23,4.1,,
00-0005091,Kevin Faulk,RB,NE,2001,6,0,0,0.0,0,,1,0,0,0.0,0.0,,30,23,0.2,,
00-0005091,Kevin Faulk,RB,NE,2001,7,0,0,0.0,0,,5,5,4,0.0,0.1351,0.0,24,25,7.8,,
00-0005091,Kevin Faulk,RB,NE,2001,8,0,0,0.0,0,,1,5,5,0.0,0.1613,,34,32,13.3,,
00-0005091,Kevin Faulk,RB,NE,2001,9,0,0,0.0,0,,2,7,7,0.0,0.35,0.0,31,29,14.2,,
00-0005091,Kevin Faulk,RB,NE,2001,10,0,0,0.0,0,,2,4,3,9,0.1481,0.6429,20,21,5.6,,
00-0005091,Kevin Faulk,RB,NE,2001,11,0,0,0.0,0,,3,0,0,0.0,0.0,,38,34,3.6,,
00-0005091,Kevin Faulk,RB,NE,2001,12,0,0,0.0,0,,3,1,0,0.0,0.0357,,23,21,2.3,,
00-0005091,Kevin Faulk,RB,NE,2001,13,0,0,0.0,0,,2,3,3,0.0,0.1111,0.0,33,27,4.1,,
00-0005091,Kevin Faulk,RB,NE,2001,14,0,0,0.0,0,,2,1,1,0.0,0.0294,0.0,27,28,2.2,,
00-0005091,Kevin Faulk,RB,NE,2001,15,1,1,1.769,0,,0,1,1,0.0,0.0526,,44,40,2.6,,
00-0005091,Kevin Faulk,RB,NE,2001,17,0,0,0.0,0,,2,0,0,0.0,0.0,0.0,36,34,-0.3,,
00-0005092,Marshall Faulk,RB,LA,2001,1,0,0,0.0,0,,20,11,8,0.0,0.2619,0.0,23,29,26.0,,
00-0005092,Marshall Faulk,RB,LA,2001,2,0,0,0.0,0,,18,8,8,0.0,0.2286,0.0,25,28,26.4,,
00-0005092,Marshall Faulk,RB,LA,2001,3,0,0,0.0,0,,19,8,6,0.0,0.2581,,27,30,40.0,,
00-0005092,Marshall Faulk,RB,LA,2001,4,0,0,0.0,0,,14,10,9,0.0,0.2778,,21,25,28.1,,
00-0005092,Marshall Faulk,RB,LA,2001,5,0,0,0.0,0,,8,7,5,0.0,0.1522,0.0,16,21,7.3,,
00-0005092,Marshall Faulk,RB,LA,2001,9,0,0,0.0,0,,15,5,4,20,0.2273,0.2597,41,37,35.7,,
00-0005092,Marshall Faulk,RB,LA,2001,10,0,0,0.0,0,,20,10,7,7,0.2439,0.6364,28,29,28.3,,
00-0005092,Marshall Faulk,RB,LA,2001,11,0,0,0.0,0,,12,4,2,0.0,0.1053,0.0,19,16,10.6,,
00-0005092,Marshall Faulk,RB,LA,2001,12,0,0,0.0,0,,12,7,6,0.0,0.3043,,20,25,43.8,,
00-0005092,Marshall Faulk,RB,LA,2001,13,0,0,0.0,0,,25,6,5,0.0,0.1463,0.0,30,32,27.7,,
00-0005092,Marshall Faulk,RB,LA,2001,14,0,0,0.0,0,,22,11,8,0.0,0.3548,,25,30,24.5,,
00-0005092,Marshall Faulk,RB,LA,2001,15,1,0,-0.366,0,,30,3,3,0.0,0.125,0.0,33,33,40.2,,
00-0005092,Marshall Faulk,RB,LA,2001,16,0,0,0.0,0,,25,8,7,0.0,0.2667,-0.0,29,33,47.5,,
00-0005092,Marshall Faulk,RB,LA,2001,17,0,0,0.0,0,,20,6,5,0.0,0.2,0.0,29,28,33.6,,
00-0005101,Christian Fauria,TE,SEA,2001,1,0,0,0.0,0,,0,1,0,0.0,0.0294,0.0,27,22,0.0,,
00-0005101,Christian Fauria,TE,SEA,2001,2,0,0,0.0,0,,0,3,2,0.0,0.125,,26,21,1.3,,
00-0005101,Christian Fauria,TE,SEA,2001,3,0,0,0.0,0,,0,5,4,0.0,0.1087,-0.0,16,23,13.4,,
00-0005101,Christian Fauria,TE,SEA,2001,4,0,0,0.0,0,,0,3,1,0.0,0.1364,0.0,36,33,1.5,,
00-0005101,Christian Fauria,TE,SEA,2001,5,0,0,0.0,0,,0,2,1,0.0,0.1176,,40,37,2.2,,
00-0005101,Christian Fauria,TE,SEA,2001,7,0,0,0.0,0,,0,3,2,0.0,0.1071,,30,25,3.6,,
00-0005101,Christian Fauria,TE,SEA,2001,8,0,0,0.0,0,,0,3,2,0.0,0.1034,0.0,14,17,4.5,,
00-0005101,Christian Fauria,TE,SEA,2001,9,0,0,0.0,0,,0,1,0,0.0,0.0435,,42,38,0.0,,
00-0005101,Christian Fauria,TE,SEA,2001,10,0,0,0.0,0,,0,3,2,0.0,0.1364,,32,30,3.3,,
00-0005101,Christian Fauria,TE,SEA,2001,12,0,0,0.0,0,,0,4,0,0.0,0.1143,,36,33,0.0,,
00-0005101,Christian Fauria,TE,SEA,2001,13,0,0,0.0,0,,0,4,2,0.0,0.1143,0.0,21,22,3.4,,
00-0005101,Christian Fauria,TE,SEA,2001,14,0,0,0.0,0,,0,4,2,0.0,0.1538,,44,40,3.4,,
00-0005101,Christian Fauria,TE,SEA,2001,15,0,0,0.0,0,,0,2,2,0.0,0.08,0.0,30,31,3.2,,
00-0005101,Christian Fauria,TE,SEA,2001,16,0,0,0.0,0,,0,1,0,0.0,0.0435,,25,25,2.0,,
00-0005101,Christian Fauria,TE,SEA,2001,17,0,0,0.0,0,,0,1,1,0.0,0.0256,0.0,33,34,4.0,,
00-0005106,Brett Favre,QB,GB,2001,1,28,22,11.827,3,,4,0,0,0.0,0.0,,29,30,18.2,,
00-0005106,Brett Favre,QB,GB,2001,2,31,20,5.389,1,,4,0,0,0.0,0.0,0.0,40,42,20.3,,
00-0005106,Brett Favre,QB,GB,2001,3,39,25,14.422,0,,2,0,0,0.0,0.0,0.0,31,35,22.2,,
00-0005106,Brett Favre,QB,GB,2001,4,35,20,-7.182,1,,2,0,0,0.0,0.0,0.0,22,26,8.8,,
00-0005106,Brett Favre,QB,GB,2001,5,34,27,16.838,2,,2,0,0,0.0,0.0,,24,28,25.4,,
00-0005106,Brett Favre,QB,GB,2001,6,35,21,-2.977,1,,1,0,0,0.0,0.0,0.0,15,19,12.8,,
00-0005106,Brett Favre,QB,GB,2001,8,27,16,-7.728,1,,4,0,0,0.0,0.0,0.0,29,31,8.5,,
00-0005106,Brett Favre,QB,GB,2001,9,32,19,13.346,1,,2,0,0,0.0,0.0,0.0,23,24,16.5,,
00-0005106,Brett Favre,QB,GB,2001,10,29,16,-3.532,2,,1,0,0,0.0,0.0,0.0,19,25,10.5,,
00-0005106,Brett Favre,QB,GB,2001,11,26,18,5.766,2,,1,0,0,0.0,0.0,,27,31,16.0,,
00-0005106,Brett Favre,QB,GB,2001,12,42,24,19.746,1,,2,0,0,0.0,0.0,0.0,44,51,31.0,,
00-0005106,Brett Favre,QB,GB,2001,13,27,15,2.206,2,,1,0,0,0.0,0.0,0.0,36,37,11.1,,
00-0005106,Brett Favre,QB,GB,2001,14,38,20,0.526,1,,5,0,0,0.0,0.0,-0.0,15,13,16.0,,
00-0005106,Brett Favre,QB,GB,2001,15,28,18,5.578,0,,2,0,0,0.0,0.0,,33,35,15.7,,
00-0005106,Brett Favre,QB,GB,2001,16,29,18,-4.029,2,,2,0,0,0.0,0.0,,20,21,6.6,,
00-0005106,Brett Favre,QB,GB,2001,17,30,15,15.835,1,,3,0,0,0.0,0.0,,26,26,19.0,,
00-0005180,Jay Fiedler,QB,MIA,2001,1,20,12,14.473,0,,7,0,0,0.0,0.0,,33,30,19.5,,
00-0005180,Jay Fiedler,QB,MIA,2001,2,34,16,-7.18,1,,8,0,0,0.0,0.0,0.0,34,28,20.1,,
00-0005180,Jay Fiedler,QB,MIA,2001,3,27,19,-2.974,2,,4,0,0,0.0,0.0,0.0,25,27,5.1,,
00-0005180,Jay Fiedler,QB,MIA,2001,4,21,11,-2.752,0,,7,0,0,0.0,0.0,0.0,44,40,9.2,,
00-0005180,Jay Fiedler,QB,MIA,2001,5,34,23,5.277,2,,2,0,0,0.0,0.0,0.0,29,33,11.2,,
00-0005180,Jay Fiedler,QB,MIA,2001,7,21,15,13.119,0,,8,0,0,0.0,0.0,0.0,34,24,12.6,,
00-0005180,Jay Fiedler,QB,MIA,2001,8,33,20,8.831,1,,4,0,0,0.0,0.0,0.0,29,24,13.9,,
00-0005180,Jay Fiedler,QB,MIA,2001,9,29,17,4.141,1,,2,0,0,0.0,0.0,0.0,28,27,15.2,,
00-0005180,Jay Fiedler,QB,MIA,2001,10,36,24,-23.184,3,,4,0,0,0.0,0.0,0.0,30,32,0.9,,
00-0005180,Jay Fiedler,QB,MIA,2001,11,30,17,8.86,2,,4,0,0,0.0,0.0,,30,27,23.5,,
00-0005180,Jay Fiedler,QB,MIA,2001,12,28,18,4.255,0,,4,0,0,0.0,0.0,,22,23,11.2,,
00-0005180,Jay Fiedler,QB,MIA,2001,13,26,18,12.96,1,,1,0,0,0.0,0.0,,38,36,26.5,,
00-0005180,Jay Fiedler,QB,MIA,2001,14,28,16,-14.8,6,,4,0,0,0.0,0.0,0.0,15,16,1.3,,
00-0005180,Jay Fiedler,QB,MIA,2001,15,37,21,17.54,2,,3,0,0,0.0,0.0,,19,17,18.1,,
00-0005180,Jay Fiedler,QB,MIA,2001,16,29,16,-0.411,3,,4,0,0,0.0,0.0,0.0,20,23,14.9,,
00-0005180,Jay Fiedler,QB,MIA,2001,17,16,9,-1.862,3,,7,0,0,0.0,0.0,,43,33,16.8,,
00-0005231,Brian Finneran,WR,ATL,2001,3,0,0,0.0,0,,0,4,2,0.0,0.1481,,34,31,5.3,,
00-0005231,Brian Finneran,WR,ATL,2001,4,0,0,0.0,0,,0,1,1,0.0,0.0333,0.0,25,19,2.2,,
00-0005231,Brian Finneran,WR,ATL,2001,5,0,0,0.0,0,,0,2,1,0.0,0.0556,0.0,24,22,11.7,,
00-0005231,Brian Finneran,WR,ATL,2001,6,0,0,0.0,0,,0,2,1,0.0,0.0952,0.0,30,26,1.7,,
00-0005231,Brian Finneran,WR,ATL,2001,8,0,0,0.0,0,,0,5,1,0.0,0.1724,0.0,19,16,6.0,,
00-0005231,Brian Finneran,WR,ATL,2001,10,0,0,0.0,0,,0,2,2,0.0,0.04,0.0,25,23,10.4,,
00-0005231,Brian Finneran,WR,ATL,2001,12,0,0,0.0,0,,0,1,0,0.0,0.0278,0.0,30,21,0.0,,
00-0005231,Brian Finneran,WR,ATL,2001,13,0,0,0.0,0,,0,7,6,0.0,0.2188,0.0,21,13,15.2,,
00-0005231,Brian Finneran,WR,ATL,2001,14,0,0,0.0,0,,0,4,2,0.0,0.1,,19,14,11.6,,
00-0005231,Brian Finneran,WR,ATL,2001,15,0,0,0.0,0,,0,7,5,0.0,0.1842,,29,28,14.3,,
00-0005231,Brian Finneran,WR,ATL,2001,16,0,0,0.0,0,,0,2,1,14,0.0645,0.6364,37,23,6.2,,
00-0005231,Brian Finneran,WR,ATL,2001,17,0,0,0.0,0,,0,4,1,0.0,0.1333,0.0,21,15,5.5,,
00-0005324,Terrell Fletcher,RB,LAC,2001,1,0,0,0.0,0,,4,1,1,0.0,0.0556,0.0,46,45,2.7,,
00-0005324,Terrell Fletcher,RB,LAC,2001,2,0,0,0.0,0,,4,1,0,0.0,0.027,,38,35,0.9,,
00-0005324,Terrell Fletcher,RB,LAC,2001,3,0,0,0.0,0,,8,1,1,0.0,0.0526,,35,34,4.4,,
00-0005324,Terrell Fletcher,RB,LAC,2001,4,0,0,0.0,0,,1,3,1,0.0,0.0833,,26,25,2.2,,
00-0005324,Terrell Fletcher,RB,LAC,2001,5,0,0,0.0,0,,1,2,2,0.0,0.0625,,28,31,4.2,,
00-0005324,Terrell Fletcher,RB,LAC,2001,6,0,0,0.0,0,,2,5,4,0.0,0.1562,0.0,32,32,6.9,,
00-0005324,Terrell Fletcher,RB,LAC,2001,7,0,0,0.0,0,,2,5,4,0.0,0.1562,,20,23,9.1,,
00-0005324,Terrell Fletcher,RB,LAC,2001,8,0,0,0.0,0,,3,4,4,0.0,0.0952,0.0,20,22,7.5,,
00-0005324,Terrell Fletcher,RB,LAC,2001,9,0,0,0.0,0,,1,3,2,0.0,0.1,0.0,17,20,5.1,,
00-0005324,Terrell Fletcher,RB,LAC,2001,10,0,0,0.0,0,,2,3,3,0.0,0.1154,0.0,29,30,5.4,,
00-0005324,Terrell Fletcher,RB,LAC,2001,12,0,0,0.0,0,,1,0,0,0.0,0.0,0.0,27,30,-0.2,,
00-0005324,Terrell Fletcher,RB,LAC,2001,13,0,0,0.0,0,,0,1,1,0.0,0.0227,0.0,27,24,1.9,,
00-0005363,Doug Flutie,QB,LAC,2001,1,18,10,-0.726,1,,4,0,0,0.0,0.0,0.0,46,45,1.2,,
00-0005363,Doug Flutie,QB,LAC,2001,2,38,23,21.575,1,,6,0,0,0.0,0.0,,38,35,23.4,,
00-0005363,Doug Flutie,QB,LAC,2001,3,19,12,3.565,2,,5,0,0,0.0,0.0,,35,34,9.6,,
00-0005363,Doug Flutie,QB,LAC,2001,4,37,17,-3.726,1,,3,0,0,0.0,0.0,,26,25,6.9,,
00-0005363,Doug Flutie,QB,LAC,2001,5,32,20,9.053,1,,2,0,0,0.0,0.0,,28,31,14.9,,
00-0005363,Doug Flutie,QB,LAC,2001,6,32,21,10.092,3,,4,0,0,0.0,0.0,0.0,32,32,18.2,,
00-0005363,Doug Flutie,QB,LAC,2001,7,33,21,4.831,1,,2,0,0,0.0,0.0,,20,23,21.4,,
00-0005363,Doug Flutie,QB,LAC,2001,8,16,6,-8.351,1,,1,0,0,0.0,0.0,0.0,20,22,0.7,,
00-0005363,Doug Flutie,QB,LAC,2001,9,31,12,-11.868,1,,2,0,0,0.0,0.0,0.0,17,20,3.1,,
00-0005363,Doug Flutie,QB,LAC,2001,10,27,12,-1.113,0,,4,0,0,0.0,0.0,0.0,29,30,0.7,,
00-0005363,Doug Flutie,QB,LAC,2001,11,44,33,13.797,0,,2,0,0,0.0,0.0,,23,37,21.2,,
00-0005363,Doug Flutie,QB,LAC,2001,12,33,19,-3.096,1,,2,0,0,0.0,0.0,0.0,27,30,6.0,,
00-0005363,Doug Flutie,QB,LAC,2001,13,44,20,4.983,2,,8,0,0,0.0,0.0,0.0,27,24,18.8,,
00-0005363,Doug Flutie,QB,LAC,2001,14,37,19,-11.535,4,,4,0,0,0.0,0.0,0.0,22,24,4.2,,
00-0005363,Doug Flutie,QB,LAC,2001,15,27,15,3.657,2,,2,0,0,0.0,0.0,,29,30,17.0,,
00-0005363,Doug Flutie,QB,LAC,2001,16,53,34,3.63,4,,2,0,0,0.0,0.0,0.0,16,25,16.5,,
00-0005562,Antonio Freeman,WR,GB,2001,1,0,0,0.0,0,,0,4,2,0.0,0.1481,,29,30,3.2,,
00-0005562,Antonio Freeman,WR,GB,2001,2,0,0,0.0,0,,0,6,4,17,0.1935,1.0,40,42,13.7,,
00-0005562,Antonio Freeman,WR,GB,2001,3,0,0,0.0,0,,0,8,2,0.0,0.2105,0.0,31,35,6.5,,
00-0005562,Antonio Freeman,WR,GB,2001,4,0,0,0.0,0,,1,2,1,0.0,0.0588,0.0,22,26,1.1,,
00-0005562,Antonio Freeman,WR,GB,2001,5,0,0,0.0,0,,0,11,9,0.0,0.3235,,24,28,28.8,,
00-0005562,Antonio Freeman,WR,GB,2001,6,0,0,0.0,0,,0,8,5,0.0,0.2353,0.0,15,19,10.7,,
00-0005562,Antonio Freeman,WR,GB,2001,8,0,0,0.0,0,,0,8,4,3,0.2963,0.2727,29,31,16.5,,
00-0005562,Antonio Freeman,WR,GB,2001,9,0,0,0.0,0,,0,9,4,0.0,0.2812,0.0,23,24,16.8,,
00-0005562,Antonio Freeman,WR,GB,2001,10,0,0,0.0,0,,0,8,2,0.0,0.2759,0.0,19,25,12.5,,
00-0005562,Antonio Freeman,WR,GB,2001,11,0,0,0.0,0,,0,7,6,0.0,0.2692,,27,31,14.9,,
00-0005562,Antonio Freeman,WR,GB,2001,12,0,0,0.0,0,,0,7,3,0.0,0.0814,0.0,44,51,13.4,,
00-0005562,Antonio Freeman,WR,GB,2001,13,0,0,0.0,0,,0,7,2,11,0.2593,1.0,36,37,11.6,,
00-0005562,Antonio Freeman,WR,GB,2001,14,0,0,0.0,0,,0,5,2,0.0,0.1389,-0.0,15,13,6.2,,
00-0005562,Antonio Freeman,WR,GB,2001,15,0,0,0.0,0,,0,6,2,0.0,0.2143,,33,35,4.4,,
00-0005562,Antonio Freeman,WR,GB,2001,16,0,0,0.0,0,,0,6,3,0.0,0.2069,,20,21,7.3,,
00-0005562,Antonio Freeman,WR,GB,2001,17,0,0,0.0,0,,0,6,1,0.0,0.2069,,26,26,3.7,,
00-0005589,Gus Frerotte,QB,DEN,2001,2,0,0,0.0,0,,4,0,0,0.0,0.0,,37,33,-0.1,,
00-0005589,Gus Frerotte,QB,DEN,2001,8,6,4,5.534,0,,0,0,0,0.0,0.0,0.0,23,25,6.0,,
00-0005589,Gus Frerotte,QB,DEN,2001,13,20,10,-5.105,2,,2,0,0,0.0,0.0,0.0,28,27,4.9,,
00-0005589,Gus Frerotte,QB,DEN,2001,14,22,16,11.304,1,,4,0,0,0.0,0.0,,34,26,18.4,,
00-0005620,Chris Fuamatu-Ma'afala,RB,PIT,2001,1,0,0,0.0,0,,0,2,1,0.0,0.0328,0.0,57,51,1.7,,
00-0005620,Chris Fuamatu-Ma'afala,RB,PIT,2001,3,0,0,0.0,0,,1,2,2,0.0,0.0909,,31,29,10.4,,
00-0005620,Chris Fuamatu-Ma'afala,RB,PIT,2001,7,0,0,0.0,0,,3,0,0,0.0,0.0,,39,29,0.9,,
00-0005620,Chris Fuamatu-Ma'afala,RB,PIT,2001,8,0,0,0.0,0,,3,3,2,0.0,0.0833,,35,29,3.1,,
00-0005620,Chris Fuamatu-Ma'afala,RB,PIT,2001,9,0,0,0.0,0,,1,0,0,0.0,0.0,,41,38,-0.1,,
00-0005620,Chris Fuamatu-Ma'afala,RB,PIT,2001,10,0,0,0.0,0,,1,1,0,0.0,0.0312,,34,29,0.1,,
00-0005620,Chris Fuamatu-Ma'afala,RB,PIT,2001,11,0,0,0.0,0,,1,0,0,0.0,0.0,,31,25,0.1,,
00-0005620,Chris Fuamatu-Ma'afala,RB,PIT,2001,12,0,0,0.0,0,,12,0,0,0.0,0.0,0.0,46,38,7.4,,
00-0005620,Chris Fuamatu-Ma'afala,RB,PIT,2001,13,0,0,0.0,0,,21,1,1,0.0,0.0286,,39,29,11.2,,
00-0005620,Chris Fuamatu-Ma'afala,RB,PIT,2001,14,0,0,0.0,0,,9,2,1,0.0,0.0645,,39,27,2.5,,
00-0005620,Chris Fuamatu-Ma'afala,RB,PIT,2001,15,0,0,0.0,0,,26,2,2,0.0,0.0769,,43,37,19.9,,
00-0005620,Chris Fuamatu-Ma'afala,RB,PIT,2001,16,0,0,0.0,0,,25,5,5,0.0,0.1515,0.0,27,30,21.5,,
00-0005620,Chris Fuamatu-Ma'afala,RB,PIT,2001,17,0,0,0.0,0,,17,2,2,0.0,0.0833,0.0,36,31,19.3,,
00-0005668,Oronde Gadsden,WR,MIA,2001,1,0,0,0.0,0,,0,7,4,0.0,0.35,,33,30,17.4,,
00-0005668,Oronde Gadsden,WR,MIA,2001,2,0,0,0.0,0,,0,10,5,0.0,0.303,0.0,34,28,12.0,,
00-0005668,Oronde Gadsden,WR,MIA,2001,3,0,0,0.0,0,,0,6,3,0.0,0.2222,0.0,25,27,5.9,,
00-0005668,Oronde Gadsden,WR,MIA,2001,4,0,0,0.0,0,,0,6,2,5,0.2857,1.0,44,40,4.1,,
00-0005668,Oronde Gadsden,WR,MIA,2001,5,0,0,0.0,0,,0,7,6,6,0.2059,0.1463,29,33,13.3,,
00-0005668,Oronde Gadsden,WR,MIA,2001,7,0,0,0.0,0,,0,2,1,0.0,0.0952,0.0,34,24,2.5,,
00-0005668,Oronde Gadsden,WR,MIA,2001,8,0,0,0.0,0,,0,8,5,0.0,0.2424,0.0,29,24,15.2,,
00-0005668,Oronde Gadsden,WR,MIA,2001,9,0,0,0.0,0,,0,10,6,8,0.3333,0.8,28,27,13.1,,
00-0005668,Oronde Gadsden,WR,MIA,2001,10,0,0,0.0,0,,0,5,3,0.0,0.1389,0.0,30,32,6.4,,
00-0005668,Oronde Gadsden,WR,MIA,2001,11,0,0,0.0,0,,0,10,8,0.0,0.3226,,30,27,17.6,,
00-0005668,Oronde Gadsden,WR,MIA,2001,12,0,0,0.0,0,,0,4,2,0.0,0.1429,,22,23,3.1,,
00-0005668,Oronde Gadsden,WR,MIA,2001,13,0,0,0.0,0,,0,5,4,0.0,0.1923,,38,36,12.7,,
00-0005668,Oronde Gadsden,WR,MIA,2001,14,0,0,0.0,0,,0,5,3,0.0,0.1852,0.0,15,16,4.6,,
00-0005668,Oronde Gadsden,WR,MIA,2001,16,0,0,0.0,0,,0,7,3,0.0,0.2414,0.0,20,23,10.5,,
00-0005720,Joey Galloway,WR,DAL,2001,1,0,0,0.0,0,,0,10,6,20,0.5263,0.4167,23,18,7.8,,
00-0005720,Joey Galloway,WR,DAL,2001,2,0,0,0.0,0,,0,6,2,58,0.25,0.8923,26,20,5.3,,
00-0005720,Joey Galloway,WR,DAL,2001,3,0,0,0.0,0,,0,7,0,16,0.2333,1.0,30,32,0.0,,
00-0005720,Joey Galloway,WR,DAL,2001,4,0,0,0.0,0,,1,6,2,0.0,0.2308,,30,24,14.9,,
00-0005720,Joey Galloway,WR,DAL,2001,5,0,0,0.0,0,,0,7,4,16,0.2692,1.0,45,39,9.1,,
00-0005720,Joey Galloway,WR,DAL,2001,7,0,0,0.0,0,,0,7,3,39,0.3889,1.0,34,28,5.8,,
00-0005720,Joey Galloway,WR,DAL,2001,8,0,0,0.0,0,,0,10,4,15,0.3226,0.2419,32,33,17.3,,
00-0005720,Joey Galloway,WR,DAL,2001,9,0,0,0.0,0,,0,3,1,0.0,0.15,0.0,33,29,1.9,,
00-0005720,Joey Galloway,WR,DAL,2001,10,0,0,0.0,0,,2,5,2,0.0,0.2083,0.0,23,22,6.2,,
00-0005720,Joey Galloway,WR,DAL,2001,11,1,1,-1.272,0,,0,10,6,0.0,0.3125,,16,19,12.4,,
00-0005720,Joey Galloway,WR,DAL,2001,12,0,0,0.0,0,,0,2,1,0.0,0.1538,0.0,45,38,2.3,,
00-0005720,Joey Galloway,WR,DAL,2001,13,0,0,0.0,0,,0,4,2,0.0,0.16,,36,32,3.7,,
00-0005720,Joey Galloway,WR,DAL,2001,14,0,0,0.0,0,,0,13,7,5,0.3939,1.0,21,14,15.2,,
00-0005720,Joey Galloway,WR,DAL,2001,15,0,0,0.0,0,,0,3,3,0.0,0.1154,0.0,40,38,5.8,,
00-0005720,Joey Galloway,WR,DAL,2001,16,0,0,0.0,0,,0,11,6,0.0,0.44,,44,37,26.6,,
00-0005720,Joey Galloway,WR,DAL,2001,17,0,0,0.0,0,,0,8,3,0.0,0.3077,0.0,27,24,8.8,,
00-0005741,Rich Gannon,QB,LV,2001,1,46,31,0.078,2,,1,0,0,0.0,0.0,0.0,28,35,18.5,,
00-0005741,Rich Gannon,QB,LV,2001,2,25,14,-7.041,1,,3,0,0,0.0,0.0,,26,32,6.4,,
00-0005741,Rich Gannon,QB,LV,2001,3,28,19,8.062,1,,2,0,0,0.0,0.0,,25,27,25.8,,
00-0005741,Rich Gannon,QB,LV,2001,4,28,21,14.334,1,,8,0,0,0.0,0.0,,34,29,11.1,,
00-0005741,Rich Gannon,QB,LV,2001,5,32,18,5.775,3,,7,0,0,0.0,0.0,,30,28,9.3,,
00-0005741,Rich Gannon,QB,LV,2001,7,26,17,0.691,1,,3,0,0,0.0,0.0,,47,47,7.9,,
00-0005741,Rich Gannon,QB,LV,2001,8,34,25,19.759,0,,9,0,0,0.0,0.0,,30,26,24.1,,
00-0005741,Rich Gannon,QB,LV,2001,9,38,24,11.65,2,,3,0,0,0.0,0.0,,18,22,21.1,,
00-0005741,Rich Gannon,QB,LV,2001,10,38,25,13.694,4,,2,0,0,0.0,0.0,0.0,28,32,27.9,,
00-0005741,Rich Gannon,QB,LV,2001,11,20,13,15.946,1,,3,0,0,0.0,0.0,,32,32,21.7,,
00-0005741,Rich Gannon,QB,LV,2001,12,45,29,8.969,1,,7,0,0,0.0,0.0,0.0,32,32,23.1,,
00-0005741,Rich Gannon,QB,LV,2001,13,24,18,4.559,2,,9,0,0,0.0,0.0,0.0,26,21,16.4,,
00-0005741,Rich Gannon,QB,LV,2001,14,28,20,5.997,2,,3,0,0,0.0,0.0,0.0,27,29,11.9,,
00-0005741,Rich Gannon,QB,LV,2001,15,50,29,-2.389,2,,2,0,0,0.0,0.0,0.0,21,29,13.1,,
00-0005741,Rich Gannon,QB,LV,2001,16,49,35,0.544,3,,0,0,0,0.0,0.0,0.0,16,25,14.5,,
00-0005741,Rich Gannon,QB,LV,2001,17,38,23,-2.379,1,,1,0,0,0.0,0.0,,30,37,13.4,,
00-0005755,Jeff Garcia,QB,SF,2001,1,40,26,5.989,2,,5,0,0,0.0,0.0,0.0,28,25,19.2,,
00-0005755,Jeff Garcia,QB,SF,2001,2,34,19,-6.232,1,,7,0,0,0.0,0.0,0.0,25,23,17.3,,
00-0005755,Jeff Garcia,QB,SF,2001,3,20,16,8.213,2,,8,0,0,0.0,0.0,,43,37,11.4,,
00-0005755,Jeff Garcia,QB,SF,2001,4,31,17,2.947,1,,3,0,0,0.0,0.0,0.0,35,36,22.5,,
00-0005755,Jeff Garcia,QB,SF,2001,5,41,27,21.673,1,,14,0,0,0.0,0.0,,35,26,36.3,,
00-0005755,Jeff Garcia,QB,SF,2001,7,29,21,5.311,3,,7,0,0,0.0,0.0,0.0,28,25,17.0,,
00-0005755,Jeff Garcia,QB,SF,2001,8,35,26,5.495,2,,5,0,0,0.0,0.0,0.0,35,33,18.5,,
00-0005755,Jeff Garcia,QB,SF,2001,9,34,21,15.972,1,,4,0,0,0.0,0.0,,26,27,25.5,,
00-0005755,Jeff Garcia,QB,SF,2001,10,54,34,9.388,3,,1,0,0,0.0,0.0,0.0,26,33,22.3,,
00-0005755,Jeff Garcia,QB,SF,2001,11,22,14,-1.983,3,,0,0,0,0.0,0.0,0.0,23,21,13.2,,
00-0005755,Jeff Garcia,QB,SF,2001,12,27,19,5.934,2,,4,0,0,0.0,0.0,,43,36,17.4,,
00-0005755,Jeff Garcia,QB,SF,2001,13,36,13,-13.574,1,,1,0,0,0.0,0.0,0.0,23,21,7.9,,
00-0005755,Jeff Garcia,QB,SF,2001,14,20,14,8.643,0,,3,0,0,0.0,0.0,,50,47,8.5,,
00-0005755,Jeff Garcia,QB,SF,2001,15,24,14,-1.667,2,,6,0,0,0.0,0.0,,30,27,11.3,,
00-0005755,Jeff Garcia,QB,SF,2001,16,36,21,8.762,0,,1,0,0,0.0,0.0,,18,21,23.8,,
00-0005755,Jeff Garcia,QB,SF,2001,17,21,14,13.238,2,,3,0,0,0.0,0.0,,41,40,24.8,,
00-0005779,Charlie Garner,RB,LV,2001,1,0,0,0.0,0,,12,6,4,0.0,0.1463,0.0,28,35,9.8,,
00-0005779,Charlie Garner,RB,LV,2001,2,0,0,0.0,0,,7,9,6,0.0,0.36,,26,32,16.5,,
00-0005779,Charlie Garner,RB,LV,2001,3,0,0,0.0,0,,7,5,3,0.0,0.1562,,25,27,7.8,,
00-0005779,Charlie Garner,RB,LV,2001,4,0,0,0.0,0,,12,4,2,0.0,0.1429,,34,29,8.8,,
00-0005779,Charlie Garner,RB,LV,2001,5,0,0,0.0,0,,15,4,4,0.0,0.125,,30,28,12.3,,
00-0005779,Charlie Garner,RB,LV,2001,7,0,0,0.0,0,,21,3,3,0.0,0.1154,,47,47,18.5,,
00-0005779,Charlie Garner,RB,LV,2001,8,0,0,0.0,0,,10,4,4,0.0,0.1212,,30,26,11.3,,
00-0005779,Charlie Garner,RB,LV,2001,9,0,0,0.0,0,,13,4,4,0.0,0.1111,,18,22,12.4,,
00-0005779,Charlie Garner,RB,LV,2001,10,0,0,0.0,0,,18,5,4,0.0,0.1316,0.0,28,32,14.0,,
00-0005779,Charlie Garner,RB,LV,2001,11,0,0,0.0,0,,14,4,3,0.0,0.2,,32,32,19.6,,
00-0005779,Charlie Garner,RB,LV,2001,12,0,0,0.0,0,,15,7,5,0.0,0.1556,0.0,32,32,13.7,,
00-0005779,Charlie Garner,RB,LV,2001,13,0,0,0.0,0,,10,3,3,0.0,0.125,0.0,26,21,8.1,,
00-0005779,Charlie Garner,RB,LV,2001,14,0,0,0.0,0,,19,5,4,0.0,0.1786,0.0,27,29,13.3,,
00-0005779,Charlie Garner,RB,LV,2001,15,0,0,0.0,0,,10,10,9,0.0,0.2174,0.0,21,29,21.9,,
00-0005779,Charlie Garner,RB,LV,2001,16,0,0,0.0,0,,9,11,9,0.0,0.234,0.0,16,25,23.2,,
00-0005779,Charlie Garner,RB,LV,2001,17,0,0,0.0,0,,19,7,5,0.0,0.1892,,30,37,16.5,,
00-0005816,Olandis Gary,RB,DEN,2001,2,0,0,0.0,0,,14,0,0,0.0,0.0,,37,33,15.0,,
00-0005816,Olandis Gary,RB,DEN,2001,3,0,0,0.0,0,,6,1,1,0.0,0.0303,0.0,24,19,3.1,,
00-0005816,Olandis Gary,RB,DEN,2001,4,0,0,0.0,0,,9,0,0,0.0,0.0,0.0,39,31,2.8,,
00-0005816,Olandis Gary,RB,DEN,2001,5,0,0,0.0,0,,1,0,0,0.0,0.0,0.0,20,22,0.3,,
00-0005816,Olandis Gary,RB,DEN,2001,6,0,0,0.0,0,,5,3,2,0.0,0.0769,0.0,21,19,5.6,,
00-0005816,Olandis Gary,RB,DEN,2001,7,0,0,0.0,0,,10,0,0,0.0,0.0,0.0,29,24,3.7,,
00-0005816,Olandis Gary,RB,DEN,2001,10,0,0,0.0,0,,10,0,0,0.0,0.0,,27,24,2.8,,
00-0005816,Olandis Gary,RB,DEN,2001,11,0,0,0.0,0,,2,1,1,0.0,0.0345,0.0,39,38,2.4,,
00-0005883,Eddie George,RB,TEN,2001,1,0,0,0.0,0,,18,4,2,0.0,0.1026,0.0,25,20,8.7,,
00-0005883,Eddie George,RB,TEN,2001,2,0,0,0.0,0,,20,3,3,0.0,0.0476,,52,53,12.6,,
00-0005883,Eddie George,RB,TEN,2001,4,0,0,0.0,0,,13,6,5,0.0,0.1875,0.0,17,20,10.1,,
00-0005883,Eddie George,RB,TEN,2001,5,0,0,0.0,0,,29,3,3,0.0,0.1154,0.0,41,37,22.2,,
00-0005883,Eddie George,RB,TEN,2001,6,0,0,0.0,0,,26,2,1,0.0,0.0571,0.0,33,28,7.0,,
00-0005883,Eddie George,RB,TEN,2001,7,0,0,0.0,0,,10,2,2,0.0,0.087,0.0,24,22,2.7,,
00-0005883,Eddie George,RB,TEN,2001,8,0,0,0.0,0,,22,7,6,0.0,0.2059,,33,30,17.5,,
00-0005883,Eddie George,RB,TEN,2001,9,0,0,0.0,0,,22,4,3,0.0,0.0851,0.0,28,25,10.2,,
00-0005883,Eddie George,RB,TEN,2001,10,0,0,0.0,0,,23,2,1,9,0.08,1.0,31,29,5.5,,
00-0005883,Eddie George,RB,TEN,2001,11,0,0,0.0,0,,15,4,2,7,0.1081,1.1667,21,18,9.4,,
00-0005883,Eddie George,RB,TEN,2001,12,0,0,0.0,0,,23,0,0,0.0,0.0,,39,33,11.1,,
00-0005883,Eddie George,RB,TEN,2001,13,0,0,0.0,0,,21,2,1,0.0,0.0571,,29,28,14.6,,
00-0005883,Eddie George,RB,TEN,2001,14,0,0,0.0,0,,15,4,3,0.0,0.1143,,34,39,6.6,,
00-0005883,Eddie George,RB,TEN,2001,15,0,0,0.0,0,,11,3,2,0.0,0.1111,0.0,33,32,5.8,,
00-0005883,Eddie George,RB,TEN,2001,16,0,0,0.0,0,,26,2,2,0.0,0.087,0.0,35,32,27.0,,
00-0005883,Eddie George,RB,TEN,2001,17,0,0,0.0,0,,21,2,1,0.0,0.0625,,23,22,5.8,,
00-0005885,Jeff George,QB,WAS,2001,1,18,8,-10.268,1,,3,0,0,0.0,0.0,0.0,19,18,-3.3,,
00-0005885,Jeff George,QB,WAS,2001,2,24,15,-13.312,5,,1,0,0,0.0,0.0,0.0,15,16,2.0,,
00-0005903,Jammi German,WR,CLE,2001,3,0,0,0.0,0,,0,3,3,0.0,0.0423,0.0,55,59,6.4,,
00-0005903,Jammi German,WR,CLE,2001,4,0,0,0.0,0,,0,2,1,0.0,0.0769,,31,29,1.8,,
00-0005903,Jammi German,WR,CLE,2001,9,0,0,0.0,0,,0,3,3,0.0,0.0909,,23,21,5.3,,
00-0005903,Jammi German,WR,CLE,2001,10,0,0,0.0,0,,0,1,0,0.0,0.0333,0.0,30,32,0.0,,
00-0005932,Damon Gibson,WR,JAX,2001,8,0,0,0.0,0,,0,1,1,0.0,0.0333,0.0,17,18,1.9,,
00-0005932,Damon Gibson,WR,JAX,2001,15,0,0,0.0,0,,1,1,0,0.0,0.0417,,37,37,1.8,,
00-0005932,Damon Gibson,WR,KC,2001,16,0,0,0.0,0,,1,1,1,0.0,0.0141,0.0,57,58,1.5,,
00-0006043,Terry Glenn,WR,NE,2001,5,0,0,0.0,0,,0,14,7,0.0,0.2593,,24,23,24.0,,
00-0006043,Terry Glenn,WR,NE,2001,13,0,0,0.0,0,,0,4,4,0.0,0.1481,0.0,33,27,10.7,,
00-0006043,Terry Glenn,WR,NE,2001,14,0,0,0.0,0,,0,6,3,37,0.1765,1.0,27,28,5.7,,
00-0006101,Tony Gonzalez,TE,KC,2001,1,0,0,0.0,0,,0,9,5,0.0,0.25,0.0,17,9,13.1,,
00-0006101,Tony Gonzalez,TE,KC,2001,2,0,0,0.0,0,,0,7,5,0.0,0.2121,0.0,20,11,9.3,,
00-0006101,Tony Gonzalez,TE,KC,2001,3,0,0,0.0,0,,0,6,5,0.0,0.2,,38,28,19.8,,
00-0006101,Tony Gonzalez,TE,KC,2001,4,0,0,0.0,0,,0,11,8,21,0.2821,0.2471,17,24,20.9,,
00-0006101,Tony Gonzalez,TE,KC,2001,5,0,0,0.0,0,,0,8,5,0.0,0.25,0.0,24,25,11.6,,
00-0006101,Tony Gonzalez,TE,KC,2001,6,0,0,0.0,0,,0,9,4,20,0.2195,0.9091,20,18,9.8,,
00-0006101,Tony Gonzalez,TE,KC,2001,7,0,0,0.0,0,,0,3,3,0.0,0.0714,0.0,23,18,16.5,,
00-0006101,Tony Gonzalez,TE,KC,2001,8,1,1,2.656,0,,0,8,4,0.0,0.3077,0.0,39,31,9.8,,
00-0006101,Tony Gonzalez,TE,KC,2001,9,0,0,0.0,0,,0,8,5,20,0.2667,0.8333,26,21,15.3,,
00-0006101,Tony Gonzalez,TE,KC,2001,11,0,0,0.0,0,,0,8,6,0.0,0.32,,44,34,13.1,,
00-0006101,Tony Gonzalez,TE,KC,2001,12,0,0,0.0,0,,0,10,4,0.0,0.2857,0.0,20,26,6.8,,
00-0006101,Tony Gonzalez,TE,KC,2001,13,0,0,0.0,0,,0,10,4,0.0,0.3125,0.0,36,34,15.1,,
00-0006101,Tony Gonzalez,TE,KC,2001,14,0,0,0.0,0,,0,3,3,0.0,0.15,0.0,33,30,8.3,,
00-0006101,Tony Gonzalez,TE,KC,2001,15,0,0,0.0,0,,0,5,2,0.0,0.1852,0.0,32,26,4.2,,
00-0006101,Tony Gonzalez,TE,KC,2001,16,0,0,0.0,0,,1,11,8,26,0.1549,0.9286,57,58,28.7,,
00-0006101,Tony Gonzalez,TE,KC,2001,17,0,0,0.0,0,,0,2,2,0.0,0.0625,0.0,28,29,2.9,,
00-0006133,Hunter Goodwin,TE,MIA,2001,5,0,0,0.0,0,,0,4,2,0.0,0.1176,0.0,29,33,3.4,,
00-0006133,Hunter Goodwin,TE,MIA,2001,7,0,0,0.0,0,,0,1,0,0.0,0.0476,0.0,34,24,0.0,,
00-0006133,Hunter Goodwin,TE,MIA,2001,8,0,0,0.0,0,,0,2,1,0.0,0.0606,0.0,29,24,1.7,,
00-0006133,Hunter Goodwin,TE,MIA,2001,10,0,0,0.0,0,,0,1,1,0.0,0.0278,0.0,30,32,1.6,,
00-0006133,Hunter Goodwin,TE,MIA,2001,15,0,0,0.0,0,,0,1,0,0.0,0.027,,19,17,0.0,,
00-0006133,Hunter Goodwin,TE,MIA,2001,17,0,0,0.0,0,,0,1,0,0.0,0.0625,,43,33,0.0,,
00-0006208,Jay Graham,RB,SEA,2001,5,0,0,0.0,0,,2,0,0,0.0,0.0,,40,37,0.8,,
00-0006208,Jay Graham,RB,SEA,2001,7,0,0,0.0,0,,1,0,0,0.0,0.0,,30,25,-0.2,,
00-0006208,Jay Graham,RB,SEA,2001,9,0,0,0.0,0,,1,1,1,0.0,0.0435,,42,38,3.5,,
00-0006208,Jay Graham,RB,SEA,2001,17,0,0,0.0,0,,8,0,0,0.0,0.0,0.0,33,34,1.8,,
00-0006210,Jeff Graham,WR,LAC,2001,1,0,0,0.0,0,,0,1,0,49,0.0556,0.8033,46,45,0.0,,
00-0006210,Jeff Graham,WR,LAC,2001,2,0,0,0.0,0,,0,9,6,0.0,0.2432,,38,35,15.4,,
00-0006210,Jeff Graham,WR,LAC,2001,3,0,0,0.0,0,,0,4,3,0.0,0.2105,,35,34,7.9,,
00-0006210,Jeff Graham,WR,LAC,2001,4,0,0,0.0,0,,0,11,5,0.0,0.3056,,26,25,9.9,,
00-0006210,Jeff Graham,WR,LAC,2001,5,0,0,0.0,0,,0,9,4,0.0,0.2812,,28,31,8.3,,
00-0006210,Jeff Graham,WR,LAC,2001,6,0,0,0.0,0,,0,11,7,6,0.3438,1.0,32,32,29.7,,
00-0006210,Jeff Graham,WR,LAC,2001,7,0,0,0.0,0,,0,6,3,0.0,0.1875,,20,23,7.4,,
00-0006210,Jeff Graham,WR,LAC,2001,8,0,0,0.0,0,,0,8,5,0.0,0.1905,0.0,20,22,14.4,,
00-0006210,Jeff Graham,WR,LAC,2001,9,0,0,0.0,0,,0,6,0,11,0.2,0.1325,17,20,0.0,,
00-0006210,Jeff Graham,WR,LAC,2001,10,0,0,0.0,0,,0,8,1,53,0.3077,1.0,29,30,2.6,,
00-0006210,Jeff Graham,WR,LAC,2001,11,0,0,0.0,0,,0,11,7,0.0,0.25,,23,37,22.8,,
00-0006210,Jeff Graham,WR,LAC,2001,12,0,0,0.0,0,,0,7,2,0.0,0.2121,0.0,27,30,3.6,,
00-0006210,Jeff Graham,WR,LAC,2001,13,0,0,0.0,0,,0,8,5,37,0.1818,0.6727,27,24,28.0,,
00-0006210,Jeff Graham,WR,LAC,2001,14,0,0,0.0,0,,0,11,4,0.0,0.3056,0.0,22,24,11.1,,
00-0006212,Kent Graham,QB,WAS,2001,10,18,12,5.552,2,,4,0,0,0.0,0.0,,32,28,12.4,,
00-0006212,Kent Graham,QB,WAS,2001,17,1,1,1.567,0,,3,0,0,0.0,0.0,0.0,49,43,0.1,,
00-0006300,Elvis Grbac,QB,BAL,2001,1,30,24,14.817,0,,6,0,0,0.0,0.0,,30,26,15.4,,
00-0006300,Elvis Grbac,QB,BAL,2001,2,63,33,-13.747,2,,1,0,0,0.0,0.0,0.0,20,29,9.0,,
00-0006300,Elvis Grbac,QB,BAL,2001,3,30,17,3.19,0,,5,0,0,0.0,0.0,,34,32,15.0,,
00-0006300,Elvis Grbac,QB,BAL,2001,4,31,15,3.518,1,,0,0,0,0.0,0.0,,40,42,14.4,,
00-0006300,Elvis Grbac,QB,BAL,2001,5,21,11,-5.204,1,,0,0,0,0.0,0.0,0.0,34,31,3.5,,
00-0006300,Elvis Grbac,QB,BAL,2001,6,20,16,-9.933,3,,0,0,0,0.0,0.0,0.0,27,34,-0.3,,
00-0006300,Elvis Grbac,QB,BAL,2001,9,27,15,0.958,3,,2,0,0,0.0,0.0,0.0,24,22,10.0,,
00-0006300,Elvis Grbac,QB,BAL,2001,10,44,23,-16.805,2,,0,0,0,0.0,0.0,0.0,27,28,8.4,,
00-0006300,Elvis Grbac,QB,BAL,2001,11,30,21,15.321,2,,1,0,0,0.0,0.0,0.0,61,69,12.6,,
00-0006300,Elvis Grbac,QB,BAL,2001,12,39,23,4.279,0,,1,0,0,0.0,0.0,0.0,31,34,16.8,,
00-0006300,Elvis Grbac,QB,BAL,2001,14,38,20,-5.216,2,,2,0,0,0.0,0.0,0.0,13,16,18.6,,
00-0006300,Elvis Grbac,QB,BAL,2001,15,30,16,-10.574,5,,2,0,0,0.0,0.0,,35,33,5.0,,
00-0006300,Elvis Grbac,QB,BAL,2001,16,37,21,-13.941,5,,1,0,0,0.0,0.0,0.0,27,31,8.3,,
00-0006300,Elvis Grbac,QB,BAL,2001,17,27,10,-5.073,2,,0,0,0,0.0,0.0,,42,41,6.4,,
00-0006305,Ahman Green,RB,GB,2001,1,0,0,0.0,0,,17,5,3,0.0,0.1852,,29,30,30.7,,
00-0006305,Ahman Green,RB,GB,2001,2,0,0,0.0,0,,25,9,6,0.0,0.2903,0.0,40,42,20.6,,
00-0006305,Ahman Green,RB,GB,2001,3,0,0,0.0,0,,19,8,6,5,0.2105,0.2381,31,35,18.8,,
00-0006305,Ahman Green,RB,GB,2001,4,0,0,0.0,0,,15,7,7,0.0,0.2059,0.0,22,26,19.4,,
00-0006305,Ahman Green,RB,GB,2001,5,0,0,0.0,0,,20,3,2,0.0,0.0882,,24,28,13.2,,
00-0006305,Ahman Green,RB,GB,2001,6,0,0,0.0,0,,11,6,5,0.0,0.1765,0.0,15,19,15.9,,
00-0006305,Ahman Green,RB,GB,2001,8,0,0,0.0,0,,24,6,6,0.0,0.2222,0.0,29,31,31.8,,
00-0006305,Ahman Green,RB,GB,2001,9,0,0,0.0,0,,18,3,2,0.0,0.0938,0.0,23,24,11.0,,
00-0006305,Ahman Green,RB,GB,2001,10,0,0,0.0,0,,17,5,5,0.0,0.1724,0.0,19,25,14.9,,
00-0006305,Ahman Green,RB,GB,2001,11,0,0,0.0,0,,22,3,2,0.0,0.1154,,27,31,29.0,,
00-0006305,Ahman Green,RB,GB,2001,12,0,0,0.0,0,,17,7,5,0.0,0.0814,0.0,44,51,21.5,,
00-0006305,Ahman Green,RB,GB,2001,13,0,0,0.0,0,,29,4,2,0.0,0.1481,0.0,36,37,25.4,,
00-0006305,Ahman Green,RB,GB,2001,14,0,0,0.0,0,,10,4,3,-2,0.1111,1.0,15,13,6.3,,
00-0006305,Ahman Green,RB,GB,2001,15,0,0,0.0,0,,21,3,3,0.0,0.1071,,33,35,19.8,,
00-0006305,Ahman Green,RB,GB,2001,16,0,0,0.0,0,,16,4,3,0.0,0.1379,,20,21,13.8,,
00-0006305,Ahman Green,RB,GB,2001,17,0,0,0.0,0,,23,5,2,0.0,0.1724,,26,26,26.0,,
00-0006331,Jacquez Green,WR,TB,2001,1,0,0,0.0,0,,0,9,8,0.0,0.2727,0.0,33,29,15.5,,
00-0006331,Jacquez Green,WR,TB,2001,3,0,0,0.0,0,,0,5,3,0.0,0.1515,0.0,16,19,8.4,,
00-0006331,Jacquez Green,WR,TB,2001,4,0,0,0.0,0,,0,1,1,0.0,0.0357,,19,7,2.1,,
00-0006331,Jacquez Green,WR,TB,2001,5,0,0,0.0,0,,0,10,6,18,0.2083,1.0,17,17,19.2,,
00-0006331,Jacquez Green,WR,TB,2001,6,0,0,0.0,0,,0,5,4,0.0,0.125,0.0,19,15,8.4,,
00-0006331,Jacquez Green,WR,TB,2001,11,0,0,0.0,0,,0,2,1,0.0,0.0588,0.0,31,20,2.3,,
00-0006331,Jacquez Green,WR,TB,2001,12,0,0,0.0,0,,0,8,7,0.0,0.2424,,30,25,13.7,,
00-0006331,Jacquez Green,WR,TB,2001,13,0,0,0.0,0,,0,8,2,30,0.1538,0.5769,22,16,4.7,,
00-0006331,Jacquez Green,WR,TB,2001,14,0,0,0.0,0,,0,3,0,13,0.075,0.2955,18,14,0.0,,
00-0006331,Jacquez Green,WR,TB,2001,15,0,0,0.0,0,,0,2,1,0.0,0.0645,,39,20,2.4,,
00-0006331,Jacquez Green,WR,TB,2001,16,0,0,0.0,0,,0,3,2,0.0,0.1034,,31,15,3.8,,
00-0006331,Jacquez Green,WR,TB,2001,17,0,0,0.0,0,,0,3,1,0.0,0.0968,0.0,25,30,1.7,,
00-0006355,Trent Green,QB,KC,2001,1,37,16,2.977,1,,4,1,1,0.0,0.0278,0.0,17,9,9.1,,
00-0006355,Trent Green,QB,KC,2001,2,34,17,-10.103,1,,3,0,0,0.0,0.0,0.0,20,11,7.1,,
00-0006355,Trent Green,QB,KC,2001,3,26,21,23.453,1,,1,0,0,0.0,0.0,,38,28,24.5,,
00-0006355,Trent Green,QB,KC,2001,4,40,25,-10.697,4,,0,0,0,0.0,0.0,0.0,17,24,3.3,,
00-0006355,Trent Green,QB,KC,2001,5,33,16,-18.863,4,,2,0,0,0.0,0.0,0.0,24,25,6.5,,
00-0006355,Trent Green,QB,KC,2001,6,44,21,-2.082,1,,3,0,0,0.0,0.0,0.0,20,18,16.4,,
00-0006355,Trent Green,QB,KC,2001,7,43,22,-0.016,3,,3,0,0,0.0,0.0,0.0,23,18,22.9,,
00-0006355,Trent Green,QB,KC,2001,8,25,13,-7.674,2,,1,0,0,0.0,0.0,0.0,39,31,4.2,,
00-0006355,Trent Green,QB,KC,2001,9,31,16,-10.936,3,,2,0,0,0.0,0.0,0.0,26,21,1.8,,
00-0006355,Trent Green,QB,KC,2001,11,26,16,7.495,3,,4,0,0,0.0,0.0,,44,34,11.7,,
00-0006355,Trent Green,QB,KC,2001,12,35,21,-1.657,2,,0,0,0,0.0,0.0,0.0,20,26,10.5,,
00-0006355,Trent Green,QB,KC,2001,13,32,15,3.399,3,,1,0,0,0.0,0.0,0.0,36,34,16.8,,
00-0006355,Trent Green,QB,KC,2001,14,21,17,10.637,5,,1,0,0,0.0,0.0,0.0,33,30,13.6,,
00-0006355,Trent Green,QB,KC,2001,15,28,19,6.64,1,,5,0,0,0.0,0.0,0.0,32,26,11.7,,
00-0006355,Trent Green,QB,KC,2001,16,35,26,3.117,2,,2,0,0,0.0,0.0,0.0,57,58,14.0,,
00-0006355,Trent Green,QB,KC,2001,17,33,15,-3.274,3,,3,0,0,0.0,0.0,0.0,28,29,12.2,,
00-0006423,Brian Griese,QB,DEN,2001,1,29,21,18.568,0,,5,0,0,0.0,0.0,,36,28,26.0,,
00-0006423,Brian Griese,QB,DEN,2001,2,31,22,13.832,1,,0,0,0,0.0,0.0,,37,33,23.7,,
00-0006423,Brian Griese,QB,DEN,2001,3,33,17,-9.715,5,,5,0,0,0.0,0.0,0.0,24,19,9.3,,
00-0006423,Brian Griese,QB,DEN,2001,4,20,11,-5.01,2,,8,0,0,0.0,0.0,0.0,39,31,8.2,,
00-0006423,Brian Griese,QB,DEN,2001,5,36,24,-5.476,3,,2,0,0,0.0,0.0,0.0,20,22,14.2,,
00-0006423,Brian Griese,QB,DEN,2001,6,41,26,-3.834,4,,4,0,0,0.0,0.0,0.0,21,19,9.2,,
00-0006423,Brian Griese,QB,DEN,2001,7,30,19,5.543,2,,4,1,1,0.0,0.0385,0.0,29,24,15.6,,
00-0006423,Brian Griese,QB,DEN,2001,8,32,22,5.088,4,,0,0,0,0.0,0.0,0.0,23,25,14.8,,
00-0006423,Brian Griese,QB,DEN,2001,9,31,21,8.134,3,,5,0,0,0.0,0.0,,42,44,16.1,,
00-0006423,Brian Griese,QB,DEN,2001,10,31,11,-11.226,3,,4,0,0,0.0,0.0,,27,24,11.5,,
00-0006423,Brian Griese,QB,DEN,2001,11,29,17,-1.274,1,,4,0,0,0.0,0.0,0.0,39,38,8.4,,
00-0006423,Brian Griese,QB,DEN,2001,12,33,18,-10.925,1,,3,0,0,0.0,0.0,-0.0,32,35,8.7,,
00-0006423,Brian Griese,QB,DEN,2001,13,17,11,-0.885,0,,2,0,0,0.0,0.0,0.0,28,27,7.0,,
00-0006423,Brian Griese,QB,DEN,2001,16,26,19,1.685,4,,2,0,0,0.0,0.0,,25,25,16.7,,
00-0006423,Brian Griese,QB,DEN,2001,17,32,16,-21.549,5,,2,0,0,0.0,0.0,0.0,25,25,3.3,,
00-0006627,Az-Zahir Hakim,WR,LA,2001,1,0,0,0.0,0,,1,4,1,0.0,0.0952,0.0,23,29,2.0,,
00-0006627,Az-Zahir Hakim,WR,LA,2001,2,0,0,0.0,0,,0,5,1,0.0,0.1429,0.0,25,28,9.5,,
00-0006627,Az-Zahir Hakim,WR,LA,2001,3,0,0,0.0,0,,2,3,3,0.0,0.0968,,27,30,6.0,,
00-0006627,Az-Zahir Hakim,WR,LA,2001,4,0,0,0.0,0,,1,6,5,0.0,0.1667,,21,25,15.4,,
00-0006627,Az-Zahir Hakim,WR,LA,2001,5,0,0,0.0,0,,0,5,5,0.0,0.1087,0.0,16,21,11.0,,
00-0006627,Az-Zahir Hakim,WR,LA,2001,6,0,0,0.0,0,,2,6,6,0.0,0.2222,,34,27,16.9,,
00-0006627,Az-Zahir Hakim,WR,LA,2001,7,1,1,4.199,0,,2,1,0,0.0,0.0208,0.0,16,22,8.0,,
00-0006627,Az-Zahir Hakim,WR,LA,2001,9,0,0,0.0,0,,1,1,1,0.0,0.0455,0.0,41,37,1.3,,
00-0006627,Az-Zahir Hakim,WR,LA,2001,11,0,0,0.0,0,,0,5,3,0.0,0.1316,0.0,19,16,5.9,,
00-0006627,Az-Zahir Hakim,WR,LA,2001,12,0,0,0.0,0,,0,4,4,0.0,0.1739,,20,25,9.1,,
00-0006627,Az-Zahir Hakim,WR,LA,2001,13,0,0,0.0,0,,0,2,2,0.0,0.0488,0.0,30,32,1.0,,
00-0006627,Az-Zahir Hakim,WR,LA,2001,14,0,0,0.0,0,,0,1,1,0.0,0.0323,,25,30,4.3,,
00-0006627,Az-Zahir Hakim,WR,LA,2001,15,0,0,0.0,0,,0,3,2,0.0,0.125,0.0,33,33,3.3,,
00-0006627,Az-Zahir Hakim,WR,LA,2001,16,0,0,0.0,0,,0,5,3,0.0,0.1667,-0.0,29,33,5.8,,
00-0006627,Az-Zahir Hakim,WR,LA,2001,17,0,0,0.0,0,,2,2,2,0.0,0.0667,0.0,29,28,3.9,,
00-0006666,Lamont Hall,TE,NO,2001,13,0,0,0.0,0,,0,1,1,0.0,0.0345,,21,22,-0.4,,
00-0006666,Lamont Hall,TE,NO,2001,16,0,0,0.0,0,,0,1,1,0.0,0.037,0.0,23,23,1.9,,
00-0006804,Patrick Hape,TE,DEN,2001,1,0,0,0.0,0,,2,1,1,0.0,0.0345,,36,28,7.1,,
00-0006804,Patrick Hape,TE,DEN,2001,2,0,0,0.0,0,,0,1,1,0.0,0.0345,,37,33,7.1,,
00-0006804,Patrick Hape,TE,DEN,2001,3,0,0,0.0,0,,0,3,2,9,0.0909,0.2727,24,19,3.3,,
00-0006804,Patrick Hape,TE,DEN,2001,4,0,0,0.0,0,,0,2,2,0.0,0.1111,0.0,39,31,3.1,,
00-0006804,Patrick Hape,TE,DEN,2001,5,0,0,0.0,0,,0,3,1,0.0,0.0833,0.0,20,22,1.0,,
00-0006804,Patrick Hape,TE,DEN,2001,6,0,0,0.0,0,,0,1,1,0.0,0.0256,0.0,21,19,2.2,,
00-0006804,Patrick Hape,TE,DEN,2001,7,0,0,0.0,0,,0,1,1,0.0,0.0385,0.0,29,24,1.0,,
00-0006804,Patrick Hape,TE,DEN,2001,8,0,0,0.0,0,,0,3,2,0.0,0.0811,0.0,23,25,4.0,,
00-0006804,Patrick Hape,TE,DEN,2001,13,0,0,0.0,0,,0,1,1,0.0,0.0286,0.0,28,27,7.1,,
00-0006804,Patrick Hape,TE,DEN,2001,14,0,0,0.0,0,,0,2,2,0.0,0.0606,,34,26,5.5,,
00-0006804,Patrick Hape,TE,DEN,2001,16,0,0,0.0,0,,0,1,1,0.0,0.0385,,25,25,1.2,,
00-0006848,Terry Hardy,TE,ARI,2001,2,0,0,0.0,0,,0,2,1,0.0,0.0741,0.0,18,18,7.6,,
00-0006848,Terry Hardy,TE,ARI,2001,3,0,0,0.0,0,,0,5,2,0.0,0.1429,0.0,15,22,10.5,,
00-0006848,Terry Hardy,TE,ARI,2001,4,0,0,0.0,0,,0,5,3,12,0.1724,1.0,28,29,5.2,,
00-0006848,Terry Hardy,TE,ARI,2001,5,0,0,0.0,0,,0,4,1,0.0,0.1081,,25,29,2.0,,
00-0006848,Terry Hardy,TE,ARI,2001,6,0,0,0.0,0,,0,2,1,0.0,0.08,,37,37,1.1,,
00-0006848,Terry Hardy,TE,ARI,2001,7,0,0,0.0,0,,0,1,1,0.0,0.025,0.0,22,23,2.1,,
00-0006848,Terry Hardy,TE,ARI,2001,12,0,0,0.0,0,,0,3,2,0.0,0.0833,,34,33,2.4,,
00-0006930,Derrick Harris,RB,LAC,2001,2,0,0,0.0,0,,0,1,0,0.0,0.027,,38,35,0.0,,
00-0006930,Derrick Harris,RB,LAC,2001,12,0,0,0.0,0,,0,2,1,0.0,0.0606,0.0,27,30,1.7,,
00-0006949,Jackie Harris,TE,DAL,2001,1,0,0,0.0,0,,0,1,0,0.0,0.0526,0.0,23,18,0.0,,
00-0006949,Jackie Harris,TE,DAL,2001,5,0,0,0.0,0,,0,1,0,0.0,0.0385,0.0,45,39,0.0,,
00-0006949,Jackie Harris,TE,DAL,2001,7,0,0,0.0,0,,0,2,1,0.0,0.1111,0.0,34,28,1.7,,
00-0006949,Jackie Harris,TE,DAL,2001,8,0,0,0.0,0,,0,3,2,0.0,0.0968,0.0,32,33,6.9,,
00-0006949,Jackie Harris,TE,DAL,2001,9,0,0,0.0,0,,0,2,2,0.0,0.1,0.0,33,29,8.8,,
00-0006949,Jackie Harris,TE,DAL,2001,10,0,0,0.0,0,,0,1,1,0.0,0.0417,0.0,23,22,1.6,,
00-0006949,Jackie Harris,TE,DAL,2001,12,0,0,0.0,0,,0,1,1,0.0,0.0769,0.0,45,38,1.7,,
00-0006949,Jackie Harris,TE,DAL,2001,13,0,0,0.0,0,,0,4,2,0.0,0.16,,36,32,10.5,,
00-0006949,Jackie Harris,TE,DAL,2001,14,0,0,0.0,0,,0,2,0,0.0,0.0606,0.0,21,14,0.0,,
00-0006949,Jackie Harris,TE,DAL,2001,15,0,0,0.0,0,,0,4,3,0.0,0.1538,0.0,40,38,5.1,,
00-0006949,Jackie Harris,TE,DAL,2001,16,0,0,0.0,0,,0,1,0,0.0,0.04,,44,37,0.0,,
00-0006949,Jackie Harris,TE,DAL,2001,17,0,0,0.0,0,,0,3,3,0.0,0.1154,0.0,27,24,4.8,,
00-0007024,Marvin Harrison,WR,IND,2001,1,0,0,0.0,0,,0,5,4,0.0,0.1724,0.0,30,30,7.5,,
00-0007024,Marvin Harrison,WR,IND,2001,2,0,0,0.0,0,,0,12,7,23,0.4138,1.0,30,27,39.6,,
00-0007024,Marvin Harrison,WR,IND,2001,3,0,0,0.0,0,,0,6,3,0.0,0.1395,0.0,24,28,7.9,,
00-0007024,Marvin Harrison,WR,IND,2001,5,0,0,0.0,0,,0,12,8,0.0,0.2927,0.0,27,32,26.0,,
00-0007024,Marvin Harrison,WR,IND,2001,6,0,0,0.0,0,,0,11,8,0.0,0.3235,,34,36,29.7,,
00-0007024,Marvin Harrison,WR,IND,2001,7,0,0,0.0,0,,0,11,8,0.0,0.3667,,33,33,23.8,,
00-0007024,Marvin Harrison,WR,IND,2001,8,0,0,0.0,0,,0,7,5,0.0,0.2692,,37,38,8.2,,
00-0007024,Marvin Harrison,WR,IND,2001,9,0,0,0.0,0,,0,12,9,38,0.3636,0.76,25,24,44.4,,
00-0007024,Marvin Harrison,WR,IND,2001,10,0,0,0.0,0,,1,10,6,0.0,0.3704,0.0,23,21,11.8,,
00-0007024,Marvin Harrison,WR,IND,2001,11,0,0,0.0,0,,0,13,8,10,0.2653,0.1351,32,37,26.8,,
00-0007024,Marvin Harrison,WR,IND,2001,12,0,0,0.0,0,,0,9,5,21,0.2,1.0,17,22,19.9,,
00-0007024,Marvin Harrison,WR,IND,2001,13,0,0,0.0,0,,0,10,7,0.0,0.3333,0.0,18,21,15.4,,
00-0007024,Marvin Harrison,WR,IND,2001,14,0,0,0.0,0,,0,9,5,8,0.2571,1.0,33,32,11.6,,
00-0007024,Marvin Harrison,WR,IND,2001,15,0,0,0.0,0,,0,15,12,0.0,0.4286,,18,21,30.7,,
00-0007024,Marvin Harrison,WR,IND,2001,16,0,0,0.0,0,,0,7,5,6,0.2593,1.0,22,23,14.6,,
00-0007024,Marvin Harrison,WR,IND,2001,17,0,0,0.0,0,,0,15,9,37,0.5,1.0,35,35,33.8,,
00-0007091,Matt Hasselbeck,QB,SEA,2001,1,34,20,-4.845,4,,6,0,0,0.0,0.0,0.0,27,22,3.2,,
00-0007091,Matt Hasselbeck,QB,SEA,2001,2,24,9,-15.561,7,,4,0,0,0.0,0.0,,26,21,5.6,,
00-0007091,Matt Hasselbeck,QB,SEA,2001,3,28,14,-4.652,6,,0,0,0,0.0,0.0,-0.0,16,23,4.7,,
00-0007091,Matt Hasselbeck,QB,SEA,2001,5,0,0,0.0,0,,3,0,0,0.0,0.0,,40,37,-0.2,,
00-0007091,Matt Hasselbeck,QB,SEA,2001,7,28,16,9.966,4,,4,0,0,0.0,0.0,,30,25,18.1,,
00-0007091,Matt Hasselbeck,QB,SEA,2001,8,12,6,-3.941,2,,1,0,0,0.0,0.0,0.0,14,17,-0.9,,
00-0007091,Matt Hasselbeck,QB,SEA,2001,9,23,15,6.092,1,,6,0,0,0.0,0.0,,42,38,14.6,,
00-0007091,Matt Hasselbeck,QB,SEA,2001,10,23,16,6.476,0,,4,0,0,0.0,0.0,,32,30,9.7,,
00-0007091,Matt Hasselbeck,QB,SEA,2001,11,26,16,-2.236,3,,2,0,0,0.0,0.0,,17,19,11.3,,
00-0007091,Matt Hasselbeck,QB,SEA,2001,12,35,19,-5.01,2,,4,0,0,0.0,0.0,,36,33,10.2,,
00-0007091,Matt Hasselbeck,QB,SEA,2001,13,37,17,-5.611,5,,2,0,0,0.0,0.0,0.0,21,22,11.4,,
00-0007091,Matt Hasselbeck,QB,SEA,2001,14,25,13,-0.493,1,,3,0,0,0.0,0.0,,44,40,8.0,,
00-0007091,Matt Hasselbeck,QB,SEA,2001,15,26,15,-2.879,3,,1,0,0,0.0,0.0,0.0,30,31,7.4,,
00-0007103,Matt Hatchette,WR,NYJ,2001,1,0,0,0.0,0,,0,4,0,0.0,0.1333,,29,29,0.0,,
00-0007103,Matt Hatchette,WR,NYJ,2001,3,0,0,0.0,0,,0,2,1,0.0,0.08,,23,22,3.9,,
00-0007103,Matt Hatchette,WR,NYJ,2001,4,0,0,0.0,0,,0,3,0,0.0,0.12,,32,31,0.0,,
00-0007103,Matt Hatchette,WR,NYJ,2001,6,0,0,0.0,0,,0,3,1,0.0,0.1154,0.0,24,23,2.5,,
00-0007103,Matt Hatchette,WR,NYJ,2001,7,0,0,0.0,0,,0,2,0,0.0,0.0625,0.0,34,35,0.0,,
00-0007103,Matt Hatchette,WR,NYJ,2001,9,0,0,0.0,0,,0,1,0,0.0,0.0357,0.0,37,32,0.0,,
00-0007144,Donald Hayes,WR,CAR,2001,1,0,0,0.0,0,,0,1,1,0.0,0.0476,0.0,38,32,2.3,,
00-0007144,Donald Hayes,WR,CAR,2001,2,0,0,0.0,0,,0,8,6,0.0,0.2,,21,23,13.1,,
00-0007144,Donald Hayes,WR,CAR,2001,3,0,0,0.0,0,,0,7,4,10,0.2414,1.0,17,14,9.2,,
00-0007144,Donald Hayes,WR,CAR,2001,4,0,0,0.0,0,,0,4,1,33,0.0851,0.66,16,16,4.9,,
00-0007144,Donald Hayes,WR,CAR,2001,5,0,0,0.0,0,,0,11,7,0.0,0.2821,0.0,20,20,17.4,,
00-0007144,Donald Hayes,WR,CAR,2001,6,0,0,0.0,0,,0,8,6,24,0.2581,2.0,25,24,13.5,,
00-0007144,Donald Hayes,WR,CAR,2001,7,0,0,0.0,0,,0,8,3,0.0,0.2353,0.0,21,16,5.3,,
00-0007144,Donald Hayes,WR,CAR,2001,8,0,0,0.0,0,,0,6,0,0.0,0.1875,0.0,20,14,0.0,,
00-0007144,Donald Hayes,WR,CAR,2001,9,0,0,0.0,0,,0,4,2,7,0.16,0.2333,19,19,3.1,,
00-0007144,Donald Hayes,WR,CAR,2001,10,0,0,0.0,0,,0,7,5,0.0,0.1707,,16,18,10.4,,
00-0007144,Donald Hayes,WR,CAR,2001,11,0,0,0.0,0,,0,7,3,9,0.2333,0.225,28,20,5.9,,
00-0007144,Donald Hayes,WR,CAR,2001,12,0,0,0.0,0,,0,2,2,0.0,0.0952,0.0,19,19,6.2,,
00-0007144,Donald Hayes,WR,CAR,2001,13,0,0,0.0,0,,0,5,1,6,0.1667,1.0,27,26,2.4,,
00-0007144,Donald Hayes,WR,CAR,2001,15,0,0,0.0,0,,0,12,4,0.0,0.2353,,21,19,11.7,,
00-0007144,Donald Hayes,WR,CAR,2001,16,0,0,0.0,0,,0,8,6,0.0,0.129,0.0,20,17,15.9,,
00-0007144,Donald Hayes,WR,CAR,2001,17,0,0,0.0,0,,0,7,1,7,0.2,0.4375,26,28,2.4,,
00-0007180,Garrison Hearst,RB,SF,2001,1,0,0,0.0,0,,14,4,4,0.0,0.1026,0.0,28,25,11.2,,
00-0007180,Garrison Hearst,RB,SF,2001,2,0,0,0.0,0,,4,2,2,0.0,0.0588,0.0,25,23,4.0,,
00-0007180,Garrison Hearst,RB,SF,2001,3,0,0,0.0,0,,20,3,3,0.0,0.15,,43,37,15.3,,
00-0007180,Garrison Hearst,RB,SF,2001,4,0,0,0.0,0,,18,2,1,0.0,0.0645,0.0,35,36,10.2,,
00-0007180,Garrison Hearst,RB,SF,2001,5,0,0,0.0,0,,12,5,5,0.0,0.125,,35,26,14.3,,
00-0007180,Garrison Hearst,RB,SF,2001,7,0,0,0.0,0,,12,4,4,0.0,0.1379,0.0,28,25,25.1,,
00-0007180,Garrison Hearst,RB,SF,2001,8,0,0,0.0,0,,21,2,2,0.0,0.0606,0.0,35,33,11.9,,
00-0007180,Garrison Hearst,RB,SF,2001,9,0,0,0.0,0,,17,7,3,0.0,0.2059,,26,27,19.0,,
00-0007180,Garrison Hearst,RB,SF,2001,10,0,0,0.0,0,,17,7,6,0.0,0.1296,0.0,26,33,17.3,,
00-0007180,Garrison Hearst,RB,SF,2001,11,0,0,0.0,0,,12,3,1,0.0,0.1364,0.0,23,21,24.2,,
00-0007180,Garrison Hearst,RB,SF,2001,12,0,0,0.0,0,,25,3,2,0.0,0.1154,,43,36,22.2,,
00-0007180,Garrison Hearst,RB,SF,2001,13,0,0,0.0,0,,11,3,1,0.0,0.0833,0.0,23,21,11.5,,
00-0007180,Garrison Hearst,RB,SF,2001,14,0,0,0.0,0,,26,3,3,0.0,0.15,,50,47,15.3,,
00-0007180,Garrison Hearst,RB,SF,2001,15,0,0,0.0,0,,17,2,1,0.0,0.087,,30,27,8.6,,
00-0007180,Garrison Hearst,RB,SF,2001,16,0,0,0.0,0,,11,3,2,0.0,0.0882,,18,21,5.8,,
00-0007180,Garrison Hearst,RB,SF,2001,17,0,0,0.0,0,,15,2,1,0.0,0.087,,41,40,8.4,,
00-0007213,Steve Heiden,TE,LAC,2001,1,0,0,0.0,0,,0,2,0,0.0,0.1111,0.0,46,45,0.0,,
00-0007213,Steve Heiden,TE,LAC,2001,2,0,0,0.0,0,,0,1,1,0.0,0.027,,38,35,1.5,,
00-0007213,Steve Heiden,TE,LAC,2001,5,0,0,0.0,0,,0,1,1,0.0,0.0312,,28,31,7.3,,
00-0007213,Steve Heiden,TE,LAC,2001,6,0,0,0.0,0,,0,1,1,0.0,0.0312,0.0,32,32,1.6,,
00-0007213,Steve Heiden,TE,LAC,2001,8,0,0,0.0,0,,0,1,0,0.0,0.0238,0.0,20,22,0.0,,
00-0007213,Steve Heiden,TE,LAC,2001,9,0,0,0.0,0,,0,1,1,0.0,0.0333,0.0,17,20,1.7,,
00-0007213,Steve Heiden,TE,LAC,2001,10,0,0,0.0,0,,0,1,1,0.0,0.0385,0.0,29,30,1.3,,
00-0007213,Steve Heiden,TE,LAC,2001,11,0,0,0.0,0,,0,4,2,0.0,0.0909,,23,37,4.4,,
00-0007213,Steve Heiden,TE,LAC,2001,14,0,0,0.0,0,,0,1,1,0.0,0.0278,0.0,22,24,1.7,,
00-0007389,Skip Hicks,RB,TEN,2001,6,0,0,0.0,0,,1,0,0,0.0,0.0,0.0,33,28,0.2,,
00-0007389,Skip Hicks,RB,TEN,2001,7,0,0,0.0,0,,3,0,0,0.0,0.0,0.0,24,22,1.1,,
00-0007389,Skip Hicks,RB,TEN,2001,8,0,0,0.0,0,,1,0,0,0.0,0.0,,33,30,0.2,,
00-0007389,Skip Hicks,RB,TEN,2001,10,0,0,0.0,0,,3,1,1,0.0,0.04,0.0,31,29,1.4,,
00-0007389,Skip Hicks,RB,TEN,2001,11,0,0,0.0,0,,1,0,0,0.0,0.0,0.0,21,18,0.5,,
00-0007389,Skip Hicks,RB,TEN,2001,12,0,0,0.0,0,,10,0,0,0.0,0.0,,39,33,5.1,,
00-0007389,Skip Hicks,RB,TEN,2001,13,0,0,0.0,0,,4,3,2,0.0,0.0857,,29,28,9.3,,
00-0007389,Skip Hicks,RB,TEN,2001,14,0,0,0.0,0,,17,2,2,0.0,0.0571,,34,39,23.1,,
00-0007389,Skip Hicks,RB,TEN,2001,15,0,0,0.0,0,,16,0,0,0.0,0.0,0.0,33,32,6.4,,
00-0007468,Ike Hilliard,WR,NYG,2001,3,0,0,0.0,0,,0,4,2,0.0,0.2222,,28,28,5.2,,
00-0007468,Ike Hilliard,WR,NYG,2001,4,0,0,0.0,0,,0,4,2,24,0.1379,0.7059,46,47,4.1,,
00-0007468,Ike Hilliard,WR,NYG,2001,5,0,0,0.0,0,,0,4,3,0.0,0.125,0.0,24,28,13.9,,
00-0007468,Ike Hilliard,WR,NYG,2001,6,0,0,0.0,0,,0,7,6,0.0,0.2188,,31,38,14.0,,
00-0007468,Ike Hilliard,WR,NYG,2001,7,0,0,0.0,0,,0,6,2,0.0,0.1154,0.0,19,29,12.0,,
00-0007468,Ike Hilliard,WR,NYG,2001,8,0,0,0.0,0,,0,9,7,0.0,0.2647,0.0,26,35,19.3,,
00-0007468,Ike Hilliard,WR,NYG,2001,9,0,0,0.0,0,,1,5,3,0.0,0.2174,0.0,41,41,15.4,,
00-0007468,Ike Hilliard,WR,NYG,2001,10,0,0,0.0,0,,0,10,6,11,0.2703,0.3333,15,16,16.6,,
00-0007468,Ike Hilliard,WR,NYG,2001,11,0,0,0.0,0,,0,7,2,0.0,0.1944,,27,34,3.1,,
00-0007468,Ike Hilliard,WR,NYG,2001,13,0,0,0.0,0,,0,3,2,0.0,0.12,0.0,24,26,3.8,,
00-0007468,Ike Hilliard,WR,NYG,2001,14,0,0,0.0,0,,0,9,4,0.0,0.2903,,25,26,8.1,,
00-0007468,Ike Hilliard,WR,NYG,2001,15,0,0,0.0,0,,0,10,7,0.0,0.2174,,21,29,23.5,,
00-0007468,Ike Hilliard,WR,NYG,2001,16,0,0,0.0,0,,0,6,3,0.0,0.1538,,26,36,4.9,,
00-0007468,Ike Hilliard,WR,NYG,2001,17,0,0,0.0,0,,0,4,3,0.0,0.0702,0.0,21,33,12.1,,
00-0007546,James Hodgins,RB,LA,2001,1,0,0,0.0,0,,0,1,0,6,0.0238,0.1154,23,29,0.0,,
00-0007546,James Hodgins,RB,LA,2001,3,0,0,0.0,0,,1,0,0,0.0,0.0,,27,30,0.5,,
00-0007546,James Hodgins,RB,LA,2001,6,0,0,0.0,0,,0,2,1,0.0,0.0741,,34,27,1.7,,
00-0007546,James Hodgins,RB,LA,2001,10,0,0,0.0,0,,0,1,1,0.0,0.0244,0.0,28,29,8.1,,
00-0007546,James Hodgins,RB,LA,2001,13,0,0,0.0,0,,0,2,2,0.0,0.0488,0.0,30,32,2.6,,
00-0007546,James Hodgins,RB,LA,2001,15,0,0,0.0,0,,0,1,0,0.0,0.0417,0.0,33,33,0.0,,
00-0007546,James Hodgins,RB,LA,2001,16,0,0,0.0,0,,1,0,0,0.0,0.0,-0.0,29,33,0.0,,
00-0007576,Kelly Holcomb,QB,CLE,2001,12,12,7,7.529,0,,1,0,0,0.0,0.0,0.0,17,14,8.6,,
00-0007661,Priest Holmes,RB,KC,2001,1,0,0,0.0,0,,7,2,1,0.0,0.0556,0.0,17,9,3.2,,
00-0007661,Priest Holmes,RB,KC,2001,2,0,0,0.0,0,,8,4,3,0.0,0.1212,0.0,20,11,7.7,,
00-0007661,Priest Holmes,RB,KC,2001,3,0,0,0.0,0,,23,5,5,0.0,0.1667,,38,28,45.5,,
00-0007661,Priest Holmes,RB,KC,2001,4,0,0,0.0,0,,17,7,7,0.0,0.1795,0.0,17,24,17.0,,
00-0007661,Priest Holmes,RB,KC,2001,5,0,0,0.0,0,,20,3,3,0.0,0.0938,0.0,24,25,29.9,,
00-0007661,Priest Holmes,RB,KC,2001,6,0,0,0.0,0,,15,5,3,0.0,0.122,0.0,20,18,13.9,,
00-0007661,Priest Holmes,RB,KC,2001,7,0,0,0.0,0,,15,5,3,8,0.119,0.4444,23,18,10.8,,
00-0007661,Priest Holmes,RB,KC,2001,8,0,0,0.0,0,,30,1,1,0.0,0.0385,0.0,39,31,26.0,,
00-0007661,Priest Holmes,RB,KC,2001,9,0,0,0.0,0,,18,3,3,0.0,0.1,0.0,26,21,10.2,,
00-0007661,Priest Holmes,RB,KC,2001,11,0,0,0.0,0,,26,4,3,0.0,0.16,,44,34,22.0,,
00-0007661,Priest Holmes,RB,KC,2001,12,0,0,0.0,0,,18,9,8,0.0,0.2571,0.0,20,26,23.6,,
00-0007661,Priest Holmes,RB,KC,2001,13,0,0,0.0,0,,28,7,5,0.0,0.2188,0.0,36,34,44.7,,
00-0007661,Priest Holmes,RB,KC,2001,14,0,0,0.0,0,,29,1,1,0.0,0.05,0.0,33,30,17.9,,
00-0007661,Priest Holmes,RB,KC,2001,15,0,0,0.0,0,,23,4,3,0.0,0.1481,0.0,32,26,12.2,,
00-0007661,Priest Holmes,RB,KC,2001,16,0,0,0.0,0,,27,8,7,0.0,0.1127,0.0,57,58,25.4,,
00-0007661,Priest Holmes,RB,KC,2001,17,0,0,0.0,0,,23,7,6,0.0,0.2188,0.0,28,29,22.9,,
00-0007681,Torry Holt,WR,LA,2001,1,0,0,0.0,0,,0,11,7,46,0.2619,0.8846,23,29,15.5,,
00-0007681,Torry Holt,WR,LA,2001,2,0,0,0.0,0,,1,6,3,0.0,0.1714,0.0,25,28,4.5,,
00-0007681,Torry Holt,WR,LA,2001,3,0,0,0.0,0,,0,5,4,0.0,0.1613,,27,30,21.1,,
00-0007681,Torry Holt,WR,LA,2001,4,0,0,0.0,0,,0,4,4,0.0,0.1111,,21,25,17.4,,
00-0007681,Torry Holt,WR,LA,2001,5,0,0,0.0,0,,0,12,5,0.0,0.2609,0.0,16,21,13.3,,
00-0007681,Torry Holt,WR,LA,2001,6,0,0,0.0,0,,0,5,3,0.0,0.1852,,34,27,7.3,,
00-0007681,Torry Holt,WR,LA,2001,7,0,0,0.0,0,,0,11,5,45,0.2292,0.6081,16,22,18.2,,
00-0007681,Torry Holt,WR,LA,2001,9,0,0,0.0,0,,0,6,4,37,0.2727,0.4805,41,37,11.7,,
00-0007681,Torry Holt,WR,LA,2001,10,0,0,0.0,0,,0,11,7,0.0,0.2683,0.0,28,29,21.9,,
00-0007681,Torry Holt,WR,LA,2001,11,0,0,0.0,0,,0,15,8,21,0.3947,0.7241,19,16,21.9,,
00-0007681,Torry Holt,WR,LA,2001,12,0,0,0.0,0,,0,6,2,0.0,0.2609,,20,25,14.6,,
00-0007681,Torry Holt,WR,LA,2001,13,0,0,0.0,0,,0,12,5,0.0,0.2927,0.0,30,32,11.6,,
00-0007681,Torry Holt,WR,LA,2001,14,0,0,0.0,0,,0,5,4,0.0,0.1613,,25,30,9.5,,
00-0007681,Torry Holt,WR,LA,2001,15,0,0,0.0,0,,0,6,5,23,0.25,0.6216,33,33,13.6,,
00-0007681,Torry Holt,WR,LA,2001,16,0,0,0.0,0,,0,8,7,0.0,0.2667,-0.0,29,33,39.3,,
00-0007681,Torry Holt,WR,LA,2001,17,0,0,0.0,0,,1,10,8,27,0.3333,0.6429,29,28,17.9,,
00-0007744,Joe Horn,WR,NO,2001,1,1,0,-0.49,0,,0,10,6,0.0,0.3448,,26,20,10.5,,
00-0007744,Joe Horn,WR,NO,2001,3,0,0,0.0,0,,1,17,4,32,0.34,1.0,22,21,9.2,,
00-0007744,Joe Horn,WR,NO,2001,4,0,0,0.0,0,,0,6,1,9,0.2,1.0,37,35,5.1,,
00-0007744,Joe Horn,WR,NO,2001,5,0,0,0.0,0,,0,10,4,0.0,0.2778,0.0,39,36,11.8,,
00-0007744,Joe Horn,WR,NO,2001,6,0,0,0.0,0,,0,6,5,0.0,0.1622,0.0,24,31,12.4,,
00-0007744,Joe Horn,WR,NO,2001,7,0,0,0.0,0,,0,12,8,0.0,0.3871,,26,21,32.1,,
00-0007744,Joe Horn,WR,NO,2001,8,0,0,0.0,0,,0,8,5,0.0,0.2857,0.0,27,20,11.3,,
00-0007744,Joe Horn,WR,NO,2001,9,0,0,0.0,0,,0,10,6,0.0,0.2857,,32,32,27.9,,
00-0007744,Joe Horn,WR,NO,2001,10,0,0,0.0,0,,0,9,8,0.0,0.4091,,37,38,22.8,,
00-0007744,Joe Horn,WR,NO,2001,11,0,0,0.0,0,,0,10,4,0.0,0.2632,0.0,22,18,13.7,,
00-0007744,Joe Horn,WR,NO,2001,12,0,0,0.0,0,,0,18,13,0.0,0.45,0.0,34,33,34.0,,
00-0007744,Joe Horn,WR,NO,2001,13,0,0,0.0,0,,0,10,7,0.0,0.3448,,21,22,26.8,,
00-0007744,Joe Horn,WR,NO,2001,14,0,0,0.0,0,,0,6,3,0.0,0.15,0.0,19,24,12.1,,
00-0007744,Joe Horn,WR,NO,2001,15,0,0,0.0,0,,0,11,4,26,0.2973,0.963,13,15,21.5,,
00-0007744,Joe Horn,WR,NO,2001,16,0,0,0.0,0,,0,6,2,55,0.2222,0.7971,23,23,3.3,,
00-0007744,Joe Horn,WR,NO,2001,17,0,0,0.0,0,,0,7,3,75,0.2059,0.641,17,16,7.4,,
00-0007798,Desmond Howard,WR,DET,2001,1,0,0,0.0,0,,0,3,3,0.0,0.0769,0.0,20,24,5.2,,
00-0007798,Desmond Howard,WR,DET,2001,4,0,0,0.0,0,,2,1,0,0.0,0.0294,0.0,18,20,1.1,,
00-0007798,Desmond Howard,WR,DET,2001,5,0,0,0.0,0,,0,1,1,0.0,0.0256,,20,23,1.9,,
00-0007798,Desmond Howard,WR,DET,2001,6,0,0,0.0,0,,1,2,1,0.0,0.05,0.0,19,18,10.9,,
00-0007798,Desmond Howard,WR,DET,2001,7,0,0,0.0,0,,0,1,1,0.0,0.0312,0.0,21,18,3.3,,
00-0007798,Desmond Howard,WR,DET,2001,8,0,0,0.0,0,,0,2,2,0.0,0.08,,21,14,4.0,,
00-0007798,Desmond Howard,WR,DET,2001,13,0,0,0.0,0,,1,0,0,0.0,0.0,,24,19,0.6,,
00-0007798,Desmond Howard,WR,DET,2001,16,0,0,0.0,0,,1,3,2,0.0,0.0588,0.0,14,11,4.8,,
00-0007798,Desmond Howard,WR,DET,2001,17,0,0,0.0,0,,0,1,0,0.0,0.0256,,28,27,0.0,,
00-0007834,Brock Huard,QB,SEA,2001,3,17,9,4.386,1,,1,0,0,0.0,0.0,-0.0,16,23,10.2,,
00-0007969,Richard Huntley,RB,CAR,2001,3,0,0,0.0,0,,5,0,0,0.0,0.0,0.0,17,14,1.9,,
00-0007969,Richard Huntley,RB,CAR,2001,4,0,0,0.0,0,,3,1,1,0.0,0.0213,0.0,16,16,2.0,,
00-0007969,Richard Huntley,RB,CAR,2001,5,0,0,0.0,0,,4,0,0,0.0,0.0,0.0,20,20,0.2,,
00-0007969,Richard Huntley,RB,CAR,2001,7,0,0,0.0,0,,14,2,2,0.0,0.0588,0.0,21,16,7.5,,
00-0007969,Richard Huntley,RB,CAR,2001,8,0,0,0.0,0,,12,4,2,0.0,0.125,0.0,20,14,8.2,,
00-0007969,Richard Huntley,RB,CAR,2001,9,0,0,0.0,0,,6,2,2,0.0,0.08,0.0,19,19,3.4,,
00-0007969,Richard Huntley,RB,CAR,2001,10,0,0,0.0,0,,13,7,5,0.0,0.1707,,16,18,20.4,,
00-0007969,Richard Huntley,RB,CAR,2001,11,0,0,0.0,0,,19,1,1,0.0,0.0333,0.0,28,20,7.2,,
00-0007969,Richard Huntley,RB,CAR,2001,12,1,0,-0.483,0,,15,5,1,0.0,0.2381,0.0,19,19,5.4,,
00-0007969,Richard Huntley,RB,CAR,2001,13,0,0,0.0,0,,22,2,2,0.0,0.0667,0.0,27,26,15.4,,
00-0007969,Richard Huntley,RB,CAR,2001,15,0,0,0.0,0,,19,2,0,0.0,0.0392,,21,19,13.4,,
00-0007969,Richard Huntley,RB,CAR,2001,16,0,0,0.0,0,,12,3,3,0.0,0.0484,0.0,20,17,7.5,,
00-0007969,Richard Huntley,RB,CAR,2001,17,0,0,-3.86,1,,21,3,2,0.0,0.0857,0.0,26,28,19.1,,
00-0008059,Qadry Ismail,WR,BAL,2001,1,0,0,0.0,0,,0,9,6,0.0,0.3103,,30,26,14.8,,
00-0008059,Qadry Ismail,WR,BAL,2001,2,0,0,0.0,0,,0,11,4,0.0,0.1774,0.0,20,29,10.2,,
00-0008059,Qadry Ismail,WR,BAL,2001,3,0,0,0.0,0,,0,4,2,0.0,0.1538,,34,32,12.4,,
00-0008059,Qadry Ismail,WR,BAL,2001,4,0,0,0.0,0,,0,5,3,0.0,0.1724,,40,42,18.3,,
00-0008059,Qadry Ismail,WR,BAL,2001,5,0,0,0.0,0,,0,8,4,7,0.2581,0.1944,34,31,11.9,,
00-0008059,Qadry Ismail,WR,BAL,2001,6,0,0,0.0,0,,0,10,7,15,0.2439,0.6522,27,34,23.5,,
00-0008059,Qadry Ismail,WR,BAL,2001,7,0,0,0.0,0,,0,8,7,0.0,0.2581,0.0,32,30,21.5,,
00-0008059,Qadry Ismail,WR,BAL,2001,8,0,0,0.0,0,,0,7,5,0.0,0.3182,0.0,26,25,10.3,,
00-0008059,Qadry Ismail,WR,BAL,2001,9,0,0,0.0,0,,0,10,8,0.0,0.3571,0.0,24,22,24.9,,
00-0008059,Qadry Ismail,WR,BAL,2001,10,0,0,0.0,0,,0,13,6,4,0.3023,0.1429,27,28,12.8,,
00-0008059,Qadry Ismail,WR,BAL,2001,11,0,0,0.0,0,,0,5,3,0.0,0.0769,0.0,61,69,7.4,,
00-0008059,Qadry Ismail,WR,BAL,2001,12,0,0,0.0,0,,0,11,7,0.0,0.2821,0.0,31,34,20.8,,
00-0008059,Qadry Ismail,WR,BAL,2001,14,0,0,0.0,0,,0,10,4,12,0.2703,1.0,13,16,15.3,,
00-0008059,Qadry Ismail,WR,BAL,2001,15,0,0,0.0,0,,0,10,3,0.0,0.3448,,35,33,6.1,,
00-0008059,Qadry Ismail,WR,BAL,2001,16,0,0,0.0,0,,0,5,3,0.0,0.1351,0.0,27,31,6.8,,
00-0008059,Qadry Ismail,WR,BAL,2001,17,0,0,0.0,0,,0,8,2,0.0,0.2963,,42,41,4.9,,
00-0008060,Raghib Ismail,WR,DAL,2001,1,0,0,0.0,0,,2,3,0,28,0.1579,0.5833,23,18,0.3,,
00-0008060,Raghib Ismail,WR,DAL,2001,2,0,0,0.0,0,,0,4,2,7,0.1667,0.1077,26,20,16.3,,
00-0008060,Raghib Ismail,WR,DAL,2001,5,0,0,0.0,0,,1,5,3,0.0,0.1923,0.0,45,39,7.9,,
00-0008060,Raghib Ismail,WR,DAL,2001,7,0,0,0.0,0,,1,7,3,0.0,0.3889,0.0,34,28,7.8,,
00-0008060,Raghib Ismail,WR,DAL,2001,8,0,0,0.0,0,,0,8,6,20,0.2581,0.3226,32,33,16.7,,
00-0008060,Raghib Ismail,WR,DAL,2001,9,0,0,0.0,0,,1,9,5,0.0,0.45,0.0,33,29,11.4,,
00-0008060,Raghib Ismail,WR,DAL,2001,10,0,0,0.0,0,,0,8,5,0.0,0.3333,0.0,23,22,10.7,,
00-0008060,Raghib Ismail,WR,DAL,2001,11,0,0,0.0,0,,0,9,6,0.0,0.2812,,16,19,14.4,,
00-0008060,Raghib Ismail,WR,DAL,2001,12,0,0,0.0,0,,0,4,3,0.0,0.3077,0.0,45,38,18.3,,
00-0008060,Raghib Ismail,WR,DAL,2001,13,0,0,0.0,0,,0,13,10,0.0,0.52,,36,32,21.8,,
00-0008060,Raghib Ismail,WR,DAL,2001,14,0,0,0.0,0,,2,9,3,0.0,0.2727,0.0,21,14,7.4,,
00-0008060,Raghib Ismail,WR,DAL,2001,15,0,0,0.0,0,,1,2,0,0.0,0.0769,0.0,40,38,-0.2,,
00-0008060,Raghib Ismail,WR,DAL,2001,16,0,0,0.0,0,,0,3,3,0.0,0.12,,44,37,7.6,,
00-0008060,Raghib Ismail,WR,DAL,2001,17,0,0,0.0,0,,0,9,4,41,0.3462,1.0,27,24,11.1,,
00-0008190,Sheldon Jackson,TE,BUF,2001,4,0,0,0.0,0,,0,1,0,0.0,0.0227,0.0,32,22,0.0,,
00-0008190,Sheldon Jackson,TE,BUF,2001,7,0,0,0.0,0,,0,1,0,0.0,0.0278,0.0,25,13,0.0,,
00-0008190,Sheldon Jackson,TE,BUF,2001,9,0,0,0.0,0,,0,1,0,5,0.0323,0.1282,21,17,0.0,,
00-0008190,Sheldon Jackson,TE,BUF,2001,11,0,0,0.0,0,,0,1,1,0.0,0.0312,0.0,26,26,7.1,,
00-0008190,Sheldon Jackson,TE,BUF,2001,15,0,0,0.0,0,,0,1,0,0.0,0.0333,,21,21,0.0,,
00-0008196,Terry Jackson,RB,SF,2001,2,0,0,0.0,0,,1,3,3,0.0,0.0882,0.0,25,23,12.4,,
00-0008196,Terry Jackson,RB,SF,2001,3,0,0,0.0,0,,2,1,1,0.0,0.05,,43,37,4.1,,
00-0008196,Terry Jackson,RB,SF,2001,4,0,0,0.0,0,,3,2,2,0.0,0.0645,0.0,35,36,6.6,,
00-0008196,Terry Jackson,RB,SF,2001,7,0,0,0.0,0,,0,1,0,0.0,0.0345,0.0,28,25,0.0,,
00-0008196,Terry Jackson,RB,SF,2001,9,0,0,0.0,0,,1,0,0,0.0,0.0,,26,27,0.1,,
00-0008196,Terry Jackson,RB,SF,2001,10,0,0,0.0,0,,0,1,1,0.0,0.0185,0.0,26,33,1.4,,
00-0008196,Terry Jackson,RB,SF,2001,12,0,0,0.0,0,,5,0,0,0.0,0.0,,43,36,3.7,,
00-0008196,Terry Jackson,RB,SF,2001,13,0,0,0.0,0,,3,0,0,0.0,0.0,0.0,23,21,0.6,,
00-0008196,Terry Jackson,RB,SF,2001,14,0,0,0.0,0,,2,1,1,0.0,0.05,,50,47,4.0,,
00-0008196,Terry Jackson,RB,SF,2001,15,0,0,0.0,0,,0,1,0,0.0,0.0435,,30,27,0.0,,
00-0008196,Terry Jackson,RB,SF,2001,16,0,0,0.0,0,,1,1,1,0.0,0.0294,,18,21,-0.4,,
00-0008196,Terry Jackson,RB,SF,2001,17,0,0,0.0,0,,4,3,3,0.0,0.1304,,41,40,18.4,,
00-0008210,Willie Jackson,WR,NO,2001,1,0,0,0.0,0,,0,6,2,0.0,0.2069,,26,20,3.2,,
00-0008210,Willie Jackson,WR,NO,2001,3,0,0,0.0,0,,0,10,8,0.0,0.2,0.0,22,21,24.5,,
00-0008210,Willie Jackson,WR,NO,2001,4,0,0,0.0,0,,0,9,6,0.0,0.3,0.0,37,35,15.5,,
00-0008210,Willie Jackson,WR,NO,2001,5,0,0,0.0,0,,0,10,2,5,0.2778,1.0,39,36,4.5,,
00-0008210,Willie Jackson,WR,NO,2001,6,0,0,0.0,0,,0,11,5,0.0,0.2973,0.0,24,31,9.6,,
00-0008210,Willie Jackson,WR,NO,2001,7,0,0,0.0,0,,0,2,2,0.0,0.0645,,26,21,13.2,,
00-0008210,Willie Jackson,WR,NO,2001,8,0,0,0.0,0,,0,7,3,10,0.25,0.4762,27,20,7.7,,
00-0008210,Willie Jackson,WR,NO,2001,9,0,0,0.0,0,,0,14,11,0.0,0.4,,32,32,29.7,,
00-0008210,Willie Jackson,WR,NO,2001,10,0,0,0.0,0,,0,3,2,0.0,0.1364,,37,38,4.6,,
00-0008210,Willie Jackson,WR,NO,2001,11,0,0,0.0,0,,0,10,5,27,0.2632,0.9643,22,18,18.8,,
00-0008210,Willie Jackson,WR,NO,2001,12,0,0,0.0,0,,0,7,3,40,0.175,1.0,34,33,5.1,,
00-0008210,Willie Jackson,WR,NO,2001,13,0,0,0.0,0,,0,6,4,0.0,0.2069,,21,22,14.6,,
00-0008210,Willie Jackson,WR,NO,2001,14,0,0,0.0,0,,0,11,8,0.0,0.275,0.0,19,24,29.6,,
00-0008210,Willie Jackson,WR,NO,2001,15,0,0,0.0,0,,0,10,6,5,0.2703,0.1852,13,15,14.6,,
00-0008210,Willie Jackson,WR,NO,2001,16,0,0,0.0,0,,0,7,4,12,0.2593,0.1739,23,23,6.3,,
00-0008210,Willie Jackson,WR,NO,2001,17,0,0,0.0,0,,0,12,10,0.0,0.3529,0.0,17,16,16.1,,
00-0008241,Edgerrin James,RB,IND,2001,1,0,0,0.0,0,,28,3,2,9,0.1034,0.3214,30,30,28.8,,
00-0008241,Edgerrin James,RB,IND,2001,2,0,0,0.0,0,,23,4,4,0.0,0.1379,0.0,30,27,25.9,,
00-0008241,Edgerrin James,RB,IND,2001,3,0,0,0.0,0,,17,7,6,6,0.1628,0.1622,24,28,13.3,,
00-0008241,Edgerrin James,RB,IND,2001,5,0,0,0.0,0,,26,7,6,0.0,0.1707,0.0,27,32,22.7,,
00-0008241,Edgerrin James,RB,IND,2001,6,0,0,0.0,0,,30,6,4,0.0,0.1765,,34,36,19.7,,
00-0008241,Edgerrin James,RB,IND,2001,7,0,0,0.0,0,,27,2,2,0.0,0.0667,,33,33,15.1,,
00-0008300,Patrick Jeffers,WR,CAR,2001,7,0,0,0.0,0,,0,2,0,0.0,0.0588,0.0,21,16,0.0,,
00-0008300,Patrick Jeffers,WR,CAR,2001,10,0,0,0.0,0,,0,1,0,0.0,0.0244,,16,18,0.0,,
00-0008300,Patrick Jeffers,WR,CAR,2001,11,0,0,0.0,0,,0,3,1,0.0,0.1,0.0,28,20,1.9,,
00-0008300,Patrick Jeffers,WR,CAR,2001,12,0,0,0.0,0,,0,5,2,27,0.2381,1.0,19,19,5.2,,
00-0008300,Patrick Jeffers,WR,CAR,2001,13,0,0,0.0,0,,0,1,0,0.0,0.0333,0.0,27,26,0.0,,
00-0008300,Patrick Jeffers,WR,CAR,2001,15,0,0,0.0,0,,0,11,7,0.0,0.2157,,21,19,14.0,,
00-0008300,Patrick Jeffers,WR,CAR,2001,16,0,0,0.0,0,,0,5,3,0.0,0.0806,0.0,20,17,4.3,,
00-0008300,Patrick Jeffers,WR,CAR,2001,17,0,0,0.0,0,,0,5,1,7,0.1429,0.4375,26,28,1.3,,
00-0008313,Shawn Jefferson,WR,ATL,2001,1,0,0,0.0,0,,0,3,1,0.0,0.1364,,31,27,1.1,,
00-0008313,Shawn Jefferson,WR,ATL,2001,3,0,0,0.0,0,,0,6,5,0.0,0.2222,,34,31,9.0,,
00-0008313,Shawn Jefferson,WR,ATL,2001,4,0,0,0.0,0,,0,6,5,13,0.2,0.2097,25,19,11.2,,
00-0008313,Shawn Jefferson,WR,ATL,2001,5,0,0,0.0,0,,0,12,6,0.0,0.3333,0.0,24,22,15.4,,
00-0008313,Shawn Jefferson,WR,ATL,2001,6,0,0,0.0,0,,0,4,3,0.0,0.1905,0.0,30,26,15.7,,
00-0008313,Shawn Jefferson,WR,ATL,2001,8,0,0,0.0,0,,0,4,1,13,0.1379,1.0,19,16,8.9,,
00-0008313,Shawn Jefferson,WR,ATL,2001,9,0,0,0.0,0,,0,3,2,0.0,0.1875,,33,27,4.2,,
00-0008313,Shawn Jefferson,WR,ATL,2001,10,0,0,0.0,0,,0,4,3,0.0,0.08,0.0,25,23,8.7,,
00-0008313,Shawn Jefferson,WR,ATL,2001,11,0,0,0.0,0,,0,3,2,0.0,0.1111,,33,25,5.5,,
00-0008313,Shawn Jefferson,WR,ATL,2001,12,0,0,0.0,0,,0,1,1,0.0,0.0278,0.0,30,21,2.9,,
00-0008313,Shawn Jefferson,WR,ATL,2001,13,0,0,0.0,0,,0,4,1,0.0,0.125,0.0,21,13,3.0,,
00-0008313,Shawn Jefferson,WR,ATL,2001,15,0,0,0.0,0,,0,3,2,0.0,0.0789,,29,28,4.2,,
00-0008313,Shawn Jefferson,WR,ATL,2001,16,0,0,0.0,0,,0,4,2,0.0,0.129,0.0,37,23,7.7,,
00-0008313,Shawn Jefferson,WR,ATL,2001,17,0,0,0.0,0,,0,8,3,13,0.2667,1.0,21,15,7.4,,
00-0008357,MarTay Jenkins,WR,ARI,2001,2,0,0,0.0,0,,0,3,1,0.0,0.1111,0.0,18,18,4.0,,
00-0008357,MarTay Jenkins,WR,ARI,2001,3,0,0,0.0,0,,0,3,2,5,0.0857,0.2174,15,22,4.6,,
00-0008357,MarTay Jenkins,WR,ARI,2001,4,0,0,0.0,0,,0,6,6,0.0,0.2069,0.0,28,29,23.9,,
00-0008357,MarTay Jenkins,WR,ARI,2001,5,0,0,0.0,0,,0,4,1,0.0,0.1081,,25,29,3.2,,
00-0008357,MarTay Jenkins,WR,ARI,2001,6,0,0,0.0,0,,1,2,1,0.0,0.08,,37,37,1.5,,
00-0008357,MarTay Jenkins,WR,ARI,2001,7,0,0,0.0,0,,0,2,1,0.0,0.05,0.0,22,23,1.5,,
00-0008357,MarTay Jenkins,WR,ARI,2001,8,0,0,0.0,0,,0,5,2,0.0,0.122,0.0,24,29,4.6,,
00-0008357,MarTay Jenkins,WR,ARI,2001,9,0,0,0.0,0,,0,4,1,0.0,0.1538,0.0,25,24,3.2,,
00-0008357,MarTay Jenkins,WR,ARI,2001,10,0,0,0.0,0,,0,5,3,0.0,0.1562,0.0,26,29,18.0,,
00-0008357,MarTay Jenkins,WR,ARI,2001,11,0,0,0.0,0,,0,6,4,0.0,0.1935,0.0,24,26,8.0,,
00-0008357,MarTay Jenkins,WR,ARI,2001,12,0,0,0.0,0,,0,7,6,0.0,0.1944,,34,33,15.0,,
00-0008357,MarTay Jenkins,WR,ARI,2001,13,0,0,0.0,0,,2,5,3,0.0,0.1515,-0.0,22,21,13.3,,
00-0008357,MarTay Jenkins,WR,ARI,2001,14,0,0,0.0,0,,0,2,1,0.0,0.0444,,30,34,1.4,,
00-0008391,Travis Jervey,RB,ATL,2001,3,0,0,0.0,0,,3,0,0,0.0,0.0,,34,31,0.6,,
00-0008400,James Jett,WR,LV,2001,3,0,0,0.0,0,,0,2,2,0.0,0.0625,,25,27,3.9,,
00-0008400,James Jett,WR,LV,2001,16,0,0,0.0,0,,0,1,0,26,0.0213,0.6047,16,25,0.0,,
00-0008442,Brad Johnson,QB,TB,2001,1,34,25,7.079,2,,4,0,0,0.0,0.0,0.0,33,29,12.0,,
00-0008442,Brad Johnson,QB,TB,2001,3,34,20,0.226,1,,2,0,0,0.0,0.0,0.0,16,19,8.9,,
00-0008442,Brad Johnson,QB,TB,2001,4,29,23,-4.063,5,,2,0,0,0.0,0.0,,19,7,7.0,,
00-0008442,Brad Johnson,QB,TB,2001,5,50,24,9.934,1,,2,0,0,0.0,0.0,0.0,17,17,21.9,,
00-0008442,Brad Johnson,QB,TB,2001,6,40,24,-1.895,10,,3,0,0,0.0,0.0,0.0,19,15,15.1,,
00-0008442,Brad Johnson,QB,TB,2001,7,25,18,13.846,1,,1,0,0,0.0,0.0,,43,12,16.9,,
00-0008442,Brad Johnson,QB,TB,2001,8,30,18,-3.252,7,,4,0,0,0.0,0.0,,24,10,17.7,,
00-0008442,Brad Johnson,QB,TB,2001,9,36,20,-3.501,2,,0,0,0,0.0,0.0,,25,22,11.5,,
00-0008442,Brad Johnson,QB,TB,2001,10,56,40,4.14,2,,3,0,0,0.0,0.0,0.0,15,21,20.5,,
00-0008442,Brad Johnson,QB,TB,2001,11,34,21,0.66,2,,6,0,0,0.0,0.0,0.0,31,20,5.1,,
00-0008442,Brad Johnson,QB,TB,2001,12,33,26,5.602,6,,3,0,0,0.0,0.0,,30,25,9.1,,
00-0008442,Brad Johnson,QB,TB,2001,13,54,31,1.352,4,,4,0,0,0.0,0.0,0.0,22,16,15.4,,
00-0008442,Brad Johnson,QB,TB,2001,14,40,18,-20.576,1,,1,0,0,0.0,0.0,0.0,18,14,2.7,,
00-0008442,Brad Johnson,QB,TB,2001,15,31,16,10.963,0,,1,0,0,0.0,0.0,,39,20,21.2,,
00-0008442,Brad Johnson,QB,TB,2001,16,29,13,-11.016,0,,3,0,0,0.0,0.0,,31,15,9.5,,
00-0008442,Brad Johnson,QB,TB,2001,17,4,3,1.357,0,,0,0,0,0.0,0.0,0.0,25,30,1.8,,
00-0008454,Charles Johnson,WR,NE,2001,1,0,0,0.0,0,,0,1,1,0.0,0.0263,,21,18,1.4,,
00-0008454,Charles Johnson,WR,NE,2001,2,0,0,0.0,0,,0,5,2,8,0.1351,0.1905,26,20,3.8,,
00-0008454,Charles Johnson,WR,NE,2001,3,0,0,0.0,0,,0,2,1,0.0,0.087,,39,36,1.3,,
00-0008454,Charles Johnson,WR,NE,2001,6,0,0,0.0,0,,0,2,2,0.0,0.0952,,30,23,2.7,,
00-0008454,Charles Johnson,WR,NE,2001,7,0,0,0.0,0,,0,4,2,33,0.1081,0.3084,24,25,3.1,,
00-0008454,Charles Johnson,WR,NE,2001,8,0,0,0.0,0,,0,2,1,0.0,0.0645,,34,32,1.7,,
00-0008454,Charles Johnson,WR,NE,2001,9,0,0,0.0,0,,0,2,1,0.0,0.1,0.0,31,29,1.6,,
00-0008454,Charles Johnson,WR,NE,2001,10,0,0,0.0,0,,0,2,2,0.0,0.0741,0.0,20,21,3.1,,
00-0008454,Charles Johnson,WR,NE,2001,11,0,0,0.0,0,,0,2,2,0.0,0.0769,,38,34,12.4,,
00-0008454,Charles Johnson,WR,NE,2001,12,0,0,0.0,0,,0,1,0,0.0,0.0357,,23,21,0.0,,
00-0008454,Charles Johnson,WR,NE,2001,13,0,0,0.0,0,,0,2,0,0.0,0.0741,0.0,33,27,0.0,,
00-0008529,J.J. Johnson,RB,MIA,2001,1,0,0,0.0,0,,1,1,1,0.0,0.05,,33,30,1.6,,
00-0008529,J.J. Johnson,RB,MIA,2001,2,0,0,0.0,0,,2,1,0,0.0,0.0303,0.0,34,28,1.3,,
00-0008529,J.J. Johnson,RB,MIA,2001,3,0,0,0.0,0,,2,3,3,0.0,0.1111,0.0,25,27,5.4,,
00-0008529,J.J. Johnson,RB,MIA,2001,4,0,0,0.0,0,,0,1,0,0.0,0.0476,0.0,44,40,0.0,,
00-0008560,Kevin Johnson,WR,CLE,2001,1,0,0,0.0,0,,0,7,4,30,0.2121,1.0,25,27,9.1,,
00-0008560,Kevin Johnson,WR,CLE,2001,2,0,0,0.0,0,,0,4,4,0.0,0.2105,0.0,37,35,12.6,,
00-0008560,Kevin Johnson,WR,CLE,2001,3,0,0,0.0,0,,0,8,6,31,0.1127,0.9688,55,59,14.0,,
00-0008560,Kevin Johnson,WR,CLE,2001,4,0,0,0.0,0,,0,4,3,0.0,0.1538,,31,29,12.8,,
00-0008560,Kevin Johnson,WR,CLE,2001,5,0,0,0.0,0,,0,11,8,0.0,0.3929,,19,20,29.3,,
00-0008560,Kevin Johnson,WR,CLE,2001,6,0,0,0.0,0,,0,6,3,0.0,0.3529,,29,28,13.7,,
00-0008560,Kevin Johnson,WR,CLE,2001,8,0,0,0.0,0,,0,8,5,0.0,0.3478,-0.0,23,24,20.9,,
00-0008560,Kevin Johnson,WR,CLE,2001,9,0,0,0.0,0,,0,16,8,0.0,0.4848,,23,21,14.2,,
00-0008560,Kevin Johnson,WR,CLE,2001,10,0,0,0.0,0,,0,6,3,16,0.2,0.6957,30,32,8.4,,
00-0008560,Kevin Johnson,WR,CLE,2001,11,0,0,0.0,0,,0,11,6,21,0.4074,0.6,39,33,23.3,,
00-0008560,Kevin Johnson,WR,CLE,2001,12,0,0,0.0,0,,0,7,4,0.0,0.1892,0.0,17,14,20.1,,
00-0008560,Kevin Johnson,WR,CLE,2001,13,0,0,0.0,0,,0,12,8,15,0.3243,0.3409,19,23,17.5,,
00-0008560,Kevin Johnson,WR,CLE,2001,14,0,0,0.0,0,,0,5,3,0.0,0.1667,0.0,15,21,6.4,,
00-0008560,Kevin Johnson,WR,CLE,2001,15,0,0,0.0,0,,0,9,7,0.0,0.2727,0.0,26,30,12.4,,
00-0008560,Kevin Johnson,WR,CLE,2001,16,0,0,0.0,0,,0,6,6,0.0,0.2308,0.0,29,32,19.0,,
00-0008560,Kevin Johnson,WR,CLE,2001,17,0,0,0.0,0,,0,9,6,0.0,0.3462,0.0,19,19,14.0,,
00-0008561,Keyshawn Johnson,WR,TB,2001,1,0,0,0.0,0,,0,9,7,17,0.2727,1.0,33,29,14.1,,
00-0008561,Keyshawn Johnson,WR,TB,2001,3,0,0,0.0,0,,0,13,7,15,0.3939,1.0,16,19,16.6,,
00-0008561,Keyshawn Johnson,WR,TB,2001,4,0,0,0.0,0,,0,11,9,0.0,0.3929,,19,7,17.2,,
00-0008561,Keyshawn Johnson,WR,TB,2001,5,0,0,0.0,0,,0,17,8,0.0,0.3542,0.0,17,17,22.0,,
00-0008561,Keyshawn Johnson,WR,TB,2001,6,0,0,0.0,0,,0,16,10,37,0.4,1.0,19,15,25.9,,
00-0008561,Keyshawn Johnson,WR,TB,2001,7,0,0,0.0,0,,0,7,5,0.0,0.2593,,43,12,11.2,,
00-0008561,Keyshawn Johnson,WR,TB,2001,8,0,0,0.0,0,,0,10,6,0.0,0.3333,,24,10,12.3,,
00-0008561,Keyshawn Johnson,WR,TB,2001,9,0,0,0.0,0,,0,13,7,0.0,0.3514,,25,22,14.2,,
00-0008561,Keyshawn Johnson,WR,TB,2001,10,0,0,0.0,0,,0,17,12,32,0.3036,1.0,15,21,20.9,,
00-0008561,Keyshawn Johnson,WR,TB,2001,11,0,0,0.0,0,,0,8,5,0.0,0.2353,0.0,31,20,10.7,,
00-0008561,Keyshawn Johnson,WR,TB,2001,12,0,0,0.0,0,,0,9,7,0.0,0.2727,,30,25,15.5,,
00-0008561,Keyshawn Johnson,WR,TB,2001,13,0,0,0.0,0,,0,16,10,0.0,0.3077,0.0,22,16,26.1,,
00-0008561,Keyshawn Johnson,WR,TB,2001,14,0,0,0.0,0,,0,15,7,0.0,0.375,0.0,18,14,16.9,,
00-0008561,Keyshawn Johnson,WR,TB,2001,15,0,0,0.0,0,,0,8,2,0.0,0.2581,,39,20,6.1,,
00-0008561,Keyshawn Johnson,WR,TB,2001,16,0,0,0.0,0,,0,11,4,0.0,0.3793,,31,15,6.9,,
00-0008568,Leon Johnson,RB,CHI,2001,9,1,1,1.003,0,,0,0,0,0.0,0.0,,24,30,0.7,,
00-0008568,Leon Johnson,RB,CHI,2001,11,0,0,0.0,0,,2,0,0,0.0,0.0,,30,30,9.5,,
00-0008568,Leon Johnson,RB,CHI,2001,12,0,0,0.0,0,,5,0,0,0.0,0.0,0.0,34,33,7.0,,
00-0008568,Leon Johnson,RB,CHI,2001,13,0,0,0.0,0,,2,0,0,0.0,0.0,0.0,19,21,-0.1,,
00-0008568,Leon Johnson,RB,CHI,2001,14,0,0,0.0,0,,3,0,0,0.0,0.0,0.0,40,37,1.1,,
00-0008568,Leon Johnson,RB,CHI,2001,15,0,0,0.0,0,,2,0,0,0.0,0.0,,32,29,9.4,,
00-0008568,Leon Johnson,RB,CHI,2001,16,0,0,0.0,0,,0,2,1,0.0,0.0667,,30,27,1.0,,
00-0008568,Leon Johnson,RB,CHI,2001,17,0,0,0.0,0,,6,0,0,0.0,0.0,,40,41,7.0,,
00-0008598,Pat Johnson,WR,BAL,2001,1,0,0,0.0,0,,0,1,1,0.0,0.0345,,30,26,3.5,,
00-0008598,Pat Johnson,WR,BAL,2001,2,0,0,0.0,0,,0,10,4,15,0.1613,1.875,20,29,13.2,,
00-0008598,Pat Johnson,WR,BAL,2001,4,0,0,0.0,0,,0,1,0,0.0,0.0345,,40,42,0.0,,
00-0008612,Rob Johnson,QB,BUF,2001,1,27,16,-16.235,5,,3,0,0,0.0,0.0,0.0,28,27,2.7,,
00-0008612,Rob Johnson,QB,BUF,2001,2,37,24,4.445,4,,5,0,0,0.0,0.0,0.0,22,17,18.6,,
00-0008612,Rob Johnson,QB,BUF,2001,3,22,13,-3.43,4,,2,0,0,0.0,0.0,0.0,22,19,5.7,,
00-0008612,Rob Johnson,QB,BUF,2001,4,4,3,-6.616,1,,3,0,0,0.0,0.0,0.0,32,22,5.0,,
00-0008612,Rob Johnson,QB,BUF,2001,6,30,23,8.331,2,,5,0,0,0.0,0.0,0.0,56,48,15.7,,
00-0008612,Rob Johnson,QB,BUF,2001,7,37,24,0.168,4,,11,0,0,0.0,0.0,0.0,25,13,25.1,,
00-0008612,Rob Johnson,QB,BUF,2001,8,33,17,-17.031,6,,2,0,0,0.0,0.0,,21,16,7.5,,
00-0008612,Rob Johnson,QB,BUF,2001,9,26,14,-7.304,5,,5,0,0,0.0,0.0,0.0,21,17,6.5,,
00-0008723,Damon Jones,TE,PIT,2001,1,0,0,0.0,0,,0,4,2,0.0,0.0656,0.0,57,51,10.3,,
00-0008723,Damon Jones,TE,TEN,2001,2,0,0,0.0,0,,0,2,2,0.0,0.0317,,52,53,5.8,,
00-0008723,Damon Jones,TE,CLE,2001,3,0,0,0.0,0,,0,2,1,0.0,0.0282,0.0,55,59,2.6,,
00-0008723,Damon Jones,TE,JAX,2001,4,0,0,0.0,0,,0,2,1,0.0,0.0526,,21,24,2.8,,
00-0008723,Damon Jones,TE,BUF,2001,6,0,0,0.0,0,,0,2,2,0.0,0.0364,0.0,56,48,4.5,,
00-0008723,Damon Jones,TE,CIN,2001,9,0,0,0.0,0,,0,1,0,0.0,0.0125,0.0,48,48,0.0,,
00-0008749,Freddie Jones,TE,LAC,2001,1,0,0,0.0,0,,0,2,1,0.0,0.1111,0.0,46,45,2.6,,
00-0008749,Freddie Jones,TE,LAC,2001,2,0,0,0.0,0,,0,7,5,0.0,0.1892,,38,35,16.1,,
00-0008749,Freddie Jones,TE,LAC,2001,3,0,0,0.0,0,,0,1,0,0.0,0.0526,,35,34,0.0,,
00-0008749,Freddie Jones,TE,LAC,2001,4,0,0,0.0,0,,0,7,3,0.0,0.1944,,26,25,5.3,,
00-0008749,Freddie Jones,TE,LAC,2001,5,0,0,0.0,0,,0,2,2,0.0,0.0625,,28,31,3.5,,
00-0008749,Freddie Jones,TE,LAC,2001,6,0,0,0.0,0,,0,4,3,0.0,0.125,0.0,32,32,8.6,,
00-0008749,Freddie Jones,TE,LAC,2001,7,0,0,0.0,0,,0,5,2,0.0,0.1562,,20,23,8.5,,
00-0008749,Freddie Jones,TE,LAC,2001,8,0,0,0.0,0,,0,3,3,0.0,0.0714,0.0,20,22,12.6,,
00-0008749,Freddie Jones,TE,LAC,2001,9,0,0,0.0,0,,0,2,0,0.0,0.0667,0.0,17,20,0.0,,
00-0008749,Freddie Jones,TE,LAC,2001,12,0,0,0.0,0,,0,7,4,17,0.2121,0.5667,27,30,7.3,,
00-0008749,Freddie Jones,TE,LAC,2001,13,0,0,0.0,0,,0,8,3,0.0,0.1818,0.0,27,24,10.0,,
00-0008749,Freddie Jones,TE,LAC,2001,14,0,0,0.0,0,,0,2,1,0.0,0.0556,0.0,22,24,2.0,,
00-0008749,Freddie Jones,TE,LAC,2001,15,0,0,0.0,0,,0,4,3,0.0,0.1538,,29,30,11.9,,
00-0008749,Freddie Jones,TE,LAC,2001,16,0,0,0.0,0,,0,6,5,0.0,0.1132,0.0,16,25,9.4,,
00-0008841,Reggie Jones,WR,LAC,2001,2,0,0,0.0,0,,0,1,1,0.0,0.027,,38,35,1.7,,
00-0008841,Reggie Jones,WR,LAC,2001,5,0,0,0.0,0,,0,1,1,0.0,0.0312,,28,31,2.1,,
00-0008841,Reggie Jones,WR,LAC,2001,8,0,0,0.0,0,,0,2,0,0.0,0.0476,0.0,20,22,0.0,,
00-0008841,Reggie Jones,WR,LAC,2001,9,0,0,0.0,0,,0,5,3,0.0,0.1667,0.0,17,20,4.1,,
00-0008903,Andrew Jordan,TE,MIN,2001,2,0,0,0.0,0,,0,1,1,0.0,0.027,,25,21,7.3,,
00-0008903,Andrew Jordan,TE,MIN,2001,3,0,0,0.0,0,,0,1,0,0.0,0.0227,0.0,24,23,0.0,,
00-0008903,Andrew Jordan,TE,MIN,2001,11,0,0,0.0,0,,0,1,1,0.0,0.0227,-0.0,23,18,1.4,,
00-0008903,Andrew Jordan,TE,MIN,2001,13,0,0,0.0,0,,0,1,0,0.0,0.0333,0.0,25,23,0.0,,
00-0008903,Andrew Jordan,TE,MIN,2001,16,0,0,0.0,0,,0,1,1,0.0,0.0333,0.0,44,34,1.4,,
00-0008903,Andrew Jordan,TE,MIN,2001,17,0,0,0.0,0,,0,2,0,0.0,0.0667,0.0,21,16,0.0,,
00-0008921,Randy Jordan,RB,LV,2001,1,0,0,0.0,0,,0,2,1,0.0,0.0488,0.0,28,35,1.6,,
00-0008921,Randy Jordan,RB,LV,2001,2,0,0,0.0,0,,0,1,1,0.0,0.04,,26,32,2.6,,
00-0008921,Randy Jordan,RB,LV,2001,3,0,0,0.0,0,,5,1,1,0.0,0.0312,,25,27,1.8,,
00-0008921,Randy Jordan,RB,LV,2001,4,0,0,0.0,0,,1,0,0,0.0,0.0,,34,29,0.5,,
00-0008921,Randy Jordan,RB,LV,2001,5,0,0,0.0,0,,2,1,1,0.0,0.0312,,30,28,2.1,,
00-0008921,Randy Jordan,RB,LV,2001,7,0,0,0.0,0,,3,1,0,0.0,0.0385,,47,47,4.5,,
00-0008921,Randy Jordan,RB,LV,2001,8,0,0,0.0,0,,1,0,0,0.0,0.0,,30,26,0.2,,
00-0008921,Randy Jordan,RB,LV,2001,9,0,0,0.0,0,,0,2,2,0.0,0.0556,,18,22,2.6,,
00-0008921,Randy Jordan,RB,LV,2001,10,0,0,0.0,0,,1,2,1,0.0,0.0526,0.0,28,32,2.7,,
00-0008921,Randy Jordan,RB,LV,2001,13,0,0,0.0,0,,0,2,0,0.0,0.0833,0.0,26,21,0.0,,
00-0008921,Randy Jordan,RB,LV,2001,16,0,0,0.0,0,,0,1,1,0.0,0.0213,0.0,16,25,1.4,,
00-0008921,Randy Jordan,RB,LV,2001,17,0,0,0.0,0,,0,2,1,0.0,0.0541,,30,37,1.2,,
00-0008962,Joe Jurevicius,WR,NYG,2001,1,0,0,0.0,0,,0,9,5,0.0,0.2727,,19,21,12.6,,
00-0008962,Joe Jurevicius,WR,NYG,2001,2,0,0,0.0,0,,0,9,7,0.0,0.2903,0.0,31,34,16.0,,
00-0008962,Joe Jurevicius,WR,NYG,2001,3,0,0,0.0,0,,0,4,2,0.0,0.2222,,28,28,14.0,,
00-0008962,Joe Jurevicius,WR,NYG,2001,4,0,0,0.0,0,,0,3,1,0.0,0.1034,0.0,46,47,2.2,,
00-0008962,Joe Jurevicius,WR,NYG,2001,5,0,0,0.0,0,,0,8,5,8,0.25,0.2424,24,28,14.3,,
00-0008962,Joe Jurevicius,WR,NYG,2001,6,0,0,0.0,0,,0,5,3,0.0,0.1562,,31,38,5.2,,
00-0008962,Joe Jurevicius,WR,NYG,2001,7,0,0,0.0,0,,0,9,6,0.0,0.1731,0.0,19,29,13.7,,
00-0008962,Joe Jurevicius,WR,NYG,2001,8,0,0,0.0,0,,0,4,3,0.0,0.1176,0.0,26,35,20.0,,
00-0008962,Joe Jurevicius,WR,NYG,2001,9,0,0,0.0,0,,0,4,1,22,0.1739,1.0,41,41,2.4,,
00-0008962,Joe Jurevicius,WR,NYG,2001,10,0,0,0.0,0,,0,8,3,22,0.2162,0.6667,15,16,7.2,,
00-0008962,Joe Jurevicius,WR,NYG,2001,11,0,0,0.0,0,,0,5,2,0.0,0.1389,,27,34,3.8,,
00-0008962,Joe Jurevicius,WR,NYG,2001,15,0,0,0.0,0,,0,9,4,0.0,0.1957,,21,29,9.2,,
00-0008962,Joe Jurevicius,WR,NYG,2001,16,0,0,0.0,0,,0,2,1,0.0,0.0513,,26,36,2.8,,
00-0008962,Joe Jurevicius,WR,NYG,2001,17,0,0,0.0,0,,0,13,8,0.0,0.2281,0.0,21,33,16.2,,
00-0009119,Reggie Kelly,TE,ATL,2001,1,0,0,0.0,0,,0,1,0,0.0,0.0455,,31,27,0.0,,
00-0009119,Reggie Kelly,TE,ATL,2001,2,0,0,0.0,0,,0,1,1,0.0,0.0667,0.0,28,26,1.5,,
00-0009119,Reggie Kelly,TE,ATL,2001,3,0,0,0.0,0,,0,4,3,0.0,0.1481,,34,31,5.8,,
00-0009119,Reggie Kelly,TE,ATL,2001,4,0,0,0.0,0,,0,3,1,16,0.1,0.2581,25,19,1.5,,
00-0009119,Reggie Kelly,TE,ATL,2001,5,0,0,0.0,0,,0,2,1,0.0,0.0556,0.0,24,22,1.9,,
00-0009119,Reggie Kelly,TE,ATL,2001,6,0,0,0.0,0,,0,1,0,0.0,0.0476,0.0,30,26,0.0,,
00-0009119,Reggie Kelly,TE,ATL,2001,8,0,0,0.0,0,,0,3,0,0.0,0.1034,0.0,19,16,0.0,,
00-0009119,Reggie Kelly,TE,ATL,2001,9,0,0,0.0,0,,0,1,1,0.0,0.0625,,33,27,1.7,,
00-0009119,Reggie Kelly,TE,ATL,2001,11,0,0,0.0,0,,0,3,0,0.0,0.1111,,33,25,0.0,,
00-0009119,Reggie Kelly,TE,ATL,2001,12,0,0,0.0,0,,0,2,2,0.0,0.0556,0.0,30,21,4.3,,
00-0009119,Reggie Kelly,TE,ATL,2001,13,0,0,0.0,0,,0,1,1,0.0,0.0312,0.0,21,13,2.3,,
00-0009119,Reggie Kelly,TE,ATL,2001,14,0,0,0.0,0,,0,4,3,0.0,0.1,,19,14,4.3,,
00-0009119,Reggie Kelly,TE,ATL,2001,15,0,0,0.0,0,,0,3,3,0.0,0.0789,,29,28,6.9,,
00-0009163,Eddie Kennison,WR,DEN,2001,1,0,0,0.0,0,,0,2,1,0.0,0.069,,36,28,4.6,,
00-0009163,Eddie Kennison,WR,DEN,2001,2,0,0,0.0,0,,0,2,2,0.0,0.069,,37,33,3.2,,
00-0009163,Eddie Kennison,WR,DEN,2001,3,0,0,0.0,0,,1,6,1,0.0,0.1818,0.0,24,19,0.5,,
00-0009163,Eddie Kennison,WR,DEN,2001,5,0,0,0.0,0,,0,7,6,0.0,0.1944,0.0,20,22,20.4,,
00-0009163,Eddie Kennison,WR,DEN,2001,6,0,0,0.0,0,,0,6,4,0.0,0.1538,0.0,21,19,6.7,,
00-0009163,Eddie Kennison,WR,DEN,2001,7,0,0,0.0,0,,1,3,0,0.0,0.1154,0.0,29,24,1.0,,
00-0009163,Eddie Kennison,WR,DEN,2001,8,0,0,0.0,0,,1,2,1,0.0,0.0541,0.0,23,25,2.4,,
00-0009163,Eddie Kennison,WR,KC,2001,13,0,0,0.0,0,,0,2,1,16,0.0625,1.0,36,34,1.7,,
00-0009163,Eddie Kennison,WR,KC,2001,14,0,0,0.0,0,,1,4,3,0.0,0.2,0.0,33,30,10.6,,
00-0009163,Eddie Kennison,WR,KC,2001,15,0,0,0.0,0,,1,3,3,0.0,0.1111,0.0,32,26,8.7,,
00-0009163,Eddie Kennison,WR,KC,2001,16,0,0,0.0,0,,0,7,6,0.0,0.0986,0.0,57,58,18.1,,
00-0009163,Eddie Kennison,WR,KC,2001,17,0,0,0.0,0,,0,6,3,21,0.1875,1.0,28,29,12.4,,
00-0009266,Shaun King,QB,TB,2001,7,3,2,4.538,0,,3,0,0,0.0,0.0,,43,12,2.2,,
00-0009266,Shaun King,QB,TB,2001,17,28,19,-6.484,3,,2,0,0,0.0,0.0,0.0,25,30,3.0,,
00-0009288,Terry Kirby,RB,LV,2001,7,0,0,0.0,0,,2,1,1,0.0,0.0385,,47,47,3.3,,
00-0009288,Terry Kirby,RB,LV,2001,8,0,0,0.0,0,,3,2,2,0.0,0.0606,,30,26,5.3,,
00-0009288,Terry Kirby,RB,LV,2001,9,0,0,0.0,0,,1,1,1,0.0,0.0278,,18,22,7.8,,
00-0009288,Terry Kirby,RB,LV,2001,10,0,0,0.0,0,,0,1,1,0.0,0.0263,0.0,28,32,1.9,,
00-0009288,Terry Kirby,RB,LV,2001,12,0,0,0.0,0,,0,1,1,0.0,0.0222,0.0,32,32,1.9,,
00-0009288,Terry Kirby,RB,LV,2001,13,0,0,0.0,0,,1,0,0,0.0,0.0,0.0,26,21,0.1,,
00-0009288,Terry Kirby,RB,LV,2001,14,0,0,0.0,0,,2,1,1,0.0,0.0357,0.0,27,29,2.0,,
00-0009288,Terry Kirby,RB,LV,2001,17,0,0,0.0,0,,1,2,2,0.0,0.0541,,30,37,3.8,,
00-0009311,Jon Kitna,QB,CIN,2001,1,27,18,0.404,1,,2,0,0,0.0,0.0,,33,34,9.9,,
00-0009311,Jon Kitna,QB,CIN,2001,2,30,19,-3.393,2,,1,0,0,0.0,0.0,,23,26,16.4,,
00-0009311,Jon Kitna,QB,CIN,2001,3,32,18,-1.22,2,,5,0,0,0.0,0.0,0.0,26,25,8.4,,
00-0009311,Jon Kitna,QB,CIN,2001,4,34,19,-3.992,2,,2,0,0,0.0,0.0,0.0,21,20,8.7,,
00-0009311,Jon Kitna,QB,CIN,2001,5,38,20,4.945,0,,4,0,0,0.0,0.0,,42,43,15.8,,
00-0009311,Jon Kitna,QB,CIN,2001,6,46,19,-4.123,2,,0,0,0,0.0,0.0,0.0,21,20,7.8,,
00-0009311,Jon Kitna,QB,CIN,2001,7,27,17,4.338,1,,3,0,0,0.0,0.0,0.0,37,34,14.8,,
00-0009311,Jon Kitna,QB,CIN,2001,9,48,28,2.934,4,,2,0,0,0.0,0.0,0.0,48,48,10.1,,
00-0009311,Jon Kitna,QB,CIN,2001,10,41,23,-3.44,1,,1,0,0,0.0,0.0,0.0,21,23,8.3,,
00-0009311,Jon Kitna,QB,CIN,2001,11,19,8,-9.635,0,,0,0,0,0.0,0.0,0.0,24,23,-0.6,,
00-0009311,Jon Kitna,QB,CIN,2001,12,38,19,-7.295,3,,0,0,0,0.0,0.0,0.0,24,29,7.8,,
00-0009311,Jon Kitna,QB,CIN,2001,13,30,16,-6.114,1,,1,0,0,0.0,0.0,0.0,27,29,3.8,,
00-0009311,Jon Kitna,QB,CIN,2001,14,17,10,0.334,0,,1,0,0,0.0,0.0,0.0,33,30,-1.9,,
00-0009311,Jon Kitna,QB,CIN,2001,15,39,16,-23.561,3,,1,0,0,0.0,0.0,0.0,30,31,-1.8,,
00-0009311,Jon Kitna,QB,CIN,2001,16,68,35,3.454,2,,2,0,0,0.0,0.0,0.0,29,29,23.0,,
00-0009311,Jon Kitna,QB,CIN,2001,17,47,28,11.655,1,,2,0,0,0.0,0.0,0.0,27,30,9.6,,
00-0009323,Jimmy Kleinsasser,TE,MIN,2001,1,0,0,0.0,0,,0,3,3,0.0,0.0811,0.0,26,17,3.2,,
00-0009323,Jimmy Kleinsasser,TE,MIN,2001,2,0,0,0.0,0,,1,2,2,0.0,0.0541,,25,21,5.4,,
00-0009323,Jimmy Kleinsasser,TE,MIN,2001,3,0,0,0.0,0,,1,10,8,0.0,0.2273,0.0,24,23,13.2,,
00-0009323,Jimmy Kleinsasser,TE,MIN,2001,4,0,0,0.0,0,,2,4,4,0.0,0.1212,0.0,11,13,9.3,,
00-0009323,Jimmy Kleinsasser,TE,MIN,2001,5,0,0,0.0,0,,1,0,0,0.0,0.0,0.0,27,21,0.2,,
00-0009323,Jimmy Kleinsasser,TE,MIN,2001,6,0,0,0.0,0,,5,2,1,0.0,0.0741,,36,24,9.6,,
00-0009323,Jimmy Kleinsasser,TE,MIN,2001,7,0,0,0.0,0,,2,2,1,0.0,0.0833,0.0,18,8,2.2,,
00-0009323,Jimmy Kleinsasser,TE,MIN,2001,9,0,0,0.0,0,,4,2,2,0.0,0.0571,0.0,21,13,2.8,,
00-0009323,Jimmy Kleinsasser,TE,MIN,2001,10,0,0,0.0,0,,4,1,1,0.0,0.0278,0.0,28,14,2.2,,
00-0009323,Jimmy Kleinsasser,TE,MIN,2001,15,0,0,0.0,0,,1,2,2,0.0,0.0513,0.0,14,15,2.5,,
00-0009323,Jimmy Kleinsasser,TE,MIN,2001,16,0,0,0.0,0,,2,0,0,0.0,0.0,0.0,44,34,1.0,,
00-0009443,Brian Kozlowski,TE,ATL,2001,2,0,0,0.0,0,,0,4,4,0.0,0.2667,0.0,28,26,12.6,,
00-0009443,Brian Kozlowski,TE,ATL,2001,3,0,0,0.0,0,,0,1,0,0.0,0.037,,34,31,0.0,,
00-0009443,Brian Kozlowski,TE,ATL,2001,6,0,0,0.0,0,,0,1,0,7,0.0476,1.0,30,26,0.0,,
00-0009443,Brian Kozlowski,TE,ATL,2001,9,0,0,0.0,0,,0,1,1,0.0,0.0625,,33,27,7.1,,
00-0009443,Brian Kozlowski,TE,ATL,2001,10,0,0,0.0,0,,0,5,3,0.0,0.1,0.0,25,23,8.8,,
00-0009443,Brian Kozlowski,TE,ATL,2001,12,0,0,0.0,0,,0,2,1,0.0,0.0556,0.0,30,21,3.1,,
00-0009443,Brian Kozlowski,TE,ATL,2001,15,0,0,0.0,0,,0,1,1,0.0,0.0263,,29,28,5.3,,
00-0009443,Brian Kozlowski,TE,ATL,2001,16,0,0,0.0,0,,0,2,2,0.0,0.0645,0.0,37,23,4.4,,
00-0009443,Brian Kozlowski,TE,ATL,2001,17,0,0,0.0,0,,0,5,3,0.0,0.1667,0.0,21,15,6.7,,
00-0009715,Ryan Leaf,QB,DAL,2001,8,8,4,1.011,2,,0,0,0,0.0,0.0,0.0,32,33,3.4,,
00-0009715,Ryan Leaf,QB,DAL,2001,9,22,14,0.444,3,,3,0,0,0.0,0.0,0.0,33,29,5.9,,
00-0009715,Ryan Leaf,QB,DAL,2001,10,26,11,-21.449,3,,1,0,0,0.0,0.0,0.0,23,22,-1.9,,
00-0009715,Ryan Leaf,QB,DAL,2001,11,32,16,-10.369,4,,0,0,0,0.0,0.0,,16,19,5.7,,
00-0009829,Dorsey Levens,RB,GB,2001,1,0,0,0.0,0,,7,3,3,0.0,0.1111,,29,30,5.5,,
00-0009829,Dorsey Levens,RB,GB,2001,2,0,0,0.0,0,,5,2,2,0.0,0.0645,0.0,40,42,5.0,,
00-0009829,Dorsey Levens,RB,GB,2001,4,0,0,0.0,0,,2,3,2,0.0,0.0882,0.0,22,26,3.4,,
00-0009829,Dorsey Levens,RB,GB,2001,5,0,0,0.0,0,,2,5,4,0.0,0.1471,,24,28,6.4,,
00-0009829,Dorsey Levens,RB,GB,2001,6,0,0,0.0,0,,2,3,1,0.0,0.0882,0.0,15,19,1.4,,
00-0009829,Dorsey Levens,RB,GB,2001,8,0,0,0.0,0,,1,0,0,0.0,0.0,0.0,29,31,0.2,,
00-0009829,Dorsey Levens,RB,GB,2001,9,0,0,0.0,0,,3,2,1,15,0.0625,1.0,23,24,2.6,,
00-0009829,Dorsey Levens,RB,GB,2001,10,0,0,0.0,0,,1,2,2,0.0,0.069,0.0,19,25,3.6,,
00-0009829,Dorsey Levens,RB,GB,2001,11,0,0,0.0,0,,4,3,3,0.0,0.1154,,27,31,5.8,,
00-0009829,Dorsey Levens,RB,GB,2001,12,0,0,0.0,0,,2,2,1,0.0,0.0233,0.0,44,51,3.0,,
00-0009829,Dorsey Levens,RB,GB,2001,13,0,0,0.0,0,,5,2,1,0.0,0.0741,0.0,36,37,4.1,,
00-0009829,Dorsey Levens,RB,GB,2001,14,0,0,0.0,0,,0,3,0,0.0,0.0833,-0.0,15,13,0.0,,
00-0009829,Dorsey Levens,RB,GB,2001,15,0,0,0.0,0,,9,2,2,0.0,0.0714,,33,35,17.7,,
00-0009829,Dorsey Levens,RB,GB,2001,16,0,0,0.0,0,,1,1,1,0.0,0.0345,,20,21,1.3,,
00-0009829,Dorsey Levens,RB,GB,2001,17,0,0,0.0,0,,0,2,1,0.0,0.069,,26,26,2.4,,
00-0009842,Chad Lewis,TE,PHI,2001,1,0,0,0.0,0,,0,8,5,0.0,0.1702,0.0,18,26,7.5,,
00-0009842,Chad Lewis,TE,PHI,2001,2,0,0,0.0,0,,0,5,3,0.0,0.1351,,31,33,4.3,,
00-0009842,Chad Lewis,TE,PHI,2001,3,0,0,0.0,0,,0,4,4,0.0,0.1481,,30,29,20.3,,
00-0009842,Chad Lewis,TE,PHI,2001,4,0,0,0.0,0,,0,5,4,0.0,0.1786,0.0,30,30,7.8,,
00-0009842,Chad Lewis,TE,PHI,2001,6,0,0,0.0,0,,0,3,1,0.0,0.1154,0.0,20,18,2.5,,
00-0009842,Chad Lewis,TE,PHI,2001,7,0,0,0.0,0,,0,3,2,0.0,0.1111,,16,14,4.7,,
00-0009842,Chad Lewis,TE,PHI,2001,8,0,0,0.0,0,,0,6,4,0.0,0.1875,0.0,22,19,9.7,,
00-0009842,Chad Lewis,TE,PHI,2001,9,0,0,0.0,0,,0,3,1,0.0,0.1034,,35,35,1.7,,
00-0009842,Chad Lewis,TE,PHI,2001,10,0,0,0.0,0,,0,6,3,0.0,0.2,0.0,35,35,10.8,,
00-0009842,Chad Lewis,TE,PHI,2001,11,0,0,0.0,0,,0,3,0,0.0,0.1111,,22,27,0.0,,
00-0009842,Chad Lewis,TE,PHI,2001,12,0,0,0.0,0,,0,2,1,0.0,0.0769,0.0,36,32,3.7,,
00-0009842,Chad Lewis,TE,PHI,2001,13,0,0,0.0,0,,0,7,4,0.0,0.1591,0.0,24,23,12.7,,
00-0009842,Chad Lewis,TE,PHI,2001,14,0,0,0.0,0,,0,3,1,0.0,0.0938,0.0,23,25,3.5,,
00-0009842,Chad Lewis,TE,PHI,2001,15,0,0,0.0,0,,0,2,1,1,0.0588,1.0,22,29,1.6,,
00-0009842,Chad Lewis,TE,PHI,2001,16,0,0,0.0,0,,0,8,7,0.0,0.2162,0.0,23,18,26.4,,
00-0009869,Jermaine Lewis,WR,BAL,2001,1,0,0,0.0,0,,1,1,1,0.0,0.0345,,30,26,-0.6,,
00-0009869,Jermaine Lewis,WR,BAL,2001,6,0,0,0.0,0,,0,1,0,0.0,0.0244,0.0,27,34,0.0,,
00-0009869,Jermaine Lewis,WR,BAL,2001,7,0,0,0.0,0,,1,0,0,0.0,0.0,0.0,32,30,1.4,,
00-0009869,Jermaine Lewis,WR,BAL,2001,10,0,0,0.0,0,,1,1,1,0.0,0.0233,0.0,27,28,1.5,,
00-0009869,Jermaine Lewis,WR,BAL,2001,12,0,0,0.0,0,,3,1,1,0.0,0.0256,0.0,31,34,3.1,,
00-0009869,Jermaine Lewis,WR,BAL,2001,14,0,0,0.0,0,,0,1,1,0.0,0.027,0.0,13,16,1.9,,
00-0009869,Jermaine Lewis,WR,BAL,2001,15,0,0,0.0,0,,1,0,0,0.0,0.0,,35,33,0.4,,
00-0009869,Jermaine Lewis,WR,BAL,2001,17,0,0,0.0,0,,2,0,0,0.0,0.0,,42,41,0.8,,
00-0010007,Kevin Lockett,WR,WAS,2001,1,0,0,0.0,0,,0,3,0,0.0,0.0938,0.0,19,18,0.0,,
00-0010007,Kevin Lockett,WR,WAS,2001,2,0,0,0.0,0,,0,3,3,0.0,0.125,0.0,15,16,4.6,,
00-0010007,Kevin Lockett,WR,WAS,2001,3,0,0,0.0,0,,0,4,2,0.0,0.1538,0.0,20,17,5.3,,
00-0010007,Kevin Lockett,WR,WAS,2001,4,0,0,0.0,0,,0,1,0,17,0.0333,0.7391,17,13,0.0,,
00-0010007,Kevin Lockett,WR,WAS,2001,6,0,0,0.0,0,,0,3,3,0.0,0.1071,0.0,28,29,6.3,,
00-0010007,Kevin Lockett,WR,WAS,2001,7,1,1,3.177,0,,0,4,3,0.0,0.2,,35,33,12.8,,
00-0010007,Kevin Lockett,WR,WAS,2001,8,0,0,0.0,0,,0,3,2,0.0,0.1364,0.0,46,46,3.6,,
00-0010007,Kevin Lockett,WR,WAS,2001,10,0,0,0.0,0,,0,3,0,0.0,0.0968,,32,28,0.0,,
00-0010007,Kevin Lockett,WR,WAS,2001,11,0,0,0.0,0,,0,1,0,0.0,0.0556,,45,42,0.0,,
00-0010007,Kevin Lockett,WR,WAS,2001,12,0,0,0.0,0,,0,4,4,0.0,0.129,0.0,22,22,10.6,,
00-0010007,Kevin Lockett,WR,WAS,2001,13,0,0,0.0,0,,0,2,2,0.0,0.08,,35,31,4.7,,
00-0010007,Kevin Lockett,WR,WAS,2001,14,0,0,0.0,0,,0,3,1,0.0,0.0882,0.0,29,28,1.6,,
00-0010007,Kevin Lockett,WR,WAS,2001,15,0,0,0.0,0,,0,4,1,0.0,0.0976,,28,30,2.3,,
00-0010007,Kevin Lockett,WR,WAS,2001,16,0,0,0.0,0,,0,3,1,5,0.2,1.0,44,38,2.7,,
00-0010137,Ray Lucas,QB,MIA,2001,5,1,1,2.235,0,,1,0,0,0.0,0.0,0.0,29,33,1.3,,
00-0010137,Ray Lucas,QB,MIA,2001,7,0,0,0.0,0,,2,0,0,0.0,0.0,0.0,34,24,0.0,,
00-0010137,Ray Lucas,QB,MIA,2001,9,1,0,-0.75,0,,0,0,0,0.0,0.0,0.0,28,27,0.0,,
00-0010137,Ray Lucas,QB,MIA,2001,11,1,1,1.46,0,,1,0,0,0.0,0.0,,30,27,0.5,,
00-0010137,Ray Lucas,QB,MIA,2001,12,0,0,0.0,0,,1,0,0,0.0,0.0,,22,23,0.3,,
00-0010137,Ray Lucas,QB,MIA,2001,13,0,0,0.0,0,,1,0,0,0.0,0.0,,38,36,6.2,,
00-0010137,Ray Lucas,QB,MIA,2001,17,0,0,0.0,0,,2,0,0,0.0,0.0,,43,33,0.1,,
00-0010146,Mike Lucky,TE,DAL,2001,2,0,0,0.0,0,,0,2,1,0.0,0.0833,0.0,26,20,7.7,,
00-0010146,Mike Lucky,TE,DAL,2001,3,0,0,0.0,0,,0,4,2,0.0,0.1333,0.0,30,32,2.8,,
00-0010146,Mike Lucky,TE,DAL,2001,4,0,0,0.0,0,,0,2,1,0.0,0.0769,,30,24,1.4,,
00-0010146,Mike Lucky,TE,DAL,2001,8,0,0,0.0,0,,0,2,2,0.0,0.0645,0.0,32,33,3.8,,
00-0010146,Mike Lucky,TE,DAL,2001,9,0,0,0.0,0,,0,1,1,0.0,0.05,0.0,33,29,0.8,,
00-0010146,Mike Lucky,TE,DAL,2001,10,0,0,0.0,0,,0,2,1,9,0.0833,0.4737,23,22,1.9,,
00-0010146,Mike Lucky,TE,DAL,2001,11,0,0,0.0,0,,0,2,1,0.0,0.0625,,16,19,1.9,,
00-0010146,Mike Lucky,TE,DAL,2001,12,0,0,0.0,0,,0,1,1,0.0,0.0769,0.0,45,38,1.7,,
00-0010146,Mike Lucky,TE,DAL,2001,15,0,0,0.0,0,,0,2,2,0.0,0.0769,0.0,40,38,4.9,,
00-0010146,Mike Lucky,TE,DAL,2001,16,0,0,0.0,0,,0,3,1,0.0,0.12,,44,37,1.7,,
00-0010206,Matt Lytle,QB,CAR,2001,8,4,2,-3.134,2,,0,0,0,0.0,0.0,0.0,20,14,0.3,,
00-0010206,Matt Lytle,QB,CAR,2001,9,25,15,-16.709,1,,2,0,0,0.0,0.0,0.0,19,19,5.8,,
00-0010206,Matt Lytle,QB,CAR,2001,12,1,0,-0.113,0,,0,0,0,0.0,0.0,0.0,19,19,-2.0,,
00-0010240,Stacey Mack,RB,PIT,2001,1,0,0,0.0,0,,1,0,0,0.0,0.0,0.0,57,51,-0.2,,
00-0010240,Stacey Mack,RB,TEN,2001,2,0,0,0.0,0,,18,3,2,0.0,0.0476,,52,53,17.4,,
00-0010240,Stacey Mack,RB,CLE,2001,3,0,0,0.0,0,,17,4,3,0.0,0.0563,0.0,55,59,14.1,,
00-0010240,Stacey Mack,RB,JAX,2001,4,0,0,0.0,0,,8,2,2,0.0,0.0526,,21,24,2.6,,
00-0010240,Stacey Mack,RB,BUF,2001,6,0,0,0.0,0,,15,1,0,0.0,0.0182,0.0,56,48,8.4,,
00-0010240,Stacey Mack,RB,JAX,2001,7,0,0,0.0,0,,2,3,2,0.0,0.0811,,15,14,9.8,,
00-0010240,Stacey Mack,RB,JAX,2001,8,0,0,0.0,0,,4,0,0,0.0,0.0,0.0,17,18,6.3,,
00-0010240,Stacey Mack,RB,CIN,2001,9,0,0,0.0,0,,15,1,1,0.0,0.0125,0.0,48,48,20.7,,
00-0010240,Stacey Mack,RB,JAX,2001,10,0,0,0.0,0,,8,1,1,0.0,0.0323,,16,13,3.5,,
00-0010240,Stacey Mack,RB,BAL,2001,11,0,0,0.0,0,,13,6,5,0.0,0.0923,0.0,61,69,26.5,,
00-0010240,Stacey Mack,RB,GB,2001,12,0,0,0.0,0,,16,2,2,0.0,0.0233,0.0,44,51,6.0,,
00-0010240,Stacey Mack,RB,JAX,2001,13,0,0,0.0,0,,14,1,1,0.0,0.0323,0.0,25,23,3.2,,
00-0010240,Stacey Mack,RB,JAX,2001,14,0,0,0.0,0,,28,5,3,0.0,0.1429,0.0,33,31,16.9,,
00-0010240,Stacey Mack,RB,JAX,2001,15,0,0,0.0,0,,27,0,0,0.0,0.0,,37,37,23.1,,
00-0010240,Stacey Mack,RB,KC,2001,16,0,0,0.0,0,,16,1,1,0.0,0.0141,0.0,57,58,20.3,,
00-0010240,Stacey Mack,RB,JAX,2001,17,0,0,0.0,0,,11,4,0,1,0.1111,0.0667,16,16,6.6,,
00-0010261,Tommy Maddox,QB,PIT,2001,7,1,1,2.886,0,,3,0,0,0.0,0.0,,39,29,2.0,,
00-0010261,Tommy Maddox,QB,PIT,2001,15,0,0,0.0,0,,2,0,0,0.0,0.0,,43,37,6.4,,
00-0010261,Tommy Maddox,QB,PIT,2001,17,8,6,2.728,1,,1,0,0,0.0,0.0,0.0,36,31,6.7,,
00-0010333,Kris Mangum,TE,CAR,2001,1,0,0,0.0,0,,0,1,0,0.0,0.0476,0.0,38,32,0.0,,
00-0010333,Kris Mangum,TE,CAR,2001,2,0,0,0.0,0,,0,1,1,0.0,0.025,,21,23,1.5,,
00-0010333,Kris Mangum,TE,CAR,2001,8,0,0,0.0,0,,0,2,1,0.0,0.0625,0.0,20,14,1.3,,
00-0010333,Kris Mangum,TE,CAR,2001,9,0,0,0.0,0,,0,1,1,0.0,0.04,0.0,19,19,7.4,,
00-0010333,Kris Mangum,TE,CAR,2001,11,0,0,0.0,0,,0,1,0,0.0,0.0333,0.0,28,20,0.0,,
00-0010333,Kris Mangum,TE,CAR,2001,13,0,0,0.0,0,,0,4,3,0.0,0.1333,0.0,27,26,10.9,,
00-0010333,Kris Mangum,TE,CAR,2001,15,0,0,0.0,0,,0,5,2,0.0,0.098,,21,19,2.9,,
00-0010333,Kris Mangum,TE,CAR,2001,16,0,0,0.0,0,,0,7,4,0.0,0.1129,0.0,20,17,6.7,,
00-0010333,Kris Mangum,TE,CAR,2001,17,0,0,0.0,0,,0,5,3,0.0,0.1429,0.0,26,28,5.2,,
00-0010346,Peyton Manning,QB,IND,2001,1,32,22,12.493,1,,2,0,0,0.0,0.0,0.0,30,30,15.1,,
00-0010346,Peyton Manning,QB,IND,2001,2,29,23,16.667,1,,7,0,0,0.0,0.0,0.0,30,27,37.4,,
00-0010346,Peyton Manning,QB,IND,2001,3,34,20,-14.579,2,,2,0,0,0.0,0.0,0.0,24,28,13.2,,
00-0010346,Peyton Manning,QB,IND,2001,5,41,26,-4.793,1,,1,0,0,0.0,0.0,0.0,27,32,13.8,,
00-0010346,Peyton Manning,QB,IND,2001,6,34,22,2.102,4,,2,0,0,0.0,0.0,,34,36,17.5,,
00-0010346,Peyton Manning,QB,IND,2001,7,30,19,7.079,3,,2,0,0,0.0,0.0,,33,33,16.5,,
00-0010346,Peyton Manning,QB,IND,2001,8,27,17,3.075,4,,3,0,0,0.0,0.0,,37,38,22.4,,
00-0010346,Peyton Manning,QB,IND,2001,9,33,20,0.893,3,,1,0,0,0.0,0.0,0.0,25,24,18.6,,
00-0010346,Peyton Manning,QB,IND,2001,10,28,18,7.814,0,,4,0,0,0.0,0.0,0.0,23,21,13.2,,
00-0010346,Peyton Manning,QB,IND,2001,11,51,31,-3.78,1,,1,0,0,0.0,0.0,0.0,32,37,10.8,,
00-0010346,Peyton Manning,QB,IND,2001,12,48,27,-4.968,3,,1,0,0,0.0,0.0,0.0,17,22,17.3,,
00-0010346,Peyton Manning,QB,IND,2001,13,32,19,-10.655,1,,1,0,0,0.0,0.0,0.0,18,21,1.4,,
00-0010346,Peyton Manning,QB,IND,2001,14,35,23,11.469,0,,4,0,0,0.0,0.0,0.0,33,32,24.0,,
00-0010346,Peyton Manning,QB,IND,2001,15,35,25,0.762,2,,1,0,0,0.0,0.0,,18,21,13.8,,
00-0010346,Peyton Manning,QB,IND,2001,16,28,15,-1.651,2,,1,0,0,0.0,0.0,0.0,22,23,11.9,,
00-0010346,Peyton Manning,QB,IND,2001,17,30,16,2.714,1,,2,0,0,0.0,0.0,0.0,35,35,13.8,,
00-0010436,Cecil Martin,RB,PHI,2001,1,0,0,0.0,0,,0,7,6,0.0,0.1489,0.0,18,26,22.0,,
00-0010436,Cecil Martin,RB,PHI,2001,2,0,0,0.0,0,,1,2,2,0.0,0.0541,,31,33,3.4,,
00-0010436,Cecil Martin,RB,PHI,2001,3,0,0,0.0,0,,5,6,3,0.0,0.2222,,30,29,5.8,,
00-0010436,Cecil Martin,RB,PHI,2001,4,0,0,0.0,0,,2,2,1,0.0,0.0714,0.0,30,30,1.4,,
00-0010436,Cecil Martin,RB,PHI,2001,7,0,0,0.0,0,,0,2,2,0.0,0.0741,,16,14,2.7,,
00-0010436,Cecil Martin,RB,PHI,2001,8,0,0,0.0,0,,0,2,2,0.0,0.0625,0.0,22,19,3.6,,
00-0010436,Cecil Martin,RB,PHI,2001,9,0,0,0.0,0,,0,1,1,0.0,0.0345,,35,35,2.7,,
00-0010436,Cecil Martin,RB,PHI,2001,10,0,0,0.0,0,,0,1,1,0.0,0.0333,0.0,35,35,1.4,,
00-0010436,Cecil Martin,RB,PHI,2001,11,0,0,0.0,0,,0,1,0,0.0,0.037,,22,27,0.0,,
00-0010436,Cecil Martin,RB,PHI,2001,12,0,0,0.0,0,,0,1,1,0.0,0.0385,0.0,36,32,1.3,,
00-0010436,Cecil Martin,RB,PHI,2001,13,0,0,0.0,0,,0,4,1,0.0,0.0909,0.0,24,23,0.9,,
00-0010436,Cecil Martin,RB,PHI,2001,14,0,0,0.0,0,,0,1,0,0.0,0.0312,0.0,23,25,0.0,,
00-0010436,Cecil Martin,RB,PHI,2001,15,0,0,0.0,0,,0,3,3,0.0,0.0882,0.0,22,29,4.5,,
00-0010436,Cecil Martin,RB,PHI,2001,16,0,0,0.0,0,,0,1,1,0.0,0.027,0.0,23,18,1.1,,
00-0010436,Cecil Martin,RB,PHI,2001,17,0,0,0.0,0,,1,0,0,0.0,0.0,0.0,25,28,0.3,,
00-0010442,Curtis Martin,RB,NYJ,2001,1,0,0,0.0,0,,20,8,6,0.0,0.2667,,29,29,22.9,,
00-0010442,Curtis Martin,RB,NYJ,2001,2,0,0,0.0,0,,24,5,3,0.0,0.2,,27,27,20.6,,
00-0010442,Curtis Martin,RB,NYJ,2001,3,0,0,0.0,0,,20,1,1,0.0,0.04,,23,22,22.6,,
00-0010442,Curtis Martin,RB,NYJ,2001,4,0,0,0.0,0,,26,2,2,0.0,0.08,,32,31,29.3,,
00-0010442,Curtis Martin,RB,NYJ,2001,5,0,0,0.0,0,,22,2,2,0.0,0.0909,,25,24,21.6,,
00-0010442,Curtis Martin,RB,NYJ,2001,6,0,0,0.0,0,,14,0,0,0.0,0.0,0.0,24,23,6.3,,
00-0010442,Curtis Martin,RB,NYJ,2001,7,0,0,0.0,0,,27,7,7,0.0,0.2188,0.0,34,35,26.8,,
00-0010442,Curtis Martin,RB,NYJ,2001,8,0,0,0.0,0,,21,1,1,0.0,0.0476,0.0,34,29,5.6,,
00-0010442,Curtis Martin,RB,NYJ,2001,9,0,0,0.0,0,,20,2,2,0.0,0.0714,0.0,37,32,32.1,,
00-0010442,Curtis Martin,RB,NYJ,2001,10,0,0,0.0,0,,18,6,5,0.0,0.2857,,28,26,12.9,,
00-0010442,Curtis Martin,RB,NYJ,2001,12,0,0,0.0,0,,20,4,4,0.0,0.125,0.0,28,26,14.3,,
00-0010442,Curtis Martin,RB,NYJ,2001,13,1,1,2.922,0,,18,4,4,0.0,0.1481,,19,22,17.4,,
00-0010442,Curtis Martin,RB,NYJ,2001,14,0,0,0.0,0,,24,4,2,0.0,0.1429,,29,28,12.9,,
00-0010442,Curtis Martin,RB,NYJ,2001,15,0,0,0.0,0,,23,7,6,0.0,0.1489,0.0,31,32,22.9,,
00-0010442,Curtis Martin,RB,NYJ,2001,16,0,0,0.0,0,,20,5,5,0.0,0.1429,0.0,23,26,22.0,,
00-0010442,Curtis Martin,RB,NYJ,2001,17,0,0,0.0,0,,16,5,3,0.0,0.1724,0.0,22,20,6.8,,
00-0010455,Jamie Martin,QB,LA,2001,4,0,0,0.0,0,,3,0,0,0.0,0.0,,21,25,-0.3,,
00-0010455,Jamie Martin,QB,LA,2001,6,1,1,-1.2,2,,3,0,0,0.0,0.0,,34,27,0.1,,
00-0010455,Jamie Martin,QB,LA,2001,9,2,2,1.603,0,,2,0,0,0.0,0.0,0.0,41,37,0.2,,
00-0010477,Tony Martin,WR,ATL,2001,1,0,0,0.0,0,,0,6,4,0.0,0.2727,,31,27,10.6,,
00-0010477,Tony Martin,WR,ATL,2001,2,0,0,0.0,0,,0,3,2,0.0,0.2,0.0,28,26,11.0,,
00-0010477,Tony Martin,WR,ATL,2001,8,0,0,0.0,0,,0,5,3,0.0,0.1724,0.0,19,16,7.9,,
00-0010477,Tony Martin,WR,ATL,2001,9,0,0,0.0,0,,0,6,1,0.0,0.375,,33,27,2.1,,
00-0010477,Tony Martin,WR,ATL,2001,10,0,0,0.0,0,,0,10,3,0.0,0.2,0.0,25,23,7.2,,
00-0010477,Tony Martin,WR,ATL,2001,11,0,0,0.0,0,,0,9,3,0.0,0.3333,,33,25,6.0,,
00-0010477,Tony Martin,WR,ATL,2001,12,0,0,0.0,0,,0,10,6,0.0,0.2778,0.0,30,21,15.7,,
00-0010477,Tony Martin,WR,ATL,2001,13,0,0,0.0,0,,0,5,2,41,0.1562,1.0,21,13,4.3,,
00-0010477,Tony Martin,WR,ATL,2001,14,0,0,0.0,0,,0,12,7,0.0,0.3,,19,14,21.4,,
00-0010477,Tony Martin,WR,ATL,2001,15,0,0,0.0,0,,0,7,3,7,0.1842,inf,29,28,18.2,,
00-0010477,Tony Martin,WR,ATL,2001,16,0,0,0.0,0,,0,4,3,0.0,0.129,0.0,37,23,5.4,,
00-0010500,Derrick Mason,WR,TEN,2001,1,0,0,0.0,0,,0,8,2,32,0.2051,0.5614,25,20,14.2,,
00-0010500,Derrick Mason,WR,TEN,2001,2,0,0,0.0,0,,0,1,1,0.0,0.0159,,52,53,1.4,,
00-0010500,Derrick Mason,WR,TEN,2001,4,0,0,0.0,0,,0,2,0,0.0,0.0625,0.0,17,20,0.0,,
00-0010500,Derrick Mason,WR,TEN,2001,6,0,0,0.0,0,,0,6,3,16,0.1714,0.5926,33,28,7.7,,
00-0010500,Derrick Mason,WR,TEN,2001,7,0,0,0.0,0,,0,3,2,0.0,0.1304,0.0,24,22,7.6,,
00-0010500,Derrick Mason,WR,TEN,2001,8,0,0,0.0,0,,0,8,6,0.0,0.2353,,33,30,15.5,,
00-0010500,Derrick Mason,WR,TEN,2001,9,0,0,0.0,0,,0,15,12,0.0,0.3191,0.0,28,25,21.9,,
00-0010500,Derrick Mason,WR,TEN,2001,10,0,0,0.0,0,,0,8,4,0.0,0.32,0.0,31,29,16.2,,
00-0010500,Derrick Mason,WR,TEN,2001,11,0,0,0.0,0,,0,10,7,0.0,0.2703,0.0,21,18,18.4,,
00-0010500,Derrick Mason,WR,TEN,2001,12,0,0,0.0,0,,0,6,3,0.0,0.3158,,39,33,27.2,,
00-0010500,Derrick Mason,WR,TEN,2001,13,0,0,0.0,0,,0,9,8,0.0,0.2571,,29,28,21.5,,
00-0010500,Derrick Mason,WR,TEN,2001,14,0,0,0.0,0,,0,12,8,0.0,0.3429,,34,39,26.7,,
00-0010500,Derrick Mason,WR,TEN,2001,15,0,0,0.0,0,,0,9,5,28,0.3333,0.56,33,32,12.8,,
00-0010500,Derrick Mason,WR,TEN,2001,16,0,0,0.0,0,,0,5,3,12,0.2174,1.0,35,32,17.1,,
00-0010500,Derrick Mason,WR,TEN,2001,17,0,0,0.0,0,,0,11,9,0.0,0.3438,,23,22,39.6,,
00-0010539,Terance Mathis,WR,ATL,2001,1,0,0,0.0,0,,0,7,3,0.0,0.3182,,31,27,5.6,,
00-0010539,Terance Mathis,WR,ATL,2001,2,0,0,0.0,0,,0,3,2,0.0,0.2,0.0,28,26,5.4,,
00-0010539,Terance Mathis,WR,ATL,2001,3,0,0,0.0,0,,0,6,5,0.0,0.2222,,34,31,21.9,,
00-0010539,Terance Mathis,WR,ATL,2001,4,0,0,0.0,0,,0,9,4,33,0.3,0.5323,25,19,9.1,,
00-0010539,Terance Mathis,WR,ATL,2001,5,0,0,0.0,0,,0,9,4,24,0.25,1.0,24,22,9.0,,
00-0010539,Terance Mathis,WR,ATL,2001,6,0,0,0.0,0,,0,4,2,0.0,0.1905,0.0,30,26,4.8,,
00-0010539,Terance Mathis,WR,ATL,2001,8,0,0,0.0,0,,0,6,1,0.0,0.2069,0.0,19,16,0.8,,
00-0010539,Terance Mathis,WR,ATL,2001,9,0,0,0.0,0,,0,3,1,0.0,0.1875,,33,27,1.5,,
00-0010539,Terance Mathis,WR,ATL,2001,10,0,0,0.0,0,,0,11,7,5,0.22,1.0,25,23,14.0,,
00-0010539,Terance Mathis,WR,ATL,2001,11,0,0,0.0,0,,0,3,1,0.0,0.1111,,33,25,1.4,,
00-0010539,Terance Mathis,WR,ATL,2001,12,0,0,0.0,0,,0,9,3,0.0,0.25,0.0,30,21,5.6,,
00-0010539,Terance Mathis,WR,ATL,2001,13,0,0,0.0,0,,0,7,2,0.0,0.2188,0.0,21,13,3.8,,
00-0010539,Terance Mathis,WR,ATL,2001,14,0,0,0.0,0,,0,6,4,0.0,0.15,,19,14,9.7,,
00-0010539,Terance Mathis,WR,ATL,2001,15,0,0,0.0,0,,0,8,6,0.0,0.2105,,29,28,12.6,,
00-0010539,Terance Mathis,WR,ATL,2001,16,0,0,0.0,0,,0,7,4,0.0,0.2258,0.0,37,23,10.2,,
00-0010539,Terance Mathis,WR,ATL,2001,17,0,0,0.0,0,,0,7,2,0.0,0.2333,0.0,21,15,4.0,,
00-0010560,Shane Matthews,QB,CHI,2001,1,39,24,-7.551,1,,2,0,0,0.0,0.0,0.0,28,32,1.7,,
00-0010560,Shane Matthews,QB,CHI,2001,2,9,5,-2.095,0,,1,0,0,0.0,0.0,0.0,19,18,1.3,,
00-0010560,Shane Matthews,QB,CHI,2001,7,31,25,5.629,0,,1,0,0,0.0,0.0,0.0,30,33,16.9,,
00-0010560,Shane Matthews,QB,CHI,2001,8,50,30,-6.186,5,,0,0,0,0.0,0.0,0.0,32,43,14.3,,
00-0010632,Fred McAfee,RB,NO,2001,17,0,0,0.0,0,,1,0,0,0.0,0.0,0.0,17,16,0.2,,
00-0010650,Ed McCaffrey,WR,DEN,2001,1,0,0,0.0,0,,0,7,6,0.0,0.2414,,36,28,21.4,,
00-0010668,Keenan McCardell,WR,PIT,2001,1,0,0,0.0,0,,0,2,1,0.0,0.0328,0.0,57,51,1.8,,
00-0010668,Keenan McCardell,WR,TEN,2001,2,0,0,0.0,0,,0,6,4,0.0,0.0952,,52,53,8.9,,
00-0010668,Keenan McCardell,WR,CLE,2001,3,0,0,0.0,0,,0,6,2,1,0.0845,0.0312,55,59,9.7,,
00-0010668,Keenan McCardell,WR,JAX,2001,4,0,0,0.0,0,,0,13,7,0.0,0.3421,,21,24,16.7,,
00-0010668,Keenan McCardell,WR,BUF,2001,6,0,0,0.0,0,,0,8,4,0.0,0.1455,0.0,56,48,7.3,,
00-0010668,Keenan McCardell,WR,JAX,2001,7,0,0,0.0,0,,0,17,10,0.0,0.4595,,15,14,19.8,,
00-0010668,Keenan McCardell,WR,JAX,2001,8,0,0,0.0,0,,0,6,5,22,0.2,1.0,17,18,11.4,,
00-0010668,Keenan McCardell,WR,CIN,2001,9,0,0,0.0,0,,0,6,5,0.0,0.075,0.0,48,48,17.1,,
00-0010668,Keenan McCardell,WR,JAX,2001,10,0,0,0.0,0,,0,11,7,0.0,0.3548,,16,13,15.9,,
00-0010668,Keenan McCardell,WR,BAL,2001,11,0,0,0.0,0,,0,9,6,0.0,0.1385,0.0,61,69,14.0,,
00-0010668,Keenan McCardell,WR,GB,2001,12,0,0,0.0,0,,0,8,7,0.0,0.093,0.0,44,51,17.1,,
00-0010668,Keenan McCardell,WR,JAX,2001,13,0,0,0.0,0,,0,10,8,0.0,0.3226,0.0,25,23,23.2,,
00-0010668,Keenan McCardell,WR,JAX,2001,14,0,0,0.0,0,,0,10,7,43,0.2857,0.9348,33,31,13.1,,
00-0010668,Keenan McCardell,WR,JAX,2001,15,0,0,0.0,0,,0,6,4,0.0,0.25,,37,37,13.5,,
00-0010668,Keenan McCardell,WR,KC,2001,16,0,0,0.0,0,,0,12,7,0.0,0.169,0.0,57,58,26.2,,
00-0010668,Keenan McCardell,WR,JAX,2001,17,0,0,0.0,0,,0,15,9,0.0,0.4167,0.0,16,16,24.3,,
00-0010747,Fred McCrary,RB,LAC,2001,1,0,0,0.0,0,,0,2,2,0.0,0.1111,0.0,46,45,4.2,,
00-0010747,Fred McCrary,RB,LAC,2001,2,0,0,0.0,0,,0,4,2,0.0,0.1081,,38,35,2.8,,
00-0010747,Fred McCrary,RB,LAC,2001,3,0,0,0.0,0,,1,2,2,0.0,0.1053,,35,34,2.2,,
00-0010747,Fred McCrary,RB,LAC,2001,4,0,0,0.0,0,,0,3,2,0.0,0.0833,,26,25,3.3,,
00-0010747,Fred McCrary,RB,LAC,2001,5,0,0,0.0,0,,1,1,0,0.0,0.0312,,28,31,0.2,,
00-0010747,Fred McCrary,RB,LAC,2001,7,0,0,0.0,0,,0,1,0,0.0,0.0312,,20,23,0.0,,
00-0010747,Fred McCrary,RB,LAC,2001,8,0,0,0.0,0,,0,1,0,0.0,0.0238,0.0,20,22,0.0,,
00-0010747,Fred McCrary,RB,LAC,2001,11,0,0,0.0,0,,0,3,3,0.0,0.0682,,23,37,4.6,,
00-0010747,Fred McCrary,RB,LAC,2001,12,0,0,0.0,0,,0,1,0,0.0,0.0303,0.0,27,30,0.0,,
00-0010747,Fred McCrary,RB,LAC,2001,13,0,0,0.0,0,,0,2,0,0.0,0.0455,0.0,27,24,0.0,,
00-0010747,Fred McCrary,RB,LAC,2001,14,0,0,0.0,0,,0,2,1,0.0,0.0556,0.0,22,24,1.5,,
00-0010747,Fred McCrary,RB,LAC,2001,16,0,0,0.0,0,,0,1,1,0.0,0.0189,0.0,16,25,1.6,,
00-0010786,Jeremy McDaniel,WR,BUF,2001,1,0,0,0.0,0,,0,5,4,0.0,0.1786,0.0,28,27,7.6,,
00-0010786,Jeremy McDaniel,WR,BUF,2001,2,0,0,0.0,0,,0,5,4,0.0,0.1389,0.0,22,17,8.8,,
00-0010786,Jeremy McDaniel,WR,BUF,2001,3,0,0,0.0,0,,0,2,2,0.0,0.0769,0.0,22,19,5.7,,
00-0010786,Jeremy McDaniel,WR,BUF,2001,11,0,0,0.0,0,,0,1,1,0.0,0.0312,0.0,26,26,1.8,,
00-0010786,Jeremy McDaniel,WR,BUF,2001,17,0,0,0.0,0,,0,1,0,0.0,0.0263,0.0,17,15,0.0,,
00-0010843,Wane McGarity,WR,DAL,2001,2,0,0,0.0,0,,0,8,5,0.0,0.3333,0.0,26,20,15.0,,
00-0010843,Wane McGarity,WR,DAL,2001,3,0,0,0.0,0,,0,2,1,0.0,0.0667,0.0,30,32,1.5,,
00-0010843,Wane McGarity,WR,NO,2001,13,0,0,0.0,0,,0,1,1,0.0,0.0345,,21,22,0.8,,
00-0010843,Wane McGarity,WR,NO,2001,17,0,0,0.0,0,,0,1,0,0.0,0.0294,0.0,17,16,0.0,,
00-0010859,Tony McGee,TE,CIN,2001,1,0,0,0.0,0,,0,2,1,0.0,0.0741,,33,34,9.5,,
00-0010859,Tony McGee,TE,CIN,2001,2,0,0,0.0,0,,0,2,1,0.0,0.0667,,23,26,1.8,,
00-0010859,Tony McGee,TE,CIN,2001,3,0,0,0.0,0,,0,4,2,0.0,0.1429,0.0,26,25,3.7,,
00-0010859,Tony McGee,TE,CIN,2001,4,0,0,0.0,0,,0,3,1,0.0,0.0882,0.0,21,20,1.7,,
00-0010859,Tony McGee,TE,CIN,2001,5,0,0,0.0,0,,0,3,0,0.0,0.0789,,42,43,0.0,,
00-0010859,Tony McGee,TE,CIN,2001,6,0,0,0.0,0,,0,2,0,0.0,0.0435,0.0,21,20,0.0,,
00-0010859,Tony McGee,TE,CIN,2001,7,0,0,0.0,0,,0,1,1,0.0,0.04,0.0,37,34,3.5,,
00-0010859,Tony McGee,TE,CIN,2001,9,0,0,0.0,0,,0,5,1,0.0,0.0625,0.0,48,48,2.4,,
00-0010859,Tony McGee,TE,CIN,2001,10,0,0,0.0,0,,0,4,4,0.0,0.1,0.0,21,23,7.1,,
00-0010859,Tony McGee,TE,CIN,2001,11,0,0,0.0,0,,0,2,2,0.0,0.0606,0.0,24,23,3.5,,
00-0010859,Tony McGee,TE,CIN,2001,12,0,0,0.0,0,,0,2,1,0.0,0.0556,0.0,24,29,1.6,,
00-0010892,Travis McGriff,WR,DEN,2001,3,0,0,0.0,0,,0,2,0,0.0,0.0606,0.0,24,19,0.0,,
00-0010892,Travis McGriff,WR,DEN,2001,4,0,0,0.0,0,,0,2,0,0.0,0.1111,0.0,39,31,0.0,,
00-0010951,Dennis McKinley,RB,ARI,2001,14,0,0,0.0,0,,0,1,1,0.0,0.0222,,30,34,2.0,,
00-0010951,Dennis McKinley,RB,ARI,2001,16,0,0,0.0,0,,1,0,0,0.0,0.0,,33,32,0.1,,
00-0010974,James McKnight,WR,MIA,2001,1,0,0,0.0,0,,0,3,2,0.0,0.15,,33,30,4.5,,
00-0010974,James McKnight,WR,MIA,2001,2,0,0,0.0,0,,1,8,3,0.0,0.2424,0.0,34,28,10.2,,
00-0010974,James McKnight,WR,MIA,2001,3,0,0,0.0,0,,0,8,5,0.0,0.2963,0.0,25,27,18.3,,
00-0010974,James McKnight,WR,MIA,2001,4,0,0,0.0,0,,1,3,2,0.0,0.1429,0.0,44,40,4.0,,
00-0010974,James McKnight,WR,MIA,2001,5,0,0,0.0,0,,1,1,1,0.0,0.0294,0.0,29,33,2.6,,
00-0010974,James McKnight,WR,MIA,2001,7,0,0,0.0,0,,0,10,8,0.0,0.4762,0.0,34,24,21.4,,
00-0010974,James McKnight,WR,MIA,2001,8,0,0,0.0,0,,1,5,4,0.0,0.1515,0.0,29,24,11.6,,
00-0010974,James McKnight,WR,MIA,2001,9,0,0,0.0,0,,0,6,4,0.0,0.2,0.0,28,27,7.1,,
00-0010974,James McKnight,WR,MIA,2001,10,0,0,0.0,0,,1,11,9,-1,0.3056,-0.0417,30,32,13.8,,
00-0010974,James McKnight,WR,MIA,2001,11,0,0,0.0,0,,0,4,1,0.0,0.129,,30,27,1.3,,
00-0010974,James McKnight,WR,MIA,2001,12,0,0,0.0,0,,0,8,4,0.0,0.2857,,22,23,9.6,,
00-0010974,James McKnight,WR,MIA,2001,13,0,0,0.0,0,,1,5,2,0.0,0.1923,,38,36,6.4,,
00-0010974,James McKnight,WR,MIA,2001,14,0,0,0.0,0,,0,4,2,33,0.1481,0.3882,15,16,6.0,,
00-0010974,James McKnight,WR,MIA,2001,15,0,0,0.0,0,,0,8,5,0.0,0.2162,,19,17,12.8,,
00-0010974,James McKnight,WR,MIA,2001,16,0,0,0.0,0,,0,3,2,0.0,0.1034,0.0,20,23,3.1,,
00-0010974,James McKnight,WR,MIA,2001,17,0,0,0.0,0,,0,3,1,0.0,0.1875,,43,33,8.6,,
00-0011022,Donovan McNabb,QB,PHI,2001,1,48,32,3.953,5,,9,0,0,0.0,0.0,0.0,18,26,21.3,,
00-0011022,Donovan McNabb,QB,PHI,2001,2,37,24,10.282,5,,5,0,0,0.0,0.0,,31,33,26.9,,
00-0011022,Donovan McNabb,QB,PHI,2001,3,28,14,2.997,2,,4,0,0,0.0,0.0,,30,29,20.4,,
00-0011022,Donovan McNabb,QB,PHI,2001,4,29,19,-0.86,2,,3,0,0,0.0,0.0,0.0,30,30,17.6,,
00-0011022,Donovan McNabb,QB,PHI,2001,6,26,15,-6.418,4,,6,0,0,0.0,0.0,0.0,20,18,11.7,,
00-0011022,Donovan McNabb,QB,PHI,2001,7,27,12,-11.404,4,,6,0,0,0.0,0.0,,16,14,8.3,,
00-0011022,Donovan McNabb,QB,PHI,2001,8,33,19,1.554,3,,4,0,0,0.0,0.0,0.0,22,19,18.1,,
00-0011022,Donovan McNabb,QB,PHI,2001,9,29,19,10.962,1,,3,0,0,0.0,0.0,,35,35,30.6,,
00-0011022,Donovan McNabb,QB,PHI,2001,10,32,16,-3.323,0,,4,0,0,0.0,0.0,0.0,35,35,9.6,,
00-0011022,Donovan McNabb,QB,PHI,2001,11,27,15,-10.898,0,,3,0,0,0.0,0.0,,22,27,7.6,,
00-0011022,Donovan McNabb,QB,PHI,2001,12,26,18,11.913,2,,9,0,0,0.0,0.0,0.0,36,32,20.9,,
00-0011022,Donovan McNabb,QB,PHI,2001,13,44,22,-1.765,2,,7,0,0,0.0,0.0,0.0,24,23,18.7,,
00-0011022,Donovan McNabb,QB,PHI,2001,14,34,16,-4.611,2,,7,0,0,0.0,0.0,0.0,23,25,13.9,,
00-0011022,Donovan McNabb,QB,PHI,2001,15,34,23,-4.619,3,,5,0,0,0.0,0.0,0.0,22,29,10.4,,
00-0011022,Donovan McNabb,QB,PHI,2001,16,39,21,2.397,4,,7,0,0,0.0,0.0,0.0,23,18,23.6,,
00-0011024,Steve McNair,QB,TEN,2001,1,19,7,-3.549,1,,5,0,0,0.0,0.0,0.0,25,20,9.4,,
00-0011024,Steve McNair,QB,TEN,2001,4,32,17,-11.271,3,,3,0,0,0.0,0.0,0.0,17,20,5.4,,
00-0011024,Steve McNair,QB,TEN,2001,5,23,15,12.678,2,,9,0,0,0.0,0.0,0.0,41,37,24.6,,
00-0011024,Steve McNair,QB,TEN,2001,6,35,15,-1.983,1,,5,0,0,0.0,0.0,0.0,33,28,15.4,,
00-0011024,Steve McNair,QB,TEN,2001,7,23,14,0.472,3,,6,0,0,0.0,0.0,0.0,24,22,7.6,,
00-0011024,Steve McNair,QB,TEN,2001,8,34,27,7.121,4,,10,0,0,0.0,0.0,,33,30,37.0,,
00-0011024,Steve McNair,QB,TEN,2001,9,48,27,-2.118,6,,6,0,0,0.0,0.0,0.0,28,25,16.1,,
00-0011024,Steve McNair,QB,TEN,2001,10,25,16,6.471,1,,5,0,0,0.0,0.0,0.0,31,29,15.7,,
00-0011024,Steve McNair,QB,TEN,2001,11,37,23,-1.65,2,,5,0,0,0.0,0.0,0.0,21,18,25.2,,
00-0011024,Steve McNair,QB,TEN,2001,12,17,11,19.043,0,,2,0,0,0.0,0.0,,39,33,22.8,,
00-0011024,Steve McNair,QB,TEN,2001,13,33,25,16.588,4,,4,0,0,0.0,0.0,,29,28,20.3,,
00-0011024,Steve McNair,QB,TEN,2001,14,35,25,10.57,4,,2,0,0,0.0,0.0,,34,39,17.2,,
00-0011024,Steve McNair,QB,TEN,2001,15,27,15,-2.05,3,,6,0,0,0.0,0.0,0.0,33,32,8.7,,
00-0011024,Steve McNair,QB,TEN,2001,16,25,16,14.293,1,,5,0,0,0.0,0.0,0.0,35,32,22.4,,
00-0011024,Steve McNair,QB,TEN,2001,17,18,11,3.192,2,,2,0,0,0.0,0.0,,23,22,17.6,,
00-0011151,Eric Metcalf,WR,WAS,2001,12,0,0,0.0,0,,0,1,1,0.0,0.0323,0.0,22,22,1.9,,
00-0011151,Eric Metcalf,WR,WAS,2001,13,0,0,0.0,0,,0,2,2,0.0,0.08,,35,31,2.9,,
00-0011151,Eric Metcalf,WR,WAS,2001,15,0,0,0.0,0,,0,2,1,0.0,0.0488,,28,30,1.1,,
00-0011213,Glyn Milburn,WR,CHI,2001,1,0,0,0.0,0,,2,1,0,0.0,0.0256,0.0,28,32,0.2,,
00-0011213,Glyn Milburn,WR,CHI,2001,2,0,0,0.0,0,,0,2,2,0.0,0.0526,0.0,19,18,2.4,,
00-0011213,Glyn Milburn,WR,CHI,2001,4,0,0,0.0,0,,0,1,1,0.0,0.037,0.0,24,25,1.5,,
00-0011213,Glyn Milburn,WR,CHI,2001,5,0,0,0.0,0,,1,0,0,0.0,0.0,0.0,32,31,0.1,,
00-0011224,Itula Mili,TE,SEA,2001,1,0,0,0.0,0,,0,2,2,0.0,0.0588,0.0,27,22,4.1,,
00-0011224,Itula Mili,TE,SEA,2001,3,0,0,0.0,0,,0,2,0,0.0,0.0435,-0.0,16,23,0.0,,
00-0011224,Itula Mili,TE,SEA,2001,4,0,0,0.0,0,,0,2,2,0.0,0.0909,0.0,36,33,12.2,,
00-0011224,Itula Mili,TE,SEA,2001,7,0,0,0.0,0,,0,2,2,0.0,0.0714,,30,25,9.6,,
00-0011224,Itula Mili,TE,SEA,2001,8,0,0,0.0,0,,0,1,0,0.0,0.0345,0.0,14,17,0.0,,
00-0011224,Itula Mili,TE,SEA,2001,10,0,0,0.0,0,,0,1,1,0.0,0.0455,,32,30,2.6,,
00-0011224,Itula Mili,TE,SEA,2001,15,0,0,0.0,0,,0,1,1,0.0,0.04,0.0,30,31,1.3,,
00-0011224,Itula Mili,TE,SEA,2001,16,0,0,0.0,0,,0,1,0,0.0,0.0435,,25,25,0.0,,
00-0011276,Jim Miller,QB,CHI,2001,2,29,18,4.822,0,,2,0,0,0.0,0.0,0.0,19,18,14.0,,
00-0011276,Jim Miller,QB,CHI,2001,4,26,17,-1.429,1,,0,0,0,0.0,0.0,0.0,24,25,7.8,,
00-0011276,Jim Miller,QB,CHI,2001,5,21,15,-1.296,0,,2,0,0,0.0,0.0,0.0,32,31,0.9,,
00-0011276,Jim Miller,QB,CHI,2001,6,30,23,11.784,0,,3,0,0,0.0,0.0,,32,31,17.1,,
00-0011276,Jim Miller,QB,CHI,2001,7,16,5,-8.629,0,,1,0,0,0.0,0.0,0.0,30,33,-2.5,,
00-0011276,Jim Miller,QB,CHI,2001,9,47,28,-0.637,1,,0,0,0,0.0,0.0,,24,30,8.0,,
00-0011276,Jim Miller,QB,CHI,2001,10,25,14,10.709,3,,4,0,0,0.0,0.0,0.0,29,26,18.9,,
00-0011276,Jim Miller,QB,CHI,2001,11,21,10,-7.162,1,,1,0,0,0.0,0.0,,30,30,1.9,,
00-0011276,Jim Miller,QB,CHI,2001,12,34,17,-10.649,0,,3,0,0,0.0,0.0,0.0,34,33,3.1,,
00-0011276,Jim Miller,QB,CHI,2001,13,33,18,-12.958,0,,2,0,0,0.0,0.0,0.0,19,21,3.3,,
00-0011276,Jim Miller,QB,CHI,2001,14,29,14,-6.377,3,,3,0,0,0.0,0.0,0.0,40,37,13.7,,
00-0011276,Jim Miller,QB,CHI,2001,15,26,13,-6.625,0,,3,0,0,0.0,0.0,,32,29,3.9,,
00-0011276,Jim Miller,QB,CHI,2001,16,30,17,10.342,1,,4,0,0,0.0,0.0,,30,27,17.7,,
00-0011276,Jim Miller,QB,CHI,2001,17,28,19,-1.572,1,,1,0,0,0.0,0.0,,40,41,8.3,,
00-0011399,Brian Mitchell,RB,PHI,2001,2,0,0,0.0,0,,2,3,2,0.0,0.0811,,31,33,5.4,,
00-0011399,Brian Mitchell,RB,PHI,2001,3,0,0,0.0,0,,0,1,0,0.0,0.037,,30,29,0.0,,
00-0011399,Brian Mitchell,RB,PHI,2001,4,0,0,0.0,0,,3,3,3,0.0,0.1071,0.0,30,30,12.6,,
00-0011399,Brian Mitchell,RB,PHI,2001,10,0,0,0.0,0,,2,1,1,0.0,0.0333,0.0,35,35,1.1,,
00-0011425,Pete Mitchell,TE,DET,2001,4,0,0,0.0,0,,0,3,3,0.0,0.0882,0.0,18,20,4.3,,
00-0011425,Pete Mitchell,TE,DET,2001,5,0,0,0.0,0,,0,1,1,0.0,0.0256,,20,23,1.4,,
00-0011425,Pete Mitchell,TE,DET,2001,6,0,0,0.0,0,,0,1,1,0.0,0.025,0.0,19,18,2.2,,
00-0011434,Scott Mitchell,QB,CIN,2001,11,12,4,-17.807,2,,0,0,0,0.0,0.0,0.0,24,23,-4.5,,
00-0011439,Tywan Mitchell,TE,ARI,2001,2,0,0,0.0,0,,0,1,1,0.0,0.037,0.0,18,18,3.0,,
00-0011439,Tywan Mitchell,TE,ARI,2001,5,0,0,0.0,0,,0,2,0,0.0,0.0541,,25,29,0.0,,
00-0011439,Tywan Mitchell,TE,ARI,2001,7,0,0,0.0,0,,0,5,2,4,0.125,0.3077,22,23,2.8,,
00-0011439,Tywan Mitchell,TE,ARI,2001,8,0,0,0.0,0,,0,5,3,0.0,0.122,0.0,24,29,10.4,,
00-0011439,Tywan Mitchell,TE,ARI,2001,9,0,0,0.0,0,,0,2,0,0.0,0.0769,0.0,25,24,0.0,,
00-0011439,Tywan Mitchell,TE,ARI,2001,10,0,0,0.0,0,,0,1,0,0.0,0.0312,0.0,26,29,0.0,,
00-0011439,Tywan Mitchell,TE,ARI,2001,11,0,0,0.0,0,,0,4,3,0.0,0.129,0.0,24,26,6.9,,
00-0011439,Tywan Mitchell,TE,ARI,2001,12,0,0,0.0,0,,0,1,1,0.0,0.0278,,34,33,1.5,,
00-0011439,Tywan Mitchell,TE,ARI,2001,13,0,0,0.0,0,,0,4,3,0.0,0.1212,-0.0,22,21,4.8,,
00-0011439,Tywan Mitchell,TE,ARI,2001,14,0,0,0.0,0,,0,8,7,0.0,0.1778,,30,34,19.2,,
00-0011439,Tywan Mitchell,TE,ARI,2001,15,0,0,0.0,0,,0,4,2,0.0,0.129,,20,21,3.1,,
00-0011439,Tywan Mitchell,TE,ARI,2001,16,0,0,0.0,0,,0,2,2,0.0,0.087,,33,32,3.5,,
00-0011439,Tywan Mitchell,TE,ARI,2001,17,0,0,0.0,0,,0,1,1,0.0,0.0455,-0.0,17,19,1.4,,
00-0011488,Rod Monroe,TE,CLE,2001,14,0,0,0.0,0,,0,1,0,0.0,0.0333,0.0,15,21,0.0,,
00-0011551,Dave Moore,TE,TB,2001,3,0,0,0.0,0,,0,1,0,0.0,0.0303,0.0,16,19,0.0,,
00-0011551,Dave Moore,TE,TB,2001,4,0,0,0.0,0,,0,3,3,0.0,0.1071,,19,7,4.8,,
00-0011551,Dave Moore,TE,TB,2001,5,0,0,0.0,0,,0,5,2,0.0,0.1042,0.0,17,17,9.3,,
00-0011551,Dave Moore,TE,TB,2001,6,0,0,0.0,0,,0,2,1,0.0,0.05,0.0,19,15,1.3,,
00-0011551,Dave Moore,TE,TB,2001,7,0,0,0.0,0,,0,5,5,0.0,0.1852,,43,12,13.7,,
00-0011551,Dave Moore,TE,TB,2001,8,0,0,0.0,0,,0,3,1,0.0,0.1,,24,10,8.1,,
00-0011551,Dave Moore,TE,TB,2001,9,0,0,0.0,0,,0,3,2,0.0,0.0811,,25,22,3.4,,
00-0011551,Dave Moore,TE,TB,2001,10,0,0,0.0,0,,0,6,5,0.0,0.1071,0.0,15,21,8.6,,
00-0011551,Dave Moore,TE,TB,2001,11,0,0,0.0,0,,0,5,3,3,0.1471,1.0,31,20,5.9,,
00-0011551,Dave Moore,TE,TB,2001,12,0,0,0.0,0,,0,6,4,0.0,0.1818,,30,25,7.2,,
00-0011551,Dave Moore,TE,TB,2001,13,0,0,0.0,0,,0,2,1,0.0,0.0385,0.0,22,16,2.2,,
00-0011551,Dave Moore,TE,TB,2001,14,0,0,0.0,0,,0,2,2,0.0,0.05,0.0,18,14,3.4,,
00-0011551,Dave Moore,TE,TB,2001,15,0,0,0.0,0,,0,5,3,0.0,0.1613,,39,20,14.5,,
00-0011551,Dave Moore,TE,TB,2001,16,0,0,0.0,0,,0,5,3,0.0,0.1724,,31,15,5.1,,
00-0011568,Herman Moore,WR,DET,2001,1,0,0,0.0,0,,0,5,2,5,0.1282,0.2778,20,24,6.1,,
00-0011568,Herman Moore,WR,DET,2001,4,0,0,0.0,0,,0,3,2,0.0,0.0882,0.0,18,20,5.5,,
00-0011727,Johnnie Morton,WR,DET,2001,1,0,0,0.0,0,,0,12,5,13,0.3077,0.7222,20,24,16.1,,
00-0011727,Johnnie Morton,WR,DET,2001,2,0,0,0.0,0,,0,9,6,0.0,0.2308,0.0,20,21,22.0,,
00-0011727,Johnnie Morton,WR,DET,2001,4,0,0,0.0,0,,0,4,4,0.0,0.1176,0.0,18,20,8.0,,
00-0011727,Johnnie Morton,WR,DET,2001,5,0,0,0.0,0,,0,6,5,0.0,0.1538,,20,23,17.8,,
00-0011727,Johnnie Morton,WR,DET,2001,6,0,0,0.0,0,,0,9,9,0.0,0.225,0.0,19,18,26.3,,
00-0011727,Johnnie Morton,WR,DET,2001,7,0,0,0.0,0,,0,10,6,21,0.3125,1.4,21,18,13.4,,
00-0011727,Johnnie Morton,WR,DET,2001,8,0,0,0.0,0,,0,9,2,0.0,0.36,,21,14,4.0,,
00-0011727,Johnnie Morton,WR,DET,2001,9,0,0,0.0,0,,0,5,3,0.0,0.1351,0.0,23,21,9.1,,
00-0011727,Johnnie Morton,WR,DET,2001,10,0,0,0.0,0,,0,15,7,5,0.2632,0.1852,22,27,22.3,,
00-0011727,Johnnie Morton,WR,DET,2001,11,0,0,0.0,0,,0,10,4,7,0.2632,1.0,25,19,8.7,,
00-0011727,Johnnie Morton,WR,DET,2001,12,0,0,0.0,0,,0,5,1,0.0,0.1351,,23,23,2.0,,
00-0011727,Johnnie Morton,WR,DET,2001,13,0,0,0.0,0,,0,12,4,0.0,0.5,,24,19,9.6,,
00-0011727,Johnnie Morton,WR,DET,2001,14,0,0,0.0,0,,0,7,4,0.0,0.25,,35,23,11.4,,
00-0011727,Johnnie Morton,WR,DET,2001,15,0,0,0.0,0,,0,5,2,0.0,0.1852,0.0,18,14,4.6,,
00-0011727,Johnnie Morton,WR,DET,2001,16,0,0,0.0,0,,0,12,7,0.0,0.2353,0.0,14,11,16.5,,
00-0011727,Johnnie Morton,WR,DET,2001,17,0,0,0.0,0,,1,14,8,0.0,0.359,,28,27,23.2,,
00-0011754,Randy Moss,WR,MIN,2001,1,0,0,0.0,0,,0,7,1,72,0.1892,0.72,26,17,3.8,,
00-0011754,Randy Moss,WR,MIN,2001,2,0,0,0.0,0,,0,10,5,0.0,0.2703,,25,21,13.1,,
00-0011754,Randy Moss,WR,MIN,2001,3,0,0,0.0,0,,1,8,5,0.0,0.1818,0.0,24,23,14.5,,
00-0011754,Randy Moss,WR,MIN,2001,4,0,0,0.0,0,,0,5,4,0.0,0.1515,0.0,11,13,14.8,,
00-0011754,Randy Moss,WR,MIN,2001,5,0,0,0.0,0,,0,11,6,43,0.4074,1.0,27,21,13.8,,
00-0011754,Randy Moss,WR,MIN,2001,6,0,0,0.0,0,,0,12,8,0.0,0.4444,,36,24,15.3,,
00-0011754,Randy Moss,WR,MIN,2001,7,0,0,0.0,0,,0,7,3,0.0,0.2917,0.0,18,8,13.9,,
00-0011754,Randy Moss,WR,MIN,2001,9,0,0,0.0,0,,0,13,7,12,0.3714,1.0,21,13,22.5,,
00-0011754,Randy Moss,WR,MIN,2001,10,0,0,0.0,0,,1,13,10,8,0.3611,0.7273,28,14,46.9,,
00-0011754,Randy Moss,WR,MIN,2001,11,0,0,0.0,0,,0,8,4,0.0,0.1818,-0.0,23,18,6.5,,
00-0011754,Randy Moss,WR,MIN,2001,12,0,0,0.0,0,,0,13,8,23,0.4062,0.5476,16,18,28.4,,
00-0011754,Randy Moss,WR,MIN,2001,13,0,0,0.0,0,,0,13,7,0.0,0.4333,0.0,25,23,28.8,,
00-0011754,Randy Moss,WR,MIN,2001,14,0,0,0.0,0,,0,13,7,0.0,0.3611,0.0,17,17,33.4,,
00-0011754,Randy Moss,WR,MIN,2001,15,0,0,0.0,0,,0,8,3,0.0,0.2051,0.0,14,15,6.4,,
00-0011754,Randy Moss,WR,MIN,2001,16,0,0,0.0,0,,1,5,2,18,0.1667,0.4865,44,34,4.1,,
00-0011754,Randy Moss,WR,MIN,2001,17,1,1,1.983,0,,0,7,2,10,0.2333,0.2564,21,16,4.1,,
00-0011770,Eric Moulds,WR,BUF,2001,1,0,0,0.0,0,,0,4,1,10,0.1429,0.25,28,27,4.4,,
00-0011770,Eric Moulds,WR,BUF,2001,2,0,0,0.0,0,,0,5,2,21,0.1389,1.0,22,17,3.4,,
00-0011770,Eric Moulds,WR,BUF,2001,3,0,0,0.0,0,,0,8,2,0.0,0.3077,0.0,22,19,3.5,,
00-0011770,Eric Moulds,WR,BUF,2001,4,0,0,0.0,0,,1,11,5,0.0,0.25,0.0,32,22,21.3,,
00-0011770,Eric Moulds,WR,BUF,2001,6,0,0,0.0,0,,0,5,4,0.0,0.0909,0.0,56,48,16.0,,
00-0011770,Eric Moulds,WR,BUF,2001,7,0,0,0.0,0,,0,12,7,21,0.3333,1.0,25,13,14.0,,
00-0011770,Eric Moulds,WR,BUF,2001,8,0,0,0.0,0,,0,5,4,0.0,0.1724,,21,16,7.6,,
00-0011770,Eric Moulds,WR,BUF,2001,9,0,0,0.0,0,,0,8,3,0.0,0.2581,0.0,21,17,5.7,,
00-0011770,Eric Moulds,WR,BUF,2001,10,0,0,0.0,0,,0,9,4,0.0,0.225,,22,21,10.1,,
00-0011770,Eric Moulds,WR,BUF,2001,11,0,0,0.0,0,,0,8,6,0.0,0.25,0.0,26,26,35.6,,
00-0011770,Eric Moulds,WR,BUF,2001,12,0,0,0.0,0,,0,14,7,55,0.3889,0.6962,11,10,12.5,,
00-0011770,Eric Moulds,WR,BUF,2001,13,0,0,0.0,0,,1,4,4,0.0,0.1429,0.0,35,31,9.1,,
00-0011770,Eric Moulds,WR,BUF,2001,14,0,0,0.0,0,,0,15,6,0.0,0.3409,0.0,28,31,11.0,,
00-0011770,Eric Moulds,WR,BUF,2001,15,0,0,0.0,0,,1,8,4,0.0,0.2667,,21,21,14.9,,
00-0011770,Eric Moulds,WR,BUF,2001,16,0,0,0.0,0,,0,6,2,0.0,0.2308,,40,33,4.4,,
00-0011770,Eric Moulds,WR,BUF,2001,17,0,0,0.0,0,,0,13,6,0.0,0.3421,0.0,17,15,14.2,,
00-0011795,Muhsin Muhammad,WR,CAR,2001,1,0,0,0.0,0,,0,7,4,0.0,0.3333,0.0,38,32,16.9,,
00-0011795,Muhsin Muhammad,WR,CAR,2001,2,0,0,0.0,0,,0,14,10,0.0,0.35,,21,23,23.2,,
00-0011795,Muhsin Muhammad,WR,CAR,2001,3,0,0,0.0,0,,0,7,3,0.0,0.2414,0.0,17,14,6.9,,
00-0011795,Muhsin Muhammad,WR,CAR,2001,4,0,0,0.0,0,,0,16,8,17,0.3404,0.34,16,16,14.2,,
00-0011795,Muhsin Muhammad,WR,CAR,2001,5,0,0,0.0,0,,0,6,2,10,0.1538,1.0,20,20,2.8,,
00-0011795,Muhsin Muhammad,WR,CAR,2001,6,0,0,0.0,0,,0,3,2,0.0,0.0968,0.0,25,24,4.7,,
00-0011795,Muhsin Muhammad,WR,CAR,2001,7,0,0,0.0,0,,0,7,2,42,0.2059,1.0,21,16,3.5,,
00-0011795,Muhsin Muhammad,WR,CAR,2001,8,0,0,0.0,0,,0,8,4,0.0,0.25,0.0,20,14,8.5,,
00-0011795,Muhsin Muhammad,WR,CAR,2001,9,0,0,0.0,0,,0,9,6,0.0,0.36,0.0,19,19,13.5,,
00-0011795,Muhsin Muhammad,WR,CAR,2001,10,0,0,0.0,0,,0,4,1,0.0,0.0976,,16,18,1.9,,
00-0011795,Muhsin Muhammad,WR,CAR,2001,13,0,0,0.0,0,,0,12,8,0.0,0.4,0.0,27,26,16.4,,
00-0012261,Neil O'Donnell,QB,TEN,2001,1,21,9,-5.033,1,,2,0,0,0.0,0.0,0.0,25,20,7.3,,
00-0012261,Neil O'Donnell,QB,TEN,2001,2,36,21,-8.069,4,,0,0,0,0.0,0.0,,52,53,8.6,,
00-0012261,Neil O'Donnell,QB,TEN,2001,5,3,3,-0.351,0,,0,0,0,0.0,0.0,0.0,41,37,0.4,,
00-0012261,Neil O'Donnell,QB,TEN,2001,12,2,2,1.441,0,,4,0,0,0.0,0.0,,39,33,1.0,,
00-0012261,Neil O'Donnell,QB,TEN,2001,17,14,7,2.817,1,,0,0,0,0.0,0.0,,23,22,9.4,,
00-0012321,Jeff Ogden,WR,MIA,2001,4,0,0,0.0,0,,0,1,1,0.0,0.0476,0.0,44,40,1.3,,
00-0012321,Jeff Ogden,WR,MIA,2001,8,0,0,0.0,0,,0,1,1,0.0,0.0303,0.0,29,24,2.8,,
00-0012321,Jeff Ogden,WR,MIA,2001,14,0,0,0.0,0,,0,3,2,17,0.1111,0.2,15,16,4.4,,
00-0012321,Jeff Ogden,WR,MIA,2001,15,0,0,0.0,0,,0,3,2,0.0,0.0811,,19,17,10.8,,
00-0012370,Brock Olivo,RB,DET,2001,1,0,0,0.0,0,,0,1,0,0.0,0.0256,0.0,20,24,0.0,,
00-0012370,Brock Olivo,RB,DET,2001,16,0,0,0.0,0,,1,0,0,0.0,0.0,0.0,14,11,0.6,,
00-0012478,Terrell Owens,WR,SF,2001,1,0,0,0.0,0,,1,14,7,0.0,0.359,0.0,28,25,16.6,,
00-0012478,Terrell Owens,WR,SF,2001,2,0,0,0.0,0,,0,10,5,9,0.2941,1.0,25,23,10.1,,
00-0012478,Terrell Owens,WR,SF,2001,3,0,0,0.0,0,,1,5,4,0.0,0.25,,43,37,14.2,,
00-0012478,Terrell Owens,WR,SF,2001,4,0,0,0.0,0,,0,14,8,3,0.4516,1.0,35,36,31.8,,
00-0012478,Terrell Owens,WR,SF,2001,5,0,0,0.0,0,,0,14,9,0.0,0.35,,35,26,45.3,,
00-0012478,Terrell Owens,WR,SF,2001,7,0,0,0.0,0,,0,10,6,20,0.3448,1.0,28,25,12.0,,
00-0012478,Terrell Owens,WR,SF,2001,8,0,0,0.0,0,,0,10,9,0.0,0.303,0.0,35,33,33.5,,
00-0012478,Terrell Owens,WR,SF,2001,9,0,0,0.0,0,,1,11,8,0.0,0.3235,,26,27,31.2,,
00-0012478,Terrell Owens,WR,SF,2001,10,0,0,0.0,0,,0,14,7,7,0.2593,1.0,26,33,22.9,,
00-0012478,Terrell Owens,WR,SF,2001,11,0,0,0.0,0,,0,9,6,0.0,0.4091,0.0,23,21,22.3,,
00-0012478,Terrell Owens,WR,SF,2001,12,0,0,0.0,0,,0,8,6,0.0,0.3077,,43,36,19.2,,
00-0012478,Terrell Owens,WR,SF,2001,13,0,0,0.0,0,,1,10,3,7,0.2778,0.875,23,21,8.6,,
00-0012478,Terrell Owens,WR,SF,2001,14,0,0,0.0,0,,0,5,4,0.0,0.25,,50,47,8.3,,
00-0012478,Terrell Owens,WR,SF,2001,15,0,0,0.0,0,,0,8,4,0.0,0.3478,,30,27,16.4,,
00-0012478,Terrell Owens,WR,SF,2001,16,0,0,0.0,0,,0,9,5,0.0,0.2647,,18,21,14.3,,
00-0012478,Terrell Owens,WR,SF,2001,17,0,0,0.0,0,,0,4,2,0.0,0.1739,,41,40,25.6,,
00-0012569,Larry Parker,WR,KC,2001,2,0,0,0.0,0,,0,5,2,0.0,0.1515,0.0,20,11,3.2,,
00-0012569,Larry Parker,WR,KC,2001,3,0,0,0.0,0,,0,2,1,0.0,0.0667,,38,28,2.1,,
00-0012569,Larry Parker,WR,KC,2001,5,0,0,0.0,0,,1,0,0,0.0,0.0,0.0,24,25,-0.2,,
00-0012569,Larry Parker,WR,KC,2001,6,0,0,0.0,0,,1,2,1,0.0,0.0488,0.0,20,18,6.1,,
00-0012569,Larry Parker,WR,KC,2001,7,0,0,0.0,0,,1,14,6,-1,0.3333,-0.0556,23,18,25.7,,
00-0012569,Larry Parker,WR,KC,2001,8,0,0,0.0,0,,0,3,2,0.0,0.1154,0.0,39,31,3.8,,
00-0012569,Larry Parker,WR,KC,2001,9,0,0,0.0,0,,0,2,0,0.0,0.0667,0.0,26,21,0.0,,
00-0012569,Larry Parker,WR,KC,2001,11,0,0,0.0,0,,0,3,1,0.0,0.12,,44,34,2.6,,
00-0012569,Larry Parker,WR,KC,2001,12,0,0,0.0,0,,0,8,2,39,0.2286,1.0,20,26,4.2,,
00-0012637,Jerome Pathon,WR,IND,2001,1,0,0,0.0,0,,0,10,8,0.0,0.3448,0.0,30,30,23.3,,
00-0012637,Jerome Pathon,WR,IND,2001,2,0,0,0.0,0,,0,9,9,0.0,0.3103,0.0,30,27,31.8,,
00-0012637,Jerome Pathon,WR,IND,2001,3,0,0,0.0,0,,1,11,5,20,0.2558,0.5405,24,28,9.9,,
00-0012637,Jerome Pathon,WR,IND,2001,9,0,0,0.0,0,,0,2,2,0.0,0.0606,0.0,25,24,3.2,,
00-0012642,David Patten,WR,NE,2001,1,0,0,0.0,0,,0,7,3,0.0,0.1842,,21,18,7.7,,
00-0012642,David Patten,WR,NE,2001,2,0,0,0.0,0,,0,9,5,0.0,0.2432,0.0,26,20,10.3,,
00-0012642,David Patten,WR,NE,2001,3,0,0,0.0,0,,1,5,1,0.0,0.2174,,39,36,3.8,,
00-0012642,David Patten,WR,NE,2001,4,0,0,0.0,0,,0,2,1,0.0,0.0833,,23,21,2.0,,
00-0012642,David Patten,WR,NE,2001,5,0,0,0.0,0,,0,11,7,0.0,0.2037,,24,23,14.3,,
00-0012642,David Patten,WR,NE,2001,6,1,1,5.371,0,,1,5,4,0.0,0.2381,,30,23,43.0,,
00-0012642,David Patten,WR,NE,2001,7,1,0,-2.448,0,,1,7,5,45,0.1892,0.4206,24,25,16.5,,
00-0012642,David Patten,WR,NE,2001,8,0,0,0.0,0,,0,9,3,0.0,0.2903,,34,32,7.0,,
00-0012642,David Patten,WR,NE,2001,9,0,0,0.0,0,,1,2,1,0.0,0.1,0.0,31,29,4.3,,
00-0012642,David Patten,WR,NE,2001,10,0,0,0.0,0,,0,5,2,0.0,0.1852,0.0,20,21,11.7,,
00-0012642,David Patten,WR,NE,2001,11,0,0,0.0,0,,0,4,3,0.0,0.1538,,38,34,7.7,,
00-0012642,David Patten,WR,NE,2001,12,0,0,0.0,0,,0,9,6,0.0,0.3214,,23,21,12.0,,
00-0012642,David Patten,WR,NE,2001,13,0,0,0.0,0,,1,5,3,5,0.1852,0.2778,33,27,7.8,,
00-0012642,David Patten,WR,NE,2001,14,0,0,0.0,0,,0,7,3,0.0,0.2059,0.0,27,28,9.5,,
00-0012642,David Patten,WR,NE,2001,17,0,0,0.0,0,,0,6,4,0.0,0.2069,0.0,36,34,9.4,,
00-0012726,Doug Pederson,QB,GB,2001,15,0,0,0.0,0,,1,0,0,0.0,0.0,,33,35,-0.1,,
00-0013013,Michael Pittman,RB,ARI,2001,3,0,0,0.0,0,,7,7,6,0.0,0.2,0.0,15,22,20.4,,
00-0013013,Michael Pittman,RB,ARI,2001,4,0,0,0.0,0,,22,4,2,0.0,0.1379,0.0,28,29,11.9,,
00-0013013,Michael Pittman,RB,ARI,2001,5,0,0,0.0,0,,16,6,5,0.0,0.1622,,25,29,10.5,,
00-0013013,Michael Pittman,RB,ARI,2001,6,0,0,0.0,0,,26,4,4,0.0,0.16,,37,37,23.7,,
00-0013013,Michael Pittman,RB,ARI,2001,7,0,0,0.0,0,,16,5,2,0.0,0.125,0.0,22,23,6.5,,
00-0013013,Michael Pittman,RB,ARI,2001,8,0,0,0.0,0,,18,6,5,0.0,0.1463,0.0,24,29,10.1,,
00-0013013,Michael Pittman,RB,ARI,2001,9,0,0,0.0,0,,17,3,2,0.0,0.1154,0.0,25,24,8.1,,
00-0013013,Michael Pittman,RB,ARI,2001,10,0,0,0.0,0,,23,3,1,0.0,0.0938,0.0,26,29,9.4,,
00-0013013,Michael Pittman,RB,ARI,2001,11,0,0,0.0,0,,18,3,1,2,0.0968,0.1538,24,26,11.7,,
00-0013013,Michael Pittman,RB,ARI,2001,12,0,0,0.0,0,,18,10,4,0.0,0.2778,,34,33,19.5,,
00-0013013,Michael Pittman,RB,ARI,2001,13,0,0,0.0,0,,14,5,5,0.0,0.1515,-0.0,22,21,13.9,,
00-0013013,Michael Pittman,RB,ARI,2001,14,0,0,0.0,0,,12,3,3,0.0,0.0667,,30,34,5.9,,
00-0013013,Michael Pittman,RB,ARI,2001,15,0,0,0.0,0,,14,0,0,0.0,0.0,,20,21,11.8,,
00-0013013,Michael Pittman,RB,ARI,2001,16,0,0,0.0,0,,12,4,2,0.0,0.1739,,33,32,13.7,,
00-0013013,Michael Pittman,RB,ARI,2001,17,0,0,0.0,0,,8,3,0,0.0,0.1364,-0.0,17,19,1.9,,
00-0013042,Jake Plummer,QB,ARI,2001,2,28,16,3.369,3,,1,0,0,0.0,0.0,0.0,18,18,13.6,,
00-0013042,Jake Plummer,QB,ARI,2001,3,35,23,-3.484,4,,2,0,0,0.0,0.0,0.0,15,22,6.9,,
00-0013042,Jake Plummer,QB,ARI,2001,4,32,18,7.199,1,,1,0,0,0.0,0.0,0.0,28,29,15.6,,
00-0013042,Jake Plummer,QB,ARI,2001,5,37,20,4.428,1,,2,0,0,0.0,0.0,,25,29,13.3,,
00-0013042,Jake Plummer,QB,ARI,2001,6,25,16,14.413,0,,3,0,0,0.0,0.0,,37,37,15.1,,
00-0013042,Jake Plummer,QB,ARI,2001,7,41,25,-7.57,2,,4,0,0,0.0,0.0,0.0,22,23,8.8,,
00-0013042,Jake Plummer,QB,ARI,2001,8,41,24,2.291,3,,0,0,0,0.0,0.0,0.0,24,29,13.7,,
00-0013042,Jake Plummer,QB,ARI,2001,9,26,13,-4.095,2,,3,0,0,0.0,0.0,0.0,25,24,7.8,,
00-0013042,Jake Plummer,QB,ARI,2001,10,33,21,19.26,2,,1,0,0,0.0,0.0,0.0,26,29,27.9,,
00-0013042,Jake Plummer,QB,ARI,2001,11,31,19,2.998,3,,1,0,0,0.0,0.0,0.0,24,26,10.1,,
00-0013042,Jake Plummer,QB,ARI,2001,12,38,22,8.171,1,,4,0,0,0.0,0.0,,34,33,15.6,,
00-0013042,Jake Plummer,QB,ARI,2001,13,34,20,-1.003,1,,3,0,0,0.0,0.0,-0.0,22,21,14.2,,
00-0013042,Jake Plummer,QB,ARI,2001,14,45,27,0.025,3,,3,0,0,0.0,0.0,,30,34,15.0,,
00-0013042,Jake Plummer,QB,ARI,2001,15,31,17,-6.187,1,,1,0,0,0.0,0.0,,20,21,5.8,,
00-0013042,Jake Plummer,QB,ARI,2001,16,23,12,8.254,0,,4,0,0,0.0,0.0,,33,32,14.8,,
00-0013042,Jake Plummer,QB,ARI,2001,17,25,11,-7.867,2,,2,0,0,0.0,0.0,-0.0,17,19,4.2,,
00-0013080,Marcus Pollard,TE,IND,2001,1,0,0,0.0,0,,0,4,3,0.0,0.1379,0.0,30,30,12.1,,
00-0013080,Marcus Pollard,TE,IND,2001,2,0,0,0.0,0,,0,1,1,0.0,0.0345,0.0,30,27,1.8,,
00-0013080,Marcus Pollard,TE,IND,2001,3,0,0,0.0,0,,0,5,4,0.0,0.1163,0.0,24,28,16.3,,
00-0013080,Marcus Pollard,TE,IND,2001,5,0,0,0.0,0,,0,10,5,11,0.2439,1.0,27,32,10.3,,
00-0013080,Marcus Pollard,TE,IND,2001,6,0,0,0.0,0,,0,5,3,0.0,0.1471,,34,36,9.1,,
00-0013080,Marcus Pollard,TE,IND,2001,7,0,0,0.0,0,,0,5,1,0.0,0.1667,,33,33,7.6,,
00-0013080,Marcus Pollard,TE,IND,2001,8,0,0,0.0,0,,0,4,4,0.0,0.1538,,37,38,14.0,,
00-0013080,Marcus Pollard,TE,IND,2001,9,0,0,0.0,0,,0,6,3,12,0.1818,0.24,25,24,5.9,,
00-0013080,Marcus Pollard,TE,IND,2001,10,0,0,0.0,0,,0,3,3,0.0,0.1111,0.0,23,21,21.6,,
00-0013080,Marcus Pollard,TE,IND,2001,11,0,0,0.0,0,,0,2,1,0.0,0.0408,0.0,32,37,3.2,,
00-0013080,Marcus Pollard,TE,IND,2001,12,0,0,0.0,0,,0,7,4,0.0,0.1556,0.0,17,22,18.0,,
00-0013080,Marcus Pollard,TE,IND,2001,13,0,0,0.0,0,,0,5,3,19,0.1667,0.5429,18,21,5.7,,
00-0013080,Marcus Pollard,TE,IND,2001,14,0,0,0.0,0,,0,7,5,0.0,0.2,0.0,33,32,21.1,,
00-0013080,Marcus Pollard,TE,IND,2001,15,0,0,0.0,0,,0,4,3,0.0,0.1143,,18,21,14.0,,
00-0013080,Marcus Pollard,TE,IND,2001,16,0,0,0.0,0,,0,3,2,0.0,0.1111,0.0,22,23,5.1,,
00-0013080,Marcus Pollard,TE,IND,2001,17,0,0,0.0,0,,0,2,2,0.0,0.0667,0.0,35,35,3.1,,
00-0013097,Keith Poole,WR,DEN,2001,7,0,0,0.0,0,,0,1,0,0.0,0.0385,0.0,29,24,0.0,,
00-0013097,Keith Poole,WR,DEN,2001,9,0,0,0.0,0,,0,5,2,0.0,0.1613,,42,44,3.3,,
00-0013097,Keith Poole,WR,DEN,2001,10,0,0,0.0,0,,0,3,2,0.0,0.1,,27,24,3.9,,
00-0013097,Keith Poole,WR,DEN,2001,11,0,0,0.0,0,,0,1,1,0.0,0.0345,0.0,39,38,1.6,,
00-0013232,Peerless Price,WR,BUF,2001,1,0,0,0.0,0,,1,2,1,0.0,0.0714,0.0,28,27,7.3,,
00-0013232,Peerless Price,WR,BUF,2001,2,0,0,0.0,0,,1,5,2,0.0,0.1389,0.0,22,17,16.4,,
00-0013232,Peerless Price,WR,BUF,2001,3,0,0,0.0,0,,1,3,1,0.0,0.1154,0.0,22,19,1.3,,
00-0013232,Peerless Price,WR,BUF,2001,4,0,0,0.0,0,,0,11,4,19,0.25,0.7917,32,22,20.3,,
00-0013232,Peerless Price,WR,BUF,2001,6,0,0,0.0,0,,0,3,1,0.0,0.0545,0.0,56,48,1.9,,
00-0013232,Peerless Price,WR,BUF,2001,7,0,0,0.0,0,,0,10,8,0.0,0.2778,0.0,25,13,29.1,,
00-0013232,Peerless Price,WR,BUF,2001,8,0,0,0.0,0,,0,5,1,0.0,0.1724,,21,16,2.7,,
00-0013232,Peerless Price,WR,BUF,2001,9,0,0,0.0,0,,0,7,3,34,0.2258,0.8718,21,17,14.9,,
00-0013232,Peerless Price,WR,BUF,2001,10,0,0,0.0,0,,1,15,10,0.0,0.375,,22,21,30.4,,
00-0013232,Peerless Price,WR,BUF,2001,11,0,0,0.0,0,,1,6,2,9,0.1875,1.0,26,26,4.3,,
00-0013232,Peerless Price,WR,BUF,2001,12,0,0,0.0,0,,0,9,3,0.0,0.25,0.0,11,10,4.5,,
00-0013232,Peerless Price,WR,BUF,2001,13,0,0,0.0,0,,0,6,4,0.0,0.2143,0.0,35,31,14.8,,
00-0013232,Peerless Price,WR,BUF,2001,14,0,0,0.0,0,,0,10,4,0.0,0.2273,0.0,28,31,10.7,,
00-0013232,Peerless Price,WR,BUF,2001,15,0,0,0.0,0,,0,7,5,0.0,0.2333,,21,21,12.3,,
00-0013232,Peerless Price,WR,BUF,2001,16,0,0,0.0,0,,1,6,3,0.0,0.2308,,40,33,17.2,,
00-0013232,Peerless Price,WR,BUF,2001,17,0,0,0.0,0,,0,6,3,17,0.1579,0.8095,17,15,8.1,,
00-0013262,Stanley Pritchett,RB,CHI,2001,17,0,0,0.0,0,,0,1,0,0.0,0.0345,,40,41,0.0,,
00-0013268,Ricky Proehl,WR,LA,2001,1,0,0,0.0,0,,0,2,1,0.0,0.0476,0.0,23,29,1.6,,
00-0013268,Ricky Proehl,WR,LA,2001,2,0,0,-0.947,0,,0,3,2,11,0.0857,1.0,25,28,6.4,,
00-0013268,Ricky Proehl,WR,LA,2001,3,0,0,0.0,0,,0,4,3,0.0,0.129,,27,30,14.0,,
00-0013268,Ricky Proehl,WR,LA,2001,5,0,0,0.0,0,,0,4,4,0.0,0.087,0.0,16,21,10.4,,
00-0013268,Ricky Proehl,WR,LA,2001,6,0,0,0.0,0,,0,4,3,0.0,0.1481,,34,27,7.5,,
00-0013268,Ricky Proehl,WR,LA,2001,7,0,0,0.0,0,,0,5,1,33,0.1042,0.4459,16,22,3.0,,
00-0013268,Ricky Proehl,WR,LA,2001,9,0,0,0.0,0,,0,3,2,0.0,0.1364,0.0,41,37,3.0,,
00-0013268,Ricky Proehl,WR,LA,2001,10,0,0,0.0,0,,0,6,5,4,0.1463,0.3636,28,29,11.2,,
00-0013268,Ricky Proehl,WR,LA,2001,12,0,0,0.0,0,,0,2,2,0.0,0.087,,20,25,7.0,,
00-0013268,Ricky Proehl,WR,LA,2001,13,0,0,0.0,0,,0,8,6,0.0,0.1951,0.0,30,32,22.9,,
00-0013268,Ricky Proehl,WR,LA,2001,14,0,0,0.0,0,,0,2,2,0.0,0.0645,,25,30,7.0,,
00-0013268,Ricky Proehl,WR,LA,2001,15,0,0,0.0,0,,0,5,4,14,0.2083,0.3784,33,33,13.6,,
00-0013268,Ricky Proehl,WR,LA,2001,16,0,0,0.0,0,,0,2,1,0.0,0.0667,-0.0,29,33,1.6,,
00-0013268,Ricky Proehl,WR,LA,2001,17,0,0,0.0,0,,1,5,4,15,0.1667,0.3571,29,28,19.6,,
00-0013338,Jonathan Quinn,QB,CLE,2001,3,30,15,-23.316,1,,2,0,0,0.0,0.0,0.0,55,59,7.9,,
00-0013338,Jonathan Quinn,QB,CIN,2001,9,0,0,0.0,0,,1,0,0,0.0,0.0,0.0,48,48,-0.1,,
00-0013338,Jonathan Quinn,QB,JAX,2001,10,31,17,-10.19,5,,4,0,0,0.0,0.0,,16,13,6.9,,
00-0013338,Jonathan Quinn,QB,JAX,2001,15,0,0,0.0,0,,1,0,0,0.0,0.0,,37,37,-0.1,,
00-0013422,Walter Rasby,TE,WAS,2001,3,0,0,0.0,0,,0,1,0,0.0,0.0385,0.0,20,17,0.0,,
00-0013422,Walter Rasby,TE,WAS,2001,4,0,0,0.0,0,,0,3,0,0.0,0.1,0.0,17,13,0.0,,
00-0013422,Walter Rasby,TE,WAS,2001,5,0,0,0.0,0,,0,1,0,0.0,0.0556,,26,26,0.0,,
00-0013422,Walter Rasby,TE,WAS,2001,6,0,0,0.0,0,,0,5,1,5,0.1786,1.0,28,29,1.3,,
00-0013422,Walter Rasby,TE,WAS,2001,8,0,0,0.0,0,,0,2,2,0.0,0.0909,0.0,46,46,10.2,,
00-0013422,Walter Rasby,TE,WAS,2001,10,0,0,0.0,0,,0,1,0,0.0,0.0323,,32,28,0.0,,
00-0013422,Walter Rasby,TE,WAS,2001,12,0,0,0.0,0,,0,2,0,0.0,0.0645,0.0,22,22,0.0,,
00-0013422,Walter Rasby,TE,WAS,2001,13,0,0,0.0,0,,0,1,1,0.0,0.04,,35,31,2.1,,
00-0013422,Walter Rasby,TE,WAS,2001,14,0,0,0.0,0,,0,5,2,0.0,0.1471,0.0,29,28,5.2,,
00-0013422,Walter Rasby,TE,WAS,2001,15,0,0,0.0,0,,0,2,0,0.0,0.0488,,28,30,0.0,,
00-0013422,Walter Rasby,TE,WAS,2001,16,0,0,0.0,0,,0,1,1,0.0,0.0667,0.0,44,38,2.5,,
00-0013422,Walter Rasby,TE,WAS,2001,17,0,0,0.0,0,,0,3,3,0.0,0.125,0.0,49,43,13.5,,
00-0013467,Jamie Reader,RB,PHI,2001,8,0,0,0.0,0,,0,2,0,0.0,0.0625,0.0,22,19,0.0,,
00-0013467,Jamie Reader,RB,PHI,2001,10,0,0,0.0,0,,0,1,1,0.0,0.0333,0.0,35,35,1.3,,
00-0013467,Jamie Reader,RB,PHI,2001,13,0,0,0.0,0,,0,1,1,0.0,0.0227,0.0,24,23,2.1,,
00-0013467,Jamie Reader,RB,PHI,2001,15,0,0,0.0,0,,0,1,0,0.0,0.0294,0.0,22,29,0.0,,
00-0013512,Jake Reed,WR,MIN,2001,1,0,0,0.0,0,,0,4,1,28,0.1081,0.28,26,17,3.6,,
00-0013512,Jake Reed,WR,MIN,2001,2,0,0,0.0,0,,0,5,4,0.0,0.1351,,25,21,6.7,,
00-0013512,Jake Reed,WR,MIN,2001,3,0,0,0.0,0,,0,2,1,0.0,0.0455,0.0,24,23,1.2,,
00-0013512,Jake Reed,WR,MIN,2001,4,0,0,0.0,0,,0,4,2,0.0,0.1212,0.0,11,13,5.6,,
00-0013512,Jake Reed,WR,MIN,2001,5,0,0,0.0,0,,0,2,2,0.0,0.0741,0.0,27,21,4.3,,
00-0013512,Jake Reed,WR,MIN,2001,6,0,0,0.0,0,,0,2,1,0.0,0.0741,,36,24,4.4,,
00-0013512,Jake Reed,WR,MIN,2001,7,0,0,0.0,0,,0,3,3,0.0,0.125,0.0,18,8,6.2,,
00-0013512,Jake Reed,WR,MIN,2001,9,0,0,0.0,0,,0,5,2,0.0,0.1429,0.0,21,13,3.9,,
00-0013512,Jake Reed,WR,MIN,2001,10,0,0,0.0,0,,0,1,0,3,0.0278,0.2727,28,14,0.0,,
00-0013512,Jake Reed,WR,MIN,2001,11,0,0,0.0,0,,0,5,2,0.0,0.1136,-0.0,23,18,3.7,,
00-0013512,Jake Reed,WR,MIN,2001,12,0,0,0.0,0,,0,2,2,0.0,0.0625,0.0,16,18,5.5,,
00-0013512,Jake Reed,WR,MIN,2001,13,0,0,0.0,0,,0,4,3,0.0,0.1333,0.0,25,23,13.7,,
00-0013512,Jake Reed,WR,MIN,2001,14,0,0,0.0,0,,0,3,1,0.0,0.0833,0.0,17,17,1.9,,
00-0013512,Jake Reed,WR,MIN,2001,15,0,0,0.0,0,,0,3,0,0.0,0.0769,0.0,14,15,0.0,,
00-0013512,Jake Reed,WR,MIN,2001,16,0,0,0.0,0,,0,5,2,0.0,0.1667,0.0,44,34,3.3,,
00-0013512,Jake Reed,WR,MIN,2001,17,0,0,0.0,0,,0,3,1,29,0.1,0.7436,21,16,1.9,,
00-0013639,Jerry Rice,WR,LV,2001,1,0,0,0.0,0,,0,11,8,0.0,0.2683,0.0,28,35,16.7,,
00-0013639,Jerry Rice,WR,LV,2001,2,0,0,0.0,0,,0,4,1,0.0,0.16,,26,32,1.7,,
00-0013639,Jerry Rice,WR,LV,2001,3,0,0,0.0,0,,0,6,5,0.0,0.1875,,25,27,26.1,,
00-0013639,Jerry Rice,WR,LV,2001,4,0,0,0.0,0,,0,9,7,0.0,0.3214,,34,29,18.1,,
00-0013639,Jerry Rice,WR,LV,2001,5,0,0,0.0,0,,0,7,4,0.0,0.2188,,30,28,8.4,,
00-0013639,Jerry Rice,WR,LV,2001,7,0,0,0.0,0,,0,4,2,0.0,0.1538,,47,47,5.4,,
00-0013639,Jerry Rice,WR,LV,2001,8,0,0,0.0,0,,0,4,3,0.0,0.1212,,30,26,7.7,,
00-0013639,Jerry Rice,WR,LV,2001,9,0,0,0.0,0,,0,10,6,0.0,0.2778,,18,22,14.5,,
00-0013639,Jerry Rice,WR,LV,2001,10,0,0,0.0,0,,0,10,8,0.0,0.2632,0.0,28,32,39.1,,
00-0013639,Jerry Rice,WR,LV,2001,11,0,0,0.0,0,,0,4,3,0.0,0.2,,32,32,9.5,,
00-0013639,Jerry Rice,WR,LV,2001,12,0,0,0.0,0,,0,10,7,0.0,0.2222,0.0,32,32,22.7,,
00-0013639,Jerry Rice,WR,LV,2001,13,0,0,0.0,0,,0,6,5,0.0,0.25,0.0,26,21,16.7,,
00-0013639,Jerry Rice,WR,LV,2001,14,0,0,0.0,0,,0,8,6,13,0.2857,1.0,27,29,21.3,,
00-0013639,Jerry Rice,WR,LV,2001,15,0,0,0.0,0,,0,13,6,0.0,0.2826,0.0,21,29,14.4,,
00-0013639,Jerry Rice,WR,LV,2001,16,0,0,0.0,0,,0,11,9,0.0,0.234,0.0,16,25,19.8,,
00-0013639,Jerry Rice,WR,LV,2001,17,0,0,0.0,0,,0,8,3,0.0,0.2162,,30,37,8.8,,
00-0013712,Mikhael Ricks,TE,KC,2001,1,0,0,0.0,0,,0,3,2,0.0,0.0833,0.0,17,9,4.6,,
00-0013712,Mikhael Ricks,TE,KC,2001,3,0,0,0.0,0,,0,3,3,0.0,0.1,,38,28,7.0,,
00-0013712,Mikhael Ricks,TE,KC,2001,5,0,0,0.0,0,,0,2,2,0.0,0.0625,0.0,24,25,5.0,,
00-0013712,Mikhael Ricks,TE,KC,2001,6,0,0,0.0,0,,0,4,2,0.0,0.0976,0.0,20,18,4.9,,
00-0013712,Mikhael Ricks,TE,KC,2001,7,0,0,0.0,0,,0,5,2,11,0.119,0.6111,23,18,3.4,,
00-0013712,Mikhael Ricks,TE,KC,2001,8,0,0,0.0,0,,0,5,1,0.0,0.1923,0.0,39,31,5.0,,
00-0013712,Mikhael Ricks,TE,KC,2001,11,0,0,0.0,0,,0,1,1,0.0,0.04,,44,34,1.8,,
00-0013712,Mikhael Ricks,TE,KC,2001,12,0,0,0.0,0,,0,1,1,0.0,0.0286,0.0,20,26,2.3,,
00-0013712,Mikhael Ricks,TE,KC,2001,14,0,0,0.0,0,,0,1,1,0.0,0.05,0.0,33,30,1.8,,
00-0013712,Mikhael Ricks,TE,KC,2001,16,0,0,0.0,0,,0,1,1,0.0,0.0141,0.0,57,58,3.1,,
00-0013712,Mikhael Ricks,TE,KC,2001,17,0,0,0.0,0,,0,4,2,0.0,0.125,0.0,28,29,10.3,,
00-0013728,Jay Riemersma,TE,BUF,2001,1,0,0,0.0,0,,0,6,2,30,0.2143,0.75,28,27,3.6,,
00-0013728,Jay Riemersma,TE,BUF,2001,2,0,0,0.0,0,,0,7,5,0.0,0.1944,0.0,22,17,8.6,,
00-0013728,Jay Riemersma,TE,BUF,2001,3,0,0,0.0,0,,0,2,2,0.0,0.0769,0.0,22,19,5.5,,
00-0013728,Jay Riemersma,TE,BUF,2001,4,0,0,-0.947,0,,0,5,4,0.0,0.1136,0.0,32,22,13.5,,
00-0013728,Jay Riemersma,TE,BUF,2001,6,0,0,0.0,0,,0,7,5,0.0,0.1273,0.0,56,48,10.3,,
00-0013728,Jay Riemersma,TE,BUF,2001,7,0,0,0.0,0,,0,5,4,0.0,0.1389,0.0,25,13,11.4,,
00-0013728,Jay Riemersma,TE,BUF,2001,8,0,0,0.0,0,,0,7,5,0.0,0.2414,,21,16,15.6,,
00-0013728,Jay Riemersma,TE,BUF,2001,9,0,0,0.0,0,,0,2,1,0.0,0.0645,0.0,21,17,4.6,,
00-0013728,Jay Riemersma,TE,BUF,2001,10,0,0,0.0,0,,0,3,2,0.0,0.075,,22,21,9.6,,
00-0013728,Jay Riemersma,TE,BUF,2001,11,0,0,0.0,0,,0,3,2,0.0,0.0938,0.0,26,26,4.3,,
00-0013728,Jay Riemersma,TE,BUF,2001,12,0,0,0.0,0,,0,1,1,0.0,0.0278,0.0,11,10,1.8,,
00-0013728,Jay Riemersma,TE,BUF,2001,13,0,0,0.0,0,,0,5,4,0.0,0.1786,0.0,35,31,9.8,,
00-0013728,Jay Riemersma,TE,BUF,2001,14,0,0,0.0,0,,0,6,4,18,0.1364,1.0,28,31,7.6,,
00-0013728,Jay Riemersma,TE,BUF,2001,15,0,0,0.0,0,,0,5,0,0.0,0.1667,,21,21,0.0,,
00-0013728,Jay Riemersma,TE,BUF,2001,16,0,0,0.0,0,,0,8,8,0.0,0.3077,,40,33,15.8,,
00-0013728,Jay Riemersma,TE,BUF,2001,17,0,0,0.0,0,,0,6,4,0.0,0.1579,0.0,17,15,8.0,,
00-0013888,Marcus Robinson,WR,CHI,2001,1,0,0,0.0,0,,0,4,0,0.0,0.1026,0.0,28,32,0.0,,
00-0013888,Marcus Robinson,WR,CHI,2001,2,0,0,0.0,0,,0,15,7,18,0.3947,1.0,19,18,22.9,,
00-0013888,Marcus Robinson,WR,CHI,2001,4,0,0,0.0,0,,0,10,9,-13,0.3704,-0.7222,24,25,26.4,,
00-0013888,Marcus Robinson,WR,CHI,2001,5,0,0,0.0,0,,0,4,2,19,0.1905,0.322,32,31,2.6,,
00-0013888,Marcus Robinson,WR,CHI,2001,6,0,0,0.0,0,,0,9,5,0.0,0.3,,32,31,10.0,,
00-0013958,Charlie Rogers,RB,SEA,2001,10,0,0,0.0,0,,0,1,1,0.0,0.0455,,32,30,1.7,,
00-0014211,Rod Rutledge,TE,NE,2001,2,0,0,0.0,0,,0,2,2,0.0,0.0541,0.0,26,20,3.0,,
00-0014211,Rod Rutledge,TE,NE,2001,7,0,0,0.0,0,,0,1,0,0.0,0.027,0.0,24,25,0.0,,
00-0014211,Rod Rutledge,TE,NE,2001,10,0,0,0.0,0,,0,2,2,0.0,0.0741,0.0,20,21,3.6,,
00-0014211,Rod Rutledge,TE,NE,2001,11,0,0,0.0,0,,0,1,0,0.0,0.0385,,38,34,0.0,,
00-0014211,Rod Rutledge,TE,NE,2001,12,0,0,0.0,0,,0,1,1,0.0,0.0357,,23,21,1.9,,
00-0014211,Rod Rutledge,TE,NE,2001,14,0,0,0.0,0,,0,1,0,0.0,0.0294,0.0,27,28,0.0,,
00-0014234,Mark Rypien,QB,IND,2001,3,9,5,-0.351,1,,0,0,0,0.0,0.0,0.0,24,28,2.3,,
00-0014319,Chris Sanders,WR,TEN,2001,1,0,0,0.0,0,,0,7,3,0.0,0.1795,0.0,25,20,7.7,,
00-0014319,Chris Sanders,WR,TEN,2001,2,0,0,0.0,0,,0,4,1,0.0,0.0635,,52,53,1.9,,
00-0014319,Chris Sanders,WR,TEN,2001,4,0,0,0.0,0,,0,6,0,0.0,0.1875,0.0,17,20,0.0,,
00-0014319,Chris Sanders,WR,TEN,2001,5,0,0,0.0,0,,0,1,1,0.0,0.0385,0.0,41,37,2.8,,
00-0014328,Frank Sanders,WR,ARI,2001,2,0,0,0.0,0,,0,7,4,0.0,0.2593,0.0,18,18,6.8,,
00-0014328,Frank Sanders,WR,ARI,2001,3,0,0,0.0,0,,0,5,4,0.0,0.1429,0.0,15,22,13.6,,
00-0014328,Frank Sanders,WR,ARI,2001,4,0,0,0.0,0,,0,2,1,0.0,0.069,0.0,28,29,1.3,,
00-0014328,Frank Sanders,WR,ARI,2001,5,0,0,0.0,0,,0,6,3,0.0,0.1622,,25,29,13.7,,
00-0014328,Frank Sanders,WR,ARI,2001,6,0,0,0.0,0,,0,5,2,0.0,0.2,,37,37,3.8,,
00-0014328,Frank Sanders,WR,ARI,2001,7,0,0,0.0,0,,0,9,5,0.0,0.225,0.0,22,23,8.6,,
00-0014328,Frank Sanders,WR,ARI,2001,8,0,0,0.0,0,,0,12,6,0.0,0.2927,0.0,24,29,14.7,,
00-0014328,Frank Sanders,WR,ARI,2001,9,0,0,0.0,0,,0,2,1,0.0,0.0769,0.0,25,24,1.6,,
00-0014328,Frank Sanders,WR,ARI,2001,10,0,0,0.0,0,,0,8,7,0.0,0.25,0.0,26,29,25.7,,
00-0014328,Frank Sanders,WR,ARI,2001,11,0,0,0.0,0,,0,1,0,0.0,0.0323,0.0,24,26,0.0,,
00-0014328,Frank Sanders,WR,ARI,2001,13,0,0,0.0,0,,0,5,2,0.0,0.1515,-0.0,22,21,4.3,,
00-0014328,Frank Sanders,WR,ARI,2001,14,0,0,0.0,0,,0,6,2,0.0,0.1333,,30,34,3.9,,
00-0014328,Frank Sanders,WR,ARI,2001,15,0,0,0.0,0,,0,3,2,0.0,0.0968,,20,21,8.9,,
00-0014328,Frank Sanders,WR,ARI,2001,16,1,0,-0.406,0,,0,1,0,0.0,0.0435,,33,32,0.0,,
00-0014328,Frank Sanders,WR,ARI,2001,17,0,0,0.0,0,,0,4,2,0.0,0.1818,-0.0,17,19,5.9,,
00-0014350,O.J. Santiago,TE,CLE,2001,5,0,0,0.0,0,,0,1,0,0.0,0.0357,,19,20,0.0,,
00-0014350,O.J. Santiago,TE,CLE,2001,6,0,0,0.0,0,,0,1,1,0.0,0.0588,,29,28,3.7,,
00-0014350,O.J. Santiago,TE,CLE,2001,8,0,0,0.0,0,,0,2,2,0.0,0.087,-0.0,23,24,4.6,,
00-0014350,O.J. Santiago,TE,CLE,2001,9,0,0,0.0,0,,0,3,2,0.0,0.0909,,23,21,9.4,,
00-0014350,O.J. Santiago,TE,CLE,2001,10,0,0,0.0,0,,0,2,2,0.0,0.0667,0.0,30,32,2.9,,
00-0014350,O.J. Santiago,TE,CLE,2001,11,0,0,0.0,0,,0,1,0,0.0,0.037,0.0,39,33,0.0,,
00-0014350,O.J. Santiago,TE,CLE,2001,13,0,0,0.0,0,,0,4,2,0.0,0.1081,0.0,19,23,3.1,,
00-0014350,O.J. Santiago,TE,CLE,2001,14,0,0,0.0,0,,0,4,3,0.0,0.1333,0.0,15,21,5.3,,
00-0014350,O.J. Santiago,TE,CLE,2001,15,0,0,0.0,0,,0,4,1,71,0.1212,1.0,26,30,1.7,,
00-0014350,O.J. Santiago,TE,CLE,2001,16,0,0,0.0,0,,0,3,3,0.0,0.1154,0.0,29,32,11.7,,
00-0014350,O.J. Santiago,TE,CLE,2001,17,0,0,0.0,0,,0,2,1,12,0.0769,0.3158,19,19,1.9,,
00-0014489,Bill Schroeder,WR,GB,2001,1,0,0,0.0,0,,1,4,4,0.0,0.1481,,29,30,21.0,,
00-0014489,Bill Schroeder,WR,GB,2001,2,0,0,0.0,0,,0,5,1,0.0,0.1613,0.0,40,42,11.1,,
00-0014489,Bill Schroeder,WR,GB,2001,3,0,0,0.0,0,,0,9,5,0.0,0.2368,0.0,31,35,17.7,,
00-0014489,Bill Schroeder,WR,GB,2001,4,0,0,0.0,0,,0,6,4,0.0,0.1765,0.0,22,26,21.9,,
00-0014489,Bill Schroeder,WR,GB,2001,5,0,0,0.0,0,,0,5,4,0.0,0.1471,,24,28,7.4,,
00-0014489,Bill Schroeder,WR,GB,2001,9,0,0,0.0,0,,0,6,4,0.0,0.1875,0.0,23,24,20.0,,
00-0014489,Bill Schroeder,WR,GB,2001,10,0,0,0.0,0,,0,11,4,74,0.3793,1.0,19,25,15.5,,
00-0014489,Bill Schroeder,WR,GB,2001,11,0,0,0.0,0,,0,5,2,0.0,0.1923,,27,31,5.0,,
00-0014489,Bill Schroeder,WR,GB,2001,12,0,0,0.0,0,,0,9,6,0.0,0.1047,0.0,44,51,22.6,,
00-0014489,Bill Schroeder,WR,GB,2001,13,0,0,0.0,0,,0,4,3,0.0,0.1481,0.0,36,37,6.4,,
00-0014489,Bill Schroeder,WR,GB,2001,14,0,0,0.0,0,,0,12,6,0.0,0.3333,-0.0,15,13,20.2,,
00-0014489,Bill Schroeder,WR,GB,2001,15,0,0,0.0,0,,0,5,2,0.0,0.1786,,33,35,3.5,,
00-0014489,Bill Schroeder,WR,GB,2001,16,0,0,0.0,0,,0,6,3,0.0,0.2069,,20,21,5.9,,
00-0014489,Bill Schroeder,WR,GB,2001,17,0,0,0.0,0,,0,6,5,0.0,0.2069,,26,26,21.2,,
00-0014544,Darnay Scott,WR,CIN,2001,1,0,0,0.0,0,,0,9,5,0.0,0.3333,,33,34,15.4,,
00-0014544,Darnay Scott,WR,CIN,2001,2,0,0,0.0,0,,0,6,5,0.0,0.2,,23,26,13.2,,
00-0014544,Darnay Scott,WR,CIN,2001,3,0,0,0.0,0,,0,3,1,14,0.1071,0.3111,26,25,1.6,,
00-0014544,Darnay Scott,WR,CIN,2001,4,0,0,0.0,0,,0,7,5,0.0,0.2059,0.0,21,20,11.2,,
00-0014544,Darnay Scott,WR,CIN,2001,5,0,0,0.0,0,,0,6,1,0.0,0.1579,,42,43,7.5,,
00-0014544,Darnay Scott,WR,CIN,2001,6,0,0,0.0,0,,0,10,2,0.0,0.2174,0.0,21,20,5.7,,
00-0014544,Darnay Scott,WR,CIN,2001,7,0,0,0.0,0,,0,7,6,0.0,0.28,0.0,37,34,21.9,,
00-0014544,Darnay Scott,WR,CIN,2001,9,0,0,0.0,0,,0,1,0,0.0,0.0125,0.0,48,48,0.0,,
00-0014544,Darnay Scott,WR,CIN,2001,10,0,0,0.0,0,,0,7,4,27,0.175,0.6429,21,23,7.5,,
00-0014544,Darnay Scott,WR,CIN,2001,11,0,0,0.0,0,,0,4,2,0.0,0.1212,0.0,24,23,4.4,,
00-0014544,Darnay Scott,WR,CIN,2001,12,0,0,0.0,0,,0,9,4,0.0,0.25,0.0,24,29,7.0,,
00-0014544,Darnay Scott,WR,CIN,2001,13,0,0,0.0,0,,0,6,4,0.0,0.2,0.0,27,29,7.6,,
00-0014544,Darnay Scott,WR,CIN,2001,14,0,0,0.0,0,,0,2,1,0.0,0.087,0.0,33,30,2.4,,
00-0014544,Darnay Scott,WR,CIN,2001,15,0,0,0.0,0,,0,3,1,0.0,0.0811,0.0,30,31,3.0,,
00-0014544,Darnay Scott,WR,CIN,2001,16,0,0,0.0,0,,0,12,7,0.0,0.1818,0.0,29,29,18.3,,
00-0014544,Darnay Scott,WR,CIN,2001,17,0,0,0.0,0,,0,11,9,0.0,0.234,0.0,27,30,24.2,,
00-0014655,Mike Sellers,TE,CLE,2001,1,0,0,0.0,0,,0,2,1,0.0,0.0606,0.0,25,27,1.2,,
00-0014655,Mike Sellers,TE,CLE,2001,2,0,0,0.0,0,,0,3,1,0.0,0.1579,0.0,37,35,3.8,,
00-0014655,Mike Sellers,TE,CLE,2001,3,0,0,0.0,0,,0,1,1,0.0,0.0141,0.0,55,59,2.8,,
00-0014655,Mike Sellers,TE,CLE,2001,5,0,0,0.0,0,,0,1,1,0.0,0.0357,,19,20,7.3,,
00-0014655,Mike Sellers,TE,CLE,2001,6,0,0,0.0,0,,0,2,1,0.0,0.1176,,29,28,2.2,,
00-0014655,Mike Sellers,TE,CLE,2001,8,0,0,0.0,0,,0,2,1,0.0,0.087,-0.0,23,24,7.3,,
00-0014655,Mike Sellers,TE,CLE,2001,9,0,0,0.0,0,,0,2,1,0.0,0.0606,,23,21,1.7,,
00-0014722,Shannon Sharpe,TE,BAL,2001,1,0,0,0.0,0,,0,4,4,0.0,0.1379,,30,26,7.4,,
00-0014722,Shannon Sharpe,TE,BAL,2001,2,0,0,0.0,0,,0,12,8,-7,0.1935,-0.875,20,29,16.4,,
00-0014722,Shannon Sharpe,TE,BAL,2001,3,0,0,0.0,0,,0,5,5,0.0,0.1923,,34,32,10.0,,
00-0014722,Shannon Sharpe,TE,BAL,2001,4,0,0,0.0,0,,0,6,3,0.0,0.2069,,40,42,8.7,,
00-0014722,Shannon Sharpe,TE,BAL,2001,5,0,0,0.0,0,,0,9,5,0.0,0.2903,0.0,34,31,9.1,,
00-0014722,Shannon Sharpe,TE,BAL,2001,6,0,0,0.0,0,,0,9,6,0.0,0.2195,0.0,27,34,12.1,,
00-0014722,Shannon Sharpe,TE,BAL,2001,7,0,0,0.0,0,,0,10,7,0.0,0.3226,0.0,32,30,15.9,,
00-0014722,Shannon Sharpe,TE,BAL,2001,8,0,0,0.0,0,,0,5,3,0.0,0.2273,0.0,26,25,14.6,,
00-0014722,Shannon Sharpe,TE,BAL,2001,9,0,0,0.0,0,,0,9,2,18,0.3214,1.0,24,22,3.8,,
00-0014722,Shannon Sharpe,TE,BAL,2001,10,0,0,0.0,0,,0,8,7,0.0,0.186,0.0,27,28,14.8,,
00-0014722,Shannon Sharpe,TE,BAL,2001,11,0,0,0.0,0,,0,7,6,28,0.1077,1.0,61,69,17.5,,
00-0014722,Shannon Sharpe,TE,BAL,2001,12,0,0,0.0,0,,0,6,3,0.0,0.1538,0.0,31,34,5.1,,
00-0014722,Shannon Sharpe,TE,BAL,2001,14,0,0,0.0,0,,0,6,4,0.0,0.1622,0.0,13,16,6.6,,
00-0014722,Shannon Sharpe,TE,BAL,2001,15,0,0,0.0,0,,0,3,3,0.0,0.1034,,35,33,6.2,,
00-0014722,Shannon Sharpe,TE,BAL,2001,16,0,0,0.0,0,,0,11,5,8,0.2973,0.4,27,31,8.8,,
00-0014722,Shannon Sharpe,TE,BAL,2001,17,0,0,0.0,0,,0,4,2,0.0,0.1481,,42,41,7.1,,
00-0014729,Bobby Shaw,WR,PIT,2001,1,0,0,0.0,0,,0,4,3,0.0,0.0656,0.0,57,51,5.0,,
00-0014729,Bobby Shaw,WR,PIT,2001,3,0,0,0.0,0,,0,1,0,0.0,0.0455,,31,29,0.0,,
00-0014729,Bobby Shaw,WR,PIT,2001,4,0,0,0.0,0,,0,3,1,0.0,0.125,,40,33,3.2,,
00-0014729,Bobby Shaw,WR,PIT,2001,5,0,0,0.0,0,,0,3,2,0.0,0.125,,35,30,3.5,,
00-0014729,Bobby Shaw,WR,PIT,2001,7,0,0,0.0,0,,0,1,1,0.0,0.0417,,39,29,2.9,,
00-0014729,Bobby Shaw,WR,PIT,2001,8,0,0,0.0,0,,0,8,3,0.0,0.2222,,35,29,6.7,,
00-0014729,Bobby Shaw,WR,PIT,2001,9,0,0,0.0,0,,0,2,1,0.0,0.0625,,41,38,1.9,,
00-0014729,Bobby Shaw,WR,PIT,2001,10,0,0,0.0,0,,0,8,4,0.0,0.25,,34,29,11.4,,
00-0014729,Bobby Shaw,WR,PIT,2001,12,0,0,0.0,0,,0,1,1,0.0,0.0526,0.0,46,38,1.3,,
00-0014729,Bobby Shaw,WR,PIT,2001,13,0,0,0.0,0,,0,3,2,0.0,0.0857,,39,29,6.2,,
00-0014729,Bobby Shaw,WR,PIT,2001,14,0,0,0.0,0,,0,3,2,0.0,0.0968,,39,27,18.0,,
00-0014729,Bobby Shaw,WR,PIT,2001,15,0,0,0.0,0,,0,2,0,0.0,0.0769,,43,37,0.0,,
00-0014729,Bobby Shaw,WR,PIT,2001,16,0,0,0.0,0,,0,3,2,0.0,0.0909,0.0,27,30,4.0,,
00-0014729,Bobby Shaw,WR,PIT,2001,17,0,0,0.0,0,,0,2,2,0.0,0.0833,0.0,36,31,12.8,,
00-0014918,Tony Simmons,WR,IND,2001,6,0,0,0.0,0,,0,1,0,0.0,0.0294,,34,36,0.0,,
00-0014918,Tony Simmons,WR,IND,2001,7,0,0,0.0,0,,0,3,1,0.0,0.1,,33,33,1.5,,
00-0014918,Tony Simmons,WR,IND,2001,12,0,0,0.0,0,,0,2,1,0.0,0.0444,0.0,17,22,2.2,,
00-0015048,David Sloan,TE,DET,2001,1,0,0,0.0,0,,0,5,2,0.0,0.1282,0.0,20,24,5.7,,
00-0015048,David Sloan,TE,DET,2001,2,0,0,0.0,0,,0,5,0,21,0.1282,0.1019,20,21,0.0,,
00-0015048,David Sloan,TE,DET,2001,4,0,0,0.0,0,,0,2,2,0.0,0.0588,0.0,18,20,5.5,,
00-0015048,David Sloan,TE,DET,2001,5,0,0,0.0,0,,0,6,4,0.0,0.1538,,20,23,10.3,,
00-0015048,David Sloan,TE,DET,2001,6,0,0,0.0,0,,0,6,3,0.0,0.15,0.0,19,18,7.1,,
00-0015048,David Sloan,TE,DET,2001,7,0,0,0.0,0,,0,4,4,0.0,0.125,0.0,21,18,19.4,,
00-0015048,David Sloan,TE,DET,2001,9,0,0,0.0,0,,0,3,1,0.0,0.0811,0.0,23,21,0.8,,
00-0015048,David Sloan,TE,DET,2001,10,0,0,0.0,0,,0,6,2,28,0.1053,1.037,22,27,14.3,,
00-0015048,David Sloan,TE,DET,2001,11,0,0,0.0,0,,0,2,0,0.0,0.0526,0.0,25,19,0.0,,
00-0015048,David Sloan,TE,DET,2001,13,0,0,0.0,0,,0,1,1,0.0,0.0417,,24,19,1.9,,
00-0015048,David Sloan,TE,DET,2001,14,0,0,0.0,0,,0,7,5,0.0,0.25,,35,23,11.4,,
00-0015048,David Sloan,TE,DET,2001,15,0,0,0.0,0,,0,10,4,0.0,0.3704,0.0,18,14,19.2,,
00-0015048,David Sloan,TE,DET,2001,16,0,0,0.0,0,,0,8,6,17,0.1569,0.4048,14,11,12.5,,
00-0015048,David Sloan,TE,DET,2001,17,0,0,0.0,0,,0,4,3,0.0,0.1026,,28,27,11.8,,
00-0015063,Torrance Small,WR,NE,2001,3,0,0,0.0,0,,0,4,2,0.0,0.1739,,39,36,4.0,,
00-0015063,Torrance Small,WR,NE,2001,4,0,0,0.0,0,,0,3,2,0.0,0.125,,23,21,2.9,,
00-0015082,Akili Smith,QB,CIN,2001,11,2,1,-0.125,1,,1,0,0,0.0,0.0,0.0,24,23,0.1,,
00-0015082,Akili Smith,QB,CIN,2001,14,6,4,2.47,0,,5,0,0,0.0,0.0,0.0,33,30,3.4,,
00-0015091,Antowain Smith,RB,NE,2001,1,0,0,0.0,0,,11,1,0,0.0,0.0263,,21,18,3.3,,
00-0015091,Antowain Smith,RB,NE,2001,2,0,0,0.0,0,,10,0,0,0.0,0.0,0.0,26,20,2.0,,
00-0015091,Antowain Smith,RB,NE,2001,3,0,0,0.0,0,,22,3,3,0.0,0.1304,,39,36,30.2,,
00-0015091,Antowain Smith,RB,NE,2001,4,0,0,0.0,0,,14,2,1,0.0,0.0833,,23,21,11.8,,
00-0015091,Antowain Smith,RB,NE,2001,5,0,0,0.0,0,,15,4,2,0.0,0.0741,,24,23,12.5,,
00-0015091,Antowain Smith,RB,NE,2001,6,0,0,0.0,0,,21,0,0,0.0,0.0,,30,23,7.1,,
00-0015091,Antowain Smith,RB,NE,2001,7,0,0,0.0,0,,12,2,2,0.0,0.0541,0.0,24,25,8.7,,
00-0015091,Antowain Smith,RB,NE,2001,8,0,0,0.0,0,,23,3,3,0.0,0.0968,,34,32,15.5,,
00-0015091,Antowain Smith,RB,NE,2001,9,0,0,0.0,0,,20,0,0,0.0,0.0,0.0,31,29,22.0,,
00-0015091,Antowain Smith,RB,NE,2001,10,0,0,0.0,0,,15,1,1,0.0,0.037,0.0,20,21,3.1,,
00-0015091,Antowain Smith,RB,NE,2001,11,0,0,0.0,0,,24,5,3,0.0,0.1923,,38,34,30.3,,
00-0015091,Antowain Smith,RB,NE,2001,12,0,0,0.0,0,,12,4,3,0.0,0.1429,,23,21,16.1,,
00-0015091,Antowain Smith,RB,NE,2001,13,0,0,0.0,0,,21,1,0,0.0,0.037,0.0,33,27,19.6,,
00-0015091,Antowain Smith,RB,NE,2001,14,0,0,0.0,0,,20,1,1,0.0,0.0294,0.0,27,28,8.0,,
00-0015091,Antowain Smith,RB,NE,2001,15,0,0,0.0,0,,26,1,0,0.0,0.0526,,44,40,21.6,,
00-0015091,Antowain Smith,RB,NE,2001,17,0,0,0.0,0,,21,0,0,0.0,0.0,0.0,36,34,12.1,,
00-0015165,Emmitt Smith,RB,DAL,2001,1,0,0,0.0,0,,13,0,0,0.0,0.0,0.0,23,18,4.0,,
00-0015165,Emmitt Smith,RB,DAL,2001,2,0,0,0.0,0,,17,0,0,0.0,0.0,0.0,26,20,8.5,,
00-0015165,Emmitt Smith,RB,DAL,2001,3,0,0,0.0,0,,16,2,1,0.0,0.0667,0.0,30,32,7.2,,
00-0015165,Emmitt Smith,RB,DAL,2001,4,0,0,0.0,0,,16,3,3,0.0,0.1154,,30,24,7.6,,
00-0015165,Emmitt Smith,RB,DAL,2001,5,0,0,0.0,0,,25,7,5,0.0,0.2692,0.0,45,39,20.2,,
00-0015165,Emmitt Smith,RB,DAL,2001,7,0,0,0.0,0,,21,1,1,0.0,0.0556,0.0,34,28,10.4,,
00-0015165,Emmitt Smith,RB,DAL,2001,10,0,0,0.0,0,,15,2,2,0.0,0.0833,0.0,23,22,9.0,,
00-0015165,Emmitt Smith,RB,DAL,2001,11,0,0,0.0,0,,9,2,2,0.0,0.0625,,16,19,3.6,,
00-0015165,Emmitt Smith,RB,DAL,2001,12,0,0,0.0,0,,25,0,0,0.0,0.0,0.0,45,38,16.2,,
00-0015165,Emmitt Smith,RB,DAL,2001,13,0,0,0.0,0,,22,1,1,0.0,0.04,,36,32,13.5,,
00-0015165,Emmitt Smith,RB,DAL,2001,14,0,0,0.0,0,,12,1,0,0.0,0.0303,0.0,21,14,3.9,,
00-0015165,Emmitt Smith,RB,DAL,2001,15,0,0,0.0,0,,26,1,1,0.0,0.0385,0.0,40,38,14.9,,
00-0015165,Emmitt Smith,RB,DAL,2001,16,0,0,0.0,0,,26,1,1,0.0,0.04,,44,37,14.0,,
00-0015165,Emmitt Smith,RB,DAL,2001,17,0,0,0.0,0,,18,0,0,0.0,0.0,0.0,27,24,13.7,,
00-0015218,Jimmy Smith,WR,PIT,2001,1,0,0,0.0,0,,0,9,8,0.0,0.1475,0.0,57,51,32.6,,
00-0015218,Jimmy Smith,WR,TEN,2001,2,0,0,0.0,0,,0,11,7,0.0,0.1746,,52,53,15.7,,
00-0015218,Jimmy Smith,WR,CLE,2001,3,0,0,0.0,0,,0,14,9,0.0,0.1972,0.0,55,59,17.8,,
00-0015218,Jimmy Smith,WR,JAX,2001,4,0,0,0.0,0,,0,10,6,0.0,0.2632,,21,24,13.0,,
00-0015218,Jimmy Smith,WR,BUF,2001,6,0,0,0.0,0,,0,8,6,24,0.1455,0.6857,56,48,10.9,,
00-0015218,Jimmy Smith,WR,JAX,2001,7,0,0,0.0,0,,0,10,7,0.0,0.2703,,15,14,24.9,,
00-0015218,Jimmy Smith,WR,JAX,2001,8,0,0,0.0,0,,0,11,7,0.0,0.3667,0.0,17,18,19.0,,
00-0015218,Jimmy Smith,WR,CIN,2001,9,0,0,0.0,0,,0,14,8,0.0,0.175,0.0,48,48,20.3,,
00-0015218,Jimmy Smith,WR,JAX,2001,10,0,0,0.0,0,,1,8,5,0.0,0.2581,,16,13,11.5,,
00-0015218,Jimmy Smith,WR,BAL,2001,11,0,0,0.0,0,,0,12,7,0.0,0.1846,0.0,61,69,19.0,,
00-0015218,Jimmy Smith,WR,GB,2001,12,0,0,0.0,0,,0,17,8,37,0.1977,1.0,44,51,19.6,,
00-0015218,Jimmy Smith,WR,JAX,2001,13,0,0,0.0,0,,0,12,9,27,0.3871,1.0,25,23,26.9,,
00-0015218,Jimmy Smith,WR,JAX,2001,14,0,0,0.0,0,,0,10,5,3,0.2857,0.0652,33,31,16.2,,
00-0015218,Jimmy Smith,WR,JAX,2001,15,0,0,0.0,0,,0,9,8,0.0,0.375,,37,37,20.2,,
00-0015218,Jimmy Smith,WR,KC,2001,16,0,0,0.0,0,,0,9,5,0.0,0.1268,0.0,57,58,10.1,,
00-0015218,Jimmy Smith,WR,JAX,2001,17,0,0,0.0,0,,0,12,7,14,0.3333,0.9333,16,16,19.3,,
00-0015242,Lamar Smith,RB,MIA,2001,1,0,0,0.0,0,,25,3,3,0.0,0.15,,33,30,25.5,,
00-0015242,Lamar Smith,RB,MIA,2001,2,0,0,0.0,0,,22,2,2,0.0,0.0606,0.0,34,28,13.2,,
00-0015242,Lamar Smith,RB,MIA,2001,3,0,0,0.0,0,,19,2,2,0.0,0.0741,0.0,25,27,8.4,,
00-0015242,Lamar Smith,RB,MIA,2001,4,0,0,0.0,0,,29,4,3,0.0,0.1905,0.0,44,40,25.7,,
00-0015242,Lamar Smith,RB,MIA,2001,5,0,0,0.0,0,,24,7,6,0.0,0.2059,0.0,29,33,15.7,,
00-0015242,Lamar Smith,RB,MIA,2001,7,0,0,0.0,0,,21,1,1,0.0,0.0476,0.0,34,24,10.6,,
00-0015242,Lamar Smith,RB,MIA,2001,8,0,0,0.0,0,,18,2,0,0.0,0.0606,0.0,29,24,3.7,,
00-0015242,Lamar Smith,RB,MIA,2001,9,0,0,0.0,0,,18,0,0,0.0,0.0,0.0,28,27,5.3,,
00-0015242,Lamar Smith,RB,MIA,2001,10,0,0,0.0,0,,19,2,2,0.0,0.0556,0.0,30,32,8.7,,
00-0015242,Lamar Smith,RB,MIA,2001,11,0,0,0.0,0,,17,1,1,0.0,0.0323,,30,27,10.5,,
00-0015242,Lamar Smith,RB,MIA,2001,12,0,0,0.0,0,,15,5,5,0.0,0.1786,,22,23,16.9,,
00-0015242,Lamar Smith,RB,MIA,2001,13,0,0,0.0,0,,28,2,2,0.0,0.0769,,38,36,13.3,,
00-0015242,Lamar Smith,RB,MIA,2001,14,0,0,0.0,0,,9,1,1,0.0,0.037,0.0,15,16,2.9,,
00-0015242,Lamar Smith,RB,MIA,2001,15,0,0,0.0,0,,12,2,2,0.0,0.0541,,19,17,5.6,,
00-0015242,Lamar Smith,RB,MIA,2001,16,0,0,0.0,0,,7,0,0,0.0,0.0,0.0,20,23,0.4,,
00-0015242,Lamar Smith,RB,MIA,2001,17,0,0,0.0,0,,30,1,0,0.0,0.0625,,43,33,21.8,,
00-0015290,Rod Smith,WR,DEN,2001,1,0,0,0.0,0,,2,11,9,0.0,0.3793,,36,28,28.9,,
00-0015290,Rod Smith,WR,DEN,2001,2,0,0,0.0,0,,0,16,14,0.0,0.5517,,37,33,42.2,,
00-0015290,Rod Smith,WR,DEN,2001,3,0,0,0.0,0,,0,9,5,24,0.2727,0.7273,24,19,13.3,,
00-0015290,Rod Smith,WR,DEN,2001,4,0,0,0.0,0,,0,12,8,0.0,0.6667,0.0,39,31,25.0,,
00-0015290,Rod Smith,WR,DEN,2001,5,0,0,0.0,0,,0,10,6,9,0.2778,0.2308,20,22,16.3,,
00-0015290,Rod Smith,WR,DEN,2001,6,0,0,0.0,0,,1,15,9,43,0.3846,1.0488,21,19,17.9,,
00-0015290,Rod Smith,WR,DEN,2001,7,0,0,0.0,0,,0,6,6,0.0,0.2308,0.0,29,24,27.9,,
00-0015290,Rod Smith,WR,DEN,2001,8,0,0,0.0,0,,0,15,10,35,0.4054,1.0,23,25,33.1,,
00-0015290,Rod Smith,WR,DEN,2001,9,0,0,0.0,0,,0,7,5,0.0,0.2258,,42,44,12.4,,
00-0015290,Rod Smith,WR,DEN,2001,10,0,0,0.0,0,,0,6,3,0.0,0.2,,27,24,11.5,,
00-0015290,Rod Smith,WR,DEN,2001,11,0,0,0.0,0,,0,13,7,10,0.4483,1.0,39,38,15.1,,
00-0015290,Rod Smith,WR,DEN,2001,13,0,0,0.0,0,,0,14,8,0.0,0.4,0.0,28,27,14.6,,
00-0015290,Rod Smith,WR,DEN,2001,14,0,0,0.0,0,,0,15,8,0.0,0.4545,,34,26,24.0,,
00-0015290,Rod Smith,WR,DEN,2001,16,0,0,0.0,0,,0,12,8,0.0,0.4615,,25,25,19.6,,
00-0015290,Rod Smith,WR,DEN,2001,17,0,0,0.0,0,,0,10,7,0.0,0.3125,0.0,25,25,16.2,,
00-0015523,Duce Staley,RB,PHI,2001,1,0,0,0.0,0,,9,15,11,0.0,0.3191,0.0,18,26,20.0,,
00-0015523,Duce Staley,RB,PHI,2001,2,0,0,0.0,0,,3,2,1,0.0,0.0541,,31,33,2.4,,
00-0015523,Duce Staley,RB,PHI,2001,6,0,0,0.0,0,,3,5,4,0.0,0.1923,0.0,20,18,8.5,,
00-0015523,Duce Staley,RB,PHI,2001,7,0,0,0.0,0,,3,5,2,0.0,0.1852,,16,14,13.4,,
00-0015523,Duce Staley,RB,PHI,2001,8,0,0,0.0,0,,12,0,0,0.0,0.0,0.0,22,19,4.9,,
00-0015523,Duce Staley,RB,PHI,2001,9,0,0,0.0,0,,17,9,6,0.0,0.3103,,35,35,35.1,,
00-0015523,Duce Staley,RB,PHI,2001,10,0,0,0.0,0,,26,5,4,0.0,0.1667,0.0,35,35,17.3,,
00-0015523,Duce Staley,RB,PHI,2001,11,0,0,0.0,0,,15,9,7,0.0,0.3333,,22,27,16.0,,
00-0015523,Duce Staley,RB,PHI,2001,12,0,0,0.0,0,,25,4,4,0.0,0.1538,0.0,36,32,24.6,,
00-0015523,Duce Staley,RB,PHI,2001,13,0,0,0.0,0,,15,11,5,0.0,0.25,0.0,24,23,21.9,,
00-0015523,Duce Staley,RB,PHI,2001,14,0,0,0.0,0,,15,11,8,0.0,0.3438,0.0,23,25,16.9,,
00-0015523,Duce Staley,RB,PHI,2001,15,0,0,0.0,0,,15,11,9,0.0,0.3235,0.0,22,29,22.8,,
00-0015523,Duce Staley,RB,PHI,2001,16,0,0,0.0,0,,8,4,2,0.0,0.1081,0.0,23,18,4.2,,
00-0015601,Aaron Stecker,RB,TB,2001,1,0,0,0.0,0,,2,0,0,0.0,0.0,0.0,33,29,0.1,,
00-0015601,Aaron Stecker,RB,TB,2001,3,0,0,0.0,0,,0,3,3,0.0,0.0909,0.0,16,19,6.3,,
00-0015601,Aaron Stecker,RB,TB,2001,4,0,0,0.0,0,,2,2,1,0.0,0.0714,,19,7,2.0,,
00-0015601,Aaron Stecker,RB,TB,2001,7,0,0,0.0,0,,8,2,2,0.0,0.0741,,43,12,16.1,,
00-0015601,Aaron Stecker,RB,TB,2001,8,0,0,0.0,0,,0,2,0,0.0,0.0667,,24,10,0.0,,
00-0015601,Aaron Stecker,RB,TB,2001,10,0,0,0.0,0,,0,1,1,0.0,0.0179,0.0,15,21,1.5,,
00-0015601,Aaron Stecker,RB,TB,2001,17,0,0,0.0,0,,12,3,3,0.0,0.0968,0.0,25,30,13.3,,
00-0015698,James Stewart,RB,DET,2001,1,0,0,0.0,0,,13,6,5,0.0,0.1538,0.0,20,24,14.9,,
00-0015698,James Stewart,RB,DET,2001,2,0,0,0.0,0,,17,4,4,0.0,0.1026,0.0,20,21,12.7,,
00-0015698,James Stewart,RB,DET,2001,4,0,0,0.0,0,,13,5,4,0.0,0.1471,0.0,18,20,16.4,,
00-0015698,James Stewart,RB,DET,2001,5,0,0,0.0,0,,16,3,3,0.0,0.0769,,20,23,22.0,,
00-0015698,James Stewart,RB,DET,2001,6,0,0,0.0,0,,9,1,1,0.0,0.025,0.0,19,18,3.7,,
00-0015698,James Stewart,RB,DET,2001,11,0,0,0.0,0,,14,0,0,0.0,0.0,0.0,25,19,10.2,,
00-0015698,James Stewart,RB,DET,2001,12,0,0,0.0,0,,11,5,5,0.0,0.1351,,23,23,22.8,,
00-0015698,James Stewart,RB,DET,2001,13,0,0,0.0,0,,15,0,0,0.0,0.0,,24,19,7.8,,
00-0015698,James Stewart,RB,DET,2001,14,0,0,0.0,0,,20,0,0,0.0,0.0,,35,23,9.1,,
00-0015698,James Stewart,RB,DET,2001,15,0,0,0.0,0,,2,0,0,0.0,0.0,0.0,18,14,0.1,,
00-0015698,James Stewart,RB,DET,2001,17,0,0,0.0,0,,13,2,1,0.0,0.0513,,28,27,8.0,,
00-0015700,Kordell Stewart,QB,PIT,2001,1,37,21,-9.67,3,,6,0,0,0.0,0.0,0.0,57,51,4.3,,
00-0015700,Kordell Stewart,QB,PIT,2001,3,22,15,-4.731,2,,3,0,0,0.0,0.0,,31,29,4.0,,
00-0015700,Kordell Stewart,QB,PIT,2001,4,24,15,-3.062,2,,9,0,0,0.0,0.0,,40,33,16.2,,
00-0015700,Kordell Stewart,QB,PIT,2001,5,25,15,-0.134,3,,7,0,0,0.0,0.0,,35,30,14.3,,
00-0015700,Kordell Stewart,QB,PIT,2001,6,16,10,-0.919,2,,7,0,0,0.0,0.0,0.0,35,27,3.2,,
00-0015700,Kordell Stewart,QB,PIT,2001,7,22,13,9.823,3,,4,0,0,0.0,0.0,,39,29,20.1,,
00-0015700,Kordell Stewart,QB,PIT,2001,8,37,22,3.604,2,,8,0,0,0.0,0.0,,35,29,16.5,,
00-0015700,Kordell Stewart,QB,PIT,2001,9,32,18,2.156,1,,7,0,0,0.0,0.0,,41,38,12.0,,
00-0015700,Kordell Stewart,QB,PIT,2001,10,33,21,8.888,2,,5,0,0,0.0,0.0,,34,29,25.6,,
00-0015700,Kordell Stewart,QB,PIT,2001,11,31,19,19.842,1,,8,0,0,0.0,0.0,,31,25,29.6,,
00-0015700,Kordell Stewart,QB,PIT,2001,12,19,13,4.464,0,,7,0,0,0.0,0.0,0.0,46,38,3.2,,
00-0015700,Kordell Stewart,QB,PIT,2001,13,36,20,5.143,1,,7,0,0,0.0,0.0,,39,29,12.2,,
00-0015700,Kordell Stewart,QB,PIT,2001,14,31,20,17.927,3,,10,0,0,0.0,0.0,,39,27,26.8,,
00-0015700,Kordell Stewart,QB,PIT,2001,15,26,17,9.328,1,,4,0,0,0.0,0.0,,43,37,29.2,,
00-0015700,Kordell Stewart,QB,PIT,2001,16,35,19,1.399,2,,0,0,0,0.0,0.0,0.0,27,30,14.0,,
00-0015700,Kordell Stewart,QB,PIT,2001,17,16,8,-7.382,1,,4,0,0,0.0,0.0,0.0,36,31,2.7,,
00-0015751,J.J. Stokes,WR,SF,2001,1,0,0,0.0,0,,0,9,5,0.0,0.2308,0.0,28,25,20.3,,
00-0015751,J.J. Stokes,WR,SF,2001,2,0,0,0.0,0,,0,6,1,0.0,0.1765,0.0,25,23,1.5,,
00-0015751,J.J. Stokes,WR,SF,2001,3,0,0,0.0,0,,0,2,1,0.0,0.1,,43,37,2.3,,
00-0015751,J.J. Stokes,WR,SF,2001,4,0,0,0.0,0,,0,2,1,0.0,0.0645,0.0,35,36,1.6,,
00-0015751,J.J. Stokes,WR,SF,2001,5,0,0,0.0,0,,0,4,2,0.0,0.1,,35,26,3.7,,
00-0015751,J.J. Stokes,WR,SF,2001,7,0,0,0.0,0,,0,6,4,0.0,0.2069,0.0,28,25,6.9,,
00-0015751,J.J. Stokes,WR,SF,2001,8,0,0,0.0,0,,0,6,6,0.0,0.1818,0.0,35,33,13.2,,
00-0015751,J.J. Stokes,WR,SF,2001,9,0,0,0.0,0,,0,3,0,0.0,0.0882,,26,27,0.0,,
00-0015751,J.J. Stokes,WR,SF,2001,10,0,0,0.0,0,,0,12,8,0.0,0.2222,0.0,26,33,27.2,,
00-0015751,J.J. Stokes,WR,SF,2001,11,0,0,0.0,0,,0,5,4,0.0,0.2273,0.0,23,21,14.3,,
00-0015751,J.J. Stokes,WR,SF,2001,12,0,0,0.0,0,,0,10,8,0.0,0.3846,,43,36,14.8,,
00-0015751,J.J. Stokes,WR,SF,2001,13,0,0,0.0,0,,0,4,1,0.0,0.1111,0.0,23,21,2.5,,
00-0015751,J.J. Stokes,WR,SF,2001,14,0,0,0.0,0,,0,4,2,0.0,0.2,,50,47,4.0,,
00-0015751,J.J. Stokes,WR,SF,2001,15,0,0,0.0,0,,0,4,1,0.0,0.1739,,30,27,1.6,,
00-0015751,J.J. Stokes,WR,SF,2001,16,0,0,0.0,0,,0,7,4,0.0,0.2059,,18,21,20.7,,
00-0015751,J.J. Stokes,WR,SF,2001,17,0,0,0.0,0,,0,6,6,0.0,0.2609,,41,40,19.9,,
00-0015754,Brandon Stokley,WR,BAL,2001,1,0,0,0.0,0,,0,3,2,0.0,0.1034,,30,26,4.2,,
00-0015754,Brandon Stokley,WR,BAL,2001,2,0,0,0.0,0,,0,7,2,0.0,0.1129,0.0,20,29,3.9,,
00-0015754,Brandon Stokley,WR,BAL,2001,3,0,0,0.0,0,,0,1,1,0.0,0.0385,,34,32,1.3,,
00-0015754,Brandon Stokley,WR,BAL,2001,4,0,0,0.0,0,,0,2,0,0.0,0.069,,40,42,0.0,,
00-0015754,Brandon Stokley,WR,BAL,2001,5,0,0,0.0,0,,0,6,3,0.0,0.1935,0.0,34,31,6.8,,
00-0015754,Brandon Stokley,WR,BAL,2001,6,0,0,0.0,0,,0,7,5,0.0,0.1707,0.0,27,34,11.8,,
00-0015754,Brandon Stokley,WR,BAL,2001,8,0,0,0.0,0,,1,1,0,28,0.0455,1.0,26,25,0.1,,
00-0015754,Brandon Stokley,WR,BAL,2001,9,0,0,0.0,0,,0,1,1,0.0,0.0357,0.0,24,22,2.8,,
00-0015754,Brandon Stokley,WR,BAL,2001,10,0,0,0.0,0,,0,3,1,0.0,0.0698,0.0,27,28,9.1,,
00-0015754,Brandon Stokley,WR,BAL,2001,11,0,0,0.0,0,,0,1,1,0.0,0.0154,0.0,61,69,2.7,,
00-0015754,Brandon Stokley,WR,BAL,2001,12,0,0,0.0,0,,0,3,2,0.0,0.0769,0.0,31,34,6.2,,
00-0015754,Brandon Stokley,WR,BAL,2001,14,0,0,0.0,0,,0,5,3,0.0,0.1351,0.0,13,16,11.3,,
00-0015754,Brandon Stokley,WR,BAL,2001,15,0,0,0.0,0,,0,2,1,0.0,0.069,,35,33,3.3,,
00-0015754,Brandon Stokley,WR,BAL,2001,16,0,0,0.0,0,,0,2,0,12,0.0541,0.6,27,31,0.0,,
00-0015754,Brandon Stokley,WR,BAL,2001,17,0,0,0.0,0,,0,2,2,0.0,0.0741,,42,41,7.0,,
00-0015811,Tai Streets,WR,SF,2001,1,0,0,0.0,0,,0,4,3,0.0,0.1026,0.0,28,25,11.1,,
00-0015811,Tai Streets,WR,SF,2001,2,0,0,0.0,0,,0,2,1,0.0,0.0588,0.0,25,23,1.5,,
00-0015811,Tai Streets,WR,SF,2001,3,0,0,0.0,0,,0,3,2,0.0,0.15,,43,37,3.5,,
00-0015811,Tai Streets,WR,SF,2001,4,0,0,0.0,0,,0,5,1,0.0,0.1613,0.0,35,36,2.5,,
00-0015811,Tai Streets,WR,SF,2001,5,0,0,0.0,0,,0,5,4,0.0,0.125,,35,26,9.1,,
00-0015811,Tai Streets,WR,SF,2001,7,0,0,0.0,0,,0,1,1,0.0,0.0345,0.0,28,25,2.1,,
00-0015811,Tai Streets,WR,SF,2001,8,0,0,0.0,0,,0,5,1,19,0.1515,0.76,35,33,2.3,,
00-0015811,Tai Streets,WR,SF,2001,9,0,0,0.0,0,,0,3,2,0.0,0.0882,,26,27,3.1,,
00-0015811,Tai Streets,WR,SF,2001,10,0,0,0.0,0,,0,8,4,0.0,0.1481,0.0,26,33,8.4,,
00-0015811,Tai Streets,WR,SF,2001,11,0,0,0.0,0,,0,1,0,0.0,0.0455,0.0,23,21,0.0,,
00-0015811,Tai Streets,WR,SF,2001,12,0,0,0.0,0,,0,3,2,0.0,0.1154,,43,36,11.4,,
00-0015811,Tai Streets,WR,SF,2001,13,0,0,0.0,0,,0,3,1,1,0.0833,0.125,23,21,3.0,,
00-0015811,Tai Streets,WR,SF,2001,14,0,0,0.0,0,,0,1,1,0.0,0.05,,50,47,1.2,,
00-0015811,Tai Streets,WR,SF,2001,15,0,0,0.0,0,,0,1,1,0.0,0.0435,,30,27,1.4,,
00-0015811,Tai Streets,WR,SF,2001,16,0,0,0.0,0,,0,4,2,0.0,0.1176,,18,21,4.7,,
00-0015811,Tai Streets,WR,SF,2001,17,0,0,0.0,0,,0,3,2,0.0,0.1304,,41,40,3.2,,
00-0015959,Kevin Swayne,WR,NYJ,2001,1,0,0,0.0,0,,0,1,0,0.0,0.0333,,29,29,0.0,,
00-0015959,Kevin Swayne,WR,NYJ,2001,2,0,0,0.0,0,,0,2,1,0.0,0.08,,27,27,2.6,,
00-0015959,Kevin Swayne,WR,NYJ,2001,3,0,0,0.0,0,,0,1,0,0.0,0.04,,23,22,0.0,,
00-0015959,Kevin Swayne,WR,NYJ,2001,4,0,0,0.0,0,,0,2,0,0.0,0.08,,32,31,0.0,,
00-0015959,Kevin Swayne,WR,NYJ,2001,5,0,0,0.0,0,,0,1,0,0.0,0.0455,,25,24,0.0,,
00-0015959,Kevin Swayne,WR,NYJ,2001,6,0,0,0.0,0,,0,1,0,0.0,0.0385,0.0,24,23,0.0,,
00-0015959,Kevin Swayne,WR,NYJ,2001,7,0,0,0.0,0,,0,5,3,0.0,0.1562,0.0,34,35,6.5,,
00-0015959,Kevin Swayne,WR,NYJ,2001,9,0,0,0.0,0,,0,3,0,25,0.1071,1.0,37,32,0.0,,
00-0015959,Kevin Swayne,WR,NYJ,2001,13,0,0,0.0,0,,0,5,3,0.0,0.1852,,19,22,7.4,,
00-0015959,Kevin Swayne,WR,NYJ,2001,14,0,0,0.0,0,,0,6,4,0.0,0.2143,,29,28,11.4,,
00-0015959,Kevin Swayne,WR,NYJ,2001,15,0,0,0.0,0,,0,2,0,15,0.0426,0.2727,31,32,0.0,,
00-0015959,Kevin Swayne,WR,NYJ,2001,16,0,0,0.0,0,,0,5,1,34,0.1429,1.4783,23,26,2.9,,
00-0015959,Kevin Swayne,WR,NYJ,2001,17,0,0,0.0,0,,0,2,1,0.0,0.069,0.0,22,20,2.5,,
00-0015970,Justin Swift,WR,SF,2001,1,0,0,0.0,0,,0,1,1,0.0,0.0256,0.0,28,25,1.6,,
00-0015970,Justin Swift,WR,SF,2001,2,0,0,0.0,0,,0,3,3,0.0,0.0882,0.0,25,23,4.3,,
00-0015970,Justin Swift,WR,SF,2001,3,0,0,0.0,0,,0,1,1,0.0,0.05,,43,37,1.9,,
00-0015970,Justin Swift,WR,SF,2001,4,0,0,0.0,0,,0,1,1,0.0,0.0323,0.0,35,36,2.2,,
00-0015970,Justin Swift,WR,SF,2001,5,0,0,0.0,0,,0,1,1,0.0,0.025,,35,26,1.8,,
00-0015970,Justin Swift,WR,SF,2001,7,0,0,0.0,0,,0,1,1,0.0,0.0345,0.0,28,25,7.1,,
00-0015970,Justin Swift,WR,SF,2001,13,0,0,0.0,0,,0,1,1,0.0,0.0278,0.0,23,21,1.2,,
00-0015970,Justin Swift,WR,SF,2001,15,0,0,0.0,0,,0,1,1,0.0,0.0435,,30,27,2.3,,
00-0015970,Justin Swift,WR,SF,2001,16,0,0,0.0,0,,0,1,1,0.0,0.0294,,18,21,1.2,,
00-0015980,Reggie Swinton,WR,DAL,2001,2,0,0,0.0,0,,0,2,2,0.0,0.0833,0.0,26,20,5.0,,
00-0015980,Reggie Swinton,WR,DAL,2001,3,0,0,0.0,0,,0,1,0,0.0,0.0333,0.0,30,32,0.0,,
00-0015980,Reggie Swinton,WR,DAL,2001,4,0,0,0.0,0,,0,5,2,0.0,0.1923,,30,24,3.5,,
00-0015980,Reggie Swinton,WR,DAL,2001,11,0,0,0.0,0,,0,1,0,0.0,0.0312,,16,19,6.0,,
00-0015980,Reggie Swinton,WR,DAL,2001,12,0,0,0.0,0,,0,1,0,0.0,0.0769,0.0,45,38,0.0,,
00-0015980,Reggie Swinton,WR,DAL,2001,14,0,0,0.0,0,,0,1,0,0.0,0.0303,0.0,21,14,0.0,,
00-0015980,Reggie Swinton,WR,DAL,2001,15,0,0,0.0,0,,1,5,3,18,0.1923,0.8182,40,38,15.8,,
00-0016098,Fred Taylor,RB,PIT,2001,1,0,0,0.0,0,,24,2,1,0.0,0.0328,0.0,57,51,10.8,,
00-0016098,Fred Taylor,RB,TEN,2001,2,0,0,0.0,0,,6,1,1,0.0,0.0159,,52,53,2.1,,
00-0016193,Vinny Testaverde,QB,NYJ,2001,1,25,17,4.203,1,,3,0,0,0.0,0.0,,29,29,13.5,,
00-0016193,Vinny Testaverde,QB,NYJ,2001,2,28,16,-0.016,2,,0,0,0,0.0,0.0,,27,27,5.5,,
00-0016193,Vinny Testaverde,QB,NYJ,2001,3,25,12,4.041,2,,0,0,0,0.0,0.0,,23,22,8.1,,
00-0016193,Vinny Testaverde,QB,NYJ,2001,4,25,15,4.885,0,,1,0,0,0.0,0.0,,32,31,14.8,,
00-0016193,Vinny Testaverde,QB,NYJ,2001,5,22,15,4.91,3,,1,0,0,0.0,0.0,,25,24,14.6,,
00-0016193,Vinny Testaverde,QB,NYJ,2001,6,13,9,-3.474,0,,2,0,0,0.0,0.0,0.0,24,23,5.3,,
00-0016193,Vinny Testaverde,QB,NYJ,2001,7,34,21,-13.298,2,,3,0,0,0.0,0.0,0.0,34,35,1.4,,
00-0016193,Vinny Testaverde,QB,NYJ,2001,8,22,13,0.828,2,,3,0,0,0.0,0.0,0.0,34,29,7.5,,
00-0016193,Vinny Testaverde,QB,NYJ,2001,9,27,17,1.697,0,,3,0,0,0.0,0.0,0.0,37,32,2.6,,
00-0016193,Vinny Testaverde,QB,NYJ,2001,10,21,10,-1.778,0,,5,0,0,0.0,0.0,,28,26,6.2,,
00-0016193,Vinny Testaverde,QB,NYJ,2001,12,32,18,-2.212,3,,2,0,0,0.0,0.0,0.0,28,26,9.0,,
00-0016193,Vinny Testaverde,QB,NYJ,2001,13,26,15,0.79,0,,0,0,0,0.0,0.0,,19,22,5.6,,
00-0016193,Vinny Testaverde,QB,NYJ,2001,14,28,17,10.123,0,,2,0,0,0.0,0.0,,29,28,15.7,,
00-0016193,Vinny Testaverde,QB,NYJ,2001,15,47,28,3.22,0,,3,0,0,0.0,0.0,0.0,31,32,16.5,,
00-0016193,Vinny Testaverde,QB,NYJ,2001,16,37,19,-7.096,0,,0,0,0,0.0,0.0,0.0,23,26,5.1,,
00-0016193,Vinny Testaverde,QB,NYJ,2001,17,29,18,-1.504,3,,3,0,0,0.0,0.0,0.0,22,20,9.1,,
00-0016232,Chris Thomas,WR,KC,2001,2,0,0,0.0,0,,0,6,4,0.0,0.1818,0.0,20,11,10.2,,
00-0016232,Chris Thomas,WR,KC,2001,3,0,0,0.0,0,,0,5,4,0.0,0.1667,,38,28,15.4,,
00-0016232,Chris Thomas,WR,KC,2001,4,0,0,0.0,0,,0,5,1,23,0.1282,0.2706,17,24,1.7,,
00-0016232,Chris Thomas,WR,KC,2001,5,0,0,0.0,0,,0,3,3,0.0,0.0938,0.0,24,25,5.6,,
00-0016232,Chris Thomas,WR,KC,2001,6,0,0,0.0,0,,0,4,2,0.0,0.0976,0.0,20,18,4.4,,
00-0016232,Chris Thomas,WR,KC,2001,7,0,0,0.0,0,,0,4,1,0.0,0.0952,0.0,23,18,2.9,,
00-0016232,Chris Thomas,WR,KC,2001,9,0,0,0.0,0,,0,8,3,8,0.2667,0.3333,26,21,7.8,,
00-0016232,Chris Thomas,WR,KC,2001,11,0,0,0.0,0,,0,3,1,0.0,0.12,,44,34,1.7,,
00-0016321,Rodney Thomas,RB,ATL,2001,4,0,0,0.0,0,,1,0,0,0.0,0.0,0.0,25,19,0.8,,
00-0016321,Rodney Thomas,RB,ATL,2001,5,0,0,0.0,0,,0,1,1,0.0,0.0278,0.0,24,22,2.5,,
00-0016321,Rodney Thomas,RB,ATL,2001,6,0,0,0.0,0,,2,0,0,0.0,0.0,0.0,30,26,0.4,,
00-0016321,Rodney Thomas,RB,ATL,2001,11,0,0,0.0,0,,3,0,0,0.0,0.0,,33,25,0.4,,
00-0016321,Rodney Thomas,RB,ATL,2001,12,0,0,0.0,0,,6,0,0,0.0,0.0,0.0,30,21,2.7,,
00-0016321,Rodney Thomas,RB,ATL,2001,15,0,0,0.0,0,,13,0,0,0.0,0.0,,29,28,4.1,,
00-0016321,Rodney Thomas,RB,ATL,2001,16,0,0,0.0,0,,7,0,0,0.0,0.0,0.0,37,23,1.8,,
00-0016321,Rodney Thomas,RB,ATL,2001,17,0,0,0.0,0,,5,2,1,0.0,0.0667,0.0,21,15,4.5,,
00-0016347,Jeff Thomason,TE,PHI,2001,1,0,0,0.0,0,,0,1,0,0.0,0.0213,0.0,18,26,0.0,,
00-0016347,Jeff Thomason,TE,PHI,2001,2,0,0,0.0,0,,0,1,0,0.0,0.027,,31,33,0.0,,
00-0016347,Jeff Thomason,TE,PHI,2001,3,0,0,0.0,0,,0,1,0,0.0,0.037,,30,29,0.0,,
00-0016347,Jeff Thomason,TE,PHI,2001,4,0,0,0.0,0,,0,2,2,0.0,0.0714,0.0,30,30,2.8,,
00-0016347,Jeff Thomason,TE,PHI,2001,7,0,0,0.0,0,,0,1,1,0.0,0.037,,16,14,2.1,,
00-0016347,Jeff Thomason,TE,PHI,2001,8,0,0,0.0,0,,0,1,1,0.0,0.0312,0.0,22,19,1.9,,
00-0016347,Jeff Thomason,TE,PHI,2001,11,0,0,0.0,0,,0,1,1,0.0,0.037,,22,27,1.5,,
00-0016347,Jeff Thomason,TE,PHI,2001,15,0,0,0.0,0,,0,1,0,0.0,0.0294,0.0,22,29,0.0,,
00-0016373,Derrius Thompson,WR,WAS,2001,6,0,0,0.0,0,,0,2,1,0.0,0.0714,0.0,28,29,2.9,,
00-0016373,Derrius Thompson,WR,WAS,2001,7,0,0,0.0,0,,0,2,1,0.0,0.1,,35,33,10.1,,
00-0016373,Derrius Thompson,WR,WAS,2001,8,0,0,0.0,0,,0,1,0,0.0,0.0455,0.0,46,46,0.0,,
00-0016373,Derrius Thompson,WR,WAS,2001,10,0,0,0.0,0,,0,1,1,0.0,0.0323,,32,28,1.2,,
00-0016440,James Thrash,WR,PHI,2001,1,0,0,0.0,0,,0,3,1,0.0,0.0638,0.0,18,26,2.1,,
00-0016440,James Thrash,WR,PHI,2001,2,0,0,0.0,0,,2,13,10,0.0,0.3514,,31,33,39.4,,
00-0016440,James Thrash,WR,PHI,2001,3,0,0,0.0,0,,0,7,2,0.0,0.2593,,30,29,4.5,,
00-0016440,James Thrash,WR,PHI,2001,4,0,0,0.0,0,,0,4,3,0.0,0.1429,0.0,30,30,7.2,,
00-0016440,James Thrash,WR,PHI,2001,6,0,0,0.0,0,,0,8,6,0.0,0.3077,0.0,20,18,19.7,,
00-0016440,James Thrash,WR,PHI,2001,7,0,0,0.0,0,,0,5,2,0.0,0.1852,,16,14,2.9,,
00-0016440,James Thrash,WR,PHI,2001,8,0,0,0.0,0,,2,6,4,0.0,0.1875,0.0,22,19,26.4,,
00-0016440,James Thrash,WR,PHI,2001,9,0,0,0.0,0,,1,6,5,0.0,0.2069,,35,35,21.6,,
00-0016440,James Thrash,WR,PHI,2001,10,0,0,0.0,0,,0,7,2,8,0.2333,1.0,35,35,3.7,,
00-0016440,James Thrash,WR,PHI,2001,11,0,0,0.0,0,,0,8,4,0.0,0.2963,,22,27,7.2,,
00-0016440,James Thrash,WR,PHI,2001,12,0,0,0.0,0,,0,8,5,0.0,0.3077,0.0,36,32,11.5,,
00-0016440,James Thrash,WR,PHI,2001,13,0,0,0.0,0,,0,9,5,0.0,0.2045,0.0,24,23,12.4,,
00-0016440,James Thrash,WR,PHI,2001,14,0,0,0.0,0,,0,4,2,0.0,0.125,0.0,23,25,3.5,,
00-0016440,James Thrash,WR,PHI,2001,15,0,0,0.0,0,,0,6,5,0.0,0.1765,0.0,22,29,7.6,,
00-0016440,James Thrash,WR,PHI,2001,16,0,0,0.0,0,,1,14,7,41,0.3784,1.0,23,18,28.3,,
00-0016550,Amani Toomer,WR,NYG,2001,1,0,0,0.0,0,,0,7,5,0.0,0.2121,,19,21,24.8,,
00-0016550,Amani Toomer,WR,NYG,2001,2,0,0,0.0,0,,0,10,5,80,0.3226,0.8889,31,34,10.1,,
00-0016550,Amani Toomer,WR,NYG,2001,3,0,0,0.0,0,,1,1,1,0.0,0.0556,,28,28,3.6,,
00-0016550,Amani Toomer,WR,NYG,2001,4,0,0,0.0,0,,1,14,7,0.0,0.4828,0.0,46,47,17.6,,
00-0016550,Amani Toomer,WR,NYG,2001,5,0,0,0.0,0,,0,11,3,25,0.3438,0.7576,24,28,9.1,,
00-0016550,Amani Toomer,WR,NYG,2001,6,0,0,0.0,0,,0,8,3,0.0,0.25,,31,38,4.9,,
00-0016550,Amani Toomer,WR,NYG,2001,7,0,0,0.0,0,,0,16,9,0.0,0.3077,0.0,19,29,25.9,,
00-0016550,Amani Toomer,WR,NYG,2001,8,0,0,0.0,0,,0,7,3,4,0.2059,0.4,26,35,9.9,,
00-0016550,Amani Toomer,WR,NYG,2001,9,0,0,0.0,0,,0,5,4,0.0,0.2174,0.0,41,41,8.3,,
00-0016550,Amani Toomer,WR,NYG,2001,10,0,0,0.0,0,,0,9,5,0.0,0.2432,0.0,15,16,11.0,,
00-0016550,Amani Toomer,WR,NYG,2001,11,0,0,0.0,0,,0,9,4,0.0,0.25,,27,34,11.0,,
00-0016550,Amani Toomer,WR,NYG,2001,13,0,0,0.0,0,,0,10,4,23,0.4,1.0,24,26,10.8,,
00-0016550,Amani Toomer,WR,NYG,2001,14,0,0,0.0,0,,1,9,3,0.0,0.2903,,25,26,12.0,,
00-0016550,Amani Toomer,WR,NYG,2001,15,0,0,0.0,0,,0,10,8,0.0,0.2174,,21,29,20.4,,
00-0016550,Amani Toomer,WR,NYG,2001,16,0,0,0.0,0,,0,7,3,0.0,0.1795,,26,36,15.9,,
00-0016550,Amani Toomer,WR,NYG,2001,17,0,0,0.0,0,,0,8,5,0.0,0.1404,0.0,21,33,12.9,,
00-0016677,Jerame Tuman,TE,PIT,2001,1,0,0,0.0,0,,0,1,0,0.0,0.0164,0.0,57,51,0.0,,
00-0016677,Jerame Tuman,TE,PIT,2001,5,0,0,0.0,0,,0,1,1,0.0,0.0417,,35,30,3.3,,
00-0016677,Jerame Tuman,TE,PIT,2001,6,0,0,0.0,0,,0,1,1,0.0,0.0588,0.0,35,27,10.2,,
00-0016677,Jerame Tuman,TE,PIT,2001,7,0,0,0.0,0,,0,1,0,0.0,0.0417,,39,29,0.0,,
00-0016677,Jerame Tuman,TE,PIT,2001,10,0,0,0.0,0,,0,2,1,0.0,0.0625,,34,29,2.2,,
00-0016677,Jerame Tuman,TE,PIT,2001,11,0,0,0.0,0,,0,2,1,0.0,0.0625,,31,25,1.2,,
00-0016677,Jerame Tuman,TE,PIT,2001,12,0,0,0.0,0,,0,2,1,0.0,0.1053,0.0,46,38,2.2,,
00-0016677,Jerame Tuman,TE,PIT,2001,13,0,0,0.0,0,,0,3,1,0.0,0.0857,,39,29,1.9,,
00-0016677,Jerame Tuman,TE,PIT,2001,14,0,0,0.0,0,,0,2,1,0.0,0.0645,,39,27,1.6,,
00-0016677,Jerame Tuman,TE,PIT,2001,16,0,0,0.0,0,,0,4,0,0.0,0.1212,0.0,27,30,0.0,,
00-0016838,Alex Van Pelt,QB,BUF,2001,3,5,3,-4.15,0,,0,0,0,0.0,0.0,0.0,22,19,-0.2,,
00-0016838,Alex Van Pelt,QB,BUF,2001,4,41,23,10.508,1,,2,0,0,0.0,0.0,0.0,32,22,21.5,,
00-0016838,Alex Van Pelt,QB,BUF,2001,7,2,2,-1.266,0,,0,0,0,0.0,0.0,0.0,25,13,0.2,,
00-0016838,Alex Van Pelt,QB,BUF,2001,9,7,2,0.49,0,,0,0,0,0.0,0.0,0.0,21,17,5.5,,
00-0016838,Alex Van Pelt,QB,BUF,2001,10,42,28,5.502,2,,1,0,0,0.0,0.0,,22,21,18.8,,
00-0016838,Alex Van Pelt,QB,BUF,2001,11,34,21,9.659,4,,1,0,0,0.0,0.0,0.0,26,26,22.4,,
00-0016838,Alex Van Pelt,QB,BUF,2001,12,38,21,-14.124,2,,0,0,0,0.0,0.0,0.0,11,10,-1.3,,
00-0016838,Alex Van Pelt,QB,BUF,2001,13,29,20,4.011,2,,3,0,0,0.0,0.0,0.0,35,31,12.9,,
00-0016838,Alex Van Pelt,QB,BUF,2001,14,44,22,-3.91,1,,2,0,0,0.0,0.0,0.0,28,31,7.4,,
00-0016838,Alex Van Pelt,QB,BUF,2001,15,31,17,5.913,0,,1,0,0,0.0,0.0,,21,21,12.5,,
00-0016838,Alex Van Pelt,QB,BUF,2001,16,27,16,7.039,1,,2,0,0,0.0,0.0,,40,33,13.1,,
00-0016838,Alex Van Pelt,QB,BUF,2001,17,7,3,-3.259,1,,0,0,0,0.0,0.0,0.0,17,15,-1.2,,
00-0017109,Wesley Walls,TE,CAR,2001,1,0,0,0.0,0,,0,4,3,0.0,0.1905,0.0,38,32,10.4,,
00-0017109,Wesley Walls,TE,CAR,2001,2,0,0,0.0,0,,0,3,0,0.0,0.075,,21,23,0.0,,
00-0017109,Wesley Walls,TE,CAR,2001,3,0,0,0.0,0,,0,5,4,0.0,0.1724,0.0,17,14,13.3,,
00-0017109,Wesley Walls,TE,CAR,2001,4,0,0,0.0,0,,0,11,10,0.0,0.234,0.0,16,16,25.1,,
00-0017109,Wesley Walls,TE,CAR,2001,5,0,0,0.0,0,,0,8,5,0.0,0.2051,0.0,20,20,17.1,,
00-0017109,Wesley Walls,TE,CAR,2001,6,0,0,0.0,0,,0,5,3,0.0,0.1613,0.0,25,24,10.5,,
00-0017109,Wesley Walls,TE,CAR,2001,7,0,0,0.0,0,,0,7,2,0.0,0.2059,0.0,21,16,3.1,,
00-0017109,Wesley Walls,TE,CAR,2001,8,0,0,0.0,0,,0,5,3,3,0.1562,1.0,20,14,5.3,,
00-0017109,Wesley Walls,TE,CAR,2001,9,0,0,0.0,0,,0,5,2,23,0.2,0.7667,19,19,3.1,,
00-0017109,Wesley Walls,TE,CAR,2001,10,0,0,0.0,0,,0,4,2,0.0,0.0976,,16,18,11.0,,
00-0017109,Wesley Walls,TE,CAR,2001,11,0,0,0.0,0,,0,1,1,0.0,0.0333,0.0,28,20,1.8,,
00-0017109,Wesley Walls,TE,CAR,2001,12,0,0,0.0,0,,0,5,3,0.0,0.2381,0.0,19,19,7.9,,
00-0017109,Wesley Walls,TE,CAR,2001,13,0,0,0.0,0,,0,3,1,0.0,0.1,0.0,27,26,1.9,,
00-0017109,Wesley Walls,TE,CAR,2001,15,0,0,0.0,0,,0,7,4,0.0,0.1373,,21,19,7.7,,
00-0017110,Chris Walsh,WR,MIN,2001,2,0,0,0.0,0,,0,1,1,0.0,0.027,,25,21,1.4,,
00-0017110,Chris Walsh,WR,MIN,2001,4,0,0,0.0,0,,0,1,1,0.0,0.0303,0.0,11,13,1.5,,
00-0017110,Chris Walsh,WR,MIN,2001,9,0,0,0.0,0,,0,1,1,0.0,0.0286,0.0,21,13,1.6,,
00-0017110,Chris Walsh,WR,MIN,2001,11,0,0,0.0,0,,0,2,0,0.0,0.0455,-0.0,23,18,0.0,,
00-0017110,Chris Walsh,WR,MIN,2001,12,0,0,0.0,0,,0,2,2,0.0,0.0625,0.0,16,18,2.7,,
00-0017110,Chris Walsh,WR,MIN,2001,13,0,0,0.0,0,,0,2,2,0.0,0.0667,0.0,25,23,3.6,,
00-0017110,Chris Walsh,WR,MIN,2001,14,0,0,0.0,0,,0,4,2,20,0.1111,1.0,17,17,4.9,,
00-0017110,Chris Walsh,WR,MIN,2001,16,0,0,0.0,0,,0,1,0,0.0,0.0333,0.0,44,34,0.0,,
00-0017160,Dedric Ward,WR,MIA,2001,2,0,0,0.0,0,,0,6,2,22,0.1818,0.7586,34,28,4.9,,
00-0017160,Dedric Ward,WR,MIA,2001,3,0,0,0.0,0,,0,1,0,0.0,0.037,0.0,25,27,0.0,,
00-0017160,Dedric Ward,WR,MIA,2001,4,0,0,0.0,0,,0,1,1,0.0,0.0476,0.0,44,40,2.0,,
00-0017160,Dedric Ward,WR,MIA,2001,5,0,0,0.0,0,,0,5,2,0.0,0.1471,0.0,29,33,3.7,,
00-0017160,Dedric Ward,WR,MIA,2001,9,0,0,0.0,0,,0,2,2,0.0,0.0667,0.0,28,27,4.6,,
00-0017160,Dedric Ward,WR,MIA,2001,10,0,0,0.0,0,,0,4,1,0.0,0.1111,0.0,30,32,1.7,,
00-0017160,Dedric Ward,WR,MIA,2001,11,0,0,0.0,0,,0,2,1,0.0,0.0645,,30,27,2.6,,
00-0017160,Dedric Ward,WR,MIA,2001,12,0,0,0.0,0,,0,5,3,0.0,0.1786,,22,23,5.7,,
00-0017160,Dedric Ward,WR,MIA,2001,13,0,0,0.0,0,,0,2,2,0.0,0.0769,,38,36,3.8,,
00-0017160,Dedric Ward,WR,MIA,2001,14,0,0,0.0,0,,0,2,2,0.0,0.0741,0.0,15,16,3.8,,
00-0017160,Dedric Ward,WR,MIA,2001,15,0,0,0.0,0,,1,4,1,0.0,0.1081,,19,17,2.2,,
00-0017160,Dedric Ward,WR,MIA,2001,16,0,0,0.0,0,,0,1,0,0.0,0.0345,0.0,20,23,0.0,,
00-0017160,Dedric Ward,WR,MIA,2001,17,0,0,0.0,0,,1,5,4,0.0,0.3125,,43,33,9.0,,
00-0017162,Hines Ward,WR,PIT,2001,1,0,0,0.0,0,,1,11,7,21,0.1803,0.6562,57,51,13.3,,
00-0017162,Hines Ward,WR,PIT,2001,3,0,0,0.0,0,,1,11,9,0.0,0.5,,31,29,16.9,,
00-0017162,Hines Ward,WR,PIT,2001,4,0,0,0.0,0,,0,10,8,0.0,0.4167,,40,33,14.8,,
00-0017162,Hines Ward,WR,PIT,2001,5,0,0,0.0,0,,0,8,4,0.0,0.3333,,35,30,13.8,,
00-0017162,Hines Ward,WR,PIT,2001,6,0,0,0.0,0,,1,3,3,0.0,0.1765,0.0,35,27,8.3,,
00-0017162,Hines Ward,WR,PIT,2001,7,1,0,0.298,0,,1,5,2,0.0,0.2083,,39,29,13.6,,
00-0017162,Hines Ward,WR,PIT,2001,8,0,0,0.0,0,,0,11,9,0.0,0.3056,,35,29,18.7,,
00-0017162,Hines Ward,WR,PIT,2001,9,0,0,-0.826,1,,0,11,8,0.0,0.3438,,41,38,13.5,,
00-0017162,Hines Ward,WR,PIT,2001,10,0,0,0.0,0,,1,12,9,0.0,0.375,,34,29,26.5,,
00-0017162,Hines Ward,WR,PIT,2001,11,0,0,0.0,0,,0,14,7,0.0,0.4375,,31,25,16.9,,
00-0017162,Hines Ward,WR,PIT,2001,12,0,0,0.0,0,,0,6,3,19,0.3158,1.0,46,38,6.7,,
00-0017162,Hines Ward,WR,PIT,2001,13,0,0,0.0,0,,3,12,10,0.0,0.3429,,39,29,23.8,,
00-0017162,Hines Ward,WR,PIT,2001,14,0,0,0.0,0,,1,5,1,0.0,0.1613,,39,27,2.3,,
00-0017162,Hines Ward,WR,PIT,2001,15,0,0,0.0,0,,0,11,7,0.0,0.4231,,43,37,19.7,,
00-0017162,Hines Ward,WR,PIT,2001,16,0,0,0.0,0,,1,7,3,3,0.2121,0.0492,27,30,8.6,,
00-0017162,Hines Ward,WR,PIT,2001,17,0,0,0.0,0,,0,8,4,0.0,0.3333,0.0,36,31,7.2,,
00-0017200,Kurt Warner,QB,LA,2001,1,42,28,6.652,4,,0,0,0,0.0,0.0,0.0,23,29,12.3,,
00-0017200,Kurt Warner,QB,LA,2001,2,35,24,14.085,1,,3,0,0,0.0,0.0,0.0,25,28,23.7,,
00-0017200,Kurt Warner,QB,LA,2001,3,31,24,26.282,1,,1,0,0,0.0,0.0,,27,30,29.0,,
00-0017200,Kurt Warner,QB,LA,2001,4,37,29,17.19,1,,0,0,0,0.0,0.0,,21,25,23.6,,
00-0017200,Kurt Warner,QB,LA,2001,5,46,28,-3.847,6,,3,0,0,0.0,0.0,0.0,16,21,9.2,,
00-0017200,Kurt Warner,QB,LA,2001,6,27,18,9.765,2,,0,0,0,0.0,0.0,,34,27,12.6,,
00-0017200,Kurt Warner,QB,LA,2001,7,47,29,-5.932,2,,0,0,0,0.0,0.0,0.0,16,22,11.4,,
00-0017200,Kurt Warner,QB,LA,2001,9,20,14,0.185,0,,0,0,0,0.0,0.0,0.0,41,37,3.8,,
00-0017200,Kurt Warner,QB,LA,2001,10,42,30,13.49,1,,6,0,0,0.0,0.0,0.0,28,29,22.3,,
00-0017200,Kurt Warner,QB,LA,2001,11,39,19,-1.257,3,,1,0,0,0.0,0.0,0.0,19,16,9.6,,
00-0017200,Kurt Warner,QB,LA,2001,12,23,17,27.85,2,,1,0,0,0.0,0.0,,20,25,30.0,,
00-0017200,Kurt Warner,QB,LA,2001,13,42,26,2.434,4,,4,0,0,0.0,0.0,0.0,30,32,19.7,,
00-0017200,Kurt Warner,QB,LA,2001,14,32,23,20.438,4,,3,0,0,0.0,0.0,,25,30,29.7,,
00-0017200,Kurt Warner,QB,LA,2001,15,23,18,3.548,3,,3,0,0,0.0,0.0,0.0,33,33,14.0,,
00-0017200,Kurt Warner,QB,LA,2001,16,30,23,21.256,2,,1,0,0,0.0,0.0,-0.0,29,33,24.3,,
00-0017200,Kurt Warner,QB,LA,2001,17,30,25,0.641,2,,2,0,0,0.0,0.0,0.0,29,28,17.9,,
00-0017218,Lamont Warren,RB,DET,2001,1,0,0,0.0,0,,5,3,1,0.0,0.0769,0.0,20,24,1.9,,
00-0017218,Lamont Warren,RB,DET,2001,2,0,0,0.0,0,,0,1,0,0.0,0.0256,0.0,20,21,0.0,,
00-0017218,Lamont Warren,RB,DET,2001,4,0,0,0.0,0,,0,3,3,0.0,0.0882,0.0,18,20,4.9,,
00-0017218,Lamont Warren,RB,DET,2001,5,0,0,0.0,0,,2,2,2,0.0,0.0513,,20,23,5.0,,
00-0017218,Lamont Warren,RB,DET,2001,6,0,0,0.0,0,,6,3,2,0.0,0.075,0.0,19,18,5.4,,
00-0017218,Lamont Warren,RB,DET,2001,7,0,0,0.0,0,,15,3,2,-6,0.0938,-0.4,21,18,14.4,,
00-0017218,Lamont Warren,RB,DET,2001,8,1,0,-0.356,0,,3,1,1,0.0,0.04,,21,14,1.2,,
00-0017218,Lamont Warren,RB,DET,2001,9,0,0,0.0,0,,1,5,4,0.0,0.1351,0.0,23,21,10.9,,
00-0017218,Lamont Warren,RB,DET,2001,10,0,0,0.0,0,,9,12,11,0.0,0.2105,0.0,22,27,32.6,,
00-0017218,Lamont Warren,RB,DET,2001,11,0,0,0.0,0,,2,6,2,0.0,0.1579,0.0,25,19,10.6,,
00-0017218,Lamont Warren,RB,DET,2001,12,0,0,0.0,0,,1,6,3,0.0,0.1622,,23,23,6.6,,
00-0017218,Lamont Warren,RB,DET,2001,13,0,0,0.0,0,,2,2,1,0.0,0.0833,,24,19,3.6,,
00-0017218,Lamont Warren,RB,DET,2001,14,0,0,0.0,0,,0,2,2,0.0,0.0714,,35,23,3.3,,
00-0017218,Lamont Warren,RB,DET,2001,15,0,0,0.0,0,,9,1,1,0.0,0.037,0.0,18,14,7.3,,
00-0017218,Lamont Warren,RB,DET,2001,16,1,0,-4.427,0,,6,4,2,0.0,0.0784,0.0,14,11,3.5,,
00-0017218,Lamont Warren,RB,DET,2001,17,0,0,0.0,0,,0,6,3,0.0,0.1538,,28,27,5.5,,
00-0017239,Damon Washington,RB,NYG,2001,3,0,0,0.0,0,,1,1,1,0.0,0.0556,,28,28,1.3,,
00-0017239,Damon Washington,RB,NYG,2001,4,0,0,0.0,0,,25,1,1,0.0,0.0345,0.0,46,47,9.6,,
00-0017239,Damon Washington,RB,NYG,2001,5,0,0,0.0,0,,2,4,2,0.0,0.125,0.0,24,28,2.5,,
00-0017303,Justin Watson,RB,LA,2001,9,0,0,0.0,0,,1,0,0,0.0,0.0,0.0,41,37,0.0,,
00-0017322,Ricky Watters,RB,SEA,2001,1,0,0,0.0,0,,16,4,2,11,0.1176,0.2973,27,22,16.0,,
00-0017322,Ricky Watters,RB,SEA,2001,2,0,0,0.0,0,,17,7,1,0.0,0.2917,,26,21,9.3,,
00-0017322,Ricky Watters,RB,SEA,2001,3,0,0,0.0,0,,5,1,1,0.0,0.0217,-0.0,16,23,3.3,,
00-0017322,Ricky Watters,RB,SEA,2001,13,0,0,0.0,0,,6,3,2,0.0,0.0857,0.0,21,22,6.1,,
00-0017322,Ricky Watters,RB,SEA,2001,14,0,0,0.0,0,,28,7,5,0.0,0.2692,,44,40,24.8,,
00-0017356,Jed Weaver,TE,MIA,2001,2,0,0,0.0,0,,0,1,1,0.0,0.0303,0.0,34,28,1.6,,
00-0017356,Jed Weaver,TE,MIA,2001,3,0,0,0.0,0,,0,1,1,0.0,0.037,0.0,25,27,1.5,,
00-0017356,Jed Weaver,TE,MIA,2001,4,0,0,0.0,0,,0,1,1,0.0,0.0476,0.0,44,40,8.4,,
00-0017356,Jed Weaver,TE,MIA,2001,5,0,0,0.0,0,,0,2,2,0.0,0.0588,0.0,29,33,3.3,,
00-0017356,Jed Weaver,TE,MIA,2001,7,0,0,0.0,0,,0,1,1,0.0,0.0476,0.0,34,24,2.2,,
00-0017356,Jed Weaver,TE,MIA,2001,8,0,0,0.0,0,,0,1,1,0.0,0.0303,0.0,29,24,1.6,,
00-0017356,Jed Weaver,TE,MIA,2001,9,0,0,0.0,0,,0,1,0,0.0,0.0333,0.0,28,27,0.0,,
00-0017356,Jed Weaver,TE,MIA,2001,10,0,0,0.0,0,,0,1,1,0.0,0.0278,0.0,30,32,2.3,,
00-0017356,Jed Weaver,TE,MIA,2001,11,0,0,0.0,0,,0,2,2,0.0,0.0645,,30,27,10.5,,
00-0017356,Jed Weaver,TE,MIA,2001,13,0,0,0.0,0,,0,3,2,0.0,0.1154,,38,36,4.0,,
00-0017356,Jed Weaver,TE,MIA,2001,14,0,0,0.0,0,,0,1,0,0.0,0.037,0.0,15,16,0.0,,
00-0017356,Jed Weaver,TE,MIA,2001,15,0,0,0.0,0,,0,6,3,0.0,0.1622,,19,17,6.3,,
00-0017356,Jed Weaver,TE,MIA,2001,16,0,0,0.0,0,,0,3,2,25,0.1034,1.0,20,23,5.6,,
00-0017356,Jed Weaver,TE,MIA,2001,17,0,0,0.0,0,,0,1,1,0.0,0.0625,,43,33,2.2,,
00-0017470,Michael Westbrook,WR,WAS,2001,1,0,0,0.0,0,,0,7,4,46,0.2188,0.6765,19,18,6.8,,
00-0017470,Michael Westbrook,WR,WAS,2001,2,0,0,0.0,0,,0,6,4,0.0,0.25,0.0,15,16,6.3,,
00-0017470,Michael Westbrook,WR,WAS,2001,3,0,0,0.0,0,,0,5,2,0.0,0.1923,0.0,20,17,3.7,,
00-0017470,Michael Westbrook,WR,WAS,2001,4,0,0,0.0,0,,1,6,4,6,0.2,0.2609,17,13,8.2,,
00-0017470,Michael Westbrook,WR,WAS,2001,5,0,0,0.0,0,,0,3,1,0.0,0.1667,,26,26,10.1,,
00-0017470,Michael Westbrook,WR,WAS,2001,6,0,0,0.0,0,,0,4,1,0.0,0.1429,0.0,28,29,2.9,,
00-0017470,Michael Westbrook,WR,WAS,2001,7,0,0,0.0,0,,0,2,2,0.0,0.1,,35,33,16.3,,
00-0017470,Michael Westbrook,WR,WAS,2001,8,0,0,0.0,0,,0,3,2,0.0,0.1364,0.0,46,46,9.8,,
00-0017470,Michael Westbrook,WR,WAS,2001,10,0,0,0.0,0,,0,12,9,0.0,0.3871,,32,28,25.4,,
00-0017470,Michael Westbrook,WR,WAS,2001,11,0,0,0.0,0,,0,3,3,0.0,0.1667,,45,42,5.2,,
00-0017470,Michael Westbrook,WR,WAS,2001,12,0,0,0.0,0,,0,5,2,0.0,0.1613,0.0,22,22,4.7,,
00-0017470,Michael Westbrook,WR,WAS,2001,13,0,0,0.0,0,,0,9,7,0.0,0.36,,35,31,15.2,,
00-0017470,Michael Westbrook,WR,WAS,2001,14,0,0,0.0,0,,0,9,4,16,0.2647,0.8889,29,28,8.8,,
00-0017470,Michael Westbrook,WR,WAS,2001,15,0,0,0.0,0,,0,9,7,0.0,0.2195,,28,30,13.6,,
00-0017470,Michael Westbrook,WR,WAS,2001,16,0,0,0.0,0,,1,0,0,0.0,0.0,0.0,44,38,0.0,,
00-0017470,Michael Westbrook,WR,WAS,2001,17,0,0,0.0,0,,0,8,5,8,0.3333,1.0,49,43,11.2,,
00-0017486,Tyrone Wheatley,RB,LV,2001,1,0,0,0.0,0,,14,2,2,0.0,0.0488,0.0,28,35,7.9,,
00-0017486,Tyrone Wheatley,RB,LV,2001,2,0,0,0.0,0,,15,4,2,0.0,0.16,,26,32,6.9,,
00-0017486,Tyrone Wheatley,RB,LV,2001,3,0,0,0.0,0,,8,3,3,0.0,0.0938,,25,27,14.2,,
00-0017486,Tyrone Wheatley,RB,LV,2001,4,0,0,0.0,0,,12,1,1,0.0,0.0357,,34,29,16.7,,
00-0017486,Tyrone Wheatley,RB,LV,2001,5,0,0,0.0,0,,6,2,0,0.0,0.0625,,30,28,8.4,,
00-0017486,Tyrone Wheatley,RB,LV,2001,11,0,0,0.0,0,,5,0,0,0.0,0.0,,32,32,1.7,,
00-0017486,Tyrone Wheatley,RB,LV,2001,12,0,0,0.0,0,,5,2,2,0.0,0.0444,0.0,32,32,4.8,,
00-0017486,Tyrone Wheatley,RB,LV,2001,13,0,0,0.0,0,,6,1,1,0.0,0.0417,0.0,26,21,6.8,,
00-0017486,Tyrone Wheatley,RB,LV,2001,15,0,0,0.0,0,,4,1,1,0.0,0.0217,0.0,21,29,1.8,,
00-0017486,Tyrone Wheatley,RB,LV,2001,16,0,0,0.0,0,,5,0,0,0.0,0.0,0.0,16,25,1.7,,
00-0017486,Tyrone Wheatley,RB,LV,2001,17,0,0,0.0,0,,8,0,0,0.0,0.0,,30,37,8.8,,
00-0017611,Alvis Whitted,WR,CLE,2001,3,0,0,0.0,0,,0,1,0,0.0,0.0141,0.0,55,59,0.0,,
00-0017611,Alvis Whitted,WR,BUF,2001,6,0,0,0.0,0,,0,1,0,0.0,0.0182,0.0,56,48,0.0,,
00-0017611,Alvis Whitted,WR,JAX,2001,7,0,0,0.0,0,,0,2,1,0.0,0.0541,,15,14,1.7,,
00-0017611,Alvis Whitted,WR,JAX,2001,8,0,0,0.0,0,,1,0,0,0.0,0.0,0.0,17,18,0.4,,
00-0017611,Alvis Whitted,WR,CIN,2001,9,0,0,0.0,0,,0,1,1,0.0,0.0125,0.0,48,48,2.0,,
00-0017611,Alvis Whitted,WR,BAL,2001,11,0,0,0.0,0,,0,1,0,0.0,0.0154,0.0,61,69,0.0,,
00-0017611,Alvis Whitted,WR,GB,2001,12,0,0,0.0,0,,0,1,0,0.0,0.0116,0.0,44,51,0.0,,
00-0017644,Jermaine Wiggins,TE,NE,2001,1,0,0,0.0,0,,0,5,3,0.0,0.1316,,21,18,11.4,,
00-0017644,Jermaine Wiggins,TE,NE,2001,3,0,0,0.0,0,,0,2,1,0.0,0.087,,39,36,2.1,,
00-0017644,Jermaine Wiggins,TE,NE,2001,5,0,0,0.0,0,,0,1,1,0.0,0.0185,,24,23,7.3,,
00-0017644,Jermaine Wiggins,TE,NE,2001,6,0,0,0.0,0,,0,1,1,0.0,0.0476,,30,23,7.2,,
00-0017644,Jermaine Wiggins,TE,NE,2001,8,0,0,0.0,0,,0,1,1,0.0,0.0323,,34,32,2.6,,
00-0017644,Jermaine Wiggins,TE,NE,2001,9,0,0,0.0,0,,0,1,1,0.0,0.05,0.0,31,29,1.4,,
00-0017644,Jermaine Wiggins,TE,NE,2001,11,0,0,0.0,0,,0,1,1,0.0,0.0385,,38,34,1.4,,
00-0017644,Jermaine Wiggins,TE,NE,2001,12,0,0,0.0,0,,0,1,0,0.0,0.0357,,23,21,0.0,,
00-0017644,Jermaine Wiggins,TE,NE,2001,14,0,0,0.0,0,,0,2,1,0.0,0.0588,0.0,27,28,3.5,,
00-0017644,Jermaine Wiggins,TE,NE,2001,15,0,0,0.0,0,,0,3,2,0.0,0.1579,,44,40,2.8,,
00-0017644,Jermaine Wiggins,TE,NE,2001,17,0,0,0.0,0,,0,3,2,0.0,0.1034,0.0,36,34,11.6,,
00-0017697,Terrence Wilkins,WR,IND,2001,1,0,0,0.0,0,,0,3,3,0.0,0.1034,0.0,30,30,12.1,,
00-0017697,Terrence Wilkins,WR,IND,2001,3,0,0,0.0,0,,0,5,3,0.0,0.1163,0.0,24,28,4.5,,
00-0017697,Terrence Wilkins,WR,IND,2001,5,0,0,0.0,0,,0,8,5,0.0,0.1951,0.0,27,32,9.6,,
00-0017697,Terrence Wilkins,WR,IND,2001,8,0,0,0.0,0,,0,3,2,0.0,0.1154,,37,38,4.4,,
00-0017697,Terrence Wilkins,WR,IND,2001,9,0,0,0.0,0,,0,6,4,0.0,0.1818,0.0,25,24,6.0,,
00-0017697,Terrence Wilkins,WR,IND,2001,10,0,0,0.0,0,,0,1,1,0.0,0.037,0.0,23,21,2.3,,
00-0017697,Terrence Wilkins,WR,IND,2001,11,0,0,0.0,0,,0,13,8,0.0,0.2653,0.0,32,37,16.7,,
00-0017697,Terrence Wilkins,WR,IND,2001,12,0,0,0.0,0,,0,11,5,0.0,0.2444,0.0,17,22,11.1,,
00-0017697,Terrence Wilkins,WR,IND,2001,13,0,0,0.0,0,,0,1,0,18,0.0333,0.5143,18,21,0.0,,
00-0017697,Terrence Wilkins,WR,IND,2001,16,0,0,0.0,0,,0,5,3,0.0,0.1852,0.0,22,23,6.5,,
00-0017829,Jermaine Williams,RB,KC,2001,1,0,0,0.0,0,,0,1,1,0.0,0.0278,0.0,17,9,1.9,,
00-0017829,Jermaine Williams,RB,KC,2001,5,0,0,0.0,0,,0,2,1,0.0,0.0625,0.0,24,25,1.2,,
00-0017847,Karl Williams,WR,TB,2001,1,0,0,0.0,0,,0,1,1,0.0,0.0303,0.0,33,29,1.9,,
00-0017847,Karl Williams,WR,TB,2001,3,0,0,0.0,0,,0,1,0,0.0,0.0303,0.0,16,19,0.0,,
00-0017847,Karl Williams,WR,TB,2001,4,0,0,0.0,0,,0,1,1,0.0,0.0357,,19,7,1.8,,
00-0017847,Karl Williams,WR,TB,2001,6,0,0,0.0,0,,0,5,3,0.0,0.125,0.0,19,15,7.2,,
00-0017847,Karl Williams,WR,TB,2001,7,0,0,0.0,0,,0,6,4,0.0,0.2222,,43,12,12.0,,
00-0017847,Karl Williams,WR,TB,2001,8,0,0,0.0,0,,0,3,2,0.0,0.1,,24,10,4.7,,
00-0017847,Karl Williams,WR,TB,2001,9,0,0,0.0,0,,0,1,1,0.0,0.027,,25,22,7.7,,
00-0017847,Karl Williams,WR,TB,2001,10,0,0,0.0,0,,0,4,3,0.0,0.0714,0.0,15,21,6.4,,
00-0017847,Karl Williams,WR,TB,2001,13,0,0,0.0,0,,0,5,3,22,0.0962,0.4231,22,16,8.0,,
00-0017847,Karl Williams,WR,TB,2001,14,0,0,0.0,0,,0,5,2,31,0.125,0.7045,18,14,3.8,,
00-0017847,Karl Williams,WR,TB,2001,15,0,0,0.0,0,,0,4,2,0.0,0.129,,39,20,10.1,,
00-0017847,Karl Williams,WR,TB,2001,16,0,0,0.0,0,,0,1,0,0.0,0.0345,,31,15,0.0,,
00-0017847,Karl Williams,WR,TB,2001,17,0,0,0.0,0,,0,4,2,0.0,0.129,0.0,25,30,3.8,,
00-0017892,Moe Williams,RB,BAL,2001,2,0,0,0.0,0,,0,3,3,0.0,0.0484,0.0,20,29,8.4,,
00-0017892,Moe Williams,RB,BAL,2001,3,0,0,0.0,0,,2,2,1,0.0,0.0769,,34,32,1.9,,
00-0017892,Moe Williams,RB,BAL,2001,4,0,0,0.0,0,,0,2,1,0.0,0.069,,40,42,2.0,,
00-0017892,Moe Williams,RB,BAL,2001,5,0,0,0.0,0,,1,0,0,0.0,0.0,0.0,34,31,0.1,,
00-0017892,Moe Williams,RB,BAL,2001,6,0,0,0.0,0,,1,0,0,0.0,0.0,0.0,27,34,0.2,,
00-0017892,Moe Williams,RB,BAL,2001,7,0,0,0.0,0,,1,0,0,0.0,0.0,0.0,32,30,-0.3,,
00-0017892,Moe Williams,RB,BAL,2001,10,0,0,0.0,0,,5,1,1,0.0,0.0233,0.0,27,28,4.4,,
00-0017892,Moe Williams,RB,BAL,2001,11,0,0,0.0,0,,9,6,4,0.0,0.0923,0.0,61,69,11.8,,
00-0017892,Moe Williams,RB,BAL,2001,12,0,0,0.0,0,,24,6,3,4,0.1538,1.0,31,34,14.8,,
00-0017892,Moe Williams,RB,BAL,2001,14,0,0,0.0,0,,4,3,3,0.0,0.0811,0.0,13,16,5.9,,
00-0017892,Moe Williams,RB,BAL,2001,15,0,0,0.0,0,,6,4,2,0.0,0.1379,,35,33,7.4,,
00-0017892,Moe Williams,RB,BAL,2001,16,0,0,0.0,0,,5,2,2,0.0,0.0541,0.0,27,31,4.7,,
00-0017892,Moe Williams,RB,BAL,2001,17,0,0,0.0,0,,7,6,3,0.0,0.2222,,42,41,9.8,,
00-0017896,Nicolas Luchey,RB,CIN,2001,13,0,0,0.0,0,,0,1,0,0.0,0.0333,0.0,27,29,0.0,,
00-0017915,Ricky Williams,RB,NO,2001,1,0,0,0.0,0,,18,2,1,0.0,0.069,,26,20,18.2,,
00-0017915,Ricky Williams,RB,NO,2001,3,0,0,0.0,0,,16,7,4,0.0,0.14,0.0,22,21,14.2,,
00-0017915,Ricky Williams,RB,NO,2001,4,0,0,0.0,0,,30,6,5,0.0,0.2,0.0,37,35,28.8,,
00-0017915,Ricky Williams,RB,NO,2001,5,0,0,0.0,0,,31,7,4,0.0,0.1944,0.0,39,36,25.8,,
00-0017915,Ricky Williams,RB,NO,2001,6,0,0,0.0,0,,21,9,9,0.0,0.2432,0.0,24,31,20.6,,
00-0017915,Ricky Williams,RB,NO,2001,7,0,0,0.0,0,,17,6,4,0.0,0.1935,,26,21,11.6,,
00-0017915,Ricky Williams,RB,NO,2001,8,0,0,0.0,0,,19,6,1,0.0,0.2143,0.0,27,20,13.4,,
00-0017915,Ricky Williams,RB,NO,2001,9,0,0,0.0,0,,24,6,3,0.0,0.1714,,32,32,18.3,,
00-0017915,Ricky Williams,RB,NO,2001,10,0,0,0.0,0,,28,4,4,0.0,0.1818,,37,38,26.8,,
00-0017915,Ricky Williams,RB,NO,2001,11,0,0,0.0,0,,15,5,3,0.0,0.1316,0.0,22,18,18.5,,
00-0017915,Ricky Williams,RB,NO,2001,12,0,0,0.0,0,,27,6,4,0.0,0.15,0.0,34,33,21.4,,
00-0017915,Ricky Williams,RB,NO,2001,13,0,0,0.0,0,,15,5,5,0.0,0.1724,,21,22,19.3,,
00-0017915,Ricky Williams,RB,NO,2001,14,0,0,0.0,0,,14,7,4,-1,0.175,-0.0769,19,24,11.0,,
00-0017915,Ricky Williams,RB,NO,2001,15,0,0,0.0,0,,10,6,4,-4,0.1622,-0.1481,13,15,8.1,,
00-0017915,Ricky Williams,RB,NO,2001,16,0,0,0.0,0,,17,1,1,0.0,0.037,0.0,23,23,7.1,,
00-0017915,Ricky Williams,RB,NO,2001,17,0,0,0.0,0,,11,5,4,0.0,0.1471,0.0,17,16,2.5,,
00-0017924,Roland Williams,TE,LV,2001,1,0,0,0.0,0,,0,3,3,0.0,0.0732,0.0,28,35,7.2,,
00-0017924,Roland Williams,TE,LV,2001,2,0,0,0.0,0,,0,2,1,0.0,0.08,,26,32,1.2,,
00-0017924,Roland Williams,TE,LV,2001,3,0,0,0.0,0,,0,3,2,0.0,0.0938,,25,27,3.1,,
00-0017924,Roland Williams,TE,LV,2001,4,0,0,0.0,0,,0,2,2,0.0,0.0714,,34,29,3.4,,
00-0017924,Roland Williams,TE,LV,2001,5,0,0,0.0,0,,0,2,1,0.0,0.0625,,30,28,2.4,,
00-0017924,Roland Williams,TE,LV,2001,7,0,0,0.0,0,,0,6,3,0.0,0.2308,,47,47,4.6,,
00-0017924,Roland Williams,TE,LV,2001,8,0,0,0.0,0,,0,2,1,0.0,0.0606,,30,26,1.7,,
00-0017924,Roland Williams,TE,LV,2001,9,0,0,0.0,0,,0,2,1,0.0,0.0556,,18,22,7.5,,
00-0017924,Roland Williams,TE,LV,2001,10,0,0,0.0,0,,0,4,1,0.0,0.1053,0.0,28,32,3.3,,
00-0017924,Roland Williams,TE,LV,2001,11,0,0,0.0,0,,0,1,1,0.0,0.05,,32,32,1.1,,
00-0017924,Roland Williams,TE,LV,2001,12,0,0,0.0,0,,0,6,2,33,0.1333,1.0,32,32,3.3,,
00-0017924,Roland Williams,TE,LV,2001,13,0,0,0.0,0,,0,2,1,37,0.0833,1.0,26,21,5.9,,
00-0017924,Roland Williams,TE,LV,2001,14,0,0,0.0,0,,0,3,3,0.0,0.1071,0.0,27,29,4.8,,
00-0017924,Roland Williams,TE,LV,2001,15,0,0,0.0,0,,0,5,5,0.0,0.1087,0.0,21,29,14.2,,
00-0017924,Roland Williams,TE,LV,2001,16,0,0,0.0,0,,0,3,2,0.0,0.0638,0.0,16,25,3.8,,
00-0017924,Roland Williams,TE,LV,2001,17,0,0,0.0,0,,0,7,4,0.0,0.1892,,30,37,13.3,,
00-0018056,Robert Wilson,WR,NO,2001,1,0,0,0.0,0,,0,2,2,0.0,0.069,,26,20,3.5,,
00-0018056,Robert Wilson,WR,NO,2001,3,0,0,0.0,0,,0,8,7,0.0,0.16,0.0,22,21,13.1,,
00-0018056,Robert Wilson,WR,NO,2001,4,0,0,0.0,0,,0,5,2,0.0,0.1667,0.0,37,35,4.3,,
00-0018056,Robert Wilson,WR,NO,2001,5,0,0,0.0,0,,0,2,1,0.0,0.0556,0.0,39,36,1.8,,
00-0018056,Robert Wilson,WR,NO,2001,6,0,0,0.0,0,,0,2,1,0.0,0.0541,0.0,24,31,3.4,,
00-0018056,Robert Wilson,WR,NO,2001,7,0,0,0.0,0,,0,2,1,0.0,0.0645,,26,21,2.6,,
00-0018056,Robert Wilson,WR,NO,2001,8,0,0,0.0,0,,0,1,1,0.0,0.0357,0.0,27,20,2.4,,
00-0018056,Robert Wilson,WR,NO,2001,13,0,0,0.0,0,,0,2,1,0.0,0.069,,21,22,5.4,,
00-0018056,Robert Wilson,WR,NO,2001,14,0,0,0.0,0,,0,4,0,0.0,0.1,0.0,19,24,0.0,,
00-0018056,Robert Wilson,WR,NO,2001,15,0,0,0.0,0,,0,4,3,0.0,0.1081,0.0,13,15,9.2,,
00-0018056,Robert Wilson,WR,NO,2001,16,0,0,0.0,0,,0,2,0,0.0,0.0741,0.0,23,23,0.0,,
00-0018056,Robert Wilson,WR,NO,2001,17,0,0,0.0,0,,0,4,2,7,0.1176,0.0598,17,16,3.0,,
00-0018272,Anthony Wright,QB,DAL,2001,2,25,12,-0.458,1,,4,0,0,0.0,0.0,0.0,26,20,12.2,,
00-0018272,Anthony Wright,QB,DAL,2001,3,23,7,-21.063,2,,1,0,0,0.0,0.0,0.0,30,32,-2.5,,
00-0018272,Anthony Wright,QB,DAL,2001,4,22,14,4.075,1,,4,0,0,0.0,0.0,,30,24,14.8,,
00-0018272,Anthony Wright,QB,DAL,2001,5,28,15,-6.125,1,,8,0,0,0.0,0.0,0.0,45,39,8.3,,
00-0018343,Frank Wycheck,TE,TEN,2001,1,0,0,0.0,0,,0,3,2,0.0,0.0769,0.0,25,20,3.5,,
00-0018343,Frank Wycheck,TE,TEN,2001,2,0,0,0.0,0,,0,6,3,0.0,0.0952,,52,53,4.9,,
00-0018343,Frank Wycheck,TE,TEN,2001,4,0,0,0.0,0,,0,2,2,0.0,0.0625,0.0,17,20,5.6,,
00-0018343,Frank Wycheck,TE,TEN,2001,5,0,0,0.0,0,,0,7,4,6,0.2692,1.0,41,37,7.8,,
00-0018343,Frank Wycheck,TE,TEN,2001,6,1,1,1.173,0,,1,10,7,11,0.2857,0.4074,33,28,23.9,,
00-0018343,Frank Wycheck,TE,TEN,2001,7,0,0,0.0,0,,0,3,3,0.0,0.1304,0.0,24,22,13.1,,
00-0018343,Frank Wycheck,TE,TEN,2001,8,0,0,0.0,0,,0,6,6,0.0,0.1765,,33,30,10.3,,
00-0018343,Frank Wycheck,TE,TEN,2001,9,0,0,0.0,0,,0,4,2,0.0,0.0851,0.0,28,25,3.8,,
00-0018343,Frank Wycheck,TE,TEN,2001,10,0,0,0.0,0,,0,4,3,0.0,0.16,0.0,31,29,5.3,,
00-0018343,Frank Wycheck,TE,TEN,2001,11,0,0,0.0,0,,0,10,8,-1,0.2703,-0.1667,21,18,21.9,,
00-0018343,Frank Wycheck,TE,TEN,2001,12,0,0,0.0,0,,0,3,2,0.0,0.1579,,39,33,4.3,,
00-0018343,Frank Wycheck,TE,TEN,2001,13,0,0,0.0,0,,0,6,5,0.0,0.1714,,29,28,18.2,,
00-0018343,Frank Wycheck,TE,TEN,2001,14,0,0,0.0,0,,0,7,6,0.0,0.2,,34,39,15.6,,
00-0018343,Frank Wycheck,TE,TEN,2001,15,0,0,0.0,0,,0,3,2,22,0.1111,0.44,33,32,3.8,,
00-0018343,Frank Wycheck,TE,TEN,2001,16,0,0,0.0,0,,0,3,3,0.0,0.1304,0.0,35,32,5.8,,
00-0018343,Frank Wycheck,TE,TEN,2001,17,0,0,0.0,0,,0,6,2,0.0,0.1875,,23,22,4.3,,
00-0018501,Amos Zereoue,RB,PIT,2001,1,0,0,0.0,0,,9,2,2,0.0,0.0328,0.0,57,51,9.4,,
00-0018501,Amos Zereoue,RB,PIT,2001,3,0,0,0.0,0,,4,0,0,0.0,0.0,,31,29,3.7,,
00-0018501,Amos Zereoue,RB,PIT,2001,4,0,0,0.0,0,,8,1,1,0.0,0.0417,,40,33,5.2,,
00-0018501,Amos Zereoue,RB,PIT,2001,5,0,0,0.0,0,,8,2,2,0.0,0.0833,,35,30,7.9,,
00-0018501,Amos Zereoue,RB,PIT,2001,6,0,0,0.0,0,,8,1,1,0.0,0.0588,0.0,35,27,0.6,,
00-0018501,Amos Zereoue,RB,PIT,2001,7,0,0,0.0,0,,7,0,0,0.0,0.0,,39,29,1.7,,
00-0018501,Amos Zereoue,RB,PIT,2001,9,0,0,0.0,0,,4,3,3,0.0,0.0938,,41,38,12.7,,
00-0018501,Amos Zereoue,RB,PIT,2001,10,0,0,0.0,0,,6,1,1,0.0,0.0312,,34,29,5.5,,
00-0018501,Amos Zereoue,RB,PIT,2001,11,0,0,0.0,0,,1,1,1,0.0,0.0312,,31,25,9.7,,
00-0018501,Amos Zereoue,RB,PIT,2001,12,0,0,0.0,0,,5,1,1,0.0,0.0526,0.0,46,38,8.8,,
00-0018501,Amos Zereoue,RB,PIT,2001,13,0,0,0.0,0,,7,1,0,0.0,0.0286,,39,29,3.0,,
00-0018501,Amos Zereoue,RB,PIT,2001,14,0,0,0.0,0,,16,1,1,0.0,0.0323,,39,27,8.9,,
00-0018501,Amos Zereoue,RB,PIT,2001,15,0,0,0.0,0,,2,0,0,0.0,0.0,,43,37,3.4,,
00-0018958,Laveranues Coles,WR,NYJ,2001,1,0,0,0.0,0,,1,2,1,0.0,0.0667,,29,29,12.4,,
00-0018958,Laveranues Coles,WR,NYJ,2001,2,0,0,0.0,0,,0,5,3,0.0,0.2,,27,27,5.4,,
00-0018958,Laveranues Coles,WR,NYJ,2001,3,0,0,0.0,0,,0,7,3,0.0,0.28,,23,22,9.0,,
00-0018958,Laveranues Coles,WR,NYJ,2001,4,0,0,0.0,0,,2,6,5,0.0,0.24,,32,31,14.2,,
00-0018958,Laveranues Coles,WR,NYJ,2001,5,0,0,0.0,0,,0,6,5,0.0,0.2727,,25,24,24.7,,
00-0018958,Laveranues Coles,WR,NYJ,2001,6,0,0,0.0,0,,1,3,1,0.0,0.1154,0.0,24,23,3.1,,
00-0018958,Laveranues Coles,WR,NYJ,2001,7,0,0,0.0,0,,1,10,7,0.0,0.3125,0.0,34,35,17.2,,
00-0018958,Laveranues Coles,WR,NYJ,2001,8,0,0,0.0,0,,0,9,3,24,0.4286,1.0,34,29,13.7,,
00-0018958,Laveranues Coles,WR,NYJ,2001,9,0,0,0.0,0,,1,4,4,0.0,0.1429,0.0,37,32,8.2,,
00-0018958,Laveranues Coles,WR,NYJ,2001,10,0,0,0.0,0,,0,4,3,0.0,0.1905,,28,26,13.2,,
00-0018958,Laveranues Coles,WR,NYJ,2001,12,0,0,0.0,0,,1,6,3,8,0.1875,0.4211,28,26,15.1,,
00-0018958,Laveranues Coles,WR,NYJ,2001,13,0,0,0.0,0,,0,8,3,0.0,0.2963,,19,22,5.0,,
00-0018958,Laveranues Coles,WR,NYJ,2001,14,0,0,0.0,0,,1,5,2,0.0,0.1786,,29,28,6.2,,
00-0018958,Laveranues Coles,WR,NYJ,2001,15,0,0,0.0,0,,1,10,4,0.0,0.2128,0.0,31,32,10.2,,
00-0018958,Laveranues Coles,WR,NYJ,2001,16,0,0,0.0,0,,1,11,7,0.0,0.3143,0.0,23,26,18.9,,
00-0018958,Laveranues Coles,WR,NYJ,2001,17,0,0,0.0,0,,0,7,5,17,0.2414,0.68,22,20,22.1,,
00-0018976,J.J. Huggins,TE,DAL,2001,3,0,0,0.0,0,,0,2,1,0.0,0.0667,0.0,30,32,1.1,,
00-0018976,J.J. Huggins,TE,DAL,2001,4,0,0,0.0,0,,0,1,1,0.0,0.0385,,30,24,1.4,,
00-0018976,J.J. Huggins,TE,DAL,2001,8,0,0,0.0,0,,0,2,1,0.0,0.0645,0.0,32,33,1.5,,
00-0018976,J.J. Huggins,TE,DAL,2001,9,0,0,0.0,0,,0,2,2,0.0,0.1,0.0,33,29,3.7,,
00-0018976,J.J. Huggins,TE,DAL,2001,10,0,0,0.0,0,,0,2,0,0.0,0.0833,0.0,23,22,0.0,,
00-0018976,J.J. Huggins,TE,DAL,2001,11,0,0,0.0,0,,0,1,1,0.0,0.0312,,16,19,1.5,,
00-0018976,J.J. Huggins,TE,DAL,2001,14,0,0,0.0,0,,0,2,2,0.0,0.0606,0.0,21,14,2.4,,
00-0018977,Maurice Smith,RB,ATL,2001,3,0,0,0.0,0,,21,2,2,0.0,0.0741,,34,31,31.8,,
00-0018977,Maurice Smith,RB,ATL,2001,4,0,0,0.0,0,,17,2,1,0.0,0.0667,0.0,25,19,8.9,,
00-0018977,Maurice Smith,RB,ATL,2001,5,0,0,0.0,0,,20,3,1,0.0,0.0833,0.0,24,22,12.0,,
00-0018977,Maurice Smith,RB,ATL,2001,6,0,0,0.0,0,,22,2,2,0.0,0.0952,0.0,30,26,9.3,,
00-0018977,Maurice Smith,RB,ATL,2001,8,0,0,0.0,0,,16,1,0,0.0,0.0345,0.0,19,16,8.4,,
00-0018977,Maurice Smith,RB,ATL,2001,9,0,0,0.0,0,,27,0,0,0.0,0.0,,33,27,14.8,,
00-0018977,Maurice Smith,RB,ATL,2001,10,0,0,0.0,0,,19,5,4,0.0,0.1,0.0,25,23,11.2,,
00-0018977,Maurice Smith,RB,ATL,2001,11,0,0,0.0,0,,21,1,1,0.0,0.037,,33,25,7.7,,
00-0018977,Maurice Smith,RB,ATL,2001,12,0,0,0.0,0,,14,2,1,0.0,0.0556,0.0,30,21,3.7,,
00-0018977,Maurice Smith,RB,ATL,2001,13,0,0,0.0,0,,12,1,1,0.0,0.0312,0.0,21,13,9.4,,
00-0018977,Maurice Smith,RB,ATL,2001,14,0,0,0.0,0,,11,4,3,0.0,0.1,,19,14,9.9,,
00-0018977,Maurice Smith,RB,ATL,2001,15,0,0,0.0,0,,14,1,1,0.0,0.0263,,29,28,9.3,,
00-0018977,Maurice Smith,RB,ATL,2001,16,0,0,0.0,0,,15,2,1,0.0,0.0645,0.0,37,23,12.0,,
00-0018977,Maurice Smith,RB,ATL,2001,17,0,0,0.0,0,,8,1,1,0.0,0.0333,0.0,21,15,3.6,,
00-0018997,Kirk McMullen,TE,CIN,2001,14,0,0,0.0,0,,0,1,1,0.0,0.0435,0.0,33,30,1.4,,
00-0018997,Kirk McMullen,TE,CIN,2001,15,0,0,0.0,0,,0,2,0,6,0.0541,0.24,30,31,0.0,,
00-0018997,Kirk McMullen,TE,CIN,2001,16,0,0,0.0,0,,0,1,0,0.0,0.0152,0.0,29,29,0.0,,
00-0018997,Kirk McMullen,TE,CIN,2001,17,0,0,0.0,0,,0,2,1,-2,0.0426,-0.1667,27,30,2.1,,
00-0019008,John Waerig,TE,DET,2001,12,0,0,0.0,0,,0,1,1,0.0,0.027,,23,23,1.6,,
00-0019025,Ronney Jenkins,RB,LAC,2001,1,0,0,0.0,0,,1,0,0,0.0,0.0,0.0,46,45,-0.1,,
00-0019028,Herbert Goodman,RB,GB,2001,3,0,0,0.0,0,,1,0,0,0.0,0.0,0.0,31,35,-0.1,,
00-0019038,Chris Coleman,WR,TEN,2001,2,0,0,0.0,0,,0,2,1,0.0,0.0317,,52,53,2.9,,
00-0019038,Chris Coleman,WR,TEN,2001,6,0,0,0.0,0,,0,1,0,0.0,0.0286,0.0,33,28,0.0,,
00-0019038,Chris Coleman,WR,TEN,2001,13,0,0,0.0,0,,0,1,0,0.0,0.0286,,29,28,0.0,,
00-0019041,Billy Volek,QB,TEN,2001,13,3,0,-3.508,0,,0,0,0,0.0,0.0,,29,28,0.0,,
00-0019054,Trevor Insley,WR,IND,2001,3,0,0,0.0,0,,0,3,2,0.0,0.0698,0.0,24,28,3.2,,
00-0019054,Trevor Insley,WR,IND,2001,6,0,0,0.0,0,,0,1,1,0.0,0.0294,,34,36,2.3,,
00-0019054,Trevor Insley,WR,IND,2001,10,0,0,0.0,0,,0,1,1,0.0,0.037,0.0,23,21,2.4,,
00-0019054,Trevor Insley,WR,IND,2001,11,0,0,0.0,0,,0,7,5,42,0.1429,0.5676,32,37,11.2,,
00-0019054,Trevor Insley,WR,IND,2001,14,0,0,0.0,0,,0,3,3,0.0,0.0857,0.0,33,32,14.3,,
00-0019054,Trevor Insley,WR,IND,2001,15,0,0,0.0,0,,0,3,2,0.0,0.0857,,18,21,3.1,,
00-0019054,Trevor Insley,WR,IND,2001,17,0,0,0.0,0,,0,3,0,0.0,0.1,0.0,35,35,0.0,,
00-0019057,Jamel White,RB,CLE,2001,1,0,0,0.0,0,,10,4,3,0.0,0.1212,0.0,25,27,10.8,,
00-0019057,Jamel White,RB,CLE,2001,2,0,0,0.0,0,,3,2,1,6,0.1053,0.3529,37,35,2.9,,
00-0019057,Jamel White,RB,CLE,2001,3,0,0,0.0,0,,23,7,5,0.0,0.0986,0.0,55,59,18.0,,
00-0019057,Jamel White,RB,CLE,2001,4,0,0,0.0,0,,2,3,1,0.0,0.1154,,31,29,1.7,,
00-0019057,Jamel White,RB,CLE,2001,5,0,0,0.0,0,,3,4,3,0.0,0.1429,,19,20,7.6,,
00-0019057,Jamel White,RB,CLE,2001,6,0,0,0.0,0,,1,2,1,0.0,0.1176,,29,28,1.2,,
00-0019057,Jamel White,RB,CLE,2001,8,0,0,0.0,0,,0,3,1,-7,0.1304,1.0,23,24,2.0,,
00-0019057,Jamel White,RB,CLE,2001,9,0,0,0.0,0,,2,2,1,0.0,0.0606,,23,21,3.8,,
00-0019057,Jamel White,RB,CLE,2001,10,0,0,0.0,0,,9,5,4,-7,0.1667,-0.3043,30,32,14.7,,
00-0019057,Jamel White,RB,CLE,2001,11,0,0,0.0,0,,5,1,0,0.0,0.037,0.0,39,33,1.3,,
00-0019057,Jamel White,RB,CLE,2001,12,0,0,0.0,0,,4,2,2,0.0,0.0541,0.0,17,14,5.9,,
00-0019057,Jamel White,RB,CLE,2001,13,0,0,0.0,0,,2,3,3,0.0,0.0811,0.0,19,23,9.4,,
00-0019057,Jamel White,RB,CLE,2001,14,0,0,0.0,0,,9,5,5,0.0,0.1667,0.0,15,21,12.2,,
00-0019057,Jamel White,RB,CLE,2001,15,0,0,0.0,0,,21,10,9,0.0,0.303,0.0,26,30,36.6,,
00-0019057,Jamel White,RB,CLE,2001,16,0,0,0.0,0,,21,4,3,0.0,0.1538,0.0,29,32,24.8,,
00-0019057,Jamel White,RB,CLE,2001,17,0,0,0.0,0,,11,3,2,0.0,0.1154,0.0,19,19,13.2,,
00-0019062,Jake Moreland,TE,CLE,2001,15,0,0,0.0,0,,0,1,0,0.0,0.0303,0.0,26,30,0.0,,
00-0019062,Jake Moreland,TE,CLE,2001,16,0,0,0.0,0,,0,1,1,0.0,0.0385,0.0,29,32,1.5,,
00-0019062,Jake Moreland,TE,CLE,2001,17,0,0,0.0,0,,0,2,2,0.0,0.0769,0.0,19,19,3.0,,
00-0019087,Doug Johnson,QB,ATL,2001,3,0,0,0.0,0,,4,0,0,0.0,0.0,,34,31,1.3,,
00-0019087,Doug Johnson,QB,ATL,2001,9,4,3,1.931,1,,1,0,0,0.0,0.0,,33,27,4.8,,
00-0019087,Doug Johnson,QB,ATL,2001,12,1,0,-3.86,1,,0,0,0,0.0,0.0,0.0,30,21,-2.0,,
00-0019093,Casey Crawford,TE,CAR,2001,15,0,0,0.0,0,,0,2,1,0.0,0.0392,,21,19,2.0,,
00-0019109,Scottie Montgomery,WR,DEN,2001,7,0,0,0.0,0,,0,2,2,0.0,0.0769,0.0,29,24,3.5,,
00-0019109,Scottie Montgomery,WR,DEN,2001,8,0,0,0.0,0,,0,3,0,0.0,0.0811,0.0,23,25,0.0,,
00-0019109,Scottie Montgomery,WR,DEN,2001,9,0,0,0.0,0,,0,2,1,0.0,0.0645,,42,44,3.3,,
00-0019109,Scottie Montgomery,WR,DEN,2001,12,0,0,0.0,0,,0,5,3,0.0,0.1515,-0.0,32,35,4.7,,
00-0019109,Scottie Montgomery,WR,DEN,2001,13,0,0,0.0,0,,0,1,1,0.0,0.0286,0.0,28,27,2.0,,
00-0019109,Scottie Montgomery,WR,DEN,2001,14,0,0,0.0,0,,1,2,0,0.0,0.0606,,34,26,0.5,,
00-0019109,Scottie Montgomery,WR,DEN,2001,16,0,0,0.0,0,,0,4,4,0.0,0.1538,,25,25,7.4,,
00-0019109,Scottie Montgomery,WR,DEN,2001,17,0,0,0.0,0,,0,3,0,10,0.0938,0.3571,25,25,0.0,,
00-0019127,Todd Yoder,TE,TB,2001,11,0,0,0.0,0,,0,1,0,0.0,0.0294,0.0,31,20,0.0,,
00-0019127,Todd Yoder,TE,TB,2001,12,0,0,0.0,0,,0,1,1,0.0,0.0303,,30,25,7.4,,
00-0019127,Todd Yoder,TE,TB,2001,13,0,0,0.0,0,,0,1,1,0.0,0.0192,0.0,22,16,3.4,,
00-0019127,Todd Yoder,TE,TB,2001,16,0,0,0.0,0,,0,1,0,0.0,0.0345,,31,15,0.0,,
00-0019127,Todd Yoder,TE,TB,2001,17,0,0,0.0,0,,0,3,2,0.0,0.0968,0.0,25,30,4.0,,
00-0019164,Pat Batteaux,WR,LAC,2001,10,0,0,0.0,0,,0,3,1,0.0,0.1154,0.0,29,30,1.6,,
00-0019164,Pat Batteaux,WR,LAC,2001,15,0,0,0.0,0,,0,2,0,0.0,0.0769,,29,30,0.0,,
00-0019164,Pat Batteaux,WR,LAC,2001,16,0,0,0.0,0,,0,3,2,25,0.0566,0.3906,16,25,3.9,,
00-0019192,Travis Brown,QB,BUF,2001,17,33,15,-9.855,1,,1,0,0,0.0,0.0,0.0,17,15,9.0,,
00-0019231,Larry Foster,WR,DET,2001,2,0,0,0.0,0,,0,6,3,70,0.1538,0.3398,20,21,5.5,,
00-0019231,Larry Foster,WR,DET,2001,4,0,0,0.0,0,,0,1,0,0.0,0.0294,0.0,18,20,0.0,,
00-0019231,Larry Foster,WR,DET,2001,5,0,0,0.0,0,,0,4,2,0.0,0.1026,,20,23,4.0,,
00-0019231,Larry Foster,WR,DET,2001,6,0,0,0.0,0,,0,4,1,0.0,0.1,0.0,19,18,2.3,,
00-0019231,Larry Foster,WR,DET,2001,7,0,0,0.0,0,,0,7,4,0.0,0.2188,0.0,21,18,10.0,,
00-0019231,Larry Foster,WR,DET,2001,8,0,0,0.0,0,,0,5,2,0.0,0.2,,21,14,5.2,,
00-0019231,Larry Foster,WR,DET,2001,9,0,0,0.0,0,,0,3,0,3,0.0811,0.1111,23,21,0.0,,
00-0019231,Larry Foster,WR,DET,2001,10,0,0,0.0,0,,1,4,4,0.0,0.0702,0.0,22,27,10.0,,
00-0019231,Larry Foster,WR,DET,2001,11,0,0,0.0,0,,1,1,1,0.0,0.0263,0.0,25,19,2.5,,
00-0019231,Larry Foster,WR,DET,2001,12,0,0,0.0,0,,0,2,2,0.0,0.0541,,23,23,4.3,,
00-0019231,Larry Foster,WR,DET,2001,13,0,0,0.0,0,,0,3,1,0.0,0.125,,24,19,2.9,,
00-0019231,Larry Foster,WR,DET,2001,14,0,0,0.0,0,,0,3,1,0.0,0.1071,,35,23,2.2,,
00-0019231,Larry Foster,WR,DET,2001,16,0,0,0.0,0,,0,4,1,5,0.0784,0.119,14,11,2.0,,
00-0019255,Curtis Jackson,WR,NE,2001,7,0,0,0.0,0,,0,1,1,0.0,0.027,0.0,24,25,1.4,,
00-0019255,Curtis Jackson,WR,NE,2001,8,0,0,0.0,0,,0,1,1,0.0,0.0323,,34,32,2.2,,
00-0019268,Kevin McDougal,RB,IND,2001,9,0,0,0.0,0,,10,1,0,0.0,0.0303,0.0,25,24,1.8,,
00-0019268,Kevin McDougal,RB,IND,2001,11,0,0,0.0,0,,4,0,0,0.0,0.0,0.0,32,37,2.3,,
00-0019268,Kevin McDougal,RB,IND,2001,15,0,0,0.0,0,,0,1,1,0.0,0.0286,,18,21,4.0,,
00-0019268,Kevin McDougal,RB,IND,2001,16,0,0,0.0,0,,1,0,0,0.0,0.0,0.0,22,23,-0.1,,
00-0019268,Kevin McDougal,RB,IND,2001,17,0,0,0.0,0,,2,0,0,0.0,0.0,0.0,35,35,0.8,,
00-0019290,Zeron Flemister,TE,WAS,2001,2,0,0,0.0,0,,0,1,0,0.0,0.0417,0.0,15,16,0.0,,
00-0019290,Zeron Flemister,TE,WAS,2001,7,0,0,0.0,0,,0,4,2,0.0,0.2,,35,33,5.2,,
00-0019290,Zeron Flemister,TE,WAS,2001,8,0,0,0.0,0,,0,2,2,0.0,0.0909,0.0,46,46,2.7,,
00-0019290,Zeron Flemister,TE,WAS,2001,10,0,0,0.0,0,,0,3,2,0.0,0.0968,,32,28,9.8,,
00-0019290,Zeron Flemister,TE,WAS,2001,11,0,0,0.0,0,,0,2,2,0.0,0.1111,,45,42,5.3,,
00-0019290,Zeron Flemister,TE,WAS,2001,12,0,0,0.0,0,,0,2,1,0.0,0.0645,0.0,22,22,2.8,,
00-0019290,Zeron Flemister,TE,WAS,2001,13,0,0,0.0,0,,0,2,1,0.0,0.08,,35,31,7.2,,
00-0019290,Zeron Flemister,TE,WAS,2001,14,0,0,0.0,0,,0,4,2,0.0,0.1176,0.0,29,28,2.4,,
00-0019290,Zeron Flemister,TE,WAS,2001,15,0,0,0.0,0,,0,5,2,0.0,0.122,,28,30,6.4,,
00-0019290,Zeron Flemister,TE,WAS,2001,16,0,0,0.0,0,,0,3,3,0.0,0.2,0.0,44,38,6.2,,
00-0019290,Zeron Flemister,TE,WAS,2001,17,0,0,0.0,0,,0,1,1,0.0,0.0417,0.0,49,43,1.6,,
00-0019382,KaRon Coleman,RB,DEN,2001,12,0,0,0.0,0,,2,8,4,0.0,0.2424,-0.0,32,35,8.1,,
00-0019382,KaRon Coleman,RB,DEN,2001,13,0,0,0.0,0,,2,1,1,0.0,0.0286,0.0,28,27,2.4,,
00-0019382,KaRon Coleman,RB,DEN,2001,17,0,0,0.0,0,,0,2,1,0.0,0.0625,0.0,25,25,1.7,,
00-0019404,John Jones,TE,BAL,2001,3,0,0,0.0,0,,0,3,2,0.0,0.1154,,34,32,3.3,,
00-0019423,Jason Brookins,RB,BAL,2001,1,0,0,0.0,0,,1,0,0,0.0,0.0,,30,26,0.8,,
00-0019423,Jason Brookins,RB,BAL,2001,3,0,0,0.0,0,,4,0,0,0.0,0.0,,34,32,3.1,,
00-0019423,Jason Brookins,RB,BAL,2001,4,0,0,0.0,0,,15,0,0,0.0,0.0,,40,42,12.8,,
00-0019423,Jason Brookins,RB,BAL,2001,5,0,0,0.0,0,,9,0,0,0.0,0.0,0.0,34,31,9.3,,
00-0019423,Jason Brookins,RB,BAL,2001,6,0,0,0.0,0,,13,3,3,0.0,0.0732,0.0,27,34,10.0,,
00-0019423,Jason Brookins,RB,BAL,2001,7,0,0,0.0,0,,19,3,2,5,0.0968,1.0,32,30,17.4,,
00-0019423,Jason Brookins,RB,BAL,2001,8,0,0,0.0,0,,16,1,0,0.0,0.0455,0.0,26,25,4.0,,
00-0019423,Jason Brookins,RB,BAL,2001,9,0,0,0.0,0,,14,0,0,0.0,0.0,0.0,24,22,5.7,,
00-0019423,Jason Brookins,RB,BAL,2001,10,0,0,0.0,0,,21,0,0,0.0,0.0,0.0,27,28,8.9,,
00-0019423,Jason Brookins,RB,BAL,2001,11,0,0,0.0,0,,32,2,1,0.0,0.0308,0.0,61,69,20.1,,
00-0019423,Jason Brookins,RB,BAL,2001,17,0,0,0.0,0,,7,0,0,0.0,0.0,,42,41,1.5,,
00-0019442,Clint Stoerner,QB,DAL,2001,2,0,0,0.0,0,,1,0,0,0.0,0.0,0.0,26,20,-2.0,,
00-0019442,Clint Stoerner,QB,DAL,2001,3,7,4,6.113,0,,0,0,0,0.0,0.0,0.0,30,32,9.8,,
00-0019442,Clint Stoerner,QB,DAL,2001,7,19,9,-9.431,3,,7,0,0,0.0,0.0,0.0,34,28,10.0,,
00-0019442,Clint Stoerner,QB,DAL,2001,8,23,13,-5.007,2,,1,0,0,0.0,0.0,0.0,32,33,3.5,,
00-0019453,Rod Smart,RB,PHI,2001,17,0,0,0.0,0,,2,0,0,0.0,0.0,0.0,25,28,0.6,,
00-0019455,Peter Warrick,WR,CIN,2001,1,0,0,0.0,0,,1,9,7,0.0,0.3333,,33,34,12.1,,
00-0019455,Peter Warrick,WR,CIN,2001,2,0,0,0.0,0,,1,8,3,0.0,0.2667,,23,26,5.4,,
00-0019455,Peter Warrick,WR,CIN,2001,3,0,0,0.0,0,,1,6,4,0.0,0.2143,0.0,26,25,13.4,,
00-0019455,Peter Warrick,WR,CIN,2001,4,0,0,0.0,0,,0,8,4,0.0,0.2353,0.0,21,20,7.9,,
00-0019455,Peter Warrick,WR,CIN,2001,5,0,0,0.0,0,,0,9,4,0.0,0.2368,,42,43,11.3,,
00-0019455,Peter Warrick,WR,CIN,2001,6,0,0,0.0,0,,2,15,8,9,0.3261,1.0,21,20,16.6,,
00-0019455,Peter Warrick,WR,CIN,2001,7,0,0,0.0,0,,0,9,5,11,0.36,0.7333,37,34,10.2,,
00-0019455,Peter Warrick,WR,CIN,2001,9,0,0,0.0,0,,1,9,5,0.0,0.1125,0.0,48,48,11.2,,
00-0019455,Peter Warrick,WR,CIN,2001,10,0,0,0.0,0,,1,10,3,15,0.25,0.3571,21,23,4.5,,
00-0019455,Peter Warrick,WR,CIN,2001,11,0,0,0.0,0,,0,2,1,0.0,0.0606,0.0,24,23,1.2,,
00-0019455,Peter Warrick,WR,CIN,2001,12,0,0,0.0,0,,0,7,5,0.0,0.1944,0.0,24,29,8.3,,
00-0019455,Peter Warrick,WR,CIN,2001,13,0,0,0.0,0,,0,6,2,0.0,0.2,0.0,27,29,3.1,,
00-0019455,Peter Warrick,WR,CIN,2001,14,0,0,0.0,0,,1,7,3,37,0.3043,0.4253,33,30,6.0,,
00-0019455,Peter Warrick,WR,CIN,2001,15,0,0,0.0,0,,0,3,1,0.0,0.0811,0.0,30,31,1.7,,
00-0019455,Peter Warrick,WR,CIN,2001,16,0,0,0.0,0,,0,20,10,0.0,0.303,0.0,29,29,20.9,,
00-0019455,Peter Warrick,WR,CIN,2001,17,0,0,0.0,0,,0,9,5,0.0,0.1915,0.0,27,30,8.3,,
00-0019457,Anthony Becht,TE,NYJ,2001,1,0,0,0.0,0,,0,5,4,0.0,0.1667,,29,29,9.8,,
00-0019457,Anthony Becht,TE,NYJ,2001,2,0,0,0.0,0,,0,2,2,0.0,0.08,,27,27,4.4,,
00-0019457,Anthony Becht,TE,NYJ,2001,3,0,0,0.0,0,,0,7,3,0.0,0.28,,23,22,5.4,,
00-0019457,Anthony Becht,TE,NYJ,2001,4,0,0,0.0,0,,0,4,3,0.0,0.16,,32,31,11.1,,
00-0019457,Anthony Becht,TE,NYJ,2001,5,0,0,0.0,0,,0,5,4,0.0,0.2273,,25,24,7.1,,
00-0019457,Anthony Becht,TE,NYJ,2001,6,0,0,0.0,0,,0,6,5,0.0,0.2308,0.0,24,23,20.5,,
00-0019457,Anthony Becht,TE,NYJ,2001,7,0,0,0.0,0,,0,1,0,0.0,0.0312,0.0,34,35,0.0,,
00-0019457,Anthony Becht,TE,NYJ,2001,8,0,0,0.0,0,,0,2,2,0.0,0.0952,0.0,34,29,5.4,,
00-0019457,Anthony Becht,TE,NYJ,2001,9,0,0,0.0,0,,0,4,2,0.0,0.1429,0.0,37,32,4.2,,
00-0019457,Anthony Becht,TE,NYJ,2001,10,0,0,0.0,0,,0,2,1,0.0,0.0952,,28,26,1.8,,
00-0019457,Anthony Becht,TE,NYJ,2001,12,0,0,0.0,0,,0,4,2,11,0.125,0.5789,28,26,3.6,,
00-0019457,Anthony Becht,TE,NYJ,2001,13,0,0,0.0,0,,0,1,0,0.0,0.037,,19,22,0.0,,
00-0019457,Anthony Becht,TE,NYJ,2001,14,0,0,0.0,0,,0,3,2,0.0,0.1071,,29,28,8.8,,
00-0019457,Anthony Becht,TE,NYJ,2001,15,0,0,0.0,0,,0,4,4,0.0,0.0851,0.0,31,32,12.2,,
00-0019457,Anthony Becht,TE,NYJ,2001,16,0,0,0.0,0,,0,1,1,0.0,0.0286,0.0,23,26,2.4,,
00-0019457,Anthony Becht,TE,NYJ,2001,17,0,0,0.0,0,,0,2,1,0.0,0.069,0.0,22,20,1.4,,
00-0019461,JaJuan Dawson,WR,CLE,2001,1,0,0,0.0,0,,0,8,5,0.0,0.2424,0.0,25,27,9.6,,
00-0019461,JaJuan Dawson,WR,CLE,2001,2,0,0,0.0,0,,0,2,1,0.0,0.1053,0.0,37,35,1.3,,
00-0019461,JaJuan Dawson,WR,CLE,2001,3,0,0,0.0,0,,0,4,3,0.0,0.0563,0.0,55,59,6.3,,
00-0019461,JaJuan Dawson,WR,CLE,2001,4,0,0,0.0,0,,0,3,2,0.0,0.1154,,31,29,5.8,,
00-0019461,JaJuan Dawson,WR,CLE,2001,5,0,0,0.0,0,,0,3,1,0.0,0.1071,,19,20,1.5,,
00-0019461,JaJuan Dawson,WR,CLE,2001,11,0,0,0.0,0,,0,1,1,0.0,0.037,0.0,39,33,1.2,,
00-0019461,JaJuan Dawson,WR,CLE,2001,12,0,0,0.0,0,,0,4,3,0.0,0.1081,0.0,17,14,5.8,,
00-0019461,JaJuan Dawson,WR,CLE,2001,13,0,0,0.0,0,,0,3,2,0.0,0.0811,0.0,19,23,4.6,,
00-0019461,JaJuan Dawson,WR,CLE,2001,14,0,0,0.0,0,,0,3,1,8,0.1,1.0,15,21,5.4,,
00-0019461,JaJuan Dawson,WR,CLE,2001,16,0,0,0.0,0,,0,2,2,0.0,0.0769,0.0,29,32,11.7,,
00-0019461,JaJuan Dawson,WR,CLE,2001,17,0,0,0.0,0,,0,1,1,0.0,0.0385,0.0,19,19,2.9,,
00-0019466,Curtis Keaton,RB,CIN,2001,3,0,0,0.0,0,,3,0,0,0.0,0.0,0.0,26,25,4.4,,
00-0019466,Curtis Keaton,RB,CIN,2001,6,0,0,0.0,0,,1,0,0,0.0,0.0,0.0,21,20,0.3,,
00-0019466,Curtis Keaton,RB,CIN,2001,13,0,0,0.0,0,,1,0,0,0.0,0.0,0.0,27,29,0.1,,
00-0019466,Curtis Keaton,RB,CIN,2001,14,0,0,0.0,0,,0,1,1,0.0,0.0435,0.0,33,30,1.9,,
00-0019468,Gari Scott,WR,PHI,2001,17,0,0,0.0,0,,0,4,2,0.0,0.1481,0.0,25,28,4.6,,
00-0019471,Frank Moreau,RB,JAX,2001,7,0,0,0.0,0,,2,0,0,0.0,0.0,,15,14,0.6,,
00-0019471,Frank Moreau,RB,JAX,2001,8,0,0,0.0,0,,4,0,0,0.0,0.0,0.0,17,18,8.0,,
00-0019471,Frank Moreau,RB,CIN,2001,9,0,0,0.0,0,,2,0,0,0.0,0.0,0.0,48,48,0.1,,
00-0019473,Deon Dyer,RB,MIA,2001,4,0,0,0.0,0,,0,2,0,0.0,0.0952,0.0,44,40,0.0,,
00-0019481,Windrell Hayes,WR,NYJ,2001,7,0,0,0.0,0,,0,2,0,0.0,0.0625,0.0,34,35,0.0,,
00-0019484,Sammy Morris,RB,BUF,2001,1,0,0,0.0,0,,1,4,3,0.0,0.1429,0.0,28,27,3.3,,
00-0019484,Sammy Morris,RB,BUF,2001,2,0,0,0.0,0,,0,1,1,0.0,0.0278,0.0,22,17,2.1,,
00-0019484,Sammy Morris,RB,BUF,2001,4,0,0,0.0,0,,2,0,0,0.0,0.0,0.0,32,22,-1.6,,
00-0019484,Sammy Morris,RB,BUF,2001,7,0,0,0.0,0,,1,0,0,0.0,0.0,0.0,25,13,0.4,,
00-0019484,Sammy Morris,RB,BUF,2001,10,0,0,0.0,0,,2,1,1,0.0,0.025,,22,21,3.4,,
00-0019484,Sammy Morris,RB,BUF,2001,11,0,0,0.0,0,,1,1,1,0.0,0.0312,0.0,26,26,1.5,,
00-0019484,Sammy Morris,RB,BUF,2001,12,0,0,0.0,0,,2,0,0,0.0,0.0,0.0,11,10,0.6,,
00-0019484,Sammy Morris,RB,BUF,2001,13,0,0,0.0,0,,2,1,0,0.0,0.0357,0.0,35,31,0.4,,
00-0019484,Sammy Morris,RB,BUF,2001,14,0,0,0.0,0,,0,1,1,0.0,0.0227,0.0,28,31,1.8,,
00-0019484,Sammy Morris,RB,BUF,2001,15,0,0,0.0,0,,2,0,0,0.0,0.0,,21,21,0.2,,
00-0019484,Sammy Morris,RB,BUF,2001,16,0,0,0.0,0,,5,0,0,0.0,0.0,,40,33,2.8,,
00-0019484,Sammy Morris,RB,BUF,2001,17,0,0,0.0,0,,2,0,0,0.0,0.0,0.0,17,15,0.9,,
00-0019487,Frank Murphy,WR,TB,2001,6,0,0,0.0,0,,0,5,3,0.0,0.125,0.0,19,15,10.7,,
00-0019487,Frank Murphy,WR,TB,2001,7,0,0,0.0,0,,0,1,1,0.0,0.037,,43,12,3.0,,
00-0019487,Frank Murphy,WR,TB,2001,10,0,0,0.0,0,,0,4,1,0.0,0.0714,0.0,15,21,1.9,,
00-0019487,Frank Murphy,WR,TB,2001,12,0,0,0.0,0,,0,2,0,0.0,0.0606,,30,25,0.0,,
00-0019487,Frank Murphy,WR,TB,2001,17,0,0,0.0,0,,0,5,3,0.0,0.1613,0.0,25,30,5.5,,
00-0019491,James Williams,WR,SEA,2001,1,0,0,0.0,0,,0,2,2,0.0,0.0588,0.0,27,22,3.5,,
00-0019491,James Williams,WR,SEA,2001,8,0,0,0.0,0,,0,3,2,0.0,0.1034,0.0,14,17,8.9,,
00-0019491,James Williams,WR,SEA,2001,9,0,0,0.0,0,,0,2,1,0.0,0.087,,42,38,1.3,,
00-0019491,James Williams,WR,SEA,2001,16,0,0,0.0,0,,0,5,4,0.0,0.2174,,25,25,20.1,,
00-0019491,James Williams,WR,SEA,2001,17,0,0,0.0,0,,0,5,3,0.0,0.1282,0.0,33,34,5.4,,
00-0019505,Charles Lee,WR,GB,2001,6,0,0,0.0,0,,0,2,1,0.0,0.0588,0.0,15,19,7.3,,
00-0019505,Charles Lee,WR,GB,2001,8,0,0,0.0,0,,0,2,2,0.0,0.0741,0.0,29,31,4.9,,
00-0019510,Ahmad Merritt,WR,CHI,2001,16,0,0,0.0,0,,0,4,0,0.0,0.1333,,30,27,0.0,,
00-0019510,Ahmad Merritt,WR,CHI,2001,17,0,0,0.0,0,,0,2,2,0.0,0.069,,40,41,4.0,,
00-0019516,Troy Hambrick,RB,DAL,2001,1,0,0,0.0,0,,1,0,0,0.0,0.0,0.0,23,18,1.0,,
00-0019516,Troy Hambrick,RB,DAL,2001,2,0,0,0.0,0,,2,0,0,0.0,0.0,0.0,26,20,0.6,,
00-0019516,Troy Hambrick,RB,DAL,2001,3,0,0,0.0,0,,10,0,0,0.0,0.0,0.0,30,32,8.7,,
00-0019516,Troy Hambrick,RB,DAL,2001,4,0,0,0.0,0,,4,0,0,0.0,0.0,,30,24,2.4,,
00-0019516,Troy Hambrick,RB,DAL,2001,5,0,0,0.0,0,,9,0,0,0.0,0.0,0.0,45,39,6.8,,
00-0019516,Troy Hambrick,RB,DAL,2001,7,0,0,0.0,0,,4,0,0,0.0,0.0,0.0,34,28,1.8,,
00-0019516,Troy Hambrick,RB,DAL,2001,8,0,0,0.0,0,,30,1,1,0.0,0.0323,0.0,32,33,8.8,,
00-0019516,Troy Hambrick,RB,DAL,2001,9,0,0,0.0,0,,20,0,0,0.0,0.0,0.0,33,29,12.7,,
00-0019516,Troy Hambrick,RB,DAL,2001,10,0,0,0.0,0,,3,1,0,0.0,0.0417,0.0,23,22,1.7,,
00-0019516,Troy Hambrick,RB,DAL,2001,11,0,0,0.0,0,,5,1,1,0.0,0.0312,,16,19,17.0,,
00-0019516,Troy Hambrick,RB,DAL,2001,12,0,0,0.0,0,,10,0,0,0.0,0.0,0.0,45,38,4.7,,
00-0019516,Troy Hambrick,RB,DAL,2001,13,0,0,0.0,0,,4,0,0,0.0,0.0,,36,32,1.6,,
00-0019516,Troy Hambrick,RB,DAL,2001,14,0,0,0.0,0,,1,0,0,0.0,0.0,0.0,21,14,0.3,,
00-0019516,Troy Hambrick,RB,DAL,2001,15,0,0,0.0,0,,4,3,0,4,0.1154,0.1818,40,38,2.7,,
00-0019516,Troy Hambrick,RB,DAL,2001,16,0,0,0.0,0,,4,3,1,0.0,0.12,,44,37,4.3,,
00-0019516,Troy Hambrick,RB,DAL,2001,17,0,0,0.0,0,,2,3,1,0.0,0.1154,0.0,27,24,3.0,,
00-0019533,Patrick Pass,RB,NE,2001,1,0,0,0.0,0,,0,1,1,0.0,0.0263,,21,18,2.1,,
00-0019533,Patrick Pass,RB,NE,2001,2,0,0,0.0,0,,0,1,1,0.0,0.027,0.0,26,20,1.4,,
00-0019533,Patrick Pass,RB,NE,2001,5,0,0,0.0,0,,1,2,1,0.0,0.037,,24,23,2.6,,
00-0019533,Patrick Pass,RB,NE,2001,8,0,0,0.0,0,,0,1,0,0.0,0.0323,,34,32,0.0,,
00-0019533,Patrick Pass,RB,NE,2001,11,0,0,0.0,0,,0,1,0,0.0,0.0385,,38,34,0.0,,
00-0019533,Patrick Pass,RB,NE,2001,13,0,0,0.0,0,,0,1,0,0.0,0.037,0.0,33,27,0.0,,
00-0019533,Patrick Pass,RB,NE,2001,14,0,0,0.0,0,,0,1,1,0.0,0.0294,0.0,27,28,2.3,,
00-0019533,Patrick Pass,RB,NE,2001,15,0,0,0.0,0,,0,2,2,0.0,0.1053,,44,40,10.9,,
00-0019534,Rondell Mealey,RB,GB,2001,2,0,0,0.0,0,,4,0,0,0.0,0.0,0.0,40,42,1.9,,
00-0019534,Rondell Mealey,RB,GB,2001,3,0,0,0.0,0,,7,2,2,0.0,0.0526,0.0,31,35,6.9,,
00-0019539,Dante Hall,WR,KC,2001,9,0,0,0.0,0,,1,0,0,0.0,0.0,0.0,26,21,0.6,,
00-0019539,Dante Hall,WR,KC,2001,12,0,0,0.0,0,,1,0,0,0.0,0.0,0.0,20,26,0.4,,
00-0019543,Danny Farmer,WR,CIN,2001,3,0,0,0.0,0,,0,1,0,0.0,0.0357,0.0,26,25,0.0,,
00-0019543,Danny Farmer,WR,CIN,2001,6,0,0,0.0,0,,0,1,0,0.0,0.0217,0.0,21,20,0.0,,
00-0019543,Danny Farmer,WR,CIN,2001,9,0,0,0.0,0,,0,3,3,0.0,0.0375,0.0,48,48,7.5,,
00-0019543,Danny Farmer,WR,CIN,2001,10,0,0,0.0,0,,0,2,2,0.0,0.05,0.0,21,23,6.5,,
00-0019543,Danny Farmer,WR,CIN,2001,11,0,0,0.0,0,,0,4,3,13,0.1212,0.2031,24,23,6.2,,
00-0019543,Danny Farmer,WR,CIN,2001,15,0,0,0.0,0,,0,3,2,0.0,0.0811,0.0,30,31,3.6,,
00-0019543,Danny Farmer,WR,CIN,2001,16,0,0,0.0,0,,0,4,2,0.0,0.0606,0.0,29,29,11.3,,
00-0019543,Danny Farmer,WR,CIN,2001,17,0,0,0.0,0,,0,5,3,0.0,0.1064,0.0,27,30,8.7,,
00-0019547,Avion Black,WR,BUF,2001,2,0,0,0.0,0,,0,2,0,0.0,0.0556,0.0,22,17,0.0,,
00-0019547,Avion Black,WR,BUF,2001,3,0,0,0.0,0,,0,3,2,13,0.1154,1.0,22,19,3.4,,
00-0019547,Avion Black,WR,BUF,2001,6,0,0,0.0,0,,0,1,1,0.0,0.0182,0.0,56,48,3.5,,
00-0019547,Avion Black,WR,BUF,2001,7,0,0,0.0,0,,0,1,1,0.0,0.0278,0.0,25,13,1.5,,
00-0019547,Avion Black,WR,BUF,2001,8,0,0,0.0,0,,0,1,1,0.0,0.0345,,21,16,2.1,,
00-0019547,Avion Black,WR,BUF,2001,9,0,0,0.0,0,,0,1,1,0.0,0.0323,0.0,21,17,1.4,,
00-0019547,Avion Black,WR,BUF,2001,12,0,0,0.0,0,,0,2,1,0.0,0.0556,0.0,11,10,2.6,,
00-0019547,Avion Black,WR,BUF,2001,14,0,0,0.0,0,,0,1,0,0.0,0.0227,0.0,28,31,0.0,,
00-0019547,Avion Black,WR,BUF,2001,17,0,0,0.0,0,,0,2,1,0.0,0.0526,0.0,17,15,2.5,,
00-0019553,Spergon Wynn,QB,MIN,2001,15,39,24,-6.074,4,,1,0,0,0.0,0.0,0.0,14,15,5.8,,
00-0019553,Spergon Wynn,QB,MIN,2001,16,30,11,-14.034,1,,5,0,0,0.0,0.0,0.0,44,34,5.9,,
00-0019553,Spergon Wynn,QB,MIN,2001,17,29,13,-25.867,5,,2,0,0,0.0,0.0,0.0,21,16,-0.9,,
00-0019558,Mondriel Fulcher,TE,LV,2001,1,0,0,0.0,0,,0,1,0,0.0,0.0244,0.0,28,35,0.0,,
00-0019559,Chad Pennington,QB,NYJ,2001,1,6,1,-1.851,0,,0,0,0,0.0,0.0,,29,29,1.0,,
00-0019559,Chad Pennington,QB,NYJ,2001,6,14,9,-0.9,1,,1,0,0,0.0,0.0,0.0,24,23,7.8,,
00-0019564,Aaron Shea,TE,CLE,2001,2,0,0,0.0,0,,0,1,0,0.0,0.0526,0.0,37,35,0.0,,
00-0019564,Aaron Shea,TE,CLE,2001,4,0,0,0.0,0,,0,2,1,0.0,0.0769,,31,29,2.0,,
00-0019564,Aaron Shea,TE,CLE,2001,6,0,0,0.0,0,,0,1,1,0.0,0.0588,,29,28,1.2,,
00-0019564,Aaron Shea,TE,CLE,2001,8,0,0,0.0,0,,0,1,1,0.0,0.0435,-0.0,23,24,1.4,,
00-0019564,Aaron Shea,TE,CLE,2001,9,0,0,0.0,0,,0,1,0,0.0,0.0303,,23,21,0.0,,
00-0019564,Aaron Shea,TE,CLE,2001,10,0,0,0.0,0,,0,2,1,0.0,0.0667,0.0,30,32,1.6,,
00-0019564,Aaron Shea,TE,CLE,2001,11,0,0,0.0,0,,0,4,3,14,0.1481,0.4,39,33,5.1,,
00-0019564,Aaron Shea,TE,CLE,2001,12,0,0,0.0,0,,0,7,6,0.0,0.1892,0.0,17,14,9.2,,
00-0019564,Aaron Shea,TE,CLE,2001,13,0,0,0.0,0,,0,1,1,0.0,0.027,0.0,19,23,2.1,,
00-0019576,Mike Green,RB,TEN,2001,2,0,0,0.0,0,,2,1,1,0.0,0.0159,,52,53,2.8,,
00-0019576,Mike Green,RB,TEN,2001,4,1,0,-2.186,0,,1,1,1,0.0,0.0312,0.0,17,20,0.6,,
00-0019576,Mike Green,RB,TEN,2001,5,0,0,0.0,0,,3,2,2,0.0,0.0769,0.0,41,37,3.6,,
00-0019576,Mike Green,RB,TEN,2001,7,0,0,0.0,0,,5,3,2,0.0,0.1304,0.0,24,22,5.4,,
00-0019576,Mike Green,RB,TEN,2001,10,0,0,0.0,0,,0,1,1,0.0,0.04,0.0,31,29,1.4,,
00-0019576,Mike Green,RB,TEN,2001,14,0,0,0.0,0,,0,2,2,0.0,0.0571,,34,39,8.8,,
00-0019576,Mike Green,RB,TEN,2001,15,0,0,0.0,0,,0,3,3,0.0,0.1111,0.0,33,32,4.5,,
00-0019576,Mike Green,RB,TEN,2001,16,1,0,-3.731,0,,4,0,0,0.0,0.0,0.0,35,32,6.4,,
00-0019594,Mike Anderson,RB,DEN,2001,1,0,0,0.0,0,,6,0,0,0.0,0.0,,36,28,7.0,,
00-0019594,Mike Anderson,RB,DEN,2001,2,0,0,0.0,0,,19,0,0,0.0,0.0,,37,33,5.8,,
00-0019594,Mike Anderson,RB,DEN,2001,3,0,0,0.0,0,,12,0,0,0.0,0.0,0.0,24,19,3.4,,
00-0019594,Mike Anderson,RB,DEN,2001,4,0,0,0.0,0,,22,0,0,0.0,0.0,0.0,39,31,21.5,,
00-0019594,Mike Anderson,RB,DEN,2001,5,0,0,0.0,0,,17,3,2,0.0,0.0833,0.0,20,22,8.0,,
00-0019594,Mike Anderson,RB,DEN,2001,6,0,0,0.0,0,,11,1,1,0.0,0.0256,0.0,21,19,3.3,,
00-0019594,Mike Anderson,RB,DEN,2001,7,0,0,0.0,0,,14,0,0,0.0,0.0,0.0,29,24,10.0,,
00-0019594,Mike Anderson,RB,DEN,2001,8,0,0,0.0,0,,5,1,1,0.0,0.027,0.0,23,25,8.6,,
00-0019594,Mike Anderson,RB,DEN,2001,9,0,0,0.0,0,,4,0,0,0.0,0.0,,42,44,2.3,,
00-0019594,Mike Anderson,RB,DEN,2001,10,0,0,0.0,0,,13,3,1,0.0,0.1,,27,24,5.7,,
00-0019594,Mike Anderson,RB,DEN,2001,11,0,0,0.0,0,,33,3,2,0.0,0.1034,0.0,39,38,21.1,,
00-0019594,Mike Anderson,RB,DEN,2001,12,0,0,0.0,0,,6,0,0,0.0,0.0,-0.0,32,35,2.4,,
00-0019594,Mike Anderson,RB,DEN,2001,13,0,0,0.0,0,,2,0,0,0.0,0.0,0.0,28,27,0.5,,
00-0019594,Mike Anderson,RB,DEN,2001,14,0,0,0.0,0,,1,0,0,0.0,0.0,,34,26,0.8,,
00-0019594,Mike Anderson,RB,DEN,2001,16,0,0,0.0,0,,5,1,1,0.0,0.0385,,25,25,2.0,,
00-0019594,Mike Anderson,RB,DEN,2001,17,0,0,0.0,0,,5,0,0,0.0,0.0,0.0,25,25,2.0,,
00-0019596,Tom Brady,QB,NE,2001,2,10,5,-0.392,0,,1,0,0,0.0,0.0,0.0,26,20,2.7,,
00-0019596,Tom Brady,QB,NE,2001,3,23,13,8.84,1,,1,0,0,0.0,0.0,,39,36,6.9,,
00-0019596,Tom Brady,QB,NE,2001,4,24,12,-10.502,4,,2,0,0,0.0,0.0,,23,21,0.3,,
00-0019596,Tom Brady,QB,NE,2001,5,54,33,9.405,3,,1,0,0,0.0,0.0,,24,23,22.6,,
00-0019596,Tom Brady,QB,NE,2001,6,20,16,14.414,0,,2,0,0,0.0,0.0,,30,23,19.9,,
00-0019596,Tom Brady,QB,NE,2001,7,38,25,-7.276,2,,2,0,0,0.0,0.0,0.0,24,25,8.0,,
00-0019596,Tom Brady,QB,NE,2001,8,31,21,8.958,3,,3,0,0,0.0,0.0,,34,32,22.0,,
00-0019596,Tom Brady,QB,NE,2001,9,21,15,-9.339,7,,4,0,0,0.0,0.0,0.0,31,29,4.2,,
00-0019596,Tom Brady,QB,NE,2001,10,27,19,-5.997,2,,2,0,0,0.0,0.0,0.0,20,21,8.0,,
00-0019596,Tom Brady,QB,NE,2001,11,26,19,14.543,4,,4,0,0,0.0,0.0,,38,34,27.7,,
00-0019596,Tom Brady,QB,NE,2001,12,28,20,4.377,3,,3,0,0,0.0,0.0,,23,21,8.5,,
00-0019596,Tom Brady,QB,NE,2001,13,28,19,-9.208,3,,4,0,0,0.0,0.0,0.0,33,27,4.4,,
00-0019596,Tom Brady,QB,NE,2001,14,35,19,-6.289,5,,3,0,0,0.0,0.0,0.0,27,28,8.8,,
00-0019596,Tom Brady,QB,NE,2001,15,19,11,-0.084,3,,3,1,1,0.0,0.0526,,44,40,11.1,,
00-0019596,Tom Brady,QB,NE,2001,17,29,17,2.6,1,,1,0,0,0.0,0.0,0.0,36,34,8.1,,
00-0019598,Dave Stachelski,TE,NO,2001,1,0,0,0.0,0,,0,1,1,0.0,0.0345,,26,20,1.5,,
00-0019606,Todd Pinkston,WR,PHI,2001,1,0,0,0.0,0,,0,11,7,9,0.234,1.0,18,26,16.9,,
00-0019606,Todd Pinkston,WR,PHI,2001,2,0,0,0.0,0,,0,5,1,0.0,0.1351,,31,33,1.6,,
00-0019606,Todd Pinkston,WR,PHI,2001,3,0,0,0.0,0,,0,3,3,0.0,0.1111,,30,29,16.1,,
00-0019606,Todd Pinkston,WR,PHI,2001,4,0,0,0.0,0,,1,6,4,0.0,0.2143,0.0,30,30,25.5,,
00-0019606,Todd Pinkston,WR,PHI,2001,6,0,0,0.0,0,,0,8,4,35,0.3077,1.0,20,18,7.9,,
00-0019606,Todd Pinkston,WR,PHI,2001,7,0,0,0.0,0,,0,5,0,0.0,0.1852,,16,14,0.0,,
00-0019606,Todd Pinkston,WR,PHI,2001,8,0,0,0.0,0,,0,8,3,64,0.25,1.0,22,19,4.5,,
00-0019606,Todd Pinkston,WR,PHI,2001,9,0,0,0.0,0,,0,6,2,0.0,0.2069,,35,35,4.0,,
00-0019606,Todd Pinkston,WR,PHI,2001,10,0,0,0.0,0,,0,5,2,0.0,0.1667,0.0,35,35,5.0,,
00-0019606,Todd Pinkston,WR,PHI,2001,11,0,0,0.0,0,,0,3,2,0.0,0.1111,,22,27,3.1,,
00-0019606,Todd Pinkston,WR,PHI,2001,12,0,0,0.0,0,,0,3,2,17,0.1154,1.0,36,32,5.7,,
00-0019606,Todd Pinkston,WR,PHI,2001,13,0,0,0.0,0,,0,6,5,34,0.1364,1.0,24,23,6.7,,
00-0019606,Todd Pinkston,WR,PHI,2001,14,0,0,0.0,0,,0,5,2,0.0,0.1562,0.0,23,25,15.7,,
00-0019606,Todd Pinkston,WR,PHI,2001,15,0,0,0.0,0,,0,4,3,0.0,0.1176,0.0,22,29,8.1,,
00-0019606,Todd Pinkston,WR,PHI,2001,16,0,0,0.0,0,,0,6,2,0.0,0.1622,0.0,23,18,4.3,,
00-0019609,Travis Prentice,RB,MIN,2001,5,0,0,0.0,0,,2,0,0,0.0,0.0,0.0,27,21,6.2,,
00-0019609,Travis Prentice,RB,MIN,2001,7,0,0,0.0,0,,1,0,0,0.0,0.0,0.0,18,8,6.1,,
00-0019609,Travis Prentice,RB,MIN,2001,9,0,0,0.0,0,,2,0,0,0.0,0.0,0.0,21,13,0.4,,
00-0019609,Travis Prentice,RB,MIN,2001,10,0,0,0.0,0,,2,0,0,0.0,0.0,0.0,28,14,0.7,,
00-0019609,Travis Prentice,RB,MIN,2001,11,0,0,0.0,0,,1,1,1,0.0,0.0227,-0.0,23,18,2.0,,
00-0019609,Travis Prentice,RB,MIN,2001,12,0,0,0.0,0,,1,0,0,0.0,0.0,0.0,16,18,-0.2,,
00-0019609,Travis Prentice,RB,MIN,2001,13,0,0,0.0,0,,1,0,0,0.0,0.0,0.0,25,23,-0.1,,
00-0019609,Travis Prentice,RB,MIN,2001,14,0,0,0.0,0,,1,0,0,0.0,0.0,0.0,17,17,0.0,,
00-0019609,Travis Prentice,RB,MIN,2001,15,0,0,0.0,0,,1,0,0,0.0,0.0,0.0,14,15,-0.2,,
00-0019609,Travis Prentice,RB,MIN,2001,16,0,0,0.0,0,,2,0,0,0.0,0.0,0.0,44,34,0.4,,
00-0019610,Reuben Droughns,RB,DET,2001,7,0,0,0.0,0,,1,0,0,0.0,0.0,0.0,21,18,0.1,,
00-0019610,Reuben Droughns,RB,DET,2001,8,0,0,0.0,0,,10,1,0,0.0,0.04,,21,14,3.6,,
00-0019610,Reuben Droughns,RB,DET,2001,9,0,0,0.0,0,,13,3,3,0.0,0.0811,0.0,23,21,13.7,,
00-0019610,Reuben Droughns,RB,DET,2001,10,0,0,0.0,0,,6,1,1,0.0,0.0175,0.0,22,27,1.9,,
00-0019614,Michael Wiley,RB,DAL,2001,1,0,0,0.0,0,,1,5,3,0.0,0.2632,0.0,23,18,4.8,,
00-0019614,Michael Wiley,RB,DAL,2001,2,0,0,0.0,0,,1,2,0,0.0,0.0833,0.0,26,20,0.3,,
00-0019614,Michael Wiley,RB,DAL,2001,3,0,0,0.0,0,,2,4,3,0.0,0.1333,0.0,30,32,12.6,,
00-0019614,Michael Wiley,RB,DAL,2001,4,0,0,0.0,0,,0,1,1,0.0,0.0385,,30,24,1.4,,
00-0019614,Michael Wiley,RB,DAL,2001,7,0,0,0.0,0,,1,1,1,0.0,0.0556,0.0,34,28,3.0,,
00-0019614,Michael Wiley,RB,DAL,2001,8,0,0,0.0,0,,1,3,1,9,0.0968,0.1452,32,33,2.4,,
00-0019614,Michael Wiley,RB,DAL,2001,9,0,0,0.0,0,,7,1,1,0.0,0.05,0.0,33,29,9.5,,
00-0019614,Michael Wiley,RB,DAL,2001,10,0,0,0.0,0,,2,1,0,0.0,0.0417,0.0,23,22,1.3,,
00-0019614,Michael Wiley,RB,DAL,2001,11,0,0,0.0,0,,2,0,0,0.0,0.0,,16,19,0.1,,
00-0019614,Michael Wiley,RB,DAL,2001,12,0,0,0.0,0,,3,1,0,0.0,0.0769,0.0,45,38,6.1,,
00-0019614,Michael Wiley,RB,DAL,2001,13,0,0,0.0,0,,4,1,1,0.0,0.04,,36,32,4.2,,
00-0019614,Michael Wiley,RB,DAL,2001,14,0,0,0.0,0,,0,1,1,0.0,0.0303,0.0,21,14,1.8,,
00-0019614,Michael Wiley,RB,DAL,2001,15,0,0,0.0,0,,3,4,3,0.0,0.1538,0.0,40,38,4.9,,
00-0019614,Michael Wiley,RB,DAL,2001,16,0,0,0.0,0,,4,1,1,0.0,0.04,,44,37,3.7,,
00-0019614,Michael Wiley,RB,DAL,2001,17,0,0,0.0,0,,3,1,0,0.0,0.0385,0.0,27,24,0.5,,
00-0019623,Tim Rattay,QB,SF,2001,14,0,0,0.0,0,,2,0,0,0.0,0.0,,50,47,0.0,,
00-0019623,Tim Rattay,QB,SF,2001,17,2,2,2.106,0,,3,0,0,0.0,0.0,,41,40,0.5,,
00-0019633,Tee Martin,QB,PIT,2001,17,0,0,0.0,0,,1,0,0,0.0,0.0,0.0,36,31,0.8,,
00-0019641,Thomas Jones,RB,ARI,2001,2,0,0,0.0,0,,17,1,1,0.0,0.037,0.0,18,18,12.8,,
00-0019641,Thomas Jones,RB,ARI,2001,3,0,0,0.0,0,,5,4,4,0.0,0.1143,0.0,15,22,11.4,,
00-0019641,Thomas Jones,RB,ARI,2001,4,0,0,0.0,0,,5,0,0,0.0,0.0,0.0,28,29,1.3,,
00-0019641,Thomas Jones,RB,ARI,2001,5,0,0,0.0,0,,6,2,2,0.0,0.0541,,25,29,5.1,,
00-0019641,Thomas Jones,RB,ARI,2001,6,0,0,0.0,0,,7,0,0,0.0,0.0,,37,37,8.6,,
00-0019641,Thomas Jones,RB,ARI,2001,7,0,0,0.0,0,,1,5,4,0.0,0.125,0.0,22,23,6.0,,
00-0019641,Thomas Jones,RB,ARI,2001,8,0,0,0.0,0,,6,0,0,0.0,0.0,0.0,24,29,1.4,,
00-0019641,Thomas Jones,RB,ARI,2001,9,0,0,0.0,0,,5,0,0,0.0,0.0,0.0,25,24,1.5,,
00-0019641,Thomas Jones,RB,ARI,2001,10,0,0,0.0,0,,2,0,0,0.0,0.0,0.0,26,29,6.3,,
00-0019641,Thomas Jones,RB,ARI,2001,11,0,0,0.0,0,,5,1,1,0.0,0.0323,0.0,24,26,4.1,,
00-0019641,Thomas Jones,RB,ARI,2001,12,0,0,0.0,0,,10,1,1,0.0,0.0278,,34,33,11.6,,
00-0019641,Thomas Jones,RB,ARI,2001,13,0,0,0.0,0,,2,1,0,0.0,0.0303,-0.0,22,21,0.2,,
00-0019641,Thomas Jones,RB,ARI,2001,14,0,0,0.0,0,,14,4,3,0.0,0.0889,,30,34,7.1,,
00-0019641,Thomas Jones,RB,ARI,2001,15,0,0,0.0,0,,4,3,3,0.0,0.0968,,20,21,6.0,,
00-0019641,Thomas Jones,RB,ARI,2001,16,0,0,0.0,0,,16,1,1,0.0,0.0435,,33,32,8.2,,
00-0019641,Thomas Jones,RB,ARI,2001,17,0,0,0.0,0,,7,1,1,0.0,0.0455,-0.0,17,19,10.5,,
00-0019642,Plaxico Burress,WR,PIT,2001,1,0,0,0.0,0,,0,5,2,0.0,0.082,0.0,57,51,4.4,,
00-0019642,Plaxico Burress,WR,PIT,2001,3,0,0,0.0,0,,0,6,2,0.0,0.2727,,31,29,3.9,,
00-0019642,Plaxico Burress,WR,PIT,2001,4,0,0,0.0,0,,0,8,3,0.0,0.3333,,40,33,6.7,,
00-0019642,Plaxico Burress,WR,PIT,2001,5,0,0,0.0,0,,0,6,3,0.0,0.25,,35,30,6.9,,
00-0019642,Plaxico Burress,WR,PIT,2001,6,0,0,0.0,0,,0,7,3,65,0.4118,1.0,35,27,5.6,,
00-0019642,Plaxico Burress,WR,PIT,2001,7,0,0,0.0,0,,0,8,6,0.0,0.3333,,39,29,21.1,,
00-0019642,Plaxico Burress,WR,PIT,2001,8,0,0,0.0,0,,0,7,4,0.0,0.1944,,35,29,15.6,,
00-0019642,Plaxico Burress,WR,PIT,2001,9,0,0,0.0,0,,0,10,4,0.0,0.3125,,41,38,8.4,,
00-0019642,Plaxico Burress,WR,PIT,2001,10,0,0,0.0,0,,0,1,1,0.0,0.0312,,34,29,2.3,,
00-0019642,Plaxico Burress,WR,PIT,2001,11,0,0,0.0,0,,0,12,8,0.0,0.375,,31,25,25.4,,
00-0019642,Plaxico Burress,WR,PIT,2001,12,0,0,0.0,0,,0,8,6,0.0,0.4211,0.0,46,38,14.6,,
00-0019642,Plaxico Burress,WR,PIT,2001,13,0,0,0.0,0,,0,8,3,0.0,0.2286,,39,29,5.9,,
00-0019642,Plaxico Burress,WR,PIT,2001,14,0,0,0.0,0,,0,12,8,0.0,0.3871,,39,27,30.4,,
00-0019642,Plaxico Burress,WR,PIT,2001,15,0,0,0.0,0,,0,7,4,0.0,0.2692,,43,37,15.6,,
00-0019642,Plaxico Burress,WR,PIT,2001,16,0,0,0.0,0,,0,10,6,25,0.303,0.4098,27,30,28.2,,
00-0019642,Plaxico Burress,WR,PIT,2001,17,0,0,0.0,0,,0,5,3,18,0.2083,0.5,36,31,7.8,,
00-0019643,Ron Dayne,RB,NYG,2001,1,0,0,0.0,0,,6,0,0,0.0,0.0,,19,21,3.0,,
00-0019643,Ron Dayne,RB,NYG,2001,2,0,0,0.0,0,,16,0,0,0.0,0.0,0.0,31,34,10.6,,
00-0019643,Ron Dayne,RB,NYG,2001,3,0,0,0.0,0,,19,1,1,0.0,0.0556,,28,28,18.8,,
00-0019643,Ron Dayne,RB,NYG,2001,4,0,0,0.0,0,,16,0,0,0.0,0.0,0.0,46,47,3.9,,
00-0019643,Ron Dayne,RB,NYG,2001,5,0,0,0.0,0,,20,1,1,0.0,0.0312,0.0,24,28,16.7,,
00-0019643,Ron Dayne,RB,NYG,2001,6,0,0,0.0,0,,16,2,2,0.0,0.0625,,31,38,6.7,,
00-0019643,Ron Dayne,RB,NYG,2001,7,0,0,0.0,0,,8,0,0,0.0,0.0,0.0,19,29,1.9,,
00-0019643,Ron Dayne,RB,NYG,2001,8,0,0,0.0,0,,17,2,2,0.0,0.0588,0.0,26,35,8.2,,
00-0019643,Ron Dayne,RB,NYG,2001,9,0,0,0.0,0,,19,2,1,0.0,0.087,0.0,41,41,12.7,,
00-0019643,Ron Dayne,RB,NYG,2001,10,0,0,0.0,0,,4,1,0,0.0,0.027,0.0,15,16,-0.3,,
00-0019643,Ron Dayne,RB,NYG,2001,11,0,0,0.0,0,,6,0,0,0.0,0.0,,27,34,2.6,,
00-0019643,Ron Dayne,RB,NYG,2001,13,0,0,0.0,0,,4,0,0,0.0,0.0,0.0,24,26,1.0,,
00-0019643,Ron Dayne,RB,NYG,2001,14,0,0,0.0,0,,4,0,0,0.0,0.0,,25,26,0.9,,
00-0019643,Ron Dayne,RB,NYG,2001,15,0,0,0.0,0,,7,0,0,0.0,0.0,,21,29,10.2,,
00-0019643,Ron Dayne,RB,NYG,2001,16,0,0,0.0,0,,8,0,0,0.0,0.0,,26,36,11.9,,
00-0019643,Ron Dayne,RB,NYG,2001,17,0,0,0.0,0,,10,2,1,0.0,0.0351,0.0,21,33,16.9,,
00-0019644,Bubba Franks,TE,GB,2001,1,0,0,0.0,0,,0,5,4,0.0,0.1852,,29,30,14.5,,
00-0019644,Bubba Franks,TE,GB,2001,2,0,0,0.0,0,,0,2,2,0.0,0.0645,0.0,40,42,10.0,,
00-0019644,Bubba Franks,TE,GB,2001,3,0,0,0.0,0,,0,3,3,0.0,0.0789,0.0,31,35,12.4,,
00-0019644,Bubba Franks,TE,GB,2001,4,0,0,0.0,0,,0,4,1,4,0.1176,0.0667,22,26,1.8,,
00-0019644,Bubba Franks,TE,GB,2001,5,0,0,0.0,0,,0,3,2,0.0,0.0882,,24,28,14.4,,
00-0019644,Bubba Franks,TE,GB,2001,6,0,0,0.0,0,,0,2,2,0.0,0.0588,0.0,15,19,8.9,,
00-0019644,Bubba Franks,TE,GB,2001,8,0,0,0.0,0,,0,1,1,0.0,0.037,0.0,29,31,2.7,,
00-0019644,Bubba Franks,TE,GB,2001,9,0,0,0.0,0,,0,3,2,0.0,0.0938,0.0,23,24,3.7,,
00-0019644,Bubba Franks,TE,GB,2001,11,0,0,0.0,0,,0,3,2,0.0,0.1154,,27,31,6.5,,
00-0019644,Bubba Franks,TE,GB,2001,12,0,0,0.0,0,,0,5,3,0.0,0.0581,0.0,44,51,9.8,,
00-0019644,Bubba Franks,TE,GB,2001,13,0,0,0.0,0,,0,2,2,0.0,0.0741,0.0,36,37,4.5,,
00-0019644,Bubba Franks,TE,GB,2001,14,0,0,0.0,0,,0,4,3,0.0,0.1111,-0.0,15,13,2.8,,
00-0019644,Bubba Franks,TE,GB,2001,15,0,0,0.0,0,,0,5,4,0.0,0.1786,,33,35,18.9,,
00-0019644,Bubba Franks,TE,GB,2001,16,0,0,0.0,0,,0,4,4,0.0,0.1379,,20,21,8.0,,
00-0019644,Bubba Franks,TE,GB,2001,17,0,0,0.0,0,,0,2,1,0.0,0.069,,26,26,3.3,,
00-0019647,Shaun Alexander,RB,SEA,2001,1,0,0,0.0,0,,4,1,0,0.0,0.0294,0.0,27,22,0.3,,
00-0019647,Shaun Alexander,RB,SEA,2001,2,0,0,0.0,0,,3,0,0,0.0,0.0,,26,21,0.6,,
00-0019647,Shaun Alexander,RB,SEA,2001,3,0,0,0.0,0,,10,8,7,0.0,0.1739,-0.0,16,23,19.4,,
00-0019647,Shaun Alexander,RB,SEA,2001,4,0,0,0.0,0,,31,4,2,0.0,0.1818,0.0,36,33,33.1,,
00-0019647,Shaun Alexander,RB,SEA,2001,5,0,0,0.0,0,,33,3,2,0.0,0.1765,,40,37,28.6,,
00-0019647,Shaun Alexander,RB,SEA,2001,7,0,0,0.0,0,,23,2,1,0.0,0.0714,,30,25,6.6,,
00-0019647,Shaun Alexander,RB,SEA,2001,8,0,0,0.0,0,,13,5,4,0.0,0.1724,0.0,14,17,20.2,,
00-0019647,Shaun Alexander,RB,SEA,2001,9,0,0,0.0,0,,35,1,1,0.0,0.0435,,42,38,46.3,,
00-0019647,Shaun Alexander,RB,SEA,2001,10,0,0,0.0,0,,25,4,4,0.0,0.1818,,32,30,20.8,,
00-0019647,Shaun Alexander,RB,SEA,2001,11,0,0,0.0,0,,13,8,6,0.0,0.3478,,17,19,22.5,,
00-0019647,Shaun Alexander,RB,SEA,2001,12,0,0,0.0,0,,29,6,4,0.0,0.1714,,36,33,20.1,,
00-0019647,Shaun Alexander,RB,SEA,2001,13,0,0,0.0,0,,12,3,2,0.0,0.0857,0.0,21,22,5.2,,
00-0019647,Shaun Alexander,RB,SEA,2001,14,0,0,0.0,0,,7,0,0,0.0,0.0,,44,40,8.7,,
00-0019647,Shaun Alexander,RB,SEA,2001,15,0,0,0.0,0,,28,5,3,0.0,0.2,0.0,30,31,28.2,,
00-0019647,Shaun Alexander,RB,SEA,2001,16,0,0,0.0,0,,23,2,2,0.0,0.087,,25,25,9.7,,
00-0019647,Shaun Alexander,RB,SEA,2001,17,0,0,0.0,0,,20,7,6,0.0,0.1795,0.0,33,34,27.8,,
00-0019649,Trung Canidate,RB,LA,2001,1,0,0,0.0,0,,1,0,0,0.0,0.0,0.0,23,29,0.1,,
00-0019649,Trung Canidate,RB,LA,2001,2,0,0,0.0,0,,2,0,0,0.0,0.0,0.0,25,28,0.1,,
00-0019649,Trung Canidate,RB,LA,2001,3,0,0,0.0,0,,4,0,0,0.0,0.0,,27,30,7.9,,
00-0019649,Trung Canidate,RB,LA,2001,4,0,0,0.0,0,,2,0,0,0.0,0.0,,21,25,1.6,,
00-0019649,Trung Canidate,RB,LA,2001,5,0,0,0.0,0,,5,3,3,0.0,0.0652,0.0,16,21,10.9,,
00-0019649,Trung Canidate,RB,LA,2001,6,0,0,0.0,0,,23,3,3,0.0,0.1111,,34,27,38.2,,
00-0019649,Trung Canidate,RB,LA,2001,7,0,0,0.0,0,,12,14,10,-4,0.2917,-0.0541,16,22,24.6,,
00-0019649,Trung Canidate,RB,LA,2001,9,0,0,0.0,0,,16,2,1,20,0.0909,0.2597,41,37,21.6,,
00-0019649,Trung Canidate,RB,LA,2001,10,0,0,0.0,0,,1,0,0,0.0,0.0,0.0,28,29,0.1,,
00-0019649,Trung Canidate,RB,LA,2001,11,0,0,0.0,0,,2,0,0,0.0,0.0,0.0,19,16,1.3,,
00-0019649,Trung Canidate,RB,LA,2001,12,0,0,0.0,0,,7,0,0,0.0,0.0,,20,25,1.6,,
00-0019649,Trung Canidate,RB,LA,2001,13,0,0,0.0,0,,0,1,0,14,0.0244,1.0,30,32,0.0,,
00-0019649,Trung Canidate,RB,LA,2001,17,0,0,0.0,0,,3,0,0,0.0,0.0,0.0,29,28,0.5,,
00-0019650,Dennis Northcutt,WR,CLE,2001,4,0,0,0.0,0,,0,2,1,0.0,0.0769,,31,29,2.4,,
00-0019650,Dennis Northcutt,WR,CLE,2001,6,0,0,0.0,0,,0,1,1,0.0,0.0588,,29,28,2.1,,
00-0019650,Dennis Northcutt,WR,CLE,2001,8,0,0,0.0,0,,0,4,2,0.0,0.1739,-0.0,23,24,5.4,,
00-0019650,Dennis Northcutt,WR,CLE,2001,9,0,0,0.0,0,,0,2,0,0.0,0.0606,,23,21,0.0,,
00-0019650,Dennis Northcutt,WR,CLE,2001,10,0,0,0.0,0,,1,5,5,0.0,0.1667,0.0,30,32,10.7,,
00-0019650,Dennis Northcutt,WR,CLE,2001,11,0,0,0.0,0,,1,2,1,0.0,0.0741,0.0,39,33,3.2,,
00-0019650,Dennis Northcutt,WR,CLE,2001,12,0,0,0.0,0,,1,8,6,0.0,0.2162,0.0,17,14,13.0,,
00-0019650,Dennis Northcutt,WR,CLE,2001,13,0,0,0.0,0,,0,11,2,29,0.2973,0.6591,19,23,2.9,,
00-0019659,Erron Kinney,TE,TEN,2001,1,0,0,0.0,0,,0,7,3,7,0.1795,0.1228,25,20,12.5,,
00-0019659,Erron Kinney,TE,TEN,2001,2,0,0,0.0,0,,0,6,4,0.0,0.0952,,52,53,9.3,,
00-0019659,Erron Kinney,TE,TEN,2001,4,0,0,0.0,0,,0,9,7,0.0,0.2812,0.0,17,20,14.5,,
00-0019659,Erron Kinney,TE,TEN,2001,5,0,0,0.0,0,,0,2,1,0.0,0.0769,0.0,41,37,1.1,,
00-0019659,Erron Kinney,TE,TEN,2001,6,0,0,0.0,0,,0,3,2,0.0,0.0857,0.0,33,28,3.4,,
00-0019659,Erron Kinney,TE,TEN,2001,7,0,0,0.0,0,,0,2,1,0.0,0.087,0.0,24,22,1.6,,
00-0019659,Erron Kinney,TE,TEN,2001,11,0,0,0.0,0,,0,1,0,0.0,0.027,0.0,21,18,0.0,,
00-0019659,Erron Kinney,TE,TEN,2001,13,0,0,0.0,0,,0,1,1,0.0,0.0286,,29,28,1.9,,
00-0019659,Erron Kinney,TE,TEN,2001,14,0,0,0.0,0,,0,2,1,0.0,0.0571,,34,39,2.0,,
00-0019659,Erron Kinney,TE,TEN,2001,15,0,0,0.0,0,,0,4,1,0.0,0.1481,0.0,33,32,2.7,,
00-0019659,Erron Kinney,TE,TEN,2001,16,0,0,0.0,0,,0,5,4,0.0,0.2174,0.0,35,32,8.3,,
00-0019660,Dez White,WR,CHI,2001,1,0,0,0.0,0,,0,9,3,24,0.2308,0.6667,28,32,7.4,,
00-0019660,Dez White,WR,CHI,2001,2,0,0,0.0,0,,0,2,1,0.0,0.0526,0.0,19,18,1.7,,
00-0019660,Dez White,WR,CHI,2001,4,0,0,0.0,0,,0,4,1,31,0.1481,1.7222,24,25,1.2,,
00-0019660,Dez White,WR,CHI,2001,5,0,0,0.0,0,,0,2,1,40,0.0952,0.678,32,31,2.8,,
00-0019660,Dez White,WR,CHI,2001,6,0,0,0.0,0,,0,2,1,0.0,0.0667,,32,31,1.5,,
00-0019660,Dez White,WR,CHI,2001,7,0,0,0.0,0,,0,9,7,0.0,0.1957,0.0,30,33,13.8,,
00-0019660,Dez White,WR,CHI,2001,8,0,0,0.0,0,,0,12,7,22,0.24,0.7333,32,43,16.2,,
00-0019660,Dez White,WR,CHI,2001,9,0,0,0.0,0,,0,13,7,0.0,0.2766,,24,30,11.5,,
00-0019660,Dez White,WR,CHI,2001,10,0,0,0.0,0,,0,1,1,0.0,0.04,0.0,29,26,1.7,,
00-0019660,Dez White,WR,CHI,2001,11,0,0,0.0,0,,0,8,4,0.0,0.381,,30,30,7.2,,
00-0019660,Dez White,WR,CHI,2001,12,0,0,0.0,0,,0,4,2,0.0,0.1176,0.0,34,33,4.3,,
00-0019660,Dez White,WR,CHI,2001,13,0,0,0.0,0,,0,6,5,0.0,0.1818,0.0,19,21,9.8,,
00-0019660,Dez White,WR,CHI,2001,14,0,0,0.0,0,,0,7,3,0.0,0.25,0.0,40,37,6.2,,
00-0019660,Dez White,WR,CHI,2001,15,0,0,0.0,0,,0,3,2,0.0,0.12,,32,29,2.5,,
00-0019661,Chris Cole,WR,DEN,2001,9,0,0,0.0,0,,0,2,0,0.0,0.0645,,42,44,0.0,,
00-0019661,Chris Cole,WR,DEN,2001,10,0,0,0.0,0,,0,6,2,0.0,0.2,,27,24,3.7,,
00-0019661,Chris Cole,WR,DEN,2001,12,0,0,0.0,0,,0,6,4,0.0,0.1818,-0.0,32,35,8.3,,
00-0019661,Chris Cole,WR,DEN,2001,13,0,0,0.0,0,,0,2,1,0.0,0.0571,0.0,28,27,2.2,,
00-0019661,Chris Cole,WR,DEN,2001,14,0,0,0.0,0,,0,1,1,0.0,0.0303,,34,26,2.9,,
00-0019661,Chris Cole,WR,DEN,2001,17,0,0,0.0,0,,0,2,1,0.0,0.0625,0.0,25,25,2.7,,
00-0019662,Ron Dixon,WR,NYG,2001,1,0,0,0.0,0,,0,3,1,0.0,0.0909,,19,21,2.9,,
00-0019662,Ron Dixon,WR,NYG,2001,2,0,0,0.0,0,,1,0,0,0.0,0.0,0.0,31,34,0.0,,
00-0019662,Ron Dixon,WR,NYG,2001,7,0,0,0.0,0,,0,2,1,18,0.0385,1.0,19,29,2.7,,
00-0019662,Ron Dixon,WR,NYG,2001,10,0,0,0.0,0,,0,2,1,0.0,0.0541,0.0,15,16,4.2,,
00-0019662,Ron Dixon,WR,NYG,2001,11,0,0,0.0,0,,0,4,1,0.0,0.1111,,27,34,2.0,,
00-0019662,Ron Dixon,WR,NYG,2001,13,0,0,0.0,0,,0,1,0,0.0,0.04,0.0,24,26,0.0,,
00-0019662,Ron Dixon,WR,NYG,2001,14,0,0,0.0,0,,0,1,1,0.0,0.0323,,25,26,9.6,,
00-0019662,Ron Dixon,WR,NYG,2001,15,0,0,0.0,0,,0,1,0,0.0,0.0217,,21,29,0.0,,
00-0019662,Ron Dixon,WR,NYG,2001,17,0,0,0.0,0,,0,5,3,18,0.0877,0.5806,21,33,9.1,,
00-0019663,Darrell Jackson,WR,SEA,2001,1,0,0,0.0,0,,0,8,5,0.0,0.2353,0.0,27,22,6.7,,
00-0019663,Darrell Jackson,WR,SEA,2001,2,0,0,0.0,0,,0,6,2,0.0,0.25,,26,21,2.9,,
00-0019663,Darrell Jackson,WR,SEA,2001,3,0,0,0.0,0,,0,9,5,0.0,0.1957,-0.0,16,23,17.5,,
00-0019663,Darrell Jackson,WR,SEA,2001,4,0,0,0.0,0,,0,5,3,0.0,0.2273,0.0,36,33,7.8,,
00-0019663,Darrell Jackson,WR,SEA,2001,5,0,0,0.0,0,,0,6,4,0.0,0.3529,,40,37,7.8,,
00-0019663,Darrell Jackson,WR,SEA,2001,7,0,0,0.0,0,,0,8,5,0.0,0.2857,,30,25,23.1,,
00-0019663,Darrell Jackson,WR,SEA,2001,8,0,0,0.0,0,,0,8,1,44,0.2759,1.0,14,17,11.6,,
00-0019663,Darrell Jackson,WR,SEA,2001,9,0,0,0.0,0,,0,9,7,0.0,0.3913,,42,38,23.2,,
00-0019663,Darrell Jackson,WR,SEA,2001,10,0,0,0.0,0,,1,8,4,0.0,0.3636,,32,30,8.8,,
00-0019663,Darrell Jackson,WR,SEA,2001,11,0,0,0.0,0,,0,7,5,0.0,0.3043,,17,19,11.1,,
00-0019663,Darrell Jackson,WR,SEA,2001,12,0,0,0.0,0,,0,11,6,0.0,0.3143,,36,33,13.6,,
00-0019663,Darrell Jackson,WR,SEA,2001,13,0,0,0.0,0,,0,12,4,0.0,0.3429,0.0,21,22,20.4,,
00-0019663,Darrell Jackson,WR,SEA,2001,14,0,0,0.0,0,,0,7,4,0.0,0.2692,,44,40,12.5,,
00-0019663,Darrell Jackson,WR,SEA,2001,15,0,0,0.0,0,,0,8,4,28,0.32,1.0,30,31,6.5,,
00-0019663,Darrell Jackson,WR,SEA,2001,16,0,0,0.0,0,,0,9,5,0.0,0.3913,,25,25,28.4,,
00-0019663,Darrell Jackson,WR,SEA,2001,17,0,0,0.0,0,,0,10,6,21,0.2564,0.84,33,34,25.1,,
00-0019670,Trevor Gaylor,WR,LAC,2001,10,0,0,0.0,0,,0,3,1,0.0,0.1154,0.0,29,30,2.2,,
00-0019670,Trevor Gaylor,WR,LAC,2001,11,0,0,0.0,0,,0,4,3,0.0,0.0909,,23,37,7.3,,
00-0019670,Trevor Gaylor,WR,LAC,2001,14,0,0,0.0,0,,0,3,0,0.0,0.0833,0.0,22,24,0.0,,
00-0019670,Trevor Gaylor,WR,LAC,2001,15,0,0,0.0,0,,0,9,5,0.0,0.3462,,29,30,12.8,,
00-0019670,Trevor Gaylor,WR,LAC,2001,16,0,0,0.0,0,,0,15,5,39,0.283,0.6094,16,25,13.4,,
00-0019673,Paul Smith,RB,SF,2001,12,0,0,0.0,0,,4,0,0,0.0,0.0,,43,36,8.7,,
00-0019682,Jarious Jackson,QB,DEN,2001,14,12,7,1.57,1,,5,0,0,0.0,0.0,,34,26,3.6,,
00-0019703,Jerry Porter,WR,LV,2001,2,0,0,0.0,0,,0,1,0,0.0,0.04,,26,32,0.0,,
00-0019703,Jerry Porter,WR,LV,2001,3,0,0,0.0,0,,2,3,2,0.0,0.0938,,25,27,6.9,,
00-0019703,Jerry Porter,WR,LV,2001,4,0,0,0.0,0,,0,1,1,0.0,0.0357,,34,29,1.5,,
00-0019703,Jerry Porter,WR,LV,2001,5,0,0,0.0,0,,0,3,1,0.0,0.0938,,30,28,1.7,,
00-0019703,Jerry Porter,WR,LV,2001,7,0,0,0.0,0,,0,2,2,0.0,0.0769,,47,47,4.3,,
00-0019703,Jerry Porter,WR,LV,2001,8,0,0,0.0,0,,0,3,3,0.0,0.0909,,30,26,5.4,,
00-0019703,Jerry Porter,WR,LV,2001,9,0,0,0.0,0,,0,1,0,0.0,0.0278,,18,22,0.0,,
00-0019703,Jerry Porter,WR,LV,2001,11,0,0,0.0,0,,0,3,0,0.0,0.15,,32,32,0.0,,
00-0019703,Jerry Porter,WR,LV,2001,12,0,0,0.0,0,,0,7,4,0.0,0.1556,0.0,32,32,9.3,,
00-0019703,Jerry Porter,WR,LV,2001,13,0,0,0.0,0,,0,1,1,0.0,0.0417,0.0,26,21,1.7,,
00-0019703,Jerry Porter,WR,LV,2001,14,0,0,0.0,0,,0,2,0,0.0,0.0714,0.0,27,29,0.0,,
00-0019703,Jerry Porter,WR,LV,2001,15,0,0,0.0,0,,0,4,2,0.0,0.087,0.0,21,29,4.5,,
00-0019703,Jerry Porter,WR,LV,2001,16,0,0,0.0,0,,0,4,2,0.0,0.0851,0.0,16,25,4.2,,
00-0019703,Jerry Porter,WR,LV,2001,17,0,0,0.0,0,,0,2,1,0.0,0.0541,,30,37,2.8,,
00-0019708,Ron Dugans,WR,CIN,2001,1,0,0,0.0,0,,0,2,1,0.0,0.0741,,33,34,1.5,,
00-0019708,Ron Dugans,WR,CIN,2001,2,0,0,0.0,0,,0,2,2,0.0,0.0667,,23,26,3.2,,
00-0019708,Ron Dugans,WR,CIN,2001,3,0,0,0.0,0,,0,1,1,0.0,0.0357,0.0,26,25,1.5,,
00-0019708,Ron Dugans,WR,CIN,2001,5,0,0,0.0,0,,0,2,1,0.0,0.0526,,42,43,3.5,,
00-0019708,Ron Dugans,WR,CIN,2001,6,0,0,0.0,0,,0,3,3,0.0,0.0652,0.0,21,20,7.9,,
00-0019708,Ron Dugans,WR,CIN,2001,7,0,0,0.0,0,,0,1,1,0.0,0.04,0.0,37,34,1.6,,
00-0019708,Ron Dugans,WR,CIN,2001,9,0,0,0.0,0,,0,5,4,0.0,0.0625,0.0,48,48,9.1,,
00-0019708,Ron Dugans,WR,CIN,2001,10,0,0,0.0,0,,0,7,5,0.0,0.175,0.0,21,23,16.1,,
00-0019708,Ron Dugans,WR,CIN,2001,11,0,0,0.0,0,,0,7,3,31,0.2121,0.4844,24,23,4.9,,
00-0019708,Ron Dugans,WR,CIN,2001,12,0,0,0.0,0,,0,4,2,20,0.1111,1.0,24,29,3.7,,
00-0019708,Ron Dugans,WR,CIN,2001,13,0,0,0.0,0,,0,1,1,0.0,0.0333,0.0,27,29,1.7,,
00-0019708,Ron Dugans,WR,CIN,2001,14,0,0,0.0,0,,0,3,1,50,0.1304,0.5747,33,30,1.8,,
00-0019708,Ron Dugans,WR,CIN,2001,15,0,0,0.0,0,,0,4,1,0.0,0.1081,0.0,30,31,1.4,,
00-0019708,Ron Dugans,WR,CIN,2001,16,0,0,0.0,0,,0,1,1,0.0,0.0152,0.0,29,29,7.6,,
00-0019708,Ron Dugans,WR,CIN,2001,17,0,0,0.0,0,,0,2,1,0.0,0.0426,0.0,27,30,1.6,,
00-0019712,Doug Chapman,RB,MIN,2001,1,0,0,0.0,0,,3,1,1,0.0,0.027,0.0,26,17,2.2,,
00-0019712,Doug Chapman,RB,MIN,2001,3,0,0,0.0,0,,3,1,1,0.0,0.0227,0.0,24,23,2.3,,
00-0019712,Doug Chapman,RB,MIN,2001,4,0,0,0.0,0,,1,1,1,0.0,0.0303,0.0,11,13,2.8,,
00-0019712,Doug Chapman,RB,MIN,2001,5,0,0,0.0,0,,4,1,1,0.0,0.037,0.0,27,21,3.0,,
00-0019712,Doug Chapman,RB,MIN,2001,6,0,0,0.0,0,,22,2,2,0.0,0.0741,,36,24,11.5,,
00-0019712,Doug Chapman,RB,MIN,2001,7,0,0,0.0,0,,5,2,2,0.0,0.0833,0.0,18,8,4.2,,
00-0019712,Doug Chapman,RB,MIN,2001,9,0,0,0.0,0,,9,3,2,0.0,0.0857,0.0,21,13,8.4,,
00-0019712,Doug Chapman,RB,MIN,2001,11,0,0,0.0,0,,2,1,1,0.0,0.0227,-0.0,23,18,0.9,,
00-0019712,Doug Chapman,RB,MIN,2001,12,0,0,0.0,0,,1,1,1,0.0,0.0312,0.0,16,18,1.5,,
00-0019712,Doug Chapman,RB,MIN,2001,13,0,0,0.0,0,,4,1,1,0.0,0.0333,0.0,25,23,11.7,,
00-0019712,Doug Chapman,RB,MIN,2001,14,0,0,0.0,0,,3,3,3,0.0,0.0833,0.0,17,17,5.6,,
00-0019712,Doug Chapman,RB,MIN,2001,16,0,0,0.0,0,,5,1,0,0.0,0.0333,0.0,44,34,0.9,,
00-0019712,Doug Chapman,RB,MIN,2001,17,0,0,0.0,0,,1,0,0,0.0,0.0,0.0,21,16,0.0,,
00-0019721,Travis Taylor,WR,BAL,2001,2,0,0,0.0,0,,0,7,4,0.0,0.1129,0.0,20,29,8.4,,
00-0019721,Travis Taylor,WR,BAL,2001,3,0,0,0.0,0,,0,8,4,0.0,0.3077,,34,32,19.0,,
00-0019721,Travis Taylor,WR,BAL,2001,4,0,0,0.0,0,,1,10,5,0.0,0.3448,,40,42,14.4,,
00-0019721,Travis Taylor,WR,BAL,2001,5,0,0,0.0,0,,0,5,3,29,0.1613,0.8056,34,31,14.0,,
00-0019721,Travis Taylor,WR,BAL,2001,6,0,0,0.0,0,,0,1,0,0.0,0.0244,0.0,27,34,0.0,,
00-0019721,Travis Taylor,WR,BAL,2001,7,0,0,0.0,0,,0,5,3,0.0,0.1613,0.0,32,30,4.7,,
00-0019721,Travis Taylor,WR,BAL,2001,8,0,0,0.0,0,,0,4,2,0.0,0.1818,0.0,26,25,4.2,,
00-0019721,Travis Taylor,WR,BAL,2001,9,0,0,0.0,0,,1,4,2,0.0,0.1429,0.0,24,22,4.4,,
00-0019721,Travis Taylor,WR,BAL,2001,10,0,0,0.0,0,,0,14,5,24,0.3256,0.8571,27,28,9.8,,
00-0019721,Travis Taylor,WR,BAL,2001,11,0,0,0.0,0,,0,4,3,0.0,0.0615,0.0,61,69,7.8,,
00-0019721,Travis Taylor,WR,BAL,2001,12,0,0,0.0,0,,0,4,1,0.0,0.1026,0.0,31,34,1.9,,
00-0019721,Travis Taylor,WR,BAL,2001,14,0,0,0.0,0,,1,5,1,0.0,0.1351,0.0,13,16,3.4,,
00-0019721,Travis Taylor,WR,BAL,2001,15,0,0,0.0,0,,1,5,4,0.0,0.1724,,35,33,11.5,,
00-0019721,Travis Taylor,WR,BAL,2001,16,0,0,0.0,0,,0,8,4,0.0,0.2162,0.0,27,31,15.1,,
00-0019721,Travis Taylor,WR,BAL,2001,17,0,0,0.0,0,,1,6,1,0.0,0.2222,,42,41,2.0,,
00-0019722,J.R. Redmond,RB,NE,2001,1,0,0,0.0,0,,3,5,3,0.0,0.1316,,21,18,6.6,,
00-0019722,J.R. Redmond,RB,NE,2001,2,0,0,0.0,0,,4,3,2,0.0,0.0811,0.0,26,20,5.6,,
00-0019722,J.R. Redmond,RB,NE,2001,6,0,0,0.0,0,,1,0,0,0.0,0.0,,30,23,0.0,,
00-0019722,J.R. Redmond,RB,NE,2001,7,0,0,0.0,0,,1,1,1,0.0,0.027,0.0,24,25,0.7,,
00-0019722,J.R. Redmond,RB,NE,2001,11,0,0,0.0,0,,4,0,0,0.0,0.0,,38,34,2.0,,
00-0019722,J.R. Redmond,RB,NE,2001,12,0,0,0.0,0,,3,1,0,0.0,0.0357,,23,21,1.7,,
00-0019722,J.R. Redmond,RB,NE,2001,13,0,0,0.0,0,,0,2,1,0.0,0.0741,0.0,33,27,1.8,,
00-0019722,J.R. Redmond,RB,NE,2001,14,0,0,0.0,0,,0,4,3,0.0,0.1176,0.0,27,28,7.5,,
00-0019722,J.R. Redmond,RB,NE,2001,15,0,0,0.0,0,,11,1,0,0.0,0.0526,,44,40,3.5,,
00-0019722,J.R. Redmond,RB,NE,2001,17,0,0,0.0,0,,8,4,3,0.0,0.1379,0.0,36,34,8.7,,
00-0019794,Aveion Cason,RB,DET,2001,13,0,0,0.0,0,,1,0,0,0.0,0.0,,24,19,-0.1,,
00-0019794,Aveion Cason,RB,DET,2001,14,0,0,0.0,0,,1,0,0,0.0,0.0,,35,23,-1.9,,
00-0019794,Aveion Cason,RB,DET,2001,15,0,0,0.0,0,,2,0,0,0.0,0.0,0.0,18,14,0.2,,
00-0019794,Aveion Cason,RB,DET,2001,16,0,0,0.0,0,,2,0,0,0.0,0.0,0.0,14,11,1.0,,
00-0019794,Aveion Cason,RB,DET,2001,17,0,0,0.0,0,,5,4,4,0.0,0.1026,,28,27,9.1,,
00-0019826,R.J. Bowers,RB,PIT,2001,15,0,0,0.0,0,,7,0,0,0.0,0.0,,43,37,1.7,,
00-0019826,R.J. Bowers,RB,PIT,2001,17,0,0,0.0,0,,11,1,1,0.0,0.0417,0.0,36,31,13.7,,
00-0019831,Nick Goings,RB,CAR,2001,1,0,0,0.0,0,,25,1,0,0.0,0.0476,0.0,38,32,8.6,,
00-0019831,Nick Goings,RB,CAR,2001,2,0,0,0.0,0,,15,2,2,0.0,0.05,,21,23,8.6,,
00-0019831,Nick Goings,RB,CAR,2001,3,0,0,0.0,0,,8,1,1,0.0,0.0345,0.0,17,14,2.6,,
00-0019831,Nick Goings,RB,CAR,2001,9,0,0,0.0,0,,9,2,2,0.0,0.08,0.0,19,19,5.1,,
00-0019831,Nick Goings,RB,CAR,2001,12,0,0,0.0,0,,2,1,1,0.0,0.0476,0.0,19,19,1.3,,
00-0019831,Nick Goings,RB,CAR,2001,13,0,0,0.0,0,,2,0,0,0.0,0.0,0.0,27,26,0.0,,
00-0019831,Nick Goings,RB,CAR,2001,16,0,0,0.0,0,,1,1,1,0.0,0.0161,0.0,20,17,1.7,,
00-0019831,Nick Goings,RB,CAR,2001,17,0,0,0.0,0,,4,1,1,0.0,0.0286,0.0,26,28,3.7,,
00-0019862,Wes Ours,RB,TEN,2001,8,0,0,0.0,0,,0,1,1,0.0,0.0294,,33,30,1.3,,
00-0019863,Dominic Rhodes,RB,IND,2001,3,0,0,0.0,0,,4,1,1,0.0,0.0233,0.0,24,28,3.9,,
00-0019863,Dominic Rhodes,RB,IND,2001,6,0,0,0.0,0,,2,0,0,0.0,0.0,,34,36,3.5,,
00-0019863,Dominic Rhodes,RB,IND,2001,7,0,0,0.0,0,,4,0,0,0.0,0.0,,33,33,20.7,,
00-0019863,Dominic Rhodes,RB,IND,2001,8,0,0,0.0,0,,34,6,4,0.0,0.2308,,37,38,24.5,,
00-0019863,Dominic Rhodes,RB,IND,2001,9,0,0,0.0,0,,14,1,0,0.0,0.0303,0.0,25,24,2.2,,
00-0019863,Dominic Rhodes,RB,IND,2001,10,0,0,0.0,0,,18,3,3,0.0,0.1111,0.0,23,21,16.5,,
00-0019863,Dominic Rhodes,RB,IND,2001,11,0,0,0.0,0,,27,9,6,0.0,0.1837,0.0,32,37,30.7,,
00-0019863,Dominic Rhodes,RB,IND,2001,12,0,0,0.0,0,,16,8,6,0.0,0.1778,0.0,17,22,8.7,,
00-0019863,Dominic Rhodes,RB,IND,2001,13,0,0,0.0,0,,17,7,4,-2,0.2333,-0.0571,18,21,13.8,,
00-0019863,Dominic Rhodes,RB,IND,2001,14,0,0,0.0,0,,29,5,3,0.0,0.1429,0.0,33,32,33.8,,
00-0019863,Dominic Rhodes,RB,IND,2001,15,0,0,0.0,0,,17,4,3,0.0,0.1143,,18,21,20.2,,
00-0019863,Dominic Rhodes,RB,IND,2001,16,0,0,0.0,0,,20,6,2,0.0,0.2222,0.0,22,23,17.2,,
00-0019863,Dominic Rhodes,RB,IND,2001,17,0,0,0.0,0,,31,5,2,0.0,0.1667,0.0,35,35,19.1,,
00-0019889,Elvis Joseph,RB,JAX,2001,4,0,0,0.0,0,,12,2,2,0.0,0.0526,,21,24,11.8,,
00-0019889,Elvis Joseph,RB,BUF,2001,6,0,0,0.0,0,,1,1,0,0.0,0.0182,0.0,56,48,0.4,,
00-0019889,Elvis Joseph,RB,JAX,2001,7,0,0,0.0,0,,7,1,1,0.0,0.027,,15,14,3.0,,
00-0019889,Elvis Joseph,RB,JAX,2001,8,0,0,0.0,0,,6,5,4,0.0,0.1667,0.0,17,18,7.9,,
00-0019889,Elvis Joseph,RB,CIN,2001,9,0,0,0.0,0,,6,0,0,0.0,0.0,0.0,48,48,2.5,,
00-0019889,Elvis Joseph,RB,JAX,2001,10,0,0,0.0,0,,3,1,1,0.0,0.0323,,16,13,8.2,,
00-0019889,Elvis Joseph,RB,BAL,2001,11,0,0,0.0,0,,5,0,0,0.0,0.0,0.0,61,69,2.2,,
00-0019889,Elvis Joseph,RB,GB,2001,12,0,0,0.0,0,,4,4,4,0.0,0.0465,0.0,44,51,15.6,,
00-0019889,Elvis Joseph,RB,JAX,2001,13,0,0,0.0,0,,6,3,2,0.0,0.0968,0.0,25,23,5.3,,
00-0019889,Elvis Joseph,RB,JAX,2001,15,0,0,0.0,0,,8,2,2,0.0,0.0833,,37,37,13.7,,
00-0019889,Elvis Joseph,RB,KC,2001,16,0,0,0.0,0,,6,3,1,2,0.0423,0.0714,57,58,6.3,,
00-0019889,Elvis Joseph,RB,JAX,2001,17,0,0,0.0,0,,4,2,1,0.0,0.0556,0.0,16,16,4.8,,
00-0019913,Ryan Prince,TE,JAX,2001,15,0,0,0.0,0,,0,1,0,0.0,0.0417,,37,37,0.0,,
00-0019976,Drew Bennett,WR,TEN,2001,5,0,0,0.0,0,,0,5,3,0.0,0.1923,0.0,41,37,6.9,,
00-0019976,Drew Bennett,WR,TEN,2001,6,0,0,0.0,0,,0,7,1,0.0,0.2,0.0,33,28,8.0,,
00-0019976,Drew Bennett,WR,TEN,2001,7,0,0,0.0,0,,0,2,2,0.0,0.087,0.0,24,22,4.9,,
00-0019976,Drew Bennett,WR,TEN,2001,8,0,0,0.0,0,,0,3,2,0.0,0.0882,,33,30,4.6,,
00-0019976,Drew Bennett,WR,TEN,2001,9,0,0,0.0,0,,0,8,3,0.0,0.1702,0.0,28,25,5.3,,
00-0019976,Drew Bennett,WR,TEN,2001,10,0,0,0.0,0,,0,4,1,0.0,0.16,0.0,31,29,1.5,,
00-0019976,Drew Bennett,WR,TEN,2001,11,0,0,0.0,0,,0,3,2,0.0,0.0811,0.0,21,18,3.3,,
00-0019976,Drew Bennett,WR,TEN,2001,12,0,0,0.0,0,,0,2,2,0.0,0.1053,,39,33,9.7,,
00-0019976,Drew Bennett,WR,TEN,2001,13,0,0,0.0,0,,0,5,4,0.0,0.1429,,29,28,12.7,,
00-0019976,Drew Bennett,WR,TEN,2001,15,0,0,0.0,0,,0,1,1,0.0,0.037,0.0,33,32,1.5,,
00-0019976,Drew Bennett,WR,TEN,2001,16,0,0,0.0,0,,0,3,1,0.0,0.1304,0.0,35,32,2.0,,
00-0019976,Drew Bennett,WR,TEN,2001,17,0,0,0.0,0,,0,3,2,0.0,0.0938,,23,22,4.5,,
00-0020018,Arnold Jackson,WR,ARI,2001,3,0,0,0.0,0,,0,1,0,0.0,0.0286,0.0,15,22,0.0,,
00-0020018,Arnold Jackson,WR,ARI,2001,4,0,0,0.0,0,,0,1,0,0.0,0.0345,0.0,28,29,0.0,,
00-0020018,Arnold Jackson,WR,ARI,2001,10,0,0,0.0,0,,0,1,1,0.0,0.0312,0.0,26,29,1.3,,
00-0020018,Arnold Jackson,WR,ARI,2001,11,0,0,0.0,0,,0,1,1,0.0,0.0323,0.0,24,26,1.8,,
00-0020018,Arnold Jackson,WR,ARI,2001,12,0,0,0.0,0,,0,2,2,0.0,0.0556,,34,33,3.7,,
00-0020018,Arnold Jackson,WR,ARI,2001,14,0,0,0.0,0,,0,1,0,0.0,0.0222,,30,34,0.0,,
00-0020018,Arnold Jackson,WR,ARI,2001,15,0,0,0.0,0,,0,6,4,0.0,0.1935,,20,21,5.4,,
00-0020018,Arnold Jackson,WR,ARI,2001,16,0,0,0.0,0,,0,1,0,0.0,0.0435,,33,32,0.0,,
00-0020018,Arnold Jackson,WR,ARI,2001,17,0,0,0.0,0,,0,1,1,0.0,0.0455,-0.0,17,19,1.2,,
00-0020050,Matt Dominguez,TE,DEN,2001,5,0,0,0.0,0,,0,1,1,0.0,0.0278,0.0,20,22,1.2,,
00-0020050,Matt Dominguez,TE,DEN,2001,7,0,0,0.0,0,,0,1,0,0.0,0.0385,0.0,29,24,0.0,,
00-0020050,Matt Dominguez,TE,DEN,2001,11,0,0,0.0,0,,0,1,1,0.0,0.0345,0.0,39,38,2.2,,
00-0020050,Matt Dominguez,TE,DEN,2001,12,0,0,0.0,0,,0,2,1,0.0,0.0606,-0.0,32,35,2.2,,
00-0020090,Brian Natkin,TE,TEN,2001,9,0,0,0.0,0,,0,2,1,0.0,0.0426,0.0,28,25,3.7,,
00-0020090,Brian Natkin,TE,TEN,2001,10,0,0,0.0,0,,0,1,1,0.0,0.04,0.0,31,29,2.5,,
00-0020094,Stephen Trejo,RB,DET,2001,8,0,0,0.0,0,,0,1,0,0.0,0.04,,21,14,0.0,,
00-0020094,Stephen Trejo,RB,DET,2001,9,0,0,0.0,0,,0,2,0,0.0,0.0541,0.0,23,21,0.0,,
00-0020094,Stephen Trejo,RB,DET,2001,11,0,0,0.0,0,,0,1,1,0.0,0.0263,0.0,25,19,2.5,,
00-0020094,Stephen Trejo,RB,DET,2001,12,0,0,0.0,0,,0,5,3,0.0,0.1351,,23,23,5.6,,
00-0020094,Stephen Trejo,RB,DET,2001,17,0,0,0.0,0,,0,1,1,0.0,0.0256,,28,27,3.0,,
00-0020112,Tony Taylor,RB,DAL,2001,9,0,0,0.0,0,,1,0,0,0.0,0.0,0.0,33,29,0.0,,
00-0020171,Boo Williams,TE,NO,2001,7,0,0,0.0,0,,0,4,1,0.0,0.129,,26,21,1.3,,
00-0020171,Boo Williams,TE,NO,2001,8,0,0,0.0,0,,0,3,2,11,0.1071,0.5238,27,20,3.4,,
00-0020171,Boo Williams,TE,NO,2001,9,0,0,0.0,0,,0,1,0,0.0,0.0286,,32,32,0.0,,
00-0020171,Boo Williams,TE,NO,2001,10,0,0,0.0,0,,0,4,3,0.0,0.1818,,37,38,16.2,,
00-0020171,Boo Williams,TE,NO,2001,11,0,0,0.0,0,,0,7,2,0.0,0.1842,0.0,22,18,6.4,,
00-0020171,Boo Williams,TE,NO,2001,12,0,0,0.0,0,,0,7,4,0.0,0.175,0.0,34,33,10.9,,
00-0020171,Boo Williams,TE,NO,2001,13,0,0,0.0,0,,0,1,1,0.0,0.0345,,21,22,1.9,,
00-0020171,Boo Williams,TE,NO,2001,15,0,0,0.0,0,,0,5,3,0.0,0.1351,0.0,13,15,11.6,,
00-0020171,Boo Williams,TE,NO,2001,16,0,0,0.0,0,,0,5,2,0.0,0.1852,0.0,23,23,3.3,,
00-0020171,Boo Williams,TE,NO,2001,17,0,0,0.0,0,,0,5,2,35,0.1471,0.2991,17,16,3.2,,
00-0020181,Terry Witherspoon,RB,DAL,2001,15,0,0,0.0,0,,0,1,1,0.0,0.0385,0.0,40,38,1.9,,
00-0020187,Marcellus Rivers,TE,NYG,2001,1,0,0,0.0,0,,0,1,1,0.0,0.0303,,19,21,7.1,,
00-0020187,Marcellus Rivers,TE,NYG,2001,3,0,0,0.0,0,,0,1,0,0.0,0.0556,,28,28,0.0,,
00-0020187,Marcellus Rivers,TE,NYG,2001,13,0,0,0.0,0,,0,1,1,0.0,0.04,0.0,24,26,7.2,,
00-0020187,Marcellus Rivers,TE,NYG,2001,16,0,0,0.0,0,,0,1,1,0.0,0.0256,,26,36,1.8,,
00-0020187,Marcellus Rivers,TE,NYG,2001,17,0,0,0.0,0,,0,1,0,13,0.0175,0.4194,21,33,0.0,,
00-0020226,Nate Turner,WR,LAC,2001,16,0,0,0.0,0,,0,1,0,0.0,0.0189,0.0,16,25,0.0,,
00-0020245,Mike Vick,QB,ATL,2001,1,4,0,-3.551,0,,2,0,0,0.0,0.0,,31,27,3.2,,
00-0020245,Mike Vick,QB,ATL,2001,2,2,2,0.268,1,,3,0,0,0.0,0.0,0.0,28,26,9.4,,
00-0020245,Mike Vick,QB,ATL,2001,4,18,12,-8.796,5,,5,0,0,0.0,0.0,0.0,25,19,7.2,,
00-0020245,Mike Vick,QB,ATL,2001,8,9,2,-4.478,3,,2,0,0,0.0,0.0,0.0,19,16,7.2,,
00-0020245,Mike Vick,QB,ATL,2001,9,12,4,-2.494,2,,2,0,0,0.0,0.0,,33,27,3.7,,
00-0020245,Mike Vick,QB,ATL,2001,12,18,7,-5.554,2,,6,0,0,0.0,0.0,0.0,30,21,9.0,,
00-0020245,Mike Vick,QB,ATL,2001,16,20,11,-0.066,3,,5,0,0,0.0,0.0,0.0,37,23,12.9,,
00-0020245,Mike Vick,QB,ATL,2001,17,30,12,-20.282,5,,6,0,0,0.0,0.0,0.0,21,15,5.7,,
00-0020256,Kevin Kasper,WR,DEN,2001,1,0,0,0.0,0,,0,1,0,0.0,0.0345,,36,28,0.0,,
00-0020256,Kevin Kasper,WR,DEN,2001,3,0,0,0.0,0,,0,1,1,0.0,0.0303,0.0,24,19,2.7,,
00-0020256,Kevin Kasper,WR,DEN,2001,11,0,0,0.0,0,,0,1,0,0.0,0.0345,0.0,39,38,0.0,,
00-0020256,Kevin Kasper,WR,DEN,2001,12,0,0,0.0,0,,0,1,0,0.0,0.0303,-0.0,32,35,0.0,,
00-0020256,Kevin Kasper,WR,DEN,2001,13,0,0,0.0,0,,1,3,2,0.0,0.0857,0.0,28,27,6.2,,
00-0020256,Kevin Kasper,WR,DEN,2001,14,0,0,0.0,0,,2,2,2,0.0,0.0606,,34,26,4.2,,
00-0020256,Kevin Kasper,WR,DEN,2001,16,0,0,0.0,0,,0,2,2,0.0,0.0769,,25,25,3.5,,
00-0020256,Kevin Kasper,WR,DEN,2001,17,0,0,0.0,0,,0,1,1,0.0,0.0312,0.0,25,25,1.7,,
00-0020268,Tony Stewart,TE,PHI,2001,12,0,0,0.0,0,,0,2,2,0.0,0.0769,0.0,36,32,9.1,,
00-0020268,Tony Stewart,TE,PHI,2001,13,0,0,0.0,0,,0,1,0,0.0,0.0227,0.0,24,23,0.0,,
00-0020268,Tony Stewart,TE,PHI,2001,17,0,0,0.0,0,,0,5,3,16,0.1852,0.8889,25,28,7.1,,
00-0020270,Correll Buckhalter,RB,PHI,2001,2,0,0,0.0,0,,18,4,4,0.0,0.1081,,31,33,12.2,,
00-0020270,Correll Buckhalter,RB,PHI,2001,3,0,0,0.0,0,,20,2,1,0.0,0.0741,,30,29,15.8,,
00-0020270,Correll Buckhalter,RB,PHI,2001,4,0,0,0.0,0,,21,1,0,0.0,0.0357,0.0,30,30,13.4,,
00-0020270,Correll Buckhalter,RB,PHI,2001,6,0,0,0.0,0,,11,0,0,0.0,0.0,0.0,20,18,3.4,,
00-0020270,Correll Buckhalter,RB,PHI,2001,7,0,0,0.0,0,,7,2,0,0.0,0.0741,,16,14,2.9,,
00-0020270,Correll Buckhalter,RB,PHI,2001,8,0,0,0.0,0,,4,2,1,0.0,0.0625,0.0,22,19,2.3,,
00-0020270,Correll Buckhalter,RB,PHI,2001,9,0,0,0.0,0,,11,0,0,0.0,0.0,,35,35,12.6,,
00-0020270,Correll Buckhalter,RB,PHI,2001,11,0,0,0.0,0,,4,1,1,0.0,0.037,,22,27,1.9,,
00-0020270,Correll Buckhalter,RB,PHI,2001,12,0,0,0.0,0,,2,0,0,0.0,0.0,0.0,36,32,0.6,,
00-0020270,Correll Buckhalter,RB,PHI,2001,13,0,0,0.0,0,,1,0,0,0.0,0.0,0.0,24,23,0.4,,
00-0020270,Correll Buckhalter,RB,PHI,2001,14,0,0,0.0,0,,1,3,1,0.0,0.0938,0.0,23,25,3.0,,
00-0020270,Correll Buckhalter,RB,PHI,2001,15,0,0,0.0,0,,2,0,0,0.0,0.0,0.0,22,29,1.3,,
00-0020270,Correll Buckhalter,RB,PHI,2001,16,0,0,0.0,0,,7,0,0,0.0,0.0,0.0,23,18,3.9,,
00-0020270,Correll Buckhalter,RB,PHI,2001,17,0,0,0.0,0,,20,6,5,0.0,0.2222,0.0,25,28,18.9,,
00-0020272,Snoop Minnis,WR,KC,2001,1,0,0,0.0,0,,0,6,1,0.0,0.1667,0.0,17,9,10.0,,
00-0020272,Snoop Minnis,WR,KC,2001,2,0,0,0.0,0,,0,6,2,0.0,0.1818,0.0,20,11,6.8,,
00-0020272,Snoop Minnis,WR,KC,2001,4,0,0,0.0,0,,0,8,5,35,0.2051,0.4118,17,24,10.6,,
00-0020272,Snoop Minnis,WR,KC,2001,5,0,0,0.0,0,,0,6,1,0.0,0.1875,0.0,24,25,2.4,,
00-0020272,Snoop Minnis,WR,KC,2001,6,0,0,0.0,0,,0,7,4,2,0.1707,0.0909,20,18,9.4,,
00-0020272,Snoop Minnis,WR,KC,2001,7,0,0,0.0,0,,0,5,4,0.0,0.119,0.0,23,18,10.4,,
00-0020272,Snoop Minnis,WR,KC,2001,8,0,0,0.0,0,,0,3,2,0.0,0.1154,0.0,39,31,6.4,,
00-0020272,Snoop Minnis,WR,KC,2001,9,0,0,0.0,0,,0,2,1,0.0,0.0667,0.0,26,21,1.4,,
00-0020272,Snoop Minnis,WR,KC,2001,13,0,0,0.0,0,,0,1,0,0.0,0.0312,0.0,36,34,0.0,,
00-0020272,Snoop Minnis,WR,KC,2001,14,0,0,0.0,0,,0,6,5,0.0,0.3,0.0,33,30,13.9,,
00-0020272,Snoop Minnis,WR,KC,2001,15,0,0,0.0,0,,0,7,6,0.0,0.2593,0.0,32,26,14.0,,
00-0020272,Snoop Minnis,WR,KC,2001,16,0,0,0.0,0,,0,3,1,0.0,0.0423,0.0,57,58,1.7,,
00-0020272,Snoop Minnis,WR,KC,2001,17,0,0,0.0,0,,0,7,1,0.0,0.2188,0.0,28,29,3.1,,
00-0020273,Vinny Sutherland,WR,SF,2001,12,0,0,0.0,0,,1,0,0,0.0,0.0,,43,36,1.6,,
00-0020273,Vinny Sutherland,WR,SF,2001,16,0,0,0.0,0,,0,1,1,0.0,0.0294,,18,21,1.5,,
00-0020285,Alge Crumpler,TE,ATL,2001,1,0,0,0.0,0,,0,1,0,0.0,0.0455,,31,27,0.0,,
00-0020285,Alge Crumpler,TE,ATL,2001,2,0,0,0.0,0,,0,2,2,0.0,0.1333,0.0,28,26,3.3,,
00-0020285,Alge Crumpler,TE,ATL,2001,3,0,0,0.0,0,,0,1,0,0.0,0.037,,34,31,0.0,,
00-0020285,Alge Crumpler,TE,ATL,2001,4,0,0,0.0,0,,0,3,2,0.0,0.1,0.0,25,19,4.6,,
00-0020285,Alge Crumpler,TE,ATL,2001,5,0,0,0.0,0,,0,3,2,0.0,0.0833,0.0,24,22,7.8,,
00-0020285,Alge Crumpler,TE,ATL,2001,6,0,0,0.0,0,,0,5,5,0.0,0.2381,0.0,30,26,18.8,,
00-0020285,Alge Crumpler,TE,ATL,2001,8,0,0,0.0,0,,0,2,2,0.0,0.069,0.0,19,16,4.0,,
00-0020285,Alge Crumpler,TE,ATL,2001,9,0,0,0.0,0,,0,2,1,0.0,0.125,,33,27,7.9,,
00-0020285,Alge Crumpler,TE,ATL,2001,10,0,0,0.0,0,,0,7,2,0.0,0.14,0.0,25,23,3.0,,
00-0020285,Alge Crumpler,TE,ATL,2001,11,0,0,0.0,0,,0,2,2,0.0,0.0741,,33,25,2.9,,
00-0020285,Alge Crumpler,TE,ATL,2001,12,0,0,0.0,0,,0,3,3,0.0,0.0833,0.0,30,21,4.1,,
00-0020285,Alge Crumpler,TE,ATL,2001,14,0,0,0.0,0,,0,3,1,0.0,0.075,,19,14,2.5,,
00-0020285,Alge Crumpler,TE,ATL,2001,15,0,0,0.0,0,,0,2,2,0.0,0.0526,,29,28,13.4,,
00-0020285,Alge Crumpler,TE,ATL,2001,16,0,0,0.0,0,,0,3,0,5,0.0968,0.2273,37,23,0.0,,
00-0020285,Alge Crumpler,TE,ATL,2001,17,0,0,0.0,0,,0,2,1,0.0,0.0667,0.0,21,15,1.7,,
00-0020305,A.J. Feeley,QB,PHI,2001,17,14,10,10.107,0,,0,0,0,0.0,0.0,0.0,25,28,11.7,,
00-0020308,Mike McMahon,QB,DET,2001,8,4,2,-1.586,1,,3,0,0,0.0,0.0,,21,14,1.3,,
00-0020308,Mike McMahon,QB,DET,2001,9,1,0,-0.448,0,,1,0,0,0.0,0.0,0.0,23,21,-1.7,,
00-0020308,Mike McMahon,QB,DET,2001,11,20,9,3.219,2,,3,0,0,0.0,0.0,0.0,25,19,10.8,,
00-0020308,Mike McMahon,QB,DET,2001,12,9,4,-4.676,3,,4,0,0,0.0,0.0,,23,23,2.2,,
00-0020308,Mike McMahon,QB,DET,2001,13,25,11,-1.192,3,,2,0,0,0.0,0.0,,24,19,6.9,,
00-0020308,Mike McMahon,QB,DET,2001,14,28,15,0.648,6,,12,0,0,0.0,0.0,,35,23,23.0,,
00-0020308,Mike McMahon,QB,DET,2001,15,28,12,-15.278,6,,2,0,0,0.0,0.0,0.0,18,14,8.8,,
00-0020320,Reggie Germany,WR,BUF,2001,7,0,0,0.0,0,,0,1,0,0.0,0.0278,0.0,25,13,0.0,,
00-0020320,Reggie Germany,WR,BUF,2001,8,0,0,0.0,0,,0,2,1,0.0,0.069,,21,16,2.8,,
00-0020320,Reggie Germany,WR,BUF,2001,9,0,0,0.0,0,,0,7,4,0.0,0.2258,0.0,21,17,10.9,,
00-0020320,Reggie Germany,WR,BUF,2001,11,0,0,0.0,0,,0,2,2,0.0,0.0625,0.0,26,26,4.0,,
00-0020320,Reggie Germany,WR,BUF,2001,12,0,0,0.0,0,,0,2,1,0.0,0.0556,0.0,11,10,2.4,,
00-0020320,Reggie Germany,WR,BUF,2001,13,0,0,0.0,0,,0,2,1,0.0,0.0714,0.0,35,31,4.9,,
00-0020320,Reggie Germany,WR,BUF,2001,14,0,0,0.0,0,,0,2,1,0.0,0.0455,0.0,28,31,1.3,,
00-0020320,Reggie Germany,WR,BUF,2001,15,0,0,0.0,0,,0,2,2,0.0,0.0667,,21,21,6.0,,
00-0020320,Reggie Germany,WR,BUF,2001,16,0,0,0.0,0,,0,1,0,0.0,0.0385,,40,33,0.0,,
00-0020332,David Martin,TE,GB,2001,1,0,0,0.0,0,,0,1,1,0.0,0.037,,29,30,1.3,,
00-0020332,David Martin,TE,GB,2001,2,0,0,0.0,0,,0,1,1,0.0,0.0323,0.0,40,42,4.1,,
00-0020332,David Martin,TE,GB,2001,4,0,0,0.0,0,,0,3,2,8,0.0882,0.1333,22,26,5.3,,
00-0020332,David Martin,TE,GB,2001,5,0,0,0.0,0,,0,1,1,0.0,0.0294,,24,28,1.9,,
00-0020332,David Martin,TE,GB,2001,6,0,0,0.0,0,,0,1,0,0.0,0.0294,0.0,15,19,0.0,,
00-0020332,David Martin,TE,GB,2001,8,0,0,0.0,0,,0,3,1,0.0,0.1111,0.0,29,31,1.9,,
00-0020332,David Martin,TE,GB,2001,9,0,0,0.0,0,,0,3,3,0.0,0.0938,0.0,23,24,4.8,,
00-0020332,David Martin,TE,GB,2001,11,0,0,0.0,0,,0,2,1,0.0,0.0769,,27,31,7.1,,
00-0020332,David Martin,TE,GB,2001,12,0,0,0.0,0,,0,3,1,0.0,0.0349,0.0,44,51,3.0,,
00-0020332,David Martin,TE,GB,2001,14,0,0,0.0,0,,0,2,2,0.0,0.0556,-0.0,15,13,4.0,,
00-0020337,Steve Smith,WR,CAR,2001,1,0,0,0.0,0,,0,1,1,0.0,0.0476,0.0,38,32,8.6,,
00-0020337,Steve Smith,WR,CAR,2001,3,0,0,0.0,0,,0,1,0,0.0,0.0345,0.0,17,14,0.0,,
00-0020337,Steve Smith,WR,CAR,2001,5,0,0,0.0,0,,0,2,1,0.0,0.0513,0.0,20,20,8.1,,
00-0020337,Steve Smith,WR,CAR,2001,6,0,0,0.0,0,,1,0,0,0.0,0.0,0.0,25,24,-0.8,,
00-0020337,Steve Smith,WR,CAR,2001,8,0,0,0.0,0,,1,1,1,0.0,0.0312,0.0,20,14,4.9,,
00-0020337,Steve Smith,WR,CAR,2001,9,0,0,0.0,0,,1,0,0,0.0,0.0,0.0,19,19,6.2,,
00-0020337,Steve Smith,WR,CAR,2001,10,0,0,0.0,0,,1,1,0,0.0,0.0244,,16,18,3.9,,
00-0020337,Steve Smith,WR,CAR,2001,11,0,0,0.0,0,,0,4,3,31,0.1333,0.775,28,20,5.9,,
00-0020337,Steve Smith,WR,CAR,2001,15,0,0,0.0,0,,0,1,1,0.0,0.0196,,21,19,4.3,,
00-0020337,Steve Smith,WR,CAR,2001,16,0,0,0.0,0,,0,2,0,23,0.0323,1.0,20,17,0.0,,
00-0020337,Steve Smith,WR,CAR,2001,17,0,0,0.0,0,,0,7,3,2,0.2,0.125,26,28,6.6,,
00-0020340,Quentin McCord,WR,ATL,2001,4,0,0,0.0,0,,0,3,3,0.0,0.1,0.0,25,19,8.3,,
00-0020340,Quentin McCord,WR,ATL,2001,15,0,0,0.0,0,,0,1,0,0.0,0.0263,,29,28,0.0,,
00-0020340,Quentin McCord,WR,ATL,2001,17,0,0,0.0,0,,2,0,0,0.0,0.0,0.0,21,15,1.1,,
00-0020342,Brandon Manumaleuna,TE,LA,2001,11,0,0,0.0,0,,0,1,1,0.0,0.0263,0.0,19,16,7.1,,
00-0020343,Jonathan Carter,WR,NYG,2001,16,0,0,0.0,0,,0,1,0,0.0,0.0256,,26,36,0.0,,
00-0020343,Jonathan Carter,WR,NYG,2001,17,0,0,0.0,0,,0,2,0,0.0,0.0351,0.0,21,33,0.0,,
00-0020361,Alex Bannister,WR,SEA,2001,5,0,0,0.0,0,,0,2,1,0.0,0.1176,,40,37,7.4,,
00-0020361,Alex Bannister,WR,SEA,2001,8,0,0,0.0,0,,0,1,1,0.0,0.0345,0.0,14,17,2.3,,
00-0020361,Alex Bannister,WR,SEA,2001,11,0,0,0.0,0,,0,1,0,0.0,0.0435,,17,19,0.0,,
00-0020361,Alex Bannister,WR,SEA,2001,12,0,0,0.0,0,,0,2,1,0.0,0.0571,,36,33,2.7,,
00-0020361,Alex Bannister,WR,SEA,2001,15,0,0,0.0,0,,0,1,1,0.0,0.04,0.0,30,31,2.6,,
00-0020370,Scotty Anderson,WR,DET,2001,7,0,0,0.0,0,,0,3,1,0.0,0.0938,0.0,21,18,2.2,,
00-0020370,Scotty Anderson,WR,DET,2001,9,0,0,0.0,0,,0,1,1,0.0,0.027,0.0,23,21,1.8,,
00-0020370,Scotty Anderson,WR,DET,2001,10,0,0,0.0,0,,0,4,2,0.0,0.0702,0.0,22,27,3.5,,
00-0020370,Scotty Anderson,WR,DET,2001,11,0,0,0.0,0,,0,10,3,0.0,0.2632,0.0,25,19,14.7,,
00-0020370,Scotty Anderson,WR,DET,2001,12,0,0,0.0,0,,0,6,1,0.0,0.1622,,23,23,2.6,,
00-0020370,Scotty Anderson,WR,DET,2001,13,0,0,0.0,0,,0,3,2,0.0,0.125,,24,19,5.1,,
00-0020370,Scotty Anderson,WR,DET,2001,14,0,0,0.0,0,,0,5,1,0.0,0.1786,,35,23,7.9,,
00-0020370,Scotty Anderson,WR,DET,2001,15,0,0,0.0,0,,0,2,1,0.0,0.0741,0.0,18,14,1.3,,
00-0020381,Justin McCareins,WR,TEN,2001,2,0,0,0.0,0,,0,1,1,0.0,0.0159,,52,53,2.8,,
00-0020381,Justin McCareins,WR,TEN,2001,5,0,0,0.0,0,,0,2,2,0.0,0.0769,0.0,41,37,9.0,,
00-0020387,Milton Wynn,WR,TB,2001,17,0,0,0.0,0,,0,6,4,13,0.1935,1.0,25,30,10.9,,
00-0020391,Jameel Cook,RB,TB,2001,1,0,0,0.0,0,,0,1,1,0.0,0.0303,0.0,33,29,1.4,,
00-0020391,Jameel Cook,RB,TB,2001,4,0,0,0.0,0,,0,5,4,0.0,0.1786,,19,7,5.8,,
00-0020391,Jameel Cook,RB,TB,2001,7,0,0,0.0,0,,2,0,0,0.0,0.0,,43,12,0.2,,
00-0020391,Jameel Cook,RB,TB,2001,8,0,0,0.0,0,,0,2,2,0.0,0.0667,,24,10,3.3,,
00-0020391,Jameel Cook,RB,TB,2001,11,0,0,0.0,0,,0,2,1,0.0,0.0588,0.0,31,20,1.0,,
00-0020391,Jameel Cook,RB,TB,2001,12,0,0,0.0,0,,0,1,1,0.0,0.0303,,30,25,1.7,,
00-0020391,Jameel Cook,RB,TB,2001,13,0,0,0.0,0,,0,3,1,0.0,0.0577,0.0,22,16,1.3,,
00-0020391,Jameel Cook,RB,TB,2001,15,0,0,0.0,0,,0,3,2,0.0,0.0968,,39,20,4.3,,
00-0020391,Jameel Cook,RB,TB,2001,16,0,0,0.0,0,,0,1,0,0.0,0.0345,,31,15,0.0,,
00-0020391,Jameel Cook,RB,TB,2001,17,0,0,0.0,0,,0,5,5,0.0,0.1613,0.0,25,30,7.1,,
00-0020397,Chad Johnson,WR,CIN,2001,2,0,0,0.0,0,,0,1,0,0.0,0.0333,,23,26,0.0,,
00-0020397,Chad Johnson,WR,CIN,2001,3,0,0,0.0,0,,0,4,2,20,0.1429,0.4444,26,25,10.8,,
00-0020397,Chad Johnson,WR,CIN,2001,4,0,0,0.0,0,,0,6,5,31,0.1765,1.0,21,20,10.2,,
00-0020397,Chad Johnson,WR,CIN,2001,5,0,0,0.0,0,,0,8,5,0.0,0.2105,,42,43,11.8,,
00-0020397,Chad Johnson,WR,CIN,2001,11,0,0,0.0,0,,0,8,1,20,0.2424,0.3125,24,23,1.7,,
00-0020397,Chad Johnson,WR,CIN,2001,12,0,0,0.0,0,,0,3,2,0.0,0.0833,0.0,24,29,4.7,,
00-0020397,Chad Johnson,WR,CIN,2001,13,0,0,0.0,0,,0,7,4,45,0.2333,1.0,27,29,8.7,,
00-0020397,Chad Johnson,WR,CIN,2001,14,0,0,0.0,0,,0,2,2,0.0,0.087,0.0,33,30,3.3,,
00-0020397,Chad Johnson,WR,CIN,2001,15,0,0,0.0,0,,0,7,3,17,0.1892,0.68,30,31,5.8,,
00-0020397,Chad Johnson,WR,CIN,2001,16,0,0,0.0,0,,0,7,2,0.0,0.1061,0.0,29,29,4.5,,
00-0020397,Chad Johnson,WR,CIN,2001,17,0,0,0.0,0,,0,7,2,14,0.1489,1.1667,27,30,5.4,,
00-0020403,Anthony Thomas,RB,CHI,2001,1,0,0,0.0,0,,3,0,0,0.0,0.0,0.0,28,32,0.9,,
00-0020403,Anthony Thomas,RB,CHI,2001,2,0,0,0.0,0,,0,1,1,0.0,0.0263,0.0,19,18,1.8,,
00-0020403,Anthony Thomas,RB,CHI,2001,4,0,0,0.0,0,,11,1,0,0.0,0.037,0.0,24,25,11.7,,
00-0020403,Anthony Thomas,RB,CHI,2001,5,0,0,0.0,0,,11,0,0,0.0,0.0,0.0,32,31,5.8,,
00-0020403,Anthony Thomas,RB,CHI,2001,6,0,0,0.0,0,,22,0,0,0.0,0.0,,32,31,24.8,,
00-0020403,Anthony Thomas,RB,CHI,2001,7,0,0,0.0,0,,27,3,2,0.0,0.0652,0.0,30,33,23.6,,
00-0020403,Anthony Thomas,RB,CHI,2001,8,0,0,0.0,0,,31,10,6,0.0,0.2,0.0,32,43,28.7,,
00-0020403,Anthony Thomas,RB,CHI,2001,9,0,0,0.0,0,,22,5,5,0.0,0.1064,,24,30,14.0,,
00-0020403,Anthony Thomas,RB,CHI,2001,10,0,0,0.0,0,,23,2,1,0.0,0.08,0.0,29,26,7.8,,
00-0020403,Anthony Thomas,RB,CHI,2001,13,0,0,0.0,0,,15,5,4,0.0,0.1515,0.0,19,21,17.4,,
00-0020403,Anthony Thomas,RB,CHI,2001,14,0,0,0.0,0,,31,1,1,0.0,0.0357,0.0,40,37,24.8,,
00-0020403,Anthony Thomas,RB,CHI,2001,15,0,0,0.0,0,,24,1,1,0.0,0.04,,32,29,9.1,,
00-0020403,Anthony Thomas,RB,CHI,2001,16,0,0,0.0,0,,25,0,0,0.0,0.0,,30,27,7.6,,
00-0020403,Anthony Thomas,RB,CHI,2001,17,0,0,0.0,0,,33,1,1,0.0,0.0345,,40,41,24.1,,
00-0020404,Quincy Carter,QB,DAL,2001,1,19,9,-12.075,2,,4,0,0,0.0,0.0,0.0,23,18,-3.0,,
00-0020404,Quincy Carter,QB,DAL,2001,4,5,1,-3.737,0,,3,0,0,0.0,0.0,,30,24,2.3,,
00-0020404,Quincy Carter,QB,DAL,2001,12,14,7,4.463,2,,7,0,0,0.0,0.0,0.0,45,38,7.7,,
00-0020404,Quincy Carter,QB,DAL,2001,13,26,17,2.197,2,,6,0,0,0.0,0.0,,36,32,12.9,,
00-0020404,Quincy Carter,QB,DAL,2001,14,33,14,-20.064,4,,6,0,0,0.0,0.0,0.0,21,14,7.4,,
00-0020404,Quincy Carter,QB,DAL,2001,15,28,16,-6.09,1,,5,0,0,0.0,0.0,0.0,40,38,6.2,,
00-0020404,Quincy Carter,QB,DAL,2001,16,25,15,15.539,1,,10,0,0,0.0,0.0,,44,37,26.6,,
00-0020404,Quincy Carter,QB,DAL,2001,17,26,11,-0.933,0,,4,0,0,0.0,0.0,0.0,27,24,5.8,,
00-0020405,Marques Tuiasosopo,QB,LV,2001,3,4,3,1.304,0,,1,0,0,0.0,0.0,,25,27,1.5,,
00-0020415,Andre King,WR,CLE,2001,14,0,0,0.0,0,,0,5,4,0.0,0.1667,0.0,15,21,7.5,,
00-0020415,Andre King,WR,CLE,2001,15,0,0,0.0,0,,0,4,3,0.0,0.1212,0.0,26,30,5.3,,
00-0020415,Andre King,WR,CLE,2001,16,0,0,0.0,0,,0,5,3,0.0,0.1923,0.0,29,32,9.1,,
00-0020415,Andre King,WR,CLE,2001,17,0,0,0.0,0,,0,3,1,0.0,0.1154,0.0,19,19,2.0,,
00-0020417,Benjamin Gay,RB,CLE,2001,10,0,0,0.0,0,,18,2,1,0.0,0.0667,0.0,30,32,13.3,,
00-0020417,Benjamin Gay,RB,CLE,2001,11,0,0,0.0,0,,10,0,0,0.0,0.0,0.0,39,33,-0.4,,
00-0020417,Benjamin Gay,RB,CLE,2001,12,0,0,0.0,0,,8,0,0,0.0,0.0,0.0,17,14,1.7,,
00-0020417,Benjamin Gay,RB,CLE,2001,14,0,0,0.0,0,,2,2,2,0.0,0.0667,0.0,15,21,2.3,,
00-0020417,Benjamin Gay,RB,CLE,2001,16,0,0,0.0,0,,7,3,1,11,0.1154,1.0,29,32,5.8,,
00-0020417,Benjamin Gay,RB,CLE,2001,17,0,0,0.0,0,,6,0,0,0.0,0.0,0.0,19,19,1.6,,
00-0020425,Ken-Yon Rambo,WR,DAL,2001,3,0,0,0.0,0,,0,1,0,0.0,0.0333,0.0,30,32,0.0,,
00-0020425,Ken-Yon Rambo,WR,DAL,2001,4,0,0,0.0,0,,0,1,1,0.0,0.0385,,30,24,1.8,,
00-0020425,Ken-Yon Rambo,WR,DAL,2001,11,0,0,0.0,0,,0,1,0,0.0,0.0312,,16,19,0.0,,
00-0020425,Ken-Yon Rambo,WR,DAL,2001,13,0,0,0.0,0,,0,2,1,0.0,0.08,,36,32,2.4,,
00-0020425,Ken-Yon Rambo,WR,DAL,2001,16,0,0,0.0,0,,0,1,1,0.0,0.04,,44,37,1.6,,
00-0020427,Quincy Morgan,WR,CLE,2001,1,0,0,0.0,0,,0,8,3,0.0,0.2424,0.0,25,27,7.6,,
00-0020427,Quincy Morgan,WR,CLE,2001,2,0,0,0.0,0,,0,3,2,11,0.1579,0.6471,37,35,11.8,,
00-0020427,Quincy Morgan,WR,CLE,2001,3,0,0,0.0,0,,0,4,2,0.0,0.0563,0.0,55,59,5.2,,
00-0020427,Quincy Morgan,WR,CLE,2001,4,0,0,0.0,0,,1,5,2,0.0,0.1923,,31,29,5.0,,
00-0020427,Quincy Morgan,WR,CLE,2001,5,0,0,0.0,0,,0,8,1,0.0,0.2857,,19,20,1.6,,
00-0020427,Quincy Morgan,WR,CLE,2001,6,0,0,0.0,0,,0,1,1,0.0,0.0588,,29,28,10.6,,
00-0020427,Quincy Morgan,WR,CLE,2001,8,0,0,0.0,0,,0,2,1,0.0,0.087,-0.0,23,24,3.8,,
00-0020427,Quincy Morgan,WR,CLE,2001,9,0,0,0.0,0,,0,4,3,0.0,0.1212,,23,21,5.8,,
00-0020427,Quincy Morgan,WR,CLE,2001,10,0,0,0.0,0,,0,6,2,14,0.2,0.6087,30,32,3.5,,
00-0020427,Quincy Morgan,WR,CLE,2001,11,0,0,0.0,0,,0,7,5,0.0,0.2593,0.0,39,33,9.0,,
00-0020427,Quincy Morgan,WR,CLE,2001,12,0,0,0.0,0,,0,7,3,9,0.1892,1.0,17,14,7.3,,
00-0020427,Quincy Morgan,WR,CLE,2001,13,0,0,0.0,0,,0,1,0,0.0,0.027,0.0,19,23,0.0,,
00-0020427,Quincy Morgan,WR,CLE,2001,14,0,0,0.0,0,,0,4,2,0.0,0.1333,0.0,15,21,2.2,,
00-0020427,Quincy Morgan,WR,CLE,2001,15,0,0,0.0,0,,0,5,2,0.0,0.1515,0.0,26,30,3.4,,
00-0020427,Quincy Morgan,WR,CLE,2001,16,0,0,0.0,0,,0,2,1,0.0,0.0769,0.0,29,32,8.8,,
00-0020427,Quincy Morgan,WR,CLE,2001,17,0,0,0.0,0,,1,5,0,26,0.1923,0.6842,19,19,2.3,,
00-0020430,James Jackson,RB,CLE,2001,1,0,0,0.0,0,,14,0,0,0.0,0.0,0.0,25,27,3.7,,
00-0020430,James Jackson,RB,CLE,2001,2,0,0,0.0,0,,31,1,0,0.0,0.0526,0.0,37,35,12.4,,
00-0020430,James Jackson,RB,CLE,2001,3,0,0,0.0,0,,10,1,1,0.0,0.0141,0.0,55,59,4.4,,
00-0020430,James Jackson,RB,CLE,2001,4,0,0,0.0,0,,26,1,0,0.0,0.0385,,31,29,10.8,,
00-0020430,James Jackson,RB,CLE,2001,5,0,0,0.0,0,,14,0,0,0.0,0.0,,19,20,2.2,,
00-0020430,James Jackson,RB,CLE,2001,6,0,0,0.0,0,,24,3,2,0.0,0.1765,,29,28,17.0,,
00-0020430,James Jackson,RB,CLE,2001,8,0,0,0.0,0,,22,1,1,0.0,0.0435,-0.0,23,24,8.8,,
00-0020430,James Jackson,RB,CLE,2001,9,0,0,0.0,0,,18,0,0,0.0,0.0,,23,21,5.7,,
00-0020430,James Jackson,RB,CLE,2001,11,0,0,0.0,0,,18,0,0,0.0,0.0,0.0,39,33,4.0,,
00-0020430,James Jackson,RB,CLE,2001,13,0,0,0.0,0,,16,2,2,0.0,0.0541,0.0,19,23,6.9,,
00-0020430,James Jackson,RB,CLE,2001,14,0,0,0.0,0,,2,1,1,0.0,0.0333,0.0,15,21,2.1,,
00-0020434,Chris Weinke,QB,CAR,2001,1,22,13,6.607,2,,6,0,0,0.0,0.0,0.0,38,32,16.6,,
00-0020434,Chris Weinke,QB,CAR,2001,2,41,27,10.871,2,,1,0,0,0.0,0.0,,21,23,17.5,,
00-0020434,Chris Weinke,QB,CAR,2001,3,30,18,-1.906,2,,3,0,0,0.0,0.0,0.0,17,14,8.9,,
00-0020434,Chris Weinke,QB,CAR,2001,4,47,29,-2.389,1,,0,0,0,0.0,0.0,0.0,16,16,9.0,,
00-0020434,Chris Weinke,QB,CAR,2001,5,39,21,-11.117,1,,3,0,0,0.0,0.0,0.0,20,20,10.0,,
00-0020434,Chris Weinke,QB,CAR,2001,6,35,24,-13.673,1,,1,0,0,0.0,0.0,0.0,25,24,4.9,,
00-0020434,Chris Weinke,QB,CAR,2001,7,34,12,-18.008,1,,2,0,0,0.0,0.0,0.0,21,16,1.7,,
00-0020434,Chris Weinke,QB,CAR,2001,8,21,9,-6.864,1,,1,0,0,0.0,0.0,0.0,20,14,5.9,,
00-0020434,Chris Weinke,QB,CAR,2001,10,41,22,-3.088,0,,1,0,0,0.0,0.0,,16,18,15.0,,
00-0020434,Chris Weinke,QB,CAR,2001,11,31,17,-5.696,4,,7,0,0,0.0,0.0,0.0,28,20,12.6,,
00-0020434,Chris Weinke,QB,CAR,2001,12,19,11,-6.928,8,,2,0,0,0.0,0.0,0.0,19,19,19.1,,
00-0020434,Chris Weinke,QB,CAR,2001,13,30,15,-4.845,0,,3,0,0,0.0,0.0,0.0,27,26,15.2,,
00-0020434,Chris Weinke,QB,CAR,2001,15,51,24,0.421,1,,1,0,0,0.0,0.0,,21,19,18.8,,
00-0020434,Chris Weinke,QB,CAR,2001,16,63,36,-9.295,0,,5,0,0,0.0,0.0,0.0,20,17,12.8,,
00-0020434,Chris Weinke,QB,CAR,2001,17,36,15,-32.741,2,,1,0,0,0.0,0.0,0.0,26,28,-2.2,,
00-0020438,T.J. Houshmandzadeh,WR,CIN,2001,6,0,0,0.0,0,,0,2,0,0.0,0.0435,0.0,21,20,0.0,,
00-0020438,T.J. Houshmandzadeh,WR,CIN,2001,9,0,0,0.0,0,,0,12,6,6,0.15,1.0,48,48,12.2,,
00-0020438,T.J. Houshmandzadeh,WR,CIN,2001,10,0,0,0.0,0,,0,4,0,0.0,0.1,0.0,21,23,0.0,,
00-0020438,T.J. Houshmandzadeh,WR,CIN,2001,11,0,0,0.0,0,,0,1,0,0.0,0.0303,0.0,24,23,0.0,,
00-0020438,T.J. Houshmandzadeh,WR,CIN,2001,14,0,0,0.0,0,,0,1,1,0.0,0.0435,0.0,33,30,1.5,,
00-0020438,T.J. Houshmandzadeh,WR,CIN,2001,15,0,0,0.0,0,,0,7,5,0.0,0.1892,0.0,30,31,11.3,,
00-0020438,T.J. Houshmandzadeh,WR,CIN,2001,16,0,0,0.0,0,,0,15,9,0.0,0.2273,0.0,29,29,18.8,,
00-0020446,Chris Chambers,WR,MIA,2001,1,0,0,0.0,0,,0,4,2,0.0,0.2,,33,30,7.2,,
00-0020446,Chris Chambers,WR,MIA,2001,2,0,0,0.0,0,,0,4,2,7,0.1212,0.2414,34,28,5.6,,
00-0020446,Chris Chambers,WR,MIA,2001,3,0,0,0.0,0,,0,5,4,40,0.1852,1.0,25,27,9.9,,
00-0020446,Chris Chambers,WR,MIA,2001,4,0,0,0.0,0,,0,1,0,0.0,0.0476,0.0,44,40,0.0,,
00-0020446,Chris Chambers,WR,MIA,2001,5,0,0,0.0,0,,0,5,3,35,0.1471,0.8537,29,33,8.3,,
00-0020446,Chris Chambers,WR,MIA,2001,7,0,0,0.0,0,,1,5,3,56,0.2381,1.0,34,24,9.5,,
00-0020446,Chris Chambers,WR,MIA,2001,8,0,0,0.0,0,,0,7,4,0.0,0.2121,0.0,29,24,9.4,,
00-0020446,Chris Chambers,WR,MIA,2001,9,0,0,0.0,0,,0,7,3,0.0,0.2333,0.0,28,27,26.3,,
00-0020446,Chris Chambers,WR,MIA,2001,10,0,0,0.0,0,,0,5,2,30,0.1389,1.25,30,32,4.5,,
00-0020446,Chris Chambers,WR,MIA,2001,11,0,0,0.0,0,,0,10,5,0.0,0.3226,,30,27,27.1,,
00-0020446,Chris Chambers,WR,MIA,2001,12,0,0,0.0,0,,0,5,3,0.0,0.1786,,22,23,12.5,,
00-0020446,Chris Chambers,WR,MIA,2001,13,0,0,0.0,0,,0,4,3,0.0,0.1538,,38,36,18.6,,
00-0020446,Chris Chambers,WR,MIA,2001,14,0,0,0.0,0,,0,7,2,35,0.2593,0.4118,15,16,4.7,,
00-0020446,Chris Chambers,WR,MIA,2001,15,0,0,0.0,0,,0,11,7,0.0,0.2973,,19,17,19.4,,
00-0020446,Chris Chambers,WR,MIA,2001,16,0,0,0.0,0,,0,5,2,0.0,0.1724,0.0,20,23,6.4,,
00-0020446,Chris Chambers,WR,MIA,2001,17,0,0,0.0,0,,0,5,3,0.0,0.3125,,43,33,7.8,,
00-0020448,Travis Minor,RB,MIA,2001,2,0,0,0.0,0,,1,1,1,0.0,0.0303,0.0,34,28,1.9,,
00-0020448,Travis Minor,RB,MIA,2001,3,0,0,0.0,0,,0,1,1,0.0,0.037,0.0,25,27,1.5,,
00-0020448,Travis Minor,RB,MIA,2001,4,0,0,0.0,0,,7,1,1,0.0,0.0476,0.0,44,40,3.4,,
00-0020448,Travis Minor,RB,MIA,2001,5,0,0,0.0,0,,1,3,2,0.0,0.0882,0.0,29,33,14.4,,
00-0020448,Travis Minor,RB,MIA,2001,7,0,0,0.0,0,,2,0,0,0.0,0.0,0.0,34,24,1.1,,
00-0020448,Travis Minor,RB,MIA,2001,8,0,0,0.0,0,,4,4,2,1,0.1212,1.0,29,24,5.3,,
00-0020448,Travis Minor,RB,MIA,2001,9,0,0,0.0,0,,7,2,2,0.0,0.0667,0.0,28,27,16.9,,
00-0020448,Travis Minor,RB,MIA,2001,10,0,0,0.0,0,,6,6,5,0.0,0.1667,0.0,30,32,8.2,,
00-0020448,Travis Minor,RB,MIA,2001,11,0,0,0.0,0,,8,2,1,0.0,0.0645,,30,27,6.6,,
00-0020448,Travis Minor,RB,MIA,2001,12,0,0,0.0,0,,2,1,1,0.0,0.0357,,22,23,1.5,,
00-0020448,Travis Minor,RB,MIA,2001,13,0,0,0.0,0,,4,2,2,0.0,0.0769,,38,36,8.9,,
00-0020448,Travis Minor,RB,MIA,2001,14,0,0,0.0,0,,2,4,4,0.0,0.1481,0.0,15,16,7.9,,
00-0020448,Travis Minor,RB,MIA,2001,15,0,0,0.0,0,,3,0,0,0.0,0.0,,19,17,0.7,,
00-0020448,Travis Minor,RB,MIA,2001,16,0,0,0.0,0,,9,10,7,0.0,0.3448,0.0,20,23,22.8,,
00-0020448,Travis Minor,RB,MIA,2001,17,0,0,0.0,0,,3,0,0,0.0,0.0,,43,33,0.3,,
00-0020455,Eric Johnson,TE,SF,2001,1,0,0,0.0,0,,0,5,4,0.0,0.1282,0.0,28,25,7.4,,
00-0020455,Eric Johnson,TE,SF,2001,2,0,0,0.0,0,,0,6,3,0.0,0.1765,0.0,25,23,4.4,,
00-0020455,Eric Johnson,TE,SF,2001,3,0,0,0.0,0,,0,2,2,0.0,0.1,,43,37,2.0,,
00-0020455,Eric Johnson,TE,SF,2001,4,0,0,0.0,0,,0,1,0,0.0,0.0323,0.0,35,36,0.0,,
00-0020455,Eric Johnson,TE,SF,2001,5,0,0,0.0,0,,0,6,3,0.0,0.15,,35,26,4.1,,
00-0020455,Eric Johnson,TE,SF,2001,7,0,0,0.0,0,,0,2,2,0.0,0.069,0.0,28,25,4.4,,
00-0020455,Eric Johnson,TE,SF,2001,8,0,0,0.0,0,,0,6,4,0.0,0.1818,0.0,35,33,13.5,,
00-0020455,Eric Johnson,TE,SF,2001,9,0,0,0.0,0,,0,4,3,0.0,0.1176,,26,27,12.5,,
00-0020455,Eric Johnson,TE,SF,2001,10,0,0,0.0,0,,0,4,3,0.0,0.0741,0.0,26,33,8.4,,
00-0020455,Eric Johnson,TE,SF,2001,11,0,0,0.0,0,,0,4,3,14,0.1818,1.0,23,21,5.7,,
00-0020455,Eric Johnson,TE,SF,2001,12,0,0,0.0,0,,0,2,1,0.0,0.0769,,43,36,0.7,,
00-0020455,Eric Johnson,TE,SF,2001,13,0,0,0.0,0,,0,8,4,0.0,0.2222,0.0,23,21,7.8,,
00-0020455,Eric Johnson,TE,SF,2001,14,0,0,0.0,0,,0,3,1,0.0,0.15,,50,47,8.2,,
00-0020455,Eric Johnson,TE,SF,2001,15,0,0,0.0,0,,0,2,2,0.0,0.087,,30,27,4.4,,
00-0020455,Eric Johnson,TE,SF,2001,16,0,0,0.0,0,,0,6,4,0.0,0.1765,,18,21,7.3,,
00-0020455,Eric Johnson,TE,SF,2001,17,0,0,0.0,0,,0,3,1,0.0,0.1304,,41,40,3.4,,
00-0020462,LaMont Jordan,RB,NYJ,2001,1,0,0,0.0,0,,3,2,0,0.0,0.0667,,29,29,1.7,,
00-0020462,LaMont Jordan,RB,NYJ,2001,3,0,0,0.0,0,,1,0,0,0.0,0.0,,23,22,0.3,,
00-0020462,LaMont Jordan,RB,NYJ,2001,4,0,0,0.0,0,,2,1,1,0.0,0.04,,32,31,1.4,,
00-0020462,LaMont Jordan,RB,NYJ,2001,6,0,0,0.0,0,,4,6,5,0.0,0.2308,0.0,24,23,10.4,,
00-0020462,LaMont Jordan,RB,NYJ,2001,7,0,0,0.0,0,,1,0,0,0.0,0.0,0.0,34,35,0.2,,
00-0020462,LaMont Jordan,RB,NYJ,2001,8,0,0,0.0,0,,7,0,0,0.0,0.0,0.0,34,29,7.5,,
00-0020462,LaMont Jordan,RB,NYJ,2001,9,0,0,0.0,0,,10,0,0,0.0,0.0,0.0,37,32,4.0,,
00-0020462,LaMont Jordan,RB,NYJ,2001,10,0,0,0.0,0,,3,0,0,0.0,0.0,,28,26,2.9,,
00-0020462,LaMont Jordan,RB,NYJ,2001,12,0,0,0.0,0,,2,0,0,0.0,0.0,0.0,28,26,0.7,,
00-0020462,LaMont Jordan,RB,NYJ,2001,14,0,0,0.0,0,,2,0,0,0.0,0.0,,29,28,1.7,,
00-0020462,LaMont Jordan,RB,NYJ,2001,15,1,0,-0.823,0,,2,1,1,0.0,0.0213,0.0,31,32,10.8,,
00-0020462,LaMont Jordan,RB,NYJ,2001,16,0,0,0.0,0,,1,0,0,0.0,0.0,0.0,23,26,0.4,,
00-0020462,LaMont Jordan,RB,NYJ,2001,17,0,0,0.0,0,,1,0,0,0.0,0.0,0.0,22,20,10.6,,
00-0020471,Travis Henry,RB,BUF,2001,1,0,0,0.0,0,,22,2,1,0.0,0.0714,0.0,28,27,7.2,,
00-0020471,Travis Henry,RB,BUF,2001,2,0,0,0.0,0,,12,3,3,0.0,0.0833,0.0,22,17,16.5,,
00-0020471,Travis Henry,RB,BUF,2001,3,0,0,0.0,0,,17,3,2,0.0,0.1154,0.0,22,19,3.9,,
00-0020471,Travis Henry,RB,BUF,2001,4,0,0,0.0,0,,19,1,1,0.0,0.0227,0.0,32,22,12.8,,
00-0020471,Travis Henry,RB,BUF,2001,6,0,0,0.0,0,,27,5,5,0.0,0.0909,0.0,56,48,14.5,,
00-0020471,Travis Henry,RB,BUF,2001,7,0,0,0.0,0,,10,2,2,0.0,0.0556,0.0,25,13,11.2,,
00-0020471,Travis Henry,RB,BUF,2001,8,0,0,0.0,0,,13,1,0,0.0,0.0345,,21,16,6.1,,
00-0020471,Travis Henry,RB,BUF,2001,9,0,0,0.0,0,,16,2,1,0.0,0.0645,0.0,21,17,6.0,,
00-0020471,Travis Henry,RB,BUF,2001,10,0,0,0.0,0,,13,2,2,0.0,0.05,,22,21,4.1,,
00-0020471,Travis Henry,RB,BUF,2001,11,0,0,0.0,0,,19,0,0,0.0,0.0,0.0,26,26,15.7,,
00-0020471,Travis Henry,RB,BUF,2001,12,0,0,0.0,0,,6,2,2,0.0,0.0556,0.0,11,10,3.3,,
00-0020471,Travis Henry,RB,BUF,2001,13,0,0,0.0,0,,27,3,2,0.0,0.1071,0.0,35,31,23.7,,
00-0020471,Travis Henry,RB,BUF,2001,14,0,0,0.0,0,,12,1,1,0.0,0.0227,0.0,28,31,7.8,,
00-0020474,Kevan Barlow,RB,SF,2001,1,0,0,0.0,0,,5,2,2,0.0,0.0513,0.0,28,25,3.3,,
00-0020474,Kevan Barlow,RB,SF,2001,2,0,0,0.0,0,,13,0,0,0.0,0.0,0.0,25,23,10.9,,
00-0020474,Kevan Barlow,RB,SF,2001,3,0,0,0.0,0,,9,2,2,0.0,0.1,,43,37,11.3,,
00-0020474,Kevan Barlow,RB,SF,2001,4,0,0,0.0,0,,11,1,1,0.0,0.0323,0.0,35,36,5.1,,
00-0020474,Kevan Barlow,RB,SF,2001,5,0,0,0.0,0,,8,2,1,0.0,0.05,,35,26,11.5,,
00-0020474,Kevan Barlow,RB,SF,2001,7,0,0,0.0,0,,7,2,2,0.0,0.069,0.0,28,25,6.6,,
00-0020474,Kevan Barlow,RB,SF,2001,8,0,0,0.0,0,,8,2,2,0.0,0.0606,0.0,35,33,9.5,,
00-0020474,Kevan Barlow,RB,SF,2001,9,0,0,0.0,0,,3,3,3,0.0,0.0882,,26,27,18.2,,
00-0020474,Kevan Barlow,RB,SF,2001,10,0,0,0.0,0,,7,3,2,0.0,0.0556,0.0,26,33,5.2,,
00-0020474,Kevan Barlow,RB,SF,2001,11,0,0,0.0,0,,8,0,0,0.0,0.0,0.0,23,21,4.2,,
00-0020474,Kevan Barlow,RB,SF,2001,13,0,0,0.0,0,,5,3,1,0.0,0.0833,0.0,23,21,3.2,,
00-0020474,Kevan Barlow,RB,SF,2001,14,0,0,0.0,0,,14,1,1,0.0,0.05,,50,47,18.3,,
00-0020474,Kevan Barlow,RB,SF,2001,15,0,0,0.0,0,,6,3,3,0.0,0.1304,,30,27,7.5,,
00-0020474,Kevan Barlow,RB,SF,2001,16,0,0,0.0,0,,5,2,1,0.0,0.0588,,18,21,3.8,,
00-0020474,Kevan Barlow,RB,SF,2001,17,0,0,0.0,0,,16,2,1,0.0,0.087,,41,40,9.3,,
00-0020476,Shad Meier,TE,TEN,2001,4,0,0,0.0,0,,0,1,1,0.0,0.0312,0.0,17,20,1.4,,
00-0020476,Shad Meier,TE,TEN,2001,6,0,0,0.0,0,,0,1,0,0.0,0.0286,0.0,33,28,0.0,,
00-0020476,Shad Meier,TE,TEN,2001,8,0,0,0.0,0,,0,2,2,0.0,0.0588,,33,30,4.7,,
00-0020476,Shad Meier,TE,TEN,2001,13,0,0,0.0,0,,0,1,0,0.0,0.0286,,29,28,0.0,,
00-0020485,Eddie Berlin,WR,TEN,2001,2,0,0,0.0,0,,0,3,2,0.0,0.0476,,52,53,4.8,,
00-0020485,Eddie Berlin,WR,TEN,2001,9,0,0,0.0,0,,0,1,0,0.0,0.0213,0.0,28,25,0.0,,
00-0020485,Eddie Berlin,WR,TEN,2001,13,0,0,0.0,0,,0,1,0,0.0,0.0286,,29,28,0.0,,
00-0020485,Eddie Berlin,WR,TEN,2001,14,0,0,0.0,0,,0,1,0,0.0,0.0286,,34,39,0.0,,
00-0020490,Koren Robinson,WR,SEA,2001,1,0,0,0.0,0,,0,7,3,26,0.2059,0.7027,27,22,7.4,,
00-0020490,Koren Robinson,WR,SEA,2001,2,0,0,0.0,0,,2,4,1,0.0,0.1667,,26,21,2.1,,
00-0020490,Koren Robinson,WR,SEA,2001,3,0,0,0.0,0,,0,13,5,0.0,0.2826,-0.0,16,23,12.8,,
00-0020490,Koren Robinson,WR,SEA,2001,4,0,0,0.0,0,,0,3,2,0.0,0.1364,0.0,36,33,5.8,,
00-0020490,Koren Robinson,WR,SEA,2001,5,0,0,0.0,0,,0,2,2,0.0,0.1176,,40,37,4.1,,
00-0020490,Koren Robinson,WR,SEA,2001,7,0,0,0.0,0,,0,6,3,0.0,0.2143,,30,25,7.0,,
00-0020490,Koren Robinson,WR,SEA,2001,8,0,0,0.0,0,,0,3,0,0.0,0.1034,0.0,14,17,0.0,,
00-0020490,Koren Robinson,WR,SEA,2001,9,0,0,0.0,0,,0,6,4,0.0,0.2609,,42,38,7.5,,
00-0020490,Koren Robinson,WR,SEA,2001,10,0,0,0.0,0,,0,3,2,0.0,0.1364,,32,30,9.5,,
00-0020490,Koren Robinson,WR,SEA,2001,11,0,0,0.0,0,,0,4,3,0.0,0.1739,,17,19,5.9,,
00-0020490,Koren Robinson,WR,SEA,2001,12,0,0,0.0,0,,1,6,3,0.0,0.1714,,36,33,6.3,,
00-0020490,Koren Robinson,WR,SEA,2001,13,0,0,0.0,0,,0,7,3,0.0,0.2,0.0,21,22,9.1,,
00-0020490,Koren Robinson,WR,SEA,2001,14,0,0,0.0,0,,0,4,2,0.0,0.1538,,44,40,3.9,,
00-0020490,Koren Robinson,WR,SEA,2001,15,0,0,0.0,0,,1,5,3,0.0,0.2,0.0,30,31,9.0,,
00-0020490,Koren Robinson,WR,SEA,2001,16,0,0,0.0,0,,0,1,1,0.0,0.0435,,25,25,1.4,,
00-0020490,Koren Robinson,WR,SEA,2001,17,0,0,0.0,0,,0,4,2,0.0,0.1026,0.0,33,34,8.1,,
00-0020494,Santana Moss,WR,NYJ,2001,10,0,0,0.0,0,,1,3,0,0.0,0.1429,,28,26,-0.6,,
00-0020494,Santana Moss,WR,NYJ,2001,12,0,0,0.0,0,,0,7,2,0.0,0.2188,0.0,28,26,6.0,,
00-0020494,Santana Moss,WR,NYJ,2001,15,0,0,0.0,0,,0,2,0,40,0.0426,0.7273,31,32,0.0,,
00-0020494,Santana Moss,WR,NYJ,2001,16,0,0,0.0,0,,0,3,0,0.0,0.0857,0.0,23,26,0.0,,
00-0020494,Santana Moss,WR,NYJ,2001,17,0,0,0.0,0,,0,2,0,8,0.069,0.32,22,20,0.0,,
00-0020497,Freddie Mitchell,WR,PHI,2001,3,0,0,0.0,0,,0,2,1,0.0,0.0741,,30,29,1.0,,
00-0020497,Freddie Mitchell,WR,PHI,2001,4,0,0,0.0,0,,0,1,0,0.0,0.0357,0.0,30,30,0.0,,
00-0020497,Freddie Mitchell,WR,PHI,2001,7,0,0,0.0,0,,0,1,1,0.0,0.037,,16,14,2.5,,
00-0020497,Freddie Mitchell,WR,PHI,2001,8,0,0,0.0,0,,0,5,4,0.0,0.1562,0.0,22,19,10.2,,
00-0020497,Freddie Mitchell,WR,PHI,2001,9,0,0,0.0,0,,1,3,3,0.0,0.1034,,35,35,8.0,,
00-0020497,Freddie Mitchell,WR,PHI,2001,10,0,0,0.0,0,,1,4,2,0.0,0.1333,0.0,35,35,1.9,,
00-0020497,Freddie Mitchell,WR,PHI,2001,11,0,0,0.0,0,,0,1,0,0.0,0.037,,22,27,0.0,,
00-0020497,Freddie Mitchell,WR,PHI,2001,12,0,0,0.0,0,,0,5,3,0.0,0.1923,0.0,36,32,9.0,,
00-0020497,Freddie Mitchell,WR,PHI,2001,13,1,0,-0.436,0,,0,5,1,0.0,0.1136,0.0,24,23,1.5,,
00-0020497,Freddie Mitchell,WR,PHI,2001,14,0,0,0.0,0,,0,4,2,0.0,0.125,0.0,23,25,10.7,,
00-0020497,Freddie Mitchell,WR,PHI,2001,15,0,0,0.0,0,,0,6,2,0.0,0.1765,0.0,22,29,5.1,,
00-0020497,Freddie Mitchell,WR,PHI,2001,16,0,0,0.0,0,,0,4,2,0.0,0.1081,0.0,23,18,5.0,,
00-0020497,Freddie Mitchell,WR,PHI,2001,17,0,0,0.0,0,,0,2,0,2,0.0741,0.1111,25,28,0.0,,
00-0020498,Reggie Wayne,WR,IND,2001,5,0,0,0.0,0,,0,3,1,0.0,0.0732,0.0,27,32,3.0,,
00-0020498,Reggie Wayne,WR,IND,2001,6,0,0,0.0,0,,0,6,3,0.0,0.1765,,34,36,6.3,,
00-0020498,Reggie Wayne,WR,IND,2001,7,0,0,0.0,0,,0,7,5,0.0,0.2333,,33,33,11.3,,
00-0020498,Reggie Wayne,WR,IND,2001,8,0,0,0.0,0,,0,4,2,0.0,0.1538,,37,38,7.8,,
00-0020498,Reggie Wayne,WR,IND,2001,9,0,0,0.0,0,,0,4,2,0.0,0.1212,0.0,25,24,3.8,,
00-0020498,Reggie Wayne,WR,IND,2001,10,0,0,0.0,0,,0,5,2,0.0,0.1852,0.0,23,21,5.1,,
00-0020498,Reggie Wayne,WR,IND,2001,12,0,0,0.0,0,,0,4,3,0.0,0.0889,0.0,17,22,4.1,,
00-0020498,Reggie Wayne,WR,IND,2001,13,0,0,0.0,0,,0,2,1,0.0,0.0667,0.0,18,21,2.1,,
00-0020498,Reggie Wayne,WR,IND,2001,14,0,0,0.0,0,,0,8,5,0.0,0.2286,0.0,33,32,12.8,,
00-0020498,Reggie Wayne,WR,IND,2001,15,0,0,0.0,0,,0,2,1,0.0,0.0571,,18,21,1.5,,
00-0020498,Reggie Wayne,WR,IND,2001,17,0,0,0.0,0,,0,4,2,0.0,0.1333,0.0,35,35,3.7,,
00-0020513,David Terrell,WR,CHI,2001,1,0,0,0.0,0,,0,2,2,0.0,0.0513,0.0,28,32,2.9,,
00-0020513,David Terrell,WR,CHI,2001,2,0,0,0.0,0,,0,1,1,0.0,0.0263,0.0,19,18,2.0,,
00-0020513,David Terrell,WR,CHI,2001,4,0,0,0.0,0,,0,1,1,0.0,0.037,0.0,24,25,2.9,,
00-0020513,David Terrell,WR,CHI,2001,5,0,0,0.0,0,,0,2,2,0.0,0.0952,0.0,32,31,2.7,,
00-0020513,David Terrell,WR,CHI,2001,6,0,0,0.0,0,,0,8,7,0.0,0.2667,,32,31,16.1,,
00-0020513,David Terrell,WR,CHI,2001,7,0,0,0.0,0,,0,8,3,0.0,0.1739,0.0,30,33,16.9,,
00-0020513,David Terrell,WR,CHI,2001,8,0,0,0.0,0,,0,4,3,8,0.08,0.2667,32,43,6.5,,
00-0020513,David Terrell,WR,CHI,2001,9,0,0,0.0,0,,0,6,3,0.0,0.1277,,24,30,4.2,,
00-0020513,David Terrell,WR,CHI,2001,10,0,0,0.0,0,,0,5,1,16,0.2,1.0,29,26,2.5,,
00-0020513,David Terrell,WR,CHI,2001,11,0,0,0.0,0,,0,3,2,0.0,0.1429,,30,30,7.1,,
00-0020513,David Terrell,WR,CHI,2001,12,0,0,0.0,0,,0,5,1,0.0,0.1471,0.0,34,33,1.9,,
00-0020513,David Terrell,WR,CHI,2001,13,0,0,0.0,0,,0,6,1,0.0,0.1818,0.0,19,21,1.3,,
00-0020513,David Terrell,WR,CHI,2001,14,0,0,0.0,0,,0,4,3,0.0,0.1429,0.0,40,37,12.4,,
00-0020513,David Terrell,WR,CHI,2001,15,0,0,0.0,0,,0,3,1,0.0,0.12,,32,29,1.4,,
00-0020513,David Terrell,WR,CHI,2001,16,0,0,0.0,0,,0,2,1,0.0,0.0667,,30,27,9.0,,
00-0020513,David Terrell,WR,CHI,2001,17,0,0,0.0,0,,0,3,2,0.0,0.1034,,40,41,9.7,,
00-0020514,Michael Bennett,RB,MIN,2001,1,0,0,0.0,0,,11,4,2,0.0,0.1081,0.0,26,17,7.5,,
00-0020514,Michael Bennett,RB,MIN,2001,2,0,0,0.0,0,,16,5,5,0.0,0.1351,,25,21,13.3,,
00-0020514,Michael Bennett,RB,MIN,2001,3,0,0,0.0,0,,13,6,6,0.0,0.1364,0.0,24,23,13.7,,
00-0020514,Michael Bennett,RB,MIN,2001,4,0,0,0.0,0,,8,3,3,0.0,0.0909,0.0,11,13,6.6,,
00-0020514,Michael Bennett,RB,MIN,2001,5,0,0,0.0,0,,13,1,1,0.0,0.037,0.0,27,21,6.0,,
00-0020514,Michael Bennett,RB,MIN,2001,10,0,0,0.0,0,,11,2,1,0.0,0.0556,0.0,28,14,5.6,,
00-0020514,Michael Bennett,RB,MIN,2001,11,0,0,0.0,0,,12,1,1,0.0,0.0227,-0.0,23,18,10.4,,
00-0020514,Michael Bennett,RB,MIN,2001,12,0,0,0.0,0,,13,2,2,0.0,0.0625,0.0,16,18,19.4,,
00-0020514,Michael Bennett,RB,MIN,2001,13,0,0,0.0,0,,16,1,1,0.0,0.0333,0.0,25,23,24.1,,
00-0020514,Michael Bennett,RB,MIN,2001,14,0,0,0.0,0,,10,2,0,0.0,0.0556,0.0,17,17,4.0,,
00-0020514,Michael Bennett,RB,MIN,2001,15,0,0,0.0,0,,11,5,3,0.0,0.1282,0.0,14,15,5.6,,
00-0020514,Michael Bennett,RB,MIN,2001,16,0,0,0.0,0,,25,3,2,0.0,0.1,0.0,44,34,13.4,,
00-0020514,Michael Bennett,RB,MIN,2001,17,0,0,0.0,0,,13,3,2,0.0,0.1,0.0,21,16,8.2,,
00-0020516,Todd Heap,TE,BAL,2001,1,0,0,0.0,0,,0,5,5,0.0,0.1724,,30,26,10.7,,
00-0020516,Todd Heap,TE,BAL,2001,2,0,0,0.0,0,,0,3,2,0.0,0.0484,0.0,20,29,1.6,,
00-0020516,Todd Heap,TE,BAL,2001,7,0,0,0.0,0,,0,1,0,0.0,0.0323,0.0,32,30,0.0,,
00-0020516,Todd Heap,TE,BAL,2001,9,0,0,0.0,0,,0,1,0,0.0,0.0357,0.0,24,22,0.0,,
00-0020516,Todd Heap,TE,BAL,2001,10,0,0,0.0,0,,0,1,1,0.0,0.0233,0.0,27,28,9.4,,
00-0020516,Todd Heap,TE,BAL,2001,11,0,0,0.0,0,,0,3,3,0.0,0.0462,0.0,61,69,6.9,,
00-0020516,Todd Heap,TE,BAL,2001,12,0,0,0.0,0,,0,3,1,0.0,0.0769,0.0,31,34,1.9,,
00-0020516,Todd Heap,TE,BAL,2001,14,0,0,0.0,0,,0,1,1,0.0,0.027,0.0,13,16,2.1,,
00-0020516,Todd Heap,TE,BAL,2001,15,0,0,0.0,0,,0,2,1,0.0,0.069,,35,33,2.8,,
00-0020516,Todd Heap,TE,BAL,2001,16,0,0,0.0,0,,0,3,2,0.0,0.0811,0.0,27,31,5.2,,
00-0020525,Rod Gardner,WR,WAS,2001,1,0,0,0.0,0,,0,8,5,22,0.25,0.3235,19,18,8.7,,
00-0020525,Rod Gardner,WR,WAS,2001,2,0,0,0.0,0,,0,3,1,10,0.125,1.0,15,16,2.3,,
00-0020525,Rod Gardner,WR,WAS,2001,3,0,0,0.0,0,,0,11,5,0.0,0.4231,0.0,20,17,16.5,,
00-0020525,Rod Gardner,WR,WAS,2001,4,0,0,0.0,0,,0,7,2,0.0,0.2333,0.0,17,13,6.8,,
00-0020525,Rod Gardner,WR,WAS,2001,5,0,0,0.0,0,,0,8,3,0.0,0.4444,,26,26,6.6,,
00-0020525,Rod Gardner,WR,WAS,2001,6,0,0,0.0,0,,0,8,6,0.0,0.2857,0.0,28,29,32.8,,
00-0020525,Rod Gardner,WR,WAS,2001,7,0,0,0.0,0,,0,4,2,0.0,0.2,,35,33,10.0,,
00-0020525,Rod Gardner,WR,WAS,2001,8,0,0,0.0,0,,0,5,1,33,0.2273,1.0,46,46,2.8,,
00-0020525,Rod Gardner,WR,WAS,2001,10,0,0,0.0,0,,0,9,2,0.0,0.2903,,32,28,3.9,,
00-0020525,Rod Gardner,WR,WAS,2001,11,0,0,0.0,0,,0,6,4,0.0,0.3333,,45,42,7.3,,
00-0020525,Rod Gardner,WR,WAS,2001,12,0,0,0.0,0,,0,6,2,0.0,0.1935,0.0,22,22,10.4,,
00-0020525,Rod Gardner,WR,WAS,2001,13,0,0,0.0,0,,0,4,2,0.0,0.16,,35,31,7.2,,
00-0020525,Rod Gardner,WR,WAS,2001,14,0,0,0.0,0,,1,5,3,0.0,0.1471,0.0,29,28,11.6,,
00-0020525,Rod Gardner,WR,WAS,2001,15,0,0,0.0,0,,0,10,6,0.0,0.2439,,28,30,12.3,,
00-0020525,Rod Gardner,WR,WAS,2001,16,0,0,0.0,0,,0,3,1,0.0,0.2,0.0,44,38,2.5,,
00-0020525,Rod Gardner,WR,WAS,2001,17,0,0,0.0,0,,0,4,1,0.0,0.1667,0.0,49,43,2.0,,
00-0020527,Deuce McAllister,RB,NO,2001,1,0,0,0.0,0,,1,0,0,0.0,0.0,,26,20,0.2,,
00-0020527,Deuce McAllister,RB,NO,2001,3,0,0,0.0,0,,1,0,0,0.0,0.0,0.0,22,21,0.0,,
00-0020527,Deuce McAllister,RB,NO,2001,5,0,0,0.0,0,,1,0,0,0.0,0.0,0.0,39,36,0.2,,
00-0020527,Deuce McAllister,RB,NO,2001,6,0,0,0.0,0,,0,3,1,0.0,0.0811,0.0,24,31,2.6,,
00-0020527,Deuce McAllister,RB,NO,2001,8,1,0,-0.408,0,,0,0,0,0.0,0.0,0.0,27,20,0.0,,
00-0020527,Deuce McAllister,RB,NO,2001,9,0,0,0.0,0,,4,1,1,0.0,0.0286,,32,32,4.2,,
00-0020527,Deuce McAllister,RB,NO,2001,10,0,0,0.0,0,,4,2,2,0.0,0.0909,,37,38,4.0,,
00-0020527,Deuce McAllister,RB,NO,2001,11,0,0,0.0,0,,0,1,0,0.0,0.0263,0.0,22,18,0.0,,
00-0020527,Deuce McAllister,RB,NO,2001,12,0,0,0.0,0,,2,0,0,0.0,0.0,0.0,34,33,0.5,,
00-0020527,Deuce McAllister,RB,NO,2001,13,1,1,2.506,0,,1,2,1,0.0,0.069,,21,22,17.7,,
00-0020527,Deuce McAllister,RB,NO,2001,14,0,0,0.0,0,,1,5,5,0.0,0.125,0.0,19,24,10.0,,
00-0020527,Deuce McAllister,RB,NO,2001,15,0,0,0.0,0,,0,1,1,0.0,0.027,0.0,13,15,1.4,,
00-0020527,Deuce McAllister,RB,NO,2001,16,0,0,0.0,0,,1,5,4,0.0,0.1852,0.0,23,23,16.4,,
00-0020531,Drew Brees,QB,LAC,2001,8,27,15,10.566,2,,2,0,0,0.0,0.0,0.0,20,22,14.6,,
00-0020536,LaDainian Tomlinson,RB,LAC,2001,1,0,0,0.0,0,,36,1,1,0.0,0.0556,0.0,46,45,23.5,,
00-0020536,LaDainian Tomlinson,RB,LAC,2001,2,0,0,0.0,0,,27,3,2,0.0,0.0811,,38,35,11.7,,
00-0020536,LaDainian Tomlinson,RB,LAC,2001,3,0,0,0.0,0,,21,1,1,0.0,0.0526,,35,34,31.2,,
00-0020536,LaDainian Tomlinson,RB,LAC,2001,4,0,0,0.0,0,,19,3,2,0.0,0.0833,,26,25,19.4,,
00-0020536,LaDainian Tomlinson,RB,LAC,2001,5,0,0,0.0,0,,24,3,3,0.0,0.0938,,28,31,15.7,,
00-0020536,LaDainian Tomlinson,RB,LAC,2001,6,0,0,0.0,0,,25,2,1,0.0,0.0625,0.0,32,32,7.9,,
00-0020536,LaDainian Tomlinson,RB,LAC,2001,7,0,0,0.0,0,,16,2,1,0.0,0.0625,,20,23,9.5,,
00-0020536,LaDainian Tomlinson,RB,LAC,2001,8,0,0,0.0,0,,13,5,2,0.0,0.119,0.0,20,22,13.1,,
00-0020536,LaDainian Tomlinson,RB,LAC,2001,9,0,0,0.0,0,,14,6,3,5,0.2,0.0602,17,20,12.6,,
00-0020536,LaDainian Tomlinson,RB,LAC,2001,10,0,0,0.0,0,,22,3,3,0.0,0.1154,0.0,29,30,17.2,,
00-0020536,LaDainian Tomlinson,RB,LAC,2001,11,0,0,0.0,0,,21,14,13,0.0,0.3182,,23,37,25.7,,
00-0020536,LaDainian Tomlinson,RB,LAC,2001,12,0,0,0.0,0,,24,4,4,0.0,0.1212,0.0,27,30,21.3,,
00-0020536,LaDainian Tomlinson,RB,LAC,2001,13,0,0,0.0,0,,19,5,4,0.0,0.1136,0.0,27,24,8.4,,
00-0020536,LaDainian Tomlinson,RB,LAC,2001,14,0,0,0.0,0,,17,7,6,-1,0.1944,-0.1,22,24,12.9,,
00-0020536,LaDainian Tomlinson,RB,LAC,2001,15,0,0,0.0,0,,27,3,3,0.0,0.1154,,29,30,18.6,,
00-0020536,LaDainian Tomlinson,RB,LAC,2001,16,0,0,0.0,0,,14,12,10,0.0,0.2264,0.0,16,25,20.6,,
