player_id,name,pos,team,season,week,att,cmp,pass_epa,sacks,cpoe,car,tgt,rec,rec_ay,tgt_share,ay_share,team_car,team_rb_touch,fp_ppr,fp_exp,fp_act
00-0000007,Rabih Abdullah,RB,NE,2004,2,0,0,0.0,0,,1,0,0,0.0,,,42,40,0.4,,
00-0000007,Rabih Abdullah,RB,NE,2004,5,0,0,0.0,0,,5,0,0,0.0,,,38,35,6.4,,
00-0000007,Rabih Abdullah,RB,NE,2004,10,0,0,0.0,0,,4,0,0,0.0,,,45,48,-0.5,,
00-0000007,Rabih Abdullah,RB,NE,2004,16,0,0,0.0,0,,1,0,0,0.0,,,38,41,0.5,,
00-0000007,Rabih Abdullah,RB,NE,2004,17,0,0,0.0,0,,2,0,0,0.0,,,28,31,0.5,,
00-0000552,Obafemi Ayanbadejo,RB,ARI,2004,4,0,0,0.0,0,,2,0,1,0.0,,,40,41,9.5,,
00-0000552,Obafemi Ayanbadejo,RB,ARI,2004,8,0,0,0.0,0,,1,0,0,0.0,,,38,37,6.4,,
00-0000552,Obafemi Ayanbadejo,RB,ARI,2004,9,0,0,0.0,0,,2,0,1,0.0,,,27,29,1.7,,
00-0000552,Obafemi Ayanbadejo,RB,ARI,2004,10,0,0,0.0,0,,3,0,1,0.0,,,32,30,3.8,,
00-0000552,Obafemi Ayanbadejo,RB,ARI,2004,11,0,0,0.0,0,,1,0,2,0.0,,,28,24,4.1,,
00-0000552,Obafemi Ayanbadejo,RB,ARI,2004,12,0,0,0.0,0,,3,0,1,0.0,,,24,26,3.6,,
00-0000552,Obafemi Ayanbadejo,RB,ARI,2004,13,0,0,0.0,0,,3,0,0,0.0,,,26,29,2.2,,
00-0000552,Obafemi Ayanbadejo,RB,ARI,2004,14,0,0,0.0,0,,5,0,0,0.0,,,25,26,13.3,,
00-0000552,Obafemi Ayanbadejo,RB,ARI,2004,15,0,0,0.0,0,,2,0,4,0.0,,,40,40,8.7,,
00-0000552,Obafemi Ayanbadejo,RB,ARI,2004,16,0,0,0.0,0,,2,0,4,0.0,,,30,30,8.3,,
00-0000552,Obafemi Ayanbadejo,RB,ARI,2004,17,0,0,0.0,0,,6,0,2,0.0,,,34,34,5.6,,
00-0000722,Tony Banks,QB,HOU,2004,8,1,0,-1.062,0,,0,0,0,0.0,,,32,33,0.0,,
00-0000722,Tony Banks,QB,HOU,2004,17,1,1,2.154,0,,0,0,0,0.0,,,24,26,0.6,,
00-0000745,Tiki Barber,RB,NYG,2004,1,0,0,0.0,0,,9,0,5,0.0,,,23,27,31.0,,
00-0000745,Tiki Barber,RB,NYG,2004,2,0,0,0.0,0,,18,0,2,0.0,,,28,29,8.9,,
00-0000745,Tiki Barber,RB,NYG,2004,3,0,0,0.0,0,,23,0,3,0.0,,,32,32,24.4,,
00-0000745,Tiki Barber,RB,NYG,2004,4,0,0,0.0,0,,23,0,4,0.0,,,35,36,29.6,,
00-0000745,Tiki Barber,RB,NYG,2004,5,0,0,0.0,0,,23,0,5,0.0,,,26,30,30.8,,
00-0000745,Tiki Barber,RB,NYG,2004,7,0,0,0.0,0,,22,0,7,0.0,,,26,34,30.2,,
00-0000745,Tiki Barber,RB,NYG,2004,8,0,0,0.0,0,,24,0,1,0.0,,,39,34,24.1,,
00-0000745,Tiki Barber,RB,NYG,2004,9,0,0,0.0,0,,21,0,4,0.0,,,25,28,29.1,,
00-0000745,Tiki Barber,RB,NYG,2004,10,0,0,0.0,0,,21,0,5,0.0,,,28,29,27.0,,
00-0000745,Tiki Barber,RB,NYG,2004,11,0,0,0.0,0,,21,0,3,0.0,,,26,28,16.1,,
00-0000745,Tiki Barber,RB,NYG,2004,12,0,0,0.0,0,,19,0,1,0.0,,,26,23,12.9,,
00-0000745,Tiki Barber,RB,NYG,2004,13,0,0,0.0,0,,15,0,0,0.0,,,15,16,3.8,,
00-0000745,Tiki Barber,RB,NYG,2004,14,0,0,0.0,0,,19,0,2,0.0,,,21,21,10.4,,
00-0000745,Tiki Barber,RB,NYG,2004,15,0,0,0.0,0,,18,0,5,0.0,,,21,24,22.4,,
00-0000745,Tiki Barber,RB,NYG,2004,16,0,0,0.0,0,,22,0,2,0.0,,,28,30,20.3,,
00-0000745,Tiki Barber,RB,NYG,2004,17,0,0,0.0,0,,24,0,3,0.0,,,25,28,26.6,,
00-0000849,Mike Bartrum,TE,PHI,2004,8,1,0,-0.71,0,,0,0,0,0.0,,,23,20,0.0,,
00-0001098,Brandon Bennett,RB,CAR,2004,10,0,0,0.0,0,,4,0,0,0.0,,,18,15,6.5,,
00-0001098,Brandon Bennett,RB,CAR,2004,11,0,0,0.0,0,,1,0,0,0.0,,,27,26,1.1,,
00-0001098,Brandon Bennett,RB,CAR,2004,12,0,0,0.0,0,,1,0,0,0.0,,,25,27,0.1,,
00-0001215,Jerome Bettis,RB,PIT,2004,1,0,0,0.0,0,,5,0,0,0.0,,,33,30,18.1,,
00-0001215,Jerome Bettis,RB,PIT,2004,3,0,0,0.0,0,,7,0,0,0.0,,,38,29,1.2,,
00-0001215,Jerome Bettis,RB,PIT,2004,4,0,0,0.0,0,,6,0,0,0.0,,,40,31,12.9,,
00-0001215,Jerome Bettis,RB,PIT,2004,5,0,0,0.0,0,,14,0,0,0.0,,,43,35,9.4,,
00-0001215,Jerome Bettis,RB,PIT,2004,6,0,0,0.0,0,,5,0,0,0.0,,,29,25,6.8,,
00-0001215,Jerome Bettis,RB,PIT,2004,8,0,0,0.0,0,,15,0,0,0.0,,,49,40,12.5,,
00-0001215,Jerome Bettis,RB,PIT,2004,9,0,0,0.0,0,,33,0,0,0.0,,,56,36,14.9,,
00-0001215,Jerome Bettis,RB,PIT,2004,10,0,0,0.0,0,,29,0,1,0.0,,,47,39,24.0,,
00-0001215,Jerome Bettis,RB,PIT,2004,11,0,0,0.0,0,,29,0,1,0.0,,,40,30,14.2,,
00-0001215,Jerome Bettis,RB,PIT,2004,12,0,0,0.0,0,,31,0,1,0.0,,,38,32,19.0,,
00-0001215,Jerome Bettis,RB,PIT,2004,13,0,0,0.0,0,,3,0,0,0.0,,,25,22,1.7,,
00-0001215,Jerome Bettis,RB,PIT,2004,14,1,1,2.761,0,,10,0,0,0.0,,,31,29,16.1,,
00-0001215,Jerome Bettis,RB,PIT,2004,15,0,0,0.0,0,,36,0,1,0.0,,,39,37,21.3,,
00-0001215,Jerome Bettis,RB,PIT,2004,16,0,0,0.0,0,,27,0,2,0.0,,,42,29,15.0,,
00-0001335,Jeff Blake,QB,PHI,2004,10,0,0,0.0,0,,2,0,0,0.0,,,33,31,-0.2,,
00-0001335,Jeff Blake,QB,PHI,2004,16,14,4,-8.568,1,,1,0,0,0.0,,,23,22,0.4,,
00-0001335,Jeff Blake,QB,PHI,2004,17,23,14,-10.628,1,,0,0,0,0.0,,,16,26,5.4,,
00-0001361,Drew Bledsoe,QB,BUF,2004,1,26,17,4.832,1,,3,0,0,0.0,,,36,36,7.7,,
00-0001361,Drew Bledsoe,QB,BUF,2004,2,24,13,-3.146,7,,0,0,0,0.0,,,24,25,9.9,,
00-0001361,Drew Bledsoe,QB,BUF,2004,4,30,18,-11.678,7,,0,0,0,0.0,,,26,25,9.9,,
00-0001361,Drew Bledsoe,QB,BUF,2004,5,29,16,4.215,4,,1,0,0,0.0,,,22,21,14.4,,
00-0001361,Drew Bledsoe,QB,BUF,2004,6,28,15,10.475,1,,0,0,0,0.0,,,31,33,12.5,,
00-0001361,Drew Bledsoe,QB,BUF,2004,7,36,20,-26.439,4,,0,0,0,0.0,,,23,26,-1.9,,
00-0001361,Drew Bledsoe,QB,BUF,2004,8,17,8,6.317,0,,1,0,0,0.0,,,38,36,11.2,,
00-0001361,Drew Bledsoe,QB,BUF,2004,9,30,18,5.79,0,,4,0,0,0.0,,,46,44,13.0,,
00-0001361,Drew Bledsoe,QB,BUF,2004,10,19,8,-17.43,2,,1,0,0,0.0,,,17,16,-2.2,,
00-0001361,Drew Bledsoe,QB,BUF,2004,11,24,15,1.44,1,,3,0,0,0.0,,,26,26,17.2,,
00-0001361,Drew Bledsoe,QB,BUF,2004,12,37,25,9.805,1,,0,0,0,0.0,,,37,38,9.0,,
00-0001361,Drew Bledsoe,QB,BUF,2004,13,30,19,13.651,3,,1,0,0,0.0,,,28,27,27.8,,
00-0001361,Drew Bledsoe,QB,BUF,2004,14,27,12,-8.905,1,,1,0,0,0.0,,,42,41,4.0,,
00-0001361,Drew Bledsoe,QB,BUF,2004,15,30,15,1.376,2,,2,0,0,0.0,,,29,28,12.6,,
00-0001361,Drew Bledsoe,QB,BUF,2004,16,32,21,5.062,1,,2,0,0,0.0,,,36,34,11.8,,
00-0001361,Drew Bledsoe,QB,BUF,2004,17,30,16,-11.651,3,,1,0,0,0.0,,,21,20,3.6,,
00-0001477,Marty Booker,WR,MIA,2004,7,1,1,2.891,0,,0,0,3,0.0,,,34,34,8.4,,
00-0001477,Marty Booker,WR,MIA,2004,9,0,0,0.0,0,,1,0,4,0.0,,,31,30,12.3,,
00-0001823,Aaron Brooks,QB,NO,2004,1,37,18,-8.233,2,,2,0,0,0.0,,,19,18,12.5,,
00-0001823,Aaron Brooks,QB,NO,2004,2,34,25,13.325,3,,6,0,0,0.0,,,24,24,23.6,,
00-0001823,Aaron Brooks,QB,NO,2004,3,41,24,10.666,2,,5,0,0,0.0,,,31,29,19.3,,
00-0001823,Aaron Brooks,QB,NO,2004,4,40,24,0.027,1,,3,0,0,0.0,,,14,17,9.0,,
00-0001823,Aaron Brooks,QB,NO,2004,5,23,11,-3.451,0,,3,0,0,0.0,,,29,29,11.7,,
00-0001823,Aaron Brooks,QB,NO,2004,6,38,22,-2.939,3,,3,0,0,0.0,,,23,24,20.5,,
00-0001823,Aaron Brooks,QB,NO,2004,7,39,23,11.264,1,,3,0,0,0.0,,,28,28,15.3,,
00-0001823,Aaron Brooks,QB,NO,2004,9,29,16,1.908,3,,2,0,1,0.0,,,18,20,9.5,,
00-0001823,Aaron Brooks,QB,NO,2004,10,27,15,4.653,4,,4,0,0,0.0,,,23,19,18.5,,
00-0001823,Aaron Brooks,QB,NO,2004,11,60,34,-11.994,2,,1,0,0,0.0,,,14,25,13.8,,
00-0001823,Aaron Brooks,QB,NO,2004,12,34,19,1.292,4,,3,0,0,0.0,,,28,28,16.6,,
00-0001823,Aaron Brooks,QB,NO,2004,13,40,20,2.532,1,,4,0,0,0.0,,,11,9,18.8,,
00-0001823,Aaron Brooks,QB,NO,2004,14,31,18,-0.92,2,,5,0,0,0.0,,,37,38,11.9,,
00-0001823,Aaron Brooks,QB,NO,2004,15,21,14,5.169,7,,3,0,0,0.0,,,29,30,16.5,,
00-0001823,Aaron Brooks,QB,NO,2004,16,24,12,-5.811,4,,5,0,0,0.0,,,40,34,16.3,,
00-0001823,Aaron Brooks,QB,NO,2004,17,24,14,2.471,3,,5,0,0,0.0,,,37,30,13.7,,
00-0002099,Isaac Bruce,WR,LA,2004,7,1,0,-0.486,0,,0,0,5,0.0,,,19,29,14.8,,
00-0002099,Isaac Bruce,WR,LA,2004,17,1,0,-0.489,0,,0,0,5,0.0,,,19,23,17.6,,
00-0002110,Mark Brunell,QB,WAS,2004,1,24,13,-4.081,0,,5,0,0,0.0,,,39,39,3.1,,
00-0002110,Mark Brunell,QB,WAS,2004,2,18,10,-4.1,1,,2,0,0,0.0,,,28,25,6.4,,
00-0002110,Mark Brunell,QB,WAS,2004,3,43,25,0.795,5,,1,0,0,0.0,,,24,26,23.0,,
00-0002110,Mark Brunell,QB,WAS,2004,4,32,17,2.546,0,,3,0,0,0.0,,,25,24,8.6,,
00-0002110,Mark Brunell,QB,WAS,2004,5,29,13,-15.385,3,,0,0,0,0.0,,,26,31,3.3,,
00-0002110,Mark Brunell,QB,WAS,2004,6,22,8,-10.247,1,,5,0,0,0.0,,,47,43,7.5,,
00-0002110,Mark Brunell,QB,WAS,2004,8,44,25,-11.456,4,,1,0,0,0.0,,,19,24,13.2,,
00-0002110,Mark Brunell,QB,WAS,2004,9,17,6,-3.897,0,,0,0,0,0.0,,,40,41,2.3,,
00-0002110,Mark Brunell,QB,WAS,2004,10,8,1,-12.76,1,,2,0,0,0.0,,,20,21,-1.5,,
00-0002159,Shawn Bryson,RB,DET,2004,1,0,0,0.0,0,,3,0,0,0.0,,,30,25,1.8,,
00-0002159,Shawn Bryson,RB,DET,2004,2,0,0,0.0,0,,1,0,1,0.0,,,23,22,0.4,,
00-0002159,Shawn Bryson,RB,DET,2004,3,0,0,0.0,0,,5,0,1,0.0,,,18,20,5.2,,
00-0002159,Shawn Bryson,RB,DET,2004,5,0,0,0.0,0,,5,0,3,0.0,,,33,33,7.4,,
00-0002159,Shawn Bryson,RB,DET,2004,6,0,0,0.0,0,,3,0,3,0.0,,,16,16,4.0,,
00-0002159,Shawn Bryson,RB,DET,2004,7,0,0,0.0,0,,5,0,2,0.0,,,29,32,6.8,,
00-0002159,Shawn Bryson,RB,DET,2004,8,0,0,0.0,0,,2,0,2,0.0,,,14,20,3.8,,
00-0002159,Shawn Bryson,RB,DET,2004,9,0,0,0.0,0,,6,0,4,0.0,,,24,26,8.9,,
00-0002159,Shawn Bryson,RB,DET,2004,11,0,0,0.0,0,,2,0,1,0.0,,,27,25,3.8,,
00-0002159,Shawn Bryson,RB,DET,2004,12,0,0,0.0,0,,7,0,6,0.0,,,21,28,13.5,,
00-0002159,Shawn Bryson,RB,DET,2004,14,0,0,0.0,0,,2,0,1,0.0,,,39,36,1.5,,
00-0002159,Shawn Bryson,RB,DET,2004,15,0,0,0.0,0,,2,0,3,0.0,,,25,28,10.0,,
00-0002159,Shawn Bryson,RB,DET,2004,16,0,0,0.0,0,,2,0,4,0.0,,,32,32,7.3,,
00-0002159,Shawn Bryson,RB,DET,2004,17,0,0,0.0,0,,5,0,9,0.0,,,26,37,17.1,,
00-0002743,Ki-Jana Carter,RB,NO,2004,3,0,0,0.0,0,,7,0,0,0.0,,,31,29,1.2,,
00-0002743,Ki-Jana Carter,RB,NO,2004,4,0,0,0.0,0,,3,0,0,0.0,,,14,17,0.5,,
00-0002876,Chris Chandler,QB,LA,2004,13,27,18,-1.061,2,,0,0,0,0.0,,,31,35,8.6,,
00-0002876,Chris Chandler,QB,LA,2004,14,29,16,-10.493,3,,1,0,0,0.0,,,21,24,1.9,,
00-0002876,Chris Chandler,QB,LA,2004,15,6,1,-9.874,2,,0,0,0,0.0,,,10,11,-2.0,,
00-0003103,Cameron Cleeland,TE,LA,2004,1,0,0,0.0,0,,1,0,0,0.0,,,30,31,-0.2,,
00-0003136,Mike Cloud,RB,NYG,2004,3,0,0,0.0,0,,6,0,0,0.0,,,32,32,7.2,,
00-0003136,Mike Cloud,RB,NYG,2004,5,0,0,0.0,0,,2,0,0,0.0,,,26,30,0.4,,
00-0003136,Mike Cloud,RB,NYG,2004,7,0,0,0.0,0,,1,0,1,0.0,,,26,34,1.6,,
00-0003136,Mike Cloud,RB,NYG,2004,8,0,0,0.0,0,,9,0,0,0.0,,,39,34,17.5,,
00-0003136,Mike Cloud,RB,NYG,2004,9,0,0,0.0,0,,3,0,0,0.0,,,25,28,1.6,,
00-0003292,Kerry Collins,QB,LV,2004,3,27,16,5.169,1,,0,0,0,0.0,,,31,35,11.1,,
00-0003292,Kerry Collins,QB,LV,2004,4,38,21,-14.19,1,,1,0,0,0.0,,,20,23,-0.5,,
00-0003292,Kerry Collins,QB,LV,2004,5,44,28,-13.899,4,,1,0,0,0.0,,,13,21,8.4,,
00-0003292,Kerry Collins,QB,LV,2004,6,31,15,-9.647,4,,0,0,0,0.0,0.0,,16,21,3.4,,
00-0003292,Kerry Collins,QB,LV,2004,7,45,26,5.851,0,,1,0,0,0.0,,,24,29,20.3,,
00-0003292,Kerry Collins,QB,LV,2004,8,39,24,4.85,1,,0,0,0,0.0,,,11,23,10.5,,
00-0003292,Kerry Collins,QB,LV,2004,9,32,20,8.741,2,,1,0,0,0.0,,,28,35,7.1,,
00-0003292,Kerry Collins,QB,LV,2004,11,30,18,7.89,1,,2,0,0,0.0,,,14,16,18.2,,
00-0003292,Kerry Collins,QB,LV,2004,12,45,26,0.782,1,,3,0,0,0.0,,,18,24,26.3,,
00-0003292,Kerry Collins,QB,LV,2004,13,41,27,12.344,2,,3,0,0,0.0,,,10,19,25.6,,
00-0003292,Kerry Collins,QB,LV,2004,14,28,14,-8.84,1,,0,0,0,0.0,,,23,26,4.6,,
00-0003292,Kerry Collins,QB,LV,2004,15,37,21,15.611,2,,4,0,0,0.0,,,22,22,33.8,,
00-0003292,Kerry Collins,QB,LV,2004,16,37,18,4.531,2,,0,0,0,0.0,,,22,30,14.7,,
00-0003292,Kerry Collins,QB,LV,2004,17,39,15,-22.209,2,,1,0,0,0.0,,,29,35,-2.3,,
00-0003315,Todd Collins,QB,KC,2004,7,1,0,-0.612,0,,0,0,0,0.0,,,49,47,0.0,,
00-0003315,Todd Collins,QB,KC,2004,15,4,1,-0.256,0,,1,0,0,0.0,,,36,34,2.1,,
00-0003663,Zack Crockett,RB,LV,2004,1,0,0,0.0,0,,2,0,1,0.0,,,22,28,2.8,,
00-0003663,Zack Crockett,RB,LV,2004,7,0,0,0.0,0,,2,0,2,0.0,,,24,29,4.6,,
00-0003663,Zack Crockett,RB,LV,2004,14,0,0,0.0,0,,5,0,1,0.0,,,23,26,9.4,,
00-0003663,Zack Crockett,RB,LV,2004,15,0,0,0.0,0,,8,0,1,0.0,,,22,22,4.8,,
00-0003663,Zack Crockett,RB,LV,2004,16,0,0,0.0,0,,10,0,0,0.0,,,22,30,9.2,,
00-0003663,Zack Crockett,RB,LV,2004,17,0,0,0.0,0,,22,0,3,0.0,,,29,35,17.6,,
00-0003739,Daunte Culpepper,QB,MIN,2004,1,23,17,17.609,2,,6,0,0,0.0,,,28,25,32.2,,
00-0003739,Daunte Culpepper,QB,MIN,2004,2,47,37,20.119,4,,8,0,0,0.0,,,19,19,17.8,,
00-0003739,Daunte Culpepper,QB,MIN,2004,3,30,19,17.697,3,,6,0,0,0.0,,,24,23,29.7,,
00-0003739,Daunte Culpepper,QB,MIN,2004,5,50,36,20.796,3,,6,0,0,0.0,,,26,33,38.8,,
00-0003739,Daunte Culpepper,QB,MIN,2004,6,37,26,29.903,2,,7,0,0,0.0,,,28,29,34.3,,
00-0003739,Daunte Culpepper,QB,MIN,2004,7,30,24,0.129,3,,3,0,0,0.0,,,27,30,11.7,,
00-0003739,Daunte Culpepper,QB,MIN,2004,8,42,24,-7.138,0,,5,0,0,0.0,,,20,21,10.4,,
00-0003739,Daunte Culpepper,QB,MIN,2004,9,19,16,6.327,2,,5,0,0,0.0,,,24,25,15.5,,
00-0003739,Daunte Culpepper,QB,MIN,2004,10,44,27,23.22,4,,3,0,0,0.0,,,16,17,32.4,,
00-0003739,Daunte Culpepper,QB,MIN,2004,11,32,22,7.565,3,,11,0,0,0.0,,,34,30,20.8,,
00-0003739,Daunte Culpepper,QB,MIN,2004,12,27,19,2.615,4,,8,0,0,0.0,,,30,25,17.2,,
00-0003739,Daunte Culpepper,QB,MIN,2004,13,33,23,-4.985,5,,6,0,0,0.0,,,22,20,18.2,,
00-0003739,Daunte Culpepper,QB,MIN,2004,14,33,21,3.214,1,,6,0,0,0.0,,,25,26,16.0,,
00-0003739,Daunte Culpepper,QB,MIN,2004,15,35,25,18.92,5,,4,0,0,0.0,,,23,25,28.4,,
00-0003739,Daunte Culpepper,QB,MIN,2004,16,23,16,15.469,0,,3,0,0,0.0,,,24,23,25.5,,
00-0003739,Daunte Culpepper,QB,MIN,2004,17,44,27,9.432,4,,2,0,0,0.0,,,18,24,24.4,,
00-0004052,Stephen Davis,RB,CAR,2004,1,0,0,0.0,0,,9,0,1,0.0,,,13,19,5.8,,
00-0004052,Stephen Davis,RB,CAR,2004,6,0,0,0.0,0,,15,0,1,0.0,,,31,25,8.6,,
00-0004161,Jake Delhomme,QB,CAR,2004,1,39,23,7.012,2,,1,0,0,0.0,,,13,19,15.4,,
00-0004161,Jake Delhomme,QB,CAR,2004,2,29,16,5.24,1,,1,0,0,0.0,,,39,38,15.2,,
00-0004161,Jake Delhomme,QB,CAR,2004,4,38,23,-6.608,2,,1,0,0,0.0,,,21,23,9.6,,
00-0004161,Jake Delhomme,QB,CAR,2004,5,20,13,5.432,1,,4,0,0,0.0,,,26,20,17.2,,
00-0004161,Jake Delhomme,QB,CAR,2004,6,42,24,-10.074,2,,1,0,0,0.0,,,31,25,6.4,,
00-0004161,Jake Delhomme,QB,CAR,2004,7,36,17,-10.32,1,,0,0,0,0.0,,,30,8,4.2,,
00-0004161,Jake Delhomme,QB,CAR,2004,8,36,19,5.376,0,,3,0,0,0.0,,,20,12,17.7,,
00-0004161,Jake Delhomme,QB,CAR,2004,9,45,25,14.6,2,,2,0,0,0.0,,,18,12,24.7,,
00-0004161,Jake Delhomme,QB,CAR,2004,10,34,19,17.109,1,,1,0,0,0.0,,,18,15,23.9,,
00-0004161,Jake Delhomme,QB,CAR,2004,11,25,12,6.454,0,,1,0,0,0.0,,,27,26,12.7,,
00-0004161,Jake Delhomme,QB,CAR,2004,12,21,14,4.633,4,,1,0,0,0.0,,,25,27,15.0,,
00-0004161,Jake Delhomme,QB,CAR,2004,13,29,22,11.738,4,,2,0,0,0.0,,,42,42,15.8,,
00-0004161,Jake Delhomme,QB,CAR,2004,14,30,16,-1.182,2,,5,0,0,0.0,,,38,31,11.1,,
00-0004161,Jake Delhomme,QB,CAR,2004,15,35,24,9.411,4,,1,0,0,0.0,,,25,27,15.6,,
00-0004161,Jake Delhomme,QB,CAR,2004,16,24,19,19.998,1,,1,0,0,0.0,,,36,37,25.8,,
00-0004161,Jake Delhomme,QB,CAR,2004,17,50,24,-8.693,6,,0,0,0,0.0,,,13,19,18.3,,
00-0004229,Koy Detmer,QB,PHI,2004,11,1,0,-1.053,0,,3,0,0,0.0,,,31,28,-0.4,,
00-0004229,Koy Detmer,QB,PHI,2004,12,0,0,0.0,0,,3,0,0,0.0,,,38,35,-0.2,,
00-0004229,Koy Detmer,QB,PHI,2004,13,2,0,-0.985,0,,0,0,0,0.0,,,21,32,0.0,,
00-0004229,Koy Detmer,QB,PHI,2004,16,6,1,-5.029,0,,4,0,0,0.0,,,23,22,0.1,,
00-0004229,Koy Detmer,QB,PHI,2004,17,31,17,-11.711,2,,0,0,0,0.0,,,16,26,2.1,,
00-0004293,Trent Dilfer,QB,SEA,2004,3,2,1,-0.801,0,,1,0,0,0.0,,,37,32,0.3,,
00-0004293,Trent Dilfer,QB,SEA,2004,11,28,14,-4.171,3,,5,0,0,0.0,,,38,30,8.9,,
00-0004293,Trent Dilfer,QB,SEA,2004,15,2,0,-1.54,0,,0,0,0,0.0,,,23,24,0.0,,
00-0004293,Trent Dilfer,QB,SEA,2004,16,26,10,-6.343,1,,4,0,0,0.0,,,36,32,3.5,,
00-0004304,Corey Dillon,RB,NE,2004,1,0,0,0.0,0,,15,0,0,0.0,,,17,15,8.6,,
00-0004304,Corey Dillon,RB,NE,2004,2,0,0,0.0,0,,32,0,1,0.0,,,42,40,16.7,,
00-0004304,Corey Dillon,RB,NE,2004,4,0,0,0.0,0,,19,0,3,0.0,,,26,27,17.2,,
00-0004304,Corey Dillon,RB,NE,2004,5,0,0,0.0,0,,18,0,0,0.0,,,38,35,9.4,,
00-0004304,Corey Dillon,RB,NE,2004,6,0,0,0.0,0,,23,0,2,0.0,,,33,36,25.1,,
00-0004304,Corey Dillon,RB,NE,2004,7,0,0,0.0,0,,22,0,0,0.0,,,29,32,11.5,,
00-0004304,Corey Dillon,RB,NE,2004,9,0,0,0.0,0,,25,0,2,0.0,,,32,36,21.1,,
00-0004304,Corey Dillon,RB,NE,2004,10,0,0,0.0,0,,26,0,1,0.0,,,45,48,16.6,,
00-0004304,Corey Dillon,RB,NE,2004,11,0,0,0.0,0,,26,0,1,0.0,0.0,,32,30,22.8,,
00-0004304,Corey Dillon,RB,NE,2004,12,0,0,0.0,0,,30,0,0,0.0,,,41,39,20.3,,
00-0004304,Corey Dillon,RB,NE,2004,13,0,0,0.0,0,,18,0,0,0.0,,,50,51,20.0,,
00-0004304,Corey Dillon,RB,NE,2004,14,0,0,0.0,0,,22,0,0,0.0,,,29,26,14.8,,
00-0004304,Corey Dillon,RB,NE,2004,15,0,0,0.0,0,,26,0,2,0.0,,,38,42,26.2,,
00-0004304,Corey Dillon,RB,NE,2004,16,0,0,0.0,0,,29,0,2,0.0,,,38,41,12.1,,
00-0004304,Corey Dillon,RB,NE,2004,17,0,0,0.0,0,,14,0,1,0.0,,,28,31,18.4,,
00-0004541,Donald Driver,WR,GB,2004,10,0,0,0.0,0,,1,0,3,0.0,,,35,38,5.2,,
00-0004541,Donald Driver,WR,GB,2004,13,0,0,0.0,0,,1,0,3,0.0,,,18,22,6.2,,
00-0004541,Donald Driver,WR,GB,2004,17,0,0,0.0,0,,1,0,1,0.0,,,30,30,4.9,,
00-0004640,Warrick Dunn,RB,ATL,2004,1,0,0,0.0,0,,19,0,0,0.0,,,28,23,18.3,,
00-0004640,Warrick Dunn,RB,ATL,2004,2,0,0,0.0,0,,14,0,1,0.0,,,38,29,17.4,,
00-0004640,Warrick Dunn,RB,ATL,2004,3,0,0,0.0,0,,20,0,2,0.0,,,30,25,13.7,,
00-0004640,Warrick Dunn,RB,ATL,2004,4,0,0,0.0,0,,16,0,0,0.0,,,40,31,13.6,,
00-0004640,Warrick Dunn,RB,ATL,2004,5,0,0,0.0,0,,18,0,5,0.0,,,27,27,18.5,,
00-0004640,Warrick Dunn,RB,ATL,2004,6,0,0,0.0,0,,5,0,0,0.0,,,25,18,1.3,,
00-0004640,Warrick Dunn,RB,ATL,2004,7,0,0,0.0,0,,11,0,2,0.0,,,21,19,14.1,,
00-0004640,Warrick Dunn,RB,ATL,2004,8,0,0,0.0,0,,15,0,1,0.0,,,36,26,11.0,,
00-0004640,Warrick Dunn,RB,ATL,2004,10,0,0,0.0,0,,17,0,1,0.0,,,39,31,9.1,,
00-0004640,Warrick Dunn,RB,ATL,2004,11,0,0,0.0,0,,12,0,2,0.0,,,34,22,10.0,,
00-0004640,Warrick Dunn,RB,ATL,2004,12,0,0,0.0,0,,11,0,3,0.0,,,33,28,9.1,,
00-0004640,Warrick Dunn,RB,ATL,2004,13,0,0,0.0,0,,11,0,2,0.0,,,28,25,7.2,,
00-0004640,Warrick Dunn,RB,ATL,2004,14,0,0,0.0,0,,25,0,1,0.0,,,46,47,12.2,,
00-0004640,Warrick Dunn,RB,ATL,2004,15,0,0,0.0,0,,28,0,0,0.0,,,38,30,19.4,,
00-0004640,Warrick Dunn,RB,ATL,2004,16,0,0,0.0,0,,18,0,6,0.0,,,24,26,25.9,,
00-0004640,Warrick Dunn,RB,ATL,2004,17,0,0,0.0,0,,25,0,3,0.0,,,38,40,18.1,,
00-0004673,Tim Dwight,WR,LAC,2004,3,0,0,0.0,0,,1,0,1,0.0,,,30,26,2.2,,
00-0004673,Tim Dwight,WR,LAC,2004,6,0,0,0.0,0,,2,0,0,0.0,,,31,30,0.2,,
00-0004673,Tim Dwight,WR,LAC,2004,9,0,0,0.0,0,,1,0,0,0.0,,,35,33,4.8,,
00-0004780,Troy Edwards,WR,JAX,2004,12,0,0,0.0,0,,1,0,3,0.0,,,27,29,6.5,,
00-0004780,Troy Edwards,WR,JAX,2004,15,0,0,0.0,0,,1,0,2,0.0,,,36,23,3.2,,
00-0005091,Kevin Faulk,RB,NE,2004,5,0,0,0.0,0,,1,0,1,0.0,,,38,35,2.5,,
00-0005091,Kevin Faulk,RB,NE,2004,6,0,0,0.0,0,,6,0,4,0.0,,,33,36,9.8,,
00-0005091,Kevin Faulk,RB,NE,2004,7,0,0,0.0,0,,4,0,6,0.0,,,29,32,12.5,,
00-0005091,Kevin Faulk,RB,NE,2004,8,0,0,0.0,0,,5,0,8,0.0,,,6,14,13.6,,
00-0005091,Kevin Faulk,RB,NE,2004,9,0,0,0.0,0,,1,0,2,0.0,,,32,36,4.6,,
00-0005091,Kevin Faulk,RB,NE,2004,10,0,0,0.0,0,,13,0,2,0.0,,,45,48,9.7,,
00-0005091,Kevin Faulk,RB,NE,2004,11,0,0,0.0,0,,1,0,0,0.0,0.0,,32,30,0.1,,
00-0005091,Kevin Faulk,RB,NE,2004,12,0,0,0.0,0,,3,0,0,0.0,,,41,39,0.7,,
00-0005091,Kevin Faulk,RB,NE,2004,13,0,0,0.0,0,,13,0,1,0.0,,,50,51,16.1,,
00-0005091,Kevin Faulk,RB,NE,2004,14,0,0,0.0,0,,1,0,1,0.0,,,29,26,8.7,,
00-0005091,Kevin Faulk,RB,NE,2004,15,0,0,0.0,0,,6,0,1,0.0,,,38,42,14.0,,
00-0005092,Marshall Faulk,RB,LA,2004,1,0,0,0.0,0,,22,0,2,0.0,,,30,31,18.5,,
00-0005092,Marshall Faulk,RB,LA,2004,2,0,0,0.0,0,,12,0,5,0.0,,,15,20,15.1,,
00-0005092,Marshall Faulk,RB,LA,2004,3,0,0,0.0,0,,12,0,8,0.0,,,15,23,23.0,,
00-0005092,Marshall Faulk,RB,LA,2004,4,0,0,0.0,0,,23,0,1,0.0,,,36,36,15.6,,
00-0005092,Marshall Faulk,RB,LA,2004,5,0,0,0.0,0,,15,0,1,0.0,,,24,24,6.5,,
00-0005092,Marshall Faulk,RB,LA,2004,6,0,0,0.0,0,,15,0,3,0.0,,,30,35,15.9,,
00-0005092,Marshall Faulk,RB,LA,2004,7,0,0,0.0,0,,12,0,8,0.0,,,19,29,21.5,,
00-0005092,Marshall Faulk,RB,LA,2004,9,0,0,0.0,0,,12,0,6,0.0,,,19,21,16.8,,
00-0005092,Marshall Faulk,RB,LA,2004,10,0,0,0.0,0,,18,0,5,0.0,,,31,35,19.0,,
00-0005092,Marshall Faulk,RB,LA,2004,11,0,0,0.0,0,,13,0,4,0.0,,-0.0,20,25,5.9,,
00-0005092,Marshall Faulk,RB,LA,2004,12,0,0,0.0,0,,7,0,5,0.0,,,17,22,13.1,,
00-0005092,Marshall Faulk,RB,LA,2004,15,0,0,0.0,0,,10,0,1,0.0,,,10,11,4.5,,
00-0005092,Marshall Faulk,RB,LA,2004,16,0,0,0.0,0,,17,0,0,0.0,,,44,42,5.4,,
00-0005092,Marshall Faulk,RB,LA,2004,17,0,0,0.0,0,,7,0,1,0.0,,,19,23,3.6,,
00-0005106,Brett Favre,QB,GB,2004,1,22,15,11.095,2,,1,0,0,0.0,,,47,50,9.6,,
00-0005106,Brett Favre,QB,GB,2004,2,42,24,-6.045,0,,1,0,0,0.0,,,31,36,11.0,,
00-0005106,Brett Favre,QB,GB,2004,3,44,30,21.829,1,,0,0,0,0.0,,,19,27,30.3,,
00-0005106,Brett Favre,QB,GB,2004,4,18,12,4.3,0,,0,0,0,0.0,,,19,21,6.4,,
00-0005106,Brett Favre,QB,GB,2004,5,44,24,4.655,0,,1,0,0,0.0,,,11,15,15.7,,
00-0005106,Brett Favre,QB,GB,2004,6,38,25,14.046,0,,2,0,0,0.0,,,39,42,18.1,,
00-0005106,Brett Favre,QB,GB,2004,7,29,23,19.175,1,,1,0,0,0.0,,,31,33,18.7,,
00-0005106,Brett Favre,QB,GB,2004,8,33,20,5.822,1,,0,0,0,0.0,,,28,34,11.6,,
00-0005106,Brett Favre,QB,GB,2004,10,29,20,17.631,0,,0,0,0,0.0,,,35,38,25.4,,
00-0005106,Brett Favre,QB,GB,2004,11,50,33,5.423,0,,2,0,0,0.0,,,21,23,16.9,,
00-0005106,Brett Favre,QB,GB,2004,12,27,18,14.584,0,,2,0,0,0.0,,,28,27,21.1,,
00-0005106,Brett Favre,QB,GB,2004,13,29,14,-11.921,3,,0,0,0,0.0,,,18,22,1.2,,
00-0005106,Brett Favre,QB,GB,2004,14,36,19,-2.334,1,,1,0,0,0.0,,,29,35,12.3,,
00-0005106,Brett Favre,QB,GB,2004,15,44,30,7.919,2,,2,0,0,0.0,,,21,23,16.6,,
00-0005106,Brett Favre,QB,GB,2004,16,43,30,20.329,1,,3,0,0,0.0,,,34,39,24.2,,
00-0005106,Brett Favre,QB,GB,2004,17,13,9,13.81,0,,0,0,0,0.0,,,30,30,15.8,,
00-0005180,Jay Fiedler,QB,MIA,2004,1,13,5,-7.324,1,,1,0,0,0.0,,,20,26,-2.3,,
00-0005180,Jay Fiedler,QB,MIA,2004,4,33,18,-24.306,4,,2,0,0,0.0,,,21,22,1.5,,
00-0005180,Jay Fiedler,QB,MIA,2004,5,41,20,-0.978,3,,3,0,0,0.0,,,26,21,10.6,,
00-0005180,Jay Fiedler,QB,MIA,2004,6,23,12,-7.45,5,,1,0,0,0.0,,,25,25,8.4,,
00-0005180,Jay Fiedler,QB,MIA,2004,7,17,13,10.617,5,,2,0,0,0.0,,,34,34,15.9,,
00-0005180,Jay Fiedler,QB,MIA,2004,8,41,20,-9.422,4,,1,0,0,0.0,,,16,18,15.3,,
00-0005180,Jay Fiedler,QB,MIA,2004,9,21,12,-2.267,2,,2,0,0,0.0,,,31,30,7.8,,
00-0005180,Jay Fiedler,QB,MIA,2004,11,1,1,-1.38,1,,0,0,0,0.0,0.0,,23,25,0.0,,
00-0005363,Doug Flutie,QB,LAC,2004,2,16,7,4.581,0,,2,0,0,0.0,,,25,25,10.5,,
00-0005363,Doug Flutie,QB,LAC,2004,17,22,13,9.855,1,,3,0,0,0.0,,,30,31,20.5,,
00-0005589,Gus Frerotte,QB,MIN,2004,3,1,0,-2.743,0,,0,0,0,0.0,,,24,23,0.0,,
00-0005620,Chris Fuamatu-Ma'afala,RB,JAX,2004,5,0,0,0.0,0,,4,0,3,0.0,,,18,28,11.6,,
00-0005620,Chris Fuamatu-Ma'afala,RB,JAX,2004,11,0,0,0.0,0,,3,0,0,0.0,,,32,29,1.2,,
00-0005620,Chris Fuamatu-Ma'afala,RB,JAX,2004,12,0,0,0.0,0,,2,0,0,0.0,,,27,29,0.2,,
00-0005620,Chris Fuamatu-Ma'afala,RB,JAX,2004,13,0,0,0.0,0,,6,0,0,0.0,,,34,38,2.0,,
00-0005620,Chris Fuamatu-Ma'afala,RB,JAX,2004,16,0,0,0.0,0,,4,0,0,0.0,,,20,10,2.5,,
00-0005620,Chris Fuamatu-Ma'afala,RB,JAX,2004,17,0,0,0.0,0,,1,0,0,0.0,,,34,10,0.4,,
00-0005720,Joey Galloway,WR,TB,2004,15,0,0,0.0,0,,2,0,2,0.0,,,34,30,17.7,,
00-0005741,Rich Gannon,QB,LV,2004,1,37,20,3.915,3,,0,0,0,0.0,,,22,28,16.2,,
00-0005741,Rich Gannon,QB,LV,2004,2,27,19,6.861,2,,4,0,0,0.0,,,26,28,14.8,,
00-0005741,Rich Gannon,QB,LV,2004,3,4,2,-0.292,0,,1,0,0,0.0,,,31,35,0.6,,
00-0005755,Jeff Garcia,QB,CLE,2004,1,24,15,0.668,2,,3,0,0,0.0,,,29,32,18.5,,
00-0005755,Jeff Garcia,QB,CLE,2004,2,27,8,-19.048,1,,4,0,0,0.0,,,26,24,0.2,,
00-0005755,Jeff Garcia,QB,CLE,2004,3,31,21,2.649,4,,3,0,0,0.0,,,23,23,8.1,,
00-0005755,Jeff Garcia,QB,CLE,2004,4,21,14,3.692,3,,3,0,0,0.0,,,32,27,11.3,,
00-0005755,Jeff Garcia,QB,CLE,2004,5,34,16,-4.409,3,,5,0,0,0.0,,,20,18,14.5,,
00-0005755,Jeff Garcia,QB,CLE,2004,6,23,16,15.656,1,,6,0,0,0.0,,,46,44,22.5,,
00-0005755,Jeff Garcia,QB,CLE,2004,7,32,21,8.231,3,,4,0,0,0.0,,,34,32,19.5,,
00-0005755,Jeff Garcia,QB,CLE,2004,9,26,15,-14.084,3,,2,0,0,0.0,,,28,28,4.3,,
00-0005755,Jeff Garcia,QB,CLE,2004,10,16,7,-13.868,4,,4,0,0,0.0,,,22,18,3.4,,
00-0005755,Jeff Garcia,QB,CLE,2004,11,17,10,-1.308,0,,0,0,0,0.0,,,27,28,7.5,,
00-0005755,Jeff Garcia,QB,CLE,2004,14,1,1,-4.265,1,,0,0,0,0.0,,,17,16,-1.8,,
00-0005779,Charlie Garner,RB,TB,2004,1,0,0,0.0,0,,11,0,1,0.0,,,15,13,3.9,,
00-0005779,Charlie Garner,RB,TB,2004,2,0,0,0.0,0,,13,0,6,0.0,,,24,24,15.9,,
00-0005779,Charlie Garner,RB,TB,2004,3,0,0,0.0,0,,6,0,2,0.0,,,22,10,6.5,,
00-0005883,Eddie George,RB,DAL,2004,1,0,0,0.0,0,,8,0,0,0.0,,,21,13,2.5,,
00-0005883,Eddie George,RB,DAL,2004,2,0,0,0.0,0,,18,0,2,0.0,,,28,31,15.9,,
00-0005883,Eddie George,RB,DAL,2004,3,0,0,0.0,0,,11,0,0,0.0,,,21,15,7.9,,
00-0005883,Eddie George,RB,DAL,2004,5,0,0,0.0,0,,15,0,0,0.0,,,30,19,7.5,,
00-0005883,Eddie George,RB,DAL,2004,6,0,0,0.0,0,,10,0,1,0.0,,,21,13,4.2,,
00-0005883,Eddie George,RB,DAL,2004,7,0,0,0.0,0,,10,0,1,0.0,,,16,12,12.1,,
00-0005883,Eddie George,RB,DAL,2004,8,0,0,0.0,0,,31,0,2,0.0,,,41,33,13.3,,
00-0005883,Eddie George,RB,DAL,2004,9,0,0,0.0,0,,8,0,1,0.0,,,27,15,3.6,,
00-0005883,Eddie George,RB,DAL,2004,10,0,0,0.0,0,,11,0,2,0.0,,,24,15,13.4,,
00-0005883,Eddie George,RB,DAL,2004,11,0,0,0.0,0,,3,0,0,0.0,,,35,33,0.5,,
00-0005883,Eddie George,RB,DAL,2004,12,0,0,0.0,0,,3,0,0,0.0,,,40,37,0.8,,
00-0005883,Eddie George,RB,DAL,2004,16,0,0,0.0,0,,3,0,0,0.0,,,30,27,0.6,,
00-0005883,Eddie George,RB,DAL,2004,17,0,0,0.0,0,,1,0,0,0.0,,,30,35,0.2,,
00-0006043,Terry Glenn,WR,DAL,2004,6,0,0,0.0,0,,1,0,7,0.0,,,21,13,20.7,,
00-0006043,Terry Glenn,WR,DAL,2004,7,1,0,-0.402,0,,0,0,1,0.0,,,16,12,1.6,,
00-0006101,Tony Gonzalez,TE,KC,2004,17,0,0,0.0,0,,1,0,14,0.0,,,20,25,28.9,,
00-0006305,Ahman Green,RB,GB,2004,1,0,0,0.0,0,,33,0,2,0.0,,,47,50,31.6,,
00-0006305,Ahman Green,RB,GB,2004,2,0,0,0.0,0,,24,0,2,0.0,,,31,36,13.5,,
00-0006305,Ahman Green,RB,GB,2004,3,0,0,0.0,0,,17,0,4,0.0,,,19,27,14.1,,
00-0006305,Ahman Green,RB,GB,2004,4,0,0,0.0,0,,15,0,3,0.0,,,19,21,11.6,,
00-0006305,Ahman Green,RB,GB,2004,5,0,0,0.0,0,,10,0,2,0.0,,,11,15,3.8,,
00-0006305,Ahman Green,RB,GB,2004,6,1,1,3.151,0,,21,0,3,0.0,,,39,42,16.2,,
00-0006305,Ahman Green,RB,GB,2004,7,0,0,0.0,0,,15,0,3,0.0,,,31,33,31.7,,
00-0006305,Ahman Green,RB,GB,2004,8,0,0,0.0,0,,24,0,4,0.0,,,28,34,30.3,,
00-0006305,Ahman Green,RB,GB,2004,10,0,0,0.0,0,,21,0,2,0.0,,,35,38,17.2,,
00-0006305,Ahman Green,RB,GB,2004,11,0,0,0.0,0,,5,0,0,0.0,,,21,23,1.5,,
00-0006305,Ahman Green,RB,GB,2004,13,0,0,0.0,0,,11,0,3,0.0,,,18,22,8.4,,
00-0006305,Ahman Green,RB,GB,2004,14,0,0,0.0,0,,23,0,5,0.0,,,29,35,14.6,,
00-0006305,Ahman Green,RB,GB,2004,15,0,0,0.0,0,,17,0,2,0.0,,,21,23,10.5,,
00-0006305,Ahman Green,RB,GB,2004,16,0,0,0.0,0,,19,0,4,0.0,,,34,39,19.0,,
00-0006305,Ahman Green,RB,GB,2004,17,0,0,0.0,0,,4,0,1,0.0,,,30,30,4.6,,
00-0006355,Trent Green,QB,KC,2004,1,32,16,-7.566,1,,1,0,0,0.0,,,28,29,5.3,,
00-0006355,Trent Green,QB,KC,2004,2,34,17,-10.344,3,,2,0,0,0.0,,,23,23,5.0,,
00-0006355,Trent Green,QB,KC,2004,3,30,21,2.657,3,,0,0,0,0.0,,,36,33,19.0,,
00-0006355,Trent Green,QB,KC,2004,4,31,21,11.318,1,,5,0,0,0.0,,,46,39,14.6,,
00-0006355,Trent Green,QB,KC,2004,6,33,23,12.032,6,,0,0,0,0.0,,,21,25,18.6,,
00-0006355,Trent Green,QB,KC,2004,7,27,20,14.749,0,,0,0,0,0.0,,,49,47,10.8,,
00-0006355,Trent Green,QB,KC,2004,8,34,27,28.619,1,,3,0,0,0.0,,,42,41,27.3,,
00-0006355,Trent Green,QB,KC,2004,9,42,32,19.576,2,,2,0,0,0.0,0.0,,30,34,23.2,,
00-0006355,Trent Green,QB,KC,2004,10,33,22,7.201,2,,1,0,0,0.0,,,36,36,11.7,,
00-0006355,Trent Green,QB,KC,2004,11,42,27,10.886,4,,1,0,0,0.0,,,20,24,21.8,,
00-0006355,Trent Green,QB,KC,2004,12,34,21,0.267,1,,1,0,0,0.0,,,20,22,9.0,,
00-0006355,Trent Green,QB,KC,2004,13,35,23,18.503,0,,4,0,0,0.0,,,36,38,24.1,,
00-0006355,Trent Green,QB,KC,2004,14,32,18,10.126,1,,2,0,0,0.0,,,24,25,17.7,,
00-0006355,Trent Green,QB,KC,2004,15,19,16,16.567,3,,0,0,0,0.0,,,36,34,21.0,,
00-0006355,Trent Green,QB,KC,2004,16,45,32,12.474,4,,2,0,0,0.0,,,29,29,19.5,,
00-0006355,Trent Green,QB,KC,2004,17,53,33,2.885,0,,1,0,0,0.0,,,20,25,11.6,,
00-0006423,Brian Griese,QB,TB,2004,5,19,16,6.891,3,,5,0,0,0.0,,,26,21,11.6,,
00-0006423,Brian Griese,QB,TB,2004,6,40,27,14.323,2,,4,0,0,0.0,,,22,17,17.5,,
00-0006423,Brian Griese,QB,TB,2004,7,23,15,1.928,1,,2,0,0,0.0,,,37,30,10.4,,
00-0006423,Brian Griese,QB,TB,2004,9,34,22,8.467,1,,4,0,0,0.0,,,20,21,19.9,,
00-0006423,Brian Griese,QB,TB,2004,10,26,19,-1.431,7,,1,0,0,0.0,,,23,27,13.1,,
00-0006423,Brian Griese,QB,TB,2004,11,21,15,9.755,1,,3,0,0,0.0,,,35,26,12.9,,
00-0006423,Brian Griese,QB,TB,2004,12,39,27,15.406,2,,2,0,0,0.0,,,28,28,20.8,,
00-0006423,Brian Griese,QB,TB,2004,13,21,13,-5.804,3,,4,0,0,0.0,,,31,21,6.9,,
00-0006423,Brian Griese,QB,TB,2004,14,50,36,3.006,3,,1,0,1,0.0,,,18,21,20.6,,
00-0006423,Brian Griese,QB,TB,2004,15,22,13,-1.313,1,,2,0,0,0.0,,,34,30,6.7,,
00-0006423,Brian Griese,QB,TB,2004,16,41,30,4.568,2,,2,0,0,0.0,,,13,13,19.1,,
00-0006627,Az-Zahir Hakim,WR,DET,2004,9,0,0,0.0,0,,1,0,7,0.0,,,24,26,19.0,,
00-0007091,Matt Hasselbeck,QB,SEA,2004,1,29,19,11.326,0,,4,0,0,0.0,,,43,34,11.7,,
00-0007091,Matt Hasselbeck,QB,SEA,2004,2,26,12,-5.692,4,,1,0,0,0.0,,,23,21,7.7,,
00-0007091,Matt Hasselbeck,QB,SEA,2004,3,30,21,12.948,1,,1,0,0,0.0,,,37,32,18.1,,
00-0007091,Matt Hasselbeck,QB,SEA,2004,5,35,20,6.072,1,,2,0,0,0.0,,,30,26,17.9,,
00-0007091,Matt Hasselbeck,QB,SEA,2004,6,50,27,0.727,3,,0,0,0,0.0,,,21,21,12.0,,
00-0007091,Matt Hasselbeck,QB,SEA,2004,7,41,14,-12.374,1,,1,0,0,0.0,,,14,12,4.7,,
00-0007091,Matt Hasselbeck,QB,SEA,2004,8,30,21,2.646,1,,7,0,0,0.0,,,43,35,12.4,,
00-0007091,Matt Hasselbeck,QB,SEA,2004,9,28,17,14.485,3,,3,0,0,0.0,,,37,30,23.3,,
00-0007091,Matt Hasselbeck,QB,SEA,2004,10,36,15,-6.661,1,,1,0,0,0.0,,,28,26,6.6,,
00-0007091,Matt Hasselbeck,QB,SEA,2004,12,38,19,-6.819,2,,2,0,0,0.0,,,17,17,8.0,,
00-0007091,Matt Hasselbeck,QB,SEA,2004,13,40,28,23.053,2,,3,0,0,0.0,,,27,25,32.2,,
00-0007091,Matt Hasselbeck,QB,SEA,2004,14,34,23,13.463,3,,1,0,0,0.0,,,31,32,22.7,,
00-0007091,Matt Hasselbeck,QB,SEA,2004,15,30,22,6.631,3,,1,0,0,0.0,,,23,24,14.0,,
00-0007091,Matt Hasselbeck,QB,SEA,2004,17,27,21,0.933,4,,1,0,0,0.0,,,21,22,19.7,,
00-0007180,Garrison Hearst,RB,DEN,2004,1,0,0,0.0,0,,2,0,1,0.0,,,35,29,2.0,,
00-0007180,Garrison Hearst,RB,DEN,2004,3,0,0,0.0,0,,3,0,0,0.0,,,21,23,1.3,,
00-0007180,Garrison Hearst,RB,DEN,2004,9,0,0,0.0,0,,5,0,0,0.0,,,36,38,1.3,,
00-0007180,Garrison Hearst,RB,DEN,2004,12,0,0,0.0,0,,1,0,0,0.0,,,34,32,0.2,,
00-0007180,Garrison Hearst,RB,DEN,2004,15,0,0,0.0,0,,5,0,1,0.0,,,20,22,11.1,,
00-0007180,Garrison Hearst,RB,DEN,2004,16,0,0,0.0,0,,4,0,0,0.0,,,46,41,2.2,,
00-0007468,Ike Hilliard,WR,NYG,2004,8,0,0,0.0,0,,1,0,2,0.0,,,39,34,3.3,,
00-0007468,Ike Hilliard,WR,NYG,2004,10,0,0,0.0,0,,1,0,1,0.0,,,28,29,3.0,,
00-0007468,Ike Hilliard,WR,NYG,2004,12,0,0,0.0,0,,1,0,0,0.0,,,26,23,1.7,,
00-0007576,Kelly Holcomb,QB,CLE,2004,10,9,5,2.119,0,,0,0,0,0.0,,,22,18,4.6,,
00-0007576,Kelly Holcomb,QB,CLE,2004,11,10,4,-3.629,1,,0,0,0,0.0,,,27,28,1.3,,
00-0007576,Kelly Holcomb,QB,CLE,2004,12,39,30,12.243,3,,1,0,0,0.0,,,17,17,32.5,,
00-0007576,Kelly Holcomb,QB,CLE,2004,17,29,20,-1.89,1,,2,0,0,0.0,,,32,31,8.9,,
00-0007661,Priest Holmes,RB,KC,2004,1,0,0,0.0,0,,26,0,2,0.0,,,28,29,34.9,,
00-0007661,Priest Holmes,RB,KC,2004,2,0,0,0.0,0,,16,0,3,0.0,,,23,23,17.2,,
00-0007661,Priest Holmes,RB,KC,2004,3,0,0,0.0,0,,32,0,0,0.0,,,36,33,13.4,,
00-0007661,Priest Holmes,RB,KC,2004,4,0,0,0.0,0,,33,0,0,0.0,,,46,39,24.5,,
00-0007661,Priest Holmes,RB,KC,2004,6,0,0,0.0,0,,19,0,4,0.0,,,21,25,22.2,,
00-0007661,Priest Holmes,RB,KC,2004,7,0,0,0.0,0,,22,0,3,0.0,,,49,47,43.0,,
00-0007661,Priest Holmes,RB,KC,2004,8,0,0,0.0,0,,32,0,3,0.0,,,42,41,41.5,,
00-0007661,Priest Holmes,RB,KC,2004,9,0,0,0.0,0,,16,0,4,0.0,0.0,,30,34,16.2,,
00-0008196,Terry Jackson,RB,SF,2004,1,0,0,0.0,0,,3,0,3,0.0,,,23,27,8.0,,
00-0008196,Terry Jackson,RB,SF,2004,2,0,0,0.0,0,,5,0,0,0.0,,,34,37,2.8,,
00-0008196,Terry Jackson,RB,SF,2004,3,0,0,0.0,0,,2,0,1,0.0,,,18,21,1.5,,
00-0008196,Terry Jackson,RB,SF,2004,4,0,0,0.0,0,,3,0,4,0.0,,,19,28,7.1,,
00-0008196,Terry Jackson,RB,SF,2004,6,0,0,0.0,0,,1,0,0,0.0,,,27,23,0.5,,
00-0008196,Terry Jackson,RB,SF,2004,10,0,0,0.0,0,,2,0,2,0.0,,,33,36,4.4,,
00-0008196,Terry Jackson,RB,SF,2004,13,0,0,0.0,0,,3,0,0,0.0,,,27,28,-0.8,,
00-0008196,Terry Jackson,RB,SF,2004,14,0,0,0.0,0,,5,0,2,0.0,,,41,46,4.0,,
00-0008196,Terry Jackson,RB,SF,2004,16,0,0,0.0,0,,2,0,1,0.0,,,28,29,2.6,,
00-0008241,Edgerrin James,RB,IND,2004,1,0,0,0.0,0,,30,0,3,0.0,,,42,43,16.1,,
00-0008241,Edgerrin James,RB,IND,2004,2,0,0,0.0,0,,21,0,2,0.0,,,23,23,26.7,,
00-0008241,Edgerrin James,RB,IND,2004,3,0,0,0.0,0,,21,0,1,0.0,,,24,24,14.9,,
00-0008241,Edgerrin James,RB,IND,2004,4,0,0,0.0,0,,19,0,3,0.0,,,27,27,19.8,,
00-0008241,Edgerrin James,RB,IND,2004,5,0,0,0.0,0,,32,0,2,0.0,,,40,42,23.5,,
00-0008241,Edgerrin James,RB,IND,2004,7,0,0,0.0,0,,18,0,6,0.0,,,18,25,20.1,,
00-0008241,Edgerrin James,RB,IND,2004,8,0,0,0.0,0,,10,0,6,0.0,,,12,17,18.4,,
00-0008241,Edgerrin James,RB,IND,2004,9,0,0,0.0,0,,26,0,5,0.0,,,31,34,22.9,,
00-0008241,Edgerrin James,RB,IND,2004,10,0,0,0.0,0,,20,0,2,0.0,,,20,22,12.0,,
00-0008241,Edgerrin James,RB,IND,2004,11,0,0,0.0,0,,23,0,1,0.0,,,39,36,28.5,,
00-0008241,Edgerrin James,RB,IND,2004,12,0,0,0.0,0,,23,0,3,0.0,,,29,30,15.1,,
00-0008241,Edgerrin James,RB,IND,2004,13,0,0,0.0,0,,18,0,4,0.0,,,28,26,29.6,,
00-0008241,Edgerrin James,RB,IND,2004,14,0,0,0.0,0,,28,0,7,0.0,,,30,35,22.8,,
00-0008241,Edgerrin James,RB,IND,2004,15,0,0,0.0,0,,22,0,1,0.0,,,24,23,16.2,,
00-0008241,Edgerrin James,RB,IND,2004,16,0,0,0.0,0,,22,0,5,0.0,,,25,30,19.7,,
00-0008241,Edgerrin James,RB,IND,2004,17,0,0,0.0,0,,1,0,0,0.0,,,15,15,-0.2,,
00-0008442,Brad Johnson,QB,TB,2004,1,37,24,-13.704,4,,0,0,0,0.0,,,15,13,2.8,,
00-0008442,Brad Johnson,QB,TB,2004,2,7,4,-8.856,1,,1,0,0,0.0,,,24,24,-0.3,,
00-0008442,Brad Johnson,QB,TB,2004,3,36,22,5.271,2,,3,0,0,0.0,,,22,10,21.7,,
00-0008442,Brad Johnson,QB,TB,2004,4,23,15,4.106,1,,1,0,0,0.0,,,24,19,11.2,,
00-0008560,Kevin Johnson,WR,BAL,2004,4,0,0,0.0,0,,1,0,2,0.0,,,20,18,4.8,,
00-0008561,Keyshawn Johnson,WR,DAL,2004,5,1,0,-0.476,0,,0,0,4,0.0,,,30,19,14.3,,
00-0008561,Keyshawn Johnson,WR,DAL,2004,6,0,0,0.0,0,,1,0,6,0.0,,,21,13,19.4,,
00-0008561,Keyshawn Johnson,WR,DAL,2004,10,0,0,0.0,0,,1,0,4,0.0,,,24,15,9.3,,
00-0008561,Keyshawn Johnson,WR,DAL,2004,14,1,0,-0.829,0,,0,0,2,0.0,,,27,25,4.5,,
00-0009163,Eddie Kennison,WR,KC,2004,9,0,0,0.0,0,,1,0,6,0.0,0.0,,30,34,15.9,,
00-0009163,Eddie Kennison,WR,KC,2004,10,0,0,0.0,0,,1,0,7,0.0,,,36,36,25.1,,
00-0009266,Shaun King,QB,ARI,2004,3,6,5,-0.963,1,,0,0,0,0.0,,,26,22,1.6,,
00-0009266,Shaun King,QB,ARI,2004,11,52,28,-11.575,4,,6,0,0,0.0,,,28,24,11.9,,
00-0009266,Shaun King,QB,ARI,2004,12,26,14,1.291,1,,3,0,0,0.0,,,24,26,3.6,,
00-0009311,Jon Kitna,QB,CIN,2004,14,13,9,6.284,0,,1,0,0,0.0,,,31,30,7.9,,
00-0009311,Jon Kitna,QB,CIN,2004,15,32,16,-11.567,3,,4,0,0,0.0,,,31,26,4.8,,
00-0009311,Jon Kitna,QB,CIN,2004,16,32,20,6.465,3,,2,0,0,0.0,,,25,24,14.8,,
00-0009311,Jon Kitna,QB,CIN,2004,17,27,16,2.045,0,,3,0,0,0.0,,,35,32,11.5,,
00-0009829,Dorsey Levens,RB,PHI,2004,2,0,0,0.0,0,,1,0,0,0.0,,,17,18,0.1,,
00-0009829,Dorsey Levens,RB,PHI,2004,4,0,0,0.0,0,,8,0,1,0.0,,,33,42,3.9,,
00-0009829,Dorsey Levens,RB,PHI,2004,6,0,0,0.0,0,,4,0,0,0.0,,,20,22,7.1,,
00-0009829,Dorsey Levens,RB,PHI,2004,7,0,0,0.0,0,,7,0,1,0.0,,,23,26,7.0,,
00-0009829,Dorsey Levens,RB,PHI,2004,8,0,0,0.0,0,,12,0,2,0.0,,,23,20,7.0,,
00-0009829,Dorsey Levens,RB,PHI,2004,9,0,0,0.0,0,,2,0,0,0.0,,,9,12,0.4,,
00-0009829,Dorsey Levens,RB,PHI,2004,10,0,0,0.0,0,,12,0,0,0.0,,,33,31,13.3,,
00-0009829,Dorsey Levens,RB,PHI,2004,11,0,0,0.0,0,,7,0,0,0.0,,,31,28,1.9,,
00-0009829,Dorsey Levens,RB,PHI,2004,12,0,0,0.0,0,,9,0,0,0.0,,,38,35,3.8,,
00-0009829,Dorsey Levens,RB,PHI,2004,13,0,0,0.0,0,,7,0,2,0.0,,,21,32,9.7,,
00-0009829,Dorsey Levens,RB,PHI,2004,14,0,0,0.0,0,,3,0,1,0.0,,,17,22,8.3,,
00-0009829,Dorsey Levens,RB,PHI,2004,15,0,0,0.0,0,,12,0,1,0.0,,,28,33,13.0,,
00-0009829,Dorsey Levens,RB,PHI,2004,16,0,0,0.0,0,,10,0,1,0.0,,,23,22,7.7,,
00-0010261,Tommy Maddox,QB,PIT,2004,1,22,13,-2.71,2,,3,0,0,0.0,,,33,30,5.0,,
00-0010261,Tommy Maddox,QB,PIT,2004,2,13,4,-9.546,2,,1,0,0,0.0,,,25,17,0.8,,
00-0010261,Tommy Maddox,QB,PIT,2004,16,1,1,-1.444,0,,4,0,0,0.0,,,42,29,-0.1,,
00-0010261,Tommy Maddox,QB,PIT,2004,17,24,12,-8.899,2,,1,0,0,0.0,,,43,29,5.0,,
00-0010346,Peyton Manning,QB,IND,2004,1,29,16,10.203,1,,2,0,0,0.0,,,42,43,18.0,,
00-0010346,Peyton Manning,QB,IND,2004,2,33,24,11.02,1,,2,0,0,0.0,,,23,23,18.7,,
00-0010346,Peyton Manning,QB,IND,2004,3,40,28,23.876,0,,2,0,0,0.0,,,24,24,35.5,,
00-0010346,Peyton Manning,QB,IND,2004,4,29,20,10.957,0,,3,0,0,0.0,,,27,27,14.5,,
00-0010346,Peyton Manning,QB,IND,2004,5,26,16,6.813,1,,2,0,0,0.0,,,40,42,17.9,,
00-0010346,Peyton Manning,QB,IND,2004,7,39,27,17.805,1,,0,0,0,0.0,,,18,25,26.7,,
00-0010346,Peyton Manning,QB,IND,2004,8,44,25,24.9,0,,0,0,0,0.0,,,12,17,36.9,,
00-0010346,Peyton Manning,QB,IND,2004,9,29,23,20.477,1,,4,0,0,0.0,,,31,34,28.7,,
00-0010346,Peyton Manning,QB,IND,2004,10,27,18,13.287,1,,0,0,0,0.0,,,20,22,28.8,,
00-0010346,Peyton Manning,QB,IND,2004,11,28,17,6.467,0,,1,0,0,0.0,,,39,36,22.9,,
00-0010346,Peyton Manning,QB,IND,2004,12,28,23,21.578,0,,1,0,0,0.0,,,29,30,33.8,,
00-0010346,Peyton Manning,QB,IND,2004,13,33,25,19.749,1,,3,0,0,0.0,,,28,26,22.7,,
00-0010346,Peyton Manning,QB,IND,2004,14,33,26,16.477,2,,2,0,0,0.0,,,30,35,19.6,,
00-0010346,Peyton Manning,QB,IND,2004,15,33,20,6.113,0,,2,0,0,0.0,,,24,23,13.8,,
00-0010346,Peyton Manning,QB,IND,2004,16,44,27,12.756,4,,1,0,0,0.0,,,25,30,21.2,,
00-0010346,Peyton Manning,QB,IND,2004,17,2,1,-0.982,0,,0,0,0,0.0,,,15,15,0.2,,
00-0010442,Curtis Martin,RB,NYJ,2004,1,0,0,0.0,0,,29,0,3,0.0,,,34,33,35.3,,
00-0010442,Curtis Martin,RB,NYJ,2004,2,0,0,0.0,0,,32,0,6,0.0,,,35,40,32.4,,
00-0010442,Curtis Martin,RB,NYJ,2004,4,0,0,0.0,0,,24,0,4,0.0,,,31,28,24.1,,
00-0010442,Curtis Martin,RB,NYJ,2004,5,0,0,0.0,0,,22,0,6,0.0,,,23,28,16.0,,
00-0010442,Curtis Martin,RB,NYJ,2004,6,0,0,0.0,0,,25,0,3,0.0,,,32,31,28.1,,
00-0010442,Curtis Martin,RB,NYJ,2004,7,0,0,0.0,0,,20,0,2,0.0,,,27,26,9.0,,
00-0010442,Curtis Martin,RB,NYJ,2004,8,0,0,0.0,0,,19,0,1,0.0,,,41,35,19.8,,
00-0010442,Curtis Martin,RB,NYJ,2004,9,0,0,0.0,0,,19,0,0,0.0,,,25,21,6.7,,
00-0010442,Curtis Martin,RB,NYJ,2004,10,0,0,0.0,0,,28,0,2,0.0,,,36,34,26.4,,
00-0010442,Curtis Martin,RB,NYJ,2004,11,0,0,0.0,0,,17,0,0,0.0,,,39,36,8.8,,
00-0010442,Curtis Martin,RB,NYJ,2004,12,0,0,0.0,0,,24,0,0,0.0,,,38,37,9.9,,
00-0010442,Curtis Martin,RB,NYJ,2004,13,0,0,0.0,0,,23,0,4,0.0,,,36,39,31.4,,
00-0010442,Curtis Martin,RB,NYJ,2004,14,0,0,0.0,0,,24,0,3,0.0,,,32,30,13.7,,
00-0010442,Curtis Martin,RB,NYJ,2004,15,0,0,0.0,0,,24,0,0,0.0,,,41,41,25.4,,
00-0010442,Curtis Martin,RB,NYJ,2004,16,0,0,0.0,0,,13,0,5,0.0,,,18,23,12.7,,
00-0010442,Curtis Martin,RB,NYJ,2004,17,0,0,0.0,0,,28,0,2,0.0,,,39,38,19.5,,
00-0010455,Jamie Martin,QB,LA,2004,15,31,16,4.395,2,,0,0,0,0.0,,,10,11,7.5,,
00-0010500,Derrick Mason,WR,TEN,2004,2,0,0,0.0,0,,1,0,8,0.0,,,30,28,18.1,,
00-0010560,Shane Matthews,QB,BUF,2004,8,0,0,0.0,0,,2,0,0,0.0,,,38,36,-0.3,,
00-0010560,Shane Matthews,QB,BUF,2004,16,3,2,5.495,0,,0,0,0,0.0,,,36,34,5.8,,
00-0010632,Fred McAfee,RB,NO,2004,6,0,0,0.0,0,,1,0,0,0.0,,,23,24,5.3,,
00-0010632,Fred McAfee,RB,NO,2004,14,0,0,0.0,0,,1,0,0,0.0,,,37,38,0.1,,
00-0010668,Keenan McCardell,WR,LAC,2004,9,1,0,-0.398,0,,0,0,6,0.0,,,35,33,14.9,,
00-0010668,Keenan McCardell,WR,LAC,2004,11,0,0,0.0,0,,1,0,7,0.0,,,44,38,16.4,,
00-0011022,Donovan McNabb,QB,PHI,2004,1,36,26,21.13,2,,4,0,0,0.0,,,27,26,30.4,,
00-0011022,Donovan McNabb,QB,PHI,2004,2,28,19,12.154,2,,3,0,0,0.0,,,17,18,26.2,,
00-0011022,Donovan McNabb,QB,PHI,2004,3,42,29,15.189,2,,5,0,0,0.0,,,19,21,26.0,,
00-0011022,Donovan McNabb,QB,PHI,2004,4,38,24,6.329,2,,1,0,0,0.0,,,33,42,11.7,,
00-0011022,Donovan McNabb,QB,PHI,2004,6,26,14,1.058,1,,3,0,0,0.0,,,20,22,7.0,,
00-0011022,Donovan McNabb,QB,PHI,2004,7,43,28,11.739,2,,2,0,0,0.0,,,23,26,31.8,,
00-0011022,Donovan McNabb,QB,PHI,2004,8,33,18,1.02,2,,6,0,0,0.0,,,23,20,14.4,,
00-0011022,Donovan McNabb,QB,PHI,2004,9,24,15,-16.458,4,,0,0,0,0.0,,,9,12,2.4,,
00-0011022,Donovan McNabb,QB,PHI,2004,10,28,15,23.475,1,,2,0,0,0.0,,,33,31,31.2,,
00-0011022,Donovan McNabb,QB,PHI,2004,11,26,18,11.97,3,,5,0,0,0.0,,,31,28,24.3,,
00-0011022,Donovan McNabb,QB,PHI,2004,12,27,18,6.642,2,,5,0,0,0.0,,,38,35,20.8,,
00-0011022,Donovan McNabb,QB,PHI,2004,13,43,32,23.744,4,,0,0,0,0.0,,,21,32,36.6,,
00-0011022,Donovan McNabb,QB,PHI,2004,14,38,21,1.967,2,,2,0,0,0.0,,,17,22,13.2,,
00-0011022,Donovan McNabb,QB,PHI,2004,15,35,20,-6.834,2,,4,0,0,0.0,,,28,33,9.8,,
00-0011022,Donovan McNabb,QB,PHI,2004,16,3,3,6.678,0,,0,0,0,0.0,,,23,22,5.4,,
00-0011024,Steve McNair,QB,TEN,2004,1,14,9,1.835,2,,2,0,0,0.0,,,36,29,8.0,,
00-0011024,Steve McNair,QB,TEN,2004,2,39,25,2.095,3,,2,0,0,0.0,,,30,28,13.1,,
00-0011024,Steve McNair,QB,TEN,2004,3,26,16,-7.14,3,,3,0,0,0.0,,,26,26,5.5,,
00-0011024,Steve McNair,QB,TEN,2004,5,26,15,16.696,0,,7,0,0,0.0,,,44,42,19.8,,
00-0011024,Steve McNair,QB,TEN,2004,6,41,19,-13.092,1,,4,0,0,0.0,,,22,19,7.7,,
00-0011024,Steve McNair,QB,TEN,2004,7,5,2,-2.027,0,,0,0,0,0.0,,,14,17,0.1,,
00-0011024,Steve McNair,QB,TEN,2004,11,30,18,-0.613,3,,2,0,0,0.0,0.0,,27,31,10.8,,
00-0011024,Steve McNair,QB,TEN,2004,12,34,25,5.938,1,,3,0,0,0.0,,,25,23,17.5,,
00-0011727,Johnnie Morton,WR,KC,2004,3,0,0,0.0,0,,1,0,4,0.0,,,36,33,10.7,,
00-0011727,Johnnie Morton,WR,KC,2004,4,0,0,0.0,0,,1,0,5,0.0,,,46,39,11.8,,
00-0011727,Johnnie Morton,WR,KC,2004,8,0,0,0.0,0,,2,0,5,0.0,,,42,41,20.5,,
00-0011727,Johnnie Morton,WR,KC,2004,9,0,0,0.0,0,,1,0,6,0.0,0.0,,30,34,19.5,,
00-0011727,Johnnie Morton,WR,KC,2004,12,0,0,0.0,0,,1,0,4,0.0,,,20,22,8.2,,
00-0011727,Johnnie Morton,WR,KC,2004,14,0,0,0.0,0,,1,0,2,0.0,,,24,25,11.7,,
00-0011754,Randy Moss,WR,MIN,2004,1,1,1,2.729,0,,0,0,4,0.0,,,28,25,20.2,,
00-0011754,Randy Moss,WR,MIN,2004,14,1,0,-4.587,0,,0,0,4,0.0,,,25,26,18.4,,
00-0011770,Eric Moulds,WR,BUF,2004,2,0,0,0.0,0,,1,0,2,0.0,,,24,25,12.4,,
00-0011770,Eric Moulds,WR,BUF,2004,6,0,0,0.0,0,,1,0,5,0.0,,,31,33,15.3,,
00-0011770,Eric Moulds,WR,BUF,2004,11,0,0,0.0,0,,1,0,3,0.0,,,26,26,5.9,,
00-0011770,Eric Moulds,WR,BUF,2004,13,0,0,0.0,0,,1,0,5,0.0,,,28,27,17.7,,
00-0011770,Eric Moulds,WR,BUF,2004,16,0,0,0.0,0,,1,0,8,0.0,,,36,34,16.2,,
00-0011795,Muhsin Muhammad,WR,CAR,2004,4,0,0,0.0,0,,1,0,7,0.0,,,21,23,16.7,,
00-0011795,Muhsin Muhammad,WR,CAR,2004,11,0,0,0.0,0,,1,0,6,0.0,,,27,26,31.1,,
00-0011795,Muhsin Muhammad,WR,CAR,2004,16,0,0,0.0,0,,1,0,8,0.0,,,36,37,31.4,,
00-0012478,Terrell Owens,WR,PHI,2004,2,0,0,0.0,0,,1,0,4,0.0,,,17,18,17.6,,
00-0012478,Terrell Owens,WR,PHI,2004,10,0,0,0.0,0,,1,0,6,0.0,,,33,31,38.0,,
00-0012478,Terrell Owens,WR,PHI,2004,13,0,0,0.0,0,,1,0,8,0.0,,,21,32,29.3,,
00-0012642,David Patten,WR,NE,2004,6,0,0,0.0,0,,1,0,5,0.0,,,33,36,17.3,,
00-0012726,Doug Pederson,QB,GB,2004,3,6,4,-1.189,0,,0,0,0,0.0,,,19,27,-0.6,,
00-0012726,Doug Pederson,QB,GB,2004,4,17,7,-6.909,0,,2,0,0,0.0,,,19,21,2.9,,
00-0012732,Rodney Peete,QB,CAR,2004,11,1,1,-0.697,0,,1,0,0,0.0,,,27,26,0.0,,
00-0013013,Michael Pittman,RB,TB,2004,4,0,0,0.0,0,,15,0,0,0.0,,,24,19,7.2,,
00-0013013,Michael Pittman,RB,TB,2004,5,0,0,0.0,0,,15,0,5,0.0,,,26,21,13.0,,
00-0013013,Michael Pittman,RB,TB,2004,6,0,0,0.0,0,,13,0,4,0.0,,,22,17,13.3,,
00-0013013,Michael Pittman,RB,TB,2004,7,0,0,0.0,0,,23,0,2,0.0,,,37,30,22.4,,
00-0013013,Michael Pittman,RB,TB,2004,9,0,0,0.0,0,,15,0,2,0.0,,,20,21,35.8,,
00-0013013,Michael Pittman,RB,TB,2004,10,0,0,0.0,0,,20,0,4,0.0,,,23,27,11.8,,
00-0013013,Michael Pittman,RB,TB,2004,11,0,0,0.0,0,,21,0,0,0.0,,,35,26,22.6,,
00-0013013,Michael Pittman,RB,TB,2004,12,0,0,0.0,0,,18,0,8,0.0,,,28,28,32.3,,
00-0013013,Michael Pittman,RB,TB,2004,13,0,0,0.0,0,,17,0,2,0.0,,,31,21,16.0,,
00-0013013,Michael Pittman,RB,TB,2004,14,0,0,0.0,0,,12,0,6,0.0,,,18,21,14.8,,
00-0013013,Michael Pittman,RB,TB,2004,15,0,0,0.0,0,,24,0,2,0.0,,,34,30,14.1,,
00-0013013,Michael Pittman,RB,TB,2004,16,0,0,0.0,0,,10,0,3,0.0,,,13,13,8.4,,
00-0013013,Michael Pittman,RB,TB,2004,17,0,0,0.0,0,,16,0,3,0.0,,,21,20,9.0,,
00-0013042,Jake Plummer,QB,DEN,2004,1,29,18,1.123,2,,7,0,0,0.0,,,35,29,16.5,,
00-0013042,Jake Plummer,QB,DEN,2004,2,39,23,5.777,0,,6,0,0,0.0,,,35,35,12.4,,
00-0013042,Jake Plummer,QB,DEN,2004,3,36,25,13.552,1,,2,0,0,0.0,,,21,23,19.9,,
00-0013042,Jake Plummer,QB,DEN,2004,4,31,13,-0.112,0,,5,0,0,0.0,,,35,31,11.3,,
00-0013042,Jake Plummer,QB,DEN,2004,5,29,17,-3.065,1,,4,0,0,0.0,,,37,37,13.8,,
00-0013042,Jake Plummer,QB,DEN,2004,6,20,11,11.677,0,,1,0,0,0.0,,,51,49,19.1,,
00-0013042,Jake Plummer,QB,DEN,2004,7,40,23,-7.911,3,,1,0,0,0.0,,,26,28,9.1,,
00-0013042,Jake Plummer,QB,DEN,2004,8,55,31,5.026,0,,2,0,0,0.0,,,19,21,30.5,,
00-0013042,Jake Plummer,QB,DEN,2004,9,24,16,13.64,1,,1,0,0,0.0,,,36,38,25.6,,
00-0013042,Jake Plummer,QB,DEN,2004,11,29,19,10.379,0,,3,0,0,0.0,,,31,31,16.9,,
00-0013042,Jake Plummer,QB,DEN,2004,12,23,14,4.328,0,,5,0,0,0.0,,,34,32,11.6,,
00-0013042,Jake Plummer,QB,DEN,2004,13,40,16,-12.588,2,,2,0,0,0.0,,,24,25,3.7,,
00-0013042,Jake Plummer,QB,DEN,2004,14,30,16,-4.526,0,,5,0,0,0.0,,,40,38,5.9,,
00-0013042,Jake Plummer,QB,DEN,2004,15,41,23,-0.212,6,,2,0,0,0.0,,,20,22,14.6,,
00-0013042,Jake Plummer,QB,DEN,2004,16,26,21,18.894,0,,7,0,0,0.0,,,46,41,20.9,,
00-0013042,Jake Plummer,QB,DEN,2004,17,30,17,9.476,1,,7,0,0,0.0,,,42,37,25.3,,
00-0013232,Peerless Price,WR,ATL,2004,1,0,0,0.0,0,,1,0,4,0.0,,,28,23,11.8,,
00-0013232,Peerless Price,WR,ATL,2004,2,0,0,0.0,0,,1,0,2,0.0,,,38,29,4.7,,
00-0013232,Peerless Price,WR,ATL,2004,3,0,0,0.0,0,,1,0,2,0.0,,,30,25,4.5,,
00-0013232,Peerless Price,WR,ATL,2004,8,1,1,1.86,0,,0,0,2,0.0,,,36,26,20.9,,
00-0013262,Stanley Pritchett,RB,ATL,2004,14,0,0,0.0,0,,6,0,0,0.0,,,46,47,1.8,,
00-0013268,Ricky Proehl,WR,CAR,2004,11,1,0,-2.095,0,,1,0,0,0.0,,,27,26,0.9,,
00-0013338,Jonathan Quinn,QB,CHI,2004,3,3,0,-4.56,1,,0,0,0,0.0,,,28,32,0.0,,
00-0013338,Jonathan Quinn,QB,CHI,2004,4,43,26,-7.321,4,,0,0,0,0.0,,,13,19,12.6,,
00-0013338,Jonathan Quinn,QB,CHI,2004,6,22,10,-19.248,4,,2,0,0,0.0,,,28,27,3.8,,
00-0013338,Jonathan Quinn,QB,CHI,2004,7,9,5,-2.577,2,,1,0,0,0.0,,,20,23,2.2,,
00-0013338,Jonathan Quinn,QB,CHI,2004,12,21,10,-10.724,4,,0,0,0,0.0,,,20,25,-0.6,,
00-0014729,Bobby Shaw,WR,LAC,2004,17,0,0,0.0,0,,1,0,0,0.0,,,30,31,0.1,,
00-0015091,Antowain Smith,RB,TEN,2004,1,0,0,0.0,0,,11,0,1,0.0,,,36,29,3.1,,
00-0015091,Antowain Smith,RB,TEN,2004,5,0,0,0.0,0,,9,0,0,0.0,,,44,42,8.8,,
00-0015091,Antowain Smith,RB,TEN,2004,6,0,0,0.0,0,,4,0,1,0.0,,,22,19,3.1,,
00-0015091,Antowain Smith,RB,TEN,2004,10,0,0,0.0,0,,2,0,1,0.0,,,24,26,2.6,,
00-0015091,Antowain Smith,RB,TEN,2004,11,0,0,0.0,0,,24,0,3,0.0,0.0,,27,31,19.9,,
00-0015091,Antowain Smith,RB,TEN,2004,12,0,0,0.0,0,,21,0,2,0.0,,,25,23,12.1,,
00-0015091,Antowain Smith,RB,TEN,2004,13,0,0,0.0,0,,5,0,4,0.0,,,25,28,8.3,,
00-0015091,Antowain Smith,RB,TEN,2004,14,0,0,0.0,0,,10,0,2,0.0,,,33,31,8.9,,
00-0015091,Antowain Smith,RB,TEN,2004,15,0,0,0.0,0,,16,0,4,0.0,,,19,24,12.3,,
00-0015091,Antowain Smith,RB,TEN,2004,16,0,0,0.0,0,,14,0,1,0.0,,,14,15,13.2,,
00-0015091,Antowain Smith,RB,TEN,2004,17,0,0,0.0,0,,21,0,3,0.0,,,26,30,19.5,,
00-0015165,Emmitt Smith,RB,ARI,2004,1,0,0,0.0,0,,16,0,0,0.0,,,23,23,14.7,,
00-0015165,Emmitt Smith,RB,ARI,2004,2,0,0,0.0,0,,13,0,0,0.0,,,16,14,9.1,,
00-0015165,Emmitt Smith,RB,ARI,2004,3,0,0,0.0,0,,18,0,2,0.0,,,26,22,7.6,,
00-0015165,Emmitt Smith,RB,ARI,2004,4,1,1,3.594,0,,21,0,1,0.0,,,40,41,24.3,,
00-0015165,Emmitt Smith,RB,ARI,2004,5,0,0,0.0,0,,16,0,0,0.0,,,29,30,12.3,,
00-0015165,Emmitt Smith,RB,ARI,2004,7,0,0,0.0,0,,26,0,4,0.0,,,37,40,23.6,,
00-0015165,Emmitt Smith,RB,ARI,2004,8,0,0,0.0,0,,22,0,1,0.0,,,38,37,7.9,,
00-0015165,Emmitt Smith,RB,ARI,2004,9,0,0,0.0,0,,19,0,1,0.0,,,27,29,11.5,,
00-0015165,Emmitt Smith,RB,ARI,2004,10,0,0,0.0,0,,19,0,0,0.0,,,32,30,18.7,,
00-0015165,Emmitt Smith,RB,ARI,2004,11,0,0,0.0,0,,11,0,1,0.0,,,28,24,4.0,,
00-0015165,Emmitt Smith,RB,ARI,2004,12,0,0,0.0,0,,3,0,0,0.0,,,24,26,2.1,,
00-0015165,Emmitt Smith,RB,ARI,2004,14,0,0,0.0,0,,18,0,1,0.0,,,25,26,12.0,,
00-0015165,Emmitt Smith,RB,ARI,2004,15,0,0,0.0,0,,19,0,2,0.0,,,40,40,11.5,,
00-0015165,Emmitt Smith,RB,ARI,2004,16,0,0,0.0,0,,23,0,0,0.0,,,30,30,6.5,,
00-0015165,Emmitt Smith,RB,ARI,2004,17,0,0,0.0,0,,23,0,2,0.0,,,34,34,10.2,,
00-0015290,Rod Smith,WR,DEN,2004,1,0,0,0.0,0,,1,0,7,0.0,,,35,29,14.3,,
00-0015290,Rod Smith,WR,DEN,2004,6,0,0,0.0,0,,2,0,1,0.0,,,51,49,5.6,,
00-0015290,Rod Smith,WR,DEN,2004,8,0,0,0.0,0,,1,0,9,0.0,,,19,21,36.4,,
00-0015290,Rod Smith,WR,DEN,2004,16,0,0,0.0,0,,1,0,6,0.0,,,46,41,18.6,,
00-0015523,Duce Staley,RB,PIT,2004,1,0,0,0.0,0,,24,0,1,0.0,,,33,30,10.4,,
00-0015523,Duce Staley,RB,PIT,2004,2,0,0,0.0,0,,16,0,1,0.0,,,25,17,7.6,,
00-0015523,Duce Staley,RB,PIT,2004,3,0,0,0.0,0,,22,0,0,0.0,,,38,29,10.1,,
00-0015523,Duce Staley,RB,PIT,2004,4,0,0,0.0,0,,25,0,0,0.0,,,40,31,8.3,,
00-0015523,Duce Staley,RB,PIT,2004,5,0,0,0.0,0,,21,0,0,0.0,,,43,35,17.7,,
00-0015523,Duce Staley,RB,PIT,2004,6,0,0,0.0,0,,18,0,2,0.0,,,29,25,12.6,,
00-0015523,Duce Staley,RB,PIT,2004,8,0,0,0.0,0,,25,0,0,0.0,,,49,40,12.5,,
00-0015523,Duce Staley,RB,PIT,2004,13,0,0,0.0,0,,17,0,0,0.0,,,25,22,5.1,,
00-0015523,Duce Staley,RB,PIT,2004,14,0,0,0.0,0,,16,0,2,0.0,,,31,29,10.1,,
00-0015523,Duce Staley,RB,PIT,2004,17,0,0,0.0,0,,8,0,0,0.0,,,43,29,2.1,,
00-0015601,Aaron Stecker,RB,NO,2004,2,0,0,0.0,0,,15,0,6,0.0,,,24,24,12.0,,
00-0015601,Aaron Stecker,RB,NO,2004,3,0,0,0.0,0,,18,0,4,0.0,,,31,29,22.6,,
00-0015601,Aaron Stecker,RB,NO,2004,4,0,0,0.0,0,,8,0,6,0.0,,,14,17,13.4,,
00-0015601,Aaron Stecker,RB,NO,2004,5,0,0,0.0,0,,4,0,4,0.0,,,29,29,8.2,,
00-0015601,Aaron Stecker,RB,NO,2004,6,0,0,0.0,0,,1,0,1,0.0,,,23,24,2.2,,
00-0015601,Aaron Stecker,RB,NO,2004,7,0,0,0.0,0,,1,0,0,0.0,,,28,28,0.0,,
00-0015601,Aaron Stecker,RB,NO,2004,10,0,0,0.0,0,,2,0,1,0.0,,,23,19,1.2,,
00-0015601,Aaron Stecker,RB,NO,2004,12,0,0,0.0,0,,1,0,0,0.0,,,28,28,0.5,,
00-0015601,Aaron Stecker,RB,NO,2004,14,0,0,0.0,0,,1,0,2,0.0,,,37,38,3.3,,
00-0015601,Aaron Stecker,RB,NO,2004,15,0,0,0.0,0,,1,0,3,0.0,,,29,30,12.5,,
00-0015601,Aaron Stecker,RB,NO,2004,16,0,0,0.0,0,,5,0,0,0.0,,,40,34,2.0,,
00-0015601,Aaron Stecker,RB,NO,2004,17,0,0,0.0,0,,1,0,0,0.0,,,37,30,6.7,,
00-0015700,Kordell Stewart,QB,BAL,2004,14,0,0,0.0,0,,1,0,0,0.0,,,44,43,-0.1,,
00-0015980,Reggie Swinton,WR,DET,2004,6,0,0,0.0,0,,1,0,0,0.0,,,16,16,0.3,,
00-0016098,Fred Taylor,RB,JAX,2004,1,0,0,0.0,0,,17,0,0,0.0,,,23,22,6.1,,
00-0016098,Fred Taylor,RB,JAX,2004,2,0,0,0.0,0,,16,0,0,0.0,,,22,19,5.4,,
00-0016098,Fred Taylor,RB,JAX,2004,3,0,0,0.0,0,,17,0,1,0.0,,,29,25,16.2,,
00-0016098,Fred Taylor,RB,JAX,2004,4,0,0,0.0,0,,21,0,3,0.0,,,31,36,10.9,,
00-0016098,Fred Taylor,RB,JAX,2004,5,0,0,0.0,0,,11,0,7,0.0,,,18,28,17.8,,
00-0016098,Fred Taylor,RB,JAX,2004,6,0,0,0.0,0,,19,0,3,0.0,,,23,23,22.7,,
00-0016098,Fred Taylor,RB,JAX,2004,7,0,0,0.0,0,,20,0,5,0.0,,,27,28,22.4,,
00-0016098,Fred Taylor,RB,JAX,2004,8,0,0,0.0,0,,3,0,1,0.0,,,12,13,2.9,,
00-0016098,Fred Taylor,RB,JAX,2004,10,0,0,0.0,0,,23,0,3,0.0,,,50,40,19.5,,
00-0016098,Fred Taylor,RB,JAX,2004,11,0,0,0.0,0,,21,0,3,0.0,,,32,29,13.3,,
00-0016098,Fred Taylor,RB,JAX,2004,12,0,0,0.0,0,,22,0,1,0.0,,,27,29,17.0,,
00-0016098,Fred Taylor,RB,JAX,2004,13,0,0,0.0,0,,27,0,5,0.0,,,34,38,16.0,,
00-0016098,Fred Taylor,RB,JAX,2004,14,0,0,0.0,0,,21,0,4,0.0,,,28,28,14.2,,
00-0016098,Fred Taylor,RB,JAX,2004,15,0,0,0.0,0,,22,0,0,0.0,,,36,23,22.5,,
00-0016193,Vinny Testaverde,QB,DAL,2004,1,50,29,14.592,1,,1,0,0,0.0,,,21,13,18.2,,
00-0016193,Vinny Testaverde,QB,DAL,2004,2,35,23,-0.297,1,,0,0,0,0.0,,,28,31,10.9,,
00-0016193,Vinny Testaverde,QB,DAL,2004,3,29,14,2.695,1,,1,0,0,0.0,,,21,15,12.5,,
00-0016193,Vinny Testaverde,QB,DAL,2004,5,24,15,-4.705,2,,0,0,0,0.0,,,30,19,7.0,,
00-0016193,Vinny Testaverde,QB,DAL,2004,6,36,23,0.709,5,,0,0,0,0.0,,,21,13,13.4,,
00-0016193,Vinny Testaverde,QB,DAL,2004,7,35,23,15.639,2,,1,0,0,0.0,,,16,12,16.3,,
00-0016193,Vinny Testaverde,QB,DAL,2004,8,24,19,5.894,1,,2,0,0,0.0,,,41,33,22.4,,
00-0016193,Vinny Testaverde,QB,DAL,2004,9,30,18,-8.555,1,,3,0,0,0.0,,,27,15,2.1,,
00-0016193,Vinny Testaverde,QB,DAL,2004,10,30,21,-1.176,1,,3,0,0,0.0,,,24,15,16.3,,
00-0016193,Vinny Testaverde,QB,DAL,2004,11,22,9,-15.541,1,,1,0,0,0.0,,,35,33,0.5,,
00-0016193,Vinny Testaverde,QB,DAL,2004,12,14,9,4.609,1,,3,0,0,0.0,,,40,37,5.4,,
00-0016193,Vinny Testaverde,QB,DAL,2004,13,34,18,3.249,3,,1,0,0,0.0,,,31,33,13.0,,
00-0016193,Vinny Testaverde,QB,DAL,2004,14,35,14,-12.452,3,,1,0,0,0.0,,,27,25,2.6,,
00-0016193,Vinny Testaverde,QB,DAL,2004,15,28,16,-3.721,3,,0,0,0,0.0,,,26,27,7.0,,
00-0016193,Vinny Testaverde,QB,DAL,2004,16,39,23,3.444,5,,3,0,0,0.0,,,30,27,12.8,,
00-0016193,Vinny Testaverde,QB,DAL,2004,17,30,23,5.275,4,,0,0,0,0.0,,,30,35,13.2,,
00-0017160,Dedric Ward,WR,DAL,2004,6,0,0,0.0,0,,1,0,0,0.0,,,21,13,1.1,,
00-0017162,Hines Ward,WR,PIT,2004,4,0,0,0.0,0,,1,0,6,0.0,,,40,31,11.8,,
00-0017162,Hines Ward,WR,PIT,2004,8,0,0,0.0,0,,1,0,6,0.0,,,49,40,12.9,,
00-0017162,Hines Ward,WR,PIT,2004,9,0,0,0.0,0,,1,0,2,0.0,,,56,36,18.8,,
00-0017162,Hines Ward,WR,PIT,2004,10,0,0,0.0,0,,2,0,3,0.0,,,47,39,6.5,,
00-0017162,Hines Ward,WR,PIT,2004,13,0,0,0.0,0,,1,0,4,0.0,,,25,22,18.0,,
00-0017162,Hines Ward,WR,PIT,2004,16,0,0,0.0,0,,1,0,3,0.0,,,42,29,4.6,,
00-0017200,Kurt Warner,QB,NYG,2004,1,28,16,2.12,4,,1,0,0,0.0,,,23,27,6.1,,
00-0017200,Kurt Warner,QB,NYG,2004,2,33,22,-0.818,2,,0,0,0,0.0,,,28,29,13.3,,
00-0017200,Kurt Warner,QB,NYG,2004,3,27,19,11.386,2,,3,0,0,0.0,,,32,32,17.2,,
00-0017200,Kurt Warner,QB,NYG,2004,4,26,20,2.286,4,,2,0,0,0.0,,,35,36,11.7,,
00-0017200,Kurt Warner,QB,NYG,2004,5,33,18,8.804,3,,1,0,0,0.0,,,26,30,12.6,,
00-0017200,Kurt Warner,QB,NYG,2004,7,34,23,-1.318,6,,0,0,0,0.0,,,26,34,10.8,,
00-0017200,Kurt Warner,QB,NYG,2004,8,21,13,2.588,5,,2,0,0,0.0,,,39,34,5.8,,
00-0017200,Kurt Warner,QB,NYG,2004,9,36,18,-23.907,7,,1,0,0,0.0,,,25,28,4.1,,
00-0017200,Kurt Warner,QB,NYG,2004,10,30,19,-1.194,6,,3,0,0,0.0,,,28,29,12.5,,
00-0017200,Kurt Warner,QB,NYG,2004,14,9,6,6.566,0,,0,0,0,0.0,,,21,21,5.1,,
00-0017486,Tyrone Wheatley,RB,LV,2004,1,0,0,0.0,0,,11,0,1,0.0,,,22,28,5.4,,
00-0017486,Tyrone Wheatley,RB,LV,2004,2,0,0,0.0,0,,10,0,1,0.0,,,26,28,3.1,,
00-0017486,Tyrone Wheatley,RB,LV,2004,3,0,0,0.0,0,,18,0,1,0.0,,,31,35,17.5,,
00-0017486,Tyrone Wheatley,RB,LV,2004,4,0,0,0.0,0,,3,0,2,0.0,,,20,23,4.9,,
00-0017486,Tyrone Wheatley,RB,LV,2004,8,0,0,0.0,0,,4,0,4,0.0,,,11,23,14.5,,
00-0017486,Tyrone Wheatley,RB,LV,2004,9,0,0,0.0,0,,19,0,3,0.0,,,28,35,21.4,,
00-0017486,Tyrone Wheatley,RB,LV,2004,11,0,0,0.0,0,,12,0,1,0.0,,,14,16,6.1,,
00-0017486,Tyrone Wheatley,RB,LV,2004,12,0,0,0.0,0,,8,0,2,0.0,,,18,24,6.6,,
00-0017847,Karl Williams,WR,ARI,2004,3,0,0,0.0,0,,1,0,6,0.0,,,26,22,13.3,,
00-0017847,Karl Williams,WR,ARI,2004,11,0,0,0.0,0,,1,0,3,0.0,,,28,24,7.0,,
00-0017892,Moe Williams,RB,MIN,2004,1,0,0,0.0,0,,6,0,1,0.0,,,28,25,4.5,,
00-0017892,Moe Williams,RB,MIN,2004,6,0,0,0.0,0,,6,0,1,0.0,,,28,29,8.9,,
00-0017892,Moe Williams,RB,MIN,2004,7,0,0,0.0,0,,3,0,1,0.0,,,27,30,8.1,,
00-0017892,Moe Williams,RB,MIN,2004,8,0,0,0.0,0,,1,0,0,0.0,,,20,21,0.4,,
00-0017892,Moe Williams,RB,MIN,2004,9,0,0,0.0,0,,1,0,2,0.0,,,24,25,4.8,,
00-0017892,Moe Williams,RB,MIN,2004,10,0,0,0.0,0,,1,0,4,0.0,,,16,17,15.4,,
00-0017892,Moe Williams,RB,MIN,2004,11,0,0,0.0,0,,4,0,2,0.0,,,34,30,11.6,,
00-0017892,Moe Williams,RB,MIN,2004,12,0,0,0.0,0,,1,0,0,0.0,,,30,25,0.6,,
00-0017892,Moe Williams,RB,MIN,2004,13,0,0,0.0,0,,1,0,4,0.0,,,22,20,8.8,,
00-0017892,Moe Williams,RB,MIN,2004,15,0,0,0.0,0,,2,0,1,0.0,,,23,25,11.0,,
00-0017892,Moe Williams,RB,MIN,2004,16,0,0,0.0,0,,1,0,1,0.0,,,24,23,2.8,,
00-0017892,Moe Williams,RB,MIN,2004,17,0,0,0.0,0,,3,0,1,0.0,,,18,24,2.2,,
00-0017896,Nicolas Luchey,RB,GB,2004,3,0,0,0.0,0,,1,0,0,0.0,,,19,27,0.2,,
00-0017896,Nicolas Luchey,RB,GB,2004,4,0,0,0.0,0,,1,0,0,0.0,,,19,21,0.4,,
00-0017896,Nicolas Luchey,RB,GB,2004,6,0,0,0.0,0,,2,0,0,0.0,,,39,42,0.5,,
00-0017896,Nicolas Luchey,RB,GB,2004,10,0,0,0.0,0,,2,0,0,0.0,,,35,38,0.3,,
00-0017896,Nicolas Luchey,RB,GB,2004,11,0,0,0.0,0,,1,0,0,0.0,,,21,23,0.3,,
00-0017896,Nicolas Luchey,RB,GB,2004,17,0,0,0.0,0,,3,0,0,0.0,,,30,30,0.7,,
00-0018501,Amos Zereoue,RB,LV,2004,2,0,0,0.0,0,,9,0,3,0.0,,,26,28,7.9,,
00-0018501,Amos Zereoue,RB,LV,2004,3,0,0,0.0,0,,6,0,1,0.0,,,31,35,6.0,,
00-0018501,Amos Zereoue,RB,LV,2004,4,0,0,0.0,0,,14,0,2,0.0,,,20,23,27.4,,
00-0018501,Amos Zereoue,RB,LV,2004,5,0,0,0.0,0,,10,0,7,0.0,,,13,21,16.4,,
00-0018501,Amos Zereoue,RB,LV,2004,6,0,0,0.0,0,,15,1,4,0.0,1.0,,16,21,9.1,,
00-0018501,Amos Zereoue,RB,LV,2004,7,0,0,0.0,0,,21,0,1,0.0,,,24,29,8.9,,
00-0018501,Amos Zereoue,RB,LV,2004,8,0,0,0.0,0,,6,0,5,0.0,,,11,23,7.1,,
00-0018501,Amos Zereoue,RB,LV,2004,9,0,0,0.0,0,,7,0,1,0.0,,,28,35,8.1,,
00-0018501,Amos Zereoue,RB,LV,2004,12,0,0,0.0,0,,1,0,1,0.0,,,18,24,1.9,,
00-0018501,Amos Zereoue,RB,LV,2004,13,0,0,0.0,0,,4,0,2,0.0,,,10,19,5.3,,
00-0018501,Amos Zereoue,RB,LV,2004,14,0,0,0.0,0,,10,0,2,0.0,,,23,26,7.7,,
00-0018501,Amos Zereoue,RB,LV,2004,15,0,0,0.0,0,,1,0,2,0.0,,,22,22,3.5,,
00-0018501,Amos Zereoue,RB,LV,2004,16,0,0,0.0,0,,4,0,4,0.0,,,22,30,9.2,,
00-0018501,Amos Zereoue,RB,LV,2004,17,0,0,0.0,0,,4,0,3,0.0,,,29,35,5.3,,
00-0018588,Alan Ricard,RB,BAL,2004,1,0,0,0.0,0,,1,0,0,0.0,,,26,24,0.1,,
00-0018588,Alan Ricard,RB,BAL,2004,3,0,0,0.0,0,,3,0,1,0.0,,,34,33,2.7,,
00-0018588,Alan Ricard,RB,BAL,2004,5,0,0,0.0,0,,1,0,0,0.0,,,43,36,0.3,,
00-0018588,Alan Ricard,RB,BAL,2004,8,0,0,0.0,0,,2,0,1,0.0,,,27,33,1.0,,
00-0018588,Alan Ricard,RB,BAL,2004,9,0,0,0.0,0,,2,0,1,0.0,,,28,28,3.5,,
00-0018588,Alan Ricard,RB,BAL,2004,14,0,0,0.0,0,,1,0,0,0.0,,,44,43,0.4,,
00-0018958,Laveranues Coles,WR,WAS,2004,2,0,0,0.0,0,,1,0,9,0.0,,,28,25,17.4,,
00-0018958,Laveranues Coles,WR,WAS,2004,16,0,0,0.0,0,,1,0,7,0.0,,,25,23,13.0,,
00-0018958,Laveranues Coles,WR,WAS,2004,17,0,0,0.0,0,,1,0,3,0.0,,,31,29,7.3,,
00-0019041,Billy Volek,QB,TEN,2004,3,1,0,0.005,0,,0,0,0,0.0,,,26,26,0.0,,
00-0019041,Billy Volek,QB,TEN,2004,4,58,39,0.586,3,,3,0,1,0.0,,,18,18,21.7,,
00-0019041,Billy Volek,QB,TEN,2004,7,36,17,-14.336,2,,0,0,0,0.0,,,14,17,-0.4,,
00-0019041,Billy Volek,QB,TEN,2004,8,32,21,-0.472,2,,3,0,0,0.0,,,37,38,14.8,,
00-0019041,Billy Volek,QB,TEN,2004,10,44,27,-3.77,3,,1,0,0,0.0,,,24,26,19.9,,
00-0019041,Billy Volek,QB,TEN,2004,13,35,21,-5.257,7,,1,0,0,0.0,,,25,28,18.7,,
00-0019041,Billy Volek,QB,TEN,2004,14,43,29,17.808,5,,2,0,0,0.0,,,33,31,35.4,,
00-0019041,Billy Volek,QB,TEN,2004,15,60,40,20.101,3,,1,0,0,0.0,,,19,24,37.8,,
00-0019041,Billy Volek,QB,TEN,2004,16,20,8,-17.516,5,,0,0,0,0.0,,,14,15,0.4,,
00-0019041,Billy Volek,QB,TEN,2004,17,28,16,4.421,0,,0,0,0,0.0,,,26,30,11.0,,
00-0019057,Jamel White,RB,TB,2004,2,0,0,0.0,0,,4,0,1,0.0,,,24,24,0.6,,
00-0019057,Jamel White,RB,TB,2004,3,0,0,0.0,0,,1,0,1,0.0,,,22,10,2.5,,
00-0019057,Jamel White,RB,TB,2004,4,0,0,0.0,0,,4,0,0,0.0,,,24,19,1.7,,
00-0019057,Jamel White,RB,TB,2004,7,0,0,0.0,0,,4,0,1,0.0,,,37,30,1.6,,
00-0019057,Jamel White,RB,BAL,2004,12,0,0,0.0,0,,2,0,0,0.0,,,20,24,0.6,,
00-0019057,Jamel White,RB,BAL,2004,13,0,0,0.0,0,,6,0,1,0.0,,,31,34,5.1,,
00-0019057,Jamel White,RB,BAL,2004,14,0,0,0.0,0,,4,0,0,0.0,,,44,43,0.7,,
00-0019057,Jamel White,RB,BAL,2004,15,0,0,0.0,0,,1,0,1,0.0,,,29,34,2.2,,
00-0019057,Jamel White,RB,BAL,2004,17,0,0,0.0,0,,1,0,0,0.0,,,41,37,0.0,,
00-0019087,Doug Johnson,QB,TEN,2004,16,7,4,-5.123,1,,0,0,0,0.0,,,14,15,1.0,,
00-0019087,Doug Johnson,QB,TEN,2004,17,5,2,0.612,0,,2,0,0,0.0,,,26,30,1.5,,
00-0019134,Joey Goodspeed,RB,LA,2004,4,0,0,0.0,0,,1,0,0,0.0,,,36,36,6.2,,
00-0019134,Joey Goodspeed,RB,LA,2004,13,0,0,0.0,0,,2,0,3,0.0,,,31,35,4.5,,
00-0019453,Rod Smart,RB,CAR,2004,2,0,0,0.0,0,,3,0,0,0.0,,,39,38,0.4,,
00-0019455,Peter Warrick,WR,CIN,2004,1,0,0,0.0,0,,1,0,5,0.0,,,28,27,13.4,,
00-0019455,Peter Warrick,WR,CIN,2004,2,0,0,0.0,0,,1,0,6,0.0,,,29,30,11.7,,
00-0019484,Sammy Morris,RB,MIA,2004,1,0,0,0.0,0,,1,0,1,0.0,,,20,26,1.8,,
00-0019484,Sammy Morris,RB,MIA,2004,4,0,0,0.0,0,,1,0,0,0.0,,,21,22,-0.1,,
00-0019484,Sammy Morris,RB,MIA,2004,5,0,0,0.0,0,,3,0,0,0.0,,,26,21,0.7,,
00-0019484,Sammy Morris,RB,MIA,2004,6,0,0,0.0,0,,18,0,2,0.0,,,25,25,13.9,,
00-0019484,Sammy Morris,RB,MIA,2004,7,0,0,-3.101,1,,28,0,3,0.0,,,34,34,18.1,,
00-0019484,Sammy Morris,RB,MIA,2004,8,0,0,0.0,0,,11,0,3,0.0,,,16,18,9.0,,
00-0019484,Sammy Morris,RB,MIA,2004,9,0,0,0.0,0,,16,0,3,0.0,,,31,30,15.2,,
00-0019484,Sammy Morris,RB,MIA,2004,11,0,0,0.0,0,,7,0,0,0.0,0.0,,23,25,1.6,,
00-0019484,Sammy Morris,RB,MIA,2004,14,0,0,0.0,0,,9,0,0,0.0,,,22,20,9.6,,
00-0019484,Sammy Morris,RB,MIA,2004,15,0,0,0.0,0,,9,0,6,0.0,,,20,23,25.3,,
00-0019484,Sammy Morris,RB,MIA,2004,16,0,0,0.0,0,,17,0,3,0.0,,,25,30,10.4,,
00-0019484,Sammy Morris,RB,MIA,2004,17,0,0,0.0,0,,12,0,1,0.0,,,20,22,17.2,,
00-0019516,Troy Hambrick,RB,ARI,2004,1,0,0,0.0,0,,2,0,0,0.0,,,23,23,0.2,,
00-0019516,Troy Hambrick,RB,ARI,2004,3,0,0,0.0,0,,1,0,0,0.0,,,26,22,0.3,,
00-0019516,Troy Hambrick,RB,ARI,2004,4,0,0,0.0,0,,16,0,0,0.0,,,40,41,13.9,,
00-0019516,Troy Hambrick,RB,ARI,2004,5,0,0,0.0,0,,10,0,2,0.0,,,29,30,12.0,,
00-0019516,Troy Hambrick,RB,ARI,2004,7,0,0,0.0,0,,7,0,0,0.0,,,37,40,1.6,,
00-0019516,Troy Hambrick,RB,ARI,2004,8,0,0,0.0,0,,13,0,0,0.0,,,38,37,5.3,,
00-0019516,Troy Hambrick,RB,ARI,2004,9,0,0,0.0,0,,4,0,2,0.0,,,27,29,9.5,,
00-0019516,Troy Hambrick,RB,ARI,2004,10,0,0,0.0,0,,7,0,0,0.0,,,32,30,2.2,,
00-0019516,Troy Hambrick,RB,ARI,2004,11,0,0,0.0,0,,3,0,0,0.0,,,28,24,0.9,,
00-0019533,Patrick Pass,RB,NE,2004,2,0,0,0.0,0,,4,0,2,0.0,,,42,40,5.4,,
00-0019533,Patrick Pass,RB,NE,2004,4,0,0,0.0,0,,5,0,0,0.0,,,26,27,1.8,,
00-0019533,Patrick Pass,RB,NE,2004,5,0,0,0.0,0,,10,0,0,0.0,,,38,35,3.7,,
00-0019533,Patrick Pass,RB,NE,2004,9,0,0,0.0,0,,3,0,3,0.0,,,32,36,8.7,,
00-0019533,Patrick Pass,RB,NE,2004,12,0,0,0.0,0,,4,0,2,0.0,,,41,39,5.0,,
00-0019533,Patrick Pass,RB,NE,2004,13,0,0,0.0,0,,1,0,2,0.0,,,50,51,4.0,,
00-0019533,Patrick Pass,RB,NE,2004,15,0,0,0.0,0,,4,0,3,0.0,,,38,42,5.5,,
00-0019533,Patrick Pass,RB,NE,2004,16,0,0,0.0,0,,4,0,5,0.0,,,38,41,9.9,,
00-0019533,Patrick Pass,RB,NE,2004,17,0,0,0.0,0,,4,0,5,0.0,,,28,31,8.8,,
00-0019539,Dante Hall,WR,KC,2004,2,0,0,0.0,0,,2,0,0,0.0,,,23,23,1.5,,
00-0019539,Dante Hall,WR,KC,2004,3,0,0,0.0,0,,3,0,5,0.0,,,36,33,10.4,,
00-0019539,Dante Hall,WR,KC,2004,7,0,0,0.0,0,,2,0,2,0.0,,,49,47,6.0,,
00-0019539,Dante Hall,WR,KC,2004,15,0,0,0.0,0,,1,0,2,0.0,,,36,34,10.3,,
00-0019559,Chad Pennington,QB,NYJ,2004,1,27,20,10.336,1,,2,0,0,0.0,,,34,33,16.8,,
00-0019559,Chad Pennington,QB,NYJ,2004,2,29,22,11.79,0,,2,0,0,0.0,,,35,40,18.4,,
00-0019559,Chad Pennington,QB,NYJ,2004,4,24,14,-15.128,3,,6,0,0,0.0,,,31,28,4.0,,
00-0019559,Chad Pennington,QB,NYJ,2004,5,42,31,9.673,2,,0,0,0,0.0,,,23,28,14.2,,
00-0019559,Chad Pennington,QB,NYJ,2004,6,30,20,1.07,0,,4,0,0,0.0,,,32,31,10.7,,
00-0019559,Chad Pennington,QB,NYJ,2004,7,30,19,0.751,0,,3,0,0,0.0,,,27,26,14.0,,
00-0019559,Chad Pennington,QB,NYJ,2004,8,19,11,6.168,1,,2,0,0,0.0,,,41,35,21.8,,
00-0019559,Chad Pennington,QB,NYJ,2004,9,15,7,1.062,1,,2,0,0,0.0,,,25,21,7.0,,
00-0019559,Chad Pennington,QB,NYJ,2004,13,27,20,2.253,1,,2,0,0,0.0,,,36,39,13.8,,
00-0019559,Chad Pennington,QB,NYJ,2004,14,31,17,-5.642,0,,4,0,0,0.0,,,32,30,3.2,,
00-0019559,Chad Pennington,QB,NYJ,2004,15,24,18,20.1,0,,1,0,0,0.0,,,41,41,22.0,,
00-0019559,Chad Pennington,QB,NYJ,2004,16,36,22,-6.916,3,,3,0,0,0.0,,,18,23,8.8,,
00-0019559,Chad Pennington,QB,NYJ,2004,17,36,21,-8.935,6,,3,0,0,0.0,,,39,38,12.9,,
00-0019596,Tom Brady,QB,NE,2004,1,38,26,17.857,2,,1,0,0,0.0,,,17,15,23.3,,
00-0019596,Tom Brady,QB,NE,2004,2,26,15,10.863,2,,5,0,0,0.0,,,42,40,11.0,,
00-0019596,Tom Brady,QB,NE,2004,4,30,17,20.806,0,,2,0,0,0.0,,,26,27,20.1,,
00-0019596,Tom Brady,QB,NE,2004,5,19,7,-1.023,1,,4,0,0,0.0,,,38,35,8.9,,
00-0019596,Tom Brady,QB,NE,2004,6,30,19,6.188,1,,3,0,0,0.0,,,33,36,9.9,,
00-0019596,Tom Brady,QB,NE,2004,7,29,20,6.272,3,,3,0,0,0.0,,,29,32,12.9,,
00-0019596,Tom Brady,QB,NE,2004,8,43,25,0.311,4,,0,0,0,0.0,,,6,14,12.8,,
00-0019596,Tom Brady,QB,NE,2004,9,31,18,6.534,2,,3,0,0,0.0,,,32,36,15.5,,
00-0019596,Tom Brady,QB,NE,2004,10,35,19,1.877,2,,1,0,0,0.0,,,45,48,15.5,,
00-0019596,Tom Brady,QB,NE,2004,11,26,17,23.067,1,,5,0,0,0.0,0.0,,32,30,16.5,,
00-0019596,Tom Brady,QB,NE,2004,12,30,15,-2.425,1,,3,0,0,0.0,,,41,39,7.2,,
00-0019596,Tom Brady,QB,NE,2004,13,20,11,8.913,2,,1,0,0,0.0,,,50,51,9.3,,
00-0019596,Tom Brady,QB,NE,2004,14,26,18,11.847,1,,5,0,0,0.0,,,29,26,18.6,,
00-0019596,Tom Brady,QB,NE,2004,15,29,18,-2.48,2,,2,0,0,0.0,,,38,42,10.6,,
00-0019596,Tom Brady,QB,NE,2004,16,32,21,12.01,1,,4,0,0,0.0,,,38,41,18.9,,
00-0019596,Tom Brady,QB,NE,2004,17,30,22,-0.155,1,,1,0,0,0.0,,,28,31,13.3,,
00-0019599,Marc Bulger,QB,LA,2004,1,34,23,10.094,0,,0,0,0,0.0,,,30,31,12.9,,
00-0019599,Marc Bulger,QB,LA,2004,2,31,24,3.981,5,,0,0,0,0.0,,,15,20,11.4,,
00-0019599,Marc Bulger,QB,LA,2004,3,49,32,0.774,5,,1,0,0,0.0,,,15,23,26.2,,
00-0019599,Marc Bulger,QB,LA,2004,4,25,17,9.964,0,,2,0,0,0.0,,,36,36,11.9,,
00-0019599,Marc Bulger,QB,LA,2004,5,42,24,12.385,2,,4,0,0,0.0,,,24,24,25.9,,
00-0019599,Marc Bulger,QB,LA,2004,6,30,18,-0.631,4,,1,0,0,0.0,,,30,35,14.5,,
00-0019599,Marc Bulger,QB,LA,2004,7,39,23,-0.871,3,,1,0,0,0.0,,,19,29,21.3,,
00-0019599,Marc Bulger,QB,LA,2004,9,33,23,0.243,5,,2,0,0,0.0,,,19,21,16.8,,
00-0019599,Marc Bulger,QB,LA,2004,10,34,23,9.81,1,,2,0,0,0.0,,,31,35,14.6,,
00-0019599,Marc Bulger,QB,LA,2004,11,45,27,-5.955,6,,0,0,0,0.0,,-0.0,20,25,13.5,,
00-0019599,Marc Bulger,QB,LA,2004,12,53,35,17.889,4,,1,0,0,0.0,,,17,22,24.4,,
00-0019599,Marc Bulger,QB,LA,2004,13,4,3,-1.363,1,,1,0,0,0.0,,,31,35,1.8,,
00-0019599,Marc Bulger,QB,LA,2004,16,27,20,11.511,2,,3,0,0,0.0,,,44,42,13.7,,
00-0019599,Marc Bulger,QB,LA,2004,17,39,29,9.55,3,,1,0,0,0.0,,,19,23,26.6,,
00-0019610,Reuben Droughns,RB,DEN,2004,3,0,0,0.0,0,,2,0,3,0.0,,,21,23,5.7,,
00-0019610,Reuben Droughns,RB,DEN,2004,4,0,0,0.0,0,,8,0,1,0.0,,,35,31,4.2,,
00-0019610,Reuben Droughns,RB,DEN,2004,5,0,0,0.0,0,,30,0,4,0.0,,,37,37,31.1,,
00-0019610,Reuben Droughns,RB,DEN,2004,6,0,0,0.0,0,,38,0,1,0.0,,,51,49,25.0,,
00-0019610,Reuben Droughns,RB,DEN,2004,7,0,0,0.0,0,,24,0,4,0.0,,,26,28,15.0,,
00-0019610,Reuben Droughns,RB,DEN,2004,8,0,0,0.0,0,,15,0,6,0.0,,,19,21,17.2,,
00-0019610,Reuben Droughns,RB,DEN,2004,9,0,0,0.0,0,,29,0,1,0.0,,,36,38,13.6,,
00-0019610,Reuben Droughns,RB,DEN,2004,11,0,0,0.0,0,,28,0,2,0.0,,,31,31,27.1,,
00-0019610,Reuben Droughns,RB,DEN,2004,12,0,0,0.0,0,,28,0,1,0.0,,,34,32,14.7,,
00-0019610,Reuben Droughns,RB,DEN,2004,13,0,0,0.0,0,,14,0,4,0.0,,,24,25,17.3,,
00-0019610,Reuben Droughns,RB,DEN,2004,14,0,0,0.0,0,,18,0,0,0.0,,,40,38,4.2,,
00-0019610,Reuben Droughns,RB,DEN,2004,15,0,0,0.0,0,,4,0,2,0.0,,,20,22,6.1,,
00-0019610,Reuben Droughns,RB,DEN,2004,16,0,0,0.0,0,,22,0,2,0.0,,,46,41,32.1,,
00-0019610,Reuben Droughns,RB,DEN,2004,17,0,0,0.0,0,,15,0,0,0.0,,,42,37,7.6,,
00-0019623,Tim Rattay,QB,SF,2004,1,31,18,-3.147,2,,0,0,0,0.0,,,23,27,13.0,,
00-0019623,Tim Rattay,QB,SF,2004,4,47,31,4.154,3,,0,0,0,0.0,,,19,28,18.0,,
00-0019623,Tim Rattay,QB,SF,2004,5,57,38,12.63,5,,3,0,0,0.0,,,19,23,28.1,,
00-0019623,Tim Rattay,QB,SF,2004,6,28,18,8.087,3,,2,0,0,0.0,,,27,23,14.5,,
00-0019623,Tim Rattay,QB,SF,2004,9,35,23,-0.008,3,,1,0,0,0.0,,,21,22,16.9,,
00-0019623,Tim Rattay,QB,SF,2004,10,37,22,-8.757,4,,2,0,0,0.0,,,33,36,6.3,,
00-0019623,Tim Rattay,QB,SF,2004,11,31,15,-19.002,5,,2,0,0,0.0,,,23,31,2.5,,
00-0019623,Tim Rattay,QB,SF,2004,12,38,23,-16.077,8,,1,0,0,0.0,,,24,28,4.1,,
00-0019623,Tim Rattay,QB,SF,2004,13,21,10,-9.03,4,,1,0,0,0.0,,,27,28,2.9,,
00-0019641,Thomas Jones,RB,CHI,2004,1,0,0,0.0,0,,21,0,6,0.0,,,32,32,28.5,,
00-0019641,Thomas Jones,RB,CHI,2004,2,0,0,0.0,0,,23,0,1,0.0,,,35,29,22.9,,
00-0019641,Thomas Jones,RB,CHI,2004,3,0,0,0.0,0,,22,0,8,0.0,,,28,32,32.1,,
00-0019641,Thomas Jones,RB,CHI,2004,4,0,0,0.0,0,,13,0,6,0.0,,,13,19,13.2,,
00-0019641,Thomas Jones,RB,CHI,2004,6,0,0,0.0,0,,24,0,2,0.0,,,28,27,13.9,,
00-0019641,Thomas Jones,RB,CHI,2004,7,0,0,0.0,0,,13,0,3,0.0,,,20,23,15.5,,
00-0019641,Thomas Jones,RB,CHI,2004,8,0,0,0.0,0,,1,0,0,0.0,,,33,30,0.1,,
00-0019641,Thomas Jones,RB,CHI,2004,11,0,0,0.0,0,,18,0,4,0.0,,,26,27,12.2,,
00-0019641,Thomas Jones,RB,CHI,2004,12,0,0,0.0,0,,14,0,6,0.0,,,20,25,15.4,,
00-0019641,Thomas Jones,RB,CHI,2004,13,0,0,0.0,0,,15,0,3,0.0,,,35,35,10.1,,
00-0019641,Thomas Jones,RB,CHI,2004,14,0,0,0.0,0,,13,0,3,0.0,,,14,22,12.4,,
00-0019641,Thomas Jones,RB,CHI,2004,15,0,0,0.0,0,,15,0,7,0.0,,,26,30,14.7,,
00-0019641,Thomas Jones,RB,CHI,2004,16,0,0,0.0,0,,22,0,4,0.0,,,25,34,16.3,,
00-0019641,Thomas Jones,RB,CHI,2004,17,0,0,0.0,0,,26,0,3,0.0,,,27,31,26.2,,
00-0019643,Ron Dayne,RB,NYG,2004,1,0,0,0.0,0,,13,0,0,0.0,,,23,27,10.5,,
00-0019643,Ron Dayne,RB,NYG,2004,2,0,0,0.0,0,,9,0,0,0.0,,,28,29,1.2,,
00-0019643,Ron Dayne,RB,NYG,2004,4,0,0,0.0,0,,9,0,0,0.0,,,35,36,2.6,,
00-0019643,Ron Dayne,RB,NYG,2004,7,0,0,0.0,0,,3,0,0,0.0,,,26,34,0.2,,
00-0019643,Ron Dayne,RB,NYG,2004,10,0,0,0.0,0,,3,0,0,0.0,,,28,29,1.9,,
00-0019643,Ron Dayne,RB,NYG,2004,11,0,0,0.0,0,,4,0,0,0.0,,,26,28,1.3,,
00-0019643,Ron Dayne,RB,NYG,2004,12,0,0,0.0,0,,3,0,0,0.0,,,26,23,2.4,,
00-0019643,Ron Dayne,RB,NYG,2004,15,0,0,0.0,0,,1,0,0,0.0,,,21,24,0.2,,
00-0019643,Ron Dayne,RB,NYG,2004,16,0,0,0.0,0,,6,0,0,0.0,,,28,30,3.3,,
00-0019643,Ron Dayne,RB,NYG,2004,17,0,0,0.0,0,,1,0,0,0.0,,,25,28,0.3,,
00-0019647,Shaun Alexander,RB,SEA,2004,1,0,0,0.0,0,,28,0,2,0.0,,,43,34,36.6,,
00-0019647,Shaun Alexander,RB,SEA,2004,2,0,0,0.0,0,,17,0,0,0.0,,,23,21,4.5,,
00-0019647,Shaun Alexander,RB,SEA,2004,3,0,0,0.0,0,,19,0,4,0.0,,,37,32,29.4,,
00-0019647,Shaun Alexander,RB,SEA,2004,5,0,0,0.0,0,,23,0,1,0.0,,,30,26,22.4,,
00-0019647,Shaun Alexander,RB,SEA,2004,6,0,0,0.0,0,,16,0,2,0.0,,,21,21,18.7,,
00-0019647,Shaun Alexander,RB,SEA,2004,7,0,0,0.0,0,,12,0,0,0.0,,,14,12,5.7,,
00-0019647,Shaun Alexander,RB,SEA,2004,8,0,0,0.0,0,,32,0,3,0.0,,,43,35,35.8,,
00-0019647,Shaun Alexander,RB,SEA,2004,9,0,0,0.0,0,,26,0,0,0.0,,,37,30,28.0,,
00-0019647,Shaun Alexander,RB,SEA,2004,10,0,0,0.0,0,,22,0,1,0.0,,,28,26,16.9,,
00-0019647,Shaun Alexander,RB,SEA,2004,11,0,0,0.0,0,,29,0,0,0.0,,,38,30,15.6,,
00-0019647,Shaun Alexander,RB,SEA,2004,12,0,0,0.0,0,,13,0,0,0.0,,,17,17,3.9,,
00-0019647,Shaun Alexander,RB,SEA,2004,13,0,0,0.0,0,,21,0,3,0.0,,,27,25,23.4,,
00-0019647,Shaun Alexander,RB,SEA,2004,14,0,0,0.0,0,,27,0,1,0.0,,,31,32,19.4,,
00-0019647,Shaun Alexander,RB,SEA,2004,15,0,0,0.0,0,,19,0,4,0.0,,,23,24,11.6,,
00-0019647,Shaun Alexander,RB,SEA,2004,16,0,0,0.0,0,,30,0,0,0.0,,,36,32,33.4,,
00-0019647,Shaun Alexander,RB,SEA,2004,17,0,0,0.0,0,,19,0,2,0.0,,,21,22,17.5,,
00-0019650,Dennis Northcutt,WR,CLE,2004,5,0,0,0.0,0,,1,0,4,0.0,,,20,18,7.3,,
00-0019650,Dennis Northcutt,WR,CLE,2004,6,0,0,0.0,0,,1,0,2,0.0,,,46,44,8.1,,
00-0019650,Dennis Northcutt,WR,CLE,2004,11,0,0,0.0,0,,2,0,2,0.0,,,27,28,6.5,,
00-0019650,Dennis Northcutt,WR,CLE,2004,13,0,0,0.0,0,,1,0,5,0.0,,,17,21,15.1,,
00-0019650,Dennis Northcutt,WR,CLE,2004,15,0,0,0.0,0,,2,0,4,0.0,,,29,27,10.1,,
00-0019650,Dennis Northcutt,WR,CLE,2004,17,0,0,0.0,0,,1,0,5,0.0,,,32,31,13.9,,
00-0019659,Erron Kinney,TE,TEN,2004,11,0,0,0.0,0,,0,1,2,0.0,1.0,,27,31,5.1,,
00-0019660,Dez White,WR,ATL,2004,2,0,0,0.0,0,,1,0,3,0.0,,,38,29,8.0,,
00-0019660,Dez White,WR,ATL,2004,4,0,0,0.0,0,,1,0,2,0.0,,,40,31,3.3,,
00-0019660,Dez White,WR,ATL,2004,11,0,0,0.0,0,,1,0,4,0.0,,,34,22,7.3,,
00-0019693,Jamal Lewis,RB,BAL,2004,1,0,0,0.0,0,,20,0,0,0.0,,,26,24,5.7,,
00-0019693,Jamal Lewis,RB,BAL,2004,2,0,0,0.0,0,,24,0,0,0.0,,,41,33,18.2,,
00-0019693,Jamal Lewis,RB,BAL,2004,3,0,0,0.0,0,,18,0,1,0.0,,,34,33,30.2,,
00-0019693,Jamal Lewis,RB,BAL,2004,4,0,0,0.0,0,,15,0,0,0.0,,,20,18,13.3,,
00-0019693,Jamal Lewis,RB,BAL,2004,5,0,0,0.0,0,,28,0,0,0.0,,,43,36,11.6,,
00-0019693,Jamal Lewis,RB,BAL,2004,9,0,0,0.0,0,,22,0,1,0.0,,,28,28,16.5,,
00-0019693,Jamal Lewis,RB,BAL,2004,10,0,0,0.0,0,,30,0,3,0.0,,,32,35,12.1,,
00-0019693,Jamal Lewis,RB,BAL,2004,11,0,0,0.0,0,,2,0,1,0.0,,,21,25,1.8,,
00-0019693,Jamal Lewis,RB,BAL,2004,14,0,0,0.0,0,,8,0,0,0.0,,,44,43,3.2,,
00-0019693,Jamal Lewis,RB,BAL,2004,15,0,0,0.0,0,,20,0,2,0.0,,,29,34,16.7,,
00-0019693,Jamal Lewis,RB,BAL,2004,16,0,0,0.0,0,,14,0,2,0.0,,,21,23,12.2,,
00-0019693,Jamal Lewis,RB,BAL,2004,17,0,0,0.0,0,,34,0,0,0.0,,,41,37,22.7,,
00-0019703,Jerry Porter,WR,LV,2004,2,0,0,0.0,0,,1,0,3,0.0,,,26,28,7.1,,
00-0019722,J.R. Redmond,RB,LV,2004,1,0,0,0.0,0,,1,0,3,0.0,,,22,28,6.6,,
00-0019722,J.R. Redmond,RB,LV,2004,2,0,0,0.0,0,,2,0,2,0.0,,,26,28,4.3,,
00-0019722,J.R. Redmond,RB,LV,2004,5,0,0,0.0,0,,1,0,2,0.0,,,13,21,3.6,,
00-0019722,J.R. Redmond,RB,LV,2004,8,0,0,0.0,0,,1,0,3,0.0,,,11,23,5.9,,
00-0019722,J.R. Redmond,RB,LV,2004,9,0,0,0.0,0,,1,0,2,0.0,,,28,35,4.0,,
00-0019722,J.R. Redmond,RB,LV,2004,12,0,0,0.0,0,,3,0,2,0.0,,,18,24,3.8,,
00-0019722,J.R. Redmond,RB,LV,2004,13,0,0,0.0,0,,1,0,5,0.0,,,10,19,10.1,,
00-0019722,J.R. Redmond,RB,LV,2004,14,0,0,0.0,0,,6,0,1,0.0,,,23,26,4.5,,
00-0019722,J.R. Redmond,RB,LV,2004,15,0,0,0.0,0,,2,0,0,0.0,,,22,22,-0.1,,
00-0019722,J.R. Redmond,RB,LV,2004,16,0,0,0.0,0,,2,0,3,0.0,,,22,30,6.9,,
00-0019722,J.R. Redmond,RB,LV,2004,17,0,0,0.0,0,,1,0,1,0.0,,,29,35,2.0,,
00-0019808,Kenny Watson,RB,CIN,2004,1,0,0,0.0,0,,1,0,2,0.0,,,28,27,12.0,,
00-0019808,Kenny Watson,RB,CIN,2004,2,0,0,0.0,0,,4,0,3,0.0,,,29,30,4.5,,
00-0019808,Kenny Watson,RB,CIN,2004,3,0,0,0.0,0,,1,0,2,0.0,,,26,26,4.5,,
00-0019808,Kenny Watson,RB,CIN,2004,4,0,0,0.0,0,,1,0,2,0.0,,,27,29,1.7,,
00-0019808,Kenny Watson,RB,CIN,2004,7,0,0,0.0,0,,4,0,2,0.0,,,33,30,4.8,,
00-0019808,Kenny Watson,RB,CIN,2004,9,0,0,0.0,0,,2,0,0,0.0,,,31,32,1.0,,
00-0019808,Kenny Watson,RB,CIN,2004,12,0,0,0.0,0,,1,0,0,0.0,,,32,28,1.5,,
00-0019808,Kenny Watson,RB,CIN,2004,13,0,0,0.0,0,,1,0,1,0.0,,,24,22,3.6,,
00-0019808,Kenny Watson,RB,CIN,2004,14,0,0,0.0,0,,2,0,2,0.0,,,31,30,4.7,,
00-0019808,Kenny Watson,RB,CIN,2004,15,0,0,0.0,0,,3,0,0,0.0,,,31,26,0.9,,
00-0019808,Kenny Watson,RB,CIN,2004,16,0,0,0.0,0,,2,0,1,0.0,,,25,24,3.8,,
00-0019808,Kenny Watson,RB,CIN,2004,17,0,0,0.0,0,,3,0,1,0.0,,,35,32,3.9,,
00-0019831,Nick Goings,RB,CAR,2004,2,0,0,0.0,0,,2,0,1,0.0,,,39,38,3.5,,
00-0019831,Nick Goings,RB,CAR,2004,5,0,0,0.0,0,,12,0,1,0.0,,,26,20,2.8,,
00-0019831,Nick Goings,RB,CAR,2004,6,0,0,0.0,0,,4,0,5,0.0,,,31,25,11.7,,
00-0019831,Nick Goings,RB,CAR,2004,7,0,0,0.0,0,,4,0,2,0.0,,,30,8,4.2,,
00-0019831,Nick Goings,RB,CAR,2004,8,0,0,0.0,0,,1,0,2,0.0,,,20,12,4.5,,
00-0019831,Nick Goings,RB,CAR,2004,9,0,0,0.0,0,,4,0,4,0.0,,,18,12,14.7,,
00-0019831,Nick Goings,RB,CAR,2004,10,0,0,0.0,0,,8,0,3,0.0,,,18,15,12.2,,
00-0019831,Nick Goings,RB,CAR,2004,11,0,0,0.0,0,,22,0,3,0.0,,,27,26,35.2,,
00-0019831,Nick Goings,RB,CAR,2004,12,0,0,0.0,0,,23,0,3,0.0,,,25,27,15.3,,
00-0019831,Nick Goings,RB,CAR,2004,13,0,0,0.0,0,,36,0,6,0.0,,,42,42,28.8,,
00-0019831,Nick Goings,RB,CAR,2004,14,0,0,0.0,0,,31,0,0,0.0,,,38,31,16.8,,
00-0019831,Nick Goings,RB,CAR,2004,15,0,0,0.0,0,,24,0,3,0.0,,,25,27,18.0,,
00-0019831,Nick Goings,RB,CAR,2004,16,0,0,0.0,0,,33,0,4,0.0,,,36,37,20.6,,
00-0019831,Nick Goings,RB,CAR,2004,17,0,0,0.0,0,,13,0,6,0.0,,,13,19,14.9,,
00-0019863,Dominic Rhodes,RB,IND,2004,1,0,0,0.0,0,,10,0,0,0.0,,,42,43,10.2,,
00-0019863,Dominic Rhodes,RB,IND,2004,3,0,0,0.0,0,,1,0,0,0.0,,,24,24,0.0,,
00-0019863,Dominic Rhodes,RB,IND,2004,4,0,0,0.0,0,,5,0,0,0.0,,,27,27,3.7,,
00-0019863,Dominic Rhodes,RB,IND,2004,5,0,0,0.0,0,,6,0,1,0.0,,,40,42,4.4,,
00-0019863,Dominic Rhodes,RB,IND,2004,8,0,0,0.0,0,,1,0,0,0.0,,,12,17,-0.3,,
00-0019863,Dominic Rhodes,RB,IND,2004,9,0,0,0.0,0,,1,0,1,0.0,,,31,34,1.5,,
00-0019863,Dominic Rhodes,RB,IND,2004,11,0,0,0.0,0,,9,0,0,0.0,,,39,36,5.4,,
00-0019863,Dominic Rhodes,RB,IND,2004,12,0,0,0.0,0,,2,0,0,0.0,,,29,30,0.4,,
00-0019863,Dominic Rhodes,RB,IND,2004,13,0,0,0.0,0,,4,0,0,0.0,,,28,26,5.2,,
00-0019863,Dominic Rhodes,RB,IND,2004,16,0,0,0.0,0,,2,0,0,0.0,,,25,30,7.9,,
00-0019863,Dominic Rhodes,RB,IND,2004,17,0,0,0.0,0,,12,0,0,0.0,,,15,15,1.4,,
00-0019919,Randal Williams,TE,DAL,2004,8,0,0,0.0,0,,1,0,0,0.0,,,41,33,1.3,,
00-0019976,Drew Bennett,WR,TEN,2004,5,1,1,3.889,0,,1,0,2,0.0,,,44,42,12.9,,
00-0019997,Antonio Chatman,WR,GB,2004,4,0,0,0.0,0,,1,0,1,0.0,,,19,21,2.3,,
00-0019997,Antonio Chatman,WR,GB,2004,7,0,0,0.0,0,,1,0,1,0.0,,,31,33,4.0,,
00-0019997,Antonio Chatman,WR,GB,2004,10,0,0,0.0,0,,1,0,1,0.0,,,35,38,3.2,,
00-0019997,Antonio Chatman,WR,GB,2004,12,0,0,0.0,0,,1,0,0,0.0,,,28,27,0.6,,
00-0020046,Walter Williams,RB,GB,2004,11,0,0,0.0,0,,6,0,0,0.0,,,21,23,4.2,,
00-0020073,Jasen Isom,RB,SF,2004,3,0,0,0.0,0,,1,0,0,0.0,,,18,21,0.0,,
00-0020245,Mike Vick,QB,ATL,2004,1,22,13,-6.102,4,,6,0,0,0.0,,,28,23,9.5,,
00-0020245,Mike Vick,QB,ATL,2004,2,19,14,1.993,1,,12,0,0,0.0,,,38,29,22.1,,
00-0020245,Mike Vick,QB,ATL,2004,3,20,10,-15.166,5,,9,0,0,0.0,,,30,25,5.4,,
00-0020245,Mike Vick,QB,ATL,2004,4,18,10,6.784,0,,7,0,0,0.0,,,40,31,9.4,,
00-0020245,Mike Vick,QB,ATL,2004,5,29,18,-16.437,6,,5,0,0,0.0,,,27,27,4.7,,
00-0020245,Mike Vick,QB,ATL,2004,6,21,12,3.502,3,,9,0,0,0.0,,,25,18,24.2,,
00-0020245,Mike Vick,QB,ATL,2004,7,21,7,-22.232,4,,6,0,0,0.0,,,21,19,7.0,,
00-0020245,Mike Vick,QB,ATL,2004,8,24,18,17.435,1,,12,0,0,0.0,,,36,26,29.6,,
00-0020245,Mike Vick,QB,ATL,2004,10,16,8,-4.385,5,,9,0,0,0.0,,,39,31,15.2,,
00-0020245,Mike Vick,QB,ATL,2004,11,20,12,3.975,2,,15,0,0,0.0,,,34,22,23.0,,
00-0020245,Mike Vick,QB,ATL,2004,12,29,16,0.788,2,,10,0,0,0.0,,,33,28,27.4,,
00-0020245,Mike Vick,QB,ATL,2004,13,27,13,-31.924,5,,8,0,0,0.0,,,28,25,4.7,,
00-0020245,Mike Vick,QB,ATL,2004,14,20,13,1.113,1,,2,0,0,0.0,,,46,47,8.9,,
00-0020245,Mike Vick,QB,ATL,2004,15,28,11,-10.29,4,,8,0,0,0.0,,,38,30,21.0,,
00-0020245,Mike Vick,QB,ATL,2004,17,7,6,-0.07,2,,3,0,0,0.0,,,38,40,6.7,,
00-0020305,A.J. Feeley,QB,MIA,2004,1,31,21,-3.262,2,,0,0,0,0.0,,,20,26,8.7,,
00-0020305,A.J. Feeley,QB,MIA,2004,2,39,21,-10.014,2,,1,0,0,0.0,,,20,27,9.0,,
00-0020305,A.J. Feeley,QB,MIA,2004,3,27,13,-10.628,3,,4,0,0,0.0,,,29,25,-0.4,,
00-0020305,A.J. Feeley,QB,MIA,2004,5,2,1,-3.016,0,,0,0,0,0.0,,,26,21,0.2,,
00-0020305,A.J. Feeley,QB,MIA,2004,9,15,6,-4.243,1,,0,0,0,0.0,,,31,30,5.2,,
00-0020305,A.J. Feeley,QB,MIA,2004,11,45,23,-21.069,3,,1,0,0,0.0,0.0,,23,25,11.9,,
00-0020305,A.J. Feeley,QB,MIA,2004,12,33,17,-1.41,1,,4,0,0,0.0,,,26,25,10.6,,
00-0020305,A.J. Feeley,QB,MIA,2004,13,51,25,-12.72,1,,0,0,0,0.0,,,26,29,16.1,,
00-0020305,A.J. Feeley,QB,MIA,2004,14,35,17,-6.37,4,,2,0,0,0.0,,,22,20,9.0,,
00-0020305,A.J. Feeley,QB,MIA,2004,15,35,22,1.738,4,,2,0,0,0.0,,,20,23,11.7,,
00-0020305,A.J. Feeley,QB,MIA,2004,16,43,25,-9.372,2,,0,0,0,0.0,,,25,30,9.0,,
00-0020308,Mike McMahon,QB,DET,2004,12,15,11,-3.711,1,,2,0,0,0.0,,,21,28,2.9,,
00-0020315,Derrick Blaylock,RB,KC,2004,2,0,0,0.0,0,,3,0,1,0.0,,,23,23,2.8,,
00-0020315,Derrick Blaylock,RB,KC,2004,4,0,0,0.0,0,,6,0,0,0.0,,,46,39,2.8,,
00-0020315,Derrick Blaylock,RB,KC,2004,6,0,0,0.0,0,,1,0,1,0.0,,,21,25,1.3,,
00-0020315,Derrick Blaylock,RB,KC,2004,7,0,0,0.0,0,,19,0,3,0.0,,,49,47,40.6,,
00-0020315,Derrick Blaylock,RB,KC,2004,8,0,0,0.0,0,,3,0,2,0.0,,,42,41,5.7,,
00-0020315,Derrick Blaylock,RB,KC,2004,10,0,0,0.0,0,,33,0,3,0.0,,,36,36,31.4,,
00-0020315,Derrick Blaylock,RB,KC,2004,11,0,0,0.0,0,,19,0,5,0.0,,,20,24,14.1,,
00-0020315,Derrick Blaylock,RB,KC,2004,12,0,0,0.0,0,,8,0,3,0.0,,,20,22,22.8,,
00-0020315,Derrick Blaylock,RB,KC,2004,13,0,0,0.0,0,,12,0,3,0.0,,,36,38,16.4,,
00-0020315,Derrick Blaylock,RB,KC,2004,14,0,0,0.0,0,,14,0,2,0.0,,,24,25,15.3,,
00-0020337,Steve Smith,WR,CAR,2004,1,1,0,-0.533,0,,0,0,6,0.0,,,13,19,12.0,,
00-0020381,Justin McCareins,WR,NYJ,2004,4,0,0,0.0,0,,1,0,1,0.0,,,31,28,2.1,,
00-0020381,Justin McCareins,WR,NYJ,2004,6,0,0,0.0,0,,1,0,3,0.0,,,32,31,8.4,,
00-0020397,Chad Johnson,WR,CIN,2004,12,0,0,0.0,0,,1,0,10,0.0,,,32,28,28.6,,
00-0020397,Chad Johnson,WR,CIN,2004,14,0,0,0.0,0,,1,0,5,0.0,,,31,30,20.0,,
00-0020397,Chad Johnson,WR,CIN,2004,15,0,0,0.0,0,,1,0,2,0.0,,,31,26,3.2,,
00-0020397,Chad Johnson,WR,CIN,2004,17,0,0,0.0,0,,1,0,5,0.0,,,35,32,13.5,,
00-0020403,Anthony Thomas,RB,CHI,2004,1,0,0,0.0,0,,3,0,0,0.0,,,32,32,1.3,,
00-0020403,Anthony Thomas,RB,CHI,2004,2,0,0,0.0,0,,5,0,0,0.0,,,35,29,1.5,,
00-0020403,Anthony Thomas,RB,CHI,2004,3,0,0,0.0,0,,2,0,0,0.0,,,28,32,0.2,,
00-0020403,Anthony Thomas,RB,CHI,2004,6,0,0,0.0,0,,1,0,0,0.0,,,28,27,0.1,,
00-0020403,Anthony Thomas,RB,CHI,2004,7,0,0,0.0,0,,5,0,2,0.0,,,20,23,4.1,,
00-0020403,Anthony Thomas,RB,CHI,2004,8,0,0,0.0,0,,25,0,4,0.0,,,33,30,16.4,,
00-0020403,Anthony Thomas,RB,CHI,2004,9,0,0,0.0,0,,28,0,1,0.0,,,34,29,24.5,,
00-0020403,Anthony Thomas,RB,CHI,2004,10,0,0,0.0,0,,29,0,3,0.0,,,34,32,11.2,,
00-0020403,Anthony Thomas,RB,CHI,2004,12,0,0,0.0,0,,3,0,2,0.0,,,20,25,4.0,,
00-0020403,Anthony Thomas,RB,CHI,2004,13,0,0,0.0,0,,15,0,1,0.0,,,35,35,7.5,,
00-0020403,Anthony Thomas,RB,CHI,2004,15,0,0,0.0,0,,6,0,1,0.0,,,26,30,5.0,,
00-0020404,Quincy Carter,QB,NYJ,2004,1,0,0,0.0,0,,1,0,0,0.0,,,34,33,-0.2,,
00-0020404,Quincy Carter,QB,NYJ,2004,8,1,1,1.08,0,,0,0,0,0.0,,,41,35,0.3,,
00-0020404,Quincy Carter,QB,NYJ,2004,9,3,2,6.334,0,,1,0,0,0.0,,,25,21,6.8,,
00-0020404,Quincy Carter,QB,NYJ,2004,10,22,13,-2.486,5,,5,0,0,0.0,,,36,34,9.2,,
00-0020404,Quincy Carter,QB,NYJ,2004,11,20,11,-8.514,6,,4,0,0,0.0,,,39,36,6.2,,
00-0020404,Quincy Carter,QB,NYJ,2004,12,12,8,7.801,1,,1,0,0,0.0,,,38,37,9.5,,
00-0020407,Rudi Johnson,RB,CIN,2004,1,0,0,0.0,0,,24,0,0,0.0,,,28,27,11.0,,
00-0020407,Rudi Johnson,RB,CIN,2004,2,0,0,0.0,0,,22,0,1,0.0,,,29,30,8.1,,
00-0020407,Rudi Johnson,RB,CIN,2004,3,0,0,0.0,0,,23,0,0,0.0,,,26,26,9.8,,
00-0020407,Rudi Johnson,RB,CIN,2004,4,0,0,0.0,0,,24,0,0,0.0,,,27,29,18.3,,
00-0020407,Rudi Johnson,RB,CIN,2004,6,0,0,0.0,0,,16,0,1,0.0,,,18,25,6.7,,
00-0020407,Rudi Johnson,RB,CIN,2004,7,0,0,0.0,0,,24,0,0,0.0,,,33,30,17.9,,
00-0020407,Rudi Johnson,RB,CIN,2004,8,0,0,0.0,0,,17,0,2,0.0,,,17,21,14.1,,
00-0020407,Rudi Johnson,RB,CIN,2004,9,0,0,0.0,0,,26,0,4,0.0,,,31,32,15.4,,
00-0020407,Rudi Johnson,RB,CIN,2004,10,0,0,0.0,0,,31,0,0,0.0,,,34,33,14.2,,
00-0020407,Rudi Johnson,RB,CIN,2004,11,0,0,0.0,0,,16,0,1,0.0,,,16,17,7.3,,
00-0020407,Rudi Johnson,RB,CIN,2004,12,0,0,0.0,0,,26,0,1,0.0,,,32,28,33.7,,
00-0020407,Rudi Johnson,RB,CIN,2004,13,0,0,0.0,0,,19,0,1,0.0,,,24,22,6.9,,
00-0020407,Rudi Johnson,RB,CIN,2004,14,0,0,0.0,0,,24,0,2,0.0,,,31,30,12.4,,
00-0020407,Rudi Johnson,RB,CIN,2004,15,0,0,0.0,0,,23,0,0,0.0,,,31,26,17.0,,
00-0020407,Rudi Johnson,RB,CIN,2004,16,0,0,0.0,0,,19,0,2,0.0,,,25,24,12.4,,
00-0020407,Rudi Johnson,RB,CIN,2004,17,0,0,0.0,0,,28,0,0,0.0,,,35,32,27.9,,
00-0020427,Quincy Morgan,WR,DAL,2004,10,0,0,0.0,0,,1,0,1,0.0,,,24,15,3.0,,
00-0020427,Quincy Morgan,WR,DAL,2004,14,0,0,0.0,0,,1,0,3,0.0,,,27,25,8.0,,
00-0020430,James Jackson,RB,CLE,2004,1,0,0,0.0,0,,4,0,2,0.0,,,29,32,3.2,,
00-0020430,James Jackson,RB,CLE,2004,2,0,0,0.0,0,,3,0,1,0.0,,,26,24,6.1,,
00-0020430,James Jackson,RB,CLE,2004,3,0,0,0.0,0,,5,0,3,0.0,,,23,23,7.0,,
00-0020438,T.J. Houshmandzadeh,WR,CIN,2004,2,0,0,0.0,0,,1,0,1,0.0,,,29,30,3.4,,
00-0020438,T.J. Houshmandzadeh,WR,CIN,2004,10,0,0,0.0,0,,1,0,7,0.0,,,34,33,12.9,,
00-0020438,T.J. Houshmandzadeh,WR,CIN,2004,12,0,0,0.0,0,,2,0,4,0.0,,,32,28,25.6,,
00-0020438,T.J. Houshmandzadeh,WR,CIN,2004,13,0,0,0.0,0,,1,0,10,0.0,,,24,22,34.7,,
00-0020438,T.J. Houshmandzadeh,WR,CIN,2004,16,0,0,0.0,0,,1,0,5,0.0,,,25,24,12.1,,
00-0020446,Chris Chambers,WR,MIA,2004,1,0,0,0.0,0,,1,0,6,0.0,,,20,26,10.1,,
00-0020446,Chris Chambers,WR,MIA,2004,5,0,0,0.0,0,,1,0,6,0.0,,,26,21,15.4,,
00-0020446,Chris Chambers,WR,MIA,2004,6,0,0,0.0,0,,1,0,3,0.0,,,25,25,5.6,,
00-0020446,Chris Chambers,WR,MIA,2004,7,0,0,0.0,0,,1,0,3,0.0,,,34,34,23.3,,
00-0020446,Chris Chambers,WR,MIA,2004,9,0,0,0.0,0,,1,0,7,0.0,,,31,30,19.8,,
00-0020446,Chris Chambers,WR,MIA,2004,11,0,0,0.0,0,,1,1,9,0.0,1.0,,23,25,26.0,,
00-0020446,Chris Chambers,WR,MIA,2004,14,0,0,0.0,0,,1,0,5,0.0,,,22,20,10.5,,
00-0020446,Chris Chambers,WR,MIA,2004,15,0,0,0.0,0,,1,0,3,0.0,,,20,23,3.4,,
00-0020446,Chris Chambers,WR,MIA,2004,16,0,0,0.0,0,,1,0,3,0.0,,,25,30,7.1,,
00-0020448,Travis Minor,RB,MIA,2004,1,0,0,0.0,0,,5,0,1,0.0,,,20,26,5.5,,
00-0020448,Travis Minor,RB,MIA,2004,7,0,0,0.0,0,,3,0,0,0.0,,,34,34,8.1,,
00-0020448,Travis Minor,RB,MIA,2004,8,0,0,0.0,0,,4,0,0,0.0,,,16,18,0.4,,
00-0020448,Travis Minor,RB,MIA,2004,9,0,0,0.0,0,,11,0,0,0.0,,,31,30,9.0,,
00-0020448,Travis Minor,RB,MIA,2004,11,0,0,0.0,0,,13,0,4,0.0,0.0,,23,25,9.0,,
00-0020448,Travis Minor,RB,MIA,2004,12,0,0,0.0,0,,22,0,2,0.0,,,26,25,8.2,,
00-0020448,Travis Minor,RB,MIA,2004,13,0,0,0.0,0,,20,0,2,0.0,,,26,29,17.6,,
00-0020448,Travis Minor,RB,MIA,2004,14,0,0,0.0,0,,10,0,1,0.0,,,22,20,3.6,,
00-0020448,Travis Minor,RB,MIA,2004,15,0,0,0.0,0,,8,0,0,0.0,,,20,23,8.7,,
00-0020448,Travis Minor,RB,MIA,2004,16,0,0,0.0,0,,6,0,2,0.0,,,25,30,5.4,,
00-0020448,Travis Minor,RB,MIA,2004,17,0,0,0.0,0,,8,0,1,0.0,,,20,22,2.5,,
00-0020452,Cedrick Wilson,WR,SF,2004,13,0,0,0.0,0,,1,0,0,0.0,,,27,28,0.6,,
00-0020462,LaMont Jordan,RB,NYJ,2004,2,0,0,0.0,0,,1,0,1,0.0,,,35,40,1.7,,
00-0020462,LaMont Jordan,RB,NYJ,2004,6,0,0,0.0,0,,2,0,1,0.0,,,32,31,10.1,,
00-0020462,LaMont Jordan,RB,NYJ,2004,7,0,0,0.0,0,,3,0,1,0.0,,,27,26,3.3,,
00-0020462,LaMont Jordan,RB,NYJ,2004,8,0,0,0.0,0,,14,0,1,0.0,,,41,35,20.6,,
00-0020462,LaMont Jordan,RB,NYJ,2004,9,0,0,0.0,0,,2,0,0,0.0,,,25,21,0.2,,
00-0020462,LaMont Jordan,RB,NYJ,2004,10,1,0,-6.925,0,,3,0,1,0.0,,,36,34,3.0,,
00-0020462,LaMont Jordan,RB,NYJ,2004,11,0,0,0.0,0,,18,0,1,0.0,,,39,36,9.4,,
00-0020462,LaMont Jordan,RB,NYJ,2004,12,0,0,0.0,0,,12,0,1,0.0,,,38,37,5.6,,
00-0020462,LaMont Jordan,RB,NYJ,2004,13,0,0,0.0,0,,11,0,1,0.0,,,36,39,6.9,,
00-0020462,LaMont Jordan,RB,NYJ,2004,14,0,0,0.0,0,,3,0,0,0.0,,,32,30,1.0,,
00-0020462,LaMont Jordan,RB,NYJ,2004,15,0,0,0.0,0,,15,0,2,0.0,,,41,41,12.2,,
00-0020462,LaMont Jordan,RB,NYJ,2004,16,0,0,0.0,0,,2,0,3,0.0,,,18,23,5.2,,
00-0020462,LaMont Jordan,RB,NYJ,2004,17,0,0,0.0,0,,7,0,1,0.0,,,39,38,3.4,,
00-0020471,Travis Henry,RB,BUF,2004,1,0,0,0.0,0,,23,0,3,0.0,,,36,36,11.4,,
00-0020471,Travis Henry,RB,BUF,2004,2,0,0,0.0,0,,21,0,2,0.0,,,24,25,9.7,,
00-0020471,Travis Henry,RB,BUF,2004,4,0,0,0.0,0,,24,0,1,0.0,,,26,25,11.8,,
00-0020471,Travis Henry,RB,BUF,2004,5,0,0,0.0,0,,12,0,0,0.0,,,22,21,3.3,,
00-0020471,Travis Henry,RB,BUF,2004,7,0,0,0.0,0,,7,0,2,0.0,,,23,26,5.3,,
00-0020471,Travis Henry,RB,BUF,2004,8,0,0,0.0,0,,1,0,0,0.0,,,38,36,0.2,,
00-0020471,Travis Henry,RB,BUF,2004,9,0,0,0.0,0,,4,0,0,0.0,,,46,44,1.5,,
00-0020471,Travis Henry,RB,BUF,2004,11,0,0,0.0,0,,2,0,1,0.0,,,26,26,2.4,,
00-0020474,Kevan Barlow,RB,SF,2004,1,0,0,0.0,0,,19,0,1,0.0,,,23,27,8.1,,
00-0020474,Kevan Barlow,RB,SF,2004,2,0,0,0.0,0,,20,0,2,0.0,,,34,37,26.3,,
00-0020474,Kevan Barlow,RB,SF,2004,3,0,0,0.0,0,,10,0,2,0.0,,,18,21,5.6,,
00-0020474,Kevan Barlow,RB,SF,2004,4,0,0,0.0,0,,15,0,6,0.0,,,19,28,15.0,,
00-0020474,Kevan Barlow,RB,SF,2004,5,0,0,0.0,0,,14,0,3,0.0,,,19,23,8.7,,
00-0020474,Kevan Barlow,RB,SF,2004,6,0,0,0.0,0,,21,0,1,0.0,,,27,23,15.8,,
00-0020474,Kevan Barlow,RB,SF,2004,8,0,0,0.0,0,,18,0,3,0.0,,,23,23,8.2,,
00-0020474,Kevan Barlow,RB,SF,2004,9,0,0,0.0,0,,18,0,2,0.0,,,21,22,15.9,,
00-0020474,Kevan Barlow,RB,SF,2004,10,0,0,0.0,0,,21,0,2,0.0,,,33,36,20.1,,
00-0020474,Kevan Barlow,RB,SF,2004,11,0,0,0.0,0,,14,0,5,0.0,,,23,31,9.4,,
00-0020474,Kevan Barlow,RB,SF,2004,12,0,0,0.0,0,,9,0,3,0.0,,,24,28,5.0,,
00-0020474,Kevan Barlow,RB,SF,2004,13,0,0,0.0,0,,19,0,3,0.0,,,27,28,9.9,,
00-0020474,Kevan Barlow,RB,SF,2004,15,0,0,0.0,0,,6,0,0,0.0,,,18,19,1.8,,
00-0020474,Kevan Barlow,RB,SF,2004,16,0,0,0.0,0,,15,0,0,0.0,,,28,29,13.2,,
00-0020474,Kevan Barlow,RB,SF,2004,17,0,0,0.0,0,,25,0,2,0.0,,,35,41,13.4,,
00-0020479,George Layne,RB,ATL,2004,16,0,0,0.0,0,,1,0,0,0.0,,,24,26,1.2,,
00-0020480,Sage Rosenfels,QB,MIA,2004,16,1,0,-0.815,0,,0,0,0,0.0,,,25,30,0.0,,
00-0020480,Sage Rosenfels,QB,MIA,2004,17,38,16,-12.226,3,,0,0,0,0.0,,,20,22,8.6,,
00-0020490,Koren Robinson,WR,SEA,2004,3,0,0,0.0,0,,1,0,1,0.0,,,37,32,2.5,,
00-0020494,Santana Moss,WR,NYJ,2004,1,0,0,0.0,0,,1,0,4,0.0,,,34,33,10.3,,
00-0020494,Santana Moss,WR,NYJ,2004,5,0,0,0.0,0,,1,0,2,0.0,,,23,28,9.0,,
00-0020494,Santana Moss,WR,NYJ,2004,7,0,0,0.0,0,,1,0,2,0.0,,,27,26,3.2,,
00-0020494,Santana Moss,WR,NYJ,2004,9,0,0,0.0,0,,1,0,6,0.0,,,25,21,28.0,,
00-0020494,Santana Moss,WR,NYJ,2004,15,0,0,0.0,0,,1,0,5,0.0,,,41,41,26.1,,
00-0020494,Santana Moss,WR,NYJ,2004,17,0,0,0.0,0,,1,0,4,0.0,,,39,38,5.5,,
00-0020498,Reggie Wayne,WR,IND,2004,12,0,0,0.0,0,,1,0,3,0.0,,,29,30,6.3,,
00-0020513,David Terrell,WR,CHI,2004,1,0,0,0.0,0,,1,0,5,0.0,,,32,32,19.6,,
00-0020513,David Terrell,WR,CHI,2004,2,0,0,0.0,0,,1,0,0,0.0,,,35,29,-3.5,,
00-0020513,David Terrell,WR,CHI,2004,14,0,0,0.0,0,,1,0,2,0.0,,,14,22,4.8,,
00-0020514,Michael Bennett,RB,MIN,2004,7,0,0,0.0,0,,1,0,0,0.0,,,27,30,0.0,,
00-0020514,Michael Bennett,RB,MIN,2004,8,0,0,0.0,0,,5,0,6,0.0,,,20,21,15.8,,
00-0020514,Michael Bennett,RB,MIN,2004,9,0,0,0.0,0,,5,0,2,0.0,,,24,25,5.3,,
00-0020514,Michael Bennett,RB,MIN,2004,10,0,0,0.0,0,,5,0,0,0.0,,,16,17,2.1,,
00-0020514,Michael Bennett,RB,MIN,2004,11,0,0,0.0,0,,11,0,3,0.0,,,34,30,8.7,,
00-0020514,Michael Bennett,RB,MIN,2004,14,0,0,0.0,0,,5,0,0,0.0,,,25,26,2.5,,
00-0020514,Michael Bennett,RB,MIN,2004,15,0,0,0.0,0,,13,0,3,0.0,,,23,25,13.2,,
00-0020514,Michael Bennett,RB,MIN,2004,16,0,0,0.0,0,,17,0,3,0.0,,,24,23,24.9,,
00-0020514,Michael Bennett,RB,MIN,2004,17,0,0,0.0,0,,8,0,3,0.0,,,18,24,7.3,,
00-0020525,Rod Gardner,WR,WAS,2004,8,1,0,-0.721,0,,1,0,3,0.0,,,19,24,19.7,,
00-0020525,Rod Gardner,WR,WAS,2004,9,0,0,0.0,0,,1,0,0,0.0,,,40,41,-1.0,,
00-0020525,Rod Gardner,WR,WAS,2004,10,1,0,-0.73,0,,0,0,2,0.0,,,20,21,3.8,,
00-0020525,Rod Gardner,WR,WAS,2004,12,1,0,-1.629,1,,0,0,1,0.0,,,14,18,2.1,,
00-0020525,Rod Gardner,WR,WAS,2004,15,0,0,0.0,0,,1,0,6,0.0,,,40,42,18.2,,
00-0020527,Deuce McAllister,RB,NO,2004,1,0,0,0.0,0,,16,0,2,0.0,,,19,18,7.7,,
00-0020527,Deuce McAllister,RB,NO,2004,2,0,0,0.0,0,,3,0,0,0.0,,,24,24,-1.9,,
00-0020527,Deuce McAllister,RB,NO,2004,5,0,0,0.0,0,,21,0,0,0.0,,,29,29,8.2,,
00-0020527,Deuce McAllister,RB,NO,2004,6,0,0,0.0,0,,18,0,3,0.0,,,23,24,24.3,,
00-0020527,Deuce McAllister,RB,NO,2004,7,0,0,0.0,0,,24,0,3,0.0,,,28,28,20.9,,
00-0020527,Deuce McAllister,RB,NO,2004,9,0,0,0.0,0,,16,0,4,0.0,,,18,20,18.1,,
00-0020527,Deuce McAllister,RB,NO,2004,10,0,0,0.0,0,,16,0,0,0.0,,,23,19,18.7,,
00-0020527,Deuce McAllister,RB,NO,2004,11,0,0,0.0,0,,13,0,11,0.0,,,14,25,23.9,,
00-0020527,Deuce McAllister,RB,NO,2004,12,0,0,0.0,0,,23,0,4,0.0,,,28,28,15.0,,
00-0020527,Deuce McAllister,RB,NO,2004,13,0,0,0.0,0,,7,0,1,0.0,,,11,9,1.3,,
00-0020527,Deuce McAllister,RB,NO,2004,14,0,0,0.0,0,,30,0,4,0.0,,,37,38,28.0,,
00-0020527,Deuce McAllister,RB,NO,2004,15,0,0,0.0,0,,25,0,1,0.0,,,29,30,10.8,,
00-0020527,Deuce McAllister,RB,NO,2004,16,0,0,0.0,0,,29,0,0,0.0,,,40,34,12.8,,
00-0020527,Deuce McAllister,RB,NO,2004,17,0,0,0.0,0,,28,0,1,0.0,,,37,30,22.4,,
00-0020531,Drew Brees,QB,LAC,2004,1,24,17,10.803,1,,5,0,0,0.0,,,32,29,16.2,,
00-0020531,Drew Brees,QB,LAC,2004,2,19,8,-3.304,1,,1,0,0,0.0,,,25,25,3.8,,
00-0020531,Drew Brees,QB,LAC,2004,3,29,14,0.854,3,,5,0,1,0.0,,,30,26,17.2,,
00-0020531,Drew Brees,QB,LAC,2004,4,20,16,13.246,1,,3,0,0,0.0,,,24,22,20.7,,
00-0020531,Drew Brees,QB,LAC,2004,5,26,17,15.429,0,,2,0,0,0.0,,,35,35,16.5,,
00-0020531,Drew Brees,QB,LAC,2004,6,31,23,3.798,1,,1,0,0,0.0,,,31,30,11.5,,
00-0020531,Drew Brees,QB,LAC,2004,7,32,21,4.053,1,,2,0,0,0.0,,,27,28,7.6,,
00-0020531,Drew Brees,QB,LAC,2004,8,25,22,25.465,1,,2,0,0,0.0,,,38,32,33.3,,
00-0020531,Drew Brees,QB,LAC,2004,9,36,22,12.828,1,,2,0,0,0.0,,,35,33,26.7,,
00-0020531,Drew Brees,QB,LAC,2004,11,34,18,10.273,0,,5,0,0,0.0,,,44,38,19.5,,
00-0020531,Drew Brees,QB,LAC,2004,12,37,28,23.957,1,,8,0,0,0.0,,,31,31,25.4,,
00-0020531,Drew Brees,QB,LAC,2004,13,27,14,-14.373,2,,1,0,0,0.0,,,35,37,2.4,,
00-0020531,Drew Brees,QB,LAC,2004,14,23,17,4.245,2,,4,0,0,0.0,,,30,29,12.5,,
00-0020531,Drew Brees,QB,LAC,2004,15,6,4,3.996,1,,6,0,0,0.0,,,50,41,7.3,,
00-0020531,Drew Brees,QB,LAC,2004,16,31,21,19.476,1,,6,0,0,0.0,,,29,28,22.8,,
00-0020536,LaDainian Tomlinson,RB,LAC,2004,1,0,0,0.0,0,,26,0,3,0.0,,,32,29,20.7,,
00-0020536,LaDainian Tomlinson,RB,LAC,2004,2,0,0,0.0,0,,19,0,3,0.0,,,25,25,25.3,,
00-0020536,LaDainian Tomlinson,RB,LAC,2004,3,1,1,-1.649,1,,22,0,3,0.0,,,30,26,9.5,,
00-0020536,LaDainian Tomlinson,RB,LAC,2004,4,0,0,0.0,0,,17,0,2,0.0,,,24,22,24.0,,
00-0020536,LaDainian Tomlinson,RB,LAC,2004,5,0,0,-2.058,1,,19,0,4,0.0,,,35,35,23.4,,
00-0020536,LaDainian Tomlinson,RB,LAC,2004,6,0,0,0.0,0,,23,0,4,0.0,,,31,30,18.0,,
00-0020536,LaDainian Tomlinson,RB,LAC,2004,7,0,0,0.0,0,,17,0,3,0.0,,,27,28,13.0,,
00-0020536,LaDainian Tomlinson,RB,LAC,2004,8,0,0,0.0,0,,19,0,1,0.0,,,38,32,14.8,,
00-0020536,LaDainian Tomlinson,RB,LAC,2004,9,0,0,0.0,0,,17,0,4,0.0,,,35,33,17.6,,
00-0020536,LaDainian Tomlinson,RB,LAC,2004,11,1,0,-0.404,0,,37,0,1,0.0,,,44,38,24.3,,
00-0020536,LaDainian Tomlinson,RB,LAC,2004,12,0,0,0.0,0,,21,0,10,0.0,,,31,31,32.3,,
00-0020536,LaDainian Tomlinson,RB,LAC,2004,13,0,0,0.0,0,,30,0,5,0.0,,,35,37,30.0,,
00-0020536,LaDainian Tomlinson,RB,LAC,2004,14,0,0,0.0,0,,25,0,4,0.0,,,30,29,23.0,,
00-0020536,LaDainian Tomlinson,RB,LAC,2004,15,0,0,0.0,0,,26,0,1,0.0,,,50,41,23.6,,
00-0020536,LaDainian Tomlinson,RB,LAC,2004,16,0,0,0.0,0,,21,0,5,0.0,,,29,28,34.6,,
00-0020562,Chad Hutchinson,QB,CHI,2004,13,30,18,6.65,5,,3,0,0,0.0,,,35,35,19.9,,
00-0020562,Chad Hutchinson,QB,CHI,2004,14,33,17,-12.807,5,,0,0,0,0.0,,,14,22,4.5,,
00-0020562,Chad Hutchinson,QB,CHI,2004,15,34,17,-19.972,2,,3,0,0,0.0,,,26,30,0.7,,
00-0020562,Chad Hutchinson,QB,CHI,2004,16,35,20,-7.51,2,,0,0,0,0.0,,,25,34,8.6,,
00-0020562,Chad Hutchinson,QB,CHI,2004,17,29,20,-15.824,9,,0,0,0,0.0,,,27,31,5.8,,
00-0020587,Jamal Robertson,RB,SF,2004,2,0,0,0.0,0,,9,0,1,0.0,,,34,37,9.8,,
00-0020587,Jamal Robertson,RB,SF,2004,3,0,0,0.0,0,,5,0,0,0.0,,,18,21,2.4,,
00-0020587,Jamal Robertson,RB,SF,2004,5,0,0,0.0,0,,2,0,3,0.0,,,19,23,4.3,,
00-0020608,David Carr,QB,HOU,2004,1,25,19,7.089,2,,3,0,0,0.0,,,29,33,6.4,,
00-0020608,David Carr,QB,HOU,2004,2,34,23,10.233,5,,5,0,0,0.0,,,32,37,21.5,,
00-0020608,David Carr,QB,HOU,2004,3,25,13,3.796,3,,5,0,0,0.0,,,26,22,13.9,,
00-0020608,David Carr,QB,HOU,2004,4,23,14,9.163,1,,8,0,0,0.0,,,40,34,16.6,,
00-0020608,David Carr,QB,HOU,2004,5,43,27,16.876,4,,3,0,0,0.0,,,17,18,29.0,,
00-0020608,David Carr,QB,HOU,2004,6,26,16,2.891,2,,5,0,0,0.0,,,37,33,10.6,,
00-0020608,David Carr,QB,HOU,2004,8,34,26,8.024,0,,3,0,0,0.0,,,32,33,16.5,,
00-0020608,David Carr,QB,HOU,2004,9,41,22,2.388,4,,5,0,0,0.0,,,27,27,10.8,,
00-0020608,David Carr,QB,HOU,2004,10,41,22,-21.749,5,,3,0,0,0.0,,,37,41,1.6,,
00-0020608,David Carr,QB,HOU,2004,11,26,13,-3.182,2,,3,0,0,0.0,,,27,27,14.2,,
00-0020608,David Carr,QB,HOU,2004,12,30,21,1.498,3,,2,0,0,0.0,,,21,27,15.0,,
00-0020608,David Carr,QB,HOU,2004,13,25,12,-10.286,2,,4,0,0,0.0,,,25,20,3.9,,
00-0020608,David Carr,QB,HOU,2004,14,21,16,0.286,5,,4,0,0,0.0,,,28,32,10.6,,
00-0020608,David Carr,QB,HOU,2004,15,28,13,7.655,2,,6,0,0,0.0,,,34,32,13.6,,
00-0020608,David Carr,QB,HOU,2004,16,20,14,1.987,4,,8,0,0,0.0,,,43,40,8.3,,
00-0020608,David Carr,QB,HOU,2004,17,25,15,-7.742,6,,5,0,0,0.0,,,24,26,11.4,,
00-0020692,Eddie Drummond,WR,DET,2004,11,0,0,0.0,0,,1,0,0,0.0,,,27,25,6.9,,
00-0020700,James Mungro,RB,IND,2004,11,0,0,0.0,0,,3,0,0,0.0,,,39,36,1.5,,
00-0020700,James Mungro,RB,IND,2004,12,0,0,0.0,0,,2,0,0,0.0,,,29,30,0.4,,
00-0020754,Kelly Campbell,WR,MIN,2004,3,0,0,0.0,0,,1,0,2,0.0,,,24,23,3.6,,
00-0020754,Kelly Campbell,WR,MIN,2004,10,0,0,0.0,0,,1,0,1,0.0,,,16,17,2.2,,
00-0020754,Kelly Campbell,WR,MIN,2004,12,0,0,0.0,0,,1,0,1,0.0,,,30,25,7.4,,
00-0020780,Frisman Jackson,WR,CLE,2004,13,1,0,-0.446,0,,0,0,0,0.0,,,17,21,0.0,,
00-0020780,Frisman Jackson,WR,CLE,2004,17,0,0,0.0,0,,1,0,0,0.0,,,32,31,0.4,,
00-0020793,Eric McCoo,RB,PHI,2004,17,0,0,0.0,0,,9,0,2,0.0,,,16,26,8.9,,
00-0020797,Maurice Hicks,RB,SF,2004,10,0,0,0.0,0,,8,0,1,0.0,,,33,36,6.8,,
00-0020797,Maurice Hicks,RB,SF,2004,11,0,0,0.0,0,,7,0,3,0.0,,,23,31,10.3,,
00-0020797,Maurice Hicks,RB,SF,2004,12,0,0,0.0,0,,13,0,2,0.0,,,24,28,13.9,,
00-0020797,Maurice Hicks,RB,SF,2004,13,0,0,0.0,0,,3,0,0,0.0,,,27,28,1.6,,
00-0020797,Maurice Hicks,RB,SF,2004,14,0,0,0.0,0,,34,0,5,0.0,,,41,46,27.8,,
00-0020797,Maurice Hicks,RB,SF,2004,15,0,0,0.0,0,,11,0,2,0.0,,,18,19,7.5,,
00-0020797,Maurice Hicks,RB,SF,2004,16,0,0,0.0,0,,10,0,1,0.0,,,28,29,3.5,,
00-0020797,Maurice Hicks,RB,SF,2004,17,0,0,0.0,0,,10,0,2,0.0,,,35,41,2.2,,
00-0020805,Jason McKie,RB,CHI,2004,1,0,0,0.0,0,,1,0,1,0.0,,,32,32,2.1,,
00-0020820,Jesse Chatman,RB,LAC,2004,2,0,0,0.0,0,,3,0,0,0.0,,,25,25,1.0,,
00-0020820,Jesse Chatman,RB,LAC,2004,4,0,0,0.0,0,,3,0,0,0.0,,,24,22,8.3,,
00-0020820,Jesse Chatman,RB,LAC,2004,5,0,0,0.0,0,,11,0,1,0.0,,,35,35,19.0,,
00-0020820,Jesse Chatman,RB,LAC,2004,6,0,0,0.0,0,,3,0,0,0.0,,,31,30,1.2,,
00-0020820,Jesse Chatman,RB,LAC,2004,7,0,0,0.0,0,,8,0,0,0.0,,,27,28,12.9,,
00-0020820,Jesse Chatman,RB,LAC,2004,8,0,0,0.0,0,,12,0,0,0.0,,,38,32,6.9,,
00-0020820,Jesse Chatman,RB,LAC,2004,9,0,0,0.0,0,,7,0,0,0.0,,,35,33,5.1,,
00-0020820,Jesse Chatman,RB,LAC,2004,13,0,0,0.0,0,,2,0,0,0.0,,,35,37,0.7,,
00-0020820,Jesse Chatman,RB,LAC,2004,15,0,0,0.0,0,,14,0,0,0.0,,,50,41,4.8,,
00-0020820,Jesse Chatman,RB,LAC,2004,16,0,0,0.0,0,,2,0,0,0.0,,,29,28,0.0,,
00-0020904,Eric Parker,WR,LAC,2004,3,0,0,0.0,0,,1,0,1,0.0,,,30,26,3.0,,
00-0020904,Eric Parker,WR,LAC,2004,12,0,0,0.0,0,,2,0,3,0.0,,,31,31,16.6,,
00-0020904,Eric Parker,WR,LAC,2004,13,0,0,0.0,0,,1,0,3,0.0,,,35,37,3.9,,
00-0020917,Joe Burns,RB,BUF,2004,6,0,0,0.0,0,,4,0,0,0.0,,,31,33,2.2,,
00-0020917,Joe Burns,RB,BUF,2004,8,0,0,0.0,0,,4,0,0,0.0,,,38,36,2.7,,
00-0020917,Joe Burns,RB,BUF,2004,10,0,0,0.0,0,,1,0,0,0.0,,,17,16,0.0,,
00-0020917,Joe Burns,RB,BUF,2004,12,0,0,0.0,0,,7,0,0,0.0,,,37,38,1.4,,
00-0020917,Joe Burns,RB,BUF,2004,13,0,0,0.0,0,,3,0,0,0.0,,,28,27,0.8,,
00-0020917,Joe Burns,RB,BUF,2004,14,0,0,0.0,0,,1,0,0,0.0,,,42,41,0.2,,
00-0020964,Tony Fisher,RB,GB,2004,1,0,0,0.0,0,,9,0,2,0.0,,,47,50,7.0,,
00-0020964,Tony Fisher,RB,GB,2004,2,0,0,0.0,0,,6,0,4,0.0,,,31,36,7.7,,
00-0020964,Tony Fisher,RB,GB,2004,3,0,0,0.0,0,,1,0,4,0.0,,,19,27,6.1,,
00-0020964,Tony Fisher,RB,GB,2004,6,0,0,0.0,0,,4,0,2,0.0,,,39,42,12.1,,
00-0020964,Tony Fisher,RB,GB,2004,7,1,1,1.68,0,,0,0,1,0.0,,,31,33,5.7,,
00-0020964,Tony Fisher,RB,GB,2004,10,0,0,0.0,0,,8,0,3,0.0,,,35,38,15.7,,
00-0020964,Tony Fisher,RB,GB,2004,11,0,0,0.0,0,,7,0,4,0.0,,,21,23,7.2,,
00-0020964,Tony Fisher,RB,GB,2004,12,0,0,0.0,0,,6,0,1,0.0,,,28,27,6.3,,
00-0020964,Tony Fisher,RB,GB,2004,13,0,0,0.0,0,,2,0,2,0.0,,,18,22,4.0,,
00-0020964,Tony Fisher,RB,GB,2004,14,0,0,0.0,0,,2,0,1,0.0,,,29,35,4.0,,
00-0020964,Tony Fisher,RB,GB,2004,16,0,0,0.0,0,,1,0,4,0.0,,,34,39,7.3,,
00-0020964,Tony Fisher,RB,GB,2004,17,0,0,0.0,0,,19,0,3,0.0,,,30,30,9.5,,
00-0020984,Randy Hymes,WR,BAL,2004,11,1,0,-1.694,0,,0,0,0,0.0,,,21,25,0.0,,
00-0021048,Damien Anderson,RB,ARI,2004,15,0,0,0.0,0,,1,0,0,0.0,,,40,40,0.2,,
00-0021087,Omar Easy,RB,KC,2004,15,0,0,0.0,0,,4,0,0,0.0,,,36,34,0.1,,
00-0021098,Josh Scobey,RB,ARI,2004,1,0,0,0.0,0,,2,0,3,0.0,,,23,23,6.2,,
00-0021098,Josh Scobey,RB,ARI,2004,11,0,0,0.0,0,,4,0,2,0.0,,,28,24,7.4,,
00-0021098,Josh Scobey,RB,ARI,2004,12,0,0,0.0,0,,5,0,3,0.0,,,24,26,4.9,,
00-0021098,Josh Scobey,RB,ARI,2004,13,0,0,0.0,0,,5,0,3,0.0,,,26,29,7.6,,
00-0021098,Josh Scobey,RB,ARI,2004,14,0,0,0.0,0,,1,0,1,0.0,,,25,26,1.6,,
00-0021098,Josh Scobey,RB,ARI,2004,15,0,0,0.0,0,,9,0,3,0.0,,,40,40,10.5,,
00-0021098,Josh Scobey,RB,ARI,2004,17,0,0,0.0,0,,1,0,0,0.0,,,34,34,0.8,,
00-0021141,Joey Harrington,QB,DET,2004,1,26,14,0.881,1,,4,0,0,0.0,,,30,25,10.1,,
00-0021141,Joey Harrington,QB,DET,2004,2,25,18,5.699,2,,4,0,0,0.0,,,23,22,18.7,,
00-0021141,Joey Harrington,QB,DET,2004,3,38,21,-10.488,5,,3,0,0,0.0,,,18,20,15.0,,
00-0021141,Joey Harrington,QB,DET,2004,5,24,16,0.968,3,,5,0,0,0.0,,,33,33,10.0,,
00-0021141,Joey Harrington,QB,DET,2004,6,23,12,-14.525,1,,4,0,0,0.0,,,16,16,7.2,,
00-0021141,Joey Harrington,QB,DET,2004,7,22,18,17.915,3,,2,0,0,0.0,,,29,32,17.0,,
00-0021141,Joey Harrington,QB,DET,2004,8,32,19,4.077,1,,1,0,0,0.0,,,14,20,16.1,,
00-0021141,Joey Harrington,QB,DET,2004,9,52,26,-4.832,2,,2,0,0,0.0,,,24,26,14.2,,
00-0021141,Joey Harrington,QB,DET,2004,10,33,11,-19.91,2,,0,0,0,0.0,,,19,23,2.8,,
00-0021141,Joey Harrington,QB,DET,2004,11,19,12,-5.73,3,,4,0,0,0.0,,,27,25,7.3,,
00-0021141,Joey Harrington,QB,DET,2004,12,23,14,-6.222,2,,0,0,0,0.0,,,21,28,4.2,,
00-0021141,Joey Harrington,QB,DET,2004,13,27,15,-5.663,2,,6,0,0,0.0,,,32,32,11.7,,
00-0021141,Joey Harrington,QB,DET,2004,14,22,5,-11.372,2,,4,0,0,0.0,,,39,36,4.8,,
00-0021141,Joey Harrington,QB,DET,2004,15,44,25,8.089,2,,3,0,0,0.0,,,25,28,21.7,,
00-0021141,Joey Harrington,QB,DET,2004,16,30,15,-15.191,2,,5,0,0,0.0,,,32,32,7.2,,
00-0021141,Joey Harrington,QB,DET,2004,17,49,33,-2.824,2,,2,0,0,0.0,,,26,37,19.1,,
00-0021147,Donte' Stallworth,WR,NO,2004,1,0,0,0.0,0,,1,0,3,0.0,,,19,18,6.7,,
00-0021147,Donte' Stallworth,WR,NO,2004,3,0,0,0.0,0,,1,0,5,0.0,,,31,29,11.9,,
00-0021147,Donte' Stallworth,WR,NO,2004,10,0,0,0.0,0,,1,0,3,0.0,,,23,19,4.7,,
00-0021147,Donte' Stallworth,WR,NO,2004,12,0,0,0.0,0,,1,0,2,0.0,,,28,28,6.6,,
00-0021147,Donte' Stallworth,WR,NO,2004,16,0,0,0.0,0,,1,0,2,0.0,,,40,34,14.2,,
00-0021147,Donte' Stallworth,WR,NO,2004,17,0,0,0.0,0,,1,0,3,0.0,,,37,30,6.1,,
00-0021150,William Green,RB,CLE,2004,1,0,0,0.0,0,,22,0,4,0.0,,,29,32,13.2,,
00-0021150,William Green,RB,CLE,2004,2,0,0,0.0,0,,19,0,1,0.0,,,26,24,6.4,,
00-0021150,William Green,RB,CLE,2004,3,0,0,0.0,0,,15,0,0,0.0,,,23,23,9.1,,
00-0021150,William Green,RB,CLE,2004,4,0,0,0.0,0,,4,0,0,0.0,,,32,27,1.7,,
00-0021150,William Green,RB,CLE,2004,5,0,0,0.0,0,,3,0,1,0.0,,,20,18,4.0,,
00-0021150,William Green,RB,CLE,2004,6,0,0,0.0,0,,25,0,1,0.0,,,46,44,12.5,,
00-0021150,William Green,RB,CLE,2004,7,0,0,0.0,0,,14,0,1,0.0,,,34,32,13.7,,
00-0021150,William Green,RB,CLE,2004,9,0,0,0.0,0,,8,0,1,0.0,,,28,28,3.0,,
00-0021150,William Green,RB,CLE,2004,11,0,0,0.0,0,,8,0,0,0.0,,,27,28,3.2,,
00-0021150,William Green,RB,CLE,2004,12,0,0,0.0,0,,15,0,2,0.0,,,17,17,17.0,,
00-0021150,William Green,RB,CLE,2004,13,0,0,0.0,0,,12,0,3,0.0,,,17,21,4.9,,
00-0021150,William Green,RB,CLE,2004,14,0,0,0.0,0,,11,0,0,0.0,,,17,16,-1.5,,
00-0021150,William Green,RB,CLE,2004,15,0,0,0.0,0,,5,0,0,0.0,,,29,27,1.7,,
00-0021150,William Green,RB,CLE,2004,17,0,0,0.0,0,,2,0,0,0.0,,,32,31,0.0,,
00-0021152,Ashley Lelie,WR,DEN,2004,3,0,0,0.0,0,,2,0,4,0.0,,,21,23,17.3,,
00-0021152,Ashley Lelie,WR,DEN,2004,13,0,0,0.0,0,,1,0,4,0.0,,,24,25,14.4,,
00-0021154,Daniel Graham,TE,NE,2004,11,0,0,0.0,0,,0,1,3,0.0,1.0,,32,30,11.3,,
00-0021163,Jabar Gaffney,WR,HOU,2004,4,1,0,-0.639,0,,0,0,4,0.0,,,40,34,8.8,,
00-0021163,Jabar Gaffney,WR,HOU,2004,8,0,0,0.0,0,,2,0,5,0.0,,,32,33,13.3,,
00-0021163,Jabar Gaffney,WR,HOU,2004,11,1,0,-0.416,0,,2,0,0,0.0,,,27,27,1.5,,
00-0021163,Jabar Gaffney,WR,HOU,2004,17,1,0,-0.261,0,,0,0,1,0.0,,,24,26,2.1,,
00-0021164,DeShaun Foster,RB,CAR,2004,1,0,0,0.0,0,,3,0,4,0.0,,,13,19,7.4,,
00-0021164,DeShaun Foster,RB,CAR,2004,2,0,0,0.0,0,,32,0,0,0.0,,,39,38,23.4,,
00-0021164,DeShaun Foster,RB,CAR,2004,4,0,0,0.0,0,,19,0,3,0.0,,,21,23,19.5,,
00-0021164,DeShaun Foster,RB,CAR,2004,5,0,0,0.0,0,,5,0,2,0.0,,,26,20,3.8,,
00-0021166,Josh Reed,WR,BUF,2004,1,0,0,0.0,0,,1,0,2,0.0,,,36,36,3.1,,
00-0021166,Josh Reed,WR,BUF,2004,4,0,0,0.0,0,,1,0,0,0.0,,,26,25,0.6,,
00-0021174,Tim Carter,WR,NYG,2004,2,0,0,0.0,0,,1,0,3,0.0,,,28,29,16.1,,
00-0021174,Tim Carter,WR,NYG,2004,4,0,0,0.0,0,,1,0,2,0.0,,,35,36,5.8,,
00-0021175,Andre Davis,WR,CLE,2004,4,0,0,0.0,0,,1,0,3,0.0,,,32,27,12.0,,
00-0021176,Reche Caldwell,WR,LAC,2004,4,0,0,0.0,0,,1,0,3,0.0,,,24,22,22.0,,
00-0021176,Reche Caldwell,WR,LAC,2004,5,0,0,0.0,0,,2,0,3,0.0,,,35,35,6.3,,
00-0021176,Reche Caldwell,WR,LAC,2004,6,0,0,0.0,0,,1,0,1,0.0,,,31,30,3.1,,
00-0021179,Clinton Portis,RB,WAS,2004,1,0,0,0.0,0,,29,0,4,0.0,,,39,39,26.3,,
00-0021179,Clinton Portis,RB,WAS,2004,2,0,0,0.0,0,,20,0,2,0.0,,,28,25,13.8,,
00-0021179,Clinton Portis,RB,WAS,2004,3,0,0,0.0,0,,23,0,3,0.0,,,24,26,16.1,,
00-0021179,Clinton Portis,RB,WAS,2004,4,0,0,0.0,0,,20,0,2,0.0,,,25,24,13.3,,
00-0021179,Clinton Portis,RB,WAS,2004,5,0,0,0.0,0,,25,0,4,0.0,,,26,31,10.9,,
00-0021179,Clinton Portis,RB,WAS,2004,6,0,0,0.0,0,,36,0,1,0.0,,,47,43,19.2,,
00-0021179,Clinton Portis,RB,WAS,2004,8,0,0,0.0,0,,17,0,7,0.0,,,19,24,15.7,,
00-0021179,Clinton Portis,RB,WAS,2004,9,1,1,2.633,0,,34,0,1,0.0,,,40,41,21.4,,
00-0021179,Clinton Portis,RB,WAS,2004,10,0,0,0.0,0,,17,0,4,0.0,,,20,21,15.3,,
00-0021179,Clinton Portis,RB,WAS,2004,11,0,0,0.0,0,,17,0,1,0.0,,,23,29,4.3,,
00-0021179,Clinton Portis,RB,WAS,2004,12,0,0,0.0,0,,6,0,1,0.0,,,14,18,2.7,,
00-0021179,Clinton Portis,RB,WAS,2004,13,0,0,0.0,0,,31,0,3,0.0,,,45,45,31.2,,
00-0021179,Clinton Portis,RB,WAS,2004,14,1,0,-0.401,0,,23,0,4,0.0,,,25,30,26.2,,
00-0021179,Clinton Portis,RB,WAS,2004,15,0,0,0.0,0,,35,0,3,0.0,,,40,42,14.0,,
00-0021179,Clinton Portis,RB,WAS,2004,16,0,0,0.0,0,,10,0,0,0.0,,,25,23,3.2,,
00-0021182,Maurice Morris,RB,SEA,2004,1,0,0,0.0,0,,4,0,0,0.0,,,43,34,1.0,,
00-0021182,Maurice Morris,RB,SEA,2004,2,0,0,0.0,0,,3,0,1,0.0,,,23,21,1.4,,
00-0021182,Maurice Morris,RB,SEA,2004,3,0,0,0.0,0,,8,0,1,0.0,,,37,32,5.7,,
00-0021182,Maurice Morris,RB,SEA,2004,5,0,0,0.0,0,,2,0,0,0.0,,,30,26,0.5,,
00-0021182,Maurice Morris,RB,SEA,2004,6,0,0,0.0,0,,2,0,1,0.0,,,21,21,3.3,,
00-0021182,Maurice Morris,RB,SEA,2004,10,0,0,0.0,0,,2,0,1,0.0,,,28,26,2.1,,
00-0021182,Maurice Morris,RB,SEA,2004,11,0,0,0.0,0,,1,0,0,0.0,,,38,30,0.3,,
00-0021182,Maurice Morris,RB,SEA,2004,12,0,0,0.0,0,,2,0,2,0.0,,,17,17,4.0,,
00-0021182,Maurice Morris,RB,SEA,2004,13,0,0,0.0,0,,1,0,0,0.0,,,27,25,0.6,,
00-0021182,Maurice Morris,RB,SEA,2004,14,0,0,0.0,0,,3,0,1,0.0,,,31,32,3.5,,
00-0021182,Maurice Morris,RB,SEA,2004,15,0,0,0.0,0,,1,0,0,0.0,,,23,24,0.6,,
00-0021182,Maurice Morris,RB,SEA,2004,16,0,0,0.0,0,,1,0,1,0.0,,,36,32,2.3,,
00-0021184,Ladell Betts,RB,WAS,2004,1,0,0,0.0,0,,5,0,1,0.0,,,39,39,3.3,,
00-0021184,Ladell Betts,RB,WAS,2004,2,0,0,0.0,0,,3,0,0,0.0,,,28,25,1.1,,
00-0021184,Ladell Betts,RB,WAS,2004,4,0,0,0.0,0,,2,0,0,0.0,,,25,24,0.6,,
00-0021184,Ladell Betts,RB,WAS,2004,5,0,0,0.0,0,,1,0,1,0.0,,,26,31,1.2,,
00-0021184,Ladell Betts,RB,WAS,2004,6,0,0,0.0,0,,6,0,0,0.0,,,47,43,3.0,,
00-0021184,Ladell Betts,RB,WAS,2004,9,0,0,0.0,0,,5,0,1,0.0,,,40,41,3.2,,
00-0021184,Ladell Betts,RB,WAS,2004,11,0,0,0.0,0,,5,0,6,0.0,,,23,29,11.3,,
00-0021184,Ladell Betts,RB,WAS,2004,12,0,0,0.0,0,,8,0,3,0.0,,,14,18,9.9,,
00-0021184,Ladell Betts,RB,WAS,2004,13,0,0,0.0,0,,11,0,0,0.0,,,45,45,6.4,,
00-0021184,Ladell Betts,RB,WAS,2004,14,0,0,0.0,0,,2,0,1,0.0,,,25,30,2.4,,
00-0021184,Ladell Betts,RB,WAS,2004,15,0,0,0.0,0,,3,0,1,0.0,,,40,42,2.9,,
00-0021184,Ladell Betts,RB,WAS,2004,16,0,0,0.0,0,,13,0,0,0.0,,,25,23,4.3,,
00-0021184,Ladell Betts,RB,WAS,2004,17,0,0,0.0,0,,26,0,1,0.0,,,31,29,19.3,,
00-0021190,Antwaan Randle El,WR,PIT,2004,2,0,0,0.0,0,,1,0,3,0.0,,,25,17,12.0,,
00-0021190,Antwaan Randle El,WR,PIT,2004,3,0,0,0.0,0,,1,0,1,0.0,,,38,29,2.1,,
00-0021190,Antwaan Randle El,WR,PIT,2004,4,0,0,0.0,0,,2,0,2,0.0,,,40,31,5.0,,
00-0021190,Antwaan Randle El,WR,PIT,2004,6,0,0,0.0,0,,3,0,1,0.0,,,29,25,3.2,,
00-0021190,Antwaan Randle El,WR,PIT,2004,9,0,0,0.0,0,,1,0,1,0.0,,,56,36,2.8,,
00-0021190,Antwaan Randle El,WR,PIT,2004,15,1,1,3.194,0,,0,0,5,0.0,,,39,37,30.3,,
00-0021206,Josh McCown,QB,ARI,2004,1,29,18,-4.182,2,,1,0,0,0.0,,,23,23,7.7,,
00-0021206,Josh McCown,QB,ARI,2004,2,29,13,-14.588,5,,3,0,0,0.0,,,16,14,4.3,,
00-0021206,Josh McCown,QB,ARI,2004,3,26,20,-4.785,5,,6,0,0,0.0,,,26,22,2.9,,
00-0021206,Josh McCown,QB,ARI,2004,4,18,12,0.941,2,,1,0,0,0.0,,,40,41,6.4,,
00-0021206,Josh McCown,QB,ARI,2004,5,34,19,5.48,2,,3,0,0,0.0,,,29,30,20.3,,
00-0021206,Josh McCown,QB,ARI,2004,7,36,22,-11.922,2,,3,0,0,0.0,,,37,40,8.8,,
00-0021206,Josh McCown,QB,ARI,2004,8,24,9,-2.798,3,,1,0,0,0.0,,,38,37,8.3,,
00-0021206,Josh McCown,QB,ARI,2004,9,31,18,-2.01,1,,1,0,0,0.0,,,27,29,11.4,,
00-0021206,Josh McCown,QB,ARI,2004,10,24,12,-7.448,2,,3,0,0,0.0,,,32,30,3.9,,
00-0021206,Josh McCown,QB,ARI,2004,12,10,5,0.12,0,,0,0,0,0.0,,,24,26,-1.5,,
00-0021206,Josh McCown,QB,ARI,2004,14,44,26,5.593,1,,1,0,0,0.0,,,25,26,13.0,,
00-0021206,Josh McCown,QB,ARI,2004,15,34,22,2.4,2,,9,0,0,0.0,,,40,40,32.8,,
00-0021206,Josh McCown,QB,ARI,2004,16,33,21,-0.159,4,,2,0,0,0.0,,,30,30,18.9,,
00-0021206,Josh McCown,QB,ARI,2004,17,36,16,-11.451,0,,2,0,1,0.0,,,34,34,2.9,,
00-0021209,Lamar Gordon,RB,MIA,2004,1,0,0,0.0,0,,12,0,5,0.0,,,20,26,11.2,,
00-0021209,Lamar Gordon,RB,MIA,2004,2,0,0,0.0,0,,19,0,8,0.0,,,20,27,14.6,,
00-0021209,Lamar Gordon,RB,MIA,2004,3,0,0,0.0,0,,4,0,0,0.0,,,29,25,1.0,,
00-0021212,Cliff Russell,WR,CIN,2004,4,0,0,0.0,0,,1,0,0,0.0,,,27,29,1.3,,
00-0021212,Cliff Russell,WR,CIN,2004,7,0,0,0.0,0,,1,0,0,0.0,,,33,30,-0.8,,
00-0021212,Cliff Russell,WR,CIN,2004,9,0,0,0.0,0,,1,0,0,0.0,,,31,32,1.0,,
00-0021216,Brian Westbrook,RB,PHI,2004,1,0,0,0.0,0,,17,0,3,0.0,,,27,26,19.1,,
00-0021216,Brian Westbrook,RB,PHI,2004,2,0,0,0.0,0,,12,0,5,0.0,,,17,18,16.8,,
00-0021216,Brian Westbrook,RB,PHI,2004,3,0,0,0.0,0,,13,0,7,0.0,,,19,21,14.6,,
00-0021216,Brian Westbrook,RB,PHI,2004,4,0,0,0.0,0,,23,0,9,0.0,,,33,42,26.8,,
00-0021216,Brian Westbrook,RB,PHI,2004,6,0,0,0.0,0,,13,0,4,0.0,,,20,22,19.0,,
00-0021216,Brian Westbrook,RB,PHI,2004,7,0,0,0.0,0,,13,0,3,0.0,,,23,26,9.0,,
00-0021216,Brian Westbrook,RB,PHI,2004,9,0,0,0.0,0,,6,0,3,0.0,,,9,12,5.1,,
00-0021216,Brian Westbrook,RB,PHI,2004,10,0,0,0.0,0,,15,0,4,0.0,,,33,31,21.8,,
00-0021216,Brian Westbrook,RB,PHI,2004,11,0,0,0.0,0,,12,0,5,0.0,,,31,28,27.5,,
00-0021216,Brian Westbrook,RB,PHI,2004,12,0,0,0.0,0,,18,0,5,0.0,,,38,35,29.7,,
00-0021216,Brian Westbrook,RB,PHI,2004,13,0,0,0.0,0,,12,0,11,0.0,,,21,32,48.3,,
00-0021216,Brian Westbrook,RB,PHI,2004,14,0,0,0.0,0,,12,0,6,0.0,,,17,22,17.8,,
00-0021216,Brian Westbrook,RB,PHI,2004,15,0,0,0.0,0,,12,0,8,0.0,,,28,33,20.6,,
00-0021223,Jonathan Wells,RB,HOU,2004,2,0,0,0.0,0,,1,0,0,0.0,,,32,37,0.3,,
00-0021223,Jonathan Wells,RB,HOU,2004,3,0,0,0.0,0,,10,0,1,0.0,,,26,22,7.7,,
00-0021223,Jonathan Wells,RB,HOU,2004,4,0,0,0.0,0,,26,0,1,0.0,,,40,34,18.3,,
00-0021223,Jonathan Wells,RB,HOU,2004,6,0,0,0.0,0,,22,0,1,0.0,,,37,33,14.7,,
00-0021223,Jonathan Wells,RB,HOU,2004,8,0,0,0.0,0,,4,0,2,0.0,,,32,33,2.9,,
00-0021223,Jonathan Wells,RB,HOU,2004,9,0,0,0.0,0,,1,0,0,0.0,,,27,27,0.7,,
00-0021223,Jonathan Wells,RB,HOU,2004,10,0,0,0.0,0,,2,0,1,0.0,,,37,41,1.9,,
00-0021223,Jonathan Wells,RB,HOU,2004,12,0,0,0.0,0,,3,0,1,0.0,,,21,27,8.9,,
00-0021223,Jonathan Wells,RB,HOU,2004,13,0,0,0.0,0,,2,0,0,0.0,,,25,20,0.9,,
00-0021223,Jonathan Wells,RB,HOU,2004,14,0,0,0.0,0,,1,0,2,0.0,,,28,32,8.9,,
00-0021223,Jonathan Wells,RB,HOU,2004,15,0,0,0.0,0,,3,0,0,0.0,,,34,32,0.3,,
00-0021223,Jonathan Wells,RB,HOU,2004,16,0,0,0.0,0,,5,0,0,0.0,,,43,40,3.4,,
00-0021223,Jonathan Wells,RB,HOU,2004,17,0,0,0.0,0,,2,0,2,0.0,,,24,26,9.9,,
00-0021231,David Garrard,QB,JAX,2004,8,2,2,1.699,0,,0,0,0,0.0,,,12,13,1.1,,
00-0021231,David Garrard,QB,JAX,2004,10,36,19,-0.362,3,,7,0,0,0.0,,,50,40,20.1,,
00-0021231,David Garrard,QB,JAX,2004,11,27,13,-4.654,2,,5,0,0,0.0,,,32,29,12.6,,
00-0021231,David Garrard,QB,JAX,2004,16,7,4,-2.944,1,,0,0,0,0.0,,,20,10,0.8,,
00-0021238,Rohan Davey,QB,NE,2004,10,0,0,0.0,0,,1,0,0,0.0,,,45,48,-0.1,,
00-0021238,Rohan Davey,QB,NE,2004,12,0,0,0.0,0,,1,0,0,0.0,,,41,39,-0.1,,
00-0021238,Rohan Davey,QB,NE,2004,13,6,3,4.542,0,,1,0,0,0.0,,,50,51,1.6,,
00-0021238,Rohan Davey,QB,NE,2004,17,4,1,-2.717,0,,1,0,0,0.0,,,28,31,0.7,,
00-0021252,Najeh Davenport,RB,GB,2004,1,0,0,0.0,0,,4,0,0,0.0,,,47,50,0.2,,
00-0021252,Najeh Davenport,RB,GB,2004,6,0,0,0.0,0,,10,0,0,0.0,,,39,42,12.2,,
00-0021252,Najeh Davenport,RB,GB,2004,7,0,0,0.0,0,,12,0,2,0.0,,,31,33,7.7,,
00-0021252,Najeh Davenport,RB,GB,2004,8,0,0,0.0,0,,4,0,0,0.0,,,28,34,1.8,,
00-0021252,Najeh Davenport,RB,GB,2004,10,0,0,0.0,0,,2,0,0,0.0,,,35,38,0.5,,
00-0021252,Najeh Davenport,RB,GB,2004,12,0,0,0.0,0,,19,0,1,0.0,,,28,27,25.6,,
00-0021252,Najeh Davenport,RB,GB,2004,13,0,0,0.0,0,,4,0,0,0.0,,,18,22,0.4,,
00-0021252,Najeh Davenport,RB,GB,2004,14,0,0,0.0,0,,3,0,1,0.0,,,29,35,2.7,,
00-0021252,Najeh Davenport,RB,GB,2004,15,0,0,0.0,0,,2,0,0,0.0,,,21,23,0.1,,
00-0021252,Najeh Davenport,RB,GB,2004,16,0,0,0.0,0,,11,0,0,0.0,,,34,39,4.0,,
00-0021253,Jarrod Baxter,RB,HOU,2004,1,0,0,0.0,0,,2,0,1,0.0,,,29,33,1.4,,
00-0021277,Craig Nall,QB,GB,2004,4,1,1,-0.205,0,,0,0,0,0.0,,,19,21,1.0,,
00-0021277,Craig Nall,QB,GB,2004,5,8,7,5.494,0,,0,0,0,0.0,,,11,15,6.6,,
00-0021277,Craig Nall,QB,GB,2004,7,0,0,0.0,0,,2,0,0,0.0,,,31,33,-0.2,,
00-0021277,Craig Nall,QB,GB,2004,13,11,8,6.34,2,,0,0,0,0.0,,,18,22,11.8,,
00-0021277,Craig Nall,QB,GB,2004,17,13,7,8.449,0,,1,0,0,0.0,,,30,30,10.1,,
00-0021296,J.T. O'Sullivan,QB,GB,2004,17,0,0,0.0,0,,2,0,0,0.0,,,30,30,-0.2,,
00-0021306,Adrian Peterson,RB,CHI,2004,11,0,0,0.0,0,,4,0,1,0.0,,,26,27,5.5,,
00-0021306,Adrian Peterson,RB,CHI,2004,16,0,0,0.0,0,,2,0,1,0.0,,,25,34,1.4,,
00-0021314,Chester Taylor,RB,BAL,2004,1,0,0,0.0,0,,3,0,0,0.0,,,26,24,1.4,,
00-0021314,Chester Taylor,RB,BAL,2004,2,0,0,0.0,0,,9,0,0,0.0,,,41,33,7.6,,
00-0021314,Chester Taylor,RB,BAL,2004,3,0,0,0.0,0,,8,0,1,0.0,,,34,33,3.0,,
00-0021314,Chester Taylor,RB,BAL,2004,4,0,0,0.0,0,,1,0,2,0.0,,,20,18,3.3,,
00-0021314,Chester Taylor,RB,BAL,2004,5,0,0,0.0,0,,7,0,0,0.0,,,43,36,4.3,,
00-0021314,Chester Taylor,RB,BAL,2004,7,0,0,0.0,0,,21,0,2,0.0,,,33,31,12.0,,
00-0021314,Chester Taylor,RB,BAL,2004,8,0,0,0.0,0,,18,0,4,0.0,,,27,33,11.6,,
00-0021314,Chester Taylor,RB,BAL,2004,9,0,0,0.0,0,,2,0,0,0.0,,,28,28,0.6,,
00-0021314,Chester Taylor,RB,BAL,2004,11,0,0,0.0,0,,15,0,4,0.0,,,21,25,15.1,,
00-0021314,Chester Taylor,RB,BAL,2004,12,0,0,0.0,0,,16,0,5,0.0,,,20,24,13.5,,
00-0021314,Chester Taylor,RB,BAL,2004,13,0,0,0.0,0,,23,0,3,0.0,,,31,34,25.4,,
00-0021314,Chester Taylor,RB,BAL,2004,14,0,0,0.0,0,,25,0,4,0.0,,,44,43,17.1,,
00-0021314,Chester Taylor,RB,BAL,2004,15,0,0,0.0,0,,7,0,2,0.0,,,29,34,6.2,,
00-0021314,Chester Taylor,RB,BAL,2004,16,0,0,0.0,0,,3,0,2,0.0,,,21,23,5.3,,
00-0021314,Chester Taylor,RB,BAL,2004,17,0,0,0.0,0,,2,0,0,0.0,,,41,37,0.1,,
00-0021337,Ronald Curry,WR,LV,2004,6,0,0,0.0,0,,1,0,2,0.0,0.0,,16,21,4.2,,
00-0021337,Ronald Curry,WR,LV,2004,11,1,0,-0.535,0,,0,0,4,0.0,,,14,16,15.8,,
00-0021343,Leonard Henry,RB,MIA,2004,3,0,0,0.0,0,,21,0,0,0.0,,,29,25,4.1,,
00-0021343,Leonard Henry,RB,MIA,2004,4,0,0,0.0,0,,18,0,3,0.0,,,21,22,12.7,,
00-0021343,Leonard Henry,RB,MIA,2004,5,0,0,0.0,0,,5,0,0,0.0,,,26,21,1.0,,
00-0021343,Leonard Henry,RB,MIA,2004,13,0,0,0.0,0,,1,0,0,0.0,,,26,29,-2.2,,
00-0021357,Rock Cartwright,RB,WAS,2004,17,0,0,0.0,0,,2,0,0,0.0,,,31,29,0.0,,
00-0021376,T.J. Duckett,RB,ATL,2004,1,0,0,0.0,0,,2,0,1,0.0,,,28,23,1.7,,
00-0021376,T.J. Duckett,RB,ATL,2004,2,0,0,0.0,0,,9,0,0,0.0,,,38,29,5.2,,
00-0021376,T.J. Duckett,RB,ATL,2004,4,0,0,0.0,0,,13,0,0,0.0,,,40,31,12.3,,
00-0021376,T.J. Duckett,RB,ATL,2004,6,0,0,0.0,0,,11,0,0,0.0,,,25,18,2.5,,
00-0021376,T.J. Duckett,RB,ATL,2004,7,0,0,0.0,0,,4,0,0,0.0,,,21,19,0.8,,
00-0021376,T.J. Duckett,RB,ATL,2004,8,0,0,0.0,0,,8,0,0,0.0,,,36,26,8.5,,
00-0021376,T.J. Duckett,RB,ATL,2004,10,0,0,0.0,0,,12,0,0,0.0,,,39,31,17.3,,
00-0021376,T.J. Duckett,RB,ATL,2004,11,0,0,0.0,0,,6,0,0,0.0,,,34,22,3.0,,
00-0021376,T.J. Duckett,RB,ATL,2004,12,0,0,0.0,0,,12,0,0,0.0,,,33,28,5.8,,
00-0021376,T.J. Duckett,RB,ATL,2004,13,0,0,0.0,0,,7,0,1,0.0,,,28,25,4.5,,
00-0021376,T.J. Duckett,RB,ATL,2004,14,0,0,0.0,0,,12,0,0,0.0,,,46,47,30.5,,
00-0021376,T.J. Duckett,RB,ATL,2004,17,0,0,0.0,0,,8,0,1,0.0,,,38,40,7.3,,
00-0021379,Patrick Ramsey,QB,WAS,2004,2,18,9,-6.374,3,,2,0,0,0.0,,,28,25,5.4,,
00-0021379,Patrick Ramsey,QB,WAS,2004,10,37,18,-5.534,4,,1,0,0,0.0,,,20,21,8.7,,
00-0021379,Patrick Ramsey,QB,WAS,2004,11,34,21,-4.542,1,,1,0,0,0.0,,,23,29,4.5,,
00-0021379,Patrick Ramsey,QB,WAS,2004,12,34,19,-11.259,4,,0,0,0,0.0,,,14,18,7.5,,
00-0021379,Patrick Ramsey,QB,WAS,2004,13,22,19,13.167,1,,3,0,0,0.0,,,45,45,18.9,,
00-0021379,Patrick Ramsey,QB,WAS,2004,14,45,29,-1.136,3,,0,0,0,0.0,,,25,30,8.0,,
00-0021379,Patrick Ramsey,QB,WAS,2004,15,27,18,10.314,1,,1,0,0,0.0,,,40,42,12.5,,
00-0021379,Patrick Ramsey,QB,WAS,2004,16,29,19,-3.419,2,,1,0,0,0.0,,,25,23,6.5,,
00-0021379,Patrick Ramsey,QB,WAS,2004,17,26,17,3.446,3,,1,0,0,0.0,,,31,29,12.5,,
00-0021424,Chris Horn,WR,KC,2004,17,0,0,0.0,0,,1,0,2,0.0,,,20,25,4.4,,
00-0021429,Carson Palmer,QB,CIN,2004,1,27,18,14.659,1,,2,0,0,0.0,,,28,27,16.9,,
00-0021429,Carson Palmer,QB,CIN,2004,2,38,21,-17.267,5,,0,0,0,0.0,,,29,30,3.9,,
00-0021429,Carson Palmer,QB,CIN,2004,3,52,25,-17.038,4,,1,0,0,0.0,,,26,26,4.8,,
00-0021429,Carson Palmer,QB,CIN,2004,4,37,20,-11.339,1,,1,0,0,0.0,,,27,29,6.7,,
00-0021429,Carson Palmer,QB,CIN,2004,6,36,20,-9.296,3,,0,0,0,0.0,,,18,25,7.9,,
00-0021429,Carson Palmer,QB,CIN,2004,7,21,12,0.498,1,,4,0,0,0.0,,,33,30,9.9,,
00-0021429,Carson Palmer,QB,CIN,2004,8,36,20,-2.973,4,,0,0,0,0.0,,,17,21,5.9,,
00-0021429,Carson Palmer,QB,CIN,2004,9,32,21,1.069,0,,2,0,0,0.0,,,31,32,18.6,,
00-0021429,Carson Palmer,QB,CIN,2004,10,39,24,2.267,0,,2,0,0,0.0,,,34,33,8.4,,
00-0021429,Carson Palmer,QB,CIN,2004,11,25,13,-8.146,3,,0,0,0,0.0,,,16,17,12.6,,
00-0021429,Carson Palmer,QB,CIN,2004,12,29,22,-1.793,0,,2,0,0,0.0,,,32,28,21.0,,
00-0021429,Carson Palmer,QB,CIN,2004,13,36,29,10.389,3,,2,0,0,0.0,,,24,22,26.0,,
00-0021429,Carson Palmer,QB,CIN,2004,14,24,18,9.105,0,,2,0,0,0.0,,,31,30,16.0,,
00-0021434,Dante Brown,RB,PIT,2004,10,0,0,0.0,0,,1,0,0,0.0,,,47,39,0.2,,
00-0021508,Greg Lewis,WR,PHI,2004,4,0,0,0.0,0,,1,0,0,0.0,,,33,42,1.1,,
00-0021508,Greg Lewis,WR,PHI,2004,7,0,0,0.0,0,,1,0,1,0.0,,,23,26,3.6,,
00-0021508,Greg Lewis,WR,PHI,2004,10,0,0,0.0,0,,1,0,1,0.0,,,33,31,2.5,,
00-0021508,Greg Lewis,WR,PHI,2004,13,0,0,0.0,0,,1,0,2,0.0,,,21,32,4.6,,
00-0021509,Reno Mahe,RB,PHI,2004,1,0,0,0.0,0,,3,0,0,0.0,,,27,26,0.7,,
00-0021509,Reno Mahe,RB,PHI,2004,3,0,0,0.0,0,,1,0,0,0.0,,,19,21,1.7,,
00-0021509,Reno Mahe,RB,PHI,2004,8,0,0,0.0,0,,5,0,1,0.0,,,23,20,4.0,,
00-0021509,Reno Mahe,RB,PHI,2004,9,0,0,0.0,0,,1,0,0,0.0,,,9,12,0.2,,
00-0021509,Reno Mahe,RB,PHI,2004,16,0,0,0.0,0,,6,0,1,0.0,,,23,22,3.2,,
00-0021509,Reno Mahe,RB,PHI,2004,17,0,0,0.0,0,,7,0,8,0.0,,,16,26,16.8,,
00-0021673,ReShard Lee,RB,DAL,2004,1,0,0,0.0,0,,5,0,0,0.0,,,21,13,9.5,,
00-0021673,ReShard Lee,RB,DAL,2004,2,0,0,0.0,0,,4,0,0,0.0,,,28,31,1.5,,
00-0021673,ReShard Lee,RB,DAL,2004,3,0,0,0.0,0,,4,0,0,0.0,,,21,15,1.0,,
00-0021673,ReShard Lee,RB,DAL,2004,5,0,0,0.0,0,,4,0,0,0.0,,,30,19,2.8,,
00-0021673,ReShard Lee,RB,DAL,2004,6,0,0,0.0,0,,2,0,0,0.0,,,21,13,-0.3,,
00-0021673,ReShard Lee,RB,DAL,2004,9,0,0,0.0,0,,6,0,0,0.0,,,27,15,3.9,,
00-0021673,ReShard Lee,RB,DAL,2004,10,0,0,0.0,0,,2,0,0,0.0,,,24,15,0.4,,
00-0021747,Kerry Carter,RB,SEA,2004,9,0,0,0.0,0,,4,0,0,0.0,,,37,30,1.5,,
00-0021750,Arlen Harris,RB,LA,2004,13,0,0,0.0,0,,1,0,0,0.0,,,31,35,0.2,,
00-0021750,Arlen Harris,RB,LA,2004,14,0,0,0.0,0,,19,0,4,0.0,,,21,24,14.2,,
00-0021755,Earnest Graham,RB,TB,2004,9,0,0,0.0,0,,1,0,0,0.0,,,20,21,0.1,,
00-0021755,Earnest Graham,RB,TB,2004,10,0,0,0.0,0,,1,0,0,0.0,,,23,27,0.2,,
00-0021755,Earnest Graham,RB,TB,2004,11,0,0,0.0,0,,4,0,0,0.0,,,35,26,2.7,,
00-0021755,Earnest Graham,RB,TB,2004,12,0,0,0.0,0,,2,0,0,0.0,,,28,28,0.9,,
00-0021755,Earnest Graham,RB,TB,2004,14,0,0,0.0,0,,1,0,0,0.0,,,18,21,0.6,,
00-0021755,Earnest Graham,RB,TB,2004,15,0,0,0.0,0,,3,0,0,0.0,,,34,30,1.6,,
00-0021755,Earnest Graham,RB,TB,2004,17,0,0,0.0,0,,1,0,0,0.0,,,21,20,1.2,,
00-0021810,Ian Smart,RB,TB,2004,13,0,0,0.0,0,,1,0,0,0.0,,,31,21,2.5,,
00-0021810,Ian Smart,RB,TB,2004,15,0,0,0.0,0,,1,0,0,0.0,,,34,30,0.1,,
00-0021845,Cecil Sapp,RB,DEN,2004,17,0,0,0.0,0,,4,0,0,0.0,,,42,37,3.2,,
00-0021923,Willie Ponder,WR,NYG,2004,14,0,0,0.0,0,,1,0,0,0.0,,,21,21,-0.4,,
00-0021936,Andrew Pinnock,RB,LAC,2004,17,0,0,0.0,0,,9,0,3,0.0,,,30,31,8.2,,
00-0021938,Brock Forsey,RB,MIA,2004,5,0,0,0.0,0,,13,0,0,0.0,,,26,21,4.4,,
00-0021938,Brock Forsey,RB,MIA,2004,6,0,0,0.0,0,,5,0,0,0.0,,,25,25,0.7,,
00-0021938,Brock Forsey,RB,MIA,2004,11,0,0,0.0,0,,1,0,0,0.0,0.0,,23,25,0.2,,
00-0021976,Larry Johnson,RB,KC,2004,8,0,0,0.0,0,,1,0,0,0.0,,,42,41,1.9,,
00-0021976,Larry Johnson,RB,KC,2004,9,0,0,0.0,0,,10,1,4,0.0,1.0,,30,34,9.9,,
00-0021976,Larry Johnson,RB,KC,2004,12,0,0,0.0,0,,10,0,1,0.0,,,20,22,12.0,,
00-0021976,Larry Johnson,RB,KC,2004,13,0,0,0.0,0,,20,0,3,0.0,,,36,38,32.4,,
00-0021976,Larry Johnson,RB,KC,2004,14,0,0,0.0,0,,7,0,2,0.0,,,24,25,26.3,,
00-0021976,Larry Johnson,RB,KC,2004,15,0,0,0.0,0,,30,0,0,0.0,,,36,34,27.1,,
00-0021976,Larry Johnson,RB,KC,2004,16,0,0,0.0,0,,25,0,4,0.0,,,29,29,28.2,,
00-0021976,Larry Johnson,RB,KC,2004,17,0,0,0.0,0,,17,0,8,0.0,,,20,25,36.1,,
00-0021979,Domanick Williams,RB,HOU,2004,1,0,0,0.0,0,,21,0,5,0.0,,,29,33,28.7,,
00-0021979,Domanick Williams,RB,HOU,2004,2,0,0,0.0,0,,25,0,11,0.0,,,32,37,24.3,,
00-0021979,Domanick Williams,RB,HOU,2004,3,0,0,0.0,0,,10,0,1,0.0,,,26,22,3.7,,
00-0021979,Domanick Williams,RB,HOU,2004,5,0,0,0.0,0,,14,0,4,0.0,,,17,18,16.2,,
00-0021979,Domanick Williams,RB,HOU,2004,6,0,0,0.0,0,,10,0,0,0.0,,,37,33,2.5,,
00-0021979,Domanick Williams,RB,HOU,2004,8,0,0,0.0,0,,22,0,5,0.0,,,32,33,14.5,,
00-0021979,Domanick Williams,RB,HOU,2004,9,0,0,0.0,0,,19,0,2,0.0,,,27,27,23.0,,
00-0021979,Domanick Williams,RB,HOU,2004,10,0,0,0.0,0,,31,0,7,0.0,,,37,41,34.2,,
00-0021979,Domanick Williams,RB,HOU,2004,11,0,0,0.0,0,,21,0,6,0.0,,,27,27,22.6,,
00-0021979,Domanick Williams,RB,HOU,2004,12,0,0,0.0,0,,16,0,7,0.0,,,21,27,31.1,,
00-0021979,Domanick Williams,RB,HOU,2004,13,0,0,0.0,0,,17,0,1,0.0,,,25,20,12.6,,
00-0021979,Domanick Williams,RB,HOU,2004,14,0,0,0.0,0,,23,0,6,0.0,,,28,32,32.1,,
00-0021979,Domanick Williams,RB,HOU,2004,15,0,0,0.0,0,,25,0,4,0.0,,,34,32,21.7,,
00-0021979,Domanick Williams,RB,HOU,2004,16,0,0,0.0,0,,30,0,5,0.0,,,43,40,29.9,,
00-0021979,Domanick Williams,RB,HOU,2004,17,0,0,0.0,0,,17,0,5,0.0,,,24,26,25.5,,
00-0021981,Shaun McDonald,WR,LA,2004,9,0,0,0.0,0,,2,0,3,0.0,,,19,21,6.3,,
00-0021981,Shaun McDonald,WR,LA,2004,14,0,0,0.0,0,,1,0,1,0.0,,,21,24,2.2,,
00-0021981,Shaun McDonald,WR,LA,2004,17,0,0,0.0,0,,1,0,2,0.0,,,19,23,5.2,,
00-0021993,Bethel Johnson,WR,NE,2004,1,0,0,0.0,0,,1,0,1,0.0,,,17,15,1.2,,
00-0021993,Bethel Johnson,WR,NE,2004,17,0,0,0.0,0,,1,0,2,0.0,,,28,31,4.6,,
00-0021999,Nate Burleson,WR,MIN,2004,2,0,0,0.0,0,,1,0,5,0.0,,,19,19,12.6,,
00-0021999,Nate Burleson,WR,MIN,2004,8,0,0,0.0,0,,1,0,6,0.0,,,20,21,17.1,,
00-0021999,Nate Burleson,WR,MIN,2004,10,0,0,0.0,0,,1,0,11,0.0,,,16,17,32.2,,
00-0021999,Nate Burleson,WR,MIN,2004,13,0,0,0.0,0,,1,0,3,0.0,,,22,20,13.1,,
00-0021999,Nate Burleson,WR,MIN,2004,16,0,0,0.0,0,,2,0,2,0.0,,,24,23,20.1,,
00-0022001,Kevin Curtis,WR,LA,2004,6,0,0,0.0,0,,1,0,1,0.0,,,30,35,4.9,,
00-0022001,Kevin Curtis,WR,LA,2004,10,0,0,0.0,0,,1,0,3,0.0,,,31,35,14.4,,
00-0022001,Kevin Curtis,WR,LA,2004,13,0,0,0.0,0,,1,0,0,0.0,,,31,35,0.2,,
00-0022005,Chris Simms,QB,TB,2004,2,32,21,-9.184,4,,4,0,0,0.0,,,24,24,4.3,,
00-0022005,Chris Simms,QB,TB,2004,4,1,0,0.092,0,,0,0,0,0.0,,,24,19,0.0,,
00-0022005,Chris Simms,QB,TB,2004,5,8,5,-0.983,1,,0,0,0,0.0,,,26,21,0.7,,
00-0022005,Chris Simms,QB,TB,2004,17,32,16,-9.742,4,,3,0,0,0.0,,,21,20,9.1,,
00-0022006,Artose Pinner,RB,DET,2004,1,0,0,0.0,0,,5,0,1,0.0,,,30,25,3.6,,
00-0022006,Artose Pinner,RB,DET,2004,2,0,0,0.0,0,,6,0,1,0.0,,,23,22,3.6,,
00-0022006,Artose Pinner,RB,DET,2004,3,0,0,0.0,0,,6,0,4,0.0,,,18,20,7.0,,
00-0022006,Artose Pinner,RB,DET,2004,5,0,0,0.0,0,,23,0,1,0.0,,,33,33,14.9,,
00-0022006,Artose Pinner,RB,DET,2004,6,0,0,0.0,0,,6,0,2,0.0,,,16,16,5.6,,
00-0022006,Artose Pinner,RB,DET,2004,7,0,0,0.0,0,,9,0,1,0.0,,,29,32,11.2,,
00-0022006,Artose Pinner,RB,DET,2004,9,0,0,0.0,0,,2,0,1,0.0,,,24,26,1.7,,
00-0022011,Justin Griffith,RB,ATL,2004,2,0,0,0.0,0,,1,0,4,0.0,,,38,29,18.1,,
00-0022011,Justin Griffith,RB,ATL,2004,4,0,0,0.0,0,,1,0,1,0.0,,,40,31,3.1,,
00-0022011,Justin Griffith,RB,ATL,2004,5,0,0,0.0,0,,3,0,1,0.0,,,27,27,3.0,,
00-0022011,Justin Griffith,RB,ATL,2004,10,0,0,0.0,0,,1,0,0,0.0,,,39,31,0.3,,
00-0022011,Justin Griffith,RB,ATL,2004,13,0,0,0.0,0,,2,0,2,0.0,,,28,25,2.9,,
00-0022011,Justin Griffith,RB,ATL,2004,14,0,0,0.0,0,,1,0,2,0.0,,,46,47,4.3,,
00-0022026,Brooks Bollinger,QB,NYJ,2004,12,9,5,-2.67,1,,1,0,0,0.0,,,38,37,2.6,,
00-0022039,Ken Dorsey,QB,SF,2004,1,15,9,0.859,1,,0,0,0,0.0,,,23,27,4.4,,
00-0022039,Ken Dorsey,QB,SF,2004,2,32,18,3.765,2,,0,0,0,0.0,,,34,37,6.2,,
00-0022039,Ken Dorsey,QB,SF,2004,3,32,19,-15.261,3,,0,0,0,0.0,,,18,21,-1.9,,
00-0022039,Ken Dorsey,QB,SF,2004,8,36,16,-26.119,3,,2,0,0,0.0,,,23,23,3.4,,
00-0022039,Ken Dorsey,QB,SF,2004,14,34,18,3.181,1,,2,0,0,0.0,,,41,46,19.8,,
00-0022039,Ken Dorsey,QB,SF,2004,15,38,20,-16.96,1,,1,0,0,0.0,,,18,19,8.2,,
00-0022039,Ken Dorsey,QB,SF,2004,16,10,5,-7.403,1,,0,0,0,0.0,,,28,29,-1.8,,
00-0022039,Ken Dorsey,QB,SF,2004,17,29,18,4.679,1,,0,0,0,0.0,,,35,41,11.6,,
00-0022044,Andre Johnson,WR,HOU,2004,2,0,0,0.0,0,,1,0,3,0.0,,,32,37,17.7,,
00-0022044,Andre Johnson,WR,HOU,2004,10,0,0,0.0,0,,1,0,6,0.0,,,37,41,13.3,,
00-0022044,Andre Johnson,WR,HOU,2004,11,0,0,0.0,0,,1,0,6,0.0,,,27,27,15.8,,
00-0022044,Andre Johnson,WR,HOU,2004,13,0,0,0.0,0,,1,0,7,0.0,,,25,20,20.1,,
00-0022057,LaBrandon Toefield,RB,JAX,2004,1,0,0,0.0,0,,3,0,2,0.0,,,23,22,2.1,,
00-0022057,LaBrandon Toefield,RB,JAX,2004,2,0,0,-1.489,1,,2,0,1,0.0,,,22,19,1.1,,
00-0022057,LaBrandon Toefield,RB,JAX,2004,3,0,0,0.0,0,,7,0,0,0.0,,,29,25,4.3,,
00-0022057,LaBrandon Toefield,RB,JAX,2004,4,0,0,0.0,0,,6,0,6,0.0,,,31,36,10.8,,
00-0022057,LaBrandon Toefield,RB,JAX,2004,7,0,0,0.0,0,,2,0,1,0.0,,,27,28,2.3,,
00-0022057,LaBrandon Toefield,RB,JAX,2004,8,0,0,0.0,0,,5,0,4,0.0,,,12,13,9.0,,
00-0022057,LaBrandon Toefield,RB,JAX,2004,10,0,0,0.0,0,,12,0,2,0.0,,,50,40,13.9,,
00-0022057,LaBrandon Toefield,RB,JAX,2004,11,0,0,0.0,0,,1,0,1,0.0,,,32,29,1.4,,
00-0022057,LaBrandon Toefield,RB,JAX,2004,12,0,0,0.0,0,,2,0,2,0.0,,,27,29,3.6,,
00-0022057,LaBrandon Toefield,RB,JAX,2004,15,0,0,0.0,0,,1,0,0,0.0,,,36,23,0.1,,
00-0022057,LaBrandon Toefield,RB,JAX,2004,16,0,0,0.0,0,,3,0,2,0.0,,,20,10,0.8,,
00-0022057,LaBrandon Toefield,RB,JAX,2004,17,0,0,0.0,0,,7,0,2,0.0,,,34,10,6.4,,
00-0022064,Arnaz Battle,WR,SF,2004,1,0,0,0.0,0,,1,0,1,0.0,,,23,27,1.4,,
00-0022064,Arnaz Battle,WR,SF,2004,9,0,0,0.0,0,,1,0,1,0.0,,,21,22,2.9,,
00-0022084,Anquan Boldin,WR,ARI,2004,16,0,0,0.0,0,,1,0,7,0.0,,,30,30,24.0,,
00-0022092,Chris Brown,RB,TEN,2004,1,0,0,0.0,0,,16,0,1,0.0,,,36,29,11.5,,
00-0022092,Chris Brown,RB,TEN,2004,2,0,0,0.0,0,,26,0,1,0.0,,,30,28,23.0,,
00-0022092,Chris Brown,RB,TEN,2004,3,0,0,0.0,0,,23,0,3,0.0,,,26,26,22.1,,
00-0022092,Chris Brown,RB,TEN,2004,4,0,0,0.0,0,,15,0,2,0.0,,,18,18,9.0,,
00-0022092,Chris Brown,RB,TEN,2004,5,0,0,0.0,0,,27,0,3,0.0,,,44,42,32.2,,
00-0022092,Chris Brown,RB,TEN,2004,6,0,0,0.0,0,,13,0,1,0.0,,,22,19,6.7,,
00-0022092,Chris Brown,RB,TEN,2004,7,0,0,0.0,0,,14,0,2,0.0,,,14,17,9.3,,
00-0022092,Chris Brown,RB,TEN,2004,8,0,0,0.0,0,,32,0,4,0.0,,,37,38,27.0,,
00-0022092,Chris Brown,RB,TEN,2004,10,0,0,0.0,0,,20,0,2,0.0,,,24,26,4.8,,
00-0022092,Chris Brown,RB,TEN,2004,13,0,0,0.0,0,,19,0,0,0.0,,,25,28,10.4,,
00-0022092,Chris Brown,RB,TEN,2004,14,0,0,0.0,0,,15,0,1,0.0,,,33,31,13.4,,
00-0022093,Justin Fargas,RB,LV,2004,1,0,0,0.0,0,,7,0,2,0.0,,,22,28,5.6,,
00-0022093,Justin Fargas,RB,LV,2004,3,0,0,0.0,0,,6,0,0,0.0,,,31,35,2.8,,
00-0022093,Justin Fargas,RB,LV,2004,4,0,0,0.0,0,,1,0,0,0.0,,,20,23,0.3,,
00-0022093,Justin Fargas,RB,LV,2004,5,0,0,0.0,0,,1,0,0,0.0,,,13,21,6.1,,
00-0022093,Justin Fargas,RB,LV,2004,12,0,0,0.0,0,,3,0,4,0.0,,,18,24,3.5,,
00-0022093,Justin Fargas,RB,LV,2004,13,0,0,0.0,0,,2,0,3,0.0,,,10,19,6.1,,
00-0022093,Justin Fargas,RB,LV,2004,14,0,0,0.0,0,,1,0,0,0.0,,,23,26,0.7,,
00-0022093,Justin Fargas,RB,LV,2004,15,0,0,0.0,0,,7,0,1,0.0,,,22,22,4.8,,
00-0022093,Justin Fargas,RB,LV,2004,16,0,0,0.0,0,,6,0,1,0.0,,,22,30,4.4,,
00-0022093,Justin Fargas,RB,LV,2004,17,0,0,0.0,0,,1,0,0,0.0,,,29,35,0.1,,
00-0022095,Quentin Griffin,RB,DEN,2004,1,0,0,0.0,0,,23,0,1,0.0,,,35,29,32.7,,
00-0022095,Quentin Griffin,RB,DEN,2004,2,0,0,0.0,0,,25,0,5,0.0,,,35,35,12.5,,
00-0022095,Quentin Griffin,RB,DEN,2004,3,0,0,0.0,0,,12,0,3,0.0,,,21,23,4.0,,
00-0022095,Quentin Griffin,RB,DEN,2004,4,0,0,0.0,0,,21,0,1,0.0,,,35,31,9.1,,
00-0022095,Quentin Griffin,RB,DEN,2004,6,0,0,0.0,0,,4,0,0,0.0,,,51,49,1.6,,
00-0022101,Brian St. Pierre,QB,PIT,2004,17,1,0,-0.975,0,,4,0,0,0.0,,,43,29,-0.3,,
00-0022102,Doug Gabriel,WR,LV,2004,1,0,0,0.0,0,,1,0,3,0.0,,,22,28,17.4,,
00-0022102,Doug Gabriel,WR,LV,2004,4,0,0,0.0,0,,1,0,2,0.0,,,20,23,4.4,,
00-0022116,Tony Hollings,RB,HOU,2004,1,0,0,0.0,0,,3,0,1,0.0,,,29,33,4.7,,
00-0022116,Tony Hollings,RB,HOU,2004,4,0,0,0.0,0,,6,0,1,0.0,,,40,34,3.5,,
00-0022116,Tony Hollings,RB,HOU,2004,9,0,0,0.0,0,,2,0,3,0.0,,,27,27,6.1,,
00-0022121,Rex Grossman,QB,CHI,2004,1,35,16,-3.69,3,,4,0,0,0.0,,,32,32,5.2,,
00-0022121,Rex Grossman,QB,CHI,2004,2,18,10,1.75,1,,4,0,0,0.0,,,35,29,8.0,,
00-0022121,Rex Grossman,QB,CHI,2004,3,31,21,4.918,1,,3,0,0,0.0,,,28,32,15.9,,
00-0022124,Taylor Jacobs,WR,WAS,2004,17,0,0,0.0,0,,1,0,3,0.0,,,31,29,8.0,,
00-0022130,Musa Smith,RB,BAL,2004,7,0,0,0.0,0,,6,0,0,0.0,,,33,31,1.1,,
00-0022130,Musa Smith,RB,BAL,2004,8,0,0,0.0,0,,5,0,1,0.0,,,27,33,4.1,,
00-0022130,Musa Smith,RB,BAL,2004,11,0,0,0.0,0,,1,0,0,0.0,,,21,25,1.2,,
00-0022138,Onterrio Smith,RB,MIN,2004,1,0,0,0.0,0,,15,0,1,0.0,,,28,25,20.9,,
00-0022138,Onterrio Smith,RB,MIN,2004,2,0,0,0.0,0,,10,0,8,0.0,,,19,19,16.4,,
00-0022138,Onterrio Smith,RB,MIN,2004,3,0,0,0.0,0,,17,0,6,0.0,,,24,23,23.8,,
00-0022138,Onterrio Smith,RB,MIN,2004,9,0,0,0.0,0,,13,0,2,0.0,,,24,25,17.5,,
00-0022138,Onterrio Smith,RB,MIN,2004,10,0,0,0.0,0,,5,0,2,0.0,,,16,17,11.4,,
00-0022138,Onterrio Smith,RB,MIN,2004,11,0,0,0.0,0,,8,0,2,0.0,,,34,30,6.1,,
00-0022138,Onterrio Smith,RB,MIN,2004,12,0,0,0.0,0,,20,0,3,0.0,,,30,25,12.0,,
00-0022138,Onterrio Smith,RB,MIN,2004,13,0,0,0.0,0,,13,0,2,0.0,,,22,20,10.8,,
00-0022138,Onterrio Smith,RB,MIN,2004,14,0,0,0.0,0,,14,0,4,0.0,,,25,26,19.7,,
00-0022138,Onterrio Smith,RB,MIN,2004,15,0,0,0.0,0,,4,0,2,0.0,,,23,25,4.4,,
00-0022138,Onterrio Smith,RB,MIN,2004,17,0,0,0.0,0,,5,0,4,0.0,,,18,24,10.8,,
00-0022144,Bobby Wade,WR,CHI,2004,1,0,0,0.0,0,,1,0,1,0.0,,,32,32,2.7,,
00-0022144,Bobby Wade,WR,CHI,2004,2,0,0,0.0,0,,2,0,3,0.0,,,35,29,9.5,,
00-0022144,Bobby Wade,WR,CHI,2004,3,0,0,0.0,0,,1,0,4,0.0,,,28,32,12.5,,
00-0022144,Bobby Wade,WR,CHI,2004,6,0,0,0.0,0,,1,0,4,0.0,,,28,27,5.3,,
00-0022144,Bobby Wade,WR,CHI,2004,8,0,0,0.0,0,,2,0,3,0.0,,,33,30,6.8,,
00-0022144,Bobby Wade,WR,CHI,2004,10,0,0,0.0,0,,3,0,4,0.0,,,34,32,12.4,,
00-0022144,Bobby Wade,WR,CHI,2004,12,0,0,0.0,0,,1,0,2,0.0,,,20,25,4.4,,
00-0022144,Bobby Wade,WR,CHI,2004,16,0,0,0.0,0,,1,0,4,0.0,,,25,34,7.8,,
00-0022156,Bryant Johnson,WR,ARI,2004,1,0,0,0.0,0,,1,0,3,0.0,,,23,23,5.0,,
00-0022156,Bryant Johnson,WR,ARI,2004,9,0,0,0.0,0,,1,0,3,0.0,,,27,29,4.3,,
00-0022164,Kyle Boller,QB,BAL,2004,1,38,22,-9.344,3,,2,0,0,0.0,,,26,24,3.2,,
00-0022164,Kyle Boller,QB,BAL,2004,2,18,10,-3.688,2,,8,0,0,0.0,,,41,33,7.3,,
00-0022164,Kyle Boller,QB,BAL,2004,3,18,11,-2.761,2,,4,0,0,0.0,,,34,33,13.4,,
00-0022164,Kyle Boller,QB,BAL,2004,4,17,10,-1.904,4,,3,0,0,0.0,,,20,18,10.5,,
00-0022164,Kyle Boller,QB,BAL,2004,5,18,9,-15.402,2,,7,0,0,0.0,,,43,36,-3.4,,
00-0022164,Kyle Boller,QB,BAL,2004,7,19,10,-14.153,4,,4,0,0,0.0,,,33,31,1.9,,
00-0022164,Kyle Boller,QB,BAL,2004,8,38,24,6.588,2,,1,0,0,0.0,,,27,33,11.6,,
00-0022164,Kyle Boller,QB,BAL,2004,9,30,17,-2.797,1,,2,0,0,0.0,,,28,28,5.8,,
00-0022164,Kyle Boller,QB,BAL,2004,10,33,19,5.493,3,,2,0,0,0.0,,,32,35,17.0,,
00-0022164,Kyle Boller,QB,BAL,2004,11,34,23,3.781,1,,3,0,0,0.0,,,21,25,18.2,,
00-0022164,Kyle Boller,QB,BAL,2004,12,35,15,-28.913,4,,2,0,0,0.0,,,20,24,0.7,,
00-0022164,Kyle Boller,QB,BAL,2004,13,33,19,-1.28,1,,2,0,0,0.0,,,31,34,5.9,,
00-0022164,Kyle Boller,QB,BAL,2004,14,34,18,-4.773,4,,4,0,0,0.0,,,44,43,24.7,,
00-0022164,Kyle Boller,QB,BAL,2004,15,40,19,-6.312,2,,1,0,0,0.0,,,29,34,8.6,,
00-0022164,Kyle Boller,QB,BAL,2004,16,32,18,-0.991,0,,4,0,0,0.0,,,21,23,7.9,,
00-0022164,Kyle Boller,QB,BAL,2004,17,27,14,-1.128,0,,4,0,0,0.0,,,41,37,11.9,,
00-0022171,Kelley Washington,WR,CIN,2004,3,0,0,0.0,0,,1,0,5,0.0,,,26,26,10.7,,
00-0022177,Byron Leftwich,QB,JAX,2004,1,36,18,-8.339,2,,2,0,0,0.0,,,23,22,7.0,,
00-0022177,Byron Leftwich,QB,JAX,2004,2,16,8,-0.278,1,,2,0,0,0.0,,,22,19,9.6,,
00-0022177,Byron Leftwich,QB,JAX,2004,3,20,14,4.231,2,,3,0,0,0.0,,,29,25,11.5,,
00-0022177,Byron Leftwich,QB,JAX,2004,4,41,29,15.871,1,,0,0,0,0.0,,,31,36,18.7,,
00-0022177,Byron Leftwich,QB,JAX,2004,5,54,36,2.591,3,,3,0,0,0.0,,,18,28,21.3,,
00-0022177,Byron Leftwich,QB,JAX,2004,6,36,24,9.294,4,,3,0,0,0.0,,,23,23,30.4,,
00-0022177,Byron Leftwich,QB,JAX,2004,7,30,23,18.956,3,,2,0,0,0.0,,,27,28,20.3,,
00-0022177,Byron Leftwich,QB,JAX,2004,8,40,25,-8.298,1,,2,0,0,0.0,,,12,13,5.6,,
00-0022177,Byron Leftwich,QB,JAX,2004,12,34,19,-1.125,2,,0,0,0,0.0,,,27,29,11.4,,
00-0022177,Byron Leftwich,QB,JAX,2004,13,27,16,11.23,2,,1,0,0,0.0,,,34,38,15.1,,
00-0022177,Byron Leftwich,QB,JAX,2004,14,45,25,-3.157,0,,4,0,0,0.0,,,28,28,16.5,,
00-0022177,Byron Leftwich,QB,JAX,2004,15,20,9,-4.48,1,,3,0,0,0.0,,,36,23,13.7,,
00-0022177,Byron Leftwich,QB,JAX,2004,16,14,6,-11.834,2,,4,0,0,0.0,,,20,10,1.3,,
00-0022177,Byron Leftwich,QB,JAX,2004,17,28,15,-0.654,1,,10,0,1,0.0,,,34,10,8.4,,
00-0022178,Willis McGahee,RB,BUF,2004,1,0,0,0.0,0,,9,0,1,0.0,,,36,36,5.3,,
00-0022178,Willis McGahee,RB,BUF,2004,2,0,0,0.0,0,,2,0,0,0.0,,,24,25,-0.3,,
00-0022178,Willis McGahee,RB,BUF,2004,5,0,0,0.0,0,,8,0,1,0.0,,,22,21,5.4,,
00-0022178,Willis McGahee,RB,BUF,2004,6,0,0,0.0,0,,26,0,3,0.0,,,31,33,17.2,,
00-0022178,Willis McGahee,RB,BUF,2004,7,0,0,0.0,0,,16,0,1,0.0,,,23,26,6.9,,
00-0022178,Willis McGahee,RB,BUF,2004,8,0,0,0.0,0,,30,0,1,0.0,,,38,36,24.1,,
00-0022178,Willis McGahee,RB,BUF,2004,9,0,0,0.0,0,,37,0,2,0.0,,,46,44,22.3,,
00-0022178,Willis McGahee,RB,BUF,2004,10,0,0,0.0,0,,14,0,1,0.0,,,17,16,5.9,,
00-0022178,Willis McGahee,RB,BUF,2004,11,0,0,0.0,0,,20,0,3,0.0,,,26,26,15.7,,
00-0022178,Willis McGahee,RB,BUF,2004,12,0,0,0.0,0,,28,0,2,0.0,,,37,38,40.2,,
00-0022178,Willis McGahee,RB,BUF,2004,13,0,0,0.0,0,,23,0,1,0.0,,,28,27,8.5,,
00-0022178,Willis McGahee,RB,BUF,2004,14,0,0,0.0,0,,27,0,2,0.0,,,42,41,25.7,,
00-0022178,Willis McGahee,RB,BUF,2004,15,0,0,0.0,0,,11,0,2,0.0,,,29,28,4.6,,
00-0022178,Willis McGahee,RB,BUF,2004,16,0,0,0.0,0,,15,0,1,0.0,,,36,34,22.6,,
00-0022178,Willis McGahee,RB,BUF,2004,17,0,0,0.0,0,,18,0,1,0.0,,,21,20,21.6,,
00-0022180,Lee Suggs,RB,CLE,2004,4,0,0,0.0,0,,22,0,1,0.0,,,32,27,15.8,,
00-0022180,Lee Suggs,RB,CLE,2004,5,0,0,0.0,0,,11,0,3,0.0,,,20,18,8.0,,
00-0022180,Lee Suggs,RB,CLE,2004,6,0,0,0.0,0,,13,0,5,0.0,,,46,44,20.9,,
00-0022180,Lee Suggs,RB,CLE,2004,7,0,0,0.0,0,,15,0,2,0.0,,,34,32,16.3,,
00-0022180,Lee Suggs,RB,CLE,2004,9,0,0,0.0,0,,18,0,1,0.0,,,28,28,7.3,,
00-0022180,Lee Suggs,RB,CLE,2004,10,0,0,0.0,0,,18,0,0,0.0,,,22,18,1.8,,
00-0022180,Lee Suggs,RB,CLE,2004,11,0,0,0.0,0,,17,0,3,0.0,,,27,28,10.7,,
00-0022180,Lee Suggs,RB,CLE,2004,15,0,0,0.0,0,,21,0,1,0.0,,,29,27,11.3,,
00-0022180,Lee Suggs,RB,CLE,2004,16,0,0,0.0,0,,38,0,1,0.0,,,40,39,13.7,,
00-0022180,Lee Suggs,RB,CLE,2004,17,0,0,0.0,0,,26,0,3,0.0,,,32,31,18.4,,
00-0022181,Drew Henson,QB,DAL,2004,11,6,6,-0.731,1,,1,0,0,0.0,,,35,33,4.6,,
00-0022181,Drew Henson,QB,DAL,2004,12,12,4,-15.437,1,,0,0,0,0.0,,,40,37,-0.8,,
00-0022217,Mewelde Moore,RB,MIN,2004,1,0,0,0.0,0,,1,0,1,0.0,,,28,25,2.6,,
00-0022217,Mewelde Moore,RB,MIN,2004,5,0,0,0.0,0,,20,0,12,0.0,,,26,33,30.2,,
00-0022217,Mewelde Moore,RB,MIN,2004,6,1,0,-0.427,0,,15,0,7,0.0,,,28,29,25.7,,
00-0022217,Mewelde Moore,RB,MIN,2004,7,0,0,0.0,0,,20,0,5,0.0,,,27,30,21.8,,
00-0022217,Mewelde Moore,RB,MIN,2004,8,0,0,0.0,0,,8,0,1,0.0,,,20,21,6.5,,
00-0022217,Mewelde Moore,RB,MIN,2004,16,0,0,0.0,0,,1,0,0,0.0,,,24,23,0.3,,
00-0022224,Vick King,RB,MIA,2004,13,0,0,0.0,0,,3,0,1,0.0,,,26,29,2.6,,
00-0022224,Vick King,RB,MIA,2004,16,0,0,0.0,0,,1,0,0,0.0,,,25,30,0.1,,
00-0022250,Willie Parker,RB,PIT,2004,9,0,0,0.0,0,,3,0,0,0.0,,,56,36,1.4,,
00-0022250,Willie Parker,RB,PIT,2004,10,0,0,0.0,0,,8,0,0,0.0,,,47,39,4.4,,
00-0022250,Willie Parker,RB,PIT,2004,13,0,0,0.0,0,,1,0,1,0.0,,,25,22,3.4,,
00-0022250,Willie Parker,RB,PIT,2004,14,0,0,0.0,0,,1,0,0,0.0,,,31,29,1.4,,
00-0022250,Willie Parker,RB,PIT,2004,17,0,0,0.0,0,,19,0,2,0.0,,,43,29,12.6,,
00-0022288,Jason Wright,RB,ATL,2004,15,0,0,0.0,0,,2,0,0,0.0,,,38,30,0.2,,
00-0022288,Jason Wright,RB,ATL,2004,16,0,0,0.0,0,,1,0,0,0.0,,,24,26,0.8,,
00-0022363,Joey Harris,RB,CAR,2004,7,0,0,0.0,0,,2,0,0,0.0,,,30,8,0.6,,
00-0022363,Joey Harris,RB,CAR,2004,8,0,0,0.0,0,,9,0,0,0.0,,,20,12,4.5,,
00-0022363,Joey Harris,RB,CAR,2004,9,0,0,0.0,0,,4,0,0,0.0,,,18,12,0.2,,
00-0022384,Larry Croom,RB,ARI,2004,7,0,0,0.0,0,,1,0,0,0.0,,,37,40,0.2,,
00-0022384,Larry Croom,RB,ARI,2004,12,0,0,0.0,0,,10,0,1,0.0,,,24,26,4.3,,
00-0022384,Larry Croom,RB,ARI,2004,13,0,0,0.0,0,,18,0,0,0.0,,,26,29,4.9,,
00-0022388,Terrance Copper,WR,DAL,2004,12,0,0,0.0,0,,1,0,2,0.0,,,40,37,4.1,,
00-0022449,B.J. Sams,RB,BAL,2004,3,0,0,0.0,0,,1,0,0,0.0,,,34,33,0.8,,
00-0022449,B.J. Sams,RB,BAL,2004,7,0,0,0.0,0,,1,0,0,0.0,,,33,31,6.5,,
00-0022449,B.J. Sams,RB,BAL,2004,8,0,0,0.0,0,,1,0,1,0.0,,,27,33,1.4,,
00-0022449,B.J. Sams,RB,BAL,2004,14,0,0,0.0,0,,1,0,0,0.0,,,44,43,0.4,,
00-0022538,Shaud Williams,RB,BUF,2004,14,0,0,0.0,0,,10,0,1,0.0,,,42,41,12.2,,
00-0022538,Shaud Williams,RB,BUF,2004,15,0,0,0.0,0,,14,0,1,0.0,,,29,28,5.0,,
00-0022538,Shaud Williams,RB,BUF,2004,16,0,0,0.0,0,,17,0,1,0.0,,,36,34,16.2,,
00-0022538,Shaud Williams,RB,BUF,2004,17,0,0,0.0,0,,1,0,0,0.0,,,21,20,0.2,,
00-0022664,Jonathan Smith,WR,BUF,2004,12,0,0,0.0,0,,1,0,2,0.0,,,37,38,3.3,,
00-0022664,Jonathan Smith,WR,BUF,2004,14,0,0,0.0,0,,1,0,0,0.0,,,42,41,0.8,,
00-0022679,Jamaar Taylor,WR,NYG,2004,12,0,0,0.0,0,,1,0,2,0.0,,,26,23,11.4,,
00-0022725,Michael Clayton,WR,TB,2004,4,0,0,0.0,0,,1,0,4,0.0,,,24,19,19.8,,
00-0022725,Michael Clayton,WR,TB,2004,5,0,0,0.0,0,,2,0,4,0.0,,,26,21,12.5,,
00-0022725,Michael Clayton,WR,TB,2004,7,0,0,0.0,0,,1,0,6,0.0,,,37,30,17.8,,
00-0022725,Michael Clayton,WR,TB,2004,10,0,0,0.0,0,,1,0,6,0.0,,,23,27,21.3,,
00-0022731,Cody Pickett,QB,SF,2004,16,10,4,-7.471,2,,1,0,0,0.0,,,28,29,-1.3,,
00-0022736,Steven Jackson,RB,LA,2004,1,0,0,0.0,0,,7,0,0,0.0,,,30,31,3.0,,
00-0022736,Steven Jackson,RB,LA,2004,2,0,0,0.0,0,,3,0,0,0.0,,,15,20,1.0,,
00-0022736,Steven Jackson,RB,LA,2004,3,0,0,0.0,0,,2,0,0,0.0,,,15,23,1.5,,
00-0022736,Steven Jackson,RB,LA,2004,4,0,0,0.0,0,,10,0,1,0.0,,,36,36,11.8,,
00-0022736,Steven Jackson,RB,LA,2004,5,0,0,0.0,0,,5,0,2,0.0,,,24,24,9.5,,
00-0022736,Steven Jackson,RB,LA,2004,6,0,0,0.0,0,,13,0,3,0.0,,,30,35,10.8,,
00-0022736,Steven Jackson,RB,LA,2004,7,0,0,0.0,0,,6,0,2,0.0,,,19,29,6.5,,
00-0022736,Steven Jackson,RB,LA,2004,9,0,0,0.0,0,,3,0,0,0.0,,,19,21,0.1,,
00-0022736,Steven Jackson,RB,LA,2004,10,0,0,0.0,0,,10,0,1,0.0,,,31,35,12.6,,
00-0022736,Steven Jackson,RB,LA,2004,11,0,0,0.0,0,,7,0,1,0.0,,-0.0,20,25,4.2,,
00-0022736,Steven Jackson,RB,LA,2004,12,0,0,0.0,0,,8,0,2,0.0,,,17,22,9.5,,
00-0022736,Steven Jackson,RB,LA,2004,13,0,0,0.0,0,,26,0,3,0.0,,,31,35,17.9,,
00-0022736,Steven Jackson,RB,LA,2004,16,0,0,0.0,0,,24,0,0,0.0,,,44,42,20.8,,
00-0022736,Steven Jackson,RB,LA,2004,17,0,0,0.0,0,,10,0,4,0.0,,,19,23,20.0,,
00-0022744,Jim Sorgi,QB,IND,2004,11,0,0,0.0,0,,3,0,0,0.0,,,39,36,-0.3,,
00-0022744,Jim Sorgi,QB,IND,2004,12,3,1,-2.288,0,,0,0,0,0.0,,,29,30,0.3,,
00-0022744,Jim Sorgi,QB,IND,2004,13,1,0,-0.674,0,,3,0,0,0.0,,,28,26,-0.4,,
00-0022744,Jim Sorgi,QB,IND,2004,17,25,16,3.414,1,,2,0,0,0.0,,,15,15,14.9,,
00-0022751,Darius Watts,WR,DEN,2004,4,0,0,0.0,0,,1,0,2,0.0,,,35,31,4.7,,
00-0022751,Darius Watts,WR,DEN,2004,5,0,0,0.0,0,,1,0,1,0.0,,,37,37,2.8,,
00-0022751,Darius Watts,WR,DEN,2004,7,0,0,0.0,0,,1,0,4,0.0,,,26,28,8.6,,
00-0022751,Darius Watts,WR,DEN,2004,8,0,0,0.0,0,,1,0,7,0.0,,,19,21,22.4,,
00-0022751,Darius Watts,WR,DEN,2004,9,0,0,0.0,0,,1,0,1,0.0,,,36,38,1.9,,
00-0022766,Patrick Crayton,WR,DAL,2004,17,1,0,-4.405,0,,0,0,5,0.0,,,30,35,8.8,,
00-0022781,Michael Jenkins,WR,ATL,2004,8,0,0,0.0,0,,1,0,1,0.0,,,36,26,5.8,,
00-0022782,Kevin Jones,RB,DET,2004,1,0,0,0.0,0,,15,0,1,0.0,,,30,25,8.0,,
00-0022782,Kevin Jones,RB,DET,2004,2,0,0,0.0,0,,12,0,1,0.0,,,23,22,8.0,,
00-0022782,Kevin Jones,RB,DET,2004,3,0,0,0.0,0,,4,0,0,0.0,,,18,20,0.8,,
00-0022782,Kevin Jones,RB,DET,2004,6,0,0,0.0,0,,2,0,0,0.0,,,16,16,0.5,,
00-0022782,Kevin Jones,RB,DET,2004,7,0,0,0.0,0,,13,0,0,0.0,,,29,32,12.5,,
00-0022782,Kevin Jones,RB,DET,2004,8,0,0,0.0,0,,11,0,4,0.0,,,14,20,14.7,,
00-0022782,Kevin Jones,RB,DET,2004,9,0,0,0.0,0,,12,0,1,0.0,,,24,26,3.3,,
00-0022782,Kevin Jones,RB,DET,2004,10,0,0,0.0,0,,19,0,2,0.0,,,19,23,10.8,,
00-0022782,Kevin Jones,RB,DET,2004,11,0,0,0.0,0,,19,0,3,0.0,,,27,25,13.0,,
00-0022782,Kevin Jones,RB,DET,2004,12,0,0,0.0,0,,12,0,3,0.0,,,21,28,13.2,,
00-0022782,Kevin Jones,RB,DET,2004,13,0,0,0.0,0,,26,0,4,0.0,,,32,32,31.8,,
00-0022782,Kevin Jones,RB,DET,2004,14,0,0,0.0,0,,33,0,0,0.0,,,39,36,21.6,,
00-0022782,Kevin Jones,RB,DET,2004,15,0,0,0.0,0,,19,0,4,0.0,,,25,28,19.4,,
00-0022782,Kevin Jones,RB,DET,2004,16,0,0,0.0,0,,25,0,1,0.0,,,32,32,20.1,,
00-0022782,Kevin Jones,RB,DET,2004,17,0,0,0.0,0,,19,0,4,0.0,,,26,37,15.6,,
00-0022787,Matt Schaub,QB,ATL,2004,4,0,0,0.0,0,,2,0,0,0.0,,,40,31,-0.2,,
00-0022787,Matt Schaub,QB,ATL,2004,7,4,2,-3.837,0,,0,0,0,0.0,,,21,19,0.4,,
00-0022787,Matt Schaub,QB,ATL,2004,13,2,0,-4.437,0,,0,0,0,0.0,,,28,25,-2.0,,
00-0022787,Matt Schaub,QB,ATL,2004,14,1,0,-1.187,0,,0,0,0,0.0,,,46,47,0.0,,
00-0022787,Matt Schaub,QB,ATL,2004,16,41,17,-7.809,3,,4,0,0,0.0,,,24,26,5.6,,
00-0022787,Matt Schaub,QB,ATL,2004,17,22,14,3.699,1,,2,0,0,0.0,,,38,40,8.0,,
00-0022797,Thomas Tapeh,RB,PHI,2004,1,0,0,0.0,0,,3,0,0,0.0,,,27,26,0.3,,
00-0022797,Thomas Tapeh,RB,PHI,2004,11,0,0,0.0,0,,4,0,0,0.0,,,31,28,1.4,,
00-0022797,Thomas Tapeh,RB,PHI,2004,12,0,0,0.0,0,,3,0,0,0.0,,,38,35,1.2,,
00-0022797,Thomas Tapeh,RB,PHI,2004,16,0,0,0.0,0,,2,0,2,0.0,,,23,22,4.8,,
00-0022803,Eli Manning,QB,NYG,2004,1,9,3,0.33,1,,0,0,0,0.0,,,23,27,2.6,,
00-0022803,Eli Manning,QB,NYG,2004,11,37,17,-5.813,1,,1,0,0,0.0,,,26,28,6.4,,
00-0022803,Eli Manning,QB,NYG,2004,12,21,6,-18.776,5,,2,0,0,0.0,,,26,23,3.7,,
00-0022803,Eli Manning,QB,NYG,2004,13,25,12,-8.149,1,,0,0,0,0.0,,,15,16,4.5,,
00-0022803,Eli Manning,QB,NYG,2004,14,18,4,-17.567,2,,1,0,0,0.0,,,21,21,-4.9,,
00-0022803,Eli Manning,QB,NYG,2004,15,23,16,9.3,0,,2,0,0,0.0,,,21,24,15.1,,
00-0022803,Eli Manning,QB,NYG,2004,16,37,19,0.355,2,,0,0,0,0.0,,,28,30,6.0,,
00-0022803,Eli Manning,QB,NYG,2004,17,27,18,5.42,1,,0,0,0,0.0,,,25,28,15.8,,
00-0022807,Bernard Berrian,WR,CHI,2004,1,0,0,0.0,0,,1,0,0,0.0,,,32,32,0.1,,
00-0022807,Bernard Berrian,WR,CHI,2004,8,0,0,0.0,0,,1,0,1,0.0,,,33,30,12.6,,
00-0022807,Bernard Berrian,WR,CHI,2004,10,0,0,0.0,0,,1,0,1,0.0,,,34,32,1.7,,
00-0022807,Bernard Berrian,WR,CHI,2004,13,0,0,0.0,0,,2,0,0,0.0,,,35,35,2.6,,
00-0022807,Bernard Berrian,WR,CHI,2004,15,0,0,0.0,0,,2,0,1,0.0,,,26,30,1.2,,
00-0022807,Bernard Berrian,WR,CHI,2004,17,0,0,0.0,0,,1,0,2,0.0,,,27,31,4.5,,
00-0022818,Craig Krenzel,QB,CHI,2004,7,19,9,-14.911,2,,1,0,0,0.0,,,20,23,1.2,,
00-0022818,Craig Krenzel,QB,CHI,2004,8,25,13,-19.048,5,,4,0,0,0.0,,,33,30,7.6,,
00-0022818,Craig Krenzel,QB,CHI,2004,9,21,8,-11.466,5,,6,0,0,0.0,,,34,29,9.0,,
00-0022818,Craig Krenzel,QB,CHI,2004,10,28,10,-21.577,5,,1,0,0,0.0,,,34,32,-0.5,,
00-0022818,Craig Krenzel,QB,CHI,2004,11,24,14,-9.396,4,,4,0,0,0.0,,,26,27,3.5,,
00-0022818,Craig Krenzel,QB,CHI,2004,12,10,5,-2.516,2,,2,0,0,0.0,,,20,25,2.0,,
00-0022821,Michael Turner,RB,LAC,2004,9,0,0,0.0,0,,5,0,0,0.0,,,35,33,1.7,,
00-0022821,Michael Turner,RB,LAC,2004,17,0,0,0.0,0,,15,0,4,0.0,,,30,31,11.5,,
00-0022825,Troy Fleming,RB,TEN,2004,11,0,0,0.0,0,,1,0,3,0.0,0.0,,27,31,5.1,,
00-0022825,Troy Fleming,RB,TEN,2004,14,0,0,0.0,0,,1,0,2,0.0,,,33,31,3.7,,
00-0022825,Troy Fleming,RB,TEN,2004,15,0,0,0.0,0,,2,0,2,0.0,,,19,24,5.6,,
00-0022825,Troy Fleming,RB,TEN,2004,17,0,0,0.0,0,,3,0,3,0.0,,,26,30,5.0,,
00-0022827,John Navarre,QB,ARI,2004,13,40,18,-20.013,1,,0,0,0,0.0,,,26,29,2.7,,
00-0022840,Julius Jones,RB,DAL,2004,2,0,0,0.0,0,,5,0,2,0.0,,,28,31,3.0,,
00-0022840,Julius Jones,RB,DAL,2004,11,0,0,0.0,0,,30,0,0,0.0,,,35,33,8.1,,
00-0022840,Julius Jones,RB,DAL,2004,12,0,0,0.0,0,,33,0,1,0.0,,,40,37,27.9,,
00-0022840,Julius Jones,RB,DAL,2004,13,0,0,0.0,0,,30,0,3,0.0,,,31,33,41.9,,
00-0022840,Julius Jones,RB,DAL,2004,14,0,0,0.0,0,,23,0,2,0.0,,,27,25,15.6,,
00-0022840,Julius Jones,RB,DAL,2004,15,0,0,0.0,0,,25,0,2,0.0,,,26,27,12.1,,
00-0022840,Julius Jones,RB,DAL,2004,16,0,0,0.0,0,,22,0,2,0.0,,,30,27,6.7,,
00-0022840,Julius Jones,RB,DAL,2004,17,0,0,0.0,0,,29,0,5,0.0,,,30,35,30.5,,
00-0022864,Luke McCown,QB,CLE,2004,2,1,0,-0.117,0,,0,0,0,0.0,,,26,24,0.0,,
00-0022864,Luke McCown,QB,CLE,2004,13,34,20,-0.668,3,,1,0,0,0.0,,,17,21,18.2,,
00-0022864,Luke McCown,QB,CLE,2004,14,20,8,-18.387,7,,1,0,0,0.0,,,17,16,3.6,,
00-0022864,Luke McCown,QB,CLE,2004,15,27,11,-21.646,1,,1,0,0,0.0,,,29,27,2.7,,
00-0022864,Luke McCown,QB,CLE,2004,16,16,9,-1.111,2,,2,0,0,0.0,,,40,39,6.3,,
00-0022872,Cedric Cobbs,RB,NE,2004,8,0,0,0.0,0,,1,0,0,0.0,,,6,14,0.1,,
00-0022872,Cedric Cobbs,RB,NE,2004,13,0,0,0.0,0,,16,0,0,0.0,,,50,51,0.9,,
00-0022872,Cedric Cobbs,RB,NE,2004,17,0,0,0.0,0,,5,0,0,0.0,,,28,31,2.0,,
00-0022883,Adimchinobe Echemandu,RB,CLE,2004,13,0,0,0.0,0,,3,0,3,0.0,,,17,21,6.7,,
00-0022883,Adimchinobe Echemandu,RB,CLE,2004,14,0,0,0.0,0,,5,0,0,0.0,,,17,16,-0.7,,
00-0022883,Adimchinobe Echemandu,RB,CLE,2004,15,1,0,-0.364,0,,0,0,0,0.0,,,29,27,0.0,,
00-0022893,Tatum Bell,RB,DEN,2004,1,0,0,0.0,0,,2,0,0,0.0,,,35,29,1.1,,
00-0022893,Tatum Bell,RB,DEN,2004,2,0,0,0.0,0,,4,0,0,0.0,,,35,35,1.6,,
00-0022893,Tatum Bell,RB,DEN,2004,5,0,0,0.0,0,,2,0,0,0.0,,,37,37,0.5,,
00-0022893,Tatum Bell,RB,DEN,2004,6,0,0,0.0,0,,6,0,0,0.0,,,51,49,2.5,,
00-0022893,Tatum Bell,RB,DEN,2004,13,0,0,0.0,0,,7,0,0,0.0,,,24,25,9.1,,
00-0022893,Tatum Bell,RB,DEN,2004,14,0,0,0.0,0,,17,0,1,0.0,,,40,38,24.7,,
00-0022893,Tatum Bell,RB,DEN,2004,15,0,0,0.0,0,,9,0,1,0.0,,,20,22,9.8,,
00-0022893,Tatum Bell,RB,DEN,2004,16,0,0,0.0,0,,12,0,1,0.0,,,46,41,6.6,,
00-0022893,Tatum Bell,RB,DEN,2004,17,0,0,0.0,0,,16,0,2,0.0,,,42,37,12.7,,
00-0022909,Roy Williams,WR,DET,2004,1,0,0,0.0,0,,1,0,4,0.0,,,30,25,11.0,,
00-0022909,Roy Williams,WR,DET,2004,3,1,0,-0.771,0,,0,0,9,0.0,,,18,20,34.5,,
00-0022910,Lee Evans,WR,BUF,2004,12,0,0,0.0,0,,1,0,6,0.0,,,37,38,20.5,,
00-0022910,Lee Evans,WR,BUF,2004,14,0,0,0.0,0,,1,0,4,0.0,,,42,41,18.1,,
00-0022910,Lee Evans,WR,BUF,2004,15,0,0,0.0,0,,1,0,5,0.0,,,29,28,17.7,,
00-0022910,Lee Evans,WR,BUF,2004,16,0,0,0.0,0,,1,0,8,0.0,,,36,34,31.3,,
00-0022910,Lee Evans,WR,BUF,2004,17,0,0,0.0,0,,1,0,2,0.0,,,21,20,9.8,,
00-0022912,J.P. Losman,QB,BUF,2004,10,2,1,-4.231,1,,1,0,0,0.0,,,17,16,-3.3,,
00-0022912,J.P. Losman,QB,BUF,2004,12,1,1,1.53,0,,0,0,0,0.0,,,37,38,0.7,,
00-0022912,J.P. Losman,QB,BUF,2004,14,2,1,0.505,0,,1,0,0,0.0,,,42,41,1.4,,
00-0022921,Larry Fitzgerald,WR,ARI,2004,1,0,0,0.0,0,,1,0,4,0.0,,,23,23,10.9,,
00-0022921,Larry Fitzgerald,WR,ARI,2004,8,0,0,0.0,0,,1,0,0,0.0,,,38,37,0.4,,
00-0022921,Larry Fitzgerald,WR,ARI,2004,11,0,0,0.0,0,,2,0,7,0.0,,,28,24,22.2,,
00-0022921,Larry Fitzgerald,WR,ARI,2004,16,0,0,0.0,0,,2,0,4,0.0,,,30,30,24.0,,
00-0022921,Larry Fitzgerald,WR,ARI,2004,17,0,0,0.0,0,,2,0,3,0.0,,,34,34,6.7,,
00-0022924,Ben Roethlisberger,QB,PIT,2004,2,20,12,-1.21,2,,0,0,0,0.0,,,25,17,11.0,,
00-0022924,Ben Roethlisberger,QB,PIT,2004,3,22,12,0.497,1,,1,0,0,0.0,,,38,29,8.7,,
00-0022924,Ben Roethlisberger,QB,PIT,2004,4,25,17,5.797,1,,4,0,0,0.0,,,40,31,11.2,,
00-0022924,Ben Roethlisberger,QB,PIT,2004,5,21,16,7.094,0,,6,0,0,0.0,,,43,35,18.5,,
00-0022924,Ben Roethlisberger,QB,PIT,2004,6,25,21,10.201,3,,2,0,0,0.0,,,29,25,16.5,,
00-0022924,Ben Roethlisberger,QB,PIT,2004,8,24,18,9.786,0,,5,0,0,0.0,,,49,40,16.1,,
00-0022924,Ben Roethlisberger,QB,PIT,2004,9,18,11,9.171,2,,6,0,0,0.0,,,56,36,12.3,,
00-0022924,Ben Roethlisberger,QB,PIT,2004,10,16,10,0.615,2,,7,0,0,0.0,,,47,39,7.2,,
00-0022924,Ben Roethlisberger,QB,PIT,2004,11,21,15,-9.371,7,,9,0,0,0.0,,,40,30,9.1,,
00-0022924,Ben Roethlisberger,QB,PIT,2004,12,20,9,-4.265,4,,6,0,0,0.0,,,38,32,5.6,,
00-0022924,Ben Roethlisberger,QB,PIT,2004,13,17,14,9.634,3,,3,0,0,0.0,,,25,22,20.8,,
00-0022924,Ben Roethlisberger,QB,PIT,2004,14,19,9,-5.157,2,,4,0,0,0.0,,,31,29,1.6,,
00-0022924,Ben Roethlisberger,QB,PIT,2004,15,28,18,15.632,3,,1,0,0,0.0,,,39,37,12.5,,
00-0022924,Ben Roethlisberger,QB,PIT,2004,16,19,14,10.309,0,,2,0,0,0.0,,,42,29,15.9,,
00-0022926,Chris Perry,RB,CIN,2004,6,0,0,0.0,0,,2,0,1,0.0,,,18,25,2.0,,
00-0022942,Philip Rivers,QB,LAC,2004,9,0,0,0.0,0,,3,0,0,0.0,,,35,33,-0.4,,
00-0022942,Philip Rivers,QB,LAC,2004,17,8,5,1.145,0,,2,0,0,0.0,,,30,31,5.2,,
