player_id,name,pos,team,season,week,att,cmp,pass_epa,sacks,cpoe,car,tgt,rec,rec_ay,tgt_share,ay_share,team_car,team_rb_touch,fp_ppr,fp_exp,fp_act
00-0001477,Marty Booker,WR,CHI,2008,4,0,0,0.0,0,,1,0,1,0.0,,0.0,26,29,9.6,3.22,9.6
00-0002099,Isaac Bruce,WR,SF,2008,11,0,0,0.0,0,,1,0,1,0.0,,0.0,36,32,2.7,2.72,2.7
00-0002099,Isaac Bruce,WR,SF,2008,15,1,0,-0.49,0,-64.842,0,0,7,0.0,,0.0,27,23,14.1,9.33,14.1
00-0003035,Desmond Clark,TE,CHI,2008,15,0,0,0.0,0,,0,1,3,0.0,1.0,0.0,20,23,4.1,15.82,4.1
00-0003292,Kerry Collins,QB,TEN,2008,1,2,2,7.63,0,25.703,1,0,0,0.0,,0.0,32,33,2.6,0.79,2.6
00-0003292,Kerry Collins,QB,TEN,2008,2,21,14,2.75,1,4.687,0,0,0,0.0,,0.0,41,39,9.1,7.01,9.12
00-0003292,Kerry Collins,QB,TEN,2008,3,26,14,0.063,0,-3.909,3,0,0,0.0,,0.0,36,34,12.6,16.17,12.56
00-0003292,Kerry Collins,QB,TEN,2008,4,35,18,-0.387,0,-6.487,6,0,0,0.0,,0.0,34,31,8.2,15.61,6.16
00-0003292,Kerry Collins,QB,TEN,2008,5,32,17,0.951,0,-4.129,1,0,0,0.0,,0.0,22,24,6.4,13.23,6.42
00-0003292,Kerry Collins,QB,TEN,2008,7,18,11,-0.008,0,1.499,2,0,0,0.0,,0.0,40,40,4.7,4.93,4.72
00-0003292,Kerry Collins,QB,TEN,2008,8,37,24,7.06,0,0.298,2,0,0,0.0,,0.0,31,34,9.5,15.92,9.52
00-0003292,Kerry Collins,QB,TEN,2008,9,37,18,-4.076,2,-14.839,1,0,0,0.0,,0.0,36,38,8.0,15.12,8.0
00-0003292,Kerry Collins,QB,TEN,2008,10,41,30,13.542,1,12.558,4,0,0,0.0,,0.0,29,27,19.5,14.93,19.46
00-0003292,Kerry Collins,QB,TEN,2008,11,23,13,8.046,1,-7.273,2,0,0,0.0,,0.0,33,35,19.0,8.19,19.0
00-0003292,Kerry Collins,QB,TEN,2008,12,39,21,1.185,1,-8.775,0,0,0,0.0,,0.0,11,17,13.7,13.7,13.72
00-0003292,Kerry Collins,QB,TEN,2008,13,18,11,0.164,1,-3.478,1,0,0,0.0,,0.0,46,44,4.3,10.91,6.28
00-0003292,Kerry Collins,QB,TEN,2008,14,23,14,-1.656,0,5.977,0,0,0,0.0,,0.0,43,48,10.2,10.15,10.2
00-0003292,Kerry Collins,QB,TEN,2008,15,33,15,-8.322,0,-12.435,2,0,0,0.0,0.0,0.0,24,23,5.7,16.09,5.74
00-0003292,Kerry Collins,QB,TEN,2008,16,29,20,4.966,1,7.95,0,0,0,0.0,,0.0,31,33,12.6,9.35,12.64
00-0003292,Kerry Collins,QB,TEN,2008,17,2,1,-2.523,0,-34.406,0,0,0,0.0,,0.0,18,15,0.0,0.42,0.0
00-0003739,Daunte Culpepper,QB,DET,2008,10,10,5,-3.954,2,-3.147,1,0,0,0.0,,0.0,27,26,2.1,5.75,2.06
00-0003739,Daunte Culpepper,QB,DET,2008,11,35,20,-9.705,3,1.841,5,0,0,0.0,,0.0,34,32,13.6,13.44,15.58
00-0003739,Daunte Culpepper,QB,DET,2008,12,20,8,-17.521,4,-17.458,2,0,0,0.0,,0.0,22,22,5.4,8.24,5.44
00-0003739,Daunte Culpepper,QB,DET,2008,13,26,13,-12.942,2,-6.376,0,0,0,0.0,,0.0,14,15,7.4,8.43,7.36
00-0003739,Daunte Culpepper,QB,DET,2008,14,24,14,1.425,3,2.167,3,0,0,0.0,,0.0,27,27,13.5,15.54,13.5
00-0004161,Jake Delhomme,QB,CAR,2008,1,41,23,2.738,1,-2.262,0,0,0,0.0,0.0,0.0,29,30,13.9,19.02,13.88
00-0004161,Jake Delhomme,QB,CAR,2008,2,21,12,-10.532,3,-4.24,4,0,0,0.0,,0.0,31,27,3.4,6.42,3.42
00-0004161,Jake Delhomme,QB,CAR,2008,3,29,17,-8.806,5,-2.202,1,0,0,0.0,,0.0,20,21,3.6,8.92,5.64
00-0004161,Jake Delhomme,QB,CAR,2008,4,29,20,19.839,0,5.023,0,0,0,0.0,,0.0,33,32,19.8,11.1,19.76
00-0004161,Jake Delhomme,QB,CAR,2008,5,22,14,13.431,0,2.782,1,0,0,0.0,,0.0,48,48,15.5,13.96,15.54
00-0004161,Jake Delhomme,QB,CAR,2008,6,39,20,-11.447,0,-11.73,1,0,0,0.0,,0.0,20,20,3.6,10.72,3.58
00-0004161,Jake Delhomme,QB,CAR,2008,7,22,14,9.229,1,7.183,1,0,0,0.0,,0.0,37,37,16.6,14.28,16.6
00-0004161,Jake Delhomme,QB,CAR,2008,8,28,20,3.253,1,8.241,2,0,0,0.0,,0.0,29,28,15.7,12.2,17.72
00-0004161,Jake Delhomme,QB,CAR,2008,10,27,7,-22.329,2,-31.618,1,0,0,0.0,,0.0,28,27,-1.1,11.63,-1.12
00-0004161,Jake Delhomme,QB,CAR,2008,11,19,10,-0.122,0,-8.746,2,0,0,0.0,,0.0,32,30,7.7,7.25,7.72
00-0004161,Jake Delhomme,QB,CAR,2008,12,35,21,8.898,3,-1.365,2,0,0,0.0,,0.0,26,26,23.6,18.9,23.6
00-0004161,Jake Delhomme,QB,CAR,2008,13,17,12,5.363,2,9.055,2,0,0,0.0,,0.0,27,30,13.1,10.77,13.08
00-0004161,Jake Delhomme,QB,CAR,2008,14,20,14,3.349,1,4.904,2,0,0,0.0,,0.0,37,35,6.7,7.29,6.72
00-0004161,Jake Delhomme,QB,CAR,2008,15,26,17,4.448,0,6.252,1,0,0,0.0,,0.0,30,31,11.9,14.15,11.92
00-0004161,Jake Delhomme,QB,CAR,2008,16,19,11,9.767,0,-3.167,0,0,0,0.0,,0.0,35,35,7.4,8.46,7.4
00-0004161,Jake Delhomme,QB,CAR,2008,17,20,14,11.538,1,12.381,0,0,0,0.0,,0.0,42,42,14.0,11.64,14.0
00-0004541,Donald Driver,WR,GB,2008,5,0,0,0.0,0,,1,0,3,0.0,,0.0,23,25,16.4,7.58,16.4
00-0004541,Donald Driver,WR,GB,2008,10,0,0,0.0,0,,1,0,5,0.0,,0.0,18,18,9.4,8.75,9.4
00-0004640,Warrick Dunn,RB,TB,2008,1,0,0,0.0,0,,9,0,1,0.0,,0.0,20,23,7.5,5.68,7.5
00-0004640,Warrick Dunn,RB,TB,2008,2,0,0,0.0,0,,12,0,3,0.0,,0.0,28,31,16.0,10.44,16.0
00-0004640,Warrick Dunn,RB,TB,2008,3,0,0,0.0,0,,5,0,4,0.0,0.0,0.0,17,21,9.8,8.37,9.8
00-0004640,Warrick Dunn,RB,TB,2008,4,0,0,0.0,0,,16,0,2,0.0,,0.0,41,39,10.6,11.14,10.6
00-0004640,Warrick Dunn,RB,TB,2008,5,0,0,0.0,0,,11,0,3,0.0,,0.0,22,30,11.7,9.68,11.7
00-0004640,Warrick Dunn,RB,TB,2008,6,0,0,0.0,0,,22,0,3,0.0,,0.0,37,37,16.3,14.53,16.3
00-0004640,Warrick Dunn,RB,TB,2008,7,0,0,0.0,0,,13,0,4,0.0,,0.0,38,44,9.8,11.87,9.8
00-0004640,Warrick Dunn,RB,TB,2008,8,0,0,0.0,0,,1,0,2,0.0,,0.0,20,25,2.8,3.42,2.8
00-0004640,Warrick Dunn,RB,TB,2008,11,0,0,0.0,0,,20,0,4,0.0,,0.0,33,30,15.8,16.91,15.8
00-0004640,Warrick Dunn,RB,TB,2008,12,0,0,0.0,0,,14,0,5,0.0,,0.0,32,35,23.7,14.85,23.7
00-0004640,Warrick Dunn,RB,TB,2008,13,0,0,0.0,0,,22,0,0,0.0,,0.0,34,26,7.4,9.31,7.4
00-0004640,Warrick Dunn,RB,TB,2008,14,0,0,0.0,0,,10,0,3,0.0,,0.0,24,23,9.2,8.82,9.2
00-0004640,Warrick Dunn,RB,TB,2008,15,0,0,0.0,0,,12,0,7,0.0,,0.0,26,34,16.0,15.03,16.0
00-0004640,Warrick Dunn,RB,TB,2008,16,0,0,0.0,0,,9,0,4,0.0,,0.0,27,23,7.9,9.56,7.9
00-0004640,Warrick Dunn,RB,TB,2008,17,0,0,0.0,0,,10,0,2,0.0,,0.0,26,29,6.1,7.92,6.1
00-0005091,Kevin Faulk,RB,NE,2008,2,0,0,0.0,0,,3,0,4,0.0,,0.0,33,36,10.6,8.05,10.6
00-0005091,Kevin Faulk,RB,NE,2008,3,0,0,0.0,0,,1,0,2,0.0,,0.0,20,19,3.2,3.38,3.2
00-0005091,Kevin Faulk,RB,NE,2008,5,0,0,0.0,0,,7,0,4,0.0,0.0,0.0,43,42,22.1,13.75,22.1
00-0005091,Kevin Faulk,RB,NE,2008,6,0,0,0.0,0,,8,0,3,0.0,,0.0,26,26,10.7,8.61,10.7
00-0005091,Kevin Faulk,RB,NE,2008,7,0,0,0.0,0,,4,0,3,0.0,,0.0,38,36,8.6,7.08,8.6
00-0005091,Kevin Faulk,RB,NE,2008,8,0,0,0.0,0,,13,0,4,0.0,,0.0,29,26,20.7,14.02,20.7
00-0005091,Kevin Faulk,RB,NE,2008,9,1,1,-0.97,0,15.43,10,0,5,0.0,,0.0,32,31,14.7,12.84,14.72
00-0005091,Kevin Faulk,RB,NE,2008,10,0,0,0.0,0,,5,0,1,0.0,,0.0,43,32,2.8,3.66,2.8
00-0005091,Kevin Faulk,RB,NE,2008,11,0,0,0.0,0,,8,0,4,0.0,,0.0,25,19,12.7,9.46,12.7
00-0005091,Kevin Faulk,RB,NE,2008,12,0,0,0.0,0,,8,0,6,0.0,,0.0,25,31,22.5,11.58,22.5
00-0005091,Kevin Faulk,RB,NE,2008,13,0,0,0.0,0,,6,0,7,0.0,0.0,0.0,20,27,19.1,15.86,19.1
00-0005091,Kevin Faulk,RB,NE,2008,14,0,0,0.0,0,,3,0,5,0.0,,0.0,25,23,8.8,9.14,8.8
00-0005091,Kevin Faulk,RB,NE,2008,15,0,0,0.0,0,,6,0,6,0.0,,0.0,39,38,23.1,12.59,23.1
00-0005091,Kevin Faulk,RB,NE,2008,16,0,0,0.0,0,,1,0,3,0.0,,0.0,42,41,11.8,5.6,11.8
00-0005106,Brett Favre,QB,NYJ,2008,1,22,15,5.613,3,5.902,3,0,0,0.0,,0.0,31,33,14.0,12.22,15.96
00-0005106,Brett Favre,QB,NYJ,2008,2,26,18,3.995,2,2.497,2,0,0,0.0,,0.0,21,25,9.8,10.76,9.84
00-0005106,Brett Favre,QB,NYJ,2008,3,42,30,-5.56,3,9.845,2,0,0,0.0,,0.0,13,15,19.3,22.52,19.34
00-0005106,Brett Favre,QB,NYJ,2008,4,34,24,16.311,2,11.328,0,0,0,0.0,,0.0,26,31,33.6,25.37,33.56
00-0005106,Brett Favre,QB,NYJ,2008,6,33,25,-5.634,2,14.194,1,0,0,0.0,,0.0,27,31,5.5,19.26,7.46
00-0005106,Brett Favre,QB,NYJ,2008,7,38,21,-11.002,3,-4.95,2,0,0,0.0,,0.0,33,31,4.4,11.87,4.38
00-0005106,Brett Favre,QB,NYJ,2008,8,40,28,0.317,1,6.168,1,0,0,0.0,,0.0,24,26,13.5,16.41,13.5
00-0005106,Brett Favre,QB,NYJ,2008,9,28,19,1.596,0,-0.106,3,0,0,0.0,,0.0,25,27,5.8,10.65,5.84
00-0005106,Brett Favre,QB,NYJ,2008,10,19,14,9.809,0,15.134,1,0,0,0.0,,0.0,43,42,10.7,13.4,10.68
00-0005106,Brett Favre,QB,NYJ,2008,11,33,26,18.283,3,12.785,3,0,0,0.0,,0.0,39,39,18.4,16.37,18.42
00-0005106,Brett Favre,QB,NYJ,2008,12,32,25,11.12,2,16.296,1,0,0,0.0,,0.0,39,39,14.9,15.67,14.86
00-0005106,Brett Favre,QB,NYJ,2008,13,43,23,-6.45,2,-9.997,0,0,0,0.0,,0.0,19,23,7.9,21.52,7.88
00-0005106,Brett Favre,QB,NYJ,2008,14,31,20,-2.875,3,1.328,1,0,0,0.0,,0.0,12,20,9.7,13.02,9.68
00-0005106,Brett Favre,QB,NYJ,2008,15,30,17,-1.245,0,-5.182,1,0,0,0.0,0.0,0.0,24,24,11.0,13.06,10.98
00-0005106,Brett Favre,QB,NYJ,2008,16,31,18,-9.621,4,-0.159,0,0,0,0.0,,0.0,25,23,3.5,9.36,3.48
00-0005106,Brett Favre,QB,NYJ,2008,17,40,20,-6.851,0,-9.234,0,0,0,0.0,0.0,0.0,21,27,9.5,14.44,9.24
00-0005589,Gus Frerotte,QB,MIN,2008,3,28,16,-2.019,3,-9.192,4,0,0,0.0,,0.0,32,31,10.0,11.12,9.96
00-0005589,Gus Frerotte,QB,MIN,2008,4,43,25,4.582,2,-1.652,1,0,0,0.0,,0.0,20,23,6.6,10.79,6.64
00-0005589,Gus Frerotte,QB,MIN,2008,5,36,19,2.391,1,-5.447,2,0,0,0.0,,0.0,26,27,13.3,15.3,13.28
00-0005589,Gus Frerotte,QB,MIN,2008,6,33,18,-3.615,5,-13.765,0,0,0,0.0,,0.0,31,34,13.8,10.45,13.84
00-0005589,Gus Frerotte,QB,MIN,2008,7,40,25,3.983,2,4.296,0,0,0,0.0,,0.0,32,39,11.9,12.54,11.92
00-0005589,Gus Frerotte,QB,MIN,2008,9,18,11,-2.454,3,-1.148,3,0,0,0.0,,0.0,35,35,17.3,11.39,17.28
00-0005589,Gus Frerotte,QB,MIN,2008,10,28,15,-16.133,2,-17.485,1,0,0,0.0,,0.0,41,47,7.9,12.48,7.94
00-0005589,Gus Frerotte,QB,MIN,2008,11,20,14,-0.141,5,6.285,2,0,0,0.0,,0.0,26,27,9.8,6.89,9.82
00-0005589,Gus Frerotte,QB,MIN,2008,12,20,12,-5.886,3,0.018,5,0,0,0.0,,0.0,34,28,3.0,9.11,3.0
00-0005589,Gus Frerotte,QB,MIN,2008,13,25,16,-5.299,2,0.544,1,0,0,0.0,,0.0,39,44,16.5,15.23,16.5
00-0005589,Gus Frerotte,QB,MIN,2008,14,10,7,-7.148,1,2.711,0,0,0,0.0,,0.0,32,32,-1.2,3.73,-1.2
00-0005755,Jeff Garcia,QB,TB,2008,1,41,24,-3.545,2,-0.955,1,0,0,0.0,,0.0,20,23,10.9,16.96,10.94
00-0005755,Jeff Garcia,QB,TB,2008,5,17,13,4.703,0,13.875,1,0,0,0.0,,0.0,22,30,6.3,5.99,6.32
00-0005755,Jeff Garcia,QB,TB,2008,6,20,15,10.617,0,10.684,3,0,0,0.0,,0.0,37,37,11.5,10.92,11.52
00-0005755,Jeff Garcia,QB,TB,2008,7,36,27,16.819,1,18.789,2,0,0,0.0,,0.0,38,44,17.2,12.11,17.2
00-0005755,Jeff Garcia,QB,TB,2008,8,43,27,-2.503,2,2.711,2,0,0,0.0,,0.0,20,25,9.8,14.31,9.78
00-0005755,Jeff Garcia,QB,TB,2008,9,43,31,14.999,0,9.7,0,0,0,0.0,,0.0,25,31,17.6,13.74,17.56
00-0005755,Jeff Garcia,QB,TB,2008,11,30,23,10.686,1,13.887,6,0,0,0.0,,0.0,33,30,12.3,17.16,12.3
00-0005755,Jeff Garcia,QB,TB,2008,12,18,13,-8.428,6,1.148,1,0,0,0.0,,0.0,32,35,10.5,5.97,14.5
00-0005755,Jeff Garcia,QB,TB,2008,13,23,9,-11.084,4,-18.557,7,0,0,0.0,,0.0,34,26,13.0,14.96,12.96
00-0005755,Jeff Garcia,QB,TB,2008,14,38,24,9.865,5,-1.334,2,0,0,0.0,,0.0,24,23,21.4,15.67,21.44
00-0005755,Jeff Garcia,QB,TB,2008,16,35,21,-6.281,2,-3.792,6,0,0,0.0,,0.0,27,23,19.8,17.02,19.78
00-0005755,Jeff Garcia,QB,TB,2008,17,33,17,5.563,1,-0.885,3,0,0,0.0,,0.0,26,29,13.3,13.4,13.28
00-0006305,Ahman Green,RB,HOU,2008,1,0,0,0.0,0,,5,0,4,0.0,,0.0,20,25,7.1,8.08,7.1
00-0006305,Ahman Green,RB,HOU,2008,5,0,0,0.0,0,,12,0,0,0.0,,0.0,32,29,4.7,5.95,4.7
00-0006305,Ahman Green,RB,HOU,2008,6,0,0,0.0,0,,8,0,1,0.0,,0.0,27,25,5.3,4.87,5.3
00-0006305,Ahman Green,RB,HOU,2008,7,0,0,0.0,0,,14,0,1,0.0,,0.0,34,35,13.5,11.8,13.5
00-0006305,Ahman Green,RB,HOU,2008,8,0,0,0.0,0,,9,0,1,0.0,,0.0,31,30,5.6,5.55,5.6
00-0006305,Ahman Green,RB,HOU,2008,10,0,0,0.0,0,,4,0,2,0.0,,0.0,16,19,4.3,4.84,4.3
00-0006305,Ahman Green,RB,HOU,2008,11,0,0,0.0,0,,9,0,1,0.0,,0.0,25,24,15.4,10.95,15.4
00-0006305,Ahman Green,RB,HOU,2008,12,0,0,0.0,0,,13,0,1,0.0,,0.0,36,35,5.7,8.1,5.7
00-0006355,Trent Green,QB,LA,2008,4,32,17,-13.049,2,-4.929,0,0,0,0.0,,0.0,29,31,7.4,10.54,7.44
00-0006355,Trent Green,QB,LA,2008,10,10,5,-4.758,0,-12.307,1,0,0,0.0,,0.0,21,22,1.1,5.06,1.1
00-0006355,Trent Green,QB,LA,2008,12,30,16,-14.741,4,-6.97,2,0,0,0.0,,0.0,19,22,0.9,10.25,0.86
00-0006423,Brian Griese,QB,TB,2008,2,31,18,-1.056,2,-2.587,1,0,0,0.0,,0.0,28,31,8.3,13.82,10.3
00-0006423,Brian Griese,QB,TB,2008,3,67,38,8.413,0,-2.777,0,0,0,0.0,0.0,0.0,17,21,18.3,21.54,18.28
00-0006423,Brian Griese,QB,TB,2008,4,30,15,-21.862,0,-11.867,4,0,0,0.0,,0.0,41,39,4.0,13.19,3.96
00-0006423,Brian Griese,QB,TB,2008,5,19,13,-3.656,3,7.523,0,0,0,0.0,,0.0,22,30,3.5,5.89,3.52
00-0006423,Brian Griese,QB,TB,2008,15,37,26,-4.925,4,5.681,0,0,0,0.0,,0.0,26,34,12.8,11.3,12.76
00-0007091,Matt Hasselbeck,QB,SEA,2008,1,41,17,-13.009,5,-12.937,0,0,0,0.0,,0.0,21,21,9.6,17.14,9.6
00-0007091,Matt Hasselbeck,QB,SEA,2008,2,36,18,-10.532,1,-14.731,1,0,0,0.0,,0.0,34,31,4.8,15.01,4.76
00-0007091,Matt Hasselbeck,QB,SEA,2008,3,20,12,6.064,1,-0.611,2,0,0,0.0,,0.0,46,42,12.8,12.77,12.78
00-0007091,Matt Hasselbeck,QB,SEA,2008,5,21,11,-7.143,1,-5.532,0,0,0,0.0,,0.0,22,22,2.2,7.04,2.2
00-0007091,Matt Hasselbeck,QB,SEA,2008,11,29,17,-2.623,2,1.572,4,0,0,0.0,,0.0,22,22,6.5,23.45,6.5
00-0007091,Matt Hasselbeck,QB,SEA,2008,12,24,12,-8.799,2,-7.477,2,0,0,0.0,,0.0,20,20,9.2,14.05,9.22
00-0007091,Matt Hasselbeck,QB,SEA,2008,13,38,22,-0.797,7,-3.135,2,0,0,0.0,,0.0,23,23,10.5,16.7,10.48
00-0007468,Ike Hilliard,WR,TB,2008,6,0,0,0.0,0,,1,0,1,0.0,,0.0,37,37,1.6,2.0,1.6
00-0007835,Damon Huard,QB,KC,2008,1,12,8,-0.151,3,11.548,0,0,0,0.0,,0.0,27,30,6.7,6.95,6.72
00-0007835,Damon Huard,QB,KC,2008,2,4,2,-7.62,1,-9.018,1,0,0,0.0,,0.0,19,21,0.2,2.15,0.18
00-0007835,Damon Huard,QB,KC,2008,4,28,21,3.044,1,12.867,1,0,0,0.0,,0.0,33,39,10.3,14.14,10.3
00-0007835,Damon Huard,QB,KC,2008,5,21,10,-19.549,2,-13.077,1,0,0,0.0,,0.0,17,17,-2.7,5.14,-0.66
00-0007835,Damon Huard,QB,KC,2008,7,16,9,-2.224,2,0.601,1,0,0,0.0,,0.0,17,19,3.8,3.19,3.84
00-0008241,Edgerrin James,RB,ARI,2008,1,0,0,0.0,0,,26,0,0,0.0,,0.0,39,37,10.0,13.31,10.0
00-0008241,Edgerrin James,RB,ARI,2008,2,0,0,0.0,0,,18,0,1,0.0,,0.0,31,30,6.5,10.63,6.5
00-0008241,Edgerrin James,RB,ARI,2008,3,0,0,0.0,0,,18,0,2,0.0,,0.0,23,28,10.8,10.73,10.8
00-0008241,Edgerrin James,RB,ARI,2008,4,0,0,0.0,0,,9,0,5,0.0,,0.0,15,21,25.6,14.82,25.6
00-0008241,Edgerrin James,RB,ARI,2008,5,0,0,0.0,0,,21,0,2,0.0,,0.0,34,39,15.8,16.5,15.8
00-0008241,Edgerrin James,RB,ARI,2008,6,0,0,0.0,0,,9,0,0,0.0,,0.0,19,22,2.9,4.07,2.9
00-0008241,Edgerrin James,RB,ARI,2008,8,0,0,0.0,0,,7,0,0,0.0,0.0,0.0,14,16,-0.3,5.9,-0.3
00-0008241,Edgerrin James,RB,ARI,2008,10,0,0,0.0,0,,2,0,0,0.0,,0.0,19,22,0.4,0.94,0.4
00-0008241,Edgerrin James,RB,ARI,2008,11,0,0,0.0,0,,1,0,0,0.0,,0.0,24,23,0.1,0.48,0.1
00-0008241,Edgerrin James,RB,ARI,2008,12,0,0,0.0,0,,1,0,0,0.0,,0.0,15,17,-0.1,0.47,-0.1
00-0008241,Edgerrin James,RB,ARI,2008,14,0,0,0.0,0,,3,0,0,0.0,,0.0,22,23,1.1,1.42,1.1
00-0008241,Edgerrin James,RB,ARI,2008,16,0,0,0.0,0,,4,0,1,0.0,,0.0,15,17,3.5,2.55,3.5
00-0008241,Edgerrin James,RB,ARI,2008,17,0,0,0.0,0,,14,0,1,0.0,0.0,0.0,19,21,11.6,8.55,11.6
00-0008442,Brad Johnson,QB,DAL,2008,7,34,17,-7.246,3,-9.009,1,0,0,0.0,,0.0,22,21,7.4,11.82,7.36
00-0008442,Brad Johnson,QB,DAL,2008,8,33,19,-5.229,3,1.625,1,0,0,0.0,,0.0,26,31,8.8,11.95,8.78
00-0008442,Brad Johnson,QB,DAL,2008,9,11,5,-9.703,2,-12.991,0,0,0,0.0,,0.0,24,25,-1.2,3.25,-1.16
00-0009311,Jon Kitna,QB,DET,2008,1,33,24,5.186,3,8.598,2,0,0,0.0,,0.0,21,23,16.5,15.27,16.48
00-0009311,Jon Kitna,QB,DET,2008,2,41,21,-23.886,5,-11.376,1,0,0,0.0,,0.0,12,15,13.7,16.74,13.74
00-0009311,Jon Kitna,QB,DET,2008,3,30,15,-8.658,4,-14.605,3,0,0,0.0,,0.0,20,20,9.7,10.73,9.74
00-0009311,Jon Kitna,QB,DET,2008,5,16,8,-15.575,3,-19.982,0,0,0,0.0,,0.0,13,20,1.0,4.65,2.96
00-0010346,Peyton Manning,QB,IND,2008,1,49,30,-0.552,2,-5.545,0,0,0,0.0,,0.0,15,20,14.3,18.45,14.28
00-0010346,Peyton Manning,QB,IND,2008,2,42,26,0.477,2,-4.63,2,0,0,0.0,,0.0,19,21,12.4,22.41,11.76
00-0010346,Peyton Manning,QB,IND,2008,3,29,15,-8.061,1,-4.365,1,0,0,0.0,,0.0,19,19,9.8,18.95,9.84
00-0010346,Peyton Manning,QB,IND,2008,5,34,25,8.65,2,12.063,4,0,0,0.0,,0.0,22,20,16.7,17.89,16.68
00-0010346,Peyton Manning,QB,IND,2008,6,28,19,16.439,2,13.117,2,0,0,0.0,,0.0,30,29,22.6,16.49,22.64
00-0010346,Peyton Manning,QB,IND,2008,7,42,21,-12.015,0,-9.34,1,0,0,0.0,,0.0,23,26,5.1,17.04,5.06
00-0010346,Peyton Manning,QB,IND,2008,8,41,26,-1.381,0,2.854,1,0,0,0.0,,0.0,22,31,19.0,22.38,19.02
00-0010346,Peyton Manning,QB,IND,2008,9,29,21,17.473,0,9.577,0,0,0,0.0,,0.0,21,24,20.2,12.77,20.16
00-0010346,Peyton Manning,QB,IND,2008,10,40,21,8.468,2,-4.257,0,0,0,0.0,,0.0,19,23,21.6,14.35,21.6
00-0010346,Peyton Manning,QB,IND,2008,11,46,30,19.768,0,2.87,2,0,0,0.0,,0.0,34,39,20.9,21.45,20.9
00-0010346,Peyton Manning,QB,IND,2008,12,44,32,11.705,1,8.403,0,0,0,0.0,,0.0,23,35,16.2,20.57,16.2
00-0010346,Peyton Manning,QB,IND,2008,13,21,15,2.813,0,10.572,3,0,0,0.0,,0.0,29,29,0.8,10.83,0.8
00-0010346,Peyton Manning,QB,IND,2008,14,32,26,20.671,0,13.77,0,0,0,0.0,,0.0,20,25,23.1,17.93,23.08
00-0010346,Peyton Manning,QB,IND,2008,15,37,28,21.952,1,14.393,2,0,0,0.0,,0.0,29,32,17.0,20.68,17.02
00-0010346,Peyton Manning,QB,IND,2008,16,34,29,31.677,0,23.517,2,0,0,0.0,,0.0,18,22,26.7,18.79,26.66
00-0010346,Peyton Manning,QB,IND,2008,17,7,7,7.503,1,27.768,0,0,0,0.0,,0.0,27,29,7.8,1.56,7.8
00-0010500,Derrick Mason,WR,BAL,2008,17,0,0,0.0,0,,1,0,6,0.0,,0.0,34,8,14.0,9.32,14.0
00-0011022,Donovan McNabb,QB,PHI,2008,1,33,21,18.102,0,7.959,1,0,0,0.0,,0.0,32,31,26.7,25.77,26.74
00-0011022,Donovan McNabb,QB,PHI,2008,2,37,25,9.142,4,1.718,5,0,0,0.0,,0.0,23,28,15.2,22.08,15.12
00-0011022,Donovan McNabb,QB,PHI,2008,3,35,24,-1.814,3,2.295,2,0,0,0.0,,0.0,23,30,9.6,12.65,9.64
00-0011022,Donovan McNabb,QB,PHI,2008,4,41,25,-2.678,3,2.821,2,0,0,0.0,,0.0,23,24,12.0,21.35,11.98
00-0011022,Donovan McNabb,QB,PHI,2008,5,29,17,2.901,0,-6.923,0,0,0,0.0,,0.0,18,22,7.8,11.05,7.84
00-0011022,Donovan McNabb,QB,PHI,2008,6,36,23,10.525,0,0.8,1,0,0,0.0,0.0,0.0,21,26,17.5,27.04,17.6
00-0011022,Donovan McNabb,QB,PHI,2008,8,34,19,1.912,2,-5.318,6,0,0,0.0,,0.0,32,34,16.6,26.17,18.62
00-0011022,Donovan McNabb,QB,PHI,2008,9,43,28,9.708,1,6.58,2,0,0,0.0,,0.0,28,32,20.6,22.11,20.56
00-0011022,Donovan McNabb,QB,PHI,2008,10,36,17,0.96,0,-11.663,3,0,0,0.0,,0.0,21,18,21.3,20.3,21.26
00-0011022,Donovan McNabb,QB,PHI,2008,11,58,28,-15.13,2,-13.554,1,0,0,0.0,,0.0,18,19,9.8,19.9,11.76
00-0011022,Donovan McNabb,QB,PHI,2008,12,18,8,-19.376,2,-10.737,1,0,0,0.0,,0.0,21,18,-2.9,7.14,-0.94
00-0011022,Donovan McNabb,QB,PHI,2008,13,39,27,14.259,1,8.535,4,0,0,0.0,,0.0,40,35,28.8,30.12,28.8
00-0011022,Donovan McNabb,QB,PHI,2008,14,30,19,11.349,1,4.146,5,0,0,0.0,,0.0,41,41,13.6,9.75,13.64
00-0011022,Donovan McNabb,QB,PHI,2008,15,35,26,15.343,2,18.086,0,0,0,0.0,,0.0,33,34,17.6,20.09,17.6
00-0011022,Donovan McNabb,QB,PHI,2008,16,46,26,-9.612,2,-4.61,2,0,0,0.0,,0.0,16,21,8.0,13.92,10.0
00-0011022,Donovan McNabb,QB,PHI,2008,17,21,12,14.318,1,-4.152,3,0,0,0.0,,0.0,36,36,21.4,21.05,21.4
00-0011754,Randy Moss,WR,NE,2008,5,0,0,0.0,0,,1,0,5,0.0,0.0,0.0,43,42,22.3,12.67,22.3
00-0011754,Randy Moss,WR,NE,2008,10,0,0,0.0,0,,1,0,5,0.0,,0.0,43,32,10.1,8.48,10.1
00-0011754,Randy Moss,WR,NE,2008,13,0,0,0.0,0,,0,1,4,15,1.0,0.0435,20,27,8.5,20.21,8.5
00-0012478,Terrell Owens,WR,DAL,2008,4,0,0,0.0,0,,2,0,7,0.0,,0.0,11,10,21.2,13.93,21.2
00-0012478,Terrell Owens,WR,DAL,2008,5,0,0,0.0,0,,1,0,2,0.0,,0.0,38,35,15.5,4.63,15.5
00-0012478,Terrell Owens,WR,DAL,2008,6,0,0,0.0,0,,1,0,4,0.0,,0.0,22,31,8.2,7.05,8.2
00-0012478,Terrell Owens,WR,DAL,2008,11,0,0,0.0,0,,1,0,5,0.0,,0.0,28,31,8.8,8.02,8.8
00-0012478,Terrell Owens,WR,DAL,2008,14,0,0,0.0,0,,1,0,3,0.0,,0.0,26,28,12.3,5.49,12.3
00-0012478,Terrell Owens,WR,DAL,2008,17,0,0,0.0,0,,1,0,6,0.0,,0.0,19,19,17.0,8.91,17.0
00-0013013,Michael Pittman,RB,DEN,2008,1,0,0,0.0,0,,7,0,0,0.0,,0.0,34,28,13.3,10.6,13.3
00-0013013,Michael Pittman,RB,DEN,2008,2,0,0,0.0,0,,7,0,0,0.0,,0.0,24,23,9.0,12.61,9.0
00-0013013,Michael Pittman,RB,DEN,2008,3,0,0,0.0,0,,5,0,1,0.0,,0.0,24,24,8.0,7.47,8.0
00-0013013,Michael Pittman,RB,DEN,2008,4,0,0,0.0,0,,4,0,2,0.0,,0.0,22,21,10.1,4.75,10.1
00-0013013,Michael Pittman,RB,DEN,2008,5,0,0,0.0,0,,6,0,2,0.0,,0.0,26,26,8.1,5.72,8.1
00-0013013,Michael Pittman,RB,DEN,2008,6,0,0,0.0,0,,20,0,3,0.0,,0.0,23,23,15.5,14.2,15.5
00-0013013,Michael Pittman,RB,DEN,2008,7,0,0,0.0,0,,20,0,0,0.0,,0.0,26,22,8.8,9.59,8.8
00-0013013,Michael Pittman,RB,DEN,2008,9,0,0,0.0,0,,7,0,2,0.0,,0.0,12,21,4.5,6.08,4.5
00-0014655,Mike Sellers,TE,WAS,2008,3,0,0,0.0,0,,1,0,1,0.0,,0.0,31,27,1.7,1.77,1.7
00-0014655,Mike Sellers,TE,WAS,2008,5,0,0,0.0,0,,0,1,0,-1,1.0,-0.0072,44,41,0.0,3.89,0.0
00-0014655,Mike Sellers,TE,WAS,2008,12,0,0,0.0,0,,1,0,4,0.0,,0.0,41,36,7.5,6.07,7.5
00-0014655,Mike Sellers,TE,WAS,2008,14,0,0,0.0,0,,2,0,2,0.0,,0.0,21,23,5.0,3.41,5.0
00-0014655,Mike Sellers,TE,WAS,2008,15,0,0,0.0,0,,2,0,1,0.0,,0.0,32,28,0.4,6.87,0.4
00-0015601,Aaron Stecker,RB,NO,2008,6,0,0,0.0,0,,1,0,1,0.0,,0.0,33,37,8.1,3.43,8.1
00-0015601,Aaron Stecker,RB,NO,2008,7,0,0,0.0,0,,2,0,1,0.0,,0.0,22,24,2.5,3.5,2.5
00-0015601,Aaron Stecker,RB,NO,2008,8,0,0,0.0,0,,2,0,5,0.0,,0.0,26,32,8.6,10.33,8.6
00-0015601,Aaron Stecker,RB,NO,2008,10,0,0,0.0,0,,3,0,0,0.0,,0.0,17,21,2.1,1.58,2.1
00-0016098,Fred Taylor,RB,JAX,2008,1,0,0,0.0,0,,9,0,1,0.0,,0.0,17,19,3.7,6.94,3.7
00-0016098,Fred Taylor,RB,JAX,2008,2,0,0,0.0,0,,14,0,1,0.0,,0.0,27,25,6.4,7.62,6.4
00-0016098,Fred Taylor,RB,JAX,2008,3,0,0,0.0,0,,26,0,2,0.0,,0.0,48,52,15.0,15.11,15.0
00-0016098,Fred Taylor,RB,JAX,2008,4,0,0,0.0,0,,10,0,3,0.0,,0.0,25,23,7.6,8.35,7.6
00-0016098,Fred Taylor,RB,JAX,2008,5,0,0,0.0,0,,10,0,2,0.0,,0.0,19,23,4.5,6.68,4.5
00-0016098,Fred Taylor,RB,JAX,2008,6,0,0,0.0,0,,3,0,1,0.0,,0.0,34,28,1.0,2.4,1.0
00-0016098,Fred Taylor,RB,JAX,2008,8,0,0,0.0,0,,8,0,0,0.0,,0.0,29,23,2.4,3.5,2.4
00-0016098,Fred Taylor,RB,JAX,2008,9,0,0,0.0,0,,5,0,1,0.0,,0.0,21,18,2.2,3.55,2.2
00-0016098,Fred Taylor,RB,JAX,2008,10,0,0,0.0,0,,18,0,1,0.0,,0.0,33,32,10.7,15.25,10.7
00-0016098,Fred Taylor,RB,JAX,2008,11,0,0,0.0,0,,12,0,1,0.0,,0.0,32,33,7.0,5.99,7.0
00-0016098,Fred Taylor,RB,JAX,2008,12,0,0,0.0,0,,6,0,1,0.0,,0.0,14,19,3.7,4.95,3.7
00-0016098,Fred Taylor,RB,JAX,2008,13,0,0,0.0,0,,9,0,1,0.0,,0.0,26,26,14.3,6.45,14.3
00-0016098,Fred Taylor,RB,JAX,2008,14,0,0,0.0,0,,13,0,1,0.0,,0.0,28,33,6.9,6.6,6.9
00-0016677,Jerame Tuman,TE,ARI,2008,8,0,0,0.0,0,,0,1,3,7,1.0,0.0155,14,16,7.1,5.29,7.1
00-0017200,Kurt Warner,QB,ARI,2008,1,30,19,4.765,3,2.481,5,0,0,0.0,,0.0,39,37,11.5,17.18,11.48
00-0017200,Kurt Warner,QB,ARI,2008,2,24,19,24.524,2,17.216,0,0,0,0.0,,0.0,31,30,26.4,15.56,26.44
00-0017200,Kurt Warner,QB,ARI,2008,3,30,16,2.65,2,-6.096,0,0,0,0.0,,0.0,23,28,13.7,13.5,13.68
00-0017200,Kurt Warner,QB,ARI,2008,4,57,40,2.216,5,10.666,0,0,0,0.0,,0.0,15,21,14.9,24.75,20.88
00-0017200,Kurt Warner,QB,ARI,2008,5,42,33,14.284,0,14.29,2,0,0,0.0,,0.0,34,39,19.0,19.16,19.0
00-0017200,Kurt Warner,QB,ARI,2008,6,30,22,6.562,1,13.916,2,0,0,0.0,,0.0,19,22,13.3,14.72,13.34
00-0017200,Kurt Warner,QB,ARI,2008,8,49,35,17.558,2,11.477,0,0,0,0.0,0.0,0.0,14,16,21.2,23.93,21.24
00-0017200,Kurt Warner,QB,ARI,2008,9,34,23,13.345,1,4.206,3,0,0,0.0,,0.0,33,34,21.5,18.39,21.48
00-0017200,Kurt Warner,QB,ARI,2008,10,42,32,15.473,0,11.399,0,0,0,0.0,,0.0,19,22,25.1,21.98,25.12
00-0017200,Kurt Warner,QB,ARI,2008,11,44,32,10.492,2,12.973,3,0,0,0.0,,0.0,24,23,15.5,17.44,17.5
00-0017200,Kurt Warner,QB,ARI,2008,12,52,32,7.316,1,3.53,1,0,0,0.0,,0.0,15,17,14.0,23.01,16.04
00-0017200,Kurt Warner,QB,ARI,2008,13,39,21,-5.945,0,-4.583,0,0,0,0.0,,0.0,10,12,15.4,21.05,15.4
00-0017200,Kurt Warner,QB,ARI,2008,14,33,24,6.031,1,8.762,2,0,0,0.0,,0.0,22,23,13.0,14.11,12.96
00-0017200,Kurt Warner,QB,ARI,2008,15,45,29,-6.869,4,-1.249,0,0,0,0.0,,0.0,7,19,12.8,12.34,12.8
00-0017200,Kurt Warner,QB,ARI,2008,16,18,6,-11.454,1,-29.733,0,0,0,0.0,,0.0,15,17,1.2,3.23,1.2
00-0017200,Kurt Warner,QB,ARI,2008,17,30,19,10.544,1,-0.633,0,0,0,0.0,0.0,0.0,19,21,22.5,14.68,24.52
00-0017915,Ricky Williams,RB,MIA,2008,1,0,0,0.0,0,,10,0,4,0.0,,0.0,17,24,7.9,9.78,7.9
00-0017915,Ricky Williams,RB,MIA,2008,2,0,0,0.0,0,,11,0,1,0.0,,0.0,24,26,3.9,5.87,3.9
00-0017915,Ricky Williams,RB,MIA,2008,3,0,0,0.0,0,,16,0,2,0.0,,0.0,36,39,13.9,9.71,13.9
00-0017915,Ricky Williams,RB,MIA,2008,5,0,0,0.0,0,,13,0,1,0.0,,0.0,40,39,4.9,7.22,4.9
00-0017915,Ricky Williams,RB,MIA,2008,6,0,0,0.0,0,,11,0,2,0.0,,0.0,24,33,13.0,9.33,13.0
00-0017915,Ricky Williams,RB,MIA,2008,7,0,0,0.0,0,,4,0,0,0.0,,0.0,22,24,1.6,1.85,1.6
00-0017915,Ricky Williams,RB,MIA,2008,8,0,0,0.0,0,,7,0,2,0.0,,0.0,27,24,11.9,9.19,11.9
00-0017915,Ricky Williams,RB,MIA,2008,9,0,0,0.0,0,,6,0,1,0.0,,0.0,29,31,4.9,4.35,4.9
00-0017915,Ricky Williams,RB,MIA,2008,10,0,0,0.0,0,,12,0,2,0.0,,0.0,27,30,20.6,8.6,20.6
00-0017915,Ricky Williams,RB,MIA,2008,11,0,0,0.0,0,,13,0,2,0.0,,0.0,35,38,7.5,9.38,7.5
00-0017915,Ricky Williams,RB,MIA,2008,12,0,0,0.0,0,,6,0,2,0.0,,0.0,19,21,12.0,7.25,12.0
00-0017915,Ricky Williams,RB,MIA,2008,13,0,0,0.0,0,,12,0,0,0.0,,0.0,35,29,5.4,6.32,5.4
00-0017915,Ricky Williams,RB,MIA,2008,14,0,0,0.0,0,,11,0,2,0.0,,0.0,34,31,6.2,9.18,6.2
00-0017915,Ricky Williams,RB,MIA,2008,15,0,0,0.0,0,,7,0,1,0.0,,0.0,22,19,4.4,4.66,4.4
00-0017915,Ricky Williams,RB,MIA,2008,16,0,0,0.0,0,,12,0,6,0.0,,0.0,30,34,18.4,18.23,18.4
00-0017915,Ricky Williams,RB,MIA,2008,17,0,0,0.0,0,,10,0,1,0.0,,0.0,29,28,6.3,7.5,6.3
00-0018958,Laveranues Coles,WR,NYJ,2008,6,0,0,0.0,0,,1,0,8,0.0,,0.0,27,31,14.4,12.26,14.4
00-0018958,Laveranues Coles,WR,NYJ,2008,8,0,0,0.0,0,,1,0,7,0.0,,0.0,24,26,20.0,12.17,20.0
00-0019242,Dane Looker,WR,LA,2008,14,1,0,-0.588,0,-27.928,0,0,2,0.0,,0.0,25,29,4.7,3.97,4.7
00-0019242,Dane Looker,WR,LA,2008,15,1,1,1.145,0,37.431,0,0,1,0.0,,0.0,31,32,2.3,1.97,2.34
00-0019242,Dane Looker,WR,LA,2008,16,1,1,0.163,0,24.248,0,0,0,0.0,0.0,0.0,39,44,0.2,0.35,0.24
00-0019484,Sammy Morris,RB,NE,2008,1,0,0,0.0,0,,10,0,5,0.0,,0.0,28,27,19.7,12.87,19.7
00-0019484,Sammy Morris,RB,NE,2008,2,0,0,0.0,0,,8,0,2,0.0,,0.0,33,36,8.7,8.66,8.7
00-0019484,Sammy Morris,RB,NE,2008,3,0,0,0.0,0,,9,0,1,0.0,,0.0,20,19,3.7,5.55,3.7
00-0019484,Sammy Morris,RB,NE,2008,5,0,0,0.0,0,,16,0,0,0.0,0.0,0.0,43,42,6.3,10.46,6.3
00-0019484,Sammy Morris,RB,NE,2008,6,0,0,0.0,0,,10,0,4,0.0,,0.0,26,26,17.5,15.88,17.5
00-0019484,Sammy Morris,RB,NE,2008,7,0,0,0.0,0,,16,0,0,0.0,,0.0,38,36,19.8,8.39,19.8
00-0019484,Sammy Morris,RB,NE,2008,11,0,0,0.0,0,,5,0,0,0.0,,0.0,25,19,1.4,2.19,1.4
00-0019484,Sammy Morris,RB,NE,2008,12,0,0,0.0,0,,8,0,2,0.0,,0.0,25,31,4.9,7.2,4.9
00-0019484,Sammy Morris,RB,NE,2008,13,0,0,0.0,0,,10,0,1,0.0,0.0,0.0,20,27,12.7,8.66,12.7
00-0019484,Sammy Morris,RB,NE,2008,14,0,0,0.0,0,,11,0,0,0.0,,0.0,25,23,9.6,8.98,9.6
00-0019484,Sammy Morris,RB,NE,2008,15,0,0,0.0,0,,14,0,0,0.0,,0.0,39,38,17.7,7.0,17.7
00-0019484,Sammy Morris,RB,NE,2008,16,0,0,0.0,0,,15,0,2,0.0,,0.0,42,41,15.3,11.39,15.3
00-0019484,Sammy Morris,RB,NE,2008,17,0,0,0.0,0,,24,0,0,0.0,,0.0,47,45,8.5,13.09,8.5
00-0019539,Dante Hall,WR,LA,2008,1,0,0,0.0,0,,1,0,3,0.0,,0.0,15,17,3.9,4.66,3.9
00-0019539,Dante Hall,WR,LA,2008,2,0,0,0.0,0,,1,0,2,0.0,,0.0,16,22,3.3,3.24,3.3
00-0019539,Dante Hall,WR,LA,2008,4,1,0,-0.731,0,-66.957,2,0,0,0.0,,0.0,29,31,1.3,1.7,1.3
00-0019559,Chad Pennington,QB,MIA,2008,1,43,26,-1.401,4,4.11,0,0,0,0.0,,0.0,17,24,16.0,20.19,16.04
00-0019559,Chad Pennington,QB,MIA,2008,2,20,10,-2.479,2,-8.05,1,0,0,0.0,,0.0,24,26,5.1,6.99,5.08
00-0019559,Chad Pennington,QB,MIA,2008,3,20,17,15.496,0,20.238,0,0,0,0.0,,0.0,36,39,9.0,6.42,9.04
00-0019559,Chad Pennington,QB,MIA,2008,5,29,22,6.819,1,12.197,3,0,0,0.0,,0.0,40,39,13.4,12.81,13.42
00-0019559,Chad Pennington,QB,MIA,2008,6,25,19,9.661,2,9.807,0,0,0,0.0,,0.0,24,33,17.4,7.03,17.48
00-0019559,Chad Pennington,QB,MIA,2008,7,35,24,-1.159,1,6.877,4,0,0,0.0,,0.0,22,24,16.3,16.1,16.3
00-0019559,Chad Pennington,QB,MIA,2008,8,30,22,12.165,1,8.477,4,0,0,0.0,,0.0,27,24,16.1,12.5,16.06
00-0019559,Chad Pennington,QB,MIA,2008,9,40,23,5.82,2,-4.329,2,0,0,0.0,,0.0,29,31,9.1,17.17,9.14
00-0019559,Chad Pennington,QB,MIA,2008,10,36,22,-1.226,2,-2.785,2,0,0,0.0,,0.0,27,30,10.5,12.94,10.46
00-0019559,Chad Pennington,QB,MIA,2008,11,22,16,3.461,3,5.451,1,0,0,0.0,,0.0,35,38,7.7,7.71,7.66
00-0019559,Chad Pennington,QB,MIA,2008,12,41,24,10.558,2,-1.014,2,0,0,0.0,,0.0,19,21,29.9,18.37,29.94
00-0019559,Chad Pennington,QB,MIA,2008,13,23,13,4.58,0,4.478,3,0,0,0.0,,0.0,35,29,8.1,13.37,8.14
00-0019559,Chad Pennington,QB,MIA,2008,14,29,23,7.188,1,10.999,3,0,0,0.0,,0.0,34,31,11.2,12.4,11.24
00-0019559,Chad Pennington,QB,MIA,2008,15,19,12,6.215,1,-1.116,3,0,0,0.0,,0.0,22,19,14.6,7.88,14.64
00-0019559,Chad Pennington,QB,MIA,2008,16,34,26,13.612,0,9.77,2,0,0,0.0,,0.0,30,34,19.2,14.17,19.2
00-0019559,Chad Pennington,QB,MIA,2008,17,30,22,0.71,1,11.649,1,0,0,0.0,,0.0,29,28,14.2,11.1,16.2
00-0019596,Tom Brady,QB,NE,2008,1,11,7,0.037,0,-1.145,0,0,0,0.0,,0.0,28,27,3.0,3.3,3.04
00-0019599,Marc Bulger,QB,LA,2008,1,26,14,-7.116,4,-14.988,0,0,0,0.0,,0.0,15,17,6.3,6.54,6.32
00-0019599,Marc Bulger,QB,LA,2008,2,32,20,-14.22,6,-4.35,1,0,0,0.0,,0.0,16,22,10.0,10.4,9.98
00-0019599,Marc Bulger,QB,LA,2008,3,31,18,-2.82,1,0.463,0,0,0,0.0,,0.0,24,31,7.4,10.01,9.36
00-0019599,Marc Bulger,QB,LA,2008,6,26,15,-2.541,2,-2.461,1,0,0,0.0,,0.0,26,28,5.3,8.38,5.34
00-0019599,Marc Bulger,QB,LA,2008,7,19,14,0.928,5,11.249,4,0,0,0.0,,0.0,35,34,10.7,7.9,10.72
00-0019599,Marc Bulger,QB,LA,2008,8,34,18,3.127,4,-3.812,0,0,0,0.0,,0.0,26,26,14.0,11.37,14.04
00-0019599,Marc Bulger,QB,LA,2008,9,33,16,-14.963,2,-14.26,3,0,0,0.0,,0.0,20,21,12.6,17.32,14.64
00-0019599,Marc Bulger,QB,LA,2008,10,13,6,-15.86,2,-18.242,0,0,0,0.0,,0.0,21,22,-1.4,2.99,0.6
00-0019599,Marc Bulger,QB,LA,2008,11,53,34,-8.623,3,1.264,2,0,0,0.0,,0.0,23,32,10.3,23.04,10.3
00-0019599,Marc Bulger,QB,LA,2008,12,2,2,-0.951,1,35.505,0,0,0,0.0,,0.0,19,22,0.4,0.56,0.44
00-0019599,Marc Bulger,QB,LA,2008,13,35,16,-11.943,0,-16.57,0,0,0,0.0,,0.0,30,31,-0.0,14.57,-0.04
00-0019599,Marc Bulger,QB,LA,2008,14,37,22,-6.091,1,-4.927,2,0,0,0.0,,0.0,25,29,10.6,13.15,10.62
00-0019599,Marc Bulger,QB,LA,2008,15,32,19,9.08,1,-3.27,0,0,1,0.0,,0.0,31,32,14.4,16.51,14.38
00-0019599,Marc Bulger,QB,LA,2008,16,36,19,-6.36,3,-11.292,1,0,1,0.0,0.0,0.0,39,44,13.0,16.22,12.98
00-0019599,Marc Bulger,QB,LA,2008,17,32,19,-2.722,3,-5.946,0,0,0,0.0,,0.0,37,42,13.2,11.29,13.2
00-0019641,Thomas Jones,RB,NYJ,2008,1,0,0,0.0,0,,22,0,3,0.0,,0.0,31,33,19.3,14.31,19.3
00-0019641,Thomas Jones,RB,NYJ,2008,2,0,0,0.0,0,,17,0,2,0.0,,0.0,21,25,9.5,16.81,9.5
00-0019641,Thomas Jones,RB,NYJ,2008,3,0,0,0.0,0,,10,0,2,0.0,,0.0,13,15,5.4,7.9,5.4
00-0019641,Thomas Jones,RB,NYJ,2008,4,0,0,0.0,0,,18,0,2,0.0,,0.0,26,31,8.9,13.15,8.9
00-0019641,Thomas Jones,RB,NYJ,2008,6,0,0,0.0,0,,17,0,3,0.0,,0.0,27,31,28.8,19.32,28.8
00-0019641,Thomas Jones,RB,NYJ,2008,7,0,0,0.0,0,,24,0,1,0.0,,0.0,33,31,16.9,14.55,16.9
00-0019641,Thomas Jones,RB,NYJ,2008,8,0,0,0.0,0,,14,0,1,0.0,,0.0,24,26,13.0,13.01,13.0
00-0019641,Thomas Jones,RB,NYJ,2008,9,0,0,0.0,0,,12,0,6,0.0,,0.0,25,27,22.7,14.17,22.7
00-0019641,Thomas Jones,RB,NYJ,2008,10,0,0,0.0,0,,26,0,0,0.0,,0.0,43,42,32.9,16.65,32.9
00-0019641,Thomas Jones,RB,NYJ,2008,11,0,0,0.0,0,,30,0,2,0.0,,0.0,39,39,19.9,22.04,19.9
00-0019641,Thomas Jones,RB,NYJ,2008,12,0,0,0.0,0,,27,0,3,0.0,,0.0,39,39,20.7,20.01,20.7
00-0019641,Thomas Jones,RB,NYJ,2008,13,0,0,0.0,0,,16,0,2,0.0,,0.0,19,23,29.9,10.13,29.9
00-0019641,Thomas Jones,RB,NYJ,2008,14,0,0,0.0,0,,10,0,3,0.0,,0.0,12,20,15.8,9.14,15.8
00-0019641,Thomas Jones,RB,NYJ,2008,15,0,0,0.0,0,,20,0,2,0.0,0.0,0.0,24,24,16.2,14.45,16.2
00-0019641,Thomas Jones,RB,NYJ,2008,16,0,0,0.0,0,,17,0,3,0.0,,0.0,25,23,12.6,11.28,12.6
00-0019641,Thomas Jones,RB,NYJ,2008,17,0,0,0.0,0,,10,0,1,0.0,0.0,0.0,21,27,3.4,7.19,3.4
00-0019647,Shaun Alexander,RB,WAS,2008,7,0,0,0.0,0,,3,0,0,0.0,,0.0,36,35,0.8,1.46,0.8
00-0019647,Shaun Alexander,RB,WAS,2008,8,0,0,0.0,0,,6,0,1,0.0,,0.0,33,32,3.0,4.56,3.0
00-0019647,Shaun Alexander,RB,WAS,2008,9,0,0,0.0,0,,1,0,0,0.0,,0.0,15,21,0.4,0.46,0.4
00-0019647,Shaun Alexander,RB,WAS,2008,11,0,0,0.0,0,,1,0,0,0.0,,0.0,18,21,0.1,0.43,0.1
00-0019650,Dennis Northcutt,WR,JAX,2008,15,0,0,0.0,0,,1,0,5,0.0,,0.0,19,17,24.6,10.01,24.6
00-0019693,Jamal Lewis,RB,CLE,2008,1,0,0,0.0,0,,13,0,1,0.0,,0.0,18,15,8.6,10.9,8.6
00-0019693,Jamal Lewis,RB,CLE,2008,2,0,0,0.0,0,,19,0,3,0.0,,0.0,25,25,9.6,13.65,9.6
00-0019693,Jamal Lewis,RB,CLE,2008,3,0,0,0.0,0,,12,0,3,0.0,,0.0,15,17,10.7,8.88,10.7
00-0019693,Jamal Lewis,RB,CLE,2008,4,0,0,0.0,0,,25,0,2,0.0,,0.0,40,38,17.4,16.5,17.4
00-0019693,Jamal Lewis,RB,CLE,2008,6,0,0,0.0,0,,21,0,1,0.0,,0.0,30,28,16.2,12.78,16.2
00-0019693,Jamal Lewis,RB,CLE,2008,7,0,0,0.0,0,,19,0,1,0.0,,0.0,28,25,10.8,19.38,10.8
00-0019693,Jamal Lewis,RB,CLE,2008,8,0,0,0.0,0,,20,0,1,0.0,0.0,0.0,24,25,15.8,18.78,15.8
00-0019693,Jamal Lewis,RB,CLE,2008,9,0,0,0.0,0,,19,0,1,0.0,,0.0,23,25,7.2,10.09,7.2
00-0019693,Jamal Lewis,RB,CLE,2008,10,0,0,0.0,0,,19,0,2,0.0,,0.0,29,29,16.4,20.77,16.4
00-0019693,Jamal Lewis,RB,CLE,2008,11,0,0,0.0,0,,18,0,0,0.0,,0.0,27,23,6.5,7.75,6.5
00-0019693,Jamal Lewis,RB,CLE,2008,12,0,0,0.0,0,,10,0,2,0.0,,0.0,20,20,6.8,7.78,6.8
00-0019693,Jamal Lewis,RB,CLE,2008,13,0,0,0.0,0,,24,0,1,0.0,,0.0,32,32,9.4,12.04,9.4
00-0019693,Jamal Lewis,RB,CLE,2008,14,0,0,0.0,0,,7,0,2,0.0,,0.0,19,20,3.0,5.44,3.0
00-0019693,Jamal Lewis,RB,CLE,2008,15,0,0,0.0,0,,14,0,3,0.0,0.0,0.0,20,17,7.6,9.76,7.6
00-0019693,Jamal Lewis,RB,CLE,2008,16,0,0,0.0,0,,16,0,0,0.0,,0.0,29,30,7.6,7.05,7.6
00-0019693,Jamal Lewis,RB,CLE,2008,17,0,0,0.0,0,,23,0,0,0.0,,0.0,29,28,9.4,11.01,9.4
00-0019794,Aveion Cason,RB,DET,2008,13,0,0,0.0,0,,2,0,0,0.0,,0.0,14,15,0.1,1.06,0.1
00-0019794,Aveion Cason,RB,DET,2008,14,0,0,0.0,0,,1,0,0,0.0,,0.0,27,27,0.4,1.16,0.4
00-0019794,Aveion Cason,RB,DET,2008,16,0,0,0.0,0,,1,0,0,0.0,,0.0,27,25,0.2,0.58,0.2
00-0019808,Kenny Watson,RB,CIN,2008,1,0,0,0.0,0,,2,0,2,0.0,,0.0,23,23,3.6,3.96,3.6
00-0019808,Kenny Watson,RB,CIN,2008,2,0,0,0.0,0,,4,0,0,0.0,,0.0,28,32,1.4,1.83,1.4
00-0019808,Kenny Watson,RB,CIN,2008,3,0,0,0.0,0,,1,0,0,0.0,,0.0,27,25,0.5,0.63,0.5
00-0019808,Kenny Watson,RB,CIN,2008,7,0,0,0.0,0,,4,0,1,0.0,,0.0,22,20,2.8,3.27,2.8
00-0019808,Kenny Watson,RB,CIN,2008,8,0,0,0.0,0,,1,0,0,0.0,,0.0,22,16,0.5,0.41,0.5
00-0019808,Kenny Watson,RB,CIN,2008,9,0,0,0.0,0,,1,0,0,0.0,,0.0,29,27,0.1,0.53,0.1
00-0019808,Kenny Watson,RB,CIN,2008,11,0,0,0.0,0,,1,0,0,0.0,,0.0,30,32,0.0,0.64,0.0
00-0019831,Nick Goings,RB,CAR,2008,2,0,0,0.0,0,,1,0,0,0.0,,0.0,31,27,-0.2,0.72,-0.2
00-0019831,Nick Goings,RB,CAR,2008,3,0,0,0.0,0,,1,0,1,0.0,,0.0,20,21,1.4,1.86,1.4
00-0019831,Nick Goings,RB,CAR,2008,5,0,0,0.0,0,,7,0,0,0.0,,0.0,48,48,1.0,3.14,1.0
00-0019863,Dominic Rhodes,RB,IND,2008,1,0,0,0.0,0,,2,0,4,0.0,,0.0,15,20,7.2,6.72,7.2
00-0019863,Dominic Rhodes,RB,IND,2008,2,0,0,0.0,0,,2,0,2,0.0,,0.0,19,21,5.3,5.83,5.3
00-0019863,Dominic Rhodes,RB,IND,2008,3,0,0,0.0,0,,2,0,0,0.0,,0.0,19,19,2.4,0.98,2.4
00-0019863,Dominic Rhodes,RB,IND,2008,5,0,0,0.0,0,,1,0,1,0.0,,0.0,22,20,0.6,2.55,0.6
00-0019863,Dominic Rhodes,RB,IND,2008,6,0,0,0.0,0,,25,0,0,0.0,,0.0,30,29,13.3,15.8,13.3
00-0019863,Dominic Rhodes,RB,IND,2008,7,0,0,0.0,0,,20,0,4,0.0,,0.0,23,26,27.4,21.66,27.4
00-0019863,Dominic Rhodes,RB,IND,2008,8,0,0,0.0,0,,17,0,8,0.0,,0.0,22,31,18.9,21.25,18.9
00-0019863,Dominic Rhodes,RB,IND,2008,9,0,0,0.0,0,,4,0,1,0.0,,0.0,21,24,3.2,3.21,3.2
00-0019863,Dominic Rhodes,RB,IND,2008,10,0,0,0.0,0,,7,0,2,0.0,,0.0,19,23,13.2,6.43,13.2
00-0019863,Dominic Rhodes,RB,IND,2008,11,0,0,0.0,0,,10,0,3,0.0,,0.0,34,39,10.4,8.44,10.4
00-0019863,Dominic Rhodes,RB,IND,2008,12,0,0,0.0,0,,7,0,5,0.0,,0.0,23,35,15.2,19.94,15.2
00-0019863,Dominic Rhodes,RB,IND,2008,13,0,0,0.0,0,,11,0,2,0.0,,0.0,29,29,6.1,7.95,6.1
00-0019863,Dominic Rhodes,RB,IND,2008,14,0,0,0.0,0,,10,0,3,0.0,,0.0,20,25,13.3,9.63,13.3
00-0019863,Dominic Rhodes,RB,IND,2008,15,0,0,0.0,0,,20,0,4,0.0,,0.0,29,32,27.6,22.06,27.6
00-0019863,Dominic Rhodes,RB,IND,2008,16,0,0,0.0,0,,14,0,6,0.0,,0.0,18,22,20.9,17.15,20.9
00-0019997,Antonio Chatman,WR,CIN,2008,3,0,0,0.0,0,,1,0,6,0.0,,0.0,27,25,13.2,9.23,13.2
00-0019997,Antonio Chatman,WR,CIN,2008,9,0,0,0.0,0,,1,0,1,0.0,,0.0,29,27,1.4,1.81,1.4
00-0020270,Correll Buckhalter,RB,PHI,2008,1,0,0,0.0,0,,2,0,0,0.0,,0.0,32,31,0.5,1.19,0.5
00-0020270,Correll Buckhalter,RB,PHI,2008,3,0,0,0.0,0,,10,0,6,0.0,,0.0,23,30,20.7,13.64,20.7
00-0020270,Correll Buckhalter,RB,PHI,2008,4,0,0,0.0,0,,16,0,2,0.0,,0.0,23,24,17.0,17.54,17.0
00-0020270,Correll Buckhalter,RB,PHI,2008,5,0,0,0.0,0,,2,0,0,0.0,,0.0,18,22,0.0,2.56,0.0
00-0020270,Correll Buckhalter,RB,PHI,2008,6,0,0,0.0,0,,18,1,7,-4,1.0,-0.0163,21,26,30.8,30.86,30.8
00-0020270,Correll Buckhalter,RB,PHI,2008,8,0,0,0.0,0,,4,0,2,0.0,,0.0,32,34,4.9,5.18,4.9
00-0020270,Correll Buckhalter,RB,PHI,2008,9,0,0,0.0,0,,2,0,1,0.0,,0.0,28,32,1.8,2.05,1.8
00-0020270,Correll Buckhalter,RB,PHI,2008,10,0,0,0.0,0,,2,0,0,0.0,,0.0,21,18,2.1,1.02,2.1
00-0020270,Correll Buckhalter,RB,PHI,2008,11,0,0,0.0,0,,1,0,1,0.0,,0.0,18,19,5.7,1.76,5.7
00-0020270,Correll Buckhalter,RB,PHI,2008,12,0,0,0.0,0,,2,0,0,0.0,,0.0,21,18,1.6,0.83,1.6
00-0020270,Correll Buckhalter,RB,PHI,2008,15,0,0,0.0,0,,6,0,0,0.0,,0.0,33,34,5.5,3.12,5.5
00-0020270,Correll Buckhalter,RB,PHI,2008,16,0,0,0.0,0,,1,0,2,0.0,,0.0,16,21,4.0,3.05,4.0
00-0020270,Correll Buckhalter,RB,PHI,2008,17,0,0,0.0,0,,10,0,3,0.0,,0.0,36,36,21.2,11.04,21.2
00-0020337,Steve Smith,WR,CAR,2008,8,0,0,0.0,0,,1,0,5,0.0,,0.0,29,28,28.1,15.32,28.1
00-0020337,Steve Smith,WR,CAR,2008,11,0,0,0.0,0,,1,0,6,0.0,,0.0,32,30,11.5,9.66,11.5
00-0020337,Steve Smith,WR,CAR,2008,15,0,0,0.0,0,,1,0,9,0.0,,0.0,30,31,32.4,16.54,32.4
00-0020337,Steve Smith,WR,CAR,2008,16,0,0,0.0,0,,2,0,3,0.0,,0.0,35,35,9.8,7.83,9.8
00-0020381,Justin McCareins,WR,TEN,2008,15,0,0,0.0,0,,1,1,3,17,1.0,0.0372,24,23,5.0,24.01,5.0
00-0020405,Marques Tuiasosopo,QB,LV,2008,10,2,1,-4.141,2,-25.724,1,0,0,0.0,,0.0,36,36,1.3,0.99,1.26
00-0020407,Rudi Johnson,RB,DET,2008,1,0,0,0.0,0,,3,0,0,0.0,,0.0,21,23,1.4,1.98,1.4
00-0020407,Rudi Johnson,RB,DET,2008,2,0,0,0.0,0,,1,0,0,0.0,,0.0,12,15,0.2,0.49,0.2
00-0020407,Rudi Johnson,RB,DET,2008,3,0,0,0.0,0,,14,0,3,0.0,,0.0,20,20,22.1,10.52,22.1
00-0020407,Rudi Johnson,RB,DET,2008,5,0,0,0.0,0,,5,0,3,0.0,,0.0,13,20,6.2,6.62,6.2
00-0020407,Rudi Johnson,RB,DET,2008,6,0,0,0.0,0,,17,0,1,0.0,,0.0,24,25,5.2,8.65,5.2
00-0020407,Rudi Johnson,RB,DET,2008,7,0,0,0.0,0,,6,0,0,0.0,,0.0,19,17,0.8,2.69,0.8
00-0020407,Rudi Johnson,RB,DET,2008,8,0,0,0.0,0,,8,0,1,0.0,,0.0,15,20,10.1,5.27,10.1
00-0020407,Rudi Johnson,RB,DET,2008,9,0,0,0.0,0,,8,0,2,0.0,,0.0,26,26,5.2,6.62,5.2
00-0020407,Rudi Johnson,RB,DET,2008,10,0,0,0.0,0,,2,0,0,0.0,,0.0,27,26,0.4,0.9,0.4
00-0020407,Rudi Johnson,RB,DET,2008,11,0,0,0.0,0,,5,0,1,0.0,,0.0,34,32,2.0,3.32,2.0
00-0020407,Rudi Johnson,RB,DET,2008,12,0,0,0.0,0,,4,0,0,0.0,,0.0,22,22,1.6,1.88,1.6
00-0020407,Rudi Johnson,RB,DET,2008,14,0,0,0.0,0,,1,0,1,0.0,,0.0,27,27,1.1,1.98,1.1
00-0020407,Rudi Johnson,RB,DET,2008,15,0,0,0.0,0,,2,0,0,0.0,,0.0,22,28,0.2,1.9,0.2
00-0020438,T.J. Houshmandzadeh,WR,CIN,2008,8,0,0,0.0,0,,1,0,8,0.0,,0.0,22,16,14.3,11.98,14.3
00-0020446,Chris Chambers,WR,LAC,2008,5,0,0,0.0,0,,1,0,3,0.0,,0.0,19,24,12.1,8.65,12.1
00-0020448,Travis Minor,RB,LA,2008,3,0,0,0.0,0,,1,0,2,0.0,,0.0,24,31,3.9,4.37,3.9
00-0020448,Travis Minor,RB,LA,2008,6,0,0,0.0,0,,2,0,1,0.0,,0.0,26,28,1.1,2.36,1.1
00-0020448,Travis Minor,RB,LA,2008,7,0,0,0.0,0,,5,0,2,0.0,,0.0,35,34,5.2,5.39,5.2
00-0020448,Travis Minor,RB,LA,2008,8,0,0,0.0,0,,4,0,0,0.0,,0.0,26,26,0.8,2.32,0.8
00-0020448,Travis Minor,RB,LA,2008,17,0,0,0.0,0,,1,0,0,0.0,,0.0,37,42,0.4,0.38,0.4
00-0020462,LaMont Jordan,RB,NE,2008,1,0,0,0.0,0,,2,0,0,0.0,,0.0,28,27,0.6,0.91,0.6
00-0020462,LaMont Jordan,RB,NE,2008,2,0,0,0.0,0,,11,0,0,0.0,,0.0,33,36,6.2,5.17,6.2
00-0020462,LaMont Jordan,RB,NE,2008,3,0,0,0.0,0,,6,0,0,0.0,,0.0,20,19,2.2,2.8,2.2
00-0020462,LaMont Jordan,RB,NE,2008,5,0,0,0.0,0,,5,0,0,0.0,0.0,0.0,43,42,1.6,1.94,1.6
00-0020462,LaMont Jordan,RB,NE,2008,14,0,0,0.0,0,,4,0,0,0.0,,0.0,25,23,1.8,1.9,1.8
00-0020462,LaMont Jordan,RB,NE,2008,15,0,0,0.0,0,,12,0,0,0.0,,0.0,39,38,15.7,6.15,15.7
00-0020462,LaMont Jordan,RB,NE,2008,16,0,0,0.0,0,,20,0,0,0.0,,0.0,42,41,19.8,18.38,19.8
00-0020462,LaMont Jordan,RB,NE,2008,17,0,0,0.0,0,,20,0,0,0.0,,0.0,47,45,12.4,11.21,12.4
00-0020480,Sage Rosenfels,QB,HOU,2008,5,33,21,2.073,2,-1.174,4,0,0,0.0,,0.0,32,29,9.4,19.9,11.44
00-0020480,Sage Rosenfels,QB,HOU,2008,9,29,21,7.146,2,3.348,0,0,0,0.0,,0.0,16,24,15.0,13.72,14.96
00-0020480,Sage Rosenfels,QB,HOU,2008,10,38,23,-17.153,2,-2.889,1,0,0,0.0,,0.0,16,19,9.3,17.2,9.26
00-0020480,Sage Rosenfels,QB,HOU,2008,11,18,13,6.538,2,6.017,2,0,0,0.0,,0.0,25,24,6.1,9.98,6.08
00-0020480,Sage Rosenfels,QB,HOU,2008,12,32,24,6.903,1,14.106,2,0,0,0.0,,0.0,36,35,11.0,12.61,11.0
00-0020480,Sage Rosenfels,QB,HOU,2008,13,24,14,0.757,0,-5.082,2,0,0,0.0,,0.0,26,25,10.2,12.67,10.2
00-0020490,Koren Robinson,WR,SEA,2008,9,0,0,0.0,0,,1,0,4,0.0,,0.0,22,21,20.1,6.33,20.1
00-0020494,Santana Moss,WR,WAS,2008,2,0,0,0.0,0,,1,0,7,0.0,,0.0,31,31,32.1,11.41,32.1
00-0020514,Michael Bennett,RB,TB,2008,6,0,0,0.0,0,,5,0,0,0.0,,0.0,37,37,1.1,1.94,1.1
00-0020514,Michael Bennett,RB,TB,2008,9,0,0,0.0,0,,2,0,0,0.0,,0.0,25,31,0.1,2.77,0.1
00-0020516,Todd Heap,TE,BAL,2008,12,0,0,0.0,0,,0,1,2,-7,1.0,-0.0437,40,18,4.6,7.64,4.6
00-0020527,Deuce McAllister,RB,NO,2008,2,0,0,0.0,0,,2,0,0,0.0,,0.0,19,27,1.0,0.87,1.0
00-0020527,Deuce McAllister,RB,NO,2008,4,0,0,0.0,0,,20,0,1,0.0,,0.0,32,39,15.3,15.78,15.3
00-0020527,Deuce McAllister,RB,NO,2008,5,0,0,0.0,0,,6,0,0,0.0,,0.0,22,26,1.3,2.56,1.3
00-0020527,Deuce McAllister,RB,NO,2008,6,0,0,0.0,0,,13,0,2,0.0,,0.0,33,37,9.2,10.51,9.2
00-0020527,Deuce McAllister,RB,NO,2008,7,0,0,0.0,0,,9,0,1,0.0,,0.0,22,24,6.3,5.52,6.3
00-0020527,Deuce McAllister,RB,NO,2008,8,0,0,0.0,0,,18,0,4,0.0,,0.0,26,32,18.5,16.7,18.5
00-0020527,Deuce McAllister,RB,NO,2008,10,0,0,0.0,0,,5,0,2,0.0,,0.0,17,21,12.1,5.76,12.1
00-0020527,Deuce McAllister,RB,NO,2008,11,0,0,0.0,0,,8,0,0,0.0,,0.0,28,29,7.8,6.65,7.8
00-0020527,Deuce McAllister,RB,NO,2008,12,0,0,0.0,0,,5,0,1,0.0,,0.0,26,30,7.7,6.65,7.7
00-0020527,Deuce McAllister,RB,NO,2008,13,0,0,0.0,0,,3,0,1,0.0,,0.0,18,24,2.6,2.79,2.6
00-0020527,Deuce McAllister,RB,NO,2008,14,0,0,0.0,0,,1,0,0,0.0,,0.0,30,31,0.0,0.88,0.0
00-0020527,Deuce McAllister,RB,NO,2008,16,0,0,0.0,0,,9,0,1,0.0,,0.0,30,31,13.7,10.86,13.7
00-0020527,Deuce McAllister,RB,NO,2008,17,0,0,0.0,0,,8,0,5,0.0,,0.0,11,16,13.1,11.43,13.1
00-0020531,Drew Brees,QB,NO,2008,1,32,23,8.736,1,7.591,3,0,0,0.0,,0.0,27,34,23.5,10.77,23.52
00-0020531,Drew Brees,QB,NO,2008,2,33,22,2.841,2,3.883,1,0,0,0.0,,0.0,19,27,9.5,15.15,9.54
00-0020531,Drew Brees,QB,NO,2008,3,48,39,22.627,1,15.793,1,0,0,0.0,,0.0,25,38,20.8,18.96,20.92
00-0020531,Drew Brees,QB,NO,2008,4,35,23,12.078,0,10.001,1,0,0,0.0,,0.0,32,39,24.4,16.98,24.42
00-0020531,Drew Brees,QB,NO,2008,5,46,26,3.611,1,-8.762,3,0,0,0.0,,0.0,22,26,11.8,20.01,13.8
00-0020531,Drew Brees,QB,NO,2008,6,30,26,15.838,1,18.588,1,0,0,0.0,,0.0,33,37,25.5,19.4,25.5
00-0020531,Drew Brees,QB,NO,2008,7,39,21,-7.218,1,-5.877,0,0,0,0.0,,0.0,22,24,7.2,13.16,7.24
00-0020531,Drew Brees,QB,NO,2008,8,41,30,23.85,0,10.471,1,0,0,0.0,,0.0,26,32,23.0,25.56,22.96
00-0020531,Drew Brees,QB,NO,2008,10,58,31,-4.726,1,-5.58,2,0,0,0.0,,0.0,17,21,19.9,28.09,19.88
00-0020531,Drew Brees,QB,NO,2008,11,36,25,10.604,0,8.034,3,0,0,0.0,,0.0,28,29,12.4,17.08,12.44
00-0020531,Drew Brees,QB,NO,2008,12,26,20,20.222,1,13.15,0,0,0,0.0,,0.0,26,30,28.9,13.43,28.92
00-0020531,Drew Brees,QB,NO,2008,13,47,25,-0.315,1,-6.556,0,0,0,0.0,,0.0,18,24,13.8,15.48,13.84
00-0020531,Drew Brees,QB,NO,2008,14,32,18,8.556,0,-9.396,2,0,0,0.0,,0.0,30,31,17.2,15.93,17.2
00-0020531,Drew Brees,QB,NO,2008,15,43,24,1.369,1,-4.312,1,0,0,0.0,,0.0,32,37,13.4,17.15,13.38
00-0020531,Drew Brees,QB,NO,2008,16,40,30,29.913,0,8.787,3,0,0,0.0,,0.0,30,31,21.7,28.13,21.74
00-0020531,Drew Brees,QB,NO,2008,17,49,30,14.129,2,0.767,0,0,0,0.0,,0.0,11,16,29.4,23.03,29.44
00-0020536,LaDainian Tomlinson,RB,LAC,2008,1,0,0,0.0,0,,21,0,3,0.0,,0.0,27,26,14.2,15.64,14.2
00-0020536,LaDainian Tomlinson,RB,LAC,2008,2,0,0,0.0,0,,10,0,2,0.0,,0.0,18,21,6.0,8.22,6.0
00-0020536,LaDainian Tomlinson,RB,LAC,2008,3,0,0,0.0,0,,26,0,3,0.0,,0.0,35,37,23.7,20.81,23.7
00-0020536,LaDainian Tomlinson,RB,LAC,2008,4,0,0,0.0,0,,20,0,2,0.0,,0.0,30,29,25.5,13.01,25.5
00-0020536,LaDainian Tomlinson,RB,LAC,2008,5,0,0,0.0,0,,12,0,5,0.0,,0.0,19,24,10.7,15.35,10.7
00-0020536,LaDainian Tomlinson,RB,LAC,2008,6,0,0,0.0,0,,20,0,3,0.0,,0.0,28,27,14.8,15.9,14.8
00-0020536,LaDainian Tomlinson,RB,LAC,2008,7,0,0,0.0,0,,14,0,6,0.0,,0.0,17,22,12.7,15.09,12.7
00-0020536,LaDainian Tomlinson,RB,LAC,2008,8,0,0,0.0,0,,19,0,5,0.0,,0.0,22,28,28.0,18.14,28.0
00-0020536,LaDainian Tomlinson,RB,LAC,2008,10,0,0,0.0,0,,22,0,4,0.0,,0.0,26,32,15.7,17.52,14.6
00-0020536,LaDainian Tomlinson,RB,LAC,2008,11,0,0,0.0,0,,18,0,3,0.0,,0.0,22,23,18.7,14.35,18.7
00-0020536,LaDainian Tomlinson,RB,LAC,2008,12,0,0,0.0,0,,21,0,3,0.0,,0.0,25,31,14.4,17.87,14.4
00-0020536,LaDainian Tomlinson,RB,LAC,2008,13,0,0,0.0,0,,14,0,5,0.0,,0.0,19,23,17.6,16.11,17.6
00-0020536,LaDainian Tomlinson,RB,LAC,2008,14,0,0,0.0,0,,25,0,0,0.0,,0.0,46,45,15.1,17.3,15.1
00-0020536,LaDainian Tomlinson,RB,LAC,2008,15,0,0,0.0,0,,15,0,6,0.0,,0.0,19,29,19.4,15.59,19.4
00-0020536,LaDainian Tomlinson,RB,LAC,2008,16,0,0,0.0,0,,21,0,2,0.0,,0.0,26,28,13.0,11.8,13.0
00-0020536,LaDainian Tomlinson,RB,LAC,2008,17,0,0,0.0,0,,14,0,0,0.0,,0.0,42,40,27.6,14.01,27.6
00-0020565,Cleo Lemon,QB,JAX,2008,10,2,0,-2.735,0,-57.319,2,0,0,0.0,,0.0,33,32,-0.3,0.35,-0.3
00-0020608,David Carr,QB,NYG,2008,2,0,0,0.0,0,,3,0,0,0.0,,0.0,31,31,-0.3,-0.3,-0.3
00-0020608,David Carr,QB,NYG,2008,5,1,1,1.807,0,61.226,2,0,0,0.0,,0.0,36,36,4.0,1.84,4.0
00-0020608,David Carr,QB,NYG,2008,17,11,8,6.826,1,17.346,3,0,0,0.0,,0.0,30,30,9.9,10.29,9.9
00-0020613,Quinn Gray,QB,KC,2008,12,8,7,6.091,0,22.12,1,0,0,0.0,,0.0,13,14,9.7,3.76,9.74
00-0020679,Shaun Hill,QB,SF,2008,8,23,15,0.491,2,5.805,2,0,0,0.0,,0.0,24,26,12.9,10.54,12.92
00-0020679,Shaun Hill,QB,SF,2008,10,40,19,-0.396,0,-13.011,2,0,0,0.0,,0.0,28,24,11.9,16.46,11.88
00-0020679,Shaun Hill,QB,SF,2008,11,20,15,11.609,2,13.581,3,0,0,0.0,,0.0,36,32,23.0,20.67,23.02
00-0020679,Shaun Hill,QB,SF,2008,12,33,21,5.555,4,12.633,1,0,0,0.0,,0.0,15,16,18.1,20.17,16.12
00-0020679,Shaun Hill,QB,SF,2008,13,23,14,6.733,3,4.459,4,0,0,0.0,,0.0,29,27,10.4,8.6,10.44
00-0020679,Shaun Hill,QB,SF,2008,14,39,28,9.209,2,8.5,1,0,0,0.0,,0.0,33,34,18.2,24.51,18.2
00-0020679,Shaun Hill,QB,SF,2008,15,46,30,-1.515,5,0.84,3,0,0,0.0,,0.0,27,23,11.0,14.85,11.02
00-0020679,Shaun Hill,QB,SF,2008,16,34,18,-9.068,4,-4.11,4,0,0,0.0,,0.0,17,14,15.1,15.29,15.14
00-0020679,Shaun Hill,QB,SF,2008,17,30,21,3.438,1,11.258,4,0,0,0.0,,0.0,26,24,18.6,15.62,18.6
00-0020805,Jason McKie,RB,CHI,2008,1,0,0,0.0,0,,2,0,0,0.0,,0.0,39,41,6.5,3.12,6.5
00-0020805,Jason McKie,RB,CHI,2008,2,0,0,0.0,0,,3,0,2,0.0,,0.0,29,32,10.0,5.98,10.0
00-0020805,Jason McKie,RB,CHI,2008,4,0,0,0.0,0,,1,0,1,0.0,,0.0,26,29,1.2,1.8,1.2
00-0020805,Jason McKie,RB,CHI,2008,6,0,0,0.0,0,,1,0,0,0.0,,0.0,23,28,0.0,3.5,0.0
00-0020805,Jason McKie,RB,CHI,2008,9,0,0,0.0,0,,2,0,1,0.0,,0.0,30,27,2.7,2.53,2.7
00-0020805,Jason McKie,RB,CHI,2008,10,0,0,0.0,0,,2,0,0,0.0,,0.0,24,30,0.5,1.18,0.5
00-0020820,Jesse Chatman,RB,NYJ,2008,6,0,0,0.0,0,,1,0,1,0.0,,0.0,27,31,1.2,1.99,1.2
00-0020820,Jesse Chatman,RB,NYJ,2008,8,0,0,0.0,0,,4,0,1,0.0,,0.0,24,26,2.1,4.35,2.1
00-0021147,Donte' Stallworth,WR,CLE,2008,11,0,0,0.0,0,,1,0,0,0.0,,0.0,27,23,-0.4,1.76,-0.4
00-0021159,Jerramy Stevens,TE,TB,2008,3,0,0,0.0,0,,0,1,5,0.0,1.0,0.0,17,21,17.1,17.45,17.1
00-0021164,DeShaun Foster,RB,SF,2008,1,0,0,0.0,0,,4,0,1,0.0,,0.0,20,23,3.3,3.21,3.3
00-0021164,DeShaun Foster,RB,SF,2008,3,0,0,0.0,0,,2,0,0,0.0,,0.0,39,33,0.1,2.66,0.1
00-0021164,DeShaun Foster,RB,SF,2008,4,0,0,0.0,0,,1,0,1,0.0,,0.0,19,20,2.1,2.04,2.1
00-0021164,DeShaun Foster,RB,SF,2008,6,0,0,0.0,0,,3,0,0,0.0,,0.0,27,25,0.4,1.78,0.4
00-0021164,DeShaun Foster,RB,SF,2008,8,0,0,0.0,0,,1,0,0,0.0,,0.0,24,26,0.1,0.5,0.1
00-0021164,DeShaun Foster,RB,SF,2008,11,0,0,0.0,0,,10,0,2,0.0,,0.0,36,32,5.7,11.35,5.7
00-0021164,DeShaun Foster,RB,SF,2008,14,0,0,0.0,0,,16,0,1,0.0,,0.0,33,34,5.3,9.61,5.3
00-0021164,DeShaun Foster,RB,SF,2008,15,0,0,0.0,0,,18,0,5,0.0,,0.0,27,23,15.1,14.9,15.1
00-0021164,DeShaun Foster,RB,SF,2008,16,0,0,0.0,0,,12,0,2,0.0,,0.0,17,14,7.3,9.5,7.3
00-0021164,DeShaun Foster,RB,SF,2008,17,0,0,0.0,0,,9,0,3,0.0,,0.0,26,24,15.4,15.51,15.4
00-0021179,Clinton Portis,RB,WAS,2008,1,0,0,0.0,0,,23,0,0,0.0,,0.0,24,25,8.4,10.09,8.4
00-0021179,Clinton Portis,RB,WAS,2008,2,0,0,0.0,0,,21,0,2,0.0,,0.0,31,31,23.9,15.72,23.9
00-0021179,Clinton Portis,RB,WAS,2008,3,0,0,0.0,0,,21,0,2,0.0,,0.0,31,27,16.7,15.17,16.7
00-0021179,Clinton Portis,RB,WAS,2008,4,0,0,0.0,0,,21,0,2,0.0,,0.0,37,34,15.5,13.9,15.5
00-0021179,Clinton Portis,RB,WAS,2008,5,0,0,0.0,0,,29,0,2,0.0,0.0,0.0,44,41,23.8,17.76,23.8
00-0021179,Clinton Portis,RB,WAS,2008,6,0,0,0.0,0,,21,0,1,0.0,,0.0,31,32,27.3,15.2,27.3
00-0021179,Clinton Portis,RB,WAS,2008,7,0,0,0.0,0,,27,0,1,0.0,,0.0,36,35,23.3,17.51,23.3
00-0021179,Clinton Portis,RB,WAS,2008,8,0,0,0.0,0,,24,0,1,0.0,,0.0,33,32,14.2,17.23,14.2
00-0021179,Clinton Portis,RB,WAS,2008,9,0,0,0.0,0,,13,0,7,0.0,,0.0,15,21,19.4,16.17,19.4
00-0021179,Clinton Portis,RB,WAS,2008,11,0,0,0.0,0,,15,0,2,0.0,,0.0,18,21,9.4,10.0,9.4
00-0021179,Clinton Portis,RB,WAS,2008,12,0,0,0.0,0,,29,0,2,0.0,,0.0,41,36,17.9,17.32,17.9
00-0021179,Clinton Portis,RB,WAS,2008,13,0,0,0.0,0,,11,0,1,0.0,,0.0,18,17,4.7,6.13,4.7
00-0021179,Clinton Portis,RB,WAS,2008,14,0,0,0.0,0,,11,0,3,0.0,,0.0,21,23,5.6,8.08,5.6
00-0021179,Clinton Portis,RB,WAS,2008,15,0,0,0.0,0,,25,0,1,0.0,,0.0,32,28,9.3,13.51,9.3
00-0021179,Clinton Portis,RB,WAS,2008,16,0,0,0.0,0,,22,0,1,0.0,,0.0,32,36,15.1,16.42,15.1
00-0021179,Clinton Portis,RB,WAS,2008,17,0,0,0.0,0,,29,0,0,0.0,,0.0,34,32,12.0,14.93,12.0
00-0021182,Maurice Morris,RB,SEA,2008,1,0,0,0.0,0,,6,0,0,0.0,,0.0,21,21,3.1,2.46,3.1
00-0021182,Maurice Morris,RB,SEA,2008,6,0,0,0.0,0,,4,0,2,0.0,,0.0,23,20,4.9,5.06,4.9
00-0021182,Maurice Morris,RB,SEA,2008,7,0,0,0.0,0,,6,0,2,0.0,,0.0,16,17,8.8,5.37,8.8
00-0021182,Maurice Morris,RB,SEA,2008,8,0,0,0.0,0,,11,0,0,0.0,,0.0,28,27,1.6,5.1,1.6
00-0021182,Maurice Morris,RB,SEA,2008,9,0,0,0.0,0,,8,0,0,0.0,,0.0,22,21,4.3,3.83,4.3
00-0021182,Maurice Morris,RB,SEA,2008,10,0,0,0.0,0,,1,0,1,0.0,,0.0,23,21,2.7,2.18,2.7
00-0021182,Maurice Morris,RB,SEA,2008,11,0,0,0.0,0,,3,0,3,0.0,,0.0,22,22,11.9,5.69,11.9
00-0021182,Maurice Morris,RB,SEA,2008,12,0,0,0.0,0,,14,0,3,0.0,,0.0,20,20,20.3,12.44,20.3
00-0021182,Maurice Morris,RB,SEA,2008,13,0,0,0.0,0,,6,0,3,0.0,,0.0,23,23,6.3,7.56,6.3
00-0021182,Maurice Morris,RB,SEA,2008,14,0,0,0.0,0,,14,0,2,0.0,,0.0,26,20,7.8,9.68,7.8
00-0021182,Maurice Morris,RB,SEA,2008,15,0,0,0.0,0,,15,0,0,0.0,,0.0,27,22,8.6,6.66,8.6
00-0021182,Maurice Morris,RB,SEA,2008,16,0,0,0.0,0,,29,0,0,0.0,,0.0,36,30,11.6,12.71,11.6
00-0021182,Maurice Morris,RB,SEA,2008,17,0,0,0.0,0,,15,0,3,0.0,,0.0,28,26,8.1,15.03,8.1
00-0021184,Ladell Betts,RB,WAS,2008,1,0,0,0.0,0,,1,0,1,0.0,,0.0,24,25,2.1,1.87,2.1
00-0021184,Ladell Betts,RB,WAS,2008,2,0,0,0.0,0,,6,0,2,0.0,,0.0,31,31,5.3,6.92,5.3
00-0021184,Ladell Betts,RB,WAS,2008,3,0,0,0.0,0,,4,0,0,0.0,,0.0,31,27,2.3,2.11,2.3
00-0021184,Ladell Betts,RB,WAS,2008,4,0,0,0.0,0,,11,0,0,0.0,,0.0,37,34,3.2,5.83,3.2
00-0021184,Ladell Betts,RB,WAS,2008,5,0,0,0.0,0,,9,0,1,0.0,0.0,0.0,44,41,6.1,6.0,6.1
00-0021184,Ladell Betts,RB,WAS,2008,6,0,0,0.0,0,,7,0,2,0.0,,0.0,31,32,7.0,6.72,7.0
00-0021184,Ladell Betts,RB,WAS,2008,11,0,0,0.0,0,,1,0,2,0.0,,0.0,18,21,4.8,2.93,4.8
00-0021184,Ladell Betts,RB,WAS,2008,12,0,0,0.0,0,,5,0,0,0.0,,0.0,41,36,4.7,4.6,4.7
00-0021184,Ladell Betts,RB,WAS,2008,13,0,0,0.0,0,,1,0,4,0.0,,0.0,18,17,6.5,6.01,6.5
00-0021184,Ladell Betts,RB,WAS,2008,14,0,0,0.0,0,,6,0,3,0.0,,0.0,21,23,9.0,7.38,9.0
00-0021184,Ladell Betts,RB,WAS,2008,15,0,0,0.0,0,,2,0,0,0.0,,0.0,32,28,0.7,0.9,0.7
00-0021184,Ladell Betts,RB,WAS,2008,16,0,0,0.0,0,,7,0,5,0.0,,0.0,32,36,11.6,9.55,11.6
00-0021184,Ladell Betts,RB,WAS,2008,17,0,0,0.0,0,,1,0,2,0.0,,0.0,34,32,3.3,3.42,3.3
00-0021190,Antwaan Randle El,WR,WAS,2008,3,1,1,0.716,0,27.585,0,0,3,0.0,,0.0,31,27,5.7,5.69,5.74
00-0021190,Antwaan Randle El,WR,WAS,2008,4,0,0,0.0,0,,1,0,4,0.0,,0.0,37,34,14.1,8.79,14.1
00-0021190,Antwaan Randle El,WR,WAS,2008,5,1,1,2.502,0,48.155,0,0,3,0.0,0.0,0.0,44,41,11.1,14.61,11.12
00-0021190,Antwaan Randle El,WR,WAS,2008,11,1,0,-0.47,0,-30.627,0,0,1,0.0,,0.0,18,21,3.4,2.43,3.4
00-0021190,Antwaan Randle El,WR,WAS,2008,13,1,1,0.993,0,34.014,0,0,4,0.0,,0.0,18,17,8.4,5.46,8.38
00-0021191,Antonio Bryant,WR,TB,2008,11,0,0,0.0,0,,1,0,5,0.0,,0.0,33,30,11.8,7.99,11.8
00-0021191,Antonio Bryant,WR,TB,2008,13,0,0,0.0,0,,1,0,3,0.0,,0.0,34,26,16.6,6.05,16.6
00-0021206,Josh McCown,QB,CAR,2008,4,0,0,0.0,0,,3,0,0,0.0,,0.0,33,32,-0.2,-0.3,-0.2
00-0021206,Josh McCown,QB,CAR,2008,5,0,0,0.0,0,,1,0,0,0.0,,0.0,48,48,-0.1,-0.1,-0.1
00-0021216,Brian Westbrook,RB,PHI,2008,1,0,0,0.0,0,,19,0,2,0.0,,0.0,32,31,23.2,17.52,23.2
00-0021216,Brian Westbrook,RB,PHI,2008,2,0,0,0.0,0,,18,0,6,0.0,,0.0,23,28,34.3,22.81,34.1
00-0021216,Brian Westbrook,RB,PHI,2008,3,0,0,0.0,0,,5,0,0,0.0,,0.0,23,30,1.2,2.33,1.2
00-0021216,Brian Westbrook,RB,PHI,2008,5,0,0,0.0,0,,12,0,6,0.0,,0.0,18,22,20.4,21.03,20.4
00-0021216,Brian Westbrook,RB,PHI,2008,8,0,0,0.0,0,,22,0,6,0.0,,0.0,32,34,38.9,26.56,38.9
00-0021216,Brian Westbrook,RB,PHI,2008,9,0,0,0.0,0,,20,0,6,0.0,,0.0,28,32,15.6,19.49,15.6
00-0021216,Brian Westbrook,RB,PHI,2008,10,0,0,0.0,0,,13,0,3,0.0,,0.0,21,18,8.9,10.53,8.9
00-0021216,Brian Westbrook,RB,PHI,2008,11,0,0,0.0,0,,14,0,3,0.0,,0.0,18,19,10.1,10.74,10.1
00-0021216,Brian Westbrook,RB,PHI,2008,12,0,0,0.0,0,,14,0,2,0.0,,0.0,21,18,5.4,11.29,5.4
00-0021216,Brian Westbrook,RB,PHI,2008,13,0,0,0.0,0,,22,0,3,0.0,,0.0,40,35,40.0,26.95,40.0
00-0021216,Brian Westbrook,RB,PHI,2008,14,0,0,0.0,0,,33,0,6,0.0,,0.0,41,41,38.3,22.14,38.3
00-0021216,Brian Westbrook,RB,PHI,2008,15,0,0,0.0,0,,16,0,3,0.0,,0.0,33,34,9.7,18.17,9.7
00-0021216,Brian Westbrook,RB,PHI,2008,16,0,0,0.0,0,,12,0,6,0.0,,0.0,16,21,17.6,15.63,17.6
00-0021216,Brian Westbrook,RB,PHI,2008,17,0,0,0.0,0,,13,0,2,0.0,,0.0,36,36,6.2,13.98,6.2
00-0021231,David Garrard,QB,JAX,2008,1,35,23,-9.814,7,5.777,3,0,0,0.0,,0.0,17,19,6.8,14.22,8.8
00-0021231,David Garrard,QB,JAX,2008,2,28,17,-5.894,2,1.096,6,0,0,0.0,,0.0,27,25,7.8,14.42,7.8
00-0021231,David Garrard,QB,JAX,2008,3,22,16,5.22,0,7.671,2,0,0,0.0,,0.0,48,52,5.5,8.59,5.48
00-0021231,David Garrard,QB,JAX,2008,4,32,23,8.448,1,11.241,7,0,0,0.0,,0.0,25,23,23.5,16.61,23.54
00-0021231,David Garrard,QB,JAX,2008,5,32,18,6.941,3,-3.574,4,0,0,0.0,,0.0,19,23,13.2,10.52,13.2
00-0021231,David Garrard,QB,JAX,2008,6,34,25,9.08,2,8.472,8,0,0,0.0,,0.0,34,28,13.7,14.98,15.74
00-0021231,David Garrard,QB,JAX,2008,8,42,25,8.058,3,3.193,7,0,0,0.0,,0.0,29,23,25.2,20.34,25.22
00-0021231,David Garrard,QB,JAX,2008,9,38,23,-6.069,3,6.748,6,0,0,0.0,,0.0,21,18,9.5,22.33,9.58
00-0021231,David Garrard,QB,JAX,2008,10,25,18,20.457,1,12.664,2,0,0,0.0,,0.0,33,32,18.5,17.39,18.52
00-0021231,David Garrard,QB,JAX,2008,11,30,13,-14.818,4,-9.932,3,0,0,0.0,,0.0,32,33,5.0,10.98,5.0
00-0021231,David Garrard,QB,JAX,2008,12,45,27,4.958,4,-2.124,5,0,0,0.0,,0.0,14,19,13.8,19.0,11.78
00-0021231,David Garrard,QB,JAX,2008,13,35,25,-1.796,3,13.336,5,0,1,0.0,,0.0,26,26,12.9,21.79,14.88
00-0021231,David Garrard,QB,JAX,2008,14,38,19,-12.114,3,-8.351,3,0,0,0.0,,0.0,28,33,10.2,10.53,10.22
00-0021231,David Garrard,QB,JAX,2008,15,33,21,4.659,2,2.85,5,0,0,0.0,,0.0,19,17,20.6,12.94,20.62
00-0021231,David Garrard,QB,JAX,2008,16,41,28,4.741,3,7.889,3,0,0,0.0,,0.0,27,31,22.1,18.77,22.06
00-0021231,David Garrard,QB,JAX,2008,17,25,14,-7.463,1,-0.056,4,0,0,0.0,,0.0,27,26,9.1,9.72,9.08
00-0021252,Najeh Davenport,RB,PIT,2008,5,0,0,0.0,0,,1,0,0,0.0,,0.0,26,28,0.3,0.25,0.3
00-0021252,Najeh Davenport,RB,PIT,2008,9,0,0,0.0,0,,1,0,0,0.0,,0.0,29,29,0.2,0.35,0.2
00-0021252,Najeh Davenport,RB,IND,2008,17,0,0,0.0,0,,8,0,4,0.0,,0.0,27,29,12.0,11.4,12.0
00-0021296,J.T. O'Sullivan,QB,SF,2008,1,20,14,-10.215,4,5.247,2,0,0,0.0,,0.0,20,23,1.9,6.45,5.9
00-0021296,J.T. O'Sullivan,QB,SF,2008,2,32,20,6.414,8,6.894,4,0,0,0.0,,0.0,23,24,20.0,17.4,20.04
00-0021296,J.T. O'Sullivan,QB,SF,2008,3,23,16,8.866,1,5.848,8,0,0,0.0,,0.0,39,33,18.8,16.87,18.76
00-0021296,J.T. O'Sullivan,QB,SF,2008,4,36,18,-8.703,6,-8.668,2,0,0,0.0,,0.0,19,20,10.3,20.26,12.28
00-0021296,J.T. O'Sullivan,QB,SF,2008,5,29,14,-10.451,1,0.554,6,0,0,0.0,,0.0,18,16,13.5,17.3,13.5
00-0021296,J.T. O'Sullivan,QB,SF,2008,6,30,17,-15.916,3,-7.991,3,0,0,0.0,,0.0,27,25,5.1,11.43,7.06
00-0021296,J.T. O'Sullivan,QB,SF,2008,7,28,16,-4.394,6,-4.74,4,0,0,0.0,,0.0,16,14,10.9,13.15,10.94
00-0021296,J.T. O'Sullivan,QB,SF,2008,8,21,13,-19.275,3,5.911,0,0,0,0.0,,0.0,24,26,1.2,6.63,3.24
00-0021296,J.T. O'Sullivan,QB,SF,2008,11,1,0,-0.815,0,-23.023,1,0,0,0.0,,0.0,36,32,-0.1,0.12,-0.1
00-0021306,Adrian Peterson,RB,CHI,2008,11,0,0,0.0,0,,1,0,2,0.0,,0.0,20,27,3.7,3.18,3.7
00-0021306,Adrian Peterson,RB,CHI,2008,12,0,0,0.0,0,,5,0,1,0.0,,0.0,32,34,4.4,4.17,4.4
00-0021306,Adrian Peterson,RB,CHI,2008,13,0,0,0.0,0,,1,0,0,0.0,,0.0,26,29,0.5,0.4,0.5
00-0021306,Adrian Peterson,RB,CHI,2008,14,0,0,0.0,0,,3,0,0,0.0,,0.0,26,29,1.9,1.31,1.9
00-0021306,Adrian Peterson,RB,CHI,2008,15,0,0,0.0,0,,5,0,1,0.0,0.0,0.0,20,23,3.3,7.26,3.3
00-0021306,Adrian Peterson,RB,CHI,2008,16,0,0,0.0,0,,2,0,0,0.0,,0.0,26,27,0.2,0.98,0.2
00-0021306,Adrian Peterson,RB,CHI,2008,17,0,0,0.0,0,,3,0,2,0.0,,0.0,18,21,6.5,4.73,6.5
00-0021314,Chester Taylor,RB,MIN,2008,1,0,0,0.0,0,,5,0,3,0.0,,0.0,33,29,7.0,5.36,7.0
00-0021314,Chester Taylor,RB,MIN,2008,2,0,0,0.0,0,,4,1,1,-2,1.0,-0.0101,35,38,2.6,6.21,2.6
00-0021314,Chester Taylor,RB,MIN,2008,3,0,0,0.0,0,,11,0,3,0.0,,0.0,32,31,9.6,10.26,9.6
00-0021314,Chester Taylor,RB,MIN,2008,4,0,0,0.0,0,,1,0,0,0.0,,0.0,20,23,0.0,0.43,0.0
00-0021314,Chester Taylor,RB,MIN,2008,5,1,1,2.588,0,57.058,3,0,2,0.0,,0.0,26,27,8.4,7.76,8.36
00-0021314,Chester Taylor,RB,MIN,2008,6,0,0,0.0,0,,5,0,3,0.0,,0.0,31,34,8.4,6.52,8.4
00-0021314,Chester Taylor,RB,MIN,2008,7,0,0,0.0,0,,10,0,6,0.0,,0.0,32,39,20.2,16.83,20.2
00-0021314,Chester Taylor,RB,MIN,2008,9,0,0,0.0,0,,7,0,3,0.0,,0.0,35,35,9.3,8.18,9.3
00-0021314,Chester Taylor,RB,MIN,2008,10,0,0,0.0,0,,10,0,4,0.0,,0.0,41,47,21.3,10.83,21.3
00-0021314,Chester Taylor,RB,MIN,2008,11,0,0,0.0,0,,5,0,2,0.0,,0.0,26,27,2.6,5.41,2.6
00-0021314,Chester Taylor,RB,MIN,2008,12,0,0,0.0,0,,9,0,2,0.0,,0.0,34,28,11.7,9.26,11.7
00-0021314,Chester Taylor,RB,MIN,2008,13,0,0,0.0,0,,10,0,4,0.0,,0.0,39,44,16.5,14.45,16.5
00-0021314,Chester Taylor,RB,MIN,2008,14,0,0,0.0,0,,6,0,2,0.0,,0.0,32,32,13.3,6.22,13.3
00-0021314,Chester Taylor,RB,MIN,2008,15,0,0,0.0,0,,10,0,4,0.0,,0.0,44,42,18.3,11.87,18.3
00-0021314,Chester Taylor,RB,MIN,2008,16,0,0,0.0,0,,1,0,5,0.0,,0.0,31,30,7.9,7.5,7.9
00-0021314,Chester Taylor,RB,MIN,2008,17,0,0,0.0,0,,4,0,1,0.0,,0.0,27,26,3.9,2.71,3.9
00-0021337,Ronald Curry,WR,LV,2008,12,0,0,0.0,0,,1,0,0,0.0,,0.0,41,39,0.1,0.69,0.1
00-0021357,Rock Cartwright,RB,WAS,2008,6,0,0,0.0,0,,1,0,0,0.0,,0.0,31,32,0.1,0.5,0.1
00-0021357,Rock Cartwright,RB,WAS,2008,7,0,0,0.0,0,,3,0,1,0.0,,0.0,36,35,1.5,3.14,1.5
00-0021357,Rock Cartwright,RB,WAS,2008,16,0,0,0.0,0,,1,0,0,0.0,,0.0,32,36,0.1,0.46,0.1
00-0021376,T.J. Duckett,RB,SEA,2008,2,0,0,0.0,0,,2,0,0,0.0,,0.0,34,31,6.3,3.75,6.3
00-0021376,T.J. Duckett,RB,SEA,2008,3,0,0,0.0,0,,19,0,0,0.0,,0.0,46,42,19.9,15.95,19.9
00-0021376,T.J. Duckett,RB,SEA,2008,5,0,0,0.0,0,,4,0,0,0.0,,0.0,22,22,1.4,1.81,1.4
00-0021376,T.J. Duckett,RB,SEA,2008,6,0,0,0.0,0,,2,0,0,0.0,,0.0,23,20,0.9,0.96,0.9
00-0021376,T.J. Duckett,RB,SEA,2008,7,0,0,0.0,0,,1,0,0,0.0,,0.0,16,17,-0.1,0.39,-0.1
00-0021376,T.J. Duckett,RB,SEA,2008,8,0,0,0.0,0,,8,0,0,0.0,,0.0,28,27,6.1,7.03,6.1
00-0021376,T.J. Duckett,RB,SEA,2008,9,0,0,0.0,0,,2,0,0,0.0,,0.0,22,21,0.4,0.73,0.4
00-0021376,T.J. Duckett,RB,SEA,2008,10,0,0,0.0,0,,1,0,0,0.0,,0.0,23,21,-0.1,2.28,-0.1
00-0021376,T.J. Duckett,RB,SEA,2008,11,0,0,0.0,0,,5,0,0,0.0,,0.0,22,22,12.5,8.33,12.5
00-0021376,T.J. Duckett,RB,SEA,2008,12,0,0,0.0,0,,1,0,0,0.0,,0.0,20,20,0.4,0.29,0.4
00-0021376,T.J. Duckett,RB,SEA,2008,13,0,0,0.0,0,,3,0,0,0.0,,0.0,23,23,2.0,1.23,2.0
00-0021376,T.J. Duckett,RB,SEA,2008,14,0,0,0.0,0,,4,0,0,0.0,,0.0,26,20,1.6,1.62,1.6
00-0021376,T.J. Duckett,RB,SEA,2008,15,0,0,0.0,0,,3,0,0,0.0,,0.0,27,22,6.4,6.13,6.4
00-0021376,T.J. Duckett,RB,SEA,2008,16,0,0,0.0,0,,1,0,0,0.0,,0.0,36,30,0.2,0.41,0.2
00-0021376,T.J. Duckett,RB,SEA,2008,17,0,0,0.0,0,,6,0,0,0.0,,0.0,28,26,7.3,4.97,7.3
00-0021379,Patrick Ramsey,QB,DEN,2008,7,3,2,-1.419,1,-6.561,0,0,0,0.0,,0.0,26,22,-1.2,0.64,0.76
00-0021429,Carson Palmer,QB,CIN,2008,1,25,10,-14.388,2,-17.324,3,0,0,0.0,,0.0,23,23,3.5,8.47,3.46
00-0021429,Carson Palmer,QB,CIN,2008,2,27,16,-11.65,1,-4.997,0,0,0,0.0,,0.0,28,32,1.4,6.27,1.36
00-0021429,Carson Palmer,QB,CIN,2008,3,39,27,6.941,6,5.367,3,0,0,0.0,,0.0,27,25,17.7,18.47,17.74
00-0021429,Carson Palmer,QB,CIN,2008,5,39,23,1.063,2,-0.955,0,0,0,0.0,,0.0,23,26,14.7,14.34,14.68
00-0021647,Jerheme Urban,WR,ARI,2008,3,1,1,1.669,0,58.823,0,0,0,0.0,,0.0,23,28,0.7,0.79,0.72
00-0021678,Tony Romo,QB,DAL,2008,1,32,24,20.327,0,14.88,1,0,0,0.0,,0.0,31,34,14.7,19.81,14.7
00-0021678,Tony Romo,QB,DAL,2008,2,30,21,14.282,0,9.184,3,0,0,0.0,,0.0,24,25,20.0,13.98,19.98
00-0021678,Tony Romo,QB,DAL,2008,3,30,17,0.036,3,0.813,1,0,0,0.0,,0.0,35,38,12.3,17.15,12.3
00-0021678,Tony Romo,QB,DAL,2008,4,47,28,4.838,0,-3.255,1,0,0,0.0,,0.0,11,10,22.7,19.9,22.7
00-0021678,Tony Romo,QB,DAL,2008,5,23,14,5.02,1,1.073,4,0,0,0.0,,0.0,38,35,15.7,13.37,15.74
00-0021678,Tony Romo,QB,DAL,2008,6,39,24,6.724,3,3.934,1,0,0,0.0,,0.0,22,31,22.8,14.29,24.84
00-0021678,Tony Romo,QB,DAL,2008,11,27,19,2.715,0,7.835,2,0,0,0.0,,0.0,28,31,7.6,8.8,7.62
00-0021678,Tony Romo,QB,DAL,2008,12,39,23,15.869,1,4.045,4,0,0,0.0,,0.0,29,34,23.3,19.67,23.34
00-0021678,Tony Romo,QB,DAL,2008,13,34,22,13.883,0,20.429,2,0,0,0.0,,0.0,24,23,24.6,24.1,24.64
00-0021678,Tony Romo,QB,DAL,2008,14,36,19,-17.301,3,-4.264,1,0,0,0.0,,0.0,26,28,5.0,12.11,7.0
00-0021678,Tony Romo,QB,DAL,2008,15,30,20,4.015,4,7.941,4,0,0,0.0,,0.0,21,23,18.5,16.16,18.46
00-0021678,Tony Romo,QB,DAL,2008,16,45,24,1.619,2,3.258,2,0,0,0.0,,0.0,21,27,14.3,18.01,14.28
00-0021678,Tony Romo,QB,DAL,2008,17,39,21,-24.771,3,-1.589,2,0,0,0.0,,0.0,19,19,2.4,10.43,6.42
00-0021755,Earnest Graham,RB,TB,2008,1,0,0,0.0,0,,10,0,3,0.0,,0.0,20,23,14.8,9.71,14.8
00-0021755,Earnest Graham,RB,TB,2008,2,0,0,0.0,0,,15,0,1,0.0,,0.0,28,31,19.8,9.25,19.8
00-0021755,Earnest Graham,RB,TB,2008,3,0,0,0.0,0,,12,0,0,0.0,0.0,0.0,17,21,1.6,6.58,1.6
00-0021755,Earnest Graham,RB,TB,2008,4,0,0,0.0,0,,20,0,1,0.0,,0.0,41,39,18.4,12.32,18.4
00-0021755,Earnest Graham,RB,TB,2008,5,0,0,0.0,0,,10,0,5,0.0,,0.0,22,30,13.0,11.77,13.0
00-0021755,Earnest Graham,RB,TB,2008,6,0,0,0.0,0,,5,0,2,0.0,,0.0,37,37,13.8,7.63,13.8
00-0021755,Earnest Graham,RB,TB,2008,7,0,0,0.0,0,,23,0,2,0.0,,0.0,38,44,14.5,20.71,14.5
00-0021755,Earnest Graham,RB,TB,2008,8,0,0,0.0,0,,17,0,4,0.0,,0.0,20,25,10.4,12.54,10.4
00-0021755,Earnest Graham,RB,TB,2008,9,1,1,1.163,0,58.106,19,0,5,0.0,,0.0,25,31,14.2,19.19,14.22
00-0021755,Earnest Graham,RB,TB,2008,11,0,0,0.0,0,,1,0,0,0.0,,0.0,33,30,0.3,0.44,0.3
00-0021845,Cecil Sapp,RB,HOU,2008,14,0,0,0.0,0,,1,0,0,0.0,,0.0,31,32,-0.3,0.57,-0.3
00-0021845,Cecil Sapp,RB,HOU,2008,15,0,0,0.0,0,,1,0,0,0.0,,0.0,29,28,0.0,0.37,0.0
00-0021931,Kevin Walter,WR,HOU,2008,3,0,0,0.0,0,,1,0,4,0.0,,0.0,28,28,5.8,9.29,5.8
00-0021931,Kevin Walter,WR,HOU,2008,7,0,0,0.0,0,,1,0,3,0.0,,0.0,34,35,6.4,6.46,6.4
00-0021931,Kevin Walter,WR,HOU,2008,16,0,0,0.0,0,,1,0,2,0.0,,0.0,22,23,5.0,4.7,5.0
00-0021976,Larry Johnson,RB,KC,2008,1,0,0,0.0,0,,22,0,1,0.0,,0.0,27,30,9.6,11.02,9.6
00-0021976,Larry Johnson,RB,KC,2008,2,0,0,0.0,0,,12,0,0,0.0,,0.0,19,21,2.2,4.93,2.2
00-0021976,Larry Johnson,RB,KC,2008,3,0,0,0.0,0,,24,0,0,0.0,,0.0,33,36,18.1,15.67,18.1
00-0021976,Larry Johnson,RB,KC,2008,4,0,0,0.0,0,,28,0,5,0.0,,0.0,33,39,34.8,28.2,34.8
00-0021976,Larry Johnson,RB,KC,2008,5,0,0,0.0,0,,7,0,0,0.0,,0.0,17,17,0.2,2.89,0.2
00-0021976,Larry Johnson,RB,KC,2008,11,0,0,0.0,0,,19,0,1,0.0,,0.0,24,22,9.7,19.33,9.7
00-0021976,Larry Johnson,RB,KC,2008,12,0,0,0.0,0,,7,0,2,0.0,,0.0,13,14,12.5,5.84,12.5
00-0021976,Larry Johnson,RB,KC,2008,13,0,0,0.0,0,,24,0,0,0.0,,0.0,37,27,15.2,13.86,15.2
00-0021976,Larry Johnson,RB,KC,2008,14,0,0,0.0,0,,11,0,0,0.0,,0.0,18,16,3.6,5.13,3.6
00-0021976,Larry Johnson,RB,KC,2008,15,1,1,1.16,0,59.569,17,0,3,0.0,,0.0,31,24,14.5,16.74,13.66
00-0021976,Larry Johnson,RB,KC,2008,16,0,0,0.0,0,,12,0,0,0.0,,0.0,21,18,16.8,9.49,16.8
00-0021976,Larry Johnson,RB,KC,2008,17,0,0,0.0,0,,10,0,0,0.0,,0.0,15,13,1.8,10.45,1.8
00-0022005,Chris Simms,QB,TEN,2008,17,2,1,-2.297,1,0.533,0,0,0,0.0,,0.0,18,15,0.3,0.9,0.28
00-0022011,Justin Griffith,RB,LV,2008,3,0,0,0.0,0,,1,0,1,0.0,,0.0,30,34,3.0,1.73,3.0
00-0022011,Justin Griffith,RB,LV,2008,8,0,0,0.0,0,,1,0,1,0.0,,0.0,19,20,7.4,4.9,7.4
00-0022026,Brooks Bollinger,QB,DAL,2008,9,16,9,-5.437,2,-1.951,0,0,0,0.0,,0.0,24,25,4.5,6.1,4.52
00-0022026,Brooks Bollinger,QB,DAL,2008,17,1,1,-1.717,1,35.299,0,0,0,0.0,,0.0,19,19,0.3,0.23,0.32
00-0022039,Ken Dorsey,QB,CLE,2008,13,3,0,-0.39,0,-49.209,0,0,0,0.0,,0.0,32,32,-2.0,0.44,-2.0
00-0022039,Ken Dorsey,QB,CLE,2008,14,43,22,-15.784,1,-6.952,1,0,0,0.0,,0.0,19,20,4.0,9.55,4.0
00-0022039,Ken Dorsey,QB,CLE,2008,15,28,11,-15.031,2,-20.018,1,0,0,0.0,0.0,0.0,20,17,2.2,6.56,2.24
00-0022039,Ken Dorsey,QB,CLE,2008,16,17,10,-18.15,2,-6.641,0,0,0,0.0,,0.0,29,30,-3.3,3.27,-3.28
00-0022055,Seneca Wallace,QB,SEA,2008,5,6,3,-2.735,1,-19.154,0,0,0,0.0,,0.0,22,22,0.8,1.66,0.8
00-0022055,Seneca Wallace,QB,SEA,2008,7,23,12,-8.708,0,-8.705,2,0,0,0.0,,0.0,16,17,3.5,9.64,3.52
00-0022055,Seneca Wallace,QB,SEA,2008,8,25,15,16.473,1,0.468,0,0,0,0.0,,0.0,28,27,16.9,9.94,16.88
00-0022055,Seneca Wallace,QB,SEA,2008,9,29,13,-12.32,4,-12.186,1,0,0,0.0,,0.0,22,21,11.0,8.57,10.96
00-0022055,Seneca Wallace,QB,SEA,2008,10,38,21,-0.99,3,-2.649,2,0,0,0.0,,0.0,23,21,12.3,14.36,12.3
00-0022055,Seneca Wallace,QB,SEA,2008,14,28,20,9.222,1,9.399,3,0,0,0.0,,0.0,26,20,23.2,14.74,25.18
00-0022055,Seneca Wallace,QB,SEA,2008,15,25,15,2.115,3,-0.931,2,0,0,0.0,,0.0,27,22,7.3,11.59,9.34
00-0022055,Seneca Wallace,QB,SEA,2008,16,25,18,5.794,0,8.682,3,0,0,0.0,,0.0,36,30,10.7,11.32,10.7
00-0022055,Seneca Wallace,QB,SEA,2008,17,43,24,5.803,1,-10.127,3,0,0,0.0,,0.0,28,26,15.4,23.84,15.4
00-0022064,Arnaz Battle,WR,SF,2008,3,0,0,0.0,0,,1,0,3,0.0,,0.0,39,33,7.0,5.4,7.0
00-0022084,Anquan Boldin,WR,ARI,2008,8,0,0,0.0,0,,1,0,9,0.0,0.0,0.0,14,16,30.3,23.53,30.3
00-0022084,Anquan Boldin,WR,ARI,2008,9,0,0,0.0,0,,2,0,6,0.0,,0.0,33,34,21.3,11.74,21.3
00-0022084,Anquan Boldin,WR,ARI,2008,10,0,0,0.0,0,,3,0,7,0.0,,0.0,19,22,30.1,15.26,30.1
00-0022084,Anquan Boldin,WR,ARI,2008,11,0,0,0.0,0,,1,0,13,0.0,,0.0,24,23,31.9,22.31,31.9
00-0022084,Anquan Boldin,WR,ARI,2008,12,0,0,0.0,0,,1,0,11,0.0,,0.0,15,17,25.6,22.9,25.6
00-0022084,Anquan Boldin,WR,ARI,2008,13,0,0,0.0,0,,1,0,5,0.0,,0.0,10,12,10.1,7.86,10.1
00-0022093,Justin Fargas,RB,LV,2008,1,0,0,0.0,0,,18,0,2,0.0,,0.0,31,33,12.9,12.62,12.9
00-0022093,Justin Fargas,RB,LV,2008,2,0,0,0.0,0,,9,0,0,0.0,,0.0,47,49,4.3,3.67,4.3
00-0022093,Justin Fargas,RB,LV,2008,6,0,0,0.0,0,,10,0,0,0.0,,0.0,22,23,3.5,4.48,3.5
00-0022093,Justin Fargas,RB,LV,2008,7,0,0,0.0,0,,28,0,2,0.0,,0.0,38,41,10.1,18.41,10.1
00-0022093,Justin Fargas,RB,LV,2008,8,0,0,0.0,0,,12,0,0,0.0,,0.0,19,20,2.4,4.75,2.2
00-0022093,Justin Fargas,RB,LV,2008,9,0,0,0.0,0,,6,0,0,0.0,,0.0,11,12,2.3,2.75,2.3
00-0022093,Justin Fargas,RB,LV,2008,10,0,0,0.0,0,,22,0,1,0.0,,0.0,36,36,10.8,11.07,10.8
00-0022093,Justin Fargas,RB,LV,2008,11,0,0,0.0,0,,17,0,0,0.0,,0.0,20,22,5.7,7.61,5.7
00-0022093,Justin Fargas,RB,LV,2008,12,0,0,0.0,0,,24,0,1,0.0,,0.0,41,39,12.5,21.91,12.5
00-0022093,Justin Fargas,RB,LV,2008,13,0,0,0.0,0,,18,0,1,0.0,,0.0,29,29,13.5,12.69,13.5
00-0022093,Justin Fargas,RB,LV,2008,14,0,0,0.0,0,,12,0,2,0.0,,0.0,16,19,7.9,7.85,7.9
00-0022093,Justin Fargas,RB,LV,2008,15,0,0,0.0,0,,15,0,0,0.0,,0.0,27,30,7.0,6.74,7.0
00-0022093,Justin Fargas,RB,LV,2008,16,0,0,0.0,0,,22,0,1,0.0,,0.0,34,40,10.7,11.18,10.7
00-0022093,Justin Fargas,RB,LV,2008,17,0,0,0.0,0,,6,0,0,0.0,,0.0,35,37,1.1,2.35,1.1
00-0022121,Rex Grossman,QB,CHI,2008,9,19,9,-6.463,0,-6.355,2,0,0,0.0,,0.0,30,27,10.6,14.18,10.62
00-0022121,Rex Grossman,QB,CHI,2008,10,37,20,-8.68,2,-7.767,1,0,0,0.0,,0.0,24,30,15.0,16.94,15.02
00-0022121,Rex Grossman,QB,CHI,2008,11,7,4,-5.396,0,0.202,0,0,0,0.0,,0.0,20,27,1.0,1.84,1.04
00-0022127,Jason Witten,TE,DAL,2008,17,1,1,2.987,0,64.258,0,0,7,0.0,,0.0,19,19,13.7,9.73,13.68
00-0022177,Byron Leftwich,QB,PIT,2008,1,4,0,-4.124,0,-49.637,2,0,0,0.0,,0.0,39,36,0.0,1.68,0.0
00-0022177,Byron Leftwich,QB,PIT,2008,3,7,4,-0.811,1,3.748,0,0,0,0.0,,0.0,19,16,2.4,2.56,2.4
00-0022177,Byron Leftwich,QB,PIT,2008,7,3,3,5.279,0,42.434,0,0,0,0.0,,0.0,27,29,5.4,0.97,5.36
00-0022177,Byron Leftwich,QB,PIT,2008,9,10,7,11.872,2,22.855,1,0,0,0.0,,0.0,29,29,9.1,9.22,9.06
00-0022177,Byron Leftwich,QB,PIT,2008,17,12,7,4.11,0,1.677,1,0,0,0.0,,0.0,35,34,10.0,7.06,10.0
00-0022178,Willis McGahee,RB,BAL,2008,3,0,0,0.0,0,,15,0,1,0.0,,0.0,44,21,14.5,9.76,14.5
00-0022178,Willis McGahee,RB,BAL,2008,4,0,0,0.0,0,,13,0,3,0.0,,0.0,33,17,9.1,9.75,9.1
00-0022178,Willis McGahee,RB,BAL,2008,5,0,0,0.0,0,,22,0,1,0.0,,0.0,38,23,7.6,12.02,7.6
00-0022178,Willis McGahee,RB,BAL,2008,6,0,0,0.0,0,,8,0,4,0.0,,0.0,19,25,8.4,8.37,8.4
00-0022178,Willis McGahee,RB,BAL,2008,7,0,0,0.0,0,,19,0,2,0.0,,0.0,35,30,21.2,11.65,21.2
00-0022178,Willis McGahee,RB,BAL,2008,8,0,0,0.0,0,,23,0,2,0.0,,0.0,46,36,11.7,21.19,11.7
00-0022178,Willis McGahee,RB,BAL,2008,10,0,0,0.0,0,,25,0,1,0.0,,0.0,40,35,25.1,19.22,25.1
00-0022178,Willis McGahee,RB,BAL,2008,11,0,0,0.0,0,,9,0,2,0.0,,0.0,26,23,4.5,6.21,4.5
00-0022178,Willis McGahee,RB,BAL,2008,12,0,0,0.0,0,,7,0,0,0.0,0.0,0.0,40,18,0.8,5.6,0.8
00-0022178,Willis McGahee,RB,BAL,2008,14,0,0,0.0,0,,11,0,1,0.0,,0.0,39,17,1.4,6.88,1.4
00-0022178,Willis McGahee,RB,BAL,2008,15,0,0,0.0,0,,6,0,2,0.0,,0.0,31,8,5.3,5.39,5.3
00-0022178,Willis McGahee,RB,BAL,2008,16,0,0,0.0,0,,8,0,3,0.0,,0.0,36,11,21.9,8.22,21.9
00-0022178,Willis McGahee,RB,BAL,2008,17,0,0,0.0,0,,4,0,2,0.0,,0.0,34,8,12.9,5.23,12.9
00-0022181,Drew Henson,QB,DET,2008,13,2,1,-1.284,2,8.203,0,0,0,0.0,,0.0,14,15,0.8,0.25,0.8
00-0022217,Mewelde Moore,RB,PIT,2008,3,0,0,0.0,0,,1,0,0,0.0,,0.0,19,16,0.6,0.53,0.6
00-0022217,Mewelde Moore,RB,PIT,2008,4,0,0,0.0,0,,8,0,3,0.0,,0.0,28,30,8.0,10.91,8.0
00-0022217,Mewelde Moore,RB,PIT,2008,5,0,0,0.0,0,,17,0,3,0.0,,0.0,26,28,14.6,11.71,14.6
00-0022217,Mewelde Moore,RB,PIT,2008,7,0,0,0.0,0,,20,0,5,0.0,,0.0,27,29,36.4,22.48,36.4
00-0022217,Mewelde Moore,RB,PIT,2008,8,0,0,0.0,0,,19,0,2,0.0,,0.0,22,23,17.4,11.49,17.4
00-0022217,Mewelde Moore,RB,PIT,2008,9,0,0,0.0,0,,4,0,3,0.0,,0.0,29,29,7.3,8.38,7.3
00-0022217,Mewelde Moore,RB,PIT,2008,10,0,0,0.0,0,,24,0,6,0.0,,0.0,26,30,28.5,33.27,28.5
00-0022217,Mewelde Moore,RB,PIT,2008,11,0,0,0.0,0,,1,0,5,0.0,,0.0,28,34,8.2,10.41,8.2
00-0022217,Mewelde Moore,RB,PIT,2008,12,0,0,0.0,0,,15,0,4,0.0,,0.0,37,37,13.7,13.01,13.7
00-0022217,Mewelde Moore,RB,PIT,2008,13,0,0,0.0,0,,12,0,2,0.0,,0.0,34,33,9.6,11.04,9.6
00-0022217,Mewelde Moore,RB,PIT,2008,14,0,0,0.0,0,,5,0,4,0.0,,0.0,26,26,9.8,7.37,9.8
00-0022217,Mewelde Moore,RB,PIT,2008,15,0,0,0.0,0,,7,0,0,0.0,,0.0,27,24,1.6,3.04,1.6
00-0022217,Mewelde Moore,RB,PIT,2008,16,0,0,0.0,0,,3,0,2,0.0,,0.0,24,24,6.8,4.05,6.8
00-0022217,Mewelde Moore,RB,PIT,2008,17,0,0,0.0,0,,4,0,1,0.0,,0.0,35,34,4.3,3.3,4.3
00-0022250,Willie Parker,RB,PIT,2008,1,0,0,0.0,0,,25,0,0,0.0,,0.0,39,36,31.8,15.7,31.8
00-0022250,Willie Parker,RB,PIT,2008,2,0,0,0.0,0,,28,0,0,0.0,,0.0,31,29,10.5,11.93,10.5
00-0022250,Willie Parker,RB,PIT,2008,3,0,0,0.0,0,,13,0,0,0.0,,0.0,19,16,2.0,5.8,2.0
00-0022250,Willie Parker,RB,PIT,2008,9,0,0,0.0,0,,21,0,0,0.0,,0.0,29,29,13.0,11.28,13.0
00-0022250,Willie Parker,RB,PIT,2008,11,0,0,0.0,0,,25,0,1,0.0,,0.0,28,34,12.9,13.5,12.9
00-0022250,Willie Parker,RB,PIT,2008,12,0,0,0.0,0,,14,0,0,0.0,,0.0,37,37,3.7,8.78,3.7
00-0022250,Willie Parker,RB,PIT,2008,13,0,0,0.0,0,,16,0,0,0.0,,0.0,34,33,8.7,10.91,8.7
00-0022250,Willie Parker,RB,PIT,2008,14,0,0,0.0,0,,12,0,0,0.0,,0.0,26,26,2.5,8.81,2.5
00-0022250,Willie Parker,RB,PIT,2008,15,0,0,0.0,0,,14,0,2,0.0,,0.0,27,24,7.6,8.49,7.6
00-0022250,Willie Parker,RB,PIT,2008,16,0,0,0.0,0,,18,0,1,0.0,,0.0,24,24,4.1,12.65,4.1
00-0022250,Willie Parker,RB,PIT,2008,17,0,0,0.0,0,,23,0,0,0.0,,0.0,35,34,17.6,12.35,17.6
00-0022288,Jason Wright,RB,CLE,2008,1,0,0,0.0,0,,1,0,0,0.0,,0.0,18,15,0.5,0.5,0.5
00-0022288,Jason Wright,RB,CLE,2008,3,0,0,0.0,0,,1,0,0,0.0,,0.0,15,17,1.1,0.48,1.1
00-0022288,Jason Wright,RB,CLE,2008,4,0,0,0.0,0,,5,0,1,0.0,,0.0,40,38,3.8,4.07,3.8
00-0022288,Jason Wright,RB,CLE,2008,6,0,0,0.0,0,,1,0,1,0.0,,0.0,30,28,1.9,1.85,1.9
00-0022288,Jason Wright,RB,CLE,2008,7,0,0,0.0,0,,1,0,0,0.0,,0.0,28,25,0.2,0.49,0.2
00-0022288,Jason Wright,RB,CLE,2008,8,0,0,0.0,0,,1,0,2,0.0,0.0,0.0,24,25,3.9,3.15,3.9
00-0022288,Jason Wright,RB,CLE,2008,9,0,0,0.0,0,,1,0,3,0.0,,0.0,23,25,11.4,6.71,11.4
00-0022288,Jason Wright,RB,CLE,2008,10,0,0,0.0,0,,1,0,0,0.0,,0.0,29,29,0.1,0.64,0.1
00-0022288,Jason Wright,RB,CLE,2008,13,0,0,0.0,0,,2,0,3,0.0,,0.0,32,32,5.9,5.22,5.9
00-0022288,Jason Wright,RB,CLE,2008,14,0,0,0.0,0,,2,0,5,0.0,,0.0,19,20,9.1,6.86,9.1
00-0022288,Jason Wright,RB,CLE,2008,16,0,0,0.0,0,,7,0,6,0.0,,0.0,29,30,12.3,11.51,12.3
00-0022427,Wes Welker,WR,NE,2008,3,0,0,0.0,0,,1,0,6,0.0,,0.0,20,19,13.4,8.87,13.4
00-0022427,Wes Welker,WR,NE,2008,5,0,0,0.0,0,,0,1,8,0.0,1.0,0.0,43,42,15.3,15.23,15.3
00-0022427,Wes Welker,WR,NE,2008,10,0,0,0.0,0,,1,0,10,0.0,,0.0,43,32,21.4,15.33,21.4
00-0022434,Carey Davis,RB,PIT,2008,2,0,0,0.0,0,,1,0,0,0.0,,0.0,31,29,0.2,0.45,0.2
00-0022434,Carey Davis,RB,PIT,2008,3,0,0,0.0,0,,1,0,0,0.0,,0.0,19,16,0.1,0.49,0.1
00-0022434,Carey Davis,RB,PIT,2008,4,0,0,0.0,0,,8,0,1,0.0,,0.0,28,30,2.4,4.93,2.4
00-0022434,Carey Davis,RB,PIT,2008,12,0,0,0.0,0,,1,0,0,0.0,,0.0,37,37,0.6,0.34,0.6
00-0022434,Carey Davis,RB,PIT,2008,17,0,0,0.0,0,,1,0,1,0.0,,0.0,35,34,3.5,1.9,3.5
00-0022725,Michael Clayton,WR,TB,2008,4,0,0,0.0,0,,1,0,3,0.0,,0.0,41,39,6.2,5.68,6.2
00-0022725,Michael Clayton,WR,TB,2008,9,0,0,0.0,0,,1,0,4,0.0,,0.0,25,31,9.8,7.6,9.8
00-0022736,Steven Jackson,RB,LA,2008,1,0,0,0.0,0,,14,0,3,0.0,,0.0,15,17,10.4,10.51,10.4
00-0022736,Steven Jackson,RB,LA,2008,2,0,0,0.0,0,,13,0,7,0.0,,0.0,16,22,16.0,16.48,16.0
00-0022736,Steven Jackson,RB,LA,2008,3,0,0,0.0,0,,23,0,5,0.0,,0.0,24,31,17.8,16.99,17.8
00-0022736,Steven Jackson,RB,LA,2008,4,0,0,0.0,0,,24,0,5,0.0,,0.0,29,31,29.8,18.41,29.8
00-0022736,Steven Jackson,RB,LA,2008,6,0,0,0.0,0,,22,0,3,0.0,,0.0,26,28,12.1,13.31,12.1
00-0022736,Steven Jackson,RB,LA,2008,7,0,0,0.0,0,,25,0,2,0.0,,0.0,35,34,37.6,19.84,37.6
00-0022736,Steven Jackson,RB,LA,2008,9,0,0,0.0,0,,7,0,0,0.0,,0.0,20,21,1.7,3.16,1.7
00-0022736,Steven Jackson,RB,LA,2008,13,0,0,0.0,0,,21,0,1,0.0,,0.0,30,31,12.0,10.2,12.0
00-0022736,Steven Jackson,RB,LA,2008,14,0,0,0.0,0,,19,0,4,0.0,,0.0,25,29,12.7,16.63,12.7
00-0022736,Steven Jackson,RB,LA,2008,15,0,0,0.0,0,,24,0,4,0.0,,0.0,31,32,22.7,17.75,22.7
00-0022736,Steven Jackson,RB,LA,2008,16,0,0,0.0,0,,32,1,2,8,1.0,0.0237,39,44,13.9,29.59,13.9
00-0022736,Steven Jackson,RB,LA,2008,17,0,0,0.0,0,,30,0,4,0.0,,0.0,37,42,37.5,24.49,37.5
00-0022744,Jim Sorgi,QB,IND,2008,17,30,22,2.215,0,5.566,5,0,0,0.0,,0.0,27,29,7.9,12.97,7.92
00-0022746,Jeff Dugan,TE,MIN,2008,14,0,0,0.0,0,,1,0,0,0.0,,0.0,32,32,0.2,0.36,0.2
00-0022746,Jeff Dugan,TE,MIN,2008,15,0,0,0.0,0,,2,0,0,0.0,,0.0,44,42,0.4,0.71,0.4
00-0022746,Jeff Dugan,TE,MIN,2008,17,0,0,0.0,0,,1,0,1,0.0,,0.0,27,26,2.0,1.81,2.0
00-0022766,Patrick Crayton,WR,DAL,2008,3,1,0,-0.49,0,-25.737,0,0,0,0.0,,0.0,35,38,0.0,1.33,0.0
00-0022766,Patrick Crayton,WR,DAL,2008,7,0,0,0.0,0,,1,0,3,0.0,,0.0,22,21,7.1,4.94,7.1
00-0022770,Derrick Ward,RB,NYG,2008,1,0,0,0.0,0,,9,0,2,0.0,,0.0,32,33,8.0,7.58,8.0
00-0022770,Derrick Ward,RB,NYG,2008,2,0,0,0.0,0,,8,0,1,0.0,,0.0,31,31,7.6,6.48,7.6
00-0022770,Derrick Ward,RB,NYG,2008,3,0,0,0.0,0,,9,0,3,0.0,,0.0,25,29,13.6,10.36,13.6
00-0022770,Derrick Ward,RB,NYG,2008,5,0,0,0.0,0,,7,0,2,0.0,,0.0,36,36,7.0,7.13,7.0
00-0022770,Derrick Ward,RB,NYG,2008,6,0,0,0.0,0,,10,0,2,0.0,,0.0,25,26,12.2,8.72,12.2
00-0022770,Derrick Ward,RB,NYG,2008,7,0,0,0.0,0,,4,0,3,0.0,,0.0,32,34,9.9,6.59,9.9
00-0022770,Derrick Ward,RB,NYG,2008,8,0,0,0.0,0,,13,0,5,0.0,,0.0,35,37,13.0,13.72,13.0
00-0022770,Derrick Ward,RB,NYG,2008,9,0,0,0.0,0,,12,0,2,0.0,,0.0,34,36,16.9,9.17,16.9
00-0022770,Derrick Ward,RB,NYG,2008,10,0,0,0.0,0,,17,0,3,0.0,,0.0,45,47,11.0,14.23,11.0
00-0022770,Derrick Ward,RB,NYG,2008,11,0,0,0.0,0,,11,0,4,0.0,,0.0,33,35,13.5,16.79,13.5
00-0022770,Derrick Ward,RB,NYG,2008,12,0,0,0.0,0,,20,0,4,0.0,,0.0,27,28,19.9,19.43,19.9
00-0022770,Derrick Ward,RB,NYG,2008,13,0,0,0.0,0,,10,0,5,0.0,,0.0,35,36,15.5,12.58,15.5
00-0022770,Derrick Ward,RB,NYG,2008,14,0,0,0.0,0,,8,0,1,0.0,,0.0,24,24,5.1,5.04,5.1
00-0022770,Derrick Ward,RB,NYG,2008,15,0,0,0.0,0,,14,0,1,0.0,,0.0,17,19,7.6,8.1,7.6
00-0022770,Derrick Ward,RB,NYG,2008,16,0,0,0.0,0,,15,0,1,0.0,,0.0,41,41,22.0,9.2,22.0
00-0022770,Derrick Ward,RB,NYG,2008,17,0,0,0.0,0,,15,0,2,0.0,,0.0,30,30,11.1,8.83,11.1
00-0022782,Kevin Jones,RB,CHI,2008,1,0,0,0.0,0,,13,0,0,0.0,,0.0,39,41,4.5,5.49,4.5
00-0022782,Kevin Jones,RB,CHI,2008,2,0,0,0.0,0,,1,0,0,0.0,,0.0,29,32,0.0,0.48,0.0
00-0022782,Kevin Jones,RB,CHI,2008,3,0,0,0.0,0,,3,0,0,0.0,,0.0,37,40,1.0,1.45,1.0
00-0022782,Kevin Jones,RB,CHI,2008,4,0,0,0.0,0,,3,0,0,0.0,,0.0,26,29,1.6,1.3,1.6
00-0022782,Kevin Jones,RB,CHI,2008,5,0,0,0.0,0,,10,0,2,0.0,,0.0,34,39,6.1,8.33,6.1
00-0022782,Kevin Jones,RB,CHI,2008,6,0,0,0.0,0,,2,0,0,0.0,,0.0,23,28,0.3,0.88,0.3
00-0022782,Kevin Jones,RB,CHI,2008,9,0,0,0.0,0,,1,0,0,0.0,,0.0,30,27,-0.1,0.53,-0.1
00-0022782,Kevin Jones,RB,CHI,2008,10,0,0,0.0,0,,1,0,0,0.0,,0.0,24,30,0.0,0.48,0.0
00-0022787,Matt Schaub,QB,HOU,2008,1,33,25,-9.887,5,11.877,2,0,0,0.0,,0.0,20,25,12.5,14.07,14.48
00-0022787,Matt Schaub,QB,HOU,2008,3,37,17,-23.431,3,-6.449,3,0,0,0.0,,0.0,28,28,2.7,23.86,2.72
00-0022787,Matt Schaub,QB,HOU,2008,4,40,29,24.807,0,15.419,5,0,0,0.0,,0.0,23,26,26.7,19.84,26.68
00-0022787,Matt Schaub,QB,HOU,2008,6,42,22,2.098,1,-7.687,4,0,0,0.0,,0.0,27,25,22.7,23.75,22.66
00-0022787,Matt Schaub,QB,HOU,2008,7,31,26,6.584,3,15.438,2,0,0,0.0,,0.0,34,35,16.8,21.24,18.78
00-0022787,Matt Schaub,QB,HOU,2008,8,28,24,21.971,1,21.061,4,0,0,0.0,,0.0,31,30,23.0,13.16,23.0
00-0022787,Matt Schaub,QB,HOU,2008,9,16,11,-6.88,3,-0.867,0,0,0,0.0,,0.0,16,24,1.6,5.84,3.56
00-0022787,Matt Schaub,QB,HOU,2008,14,42,28,20.503,1,11.293,1,0,0,0.0,,0.0,31,32,24.6,18.2,24.56
00-0022787,Matt Schaub,QB,HOU,2008,15,39,23,-6.945,3,-3.328,4,0,0,0.0,,0.0,29,28,14.1,18.69,16.06
00-0022787,Matt Schaub,QB,HOU,2008,16,36,19,-8.201,3,-8.812,2,0,0,0.0,,0.0,22,23,9.2,18.95,9.2
00-0022787,Matt Schaub,QB,HOU,2008,17,36,27,15.788,0,9.936,4,0,0,0.0,,0.0,36,40,20.8,16.17,20.82
00-0022803,Eli Manning,QB,NYG,2008,1,35,19,1.428,2,-6.224,2,0,0,0.0,,0.0,32,33,12.5,23.0,12.54
00-0022803,Eli Manning,QB,NYG,2008,2,29,20,15.946,2,12.596,0,0,0,0.0,,0.0,31,31,22.4,15.76,22.4
00-0022803,Eli Manning,QB,NYG,2008,3,43,26,9.535,0,0.182,0,0,0,0.0,,0.0,25,29,15.6,19.82,15.56
00-0022803,Eli Manning,QB,NYG,2008,5,25,19,13.953,1,17.689,0,0,0,0.0,,0.0,36,36,18.7,15.27,18.68
00-0022803,Eli Manning,QB,NYG,2008,6,28,18,-10.949,1,8.257,1,0,0,0.0,,0.0,25,26,7.1,16.09,7.14
00-0022803,Eli Manning,QB,NYG,2008,7,31,16,-0.543,0,-4.966,3,0,0,0.0,,0.0,32,34,10.0,13.31,10.04
00-0022803,Eli Manning,QB,NYG,2008,8,32,19,6.692,0,-5.391,4,0,0,0.0,,0.0,35,37,11.9,16.49,11.86
00-0022803,Eli Manning,QB,NYG,2008,9,27,16,-9.409,4,-2.568,0,0,0,0.0,,0.0,34,36,11.9,14.85,15.88
00-0022803,Eli Manning,QB,NYG,2008,10,31,17,2.907,1,-5.645,1,0,0,0.0,,0.0,45,47,13.8,22.0,13.84
00-0022803,Eli Manning,QB,NYG,2008,11,23,13,4.867,1,-1.061,2,0,0,0.0,,0.0,33,35,7.8,10.62,7.82
00-0022803,Eli Manning,QB,NYG,2008,12,33,26,13.638,1,18.704,2,0,0,0.0,,0.0,27,28,21.4,22.05,21.4
00-0022803,Eli Manning,QB,NYG,2008,13,34,21,10.303,2,0.003,4,0,0,0.0,,0.0,35,36,14.9,18.49,14.9
00-0022803,Eli Manning,QB,NYG,2008,14,27,13,-5.459,0,-13.152,0,0,0,0.0,,0.0,24,24,8.9,9.16,8.92
00-0022803,Eli Manning,QB,NYG,2008,15,35,18,-12.987,8,-8.256,0,0,0,0.0,,0.0,17,19,3.6,11.35,3.64
00-0022803,Eli Manning,QB,NYG,2008,16,27,17,6.121,3,-3.221,1,0,0,0.0,,0.0,41,41,13.1,9.81,13.14
00-0022803,Eli Manning,QB,NYG,2008,17,19,11,0.308,1,3.699,0,0,0,0.0,,0.0,30,30,4.8,6.31,4.76
00-0022807,Bernard Berrian,WR,MIN,2008,6,0,0,0.0,0,,1,0,5,0.0,,0.0,31,34,24.4,8.77,24.4
00-0022807,Bernard Berrian,WR,MIN,2008,12,0,0,0.0,0,,2,0,1,0.0,,0.0,34,28,3.8,3.45,3.8
00-0022807,Bernard Berrian,WR,MIN,2008,15,0,0,0.0,0,,1,0,1,0.0,,0.0,44,42,17.2,3.39,11.2
00-0022811,Jerricho Cotchery,WR,NYJ,2008,9,0,0,0.0,0,,1,0,6,0.0,,0.0,25,27,13.0,9.46,13.0
00-0022811,Jerricho Cotchery,WR,NYJ,2008,12,0,0,0.0,0,,1,0,6,0.0,,0.0,39,39,11.5,9.16,11.5
00-0022821,Michael Turner,RB,ATL,2008,1,0,0,0.0,0,,22,0,1,0.0,,0.0,42,39,35.6,12.91,35.6
00-0022821,Michael Turner,RB,ATL,2008,2,0,0,0.0,0,,14,0,1,0.0,,0.0,28,22,5.8,7.25,5.8
00-0022821,Michael Turner,RB,ATL,2008,3,0,0,0.0,0,,23,0,0,0.0,,0.0,36,35,28.4,19.64,28.4
00-0022821,Michael Turner,RB,ATL,2008,4,0,0,0.0,0,,18,0,1,0.0,,0.0,23,26,6.5,8.46,6.5
00-0022821,Michael Turner,RB,ATL,2008,5,0,0,0.0,0,,26,0,0,0.0,,0.0,36,33,18.1,16.4,18.1
00-0022821,Michael Turner,RB,ATL,2008,6,0,0,0.0,0,,25,0,0,0.0,,0.0,30,29,5.4,12.21,5.4
00-0022821,Michael Turner,RB,ATL,2008,8,0,0,0.0,0,,17,0,0,0.0,,0.0,24,26,5.8,9.29,5.8
00-0022821,Michael Turner,RB,ATL,2008,9,0,0,0.0,0,,31,0,0,0.0,,0.0,57,46,13.9,14.82,13.9
00-0022821,Michael Turner,RB,ATL,2008,10,0,0,0.0,0,,27,0,1,0.0,,0.0,36,36,16.6,16.76,16.6
00-0022821,Michael Turner,RB,ATL,2008,11,0,0,0.0,0,,25,0,0,0.0,,0.0,35,32,20.1,11.3,20.1
00-0022821,Michael Turner,RB,ATL,2008,12,0,0,0.0,0,,24,0,0,0.0,,0.0,33,29,35.7,17.63,35.7
00-0022821,Michael Turner,RB,ATL,2008,13,0,0,0.0,0,,31,0,0,0.0,,0.0,43,37,10.0,19.95,10.0
00-0022821,Michael Turner,RB,ATL,2008,14,0,0,0.0,0,,18,0,0,0.0,,0.0,30,27,12.1,10.47,12.1
00-0022821,Michael Turner,RB,ATL,2008,15,0,0,0.0,0,,32,0,2,0.0,,0.0,43,40,26.2,21.21,26.2
00-0022821,Michael Turner,RB,ATL,2008,16,0,0,0.0,0,,19,0,0,0.0,,0.0,32,27,13.0,11.28,13.0
00-0022821,Michael Turner,RB,ATL,2008,17,0,0,0.0,0,,25,0,0,0.0,,0.0,32,29,24.8,12.11,24.8
00-0022840,Julius Jones,RB,SEA,2008,1,0,0,0.0,0,,13,0,2,0.0,,0.0,21,21,8.2,9.46,8.2
00-0022840,Julius Jones,RB,SEA,2008,2,0,0,0.0,0,,26,0,3,0.0,,0.0,34,31,23.1,18.35,23.1
00-0022840,Julius Jones,RB,SEA,2008,3,0,0,0.0,0,,22,0,1,0.0,,0.0,46,42,21.4,13.25,21.4
00-0022840,Julius Jones,RB,SEA,2008,5,0,0,0.0,0,,17,0,1,0.0,,0.0,22,22,8.4,9.14,8.4
00-0022840,Julius Jones,RB,SEA,2008,6,0,0,0.0,0,,12,0,0,0.0,,0.0,23,20,4.4,5.67,4.4
00-0022840,Julius Jones,RB,SEA,2008,7,0,0,0.0,0,,7,0,1,0.0,,0.0,16,17,4.7,4.54,4.7
00-0022840,Julius Jones,RB,SEA,2008,8,0,0,0.0,0,,6,0,2,0.0,,0.0,28,27,5.1,5.57,5.1
00-0022840,Julius Jones,RB,SEA,2008,9,0,0,0.0,0,,10,0,1,0.0,,0.0,22,21,5.5,6.05,5.5
00-0022840,Julius Jones,RB,SEA,2008,10,0,0,0.0,0,,16,0,2,0.0,,0.0,23,21,11.0,10.41,11.0
00-0022840,Julius Jones,RB,SEA,2008,11,0,0,0.0,0,,10,0,1,0.0,,0.0,22,22,0.4,5.91,0.4
00-0022840,Julius Jones,RB,SEA,2008,12,0,0,0.0,0,,2,0,0,0.0,,0.0,20,20,2.1,0.89,2.1
00-0022840,Julius Jones,RB,SEA,2008,13,0,0,0.0,0,,11,0,0,0.0,,0.0,23,23,1.7,4.72,1.7
00-0022840,Julius Jones,RB,SEA,2008,15,0,0,0.0,0,,4,0,0,0.0,,0.0,27,22,1.8,1.79,1.8
00-0022840,Julius Jones,RB,SEA,2008,17,0,0,0.0,0,,2,0,0,0.0,,0.0,28,26,0.6,0.91,0.6
00-0022864,Luke McCown,QB,TB,2008,6,0,0,0.0,0,,1,0,0,0.0,,0.0,37,37,-0.1,-0.1,-0.1
00-0022864,Luke McCown,QB,TB,2008,16,0,0,0.0,0,,2,0,0,0.0,,0.0,27,23,1.6,1.73,1.6
00-0022889,Reggie Williams,WR,JAX,2008,3,0,0,0.0,0,,1,0,1,0.0,,0.0,48,52,2.1,2.35,2.1
00-0022893,Tatum Bell,RB,DEN,2008,11,0,0,0.0,0,,7,0,0,0.0,,0.0,25,24,3.4,3.69,3.4
00-0022893,Tatum Bell,RB,DEN,2008,12,0,0,0.0,0,,6,0,1,0.0,,0.0,28,26,2.4,4.29,2.4
00-0022893,Tatum Bell,RB,DEN,2008,14,0,0,0.0,0,,11,0,2,0.0,,0.0,30,22,8.8,8.67,8.8
00-0022893,Tatum Bell,RB,DEN,2008,15,0,0,0.0,0,,7,0,2,0.0,,0.0,23,25,7.0,6.75,7.0
00-0022893,Tatum Bell,RB,DEN,2008,16,0,0,0.0,0,,5,0,1,0.0,,0.0,27,19,3.3,4.5,3.3
00-0022893,Tatum Bell,RB,DEN,2008,17,0,0,0.0,0,,8,0,4,0.0,,0.0,10,12,27.7,9.82,27.7
00-0022909,Roy Williams,WR,DAL,2008,13,0,0,0.0,0,,1,0,2,0.0,,0.0,24,23,8.4,4.17,8.4
00-0022910,Lee Evans,WR,BUF,2008,5,0,0,0.0,0,,1,0,2,0.0,,0.0,17,20,20.2,3.8,20.2
00-0022912,J.P. Losman,QB,BUF,2008,5,21,15,-1.507,5,11.209,2,0,0,0.0,,0.0,17,20,13.0,9.63,15.0
00-0022912,J.P. Losman,QB,BUF,2008,12,0,0,0.0,0,,3,0,0,0.0,,0.0,38,36,-0.2,-0.3,-0.2
00-0022912,J.P. Losman,QB,BUF,2008,13,17,11,-6.216,3,-2.136,0,0,0,0.0,,0.0,25,24,3.7,7.2,3.72
00-0022912,J.P. Losman,QB,BUF,2008,14,27,13,-15.658,4,-12.45,5,0,0,0.0,,0.0,18,14,6.2,14.19,8.22
00-0022912,J.P. Losman,QB,BUF,2008,15,39,24,-17.518,3,-2.024,2,0,0,0.0,,0.0,32,37,9.6,11.53,11.62
00-0022924,Ben Roethlisberger,QB,PIT,2008,1,14,13,2.646,2,25.212,2,0,0,0.0,,0.0,39,36,13.2,8.39,15.18
00-0022924,Ben Roethlisberger,QB,PIT,2008,2,19,12,3.499,3,14.462,1,0,0,0.0,,0.0,31,29,11.4,10.35,11.44
00-0022924,Ben Roethlisberger,QB,PIT,2008,3,25,13,-9.636,8,-7.107,4,0,0,0.0,,0.0,19,16,-0.2,10.01,3.84
00-0022924,Ben Roethlisberger,QB,PIT,2008,4,24,14,-2.529,3,0.817,2,0,0,0.0,,0.0,28,30,9.9,7.49,9.94
00-0022924,Ben Roethlisberger,QB,PIT,2008,5,41,26,10.614,3,6.053,2,0,0,0.0,,0.0,26,28,22.6,19.81,22.56
00-0022924,Ben Roethlisberger,QB,PIT,2008,7,28,17,10.953,0,2.711,2,0,0,0.0,,0.0,27,29,16.5,19.33,16.54
00-0022924,Ben Roethlisberger,QB,PIT,2008,8,29,13,-13.29,5,-17.055,1,0,0,0.0,,0.0,22,23,3.9,9.4,3.86
00-0022924,Ben Roethlisberger,QB,PIT,2008,9,17,5,-11.74,3,-33.6,1,0,0,0.0,,0.0,29,29,6.1,9.71,6.1
00-0022924,Ben Roethlisberger,QB,PIT,2008,10,42,30,1.146,2,4.49,1,0,0,0.0,,0.0,26,30,5.3,12.58,5.26
00-0022924,Ben Roethlisberger,QB,PIT,2008,11,41,31,5.387,4,11.986,0,0,0,0.0,,0.0,28,34,12.3,12.28,12.32
00-0022924,Ben Roethlisberger,QB,PIT,2008,12,30,17,7.895,0,-7.694,3,0,0,0.0,,0.0,37,37,21.0,13.17,21.02
00-0022924,Ben Roethlisberger,QB,PIT,2008,13,33,17,0.961,1,-4.505,3,0,0,0.0,,0.0,34,33,13.8,20.63,13.76
00-0022924,Ben Roethlisberger,QB,PIT,2008,14,33,17,-8.062,5,-7.106,5,0,0,0.0,,0.0,26,26,11.9,16.01,11.86
00-0022924,Ben Roethlisberger,QB,PIT,2008,15,40,22,0.318,3,-5.397,4,0,0,0.0,,0.0,27,24,13.9,15.41,15.94
00-0022924,Ben Roethlisberger,QB,PIT,2008,16,40,26,-4.917,5,11.951,3,0,0,0.0,,0.0,24,24,14.6,13.9,16.64
00-0022924,Ben Roethlisberger,QB,PIT,2008,17,14,9,-0.534,0,-5.401,0,0,0,0.0,,0.0,35,34,2.4,4.26,2.4
00-0022926,Chris Perry,RB,CIN,2008,1,0,0,0.0,0,,18,0,1,0.0,,0.0,23,23,3.2,9.02,3.2
00-0022926,Chris Perry,RB,CIN,2008,2,0,0,0.0,0,,21,0,2,0.0,,0.0,28,32,13.6,11.26,13.6
00-0022926,Chris Perry,RB,CIN,2008,3,0,0,0.0,0,,20,0,2,0.0,,0.0,27,25,17.3,11.91,17.3
00-0022926,Chris Perry,RB,CIN,2008,4,0,0,0.0,0,,12,0,5,0.0,,0.0,16,17,7.3,12.76,7.3
00-0022926,Chris Perry,RB,CIN,2008,5,0,0,0.0,0,,13,0,3,0.0,,0.0,23,26,6.0,9.87,6.0
00-0022926,Chris Perry,RB,CIN,2008,6,0,0,0.0,0,,11,0,2,0.0,,0.0,21,17,3.6,9.94,3.6
00-0022926,Chris Perry,RB,CIN,2008,11,0,0,0.0,0,,1,0,1,0.0,,0.0,30,32,1.1,1.99,1.1
00-0022926,Chris Perry,RB,CIN,2008,12,0,0,0.0,0,,2,0,2,0.0,,0.0,20,21,2.0,3.1,2.0
00-0022926,Chris Perry,RB,CIN,2008,13,0,0,0.0,0,,3,0,1,0.0,,0.0,16,16,2.7,2.72,2.7
00-0022926,Chris Perry,RB,CIN,2008,14,0,0,0.0,0,,1,0,1,0.0,,0.0,24,23,2.2,2.15,2.2
00-0022929,Devery Henderson,WR,NO,2008,5,0,0,0.0,0,,1,0,4,0.0,,0.0,22,26,21.1,9.97,21.1
00-0022929,Devery Henderson,WR,NO,2008,10,0,0,0.0,0,,1,0,2,0.0,,0.0,17,21,8.3,4.35,8.3
00-0022929,Devery Henderson,WR,NO,2008,11,0,0,0.0,0,,1,0,2,0.0,,0.0,28,29,4.1,3.99,4.1
00-0022929,Devery Henderson,WR,NO,2008,13,0,0,0.0,0,,1,0,2,0.0,,0.0,18,24,5.0,4.04,5.0
00-0022942,Philip Rivers,QB,LAC,2008,1,27,17,10.018,1,5.585,1,0,0,0.0,,0.0,27,26,20.6,10.57,20.58
00-0022942,Philip Rivers,QB,LAC,2008,2,33,21,22.314,1,7.836,0,0,0,0.0,,0.0,18,21,27.1,20.04,27.08
00-0022942,Philip Rivers,QB,LAC,2008,3,25,19,16.287,0,12.196,3,0,0,0.0,,0.0,35,37,19.9,18.12,19.9
00-0022942,Philip Rivers,QB,LAC,2008,4,25,14,-5.832,4,-3.617,3,0,0,0.0,,0.0,30,29,10.4,13.53,10.4
00-0022942,Philip Rivers,QB,LAC,2008,5,28,13,0.522,2,-16.475,0,0,0,0.0,,0.0,19,24,10.4,12.53,10.36
00-0022942,Philip Rivers,QB,LAC,2008,6,27,18,15.466,0,13.357,0,0,0,0.0,,0.0,28,27,24.2,20.97,24.24
00-0022942,Philip Rivers,QB,LAC,2008,7,29,22,0.242,2,14.447,1,0,0,0.0,,0.0,17,22,10.2,14.15,14.22
00-0022942,Philip Rivers,QB,LAC,2008,8,40,25,21.868,0,3.926,1,0,0,0.0,,0.0,22,28,23.5,17.62,23.54
00-0022942,Philip Rivers,QB,LAC,2008,10,36,27,11.037,2,13.389,1,0,0,0.0,,0.0,26,32,16.5,17.5,16.1
00-0022942,Philip Rivers,QB,LAC,2008,11,26,15,-3.277,2,-4.611,1,0,0,0.0,,0.0,22,23,2.9,11.22,2.86
00-0022942,Philip Rivers,QB,LAC,2008,12,31,24,9.111,2,12.604,2,0,0,0.0,,0.0,25,31,19.0,13.78,21.02
00-0022942,Philip Rivers,QB,LAC,2008,13,30,17,-5.6,3,-3.315,4,0,0,0.0,,0.0,19,23,7.8,17.19,7.76
00-0022942,Philip Rivers,QB,LAC,2008,14,22,10,14.958,0,-11.101,5,0,0,0.0,,0.0,46,45,22.5,15.58,22.46
00-0022942,Philip Rivers,QB,LAC,2008,15,48,34,-4.855,3,4.975,2,0,0,0.0,,0.0,19,29,19.0,20.42,21.04
00-0022942,Philip Rivers,QB,LAC,2008,16,31,21,17.77,1,11.606,3,0,0,0.0,,0.0,26,28,27.2,16.71,27.18
00-0022942,Philip Rivers,QB,LAC,2008,17,20,15,13.644,2,18.969,4,0,0,0.0,,0.0,42,40,17.4,12.73,17.38
00-0022984,Ryan Grant,RB,GB,2008,1,0,0,0.0,0,,12,0,0,0.0,,0.0,27,23,9.2,12.42,9.2
00-0022984,Ryan Grant,RB,GB,2008,2,0,0,0.0,0,,15,0,0,0.0,,0.0,30,27,2.0,9.11,2.0
00-0022984,Ryan Grant,RB,GB,2008,3,0,0,0.0,0,,13,0,0,0.0,,0.0,21,17,3.4,6.71,3.4
00-0022984,Ryan Grant,RB,GB,2008,4,0,0,0.0,0,,15,0,2,0.0,,0.0,18,20,1.6,9.07,1.6
00-0022984,Ryan Grant,RB,GB,2008,5,0,0,0.0,0,,18,0,0,0.0,,0.0,23,25,8.3,8.38,8.3
00-0022984,Ryan Grant,RB,GB,2008,6,0,0,0.0,0,,33,0,0,0.0,,0.0,39,36,9.0,16.85,9.0
00-0022984,Ryan Grant,RB,GB,2008,7,0,0,0.0,0,,31,0,2,0.0,,0.0,35,40,19.7,17.94,19.7
00-0022984,Ryan Grant,RB,GB,2008,9,0,0,0.0,0,,20,0,0,0.0,,0.0,24,26,8.6,8.67,8.6
00-0022984,Ryan Grant,RB,GB,2008,10,0,0,0.0,0,,16,0,0,0.0,,0.0,18,18,13.5,10.77,13.5
00-0022984,Ryan Grant,RB,GB,2008,11,0,0,0.0,0,,25,0,1,0.0,,0.0,38,37,22.1,18.67,22.1
00-0022984,Ryan Grant,RB,GB,2008,12,0,0,0.0,0,,18,0,3,0.0,,0.0,31,24,11.6,13.59,11.6
00-0022984,Ryan Grant,RB,GB,2008,13,0,0,0.0,0,,12,0,0,0.0,,0.0,29,26,3.9,5.27,3.9
00-0022984,Ryan Grant,RB,GB,2008,14,0,0,0.0,0,,19,0,1,0.0,,0.0,20,22,18.2,11.6,18.2
00-0022984,Ryan Grant,RB,GB,2008,15,0,0,0.0,0,,21,0,3,0.0,,0.0,28,26,11.8,14.77,11.8
00-0022984,Ryan Grant,RB,GB,2008,16,0,0,0.0,0,,25,0,3,0.0,,0.0,29,30,17.1,14.92,17.1
00-0022984,Ryan Grant,RB,GB,2008,17,0,0,0.0,0,,19,0,3,0.0,,0.0,27,30,13.9,16.05,13.9
00-0023074,Samkon Gado,RB,LA,2008,10,0,0,0.0,0,,2,0,1,0.0,,0.0,21,22,1.3,2.48,1.3
00-0023158,Brock Berlin,QB,LA,2008,12,3,1,-1.523,0,-28.003,0,0,0,0.0,,0.0,19,22,0.2,0.95,0.24
00-0023176,Josh Cribbs,WR,CLE,2008,2,0,0,0.0,0,,1,0,0,0.0,,0.0,25,25,0.5,0.63,0.5
00-0023176,Josh Cribbs,WR,CLE,2008,4,0,0,0.0,0,,1,0,0,0.0,,0.0,40,38,0.0,0.59,0.0
00-0023176,Josh Cribbs,WR,CLE,2008,6,0,0,0.0,0,,1,0,0,0.0,,0.0,30,28,1.2,0.57,1.2
00-0023176,Josh Cribbs,WR,CLE,2008,7,0,0,0.0,0,,1,0,1,0.0,,0.0,28,25,7.3,3.94,7.3
00-0023176,Josh Cribbs,WR,CLE,2008,10,0,0,0.0,0,,3,0,0,0.0,,0.0,29,29,4.8,2.07,4.8
00-0023176,Josh Cribbs,WR,CLE,2008,11,0,0,0.0,0,,1,0,0,0.0,,0.0,27,23,6.2,3.02,6.2
00-0023176,Josh Cribbs,WR,CLE,2008,12,0,0,0.0,0,,2,0,0,0.0,,0.0,20,20,0.6,1.33,0.6
00-0023176,Josh Cribbs,WR,CLE,2008,13,0,0,0.0,0,,1,0,0,0.0,,0.0,32,32,0.0,0.57,0.0
00-0023176,Josh Cribbs,WR,CLE,2008,14,1,0,-0.427,0,-27.218,6,0,0,0.0,,0.0,19,20,2.4,3.5,2.4
00-0023176,Josh Cribbs,WR,CLE,2008,15,1,0,-0.643,0,-65.184,5,0,0,0.0,0.0,0.0,20,17,2.5,3.25,2.5
00-0023176,Josh Cribbs,WR,CLE,2008,16,0,0,0.0,0,,5,0,0,0.0,,0.0,29,30,3.2,3.06,3.2
00-0023176,Josh Cribbs,WR,CLE,2008,17,2,1,0.897,0,-2.154,2,0,0,0.0,,0.0,29,28,1.0,1.45,1.02
00-0023251,Kyle Eckel,RB,PHI,2008,13,0,0,0.0,0,,6,0,0,0.0,,0.0,40,35,2.7,2.81,2.7
00-0023251,Kyle Eckel,RB,PHI,2008,14,0,0,0.0,0,,1,0,0,0.0,,0.0,41,41,0.2,0.39,0.2
00-0023251,Kyle Eckel,RB,PHI,2008,15,0,0,0.0,0,,9,0,0,0.0,,0.0,33,34,2.8,3.84,2.8
00-0023251,Kyle Eckel,RB,PHI,2008,17,0,0,0.0,0,,8,0,0,0.0,,0.0,36,36,2.2,3.11,2.2
00-0023310,Lance Moore,WR,NO,2008,12,1,0,-6.394,0,-30.544,0,0,5,0.0,,0.0,26,30,26.5,8.95,26.5
00-0023367,Nate Washington,WR,PIT,2008,4,0,0,0.0,0,,1,0,2,0.0,,0.0,28,30,5.1,3.92,5.1
00-0023367,Nate Washington,WR,PIT,2008,7,0,0,0.0,0,,1,0,2,0.0,,0.0,27,29,14.3,5.05,14.3
00-0023367,Nate Washington,WR,PIT,2008,9,0,0,0.0,0,,1,0,2,0.0,,0.0,29,29,7.3,3.74,7.3
00-0023367,Nate Washington,WR,PIT,2008,12,0,0,0.0,0,,1,0,1,0.0,,0.0,37,37,2.6,2.26,2.6
00-0023367,Nate Washington,WR,PIT,2008,15,0,0,0.0,0,,1,0,5,0.0,,0.0,27,24,13.2,6.83,13.2
00-0023408,Greg Camarillo,WR,MIA,2008,8,0,0,0.0,0,,1,0,5,0.0,,0.0,27,24,8.0,8.46,8.0
00-0023408,Greg Camarillo,WR,MIA,2008,10,0,0,0.0,0,,1,0,4,0.0,,0.0,27,30,6.7,6.61,6.7
00-0023429,Rashied Davis,WR,CHI,2008,2,0,0,0.0,0,,1,0,3,0.0,,0.0,29,32,5.8,4.56,5.8
00-0023429,Rashied Davis,WR,CHI,2008,7,0,0,0.0,0,,1,0,3,0.0,,0.0,22,24,5.3,4.65,5.3
00-0023429,Rashied Davis,WR,CHI,2008,12,0,0,0.0,0,,1,0,1,0.0,,0.0,32,34,1.8,2.12,1.8
00-0023437,Ronnie Brown,RB,MIA,2008,1,0,0,0.0,0,,6,0,3,0.0,,0.0,17,24,8.1,6.58,8.1
00-0023437,Ronnie Brown,RB,MIA,2008,2,0,0,0.0,0,,11,0,2,0.0,,0.0,24,26,12.4,14.92,12.4
00-0023437,Ronnie Brown,RB,MIA,2008,3,1,1,3.333,0,66.253,17,0,1,0.0,,0.0,36,39,42.0,15.11,41.96
00-0023437,Ronnie Brown,RB,MIA,2008,5,0,0,0.0,0,,24,0,1,0.0,,0.0,40,39,20.3,13.55,20.3
00-0023437,Ronnie Brown,RB,MIA,2008,6,0,0,0.0,0,,13,0,3,0.0,,0.0,24,33,18.3,9.28,18.3
00-0023437,Ronnie Brown,RB,MIA,2008,7,0,0,0.0,0,,13,0,1,0.0,,0.0,22,24,3.8,10.5,3.8
00-0023437,Ronnie Brown,RB,MIA,2008,8,0,0,0.0,0,,14,0,1,0.0,,0.0,27,24,5.8,9.52,5.8
00-0023437,Ronnie Brown,RB,MIA,2008,9,0,0,-1.493,1,,20,0,3,0.0,,0.0,29,31,17.9,16.12,17.9
00-0023437,Ronnie Brown,RB,MIA,2008,10,0,0,0.0,0,,10,0,4,0.0,,0.0,27,30,16.6,10.06,16.6
00-0023437,Ronnie Brown,RB,MIA,2008,11,0,0,0.0,0,,16,0,1,0.0,,0.0,35,38,10.2,9.59,10.2
00-0023437,Ronnie Brown,RB,MIA,2008,12,0,0,0.0,0,,10,0,1,0.0,,0.0,19,21,5.7,6.62,5.7
00-0023437,Ronnie Brown,RB,MIA,2008,13,1,1,1.155,0,42.582,15,0,0,0.0,,0.0,35,29,11.3,9.15,11.28
00-0023437,Ronnie Brown,RB,MIA,2008,14,0,0,0.0,0,,16,0,2,0.0,,0.0,34,31,10.8,10.45,10.8
00-0023437,Ronnie Brown,RB,MIA,2008,15,0,0,0.0,0,,10,0,1,0.0,,0.0,22,19,8.6,6.55,8.6
00-0023437,Ronnie Brown,RB,MIA,2008,16,0,0,0.0,0,,8,0,5,0.0,,0.0,30,34,10.3,11.92,10.3
00-0023437,Ronnie Brown,RB,MIA,2008,17,1,0,-0.398,0,-66.716,11,0,4,0.0,,0.0,29,28,11.2,12.03,11.2
00-0023438,Braylon Edwards,WR,CLE,2008,8,0,0,0.0,0,,0,1,2,4,1.0,0.0185,24,25,8.4,14.89,8.4
00-0023439,Cedric Benson,RB,CIN,2008,5,0,0,0.0,0,,10,0,0,0.0,,0.0,23,26,3.0,4.19,3.0
00-0023439,Cedric Benson,RB,CIN,2008,6,0,0,0.0,0,,4,0,0,0.0,,0.0,21,17,0.6,1.63,0.6
00-0023439,Cedric Benson,RB,CIN,2008,7,0,0,0.0,0,,14,0,1,0.0,,0.0,22,20,7.2,7.76,7.2
00-0023439,Cedric Benson,RB,CIN,2008,8,0,0,0.0,0,,13,0,2,0.0,,0.0,22,16,8.9,8.53,8.9
00-0023439,Cedric Benson,RB,CIN,2008,9,0,0,0.0,0,,24,0,1,0.0,,0.0,29,27,17.9,12.04,17.9
00-0023439,Cedric Benson,RB,CIN,2008,11,0,0,0.0,0,,23,0,6,0.0,,0.0,30,32,13.9,21.73,13.9
00-0023439,Cedric Benson,RB,CIN,2008,12,0,0,0.0,0,,16,0,1,0.0,,0.0,20,21,4.9,8.54,4.9
00-0023439,Cedric Benson,RB,CIN,2008,13,0,0,0.0,0,,10,0,2,0.0,,0.0,16,16,3.8,7.13,3.8
00-0023439,Cedric Benson,RB,CIN,2008,14,0,0,0.0,0,,16,0,2,0.0,,0.0,24,23,7.8,10.22,7.8
00-0023439,Cedric Benson,RB,CIN,2008,15,0,0,0.0,0,,21,0,3,0.0,,0.0,33,24,19.1,13.32,19.1
00-0023439,Cedric Benson,RB,CIN,2008,16,0,0,0.0,0,,38,0,0,0.0,,0.0,46,44,15.1,17.53,15.1
00-0023439,Cedric Benson,RB,CIN,2008,17,0,0,0.0,0,,25,0,2,0.0,,0.0,39,33,21.0,16.72,21.0
00-0023440,Cadillac Williams,RB,TB,2008,12,0,0,0.0,0,,16,0,0,0.0,,0.0,32,35,2.7,7.57,2.7
00-0023440,Cadillac Williams,RB,TB,2008,13,0,0,0.0,0,,4,0,0,0.0,,0.0,34,26,8.0,2.47,8.0
00-0023440,Cadillac Williams,RB,TB,2008,14,0,0,0.0,0,,9,0,1,0.0,,0.0,24,23,9.8,9.72,9.8
00-0023440,Cadillac Williams,RB,TB,2008,15,0,0,0.0,0,,14,0,1,0.0,,0.0,26,34,6.9,7.69,6.9
00-0023440,Cadillac Williams,RB,TB,2008,16,0,0,0.0,0,,8,0,0,0.0,,0.0,27,23,2.7,6.31,2.7
00-0023440,Cadillac Williams,RB,TB,2008,17,0,0,0.0,0,,12,0,5,0.0,,0.0,26,29,28.5,14.3,28.5
00-0023442,Troy Williamson,WR,JAX,2008,8,0,0,0.0,0,,1,0,1,0.0,,0.0,29,23,1.7,2.11,1.7
00-0023457,Mark Clayton,WR,BAL,2008,1,0,0,0.0,0,,1,0,3,0.0,,0.0,46,25,15.3,4.84,15.3
00-0023457,Mark Clayton,WR,BAL,2008,4,0,0,0.0,0,,1,0,0,0.0,,0.0,33,17,-0.1,0.71,-0.1
00-0023457,Mark Clayton,WR,BAL,2008,5,0,0,0.0,0,,1,0,4,0.0,,0.0,38,23,8.6,6.26,8.6
00-0023457,Mark Clayton,WR,BAL,2008,8,0,0,0.0,0,,1,0,0,0.0,,0.0,46,36,0.2,3.27,0.2
00-0023457,Mark Clayton,WR,BAL,2008,11,0,0,0.0,0,,1,0,1,0.0,,0.0,26,23,3.7,1.94,3.7
00-0023457,Mark Clayton,WR,BAL,2008,13,1,1,3.484,0,72.446,0,0,5,0.0,,0.0,43,15,32.7,9.55,32.68
00-0023457,Mark Clayton,WR,BAL,2008,14,0,0,0.0,0,,1,0,2,0.0,,0.0,39,17,5.1,3.59,5.1
00-0023459,Aaron Rodgers,QB,GB,2008,1,22,18,2.68,0,21.911,8,0,0,0.0,,0.0,27,23,20.6,18.59,20.62
00-0023459,Aaron Rodgers,QB,GB,2008,2,38,24,13.435,1,2.068,4,0,0,0.0,,0.0,30,27,25.6,27.41,27.62
00-0023459,Aaron Rodgers,QB,GB,2008,3,39,22,1.94,5,-0.694,5,0,0,0.0,,0.0,21,17,18.6,18.26,18.6
00-0023459,Aaron Rodgers,QB,GB,2008,4,27,14,-5.206,3,-10.569,2,0,0,0.0,,0.0,18,20,9.4,9.0,9.4
00-0023459,Aaron Rodgers,QB,GB,2008,5,37,25,10.663,2,9.648,2,0,0,0.0,,0.0,23,25,22.9,15.97,22.92
00-0023459,Aaron Rodgers,QB,GB,2008,6,30,21,11.597,2,11.412,6,0,0,0.0,,0.0,39,36,22.6,18.81,24.62
00-0023459,Aaron Rodgers,QB,GB,2008,7,28,21,7.424,0,17.243,3,0,0,0.0,,0.0,35,40,12.2,11.13,12.24
00-0023459,Aaron Rodgers,QB,GB,2008,9,41,22,-5.234,4,-7.186,2,0,0,0.0,,0.0,24,26,13.7,20.72,15.66
00-0023459,Aaron Rodgers,QB,GB,2008,10,26,15,-8.457,4,-6.516,1,0,0,0.0,,0.0,18,18,5.8,8.55,5.78
00-0023459,Aaron Rodgers,QB,GB,2008,11,30,23,10.54,0,17.324,1,0,0,0.0,,0.0,38,37,15.2,16.14,15.18
00-0023459,Aaron Rodgers,QB,GB,2008,12,41,23,-5.754,2,-4.35,8,0,0,0.0,,0.0,31,24,23.5,25.87,23.52
00-0023459,Aaron Rodgers,QB,GB,2008,13,45,29,15.548,2,5.054,5,0,0,0.0,,0.0,29,26,26.5,22.66,24.52
00-0023459,Aaron Rodgers,QB,GB,2008,14,30,19,3.289,2,6.914,1,0,0,0.0,,0.0,20,22,18.2,13.62,18.2
00-0023459,Aaron Rodgers,QB,GB,2008,15,32,20,10.524,3,8.749,5,0,0,0.0,,0.0,28,26,15.3,21.78,15.32
00-0023459,Aaron Rodgers,QB,GB,2008,16,39,24,8.814,0,5.635,2,0,0,0.0,,0.0,29,30,15.8,18.32,15.8
00-0023459,Aaron Rodgers,QB,GB,2008,17,31,21,8.239,4,7.946,1,0,0,0.0,,0.0,27,30,24.2,14.69,24.22
00-0023460,Jason Campbell,QB,WAS,2008,1,27,15,-4.769,1,-3.759,0,0,0,0.0,,0.0,24,25,9.3,7.45,9.32
00-0023460,Jason Campbell,QB,WAS,2008,2,36,24,11.891,2,3.397,3,0,0,0.0,,0.0,31,31,16.9,19.99,16.94
00-0023460,Jason Campbell,QB,WAS,2008,3,30,22,6.243,2,2.317,4,0,0,0.0,,0.0,31,27,18.3,14.63,18.32
00-0023460,Jason Campbell,QB,WAS,2008,4,31,20,9.801,2,6.252,4,0,0,0.0,,0.0,37,34,17.5,18.67,17.54
00-0023460,Jason Campbell,QB,WAS,2008,5,29,16,5.05,1,-11.162,6,0,0,0.0,0.0,0.0,44,41,8.4,10.4,8.44
00-0023460,Jason Campbell,QB,WAS,2008,6,26,18,-2.016,4,1.544,2,0,0,0.0,,0.0,31,32,10.2,9.35,8.22
00-0023460,Jason Campbell,QB,WAS,2008,7,23,14,5.256,1,-0.955,2,0,0,0.0,,0.0,36,35,10.7,9.18,10.66
00-0023460,Jason Campbell,QB,WAS,2008,8,28,23,13.712,3,17.11,3,0,0,0.0,,0.0,33,32,14.9,16.56,16.92
00-0023460,Jason Campbell,QB,WAS,2008,9,43,24,-24.639,7,-9.66,1,0,0,0.0,,0.0,15,21,4.7,16.65,4.74
00-0023460,Jason Campbell,QB,WAS,2008,11,34,22,-8.459,3,0.138,1,0,0,0.0,,0.0,18,21,10.7,13.34,10.68
00-0023460,Jason Campbell,QB,WAS,2008,12,33,20,5.595,2,-2.003,6,0,0,0.0,,0.0,41,36,15.4,17.91,15.44
00-0023460,Jason Campbell,QB,WAS,2008,13,38,23,-8.523,4,-1.663,5,0,0,0.0,,0.0,18,17,11.1,13.78,11.08
00-0023460,Jason Campbell,QB,WAS,2008,14,37,21,-6.944,2,-6.02,2,0,0,0.0,,0.0,21,23,9.8,10.16,9.82
00-0023460,Jason Campbell,QB,WAS,2008,15,28,17,1.779,0,-0.682,2,0,0,0.0,,0.0,32,28,12.8,12.5,12.78
00-0023460,Jason Campbell,QB,WAS,2008,16,33,18,-7.068,3,-13.189,2,0,0,0.0,,0.0,32,36,8.6,11.9,8.56
00-0023460,Jason Campbell,QB,WAS,2008,17,30,18,1.799,1,-3.406,4,0,0,0.0,,0.0,34,32,20.1,15.5,20.14
00-0023462,Roddy White,WR,ATL,2008,2,0,0,0.0,0,,1,0,4,0.0,,0.0,28,22,10.1,6.03,10.1
00-0023462,Roddy White,WR,ATL,2008,10,0,0,0.0,0,,1,0,5,0.0,,0.0,36,36,18.0,11.52,18.0
00-0023470,Reggie Brown,WR,PHI,2008,5,0,0,0.0,0,,1,0,4,0.0,,0.0,18,22,13.0,9.36,13.0
00-0023474,Mark Bradley,WR,KC,2008,9,1,1,3.647,0,71.503,0,0,4,0.0,,0.0,36,30,16.0,15.19,15.98
00-0023479,J.J. Arrington,RB,ARI,2008,5,0,0,0.0,0,,4,0,3,0.0,,0.0,34,39,7.4,7.16,7.4
00-0023479,J.J. Arrington,RB,ARI,2008,6,0,0,0.0,0,,1,0,1,0.0,,0.0,19,22,8.2,2.07,2.2
00-0023479,J.J. Arrington,RB,ARI,2008,8,1,0,-0.481,0,-30.446,0,0,1,0.0,0.0,0.0,14,16,1.7,4.07,1.7
00-0023479,J.J. Arrington,RB,ARI,2008,9,0,0,0.0,0,,6,0,5,0.0,,0.0,33,34,16.9,11.32,16.9
00-0023479,J.J. Arrington,RB,ARI,2008,10,0,0,0.0,0,,1,0,0,0.0,,0.0,19,22,0.1,1.32,0.1
00-0023479,J.J. Arrington,RB,ARI,2008,11,0,0,0.0,0,,8,0,3,0.0,,0.0,24,23,21.1,11.37,21.1
00-0023479,J.J. Arrington,RB,ARI,2008,13,0,0,0.0,0,,2,0,0,0.0,,0.0,10,12,1.0,1.21,1.0
00-0023479,J.J. Arrington,RB,ARI,2008,14,0,0,0.0,0,,5,0,3,0.0,,0.0,22,23,8.2,7.58,8.2
00-0023479,J.J. Arrington,RB,ARI,2008,15,0,0,0.0,0,,2,0,7,0.0,,0.0,7,19,14.1,10.81,14.1
00-0023479,J.J. Arrington,RB,ARI,2008,17,0,0,0.0,0,,1,0,2,0.0,0.0,0.0,19,21,4.7,8.18,4.7
00-0023490,Roscoe Parrish,WR,BUF,2008,13,0,0,0.0,0,,1,0,2,0.0,,0.0,25,24,3.8,3.55,3.8
00-0023490,Roscoe Parrish,WR,BUF,2008,16,0,0,0.0,0,,1,0,1,0.0,,0.0,26,26,2.4,2.94,2.4
00-0023496,Vincent Jackson,WR,LAC,2008,7,0,0,0.0,0,,1,0,4,0.0,,0.0,17,22,17.3,7.72,17.3
00-0023496,Vincent Jackson,WR,LAC,2008,15,0,0,0.0,0,,1,0,6,0.0,,0.0,19,29,19.7,11.37,19.7
00-0023496,Vincent Jackson,WR,LAC,2008,17,0,0,0.0,0,,2,0,2,0.0,,0.0,42,40,9.7,5.53,9.7
00-0023500,Frank Gore,RB,SF,2008,1,0,0,0.0,0,,14,0,4,0.0,,0.0,20,23,25.1,11.67,25.1
00-0023500,Frank Gore,RB,SF,2008,2,0,0,0.0,0,,19,0,5,0.0,,0.0,23,24,18.9,20.89,18.9
00-0023500,Frank Gore,RB,SF,2008,3,0,0,0.0,0,,27,0,4,0.0,,0.0,39,33,26.2,25.55,26.2
00-0023500,Frank Gore,RB,SF,2008,4,0,0,0.0,0,,16,0,2,0.0,,0.0,19,20,15.3,11.15,15.3
00-0023500,Frank Gore,RB,SF,2008,5,0,0,0.0,0,,12,0,4,0.0,,0.0,18,16,17.8,15.65,17.8
00-0023500,Frank Gore,RB,SF,2008,6,0,0,0.0,0,,19,0,3,0.0,,0.0,27,25,20.7,14.24,20.7
00-0023500,Frank Gore,RB,SF,2008,7,0,0,0.0,0,,11,0,3,0.0,,0.0,16,14,9.1,9.13,9.1
00-0023500,Frank Gore,RB,SF,2008,8,0,0,0.0,0,,18,0,7,0.0,,0.0,24,26,22.9,19.04,22.9
00-0023500,Frank Gore,RB,SF,2008,10,0,0,0.0,0,,23,0,1,0.0,,0.0,28,24,11.5,14.39,11.5
00-0023500,Frank Gore,RB,SF,2008,11,0,0,0.0,0,,18,0,2,0.0,,0.0,36,32,23.4,20.03,23.4
00-0023500,Frank Gore,RB,SF,2008,12,0,0,0.0,0,,14,0,1,0.0,,0.0,15,16,4.2,11.3,4.2
00-0023500,Frank Gore,RB,SF,2008,13,0,0,0.0,0,,24,0,3,0.0,,0.0,29,27,9.9,14.51,9.9
00-0023500,Frank Gore,RB,SF,2008,14,0,0,0.0,0,,14,0,3,0.0,,0.0,33,34,15.5,13.36,15.5
00-0023500,Frank Gore,RB,SF,2008,17,0,0,0.0,0,,11,0,1,0.0,,0.0,26,24,7.4,6.55,7.4
00-0023502,Charlie Frye,QB,SEA,2008,6,23,12,-12.272,3,-9.655,2,0,0,0.0,,0.0,23,20,10.3,12.86,10.32
00-0023504,Andrew Walter,QB,LV,2008,10,32,14,-12.75,3,-19.484,4,0,0,0.0,,0.0,36,36,3.6,11.23,3.62
00-0023504,Andrew Walter,QB,LV,2008,14,17,8,-13.106,2,-18.374,1,0,0,0.0,,0.0,16,19,0.4,4.15,0.44
00-0023512,Ryan Moats,RB,HOU,2008,8,0,0,0.0,0,,3,0,0,0.0,,0.0,31,30,1.7,1.38,1.7
00-0023512,Ryan Moats,RB,HOU,2008,10,0,0,0.0,0,,7,0,0,0.0,,0.0,16,19,3.4,3.12,3.4
00-0023512,Ryan Moats,RB,HOU,2008,13,0,0,0.0,0,,2,0,0,0.0,,0.0,26,25,-0.1,0.9,-0.1
00-0023512,Ryan Moats,RB,HOU,2008,14,0,0,0.0,0,,2,0,0,0.0,,0.0,31,32,0.6,0.92,0.6
00-0023512,Ryan Moats,RB,HOU,2008,17,0,0,0.0,0,,12,0,3,0.0,,0.0,36,40,14.2,13.29,14.2
00-0023531,Brandon Jones,WR,TEN,2008,9,0,0,0.0,0,,1,0,4,0.0,,0.0,36,38,8.3,6.82,8.3
00-0023531,Brandon Jones,WR,TEN,2008,13,0,0,0.0,0,,1,0,1,0.0,,0.0,46,44,4.4,2.45,4.4
00-0023541,Kyle Orton,QB,CHI,2008,1,21,13,4.076,2,3.786,1,0,0,0.0,,0.0,39,41,7.0,6.45,7.0
00-0023541,Kyle Orton,QB,CHI,2008,2,32,19,-0.42,1,-2.202,1,0,0,0.0,,0.0,29,32,5.9,12.15,5.86
00-0023541,Kyle Orton,QB,CHI,2008,3,34,22,-6.291,3,7.276,6,0,0,0.0,,0.0,37,40,18.8,17.89,18.82
00-0023541,Kyle Orton,QB,CHI,2008,4,34,18,-12.905,4,-4.562,1,0,0,0.0,,0.0,26,29,12.0,14.04,13.96
00-0023541,Kyle Orton,QB,CHI,2008,5,34,24,17.625,1,9.921,1,0,0,0.0,,0.0,34,39,22.4,21.41,22.36
00-0023541,Kyle Orton,QB,CHI,2008,6,43,26,11.303,1,0.991,0,0,0,0.0,,0.0,23,28,15.4,20.92,15.44
00-0023541,Kyle Orton,QB,CHI,2008,7,32,21,5.137,2,4.916,1,0,0,0.0,,0.0,22,24,17.1,14.18,19.12
00-0023541,Kyle Orton,QB,CHI,2008,9,14,8,2.565,1,-4.452,2,0,0,0.0,,0.0,30,27,11.0,12.54,11.02
00-0023541,Kyle Orton,QB,CHI,2008,11,26,13,-0.609,1,-11.215,1,0,0,0.0,,0.0,20,27,3.3,6.82,3.32
00-0023541,Kyle Orton,QB,CHI,2008,12,29,18,0.162,1,-1.304,1,0,0,0.0,,0.0,32,34,9.5,12.3,9.46
00-0023541,Kyle Orton,QB,CHI,2008,13,29,11,-21.645,3,-23.908,0,0,0,0.0,,0.0,26,29,8.1,11.65,8.12
00-0023541,Kyle Orton,QB,CHI,2008,14,34,20,-3.722,1,-2.184,2,0,0,0.0,,0.0,26,29,14.6,17.86,14.56
00-0023541,Kyle Orton,QB,CHI,2008,15,40,24,-13.24,1,-5.384,4,0,0,0.0,0.0,0.0,20,23,7.5,18.76,7.48
00-0023541,Kyle Orton,QB,CHI,2008,16,27,14,-7.953,3,-9.749,1,0,0,0.0,,0.0,26,27,5.6,9.58,5.58
00-0023541,Kyle Orton,QB,CHI,2008,17,37,22,4.962,2,-3.084,2,0,0,0.0,,0.0,18,21,24.0,23.06,23.96
00-0023544,Marion Barber,RB,DAL,2008,1,0,0,0.0,0,,16,0,3,0.0,,0.0,31,34,25.1,19.18,25.1
00-0023544,Marion Barber,RB,DAL,2008,2,0,0,0.0,0,,18,0,4,0.0,,0.0,24,25,27.4,20.6,27.4
00-0023544,Marion Barber,RB,DAL,2008,3,0,0,0.0,0,,28,0,3,0.0,,0.0,35,38,22.7,24.12,22.7
00-0023544,Marion Barber,RB,DAL,2008,4,0,0,0.0,0,,8,0,2,0.0,,0.0,11,10,5.7,6.56,5.7
00-0023544,Marion Barber,RB,DAL,2008,5,0,0,0.0,0,,23,0,2,0.0,,0.0,38,35,11.2,15.77,11.2
00-0023544,Marion Barber,RB,DAL,2008,6,0,0,0.0,0,,17,0,11,0.0,,0.0,22,31,34.3,24.08,34.3
00-0023544,Marion Barber,RB,DAL,2008,7,0,0,0.0,0,,18,0,1,0.0,,0.0,22,21,16.3,14.85,16.3
00-0023544,Marion Barber,RB,DAL,2008,8,0,0,0.0,0,,25,0,6,0.0,,0.0,26,31,16.0,20.19,16.0
00-0023544,Marion Barber,RB,DAL,2008,9,0,0,0.0,0,,19,0,1,0.0,,0.0,24,25,5.2,10.22,5.2
00-0023544,Marion Barber,RB,DAL,2008,11,0,0,0.0,0,,24,0,6,0.0,,0.0,28,31,27.3,21.23,27.3
00-0023544,Marion Barber,RB,DAL,2008,12,0,0,0.0,0,,19,0,7,0.0,,0.0,29,34,17.9,21.46,17.9
00-0023544,Marion Barber,RB,DAL,2008,13,0,0,0.0,0,,10,0,1,0.0,,0.0,24,23,11.5,12.34,11.5
00-0023544,Marion Barber,RB,DAL,2008,15,0,0,0.0,0,,8,0,2,0.0,,0.0,21,23,4.6,6.53,4.6
00-0023544,Marion Barber,RB,DAL,2008,16,0,0,0.0,0,,2,0,1,0.0,,0.0,21,27,1.7,2.51,1.7
00-0023544,Marion Barber,RB,DAL,2008,17,0,0,0.0,0,,3,0,2,0.0,,0.0,19,19,3.3,4.64,3.3
00-0023545,Brandon Jacobs,RB,NYG,2008,1,0,0,0.0,0,,21,0,1,0.0,,0.0,32,33,13.4,11.25,13.4
00-0023545,Brandon Jacobs,RB,NYG,2008,2,0,0,0.0,0,,15,0,1,0.0,,0.0,31,31,10.5,9.01,10.5
00-0023545,Brandon Jacobs,RB,NYG,2008,3,0,0,0.0,0,,14,0,0,0.0,,0.0,25,29,9.5,12.23,9.5
00-0023545,Brandon Jacobs,RB,NYG,2008,5,0,0,0.0,0,,15,0,1,0.0,,0.0,36,36,27.5,13.73,27.5
00-0023545,Brandon Jacobs,RB,NYG,2008,6,0,0,0.0,0,,14,0,0,0.0,,0.0,25,26,12.7,7.53,12.7
00-0023545,Brandon Jacobs,RB,NYG,2008,7,0,0,0.0,0,,17,0,1,0.0,,0.0,32,34,20.5,13.24,20.5
00-0023545,Brandon Jacobs,RB,NYG,2008,8,0,0,0.0,0,,18,0,1,0.0,,0.0,35,37,6.3,18.34,6.3
00-0023545,Brandon Jacobs,RB,NYG,2008,9,0,0,0.0,0,,17,0,0,0.0,,0.0,34,36,17.7,8.86,17.7
00-0023545,Brandon Jacobs,RB,NYG,2008,10,0,0,0.0,0,,22,0,0,0.0,,0.0,45,47,22.6,13.04,22.6
00-0023545,Brandon Jacobs,RB,NYG,2008,11,0,0,0.0,0,,11,0,0,0.0,,0.0,33,35,19.3,15.54,19.3
00-0023545,Brandon Jacobs,RB,NYG,2008,13,0,0,0.0,0,,21,0,0,0.0,,0.0,35,36,13.1,15.68,13.1
00-0023545,Brandon Jacobs,RB,NYG,2008,14,0,0,0.0,0,,10,0,0,0.0,,0.0,24,24,5.2,4.57,5.2
00-0023545,Brandon Jacobs,RB,NYG,2008,16,0,0,0.0,0,,24,0,1,0.0,,0.0,41,41,28.2,24.13,28.2
00-0023564,Darren Sproles,RB,LAC,2008,1,0,0,0.0,0,,2,0,0,0.0,,0.0,27,26,0.3,1.24,0.3
00-0023564,Darren Sproles,RB,LAC,2008,2,0,0,0.0,0,,7,0,2,0.0,,0.0,18,21,26.5,6.12,20.5
00-0023564,Darren Sproles,RB,LAC,2008,3,0,0,0.0,0,,5,0,2,0.0,,0.0,35,37,9.7,5.6,9.7
00-0023564,Darren Sproles,RB,LAC,2008,4,0,0,0.0,0,,6,0,1,0.0,,0.0,30,29,4.7,5.31,4.7
00-0023564,Darren Sproles,RB,LAC,2008,5,0,0,0.0,0,,6,0,1,0.0,,0.0,19,24,5.7,4.61,5.7
00-0023564,Darren Sproles,RB,LAC,2008,6,0,0,0.0,0,,2,0,1,0.0,,0.0,28,27,2.7,2.71,2.7
00-0023564,Darren Sproles,RB,LAC,2008,7,0,0,0.0,0,,1,0,1,0.0,,0.0,17,22,1.6,2.12,1.6
00-0023564,Darren Sproles,RB,LAC,2008,8,0,0,0.0,0,,1,0,3,0.0,,0.0,22,28,8.1,5.2,8.1
00-0023564,Darren Sproles,RB,LAC,2008,10,0,0,0.0,0,,3,0,3,0.0,,0.0,26,32,6.0,6.46,6.0
00-0023564,Darren Sproles,RB,LAC,2008,11,0,0,0.0,0,,1,0,1,0.0,,0.0,22,23,1.9,1.86,1.9
00-0023564,Darren Sproles,RB,LAC,2008,12,0,0,0.0,0,,2,0,2,0.0,,0.0,25,31,5.4,3.87,5.4
00-0023564,Darren Sproles,RB,LAC,2008,14,0,0,0.0,0,,9,0,3,0.0,,0.0,46,45,21.4,12.09,21.4
00-0023564,Darren Sproles,RB,LAC,2008,16,0,0,0.0,0,,2,0,3,0.0,,0.0,26,28,13.9,5.42,13.9
00-0023564,Darren Sproles,RB,LAC,2008,17,0,0,0.0,0,,14,0,2,0.0,,0.0,42,40,27.2,12.88,27.2
00-0023578,Dan Orlovsky,QB,DET,2008,2,4,2,-4.328,0,-21.038,0,0,0,0.0,,0.0,12,15,0.2,0.99,0.24
00-0023578,Dan Orlovsky,QB,DET,2008,3,1,0,-1.051,0,,0,0,0,0.0,,0.0,20,20,-2.0,0.2,-2.0
00-0023578,Dan Orlovsky,QB,DET,2008,5,23,13,-14.362,1,-5.909,0,0,0,0.0,,0.0,13,20,1.9,6.64,1.88
00-0023578,Dan Orlovsky,QB,DET,2008,6,21,12,-3.273,6,4.052,1,0,0,0.0,,0.0,24,25,10.0,7.01,10.0
00-0023578,Dan Orlovsky,QB,DET,2008,7,25,12,5.179,2,-5.926,2,0,0,0.0,,0.0,19,17,17.6,10.41,17.88
00-0023578,Dan Orlovsky,QB,DET,2008,8,35,21,0.523,1,-2.805,2,0,0,0.0,,0.0,15,20,14.6,12.81,14.62
00-0023578,Dan Orlovsky,QB,DET,2008,9,47,28,0.1,2,8.167,2,0,0,0.0,,0.0,26,26,15.9,17.84,15.88
00-0023578,Dan Orlovsky,QB,DET,2008,15,34,23,5.583,0,3.637,0,0,0,0.0,,0.0,22,28,15.3,11.88,15.32
00-0023578,Dan Orlovsky,QB,DET,2008,16,23,10,-2.432,1,-13.568,0,0,0,0.0,,0.0,27,25,1.0,10.68,1.0
00-0023578,Dan Orlovsky,QB,DET,2008,17,42,22,-1.214,1,-3.308,0,0,0,0.0,,0.0,29,33,13.0,10.72,13.0
00-0023645,Derek Anderson,QB,CLE,2008,1,24,11,1.513,1,-8.732,4,0,0,0.0,,0.0,18,15,11.0,10.76,10.96
00-0023645,Derek Anderson,QB,CLE,2008,2,32,18,-3.223,2,-6.11,3,0,0,0.0,,0.0,25,25,3.2,12.66,3.24
00-0023645,Derek Anderson,QB,CLE,2008,3,37,14,-21.767,5,-25.489,1,0,0,0.0,,0.0,15,17,3.2,10.61,3.2
00-0023645,Derek Anderson,QB,CLE,2008,4,24,15,-0.134,1,5.905,4,0,0,0.0,,0.0,40,38,8.6,17.89,8.62
00-0023645,Derek Anderson,QB,CLE,2008,6,29,18,21.587,0,0.098,4,0,0,0.0,,0.0,30,28,22.2,15.85,22.2
00-0023645,Derek Anderson,QB,CLE,2008,7,37,14,-7.703,1,-22.454,3,0,0,0.0,,0.0,28,25,11.8,19.32,11.84
00-0023645,Derek Anderson,QB,CLE,2008,8,27,14,10.19,1,-6.17,0,0,0,0.0,0.0,0.0,24,25,13.8,14.7,13.84
00-0023645,Derek Anderson,QB,CLE,2008,9,33,17,-7.96,1,-7.104,2,0,0,0.0,,0.0,23,25,15.6,12.89,15.56
00-0023645,Derek Anderson,QB,CLE,2008,12,14,5,-6.091,0,-19.796,1,0,0,0.0,,0.0,20,20,-2.0,4.91,-1.96
00-0023645,Derek Anderson,QB,CLE,2008,13,26,16,-9.322,3,-5.444,2,0,0,0.0,,0.0,32,32,2.9,8.77,4.9
00-0023662,Matt Cassel,QB,NE,2008,1,18,13,6.176,2,8.058,4,0,0,0.0,,0.0,28,27,11.4,9.41,11.38
00-0023662,Matt Cassel,QB,NE,2008,2,23,16,8.991,3,7.105,2,0,0,0.0,,0.0,33,36,7.3,14.18,7.3
00-0023662,Matt Cassel,QB,NE,2008,3,31,19,-7.104,3,-4.49,3,0,0,0.0,,0.0,20,19,5.7,13.05,5.74
00-0023662,Matt Cassel,QB,NE,2008,5,32,22,5.08,5,8.676,4,0,0,0.0,0.0,0.0,43,42,10.9,15.58,10.86
00-0023662,Matt Cassel,QB,NE,2008,6,38,22,-13.417,4,-5.772,7,0,0,0.0,,0.0,26,26,9.0,22.33,9.02
00-0023662,Matt Cassel,QB,NE,2008,7,24,18,1.429,6,9.551,4,0,0,0.0,,0.0,38,36,19.5,14.65,19.5
00-0023662,Matt Cassel,QB,NE,2008,8,33,21,2.425,3,3.837,7,0,0,0.0,,0.0,29,26,12.9,17.31,12.88
00-0023662,Matt Cassel,QB,NE,2008,9,34,25,8.637,0,8.592,5,0,0,0.0,,0.0,32,31,8.2,13.54,8.16
00-0023662,Matt Cassel,QB,NE,2008,10,34,23,6.794,1,2.951,9,0,0,0.0,,0.0,43,32,15.6,20.28,17.56
00-0023662,Matt Cassel,QB,NE,2008,11,51,30,19.229,3,1.263,8,0,0,0.0,,0.0,25,19,36.2,24.43,36.2
00-0023662,Matt Cassel,QB,NE,2008,12,43,30,23.356,2,10.008,2,0,0,0.0,,0.0,25,31,34.0,19.71,34.0
00-0023662,Matt Cassel,QB,NE,2008,13,39,19,-31.169,5,-11.924,2,0,0,0.0,0.0,0.0,20,27,-1.1,18.16,2.86
00-0023662,Matt Cassel,QB,NE,2008,14,44,26,9.025,3,0.748,7,0,0,0.0,,0.0,25,23,18.1,20.75,18.12
00-0023662,Matt Cassel,QB,NE,2008,15,30,18,14.696,2,-3.667,7,0,0,0.0,,0.0,39,38,24.5,16.61,24.52
00-0023662,Matt Cassel,QB,NE,2008,16,36,20,17.474,1,-8.351,2,0,0,0.0,,0.0,42,41,27.7,19.57,27.7
00-0023662,Matt Cassel,QB,NE,2008,17,8,6,6.781,1,11.785,3,0,0,0.0,,0.0,47,45,5.0,6.28,5.02
00-0023682,Ryan Fitzpatrick,QB,CIN,2008,4,35,21,-7.329,3,-2.476,4,0,0,0.0,,0.0,16,17,6.3,17.39,8.34
00-0023682,Ryan Fitzpatrick,QB,CIN,2008,6,33,20,-6.385,5,-1.211,6,0,1,0.0,,0.0,21,17,13.1,18.86,15.08
00-0023682,Ryan Fitzpatrick,QB,CIN,2008,7,35,21,-14.257,7,-3.7,4,0,0,0.0,,0.0,22,20,10.1,14.38,12.06
00-0023682,Ryan Fitzpatrick,QB,CIN,2008,8,32,20,-7.715,2,-1.471,7,0,0,0.0,,0.0,22,16,4.4,15.54,6.4
00-0023682,Ryan Fitzpatrick,QB,CIN,2008,9,31,21,-2.024,2,3.285,3,0,0,0.0,,0.0,29,27,17.7,14.48,17.68
00-0023682,Ryan Fitzpatrick,QB,CIN,2008,11,44,29,-5.079,8,-2.0,5,0,0,0.0,,0.0,30,32,15.3,15.24,15.34
00-0023682,Ryan Fitzpatrick,QB,CIN,2008,12,37,20,-4.377,1,-7.409,2,0,0,0.0,,0.0,20,21,9.5,10.5,9.52
00-0023682,Ryan Fitzpatrick,QB,CIN,2008,13,31,12,-14.132,3,-18.843,3,0,0,0.0,,0.0,16,16,7.9,10.87,7.86
00-0023682,Ryan Fitzpatrick,QB,CIN,2008,14,26,18,-17.6,4,4.179,3,0,0,0.0,,0.0,24,23,2.5,10.89,2.5
00-0023682,Ryan Fitzpatrick,QB,CIN,2008,15,29,16,2.313,2,-2.61,11,0,0,0.0,,0.0,33,24,21.3,17.56,21.26
00-0023682,Ryan Fitzpatrick,QB,CIN,2008,16,9,5,3.508,0,-1.756,5,0,0,0.0,,0.0,46,44,7.2,3.88,7.2
00-0023682,Ryan Fitzpatrick,QB,CIN,2008,17,30,18,-4.793,1,-5.125,7,0,0,0.0,,0.0,39,33,8.1,14.67,8.06
00-0023764,Andre Hall,RB,DEN,2008,1,0,0,0.0,0,,10,0,0,0.0,,0.0,34,28,6.1,4.67,6.1
00-0023764,Andre Hall,RB,DEN,2008,2,0,0,0.0,0,,7,0,0,0.0,,0.0,24,23,3.1,3.54,3.1
00-0023764,Andre Hall,RB,DEN,2008,3,0,0,0.0,0,,6,0,0,0.0,,0.0,24,24,2.5,3.02,2.5
00-0023764,Andre Hall,RB,DEN,2008,4,0,0,0.0,0,,4,0,0,0.0,,0.0,22,21,1.4,1.97,1.4
00-0023764,Andre Hall,RB,DEN,2008,5,0,0,0.0,0,,5,0,2,0.0,,0.0,26,26,5.0,6.23,5.0
00-0023764,Andre Hall,RB,DEN,2008,7,0,0,0.0,0,,2,0,0,0.0,,0.0,26,22,-4.7,1.11,-4.7
00-0023764,Andre Hall,RB,DEN,2008,9,0,0,0.0,0,,1,0,1,0.0,,0.0,12,21,2.5,2.0,2.5
00-0023806,DeDe Dorsey,RB,CIN,2008,2,0,0,0.0,0,,3,0,2,0.0,,0.0,28,32,7.9,4.06,7.9
00-0023806,DeDe Dorsey,RB,CIN,2008,3,0,0,0.0,0,,2,0,0,0.0,,0.0,27,25,-0.2,1.05,-0.2
00-0023844,Chris Taylor,RB,HOU,2008,3,0,0,0.0,0,,6,0,0,0.0,,0.0,28,28,1.5,3.64,1.5
00-0023844,Chris Taylor,RB,HOU,2008,4,0,0,0.0,0,,8,0,0,0.0,,0.0,23,26,2.2,4.42,2.2
00-0023881,P.J. Pope,RB,DEN,2008,11,0,0,0.0,0,,4,0,0,0.0,,0.0,25,24,3.5,3.67,3.5
00-0023881,P.J. Pope,RB,DEN,2008,15,0,0,0.0,0,,7,0,3,0.0,,0.0,23,25,16.5,8.52,16.5
00-0023881,P.J. Pope,RB,DEN,2008,16,0,0,0.0,0,,6,0,0,0.0,,0.0,27,19,4.4,4.28,4.4
00-0024011,Mike Bell,RB,NO,2008,12,0,0,0.0,0,,6,0,0,0.0,,0.0,26,30,0.6,2.6,0.6
00-0024011,Mike Bell,RB,NO,2008,16,0,0,0.0,0,,4,0,1,0.0,,0.0,30,31,11.0,7.44,11.0
00-0024011,Mike Bell,RB,NO,2008,17,0,0,0.0,0,,3,0,0,0.0,,0.0,11,16,1.0,2.79,1.0
00-0024103,Montell Owens,RB,JAX,2008,4,0,0,0.0,0,,1,0,0,0.0,,0.0,25,23,10.1,0.57,10.1
00-0024103,Montell Owens,RB,JAX,2008,16,0,0,0.0,0,,1,0,0,0.0,,0.0,27,31,6.2,2.33,6.2
00-0024158,Jason Davis,RB,CHI,2008,13,0,0,0.0,0,,1,0,0,0.0,,0.0,26,29,0.0,3.33,0.0
00-0024172,Patrick Cobbs,RB,MIA,2008,3,0,0,0.0,0,,3,0,0,0.0,,0.0,36,39,0.5,1.18,0.5
00-0024172,Patrick Cobbs,RB,MIA,2008,7,0,0,0.0,0,,1,0,5,0.0,,0.0,22,24,11.7,8.0,11.7
00-0024172,Patrick Cobbs,RB,MIA,2008,11,0,0,0.0,0,,3,0,3,0.0,,0.0,35,38,12.9,5.65,12.9
00-0024172,Patrick Cobbs,RB,MIA,2008,12,0,0,0.0,0,,1,0,0,0.0,,0.0,19,21,0.1,0.5,0.1
00-0024172,Patrick Cobbs,RB,MIA,2008,13,0,0,0.0,0,,2,0,0,0.0,,0.0,35,29,1.2,0.88,1.2
00-0024172,Patrick Cobbs,RB,MIA,2008,16,0,0,0.0,0,,2,0,1,0.0,,0.0,30,34,5.9,2.37,5.9
00-0024204,Fred Jackson,RB,BUF,2008,1,0,0,0.0,0,,10,0,0,0.0,,0.0,29,31,3.1,4.44,3.1
00-0024204,Fred Jackson,RB,BUF,2008,2,0,0,0.0,0,,6,0,7,0.0,,0.0,26,33,17.0,11.08,17.0
00-0024204,Fred Jackson,RB,BUF,2008,3,0,0,0.0,0,,5,0,1,0.0,,0.0,30,33,3.5,3.73,3.5
00-0024204,Fred Jackson,RB,BUF,2008,4,0,0,0.0,0,,7,0,3,0.0,,0.0,31,33,14.5,7.68,14.5
00-0024204,Fred Jackson,RB,BUF,2008,5,0,0,0.0,0,,1,0,3,0.0,,0.0,17,20,6.7,4.28,6.7
00-0024204,Fred Jackson,RB,BUF,2008,7,0,0,0.0,0,,9,0,3,0.0,,0.0,32,35,9.1,9.14,9.1
00-0024204,Fred Jackson,RB,BUF,2008,8,0,0,0.0,0,,10,0,1,0.0,,0.0,27,29,5.2,10.85,5.2
00-0024204,Fred Jackson,RB,BUF,2008,9,0,0,0.0,0,,7,0,3,0.0,,0.0,17,22,7.0,7.46,7.0
00-0024204,Fred Jackson,RB,BUF,2008,10,0,0,0.0,0,,4,0,2,0.0,,0.0,18,20,4.5,4.24,4.5
00-0024204,Fred Jackson,RB,BUF,2008,11,0,0,0.0,0,,12,0,0,0.0,,0.0,38,45,4.0,6.02,4.0
00-0024204,Fred Jackson,RB,BUF,2008,12,0,0,0.0,0,,9,0,2,0.0,,0.0,38,36,9.6,8.44,9.6
00-0024204,Fred Jackson,RB,BUF,2008,13,0,0,0.0,0,,5,0,2,0.0,,0.0,25,24,4.1,6.23,4.1
00-0024204,Fred Jackson,RB,BUF,2008,15,0,0,0.0,0,,7,0,6,0.0,,0.0,32,37,17.5,11.19,17.5
00-0024204,Fred Jackson,RB,BUF,2008,16,0,0,0.0,0,,10,0,3,0.0,,0.0,26,26,20.3,9.71,20.3
00-0024204,Fred Jackson,RB,BUF,2008,17,0,0,0.0,0,,27,0,1,0.0,,0.0,35,32,14.6,14.79,14.6
00-0024217,Reggie Bush,RB,NO,2008,1,0,0,0.0,0,,14,0,8,0.0,,0.0,27,34,30.3,18.36,30.3
00-0024217,Reggie Bush,RB,NO,2008,2,0,0,0.0,0,,10,0,7,0.0,,0.0,19,27,22.1,15.74,16.1
00-0024217,Reggie Bush,RB,NO,2008,3,0,0,0.0,0,,18,0,11,0.0,,0.0,25,38,35.8,26.93,35.8
00-0024217,Reggie Bush,RB,NO,2008,4,0,0,0.0,0,,10,0,5,0.0,,0.0,32,39,8.8,11.89,8.8
00-0024217,Reggie Bush,RB,NO,2008,5,0,0,0.0,0,,12,0,7,0.0,,0.0,22,26,26.3,15.48,14.3
00-0024217,Reggie Bush,RB,NO,2008,6,0,0,0.0,0,,14,0,3,0.0,,0.0,33,37,21.7,15.18,21.7
00-0024217,Reggie Bush,RB,NO,2008,7,0,0,0.0,0,,9,0,1,0.0,,0.0,22,24,7.0,6.03,7.0
00-0024217,Reggie Bush,RB,NO,2008,13,0,0,0.0,0,,3,0,5,0.0,,0.0,18,24,8.2,7.38,8.2
00-0024217,Reggie Bush,RB,NO,2008,14,0,0,0.0,0,,10,0,3,0.0,,0.0,30,31,19.6,12.87,19.6
00-0024217,Reggie Bush,RB,NO,2008,15,0,0,0.0,0,,6,0,2,0.0,,0.0,32,37,6.6,4.74,6.6
00-0024218,Vince Young,QB,TEN,2008,1,22,12,-10.779,1,-5.939,1,0,0,0.0,,0.0,32,33,4.8,8.58,4.8
00-0024218,Vince Young,QB,TEN,2008,13,1,1,3.735,0,17.677,2,0,0,0.0,,0.0,46,44,2.0,0.2,1.96
00-0024218,Vince Young,QB,TEN,2008,17,13,9,-3.158,2,2.675,5,0,0,0.0,,0.0,18,15,4.7,6.7,4.7
00-0024221,Vernon Davis,TE,SF,2008,15,0,0,0.0,0,,1,0,5,0.0,,0.0,27,23,9.2,7.14,9.2
00-0024225,Matt Leinart,QB,ARI,2008,2,2,1,1.511,0,-8.053,2,0,0,0.0,,0.0,31,30,0.4,1.01,0.4
00-0024225,Matt Leinart,QB,ARI,2008,15,5,3,-2.516,0,-0.627,0,0,0,0.0,,0.0,7,19,1.1,1.82,1.12
00-0024225,Matt Leinart,QB,ARI,2008,16,14,6,-2.982,2,-16.7,1,0,0,0.0,,0.0,15,17,6.3,3.49,8.32
00-0024225,Matt Leinart,QB,ARI,2008,17,8,5,0.018,0,6.088,1,0,0,0.0,0.0,0.0,19,21,3.2,6.24,3.22
00-0024226,Jay Cutler,QB,DEN,2008,1,24,16,23.792,0,8.293,5,0,0,0.0,,0.0,34,28,20.9,14.89,20.86
00-0024226,Jay Cutler,QB,DEN,2008,2,50,36,18.958,1,10.565,2,0,0,0.0,,0.0,24,23,30.6,35.16,30.48
00-0024226,Jay Cutler,QB,DEN,2008,3,34,21,9.812,0,4.965,1,0,0,0.0,,0.0,24,24,17.3,24.34,17.26
00-0024226,Jay Cutler,QB,DEN,2008,4,49,29,5.117,1,0.368,2,0,0,0.0,,0.0,22,21,15.0,26.02,15.04
00-0024226,Jay Cutler,QB,DEN,2008,5,34,23,4.445,0,0.131,5,0,0,0.0,,0.0,26,26,14.7,14.66,14.68
00-0024226,Jay Cutler,QB,DEN,2008,6,37,21,3.546,0,-6.65,3,0,0,0.0,,0.0,23,23,13.9,16.62,13.88
00-0024226,Jay Cutler,QB,DEN,2008,7,26,17,2.662,2,3.344,3,0,0,0.0,,0.0,26,22,8.5,11.66,8.52
00-0024226,Jay Cutler,QB,DEN,2008,9,46,24,-7.029,1,-8.56,1,0,0,0.0,,0.0,12,21,14.5,21.05,14.48
00-0024226,Jay Cutler,QB,DEN,2008,10,42,24,23.606,1,0.192,7,0,0,0.0,,0.0,28,21,30.8,22.92,30.78
00-0024226,Jay Cutler,QB,DEN,2008,11,27,19,15.983,1,5.554,1,0,0,0.0,,0.0,25,24,13.0,17.41,13.04
00-0024226,Jay Cutler,QB,DEN,2008,12,37,16,4.984,0,-9.471,4,0,0,0.0,,0.0,28,26,6.6,16.86,6.56
00-0024226,Jay Cutler,QB,DEN,2008,13,43,27,12.28,0,2.05,3,0,0,0.0,,0.0,25,22,20.1,16.7,20.08
00-0024226,Jay Cutler,QB,DEN,2008,14,40,32,8.442,0,12.841,8,0,0,0.0,,0.0,30,22,19.0,18.42,19.04
00-0024226,Jay Cutler,QB,DEN,2008,15,33,21,-4.395,3,1.066,2,0,0,0.0,,0.0,23,25,9.8,12.51,9.78
00-0024226,Jay Cutler,QB,DEN,2008,16,45,25,9.795,1,-1.389,8,0,0,0.0,,0.0,27,19,27.4,35.65,27.36
00-0024226,Jay Cutler,QB,DEN,2008,17,49,33,-3.317,0,3.65,2,0,0,0.0,,0.0,10,12,15.0,20.06,15.04
00-0024236,Laurence Maroney,RB,NE,2008,1,0,0,0.0,0,,10,0,0,0.0,,0.0,28,27,5.1,5.47,5.1
00-0024236,Laurence Maroney,RB,NE,2008,2,0,0,0.0,0,,8,0,0,0.0,,0.0,33,36,1.6,6.89,1.6
00-0024236,Laurence Maroney,RB,NE,2008,5,0,0,0.0,0,,10,0,0,0.0,0.0,0.0,43,42,2.6,5.69,2.6
00-0024240,Santonio Holmes,WR,PIT,2008,2,0,0,0.0,0,,1,0,5,0.0,,0.0,31,29,15.4,8.34,15.4
00-0024240,Santonio Holmes,WR,PIT,2008,10,0,0,0.0,0,,1,0,4,0.0,,0.0,26,30,6.8,6.88,6.8
00-0024242,DeAngelo Williams,RB,CAR,2008,1,0,0,0.0,0,,18,0,1,0.0,0.0,0.0,29,30,10.0,9.52,10.0
00-0024242,DeAngelo Williams,RB,CAR,2008,2,0,0,0.0,0,,11,0,1,0.0,,0.0,31,27,3.5,6.01,3.5
00-0024242,DeAngelo Williams,RB,CAR,2008,3,0,0,0.0,0,,10,0,2,0.0,,0.0,20,21,6.4,7.23,6.4
00-0024242,DeAngelo Williams,RB,CAR,2008,4,0,0,0.0,0,,16,0,2,0.0,,0.0,33,32,8.6,10.49,8.6
00-0024242,DeAngelo Williams,RB,CAR,2008,5,0,0,0.0,0,,20,0,1,0.0,,0.0,48,48,33.8,11.96,33.8
00-0024242,DeAngelo Williams,RB,CAR,2008,6,0,0,0.0,0,,11,0,2,0.0,,0.0,20,20,5.5,8.77,5.5
00-0024242,DeAngelo Williams,RB,CAR,2008,7,0,0,0.0,0,,18,0,1,0.0,,0.0,37,37,14.0,11.85,14.0
00-0024242,DeAngelo Williams,RB,CAR,2008,8,0,0,0.0,0,,17,0,2,0.0,,0.0,29,28,20.3,9.98,20.3
00-0024242,DeAngelo Williams,RB,CAR,2008,10,0,0,0.0,0,,19,0,1,0.0,,0.0,28,27,21.3,9.88,21.3
00-0024242,DeAngelo Williams,RB,CAR,2008,11,0,0,0.0,0,,14,0,0,0.0,,0.0,32,30,24.0,7.85,24.0
00-0024242,DeAngelo Williams,RB,CAR,2008,12,0,0,0.0,0,,19,0,2,0.0,,0.0,26,26,22.0,13.87,22.0
00-0024242,DeAngelo Williams,RB,CAR,2008,13,0,0,0.0,0,,21,0,3,0.0,,0.0,27,30,35.6,29.95,35.6
00-0024242,DeAngelo Williams,RB,CAR,2008,14,0,0,0.0,0,,19,0,1,0.0,,0.0,37,35,32.2,10.81,32.2
00-0024242,DeAngelo Williams,RB,CAR,2008,15,0,0,0.0,0,,12,0,3,0.0,,0.0,30,31,18.1,10.31,18.1
00-0024242,DeAngelo Williams,RB,CAR,2008,16,0,0,0.0,0,,24,0,0,0.0,,0.0,35,35,34.8,16.31,34.8
00-0024242,DeAngelo Williams,RB,CAR,2008,17,0,0,0.0,0,,25,0,0,0.0,,0.0,42,42,17.8,13.02,17.8
00-0024245,Joseph Addai,RB,IND,2008,1,0,0,0.0,0,,12,0,1,0.0,,0.0,15,20,5.7,7.15,5.7
00-0024245,Joseph Addai,RB,IND,2008,2,0,0,0.0,0,,15,0,2,0.0,,0.0,19,21,11.3,16.03,11.3
00-0024245,Joseph Addai,RB,IND,2008,3,0,0,0.0,0,,16,0,1,0.0,,0.0,19,19,21.8,13.6,21.8
00-0024245,Joseph Addai,RB,IND,2008,5,0,0,0.0,0,,17,0,1,0.0,,0.0,22,20,14.4,12.63,14.4
00-0024245,Joseph Addai,RB,IND,2008,6,0,0,0.0,0,,2,0,0,0.0,,0.0,30,29,0.3,1.04,0.3
00-0024245,Joseph Addai,RB,IND,2008,9,0,0,0.0,0,,17,0,2,0.0,,0.0,21,24,6.2,10.9,6.2
00-0024245,Joseph Addai,RB,IND,2008,10,0,0,0.0,0,,12,0,2,0.0,,0.0,19,23,6.7,7.36,6.7
00-0024245,Joseph Addai,RB,IND,2008,11,0,0,0.0,0,,22,0,4,0.0,,0.0,34,39,31.3,17.84,31.3
00-0024245,Joseph Addai,RB,IND,2008,12,0,0,0.0,0,,16,0,7,0.0,,0.0,23,35,17.1,17.41,17.1
00-0024245,Joseph Addai,RB,IND,2008,13,0,0,0.0,0,,15,0,1,0.0,,0.0,29,29,5.3,12.21,5.3
00-0024245,Joseph Addai,RB,IND,2008,14,0,0,0.0,0,,10,0,2,0.0,,0.0,20,25,6.0,11.23,6.0
00-0024245,Joseph Addai,RB,IND,2008,17,0,0,0.0,0,,1,0,2,0.0,,0.0,27,29,13.9,3.02,13.9
00-0024260,LenDale White,RB,TEN,2008,1,0,0,0.0,0,,15,0,0,0.0,,0.0,32,33,10.0,8.24,10.0
00-0024260,LenDale White,RB,TEN,2008,2,0,0,0.0,0,,18,0,0,0.0,,0.0,41,39,11.9,11.55,11.9
00-0024260,LenDale White,RB,TEN,2008,3,0,0,0.0,0,,16,0,0,0.0,,0.0,36,34,16.9,15.26,16.9
00-0024260,LenDale White,RB,TEN,2008,4,0,0,0.0,0,,11,0,0,0.0,,0.0,34,31,7.3,9.24,7.3
00-0024260,LenDale White,RB,TEN,2008,5,0,0,0.0,0,,3,0,1,0.0,,0.0,22,24,1.4,2.52,1.4
00-0024260,LenDale White,RB,TEN,2008,7,0,0,0.0,0,,17,0,1,0.0,,0.0,40,40,34.6,11.28,34.6
00-0024260,LenDale White,RB,TEN,2008,8,0,0,0.0,0,,10,0,1,0.0,,0.0,31,34,14.4,16.98,14.4
00-0024260,LenDale White,RB,TEN,2008,9,0,0,0.0,0,,8,0,0,0.0,,0.0,36,38,7.7,3.57,7.7
00-0024260,LenDale White,RB,TEN,2008,10,0,0,0.0,0,,10,0,1,0.0,,0.0,29,27,9.0,10.85,9.0
00-0024260,LenDale White,RB,TEN,2008,11,0,0,0.0,0,,14,0,0,0.0,,0.0,33,35,5.2,5.92,5.2
00-0024260,LenDale White,RB,TEN,2008,12,0,0,0.0,0,,1,0,0,0.0,,0.0,11,17,-0.1,0.33,-0.1
00-0024260,LenDale White,RB,TEN,2008,13,0,0,0.0,0,,23,0,0,0.0,,0.0,46,44,22.6,16.46,22.6
00-0024260,LenDale White,RB,TEN,2008,14,0,0,0.0,0,,24,0,1,0.0,,0.0,43,48,15.1,15.53,15.1
00-0024260,LenDale White,RB,TEN,2008,15,0,0,0.0,0,,8,0,0,0.0,0.0,0.0,24,23,2.6,3.29,2.6
00-0024260,LenDale White,RB,TEN,2008,16,0,0,0.0,0,,15,0,0,0.0,,0.0,31,33,10.8,10.71,10.8
00-0024260,LenDale White,RB,TEN,2008,17,0,0,0.0,0,,7,0,0,0.0,,0.0,18,15,2.5,3.04,2.5
00-0024264,Kellen Clemens,QB,NYJ,2008,3,5,3,-2.034,0,2.046,0,0,0,0.0,,0.0,13,15,-1.0,2.54,-0.96
00-0024264,Kellen Clemens,QB,NYJ,2008,10,0,0,0.0,0,,3,0,0,0.0,,0.0,43,42,-0.3,-0.3,-0.3
00-0024272,Devin Hester,WR,CHI,2008,4,0,0,0.0,0,,1,0,3,0.0,,0.0,26,29,13.2,5.74,13.2
00-0024272,Devin Hester,WR,CHI,2008,9,0,0,0.0,0,,1,0,4,0.0,,0.0,30,27,9.3,7.84,9.3
00-0024272,Devin Hester,WR,CHI,2008,12,0,0,0.0,0,,2,0,5,0.0,,0.0,32,34,13.9,9.95,13.9
00-0024272,Devin Hester,WR,CHI,2008,13,0,0,0.0,0,,1,0,3,0.0,,0.0,26,29,16.0,4.64,16.0
00-0024275,Maurice Jones-Drew,RB,JAX,2008,1,0,0,0.0,0,,5,0,4,0.0,,0.0,17,19,9.0,8.17,9.0
00-0024275,Maurice Jones-Drew,RB,JAX,2008,2,0,0,0.0,0,,7,0,3,0.0,,0.0,27,25,13.2,10.24,13.2
00-0024275,Maurice Jones-Drew,RB,JAX,2008,3,0,0,0.0,0,,19,0,4,0.0,,0.0,48,52,26.6,14.99,26.6
00-0024275,Maurice Jones-Drew,RB,JAX,2008,4,0,0,0.0,0,,7,0,2,0.0,,0.0,25,23,6.9,6.19,6.9
00-0024275,Maurice Jones-Drew,RB,JAX,2008,5,0,0,0.0,0,,5,0,6,0.0,,0.0,19,23,15.0,11.98,15.0
00-0024275,Maurice Jones-Drew,RB,JAX,2008,6,0,0,0.0,0,,22,0,2,0.0,,0.0,34,28,28.8,14.98,28.8
00-0024275,Maurice Jones-Drew,RB,JAX,2008,8,0,0,0.0,0,,12,0,3,0.0,,0.0,29,23,7.8,12.73,7.8
00-0024275,Maurice Jones-Drew,RB,JAX,2008,9,0,0,0.0,0,,10,0,2,0.0,,0.0,21,18,14.2,10.84,14.5
00-0024275,Maurice Jones-Drew,RB,JAX,2008,10,0,0,0.0,0,,11,0,2,0.0,,0.0,33,32,29.1,13.83,29.1
00-0024275,Maurice Jones-Drew,RB,JAX,2008,11,0,0,0.0,0,,17,0,3,0.0,,0.0,32,33,24.3,18.27,24.3
00-0024275,Maurice Jones-Drew,RB,JAX,2008,12,0,0,0.0,0,,3,0,9,0.0,,0.0,14,19,20.7,13.72,20.7
00-0024275,Maurice Jones-Drew,RB,JAX,2008,13,0,0,0.0,0,,12,0,3,0.0,,0.0,26,26,8.1,13.83,8.1
00-0024275,Maurice Jones-Drew,RB,JAX,2008,14,0,0,0.0,0,,12,0,7,0.0,,0.0,28,33,23.2,15.94,23.2
00-0024275,Maurice Jones-Drew,RB,JAX,2008,15,0,0,0.0,0,,12,0,4,0.0,,0.0,19,17,23.0,13.34,23.0
00-0024275,Maurice Jones-Drew,RB,JAX,2008,16,0,0,0.0,0,,20,0,7,0.0,,0.0,27,31,23.2,21.33,23.2
00-0024275,Maurice Jones-Drew,RB,JAX,2008,17,0,0,0.0,0,,23,0,1,0.0,,0.0,27,26,7.8,11.38,7.8
00-0024276,Tony Scheffler,TE,DEN,2008,15,0,0,0.0,0,,1,0,0,0.0,,0.0,23,25,-0.1,0.68,-0.1
00-0024279,Tarvaris Jackson,QB,MIN,2008,1,35,16,-1.785,1,-9.148,9,0,0,0.0,,0.0,33,29,15.6,18.1,15.62
00-0024279,Tarvaris Jackson,QB,MIN,2008,2,24,14,-14.246,3,-6.92,1,0,0,0.0,0.0,0.0,35,38,3.3,12.59,5.2
00-0024279,Tarvaris Jackson,QB,MIN,2008,4,1,1,-1.298,2,28.549,0,0,0,0.0,,0.0,20,23,0.3,0.2,0.32
00-0024279,Tarvaris Jackson,QB,MIN,2008,14,10,8,9.756,1,15.586,2,0,0,0.0,,0.0,32,32,8.1,3.87,8.1
00-0024279,Tarvaris Jackson,QB,MIN,2008,15,17,11,14.911,3,5.066,3,0,0,0.0,,0.0,44,42,22.8,9.95,22.82
00-0024279,Tarvaris Jackson,QB,MIN,2008,16,36,22,-6.016,3,7.834,8,0,0,0.0,,0.0,31,30,20.9,15.84,22.92
00-0024279,Tarvaris Jackson,QB,MIN,2008,17,26,16,0.006,2,3.369,1,0,0,0.0,,0.0,27,26,11.2,9.61,11.16
00-0024294,Jerious Norwood,RB,ATL,2008,1,0,0,0.0,0,,14,0,2,0.0,,0.0,42,39,17.9,9.34,17.9
00-0024294,Jerious Norwood,RB,ATL,2008,2,0,0,0.0,0,,6,0,1,0.0,,0.0,28,22,3.6,5.67,3.6
00-0024294,Jerious Norwood,RB,ATL,2008,3,0,0,0.0,0,,11,0,1,0.0,,0.0,36,35,11.5,7.22,11.5
00-0024294,Jerious Norwood,RB,ATL,2008,4,0,0,0.0,0,,3,0,4,0.0,,0.0,23,26,9.2,6.23,9.2
00-0024294,Jerious Norwood,RB,ATL,2008,5,0,0,0.0,0,,4,0,3,0.0,,0.0,36,33,5.1,6.68,5.1
00-0024294,Jerious Norwood,RB,ATL,2008,6,0,0,0.0,0,,3,0,1,0.0,,0.0,30,29,2.7,3.11,2.7
00-0024294,Jerious Norwood,RB,ATL,2008,8,0,0,0.0,0,,4,0,5,0.0,,0.0,24,26,11.0,8.7,11.0
00-0024294,Jerious Norwood,RB,ATL,2008,9,0,0,0.0,0,,13,0,2,0.0,,0.0,57,46,16.3,9.87,16.3
00-0024294,Jerious Norwood,RB,ATL,2008,10,0,0,0.0,0,,6,0,2,0.0,,0.0,36,36,18.5,6.2,18.5
00-0024294,Jerious Norwood,RB,ATL,2008,11,0,0,0.0,0,,4,0,3,0.0,,0.0,35,32,7.3,6.58,7.3
00-0024294,Jerious Norwood,RB,ATL,2008,12,0,0,0.0,0,,4,0,1,0.0,,0.0,33,29,2.6,3.93,2.6
00-0024294,Jerious Norwood,RB,ATL,2008,13,0,0,0.0,0,,4,0,2,0.0,,0.0,43,37,4.6,6.85,4.6
00-0024294,Jerious Norwood,RB,ATL,2008,14,0,0,0.0,0,,5,0,4,0.0,,0.0,30,27,7.8,7.37,7.8
00-0024294,Jerious Norwood,RB,ATL,2008,15,0,0,0.0,0,,4,0,2,0.0,,0.0,43,40,3.7,6.6,3.7
00-0024294,Jerious Norwood,RB,ATL,2008,16,0,0,0.0,0,,6,0,2,0.0,,0.0,32,27,10.1,8.65,10.1
00-0024294,Jerious Norwood,RB,ATL,2008,17,0,0,0.0,0,,3,0,1,0.0,,0.0,32,29,20.8,4.0,20.8
00-0024300,Brodie Croyle,QB,KC,2008,1,19,11,-2.259,1,-2.491,0,0,0,0.0,,0.0,27,30,3.5,4.24,3.52
00-0024300,Brodie Croyle,QB,KC,2008,7,10,9,-0.281,0,26.431,0,0,0,0.0,,0.0,17,19,2.5,1.94,2.52
00-0024318,Brad Smith,WR,NYJ,2008,4,0,0,0.0,0,,1,0,0,0.0,,0.0,26,31,1.7,0.7,1.7
00-0024318,Brad Smith,WR,NYJ,2008,6,0,0,0.0,0,,1,0,0,0.0,,0.0,27,31,1.1,1.16,1.1
00-0024318,Brad Smith,WR,NYJ,2008,7,0,0,0.0,0,,4,0,4,0.0,,0.0,33,31,12.8,7.47,12.8
00-0024318,Brad Smith,WR,NYJ,2008,8,1,0,-0.795,0,-46.617,1,0,0,0.0,,0.0,24,26,0.1,1.76,0.1
00-0024318,Brad Smith,WR,NYJ,2008,9,0,0,0.0,0,,1,0,0,0.0,,0.0,25,27,0.5,0.62,0.5
00-0024318,Brad Smith,WR,NYJ,2008,10,0,0,0.0,0,,1,0,2,0.0,,0.0,43,42,4.0,4.08,4.0
00-0024318,Brad Smith,WR,NYJ,2008,11,0,0,0.0,0,,1,0,0,0.0,,0.0,39,39,1.7,1.09,1.7
00-0024318,Brad Smith,WR,NYJ,2008,13,0,0,0.0,0,,1,0,1,0.0,,0.0,19,23,0.0,1.52,0.0
00-0024318,Brad Smith,WR,NYJ,2008,17,1,1,0.092,0,34.224,1,0,0,0.0,0.0,0.0,21,27,-0.3,0.79,-0.14
00-0024332,Leon Washington,RB,NYJ,2008,1,0,0,0.0,0,,6,0,2,0.0,,0.0,31,33,4.6,6.7,4.6
00-0024332,Leon Washington,RB,NYJ,2008,2,0,0,0.0,0,,2,0,4,0.0,,0.0,21,25,9.0,6.84,9.0
00-0024332,Leon Washington,RB,NYJ,2008,3,0,0,0.0,0,,1,0,2,0.0,,0.0,13,15,3.9,3.21,3.9
00-0024332,Leon Washington,RB,NYJ,2008,4,0,0,0.0,0,,7,0,4,0.0,,0.0,26,31,10.3,12.44,10.3
00-0024332,Leon Washington,RB,NYJ,2008,6,0,0,0.0,0,,5,0,4,0.0,,0.0,27,31,6.9,8.82,6.9
00-0024332,Leon Washington,RB,NYJ,2008,7,0,0,0.0,0,,3,0,3,0.0,,0.0,33,31,13.0,5.84,13.0
00-0024332,Leon Washington,RB,NYJ,2008,8,0,0,0.0,0,,3,0,3,0.0,,0.0,24,26,25.1,6.42,25.1
00-0024332,Leon Washington,RB,NYJ,2008,9,0,0,0.0,0,,7,0,2,0.0,,0.0,25,27,7.5,6.08,7.5
00-0024332,Leon Washington,RB,NYJ,2008,10,0,0,0.0,0,,12,0,4,0.0,,0.0,43,42,10.8,13.23,10.8
00-0024332,Leon Washington,RB,NYJ,2008,11,0,0,0.0,0,,5,0,2,0.0,,0.0,39,39,17.5,6.31,11.5
00-0024332,Leon Washington,RB,NYJ,2008,12,0,0,0.0,0,,8,0,1,0.0,,0.0,39,39,19.4,6.01,19.4
00-0024332,Leon Washington,RB,NYJ,2008,13,0,0,0.0,0,,2,0,3,0.0,,0.0,19,23,9.4,5.81,9.4
00-0024332,Leon Washington,RB,NYJ,2008,14,0,0,0.0,0,,1,0,6,0.0,,0.0,12,20,9.2,10.11,9.2
00-0024332,Leon Washington,RB,NYJ,2008,15,0,0,0.0,0,,1,1,1,5,1.0,0.0159,24,24,12.4,5.17,12.4
00-0024332,Leon Washington,RB,NYJ,2008,16,0,0,0.0,0,,3,0,0,0.0,,0.0,25,23,1.4,1.39,1.4
00-0024332,Leon Washington,RB,NYJ,2008,17,0,0,0.0,0,,10,0,6,0.0,0.0,0.0,21,27,20.9,16.19,18.9
00-0024334,Brandon Marshall,WR,DEN,2008,4,0,0,0.0,0,,1,0,7,0.0,,0.0,22,21,17.6,13.01,17.6
00-0024334,Brandon Marshall,WR,DEN,2008,7,0,0,0.0,0,,1,0,6,0.0,,0.0,26,22,14.4,9.57,14.4
00-0024345,Domenik Hixon,WR,NYG,2008,5,0,0,0.0,0,,1,0,4,0.0,,0.0,36,36,21.7,10.73,21.7
00-0024345,Domenik Hixon,WR,NYG,2008,12,0,0,0.0,0,,1,0,6,0.0,,0.0,27,28,12.8,10.36,12.8
00-0024358,Marques Hagans,WR,KC,2008,2,1,1,-0.899,1,25.959,1,0,0,0.0,,0.0,19,21,0.4,0.68,0.4
00-0024359,Jerome Harrison,RB,CLE,2008,2,0,0,0.0,0,,1,0,1,0.0,,0.0,25,25,3.5,2.08,3.5
00-0024359,Jerome Harrison,RB,CLE,2008,4,0,0,0.0,0,,4,0,1,0.0,,0.0,40,38,3.5,3.38,3.5
00-0024359,Jerome Harrison,RB,CLE,2008,6,0,0,0.0,0,,2,0,2,0.0,,0.0,30,28,8.7,4.48,8.7
00-0024359,Jerome Harrison,RB,CLE,2008,7,0,0,0.0,0,,3,0,0,0.0,,0.0,28,25,1.2,1.43,1.2
00-0024359,Jerome Harrison,RB,CLE,2008,8,0,0,0.0,0,,1,0,0,0.0,0.0,0.0,24,25,-0.1,0.39,-0.1
00-0024359,Jerome Harrison,RB,CLE,2008,9,0,0,0.0,0,,1,0,0,0.0,,0.0,23,25,0.5,0.52,0.5
00-0024359,Jerome Harrison,RB,CLE,2008,10,0,0,0.0,0,,5,0,1,0.0,,0.0,29,29,6.7,3.8,6.7
00-0024359,Jerome Harrison,RB,CLE,2008,11,0,0,0.0,0,,3,0,1,0.0,,0.0,27,23,17.1,2.64,17.1
00-0024359,Jerome Harrison,RB,CLE,2008,12,0,0,0.0,0,,7,0,1,0.0,,0.0,20,20,4.9,3.96,4.9
00-0024359,Jerome Harrison,RB,CLE,2008,13,0,0,0.0,0,,2,0,0,0.0,,0.0,32,32,0.6,0.86,0.6
00-0024359,Jerome Harrison,RB,CLE,2008,14,0,0,0.0,0,,2,0,2,0.0,,0.0,19,20,2.8,2.86,2.8
00-0024359,Jerome Harrison,RB,CLE,2008,16,0,0,0.0,0,,1,0,0,0.0,,0.0,29,30,-0.1,0.43,-0.1
00-0024359,Jerome Harrison,RB,CLE,2008,17,0,0,0.0,0,,2,0,2,0.0,,0.0,29,28,2.0,3.65,2.0
00-0024389,Delanie Walker,TE,SF,2008,6,0,0,0.0,0,,1,0,0,0.0,,0.0,27,25,-1.0,3.88,-1.0
00-0024389,Delanie Walker,TE,SF,2008,7,0,0,0.0,0,,1,0,0,0.0,,0.0,16,14,-0.3,0.41,-0.3
00-0024408,Bruce Gradkowski,QB,CLE,2008,16,5,2,-7.908,1,-32.055,0,0,0,0.0,,0.0,29,30,-1.7,1.06,-1.68
00-0024408,Bruce Gradkowski,QB,CLE,2008,17,16,5,-23.193,3,-38.7,1,0,0,0.0,,0.0,29,28,-3.1,3.68,-3.08
00-0024460,Quinton Ganther,RB,TEN,2008,7,0,0,0.0,0,,2,0,0,0.0,,0.0,40,40,1.1,0.72,1.1
00-0024460,Quinton Ganther,RB,TEN,2008,13,0,0,0.0,0,,3,0,0,0.0,,0.0,46,44,2.3,1.27,2.3
00-0024460,Quinton Ganther,RB,TEN,2008,17,0,0,0.0,0,,4,0,3,0.0,,0.0,18,15,6.0,5.87,6.0
00-0024549,Selvin Young,RB,DEN,2008,1,0,0,0.0,0,,7,0,0,0.0,,0.0,34,28,9.6,3.98,9.6
00-0024549,Selvin Young,RB,DEN,2008,2,0,0,0.0,0,,8,0,1,0.0,,0.0,24,23,9.6,6.02,9.6
00-0024549,Selvin Young,RB,DEN,2008,3,0,0,0.0,0,,11,0,1,0.0,,0.0,24,24,8.2,7.0,8.2
00-0024549,Selvin Young,RB,DEN,2008,4,0,0,0.0,0,,11,0,0,0.0,,0.0,22,21,4.9,5.69,4.9
00-0024549,Selvin Young,RB,DEN,2008,5,0,0,0.0,0,,10,0,1,0.0,,0.0,26,26,4.9,6.18,4.9
00-0024549,Selvin Young,RB,DEN,2008,10,0,0,0.0,0,,1,0,0,0.0,,0.0,28,21,0.2,0.46,0.2
00-0024549,Selvin Young,RB,DEN,2008,15,0,0,0.0,0,,6,0,0,0.0,,0.0,23,25,-0.1,3.33,-0.1
00-0024549,Selvin Young,RB,DEN,2008,16,0,0,0.0,0,,7,0,0,0.0,,0.0,27,19,1.6,3.6,1.6
00-0024559,D.J. Ware,RB,NYG,2008,17,0,0,0.0,0,,2,0,0,0.0,,0.0,30,30,1.5,0.85,1.5
00-0024813,Pierre Thomas,RB,NO,2008,1,0,0,0.0,0,,10,0,2,0.0,,0.0,27,34,8.3,7.62,8.3
00-0024813,Pierre Thomas,RB,NO,2008,2,0,0,0.0,0,,6,0,2,0.0,,0.0,19,27,11.7,11.82,11.7
00-0024813,Pierre Thomas,RB,NO,2008,3,0,0,0.0,0,,6,0,3,0.0,,0.0,25,38,17.3,12.39,17.3
00-0024813,Pierre Thomas,RB,NO,2008,4,0,0,0.0,0,,1,0,0,0.0,,0.0,32,39,0.1,0.45,0.1
00-0024813,Pierre Thomas,RB,NO,2008,6,0,0,0.0,0,,3,0,0,0.0,,0.0,33,37,1.8,1.4,1.8
00-0024813,Pierre Thomas,RB,NO,2008,7,0,0,0.0,0,,1,0,0,0.0,,0.0,22,24,0.2,0.6,0.2
00-0024813,Pierre Thomas,RB,NO,2008,8,0,0,0.0,0,,3,0,0,0.0,,0.0,26,32,2.8,1.36,2.8
00-0024813,Pierre Thomas,RB,NO,2008,10,0,0,0.0,0,,6,0,5,0.0,,0.0,17,21,11.0,10.17,11.0
00-0024813,Pierre Thomas,RB,NO,2008,11,0,0,0.0,0,,16,0,4,0.0,,0.0,28,29,24.4,17.27,24.4
00-0024813,Pierre Thomas,RB,NO,2008,12,0,0,0.0,0,,15,0,3,0.0,,0.0,26,30,27.1,13.45,27.1
00-0024813,Pierre Thomas,RB,NO,2008,13,0,0,0.0,0,,11,0,1,0.0,,0.0,18,24,12.4,6.16,12.4
00-0024813,Pierre Thomas,RB,NO,2008,14,0,0,0.0,0,,16,0,1,0.0,,0.0,30,31,23.9,12.69,23.9
00-0024813,Pierre Thomas,RB,NO,2008,15,0,0,0.0,0,,22,0,7,0.0,,0.0,32,37,33.6,24.96,33.6
00-0024813,Pierre Thomas,RB,NO,2008,16,0,0,0.0,0,,13,0,3,0.0,,0.0,30,31,17.3,17.43,17.3
00-0024846,Gary Russell,RB,PIT,2008,5,0,0,0.0,0,,6,0,1,0.0,,0.0,26,28,3.3,5.38,3.3
00-0024846,Gary Russell,RB,PIT,2008,7,0,0,0.0,0,,4,0,0,0.0,,0.0,27,29,0.0,1.36,0.0
00-0024846,Gary Russell,RB,PIT,2008,8,0,0,0.0,0,,1,0,0,0.0,,0.0,22,23,0.8,0.43,0.8
00-0024846,Gary Russell,RB,PIT,2008,11,0,0,0.0,0,,2,0,0,0.0,,0.0,28,34,1.0,0.7,1.0
00-0024846,Gary Russell,RB,PIT,2008,12,0,0,0.0,0,,3,0,0,0.0,,0.0,37,37,6.5,5.3,6.5
00-0024846,Gary Russell,RB,PIT,2008,13,0,0,0.0,0,,3,0,0,0.0,,0.0,34,33,6.1,8.72,6.1
00-0024846,Gary Russell,RB,PIT,2008,14,0,0,0.0,0,,4,0,0,0.0,,0.0,26,26,0.6,4.73,0.6
00-0024846,Gary Russell,RB,PIT,2008,15,0,0,0.0,0,,1,0,0,0.0,,0.0,27,24,0.1,0.36,0.1
00-0024846,Gary Russell,RB,PIT,2008,17,0,0,0.0,0,,4,0,0,0.0,,0.0,35,34,8.1,3.22,8.1
00-0025388,JaMarcus Russell,QB,LV,2008,1,26,17,8.387,2,6.519,4,0,0,0.0,,0.0,31,33,13.9,17.77,13.9
00-0025388,JaMarcus Russell,QB,LV,2008,2,17,6,-4.51,0,-25.961,1,0,0,0.0,,0.0,47,49,2.5,8.21,2.5
00-0025388,JaMarcus Russell,QB,LV,2008,3,19,9,-2.063,1,-7.525,1,0,0,0.0,,0.0,30,34,14.3,13.51,16.34
00-0025388,JaMarcus Russell,QB,LV,2008,4,37,22,-15.432,6,-1.797,2,0,0,0.0,,0.0,23,31,11.5,19.48,13.48
00-0025388,JaMarcus Russell,QB,LV,2008,6,35,13,-16.028,2,-20.092,1,0,0,0.0,,0.0,22,23,3.5,16.44,5.46
00-0025388,JaMarcus Russell,QB,LV,2008,7,30,17,2.392,2,-5.77,0,0,0,0.0,,0.0,38,41,12.1,13.07,12.12
00-0025388,JaMarcus Russell,QB,LV,2008,8,33,15,-5.921,4,-9.369,1,0,0,0.0,,0.0,19,20,12.4,14.33,12.42
00-0025388,JaMarcus Russell,QB,LV,2008,9,19,6,-23.004,4,-34.525,2,0,0,0.0,,0.0,11,12,1.8,7.16,3.84
00-0025388,JaMarcus Russell,QB,LV,2008,11,22,15,-2.087,4,8.283,0,0,0,0.0,,0.0,20,22,6.2,6.65,6.24
00-0025388,JaMarcus Russell,QB,LV,2008,12,11,10,11.95,0,29.579,3,0,0,0.0,,0.0,41,39,10.4,5.76,10.38
00-0025388,JaMarcus Russell,QB,LV,2008,13,28,10,-6.787,0,-23.331,2,0,0,0.0,,0.0,29,29,9.0,13.71,8.34
00-0025388,JaMarcus Russell,QB,LV,2008,14,13,9,-8.895,1,4.213,0,0,0,0.0,,0.0,16,19,-3.3,3.81,-1.28
00-0025388,JaMarcus Russell,QB,LV,2008,15,31,17,0.34,2,-7.572,0,0,0,0.0,,0.0,27,30,15.7,11.29,15.68
00-0025388,JaMarcus Russell,QB,LV,2008,16,25,18,5.884,1,13.213,0,0,0,0.0,,0.0,34,40,15.4,12.58,17.44
00-0025388,JaMarcus Russell,QB,LV,2008,17,21,14,-3.454,1,22.011,1,0,0,0.0,,0.0,35,37,12.1,7.47,12.12
00-0025389,Calvin Johnson,WR,DET,2008,7,0,0,0.0,0,,1,0,2,0.0,,0.0,19,17,25.2,5.0,25.2
00-0025389,Calvin Johnson,WR,DET,2008,8,0,0,0.0,0,,1,0,4,0.0,,0.0,15,20,16.4,6.25,16.4
00-0025389,Calvin Johnson,WR,DET,2008,9,0,0,0.0,0,,1,0,8,0.0,,0.0,26,26,22.8,13.93,22.8
00-0025394,Adrian Peterson,RB,MIN,2008,1,0,0,0.0,0,,19,0,1,0.0,,0.0,33,29,18.4,11.96,18.4
00-0025394,Adrian Peterson,RB,MIN,2008,2,0,0,0.0,0,,29,0,4,0.0,0.0,0.0,35,38,22.0,19.4,22.0
00-0025394,Adrian Peterson,RB,MIN,2008,3,0,0,0.0,0,,17,0,0,0.0,,0.0,32,31,7.7,7.84,7.7
00-0025394,Adrian Peterson,RB,MIN,2008,4,0,0,0.0,0,,18,0,4,0.0,,0.0,20,23,24.1,15.85,24.1
00-0025394,Adrian Peterson,RB,MIN,2008,5,0,0,0.0,0,,21,0,1,0.0,,0.0,26,27,5.1,11.1,5.1
00-0025394,Adrian Peterson,RB,MIN,2008,6,0,0,0.0,0,,25,0,1,0.0,,0.0,31,34,7.6,12.65,7.6
00-0025394,Adrian Peterson,RB,MIN,2008,7,0,0,0.0,0,,22,0,1,0.0,,0.0,32,39,26.0,16.29,26.0
00-0025394,Adrian Peterson,RB,MIN,2008,9,0,0,0.0,0,,25,0,0,0.0,,0.0,35,35,19.9,15.59,19.9
00-0025394,Adrian Peterson,RB,MIN,2008,10,0,0,0.0,0,,30,0,3,0.0,,0.0,41,47,31.5,18.76,31.5
00-0025394,Adrian Peterson,RB,MIN,2008,11,0,0,0.0,0,,19,0,1,0.0,,0.0,26,27,9.2,11.09,9.2
00-0025394,Adrian Peterson,RB,MIN,2008,12,0,0,0.0,0,,17,0,0,0.0,,0.0,34,28,14.0,8.23,14.0
00-0025394,Adrian Peterson,RB,MIN,2008,13,0,0,0.0,0,,28,0,2,0.0,,0.0,39,44,21.0,21.22,21.0
00-0025394,Adrian Peterson,RB,MIN,2008,14,0,0,0.0,0,,23,0,1,0.0,,0.0,32,32,12.7,13.35,12.7
00-0025394,Adrian Peterson,RB,MIN,2008,15,0,0,0.0,0,,28,0,0,0.0,,0.0,44,42,16.5,14.13,16.5
00-0025394,Adrian Peterson,RB,MIN,2008,16,0,0,0.0,0,,22,0,2,0.0,,0.0,31,30,9.2,13.6,9.2
00-0025394,Adrian Peterson,RB,MIN,2008,17,0,0,0.0,0,,21,0,0,0.0,,0.0,27,26,16.3,11.43,16.3
00-0025396,Ted Ginn,WR,MIA,2008,1,0,0,0.0,0,,1,0,2,0.0,,0.0,17,24,3.9,3.16,3.9
00-0025396,Ted Ginn,WR,MIA,2008,11,0,0,0.0,0,,2,0,4,0.0,,0.0,35,38,19.3,7.44,19.3
00-0025396,Ted Ginn,WR,MIA,2008,14,0,0,0.0,0,,1,0,1,0.0,,0.0,34,31,2.6,3.12,2.6
00-0025396,Ted Ginn,WR,MIA,2008,16,0,0,0.0,0,,1,0,4,0.0,,0.0,30,34,17.5,6.98,17.5
00-0025399,Marshawn Lynch,RB,BUF,2008,1,0,0,0.0,0,,18,0,3,0.0,,0.0,29,31,18.4,12.48,18.4
00-0025399,Marshawn Lynch,RB,BUF,2008,2,0,0,0.0,0,,19,0,1,0.0,,0.0,26,33,13.7,10.89,13.7
00-0025399,Marshawn Lynch,RB,BUF,2008,3,0,0,0.0,0,,23,0,4,0.0,,0.0,30,33,27.4,18.4,27.4
00-0025399,Marshawn Lynch,RB,BUF,2008,4,0,0,0.0,0,,19,0,4,0.0,,0.0,31,33,12.1,15.64,12.1
00-0025399,Marshawn Lynch,RB,BUF,2008,5,0,0,0.0,0,,13,0,3,0.0,,0.0,17,20,9.5,11.78,9.5
00-0025399,Marshawn Lynch,RB,BUF,2008,7,0,0,0.0,0,,19,0,4,0.0,,0.0,32,35,19.2,14.98,19.2
00-0025399,Marshawn Lynch,RB,BUF,2008,8,0,0,0.0,0,,13,0,5,0.0,,0.0,27,29,20.5,13.79,20.5
00-0025399,Marshawn Lynch,RB,BUF,2008,9,0,0,0.0,0,,9,0,3,0.0,,0.0,17,22,9.8,8.45,9.8
00-0025399,Marshawn Lynch,RB,BUF,2008,10,0,0,0.0,0,,14,0,0,0.0,,0.0,18,20,4.6,9.07,4.6
00-0025399,Marshawn Lynch,RB,BUF,2008,11,0,0,0.0,0,,23,0,10,0.0,,0.0,38,45,33.7,23.67,33.7
00-0025399,Marshawn Lynch,RB,BUF,2008,12,0,0,0.0,0,,20,0,5,0.0,,0.0,38,36,21.4,27.87,21.4
00-0025399,Marshawn Lynch,RB,BUF,2008,13,0,0,0.0,0,,16,0,1,0.0,,0.0,25,24,12.5,8.81,12.5
00-0025399,Marshawn Lynch,RB,BUF,2008,14,0,0,0.0,0,,13,0,1,0.0,,0.0,18,14,4.5,7.13,4.5
00-0025399,Marshawn Lynch,RB,BUF,2008,15,0,0,0.0,0,,21,0,3,0.0,,0.0,32,37,17.0,17.98,17.0
00-0025399,Marshawn Lynch,RB,BUF,2008,16,0,0,0.0,0,,11,0,0,0.0,,0.0,26,26,9.4,9.17,9.4
00-0025409,Brady Quinn,QB,CLE,2008,10,35,23,9.623,0,1.408,1,0,0,0.0,,0.0,29,29,17.9,17.61,17.86
00-0025409,Brady Quinn,QB,CLE,2008,11,36,14,-3.086,1,-14.153,4,0,0,0.0,,0.0,27,23,9.2,17.05,9.2
00-0025409,Brady Quinn,QB,CLE,2008,12,18,8,-9.31,0,-18.114,0,0,0,0.0,,0.0,20,20,-0.2,8.51,-0.24
00-0025414,Robert Meachem,WR,NO,2008,16,0,0,0.0,0,,1,0,0,0.0,,0.0,30,31,8.0,1.15,8.0
00-0025423,Kevin Kolb,QB,PHI,2008,1,6,5,4.115,0,14.077,3,0,0,0.0,,0.0,32,31,1.8,1.83,1.82
00-0025423,Kevin Kolb,QB,PHI,2008,3,3,2,-3.069,0,-4.677,0,0,0,0.0,,0.0,23,30,-1.3,0.76,-1.28
00-0025423,Kevin Kolb,QB,PHI,2008,12,23,10,-22.56,0,-15.955,3,0,0,0.0,,0.0,21,18,0.1,12.99,0.12
00-0025423,Kevin Kolb,QB,PHI,2008,13,0,0,0.0,0,,3,0,0,0.0,,0.0,40,35,-0.3,-0.3,-0.3
00-0025423,Kevin Kolb,QB,PHI,2008,15,2,0,-9.229,0,-62.876,2,0,0,0.0,,0.0,33,34,-2.2,0.35,-2.2
00-0025423,Kevin Kolb,QB,PHI,2008,17,0,0,0.0,0,,2,0,0,0.0,,0.0,36,36,-0.2,-0.2,-0.2
00-0025430,Drew Stanton,QB,DET,2008,10,8,6,-1.443,5,16.924,1,0,0,0.0,,0.0,27,26,8.2,6.09,8.16
00-0025430,Drew Stanton,QB,DET,2008,12,6,2,-2.514,0,-22.409,0,0,0,0.0,,0.0,22,22,0.5,2.39,0.52
00-0025430,Drew Stanton,QB,DET,2008,16,3,1,-3.449,1,-25.841,2,0,0,0.0,,0.0,27,25,2.1,3.15,2.08
00-0025431,Sidney Rice,WR,MIN,2008,11,1,0,-0.52,0,-27.641,0,0,2,0.0,,0.0,26,27,4.2,4.03,4.2
00-0025432,Dwayne Jarrett,WR,CAR,2008,1,0,0,0.0,0,,0,1,2,-1,1.0,-0.0028,29,30,5.6,6.45,5.6
00-0025437,Chris Henry,RB,TEN,2008,17,0,0,0.0,0,,1,0,0,0.0,,0.0,18,15,0.3,0.51,0.3
00-0025439,Brian Leonard,RB,LA,2008,4,0,0,0.0,0,,2,0,0,0.0,,0.0,29,31,0.7,1.23,0.7
00-0025450,Brandon Jackson,RB,GB,2008,1,0,0,0.0,0,,7,0,3,0.0,,0.0,27,23,6.0,8.22,6.0
00-0025450,Brandon Jackson,RB,GB,2008,2,0,0,0.0,0,,7,0,1,0.0,,0.0,30,27,13.3,4.89,13.3
00-0025450,Brandon Jackson,RB,GB,2008,3,0,0,0.0,0,,3,0,1,0.0,,0.0,21,17,4.6,2.98,4.6
00-0025450,Brandon Jackson,RB,GB,2008,4,0,0,0.0,0,,1,0,2,0.0,,0.0,18,20,4.1,3.41,4.1
00-0025450,Brandon Jackson,RB,GB,2008,5,0,0,0.0,0,,2,0,5,0.0,,0.0,23,25,7.3,7.2,7.3
00-0025450,Brandon Jackson,RB,GB,2008,9,0,0,0.0,0,,1,0,4,0.0,,0.0,24,26,7.3,6.13,7.3
00-0025450,Brandon Jackson,RB,GB,2008,11,0,0,0.0,0,,10,0,1,0.0,,0.0,38,37,6.5,5.35,6.5
00-0025450,Brandon Jackson,RB,GB,2008,12,0,0,0.0,0,,2,0,1,0.0,,0.0,31,24,2.8,2.34,2.8
00-0025450,Brandon Jackson,RB,GB,2008,13,0,0,0.0,0,,11,0,1,0.0,,0.0,29,26,9.6,10.88,9.6
00-0025450,Brandon Jackson,RB,GB,2008,15,0,0,0.0,0,,1,0,1,0.0,,0.0,28,26,1.7,3.14,1.7
00-0025458,Lorenzo Booker,RB,PHI,2008,1,0,0,0.0,0,,5,0,0,0.0,,0.0,32,31,0.9,2.01,0.9
00-0025458,Lorenzo Booker,RB,PHI,2008,3,0,0,0.0,0,,5,0,2,0.0,,0.0,23,30,3.6,5.3,3.6
00-0025458,Lorenzo Booker,RB,PHI,2008,4,0,0,0.0,0,,2,0,1,0.0,,0.0,23,24,1.4,2.07,1.4
00-0025458,Lorenzo Booker,RB,PHI,2008,6,0,0,0.0,0,,1,0,0,0.0,0.0,0.0,21,26,0.5,1.94,0.5
00-0025458,Lorenzo Booker,RB,PHI,2008,9,0,0,0.0,0,,3,0,0,0.0,,0.0,28,32,0.0,1.44,0.0
00-0025458,Lorenzo Booker,RB,PHI,2008,13,0,0,0.0,0,,4,0,0,0.0,,0.0,40,35,2.1,2.18,2.1
00-0025460,Jacoby Jones,WR,HOU,2008,13,0,0,0.0,0,,1,0,0,0.0,,0.0,26,25,-0.5,0.76,-0.5
00-0025463,Jason Hill,WR,SF,2008,13,0,0,0.0,0,,1,0,5,0.0,,0.0,29,27,10.1,7.35,10.1
00-0025463,Jason Hill,WR,SF,2008,17,0,0,0.0,0,,1,0,4,0.0,,0.0,26,24,13.7,7.21,13.7
00-0025477,Tony Hunt,RB,PHI,2008,1,0,0,0.0,0,,2,0,1,0.0,,0.0,32,31,7.5,4.63,7.5
00-0025477,Tony Hunt,RB,PHI,2008,4,0,0,0.0,0,,1,0,2,0.0,,0.0,23,24,4.6,7.18,4.6
00-0025477,Tony Hunt,RB,PHI,2008,5,0,0,0.0,0,,1,0,1,0.0,,0.0,18,22,1.8,1.87,1.8
00-0025479,Trent Edwards,QB,BUF,2008,1,30,19,-0.835,1,1.192,1,0,0,0.0,,0.0,29,31,12.5,10.11,12.5
00-0025479,Trent Edwards,QB,BUF,2008,2,25,20,6.419,3,17.368,1,0,0,0.0,,0.0,26,33,11.5,8.67,13.46
00-0025479,Trent Edwards,QB,BUF,2008,3,39,24,0.911,3,-1.682,2,0,0,0.0,,0.0,30,33,12.1,12.78,14.06
00-0025479,Trent Edwards,QB,BUF,2008,4,25,15,-3.487,4,3.88,5,0,0,0.0,,0.0,31,33,12.7,13.6,10.68
00-0025479,Trent Edwards,QB,BUF,2008,5,3,3,1.165,0,37.813,0,0,0,0.0,,0.0,17,20,0.7,0.52,0.72
00-0025479,Trent Edwards,QB,BUF,2008,7,30,25,13.3,0,14.38,4,0,0,0.0,,0.0,32,35,15.0,12.98,15.04
00-0025479,Trent Edwards,QB,BUF,2008,8,35,21,2.109,2,-1.235,4,0,0,0.0,,0.0,27,29,6.8,13.3,6.78
00-0025479,Trent Edwards,QB,BUF,2008,9,35,24,-6.762,5,4.527,1,0,0,0.0,,0.0,17,22,9.5,15.07,11.46
00-0025479,Trent Edwards,QB,BUF,2008,10,23,13,-6.193,2,-4.038,0,0,0,0.0,,0.0,18,20,4.8,5.72,4.8
00-0025479,Trent Edwards,QB,BUF,2008,11,26,16,-6.863,0,-6.751,3,0,0,0.0,,0.0,38,45,10.6,14.87,10.62
00-0025479,Trent Edwards,QB,BUF,2008,12,32,24,9.394,0,15.468,6,0,0,0.0,,0.0,38,36,34.7,20.32,34.72
00-0025479,Trent Edwards,QB,BUF,2008,13,21,10,0.347,0,-16.556,3,0,0,0.0,,0.0,25,24,5.0,10.52,4.98
00-0025479,Trent Edwards,QB,BUF,2008,16,25,17,9.46,1,3.64,2,0,0,0.0,,0.0,26,26,12.7,10.28,12.72
00-0025479,Trent Edwards,QB,BUF,2008,17,25,14,-8.744,2,-7.942,4,0,0,0.0,,0.0,35,32,5.1,8.54,7.12
00-0025480,Garrett Wolfe,RB,CHI,2008,3,0,0,0.0,0,,1,0,0,0.0,,0.0,37,40,3.8,0.45,3.8
00-0025480,Garrett Wolfe,RB,CHI,2008,5,0,0,0.0,0,,8,0,0,0.0,,0.0,34,39,1.5,3.47,1.5
00-0025480,Garrett Wolfe,RB,CHI,2008,11,0,0,0.0,0,,2,0,0,0.0,,0.0,20,27,1.2,1.1,1.2
00-0025480,Garrett Wolfe,RB,CHI,2008,12,0,0,0.0,0,,3,0,0,0.0,,0.0,32,34,0.5,1.47,0.5
00-0025480,Garrett Wolfe,RB,CHI,2008,13,0,0,0.0,0,,1,0,0,0.0,,0.0,26,29,-0.1,0.66,-0.1
00-0025486,Johnnie Lee Higgins,WR,LV,2008,7,0,0,0.0,0,,1,0,0,0.0,,0.0,38,41,1.8,0.72,1.8
00-0025486,Johnnie Lee Higgins,WR,LV,2008,12,0,0,0.0,0,,1,0,0,0.0,,0.0,41,39,6.9,0.72,0.9
00-0025486,Johnnie Lee Higgins,WR,LV,2008,13,0,0,0.0,0,,1,0,0,0.0,,0.0,29,29,0.7,1.82,0.7
00-0025487,Michael Bush,RB,LV,2008,2,0,0,0.0,0,,16,0,0,0.0,,0.0,47,49,13.0,7.9,13.0
00-0025487,Michael Bush,RB,LV,2008,3,0,0,0.0,0,,14,0,1,0.0,,0.0,30,34,7.0,7.62,7.0
00-0025487,Michael Bush,RB,LV,2008,4,0,0,0.0,0,,14,0,7,0.0,,0.0,23,31,19.8,18.4,19.8
00-0025487,Michael Bush,RB,LV,2008,6,0,0,0.0,0,,3,0,1,0.0,,0.0,22,23,2.3,2.83,2.3
00-0025487,Michael Bush,RB,LV,2008,8,0,0,0.0,0,,5,0,1,0.0,,0.0,19,20,2.7,6.86,2.9
00-0025487,Michael Bush,RB,LV,2008,9,0,0,0.0,0,,3,0,3,0.0,,0.0,11,12,4.3,6.03,4.3
00-0025487,Michael Bush,RB,LV,2008,10,0,0,0.0,0,,8,0,5,0.0,,0.0,36,36,12.3,10.49,12.3
00-0025487,Michael Bush,RB,LV,2008,12,1,1,1.444,0,35.207,2,0,0,0.0,,0.0,41,39,0.3,1.1,0.32
00-0025487,Michael Bush,RB,LV,2008,14,0,0,0.0,0,,2,0,0,0.0,,0.0,16,19,0.4,0.91,0.4
00-0025487,Michael Bush,RB,LV,2008,15,2,0,-2.295,0,-68.034,0,0,0,0.0,,0.0,27,30,0.0,0.45,0.0
00-0025487,Michael Bush,RB,LV,2008,17,0,0,0.0,0,,27,0,1,0.0,,0.0,35,37,31.3,16.06,31.3
00-0025494,Antonio Pittman,RB,LA,2008,2,0,0,0.0,0,,1,0,1,0.0,,0.0,16,22,1.4,2.02,1.4
00-0025494,Antonio Pittman,RB,LA,2008,8,0,0,0.0,0,,19,0,3,0.0,,0.0,26,26,13.5,12.3,13.5
00-0025494,Antonio Pittman,RB,LA,2008,9,0,0,0.0,0,,10,0,4,0.0,,0.0,20,21,6.7,10.65,6.7
00-0025494,Antonio Pittman,RB,LA,2008,10,0,0,0.0,0,,13,0,2,0.0,,0.0,21,22,8.6,13.06,8.6
00-0025494,Antonio Pittman,RB,LA,2008,11,0,0,0.0,0,,14,0,3,0.0,,0.0,23,32,12.9,10.98,12.9
00-0025494,Antonio Pittman,RB,LA,2008,12,0,0,0.0,0,,9,0,3,0.0,,0.0,19,22,4.9,8.05,4.9
00-0025494,Antonio Pittman,RB,LA,2008,13,0,0,0.0,0,,6,0,0,0.0,,0.0,30,31,2.5,2.8,2.5
00-0025494,Antonio Pittman,RB,LA,2008,14,0,0,0.0,0,,4,0,2,0.0,,0.0,25,29,8.7,4.78,8.7
00-0025494,Antonio Pittman,RB,LA,2008,17,0,0,0.0,0,,2,0,0,0.0,,0.0,37,42,1.2,0.89,1.2
00-0025529,Steve Breaston,WR,ARI,2008,2,0,0,0.0,0,,1,0,1,0.0,,0.0,31,30,3.2,2.71,3.2
00-0025529,Steve Breaston,WR,ARI,2008,12,0,0,0.0,0,,1,0,6,0.0,,0.0,15,17,15.0,9.37,15.0
00-0025533,Aundrae Allison,WR,MIN,2008,2,0,0,0.0,0,,1,0,2,0.0,0.0,0.0,35,38,5.8,5.49,5.8
00-0025535,Kolby Smith,RB,KC,2008,2,0,0,0.0,0,,1,0,4,0.0,,0.0,19,21,6.2,5.7,6.2
00-0025535,Kolby Smith,RB,KC,2008,3,0,0,0.0,0,,1,0,1,0.0,,0.0,33,36,2.5,1.7,2.5
00-0025535,Kolby Smith,RB,KC,2008,4,0,0,0.0,0,,2,0,0,0.0,,0.0,33,39,0.9,1.19,0.9
00-0025535,Kolby Smith,RB,KC,2008,7,0,0,0.0,0,,10,0,2,0.0,,0.0,17,19,4.5,10.19,4.5
00-0025535,Kolby Smith,RB,KC,2008,8,0,0,0.0,0,,11,0,2,0.0,,0.0,20,19,5.0,7.52,5.0
00-0025535,Kolby Smith,RB,KC,2008,9,0,0,0.0,0,,10,0,0,0.0,,0.0,36,30,10.6,7.9,10.6
00-0025561,Troy Smith,QB,BAL,2008,8,1,1,3.292,0,68.596,3,0,0,0.0,,0.0,46,36,3.0,2.64,3.02
00-0025561,Troy Smith,QB,BAL,2008,9,0,0,0.0,0,,1,0,0,0.0,,0.0,41,24,0.1,0.52,0.1
00-0025561,Troy Smith,QB,BAL,2008,10,1,1,3.028,0,63.483,2,0,0,0.0,,0.0,40,35,5.2,1.91,5.16
00-0025561,Troy Smith,QB,BAL,2008,13,0,0,0.0,0,,3,0,0,0.0,,0.0,43,15,0.4,0.44,0.4
00-0025561,Troy Smith,QB,BAL,2008,17,2,1,-1.428,1,-13.182,0,0,1,0.0,,0.0,34,8,5.6,2.24,5.6
00-0025592,Jordan Palmer,QB,CIN,2008,7,4,3,-0.7,0,2.595,0,0,0,0.0,,0.0,22,20,0.4,0.86,0.44
00-0025592,Jordan Palmer,QB,CIN,2008,13,2,0,-12.229,1,-66.102,0,0,0,0.0,,0.0,16,16,-2.0,0.59,-2.0
00-0025592,Jordan Palmer,QB,CIN,2008,14,6,4,-0.209,1,5.104,1,0,0,0.0,,0.0,24,23,-0.4,2.0,-0.4
00-0025602,Ben Patrick,TE,ARI,2008,17,0,0,0.0,0,,0,1,1,-5,1.0,-0.0141,19,21,2.7,6.95,2.7
00-0025604,Tyler Thigpen,QB,KC,2008,2,33,14,-6.688,3,-16.883,1,0,0,0.0,,0.0,19,21,10.6,10.92,10.64
00-0025604,Tyler Thigpen,QB,KC,2008,3,36,14,-19.743,2,-26.456,1,0,0,0.0,,0.0,33,36,4.9,10.68,4.92
00-0025604,Tyler Thigpen,QB,KC,2008,5,10,5,-6.412,1,-15.343,4,0,0,0.0,,0.0,17,17,3.1,4.62,3.08
00-0025604,Tyler Thigpen,QB,KC,2008,7,11,5,0.778,1,-13.547,3,0,0,0.0,,0.0,17,19,11.1,6.61,11.14
00-0025604,Tyler Thigpen,QB,KC,2008,8,36,25,7.087,4,8.46,4,0,0,0.0,,0.0,20,19,21.2,15.58,21.2
00-0025604,Tyler Thigpen,QB,KC,2008,9,25,14,3.274,1,-0.629,6,0,1,0.0,,0.0,36,30,23.5,22.61,23.46
00-0025604,Tyler Thigpen,QB,KC,2008,10,41,27,9.767,1,2.459,2,0,0,0.0,,0.0,18,17,25.2,16.57,25.24
00-0025604,Tyler Thigpen,QB,KC,2008,11,38,19,-1.296,4,-6.313,3,0,0,0.0,,0.0,24,22,19.9,26.92,19.9
00-0025604,Tyler Thigpen,QB,KC,2008,12,31,17,-8.08,3,-5.48,3,0,0,0.0,,0.0,13,14,18.5,13.75,18.5
00-0025604,Tyler Thigpen,QB,KC,2008,13,22,15,-1.335,1,3.525,11,0,0,0.0,,0.0,37,27,9.3,11.79,9.28
00-0025604,Tyler Thigpen,QB,KC,2008,14,32,17,1.445,1,-4.979,6,0,0,0.0,,0.0,18,16,14.9,22.15,14.88
00-0025604,Tyler Thigpen,QB,KC,2008,15,28,19,1.601,0,4.035,10,0,0,0.0,,0.0,31,24,18.8,18.63,18.52
00-0025604,Tyler Thigpen,QB,KC,2008,16,41,20,-1.361,3,-10.215,6,0,0,0.0,,0.0,21,18,26.5,21.51,26.5
00-0025604,Tyler Thigpen,QB,KC,2008,17,36,19,2.757,1,-6.197,2,0,0,0.0,,0.0,15,13,10.0,15.07,10.04
00-0025615,DeShawn Wynn,RB,GB,2008,16,0,0,0.0,0,,1,0,1,0.0,,0.0,29,30,2.1,2.11,2.1
00-0025615,DeShawn Wynn,RB,GB,2008,17,0,0,0.0,0,,7,0,1,0.0,,0.0,27,30,19.2,4.88,19.2
00-0025622,Chansi Stuckey,WR,NYJ,2008,6,0,0,0.0,0,,1,0,0,0.0,,0.0,27,31,0.1,0.77,0.1
00-0025633,Kenneth Darby,RB,LA,2008,10,0,0,0.0,0,,4,0,0,0.0,,0.0,21,22,1.2,1.86,1.2
00-0025633,Kenneth Darby,RB,LA,2008,11,0,0,0.0,0,,7,0,8,0.0,,0.0,23,32,18.9,13.82,18.9
00-0025633,Kenneth Darby,RB,LA,2008,12,0,0,0.0,0,,7,0,3,0.0,,0.0,19,22,6.9,7.45,6.9
00-0025633,Kenneth Darby,RB,LA,2008,13,0,0,0.0,0,,2,0,1,0.0,,0.0,30,31,2.3,2.34,2.3
00-0025633,Kenneth Darby,RB,LA,2008,15,0,0,0.0,0,,4,0,0,0.0,,0.0,31,32,2.9,1.76,2.9
00-0025633,Kenneth Darby,RB,LA,2008,16,0,0,0.0,0,,5,0,5,0.0,0.0,0.0,39,44,12.2,9.14,12.2
00-0025633,Kenneth Darby,RB,LA,2008,17,0,0,0.0,0,,3,0,2,0.0,,0.0,37,42,4.9,4.05,4.9
00-0025636,Derek Stanley,WR,LA,2008,15,0,0,0.0,0,,1,0,0,0.0,,0.0,31,32,-2.0,0.79,-2.0
00-0025637,Ahmad Bradshaw,RB,NYG,2008,2,0,0,0.0,0,,5,0,1,0.0,,0.0,31,31,20.0,3.95,20.0
00-0025637,Ahmad Bradshaw,RB,NYG,2008,3,0,0,0.0,0,,2,0,1,0.0,,0.0,25,29,1.7,3.17,1.7
00-0025637,Ahmad Bradshaw,RB,NYG,2008,5,0,0,0.0,0,,11,0,0,0.0,,0.0,36,36,6.5,5.56,6.5
00-0025637,Ahmad Bradshaw,RB,NYG,2008,7,0,0,0.0,0,,8,0,1,0.0,,0.0,32,34,4.3,5.76,4.3
00-0025637,Ahmad Bradshaw,RB,NYG,2008,9,0,0,0.0,0,,5,0,0,0.0,,0.0,34,36,2.0,2.2,2.0
00-0025637,Ahmad Bradshaw,RB,NYG,2008,10,0,0,0.0,0,,5,0,0,0.0,,0.0,45,47,3.8,3.21,3.8
00-0025637,Ahmad Bradshaw,RB,NYG,2008,11,0,0,0.0,0,,9,0,0,0.0,,0.0,33,35,9.6,7.71,9.6
00-0025637,Ahmad Bradshaw,RB,NYG,2008,12,0,0,0.0,0,,4,0,0,0.0,,0.0,27,28,0.9,2.48,0.9
00-0025637,Ahmad Bradshaw,RB,NYG,2008,14,0,0,0.0,0,,5,0,0,0.0,,0.0,24,24,0.9,2.42,0.9
00-0025637,Ahmad Bradshaw,RB,NYG,2008,15,0,0,0.0,0,,3,0,1,0.0,,0.0,17,19,3.4,2.9,3.4
00-0025637,Ahmad Bradshaw,RB,NYG,2008,17,0,0,0.0,0,,10,0,1,0.0,,0.0,30,30,3.6,6.39,3.6
00-0025860,BenJarvus Green-Ellis,RB,NE,2008,7,0,0,0.0,0,,13,0,0,0.0,,0.0,38,36,12.5,8.22,12.5
00-0025860,BenJarvus Green-Ellis,RB,NE,2008,8,0,0,0.0,0,,9,0,0,0.0,,0.0,29,26,7.6,6.46,7.6
00-0025860,BenJarvus Green-Ellis,RB,NE,2008,9,0,0,0.0,0,,15,0,1,0.0,,0.0,32,31,13.5,8.39,13.5
00-0025860,BenJarvus Green-Ellis,RB,NE,2008,10,0,0,0.0,0,,26,0,0,0.0,,0.0,43,32,16.5,15.04,16.5
00-0025860,BenJarvus Green-Ellis,RB,NE,2008,11,0,0,0.0,0,,2,0,0,0.0,,0.0,25,19,0.9,0.89,0.9
00-0025860,BenJarvus Green-Ellis,RB,NE,2008,12,0,0,0.0,0,,7,0,0,0.0,,0.0,25,31,8.0,6.28,8.0
00-0025860,BenJarvus Green-Ellis,RB,NE,2008,13,0,0,0.0,0,,2,0,1,0.0,0.0,0.0,20,27,3.3,2.42,3.3
00-0025913,James Johnson,RB,CIN,2008,14,0,0,0.0,0,,3,0,0,0.0,,0.0,24,23,0.4,1.46,0.4
00-0025913,James Johnson,RB,CIN,2008,16,0,0,0.0,0,,3,0,3,0.0,,0.0,46,44,6.7,5.4,6.7
00-0025913,James Johnson,RB,CIN,2008,17,0,0,0.0,0,,3,0,3,0.0,,0.0,39,33,6.5,5.65,6.5
00-0025997,Chad Simpson,RB,IND,2008,7,0,0,0.0,0,,2,0,0,0.0,,0.0,23,26,0.1,0.94,0.1
00-0025997,Chad Simpson,RB,IND,2008,8,0,0,0.0,0,,4,0,2,0.0,,0.0,22,31,6.7,4.4,6.7
00-0025997,Chad Simpson,RB,IND,2008,15,0,0,0.0,0,,7,0,1,0.0,,0.0,29,32,9.3,7.15,9.3
00-0025997,Chad Simpson,RB,IND,2008,16,0,0,0.0,0,,2,0,0,0.0,,0.0,18,22,0.4,1.1,0.4
00-0026000,Davone Bess,WR,MIA,2008,2,0,0,0.0,0,,1,0,2,0.0,,0.0,24,26,4.6,3.38,4.6
00-0026029,Kregg Lumpkin,RB,GB,2008,2,0,0,0.0,0,,1,0,3,0.0,,0.0,30,27,7.1,5.44,7.1
00-0026113,Clifton Smith,RB,TB,2008,9,0,0,0.0,0,,3,0,1,0.0,,0.0,25,31,7.0,3.01,1.0
00-0026113,Clifton Smith,RB,TB,2008,11,0,0,0.0,0,,4,0,1,0.0,,0.0,33,30,1.0,4.12,1.0
00-0026113,Clifton Smith,RB,TB,2008,16,0,0,0.0,0,,1,0,1,0.0,,0.0,27,23,2.1,1.87,2.1
00-0026143,Matt Ryan,QB,ATL,2008,1,13,9,5.707,1,4.94,5,0,0,0.0,,0.0,42,39,10.2,4.64,10.24
00-0026143,Matt Ryan,QB,ATL,2008,2,33,13,-9.817,4,-14.789,6,0,0,0.0,,0.0,28,22,3.3,15.87,3.32
00-0026143,Matt Ryan,QB,ATL,2008,3,18,12,6.579,0,1.653,1,0,0,0.0,,0.0,36,35,13.2,8.4,13.18
00-0026143,Matt Ryan,QB,ATL,2008,4,41,21,-14.239,2,-11.472,2,0,0,0.0,,0.0,23,26,7.4,11.64,7.42
00-0026143,Matt Ryan,QB,ATL,2008,5,26,16,6.822,0,6.756,4,0,0,0.0,,0.0,36,33,15.4,13.39,15.36
00-0026143,Matt Ryan,QB,ATL,2008,6,30,22,19.128,0,11.199,1,0,0,0.0,,0.0,30,29,16.1,13.79,16.14
00-0026143,Matt Ryan,QB,ATL,2008,8,44,23,0.866,2,-6.448,1,0,0,0.0,,0.0,24,26,15.5,16.81,15.48
00-0026143,Matt Ryan,QB,ATL,2008,9,22,17,9.22,3,18.664,4,0,0,0.0,,0.0,57,46,14.9,10.65,16.9
00-0026143,Matt Ryan,QB,ATL,2008,10,23,16,11.499,0,8.743,2,0,0,0.0,,0.0,36,36,17.7,14.86,17.72
00-0026143,Matt Ryan,QB,ATL,2008,11,33,20,9.16,0,-1.204,5,0,0,0.0,,0.0,35,32,9.8,16.4,9.8
00-0026143,Matt Ryan,QB,ATL,2008,12,27,17,12.534,1,-0.988,3,0,0,0.0,,0.0,33,29,10.6,17.36,10.56
00-0026143,Matt Ryan,QB,ATL,2008,13,23,17,15.646,0,21.588,4,0,0,0.0,,0.0,43,37,16.0,15.44,15.98
00-0026143,Matt Ryan,QB,ATL,2008,14,33,24,14.722,0,15.331,4,0,0,0.0,,0.0,30,27,23.9,22.13,23.9
00-0026143,Matt Ryan,QB,ATL,2008,15,23,15,1.792,1,3.935,6,0,0,0.0,,0.0,43,40,6.1,15.98,6.14
00-0026143,Matt Ryan,QB,ATL,2008,16,24,13,0.34,2,-6.524,3,0,0,0.0,,0.0,32,27,9.6,15.89,9.56
00-0026143,Matt Ryan,QB,ATL,2008,17,21,10,-7.937,1,-16.046,4,0,0,0.0,,0.0,32,29,6.3,11.16,6.3
00-0026144,Darren McFadden,RB,LV,2008,1,0,0,0.0,0,,9,0,1,0.0,,0.0,31,33,6.7,5.76,6.7
00-0026144,Darren McFadden,RB,LV,2008,2,0,0,0.0,0,,21,0,1,0.0,,0.0,47,49,22.3,11.76,22.3
00-0026144,Darren McFadden,RB,LV,2008,3,0,0,0.0,0,,14,0,3,0.0,,0.0,30,34,7.8,10.73,7.8
00-0026144,Darren McFadden,RB,LV,2008,4,0,0,0.0,0,,7,0,2,0.0,,0.0,23,31,5.7,6.41,5.7
00-0026144,Darren McFadden,RB,LV,2008,6,0,0,0.0,0,,8,0,0,0.0,,0.0,22,23,3.0,3.64,3.0
00-0026144,Darren McFadden,RB,LV,2008,7,0,0,0.0,0,,8,0,3,0.0,,0.0,38,41,11.9,8.31,11.9
00-0026144,Darren McFadden,RB,LV,2008,11,0,0,-1.094,1,,3,0,2,0.0,,0.0,20,22,3.4,3.91,3.4
00-0026144,Darren McFadden,RB,LV,2008,12,0,0,0.0,0,,10,0,2,0.0,,0.0,41,39,19.2,13.22,19.2
00-0026144,Darren McFadden,RB,LV,2008,13,0,0,0.0,0,,7,0,3,0.0,,0.0,29,29,9.3,8.23,7.7
00-0026144,Darren McFadden,RB,LV,2008,14,0,0,0.0,0,,1,0,2,0.0,,0.0,16,19,2.8,3.24,2.8
00-0026144,Darren McFadden,RB,LV,2008,15,0,0,0.0,0,,12,0,3,0.0,,0.0,27,30,20.4,9.71,20.4
00-0026144,Darren McFadden,RB,LV,2008,16,0,0,0.0,0,,12,0,5,0.0,,0.0,34,40,13.7,13.87,13.7
00-0026144,Darren McFadden,RB,LV,2008,17,0,0,0.0,0,,1,0,2,0.0,,0.0,35,37,3.2,3.17,3.2
00-0026153,Jonathan Stewart,RB,CAR,2008,1,0,0,0.0,0,,10,0,0,0.0,0.0,0.0,29,30,5.3,4.23,5.3
00-0026153,Jonathan Stewart,RB,CAR,2008,2,0,0,0.0,0,,14,0,0,0.0,,0.0,31,27,19.7,9.69,19.7
00-0026153,Jonathan Stewart,RB,CAR,2008,3,0,0,0.0,0,,7,0,0,0.0,,0.0,20,21,7.5,5.29,7.5
00-0026153,Jonathan Stewart,RB,CAR,2008,4,0,0,0.0,0,,14,0,0,0.0,,0.0,33,32,11.2,7.85,11.2
00-0026153,Jonathan Stewart,RB,CAR,2008,5,0,0,0.0,0,,19,0,1,0.0,,0.0,48,48,7.0,11.11,7.0
00-0026153,Jonathan Stewart,RB,CAR,2008,6,0,0,0.0,0,,6,0,1,0.0,,0.0,20,20,2.3,7.42,2.3
00-0026153,Jonathan Stewart,RB,CAR,2008,7,0,0,0.0,0,,17,0,1,0.0,,0.0,37,37,14.1,10.21,14.1
00-0026153,Jonathan Stewart,RB,CAR,2008,8,0,0,0.0,0,,8,0,1,0.0,,0.0,29,28,2.0,6.22,2.0
00-0026153,Jonathan Stewart,RB,CAR,2008,10,0,0,0.0,0,,7,0,0,0.0,,0.0,28,27,2.1,3.29,2.1
00-0026153,Jonathan Stewart,RB,CAR,2008,11,0,0,0.0,0,,15,0,1,0.0,,0.0,32,30,20.4,8.42,20.4
00-0026153,Jonathan Stewart,RB,CAR,2008,12,0,0,0.0,0,,5,0,0,0.0,,0.0,26,26,1.5,4.81,1.5
00-0026153,Jonathan Stewart,RB,CAR,2008,13,0,0,0.0,0,,4,0,1,0.0,,0.0,27,30,7.1,3.17,7.1
00-0026153,Jonathan Stewart,RB,CAR,2008,14,0,0,0.0,0,,15,0,0,0.0,,0.0,37,35,23.5,10.49,23.5
00-0026153,Jonathan Stewart,RB,CAR,2008,15,0,0,0.0,0,,16,0,0,0.0,,0.0,30,31,11.2,9.31,11.2
00-0026153,Jonathan Stewart,RB,CAR,2008,16,0,0,0.0,0,,9,0,2,0.0,,0.0,35,35,7.7,6.3,7.7
00-0026153,Jonathan Stewart,RB,CAR,2008,17,0,0,0.0,0,,17,0,0,0.0,,0.0,42,42,11.6,10.9,11.6
00-0026158,Joe Flacco,QB,BAL,2008,1,29,15,-2.358,0,-13.327,4,0,0,0.0,,0.0,46,25,14.9,10.37,14.86
00-0026158,Joe Flacco,QB,BAL,2008,3,19,13,-5.67,1,6.458,6,0,0,0.0,,0.0,44,21,1.0,8.69,0.96
00-0026158,Joe Flacco,QB,BAL,2008,4,31,16,-5.954,5,-3.67,2,0,0,0.0,,0.0,33,17,9.6,13.4,11.58
00-0026158,Joe Flacco,QB,BAL,2008,5,27,18,-2.065,0,0.705,2,0,0,0.0,,0.0,38,23,2.5,7.9,2.52
00-0026158,Joe Flacco,QB,BAL,2008,6,38,28,-12.348,4,4.44,3,0,0,0.0,,0.0,19,25,4.8,8.93,4.84
00-0026158,Joe Flacco,QB,BAL,2008,7,23,17,14.716,3,13.649,2,0,0,0.0,,0.0,35,30,13.6,10.46,13.58
00-0026158,Joe Flacco,QB,BAL,2008,8,24,12,-0.574,0,-14.007,4,0,1,0.0,,0.0,46,36,23.2,11.91,23.2
00-0026158,Joe Flacco,QB,BAL,2008,9,29,17,14.103,2,1.816,4,0,0,0.0,,0.0,41,24,18.1,13.07,18.12
00-0026158,Joe Flacco,QB,BAL,2008,10,23,15,3.046,3,9.893,2,0,0,0.0,,0.0,40,35,18.2,15.89,18.2
00-0026158,Joe Flacco,QB,BAL,2008,11,33,20,-11.563,1,-3.642,6,0,0,0.0,,0.0,26,23,12.3,12.96,12.26
00-0026158,Joe Flacco,QB,BAL,2008,12,26,12,-1.042,3,-19.818,5,0,0,0.0,0.0,0.0,40,18,15.6,10.59,15.62
00-0026158,Joe Flacco,QB,BAL,2008,13,29,19,14.362,2,9.232,3,0,0,0.0,,0.0,43,15,20.7,14.85,20.7
00-0026158,Joe Flacco,QB,BAL,2008,14,21,10,-0.638,0,-10.515,4,0,0,0.0,,0.0,39,17,8.5,9.44,8.46
00-0026158,Joe Flacco,QB,BAL,2008,15,28,11,-12.919,2,-18.106,1,0,0,0.0,,0.0,31,8,1.1,9.97,1.1
00-0026158,Joe Flacco,QB,BAL,2008,16,25,17,-5.47,5,8.851,4,0,0,0.0,,0.0,36,11,8.4,11.47,10.36
00-0026158,Joe Flacco,QB,BAL,2008,17,23,17,9.099,2,15.554,0,0,0,0.0,,0.0,34,8,11.9,10.39,11.88
00-0026162,Felix Jones,RB,DAL,2008,1,0,0,0.0,0,,9,0,0,0.0,,0.0,31,34,12.2,4.77,12.2
00-0026162,Felix Jones,RB,DAL,2008,2,0,0,0.0,0,,3,0,0,0.0,,0.0,24,25,7.0,1.45,1.0
00-0026162,Felix Jones,RB,DAL,2008,3,0,0,0.0,0,,6,0,1,0.0,,0.0,35,38,14.9,4.62,14.9
00-0026162,Felix Jones,RB,DAL,2008,5,0,0,0.0,0,,9,0,1,0.0,,0.0,38,35,17.3,6.63,17.3
00-0026162,Felix Jones,RB,DAL,2008,6,0,0,0.0,0,,3,0,0,0.0,,0.0,22,31,2.2,1.43,2.2
00-0026163,Rashard Mendenhall,RB,PIT,2008,1,0,0,0.0,0,,10,0,0,0.0,,0.0,39,36,2.8,5.19,2.8
00-0026163,Rashard Mendenhall,RB,PIT,2008,4,0,0,0.0,0,,9,0,1,0.0,,0.0,28,30,4.6,5.76,4.6
00-0026164,Chris Johnson,RB,TEN,2008,1,0,0,0.0,0,,15,0,3,0.0,,0.0,32,33,21.7,12.63,21.7
00-0026164,Chris Johnson,RB,TEN,2008,2,0,0,0.0,0,,19,0,2,0.0,,0.0,41,39,14.1,11.62,14.1
00-0026164,Chris Johnson,RB,TEN,2008,3,0,0,0.0,0,,16,0,2,0.0,,0.0,36,34,9.9,11.71,9.9
00-0026164,Chris Johnson,RB,TEN,2008,4,0,0,0.0,0,,17,0,3,0.0,,0.0,34,31,22.5,19.45,22.5
00-0026164,Chris Johnson,RB,TEN,2008,5,0,0,0.0,0,,18,0,2,0.0,,0.0,22,24,6.8,10.97,6.8
00-0026164,Chris Johnson,RB,TEN,2008,7,0,0,0.0,0,,18,0,2,0.0,,0.0,40,40,25.2,11.56,25.2
00-0026164,Chris Johnson,RB,TEN,2008,8,0,0,0.0,0,,19,0,4,0.0,,0.0,31,34,19.6,15.68,19.6
00-0026164,Chris Johnson,RB,TEN,2008,9,0,0,0.0,0,,24,0,6,0.0,,0.0,36,38,28.1,22.93,28.1
00-0026164,Chris Johnson,RB,TEN,2008,10,0,0,0.0,0,,14,0,2,0.0,,0.0,29,27,4.3,10.0,4.3
00-0026164,Chris Johnson,RB,TEN,2008,11,0,0,0.0,0,,17,0,4,0.0,,0.0,33,35,12.8,13.35,12.8
00-0026164,Chris Johnson,RB,TEN,2008,12,0,0,0.0,0,,10,0,3,0.0,,0.0,11,17,7.1,8.62,7.1
00-0026164,Chris Johnson,RB,TEN,2008,13,0,0,0.0,0,,16,0,2,0.0,,0.0,46,44,27.4,14.38,27.4
00-0026164,Chris Johnson,RB,TEN,2008,14,0,0,0.0,0,,19,0,4,0.0,,0.0,43,48,26.6,15.46,26.6
00-0026164,Chris Johnson,RB,TEN,2008,15,0,0,0.0,0,,13,0,2,0.0,0.0,0.0,24,23,8.7,9.64,8.7
00-0026164,Chris Johnson,RB,TEN,2008,16,0,0,0.0,0,,16,0,2,0.0,,0.0,31,33,15.0,10.04,15.0
00-0026170,Dustin Keller,TE,NYJ,2008,17,0,0,0.0,0,,0,1,2,18,1.0,0.0504,21,27,4.4,12.29,4.4
00-0026173,Donnie Avery,WR,LA,2008,4,0,0,0.0,0,,1,0,3,0.0,,0.0,29,31,14.9,5.29,14.9
00-0026173,Donnie Avery,WR,LA,2008,6,0,0,0.0,0,,1,0,4,0.0,,0.0,26,28,10.8,6.33,10.8
00-0026173,Donnie Avery,WR,LA,2008,7,0,0,0.0,0,,1,0,5,0.0,,0.0,35,34,18.2,10.06,18.2
00-0026173,Donnie Avery,WR,LA,2008,8,0,0,0.0,0,,1,0,6,0.0,,0.0,26,26,28.2,10.04,28.2
00-0026173,Donnie Avery,WR,LA,2008,10,0,0,0.0,0,,1,0,2,0.0,,0.0,21,22,6.2,3.18,6.2
00-0026173,Donnie Avery,WR,LA,2008,12,0,0,0.0,0,,1,0,1,0.0,,0.0,19,22,1.9,2.5,1.9
00-0026173,Donnie Avery,WR,LA,2008,13,0,0,0.0,0,,1,0,0,0.0,,0.0,30,31,0.2,0.68,0.2
00-0026173,Donnie Avery,WR,LA,2008,15,0,0,0.0,0,,2,0,6,0.0,,0.0,31,32,13.2,10.76,13.2
00-0026174,Devin Thomas,WR,WAS,2008,3,0,0,0.0,0,,1,0,1,0.0,,0.0,31,27,3.3,2.04,3.3
00-0026174,Devin Thomas,WR,WAS,2008,13,0,0,0.0,0,,1,0,0,0.0,,0.0,18,17,8.9,0.65,8.9
00-0026174,Devin Thomas,WR,WAS,2008,15,0,0,0.0,0,,1,0,0,0.0,,0.0,32,28,0.8,0.79,0.8
00-0026182,Eddie Royal,WR,DEN,2008,1,1,0,-0.474,0,,2,0,9,0.0,,0.0,34,28,30.5,16.46,30.5
00-0026182,Eddie Royal,WR,DEN,2008,3,0,0,0.0,0,,1,0,4,0.0,,0.0,24,24,5.7,6.93,5.7
00-0026182,Eddie Royal,WR,DEN,2008,11,0,0,0.0,0,,3,0,4,0.0,,0.0,25,24,8.1,8.28,8.1
00-0026182,Eddie Royal,WR,DEN,2008,12,0,0,0.0,0,,1,0,2,0.0,,0.0,28,26,3.7,3.5,3.7
00-0026182,Eddie Royal,WR,DEN,2008,14,0,0,0.0,0,,3,0,6,0.0,,0.0,30,22,11.5,10.97,11.5
00-0026182,Eddie Royal,WR,DEN,2008,16,0,0,0.0,0,,1,0,5,0.0,,0.0,27,19,17.8,8.65,17.8
00-0026184,Matt Forte,RB,CHI,2008,1,0,0,0.0,0,,23,0,3,0.0,,0.0,39,41,23.1,16.77,23.1
00-0026184,Matt Forte,RB,CHI,2008,2,0,0,0.0,0,,23,0,3,0.0,,0.0,29,32,14.3,14.38,14.3
00-0026184,Matt Forte,RB,CHI,2008,3,0,0,0.0,0,,27,0,7,0.0,,0.0,37,40,28.5,28.33,28.5
00-0026184,Matt Forte,RB,CHI,2008,4,0,0,0.0,0,,19,0,5,0.0,,0.0,26,29,13.5,15.95,13.5
00-0026184,Matt Forte,RB,CHI,2008,5,0,0,0.0,0,,15,0,4,0.0,,0.0,34,39,22.1,17.83,22.1
00-0026184,Matt Forte,RB,CHI,2008,6,0,0,0.0,0,,20,0,5,0.0,,0.0,23,28,22.0,21.99,22.0
00-0026184,Matt Forte,RB,CHI,2008,7,0,0,0.0,0,,20,0,2,0.0,,0.0,22,24,15.3,16.9,15.3
00-0026184,Matt Forte,RB,CHI,2008,9,0,0,0.0,0,,22,0,1,0.0,,0.0,30,27,14.1,11.74,14.1
00-0026184,Matt Forte,RB,CHI,2008,10,0,0,0.0,0,,20,0,7,0.0,,0.0,24,30,25.6,19.37,25.6
00-0026184,Matt Forte,RB,CHI,2008,11,0,0,0.0,0,,16,0,6,0.0,,0.0,20,27,16.4,15.53,16.4
00-0026184,Matt Forte,RB,CHI,2008,12,0,0,0.0,0,,20,0,2,0.0,,0.0,32,34,26.6,12.89,26.6
00-0026184,Matt Forte,RB,CHI,2008,13,0,0,0.0,0,,22,0,4,0.0,,0.0,26,29,22.5,23.87,22.5
00-0026184,Matt Forte,RB,CHI,2008,14,0,0,0.0,0,,21,0,5,0.0,,0.0,26,29,15.6,19.9,15.6
00-0026184,Matt Forte,RB,CHI,2008,15,0,0,0.0,0,,11,0,5,0.0,0.0,0.0,20,23,17.3,16.38,17.3
00-0026184,Matt Forte,RB,CHI,2008,16,0,0,0.0,0,,23,0,2,0.0,,0.0,26,27,18.1,19.05,18.1
00-0026184,Matt Forte,RB,CHI,2008,17,0,0,0.0,0,,13,0,3,0.0,,0.0,18,21,10.5,10.55,10.5
00-0026188,Fred Davis,TE,WAS,2008,7,0,0,0.0,0,,1,0,0,0.0,,0.0,36,35,-0.3,0.7,-0.3
00-0026189,DeSean Jackson,WR,PHI,2008,3,0,0,0.0,0,,1,0,5,0.0,,0.0,23,30,9.1,8.28,9.1
00-0026189,DeSean Jackson,WR,PHI,2008,4,0,0,0.0,0,,2,0,5,0.0,,0.0,23,24,21.6,9.84,21.6
00-0026189,DeSean Jackson,WR,PHI,2008,5,0,0,0.0,0,,2,0,1,0.0,,0.0,18,22,9.1,4.48,3.1
00-0026189,DeSean Jackson,WR,PHI,2008,6,0,0,0.0,0,,1,0,6,0.0,0.0,0.0,21,26,15.9,22.82,15.9
00-0026189,DeSean Jackson,WR,PHI,2008,9,0,0,0.0,0,,1,0,2,0.0,,0.0,28,32,4.3,3.4,4.3
00-0026189,DeSean Jackson,WR,PHI,2008,10,0,0,0.0,0,,3,0,4,0.0,,0.0,21,18,18.5,8.42,18.5
00-0026189,DeSean Jackson,WR,PHI,2008,11,0,0,0.0,0,,2,0,4,0.0,,0.0,18,19,10.9,6.94,10.9
00-0026189,DeSean Jackson,WR,PHI,2008,12,0,0,0.0,0,,1,0,5,0.0,,0.0,21,18,10.9,14.58,10.9
00-0026189,DeSean Jackson,WR,PHI,2008,13,0,0,0.0,0,,1,0,6,0.0,,0.0,40,35,20.2,11.95,20.2
00-0026189,DeSean Jackson,WR,PHI,2008,14,0,0,0.0,0,,2,0,0,0.0,,0.0,41,41,-0.9,1.44,-0.9
00-0026189,DeSean Jackson,WR,PHI,2008,15,1,0,-4.552,0,-41.878,0,0,5,0.0,,0.0,33,34,10.7,13.54,10.7
00-0026189,DeSean Jackson,WR,PHI,2008,16,0,0,0.0,0,,1,0,2,0.0,,0.0,16,21,4.1,2.74,4.1
00-0026195,Ray Rice,RB,BAL,2008,1,0,0,0.0,0,,22,0,3,0.0,,0.0,46,25,9.3,15.6,9.3
00-0026195,Ray Rice,RB,BAL,2008,3,0,0,0.0,0,,5,0,0,0.0,,0.0,44,21,2.1,2.46,2.1
00-0026195,Ray Rice,RB,BAL,2008,4,0,0,0.0,0,,1,0,0,0.0,,0.0,33,17,0.0,0.52,0.0
00-0026195,Ray Rice,RB,BAL,2008,6,0,0,0.0,0,,6,0,7,0.0,,0.0,19,25,15.7,12.09,15.7
00-0026195,Ray Rice,RB,BAL,2008,7,0,0,0.0,0,,7,0,2,0.0,,0.0,35,30,7.9,5.51,7.9
00-0026195,Ray Rice,RB,BAL,2008,8,0,0,0.0,0,,8,0,3,0.0,,0.0,46,36,13.1,9.18,11.2
00-0026195,Ray Rice,RB,BAL,2008,9,0,0,0.0,0,,21,0,3,0.0,,0.0,41,24,20.6,13.32,20.6
00-0026195,Ray Rice,RB,BAL,2008,10,0,0,0.0,0,,7,0,2,0.0,,0.0,40,35,3.9,6.16,3.9
00-0026195,Ray Rice,RB,BAL,2008,11,0,0,0.0,0,,8,0,4,0.0,,0.0,26,23,7.7,8.98,7.7
00-0026195,Ray Rice,RB,BAL,2008,12,0,0,0.0,0,,8,0,3,0.0,0.0,0.0,40,18,7.9,12.43,7.9
00-0026195,Ray Rice,RB,BAL,2008,13,0,0,0.0,0,,11,0,4,0.0,,0.0,43,15,9.5,11.64,9.5
00-0026195,Ray Rice,RB,BAL,2008,14,0,0,0.0,0,,3,0,2,0.0,,0.0,39,17,6.0,4.69,6.0
00-0026197,Chad Henne,QB,MIA,2008,2,12,7,3.131,0,-2.589,0,0,0,0.0,,0.0,24,26,2.7,5.93,2.68
00-0026204,Kevin Smith,RB,DET,2008,1,0,0,0.0,0,,16,0,4,0.0,,0.0,21,23,18.0,15.06,18.0
00-0026204,Kevin Smith,RB,DET,2008,2,0,0,0.0,0,,10,0,4,0.0,,0.0,12,15,10.1,10.41,10.1
00-0026204,Kevin Smith,RB,DET,2008,3,0,0,0.0,0,,3,0,0,0.0,,0.0,20,20,1.4,1.27,1.4
00-0026204,Kevin Smith,RB,DET,2008,5,0,0,0.0,0,,8,0,4,0.0,,0.0,13,20,15.6,9.95,15.6
00-0026204,Kevin Smith,RB,DET,2008,6,0,0,0.0,0,,5,0,2,0.0,,0.0,24,25,9.3,4.71,9.3
00-0026204,Kevin Smith,RB,DET,2008,7,0,0,0.0,0,,10,0,1,0.0,,0.0,19,17,13.8,6.07,13.8
00-0026204,Kevin Smith,RB,DET,2008,8,0,0,0.0,0,,4,0,7,0.0,,0.0,15,20,13.2,11.57,13.2
00-0026204,Kevin Smith,RB,DET,2008,9,0,0,0.0,0,,14,0,2,0.0,,0.0,26,26,13.3,12.85,13.3
00-0026204,Kevin Smith,RB,DET,2008,10,0,0,0.0,0,,23,0,1,0.0,,0.0,27,26,19.3,21.64,19.3
00-0026204,Kevin Smith,RB,DET,2008,11,0,0,0.0,0,,24,0,2,0.0,,0.0,34,32,15.5,15.5,15.5
00-0026204,Kevin Smith,RB,DET,2008,12,0,0,0.0,0,,16,0,0,0.0,,0.0,22,22,8.6,7.48,8.6
00-0026204,Kevin Smith,RB,DET,2008,13,0,0,0.0,0,,12,0,1,0.0,,0.0,14,15,4.1,9.41,4.1
00-0026204,Kevin Smith,RB,DET,2008,14,0,0,0.0,0,,22,0,2,0.0,,0.0,27,27,11.0,14.03,11.0
00-0026204,Kevin Smith,RB,DET,2008,15,0,0,0.0,0,,20,0,6,0.0,,0.0,22,28,21.9,20.08,21.9
00-0026204,Kevin Smith,RB,DET,2008,16,0,0,0.0,0,,24,0,0,0.0,,0.0,27,25,17.1,17.07,17.1
00-0026204,Kevin Smith,RB,DET,2008,17,0,0,0.0,0,,28,0,3,0.0,,0.0,29,33,18.9,17.6,18.9
00-0026209,Jacob Hester,RB,LAC,2008,3,0,0,0.0,0,,1,0,0,0.0,,0.0,35,37,0.3,0.62,0.3
00-0026209,Jacob Hester,RB,LAC,2008,6,0,0,0.0,0,,1,0,0,0.0,,0.0,28,27,-2.0,0.42,-2.0
00-0026209,Jacob Hester,RB,LAC,2008,13,0,0,0.0,0,,1,0,3,0.0,,0.0,19,23,7.7,5.01,7.7
00-0026209,Jacob Hester,RB,LAC,2008,14,0,0,0.0,0,,7,0,1,0.0,,0.0,46,45,4.1,5.26,4.1
00-0026209,Jacob Hester,RB,LAC,2008,15,0,0,0.0,0,,1,0,3,0.0,,0.0,19,29,6.3,4.79,6.3
00-0026209,Jacob Hester,RB,LAC,2008,17,0,0,0.0,0,,8,0,2,0.0,,0.0,42,40,13.6,9.11,13.6
00-0026213,Jamaal Charles,RB,KC,2008,1,0,0,0.0,0,,5,0,2,0.0,,0.0,27,30,5.4,4.6,5.4
00-0026213,Jamaal Charles,RB,KC,2008,2,0,0,0.0,0,,3,0,1,0.0,,0.0,19,21,3.2,2.74,3.2
00-0026213,Jamaal Charles,RB,KC,2008,3,0,0,0.0,0,,7,0,3,0.0,,0.0,33,36,9.2,9.59,9.2
00-0026213,Jamaal Charles,RB,KC,2008,4,0,0,0.0,0,,2,0,2,0.0,,0.0,33,39,2.8,4.35,2.8
00-0026213,Jamaal Charles,RB,KC,2008,5,0,0,0.0,0,,4,0,4,0.0,,0.0,17,17,8.0,7.04,8.0
00-0026213,Jamaal Charles,RB,KC,2008,7,0,0,0.0,0,,3,0,4,0.0,,0.0,17,19,8.3,6.58,8.3
00-0026213,Jamaal Charles,RB,KC,2008,8,0,0,0.0,0,,5,0,1,0.0,,0.0,20,19,5.9,3.45,5.9
00-0026213,Jamaal Charles,RB,KC,2008,9,0,0,0.0,0,,18,0,0,0.0,,0.0,36,30,8.6,8.36,8.6
00-0026213,Jamaal Charles,RB,KC,2008,10,0,0,0.0,0,,3,0,0,0.0,,0.0,18,17,0.8,1.21,0.8
00-0026213,Jamaal Charles,RB,KC,2008,11,0,0,0.0,0,,2,0,0,0.0,,0.0,24,22,1.2,1.08,1.2
00-0026213,Jamaal Charles,RB,KC,2008,12,0,0,0.0,0,,2,0,3,0.0,,0.0,13,14,13.7,5.26,13.7
00-0026213,Jamaal Charles,RB,KC,2008,13,0,0,0.0,0,,2,0,1,0.0,,0.0,37,27,3.0,2.64,3.0
00-0026213,Jamaal Charles,RB,KC,2008,14,0,0,0.0,0,,1,0,3,0.0,,0.0,18,16,5.5,5.33,5.5
00-0026213,Jamaal Charles,RB,KC,2008,15,0,0,0.0,0,,4,0,0,0.0,,0.0,31,24,0.7,1.72,0.7
00-0026213,Jamaal Charles,RB,KC,2008,16,0,0,0.0,0,,3,0,3,0.0,,0.0,21,18,14.7,5.51,14.7
00-0026213,Jamaal Charles,RB,KC,2008,17,0,0,0.0,0,,3,0,0,0.0,,0.0,15,13,0.9,1.44,0.9
00-0026224,Harry Douglas,WR,ATL,2008,1,0,0,0.0,0,,1,0,0,0.0,,0.0,42,39,0.7,1.08,0.7
00-0026224,Harry Douglas,WR,ATL,2008,2,0,0,0.0,0,,1,0,2,0.0,,0.0,28,22,8.7,3.76,8.7
00-0026224,Harry Douglas,WR,ATL,2008,3,0,0,0.0,0,,1,0,2,0.0,,0.0,36,35,2.2,3.53,2.2
00-0026224,Harry Douglas,WR,ATL,2008,5,0,0,0.0,0,,1,0,0,0.0,,0.0,36,33,1.8,0.78,1.8
00-0026224,Harry Douglas,WR,ATL,2008,6,0,0,0.0,0,,1,0,5,0.0,,0.0,30,29,13.5,9.68,13.5
00-0026224,Harry Douglas,WR,ATL,2008,8,0,0,0.0,0,,2,0,0,0.0,,0.0,24,26,1.0,1.27,1.0
00-0026224,Harry Douglas,WR,ATL,2008,9,0,0,0.0,0,,1,0,1,0.0,,0.0,57,46,2.4,1.92,2.4
00-0026224,Harry Douglas,WR,ATL,2008,12,0,0,0.0,0,,2,0,4,0.0,,0.0,33,29,25.5,9.4,19.5
00-0026224,Harry Douglas,WR,ATL,2008,15,0,0,0.0,0,,1,0,0,0.0,,0.0,43,40,1.1,0.69,1.1
00-0026224,Harry Douglas,WR,ATL,2008,16,0,0,0.0,0,,1,0,1,0.0,,0.0,32,27,1.8,2.01,1.8
00-0026229,Steve Slaton,RB,HOU,2008,1,0,0,0.0,0,,13,0,3,0.0,,0.0,20,25,7.9,10.31,7.9
00-0026229,Steve Slaton,RB,HOU,2008,3,0,0,0.0,0,,18,0,4,0.0,,0.0,28,28,22.4,21.38,22.4
00-0026229,Steve Slaton,RB,HOU,2008,4,0,0,0.0,0,,10,0,8,0.0,,0.0,23,26,25.6,17.33,25.6
00-0026229,Steve Slaton,RB,HOU,2008,5,0,0,0.0,0,,16,0,1,0.0,,0.0,32,29,22.6,15.93,22.6
00-0026229,Steve Slaton,RB,HOU,2008,6,0,0,0.0,0,,15,0,1,0.0,,0.0,27,25,7.1,9.28,7.1
00-0026229,Steve Slaton,RB,HOU,2008,7,0,0,0.0,0,,17,0,3,0.0,,0.0,34,35,17.9,24.38,17.9
00-0026229,Steve Slaton,RB,HOU,2008,8,0,0,0.0,0,,15,0,2,0.0,,0.0,31,30,14.6,11.86,14.6
00-0026229,Steve Slaton,RB,HOU,2008,9,0,0,0.0,0,,16,0,8,0.0,,0.0,16,24,19.8,20.13,19.8
00-0026229,Steve Slaton,RB,HOU,2008,10,0,0,0.0,0,,4,0,2,0.0,,0.0,16,19,4.4,5.13,4.4
00-0026229,Steve Slaton,RB,HOU,2008,11,0,0,0.0,0,,14,0,0,0.0,,0.0,25,24,21.6,8.91,21.6
00-0026229,Steve Slaton,RB,HOU,2008,12,0,0,0.0,0,,21,0,0,0.0,,0.0,36,35,7.3,10.74,7.3
00-0026229,Steve Slaton,RB,HOU,2008,13,0,0,0.0,0,,21,0,2,0.0,,0.0,26,25,32.2,22.84,32.2
00-0026229,Steve Slaton,RB,HOU,2008,14,0,0,0.0,0,,26,0,3,0.0,,0.0,31,32,17.0,17.03,17.0
00-0026229,Steve Slaton,RB,HOU,2008,15,0,0,0.0,0,,24,0,3,0.0,,0.0,29,28,14.5,20.17,14.5
00-0026229,Steve Slaton,RB,HOU,2008,16,0,0,0.0,0,,18,0,5,0.0,,0.0,22,23,15.2,18.04,15.2
00-0026229,Steve Slaton,RB,HOU,2008,17,0,0,0.0,0,,20,0,5,0.0,,0.0,36,40,21.8,20.4,21.8
00-0026234,Kevin O'Connell,QB,NE,2008,3,4,3,-2.495,1,8.177,0,0,0,0.0,,0.0,20,19,1.0,0.87,1.0
00-0026234,Kevin O'Connell,QB,NE,2008,16,2,1,-1.988,0,-9.441,3,0,0,0.0,,0.0,42,41,-0.7,0.06,-0.68
00-0026235,Mario Manningham,WR,NYG,2008,14,0,0,0.0,0,,1,0,0,0.0,,0.0,24,24,-1.2,0.92,-1.2
00-0026237,Andre Caldwell,WR,CIN,2008,15,0,0,0.0,0,,1,0,1,0.0,,0.0,33,24,1.8,2.17,1.8
00-0026237,Andre Caldwell,WR,CIN,2008,17,0,0,0.0,0,,4,0,5,0.0,,0.0,39,33,13.3,10.31,13.3
00-0026262,Tashard Choice,RB,DAL,2008,1,0,0,0.0,0,,5,0,1,0.0,,0.0,31,34,3.8,3.59,3.8
00-0026262,Tashard Choice,RB,DAL,2008,7,0,0,0.0,0,,2,0,0,0.0,,0.0,22,21,1.3,1.03,1.3
00-0026262,Tashard Choice,RB,DAL,2008,9,0,0,0.0,0,,5,0,0,0.0,,0.0,24,25,2.7,2.49,2.7
00-0026262,Tashard Choice,RB,DAL,2008,11,0,0,0.0,0,,1,0,0,0.0,,0.0,28,31,0.6,0.44,0.6
00-0026262,Tashard Choice,RB,DAL,2008,12,0,0,0.0,0,,6,0,2,0.0,,0.0,29,34,5.2,6.06,5.2
00-0026262,Tashard Choice,RB,DAL,2008,13,0,0,0.0,0,,11,0,1,0.0,,0.0,24,23,7.3,7.01,7.3
00-0026262,Tashard Choice,RB,DAL,2008,14,0,0,0.0,0,,23,0,5,0.0,,0.0,26,28,21.6,16.89,21.6
00-0026262,Tashard Choice,RB,DAL,2008,15,0,0,0.0,0,,9,0,4,0.0,,0.0,21,23,24.3,12.24,24.3
00-0026262,Tashard Choice,RB,DAL,2008,16,0,0,0.0,0,,17,0,7,0.0,,0.0,21,27,24.5,22.18,24.5
00-0026262,Tashard Choice,RB,DAL,2008,17,0,0,0.0,0,,13,0,1,0.0,,0.0,19,19,7.4,6.93,7.4
00-0026268,Keenan Burton,WR,LA,2008,8,0,0,0.0,0,,1,0,2,0.0,,0.0,26,26,6.1,3.4,6.1
00-0026268,Keenan Burton,WR,LA,2008,16,0,0,0.0,0,,1,0,1,0.0,0.0,0.0,39,44,10.3,4.11,10.3
00-0026268,Keenan Burton,WR,LA,2008,17,0,0,0.0,0,,1,0,1,0.0,,0.0,37,42,2.3,1.99,2.3
00-0026279,Ryan Torain,RB,DEN,2008,9,0,0,0.0,0,,3,0,0,0.0,,0.0,12,21,0.1,2.14,0.1
00-0026279,Ryan Torain,RB,DEN,2008,10,0,0,0.0,0,,12,0,0,0.0,,0.0,28,21,12.8,10.77,12.8
00-0026289,Tim Hightower,RB,ARI,2008,1,0,0,0.0,0,,8,0,3,0.0,,0.0,39,37,12.4,9.58,12.4
00-0026289,Tim Hightower,RB,ARI,2008,2,0,0,0.0,0,,10,0,1,0.0,,0.0,31,30,11.4,14.75,11.4
00-0026289,Tim Hightower,RB,ARI,2008,3,0,0,0.0,0,,5,0,3,0.0,,0.0,23,28,9.1,7.27,9.1
00-0026289,Tim Hightower,RB,ARI,2008,4,0,0,0.0,0,,6,0,1,0.0,,0.0,15,21,8.8,6.42,8.8
00-0026289,Tim Hightower,RB,ARI,2008,5,0,0,0.0,0,,7,0,2,0.0,,0.0,34,39,18.5,9.32,18.5
00-0026289,Tim Hightower,RB,ARI,2008,6,0,0,0.0,0,,7,0,4,0.0,,0.0,19,22,8.9,10.19,8.9
00-0026289,Tim Hightower,RB,ARI,2008,8,0,0,0.0,0,,6,0,2,0.0,0.0,0.0,14,16,10.1,13.1,10.1
00-0026289,Tim Hightower,RB,ARI,2008,9,0,0,0.0,0,,22,0,1,0.0,,0.0,33,34,17.8,21.68,17.8
00-0026289,Tim Hightower,RB,ARI,2008,10,0,0,0.0,0,,13,0,6,0.0,,0.0,19,22,11.0,16.13,11.0
00-0026289,Tim Hightower,RB,ARI,2008,11,0,0,0.0,0,,11,0,0,0.0,,0.0,24,23,3.5,7.6,3.5
00-0026289,Tim Hightower,RB,ARI,2008,12,0,0,0.0,0,,11,0,0,0.0,,0.0,15,17,14.1,9.08,14.1
00-0026289,Tim Hightower,RB,ARI,2008,13,0,0,0.0,0,,7,0,3,0.0,,0.0,10,12,7.1,9.35,7.1
00-0026289,Tim Hightower,RB,ARI,2008,14,0,0,0.0,0,,12,0,0,0.0,,0.0,22,23,9.2,8.93,9.2
00-0026289,Tim Hightower,RB,ARI,2008,15,0,0,0.0,0,,5,0,5,0.0,,0.0,7,19,9.0,10.0,9.0
00-0026289,Tim Hightower,RB,ARI,2008,16,0,0,0.0,0,,10,0,2,0.0,,0.0,15,17,4.7,6.86,4.7
00-0026289,Tim Hightower,RB,ARI,2008,17,0,0,0.0,0,,3,0,0,0.0,0.0,0.0,19,21,0.3,2.04,0.3
00-0026296,Dennis Dixon,QB,PIT,2008,17,1,1,-0.409,0,21.705,2,0,0,0.0,,0.0,35,34,-0.2,0.05,-0.18
00-0026316,Jalen Parmele,RB,BAL,2008,17,0,0,0.0,0,,2,0,0,0.0,,0.0,34,8,2.7,0.72,2.7
00-0026319,Xavier Omon,RB,BUF,2008,16,0,0,0.0,0,,2,0,0,0.0,,0.0,26,26,0.0,4.53,0.0
00-0026319,Xavier Omon,RB,BUF,2008,17,0,0,0.0,0,,4,0,0,0.0,,0.0,35,32,0.5,2.06,0.5
00-0026342,Mike Hart,RB,IND,2008,1,0,0,0.0,0,,1,0,0,0.0,,0.0,15,20,0.7,0.56,0.7
00-0026342,Mike Hart,RB,IND,2008,6,0,0,0.0,0,,1,0,1,0.0,,0.0,30,29,3.0,1.88,3.0
00-0026349,Matt Flynn,QB,GB,2008,2,0,0,0.0,0,,2,0,0,0.0,,0.0,30,27,-0.2,-0.2,-0.2
00-0026349,Matt Flynn,QB,GB,2008,4,5,2,-4.122,0,-16.198,0,0,0,0.0,,0.0,18,20,0.2,1.0,0.24
00-0026349,Matt Flynn,QB,GB,2008,12,0,0,0.0,0,,1,0,0,0.0,,0.0,31,24,0.0,0.0,0.0
00-0026349,Matt Flynn,QB,GB,2008,16,0,0,0.0,0,,1,0,0,0.0,,0.0,29,30,0.6,0.65,0.6
00-0026353,Chauncey Washington,RB,JAX,2008,15,0,0,0.0,0,,1,0,0,0.0,,0.0,19,17,0.6,0.57,0.6
00-0026353,Chauncey Washington,RB,JAX,2008,16,0,0,0.0,0,,3,0,0,0.0,,0.0,27,31,0.3,1.38,0.3
00-0026364,Steve Johnson,WR,BUF,2008,15,0,0,0.0,0,,1,0,2,0.0,,0.0,32,37,9.9,4.84,9.9
00-0026366,Chaz Schilens,WR,LV,2008,10,0,0,0.0,0,,1,0,0,0.0,,0.0,36,36,-0.2,0.62,-0.2
00-0026367,Peyton Hillis,RB,DEN,2008,1,0,0,0.0,0,,3,0,1,0.0,,0.0,34,28,2.8,3.15,2.8
00-0026367,Peyton Hillis,RB,DEN,2008,10,0,0,0.0,0,,8,0,0,0.0,,0.0,28,21,2.4,3.2,2.4
00-0026367,Peyton Hillis,RB,DEN,2008,11,0,0,0.0,0,,10,0,3,0.0,,0.0,25,24,22.0,15.27,22.0
00-0026367,Peyton Hillis,RB,DEN,2008,12,0,0,0.0,0,,17,0,2,0.0,,0.0,28,26,17.6,12.3,17.6
00-0026367,Peyton Hillis,RB,DEN,2008,13,0,0,0.0,0,,22,0,0,0.0,,0.0,25,22,18.9,12.14,18.9
00-0026367,Peyton Hillis,RB,DEN,2008,14,0,0,0.0,0,,8,0,1,0.0,,0.0,30,22,13.9,5.24,13.9
00-0026432,Lance Ball,RB,IND,2008,17,0,0,0.0,0,,13,0,1,0.0,,0.0,27,29,9.8,10.75,9.8
00-0026453,Dantrell Savage,RB,KC,2008,5,0,0,0.0,0,,1,0,0,0.0,,0.0,17,17,0.0,0.43,0.0
00-0026453,Dantrell Savage,RB,KC,2008,9,0,0,0.0,0,,2,0,0,0.0,,0.0,36,30,0.9,1.22,0.9
00-0026453,Dantrell Savage,RB,KC,2008,10,0,0,0.0,0,,12,0,2,0.0,,0.0,18,17,6.4,7.71,6.4
